id_jugador;nombre;ataque;creacion;defensa;porteros;duelos;regates;confianza_datos;partidos_totales;minutos_totales
874;Cristiano Ronaldo;8.01;6.57;0.83;0.0;5.58;5.12;1.0;92;8027
278;Kylian Mbappé;7.81;8.57;0.27;0.0;5.97;7.67;1.0;54;4673
154;L. Messi;7.62;10.0;0.95;0.0;7.99;9.99;1.0;205;17168
759;K. Benzema;5.5;8.07;0.83;0.0;4.59;4.9;1.0;251;19731
276;Neymar;4.78;10.0;2.02;0.0;9.56;10.0;1.0;64;5709
15811;A. Dovbyk;4.7;4.37;0.17;0.0;4.23;4.29;1.0;36;2605
521;R. Lewandowski;4.53;3.07;0.55;0.0;4.7;3.8;1.0;120;9081
157;L. Suárez;4.38;4.89;0.61;0.0;4.79;3.4;1.0;231;18101
50048;V. Muriqi;3.47;3.22;0.7;0.0;7.74;3.88;1.0;129;10420
42086;Y. El-Arabi;3.39;2.93;1.91;0.0;6.36;5.46;1.0;35;2515
2059;W. Ben Yedder;3.38;5.61;1.03;0.0;4.78;4.39;1.0;91;6183
59;Álvaro Morata;3.29;2.45;0.93;0.0;6.07;4.51;1.0;143;8337
46746;A. Budimir;3.27;1.75;1.19;0.0;6.84;2.55;1.0;215;14930
6009;J. Álvarez;3.2;7.13;1.04;0.0;4.51;4.5;1.0;58;4053
9971;Antony;3.16;9.31;2.92;0.0;5.93;4.82;1.0;33;2693
1496;Raphinha;3.06;8.75;1.21;0.0;4.77;4.43;1.0;117;7134
762;Vinícius Júnior;3.05;7.89;1.28;0.0;6.78;7.41;1.0;230;15437
50856;V. Castellanos;3.03;1.78;0.66;0.0;5.42;3.36;1.0;35;2617
18907;Joselu;3.0;2.74;1.02;0.0;7.34;3.43;1.0;198;14503
129718;J. Bellingham;2.99;9.4;4.23;0.0;7.32;6.22;1.0;80;6098
1709;K. Toko Ekambi;2.96;2.88;0.75;0.0;4.88;5.48;1.0;52;3142
386828;Lamine Yamal;2.89;7.42;2.33;0.0;6.81;7.95;1.0;93;6409
897;M. Greenwood;2.78;5.44;0.55;0.0;5.71;7.26;1.0;33;2667
1323;Dani Olmo;2.75;6.56;2.1;0.0;5.47;3.25;1.0;42;2194
30515;S. Zaza;2.68;3.05;0.15;0.0;6.18;2.85;1.0;53;3454
8492;A. Sørloth;2.67;2.27;0.48;0.0;4.66;2.85;1.0;193;11667
931;Ferran Torres;2.61;3.7;0.77;0.0;4.16;3.1;1.0;203;9695
47323;Mikel Oyarzabal;2.58;4.91;1.54;0.0;5.31;4.03;1.0;337;24562
2056;Pablo Sarabia;2.51;8.39;2.58;0.0;5.43;4.43;1.0;132;9796
47422;Y. En-Nesyri;2.49;1.58;0.92;0.0;5.52;2.5;1.0;236;14017
47582;C. Hernández;2.49;5.16;2.1;0.0;6.16;4.77;1.0;114;8011
1707;Gerard Moreno;2.47;5.32;1.34;0.0;5.01;4.6;1.0;306;22371
56;A. Griezmann;2.43;5.13;1.67;0.0;4.46;3.48;1.0;372;27728
1859;Luis Alberto;2.42;5.87;2.41;0.0;5.59;4.55;1.0;29;2108
343684;T. Barry;2.42;3.42;0.51;0.0;6.58;3.8;1.0;35;2322
47445;Iago Aspas;2.38;7.1;1.03;0.0;4.68;4.52;1.0;355;27505
47237;L. Suárez;2.35;2.83;1.09;0.0;5.62;4.86;1.0;100;6939
2032;J. Strand Larsen;2.27;2.73;0.99;0.0;5.89;3.94;1.0;69;4598
47012;Rubén Castro;2.27;2.95;0.28;0.0;2.94;2.2;1.0;83;6515
91429;G. Rossi;2.24;4.79;0.62;0.0;4.11;3.78;1.0;35;1952
47294;I. Williams;2.23;4.4;1.12;0.0;5.12;3.8;1.0;371;27716
758;G. Bale;2.22;4.06;0.83;0.0;3.22;3.14;1.0;118;8137
935;Rodrigo;2.2;5.13;1.29;0.0;5.56;5.05;1.0;141;9874
2001;C. Larin;2.14;2.4;0.72;0.0;5.65;2.85;1.0;112;6554
12719;Paulinho;2.12;5.12;0.93;0.0;5.59;4.71;1.0;34;1940
182519;Alberto Moleiro;2.11;4.79;1.54;0.0;4.99;5.37;1.0;84;5874
185398;Isaac;2.1;2.8;0.79;0.0;5.09;3.15;1.0;62;4183
47394;Charles;2.08;2.94;0.49;0.0;4.81;1.4;1.0;150;8749
312990;Roberto Fernández;2.07;2.69;0.7;0.0;5.56;2.98;1.0;41;3104
746;Marco Asensio;2.03;4.99;1.16;0.0;4.48;4.98;1.0;225;12900
50940;Nani;2.02;9.45;1.08;0.0;6.72;5.34;1.0;25;1871
340626;Fermín;2.02;4.35;1.54;0.0;4.62;4.45;1.0;82;3456
934;Santi Mina;2.01;3.2;1.2;0.0;6.11;3.7;1.0;218;13133
33413;Fernando Torres;1.98;2.88;0.16;0.0;5.54;3.66;1.0;88;4070
608;L. Boyé;1.96;4.02;2.67;0.0;7.16;6.08;1.0;184;13463
2864;A. Isak;1.96;1.57;0.31;0.0;3.24;3.23;1.0;105;6167
47291;Gorka Guruzeta;1.92;2.9;1.34;0.0;5.13;2.92;1.0;122;6690
1585;Jesé;1.91;2.81;1.15;0.0;4.24;4.64;1.0;58;2767
47472;Borja Mayoral;1.89;2.0;0.75;0.0;4.22;3.19;1.0;203;12528
14405;M. Uzuni;1.87;2.18;1.18;0.0;3.89;3.17;1.0;50;3317
2522;A. Sanabria;1.86;0.8;0.89;0.0;5.64;3.63;1.0;99;6347
47349;Javi Puado;1.86;2.93;1.04;0.0;3.68;2.93;1.0;127;8619
266657;Sávio;1.85;7.45;2.37;0.0;6.97;8.23;1.0;37;2989
47319;Willian José;1.83;3.13;0.53;0.0;4.02;2.36;1.0;266;15961
47324;Sandro Ramírez;1.81;3.73;1.33;0.0;5.11;3.85;1.0;208;12360
18906;Ayoze Pérez;1.8;2.9;1.93;0.0;4.31;3.85;1.0;125;8527
47290;Aduriz;1.8;1.95;0.07;0.0;4.14;2.28;1.0;133;8520
47348;Borja Iglesias;1.8;2.23;0.4;0.0;3.16;2.39;1.0;235;13820
2737;M. Braithwaite;1.79;1.66;0.5;0.0;4.19;2.99;1.0;149;10081
47265;Jorge Molina;1.78;4.15;0.52;0.0;5.58;3.34;1.0;199;11820
13062;Léo Baptistão;1.75;2.74;2.11;0.0;5.53;3.71;1.0;163;10282
47370;Borja Bastón;1.75;1.35;1.14;0.0;4.84;2.26;1.0;83;5001
925;Gonçalo Guedes;1.74;4.38;1.25;0.0;5.31;5.14;1.0;184;12185
83;A. Danjuma;1.71;2.43;0.74;0.0;3.63;3.34;1.0;86;4754
47368;J. Calleri;1.71;2.96;1.1;0.0;8.02;4.88;1.0;123;9362
1578;G. Lo Celso;1.68;6.5;2.11;0.0;6.36;5.35;1.0;112;7081
128582;Jorge de Frutos;1.67;3.61;1.84;0.0;4.97;3.72;1.0;156;9462
183799;Nico Williams;1.65;5.85;1.48;0.0;5.85;6.34;1.0;149;9499
2182;V. Tsygankov;1.64;6.09;2.26;0.0;5.31;3.85;1.0;94;6611
46884;Carlos Carmona Bonet;1.64;6.6;3.0;0.0;6.87;3.53;1.0;45;3088
128398;Oihan Sancet;1.64;4.14;1.1;0.0;4.94;4.34;1.0;181;10436
25458;D. Lukebakio;1.63;3.36;0.61;0.0;3.42;3.65;1.0;64;4412
47181;Toni Martínez;1.63;2.05;1.08;0.0;6.55;3.59;1.0;57;2404
47013;Rafa Mir;1.62;0.69;0.61;0.0;2.6;1.09;1.0;158;8739
53;Á. Correa;1.61;3.2;1.1;0.0;4.09;3.96;1.0;342;16464
667;M. Depay;1.61;2.36;0.24;0.0;2.79;2.9;1.0;66;3141
47264;Hugo Duro;1.61;1.54;0.76;0.0;4.3;1.82;1.0;176;10460
47396;Kike García;1.61;1.95;0.57;0.0;5.15;2.89;1.0;318;17922
47543;Álvaro García;1.61;5.62;2.7;0.0;4.41;2.42;1.0;195;14213
126936;Samuel Lino;1.61;3.89;2.78;0.0;6.02;5.28;1.0;103;6550
933;K. Gameiro;1.6;2.73;0.65;0.0;3.19;2.94;1.0;176;9173
10009;Rodrygo;1.6;5.12;1.08;0.0;4.89;4.97;1.0;193;10876
147;Philippe Coutinho;1.59;2.34;1.05;0.0;3.87;4.28;1.0;76;4480
46827;Adrián  González Morales;1.59;3.76;1.94;0.0;5.75;2.81;1.0;89;6169
47499;E. Ünal;1.59;2.43;0.84;0.0;5.25;3.04;1.0;184;12598
21;Paco Alcácer;1.56;2.76;0.93;0.0;3.29;2.41;1.0;130;7323
47440;Brais Méndez;1.56;4.37;2.31;0.0;5.76;3.72;1.0;273;18099
153;O. Dembélé;1.54;7.56;1.27;0.0;5.47;6.72;1.0;127;7559
2063;André Silva;1.53;2.52;0.44;0.0;3.88;3.22;1.0;61;3689
46983;Carlos Castro García;1.53;2.42;0.2;0.0;3.56;2.75;1.0;50;2022
568;Gabriel Pires;1.52;3.74;5.76;0.0;9.63;6.15;1.0;63;5141
930;Carlos Soler;1.52;4.76;2.13;0.0;4.31;3.26;1.0;199;15140
47390;Fabián Orellana;1.51;6.24;1.59;0.0;4.75;5.15;1.0;165;13055
131546;Isi Palazón;1.51;5.63;1.78;0.0;6.11;4.96;1.0;163;11794
1375;Soldado;1.5;2.89;0.32;0.0;3.05;2.11;1.0;118;7466
2617;C. Stuani;1.5;0.8;0.46;0.0;2.86;1.01;1.0;178;8628
30510;Álex Berenguer;1.5;6.16;1.93;0.0;5.61;4.48;1.0;228;14198
47398;Pere Milla;1.5;2.62;1.66;0.0;4.39;2.7;1.0;158;7687
358628;Samu;1.5;1.43;0.58;0.0;3.07;2.18;1.0;36;2003
40487;S. Šćepović;1.48;2.71;0.66;0.0;4.32;1.62;1.0;34;1808
6997;Oriol Riera;1.45;3.53;0.33;0.0;6.09;2.91;1.0;44;2253
1570;Sergio Canales;1.44;8.72;1.64;0.0;5.16;5.4;1.0;247;17357
32862;T. Kubo;1.44;5.47;2.08;0.0;6.05;5.93;1.0;220;13182
47467;José Luis Morales;1.4;1.95;0.69;0.0;3.06;2.83;1.0;293;19204
3246;N. Pépé;1.39;6.73;2.07;0.0;5.45;4.87;1.0;47;2568
182219;Álex Baena;1.39;7.17;1.75;0.0;4.49;3.44;1.0;153;10604
286639;Bryan Zaragoza;1.36;4.52;0.86;0.0;4.96;5.17;1.0;68;4631
633;İ. Gündoğan;1.35;10.0;2.23;0.0;5.36;5.46;1.0;36;2998
47395;Sergi Enrich;1.35;3.03;1.44;0.0;6.86;3.38;1.0;187;12440
47447;P. Sisto;1.35;2.82;1.21;0.0;5.33;6.23;1.0;110;5917
47493;D. Čop;1.35;2.4;0.99;0.0;3.77;1.28;1.0;80;5020
47471;Roger;1.33;2.16;0.85;0.0;4.2;3.14;1.0;211;12772
1697;Pablo Fornals;1.31;7.58;3.43;0.0;5.07;3.46;1.0;193;13796
151;A. Vidal;1.3;4.37;4.31;0.0;5.93;3.15;1.0;66;3590
738;Sergio Ramos;1.3;3.6;5.34;0.0;6.64;3.45;1.0;183;16015
47461;E. Bardhi;1.3;4.78;2.56;0.0;5.64;5.71;1.0;148;9914
1583;Sergio León;1.29;1.42;0.27;0.0;3.36;2.11;1.0;159;7739
181421;A. Ezzalzouli;1.28;2.64;1.65;0.0;4.27;3.88;1.0;88;5094
291964;A. Güler;1.28;6.07;1.57;0.0;4.38;3.65;1.0;80;2947
47551;Raúl de Tomás;1.26;1.15;0.35;0.0;3.0;3.01;1.0;127;8922
47266;Ángel Rodríguez;1.25;1.44;0.53;0.0;3.47;2.64;1.0;181;8798
51046;C. Vela;1.25;5.81;0.46;0.0;4.78;4.71;1.0;83;5699
133609;Pedri;1.25;9.26;3.47;0.0;6.16;6.02;1.0;151;10811
104792;Chris Ramos;1.24;1.18;1.34;0.0;6.4;2.52;1.0;53;3396
187214;Carlos Vicente;1.24;6.51;2.31;0.0;6.07;3.74;1.0;78;5471
1616;Miguel Guerrero;1.23;2.5;0.8;0.0;4.76;3.56;1.0;89;5466
1696;S. Chukwueze;1.23;4.85;1.11;0.0;5.67;6.6;1.0;156;8786
176;E. Lamela;1.22;2.54;1.64;0.0;3.9;3.03;1.0;74;3347
1641;Samu Castillejo;1.21;4.44;2.01;0.0;5.52;4.56;1.0;120;7208
1861;F. Caicedo;1.21;1.4;1.38;0.0;5.47;4.25;1.0;58;3432
152;K. Boateng;1.2;2.45;0.45;0.0;3.14;1.45;1.0;31;2230
19129;Pablo Hernández;1.2;7.01;3.19;0.0;5.21;4.08;1.0;27;1916
1911;L. Ocampos;1.19;2.89;1.94;0.0;4.28;3.29;1.0;137;10720
47282;Raúl García;1.19;1.72;1.27;0.0;4.79;2.46;1.0;293;18063
668;N. Fekir;1.18;5.57;1.33;0.0;5.03;5.0;1.0;135;10290
54;Diego Costa;1.17;3.02;0.26;0.0;3.62;2.44;1.0;61;3721
2923;Y. Carrasco;1.17;4.72;1.54;0.0;4.15;4.8;1.0;198;12620
30483;R. Soriano;1.17;3.13;2.82;0.0;5.87;4.83;1.0;55;3606
583;João Félix;1.16;1.61;0.35;0.0;2.38;1.93;1.0;126;6780
2115;A. Halilović;1.16;3.64;1.05;0.0;5.06;6.07;1.0;74;4299
2719;N. Amrabat;1.16;4.53;1.1;0.0;5.54;5.43;1.0;43;2633
745;Isco;1.15;5.22;1.32;0.0;4.17;4.18;1.0;244;13559
2058;Nolito;1.15;3.06;1.69;0.0;3.74;3.11;1.0;153;9375
12667;Jonathan Viera;1.15;8.63;2.71;0.0;5.37;4.18;1.0;111;9246
47421;G. Carrillo;1.15;1.73;0.82;0.0;6.8;3.4;1.0;106;5359
2600;T. Inui;1.14;2.33;1.85;0.0;4.63;4.19;1.0;166;11354
119213;Alfon González;1.14;2.08;0.33;0.0;2.64;2.34;1.0;73;3096
899;Andreas Pereira;1.13;5.26;2.62;0.0;5.87;5.43;1.0;58;3906
1586;Cristian Tello;1.13;3.02;1.48;0.0;3.97;3.7;1.0;140;6095
2710;S. Boufal;1.13;5.01;1.8;0.0;7.82;10.0;1.0;35;2098
20696;P. Gueye;1.13;2.95;3.6;0.0;6.03;3.67;1.0;64;4276
47311;Mikel Merino;1.13;4.58;4.76;0.0;8.7;5.52;1.0;190;15239
18833;Lucas Pérez;1.12;5.04;0.33;0.0;2.58;2.39;1.0;181;13257
756;F. Valverde;1.1;7.5;3.61;0.0;5.55;4.17;1.0;255;17054
47411;N. El Zhar;1.1;3.69;0.65;0.0;3.76;3.63;1.0;113;6314
47546;Álvaro Medrán;1.1;2.93;2.14;0.0;4.23;3.82;1.0;75;4594
47554;Adri Embarba;1.1;3.98;2.49;0.0;4.96;4.0;1.0;215;13104
3429;E. Boateng;1.09;0.67;0.36;0.0;5.15;3.31;1.0;41;1961
47388;G. Escalante;1.09;2.24;4.74;0.0;6.39;3.67;1.0;186;12640
2615;M. Gómez;1.08;1.64;0.34;0.0;4.93;2.37;1.0;201;14127
47525;A. Lozano;1.08;1.33;0.52;0.0;4.16;2.73;1.0;141;6699
8627;T. Bongonda;1.06;2.71;1.58;0.0;5.5;5.04;1.0;89;5314
47347;Sergio García de la Fuente;1.06;4.97;0.75;0.0;4.92;3.92;1.0;62;3110
2050;É. Banega;1.05;9.93;3.5;0.0;7.07;7.87;1.0;121;9285
162127;Diego López;1.04;3.02;1.45;0.0;4.24;2.59;1.0;105;7169
1706;C. Bacca;1.03;1.53;0.39;0.0;2.99;2.43;1.0;127;5741
47258;M. Arambarri;1.03;2.55;3.27;0.0;5.97;4.13;1.0;236;19412
162033;Sergio Arribas;1.03;2.73;1.07;0.0;2.74;1.65;1.0;44;2197
46743;Salva Sevilla;1.01;5.58;1.83;0.0;3.5;2.43;1.0;84;4972
1854;J. Correa;1.0;3.43;1.46;0.0;6.35;6.44;1.0;47;2507
12493;Tana;0.99;5.35;2.76;0.0;5.5;4.95;1.0;83;5890
25409;Ignacio Camacho;0.99;4.4;6.83;0.0;8.7;4.07;1.0;58;5154
2840;C. Borges;0.98;3.36;5.0;0.0;7.28;4.15;1.0;90;6936
46940;E. Burgos;0.98;0.71;3.51;0.0;5.26;1.93;1.0;29;2229
47576;Melero;0.98;2.62;1.8;0.0;5.05;3.47;1.0;160;9103
70315;Kirian Rodríguez;0.98;7.31;3.24;0.0;5.59;4.81;1.0;58;4984
752;T. Kroos;0.96;10.0;3.17;0.0;5.67;4.14;1.0;270;20920
2459;D. Machís;0.96;2.35;1.28;0.0;3.9;3.0;1.0;170;8598
149;I. Rakitić;0.95;6.61;3.29;0.0;5.57;3.27;1.0;289;19629
37938;S. Becker;0.94;1.42;0.2;0.0;2.4;1.53;1.0;88;3702
49859;A. Turan;0.94;8.59;1.58;0.0;5.46;4.36;1.0;36;2058
51576;G. Castro;0.94;6.23;1.54;0.0;5.15;4.69;1.0;79;5267
246;L. de Jong;0.93;0.92;0.48;0.0;3.52;1.87;1.0;90;3963
47119;Aitor Ruibal;0.92;3.14;3.0;0.0;5.12;3.92;1.0;163;8399
47317;Barrenetxea;0.92;3.51;1.57;0.0;4.72;4.76;1.0;178;7356
47417;A. Szymanowski;0.92;3.26;2.0;0.0;2.83;2.06;1.0;42;3113
46797;F. Cartabia;0.91;3.31;2.87;0.0;5.02;4.9;1.0;50;2840
50502;Álvaro Negredo;0.91;1.6;0.29;0.0;3.48;2.2;1.0;122;6322
320517;Pablo Durán;0.91;1.59;0.96;0.0;3.2;1.77;1.0;64;2346
2672;Muniain;0.9;4.79;1.17;0.0;5.08;5.47;1.0;264;16043
19337;O. McBurnie;0.9;3.49;0.97;0.0;5.54;3.34;1.0;38;1861
22235;J. Bamba;0.9;3.99;1.46;0.0;5.2;4.58;1.0;46;2807
46658;Rubén García;0.89;5.71;2.66;0.0;5.3;3.42;1.0;240;14605
47392;Pedro León;0.89;5.03;1.66;0.0;4.64;4.01;1.0;144;9046
47555;Javier Guerra Rodríguez;0.89;1.61;0.21;0.0;2.67;1.22;1.0;38;2320
146751;Raúl García;0.89;0.59;0.6;0.0;3.18;1.96;1.0;94;2750
47496;Óscar Plano;0.88;2.88;3.34;0.0;6.14;4.24;1.0;138;9780
47579;E. Ávila;0.88;2.31;0.44;0.0;2.94;1.9;1.0;187;9420
47034;José Antonio Reyes;0.87;6.22;0.48;0.0;5.04;3.89;1.0;45;2051
634;David Silva;0.86;6.66;2.43;0.0;5.66;5.24;1.0;74;5099
30490;N. Sansone;0.86;1.46;0.41;0.0;1.97;1.87;1.0;53;2786
47002;Fidel;0.86;5.48;1.8;0.0;5.32;5.49;1.0;90;6411
343202;Á. Rodríguez;0.86;1.85;0.34;0.0;3.57;2.52;1.0;55;2018
47182;Tete Morente;0.85;2.29;2.06;0.0;5.42;4.68;1.0;98;5748
47468;Rochina;0.85;4.26;2.56;0.0;5.05;5.73;1.0;135;8576
47485;Rubén Alcaraz;0.85;2.74;4.89;0.0;7.02;4.56;1.0;172;13362
47495;Sergi Guardiola;0.85;1.15;0.5;0.0;3.06;2.33;1.0;185;10220
372;Éder Militão;0.84;3.57;4.22;0.0;5.74;2.12;1.0;133;10337
392;Adrián López;0.84;3.52;0.41;0.0;3.41;3.11;1.0;104;5739
18978;F. Andone;0.84;0.9;0.26;0.0;2.17;1.39;1.0;71;4702
33395;Isaac Cuenca;0.84;4.32;2.03;0.0;5.18;5.04;1.0;37;2527
47436;R. Boudebouz;0.84;5.33;1.9;0.0;4.43;4.49;1.0;47;2620
612;E. Ponce;0.83;1.38;0.45;0.0;3.95;2.69;1.0;72;2898
44490;E. Çolak;0.83;9.13;0.66;0.0;5.53;5.74;1.0;59;3930
47442;Jozabed;0.83;5.93;1.42;0.0;4.26;2.46;1.0;90;5793
269163;W. Swedberg;0.83;0.96;0.75;0.0;2.72;1.49;1.0;116;2394
47011;S. Araújo;0.82;1.26;0.69;0.0;2.21;1.63;1.0;43;2387
46689;Antonio Puertas;0.81;2.07;1.38;0.0;4.75;4.18;1.0;131;7714
403554;Christantus Uche;0.81;3.2;0.94;0.0;4.72;3.08;1.0;36;2771
2449;Y. Herrera;0.8;1.61;2.98;0.0;4.91;3.3;1.0;244;17433
744;Brahim Díaz;0.79;2.49;0.83;0.0;3.26;3.31;1.0;110;3781
16369;G. Plata;0.79;5.2;3.42;0.0;6.85;6.02;1.0;34;2307
754;L. Modrić;0.78;9.07;2.49;0.0;4.94;4.83;1.0;311;21155
47336;Darder;0.78;6.4;2.66;0.0;5.78;5.6;1.0;313;24446
47573;David Ferreiro;0.78;7.68;2.15;0.0;5.06;5.75;1.0;72;4813
373;Pepe;0.77;4.85;4.38;0.0;7.13;3.12;1.0;34;2968
46666;Roberto Torres;0.77;2.52;0.95;0.0;2.55;2.04;1.0;133;7731
2446;J. Añor;0.76;3.37;1.76;0.0;4.42;3.52;1.0;81;4368
47320;Juanmi;0.76;0.91;0.78;0.0;2.36;1.6;1.0;222;10754
47366;Jony;0.75;5.11;1.27;0.0;3.84;3.69;1.0;123;8185
47488;Keko Gontán;0.75;4.53;1.74;0.0;5.95;4.55;1.0;98;6131
753;Marcos Llorente;0.74;4.98;3.81;0.0;5.37;3.78;1.0;260;18925
19036;L. Vietto;0.74;1.58;0.66;0.0;2.67;1.91;1.0;60;3071
47289;Susaeta;0.74;8.11;1.61;0.0;5.27;4.43;1.0;110;6674
18895;F. Lejeune;0.73;2.64;3.78;0.0;5.17;2.47;1.0;224;19791
47516;Aleix García;0.73;7.99;3.35;0.0;4.89;3.65;1.0;129;8484
2806;F. Schär;0.72;1.61;7.14;0.0;6.78;4.64;1.0;25;2220
35575;Édgar Méndez;0.72;1.98;1.74;0.0;5.22;3.76;1.0;123;6937
47386;P. De Blasis;0.72;3.38;3.02;0.0;5.1;3.2;1.0;54;3108
70078;F. Pellistri;0.72;3.05;2.14;0.0;4.86;3.69;1.0;48;2423
757;Lucas Vázquez;0.71;6.02;3.26;0.0;5.65;4.76;1.0;277;15044
2061;Bryan Gil;0.71;3.34;1.78;0.0;4.89;4.34;1.0;127;7475
46711;Aleix Febas;0.71;4.65;3.0;0.0;6.17;6.31;1.0;54;3695
47249;L. Cabrera;0.71;1.36;4.09;0.0;6.25;2.37;1.0;201;17354
41552;P. Ciss;0.7;2.07;4.0;0.0;5.6;3.39;1.0;154;7235
47581;Enric Gallego;0.7;1.15;0.67;0.0;4.4;1.73;1.0;60;3382
135775;Ansu Fati;0.7;0.88;0.37;0.0;1.64;1.46;1.0;103;3465
182504;Gabri Veiga;0.7;1.06;0.83;0.0;1.75;1.54;1.0;51;2553
780;S. Nzonzi;0.69;5.47;4.34;0.0;7.23;4.98;1.0;90;7129
927;Lee Kang-In;0.69;3.4;0.95;0.0;4.11;5.04;1.0;110;5980
2060;M. El Haddadi;0.69;1.27;0.72;0.0;3.06;2.06;1.0;267;13585
47541;Santi Comesaña;0.69;3.35;4.36;0.0;6.21;4.48;1.0;218;15231
138776;L. Ramazani;0.69;1.7;0.89;0.0;2.49;2.56;1.0;73;3158
384;M. Loum;0.68;1.1;4.31;0.0;7.16;4.88;1.0;32;2316
957;D. Sow;0.68;2.81;2.86;0.0;5.22;2.74;1.0;75;4750
2057;F. Vázquez;0.68;2.33;1.65;0.0;4.52;3.71;1.0;140;7461
30433;P. Gómez;0.68;1.97;0.65;0.0;2.97;2.71;1.0;70;3774
46995;David García;0.68;2.01;6.0;0.0;6.11;3.3;1.0;52;4112
47108;José Antonio García Rabasco;0.68;8.31;3.8;0.0;5.25;3.06;1.0;29;2126
47567;Martín Maximiliano Mantovani;0.68;1.54;3.33;0.0;6.21;1.94;1.0;54;4414
101814;R. Araújo;0.68;2.81;2.53;0.0;5.02;1.67;1.0;130;9219
2472;R. De Paul;0.67;6.92;1.97;0.0;5.65;4.6;1.0;143;8808
2777;I. Success;0.67;3.21;1.29;0.0;5.24;5.53;1.0;39;2928
30524;M. Lemos;0.67;2.14;5.31;0.0;5.05;3.55;1.0;49;3853
119232;Dani Gómez;0.67;0.67;0.3;0.0;2.22;1.69;1.0;84;3330
184226;Yeremy Pino;0.67;3.22;2.0;0.0;3.57;2.78;1.0;137;7530
134;Juan Miranda;0.66;3.71;3.64;0.0;5.66;3.05;1.0;81;5768
18811;A. Peñaranda;0.66;2.18;1.22;0.0;4.6;3.52;1.0;39;2656
47341;Marc Roca;0.66;3.26;3.88;0.0;4.96;3.56;1.0;159;11698
47513;Aday;0.66;5.09;1.31;0.0;4.29;3.7;1.0;41;2478
47530;Sergio Akieme;0.66;3.01;2.6;0.0;5.11;4.56;1.0;50;4155
281795;Y. Asprilla;0.66;2.72;1.13;0.0;3.75;3.61;1.0;45;2020
2040;Sergio Escudero;0.65;2.39;4.36;0.0;5.62;2.74;1.0;159;11545
3406;A. Zambo Anguissa;0.65;1.95;5.12;0.0;7.98;8.81;1.0;36;2581
47463;Pepelu;0.65;5.36;4.38;0.0;6.0;3.74;1.0;120;8569
47538;E. Velázquez;0.65;2.09;8.32;0.0;7.03;4.84;1.0;29;2249
747;Casemiro;0.64;3.74;4.89;0.0;5.5;3.49;1.0;209;16726
6065;L. Robertone;0.64;5.75;4.75;0.0;6.57;4.06;1.0;70;5251
47382;Ramis;0.64;2.01;2.02;0.0;4.29;2.5;1.0;89;6962
190485;Samú Costa;0.64;1.58;4.16;0.0;6.09;2.92;1.0;157;10325
2476;G. Rodríguez;0.63;1.89;6.12;0.0;7.09;5.33;1.0;140;11067
2824;N. Maksimović;0.63;1.82;4.93;0.0;5.66;2.69;1.0;229;17685
18802;É. Capoue;0.63;1.42;2.92;0.0;6.25;5.29;1.0;106;6893
47066;Álvaro Vázquez;0.63;1.81;0.72;0.0;2.35;1.8;1.0;44;2304
32;D. Godín;0.62;2.77;4.39;0.0;6.93;4.49;1.0;122;10418
137;Sergi Roberto;0.61;4.06;2.17;0.0;4.39;3.1;1.0;227;14470
1839;R. Durmisi;0.61;5.46;3.96;0.0;5.42;3.59;1.0;51;4467
2671;Jaime Mata;0.61;1.01;0.57;0.0;2.96;1.61;1.0;206;10748
297311;Kike Salas;0.61;1.55;4.23;0.0;5.26;0.97;1.0;70;4981
52;Sergio Camello;0.6;1.7;0.42;0.0;2.25;1.92;1.0;108;5746
9934;Deyverson;0.6;1.85;0.85;0.0;4.74;2.48;1.0;97;5821
47350;Wu Lei;0.6;1.07;0.57;0.0;2.4;1.5;1.0;56;2181
77168;Álvaro Cejudo Carmona;0.6;4.67;2.64;0.0;5.7;4.06;1.0;47;2681
136117;Rodrigo Riquelme;0.6;2.9;0.92;0.0;3.12;2.26;1.0;101;4826
162126;Peque Fernández;0.6;2.21;0.72;0.0;4.64;3.48;1.0;54;1935
185202;Juan Cruz;0.6;1.66;0.89;0.0;2.54;2.46;1.0;46;2516
1036;Ignacio Cases Mora;0.59;3.91;2.78;0.0;5.48;3.93;1.0;45;3438
2053;Roque Mesa;0.59;2.88;2.41;0.0;5.16;4.92;1.0;197;13478
21090;Diego Carlos;0.59;3.27;3.81;0.0;5.94;3.06;1.0;102;8887
46849;Javi Hernández;0.59;2.98;2.63;0.0;5.04;3.75;1.0;86;6021
46979;Iván Sánchez;0.59;3.06;2.2;0.0;6.13;6.23;1.0;57;2509
47337;Esteban Félix Granero Molina;0.59;4.94;1.87;0.0;3.55;4.02;1.0;98;5240
47373;D. Rolán;0.59;1.59;0.53;0.0;2.94;2.53;1.0;41;2453
67939;Aimar Oroz;0.59;4.67;2.19;0.0;5.64;4.84;1.0;118;8422
70339;S. Weissman;0.59;0.65;0.27;0.0;1.61;1.04;1.0;52;2957
265785;Luiz Henrique;0.59;2.58;1.78;0.0;5.12;5.07;1.0;51;2435
315699;Javi Guerra;0.59;2.05;2.19;0.0;4.21;3.4;1.0;111;6756
328;Fabián Ruiz;0.58;3.9;2.84;0.0;3.9;3.9;1.0;50;3246
1584;Loren Morón;0.58;0.67;0.45;0.0;2.34;1.6;1.0;134;6599
20600;R. Perraud;0.58;2.69;3.13;0.0;5.56;3.32;1.0;28;1998
37127;M. Ødegaard;0.58;4.56;0.92;0.0;2.81;3.17;1.0;38;2766
184420;Carlos Romero;0.58;2.49;4.04;0.0;4.32;3.11;1.0;110;7693
128;Jordi Alba;0.57;9.62;3.57;0.0;4.66;2.9;1.0;242;19572
2044;G. Mercado;0.57;1.0;5.58;0.0;6.03;1.98;1.0;78;6049
2296;E. Hazard;0.57;3.38;0.4;0.0;2.84;3.75;1.0;54;2525
2520;H. Pérez;0.57;2.12;1.71;0.0;3.93;3.31;1.0;97;5547
2874;H. Moreno;0.57;2.68;3.5;0.0;5.32;1.27;1.0;33;2649
46769;Álex Fernández;0.57;2.62;2.23;0.0;4.62;3.01;1.0;111;6854
47283;Ibai Gómez;0.57;3.69;0.49;0.0;2.24;2.42;1.0;130;7412
47520;Portu;0.57;1.64;0.72;0.0;2.74;1.29;1.0;287;16289
67972;C. Gallagher;0.57;1.14;2.2;0.0;3.99;2.14;1.0;56;2303
323935;G. Simeone;0.57;3.17;1.65;0.0;3.73;2.99;1.0;68;4077
34;Filipe Luís;0.56;6.63;4.51;0.0;7.41;6.14;1.0;113;9539
618;Danilo;0.56;5.78;8.3;0.0;7.27;4.79;1.0;41;3532
916;M. Diakhaby;0.56;0.35;2.46;0.0;4.5;2.09;1.0;173;11761
928;Dani Parejo;0.56;5.89;3.5;0.0;5.93;4.3;1.0;367;29827
1579;Joaquín;0.56;4.75;0.7;0.0;3.44;3.88;1.0;227;12114
1650;Suso;0.56;4.68;0.94;0.0;4.1;4.26;1.0;129;6574
47413;Recio;0.56;2.79;3.15;0.0;5.62;4.42;1.0;133;9536
2873;C. Montes;0.55;0.54;2.92;0.0;6.37;2.22;1.0;41;3381
6168;O. Alderete;0.55;1.28;3.97;0.0;6.26;4.36;1.0;119;9629
46799;Edu Expósito;0.55;6.45;2.63;0.0;5.36;4.55;1.0;152;8607
47315;Martín Zubimendi;0.55;3.32;4.51;0.0;5.81;3.82;1.0;180;13747
104941;Monchu;0.55;2.22;2.64;0.0;4.61;3.16;1.0;47;2695
128581;Nico Melamed;0.55;2.35;0.9;0.0;4.07;3.7;1.0;69;2528
302051;S. Cissé;0.55;2.02;2.98;0.0;5.74;5.6;1.0;36;2451
48;Saúl;0.54;2.18;2.95;0.0;4.41;2.69;1.0;293;20267
937;Rubén Sobrino;0.54;2.01;2.21;0.0;4.47;3.23;1.0;196;10419
2715;F. Fajr;0.54;3.67;2.02;0.0;3.72;2.31;1.0;103;6828
2717;A. Tuhami;0.54;1.03;2.48;0.0;4.27;2.22;1.0;59;3202
18765;André Gomes;0.54;2.18;1.92;0.0;4.75;3.64;1.0;76;4598
46933;Luis Rioja;0.54;2.7;1.13;0.0;3.46;3.14;1.0;195;13654
47285;Unai López;0.54;3.87;2.33;0.0;4.31;3.77;1.0;226;11998
139001;Pablo Ibáñez;0.54;1.52;2.03;0.0;5.03;3.61;1.0;195;7258
162712;Óscar Mingueza;0.54;4.42;2.74;0.0;4.92;3.62;1.0;163;10980
264470;Raul Moro;0.54;2.56;0.58;0.0;2.13;2.22;1.0;33;2345
343205;Mario Martín;0.54;1.15;2.65;0.0;4.89;2.85;1.0;88;4884
1708;Dani Raba;0.53;2.17;0.9;0.0;2.26;2.04;1.0;88;3724
33243;Andrés Iniesta;0.53;6.89;2.78;0.0;6.38;7.64;1.0;81;5418
46687;Ángel Montoro;0.52;5.3;2.38;0.0;4.17;1.98;1.0;87;5208
84086;Robert Navarro;0.52;2.19;1.65;0.0;3.47;3.43;1.0;132;7265
329720;Hugo Álvarez;0.52;2.14;0.94;0.0;2.77;2.23;1.0;63;2923
336594;Pablo Barrios;0.52;4.3;3.4;0.0;5.44;5.18;1.0;101;6138
341640;Raúl Asencio;0.52;2.12;2.48;0.0;5.6;2.5;1.0;41;2702
923;D. Cheryshev;0.51;2.22;1.71;0.0;3.64;2.53;1.0;133;6055
1705;Manu Trigueros;0.51;2.77;1.94;0.0;3.78;2.5;1.0;262;16806
2880;J. dos Santos;0.51;5.07;4.86;0.0;5.52;4.27;1.0;60;3969
3033;C. Bakambu;0.51;0.69;0.15;0.0;1.33;0.47;1.0;120;5776
12541;José Jurado;0.51;5.5;0.9;0.0;5.79;6.03;1.0;60;3967
46683;Germán Sánchez;0.51;0.62;3.38;0.0;5.93;0.98;1.0;94;7228
46815;Pau Torres;0.51;3.7;3.11;0.0;5.68;5.08;1.0;136;11903
46887;Pedro Díaz;0.51;3.14;1.67;0.0;4.43;3.0;1.0;56;2306
47489;Míchel Herrero;0.51;3.77;3.21;0.0;4.83;3.97;1.0;86;5686
67955;Carles Pérez;0.51;1.36;0.92;0.0;2.7;2.33;1.0;114;4841
70495;Francisco Manuel Rico Castro;0.51;3.71;1.32;0.0;3.53;1.27;1.0;45;2670
122233;Marcos André;0.51;1.79;0.71;0.0;5.0;3.64;1.0;91;3756
1825;Lucas Torró;0.5;1.39;4.01;0.0;7.21;3.66;1.0;174;12947
46808;Carlos Fernández;0.5;0.86;0.33;0.0;2.41;1.62;1.0;101;4033
46832;Javi Ontiveros;0.5;1.26;0.81;0.0;2.44;2.45;1.0;87;3085
47416;Óscar Rodríguez;0.5;1.8;1.19;0.0;2.6;1.98;1.0;196;10343
104794;Xabier Prieto Argarate;0.5;0.0;0.0;0.0;0.0;0.0;1.0;100;7142
131538;Son;0.5;2.5;2.35;0.0;4.78;3.98;1.0;54;3067
1493;M. Acuña;0.49;5.74;3.2;0.0;6.15;4.9;1.0;114;7805
1702;Pedraza;0.49;3.51;2.94;0.0;4.66;3.74;1.0;219;13921
46742;Dani Rodríguez;0.49;3.33;1.85;0.0;3.97;3.16;1.0;184;12885
47312;Rubén Pardo;0.49;4.0;2.43;0.0;3.18;2.53;1.0;77;4812
47494;Miguel de la Fuente;0.49;0.76;0.48;0.0;2.67;1.48;1.0;68;2849
197448;Yan Couto;0.49;4.22;2.13;0.0;5.52;5.24;1.0;59;3396
288;Alberto Moreno;0.48;2.09;2.39;0.0;4.02;2.64;1.0;107;5690
917;E. Garay;0.48;3.37;3.11;0.0;3.69;1.06;1.0;92;7948
1489;N. Gudelj;0.48;1.37;3.41;0.0;5.43;2.46;1.0;188;11508
1561;Marc Bartra;0.48;1.74;5.36;0.0;5.65;2.96;1.0;179;14838
2557;P. Hernández;0.48;2.48;5.32;0.0;8.04;5.67;1.0;89;6019
2669;Hermoso;0.48;3.52;3.52;0.0;5.76;3.93;1.0;185;15076
46733;Raíllo;0.48;2.25;4.31;0.0;6.35;1.12;1.0;167;14466
46796;Álex Bergantiños;0.48;4.14;3.47;0.0;4.58;1.27;1.0;30;2302
133185;J. Cardoso;0.48;1.44;5.02;0.0;5.45;3.59;1.0;102;7331
743;Marcelo;0.47;6.34;2.33;0.0;4.76;4.91;1.0;154;11737
46860;Javi Muñoz;0.47;2.22;1.84;0.0;3.24;2.66;1.0;85;5764
47432;Hugo Mallo;0.47;3.04;4.96;0.0;6.3;3.17;1.0;238;19596
47547;Álex Moreno;0.47;3.28;4.3;0.0;5.99;4.74;1.0;155;12704
181259;Abel Bretones;0.47;1.91;3.82;0.0;5.91;4.21;1.0;54;3437
538;F. de Jong;0.46;8.73;3.53;0.0;5.93;4.15;1.0;197;14270
8587;S. Amallah;0.46;1.03;1.32;0.0;2.96;2.83;1.0;51;2252
21997;Logan Costa;0.46;2.37;3.06;0.0;5.21;0.04;1.0;35;2585
47057;Raúl Guti;0.46;0.82;2.42;0.0;4.9;3.41;1.0;95;5581
47273;Yuri;0.46;2.82;3.7;0.0;6.28;3.6;1.0;271;21532
47569;Jorge Pulido;0.46;2.12;5.19;0.0;6.19;2.91;1.0;65;5676
107153;Kike Pérez;0.46;1.79;1.98;0.0;3.82;2.46;1.0;121;6231
383780;Mikel Jauregizar;0.46;2.48;4.14;0.0;4.96;2.53;1.0;72;4212
44;Rodri;0.45;3.65;5.48;0.0;6.3;4.19;1.0;97;6898
385;Óliver Torres;0.45;3.41;2.17;0.0;4.78;4.02;1.0;176;8602
1257;J. Koundé;0.45;5.68;3.64;0.0;6.23;4.26;1.0;215;17330
2419;L. Advíncula;0.45;3.06;3.8;0.0;6.91;6.95;1.0;28;2391
47300;T. Hernández;0.45;3.09;5.13;0.0;7.39;6.77;1.0;69;5665
47517;Álex Granell;0.45;9.54;2.94;0.0;6.64;6.14;1.0;66;5246
104809;Raúl Albentosa;0.45;2.6;3.6;0.0;5.7;2.36;1.0;76;6636
123047;Sergio González;0.45;0.54;4.42;0.0;5.55;3.0;1.0;36;2961
50;Koke;0.44;6.59;3.59;0.0;5.27;2.74;1.0;358;28032
1699;Iborra;0.44;1.61;3.67;0.0;6.09;2.8;1.0;146;9493
1703;A. Rațiu;0.44;3.3;3.44;0.0;5.29;4.83;1.0;88;5275
1704;Bruno;0.44;3.58;2.16;0.0;3.03;2.03;1.0;72;5836
46662;Moncayola;0.44;4.18;3.12;0.0;4.8;2.65;1.0;223;15090
47278;Dani Vivian;0.44;1.89;4.61;0.0;5.51;2.64;1.0;137;11489
104821;Jon Guridi;0.44;1.41;1.48;0.0;3.56;1.97;1.0;118;6517
122657;R. Nteka;0.44;0.91;0.77;0.0;2.88;1.73;1.0;104;4078
162889;Ricard Sánchez;0.44;1.92;1.42;0.0;3.69;2.9;1.0;34;2328
8518;M. Sylla;0.43;0.9;0.23;0.0;2.53;1.24;1.0;70;2560
47451;Coke;0.43;1.77;2.47;0.0;3.62;2.53;1.0;105;6878
47533;Catena;0.43;2.23;3.67;0.0;5.81;2.33;1.0;198;16859
157988;Sergio Carreira;0.43;2.08;2.42;0.0;4.07;3.19;1.0;44;3368
182674;Jofre Carreras;0.43;2.03;0.84;0.0;3.7;3.24;1.0;55;2811
183751;A. Rebbach;0.43;2.32;1.07;0.0;3.09;1.78;1.0;49;1882
143;Carles Aleñá;0.42;3.43;1.51;0.0;4.3;3.28;1.0;208;11326
351;G. Čaušić;0.42;2.6;4.1;0.0;5.59;4.0;1.0;26;2007
932;D. Wass;0.42;2.54;1.9;0.0;3.47;2.13;1.0;225;17753
47334;David López;0.42;2.55;2.35;0.0;3.92;2.22;1.0;239;17855
47387;P. Diop;0.42;2.51;3.35;0.0;5.86;3.58;1.0;159;11538
47393;Marc Cardona;0.42;0.59;0.2;0.0;1.62;1.19;1.0;76;2195
47409;D. Siovas;0.42;2.22;4.76;0.0;6.22;3.91;1.0;134;11414
47518;Pere Pons;0.42;1.6;2.67;0.0;5.13;2.91;1.0;144;8983
47532;A. Ba;0.42;0.3;5.25;0.0;6.81;2.88;1.0;26;2113
740;Javi Sánchez;0.41;1.6;4.1;0.0;4.82;2.41;1.0;74;5393
1448;S. Mustafi;0.41;0.27;3.03;0.0;4.12;1.3;1.0;42;3384
46751;Abdón Prats;0.41;0.57;0.1;0.0;1.75;0.94;1.0;135;3064
47412;Eraso;0.41;3.2;0.91;0.0;2.78;1.43;1.0;90;5148
47574;Moi Gómez;0.41;2.48;1.43;0.0;4.1;3.16;1.0;303;18208
187987;Ramón Terrats;0.41;1.18;1.04;0.0;2.42;1.81;1.0;102;3765
203468;D. Lopy;0.41;1.45;3.41;0.0;6.49;5.37;1.0;35;1927
1447;Nacho Monreal;0.4;2.67;4.01;0.0;5.05;3.84;1.0;55;4474
2444;R. Rosales;0.4;4.23;5.8;0.0;6.35;3.79;1.0;148;12682
6233;N. Tenaglia;0.4;1.31;5.38;0.0;6.41;3.83;1.0;93;6925
47464;Campaña;0.4;3.82;2.31;0.0;4.42;3.43;1.0;170;12822
47490;Pablo Hervías;0.4;3.31;1.08;0.0;3.69;3.57;1.0;58;2541
161933;Nico González;0.4;2.07;2.73;0.0;5.59;6.26;1.0;79;3928
131;Jorge Cuenca;0.39;0.48;2.73;0.0;4.23;1.54;1.0;71;5148
619;Eric García;0.39;2.68;2.5;0.0;3.29;1.0;1.0;132;9359
736;Fran García;0.39;2.46;3.19;0.0;4.18;2.24;1.0;135;10420
1700;Iván Martín;0.39;3.31;2.3;0.0;4.31;3.97;1.0;117;8100
7332;L. Sučić;0.39;1.64;0.95;0.0;2.88;2.25;1.0;40;2123
47287;Mikel Rico;0.39;3.2;2.07;0.0;4.32;3.69;1.0;84;4529
47357;Laguardia;0.39;1.51;3.39;0.0;5.2;0.77;1.0;176;15254
47414;Gumbau;0.39;3.48;1.9;0.0;3.58;2.01;1.0;181;11187
47419;José Arnáiz;0.39;1.01;0.4;0.0;1.93;1.36;1.0;74;2274
279822;F. Boyomo;0.39;1.37;4.66;0.0;4.95;2.5;1.0;54;4737
308678;Dário Essugo;0.39;1.81;5.76;0.0;6.3;4.45;1.0;28;1952
1580;William Carvalho;0.38;2.5;1.7;0.0;4.13;3.37;1.0;172;9994
2207;E. Camavinga;0.38;2.38;4.22;0.0;6.31;4.98;1.0;129;6891
3426;M. Wakaso;0.38;3.16;3.73;0.0;3.99;5.53;1.0;97;5842
41157;André Almeida;0.38;4.07;2.57;0.0;5.15;4.1;1.0;106;6313
46800;José Vicente Gómez Umpiérrez;0.38;4.41;2.27;0.0;6.33;4.06;1.0;75;5307
46819;Juankar;0.38;3.87;5.22;0.0;5.74;3.72;1.0;57;4095
46822;Lombán;0.38;2.24;4.11;0.0;5.84;0.68;1.0;65;5460
47316;Zurutuza;0.38;3.09;2.48;0.0;4.41;2.39;1.0;104;7259
47363;Manu García;0.38;2.05;2.71;0.0;5.8;3.77;1.0;144;9853
199044;J. Aramburu;0.38;1.21;5.19;0.0;6.04;1.99;1.0;74;4627
918;José Gayà;0.37;4.32;4.55;0.0;5.97;3.41;1.0;295;23901
1271;A. Tchouaméni;0.37;5.01;5.09;0.0;6.74;2.75;1.0;112;8292
2278;Marcos Alonso;0.37;2.94;2.11;0.0;3.62;2.15;1.0;99;5842
31406;U. Sadiq;0.37;0.38;0.1;0.0;1.46;1.23;1.0;83;2718
38735;S. Dest;0.37;3.83;2.47;0.0;5.6;5.43;1.0;51;3434
44423;Alexis Ruano Delgado;0.37;2.26;3.0;0.0;5.4;2.94;1.0;67;5348
47010;David Timor;0.37;0.92;1.41;0.0;3.38;1.49;1.0;102;5712
47505;B. Espinosa;0.37;1.18;1.74;0.0;3.58;1.34;1.0;129;10418
51012;Carles Gil;0.37;3.74;1.29;0.0;3.68;2.68;1.0;33;1888
162028;Juanmi Latasa;0.37;0.66;0.1;0.0;2.25;1.06;1.0;79;3387
142;Rafinha;0.36;1.64;1.64;0.0;2.7;2.34;1.0;78;4948
733;Dani Carvajal;0.36;3.58;3.01;0.0;4.17;2.28;1.0;232;18175
742;R. Varane;0.36;3.65;3.28;0.0;5.71;3.39;1.0;171;14728
33361;Simão Mate;0.36;1.96;6.02;0.0;7.07;4.41;1.0;30;2180
46793;David Simón;0.36;3.57;6.07;0.0;5.86;3.87;1.0;54;4299
46874;J. Babin;0.36;0.42;2.94;0.0;3.48;0.52;1.0;47;3951
47328;Ó. Duarte;0.36;0.39;3.47;0.0;5.1;1.28;1.0;111;8285
47389;Joan Jordán;0.36;2.52;1.53;0.0;2.58;1.94;1.0;244;16541
162032;Miguel Gutiérrez;0.36;3.96;2.0;0.0;3.88;3.42;1.0;112;8474
45;T. Lemar;0.35;2.08;0.97;0.0;2.65;2.27;1.0;176;7634
46;Vitolo;0.35;2.36;0.81;0.0;3.03;3.26;1.0;146;8165
1480;J. Mathieu;0.35;4.67;2.88;0.0;5.27;2.7;1.0;34;2300
2045;S. Kjær;0.35;3.05;3.6;0.0;6.45;0.7;1.0;46;3587
18800;Marc Navarro;0.35;0.99;1.96;0.0;2.73;1.68;1.0;35;2111
46665;Iñigo Pérez;0.35;2.42;1.22;0.0;2.48;1.59;1.0;54;2760
46738;M. Valjent;0.35;0.52;3.54;0.0;5.48;2.26;1.0;182;16036
47259;Bergara;0.35;0.66;0.72;0.0;1.91;0.78;1.0;49;3230
47340;P. Piatti;0.35;1.86;0.75;0.0;2.49;1.58;1.0;123;6339
47403;Unai Bustinza;0.35;3.19;5.1;0.0;6.12;2.7;1.0;100;8146
47487;Joaquín Fernández;0.35;0.35;4.3;0.0;5.82;1.48;1.0;91;6735
162686;Antonio Blanco;0.35;2.24;3.89;0.0;4.3;3.28;1.0;96;7324
2047;Aleix Vidal;0.34;3.56;1.75;0.0;3.6;2.38;1.0;138;7685
2469;G. Pezzella;0.34;0.41;4.66;0.0;6.28;2.31;1.0;147;12545
2670;Íñigo Martínez;0.34;4.0;3.54;0.0;6.16;2.18;1.0;276;24054
47405;Juanfran;0.34;5.77;3.33;0.0;6.01;4.54;1.0;127;10161
47515;Borja García;0.34;1.99;1.03;0.0;3.05;2.66;1.0;102;7254
119742;Juan Iglesias;0.34;1.89;4.68;0.0;6.07;3.61;1.0;142;9449
183849;Aitor Paredes;0.34;0.85;2.59;0.0;4.21;1.04;1.0;122;6567
185477;Rodri;0.34;1.85;0.82;0.0;3.08;2.86;1.0;98;4174
296667;Gavi;0.34;2.74;2.19;0.0;4.18;2.91;1.0;112;6894
166;J. Foyth;0.33;1.59;5.25;0.0;6.29;3.95;1.0;109;8575
15900;A. Mumin;0.33;0.37;3.46;0.0;5.08;2.21;1.0;93;4660
26302;Pablo Maffeo;0.33;2.98;4.93;0.0;6.86;5.58;1.0;196;15923
46824;Iván Alejo;0.33;2.85;1.73;0.0;5.39;3.68;1.0;129;6143
46898;Álex Alegría;0.33;0.47;0.4;0.0;2.22;0.85;1.0;49;2300
47076;Isma López;0.33;3.58;3.17;0.0;5.1;3.62;1.0;58;4230
47355;Rubén Duarte;0.33;2.67;4.62;0.0;5.94;2.71;1.0;212;16616
51449;G. Álvarez;0.33;0.64;3.39;0.0;4.58;2.19;1.0;56;4038
122468;Saúl Coco;0.33;1.89;2.91;0.0;5.91;2.14;1.0;33;2293
1567;A. Mandi;0.32;2.36;2.84;0.0;4.76;1.25;1.0;239;17228
1607;Guilherme;0.32;1.86;6.19;0.0;7.14;5.36;1.0;61;4925
2924;A. Januzaj;0.32;1.66;0.36;0.0;2.09;2.04;1.0;170;7711
21709;E. Loiodice;0.32;1.49;2.4;0.0;4.45;2.89;1.0;51;2468
46875;Canella;0.32;3.01;3.62;0.0;5.36;1.3;1.0;29;2460
47254;M. Olivera;0.32;2.88;4.78;0.0;7.17;4.5;1.0;104;8409
47288;Mikel San José Domínguez;0.32;2.69;2.48;0.0;4.1;2.16;1.0;137;9620
47371;J. Guidetti;0.32;0.56;0.11;0.0;1.12;0.64;1.0;130;4827
47418;Mikel Vesga;0.32;1.27;2.45;0.0;3.95;2.11;1.0;244;14276
47428;G. Cabral;0.32;1.57;6.21;0.0;6.44;1.53;1.0;106;8640
131535;Álex Suárez;0.32;1.21;3.66;0.0;5.63;2.04;1.0;62;5037
162123;I. Moriba;0.32;1.72;2.7;0.0;4.71;2.61;1.0;120;6486
332308;Unai Gómez;0.32;1.0;0.46;0.0;2.64;1.64;1.0;86;2584
1695;Santi Cazorla;0.31;2.91;1.22;0.0;3.0;2.2;1.0;82;5557
21004;L. Agoumé;0.31;3.81;4.44;0.0;5.68;3.78;1.0;65;4301
21648;C. Beauvue;0.31;0.71;0.24;0.0;1.45;0.66;1.0;51;2826
46653;David García;0.31;1.34;4.03;0.0;6.73;2.37;1.0;186;16256
46820;F. Ricca;0.31;2.24;6.69;0.0;6.38;2.78;1.0;43;3373
47085;Luis Milla;0.31;7.5;4.05;0.0;6.27;4.32;1.0;160;12661
47280;Beñat;0.31;6.45;1.88;0.0;3.41;2.32;1.0;130;8857
47302;Diego Llorente;0.31;1.25;2.51;0.0;3.26;1.54;1.0;171;14041
47473;Jason;0.31;2.94;1.7;0.0;3.32;2.15;1.0;113;6494
51112;Víctor Rodríguez;0.31;1.88;0.72;0.0;2.64;1.47;1.0;74;4104
283668;Arnau Martínez;0.31;2.63;3.92;0.0;5.81;3.48;1.0;127;7910
290740;Ilias Akhomach;0.31;1.08;0.78;0.0;2.11;1.82;1.0;54;2463
136;Piqué;0.3;3.71;2.62;0.0;5.17;2.61;1.0;206;17627
146;Álex Collado;0.3;1.23;0.77;0.0;1.72;1.22;1.0;46;1835
517;J. Rodríguez;0.3;1.4;0.52;0.0;1.25;0.85;1.0;67;3256
534;L. Magallán;0.3;0.75;3.98;0.0;5.41;1.43;1.0;31;2097
735;Nacho;0.3;2.0;3.03;0.0;4.94;2.42;1.0;219;14625
1563;Z. Feddal;0.3;2.5;2.83;0.0;3.73;1.92;1.0;116;9531
1574;Francis;0.3;4.59;3.04;0.0;6.79;5.04;1.0;36;2782
10169;Vinicius Souza;0.3;1.37;6.54;0.0;7.15;3.67;1.0;36;2438
31386;J. El Yamiq;0.3;0.68;4.38;0.0;5.78;3.34;1.0;49;3003
47253;Ignasi Miquel;0.3;0.9;2.98;0.0;3.85;2.14;1.0;61;5081
47361;D. Brašanac;0.3;1.48;1.91;0.0;3.55;1.81;1.0;211;12671
47380;Marc Cucurella;0.3;3.16;2.52;0.0;4.11;2.44;1.0;106;8878
47457;Rúben Vezo;0.3;0.74;4.83;0.0;5.54;3.01;1.0;165;13045
104980;Roberto Trashorras Gayoso;0.3;0.0;0.0;0.0;0.0;0.0;1.0;36;3118
158378;E. Barrenechea;0.3;2.38;4.5;0.0;6.64;3.38;1.0;30;2207
174918;L. Badé;0.3;2.27;4.87;0.0;6.49;4.06;1.0;79;6418
182772;Juanlu Sánchez;0.3;3.44;3.28;0.0;5.47;3.57;1.0;76;4120
104793;A. Ndiaye;0.29;0.87;0.99;0.0;2.77;2.1;1.0;134;6815
104853;Asier Villalibre;0.29;0.46;0.08;0.0;1.5;0.67;1.0;118;3633
107194;Antonio Sánchez;0.29;1.0;1.88;0.0;3.75;3.1;1.0;140;6242
855;João Cancelo;0.28;2.4;1.88;0.0;2.66;2.48;1.0;98;7231
1691;Mario Gaspar;0.28;2.37;4.4;0.0;5.15;2.58;1.0;193;15955
2128;Miguel Lopes;0.28;1.9;8.91;0.0;7.37;4.83;1.0;26;1972
2291;M. Kovačić;0.28;3.32;3.72;0.0;6.45;7.37;1.0;73;3703
46764;Brian Oliván;0.28;4.17;2.81;0.0;4.18;1.68;1.0;75;5618
47362;Burgui;0.28;1.72;0.29;0.0;1.94;1.73;1.0;100;4592
47534;Alejandro Gálvez;0.28;1.35;2.45;0.0;3.81;0.99;1.0;58;4726
15;T. Delaney;0.27;0.92;1.81;0.0;3.63;1.44;1.0;34;1849
914;Álex Centelles;0.27;3.17;2.71;0.0;4.18;2.21;1.0;29;2101
922;F. Roncaglia;0.27;1.23;5.74;0.0;6.26;3.76;1.0;105;8397
1983;E. Roco;0.27;0.26;4.33;0.0;5.97;2.31;1.0;85;6671
46818;Luis Hernández;0.27;1.9;2.81;0.0;4.3;1.06;1.0;151;13380
47080;Jorge Sáenz;0.27;0.24;3.65;0.0;4.41;1.95;1.0;30;2062
47292;K. Kodro;0.27;0.18;0.08;0.0;1.14;0.58;1.0;68;2468
47301;Robin Le Normand;0.27;1.78;2.54;0.0;5.21;1.22;1.0;281;22455
47356;Rodrigo Ely;0.27;0.68;3.29;0.0;5.17;2.11;1.0;115;9674
47378;Bigas;0.27;3.55;4.48;0.0;5.92;2.25;1.0;191;14600
47408;J. Silva;0.27;2.59;2.1;0.0;3.2;1.89;1.0;72;5707
47433;L. Olaza;0.27;3.32;3.36;0.0;4.96;2.41;1.0;105;8708
47557;Ó. Trejo;0.27;2.44;1.0;0.0;3.19;2.95;1.0;147;7883
70500;Sergi Cardona;0.27;4.04;3.6;0.0;4.24;1.89;1.0;87;6774
195923;José Ángel Carmona;0.27;1.39;3.08;0.0;3.81;2.19;1.0;104;7034
384135;Javi Rodríguez;0.27;2.2;2.77;0.0;4.18;1.8;1.0;54;3741
23;Sergio Gómez;0.26;4.98;4.93;0.0;5.79;3.15;1.0;87;4949
135;J. Murillo;0.26;0.78;3.3;0.0;5.06;2.15;1.0;88;6923
915;Gabriel Paulista;0.26;1.25;2.72;0.0;4.54;0.94;1.0;204;15649
1565;Edgar González;0.26;0.53;3.65;0.0;5.54;2.53;1.0;123;8218
6085;C. Benavídez;0.26;0.43;1.21;0.0;2.32;0.86;1.0;71;1882
47304;Kévin Rodrigues;0.26;1.82;2.39;0.0;3.45;2.54;1.0;91;5681
47329;Adrià Pedrosa;0.26;1.95;1.94;0.0;2.93;1.75;1.0;162;9709
47360;Ximo Navarro;0.26;1.01;5.12;0.0;6.08;3.97;1.0;134;10773
47384;Cote;0.26;3.58;3.47;0.0;5.69;5.19;1.0;137;10442
47504;Alcalá;0.26;0.35;4.22;0.0;5.12;2.07;1.0;46;3461
47550;Mario Suárez;0.26;0.87;1.11;0.0;2.75;1.75;1.0;51;3242
47553;Bebé;0.26;0.74;0.21;0.0;1.36;1.41;1.0;144;5745
47565;Xabier Etxeita;0.26;1.03;3.1;0.0;4.65;0.82;1.0;104;8579
47578;Christian Rivera;0.26;0.85;2.36;0.0;3.06;2.17;1.0;51;2956
237066;Rafa Marín;0.26;1.72;4.07;0.0;4.92;1.34;1.0;50;3686
150;Arthur;0.25;4.05;2.84;0.0;5.97;5.09;1.0;63;3568
371;Felipe;0.25;0.95;2.45;0.0;3.75;1.56;1.0;85;5840
10122;Renan Lodi;0.25;1.43;1.96;0.0;3.61;2.86;1.0;84;4696
46656;Oier;0.25;1.8;2.43;0.0;4.75;2.56;1.0;122;8311
46759;A. Espino;0.25;2.29;3.64;0.0;4.99;3.01;1.0;223;16085
46762;M. Mauro;0.25;0.13;1.56;0.0;2.49;0.06;1.0;27;1961
46805;Pedro Mosquera;0.25;2.05;5.23;0.0;5.75;4.18;1.0;110;8296
46973;Josan;0.25;2.29;1.1;0.0;3.21;2.87;1.0;112;4639
47275;De Marcos;0.25;3.88;3.52;0.0;4.89;2.07;1.0;263;19514
47279;Iñigo Córdoba;0.25;1.46;1.46;0.0;2.86;2.26;1.0;87;4549
47423;Sabin Merino;0.25;0.32;0.28;0.0;1.15;0.44;1.0;62;2298
286084;Sergi Altimira;0.25;1.66;2.93;0.0;4.15;2.45;1.0;100;3823
290106;Pablo Marín;0.25;1.04;0.81;0.0;2.76;2.34;1.0;67;2347
295793;Marc Pubill;0.25;2.85;3.88;0.0;5.4;2.49;1.0;44;3053
340;S. Babić;0.24;0.5;1.66;0.0;2.62;0.89;1.0;35;3088
403;M. Nastasić;0.24;0.26;2.86;0.0;3.57;0.41;1.0;66;5273
926;G. Kondogbia;0.24;1.46;4.58;0.0;5.78;4.67;1.0;169;9591
47310;Illarramendi;0.24;2.34;2.53;0.0;3.71;2.57;1.0;167;12851
47383;Paulo Oliveira;0.24;0.39;5.31;0.0;6.6;2.39;1.0;111;9187
47391;Rubén Peña;0.24;2.41;2.73;0.0;4.4;3.85;1.0;213;12746
127426;Pol Lozano;0.24;1.95;2.46;0.0;3.62;1.07;1.0;59;3539
755;Jaime Seoane;0.23;0.72;1.35;0.0;2.77;1.87;1.0;67;2407
1461;Denis Suárez;0.23;2.13;1.06;0.0;2.82;2.61;1.0;293;15793
1701;Manu Morlanes;0.23;1.58;3.28;0.0;4.47;2.78;1.0;135;6746
30924;M. Kumbulla;0.23;0.2;2.41;0.0;4.09;1.58;1.0;42;3395
46709;Álvaro Tejero;0.23;3.36;1.35;0.0;3.31;1.3;1.0;58;2816
47262;Portillo;0.23;1.82;0.99;0.0;2.84;2.62;1.0;143;6901
47492;Toni Villa;0.23;1.11;0.93;0.0;1.97;1.74;1.0;98;5105
130;Nélson Semedo;0.22;2.36;3.61;0.0;6.09;5.83;1.0;82;5192
1573;A. Guardado;0.22;2.07;2.2;0.0;3.99;3.09;1.0;193;11213
2553;G. Maripán;0.22;0.39;3.63;0.0;3.99;1.58;1.0;43;3625
5914;M. Díaz;0.22;3.03;4.49;0.0;4.59;3.0;1.0;40;2626
18998;Camarasa;0.22;1.64;1.46;0.0;2.88;2.05;1.0;113;7270
47377;Anaitz Arbilla;0.22;1.45;4.73;0.0;5.66;4.11;1.0;141;11373
49;T. Partey;0.21;1.33;2.66;0.0;4.02;2.75;1.0;146;8932
133;C. Lenglet;0.21;2.4;2.67;0.0;3.72;1.86;1.0;189;14724
414;Omar Mascarell;0.21;1.46;4.52;0.0;5.36;3.47;1.0;199;13694
481;G. Krychowiak;0.21;2.5;10.0;0.0;8.09;5.15;1.0;26;2270
921;C. Piccini;0.21;0.69;1.7;0.0;2.35;2.02;1.0;73;5493
6503;N. Molina;0.21;2.47;2.25;0.0;3.9;2.7;1.0;116;6867
18902;Kenedy;0.21;0.68;0.48;0.0;1.16;1.11;1.0;73;2340
19026;L. de la Torre;0.21;1.32;1.12;0.0;2.34;1.62;1.0;71;3472
44318;Petros;0.21;2.78;8.1;0.0;7.6;5.39;1.0;62;4471
46749;L. Junior;0.21;0.36;0.45;0.0;1.44;0.97;1.0;46;2411
46782;Manu Vallejo;0.21;0.36;0.24;0.0;0.85;0.42;1.0;68;2006
46965;Gonzalo Verdú;0.21;0.59;3.02;0.0;5.01;1.3;1.0;68;5046
46982;Gonzalo Villar;0.21;1.15;1.54;0.0;4.11;3.52;1.0;61;2524
46998;Juan Cala;0.21;0.54;1.93;0.0;3.51;1.46;1.0;87;7065
47274;Capa;0.21;1.29;2.11;0.0;2.9;2.38;1.0;196;14677
47439;S. Lobotka;0.21;3.69;3.01;0.0;5.96;5.95;1.0;86;6943
50228;S. Vergini;0.21;1.93;6.46;0.0;5.51;5.16;1.0;26;2202
51251;Andreu Fontàs;0.21;4.67;2.67;0.0;4.65;1.12;1.0;36;2886
181734;Pep Chavarría;0.21;2.5;3.16;0.0;5.06;2.92;1.0;127;5967
182560;Oier Zarraga;0.21;0.78;0.99;0.0;2.75;1.98;1.0;73;2089
284300;Álvaro Fernández;0.21;5.12;3.47;0.0;4.92;3.2;1.0;32;2084
20;A. Witsel;0.2;1.72;2.83;0.0;5.62;2.15;1.0;208;13037
31;J. Giménez;0.2;1.6;3.28;0.0;5.14;1.74;1.0;252;18839
144;Sergio Busquets;0.2;7.62;5.36;0.0;6.97;5.14;1.0;269;21488
505;D. Alaba;0.2;2.3;1.31;0.0;1.97;0.45;1.0;87;6020
1566;Emerson Royal;0.2;2.28;3.12;0.0;4.11;2.17;1.0;76;6241
1688;R. Funes Mori;0.2;1.09;2.76;0.0;4.3;1.51;1.0;48;3804
46667;Kike Barja;0.2;1.2;0.44;0.0;2.05;2.0;1.0;136;4770
46679;Quini;0.2;1.82;4.94;0.0;5.71;3.51;1.0;88;6253
47255;Antunes;0.2;2.54;2.64;0.0;3.08;2.43;1.0;63;4983
47506;Raúl Carnero;0.2;2.57;2.03;0.0;3.04;2.7;1.0;76;5650
47561;Carlos Akapo;0.2;0.88;5.38;0.0;6.06;3.68;1.0;51;3736
47988;C. Starfelt;0.2;2.23;4.3;0.0;5.8;0.95;1.0;78;5532
48372;E. Cömert;0.2;0.08;1.84;0.0;2.39;1.02;1.0;60;4068
66407;L. Krejčí;0.2;2.35;1.61;0.0;2.75;1.32;1.0;36;2619
104808;Enric Saborit;0.2;1.01;4.47;0.0;4.89;1.72;1.0;28;1889
162106;Y. Musah;0.2;1.66;2.06;0.0;5.62;4.83;1.0;95;4926
162931;Fran Pérez;0.2;1.43;0.89;0.0;2.87;2.44;1.0;175;6289
183744;Beñat Turrientes;0.2;0.61;1.12;0.0;3.13;2.63;1.0;123;3479
195100;Natan;0.2;0.92;3.74;0.0;6.05;1.95;1.0;51;3885
278898;C. Riad;0.2;1.1;2.42;0.0;3.33;0.08;1.0;27;2165
622;Aymeric Laporte;0.19;3.02;4.09;0.0;6.18;1.63;1.0;89;7649
924;F. Coquelin;0.19;0.99;3.07;0.0;4.69;3.16;1.0;139;7551
1687;Jaume Costa;0.19;2.91;3.29;0.0;5.28;3.28;1.0;220;16120
2054;Jesús Navas;0.19;4.02;1.84;0.0;4.02;3.16;1.0;231;16872
2610;G. González;0.19;1.66;2.45;0.0;4.49;2.94;1.0;77;3751
2819;S. Mitrović;0.19;0.31;2.12;0.0;4.39;1.1;1.0;65;5052
18740;Jonny;0.19;3.85;5.73;0.0;6.24;5.22;1.0;124;10307
46714;M. Malsa;0.19;0.94;2.16;0.0;2.93;2.36;1.0;66;3539
46775;Salvi;0.19;0.54;0.49;0.0;1.45;0.85;1.0;76;3852
46861;Omar Ramos;0.19;6.18;0.8;0.0;6.0;5.87;1.0;38;2431
47365;Tomás Pina;0.19;1.82;3.34;0.0;5.73;4.13;1.0;167;11750
47407;A. Nyom;0.19;0.91;0.87;0.0;2.27;1.04;1.0;120;7880
47415;Rubén Pérez;0.19;1.64;5.66;0.0;6.21;4.21;1.0;149;12006
56283;Lucas Rosa;0.19;2.29;5.09;0.0;6.02;3.45;1.0;53;2829
140;Thomas Vermaelen;0.18;3.28;1.63;0.0;3.7;0.47;1.0;33;2111
739;Reguilón;0.18;2.99;1.98;0.0;3.66;2.86;1.0;56;3936
760;M. Díaz;0.18;0.32;0.09;0.0;1.03;0.43;1.0;92;2361
1482;Thierry Correia;0.18;2.12;3.85;0.0;5.76;3.8;1.0;136;9721
1906;A. Rami;0.18;2.74;2.88;0.0;5.74;2.22;1.0;49;4212
2433;R. Tapia;0.18;0.79;3.15;0.0;4.55;3.28;1.0;158;9365
19533;Jota Peleteiro;0.18;2.99;1.35;0.0;3.36;3.15;1.0;41;2302
35903;Alejandro Arribas;0.18;0.14;4.38;0.0;4.13;2.53;1.0;57;4914
44419;Aderllan Santos;0.18;0.58;8.21;0.0;6.16;2.08;1.0;29;2520
46739;I. Baba;0.18;0.71;2.55;0.0;4.65;3.79;1.0;116;8035
47087;U. Račić;0.18;0.56;1.7;0.0;3.29;2.72;1.0;59;3480
47109;Óscar Valentín;0.18;1.13;5.13;0.0;6.04;2.54;1.0;160;10868
47195;Álvaro Aguado;0.18;1.91;0.88;0.0;3.15;2.35;1.0;50;2317
47257;D. Suárez;0.18;4.41;4.0;0.0;5.81;3.59;1.0;247;19774
47260;S. Cristóforo;0.18;1.52;3.21;0.0;4.68;2.89;1.0;54;2764
47435;Fran Beltrán;0.18;1.52;2.06;0.0;3.03;2.23;1.0;250;15710
47568;Miramón;0.18;2.91;4.22;0.0;5.66;4.81;1.0;117;8635
182617;Beñat Prados;0.18;0.89;2.22;0.0;3.09;2.04;1.0;58;3256
285909;Pablo Torre;0.18;1.46;0.33;0.0;1.47;0.91;1.0;63;1855
33;L. Hernández;0.17;0.78;6.49;0.0;7.19;4.09;1.0;66;5322
748;Dani Ceballos;0.17;3.69;2.15;0.0;3.85;2.68;1.0;195;10158
1439;Héctor Bellerín;0.17;3.61;2.49;0.0;3.95;2.67;1.0;74;5511
1630;M. Musacchio;0.17;2.97;4.2;0.0;5.45;1.53;1.0;36;3077
1689;Álvaro González;0.17;0.97;3.31;0.0;4.74;1.09;1.0;127;11155
2870;N. Araújo;0.17;0.67;3.58;0.0;5.55;2.41;1.0;133;10610
41976;Y. Neyou;0.17;1.1;2.19;0.0;3.76;2.59;1.0;66;4715
42039;Gabriel Fernández Arenas;0.17;6.48;3.19;0.0;6.44;4.14;1.0;103;8126
46731;P. Estupiñán;0.17;1.81;2.61;0.0;3.39;2.34;1.0;91;5891
46801;M. Krohn-Dehli;0.17;2.87;1.49;0.0;2.7;2.3;1.0;53;3096
47271;Yeray;0.17;1.82;3.94;0.0;6.01;3.11;1.0;223;17457
47480;M. Salisu;0.17;0.46;4.84;0.0;6.42;4.69;1.0;31;2726
47481;Nacho Martínez;0.17;4.43;5.33;0.0;5.95;3.6;1.0;103;8571
53490;Víctor Guillermo Álvarez Delgado;0.17;1.22;2.56;0.0;3.43;1.7;1.0;31;2170
64309;Manu Sánchez;0.17;1.96;3.12;0.0;3.77;1.93;1.0;213;13763
182621;Iker Muñoz;0.17;0.3;0.78;0.0;2.63;1.08;1.0;86;3054
382;H. Herrera;0.16;2.27;2.35;0.0;4.73;4.2;1.0;58;2651
452;Fernando;0.16;2.12;3.31;0.0;4.43;2.54;1.0;124;9096
531;D. Blind;0.16;5.54;4.58;0.0;5.65;3.49;1.0;89;7340
1564;Junior Firpo;0.16;2.53;2.74;0.0;4.05;2.05;1.0;70;4965
1693;Víctor Ruiz;0.16;2.11;3.21;0.0;4.77;1.67;1.0;167;13886
2772;K. Omeruo;0.16;2.03;4.36;0.0;5.32;3.48;1.0;51;4312
2875;D. Reyes;0.16;0.35;4.32;0.0;4.2;2.4;1.0;67;5522
46825;K. Bare;0.16;0.86;1.73;0.0;3.52;2.05;1.0;50;1990
47041;Alberto Perea;0.16;0.86;0.82;0.0;1.92;2.16;1.0;48;2367
47100;Iza Carcelén;0.16;2.06;4.62;0.0;6.16;4.5;1.0;119;8945
47277;Unai Núñez;0.16;0.86;3.31;0.0;4.63;2.66;1.0;217;15544
47298;Elustondo;0.16;0.71;2.09;0.0;4.07;1.67;1.0;253;16474
47335;Dídac Vilá Rosselló;0.16;2.14;2.55;0.0;3.11;1.9;1.0;80;5773
47342;Víctor Sánchez Mata;0.16;4.73;4.5;0.0;5.82;4.03;1.0;134;10008
333672;César Tárrega;0.16;1.08;2.36;0.0;3.26;2.21;1.0;54;4618
30;S. Arias;0.15;1.2;2.2;0.0;2.83;1.44;1.0;51;3279
1562;Sidnei;0.15;1.35;3.1;0.0;3.58;1.82;1.0;99;7884
2285;A. Rüdiger;0.15;3.13;2.06;0.0;4.56;1.1;1.0;106;8020
22225;Reinildo;0.15;0.72;3.45;0.0;5.04;2.21;1.0;102;4838
25345;K. Rekik;0.15;1.38;2.06;0.0;4.47;2.36;1.0;45;2928
40419;A. Sedlar;0.15;0.28;2.03;0.0;3.61;0.9;1.0;68;2759
46657;Nacho Vidal;0.15;0.58;2.18;0.0;3.14;1.71;1.0;159;10906
47314;Zubeldia;0.15;2.24;3.66;0.0;5.45;2.62;1.0;257;19370
47484;Antoñito;0.15;2.7;3.58;0.0;5.05;3.3;1.0;45;2880
129;Chumi;0.14;0.57;3.39;0.0;5.15;2.88;1.0;52;3916
2282;A. Christensen;0.14;1.69;1.11;0.0;2.92;0.42;1.0;87;4419
2490;J. Lerma;0.14;3.3;5.81;0.0;7.54;5.34;1.0;59;4823
18965;Martín Montoya;0.14;1.45;3.44;0.0;3.62;1.45;1.0;84;6753
46652;Unai García;0.14;0.36;2.18;0.0;2.96;1.25;1.0;98;7394
46795;Domingos Duarte;0.14;0.29;2.76;0.0;5.43;1.14;1.0;204;14121
46817;Diego González;0.14;0.26;2.6;0.0;4.41;1.55;1.0;86;5590
47256;Miguel Rubio;0.14;0.07;1.09;0.0;2.25;1.05;1.0;41;1893
47309;Guevara;0.14;1.14;1.86;0.0;3.65;2.58;1.0;184;9582
47460;Róber Pier;0.14;0.62;3.94;0.0;4.04;3.01;1.0;110;8432
47483;Kiko Olivas;0.14;0.21;2.88;0.0;3.56;2.66;1.0;75;6217
47519;Pedro Porro;0.14;2.22;3.1;0.0;5.17;4.42;1.0;45;2948
182592;Jorge Herrando;0.14;0.41;3.02;0.0;4.55;1.66;1.0;55;3959
39;S. Savić;0.13;1.13;4.15;0.0;6.0;3.37;1.0;227;18306
434;Mariano;0.13;4.87;6.05;0.0;6.12;4.51;1.0;54;4327
570;F. Cervi;0.13;0.85;1.2;0.0;2.08;0.99;1.0;131;4556
919;Hugo Guillamón;0.13;1.26;1.56;0.0;3.84;1.53;1.0;173;8202
2043;Daniel Filipe Martins Carriço;0.13;2.86;2.43;0.0;2.69;2.17;1.0;61;4943
18867;Diego Rico;0.13;2.51;3.77;0.0;4.61;2.37;1.0;176;14631
21701;V. Rosier;0.13;1.93;4.54;0.0;5.65;3.53;1.0;48;3635
46651;Clerc;0.13;2.51;4.23;0.0;5.84;4.91;1.0;134;10735
46654;Aridane;0.13;0.62;3.43;0.0;6.0;2.46;1.0;124;10301
46677;Víctor Díaz;0.13;1.24;2.25;0.0;3.06;1.18;1.0;102;7183
46772;José Mari;0.13;0.38;1.15;0.0;1.86;1.0;1.0;66;3043
47007;Ruíz de Galarreta;0.13;3.2;3.52;0.0;6.09;5.63;1.0;126;8676
47359;Carlos Vigaray;0.13;1.61;4.21;0.0;4.93;2.1;1.0;53;3678
47453;Toño;0.13;4.16;2.01;0.0;4.73;4.94;1.0;92;7553
47459;Chema Rodríguez;0.13;0.36;1.54;0.0;2.23;0.48;1.0;59;4179
70546;Fernando Gabriel Amorebieta Mardaras;0.13;2.18;3.42;0.0;6.41;3.72;1.0;27;2221
161928;Alejandro Balde;0.13;3.44;2.15;0.0;5.38;4.7;1.0;113;7475
162175;Jesús Vázquez;0.13;0.77;1.37;0.0;3.45;2.79;1.0;127;3424
1698;Javi Fuego;0.12;1.97;1.8;0.0;3.9;1.79;1.0;90;6728
21099;Rene Krhin;0.12;2.72;3.77;0.0;6.51;5.2;1.0;36;2368
24793;Jorge Meré;0.12;0.02;2.63;0.0;3.76;1.0;1.0;76;6225
46661;Fran Mérida;0.12;1.94;1.36;0.0;2.42;3.03;1.0;48;2233
46854;Viti Rozada;0.12;2.06;5.41;0.0;6.48;3.57;1.0;29;1988
47073;M. Dos Santos;0.12;0.22;4.28;0.0;5.38;1.32;1.0;56;4423
47229;Fali;0.12;0.84;4.02;0.0;5.46;1.93;1.0;92;7000
47252;Bruno;0.12;0.77;2.39;0.0;3.64;1.64;1.0;126;10268
47281;Dani García;0.12;1.2;3.26;0.0;4.93;2.67;1.0;286;20889
47299;Gorosabel;0.12;1.41;2.08;0.0;3.52;2.22;1.0;266;17067
47385;Sergio Álvarez;0.12;1.1;4.92;0.0;6.25;3.59;1.0;127;8972
47458;Postigo;0.12;0.92;3.43;0.0;4.81;1.69;1.0;114;8725
47514;Valery;0.12;0.66;0.45;0.0;1.75;1.2;1.0;87;2620
433;Marcão;0.11;0.01;1.34;0.0;3.87;1.22;1.0;75;2236
653;F. Mendy;0.11;2.3;1.45;0.0;3.43;2.84;1.0;150;9854
737;Odriozola;0.11;0.6;0.44;0.0;0.74;0.41;1.0;98;7163
1484;R. Battaglia;0.11;0.32;2.47;0.0;4.75;2.5;1.0;73;4351
2051;M. Gonalons;0.11;2.3;4.13;0.0;5.31;4.5;1.0;79;5082
2724;L. Digne;0.11;3.23;3.94;0.0;5.15;3.15;1.0;29;1877
2992;"A. N&apos;Diaye";0.11;0.69;2.12;0.0;1.97;1.45;1.0;43;3220
10236;Míchel Macedo;0.11;3.49;4.0;0.0;5.98;4.31;1.0;53;4223
13073;J. Mascherano;0.11;5.72;2.95;0.0;4.57;1.71;1.0;64;5150
47251;D. Foulquier;0.11;1.44;2.28;0.0;4.63;3.15;1.0;266;18446
47330;Naldo;0.11;0.74;4.7;0.0;5.56;2.17;1.0;45;3619
47441;N. Radoja;0.11;1.25;3.8;0.0;5.66;4.71;1.0;153;9302
47508;Muniesa;0.11;1.05;7.44;0.0;6.89;4.51;1.0;32;2532
199;Šime Vrsaljko;0.1;1.46;2.55;0.0;4.11;1.97;1.0;70;4410
1234;A. Král;0.1;1.44;3.91;0.0;5.89;4.59;1.0;37;2710
2042;Sergi Gómez;0.1;0.68;2.59;0.0;3.89;0.38;1.0;244;17138
2280;César Azpilicueta;0.1;1.4;3.08;0.0;4.39;0.99;1.0;69;2976
18949;Oriol Romeu;0.1;1.07;1.94;0.0;2.99;1.94;1.0;86;5239
46688;Álex Pozo;0.1;1.62;1.71;0.0;2.88;1.59;1.0;121;6601
46691;Fede San Emeterio;0.1;0.61;2.13;0.0;3.38;1.09;1.0;98;6060
46720;D. Torres;0.1;0.7;2.57;0.0;2.99;2.4;1.0;41;2726
46813;A. Abqar;0.1;0.95;3.39;0.0;4.65;1.87;1.0;70;5472
46968;Óscar Gil;0.1;2.64;5.01;0.0;5.93;4.18;1.0;55;4270
47455;Antonio Luna;0.1;3.27;4.76;0.0;5.44;4.18;1.0;80;6400
47478;Fernando Calero;0.1;1.19;3.67;0.0;4.72;1.27;1.0;152;9079
333682;Cristhian Mosquera;0.1;0.84;3.21;0.0;4.12;1.92;1.0;82;6746
1264;Y. Sabaly;0.09;1.82;3.18;0.0;5.08;3.53;1.0;83;5105
2486;H. Palacios;0.09;1.01;4.1;0.0;5.91;4.52;1.0;63;4592
25914;Aarón Martín;0.09;2.67;4.57;0.0;6.01;5.38;1.0;81;6940
46966;Dani Calvo;0.09;0.0;2.46;0.0;4.73;0.4;1.0;32;2480
46992;Dani Castellano;0.09;2.22;6.42;0.0;7.04;6.37;1.0;78;6383
47511;Juanpe;0.09;1.44;1.45;0.0;4.21;0.77;1.0;172;8745
47563;Luis Carlos Correia Pinto;0.09;1.79;1.95;0.0;3.48;2.57;1.0;88;6305
64268;J. Mojica;0.09;2.32;1.77;0.0;3.11;2.07;1.0;225;15814
90646;Pablo Insua;0.09;0.25;4.69;0.0;5.83;2.2;1.0;59;4266
405073;Jon Martín;0.09;1.12;2.56;0.0;4.86;1.6;1.0;59;2093
139;S. Umtiti;0.08;2.09;2.32;0.0;3.55;2.03;1.0;91;7187
920;Toni Lato;0.08;1.13;1.62;0.0;2.83;1.56;1.0;157;6755
1571;Francisco Javier  García Fernández;0.08;2.47;0.53;0.0;2.34;1.81;1.0;53;3304
6003;E. Pérez;0.08;2.73;7.34;0.0;7.55;6.25;1.0;47;3462
46991;Aythami Artiles Oliva;0.08;1.46;3.32;0.0;3.37;0.64;1.0;45;3662
47306;Álex Sola;0.08;0.62;0.5;0.0;1.49;1.25;1.0;86;2824
47339;Óscar Melendo;0.08;2.11;0.81;0.0;4.87;4.29;1.0;142;6224
47443;O. Yokuşlu;0.08;0.59;1.57;0.0;3.15;2.12;1.0;87;5230
47452;E. Cabaco;0.08;0.27;1.81;0.0;3.64;0.42;1.0;80;5484
90498;E. Mangala;0.08;0.05;2.18;0.0;3.02;1.06;1.0;45;3641
162058;Víctor Chust;0.08;1.51;3.51;0.0;4.91;1.71;1.0;88;5892
181582;Copete;0.08;1.22;3.86;0.0;5.56;3.41;1.0;121;6594
181701;Gerard Martín;0.08;3.55;2.47;0.0;5.27;2.17;1.0;56;2078
183699;Urko González;0.08;0.86;1.76;0.0;2.26;1.05;1.0;46;2972
1899;A. Abdennour;0.07;2.46;5.48;0.0;5.68;2.62;1.0;35;2730
46920;Y. Eteki;0.07;0.38;1.72;0.0;3.53;2.61;1.0;65;3162
46994;De la Bella;0.07;6.13;3.83;0.0;6.53;3.18;1.0;32;2777
47276;Lekue;0.07;1.1;1.75;0.0;3.35;2.13;1.0;249;12664
47307;Joseba Zaldúa;0.07;1.15;2.53;0.0;4.02;1.74;1.0;172;12425
47454;Pedro López;0.07;2.09;2.54;0.0;4.78;2.92;1.0;68;4420
135334;S. Bueno;0.07;1.29;2.06;0.0;2.82;0.95;1.0;34;3012
311773;S. Mouriño;0.07;0.89;4.46;0.0;4.73;2.55;1.0;45;2949
314;Raúl Albiol;0.06;2.48;2.44;0.0;5.25;1.14;1.0;184;14177
1692;Xavi Quintillà;0.06;3.49;2.83;0.0;3.79;1.78;1.0;26;2201
20520;I. Balliu;0.06;1.6;1.76;0.0;3.52;2.06;1.0;156;10732
30396;C. Biraghi;0.06;2.28;6.3;0.0;6.11;2.96;1.0;32;2822
46682;Carlos Neva;0.06;2.05;3.22;0.0;5.32;3.0;1.0;110;9279
46757;Rober Correa;0.06;2.59;3.63;0.0;6.51;4.38;1.0;34;2539
46829;Mehdi Lacen;0.06;0.84;0.62;0.0;2.25;1.02;1.0;50;3785
47078;Luis Pérez;0.06;2.65;3.6;0.0;5.43;3.49;1.0;80;5076
47305;Raúl Navas;0.06;1.28;3.16;0.0;3.02;1.37;1.0;63;5471
47434;Kevin Vázquez;0.06;0.92;2.77;0.0;4.01;2.33;1.0;68;4596
47510;Jonás Ramalho;0.06;0.68;1.26;0.0;2.49;1.14;1.0;56;4465
47531;Jordi Amat;0.06;1.98;4.64;0.0;5.87;5.51;1.0;56;4816
47537;Tito;0.06;3.0;3.43;0.0;5.12;1.83;1.0;76;6068
63542;M. Hongla;0.06;0.24;2.17;0.0;2.89;1.89;1.0;39;2668
162026;Marvin Park;0.06;1.33;2.42;0.0;4.27;1.99;1.0;58;3013
41;Juanfran;0.05;5.26;3.25;0.0;5.47;3.81;1.0;97;7924
1847;Luiz Felipe;0.05;0.27;2.41;0.0;2.46;0.71;1.0;64;4545
1926;J. Aidoo;0.05;0.3;1.36;0.0;2.13;1.04;1.0;142;10729
2468;G. Montiel;0.05;1.14;0.84;0.0;1.68;0.85;1.0;52;2702
9700;Abner;0.05;0.77;1.58;0.0;3.25;1.91;1.0;54;2027
22086;T. Kolodziejczak;0.05;0.91;3.65;0.0;3.39;2.47;1.0;34;2712
46823;Miguel Torres Gómez;0.05;2.29;2.97;0.0;4.7;0.4;1.0;53;4198
47272;Balenziaga;0.05;1.22;1.86;0.0;3.35;2.03;1.0;157;12220
47303;Aihen Muñoz;0.05;1.18;2.48;0.0;4.62;2.72;1.0;165;9078
47566;Javi Galán;0.05;2.0;2.06;0.0;3.41;2.79;1.0;180;14413
72048;C. Özkacar;0.05;0.22;2.33;0.0;3.86;1.11;1.0;111;4478
122756;Sergio Ruiz;0.05;2.08;4.78;0.0;6.99;5.0;1.0;35;2503
182636;Javi López;0.05;0.98;1.28;0.0;2.87;1.97;1.0;101;5612
313651;Hugo Sotelo;0.05;3.51;1.9;0.0;2.89;1.15;1.0;97;2924
329728;Marc Casadó;0.05;2.9;1.45;0.0;2.62;1.22;1.0;65;2275
13114;A. Fernández;0.04;0.57;1.82;0.0;1.97;1.28;1.0;48;2807
47354;Martín Aguirregabiria;0.04;2.17;4.06;0.0;5.84;3.92;1.0;129;9126
50009;J. Jønsson;0.04;1.56;5.13;0.0;5.95;4.14;1.0;57;3943
182181;Jesús Areso;0.04;3.63;2.48;0.0;4.99;3.73;1.0;94;7105
256;Dani Alves;0.03;0.85;0.6;0.0;0.64;0.55;1.0;29;2147
2202;H. Traoré;0.03;1.16;1.42;0.0;2.41;1.59;1.0;49;3002
18794;Kiko Femenía;0.03;2.54;4.21;0.0;5.0;3.41;1.0;213;13547
46650;Lillo;0.03;0.64;2.08;0.0;2.55;0.77;1.0;39;2879
47250;D. Dakonam;0.03;0.71;3.3;0.0;5.89;4.2;1.0;291;24727
47284;Iturraspe;0.03;2.19;1.11;0.0;2.15;1.03;1.0;81;4089
47358;Adrián Marín;0.03;0.62;1.87;0.0;2.11;0.97;1.0;59;3565
47482;Javi Moyano;0.03;0.95;1.63;0.0;3.27;2.75;1.0;55;4442
47539;U. Agbo;0.03;1.03;2.69;0.0;3.31;2.5;1.0;43;3012
95590;M. Iturra;0.03;1.41;1.46;0.0;3.07;2.02;1.0;29;2040
133110;T. Nianzou;0.03;0.34;0.95;0.0;2.81;1.25;1.0;67;2546
162122;Adrià Alti;0.03;0.36;0.91;0.0;1.84;1.35;1.0;55;2433
182546;Jon Pacheco;0.03;0.81;1.96;0.0;3.37;1.11;1.0;126;5388
169;K. Trippier;0.02;5.08;4.39;0.0;6.22;4.16;1.0;68;5436
741;Vallejo;0.02;0.25;0.8;0.0;1.11;0.5;1.0;57;3520
1560;Barragán;0.02;2.8;2.87;0.0;5.0;2.02;1.0;122;8873
1631;R. Rodríguez;0.02;1.27;1.73;0.0;4.32;1.53;1.0;48;2062
1685;D. Bonera;0.02;1.91;1.39;0.0;2.86;0.5;1.0;40;2937
2701;Y. Bounou;0.02;0.2;0.0;4.98;2.47;0.66;1.0;158;14015
6084;G. Silva;0.02;0.42;3.25;0.0;3.76;0.77;1.0;34;2345
47333;Javi López;0.02;2.2;6.97;0.0;7.19;4.82;1.0;104;8250
182718;Joan García;0.02;0.0;0.0;5.3;3.87;0.4;1.0;130;8477
286559;Carlos Domínguez;0.02;1.36;1.77;0.0;3.34;0.8;1.0;130;4034
2813;M. Dmitrović;0.01;0.09;0.0;5.51;3.37;0.48;1.0;268;19516
6492;J. Ledesma;0.01;0.12;0.0;7.35;4.54;2.04;1.0;138;12409
47429;David Costas;0.01;0.92;4.13;0.0;5.21;3.14;1.0;38;2948
47431;David Juncà;0.01;1.68;2.5;0.0;2.95;1.83;1.0;79;5935
47469;N. Vukčević;0.01;1.24;1.53;0.0;2.79;1.94;1.0;65;3171
47509;Carles Planas Antolínez;0.01;2.81;1.99;0.0;3.28;0.99;1.0;50;3232
182639;Unai Vencedor;0.01;1.11;1.42;0.0;2.31;1.48;1.0;113;5129
27;Adán;0.0;0.52;0.0;2.69;1.85;0.92;1.0;105;9357
29;J. Oblak;0.0;0.0;0.0;7.28;3.94;1.03;1.0;378;33919
124;J. Cillessen;0.0;0.14;0.0;5.61;2.54;0.07;1.0;83;7242
126;Iñaki Peña;0.0;0.56;0.0;3.3;0.98;0.01;1.0;124;3627
127;M. ter Stegen;0.0;0.05;0.0;3.26;1.55;0.19;1.0;257;22727
158;P. Gazzaniga;0.0;0.1;0.0;7.36;3.81;1.51;1.0;129;11519
253;A. Areola;0.0;0.0;0.0;3.5;1.52;0.39;1.0;36;3240
614;C. Bravo;0.0;0.3;0.0;6.56;2.6;0.37;1.0;89;7935
730;T. Courtois;0.0;0.1;0.02;7.77;3.53;0.27;1.0;225;19863
731;K. Navas;0.0;0.03;0.0;7.7;4.11;0.08;1.0;98;8820
851;W. Szczęsny;0.0;0.0;0.0;4.64;0.74;0.01;1.0;34;1800
885;E. Bailly;0.0;0.0;2.49;0.0;3.45;1.7;1.0;52;3897
911;Jaume Doménech;0.0;0.02;0.0;1.91;0.53;0.09;1.0;78;6874
912;Neto;0.0;0.15;0.0;4.44;0.93;0.01;1.0;79;7110
1028;Mikel González;0.0;1.57;4.15;0.0;4.61;3.38;1.0;28;2217
1335;C. Kameni;0.0;0.79;0.0;8.27;4.26;1.86;1.0;63;5617
1470;Luís Maximiano;0.0;0.0;0.0;5.66;4.13;2.24;1.0;68;6107
1557;Pau López;0.0;0.01;0.0;4.57;1.75;0.07;1.0;107;9494
1558;Joel Robles;0.0;0.06;0.0;3.77;1.34;0.01;1.0;56;4958
1682;Sergio Asenjo;0.0;0.19;0.0;5.65;3.06;0.27;1.0;169;15155
1684;Andrés Fernández;0.0;0.32;0.0;3.87;2.76;0.97;1.0;81;7211
2037;T. Vaclík;0.0;0.0;0.0;5.12;2.64;0.28;1.0;71;6346
2098;G. Ochoa;0.0;0.12;0.0;7.43;3.56;0.02;1.0;49;4373
2230;Antonio Rukavina;0.0;2.46;2.14;0.0;3.51;0.95;1.0;39;2887
2273;Kepa;0.0;0.03;0.0;9.64;3.08;0.18;1.0;88;5913
2474;I. Marcone;0.0;0.49;3.38;0.0;4.91;4.13;1.0;53;3456
2741;M. Ryan;0.0;0.0;0.0;5.89;3.69;0.0;1.0;31;2790
2814;P. Rajković;0.0;0.41;0.0;7.72;4.31;2.65;1.0;76;6480
5986;G. Lux;0.0;0.36;0.0;5.57;4.04;1.08;1.0;54;4764
10151;Diego Alves;0.0;0.14;0.0;1.4;0.41;0.31;1.0;46;4140
11346;M. Dituro;0.0;1.77;0.0;5.57;2.64;0.09;1.0;45;4050
11379;A. Batalla;0.0;0.26;0.0;6.1;4.87;2.9;1.0;70;6300
15372;Lora;0.0;1.49;3.7;0.0;3.53;1.46;1.0;38;2787
18835;Guaita;0.0;0.01;0.0;5.94;5.03;0.1;1.0;132;11852
19014;Sergio Rico;0.0;0.18;0.0;3.83;2.86;0.02;1.0;107;9625
19112;Kiko Casilla;0.0;0.22;0.0;3.81;1.58;0.01;1.0;39;3510
19172;Ø. Nyland;0.0;0.21;0.0;5.26;2.77;0.02;1.0;66;5194
22233;B. Soumaré;0.0;1.35;3.59;0.0;5.97;5.47;1.0;28;2288
24760;G. Mamardashvili;0.0;0.36;0.0;4.08;3.11;0.15;1.0;83;7425
44811;S. McKenna;0.0;2.3;2.78;0.0;6.21;2.53;1.0;30;2467
46646;Sergio Herrera;0.0;0.05;0.0;6.73;4.65;0.88;1.0;219;17382
46647;Rubén Iván Martínez Andrade;0.0;0.21;0.0;2.69;1.71;0.62;1.0;65;5598
46672;Rui Silva;0.0;0.2;0.0;5.72;3.74;0.56;1.0;158;14159
46673;Aarón Escandell;0.0;0.09;0.0;5.73;2.2;0.56;1.0;69;3045
46729;Manolo Reina;0.0;0.24;0.0;8.52;3.69;0.11;1.0;57;5130
46786;Eneko Bóveda Altube;0.0;2.97;3.09;0.0;4.54;1.96;1.0;56;4212
46870;Diego Mariño;0.0;0.02;0.0;0.47;0.16;0.04;1.0;27;2384
46904;Fernando Martínez;0.0;0.0;0.0;3.75;2.08;0.46;1.0;41;3646
46935;Raúl Lizoain;0.0;0.0;0.0;3.19;3.68;0.52;1.0;32;2867
46945;Laure;0.0;1.47;3.3;0.0;3.48;1.26;1.0;30;1971
46961;Edgar Badia;0.0;0.0;0.0;8.02;4.29;0.06;1.0;90;8100
46967;Juan Cruz;0.0;0.65;1.59;0.0;3.57;1.68;1.0;168;9644
46990;Álvaro Vallés;0.0;0.0;0.0;6.93;3.93;1.17;1.0;50;4434
47016;Álvaro Fernández;0.0;0.17;0.0;6.46;2.39;0.05;1.0;72;3760
47153;Juan Carlos;0.0;0.0;0.0;1.19;0.21;0.01;1.0;124;2701
47222;Josema Sánchez;0.0;0.5;1.94;0.0;2.88;1.85;1.0;35;2145
47246;L. Chichizola;0.0;0.06;0.0;2.26;2.24;1.43;1.0;28;2520
47247;David Soria;0.0;0.11;0.0;6.63;3.49;0.06;1.0;292;26184
47267;Iago Herrerín;0.0;0.04;0.0;1.86;0.83;0.01;1.0;67;5934
47269;Álex Remiro;0.0;0.24;0.0;6.18;4.56;0.46;1.0;232;20646
47270;Unai Simón;0.0;0.03;0.0;8.67;4.32;0.13;1.0;230;19721
47295;Moyà;0.0;0.74;0.0;3.58;1.23;0.63;1.0;42;3695
47296;G. Rulli;0.0;0.05;0.0;6.74;3.07;0.36;1.0;154;13722
47326;Roberto Jiménez;0.0;0.25;0.0;4.1;2.32;0.04;1.0;60;5326
47327;Diego López;0.0;0.28;0.0;4.48;2.51;0.51;1.0;157;13894
47352;Fernando Pacheco;0.0;0.06;0.0;3.76;1.45;0.06;1.0;225;20038
47353;Sivera;0.0;0.12;0.0;5.36;3.21;0.02;1.0;100;8810
47376;Asier Riesgo;0.0;0.27;0.0;3.46;2.29;0.03;1.0;65;5664
47399;Iván Cuéllar;0.0;0.02;0.0;1.19;0.68;0.02;1.0;195;14846
47400;A. Lunin;0.0;0.27;0.0;3.79;1.32;0.02;1.0;42;3694
47410;Rodri Tarín;0.0;1.28;2.96;0.0;4.92;0.68;1.0;32;2380
47425;Sergio Álvarez;0.0;0.68;0.0;2.98;2.53;0.36;1.0;89;7890
47426;Rubén Blanco;0.0;0.04;0.0;3.66;2.04;0.03;1.0;107;9482
47427;Iván Villar;0.0;0.08;0.0;3.04;0.99;0.02;1.0;61;5233
47448;Aitor Fernández;0.0;0.01;0.0;3.19;1.0;0.01;1.0;207;10987
47449;Oier;0.0;0.02;0.0;2.08;0.89;0.18;1.0;54;4771
47474;Jordi Masip;0.0;0.16;0.0;8.31;3.6;0.06;1.0;123;11058
47476;Yoel Rodríguez;0.0;0.04;0.0;2.09;0.39;0.01;1.0;45;3856
47501;Gorka Iraizoz Moreno;0.0;0.61;0.0;5.47;2.38;0.54;1.0;69;5970
47527;S. Dimitrievski;0.0;0.06;0.0;4.21;2.25;0.27;1.0;232;17611
47560;Javier Varas Herrera;0.0;1.22;0.0;4.25;5.22;2.67;1.0;56;4961
50026;C. Awaziem;0.0;0.75;4.15;0.0;5.64;3.38;1.0;26;1994
61142;D. Greif;0.0;0.0;0.0;3.16;1.77;0.72;1.0;102;3060
70476;M. Diarra;0.0;0.33;1.58;0.0;2.98;1.5;1.0;37;2098
82030;Juan Rafael Fuentes Hernández;0.0;0.0;0.0;0.0;0.0;0.0;1.0;27;2046
104796;Fernando Navarro i Corbacho;0.0;0.0;0.0;0.0;0.0;0.0;1.0;75;6053
104863;Weligton;0.0;1.14;3.59;0.0;3.31;1.23;1.0;31;2698
105032;Juan Antonio Rodríguez Villamuela;0.0;0.0;0.0;0.0;0.0;0.0;1.0;32;2516
122956;Diego Conde;0.0;0.1;0.0;1.36;0.61;0.0;1.0;34;1968
156488;Dani Cárdenas;0.0;0.02;0.0;2.79;0.6;0.01;1.0;107;3510
162475;Mika Màrmol;0.0;2.55;4.52;0.0;4.89;2.63;1.0;67;5580
169295;K. Hein;0.0;0.0;0.0;2.97;4.04;0.03;1.0;33;2790
179139;Leo Román;0.0;0.0;0.0;4.85;1.52;0.33;1.0;26;2340
183848;Julen Agirrezabala;0.0;0.16;0.0;5.33;2.16;0.01;1.0;135;4548
278619;Luíz Júnior;0.0;0.0;0.0;8.82;3.76;0.05;1.0;54;2987
286601;O. El Hilali;0.0;1.59;4.82;0.0;5.15;2.55;1.0;75;4760
286616;F. Jörgensen;0.0;0.0;0.0;2.07;1.97;0.43;1.0;38;3420
290215;Raúl Torrente;0.0;0.44;2.41;0.0;4.17;0.45;1.0;48;2534
396623;Pau Cubarsí Paredes;0.0;6.09;3.37;0.0;5.63;1.95;1.0;80;5658
47201;De las Cuevas;0.39;6.23;0.88;0.0;5.94;5.75;0.997;28;1795
182603;Jon Ander Olasagasti;0.05;0.65;0.71;0.0;2.0;0.86;0.997;96;1795
47522;Douglas Luiz;0.08;1.1;2.4;0.0;4.28;4.41;0.99;38;1782
270516;Peter;0.13;0.33;0.22;0.0;1.05;0.77;0.989;72;1780
47549;José Ángel Pozo;0.07;0.36;0.09;0.0;0.56;0.63;0.989;44;1780
46892;Ivi López;0.46;1.56;1.34;0.0;2.35;2.0;0.986;32;1774
341700;Iván Fresneda;0.0;2.06;3.07;0.0;5.21;3.34;0.986;34;1775
298064;David Torres;0.07;0.22;2.36;0.0;3.61;1.36;0.982;25;1767
283058;N. Jackson;1.72;2.35;0.48;0.0;3.09;3.26;0.981;38;1765
46880;Francisco José Molinero Calderón;0.03;1.87;2.26;0.0;3.61;1.81;0.981;31;1766
47001;Javi Castellano;0.07;1.17;2.86;0.0;3.18;1.62;0.971;29;1748
47498;Waldo Rubio;0.49;1.55;0.72;0.0;2.29;2.22;0.967;39;1740
1421;Z. Bakkali;0.32;1.54;0.63;0.0;3.11;2.81;0.966;57;1739
14341;S. Jurić;0.14;0.6;4.5;0.0;6.06;2.92;0.963;26;1734
104851;Guilherme Siqueira;0.0;1.24;0.34;0.0;2.14;1.02;0.961;25;1730
129791;Fábio Silva;3.3;3.41;0.84;0.0;6.65;4.54;0.96;24;1876
2774;O. Etebo;0.51;1.3;3.28;0.0;5.21;4.16;0.96;24;1790
35525;G. Pizarro;0.45;4.13;6.22;0.0;7.63;5.33;0.96;24;1752
6855;Raúl Baena;0.38;3.35;5.16;0.0;6.0;3.33;0.96;24;1840
113711;B. Trémoulinas;0.38;5.6;4.59;0.0;5.62;2.22;0.96;24;2159
1624;Pepe Reina;0.0;0.0;0.0;3.17;1.51;0.45;0.96;24;2160
161963;Germán Valera;0.47;1.75;1.27;0.0;2.34;1.78;0.959;32;1726
2493;L. Muriel;0.97;1.44;0.41;0.0;2.3;1.93;0.957;35;1723
47230;Javier Márquez Moreno;0.33;2.94;2.51;0.0;3.87;2.66;0.951;26;1711
361385;Yarek Gasiorowski;0.0;0.18;1.94;0.0;4.48;0.3;0.941;69;1693
47577;D. Musto;0.15;1.3;5.66;0.0;6.37;1.27;0.938;24;1689
2872;M. Layún;0.57;4.57;1.25;0.0;3.74;2.67;0.935;24;1683
1577;D. Lainez;0.14;1.12;0.43;0.0;2.24;2.53;0.931;55;1675
46919;César de la Hoz;0.07;0.26;1.1;0.0;1.77;0.78;0.928;25;1671
338751;Víctor Muñoz;0.82;1.16;0.53;0.0;2.62;2.75;0.921;27;1658
18825;Samir Nasri;1.17;10.0;0.62;0.0;5.28;6.63;0.92;23;1845
3415;L. Agbenyenu;0.31;2.88;3.39;0.0;5.73;5.43;0.92;23;1807
46732;Fran Gámez;0.16;2.49;6.62;0.0;6.03;4.93;0.92;23;1765
2366;A. Toșca;0.0;0.27;3.98;0.0;4.15;2.33;0.92;23;1926
47528;Alberto García;0.0;0.68;0.0;7.32;2.26;0.06;0.92;23;2070
435552;Pau Navarro;0.1;0.46;4.23;0.0;4.96;2.02;0.917;47;1650
162434;Alejandro Francés;0.14;0.57;1.7;0.0;3.57;2.0;0.916;48;1649
46693;Fede Vico;0.46;2.59;1.2;0.0;4.07;3.77;0.915;38;1647
11471;T. Alarcón;0.13;1.45;2.01;0.0;2.55;1.01;0.915;27;1647
26845;T. Douvikas;1.17;0.82;0.71;0.0;4.17;2.34;0.908;57;1634
189866;John Nwankwo;0.15;0.17;1.04;0.0;1.94;0.96;0.908;39;1634
288699;M. Perrone;0.19;3.45;3.41;0.0;4.7;3.29;0.906;29;1630
104949;Pablo Martínez;0.51;3.56;2.57;0.0;3.38;2.49;0.903;32;1626
19352;Sergi Canós;0.55;1.05;0.95;0.0;2.69;1.67;0.902;62;1623
51016;T. Buchanan;1.1;2.04;2.02;0.0;4.32;3.31;0.899;32;1618
46737;Joan Sastre;0.03;1.32;1.7;0.0;2.74;1.12;0.898;26;1616
413;Y. Konoplyanka;1.58;6.27;1.78;0.0;5.09;6.05;0.895;32;1611
431890;Juan Herzog;0.53;0.34;2.3;0.0;4.02;0.31;0.893;23;1607
1211;M. Kranevitter;0.0;0.33;3.21;0.0;3.65;2.2;0.892;29;1606
25390;Jonathas;2.67;3.37;0.75;0.0;5.69;2.59;0.891;27;1603
898;Ander Herrera;0.19;1.59;1.97;0.0;2.79;1.44;0.888;39;1598
268960;A. Zakharyan;0.19;1.22;0.43;0.0;1.35;0.64;0.887;50;1596
1694;S. Cáseres;0.08;5.65;3.46;0.0;6.45;4.3;0.883;23;1589
2112;M. Carcela-González;2.05;4.13;1.3;0.0;7.29;7.88;0.88;22;1752
41642;José Eduardo Rosa Vale de Castro;0.57;3.88;7.6;0.0;6.29;4.07;0.88;22;1720
47544;G. Imbula;0.49;5.77;0.92;0.0;6.55;8.96;0.88;22;1739
50085;Douglas Pereira;0.35;2.03;0.77;0.0;2.95;2.67;0.88;22;1731
3170;Carl Medjani;0.21;2.0;3.36;0.0;4.57;1.8;0.88;22;1855
46736;F. Russo;0.16;0.09;1.95;0.0;2.58;1.44;0.88;22;1611
46914;E. Saveljich;0.11;0.08;1.3;0.0;2.33;0.02;0.88;22;1708
47406;E. Muñoz;0.08;0.57;2.63;0.0;3.13;1.1;0.88;22;1619
46765;A. Pantić;0.04;0.44;3.08;0.0;2.8;0.42;0.88;22;1831
47074;Héctor Hernández;0.0;1.56;1.73;0.0;2.44;1.44;0.874;31;1574
2062;Q. Promes;0.55;5.8;2.36;0.0;5.14;4.53;0.872;33;1569
184277;Fer Niño;0.43;0.39;0.28;0.0;1.68;1.17;0.872;48;1569
47318;Jon Bautista;0.15;0.24;0.27;0.0;1.24;0.63;0.872;67;1570
41149;Rafa Soares;0.0;2.92;2.74;0.0;3.88;1.33;0.872;25;1569
46897;Hernán;0.25;0.62;2.02;0.0;2.8;0.98;0.87;35;1566
68202;Bruno Gama;0.24;1.56;1.46;0.0;2.94;2.05;0.868;28;1563
48471;R. Vargas;1.29;4.51;1.28;0.0;4.44;3.2;0.864;25;1555
340279;Vitor Roque;0.94;0.82;0.42;0.0;2.16;1.26;0.864;36;1556
324750;Carlos Martín;0.2;0.5;0.63;0.0;1.26;0.53;0.864;34;1556
46659;Rober Ibáñez;0.1;0.35;0.38;0.0;1.24;1.09;0.864;48;1556
43184;R. Aït-Atmane;0.04;3.41;2.39;0.0;4.38;3.29;0.861;26;1549
59937;N. Fedor;3.11;5.97;2.39;0.0;5.65;2.45;0.86;22;1548
330238;Lucas Pires;0.29;2.32;2.64;0.0;4.57;3.34;0.858;37;1545
2049;I. Amadou;0.16;0.63;3.29;0.0;5.11;2.75;0.848;27;1527
199824;Rubén Sánchez;0.0;0.76;1.68;0.0;3.02;2.6;0.848;35;1527
1364;Jaílson;0.18;0.38;2.08;0.0;4.1;2.26;0.846;42;1523
47446;E. Mor;0.25;0.81;0.8;0.0;2.98;3.27;0.842;44;1516
25375;T. Asano;0.54;0.7;0.61;0.0;2.62;1.24;0.841;37;1513
21694;N. Aguerd;0.43;4.23;4.04;0.0;7.05;3.31;0.84;21;1764
30399;D. Hancko;0.26;4.27;3.93;0.0;5.61;2.3;0.84;21;1714
2036;Juan Soriano;0.02;0.0;0.0;3.94;1.99;0.13;0.84;21;1890
30765;I. Radu;0.0;0.0;0.0;10.0;4.13;0.12;0.84;21;1890
41320;André Ferreira;0.0;0.0;0.0;2.81;1.51;0.03;0.84;21;1879
192032;Iván Romero;1.02;1.76;1.35;0.0;4.13;3.38;0.839;23;1511
21584;M. Ristić;0.08;0.63;0.75;0.0;1.91;1.33;0.838;50;1509
37125;C. Musonda;0.45;2.33;1.82;0.0;4.47;4.87;0.836;24;1505
104839;Tiago Cardoso Mendes;0.19;0.0;0.0;0.0;0.0;0.0;0.834;26;1502
46981;Xavi Torres;0.21;1.66;1.43;0.0;3.9;1.3;0.828;29;1491
47;Toni Moya;0.05;1.24;0.93;0.0;1.62;1.87;0.823;31;1481
547;D. van de Beek;0.23;1.08;0.79;0.0;1.68;1.0;0.822;34;1479
182563;Jon Morcillo;0.16;0.94;0.35;0.0;1.06;0.89;0.82;47;1476
1427;A. Sambi Lokonga;0.41;3.96;2.05;0.0;5.6;2.6;0.818;22;1473
182770;Carlos Álvarez;1.0;4.99;1.47;0.0;3.99;2.76;0.816;28;1469
336998;A. Boiro;0.0;0.53;1.28;0.0;2.67;1.28;0.814;42;1466
51051;J. Araujo;0.28;2.4;3.72;0.0;5.91;4.0;0.812;26;1462
274;E. Cavani;1.45;2.3;0.52;0.0;3.64;2.1;0.811;26;1459
46685;R. Azeez;0.24;0.87;0.83;0.0;1.65;0.75;0.809;27;1456
1163;Bruma;1.41;3.13;1.22;0.0;5.25;6.13;0.807;32;1452
30531;J. Boga;0.9;2.2;0.52;0.0;5.72;6.93;0.807;26;1453
792;J. Kluivert;1.93;3.32;1.22;0.0;4.82;4.79;0.806;27;1450
378;Alex Telles;0.06;2.9;2.2;0.0;5.01;3.56;0.804;30;1447
611;M. Livaja;1.87;4.06;0.84;0.0;5.19;3.48;0.803;25;1445
33249;Sergi Samper;0.0;0.0;0.43;0.0;0.44;0.26;0.801;25;1442
78370;H. Westermann;0.54;1.82;8.06;0.0;7.09;4.12;0.8;20;1633
101283;Juan Manuel Vargas Risco;0.36;0.0;0.0;0.0;0.0;0.0;0.8;20;1719
414359;Vitor Nunes;0.36;3.26;4.65;0.0;6.37;2.98;0.8;20;1698
1118;J. Toljan;0.27;4.49;4.95;0.0;4.88;0.28;0.8;20;1712
126640;D. Affengruber;0.09;3.39;6.38;0.0;6.62;3.88;0.8;20;1652
30495;S. Sirigu;0.0;0.3;0.0;0.86;2.01;0.0;0.8;20;1798
47559;Roberto Santamaría;0.0;0.72;0.0;5.34;2.67;0.08;0.8;20;1800
104975;David Navarro Pedrós;0.0;0.0;0.0;0.0;0.0;0.0;0.8;20;1693
116819;Juan Francisco García García;0.0;0.0;0.0;0.0;0.0;0.0;0.8;20;1518
378284;Etta Eyong;1.02;1.44;0.78;0.0;2.18;0.98;0.799;31;1439
104838;Sérgio Paulo Barbosa Valente;0.11;0.0;0.0;0.0;0.0;0.0;0.799;42;1439
273732;T. Dolan;0.51;4.64;3.11;0.0;6.17;4.1;0.795;21;1431
5921;A. Solari;0.11;0.85;0.95;0.0;2.02;1.23;0.795;54;1431
47462;C. Doukouré;0.07;0.23;1.12;0.0;1.6;0.51;0.795;35;1431
187318;Marc Aguado;0.0;0.72;5.74;0.0;5.4;0.38;0.792;20;1426
1165;Matheus Cunha;1.01;1.62;0.72;0.0;2.79;2.35;0.789;40;1421
47052;Álex Muñoz;0.94;1.3;4.61;0.0;5.64;1.4;0.789;21;1420
1124;O. Burke;0.58;1.17;1.26;0.0;5.25;4.59;0.789;31;1420
39121;C. Ejuke;0.42;1.97;0.87;0.0;3.78;4.34;0.788;43;1419
148;Riqui Puig;0.26;1.09;0.52;0.0;1.82;1.67;0.788;42;1419
155;Abel Ruiz;0.45;0.46;0.26;0.0;1.45;1.01;0.787;31;1417
20997;Rafa Navarro;0.42;2.5;0.51;0.0;2.5;1.79;0.784;21;1411
46852;Carlos Martínez Díez;0.06;2.52;1.46;0.0;3.0;1.75;0.782;21;1408
46856;Saúl Berjón;1.37;7.48;3.08;0.0;4.32;2.66;0.777;29;1399
104814;Imanol Agirretxe Arruti;0.98;0.0;0.0;0.0;0.0;0.0;0.777;27;1398
46802;Nahuel Leiva;0.09;0.95;0.72;0.0;1.84;1.65;0.775;37;1395
2604;G. Shibasaki;0.23;1.09;1.67;0.0;2.95;2.6;0.774;29;1394
50131;Artem Kravets;1.59;3.08;0.23;0.0;4.35;2.49;0.766;26;1378
309364;Coba;0.28;0.84;0.99;0.0;3.19;2.11;0.764;44;1375
47313;Sangalli;0.49;2.35;0.93;0.0;3.29;3.06;0.762;29;1371
51588;B. Ocampo;0.21;1.64;0.72;0.0;2.88;2.59;0.761;41;1370
287654;Jon Gorrotxategi;0.28;2.74;5.17;0.0;5.84;3.62;0.76;19;1463
2464;A. Marchesín;0.0;0.0;0.0;3.38;1.61;0.04;0.76;19;1710
18812;Adrián;0.0;0.0;0.0;2.01;1.23;0.04;0.76;19;1710
182661;Álvaro Núñez;0.0;6.96;3.55;0.0;5.44;4.66;0.76;19;1652
295223;R. Alhassane;0.0;2.87;4.54;0.0;5.54;2.71;0.76;19;1413
22167;Danilo Barbosa;0.28;1.64;6.08;0.0;7.73;6.26;0.758;19;1365
1568;P. Akouokou;0.02;0.41;1.18;0.0;1.58;0.92;0.754;32;1358
46695;A. Ramos;0.72;1.92;0.22;0.0;1.87;1.0;0.752;21;1353
286796;Damián Rodríguez;0.0;1.93;0.34;0.0;1.08;0.04;0.751;47;1352
46660;Javi Martínez;0.05;0.32;0.26;0.0;0.68;0.61;0.746;41;1342
400948;Assane Diao;0.23;1.01;0.7;0.0;2.54;1.55;0.743;47;1337
108519;Mateu Morey;0.22;0.49;1.51;0.0;3.07;2.22;0.74;47;1332
306727;J. Solis;0.11;0.15;0.45;0.0;1.58;0.96;0.733;73;1320
38;Tachi;0.0;0.29;1.46;0.0;2.51;0.28;0.733;23;1319
47545;G. Kakuta;0.4;1.13;1.52;0.0;3.12;3.1;0.728;24;1311
46692;Álvaro Vadillo;0.19;1.16;0.29;0.0;0.02;0.99;0.728;28;1311
91451;Alberto Aquilani;0.0;0.0;0.0;0.0;0.0;0.0;0.721;21;1298
161670;V. Vanat;2.7;1.73;0.33;0.0;3.98;3.25;0.72;18;1364
10233;B. Méndez;0.9;0.87;5.5;0.0;5.56;3.5;0.72;18;1336
114785;Javier Garrido Behovide;0.1;4.23;4.25;0.0;5.0;1.19;0.72;18;1576
47424;M. Santos;0.86;1.78;0.77;0.0;3.06;1.22;0.716;30;1289
46771;Jairo Izquierdo;0.05;0.14;0.26;0.0;0.68;0.6;0.716;31;1289
389;J. Corona;0.21;1.72;0.39;0.0;1.4;1.2;0.714;24;1285
20627;Houboulang Mendes;0.0;0.79;2.34;0.0;3.46;2.02;0.713;21;1284
194750;E. Touré;2.1;2.82;0.38;0.0;4.62;2.32;0.712;24;1282
153290;Víctor Gómez;0.0;0.79;0.92;0.0;1.67;1.0;0.706;19;1271
6638;F. Garcés;0.33;0.18;2.11;0.0;3.27;0.07;0.704;27;1268
18896;Javier Manquillo;0.0;0.3;1.68;0.0;2.84;0.88;0.704;22;1267
22015;B. Dia;1.51;3.95;0.75;0.0;4.62;3.46;0.702;25;1264
46810;C. Santos;0.95;0.76;0.61;0.0;3.51;0.37;0.701;31;1261
447;S. Feghouli;0.86;6.09;2.0;0.0;5.46;3.1;0.699;21;1258
313059;M. Joseph;1.26;2.08;2.25;0.0;4.87;3.6;0.697;20;1254
386859;Héctor Fort;0.2;0.85;0.61;0.0;1.51;0.93;0.697;68;1254
660;Pape Cheikh;0.02;0.81;0.22;0.0;0.74;0.66;0.693;40;1248
1117;K. Tierney;0.0;2.21;4.09;0.0;5.75;3.09;0.69;20;1242
50907;N. Gaitán;0.51;3.41;0.43;0.0;2.93;2.3;0.687;29;1237
20844;H. Hassan;0.33;2.67;1.2;0.0;4.16;5.01;0.687;22;1236
119;R. Falcao;0.82;0.41;0.2;0.0;2.33;1.09;0.686;57;1234
47036;Fausto Tienza;0.57;1.23;7.42;0.0;6.16;3.02;0.684;19;1232
129657;Enric Franquesa;0.23;0.46;1.61;0.0;3.52;2.64;0.684;28;1231
70132;Gaizka Toquero Pinedo;0.55;3.55;0.52;0.0;5.8;3.08;0.682;23;1228
266202;I. Chaira;1.52;1.98;2.57;0.0;5.24;3.43;0.681;19;1226
394573;Adrian Liso;1.38;0.69;1.68;0.0;6.46;3.7;0.68;17;1312
2922;L. Dendoncker;0.64;1.38;4.76;0.0;5.78;2.29;0.68;17;1322
734;Dela;0.59;1.41;3.14;0.0;4.14;1.68;0.68;17;1309
53625;V. Haroyan;0.42;0.92;4.72;0.0;5.96;2.44;0.68;17;1439
2361;S. Ingason;0.32;0.69;6.13;0.0;6.52;0.24;0.68;17;1473
336671;Renato Veiga;0.32;1.95;3.22;0.0;5.0;0.12;0.68;17;1289
30927;S. Colombatto;0.21;4.28;2.74;0.0;5.66;3.55;0.68;17;1307
19291;S. Janko;0.09;2.19;2.84;0.0;5.73;5.38;0.68;19;1224
557;O. Vlachodimos;0.0;0.0;0.0;5.11;0.02;0.0;0.68;17;1530
105583;Roberto Lago Soto;0.0;0.0;0.0;0.0;0.0;0.0;0.68;17;1371
22240;L. Rémy;1.51;0.41;0.1;0.0;3.86;3.37;0.677;23;1218
313025;Hugo Rincón;0.0;0.81;1.15;0.0;2.54;1.52;0.676;23;1216
121;S. Jovetić;2.91;5.32;0.29;0.0;4.42;3.61;0.668;21;1203
104841;Josep Señé;0.11;0.72;0.35;0.0;1.69;1.06;0.663;27;1194
184481;Diego García;0.96;0.84;0.21;0.0;4.53;1.86;0.661;28;1190
46680;José Martínez;0.0;0.22;1.34;0.0;2.48;1.47;0.659;20;1187
46830;Erik Morán;0.06;1.17;2.37;0.0;2.59;0.88;0.654;18;1178
10323;Luciano;1.15;2.55;1.35;0.0;3.99;2.43;0.65;25;1170
364415;Jesús Santiago;0.06;0.2;0.29;0.0;1.2;0.4;0.647;58;1165
185;Llorente;1.57;4.47;0.65;0.0;5.46;2.44;0.645;23;1161
22258;J. Martin;0.81;1.76;2.06;0.0;5.01;4.28;0.642;20;1156
195717;Y. Mosquera;0.9;1.62;4.22;0.0;6.99;2.93;0.64;16;1228
21087;B. Mendy;0.68;1.71;3.52;0.0;5.73;3.65;0.64;16;1240
20631;M. Saunier;0.0;2.31;3.84;0.0;5.56;4.47;0.64;16;1309
46690;Alberto Martín;0.0;3.51;2.53;0.0;6.07;1.84;0.64;16;1191
297742;Antoniu Roca;0.09;0.48;0.59;0.0;2.27;2.29;0.639;42;1150
41312;Alberto Bueno Calvo;0.33;2.25;0.08;0.0;1.5;0.64;0.638;35;1149
311344;A. Véliz;0.2;0.11;0.11;0.0;1.99;0.49;0.637;33;1147
1218;E. Rigoni;0.78;2.15;1.08;0.0;3.72;3.4;0.633;23;1139
909;M. Rashford;2.37;8.21;0.63;0.0;4.35;3.5;0.632;19;1138
47540;Ángel Algobia;0.03;0.32;0.82;0.0;2.1;1.67;0.631;36;1136
47219;Iván López;0.0;1.42;2.96;0.0;2.65;2.27;0.629;16;1132
80166;Thiago Galhardo;1.16;1.93;0.85;0.0;4.7;2.52;0.628;31;1130
443162;Jesús Rodríguez;0.9;1.3;1.44;0.0;5.53;4.86;0.627;24;1128
18787;S. Okazaki;0.5;1.2;0.63;0.0;4.29;2.12;0.626;25;1127
18905;Y. Muto;0.48;1.9;0.84;0.0;5.09;4.37;0.622;26;1120
182486;Alberto Reina;0.81;2.14;2.21;0.0;5.26;4.35;0.621;20;1117
18752;Hélder Costa;0.16;3.31;2.01;0.0;5.18;4.08;0.621;22;1117
57446;A. Adams;2.16;1.05;0.25;0.0;2.96;2.0;0.62;20;1116
288112;Willy Kambwala Ndengushi;0.06;0.13;1.72;0.0;4.32;3.25;0.619;30;1114
355004;V. Gómez;0.56;1.22;5.16;0.0;6.27;4.37;0.614;16;1106
35810;Abraham;0.81;3.25;3.71;0.0;4.33;1.82;0.612;20;1101
128951;Víctor Parada;0.07;1.63;1.18;0.0;3.4;2.01;0.612;19;1101
1465;P. Aubameyang;1.85;0.92;0.18;0.0;1.38;1.14;0.611;18;1100
305803;Kaiky;0.23;0.16;1.74;0.0;2.53;1.36;0.611;21;1099
51530;F. Viñas;1.69;3.44;2.96;0.0;7.29;6.52;0.609;17;1097
68483;B. Yıldırım;0.74;1.6;0.65;0.0;6.35;3.22;0.604;22;1087
41970;David Carmo;0.6;2.45;4.6;0.0;6.64;2.01;0.6;15;1182
361497;D. Huijsen;0.6;5.17;3.75;0.0;6.2;1.37;0.6;15;1117
21631;P. Baysse;0.48;0.0;5.05;0.0;6.28;2.78;0.6;15;1238
560;S. Corchia;0.26;2.48;2.22;0.0;3.02;2.3;0.6;15;1093
2445;M. Villanueva;0.24;0.0;6.6;0.0;4.73;3.27;0.6;15;1263
1450;S. Papastathopoulos;0.12;0.26;3.3;0.0;5.7;0.2;0.6;15;1134
596;Hélder Lopes;0.0;2.77;4.8;0.0;6.39;4.33;0.6;15;1225
1683;M. Barbosa;0.0;0.47;0.0;3.67;2.22;0.19;0.6;15;1304
18805;A. Doucouré;0.0;3.73;6.55;0.0;5.58;3.37;0.6;15;1156
44503;M. Aguirregaray;0.0;1.56;4.95;0.0;6.38;5.1;0.6;15;1156
46987;Raúl Fernández;0.0;0.0;0.0;0.34;0.14;0.0;0.6;15;1271
47564;Adrián Diéguez;0.0;0.0;0.59;0.0;0.69;0.79;0.6;15;1187
50974;P. Tytoń;0.0;0.12;0.0;3.15;1.41;0.02;0.6;15;1221
116823;Carlos Gurpegi Nausia;0.0;0.0;0.0;0.0;0.0;0.0;0.6;15;1143
41173;Rúben Semedo;0.0;0.3;3.71;0.0;4.31;1.28;0.599;15;1079
2039;Juan Berrocal;0.0;0.12;1.27;0.0;4.41;0.02;0.598;33;1076
61774;O. Óskarsson;0.53;0.39;0.28;0.0;1.91;0.62;0.597;30;1074
22146;Manu García;0.08;3.52;1.97;0.0;5.54;6.53;0.596;24;1072
46090;N. Petrović;0.1;0.49;1.25;0.0;2.38;1.69;0.592;25;1066
47346;F. Ferreyra;0.27;0.32;0.2;0.0;1.14;0.6;0.59;38;1062
2723;O. Idrissi;0.71;3.24;0.63;0.0;2.19;2.71;0.588;20;1059
358431;N. Mendy;0.27;0.15;1.69;0.0;2.23;1.19;0.587;25;1056
491248;Jan Virgili;0.79;6.99;1.22;0.0;5.59;5.79;0.586;16;1055
47150;Borja Viguera Manzanares;0.19;0.42;0.07;0.0;0.9;0.23;0.586;26;1055
122734;Ferran Jutglà;1.39;2.04;0.5;0.0;3.06;1.66;0.578;20;1040
14444;M. Mbaye;0.07;0.16;1.72;0.0;2.39;1.04;0.578;18;1040
41412;N. Maraš;0.0;0.1;0.52;0.0;0.74;0.17;0.578;16;1041
2461;S. Rondón;1.01;1.22;0.38;0.0;6.27;3.75;0.576;16;1037
47191;Álex Menéndez;0.77;2.72;3.68;0.0;5.3;3.86;0.574;21;1033
67940;José Gragera;0.1;0.17;2.79;0.0;3.56;0.23;0.573;19;1032
104904;Antonio Amaya Carazo;0.42;1.78;3.13;0.0;5.99;3.23;0.572;17;1030
104843;Aitor Buñuel;0.0;2.86;5.65;0.0;5.46;3.83;0.572;15;1029
128985;Iker Losada;0.21;0.38;0.21;0.0;0.61;0.45;0.571;40;1028
6066;M. Vargas;0.17;4.09;1.25;0.0;4.91;5.36;0.567;21;1020
50187;Nabil Ghilas;0.45;2.28;0.86;0.0;5.1;3.28;0.561;20;1009
10311;PH Ganso;0.94;2.7;1.75;0.0;3.02;1.88;0.56;18;1008
116818;Ángel Lafita Castillo;0.77;0.0;0.0;0.0;0.0;0.0;0.56;14;1019
41439;Ricardo Costa;0.64;2.36;5.3;0.0;5.87;0.11;0.56;14;1250
1902;D. Ćaleta-Car;0.13;2.78;3.11;0.0;5.67;0.21;0.56;14;1057
11421;G. Suazo;0.13;7.99;6.59;0.0;6.11;3.32;0.56;14;1069
47111;Benito Ramírez;0.1;0.88;0.42;0.0;1.45;0.61;0.56;45;1008
122737;S. Chakla;0.07;0.15;1.47;0.0;2.68;0.3;0.56;14;1088
33928;Serantes;0.06;0.12;0.0;1.74;1.05;0.0;0.56;14;1200
18827;C. Sánchez;0.0;3.1;2.95;0.0;6.58;5.06;0.56;14;1123
105235;Arthur Boka;0.0;0.0;0.0;0.0;0.0;0.0;0.56;14;1049
329722;Yoel Lago;0.0;1.33;1.25;0.0;1.83;0.85;0.56;21;1008
138809;Arnau Puigmal;0.23;0.67;0.81;0.0;2.1;1.26;0.559;33;1007
287680;Maroan Sannadi;0.55;0.85;0.17;0.0;2.49;1.69;0.558;25;1005
47580;Álex Gallar;1.3;4.78;1.44;0.0;4.4;3.7;0.557;25;1002
133453;Borja Sainz;0.29;0.48;0.63;0.0;2.05;1.64;0.557;40;1002
163;S. Aurier;0.19;1.57;2.37;0.0;5.16;4.76;0.557;19;1003
2823;S. Lukić;0.11;2.6;3.94;0.0;5.76;5.37;0.553;16;996
122230;Manu Fuster;0.71;4.13;1.34;0.0;4.77;2.51;0.55;28;990
47056;Íñigo Eguaras;0.25;1.37;0.71;0.0;3.45;2.68;0.548;36;986
237103;Lázaro;0.83;1.1;0.26;0.0;2.0;1.79;0.547;33;984
271580;Martim Neto;0.85;5.43;1.37;0.0;4.45;4.94;0.546;17;982
125239;K. Arriaga;0.6;1.21;4.1;0.0;6.08;2.28;0.546;15;983
575;Florentino;0.08;1.89;4.36;0.0;5.2;3.15;0.546;22;983
46681;Álex Martínez;0.1;0.73;1.09;0.0;1.25;0.36;0.545;15;981
310187;Stefan Bajčetić;0.51;1.95;4.93;0.0;6.39;4.32;0.542;14;976
1642;F. Kessié;0.32;1.35;1.45;0.0;4.26;3.47;0.542;28;976
63550;K. Yoda;0.1;1.95;3.87;0.0;6.39;8.13;0.539;18;971
26315;N. González;1.46;1.71;2.2;0.0;6.39;4.08;0.538;16;969
1576;W. Kaptoum;0.06;1.33;1.03;0.0;2.34;2.8;0.538;15;968
47063;Alberto Soro;0.12;0.55;0.34;0.0;1.0;0.65;0.537;32;966
47321;Roberto López;0.09;0.69;0.21;0.0;0.74;0.46;0.534;34;961
46975;Nacho Gil;0.13;1.44;0.87;0.0;2.23;1.3;0.532;22;958
2508;S. Arzamendia;0.18;0.67;0.86;0.0;2.08;0.8;0.523;26;942
46955;Víctor Casadesús;0.7;3.32;1.24;0.0;5.57;2.97;0.522;23;940
37157;T. Vilhena;0.53;2.91;2.12;0.0;4.85;4.63;0.52;17;936
1304;D. Horkaš;0.0;0.0;0.0;4.85;1.82;1.15;0.52;13;1083
46755;David Gil;0.0;0.0;0.0;1.91;0.63;0.04;0.52;13;1091
46989;Nauzet Pérez;0.0;0.3;0.0;6.44;2.92;0.15;0.52;13;1170
51564;M. Angeleri;0.0;1.83;6.29;0.0;5.12;1.35;0.52;13;1112
122471;Jesús Owono;0.0;0.0;0.0;3.0;1.02;0.28;0.52;68;936
421807;M. Moreno;0.0;0.6;5.37;0.0;5.73;1.66;0.52;13;1047
47261;Mathieu Flamini;0.05;0.68;0.83;0.0;2.62;0.36;0.517;18;931
104905;Manucho Gonçalves;1.22;2.38;0.94;0.0;5.74;0.85;0.516;28;928
8493;R. Yaremchuk;1.08;0.78;0.3;0.0;4.05;2.14;0.514;25;925
1828;L. Jović;0.23;0.76;0.05;0.0;1.17;0.78;0.514;36;926
109564;B. Miovski;0.19;0.3;0.18;0.0;1.43;0.66;0.514;31;925
182501;José Fontán;0.12;0.15;1.29;0.0;1.75;1.21;0.512;23;921
180496;G. Mikautadze;3.0;3.9;0.5;0.0;4.65;4.05;0.511;15;919
2852;L. Augustinsson;0.07;0.88;0.8;0.0;2.2;0.79;0.511;23;920
30770;A. Candela;0.0;1.46;1.83;0.0;3.84;2.58;0.506;16;910
47104;Fran Varela;0.26;2.97;4.02;0.0;4.62;0.92;0.505;14;909
78739;Joan Verdú Fernández;0.55;9.53;2.54;0.0;4.76;3.18;0.504;13;907
258;Juan Bernat;0.0;1.32;1.41;0.0;2.77;2.11;0.502;24;904
14482;Daniel Arnaud N'Di;0.25;0.76;0.75;0.0;2.54;2.22;0.501;21;901
47225;Brugui;0.6;1.99;1.45;0.0;4.64;3.33;0.5;15;900
47203;Jaime Romero;0.47;5.86;0.51;0.0;6.35;6.3;0.498;19;896
105045;Rubén Gracia Calmache;0.0;0.0;0.0;0.0;0.0;0.0;0.495;18;891
582;H. Seferović;1.28;1.64;0.45;0.0;4.48;3.21;0.493;18;887
339105;Joel Roca;0.4;0.86;0.46;0.0;2.44;2.28;0.491;23;884
9972;Alexandre Pato;1.64;3.12;0.63;0.0;5.83;4.98;0.49;14;882
431921;Adam Aznou Ben Cheikh;0.13;1.75;5.05;0.0;6.72;5.73;0.487;13;876
449509;Abdulay Bah;0.12;0.25;2.86;0.0;5.56;2.42;0.485;15;873
289444;L. Blanco;0.1;3.41;1.54;0.0;3.64;2.99;0.484;17;872
47344;Víctor Campuzano;0.52;0.38;0.94;0.0;4.43;3.22;0.481;20;866
47188;Miguel Flaño Bezunartea;0.6;1.42;3.44;0.0;4.58;1.29;0.48;12;1036
162012;M. Ruggeri;0.25;2.94;3.29;0.0;4.68;0.92;0.48;14;864
41475;Fernando Damián Tissone Rodrigues;0.15;4.32;7.25;0.0;5.49;3.81;0.48;12;997
14382;I. Grbić;0.0;0.0;0.0;1.98;0.85;0.01;0.48;12;922
21070;O. Mfulu;0.0;0.09;0.6;0.0;1.25;0.32;0.48;25;864
22084;Gabriel Silva;0.0;2.57;3.81;0.0;5.69;3.64;0.48;12;976
47558;A. Jovanović;0.0;0.0;0.0;3.93;2.92;0.08;0.48;12;1080
181867;Miguel Atienza;0.0;0.71;2.03;0.0;3.16;0.52;0.48;15;864
446;R. Donk;0.0;3.05;1.92;0.0;5.03;1.02;0.476;16;856
6010;L. Beltrán;0.95;2.2;1.11;0.0;5.41;4.89;0.475;18;855
28373;T. Nikitscher;0.1;0.44;2.68;0.0;4.89;3.6;0.475;17;855
47542;Gorka Elustondo Urkola;0.09;1.32;0.97;0.0;1.52;0.43;0.474;18;854
51241;T. Conechny;0.66;0.83;0.82;0.0;3.84;2.33;0.473;31;851
47179;Dani Escriche;0.22;1.54;0.89;0.0;4.33;3.24;0.471;23;848
47084;F. Malbašić;0.06;0.74;0.76;0.0;3.5;2.8;0.47;28;846
361384;Yusi;0.12;0.94;1.03;0.0;2.36;1.25;0.468;16;842
47486;Borja Fernández Fernández;0.09;1.63;1.91;0.0;5.02;1.15;0.465;19;837
182671;Cantero;0.14;0.66;0.21;0.0;1.55;1.57;0.463;29;834
274312;M. Cho;0.28;0.49;0.31;0.0;1.71;1.44;0.461;41;829
20608;R. Kouamé;0.0;0.68;1.97;0.0;4.73;3.63;0.461;21;829
2038;Guilherme Arana;0.16;0.18;1.87;0.0;2.49;0.99;0.458;12;824
50910;A. Katai;0.41;1.38;0.67;0.0;1.93;1.8;0.457;23;822
35794;M. Moreno;0.14;0.78;1.02;0.0;2.11;1.81;0.456;21;820
126901;Bruno Langa;0.44;1.66;2.23;0.0;5.04;4.63;0.455;15;819
51294;A. Bangoura;0.5;3.18;2.25;0.0;4.92;4.48;0.445;16;801
20539;E. Rivière;0.64;2.08;0.13;0.0;4.62;2.49;0.444;15;799
43084;I. Hagi;0.65;4.3;1.24;0.0;4.68;3.99;0.443;22;798
104799;Sergio Mora;0.0;2.48;1.0;0.0;3.48;0.1;0.443;26;797
330;José Callejón;0.25;2.43;0.95;0.0;3.85;1.85;0.441;25;794
19607;M. Miazga;0.45;0.65;3.65;0.0;5.59;0.08;0.44;11;831
131548;Lucas Ahijado;0.31;2.2;6.48;0.0;6.41;3.94;0.44;11;839
1419;O. Vranješ;0.0;1.32;10.0;0.0;7.78;3.81;0.44;11;916
46941;Unai Elgezabal;0.0;0.71;3.55;0.0;5.85;0.23;0.44;11;933
571;L. Fejsa;0.0;1.55;2.43;0.0;3.21;0.24;0.439;13;791
46770;Jon Garrido;0.07;0.3;2.03;0.0;3.82;1.54;0.438;23;789
157146;L. Pétrot;0.0;0.38;2.08;0.0;4.23;1.34;0.438;18;789
2781;M. Simon;0.57;1.72;1.81;0.0;3.88;4.1;0.433;19;779
41103;Ricardo Horta;0.09;1.79;2.06;0.0;3.28;2.27;0.433;17;780
5987;F. Angileri;0.0;0.05;0.31;0.0;1.47;0.69;0.432;64;777
2515;Ó. Romero;0.51;1.92;1.13;0.0;2.44;1.72;0.431;18;776
333502;Miguel Román;0.21;1.51;1.83;0.0;2.39;0.72;0.429;13;772
106727;Oriol Rey;0.11;0.46;1.96;0.0;3.26;0.98;0.427;13;768
1488;I. Doumbia;0.0;0.29;1.28;0.0;3.78;4.17;0.427;23;768
2208;C. Grenier;0.11;1.05;0.81;0.0;2.0;1.07;0.424;26;763
2083;Wanderson;0.23;1.32;1.58;0.0;4.5;4.89;0.422;20;760
51260;F. Gutiérrez;0.43;5.14;1.39;0.0;5.08;3.07;0.42;14;756
769;A. Florenzi;0.13;1.09;2.88;0.0;3.97;3.43;0.419;12;755
334574;Ángel Ortiz;0.0;0.81;1.65;0.0;2.23;1.13;0.419;15;755
26728;Francisco Medina Luna;0.68;3.64;0.78;0.0;1.95;1.42;0.418;16;752
46890;Álvaro Jiménez;0.14;0.48;0.49;0.0;1.67;1.35;0.417;22;751
493;F. Smolov;1.07;0.93;0.62;0.0;3.68;2.8;0.416;14;748
46895;Pablo Pérez;0.66;1.38;1.94;0.0;4.81;1.53;0.415;18;747
21153;B. Santamaría;0.35;1.08;1.17;0.0;4.03;2.12;0.415;17;747
605;N. Krstičić;0.64;2.66;1.2;0.0;4.91;3.61;0.414;14;746
179955;Javi Rueda;0.48;1.34;1.35;0.0;2.36;1.97;0.413;15;743
19071;E. Buendía;0.52;0.94;4.38;0.0;5.03;3.37;0.411;17;739
37;N. Pérez;0.0;0.0;0.0;0.0;0.0;0.0;0.411;14;740
910;A. Sánchez;0.95;3.57;1.18;0.0;3.81;1.6;0.409;14;737
104854;Tano Bonnín;0.0;2.2;2.34;0.0;4.39;0.99;0.409;11;736
80957;B. Ideye;0.56;0.98;0.19;0.0;4.22;2.34;0.407;13;732
331004;Chuky San José;0.89;1.4;0.57;0.0;3.05;1.88;0.403;18;726
3608;K. Sibo;0.24;0.52;1.86;0.0;3.22;1.54;0.402;12;724
68193;M. García;0.53;1.64;1.83;0.0;4.39;4.65;0.401;19;721
47322;Martín Merquelanz;0.11;1.31;0.38;0.0;1.41;0.99;0.401;18;722
129678;A. Ounahi;2.04;4.98;2.61;0.0;6.81;7.97;0.4;10;784
40553;N. Vujadinović;0.63;0.68;4.34;0.0;5.33;1.75;0.4;10;789
47430;W. Hoedt;0.18;3.49;5.66;0.0;7.04;3.06;0.4;10;893
47332;Lluís López;0.07;0.58;1.17;0.0;2.27;0.63;0.4;10;819
5907;L. Orbán;0.0;0.41;1.76;0.0;2.77;0.83;0.4;10;793
21566;B. Lecomte;0.0;0.23;0.0;2.77;0.02;0.0;0.4;10;900
47248;Rubén Yáñez;0.0;0.0;0.0;2.82;0.87;0.04;0.4;10;900
83132;Jesús Gámez Duarte;0.0;0.0;0.0;0.0;0.0;0.0;0.4;10;725
105057;Răzvan Dincă Raț;0.0;0.0;0.0;0.0;0.0;0.0;0.4;10;734
105108;Alberto Lopo García;0.0;0.0;0.0;0.0;0.0;0.0;0.4;10;741
105111;Antonio Rodríguez Martínez;0.0;0.0;0.0;4.49;0.0;0.0;0.4;10;808
21714;S. Kaba;0.25;1.41;0.07;0.0;4.25;3.08;0.399;17;719
182638;Manu Fernández;0.0;0.77;2.17;0.0;3.91;1.0;0.394;12;709
2761;F. Bradarić;0.4;2.14;2.35;0.0;3.06;1.57;0.392;14;705
162034;Carlos Dotor;0.0;0.1;0.77;0.0;1.93;1.28;0.39;17;702
341371;Rodrigo Mendoza;0.28;1.34;0.66;0.0;2.53;2.24;0.389;15;700
48385;Z. Kuzmanović;0.0;2.95;0.27;0.0;1.55;0.87;0.388;12;698
46740;Stoichkov;0.26;1.63;0.98;0.0;3.65;2.21;0.386;16;695
391822;Fer López;0.69;2.09;0.58;0.0;3.02;3.49;0.383;20;690
449249;Franco Mastantuono;0.64;2.07;1.59;0.0;4.44;3.43;0.383;13;690
46996;Álvaro Lemos;0.04;0.03;0.38;0.0;1.16;0.13;0.383;27;690
2369;Cañas;0.0;2.02;3.05;0.0;3.67;0.32;0.383;13;689
3238;V. Angban;0.0;2.08;4.8;0.0;4.47;2.59;0.381;10;685
41112;Trincão;0.88;1.2;0.18;0.0;3.17;3.73;0.379;28;682
1830;Gonçalo Paciência;0.23;0.22;0.12;0.0;1.34;0.63;0.379;34;683
46807;Borja Valle;0.45;1.04;0.35;0.0;1.4;0.31;0.374;24;674
91701;David Barral;0.15;1.08;0.36;0.0;1.61;0.43;0.374;22;673
2116;M. Lestienne;0.11;2.83;1.35;0.0;2.83;2.97;0.373;12;671
24799;J. Geis;0.1;1.38;2.87;0.0;3.22;0.03;0.372;14;670
854;M. Cáceres;0.0;0.87;1.56;0.0;2.91;1.15;0.372;10;669
581;Jota;0.62;0.34;0.81;0.0;3.38;3.77;0.369;17;664
41373;J. Martínez;1.14;3.38;0.73;0.0;3.34;2.35;0.365;15;657
190489;Álvaro Djaló;0.23;0.39;0.3;0.0;2.84;2.32;0.365;29;657
9;A. Hakimi;1.18;1.82;4.49;0.0;6.06;6.45;0.36;9;757
2358;José Crespo;0.16;2.0;6.78;0.0;4.93;1.13;0.36;9;718
338902;Andrés Castrín;0.08;1.06;2.22;0.0;2.57;0.87;0.36;9;649
732;L. Zidane;0.0;0.0;0.0;3.76;1.27;0.96;0.36;9;736
46812;A. Werner;0.0;0.0;0.0;0.99;0.13;0.16;0.36;9;810
10166;Reinier;0.47;1.1;0.81;0.0;3.09;2.45;0.359;22;646
263812;L. Romero;0.17;0.18;0.15;0.0;1.03;0.68;0.358;36;644
47500;D. Verde;0.76;1.52;0.61;0.0;2.56;2.1;0.357;22;642
395;Hernâni;0.2;0.35;0.1;0.0;0.65;0.44;0.357;20;643
57;N. Kalinić;0.68;0.9;0.28;0.0;2.92;0.19;0.356;17;640
128478;W. Cheddira;0.23;0.63;0.14;0.0;2.77;1.12;0.356;34;641
46809;Quique González;0.04;0.47;0.04;0.0;1.41;0.82;0.354;27;638
91745;Alemão;0.78;0.85;0.53;0.0;3.13;1.9;0.353;13;636
195918;Diego Moreno;0.12;0.75;1.2;0.0;2.48;1.21;0.353;11;636
546852;Alex Sancris;0.36;1.7;0.75;0.0;2.65;1.78;0.352;14;633
104797;Erik Expósito;0.29;0.62;0.09;0.0;1.7;0.96;0.349;12;629
30525;Pol Lirola;0.31;1.58;1.87;0.0;3.35;2.03;0.348;12;627
719;F. Grillitsch;0.19;1.66;1.32;0.0;3.7;3.57;0.347;13;624
20661;M. Sagnan;0.08;0.5;1.19;0.0;3.14;1.84;0.344;16;619
47437;A. Hjulsager;0.07;0.72;0.36;0.0;0.83;0.53;0.344;24;619
872;M. Pjanić;0.04;0.38;0.3;0.0;0.8;0.67;0.344;19;620
6736;H. Toledo;0.08;1.37;0.62;0.0;3.26;4.03;0.343;15;617
1291;D. Vavro;0.22;0.24;1.63;0.0;3.03;0.12;0.342;11;616
266658;Calebe;0.09;1.71;2.05;0.0;3.85;2.78;0.342;14;615
53517;D. Hadžikadunić;0.08;0.0;0.99;0.0;3.13;0.04;0.342;16;616
48390;R. van Wolfswinkel;0.46;1.72;1.34;0.0;3.03;1.29;0.341;16;614
1690;Miguel Llambrich;0.0;0.23;1.11;0.0;1.23;0.73;0.341;10;613
18807;Domingos Quina;0.2;0.49;0.26;0.0;1.42;1.26;0.34;21;612
156;Malcom;0.65;2.87;0.27;0.0;2.87;3.07;0.338;15;608
8683;I. Cardona;0.37;1.73;0.9;0.0;2.71;1.21;0.333;16;599
282054;C. Riedel;0.13;0.77;2.22;0.0;3.7;0.85;0.333;9;599
293604;Javi Llabrés;0.05;0.17;0.06;0.0;0.38;0.23;0.333;34;600
286593;Nico Serrano;0.05;0.21;0.14;0.0;0.62;0.43;0.331;27;595
47521;P. Roberts;0.31;1.08;0.52;0.0;2.99;3.54;0.33;19;594
47367;Álex Blanco;0.12;0.53;0.4;0.0;0.81;0.49;0.329;15;593
2478;D. Benedetto;0.92;1.03;0.38;0.0;2.95;2.53;0.325;14;585
30453;J. Jankto;0.0;1.5;1.01;0.0;2.86;1.85;0.324;14;583
74;S. Amrabat;0.15;2.96;2.19;0.0;3.77;1.94;0.32;8;602
179996;Fran Vieites;0.08;0.0;0.0;1.58;0.76;0.05;0.32;8;674
35777;Dória;0.0;0.0;3.25;0.0;2.5;0.0;0.32;8;624
46784;Dani Giménez;0.0;0.36;0.0;1.99;0.44;0.23;0.32;8;606
46915;Ángel Trujillo;0.0;0.82;5.29;0.0;2.9;0.93;0.32;8;668
89980;Manuel Fernández Muñíz;0.0;0.0;0.0;3.79;0.0;0.0;0.32;8;682
37191;O. Tannane;0.57;1.99;1.87;0.0;3.68;2.92;0.319;10;574
162030;Jordi Martín;0.26;1.33;1.87;0.0;3.16;1.87;0.318;13;572
40559;K. Jóźwiak;0.1;1.5;1.21;0.0;3.69;2.65;0.318;11;572
20660;A. Radovanović;0.0;0.28;2.75;0.0;3.19;0.07;0.318;9;572
671;B. Traoré;0.93;1.34;0.34;0.0;3.37;2.23;0.315;11;567
2616;J. Rodríguez;0.61;0.57;0.58;0.0;2.36;1.59;0.314;13;566
192434;Miguel Rodríguez;0.1;0.22;0.3;0.0;0.97;0.5;0.314;26;565
38699;L. Ilić;0.4;0.17;1.04;0.0;2.06;0.49;0.313;14;563
46831;Álex Mula;0.61;0.44;1.06;0.0;2.86;3.4;0.312;11;562
46744;L. Suárez;0.27;0.17;0.16;0.0;0.98;0.74;0.312;16;562
2304;E. Filipenko;0.0;0.0;4.62;0.0;3.47;0.12;0.312;8;562
19034;R. Babel;1.53;1.77;0.47;0.0;3.22;2.09;0.311;11;560
2418;L. Abram;0.14;0.0;1.75;0.0;2.61;0.16;0.311;8;560
47093;José Naranjo;0.35;1.06;1.16;0.0;2.59;1.38;0.31;16;558
42992;Juan Emmanuel Culio;0.0;3.87;2.25;0.0;4.1;3.22;0.31;12;558
25131;P. Ebert;0.49;2.41;0.77;0.0;2.47;1.24;0.309;9;556
24886;Jairo Samperio;0.1;0.88;0.89;0.0;2.93;2.81;0.309;11;557
47049;Chechu Dorado;0.02;0.6;0.59;0.0;0.95;0.73;0.309;11;557
51616;G. Fernández;0.28;0.56;0.09;0.0;2.45;1.96;0.307;20;553
46816;Cifu;0.0;0.12;1.04;0.0;1.7;0.62;0.307;13;553
513776;Y. Diomande;0.77;3.74;1.97;0.0;4.11;4.61;0.306;10;551
31626;S. Longo;0.44;1.49;0.18;0.0;2.8;2.03;0.306;15;551
105035;Jon Ansotegi Gorostola;0.0;0.0;0.0;0.0;0.0;0.0;0.3;8;540
3084;T. Kadewere;0.57;0.47;0.57;0.0;3.13;2.13;0.299;15;538
47524;Seydou Doumbia;0.82;0.37;0.16;0.0;2.12;2.66;0.297;17;535
47263;Samu Sáiz;0.29;0.28;0.07;0.0;0.98;0.84;0.297;22;535
2499;J. Alonso;0.24;1.29;1.98;0.0;3.39;0.56;0.297;9;535
48465;F. Ugrinic;0.0;2.52;0.97;0.0;2.83;2.1;0.297;11;534
22259;S. Prcić;0.11;1.69;2.62;0.0;3.78;1.49;0.296;10;533
1434;L. Dimata;0.0;0.68;0.16;0.0;2.83;2.08;0.296;17;533
162212;Miguel Baeza;0.05;0.21;0.09;0.0;0.48;0.17;0.294;23;530
781;J. Pastore;0.07;0.8;0.31;0.0;0.95;0.88;0.293;14;528
105049;Xumetra;0.24;0.82;0.24;0.0;2.04;0.91;0.292;13;526
47227;Imanol García;0.0;0.28;4.88;0.0;4.17;1.48;0.292;8;526
482473;Marc Domenech;0.02;0.41;0.13;0.0;0.92;0.29;0.291;29;523
182641;Imanol García de Albéniz;0.0;0.5;1.36;0.0;2.68;1.85;0.291;9;523
959;R. Assalé;0.74;1.24;0.16;0.0;2.43;2.65;0.289;14;521
41973;Miguel Crespo;0.0;0.8;1.58;0.0;3.24;2.88;0.289;17;521
2927;M. Batshuayi;0.62;1.5;0.09;0.0;2.01;1.31;0.288;15;519
47061;Jorge Pombo;0.52;1.5;0.61;0.0;3.02;3.12;0.288;12;518
157194;Pejiño;0.29;0.48;0.29;0.0;0.99;0.88;0.286;18;515
51756;M. Arezo;0.18;0.32;0.3;0.0;1.18;0.4;0.286;22;515
75414;N. Fernández Mercau;0.07;1.09;0.77;0.0;2.2;0.86;0.286;30;515
2679;Dyego Sousa;0.26;1.3;0.53;0.0;2.84;1.39;0.285;20;513
351587;T. Oluwaseyi;0.7;0.79;0.27;0.0;2.13;1.96;0.284;16;512
6067;T. Almada;1.17;2.15;0.75;0.0;2.53;2.54;0.283;13;509
48589;A. Malle;0.28;0.6;1.53;0.0;2.87;2.26;0.281;11;506
1462;L. Torreira;0.16;0.46;0.97;0.0;2.33;0.72;0.281;19;505
15385;R. Loé;0.33;2.07;2.84;0.0;3.13;2.15;0.28;7;569
119762;K. Piątkowski;0.22;0.49;2.85;0.0;3.26;0.75;0.28;9;504
341453;Oso;0.17;2.15;0.67;0.0;1.62;1.27;0.28;7;508
2048;M. Wöber;0.15;1.66;2.3;0.0;3.39;0.77;0.28;7;536
30735;M. Andreolli;0.0;1.66;1.32;0.0;3.26;0.18;0.28;7;555
46649;Juan Pérez;0.0;0.0;0.0;1.02;0.04;0.0;0.28;7;630
47006;Gabriel Peñalba;0.0;2.86;0.89;0.0;3.7;2.76;0.28;7;572
53495;B. Koné;0.0;1.56;1.58;0.0;3.38;1.39;0.28;7;603
104842;Mario Fernández;0.0;0.0;0.0;5.86;1.51;0.0;0.28;7;586
18809;Deulofeu;0.6;3.97;0.63;0.0;2.33;1.63;0.279;10;503
331607;Manu Bueno;0.02;0.11;0.08;0.0;0.43;0.1;0.279;47;502
295383;Adrián Pica;0.11;0.24;2.16;0.0;2.97;0.73;0.276;9;496
908;A. Martial;0.33;0.87;0.14;0.0;2.62;2.08;0.275;9;495
107207;Mario Hernández;0.11;0.24;0.53;0.0;0.95;0.31;0.275;12;495
6090;J. Sánchez Miño;0.0;0.24;1.01;0.0;2.43;1.91;0.275;9;495
46663;Miguel Olavide Montes;0.21;1.04;0.38;0.0;2.24;1.05;0.272;14;489
288800;Iker Benito;0.09;0.25;0.17;0.0;0.43;0.22;0.272;15;490
104861;D. Digard;0.02;0.37;0.36;0.0;0.93;0.25;0.271;11;487
104131;F. Kadir;0.12;2.1;1.46;0.0;2.6;1.45;0.269;8;484
2762;J. Brekalo;0.21;1.64;0.83;0.0;2.11;1.15;0.268;14;483
6588;M. Cuero;0.29;1.76;0.89;0.0;2.65;2.51;0.266;13;479
50180;S. Gürler;0.15;1.22;0.31;0.0;2.21;1.83;0.266;13;478
56473;M. Gabbia;0.0;0.3;2.05;0.0;3.22;0.11;0.266;7;479
47213;Pipa;0.14;1.17;1.58;0.0;2.89;1.48;0.263;7;473
47286;Peru Nolaskoain;0.05;0.02;0.16;0.0;0.19;0.06;0.262;11;472
18821;G. Diangana;0.26;0.93;0.75;0.0;2.2;1.17;0.261;11;470
8542;Imoh Ezekiel;0.28;1.15;0.62;0.0;2.33;1.94;0.26;10;468
46730;Francisco Javier Campos Coll;0.0;1.72;1.73;0.0;1.58;0.09;0.26;9;468
536;D. Sinkgraven;0.0;0.05;0.29;0.0;0.92;0.1;0.259;33;467
28406;Lacina Emeghara Traoré;1.28;1.47;0.19;0.0;3.06;0.94;0.258;8;464
46790;Víctor García;0.16;0.62;0.81;0.0;1.7;1.39;0.251;12;451
46922;J. Narváez;0.0;0.06;0.22;0.0;0.95;0.48;0.251;12;451
325415;N. Aberdin;0.0;0.05;0.1;0.0;1.08;0.35;0.25;19;450
2886;J. Hernández;0.79;0.64;0.91;0.0;2.51;0.33;0.248;9;446
30941;Giampaolo Pazzini;0.59;0.19;0.04;0.0;1.94;1.44;0.247;9;444
2041;J. Gnagnon;0.04;0.72;0.67;0.0;1.1;0.56;0.247;7;444
47095;Nano;0.06;0.1;0.0;0.0;0.29;0.14;0.244;16;440
418944;Marcos Peña;0.04;0.09;1.2;0.0;1.32;0.05;0.244;12;439
19512;Bojan Krkić;0.27;0.94;0.17;0.0;2.31;2.45;0.242;13;436
122;Jordi Mboula;0.0;0.51;0.72;0.0;2.46;1.67;0.241;11;433
70752;A. Alcáraz;0.54;0.78;6.0;0.0;4.34;1.43;0.24;6;540
47404;V. Kravets;0.32;2.1;2.69;0.0;3.52;2.58;0.24;6;484
37019;José Rodríguez;0.3;2.31;2.85;0.0;2.99;2.72;0.24;6;456
22245;L. Carole;0.18;2.73;3.15;0.0;4.05;3.6;0.24;6;540
19284;C. Pantilimon;0.0;0.36;0.0;2.82;0.66;0.75;0.24;6;540
46841;N. Champagne;0.0;0.07;0.0;1.17;0.21;0.0;0.24;6;540
46871;Dani Martín;0.0;0.07;0.0;0.29;0.24;0.01;0.24;6;530
47161;José Carlos;0.0;0.36;4.43;0.0;3.17;1.15;0.24;6;498
1977;Adriano;0.0;3.38;1.8;0.0;2.42;1.58;0.239;8;431
48014;A. Ousou;0.0;0.0;1.79;0.0;2.84;0.84;0.239;6;430
471478;Davinchi;0.12;0.53;1.79;0.0;2.72;2.12;0.238;7;429
3199;M. Olunga;0.73;1.01;0.46;0.0;2.03;0.96;0.237;14;426
64310;S. Moore;0.28;0.92;2.48;0.0;2.05;0.87;0.236;6;425
332309;Alejandro Rego;0.15;0.41;0.86;0.0;1.21;0.23;0.236;13;425
336711;Gonzalo García;0.22;0.16;0.11;0.0;0.72;0.12;0.235;28;423
30783;E. Rolón;0.0;0.23;1.36;0.0;1.94;1.59;0.234;8;421
300885;N. Deossa;0.0;0.5;0.64;0.0;2.9;2.89;0.233;11;420
70775;R. Santa Cruz;0.29;0.92;0.29;0.0;1.92;0.11;0.232;17;417
46931;Álvaro Giménez;0.15;0.19;0.12;0.0;0.73;0.05;0.232;12;417
377122;Endrick;0.08;0.1;0.03;0.0;0.6;0.37;0.229;38;413
51570;Álvaro Daniel Pereira Barragán;0.0;1.22;3.6;0.0;2.49;0.04;0.229;6;412
486472;Álvaro García;0.61;0.44;0.55;0.0;2.05;0.62;0.227;8;409
46716;S. Muntari;0.1;0.83;0.98;0.0;2.37;0.2;0.227;8;409
46670;Brandon Thomas;0.08;0.52;0.11;0.0;0.83;0.56;0.227;8;408
181463;Víctor Meseguer;0.0;0.13;0.61;0.0;1.9;0.4;0.226;14;407
1826;S. Haller;0.1;0.22;0.17;0.0;2.63;0.56;0.225;8;405
15886;J. Radošević;0.0;0.22;2.1;0.0;2.42;1.11;0.224;8;404
2778;K. Ịheanachọ;0.18;0.97;0.07;0.0;0.99;0.77;0.223;9;401
35;Javi Montero;0.0;0.0;1.19;0.0;1.48;0.02;0.223;9;401
185810;Raúl Parra;0.0;0.13;0.44;0.0;0.85;0.06;0.222;8;400
182627;Alex Petxarroman;0.05;0.1;0.62;0.0;1.98;0.84;0.221;17;398
283;T. Alexander-Arnold;0.0;2.3;1.41;0.0;1.63;0.76;0.221;8;398
182757;Iván Chapela;0.0;0.38;0.66;0.0;2.02;1.24;0.221;9;398
288074;Alberto Marí;0.05;0.14;0.03;0.0;0.38;0.25;0.22;36;396
5946;J. Gutiérrez;0.0;1.12;1.65;0.0;2.22;1.55;0.217;15;390
41595;I. Šaponjić;0.04;0.0;0.0;0.0;0.0;0.0;0.216;11;388
443163;Pablo García;0.13;0.14;0.36;0.0;0.93;0.54;0.215;20;387
15833;Adnane Tighadouini;0.54;1.31;0.39;0.0;1.79;1.58;0.214;10;386
3423;C. Atsu;0.64;1.39;0.69;0.0;1.81;1.65;0.213;12;384
316517;A. Matturro;0.29;0.0;1.52;0.0;2.09;0.11;0.213;8;383
47209;Andrés Martín;0.1;0.06;0.1;0.0;0.72;0.41;0.213;16;384
37639;S. Van der Heyden;0.0;0.29;0.7;0.0;0.86;0.11;0.213;8;383
104835;Darío Poveda;0.12;0.14;0.07;0.0;0.63;0.52;0.212;18;382
433396;Marc Bernal;0.07;0.52;0.56;0.0;0.94;0.45;0.212;11;382
18753;Adama Traoré;0.21;1.54;0.46;0.0;2.41;3.02;0.21;11;378
48555;C. Pickel;0.12;0.13;0.61;0.0;1.67;1.22;0.21;13;378
351913;J. El Abdellaoui;0.26;0.48;0.09;0.0;0.86;0.91;0.209;12;376
700;O. Kayode;0.19;0.9;0.16;0.0;1.67;1.03;0.208;12;374
116821;Juan Carlos Valerón Santana;0.0;0.0;0.0;0.0;0.0;0.0;0.208;13;375
21494;F. Tabanou;0.12;0.76;0.26;0.0;2.57;1.7;0.206;6;370
184194;Álex Forés;0.09;0.14;0.04;0.0;0.56;0.48;0.204;16;368
197196;Ramón Martínez;0.06;0.03;0.14;0.0;0.68;0.15;0.201;20;361
39714;J. Mondragón;1.03;0.39;2.43;0.0;2.7;0.05;0.2;5;429
30737;F. Barba;0.18;0.39;3.08;0.0;3.22;1.3;0.2;5;450
2484;Y. Mina;0.15;2.35;2.22;0.0;2.69;0.78;0.2;5;370
19599;E. Martínez;0.0;0.0;0.0;4.32;0.96;0.05;0.2;5;450
47192;Luis Muñoz;0.0;0.33;2.03;0.0;2.74;1.91;0.2;5;381
47450;Koke Vegas;0.0;0.0;0.0;0.46;0.08;0.02;0.2;5;450
104802;Pedro López;0.0;0.0;0.0;1.43;0.0;0.0;0.2;5;411
116828;Diego Mainz García;0.0;0.0;0.0;0.0;0.0;0.0;0.2;5;404
152955;L. Bergström;0.0;0.0;0.0;2.51;1.77;0.0;0.2;5;450
408320;Jorge Cabello;0.0;0.0;1.27;0.0;2.18;1.06;0.2;5;364
411702;Pau Cabanes;0.03;0.03;0.1;0.0;0.43;0.25;0.198;27;357
2055;M. Rog;0.0;0.62;1.04;0.0;2.36;2.24;0.197;10;355
10561;Henrique;0.0;0.44;0.76;0.0;1.9;1.15;0.197;7;354
288525;Malcom Adu;0.0;0.06;0.11;0.0;0.61;0.58;0.195;21;351
1920;N. Radonjić;0.45;0.97;0.37;0.0;2.1;2.53;0.194;11;350
1615;Gil Dias;0.17;1.09;1.09;0.0;1.85;1.38;0.194;12;349
182166;Isma Ruiz;0.04;0.18;0.3;0.0;0.76;0.42;0.194;9;349
41163;O. John;0.19;1.46;0.61;0.0;1.81;2.01;0.193;11;348
47571;Juan Aguilera Núñez;0.12;1.12;0.72;0.0;1.64;0.67;0.192;6;345
6011;R. Borré;0.53;0.76;0.27;0.0;1.46;0.92;0.191;17;344
104932;Curro Sánchez;0.05;0.31;0.1;0.0;0.27;0.11;0.189;6;341
312650;M. Milovanović;0.04;0.06;0.05;0.0;0.67;0.19;0.187;30;337
340152;S. Idumbo-Muzambo;0.02;0.17;0.09;0.0;0.43;0.29;0.186;37;335
1863;C. Immobile;0.83;0.18;0.14;0.0;1.3;0.43;0.184;8;332
304383;T. Allende;0.11;0.12;0.19;0.0;0.6;0.32;0.184;19;331
189832;Unai Marrero;0.0;0.0;0.0;0.55;0.0;0.0;0.178;76;321
31563;A. Trajkovski;0.18;1.38;0.19;0.0;1.32;1.36;0.177;14;319
312468;Álex Padilla;0.0;0.0;0.0;1.05;0.24;0.01;0.177;5;319
27031;Nili;0.16;1.37;0.92;0.0;1.14;0.99;0.176;8;317
5974;J. Chicco;0.02;0.14;0.21;0.0;1.19;0.76;0.176;37;316
432476;V. Krapyvtsov;0.0;0.0;0.0;0.61;0.12;0.02;0.176;17;316
104849;O. Atzili;0.0;0.76;0.35;0.0;1.31;0.63;0.175;9;315
263530;Pau Victor;0.11;0.21;0.04;0.0;0.34;0.34;0.169;21;304
46957;Juan Muñoz;0.38;0.0;0.25;0.0;0.91;0.59;0.167;8;300
107217;Xeber Alkain;0.0;0.77;0.32;0.0;0.92;0.64;0.165;10;297
39245;I. Koné;0.08;0.17;0.03;0.0;1.16;0.32;0.164;15;295
46828;Iván Jaime;0.18;0.51;0.49;0.0;1.57;0.98;0.162;10;292
334;S. Verdi;0.06;0.98;0.48;0.0;1.2;0.72;0.161;9;290
768;F. Fazio;0.15;0.7;1.29;0.0;2.08;0.81;0.16;4;295
141;M. Wagué;0.06;0.81;0.75;0.0;0.95;0.97;0.16;4;314
1023;Toño;0.0;0.0;0.0;1.77;0.4;0.0;0.16;4;315
2673;António Alberto Bastos Pimparel;0.0;0.0;0.0;1.33;1.55;0.1;0.16;4;360
40201;Iván Márquez;0.0;1.04;1.05;0.0;1.69;0.05;0.16;4;360
47401;Andrés Prieto;0.0;0.0;0.0;2.15;0.86;0.55;0.16;4;360
105084;Xabi Irureta;0.0;0.0;0.0;1.58;0.46;0.0;0.16;4;360
319572;V. Barco;0.0;1.06;1.16;0.0;1.64;0.65;0.159;7;286
33173;H. Kiyotake;0.43;2.88;0.59;0.0;1.55;1.32;0.158;4;285
46927;Juan Carlos Real;0.04;0.46;0.19;0.0;1.05;0.95;0.157;15;282
338958;R. Bardghji;0.56;1.06;0.08;0.0;1.25;1.47;0.155;11;279
41098;Diogo Figueiras;0.0;0.91;1.86;0.0;1.95;0.92;0.155;4;279
104832;Diego Pampín;0.0;0.2;0.71;0.0;1.31;1.02;0.154;5;278
182602;Julen Lobete;0.15;0.05;0.12;0.0;0.72;0.37;0.153;13;276
47086;Francisco Montañés Claverías;0.16;0.8;0.23;0.0;1.5;0.59;0.151;7;272
162473;Arnau Tenas;0.0;0.0;0.0;0.32;0.18;0.0;0.15;39;270
48418;A. Sadiku;0.18;0.19;0.34;0.0;1.29;0.57;0.149;6;269
46984;Nino;0.03;0.15;0.0;0.0;0.78;0.51;0.149;16;269
19426;Jon Toral;0.0;0.0;1.25;0.0;1.41;0.06;0.149;5;268
284415;Yago Alonso;0.0;0.33;0.16;0.0;0.98;0.77;0.148;7;266
336674;G. Misehouy;0.07;0.16;0.02;0.0;0.86;0.89;0.144;28;260
19485;B. Brereton;0.04;0.16;0.03;0.0;0.7;0.33;0.144;14;260
90521;Álvaro Arbeloa Coca;0.0;0.0;0.0;0.0;0.0;0.0;0.143;6;258
332304;Raúl Chasco;0.0;0.09;0.21;0.0;0.25;0.0;0.143;25;258
381197;Asier Osambela;0.08;0.12;0.19;0.0;0.5;0.0;0.142;11;255
66761;M. Osmajić;0.0;0.01;0.03;0.0;0.4;0.17;0.142;11;255
437643;Peio Canales;0.0;0.83;0.21;0.0;0.89;0.73;0.142;8;255
579287;K. Tunde;0.13;0.55;0.63;0.0;1.41;0.66;0.14;4;252
30543;G. Raspadori;0.13;0.51;0.05;0.0;0.92;0.3;0.139;12;251
402168;Arkaitz Mariezkurrena;0.13;0.06;0.03;0.0;0.26;0.24;0.136;15;245
99;R. Pierre-Gabriel;0.09;0.12;0.65;0.0;1.29;0.63;0.136;17;245
128365;Gaizka Larrazabal;0.05;0.11;0.08;0.0;0.91;0.39;0.136;10;244
21441;F. Maouassa;0.0;1.18;0.68;0.0;1.38;0.34;0.136;6;245
47199;Y. Bodiger;0.0;0.24;0.59;0.0;0.8;0.05;0.136;9;245
162992;Vicente Esquerdo;0.0;0.29;0.94;0.0;0.62;0.31;0.136;7;244
314006;J. Vertrouwd;0.0;0.35;0.68;0.0;0.83;0.05;0.136;6;244
47308;N. Djouahra;0.08;0.43;0.31;0.0;0.66;0.38;0.135;9;243
383;Wilson Manafá;0.0;0.06;0.15;0.0;0.94;0.82;0.134;18;241
104972;Nauzet Alemán;0.0;1.17;0.28;0.0;0.62;0.34;0.134;10;242
20817;G. Koyalipou;0.26;0.09;0.16;0.0;1.08;1.05;0.133;11;239
47438;M. Jensen;0.08;0.17;0.52;0.0;1.06;0.09;0.131;6;235
138;J. Todibo;0.0;0.21;0.53;0.0;0.62;0.31;0.131;4;235
47004;Fabio González;0.0;0.01;0.03;0.0;0.2;0.08;0.131;9;235
46671;Juan Villar;0.23;0.41;0.1;0.0;0.84;0.29;0.13;10;234
162170;Hugo Novoa;0.0;0.08;0.14;0.0;0.77;0.39;0.13;25;234
1346;İ. Köybaşı;0.0;0.0;0.82;0.0;1.14;0.6;0.129;4;232
46883;Juan Rodríguez;0.0;0.25;1.29;0.0;1.06;0.03;0.128;4;230
2544;Akram Afif;0.05;0.55;0.51;0.0;1.25;0.55;0.127;9;229
183748;Jon Karrikaburu;0.04;0.04;0.02;0.0;0.21;0.02;0.127;14;228
310683;Álvaro Bastida;0.0;0.0;0.1;0.0;0.15;0.0;0.127;7;229
35604;Roger Martínez;0.28;0.0;0.02;0.0;1.2;1.04;0.125;8;225
118;Gelson Martins;0.06;0.24;0.28;0.0;1.16;1.02;0.124;8;223
390742;J. Panichelli;0.05;0.1;0.08;0.0;0.52;0.03;0.123;8;222
46768;Ager Aketxe;0.04;0.18;0.26;0.0;0.45;0.3;0.122;6;220
6048;B. Cufré;0.0;0.19;0.58;0.0;0.96;0.63;0.121;5;217
2157;D. Boiko;0.0;0.14;0.0;0.27;0.0;0.0;0.12;3;270
2465;J. Musso;0.0;0.0;0.0;1.04;0.11;0.02;0.12;3;270
41208;Fábio Cardoso;0.0;0.0;1.1;0.0;1.17;0.0;0.12;3;219
42979;Giedrius Arlauskis;0.0;0.0;0.0;0.16;0.88;0.0;0.12;3;226
46698;José Caro;0.0;0.0;0.0;2.38;0.8;0.0;0.12;3;245
46707;Borja Herrera;0.0;0.89;0.81;0.0;1.08;0.64;0.12;3;242
47479;Moi Delgado;0.0;1.17;1.58;0.0;1.8;0.96;0.12;3;270
107140;Oier Luengo;0.0;0.87;1.19;0.0;1.15;0.04;0.12;3;225
116909;Marc Martínez;0.0;0.0;0.0;0.45;0.03;0.0;0.12;3;270
140834;A. Mahmoud;0.0;0.08;0.39;0.0;0.54;0.3;0.12;5;216
182164;Pepe Sánchez;0.0;0.3;0.58;0.0;0.53;0.02;0.12;3;254
465838;Alberto Risco;0.01;0.11;0.03;0.0;0.15;0.09;0.119;19;214
47470;R. Dwamena;0.07;0.5;0.03;0.0;0.76;0.37;0.117;12;211
325140;J. Smith;0.0;0.18;0.98;0.0;1.17;0.29;0.117;5;210
2845;J. Campbell;0.42;0.75;0.24;0.0;1.26;1.24;0.116;8;209
37892;D. Eckert Ayensa;0.14;0.3;0.19;0.0;1.04;0.08;0.116;9;208
46803;Joni Montiel;0.0;0.01;0.01;0.0;0.03;0.02;0.116;8;209
46952;E. İsrafilov;0.07;0.15;0.92;0.0;1.18;0.08;0.115;6;207
1042;Lluis Sastre;0.0;0.39;0.18;0.0;0.47;0.02;0.115;5;207
64256;A. Pelmard;0.0;0.1;0.28;0.0;0.95;0.3;0.114;9;205
386305;Jacobo Ramón Naveros;0.04;0.03;0.12;0.0;0.54;0.0;0.113;16;203
131492;Aritz Arambarri;0.0;0.0;0.72;0.0;0.76;0.0;0.113;3;203
22014;P. Chavarría;0.03;0.13;0.06;0.0;0.92;0.25;0.111;13;199
1901;J. Amavi;0.0;0.0;0.4;0.0;1.04;0.04;0.111;5;199
35503;J. Macías;0.0;0.0;0.07;0.0;1.14;0.86;0.111;7;200
421044;Íñigo Arguibide;0.0;0.07;0.17;0.0;0.19;0.0;0.111;6;199
550;K. Dolberg;0.04;0.21;0.03;0.0;0.69;0.29;0.11;11;198
284441;A. Kamara;0.04;0.19;0.24;0.0;0.71;0.32;0.11;9;198
55393;Elderson Echiejile;0.39;0.18;0.44;0.0;0.96;0.4;0.109;3;197
439617;Z. Tassounte;0.0;0.2;0.22;0.0;0.46;0.27;0.109;15;197
280688;T. Corbeanu;0.17;0.0;0.22;0.0;0.76;0.28;0.108;9;195
1328;D. Kądzior;0.06;0.14;0.05;0.0;0.63;0.65;0.108;6;194
46694;Dani Ojeda;0.08;0.33;0.29;0.0;0.91;0.49;0.107;5;192
30568;C. Oliva;0.04;0.49;0.28;0.0;0.68;0.62;0.107;9;192
46781;Vincenzo Renato Rennella;0.25;0.29;0.03;0.0;0.89;0.09;0.106;6;191
131294;Y. Demir;0.0;0.0;0.26;0.0;0.86;0.79;0.106;6;190
15510;Borja Ekiza Imaz;0.0;0.14;0.51;0.0;0.67;0.03;0.105;4;189
87220;M. Ciani;0.0;0.19;0.47;0.0;0.36;0.02;0.105;3;189
287652;Jon Magunazelaia;0.01;0.1;0.09;0.0;0.24;0.12;0.104;9;187
10496;W. Montoya;0.0;0.24;0.23;0.0;0.45;0.14;0.104;5;187
161879;K. Koindredi;0.0;0.05;0.07;0.0;0.25;0.13;0.104;12;188
1160;M. Saracchi;0.0;1.54;0.85;0.0;0.97;0.51;0.103;4;186
7581;Juan Domínguez;0.07;0.5;0.55;0.0;0.82;0.27;0.102;5;184
1582;Róber;0.0;0.26;0.15;0.0;0.39;0.18;0.102;6;184
46930;E. Demirović;0.6;0.7;0.1;0.0;0.94;0.1;0.101;3;181
438284;Rafel Bauzà;0.0;0.0;0.04;0.0;0.22;0.08;0.101;17;182
49905;T. Bifouma;0.05;0.22;0.17;0.0;0.84;0.32;0.1;7;180
566;Ferro;0.0;0.0;0.1;0.0;0.28;0.0;0.1;3;180
47420;Javier Avilés;0.16;0.57;0.38;0.0;0.8;0.52;0.099;9;178
450497;Carlos Espí;0.16;0.0;0.1;0.0;0.89;0.41;0.099;9;178
147797;Antoñín Cortés;0.07;0.08;0.0;0.0;0.28;0.22;0.098;8;177
19613;O. Ejaria;0.05;0.11;0.23;0.0;0.85;0.42;0.098;7;177
114799;Rafael van der Vaart;0.0;0.0;0.0;0.0;0.0;0.0;0.098;7;177
1327;I. Hajrović;0.0;0.65;0.12;0.0;0.43;0.01;0.097;7;174
116822;Manuel Pablo García Díaz;0.0;0.0;0.0;0.0;0.0;0.0;0.097;3;175
31361;R. Mazáň;0.03;0.53;0.58;0.0;0.38;0.06;0.096;3;172
396624;Sergi Domínguez;0.0;0.78;0.07;0.0;0.25;0.0;0.096;19;173
46836;M. Koné;0.07;0.29;0.23;0.0;0.75;0.41;0.094;5;169
162944;Duk;0.03;0.37;0.24;0.0;1.03;0.9;0.094;10;170
41176;Fábio Coentrão;0.0;1.66;0.09;0.0;0.64;0.29;0.094;3;169
47552;F. Di Santo;0.0;0.1;0.07;0.0;0.84;0.23;0.094;6;169
47170;José Carlos Lazo;0.06;0.0;0.0;0.0;0.18;0.13;0.093;11;168
90710;Jordi Figueras;0.0;0.33;1.35;0.0;0.95;0.28;0.093;3;167
9925;Matheus Fernandes;0.0;0.1;0.31;0.0;0.46;0.22;0.092;3;166
402281;Silvi;0.05;0.1;0.4;0.0;0.58;0.22;0.091;5;163
46837;Dani Pacheco;0.0;0.39;0.15;0.0;0.58;0.5;0.091;11;164
188413;Visus;0.0;0.0;0.32;0.0;0.35;0.02;0.091;3;164
2755;A. Mabil;0.06;0.14;0.16;0.0;0.63;0.4;0.09;5;162
47491;Luismi;0.0;0.0;0.1;0.0;0.28;0.11;0.089;11;160
340154;A. Vermeeren;0.0;0.11;0.13;0.0;0.15;0.01;0.089;5;160
47180;Cristian Herrera;0.12;0.09;0.02;0.0;0.43;0.22;0.088;8;158
47374;P. Twumasi;0.06;0.13;0.07;0.0;0.48;0.16;0.088;11;159
51177;C. Espinoza;0.05;0.34;0.15;0.0;0.55;0.21;0.088;6;159
2205;H. Ben Arfa;0.0;0.34;0.0;0.0;0.41;0.42;0.088;5;158
47164;Gerard Valentín;0.0;0.0;0.7;0.0;0.85;0.44;0.088;3;158
506254;I. Alani;0.0;0.0;1.23;0.0;1.27;0.41;0.088;3;158
315701;Rubo Iranzo;0.0;0.0;0.03;0.0;0.04;0.0;0.087;23;156
10402;N. López;0.0;0.17;0.16;0.0;0.66;0.62;0.086;8;154
47465;Fran Manzanara;0.0;0.0;0.64;0.0;0.91;0.02;0.086;4;154
184407;José Salinas;0.0;0.21;0.07;0.0;0.47;0.33;0.086;8;154
697;M. Solomon;0.15;0.41;0.04;0.0;0.61;0.67;0.085;6;153
413502;Mateo Flores;0.0;0.0;0.07;0.0;0.35;0.0;0.085;21;153
642;S. Agüero;0.23;0.16;0.06;0.0;0.61;0.25;0.084;4;151
46726;R. Zozulya;0.05;0.47;0.0;0.0;0.49;0.01;0.083;6;150
333292;Pelayo Fernández;0.0;0.0;0.05;0.0;0.21;0.0;0.083;26;149
195512;M. Satriano;0.18;0.78;0.52;0.0;1.54;0.67;0.08;2;180
36;Carlos Isaac;0.0;0.23;0.2;0.0;0.42;0.39;0.08;2;154
2034;Javi Díaz;0.0;0.0;0.0;0.35;0.0;0.0;0.08;2;180
2552;I. Lichnovsky;0.0;0.0;1.5;0.0;0.97;0.37;0.08;2;180
15396;F. Uzoho;0.0;0.0;0.0;1.4;0.26;0.05;0.08;2;180
30529;Marlon;0.0;1.18;0.9;0.0;0.91;0.4;0.08;2;180
46754;Alberto Cifuentes Martínez;0.0;0.39;0.0;1.6;0.26;0.05;0.08;2;180
46785;Adrián Ortolá;0.0;0.39;0.0;2.0;0.0;0.0;0.08;2;180
115979;Stipe Pletikosa;0.0;0.0;0.0;1.0;0.0;0.0;0.08;2;180
162108;Guillem Molina;0.0;0.0;0.7;0.0;1.09;0.81;0.08;2;153
182857;Sergio Barcia;0.0;0.0;0.24;0.0;0.15;0.01;0.08;2;167
183777;Unai Dufur;0.0;0.0;0.48;0.0;0.28;0.0;0.08;2;153
286611;Pablo Cuñat;0.0;0.0;0.0;0.39;0.32;0.0;0.08;2;180
335697;David López;0.0;0.0;0.2;0.0;0.39;0.06;0.08;2;152
349397;Simo;0.0;0.0;0.24;0.0;0.39;0.0;0.079;7;142
195962;Chiquinho;0.07;0.23;0.03;0.0;0.57;0.5;0.078;8;141
129728;J. Holsgrove;0.0;0.12;0.37;0.0;0.62;0.23;0.078;5;140
41735;K. Nwakali;0.0;0.12;0.21;0.0;0.56;0.31;0.077;5;138
51014;W. Zahibo;0.0;0.54;0.74;0.0;0.9;0.04;0.076;2;136
111;Rony Lopes;0.05;0.0;0.09;0.0;0.29;0.28;0.074;5;133
40258;Borja Fernández;0.0;0.29;0.38;0.0;0.63;0.43;0.073;4;132
46741;Marc Pedraza;0.0;0.19;0.36;0.0;0.06;0.0;0.073;3;131
32970;Leandro Damião;0.09;0.82;0.14;0.0;0.66;0.05;0.072;3;129
568156;S. Sanchez;0.06;0.42;0.16;0.0;0.51;0.23;0.072;4;130
58;Víctor Mollejo;0.0;0.01;0.0;0.0;0.02;0.0;0.072;8;129
104848;Javier Flaño Bezunartea;0.0;0.25;0.22;0.0;0.63;0.02;0.072;4;130
203014;M. Hoppe;0.0;0.52;0.04;0.0;0.36;0.01;0.072;5;129
53702;Bojan Jokić;0.0;0.0;0.89;0.0;0.71;0.28;0.07;2;126
122804;Adrián Guerrero;0.0;0.0;0.37;0.0;0.48;0.23;0.07;2;126
183706;Ander Martín;0.03;0.13;0.07;0.0;0.16;0.08;0.069;8;124
327628;Ricard Artero;0.02;0.0;0.03;0.0;0.12;0.09;0.069;7;125
19070;M. Aarons;0.0;0.03;0.03;0.0;0.49;0.12;0.069;18;124
48153;H. Goitom;0.0;0.63;0.1;0.0;0.67;0.07;0.069;2;124
448243;Ali Houary;0.0;0.0;0.52;0.0;0.71;0.28;0.069;2;125
183776;Urko Izeta;0.06;0.13;0.04;0.0;0.34;0.14;0.068;8;123
44502;M. Koval;0.0;0.0;0.0;0.42;0.02;0.0;0.068;2;122
286643;Koffi;0.0;0.1;0.03;0.0;0.11;0.1;0.068;4;122
403498;Sergio Rodelas;0.0;0.65;0.2;0.0;0.44;0.18;0.068;3;123
163060;A. Giménez;0.0;0.0;0.0;0.33;0.19;0.05;0.067;2;121
335037;Diego Hormigo;0.0;0.0;0.06;0.0;0.12;0.05;0.067;3;120
184608;Manu Garrido;0.06;0.0;0.07;0.0;0.51;0.18;0.064;4;115
359603;L. Koleosho;0.02;0.05;0.05;0.0;0.18;0.21;0.063;8;114
2421;A. Callens;0.0;0.0;0.14;0.0;0.31;0.01;0.063;6;114
46721;Eugeni Valderrama;0.0;0.33;0.44;0.0;0.49;0.06;0.063;3;114
161877;Pablo Gozálbez;0.0;0.0;0.01;0.0;0.16;0.0;0.063;31;114
334878;U. Raghouber;0.0;0.0;0.57;0.0;0.73;0.29;0.063;2;114
46713;Barri;0.11;0.0;0.28;0.0;0.55;0.56;0.062;2;112
18776;Ç. Söyüncü;0.0;0.0;0.06;0.0;0.3;0.16;0.062;6;111
163245;Martín Calderón;0.0;0.08;0.08;0.0;0.48;0.16;0.062;6;111
185715;Josep Gayá;0.0;0.0;0.12;0.0;0.05;0.0;0.062;3;112
388032;Carlos Guirao;0.0;0.0;0.0;0.0;0.0;0.0;0.062;2;112
21996;A. Baba;0.0;0.0;0.41;0.0;0.41;0.0;0.061;2;109
33305;David Concha;0.0;0.06;0.09;0.0;0.34;0.2;0.061;8;109
47338;Álex López;0.0;0.0;0.25;0.0;0.51;0.21;0.061;4;109
8746;Bambo Diaby;0.0;0.0;0.02;0.0;0.34;0.04;0.059;4;107
180560;H. Mejbri;0.0;0.11;0.02;0.0;0.35;0.28;0.059;17;107
104795;Mujaid Sadick;0.0;0.0;0.61;0.0;0.39;0.0;0.058;2;105
293297;J. Patrick;0.0;0.0;0.01;0.0;0.07;0.04;0.058;10;104
15381;Juanan Entrena;0.14;0.0;0.11;0.0;0.46;0.43;0.057;3;102
61160;D. Dražić;0.0;0.0;0.0;0.0;0.26;0.2;0.057;6;103
1649;P. Cutrone;0.03;0.06;0.02;0.0;0.15;0.14;0.056;7;100
46993;Eric Curbelo;0.0;0.0;0.59;0.0;0.39;0.0;0.056;2;101
323815;Oscar Ureña;0.07;0.0;0.28;0.0;0.5;0.53;0.055;3;99
47523;K. Soni;0.01;0.07;0.03;0.0;0.14;0.13;0.055;8;99
56131;A. Özbiliz;0.0;0.66;0.08;0.0;0.4;0.17;0.055;3;99
666;M. Dembélé;0.08;0.08;0.03;0.0;0.35;0.24;0.053;5;95
77623;Y. Diarra;0.0;0.16;0.16;0.0;0.21;0.0;0.053;5;95
119220;Álex Martín;0.0;0.0;0.24;0.0;0.35;0.0;0.053;2;95
490848;Sergio Viera;0.0;0.0;0.12;0.0;0.36;0.2;0.053;2;96
35576;O. Pineda;0.03;0.06;0.09;0.0;0.38;0.14;0.052;7;94
1595;L. Koútris;0.0;0.2;0.23;0.0;0.36;0.0;0.052;2;93
200999;Keita;0.0;0.0;0.1;0.0;0.39;0.13;0.052;3;94
30690;N. Fonseca;0.0;0.1;0.34;0.0;0.36;0.14;0.051;4;92
396475;Fran González;0.0;0.0;0.0;0.14;0.0;0.0;0.05;25;90
491087;Pedro Fernández;0.0;0.2;0.04;0.0;0.41;0.43;0.05;4;90
41307;Fábio Espinho;0.09;0.19;0.0;0.0;0.28;0.14;0.048;2;87
1094;D. Samassékou;0.04;0.09;0.29;0.0;0.46;0.24;0.048;4;87
104826;Chuca;0.0;0.09;0.09;0.0;0.28;0.24;0.048;4;86
122231;Juan Hernández;0.0;0.15;0.03;0.0;0.18;0.27;0.047;5;84
19278;F. Diédhiou;0.06;0.12;0.01;0.0;0.44;0.3;0.046;8;82
3365;M. El Hacen;0.0;0.0;0.09;0.0;0.15;0.01;0.046;3;83
116820;Hugo Fraile Martín;0.0;0.24;0.05;0.0;0.2;0.02;0.046;3;83
146750;Ismael Gutiérrez;0.0;0.0;0.0;0.0;0.0;0.0;0.046;3;83
182490;Jacobo González;0.0;0.0;0.17;0.0;0.36;0.18;0.046;2;83
47238;Ikechukwu Uche;0.05;0.2;0.0;0.0;0.17;0.03;0.045;3;81
288384;Mikel Goti;0.0;0.0;0.02;0.0;0.15;0.12;0.045;4;81
161875;Hugo González;0.0;0.06;0.01;0.0;0.06;0.0;0.044;9;79
579838;A. Mestanza;0.0;0.0;0.09;0.0;0.34;0.27;0.044;3;79
22104;Y. Salibur;0.0;0.39;0.03;0.0;0.15;0.24;0.043;4;78
548734;C. Macia;0.0;0.0;0.21;0.0;0.33;0.12;0.043;4;77
439293;Adam Boayar;0.09;0.06;0.07;0.0;0.26;0.1;0.042;5;75
104825;Kike Sola;0.0;0.03;0.0;0.0;0.29;0.05;0.042;5;76
182759;M. Diarra;0.0;0.0;0.04;0.0;0.15;0.07;0.042;4;75
392270;Marc Guiu;0.09;0.06;0.01;0.0;0.16;0.02;0.041;3;73
41415;Luís Martins;0.0;0.58;0.06;0.0;0.18;0.0;0.041;2;73
46735;Salva Ruiz;0.0;0.0;0.12;0.0;0.18;0.02;0.041;2;74
47397;Miguel Marí;0.0;0.0;0.02;0.0;0.08;0.01;0.041;3;73
311345;F. Redondo;0.0;0.0;0.08;0.0;0.25;0.01;0.041;6;73
104986;Kike Hermoso;0.54;0.23;0.45;0.0;0.73;0.25;0.04;1;90
6490;L. Vázquez;0.52;0.37;0.14;0.0;0.48;0.05;0.04;1;86
179070;Marc Baró;0.18;0.78;0.6;0.0;0.57;0.4;0.04;1;90
125;Jokin Ezkieta;0.0;0.0;0.0;0.15;0.0;0.0;0.04;1;90
3334;Y. Koné;0.0;0.0;0.08;0.0;0.26;0.14;0.04;3;72
8716;D. Roef;0.0;0.0;0.15;1.0;0.15;0.0;0.04;1;90
8718;M. Caufriez;0.0;0.0;0.45;0.0;0.44;0.0;0.04;1;90
18893;F. Fernández;0.0;0.0;0.45;0.0;0.28;0.0;0.04;1;90
19011;Fabri;0.0;0.1;0.0;0.11;0.0;0.0;0.04;1;90
36834;Nacho Monsalve;0.0;0.39;0.3;0.0;0.15;0.0;0.04;1;90
42980;Jesús;0.0;0.2;0.0;0.15;0.0;0.0;0.04;1;90
46728;Miquel Parera;0.0;0.0;0.0;0.25;0.0;0.0;0.04;1;90
46756;David Carmona;0.0;0.0;1.0;0.0;0.74;0.0;0.04;1;90
46760;Sergio González;0.0;0.0;0.45;0.0;0.49;0.05;0.04;1;90
46763;José Matos;0.0;0.0;0.3;0.0;0.38;0.05;0.04;1;90
46878;Javi Noblejas;0.0;0.17;0.68;0.0;0.62;0.05;0.04;1;90
46909;Andoni López;0.0;0.0;0.3;0.0;0.46;0.3;0.04;1;90
46937;A. Abeid;0.0;0.34;0.65;0.0;0.39;0.22;0.04;1;78
47050;Alberto Guitián;0.0;0.07;0.52;0.0;0.38;0.0;0.04;1;90
47226;Antonio Cotán;0.0;0.53;0.45;0.0;0.52;0.1;0.04;1;90
47369;Paulino;0.0;0.0;0.04;0.0;0.36;0.27;0.04;3;72
88774;N. Karabelas;0.0;0.06;0.52;0.0;0.37;0.0;0.04;1;90
104798;Alberto Redondo;0.0;0.0;0.75;0.0;0.64;0.0;0.04;1;90
108561;David Goldar;0.0;0.0;0.98;0.0;0.52;0.1;0.04;1;90
119225;Eliseo Falcón;0.0;0.0;0.0;0.0;0.3;0.39;0.04;1;74
119740;S. One;0.0;0.0;0.15;0.0;0.26;0.0;0.04;1;90
135151;Álex Robles;0.0;0.09;0.6;0.0;0.51;0.05;0.04;1;90
180927;Z. Romero;0.0;0.0;0.9;0.0;0.43;0.0;0.04;1;90
184345;Jony Álamo;0.0;0.0;0.15;0.0;0.23;0.33;0.04;1;74
286561;Sergio Arribas;0.0;0.0;1.0;0.0;0.67;0.0;0.04;1;90
290685;Ángel Jiménez;0.0;0.0;0.0;0.27;0.06;0.0;0.04;1;90
329725;Arnau Rafús;0.0;0.0;0.0;0.1;0.0;0.0;0.04;1;90
338295;Primo;0.0;0.0;0.0;0.08;0.0;0.0;0.04;1;90
347886;Félix Garreta;0.0;0.0;0.45;0.0;0.37;0.05;0.04;1;90
439614;Iago Parente;0.0;0.31;0.0;0.0;0.12;0.04;0.04;1;72
297304;D. Camara;0.03;0.15;0.06;0.0;0.09;0.0;0.039;2;71
47114;E. Zidane;0.0;0.23;0.0;0.0;0.27;0.25;0.039;2;71
46814;R. Brežančić;0.0;0.05;0.0;0.0;0.26;0.04;0.037;1;66
47228;Ramiro Guerra Pereyra;0.0;0.22;0.0;0.0;0.22;0.02;0.037;4;67
303378;Javi Serrano;0.0;0.0;0.03;0.0;0.07;0.0;0.037;5;66
327496;Rodrigo Abajas;0.0;0.0;0.19;0.0;0.17;0.09;0.037;1;66
352905;Marciano Tchami;0.0;0.01;0.0;0.0;0.1;0.0;0.037;12;67
600938;P. Agudin;0.0;0.0;0.0;0.0;0.12;0.11;0.037;4;66
14485;A. Sané;0.13;0.0;0.11;0.0;0.36;0.04;0.036;1;64
185599;Calderón;0.0;0.28;0.21;0.0;0.29;0.04;0.036;1;64
551459;L. Kourouma;0.0;0.0;0.02;0.0;0.07;0.01;0.036;5;64
546798;M. Sierra;0.03;0.0;0.11;0.0;0.31;0.2;0.035;4;63
440413;Aingeru Olabarrieta;0.0;0.0;0.05;0.0;0.12;0.08;0.035;2;63
41576;Tomás Tavares;0.0;0.0;0.07;0.0;0.18;0.0;0.034;3;62
104800;David Alba;0.0;0.0;0.03;0.0;0.06;0.0;0.034;1;62
104801;M. Ndockyt;0.0;0.0;0.04;0.0;0.24;0.17;0.034;6;62
104812;Víctor López;0.0;0.68;0.31;0.0;0.21;0.0;0.034;1;61
104846;Diego Barrios;0.0;0.0;0.0;0.25;0.1;0.0;0.034;1;61
183716;Eñaut Mendia;0.0;0.0;0.26;0.0;0.24;0.0;0.034;1;62
199042;Mario Maroto;0.0;0.24;0.07;0.0;0.1;0.08;0.034;2;62
411424;Miquel Salas;0.0;0.0;0.01;0.0;0.12;0.02;0.034;17;61
31538;A. Brignoli;0.0;0.0;0.0;0.0;0.0;0.0;0.033;1;60
402280;A. Yaakobishvili;0.0;0.02;0.03;0.0;0.07;0.0;0.033;7;60
59927;Álex Barrera;0.02;0.0;0.08;0.0;0.23;0.0;0.032;5;57
2909;Paik Seung-Ho;0.0;0.0;0.1;0.0;0.15;0.02;0.032;3;57
47171;Juan Muñiz;0.0;0.25;0.04;0.0;0.21;0.21;0.032;4;57
186458;S. Abdulai;0.0;0.0;0.05;0.0;0.21;0.1;0.032;3;57
463279;Paco Cortés;0.0;0.0;0.05;0.0;0.18;0.17;0.032;2;57
116817;Mikel Arruabarrena Aranbide;0.06;0.18;0.0;0.0;0.15;0.01;0.031;6;56
913;Cristian Rivero;0.0;0.0;0.0;0.07;0.02;0.0;0.031;1;56
19161;J. Montero;0.0;0.08;0.0;0.0;0.16;0.08;0.03;4;54
47083;Borja Lasso;0.0;0.38;0.0;0.0;0.32;0.14;0.03;1;54
3424;B. Mensah;0.0;0.0;0.03;0.0;0.23;0.24;0.029;8;53
41333;L. Fariña;0.0;0.08;0.12;0.0;0.14;0.01;0.029;3;52
929;Sito;0.0;0.0;0.11;0.0;0.12;0.08;0.028;1;51
47126;C. Ganea;0.0;0.0;0.08;0.0;0.14;0.03;0.028;1;50
119223;Mourad;0.0;0.09;0.14;0.0;0.23;0.01;0.028;2;50
161964;Marc Tenas;0.0;0.07;0.0;0.0;0.17;0.09;0.028;3;51
13298;S. Lucumí;0.0;0.0;0.04;0.0;0.15;0.08;0.027;2;49
47293;Iñigo Vicente;0.0;0.28;0.03;0.0;0.18;0.19;0.027;3;49
179153;Javi Martón;0.0;0.0;0.0;0.0;0.06;0.0;0.027;3;49
40;A. Solano;0.0;0.12;0.23;0.0;0.29;0.03;0.026;1;46
387519;Xavier Moreno Hernández;0.0;0.0;0.0;0.0;0.14;0.03;0.026;1;46
389602;Iker Almena;0.0;0.21;0.0;0.0;0.09;0.1;0.026;2;46
455366;P. Ba;0.0;0.0;0.01;0.0;0.08;0.04;0.026;3;47
491250;Jofre Torrents;0.0;0.0;0.05;0.0;0.13;0.0;0.026;3;47
364414;Mario Domínguez;0.01;0.0;0.0;0.0;0.0;0.0;0.025;5;45
47375;Markel Areitio;0.0;0.0;0.0;0.4;0.0;0.0;0.025;1;45
386491;José de la Rosa;0.0;0.11;0.03;0.0;0.1;0.05;0.025;2;45
402580;Marco Esteban;0.0;0.0;0.0;0.0;0.0;0.0;0.025;1;45
445973;Toni Fernández;0.0;0.11;0.0;0.0;0.0;0.0;0.025;1;45
348326;Martín Tejón;0.01;0.03;0.02;0.0;0.08;0.06;0.024;4;44
761;Cristo González;0.0;0.19;0.15;0.0;0.12;0.0;0.024;1;44
104807;Alberto López;0.0;0.0;0.22;0.0;0.13;0.02;0.024;1;44
104823;Mozo;0.0;0.08;0.0;0.0;0.3;0.15;0.024;1;44
104858;Antonio Otegui;0.0;0.0;0.02;0.0;0.09;0.01;0.024;3;44
106746;K. Fobi;0.0;0.0;0.07;0.0;0.08;0.02;0.024;1;44
122918;Dani Plomer;0.0;0.0;0.0;0.0;0.06;0.0;0.024;1;44
182736;Lluis Recasens;0.0;0.0;0.29;0.0;0.17;0.0;0.024;1;44
183891;Unai Arieta;0.0;0.0;0.01;0.0;0.08;0.01;0.024;4;43
303115;"E. Eto&apos;o Pineda";0.0;0.0;0.0;0.0;0.14;0.0;0.024;10;44
440339;Adrian Arnuncio;0.0;0.0;0.01;0.0;0.14;0.01;0.024;5;44
47092;Tyronne;0.0;0.06;0.04;0.0;0.11;0.01;0.023;3;42
47343;Alfa Semedo;0.0;0.17;0.06;0.0;0.15;0.13;0.023;3;42
53659;Miguel Cardoso;0.0;0.25;0.05;0.0;0.11;0.05;0.023;3;41
91225;P. Kone;0.0;0.05;0.04;0.0;0.14;0.0;0.023;2;42
439994;Pablo Busto;0.0;0.04;0.03;0.0;0.06;0.04;0.023;2;42
104828;Diego Alende;0.0;0.04;0.2;0.0;0.07;0.0;0.022;1;39
104856;Rubén Sánchez;0.0;0.0;0.0;0.0;0.17;0.01;0.022;2;39
60;Joaquín Muñoz;0.02;0.04;0.01;0.0;0.09;0.08;0.021;4;38
46664;Luis Perea;0.0;0.0;0.01;0.0;0.04;0.0;0.021;3;38
104820;Imanol Sarriegi;0.0;0.0;0.05;0.0;0.08;0.0;0.021;3;37
104827;Mario González;0.0;0.02;0.0;0.0;0.05;0.0;0.021;4;38
371912;Dani Rodríguez;0.0;0.0;0.0;0.0;0.01;0.0;0.021;1;38
404471;Diego Martín;0.0;0.0;0.03;0.0;0.09;0.01;0.021;2;38
47497;S. Plaza;0.0;0.0;0.0;0.0;0.11;0.03;0.02;2;36
47572;Juan José Camacho Barnola;0.05;0.15;0.02;0.0;0.11;0.1;0.019;3;34
46748;Aridai Cabrera;0.03;0.0;0.03;0.0;0.06;0.0;0.019;2;35
104865;S. Gassama;0.0;0.15;0.0;0.0;0.11;0.0;0.019;1;34
44340;Salem Al Dawsari;0.0;0.0;0.03;0.0;0.11;0.02;0.018;1;33
113586;B. Adekanye;0.0;0.0;0.0;0.0;0.04;0.06;0.018;3;33
560954;A. Hierro;0.0;0.14;0.0;0.0;0.07;0.0;0.018;1;33
77184;Asdrúbal;0.0;0.04;0.0;0.0;0.06;0.06;0.017;3;31
116836;Ángel Domingo López Ruano;0.0;0.0;0.0;0.0;0.0;0.0;0.017;3;30
161894;N. Ünüvar;0.0;0.06;0.05;0.0;0.1;0.01;0.017;2;30
285356;Pedro Benito;0.0;0.0;0.0;0.0;0.08;0.0;0.017;1;30
291147;Miguel Brau;0.0;0.0;0.03;0.0;0.06;0.06;0.017;1;30
389600;Antonino;0.0;0.0;0.01;0.0;0.05;0.02;0.017;3;30
6377;R. Cecchini;0.0;0.0;0.09;0.0;0.1;0.05;0.016;2;28
40678;Sergio Mendigutxia;0.0;0.0;0.0;0.0;0.1;0.02;0.016;1;29
104845;Jean Carlos;0.0;0.0;0.05;0.0;0.05;0.0;0.016;1;29
122567;Kuki;0.0;0.16;0.02;0.0;0.07;0.0;0.016;2;28
317418;M. Fall;0.0;0.0;0.0;0.0;0.02;0.0;0.016;1;29
340726;S. Leković;0.0;0.0;0.05;0.0;0.0;0.0;0.016;1;28
162167;Álvaro Sanz;0.0;0.06;0.0;0.0;0.04;0.01;0.015;2;27
287653;Alberto Dadie;0.0;0.0;0.04;0.0;0.07;0.0;0.015;1;27
414385;C. Echeverri;0.0;0.0;0.0;0.0;0.05;0.02;0.015;1;27
338900;L. Antonetti;0.01;0.01;0.0;0.0;0.0;0.0;0.014;8;26
44617;Fahad Al Muwallad;0.0;0.0;0.02;0.0;0.02;0.0;0.014;2;25
47475;Samu Pérez;0.0;0.0;0.0;0.08;0.0;0.0;0.014;1;25
104803;Jaime Sierra;0.0;0.0;0.04;0.0;0.04;0.0;0.014;2;26
162587;Miki Bosch;0.0;0.0;0.04;0.0;0.04;0.0;0.014;1;25
197800;Unai Ropero;0.0;0.0;0.01;0.0;0.01;0.0;0.014;3;25
350037;N. Paz;0.0;0.0;0.0;0.0;0.01;0.0;0.014;12;26
625636;Jorge Montes;0.0;0.11;0.13;0.0;0.15;0.14;0.014;1;26
1097;M. Dabbur;0.0;0.0;0.02;0.0;0.04;0.0;0.013;2;24
15320;Jon Gaztañaga;0.0;0.0;0.01;0.0;0.06;0.01;0.013;2;24
131532;J. Brunet;0.0;0.0;0.0;0.0;0.06;0.0;0.013;2;23
144261;Carlos García-Die;0.0;0.27;0.0;0.0;0.07;0.07;0.013;1;24
162952;Mario Gila;0.0;0.0;0.04;0.0;0.06;0.04;0.013;2;23
184743;Santi García;0.0;0.0;0.01;0.0;0.03;0.0;0.013;2;24
197513;T. Borbas;0.0;0.0;0.0;0.0;0.06;0.0;0.013;3;23
297646;D. Luna;0.0;0.0;0.0;0.0;0.01;0.01;0.013;21;23
437600;Paco Sanz;0.0;0.0;0.0;0.0;0.04;0.0;0.013;1;23
2979;J. Rodríguez;0.04;0.0;0.0;0.0;0.04;0.0;0.012;1;21
290482;Jorge Pascual;0.01;0.0;0.0;0.0;0.02;0.02;0.012;3;21
763;Daniel Fuzato;0.0;0.0;0.0;0.11;0.0;0.0;0.012;38;21
104805;Julio Gracia;0.0;0.0;0.02;0.0;0.01;0.0;0.012;2;21
104816;Sergio Arribas;0.0;0.0;0.11;0.0;0.07;0.0;0.012;1;22
119795;G. Kochorashvili;0.0;0.01;0.0;0.0;0.02;0.0;0.012;4;22
122469;Josete Miranda;0.0;0.0;0.0;0.0;0.07;0.01;0.012;4;22
182719;Dani Villahermosa;0.0;0.0;0.0;0.0;0.03;0.03;0.012;1;22
294791;Mamor Niang;0.0;0.0;0.04;0.0;0.11;0.07;0.012;1;21
294797;Ángel Alarcón;0.0;0.0;0.0;0.0;0.0;0.0;0.012;4;22
333373;Gorka Rivera;0.0;0.0;0.03;0.0;0.04;0.0;0.012;2;21
55;Borja Garcés;0.11;0.0;0.0;0.0;0.01;0.0;0.011;1;19
46821;Iván Rodríguez;0.0;0.0;0.05;0.0;0.04;0.0;0.011;1;19
276995;F. Mwepu;0.0;0.0;0.03;0.0;0.03;0.0;0.011;1;20
311740;Tomás Mendes;0.0;0.0;0.0;0.0;0.0;0.0;0.011;10;20
333369;Joselu;0.0;0.0;0.0;0.0;0.07;0.01;0.011;2;20
397941;Minsu Kim;0.0;0.0;0.01;0.0;0.04;0.0;0.011;3;19
522649;Arturo Rodríguez;0.0;0.0;0.0;0.0;0.01;0.0;0.011;1;20
190530;Pablo Sáenz;0.0;0.0;0.09;0.0;0.09;0.01;0.01;1;18
286961;Manu Pozo;0.0;0.08;0.06;0.0;0.04;0.04;0.01;1;18
1495;A. Diaby;0.0;0.07;0.06;0.0;0.06;0.0;0.009;1;17
18742;M. Doherty;0.0;0.0;0.0;0.0;0.0;0.0;0.009;2;16
129055;Cristo;0.0;0.07;0.0;0.0;0.02;0.0;0.009;1;16
286271;Israel;0.0;0.0;0.0;0.0;0.03;0.01;0.009;1;17
313168;Ferrán Ruiz;0.0;0.0;0.06;0.0;0.01;0.0;0.009;1;17
344745;Rachad Fettal Dhimi;0.0;0.07;0.03;0.0;0.05;0.0;0.009;1;16
46669;Barbero;0.0;0.0;0.0;0.0;0.03;0.0;0.008;6;15
50158;Alessio Cerci;0.0;0.01;0.0;0.0;0.04;0.04;0.008;1;14
104810;Eloi Amagat;0.0;0.06;0.0;0.0;0.0;0.0;0.008;2;14
125026;Sergi García;0.0;0.0;0.01;0.0;0.02;0.0;0.008;2;15
125408;A. Țîrlea;0.0;0.0;0.0;0.0;0.04;0.07;0.008;1;14
182495;Álvaro Bravo;0.0;0.0;0.05;0.0;0.04;0.0;0.008;1;14
286580;S. Keller;0.0;0.0;0.02;0.0;0.03;0.0;0.008;1;15
331003;Roberto Arroyo;0.0;0.0;0.02;0.0;0.04;0.04;0.008;1;14
332315;Alejandro Alfaro;0.0;0.0;0.0;0.0;0.01;0.0;0.008;1;14
450714;Ivan Corralejo;0.0;0.0;0.0;0.0;0.03;0.01;0.008;1;14
635179;Álex Sánchez;0.0;0.16;0.02;0.0;0.03;0.0;0.008;1;14
47556;Sergio Moreno;0.01;0.0;0.0;0.0;0.01;0.0;0.007;1;13
36057;Ian González;0.0;0.06;0.0;0.0;0.0;0.0;0.007;1;13
46862;Borja Sánchez;0.0;0.0;0.0;0.0;0.0;0.0;0.007;1;13
47444;E. Apeh;0.0;0.03;0.0;0.0;0.01;0.0;0.007;2;12
107160;Gonzalo Pereira;0.0;0.0;0.02;0.0;0.02;0.0;0.007;1;13
144734;Zoubdi;0.0;0.0;0.0;0.0;0.0;0.0;0.007;3;12
161931;Arnau Solà;0.0;0.0;0.0;0.0;0.0;0.0;0.007;11;12
162495;Fernando Medrano;0.0;0.0;0.04;0.0;0.02;0.0;0.007;1;12
180241;Manu Nieto;0.0;0.03;0.01;0.0;0.03;0.0;0.007;2;12
182480;L. de León;0.0;0.0;0.0;0.0;0.01;0.0;0.007;1;13
184609;Jorge Moreno;0.0;0.0;0.0;0.0;0.01;0.0;0.007;1;13
309917;Álvaro Aceves;0.0;0.0;0.0;0.05;0.01;0.0;0.007;1;12
313562;Eneko Ortiz;0.0;0.0;0.0;0.0;0.0;0.0;0.007;1;13
335057;Darío Benavides;0.0;0.0;0.0;0.0;0.0;0.0;0.007;1;13
336587;S. El Jebari;0.0;0.0;0.01;0.0;0.02;0.0;0.007;1;12
385405;Omar Falah;0.0;0.0;0.0;0.0;0.0;0.0;0.007;1;13
388871;José María Andrés Baixauli;0.0;0.0;0.0;0.0;0.01;0.0;0.007;7;13
403561;Gorka Carrera;0.0;0.0;0.0;0.0;0.03;0.01;0.007;1;13
439578;David Otorbi;0.0;0.0;0.0;0.0;0.0;0.0;0.007;2;13
442188;Iker Córdoba;0.0;0.03;0.0;0.0;0.02;0.0;0.007;2;13
560930;H. Burcio;0.0;0.0;0.02;0.0;0.02;0.0;0.007;1;12
316516;S. Boselli;0.02;0.0;0.0;0.0;0.0;0.0;0.006;1;11
290495;Vere;0.01;0.02;0.0;0.0;0.02;0.0;0.006;2;11
1738;B. Barišić;0.0;0.0;0.0;0.0;0.0;0.0;0.006;1;10
47027;Javi Álamo;0.0;0.0;0.01;0.0;0.04;0.02;0.006;2;11
162530;Sergio Santos;0.0;0.03;0.0;0.0;0.0;0.0;0.006;1;10
182150;Sergio Lozano;0.0;0.0;0.03;0.0;0.03;0.0;0.006;1;11
182669;Álex Blesa;0.0;0.0;0.0;0.0;0.0;0.0;0.006;2;11
188409;Fran Delgado;0.0;0.0;0.0;0.0;0.0;0.0;0.006;1;11
188445;Luismi Cruz;0.0;0.0;0.0;0.0;0.02;0.02;0.006;2;11
284241;José Mateo Mejía Piedrahita;0.0;0.0;0.0;0.0;0.03;0.01;0.006;1;10
325664;B. Akinsola;0.0;0.0;0.02;0.0;0.03;0.01;0.006;1;10
333378;Diego Méndez;0.0;0.0;0.0;0.0;0.01;0.0;0.006;20;10
336555;Estanis;0.0;0.0;0.01;0.0;0.01;0.0;0.006;1;10
377197;Pablo Muñoz;0.0;0.0;0.0;0.0;0.01;0.0;0.006;2;10
386187;Hugo Solozábal;0.0;0.0;0.0;0.0;0.0;0.0;0.006;1;10
386850;Adrián Niño Heredia;0.0;0.0;0.0;0.0;0.0;0.0;0.006;1;11
439633;Samu Becerra;0.0;0.02;0.0;0.0;0.0;0.0;0.006;3;11
522648;José Carlos González;0.0;0.0;0.0;0.0;0.0;0.0;0.006;1;10
163447;José Lara;0.0;0.0;0.0;0.0;0.0;0.0;0.005;1;9
335239;Moi Parra;0.0;0.0;0.0;0.0;0.01;0.0;0.005;3;9
386849;A. Raihani;0.0;0.0;0.0;0.0;0.01;0.0;0.005;1;9
391131;Reque;0.0;0.0;0.0;0.0;0.0;0.0;0.005;1;9
412738;Dani Díaz;0.0;0.0;0.01;0.0;0.01;0.0;0.005;1;9
565586;D. Morcillo;0.0;0.0;0.0;0.0;0.02;0.0;0.005;1;9
104994;Eneko Capilla;0.02;0.0;0.0;0.0;0.01;0.02;0.004;1;8
14344;A. Palaversa;0.0;0.03;0.0;0.0;0.0;0.0;0.004;2;7
18900;Ki Sung-Yueng;0.0;0.0;0.0;0.0;0.01;0.0;0.004;1;8
125331;F. Gattoni;0.0;0.0;0.0;0.0;0.01;0.0;0.004;2;8
182670;Joan Monterde;0.0;0.0;0.0;0.0;0.03;0.01;0.004;1;8
184605;Álvaro Aguirre;0.0;0.0;0.0;0.0;0.0;0.0;0.004;1;8
192015;E. Sevikyan;0.0;0.0;0.0;0.0;0.02;0.02;0.004;1;7
197799;Xabi Huarte;0.0;0.0;0.0;0.0;0.0;0.0;0.004;1;8
263529;I. Kebe;0.0;0.0;0.01;0.0;0.03;0.0;0.004;2;7
286604;Gori;0.0;0.03;0.0;0.0;0.01;0.0;0.004;1;8
307565;T. Ojeda;0.0;0.0;0.0;0.0;0.0;0.0;0.004;1;7
349063;Luken Beitia;0.0;0.0;0.0;0.0;0.01;0.0;0.004;1;7
450716;Roger Hinojo;0.0;0.0;0.0;0.0;0.0;0.0;0.004;12;8
26727;H. Mastour;0.0;0.0;0.01;0.0;0.01;0.0;0.003;1;5
116840;Ander Gayoso Reina;0.0;0.0;0.0;0.0;0.01;0.0;0.003;1;5
119235;Pedro Ortiz;0.0;0.0;0.0;0.0;0.0;0.0;0.003;2;6
184196;Carlo Adriano;0.0;0.0;0.0;0.0;0.0;0.0;0.003;1;6
192439;David Argüelles;0.0;0.0;0.0;0.0;0.0;0.0;0.003;1;6
286605;Roger Martínez;0.0;0.0;0.0;0.0;0.0;0.0;0.003;1;6
333379;Antonio Gomis;0.0;0.0;0.0;0.01;0.0;0.0;0.003;1;5
336557;Aleix Garrido;0.0;0.0;0.01;0.0;0.01;0.0;0.003;1;6
377257;Endika Bujan;0.0;0.0;0.0;0.0;0.0;0.01;0.003;1;6
481993;Valentín Pezzolesi;0.0;0.0;0.0;0.0;0.0;0.0;0.003;1;5
36848;Aitor Cantalapiedra;0.0;0.0;0.0;0.0;0.0;0.0;0.002;1;3
46789;Saúl García;0.0;0.0;0.0;0.0;0.0;0.0;0.002;1;3
46985;Y. Qasmi;0.0;0.0;0.0;0.0;0.01;0.0;0.002;1;3
104806;Dani Molina;0.0;0.0;0.0;0.0;0.0;0.0;0.002;1;4
104811;Carlos Calderón;0.0;0.0;0.0;0.0;0.01;0.0;0.002;1;3
107158;Sergio Bermejo;0.0;0.0;0.0;0.0;0.01;0.01;0.002;1;4
116827;Néstor Díaz;0.0;0.0;0.0;0.02;0.0;0.0;0.002;1;4
116832;Iñigo Barrenetxea;0.0;0.01;0.0;0.0;0.01;0.0;0.002;2;3
163241;Óscar Clemente;0.0;0.0;0.0;0.0;0.0;0.0;0.002;1;3
181474;Alberto del Moral;0.0;0.0;0.0;0.0;0.0;0.0;0.002;1;4
182685;Diego Collado;0.0;0.0;0.0;0.0;0.0;0.0;0.002;2;4
198656;O. Faraj;0.0;0.0;0.0;0.0;0.01;0.0;0.002;1;3
265722;Rafael Obrador;0.0;0.0;0.0;0.0;0.0;0.0;0.002;1;3
297869;Iñaki González Zambrano;0.0;0.0;0.01;0.0;0.01;0.0;0.002;1;4
333439;Rubén Quintanilla;0.0;0.0;0.0;0.0;0.0;0.0;0.002;1;3
336988;Lorenzo Aguado;0.0;0.0;0.0;0.0;0.0;0.0;0.002;2;3
453885;A. Bassinga;0.0;0.0;0.0;0.0;0.0;0.0;0.002;1;3
456612;Borja Vazquez;0.0;0.01;0.0;0.0;0.0;0.0;0.002;1;3
751;Jaume Grau;0.0;0.0;0.0;0.0;0.0;0.0;0.001;1;2
104925;Tropi;0.0;0.0;0.0;0.0;0.0;0.0;0.001;1;2
107205;Sergio Benito;0.0;0.0;0.0;0.0;0.0;0.0;0.001;1;1
181852;Mario Rodríguez;0.0;0.0;0.0;0.0;0.0;0.0;0.001;1;1
182668;Álex Millán;0.0;0.0;0.0;0.0;0.0;0.0;0.001;1;1
286606;Max Svensson;0.0;0.0;0.0;0.0;0.0;0.0;0.001;5;2
315586;Lander Pinillos;0.0;0.0;0.0;0.0;0.0;0.0;0.001;1;2
330436;David Jiménez;0.0;0.0;0.0;0.0;0.0;0.0;0.001;1;1
348885;Jeremy Jorge;0.0;0.0;0.0;0.0;0.0;0.0;0.001;1;1
351131;Dani Pérez;0.0;0.0;0.0;0.0;0.0;0.0;0.001;1;1
439616;Yassin Tallal;0.0;0.0;0.0;0.0;0.0;0.0;0.001;1;2
441497;Daniel Yañez;0.0;0.0;0.0;0.0;0.0;0.0;0.001;1;1
445881;Lander Astiazarán;0.0;0.0;0.0;0.0;0.0;0.0;0.001;1;1
132;Guillem Jaime;0.0;0.0;0.0;0.0;0.0;0.0;0.0;0;0
196;R. Nolan;0.0;0.0;0.0;0.0;0.0;0.0;0.0;0;0
669;Y. Fékir;0.0;0.0;0.0;0.0;0.0;0.0;0.0;0;0
1305;D. Livaković;0.0;0.0;0.0;0.01;0.0;0.0;0.0;0;0
2480;I. Arboleda;0.0;0.0;0.0;0.01;0.0;0.0;0.0;0;0
2575;J. Porozo;0.0;0.0;0.0;0.0;0.0;0.0;0.0;0;0
19306;A. Appiah;0.0;0.0;0.0;0.0;0.0;0.0;0.0;0;0
32871;T. Hara;0.0;0.0;0.0;0.0;0.0;0.0;0.0;0;0
42642;H. Moldovan;0.0;0.0;0.0;0.01;0.0;0.0;0.0;0;0
46648;Iván Martínez;0.0;0.0;0.0;0.01;0.0;0.0;0.0;0;0
46700;Darío;0.0;0.0;0.0;0.01;0.0;0.0;0.0;0;0
46725;R. Manaj;0.0;0.0;0.0;0.0;0.0;0.0;0.0;0;0
46734;Pablo Ramón;0.0;0.0;0.0;0.0;0.0;0.0;0.0;0;0
46758;S. Erimuya;0.0;0.0;0.0;0.0;0.0;0.0;0.0;0;0
46858;Ramón Folch;0.0;0.0;0.0;0.0;0.0;0.0;0.0;1;0
46872;Christian Joel;0.0;0.0;0.0;0.01;0.0;0.0;0.0;0;0
46888;Pablo Fernández;0.0;0.0;0.0;0.0;0.0;0.0;0.0;0;0
47033;Roberto Olabe;0.0;0.0;0.0;0.0;0.0;0.0;0.0;0;0
47117;Echu;0.0;0.0;0.0;0.0;0.0;0.0;0.0;0;0
47120;Gaizka Campos;0.0;0.0;0.0;0.01;0.0;0.0;0.0;0;0
47297;Andoni Zubiaurre;0.0;0.0;0.0;0.01;0.0;0.0;0.0;0;0
47379;Jordi Calavera;0.0;0.0;0.0;0.0;0.0;0.0;0.0;1;0
47529;Miguel Ángel Morro;0.0;0.0;0.0;0.01;0.0;0.0;0.0;0;0
47536;Martín Pascual;0.0;0.0;0.0;0.0;0.0;0.0;0.0;0;0
47548;Manu Navarro;0.0;0.0;0.0;0.0;0.0;0.0;0.0;0;0
48573;J. Rhyner;0.0;0.0;0.0;0.0;0.0;0.0;0.0;0;0
48690;E. Abedini;0.0;0.0;0.0;0.0;0.0;0.0;0.0;0;0
62032;L. Madinda;0.0;0.0;0.0;0.0;0.0;0.0;0.0;1;0
66491;J. Letáček;0.0;0.0;0.0;0.01;0.0;0.0;0.0;0;0
85703;T. Carrique;0.0;0.0;0.0;0.0;0.0;0.0;0.0;0;0
86511;F. Poulolo;0.0;0.0;0.0;0.0;0.0;0.0;0.0;1;0
96476;Andorinha;0.0;0.0;0.0;0.01;0.0;0.0;0.0;0;0
104804;Dani Rebollo;0.0;0.0;0.0;0.01;0.0;0.0;0.0;0;0
104836;Adrián López;0.0;0.0;0.0;0.01;0.0;0.0;0.0;0;0
104855;Óscar Pinchi;0.0;0.0;0.0;0.0;0.0;0.0;0.0;1;0
107138;Unai Etxebarría;0.0;0.0;0.0;0.01;0.0;0.0;0.0;0;0
107148;Ignasi Vilarrasa;0.0;0.0;0.0;0.0;0.0;0.0;0.0;0;0
107170;Claudio Medina;0.0;0.0;0.0;0.0;0.0;0.0;0.0;0;0
107187;J. Peñaloza;0.0;0.0;0.0;0.0;0.0;0.0;0.0;0;0
116438;Carlos Marín;0.0;0.0;0.0;0.01;0.0;0.0;0.0;0;0
116837;Imanol Corral Matellán;0.0;0.0;0.0;0.0;0.0;0.0;0.0;1;0
119218;Joan Rojas;0.0;0.0;0.0;0.0;0.0;0.0;0.0;0;0
122128;Xesc Regis;0.0;0.0;0.0;0.0;0.0;0.0;0.0;1;0
122850;Juan José Garrancho Méndez;0.0;0.0;0.0;0.01;0.0;0.0;0.0;0;0
122888;Lluís Andreu;0.0;0.0;0.0;0.01;0.0;0.0;0.0;0;0
125386;J. Flere;0.0;0.0;0.0;0.01;0.0;0.0;0.0;0;0
125675;B. Fiabema;0.0;0.0;0.0;0.0;0.0;0.0;0.0;0;0
127374;Alfredo Pedraza;0.0;0.0;0.0;0.0;0.0;0.0;0.0;0;0
127377;B. Garay;0.0;0.0;0.0;0.0;0.0;0.0;0.0;0;0
129656;César Moreno;0.0;0.0;0.0;0.0;0.0;0.0;0.0;0;0
129880;S. Ramos;0.0;0.0;0.0;0.0;0.0;0.0;0.0;0;0
129967;Lucas de Vega;0.0;0.0;0.0;0.0;0.0;0.0;0.0;0;0
131551;Miguel San Román;0.0;0.0;0.0;0.01;0.0;0.0;0.0;0;0
134838;Gorka Zabarte Moreno;0.0;0.0;0.0;0.0;0.0;0.0;0.0;0;0
135148;P. Sequeira;0.0;0.0;0.0;0.01;0.0;0.0;0.0;0;0
135831;Luis Castillo Grau;0.0;0.0;0.0;0.01;0.0;0.0;0.0;0;0
152843;Aritz;0.0;0.0;0.0;0.01;0.0;0.0;0.0;0;0
153308;Diego Altube;0.0;0.0;0.0;0.01;0.0;0.0;0.0;0;0
156514;Nacho Pastor;0.0;0.0;0.0;0.0;0.0;0.0;0.0;0;0
161842;Alejandro Agustín;0.0;0.0;0.0;0.0;0.0;0.0;0.0;0;0
161873;Pedro Alemañ;0.0;0.0;0.0;0.0;0.0;0.0;0.0;0;0
161929;K. de La Fuente;0.0;0.0;0.0;0.0;0.0;0.0;0.0;0;0
161962;Nacho Quintana;0.0;0.0;0.0;0.0;0.0;0.0;0.0;0;0
161965;Mario Soriano;0.0;0.0;0.0;0.0;0.0;0.0;0.0;0;0
162053;N. Iosifov;0.0;0.0;0.0;0.0;0.0;0.0;0.0;1;0
162135;Iker Recio;0.0;0.0;0.0;0.0;0.0;0.0;0.0;0;0
162138;Marco Moreno;0.0;0.0;0.0;0.0;0.0;0.0;0.0;0;0
162449;Charlie Pérez;0.0;0.0;0.0;0.01;0.0;0.0;0.0;0;0
162474;Jandro Orellana;0.0;0.0;0.0;0.0;0.0;0.0;0.0;0;0
162529;Luis López;0.0;0.0;0.0;0.01;0.0;0.0;0.0;0;0
162531;Xavi Sintes;0.0;0.0;0.0;0.0;0.0;0.0;0.0;0;0
162533;Toni Fuidias;0.0;0.0;0.0;0.01;0.0;0.0;0.0;0;0
162545;Manu Lama;0.0;0.0;0.0;0.0;0.0;0.0;0.0;0;0
162546;Óscar Castro;0.0;0.0;0.0;0.0;0.0;0.0;0.0;0;0
162547;T. Zidane;0.0;0.0;0.0;0.0;0.0;0.0;0.0;0;0
162559;Joseda;0.0;0.0;0.0;0.0;0.0;0.0;0.0;0;0
162585;Pol Tristán;0.0;0.0;0.0;0.01;0.0;0.0;0.0;0;0
162603;Carlos Rojas;0.0;0.0;0.0;0.0;0.0;0.0;0.0;0;0
162605;Javi Domínguez;0.0;0.0;0.0;0.0;0.0;0.0;0.0;0;0
162695;Arnau Comas;0.0;0.0;0.0;0.0;0.0;0.0;0.0;0;0
162719;Moha;0.0;0.0;0.0;0.0;0.0;0.0;0.0;0;0
162722;Sergio López;0.0;0.0;0.0;0.0;0.0;0.0;0.0;0;0
162891;J. Sanabria;0.0;0.0;0.0;0.0;0.0;0.0;0.0;0;0
162928;Sergio Bono;0.0;0.0;0.0;0.0;0.0;0.0;0.0;0;0
163013;Iker Bachiller;0.0;0.0;0.0;0.0;0.0;0.0;0.0;0;0
163198;Emilio Bernad;0.0;0.0;0.0;0.01;0.0;0.0;0.0;0;0
163208;Carles Soler;0.0;0.0;0.0;0.0;0.0;0.0;0.0;0;0
163436;K. Saverio;0.0;0.0;0.0;0.0;0.0;0.0;0.0;0;0
163453;Valentino Fattore;0.0;0.0;0.0;0.0;0.0;0.0;0.0;1;0
163466;L. Carević;0.0;0.0;0.0;0.01;0.0;0.0;0.0;0;0
163630;Alfonso Pastor;0.0;0.0;0.0;0.01;0.0;0.0;0.0;0;0
169256;Iker Álvarez;0.0;0.0;0.0;0.01;0.0;0.0;0.0;0;0
170541;Miquel Llabrés;0.0;0.0;0.0;0.0;0.0;0.0;0.0;0;0
177587;M. Herzig;0.0;0.0;0.0;0.01;0.0;0.0;0.0;0;0
178932;Jon Mikel;0.0;0.0;0.0;0.01;0.0;0.0;0.0;0;0
180239;Iñaki Álvarez;0.0;0.0;0.0;0.01;0.0;0.0;0.0;0;0
181210;Nil Torreguitart;0.0;0.0;0.0;0.01;0.0;0.0;0.0;0;0
181218;Álex Sala;0.0;0.0;0.0;0.0;0.0;0.0;0.0;0;0
181724;C. Sarr;0.0;0.0;0.0;0.01;0.0;0.0;0.0;0;0
181866;Sergio Cubero;0.0;0.0;0.0;0.0;0.0;0.0;0.0;1;0
182165;Antonio Aranda;0.0;0.0;0.0;0.0;0.0;0.0;0.0;0;0
182167;Adrián Butzke;0.0;0.0;0.0;0.0;0.0;0.0;0.0;1;0
182492;Álvaro García;0.0;0.0;0.0;0.0;0.0;0.0;0.0;0;0
182528;Álvaro Fernández;0.0;0.0;0.0;0.01;0.0;0.0;0.0;0;0
182538;Iago Domínguez;0.0;0.0;0.0;0.01;0.0;0.0;0.0;0;0
182547;J. Blasco;0.0;0.0;0.0;0.0;0.0;0.0;0.0;0;0
182556;Alan Godoy;0.0;0.0;0.0;0.0;0.0;0.0;0.0;0;0
182588;Juan Artola;0.0;0.0;0.0;0.0;0.0;0.0;0.0;0;0
182589;Julen Bernaola;0.0;0.0;0.0;0.0;0.0;0.0;0.0;0;0
182618;Asier Córdoba;0.0;0.0;0.0;0.0;0.0;0.0;0.0;0;0
182637;Álex Balboa;0.0;0.0;0.0;0.0;0.0;0.0;0.0;0;0
182640;Ander Iru;0.0;0.0;0.0;0.01;0.0;0.0;0.0;0;0
182657;Pablo Valencia;0.0;0.0;0.0;0.01;0.0;0.0;0.0;0;0
182664;Gaizka Ayesa;0.0;0.0;0.0;0.01;0.0;0.0;0.0;0;0
182665;Fran Álvarez;0.0;0.0;0.0;0.0;0.0;0.0;0.0;0;0
182694;Iván Gil;0.0;0.0;0.0;0.0;0.0;0.0;0.0;0;0
182695;Pau Martínez;0.0;0.0;0.0;0.0;0.0;0.0;0.0;0;0
182713;Diego Fuoli;0.0;0.0;0.0;0.01;0.0;0.0;0.0;0;0
182730;Marc Vidal;0.0;0.0;0.0;0.01;0.0;0.0;0.0;0;0
182731;Picón;0.0;0.0;0.0;0.01;0.0;0.0;0.0;0;0
182735;Ángel Fortuño;0.0;0.0;0.0;0.01;0.0;0.0;0.0;0;0
182742;Alejandro Cea;0.0;0.0;0.0;0.0;0.0;0.0;0.0;0;0
182795;Arnau Fàbrega;0.0;0.0;0.0;0.01;0.0;0.0;0.0;0;0
183859;Pepe Blanco;0.0;0.0;0.0;0.0;0.0;0.0;0.0;0;0
184193;Juan Carlos Arana;0.0;0.0;0.0;0.0;0.0;0.0;0.0;0;0
184348;Gerard Barri;0.0;0.0;0.0;0.0;0.0;0.0;0.0;0;0
184361;Antonio Leal;0.0;0.0;0.0;0.0;0.0;0.0;0.0;0;0
184364;Lanchi;0.0;0.0;0.0;0.0;0.0;0.0;0.0;0;0
184617;Diego López;0.0;0.0;0.0;0.0;0.0;0.0;0.0;0;0
184693;Javi Castro;0.0;0.0;0.0;0.0;0.0;0.0;0.0;0;0
185075;Ruly García;0.0;0.0;0.0;0.01;0.0;0.0;0.0;0;0
185602;Álex Revuelta;0.0;0.0;0.0;0.0;0.0;0.0;0.0;1;0
185890;T. Giaquinto;0.0;0.0;0.0;0.0;0.0;0.0;0.0;0;0
186265;Kike Carrasco;0.0;0.0;0.0;0.0;0.0;0.0;0.0;0;0
187413;Javi Martín;0.0;0.0;0.0;0.0;0.0;0.0;0.0;0;0
188319;Kevin Carlos;0.0;0.0;0.0;0.0;0.0;0.0;0.0;0;0
188408;Geovanni Barba;0.0;0.0;0.0;0.0;0.0;0.0;0.0;0;0
188571;Abraham del Moral;0.0;0.0;0.0;0.0;0.0;0.0;0.0;0;0
188617;Pablo Gálvez;0.0;0.0;0.0;0.0;0.0;0.0;0.0;0;0
189051;Juan Pedro;0.0;0.0;0.0;0.01;0.0;0.0;0.0;0;0
189831;Arana;0.0;0.0;0.0;0.01;0.0;0.0;0.0;0;0
189864;José Manuel;0.0;0.0;0.0;0.0;0.0;0.0;0.0;0;0
189997;Mario de Luis;0.0;0.0;0.0;0.01;0.0;0.0;0.0;0;0
191184;B. Dominguès;0.0;0.0;0.0;0.0;0.0;0.0;0.0;0;0
192011;Joseda Álvarez;0.0;0.0;0.0;0.0;0.0;0.0;0.0;0;0
192013;Eusebio Monzó;0.0;0.0;0.0;0.0;0.0;0.0;0.0;0;0
192024;L. Spatz;0.0;0.0;0.0;0.0;0.0;0.0;0.0;0;0
194782;Facu Esnáider;0.0;0.0;0.0;0.0;0.0;0.0;0.0;0;0
195263;Diego Moreno;0.0;0.0;0.0;0.0;0.0;0.0;0.0;0;0
196290;Marco Camus;0.0;0.0;0.0;0.0;0.0;0.0;0.0;0;0
198558;Sergio Gimeno;0.0;0.0;0.0;0.0;0.0;0.0;0.0;0;0
201007;Adrián Quintela;0.0;0.0;0.0;0.01;0.0;0.0;0.0;0;0
203426;J. Gómez;0.0;0.0;0.0;0.0;0.0;0.0;0.0;0;0
206260;Lucas Cañizares;0.0;0.0;0.0;0.01;0.0;0.0;0.0;0;0
208055;Miguel Martín;0.0;0.0;0.0;0.0;0.0;0.0;0.0;0;0
208198;Álex González;0.0;0.0;0.0;0.01;0.0;0.0;0.0;0;0
208670;Diego Bri;0.0;0.0;0.0;0.0;0.0;0.0;0.0;0;0
215810;G. Gagua;0.0;0.0;0.0;0.0;0.0;0.0;0.0;0;0
237065;Óscar Aranda;0.0;0.0;0.0;0.0;0.0;0.0;0.0;0;0
237174;Álvaro Carrillo;0.0;0.0;0.0;0.0;0.0;0.0;0.0;0;0
237249;M. Faye;0.0;0.0;0.0;0.0;0.0;0.0;0.0;0;0
237252;Pere García;0.0;0.0;0.0;0.01;0.0;0.0;0.0;0;0
253699;Antonio Zarzana;0.0;0.0;0.0;0.0;0.0;0.0;0.0;0;0
264469;Pablo Pérez;0.0;0.0;0.0;0.0;0.0;0.0;0.0;0;0
264859;Antonio Pacheco;0.0;0.0;0.0;0.0;0.0;0.0;0.0;0;0
270498;W. Madrigal;0.0;0.0;0.0;0.0;0.0;0.0;0.0;0;0
270973;Lucas Alcázar;0.0;0.0;0.0;0.0;0.0;0.0;0.0;0;0
274298;Tiago Ribeiro;0.0;0.0;0.0;0.0;0.0;0.0;0.0;0;0
278281;Vicent Bellmunt;0.0;0.0;0.0;0.01;0.0;0.0;0.0;0;0
278896;Raúl Blanco;0.0;0.0;0.0;0.0;0.0;0.0;0.0;0;0
279792;Vinícius Tobias;0.0;0.0;0.0;0.0;0.0;0.0;0.0;0;0
282131;M. Šviderský;0.0;0.0;0.0;0.0;0.0;0.0;0.0;0;0
285290;Miguel Capi;0.0;0.0;0.0;0.0;0.0;0.0;0.0;0;0
285418;Javier Gasca;0.0;0.0;0.0;0.01;0.0;0.0;0.0;0;0
285505;Juanpe;0.0;0.0;0.0;0.01;0.0;0.0;0.0;0;0
285506;Iván Cédric;0.0;0.0;0.0;0.0;0.0;0.0;0.0;0;0
286074;Eric Monjonell;0.0;0.0;0.0;0.0;0.0;0.0;0.0;0;0
286558;Gael Alonso;0.0;0.0;0.0;0.0;0.0;0.0;0.0;0;0
286564;Álex Cardero;0.0;0.0;0.0;0.0;0.0;0.0;0.0;0;0
286620;Joan Puig;0.0;0.0;0.0;0.0;0.0;0.0;0.0;0;0
286623;Coke Carrillo;0.0;0.0;0.0;0.01;0.0;0.0;0.0;0;0
286795;César Fernández;0.0;0.0;0.0;0.01;0.0;0.0;0.0;0;0
286798;Fran López;0.0;0.0;0.0;0.0;0.0;0.0;0.0;0;0
286962;Lucas Freitas;0.0;0.0;0.0;0.0;0.0;0.0;0.0;0;0
287175;Álex Rodríguez;0.0;0.0;0.0;0.0;0.0;0.0;0.0;0;0
287177;Adrián Corral;0.0;0.0;0.0;0.0;0.0;0.0;0.0;0;0
287461;Cheikh Diamanka;0.0;0.0;0.0;0.0;0.0;0.0;0.0;0;0
288220;Marc Carmona;0.0;0.0;0.0;0.0;0.0;0.0;0.0;0;0
288334;Hugo Pérez;0.0;0.0;0.0;0.0;0.0;0.0;0.0;0;0
289788;Yoel Ramírez;0.0;0.0;0.0;0.01;0.0;0.0;0.0;0;0
289826;Alex;0.0;0.0;0.0;0.01;0.0;0.0;0.0;0;0
290686;Rafael Romero;0.0;0.0;0.0;0.01;0.0;0.0;0.0;0;0
290687;Carlos León;0.0;0.0;0.0;0.0;0.0;0.0;0.0;0;0
291146;Mario González;0.0;0.0;0.0;0.0;0.0;0.0;0.0;0;0
292140;Marchena;0.0;0.0;0.0;0.0;0.0;0.0;0.0;0;0
292219;S. Biuk;0.0;0.0;0.0;0.0;0.0;0.0;0.0;0;0
295879;John Chetauya;0.0;0.0;0.0;0.0;0.0;0.0;0.0;0;0
296757;Jon Balda;0.0;0.0;0.0;0.0;0.0;0.0;0.0;0;0
297235;Marc Vilaplana;0.0;0.0;0.0;0.0;0.0;0.0;0.0;0;0
297243;Miguel Narváez;0.0;0.0;0.0;0.01;0.0;0.0;0.0;0;0
297740;Carlos Benítez;0.0;0.0;0.0;0.0;0.0;0.0;0.0;0;0
297743;Javier Navarro Girona;0.0;0.0;0.0;0.0;0.0;0.0;0.0;0;0
297744;Carlos Giménez;0.0;0.0;0.0;0.0;0.0;0.0;0.0;0;0
297973;Selu Diallo;0.0;0.0;0.0;0.0;0.0;0.0;0.0;0;0
299877;Chinchu;0.0;0.0;0.0;0.0;0.0;0.0;0.0;0;0
302277;Rubén Gómez;0.0;0.0;0.0;0.01;0.0;0.0;0.0;0;0
305797;Enrique Fernández;0.0;0.0;0.0;0.0;0.0;0.0;0.0;0;0
306183;L. Sangaré;0.0;0.0;0.0;0.0;0.0;0.0;0.0;0;0
307005;Aleix Gorjón;0.0;0.0;0.0;0.0;0.0;0.0;0.0;0;0
307224;Piri;0.0;0.0;0.0;0.0;0.0;0.0;0.0;0;0
308346;Alberto Flores;0.0;0.0;0.0;0.01;0.0;0.0;0.0;0;0
308998;Ávaro Leiva;0.0;0.0;0.0;0.0;0.0;0.0;0.0;0;0
310609;Gui;0.0;0.0;0.0;0.0;0.0;0.0;0.0;0;0
311745;José Friaza;0.0;0.0;0.0;0.0;0.0;0.0;0.0;0;0
311746;Javier Pamies;0.0;0.0;0.0;0.0;0.0;0.0;0.0;0;0
311972;Mikel García;0.0;0.0;0.0;0.0;0.0;0.0;0.0;0;0
313026;Luis Bilbao;0.0;0.0;0.0;0.0;0.0;0.0;0.0;0;0
313039;Robert Vallribera;0.0;0.0;0.0;0.0;0.0;0.0;0.0;0;0
313058;A. Burlamaqui;0.0;0.0;0.0;0.0;0.0;0.0;0.0;0;0
313196;J. Urbáez;0.0;0.0;0.0;0.0;0.0;0.0;0.0;0;0
313548;Alberto Moreno;0.0;0.0;0.0;0.0;0.0;0.0;0.0;0;0
315604;Alejandro Iturbe;0.0;0.0;0.0;0.01;0.0;0.0;0.0;0;0
325785;R. Kohon;0.0;0.0;0.0;0.0;0.0;0.0;0.0;0;0
327495;Álvaro Abajas;0.0;0.0;0.0;0.01;0.0;0.0;0.0;0;0
327552;Nando;0.0;0.0;0.0;0.01;0.0;0.0;0.0;0;0
327622;Naim García;0.0;0.0;0.0;0.0;0.0;0.0;0.0;0;0
329663;Guilherme Fernandes;0.0;0.0;0.0;0.01;0.0;0.0;0.0;0;0
329729;Lulo Dasilva;0.0;0.0;0.0;0.0;0.0;0.0;0.0;0;0
330438;Edgar Pujol;0.0;0.0;0.0;0.0;0.0;0.0;0.0;0;0
330440;Aitor Mañas;0.0;0.29;0.06;0.0;0.13;0.0;0.0;0;33
330443;Isma Sierra;0.0;0.0;0.0;0.0;0.0;0.0;0.0;0;0
331330;Matías Árbol;0.0;0.0;0.0;0.01;0.0;0.0;0.0;0;0
332217;Matas;0.0;0.0;0.0;0.01;0.0;0.0;0.0;0;0
332219;Biel Farres;0.0;0.0;0.0;0.0;0.0;0.0;0.0;0;0
332302;Oier Gastesi;0.0;0.0;0.0;0.01;0.0;0.0;0.0;0;0
332305;Unai Eguíluz;0.0;0.0;0.0;0.0;0.0;0.0;0.0;0;0
333376;Verde;0.0;0.0;0.0;0.0;0.0;0.0;0.0;0;0
333447;Raul Martínez;0.0;0.0;0.0;0.0;0.0;0.0;0.0;0;0
334573;Martín Conde;0.0;0.0;0.0;0.0;0.0;0.0;0.0;0;0
334575;Diego Piñeiro;0.0;0.0;0.0;0.01;0.0;0.0;0.0;0;0
335034;Pablo Rivera;0.0;0.0;0.0;0.0;0.0;0.0;0.0;0;0
335426;Pau Mascaró;0.0;0.0;0.0;0.0;0.0;0.0;0.0;0;0
335490;Jon de Luis;0.0;0.0;0.0;0.0;0.0;0.0;0.0;0;0
336560;Álex Valle;0.0;0.0;0.0;0.0;0.0;0.0;0.0;0;0
336590;Aitor Gismera;0.0;0.0;0.0;0.0;0.0;0.0;0.0;0;0
336592;Ibrahima Cámara;0.0;0.0;0.0;0.0;0.0;0.0;0.0;0;0
336637;Espigares;0.0;0.0;0.0;0.0;0.0;0.0;0.0;0;0
336645;Nacho Nicolau;0.0;0.0;0.0;0.01;0.0;0.0;0.0;0;0
336653;Ander Astralaga;0.0;0.0;0.0;0.01;0.0;0.0;0.0;0;0
336681;Sergio Díez;0.0;0.0;0.0;0.0;0.0;0.0;0.0;0;0
336685;Javier Boñar;0.0;0.0;0.0;0.0;0.0;0.0;0.0;0;0
336955;Víctor Rofino;0.0;0.0;0.0;0.0;0.0;0.0;0.0;0;0
337843;Aitor Fraga;0.0;0.0;0.0;0.01;0.0;0.0;0.0;0;0
337955;Lalo Aguilar;0.0;0.0;0.0;0.0;0.0;0.0;0.0;0;0
337963;Victor Aznar;0.0;0.0;0.0;0.01;0.0;0.0;0.0;0;0
338508;I. Kostis;0.0;0.0;0.0;0.0;0.0;0.0;0.0;0;0
338750;Pau Ferrer;0.0;0.0;0.0;0.0;0.0;0.0;0.0;0;0
338871;Joan Ruiz;0.0;0.0;0.0;0.0;0.0;0.0;0.0;0;0
338872;Jon García;0.0;0.0;0.0;0.0;0.0;0.0;0.0;0;0
339804;M. Cocca;0.0;0.0;0.0;0.0;0.0;0.0;0.0;0;0
343001;Sebastian Wade;0.0;0.0;0.0;0.0;0.0;0.0;0.0;0;0
347877;Curro Muñoz;0.0;0.0;0.0;0.0;0.0;0.0;0.0;0;0
347885;Marcos Fernández;0.0;0.0;0.0;0.0;0.0;0.0;0.0;0;0
348029;D. Stamatakis;0.0;0.0;0.0;0.01;0.0;0.0;0.0;0;0
348328;Jesús López;0.0;0.0;0.0;0.01;0.0;0.0;0.0;0;0
348329;Pablo Ramírez;0.0;0.0;0.0;0.0;0.0;0.0;0.0;0;0
348539;Unai Hernández;0.0;0.0;0.0;0.0;0.0;0.0;0.0;0;0
349046;Carles Garrido;0.0;0.0;0.0;0.0;0.0;0.0;0.0;0;0
349561;Ferrán Quetglás;0.0;0.0;0.0;0.01;0.0;0.0;0.0;0;0
350073;Marcos Fernández;0.0;0.0;0.0;0.0;0.0;0.0;0.0;0;0
350363;Óscar Medina;0.0;0.0;0.0;0.01;0.0;0.0;0.0;0;0
350364;Iván Sanz;0.0;0.0;0.0;0.01;0.0;0.0;0.0;0;0
351127;Xavi Pleguezuelo;0.0;0.0;0.0;0.0;0.0;0.0;0.0;0;0
351235;Kikín;0.0;0.0;0.0;0.0;0.0;0.0;0.0;0;0
351874;Luca Lohr;0.0;0.0;0.0;0.0;0.0;0.0;0.0;0;0
352859;Guillem Trilla;0.0;0.0;0.0;0.0;0.0;0.0;0.0;0;0
353444;D. Doumbia;0.0;0.0;0.0;0.0;0.0;0.0;0.0;0;0
353463;M. Diakité;0.0;0.0;0.0;0.0;0.0;0.0;0.0;1;0
353634;A. Lebarbier;0.0;0.0;0.0;0.0;0.0;0.0;0.0;0;0
353865;Victor Wehbi Aznar;0.0;0.0;0.0;0.01;0.0;0.0;0.0;0;0
354550;Bruno Iribarne;0.0;0.0;0.0;0.01;0.0;0.0;0.0;0;0
354762;Iker Varela;0.0;0.0;0.0;0.0;0.0;0.0;0.0;0;0
355327;José Luis Català;0.0;0.0;0.0;0.0;0.0;0.0;0.0;0;0
360411;Alberto Collado López;0.0;0.0;0.0;0.0;0.0;0.0;0.0;0;0
361386;Koke;0.0;0.0;0.0;0.0;0.0;0.0;0.0;0;0
364416;Jesús;0.0;0.0;0.0;0.01;0.0;0.0;0.0;0;0
376416;Hamza Bellari;0.0;0.0;0.0;0.0;0.0;0.0;0.0;0;0
377215;G. Swiderski;0.0;0.0;0.0;0.01;0.0;0.0;0.0;0;0
381599;Rupérez;0.0;0.0;0.0;0.0;0.0;0.0;0.0;0;0
383647;D. Kochen;0.0;0.0;0.0;0.01;0.0;0.0;0.0;0;0
384266;Junior Bita;0.0;0.0;0.0;0.0;0.0;0.0;0.0;0;0
384267;Ibon Sánchez;0.0;0.0;0.0;0.0;0.0;0.0;0.0;0;0
384273;Julen Lartitegi;0.0;0.0;0.0;0.0;0.0;0.0;0.0;0;0
385389;Álex Gil;0.0;0.0;0.0;0.0;0.0;0.0;0.0;0;0
386270;Ibrahima Sow;0.0;0.0;0.0;0.0;0.0;0.0;0.0;0;0
386306;César Palacios;0.0;0.0;0.0;0.0;0.0;0.0;0.0;0;0
386490;A. Njalla;0.0;0.0;0.0;0.0;0.0;0.0;0.0;0;0
386869;Dani MartÃ­nez;0.0;0.0;0.0;0.0;0.0;0.0;0.0;0;0
386870;Julio Díaz del Romo;0.0;0.0;0.0;0.0;0.0;0.0;0.0;0;0
386872;Sergio Mestre;0.0;0.0;0.0;0.01;0.0;0.0;0.0;0;0
387139;J. Ochieng;0.0;0.0;0.0;0.0;0.0;0.0;0.0;0;0
387530;Carlos Ballestero García;0.0;0.0;0.0;0.0;0.0;0.0;0.0;0;0
388057;Alex Almansa;0.0;0.0;0.0;0.0;0.0;0.0;0.0;0;0
388495;Javier Hernandez;0.0;0.0;0.0;0.0;0.0;0.0;0.0;0;0
391311;Á. Yaakobishvili;0.0;0.0;0.0;0.01;0.0;0.0;0.0;0;0
391819;Martin Pedroarena;0.0;0.0;0.0;0.0;0.0;0.0;0.0;0;0
392455;Germán García;0.0;0.0;0.0;0.01;0.0;0.0;0.0;0;0
393198;Salvador Esquivel;0.0;0.0;0.0;0.01;0.0;0.0;0.0;0;0
396630;Pau Prim;0.0;0.0;0.0;0.0;0.0;0.0;0.0;0;0
400901;Rafa Fernández;0.0;0.0;0.0;0.01;0.0;0.0;0.0;0;0
401419;Ander Sánchez;0.0;0.0;0.0;0.0;0.0;0.0;0.0;0;0
401983;Vicent Abril;0.0;0.0;0.0;0.01;0.0;0.0;0.0;0;0
403241;Gaizka García;0.0;0.0;0.0;0.01;0.0;0.0;0.0;0;0
404415;José Ángel;0.0;0.0;0.0;0.0;0.0;0.0;0.0;0;0
405074;J. Kalumba;0.0;0.0;0.0;0.0;0.0;0.0;0.0;0;0
405719;N. Ogbuehi;0.0;0.0;0.0;0.0;0.0;0.0;0.0;0;0
406043;Lucas Nuñez;0.0;0.0;0.0;0.0;0.0;0.0;0.0;0;0
406045;Aimar Blázquez;0.0;0.0;0.0;0.0;0.0;0.0;0.0;0;0
406046;Pablo López;0.0;0.0;0.0;0.0;0.0;0.0;0.0;0;0
406123;Sergio Ruiz;0.0;0.0;0.0;0.0;0.0;0.0;0.0;0;0
406266;A. Fadal;0.0;0.0;0.0;0.0;0.0;0.0;0.0;0;0
407597;M. Krug;0.0;0.0;0.0;0.0;0.0;0.0;0.0;0;0
407677;Iker Monreal;0.0;0.0;0.0;0.0;0.0;0.0;0.0;0;0
410841;K. Kita;0.0;0.0;0.0;0.0;0.0;0.0;0.0;0;0
412699;Alexis Olmedo;0.0;0.0;0.0;0.0;0.0;0.0;0.0;0;0
412704;Noah Darvich;0.0;0.0;0.0;0.0;0.0;0.0;0.0;0;0
412737;Raúl Jiménez Latorre;0.0;0.0;0.0;0.01;0.0;0.0;0.0;0;0
412739;Fran Ãrbol;0.0;0.0;0.0;0.01;0.0;0.0;0.0;0;0
414409;J. Arango;0.0;0.0;0.0;0.0;0.06;0.1;0.0;0;19
417560;Marcos Navarro;0.0;0.0;0.0;0.0;0.0;0.0;0.0;0;0
418188;M. Barry;0.0;0.0;0.0;0.0;0.0;0.0;0.0;0;0
419912;O. Sadik;0.0;0.0;0.0;0.0;0.0;0.0;0.0;0;0
428799;A. Puric;0.0;0.0;0.0;0.0;0.0;0.0;0.0;0;0
429553;Mauro Echegoyen;0.0;0.0;0.0;0.0;0.0;0.0;0.0;0;0
429554;Carlos Lumbreras;0.0;0.0;0.0;0.0;0.0;0.0;0.0;0;0
429757;Pol Arnau;0.0;0.0;0.0;0.0;0.0;0.0;0.0;0;0
431160;T. Folgado;0.0;0.0;0.0;0.01;0.0;0.0;0.0;0;0
432080;Jorge Benito;0.0;0.0;0.0;0.01;0.0;0.0;0.0;0;0
433395;Álvaro Cortés Moyano;0.0;0.0;0.0;0.0;0.0;0.0;0.0;0;0
436202;E. Bello;0.0;0.0;0.0;0.0;0.0;0.0;0.0;0;0
437594;Alex Costa;0.0;0.0;0.0;0.0;0.0;0.0;0.0;0;0
437637;Mikel Santos;0.0;0.0;0.0;0.01;0.0;0.0;0.0;0;0
438123;Lamine Gueye;0.0;0.0;0.0;0.0;0.0;0.0;0.0;0;0
438131;Egoitz Muñoz;0.0;0.0;0.0;0.0;0.0;0.0;0.0;0;0
438263;Miguel Ángel;0.0;0.0;0.0;0.0;0.0;0.0;0.0;0;0
438293;Alex Morata;0.0;0.0;0.0;0.0;0.0;0.0;0.0;0;0
439032;Rubén Montero;0.0;0.0;0.0;0.01;0.0;0.0;0.0;0;0
439414;Alejandro Herranz;0.0;0.0;0.0;0.0;0.0;0.0;0.0;0;0
439640;B. Sina;0.0;0.0;0.0;0.0;0.0;0.0;0.0;0;0
439700;Enric García;0.0;0.0;0.0;0.0;0.0;0.0;0.0;0;0
439709;Antonio Salguero;0.0;0.0;0.0;0.0;0.0;0.0;0.0;0;0
440133;Elías Romero;0.0;0.0;0.0;0.0;0.0;0.0;0.0;0;0
440428;Ander Izagirre;0.0;0.0;0.0;0.0;0.0;0.0;0.0;0;0
440735;Yuzún Ley;0.0;0.0;0.0;0.0;0.0;0.0;0.0;0;0
440748;Álvaro Killane;0.0;0.0;0.0;0.01;0.0;0.0;0.0;0;0
441232;Guille Fernández;0.0;0.0;0.0;0.0;0.0;0.0;0.0;0;0
441244;Andrés Cuenca;0.0;0.0;0.0;0.0;0.0;0.0;0.0;0;0
441280;G. Spina;0.0;0.0;0.0;0.0;0.0;0.0;0.0;0;0
442058;Álvaro García;0.0;0.0;0.0;0.0;0.0;0.0;0.0;0;0
442861;A. Andreev;0.0;0.0;0.0;0.01;0.0;0.0;0.0;0;0
443152;Cheli;0.0;0.0;0.0;0.0;0.0;0.0;0.0;0;0
443593;Eduardo Altozano Agudo;0.0;0.0;0.0;0.0;0.0;0.0;0.0;0;0
443668;Rayane Belid;0.0;0.0;0.0;0.0;0.0;0.0;0.0;0;0
446061;Landry Cephas;0.0;0.0;0.0;0.0;0.0;0.0;0.0;0;0
449058;Omar Janneh;0.0;0.0;0.0;0.0;0.0;0.0;0.0;0;0
449063;Alex Garcia;0.0;0.0;0.0;0.0;0.0;0.0;0.0;0;0
450562;Cayetano;0.0;0.0;0.0;0.01;0.0;0.0;0.0;0;0
451311;Rayane Belaid;0.0;0.0;0.0;0.0;0.0;0.0;0.0;0;0
451355;Diego Aguado;0.0;0.0;0.0;0.0;0.0;0.0;0.0;0;0
451594;Alejandro Monserrate;0.0;0.0;0.0;0.0;0.0;0.0;0.0;0;0
454491;Djordjije Medenica;0.0;0.0;0.0;0.01;0.0;0.0;0.0;0;0
455356;Daniel Budesca;0.0;0.0;0.0;0.0;0.0;0.0;0.0;0;0
456014;Mario Rivas;0.0;0.0;0.0;0.0;0.0;0.0;0.0;0;0
456619;Manu González;0.0;0.0;0.0;0.01;0.0;0.0;0.0;0;0
461502;Llorenç Serred;0.0;0.0;0.0;0.01;0.0;0.0;0.0;0;0
462277;I. Salhi;0.0;0.0;0.0;0.0;0.0;0.0;0.0;0;0
463280;A. Diatta;0.0;0.0;0.0;0.0;0.0;0.0;0.0;0;0
469405;Sergio Lozano;0.0;0.0;0.0;0.0;0.0;0.0;0.0;0;0
469672;Ibai Aguirre;0.0;0.0;0.0;0.0;0.0;0.0;0.0;0;0
477231;E. Mensah;0.0;0.0;0.0;0.0;0.0;0.0;0.0;0;0
478243;Marco de las Sías;0.0;0.0;0.0;0.0;0.0;0.0;0.0;0;0
478244;Adrián Molina;0.0;0.0;0.0;0.01;0.0;0.0;0.0;0;0
482071;Diego Ferrer;0.0;0.0;0.0;0.01;0.0;0.0;0.0;0;0
484474;J. Valou;0.0;0.0;0.0;0.0;0.0;0.0;0.0;0;0
486068;Víctor Puig;0.0;0.0;0.0;0.01;0.0;0.0;0.0;0;0
490779;Valde;0.0;0.2;0.38;0.0;0.33;0.15;0.0;0;78
491086;Tomás Marqués;0.0;0.0;0.0;0.0;0.0;0.0;0.0;0;0
491091;Sergio Esteban;0.0;0.0;0.0;0.0;0.0;0.0;0.0;0;0
491106;Gibert Jordana;0.0;0.0;0.0;0.0;0.0;0.0;0.0;0;0
497515;A. Niculăesei;0.0;0.0;0.0;0.0;0.0;0.0;0.0;0;0
504605;Nacho Pérez;0.0;0.0;0.0;0.0;0.0;0.0;0.0;0;0
504998;Martin Cuellar;0.0;0.0;0.0;0.0;0.0;0.0;0.0;0;0
505100;Israel Mora;0.0;0.0;0.0;0.01;0.0;0.0;0.0;0;0
508284;Antonio Martinez;0.0;0.0;0.0;0.0;0.0;0.0;0.0;0;0
509470;Thiago Pitarch;0.0;0.0;0.0;0.0;0.0;0.0;0.0;0;0
514913;Hugo López;0.0;0.0;0.0;0.0;0.0;0.0;0.0;0;0
543468;Eder Aller;0.0;0.0;0.0;0.01;0.0;0.0;0.0;0;0
546857;I. Munoz;0.0;0.0;0.0;0.0;0.0;0.0;0.0;0;0
546872;A. Costa;0.0;0.0;0.0;0.0;0.0;0.0;0.0;0;0
546881;E. Altozano;0.0;0.0;0.0;0.0;0.0;0.0;0.0;0;0
548706;I. Luque;0.0;0.0;0.0;0.0;0.0;0.0;0.0;0;0
548807;J. A. Gaitan Diaz;0.0;0.0;0.0;0.0;0.0;0.0;0.0;0;0
548843;L. Luchino;0.0;0.0;0.0;0.01;0.0;0.0;0.0;0;0
548853;D. Bladi;0.0;0.0;0.0;0.0;0.0;0.0;0.0;0;0
548867;T. Seidu;0.0;0.0;0.0;0.0;0.0;0.0;0.0;0;0
551365;P. Lopez;0.0;0.0;0.0;0.0;0.0;0.0;0.0;0;0
551366;A. Perez;0.0;0.0;0.0;0.0;0.0;0.0;0.0;0;0
551460;A. R. Alcantara;0.0;0.0;0.0;0.0;0.0;0.0;0.0;0;0
551461;R. Montero;0.0;0.0;0.0;0.01;0.0;0.0;0.0;0;0
551462;M. Aleksandrov;0.0;0.0;0.0;0.0;0.0;0.0;0.0;0;0
551463;J. Olaizola;0.0;0.0;0.0;0.0;0.0;0.0;0.0;0;0
553313;Javier Sarasa;0.0;0.0;0.0;0.0;0.0;0.0;0.0;0;0
554287;A. Arcos;0.0;0.0;0.0;0.0;0.0;0.0;0.0;0;0
560905;J. Cestero Sancho;0.0;0.0;0.0;0.0;0.0;0.0;0.0;0;0
560978;E. Garcia;0.0;0.0;0.0;0.0;0.0;0.0;0.0;0;0
561033;J. Martinez;0.0;0.0;0.0;0.0;0.0;0.0;0.0;0;0
562472;D. Menendez;0.0;0.0;0.0;0.0;0.0;0.0;0.0;0;0
568001;X. Espart;0.0;0.0;0.0;0.0;0.0;0.0;0.0;0;0
579244;Juan Hernández;0.0;0.0;0.0;0.0;0.0;0.0;0.0;0;0
580677;David Delgado;0.0;0.0;0.0;0.0;0.0;0.0;0.0;0;0
584165;A. Panach;0.0;0.0;0.0;0.0;0.0;0.0;0.0;0;0
601891;F. Gomez;0.0;0.0;0.0;0.0;0.0;0.0;0.0;0;0
609740;L. Laso;0.0;0.0;0.0;0.0;0.0;0.0;0.0;0;0
609795;H. Nakoha;0.0;0.0;0.0;0.0;0.0;0.0;0.0;0;0
623732;Joel Fontanet;0.0;0.0;0.0;0.0;0.0;0.0;0.0;0;0
625744;Izei Hernandez;0.0;0.0;0.0;0.0;0.0;0.0;0.0;0;0
626494;X. Olaiz;0.0;0.0;0.0;0.0;0.0;0.0;0.0;0;0
631889;Adrián Riquelme;0.0;0.0;0.0;0.0;0.0;0.0;0.0;0;0
