id_jugador;nombre;ataque;creacion;defensa;porteros;duelos;regates
9;A. Hakimi;1.26;1.95;4.8;0.0;6.48;6.9
15;T. Delaney;0.33;1.18;2.23;0.0;4.91;1.51
20;A. Witsel;0.2;1.74;2.88;0.0;5.72;2.17
21;Paco Alcácer;1.63;2.94;1.0;0.0;3.54;2.57
23;Sergio Gómez;0.26;5.02;4.98;0.0;5.86;3.21
27;Adán;0.0;0.53;0.0;2.69;1.82;0.91
29;J. Oblak;0.0;0.0;0.0;7.26;3.93;1.02
30;S. Arias;0.29;1.83;2.99;0.0;3.99;2.1
31;J. Giménez;0.2;1.67;3.39;0.0;5.29;1.72
32;D. Godín;0.62;2.77;4.38;0.0;6.93;4.49
33;L. Hernández;0.17;0.79;6.57;0.0;7.25;4.11
34;Filipe Luís;0.56;6.62;4.5;0.0;7.4;6.13
35;Javi Montero;0.0;0.0;2.4;0.0;2.99;0.05
36;Carlos Isaac;0.0;0.23;0.24;0.0;0.48;0.42
37;N. Pérez;0.0;0.0;0.0;0.0;0.0;0.0
38;Tachi;0.0;0.39;2.01;0.0;3.39;0.37
39;S. Savić;0.13;1.13;4.14;0.0;6.0;3.38
40;A. Solano;0.0;0.23;0.45;0.0;0.56;0.05
41;Juanfran;0.05;5.27;3.24;0.0;5.47;3.8
44;Rodri;0.47;3.71;5.68;0.0;6.53;4.24
45;T. Lemar;0.44;2.59;1.22;0.0;3.71;2.64
46;Vitolo;0.37;2.91;1.13;0.0;4.55;4.39
47;Toni Moya;0.05;1.26;0.95;0.0;1.64;1.89
48;Saúl;0.77;2.44;3.18;0.0;4.66;2.91
49;T. Partey;0.24;1.65;3.24;0.0;4.97;3.23
50;Koke;0.43;6.57;3.58;0.0;5.26;2.72
52;Sergio Camello;0.68;1.95;0.47;0.0;2.78;2.41
53;Á. Correa;1.65;3.25;1.1;0.0;4.18;4.03
54;Diego Costa;1.49;3.41;0.28;0.0;4.32;2.69
55;Borja Garcés;0.54;0.0;0.0;0.0;0.03;0.0
56;A. Griezmann;2.55;5.24;1.7;0.0;4.64;3.55
57;N. Kalinić;0.95;1.27;0.4;0.0;4.11;0.26
58;Víctor Mollejo;0.0;0.05;0.0;0.0;0.13;0.01
59;Álvaro Morata;3.29;2.44;0.93;0.0;6.06;4.5
60;Joaquín Muñoz;0.12;0.26;0.1;0.0;0.71;0.54
74;S. Amrabat;0.18;3.54;2.62;0.0;4.51;2.32
83;A. Danjuma;1.97;2.71;0.86;0.0;4.0;3.64
99;R. Pierre-Gabriel;0.32;0.46;2.38;0.0;4.73;2.32
111;Rony Lopes;0.18;0.0;0.3;0.0;0.97;0.95
118;Gelson Martins;0.18;0.78;0.9;0.0;3.73;3.3
119;R. Falcao;1.04;0.59;0.33;0.0;3.63;1.79
121;S. Jovetić;2.91;5.32;0.29;0.0;4.42;3.61
122;Jordi Mboula;0.0;1.06;1.5;0.0;5.11;3.46
124;J. Cillessen;0.0;0.14;0.0;5.62;2.56;0.07
125;Jokin Ezkieta;0.0;0.0;0.0;0.44;0.0;0.0
126;Iñaki Peña;0.0;0.57;0.0;3.97;0.98;0.01
127;M. ter Stegen;0.0;0.05;0.0;3.58;1.63;0.18
128;Jordi Alba;0.58;9.63;3.56;0.0;4.66;2.89
129;Chumi;0.14;0.57;3.39;0.0;5.15;2.88
130;Nélson Semedo;0.22;2.37;3.61;0.0;6.09;5.84
131;Jorge Cuenca;0.58;0.67;3.31;0.0;5.01;1.74
132;Guillem Jaime;0.0;0.0;0.0;0.0;0.0;0.0
133;C. Lenglet;0.37;2.72;2.99;0.0;4.08;2.14
134;Juan Miranda;0.67;3.8;3.75;0.0;5.81;3.12
135;J. Murillo;0.27;0.82;3.31;0.0;5.11;2.16
136;Piqué;0.3;3.95;2.7;0.0;5.5;2.67
137;Sergi Roberto;0.72;4.25;2.27;0.0;4.74;3.31
138;J. Todibo;0.0;0.23;0.64;0.0;0.87;0.35
139;S. Umtiti;0.09;2.29;2.45;0.0;3.83;2.1
140;Thomas Vermaelen;0.24;3.99;2.1;0.0;4.66;0.52
141;M. Wagué;0.07;0.94;0.85;0.0;1.07;1.09
142;Rafinha;0.37;1.97;1.77;0.0;2.91;2.47
143;Carles Aleñá;0.49;4.21;1.79;0.0;5.0;3.88
144;Sergio Busquets;0.2;7.62;5.34;0.0;6.97;5.14
146;Álex Collado;0.7;1.75;1.22;0.0;2.33;1.76
147;Philippe Coutinho;2.08;2.65;1.38;0.0;5.21;5.74
148;Riqui Puig;0.54;2.07;0.99;0.0;3.87;3.54
149;I. Rakitić;0.95;6.63;3.29;0.0;5.57;3.26
150;Arthur;0.24;4.03;2.86;0.0;5.97;5.07
151;A. Vidal;1.3;4.37;4.3;0.0;5.93;3.15
152;K. Boateng;1.2;2.51;0.47;0.0;3.25;1.47
153;O. Dembélé;1.56;7.65;1.28;0.0;5.55;6.81
154;L. Messi;7.62;10.0;0.95;0.0;7.99;9.99
155;Abel Ruiz;0.45;0.47;0.4;0.0;1.73;1.02
156;Malcom;0.96;4.25;0.4;0.0;4.25;4.54
157;L. Suárez;4.35;4.84;0.6;0.0;4.78;3.38
158;P. Gazzaniga;0.0;0.1;0.0;7.36;3.81;1.5
163;S. Aurier;0.19;1.57;2.37;0.0;5.16;4.76
166;J. Foyth;0.33;1.58;5.25;0.0;6.28;3.93
169;K. Trippier;0.02;5.06;4.38;0.0;6.22;4.16
176;E. Lamela;1.36;3.01;1.94;0.0;4.7;3.49
185;Llorente;1.57;4.47;0.65;0.0;5.46;2.44
196;R. Nolan;0.0;0.0;0.0;0.0;0.0;0.0
199;Šime Vrsaljko;0.1;1.53;3.0;0.0;4.64;2.08
246;L. de Jong;1.41;1.3;0.84;0.0;4.29;2.4
253;A. Areola;0.0;0.0;0.0;3.44;1.48;0.37
256;Dani Alves;0.35;1.69;1.46;0.0;1.49;1.4
258;Juan Bernat;0.0;2.9;3.09;0.0;5.76;4.37
274;E. Cavani;1.45;2.3;0.52;0.0;3.64;2.1
276;Neymar;4.78;10.0;2.02;0.0;9.56;10.0
278;Kylian Mbappé;7.81;8.57;0.26;0.0;5.97;7.67
283;T. Alexander-Arnold;0.0;4.16;2.55;0.0;2.95;1.37
288;Alberto Moreno;0.48;2.1;2.51;0.0;4.2;2.77
314;Raúl Albiol;0.06;2.48;2.43;0.0;5.24;1.12
328;Fabián Ruiz;0.62;4.29;3.24;0.0;4.65;4.31
330;José Callejón;0.29;2.76;1.08;0.0;4.37;2.1
334;S. Verdi;0.18;2.73;1.35;0.0;3.34;2.01
340;S. Babić;0.24;0.5;1.65;0.0;2.61;0.89
351;G. Čaušić;0.42;2.6;4.1;0.0;5.59;4.0
371;Felipe;0.24;1.05;2.52;0.0;3.92;1.61
372;Éder Militão;0.87;3.58;4.37;0.0;6.07;2.13
373;Pepe;0.77;4.85;4.37;0.0;7.13;3.12
378;Alex Telles;0.06;2.9;2.2;0.0;5.01;3.56
382;H. Herrera;0.17;2.46;2.59;0.0;5.22;4.55
383;Wilson Manafá;0.0;0.22;0.54;0.0;3.51;3.07
384;M. Loum;0.68;1.1;4.31;0.0;7.16;4.88
385;Óliver Torres;0.45;3.42;2.17;0.0;4.79;4.02
389;J. Corona;0.33;1.96;0.52;0.0;1.85;1.62
392;Adrián López;0.97;3.9;0.48;0.0;4.32;3.8
395;Hernâni;0.28;0.48;0.13;0.0;0.9;0.6
403;M. Nastasić;0.29;0.5;3.16;0.0;3.87;0.61
413;Y. Konoplyanka;1.58;6.27;1.78;0.0;5.09;6.05
414;Omar Mascarell;0.21;1.45;4.52;0.0;5.36;3.46
433;Marcão;0.11;0.04;1.69;0.0;5.12;1.62
434;Mariano;0.13;4.87;6.05;0.0;6.12;4.52
446;R. Donk;0.0;3.2;2.02;0.0;5.29;1.07
447;S. Feghouli;0.86;6.09;2.0;0.0;5.46;3.1
452;Fernando;0.15;2.23;3.67;0.0;5.23;3.08
481;G. Krychowiak;0.21;2.5;10.0;0.0;8.09;5.15
493;F. Smolov;1.29;1.11;0.75;0.0;4.43;3.37
505;D. Alaba;0.25;2.32;1.62;0.0;2.64;0.44
517;J. Rodríguez;0.53;2.13;0.98;0.0;3.88;3.05
521;R. Lewandowski;4.69;3.13;0.56;0.0;4.83;3.91
531;D. Blind;0.16;5.53;4.59;0.0;5.65;3.49
534;L. Magallán;0.3;0.75;3.98;0.0;5.41;1.42
536;D. Sinkgraven;0.0;0.23;0.97;0.0;2.83;0.48
538;F. de Jong;0.45;8.74;3.54;0.0;5.92;4.11
547;D. van de Beek;0.31;1.07;0.85;0.0;1.67;0.99
550;K. Dolberg;0.16;0.95;0.14;0.0;3.14;1.32
557;O. Vlachodimos;0.0;0.0;0.0;5.11;0.02;0.0
560;S. Corchia;0.27;2.54;2.34;0.0;3.18;2.39
566;Ferro;0.0;0.0;0.15;0.0;0.42;0.0
568;Gabriel Pires;1.52;3.74;5.77;0.0;9.63;6.15
570;F. Cervi;0.13;1.04;1.42;0.0;2.9;1.15
571;L. Fejsa;0.0;1.76;2.77;0.0;3.66;0.27
575;Florentino;0.08;1.89;4.36;0.0;5.2;3.15
581;Jota;0.85;0.46;1.1;0.0;4.58;5.11
582;H. Seferović;1.3;1.66;0.46;0.0;4.55;3.26
583;João Félix;1.29;1.81;0.41;0.0;2.62;2.06
596;Hélder Lopes;0.0;2.77;4.8;0.0;6.39;4.33
605;N. Krstičić;0.77;3.21;1.45;0.0;5.92;4.36
608;L. Boyé;1.97;4.04;2.7;0.0;7.22;6.13
611;M. Livaja;1.87;4.06;0.84;0.0;5.19;3.48
612;E. Ponce;0.92;1.59;0.51;0.0;4.5;3.17
614;C. Bravo;0.0;0.29;0.0;6.57;2.6;0.36
618;Danilo;0.56;5.78;8.3;0.0;7.27;4.79
619;Eric García;0.39;2.7;2.51;0.0;3.32;1.0
622;Aymeric Laporte;0.2;3.15;4.22;0.0;6.42;1.67
633;İ. Gündoğan;1.35;10.0;2.23;0.0;5.36;5.46
634;David Silva;0.86;6.66;2.43;0.0;5.66;5.23
642;S. Agüero;0.54;0.39;0.15;0.0;1.45;0.59
653;F. Mendy;0.11;2.28;1.43;0.0;3.4;2.8
660;Pape Cheikh;0.03;1.26;0.38;0.0;1.32;1.05
666;M. Dembélé;0.36;0.39;0.15;0.0;1.65;1.16
667;M. Depay;2.1;2.85;0.27;0.0;3.45;3.42
668;N. Fekir;1.17;5.54;1.32;0.0;4.99;4.96
669;Y. Fékir;0.0;0.0;0.0;0.0;0.0;0.0
671;B. Traoré;1.47;2.13;0.55;0.0;5.36;3.55
697;M. Solomon;0.54;1.43;0.15;0.0;2.14;2.35
700;O. Kayode;0.45;2.17;0.38;0.0;4.03;2.47
719;F. Grillitsch;0.28;2.4;1.9;0.0;5.33;5.14
730;T. Courtois;0.0;0.11;0.02;7.96;3.58;0.27
731;K. Navas;0.0;0.03;0.0;7.69;4.1;0.08
732;L. Zidane;0.0;0.0;0.0;4.27;1.46;1.1
733;Dani Carvajal;0.37;3.74;3.32;0.0;4.7;2.41
734;Dela;0.6;1.42;3.17;0.0;4.18;1.69
735;Nacho;0.3;2.02;3.06;0.0;4.99;2.43
736;Fran García;0.48;2.54;3.46;0.0;4.55;2.33
737;Odriozola;0.19;0.76;0.58;0.0;1.05;0.44
738;Sergio Ramos;1.29;3.58;5.34;0.0;6.65;3.45
739;Reguilón;0.24;3.98;2.4;0.0;5.65;3.94
740;Javi Sánchez;0.41;1.62;4.12;0.0;4.85;2.41
741;Vallejo;0.05;0.55;1.08;0.0;1.58;0.62
742;R. Varane;0.36;3.65;3.28;0.0;5.71;3.39
743;Marcelo;0.53;6.84;2.51;0.0;5.47;5.59
744;Brahim Díaz;0.85;3.58;1.05;0.0;4.41;4.52
745;Isco;1.18;5.62;1.39;0.0;4.51;4.49
746;Marco Asensio;2.17;5.23;1.21;0.0;4.7;5.17
747;Casemiro;0.63;3.72;4.84;0.0;5.46;3.46
748;Dani Ceballos;0.22;4.33;2.92;0.0;5.3;3.35
751;Jaume Grau;0.0;0.0;0.15;0.0;0.18;0.0
752;T. Kroos;0.95;10.0;3.17;0.0;5.67;4.12
753;Marcos Llorente;0.74;5.03;3.84;0.0;5.43;3.82
754;L. Modrić;0.78;9.07;2.48;0.0;4.92;4.8
755;Jaime Seoane;0.22;0.97;1.56;0.0;3.96;2.41
756;F. Valverde;1.1;7.56;3.64;0.0;5.58;4.2
757;Lucas Vázquez;0.71;6.03;3.27;0.0;5.66;4.77
758;G. Bale;2.42;4.12;0.89;0.0;3.48;3.17
759;K. Benzema;5.52;8.08;0.83;0.0;4.58;4.89
760;M. Díaz;0.49;0.9;0.25;0.0;3.03;1.1
761;Cristo González;0.0;0.39;0.3;0.0;0.24;0.0
762;Vinícius Júnior;3.06;7.92;1.28;0.0;6.78;7.42
763;Daniel Fuzato;0.0;0.0;0.0;4.89;0.0;0.0
768;F. Fazio;0.18;0.86;1.58;0.0;2.54;0.99
769;A. Florenzi;0.15;1.3;3.44;0.0;4.73;4.08
780;S. Nzonzi;0.69;5.48;4.34;0.0;7.24;4.98
781;J. Pastore;0.11;1.36;0.52;0.0;1.66;1.5
792;J. Kluivert;1.93;3.32;1.22;0.0;4.82;4.79
851;W. Szczęsny;0.0;0.0;0.0;4.63;0.73;0.01
854;M. Cáceres;0.0;1.17;2.1;0.0;3.92;1.55
855;João Cancelo;0.27;2.5;2.03;0.0;2.86;2.55
872;M. Pjanić;0.06;0.55;0.43;0.0;1.15;0.97
874;Cristiano Ronaldo;8.01;6.57;0.83;0.0;5.58;5.12
885;E. Bailly;0.0;0.0;2.91;0.0;4.11;2.02
897;M. Greenwood;2.78;5.44;0.55;0.0;5.71;7.26
898;Ander Herrera;0.42;2.44;2.92;0.0;4.43;2.29
899;Andreas Pereira;1.13;5.25;2.61;0.0;5.87;5.43
908;A. Martial;0.54;1.43;0.22;0.0;4.29;3.4
909;M. Rashford;2.37;8.21;0.63;0.0;4.35;3.5
910;A. Sánchez;1.16;4.36;1.45;0.0;4.65;1.95
911;Jaume Doménech;0.0;0.02;0.0;2.24;0.54;0.09
912;Neto;0.0;0.15;0.0;4.42;0.91;0.01
913;Cristian Rivero;0.0;0.0;0.0;0.52;0.03;0.0
914;Álex Centelles;0.27;3.18;2.72;0.0;4.2;2.22
915;Gabriel Paulista;0.27;1.63;2.88;0.0;5.13;0.92
916;M. Diakhaby;0.68;0.39;2.79;0.0;5.16;2.27
917;E. Garay;0.48;3.37;3.12;0.0;3.67;1.05
918;José Gayà;0.37;4.31;4.55;0.0;5.96;3.38
919;Hugo Guillamón;0.14;1.3;1.68;0.0;4.58;1.73
920;Toni Lato;0.09;1.51;2.15;0.0;3.56;1.83
921;C. Piccini;0.29;0.78;2.17;0.0;3.06;2.57
922;F. Roncaglia;0.27;1.24;5.77;0.0;6.29;3.78
923;D. Cheryshev;0.6;2.42;2.03;0.0;4.3;2.96
924;F. Coquelin;0.21;1.09;3.3;0.0;5.09;3.42
925;Gonçalo Guedes;1.74;4.36;1.25;0.0;5.29;5.11
926;G. Kondogbia;0.24;1.48;4.71;0.0;6.04;4.88
927;Lee Kang-In;0.94;3.71;1.2;0.0;4.56;5.49
928;Dani Parejo;0.55;5.93;3.57;0.0;6.07;4.32
929;Sito;0.0;0.0;0.19;0.0;0.21;0.14
930;Carlos Soler;1.54;4.79;2.14;0.0;4.32;3.26
931;Ferran Torres;2.63;3.73;0.78;0.0;4.22;3.15
932;D. Wass;0.42;2.5;1.88;0.0;3.47;2.14
933;K. Gameiro;1.59;2.71;0.65;0.0;3.18;2.93
934;Santi Mina;2.02;3.19;1.21;0.0;6.12;3.7
935;Rodrigo;2.2;5.13;1.29;0.0;5.56;5.05
937;Rubén Sobrino;0.77;2.57;2.8;0.0;5.27;4.02
957;D. Sow;0.68;2.81;2.86;0.0;5.22;2.74
959;R. Assalé;1.29;2.14;0.27;0.0;4.19;4.57
1023;Toño;0.0;0.0;0.0;2.03;0.46;0.0
1028;Mikel González;0.0;1.78;4.39;0.0;5.13;3.79
1036;Ignacio Cases Mora;0.59;3.91;2.77;0.0;5.48;3.93
1042;Lluis Sastre;0.0;1.05;0.45;0.0;1.14;0.07
1094;D. Samassékou;0.18;0.39;1.2;0.0;1.89;0.99
1097;M. Dabbur;0.0;0.0;0.15;0.0;0.28;0.0
1117;K. Tierney;0.0;2.21;4.09;0.0;5.75;3.09
1118;J. Toljan;0.27;4.49;4.95;0.0;4.88;0.28
1124;O. Burke;0.58;1.17;1.26;0.0;5.25;4.59
1160;M. Saracchi;0.0;2.99;1.65;0.0;1.88;0.99
1163;Bruma;1.41;3.13;1.22;0.0;5.25;6.13
1165;Matheus Cunha;1.46;2.76;1.0;0.0;4.1;3.76
1211;M. Kranevitter;0.0;0.33;3.71;0.0;4.42;2.25
1218;E. Rigoni;0.78;2.15;1.08;0.0;3.72;3.4
1234;A. Král;0.1;1.44;3.91;0.0;5.89;4.59
1257;J. Koundé;0.45;5.68;3.65;0.0;6.22;4.26
1264;Y. Sabaly;0.09;1.87;3.25;0.0;5.18;3.58
1271;A. Tchouaméni;0.37;5.01;5.1;0.0;6.74;2.74
1291;D. Vavro;0.33;0.35;2.39;0.0;4.42;0.18
1304;D. Horkaš;0.0;0.0;0.0;4.85;1.82;1.15
1305;D. Livaković;0.0;0.0;0.0;0.5;0.0;0.0
1323;Dani Olmo;2.76;6.56;2.1;0.0;5.47;3.24
1327;I. Hajrović;0.0;2.34;0.45;0.0;1.57;0.05
1328;D. Kądzior;0.18;0.39;0.15;0.0;1.76;1.8
1335;C. Kameni;0.0;0.79;0.0;8.26;4.26;1.86
1346;İ. Köybaşı;0.0;0.0;1.28;0.0;1.77;0.93
1364;Jaílson;0.21;0.41;2.37;0.0;4.93;2.67
1375;Soldado;1.67;3.22;0.32;0.0;3.41;2.33
1419;O. Vranješ;0.0;1.32;10.0;0.0;7.78;3.81
1421;Z. Bakkali;0.44;2.44;0.81;0.0;4.39;3.87
1427;A. Sambi Lokonga;0.41;3.96;2.05;0.0;5.6;2.6
1434;L. Dimata;0.0;1.15;0.26;0.0;4.78;3.52
1439;Héctor Bellerín;0.18;3.97;2.77;0.0;4.35;2.97
1447;Nacho Monreal;0.4;2.66;4.01;0.0;5.05;3.84
1448;S. Mustafi;0.55;0.28;3.8;0.0;5.42;1.68
1450;S. Papastathopoulos;0.12;0.26;3.3;0.0;5.7;0.2
1461;Denis Suárez;0.26;2.45;1.17;0.0;3.32;3.13
1462;L. Torreira;0.28;0.82;1.74;0.0;4.14;1.28
1465;P. Aubameyang;1.94;0.91;0.18;0.0;1.37;1.13
1470;Luís Maximiano;0.0;0.0;0.0;5.66;4.14;2.24
1480;J. Mathieu;0.35;4.67;2.87;0.0;5.27;2.69
1482;Thierry Correia;0.19;2.19;3.99;0.0;6.0;3.95
1484;R. Battaglia;0.11;0.34;2.7;0.0;5.25;2.52
1488;I. Doumbia;0.0;0.34;1.5;0.0;4.43;4.89
1489;N. Gudelj;0.48;1.37;3.41;0.0;5.43;2.46
1493;M. Acuña;0.49;5.73;3.2;0.0;6.14;4.88
1495;A. Diaby;0.0;0.39;0.3;0.0;0.31;0.0
1496;Raphinha;3.19;9.07;1.23;0.0;4.89;4.53
1557;Pau López;0.0;0.01;0.0;4.71;1.76;0.08
1558;Joel Robles;0.0;0.06;0.0;3.94;1.33;0.01
1560;Barragán;0.02;3.08;2.96;0.0;5.16;2.12
1561;Marc Bartra;0.49;1.74;5.42;0.0;5.71;2.99
1562;Sidnei;0.15;1.51;3.31;0.0;3.87;1.91
1563;Z. Feddal;0.3;2.65;3.44;0.0;4.42;1.91
1564;Junior Firpo;0.19;3.29;3.46;0.0;5.13;2.48
1565;Edgar González;0.26;0.53;3.7;0.0;5.65;2.56
1566;Emerson Royal;0.21;2.36;3.44;0.0;4.58;2.24
1567;A. Mandi;0.32;2.34;2.81;0.0;4.74;1.22
1568;P. Akouokou;0.04;0.6;2.42;0.0;3.18;1.63
1570;Sergio Canales;1.44;8.73;1.64;0.0;5.16;5.4
1571;Francisco Javier  García Fernández;0.12;3.49;0.73;0.0;3.09;2.4
1573;A. Guardado;0.22;2.21;2.51;0.0;4.66;3.64
1574;Francis;0.3;4.59;3.04;0.0;6.79;5.04
1576;W. Kaptoum;0.07;1.9;1.39;0.0;2.7;3.59
1577;D. Lainez;0.25;1.88;0.67;0.0;3.96;4.56
1578;G. Lo Celso;1.69;6.51;2.1;0.0;6.36;5.34
1579;Joaquín;0.62;5.66;0.85;0.0;4.45;4.88
1580;William Carvalho;0.42;2.89;2.02;0.0;4.97;3.81
1582;Róber;0.0;0.85;0.41;0.0;1.15;0.5
1583;Sergio León;1.34;1.56;0.31;0.0;3.7;2.27
1584;Loren Morón;0.66;0.92;0.74;0.0;2.93;1.96
1585;Jesé;2.06;3.01;1.22;0.0;4.58;4.99
1586;Cristian Tello;1.18;3.17;1.56;0.0;4.2;3.88
1595;L. Koútris;0.0;0.39;0.45;0.0;0.69;0.0
1607;Guilherme;0.32;1.86;6.19;0.0;7.14;5.36
1615;Gil Dias;0.45;2.82;2.81;0.0;4.76;3.57
1616;Miguel Guerrero;1.29;2.63;0.81;0.0;5.05;3.81
1624;Pepe Reina;0.0;0.0;0.0;3.16;1.5;0.45
1630;M. Musacchio;0.17;2.97;4.19;0.0;5.45;1.53
1631;R. Rodríguez;0.02;1.4;1.89;0.0;4.66;1.61
1641;Samu Castillejo;1.21;4.42;1.99;0.0;5.51;4.55
1642;F. Kessié;0.32;1.35;1.45;0.0;4.26;3.47
1649;P. Cutrone;0.18;0.39;0.15;0.0;0.94;0.9
1650;Suso;0.63;5.55;1.1;0.0;4.86;4.96
1682;Sergio Asenjo;0.0;0.19;0.0;5.63;3.05;0.26
1683;M. Barbosa;0.0;0.48;0.0;3.69;2.24;0.19
1684;Andrés Fernández;0.0;0.32;0.0;3.89;2.78;0.98
1685;D. Bonera;0.02;2.07;1.69;0.0;3.05;0.5
1687;Jaume Costa;0.19;3.04;3.39;0.0;5.56;3.43
1688;R. Funes Mori;0.21;1.33;3.21;0.0;5.11;1.71
1689;Álvaro González;0.17;0.97;3.32;0.0;4.75;1.08
1690;Miguel Llambrich;0.0;0.3;1.55;0.0;1.88;1.19
1691;Mario Gaspar;0.29;2.52;4.61;0.0;5.56;2.83
1692;Xavi Quintillà;0.06;3.5;2.83;0.0;3.8;1.78
1693;Víctor Ruiz;0.16;2.2;3.56;0.0;5.47;1.66
1694;S. Cáseres;0.08;5.65;3.46;0.0;6.45;4.3
1695;Santi Cazorla;0.3;4.06;1.83;0.0;4.92;3.21
1696;S. Chukwueze;1.23;4.85;1.11;0.0;5.67;6.61
1697;Pablo Fornals;1.32;7.61;3.43;0.0;5.06;3.46
1698;Javi Fuego;0.22;2.63;2.21;0.0;4.97;2.28
1699;Iborra;0.43;1.61;3.67;0.0;6.08;2.79
1700;Iván Martín;0.39;3.32;2.33;0.0;4.4;3.98
1701;Manu Morlanes;0.29;1.85;3.73;0.0;5.01;3.21
1702;Pedraza;0.52;3.94;3.07;0.0;5.1;4.13
1703;A. Rațiu;0.44;3.36;3.5;0.0;5.54;5.03
1704;Bruno;0.5;5.19;2.37;0.0;3.89;2.27
1705;Manu Trigueros;0.59;3.06;2.21;0.0;4.56;2.52
1706;C. Bacca;1.15;1.92;0.48;0.0;3.91;3.14
1707;Gerard Moreno;2.78;6.07;1.55;0.0;5.66;5.1
1708;Dani Raba;0.59;2.64;1.43;0.0;3.43;2.64
1709;K. Toko Ekambi;2.96;2.88;0.75;0.0;4.88;5.48
1738;B. Barišić;0.0;0.0;0.0;0.0;0.0;0.0
1825;Lucas Torró;0.5;1.39;4.01;0.0;7.21;3.65
1826;S. Haller;0.18;0.39;0.3;0.0;4.68;1.0
1828;L. Jović;0.55;1.83;0.13;0.0;2.78;1.85
1830;Gonçalo Paciência;0.31;0.28;0.16;0.0;1.75;0.83
1839;R. Durmisi;0.61;5.45;3.95;0.0;5.41;3.59
1847;Luiz Felipe;0.09;0.27;2.71;0.0;2.92;0.7
1854;J. Correa;1.0;3.44;1.46;0.0;6.35;6.44
1859;Luis Alberto;2.42;5.87;2.41;0.0;5.59;4.55
1861;F. Caicedo;1.21;1.4;1.38;0.0;5.47;4.25
1863;C. Immobile;1.8;0.39;0.3;0.0;2.81;0.93
1899;A. Abdennour;0.07;2.49;5.52;0.0;5.76;2.64
1901;J. Amavi;0.0;0.0;0.9;0.0;2.35;0.1
1902;D. Ćaleta-Car;0.13;2.78;3.11;0.0;5.67;0.21
1906;A. Rami;0.18;2.74;2.87;0.0;5.74;2.22
1911;L. Ocampos;1.32;3.15;2.19;0.0;4.52;3.52
1920;N. Radonjić;1.15;2.48;0.95;0.0;5.39;6.5
1926;J. Aidoo;0.05;0.3;1.51;0.0;2.36;1.1
1977;Adriano;0.0;5.64;3.0;0.0;4.04;2.65
1983;E. Roco;0.27;0.26;4.32;0.0;5.98;2.31
2001;C. Larin;2.13;2.39;0.72;0.0;5.65;2.85
2032;J. Strand Larsen;2.28;2.73;0.99;0.0;5.89;3.94
2034;Javi Díaz;0.0;0.0;0.0;0.52;0.0;0.0
2036;Juan Soriano;0.02;0.0;0.0;3.93;1.99;0.13
2037;T. Vaclík;0.0;0.0;0.0;5.11;2.63;0.28
2038;Guilherme Arana;0.21;0.23;2.45;0.0;3.25;1.27
2039;Juan Berrocal;0.0;0.12;1.27;0.0;4.41;0.02
2040;Sergio Escudero;0.7;2.53;4.58;0.0;5.94;2.84
2041;J. Gnagnon;0.06;1.01;0.94;0.0;1.54;0.78
2042;Sergi Gómez;0.11;0.71;2.69;0.0;4.26;0.38
2043;Daniel Filipe Martins Carriço;0.13;3.04;2.55;0.0;2.8;2.26
2044;G. Mercado;0.57;1.0;5.57;0.0;6.03;1.97
2045;S. Kjær;0.34;3.05;3.6;0.0;6.45;0.69
2047;Aleix Vidal;0.4;4.1;2.01;0.0;4.22;2.68
2048;M. Wöber;0.18;1.95;2.7;0.0;3.98;0.9
2049;I. Amadou;0.19;0.74;3.87;0.0;6.01;3.24
2050;É. Banega;1.05;9.94;3.49;0.0;7.07;7.87
2051;M. Gonalons;0.11;2.49;4.22;0.0;5.61;4.72
2053;Roque Mesa;0.6;2.92;2.47;0.0;5.28;4.98
2054;Jesús Navas;0.27;4.42;1.97;0.0;4.68;3.6
2055;M. Rog;0.0;1.56;2.62;0.0;5.98;5.67
2056;Pablo Sarabia;2.51;8.39;2.58;0.0;5.43;4.42
2057;F. Vázquez;0.78;2.45;1.83;0.0;5.75;4.26
2058;Nolito;1.28;3.38;1.8;0.0;4.02;3.3
2059;W. Ben Yedder;3.38;5.62;1.03;0.0;4.79;4.4
2060;M. El Haddadi;0.85;1.47;0.88;0.0;3.38;2.27
2061;Bryan Gil;0.81;3.6;1.94;0.0;5.27;4.68
2062;Q. Promes;0.55;5.8;2.36;0.0;5.14;4.53
2063;André Silva;1.73;2.85;0.5;0.0;4.43;3.68
2083;Wanderson;0.27;1.56;1.88;0.0;5.32;5.79
2098;G. Ochoa;0.0;0.12;0.0;7.42;3.56;0.02
2112;M. Carcela-González;2.05;4.13;1.3;0.0;7.29;7.88
2115;A. Halilović;1.23;3.99;1.15;0.0;5.54;6.69
2116;M. Lestienne;0.15;3.79;1.81;0.0;3.8;3.98
2128;Miguel Lopes;0.28;1.9;8.91;0.0;7.37;4.83
2157;D. Boiko;0.0;0.14;0.0;0.27;0.0;0.0
2182;V. Tsygankov;1.65;6.09;2.27;0.0;5.31;3.85
2202;H. Traoré;0.03;1.22;1.59;0.0;2.72;1.76
2205;H. Ben Arfa;0.0;0.98;0.0;0.0;1.17;1.2
2207;E. Camavinga;0.41;2.51;4.5;0.0;6.73;5.29
2208;C. Grenier;0.32;1.47;1.06;0.0;2.73;1.37
2230;Antonio Rukavina;0.0;2.58;2.18;0.0;3.62;0.94
2273;Kepa;0.0;0.02;0.0;9.66;3.07;0.17
2278;Marcos Alonso;0.41;3.16;2.26;0.0;4.11;2.46
2280;César Azpilicueta;0.1;1.55;3.51;0.0;4.8;1.09
2282;A. Christensen;0.14;2.29;1.57;0.0;4.83;0.45
2285;A. Rüdiger;0.15;3.18;2.08;0.0;4.61;1.1
2291;M. Kovačić;0.28;3.31;3.72;0.0;6.45;7.38
2296;E. Hazard;0.77;4.78;0.52;0.0;4.25;4.94
2304;E. Filipenko;0.0;0.0;5.93;0.0;4.44;0.15
2358;José Crespo;0.18;2.26;7.65;0.0;5.56;1.27
2361;S. Ingason;0.32;0.69;6.13;0.0;6.52;0.24
2366;A. Toșca;0.0;0.32;4.31;0.0;4.58;2.49
2369;Cañas;0.0;2.63;3.98;0.0;4.79;0.42
2418;L. Abram;0.18;0.0;2.25;0.0;3.35;0.2
2419;L. Advíncula;0.45;3.06;3.8;0.0;6.91;6.95
2421;A. Callens;0.0;0.0;0.68;0.0;1.47;0.05
2433;R. Tapia;0.44;1.05;3.39;0.0;4.8;3.53
2444;R. Rosales;0.4;4.23;5.79;0.0;6.34;3.78
2445;M. Villanueva;0.24;0.0;6.6;0.0;4.73;3.27
2446;J. Añor;0.89;4.04;2.12;0.0;5.33;4.15
2449;Y. Herrera;0.82;1.6;3.03;0.0;5.05;3.33
2459;D. Machís;1.09;2.82;1.47;0.0;4.7;3.5
2461;S. Rondón;1.01;1.22;0.38;0.0;6.27;3.75
2464;A. Marchesín;0.0;0.0;0.0;3.88;1.6;0.04
2465;J. Musso;0.0;0.0;0.0;1.04;0.11;0.02
2468;G. Montiel;0.05;1.12;1.09;0.0;2.28;0.85
2469;G. Pezzella;0.34;0.41;4.64;0.0;6.28;2.31
2472;R. De Paul;0.67;6.97;1.98;0.0;5.68;4.62
2474;I. Marcone;0.0;0.49;3.55;0.0;5.21;4.4
2476;G. Rodríguez;0.63;1.89;6.12;0.0;7.09;5.32
2478;D. Benedetto;1.41;1.58;0.59;0.0;4.54;3.89
2480;I. Arboleda;0.0;0.0;0.0;0.5;0.0;0.0
2484;Y. Mina;0.18;2.85;2.7;0.0;3.27;0.95
2486;H. Palacios;0.09;1.05;4.24;0.0;6.14;4.66
2490;J. Lerma;0.14;3.3;5.81;0.0;7.54;5.36
2493;L. Muriel;1.21;2.27;0.4;0.0;3.31;2.48
2499;J. Alonso;0.36;1.95;3.0;0.0;5.14;0.85
2508;S. Arzamendia;0.34;1.26;1.63;0.0;3.98;1.52
2515;Ó. Romero;0.89;3.33;1.96;0.0;4.25;2.96
2520;H. Pérez;0.69;2.85;2.28;0.0;5.25;4.39
2522;A. Sanabria;1.91;0.81;0.93;0.0;5.8;3.74
2544;Akram Afif;0.18;1.95;1.8;0.0;4.44;1.95
2552;I. Lichnovsky;0.0;0.0;1.5;0.0;0.97;0.37
2553;G. Maripán;0.22;0.39;3.61;0.0;3.97;1.57
2557;P. Hernández;0.48;2.48;5.32;0.0;8.03;5.66
2575;J. Porozo;0.0;0.0;0.0;0.0;0.0;0.0
2600;T. Inui;1.21;2.44;1.99;0.0;5.04;4.61
2604;G. Shibasaki;0.27;1.35;2.01;0.0;3.65;3.07
2610;G. González;0.25;1.95;2.73;0.0;5.01;3.24
2615;M. Gómez;1.06;1.73;0.33;0.0;5.05;2.37
2616;J. Rodríguez;0.97;0.9;0.92;0.0;3.74;2.53
2617;C. Stuani;2.04;0.94;0.6;0.0;4.12;1.67
2669;Hermoso;0.48;3.54;3.52;0.0;5.76;3.93
2670;Íñigo Martínez;0.34;4.04;3.52;0.0;6.15;2.16
2671;Jaime Mata;0.68;1.16;0.68;0.0;3.58;1.96
2672;Muniain;0.96;4.95;1.19;0.0;5.42;5.76
2673;António Alberto Bastos Pimparel;0.0;0.0;0.0;1.33;1.55;0.1
2679;Dyego Sousa;0.45;2.28;0.94;0.0;4.98;2.44
2701;Y. Bounou;0.02;0.2;0.0;4.98;2.46;0.65
2710;S. Boufal;1.13;5.01;1.8;0.0;7.82;10.0
2715;F. Fajr;0.68;4.58;2.15;0.0;4.7;2.67
2717;A. Tuhami;0.58;1.13;2.69;0.0;4.66;2.4
2719;N. Amrabat;1.16;4.52;1.1;0.0;5.54;5.43
2723;O. Idrissi;1.14;4.58;1.12;0.0;3.37;4.05
2724;L. Digne;0.13;3.62;4.52;0.0;5.88;3.5
2737;M. Braithwaite;1.94;1.78;0.53;0.0;4.48;3.25
2741;M. Ryan;0.0;0.0;0.0;5.94;3.73;0.0
2755;A. Mabil;0.18;0.39;0.45;0.0;1.76;1.12
2761;F. Bradarić;0.51;2.73;3.0;0.0;3.91;2.0
2762;J. Brekalo;0.39;3.06;1.55;0.0;3.93;2.14
2772;K. Omeruo;0.16;2.03;4.36;0.0;5.31;3.48
2774;O. Etebo;0.73;1.58;4.06;0.0;6.67;4.89
2777;I. Success;0.71;4.23;1.67;0.0;6.96;7.5
2778;K. Ịheanachọ;0.36;1.95;0.15;0.0;1.99;1.55
2781;M. Simon;0.66;1.98;2.09;0.0;4.48;4.74
2806;F. Schär;0.72;1.61;7.14;0.0;6.78;4.64
2813;M. Dmitrović;0.01;0.16;0.0;5.55;3.55;0.57
2814;P. Rajković;0.0;0.41;0.0;7.71;4.31;2.64
2819;S. Mitrović;0.24;0.38;2.32;0.0;4.81;1.29
2823;S. Lukić;0.11;2.6;3.94;0.0;5.76;5.37
2824;N. Maksimović;0.64;1.85;5.0;0.0;5.74;2.73
2840;C. Borges;0.98;3.36;5.0;0.0;7.28;4.15
2845;J. Campbell;1.44;2.6;0.82;0.0;4.35;4.27
2852;L. Augustinsson;0.08;1.13;1.06;0.0;3.04;0.91
2864;A. Isak;1.99;1.61;0.31;0.0;3.25;3.24
2870;N. Araújo;0.17;0.67;3.58;0.0;5.55;2.42
2872;M. Layún;0.63;5.75;1.36;0.0;4.32;3.1
2873;C. Montes;0.55;0.55;2.92;0.0;6.37;2.22
2874;H. Moreno;0.57;2.68;3.5;0.0;5.32;1.28
2875;D. Reyes;0.16;0.43;4.86;0.0;4.94;2.68
2880;J. dos Santos;0.51;5.08;4.86;0.0;5.52;4.27
2886;J. Hernández;1.44;1.17;1.65;0.0;4.56;0.6
2909;Paik Seung-Ho;0.0;0.0;0.45;0.0;0.72;0.1
2922;L. Dendoncker;0.64;1.38;4.76;0.0;5.78;2.29
2923;Y. Carrasco;1.19;4.92;1.62;0.0;4.33;4.99
2924;A. Januzaj;0.54;2.86;0.77;0.0;3.78;3.4
2927;M. Batshuayi;1.08;2.6;0.15;0.0;3.49;2.27
2979;J. Rodríguez;0.18;0.0;0.0;0.0;0.15;0.0
2992;"A. N&apos;Diaye";0.11;1.22;2.25;0.0;2.7;1.73
3033;C. Bakambu;0.87;1.01;0.22;0.0;2.27;0.61
3084;T. Kadewere;0.96;0.78;0.95;0.0;5.23;3.57
3170;Carl Medjani;0.21;2.21;3.55;0.0;5.06;1.93
3199;M. Olunga;1.54;2.14;0.96;0.0;4.29;2.03
3238;V. Angban;0.0;2.73;6.3;0.0;5.87;3.4
3246;N. Pépé;1.39;6.73;2.07;0.0;5.45;4.87
3334;Y. Koné;0.0;0.0;0.3;0.0;0.99;0.51
3365;M. El Hacen;0.0;0.0;0.27;0.0;0.4;0.05
3406;A. Zambo Anguissa;0.65;1.95;5.12;0.0;7.98;8.81
3415;L. Agbenyenu;0.31;2.88;3.39;0.0;5.73;5.43
3423;C. Atsu;1.5;3.26;1.62;0.0;4.25;3.87
3424;B. Mensah;0.0;0.0;0.45;0.0;3.15;3.22
3426;M. Wakaso;0.39;3.18;3.75;0.0;3.99;5.56
3429;E. Boateng;1.16;0.74;0.41;0.0;5.87;3.7
3608;K. Sibo;0.3;0.65;2.31;0.0;4.01;1.92
5907;L. Orbán;0.0;0.46;1.91;0.0;3.09;0.92
5914;M. Díaz;0.22;3.03;4.48;0.0;4.59;3.0
5921;A. Solari;0.2;1.86;1.87;0.0;4.0;2.09
5946;J. Gutiérrez;0.0;2.58;3.8;0.0;5.12;3.57
5974;J. Chicco;0.05;0.39;0.61;0.0;3.4;2.16
5986;G. Lux;0.0;0.36;0.0;5.57;4.04;1.08
5987;F. Angileri;0.0;0.27;0.54;0.0;3.48;1.69
6003;E. Pérez;0.08;2.73;7.35;0.0;7.55;6.25
6009;J. Álvarez;3.2;7.14;1.04;0.0;4.51;4.5
6010;L. Beltrán;1.0;2.31;1.17;0.0;5.7;5.15
6011;R. Borré;1.38;1.99;0.71;0.0;3.82;2.4
6048;B. Cufré;0.0;0.39;1.2;0.0;2.0;1.31
6065;L. Robertone;0.64;5.75;4.75;0.0;6.57;4.06
6066;M. Vargas;0.17;4.09;1.25;0.0;4.91;5.36
6067;T. Almada;2.08;3.8;1.33;0.0;4.48;4.5
6084;G. Silva;0.02;0.5;4.24;0.0;5.01;0.77
6085;C. Benavídez;0.4;0.75;1.72;0.0;3.53;1.25
6090;J. Sánchez Miño;0.0;0.39;1.65;0.0;3.98;3.13
6168;O. Alderete;0.55;1.28;3.97;0.0;6.26;4.35
6233;N. Tenaglia;0.4;1.31;5.38;0.0;6.41;3.83
6377;R. Cecchini;0.0;0.0;0.6;0.0;0.67;0.35
6490;L. Vázquez;0.54;0.39;0.15;0.0;0.5;0.05
6492;J. Ledesma;0.01;0.12;0.0;7.34;4.54;2.05
6503;N. Molina;0.21;2.92;2.61;0.0;4.44;3.0
6588;M. Cuero;0.55;3.31;1.67;0.0;4.98;4.72
6638;F. Garcés;0.35;0.24;2.35;0.0;3.8;0.08
6736;H. Toledo;0.12;1.99;0.9;0.0;4.76;5.88
6855;Raúl Baena;0.37;3.35;5.16;0.0;6.0;3.33
6997;Oriol Riera;1.49;3.65;0.35;0.0;6.36;3.05
7332;L. Sučić;0.51;2.03;1.17;0.0;3.87;2.95
7581;Juan Domínguez;0.18;1.22;1.35;0.0;2.0;0.65
8492;A. Sørloth;2.85;2.44;0.66;0.0;4.83;3.03
8493;R. Yaremchuk;1.08;0.78;0.3;0.0;4.05;2.14
8518;M. Sylla;0.44;1.09;0.33;0.0;3.53;1.69
8542;Imoh Ezekiel;0.54;2.2;1.2;0.0;4.47;3.73
8587;S. Amallah;0.59;1.27;1.71;0.0;3.78;3.5
8627;T. Bongonda;1.06;2.71;1.58;0.0;5.49;5.03
8683;I. Cardona;0.56;2.6;1.36;0.0;4.08;1.82
8716;D. Roef;0.0;0.0;0.15;1.0;0.15;0.0
8718;M. Caufriez;0.0;0.0;0.45;0.0;0.44;0.0
8746;Bambo Diaby;0.0;0.0;0.08;0.0;1.15;0.15
9700;Abner;0.07;0.82;1.78;0.0;3.7;2.1
9925;Matheus Fernandes;0.0;0.16;0.49;0.0;0.74;0.36
9934;Deyverson;0.63;2.14;0.85;0.0;5.31;2.78
9971;Antony;3.16;9.31;2.92;0.0;5.93;4.82
9972;Alexandre Pato;1.67;3.19;0.64;0.0;5.95;5.09
10009;Rodrygo;1.71;5.57;1.17;0.0;5.37;5.42
10122;Renan Lodi;0.25;1.42;1.94;0.0;3.58;2.83
10151;Diego Alves;0.0;0.13;0.0;1.74;0.39;0.29
10166;Reinier;0.65;1.54;1.12;0.0;4.3;3.41
10169;Vinicius Souza;0.3;1.37;6.54;0.0;7.15;3.67
10233;B. Méndez;0.9;0.87;5.5;0.0;5.56;3.5
10236;Míchel Macedo;0.11;3.49;4.01;0.0;5.98;4.31
10311;PH Ganso;1.48;4.09;2.74;0.0;4.69;2.95
10323;Luciano;1.15;2.55;1.35;0.0;3.99;2.43
10402;N. López;0.0;0.78;0.75;0.0;3.11;2.9
10496;W. Montoya;0.0;0.39;0.58;0.0;0.97;0.35
10561;Henrique;0.0;0.78;1.35;0.0;3.38;2.05
11346;M. Dituro;0.0;1.78;0.0;5.53;2.62;0.09
11379;A. Batalla;0.0;0.26;0.0;6.1;4.87;2.9
11421;G. Suazo;0.13;7.99;6.59;0.0;6.11;3.32
11471;T. Alarcón;0.17;1.62;2.16;0.0;2.91;1.04
12493;Tana;0.99;5.33;2.76;0.0;5.5;4.95
12541;José Jurado;0.5;5.5;0.9;0.0;5.79;6.03
12667;Jonathan Viera;1.31;9.56;3.06;0.0;5.96;4.58
12719;Paulinho;2.12;5.12;0.93;0.0;5.59;4.71
13062;Léo Baptistão;1.75;2.73;2.11;0.0;5.53;3.7
13073;J. Mascherano;0.1;6.01;3.01;0.0;4.76;1.7
13114;A. Fernández;0.04;0.92;2.72;0.0;3.53;2.05
13298;S. Lucumí;0.0;0.0;0.15;0.0;0.56;0.3
14341;S. Jurić;0.14;0.6;4.5;0.0;6.06;2.92
14344;A. Palaversa;0.0;0.78;0.0;0.0;0.03;0.0
14382;I. Grbić;0.0;0.0;0.0;2.37;0.85;0.01
14405;M. Uzuni;1.88;2.21;1.2;0.0;3.95;3.22
14444;M. Mbaye;0.09;0.19;2.13;0.0;2.91;1.24
14482;Daniel Arnaud N'Di;0.3;1.21;1.36;0.0;4.15;3.22
14485;A. Sané;0.18;0.0;0.15;0.0;0.5;0.05
15320;Jon Gaztañaga;0.0;0.0;0.08;0.0;0.43;0.1
15372;Lora;0.0;1.49;4.28;0.0;4.26;1.5
15381;Juanan Entrena;0.36;0.0;0.3;0.0;1.22;1.15
15385;R. Loé;0.36;2.29;3.15;0.0;3.47;2.38
15396;F. Uzoho;0.0;0.0;0.0;1.4;0.26;0.05
15510;Borja Ekiza Imaz;0.0;0.27;0.98;0.0;1.27;0.05
15811;A. Dovbyk;4.7;4.37;0.17;0.0;4.23;4.29
15833;Adnane Tighadouini;1.26;3.05;0.9;0.0;4.18;3.68
15886;J. Radošević;0.0;0.39;3.75;0.0;4.31;1.97
15900;A. Mumin;0.34;0.37;3.48;0.0;5.09;2.21
16369;G. Plata;0.79;5.2;3.42;0.0;6.85;6.02
18740;Jonny;0.18;3.85;5.71;0.0;6.24;5.22
18742;M. Doherty;0.0;0.0;0.0;0.0;0.03;0.0
18752;Hélder Costa;0.16;3.31;2.01;0.0;5.18;4.08
18753;Adama Traoré;0.49;3.66;1.09;0.0;5.74;7.19
18765;André Gomes;0.53;2.3;2.22;0.0;5.4;4.05
18776;Ç. Söyüncü;0.0;0.0;0.3;0.0;1.47;0.8
18787;S. Okazaki;0.5;1.2;0.63;0.0;4.29;2.12
18794;Kiko Femenía;0.03;2.55;4.22;0.0;5.01;3.41
18800;Marc Navarro;0.37;1.11;2.16;0.0;3.15;1.88
18802;É. Capoue;0.63;1.42;2.91;0.0;6.25;5.29
18805;A. Doucouré;0.0;3.73;6.55;0.0;5.58;3.37
18807;Domingos Quina;0.41;1.25;0.67;0.0;3.95;3.47
18809;Deulofeu;1.08;7.09;1.12;0.0;4.16;2.92
18811;A. Peñaranda;0.69;2.37;1.4;0.0;5.13;3.8
18812;Adrián;0.0;0.0;0.0;2.29;1.22;0.04
18821;G. Diangana;0.49;1.77;1.43;0.0;4.22;2.25
18825;Samir Nasri;1.17;10.0;0.62;0.0;5.28;6.63
18827;C. Sánchez;0.0;3.1;2.95;0.0;6.58;5.06
18833;Lucas Pérez;1.37;5.25;0.45;0.0;2.94;2.69
18835;Guaita;0.0;0.01;0.0;5.92;5.03;0.1
18867;Diego Rico;0.33;2.79;4.05;0.0;4.9;2.65
18893;F. Fernández;0.0;0.0;0.45;0.0;0.28;0.0
18895;F. Lejeune;0.73;2.66;3.79;0.0;5.17;2.47
18896;Javier Manquillo;0.0;0.36;2.46;0.0;3.99;1.06
18900;Ki Sung-Yueng;0.0;0.0;0.0;0.0;0.09;0.0
18902;Kenedy;0.28;1.0;0.6;0.0;1.81;1.56
18905;Y. Muto;0.48;1.9;0.84;0.0;5.09;4.37
18906;Ayoze Pérez;2.1;3.57;2.27;0.0;5.01;4.45
18907;Joselu;3.0;2.74;1.01;0.0;7.32;3.42
18949;Oriol Romeu;0.15;1.32;2.19;0.0;3.24;2.19
18965;Martín Montoya;0.14;1.73;3.79;0.0;4.16;1.72
18978;F. Andone;0.89;1.4;0.28;0.0;3.05;1.92
18998;Camarasa;0.21;1.62;1.75;0.0;3.86;2.07
19011;Fabri;0.0;0.1;0.0;0.11;0.0;0.0
19014;Sergio Rico;0.0;0.18;0.0;3.78;2.83;0.02
19026;L. de la Torre;0.21;1.31;1.12;0.0;2.37;1.6
19034;R. Babel;2.45;2.85;0.75;0.0;5.18;3.36
19036;L. Vietto;0.84;1.66;0.94;0.0;3.54;2.47
19070;M. Aarons;0.0;0.22;0.25;0.0;3.55;0.89
19071;E. Buendía;0.64;1.15;5.34;0.0;6.12;4.1
19112;Kiko Casilla;0.0;0.21;0.0;4.11;1.57;0.01
19129;Pablo Hernández;1.2;7.01;3.19;0.0;5.21;4.08
19161;J. Montero;0.0;0.52;0.0;0.0;1.05;0.55
19172;Ø. Nyland;0.0;0.21;0.0;5.23;2.75;0.02
19278;F. Diédhiou;0.54;1.04;0.08;0.0;3.85;2.67
19284;C. Pantilimon;0.0;0.36;0.0;2.82;0.66;0.75
19291;S. Janko;0.09;2.19;2.84;0.0;5.73;5.38
19306;A. Appiah;0.0;0.0;0.0;0.0;0.0;0.0
19337;O. McBurnie;0.9;3.49;0.97;0.0;5.54;3.34
19352;Sergi Canós;0.6;1.26;1.19;0.0;3.66;1.82
19426;Jon Toral;0.0;0.0;2.1;0.0;2.36;0.1
19485;B. Brereton;0.13;0.56;0.11;0.0;2.41;1.16
19512;Bojan Krkić;0.55;1.95;0.35;0.0;4.76;5.07
19533;Jota Peleteiro;0.19;3.25;1.42;0.0;3.67;3.43
19599;E. Martínez;0.0;0.0;0.0;4.32;0.96;0.05
19607;M. Miazga;0.49;0.71;3.95;0.0;6.05;0.09
19613;O. Ejaria;0.18;0.39;0.82;0.0;3.01;1.48
20520;I. Balliu;0.06;1.67;2.04;0.0;4.29;2.58
20539;E. Rivière;0.72;2.35;0.15;0.0;5.2;2.8
20600;R. Perraud;0.58;2.69;3.13;0.0;5.56;3.32
20608;R. Kouamé;0.0;0.74;2.14;0.0;5.13;3.95
20627;Houboulang Mendes;0.0;0.88;3.04;0.0;4.46;2.39
20631;M. Saunier;0.0;2.31;3.84;0.0;5.56;4.47
20660;A. Radovanović;0.0;0.39;3.9;0.0;4.52;0.1
20661;M. Sagnan;0.11;0.73;1.73;0.0;4.57;2.68
20696;P. Gueye;1.15;3.01;3.64;0.0;6.12;3.71
20817;G. Koyalipou;0.98;0.35;0.61;0.0;4.06;3.97
20844;H. Hassan;0.34;2.76;1.24;0.0;4.32;5.17
20997;Rafa Navarro;0.48;3.02;0.64;0.0;2.92;2.14
21004;L. Agoumé;0.32;3.9;4.55;0.0;5.86;3.91
21070;O. Mfulu;0.0;0.1;1.26;0.0;2.72;0.81
21087;B. Mendy;0.68;1.71;3.52;0.0;5.73;3.65
21090;Diego Carlos;0.59;3.28;3.81;0.0;5.94;3.05
21099;Rene Krhin;0.12;2.72;3.76;0.0;6.51;5.21
21153;B. Santamaría;0.42;1.3;1.41;0.0;4.86;2.55
21441;F. Maouassa;0.0;2.6;1.5;0.0;3.04;0.75
21494;F. Tabanou;0.18;1.11;0.38;0.0;3.76;2.48
21566;B. Lecomte;0.0;0.23;0.0;2.98;0.02;0.0
21584;M. Ristić;0.08;0.89;0.97;0.0;2.62;1.79
21631;P. Baysse;0.48;0.0;5.05;0.0;6.28;2.78
21648;C. Beauvue;0.43;1.05;0.4;0.0;2.18;1.01
21694;N. Aguerd;0.43;4.23;4.04;0.0;7.05;3.31
21701;V. Rosier;0.13;1.93;4.53;0.0;5.65;3.53
21709;E. Loiodice;0.38;1.65;2.74;0.0;5.05;3.16
21714;S. Kaba;0.32;1.76;0.09;0.0;5.32;3.86
21996;A. Baba;0.0;0.0;0.68;0.0;0.67;0.0
21997;Logan Costa;0.46;2.37;3.06;0.0;5.21;0.04
22014;P. Chavarría;0.14;0.6;0.29;0.0;4.16;1.13
22015;B. Dia;1.51;3.95;0.75;0.0;4.62;3.46
22084;Gabriel Silva;0.0;2.57;3.81;0.0;5.69;3.64
22086;T. Kolodziejczak;0.05;0.97;4.18;0.0;3.82;2.77
22104;Y. Salibur;0.0;1.78;0.15;0.0;0.68;1.1
22146;Manu García;0.08;3.52;1.97;0.0;5.54;6.53
22167;Danilo Barbosa;0.28;1.64;6.08;0.0;7.73;6.26
22225;Reinildo;0.18;0.77;3.57;0.0;5.3;2.37
22233;B. Soumaré;0.0;1.35;3.59;0.0;5.97;5.47
22235;J. Bamba;0.94;4.17;1.55;0.0;5.49;4.81
22240;L. Rémy;2.18;0.65;0.13;0.0;5.72;5.0
22245;L. Carole;0.18;2.73;3.15;0.0;4.05;3.6
22258;J. Martin;0.81;1.76;2.06;0.0;5.01;4.28
22259;S. Prcić;0.18;2.85;4.43;0.0;6.38;2.51
24760;G. Mamardashvili;0.0;0.37;0.0;4.06;3.11;0.15
24793;Jorge Meré;0.17;0.02;3.42;0.0;5.07;1.18
24799;J. Geis;0.13;1.86;3.86;0.0;4.33;0.04
24886;Jairo Samperio;0.16;1.42;1.43;0.0;4.74;4.54
25131;P. Ebert;0.72;3.51;1.12;0.0;3.6;1.8
25345;K. Rekik;0.15;1.45;2.19;0.0;4.77;2.54
25375;T. Asano;0.69;0.86;0.7;0.0;3.63;1.67
25390;Jonathas;2.67;3.37;0.75;0.0;5.69;2.59
25409;Ignacio Camacho;0.99;4.4;6.82;0.0;8.7;4.07
25458;D. Lukebakio;1.62;3.36;0.6;0.0;3.41;3.63
25914;Aarón Martín;0.09;2.66;4.56;0.0;6.01;5.37
26302;Pablo Maffeo;0.33;2.97;4.94;0.0;6.86;5.58
26315;N. González;1.46;1.71;2.2;0.0;6.39;4.08
26727;H. Mastour;0.0;0.0;0.15;0.0;0.16;0.0
26728;Francisco Medina Luna;1.26;6.98;1.5;0.0;3.73;2.72
26845;T. Douvikas;1.34;0.93;0.82;0.0;4.8;2.67
27031;Nili;0.36;3.12;2.1;0.0;2.6;2.25
28373;T. Nikitscher;0.11;0.46;2.82;0.0;5.15;3.79
28406;Lacina Emeghara Traoré;1.98;2.28;0.3;0.0;4.74;1.46
30396;C. Biraghi;0.06;2.28;6.3;0.0;6.11;2.96
30399;D. Hancko;0.26;4.27;3.93;0.0;5.61;2.3
30433;P. Gómez;0.68;1.95;0.64;0.0;2.95;2.69
30453;J. Jankto;0.0;2.32;1.55;0.0;4.42;2.86
30483;R. Soriano;1.16;3.12;2.82;0.0;5.87;4.83
30490;N. Sansone;1.23;2.17;0.47;0.0;2.5;2.24
30495;S. Sirigu;0.0;0.3;0.0;0.87;2.01;0.0
30510;Álex Berenguer;1.51;6.17;1.92;0.0;5.61;4.48
30515;S. Zaza;2.68;3.05;0.15;0.0;6.18;2.85
30524;M. Lemos;0.68;2.15;5.51;0.0;5.25;3.68
30525;Pol Lirola;0.45;2.28;2.69;0.0;4.81;2.91
30529;Marlon;0.0;1.18;0.9;0.0;0.91;0.4
30531;J. Boga;0.9;2.2;0.52;0.0;5.72;6.93
30543;G. Raspadori;0.45;1.84;0.19;0.0;3.3;1.08
30568;C. Oliva;0.18;2.08;1.2;0.0;2.87;2.62
30690;N. Fonseca;0.0;0.39;1.35;0.0;1.41;0.55
30735;M. Andreolli;0.0;1.89;1.5;0.0;3.7;0.2
30737;F. Barba;0.18;0.39;3.08;0.0;3.22;1.3
30765;I. Radu;0.0;0.0;0.0;10.0;4.13;0.12
30770;A. Candela;0.0;1.46;1.83;0.0;3.84;2.58
30783;E. Rolón;0.0;0.39;2.33;0.0;3.32;2.72
30924;M. Kumbulla;0.23;0.28;2.59;0.0;4.83;1.79
30927;S. Colombatto;0.21;4.28;2.74;0.0;5.66;3.55
30941;Giampaolo Pazzini;1.08;0.35;0.08;0.0;3.55;2.62
31361;R. Mazáň;0.07;0.62;0.65;0.0;0.48;0.13
31386;J. El Yamiq;0.3;0.68;4.37;0.0;5.77;3.35
31406;U. Sadiq;0.46;0.64;0.15;0.0;2.38;1.81
31538;A. Brignoli;0.0;0.0;0.0;0.0;0.0;0.0
31563;A. Trajkovski;0.51;3.9;0.54;0.0;3.73;3.85
31626;S. Longo;0.72;2.43;0.3;0.0;4.58;3.32
32862;T. Kubo;1.49;5.62;2.18;0.0;6.28;6.13
32871;T. Hara;0.0;0.0;0.0;0.0;0.0;0.0
32970;Leandro Damião;0.18;1.73;0.3;0.0;1.38;0.1
33173;H. Kiyotake;0.54;3.64;0.75;0.0;1.95;1.67
33243;Andrés Iniesta;0.53;6.88;2.78;0.0;6.38;7.64
33249;Sergi Samper;0.0;0.0;0.57;0.0;0.59;0.33
33305;David Concha;0.0;0.39;0.6;0.0;2.23;1.32
33361;Simão Mate;0.36;1.96;6.02;0.0;7.07;4.41
33395;Isaac Cuenca;0.9;4.55;2.2;0.0;5.45;5.27
33413;Fernando Torres;1.97;2.87;0.16;0.0;5.54;3.66
33928;Serantes;0.06;0.12;0.0;1.73;1.04;0.0
35503;J. Macías;0.0;0.0;0.22;0.0;3.59;2.7
35525;G. Pizarro;0.45;4.13;6.22;0.0;7.63;5.33
35575;Édgar Méndez;0.79;2.07;1.84;0.0;5.37;3.89
35576;O. Pineda;0.18;0.39;0.6;0.0;2.56;0.95
35604;Roger Martínez;0.9;0.0;0.08;0.0;3.83;3.32
35777;Dória;0.0;0.0;3.75;0.0;2.89;0.0
35794;M. Moreno;0.16;1.07;1.23;0.0;2.52;2.04
35810;Abraham;0.81;3.25;3.71;0.0;4.33;1.82
35903;Alejandro Arribas;0.18;0.14;4.35;0.0;4.11;2.52
36057;Ian González;0.0;0.39;0.0;0.0;0.0;0.0
36834;Nacho Monsalve;0.0;0.39;0.3;0.0;0.15;0.0
36848;Aitor Cantalapiedra;0.0;0.0;0.0;0.0;0.06;0.0
37019;José Rodríguez;0.36;2.73;3.38;0.0;3.54;3.22
37125;C. Musonda;0.58;3.69;2.25;0.0;5.92;6.02
37127;M. Ødegaard;0.57;5.26;1.02;0.0;3.28;3.49
37157;T. Vilhena;0.53;2.91;2.12;0.0;4.85;4.63
37191;O. Tannane;0.9;3.12;2.92;0.0;5.78;4.58
37639;S. Van der Heyden;0.0;0.54;1.31;0.0;1.61;0.21
37892;D. Eckert Ayensa;0.54;1.17;0.75;0.0;4.04;0.3
37938;S. Becker;1.0;1.71;0.38;0.0;2.84;1.64
38699;L. Ilić;0.64;0.28;1.66;0.0;3.29;0.79
38735;S. Dest;0.37;3.83;2.47;0.0;5.6;5.43
39121;C. Ejuke;0.53;2.68;1.25;0.0;5.4;6.16
39245;I. Koné;0.24;0.52;0.1;0.0;3.54;0.98
39714;J. Mondragón;1.08;0.41;2.55;0.0;2.83;0.05
40201;Iván Márquez;0.0;1.04;1.05;0.0;1.69;0.05
40258;Borja Fernández;0.0;0.79;1.05;0.0;1.71;1.17
40419;A. Sedlar;0.15;0.35;2.4;0.0;4.71;0.95
40487;S. Šćepović;1.48;2.71;0.66;0.0;4.32;1.62
40553;N. Vujadinović;0.72;0.78;4.95;0.0;6.08;2.0
40559;K. Jóźwiak;0.16;2.36;1.91;0.0;5.8;4.16
40678;Sergio Mendigutxia;0.0;0.0;0.0;0.0;0.31;0.05
41098;Diogo Figueiras;0.0;1.17;2.4;0.0;2.52;1.19
41103;Ricardo Horta;0.11;2.06;2.38;0.0;3.78;2.62
41112;Trincão;1.16;1.58;0.24;0.0;4.19;4.92
41149;Rafa Soares;0.0;3.14;2.83;0.0;4.09;1.34
41157;André Almeida;0.39;4.24;2.69;0.0;5.38;4.27
41163;O. John;0.49;3.78;1.57;0.0;4.67;5.2
41173;Rúben Semedo;0.0;0.37;4.19;0.0;4.87;1.44
41176;Fábio Coentrão;0.0;2.65;0.15;0.0;1.02;0.46
41208;Fábio Cardoso;0.0;0.0;1.35;0.0;1.44;0.0
41307;Fábio Espinho;0.18;0.39;0.0;0.0;0.57;0.28
41312;Alberto Bueno Calvo;0.68;5.18;0.18;0.0;3.61;1.7
41320;André Ferreira;0.0;0.0;0.0;2.8;1.5;0.03
41333;L. Fariña;0.0;0.39;0.6;0.0;0.73;0.05
41373;J. Martínez;1.56;4.63;1.0;0.0;4.58;3.22
41412;N. Maraš;0.0;0.1;0.51;0.0;0.71;0.17
41415;Luís Martins;0.0;1.42;0.15;0.0;0.43;0.0
41439;Ricardo Costa;0.64;2.36;5.3;0.0;5.87;0.11
41475;Fernando Damián Tissone Rodrigues;0.15;4.32;7.25;0.0;5.49;3.81
41552;P. Ciss;0.7;2.09;4.02;0.0;5.6;3.39
41576;Tomás Tavares;0.0;0.0;0.3;0.0;0.78;0.0
41595;I. Šaponjić;0.09;0.0;0.0;0.0;0.04;0.0
41642;José Eduardo Rosa Vale de Castro;0.57;3.88;7.6;0.0;6.29;4.07
41735;K. Nwakali;0.0;0.39;0.68;0.0;1.84;1.02
41970;David Carmo;0.6;2.45;4.6;0.0;6.64;2.01
41973;Miguel Crespo;0.0;1.38;2.74;0.0;5.59;4.98
41976;Y. Neyou;0.17;1.09;2.18;0.0;4.02;2.61
42039;Gabriel Fernández Arenas;0.17;6.48;3.18;0.0;6.43;4.14
42086;Y. El-Arabi;3.39;2.93;1.91;0.0;6.36;5.46
42642;H. Moldovan;0.0;0.0;0.0;0.5;0.0;0.0
42979;Giedrius Arlauskis;0.0;0.0;0.0;0.2;1.05;0.0
42980;Jesús;0.0;0.39;0.0;0.3;0.0;0.0
42992;Juan Emmanuel Culio;0.0;6.24;3.62;0.0;6.61;5.19
43084;I. Hagi;0.74;4.85;1.4;0.0;5.28;4.5
43184;R. Aït-Atmane;0.04;4.02;2.47;0.0;5.33;4.1
44318;Petros;0.21;2.78;8.1;0.0;7.6;5.4
44340;Salem Al Dawsari;0.0;0.0;0.08;0.0;0.31;0.05
44419;Aderllan Santos;0.18;0.58;8.21;0.0;6.15;2.08
44423;Alexis Ruano Delgado;0.37;2.25;2.98;0.0;5.4;2.95
44490;E. Çolak;0.83;9.13;0.66;0.0;5.53;5.74
44502;M. Koval;0.0;0.0;0.0;0.62;0.03;0.0
44503;M. Aguirregaray;0.0;1.56;4.95;0.0;6.38;5.1
44617;Fahad Al Muwallad;0.0;0.0;0.15;0.0;0.12;0.0
44811;S. McKenna;0.0;2.3;2.78;0.0;6.21;2.53
46090;N. Petrović;0.2;0.92;1.74;0.0;4.68;2.97
46646;Sergio Herrera;0.0;0.05;0.0;6.73;4.65;0.87
46647;Rubén Iván Martínez Andrade;0.0;0.21;0.0;2.86;1.7;0.62
46648;Iván Martínez;0.0;0.0;0.0;0.5;0.0;0.0
46649;Juan Pérez;0.0;0.0;0.0;1.21;0.04;0.0
46650;Lillo;0.03;0.89;2.56;0.0;3.37;1.27
46651;Clerc;0.16;2.55;4.29;0.0;5.9;4.96
46652;Unai García;0.18;0.39;2.41;0.0;3.47;1.3
46653;David García;0.31;1.35;4.02;0.0;6.73;2.37
46654;Aridane;0.13;0.62;3.42;0.0;6.0;2.46
46656;Oier;0.27;1.8;2.47;0.0;5.01;2.67
46657;Nacho Vidal;0.26;0.74;2.59;0.0;3.97;2.0
46658;Rubén García;0.89;5.71;2.66;0.0;5.3;3.41
46659;Rober Ibáñez;0.28;0.87;0.83;0.0;2.96;2.49
46660;Javi Martínez;0.07;0.41;0.33;0.0;0.88;0.77
46661;Fran Mérida;0.12;2.62;2.14;0.0;4.4;5.21
46662;Moncayola;0.44;4.2;3.12;0.0;4.8;2.65
46663;Miguel Olavide Montes;0.39;1.91;0.7;0.0;4.13;1.93
46664;Luis Perea;0.0;0.0;0.04;0.0;0.37;0.04
46665;Iñigo Pérez;0.5;3.3;1.35;0.0;3.21;1.62
46666;Roberto Torres;0.78;2.88;0.96;0.0;2.71;2.2
46667;Kike Barja;0.26;1.94;0.71;0.0;3.76;3.23
46669;Barbero;0.0;0.0;0.0;0.0;1.17;0.05
46670;Brandon Thomas;0.15;0.91;0.19;0.0;1.45;0.98
46671;Juan Villar;0.9;1.56;0.38;0.0;3.23;1.11
46672;Rui Silva;0.0;0.2;0.0;5.73;3.73;0.56
46673;Aarón Escandell;0.0;0.09;0.0;7.71;2.24;0.57
46677;Víctor Díaz;0.13;1.25;2.49;0.0;3.56;1.31
46679;Quini;0.2;1.94;5.16;0.0;5.97;3.64
46680;José Martínez;0.0;0.21;1.33;0.0;2.47;1.46
46681;Álex Martínez;0.1;0.71;1.07;0.0;1.22;0.36
46682;Carlos Neva;0.06;2.06;3.22;0.0;5.32;3.0
46683;Germán Sánchez;0.51;0.62;3.38;0.0;5.93;0.98
46685;R. Azeez;0.24;0.87;0.91;0.0;1.87;0.75
46687;Ángel Montoro;0.53;5.4;2.47;0.0;4.27;2.0
46688;Álex Pozo;0.14;1.91;2.0;0.0;3.17;1.87
46689;Antonio Puertas;0.84;2.25;1.46;0.0;5.13;4.52
46690;Alberto Martín;0.0;3.51;2.53;0.0;6.07;1.84
46691;Fede San Emeterio;0.21;0.7;2.35;0.0;3.75;1.12
46692;Álvaro Vadillo;0.19;1.19;0.32;0.0;0.39;1.03
46693;Fede Vico;0.5;2.76;1.35;0.0;4.49;4.16
46694;Dani Ojeda;0.18;0.78;0.68;0.0;2.12;1.15
46695;A. Ramos;0.79;2.62;0.59;0.0;1.83;1.13
46698;José Caro;0.0;0.0;0.0;2.62;0.88;0.0
46700;Darío;0.0;0.0;0.0;0.5;0.0;0.0
46707;Borja Herrera;0.0;1.0;0.9;0.0;1.2;0.71
46709;Álvaro Tejero;0.24;3.47;1.38;0.0;3.36;1.33
46711;Aleix Febas;0.72;4.74;3.08;0.0;6.43;6.43
46713;Barri;0.18;0.0;0.45;0.0;0.89;0.9
46714;M. Malsa;0.19;0.94;2.44;0.0;3.38;2.6
46716;S. Muntari;0.18;1.46;1.72;0.0;4.17;0.35
46720;D. Torres;0.1;0.69;2.7;0.0;3.13;2.4
46721;Eugeni Valderrama;0.0;0.78;1.05;0.0;1.17;0.15
46725;R. Manaj;0.0;0.0;0.0;0.0;0.0;0.0
46726;R. Zozulya;0.18;1.69;0.0;0.0;1.75;0.05
46728;Miquel Parera;0.0;0.0;0.0;0.25;0.0;0.0
46729;Manolo Reina;0.0;0.23;0.0;8.54;3.7;0.11
46730;Francisco Javier Campos Coll;0.0;2.98;3.0;0.0;2.74;0.15
46731;P. Estupiñán;0.17;1.8;2.59;0.0;3.37;2.32
46732;Fran Gámez;0.16;2.49;6.62;0.0;6.03;4.93
46733;Raíllo;0.48;2.27;4.31;0.0;6.35;1.12
46734;Pablo Ramón;0.0;0.0;0.0;0.0;0.0;0.0
46735;Salva Ruiz;0.0;0.0;0.3;0.0;0.44;0.05
46736;F. Russo;0.16;0.08;2.15;0.0;2.91;1.46
46737;Joan Sastre;0.03;1.31;2.13;0.0;4.17;1.92
46738;M. Valjent;0.36;0.51;3.54;0.0;5.48;2.27
46739;I. Baba;0.28;1.0;2.82;0.0;4.92;4.06
46740;Stoichkov;0.34;2.11;1.27;0.0;4.72;2.86
46741;Marc Pedraza;0.0;0.4;0.75;0.0;0.12;0.0
46742;Dani Rodríguez;0.49;3.39;1.89;0.0;4.14;3.24
46743;Salva Sevilla;1.04;5.84;1.88;0.0;3.73;2.49
46744;L. Suárez;0.48;0.3;0.29;0.0;1.83;1.35
46746;A. Budimir;3.28;1.75;1.19;0.0;6.83;2.54
46748;Aridai Cabrera;0.18;0.0;0.15;0.0;0.33;0.0
46749;L. Junior;0.32;0.36;0.69;0.0;2.85;1.64
46751;Abdón Prats;0.62;1.0;0.12;0.0;3.2;1.62
46754;Alberto Cifuentes Martínez;0.0;0.39;0.0;1.6;0.26;0.05
46755;David Gil;0.0;0.0;0.0;2.26;0.76;0.05
46756;David Carmona;0.0;0.0;1.0;0.0;0.74;0.0
46757;Rober Correa;0.06;2.6;3.72;0.0;6.61;4.45
46758;S. Erimuya;0.0;0.0;0.0;0.0;0.0;0.0
46759;A. Espino;0.34;2.43;3.87;0.0;5.62;3.32
46760;Sergio González;0.0;0.0;0.45;0.0;0.49;0.05
46762;M. Mauro;0.25;0.13;1.66;0.0;2.82;0.07
46763;José Matos;0.0;0.0;0.3;0.0;0.38;0.05
46764;Brian Oliván;0.27;4.17;2.81;0.0;4.17;1.67
46765;A. Pantić;0.04;0.45;3.09;0.0;2.87;0.42
46768;Ager Aketxe;0.06;0.26;0.5;0.0;0.87;0.43
46769;Álex Fernández;0.56;2.62;2.23;0.0;4.62;3.0
46770;Jon Garrido;0.08;0.34;2.32;0.0;4.36;1.76
46771;Jairo Izquierdo;0.04;0.13;0.24;0.0;0.67;0.57
46772;José Mari;0.19;0.87;1.8;0.0;3.34;1.41
46775;Salvi;0.21;0.62;0.58;0.0;1.8;1.0
46781;Vincenzo Renato Rennella;0.72;0.81;0.08;0.0;2.51;0.25
46782;Manu Vallejo;0.38;1.18;0.68;0.0;2.08;0.87
46784;Dani Giménez;0.0;0.42;0.0;2.37;0.52;0.27
46785;Adrián Ortolá;0.0;0.39;0.0;2.0;0.0;0.0
46786;Eneko Bóveda Altube;0.0;3.07;3.14;0.0;4.65;1.97
46789;Saúl García;0.0;0.0;0.15;0.0;0.15;0.0
46790;Víctor García;0.38;1.52;2.01;0.0;4.22;3.43
46793;David Simón;0.37;3.89;6.68;0.0;6.45;4.32
46795;Domingos Duarte;0.14;0.28;2.75;0.0;5.43;1.13
46796;Álex Bergantiños;0.55;4.63;3.64;0.0;5.18;1.4
46797;F. Cartabia;0.91;3.31;3.2;0.0;5.43;4.95
46799;Edu Expósito;0.55;6.51;2.64;0.0;5.39;4.57
46800;José Vicente Gómez Umpiérrez;0.37;4.41;2.26;0.0;6.32;4.06
46801;M. Krohn-Dehli;0.23;3.43;1.91;0.0;3.46;2.97
46802;Nahuel Leiva;0.14;1.48;1.12;0.0;3.67;2.95
46803;Joni Montiel;0.0;0.03;0.02;0.0;0.1;0.05
46805;Pedro Mosquera;0.25;2.05;5.2;0.0;5.75;4.18
46807;Borja Valle;0.88;2.12;0.81;0.0;3.15;0.88
46808;Carlos Fernández;0.83;1.57;0.57;0.0;4.11;2.54
46809;Quique González;0.14;1.01;0.08;0.0;3.6;1.95
46810;C. Santos;1.48;1.05;0.81;0.0;5.29;0.4
46812;A. Werner;0.0;0.0;0.0;1.22;0.13;0.17
46813;A. Abqar;0.12;1.12;3.86;0.0;5.31;2.09
46814;R. Brežančić;0.0;0.07;0.0;0.0;0.35;0.05
46815;Pau Torres;0.52;3.72;3.12;0.0;5.72;5.1
46816;Cifu;0.0;0.2;2.07;0.0;3.4;1.25
46817;Diego González;0.15;0.27;2.63;0.0;4.47;1.55
46818;Luis Hernández;0.3;1.99;2.9;0.0;4.46;1.05
46819;Juankar;0.37;4.12;5.6;0.0;6.08;3.93
46820;F. Ricca;0.32;2.31;6.86;0.0;6.53;2.82
46821;Iván Rodríguez;0.0;0.0;0.22;0.0;0.18;0.0
46822;Lombán;0.38;2.25;4.11;0.0;5.84;0.68
46823;Miguel Torres Gómez;0.05;2.35;3.08;0.0;4.8;0.4
46824;Iván Alejo;0.33;2.89;1.75;0.0;5.54;3.79
46825;K. Bare;0.22;1.05;2.16;0.0;4.6;2.45
46827;Adrián  González Morales;1.59;3.77;1.94;0.0;5.75;2.82
46828;Iván Jaime;0.54;1.56;1.5;0.0;4.85;3.01
46829;Mehdi Lacen;0.12;1.14;0.61;0.0;2.55;1.01
46830;Erik Morán;0.06;1.16;2.67;0.0;2.98;0.88
46831;Álex Mula;0.98;0.71;1.7;0.0;4.58;5.44
46832;Javi Ontiveros;0.78;1.6;1.14;0.0;3.08;2.99
46836;M. Koné;0.18;0.78;0.6;0.0;2.0;1.1
46837;Dani Pacheco;0.0;2.13;0.82;0.0;3.21;2.73
46841;N. Champagne;0.0;0.07;0.0;1.16;0.2;0.0
46849;Javi Hernández;0.59;2.98;2.63;0.0;5.04;3.75
46852;Carlos Martínez Díez;0.06;3.21;1.81;0.0;3.75;2.05
46854;Viti Rozada;0.12;2.06;5.41;0.0;6.48;3.57
46856;Saúl Berjón;1.37;7.48;3.08;0.0;4.32;2.66
46858;Ramón Folch;0.0;0.0;0.0;0.0;0.0;0.0
46860;Javi Muñoz;0.68;2.59;2.16;0.0;3.96;3.26
46861;Omar Ramos;0.19;6.17;0.8;0.0;5.99;5.87
46862;Borja Sánchez;0.0;0.0;0.0;0.0;0.0;0.0
46870;Diego Mariño;0.0;0.02;0.0;0.51;0.15;0.04
46871;Dani Martín;0.0;0.07;0.0;0.85;0.24;0.01
46872;Christian Joel;0.0;0.0;0.0;0.5;0.0;0.0
46874;J. Babin;0.56;0.78;3.3;0.0;3.84;0.84
46875;Canella;0.32;3.1;4.0;0.0;5.65;1.36
46878;Javi Noblejas;0.0;0.17;0.68;0.0;0.62;0.05
46880;Francisco José Molinero Calderón;0.03;2.42;2.7;0.0;4.75;2.48
46883;Juan Rodríguez;0.0;0.39;2.02;0.0;1.66;0.05
46884;Carlos Carmona Bonet;1.65;6.6;2.99;0.0;6.87;3.53
46887;Pedro Díaz;0.51;3.14;1.67;0.0;4.43;2.99
46888;Pablo Fernández;0.0;0.39;0.0;0.0;0.03;0.0
46890;Álvaro Jiménez;0.31;1.13;1.4;0.0;4.67;3.85
46892;Ivi López;0.46;1.55;1.33;0.0;2.42;1.99
46895;Pablo Pérez;0.8;1.66;2.33;0.0;5.79;1.85
46897;Hernán;0.36;0.77;3.01;0.0;4.6;1.7
46898;Álex Alegría;0.42;0.79;0.55;0.0;4.1;1.8
46904;Fernando Martínez;0.0;0.0;0.0;3.74;2.07;0.46
46909;Andoni López;0.0;0.0;0.3;0.0;0.46;0.3
46914;E. Saveljich;0.11;0.08;1.29;0.0;2.32;0.02
46915;Ángel Trujillo;0.0;0.88;5.7;0.0;3.13;1.0
46919;César de la Hoz;0.07;0.26;1.09;0.0;1.75;0.76
46920;Y. Eteki;0.07;0.47;2.12;0.0;4.54;2.91
46922;J. Narváez;0.0;0.11;0.47;0.0;2.61;1.26
46927;Juan Carlos Real;0.12;1.47;0.6;0.0;3.34;3.04
46930;E. Demirović;0.9;1.04;0.15;0.0;1.4;0.15
46931;Álvaro Giménez;0.32;0.43;0.27;0.0;1.68;0.12
46933;Luis Rioja;0.54;2.76;1.18;0.0;3.5;3.14
46935;Raúl Lizoain;0.0;0.0;0.0;3.21;3.69;0.51
46937;A. Abeid;0.0;0.39;0.75;0.0;0.46;0.25
46940;E. Burgos;0.98;0.71;3.51;0.0;5.25;1.92
46941;Unai Elgezabal;0.0;0.71;3.55;0.0;5.85;0.23
46945;Laure;0.0;1.76;3.6;0.0;4.14;1.57
46952;E. İsrafilov;0.18;0.39;2.4;0.0;3.07;0.2
46955;Víctor Casadesús;0.7;3.32;1.24;0.0;5.57;2.97
46957;Juan Muñoz;0.9;0.0;0.6;0.0;2.17;1.42
46961;Edgar Badia;0.0;0.0;0.0;8.03;4.29;0.06
46965;Gonzalo Verdú;0.25;0.58;3.26;0.0;5.53;1.31
46966;Dani Calvo;0.09;0.0;2.77;0.0;5.32;0.41
46967;Juan Cruz;0.0;0.72;1.74;0.0;3.91;1.88
46968;Óscar Gil;0.1;2.64;5.01;0.0;5.93;4.18
46973;Josan;0.29;3.7;1.38;0.0;4.32;3.69
46975;Nacho Gil;0.23;2.48;1.5;0.0;3.67;2.12
46979;Iván Sánchez;0.59;3.06;2.21;0.0;6.13;6.22
46981;Xavi Torres;0.25;1.93;1.81;0.0;4.58;1.61
46982;Gonzalo Villar;0.28;1.43;1.94;0.0;5.7;5.2
46983;Carlos Castro García;1.53;2.43;0.2;0.0;3.56;2.75
46984;Nino;0.11;0.49;0.0;0.0;2.6;1.71
46985;Y. Qasmi;0.0;0.0;0.0;0.0;0.16;0.0
46987;Raúl Fernández;0.0;0.0;0.0;0.67;0.13;0.0
46989;Nauzet Pérez;0.0;0.3;0.0;6.44;2.92;0.15
46990;Álvaro Vallés;0.0;0.0;0.0;6.91;3.93;1.17
46991;Aythami Artiles Oliva;0.08;1.51;3.51;0.0;3.67;0.64
46992;Dani Castellano;0.09;2.22;6.41;0.0;7.03;6.37
46993;Eric Curbelo;0.0;0.0;1.05;0.0;0.69;0.0
46994;De la Bella;0.07;6.14;3.81;0.0;6.53;3.19
46995;David García;0.7;2.03;6.11;0.0;6.25;3.4
46996;Álvaro Lemos;0.04;0.03;0.66;0.0;3.57;0.17
46998;Juan Cala;0.21;0.53;2.03;0.0;3.78;1.49
47001;Javi Castellano;0.07;1.28;3.11;0.0;3.59;1.64
47002;Fidel;0.86;5.47;1.79;0.0;5.32;5.49
47004;Fabio González;0.0;0.02;0.11;0.0;0.81;0.33
47006;Gabriel Peñalba;0.0;3.15;0.97;0.0;4.07;3.04
47007;Ruíz de Galarreta;0.13;3.19;3.52;0.0;6.09;5.63
47010;David Timor;0.36;0.97;1.48;0.0;3.75;1.62
47011;S. Araújo;1.05;1.65;1.09;0.0;3.07;2.25
47012;Rubén Castro;2.6;3.53;0.28;0.0;3.75;2.48
47013;Rafa Mir;1.85;0.81;0.7;0.0;3.04;1.26
47016;Álvaro Fernández;0.0;0.18;0.0;7.46;2.61;0.05
47027;Javi Álamo;0.0;0.0;0.15;0.0;0.71;0.37
47033;Roberto Olabe;0.0;0.0;0.0;0.0;0.0;0.0
47034;José Antonio Reyes;0.89;6.35;0.49;0.0;5.14;3.97
47036;Fausto Tienza;0.57;1.23;7.42;0.0;6.16;3.02
47041;Alberto Perea;0.17;1.08;0.91;0.0;2.3;2.4
47049;Chechu Dorado;0.05;0.92;0.91;0.0;1.46;1.04
47050;Alberto Guitián;0.0;0.07;0.52;0.0;0.38;0.0
47052;Álex Muñoz;0.94;1.3;4.61;0.0;5.64;1.4
47056;Íñigo Eguaras;0.25;1.37;0.71;0.0;3.45;2.68
47057;Raúl Guti;0.46;0.82;2.41;0.0;4.9;3.4
47061;Jorge Pombo;0.9;2.6;1.06;0.0;5.25;5.42
47063;Alberto Soro;0.21;1.19;0.57;0.0;1.84;1.14
47066;Álvaro Vázquez;0.69;2.65;1.35;0.0;3.49;2.96
47073;M. Dos Santos;0.12;0.22;4.5;0.0;5.65;1.33
47074;Héctor Hernández;0.0;1.93;2.29;0.0;3.19;1.84
47076;Isma López;0.33;3.58;3.16;0.0;5.1;3.62
47078;Luis Pérez;0.06;2.66;3.59;0.0;5.43;3.5
47080;Jorge Sáenz;0.28;0.24;3.82;0.0;4.61;1.98
47083;Borja Lasso;0.0;0.64;0.0;0.0;0.53;0.24
47084;F. Malbašić;0.06;0.79;0.8;0.0;3.73;2.98
47085;Luis Milla;0.31;7.53;4.05;0.0;6.27;4.31
47086;Francisco Montañés Claverías;0.36;1.86;0.52;0.0;3.47;1.36
47087;U. Račić;0.18;0.55;1.69;0.0;3.26;2.71
47092;Tyronne;0.0;0.39;0.22;0.0;0.72;0.05
47093;José Naranjo;0.56;1.71;1.88;0.0;4.17;2.22
47095;Nano;0.24;0.48;0.0;0.0;1.08;0.53
47100;Iza Carcelén;0.16;2.06;4.61;0.0;6.16;4.49
47104;Fran Varela;0.26;2.97;4.02;0.0;4.62;0.92
47108;José Antonio García Rabasco;0.68;8.31;3.8;0.0;5.25;3.06
47109;Óscar Valentín;0.18;1.13;5.12;0.0;6.04;2.53
47111;Benito Ramírez;0.23;1.77;0.87;0.0;3.05;1.28
47114;E. Zidane;0.0;0.59;0.0;0.0;0.68;0.64
47117;Echu;0.0;0.0;0.0;0.0;0.0;0.0
47119;Aitor Ruibal;0.93;3.16;3.01;0.0;5.14;3.92
47120;Gaizka Campos;0.0;0.0;0.0;0.62;0.0;0.0
47126;C. Ganea;0.0;0.0;0.15;0.0;0.24;0.05
47150;Borja Viguera Manzanares;0.42;0.99;0.19;0.0;1.68;0.62
47153;Juan Carlos;0.0;0.0;0.0;5.42;0.2;0.01
47161;José Carlos;0.0;0.39;4.8;0.0;3.44;1.25
47164;Gerard Valentín;0.0;0.0;1.2;0.0;1.45;0.75
47170;José Carlos Lazo;0.36;0.0;0.0;0.0;1.05;0.75
47171;Juan Muñiz;0.0;1.56;0.22;0.0;1.32;1.35
47179;Dani Escriche;0.23;1.64;0.95;0.0;4.59;3.43
47180;Cristian Herrera;0.54;0.39;0.08;0.0;1.95;0.99
47181;Toni Martínez;1.63;2.06;1.08;0.0;6.56;3.59
47182;Tete Morente;0.85;2.29;2.06;0.0;5.42;4.67
47188;Miguel Flaño Bezunartea;0.6;1.42;3.44;0.0;4.58;1.29
47191;Álex Menéndez;0.77;2.72;3.68;0.0;5.3;3.86
47192;Luis Muñoz;0.0;0.39;2.4;0.0;3.24;2.25
47195;Álvaro Aguado;0.21;2.37;1.15;0.0;4.59;3.46
47199;Y. Bodiger;0.0;0.78;1.95;0.0;2.63;0.15
47201;De las Cuevas;0.39;6.23;0.88;0.0;5.94;5.75
47203;Jaime Romero;0.47;5.89;0.51;0.0;6.38;6.33
47209;Andrés Martín;0.39;0.23;0.4;0.0;2.77;1.6
47213;Pipa;0.18;1.56;2.1;0.0;3.84;1.97
47219;Iván López;0.0;1.78;3.21;0.0;2.94;2.58
47222;Josema Sánchez;0.0;0.65;2.16;0.0;3.76;1.92
47225;Brugui;0.6;1.99;1.45;0.0;4.64;3.33
47226;Antonio Cotán;0.0;0.53;0.45;0.0;0.52;0.1
47227;Imanol García;0.0;0.39;6.68;0.0;5.7;2.02
47228;Ramiro Guerra Pereyra;0.0;1.16;0.0;0.0;1.18;0.1
47229;Fali;0.12;0.84;4.02;0.0;5.47;1.93
47230;Javier Márquez Moreno;0.41;3.6;2.86;0.0;4.75;3.43
47237;L. Suárez;2.36;2.82;1.09;0.0;5.62;4.85
47238;Ikechukwu Uche;0.18;0.66;0.0;0.0;0.58;0.1
47246;L. Chichizola;0.0;0.06;0.0;2.24;2.23;1.42
47247;David Soria;0.0;0.11;0.0;6.62;3.49;0.05
47248;Rubén Yáñez;0.0;0.0;0.0;3.21;0.86;0.04
47249;L. Cabrera;0.71;1.36;4.09;0.0;6.26;2.38
47250;D. Dakonam;0.02;0.71;3.29;0.0;5.88;4.18
47251;D. Foulquier;0.11;1.44;2.28;0.0;4.63;3.15
47252;Bruno;0.12;0.77;2.4;0.0;3.63;1.63
47253;Ignasi Miquel;0.3;0.91;3.07;0.0;3.99;2.22
47254;M. Olivera;0.35;2.92;4.83;0.0;7.27;4.55
47255;Antunes;0.2;2.52;2.62;0.0;3.06;2.42
47256;Miguel Rubio;0.38;0.07;1.43;0.0;3.92;1.49
47257;D. Suárez;0.18;4.4;3.98;0.0;5.8;3.58
47258;M. Arambarri;1.06;2.6;3.34;0.0;6.19;4.2
47259;Bergara;0.35;0.75;0.84;0.0;2.22;0.83
47260;S. Cristóforo;0.21;2.04;3.65;0.0;5.67;3.33
47261;Mathieu Flamini;0.07;1.21;1.4;0.0;4.69;0.59
47262;Portillo;0.28;2.44;1.28;0.0;3.84;3.54
47263;Samu Sáiz;1.06;1.01;0.24;0.0;3.47;2.89
47264;Hugo Duro;1.66;1.61;0.8;0.0;4.54;1.91
47265;Jorge Molina;1.78;4.14;0.52;0.0;5.58;3.33
47266;Ángel Rodríguez;1.43;1.56;0.55;0.0;4.12;2.91
47267;Iago Herrerín;0.0;0.04;0.0;2.23;0.82;0.01
47269;Álex Remiro;0.0;0.24;0.0;6.17;4.55;0.47
47270;Unai Simón;0.0;0.03;0.0;8.67;4.33;0.13
47271;Yeray;0.17;1.84;3.92;0.0;6.01;3.1
47272;Balenziaga;0.05;1.32;2.12;0.0;3.74;2.16
47273;Yuri;0.46;2.82;3.69;0.0;6.27;3.58
47274;Capa;0.2;1.37;2.09;0.0;3.4;2.7
47275;De Marcos;0.25;3.95;3.55;0.0;4.96;2.1
47276;Lekue;0.09;1.17;2.05;0.0;3.88;2.43
47277;Unai Núñez;0.16;0.9;3.72;0.0;5.34;2.98
47278;Dani Vivian;0.44;1.88;4.61;0.0;5.51;2.64
47279;Iñigo Córdoba;0.24;1.44;1.56;0.0;3.49;2.68
47280;Beñat;0.38;7.6;2.11;0.0;3.38;2.32
47281;Dani García;0.14;1.2;3.3;0.0;5.13;2.8
47282;Raúl García;1.24;1.71;1.41;0.0;5.57;2.73
47283;Ibai Gómez;0.61;4.69;0.7;0.0;3.09;3.24
47284;Iturraspe;0.03;2.67;1.47;0.0;2.48;1.31
47285;Unai López;0.61;3.98;2.43;0.0;4.43;3.88
47286;Peru Nolaskoain;0.08;0.02;0.3;0.0;0.5;0.1
47287;Mikel Rico;0.44;3.49;2.2;0.0;4.71;3.98
47288;Mikel San José Domínguez;0.35;2.97;2.99;0.0;4.06;2.3
47289;Susaeta;0.74;8.12;1.6;0.0;5.27;4.43
47290;Aduriz;1.96;2.1;0.08;0.0;4.1;2.58
47291;Gorka Guruzeta;1.92;2.93;1.36;0.0;5.18;2.92
47292;K. Kodro;0.61;0.3;0.14;0.0;2.47;1.31
47293;Iñigo Vicente;0.0;1.56;0.15;0.0;0.99;1.05
47294;I. Williams;2.23;4.4;1.11;0.0;5.12;3.78
47295;Moyà;0.0;0.85;0.0;3.92;1.27;0.63
47296;G. Rulli;0.0;0.05;0.0;6.77;3.06;0.35
47297;Andoni Zubiaurre;0.0;0.0;0.0;0.63;0.0;0.0
47298;Elustondo;0.19;0.72;2.41;0.0;4.61;1.7
47299;Gorosabel;0.23;1.77;2.38;0.0;4.09;2.46
47300;T. Hernández;0.45;3.09;5.13;0.0;7.39;6.77
47301;Robin Le Normand;0.35;1.93;2.68;0.0;5.36;1.36
47302;Diego Llorente;0.48;1.24;3.0;0.0;3.63;1.52
47303;Aihen Muñoz;0.04;1.26;2.78;0.0;5.1;2.83
47304;Kévin Rodrigues;0.4;2.14;3.03;0.0;4.49;3.05
47305;Raúl Navas;0.06;1.31;3.35;0.0;3.17;1.39
47306;Álex Sola;0.25;0.98;1.0;0.0;2.16;1.79
47307;Joseba Zaldúa;0.08;1.53;3.11;0.0;4.88;2.09
47308;N. Djouahra;0.24;1.52;0.91;0.0;2.04;1.19
47309;Guevara;0.2;1.25;2.06;0.0;4.54;3.19
47310;Illarramendi;0.27;2.63;2.86;0.0;4.33;2.8
47311;Mikel Merino;1.13;4.58;4.76;0.0;8.7;5.52
47312;Rubén Pardo;0.57;4.51;2.74;0.0;3.67;2.94
47313;Sangalli;0.77;3.65;1.02;0.0;4.85;4.34
47314;Zubeldia;0.15;2.25;3.68;0.0;5.46;2.61
47315;Martín Zubimendi;0.56;3.41;4.59;0.0;5.92;3.87
47316;Zurutuza;0.38;3.3;2.73;0.0;4.73;2.41
47317;Barrenetxea;0.97;3.7;1.69;0.0;5.08;5.11
47318;Jon Bautista;0.37;0.57;0.58;0.0;2.8;1.39
47319;Willian José;1.91;3.26;0.56;0.0;4.29;2.45
47320;Juanmi;1.16;1.44;1.28;0.0;3.72;2.3
47321;Roberto López;0.17;1.61;0.49;0.0;1.68;1.02
47322;Martín Merquelanz;0.19;2.43;0.66;0.0;2.5;1.74
47323;Mikel Oyarzabal;2.59;4.91;1.53;0.0;5.31;4.03
47324;Sandro Ramírez;1.83;3.8;1.35;0.0;5.17;3.9
47326;Roberto Jiménez;0.0;0.25;0.0;4.14;2.35;0.04
47327;Diego López;0.0;0.28;0.0;4.65;2.49;0.51
47328;Ó. Duarte;0.37;0.41;3.78;0.0;5.49;1.34
47329;Adrià Pedrosa;0.3;2.63;2.43;0.0;3.65;1.94
47330;Naldo;0.11;0.75;4.7;0.0;5.56;2.17
47332;Lluís López;0.07;0.7;1.26;0.0;2.51;0.7
47333;Javi López;0.02;2.21;6.96;0.0;7.2;4.83
47334;David López;0.44;2.63;2.4;0.0;4.05;2.27
47335;Dídac Vilá Rosselló;0.16;2.63;3.13;0.0;4.38;2.37
47336;Darder;0.78;6.41;2.65;0.0;5.78;5.6
47337;Esteban Félix Granero Molina;0.86;6.12;2.13;0.0;3.71;4.89
47338;Álex López;0.0;0.0;0.82;0.0;1.68;0.69
47339;Óscar Melendo;0.08;2.13;0.84;0.0;5.06;4.42
47340;P. Piatti;0.51;2.5;1.39;0.0;4.12;2.45
47341;Marc Roca;0.66;3.27;3.91;0.0;5.0;3.58
47342;Víctor Sánchez Mata;0.16;4.73;4.49;0.0;5.81;4.03
47343;Alfa Semedo;0.0;1.1;0.38;0.0;0.98;0.81
47344;Víctor Campuzano;0.54;0.39;0.97;0.0;4.6;3.35
47346;F. Ferreyra;0.63;0.6;0.42;0.0;3.01;1.03
47347;Sergio García de la Fuente;1.06;4.97;0.75;0.0;4.92;3.91
47348;Borja Iglesias;1.98;2.73;0.59;0.0;3.55;2.65
47349;Javi Puado;2.11;3.36;1.16;0.0;4.12;3.26
47350;Wu Lei;0.78;1.46;0.72;0.0;3.28;1.72
47352;Fernando Pacheco;0.0;0.06;0.0;3.87;1.41;0.06
47353;Sivera;0.0;0.12;0.0;5.48;3.24;0.02
47354;Martín Aguirregabiria;0.04;2.17;4.05;0.0;5.84;3.92
47355;Rubén Duarte;0.33;2.67;4.63;0.0;5.96;2.71
47356;Rodrigo Ely;0.32;0.78;3.45;0.0;5.52;2.21
47357;Laguardia;0.39;1.5;3.39;0.0;5.2;0.76
47358;Adrián Marín;0.03;0.78;2.23;0.0;2.91;1.04
47359;Carlos Vigaray;0.13;1.69;4.33;0.0;5.13;2.18
47360;Ximo Navarro;0.26;1.01;5.11;0.0;6.07;3.96
47361;D. Brašanac;0.33;1.6;1.99;0.0;3.67;1.86
47362;Burgui;0.31;1.99;0.44;0.0;2.35;1.93
47363;Manu García;0.38;2.03;2.71;0.0;5.78;3.76
47365;Tomás Pina;0.19;1.8;3.34;0.0;5.72;4.12
47366;Jony;0.78;5.37;1.31;0.0;4.05;3.87
47367;Álex Blanco;0.19;0.82;0.64;0.0;1.33;0.81
47368;J. Calleri;1.71;2.96;1.1;0.0;8.02;4.87
47369;Paulino;0.0;0.0;0.15;0.0;1.36;1.0
47370;Borja Bastón;1.74;1.35;1.14;0.0;4.84;2.26
47371;J. Guidetti;0.54;1.1;0.25;0.0;2.59;1.54
47373;D. Rolán;0.75;2.34;0.86;0.0;4.93;4.12
47374;P. Twumasi;0.33;0.71;0.41;0.0;2.74;0.93
47375;Markel Areitio;0.0;0.0;0.0;0.8;0.0;0.0
47376;Asier Riesgo;0.0;0.27;0.0;3.46;2.28;0.03
47377;Anaitz Arbilla;0.24;1.52;4.8;0.0;5.74;4.2
47378;Bigas;0.27;3.62;4.52;0.0;6.0;2.26
47379;Jordi Calavera;0.0;0.0;0.0;0.0;0.0;0.0
47380;Marc Cucurella;0.29;3.26;2.51;0.0;4.16;2.51
47382;Ramis;0.71;2.19;2.07;0.0;4.26;2.72
47383;Paulo Oliveira;0.24;0.39;5.31;0.0;6.6;2.4
47384;Cote;0.27;3.55;3.45;0.0;5.68;5.19
47385;Sergio Álvarez;0.12;1.09;4.89;0.0;6.24;3.59
47386;P. De Blasis;0.72;3.38;3.02;0.0;5.1;3.2
47387;P. Diop;0.43;2.72;3.48;0.0;6.07;3.74
47388;G. Escalante;1.09;2.25;4.74;0.0;6.38;3.65
47389;Joan Jordán;0.54;2.71;1.81;0.0;2.98;2.16
47390;Fabián Orellana;1.62;6.42;1.71;0.0;4.9;5.31
47391;Rubén Peña;0.28;2.57;2.85;0.0;4.76;4.09
47392;Pedro León;0.94;5.16;1.79;0.0;4.98;4.08
47393;Marc Cardona;0.55;0.74;0.42;0.0;3.04;1.8
47394;Charles;2.07;2.93;0.49;0.0;4.79;1.39
47395;Sergi Enrich;1.35;3.01;1.44;0.0;6.86;3.38
47396;Kike García;1.75;2.1;0.71;0.0;5.31;3.02
47397;Miguel Marí;0.0;0.0;0.06;0.0;0.27;0.05
47398;Pere Milla;1.58;2.72;1.73;0.0;4.88;2.88
47399;Iván Cuéllar;0.0;0.02;0.0;2.99;0.64;0.01
47400;A. Lunin;0.0;0.27;0.0;4.0;1.32;0.02
47401;Andrés Prieto;0.0;0.0;0.0;2.15;0.86;0.55
47403;Unai Bustinza;0.34;3.19;5.11;0.0;6.12;2.7
47404;V. Kravets;0.36;2.34;3.0;0.0;3.93;2.88
47405;Juanfran;0.34;5.77;3.32;0.0;6.01;4.55
47406;E. Muñoz;0.08;0.56;2.72;0.0;3.27;1.09
47407;A. Nyom;0.39;1.38;1.24;0.0;3.2;1.43
47408;J. Silva;0.34;2.87;2.74;0.0;4.62;2.39
47409;D. Siovas;0.42;2.22;4.76;0.0;6.22;3.91
47410;Rodri Tarín;0.0;1.28;2.96;0.0;4.92;0.67
47411;N. El Zhar;1.26;3.94;0.76;0.0;3.97;3.82
47412;Eraso;0.45;3.84;1.09;0.0;3.33;1.68
47413;Recio;0.6;2.98;3.23;0.0;5.95;4.7
47414;Gumbau;0.48;4.0;2.15;0.0;4.39;2.61
47415;Rubén Pérez;0.27;1.74;5.76;0.0;6.32;4.32
47416;Óscar Rodríguez;0.81;2.24;1.61;0.0;3.12;2.44
47417;A. Szymanowski;0.92;3.25;2.05;0.0;2.88;2.04
47418;Mikel Vesga;0.32;1.33;2.87;0.0;4.84;2.52
47419;José Arnáiz;0.57;1.47;0.73;0.0;3.5;1.75
47420;Javier Avilés;0.72;2.6;1.72;0.0;3.66;2.36
47421;G. Carrillo;1.15;1.72;0.81;0.0;6.79;3.4
47422;Y. En-Nesyri;2.54;1.63;0.93;0.0;5.63;2.55
47423;Sabin Merino;0.55;0.75;0.5;0.0;2.57;1.02
47424;M. Santos;1.2;2.62;1.12;0.0;4.5;1.8
47425;Sergio Álvarez;0.0;0.68;0.0;2.97;2.51;0.36
47426;Rubén Blanco;0.0;0.04;0.0;3.98;2.03;0.03
47427;Iván Villar;0.0;0.08;0.0;3.21;0.98;0.02
47428;G. Cabral;0.32;1.57;6.19;0.0;6.43;1.53
47429;David Costas;0.01;0.93;4.23;0.0;5.33;3.18
47430;W. Hoedt;0.18;3.52;5.7;0.0;7.1;3.08
47431;David Juncà;0.01;1.7;2.56;0.0;3.01;1.84
47432;Hugo Mallo;0.47;3.04;4.94;0.0;6.3;3.17
47433;L. Olaza;0.31;3.49;3.46;0.0;5.12;2.5
47434;Kevin Vázquez;0.07;1.1;3.34;0.0;5.1;2.84
47435;Fran Beltrán;0.2;1.55;2.28;0.0;3.34;2.39
47436;R. Boudebouz;1.03;6.84;2.39;0.0;5.53;5.57
47437;A. Hjulsager;0.16;1.83;0.93;0.0;2.14;1.36
47438;M. Jensen;0.18;0.39;1.2;0.0;2.43;0.2
47439;S. Lobotka;0.21;3.7;3.0;0.0;5.95;5.94
47440;Brais Méndez;1.56;4.37;2.3;0.0;5.76;3.72
47441;N. Radoja;0.11;1.25;3.8;0.0;5.66;4.71
47442;Jozabed;0.82;5.91;1.42;0.0;4.26;2.47
47443;O. Yokuşlu;0.08;0.74;2.22;0.0;5.16;3.2
47444;E. Apeh;0.0;0.39;0.0;0.0;0.12;0.0
47445;Iago Aspas;2.41;7.36;1.08;0.0;4.84;4.64
47446;E. Mor;0.47;1.34;1.48;0.0;5.38;5.82
47447;P. Sisto;1.39;2.87;1.23;0.0;5.46;6.38
47448;Aitor Fernández;0.0;0.01;0.0;5.67;0.97;0.01
47449;Oier;0.0;0.02;0.0;2.45;0.91;0.18
47450;Koke Vegas;0.0;0.0;0.0;0.64;0.08;0.02
47451;Coke;0.57;1.98;2.69;0.0;4.31;2.89
47452;E. Cabaco;0.08;0.52;2.01;0.0;4.41;0.45
47453;Toño;0.12;4.36;2.09;0.0;5.04;5.21
47454;Pedro López;0.08;2.43;2.71;0.0;5.16;3.2
47455;Antonio Luna;0.1;3.27;4.75;0.0;5.44;4.18
47457;Rúben Vezo;0.33;0.86;5.03;0.0;5.75;3.14
47458;Postigo;0.12;0.93;3.47;0.0;4.9;1.68
47459;Chema Rodríguez;0.15;0.5;1.83;0.0;2.72;0.51
47460;Róber Pier;0.15;0.62;4.02;0.0;4.2;3.06
47461;E. Bardhi;1.29;4.79;2.55;0.0;5.64;5.71
47462;C. Doukouré;0.1;0.47;2.05;0.0;3.33;1.29
47463;Pepelu;0.65;5.36;4.38;0.0;6.0;3.74
47464;Campaña;0.4;3.83;2.5;0.0;5.08;3.65
47465;Fran Manzanara;0.0;0.0;1.5;0.0;2.12;0.05
47467;José Luis Morales;1.54;2.36;0.92;0.0;4.05;3.73
47468;Rochina;0.93;4.62;2.78;0.0;5.55;6.18
47469;N. Vukčević;0.01;1.58;1.91;0.0;3.93;2.38
47470;R. Dwamena;0.3;2.12;0.12;0.0;3.26;1.59
47471;Roger;1.38;2.29;0.94;0.0;4.7;3.54
47472;Borja Mayoral;1.95;2.04;0.79;0.0;4.31;3.27
47473;Jason;0.4;4.53;2.53;0.0;4.97;3.03
47474;Jordi Masip;0.0;0.15;0.0;8.32;3.6;0.06
47475;Samu Pérez;0.0;0.0;0.0;0.58;0.0;0.0
47476;Yoel Rodríguez;0.0;0.1;0.0;2.35;0.43;0.01
47478;Fernando Calero;0.11;1.23;3.78;0.0;4.95;1.27
47479;Moi Delgado;0.0;1.17;1.58;0.0;1.8;0.96
47480;M. Salisu;0.17;0.46;4.84;0.0;6.42;4.69
47481;Nacho Martínez;0.17;4.43;5.32;0.0;5.94;3.61
47482;Javi Moyano;0.03;0.95;1.62;0.0;3.39;2.74
47483;Kiko Olivas;0.14;0.21;3.35;0.0;3.97;2.66
47484;Antoñito;0.15;2.7;3.59;0.0;5.05;3.29
47485;Rubén Alcaraz;0.85;2.74;4.89;0.0;7.01;4.55
47486;Borja Fernández Fernández;0.09;1.76;2.05;0.0;5.4;1.24
47487;Joaquín Fernández;0.35;0.35;4.33;0.0;5.87;1.48
47488;Keko Gontán;0.75;4.51;1.73;0.0;5.94;4.56
47489;Míchel Herrero;0.52;3.75;3.2;0.0;4.83;3.96
47490;Pablo Hervías;0.43;3.73;1.1;0.0;3.94;3.84
47491;Luismi;0.0;0.0;1.05;0.0;1.92;0.74
47492;Toni Villa;0.3;1.25;1.06;0.0;2.14;1.86
47493;D. Čop;1.41;2.68;1.09;0.0;4.24;1.38
47494;Miguel de la Fuente;0.56;0.79;0.51;0.0;3.1;1.67
47495;Sergi Guardiola;1.06;1.58;0.72;0.0;4.34;2.93
47496;Óscar Plano;0.88;2.87;3.34;0.0;6.14;4.24
47497;S. Plaza;0.0;0.0;0.0;0.0;0.56;0.15
47498;Waldo Rubio;0.8;1.85;1.12;0.0;3.39;3.2
47499;E. Ünal;1.61;2.76;0.87;0.0;5.55;3.2
47500;D. Verde;1.06;2.13;0.85;0.0;3.59;2.94
47501;Gorka Iraizoz Moreno;0.0;0.64;0.0;5.71;2.49;0.57
47504;Alcalá;0.26;0.35;4.25;0.0;5.15;2.09
47505;B. Espinosa;0.36;1.17;1.77;0.0;3.78;1.35
47506;Raúl Carnero;0.28;2.9;2.43;0.0;3.55;3.14
47508;Muniesa;0.11;1.05;7.44;0.0;6.89;4.51
47509;Carles Planas Antolínez;0.01;3.61;2.25;0.0;4.01;1.08
47510;Jonás Ramalho;0.06;0.71;1.4;0.0;2.8;1.27
47511;Juanpe;0.09;1.66;1.56;0.0;4.78;0.8
47513;Aday;0.75;6.41;1.65;0.0;5.12;4.33
47514;Valery;0.46;0.9;0.95;0.0;3.03;1.68
47515;Borja García;0.39;2.07;1.17;0.0;3.42;2.91
47516;Aleix García;0.75;8.42;3.5;0.0;5.19;3.76
47517;Álex Granell;0.45;9.54;2.94;0.0;6.63;6.13
47518;Pere Pons;0.42;1.6;2.65;0.0;5.12;2.9
47519;Pedro Porro;0.14;2.35;3.4;0.0;5.78;4.97
47520;Portu;0.71;1.91;0.91;0.0;3.33;1.35
47521;P. Roberts;0.47;1.64;0.79;0.0;4.52;5.37
47522;Douglas Luiz;0.25;1.32;2.74;0.0;5.39;5.34
47523;K. Soni;0.06;0.37;0.2;0.0;0.85;0.78
47524;Seydou Doumbia;1.38;0.62;0.26;0.0;3.57;4.48
47525;A. Lozano;1.53;2.03;0.9;0.0;5.74;3.39
47527;S. Dimitrievski;0.0;0.06;0.0;4.82;2.23;0.27
47528;Alberto García;0.0;0.68;0.0;7.36;2.27;0.06
47529;Miguel Ángel Morro;0.0;0.0;0.0;0.5;0.0;0.0
47530;Sergio Akieme;0.67;3.02;2.61;0.0;5.13;4.58
47531;Jordi Amat;0.06;1.97;4.64;0.0;5.87;5.51
47532;A. Ba;0.42;0.3;5.25;0.0;6.81;2.88
47533;Catena;0.43;2.24;3.68;0.0;5.82;2.33
47534;Alejandro Gálvez;0.41;1.6;2.7;0.0;4.06;1.19
47536;Martín Pascual;0.0;0.0;0.0;0.0;0.0;0.0
47537;Tito;0.06;3.1;3.56;0.0;5.36;1.9
47538;E. Velázquez;0.64;2.09;8.32;0.0;7.04;4.86
47539;U. Agbo;0.03;1.13;3.28;0.0;4.12;2.91
47540;Ángel Algobia;0.03;0.32;0.82;0.0;2.11;1.67
47541;Santi Comesaña;0.69;3.35;4.35;0.0;6.2;4.47
47542;Gorka Elustondo Urkola;0.17;2.23;1.65;0.0;2.56;0.75
47543;Álvaro García;1.61;5.63;2.69;0.0;4.4;2.41
47544;G. Imbula;0.49;5.77;0.92;0.0;6.55;8.96
47545;G. Kakuta;0.58;1.58;2.1;0.0;4.36;4.32
47546;Álvaro Medrán;1.14;2.98;2.18;0.0;4.27;3.86
47547;Álex Moreno;0.47;3.27;4.28;0.0;5.98;4.74
47548;Manu Navarro;0.0;0.0;0.0;0.0;0.0;0.0
47549;José Ángel Pozo;0.07;0.76;0.32;0.0;1.63;1.01
47550;Mario Suárez;0.29;0.86;1.24;0.0;3.12;1.92
47551;Raúl de Tomás;1.42;1.32;0.5;0.0;3.38;3.23
47552;F. Di Santo;0.0;0.32;0.22;0.0;2.7;0.75
47553;Bebé;0.53;1.21;0.3;0.0;2.73;2.85
47554;Adri Embarba;1.19;4.06;2.57;0.0;5.05;4.09
47555;Javier Guerra Rodríguez;0.96;3.04;0.51;0.0;4.52;2.48
47556;Sergio Moreno;0.05;0.0;0.0;0.0;0.04;0.01
47557;Ó. Trejo;0.36;2.97;1.09;0.0;3.89;3.25
47558;A. Jovanović;0.0;0.0;0.0;3.93;2.92;0.08
47559;Roberto Santamaría;0.0;0.72;0.0;5.34;2.67;0.08
47560;Javier Varas Herrera;0.0;1.22;0.0;4.24;5.22;2.66
47561;Carlos Akapo;0.2;0.89;5.44;0.0;6.13;3.73
47563;Luis Carlos Correia Pinto;0.1;1.97;2.35;0.0;4.18;2.7
47564;Adrián Diéguez;0.0;0.0;0.72;0.0;0.84;0.96
47565;Xabier Etxeita;0.27;1.08;3.17;0.0;4.82;0.83
47566;Javi Galán;0.05;2.18;2.17;0.0;3.86;3.03
47567;Martín Maximiliano Mantovani;0.76;1.62;3.64;0.0;6.63;1.98
47568;Miramón;0.18;2.9;4.21;0.0;5.65;4.81
47569;Jorge Pulido;0.46;2.12;5.18;0.0;6.19;2.92
47571;Juan Aguilera Núñez;0.18;1.76;1.12;0.0;2.57;1.05
47572;Juan José Camacho Barnola;0.36;1.17;0.15;0.0;0.86;0.81
47573;David Ferreiro;0.78;7.69;2.14;0.0;5.07;5.75
47574;Moi Gómez;0.5;2.58;1.54;0.0;4.29;3.32
47576;Melero;0.98;2.61;1.79;0.0;5.04;3.46
47577;D. Musto;0.15;1.3;5.66;0.0;6.37;1.27
47578;Christian Rivera;0.26;1.02;2.98;0.0;3.94;2.6
47579;E. Ávila;1.01;3.05;0.55;0.0;4.01;2.24
47580;Álex Gallar;1.3;4.78;1.44;0.0;4.4;3.7
47581;Enric Gallego;0.74;1.21;0.8;0.0;5.05;1.93
47582;C. Hernández;2.5;5.18;2.11;0.0;6.16;4.75
47988;C. Starfelt;0.2;2.23;4.3;0.0;5.8;0.95
48014;A. Ousou;0.0;0.0;2.25;0.0;3.57;1.05
48153;H. Goitom;0.0;0.91;0.15;0.0;0.98;0.1
48372;E. Cömert;0.28;0.09;2.18;0.0;2.73;1.03
48385;Z. Kuzmanović;0.0;4.49;0.42;0.0;2.39;1.33
48390;R. van Wolfswinkel;0.68;2.52;1.97;0.0;4.44;1.9
48418;A. Sadiku;0.36;0.39;0.68;0.0;2.58;1.15
48465;F. Ugrinic;0.0;4.25;1.64;0.0;4.77;3.55
48471;R. Vargas;1.45;5.08;1.43;0.0;5.02;3.66
48555;C. Pickel;0.28;0.3;1.44;0.0;3.98;2.9
48573;J. Rhyner;0.0;0.0;0.0;0.0;0.0;0.0
48589;A. Malle;0.49;1.06;2.73;0.0;5.11;4.02
48690;E. Abedini;0.0;0.0;0.0;0.0;0.0;0.0
49859;A. Turan;0.98;8.89;1.68;0.0;5.65;4.49
49905;T. Bifouma;0.18;0.78;0.6;0.0;2.93;1.11
50009;J. Jønsson;0.04;1.56;5.13;0.0;5.95;4.14
50026;C. Awaziem;0.0;0.75;4.15;0.0;5.64;3.38
50048;V. Muriqi;3.48;3.2;0.7;0.0;7.74;3.89
50085;Douglas Pereira;0.68;2.41;1.18;0.0;3.35;3.05
50131;Artem Kravets;1.59;3.08;0.23;0.0;4.35;2.49
50158;Alessio Cerci;0.0;0.05;0.0;0.0;0.26;0.25
50180;S. Gürler;0.28;2.3;0.58;0.0;4.16;3.44
50187;Nabil Ghilas;0.45;2.28;0.86;0.0;5.1;3.28
50228;S. Vergini;0.21;1.93;6.46;0.0;5.51;5.16
50502;Álvaro Negredo;1.0;1.84;0.36;0.0;4.68;2.83
50856;V. Castellanos;3.03;1.78;0.66;0.0;5.42;3.36
50907;N. Gaitán;0.7;4.5;0.48;0.0;3.98;2.75
50910;A. Katai;0.48;1.61;0.84;0.0;2.73;2.69
50940;Nani;2.02;9.45;1.08;0.0;6.72;5.34
50974;P. Tytoń;0.0;0.12;0.0;3.2;1.41;0.02
51012;Carles Gil;0.47;5.21;1.7;0.0;4.94;3.2
51014;W. Zahibo;0.0;0.71;0.98;0.0;1.19;0.05
51016;T. Buchanan;1.23;2.6;2.29;0.0;5.55;4.35
51046;C. Vela;1.46;7.09;0.46;0.0;6.47;6.42
51051;J. Araujo;0.28;2.4;3.72;0.0;5.91;4.0
51112;Víctor Rodríguez;0.3;2.21;1.05;0.0;3.87;1.9
51177;C. Espinoza;0.18;1.17;0.52;0.0;1.86;0.71
51241;T. Conechny;0.7;0.88;0.87;0.0;4.06;2.47
51251;Andreu Fontàs;0.22;4.84;2.84;0.0;4.83;1.16
51260;F. Gutiérrez;0.51;6.11;1.66;0.0;6.05;3.65
51294;A. Bangoura;0.56;3.58;2.53;0.0;5.53;5.03
51449;G. Álvarez;0.33;0.65;3.4;0.0;4.6;2.19
51530;F. Viñas;1.69;3.44;2.96;0.0;7.29;6.52
51564;M. Angeleri;0.0;1.83;6.29;0.0;5.12;1.35
51570;Álvaro Daniel Pereira Barragán;0.0;1.6;4.72;0.0;3.26;0.05
51576;G. Castro;1.15;7.39;2.3;0.0;6.29;5.85
51588;B. Ocampo;0.35;1.79;0.89;0.0;4.49;4.08
51616;G. Fernández;0.45;0.91;0.15;0.0;3.99;3.2
51756;M. Arezo;0.52;1.14;0.88;0.0;3.46;1.2
53490;Víctor Guillermo Álvarez Delgado;0.16;1.21;3.13;0.0;4.03;1.97
53495;B. Koné;0.0;1.63;1.65;0.0;3.53;1.45
53517;D. Hadžikadunić;0.11;0.0;1.45;0.0;4.57;0.06
53625;V. Haroyan;0.42;0.92;4.72;0.0;5.96;2.44
53659;Miguel Cardoso;0.0;1.64;0.3;0.0;0.72;0.35
53702;Bojan Jokić;0.0;0.0;1.28;0.0;1.01;0.4
55393;Elderson Echiejile;0.54;0.25;0.6;0.0;1.31;0.55
56131;A. Özbiliz;0.0;1.79;0.22;0.0;1.09;0.48
56283;Lucas Rosa;0.19;2.3;5.11;0.0;6.03;3.45
56473;M. Gabbia;0.0;0.39;2.7;0.0;4.24;0.15
57446;A. Adams;2.27;1.05;0.25;0.0;3.32;2.15
59927;Álex Barrera;0.18;0.0;0.6;0.0;1.8;0.0
59937;N. Fedor;3.11;5.97;2.39;0.0;5.65;2.45
61142;D. Greif;0.0;0.0;0.0;7.18;1.79;0.72
61160;D. Dražić;0.0;0.0;0.0;0.0;1.35;1.07
61774;O. Óskarsson;0.91;0.55;0.47;0.0;2.67;0.89
62032;L. Madinda;0.0;0.0;0.0;0.0;0.03;0.0
63542;M. Hongla;0.09;0.25;2.57;0.0;3.46;1.9
63550;K. Yoda;0.1;1.95;3.87;0.0;6.39;8.13
64256;A. Pelmard;0.0;0.39;1.12;0.0;3.74;1.2
64268;J. Mojica;0.09;2.34;1.8;0.0;3.18;2.11
64309;Manu Sánchez;0.23;2.2;3.37;0.0;4.01;2.15
64310;S. Moore;0.36;1.17;3.15;0.0;2.61;1.1
66407;L. Krejčí;0.2;2.34;1.61;0.0;2.74;1.31
66491;J. Letáček;0.0;0.0;0.0;0.5;0.0;0.0
66761;M. Osmajić;0.0;0.26;0.1;0.0;1.49;0.61
67939;Aimar Oroz;0.6;4.7;2.2;0.0;5.67;4.86
67940;José Gragera;0.18;0.26;4.55;0.0;5.79;0.37
67955;Carles Pérez;0.85;1.78;1.27;0.0;3.19;2.79
67972;C. Gallagher;0.7;1.26;2.56;0.0;4.63;2.33
68193;M. García;0.66;2.05;2.29;0.0;5.48;5.81
68202;Bruno Gama;0.24;1.92;1.49;0.0;3.75;2.65
68483;B. Yıldırım;0.74;1.6;0.65;0.0;6.35;3.22
70078;F. Pellistri;0.76;3.21;2.35;0.0;5.59;4.35
70132;Gaizka Toquero Pinedo;0.55;3.55;0.52;0.0;5.8;3.08
70315;Kirian Rodríguez;0.97;7.31;3.24;0.0;5.59;4.81
70339;S. Weissman;0.64;0.69;0.35;0.0;2.24;1.4
70476;M. Diarra;0.0;0.37;1.68;0.0;3.15;1.54
70495;Francisco Manuel Rico Castro;0.84;4.06;1.69;0.0;3.89;1.58
70500;Sergi Cardona;0.27;4.04;3.6;0.0;4.23;1.88
70546;Fernando Gabriel Amorebieta Mardaras;0.13;2.18;3.42;0.0;6.41;3.72
70752;A. Alcáraz;0.54;0.78;6.0;0.0;4.34;1.43
70775;R. Santa Cruz;0.64;1.99;0.62;0.0;4.14;0.24
72048;C. Özkacar;0.05;0.25;2.65;0.0;4.23;1.1
75414;N. Fernández Mercau;0.12;1.91;1.35;0.0;3.84;1.5
77168;Álvaro Cejudo Carmona;0.63;4.96;2.72;0.0;6.05;4.27
77184;Asdrúbal;0.0;0.39;0.0;0.0;0.56;0.5
77623;Y. Diarra;0.0;0.78;0.75;0.0;0.98;0.0
78370;H. Westermann;0.54;1.82;8.06;0.0;7.09;4.12
78739;Joan Verdú Fernández;0.55;9.53;2.54;0.0;4.76;3.18
80166;Thiago Galhardo;1.16;1.93;0.85;0.0;4.7;2.52
80957;B. Ideye;0.69;1.2;0.23;0.0;5.19;2.88
82030;Juan Rafael Fuentes Hernández;0.0;0.0;0.0;0.0;0.0;0.0
83132;Jesús Gámez Duarte;0.0;0.0;0.0;0.0;0.0;0.0
84086;Robert Navarro;0.72;2.5;1.84;0.0;3.9;3.82
85703;T. Carrique;0.0;0.0;0.0;0.0;0.0;0.0
86511;F. Poulolo;0.0;0.0;0.0;0.0;0.03;0.0
87220;M. Ciani;0.0;0.25;0.62;0.0;0.48;0.02
88774;N. Karabelas;0.0;0.06;0.52;0.0;0.37;0.0
89980;Manuel Fernández Muñíz;0.0;0.0;0.0;4.0;0.0;0.0
90498;E. Mangala;0.07;0.05;2.64;0.0;4.01;1.31
90521;Álvaro Arbeloa Coca;0.0;0.0;0.0;0.0;0.0;0.0
90646;Pablo Insua;0.09;0.26;4.88;0.0;6.08;2.25
90710;Jordi Figueras;0.0;0.53;2.17;0.0;1.53;0.45
91225;P. Kone;0.0;0.21;0.15;0.0;0.58;0.0
91429;G. Rossi;2.37;5.08;0.62;0.0;4.4;4.02
91451;Alberto Aquilani;0.0;0.0;0.0;0.0;0.0;0.0
91701;David Barral;0.37;2.57;0.86;0.0;3.84;1.03
91745;Alemão;1.11;1.2;0.75;0.0;4.43;2.68
95590;M. Iturra;0.03;1.89;1.69;0.0;3.57;2.07
96476;Andorinha;0.0;0.0;0.0;0.5;0.0;0.0
101283;Juan Manuel Vargas Risco;0.36;0.0;0.0;0.0;0.0;0.0
101814;R. Araújo;0.82;3.03;2.91;0.0;5.75;1.68
104131;F. Kadir;0.18;3.12;2.18;0.0;3.87;2.15
104792;Chris Ramos;1.32;1.27;1.48;0.0;7.04;2.79
104793;A. Ndiaye;0.36;1.44;1.27;0.0;4.1;3.08
104794;Xabier Prieto Argarate;0.5;0.0;0.0;0.0;0.0;0.0
104795;Mujaid Sadick;0.0;0.0;1.05;0.0;0.68;0.0
104796;Fernando Navarro i Corbacho;0.0;0.0;0.0;0.0;0.0;0.0
104797;Erik Expósito;0.5;1.08;0.18;0.0;3.09;1.89
104798;Alberto Redondo;0.0;0.0;0.75;0.0;0.64;0.0
104799;Sergio Mora;0.0;2.8;1.12;0.0;3.93;0.12
104800;David Alba;0.0;0.0;0.04;0.0;0.08;0.0
104801;M. Ndockyt;0.0;0.0;0.38;0.0;2.13;1.48
104802;Pedro López;0.0;0.0;0.0;1.57;0.0;0.0
104803;Jaime Sierra;0.0;0.0;0.3;0.0;0.26;0.0
104804;Dani Rebollo;0.0;0.0;0.0;0.5;0.0;0.0
104805;Julio Gracia;0.0;0.0;0.15;0.0;0.09;0.0
104806;Dani Molina;0.0;0.0;0.0;0.0;0.0;0.0
104807;Alberto López;0.0;0.0;0.45;0.0;0.28;0.05
104808;Enric Saborit;0.26;1.09;5.19;0.0;5.71;2.1
104809;Raúl Albentosa;0.45;2.6;3.59;0.0;5.7;2.36
104810;Eloi Amagat;0.0;0.8;0.0;0.0;0.03;0.0
104811;Carlos Calderón;0.0;0.0;0.15;0.0;0.18;0.0
104812;Víctor López;0.0;1.0;0.45;0.0;0.31;0.0
104814;Imanol Agirretxe Arruti;0.96;0.0;0.0;0.0;0.0;0.0
104816;Sergio Arribas;0.0;0.0;0.45;0.0;0.29;0.0
104820;Imanol Sarriegi;0.0;0.0;0.38;0.0;0.57;0.0
104821;Jon Guridi;0.51;1.48;1.74;0.0;4.3;2.43
104823;Mozo;0.0;0.17;0.0;0.0;0.61;0.3
104825;Kike Sola;0.0;0.2;0.0;0.0;1.72;0.3
104826;Chuca;0.0;0.39;0.38;0.0;1.17;1.0
104827;Mario González;0.0;0.23;0.0;0.0;0.45;0.02
104828;Diego Alende;0.0;0.09;0.45;0.0;0.16;0.0
104832;Diego Pampín;0.0;0.33;1.16;0.0;2.14;1.67
104835;Darío Poveda;0.3;0.4;0.21;0.0;1.71;1.28
104836;Adrián López;0.0;0.0;0.0;0.7;0.0;0.0
104838;Sérgio Paulo Barbosa Valente;0.19;0.0;0.0;0.0;0.0;0.0
104839;Tiago Cardoso Mendes;0.28;0.0;0.0;0.0;0.0;0.0
104841;Josep Señé;0.23;1.5;0.69;0.0;3.39;2.24
104842;Mario Fernández;0.0;0.0;0.0;6.3;1.62;0.0
104843;Aitor Buñuel;0.0;2.86;5.65;0.0;5.46;3.83
104845;Jean Carlos;0.0;0.0;0.15;0.0;0.16;0.0
104846;Diego Barrios;0.0;0.0;0.0;0.38;0.15;0.0
104848;Javier Flaño Bezunartea;0.0;0.68;0.6;0.0;1.75;0.05
104849;O. Atzili;0.0;1.95;0.9;0.0;3.37;1.63
104851;Guilherme Siqueira;0.0;1.84;0.44;0.0;2.86;1.31
104853;Asier Villalibre;0.51;0.85;0.15;0.0;2.89;1.18
104854;Tano Bonnín;0.0;2.69;2.86;0.0;5.36;1.2
104855;Óscar Pinchi;0.0;0.0;0.0;0.0;0.0;0.0
104856;Rubén Sánchez;0.0;0.0;0.0;0.0;0.77;0.05
104858;Antonio Otegui;0.0;0.0;0.15;0.0;0.57;0.05
104861;D. Digard;0.05;1.05;0.93;0.0;2.04;0.58
104863;Weligton;0.0;1.14;3.57;0.0;3.3;1.22
104865;S. Gassama;0.0;0.39;0.0;0.0;0.29;0.0
104904;Antonio Amaya Carazo;0.42;1.78;3.13;0.0;5.99;3.23
104905;Manucho Gonçalves;1.22;2.38;0.94;0.0;5.74;0.85
104925;Tropi;0.0;0.18;0.0;0.0;0.03;0.0
104932;Curro Sánchez;0.18;0.89;0.27;0.0;0.6;0.13
104941;Monchu;0.57;2.31;2.88;0.0;5.14;3.54
104949;Pablo Martínez;0.53;3.71;2.78;0.0;3.7;2.65
104972;Nauzet Alemán;0.0;4.34;1.05;0.0;2.32;1.25
104975;David Navarro Pedrós;0.0;0.0;0.0;0.0;0.0;0.0
104980;Roberto Trashorras Gayoso;0.3;0.0;0.0;0.0;0.0;0.0
104986;Kike Hermoso;0.54;0.23;0.45;0.0;0.73;0.25
104994;Eneko Capilla;0.18;0.0;0.0;0.0;0.15;0.25
105032;Juan Antonio Rodríguez Villamuela;0.0;0.0;0.0;0.0;0.0;0.0
105035;Jon Ansotegi Gorostola;0.0;0.0;0.0;0.0;0.0;0.0
105045;Rubén Gracia Calmache;0.0;0.0;0.0;0.0;0.0;0.0
105049;Xumetra;0.42;1.4;0.4;0.0;3.48;1.56
105057;Răzvan Dincă Raț;0.0;0.0;0.0;0.0;0.0;0.0
105084;Xabi Irureta;0.0;0.0;0.0;1.58;0.46;0.0
105108;Alberto Lopo García;0.0;0.0;0.0;0.0;0.0;0.0
105111;Antonio Rodríguez Martínez;0.0;0.0;0.0;5.0;0.0;0.0
105235;Arthur Boka;0.0;0.0;0.0;0.0;0.0;0.0
105583;Roberto Lago Soto;0.0;0.0;0.0;0.0;0.0;0.0
106727;Oriol Rey;0.13;0.56;2.38;0.0;3.92;1.18
106746;K. Fobi;0.0;0.0;0.15;0.0;0.16;0.05
107138;Unai Etxebarría;0.0;0.0;0.0;0.5;0.0;0.0
107140;Oier Luengo;0.0;1.04;1.42;0.0;1.38;0.05
107148;Ignasi Vilarrasa;0.0;0.0;0.0;0.0;0.0;0.0
107153;Kike Pérez;0.52;1.92;2.12;0.0;4.16;2.72
107158;Sergio Bermejo;0.0;0.0;0.0;0.0;0.15;0.25
107160;Gonzalo Pereira;0.0;0.0;0.15;0.0;0.15;0.0
107170;Claudio Medina;0.0;0.0;0.0;0.0;0.0;0.0
107187;J. Peñaloza;0.0;0.0;0.0;0.0;0.0;0.0
107194;Antonio Sánchez;0.3;1.08;1.96;0.0;4.0;3.29
107205;Sergio Benito;0.0;0.0;0.0;0.0;0.0;0.0
107207;Mario Hernández;0.22;0.48;1.17;0.0;2.06;0.64
107217;Xeber Alkain;0.0;2.34;0.97;0.0;2.8;1.95
108519;Mateu Morey;0.35;0.72;2.14;0.0;4.25;3.05
108561;David Goldar;0.0;0.0;0.98;0.0;0.52;0.1
109564;B. Miovski;0.2;0.3;0.19;0.0;1.46;0.67
113586;B. Adekanye;0.0;0.0;0.0;0.0;0.35;0.45
113711;B. Trémoulinas;0.37;5.6;4.59;0.0;5.62;2.22
114785;Javier Garrido Behovide;0.1;4.23;4.25;0.0;5.0;1.19
114799;Rafael van der Vaart;0.0;0.0;0.0;0.0;0.0;0.0
115979;Stipe Pletikosa;0.0;0.0;0.0;1.0;0.0;0.0
116438;Carlos Marín;0.0;0.0;0.0;0.7;0.0;0.0
116817;Mikel Arruabarrena Aranbide;0.54;1.73;0.0;0.0;1.41;0.1
116818;Ángel Lafita Castillo;0.77;0.0;0.0;0.0;0.0;0.0
116819;Juan Francisco García García;0.0;0.0;0.0;0.0;0.0;0.0
116820;Hugo Fraile Martín;0.0;0.78;0.15;0.0;0.64;0.05
116821;Juan Carlos Valerón Santana;0.0;0.0;0.0;0.0;0.0;0.0
116822;Manuel Pablo García Díaz;0.0;0.0;0.0;0.0;0.0;0.0
116823;Carlos Gurpegi Nausia;0.0;0.0;0.0;0.0;0.0;0.0
116827;Néstor Díaz;0.0;0.0;0.0;0.5;0.0;0.0
116828;Diego Mainz García;0.0;0.0;0.0;0.0;0.0;0.0
116832;Iñigo Barrenetxea;0.0;0.39;0.15;0.0;0.43;0.0
116836;Ángel Domingo López Ruano;0.0;0.0;0.0;0.0;0.0;0.0
116837;Imanol Corral Matellán;0.0;0.0;0.0;0.0;0.0;0.0
116840;Ander Gayoso Reina;0.0;0.0;0.0;0.0;0.15;0.05
116909;Marc Martínez;0.0;0.0;0.0;0.45;0.03;0.0
119213;Alfon González;1.52;2.64;0.4;0.0;3.42;2.86
119218;Joan Rojas;0.0;0.0;0.0;0.0;0.0;0.0
119220;Álex Martín;0.0;0.0;0.45;0.0;0.67;0.0
119223;Mourad;0.0;0.33;0.51;0.0;0.83;0.04
119225;Eliseo Falcón;0.0;0.0;0.0;0.0;0.36;0.47
119232;Dani Gómez;0.93;0.79;0.51;0.0;3.37;2.2
119235;Pedro Ortiz;0.03;0.07;0.0;0.0;0.01;0.0
119740;S. One;0.0;0.0;0.15;0.0;0.26;0.0
119742;Juan Iglesias;0.34;1.95;4.86;0.0;6.3;3.74
119762;K. Piątkowski;0.36;0.78;4.58;0.0;5.24;1.2
119795;G. Kochorashvili;0.0;0.12;0.05;0.0;0.31;0.05
122128;Xesc Regis;0.0;0.0;0.15;0.0;0.15;0.0
122230;Manu Fuster;0.71;4.13;1.34;0.0;4.77;2.51
122231;Juan Hernández;0.0;0.78;0.15;0.0;0.99;1.45
122233;Marcos André;0.55;1.91;0.75;0.0;5.57;4.15
122468;Saúl Coco;0.33;1.89;2.91;0.0;5.91;2.14
122469;Josete Miranda;0.0;0.0;0.0;0.0;1.07;0.1
122471;Jesús Owono;0.0;0.0;0.0;6.39;2.08;0.53
122567;Kuki;0.0;1.04;0.15;0.0;0.43;0.0
122657;R. Nteka;0.57;1.43;1.33;0.0;4.71;2.74
122734;Ferran Jutglà;1.76;2.55;0.63;0.0;3.92;2.11
122737;S. Chakla;0.13;0.28;1.79;0.0;3.02;0.54
122756;Sergio Ruiz;0.05;2.08;4.78;0.0;6.99;5.0
122804;Adrián Guerrero;0.0;0.0;0.52;0.0;0.68;0.33
122850;Juan José Garrancho Méndez;0.0;0.0;0.0;0.5;0.0;0.0
122888;Lluís Andreu;0.0;0.0;0.0;0.5;0.0;0.0
122918;Dani Plomer;0.0;0.0;0.0;0.0;0.12;0.0
122956;Diego Conde;0.0;0.1;0.0;1.78;0.61;0.0
123047;Sergio González;0.45;0.54;4.42;0.0;5.55;3.0
125026;Sergi García;0.0;0.0;0.15;0.0;0.26;0.0
125239;K. Arriaga;0.6;1.21;4.1;0.0;6.08;2.28
125331;F. Gattoni;0.0;0.0;0.05;0.0;0.18;0.0
125386;J. Flere;0.0;0.0;0.0;0.62;0.0;0.0
125408;A. Țîrlea;0.0;0.0;0.0;0.0;0.28;0.45
125675;B. Fiabema;0.0;0.0;0.0;0.0;0.0;0.0
126640;D. Affengruber;0.09;3.39;6.38;0.0;6.62;3.88
126901;Bruno Langa;0.48;1.82;2.45;0.0;5.54;5.09
126936;Samuel Lino;1.6;3.89;2.77;0.0;6.02;5.27
127374;Alfredo Pedraza;0.0;0.0;0.0;0.0;0.0;0.0
127377;B. Garay;0.0;0.0;0.0;0.0;0.0;0.0
127426;Pol Lozano;0.25;1.98;2.51;0.0;3.76;1.07
128365;Gaizka Larrazabal;0.18;0.39;0.3;0.0;3.35;1.45
128398;Oihan Sancet;1.64;4.16;1.11;0.0;4.97;4.36
128478;W. Cheddira;0.32;0.88;0.2;0.0;3.89;1.57
128581;Nico Melamed;0.61;2.58;0.96;0.0;4.4;4.06
128582;Jorge de Frutos;1.68;3.62;1.85;0.0;5.0;3.73
128951;Víctor Parada;0.07;1.64;1.23;0.0;3.51;2.02
128985;Iker Losada;0.58;1.0;0.55;0.0;1.61;1.19
129055;Cristo;0.0;0.39;0.0;0.0;0.12;0.0
129656;César Moreno;0.0;0.0;0.0;0.0;0.0;0.0
129657;Enric Franquesa;0.34;0.67;2.37;0.0;5.16;3.87
129678;A. Ounahi;2.34;5.72;3.0;0.0;7.82;9.15
129718;J. Bellingham;2.99;9.4;4.24;0.0;7.32;6.22
129728;J. Holsgrove;0.0;0.39;1.2;0.0;2.0;0.73
129791;Fábio Silva;3.3;3.41;0.84;0.0;6.65;4.54
129880;S. Ramos;0.0;0.0;0.0;0.0;0.0;0.0
129967;Lucas de Vega;0.0;0.0;0.0;0.0;0.0;0.0
131294;Y. Demir;0.0;0.0;0.75;0.0;2.46;2.24
131492;Aritz Arambarri;0.0;0.0;0.75;0.0;0.81;0.0
131532;J. Brunet;0.0;0.0;0.0;0.0;0.43;0.0
131535;Álex Suárez;0.31;1.2;3.66;0.0;5.63;2.03
131538;Son;0.5;2.5;2.35;0.0;4.78;3.98
131546;Isi Palazón;1.51;5.63;1.78;0.0;6.11;4.95
131548;Lucas Ahijado;0.33;2.36;6.95;0.0;6.88;4.23
131551;Miguel San Román;0.0;0.0;0.0;0.5;0.0;0.0
133110;T. Nianzou;0.03;0.57;1.53;0.0;4.72;1.86
133185;J. Cardoso;0.47;1.53;5.38;0.0;5.91;3.72
133453;Borja Sainz;0.54;0.83;1.13;0.0;3.69;2.98
133609;Pedri;1.26;9.28;3.47;0.0;6.17;6.03
134838;Gorka Zabarte Moreno;0.0;0.0;0.0;0.0;0.0;0.0
135148;P. Sequeira;0.0;0.0;0.0;0.5;0.0;0.0
135151;Álex Robles;0.0;0.09;0.6;0.0;0.51;0.05
135334;S. Bueno;0.07;1.28;2.04;0.0;2.81;0.95
135775;Ansu Fati;1.11;1.19;0.53;0.0;2.93;2.35
135831;Luis Castillo Grau;0.0;0.0;0.0;0.5;0.0;0.0
136117;Rodrigo Riquelme;0.71;3.82;1.18;0.0;4.06;2.8
138776;L. Ramazani;1.1;2.23;1.05;0.0;4.09;4.2
138809;Arnau Puigmal;0.27;1.21;1.15;0.0;3.55;2.1
139001;Pablo Ibáñez;0.54;1.53;2.04;0.0;5.04;3.62
140834;A. Mahmoud;0.0;0.23;0.79;0.0;1.11;0.54
144261;Carlos García-Die;0.0;1.0;0.0;0.0;0.26;0.25
144734;Zoubdi;0.0;0.0;0.0;0.0;0.03;0.0
146750;Ismael Gutiérrez;0.0;0.0;0.0;0.0;0.0;0.0
146751;Raúl García;1.12;0.72;0.78;0.0;4.01;2.5
147797;Antoñín Cortés;0.3;0.32;0.0;0.0;1.12;0.87
152843;Aritz;0.0;0.0;0.0;0.5;0.0;0.0
152955;L. Bergström;0.0;0.0;0.0;2.51;1.77;0.0
153290;Víctor Gómez;0.0;0.78;0.9;0.0;1.65;0.99
153308;Diego Altube;0.0;0.0;0.0;0.7;0.0;0.0
156488;Dani Cárdenas;0.0;0.02;0.0;4.83;0.72;0.01
156514;Nacho Pastor;0.0;0.0;0.0;0.0;0.0;0.0
157146;L. Pétrot;0.0;0.43;2.38;0.0;4.82;1.53
157194;Pejiño;0.52;0.85;0.58;0.0;1.83;1.57
157988;Sergio Carreira;0.43;2.1;2.44;0.0;4.1;3.22
158378;E. Barrenechea;0.3;2.38;4.5;0.0;6.64;3.38
161670;V. Vanat;2.7;1.73;0.33;0.0;3.98;3.25
161842;Alejandro Agustín;0.0;0.0;0.0;0.0;0.0;0.0
161873;Pedro Alemañ;0.0;0.0;0.0;0.0;0.0;0.0
161875;Hugo González;0.0;0.63;0.08;0.0;0.59;0.03
161877;Pablo Gozálbez;0.0;0.0;0.1;0.0;1.25;0.03
161879;K. Koindredi;0.0;0.25;0.39;0.0;1.33;0.67
161894;N. Ünüvar;0.0;0.39;0.3;0.0;0.57;0.05
161928;Alejandro Balde;0.13;3.48;2.2;0.0;5.48;4.75
161929;K. de La Fuente;0.0;0.0;0.0;0.0;0.0;0.0
161931;Arnau Solà;0.0;0.0;0.14;0.0;0.08;0.0
161933;Nico González;0.39;2.07;2.73;0.0;5.59;6.26
161962;Nacho Quintana;0.0;0.0;0.0;0.0;0.0;0.0
161963;Germán Valera;0.55;1.86;1.44;0.0;2.97;2.22
161964;Marc Tenas;0.0;0.39;0.0;0.0;0.89;0.5
161965;Mario Soriano;0.0;0.0;0.0;0.0;0.0;0.0
162012;M. Ruggeri;0.26;3.06;3.43;0.0;4.88;0.96
162026;Marvin Park;0.06;1.44;2.49;0.0;4.44;2.07
162028;Juanmi Latasa;0.63;0.97;0.34;0.0;2.79;1.38
162030;Jordi Martín;0.42;2.1;2.94;0.0;4.97;2.95
162032;Miguel Gutiérrez;0.47;4.2;2.2;0.0;4.15;3.67
162033;Sergio Arribas;1.07;2.93;1.21;0.0;3.24;2.16
162034;Carlos Dotor;0.0;0.13;0.99;0.0;2.48;1.65
162053;N. Iosifov;0.0;0.0;0.0;0.0;0.15;0.25
162058;Víctor Chust;0.08;1.53;3.56;0.0;4.96;1.72
162106;Y. Musah;0.2;1.66;2.06;0.0;5.63;4.83
162108;Guillem Molina;0.0;0.0;0.82;0.0;1.28;0.95
162122;Adrià Alti;0.11;0.6;1.24;0.0;2.21;1.67
162123;I. Moriba;0.34;1.88;2.87;0.0;5.13;2.87
162126;Peque Fernández;0.68;2.48;0.76;0.0;5.15;3.84
162127;Diego López;1.2;3.3;1.51;0.0;4.53;2.85
162135;Iker Recio;0.0;0.0;0.0;0.0;0.0;0.0
162138;Marco Moreno;0.0;0.0;0.0;0.0;0.0;0.0
162167;Álvaro Sanz;0.0;0.39;0.0;0.0;0.26;0.05
162170;Hugo Novoa;0.0;0.31;0.54;0.0;2.96;1.49
162175;Jesús Vázquez;0.17;1.03;1.69;0.0;4.42;3.57
162212;Miguel Baeza;0.09;0.36;0.15;0.0;0.81;0.28
162434;Alejandro Francés;0.26;0.94;2.32;0.0;5.11;2.78
162449;Charlie Pérez;0.0;0.0;0.0;0.5;0.0;0.0
162473;Arnau Tenas;0.0;0.0;0.0;1.34;0.18;0.0
162474;Jandro Orellana;0.0;0.0;0.0;0.0;0.0;0.0
162475;Mika Màrmol;0.0;2.56;4.54;0.0;4.91;2.64
162495;Fernando Medrano;0.0;0.0;0.26;0.0;0.16;0.0
162529;Luis López;0.0;0.0;0.0;0.68;0.0;0.0
162530;Sergio Santos;0.0;0.23;0.0;0.0;0.0;0.0
162531;Xavi Sintes;0.0;0.0;0.0;0.0;0.0;0.0
162533;Toni Fuidias;0.0;0.0;0.0;0.73;0.0;0.0
162545;Manu Lama;0.0;0.0;0.0;0.0;0.0;0.0
162546;Óscar Castro;0.0;0.0;0.0;0.0;0.0;0.0
162547;T. Zidane;0.0;0.0;0.0;0.0;0.0;0.0
162559;Joseda;0.0;0.0;0.0;0.0;0.0;0.0
162585;Pol Tristán;0.0;0.0;0.0;0.5;0.0;0.0
162587;Miki Bosch;0.0;0.0;0.15;0.0;0.16;0.0
162603;Carlos Rojas;0.0;0.0;0.0;0.0;0.0;0.0
162605;Javi Domínguez;0.0;0.0;0.0;0.0;0.0;0.0
162686;Antonio Blanco;0.36;2.34;4.14;0.0;4.54;3.33
162695;Arnau Comas;0.0;0.0;0.0;0.0;0.0;0.0
162712;Óscar Mingueza;0.55;4.55;2.85;0.0;5.04;3.73
162719;Moha;0.0;0.0;0.0;0.0;0.0;0.0
162722;Sergio López;0.0;0.0;0.0;0.0;0.0;0.0
162889;Ricard Sánchez;0.45;1.94;1.46;0.0;3.75;2.92
162891;J. Sanabria;0.0;0.0;0.0;0.0;0.0;0.0
162928;Sergio Bono;0.0;0.0;0.0;0.0;0.0;0.0
162931;Fran Pérez;0.25;1.67;1.07;0.0;3.85;3.26
162944;Duk;0.18;1.95;1.27;0.0;5.44;4.76
162952;Mario Gila;0.0;0.0;0.3;0.0;0.44;0.35
162992;Vicente Esquerdo;0.0;0.46;1.52;0.0;1.18;0.49
163013;Iker Bachiller;0.0;0.0;0.0;0.0;0.0;0.0
163060;A. Giménez;0.0;0.0;0.0;0.81;0.29;0.07
163198;Emilio Bernad;0.0;0.0;0.0;0.5;0.0;0.0
163208;Carles Soler;0.0;0.0;0.0;0.0;0.0;0.0
163241;Óscar Clemente;0.0;0.0;0.0;0.0;0.0;0.0
163245;Martín Calderón;0.0;0.39;0.38;0.0;2.32;0.8
163436;K. Saverio;0.0;0.0;0.0;0.0;0.0;0.0
163447;José Lara;0.0;0.0;0.0;0.0;0.02;0.04
163453;Valentino Fattore;0.0;0.0;0.0;0.0;0.03;0.0
163466;L. Carević;0.0;0.0;0.0;0.5;0.0;0.0
163630;Alfonso Pastor;0.0;0.0;0.0;0.5;0.0;0.0
169256;Iker Álvarez;0.0;0.0;0.0;0.5;0.0;0.0
169295;K. Hein;0.0;0.0;0.0;2.97;4.04;0.03
170541;Miquel Llabrés;0.0;0.0;0.0;0.0;0.0;0.0
174918;L. Badé;0.3;2.27;4.86;0.0;6.49;4.07
177587;M. Herzig;0.0;0.0;0.0;0.5;0.0;0.0
178932;Jon Mikel;0.0;0.0;0.0;0.5;0.0;0.0
179070;Marc Baró;0.18;0.78;0.6;0.0;0.57;0.4
179139;Leo Román;0.0;0.0;0.0;4.88;1.53;0.33
179153;Javi Martón;0.0;0.0;0.0;0.0;0.35;0.0
179955;Javi Rueda;0.6;1.68;1.69;0.0;2.99;2.48
179996;Fran Vieites;0.08;0.0;0.0;1.85;0.8;0.05
180239;Iñaki Álvarez;0.0;0.0;0.0;0.5;0.0;0.0
180241;Manu Nieto;0.0;0.39;0.15;0.0;0.46;0.0
180496;G. Mikautadze;3.0;3.9;0.5;0.0;4.65;4.05
180560;H. Mejbri;0.0;0.92;0.18;0.0;2.91;2.38
180927;Z. Romero;0.0;0.0;0.9;0.0;0.43;0.0
181210;Nil Torreguitart;0.0;0.0;0.0;0.5;0.0;0.0
181218;Álex Sala;0.0;0.0;0.0;0.0;0.0;0.0
181259;Abel Bretones;0.47;1.91;3.83;0.0;5.91;4.21
181421;A. Ezzalzouli;1.47;3.01;1.9;0.0;4.83;4.4
181463;Víctor Meseguer;0.0;0.28;1.34;0.0;4.21;0.89
181474;Alberto del Moral;0.0;0.0;0.0;0.0;0.0;0.0
181582;Copete;0.08;1.23;3.86;0.0;5.56;3.41
181701;Gerard Martín;0.08;3.56;2.48;0.0;5.27;2.17
181724;C. Sarr;0.0;0.0;0.0;0.5;0.0;0.0
181734;Pep Chavarría;0.22;2.64;3.21;0.0;5.34;3.12
181852;Mario Rodríguez;0.0;0.0;0.0;0.0;0.26;0.1
181866;Sergio Cubero;0.0;0.0;0.0;0.0;0.0;0.0
181867;Miguel Atienza;0.0;0.76;2.42;0.0;3.74;0.58
182150;Sergio Lozano;0.0;0.0;0.26;0.0;0.25;0.0
182164;Pepe Sánchez;0.0;0.32;0.62;0.0;0.56;0.02
182165;Antonio Aranda;0.0;0.0;0.0;0.0;0.0;0.0
182166;Isma Ruiz;0.11;0.46;0.72;0.0;1.78;1.07
182167;Adrián Butzke;0.0;0.0;0.0;0.0;0.0;0.0
182181;Jesús Areso;0.04;3.65;2.5;0.0;5.04;3.75
182219;Álex Baena;1.48;7.63;1.92;0.0;4.88;3.69
182480;L. de León;0.0;0.0;0.0;0.0;0.09;0.0
182486;Alberto Reina;0.81;2.14;2.21;0.0;5.26;4.35
182490;Jacobo González;0.0;0.0;0.38;0.0;0.78;0.4
182492;Álvaro García;0.0;0.0;0.0;0.0;0.0;0.0
182495;Álvaro Bravo;0.0;0.0;0.3;0.0;0.28;0.0
182501;José Fontán;0.16;0.46;2.47;0.0;3.3;2.01
182504;Gabri Veiga;0.7;1.17;1.13;0.0;2.42;2.07
182519;Alberto Moleiro;2.12;4.79;1.54;0.0;4.99;5.36
182528;Álvaro Fernández;0.0;0.0;0.0;0.5;0.0;0.0
182538;Iago Domínguez;0.0;0.0;0.0;0.5;0.0;0.0
182546;Jon Pacheco;0.03;0.82;2.07;0.0;3.58;1.13
182547;J. Blasco;0.0;0.0;0.0;0.0;0.0;0.0
182556;Alan Godoy;0.0;0.0;0.0;0.0;0.0;0.0
182560;Oier Zarraga;0.22;0.95;1.04;0.0;3.13;2.26
182563;Jon Morcillo;0.16;1.86;0.56;0.0;2.79;2.06
182588;Juan Artola;0.0;0.0;0.0;0.0;0.0;0.0
182589;Julen Bernaola;0.0;0.0;0.0;0.0;0.0;0.0
182592;Jorge Herrando;0.14;0.41;3.03;0.0;4.6;1.66
182602;Julen Lobete;0.49;0.18;0.41;0.0;2.34;1.21
182603;Jon Ander Olasagasti;0.07;1.07;1.12;0.0;3.38;1.47
182617;Beñat Prados;0.18;1.07;2.37;0.0;3.27;2.11
182618;Asier Córdoba;0.0;0.0;0.0;0.0;0.0;0.0
182621;Iker Muñoz;0.22;0.41;1.2;0.0;3.98;1.67
182627;Alex Petxarroman;0.11;0.23;1.41;0.0;4.48;1.9
182636;Javi López;0.05;1.39;1.67;0.0;3.67;2.36
182637;Álex Balboa;0.0;0.0;0.0;0.0;0.0;0.0
182638;Manu Fernández;0.0;0.98;2.75;0.0;4.96;1.27
182639;Unai Vencedor;0.02;1.29;1.61;0.0;2.73;1.67
182640;Ander Iru;0.0;0.0;0.0;0.62;0.0;0.0
182641;Imanol García de Albéniz;0.0;0.78;2.1;0.0;4.15;2.86
182657;Pablo Valencia;0.0;0.0;0.0;0.5;0.0;0.0
182661;Álvaro Núñez;0.0;6.96;3.55;0.0;5.44;4.66
182664;Gaizka Ayesa;0.0;0.0;0.0;0.5;0.0;0.0
182665;Fran Álvarez;0.0;0.0;0.0;0.0;0.0;0.0
182668;Álex Millán;0.0;0.0;0.0;0.0;0.03;0.0
182669;Álex Blesa;0.0;0.0;0.0;0.0;0.04;0.0
182670;Joan Monterde;0.0;0.0;0.0;0.0;0.31;0.1
182671;Cantero;0.21;1.0;0.32;0.0;2.35;2.37
182674;Jofre Carreras;0.48;2.62;1.01;0.0;4.67;4.04
182685;Diego Collado;0.0;0.0;0.0;0.0;0.0;0.0
182694;Iván Gil;0.0;0.0;0.0;0.0;0.0;0.0
182695;Pau Martínez;0.0;0.0;0.0;0.0;0.0;0.0
182713;Diego Fuoli;0.0;0.0;0.0;0.5;0.0;0.0
182718;Joan García;0.02;0.0;0.0;5.83;3.9;0.41
182719;Dani Villahermosa;0.0;0.0;0.0;0.0;0.11;0.12
182730;Marc Vidal;0.0;0.0;0.0;0.5;0.0;0.0
182731;Picón;0.0;0.0;0.0;0.5;0.0;0.0
182735;Ángel Fortuño;0.0;0.0;0.0;0.5;0.0;0.0
182736;Lluis Recasens;0.0;0.0;0.6;0.0;0.35;0.0
182742;Alejandro Cea;0.0;0.0;0.0;0.0;0.0;0.0
182757;Iván Chapela;0.0;0.78;1.35;0.0;4.11;2.52
182759;M. Diarra;0.0;0.0;0.2;0.0;0.72;0.34
182770;Carlos Álvarez;1.01;5.03;1.5;0.0;4.24;2.78
182772;Juanlu Sánchez;0.3;3.46;3.3;0.0;5.51;3.59
182795;Arnau Fàbrega;0.0;0.0;0.0;0.5;0.0;0.0
182857;Sergio Barcia;0.0;0.0;0.25;0.0;0.15;0.01
183699;Urko González;0.11;0.95;1.92;0.0;2.51;1.18
183706;Ander Martín;0.15;0.78;0.42;0.0;0.98;0.46
183716;Eñaut Mendia;0.0;0.0;0.38;0.0;0.35;0.0
183744;Beñat Turrientes;0.29;0.94;1.59;0.0;4.31;3.55
183748;Jon Karrikaburu;0.16;0.2;0.07;0.0;0.99;0.1
183751;A. Rebbach;0.53;3.01;1.29;0.0;3.97;2.3
183776;Urko Izeta;0.36;0.78;0.22;0.0;2.0;0.8
183777;Unai Dufur;0.0;0.0;0.54;0.0;0.33;0.0
183799;Nico Williams;1.66;5.88;1.5;0.0;5.89;6.39
183848;Julen Agirrezabala;0.0;0.16;0.0;6.5;2.31;0.01
183849;Aitor Paredes;0.35;0.86;2.62;0.0;4.26;1.05
183859;Pepe Blanco;0.0;0.0;0.0;0.0;0.0;0.0
183891;Unai Arieta;0.0;0.0;0.08;0.0;0.67;0.05
184193;Juan Carlos Arana;0.0;0.0;0.0;0.0;0.0;0.0
184194;Álex Forés;0.33;0.43;0.12;0.0;1.85;1.66
184196;Carlo Adriano;0.0;0.0;0.0;0.0;0.0;0.0
184226;Yeremy Pino;0.72;3.41;2.27;0.0;3.93;3.02
184277;Fer Niño;0.77;0.65;0.55;0.0;2.28;1.61
184345;Jony Álamo;0.0;0.0;0.19;0.0;0.28;0.4
184348;Gerard Barri;0.0;0.0;0.0;0.0;0.0;0.0
184361;Antonio Leal;0.0;0.0;0.0;0.0;0.0;0.0
184364;Lanchi;0.0;0.0;0.0;0.0;0.0;0.0
184407;José Salinas;0.0;1.0;0.32;0.0;2.24;1.56
184420;Carlos Romero;0.6;2.49;4.17;0.0;4.71;3.3
184481;Diego García;0.96;0.84;0.21;0.0;4.53;1.86
184605;Álvaro Aguirre;0.0;0.0;0.0;0.0;0.0;0.0
184608;Manu Garrido;0.18;0.0;0.22;0.0;1.59;0.55
184609;Jorge Moreno;0.0;0.0;0.0;0.0;0.13;0.0
184617;Diego López;0.0;0.0;0.0;0.0;0.0;0.0
184693;Javi Castro;0.0;0.0;0.0;0.0;0.0;0.0
184743;Santi García;0.0;0.0;0.09;0.0;0.26;0.03
185075;Ruly García;0.0;0.0;0.0;0.62;0.0;0.0
185202;Juan Cruz;0.71;1.89;0.92;0.0;3.29;3.16
185398;Isaac;2.1;2.79;0.79;0.0;5.08;3.15
185477;Rodri;0.41;2.08;0.96;0.0;3.46;3.15
185599;Calderón;0.0;0.39;0.3;0.0;0.4;0.05
185602;Álex Revuelta;0.0;0.0;0.0;0.0;0.0;0.0
185715;Josep Gayá;0.0;0.0;0.33;0.0;0.16;0.0
185810;Raúl Parra;0.0;0.23;0.79;0.0;1.52;0.11
185890;T. Giaquinto;0.0;0.0;0.0;0.0;0.0;0.0
186265;Kike Carrasco;0.0;0.0;0.0;0.0;0.0;0.0
186458;S. Abdulai;0.0;0.0;0.22;0.0;0.97;0.46
187214;Carlos Vicente;1.24;6.5;2.31;0.0;6.07;3.73
187318;Marc Aguado;0.0;0.72;5.74;0.0;5.4;0.38
187413;Javi Martín;0.0;0.0;0.0;0.0;0.0;0.0
187987;Ramón Terrats;0.64;2.25;2.03;0.0;4.48;3.35
188319;Kevin Carlos;0.0;0.0;0.0;0.0;0.0;0.0
188408;Geovanni Barba;0.0;0.0;0.0;0.0;0.0;0.0
188409;Fran Delgado;0.0;0.0;0.0;0.0;0.0;0.0
188413;Visus;0.0;0.0;0.53;0.0;0.57;0.03
188445;Luismi Cruz;0.0;0.0;0.0;0.0;0.26;0.35
188571;Abraham del Moral;0.0;0.0;0.0;0.0;0.0;0.0
188617;Pablo Gálvez;0.0;0.0;0.0;0.0;0.0;0.0
189051;Juan Pedro;0.0;0.0;0.0;0.5;0.0;0.0
189831;Arana;0.0;0.0;0.0;0.5;0.0;0.0
189832;Unai Marrero;0.0;0.0;0.0;3.27;0.0;0.0
189864;José Manuel;0.0;0.0;0.0;0.0;0.0;0.0
189866;John Nwankwo;0.4;0.17;1.57;0.0;3.44;1.58
189997;Mario de Luis;0.0;0.0;0.0;0.5;0.0;0.0
190485;Samú Costa;0.72;1.72;4.3;0.0;6.25;3.06
190489;Álvaro Djaló;0.31;0.54;0.41;0.0;3.89;3.18
190530;Pablo Sáenz;0.0;0.0;0.45;0.0;0.43;0.05
191184;B. Dominguès;0.0;0.0;0.0;0.0;0.0;0.0
192011;Joseda Álvarez;0.0;0.0;0.0;0.0;0.0;0.0
192013;Eusebio Monzó;0.0;0.0;0.0;0.0;0.0;0.0
192015;E. Sevikyan;0.0;0.0;0.0;0.0;0.26;0.3
192024;L. Spatz;0.0;0.0;0.0;0.0;0.0;0.0
192032;Iván Romero;1.05;1.79;1.42;0.0;4.42;3.56
192434;Miguel Rodríguez;0.25;0.61;0.85;0.0;2.91;1.49
192439;David Argüelles;0.0;0.0;0.0;0.0;0.0;0.0
194750;E. Touré;2.1;2.82;0.38;0.0;4.62;2.32
194782;Facu Esnáider;0.0;0.0;0.0;0.0;0.0;0.0
195100;Natan;0.2;0.92;3.74;0.0;6.05;1.95
195263;Diego Moreno;0.0;0.0;0.0;0.0;0.0;0.0
195512;M. Satriano;0.18;0.78;0.52;0.0;1.54;0.67
195717;Y. Mosquera;0.9;1.62;4.22;0.0;6.99;2.93
195918;Diego Moreno;0.16;1.06;1.7;0.0;3.51;1.72
195923;José Ángel Carmona;0.33;1.48;3.3;0.0;4.14;2.43
195962;Chiquinho;0.36;1.17;0.15;0.0;2.92;2.56
196290;Marco Camus;0.0;0.0;0.0;0.0;0.0;0.0
197196;Ramón Martínez;0.21;0.09;0.4;0.0;2.11;0.49
197448;Yan Couto;0.49;4.22;2.13;0.0;5.52;5.24
197513;T. Borbas;0.0;0.0;0.0;0.0;0.75;0.0
197799;Xabi Huarte;0.0;0.0;0.0;0.0;0.03;0.0
197800;Unai Ropero;0.0;0.0;0.05;0.0;0.11;0.02
198558;Sergio Gimeno;0.0;0.0;0.0;0.0;0.0;0.0
198656;O. Faraj;0.0;0.0;0.15;0.0;0.18;0.0
199042;Mario Maroto;0.0;0.7;0.2;0.0;0.3;0.23
199044;J. Aramburu;0.38;1.22;5.45;0.0;6.46;2.12
199824;Rubén Sánchez;0.0;1.02;2.35;0.0;4.62;4.15
200999;Keita;0.0;0.0;0.3;0.0;1.13;0.37
201007;Adrián Quintela;0.0;0.0;0.0;0.5;0.0;0.0
203014;M. Hoppe;0.0;1.82;0.15;0.0;1.26;0.05
203426;J. Gómez;0.0;0.0;0.0;0.0;0.0;0.0
203468;D. Lopy;0.41;1.45;3.41;0.0;6.49;5.37
206260;Lucas Cañizares;0.0;0.0;0.0;0.5;0.0;0.0
208055;Miguel Martín;0.0;0.0;0.0;0.0;0.0;0.0
208198;Álex González;0.0;0.0;0.0;0.7;0.0;0.0
208670;Diego Bri;0.0;0.0;0.0;0.0;0.0;0.0
215810;G. Gagua;0.0;0.0;0.0;0.0;0.0;0.0
237065;Óscar Aranda;0.0;0.0;0.0;0.0;0.0;0.0
237066;Rafa Marín;0.27;1.74;4.1;0.0;4.94;1.35
237103;Lázaro;1.24;2.0;0.53;0.0;3.8;3.09
237174;Álvaro Carrillo;0.0;0.0;0.0;0.0;0.0;0.0
237249;M. Faye;0.0;0.0;0.0;0.0;0.0;0.0
237252;Pere García;0.0;0.0;0.0;0.5;0.0;0.0
253699;Antonio Zarzana;0.0;0.0;0.0;0.0;0.0;0.0
263529;I. Kebe;0.0;0.0;0.22;0.0;0.86;0.1
263530;Pau Victor;0.33;0.62;0.12;0.0;1.02;1.01
263812;L. Romero;0.36;0.64;0.42;0.0;2.95;1.69
264469;Pablo Pérez;0.0;0.0;0.0;0.0;0.0;0.0
264470;Raul Moro;0.54;2.55;0.58;0.0;2.12;2.2
264859;Antonio Pacheco;0.0;0.0;0.0;0.0;0.0;0.0
265722;Rafael Obrador;0.0;0.0;0.0;0.0;0.09;0.0
265785;Luiz Henrique;0.67;3.3;2.12;0.0;6.25;6.26
266202;I. Chaira;1.52;1.98;2.57;0.0;5.24;3.43
266657;Sávio;1.85;7.45;2.37;0.0;6.97;8.23
266658;Calebe;0.13;2.51;3.0;0.0;5.63;4.07
268960;A. Zakharyan;0.44;2.14;0.85;0.0;2.56;0.89
269163;W. Swedberg;1.19;1.09;1.06;0.0;4.19;2.29
270498;W. Madrigal;0.0;0.0;0.0;0.0;0.0;0.0
270516;Peter;0.2;0.51;0.34;0.0;1.64;1.15
270973;Lucas Alcázar;0.0;0.0;0.0;0.0;0.0;0.0
271580;Martim Neto;0.85;5.43;1.37;0.0;4.45;4.94
273732;T. Dolan;0.51;4.64;3.11;0.0;6.17;4.1
274298;Tiago Ribeiro;0.0;0.0;0.0;0.0;0.0;0.0
274312;M. Cho;0.43;0.83;0.63;0.0;3.86;3.17
276995;F. Mwepu;0.0;0.0;0.15;0.0;0.15;0.0
278281;Vicent Bellmunt;0.0;0.0;0.0;0.5;0.0;0.0
278619;Luíz Júnior;0.0;0.0;0.0;8.82;3.75;0.05
278896;Raúl Blanco;0.0;0.0;0.0;0.0;0.0;0.0
278898;C. Riad;0.2;1.11;2.43;0.0;3.35;0.08
279792;Vinícius Tobias;0.0;0.0;0.0;0.0;0.0;0.0
279822;F. Boyomo;0.39;1.38;4.66;0.0;4.96;2.5
280688;T. Corbeanu;0.72;0.0;0.9;0.0;3.16;1.18
281795;Y. Asprilla;0.77;3.32;1.4;0.0;4.58;4.46
282054;C. Riedel;0.18;1.04;3.0;0.0;5.01;1.15
282131;M. Šviderský;0.0;0.0;0.0;0.0;0.0;0.0
283058;N. Jackson;1.79;2.75;0.61;0.0;4.62;4.2
283668;Arnau Martínez;0.31;2.62;3.93;0.0;5.81;3.48
284241;José Mateo Mejía Piedrahita;0.0;0.0;0.0;0.0;0.26;0.05
284300;Álvaro Fernández;0.24;5.47;3.84;0.0;5.76;3.81
284415;Yago Alonso;0.0;0.78;0.37;0.0;2.31;1.82
284441;A. Kamara;0.18;0.78;0.98;0.0;2.91;1.3
285290;Miguel Capi;0.0;0.0;0.0;0.0;0.0;0.0
285356;Pedro Benito;0.0;0.0;0.0;0.0;0.24;0.0
285418;Javier Gasca;0.0;0.0;0.0;0.5;0.0;0.0
285505;Juanpe;0.0;0.0;0.0;0.5;0.0;0.0
285506;Iván Cédric;0.0;0.0;0.0;0.0;0.0;0.0
285909;Pablo Torre;0.45;2.44;0.7;0.0;2.58;1.62
286074;Eric Monjonell;0.0;0.0;0.0;0.0;0.0;0.0
286084;Sergi Altimira;0.34;2.0;3.64;0.0;5.18;3.01
286271;Israel;0.0;0.0;0.0;0.0;0.16;0.05
286558;Gael Alonso;0.0;0.0;0.0;0.0;0.0;0.0
286559;Carlos Domínguez;0.03;1.5;2.01;0.0;3.97;0.96
286561;Sergio Arribas;0.0;0.0;1.0;0.0;0.67;0.0
286564;Álex Cardero;0.0;0.0;0.0;0.0;0.0;0.0
286580;S. Keller;0.0;0.0;0.15;0.0;0.2;0.0
286593;Nico Serrano;0.16;0.85;0.5;0.0;2.36;1.64
286601;O. El Hilali;0.0;1.63;4.88;0.0;5.67;2.57
286604;Gori;0.0;0.39;0.0;0.0;0.06;0.0
286605;Roger Martínez;0.0;0.0;0.0;0.0;0.0;0.0
286606;Max Svensson;0.0;0.0;0.15;0.0;0.61;0.0
286611;Pablo Cuñat;0.0;0.0;0.0;0.57;0.33;0.0
286616;F. Jörgensen;0.0;0.0;0.0;2.25;1.99;0.44
286620;Joan Puig;0.0;0.0;0.0;0.0;0.0;0.0
286623;Coke Carrillo;0.0;0.0;0.0;0.54;0.0;0.0
286639;Bryan Zaragoza;1.36;4.53;0.86;0.0;4.97;5.19
286643;Koffi;0.0;0.33;0.07;0.0;0.36;0.35
286795;César Fernández;0.0;0.0;0.0;0.53;0.0;0.0
286796;Damián Rodríguez;0.0;2.52;0.5;0.0;1.41;0.05
286798;Fran López;0.0;0.0;0.0;0.0;0.0;0.0
286961;Manu Pozo;0.0;0.39;0.3;0.0;0.2;0.22
286962;Lucas Freitas;0.0;0.0;0.0;0.0;0.0;0.0
287175;Álex Rodríguez;0.0;0.0;0.0;0.0;0.0;0.0
287177;Adrián Corral;0.0;0.0;0.0;0.0;0.0;0.0
287461;Cheikh Diamanka;0.0;0.0;0.0;0.0;0.0;0.0
287652;Jon Magunazelaia;0.04;0.48;0.39;0.0;1.19;0.45
287653;Alberto Dadie;0.0;0.0;0.15;0.0;0.24;0.0
287654;Jon Gorrotxategi;0.28;2.74;5.17;0.0;5.84;3.62
287680;Maroan Sannadi;1.03;1.28;0.23;0.0;4.04;2.34
288074;Alberto Marí;0.24;0.43;0.09;0.0;1.48;0.88
288112;Willy Kambwala Ndengushi;0.06;0.13;1.72;0.0;4.32;3.25
288220;Marc Carmona;0.0;0.0;0.0;0.0;0.0;0.0
288334;Hugo Pérez;0.0;0.0;0.0;0.0;0.0;0.0
288384;Mikel Goti;0.0;0.0;0.09;0.0;0.69;0.53
288525;Malcom Adu;0.0;0.37;0.52;0.0;2.74;2.4
288699;M. Perrone;0.19;3.45;3.41;0.0;4.7;3.29
288800;Iker Benito;0.26;0.68;0.43;0.0;1.14;0.57
289444;L. Blanco;0.11;3.52;1.59;0.0;3.76;3.08
289788;Yoel Ramírez;0.0;0.0;0.0;0.5;0.0;0.0
289826;Alex;0.0;0.0;0.0;0.5;0.0;0.0
290106;Pablo Marín;0.32;1.27;1.01;0.0;3.38;2.82
290215;Raúl Torrente;0.0;0.44;2.41;0.0;4.18;0.44
290482;Jorge Pascual;0.22;0.0;0.0;0.0;0.13;0.15
290495;Vere;0.18;0.39;0.0;0.0;0.26;0.0
290685;Ángel Jiménez;0.0;0.0;0.0;0.56;0.06;0.0
290686;Rafael Romero;0.0;0.0;0.0;0.51;0.0;0.0
290687;Carlos León;0.0;0.0;0.0;0.0;0.0;0.0
290740;Ilias Akhomach;0.49;1.77;1.33;0.0;3.45;2.39
291146;Mario González;0.0;0.0;0.0;0.0;0.0;0.0
291147;Miguel Brau;0.0;0.0;0.1;0.0;0.17;0.17
291964;A. Güler;1.48;6.15;1.64;0.0;4.87;4.12
292140;Marchena;0.0;0.0;0.0;0.0;0.0;0.0
292219;S. Biuk;0.0;0.0;0.0;0.0;0.0;0.0
293297;J. Patrick;0.0;0.0;0.05;0.0;0.57;0.32
293604;Javi Llabrés;0.21;0.54;0.26;0.0;1.64;0.95
294791;Mamor Niang;0.0;0.0;0.15;0.0;0.47;0.3
294797;Ángel Alarcón;0.0;0.0;0.0;0.0;0.0;0.0
295223;R. Alhassane;0.0;2.87;4.54;0.0;5.54;2.71
295383;Adrián Pica;0.18;0.39;3.53;0.0;4.85;1.2
295793;Marc Pubill;0.28;3.36;4.63;0.0;6.43;2.76
295879;John Chetauya;0.0;0.0;0.0;0.0;0.0;0.0
296667;Gavi;0.34;3.14;2.24;0.0;4.3;2.89
296757;Jon Balda;0.0;0.0;0.0;0.0;0.0;0.0
297235;Marc Vilaplana;0.0;0.0;0.0;0.0;0.0;0.0
297243;Miguel Narváez;0.0;0.0;0.0;0.5;0.0;0.0
297304;D. Camara;0.09;0.38;0.15;0.0;0.22;0.0
297311;Kike Salas;0.67;1.78;4.68;0.0;5.77;1.05
297646;D. Luna;0.0;0.0;0.0;0.0;0.57;0.3
297740;Carlos Benítez;0.0;0.0;0.0;0.0;0.0;0.0
297742;Antoniu Roca;0.08;0.86;0.85;0.0;3.59;3.39
297743;Javier Navarro Girona;0.0;0.0;0.0;0.0;0.0;0.0
297744;Carlos Giménez;0.0;0.0;0.0;0.0;0.0;0.0
297869;Iñaki González Zambrano;0.0;0.0;0.15;0.0;0.15;0.0
297973;Selu Diallo;0.0;0.0;0.0;0.0;0.0;0.0
298064;David Torres;0.07;0.27;2.48;0.0;4.0;1.49
299877;Chinchu;0.0;0.0;0.0;0.0;0.0;0.0
300885;N. Deossa;0.0;1.06;1.36;0.0;6.21;6.19
302051;S. Cissé;0.55;2.02;2.98;0.0;5.74;5.6
302277;Rubén Gómez;0.0;0.0;0.0;0.5;0.0;0.0
303115;"E. Eto&apos;o Pineda";0.0;0.0;0.0;0.0;2.96;0.0
303378;Javi Serrano;0.0;0.0;0.21;0.0;0.46;0.01
304383;T. Allende;0.3;0.32;0.52;0.0;1.64;0.86
305797;Enrique Fernández;0.0;0.0;0.0;0.0;0.0;0.0
305803;Kaiky;0.32;0.23;2.53;0.0;3.66;1.97
306183;L. Sangaré;0.0;0.0;0.0;0.0;0.0;0.0
306727;J. Solis;0.23;0.32;0.95;0.0;3.27;1.98
307005;Aleix Gorjón;0.0;0.0;0.0;0.0;0.0;0.0
307224;Piri;0.0;0.0;0.0;0.0;0.0;0.0
307565;T. Ojeda;0.0;0.0;0.0;0.0;0.03;0.0
308346;Alberto Flores;0.0;0.0;0.0;0.52;0.0;0.0
308678;Dário Essugo;0.39;1.81;5.76;0.0;6.3;4.45
308998;Ávaro Leiva;0.0;0.0;0.0;0.0;0.0;0.0
309364;Coba;0.32;1.23;1.38;0.0;5.05;3.4
309917;Álvaro Aceves;0.0;0.0;0.0;0.66;0.05;0.0
310187;Stefan Bajčetić;0.51;1.95;4.93;0.0;6.39;4.32
310609;Gui;0.0;0.0;0.0;0.0;0.0;0.0
310683;Álvaro Bastida;0.0;0.0;0.28;0.0;0.41;0.0
311344;A. Véliz;0.29;0.11;0.15;0.0;2.41;0.51
311345;F. Redondo;0.0;0.0;0.6;0.0;1.83;0.1
311740;Tomás Mendes;0.0;0.0;0.0;0.0;0.03;0.0
311745;José Friaza;0.0;0.0;0.0;0.0;0.0;0.0
311746;Javier Pamies;0.0;0.0;0.0;0.0;0.0;0.0
311773;S. Mouriño;0.28;1.18;4.76;0.0;5.03;2.84
311972;Mikel García;0.0;0.0;0.0;0.0;0.0;0.0
312468;Álex Padilla;0.0;0.0;0.0;1.81;0.34;0.02
312650;M. Milovanović;0.13;0.18;0.14;0.0;2.39;0.55
312990;Roberto Fernández;2.07;2.69;0.71;0.0;5.56;2.98
313025;Hugo Rincón;0.0;1.08;1.31;0.0;2.94;1.91
313026;Luis Bilbao;0.0;0.0;0.0;0.0;0.0;0.0
313039;Robert Vallribera;0.0;0.0;0.0;0.0;0.0;0.0
313058;A. Burlamaqui;0.0;0.0;0.0;0.0;0.0;0.0
313059;M. Joseph;1.26;2.08;2.25;0.0;4.87;3.6
313168;Ferrán Ruiz;0.0;0.0;0.3;0.0;0.03;0.0
313196;J. Urbáez;0.0;0.0;0.0;0.0;0.0;0.0
313548;Alberto Moreno;0.0;0.0;0.0;0.0;0.0;0.0
313562;Eneko Ortiz;0.0;0.0;0.0;0.0;0.0;0.0
313651;Hugo Sotelo;0.05;3.62;1.96;0.0;3.03;1.26
314006;J. Vertrouwd;0.0;0.78;1.5;0.0;1.84;0.1
315586;Lander Pinillos;0.0;0.0;0.0;0.0;0.02;0.0
315604;Alejandro Iturbe;0.0;0.0;0.0;0.5;0.0;0.0
315699;Javi Guerra;0.62;2.11;2.29;0.0;4.41;3.58
315701;Rubo Iranzo;0.0;0.0;0.12;0.0;0.35;0.0
316516;S. Boselli;0.18;0.0;0.0;0.0;0.03;0.0
316517;A. Matturro;0.54;0.0;2.85;0.0;3.94;0.2
317418;M. Fall;0.0;0.0;0.0;0.0;0.06;0.0
319572;V. Barco;0.0;2.34;2.55;0.0;3.6;1.44
320517;Pablo Durán;0.92;1.6;1.02;0.0;3.48;1.93
323815;Oscar Ureña;0.18;0.0;0.75;0.0;1.37;1.45
323935;G. Simeone;0.61;3.38;1.72;0.0;3.95;3.16
324750;Carlos Martín;0.39;0.7;0.9;0.0;1.63;0.76
325140;J. Smith;0.0;0.39;2.1;0.0;2.5;0.62
325415;N. Aberdin;0.0;0.16;0.35;0.0;3.42;1.16
325664;B. Akinsola;0.0;0.0;0.15;0.0;0.26;0.05
325785;R. Kohon;0.0;0.0;0.0;0.0;0.0;0.0
327495;Álvaro Abajas;0.0;0.0;0.0;0.5;0.0;0.0
327496;Rodrigo Abajas;0.0;0.0;0.26;0.0;0.24;0.12
327552;Nando;0.0;0.0;0.0;0.5;0.0;0.0
327622;Naim García;0.0;0.0;0.0;0.0;0.0;0.0
327628;Ricard Artero;0.08;0.0;0.13;0.0;0.58;0.46
329663;Guilherme Fernandes;0.0;0.0;0.0;0.5;0.0;0.0
329720;Hugo Álvarez;0.65;2.66;1.17;0.0;3.42;2.6
329722;Yoel Lago;0.0;1.76;1.52;0.0;2.38;1.16
329725;Arnau Rafús;0.0;0.0;0.0;0.1;0.0;0.0
329728;Marc Casadó;0.05;3.58;1.67;0.0;3.62;1.46
329729;Lulo Dasilva;0.0;0.0;0.0;0.0;0.0;0.0
330238;Lucas Pires;0.29;2.32;2.64;0.0;4.57;3.34
330436;David Jiménez;0.0;0.0;0.0;0.0;0.0;0.0
330438;Edgar Pujol;0.0;0.0;0.0;0.0;0.0;0.0
330440;Aitor Mañas;0.0;0.78;0.15;0.0;0.35;0.0
330443;Isma Sierra;0.0;0.0;0.0;0.0;0.0;0.0
331003;Roberto Arroyo;0.0;0.0;0.15;0.0;0.28;0.25
331004;Chuky San José;1.1;1.73;0.71;0.0;3.78;2.33
331330;Matías Árbol;0.0;0.0;0.0;0.59;0.0;0.0
331607;Manu Bueno;0.11;0.51;0.41;0.0;2.47;0.64
332217;Matas;0.0;0.0;0.0;0.5;0.0;0.0
332219;Biel Farres;0.0;0.0;0.0;0.0;0.0;0.0
332302;Oier Gastesi;0.0;0.0;0.0;0.9;0.0;0.0
332304;Raúl Chasco;0.0;0.16;0.38;0.0;0.84;0.0
332305;Unai Eguíluz;0.0;0.0;0.0;0.0;0.0;0.0
332308;Unai Gómez;0.47;1.36;0.65;0.0;3.39;1.93
332309;Alejandro Rego;0.33;0.88;1.83;0.0;2.57;0.48
332315;Alejandro Alfaro;0.0;0.0;0.0;0.0;0.09;0.0
333292;Pelayo Fernández;0.0;0.0;0.13;0.0;0.93;0.0
333369;Joselu;0.0;0.0;0.0;0.0;0.67;0.1
333373;Gorka Rivera;0.0;0.0;0.14;0.0;0.17;0.02
333376;Verde;0.0;0.0;0.0;0.0;0.0;0.0
333378;Diego Méndez;0.0;0.0;0.1;0.0;0.74;0.0
333379;Antonio Gomis;0.0;0.0;0.0;0.46;0.0;0.0
333439;Rubén Quintanilla;0.0;0.0;0.0;0.0;0.0;0.0
333447;Raul Martínez;0.0;0.0;0.0;0.0;0.0;0.0
333502;Miguel Román;0.24;1.76;2.14;0.0;2.8;0.84
333672;César Tárrega;0.16;1.08;2.37;0.0;3.28;2.23
333682;Cristhian Mosquera;0.1;0.84;3.38;0.0;4.39;1.94
334573;Martín Conde;0.0;0.0;0.0;0.0;0.0;0.0
334574;Ángel Ortiz;0.0;1.44;2.95;0.0;3.99;2.03
334575;Diego Piñeiro;0.0;0.0;0.0;0.68;0.0;0.0
334878;U. Raghouber;0.0;0.0;0.9;0.0;1.15;0.45
335034;Pablo Rivera;0.0;0.0;0.0;0.0;0.0;0.0
335037;Diego Hormigo;0.0;0.0;0.13;0.0;0.27;0.11
335057;Darío Benavides;0.0;0.0;0.0;0.0;0.0;0.0
335239;Moi Parra;0.0;0.0;0.15;0.0;0.38;0.0
335426;Pau Mascaró;0.0;0.0;0.0;0.0;0.0;0.0
335490;Jon de Luis;0.0;0.0;0.0;0.0;0.0;0.0
335697;David López;0.0;0.0;0.53;0.0;0.64;0.07
336555;Estanis;0.0;0.0;0.06;0.0;0.08;0.0
336557;Aleix Garrido;0.0;0.0;0.12;0.0;0.11;0.0
336560;Álex Valle;0.0;0.0;0.0;0.0;0.0;0.0
336587;S. El Jebari;0.0;0.0;0.09;0.0;0.13;0.0
336590;Aitor Gismera;0.0;0.0;0.0;0.0;0.0;0.0
336592;Ibrahima Cámara;0.0;0.0;0.0;0.0;0.0;0.0
336594;Pablo Barrios;0.52;4.35;3.46;0.0;5.58;5.3
336637;Espigares;0.0;0.0;0.0;0.0;0.0;0.0
336645;Nacho Nicolau;0.0;0.0;0.0;0.5;0.0;0.0
336653;Ander Astralaga;0.0;0.0;0.0;0.5;0.0;0.0
336671;Renato Veiga;0.32;1.95;3.22;0.0;5.0;0.12
336674;G. Misehouy;0.26;0.56;0.05;0.0;2.99;3.09
336681;Sergio Díez;0.0;0.0;0.0;0.0;0.0;0.0
336685;Javier Boñar;0.0;0.0;0.0;0.0;0.0;0.0
336711;Gonzalo García;0.61;0.67;0.31;0.0;2.14;0.33
336955;Víctor Rofino;0.0;0.0;0.0;0.0;0.0;0.0
336988;Lorenzo Aguado;0.0;0.0;0.0;0.0;0.03;0.0
336998;A. Boiro;0.0;0.68;1.64;0.0;3.15;1.48
337843;Aitor Fraga;0.0;0.0;0.0;0.5;0.0;0.0
337955;Lalo Aguilar;0.0;0.0;0.0;0.0;0.0;0.0
337963;Victor Aznar;0.0;0.0;0.0;0.5;0.0;0.0
338295;Primo;0.0;0.0;0.0;0.48;0.0;0.0
338508;I. Kostis;0.0;0.0;0.0;0.0;0.0;0.0
338750;Pau Ferrer;0.0;0.0;0.0;0.0;0.0;0.0
338751;Víctor Muñoz;0.82;1.36;0.54;0.0;2.71;2.76
338871;Joan Ruiz;0.0;0.0;0.0;0.0;0.0;0.0
338872;Jon García;0.0;0.0;0.0;0.0;0.0;0.0
338900;L. Antonetti;0.18;0.39;0.0;0.0;0.06;0.0
338902;Andrés Castrín;0.11;1.33;2.78;0.0;3.22;1.09
338958;R. Bardghji;1.8;3.43;0.27;0.0;4.03;4.75
339105;Joel Roca;0.5;1.02;0.57;0.0;3.03;2.82
339804;M. Cocca;0.0;0.0;0.0;0.0;0.0;0.0
340152;S. Idumbo-Muzambo;0.06;0.44;0.25;0.0;1.3;0.9
340154;A. Vermeeren;0.0;0.32;0.37;0.0;0.41;0.02
340279;Vitor Roque;1.52;1.23;0.82;0.0;3.13;1.99
340626;Fermín;2.13;4.63;1.63;0.0;4.86;4.68
340726;S. Leković;0.0;0.0;0.15;0.0;0.0;0.0
341371;Rodrigo Mendoza;0.36;1.74;0.86;0.0;3.28;2.9
341453;Oso;0.21;2.68;0.84;0.0;2.02;1.58
341640;Raúl Asencio;0.52;2.12;2.48;0.0;5.59;2.5
341700;Iván Fresneda;0.0;2.06;3.07;0.0;5.21;3.34
343001;Sebastian Wade;0.0;0.0;0.0;0.0;0.0;0.0
343202;Á. Rodríguez;1.14;2.19;0.59;0.0;4.04;2.87
343205;Mario Martín;0.55;1.16;2.79;0.0;5.18;2.87
343684;T. Barry;2.42;3.42;0.51;0.0;6.58;3.8
344745;Rachad Fettal Dhimi;0.0;0.39;0.15;0.0;0.26;0.0
347877;Curro Muñoz;0.0;0.0;0.0;0.0;0.0;0.0
347885;Marcos Fernández;0.0;0.0;0.0;0.0;0.0;0.0
347886;Félix Garreta;0.0;0.0;0.45;0.0;0.37;0.05
348029;D. Stamatakis;0.0;0.0;0.0;0.5;0.0;0.0
348326;Martín Tejón;0.11;0.23;0.18;0.0;0.68;0.52
348328;Jesús López;0.0;0.0;0.0;0.9;0.0;0.0
348329;Pablo Ramírez;0.0;0.0;0.0;0.0;0.0;0.0
348539;Unai Hernández;0.0;0.0;0.0;0.0;0.0;0.0
348885;Jeremy Jorge;0.0;0.0;0.0;0.0;0.0;0.0
349046;Carles Garrido;0.0;0.0;0.0;0.0;0.0;0.0
349063;Luken Beitia;0.0;0.0;0.06;0.0;0.11;0.0
349397;Simo;0.0;0.0;1.05;0.0;1.71;0.0
349561;Ferrán Quetglás;0.0;0.0;0.0;0.7;0.0;0.0
350037;N. Paz;0.0;0.0;0.07;0.0;0.52;0.0
350073;Marcos Fernández;0.0;0.0;0.0;0.0;0.0;0.0
350363;Óscar Medina;0.0;0.0;0.0;0.5;0.0;0.0
350364;Iván Sanz;0.0;0.0;0.0;0.5;0.0;0.0
351127;Xavi Pleguezuelo;0.0;0.0;0.0;0.0;0.0;0.0
351131;Dani Pérez;0.0;0.0;0.0;0.0;0.18;0.19
351235;Kikín;0.0;0.0;0.0;0.0;0.0;0.0
351587;T. Oluwaseyi;1.24;1.38;0.47;0.0;3.74;3.44
351874;Luca Lohr;0.0;0.0;0.0;0.0;0.0;0.0
351913;J. El Abdellaoui;0.62;1.15;0.22;0.0;2.06;2.18
352859;Guillem Trilla;0.0;0.0;0.0;0.0;0.0;0.0
352905;Marciano Tchami;0.0;0.19;0.0;0.0;1.31;0.0
353444;D. Doumbia;0.0;0.0;0.0;0.0;0.0;0.0
353463;M. Diakité;0.0;0.0;0.0;0.0;0.03;0.0
353634;A. Lebarbier;0.0;0.0;0.0;0.0;0.0;0.0
353865;Victor Wehbi Aznar;0.0;0.0;0.0;0.5;0.0;0.0
354550;Bruno Iribarne;0.0;0.0;0.0;0.5;0.0;0.0
354762;Iker Varela;0.0;0.0;0.0;0.0;0.0;0.0
355004;V. Gómez;0.56;1.22;5.16;0.0;6.27;4.37
355327;José Luis Català;0.0;0.0;0.0;0.0;0.0;0.0
358431;N. Mendy;0.27;0.15;1.81;0.0;2.82;1.21
358628;Samu;1.55;1.48;0.63;0.0;3.12;2.23
359603;L. Koleosho;0.12;0.25;0.25;0.0;0.92;1.05
360411;Alberto Collado López;0.0;0.0;0.0;0.0;0.0;0.0
361384;Yusi;0.13;1.0;1.1;0.0;2.54;1.34
361385;Yarek Gasiorowski;0.0;0.18;2.11;0.0;4.84;0.36
361386;Koke;0.0;0.0;0.0;0.0;0.0;0.0
361497;D. Huijsen;0.6;5.17;3.75;0.0;6.2;1.37
364414;Mario Domínguez;0.08;0.0;0.0;0.0;0.03;0.0
364415;Jesús Santiago;0.08;0.27;0.48;0.0;2.04;0.62
364416;Jesús;0.0;0.0;0.0;0.62;0.0;0.0
371912;Dani Rodríguez;0.0;0.0;0.0;0.0;0.02;0.0
376416;Hamza Bellari;0.0;0.0;0.0;0.0;0.0;0.0
377122;Endrick;0.18;0.22;0.08;0.0;1.46;0.95
377197;Pablo Muñoz;0.0;0.0;0.0;0.0;0.13;0.02
377215;G. Swiderski;0.0;0.0;0.0;0.5;0.0;0.0
377257;Endika Bujan;0.0;0.0;0.0;0.0;0.07;0.1
378284;Etta Eyong;1.15;1.48;0.81;0.0;2.58;0.99
381197;Asier Osambela;0.25;0.36;0.62;0.0;1.66;0.0
381599;Rupérez;0.0;0.0;0.0;0.0;0.0;0.0
383647;D. Kochen;0.0;0.0;0.0;0.5;0.0;0.0
383780;Mikel Jauregizar;0.47;2.58;4.15;0.0;5.2;2.69
384135;Javi Rodríguez;0.27;2.21;2.78;0.0;4.19;1.8
384266;Junior Bita;0.0;0.0;0.0;0.0;0.0;0.0
384267;Ibon Sánchez;0.0;0.0;0.0;0.0;0.0;0.0
384273;Julen Lartitegi;0.0;0.0;0.0;0.0;0.0;0.0
385389;Álex Gil;0.0;0.0;0.0;0.0;0.0;0.0
385405;Omar Falah;0.0;0.0;0.0;0.0;0.03;0.0
386187;Hugo Solozábal;0.0;0.0;0.0;0.0;0.04;0.0
386270;Ibrahima Sow;0.0;0.0;0.0;0.0;0.0;0.0
386305;Jacobo Ramón Naveros;0.2;0.14;0.52;0.0;2.41;0.02
386306;César Palacios;0.0;0.0;0.0;0.0;0.0;0.0
386490;A. Njalla;0.0;0.0;0.0;0.0;0.0;0.0
386491;José de la Rosa;0.0;0.43;0.12;0.0;0.4;0.21
386828;Lamine Yamal;2.93;7.46;2.33;0.0;6.85;7.98
386849;A. Raihani;0.0;0.0;0.0;0.0;0.09;0.03
386850;Adrián Niño Heredia;0.0;0.0;0.0;0.0;0.02;0.0
386859;Héctor Fort;0.49;1.89;1.34;0.0;3.23;2.16
386869;Dani MartÃ­nez;0.0;0.0;0.0;0.0;0.0;0.0
386870;Julio Díaz del Romo;0.0;0.0;0.0;0.0;0.0;0.0
386872;Sergio Mestre;0.0;0.0;0.0;0.59;0.0;0.0
387139;J. Ochieng;0.0;0.0;0.0;0.0;0.0;0.0
387519;Xavier Moreno Hernández;0.0;0.0;0.0;0.0;0.28;0.05
387530;Carlos Ballestero García;0.0;0.0;0.0;0.0;0.0;0.0
388032;Carlos Guirao;0.0;0.0;0.0;0.0;0.0;0.0
388057;Alex Almansa;0.0;0.0;0.0;0.0;0.0;0.0
388495;Javier Hernandez;0.0;0.0;0.0;0.0;0.0;0.0
388871;José María Andrés Baixauli;0.0;0.0;0.0;0.0;0.7;0.0
389600;Antonino;0.0;0.0;0.06;0.0;0.41;0.21
389602;Iker Almena;0.0;0.84;0.0;0.0;0.34;0.38
390742;J. Panichelli;0.15;0.32;0.25;0.0;1.68;0.08
391131;Reque;0.0;0.0;0.0;0.0;0.0;0.0
391311;Á. Yaakobishvili;0.0;0.0;0.0;0.5;0.0;0.0
391819;Martin Pedroarena;0.0;0.0;0.0;0.0;0.0;0.0
391822;Fer López;0.9;2.73;0.75;0.0;3.94;4.55
392270;Marc Guiu;0.32;0.23;0.04;0.0;0.59;0.06
392455;Germán García;0.0;0.0;0.0;0.5;0.0;0.0
393198;Salvador Esquivel;0.0;0.0;0.0;0.5;0.0;0.0
394573;Adrian Liso;1.38;0.69;1.68;0.0;6.46;3.7
396475;Fran González;0.0;0.0;0.0;1.7;0.0;0.0
396623;Pau Cubarsí Paredes;0.0;6.09;3.37;0.0;5.64;1.95
396624;Sergi Domínguez;0.0;4.03;0.36;0.0;1.28;0.0
396630;Pau Prim;0.0;0.0;0.0;0.0;0.0;0.0
397941;Minsu Kim;0.0;0.0;0.15;0.0;0.56;0.05
400901;Rafa Fernández;0.0;0.0;0.0;0.5;0.0;0.0
400948;Assane Diao;0.36;2.0;0.86;0.0;3.91;1.96
401419;Ander Sánchez;0.0;0.0;0.0;0.0;0.0;0.0
401983;Vicent Abril;0.0;0.0;0.0;0.5;0.0;0.0
402168;Arkaitz Mariezkurrena;0.48;0.23;0.11;0.0;0.99;0.89
402280;A. Yaakobishvili;0.0;0.16;0.31;0.0;0.76;0.0
402281;Silvi;0.11;0.23;1.01;0.0;1.4;0.49
402580;Marco Esteban;0.0;0.0;0.0;0.0;0.0;0.0
403241;Gaizka García;0.0;0.0;0.0;0.5;0.0;0.0
403498;Sergio Rodelas;0.0;1.43;0.45;0.0;0.98;0.4
403554;Christantus Uche;0.81;3.2;0.94;0.0;4.71;3.07
403561;Gorka Carrera;0.0;0.0;0.0;0.0;0.18;0.05
404415;José Ángel;0.0;0.0;0.0;0.0;0.0;0.0
404471;Diego Martín;0.0;0.0;0.15;0.0;0.43;0.05
405073;Jon Martín;0.09;1.13;2.58;0.0;5.12;1.61
405074;J. Kalumba;0.0;0.0;0.0;0.0;0.0;0.0
405719;N. Ogbuehi;0.0;0.0;0.0;0.0;0.0;0.0
406043;Lucas Nuñez;0.0;0.0;0.0;0.0;0.0;0.0
406045;Aimar Blázquez;0.0;0.0;0.0;0.0;0.0;0.0
406046;Pablo López;0.0;0.0;0.0;0.0;0.0;0.0
406123;Sergio Ruiz;0.0;0.0;0.0;0.0;0.0;0.0
406266;A. Fadal;0.0;0.0;0.0;0.0;0.0;0.0
407597;M. Krug;0.0;0.0;0.0;0.0;0.0;0.0
407677;Iker Monreal;0.0;0.0;0.0;0.0;0.0;0.0
408320;Jorge Cabello;0.0;0.0;1.58;0.0;2.7;1.31
410841;K. Kita;0.0;0.0;0.0;0.0;0.0;0.0
411424;Miquel Salas;0.0;0.0;0.12;0.0;2.08;0.28
411702;Pau Cabanes;0.19;0.18;0.54;0.0;2.17;1.27
412699;Alexis Olmedo;0.0;0.0;0.0;0.0;0.0;0.0
412704;Noah Darvich;0.0;0.0;0.0;0.0;0.0;0.0
412737;Raúl Jiménez Latorre;0.0;0.0;0.0;0.5;0.0;0.0
412738;Dani Díaz;0.0;0.0;0.06;0.0;0.11;0.0
412739;Fran Ãrbol;0.0;0.0;0.0;0.5;0.0;0.0
413502;Mateo Flores;0.0;0.0;0.39;0.0;2.04;0.02
414359;Vitor Nunes;0.36;3.26;4.65;0.0;6.37;2.98
414385;C. Echeverri;0.0;0.0;0.0;0.0;0.16;0.05
414409;J. Arango;0.0;0.0;0.0;0.0;0.28;0.47
417560;Marcos Navarro;0.0;0.0;0.0;0.0;0.0;0.0
418188;M. Barry;0.0;0.0;0.0;0.0;0.0;0.0
418944;Marcos Peña;0.09;0.19;2.46;0.0;2.73;0.1
419912;O. Sadik;0.0;0.0;0.0;0.0;0.0;0.0
421044;Íñigo Arguibide;0.0;0.18;0.44;0.0;0.51;0.0
421807;M. Moreno;0.0;0.6;5.37;0.0;5.73;1.66
428799;A. Puric;0.0;0.0;0.0;0.0;0.0;0.0
429553;Mauro Echegoyen;0.0;0.0;0.0;0.0;0.0;0.0
429554;Carlos Lumbreras;0.0;0.0;0.0;0.0;0.0;0.0
429757;Pol Arnau;0.0;0.0;0.0;0.0;0.0;0.0
431160;T. Folgado;0.0;0.0;0.0;0.5;0.0;0.0
431890;Juan Herzog;0.63;0.42;2.41;0.0;4.18;0.36
431921;Adam Aznou Ben Cheikh;0.14;1.8;5.19;0.0;6.9;5.89
432080;Jorge Benito;0.0;0.0;0.0;0.5;0.0;0.0
432476;V. Krapyvtsov;0.0;0.0;0.0;2.72;0.15;0.03
433395;Álvaro Cortés Moyano;0.0;0.0;0.0;0.0;0.0;0.0
433396;Marc Bernal;0.07;1.05;0.86;0.0;2.22;0.96
435552;Pau Navarro;0.11;0.5;4.63;0.0;5.32;2.16
436202;E. Bello;0.0;0.0;0.0;0.0;0.0;0.0
437594;Alex Costa;0.0;0.0;0.0;0.0;0.0;0.0
437600;Paco Sanz;0.0;0.0;0.0;0.0;0.16;0.0
437637;Mikel Santos;0.0;0.0;0.0;0.5;0.0;0.0
437643;Peio Canales;0.0;2.34;0.6;0.0;2.53;2.07
438123;Lamine Gueye;0.0;0.0;0.0;0.0;0.0;0.0
438131;Egoitz Muñoz;0.0;0.0;0.0;0.0;0.0;0.0
438263;Miguel Ángel;0.0;0.0;0.0;0.0;0.0;0.0
438284;Rafel Bauzà;0.0;0.0;0.2;0.0;1.09;0.39
438293;Alex Morata;0.0;0.0;0.0;0.0;0.0;0.0
439032;Rubén Montero;0.0;0.0;0.0;0.5;0.0;0.0
439293;Adam Boayar;0.54;0.39;0.45;0.0;1.56;0.63
439414;Alejandro Herranz;0.0;0.0;0.0;0.0;0.0;0.0
439578;David Otorbi;0.0;0.0;0.0;0.0;0.0;0.0
439614;Iago Parente;0.0;0.39;0.0;0.0;0.15;0.05
439616;Yassin Tallal;0.0;0.0;0.0;0.0;0.06;0.0
439617;Z. Tassounte;0.0;0.61;0.79;0.0;2.31;1.4
439633;Samu Becerra;0.0;0.39;0.0;0.0;0.03;0.0
439640;B. Sina;0.0;0.0;0.0;0.0;0.0;0.0
439700;Enric García;0.0;0.0;0.0;0.0;0.0;0.0
439709;Antonio Salguero;0.0;0.0;0.0;0.0;0.0;0.0
439994;Pablo Busto;0.0;0.16;0.12;0.0;0.24;0.16
440133;Elías Romero;0.0;0.0;0.0;0.0;0.0;0.0
440339;Adrian Arnuncio;0.0;0.0;0.15;0.0;1.45;0.1
440413;Aingeru Olabarrieta;0.0;0.0;0.09;0.0;0.19;0.13
440428;Ander Izagirre;0.0;0.0;0.0;0.0;0.0;0.0
440735;Yuzún Ley;0.0;0.0;0.0;0.0;0.0;0.0
440748;Ãlvaro Killane;0.0;0.0;0.0;0.5;0.0;0.0
441232;Guille Fernández;0.0;0.0;0.0;0.0;0.0;0.0
441244;Andrés Cuenca;0.0;0.0;0.0;0.0;0.0;0.0
441280;G. Spina;0.0;0.0;0.0;0.0;0.0;0.0
441497;Daniel Yañez;0.0;0.0;0.0;0.0;0.15;0.05
442058;Álvaro García;0.0;0.0;0.0;0.0;0.0;0.0
442188;Iker Córdoba;0.0;0.39;0.0;0.0;0.26;0.0
442861;A. Andreev;0.0;0.0;0.0;0.5;0.0;0.0
443152;Cheli;0.0;0.0;0.0;0.0;0.0;0.0
443162;Jesús Rodríguez;0.9;1.3;1.44;0.0;5.53;4.86
443163;Pablo García;0.33;0.35;0.92;0.0;2.63;1.65
443593;Eduardo Altozano Agudo;0.0;0.0;0.0;0.0;0.0;0.0
443668;Rayane Belid;0.0;0.0;0.0;0.0;0.0;0.0
445881;Lander Astiazarán;0.0;0.0;0.0;0.0;0.03;0.0
445973;Toni Fernández;0.0;0.23;0.0;0.0;0.0;0.0
446061;Landry Cephas;0.0;0.0;0.0;0.0;0.0;0.0
448243;Ali Houary;0.0;0.0;0.75;0.0;1.02;0.4
449058;Omar Janneh;0.0;0.0;0.0;0.0;0.0;0.0
449063;Alex Garcia;0.0;0.0;0.0;0.0;0.0;0.0
449249;Franco Mastantuono;0.83;2.7;2.08;0.0;5.79;4.47
449509;Abdulay Bah;0.12;0.26;2.95;0.0;5.73;2.5
450497;Carlos Espí;0.72;0.0;0.45;0.0;4.05;1.85
450562;Cayetano;0.0;0.0;0.0;0.5;0.0;0.0
450714;Ivan Corralejo;0.0;0.0;0.0;0.0;0.22;0.05
450716;Roger Hinojo;0.0;0.0;0.0;0.0;0.02;0.0
451311;Rayane Belaid;0.0;0.0;0.0;0.0;0.0;0.0
451355;Diego Aguado;0.0;0.0;0.0;0.0;0.0;0.0
451594;Alejandro Monserrate;0.0;0.0;0.0;0.0;0.0;0.0
453885;A. Bassinga;0.0;0.0;0.0;0.0;0.06;0.0
454491;Djordjije Medenica;0.0;0.0;0.0;0.5;0.0;0.0
455356;Daniel Budesca;0.0;0.0;0.0;0.0;0.0;0.0
455366;P. Ba;0.0;0.0;0.06;0.0;0.48;0.25
456014;Mario Rivas;0.0;0.0;0.0;0.0;0.0;0.0
456612;Borja Vazquez;0.0;0.39;0.15;0.0;0.15;0.0
456619;Manu González;0.0;0.0;0.0;0.5;0.0;0.0
461502;Llorenç Serred;0.0;0.0;0.0;0.5;0.0;0.0
462277;I. Salhi;0.0;0.0;0.0;0.0;0.0;0.0
463279;Paco Cortés;0.0;0.0;0.15;0.0;0.56;0.54
463280;A. Diatta;0.0;0.0;0.0;0.0;0.0;0.0
465838;Alberto Risco;0.09;0.8;0.24;0.0;1.23;0.59
469405;Sergio Lozano;0.0;0.0;0.0;0.0;0.0;0.0
469672;Ibai Aguirre;0.0;0.0;0.0;0.0;0.0;0.0
471478;Davinchi;0.18;0.78;2.62;0.0;3.99;3.12
477231;E. Mensah;0.0;0.0;0.0;0.0;0.0;0.0
478243;Marco de las Sías;0.0;0.0;0.0;0.0;0.0;0.0
478244;Adrián Molina;0.0;0.0;0.0;0.5;0.0;0.0
481993;Valentín Pezzolesi;0.0;0.0;0.0;0.0;0.0;0.0
482071;Diego Ferrer;0.0;0.0;0.0;0.5;0.0;0.0
482473;Marc Domenech;0.07;1.21;0.38;0.0;2.69;0.84
484474;J. Valou;0.0;0.0;0.0;0.0;0.0;0.0
486068;Víctor Puig;0.0;0.0;0.0;0.5;0.0;0.0
486472;Álvaro García;1.08;0.78;0.98;0.0;3.61;1.09
490779;Valde;0.0;0.23;0.44;0.0;0.38;0.18
490848;Sergio Viera;0.0;0.0;0.22;0.0;0.67;0.37
491086;Tomás Marqués;0.0;0.0;0.0;0.0;0.0;0.0
491087;Pedro Fernández;0.0;0.78;0.15;0.0;1.63;1.72
491091;Sergio Esteban;0.0;0.0;0.0;0.0;0.0;0.0
491106;Gibert Jordana;0.0;0.0;0.0;0.0;0.0;0.0
491248;Jan Virgili;0.79;6.99;1.22;0.0;5.59;5.79
491250;Jofre Torrents;0.0;0.0;0.3;0.0;0.72;0.0
497515;A. Niculăesei;0.0;0.0;0.0;0.0;0.0;0.0
504605;Nacho Pérez;0.0;0.0;0.0;0.0;0.0;0.0
504998;Martin Cuellar;0.0;0.0;0.0;0.0;0.0;0.0
505100;Israel Mora;0.0;0.0;0.0;0.5;0.0;0.0
506254;I. Alani;0.0;0.0;2.1;0.0;2.18;0.7
508284;Antonio Martinez;0.0;0.0;0.0;0.0;0.0;0.0
509470;Thiago Pitarch;0.0;0.0;0.0;0.0;0.0;0.0
513776;Y. Diomande;1.26;6.11;3.23;0.0;6.71;7.54
514913;Hugo López;0.0;0.0;0.0;0.0;0.0;0.0
522648;José Carlos González;0.0;0.0;0.0;0.0;0.0;0.0
522649;Arturo Rodríguez;0.0;0.0;0.0;0.0;0.06;0.0
543468;Eder Aller;0.0;0.0;0.0;0.5;0.0;0.0
546798;M. Sierra;0.18;0.0;0.6;0.0;1.79;1.14
546852;Alex Sancris;0.51;2.41;1.07;0.0;3.77;2.54
546857;I. Munoz;0.0;0.0;0.0;0.0;0.0;0.0
546872;A. Costa;0.0;0.0;0.0;0.0;0.0;0.0
546881;E. Altozano;0.0;0.0;0.0;0.0;0.0;0.0
548706;I. Luque;0.0;0.0;0.0;0.0;0.0;0.0
548734;C. Macia;0.0;0.0;0.98;0.0;1.53;0.55
548807;J. A. Gaitan Diaz;0.0;0.0;0.0;0.0;0.0;0.0
548843;L. Luchino;0.0;0.0;0.0;0.5;0.0;0.0
548853;D. Bladi;0.0;0.0;0.0;0.0;0.0;0.0
548867;T. Seidu;0.0;0.0;0.0;0.0;0.0;0.0
551365;P. Lopez;0.0;0.0;0.0;0.0;0.0;0.0
551366;A. Perez;0.0;0.0;0.0;0.0;0.0;0.0
551459;L. Kourouma;0.0;0.0;0.15;0.0;0.5;0.05
551460;A. R. Alcantara;0.0;0.0;0.0;0.0;0.0;0.0
551461;R. Montero;0.0;0.0;0.0;0.5;0.0;0.0
551462;M. Aleksandrov;0.0;0.0;0.0;0.0;0.0;0.0
551463;J. Olaizola;0.0;0.0;0.0;0.0;0.0;0.0
553313;Javier Sarasa;0.0;0.0;0.0;0.0;0.0;0.0
554287;A. Arcos;0.0;0.0;0.0;0.0;0.0;0.0
560905;J. Cestero Sancho;0.0;0.0;0.0;0.0;0.0;0.0
560930;H. Burcio;0.0;0.0;0.15;0.0;0.15;0.0
560954;A. Hierro;0.0;0.39;0.0;0.0;0.18;0.0
560978;E. Garcia;0.0;0.0;0.0;0.0;0.0;0.0
561033;J. Martinez;0.0;0.0;0.0;0.0;0.0;0.0
562472;D. Menendez;0.0;0.0;0.0;0.0;0.0;0.0
565586;D. Morcillo;0.0;0.0;0.0;0.0;0.16;0.05
568001;X. Espart;0.0;0.0;0.0;0.0;0.0;0.0
568156;S. Sanchez;0.18;1.17;0.45;0.0;1.4;0.65
579244;Juan Hernández;0.0;0.0;0.0;0.0;0.0;0.0
579287;K. Tunde;0.18;0.78;0.9;0.0;2.02;0.95
579838;A. Mestanza;0.0;0.0;0.3;0.0;1.17;0.91
580677;David Delgado;0.0;0.0;0.0;0.0;0.0;0.0
584165;A. Panach;0.0;0.0;0.0;0.0;0.0;0.0
600938;P. Agudin;0.0;0.0;0.0;0.0;0.68;0.6
601891;F. Gomez;0.0;0.0;0.0;0.0;0.0;0.0
609740;L. Laso;0.0;0.0;0.0;0.0;0.0;0.0
609795;H. Nakoha;0.0;0.0;0.0;0.0;0.0;0.0
623732;Joel Fontanet;0.0;0.0;0.0;0.0;0.0;0.0
625636;Jorge Montes;0.0;0.39;0.45;0.0;0.52;0.47
625744;Izei Hernandez;0.0;0.0;0.0;0.0;0.0;0.0
626494;X. Olaiz;0.0;0.0;0.0;0.0;0.0;0.0
631889;Adrián Riquelme;0.0;0.0;0.0;0.0;0.0;0.0
635179;Álex Sánchez;0.0;1.0;0.15;0.0;0.18;0.0
