id_jugador;nombre;edad;fecha_nacimiento;lugar_nacimiento;pais_nacimiento;nacionalidad;altura;peso;foto
1899;A. Abdennour;34;1989-08-06;Sousse;Túnez;Túnez;186;85;https://media.api-sports.io/football/players/1899.png
46937;A. Abeid;28;1997-12-11;Riad;Arabia Saudita;Mauritania;174;70;https://media.api-sports.io/football/players/46937.png
46813;A. Abqar;26;1999-03-10;Settat;Marruecos;Marruecos;188;80;https://media.api-sports.io/football/players/46813.png
57446;A. Adams;25;2000-01-29;Kogi;Nigeria;Nigeria;190;92;https://media.api-sports.io/football/players/57446.png
129698;Omar Oliveros Álvarez;29;1996-05-16;;Spain;Spain;;;https://media.api-sports.io/football/players/129698.png
148136;Hugo Sanmartín;37;1988-11-07;Vigo;Spain;Spain;165;60;https://media.api-sports.io/football/players/148136.png
186536;Joaquín González;31;1995-01-22;Villanueva de la Serena;Spain;Spain;;;https://media.api-sports.io/football/players/186536.png
70752;A. Alcáraz;42;1982-07-30;San Roque González de Santacruz;Paraguay;Paraguay;187;78;https://media.api-sports.io/football/players/70752.png
442861;A. Andreev;19;2006-03-25;Sofia;Bulgaria;Bulgaria;190;85;https://media.api-sports.io/football/players/442861.png
19306;A. Appiah;24;2001-01-05;Amsterdam;Países Bajos;Inglaterra;173;63;https://media.api-sports.io/football/players/19306.png
554287;A. Arcos;19;;;;;;;https://media.api-sports.io/football/players/554287.png
253;A. Areola;32;1993-02-27;Paris;Francia;Francia;195;94;https://media.api-sports.io/football/players/253.png
47532;A. Ba;34;1991-01-01;Saint-Louis;Senegal;Senegal;197;82;https://media.api-sports.io/football/players/47532.png
21996;A. Baba;31;1994-07-02;Tamale;Ghana;Ghana;180;72;https://media.api-sports.io/football/players/21996.png
51294;A. Bangoura;33;1992-03-30;Conakry;Guinea;Guinea;174;68;https://media.api-sports.io/football/players/51294.png
453885;A. Bassinga;20;2005-07-13;;Costa de Marfil;Costa de Marfil;178;70;https://media.api-sports.io/football/players/453885.png
11379;A. Batalla;29;1996-04-30;Buenos Aires;Argentina;Argentina;186;87;https://media.api-sports.io/football/players/11379.png
336998;A. Boiro;23;2002-06-22;Dakar;Senegal;Senegal;183;75;https://media.api-sports.io/football/players/336998.png
31538;A. Brignoli;34;1991-08-19;Trescore Balneario;Italia;Italia;188;79;https://media.api-sports.io/football/players/31538.png
46746;A. Budimir;34;1991-07-22;Zenica;Bosnia y Herzegovina;Croacia;190;75;https://media.api-sports.io/football/players/46746.png
313058;A. Burlamaqui;23;2002-02-18;Lima;Perú;Perú;179;70;https://media.api-sports.io/football/players/313058.png
2421;A. Callens;33;1992-05-04;Callao;Perú;Perú;186;78;https://media.api-sports.io/football/players/2421.png
30770;A. Candela;25;2000-04-27;La Spezia;Italia;Italia;185;77;https://media.api-sports.io/football/players/30770.png
2282;A. Christensen;29;1996-04-10;Lillerød;Dinamarca;Dinamarca;189;84;https://media.api-sports.io/football/players/2282.png
546872;A. Costa;22;;;;;;;https://media.api-sports.io/football/players/546872.png
83;A. Danjuma;28;1997-01-31;Lagos;Nigeria;Países Bajos;178;74;https://media.api-sports.io/football/players/83.png
1495;A. Diaby;34;1991-05-21;Nanterre;Francia;Mali;172;74;https://media.api-sports.io/football/players/1495.png
463280;A. Diatta;20;2005-05-14;Diouloulou;Senegal;Senegal;190;80;https://media.api-sports.io/football/players/463280.png
18805;A. Doucouré;32;1993-01-01;Meulan-en-Yvelines;Francia;Mali;184;75;https://media.api-sports.io/football/players/18805.png
15811;A. Dovbyk;28;1997-06-21;Cherkasy;Ucrania;Ucrania;189;92;https://media.api-sports.io/football/players/15811.png
46759;A. Espino;33;1992-01-05;San Jacinto;Uruguay;Uruguay;172;71;https://media.api-sports.io/football/players/46759.png
181421;A. Ezzalzouli;24;2001-12-17;Beni Melal;Marruecos;Marruecos;177;73;https://media.api-sports.io/football/players/181421.png
406266;A. Fadal;21;2004-01-14;Kumasi;Ghana;Ghana;180;72;https://media.api-sports.io/football/players/406266.png
13114;A. Fernández;35;1986-04-10;Pergamino;Argentina;Argentina;177;73;https://media.api-sports.io/football/players/13114.png
769;A. Florenzi;34;1991-03-11;Roma;Italia;Italia;173;67;https://media.api-sports.io/football/players/769.png
163060;A. Giménez;25;2000-12-12;Palma de Mallorca;España;Argentina;195;82;https://media.api-sports.io/football/players/163060.png
56;A. Griezmann;34;1991-03-21;Mâcon;Francia;Francia;176;73;https://media.api-sports.io/football/players/56.png
1573;A. Guardado;39;1986-09-28;Guadalajara;México;México;169;60;https://media.api-sports.io/football/players/1573.png
291964;A. Güler;20;2005-02-25;Ankara;Turquía;Turquía;176;67;https://media.api-sports.io/football/players/291964.png
9;A. Hakimi;27;1998-11-04;Madrid;España;Marruecos;181;73;https://media.api-sports.io/football/players/9.png
2115;A. Halilović;29;1996-06-18;Dubrovnik;Croacia;Croacia;169;69;https://media.api-sports.io/football/players/2115.png
560954;A. Hierro;20;;;;;;;https://media.api-sports.io/football/players/560954.png
47437;A. Hjulsager;30;1995-01-15;Amager;Dinamarca;Dinamarca;175;73;https://media.api-sports.io/football/players/47437.png
2864;A. Isak;26;1999-09-21;Stockholm;Suecia;Suecia;192;77;https://media.api-sports.io/football/players/2864.png
2924;A. Januzaj;30;1995-02-05;Brussel;Bélgica;Bélgica;186;76;https://media.api-sports.io/football/players/2924.png
47558;A. Jovanović;33;1992-12-06;Niš;Serbia;Serbia;192;86;https://media.api-sports.io/football/players/47558.png
284441;A. Kamara;22;2003-07-21;;Inglaterra;Inglaterra;186;81;https://media.api-sports.io/football/players/284441.png
50910;A. Katai;34;1991-02-06;Vrbas;Serbia;Serbia;182;70;https://media.api-sports.io/football/players/50910.png
1234;A. Král;27;1998-05-19;Košice;Eslovaquia;Chequia;187;80;https://media.api-sports.io/football/players/1234.png
353634;A. Lebarbier;21;2004-08-23;Clichy;Francia;Francia;;;https://media.api-sports.io/football/players/353634.png
47525;A. Lozano;32;1993-04-25;Yoro;Honduras;Honduras;185;74;https://media.api-sports.io/football/players/47525.png
47400;A. Lunin;26;1999-02-11;Krasnohrad;Ucrania;Ucrania;191;80;https://media.api-sports.io/football/players/47400.png
2755;A. Mabil;30;1995-09-15;Kakuma;Kenia;Australia;178;73;https://media.api-sports.io/football/players/2755.png
140834;A. Mahmoud;25;2000-05-04;Nouakchott;Mauritania;Mauritania;189;75;https://media.api-sports.io/football/players/140834.png
48589;A. Malle;27;1998-04-03;Bamako;Mali;Mali;176;72;https://media.api-sports.io/football/players/48589.png
1567;A. Mandi;34;1991-10-22;Châlons-en-Champagne;Francia;Argelia;184;78;https://media.api-sports.io/football/players/1567.png
2464;A. Marchesín;37;1988-03-16;San Cayetano;Argentina;Argentina;188;82;https://media.api-sports.io/football/players/2464.png
908;A. Martial;30;1995-12-05;Massy;Francia;Francia;181;76;https://media.api-sports.io/football/players/908.png
316517;A. Matturro;21;2004-10-11;Montevideo;Uruguay;Uruguay;189;74;https://media.api-sports.io/football/players/316517.png
579838;A. Mestanza;21;;;;;;;https://media.api-sports.io/football/players/579838.png
15900;A. Mumin;27;1998-06-06;Accra;Ghana;Ghana;188;79;https://media.api-sports.io/football/players/15900.png
2992;"A. N&apos;Diaye";34;1990-03-06;Paris;Francia;Senegal;189;90;https://media.api-sports.io/football/players/2992.png
104793;A. Ndiaye;29;1996-07-16;Dakar;Senegal;Senegal;173;70;https://media.api-sports.io/football/players/104793.png
497515;A. Niculăesei;17;2008-03-26;;Rumanía;Rumanía;186;76;https://media.api-sports.io/football/players/497515.png
386490;A. Njalla;22;2003-04-13;;Camerún;Camerún;174;;https://media.api-sports.io/football/players/386490.png
47407;A. Nyom;37;1988-05-10;Neulli-sur-Seine;Francia;Camerún;188;78;https://media.api-sports.io/football/players/47407.png
129678;A. Ounahi;25;2000-04-19;Casablanca;Marruecos;Marruecos;182;62;https://media.api-sports.io/football/players/129678.png
48014;A. Ousou;25;2000-01-09;Mölndal;Suecia;Suecia;186;86;https://media.api-sports.io/football/players/48014.png
14344;A. Palaversa;25;2000-04-06;Split;Croacia;Croacia;187;77;https://media.api-sports.io/football/players/14344.png
584165;A. Panach;19;;;;;;;https://media.api-sports.io/football/players/584165.png
46765;A. Pantić;32;1992-04-11;Aranđelovac;Serbia;Serbia;185;77;https://media.api-sports.io/football/players/46765.png
64256;A. Pelmard;25;2000-03-12;Nice;Francia;Francia;181;68;https://media.api-sports.io/football/players/64256.png
551366;A. Perez;23;;;;;;;https://media.api-sports.io/football/players/551366.png
18811;A. Peñaranda;28;1997-05-31;San Cristóbal;Venezuela;Venezuela;185;83;https://media.api-sports.io/football/players/18811.png
428799;A. Puric;22;2003-07-07;Šabac;Serbia;Serbia;185;;https://media.api-sports.io/football/players/428799.png
551460;A. R. Alcantara;20;;;;;;;https://media.api-sports.io/football/players/551460.png
20660;A. Radovanović;32;1993-11-11;Šabac;Serbia;Serbia;189;83;https://media.api-sports.io/football/players/20660.png
386849;A. Raihani;21;2004-02-03;Barcelona;Marruecos;Marruecos;187;;https://media.api-sports.io/football/players/386849.png
1906;A. Rami;38;1985-12-27;;Francia;Francia;190;90;https://media.api-sports.io/football/players/1906.png
46695;A. Ramos;39;1986-01-22;Santander de Quilichao;Colombia;Colombia;186;78;https://media.api-sports.io/football/players/46695.png
1703;A. Rațiu;27;1998-06-20;Aiud;Rumanía;Rumanía;183;75;https://media.api-sports.io/football/players/1703.png
183751;A. Rebbach;27;1998-08-11;Blida;Argelia;Argelia;176;68;https://media.api-sports.io/football/players/183751.png
2285;A. Rüdiger;32;1993-03-03;Berlin;Alemania;Alemania;190;85;https://media.api-sports.io/football/players/2285.png
48418;A. Sadiku;34;1991-05-27;Elbasan;Albania;Albania;185;80;https://media.api-sports.io/football/players/48418.png
1427;A. Sambi Lokonga;26;1999-10-22;Verviers;Bélgica;Bélgica;183;67;https://media.api-sports.io/football/players/1427.png
2522;A. Sanabria;29;1996-03-04;San Lorenzo;Paraguay;Paraguay;180;70;https://media.api-sports.io/football/players/2522.png
14485;A. Sané;30;1995-06-21;Sindian;Senegal;Senegal;173;61;https://media.api-sports.io/football/players/14485.png
40419;A. Sedlar;34;1991-12-13;Novi Sad;Serbia;Serbia;178;79;https://media.api-sports.io/football/players/40419.png
40;A. Solano;25;1998-02-24;Santa Marta;Colombia;Colombia;176;69;https://media.api-sports.io/football/players/40.png
5921;A. Solari;33;1992-01-03;Rosario;Argentina;Argentina;180;80;https://media.api-sports.io/football/players/5921.png
47417;A. Szymanowski;37;1988-10-13;Buenos Aires;Argentina;Argentina;175;65;https://media.api-sports.io/football/players/47417.png
910;A. Sánchez;37;1988-12-19;Tocopilla;Chile;Chile;169;62;https://media.api-sports.io/football/players/910.png
8492;A. Sørloth;30;1995-12-05;Trondheim;Noruega;Noruega;196;90;https://media.api-sports.io/football/players/8492.png
1271;A. Tchouaméni;25;2000-01-27;Rouen;Francia;Francia;187;81;https://media.api-sports.io/football/players/1271.png
2366;A. Toșca;33;1992-03-14;Alexandria;Rumanía;Rumanía;181;78;https://media.api-sports.io/football/players/2366.png
31563;A. Trajkovski;33;1992-09-05;Skopje;Macedonia del Norte;Macedonia del Norte;179;78;https://media.api-sports.io/football/players/31563.png
2717;A. Tuhami;30;1995-01-15;Ceuta;España;Marruecos;173;69;https://media.api-sports.io/football/players/2717.png
49859;A. Turan;35;1987-01-30;İstanbul;Turquía;Turquía;177;76;https://media.api-sports.io/football/players/49859.png
340154;A. Vermeeren;20;2005-02-07;Lier;Bélgica;Bélgica;180;76;https://media.api-sports.io/football/players/340154.png
151;A. Vidal;38;1987-05-22;Santiago de Chile;Chile;Chile;180;75;https://media.api-sports.io/football/players/151.png
311344;A. Véliz;22;2003-09-19;Santa Fe;Argentina;Argentina;186;77;https://media.api-sports.io/football/players/311344.png
46812;A. Werner;29;1996-02-28;Santa Fe;Argentina;Argentina;192;85;https://media.api-sports.io/football/players/46812.png
20;A. Witsel;36;1989-01-12;Liège;Bélgica;Bélgica;186;81;https://media.api-sports.io/football/players/20.png
402280;A. Yaakobishvili;21;2004-07-12;Budapest;Hungría;Hungría;193;86;https://media.api-sports.io/football/players/402280.png
268960;A. Zakharyan;22;2003-05-26;Samara;Rusia;Rusia;182;73;https://media.api-sports.io/football/players/268960.png
3406;A. Zambo Anguissa;30;1995-11-16;Yaoundé;Camerún;Camerún;184;78;https://media.api-sports.io/football/players/3406.png
56131;A. Özbiliz;34;1990-03-09;İstanbul;Turquía;Armenia;175;72;https://media.api-sports.io/football/players/56131.png
125408;A. Țîrlea;25;2000-03-28;Alcalá de Henares;España;Rumanía;182;65;https://media.api-sports.io/football/players/125408.png
46673;Aarón Escandell;30;1995-09-27;Carcaixent;España;España;185;71;https://media.api-sports.io/football/players/46673.png
25914;Aarón Martín;28;1997-04-22;Montmeló;España;España;180;72;https://media.api-sports.io/football/players/25914.png
449509;Abdulay Bah;19;2006-04-11;Freetown;Sierra Leona;Sierra Leona;195;80;https://media.api-sports.io/football/players/449509.png
46751;Abdón Prats;33;1992-12-07;Artá;España;España;181;81;https://media.api-sports.io/football/players/46751.png
181259;Abel Bretones;25;2000-08-21;Langreo;España;España;188;78;https://media.api-sports.io/football/players/181259.png
155;Abel Ruiz;25;2000-01-28;Almussafes;España;España;182;73;https://media.api-sports.io/football/players/155.png
9700;Abner;25;2000-05-27;Presidente Prudente;Brasil;Brasil;182;75;https://media.api-sports.io/football/players/9700.png
35810;Abraham;40;1985-07-16;Barcelona;España;España;179;75;https://media.api-sports.io/football/players/35810.png
188571;Abraham del Moral;24;2001-07-05;Martos;España;España;184;76;https://media.api-sports.io/football/players/188571.png
431921;Adam Aznou Ben Cheikh;19;2006-06-02;Barcelona;Marruecos;España;178;70;https://media.api-sports.io/football/players/431921.png
439293;Adam Boayar;20;2005-10-13;Melilla;España;Marruecos;178;74;https://media.api-sports.io/football/players/439293.png
18753;Adama Traoré;29;1996-01-25;L'Hospitalet de Llobregat;España;España;178;86;https://media.api-sports.io/football/players/18753.png
47513;Aday;34;1987-12-16;Sentmenat;España;España;179;75;https://media.api-sports.io/football/players/47513.png
44419;Aderllan Santos;36;1989-04-09;Salgueiro;Brasil;Brasil;193;83;https://media.api-sports.io/football/players/44419.png
15833;Adnane Tighadouini;29;1992-10-30;Ede;Países Bajos;Marruecos;179;70;https://media.api-sports.io/football/players/15833.png
47554;Adri Embarba;33;1992-05-07;Madrid;España;España;173;66;https://media.api-sports.io/football/players/47554.png
440339;Adrian Arnuncio;18;2007-03-04;Palencia;España;España;185;75;https://media.api-sports.io/football/players/440339.png
394573;Adrian Liso;20;2005-04-02;Zaragoza;España;España;182;70;https://media.api-sports.io/football/players/394573.png
1977;Adriano;37;1984-10-26;Curitiba;Brasil;Brasil;172;75;https://media.api-sports.io/football/players/1977.png
162122;Adrià Alti;24;2001-03-28;Cardedeu;España;España;170;62;https://media.api-sports.io/football/players/162122.png
47329;Adrià Pedrosa;27;1998-05-13;Barcelona;España;España;176;69;https://media.api-sports.io/football/players/47329.png
18812;Adrián;38;1987-01-03;Sevilla;España;España;190;80;https://media.api-sports.io/football/players/18812.png
46827;Adrián  González Morales;34;1988-05-25;Madrid;España;España;183;78;https://media.api-sports.io/football/players/46827.png
182167;Adrián Butzke;26;1999-03-30;Monachil;España;España;193;85;https://media.api-sports.io/football/players/182167.png
287177;Adrián Corral;22;2003-01-05;Santander;España;España;183;76;https://media.api-sports.io/football/players/287177.png
47564;Adrián Diéguez;29;1996-02-04;Madrid;España;España;188;69;https://media.api-sports.io/football/players/47564.png
122804;Adrián Guerrero;27;1998-01-28;Blanes;España;España;173;71;https://media.api-sports.io/football/players/122804.png
392;Adrián López;35;1988-01-08;San Martín De Teverga;España;España;183;73;https://media.api-sports.io/football/players/392.png
104836;Adrián López;26;1999-01-09;Barcelona;España;España;188;71;https://media.api-sports.io/football/players/104836.png
47358;Adrián Marín;28;1997-01-09;Torre-Pacheco;España;España;181;73;https://media.api-sports.io/football/players/47358.png
478244;Adrián Molina;20;2005-07-22;Madrid;España;España;;;https://media.api-sports.io/football/players/478244.png
386850;Adrián Niño Heredia;21;2004-06-19;Rota;España;España;184;70;https://media.api-sports.io/football/players/386850.png
46785;Adrián Ortolá;32;1993-08-20;Javea;España;España;187;74;https://media.api-sports.io/football/players/46785.png
295383;Adrián Pica;23;2002-04-25;Alba de Tormes;España;España;190;75;https://media.api-sports.io/football/players/295383.png
201007;Adrián Quintela;24;2001-03-11;Madrid;España;España;188;;https://media.api-sports.io/football/players/201007.png
631889;Adrián Riquelme;19;;;;;;;https://media.api-sports.io/football/players/631889.png
47290;Aduriz;39;1981-02-11;San Sebastián;España;España;181;77;https://media.api-sports.io/football/players/47290.png
27;Adán;38;1987-05-13;Madrid;España;España;190;86;https://media.api-sports.io/football/players/27.png
46768;Ager Aketxe;32;1993-12-30;Bilbao;España;España;174;69;https://media.api-sports.io/football/players/46768.png
47303;Aihen Muñoz;28;1997-08-16;San Sebastián;España;España;175;68;https://media.api-sports.io/football/players/47303.png
406045;Aimar Blázquez;19;2006-03-19;;España;España;;;https://media.api-sports.io/football/players/406045.png
67939;Aimar Oroz;24;2001-11-27;Pamplona;España;España;177;72;https://media.api-sports.io/football/players/67939.png
440413;Aingeru Olabarrieta;20;2005-11-14;Luaiondo;España;España;181;70;https://media.api-sports.io/football/players/440413.png
104843;Aitor Buñuel;27;1998-02-10;Tafalla;España;España;173;70;https://media.api-sports.io/football/players/104843.png
36848;Aitor Cantalapiedra;29;1996-02-10;Barcelona;España;España;177;67;https://media.api-sports.io/football/players/36848.png
47448;Aitor Fernández;34;1991-05-03;Arrasate;España;España;182;78;https://media.api-sports.io/football/players/47448.png
337843;Aitor Fraga;22;2003-03-12;Hernani;España;España;194;83;https://media.api-sports.io/football/players/337843.png
336590;Aitor Gismera;21;2004-02-21;Getafe;España;España;182;76;https://media.api-sports.io/football/players/336590.png
330440;Aitor Mañas;22;2003-01-05;Madrid;España;España;185;;https://media.api-sports.io/football/players/330440.png
183849;Aitor Paredes;25;2000-04-29;Bilbao;España;España;186;76;https://media.api-sports.io/football/players/183849.png
47119;Aitor Ruibal;29;1996-03-22;Sallent de Llobregat;España;España;176;74;https://media.api-sports.io/football/players/47119.png
2544;Akram Afif;29;1996-11-18;Doha;Catar;Catar;177;70;https://media.api-sports.io/football/players/2544.png
182556;Alan Godoy;22;2003-05-04;Las Palmas de Gran Canaria;España;España;178;;https://media.api-sports.io/football/players/182556.png
91451;Alberto Aquilani;34;1984-07-07;Roma;Italia;Italia;185;81;https://media.api-sports.io/football/players/91451.png
41312;Alberto Bueno Calvo;34;1988-03-20;Madrid;España;España;179;67;https://media.api-sports.io/football/players/41312.png
46754;Alberto Cifuentes Martínez;41;1979-05-29;Albacete;España;España;189;80;https://media.api-sports.io/football/players/46754.png
360411;Alberto Collado López;20;2005-04-16;Algeciras;España;España;184;70;https://media.api-sports.io/football/players/360411.png
287653;Alberto Dadie;23;2002-07-20;San Sebastián;España;España;170;;https://media.api-sports.io/football/players/287653.png
308346;Alberto Flores;22;2003-11-10;Fuentes de Andalucía;España;España;186;80;https://media.api-sports.io/football/players/308346.png
47528;Alberto García;36;1985-02-09;Barcelona;España;España;181;77;https://media.api-sports.io/football/players/47528.png
47050;Alberto Guitián;35;1990-07-29;Los Corrales de Buelna;España;España;182;74;https://media.api-sports.io/football/players/47050.png
105108;Alberto Lopo García;37;1980-05-05;Barcelona;España;España;186;81;https://media.api-sports.io/football/players/105108.png
104807;Alberto López;30;1995-05-27;Granada;España;España;173;68;https://media.api-sports.io/football/players/104807.png
46690;Alberto Martín;36;1989-03-31;Badajoz;España;España;179;73;https://media.api-sports.io/football/players/46690.png
288074;Alberto Marí;24;2001-07-11;Alicante;España;España;183;78;https://media.api-sports.io/football/players/288074.png
182519;Alberto Moleiro;22;2003-09-30;Santa Cruz de Tenerife;España;España;172;67;https://media.api-sports.io/football/players/182519.png
288;Alberto Moreno;33;1992-07-05;Sevilla;España;España;171;65;https://media.api-sports.io/football/players/288.png
313548;Alberto Moreno;23;2002-04-19;Madrid;España;España;175;69;https://media.api-sports.io/football/players/313548.png
47041;Alberto Perea;34;1990-12-19;Albacete;España;España;177;74;https://media.api-sports.io/football/players/47041.png
104798;Alberto Redondo;28;1997-05-22;Cuenca;España;España;;;https://media.api-sports.io/football/players/104798.png
182486;Alberto Reina;28;1997-09-09;Chiclana de la Frontera;España;España;179;71;https://media.api-sports.io/football/players/182486.png
465838;Alberto Risco;20;2005-08-30;;España;España;157;42;https://media.api-sports.io/football/players/465838.png
47063;Alberto Soro;26;1999-03-09;Ejea de los Caballeros;España;España;173;64;https://media.api-sports.io/football/players/47063.png
181474;Alberto del Moral;25;2000-07-20;Villacañas;España;España;185;70;https://media.api-sports.io/football/players/181474.png
47504;Alcalá;36;1989-03-19;Mazarrón;España;España;196;93;https://media.api-sports.io/football/players/47504.png
46711;Aleix Febas;29;1996-02-02;Lleida;España;España;171;61;https://media.api-sports.io/football/players/46711.png
47516;Aleix García;28;1997-06-28;Ulldecona;España;España;173;68;https://media.api-sports.io/football/players/47516.png
336557;Aleix Garrido;21;2004-02-22;Ripoll;España;España;170;63;https://media.api-sports.io/football/players/336557.png
307005;Aleix Gorjón;23;2002-09-26;Sitges;España;España;182;71;https://media.api-sports.io/football/players/307005.png
2047;Aleix Vidal;34;1989-08-21;Puigpelat;España;España;177;70;https://media.api-sports.io/football/players/2047.png
161842;Alejandro Agustín;23;2002-07-07;Zaragoza;España;España;181;86;https://media.api-sports.io/football/players/161842.png
332315;Alejandro Alfaro;23;2002-06-15;Alicante;España;España;183;73;https://media.api-sports.io/football/players/332315.png
35903;Alejandro Arribas;36;1989-05-01;Madrid;España;España;182;76;https://media.api-sports.io/football/players/35903.png
161928;Alejandro Balde;22;2003-10-18;Barcelona;España;España;177;76;https://media.api-sports.io/football/players/161928.png
182742;Alejandro Cea;24;2001-01-07;El Masnou;España;España;180;;https://media.api-sports.io/football/players/182742.png
162434;Alejandro Francés;23;2002-08-01;Zaragoza;España;España;181;70;https://media.api-sports.io/football/players/162434.png
47534;Alejandro Gálvez;35;1989-06-06;Granada;España;España;188;79;https://media.api-sports.io/football/players/47534.png
439414;Alejandro Herranz;21;2004-11-26;;España;España;;;https://media.api-sports.io/football/players/439414.png
315604;Alejandro Iturbe;22;2003-09-02;Madrid;España;España;186;74;https://media.api-sports.io/football/players/315604.png
451594;Alejandro Monserrate;19;2006-01-28;Zaragoza;España;España;177;;https://media.api-sports.io/football/players/451594.png
332309;Alejandro Rego;22;2003-06-11;Bilbao;España;España;192;;https://media.api-sports.io/football/players/332309.png
91745;Alemão;27;1998-04-01;Anchieta;Brasil;Brasil;182;88;https://media.api-sports.io/football/players/91745.png
50158;Alessio Cerci;34;1987-07-23;Velletri;Italia;Italia;180;78;https://media.api-sports.io/football/players/50158.png
289826;Alex;21;2004-04-28;Mahón;España;España;;;https://media.api-sports.io/football/players/289826.png
388057;Alex Almansa;22;2003-11-08;;España;España;186;76;https://media.api-sports.io/football/players/388057.png
437594;Alex Costa;22;2003-01-12;Madrid;España;España;189;;https://media.api-sports.io/football/players/437594.png
449063;Alex Garcia;18;2007-09-17;;España;España;180;70;https://media.api-sports.io/football/players/449063.png
438293;Alex Morata;19;2006-07-06;;España;España;179;75;https://media.api-sports.io/football/players/438293.png
182627;Alex Petxarroman;28;1997-02-06;San Sebastián;España;España;179;67;https://media.api-sports.io/football/players/182627.png
546852;Alex Sancris;28;;;;;;;https://media.api-sports.io/football/players/546852.png
378;Alex Telles;33;1992-12-15;Caxias do Sul;Brasil;Brasil;181;71;https://media.api-sports.io/football/players/378.png
9972;Alexandre Pato;34;1989-09-02;Pato Branco;Brasil;Brasil;180;72;https://media.api-sports.io/football/players/9972.png
412699;Alexis Olmedo;19;2006-01-02;Manresa;España;España;;;https://media.api-sports.io/football/players/412699.png
44423;Alexis Ruano Delgado;35;1985-08-04;Málaga;España;España;182;75;https://media.api-sports.io/football/players/44423.png
47343;Alfa Semedo;28;1997-08-30;Bissau;Guinea-Bisáu;Guinea-Bisáu;190;75;https://media.api-sports.io/football/players/47343.png
119213;Alfon González;26;1999-05-04;Albacete;España;España;172;60;https://media.api-sports.io/football/players/119213.png
163630;Alfonso Pastor;25;2000-10-04;Bujalance;España;España;190;78;https://media.api-sports.io/football/players/163630.png
127374;Alfredo Pedraza;25;2000-12-20;Madrid;España;España;178;75;https://media.api-sports.io/football/players/127374.png
448243;Ali Houary;20;2005-08-05;Orihuela;España;Marruecos;178;74;https://media.api-sports.io/football/players/448243.png
47377;Anaitz Arbilla;38;1987-05-15;Pamplona;España;España;178;76;https://media.api-sports.io/football/players/47377.png
336653;Ander Astralaga;21;2004-03-03;Berango;España;España;190;77;https://media.api-sports.io/football/players/336653.png
116840;Ander Gayoso Reina;32;1993-07-20;Ermua;España;España;169;71;https://media.api-sports.io/football/players/116840.png
898;Ander Herrera;36;1989-08-14;Bilbao;España;España;182;71;https://media.api-sports.io/football/players/898.png
182640;Ander Iru;27;1998-08-22;Igorre;España;España;188;74;https://media.api-sports.io/football/players/182640.png
440428;Ander Izagirre;22;2003-06-28;Amorebieta-Etxano;España;España;185;72;https://media.api-sports.io/football/players/440428.png
183706;Ander Martín;25;2000-11-16;San Sebastián;España;España;176;78;https://media.api-sports.io/football/players/183706.png
401419;Ander Sánchez;21;2004-01-24;;España;España;;;https://media.api-sports.io/football/players/401419.png
46909;Andoni López;29;1996-04-05;Barakaldo;España;España;187;76;https://media.api-sports.io/football/players/46909.png
47297;Andoni Zubiaurre;29;1996-12-04;Ordizia;España;España;190;80;https://media.api-sports.io/football/players/47297.png
96476;Andorinha;29;1996-02-02;Barcelos;Portugal;Portugal;185;80;https://media.api-sports.io/football/players/96476.png
899;Andreas Pereira;29;1996-01-01;Duffel;Bélgica;Brasil;178;71;https://media.api-sports.io/football/players/899.png
51251;Andreu Fontàs;36;1989-11-14;Banyoles;España;España;188;91;https://media.api-sports.io/football/players/51251.png
41157;André Almeida;25;2000-05-30;Guimarães;Portugal;Portugal;176;62;https://media.api-sports.io/football/players/41157.png
41320;André Ferreira;29;1996-05-29;Vila Nova de Gaia;Portugal;Portugal;193;79;https://media.api-sports.io/football/players/41320.png
18765;André Gomes;32;1993-07-30;Grijó;Portugal;Portugal;188;84;https://media.api-sports.io/football/players/18765.png
2063;André Silva;30;1995-11-06;Gondomar;Portugal;Portugal;185;84;https://media.api-sports.io/football/players/2063.png
89886;André Zambo Anguissa;30;1995-11-16;;Camerún;Camerún;;;https://media.api-sports.io/football/players/89886.png
338902;Andrés Castrín;22;2003-05-26;Riotorto;España;España;188;83;https://media.api-sports.io/football/players/338902.png
441244;Andrés Cuenca;18;2007-06-11;Adamuz;España;España;181;74;https://media.api-sports.io/football/players/441244.png
1684;Andrés Fernández;39;1986-12-17;Murcia;España;España;187;82;https://media.api-sports.io/football/players/1684.png
33243;Andrés Iniesta;41;1984-05-11;Fuentealbilla;España;España;171;68;https://media.api-sports.io/football/players/33243.png
47209;Andrés Martín;26;1999-07-11;Aguadulce;España;España;177;64;https://media.api-sports.io/football/players/47209.png
47401;Andrés Prieto;32;1993-10-17;Alicante;España;España;194;91;https://media.api-sports.io/football/players/47401.png
135775;Ansu Fati;23;2002-10-31;Bissau;Guinea-Bisáu;España;178;66;https://media.api-sports.io/football/players/135775.png
389600;Antonino;21;2004-01-15;Lleida;España;España;180;72;https://media.api-sports.io/football/players/389600.png
104904;Antonio Amaya Carazo;36;1983-05-31;Madrid;España;España;192;86;https://media.api-sports.io/football/players/104904.png
182165;Antonio Aranda;25;2000-10-07;Huétor Vega;España;España;175;62;https://media.api-sports.io/football/players/182165.png
162686;Antonio Blanco;25;2000-07-23;Montalbán;España;España;176;70;https://media.api-sports.io/football/players/162686.png
47226;Antonio Cotán;30;1995-09-19;Olivares;España;España;175;69;https://media.api-sports.io/football/players/47226.png
333379;Antonio Gomis;22;2003-05-20;Elche;España;España;186;80;https://media.api-sports.io/football/players/333379.png
184361;Antonio Leal;26;1999-01-28;Villamartín;España;España;189;80;https://media.api-sports.io/football/players/184361.png
47455;Antonio Luna;34;1991-03-17;Son Servera;España;España;178;68;https://media.api-sports.io/football/players/47455.png
508284;Antonio Martinez;19;2006-04-09;Murcia;España;España;;;https://media.api-sports.io/football/players/508284.png
104858;Antonio Otegui;27;1998-03-07;Pamplona;España;España;174;63;https://media.api-sports.io/football/players/104858.png
264859;Antonio Pacheco;23;2002-01-03;Callosa de Segura;España;España;184;72;https://media.api-sports.io/football/players/264859.png
46689;Antonio Puertas;33;1992-02-21;Almería;España;España;183;77;https://media.api-sports.io/football/players/46689.png
105111;Antonio Rodríguez Martínez;39;1979-12-17;Alicante;España;España;182;81;https://media.api-sports.io/football/players/105111.png
2230;Antonio Rukavina;38;1984-01-26;Beograd;Serbia;Serbia;176;71;https://media.api-sports.io/football/players/2230.png
439709;Antonio Salguero;20;2005-06-11;;España;España;;;https://media.api-sports.io/football/players/439709.png
107194;Antonio Sánchez;28;1997-04-22;Palma de Mallorca;España;España;179;78;https://media.api-sports.io/football/players/107194.png
253699;Antonio Zarzana;23;2002-03-21;Jerez de la Frontera;España;España;177;;https://media.api-sports.io/football/players/253699.png
297742;Antoniu Roca;23;2002-05-09;Martorell;España;España;180;65;https://media.api-sports.io/football/players/297742.png
9971;Antony;25;2000-02-24;Osasco;Brasil;Brasil;174;63;https://media.api-sports.io/football/players/9971.png
47484;Antoñito;38;1987-12-24;Herrera;España;España;175;67;https://media.api-sports.io/football/players/47484.png
147797;Antoñín Cortés;25;2000-04-16;Málaga;España;España;182;71;https://media.api-sports.io/football/players/147797.png
47255;Antunes;38;1987-04-01;Freamunde;Portugal;Portugal;175;72;https://media.api-sports.io/football/players/47255.png
2673;António Alberto Bastos Pimparel;41;1982-05-01;Loures;Portugal;Portugal;182;76;https://media.api-sports.io/football/players/2673.png
189831;Arana;23;2002-02-19;Zarautz;España;España;197;80;https://media.api-sports.io/football/players/189831.png
46748;Aridai Cabrera;37;1988-09-26;Las Palmas de Gran Canaria;España;España;172;64;https://media.api-sports.io/football/players/46748.png
46654;Aridane;36;1989-03-23;Tuineje;España;España;186;77;https://media.api-sports.io/football/players/46654.png
152843;Aritz;26;1998-05-20;Vitoria-Gasteiz;España;España;187;84;https://media.api-sports.io/football/players/152843.png
131492;Aritz Arambarri;27;1998-01-31;Azkoitia;España;España;186;76;https://media.api-sports.io/football/players/131492.png
402168;Arkaitz Mariezkurrena;20;2005-04-05;Astigarraga;España;España;181;68;https://media.api-sports.io/football/players/402168.png
162695;Arnau Comas;25;2000-04-11;Cassà de la Selva;España;España;191;83;https://media.api-sports.io/football/players/162695.png
182795;Arnau Fàbrega;25;2000-06-28;Llançà;España;España;188;68;https://media.api-sports.io/football/players/182795.png
283668;Arnau Martínez;22;2003-04-25;Barcelona;España;España;182;72;https://media.api-sports.io/football/players/283668.png
138809;Arnau Puigmal;24;2001-01-10;Barcelona;España;España;173;69;https://media.api-sports.io/football/players/138809.png
329725;Arnau Rafús;22;2003-04-27;Vic;España;España;190;75;https://media.api-sports.io/football/players/329725.png
161931;Arnau Solà;22;2003-04-04;Amposta;España;España;179;73;https://media.api-sports.io/football/players/161931.png
162473;Arnau Tenas;24;2001-05-30;Vic;España;España;185;85;https://media.api-sports.io/football/players/162473.png
50131;Artem Kravets;34;1989-06-03;Dniprodzerjins'k;Ucrania;Ucrania;189;78;https://media.api-sports.io/football/players/50131.png
150;Arthur;29;1996-08-12;Goiânia;Brasil;Brasil;171;73;https://media.api-sports.io/football/players/150.png
105235;Arthur Boka;34;1983-04-02;Abidjan;Costa de Marfil;Costa de Marfil;166;67;https://media.api-sports.io/football/players/105235.png
522649;Arturo Rodríguez;19;2006-08-05;Mataró;España;España;;;https://media.api-sports.io/football/players/522649.png
77184;Asdrúbal;34;1991-03-13;Las Palmas de Gran Canaria;España;España;173;68;https://media.api-sports.io/football/players/77184.png
182618;Asier Córdoba;25;2000-03-31;Bilbao;España;España;184;70;https://media.api-sports.io/football/players/182618.png
381197;Asier Osambela;21;2004-02-08;Pamplona;España;España;186;75;https://media.api-sports.io/football/players/381197.png
47376;Asier Riesgo;40;1983-10-06;Deba;España;España;185;76;https://media.api-sports.io/football/players/47376.png
104853;Asier Villalibre;28;1997-09-30;Gernika;España;España;184;86;https://media.api-sports.io/football/players/104853.png
400948;Assane Diao;20;2005-09-07;Ndongane;España;España;185;80;https://media.api-sports.io/football/players/400948.png
622;Aymeric Laporte;31;1994-05-27;Agen;Francia;España;189;86;https://media.api-sports.io/football/players/622.png
18906;Ayoze Pérez;32;1993-07-29;Santa Cruz de Tenerife;España;España;178;66;https://media.api-sports.io/football/players/18906.png
46991;Aythami Artiles Oliva;39;1986-04-02;Arguineguín;España;España;184;79;https://media.api-sports.io/football/players/46991.png
237174;Álvaro Carrillo;23;2002-04-06;Murcia;España;España;182;72;https://media.api-sports.io/football/players/237174.png
113586;B. Adekanye;26;1999-02-14;Ibadan;Nigeria;Países Bajos;175;66;https://media.api-sports.io/football/players/113586.png
325664;B. Akinsola;22;2003-03-10;Lagos;Nigeria;Nigeria;175;67;https://media.api-sports.io/football/players/325664.png
1738;B. Barišić;33;1992-11-10;Osijek;Croacia;Croacia;186;80;https://media.api-sports.io/football/players/1738.png
19485;B. Brereton;26;1999-04-18;Stoke-on-Trent;Inglaterra;Chile;185;80;https://media.api-sports.io/football/players/19485.png
6048;B. Cufré;29;1996-12-15;Mar del Plata;Argentina;Argentina;179;82;https://media.api-sports.io/football/players/6048.png
22015;B. Dia;29;1996-11-16;Oyonnax;Francia;Senegal;180;75;https://media.api-sports.io/football/players/22015.png
191184;B. Dominguès;25;2000-06-06;Grenoble;Francia;Francia;172;63;https://media.api-sports.io/football/players/191184.png
47505;B. Espinosa;36;1989-07-11;Cali;Colombia;Colombia;192;85;https://media.api-sports.io/football/players/47505.png
125675;B. Fiabema;22;2003-02-16;Tromsø;Noruega;Noruega;183;72;https://media.api-sports.io/football/players/125675.png
127377;B. Garay;25;2000-04-19;Rosario;Argentina;Argentina;181;72;https://media.api-sports.io/football/players/127377.png
80957;B. Ideye;37;1988-10-10;Yenagoa;Nigeria;Nigeria;181;78;https://media.api-sports.io/football/players/80957.png
53495;B. Koné;33;1988-04-27;Ouagadougou;Burkina Faso;Burkina Faso;188;79;https://media.api-sports.io/football/players/53495.png
21566;B. Lecomte;34;1991-04-26;Paris;Francia;Francia;186;78;https://media.api-sports.io/football/players/21566.png
21087;B. Mendy;25;2000-01-12;Saint-Nazaire;Francia;Francia;191;82;https://media.api-sports.io/football/players/21087.png
3424;B. Mensah;31;1994-10-17;Accra;Ghana;Ghana;181;73;https://media.api-sports.io/football/players/3424.png
109564;B. Miovski;26;1999-06-24;Stip;Macedonia del Norte;Macedonia del Norte;189;76;https://media.api-sports.io/football/players/109564.png
10233;B. Méndez;26;1999-09-10;Montevideo;Uruguay;Uruguay;180;81;https://media.api-sports.io/football/players/10233.png
51588;B. Ocampo;26;1999-06-25;Florida;Uruguay;Uruguay;173;70;https://media.api-sports.io/football/players/51588.png
21153;B. Santamaría;30;1995-03-09;Saint-Doulchard;Francia;Francia;183;81;https://media.api-sports.io/football/players/21153.png
439640;B. Sina;22;2003-04-07;;Ghana;Ghana;;;https://media.api-sports.io/football/players/439640.png
22233;B. Soumaré;26;1999-02-27;Noisy-le-Sec;Francia;Francia;188;70;https://media.api-sports.io/football/players/22233.png
671;B. Traoré;30;1995-09-06;Bobo-Dioulasso;Burkina Faso;Burkina Faso;181;73;https://media.api-sports.io/football/players/671.png
113711;B. Trémoulinas;36;1985-12-28;Bordeaux;Francia;Francia;172;65;https://media.api-sports.io/football/players/113711.png
68483;B. Yıldırım;23;2002-07-12;İstanbul;Turquía;Turquía;191;83;https://media.api-sports.io/football/players/68483.png
47272;Balenziaga;36;1988-02-29;Zumárraga;España;España;177;76;https://media.api-sports.io/football/players/47272.png
8746;Bambo Diaby;28;1997-12-17;Mataró;España;España;186;81;https://media.api-sports.io/football/players/8746.png
46669;Barbero;27;1998-08-17;Roquetas de Mar;España;España;186;78;https://media.api-sports.io/football/players/46669.png
1560;Barragán;35;1987-06-12;Pontedeume;España;España;182;76;https://media.api-sports.io/football/players/1560.png
47317;Barrenetxea;24;2001-12-27;San Sebastián;España;España;175;74;https://media.api-sports.io/football/players/47317.png
46713;Barri;30;1995-09-19;Salamanca;España;España;188;81;https://media.api-sports.io/football/players/46713.png
47553;Bebé;35;1990-07-12;Agualva-Cacém;Portugal;Cabo Verde;190;83;https://media.api-sports.io/football/players/47553.png
47111;Benito Ramírez;30;1995-07-11;La Aldea de San Nicolás;España;España;180;70;https://media.api-sports.io/football/players/47111.png
47259;Bergara;34;1986-05-05;Elgoibar;España;España;180;74;https://media.api-sports.io/football/players/47259.png
47280;Beñat;34;1987-02-19;Igorre;España;España;176;75;https://media.api-sports.io/football/players/47280.png
182617;Beñat Prados;24;2001-02-08;Pamplona;España;España;180;72;https://media.api-sports.io/football/players/182617.png
183744;Beñat Turrientes;23;2002-01-31;Beasain;España;España;181;70;https://media.api-sports.io/football/players/183744.png
332219;Biel Farres;23;2002-05-01;Vic;España;España;180;78;https://media.api-sports.io/football/players/332219.png
47378;Bigas;35;1990-05-15;Palma de Mallorca;España;España;181;83;https://media.api-sports.io/football/players/47378.png
53702;Bojan Jokić;36;1986-05-17;Kranj;Eslovenia;Eslovenia;176;77;https://media.api-sports.io/football/players/53702.png
19512;Bojan Krkić;33;1990-08-28;Linyola;España;España;170;65;https://media.api-sports.io/football/players/19512.png
47370;Borja Bastón;33;1992-08-25;Madrid;España;España;186;83;https://media.api-sports.io/football/players/47370.png
15510;Borja Ekiza Imaz;34;1988-03-06;Pamplona;España;España;182;73;https://media.api-sports.io/football/players/15510.png
40258;Borja Fernández;30;1995-08-16;Vigo;España;España;178;71;https://media.api-sports.io/football/players/40258.png
47486;Borja Fernández Fernández;38;1981-01-14;Orense;España;España;189;82;https://media.api-sports.io/football/players/47486.png
55;Borja Garcés;26;1999-08-06;Melilla;España;España;183;71;https://media.api-sports.io/football/players/55.png
47515;Borja García;34;1990-11-02;Torremocha de Jarama;España;España;175;72;https://media.api-sports.io/football/players/47515.png
46707;Borja Herrera;32;1993-01-08;Las Palmas de Gran Canaria;España;España;178;70;https://media.api-sports.io/football/players/46707.png
47348;Borja Iglesias;32;1993-01-17;Santiago de Compostela;España;España;187;86;https://media.api-sports.io/football/players/47348.png
47083;Borja Lasso;27;1994-01-01;Sevilla;España;España;177;70;https://media.api-sports.io/football/players/47083.png
47472;Borja Mayoral;28;1997-04-05;Parla;España;España;182;68;https://media.api-sports.io/football/players/47472.png
133453;Borja Sainz;24;2001-02-01;Leioa;España;España;178;75;https://media.api-sports.io/football/players/133453.png
46862;Borja Sánchez;29;1996-02-26;Oviedo;España;España;185;80;https://media.api-sports.io/football/players/46862.png
46807;Borja Valle;33;1992-07-09;Ponferrada;España;España;180;74;https://media.api-sports.io/football/players/46807.png
456612;Borja Vazquez;20;2005-01-18;Jerez de la Frontera;España;España;188;;https://media.api-sports.io/football/players/456612.png
47150;Borja Viguera Manzanares;35;1987-03-26;Logroño;España;España;184;74;https://media.api-sports.io/football/players/47150.png
744;Brahim Díaz;26;1999-08-03;Málaga;España;Marruecos;171;59;https://media.api-sports.io/football/players/744.png
107147;Brahima Fati;27;1998-08-03;Bissau;Guinea-Bisáu;Guinea-Bisáu;176;;https://media.api-sports.io/football/players/107147.png
47440;Brais Méndez;28;1997-01-07;Mos;España;España;187;76;https://media.api-sports.io/football/players/47440.png
46670;Brandon Thomas;30;1995-02-04;Santanyí;España;España;173;71;https://media.api-sports.io/football/players/46670.png
46764;Brian Oliván;31;1994-04-01;Barcelona;España;España;177;73;https://media.api-sports.io/football/players/46764.png
47225;Brugui;29;1996-11-04;Báscara;España;España;173;68;https://media.api-sports.io/football/players/47225.png
1163;Bruma;31;1994-10-24;Bissau;Guinea-Bisáu;Portugal;173;70;https://media.api-sports.io/football/players/1163.png
47252;Bruno;33;1990-05-24;Las Galletas;España;España;185;83;https://media.api-sports.io/football/players/47252.png
1704;Bruno;37;1984-06-12;Artana;España;España;184;73;https://media.api-sports.io/football/players/1704.png
68202;Bruno Gama;38;1987-11-15;Vila Verde;Portugal;Portugal;175;73;https://media.api-sports.io/football/players/68202.png
354550;Bruno Iribarne;21;2004-08-18;Almería;España;España;191;73;https://media.api-sports.io/football/players/354550.png
126901;Bruno Langa;28;1997-10-31;Maputo;Mozambique;Mozambique;178;70;https://media.api-sports.io/football/players/126901.png
2061;Bryan Gil;24;2001-02-11;Barbate;España;España;175;60;https://media.api-sports.io/football/players/2061.png
286639;Bryan Zaragoza;24;2001-04-25;Málaga;España;España;164;61;https://media.api-sports.io/football/players/286639.png
47362;Burgui;30;1993-10-29;Burguillos del Cerro;España;España;184;75;https://media.api-sports.io/football/players/47362.png
3423;C. Atsu;31;1992-01-10;Ada Foah;Ghana;Ghana;165;65;https://media.api-sports.io/football/players/3423.png
50026;C. Awaziem;28;1997-01-01;Enugu;Nigeria;Nigeria;189;78;https://media.api-sports.io/football/players/50026.png
1706;C. Bacca;39;1986-09-08;Puerto Colombia;Colombia;Colombia;181;77;https://media.api-sports.io/football/players/1706.png
3033;C. Bakambu;34;1991-04-11;Ivry;Francia;República Democrática del Congo;182;73;https://media.api-sports.io/football/players/3033.png
21648;C. Beauvue;37;1988-04-16;Saint-Claude;Guadalupe;Guadalupe;174;66;https://media.api-sports.io/football/players/21648.png
6085;C. Benavídez;27;1998-03-30;Montevideo;Uruguay;Uruguay;185;76;https://media.api-sports.io/football/players/6085.png
30396;C. Biraghi;33;1992-09-01;Cernusco sul Naviglio;Italia;Italia;185;78;https://media.api-sports.io/football/players/30396.png
2840;C. Borges;37;1988-05-27;San José;Costa Rica;Costa Rica;182;75;https://media.api-sports.io/football/players/2840.png
614;C. Bravo;42;1983-04-13;Buin;Chile;Chile;184;84;https://media.api-sports.io/football/players/614.png
47462;C. Doukouré;33;1992-09-11;Abidjan;Costa de Marfil;Costa de Marfil;180;82;https://media.api-sports.io/football/players/47462.png
414385;C. Echeverri;19;2006-01-02;Resistencia;Argentina;Argentina;171;62;https://media.api-sports.io/football/players/414385.png
39121;C. Ejuke;27;1998-01-02;Zaria;Nigeria;Nigeria;176;72;https://media.api-sports.io/football/players/39121.png
51177;C. Espinoza;30;1995-04-03;Buenos Aires;Argentina;Argentina;175;73;https://media.api-sports.io/football/players/51177.png
67972;C. Gallagher;25;2000-02-06;Epsom;Inglaterra;Inglaterra;183;77;https://media.api-sports.io/football/players/67972.png
47126;C. Ganea;33;1992-05-24;Bistrița;Rumanía;Rumanía;176;72;https://media.api-sports.io/football/players/47126.png
2208;C. Grenier;33;1991-01-07;Annonay;Francia;Francia;186;72;https://media.api-sports.io/football/players/2208.png
47582;C. Hernández;26;1999-04-20;Pereira;Colombia;Colombia;175;73;https://media.api-sports.io/football/players/47582.png
1863;C. Immobile;35;1990-02-20;Torre Annunziata;Italia;Italia;185;78;https://media.api-sports.io/football/players/1863.png
1335;C. Kameni;40;1984-02-18;Douala;Camerún;Camerún;186;86;https://media.api-sports.io/football/players/1335.png
2001;C. Larin;30;1995-04-17;Brampton;Canadá;Canadá;188;83;https://media.api-sports.io/football/players/2001.png
133;C. Lenglet;30;1995-06-17;Beauvais;Francia;Francia;186;81;https://media.api-sports.io/football/players/133.png
548734;C. Macia;17;;;;;;;https://media.api-sports.io/football/players/548734.png
2873;C. Montes;28;1997-02-24;Hermosillo;México;México;195;89;https://media.api-sports.io/football/players/2873.png
37125;C. Musonda;29;1996-10-15;Brussel;Bélgica;Bélgica;173;66;https://media.api-sports.io/football/players/37125.png
30568;C. Oliva;29;1996-06-01;Ciudad del Plata;Uruguay;Uruguay;178;77;https://media.api-sports.io/football/players/30568.png
19284;C. Pantilimon;34;1987-02-01;Bacău;Rumanía;Rumanía;203;90;https://media.api-sports.io/football/players/19284.png
921;C. Piccini;33;1992-09-26;Firenze;Italia;Italia;189;87;https://media.api-sports.io/football/players/921.png
48555;C. Pickel;28;1997-05-15;Solothurn;Suiza;Suiza;187;76;https://media.api-sports.io/football/players/48555.png
278898;C. Riad;22;2003-06-17;Palma de Mallorca;España;Marruecos;186;78;https://media.api-sports.io/football/players/278898.png
282054;C. Riedel;22;2003-07-19;Wölfersheim;Alemania;Alemania;186;83;https://media.api-sports.io/football/players/282054.png
46810;C. Santos;37;1988-03-24;Puerto Ordaz;Venezuela;Venezuela;184;79;https://media.api-sports.io/football/players/46810.png
181724;C. Sarr;25;2000-04-21;;Senegal;Senegal;194;85;https://media.api-sports.io/football/players/181724.png
47988;C. Starfelt;30;1995-06-01;Stockholm;Suecia;Suecia;187;83;https://media.api-sports.io/football/players/47988.png
2617;C. Stuani;39;1986-10-12;Tala;Uruguay;Uruguay;186;76;https://media.api-sports.io/football/players/2617.png
18827;C. Sánchez;39;1986-02-06;Quibdó;Colombia;Colombia;182;82;https://media.api-sports.io/football/players/18827.png
51046;C. Vela;36;1989-03-01;Cancún;México;México;177;77;https://media.api-sports.io/football/players/51046.png
72048;C. Özkacar;25;2000-10-06;İzmir;Turquía;Turquía;190;87;https://media.api-sports.io/football/players/72048.png
185599;Calderón;25;2000-01-07;Paradas;España;España;170;60;https://media.api-sports.io/football/players/185599.png
266658;Calebe;25;2000-04-30;Ribeirão Preto;Brasil;Brasil;173;67;https://media.api-sports.io/football/players/266658.png
18998;Camarasa;31;1994-05-28;Meliana;España;España;183;76;https://media.api-sports.io/football/players/18998.png
47464;Campaña;32;1993-05-31;Sevilla;España;España;179;70;https://media.api-sports.io/football/players/47464.png
46875;Canella;36;1988-02-07;Pola de Laviana;España;España;179;76;https://media.api-sports.io/football/players/46875.png
182671;Cantero;25;2000-06-08;Madrid;España;España;180;71;https://media.api-sports.io/football/players/182671.png
47274;Capa;33;1992-02-08;Portugalete;España;España;175;75;https://media.api-sports.io/football/players/47274.png
3170;Carl Medjani;36;1985-05-15;Lyon;Francia;Argelia;183;77;https://media.api-sports.io/football/players/3170.png
143;Carles Aleñá;27;1998-01-05;Mataró;España;España;180;70;https://media.api-sports.io/football/players/143.png
349046;Carles Garrido;21;2004-10-04;;España;España;182;;https://media.api-sports.io/football/players/349046.png
51012;Carles Gil;33;1992-11-22;Valencia;España;España;171;65;https://media.api-sports.io/football/players/51012.png
47509;Carles Planas Antolínez;30;1991-03-04;Sant Celoni;España;España;173;76;https://media.api-sports.io/football/players/47509.png
67955;Carles Pérez;27;1998-02-16;Granollers;España;España;173;75;https://media.api-sports.io/football/players/67955.png
163208;Carles Soler;25;2000-04-05;;España;España;;;https://media.api-sports.io/football/players/163208.png
184196;Carlo Adriano;24;2001-02-12;Vila-real;España;España;181;;https://media.api-sports.io/football/players/184196.png
47561;Carlos Akapo;32;1993-03-12;Elche;España;Guinea Ecuatorial;179;70;https://media.api-sports.io/football/players/47561.png
387530;Carlos Ballestero García;21;2004-04-24;;España;España;178;;https://media.api-sports.io/football/players/387530.png
297740;Carlos Benítez;23;2002-11-25;Catarroja;España;España;;;https://media.api-sports.io/football/players/297740.png
104811;Carlos Calderón;30;1995-04-14;Almansa;España;España;183;70;https://media.api-sports.io/football/players/104811.png
46884;Carlos Carmona Bonet;36;1987-07-05;Palma de Mallorca;España;España;177;71;https://media.api-sports.io/football/players/46884.png
46983;Carlos Castro García;27;1995-06-01;Ujo;España;España;177;68;https://media.api-sports.io/football/players/46983.png
286559;Carlos Domínguez;24;2001-02-11;Vigo;España;España;187;81;https://media.api-sports.io/football/players/286559.png
162034;Carlos Dotor;24;2001-03-15;Madrid;España;España;180;68;https://media.api-sports.io/football/players/162034.png
450497;Carlos Espí;20;2005-07-24;;España;España;185;90;https://media.api-sports.io/football/players/450497.png
46808;Carlos Fernández;29;1996-05-22;Castilleja de Guzmán;España;España;186;71;https://media.api-sports.io/football/players/46808.png
144261;Carlos García-Die;25;2000-07-07;Barcelona;España;España;188;75;https://media.api-sports.io/football/players/144261.png
297744;Carlos Giménez;22;2003-02-18;Sedaví;España;España;181;79;https://media.api-sports.io/football/players/297744.png
388032;Carlos Guirao;22;2003-04-27;Madrid;España;España;175;68;https://media.api-sports.io/football/players/388032.png
116823;Carlos Gurpegi Nausia;36;1980-08-19;Pamplona;España;España;181;77;https://media.api-sports.io/football/players/116823.png
36;Carlos Isaac;27;1998-04-30;Navalmoral de la Mata;España;España;184;74;https://media.api-sports.io/football/players/36.png
290687;Carlos León;23;2002-12-05;Málaga;España;España;185;;https://media.api-sports.io/football/players/290687.png
429554;Carlos Lumbreras;20;2005-02-20;;España;España;180;74;https://media.api-sports.io/football/players/429554.png
324750;Carlos Martín;23;2002-04-22;Madrid;España;España;184;73;https://media.api-sports.io/football/players/324750.png
46852;Carlos Martínez Díez;34;1986-04-09;Lodosa;España;España;189;79;https://media.api-sports.io/football/players/46852.png
116438;Carlos Marín;28;1997-02-20;Almería;España;España;187;79;https://media.api-sports.io/football/players/116438.png
46682;Carlos Neva;29;1996-06-12;Puerto de Santa María;España;España;174;64;https://media.api-sports.io/football/players/46682.png
162603;Carlos Rojas;23;2002-04-18;Cuenca;España;España;176;;https://media.api-sports.io/football/players/162603.png
184420;Carlos Romero;24;2001-10-29;Torrent;España;España;180;73;https://media.api-sports.io/football/players/184420.png
930;Carlos Soler;28;1997-01-02;Valencia;España;España;180;76;https://media.api-sports.io/football/players/930.png
187214;Carlos Vicente;26;1999-04-23;Zaragoza;España;España;179;72;https://media.api-sports.io/football/players/187214.png
47359;Carlos Vigaray;31;1994-09-07;Leganés;España;España;182;80;https://media.api-sports.io/football/players/47359.png
182770;Carlos Álvarez;22;2003-08-06;Sanlúcar la Mayor;España;España;167;75;https://media.api-sports.io/football/players/182770.png
747;Casemiro;33;1992-02-23;São José dos Campos;Brasil;Brasil;185;84;https://media.api-sports.io/football/players/747.png
47533;Catena;31;1994-10-28;Madrid;España;España;194;82;https://media.api-sports.io/football/players/47533.png
450562;Cayetano;20;2005-02-26;Alcázar de San Juan;España;España;188;;https://media.api-sports.io/football/players/450562.png
2369;Cañas;37;1987-05-27;Jerez de la Frontera;España;España;178;69;https://media.api-sports.io/football/players/2369.png
47394;Charles;40;1984-04-04;Bélem;Brasil;Brasil;179;76;https://media.api-sports.io/football/players/47394.png
162449;Charlie Pérez;23;2002-06-07;;España;España;;;https://media.api-sports.io/football/players/162449.png
47049;Chechu Dorado;41;1982-07-10;Córdoba;España;España;180;70;https://media.api-sports.io/football/players/47049.png
287461;Cheikh Diamanka;24;2001-01-20;;España;España;;;https://media.api-sports.io/football/players/287461.png
443152;Cheli;20;2005-07-05;;España;España;;;https://media.api-sports.io/football/players/443152.png
47459;Chema Rodríguez;33;1992-03-03;Caudete;España;España;189;80;https://media.api-sports.io/football/players/47459.png
299877;Chinchu;23;2002-03-05;;España;España;;;https://media.api-sports.io/football/players/299877.png
195962;Chiquinho;25;2000-02-05;Cascais;Portugal;Portugal;179;73;https://media.api-sports.io/football/players/195962.png
104792;Chris Ramos;28;1997-01-16;Cádiz;España;España;193;80;https://media.api-sports.io/football/players/104792.png
403554;Christantus Uche;22;2003-05-19;Owerri;España;España;190;84;https://media.api-sports.io/football/players/403554.png
46872;Christian Joel;26;1999-07-09;La Habana;Cuba;Cuba;193;88;https://media.api-sports.io/football/players/46872.png
47578;Christian Rivera;28;1997-07-09;Gijón;España;España;191;87;https://media.api-sports.io/football/players/47578.png
104826;Chuca;28;1997-06-10;;España;España;182;75;https://media.api-sports.io/football/players/104826.png
331004;Chuky San José;21;2004-04-29;Valladolid;España;España;172;64;https://media.api-sports.io/football/players/331004.png
129;Chumi;26;1999-03-02;A Laracha;España;España;186;78;https://media.api-sports.io/football/players/129.png
46816;Cifu;35;1990-10-05;Zújar;España;España;174;66;https://media.api-sports.io/football/players/46816.png
107170;Claudio Medina;32;1993-09-04;León;España;España;186;83;https://media.api-sports.io/football/players/107170.png
46651;Clerc;33;1992-02-21;Badalona;España;España;182;72;https://media.api-sports.io/football/players/46651.png
309364;Coba;23;2002-07-26;La Mojonera;España;España;182;73;https://media.api-sports.io/football/players/309364.png
47451;Coke;37;1987-04-26;Madrid;España;España;182;78;https://media.api-sports.io/football/players/47451.png
286623;Coke Carrillo;23;2002-01-07;Poio;España;España;188;76;https://media.api-sports.io/football/players/286623.png
181582;Copete;26;1999-10-10;Écija;España;España;192;73;https://media.api-sports.io/football/players/181582.png
47384;Cote;36;1989-09-05;Gijón;España;España;182;74;https://media.api-sports.io/football/players/47384.png
333682;Cristhian Mosquera;21;2004-06-27;Alicante;España;España;191;78;https://media.api-sports.io/football/players/333682.png
47180;Cristian Herrera;34;1991-03-13;Las Palmas de Gran Canaria;España;España;181;76;https://media.api-sports.io/football/players/47180.png
913;Cristian Rivero;27;1998-03-21;Gandía;España;España;188;75;https://media.api-sports.io/football/players/913.png
1586;Cristian Tello;34;1991-08-11;Sabadell;España;España;178;65;https://media.api-sports.io/football/players/1586.png
874;Cristiano Ronaldo;40;1985-02-05;Funchal;Portugal;Portugal;187;83;https://media.api-sports.io/football/players/874.png
129055;Cristo;25;2000-04-30;Algeciras;España;España;173;62;https://media.api-sports.io/football/players/129055.png
761;Cristo González;28;1997-10-24;Santa Cruz de Tenerife;España;España;179;69;https://media.api-sports.io/football/players/761.png
347877;Curro Muñoz;22;2003-01-07;Jerez de la Frontera;España;España;;;https://media.api-sports.io/football/players/347877.png
104932;Curro Sánchez;29;1996-01-03;La Palma del Condado;España;España;173;71;https://media.api-sports.io/football/players/104932.png
2280;César Azpilicueta;36;1989-08-28;Pamplona;España;España;178;76;https://media.api-sports.io/football/players/2280.png
286795;César Fernández;21;2004-09-28;O Barco de Valdeorras;España;España;181;74;https://media.api-sports.io/football/players/286795.png
129656;César Moreno;24;2001-04-23;;España;España;183;71;https://media.api-sports.io/football/players/129656.png
386306;César Palacios;21;2004-11-11;Soria;España;España;182;68;https://media.api-sports.io/football/players/386306.png
333672;César Tárrega;23;2002-02-26;Valencia;España;España;194;78;https://media.api-sports.io/football/players/333672.png
46919;César de la Hoz;33;1992-03-30;Orejo;España;España;179;74;https://media.api-sports.io/football/players/46919.png
126640;D. Affengruber;24;2001-03-19;Scheibbs;Austria;Austria;185;79;https://media.api-sports.io/football/players/126640.png
505;D. Alaba;33;1992-06-24;Wien;Austria;Austria;180;78;https://media.api-sports.io/football/players/505.png
2478;D. Benedetto;35;1990-05-17;Berazategui;Argentina;Argentina;177;75;https://media.api-sports.io/football/players/2478.png
548853;D. Bladi;21;;;;;;;https://media.api-sports.io/football/players/548853.png
531;D. Blind;35;1990-03-09;Amsterdam;Países Bajos;Países Bajos;180;72;https://media.api-sports.io/football/players/531.png
2157;D. Boiko;36;1988-01-29;Kyiv;Ucrania;Ucrania;197;85;https://media.api-sports.io/football/players/2157.png
1685;D. Bonera;38;1981-05-31;Brescia;Italia;Italia;183;84;https://media.api-sports.io/football/players/1685.png
47361;D. Brašanac;33;1992-02-12;Čajetina;Serbia;Serbia;178;73;https://media.api-sports.io/football/players/47361.png
297304;D. Camara;23;2002-11-04;Banyoles;España;Mauritania;178;74;https://media.api-sports.io/football/players/297304.png
923;D. Cheryshev;35;1990-12-26;Nizhniy Novgorod;Rusia;Rusia;179;74;https://media.api-sports.io/football/players/923.png
47250;D. Dakonam;34;1991-12-31;Lomé;Togo;Togo;178;71;https://media.api-sports.io/football/players/47250.png
104861;D. Digard;35;1986-07-12;Gisors;Francia;Francia;183;76;https://media.api-sports.io/football/players/104861.png
353444;D. Doumbia;23;2002-01-01;;Mali;Mali;188;80;https://media.api-sports.io/football/players/353444.png
61160;D. Dražić;30;1995-09-26;Sombor;Serbia;Serbia;175;69;https://media.api-sports.io/football/players/61160.png
37892;D. Eckert Ayensa;28;1997-01-09;Bonn;Alemania;Alemania;182;80;https://media.api-sports.io/football/players/37892.png
47251;D. Foulquier;32;1993-03-23;Sarcelles;Francia;Guadalupe;183;72;https://media.api-sports.io/football/players/47251.png
32;D. Godín;39;1986-02-16;Rosario;Uruguay;Uruguay;187;78;https://media.api-sports.io/football/players/32.png
61142;D. Greif;28;1997-04-06;Bratislava;Eslovaquia;Eslovaquia;197;82;https://media.api-sports.io/football/players/61142.png
53517;D. Hadžikadunić;27;1998-07-09;Malmö;Suecia;Bosnia y Herzegovina;191;81;https://media.api-sports.io/football/players/53517.png
30399;D. Hancko;28;1997-12-13;Prievidza;Eslovaquia;Eslovaquia;188;82;https://media.api-sports.io/football/players/30399.png
1304;D. Horkaš;26;1999-03-10;Sisak;Croacia;Croacia;189;77;https://media.api-sports.io/football/players/1304.png
361497;D. Huijsen;20;2005-04-14;Amsterdam;Países Bajos;Países Bajos;195;87;https://media.api-sports.io/football/players/361497.png
383647;D. Kochen;19;2006-03-19;Miami;Estados Unidos;Estados Unidos;189;83;https://media.api-sports.io/football/players/383647.png
1328;D. Kądzior;33;1992-06-16;Białystok;Polonia;Polonia;174;71;https://media.api-sports.io/football/players/1328.png
1577;D. Lainez;25;2000-06-09;Villahermosa;México;México;168;58;https://media.api-sports.io/football/players/1577.png
1305;D. Livaković;30;1995-01-09;Zadar;Croacia;Croacia;188;79;https://media.api-sports.io/football/players/1305.png
203468;D. Lopy;23;2002-02-02;Bambilor;Senegal;Senegal;186;76;https://media.api-sports.io/football/players/203468.png
25458;D. Lukebakio;28;1997-09-24;Asse;Bélgica;Bélgica;187;77;https://media.api-sports.io/football/players/25458.png
297646;D. Luna;22;2003-05-07;Cali;Colombia;Colombia;179;66;https://media.api-sports.io/football/players/297646.png
2459;D. Machís;32;1993-02-07;Tucupita;Venezuela;Venezuela;170;68;https://media.api-sports.io/football/players/2459.png
562472;D. Menendez;20;;;;;;;https://media.api-sports.io/football/players/562472.png
565586;D. Morcillo;22;;;;;;;https://media.api-sports.io/football/players/565586.png
47577;D. Musto;38;1987-06-09;Casilda;Argentina;Argentina;183;80;https://media.api-sports.io/football/players/47577.png
2875;D. Reyes;33;1992-09-19;Ciudad de México;México;México;190;76;https://media.api-sports.io/football/players/2875.png
8716;D. Roef;31;1994-02-06;Rumst;Bélgica;Bélgica;187;84;https://media.api-sports.io/football/players/8716.png
47373;D. Rolán;30;1993-03-24;Montevideo;Uruguay;Uruguay;177;73;https://media.api-sports.io/football/players/47373.png
1094;D. Samassékou;29;1996-01-11;Bamako;Mali;Mali;175;70;https://media.api-sports.io/football/players/1094.png
536;D. Sinkgraven;30;1995-07-04;Assen;Países Bajos;Países Bajos;179;67;https://media.api-sports.io/football/players/536.png
47409;D. Siovas;37;1988-09-16;Drama;Grecia;Grecia;192;83;https://media.api-sports.io/football/players/47409.png
957;D. Sow;28;1997-02-06;Zürich;Suiza;Suiza;183;76;https://media.api-sports.io/football/players/957.png
348029;D. Stamatakis;22;2003-04-23;Athens;Grecia;Grecia;191;83;https://media.api-sports.io/football/players/348029.png
47257;D. Suárez;37;1988-04-27;Montevideo;Uruguay;Uruguay;173;74;https://media.api-sports.io/football/players/47257.png
46720;D. Torres;36;1989-11-15;Caquezá;Colombia;Colombia;183;78;https://media.api-sports.io/football/players/46720.png
1291;D. Vavro;29;1996-04-10;Partizánske;Eslovaquia;Eslovaquia;189;81;https://media.api-sports.io/football/players/1291.png
47500;D. Verde;29;1996-06-20;Napoli;Italia;Italia;168;64;https://media.api-sports.io/football/players/47500.png
932;D. Wass;36;1989-05-31;Gladsaxe;Dinamarca;Dinamarca;181;74;https://media.api-sports.io/football/players/932.png
547;D. van de Beek;28;1997-04-18;Nijkerkerveen;Países Bajos;Países Bajos;184;76;https://media.api-sports.io/football/players/547.png
1902;D. Ćaleta-Car;29;1996-09-17;Šibenik;Croacia;Croacia;192;89;https://media.api-sports.io/football/players/1902.png
47493;D. Čop;35;1990-02-01;Vinkovci;Croacia;Croacia;184;72;https://media.api-sports.io/football/players/47493.png
286796;Damián Rodríguez;22;2003-03-17;Ponteareas;España;España;180;75;https://media.api-sports.io/football/players/286796.png
256;Dani Alves;42;1983-05-06;Juazeiro;Brasil;Brasil;172;70;https://media.api-sports.io/football/players/256.png
46966;Dani Calvo;31;1994-04-01;Huesca;España;España;190;82;https://media.api-sports.io/football/players/46966.png
733;Dani Carvajal;33;1992-01-11;Leganés;España;España;173;73;https://media.api-sports.io/football/players/733.png
46992;Dani Castellano;38;1987-11-02;Las Palmas de Gran Canaria;España;España;180;70;https://media.api-sports.io/football/players/46992.png
748;Dani Ceballos;29;1996-08-07;Sevilla;España;España;179;70;https://media.api-sports.io/football/players/748.png
156488;Dani Cárdenas;28;1997-03-28;Terrassa;España;España;186;80;https://media.api-sports.io/football/players/156488.png
412738;Dani Díaz;19;2006-06-22;Torrelavega;España;España;167;;https://media.api-sports.io/football/players/412738.png
47179;Dani Escriche;27;1998-03-24;Burriana;España;España;178;75;https://media.api-sports.io/football/players/47179.png
47281;Dani García;35;1990-05-24;Zumárraga;España;España;180;81;https://media.api-sports.io/football/players/47281.png
46784;Dani Giménez;38;1983-07-30;Vigo;España;España;185;81;https://media.api-sports.io/football/players/46784.png
119232;Dani Gómez;27;1998-07-30;Alcorcón;España;España;178;69;https://media.api-sports.io/football/players/119232.png
386869;Dani MartÃ­nez;21;2004-05-05;Zaragoza;España;España;;;https://media.api-sports.io/football/players/386869.png
46871;Dani Martín;27;1998-07-08;Gijón;España;España;187;76;https://media.api-sports.io/football/players/46871.png
104806;Dani Molina;29;1996-03-14;Huelva;España;España;178;68;https://media.api-sports.io/football/players/104806.png
46694;Dani Ojeda;31;1994-12-03;Las Palmas de Gran Canaria;España;España;177;72;https://media.api-sports.io/football/players/46694.png
1323;Dani Olmo;27;1998-05-07;Terrassa;España;España;182;73;https://media.api-sports.io/football/players/1323.png
46837;Dani Pacheco;34;1991-01-05;Málaga;España;España;170;70;https://media.api-sports.io/football/players/46837.png
928;Dani Parejo;36;1989-04-16;Coslada;España;España;182;74;https://media.api-sports.io/football/players/928.png
122918;Dani Plomer;27;1998-11-30;Palma de Mallorca;España;España;179;72;https://media.api-sports.io/football/players/122918.png
351131;Dani Pérez;20;2005-07-26;Sevilla;España;España;173;64;https://media.api-sports.io/football/players/351131.png
1708;Dani Raba;30;1995-10-29;Santander;España;España;184;76;https://media.api-sports.io/football/players/1708.png
104804;Dani Rebollo;26;1999-12-10;Lepe;España;España;185;77;https://media.api-sports.io/football/players/104804.png
46742;Dani Rodríguez;37;1988-06-06;Betanzos;España;España;178;71;https://media.api-sports.io/football/players/46742.png
371912;Dani Rodríguez;20;2005-08-09;Astigarraga;España;España;;;https://media.api-sports.io/football/players/371912.png
182719;Dani Villahermosa;24;2001-01-02;Barcelona;España;España;172;63;https://media.api-sports.io/football/players/182719.png
47278;Dani Vivian;26;1999-07-05;Vitoria;España;España;183;78;https://media.api-sports.io/football/players/47278.png
14482;Daniel Arnaud N'Di;30;1995-08-18;Douala;Camerún;Camerún;179;76;https://media.api-sports.io/football/players/14482.png
455356;Daniel Budesca;19;2006-05-27;Murcia;España;España;183;;https://media.api-sports.io/football/players/455356.png
2043;Daniel Filipe Martins Carriço;34;1988-08-04;Cascais;Portugal;Portugal;180;79;https://media.api-sports.io/football/players/2043.png
763;Daniel Fuzato;28;1997-07-04;Santa Bárbara D'Oeste;Brasil;Brasil;190;88;https://media.api-sports.io/football/players/763.png
441497;Daniel Yañez;18;2007-03-28;Cádiz;España;España;177;73;https://media.api-sports.io/football/players/441497.png
618;Danilo;34;1991-07-15;Bicas;Brasil;Brasil;184;78;https://media.api-sports.io/football/players/618.png
22167;Danilo Barbosa;29;1996-02-28;Simões Filho;Brasil;Brasil;183;74;https://media.api-sports.io/football/players/22167.png
47336;Darder;32;1993-12-22;Artà;España;España;180;71;https://media.api-sports.io/football/players/47336.png
46700;Darío;26;1999-10-19;Valencia;España;España;191;78;https://media.api-sports.io/football/players/46700.png
335057;Darío Benavides;22;2003-01-12;El Ejido;España;España;178;72;https://media.api-sports.io/football/players/335057.png
104835;Darío Poveda;28;1997-03-13;Alicante;España;España;187;79;https://media.api-sports.io/football/players/104835.png
104800;David Alba;26;1999-05-05;Seseña;España;España;186;81;https://media.api-sports.io/football/players/104800.png
192439;David Argüelles;23;2002-01-10;Gijón;España;España;175;68;https://media.api-sports.io/football/players/192439.png
91701;David Barral;40;1983-05-10;Cádiz;España;España;183;78;https://media.api-sports.io/football/players/91701.png
41970;David Carmo;26;1999-07-19;Aveiro;Portugal;Portugal;196;84;https://media.api-sports.io/football/players/41970.png
46756;David Carmona;28;1997-01-11;Palma del Río;España;España;175;72;https://media.api-sports.io/football/players/46756.png
33305;David Concha;29;1996-11-20;Santander;España;España;179;70;https://media.api-sports.io/football/players/33305.png
47429;David Costas;30;1995-03-26;Redondela;España;España;184;71;https://media.api-sports.io/football/players/47429.png
580677;David Delgado;17;;;;;;;https://media.api-sports.io/football/players/580677.png
47573;David Ferreiro;37;1988-04-01;Ourense;España;España;170;63;https://media.api-sports.io/football/players/47573.png
46653;David García;31;1994-02-14;Pamplona;España;España;185;72;https://media.api-sports.io/football/players/46653.png
46995;David García;43;1982-02-25;Maspalomas;España;España;183;80;https://media.api-sports.io/football/players/46995.png
46755;David Gil;31;1994-01-11;Getafe;España;España;186;81;https://media.api-sports.io/football/players/46755.png
108561;David Goldar;31;1994-09-15;Portas;España;España;180;77;https://media.api-sports.io/football/players/108561.png
330436;David Jiménez;21;2004-03-14;Madrid;España;España;170;63;https://media.api-sports.io/football/players/330436.png
47431;David Juncà;32;1993-11-16;Riumors;España;España;175;67;https://media.api-sports.io/football/players/47431.png
335697;David López;22;2003-02-03;Palma de Mallorca;España;España;195;87;https://media.api-sports.io/football/players/335697.png
47334;David López;36;1989-10-09;Barcelona;España;España;185;81;https://media.api-sports.io/football/players/47334.png
104975;David Navarro Pedrós;37;1980-05-25;Puerto Sagunto;España;España;188;82;https://media.api-sports.io/football/players/104975.png
439578;David Otorbi;18;2007-10-16;;España;España;180;82;https://media.api-sports.io/football/players/439578.png
634;David Silva;37;1986-01-08;Arguineguín;España;España;170;67;https://media.api-sports.io/football/players/634.png
46793;David Simón;37;1988-12-16;Las Palmas de Gran Canaria;España;España;179;76;https://media.api-sports.io/football/players/46793.png
47247;David Soria;32;1993-04-04;Madrid;España;España;192;83;https://media.api-sports.io/football/players/47247.png
47010;David Timor;36;1989-10-17;Carcaixent;España;España;185;80;https://media.api-sports.io/football/players/47010.png
298064;David Torres;22;2003-03-05;Valladolid;España;España;182;76;https://media.api-sports.io/football/players/298064.png
471478;Davinchi;18;2007-10-16;Huelva;España;España;182;;https://media.api-sports.io/football/players/471478.png
47275;De Marcos;36;1989-04-14;Laguardia;España;España;182;77;https://media.api-sports.io/football/players/47275.png
46994;De la Bella;37;1985-12-02;Santa Coloma de Gramanet;España;España;182;79;https://media.api-sports.io/football/players/46994.png
47201;De las Cuevas;38;1986-06-19;Alicante;España;España;175;69;https://media.api-sports.io/football/players/47201.png
734;Dela;26;1999-02-26;El Escorial;España;España;179;77;https://media.api-sports.io/football/players/734.png
1461;Denis Suárez;31;1994-01-06;Salceda de Caselas;España;España;176;69;https://media.api-sports.io/football/players/1461.png
18809;Deulofeu;31;1994-03-13;Riudarenes;España;España;177;73;https://media.api-sports.io/football/players/18809.png
9934;Deyverson;34;1991-05-08;Rio de Janeiro;Brasil;Brasil;187;80;https://media.api-sports.io/football/players/9934.png
451355;Diego Aguado;18;2007-02-07;Madrid;España;España;180;70;https://media.api-sports.io/football/players/451355.png
104828;Diego Alende;28;1997-08-25;Santiago de Compostela;España;España;180;86;https://media.api-sports.io/football/players/104828.png
153308;Diego Altube;25;2000-02-22;Madrid;España;España;188;87;https://media.api-sports.io/football/players/153308.png
10151;Diego Alves;38;1985-06-24;Rio de Janeiro;Brasil;Brasil;190;90;https://media.api-sports.io/football/players/10151.png
104846;Diego Barrios;31;1994-06-30;Madrid;España;España;187;79;https://media.api-sports.io/football/players/104846.png
208670;Diego Bri;23;2002-09-12;Elche;España;España;177;67;https://media.api-sports.io/football/players/208670.png
21090;Diego Carlos;32;1993-03-15;Barra Bonita;Brasil;Brasil;186;79;https://media.api-sports.io/football/players/21090.png
182685;Diego Collado;24;2001-01-09;Granada;España;España;183;73;https://media.api-sports.io/football/players/182685.png
122956;Diego Conde;27;1998-10-28;Madrid;España;España;188;78;https://media.api-sports.io/football/players/122956.png
54;Diego Costa;37;1988-10-07;Lagarto;Brasil;España;188;83;https://media.api-sports.io/football/players/54.png
482071;Diego Ferrer;18;2007-04-17;;España;España;185;76;https://media.api-sports.io/football/players/482071.png
182713;Diego Fuoli;28;1997-10-20;Zaragoza;España;España;188;79;https://media.api-sports.io/football/players/182713.png
184481;Diego García;25;2000-04-18;Madrid;España;España;186;78;https://media.api-sports.io/football/players/184481.png
46817;Diego González;30;1995-01-28;Chiclana de la Frontera;España;España;185;83;https://media.api-sports.io/football/players/46817.png
335037;Diego Hormigo;22;2003-04-16;;España;España;182;75;https://media.api-sports.io/football/players/335037.png
47302;Diego Llorente;32;1993-08-16;Madrid;España;España;186;75;https://media.api-sports.io/football/players/47302.png
162127;Diego López;23;2002-05-13;Turón;España;España;172;62;https://media.api-sports.io/football/players/162127.png
184617;Diego López;24;2001-10-21;;España;España;;;https://media.api-sports.io/football/players/184617.png
47327;Diego López;42;1981-11-03;Paradela;España;España;196;89;https://media.api-sports.io/football/players/47327.png
116828;Diego Mainz García;34;1982-12-29;Madrid;España;España;187;80;https://media.api-sports.io/football/players/116828.png
46870;Diego Mariño;35;1990-05-09;Vigo;España;España;187;75;https://media.api-sports.io/football/players/46870.png
404471;Diego Martín;22;2003-08-13;;España;España;;;https://media.api-sports.io/football/players/404471.png
195263;Diego Moreno;23;2002-01-18;Villa de Río;España;España;175;;https://media.api-sports.io/football/players/195263.png
195918;Diego Moreno;24;2001-06-21;Cintruénigo;España;España;177;;https://media.api-sports.io/football/players/195918.png
333378;Diego Méndez;22;2003-08-29;Móstoles;España;España;182;76;https://media.api-sports.io/football/players/333378.png
104832;Diego Pampín;25;2000-03-15;Oleiros;España;España;173;65;https://media.api-sports.io/football/players/104832.png
334575;Diego Piñeiro;21;2004-02-13;Madrid;España;España;185;69;https://media.api-sports.io/football/players/334575.png
18867;Diego Rico;32;1993-02-23;Burgos;España;España;183;76;https://media.api-sports.io/football/players/18867.png
41098;Diogo Figueiras;34;1991-07-01;Castanheira do Ribatejo;Portugal;Portugal;171;62;https://media.api-sports.io/football/players/41098.png
454491;Djordjije Medenica;19;2006-11-17;;Chequia;Chequia;185;75;https://media.api-sports.io/football/players/454491.png
46795;Domingos Duarte;30;1995-03-10;Cascais;Portugal;Portugal;192;80;https://media.api-sports.io/football/players/46795.png
18807;Domingos Quina;26;1999-11-18;Bissau;Guinea-Bisáu;Portugal;179;72;https://media.api-sports.io/football/players/18807.png
47522;Douglas Luiz;27;1998-05-09;Rio de Janeiro;Brasil;Brasil;175;66;https://media.api-sports.io/football/players/47522.png
50085;Douglas Pereira;32;1990-08-06;Monte Alegre;Brasil;Brasil;171;70;https://media.api-sports.io/football/players/50085.png
162944;Duk;25;2000-02-16;Lisboa;Portugal;Cabo Verde;182;80;https://media.api-sports.io/football/players/162944.png
2679;Dyego Sousa;36;1989-09-14;São Luís;Brasil;Portugal;190;87;https://media.api-sports.io/football/players/2679.png
308678;Dário Essugo;20;2005-03-14;Lisboa;Portugal;Portugal;178;79;https://media.api-sports.io/football/players/308678.png
47335;Dídac Vilá Rosselló;33;1989-06-09;Mataró;España;España;185;74;https://media.api-sports.io/football/players/47335.png
35777;Dória;31;1994-11-08;São Gonçalo;Brasil;Brasil;189;78;https://media.api-sports.io/football/players/35777.png
48690;E. Abedini;27;1998-08-29;Sorengo;Suiza;Kosovo;190;75;https://media.api-sports.io/football/players/48690.png
546881;E. Altozano;19;;;;;;;https://media.api-sports.io/football/players/546881.png
47444;E. Apeh;29;1996-10-25;Kaduna;Nigeria;Nigeria;185;75;https://media.api-sports.io/football/players/47444.png
885;E. Bailly;31;1994-04-12;Bingerville;Costa de Marfil;Costa de Marfil;187;77;https://media.api-sports.io/football/players/885.png
47461;E. Bardhi;30;1995-07-02;Skopje;Macedonia del Norte;Macedonia del Norte;172;67;https://media.api-sports.io/football/players/47461.png
158378;E. Barrenechea;24;2001-05-25;Villa María;Argentina;Argentina;186;81;https://media.api-sports.io/football/players/158378.png
436202;E. Bello;21;2004-03-17;Benin City;Nigeria;Nigeria;195;;https://media.api-sports.io/football/players/436202.png
3429;E. Boateng;29;1996-05-23;Accra;Ghana;Ghana;175;70;https://media.api-sports.io/football/players/3429.png
19071;E. Buendía;29;1996-12-25;Mar del Plata;Argentina;Argentina;172;72;https://media.api-sports.io/football/players/19071.png
46940;E. Burgos;33;1992-01-09;Salta;Argentina;Argentina;190;80;https://media.api-sports.io/football/players/46940.png
47452;E. Cabaco;30;1995-04-19;Montevideo;Uruguay;Uruguay;185;79;https://media.api-sports.io/football/players/47452.png
2207;E. Camavinga;23;2002-11-10;Cabinda;Angola;Francia;182;68;https://media.api-sports.io/football/players/2207.png
274;E. Cavani;38;1987-02-14;Salto;Uruguay;Uruguay;185;71;https://media.api-sports.io/football/players/274.png
48372;E. Cömert;27;1998-02-04;Rheinfelden;Suiza;Suiza;183;80;https://media.api-sports.io/football/players/48372.png
46930;E. Demirović;27;1998-03-25;Hamburg;Alemania;Bosnia y Herzegovina;185;84;https://media.api-sports.io/football/players/46930.png
303115;"E. Eto&apos;o Pineda";23;2002-08-18;Palma;España;Camerún;191;77;https://media.api-sports.io/football/players/303115.png
2304;E. Filipenko;37;1988-04-10;Minsk;Bielorrusia;Bielorrusia;194;85;https://media.api-sports.io/football/players/2304.png
917;E. Garay;34;1986-10-10;Rosario;Argentina;Argentina;189;90;https://media.api-sports.io/football/players/917.png
560978;E. Garcia;21;;;;;;;https://media.api-sports.io/football/players/560978.png
2296;E. Hazard;32;1991-01-07;La Louvière;Bélgica;Bélgica;175;74;https://media.api-sports.io/football/players/2296.png
176;E. Lamela;33;1992-03-04;Florida;Argentina;Argentina;181;79;https://media.api-sports.io/football/players/176.png
21709;E. Loiodice;25;2000-11-27;Paris;Francia;Francia;176;60;https://media.api-sports.io/football/players/21709.png
90498;E. Mangala;34;1991-02-13;Colombes;Francia;Francia;188;84;https://media.api-sports.io/football/players/90498.png
19599;E. Martínez;33;1992-09-02;Mar del Plata;Argentina;Argentina;195;88;https://media.api-sports.io/football/players/19599.png
477231;E. Mensah;18;2007-10-29;;Alemania;Alemania;188;;https://media.api-sports.io/football/players/477231.png
47446;E. Mor;28;1997-07-24;København;Dinamarca;Turquía;169;64;https://media.api-sports.io/football/players/47446.png
47406;E. Muñoz;35;1990-10-08;Pergamino;Argentina;Argentina;185;78;https://media.api-sports.io/football/players/47406.png
612;E. Ponce;28;1997-03-29;Rosario;Argentina;Argentina;180;80;https://media.api-sports.io/football/players/612.png
6003;E. Pérez;39;1986-02-22;Mendoza;Argentina;Argentina;177;71;https://media.api-sports.io/football/players/6003.png
1218;E. Rigoni;32;1993-02-04;Colonia Caroya;Argentina;Argentina;180;74;https://media.api-sports.io/football/players/1218.png
20539;E. Rivière;31;1990-03-03;Le Lamentin;Martinica;Martinica;182;80;https://media.api-sports.io/football/players/20539.png
1983;E. Roco;33;1992-08-16;Ovalle;Chile;Chile;192;79;https://media.api-sports.io/football/players/1983.png
30783;E. Rolón;30;1995-03-25;Posadas;Argentina;Argentina;175;70;https://media.api-sports.io/football/players/30783.png
46914;E. Saveljich;34;1991-05-20;Tandil;Argentina;Montenegro;187;80;https://media.api-sports.io/football/players/46914.png
192015;E. Sevikyan;24;2001-08-08;Moskva;Rusia;Rusia;175;69;https://media.api-sports.io/football/players/192015.png
194750;E. Touré;24;2001-10-03;Adjamé;Costa de Marfil;Mali;185;77;https://media.api-sports.io/football/players/194750.png
47538;E. Velázquez;31;1994-04-30;Montevideo;Uruguay;Uruguay;184;79;https://media.api-sports.io/football/players/47538.png
47114;E. Zidane;28;1995-03-24;Bordeaux;Francia;Francia;185;80;https://media.api-sports.io/football/players/47114.png
47579;E. Ávila;31;1994-02-06;Rosario;Argentina;Argentina;172;81;https://media.api-sports.io/football/players/47579.png
44490;E. Çolak;32;1991-05-20;Ordu;Turquía;Turquía;169;67;https://media.api-sports.io/football/players/44490.png
47499;E. Ünal;28;1997-05-10;Bursa;Turquía;Turquía;187;78;https://media.api-sports.io/football/players/47499.png
46952;E. İsrafilov;33;1992-08-02;Roquetas de Mar;España;Azerbaiyán;191;80;https://media.api-sports.io/football/players/46952.png
47117;Echu;27;1998-02-11;Almuñécar;España;España;173;65;https://media.api-sports.io/football/players/47117.png
543468;Eder Aller;18;;;;;;;https://media.api-sports.io/football/players/543468.png
46961;Edgar Badia;33;1992-02-12;Barcelona;España;España;180;70;https://media.api-sports.io/football/players/46961.png
1565;Edgar González;28;1997-04-01;Sant Joan Despí;España;España;193;78;https://media.api-sports.io/football/players/1565.png
330438;Edgar Pujol;21;2004-08-07;Sabadell;España;España;177;70;https://media.api-sports.io/football/players/330438.png
46799;Edu Expósito;29;1996-08-01;Barcelona;España;España;178;68;https://media.api-sports.io/football/players/46799.png
443593;Eduardo Altozano Agudo;19;2006-10-17;Sanlúcar de Barrameda;España;España;;;https://media.api-sports.io/football/players/443593.png
438131;Egoitz Muñoz;21;2004-04-14;Vitoria-Gasteiz;España;España;179;73;https://media.api-sports.io/football/players/438131.png
55393;Elderson Echiejile;33;1988-01-20;Benin City;Nigeria;Nigeria;184;76;https://media.api-sports.io/football/players/55393.png
119225;Eliseo Falcón;28;1997-02-11;Alcalá de Guadaíra;España;España;186;83;https://media.api-sports.io/football/players/119225.png
104810;Eloi Amagat;38;1985-05-21;Girona;España;España;180;72;https://media.api-sports.io/football/players/104810.png
47298;Elustondo;31;1994-03-28;Beasain;España;España;180;71;https://media.api-sports.io/football/players/47298.png
440133;Elías Romero;21;2004-05-11;;España;España;179;73;https://media.api-sports.io/football/players/440133.png
1566;Emerson Royal;26;1999-01-14;São Paulo;Brasil;Brasil;181;79;https://media.api-sports.io/football/players/1566.png
163198;Emilio Bernad;26;1999-09-22;La Vall d'Uixó;España;España;184;72;https://media.api-sports.io/football/players/163198.png
377257;Endika Bujan;22;2003-01-16;Barakaldo;España;España;170;72;https://media.api-sports.io/football/players/377257.png
377122;Endrick;19;2006-07-21;Brasília;Brasil;Brasil;173;66;https://media.api-sports.io/football/players/377122.png
46786;Eneko Bóveda Altube;34;1988-12-14;Bilbao;España;España;182;78;https://media.api-sports.io/football/players/46786.png
104994;Eneko Capilla;30;1995-06-13;San Sebastián;España;España;182;75;https://media.api-sports.io/football/players/104994.png
313562;Eneko Ortiz;22;2003-05-26;Miranda de Ebro;España;España;180;75;https://media.api-sports.io/football/players/313562.png
129657;Enric Franquesa;28;1997-02-26;Sant Cugat del Vallès;España;España;174;70;https://media.api-sports.io/football/players/129657.png
47581;Enric Gallego;39;1986-09-12;Barcelona;España;España;189;89;https://media.api-sports.io/football/players/47581.png
439700;Enric García;19;2006-02-28;;España;España;175;66;https://media.api-sports.io/football/players/439700.png
104808;Enric Saborit;33;1992-04-27;Barcelona;España;España;187;73;https://media.api-sports.io/football/players/104808.png
305797;Enrique Fernández;22;2003-09-16;Trebujena;España;España;177;;https://media.api-sports.io/football/players/305797.png
47412;Eraso;34;1990-03-22;Pamplona;España;España;180;71;https://media.api-sports.io/football/players/47412.png
46993;Eric Curbelo;31;1994-01-14;Telde;España;España;173;69;https://media.api-sports.io/football/players/46993.png
619;Eric García;24;2001-01-09;Martorell;España;España;180;77;https://media.api-sports.io/football/players/619.png
286074;Eric Monjonell;24;2001-12-06;Barcelona;España;España;187;;https://media.api-sports.io/football/players/286074.png
104797;Erik Expósito;29;1996-06-23;Santa Cruz de Tenerife;España;España;190;97;https://media.api-sports.io/football/players/104797.png
46830;Erik Morán;34;1991-05-25;Portugalete;España;España;189;74;https://media.api-sports.io/football/players/46830.png
336637;Espigares;21;2004-09-05;Granada;España;España;187;78;https://media.api-sports.io/football/players/336637.png
336555;Estanis;22;2003-08-24;Cambrils;España;España;185;78;https://media.api-sports.io/football/players/336555.png
47337;Esteban Félix Granero Molina;34;1987-07-02;Madrid;España;España;180;78;https://media.api-sports.io/football/players/47337.png
378284;Etta Eyong;22;2003-10-14;Douala;Camerún;Camerún;181;75;https://media.api-sports.io/football/players/378284.png
46721;Eugeni Valderrama;31;1994-07-19;Tarragona;España;España;182;73;https://media.api-sports.io/football/players/46721.png
192013;Eusebio Monzó;24;2000-12-04;Valencia;España;España;188;80;https://media.api-sports.io/football/players/192013.png
75908;Ezequiel Rodríguez;29;1996-03-25;Rosario;Argentina;Argentina;;;https://media.api-sports.io/football/players/75908.png
183716;Eñaut Mendia;26;1999-06-25;Lezkao;España;España;179;;https://media.api-sports.io/football/players/183716.png
18978;F. Andone;32;1993-04-11;Botoșani;Rumanía;Rumanía;180;78;https://media.api-sports.io/football/players/18978.png
5987;F. Angileri;31;1994-03-15;Junín;Argentina;Argentina;185;72;https://media.api-sports.io/football/players/5987.png
30737;F. Barba;32;1993-09-01;Roma;Italia;Italia;187;80;https://media.api-sports.io/football/players/30737.png
279822;F. Boyomo;24;2001-10-07;Toulouse;Francia;Camerún;180;70;https://media.api-sports.io/football/players/279822.png
2761;F. Bradarić;32;1992-01-11;Split;Croacia;Croacia;186;78;https://media.api-sports.io/football/players/2761.png
1861;F. Caicedo;37;1988-09-05;Guayaquil;Ecuador;Ecuador;183;84;https://media.api-sports.io/football/players/1861.png
46797;F. Cartabia;32;1993-01-20;Bombal;Argentina;Argentina;171;68;https://media.api-sports.io/football/players/46797.png
570;F. Cervi;31;1994-05-26;San Lorenzo;Argentina;Argentina;166;67;https://media.api-sports.io/football/players/570.png
924;F. Coquelin;34;1991-05-13;Laval;Francia;Francia;176;74;https://media.api-sports.io/football/players/924.png
47552;F. Di Santo;35;1989-04-07;Mendoza;Argentina;Argentina;193;88;https://media.api-sports.io/football/players/47552.png
19278;F. Diédhiou;33;1992-12-15;Saint-Louis;Senegal;Senegal;192;80;https://media.api-sports.io/football/players/19278.png
2715;F. Fajr;37;1988-08-01;Rouen;Francia;Marruecos;180;71;https://media.api-sports.io/football/players/2715.png
768;F. Fazio;37;1987-03-17;Ramos Mejía;Argentina;Argentina;195;85;https://media.api-sports.io/football/players/768.png
18893;F. Fernández;36;1989-02-21;Tres Algarrobos;Argentina;Argentina;190;83;https://media.api-sports.io/football/players/18893.png
47346;F. Ferreyra;34;1991-03-14;Lomas de Zamora;Argentina;Argentina;183;79;https://media.api-sports.io/football/players/47346.png
6638;F. Garcés;26;1999-09-05;Santa Fe;Argentina;Argentina;191;82;https://media.api-sports.io/football/players/6638.png
125331;F. Gattoni;26;1999-02-16;Buenos Aires;Argentina;Argentina;183;79;https://media.api-sports.io/football/players/125331.png
601891;F. Gomez;19;;;;;;;https://media.api-sports.io/football/players/601891.png
719;F. Grillitsch;30;1995-08-07;Neunkirchen;Austria;Austria;187;77;https://media.api-sports.io/football/players/719.png
51260;F. Gutiérrez;34;1990-10-08;Quintero;Chile;Chile;175;70;https://media.api-sports.io/football/players/51260.png
286616;F. Jörgensen;23;2002-04-16;Lomma;Suecia;Dinamarca;192;85;https://media.api-sports.io/football/players/286616.png
104131;F. Kadir;42;1983-12-05;Martigues;Francia;Argelia;180;73;https://media.api-sports.io/football/players/104131.png
1642;F. Kessié;29;1996-12-19;Ouragahio;Costa de Marfil;Costa de Marfil;183;74;https://media.api-sports.io/football/players/1642.png
18895;F. Lejeune;34;1991-05-20;Paris;Francia;Francia;189;89;https://media.api-sports.io/football/players/18895.png
47084;F. Malbašić;33;1992-11-18;Beograd;Serbia;Serbia;182;79;https://media.api-sports.io/football/players/47084.png
21441;F. Maouassa;27;1998-07-06;Villepinte;Francia;Francia;170;76;https://media.api-sports.io/football/players/21441.png
653;F. Mendy;30;1995-06-08;Meulan-En-Yvelines;Francia;Francia;180;73;https://media.api-sports.io/football/players/653.png
276995;F. Mwepu;25;2000-02-29;Chambishi;Zambia;Zambia;178;70;https://media.api-sports.io/football/players/276995.png
70078;F. Pellistri;24;2001-12-20;Montevideo;Uruguay;Uruguay;175;69;https://media.api-sports.io/football/players/70078.png
86511;F. Poulolo;28;1997-01-02;Fort-de-France;Martinica;Martinica;189;80;https://media.api-sports.io/football/players/86511.png
311345;F. Redondo;22;2003-01-18;Madrid;España;Argentina;188;78;https://media.api-sports.io/football/players/311345.png
46820;F. Ricca;31;1994-12-01;Tarariras;Uruguay;Uruguay;179;73;https://media.api-sports.io/football/players/46820.png
922;F. Roncaglia;38;1987-02-10;Chajarí;Argentina;Argentina;179;76;https://media.api-sports.io/football/players/922.png
46736;F. Russo;31;1994-10-25;Salta;Argentina;Argentina;185;78;https://media.api-sports.io/football/players/46736.png
2806;F. Schär;34;1991-12-20;Wil;Suiza;Suiza;186;84;https://media.api-sports.io/football/players/2806.png
493;F. Smolov;35;1990-02-09;Saratov;Rusia;Rusia;186;83;https://media.api-sports.io/football/players/493.png
21494;F. Tabanou;32;1989-01-30;Thiais;Francia;Francia;178;78;https://media.api-sports.io/football/players/21494.png
48465;F. Ugrinic;26;1999-01-05;Luzern;Suiza;Suiza;184;88;https://media.api-sports.io/football/players/48465.png
15396;F. Uzoho;27;1998-10-28;Nwangele;Nigeria;Nigeria;196;91;https://media.api-sports.io/football/players/15396.png
756;F. Valverde;27;1998-07-22;Montevideo;Uruguay;Uruguay;182;78;https://media.api-sports.io/football/players/756.png
51530;F. Viñas;27;1998-06-30;Montevideo;Uruguay;Uruguay;180;81;https://media.api-sports.io/football/players/51530.png
2057;F. Vázquez;36;1989-02-22;Córdoba;Argentina;Argentina;187;82;https://media.api-sports.io/football/players/2057.png
538;F. de Jong;28;1997-05-12;Arkel;Países Bajos;Países Bajos;182;75;https://media.api-sports.io/football/players/538.png
47004;Fabio González;28;1997-02-12;Ingenio;España;España;176;72;https://media.api-sports.io/football/players/47004.png
47390;Fabián Orellana;37;1986-01-27;San Joaquín;Chile;Chile;170;64;https://media.api-sports.io/football/players/47390.png
328;Fabián Ruiz;29;1996-04-03;Los Palacios y Villafranca;España;España;189;70;https://media.api-sports.io/football/players/328.png
19011;Fabri;37;1987-12-31;Vecindario;España;España;184;79;https://media.api-sports.io/football/players/19011.png
194782;Facu Esnáider;24;2001-11-09;Porto;Portugal;España;184;;https://media.api-sports.io/football/players/194782.png
44617;Fahad Al Muwallad;31;1994-09-14;Jiddah;Arabia Saudita;Arabia Saudita;167;64;https://media.api-sports.io/football/players/44617.png
47229;Fali;32;1993-08-12;Valencia;España;España;186;84;https://media.api-sports.io/football/players/47229.png
47036;Fausto Tienza;35;1990-01-08;Talavera la Real;España;España;183;78;https://media.api-sports.io/football/players/47036.png
46691;Fede San Emeterio;28;1997-03-16;Sierra de Ibio;España;España;174;68;https://media.api-sports.io/football/players/46691.png
46693;Fede Vico;31;1994-07-04;Córdoba;España;España;176;70;https://media.api-sports.io/football/players/46693.png
371;Felipe;35;1989-05-16;Mogi das Cruzes;Brasil;Brasil;190;83;https://media.api-sports.io/football/players/371.png
391822;Fer López;21;2004-05-24;Madrid;España;España;188;76;https://media.api-sports.io/football/players/391822.png
184277;Fer Niño;25;2000-10-24;Palma de Mallorca;España;España;191;78;https://media.api-sports.io/football/players/184277.png
340626;Fermín;22;2003-05-11;El Campillo;España;España;176;73;https://media.api-sports.io/football/players/340626.png
452;Fernando;38;1987-07-25;Goiás;Brasil;Brasil;183;76;https://media.api-sports.io/football/players/452.png
47478;Fernando Calero;30;1995-09-14;Boecillo;España;España;183;71;https://media.api-sports.io/football/players/47478.png
41475;Fernando Damián Tissone Rodrigues;36;1986-07-24;Quilmes;Argentina;Argentina;180;79;https://media.api-sports.io/football/players/41475.png
70546;Fernando Gabriel Amorebieta Mardaras;35;1985-03-29;Cantaura;Venezuela;Venezuela;192;86;https://media.api-sports.io/football/players/70546.png
46904;Fernando Martínez;35;1990-06-10;Murcia;España;España;185;85;https://media.api-sports.io/football/players/46904.png
162495;Fernando Medrano;25;2000-03-26;Madrid;España;España;172;68;https://media.api-sports.io/football/players/162495.png
104796;Fernando Navarro i Corbacho;36;1982-06-25;Barcelona;España;España;177;70;https://media.api-sports.io/football/players/104796.png
47352;Fernando Pacheco;33;1992-05-18;Badajoz;España;España;186;81;https://media.api-sports.io/football/players/47352.png
33413;Fernando Torres;35;1984-03-20;Fuenlabrada;España;España;186;79;https://media.api-sports.io/football/players/33413.png
122734;Ferran Jutglà;26;1999-02-01;Sant Julià de Vilatorta;España;España;176;75;https://media.api-sports.io/football/players/122734.png
931;Ferran Torres;25;2000-02-29;Foios;España;España;182;80;https://media.api-sports.io/football/players/931.png
566;Ferro;28;1997-03-26;Oliveira de Azeméis;Portugal;Portugal;191;78;https://media.api-sports.io/football/players/566.png
349561;Ferrán Quetglás;20;2005-06-05;Palma de Mallorca;España;España;;;https://media.api-sports.io/football/players/349561.png
313168;Ferrán Ruiz;22;2003-04-26;Olot;España;España;172;65;https://media.api-sports.io/football/players/313168.png
47002;Fidel;36;1989-10-27;Dehesa de Riotinto;España;España;180;74;https://media.api-sports.io/football/players/47002.png
34;Filipe Luís;38;1985-08-09;Jaraguá do Sul;Brasil;Brasil;181;77;https://media.api-sports.io/football/players/34.png
575;Florentino;26;1999-08-19;Lisboa;Portugal;Portugal;184;74;https://media.api-sports.io/football/players/575.png
47435;Fran Beltrán;26;1999-02-03;Madrid;España;España;170;66;https://media.api-sports.io/football/players/47435.png
188409;Fran Delgado;24;2001-07-11;;España;España;177;62;https://media.api-sports.io/football/players/188409.png
736;Fran García;26;1999-08-14;Bolaños de Calatrava;España;España;169;63;https://media.api-sports.io/football/players/736.png
396475;Fran González;20;2005-06-24;León;España;España;199;72;https://media.api-sports.io/football/players/396475.png
46732;Fran Gámez;34;1991-07-27;Puerto de Sagunto;España;España;174;71;https://media.api-sports.io/football/players/46732.png
286798;Fran López;23;2002-01-24;A Coruña;España;España;;;https://media.api-sports.io/football/players/286798.png
47465;Fran Manzanara;29;1996-09-12;La Solana;España;España;183;75;https://media.api-sports.io/football/players/47465.png
46661;Fran Mérida;34;1990-03-04;Barcelona;España;España;177;74;https://media.api-sports.io/football/players/46661.png
162931;Fran Pérez;23;2002-09-09;Valencia;España;España;175;68;https://media.api-sports.io/football/players/162931.png
47104;Fran Varela;31;1994-10-26;Atarfe;España;España;174;68;https://media.api-sports.io/football/players/47104.png
179996;Fran Vieites;26;1999-05-07;Puentecesures;España;España;196;88;https://media.api-sports.io/football/players/179996.png
182665;Fran Álvarez;27;1998-01-21;Socovos;España;España;178;77;https://media.api-sports.io/football/players/182665.png
412739;Fran Ãrbol;19;2006-06-30;Granada;España;España;185;70;https://media.api-sports.io/football/players/412739.png
1574;Francis;27;1996-03-11;Coín;España;España;175;78;https://media.api-sports.io/football/players/1574.png
1571;Francisco Javier  García Fernández;35;1987-02-08;Mula;España;España;187;82;https://media.api-sports.io/football/players/1571.png
46730;Francisco Javier Campos Coll;40;1982-03-10;Benissalem;España;España;180;77;https://media.api-sports.io/football/players/46730.png
46880;Francisco José Molinero Calderón;37;1985-07-26;Toledo;España;España;177;77;https://media.api-sports.io/football/players/46880.png
70495;Francisco Manuel Rico Castro;32;1987-08-03;Pontevedra;España;España;178;72;https://media.api-sports.io/football/players/70495.png
26728;Francisco Medina Luna;40;1981-05-26;Reus;España;España;174;69;https://media.api-sports.io/football/players/26728.png
47086;Francisco Montañés Claverías;33;1986-10-08;Castelló de la Plana;España;España;173;75;https://media.api-sports.io/football/players/47086.png
449249;Franco Mastantuono;18;2007-08-14;Azul;Argentina;Argentina;178;73;https://media.api-sports.io/football/players/449249.png
41208;Fábio Cardoso;31;1994-04-19;Águeda;Portugal;Portugal;187;82;https://media.api-sports.io/football/players/41208.png
41176;Fábio Coentrão;33;1988-03-11;Vila do Conde;Portugal;Portugal;178;66;https://media.api-sports.io/football/players/41176.png
41307;Fábio Espinho;38;1985-08-18;Espinho;Portugal;Portugal;171;67;https://media.api-sports.io/football/players/41307.png
129791;Fábio Silva;23;2002-07-19;Porto;Portugal;Portugal;185;75;https://media.api-sports.io/football/players/129791.png
347886;Félix Garreta;21;2004-04-21;Palau-solità i Plegamans;España;España;;;https://media.api-sports.io/football/players/347886.png
758;G. Bale;34;1989-07-16;Cardiff;Gales;Gales;186;81;https://media.api-sports.io/football/players/758.png
47428;G. Cabral;40;1985-10-14;Buenos Aires;Argentina;Argentina;182;80;https://media.api-sports.io/football/players/47428.png
47421;G. Carrillo;34;1991-05-25;Magdalena;Argentina;Argentina;191;87;https://media.api-sports.io/football/players/47421.png
51576;G. Castro;39;1984-09-14;Trinidad;Uruguay;Uruguay;178;77;https://media.api-sports.io/football/players/51576.png
18821;G. Diangana;27;1998-04-19;Lubumbashi;Inglaterra;Inglaterra;180;73;https://media.api-sports.io/football/players/18821.png
47388;G. Escalante;32;1993-03-27;Bella Vista;Argentina;Argentina;182;76;https://media.api-sports.io/football/players/47388.png
51616;G. Fernández;31;1994-05-13;Montevideo;Uruguay;Uruguay;186;80;https://media.api-sports.io/football/players/51616.png
215810;G. Gagua;24;2001-10-10;Tiflis;Georgia;Georgia;193;;https://media.api-sports.io/football/players/215810.png
2610;G. González;31;1994-09-20;Montevideo;Uruguay;Uruguay;173;73;https://media.api-sports.io/football/players/2610.png
47544;G. Imbula;32;1992-09-12;Vilvoorde;Bélgica;República Democrática del Congo;186;78;https://media.api-sports.io/football/players/47544.png
47545;G. Kakuta;34;1991-06-21;Lille;Francia;República Democrática del Congo;173;64;https://media.api-sports.io/football/players/47545.png
119795;G. Kochorashvili;26;1999-06-29;Tbilisi;Georgia;Georgia;178;74;https://media.api-sports.io/football/players/119795.png
926;G. Kondogbia;32;1993-02-15;Nemours;Francia;República Centroafricana;188;80;https://media.api-sports.io/football/players/926.png
20817;G. Koyalipou;25;2000-02-15;Bangui;República Centroafricana;Francia;184;82;https://media.api-sports.io/football/players/20817.png
481;G. Krychowiak;35;1990-01-29;Gryfice;Polonia;Polonia;186;82;https://media.api-sports.io/football/players/481.png
1578;G. Lo Celso;29;1996-04-09;Rosario;Argentina;Argentina;177;68;https://media.api-sports.io/football/players/1578.png
5986;G. Lux;40;1982-07-06;Carcarañá;Argentina;Argentina;186;77;https://media.api-sports.io/football/players/5986.png
24760;G. Mamardashvili;25;2000-09-29;Tbilisi;Georgia;Georgia;197;90;https://media.api-sports.io/football/players/24760.png
2553;G. Maripán;31;1994-05-06;San Miguel;Chile;Chile;190;84;https://media.api-sports.io/football/players/2553.png
2044;G. Mercado;38;1987-03-18;Puerto Madryn;Argentina;Argentina;181;82;https://media.api-sports.io/football/players/2044.png
180496;G. Mikautadze;25;2000-10-31;Lyon;Francia;Georgia;176;71;https://media.api-sports.io/football/players/180496.png
336674;G. Misehouy;20;2005-07-18;Amsterdam;Países Bajos;Países Bajos;173;68;https://media.api-sports.io/football/players/336674.png
2468;G. Montiel;28;1997-01-01;González Catán;Argentina;Argentina;175;68;https://media.api-sports.io/football/players/2468.png
2098;G. Ochoa;40;1985-07-13;Guadalajara;México;México;190;85;https://media.api-sports.io/football/players/2098.png
2469;G. Pezzella;34;1991-06-27;Bahía Blanca;Argentina;Argentina;187;82;https://media.api-sports.io/football/players/2469.png
35525;G. Pizarro;35;1990-02-26;Buenos Aires;Argentina;Argentina;185;78;https://media.api-sports.io/football/players/35525.png
16369;G. Plata;25;2000-11-01;Guayaquil;Ecuador;Ecuador;178;65;https://media.api-sports.io/football/players/16369.png
30543;G. Raspadori;25;2000-02-18;Bentivoglio;Italia;Italia;172;69;https://media.api-sports.io/football/players/30543.png
2476;G. Rodríguez;31;1994-04-12;Caseros;Argentina;Argentina;185;80;https://media.api-sports.io/football/players/2476.png
91429;G. Rossi;36;1987-02-01;Teaneck;Estados Unidos;Italia;173;72;https://media.api-sports.io/football/players/91429.png
47296;G. Rulli;33;1992-05-20;La Plata;Argentina;Argentina;189;84;https://media.api-sports.io/football/players/47296.png
2604;G. Shibasaki;33;1992-05-28;Aomori;Japón;Japón;175;64;https://media.api-sports.io/football/players/2604.png
6084;G. Silva;31;1994-03-05;Salto;Uruguay;Uruguay;183;74;https://media.api-sports.io/football/players/6084.png
323935;G. Simeone;23;2002-12-18;Roma;Italia;Argentina;174;75;https://media.api-sports.io/football/players/323935.png
441280;G. Spina;20;2005-02-09;La Plata;Argentina;Argentina;187;77;https://media.api-sports.io/football/players/441280.png
11421;G. Suazo;28;1997-08-09;Santiago de Chile;Chile;Chile;178;72;https://media.api-sports.io/football/players/11421.png
377215;G. Swiderski;20;2005-10-05;;Francia;Francia;187;72;https://media.api-sports.io/football/players/377215.png
51449;G. Álvarez;25;2000-03-24;Melo;Uruguay;Uruguay;184;72;https://media.api-sports.io/football/players/51449.png
351;G. Čaušić;33;1992-05-05;Beograd;Serbia;Serbia;180;72;https://media.api-sports.io/football/players/351.png
182504;Gabri Veiga;23;2002-05-27;O Porriño;España;España;184;76;https://media.api-sports.io/football/players/182504.png
42039;Gabriel Fernández Arenas;37;1983-07-10;Madrid;España;España;181;74;https://media.api-sports.io/football/players/42039.png
915;Gabriel Paulista;35;1990-11-26;São Paulo;Brasil;Brasil;185;72;https://media.api-sports.io/football/players/915.png
47006;Gabriel Peñalba;36;1984-09-23;Quilmes;Argentina;Argentina;194;90;https://media.api-sports.io/football/players/47006.png
568;Gabriel Pires;32;1993-09-18;Rio de Janeiro;Brasil;Brasil;187;83;https://media.api-sports.io/football/players/568.png
22084;Gabriel Silva;32;1991-05-13;Piracicaba;Brasil;Brasil;179;75;https://media.api-sports.io/football/players/22084.png
286558;Gael Alonso;23;2002-07-22;Vigo;España;España;182;70;https://media.api-sports.io/football/players/286558.png
182664;Gaizka Ayesa;24;2001-04-02;Ansoáin;España;España;182;79;https://media.api-sports.io/football/players/182664.png
47120;Gaizka Campos;28;1997-05-16;Barakaldo;España;España;189;80;https://media.api-sports.io/football/players/47120.png
403241;Gaizka García;20;2005-02-17;Vitoria-Gasteiz;España;España;192;;https://media.api-sports.io/football/players/403241.png
128365;Gaizka Larrazabal;28;1997-12-17;Bilbao;España;España;181;73;https://media.api-sports.io/football/players/128365.png
70132;Gaizka Toquero Pinedo;35;1984-08-09;Vitoria-Gasteiz;España;España;182;72;https://media.api-sports.io/football/players/70132.png
296667;Gavi;21;2004-08-05;Los Palacios y Villafranca;España;España;174;69;https://media.api-sports.io/football/players/296667.png
118;Gelson Martins;30;1995-05-11;Praia;Cabo Verde;Portugal;173;72;https://media.api-sports.io/football/players/118.png
80848;Gen Zhang;38;1987-05-05;;RP China;RP China;175;70;https://media.api-sports.io/football/players/80848.png
188408;Geovanni Barba;24;2001-05-17;Puerto de Santamaría;España;España;183;;https://media.api-sports.io/football/players/188408.png
184348;Gerard Barri;24;2001-01-02;Vallgorguina;España;España;187;;https://media.api-sports.io/football/players/184348.png
181701;Gerard Martín;23;2002-02-26;Esplugues de Llobregat;España;España;186;82;https://media.api-sports.io/football/players/181701.png
1707;Gerard Moreno;33;1992-04-07;Santa Perpètua de Mogoda;España;España;180;77;https://media.api-sports.io/football/players/1707.png
47164;Gerard Valentín;32;1993-07-28;Aviñonet de Puig Ventós;España;España;177;75;https://media.api-sports.io/football/players/47164.png
392455;Germán García;21;2004-02-01;;España;España;185;75;https://media.api-sports.io/football/players/392455.png
46683;Germán Sánchez;39;1986-12-12;San Fernando;España;España;186;79;https://media.api-sports.io/football/players/46683.png
161963;Germán Valera;23;2002-03-16;Murcia;España;España;170;68;https://media.api-sports.io/football/players/161963.png
30941;Giampaolo Pazzini;36;1984-08-02;Pescia;Italia;Italia;180;77;https://media.api-sports.io/football/players/30941.png
491106;Gibert Jordana;18;2007-02-26;;España;España;;;https://media.api-sports.io/football/players/491106.png
42979;Giedrius Arlauskis;36;1987-12-01;Telšiai;Lituania;Lituania;192;85;https://media.api-sports.io/football/players/42979.png
1615;Gil Dias;29;1996-09-28;Gafanha da Nazaré;Portugal;Portugal;183;75;https://media.api-sports.io/football/players/1615.png
336711;Gonzalo García;21;2004-03-24;Madrid;España;España;182;74;https://media.api-sports.io/football/players/336711.png
107160;Gonzalo Pereira;28;1997-02-14;Barcelona;España;España;180;75;https://media.api-sports.io/football/players/107160.png
46965;Gonzalo Verdú;37;1988-10-21;Cartagena;España;España;185;80;https://media.api-sports.io/football/players/46965.png
46982;Gonzalo Villar;27;1998-03-23;Murcia;España;España;181;73;https://media.api-sports.io/football/players/46982.png
925;Gonçalo Guedes;29;1996-11-29;Benavente;Portugal;Portugal;179;68;https://media.api-sports.io/football/players/925.png
1830;Gonçalo Paciência;31;1994-08-01;Porto;Portugal;Portugal;184;81;https://media.api-sports.io/football/players/1830.png
286604;Gori;23;2002-05-15;Arenys de Munt;España;España;172;60;https://media.api-sports.io/football/players/286604.png
403561;Gorka Carrera;20;2005-05-15;;España;España;;;https://media.api-sports.io/football/players/403561.png
47542;Gorka Elustondo Urkola;32;1987-03-18;Beasain;España;España;184;79;https://media.api-sports.io/football/players/47542.png
47291;Gorka Guruzeta;29;1996-09-12;San Sebastián;España;España;188;77;https://media.api-sports.io/football/players/47291.png
47501;Gorka Iraizoz Moreno;38;1981-03-06;Pamplona;España;España;191;87;https://media.api-sports.io/football/players/47501.png
333373;Gorka Rivera;21;2004-08-01;Leganés;España;España;184;70;https://media.api-sports.io/football/players/333373.png
134838;Gorka Zabarte Moreno;23;1999-01-09;Madrid;España;España;175;74;https://media.api-sports.io/football/players/134838.png
47299;Gorosabel;29;1996-08-04;Arrasate;España;España;174;70;https://media.api-sports.io/football/players/47299.png
18835;Guaita;38;1987-01-10;Torrente;España;España;190;80;https://media.api-sports.io/football/players/18835.png
47309;Guevara;28;1997-07-07;Vitoria;España;España;180;73;https://media.api-sports.io/football/players/47309.png
310609;Gui;23;2002-04-17;Santa Marta de Penaguião;Portugal;Portugal;185;77;https://media.api-sports.io/football/players/310609.png
1607;Guilherme;34;1991-04-05;Santo André;Brasil;Brasil;179;77;https://media.api-sports.io/football/players/1607.png
2038;Guilherme Arana;28;1997-04-14;São Paulo;Brasil;Brasil;176;71;https://media.api-sports.io/football/players/2038.png
329663;Guilherme Fernandes;24;2001-03-28;Lisboa;Portugal;Portugal;191;88;https://media.api-sports.io/football/players/329663.png
104851;Guilherme Siqueira;35;1986-04-28;Florianópolis;Brasil;Brasil;182;81;https://media.api-sports.io/football/players/104851.png
441232;Guille Fernández;17;2008-06-18;Rubí;España;España;179;76;https://media.api-sports.io/football/players/441232.png
132;Guillem Jaime;26;1999-01-06;Tarragona;España;España;177;70;https://media.api-sports.io/football/players/132.png
162108;Guillem Molina;25;2000-05-03;;España;España;183;71;https://media.api-sports.io/football/players/162108.png
352859;Guillem Trilla;22;2003-02-04;;España;España;188;78;https://media.api-sports.io/football/players/352859.png
352854;Guillermo Ruiz;22;2003-12-09;Madrid;España;España;194;;https://media.api-sports.io/football/players/352854.png
47414;Gumbau;31;1994-12-18;Campllong;España;España;187;77;https://media.api-sports.io/football/players/47414.png
2205;H. Ben Arfa;35;1987-03-07;Clamart;Francia;Francia;178;65;https://media.api-sports.io/football/players/2205.png
560930;H. Burcio;18;;;;;;;https://media.api-sports.io/football/players/560930.png
48153;H. Goitom;38;1984-09-22;Stockholm;Suecia;Eritrea;189;74;https://media.api-sports.io/football/players/48153.png
20844;H. Hassan;23;2002-02-08;Bagnolet;Francia;Francia;178;71;https://media.api-sports.io/football/players/20844.png
382;H. Herrera;35;1990-04-19;Tijuana;México;México;185;80;https://media.api-sports.io/football/players/382.png
33173;H. Kiyotake;36;1989-11-12;Ōita;Japón;Japón;172;66;https://media.api-sports.io/football/players/33173.png
26727;H. Mastour;26;1998-06-15;Reggio Emilia;Italia;Marruecos;175;63;https://media.api-sports.io/football/players/26727.png
180560;H. Mejbri;22;2003-01-21;Ivry-sur-Seine;Francia;Túnez;177;74;https://media.api-sports.io/football/players/180560.png
42642;H. Moldovan;27;1998-01-20;Cluj-Napoca;Rumanía;Rumanía;189;72;https://media.api-sports.io/football/players/42642.png
2874;H. Moreno;37;1988-01-17;Culiacán;México;México;186;76;https://media.api-sports.io/football/players/2874.png
609795;H. Nakoha;;;;;;;;https://media.api-sports.io/football/players/609795.png
2486;H. Palacios;32;1993-06-11;Santander de Quilichao;Colombia;Colombia;177;75;https://media.api-sports.io/football/players/2486.png
2520;H. Pérez;36;1989-02-25;Fernando de la Mora;Paraguay;Paraguay;180;71;https://media.api-sports.io/football/players/2520.png
582;H. Seferović;33;1992-02-22;Sursee;Suiza;Suiza;186;85;https://media.api-sports.io/football/players/582.png
6736;H. Toledo;29;1996-01-17;Santa Fe;Argentina;Argentina;180;73;https://media.api-sports.io/football/players/6736.png
2202;H. Traoré;33;1992-01-27;Bamako;Mali;Mali;175;64;https://media.api-sports.io/football/players/2202.png
78370;H. Westermann;38;1983-08-14;Alzenau;Alemania;Alemania;190;87;https://media.api-sports.io/football/players/78370.png
376416;Hamza Bellari;22;2003-03-11;Tarragona;España;España;;;https://media.api-sports.io/football/players/376416.png
10561;Henrique;31;1994-04-25;Rio de Janeiro;Brasil;Brasil;173;71;https://media.api-sports.io/football/players/10561.png
2669;Hermoso;30;1995-06-18;Madrid;España;España;184;75;https://media.api-sports.io/football/players/2669.png
46897;Hernán;35;1990-08-26;Las Palmas de Gran Canaria;España;España;181;71;https://media.api-sports.io/football/players/46897.png
395;Hernâni;34;1991-08-20;Lisboa;Portugal;Portugal;179;72;https://media.api-sports.io/football/players/395.png
20627;Houboulang Mendes;27;1998-05-04;Évry;Francia;Guinea-Bisáu;184;77;https://media.api-sports.io/football/players/20627.png
47264;Hugo Duro;26;1999-11-10;Getafe;España;España;177;70;https://media.api-sports.io/football/players/47264.png
116820;Hugo Fraile Martín;35;1987-03-16;Huelva;España;España;176;73;https://media.api-sports.io/football/players/116820.png
161875;Hugo González;22;2003-02-07;Valencia;España;España;184;;https://media.api-sports.io/football/players/161875.png
919;Hugo Guillamón;25;2000-01-31;L'Eliana;España;España;178;62;https://media.api-sports.io/football/players/919.png
514913;Hugo López;18;2007-03-04;Murcia;España;España;;;https://media.api-sports.io/football/players/514913.png
47432;Hugo Mallo;34;1991-06-22;Marín;España;España;173;69;https://media.api-sports.io/football/players/47432.png
162170;Hugo Novoa;22;2003-01-24;;España;España;182;69;https://media.api-sports.io/football/players/162170.png
288334;Hugo Pérez;23;2002-12-16;Barcelona;España;España;189;;https://media.api-sports.io/football/players/288334.png
313025;Hugo Rincón;22;2003-01-27;Valtierra;España;España;183;75;https://media.api-sports.io/football/players/313025.png
386187;Hugo Solozábal;22;2003-02-07;Madrid;España;España;178;74;https://media.api-sports.io/football/players/386187.png
313651;Hugo Sotelo;22;2003-12-19;Vigo;España;España;180;75;https://media.api-sports.io/football/players/313651.png
329720;Hugo Álvarez;22;2003-07-02;Ourense;España;España;176;72;https://media.api-sports.io/football/players/329720.png
1439;Héctor Bellerín;30;1995-03-19;Barcelona;España;España;178;74;https://media.api-sports.io/football/players/1439.png
386859;Héctor Fort;19;2006-08-02;Barcelona;España;España;185;78;https://media.api-sports.io/football/players/386859.png
47074;Héctor Hernández;34;1991-05-23;Valladolid;España;España;171;68;https://media.api-sports.io/football/players/47074.png
18752;Hélder Costa;31;1994-01-12;Luanda;Angola;Angola;178;79;https://media.api-sports.io/football/players/18752.png
596;Hélder Lopes;36;1989-01-04;Vila Nova de Gaia;Portugal;Portugal;179;66;https://media.api-sports.io/football/players/596.png
506254;I. Alani;19;2006-07-29;;Nigeria;Nigeria;;;https://media.api-sports.io/football/players/506254.png
2049;I. Amadou;32;1993-04-06;Douala;Camerún;Francia;183;81;https://media.api-sports.io/football/players/2049.png
2480;I. Arboleda;29;1996-04-21;Tumáco;Colombia;Colombia;185;71;https://media.api-sports.io/football/players/2480.png
46739;I. Baba;29;1996-01-22;Accra;Ghana;Ghana;185;77;https://media.api-sports.io/football/players/46739.png
20520;I. Balliu;33;1992-01-01;Caldas de Malavella;España;Albania;172;63;https://media.api-sports.io/football/players/20520.png
8683;I. Cardona;28;1997-08-08;Nîmes;Francia;Francia;185;76;https://media.api-sports.io/football/players/8683.png
266202;I. Chaira;24;2001-02-02;Ripoll;España;Marruecos;179;;https://media.api-sports.io/football/players/266202.png
1488;I. Doumbia;27;1998-04-14;Yamoussoukro;Costa de Marfil;Costa de Marfil;187;82;https://media.api-sports.io/football/players/1488.png
14382;I. Grbić;29;1996-01-18;Split;Croacia;Croacia;195;83;https://media.api-sports.io/football/players/14382.png
43084;I. Hagi;27;1998-10-22;İstanbul;Turquía;Rumanía;182;74;https://media.api-sports.io/football/players/43084.png
1327;I. Hajrović;32;1991-08-04;Brugg;Suiza;Bosnia y Herzegovina;177;72;https://media.api-sports.io/football/players/1327.png
263529;I. Kebe;25;2000-08-02;;Mali;Mali;180;78;https://media.api-sports.io/football/players/263529.png
39245;I. Koné;26;1999-06-16;Bamako;Mali;Mali;190;75;https://media.api-sports.io/football/players/39245.png
338508;I. Kostis;22;2003-02-27;Thessaloniki;Grecia;Chipre;188;81;https://media.api-sports.io/football/players/338508.png
2552;I. Lichnovsky;31;1994-03-07;Talagante;Chile;Chile;188;80;https://media.api-sports.io/football/players/2552.png
548706;I. Luque;20;;;;;;;https://media.api-sports.io/football/players/548706.png
2474;I. Marcone;35;1990-06-03;Buenos Aires;Argentina;Argentina;184;90;https://media.api-sports.io/football/players/2474.png
162123;I. Moriba;22;2003-01-19;Conakry;Guinea;Guinea;165;73;https://media.api-sports.io/football/players/162123.png
546857;I. Munoz;21;;;;;;;https://media.api-sports.io/football/players/546857.png
30765;I. Radu;28;1997-05-28;București;Rumanía;Rumanía;188;70;https://media.api-sports.io/football/players/30765.png
149;I. Rakitić;37;1988-03-10;Rheinfelden;Suiza;Croacia;184;78;https://media.api-sports.io/football/players/149.png
462277;I. Salhi;18;2007-07-27;Aubervilliers;Francia;Francia;172;57;https://media.api-sports.io/football/players/462277.png
2777;I. Success;29;1996-01-07;Benin City;Nigeria;Nigeria;186;86;https://media.api-sports.io/football/players/2777.png
47294;I. Williams;31;1994-06-15;Bilbao;España;Ghana;186;81;https://media.api-sports.io/football/players/47294.png
41595;I. Šaponjić;28;1997-08-02;Nova Varoš;Serbia;Serbia;190;86;https://media.api-sports.io/football/players/41595.png
47445;Iago Aspas;38;1987-08-01;Moaña;España;España;176;67;https://media.api-sports.io/football/players/47445.png
182538;Iago Domínguez;24;2001-11-22;Vigo;España;España;;;https://media.api-sports.io/football/players/182538.png
47267;Iago Herrerín;37;1988-01-25;Bilbao;España;España;187;88;https://media.api-sports.io/football/players/47267.png
439614;Iago Parente;19;2006-02-25;;España;España;;;https://media.api-sports.io/football/players/439614.png
36057;Ian González;32;1993-02-11;Madrid;España;España;193;87;https://media.api-sports.io/football/players/36057.png
469672;Ibai Aguirre;18;2007-01-10;;España;España;;;https://media.api-sports.io/football/players/469672.png
47283;Ibai Gómez;34;1989-11-11;Bilbao;España;España;177;72;https://media.api-sports.io/football/players/47283.png
384267;Ibon Sánchez;21;2004-03-08;Getxo;España;España;;;https://media.api-sports.io/football/players/384267.png
1699;Iborra;37;1988-01-16;Moncada;España;España;190;80;https://media.api-sports.io/football/players/1699.png
336592;Ibrahima Cámara;22;2003-01-18;Madrid;España;España;181;;https://media.api-sports.io/football/players/336592.png
386270;Ibrahima Sow;18;2000-09-15;;Senegal;Senegal;184;;https://media.api-sports.io/football/players/386270.png
25409;Ignacio Camacho;31;1990-05-04;Zaragoza;España;España;183;75;https://media.api-sports.io/football/players/25409.png
1036;Ignacio Cases Mora;35;1987-12-22;Gijón;España;España;175;66;https://media.api-sports.io/football/players/1036.png
47253;Ignasi Miquel;33;1992-09-28;Corbera de Llobregat;España;España;188;82;https://media.api-sports.io/football/players/47253.png
107148;Ignasi Vilarrasa;26;1999-08-23;Granollers;España;España;183;81;https://media.api-sports.io/football/players/107148.png
47238;Ikechukwu Uche;35;1984-01-05;Aba;Nigeria;Nigeria;172;70;https://media.api-sports.io/football/players/47238.png
389602;Iker Almena;21;2004-05-04;;España;España;177;64;https://media.api-sports.io/football/players/389602.png
163013;Iker Bachiller;23;2002-09-14;Madrid;España;España;169;64;https://media.api-sports.io/football/players/163013.png
288800;Iker Benito;23;2002-08-10;Miranda de Ebro;España;España;176;71;https://media.api-sports.io/football/players/288800.png
442188;Iker Córdoba;20;2005-11-11;;España;España;190;78;https://media.api-sports.io/football/players/442188.png
128985;Iker Losada;24;2001-08-01;Catoira;España;España;175;70;https://media.api-sports.io/football/players/128985.png
407677;Iker Monreal;20;2005-07-03;Pamplona;España;España;;;https://media.api-sports.io/football/players/407677.png
182621;Iker Muñoz;23;2002-11-05;Villafranca;España;España;180;69;https://media.api-sports.io/football/players/182621.png
162135;Iker Recio;24;2001-06-17;Talavera de la Reina;España;España;184;80;https://media.api-sports.io/football/players/162135.png
354762;Iker Varela;22;2003-03-01;Barakaldo;España;España;186;;https://media.api-sports.io/football/players/354762.png
169256;Iker Álvarez;24;2001-07-25;Andorra la Vella;Andorra;Andorra;190;81;https://media.api-sports.io/football/players/169256.png
290740;Ilias Akhomach;21;2004-04-16;Els Hostalets de Pierola;Marruecos;Marruecos;175;70;https://media.api-sports.io/football/players/290740.png
47310;Illarramendi;35;1990-03-08;Mutriku;España;España;179;75;https://media.api-sports.io/football/players/47310.png
104814;Imanol Agirretxe Arruti;31;1987-02-24;Usurbil;España;España;187;78;https://media.api-sports.io/football/players/104814.png
116837;Imanol Corral Matellán;29;1994-03-19;Basauri;España;España;;;https://media.api-sports.io/football/players/116837.png
47227;Imanol García;30;1995-12-26;Esquíroz;España;España;184;75;https://media.api-sports.io/football/players/47227.png
182641;Imanol García de Albéniz;25;2000-06-08;Gallarta;España;España;177;63;https://media.api-sports.io/football/players/182641.png
104820;Imanol Sarriegi;30;1995-04-27;San Sebastián;España;España;;;https://media.api-sports.io/football/players/104820.png
8542;Imoh Ezekiel;32;1993-10-24;Lagos;Nigeria;Nigeria;178;70;https://media.api-sports.io/football/players/8542.png
185398;Isaac;25;2000-05-18;Lebrija;España;España;184;70;https://media.api-sports.io/football/players/185398.png
33395;Isaac Cuenca;30;1991-04-27;Reus;España;España;179;68;https://media.api-sports.io/football/players/33395.png
745;Isco;33;1992-04-21;Benalmádena;España;España;176;79;https://media.api-sports.io/football/players/745.png
131546;Isi Palazón;31;1994-12-27;Cieza;España;España;169;71;https://media.api-sports.io/football/players/131546.png
47076;Isma López;32;1990-01-29;Pamplona;España;España;180;74;https://media.api-sports.io/football/players/47076.png
182166;Isma Ruiz;24;2001-02-14;Gójar;España;España;180;67;https://media.api-sports.io/football/players/182166.png
330443;Isma Sierra;22;2003-03-17;Huesca;España;España;192;83;https://media.api-sports.io/football/players/330443.png
146750;Ismael Gutiérrez;25;2000-08-07;Los Palacios;España;España;178;74;https://media.api-sports.io/football/players/146750.png
286271;Israel;22;2003-05-07;Antequera;España;España;175;70;https://media.api-sports.io/football/players/286271.png
505100;Israel Mora;20;2005-04-19;;España;España;;;https://media.api-sports.io/football/players/505100.png
47284;Iturraspe;31;1989-03-08;Abadiño;España;España;187;80;https://media.api-sports.io/football/players/47284.png
450714;Ivan Corralejo;18;2007-05-01;;España;España;;;https://media.api-sports.io/football/players/450714.png
46892;Ivi López;31;1994-06-29;Madrid;España;España;174;70;https://media.api-sports.io/football/players/46892.png
46824;Iván Alejo;30;1995-02-10;Valladolid;España;España;184;73;https://media.api-sports.io/football/players/46824.png
182757;Iván Chapela;26;1999-05-21;Chiclana de la Frontera;España;España;181;;https://media.api-sports.io/football/players/182757.png
47399;Iván Cuéllar;41;1984-05-27;Mérida;España;España;187;76;https://media.api-sports.io/football/players/47399.png
285506;Iván Cédric;24;2001-12-22;Madrid;España;España;185;;https://media.api-sports.io/football/players/285506.png
341700;Iván Fresneda;21;2004-09-28;Madrid;España;España;183;74;https://media.api-sports.io/football/players/341700.png
182694;Iván Gil;25;2000-01-18;Sant Boi de Llobregat;España;España;168;63;https://media.api-sports.io/football/players/182694.png
46828;Iván Jaime;25;2000-09-26;;España;España;180;73;https://media.api-sports.io/football/players/46828.png
47219;Iván López;28;1993-08-23;Valencia;España;España;175;69;https://media.api-sports.io/football/players/47219.png
1700;Iván Martín;26;1999-02-14;Bilbao;España;España;178;70;https://media.api-sports.io/football/players/1700.png
46648;Iván Martínez;23;2002-02-19;Ágreda;España;España;182;70;https://media.api-sports.io/football/players/46648.png
40201;Iván Márquez;31;1994-06-09;Marbella;España;España;191;82;https://media.api-sports.io/football/players/40201.png
46821;Iván Rodríguez;29;1996-04-30;Alameda;España;España;180;70;https://media.api-sports.io/football/players/46821.png
192032;Iván Romero;24;2001-04-10;La Solana;España;España;172;72;https://media.api-sports.io/football/players/192032.png
350364;Iván Sanz;22;2003-01-08;;España;España;;;https://media.api-sports.io/football/players/350364.png
46979;Iván Sánchez;33;1992-09-23;Jaén;España;España;171;64;https://media.api-sports.io/football/players/46979.png
47427;Iván Villar;28;1997-07-09;Aldán;España;España;186;76;https://media.api-sports.io/football/players/47427.png
47100;Iza Carcelén;32;1993-04-23;El Puerto de Santa María;España;España;170;69;https://media.api-sports.io/football/players/47100.png
625744;Izei Hernandez;;;;;;;;https://media.api-sports.io/football/players/625744.png
297869;Iñaki González Zambrano;21;2004-07-27;Fuente del Maestre;España;España;179;;https://media.api-sports.io/football/players/297869.png
126;Iñaki Peña;26;1999-03-02;Alicante;España;España;184;78;https://media.api-sports.io/football/players/126.png
180239;Iñaki Álvarez;28;1997-06-18;Pamplona;España;España;;;https://media.api-sports.io/football/players/180239.png
116832;Iñigo Barrenetxea;31;1994-01-01;Bilbao;España;España;179;70;https://media.api-sports.io/football/players/116832.png
47279;Iñigo Córdoba;28;1997-03-13;Bilbao;España;España;180;76;https://media.api-sports.io/football/players/47279.png
46665;Iñigo Pérez;34;1988-01-18;Pamplona;España;España;178;74;https://media.api-sports.io/football/players/46665.png
47293;Iñigo Vicente;27;1998-01-06;Derio;España;España;178;69;https://media.api-sports.io/football/players/47293.png
548807;J. A. Gaitan Diaz;18;;;;;;;https://media.api-sports.io/football/players/548807.png
1926;J. Aidoo;30;1995-09-29;Tema;Ghana;Ghana;184;80;https://media.api-sports.io/football/players/1926.png
2499;J. Alonso;32;1993-02-09;Asunción;Paraguay;Paraguay;185;83;https://media.api-sports.io/football/players/2499.png
1901;J. Amavi;31;1994-03-09;Toulon;Francia;Francia;176;70;https://media.api-sports.io/football/players/1901.png
199044;J. Aramburu;23;2002-07-23;Caracas;Venezuela;Venezuela;176;71;https://media.api-sports.io/football/players/199044.png
414409;J. Arango;17;;;;;;;https://media.api-sports.io/football/players/414409.png
51051;J. Araujo;24;2001-08-13;Lompoc;Estados Unidos;México;175;70;https://media.api-sports.io/football/players/51051.png
2446;J. Añor;31;1994-01-24;Caracas;Venezuela;Venezuela;176;67;https://media.api-sports.io/football/players/2446.png
46874;J. Babin;39;1986-10-14;Corbeil-Essonnes;Francia;Martinica;181;91;https://media.api-sports.io/football/players/46874.png
22235;J. Bamba;29;1996-03-26;Alfortville;Francia;Costa de Marfil;175;72;https://media.api-sports.io/football/players/22235.png
129718;J. Bellingham;22;2003-06-29;Stourbridge;Inglaterra;Inglaterra;186;75;https://media.api-sports.io/football/players/129718.png
182547;J. Blasco;26;1999-02-12;Bayonne;Francia;Francia;185;79;https://media.api-sports.io/football/players/182547.png
30531;J. Boga;28;1997-01-03;Marseille;Francia;Costa de Marfil;172;68;https://media.api-sports.io/football/players/30531.png
2762;J. Brekalo;27;1998-06-23;Zagreb;Croacia;Croacia;175;70;https://media.api-sports.io/football/players/2762.png
131532;J. Brunet;27;1998-01-24;Maipú;Argentina;Argentina;190;78;https://media.api-sports.io/football/players/131532.png
47368;J. Calleri;32;1993-09-23;Buenos Aires;Argentina;Argentina;181;72;https://media.api-sports.io/football/players/47368.png
2845;J. Campbell;33;1992-06-26;San José;Costa Rica;Costa Rica;178;71;https://media.api-sports.io/football/players/2845.png
133185;J. Cardoso;24;2001-09-20;Denville;Estados Unidos;Estados Unidos;186;78;https://media.api-sports.io/football/players/133185.png
560905;J. Cestero Sancho;19;;;;;;;https://media.api-sports.io/football/players/560905.png
5974;J. Chicco;27;1998-01-13;Brinkmann;Argentina;Argentina;181;79;https://media.api-sports.io/football/players/5974.png
124;J. Cillessen;36;1989-04-22;Groesbeek;Países Bajos;Países Bajos;185;83;https://media.api-sports.io/football/players/124.png
389;J. Corona;32;1993-01-06;Hermosillo;México;México;173;59;https://media.api-sports.io/football/players/389.png
1854;J. Correa;31;1994-08-13;Juan B. Alberdi;Argentina;Argentina;189;75;https://media.api-sports.io/football/players/1854.png
351913;J. El Abdellaoui;19;2006-01-12;;Noruega;Noruega;184;72;https://media.api-sports.io/football/players/351913.png
31386;J. El Yamiq;33;1992-02-29;Khouribga;Marruecos;Marruecos;193;80;https://media.api-sports.io/football/players/31386.png
125386;J. Flere;27;1998-05-12;San Carlos de Bariloche;Argentina;Argentina;183;68;https://media.api-sports.io/football/players/125386.png
166;J. Foyth;27;1998-01-12;La Plata;Argentina;Argentina;187;83;https://media.api-sports.io/football/players/166.png
24799;J. Geis;32;1993-08-17;Schweinfurt;Alemania;Alemania;181;81;https://media.api-sports.io/football/players/24799.png
31;J. Giménez;30;1995-01-20;Toledo;Uruguay;Uruguay;186;77;https://media.api-sports.io/football/players/31.png
2041;J. Gnagnon;25;1997-01-13;Bondy;Francia;Francia;182;89;https://media.api-sports.io/football/players/2041.png
47371;J. Guidetti;33;1992-04-15;Stockholm;Suecia;Suecia;185;79;https://media.api-sports.io/football/players/47371.png
5946;J. Gutiérrez;38;1983-07-05;Sáenz Peña;Argentina;Argentina;183;78;https://media.api-sports.io/football/players/5946.png
203426;J. Gómez;22;2003-09-01;North Richland Hills;Estados Unidos;Estados Unidos;176;71;https://media.api-sports.io/football/players/203426.png
2886;J. Hernández;37;1988-06-01;Guadalajara;México;México;175;73;https://media.api-sports.io/football/players/2886.png
129728;J. Holsgrove;26;1999-09-10;Edinburgh;Escocia;Escocia;180;73;https://media.api-sports.io/football/players/129728.png
30453;J. Jankto;29;1996-01-19;Praha;República Checa;República Checa;184;74;https://media.api-sports.io/football/players/30453.png
50009;J. Jønsson;32;1993-01-10;Århus;Dinamarca;Dinamarca;182;78;https://media.api-sports.io/football/players/50009.png
405074;J. Kalumba;21;2004-12-25;Roubaix;Francia;Francia;180;75;https://media.api-sports.io/football/players/405074.png
792;J. Kluivert;26;1999-05-05;Amsterdam;Países Bajos;Países Bajos;171;67;https://media.api-sports.io/football/players/792.png
1257;J. Koundé;27;1998-11-12;Paris;Francia;Francia;181;84;https://media.api-sports.io/football/players/1257.png
6492;J. Ledesma;32;1993-02-13;Pergamino;Argentina;Argentina;187;70;https://media.api-sports.io/football/players/6492.png
2490;J. Lerma;31;1994-10-25;Cerrito;Colombia;Colombia;179;70;https://media.api-sports.io/football/players/2490.png
66491;J. Letáček;26;1999-01-09;Pardubice;Chequia;Chequia;196;77;https://media.api-sports.io/football/players/66491.png
35503;J. Macías;26;1999-09-22;;México;México;178;76;https://media.api-sports.io/football/players/35503.png
22258;J. Martin;35;1990-04-09;Besançon;Francia;Francia;184;77;https://media.api-sports.io/football/players/22258.png
561033;J. Martinez;18;;;;;;;https://media.api-sports.io/football/players/561033.png
41373;J. Martínez;35;1986-10-03;Quibdó;Colombia;Colombia;185;83;https://media.api-sports.io/football/players/41373.png
13073;J. Mascherano;37;1984-06-08;San Lorenzo;Argentina;Argentina;174;73;https://media.api-sports.io/football/players/13073.png
1480;J. Mathieu;38;1983-10-29;Luxeuil-les-Bains;Francia;Francia;189;82;https://media.api-sports.io/football/players/1480.png
64268;J. Mojica;33;1992-08-21;Cali;Colombia;Colombia;185;66;https://media.api-sports.io/football/players/64268.png
39714;J. Mondragón;30;1994-10-15;Tuluá;Colombia;Colombia;180;75;https://media.api-sports.io/football/players/39714.png
19161;J. Montero;35;1989-09-01;Babahoyo;Ecuador;Ecuador;173;70;https://media.api-sports.io/football/players/19161.png
135;J. Murillo;33;1992-05-27;Cali;Colombia;Colombia;182;78;https://media.api-sports.io/football/players/135.png
2465;J. Musso;31;1994-05-06;San Nicolás de los Arroyos;Argentina;Argentina;193;93;https://media.api-sports.io/football/players/2465.png
46922;J. Narváez;30;1995-02-12;Pasto;Colombia;Colombia;181;79;https://media.api-sports.io/football/players/46922.png
29;J. Oblak;32;1993-01-07;Škofja Loka;Eslovenia;Eslovenia;188;87;https://media.api-sports.io/football/players/29.png
387139;J. Ochieng;22;2003-01-17;Nairobi;Kenia;Kenia;185;;https://media.api-sports.io/football/players/387139.png
551463;J. Olaizola;18;;;;;;;https://media.api-sports.io/football/players/551463.png
390742;J. Panichelli;23;2002-10-07;;Argentina;Argentina;186;82;https://media.api-sports.io/football/players/390742.png
781;J. Pastore;34;1989-06-20;Córdoba;Argentina;Argentina;187;78;https://media.api-sports.io/football/players/781.png
293297;J. Patrick;22;2003-09-24;Madrid;España;Irlanda;192;80;https://media.api-sports.io/football/players/293297.png
107187;J. Peñaloza;25;2000-05-03;Medellín;Colombia;Colombia;170;70;https://media.api-sports.io/football/players/107187.png
2575;J. Porozo;25;2000-08-04;San Lorenzo;Ecuador;Ecuador;192;82;https://media.api-sports.io/football/players/2575.png
15886;J. Radošević;31;1994-04-03;Split;Croacia;Croacia;180;80;https://media.api-sports.io/football/players/15886.png
48573;J. Rhyner;29;1996-03-16;Zürich;Suiza;Perú;186;75;https://media.api-sports.io/football/players/48573.png
2979;J. Rodríguez;27;1998-06-19;Ciudad de Panamá;Panamá;Panamá;180;77;https://media.api-sports.io/football/players/2979.png
517;J. Rodríguez;34;1991-07-12;Cúcuta;Colombia;Colombia;180;75;https://media.api-sports.io/football/players/517.png
2616;J. Rodríguez;32;1993-07-06;Florida;Uruguay;Uruguay;181;83;https://media.api-sports.io/football/players/2616.png
162891;J. Sanabria;25;2000-03-29;Florida;Uruguay;Uruguay;172;70;https://media.api-sports.io/football/players/162891.png
47408;J. Silva;31;1994-06-29;La Plata;Argentina;Argentina;178;69;https://media.api-sports.io/football/players/47408.png
325140;J. Smith;22;2003-02-04;Paris;Francia;Canadá;190;79;https://media.api-sports.io/football/players/325140.png
306727;J. Solis;21;2004-10-03;Guacarí;Colombia;Colombia;189;80;https://media.api-sports.io/football/players/306727.png
2032;J. Strand Larsen;25;2000-02-06;Halden;Noruega;Noruega;193;79;https://media.api-sports.io/football/players/2032.png
6090;J. Sánchez Miño;34;1990-01-01;Buenos Aires;Argentina;Argentina;177;78;https://media.api-sports.io/football/players/6090.png
138;J. Todibo;26;1999-12-30;Cayenne;Guayana Francesa;Francia;192;88;https://media.api-sports.io/football/players/138.png
1118;J. Toljan;31;1994-08-08;Stuttgart;Alemania;Alemania;182;74;https://media.api-sports.io/football/players/1118.png
313196;J. Urbáez;23;2002-07-24;Madrid;España;República Dominicana;179;73;https://media.api-sports.io/football/players/313196.png
484474;J. Valou;20;2005-12-22;Abidjan;Costa de Marfil;Costa de Marfil;188;98;https://media.api-sports.io/football/players/484474.png
314006;J. Vertrouwd;21;2004-08-21;Amsterdam;Países Bajos;Países Bajos;188;73;https://media.api-sports.io/football/players/314006.png
2880;J. dos Santos;35;1990-04-26;Monterrey;México;México;172;74;https://media.api-sports.io/football/players/2880.png
6009;J. Álvarez;25;2000-01-31;Cachín;Argentina;Argentina;170;71;https://media.api-sports.io/football/players/6009.png
182490;Jacobo González;28;1997-03-25;Madrid;España;España;173;66;https://media.api-sports.io/football/players/182490.png
386305;Jacobo Ramón Naveros;20;2005-01-06;Madrid;España;España;195;80;https://media.api-sports.io/football/players/386305.png
2671;Jaime Mata;37;1988-10-24;Madrid;España;España;185;79;https://media.api-sports.io/football/players/2671.png
47203;Jaime Romero;33;1990-07-31;Albacete;España;España;177;74;https://media.api-sports.io/football/players/47203.png
755;Jaime Seoane;28;1997-01-22;Madrid;España;España;175;73;https://media.api-sports.io/football/players/755.png
104803;Jaime Sierra;27;1998-03-18;Madrid;España;España;175;63;https://media.api-sports.io/football/players/104803.png
46771;Jairo Izquierdo;32;1993-10-22;Santa Cruz de Tenerife;España;España;165;64;https://media.api-sports.io/football/players/46771.png
24886;Jairo Samperio;32;1993-07-11;Cabezón de la Sal;España;España;173;69;https://media.api-sports.io/football/players/24886.png
491248;Jan Virgili;19;2006-07-26;Vilassar de Mar;España;España;;;https://media.api-sports.io/football/players/491248.png
162474;Jandro Orellana;25;2000-08-07;Gavà;España;España;177;63;https://media.api-sports.io/football/players/162474.png
47473;Jason;31;1994-07-06;A Coruña;España;España;178;65;https://media.api-sports.io/football/players/47473.png
1687;Jaume Costa;37;1988-03-18;Valencia;España;España;171;62;https://media.api-sports.io/football/players/1687.png
911;Jaume Doménech;35;1990-11-05;Castellón de la Plana;España;España;185;73;https://media.api-sports.io/football/players/911.png
751;Jaume Grau;28;1997-05-05;Tavernes de la Valldigna;España;España;182;67;https://media.api-sports.io/football/players/751.png
47001;Javi Castellano;38;1987-11-02;Las Palmas de Gran Canaria;España;España;182;73;https://media.api-sports.io/football/players/47001.png
184693;Javi Castro;25;2000-09-13;Madrid;España;España;183;75;https://media.api-sports.io/football/players/184693.png
162605;Javi Domínguez;24;2001-03-26;Madrid;España;España;195;83;https://media.api-sports.io/football/players/162605.png
2034;Javi Díaz;28;1997-05-15;Coria del Río;España;España;184;75;https://media.api-sports.io/football/players/2034.png
1698;Javi Fuego;37;1984-01-04;Pola de Siero;España;España;181;76;https://media.api-sports.io/football/players/1698.png
47566;Javi Galán;31;1994-11-19;Badajoz;España;España;170;70;https://media.api-sports.io/football/players/47566.png
315699;Javi Guerra;22;2003-05-13;Gilet;España;España;187;77;https://media.api-sports.io/football/players/315699.png
46849;Javi Hernández;27;1998-05-02;Jerez de la Frontera;España;España;185;72;https://media.api-sports.io/football/players/46849.png
293604;Javi Llabrés;23;2002-09-11;Binissalem;España;España;174;67;https://media.api-sports.io/football/players/293604.png
182636;Javi López;23;2002-03-25;La Orotava;España;España;184;80;https://media.api-sports.io/football/players/182636.png
47333;Javi López;39;1986-01-21;Osuna;España;España;180;76;https://media.api-sports.io/football/players/47333.png
187413;Javi Martín;27;1998-09-16;Azuqueca de Henares;España;España;;;https://media.api-sports.io/football/players/187413.png
46660;Javi Martínez;26;1999-12-22;Ólvega;España;España;180;68;https://media.api-sports.io/football/players/46660.png
179153;Javi Martón;26;1999-05-06;Villafranca;España;España;183;72;https://media.api-sports.io/football/players/179153.png
35;Javi Montero;26;1999-01-14;Sevilla;España;España;185;76;https://media.api-sports.io/football/players/35.png
47482;Javi Moyano;39;1986-02-23;Jaén;España;España;180;71;https://media.api-sports.io/football/players/47482.png
46860;Javi Muñoz;30;1995-02-28;Parla;España;España;175;69;https://media.api-sports.io/football/players/46860.png
46878;Javi Noblejas;28;1993-03-18;Madrid;España;España;188;80;https://media.api-sports.io/football/players/46878.png
46832;Javi Ontiveros;28;1997-09-09;Marbella;España;España;170;75;https://media.api-sports.io/football/players/46832.png
47349;Javi Puado;27;1998-05-25;Barcelona;España;España;177;69;https://media.api-sports.io/football/players/47349.png
384135;Javi Rodríguez;22;2003-06-26;Pontevedra;España;España;178;70;https://media.api-sports.io/football/players/384135.png
179955;Javi Rueda;23;2002-05-08;Alozaina;España;España;177;74;https://media.api-sports.io/football/players/179955.png
303378;Javi Serrano;22;2003-01-16;Madrid;España;España;178;75;https://media.api-sports.io/football/players/303378.png
740;Javi Sánchez;28;1997-03-14;Getafe;España;España;186;71;https://media.api-sports.io/football/players/740.png
47027;Javi Álamo;35;1988-08-18;Gáldar;España;España;190;84;https://media.api-sports.io/football/players/47027.png
47420;Javier Avilés;28;1997-08-17;Madrid;España;España;181;75;https://media.api-sports.io/football/players/47420.png
336685;Javier Boñar;20;2005-06-03;Madrid;España;España;180;;https://media.api-sports.io/football/players/336685.png
104848;Javier Flaño Bezunartea;35;1984-08-19;Pamplona;España;España;177;68;https://media.api-sports.io/football/players/104848.png
114785;Javier Garrido Behovide;35;1985-03-15;Irun;España;España;180;75;https://media.api-sports.io/football/players/114785.png
285418;Javier Gasca;25;2000-02-24;;España;España;182;;https://media.api-sports.io/football/players/285418.png
47555;Javier Guerra Rodríguez;37;1982-03-15;Vélez-Málaga;España;España;178;76;https://media.api-sports.io/football/players/47555.png
388495;Javier Hernandez;21;2004-01-30;;España;España;182;72;https://media.api-sports.io/football/players/388495.png
18896;Javier Manquillo;31;1994-05-05;Madrid;España;España;178;76;https://media.api-sports.io/football/players/18896.png
47230;Javier Márquez Moreno;34;1986-05-11;Badalona;España;España;174;71;https://media.api-sports.io/football/players/47230.png
297743;Javier Navarro Girona;21;2004-01-01;Elche;España;España;;;https://media.api-sports.io/football/players/297743.png
311746;Javier Pamies;22;2003-03-17;;España;España;;;https://media.api-sports.io/football/players/311746.png
553313;Javier Sarasa;20;;;;;;;https://media.api-sports.io/football/players/553313.png
195164;Javier Sánchez Moreno;0;2026-02-20;Santa Cruz de La Sierra;Bolivia;Bolivia;;;https://media.api-sports.io/football/players/195164.png
47560;Javier Varas Herrera;37;1982-09-10;Sevilla;España;España;182;74;https://media.api-sports.io/football/players/47560.png
1364;Jaílson;30;1995-09-07;Caçapava do Sul;Brasil;Brasil;187;75;https://media.api-sports.io/football/players/1364.png
104845;Jean Carlos;29;1996-05-10;Prata;Brasil;Brasil;185;76;https://media.api-sports.io/football/players/104845.png
348885;Jeremy Jorge;22;2003-02-09;Las Palmas de Gran Canaria;España;España;166;;https://media.api-sports.io/football/players/348885.png
1585;Jesé;32;1993-02-26;Las Palmas de Gran Canaria;España;España;178;72;https://media.api-sports.io/football/players/1585.png
42980;Jesús;37;1988-06-11;Madrid;España;España;190;87;https://media.api-sports.io/football/players/42980.png
364416;Jesús;20;2002-08-01;La Nucía;España;España;187;;https://media.api-sports.io/football/players/364416.png
182181;Jesús Areso;26;1999-07-02;Cascante;España;España;182;81;https://media.api-sports.io/football/players/182181.png
83132;Jesús Gámez Duarte;33;1985-04-10;Fuengirola;España;España;177;75;https://media.api-sports.io/football/players/83132.png
348328;Jesús López;23;2002-08-01;La Nucía;España;España;187;;https://media.api-sports.io/football/players/348328.png
2054;Jesús Navas;40;1985-11-21;Los Palacios;España;España;172;60;https://media.api-sports.io/football/players/2054.png
122471;Jesús Owono;24;2001-03-01;Bata;Guinea Ecuatorial;Guinea Ecuatorial;183;67;https://media.api-sports.io/football/players/122471.png
443162;Jesús Rodríguez;20;2005-11-21;Alcalá de Guadaíra;España;España;185;68;https://media.api-sports.io/football/players/443162.png
364415;Jesús Santiago;21;2004-05-25;Cartagena;España;España;192;78;https://media.api-sports.io/football/players/364415.png
162175;Jesús Vázquez;22;2003-01-02;Mérida;España;España;182;76;https://media.api-sports.io/football/players/162175.png
182718;Joan García;24;2001-05-04;Sallent;España;España;193;85;https://media.api-sports.io/football/players/182718.png
47389;Joan Jordán;31;1994-07-06;Gerona;España;España;184;74;https://media.api-sports.io/football/players/47389.png
182670;Joan Monterde;28;1997-12-18;Puerto de Sagunto;España;España;168;66;https://media.api-sports.io/football/players/182670.png
286620;Joan Puig;23;2002-11-16;Girona;España;España;;;https://media.api-sports.io/football/players/286620.png
119218;Joan Rojas;25;2000-01-14;Badalona;España;España;185;;https://media.api-sports.io/football/players/119218.png
338871;Joan Ruiz;22;2003-02-11;;España;España;;;https://media.api-sports.io/football/players/338871.png
46737;Joan Sastre;28;1997-04-30;Porreres;España;España;174;75;https://media.api-sports.io/football/players/46737.png
78739;Joan Verdú Fernández;39;1983-05-05;Barcelona;España;España;176;82;https://media.api-sports.io/football/players/78739.png
1579;Joaquín;42;1981-07-21;El Puerto de Santa María;España;España;179;75;https://media.api-sports.io/football/players/1579.png
47487;Joaquín Fernández;29;1996-05-31;Huércal de Almería;España;España;190;72;https://media.api-sports.io/football/players/47487.png
60;Joaquín Muñoz;26;1999-03-10;Málaga;España;España;173;60;https://media.api-sports.io/football/players/60.png
623732;Joel Fontanet;19;;;;;;;https://media.api-sports.io/football/players/623732.png
1558;Joel Robles;35;1990-06-17;Leganés;España;España;195;78;https://media.api-sports.io/football/players/1558.png
339105;Joel Roca;20;2005-06-07;Camprodon;España;España;176;72;https://media.api-sports.io/football/players/339105.png
182674;Jofre Carreras;24;2001-06-17;Girona;España;España;175;68;https://media.api-sports.io/football/players/182674.png
491250;Jofre Torrents;18;2007-01-28;La Selva del Camp;España;España;185;75;https://media.api-sports.io/football/players/491250.png
295879;John Chetauya;21;2000-08-30;;España;España;185;;https://media.api-sports.io/football/players/295879.png
189866;John Nwankwo;25;2000-09-25;Murcia;España;España;182;78;https://media.api-sports.io/football/players/189866.png
125;Jokin Ezkieta;29;1996-08-17;Villava;España;España;193;80;https://media.api-sports.io/football/players/125.png
182603;Jon Ander Olasagasti;25;2000-08-16;San Sebastián;España;España;176;74;https://media.api-sports.io/football/players/182603.png
105035;Jon Ansotegi Gorostola;35;1982-07-13;Berriatua;España;España;192;84;https://media.api-sports.io/football/players/105035.png
296757;Jon Balda;23;2002-04-20;Anoeta;España;España;174;70;https://media.api-sports.io/football/players/296757.png
47318;Jon Bautista;30;1995-07-03;Mahón;España;España;180;72;https://media.api-sports.io/football/players/47318.png
338872;Jon García;22;2003-01-28;Pamplona;España;España;182;;https://media.api-sports.io/football/players/338872.png
46770;Jon Garrido;33;1989-10-09;Bilbao;España;España;185;80;https://media.api-sports.io/football/players/46770.png
15320;Jon Gaztañaga;34;1991-06-28;Andoain;España;España;180;70;https://media.api-sports.io/football/players/15320.png
287654;Jon Gorrotxategi;23;2002-09-02;Eibar;España;España;177;;https://media.api-sports.io/football/players/287654.png
104821;Jon Guridi;30;1995-02-28;Azpeitia;España;España;179;64;https://media.api-sports.io/football/players/104821.png
183748;Jon Karrikaburu;23;2002-09-19;Elizondo;España;España;183;82;https://media.api-sports.io/football/players/183748.png
287652;Jon Magunazelaia;24;2001-07-13;Eibar;España;España;181;75;https://media.api-sports.io/football/players/287652.png
405073;Jon Martín;19;2006-04-23;San Sebastián;España;España;185;83;https://media.api-sports.io/football/players/405073.png
178932;Jon Mikel;25;2000-08-06;Amorebieta-Etxano;España;España;183;;https://media.api-sports.io/football/players/178932.png
182563;Jon Morcillo;27;1998-09-15;Amorebieta-Etxano;España;España;183;72;https://media.api-sports.io/football/players/182563.png
182546;Jon Pacheco;24;2001-01-08;Elizondo;España;España;184;77;https://media.api-sports.io/football/players/182546.png
19426;Jon Toral;30;1995-02-05;Reus;España;España;184;80;https://media.api-sports.io/football/players/19426.png
335490;Jon de Luis;22;2003-08-05;Berbinzana;España;España;183;;https://media.api-sports.io/football/players/335490.png
12667;Jonathan Viera;36;1989-10-21;Las Palmas de Gran Canaria;España;España;171;66;https://media.api-sports.io/football/players/12667.png
25390;Jonathas;36;1989-03-06;Betim;Brasil;Brasil;190;81;https://media.api-sports.io/football/players/25390.png
46803;Joni Montiel;27;1998-09-03;Madrid;España;España;173;67;https://media.api-sports.io/football/players/46803.png
18740;Jonny;31;1994-03-03;Vigo;España;España;175;70;https://media.api-sports.io/football/players/18740.png
47366;Jony;33;1991-07-09;Cangas de Narcea;España;España;179;76;https://media.api-sports.io/football/players/47366.png
184345;Jony Álamo;24;2001-09-25;Cartagena;España;España;175;65;https://media.api-sports.io/football/players/184345.png
47510;Jonás Ramalho;31;1993-06-10;Barakaldo;España;Angola;181;68;https://media.api-sports.io/football/players/47510.png
128;Jordi Alba;36;1989-03-21;L'Hospitalet de Llobregat;España;España;170;68;https://media.api-sports.io/football/players/128.png
47531;Jordi Amat;33;1992-03-21;Barcelona;España;Indonesia;185;83;https://media.api-sports.io/football/players/47531.png
47379;Jordi Calavera;30;1995-08-02;Valls;España;España;182;74;https://media.api-sports.io/football/players/47379.png
90710;Jordi Figueras;36;1987-05-16;Lleida;España;España;185;82;https://media.api-sports.io/football/players/90710.png
162030;Jordi Martín;24;2001-01-05;Madrid;España;España;176;62;https://media.api-sports.io/football/players/162030.png
47474;Jordi Masip;35;1989-01-03;Sabadell;España;España;180;76;https://media.api-sports.io/football/players/47474.png
122;Jordi Mboula;26;1999-03-16;Granollers;España;España;183;74;https://media.api-sports.io/football/players/122.png
432080;Jorge Benito;19;2006-06-06;;España;España;182;76;https://media.api-sports.io/football/players/432080.png
408320;Jorge Cabello;21;2004-04-25;;España;España;180;71;https://media.api-sports.io/football/players/408320.png
131;Jorge Cuenca;26;1999-11-17;Madrid;España;España;190;75;https://media.api-sports.io/football/players/131.png
182592;Jorge Herrando;24;2001-02-28;Campanas;España;España;190;78;https://media.api-sports.io/football/players/182592.png
24793;Jorge Meré;28;1997-04-17;Oviedo;España;España;182;77;https://media.api-sports.io/football/players/24793.png
47265;Jorge Molina;41;1982-04-22;Alcoy;España;España;188;72;https://media.api-sports.io/football/players/47265.png
625636;Jorge Montes;21;;;;;;;https://media.api-sports.io/football/players/625636.png
184609;Jorge Moreno;24;2001-07-25;Tres Cantos;España;España;184;82;https://media.api-sports.io/football/players/184609.png
290482;Jorge Pascual;22;2003-04-09;Almería;España;España;187;70;https://media.api-sports.io/football/players/290482.png
47061;Jorge Pombo;31;1994-02-22;Zaragoza;España;España;175;68;https://media.api-sports.io/football/players/47061.png
47569;Jorge Pulido;34;1991-04-08;Castillo de Bayuela;España;España;186;72;https://media.api-sports.io/football/players/47569.png
47080;Jorge Sáenz;29;1996-11-17;Santa Cruz de Tenerife;España;España;188;81;https://media.api-sports.io/football/players/47080.png
128582;Jorge de Frutos;28;1997-02-20;Navares de Enmedio;España;España;173;72;https://media.api-sports.io/football/players/128582.png
46973;Josan;36;1989-12-03;Crevillente;España;España;175;68;https://media.api-sports.io/football/players/46973.png
47307;Joseba Zaldúa;33;1992-06-24;San Sebastián;España;España;176;70;https://media.api-sports.io/football/players/47307.png
162559;Joseda;23;2002-05-01;Murcia;España;España;181;;https://media.api-sports.io/football/players/162559.png
192011;Joseda Álvarez;24;2001-01-22;Sant Vicenç dels Horts;España;España;183;;https://media.api-sports.io/football/players/192011.png
333369;Joselu;21;2004-03-12;;España;España;;;https://media.api-sports.io/football/players/333369.png
18907;Joselu;35;1990-03-27;Stuttgart;Alemania;España;191;82;https://media.api-sports.io/football/players/18907.png
47222;Josema Sánchez;29;1996-06-06;Lorquí;España;España;184;81;https://media.api-sports.io/football/players/47222.png
185715;Josep Gayá;25;2000-07-07;Mallorca;España;España;185;73;https://media.api-sports.io/football/players/185715.png
104841;Josep Señé;34;1991-12-10;Barcelona;España;España;186;79;https://media.api-sports.io/football/players/104841.png
122469;Josete Miranda;27;1998-07-22;Getafe;España;Guinea Ecuatorial;170;64;https://media.api-sports.io/football/players/122469.png
47108;José Antonio García Rabasco;36;1986-09-29;Orihuela;España;España;182;78;https://media.api-sports.io/football/players/47108.png
47034;José Antonio Reyes;36;1983-09-01;Utrera;España;España;176;72;https://media.api-sports.io/football/players/47034.png
47419;José Arnáiz;30;1995-04-15;Talavera de la Reina;España;España;175;70;https://media.api-sports.io/football/players/47419.png
330;José Callejón;38;1987-02-11;Motril;España;España;178;73;https://media.api-sports.io/football/players/330.png
47161;José Carlos;29;1996-05-10;Paradas;España;España;185;75;https://media.api-sports.io/football/players/47161.png
522648;José Carlos González;19;2006-03-27;;España;España;;;https://media.api-sports.io/football/players/522648.png
47170;José Carlos Lazo;29;1996-02-16;Sanlúcar de Barrameda;España;España;180;69;https://media.api-sports.io/football/players/47170.png
46698;José Caro;31;1994-05-03;La Palma del Condado;España;España;194;88;https://media.api-sports.io/football/players/46698.png
2358;José Crespo;37;1987-02-09;Lora del Río;España;España;185;73;https://media.api-sports.io/football/players/2358.png
41642;José Eduardo Rosa Vale de Castro;39;1983-01-13;Coimbra;Portugal;Portugal;183;76;https://media.api-sports.io/football/players/41642.png
182501;José Fontán;25;2000-02-11;Vilagarcía de Arousa;España;España;183;76;https://media.api-sports.io/football/players/182501.png
311745;José Friaza;23;2002-02-15;;España;España;192;;https://media.api-sports.io/football/players/311745.png
918;José Gayà;30;1995-05-25;Pedreguer;España;España;172;66;https://media.api-sports.io/football/players/918.png
67940;José Gragera;25;2000-05-14;Gijón;España;España;186;78;https://media.api-sports.io/football/players/67940.png
12541;José Jurado;34;1986-06-29;Sanlúcar de Barrameda;España;España;173;72;https://media.api-sports.io/football/players/12541.png
163447;José Lara;25;2000-03-07;Sevilla;España;España;161;60;https://media.api-sports.io/football/players/163447.png
355327;José Luis Català;21;2004-08-16;Palma de Mallorca;España;España;188;83;https://media.api-sports.io/football/players/355327.png
47467;José Luis Morales;38;1987-07-23;Madrid;España;España;180;70;https://media.api-sports.io/football/players/47467.png
189864;José Manuel;26;1999-02-25;Archena;España;España;;;https://media.api-sports.io/football/players/189864.png
46772;José Mari;37;1987-12-06;Rota;España;España;180;69;https://media.api-sports.io/football/players/46772.png
46680;José Martínez;32;1993-02-12;La Palma del Condado;España;España;189;84;https://media.api-sports.io/football/players/46680.png
388871;José María Andrés Baixauli;20;2005-04-25;Valencia;España;España;190;82;https://media.api-sports.io/football/players/388871.png
284241;José Mateo Mejía Piedrahita;22;2003-03-31;Zaragoza;España;España;181;70;https://media.api-sports.io/football/players/284241.png
46763;José Matos;30;1995-05-06;Sevilla;España;España;168;64;https://media.api-sports.io/football/players/46763.png
47093;José Naranjo;31;1994-07-28;Rociana del Condado;España;España;186;80;https://media.api-sports.io/football/players/47093.png
37019;José Rodríguez;31;1994-12-16;Villajoyosa;España;España;180;72;https://media.api-sports.io/football/players/37019.png
184407;José Salinas;25;2000-09-30;;España;España;179;69;https://media.api-sports.io/football/players/184407.png
46800;José Vicente Gómez Umpiérrez;34;1988-08-31;Las Palmas de Gran Canaria;España;España;187;76;https://media.api-sports.io/football/players/46800.png
386491;José de la Rosa;21;2004-07-28;Huelva;España;España;175;65;https://media.api-sports.io/football/players/386491.png
404415;José Ángel;19;2006-01-01;Huelva;España;España;175;68;https://media.api-sports.io/football/players/404415.png
195923;José Ángel Carmona;23;2002-01-29;El Viso del Alcor;España;España;184;80;https://media.api-sports.io/football/players/195923.png
47549;José Ángel Pozo;29;1996-03-15;Málaga;España;España;171;67;https://media.api-sports.io/football/players/47549.png
581;Jota;26;1999-03-30;Lisbon;Portugal;Portugal;175;60;https://media.api-sports.io/football/players/581.png
19533;Jota Peleteiro;30;1991-06-16;Vigo;España;España;180;70;https://media.api-sports.io/football/players/19533.png
47442;Jozabed;33;1991-03-08;Mairena del Alcor;España;España;180;65;https://media.api-sports.io/football/players/47442.png
855;João Cancelo;31;1994-05-27;Barreiro;Portugal;Portugal;182;74;https://media.api-sports.io/football/players/855.png
583;João Félix;26;1999-11-10;Viseu;Portugal;Portugal;181;70;https://media.api-sports.io/football/players/583.png
47571;Juan Aguilera Núñez;37;1985-09-13;Madrid;España;España;185;76;https://media.api-sports.io/football/players/47571.png
105032;Juan Antonio Rodríguez Villamuela;35;1982-04-01;Málaga;España;España;185;80;https://media.api-sports.io/football/players/105032.png
182588;Juan Artola;25;2000-04-07;Bilbao;España;España;176;72;https://media.api-sports.io/football/players/182588.png
258;Juan Bernat;32;1993-03-01;Valencia;España;España;177;67;https://media.api-sports.io/football/players/258.png
2039;Juan Berrocal;26;1999-02-05;Jerez de la Frontera;España;España;187;72;https://media.api-sports.io/football/players/2039.png
46998;Juan Cala;34;1989-11-26;Lebrija;España;España;185;78;https://media.api-sports.io/football/players/46998.png
47153;Juan Carlos;37;1988-01-20;Guadalajara;España;España;186;85;https://media.api-sports.io/football/players/47153.png
184193;Juan Carlos Arana;25;2000-02-08;Las Palmas de Gran Canaria;España;España;178;69;https://media.api-sports.io/football/players/184193.png
46927;Juan Carlos Real;34;1991-03-15;A Coruña;España;España;183;73;https://media.api-sports.io/football/players/46927.png
116821;Juan Carlos Valerón Santana;41;1975-06-17;Arguinegüín;España;España;180;72;https://media.api-sports.io/football/players/116821.png
185202;Juan Cruz;25;2000-04-25;Quilmes;Argentina;España;177;72;https://media.api-sports.io/football/players/185202.png
46967;Juan Cruz;33;1992-07-28;Madrid;España;España;180;79;https://media.api-sports.io/football/players/46967.png
7581;Juan Domínguez;33;1990-01-08;Pontedeume;España;España;181;71;https://media.api-sports.io/football/players/7581.png
42992;Juan Emmanuel Culio;39;1983-08-30;Mercedes;Argentina;Argentina;176;78;https://media.api-sports.io/football/players/42992.png
116819;Juan Francisco García García;40;1976-07-15;Valencia;España;España;183;78;https://media.api-sports.io/football/players/116819.png
579244;Juan Hernández;18;;;;;;;https://media.api-sports.io/football/players/579244.png
122231;Juan Hernández;31;1994-12-06;Lorca;España;España;186;75;https://media.api-sports.io/football/players/122231.png
431890;Juan Herzog;21;2004-05-13;Santa Cruz de Tenerife;España;España;186;81;https://media.api-sports.io/football/players/431890.png
119742;Juan Iglesias;27;1998-07-03;Valladolid;España;España;187;77;https://media.api-sports.io/football/players/119742.png
47572;Juan José Camacho Barnola;39;1980-08-02;Valencia;España;España;180;75;https://media.api-sports.io/football/players/47572.png
122850;Juan José Garrancho Méndez;25;1997-06-22;San Sebastián;España;España;187;;https://media.api-sports.io/football/players/122850.png
101283;Juan Manuel Vargas Risco;35;1983-10-05;Lima;Perú;Perú;180;77;https://media.api-sports.io/football/players/101283.png
134;Juan Miranda;25;2000-01-19;Olivares;España;España;185;76;https://media.api-sports.io/football/players/134.png
47171;Juan Muñiz;33;1992-03-14;Gijón;España;España;174;76;https://media.api-sports.io/football/players/47171.png
46957;Juan Muñoz;30;1995-11-12;Utrera;España;España;179;72;https://media.api-sports.io/football/players/46957.png
189051;Juan Pedro;27;1998-08-21;Murcia;España;España;;;https://media.api-sports.io/football/players/189051.png
46649;Juan Pérez;29;1996-07-15;Almudévar;España;España;187;83;https://media.api-sports.io/football/players/46649.png
82030;Juan Rafael Fuentes Hernández;28;1990-01-05;Córdoba;España;España;178;72;https://media.api-sports.io/football/players/82030.png
46883;Juan Rodríguez;30;1995-05-08;Cedeira;España;España;184;81;https://media.api-sports.io/football/players/46883.png
2036;Juan Soriano;28;1997-08-23;Benacazón;España;España;185;78;https://media.api-sports.io/football/players/2036.png
46671;Juan Villar;37;1988-05-19;Aroche;España;España;182;72;https://media.api-sports.io/football/players/46671.png
15381;Juanan Entrena;29;1996-05-19;Huétor Tájar;España;España;183;;https://media.api-sports.io/football/players/15381.png
41;Juanfran;36;1985-01-09;Crevillente;España;España;181;71;https://media.api-sports.io/football/players/41.png
47405;Juanfran;35;1988-09-11;Madrid;España;España;180;72;https://media.api-sports.io/football/players/47405.png
46819;Juankar;35;1990-03-30;Boadillo del Camino;España;España;179;70;https://media.api-sports.io/football/players/46819.png
182772;Juanlu Sánchez;22;2003-08-15;Montequinto;España;España;183;68;https://media.api-sports.io/football/players/182772.png
47320;Juanmi;32;1993-05-20;Coín;España;España;172;69;https://media.api-sports.io/football/players/47320.png
162028;Juanmi Latasa;24;2001-03-23;Madrid;España;España;192;86;https://media.api-sports.io/football/players/162028.png
285505;Juanpe;24;2001-05-05;Madrid;España;España;185;74;https://media.api-sports.io/football/players/285505.png
47511;Juanpe;34;1991-04-30;Las Palmas de Gran Canaria;España;España;190;80;https://media.api-sports.io/football/players/47511.png
183848;Julen Agirrezabala;25;2000-12-26;San Sebastián;España;España;187;80;https://media.api-sports.io/football/players/183848.png
182589;Julen Bernaola;24;1999-04-29;Bilbao;España;España;186;77;https://media.api-sports.io/football/players/182589.png
384273;Julen Lartitegi;22;2003-09-29;;España;España;184;76;https://media.api-sports.io/football/players/384273.png
182602;Julen Lobete;25;2000-09-18;Lezo;España;España;180;73;https://media.api-sports.io/football/players/182602.png
386870;Julio Díaz del Romo;20;2005-01-10;Madrid;España;España;174;;https://media.api-sports.io/football/players/386870.png
104805;Julio Gracia;27;1998-02-10;El Saucejo;España;España;171;66;https://media.api-sports.io/football/players/104805.png
384266;Junior Bita;20;2005-06-08;Adzopé;Costa de Marfil;España;;;https://media.api-sports.io/football/players/384266.png
1564;Junior Firpo;29;1996-08-22;Santo Domingo;República Dominicana;España;184;78;https://media.api-sports.io/football/players/1564.png
125239;K. Arriaga;27;1998-01-05;Puerto Cortés;Honduras;Honduras;191;77;https://media.api-sports.io/football/players/125239.png
46825;K. Bare;28;1997-08-28;Fier;Albania;Albania;174;66;https://media.api-sports.io/football/players/46825.png
759;K. Benzema;38;1987-12-19;Lyon;Francia;Francia;185;81;https://media.api-sports.io/football/players/759.png
152;K. Boateng;36;1987-03-06;Berlin;Alemania;Ghana;186;76;https://media.api-sports.io/football/players/152.png
550;K. Dolberg;28;1997-10-06;Silkeborg;Dinamarca;Dinamarca;187;80;https://media.api-sports.io/football/players/550.png
106746;K. Fobi;27;1998-09-20;Cape Coast;Ghana;Ghana;180;;https://media.api-sports.io/football/players/106746.png
933;K. Gameiro;37;1987-05-09;Senlis;Francia;Francia;172;70;https://media.api-sports.io/football/players/933.png
169295;K. Hein;23;2002-04-13;Põlva;Estonia;Estonia;193;86;https://media.api-sports.io/football/players/169295.png
40559;K. Jóźwiak;27;1998-04-22;Międzyrzecz;Polonia;Polonia;176;70;https://media.api-sports.io/football/players/40559.png
410841;K. Kita;20;2005-09-16;Kyoto;Japón;Japón;187;78;https://media.api-sports.io/football/players/410841.png
47292;K. Kodro;32;1993-08-19;San Sebastián;España;Bosnia y Herzegovina;190;80;https://media.api-sports.io/football/players/47292.png
161879;K. Koindredi;24;2001-10-27;Nouméa;Nueva Caledonia;Francia;186;84;https://media.api-sports.io/football/players/161879.png
731;K. Navas;39;1986-12-15;San Isidro;Costa Rica;Costa Rica;185;80;https://media.api-sports.io/football/players/731.png
41735;K. Nwakali;27;1998-06-05;Owerri;Nigeria;Nigeria;184;72;https://media.api-sports.io/football/players/41735.png
2772;K. Omeruo;32;1993-10-17;Kaduna;Nigeria;Nigeria;185;81;https://media.api-sports.io/football/players/2772.png
119762;K. Piątkowski;25;2000-06-21;Jasło;Polonia;Polonia;191;87;https://media.api-sports.io/football/players/119762.png
25345;K. Rekik;31;1994-12-02;Den Haag;Países Bajos;Países Bajos;186;84;https://media.api-sports.io/football/players/25345.png
163436;K. Saverio;26;1999-06-19;Genova;Italia;Ecuador;178;69;https://media.api-sports.io/football/players/163436.png
3608;K. Sibo;27;1998-06-24;Wa;Ghana;Ghana;182;72;https://media.api-sports.io/football/players/3608.png
47523;K. Soni;27;1998-04-17;Douala;Camerún;Camerún;183;76;https://media.api-sports.io/football/players/47523.png
1117;K. Tierney;28;1997-06-05;Douglas;Escocia;Escocia;178;70;https://media.api-sports.io/football/players/1117.png
1709;K. Toko Ekambi;33;1992-09-14;Paris;Francia;Camerún;183;74;https://media.api-sports.io/football/players/1709.png
169;K. Trippier;35;1990-09-19;Bury;Inglaterra;Inglaterra;178;71;https://media.api-sports.io/football/players/169.png
579287;K. Tunde;;;;;;;;https://media.api-sports.io/football/players/579287.png
63550;K. Yoda;37;1988-10-25;Annemasse;Francia;Francia;182;85;https://media.api-sports.io/football/players/63550.png
161929;K. de La Fuente;24;2001-07-16;Miami;Estados Unidos;Estados Unidos;176;73;https://media.api-sports.io/football/players/161929.png
2778;K. Ịheanachọ;29;1996-10-03;Owerri;Nigeria;Nigeria;185;82;https://media.api-sports.io/football/players/2778.png
305803;Kaiky;21;2004-01-12;Santos;Brasil;Brasil;181;76;https://media.api-sports.io/football/players/305803.png
200999;Keita;23;2002-09-01;;España;España;186;71;https://media.api-sports.io/football/players/200999.png
47488;Keko Gontán;33;1991-12-27;Madrid;España;España;170;68;https://media.api-sports.io/football/players/47488.png
18902;Kenedy;29;1996-02-08;Santa Rita do Sapucaí;Brasil;Brasil;182;77;https://media.api-sports.io/football/players/18902.png
2273;Kepa;31;1994-10-03;Ondárroa;España;España;189;84;https://media.api-sports.io/football/players/2273.png
188319;Kevin Carlos;24;2001-04-10;;España;España;186;98;https://media.api-sports.io/football/players/188319.png
47434;Kevin Vázquez;32;1993-03-23;Nigrán;España;España;173;72;https://media.api-sports.io/football/players/47434.png
18900;Ki Sung-Yueng;36;1989-01-24;Gwangju;Corea del Sur;Corea del Sur;189;75;https://media.api-sports.io/football/players/18900.png
46667;Kike Barja;28;1997-04-01;Pamplona;España;España;178;69;https://media.api-sports.io/football/players/46667.png
186265;Kike Carrasco;27;1998-03-02;Almendralejo;España;España;170;70;https://media.api-sports.io/football/players/186265.png
47396;Kike García;36;1989-11-25;Motilla del Palancar;España;España;186;79;https://media.api-sports.io/football/players/47396.png
104986;Kike Hermoso;26;1999-08-10;Madrid;España;España;190;76;https://media.api-sports.io/football/players/104986.png
107153;Kike Pérez;28;1997-02-14;Gálvez;España;España;184;80;https://media.api-sports.io/football/players/107153.png
297311;Kike Salas;23;2002-04-23;Morón de la Frontera;España;España;188;80;https://media.api-sports.io/football/players/297311.png
104825;Kike Sola;35;1986-02-25;Cascante;España;España;184;78;https://media.api-sports.io/football/players/104825.png
19112;Kiko Casilla;37;1986-10-02;Alcover;España;España;190;86;https://media.api-sports.io/football/players/19112.png
18794;Kiko Femenía;34;1991-02-02;Alicante;España;España;176;61;https://media.api-sports.io/football/players/18794.png
47483;Kiko Olivas;37;1988-08-21;Antequera;España;España;184;76;https://media.api-sports.io/football/players/47483.png
351235;Kikín;22;2003-01-20;Trebujena;España;España;;;https://media.api-sports.io/football/players/351235.png
70315;Kirian Rodríguez;29;1996-03-05;Candelaria;España;España;180;75;https://media.api-sports.io/football/players/70315.png
286643;Koffi;24;2001-11-20;Accra;Ghana;Ghana;174;;https://media.api-sports.io/football/players/286643.png
50;Koke;33;1992-01-08;Madrid;España;España;176;77;https://media.api-sports.io/football/players/50.png
361386;Koke;20;2005-03-16;Valladolid;España;España;185;78;https://media.api-sports.io/football/players/361386.png
47450;Koke Vegas;30;1995-09-27;Antequera;España;España;188;88;https://media.api-sports.io/football/players/47450.png
122567;Kuki;27;1998-05-05;Montevideo;Uruguay;España;177;76;https://media.api-sports.io/football/players/122567.png
278;Kylian Mbappé;27;1998-12-20;Paris;Francia;Francia;178;75;https://media.api-sports.io/football/players/278.png
47304;Kévin Rodrigues;31;1994-03-05;Bayonne;Francia;Portugal;170;70;https://media.api-sports.io/football/players/47304.png
2418;L. Abram;29;1996-02-27;Lima;Perú;Perú;181;76;https://media.api-sports.io/football/players/2418.png
2419;L. Advíncula;35;1990-03-02;Chincha;Perú;Perú;180;80;https://media.api-sports.io/football/players/2419.png
3415;L. Agbenyenu;29;1996-08-15;Accra;Ghana;Ghana;175;76;https://media.api-sports.io/football/players/3415.png
21004;L. Agoumé;23;2002-02-09;Yaoundé;Camerún;Francia;185;72;https://media.api-sports.io/football/players/21004.png
338900;L. Antonetti;22;2003-01-13;Murcia;Puerto Rico;Puerto Rico;189;79;https://media.api-sports.io/football/players/338900.png
2852;L. Augustinsson;31;1994-04-21;Stockholm;Suecia;Suecia;181;74;https://media.api-sports.io/football/players/2852.png
174918;L. Badé;25;2000-04-11;Sèvres;Francia;Francia;191;89;https://media.api-sports.io/football/players/174918.png
6010;L. Beltrán;24;2001-03-29;Córdoba;Argentina;Argentina;174;75;https://media.api-sports.io/football/players/6010.png
152955;L. Bergström;23;2002-09-05;Pargas;Finlandia;Finlandia;205;82;https://media.api-sports.io/football/players/152955.png
289444;L. Blanco;26;1999-02-19;Rosario;Argentina;Argentina;176;81;https://media.api-sports.io/football/players/289444.png
608;L. Boyé;29;1996-02-28;San Gregorio;Argentina;Argentina;179;81;https://media.api-sports.io/football/players/608.png
47249;L. Cabrera;34;1991-06-17;Montevideo;Uruguay;Uruguay;190;80;https://media.api-sports.io/football/players/47249.png
163466;L. Carević;26;1999-03-16;Cetinje;Montenegro;Montenegro;195;85;https://media.api-sports.io/football/players/163466.png
22245;L. Carole;34;1991-04-12;Montreuil;Francia;Francia;182;79;https://media.api-sports.io/football/players/22245.png
47246;L. Chichizola;35;1990-03-27;San Justo;Argentina;Argentina;185;80;https://media.api-sports.io/football/players/47246.png
2922;L. Dendoncker;30;1995-04-15;Passendale;Bélgica;Bélgica;188;83;https://media.api-sports.io/football/players/2922.png
2724;L. Digne;32;1993-07-20;Meaux;Francia;Francia;178;74;https://media.api-sports.io/football/players/2724.png
1434;L. Dimata;28;1997-09-01;Mbuji-Mayi;República Democrática del Congo;Bélgica;185;81;https://media.api-sports.io/football/players/1434.png
41333;L. Fariña;33;1991-04-20;Buenos Aires;Argentina;Argentina;177;71;https://media.api-sports.io/football/players/41333.png
571;L. Fejsa;35;1988-08-14;Vrbas;Serbia;Serbia;185;80;https://media.api-sports.io/football/players/571.png
33;L. Hernández;29;1996-02-14;Marseille;Francia;Francia;184;79;https://media.api-sports.io/football/players/33.png
38699;L. Ilić;26;1999-07-02;Niš;Serbia;Serbia;182;73;https://media.api-sports.io/football/players/38699.png
1828;L. Jović;28;1997-12-23;Bijeljina;Bosnia y Herzegovina;Serbia;181;78;https://media.api-sports.io/football/players/1828.png
46749;L. Junior;35;1990-12-31;Yamoussoukro;Costa de Marfil;Costa de Marfil;180;79;https://media.api-sports.io/football/players/46749.png
359603;L. Koleosho;21;2004-09-15;Norwalk;Estados Unidos;Italia;175;68;https://media.api-sports.io/football/players/359603.png
551459;L. Kourouma;21;;;;;;;https://media.api-sports.io/football/players/551459.png
1595;L. Koútris;30;1995-07-23;Ribeirao Preto;Brasil;Grecia;175;71;https://media.api-sports.io/football/players/1595.png
66407;L. Krejčí;26;1999-04-20;Rosice;Chequia;Chequia;191;87;https://media.api-sports.io/football/players/66407.png
609740;L. Laso;22;;;;;;;https://media.api-sports.io/football/players/609740.png
548843;L. Luchino;19;;;;;;;https://media.api-sports.io/football/players/548843.png
62032;L. Madinda;33;1992-06-11;Libreville;Gabón;Gabón;182;77;https://media.api-sports.io/football/players/62032.png
534;L. Magallán;32;1993-09-27;La Plata;Argentina;Argentina;185;79;https://media.api-sports.io/football/players/534.png
154;L. Messi;38;1987-06-24;Rosario;Argentina;Argentina;170;67;https://media.api-sports.io/football/players/154.png
754;L. Modrić;40;1985-09-09;Zadar;Croacia;Croacia;172;66;https://media.api-sports.io/football/players/754.png
2493;L. Muriel;34;1991-04-16;Santo Tomás;Colombia;Colombia;179;79;https://media.api-sports.io/football/players/2493.png
1911;L. Ocampos;31;1994-07-11;Buenos Aires;Argentina;Argentina;187;84;https://media.api-sports.io/football/players/1911.png
47433;L. Olaza;31;1994-07-21;Montevideo;Uruguay;Uruguay;173;68;https://media.api-sports.io/football/players/47433.png
5907;L. Orbán;34;1989-02-03;Buenos Aires;Argentina;Argentina;184;76;https://media.api-sports.io/football/players/5907.png
157146;L. Pétrot;28;1997-04-15;Firminy;Francia;Francia;188;80;https://media.api-sports.io/football/players/157146.png
138776;L. Ramazani;24;2001-02-27;;Bélgica;Bélgica;167;55;https://media.api-sports.io/football/players/138776.png
6065;L. Robertone;28;1997-03-18;Concordia;Argentina;Argentina;175;70;https://media.api-sports.io/football/players/6065.png
263812;L. Romero;21;2004-11-18;Durango;México;Argentina;165;64;https://media.api-sports.io/football/players/263812.png
22240;L. Rémy;36;1987-01-02;Lyon;Francia;Francia;185;80;https://media.api-sports.io/football/players/22240.png
306183;L. Sangaré;24;2001-11-20;;Costa de Marfil;Costa de Marfil;183;77;https://media.api-sports.io/football/players/306183.png
192024;L. Spatz;24;2001-10-19;Buenos Aires;Argentina;Argentina;185;75;https://media.api-sports.io/football/players/192024.png
46744;L. Suárez;29;1996-03-30;General San Martín;Argentina;Argentina;167;60;https://media.api-sports.io/football/players/46744.png
47237;L. Suárez;28;1997-12-02;Santa Marta;Colombia;Colombia;185;74;https://media.api-sports.io/football/players/47237.png
157;L. Suárez;38;1987-01-24;Salto;Uruguay;Uruguay;182;72;https://media.api-sports.io/football/players/157.png
7332;L. Sučić;23;2002-09-08;Linz;Austria;Croacia;185;78;https://media.api-sports.io/football/players/7332.png
1462;L. Torreira;29;1996-02-11;Fray Bentos;Uruguay;Uruguay;166;65;https://media.api-sports.io/football/players/1462.png
19036;L. Vietto;32;1993-12-05;Balnearía;Argentina;Argentina;174;73;https://media.api-sports.io/football/players/19036.png
6490;L. Vázquez;24;2001-04-24;Recreo;Argentina;Argentina;190;82;https://media.api-sports.io/football/players/6490.png
732;L. Zidane;27;1998-05-13;Marseille;Francia;Francia;183;78;https://media.api-sports.io/football/players/732.png
246;L. de Jong;35;1990-08-27;Aigle;Suiza;Países Bajos;188;86;https://media.api-sports.io/football/players/246.png
182480;L. de León;24;2001-02-09;Montevideo;Uruguay;Uruguay;186;81;https://media.api-sports.io/football/players/182480.png
19026;L. de la Torre;27;1998-05-23;San Diego;Estados Unidos;Estados Unidos;178;63;https://media.api-sports.io/football/players/19026.png
28406;Lacina Emeghara Traoré;32;1990-08-20;Abidjan;Costa de Marfil;Costa de Marfil;203;87;https://media.api-sports.io/football/players/28406.png
47357;Laguardia;34;1989-11-05;Zaragoza;España;España;185;80;https://media.api-sports.io/football/players/47357.png
337955;Lalo Aguilar;23;2002-06-11;Los Yébenes;España;España;188;82;https://media.api-sports.io/football/players/337955.png
438123;Lamine Gueye;21;2004-09-15;;Senegal;Senegal;;;https://media.api-sports.io/football/players/438123.png
386828;Lamine Yamal;18;2007-07-13;Mataró;España;España;179;72;https://media.api-sports.io/football/players/386828.png
184364;Lanchi;24;2001-06-23;Puerto Real;España;España;175;;https://media.api-sports.io/football/players/184364.png
445881;Lander Astiazarán;19;2006-04-07;San Sebastián;España;España;;;https://media.api-sports.io/football/players/445881.png
315586;Lander Pinillos;22;2003-10-06;;España;España;;;https://media.api-sports.io/football/players/315586.png
446061;Landry Cephas;18;2007-01-07;;Costa de Marfil;España;179;;https://media.api-sports.io/football/players/446061.png
46945;Laure;38;1985-03-22;Madrid;España;España;171;68;https://media.api-sports.io/football/players/46945.png
32970;Leandro Damião;35;1989-07-22;Jardim Alegre;Brasil;Brasil;188;90;https://media.api-sports.io/football/players/32970.png
927;Lee Kang-In;24;2001-02-19;Incheon;Corea del Sur;Corea del Sur;173;66;https://media.api-sports.io/football/players/927.png
47276;Lekue;32;1993-05-04;Bilbao;España;España;180;70;https://media.api-sports.io/football/players/47276.png
179139;Leo Román;25;2000-07-06;Ibiza;España;España;189;83;https://media.api-sports.io/football/players/179139.png
46650;Lillo;36;1989-03-27;Valencia;España;España;176;71;https://media.api-sports.io/football/players/46650.png
185;Llorente;37;1985-02-26;Pamplona;España;España;193;90;https://media.api-sports.io/football/players/185.png
461502;Llorenç Serred;20;2005-09-04;;España;España;186;76;https://media.api-sports.io/football/players/461502.png
182736;Lluis Recasens;23;2002-02-19;Tarragona;España;España;;;https://media.api-sports.io/football/players/182736.png
1042;Lluis Sastre;37;1986-03-26;Binissalem;España;España;174;71;https://media.api-sports.io/football/players/1042.png
122888;Lluís Andreu;25;1999-07-27;Barcelona;España;España;189;77;https://media.api-sports.io/football/players/122888.png
47332;Lluís López;28;1997-03-05;Manresa;España;España;182;79;https://media.api-sports.io/football/players/47332.png
21997;Logan Costa;24;2001-04-01;Saint-Denis;Francia;Cabo Verde;190;91;https://media.api-sports.io/football/players/21997.png
46822;Lombán;35;1987-06-05;Avilés;España;España;185;79;https://media.api-sports.io/football/players/46822.png
15372;Lora;38;1987-03-25;Móstoles;España;España;165;69;https://media.api-sports.io/football/players/15372.png
1584;Loren Morón;32;1993-12-30;Marbella;España;España;188;66;https://media.api-sports.io/football/players/1584.png
336988;Lorenzo Aguado;23;2002-09-19;Madrid;España;España;177;77;https://media.api-sports.io/football/players/336988.png
351874;Luca Lohr;23;2002-08-19;Almería;España;España;193;80;https://media.api-sports.io/football/players/351874.png
131548;Lucas Ahijado;30;1995-01-30;Oviedo;España;España;173;67;https://media.api-sports.io/football/players/131548.png
270973;Lucas Alcázar;23;2002-07-11;Leganés;España;España;182;68;https://media.api-sports.io/football/players/270973.png
206260;Lucas Cañizares;23;2002-05-10;Valencia;España;España;188;81;https://media.api-sports.io/football/players/206260.png
286962;Lucas Freitas;24;2001-01-20;Rio de Janeiro;Brasil;Brasil;184;75;https://media.api-sports.io/football/players/286962.png
496425;Lucas García;;;;;;;;https://media.api-sports.io/football/players/496425.png
406043;Lucas Nuñez;19;2006-03-18;;España;España;183;;https://media.api-sports.io/football/players/406043.png
330238;Lucas Pires;24;2001-03-24;São Paulo;Brasil;Brasil;175;71;https://media.api-sports.io/football/players/330238.png
18833;Lucas Pérez;37;1988-09-10;A Coruña;España;España;180;82;https://media.api-sports.io/football/players/18833.png
56283;Lucas Rosa;25;2000-04-03;Ribeirão Preto;Brasil;Brasil;176;68;https://media.api-sports.io/football/players/56283.png
1825;Lucas Torró;31;1994-07-19;Cocentaina;España;España;190;77;https://media.api-sports.io/football/players/1825.png
757;Lucas Vázquez;34;1991-07-01;Curtis;España;España;173;70;https://media.api-sports.io/football/players/757.png
129967;Lucas de Vega;25;2000-01-16;Fortaleza;Brasil;Brasil;178;74;https://media.api-sports.io/football/players/129967.png
10323;Luciano;32;1993-05-18;Anápolis;Brasil;Brasil;181;77;https://media.api-sports.io/football/players/10323.png
1859;Luis Alberto;33;1992-09-28;San José del Valle;España;España;185;78;https://media.api-sports.io/football/players/1859.png
313026;Luis Bilbao;22;2003-03-24;Berango;España;España;;;https://media.api-sports.io/football/players/313026.png
47563;Luis Carlos Correia Pinto;38;1985-05-05;Porto;Portugal;Portugal;171;66;https://media.api-sports.io/football/players/47563.png
135831;Luis Castillo Grau;22;2000-01-31;Catral;España;España;;;https://media.api-sports.io/football/players/135831.png
46818;Luis Hernández;35;1989-04-14;Madrid;España;España;182;75;https://media.api-sports.io/football/players/46818.png
162529;Luis López;24;2001-05-08;Murcia;España;España;193;76;https://media.api-sports.io/football/players/162529.png
47085;Luis Milla;31;1994-10-07;Madrid;España;España;175;67;https://media.api-sports.io/football/players/47085.png
47192;Luis Muñoz;28;1997-02-23;Málaga;España;España;182;76;https://media.api-sports.io/football/players/47192.png
46664;Luis Perea;28;1997-08-25;Alcalá de Henares;España;España;192;80;https://media.api-sports.io/football/players/46664.png
47078;Luis Pérez;30;1995-02-04;Utrera;España;España;173;68;https://media.api-sports.io/football/players/47078.png
46933;Luis Rioja;32;1993-10-16;Las Cabezas de San Juan;España;España;175;68;https://media.api-sports.io/football/players/46933.png
47491;Luismi;33;1992-05-05;Jérez de la Frontera;España;España;180;73;https://media.api-sports.io/football/players/47491.png
188445;Luismi Cruz;24;2001-05-23;El Puerto de Santa María;España;España;166;62;https://media.api-sports.io/football/players/188445.png
1847;Luiz Felipe;28;1997-03-22;Colina;Brasil;Italia;187;80;https://media.api-sports.io/football/players/1847.png
265785;Luiz Henrique;24;2001-01-02;Petrópolis;Brasil;Brasil;181;77;https://media.api-sports.io/football/players/265785.png
349063;Luken Beitia;21;2004-06-30;Elgoibar;España;España;191;77;https://media.api-sports.io/football/players/349063.png
329729;Lulo Dasilva;23;2002-10-04;Sevilla;España;España;189;71;https://media.api-sports.io/football/players/329729.png
41415;Luís Martins;32;1992-06-10;Lamego;Portugal;Portugal;177;67;https://media.api-sports.io/football/players/41415.png
1470;Luís Maximiano;26;1999-01-05;Braga;Portugal;Portugal;190;82;https://media.api-sports.io/football/players/1470.png
278619;Luíz Júnior;24;2001-01-14;Picos;Brasil;Brasil;194;88;https://media.api-sports.io/football/players/278619.png
237103;Lázaro;23;2002-03-12;Belo Horizonte;Brasil;Brasil;180;67;https://media.api-sports.io/football/players/237103.png
13062;Léo Baptistão;33;1992-08-26;Santos;Brasil;Brasil;185;72;https://media.api-sports.io/football/players/13062.png
19070;M. Aarons;25;2000-01-04;;Inglaterra;Inglaterra;178;69;https://media.api-sports.io/football/players/19070.png
1493;M. Acuña;34;1991-10-28;Zapala;Argentina;Argentina;172;76;https://media.api-sports.io/football/players/1493.png
44503;M. Aguirregaray;36;1989-04-01;Porto Alegre;Brasil;Uruguay;174;78;https://media.api-sports.io/football/players/44503.png
551462;M. Aleksandrov;21;;;;;;;https://media.api-sports.io/football/players/551462.png
30735;M. Andreolli;33;1986-06-10;Ponte dell'Olio;Italia;Italia;187;81;https://media.api-sports.io/football/players/30735.png
51564;M. Angeleri;38;1983-04-07;Treinta de Agosto;Argentina;Argentina;182;68;https://media.api-sports.io/football/players/51564.png
47258;M. Arambarri;30;1995-09-30;Tropezón;Uruguay;Uruguay;175;71;https://media.api-sports.io/football/players/47258.png
51756;M. Arezo;23;2002-11-21;Montevideo;Uruguay;Uruguay;178;76;https://media.api-sports.io/football/players/51756.png
1683;M. Barbosa;36;1984-07-27;Avellaneda;Argentina;Argentina;188;79;https://media.api-sports.io/football/players/1683.png
418188;M. Barry;19;2006-06-11;;Mali;Mali;178;61;https://media.api-sports.io/football/players/418188.png
2927;M. Batshuayi;32;1993-10-02;Brussel;Bélgica;Bélgica;185;76;https://media.api-sports.io/football/players/2927.png
2737;M. Braithwaite;34;1991-06-05;Esbjerg;Dinamarca;Dinamarca;180;77;https://media.api-sports.io/football/players/2737.png
2112;M. Carcela-González;33;1989-07-01;Liège;Bélgica;Marruecos;175;68;https://media.api-sports.io/football/players/2112.png
8718;M. Caufriez;28;1997-02-16;Beveren;Bélgica;Bélgica;189;81;https://media.api-sports.io/football/players/8718.png
274312;M. Cho;21;2004-01-19;Stains;Francia;Francia;181;66;https://media.api-sports.io/football/players/274312.png
87220;M. Ciani;37;1984-04-06;Paris;Francia;Francia;192;90;https://media.api-sports.io/football/players/87220.png
339804;M. Cocca;23;2002-11-08;;Argentina;Argentina;182;70;https://media.api-sports.io/football/players/339804.png
6588;M. Cuero;31;1993-01-28;Tumáco;Colombia;Colombia;178;83;https://media.api-sports.io/football/players/6588.png
854;M. Cáceres;38;1987-04-07;Montevideo;Uruguay;Uruguay;180;77;https://media.api-sports.io/football/players/854.png
1097;M. Dabbur;33;1992-05-14;Nazareth;Israel;Israel;183;78;https://media.api-sports.io/football/players/1097.png
666;M. Dembélé;29;1996-07-12;Pontoise;Francia;Francia;183;73;https://media.api-sports.io/football/players/666.png
104837;M. Demichelis;45;1980-12-20;Justiniano Posse;Argentina;Argentina;184;79;https://media.api-sports.io/football/players/104837.png
667;M. Depay;31;1994-02-13;Moordrecht;Países Bajos;Países Bajos;178;78;https://media.api-sports.io/football/players/667.png
916;M. Diakhaby;29;1996-12-19;Vendôme;Francia;Guinea;189;78;https://media.api-sports.io/football/players/916.png
353463;M. Diakité;22;2003-11-04;Bamako;Mali;Mali;189;70;https://media.api-sports.io/football/players/353463.png
182759;M. Diarra;25;2000-06-26;Bamako;Mali;Mali;180;;https://media.api-sports.io/football/players/182759.png
70476;M. Diarra;25;2000-11-10;Stains;Francia;Mali;185;73;https://media.api-sports.io/football/players/70476.png
11346;M. Dituro;38;1987-05-08;Bigand;Argentina;Argentina;191;86;https://media.api-sports.io/football/players/11346.png
2813;M. Dmitrović;33;1992-01-24;Subotica;Yugoslavia;Serbia;194;91;https://media.api-sports.io/football/players/2813.png
18742;M. Doherty;33;1992-01-16;Dublin;Irlanda;Irlanda;185;80;https://media.api-sports.io/football/players/18742.png
47073;M. Dos Santos;36;1989-07-07;Santo Tomé;Argentina;Argentina;182;79;https://media.api-sports.io/football/players/47073.png
760;M. Díaz;32;1993-08-01;Barcelona;España;República Dominicana;180;76;https://media.api-sports.io/football/players/760.png
5914;M. Díaz;39;1986-12-30;Santiago de Chile;Chile;Chile;166;67;https://media.api-sports.io/football/players/5914.png
3365;M. El Hacen;28;1997-12-31;Nouakchott;Mauritania;Mauritania;181;79;https://media.api-sports.io/football/players/3365.png
2060;M. El Haddadi;30;1995-09-01;Madrid;España;Marruecos;175;69;https://media.api-sports.io/football/players/2060.png
317418;M. Fall;23;2002-11-21;Rufisque;Senegal;Senegal;188;74;https://media.api-sports.io/football/players/317418.png
237249;M. Faye;21;2004-07-14;Sédhiou;Senegal;Senegal;186;81;https://media.api-sports.io/football/players/237249.png
56473;M. Gabbia;26;1999-10-21;Busto Arsizio;Italia;Italia;185;78;https://media.api-sports.io/football/players/56473.png
68193;M. García;29;1996-09-10;Córdoba;Argentina;Argentina;167;65;https://media.api-sports.io/football/players/68193.png
2051;M. Gonalons;35;1989-03-10;Vénissieux;Francia;Francia;187;76;https://media.api-sports.io/football/players/2051.png
897;M. Greenwood;24;2001-10-01;Bradford;Inglaterra;Inglaterra;181;70;https://media.api-sports.io/football/players/897.png
2615;M. Gómez;29;1996-08-14;Paysandú;Uruguay;Uruguay;186;91;https://media.api-sports.io/football/players/2615.png
177587;M. Herzig;24;1999-12-17;Waldkirchen;Alemania;Alemania;188;;https://media.api-sports.io/football/players/177587.png
63542;M. Hongla;27;1998-03-16;Yaoundé;Camerún;Camerún;182;77;https://media.api-sports.io/football/players/63542.png
203014;M. Hoppe;24;2001-03-13;;Estados Unidos;Estados Unidos;191;80;https://media.api-sports.io/football/players/203014.png
95590;M. Iturra;37;1984-06-23;Temuco;Chile;Chile;174;73;https://media.api-sports.io/football/players/95590.png
47438;M. Jensen;29;1996-01-01;Jerslev;Dinamarca;Dinamarca;180;72;https://media.api-sports.io/football/players/47438.png
313059;M. Joseph;22;2003-10-19;Santander;España;Inglaterra;185;74;https://media.api-sports.io/football/players/313059.png
46836;M. Koné;34;1991-12-25;Bingerville;Costa de Marfil;Costa de Marfil;176;69;https://media.api-sports.io/football/players/46836.png
44502;M. Koval;33;1992-12-09;Zaporizhzhya;Ucrania;Ucrania;184;79;https://media.api-sports.io/football/players/44502.png
2291;M. Kovačić;31;1994-05-06;Linz;Austria;Croacia;177;78;https://media.api-sports.io/football/players/2291.png
1211;M. Kranevitter;32;1993-05-21;San Miguel de Tucumán;Argentina;Argentina;177;75;https://media.api-sports.io/football/players/1211.png
46801;M. Krohn-Dehli;38;1983-06-06;København;Dinamarca;Dinamarca;171;70;https://media.api-sports.io/football/players/46801.png
407597;M. Krug;19;2006-07-09;Chicago;Estados Unidos;Panamá;192;;https://media.api-sports.io/football/players/407597.png
30924;M. Kumbulla;25;2000-02-08;Peschiera del Garda;Italia;Albania;191;78;https://media.api-sports.io/football/players/30924.png
2872;M. Layún;36;1988-06-25;Córdoba;México;México;180;76;https://media.api-sports.io/football/players/2872.png
30524;M. Lemos;30;1995-12-28;Rivera;Uruguay;Uruguay;187;85;https://media.api-sports.io/football/players/30524.png
2116;M. Lestienne;33;1992-06-17;Mouscron;Bélgica;Bélgica;178;68;https://media.api-sports.io/football/players/2116.png
611;M. Livaja;32;1993-08-26;Split;Croacia;Croacia;182;80;https://media.api-sports.io/football/players/611.png
384;M. Loum;29;1996-12-30;Dakar;Senegal;Senegal;193;80;https://media.api-sports.io/football/players/384.png
46714;M. Malsa;30;1996-10-12;Paris;Francia;Martinica;178;69;https://media.api-sports.io/football/players/46714.png
46762;M. Mauro;34;1991-01-09;Avellaneda;Argentina;Argentina;190;84;https://media.api-sports.io/football/players/46762.png
14444;M. Mbaye;27;1998-06-28;Dakar;Senegal;Senegal;192;;https://media.api-sports.io/football/players/14444.png
19607;M. Miazga;30;1995-07-19;Clifton;Estados Unidos;Estados Unidos;193;84;https://media.api-sports.io/football/players/19607.png
312650;M. Milovanović;22;2003-08-04;Smederevo;Serbia;Serbia;197;88;https://media.api-sports.io/football/players/312650.png
35794;M. Moreno;29;1996-09-20;Medellín;Colombia;Colombia;175;70;https://media.api-sports.io/football/players/35794.png
421807;M. Moreno;22;2003-09-24;;Argentina;Argentina;193;81;https://media.api-sports.io/football/players/421807.png
1630;M. Musacchio;31;1990-08-26;Rosario;Argentina;Argentina;180;73;https://media.api-sports.io/football/players/1630.png
403;M. Nastasić;32;1993-03-28;Valjevo;Serbia;Serbia;188;83;https://media.api-sports.io/football/players/403.png
104801;M. Ndockyt;27;1998-07-20;Brazzaville;Congo;Congo;182;63;https://media.api-sports.io/football/players/104801.png
47254;M. Olivera;28;1997-10-31;Montevideo;Uruguay;Uruguay;185;78;https://media.api-sports.io/football/players/47254.png
3199;M. Olunga;31;1994-03-26;Nairobi;Kenia;Kenia;192;90;https://media.api-sports.io/football/players/3199.png
66761;M. Osmajić;26;1999-07-25;;Montenegro;Montenegro;186;75;https://media.api-sports.io/football/players/66761.png
288699;M. Perrone;22;2003-01-07;Buenos Aires;Argentina;Argentina;177;68;https://media.api-sports.io/football/players/288699.png
872;M. Pjanić;35;1990-04-02;Tuzla;Bosnia y Herzegovina;Bosnia y Herzegovina;181;75;https://media.api-sports.io/football/players/872.png
909;M. Rashford;28;1997-10-31;Manchester;Inglaterra;Inglaterra;188;80;https://media.api-sports.io/football/players/909.png
21584;M. Ristić;30;1995-10-31;Bijeljina;Bosnia y Herzegovina;Serbia;180;75;https://media.api-sports.io/football/players/21584.png
2055;M. Rog;30;1995-07-19;Varaždin;Croacia;Croacia;180;73;https://media.api-sports.io/football/players/2055.png
162012;M. Ruggeri;23;2002-07-11;San Giovanni Bianco;Italia;Italia;187;69;https://media.api-sports.io/football/players/162012.png
2741;M. Ryan;33;1992-04-08;Plumpton;Australia;Australia;184;83;https://media.api-sports.io/football/players/2741.png
20661;M. Sagnan;26;1999-04-14;Saint-Denis;Francia;Francia;187;85;https://media.api-sports.io/football/players/20661.png
47480;M. Salisu;26;1999-04-17;Accra;Ghana;Ghana;191;82;https://media.api-sports.io/football/players/47480.png
47424;M. Santos;32;1993-03-13;Montevideo;Uruguay;Uruguay;175;68;https://media.api-sports.io/football/players/47424.png
1160;M. Saracchi;27;1998-04-23;Paysandú;Uruguay;Uruguay;175;69;https://media.api-sports.io/football/players/1160.png
195512;M. Satriano;24;2001-02-20;Montevideo;Uruguay;Uruguay;187;75;https://media.api-sports.io/football/players/195512.png
20631;M. Saunier;31;1990-02-07;Hyères;Francia;Francia;182;76;https://media.api-sports.io/football/players/20631.png
546798;M. Sierra;21;;;;;;;https://media.api-sports.io/football/players/546798.png
2781;M. Simon;30;1995-07-12;Jos;Nigeria;Nigeria;168;66;https://media.api-sports.io/football/players/2781.png
697;M. Solomon;26;1999-07-24;Kfar Saba;Israel;Israel;170;66;https://media.api-sports.io/football/players/697.png
8518;M. Sylla;31;1994-03-20;Kédougou;Senegal;Senegal;184;84;https://media.api-sports.io/football/players/8518.png
14405;M. Uzuni;30;1995-05-31;Berat;Albania;Albania;178;72;https://media.api-sports.io/football/players/14405.png
46738;M. Valjent;30;1995-12-11;Dubnica nad Vahom;Eslovaquia;Eslovaquia;187;70;https://media.api-sports.io/football/players/46738.png
6066;M. Vargas;28;1997-05-08;Salta;Argentina;Argentina;168;66;https://media.api-sports.io/football/players/6066.png
2445;M. Villanueva;32;1993-04-14;San Cristóbal;Venezuela;Venezuela;192;84;https://media.api-sports.io/football/players/2445.png
141;M. Wagué;27;1998-10-04;Bignona;Senegal;Senegal;177;70;https://media.api-sports.io/football/players/141.png
3426;M. Wakaso;34;1990-07-25;Tamale;Ghana;Ghana;171;66;https://media.api-sports.io/football/players/3426.png
2048;M. Wöber;27;1998-02-04;Wien;Austria;Austria;188;86;https://media.api-sports.io/football/players/2048.png
127;M. ter Stegen;33;1992-04-30;Mönchengladbach;Alemania;Alemania;187;88;https://media.api-sports.io/football/players/127.png
37127;M. Ødegaard;27;1998-12-17;Drammen;Noruega;Noruega;178;68;https://media.api-sports.io/football/players/37127.png
282131;M. Šviderský;23;2002-10-04;;Eslovaquia;Eslovaquia;184;;https://media.api-sports.io/football/players/282131.png
156;Malcom;28;1997-02-26;São Paulo;Brasil;Brasil;171;77;https://media.api-sports.io/football/players/156.png
288525;Malcom Adu;24;2001-10-12;Bibao;España;España;183;75;https://media.api-sports.io/football/players/288525.png
294791;Mamor Niang;23;2002-02-04;Móstoles;España;España;190;85;https://media.api-sports.io/football/players/294791.png
46729;Manolo Reina;38;1985-04-01;Villanueva del Trabuco;España;España;186;81;https://media.api-sports.io/football/players/46729.png
331607;Manu Bueno;21;2004-07-27;Jerez de la Frontera;España;España;178;73;https://media.api-sports.io/football/players/331607.png
182638;Manu Fernández;24;2001-04-23;Ferrol;España;España;;;https://media.api-sports.io/football/players/182638.png
122230;Manu Fuster;28;1997-10-22;Valencia;España;España;169;65;https://media.api-sports.io/football/players/122230.png
47363;Manu García;37;1986-04-26;Vitoria;España;España;182;74;https://media.api-sports.io/football/players/47363.png
22146;Manu García;27;1998-01-02;Oviedo;España;España;169;65;https://media.api-sports.io/football/players/22146.png
184608;Manu Garrido;25;2000-06-10;Madrid;España;España;190;87;https://media.api-sports.io/football/players/184608.png
456619;Manu González;18;2007-04-18;;España;España;189;81;https://media.api-sports.io/football/players/456619.png
162545;Manu Lama;24;2001-02-12;Madrid;España;España;192;82;https://media.api-sports.io/football/players/162545.png
1701;Manu Morlanes;26;1999-01-12;Zaragoza;España;España;178;75;https://media.api-sports.io/football/players/1701.png
47548;Manu Navarro;25;2000-10-09;Móstoles;España;España;;;https://media.api-sports.io/football/players/47548.png
180241;Manu Nieto;27;1998-03-29;Villa del Río;España;España;182;72;https://media.api-sports.io/football/players/180241.png
286961;Manu Pozo;24;2001-12-12;Casariche;España;España;168;;https://media.api-sports.io/football/players/286961.png
64309;Manu Sánchez;25;2000-08-24;Madrid;España;España;171;70;https://media.api-sports.io/football/players/64309.png
1705;Manu Trigueros;34;1991-10-17;Talavera de la Reina;España;España;178;75;https://media.api-sports.io/football/players/1705.png
46782;Manu Vallejo;28;1997-02-14;Chiclana de la Frontera;España;España;167;72;https://media.api-sports.io/football/players/46782.png
104905;Manucho Gonçalves;38;1983-03-07;Luanda;Angola;Angola;190;84;https://media.api-sports.io/football/players/104905.png
89980;Manuel Fernández Muñíz;31;1986-05-09;Gijón;España;España;182;77;https://media.api-sports.io/football/players/89980.png
116822;Manuel Pablo García Díaz;42;1976-01-25;Bañaderos;España;España;176;80;https://media.api-sports.io/football/players/116822.png
181868;Manuel Sánchez Sánchez;;;;España;España;;;https://media.api-sports.io/football/players/181868.png
187318;Marc Aguado;25;2000-02-22;Zaragoza;España;España;178;68;https://media.api-sports.io/football/players/187318.png
1561;Marc Bartra;34;1991-01-15;Sant Jaume dels Domenys;España;España;184;70;https://media.api-sports.io/football/players/1561.png
179070;Marc Baró;26;1999-08-23;Palma de Mallorca;España;España;184;72;https://media.api-sports.io/football/players/179070.png
433396;Marc Bernal;18;2007-05-26;Berga;España;España;193;87;https://media.api-sports.io/football/players/433396.png
47393;Marc Cardona;30;1995-07-08;Lleida;España;España;183;70;https://media.api-sports.io/football/players/47393.png
288220;Marc Carmona;22;2001-01-08;;España;España;;;https://media.api-sports.io/football/players/288220.png
329728;Marc Casadó;22;2003-09-14;Sant Pere de Vilamajor;España;España;171;65;https://media.api-sports.io/football/players/329728.png
47380;Marc Cucurella;27;1998-07-22;Alella;España;España;174;66;https://media.api-sports.io/football/players/47380.png
482473;Marc Domenech;19;2006-12-01;;España;España;182;70;https://media.api-sports.io/football/players/482473.png
392270;Marc Guiu;19;2006-01-04;Granollers;España;España;187;82;https://media.api-sports.io/football/players/392270.png
116909;Marc Martínez;35;1990-04-04;Barcelona;España;España;186;72;https://media.api-sports.io/football/players/116909.png
18800;Marc Navarro;30;1995-07-02;Barcelona;España;España;188;79;https://media.api-sports.io/football/players/18800.png
46741;Marc Pedraza;37;1987-02-06;Barcelona;España;España;184;82;https://media.api-sports.io/football/players/46741.png
295793;Marc Pubill;22;2003-06-20;Terrassa;España;España;190;86;https://media.api-sports.io/football/players/295793.png
47341;Marc Roca;29;1996-11-26;Vilafranca del Penedès;España;España;184;77;https://media.api-sports.io/football/players/47341.png
161964;Marc Tenas;24;2001-05-30;Vic;España;España;183;77;https://media.api-sports.io/football/players/161964.png
182730;Marc Vidal;25;2000-02-14;Vila-real;España;España;185;74;https://media.api-sports.io/football/players/182730.png
297235;Marc Vilaplana;22;2003-01-20;Barcelona;España;España;188;;https://media.api-sports.io/football/players/297235.png
743;Marcelo;36;1988-05-12;Rio de Janeiro;Brasil;Brasil;174;75;https://media.api-sports.io/football/players/743.png
292140;Marchena;23;2002-07-27;Brenes;España;España;182;71;https://media.api-sports.io/football/players/292140.png
352905;Marciano Tchami;21;2004-03-03;Bissau;Guinea-Bisáu;Guinea-Bisáu;185;77;https://media.api-sports.io/football/players/352905.png
746;Marco Asensio;29;1996-01-21;Palma de Mallorca;España;España;182;76;https://media.api-sports.io/football/players/746.png
196290;Marco Camus;24;2001-11-16;Santander;España;España;181;73;https://media.api-sports.io/football/players/196290.png
402580;Marco Esteban;19;2006-03-01;Oviedo;España;España;183;75;https://media.api-sports.io/football/players/402580.png
162138;Marco Moreno;24;2001-02-20;Las Palmas de Gran Canaria;España;España;191;83;https://media.api-sports.io/football/players/162138.png
478243;Marco de las Sías;20;2005-12-29;Madrid;España;España;180;74;https://media.api-sports.io/football/players/478243.png
2278;Marcos Alonso;35;1990-12-28;Madrid;España;España;188;84;https://media.api-sports.io/football/players/2278.png
122233;Marcos André;29;1996-10-20;Coroatá;Brasil;Brasil;184;78;https://media.api-sports.io/football/players/122233.png
350073;Marcos Fernández;22;2003-07-17;Andratx;España;España;176;68;https://media.api-sports.io/football/players/350073.png
347885;Marcos Fernández;22;2003-05-17;Cambrils;España;España;176;65;https://media.api-sports.io/football/players/347885.png
753;Marcos Llorente;30;1995-01-30;Madrid;España;España;183;74;https://media.api-sports.io/football/players/753.png
417560;Marcos Navarro;21;2004-05-30;València;España;España;172;68;https://media.api-sports.io/football/players/417560.png
418944;Marcos Peña;20;2005-01-22;Almería;España;España;180;42;https://media.api-sports.io/football/players/418944.png
433;Marcão;29;1996-06-05;Londrina;Brasil;Brasil;185;80;https://media.api-sports.io/football/players/433.png
434;Mariano;39;1986-06-23;São João;Brasil;Brasil;185;77;https://media.api-sports.io/football/players/434.png
364414;Mario Domínguez;21;2004-02-10;;España;España;175;;https://media.api-sports.io/football/players/364414.png
104842;Mario Fernández;37;1988-04-30;Santander;España;España;184;74;https://media.api-sports.io/football/players/104842.png
1691;Mario Gaspar;35;1990-11-24;Novelda;España;España;182;74;https://media.api-sports.io/football/players/1691.png
162952;Mario Gila;25;2000-08-29;Barcelona;España;España;185;74;https://media.api-sports.io/football/players/162952.png
104827;Mario González;29;1996-02-25;Villarcayo de Merindad de Castilla la Vieja;España;España;184;76;https://media.api-sports.io/football/players/104827.png
291146;Mario González;21;2004-02-05;Málaga;España;España;174;;https://media.api-sports.io/football/players/291146.png
107207;Mario Hernández;25;1999-01-25;Madrid;España;España;177;;https://media.api-sports.io/football/players/107207.png
199042;Mario Maroto;22;2003-11-28;Valladolid;España;España;176;66;https://media.api-sports.io/football/players/199042.png
343205;Mario Martín;21;2004-03-05;Sonseca;España;España;178;74;https://media.api-sports.io/football/players/343205.png
456014;Mario Rivas;18;2007-03-16;Sevilla;España;España;188;73;https://media.api-sports.io/football/players/456014.png
181852;Mario Rodríguez;28;1997-03-03;Barcelona;España;España;176;64;https://media.api-sports.io/football/players/181852.png
161965;Mario Soriano;23;2002-04-22;Torrejón de Ardoz;España;España;163;60;https://media.api-sports.io/football/players/161965.png
47550;Mario Suárez;36;1987-02-24;Alcobendas;España;España;188;80;https://media.api-sports.io/football/players/47550.png
189997;Mario de Luis;23;2002-06-05;Madrid;España;España;185;75;https://media.api-sports.io/football/players/189997.png
47375;Markel Areitio;29;1996-09-07;Iurreta;España;España;180;73;https://media.api-sports.io/football/players/47375.png
30529;Marlon;30;1995-09-07;Duque de Caxias;Brasil;Brasil;182;80;https://media.api-sports.io/football/players/30529.png
287680;Maroan Sannadi;24;2001-02-01;Vitoria-Gasteiz;España;España;192;78;https://media.api-sports.io/football/players/287680.png
271580;Martim Neto;22;2003-01-14;Viana do Castelo;Portugal;Portugal;185;82;https://media.api-sports.io/football/players/271580.png
504998;Martin Cuellar;18;2007-03-26;A Coruña;España;España;191;78;https://media.api-sports.io/football/players/504998.png
391819;Martin Pedroarena;22;2003-08-18;Pamplona;España;España;;;https://media.api-sports.io/football/players/391819.png
47354;Martín Aguirregabiria;29;1996-05-10;Vitoria;España;España;178;69;https://media.api-sports.io/football/players/47354.png
163245;Martín Calderón;26;1999-03-01;Jerez de la Frontera;España;España;183;77;https://media.api-sports.io/football/players/163245.png
334573;Martín Conde;22;2003-03-25;Ourense;España;España;167;61;https://media.api-sports.io/football/players/334573.png
47567;Martín Maximiliano Mantovani;38;1984-07-07;Mar del Plata;Argentina;Argentina;184;78;https://media.api-sports.io/football/players/47567.png
47322;Martín Merquelanz;30;1995-06-12;Irun;España;España;176;72;https://media.api-sports.io/football/players/47322.png
18965;Martín Montoya;34;1991-04-14;Barcelona;España;España;175;73;https://media.api-sports.io/football/players/18965.png
47536;Martín Pascual;26;1999-08-04;Madrid;España;España;190;78;https://media.api-sports.io/football/players/47536.png
348326;Martín Tejón;21;2004-04-12;;España;España;165;60;https://media.api-sports.io/football/players/348326.png
47315;Martín Zubimendi;26;1999-02-02;San Sebastián;España;España;181;74;https://media.api-sports.io/football/players/47315.png
162026;Marvin Park;25;2000-07-03;Palma de Mallorca;España;España;177;67;https://media.api-sports.io/football/players/162026.png
332217;Matas;23;2002-01-01;Aiguafreda;España;España;;;https://media.api-sports.io/football/players/332217.png
413502;Mateo Flores;21;2004-04-07;Valencina de la Concepción;España;España;178;70;https://media.api-sports.io/football/players/413502.png
108519;Mateu Morey;25;2000-03-02;Petra;España;España;173;67;https://media.api-sports.io/football/players/108519.png
1165;Matheus Cunha;26;1999-05-27;João Pessoa;Brasil;Brasil;183;76;https://media.api-sports.io/football/players/1165.png
9925;Matheus Fernandes;27;1998-06-30;Itaboraí;Brasil;Brasil;183;69;https://media.api-sports.io/football/players/9925.png
47261;Mathieu Flamini;35;1984-03-07;Marseille;Francia;Francia;178;67;https://media.api-sports.io/football/players/47261.png
331330;Matías Árbol;23;2002-09-12;Palomares del Río;España;España;184;80;https://media.api-sports.io/football/players/331330.png
429553;Mauro Echegoyen;20;2005-03-03;Murchante;España;España;;;https://media.api-sports.io/football/players/429553.png
286606;Max Svensson;24;2001-11-08;Barcelona;España;España;182;75;https://media.api-sports.io/football/players/286606.png
46829;Mehdi Lacen;35;1984-03-15;Versailles;Francia;Argelia;176;74;https://media.api-sports.io/football/players/46829.png
47576;Melero;31;1994-01-02;Madrid;España;España;183;77;https://media.api-sports.io/football/players/47576.png
181867;Miguel Atienza;26;1999-05-27;Madrid;España;España;186;77;https://media.api-sports.io/football/players/181867.png
162212;Miguel Baeza;25;2000-03-27;Córdoba;España;España;177;67;https://media.api-sports.io/football/players/162212.png
291147;Miguel Brau;24;2001-12-27;Cartagena;España;España;183;76;https://media.api-sports.io/football/players/291147.png
285290;Miguel Capi;24;2001-03-06;Mairena del Alcor;España;España;175;;https://media.api-sports.io/football/players/285290.png
53659;Miguel Cardoso;31;1994-06-19;Lisbon;Portugal;Portugal;176;73;https://media.api-sports.io/football/players/53659.png
41973;Miguel Crespo;29;1996-09-11;Lyon;Francia;Portugal;186;73;https://media.api-sports.io/football/players/41973.png
47188;Miguel Flaño Bezunartea;35;1984-08-19;Pamplona;España;España;177;70;https://media.api-sports.io/football/players/47188.png
1616;Miguel Guerrero;35;1990-07-12;Toledo;España;España;182;77;https://media.api-sports.io/football/players/1616.png
162032;Miguel Gutiérrez;24;2001-07-27;Madrid;España;España;180;73;https://media.api-sports.io/football/players/162032.png
1690;Miguel Llambrich;29;1996-01-18;Benidorm;España;España;170;68;https://media.api-sports.io/football/players/1690.png
2128;Miguel Lopes;39;1986-12-19;Lissabon;Portugal;Portugal;183;80;https://media.api-sports.io/football/players/2128.png
208055;Miguel Martín;24;2001-01-12;;España;España;;;https://media.api-sports.io/football/players/208055.png
47397;Miguel Marí;28;1997-06-30;Alicante;España;España;185;78;https://media.api-sports.io/football/players/47397.png
297243;Miguel Narváez;23;2002-04-29;;España;España;188;;https://media.api-sports.io/football/players/297243.png
46663;Miguel Olavide Montes;26;1996-03-05;Pamplona;España;España;179;70;https://media.api-sports.io/football/players/46663.png
192434;Miguel Rodríguez;22;2003-04-29;Redondela;España;España;179;73;https://media.api-sports.io/football/players/192434.png
333502;Miguel Román;23;2002-12-26;Vigo;España;España;178;70;https://media.api-sports.io/football/players/333502.png
47256;Miguel Rubio;27;1998-03-11;Leganés;España;España;191;86;https://media.api-sports.io/football/players/47256.png
131551;Miguel San Román;28;1997-07-14;Benidorm;España;España;189;79;https://media.api-sports.io/football/players/131551.png
46823;Miguel Torres Gómez;33;1986-01-28;Madrid;España;España;185;81;https://media.api-sports.io/football/players/46823.png
47494;Miguel de la Fuente;26;1999-09-03;Tudela de Duero;España;España;180;77;https://media.api-sports.io/football/players/47494.png
438263;Miguel Ángel;21;2004-06-14;Granada;España;España;181;;https://media.api-sports.io/football/players/438263.png
47529;Miguel Ángel Morro;25;2000-09-11;Alcalá de Henares;España;España;193;82;https://media.api-sports.io/football/players/47529.png
162475;Mika Màrmol;24;2001-07-01;Terrassa;España;España;181;70;https://media.api-sports.io/football/players/162475.png
116817;Mikel Arruabarrena Aranbide;36;1983-02-09;Tolosa;España;España;188;79;https://media.api-sports.io/football/players/116817.png
311972;Mikel García;22;2003-06-16;Zaragoza;España;España;187;;https://media.api-sports.io/football/players/311972.png
1028;Mikel González;38;1985-09-24;Arrasate;España;España;190;78;https://media.api-sports.io/football/players/1028.png
288384;Mikel Goti;23;2002-05-23;Gorliz;España;España;185;75;https://media.api-sports.io/football/players/288384.png
383780;Mikel Jauregizar;22;2003-11-13;Bilbao;España;España;177;74;https://media.api-sports.io/football/players/383780.png
47311;Mikel Merino;29;1996-06-22;Pamplona;España;España;189;83;https://media.api-sports.io/football/players/47311.png
47323;Mikel Oyarzabal;28;1997-04-21;Eibar;España;España;181;79;https://media.api-sports.io/football/players/47323.png
47287;Mikel Rico;40;1984-11-04;Basauri;España;España;179;75;https://media.api-sports.io/football/players/47287.png
47288;Mikel San José Domínguez;33;1989-05-30;Pamplona;España;España;188;78;https://media.api-sports.io/football/players/47288.png
437637;Mikel Santos;21;2004-11-01;Bilbao;España;España;182;;https://media.api-sports.io/football/players/437637.png
47418;Mikel Vesga;32;1993-04-08;Vitoria-Gasteiz;España;España;191;83;https://media.api-sports.io/football/players/47418.png
162587;Miki Bosch;24;2001-06-09;Alginet;España;España;190;78;https://media.api-sports.io/football/players/162587.png
397941;Minsu Kim;19;2006-01-19;Gwangju;España;España;177;72;https://media.api-sports.io/football/players/397941.png
170541;Miquel Llabrés;25;2000-01-28;;España;España;;;https://media.api-sports.io/football/players/170541.png
46728;Miquel Parera;29;1996-05-18;Manacor;España;España;182;77;https://media.api-sports.io/football/players/46728.png
411424;Miquel Salas;20;2005-08-27;Sabadell;España;España;182;67;https://media.api-sports.io/football/players/411424.png
47568;Miramón;36;1989-06-02;Zaragoza;España;España;175;74;https://media.api-sports.io/football/players/47568.png
162719;Moha;25;2000-02-06;Madrid;España;España;169;67;https://media.api-sports.io/football/players/162719.png
14437;I. Kelava;38;1988-02-20;Zagreb;Croacia;Croacia;196;92;https://media.api-sports.io/football/players/14437.png
116824;Miguel Muñoz;31;1995-01-26;Madrid;Spain;Spain;178;72;https://media.api-sports.io/football/players/116824.png
47479;Moi Delgado;31;1994-04-18;Utrera;España;España;173;66;https://media.api-sports.io/football/players/47479.png
47574;Moi Gómez;31;1994-06-23;Rojales;España;España;176;71;https://media.api-sports.io/football/players/47574.png
335239;Moi Parra;23;2002-06-24;Huelva;España;España;;;https://media.api-sports.io/football/players/335239.png
47003;Momo;43;1982-07-15;Las Palmas de Gran Canaria;España;España;178;68;https://media.api-sports.io/football/players/47003.png
46662;Moncayola;27;1998-05-13;Garinoain;España;España;189;86;https://media.api-sports.io/football/players/46662.png
104941;Monchu;26;1999-09-13;Palma de Mallorca;España;España;173;68;https://media.api-sports.io/football/players/104941.png
119223;Mourad;27;1998-05-27;Balsapintada;España;España;189;85;https://media.api-sports.io/football/players/119223.png
47295;Moyà;37;1984-04-02;Binissalem;España;España;188;83;https://media.api-sports.io/football/players/47295.png
104823;Mozo;28;1995-04-01;Cuenca;España;España;172;66;https://media.api-sports.io/football/players/104823.png
104795;Mujaid Sadick;25;2000-03-14;Logroño;España;España;183;81;https://media.api-sports.io/football/players/104795.png
2672;Muniain;33;1992-12-19;Pamplona;España;España;170;65;https://media.api-sports.io/football/players/2672.png
47508;Muniesa;33;1992-03-27;Lloret de Mar;España;España;179;72;https://media.api-sports.io/football/players/47508.png
47489;Míchel Herrero;37;1988-07-29;Valencia;España;España;182;68;https://media.api-sports.io/football/players/47489.png
10236;Míchel Macedo;35;1990-02-15;Rio de Janeiro;Brasil;Brasil;177;88;https://media.api-sports.io/football/players/10236.png
325415;N. Aberdin;23;2002-08-23;Paris;Francia;Francia;192;75;https://media.api-sports.io/football/players/325415.png
21694;N. Aguerd;29;1996-03-30;Kénitra;Marruecos;Marruecos;190;76;https://media.api-sports.io/football/players/21694.png
2719;N. Amrabat;38;1987-03-31;Naarden;Países Bajos;Marruecos;179;73;https://media.api-sports.io/football/players/2719.png
2870;N. Araújo;34;1991-08-29;Guadalajara;México;México;188;92;https://media.api-sports.io/football/players/2870.png
46841;N. Champagne;40;1985-01-20;Salto;Argentina;Argentina;189;82;https://media.api-sports.io/football/players/46841.png
300885;N. Deossa;25;2000-02-06;Marmato;Colombia;Colombia;185;71;https://media.api-sports.io/football/players/300885.png
47308;N. Djouahra;26;1999-11-23;Bourgoin-Jallieu;Francia;Francia;171;67;https://media.api-sports.io/football/players/47308.png
47411;N. El Zhar;37;1986-08-27;Alès;Francia;Marruecos;171;66;https://media.api-sports.io/football/players/47411.png
59937;N. Fedor;40;1985-08-19;Caracas;Venezuela;Venezuela;185;91;https://media.api-sports.io/football/players/59937.png
668;N. Fekir;32;1993-07-18;Lyon;Francia;Francia;173;72;https://media.api-sports.io/football/players/668.png
75414;N. Fernández Mercau;25;2000-01-11;Buenos Aires;Argentina;Argentina;172;71;https://media.api-sports.io/football/players/75414.png
30690;N. Fonseca;27;1998-10-19;Napoli;Italia;Italia;181;76;https://media.api-sports.io/football/players/30690.png
50907;N. Gaitán;37;1988-02-23;San Martín;Argentina;Argentina;173;66;https://media.api-sports.io/football/players/50907.png
26315;N. González;27;1998-04-06;Belén de Escobar;Argentina;Argentina;180;72;https://media.api-sports.io/football/players/26315.png
1489;N. Gudelj;34;1991-11-16;Beograd;Serbia;Serbia;187;79;https://media.api-sports.io/football/players/1489.png
162053;N. Iosifov;24;2001-04-11;Tambov;Rusia;Rusia;175;62;https://media.api-sports.io/football/players/162053.png
283058;N. Jackson;24;2001-06-20;Banjul;Gambia;Senegal;186;78;https://media.api-sports.io/football/players/283058.png
57;N. Kalinić;36;1988-01-05;Solin;Croacia;Croacia;187;79;https://media.api-sports.io/football/players/57.png
88774;N. Karabelas;37;1984-12-20;Pyrgos;Grecia;Grecia;180;72;https://media.api-sports.io/football/players/88774.png
605;N. Krstičić;33;1990-07-03;Beograd;Serbia;Serbia;182;75;https://media.api-sports.io/football/players/605.png
10402;N. López;32;1993-10-01;Montevideo;Uruguay;Uruguay;175;67;https://media.api-sports.io/football/players/10402.png
2824;N. Maksimović;30;1995-01-26;Banja Koviljača;Serbia;Serbia;189;69;https://media.api-sports.io/football/players/2824.png
41412;N. Maraš;30;1995-12-19;Beograd;Serbia;Serbia;189;79;https://media.api-sports.io/football/players/41412.png
358431;N. Mendy;21;2004-08-16;Guédiawaye;Francia;Francia;187;78;https://media.api-sports.io/football/players/358431.png
6503;N. Molina;27;1998-04-06;Embalse;Argentina;Argentina;179;70;https://media.api-sports.io/football/players/6503.png
405719;N. Ogbuehi;22;2003-03-15;;Nigeria;Nigeria;;;https://media.api-sports.io/football/players/405719.png
350037;N. Paz;21;2004-09-08;Santa Cruz de Tenerife;España;Argentina;186;74;https://media.api-sports.io/football/players/350037.png
46090;N. Petrović;26;1999-07-18;Krupanj;Serbia;Serbia;185;72;https://media.api-sports.io/football/players/46090.png
3246;N. Pépé;30;1995-05-29;Mantes-la-Jolie;Francia;Costa de Marfil;183;73;https://media.api-sports.io/football/players/3246.png
37;N. Pérez;25;2000-06-24;Hurlingham;Argentina;Argentina;185;75;https://media.api-sports.io/football/players/37.png
47441;N. Radoja;32;1993-02-06;Novi Sad;Serbia;Serbia;186;77;https://media.api-sports.io/football/players/47441.png
1920;N. Radonjić;29;1996-02-15;Niš;Serbia;Serbia;185;78;https://media.api-sports.io/football/players/1920.png
30490;N. Sansone;34;1991-09-10;München;Alemania;Italia;175;68;https://media.api-sports.io/football/players/30490.png
6233;N. Tenaglia;29;1996-02-21;Saladillo;Argentina;Argentina;180;73;https://media.api-sports.io/football/players/6233.png
40553;N. Vujadinović;39;1986-07-31;Beograd;Serbia;Bulgaria;190;82;https://media.api-sports.io/football/players/40553.png
47469;N. Vukčević;32;1991-12-13;Podgorica;Montenegro;Montenegro;184;76;https://media.api-sports.io/football/players/47469.png
161894;N. Ünüvar;22;2003-06-13;Zaandam;Países Bajos;Turquía;168;64;https://media.api-sports.io/football/players/161894.png
50187;Nabil Ghilas;33;1990-04-20;Marseille;Francia;Argelia;183;86;https://media.api-sports.io/football/players/50187.png
735;Nacho;35;1990-01-18;Madrid;España;España;180;76;https://media.api-sports.io/football/players/735.png
46975;Nacho Gil;30;1995-09-09;Valencia;España;España;168;63;https://media.api-sports.io/football/players/46975.png
47481;Nacho Martínez;36;1989-03-07;Madrid;España;España;174;63;https://media.api-sports.io/football/players/47481.png
1447;Nacho Monreal;36;1986-02-26;Pamplona;España;España;179;72;https://media.api-sports.io/football/players/1447.png
36834;Nacho Monsalve;31;1994-04-27;Madrid;España;España;188;81;https://media.api-sports.io/football/players/36834.png
336645;Nacho Nicolau;22;2003-04-14;;España;España;;;https://media.api-sports.io/football/players/336645.png
156514;Nacho Pastor;25;2000-04-03;;España;España;186;80;https://media.api-sports.io/football/players/156514.png
504605;Nacho Pérez;17;;;España;España;;;https://media.api-sports.io/football/players/504605.png
161962;Nacho Quintana;24;2001-02-23;Seseña;España;España;178;75;https://media.api-sports.io/football/players/161962.png
46657;Nacho Vidal;30;1995-01-24;Campello;España;España;180;75;https://media.api-sports.io/football/players/46657.png
46802;Nahuel Leiva;29;1996-11-22;Rosario;Argentina;España;172;70;https://media.api-sports.io/football/players/46802.png
327622;Naim García;23;2002-06-11;Madrid;España;España;179;75;https://media.api-sports.io/football/players/327622.png
47330;Naldo;37;1988-08-25;Santo André;Brasil;Brasil;185;72;https://media.api-sports.io/football/players/47330.png
327552;Nando;22;2003-11-03;Jerez de la Frontera;España;España;192;;https://media.api-sports.io/football/players/327552.png
50940;Nani;38;1986-11-17;Praia;Cabo Verde;Portugal;177;72;https://media.api-sports.io/football/players/50940.png
47095;Nano;27;1995-02-05;La Laguna;España;España;178;77;https://media.api-sports.io/football/players/47095.png
195100;Natan;24;2001-02-06;Itapecerica da Serra;Brasil;Brasil;188;92;https://media.api-sports.io/football/players/195100.png
104972;Nauzet Alemán;38;1985-02-25;Las Palmas de Gran Canaria;España;España;181;71;https://media.api-sports.io/football/players/104972.png
46989;Nauzet Pérez;40;1985-03-01;Las Palmas de Gran Canaria;España;España;190;87;https://media.api-sports.io/football/players/46989.png
912;Neto;36;1989-07-19;Araxá;Brasil;Brasil;190;84;https://media.api-sports.io/football/players/912.png
276;Neymar;33;1992-02-05;Mogi das Cruzes;Brasil;Brasil;175;68;https://media.api-sports.io/football/players/276.png
161933;Nico González;23;2002-01-03;A Coruña;España;España;189;88;https://media.api-sports.io/football/players/161933.png
128581;Nico Melamed;24;2001-04-11;Barcelona;España;España;173;65;https://media.api-sports.io/football/players/128581.png
286593;Nico Serrano;22;2003-03-05;Pamplona;España;España;181;72;https://media.api-sports.io/football/players/286593.png
183799;Nico Williams;23;2002-07-12;Pamplona;España;España;181;67;https://media.api-sports.io/football/players/183799.png
35834;Nicolás Pareja;;;;;;;;https://media.api-sports.io/football/players/35834.png
181210;Nil Torreguitart;24;2001-09-21;;España;España;;;https://media.api-sports.io/football/players/181210.png
27031;Nili;31;1994-02-18;Las Palmas de Gran Canaria;España;España;176;71;https://media.api-sports.io/football/players/27031.png
46984;Nino;41;1980-06-10;Almería;España;España;169;68;https://media.api-sports.io/football/players/46984.png
412704;Noah Darvich;19;2006-09-25;Freiburg im Breisgau;Alemania;Alemania;184;73;https://media.api-sports.io/football/players/412704.png
2058;Nolito;37;1986-10-15;Sanlúncar de Barrameda;España;España;175;65;https://media.api-sports.io/football/players/2058.png
130;Nélson Semedo;32;1993-11-16;Lisboa;Portugal;Portugal;177;69;https://media.api-sports.io/football/players/130.png
116827;Néstor Díaz;33;1992-06-26;Sabadell;España;España;185;73;https://media.api-sports.io/football/players/116827.png
6168;O. Alderete;29;1996-12-26;Asunción;Paraguay;Paraguay;188;77;https://media.api-sports.io/football/players/6168.png
104849;O. Atzili;32;1993-07-27;Holon;Israel;Israel;177;;https://media.api-sports.io/football/players/104849.png
1124;O. Burke;28;1997-04-07;Kirkcaldy;Escocia;Escocia;188;74;https://media.api-sports.io/football/players/1124.png
153;O. Dembélé;28;1997-05-15;Vernon;Francia;Francia;178;67;https://media.api-sports.io/football/players/153.png
19613;O. Ejaria;28;1997-11-18;London;Inglaterra;Inglaterra;183;75;https://media.api-sports.io/football/players/19613.png
286601;O. El Hilali;22;2003-09-12;Tanger;España;Marruecos;183;75;https://media.api-sports.io/football/players/286601.png
2774;O. Etebo;30;1995-11-09;Lagos;Nigeria;Nigeria;172;70;https://media.api-sports.io/football/players/2774.png
198656;O. Faraj;23;2002-03-09;Stockholm;Suecia;Suecia;182;65;https://media.api-sports.io/football/players/198656.png
2723;O. Idrissi;29;1996-02-26;Bergen op Zoom;Países Bajos;Marruecos;183;78;https://media.api-sports.io/football/players/2723.png
41163;O. John;33;1992-05-19;Zwedru;Liberia;Países Bajos;180;80;https://media.api-sports.io/football/players/41163.png
700;O. Kayode;32;1993-05-08;Ibadan;Nigeria;Nigeria;176;65;https://media.api-sports.io/football/players/700.png
19337;O. McBurnie;29;1996-06-04;Leeds;Inglaterra;Escocia;188;79;https://media.api-sports.io/football/players/19337.png
21070;O. Mfulu;31;1994-03-20;Brazzaville;República Democrática del Congo;República Democrática del Congo;182;76;https://media.api-sports.io/football/players/21070.png
35576;O. Pineda;29;1996-03-24;Ciudad de México;México;México;169;63;https://media.api-sports.io/football/players/35576.png
419912;O. Sadik;21;2004-03-22;Beni Mellal;Marruecos;Marruecos;185;80;https://media.api-sports.io/football/players/419912.png
37191;O. Tannane;31;1994-03-23;Tétouan;Marruecos;Marruecos;177;80;https://media.api-sports.io/football/players/37191.png
557;O. Vlachodimos;31;1994-04-26;Stuttgart;Alemania;Grecia;188;78;https://media.api-sports.io/football/players/557.png
1419;O. Vranješ;35;1989-10-24;Banja Luka;Bosnia y Herzegovina;Bosnia y Herzegovina;182;76;https://media.api-sports.io/football/players/1419.png
47443;O. Yokuşlu;31;1994-03-09;İzmir;Turquía;Turquía;190;79;https://media.api-sports.io/football/players/47443.png
61774;O. Óskarsson;21;2004-08-29;Reykjavik;Islandia;Islandia;186;76;https://media.api-sports.io/football/players/61774.png
737;Odriozola;30;1995-12-14;San Sebastián;España;España;176;66;https://media.api-sports.io/football/players/737.png
47449;Oier;36;1989-09-14;Irún;España;España;190;86;https://media.api-sports.io/football/players/47449.png
46656;Oier;37;1986-05-25;Estella;España;España;178;72;https://media.api-sports.io/football/players/46656.png
332302;Oier Gastesi;22;2003-10-30;Alsasua;España;España;190;84;https://media.api-sports.io/football/players/332302.png
107140;Oier Luengo;28;1997-11-11;Amorebieta-Etxano;España;España;183;82;https://media.api-sports.io/football/players/107140.png
182560;Oier Zarraga;26;1999-01-04;Getxo;España;España;175;76;https://media.api-sports.io/football/players/182560.png
128398;Oihan Sancet;25;2000-04-25;Pamplona;España;España;188;73;https://media.api-sports.io/football/players/128398.png
385405;Omar Falah;22;2003-09-09;Gijón;España;España;;;https://media.api-sports.io/football/players/385405.png
449058;Omar Janneh;19;2006-08-23;Lleida;España;España;188;75;https://media.api-sports.io/football/players/449058.png
414;Omar Mascarell;32;1993-02-02;Santa Cruz de Tenerife;España;España;181;76;https://media.api-sports.io/football/players/414.png
46861;Omar Ramos;35;1988-01-26;Santa Cruz;España;España;175;66;https://media.api-sports.io/football/players/46861.png
106727;Oriol Rey;27;1998-02-25;Barcelona;España;España;177;71;https://media.api-sports.io/football/players/106727.png
6997;Oriol Riera;34;1986-07-03;Barcelona;España;España;184;78;https://media.api-sports.io/football/players/6997.png
18949;Oriol Romeu;34;1991-09-24;Ulldecona;España;España;183;83;https://media.api-sports.io/football/players/18949.png
323815;Oscar Ureña;22;2003-05-31;Figueres;España;España;171;75;https://media.api-sports.io/football/players/323815.png
341453;Oso;22;2003-07-09;Torrevieja;España;España;183;;https://media.api-sports.io/football/players/341453.png
600938;P. Agudin;17;;;;;;;https://media.api-sports.io/football/players/600938.png
1568;P. Akouokou;28;1997-12-20;Abidjan;Costa de Marfil;Costa de Marfil;181;68;https://media.api-sports.io/football/players/1568.png
1465;P. Aubameyang;36;1989-06-18;Laval;Francia;Gabón;187;80;https://media.api-sports.io/football/players/1465.png
455366;P. Ba;21;2004-09-12;Thiès;Senegal;Senegal;180;75;https://media.api-sports.io/football/players/455366.png
21631;P. Baysse;37;1988-05-18;Bordeaux;Francia;Francia;187;85;https://media.api-sports.io/football/players/21631.png
22014;P. Chavarría;37;1988-01-02;Las Perdices;Argentina;Argentina;182;74;https://media.api-sports.io/football/players/22014.png
41552;P. Ciss;31;1994-03-16;Dakar;Senegal;Senegal;186;71;https://media.api-sports.io/football/players/41552.png
1649;P. Cutrone;27;1998-01-03;Como;Italia;Italia;183;75;https://media.api-sports.io/football/players/1649.png
47386;P. De Blasis;37;1988-02-04;La Plata;Argentina;Argentina;165;65;https://media.api-sports.io/football/players/47386.png
47387;P. Diop;37;1986-03-19;Kaolack;Senegal;Senegal;180;77;https://media.api-sports.io/football/players/47387.png
25131;P. Ebert;35;1987-03-17;Potsdam;Alemania;Alemania;176;68;https://media.api-sports.io/football/players/25131.png
46731;P. Estupiñán;27;1998-01-21;Esmeraldas;Ecuador;Ecuador;175;73;https://media.api-sports.io/football/players/46731.png
158;P. Gazzaniga;33;1992-01-02;Murphy;Argentina;Argentina;195;90;https://media.api-sports.io/football/players/158.png
20696;P. Gueye;26;1999-01-24;Montreuil;Francia;Senegal;189;79;https://media.api-sports.io/football/players/20696.png
30433;P. Gómez;37;1988-02-15;Buenos Aires;Argentina;Argentina;167;68;https://media.api-sports.io/football/players/30433.png
2557;P. Hernández;39;1986-10-24;San Miguel de Tucumán;Argentina;Chile;184;82;https://media.api-sports.io/football/players/2557.png
91225;P. Kone;34;1987-07-26;Tirana;Albania;Grecia;184;79;https://media.api-sports.io/football/players/91225.png
551365;P. Lopez;19;;;;;;;https://media.api-sports.io/football/players/551365.png
47340;P. Piatti;36;1989-03-31;La Carlota;Argentina;Argentina;163;63;https://media.api-sports.io/football/players/47340.png
2814;P. Rajković;30;1995-10-31;Negotin;Serbia;Serbia;191;86;https://media.api-sports.io/football/players/2814.png
47521;P. Roberts;28;1997-02-05;Kingston upon Thames;Inglaterra;Inglaterra;167;58;https://media.api-sports.io/football/players/47521.png
135148;P. Sequeira;26;1999-03-01;Limón;Costa Rica;Costa Rica;190;84;https://media.api-sports.io/football/players/135148.png
47447;P. Sisto;30;1995-02-04;Kampala;Uganda;Dinamarca;171;64;https://media.api-sports.io/football/players/47447.png
47374;P. Twumasi;31;1994-05-09;Obuasi;Ghana;Ghana;176;67;https://media.api-sports.io/football/players/47374.png
50974;P. Tytoń;38;1987-01-04;Zamość;Polonia;Polonia;195;88;https://media.api-sports.io/football/players/50974.png
10311;PH Ganso;36;1989-10-12;Ananindeua;Brasil;Brasil;184;79;https://media.api-sports.io/football/players/10311.png
336594;Pablo Barrios;22;2003-06-15;Madrid;España;España;183;75;https://media.api-sports.io/football/players/336594.png
439994;Pablo Busto;20;2005-09-15;Dos Hermanas;España;España;180;69;https://media.api-sports.io/football/players/439994.png
286611;Pablo Cuñat;23;2002-04-28;Valencia;España;España;188;78;https://media.api-sports.io/football/players/286611.png
320517;Pablo Durán;24;2001-05-25;Tomiño;España;España;176;72;https://media.api-sports.io/football/players/320517.png
46888;Pablo Fernández;29;1996-09-17;Candás;España;España;192;85;https://media.api-sports.io/football/players/46888.png
1697;Pablo Fornals;29;1996-02-22;Castellón de la Plana;España;España;178;67;https://media.api-sports.io/football/players/1697.png
443163;Pablo García;19;2006-08-15;Sevilla;España;España;175;67;https://media.api-sports.io/football/players/443163.png
161877;Pablo Gozálbez;24;2001-04-30;Canet d'en Berenguer;España;España;170;66;https://media.api-sports.io/football/players/161877.png
188617;Pablo Gálvez;24;2001-10-30;;España;España;;;https://media.api-sports.io/football/players/188617.png
19129;Pablo Hernández;38;1985-04-11;Castellón de la Plana;España;España;173;64;https://media.api-sports.io/football/players/19129.png
47490;Pablo Hervías;32;1993-03-08;Logroño;España;España;173;71;https://media.api-sports.io/football/players/47490.png
139001;Pablo Ibáñez;27;1998-09-20;;España;España;179;74;https://media.api-sports.io/football/players/139001.png
90646;Pablo Insua;32;1993-09-09;Arzúa;España;España;187;80;https://media.api-sports.io/football/players/90646.png
406046;Pablo López;19;2006-03-27;La Manga;España;España;175;65;https://media.api-sports.io/football/players/406046.png
26302;Pablo Maffeo;28;1997-07-12;Sant Joan Despí;España;España;172;70;https://media.api-sports.io/football/players/26302.png
104949;Pablo Martínez;27;1998-02-22;Madrid;España;España;182;74;https://media.api-sports.io/football/players/104949.png
290106;Pablo Marín;22;2003-07-03;Logroño;España;España;178;71;https://media.api-sports.io/football/players/290106.png
377197;Pablo Muñoz;22;2003-09-04;San Sebastián de los Reyes;España;España;;;https://media.api-sports.io/football/players/377197.png
46895;Pablo Pérez;32;1993-08-02;Gijón;España;España;188;79;https://media.api-sports.io/football/players/46895.png
264469;Pablo Pérez;24;2001-08-18;Madrid;España;España;174;;https://media.api-sports.io/football/players/264469.png
348329;Pablo Ramírez;22;2003-03-18;;España;España;;;https://media.api-sports.io/football/players/348329.png
46734;Pablo Ramón;24;2001-06-30;Calvia;España;España;186;76;https://media.api-sports.io/football/players/46734.png
335034;Pablo Rivera;21;2004-01-11;Alcalá de Guadaíra;España;España;178;68;https://media.api-sports.io/football/players/335034.png
2056;Pablo Sarabia;33;1992-05-11;Madrid;España;España;174;70;https://media.api-sports.io/football/players/2056.png
190530;Pablo Sáenz;24;2001-05-22;Pamplona;España;España;175;;https://media.api-sports.io/football/players/190530.png
285909;Pablo Torre;22;2003-04-03;Santander;España;España;173;65;https://media.api-sports.io/football/players/285909.png
182657;Pablo Valencia;24;2001-03-16;Pamplona;España;España;188;74;https://media.api-sports.io/football/players/182657.png
21;Paco Alcácer;32;1993-08-30;Torrent;España;España;175;72;https://media.api-sports.io/football/players/21.png
463279;Paco Cortés;18;2007-08-11;Granada;España;España;;;https://media.api-sports.io/football/players/463279.png
437600;Paco Sanz;21;2004-11-15;;España;España;188;85;https://media.api-sports.io/football/players/437600.png
2909;Paik Seung-Ho;28;1997-03-17;Seoul;Corea del Sur;Corea del Sur;177;67;https://media.api-sports.io/football/players/2909.png
660;Pape Cheikh;27;1997-08-08;Dakar;Senegal;Senegal;180;68;https://media.api-sports.io/football/players/660.png
411702;Pau Cabanes;20;2005-02-17;Burriana;España;España;179;72;https://media.api-sports.io/football/players/411702.png
396623;Pau Cubarsí Paredes;18;2007-01-22;Estanyol;España;España;183;79;https://media.api-sports.io/football/players/396623.png
338750;Pau Ferrer;22;2003-02-17;Benicarló;España;España;;;https://media.api-sports.io/football/players/338750.png
1557;Pau López;31;1994-12-13;Girona;España;España;189;77;https://media.api-sports.io/football/players/1557.png
182695;Pau Martínez;25;2000-11-10;Blanes;España;España;168;66;https://media.api-sports.io/football/players/182695.png
335426;Pau Mascaró;21;2004-10-20;;España;España;178;72;https://media.api-sports.io/football/players/335426.png
435552;Pau Navarro;20;2005-04-25;La Vilavella;España;España;185;72;https://media.api-sports.io/football/players/435552.png
396630;Pau Prim;19;2006-02-22;Sant Andreu de la Barca;España;España;177;;https://media.api-sports.io/football/players/396630.png
46815;Pau Torres;28;1997-01-16;Villarreal;España;España;191;80;https://media.api-sports.io/football/players/46815.png
263530;Pau Victor;24;2001-11-26;San Cugat del Vallès;España;España;184;77;https://media.api-sports.io/football/players/263530.png
12719;Paulinho;36;1988-07-25;São Paulo;Brasil;Brasil;181;81;https://media.api-sports.io/football/players/12719.png
47369;Paulino;28;1997-06-27;Santander;España;España;181;65;https://media.api-sports.io/football/players/47369.png
47383;Paulo Oliveira;33;1992-01-08;Vila Nova de Famalicão;Portugal;Portugal;187;81;https://media.api-sports.io/football/players/47383.png
157910;Paulo Rodrigues;45;1981-02-18;Maceió;Brasil;Brasil;;;https://media.api-sports.io/football/players/157910.png
1702;Pedraza;29;1996-04-09;San Sebastián de los Ballesteros;España;España;184;73;https://media.api-sports.io/football/players/1702.png
133609;Pedri;23;2002-11-25;Tegueste;España;España;174;68;https://media.api-sports.io/football/players/133609.png
161873;Pedro Alemañ;23;2002-03-21;Elche;España;España;182;70;https://media.api-sports.io/football/players/161873.png
285356;Pedro Benito;25;2000-03-27;Cádiz;España;España;182;78;https://media.api-sports.io/football/players/285356.png
46887;Pedro Díaz;27;1998-06-05;Siero;España;España;180;75;https://media.api-sports.io/football/players/46887.png
491087;Pedro Fernández;17;2008-01-12;;España;España;182;68;https://media.api-sports.io/football/players/491087.png
47392;Pedro León;39;1986-11-24;Mula;España;España;183;70;https://media.api-sports.io/football/players/47392.png
47454;Pedro López;38;1983-11-01;Valencia;España;España;174;72;https://media.api-sports.io/football/players/47454.png
104802;Pedro López;30;1995-01-21;Mérida;España;España;187;80;https://media.api-sports.io/football/players/104802.png
46805;Pedro Mosquera;37;1988-04-21;A Coruña;España;España;184;75;https://media.api-sports.io/football/players/46805.png
119235;Pedro Ortiz;25;2000-08-19;Palma de Mallorca;España;España;184;76;https://media.api-sports.io/football/players/119235.png
47519;Pedro Porro;26;1999-09-13;Don Benito;España;España;173;69;https://media.api-sports.io/football/players/47519.png
437643;Peio Canales;20;2005-01-17;Barrika;España;España;179;68;https://media.api-sports.io/football/players/437643.png
157194;Pejiño;29;1996-07-29;Barbate;España;España;177;67;https://media.api-sports.io/football/players/157194.png
333292;Pelayo Fernández;22;2003-04-29;Avilés;España;España;190;83;https://media.api-sports.io/football/players/333292.png
104867;Pelayo Suárez;27;1998-07-09;Gijón;España;España;183;84;https://media.api-sports.io/football/players/104867.png
181734;Pep Chavarría;27;1998-04-10;Figueres;España;España;174;72;https://media.api-sports.io/football/players/181734.png
373;Pepe;41;1983-02-26;Maceió;Brasil;Portugal;187;79;https://media.api-sports.io/football/players/373.png
183859;Pepe Blanco;26;1999-07-29;Logroño;España;España;;;https://media.api-sports.io/football/players/183859.png
1624;Pepe Reina;43;1982-08-31;Madrid;España;España;188;92;https://media.api-sports.io/football/players/1624.png
182164;Pepe Sánchez;25;2000-03-02;Linares;España;España;185;63;https://media.api-sports.io/football/players/182164.png
47463;Pepelu;27;1998-08-11;Dénia;España;España;185;73;https://media.api-sports.io/football/players/47463.png
162126;Peque Fernández;23;2002-10-04;L'Hospitalet de Llobregat;España;España;172;66;https://media.api-sports.io/football/players/162126.png
237252;Pere García;23;2002-03-22;Can Picafort;España;España;193;82;https://media.api-sports.io/football/players/237252.png
47398;Pere Milla;33;1992-09-23;Lleida;España;España;184;72;https://media.api-sports.io/football/players/47398.png
47518;Pere Pons;32;1993-02-20;Sant Martí Vell;España;España;177;70;https://media.api-sports.io/football/players/47518.png
47286;Peru Nolaskoain;27;1998-10-25;Zumaia;España;España;186;81;https://media.api-sports.io/football/players/47286.png
270516;Peter;23;2002-07-25;Madrid;España;España;180;68;https://media.api-sports.io/football/players/270516.png
44318;Petros;36;1989-05-29;Juazeiro;Brasil;Brasil;182;78;https://media.api-sports.io/football/players/44318.png
147;Philippe Coutinho;33;1992-06-12;Rio de Janeiro;Brasil;Brasil;172;68;https://media.api-sports.io/football/players/147.png
182731;Picón;25;2000-02-01;Valencia;España;España;;;https://media.api-sports.io/football/players/182731.png
47213;Pipa;27;1998-01-26;Esparreguera;España;España;176;72;https://media.api-sports.io/football/players/47213.png
136;Piqué;35;1987-02-02;Barcelona;España;España;194;85;https://media.api-sports.io/football/players/136.png
307224;Piri;22;2003-07-10;;España;España;176;71;https://media.api-sports.io/football/players/307224.png
429757;Pol Arnau;21;2004-12-23;;España;España;;;https://media.api-sports.io/football/players/429757.png
30525;Pol Lirola;28;1997-08-13;Mollet del Vallès;España;España;183;70;https://media.api-sports.io/football/players/30525.png
127426;Pol Lozano;26;1999-10-06;Sant Quirze del Vallès;España;España;177;62;https://media.api-sports.io/football/players/127426.png
162585;Pol Tristán;23;2002-03-18;Barcelona;España;España;188;73;https://media.api-sports.io/football/players/162585.png
47262;Portillo;35;1990-06-13;Málaga;España;España;169;60;https://media.api-sports.io/football/players/47262.png
47520;Portu;33;1992-05-21;Murcia;España;España;167;66;https://media.api-sports.io/football/players/47520.png
47458;Postigo;37;1988-11-04;Madrid;España;España;184;78;https://media.api-sports.io/football/players/47458.png
338295;Primo;21;2004-07-10;;España;España;187;74;https://media.api-sports.io/football/players/338295.png
2062;Q. Promes;32;1992-01-04;Amsterdam;Países Bajos;Países Bajos;174;72;https://media.api-sports.io/football/players/2062.png
46679;Quini;36;1989-09-24;Córdoba;España;España;178;74;https://media.api-sports.io/football/players/46679.png
46809;Quique González;35;1990-05-16;Valladolid;España;España;177;78;https://media.api-sports.io/football/players/46809.png
295223;R. Alhassane;23;2002-01-01;Abuja;Nigeria;Níger;184;75;https://media.api-sports.io/football/players/295223.png
101814;R. Araújo;26;1999-03-07;Rivera;Uruguay;Uruguay;191;96;https://media.api-sports.io/football/players/101814.png
959;R. Assalé;32;1993-11-13;Abengourou;Costa de Marfil;Costa de Marfil;167;65;https://media.api-sports.io/football/players/959.png
46685;R. Azeez;29;1992-12-12;Abuja;Nigeria;Nigeria;169;67;https://media.api-sports.io/football/players/46685.png
43184;R. Aït-Atmane;31;1993-02-04;Bobigny;Francia;Argelia;189;78;https://media.api-sports.io/football/players/43184.png
19034;R. Babel;38;1986-12-19;Amsterdam;Países Bajos;Países Bajos;185;79;https://media.api-sports.io/football/players/19034.png
338958;R. Bardghji;20;2005-11-15;Kuwait City;Suecia;Suecia;173;73;https://media.api-sports.io/football/players/338958.png
1484;R. Battaglia;34;1991-07-12;Morón;Argentina;Argentina;188;79;https://media.api-sports.io/football/players/1484.png
6011;R. Borré;30;1995-09-15;Barranquilla;Colombia;Colombia;174;70;https://media.api-sports.io/football/players/6011.png
47436;R. Boudebouz;35;1990-02-19;Colmar;Francia;Argelia;177;74;https://media.api-sports.io/football/players/47436.png
46814;R. Brežančić;35;1989-08-21;Nova Pazova;Serbia;Serbia;176;71;https://media.api-sports.io/football/players/46814.png
6377;R. Cecchini;29;1996-12-24;Ingeniero Huergo;Argentina;Argentina;180;78;https://media.api-sports.io/football/players/6377.png
2472;R. De Paul;31;1994-05-24;Sarandí;Argentina;Argentina;178;70;https://media.api-sports.io/football/players/2472.png
446;R. Donk;37;1986-03-30;Amsterdam;Países Bajos;Surinam;192;80;https://media.api-sports.io/football/players/446.png
1839;R. Durmisi;31;1994-01-08;Ishøj;Dinamarca;Dinamarca;168;68;https://media.api-sports.io/football/players/1839.png
47470;R. Dwamena;28;1995-09-12;Nkawkaw;Ghana;Ghana;186;81;https://media.api-sports.io/football/players/47470.png
119;R. Falcao;39;1986-02-10;Santa Marta;Colombia;Colombia;177;72;https://media.api-sports.io/football/players/119.png
1688;R. Funes Mori;34;1991-03-05;Mendoza;Argentina;Argentina;186;79;https://media.api-sports.io/football/players/1688.png
325785;R. Kohon;21;2004-05-23;Paris;Francia;Francia;187;74;https://media.api-sports.io/football/players/325785.png
20608;R. Kouamé;29;1996-12-17;Lopou;Costa de Marfil;Mali;177;68;https://media.api-sports.io/football/players/20608.png
521;R. Lewandowski;37;1988-08-21;Warszawa;Polonia;Polonia;186;81;https://media.api-sports.io/football/players/521.png
15385;R. Loé;35;1989-01-31;Courbevoie;Francia;Camerún;192;83;https://media.api-sports.io/football/players/15385.png
46725;R. Manaj;28;1997-02-24;Lushnje;Albania;Albania;182;76;https://media.api-sports.io/football/players/46725.png
31361;R. Mazáň;31;1994-02-09;Trencin;Eslovaquia;Eslovaquia;180;75;https://media.api-sports.io/football/players/31361.png
551461;R. Montero;20;;;;;;;https://media.api-sports.io/football/players/551461.png
196;R. Nolan;26;1999-02-17;Limerick;Irlanda;Irlanda;;;https://media.api-sports.io/football/players/196.png
122657;R. Nteka;28;1997-12-06;Paris;Francia;Francia;189;75;https://media.api-sports.io/football/players/122657.png
20600;R. Perraud;28;1997-09-22;Toulouse;Francia;Francia;173;68;https://media.api-sports.io/football/players/20600.png
99;R. Pierre-Gabriel;27;1998-06-13;Paris;Francia;Francia;177;76;https://media.api-sports.io/football/players/99.png
1631;R. Rodríguez;33;1992-08-25;Zürich;Suiza;Suiza;182;83;https://media.api-sports.io/football/players/1631.png
2444;R. Rosales;37;1988-11-20;Caracas;Venezuela;Venezuela;174;73;https://media.api-sports.io/football/players/2444.png
70775;R. Santa Cruz;44;1981-08-16;Asunción;Paraguay;Paraguay;189;80;https://media.api-sports.io/football/players/70775.png
30483;R. Soriano;34;1991-02-08;Darmstadt;Alemania;Italia;182;76;https://media.api-sports.io/football/players/30483.png
2433;R. Tapia;30;1995-07-28;Lima;Perú;Perú;185;78;https://media.api-sports.io/football/players/2433.png
742;R. Varane;31;1993-04-25;Lille;Francia;Francia;191;81;https://media.api-sports.io/football/players/742.png
48471;R. Vargas;27;1998-08-05;Adligenswil;Suiza;Suiza;177;77;https://media.api-sports.io/football/players/48471.png
8493;R. Yaremchuk;30;1995-11-27;Lviv;Ucrania;Ucrania;191;79;https://media.api-sports.io/football/players/8493.png
46726;R. Zozulya;34;1989-11-17;Kyiv;Ucrania;Ucrania;180;62;https://media.api-sports.io/football/players/46726.png
48390;R. van Wolfswinkel;36;1989-01-27;Woudenberg;Países Bajos;Países Bajos;186;70;https://media.api-sports.io/football/players/48390.png
344745;Rachad Fettal Dhimi;20;2005-01-16;;Marruecos;Marruecos;184;78;https://media.api-sports.io/football/players/344745.png
400901;Rafa Fernández;21;2004-05-02;Pamplona;España;España;187;;https://media.api-sports.io/football/players/400901.png
237066;Rafa Marín;23;2002-05-19;Guadajoz;España;España;191;83;https://media.api-sports.io/football/players/237066.png
47013;Rafa Mir;28;1997-06-18;Murcia;España;España;191;86;https://media.api-sports.io/football/players/47013.png
20997;Rafa Navarro;29;1994-02-24;Valencina de la Concepción;España;España;173;61;https://media.api-sports.io/football/players/20997.png
41149;Rafa Soares;30;1995-05-09;Marco de Canaveses;Portugal;Portugal;177;70;https://media.api-sports.io/football/players/41149.png
265722;Rafael Obrador;21;2004-02-24;Palma de Mallorca;España;España;181;72;https://media.api-sports.io/football/players/265722.png
290686;Rafael Romero;22;2003-08-07;Jerez de la Frontera;España;España;192;75;https://media.api-sports.io/football/players/290686.png
114799;Rafael van der Vaart;35;1983-02-11;Heemskerk;Países Bajos;Países Bajos;176;74;https://media.api-sports.io/football/players/114799.png
438284;Rafel Bauzà;20;2005-01-30;Sant Llorenç des Cardessar;España;España;183;74;https://media.api-sports.io/football/players/438284.png
142;Rafinha;31;1992-02-12;São Paulo;Brasil;Brasil;174;71;https://media.api-sports.io/football/players/142.png
47228;Ramiro Guerra Pereyra;25;1997-03-21;Montevideo;Uruguay;Uruguay;183;75;https://media.api-sports.io/football/players/47228.png
47382;Ramis;36;1984-10-25;Sa Pobla;España;España;188;82;https://media.api-sports.io/football/players/47382.png
46858;Ramón Folch;36;1989-10-04;Cambrils;España;España;182;78;https://media.api-sports.io/football/players/46858.png
197196;Ramón Martínez;23;2002-10-22;Mula;España;España;185;71;https://media.api-sports.io/football/players/197196.png
187987;Ramón Terrats;25;2000-10-18;Barcelona;España;España;181;71;https://media.api-sports.io/football/players/187987.png
1496;Raphinha;29;1996-12-14;Porto Alegre;Brasil;Brasil;176;72;https://media.api-sports.io/football/players/1496.png
333447;Raul Martínez;23;2002-02-23;Barcelona;España;España;183;80;https://media.api-sports.io/football/players/333447.png
264470;Raul Moro;23;2002-12-05;Abrera;España;España;169;68;https://media.api-sports.io/football/players/264470.png
451311;Rayane Belaid;19;2005-11-02;Orihuela;España;España;174;63;https://media.api-sports.io/football/players/451311.png
443668;Rayane Belid;20;2005-02-11;Orihuela;España;España;172;63;https://media.api-sports.io/football/players/443668.png
46733;Raíllo;34;1991-10-08;Córdoba;España;España;187;80;https://media.api-sports.io/football/players/46733.png
104809;Raúl Albentosa;36;1988-09-07;Alzira;España;España;193;89;https://media.api-sports.io/football/players/104809.png
314;Raúl Albiol;40;1985-09-04;Villamarchante;España;España;190;82;https://media.api-sports.io/football/players/314.png
341640;Raúl Asencio;22;2003-02-13;Las Palmas de Gran Canaria;España;España;184;79;https://media.api-sports.io/football/players/341640.png
6855;Raúl Baena;35;1989-03-02;Torrox;España;España;181;73;https://media.api-sports.io/football/players/6855.png
278896;Raúl Blanco;24;2001-07-31;Moaña;España;España;173;65;https://media.api-sports.io/football/players/278896.png
47506;Raúl Carnero;34;1989-04-30;A Coruña;España;España;180;74;https://media.api-sports.io/football/players/47506.png
332304;Raúl Chasco;22;2003-09-13;Pamplona;España;España;179;68;https://media.api-sports.io/football/players/332304.png
46987;Raúl Fernández;37;1988-03-13;Bilbao;España;España;195;92;https://media.api-sports.io/football/players/46987.png
146751;Raúl García;25;2000-11-03;Olesa de Montserrat;España;España;192;70;https://media.api-sports.io/football/players/146751.png
47282;Raúl García;38;1986-07-11;Pamplona;España;España;184;83;https://media.api-sports.io/football/players/47282.png
47057;Raúl Guti;29;1996-12-30;Zaragoza;España;España;177;74;https://media.api-sports.io/football/players/47057.png
412737;Raúl Jiménez Latorre;19;2006-02-16;Catral;España;España;186;78;https://media.api-sports.io/football/players/412737.png
46935;Raúl Lizoain;34;1991-01-27;Las Palmas de Gran Canaria;España;España;188;83;https://media.api-sports.io/football/players/46935.png
47305;Raúl Navas;37;1988-05-11;Sevilla;España;España;186;84;https://media.api-sports.io/football/players/47305.png
185810;Raúl Parra;26;1999-11-26;Zaragoza;España;España;187;82;https://media.api-sports.io/football/players/185810.png
290215;Raúl Torrente;24;2001-03-01;San Javier;España;España;193;79;https://media.api-sports.io/football/players/290215.png
47551;Raúl de Tomás;31;1994-10-17;Madrid;España;España;180;72;https://media.api-sports.io/football/players/47551.png
47413;Recio;34;1991-01-11;Málaga;España;España;183;74;https://media.api-sports.io/football/players/47413.png
739;Reguilón;29;1996-12-16;Madrid;España;España;178;68;https://media.api-sports.io/football/players/739.png
10166;Reinier;23;2002-01-19;Brasilia;Brasil;Brasil;185;78;https://media.api-sports.io/football/players/10166.png
22225;Reinildo;31;1994-01-21;Beira;Mozambique;Mozambique;183;73;https://media.api-sports.io/football/players/22225.png
10122;Renan Lodi;27;1998-04-08;Serrana;Brasil;Brasil;173;68;https://media.api-sports.io/football/players/10122.png
336671;Renato Veiga;22;2003-07-29;Lisboa;Portugal;Portugal;190;88;https://media.api-sports.io/football/players/336671.png
21099;Rene Krhin;32;1990-05-21;Maribor;Eslovenia;Eslovenia;189;80;https://media.api-sports.io/football/players/21099.png
391131;Reque;21;2004-02-12;Granada;España;España;186;76;https://media.api-sports.io/football/players/391131.png
327628;Ricard Artero;22;2003-02-05;La Bisbal d'Empordà;España;España;181;75;https://media.api-sports.io/football/players/327628.png
162889;Ricard Sánchez;25;2000-02-22;Tarragona;España;España;175;67;https://media.api-sports.io/football/players/162889.png
41439;Ricardo Costa;39;1981-05-16;Vila Nova de Gaia;Portugal;Portugal;183;80;https://media.api-sports.io/football/players/41439.png
41103;Ricardo Horta;31;1994-09-15;Almada;Portugal;Portugal;173;66;https://media.api-sports.io/football/players/41103.png
148;Riqui Puig;26;1999-08-13;Barcelona;España;España;169;56;https://media.api-sports.io/football/players/148.png
46757;Rober Correa;33;1992-09-20;Badajoz;España;España;180;71;https://media.api-sports.io/football/players/46757.png
46659;Rober Ibáñez;32;1993-03-22;Valencia;España;España;175;67;https://media.api-sports.io/football/players/46659.png
84086;Robert Navarro;23;2002-04-12;Barcelona;España;España;178;65;https://media.api-sports.io/football/players/84086.png
313039;Robert Vallribera;22;2002-02-21;;España;España;;;https://media.api-sports.io/football/players/313039.png
331003;Roberto Arroyo;22;2003-08-25;Valladolid;España;España;181;68;https://media.api-sports.io/football/players/331003.png
312990;Roberto Fernández;23;2002-07-03;Puente Genil;España;España;186;78;https://media.api-sports.io/football/players/312990.png
47326;Roberto Jiménez;36;1986-02-10;Madrid;España;España;192;94;https://media.api-sports.io/football/players/47326.png
105583;Roberto Lago Soto;33;1985-08-30;Vigo;España;España;178;76;https://media.api-sports.io/football/players/105583.png
47321;Roberto López;25;2000-04-24;Zaragoza;España;España;179;70;https://media.api-sports.io/football/players/47321.png
47033;Roberto Olabe;29;1996-05-05;Salamanca;España;España;178;74;https://media.api-sports.io/football/players/47033.png
47559;Roberto Santamaría;39;1985-02-27;Pamplona;España;España;183;75;https://media.api-sports.io/football/players/47559.png
46666;Roberto Torres;36;1989-03-07;Pamplona;España;España;178;72;https://media.api-sports.io/football/players/46666.png
104980;Roberto Trashorras Gayoso;37;1981-02-28;Rábade;España;España;179;71;https://media.api-sports.io/football/players/104980.png
47301;Robin Le Normand;29;1996-11-11;Pabu;Francia;España;187;80;https://media.api-sports.io/football/players/47301.png
47468;Rochina;33;1991-03-23;Valencia;España;España;182;76;https://media.api-sports.io/football/players/47468.png
185477;Rodri;25;2000-05-16;Talayuela;España;España;168;62;https://media.api-sports.io/football/players/185477.png
44;Rodri;29;1996-06-22;Madrid;España;España;190;82;https://media.api-sports.io/football/players/44.png
47410;Rodri Tarín;28;1996-07-05;Chiva;España;España;184;76;https://media.api-sports.io/football/players/47410.png
935;Rodrigo;34;1991-03-06;Rio de Janeiro;Brasil;España;182;77;https://media.api-sports.io/football/players/935.png
327496;Rodrigo Abajas;22;2003-05-12;Madrid;España;España;186;78;https://media.api-sports.io/football/players/327496.png
47356;Rodrigo Ely;32;1993-11-03;Lajeado;Brasil;Brasil;188;83;https://media.api-sports.io/football/players/47356.png
341371;Rodrigo Mendoza;20;2005-03-15;;España;España;182;72;https://media.api-sports.io/football/players/341371.png
136117;Rodrigo Riquelme;25;2000-04-02;Madrid;España;España;173;66;https://media.api-sports.io/football/players/136117.png
10009;Rodrygo;24;2001-01-09;Osasco;Brasil;Brasil;174;64;https://media.api-sports.io/football/players/10009.png
47471;Roger;34;1991-01-03;Torrent;España;España;179;74;https://media.api-sports.io/football/players/47471.png
450716;Roger Hinojo;20;2005-02-21;Cabrianes;España;España;180;70;https://media.api-sports.io/football/players/450716.png
286605;Roger Martínez;21;2004-04-05;Badalona;España;España;;;https://media.api-sports.io/football/players/286605.png
35604;Roger Martínez;31;1994-06-23;Cartagena;Colombia;Colombia;180;83;https://media.api-sports.io/football/players/35604.png
111;Rony Lopes;30;1995-12-28;Belém;Brasil;Portugal;174;68;https://media.api-sports.io/football/players/111.png
2053;Roque Mesa;36;1989-06-07;Las Palmas de Gran Canaria;España;España;172;74;https://media.api-sports.io/football/players/2053.png
315701;Rubo Iranzo;22;2003-03-14;Picanya;España;España;182;63;https://media.api-sports.io/football/players/315701.png
47485;Rubén Alcaraz;34;1991-05-01;Barcelona;España;España;183;81;https://media.api-sports.io/football/players/47485.png
47426;Rubén Blanco;30;1995-07-25;Mos;España;España;188;70;https://media.api-sports.io/football/players/47426.png
47012;Rubén Castro;42;1981-06-27;Las Palmas de Gran Canaria;España;España;169;68;https://media.api-sports.io/football/players/47012.png
47355;Rubén Duarte;30;1995-10-18;Almería;España;España;180;75;https://media.api-sports.io/football/players/47355.png
46658;Rubén García;32;1993-07-14;Valencia;España;España;171;72;https://media.api-sports.io/football/players/46658.png
105045;Rubén Gracia Calmache;36;1981-08-03;Zaragoza;España;España;180;75;https://media.api-sports.io/football/players/105045.png
302277;Rubén Gómez;23;2002-01-24;Alzira;España;España;185;73;https://media.api-sports.io/football/players/302277.png
46647;Rubén Iván Martínez Andrade;38;1984-06-22;Coristanco;España;España;188;79;https://media.api-sports.io/football/players/46647.png
439032;Rubén Montero;20;2005-08-28;;España;España;183;;https://media.api-sports.io/football/players/439032.png
47312;Rubén Pardo;33;1992-10-22;Logroño;España;España;181;69;https://media.api-sports.io/football/players/47312.png
47391;Rubén Peña;34;1991-07-18;Ávila;España;España;170;65;https://media.api-sports.io/football/players/47391.png
47415;Rubén Pérez;36;1989-04-26;Écija;España;España;178;73;https://media.api-sports.io/football/players/47415.png
333439;Rubén Quintanilla;23;2002-04-03;Barcelona;España;España;180;70;https://media.api-sports.io/football/players/333439.png
937;Rubén Sobrino;33;1992-06-01;Daimiel;España;España;185;73;https://media.api-sports.io/football/players/937.png
104856;Rubén Sánchez;31;1994-11-25;Sonseca;España;España;186;78;https://media.api-sports.io/football/players/104856.png
199824;Rubén Sánchez;24;2001-02-04;Barcelona;España;España;185;73;https://media.api-sports.io/football/players/199824.png
47248;Rubén Yáñez;32;1993-10-12;Blanes;España;España;190;85;https://media.api-sports.io/football/players/47248.png
46672;Rui Silva;31;1994-02-07;Maia;Portugal;Portugal;191;91;https://media.api-sports.io/football/players/46672.png
185075;Ruly García;25;2000-01-27;León;España;España;188;83;https://media.api-sports.io/football/players/185075.png
381599;Rupérez;22;2003-01-07;Ansoáin;España;España;166;60;https://media.api-sports.io/football/players/381599.png
47007;Ruíz de Galarreta;32;1993-08-06;Donostia;España;España;175;69;https://media.api-sports.io/football/players/47007.png
1582;Róber;24;2001-01-08;Mérida;España;España;173;62;https://media.api-sports.io/football/players/1582.png
47460;Róber Pier;30;1995-02-16;A Coruña;España;España;182;74;https://media.api-sports.io/football/players/47460.png
41173;Rúben Semedo;31;1994-04-04;Amadora;Portugal;Portugal;189;84;https://media.api-sports.io/football/players/41173.png
47457;Rúben Vezo;31;1994-04-25;Setúbal;Portugal;Portugal;182;80;https://media.api-sports.io/football/players/47457.png
105057;Răzvan Dincă Raț;37;1981-05-26;Piatra-Olt;Rumanía;Rumanía;178;72;https://media.api-sports.io/football/players/105057.png
186458;S. Abdulai;26;1999-05-11;Techiman;Ghana;Ghana;187;77;https://media.api-sports.io/football/players/186458.png
642;S. Agüero;33;1988-06-02;Quilmes;Argentina;Argentina;173;70;https://media.api-sports.io/football/players/642.png
8587;S. Amallah;29;1996-11-15;Hautrage;Bélgica;Marruecos;186;82;https://media.api-sports.io/football/players/8587.png
74;S. Amrabat;29;1996-08-21;Huizen;Países Bajos;Marruecos;183;82;https://media.api-sports.io/football/players/74.png
47011;S. Araújo;33;1992-01-28;Neuquén;Argentina;Argentina;180;79;https://media.api-sports.io/football/players/47011.png
30;S. Arias;33;1992-01-13;Medellín;Colombia;Colombia;178;72;https://media.api-sports.io/football/players/30.png
2508;S. Arzamendia;27;1998-05-05;Wanda;Argentina;Paraguay;172;72;https://media.api-sports.io/football/players/2508.png
163;S. Aurier;32;1992-12-24;Ouragahio;Costa de Marfil;Costa de Marfil;176;76;https://media.api-sports.io/football/players/163.png
340;S. Babić;29;1996-04-22;Banja Luka;Bosnia y Herzegovina;Serbia;195;96;https://media.api-sports.io/football/players/340.png
37938;S. Becker;30;1995-02-09;Amsterdam;Países Bajos;Surinam;180;77;https://media.api-sports.io/football/players/37938.png
292219;S. Biuk;23;2002-12-26;Split;Croacia;Croacia;;;https://media.api-sports.io/football/players/292219.png
316516;S. Boselli;22;2003-12-04;Montevideo;Uruguay;Uruguay;183;80;https://media.api-sports.io/football/players/316516.png
2710;S. Boufal;32;1993-09-17;Paris;Francia;Marruecos;175;70;https://media.api-sports.io/football/players/2710.png
135334;S. Bueno;27;1998-11-09;Montevideo;Uruguay;Uruguay;190;76;https://media.api-sports.io/football/players/135334.png
122737;S. Chakla;32;1993-09-02;Kenitra;Marruecos;Marruecos;188;73;https://media.api-sports.io/football/players/122737.png
1696;S. Chukwueze;26;1999-05-22;Umahaia;Nigeria;Nigeria;172;70;https://media.api-sports.io/football/players/1696.png
302051;S. Cissé;24;2001-02-10;Dabola;Guinea;Guinea;177;72;https://media.api-sports.io/football/players/302051.png
30927;S. Colombatto;28;1997-01-17;Ucacha;Argentina;Argentina;180;71;https://media.api-sports.io/football/players/30927.png
560;S. Corchia;35;1990-11-01;Noisy le Sec;Francia;Francia;176;69;https://media.api-sports.io/football/players/560.png
47260;S. Cristóforo;32;1993-08-23;Montevideo;Uruguay;Uruguay;175;68;https://media.api-sports.io/football/players/47260.png
1694;S. Cáseres;28;1997-02-25;Parque Leloir;Argentina;Argentina;177;75;https://media.api-sports.io/football/players/1694.png
38735;S. Dest;25;2000-11-03;Almere;Países Bajos;Estados Unidos;173;62;https://media.api-sports.io/football/players/38735.png
47527;S. Dimitrievski;32;1993-12-25;Kumanovo;Macedonia del Norte;Macedonia del Norte;188;84;https://media.api-sports.io/football/players/47527.png
336587;S. El Jebari;21;2004-02-05;Madrid;España;Marruecos;178;70;https://media.api-sports.io/football/players/336587.png
46758;S. Erimuya;27;1998-01-10;Benin City;Nigeria;Nigeria;190;74;https://media.api-sports.io/football/players/46758.png
447;S. Feghouli;35;1989-12-26;Levallois-Perret;Francia;Argelia;177;75;https://media.api-sports.io/football/players/447.png
104865;S. Gassama;30;1995-05-06;Granollers;España;Senegal;189;88;https://media.api-sports.io/football/players/104865.png
50180;S. Gürler;34;1991-09-14;Haguenau;Francia;Turquía;175;75;https://media.api-sports.io/football/players/50180.png
1826;S. Haller;31;1994-06-22;Ris-Orangis;Francia;Costa de Marfil;190;82;https://media.api-sports.io/football/players/1826.png
340152;S. Idumbo-Muzambo;20;2005-06-29;Melun;Bélgica;Bélgica;170;60;https://media.api-sports.io/football/players/340152.png
2361;S. Ingason;32;1993-08-05;Kópavogur;Islandia;Islandia;188;84;https://media.api-sports.io/football/players/2361.png
19291;S. Janko;30;1995-10-22;Zürich;Suiza;Gambia;181;83;https://media.api-sports.io/football/players/19291.png
121;S. Jovetić;36;1989-11-02;Podgorica;Montenegro;Montenegro;183;79;https://media.api-sports.io/football/players/121.png
14341;S. Jurić;29;1996-08-16;Split;Croacia;Croacia;189;83;https://media.api-sports.io/football/players/14341.png
21714;S. Kaba;30;1995-07-28;Conakry;Guinea;Guinea;191;80;https://media.api-sports.io/football/players/21714.png
286580;S. Keller;24;2001-08-20;;Camerún;Camerún;;;https://media.api-sports.io/football/players/286580.png
2045;S. Kjær;35;1989-03-26;Horsens;Dinamarca;Dinamarca;191;84;https://media.api-sports.io/football/players/2045.png
340726;S. Leković;21;2004-01-09;;Serbia;Serbia;192;83;https://media.api-sports.io/football/players/340726.png
47439;S. Lobotka;31;1994-11-25;Trencin;Eslovaquia;Eslovaquia;168;68;https://media.api-sports.io/football/players/47439.png
31626;S. Longo;33;1992-01-12;Valdobbiadene;Italia;Italia;185;78;https://media.api-sports.io/football/players/31626.png
13298;S. Lucumí;30;1995-04-08;Cali;Colombia;Colombia;178;63;https://media.api-sports.io/football/players/13298.png
2823;S. Lukić;29;1996-08-13;Šabac;Serbia;Serbia;183;76;https://media.api-sports.io/football/players/2823.png
44811;S. McKenna;29;1996-11-12;Kirriemuir;Escocia;Escocia;189;74;https://media.api-sports.io/football/players/44811.png
2819;S. Mitrović;35;1990-05-22;Beograd;Serbia;Serbia;189;84;https://media.api-sports.io/football/players/2819.png
64310;S. Moore;29;1996-11-02;Powder Springs;Estados Unidos;Estados Unidos;180;74;https://media.api-sports.io/football/players/64310.png
311773;S. Mouriño;23;2002-02-13;Montevideo;Uruguay;Uruguay;186;76;https://media.api-sports.io/football/players/311773.png
46716;S. Muntari;35;1984-08-27;Konongo;Ghana;Ghana;179;76;https://media.api-sports.io/football/players/46716.png
1448;S. Mustafi;31;1992-04-17;Bad Hersfeld;Alemania;Alemania;184;82;https://media.api-sports.io/football/players/1448.png
780;S. Nzonzi;37;1988-12-15;Colombes;Francia;Francia;196;75;https://media.api-sports.io/football/players/780.png
18787;S. Okazaki;38;1986-04-16;Takarazuka;Japón;Japón;174;70;https://media.api-sports.io/football/players/18787.png
119740;S. One;30;1995-01-05;Yaoundé;Camerún;Camerún;183;79;https://media.api-sports.io/football/players/119740.png
1450;S. Papastathopoulos;36;1988-06-09;Kalamata;Grecia;Grecia;186;85;https://media.api-sports.io/football/players/1450.png
47497;S. Plaza;26;1999-03-11;Eloy Alfaro;Ecuador;Ecuador;187;80;https://media.api-sports.io/football/players/47497.png
22259;S. Prcić;31;1993-11-20;Belfort;Francia;Bosnia y Herzegovina;181;75;https://media.api-sports.io/football/players/22259.png
129880;S. Ramos;24;2001-11-21;Teniente Berdina;Argentina;Argentina;186;77;https://media.api-sports.io/football/players/129880.png
2461;S. Rondón;36;1989-09-16;Caracas;Venezuela;Venezuela;186;86;https://media.api-sports.io/football/players/2461.png
568156;S. Sanchez;18;;;;;;;https://media.api-sports.io/football/players/568156.png
39;S. Savić;34;1991-01-08;Mojkovac;Montenegro;Montenegro;187;81;https://media.api-sports.io/football/players/39.png
30495;S. Sirigu;38;1987-01-12;Nuoro;Italia;Italia;192;80;https://media.api-sports.io/football/players/30495.png
139;S. Umtiti;32;1993-11-14;Yaoundé;Camerún;Francia;182;75;https://media.api-sports.io/football/players/139.png
37639;S. Van der Heyden;27;1998-05-30;Denderleeuw;Bélgica;Bélgica;185;76;https://media.api-sports.io/football/players/37639.png
334;S. Verdi;33;1992-07-12;Broni;Italia;Italia;171;62;https://media.api-sports.io/football/players/334.png
50228;S. Vergini;34;1988-08-03;Máximo Paz;Argentina;Argentina;191;83;https://media.api-sports.io/football/players/50228.png
70339;S. Weissman;29;1996-02-14;Kiryat Bialik;Israel;Israel;174;72;https://media.api-sports.io/football/players/70339.png
30515;S. Zaza;31;1991-06-25;Policoro;Italia;Italia;186;84;https://media.api-sports.io/football/players/30515.png
40487;S. Šćepović;35;1990-01-10;Beograd;Serbia;Serbia;183;73;https://media.api-sports.io/football/players/40487.png
47423;Sabin Merino;33;1992-01-04;Urduliz;España;España;187;78;https://media.api-sports.io/football/players/47423.png
44340;Salem Al Dawsari;34;1991-08-19;Jeddah;Arabia Saudita;Arabia Saudita;172;71;https://media.api-sports.io/football/players/44340.png
46735;Salva Ruiz;30;1995-05-17;Albal;España;España;182;72;https://media.api-sports.io/football/players/46735.png
46743;Salva Sevilla;40;1984-03-18;Berja;España;España;178;71;https://media.api-sports.io/football/players/46743.png
393198;Salvador Esquivel;20;2005-09-30;Estepona;España;España;190;85;https://media.api-sports.io/football/players/393198.png
46775;Salvi;34;1991-03-30;El Puerto de Santa María;España;España;175;64;https://media.api-sports.io/football/players/46775.png
18825;Samir Nasri;34;1987-06-26;Marseille;Francia;Francia;175;75;https://media.api-sports.io/football/players/18825.png
358628;Samu;21;2004-05-05;Melilla;España;España;193;90;https://media.api-sports.io/football/players/358628.png
439633;Samu Becerra;19;2006-06-01;;España;España;;;https://media.api-sports.io/football/players/439633.png
1641;Samu Castillejo;30;1995-01-18;Málaga;España;España;182;67;https://media.api-sports.io/football/players/1641.png
104624;Samu García;;;;;;;;https://media.api-sports.io/football/players/104624.png
47475;Samu Pérez;28;1997-04-26;Tegueste;España;España;188;87;https://media.api-sports.io/football/players/47475.png
47263;Samu Sáiz;34;1991-01-22;Madrid;España;España;174;68;https://media.api-sports.io/football/players/47263.png
126936;Samuel Lino;26;1999-12-23;Santo André;Brasil;Brasil;170;69;https://media.api-sports.io/football/players/126936.png
190485;Samú Costa;25;2000-11-27;Aveiro;Portugal;Portugal;183;75;https://media.api-sports.io/football/players/190485.png
47324;Sandro Ramírez;30;1995-07-09;Las Palmas de Gran Canaria;España;España;175;71;https://media.api-sports.io/football/players/47324.png
47313;Sangalli;30;1995-02-10;San Sebastián;España;España;167;74;https://media.api-sports.io/football/players/47313.png
1695;Santi Cazorla;41;1984-12-13;Lugo de Llanera;España;España;168;65;https://media.api-sports.io/football/players/1695.png
47541;Santi Comesaña;29;1996-10-05;Vigo;España;España;188;75;https://media.api-sports.io/football/players/47541.png
184743;Santi García;24;2001-08-29;Madrid;España;España;184;77;https://media.api-sports.io/football/players/184743.png
934;Santi Mina;28;1995-12-07;Vigo;España;España;185;79;https://media.api-sports.io/football/players/934.png
48;Saúl;31;1994-11-21;Elche;España;España;184;76;https://media.api-sports.io/football/players/48.png
46856;Saúl Berjón;37;1986-05-24;Oviedo;España;España;178;84;https://media.api-sports.io/football/players/46856.png
122468;Saúl Coco;26;1999-02-09;Lanzarote;España;Guinea Ecuatorial;187;86;https://media.api-sports.io/football/players/122468.png
46789;Saúl García;31;1994-11-09;Vioño;España;España;183;75;https://media.api-sports.io/football/players/46789.png
343001;Sebastian Wade;22;2003-04-09;;España;España;190;78;https://media.api-sports.io/football/players/343001.png
297973;Selu Diallo;22;2003-10-01;Huesca;España;España;187;;https://media.api-sports.io/football/players/297973.png
33928;Serantes;36;1989-10-24;Barakaldo;España;España;184;72;https://media.api-sports.io/football/players/33928.png
286084;Sergi Altimira;24;2001-08-25;Cardedeu;España;España;188;80;https://media.api-sports.io/football/players/286084.png
19352;Sergi Canós;28;1997-02-02;Nules;España;España;177;75;https://media.api-sports.io/football/players/19352.png
70500;Sergi Cardona;26;1999-07-08;Lloret de Mar;España;España;185;77;https://media.api-sports.io/football/players/70500.png
396624;Sergi Domínguez;20;2005-04-01;Barcelona;España;España;188;78;https://media.api-sports.io/football/players/396624.png
47395;Sergi Enrich;35;1990-02-26;Ciutadella;España;España;181;77;https://media.api-sports.io/football/players/47395.png
125026;Sergi García;26;1999-04-14;Barcelona;España;España;195;88;https://media.api-sports.io/football/players/125026.png
47495;Sergi Guardiola;34;1991-05-29;Manacor;España;España;184;78;https://media.api-sports.io/football/players/47495.png
2042;Sergi Gómez;33;1992-03-28;Arenys de Mar;España;España;185;80;https://media.api-sports.io/football/players/2042.png
137;Sergi Roberto;33;1992-02-07;Reus;España;España;178;68;https://media.api-sports.io/football/players/137.png
33249;Sergi Samper;30;1995-01-20;Barcelona;España;España;182;73;https://media.api-sports.io/football/players/33249.png
47530;Sergio Akieme;28;1997-12-16;Madrid;España;España;175;70;https://media.api-sports.io/football/players/47530.png
162033;Sergio Arribas;24;2001-09-30;Madrid;España;España;173;64;https://media.api-sports.io/football/players/162033.png
104816;Sergio Arribas;30;1995-07-07;Leganés;España;España;179;;https://media.api-sports.io/football/players/104816.png
286561;Sergio Arribas;22;2003-02-10;Burgos;España;España;185;78;https://media.api-sports.io/football/players/286561.png
1682;Sergio Asenjo;34;1989-06-28;Palencia;España;España;189;87;https://media.api-sports.io/football/players/1682.png
182857;Sergio Barcia;25;2000-12-31;Vigo;España;España;186;82;https://media.api-sports.io/football/players/182857.png
107205;Sergio Benito;26;1999-03-23;Madrid;España;España;173;73;https://media.api-sports.io/football/players/107205.png
107158;Sergio Bermejo;28;1997-08-17;Carabanchel;España;España;170;68;https://media.api-sports.io/football/players/107158.png
162928;Sergio Bono;25;2000-07-24;Alzira;España;España;188;74;https://media.api-sports.io/football/players/162928.png
144;Sergio Busquets;37;1988-07-16;Sabadell;España;España;189;74;https://media.api-sports.io/football/players/144.png
52;Sergio Camello;24;2001-02-10;Madrid;España;España;177;69;https://media.api-sports.io/football/players/52.png
1570;Sergio Canales;34;1991-02-16;Santander;España;España;176;65;https://media.api-sports.io/football/players/1570.png
157988;Sergio Carreira;25;2000-10-13;Vigo;España;España;170;70;https://media.api-sports.io/football/players/157988.png
181866;Sergio Cubero;26;1999-09-05;;España;España;187;71;https://media.api-sports.io/football/players/181866.png
336681;Sergio Díez;22;2003-07-28;Madrid;España;España;178;75;https://media.api-sports.io/football/players/336681.png
2040;Sergio Escudero;36;1989-09-02;Valladolid;España;España;176;65;https://media.api-sports.io/football/players/2040.png
491091;Sergio Esteban;17;;;;;;;https://media.api-sports.io/football/players/491091.png
47347;Sergio García de la Fuente;39;1983-06-09;Barcelona;España;España;174;72;https://media.api-sports.io/football/players/47347.png
198558;Sergio Gimeno;23;2001-05-25;;España;España;;;https://media.api-sports.io/football/players/198558.png
123047;Sergio González;33;1992-04-20;Madrid;España;España;188;81;https://media.api-sports.io/football/players/123047.png
46760;Sergio González;28;1997-05-14;Cartagena;España;España;184;70;https://media.api-sports.io/football/players/46760.png
23;Sergio Gómez;25;2000-09-04;Badalona;España;España;173;71;https://media.api-sports.io/football/players/23.png
46646;Sergio Herrera;32;1993-06-05;Miranda de Ebro;España;España;192;82;https://media.api-sports.io/football/players/46646.png
1583;Sergio León;35;1989-01-06;La Palma del Río;España;España;178;73;https://media.api-sports.io/football/players/1583.png
182150;Sergio Lozano;26;1999-03-24;Benimuslem;España;España;175;70;https://media.api-sports.io/football/players/182150.png
469405;Sergio Lozano;19;2006-03-30;;España;España;175;70;https://media.api-sports.io/football/players/469405.png
162722;Sergio López;26;1999-04-08;Remscheid;Alemania;España;179;67;https://media.api-sports.io/football/players/162722.png
40678;Sergio Mendigutxia;31;1993-06-12;Avilés;España;España;183;82;https://media.api-sports.io/football/players/40678.png
386872;Sergio Mestre;20;2005-02-13;Boadilla del Monte;España;España;193;80;https://media.api-sports.io/football/players/386872.png
104799;Sergio Mora;42;1979-08-30;Madrid;España;España;182;73;https://media.api-sports.io/football/players/104799.png
47556;Sergio Moreno;26;1999-01-01;Pamplona;España;España;178;;https://media.api-sports.io/football/players/47556.png
738;Sergio Ramos;39;1986-03-30;Camas;España;España;184;82;https://media.api-sports.io/football/players/738.png
19014;Sergio Rico;32;1993-09-01;Sevilla;España;España;195;90;https://media.api-sports.io/football/players/19014.png
403498;Sergio Rodelas;21;2004-12-01;Granada;España;España;168;;https://media.api-sports.io/football/players/403498.png
122756;Sergio Ruiz;31;1994-12-16;El Astillero;España;España;171;70;https://media.api-sports.io/football/players/122756.png
406123;Sergio Ruiz;19;2006-01-08;;España;España;175;68;https://media.api-sports.io/football/players/406123.png
162530;Sergio Santos;24;2001-01-03;Leganés;España;España;180;73;https://media.api-sports.io/football/players/162530.png
46767;Sergio Sánchez;;;;;;;;https://media.api-sports.io/football/players/46767.png
490848;Sergio Viera;20;2005-05-08;;España;España;178;62;https://media.api-sports.io/football/players/490848.png
47425;Sergio Álvarez;35;1986-08-03;Vilagarcía de Arousa;España;España;180;75;https://media.api-sports.io/football/players/47425.png
47385;Sergio Álvarez;33;1992-01-23;Avilés;España;España;183;74;https://media.api-sports.io/football/players/47385.png
47524;Seydou Doumbia;35;1987-12-31;Abidjan;Costa de Marfil;Costa de Marfil;179;74;https://media.api-sports.io/football/players/47524.png
1562;Sidnei;36;1989-08-23;Alegrete;Brasil;Brasil;185;80;https://media.api-sports.io/football/players/1562.png
402281;Silvi;20;2005-01-29;Pinell de Brai;España;España;189;79;https://media.api-sports.io/football/players/402281.png
349397;Simo;20;2005-02-03;Terrassa;España;España;177;;https://media.api-sports.io/football/players/349397.png
33361;Simão Mate;33;1988-06-23;Maputo;Mozambique;Mozambique;180;78;https://media.api-sports.io/football/players/33361.png
929;Sito;29;1996-11-18;Alcoy;España;España;180;70;https://media.api-sports.io/football/players/929.png
47353;Sivera;29;1996-08-11;Jávea;España;España;184;75;https://media.api-sports.io/football/players/47353.png
1375;Soldado;38;1985-05-27;Valencia;España;España;180;74;https://media.api-sports.io/football/players/1375.png
131538;Son;31;1994-03-30;Sevilla;España;España;178;72;https://media.api-sports.io/football/players/131538.png
310187;Stefan Bajčetić;21;2004-10-22;Vigo;España;España;185;77;https://media.api-sports.io/football/players/310187.png
115979;Stipe Pletikosa;37;1979-01-08;Split;Croacia;Croacia;193;83;https://media.api-sports.io/football/players/115979.png
46740;Stoichkov;32;1993-11-05;Los Barrios;España;España;178;71;https://media.api-sports.io/football/players/46740.png
47289;Susaeta;34;1987-12-14;Eibar;España;España;179;63;https://media.api-sports.io/football/players/47289.png
1650;Suso;32;1993-11-19;Cádiz;España;España;177;70;https://media.api-sports.io/football/players/1650.png
266657;Sávio;21;2004-04-10;São Mateus;Brasil;Brasil;179;66;https://media.api-sports.io/football/players/266657.png
104838;Sérgio Paulo Barbosa Valente;37;1980-06-27;Porto;Portugal;Portugal;175;73;https://media.api-sports.io/football/players/104838.png
11471;T. Alarcón;26;1999-01-19;Rancagua;Chile;Chile;174;68;https://media.api-sports.io/football/players/11471.png
283;T. Alexander-Arnold;27;1998-10-07;Liverpool;Inglaterra;Inglaterra;175;67;https://media.api-sports.io/football/players/283.png
304383;T. Allende;26;1999-02-20;Mina Clavero;Argentina;Argentina;183;78;https://media.api-sports.io/football/players/304383.png
6067;T. Almada;24;2001-04-26;Ciudadela;Argentina;Argentina;171;63;https://media.api-sports.io/football/players/6067.png
25375;T. Asano;31;1994-11-10;Komono;Japón;Japón;173;71;https://media.api-sports.io/football/players/25375.png
343684;T. Barry;23;2002-10-21;Lyon;Francia;Francia;195;82;https://media.api-sports.io/football/players/343684.png
49905;T. Bifouma;33;1992-05-13;St. Denis;Francia;Congo;180;74;https://media.api-sports.io/football/players/49905.png
8627;T. Bongonda;30;1995-11-20;Charleroi;Bélgica;República Democrática del Congo;177;73;https://media.api-sports.io/football/players/8627.png
197513;T. Borbas;23;2002-04-07;Montevideo;Uruguay;Uruguay;181;69;https://media.api-sports.io/football/players/197513.png
51016;T. Buchanan;26;1999-02-08;Brampton;Canadá;Canadá;183;68;https://media.api-sports.io/football/players/51016.png
85703;T. Carrique;26;1999-02-26;Tarbes;Francia;Francia;173;72;https://media.api-sports.io/football/players/85703.png
51241;T. Conechny;27;1998-03-30;Comodoro Rivadavia;Argentina;Argentina;170;68;https://media.api-sports.io/football/players/51241.png
280688;T. Corbeanu;23;2002-05-17;Hamilton;Canadá;Canadá;190;83;https://media.api-sports.io/football/players/280688.png
730;T. Courtois;33;1992-05-11;Bree;Bélgica;Bélgica;200;96;https://media.api-sports.io/football/players/730.png
15;T. Delaney;34;1991-09-03;Frederiksberg;Dinamarca;Dinamarca;182;79;https://media.api-sports.io/football/players/15.png
273732;T. Dolan;24;2001-12-28;;Inglaterra;Inglaterra;170;;https://media.api-sports.io/football/players/273732.png
26845;T. Douvikas;26;1999-08-02;Tripoli;Grecia;Grecia;186;76;https://media.api-sports.io/football/players/26845.png
431160;T. Folgado;20;2005-01-27;Anglet;España;España;;;https://media.api-sports.io/football/players/431160.png
185890;T. Giaquinto;25;2000-03-20;Mar del Plata;Argentina;Argentina;;;https://media.api-sports.io/football/players/185890.png
32871;T. Hara;26;1999-05-05;Hino;Japón;Japón;191;84;https://media.api-sports.io/football/players/32871.png
47300;T. Hernández;28;1997-10-06;Marseille;Francia;Francia;184;81;https://media.api-sports.io/football/players/47300.png
2600;T. Inui;37;1988-06-02;Ōmihachiman;Japón;Japón;169;63;https://media.api-sports.io/football/players/2600.png
3084;T. Kadewere;29;1996-01-05;Harare;Zimbabue;Zimbabue;183;72;https://media.api-sports.io/football/players/3084.png
22086;T. Kolodziejczak;34;1991-10-01;Arras;Francia;Francia;185;75;https://media.api-sports.io/football/players/22086.png
752;T. Kroos;34;1990-01-04;Greifswald;Alemania;Alemania;183;76;https://media.api-sports.io/football/players/752.png
32862;T. Kubo;24;2001-06-04;Kawasaki;Japón;Japón;173;64;https://media.api-sports.io/football/players/32862.png
45;T. Lemar;30;1995-11-12;Baie-Mahault;Guadalupe;Francia;171;63;https://media.api-sports.io/football/players/45.png
133110;T. Nianzou;23;2002-06-07;Paris;Francia;Francia;187;83;https://media.api-sports.io/football/players/133110.png
28373;T. Nikitscher;26;1999-11-03;Zalaegerszeg;Hungría;Hungría;193;82;https://media.api-sports.io/football/players/28373.png
307565;T. Ojeda;22;2003-01-12;San Martín;Argentina;Argentina;188;82;https://media.api-sports.io/football/players/307565.png
351587;T. Oluwaseyi;25;2000-05-15;Abuja;Nigeria;Nigeria;191;80;https://media.api-sports.io/football/players/351587.png
49;T. Partey;32;1993-06-13;Odumase Krobo;Ghana;Ghana;185;77;https://media.api-sports.io/football/players/49.png
548867;T. Seidu;17;;;;;;;https://media.api-sports.io/football/players/548867.png
2037;T. Vaclík;36;1989-03-29;Ostrava;Chequia;Chequia;188;84;https://media.api-sports.io/football/players/2037.png
37157;T. Vilhena;30;1995-01-03;Maassluis;Países Bajos;Países Bajos;175;70;https://media.api-sports.io/football/players/37157.png
162547;T. Zidane;23;2002-05-18;Marseille;Francia;Francia;196;74;https://media.api-sports.io/football/players/162547.png
38;Tachi;28;1997-09-10;Fuenlabrada;España;España;184;71;https://media.api-sports.io/football/players/38.png
12493;Tana;35;1990-09-20;Las Palmas de Gran Canaria;España;España;169;73;https://media.api-sports.io/football/players/12493.png
104854;Tano Bonnín;34;1990-06-30;Palma de Mallorca;España;República Dominicana;186;76;https://media.api-sports.io/football/players/104854.png
47182;Tete Morente;29;1996-12-04;La Línea de la Concepción;España;España;180;76;https://media.api-sports.io/football/players/47182.png
80166;Thiago Galhardo;36;1989-07-20;São João del Rei;Brasil;Brasil;183;78;https://media.api-sports.io/football/players/80166.png
509470;Thiago Pitarch;18;2007-08-03;Fuenlabrada;España;España;;;https://media.api-sports.io/football/players/509470.png
1482;Thierry Correia;26;1999-03-09;Amadora;Portugal;Portugal;176;69;https://media.api-sports.io/football/players/1482.png
140;Thomas Vermaelen;37;1985-11-14;Kapellen;Bélgica;Bélgica;183;80;https://media.api-sports.io/football/players/140.png
104839;Tiago Cardoso Mendes;36;1981-05-02;Viana do Castelo;Portugal;Portugal;183;75;https://media.api-sports.io/football/players/104839.png
274298;Tiago Ribeiro;23;2002-03-14;Vila Nova de Gaia;Portugal;Portugal;183;75;https://media.api-sports.io/football/players/274298.png
47537;Tito;39;1985-07-11;Madrid;España;España;175;64;https://media.api-sports.io/football/players/47537.png
491086;Tomás Marqués;19;2006-10-30;Barcelona;España;España;;;https://media.api-sports.io/football/players/491086.png
311740;Tomás Mendes;21;2004-11-21;Almería;España;España;179;;https://media.api-sports.io/football/players/311740.png
47365;Tomás Pina;37;1987-10-14;Villarta de San Juan;España;España;184;78;https://media.api-sports.io/football/players/47365.png
41576;Tomás Tavares;24;2001-03-07;Peniche;Portugal;Portugal;184;69;https://media.api-sports.io/football/players/41576.png
445973;Toni Fernández;17;2008-07-15;Rubí;España;España;174;73;https://media.api-sports.io/football/players/445973.png
162533;Toni Fuidias;24;2001-04-15;Berga;España;España;195;87;https://media.api-sports.io/football/players/162533.png
920;Toni Lato;28;1997-11-21;Valencia;España;España;171;64;https://media.api-sports.io/football/players/920.png
47181;Toni Martínez;28;1997-06-30;Murcia;España;España;187;83;https://media.api-sports.io/football/players/47181.png
47;Toni Moya;27;1998-03-20;Mérida;España;España;180;78;https://media.api-sports.io/football/players/47.png
47492;Toni Villa;30;1995-01-07;Lorquí;España;España;172;63;https://media.api-sports.io/football/players/47492.png
47453;Toño;33;1989-11-07;Valencia;España;España;179;69;https://media.api-sports.io/football/players/47453.png
1023;Toño;39;1986-11-23;Logroño;España;España;191;86;https://media.api-sports.io/football/players/1023.png
41112;Trincão;26;1999-12-29;Viana do Castelo;Portugal;Portugal;184;76;https://media.api-sports.io/football/players/41112.png
104925;Tropi;30;1995-05-12;Valencia;España;España;173;69;https://media.api-sports.io/football/players/104925.png
47092;Tyronne;34;1991-01-27;Las Palmas de Gran Canaria;España;España;180;76;https://media.api-sports.io/football/players/47092.png
30406;Tòfol Montiel;25;2000-04-11;Palma de Mallorca;España;España;178;64;https://media.api-sports.io/football/players/30406.png
47539;U. Agbo;30;1995-12-04;Kano City;Nigeria;Nigeria;185;76;https://media.api-sports.io/football/players/47539.png
334878;U. Raghouber;22;2003-07-13;;Francia;Francia;180;62;https://media.api-sports.io/football/players/334878.png
47087;U. Račić;27;1998-03-17;Kraljevo;Serbia;Serbia;193;81;https://media.api-sports.io/football/players/47087.png
31406;U. Sadiq;28;1997-02-02;Kaduna;Nigeria;Nigeria;192;85;https://media.api-sports.io/football/players/31406.png
183891;Unai Arieta;26;1999-06-16;;España;España;;;https://media.api-sports.io/football/players/183891.png
47403;Unai Bustinza;32;1992-02-02;Bilbao;España;España;175;74;https://media.api-sports.io/football/players/47403.png
183777;Unai Dufur;26;1999-02-21;Pamplona;España;España;187;75;https://media.api-sports.io/football/players/183777.png
332305;Unai Eguíluz;23;2002-03-19;Durango;España;España;186;78;https://media.api-sports.io/football/players/332305.png
46941;Unai Elgezabal;32;1993-04-25;Urduliz;España;España;185;74;https://media.api-sports.io/football/players/46941.png
107138;Unai Etxebarría;25;1996-08-30;Getxo;España;España;188;78;https://media.api-sports.io/football/players/107138.png
46652;Unai García;33;1992-02-03;Esquiroz;España;España;186;81;https://media.api-sports.io/football/players/46652.png
332308;Unai Gómez;22;2003-05-25;Bermeo;España;España;183;75;https://media.api-sports.io/football/players/332308.png
348539;Unai Hernández;21;2004-12-14;Badalona;España;España;171;65;https://media.api-sports.io/football/players/348539.png
47285;Unai López;30;1995-10-30;Errenteria;España;España;170;68;https://media.api-sports.io/football/players/47285.png
189832;Unai Marrero;24;2001-10-09;San Sebastián;España;España;189;82;https://media.api-sports.io/football/players/189832.png
47277;Unai Núñez;28;1997-01-30;Portugalete;España;España;186;80;https://media.api-sports.io/football/players/47277.png
197800;Unai Ropero;24;2001-11-20;Vitoria-Gasteiz;España;España;187;72;https://media.api-sports.io/football/players/197800.png
47270;Unai Simón;28;1997-06-11;Vitoria-Gasteiz;España;España;190;88;https://media.api-sports.io/football/players/47270.png
182639;Unai Vencedor;25;2000-11-15;Bilbao;España;España;176;71;https://media.api-sports.io/football/players/182639.png
183699;Urko González;24;2001-03-20;Vitoria-Gasteiz;España;España;189;83;https://media.api-sports.io/football/players/183699.png
183776;Urko Izeta;26;1999-09-29;Aia;España;España;175;70;https://media.api-sports.io/football/players/183776.png
3238;V. Angban;29;1996-09-29;Abidjan;Costa de Marfil;Costa de Marfil;180;75;https://media.api-sports.io/football/players/3238.png
319572;V. Barco;21;2004-07-23;25 de Mayo;Argentina;Argentina;170;66;https://media.api-sports.io/football/players/319572.png
50856;V. Castellanos;27;1998-10-03;Mendoza;Argentina;Argentina;178;70;https://media.api-sports.io/football/players/50856.png
355004;V. Gómez;22;2003-06-26;San Miguel;Argentina;Argentina;180;76;https://media.api-sports.io/football/players/355004.png
53625;V. Haroyan;33;1992-08-24;Yerevan;Armenia;Armenia;185;75;https://media.api-sports.io/football/players/53625.png
432476;V. Krapyvtsov;20;2005-06-25;Kharkiv;Ucrania;Ucrania;188;70;https://media.api-sports.io/football/players/432476.png
47404;V. Kravets;28;1997-08-20;Horodok;Ucrania;Ucrania;183;79;https://media.api-sports.io/football/players/47404.png
50048;V. Muriqi;31;1994-04-24;Prizren;Kosovo;Kosovo;194;92;https://media.api-sports.io/football/players/50048.png
21701;V. Rosier;29;1996-08-19;Montauban;Francia;Francia;175;71;https://media.api-sports.io/football/players/21701.png
2182;V. Tsygankov;28;1997-11-15;Nahariya;Israel;Ucrania;178;73;https://media.api-sports.io/football/players/2182.png
161670;V. Vanat;23;2002-01-04;Kamianets-Podilski;Ucrania;Ucrania;182;69;https://media.api-sports.io/football/players/161670.png
490779;Valde;19;2006-10-20;Madrid;España;España;188;75;https://media.api-sports.io/football/players/490779.png
163453;Valentino Fattore;24;2001-08-10;Buenos Aires;Argentina;España;178;;https://media.api-sports.io/football/players/163453.png
481993;Valentín Pezzolesi;18;2007-04-16;Tenerife;España;España;180;78;https://media.api-sports.io/football/players/481993.png
47514;Valery;26;1999-11-23;L'Escala;España;España;182;75;https://media.api-sports.io/football/players/47514.png
741;Vallejo;28;1997-01-05;Zaragoza;España;España;184;79;https://media.api-sports.io/football/players/741.png
333376;Verde;23;2002-08-03;Casariche;España;España;;;https://media.api-sports.io/football/players/333376.png
290495;Vere;24;2000-09-14;;España;España;;;https://media.api-sports.io/football/players/290495.png
401983;Vicent Abril;20;2005-02-15;;España;España;187;78;https://media.api-sports.io/football/players/401983.png
278281;Vicent Bellmunt;25;2000-01-28;;España;España;;;https://media.api-sports.io/football/players/278281.png
162992;Vicente Esquerdo;26;1999-01-02;Calpe;España;España;180;77;https://media.api-sports.io/football/players/162992.png
337963;Victor Aznar;23;2002-10-17;São Paulo;Brasil;Brasil;189;72;https://media.api-sports.io/football/players/337963.png
156480;Victor Gómez;;;;;;;;https://media.api-sports.io/football/players/156480.png
353865;Victor Wehbi Aznar;20;2002-10-17;São Paulo;Brasil;España;189;;https://media.api-sports.io/football/players/353865.png
46781;Vincenzo Renato Rennella;32;1988-10-08;Saint-Paul;Francia;Italia;188;78;https://media.api-sports.io/football/players/46781.png
10169;Vinicius Souza;26;1999-06-17;Rio de Janeiro;Brasil;Brasil;187;80;https://media.api-sports.io/football/players/10169.png
762;Vinícius Júnior;25;2000-07-12;São Gonçalo;Brasil;Brasil;176;73;https://media.api-sports.io/football/players/762.png
279792;Vinícius Tobias;21;2004-02-23;São Paulo;Brasil;Brasil;177;67;https://media.api-sports.io/football/players/279792.png
188413;Visus;24;2001-04-24;Madrid;España;España;192;;https://media.api-sports.io/football/players/188413.png
46854;Viti Rozada;28;1997-09-16;Pola de Laviana;España;España;180;75;https://media.api-sports.io/football/players/46854.png
46;Vitolo;34;1989-11-02;Las Palmas de Gran Canaria;España;España;185;80;https://media.api-sports.io/football/players/46.png
414359;Vitor Nunes;19;2006-01-12;São José dos Campos;Brasil;Brasil;186;67;https://media.api-sports.io/football/players/414359.png
340279;Vitor Roque;20;2005-02-28;;Brasil;Brasil;174;78;https://media.api-sports.io/football/players/340279.png
47344;Víctor Campuzano;28;1997-05-31;Barcelona;España;España;174;72;https://media.api-sports.io/football/players/47344.png
46955;Víctor Casadesús;38;1985-02-28;S'Arenal;España;España;180;79;https://media.api-sports.io/football/players/46955.png
162058;Víctor Chust;25;2000-03-05;Valencia;España;España;182;77;https://media.api-sports.io/football/players/162058.png
46677;Víctor Díaz;36;1988-06-12;Sevilla;España;España;184;71;https://media.api-sports.io/football/players/46677.png
46790;Víctor García;28;1997-09-16;Valencia;España;España;180;79;https://media.api-sports.io/football/players/46790.png
53490;Víctor Guillermo Álvarez Delgado;32;1993-03-14;Barcelona;España;España;180;74;https://media.api-sports.io/football/players/53490.png
153290;Víctor Gómez;25;2000-04-01;Olesa de Montserrat;España;España;166;69;https://media.api-sports.io/football/players/153290.png
104812;Víctor López;28;1997-05-12;Logroño;España;España;178;71;https://media.api-sports.io/football/players/104812.png
181463;Víctor Meseguer;26;1999-06-09;Murcia;España;España;184;78;https://media.api-sports.io/football/players/181463.png
58;Víctor Mollejo;24;2001-01-21;Alcázar de San Juan;España;España;177;63;https://media.api-sports.io/football/players/58.png
338751;Víctor Muñoz;22;2003-07-13;Barcelona;España;España;173;70;https://media.api-sports.io/football/players/338751.png
128951;Víctor Parada;23;2002-04-04;Madrid;España;España;185;76;https://media.api-sports.io/football/players/128951.png
486068;Víctor Puig;20;2005-08-15;Barcelona;España;España;185;72;https://media.api-sports.io/football/players/486068.png
51112;Víctor Rodríguez;35;1989-07-23;Barcelona;España;España;170;70;https://media.api-sports.io/football/players/51112.png
336955;Víctor Rofino;23;2002-07-28;Madrid;España;España;185;;https://media.api-sports.io/football/players/336955.png
1693;Víctor Ruiz;35;1989-01-25;Esplugues de Llobregat;España;España;184;95;https://media.api-sports.io/football/players/1693.png
47342;Víctor Sánchez Mata;35;1987-09-08;Terrassa;España;España;174;72;https://media.api-sports.io/football/players/47342.png
2059;W. Ben Yedder;35;1990-08-12;Sarcelles;Francia;Francia;170;68;https://media.api-sports.io/football/players/2059.png
128478;W. Cheddira;27;1998-01-22;Loreto;Italia;Marruecos;187;80;https://media.api-sports.io/football/players/128478.png
47430;W. Hoedt;31;1994-03-06;Alkmaar;Países Bajos;Países Bajos;188;77;https://media.api-sports.io/football/players/47430.png
1576;W. Kaptoum;29;1996-07-07;Douala;Camerún;Camerún;174;72;https://media.api-sports.io/football/players/1576.png
270498;W. Madrigal;21;2004-07-24;San José;Costa Rica;Costa Rica;185;74;https://media.api-sports.io/football/players/270498.png
10496;W. Montoya;32;1993-07-21;Machagai;Argentina;Argentina;171;74;https://media.api-sports.io/football/players/10496.png
269163;W. Swedberg;21;2004-02-01;Stockholm;Suecia;Suecia;187;78;https://media.api-sports.io/football/players/269163.png
851;W. Szczęsny;35;1990-04-18;Warszawa;Polonia;Polonia;195;96;https://media.api-sports.io/football/players/851.png
51014;W. Zahibo;32;1993-08-21;Marseille;Francia;República Centroafricana;189;77;https://media.api-sports.io/football/players/51014.png
47498;Waldo Rubio;30;1995-08-17;Badajoz;España;España;183;74;https://media.api-sports.io/football/players/47498.png
2083;Wanderson;31;1994-10-07;São Luís;Brasil;Brasil;176;74;https://media.api-sports.io/football/players/2083.png
104863;Weligton;42;1979-08-26;Fernandópolis;Brasil;Brasil;186;74;https://media.api-sports.io/football/players/104863.png
1580;William Carvalho;33;1992-04-07;Luanda;Angola;Portugal;187;83;https://media.api-sports.io/football/players/1580.png
47319;Willian José;34;1991-11-23;Porto Calvo;Brasil;Brasil;189;93;https://media.api-sports.io/football/players/47319.png
288112;Willy Kambwala Ndengushi;21;2004-08-25;Kinshasa;República Democrática del Congo;Francia;192;85;https://media.api-sports.io/football/players/288112.png
383;Wilson Manafá;31;1994-07-23;Oliveira do Bairro;Portugal;Portugal;177;69;https://media.api-sports.io/football/players/383.png
80891;Wu Hang;33;1993-02-01;;RP China;RP China;175;65;https://media.api-sports.io/football/players/80891.png
47350;Wu Lei;34;1991-11-19;Nanjing;RP China;RP China;174;66;https://media.api-sports.io/football/players/47350.png
568001;X. Espart;18;;;;;;;https://media.api-sports.io/football/players/568001.png
626494;X. Olaiz;;;;;;;;https://media.api-sports.io/football/players/626494.png
197799;Xabi Huarte;24;2001-02-25;Pamplona;España;España;172;64;https://media.api-sports.io/football/players/197799.png
105084;Xabi Irureta;38;1986-03-21;Berriatua;España;España;180;74;https://media.api-sports.io/football/players/105084.png
47565;Xabier Etxeita;37;1987-10-31;Amorebieta;España;España;186;78;https://media.api-sports.io/football/players/47565.png
104794;Xabier Prieto Argarate;35;1983-08-29;San Sebastián;España;España;187;76;https://media.api-sports.io/football/players/104794.png
351127;Xavi Pleguezuelo;22;2003-01-14;Barcelona;España;España;178;75;https://media.api-sports.io/football/players/351127.png
1692;Xavi Quintillà;29;1996-08-23;Lleida;España;España;183;70;https://media.api-sports.io/football/players/1692.png
162531;Xavi Sintes;24;2001-08-05;Menorca;España;España;189;77;https://media.api-sports.io/football/players/162531.png
46981;Xavi Torres;37;1986-11-21;Alicante;España;España;182;76;https://media.api-sports.io/football/players/46981.png
387519;Xavier Moreno Hernández;21;2004-11-05;;España;España;;;https://media.api-sports.io/football/players/387519.png
107217;Xeber Alkain;28;1997-06-26;Hondarribia;España;España;174;69;https://media.api-sports.io/football/players/107217.png
122128;Xesc Regis;29;1996-09-30;Palma de Mallorca;España;España;180;;https://media.api-sports.io/football/players/122128.png
47360;Ximo Navarro;35;1990-01-23;Guadahortuna;España;España;176;75;https://media.api-sports.io/football/players/47360.png
105049;Xumetra;39;1985-10-24;L´Estartit;España;España;172;73;https://media.api-sports.io/football/players/105049.png
281795;Y. Asprilla;22;2003-11-19;Bajo Baudó;Colombia;Colombia;185;75;https://media.api-sports.io/football/players/281795.png
47199;Y. Bodiger;30;1995-02-09;Sète;Francia;Francia;188;78;https://media.api-sports.io/football/players/47199.png
2701;Y. Bounou;34;1991-04-05;Montréal;Canadá;Marruecos;195;78;https://media.api-sports.io/football/players/2701.png
2923;Y. Carrasco;32;1993-09-04;Elsene;Bélgica;Bélgica;180;67;https://media.api-sports.io/football/players/2923.png
131294;Y. Demir;22;2003-06-02;Wien;Austria;Austria;171;72;https://media.api-sports.io/football/players/131294.png
77623;Y. Diarra;27;1998-03-24;Bamako;Mali;Mali;178;81;https://media.api-sports.io/football/players/77623.png
513776;Y. Diomande;19;2006-11-14;Abidjan;Costa de Marfil;Costa de Marfil;;;https://media.api-sports.io/football/players/513776.png
42086;Y. El-Arabi;38;1987-02-03;Caen;Francia;Marruecos;183;70;https://media.api-sports.io/football/players/42086.png
47422;Y. En-Nesyri;28;1997-06-01;Fès;Marruecos;Marruecos;188;73;https://media.api-sports.io/football/players/47422.png
46920;Y. Eteki;28;1997-08-26;Yaundé;Camerún;Camerún;180;70;https://media.api-sports.io/football/players/46920.png
669;Y. Fékir;28;1997-05-05;Lyon;Francia;Francia;170;65;https://media.api-sports.io/football/players/669.png
2449;Y. Herrera;27;1998-01-07;La Guaira;Venezuela;Venezuela;184;78;https://media.api-sports.io/football/players/2449.png
413;Y. Konoplyanka;35;1989-09-29;Kirovohrad;Ucrania;Ucrania;178;70;https://media.api-sports.io/football/players/413.png
3334;Y. Koné;30;1995-07-05;Bamako;Mali;Mali;174;71;https://media.api-sports.io/football/players/3334.png
2484;Y. Mina;31;1994-09-23;Guachené;Colombia;Colombia;195;94;https://media.api-sports.io/football/players/2484.png
195717;Y. Mosquera;24;2001-05-02;Apartadó;Colombia;Colombia;187;76;https://media.api-sports.io/football/players/195717.png
162106;Y. Musah;23;2002-11-29;New York;Estados Unidos;Estados Unidos;178;71;https://media.api-sports.io/football/players/162106.png
18905;Y. Muto;33;1992-07-15;Tokyo;Japón;Japón;179;72;https://media.api-sports.io/football/players/18905.png
41976;Y. Neyou;28;1997-01-03;Douala;Camerún;Camerún;180;63;https://media.api-sports.io/football/players/41976.png
46985;Y. Qasmi;34;1991-01-03;Pontoise;Francia;Marruecos;184;79;https://media.api-sports.io/football/players/46985.png
1264;Y. Sabaly;32;1993-03-05;Chesnay;Francia;Senegal;175;67;https://media.api-sports.io/football/players/1264.png
22104;Y. Salibur;31;1991-01-24;Saint-Denis;Francia;Francia;177;76;https://media.api-sports.io/football/players/22104.png
284415;Yago Alonso;22;2003-04-15;Vigo;España;España;180;73;https://media.api-sports.io/football/players/284415.png
197448;Yan Couto;23;2002-06-03;Curitiba;Brasil;Brasil;168;60;https://media.api-sports.io/football/players/197448.png
361385;Yarek Gasiorowski;20;2005-01-12;;España;España;190;75;https://media.api-sports.io/football/players/361385.png
439616;Yassin Tallal;20;2005-03-03;;Marruecos;Marruecos;;;https://media.api-sports.io/football/players/439616.png
47271;Yeray;30;1995-01-24;Barakaldo;España;España;182;78;https://media.api-sports.io/football/players/47271.png
184226;Yeremy Pino;23;2002-10-20;Las Palmas de Gran Canaria;España;España;172;65;https://media.api-sports.io/football/players/184226.png
329722;Yoel Lago;21;2004-03-25;Mondariz;España;España;185;70;https://media.api-sports.io/football/players/329722.png
289788;Yoel Ramírez;23;2002-02-05;Mallén;España;España;184;73;https://media.api-sports.io/football/players/289788.png
47476;Yoel Rodríguez;37;1988-08-28;Vigo;España;España;186;78;https://media.api-sports.io/football/players/47476.png
47273;Yuri;35;1990-02-10;Zarautz;España;España;181;79;https://media.api-sports.io/football/players/47273.png
361384;Yusi;20;2005-10-07;Madrid;España;Marruecos;175;68;https://media.api-sports.io/football/players/361384.png
440735;Yuzún Ley;21;2004-01-18;;España;España;180;75;https://media.api-sports.io/football/players/440735.png
1421;Z. Bakkali;29;1996-01-26;Liège;Bélgica;Bélgica;168;71;https://media.api-sports.io/football/players/1421.png
1563;Z. Feddal;34;1989-12-23;Tetuan;Marruecos;Marruecos;192;84;https://media.api-sports.io/football/players/1563.png
48385;Z. Kuzmanović;34;1987-09-22;Thun;Suiza;Serbia;186;80;https://media.api-sports.io/football/players/48385.png
180927;Z. Romero;26;1999-12-15;Mendoza;Argentina;Argentina;193;85;https://media.api-sports.io/football/players/180927.png
439617;Z. Tassounte;21;2004-11-20;Madrid;Marruecos;Marruecos;176;69;https://media.api-sports.io/football/players/439617.png
144734;Zoubdi;24;2001-02-01;Santomera;España;Marruecos;183;63;https://media.api-sports.io/football/players/144734.png
47314;Zubeldia;28;1997-03-30;Azkoitia;España;España;181;73;https://media.api-sports.io/football/players/47314.png
47316;Zurutuza;34;1986-07-19;Rochefort;Francia;España;186;79;https://media.api-sports.io/football/players/47316.png
53;Á. Correa;30;1995-03-09;Rosario;Argentina;Argentina;173;68;https://media.api-sports.io/football/players/53.png
343202;Á. Rodríguez;21;2004-07-14;Palamós;España;Uruguay;192;81;https://media.api-sports.io/football/players/343202.png
391311;Á. Yaakobishvili;19;2006-03-06;Budapest;Hungría;Hungría;185;78;https://media.api-sports.io/football/players/391311.png
46898;Álex Alegría;33;1992-10-10;Plasencia;España;España;190;82;https://media.api-sports.io/football/players/46898.png
182219;Álex Baena;24;2001-07-20;Roquetas de Mar;España;España;175;70;https://media.api-sports.io/football/players/182219.png
182637;Álex Balboa;24;2001-03-06;Vitoria-Gasteiz;España;Guinea Ecuatorial;181;73;https://media.api-sports.io/football/players/182637.png
59927;Álex Barrera;34;1991-05-12;Oviedo;España;España;190;78;https://media.api-sports.io/football/players/59927.png
30510;Álex Berenguer;30;1995-07-04;Pamplona;España;España;175;73;https://media.api-sports.io/football/players/30510.png
46796;Álex Bergantiños;38;1985-06-07;A Coruña;España;España;177;71;https://media.api-sports.io/football/players/46796.png
47367;Álex Blanco;27;1998-12-16;Benidorm;España;España;175;70;https://media.api-sports.io/football/players/47367.png
182669;Álex Blesa;23;2002-01-15;Valencia;España;España;180;;https://media.api-sports.io/football/players/182669.png
286564;Álex Cardero;22;2003-08-25;Oviedo;España;España;175;68;https://media.api-sports.io/football/players/286564.png
914;Álex Centelles;26;1999-08-30;Odivelas;España;España;185;73;https://media.api-sports.io/football/players/914.png
146;Álex Collado;26;1999-04-22;Sabadell;España;España;178;67;https://media.api-sports.io/football/players/146.png
46769;Álex Fernández;33;1992-10-15;Madrid;España;España;182;72;https://media.api-sports.io/football/players/46769.png
184194;Álex Forés;24;2001-04-12;Real;España;España;179;67;https://media.api-sports.io/football/players/184194.png
47580;Álex Gallar;33;1992-03-19;Sabadell;España;España;176;71;https://media.api-sports.io/football/players/47580.png
385389;Álex Gil;22;2003-02-05;Madrid;España;España;184;72;https://media.api-sports.io/football/players/385389.png
208198;Álex González;23;2002-08-08;Santa Cruz de Tenerife;España;España;;;https://media.api-sports.io/football/players/208198.png
47517;Álex Granell;37;1988-08-02;Girona;España;España;175;70;https://media.api-sports.io/football/players/47517.png
47338;Álex López;28;1997-06-02;Terrassa;España;España;176;68;https://media.api-sports.io/football/players/47338.png
119220;Álex Martín;27;1998-01-25;Las Palmas de Gran Canaria;España;España;182;79;https://media.api-sports.io/football/players/119220.png
46681;Álex Martínez;35;1990-08-12;Sevilla;España;España;176;67;https://media.api-sports.io/football/players/46681.png
47191;Álex Menéndez;34;1991-07-15;Gijón;España;España;181;67;https://media.api-sports.io/football/players/47191.png
182668;Álex Millán;26;1999-11-07;Zaragoza;España;España;182;69;https://media.api-sports.io/football/players/182668.png
47547;Álex Moreno;32;1993-06-08;Sant Sadurní d'Anoia;España;España;179;68;https://media.api-sports.io/football/players/47547.png
46831;Álex Mula;29;1996-07-23;Barcelona;España;España;177;69;https://media.api-sports.io/football/players/46831.png
47052;Álex Muñoz;31;1994-07-30;Sant Joan d'Alacant;España;España;187;80;https://media.api-sports.io/football/players/47052.png
312468;Álex Padilla;22;2003-09-01;Zarautz;España;España;190;83;https://media.api-sports.io/football/players/312468.png
46688;Álex Pozo;26;1999-02-22;Huévar del Aljarafe;España;España;174;70;https://media.api-sports.io/football/players/46688.png
47269;Álex Remiro;30;1995-03-24;Cascante;España;España;192;79;https://media.api-sports.io/football/players/47269.png
185602;Álex Revuelta;25;2000-04-16;Jerez de la Frontera;España;España;;;https://media.api-sports.io/football/players/185602.png
135151;Álex Robles;24;1999-01-28;Pizarra;España;España;170;68;https://media.api-sports.io/football/players/135151.png
287175;Álex Rodríguez;23;2002-03-21;Fuenlabrada;España;España;178;;https://media.api-sports.io/football/players/287175.png
181218;Álex Sala;24;2001-04-09;Barcelona;España;España;185;77;https://media.api-sports.io/football/players/181218.png
47306;Álex Sola;26;1999-06-09;San Sebastián;España;España;178;75;https://media.api-sports.io/football/players/47306.png
131535;Álex Suárez;32;1993-03-18;Las Palmas de Gran Canaria;España;España;178;72;https://media.api-sports.io/football/players/131535.png
635179;Álex Sánchez;19;;;;;;;https://media.api-sports.io/football/players/635179.png
336560;Álex Valle;21;2004-04-25;Badalona;España;España;178;72;https://media.api-sports.io/football/players/336560.png
327495;Álvaro Abajas;22;2003-05-12;Madrid;España;España;186;75;https://media.api-sports.io/football/players/327495.png
309917;Álvaro Aceves;22;2003-07-26;Chañe;España;España;190;85;https://media.api-sports.io/football/players/309917.png
47195;Álvaro Aguado;29;1996-05-01;Jaén;España;España;174;66;https://media.api-sports.io/football/players/47195.png
184605;Álvaro Aguirre;24;2000-02-03;;España;España;;;https://media.api-sports.io/football/players/184605.png
90521;Álvaro Arbeloa Coca;34;1983-01-17;Salamanca;España;España;183;79;https://media.api-sports.io/football/players/90521.png
310683;Álvaro Bastida;21;2004-05-12;Chiclana de la Frontera;España;España;170;66;https://media.api-sports.io/football/players/310683.png
182495;Álvaro Bravo;27;1998-02-04;Pinto;España;España;184;70;https://media.api-sports.io/football/players/182495.png
77168;Álvaro Cejudo Carmona;37;1984-01-29;Córdoba;España;España;179;74;https://media.api-sports.io/football/players/77168.png
433395;Álvaro Cortés Moyano;20;2005-03-17;Zaragoza;España;España;189;82;https://media.api-sports.io/football/players/433395.png
51570;Álvaro Daniel Pereira Barragán;37;1985-11-28;Montevideo;Uruguay;Uruguay;180;78;https://media.api-sports.io/football/players/51570.png
190489;Álvaro Djaló;26;1999-08-16;;España;España;175;73;https://media.api-sports.io/football/players/190489.png
47016;Álvaro Fernández;27;1998-04-13;Arnedo;España;España;185;75;https://media.api-sports.io/football/players/47016.png
182528;Álvaro Fernández;25;2000-04-10;Madrid;España;España;185;;https://media.api-sports.io/football/players/182528.png
284300;Álvaro Fernández;22;2003-03-23;Ferrol;España;España;186;78;https://media.api-sports.io/football/players/284300.png
182492;Álvaro García;25;2000-06-01;Albacete;España;España;184;77;https://media.api-sports.io/football/players/182492.png
486472;Álvaro García;23;2002-01-01;Benalmádena;España;España;191;91;https://media.api-sports.io/football/players/486472.png
442058;Álvaro García;20;2005-09-15;;España;España;;;https://media.api-sports.io/football/players/442058.png
47543;Álvaro García;33;1992-10-27;Utrera;España;España;167;61;https://media.api-sports.io/football/players/47543.png
46931;Álvaro Giménez;34;1991-05-19;Elche;España;España;183;83;https://media.api-sports.io/football/players/46931.png
1689;Álvaro González;35;1990-01-08;Potes;España;España;178;72;https://media.api-sports.io/football/players/1689.png
46890;Álvaro Jiménez;30;1995-05-19;Córdoba;España;España;175;71;https://media.api-sports.io/football/players/46890.png
46996;Álvaro Lemos;32;1993-03-30;Santiago de Compostela;España;España;175;77;https://media.api-sports.io/football/players/46996.png
47546;Álvaro Medrán;31;1994-03-15;Dos Torres;España;España;170;69;https://media.api-sports.io/football/players/47546.png
59;Álvaro Morata;33;1992-10-23;Madrid;España;España;190;84;https://media.api-sports.io/football/players/59.png
50502;Álvaro Negredo;39;1985-08-20;Madrid;España;España;186;71;https://media.api-sports.io/football/players/50502.png
182661;Álvaro Núñez;25;2000-07-07;Bilbao;España;España;174;60;https://media.api-sports.io/football/players/182661.png
162167;Álvaro Sanz;24;2001-02-14;Caspe;España;España;171;68;https://media.api-sports.io/football/players/162167.png
46709;Álvaro Tejero;29;1996-07-20;Madrid;España;España;174;69;https://media.api-sports.io/football/players/46709.png
46692;Álvaro Vadillo;30;1994-09-12;Puerto Real;España;España;180;69;https://media.api-sports.io/football/players/46692.png
46990;Álvaro Vallés;28;1997-07-25;La Rinconada;España;España;190;78;https://media.api-sports.io/football/players/46990.png
47066;Álvaro Vázquez;34;1991-04-27;Badalona;España;España;182;75;https://media.api-sports.io/football/players/47066.png
294797;Ángel Alarcón;21;2004-05-15;Castelldefels;España;España;175;;https://media.api-sports.io/football/players/294797.png
47540;Ángel Algobia;26;1999-06-23;Velilla de San Antonio;España;España;180;78;https://media.api-sports.io/football/players/47540.png
116836;Ángel Domingo López Ruano;35;1981-03-10;Las Palmas de Gran Canaria;España;España;180;71;https://media.api-sports.io/football/players/116836.png
182735;Ángel Fortuño;24;2001-10-05;Barcelona;España;España;183;77;https://media.api-sports.io/football/players/182735.png
290685;Ángel Jiménez;23;2002-06-22;Maracena;España;España;193;78;https://media.api-sports.io/football/players/290685.png
116818;Ángel Lafita Castillo;32;1984-08-07;Zaragoza;España;España;188;73;https://media.api-sports.io/football/players/116818.png
46687;Ángel Montoro;36;1988-06-25;Valencia;España;España;181;72;https://media.api-sports.io/football/players/46687.png
334574;Ángel Ortiz;21;2004-07-25;;España;España;167;60;https://media.api-sports.io/football/players/334574.png
47266;Ángel Rodríguez;38;1987-04-26;Santa Cruz de Tenerife;España;España;172;64;https://media.api-sports.io/football/players/47266.png
46915;Ángel Trujillo;34;1987-09-08;Madrid;España;España;177;78;https://media.api-sports.io/football/players/46915.png
308998;Ávaro Leiva;21;2004-12-28;Algeciras;España;España;173;77;https://media.api-sports.io/football/players/308998.png
440748;Álvaro Killane;21;2004-12-14;Las Palmas de Gran Canaria;España;Argentina;186;78;https://media.api-sports.io/football/players/440748.png
18776;Ç. Söyüncü;29;1996-05-23;İzmir;Turquía;Turquía;185;82;https://media.api-sports.io/football/players/18776.png
2050;É. Banega;37;1988-06-29;Rosario;Argentina;Argentina;176;78;https://media.api-sports.io/football/players/2050.png
18802;É. Capoue;36;1988-07-11;Niort;Francia;Francia;189;80;https://media.api-sports.io/football/players/18802.png
372;Éder Militão;27;1998-01-18;Sertãozinho;Brasil;Brasil;186;78;https://media.api-sports.io/football/players/372.png
35575;Édgar Méndez;35;1990-01-02;Santa Cruz de Tenerife;España;España;187;80;https://media.api-sports.io/football/players/35575.png
421044;Íñigo Arguibide;20;2005-04-19;;España;España;178;70;https://media.api-sports.io/football/players/421044.png
47056;Íñigo Eguaras;33;1992-03-07;Ansoáin;España;España;181;77;https://media.api-sports.io/football/players/47056.png
2670;Íñigo Martínez;34;1991-05-17;Ondarroa;España;España;182;76;https://media.api-sports.io/football/players/2670.png
47328;Ó. Duarte;36;1989-06-03;Masaya;Nicaragua;Costa Rica;186;88;https://media.api-sports.io/football/players/47328.png
2515;Ó. Romero;33;1992-07-04;Fernando de la Mora;Paraguay;Paraguay;176;73;https://media.api-sports.io/football/players/2515.png
47557;Ó. Trejo;37;1988-04-26;Santiago del Estero;Argentina;Argentina;180;79;https://media.api-sports.io/football/players/47557.png
385;Óliver Torres;31;1994-11-10;Navalmoral de la Mata;España;España;178;70;https://media.api-sports.io/football/players/385.png
237065;Óscar Aranda;23;2002-04-29;Granada;España;España;181;78;https://media.api-sports.io/football/players/237065.png
162546;Óscar Castro;24;2001-06-20;Santa Cruz de Tenerife;España;España;177;73;https://media.api-sports.io/football/players/162546.png
163241;Óscar Clemente;26;1999-03-26;Arona;España;España;175;;https://media.api-sports.io/football/players/163241.png
46968;Óscar Gil;27;1998-04-26;Elche;España;España;173;;https://media.api-sports.io/football/players/46968.png
350363;Óscar Medina;19;2004-01-19;;España;España;;;https://media.api-sports.io/football/players/350363.png
47339;Óscar Melendo;28;1997-08-23;Barcelona;España;España;167;66;https://media.api-sports.io/football/players/47339.png
162712;Óscar Mingueza;26;1999-05-13;Santa Perpètua de Mogoda;España;España;184;75;https://media.api-sports.io/football/players/162712.png
104855;Óscar Pinchi;29;1996-01-17;A Coruña;España;España;171;62;https://media.api-sports.io/football/players/104855.png
47496;Óscar Plano;34;1991-02-11;Madrid;España;España;180;72;https://media.api-sports.io/football/players/47496.png
47416;Óscar Rodríguez;27;1998-06-28;Talavera de la Reina;España;España;174;67;https://media.api-sports.io/football/players/47416.png
47109;Óscar Valentín;31;1994-08-20;Navalmoral de la Mata;España;España;177;72;https://media.api-sports.io/football/players/47109.png
19172;Ø. Nyland;35;1990-09-10;Kristiansund;Noruega;Noruega;192;90;https://media.api-sports.io/football/players/19172.png
633;İ. Gündoğan;35;1990-10-24;Gelsenkirchen;Alemania;Alemania;180;80;https://media.api-sports.io/football/players/633.png
1346;İ. Köybaşı;36;1989-07-10;Hatay;Turquía;Turquía;179;75;https://media.api-sports.io/football/players/1346.png
199;Šime Vrsaljko;30;1992-01-10;Rijeka;Croacia;Croacia;181;76;https://media.api-sports.io/football/players/199.png
