id_partido;id_equipo;tiros_a_puerta;tiros_totales;tiros_en_area;tiros_fuera_area;corners;fueras_de_juego;posesion;tarjetas_amarillas;tarjetas_rojas;paradas;pases_totales;pases_acertados;pct_pases_acertados;goles_esperados;df_goles_esperados
203337;535;5;25;9;16;7;1;57;3;0;2;374;298;80;0.0;0
203337;536;2;10;8;2;2;3;43;5;1;4;283;207;73;0.0;0
203338;540;2;5;3;2;4;5;33;2;0;2;263;174;66;0.0;0
203338;546;3;13;5;8;6;2;67;5;1;1;519;434;84;0.0;0
203339;544;5;16;3;13;5;2;56;3;0;2;470;375;80;0.0;0
203339;548;2;9;6;3;4;2;44;2;0;5;350;248;71;0.0;0
203340;530;3;14;7;7;4;0;61;2;0;1;614;516;84;0.0;0
203340;534;1;8;5;3;4;0;39;0;0;2;390;287;74;0.0;0
203341;728;3;8;1;7;3;0;56;3;0;4;433;331;76;0.0;0
203341;532;4;10;7;3;3;1;44;1;0;3;332;230;69;0.0;0
203342;531;2;8;5;3;2;4;32;3;0;3;319;195;61;0.0;0
203342;529;4;10;7;3;4;4;68;3;0;2;674;544;81;0.0;0
203343;731;0;6;4;2;2;2;32;4;0;8;305;205;67;0.0;0
203343;541;8;27;12;15;5;1;68;0;0;0;639;555;87;0.0;0
203344;539;2;11;3;8;4;0;29;1;1;4;257;175;68;0.0;0
203344;538;6;15;8;7;6;0;71;3;0;1;658;575;87;0.0;0
203345;543;6;22;9;13;7;1;65;3;0;2;396;310;78;0.0;0
203345;533;4;8;7;1;5;2;35;1;1;5;216;133;62;0.0;0
203346;715;6;12;6;6;6;1;57;1;1;1;453;349;77;0.0;0
203346;545;4;10;8;2;5;3;43;6;0;5;334;238;71;0.0;0
203347;533;4;14;6;8;2;5;57;1;0;2;472;374;79;0.0;0
203347;540;3;5;5;0;3;1;43;6;0;1;354;257;73;0.0;0
203348;548;1;12;7;5;6;2;60;3;0;2;505;415;82;0.0;0
203348;731;2;7;2;5;4;2;40;5;0;1;339;242;71;0.0;0
203349;529;13;22;16;6;15;4;74;0;0;1;655;572;87;0.0;0
203349;535;1;4;2;2;2;3;26;3;0;12;209;128;61;0.0;0
203350;538;7;11;10;1;5;7;64;2;0;0;671;576;86;0.0;0
203350;728;0;3;1;2;4;7;36;2;1;4;352;243;69;0.0;0
203351;541;11;21;11;10;11;3;69;3;0;1;630;571;91;0.0;0
203351;543;1;7;3;4;4;0;31;3;0;5;286;220;77;0.0;0
203352;545;8;9;9;0;11;3;43;2;0;1;369;248;67;0.0;0
203352;531;1;9;3;6;4;1;57;2;0;6;488;364;75;0.0;0
203354;532;6;12;6;6;5;4;53;5;1;2;399;303;76;0.0;0
203354;544;3;12;8;4;7;1;47;1;0;5;357;265;74;0.0;0
203353;536;7;25;16;9;11;0;62;3;0;4;482;395;82;0.0;0
203353;530;7;17;5;12;1;0;38;4;0;7;304;231;76;0.0;0
203355;534;2;16;6;10;3;4;65;2;0;2;552;435;79;0.0;0
203355;539;2;3;2;1;0;2;35;4;0;2;290;173;60;0.0;0
203356;546;4;16;6;10;6;0;61;5;0;2;365;288;79;0.0;0
203356;715;4;9;5;4;6;3;39;3;0;3;242;161;67;0.0;0
203357;539;4;14;5;9;5;1;54;3;0;2;404;313;77;0.0;0
203357;536;3;8;5;3;4;2;46;3;0;3;346;257;74;0.0;0
203358;540;3;14;9;5;5;0;52;2;0;2;490;433;88;0.0;0
203358;541;8;15;12;3;6;4;48;2;0;3;447;384;86;0.0;0
203359;731;8;15;12;3;4;3;40;3;0;2;382;268;70;0.0;0
203359;532;3;17;8;9;6;4;60;3;0;8;554;465;84;0.0;0
203360;530;3;11;7;4;1;3;31;3;0;2;318;246;77;0.0;0
203360;529;5;13;9;4;10;0;69;1;0;2;708;623;88;0.0;0
203361;543;2;9;6;3;2;2;39;6;1;3;313;218;70;0.0;0
203361;548;3;14;10;4;4;5;61;3;0;1;474;377;80;0.0;0
203362;715;2;13;6;7;8;0;55;2;0;2;378;300;79;0.0;0
203362;533;5;8;6;2;6;6;45;4;0;1;300;216;72;0.0;0
203363;531;6;14;10;4;12;8;54;1;0;2;437;332;76;0.0;0
203363;546;4;12;5;7;5;2;46;3;0;3;379;260;69;0.0;0
203364;538;12;25;15;10;7;1;67;0;0;2;676;597;88;0.0;0
203364;534;4;9;6;4;2;1;33;3;1;9;331;243;73;0.0;0
203366;728;2;8;4;4;5;4;63;2;1;6;550;446;81;0.0;0
203366;544;8;14;7;7;4;5;37;2;0;1;316;210;66;0.0;0
203367;546;4;10;8;2;4;0;38;5;0;3;296;206;70;0.0;0
203367;535;3;13;3;10;7;7;62;2;0;3;451;354;78;0.0;0
203368;541;10;20;14;6;10;3;67;1;0;3;605;533;88;0.0;0
203368;715;3;12;6;6;1;1;33;3;0;9;297;217;73;0.0;0
203369;532;5;22;12;10;7;4;67;4;0;1;531;459;86;0.0;0
203369;543;1;3;1;2;1;1;33;3;1;5;272;182;67;0.0;0
203370;545;3;9;3;6;1;0;41;2;0;4;449;323;72;0.0;0
203370;530;6;14;10;4;4;2;59;1;0;3;634;524;83;0.0;0
203371;548;3;10;6;4;7;2;51;2;1;3;397;316;80;0.0;0
203371;540;6;18;9;9;6;3;49;3;0;1;388;304;78;0.0;0
203372;536;5;13;11;2;5;0;44;3;0;3;362;271;75;0.0;0
203372;538;5;15;9;6;5;4;56;6;1;4;472;393;83;0.0;0
203373;544;9;19;10;9;8;1;62;3;0;1;497;394;79;0.0;0
203373;731;4;4;3;1;3;2;38;3;0;7;313;215;69;0.0;0
203374;533;7;14;9;5;9;6;46;4;0;1;345;242;70;0.0;0
203374;531;2;10;6;4;4;0;54;4;0;4;406;288;71;0.0;0
203376;529;8;21;15;6;4;3;69;0;0;3;671;601;90;0.0;0
203376;539;4;11;5;6;4;6;31;1;0;3;286;213;74;0.0;0
203375;534;2;8;5;3;3;3;50;3;0;5;389;255;66;0.0;0
203375;728;6;17;9;8;5;1;50;5;0;2;365;253;69;0.0;0
203377;530;3;12;4;8;6;4;54;3;0;2;492;412;84;0.0;0
203377;546;2;6;3;3;1;0;46;2;0;1;423;333;79;0.0;0
203378;540;5;17;11;6;7;1;48;5;0;4;336;258;77;0.0;0
203378;532;4;10;5;5;6;0;52;7;0;4;370;293;79;0.0;0
203379;715;1;11;1;10;4;4;51;5;0;2;379;273;72;0.0;0
203379;548;5;8;7;1;3;2;49;4;0;1;376;263;70;0.0;0
203380;538;5;18;10;8;5;7;43;2;0;6;380;290;76;0.0;0
203380;529;7;18;15;3;10;0;57;2;0;1;484;386;80;0.0;0
203381;539;2;12;7;5;4;1;59;2;0;2;455;346;76;0.0;0
203381;545;4;10;8;2;7;6;41;5;0;0;322;211;66;0.0;0
203382;728;6;18;12;6;4;3;63;2;0;1;472;388;82;0.0;0
203382;731;2;6;3;3;4;0;37;3;1;4;282;186;66;0.0;0
203383;531;5;12;9;3;6;0;44;4;0;4;417;338;81;0.0;0
203383;541;6;22;14;8;8;3;56;3;0;4;548;467;85;0.0;0
203384;534;4;12;5;7;5;4;43;3;0;3;338;232;69;0.0;0
203384;536;3;17;15;2;5;7;57;4;0;2;446;328;74;0.0;0
203385;535;4;15;8;7;8;2;58;2;0;3;471;364;77;0.0;0
203385;533;3;9;7;3;5;3;42;3;0;4;345;228;66;0.0;0
203386;543;2;9;6;3;3;5;60;3;0;1;494;389;79;0.0;0
203386;544;3;8;2;6;4;2;40;5;0;1;325;233;72;0.0;0
203387;532;5;12;10;2;11;2;47;3;0;3;317;246;78;0.0;0
203387;715;3;18;7;11;3;0;53;3;0;4;353;276;78;0.0;0
203388;529;6;18;11;7;3;6;67;2;0;5;615;540;88;0.0;0
203388;534;6;10;6;4;4;3;33;4;0;4;297;214;72;0.0;0
203389;541;9;31;23;8;12;4;69;4;0;3;614;562;92;0.0;0
203389;535;3;12;8;4;6;3;31;4;1;8;273;208;76;0.0;0
203391;533;2;5;3;2;1;3;48;2;0;4;507;404;80;0.0;0
203391;530;4;9;7;2;5;0;52;2;0;1;529;415;78;0.0;0
203390;536;8;16;11;5;6;2;48;1;0;3;388;297;77;0.0;0
203390;728;5;18;6;12;5;0;52;4;1;5;407;328;81;0.0;0
203392;545;3;10;4;6;4;0;34;5;0;1;302;179;59;0.0;0
203392;538;2;9;5;4;4;2;66;4;0;2;587;469;80;0.0;0
203393;731;10;19;13;6;10;4;56;1;0;3;498;416;84;0.0;0
203393;543;5;13;7;6;4;1;44;1;0;9;401;328;82;0.0;0
203394;544;5;14;8;7;7;5;48;4;0;3;412;338;82;0.0;0
203394;540;3;7;3;4;5;2;52;5;1;3;440;365;83;0.0;0
203395;546;9;16;10;6;4;1;58;2;0;4;479;371;77;0.0;0
203395;539;3;10;6;4;4;0;42;3;0;6;347;241;69;0.0;0
203396;548;4;15;7;8;4;2;47;3;0;2;358;233;65;0.0;0
203396;531;2;10;5;5;2;2;53;4;0;4;398;276;69;0.0;0
203397;538;7;18;11;7;9;1;67;1;0;3;543;435;80;0.0;0
203397;546;3;9;6;3;1;0;33;5;0;7;264;169;64;0.0;0
203398;536;5;12;10;2;7;6;37;5;0;8;292;210;72;0.0;0
203398;529;9;28;20;8;9;1;63;3;0;3;498;427;86;0.0;0
203399;715;3;10;6;4;2;1;52;1;0;2;393;276;70;0.0;0
203399;544;3;14;6;8;5;3;48;3;0;2;351;237;68;0.0;0
203400;540;9;13;8;5;9;2;55;3;0;0;506;414;82;0.0;0
203400;731;2;12;5;7;1;2;45;3;0;8;427;330;77;0.0;0
203401;534;4;18;8;10;3;1;62;2;0;2;565;461;82;0.0;0
203401;545;4;9;5;4;1;2;38;2;0;4;342;212;62;0.0;0
203402;535;7;11;6;5;2;2;36;5;1;4;309;220;71;0.0;0
203402;548;5;13;9;4;4;4;64;2;0;4;538;442;82;0.0;0
203403;728;9;23;11;12;8;2;66;4;0;4;527;428;81;0.0;0
203403;543;6;9;6;3;3;4;34;2;0;8;278;154;55;0.0;0
203404;531;7;16;10;6;10;3;49;0;0;3;425;337;79;0.0;0
203404;532;4;9;4;5;4;3;51;4;0;4;441;358;81;0.0;0
203405;539;4;14;9;5;8;0;47;4;0;2;358;261;73;0.0;0
203405;533;2;3;1;2;2;1;53;5;1;3;422;321;76;0.0;0
203406;530;4;18;13;5;5;1;46;6;0;1;470;389;83;0.0;0
203406;541;2;9;5;4;1;0;54;3;0;3;568;487;86;0.0;0
203407;541;6;20;11;9;4;3;58;1;0;5;550;490;89;0.0;0
203407;539;5;15;8;7;4;3;42;4;0;3;398;318;80;0.0;0
203408;545;4;14;7;7;2;1;42;3;0;4;318;213;67;0.0;0
203408;536;5;15;9;6;5;1;58;3;0;3;430;309;72;0.0;0
203409;529;9;14;12;2;7;7;44;1;0;6;422;346;82;0.0;0
203409;728;8;22;13;9;10;3;56;2;0;4;508;424;83;0.0;0
203410;532;3;7;6;2;6;4;49;3;0;3;394;313;79;0.0;0
203410;535;3;10;6;4;8;1;51;3;0;1;395;290;73;0.0;0
203411;543;6;21;15;6;4;6;59;2;0;1;451;366;81;0.0;0
203411;540;4;13;11;2;3;3;41;4;0;5;319;223;70;0.0;0
203412;533;3;12;5;7;7;0;32;3;1;0;301;208;69;0.0;0
203412;538;2;13;6;7;4;2;68;3;0;2;650;558;86;0.0;0
203413;548;1;11;4;7;5;2;57;8;2;1;525;419;80;0.0;0
203413;530;3;7;5;2;2;4;43;5;0;1;397;302;76;0.0;0
203414;546;7;14;11;3;5;0;41;2;0;3;381;307;81;0.0;0
203414;534;3;16;3;13;1;0;59;1;1;3;559;489;87;0.0;0
203415;544;3;17;13;4;4;3;57;2;0;0;482;375;78;0.0;0
203415;531;2;7;5;2;6;5;43;2;0;1;356;251;71;0.0;0
203416;731;6;16;11;5;6;1;67;3;0;3;489;387;79;0.0;0
203416;715;7;14;7;7;1;1;33;8;2;3;246;152;62;0.0;0
203417;728;7;13;7;6;6;5;67;4;1;3;542;453;84;0.0;0
203417;540;3;9;6;3;5;0;33;3;1;4;264;177;67;0.0;0
203418;538;7;17;12;5;5;1;50;6;1;5;491;412;84;0.0;0
203418;541;8;14;11;3;7;1;50;1;0;5;482;386;80;0.0;0
203419;715;6;17;6;11;3;1;40;3;0;1;315;185;59;0.0;0
203419;543;2;8;5;3;3;3;60;3;0;4;476;348;73;0.0;0
203420;536;13;22;17;5;7;5;57;1;0;0;456;405;89;0.0;0
203420;546;0;6;1;5;3;1;43;3;1;8;342;277;81;0.0;0
203421;535;4;9;6;3;3;1;48;0;0;1;420;309;74;0.0;0
203421;544;1;10;6;4;5;5;52;1;0;2;446;327;73;0.0;0
203422;539;3;13;8;5;10;2;57;5;1;2;394;283;72;0.0;0
203422;548;6;13;10;3;3;3;43;3;0;3;298;199;67;0.0;0
203423;534;2;6;5;1;6;1;60;1;0;0;557;437;78;0.0;0
203423;533;0;5;3;2;6;4;40;2;0;2;359;250;70;0.0;0
203424;529;5;14;8;6;6;3;69;3;1;3;584;499;85;0.0;0
203424;545;5;7;2;5;2;3;31;5;0;2;255;159;62;0.0;0
203425;530;8;16;10;6;9;1;49;4;0;0;427;329;77;0.0;0
203425;532;1;6;3;3;2;0;51;4;0;5;434;337;78;0.0;0
203426;531;6;20;15;5;9;1;51;1;0;0;447;346;77;0.0;0
203426;731;0;6;3;3;3;3;49;3;0;3;434;334;77;0.0;0
203427;544;3;7;1;6;1;1;43;2;0;2;462;363;79;0.0;0
203427;530;3;12;8;4;5;0;57;0;0;2;609;498;82;0.0;0
203428;541;11;17;11;6;6;6;52;0;0;4;596;528;89;0.0;0
203428;534;5;8;6;2;3;0;48;3;0;8;551;479;87;0.0;0
203430;532;6;14;7;7;5;4;59;2;0;5;427;351;82;0.0;0
203430;539;5;10;5;5;5;1;41;3;0;3;293;203;69;0.0;0
203429;533;5;11;9;2;7;2;51;4;0;2;408;318;78;0.0;0
203429;536;3;6;5;1;5;4;49;3;0;3;384;284;74;0.0;0
203431;546;0;6;1;5;3;4;28;3;0;4;285;204;72;0.0;0
203431;529;6;14;9;5;5;5;72;0;0;0;732;654;89;0.0;0
203432;548;5;20;11;9;8;1;41;2;0;5;322;210;65;0.0;0
203432;538;8;16;9;7;7;4;59;5;0;3;470;361;77;0.0;0
203433;545;1;12;9;4;2;7;37;2;0;2;288;161;56;0.0;0
203433;728;2;6;4;2;6;5;63;3;0;1;471;349;74;0.0;0
203434;540;4;10;7;3;5;3;57;3;1;4;371;267;72;0.0;0
203434;715;5;9;4;5;6;3;43;6;0;3;273;171;63;0.0;0
203435;731;6;9;6;3;7;4;36;1;0;5;296;198;67;0.0;0
203435;535;5;13;5;8;5;1;64;3;0;4;532;427;80;0.0;0
203436;543;3;11;7;4;7;4;52;2;0;6;432;330;76;0.0;0
203436;531;9;23;17;6;9;3;48;4;0;2;372;280;75;0.0;0
203437;534;4;8;3;5;0;4;45;1;0;6;399;302;76;0.0;0
203437;548;6;11;8;3;8;1;55;4;0;2;444;343;77;0.0;0
203438;538;3;17;9;8;15;5;60;1;0;0;431;331;77;0.0;0
203438;532;5;9;8;1;5;1;40;3;0;2;283;199;70;0.0;0
203439;539;5;15;8;7;9;5;53;4;0;4;433;322;74;0.0;0
203439;544;5;9;3;6;5;0;47;2;0;4;386;261;68;0.0;0
203440;545;7;16;12;4;5;4;44;3;0;3;341;230;67;0.0;0
203440;546;4;10;5;5;7;0;56;1;1;4;436;329;75;0.0;0
203441;728;2;7;3;4;4;4;41;4;1;1;306;196;64;0.0;0
203441;715;2;8;4;4;1;9;59;3;0;0;435;331;76;0.0;0
203442;535;5;12;8;4;6;1;57;2;0;1;415;303;73;0.0;0
203442;543;2;7;6;1;3;3;43;5;0;5;325;222;68;0.0;0
203443;531;2;8;5;3;4;0;44;2;0;0;284;184;65;0.0;0
203443;540;1;5;4;1;5;4;56;6;0;0;374;268;72;0.0;0
203444;529;9;20;17;3;7;2;64;5;0;2;637;553;87;0.0;0
203444;533;2;5;2;3;2;3;36;3;0;6;355;259;73;0.0;0
203445;530;3;15;9;6;5;3;72;4;0;2;600;492;82;0.0;0
203445;731;2;9;4;5;1;0;28;3;0;2;244;130;53;0.0;0
203446;536;5;14;11;3;4;0;45;1;0;8;463;398;86;0.0;0
203446;541;10;28;11;17;6;2;55;1;0;2;564;502;89;0.0;0
203447;548;7;14;9;5;7;2;61;2;0;5;506;391;77;0.0;0
203447;536;5;13;8;5;5;2;39;1;0;5;309;201;65;0.0;0
203448;541;7;13;6;7;10;3;41;3;1;2;430;355;83;0.0;0
203448;529;7;18;13;5;3;0;59;2;0;7;648;563;87;0.0;0
203449;540;3;7;7;0;3;2;41;5;0;5;310;212;68;0.0;0
203449;535;5;14;8;6;8;4;59;2;0;1;438;351;80;0.0;0
203450;532;3;9;7;2;1;5;37;3;0;6;362;265;73;0.0;0
203450;534;7;18;12;6;7;0;63;3;0;2;586;497;85;0.0;0
203451;544;2;5;3;3;2;1;39;6;0;4;314;208;66;0.0;0
203451;538;4;6;3;3;10;4;61;3;0;1;485;377;78;0.0;0
203452;731;2;13;10;3;5;2;51;4;0;3;430;328;76;0.0;0
203452;539;6;13;8;5;3;4;49;5;0;3;422;314;74;0.0;0
203453;533;5;12;10;2;12;2;58;3;0;6;494;373;76;0.0;0
203453;545;7;17;12;5;6;3;42;4;1;3;338;209;62;0.0;0
203454;715;1;8;5;4;2;2;33;6;0;5;257;144;56;0.0;0
203454;531;6;11;6;5;7;2;67;3;0;0;494;371;75;0.0;0
203455;543;3;6;2;4;2;0;42;1;0;3;432;322;75;0.0;0
203455;530;4;11;9;2;6;0;58;4;0;3;588;480;82;0.0;0
203456;546;8;15;13;3;5;5;37;5;0;3;263;169;64;0.0;0
203456;728;4;8;5;3;7;2;63;4;0;8;448;353;79;0.0;0
203457;539;1;14;9;5;7;2;56;6;0;4;472;364;77;0.0;0
203457;543;5;11;9;2;4;4;44;5;1;1;373;272;73;0.0;0
203458;529;6;11;10;1;6;4;55;0;0;2;532;440;83;0.0;0
203458;548;2;10;5;5;4;1;45;5;0;2;410;328;80;0.0;0
203459;530;6;21;12;9;6;7;52;0;0;0;463;366;79;0.0;0
203459;540;0;5;1;4;2;0;48;4;0;5;426;325;76;0.0;0
203460;535;7;12;9;3;7;3;43;4;1;2;261;185;71;0.0;0
203460;715;4;11;6;5;4;4;57;6;0;5;350;282;81;0.0;0
203461;534;5;8;4;4;6;5;66;4;0;4;625;532;85;0.0;0
203461;544;5;10;9;2;4;6;34;3;0;5;307;218;71;0.0;0
203462;538;4;6;5;1;3;0;59;3;0;1;551;448;81;0.0;0
203462;731;2;9;5;4;4;1;41;0;0;2;356;243;68;0.0;0
203463;546;5;12;8;4;6;7;41;4;0;0;307;213;69;0.0;0
203463;533;0;7;5;2;6;6;59;2;0;3;425;335;79;0.0;0
203464;545;3;8;3;5;6;3;39;3;0;4;328;226;69;0.0;0
203464;541;6;17;10;7;5;3;61;4;0;3;533;430;81;0.0;0
203465;728;3;15;11;4;6;3;66;4;0;1;504;398;79;0.0;0
203465;531;4;10;7;3;2;5;34;0;1;3;258;160;62;0.0;0
203466;536;5;15;11;4;17;0;61;3;0;0;477;405;85;0.0;0
203466;532;0;0;0;0;0;2;39;6;2;4;316;234;74;0.0;0
203467;541;8;16;8;8;3;2;62;1;0;2;658;605;92;0.0;0
203467;546;3;7;2;5;4;0;38;0;0;4;397;328;83;0.0;0
203468;715;3;18;7;11;6;0;44;2;0;2;438;355;81;0.0;0
203468;530;4;11;8;3;8;3;56;1;0;3;550;456;83;0.0;0
203469;532;3;10;3;7;0;0;28;3;0;4;295;214;73;0.0;0
203469;529;5;16;10;6;6;3;72;1;0;2;738;642;87;0.0;0
203470;544;4;8;3;5;6;1;43;2;0;1;336;230;68;0.0;0
203470;536;2;8;4;4;2;1;57;3;0;3;431;336;78;0.0;0
203471;543;6;28;18;10;8;2;59;5;0;0;453;343;76;0.0;0
203471;538;1;5;1;4;0;3;41;5;1;4;321;215;67;0.0;0
203472;548;7;10;8;2;4;1;64;3;0;1;527;426;81;0.0;0
203472;545;1;5;4;1;3;4;36;3;0;5;287;181;63;0.0;0
203473;533;5;14;10;4;5;4;45;1;0;3;340;242;71;0.0;0
203473;728;4;8;5;3;4;6;55;4;0;3;393;303;77;0.0;0
203474;731;9;21;18;3;8;8;33;2;0;6;270;185;69;0.0;0
203474;534;7;12;4;8;4;1;67;3;1;6;576;471;82;0.0;0
203475;531;2;11;4;7;6;5;44;2;1;2;338;239;71;0.0;0
203475;535;2;7;3;4;1;3;56;3;0;2;429;335;78;0.0;0
203476;540;1;9;5;4;2;6;56;4;0;4;434;346;80;0.0;0
203476;539;5;12;8;4;6;3;44;5;0;0;349;253;72;0.0;0
203477;546;5;9;7;2;5;2;37;3;0;5;306;211;69;0.0;0
203477;548;6;10;8;2;5;0;63;3;0;4;517;430;83;0.0;0
203478;529;7;17;5;12;6;4;68;0;0;2;679;597;88;0.0;0
203478;544;4;13;7;6;2;6;32;2;0;5;308;231;75;0.0;0
203479;538;3;16;7;9;4;6;51;5;1;2;409;312;76;0.0;0
203479;540;2;6;5;1;9;2;49;2;0;2;366;262;72;0.0;0
203480;539;5;7;6;1;2;2;51;2;0;1;410;280;68;0.0;0
203480;715;3;8;4;4;1;4;49;2;0;4;386;260;67;0.0;0
203481;536;7;18;7;11;3;1;71;3;0;1;615;513;83;0.0;0
203481;731;1;4;0;4;1;0;29;4;1;5;251;162;65;0.0;0
203482;534;4;16;11;5;2;3;64;3;0;2;608;496;82;0.0;0
203482;543;2;8;4;4;2;5;36;0;0;3;321;207;64;0.0;0
203483;728;3;13;7;6;6;7;52;1;0;3;332;220;66;0.0;0
203483;535;5;15;7;8;7;4;48;2;0;1;322;193;60;0.0;0
203484;545;5;14;8;6;9;3;51;4;1;0;372;263;71;0.0;0
203484;532;1;6;2;4;2;0;49;4;1;4;366;254;69;0.0;0
203485;530;4;8;2;6;3;3;47;1;0;4;456;335;73;0.0;0
203485;531;5;10;4;6;6;2;53;1;0;2;512;385;75;0.0;0
203486;533;3;7;3;4;3;0;34;2;0;1;349;247;71;0.0;0
203486;541;1;20;15;5;9;3;66;2;0;2;626;530;85;0.0;0
203487;532;7;12;6;6;5;2;61;2;0;1;502;412;82;0.0;0
203487;546;3;9;3;6;1;1;39;6;0;5;326;228;70;0.0;0
203488;540;2;12;8;4;7;3;48;4;0;4;397;297;75;0.0;0
203488;534;4;9;5;4;5;2;52;4;0;1;432;332;77;0.0;0
203489;543;0;12;4;8;8;0;47;7;0;2;301;217;72;0.0;0
203489;536;2;8;7;1;8;2;53;5;0;0;334;238;71;0.0;0
203490;544;3;13;6;7;9;0;49;2;1;1;414;294;71;0.0;0
203490;545;1;13;8;5;8;4;51;2;0;1;423;301;71;0.0;0
203491;541;15;30;24;6;10;5;50;1;0;2;444;398;90;0.0;0
203491;728;4;9;6;3;4;2;50;4;2;5;450;386;86;0.0;0
203494;531;7;18;14;4;10;0;53;0;0;1;416;297;71;0.0;0
203494;539;1;6;4;2;3;0;47;5;0;5;377;281;75;0.0;0
203492;548;2;16;9;7;9;3;65;2;0;3;632;540;85;0.0;0
203492;533;5;7;3;4;1;5;35;1;0;2;343;251;73;0.0;0
203493;715;1;11;4;7;9;1;49;4;0;1;379;275;73;0.0;0
203493;538;4;10;5;5;3;1;51;2;0;1;411;313;76;0.0;0
203495;535;4;17;8;9;4;0;61;3;0;3;510;390;76;0.0;0
203495;530;3;6;2;4;1;1;39;6;1;3;333;224;67;0.0;0
203498;539;1;7;2;5;6;1;43;7;0;5;301;198;66;0.0;0
203498;535;6;10;7;3;5;2;57;5;0;2;402;300;75;0.0;0
203497;541;13;23;16;7;13;1;50;1;0;1;478;401;84;0.0;0
203497;548;2;13;6;7;2;1;50;4;0;10;505;424;84;0.0;0
203499;536;10;15;10;5;5;3;43;3;0;1;397;322;81;0.0;0
203499;540;1;12;6;6;6;2;57;3;0;8;529;456;86;0.0;0
203500;728;3;10;6;4;3;1;58;3;0;4;440;316;72;0.0;0
203500;530;6;17;13;4;8;6;42;3;0;3;314;203;65;0.0;0
203501;545;5;15;8;7;5;3;54;3;0;0;344;238;69;0.0;0
203501;731;0;6;5;1;7;2;46;3;0;2;282;164;58;0.0;0
203503;529;7;16;13;4;2;4;62;1;0;4;571;483;85;0.0;0
203503;543;4;11;5;6;3;0;38;2;0;4;332;245;74;0.0;0
203504;538;3;7;4;3;3;1;64;3;0;4;568;460;81;0.0;0
203504;531;5;13;5;8;3;2;36;4;0;3;309;206;67;0.0;0
203502;546;5;15;12;3;9;3;51;3;0;3;369;263;71;0.0;0
203502;544;3;10;3;7;2;1;49;1;0;5;367;264;72;0.0;0
203505;534;4;7;7;1;4;2;59;2;0;4;491;387;79;0.0;0
203505;715;5;12;5;7;4;5;41;6;1;1;331;236;71;0.0;0
203506;533;3;9;1;8;3;3;51;1;0;2;421;333;79;0.0;0
203506;532;2;6;5;1;6;2;49;3;0;2;378;299;79;0.0;0
203507;540;1;4;3;1;6;1;27;5;0;2;217;134;62;0.0;0
203507;529;2;10;6;4;10;6;73;3;0;1;596;507;85;0.0;0
203508;530;2;16;11;5;13;5;55;0;0;1;457;371;81;0.0;0
203508;539;1;9;4;5;1;0;45;3;0;1;379;279;74;0.0;0
203509;535;4;14;11;3;5;0;48;4;0;1;372;267;72;0.0;0
203509;538;1;8;3;5;2;3;52;2;1;2;400;307;77;0.0;0
203510;728;5;14;6;8;7;8;44;3;0;5;265;164;62;0.0;0
203510;548;7;15;9;6;7;3;56;2;0;3;355;249;70;0.0;0
203511;543;6;10;8;2;6;3;59;4;0;1;470;381;81;0.0;0
203511;545;5;6;4;2;2;2;41;3;0;6;337;229;68;0.0;0
203512;715;4;9;4;5;2;0;39;2;0;5;259;177;68;0.0;0
203512;536;6;14;11;3;9;4;61;2;1;2;387;300;78;0.0;0
203514;531;5;15;12;3;5;4;41;3;0;3;356;242;68;0.0;0
203514;534;5;12;5;7;5;3;59;4;0;2;526;423;80;0.0;0
203513;544;4;11;4;7;9;2;54;3;0;2;491;365;74;0.0;0
203513;533;4;6;4;2;3;1;46;3;0;3;422;304;72;0.0;0
203515;532;4;12;8;4;4;0;46;1;0;2;446;376;84;0.0;0
203515;541;4;17;10;7;7;2;54;1;1;2;504;438;87;0.0;0
203516;731;4;17;8;9;4;4;46;3;0;0;336;243;72;0.0;0
203516;546;2;11;8;3;2;1;54;3;0;3;405;305;75;0.0;0
203517;529;8;17;13;4;7;1;66;1;0;4;639;551;86;0.0;0
203517;715;4;8;2;6;0;3;34;4;0;4;318;246;77;0.0;0
203519;536;4;4;3;1;6;5;48;2;0;3;446;330;74;0.0;0
203519;531;3;11;9;2;8;4;52;2;0;2;452;350;77;0.0;0
203518;546;3;9;6;3;8;4;52;1;0;2;385;292;76;0.0;0
203518;543;2;11;6;5;4;1;48;3;0;2;354;263;74;0.0;0
203520;541;9;23;15;8;5;3;53;0;0;4;553;482;87;0.0;0
203520;544;4;18;5;13;9;2;47;3;0;4;476;399;84;0.0;0
203521;539;4;10;9;1;5;4;43;5;0;3;331;204;62;0.0;0
203521;728;4;10;5;5;5;3;57;1;0;2;411;294;72;0.0;0
203522;533;4;7;4;3;3;1;48;4;0;2;474;366;77;0.0;0
203522;731;2;12;8;4;9;3;52;2;0;1;472;375;79;0.0;0
203523;548;7;24;16;8;5;0;50;3;0;3;423;337;80;0.0;0
203523;532;3;10;6;4;6;6;50;4;0;5;438;334;76;0.0;0
203525;534;3;5;2;3;2;0;58;5;0;2;539;453;84;0.0;0
203525;535;3;11;8;3;5;1;42;4;0;2;369;282;76;0.0;0
203524;545;6;20;16;4;8;2;52;3;0;3;391;290;74;0.0;0
203524;540;4;7;3;4;2;5;48;2;0;4;373;258;69;0.0;0
203526;538;1;6;2;4;4;0;55;2;0;1;544;436;80;0.0;0
203526;530;3;10;4;6;4;1;45;1;0;1;435;322;74;0.0;0
203527;536;4;8;7;1;6;5;53;4;1;2;412;332;81;0.0;0
203527;535;3;14;5;9;4;0;47;4;1;1;341;234;69;0.0;0
203528;538;6;14;8;6;6;5;57;1;0;4;505;386;76;0.0;0
203528;539;7;17;8;9;2;1;43;3;0;2;370;244;66;0.0;0
203529;533;2;9;4;5;7;0;50;2;0;2;516;404;78;0.0;0
203529;543;2;15;10;5;11;3;50;1;0;2;500;397;79;0.0;0
203530;548;6;16;11;5;9;4;63;1;0;3;591;497;84;0.0;0
203530;544;4;7;5;2;4;5;37;2;0;5;352;243;69;0.0;0
203531;532;5;13;7;6;7;5;50;1;0;6;399;305;76;0.0;0
203531;728;8;18;12;6;9;0;50;3;0;3;381;292;77;0.0;0
203532;541;9;17;13;4;4;5;67;1;0;1;719;661;92;0.0;0
203532;731;2;9;4;5;4;1;33;1;0;4;344;272;79;0.0;0
203533;534;3;11;4;7;3;0;59;0;0;2;651;553;85;0.0;0
203533;530;5;11;10;1;4;1;41;2;0;3;448;340;76;0.0;0
203534;546;4;18;12;6;3;1;36;3;0;4;313;234;75;0.0;0
203534;540;6;13;9;4;7;3;64;2;0;1;543;457;84;0.0;0
203535;529;8;20;15;5;6;4;76;2;0;3;754;657;87;0.0;0
203535;531;3;9;4;5;2;1;24;2;1;1;230;142;62;0.0;0
203536;545;7;12;8;4;3;3;53;1;0;0;377;270;72;0.0;0
203536;715;1;4;2;2;2;3;47;4;0;2;333;217;65;0.0;0
203537;731;7;11;9;2;6;3;42;2;0;2;322;229;71;0.0;0
203537;548;3;9;6;3;2;1;58;2;0;2;433;345;80;0.0;0
203538;535;9;15;11;4;4;1;34;3;0;3;283;192;68;0.0;0
203538;529;6;12;9;3;3;4;66;3;0;8;569;481;85;0.0;0
203539;540;5;11;9;2;3;1;45;5;1;3;402;320;80;0.0;0
203539;533;5;14;9;5;9;4;55;1;0;3;478;387;81;0.0;0
203540;715;9;20;12;8;5;4;49;2;0;0;384;287;75;0.0;0
203540;546;2;9;5;4;3;0;51;3;0;6;386;285;74;0.0;0
203541;728;10;26;21;5;7;1;56;3;0;1;319;223;70;0.0;0
203541;538;1;3;3;0;1;5;44;5;0;7;266;155;58;0.0;0
203542;531;5;10;9;2;7;2;55;2;0;0;432;308;71;0.0;0
203542;545;2;9;6;3;2;1;45;2;0;1;350;238;68;0.0;0
203543;530;3;20;9;11;8;2;69;4;0;1;539;443;82;0.0;0
203543;536;1;7;5;2;5;1;31;5;1;3;237;136;57;0.0;0
203544;544;2;10;3;7;8;6;48;3;0;2;413;308;75;0.0;0
203544;532;3;10;5;5;6;5;52;3;0;1;431;337;78;0.0;0
203545;543;2;4;2;2;1;0;36;3;0;7;363;263;72;0.0;0
203545;541;8;18;15;3;9;4;64;2;0;1;623;548;88;0.0;0
203546;539;8;12;9;3;2;1;29;4;1;2;269;189;70;0.0;0
203546;534;4;13;9;4;4;1;71;4;0;5;662;566;85;0.0;0
203547;529;4;10;5;5;8;3;71;0;0;3;704;630;89;0.0;0
203547;530;4;7;4;3;6;2;29;5;2;2;271;204;75;0.0;0
203548;545;3;11;6;5;1;1;56;1;0;2;425;272;64;0.0;0
203548;535;4;7;4;3;2;3;44;3;0;2;326;192;59;0.0;0
203549;546;3;9;5;4;7;1;58;4;1;2;447;321;72;0.0;0
203549;531;3;12;7;5;5;2;42;5;0;3;327;208;64;0.0;0
203550;533;7;12;11;1;8;5;55;4;0;2;465;374;80;0.0;0
203550;715;2;7;4;3;0;1;45;3;0;6;378;280;74;0.0;0
203551;548;4;11;6;5;3;5;46;1;0;0;406;314;77;0.0;0
203551;543;1;8;6;2;4;3;54;4;0;2;481;379;79;0.0;0
203552;536;8;14;10;4;5;6;46;1;0;3;404;324;80;0.0;0
203552;539;4;22;7;15;9;1;54;1;0;6;468;383;82;0.0;0
203553;532;2;15;12;3;6;1;63;0;0;2;466;368;79;0.0;0
203553;731;3;7;4;3;3;2;37;2;0;2;284;177;62;0.0;0
203554;534;5;13;8;5;7;1;58;6;0;1;493;393;80;0.0;0
203554;538;2;5;4;1;3;2;42;4;1;3;346;256;74;0.0;0
203555;541;7;18;10;9;3;5;67;1;0;5;663;592;89;0.0;0
203555;540;5;15;11;4;1;2;33;5;0;2;316;244;77;0.0;0
203556;544;5;17;12;5;5;4;52;0;0;1;417;281;67;0.0;0
203556;728;3;7;4;3;4;4;48;0;0;3;379;243;64;0.0;0
203557;535;4;8;7;1;4;2;45;3;0;2;402;298;74;0.0;0
203557;546;2;6;4;2;6;2;55;3;0;1;482;388;80;0.0;0
203558;530;4;13;10;3;5;5;52;2;0;1;410;281;69;0.0;0
203558;545;2;6;2;4;2;3;48;3;0;1;362;227;63;0.0;0
203559;728;8;18;11;7;5;3;50;3;0;4;403;293;73;0.0;0
203559;534;4;9;6;3;5;4;50;1;0;7;407;301;74;0.0;0
203560;531;1;10;7;3;5;3;60;6;1;2;509;398;78;0.0;0
203560;533;2;2;1;1;3;2;40;6;1;1;338;220;65;0.0;0
203561;731;2;11;9;2;4;5;44;2;0;3;370;236;64;0.0;0
203561;544;4;5;4;1;3;2;56;2;0;1;464;333;72;0.0;0
203562;539;3;11;7;4;2;3;30;4;0;3;261;189;72;0.0;0
203562;529;4;11;5;7;5;3;70;3;0;3;622;534;86;0.0;0
203563;543;2;6;3;3;4;2;44;4;0;1;326;211;65;0.0;0
203563;532;2;7;5;2;5;6;56;7;1;1;408;284;70;0.0;0
203564;538;5;25;11;14;10;2;73;3;0;1;640;577;90;0.0;0
203564;536;2;9;6;3;5;0;27;5;1;4;223;141;63;0.0;0
203565;715;2;14;9;5;3;3;36;3;0;2;341;256;75;0.0;0
203565;541;4;14;11;3;6;2;64;2;0;1;607;515;85;0.0;0
203566;540;1;5;4;1;4;2;65;1;0;1;536;411;77;0.0;0
203566;548;6;12;7;5;5;0;35;2;0;1;286;183;64;0.0;0
203567;731;5;11;7;4;3;1;37;3;0;2;327;215;66;0.0;0
203567;728;4;15;10;5;7;5;63;4;0;3;538;447;83;0.0;0
203568;541;9;19;10;9;5;10;60;3;1;2;609;524;86;0.0;0
203568;531;3;10;10;0;2;0;40;2;0;5;387;298;77;0.0;0
203569;533;5;12;7;5;5;2;50;2;0;2;471;348;74;0.0;0
203569;535;2;7;2;5;1;3;50;1;0;4;447;320;72;0.0;0
203570;532;4;17;12;5;9;2;58;1;0;5;388;318;82;0.0;0
203570;540;6;20;14;6;9;0;42;3;0;3;289;196;68;0.0;0
203571;544;11;25;19;6;11;3;55;1;0;0;406;286;70;0.0;0
203571;543;2;4;2;2;0;3;45;0;0;8;342;226;66;0.0;0
203572;548;6;12;11;1;7;3;48;1;0;2;362;258;71;0.0;0
203572;715;2;15;9;6;13;3;52;2;0;3;382;277;73;0.0;0
203573;536;5;9;9;0;8;10;52;1;0;3;467;381;82;0.0;0
203573;534;3;11;7;4;3;1;48;3;0;3;426;345;81;0.0;0
203574;545;7;16;12;4;8;3;47;3;0;3;372;268;72;0.0;0
203574;539;3;8;6;2;2;1;53;2;0;5;428;319;75;0.0;0
203575;546;0;11;2;9;5;0;56;2;0;2;575;505;88;0.0;0
203575;530;3;6;4;2;5;0;44;3;0;0;457;372;81;0.0;0
203576;529;11;20;16;4;1;2;63;0;0;3;537;442;82;0.0;0
203576;538;4;10;8;2;1;0;37;4;0;3;307;215;70;0.0;0
203496;731;2;6;3;3;1;0;22;2;0;5;221;139;63;0.0;0
203496;529;8;17;12;5;4;2;78;1;0;1;778;698;90;0.0;0
203577;539;6;12;10;2;6;4;46;2;0;6;347;230;66;0.0;0
203577;546;6;14;7;7;8;6;54;2;0;3;379;284;75;0.0;0
203578;534;3;16;6;10;3;3;47;1;0;5;497;426;86;0.0;0
203578;529;7;12;10;2;6;6;53;2;0;2;565;489;87;0.0;0
203579;540;9;16;13;3;7;4;38;3;0;3;321;224;70;0.0;0
203579;544;3;17;10;7;4;1;62;1;0;8;521;417;80;0.0;0
203580;543;6;18;13;5;10;3;54;2;0;2;423;326;77;0.0;0
203580;731;3;4;2;2;4;0;46;3;0;4;363;253;70;0.0;0
203581;538;9;14;8;6;6;5;63;3;0;1;562;446;79;0.0;0
203581;545;3;7;4;3;1;0;37;2;0;6;319;198;62;0.0;0
203582;728;5;14;9;5;3;0;61;6;0;5;429;321;75;0.0;0
203582;536;7;14;14;0;17;5;39;2;0;3;263;141;54;0.0;0
203583;535;5;11;8;3;6;3;37;5;0;6;301;219;73;0.0;0
203583;541;7;14;12;2;6;5;63;2;0;5;502;430;86;0.0;0
203584;531;2;9;6;3;9;4;60;7;0;3;425;303;71;0.0;0
203584;548;4;9;4;5;3;4;40;6;0;2;288;178;62;0.0;0
203585;715;4;15;7;8;6;3;54;2;0;4;467;380;81;0.0;0
203585;532;6;10;6;4;3;1;46;3;0;4;404;314;78;0.0;0
203586;530;4;13;8;5;10;1;59;2;0;0;538;414;77;0.0;0
203586;533;0;5;3;2;2;1;41;2;0;4;383;264;69;0.0;0
203587;545;4;10;1;9;6;0;51;4;0;3;426;296;69;0.0;0
203587;534;4;12;6;6;6;3;49;1;0;4;416;297;71;0.0;0
203588;541;3;15;9;6;2;1;68;3;0;4;676;584;86;0.0;0
203588;530;5;9;5;4;5;2;32;4;0;3;308;214;69;0.0;0
203589;546;2;14;8;6;4;0;52;3;0;1;403;294;73;0.0;0
203589;538;3;9;6;3;5;1;48;4;0;2;383;265;69;0.0;0
203590;731;5;13;10;3;5;0;54;5;1;4;433;330;76;0.0;0
203590;540;7;12;8;5;2;1;46;2;0;3;381;280;73;0.0;0
203591;543;4;20;15;5;8;2;39;2;0;2;285;191;67;0.0;0
203591;728;4;11;7;4;8;3;61;3;0;2;432;330;76;0.0;0
203592;548;3;10;7;3;8;2;57;4;0;2;435;316;73;0.0;0
203592;535;3;8;3;5;3;3;43;5;0;2;337;231;69;0.0;0
203593;533;3;9;8;1;3;4;50;0;0;1;478;408;85;0.0;0
203593;539;1;7;5;2;4;0;50;4;1;0;463;383;83;0.0;0
203594;532;3;9;7;2;7;4;51;2;0;1;504;413;82;0.0;0
203594;531;4;13;8;5;7;0;49;0;0;3;493;394;80;0.0;0
203595;544;2;14;8;6;6;1;65;2;1;2;585;485;83;0.0;0
203595;715;3;10;3;7;6;5;35;3;0;2;328;228;70;0.0;0
203596;529;8;17;15;2;6;2;68;3;0;2;674;579;86;0.0;0
203596;536;3;11;7;4;7;0;32;2;0;6;294;203;69;0.0;0
203597;530;5;12;11;2;8;4;52;1;0;1;566;468;83;0.0;0
203597;548;1;7;4;3;1;1;48;2;0;4;505;418;83;0.0;0
203598;534;5;11;7;4;2;1;56;5;0;2;510;435;85;0.0;0
203598;546;2;10;4;6;6;2;44;4;1;1;376;296;79;0.0;0
203602;531;6;13;9;4;1;3;54;1;0;3;551;434;79;0.0;0
203602;544;4;8;6;2;2;3;46;3;0;2;454;344;76;0.0;0
203601;535;1;11;7;4;4;1;46;6;0;1;343;231;67;0.0;0
203601;532;2;12;10;3;5;3;54;5;0;0;415;305;73;0.0;0
203599;536;4;14;10;4;12;3;52;1;0;6;448;356;79;0.0;0
203599;545;6;11;7;4;6;4;48;4;1;3;395;308;78;0.0;0
203600;538;4;11;3;8;9;2;69;2;0;3;644;547;85;0.0;0
203600;533;3;6;4;2;2;1;31;5;0;4;292;208;71;0.0;0
203603;539;4;12;5;7;3;1;47;1;0;6;447;370;83;0.0;0
203603;541;8;21;10;12;10;2;53;1;0;3;494;421;85;0.0;0
203604;715;8;13;7;6;4;1;55;7;0;0;451;350;78;0.0;0
203604;731;0;4;1;3;1;1;45;5;1;6;372;265;71;0.0;0
203605;540;3;15;10;5;5;6;53;4;0;3;396;291;73;0.0;0
203605;543;6;9;5;4;0;1;47;2;0;3;377;277;73;0.0;0
203606;728;4;8;4;4;3;3;36;0;2;3;282;212;75;0.0;0
203606;529;8;20;17;3;5;5;64;2;0;3;520;433;83;0.0;0
203607;541;12;20;9;11;10;1;56;2;0;2;554;473;85;0.0;0
203607;538;3;8;5;3;5;2;44;3;0;5;442;356;81;0.0;0
203608;533;2;13;7;6;6;4;57;1;0;2;638;525;82;0.0;0
203608;534;3;10;5;5;2;2;43;2;0;2;494;394;80;0.0;0
203609;546;4;14;6;8;10;3;49;5;0;3;346;241;70;0.0;0
203609;536;4;7;4;3;9;4;51;2;0;3;365;268;73;0.0;0
203610;544;7;14;10;4;10;3;55;4;0;0;468;354;76;0.0;0
203610;535;2;5;6;0;4;7;45;5;1;3;385;269;70;0.0;0
203611;543;4;11;5;6;6;3;42;5;1;4;313;227;73;0.0;0
203611;715;4;10;5;5;4;0;58;6;1;2;424;342;81;0.0;0
203612;545;0;7;4;3;6;3;31;3;0;3;305;215;70;0.0;0
203612;529;7;10;8;2;2;4;69;2;0;0;735;651;89;0.0;0
203613;548;3;15;12;3;10;4;58;3;0;2;454;364;80;0.0;0
203613;539;3;10;4;6;3;2;42;3;0;2;345;247;72;0.0;0
203614;731;1;5;3;2;3;8;45;1;0;4;407;300;74;0.0;0
203614;531;6;10;6;4;0;2;55;2;1;1;497;382;77;0.0;0
203615;532;3;10;6;4;6;0;44;3;1;2;443;335;76;0.0;0
203615;530;5;20;13;7;7;2;56;1;0;2;557;447;80;0.0;0
203616;540;8;9;7;2;8;2;33;5;1;0;252;155;62;0.0;0
203616;728;1;7;4;3;3;2;67;4;0;5;523;428;82;0.0;0
203617;535;3;13;3;10;3;3;47;2;0;4;423;303;72;0.0;0
203617;731;4;9;5;4;4;5;53;4;0;2;460;336;73;0.0;0
203618;529;9;16;13;4;5;1;70;0;0;1;682;613;90;0.0;0
203618;546;1;6;2;4;3;2;30;3;0;4;280;214;76;0.0;0
203619;538;1;7;2;5;5;1;42;3;0;6;365;249;68;0.0;0
203619;548;6;15;9;6;3;1;58;2;0;0;477;348;73;0.0;0
203620;530;7;14;9;5;10;1;51;1;0;1;475;384;81;0.0;0
203620;544;2;6;3;3;1;1;49;1;0;4;451;358;79;0.0;0
203621;728;3;12;6;6;8;5;59;5;0;0;402;278;69;0.0;0
203621;545;1;7;5;2;0;3;41;3;1;2;290;157;54;0.0;0
203622;539;6;13;12;1;8;2;45;2;0;1;356;241;68;0.0;0
203622;532;1;6;5;1;0;4;55;4;0;5;440;331;75;0.0;0
203623;536;4;14;13;2;5;6;55;3;1;3;435;362;83;0.0;0
203623;533;6;13;7;6;8;5;45;1;0;1;349;293;84;0.0;0
203624;531;9;18;13;5;5;1;48;0;0;0;506;373;74;0.0;0
203624;543;1;3;3;0;6;0;52;1;0;6;530;402;76;0.0;0
203625;534;6;15;12;3;6;1;51;4;0;2;534;441;83;0.0;0
203625;541;4;12;8;4;5;2;49;5;1;5;504;432;86;0.0;0
203626;715;1;8;5;3;2;5;41;7;1;2;294;210;71;0.0;0
203626;540;2;10;8;3;8;1;59;3;0;0;400;308;77;0.0;0
203627;546;4;8;6;2;3;2;42;2;0;5;325;194;60;0.0;0
203627;545;6;20;14;6;3;1;58;2;0;3;424;309;73;0.0;0
203628;731;3;12;8;4;7;0;61;5;0;0;570;448;79;0.0;0
203628;530;1;4;2;2;2;2;39;2;0;1;362;261;72;0.0;0
203629;548;3;13;7;6;11;2;62;4;0;6;515;427;83;0.0;0
203629;534;7;12;9;3;5;0;38;5;0;3;336;249;74;0.0;0
203630;715;2;11;7;4;6;1;31;3;1;4;246;163;66;0.0;0
203630;728;6;22;14;8;12;6;69;5;0;0;506;438;87;0.0;0
203631;544;6;15;12;4;2;0;52;2;0;0;435;334;77;0.0;0
203631;539;1;7;2;5;1;2;48;3;0;5;401;290;72;0.0;0
203632;543;5;16;11;5;5;3;55;3;0;4;443;338;76;0.0;0
203632;535;5;14;9;5;7;2;45;2;0;5;376;263;70;0.0;0
203633;540;7;17;10;7;6;6;40;3;0;3;350;244;70;0.0;0
203633;531;4;14;8;6;2;3;60;3;0;5;506;389;77;0.0;0
203634;533;6;14;9;6;4;2;32;8;0;4;320;248;78;0.0;0
203634;529;6;15;7;8;4;4;68;4;0;5;667;592;89;0.0;0
203635;532;4;14;8;6;4;1;48;1;0;4;416;316;76;0.0;0
203635;538;6;13;10;3;5;2;52;0;0;3;452;334;74;0.0;0
203636;541;12;26;13;13;8;6;63;2;0;4;585;521;89;0.0;0
203636;536;4;8;8;0;8;3;37;2;0;8;329;263;80;0.0;0
203637;728;7;16;10;6;9;4;53;4;1;3;333;248;74;0.0;0
203637;546;3;15;8;7;6;2;47;5;0;5;298;203;68;0.0;0
203638;530;11;18;15;3;5;1;49;1;0;4;431;332;77;0.0;0
203638;543;5;8;5;3;5;0;51;3;0;6;443;351;79;0.0;0
203639;534;6;13;10;4;8;3;62;2;0;3;550;458;83;0.0;0
203639;532;4;7;2;5;2;7;38;4;0;5;327;235;72;0.0;0
203640;529;3;14;9;5;4;3;68;3;0;4;685;617;90;0.0;0
203640;541;6;15;11;4;3;3;32;4;1;2;317;254;80;0.0;0
203641;538;2;9;4;5;11;4;61;4;0;2;510;403;79;0.0;0
203641;544;3;7;2;5;0;0;39;4;1;1;338;227;67;0.0;0
203642;531;1;8;7;1;13;6;53;2;0;1;411;331;81;0.0;0
203642;715;2;9;7;2;1;3;47;5;0;0;375;280;75;0.0;0
203643;535;5;11;7;4;5;2;63;2;0;0;521;406;78;0.0;0
203643;540;1;5;4;1;1;7;37;3;0;4;297;193;65;0.0;0
203644;545;3;10;8;2;4;1;51;3;0;2;444;317;71;0.0;0
203644;533;4;8;7;1;3;5;49;3;0;2;441;310;70;0.0;0
203645;536;6;15;10;5;8;1;65;4;0;1;506;403;80;0.0;0
203645;548;2;8;4;5;3;2;35;5;1;5;276;184;67;0.0;0
203646;539;4;16;9;7;4;2;54;6;1;1;413;294;71;0.0;0
203646;731;1;11;6;5;6;3;46;4;0;4;353;233;66;0.0;0
203647;715;1;8;4;4;5;4;49;1;0;3;394;298;76;0.0;0
203647;535;2;9;7;2;5;2;51;2;0;1;403;307;76;0.0;0
203648;541;6;13;7;6;6;3;61;1;0;2;518;438;85;0.0;0
203648;545;2;9;5;4;7;3;39;3;0;2;325;235;72;0.0;0
203649;540;4;10;10;0;3;1;52;2;0;2;431;328;76;0.0;0
203649;530;5;14;10;4;5;0;48;2;0;3;389;286;74;0.0;0
203650;548;1;5;2;3;5;5;26;1;0;6;238;147;62;0.0;0
203650;529;6;13;7;6;9;4;74;3;0;0;686;589;86;0.0;0
203651;543;2;7;5;2;4;2;51;4;0;3;444;345;78;0.0;0
203651;539;3;12;7;5;3;2;49;3;0;1;424;322;76;0.0;0
203652;731;2;10;6;4;7;1;41;2;0;4;315;215;68;0.0;0
203652;538;5;17;13;4;7;1;59;5;0;2;478;374;78;0.0;0
203653;532;8;23;12;11;10;1;50;2;0;3;367;297;81;0.0;0
203653;536;4;7;6;1;3;3;50;2;0;6;373;283;76;0.0;0
203654;533;3;13;13;0;8;0;53;2;0;4;435;325;75;0.0;0
203654;546;3;17;9;8;5;0;47;2;0;1;378;271;72;0.0;0
203655;531;7;14;9;5;0;2;44;1;0;4;410;291;71;0.0;0
203655;728;4;12;11;1;5;7;56;3;0;6;510;406;80;0.0;0
203656;544;5;19;9;10;7;2;38;1;0;3;382;294;77;0.0;0
203656;534;6;13;8;5;4;1;62;1;0;4;617;526;85;0.0;0
203657;539;4;12;7;5;4;5;50;5;0;1;381;277;73;0.0;0
203657;540;2;10;6;4;6;4;50;0;0;2;361;261;72;0.0;0
203658;546;5;12;7;5;5;1;37;4;0;6;307;249;81;0.0;0
203658;541;11;21;10;11;6;2;63;1;0;3;530;473;89;0.0;0
203659;534;4;10;1;9;3;2;55;2;0;1;518;426;82;0.0;0
203659;731;2;12;10;2;10;1;45;5;0;3;374;278;74;0.0;0
203660;545;4;9;9;0;2;0;43;3;0;3;347;214;62;0.0;0
203660;548;4;7;5;2;0;2;57;3;0;2;448;350;78;0.0;0
203661;538;5;18;15;3;12;2;66;4;0;2;568;478;84;0.0;0
203661;543;4;9;5;4;4;1;34;3;0;4;296;210;71;0.0;0
203662;535;7;17;11;6;8;5;47;3;0;2;366;243;66;0.0;0
203662;531;3;6;5;1;2;3;53;5;0;7;424;299;71;0.0;0
203663;536;3;11;9;2;10;4;58;2;0;3;496;417;84;0.0;0
203663;544;4;5;2;3;0;2;42;2;0;2;384;295;77;0.0;0
203665;530;3;8;8;0;4;2;55;3;0;0;504;398;79;0.0;0
203665;715;0;11;6;5;2;0;45;5;0;0;405;307;76;0.0;0
203664;728;6;14;11;3;4;1;63;2;0;1;556;457;82;0.0;0
203664;533;2;6;3;3;3;4;37;3;0;4;323;221;68;0.0;0
203666;529;7;22;17;5;7;7;69;3;0;1;633;538;85;0.0;0
203666;532;2;7;7;1;2;5;31;3;0;6;284;199;70;0.0;0
203667;540;3;8;4;4;2;2;38;1;0;0;382;268;70;0.0;0
203667;538;1;3;2;1;2;4;62;1;0;2;616;491;80;0.0;0
203668;543;6;20;11;9;6;2;50;2;0;0;454;379;83;0.0;0
203668;534;0;3;2;1;3;0;50;3;1;5;473;394;83;0.0;0
203669;544;6;16;8;8;6;0;34;1;0;1;362;295;81;0.0;0
203669;529;10;19;16;3;2;2;66;0;0;5;722;666;92;0.0;0
203672;531;6;12;8;4;8;0;68;0;0;1;687;578;84;0.0;0
203672;530;2;8;4;4;4;2;32;0;0;7;323;226;70;0.0;0
203670;532;6;9;8;1;6;1;51;1;0;2;491;408;83;0.0;0
203670;545;2;9;6;3;3;3;49;2;0;2;453;359;79;0.0;0
203673;535;4;12;11;1;7;2;51;1;0;3;376;280;74;0.0;0
203673;728;4;11;6;5;7;1;49;3;0;3;365;277;76;0.0;0
203671;731;2;14;6;9;5;4;47;2;0;7;409;310;76;0.0;0
203671;536;8;18;13;5;7;0;53;1;0;1;444;359;81;0.0;0
203674;541;6;20;13;7;11;2;60;1;0;2;692;600;87;0.0;0
203674;533;2;5;2;3;1;1;40;1;0;3;461;363;79;0.0;0
203675;548;5;14;12;2;8;2;59;2;0;1;481;385;80;0.0;0
203675;546;3;7;5;2;2;4;41;4;0;4;341;260;76;0.0;0
203676;715;6;13;12;1;3;3;48;6;0;4;357;282;79;0.0;0
203676;539;5;15;9;6;4;4;52;7;1;1;382;303;79;0.0;0
203677;534;9;14;9;5;5;4;62;4;0;5;579;504;87;0.0;0
203677;540;5;11;8;3;5;2;38;4;0;5;349;271;78;0.0;0
203678;728;6;11;6;5;4;6;39;6;0;2;340;246;72;0.0;0
203678;541;6;16;10;6;6;3;61;1;0;4;539;439;81;0.0;0
203679;530;4;14;9;5;10;3;46;3;0;4;360;253;70;0.0;0
203679;535;4;7;3;4;4;0;54;3;0;3;443;318;72;0.0;0
203680;529;10;24;17;7;6;1;72;0;0;2;698;619;89;0.0;0
203680;731;3;5;4;1;1;0;28;4;1;3;265;181;68;0.0;0
203681;545;2;9;7;2;11;0;48;0;0;0;404;261;65;0.0;0
203681;544;1;9;5;4;7;2;52;1;0;1;435;306;70;0.0;0
203682;539;5;10;8;3;4;2;35;2;0;6;283;188;66;0.0;0
203682;531;8;19;10;9;9;2;65;1;0;4;500;395;79;0.0;0
203683;536;3;13;8;5;8;1;55;5;0;2;376;274;73;0.0;0
203683;543;2;8;3;5;5;1;45;4;0;1;309;209;68;0.0;0
203684;546;11;18;15;3;8;1;40;4;0;2;318;248;78;0.0;0
203684;532;4;5;2;3;2;1;60;1;0;9;503;433;86;0.0;0
203685;533;3;8;3;5;3;3;40;4;0;2;373;269;72;0.0;0
203685;548;2;7;6;1;5;1;60;1;0;3;544;445;82;0.0;0
203686;538;4;15;9;6;4;3;63;2;0;2;537;431;80;0.0;0
203686;715;3;12;7;5;4;1;37;3;0;2;297;207;70;0.0;0
203687;731;3;3;2;1;1;2;44;2;0;6;368;262;71;0.0;0
203687;545;6;12;4;8;5;2;56;2;0;1;459;350;76;0.0;0
203688;548;4;11;6;5;6;2;45;4;0;5;400;301;75;0.0;0
203688;541;6;18;12;6;6;3;55;3;0;4;490;398;81;0.0;0
203689;530;6;12;6;6;5;6;37;1;0;2;304;188;62;0.0;0
203689;728;2;13;5;8;7;0;63;1;0;5;494;373;76;0.0;0
203690;543;1;2;1;1;2;2;26;5;1;2;271;186;69;0.0;0
203690;529;4;11;9;2;4;3;74;3;0;1;750;663;88;0.0;0
203691;715;5;14;6;8;4;3;36;3;0;3;344;249;72;0.0;0
203691;534;6;11;8;3;3;1;64;2;0;2;598;504;84;0.0;0
203692;531;2;10;4;6;7;1;57;1;0;1;439;317;72;0.0;0
203692;538;2;5;4;1;2;7;43;5;1;0;340;230;68;0.0;0
203693;540;7;12;7;5;4;3;42;3;0;0;310;224;72;0.0;0
203693;536;0;7;3;4;2;1;58;3;0;6;435;339;78;0.0;0
203694;544;5;15;4;11;8;2;53;3;1;3;409;306;75;0.0;0
203694;546;5;11;7;4;5;4;47;6;0;5;358;259;72;0.0;0
203695;532;1;7;2;5;9;0;55;1;0;1;556;488;88;0.0;0
203695;533;3;8;6;2;3;3;45;2;0;1;462;380;82;0.0;0
203696;535;11;22;16;6;13;1;58;2;0;3;443;329;74;0.0;0
203696;539;5;11;10;1;7;3;42;4;0;7;323;223;69;0.0;0
203702;529;7;13;9;4;8;1;67;2;0;1;580;507;87;0.0;0
203702;540;2;4;3;1;0;1;33;7;0;2;283;195;69;0.0;0
203699;533;4;10;6;4;8;1;65;3;0;2;587;526;90;0.0;0
203699;544;4;8;4;4;5;1;35;1;0;4;313;235;75;0.0;0
203704;534;2;4;1;3;2;9;60;1;0;3;640;547;85;0.0;0
203704;531;3;9;5;4;2;4;40;1;0;2;406;305;75;0.0;0
203703;536;6;12;10;2;5;2;60;4;0;3;471;381;81;0.0;0
203703;715;7;11;7;4;4;2;40;1;0;4;302;216;72;0.0;0
203705;538;3;12;7;5;4;4;55;0;0;5;536;416;78;0.0;0
203705;535;5;13;5;8;3;2;45;2;0;2;410;299;73;0.0;0
203706;539;5;11;4;7;4;1;55;1;0;4;570;464;81;0.0;0
203706;530;5;17;11;6;5;3;45;1;0;3;446;360;81;0.0;0
203698;541;8;15;11;4;5;2;47;1;0;6;514;435;85;0.0;0
203698;532;8;17;10;7;8;0;53;4;1;5;584;526;90;0.0;0
203701;545;9;21;15;6;8;0;59;1;0;2;539;415;77;0.0;0
203701;543;3;6;3;3;2;1;41;3;0;8;388;271;70;0.0;0
203700;546;9;19;13;6;7;2;58;3;0;2;385;305;79;0.0;0
203700;731;3;9;5;4;3;0;42;3;1;8;283;192;68;0.0;0
203697;548;6;12;9;3;5;5;38;2;1;4;335;221;66;0.0;0
203697;728;5;18;12;6;11;4;62;1;0;4;500;414;83;0.0;0
203707;532;0;8;5;3;4;1;50;2;0;5;427;333;78;0.0;0
203707;548;7;14;7;7;6;3;50;2;0;0;413;317;77;0.0;0
203708;544;2;10;3;7;4;0;40;1;0;3;455;377;83;0.0;0
203708;541;5;16;9;7;8;3;60;3;0;2;664;603;91;0.0;0
203709;715;2;8;3;5;5;3;34;5;0;7;278;211;76;0.0;0
203709;529;10;12;7;5;6;3;66;2;0;2;565;486;86;0.0;0
203711;530;5;11;5;6;4;1;45;4;0;4;450;354;79;0.0;0
203711;538;4;7;4;3;4;0;55;5;0;3;537;441;82;0.0;0
203710;531;6;14;10;4;7;1;57;1;1;3;520;428;82;0.0;0
203710;536;4;8;4;4;6;3;43;3;2;4;387;300;78;0.0;0
203712;535;8;14;12;2;3;0;36;1;0;6;306;234;76;0.0;0
203712;534;7;12;8;4;6;5;64;1;0;5;563;484;86;0.0;0
203713;540;7;11;9;2;3;5;49;4;0;6;425;315;74;0.0;0
203713;545;8;13;5;8;4;0;51;3;0;3;411;284;69;0.0;0
203715;543;4;7;6;1;3;2;60;1;0;4;500;422;84;0.0;0
203715;546;5;14;7;7;2;6;40;8;1;2;317;245;77;0.0;0
203716;728;9;19;9;10;9;3;55;1;0;1;512;432;84;0.0;0
203716;539;2;8;4;4;3;0;45;3;0;6;408;305;75;0.0;0
203714;731;6;15;10;5;4;1;52;1;0;5;531;449;85;0.0;0
203714;533;5;11;4;7;1;3;48;2;0;4;498;414;83;0.0;0
20823;535;4;13;9;4;5;1;55;2;0;2;402;286;71;0.0;0
20823;727;3;8;5;3;3;1;45;3;0;3;328;219;67;0.0;0
20822;544;6;11;6;5;1;4;49;3;0;5;377;287;76;0.0;0
20822;545;6;13;5;8;8;1;51;3;0;4;372;276;74;0.0;0
20821;529;12;30;16;14;10;4;73;1;0;0;684;608;89;0.0;0
20821;543;2;6;3;3;2;0;27;3;0;6;249;176;71;0.0;0
20820;715;1;7;4;3;7;1;67;2;0;2;522;438;84;0.0;0
20820;533;3;12;8;4;3;3;33;3;0;0;252;163;65;0.0;0
20819;536;11;16;12;4;8;2;73;2;0;3;589;493;84;0.0;0
20819;540;7;10;7;3;2;0;27;2;0;5;202;138;68;0.0;0
20818;731;4;12;7;5;2;2;38;3;0;3;297;170;57;0.0;0
20818;531;4;13;5;8;5;0;62;3;0;2;475;340;72;0.0;0
20817;548;0;8;6;2;4;0;44;2;0;5;422;328;78;0.0;0
20817;541;8;18;12;6;7;0;56;3;0;0;535;441;82;0.0;0
20816;530;6;27;17;10;20;7;62;0;0;0;490;412;84;0.0;0
20816;542;1;2;0;2;2;1;38;4;0;5;311;206;66;0.0;0
20815;538;2;10;6;4;8;2;64;4;0;5;593;485;82;0.0;0
20815;537;6;15;7;8;4;0;36;1;1;2;328;229;70;0.0;0
20814;532;8;17;11;6;12;3;58;2;0;0;470;407;87;0.0;0
20814;534;4;6;5;1;1;3;42;2;0;6;360;287;80;0.0;0
20813;543;5;15;10;5;13;6;56;0;0;1;463;370;80;0.0;0
20813;544;1;12;7;5;2;1;44;2;0;5;355;267;75;0.0;0
20812;540;2;7;4;3;3;4;50;2;0;1;342;252;74;0.0;0
20812;535;3;9;3;6;4;5;50;4;0;0;333;243;73;0.0;0
20810;545;6;14;5;9;6;2;39;2;0;3;267;181;68;0.0;0
20810;532;3;14;8;6;10;3;61;2;0;5;416;319;77;0.0;0
20811;727;3;9;6;3;10;4;45;2;0;3;325;221;68;0.0;0
20811;548;4;5;2;4;1;3;55;1;0;3;417;299;72;0.0;0
20809;541;10;24;11;13;7;4;53;0;0;2;462;403;87;0.0;0
20809;538;3;8;3;5;2;3;47;2;0;8;408;324;79;0.0;0
20808;537;1;6;2;4;1;1;36;3;0;3;338;207;61;0.0;0
20808;530;3;10;8;2;8;7;64;1;0;1;574;433;75;0.0;0
20807;534;10;15;14;1;6;3;53;5;0;1;441;361;82;0.0;0
20807;715;2;13;5;8;4;1;47;1;0;4;377;303;80;0.0;0
20806;542;2;13;6;7;4;3;50;1;0;1;471;390;83;0.0;0
20806;731;1;7;2;5;6;1;50;1;0;2;457;359;79;0.0;0
20805;531;4;9;3;6;4;1;37;5;0;1;341;261;77;0.0;0
20805;529;3;12;12;0;4;6;63;4;0;4;600;507;85;0.0;0
20804;533;5;12;5;7;5;2;37;1;0;0;325;235;72;0.0;0
20804;536;0;6;2;4;1;2;63;3;0;5;543;450;83;0.0;0
20803;548;3;9;5;4;11;3;65;2;0;0;554;450;81;0.0;0
20803;540;1;4;1;3;1;1;35;4;1;2;317;212;67;0.0;0
20802;538;1;9;5;4;6;0;57;1;0;2;483;381;79;0.0;0
20802;530;6;14;9;5;4;2;43;2;0;1;350;254;73;0.0;0
20801;541;11;25;20;5;6;5;61;2;0;1;496;437;88;0.0;0
20801;727;3;10;7;3;7;1;39;4;1;6;299;225;75;0.0;0
20799;535;2;16;8;8;9;3;51;2;0;3;404;287;71;0.0;0
20799;533;6;12;10;2;7;1;49;1;0;2;410;303;74;0.0;0
20800;536;7;15;12;3;10;5;65;2;0;3;517;445;86;0.0;0
20800;534;4;7;2;5;1;4;35;5;1;5;278;216;78;0.0;0
20798;529;2;16;9;7;13;5;74;1;0;2;678;609;90;0.0;0
20798;542;4;5;2;3;0;4;26;1;0;1;240;158;66;0.0;0
20797;731;4;7;5;2;3;3;55;0;0;1;495;386;78;0.0;0
20797;537;2;9;6;3;5;2;45;1;0;2;379;289;76;0.0;0
20796;532;10;24;10;14;5;2;55;2;1;2;425;360;85;0.0;0
20796;543;5;12;8;4;5;4;45;4;0;8;343;274;80;0.0;0
20795;715;5;16;10;6;6;2;69;2;0;6;511;428;84;0.0;0
20795;545;8;10;5;5;7;3;31;0;1;4;224;127;57;0.0;0
20794;544;3;16;7;9;7;5;60;2;0;1;508;423;83;0.0;0
20794;531;2;7;2;5;6;2;40;3;0;3;339;234;69;0.0;0
20793;543;7;23;16;7;7;0;64;5;1;5;521;431;83;0.0;0
20793;715;8;15;7;8;3;1;36;5;1;5;292;203;70;0.0;0
20792;537;6;15;8;7;2;2;37;4;0;2;297;223;75;0.0;0
20792;529;7;10;8;2;5;3;63;2;0;4;520;440;85;0.0;0
20791;530;7;18;9;9;1;2;53;0;0;1;582;491;84;0.0;0
20791;731;1;10;7;3;4;0;47;2;0;2;498;397;80;0.0;0
20790;545;2;10;8;2;4;4;45;1;2;3;355;253;71;0.0;0
20790;536;4;8;5;3;2;1;55;1;0;1;445;344;77;0.0;0
20789;534;2;6;3;3;2;3;65;3;0;2;612;527;86;0.0;0
20789;535;2;10;4;6;2;3;35;1;0;1;319;224;70;0.0;0
20788;727;1;8;4;4;3;0;39;4;0;5;296;187;63;0.0;0
20788;538;5;13;6;7;5;7;61;1;0;1;466;371;80;0.0;0
20787;531;4;13;11;2;7;1;46;4;0;1;350;249;71;0.0;0
20787;532;2;10;6;4;1;2;54;4;0;2;432;333;77;0.0;0
20786;533;4;9;5;4;3;2;40;2;0;1;371;284;77;0.0;0
20786;548;2;15;7;8;6;1;60;5;1;2;528;439;83;0.0;0
20785;540;2;11;7;4;4;1;40;4;0;5;391;328;84;0.0;0
20785;541;7;13;6;7;5;3;60;2;0;2;593;531;90;0.0;0
20784;542;1;9;5;4;4;2;53;3;0;1;500;414;83;0.0;0
20784;544;1;16;8;8;5;2;47;4;0;1;444;359;81;0.0;0
20783;535;6;14;6;8;7;5;54;2;0;2;430;336;78;0.0;0
20783;545;3;12;10;2;5;2;46;4;0;4;373;250;67;0.0;0
20782;536;3;12;10;2;6;1;55;5;0;2;438;341;78;0.0;0
20782;543;2;8;4;4;2;1;45;4;0;2;346;238;69;0.0;0
20780;538;5;15;10;5;8;4;68;2;0;0;571;441;77;0.0;0
20780;731;1;4;2;2;0;1;32;3;0;3;270;138;51;0.0;0
20781;541;6;23;14;9;17;2;59;4;0;2;583;519;89;0.0;0
20781;533;3;8;3;5;3;0;41;1;0;5;436;357;82;0.0;0
20777;529;7;19;12;7;8;0;70;2;0;3;719;646;90;0.0;0
20777;530;4;9;3;6;2;3;30;4;0;6;310;243;78;0.0;0
20779;548;7;17;14;3;7;2;59;1;0;2;605;536;89;0.0;0
20779;534;3;8;5;3;4;1;41;2;1;3;422;347;82;0.0;0
20778;715;2;13;7;6;6;3;57;1;0;5;507;398;79;0.0;0
20778;531;7;12;9;3;3;0;43;0;0;1;375;254;68;0.0;0
20775;544;5;12;9;3;7;0;53;0;0;0;431;324;75;0.0;0
20775;537;2;8;5;3;1;4;47;3;0;4;386;277;72;0.0;0
20776;727;12;18;14;4;7;2;51;2;0;0;347;246;71;0.0;0
20776;540;2;10;7;3;1;1;49;1;0;11;342;241;70;0.0;0
20774;532;2;12;10;3;6;2;49;2;0;0;447;365;82;0.0;0
20774;542;1;8;3;5;4;2;51;4;0;1;471;377;80;0.0;0
20773;543;4;11;6;5;6;3;49;4;0;6;341;252;74;0.0;0
20773;535;6;16;9;7;5;3;51;6;0;2;342;239;70;0.0;0
20772;545;3;17;11;7;5;3;53;4;0;0;361;264;73;0.0;0
20772;548;0;3;2;1;3;5;47;2;1;2;307;191;62;0.0;0
20771;731;3;10;6;4;4;1;38;3;1;2;359;264;74;0.0;0
20771;529;7;13;11;2;3;5;62;0;0;3;574;491;86;0.0;0
20770;531;7;14;11;3;4;0;34;2;0;1;292;196;67;0.0;0
20770;536;2;5;4;1;5;4;66;2;1;4;552;461;84;0.0;0
20769;534;6;8;6;2;0;1;54;3;0;9;540;465;86;0.0;0
20769;541;11;27;22;5;5;5;46;2;0;4;435;369;85;0.0;0
20768;537;3;7;4;3;1;3;51;4;0;2;419;301;72;0.0;0
20768;532;4;10;9;1;5;4;49;4;0;2;385;280;73;0.0;0
20767;530;5;21;13;8;10;8;66;1;0;1;608;538;88;0.0;0
20767;544;1;8;2;6;0;0;34;4;1;4;306;217;71;0.0;0
20766;533;4;12;10;2;5;5;59;0;0;2;575;494;86;0.0;0
20766;727;3;11;9;2;5;1;41;2;0;2;368;284;77;0.0;0
20765;540;2;10;8;2;4;1;42;2;0;2;349;256;73;0.0;0
20765;538;4;12;3;9;7;5;58;3;0;1;475;383;81;0.0;0
20764;542;6;16;9;7;5;4;43;3;0;2;345;232;67;0.0;0
20764;715;3;13;6;7;6;1;57;3;0;3;450;340;76;0.0;0
20763;548;8;16;7;9;4;2;61;2;0;2;501;399;80;0.0;0
20763;543;2;5;1;4;2;2;39;3;0;7;321;223;69;0.0;0
20762;715;1;8;2;6;6;0;42;1;0;2;293;159;54;0.0;0
20762;537;3;7;2;5;4;2;58;0;0;1;419;294;70;0.0;0
20761;536;12;20;15;5;9;3;75;2;0;0;552;492;89;0.0;0
20761;542;1;7;4;3;2;1;25;6;0;10;182;116;64;0.0;0
20760;727;3;5;3;2;1;7;20;3;0;3;179;108;60;0.0;0
20760;534;5;17;12;5;12;1;80;4;0;1;683;606;89;0.0;0
20759;544;6;21;10;11;11;2;58;0;0;1;426;324;76;0.0;0
20759;731;2;7;2;5;4;3;42;4;0;4;315;208;66;0.0;0
20758;532;5;14;7;7;6;0;40;1;0;8;394;306;78;0.0;0
20758;530;10;18;10;8;5;4;60;3;0;5;568;473;83;0.0;0
20757;541;3;15;12;3;7;6;65;4;0;3;529;459;87;0.0;0
20757;545;4;8;6;2;5;1;35;5;0;3;283;211;75;0.0;0
20756;535;3;15;10;5;7;2;60;9;1;0;463;359;78;0.0;0
20756;531;1;7;1;6;2;5;40;3;1;1;312;192;62;0.0;0
20755;540;1;8;5;3;3;3;40;2;0;1;387;302;78;0.0;0
20755;533;1;5;4;1;1;3;60;2;0;1;578;500;87;0.0;0
20754;538;9;14;9;6;3;0;34;1;0;1;277;186;67;0.0;0
20754;529;4;13;7;6;6;2;66;3;0;6;508;412;81;0.0;0
20753;534;8;13;5;8;8;2;67;2;0;2;646;572;89;0.0;0
20753;540;2;5;3;2;4;5;33;3;0;8;309;228;74;0.0;0
20752;537;6;19;8;11;5;2;41;2;0;1;335;250;75;0.0;0
20752;536;4;5;3;2;2;5;59;5;0;4;497;395;79;0.0;0
20751;529;8;25;16;9;8;3;70;1;0;0;665;588;88;0.0;0
20751;544;0;7;3;4;2;1;30;2;1;4;271;202;75;0.0;0
20750;530;11;17;14;3;11;4;65;1;0;1;632;552;87;0.0;0
20750;715;2;9;2;7;3;0;35;1;0;4;332;253;76;0.0;0
20749;543;2;13;9;4;2;0;48;4;0;3;510;446;87;0.0;0
20749;541;9;22;16;6;5;1;52;1;0;1;535;473;88;0.0;0
20748;542;4;8;5;3;6;5;44;3;1;4;370;279;75;0.0;0
20748;535;5;12;5;7;6;1;56;5;1;3;457;359;79;0.0;0
20747;531;11;15;8;7;7;4;47;3;0;1;320;227;71;0.0;0
20747;548;3;6;4;2;4;3;53;3;0;8;378;273;72;0.0;0
20746;731;2;10;6;4;4;2;48;5;0;1;422;311;74;0.0;0
20746;532;3;7;5;2;4;0;52;1;0;1;457;368;81;0.0;0
20745;533;5;11;8;4;3;3;44;1;0;1;458;380;83;0.0;0
20745;538;1;4;3;1;5;4;56;6;1;1;568;477;84;0.0;0
20744;545;5;13;7;6;5;2;64;1;0;1;422;321;76;0.0;0
20744;727;4;8;6;2;0;4;36;2;0;3;241;128;53;0.0;0
20743;727;5;13;8;5;6;1;42;3;1;3;303;194;64;0.0;0
20743;543;6;12;9;3;4;3;58;2;0;3;434;316;73;0.0;0
20742;540;5;11;5;6;7;1;52;3;1;1;399;298;75;0.0;0
20742;545;3;8;7;2;6;2;48;6;0;2;384;270;70;0.0;0
20741;532;4;7;5;2;3;4;29;5;0;5;274;191;70;0.0;0
20741;529;8;15;12;3;1;2;71;4;0;2;643;558;87;0.0;0
20740;548;5;16;12;4;4;0;60;3;0;3;536;443;83;0.0;0
20740;542;3;10;7;3;2;1;40;5;0;2;354;259;73;0.0;0
20739;715;1;12;5;7;3;0;48;4;0;3;409;289;71;0.0;0
20739;731;3;3;3;0;3;1;52;1;0;1;435;306;70;0.0;0
20738;538;7;9;8;1;5;2;55;3;0;0;375;280;75;0.0;0
20738;544;1;11;8;3;4;1;45;5;0;3;297;207;70;0.0;0
20737;536;5;12;6;6;4;1;59;4;0;3;581;471;81;0.0;0
20737;530;3;9;4;5;5;2;41;4;1;4;398;295;74;0.0;0
20736;533;4;14;8;6;2;6;45;2;0;3;425;342;80;0.0;0
20736;534;4;8;6;2;1;3;55;5;0;2;532;448;84;0.0;0
20735;535;8;24;16;8;5;2;48;1;0;5;392;290;74;0.0;0
20735;537;5;13;8;5;8;3;52;3;0;4;417;317;76;0.0;0
20734;541;8;24;17;7;6;4;65;2;0;2;587;521;89;0.0;0
20734;531;3;10;5;5;4;1;35;3;0;6;310;219;71;0.0;0
20733;537;4;7;2;5;1;1;40;5;0;3;356;244;69;0.0;0
20733;548;5;9;7;2;4;2;60;2;0;4;524;405;77;0.0;0
20732;731;5;9;5;4;3;2;37;6;0;5;307;210;68;0.0;0
20732;536;6;20;10;10;4;2;63;2;0;4;516;430;83;0.0;0
20731;542;3;8;7;1;4;1;41;5;0;1;365;303;83;0.0;0
20731;541;5;15;4;11;3;3;59;1;0;2;542;464;86;0.0;0
20730;530;7;16;9;7;6;1;55;3;1;1;480;392;82;0.0;0
20730;535;3;6;1;5;2;0;45;5;1;3;393;307;78;0.0;0
20729;529;5;15;11;4;8;6;72;1;0;0;683;610;89;0.0;0
20729;715;0;1;1;0;1;6;28;4;0;4;267;189;71;0.0;0
20728;545;9;13;8;5;3;1;48;2;0;0;387;279;72;0.0;0
20728;533;1;6;4;2;7;4;52;3;0;7;424;314;74;0.0;0
20727;531;4;18;10;8;9;5;70;0;0;2;488;398;82;0.0;0
20727;727;3;7;5;2;2;5;30;1;0;3;220;125;57;0.0;0
20726;543;5;13;8;5;8;1;61;3;0;4;517;414;80;0.0;0
20726;540;5;10;4;6;3;0;39;3;0;5;331;238;72;0.0;0
20725;534;8;17;8;9;8;2;75;2;0;3;628;553;88;0.0;0
20725;538;6;9;8;1;1;3;25;8;1;5;200;128;64;0.0;0
20724;544;4;16;7;9;5;4;39;1;0;2;318;230;72;0.0;0
20724;532;3;10;3;7;6;3;61;5;0;3;526;436;83;0.0;0
20723;535;7;22;15;7;9;2;62;5;0;2;413;313;76;0.0;0
20723;731;4;7;4;3;2;2;38;6;1;5;261;144;55;0.0;0
20722;715;5;14;10;4;7;3;59;1;0;4;460;367;80;0.0;0
20722;544;5;13;10;3;6;2;41;2;0;4;324;212;65;0.0;0
20721;548;3;12;6;6;6;0;58;2;0;2;567;470;83;0.0;0
20721;530;2;8;5;3;6;2;42;4;0;1;393;306;78;0.0;0
20720;727;4;10;5;5;3;1;38;5;0;2;315;214;68;0.0;0
20720;542;3;12;10;2;4;2;62;2;0;3;516;424;82;0.0;0
20719;534;6;16;10;6;7;3;65;1;0;4;624;504;81;0.0;0
20719;545;5;13;6;7;4;2;35;5;0;5;318;219;69;0.0;0
20718;541;7;17;8;9;2;3;64;3;0;3;642;563;88;0.0;0
20718;537;3;7;1;6;2;2;36;5;0;4;342;261;76;0.0;0
20716;538;4;7;4;3;4;2;53;6;0;3;484;370;76;0.0;0
20716;532;4;14;11;3;3;1;47;1;0;2;407;280;69;0.0;0
20717;540;3;5;3;2;5;3;52;1;0;0;475;360;76;0.0;0
20717;531;0;4;1;3;3;3;48;2;0;3;436;328;75;0.0;0
20715;533;7;15;8;7;10;2;49;0;0;3;457;359;79;0.0;0
20715;543;3;7;4;3;1;1;51;2;0;5;478;377;79;0.0;0
20714;536;4;16;13;3;3;1;47;4;0;5;449;369;82;0.0;0
20714;529;7;14;11;3;5;0;53;6;0;3;494;421;85;0.0;0
20713;543;3;10;5;5;4;7;33;0;0;3;292;213;73;0.0;0
20713;534;3;9;4;5;5;3;67;1;0;1;595;501;84;0.0;0
20712;544;3;4;4;0;3;2;26;3;0;4;216;146;68;0.0;0
20712;536;7;20;12;8;14;2;74;2;0;1;588;506;86;0.0;0
20711;529;8;29;18;11;14;5;81;0;0;1;729;641;88;0.0;0
20711;535;1;4;1;3;1;1;19;2;2;8;176;87;49;0.0;0
20710;545;6;12;9;3;7;1;41;2;0;2;346;233;67;0.0;0
20710;538;2;6;3;3;0;2;59;5;2;5;504;391;78;0.0;0
20709;530;5;16;8;8;8;3;47;4;0;4;441;371;84;0.0;0
20709;541;7;12;9;3;6;2;53;2;0;5;495;420;85;0.0;0
20708;542;4;10;7;3;2;1;54;5;0;2;482;402;83;0.0;0
20708;540;3;10;5;5;5;1;46;2;0;4;398;307;77;0.0;0
20707;532;7;15;11;4;11;10;65;1;0;4;561;486;87;0.0;0
20707;715;5;9;3;6;2;0;35;5;0;6;311;227;73;0.0;0
20706;731;1;4;2;2;3;2;39;2;0;6;372;275;74;0.0;0
20706;548;9;20;13;7;5;4;61;1;0;0;580;495;85;0.0;0
20705;531;5;12;11;1;6;4;50;0;0;2;438;338;77;0.0;0
20705;533;2;6;1;5;5;1;50;2;0;4;434;340;78;0.0;0
20704;537;5;15;11;4;3;6;54;2;0;2;460;356;77;0.0;0
20704;727;2;5;2;3;2;1;46;3;0;3;372;252;68;0.0;0
20703;545;9;16;9;7;5;3;62;0;0;1;527;421;80;0.0;0
20703;543;2;7;2;5;1;4;38;1;1;6;326;202;62;0.0;0
20702;535;4;10;5;5;2;1;37;3;0;5;320;222;69;0.0;0
20702;544;8;24;14;10;5;3;63;1;0;0;532;444;83;0.0;0
20701;541;7;19;13;6;5;2;53;1;0;2;497;426;86;0.0;0
20701;731;3;9;4;5;6;0;47;3;0;5;429;361;84;0.0;0
20700;540;4;8;5;3;3;1;49;1;0;3;436;333;76;0.0;0
20700;537;3;8;3;5;4;1;51;2;0;1;447;335;75;0.0;0
20699;536;1;6;3;4;3;9;59;0;0;4;496;384;77;0.0;0
20699;532;5;11;5;6;6;2;41;1;0;0;337;246;73;0.0;0
20698;533;10;24;12;12;12;0;62;2;0;5;517;438;85;0.0;0
20698;542;7;10;8;2;1;2;38;3;0;10;324;241;74;0.0;0
20697;727;1;11;9;2;7;1;46;2;0;2;435;327;75;0.0;0
20697;530;5;7;7;0;4;2;54;2;0;1;524;417;80;0.0;0
20696;538;6;16;10;6;5;6;70;0;0;0;792;693;88;0.0;0
20696;715;1;7;4;3;0;2;30;3;0;3;331;247;75;0.0;0
20695;548;6;18;12;6;8;4;52;2;0;1;458;378;83;0.0;0
20695;529;2;10;6;4;6;6;48;4;0;5;427;326;76;0.0;0
20694;534;4;10;6;4;5;2;53;3;0;1;468;365;78;0.0;0
20694;531;3;10;7;3;3;2;47;6;1;1;394;290;74;0.0;0
20693;715;6;11;8;3;4;2;41;4;0;4;345;262;76;0.0;0
20693;536;6;17;12;5;8;6;59;2;0;4;483;405;84;0.0;0
20692;529;3;11;8;3;5;1;55;4;0;4;542;461;85;0.0;0
20692;541;5;14;13;1;7;2;45;2;0;1;422;354;84;0.0;0
20691;537;4;11;5;6;2;3;47;6;0;3;358;244;68;0.0;0
20691;533;3;9;3;6;4;5;53;3;0;4;399;300;75;0.0;0
20690;530;3;11;5;6;9;3;67;2;0;3;671;561;84;0.0;0
20690;540;3;6;5;1;2;0;33;2;0;3;332;216;65;0.0;0
20689;543;5;16;12;4;4;0;39;6;1;3;332;256;77;0.0;0
20689;538;6;13;5;8;3;4;61;1;0;2;521;427;82;0.0;0
20688;531;5;12;10;2;2;4;47;1;0;3;384;279;73;0.0;0
20688;545;4;9;5;4;2;6;53;4;0;2;428;304;71;0.0;0
20686;542;2;10;7;3;3;0;34;3;0;2;340;249;73;0.0;0
20686;534;3;10;5;5;5;1;66;3;0;1;643;555;86;0.0;0
20687;731;5;9;7;2;2;1;56;3;0;1;467;348;75;0.0;0
20687;727;2;15;7;8;5;2;44;1;0;2;350;243;69;0.0;0
20685;532;3;8;7;1;2;3;38;5;0;4;319;206;65;0.0;0
20685;535;6;19;12;7;13;1;62;1;0;1;480;376;78;0.0;0
20684;544;10;15;12;4;8;2;44;1;0;3;364;294;81;0.0;0
20684;548;3;14;6;8;6;1;56;4;0;6;449;373;83;0.0;0
20683;535;6;16;12;4;6;4;50;3;0;1;415;329;79;0.0;0
20683;715;2;8;3;5;2;4;50;5;0;5;409;318;78;0.0;0
20682;727;1;4;2;2;2;2;19;3;0;3;202;129;64;0.0;0
20682;529;6;17;14;3;5;3;81;0;0;1;861;778;90;0.0;0
20681;548;6;15;11;4;8;2;63;4;0;1;539;439;81;0.0;0
20681;532;3;9;8;1;4;2;37;6;1;2;306;213;70;0.0;0
20680;534;1;5;1;4;6;2;68;3;0;5;636;545;86;0.0;0
20680;537;6;11;8;3;4;5;32;3;0;0;284;204;72;0.0;0
20679;541;5;17;10;7;10;4;64;3;0;0;630;558;89;0.0;0
20679;544;2;4;3;1;3;1;36;4;0;2;359;277;77;0.0;0
20678;545;1;8;4;4;7;1;62;1;0;3;525;402;77;0.0;0
20678;542;3;3;2;1;2;4;38;1;0;1;329;218;66;0.0;0
20677;538;6;14;7;7;4;1;46;3;0;2;381;298;78;0.0;0
20677;536;5;14;12;2;6;0;54;3;0;6;432;346;80;0.0;0
20676;540;6;12;7;5;4;1;44;1;0;4;380;283;74;0.0;0
20676;731;5;13;7;6;3;0;56;2;0;4;484;373;77;0.0;0
20675;543;1;6;6;0;3;2;39;3;0;4;336;219;65;0.0;0
20675;531;4;14;9;5;7;0;61;2;0;0;510;398;78;0.0;0
20674;533;5;9;5;4;2;0;53;3;0;3;540;426;79;0.0;0
20674;530;3;13;7;6;7;6;47;3;0;1;457;333;73;0.0;0
20673;542;3;12;8;4;6;2;49;6;0;3;404;320;79;0.0;0
20673;543;3;6;3;3;4;0;51;1;0;2;418;322;77;0.0;0
20672;731;7;16;11;5;12;1;49;2;0;6;413;323;78;0.0;0
20672;533;9;14;13;1;2;5;51;1;0;6;442;355;80;0.0;0
20671;530;3;16;9;7;8;2;31;2;0;3;287;199;69;0.0;0
20671;534;3;11;6;5;5;1;69;1;0;2;646;547;85;0.0;0
20670;715;4;10;3;7;5;1;36;0;0;3;321;239;74;0.0;0
20670;548;6;18;13;5;9;3;64;1;0;4;560;489;87;0.0;0
20669;536;5;9;9;0;3;4;58;3;1;2;555;466;84;0.0;0
20669;535;3;16;6;10;6;2;42;3;0;1;380;291;77;0.0;0
20668;537;2;8;6;2;3;2;38;2;1;3;312;186;60;0.0;0
20668;545;4;15;7;8;6;5;62;2;0;1;481;366;76;0.0;0
20667;544;4;8;7;1;5;5;65;1;0;3;650;569;88;0.0;0
20667;727;3;13;4;9;1;5;35;3;0;2;349;264;76;0.0;0
20666;529;7;14;11;3;5;3;67;0;0;0;608;536;88;0.0;0
20666;540;1;4;4;0;2;0;33;3;0;3;294;211;72;0.0;0
20665;531;7;18;13;5;9;1;52;4;0;3;381;270;71;0.0;0
20665;538;4;10;8;2;7;2;48;4;1;5;356;240;67;0.0;0
20664;540;4;14;9;5;2;4;48;1;0;2;409;320;78;0.0;0
20664;544;3;13;5;8;8;0;52;3;1;3;435;346;80;0.0;0
20663;541;13;23;15;8;9;3;61;1;0;1;627;570;91;0.0;0
20663;715;1;3;2;1;1;1;39;4;0;8;400;340;85;0.0;0
20662;545;2;13;8;5;5;1;54;2;0;2;499;366;73;0.0;0
20662;530;4;8;5;3;3;6;46;2;0;1;431;289;67;0.0;0
20661;534;10;16;11;5;8;3;65;2;0;2;636;534;84;0.0;0
20661;731;2;10;6;4;3;3;35;3;0;10;320;224;70;0.0;0
20660;548;5;11;7;4;7;0;53;2;0;6;506;393;78;0.0;0
20660;536;10;11;8;3;4;2;47;3;0;5;442;337;76;0.0;0
20659;531;4;15;8;7;13;1;60;2;0;4;497;390;78;0.0;0
20659;542;4;11;7;4;4;5;40;4;0;4;341;228;67;0.0;0
20658;543;3;16;9;7;4;3;52;2;0;4;410;293;71;0.0;0
20658;537;3;9;5;4;2;1;48;6;0;1;375;268;71;0.0;0
20657;538;3;6;6;0;2;3;50;1;0;4;438;342;78;0.0;0
20657;535;4;12;9;4;7;0;50;4;0;0;413;320;77;0.0;0
20656;533;3;6;3;3;2;2;30;3;1;6;299;224;75;0.0;0
20656;529;7;20;11;9;4;2;70;2;0;2;679;598;88;0.0;0
20655;727;4;22;13;9;7;1;47;2;0;1;365;261;72;0.0;0
20655;532;3;7;8;0;3;1;53;5;0;1;421;312;74;0.0;0
20654;537;5;15;9;6;4;4;43;2;0;2;333;221;66;0.0;0
20654;531;2;10;2;8;8;1;57;3;0;5;434;297;68;0.0;0
20653;529;10;22;18;4;5;7;60;3;0;1;568;502;88;0.0;0
20653;534;1;7;6;1;1;3;40;4;0;5;368;297;81;0.0;0
20652;530;3;6;5;1;9;2;52;1;0;6;477;364;76;0.0;0
20652;543;6;10;5;5;2;1;48;3;0;2;451;343;76;0.0;0
20651;544;3;13;7;6;10;4;47;0;0;1;459;382;83;0.0;0
20651;533;1;4;1;3;0;1;53;1;0;3;540;455;84;0.0;0
20650;532;5;10;6;4;6;3;55;5;0;2;502;423;84;0.0;0
20650;540;3;6;5;1;3;1;45;0;0;2;411;311;76;0.0;0
20649;538;4;13;10;3;7;4;60;3;0;1;478;373;78;0.0;0
20649;542;1;9;6;3;4;0;40;6;1;3;315;219;70;0.0;0
20647;715;5;10;8;2;3;1;58;3;2;3;408;292;72;0.0;0
20647;727;4;15;10;5;5;5;42;4;0;4;288;172;60;0.0;0
20648;731;4;10;5;5;2;2;53;4;0;5;414;297;72;0.0;0
20648;545;8;19;13;6;4;3;47;1;0;2;361;228;63;0.0;0
20646;536;4;9;7;3;6;6;57;3;0;2;580;483;83;0.0;0
20646;541;3;10;7;3;1;1;43;1;0;3;425;345;81;0.0;0
20645;535;1;5;3;2;7;1;39;0;0;3;310;233;75;0.0;0
20645;548;5;11;6;5;8;1;61;2;0;1;494;418;85;0.0;0
20644;534;3;9;7;2;4;0;54;2;1;0;548;461;84;0.0;0
20644;544;1;7;4;3;5;2;46;1;0;2;452;368;81;0.0;0
20643;540;8;16;9;7;10;1;56;0;0;3;452;356;79;0.0;0
20643;715;4;6;1;5;5;2;44;3;0;5;356;269;76;0.0;0
20642;541;7;14;13;1;5;9;57;2;0;5;523;452;86;0.0;0
20642;535;6;10;6;4;4;2;43;3;0;5;386;305;79;0.0;0
20641;542;3;8;5;3;4;3;55;3;0;2;476;355;75;0.0;0
20641;537;4;13;5;8;3;2;45;2;0;0;391;268;69;0.0;0
20640;533;5;20;12;8;7;1;60;2;0;3;581;485;83;0.0;0
20640;532;5;13;9;4;2;1;40;2;0;5;396;296;75;0.0;0
20639;727;7;14;7;8;3;2;39;5;0;5;303;170;56;0.0;0
20639;536;9;13;8;5;6;4;61;3;0;5;472;346;73;0.0;0
20638;531;5;8;4;4;2;2;56;2;0;3;520;411;79;0.0;0
20638;530;5;11;6;5;6;5;44;3;0;3;404;294;73;0.0;0
20636;543;4;16;11;5;9;6;53;2;0;1;369;262;71;0.0;0
20636;731;1;7;4;3;5;2;47;2;0;4;325;225;69;0.0;0
20637;548;6;17;10;7;4;1;59;2;0;5;539;422;78;0.0;0
20637;538;5;11;7;4;3;3;41;2;0;5;371;262;71;0.0;0
20635;545;6;14;5;9;8;3;38;2;0;3;334;238;71;0.0;0
20635;529;7;14;9;5;5;2;62;1;0;6;578;466;81;0.0;0
20634;727;2;14;8;6;4;4;45;1;0;4;342;207;61;0.0;0
20634;535;5;14;11;3;6;3;55;0;0;1;415;282;68;0.0;0
20633;533;6;18;11;7;7;3;69;3;0;0;630;548;87;0.0;0
20633;715;0;7;4;3;4;1;31;2;0;4;269;180;67;0.0;0
20632;542;4;19;13;6;7;2;60;3;0;2;491;386;79;0.0;0
20632;530;2;8;5;3;2;2;40;2;0;4;324;229;71;0.0;0
20631;545;6;12;6;6;9;2;42;0;0;6;297;191;64;0.0;0
20631;544;7;20;11;9;10;3;58;2;0;3;405;284;70;0.0;0
20630;537;0;6;3;3;8;1;52;1;0;1;405;249;61;0.0;0
20630;538;3;3;2;1;0;3;48;1;0;0;380;227;60;0.0;0
20629;543;7;17;9;8;8;1;33;2;0;3;268;199;74;0.0;0
20629;529;4;10;4;6;2;2;67;3;0;6;553;459;83;0.0;0
20628;540;8;16;9;7;7;0;41;2;0;4;350;276;79;0.0;0
20628;536;5;12;8;4;4;1;59;2;1;4;506;432;85;0.0;0
20627;531;6;11;8;3;5;6;65;4;0;2;491;405;82;0.0;0
20627;731;3;5;3;2;0;2;35;5;0;4;270;169;63;0.0;0
20626;541;4;7;5;2;0;3;43;2;0;3;409;320;78;0.0;0
20626;548;3;9;2;7;3;2;57;3;1;1;533;470;88;0.0;0
20625;534;4;9;6;3;6;5;62;1;0;2;592;511;86;0.0;0
20625;532;3;8;4;4;3;5;38;5;1;1;342;262;77;0.0;0
20624;535;6;20;15;5;17;2;58;1;0;2;487;373;77;0.0;0
20624;540;3;4;1;3;2;1;42;4;0;6;370;248;67;0.0;0
20623;529;6;16;11;5;7;0;53;1;0;6;507;413;81;0.0;0
20623;531;6;11;7;4;2;2;47;3;0;3;420;347;83;0.0;0
20622;530;4;12;5;7;3;5;59;1;0;3;597;499;84;0.0;0
20622;537;2;15;9;6;6;0;41;1;0;2;395;292;74;0.0;0
20621;532;1;8;5;3;2;3;48;2;1;3;433;330;76;0.0;0
20621;545;7;11;6;5;6;2;52;1;0;1;452;360;80;0.0;0
20620;536;4;14;12;2;9;3;65;1;0;4;649;549;85;0.0;0
20620;533;4;11;6;5;0;0;35;2;0;4;347;257;74;0.0;0
20619;731;4;12;8;4;8;1;63;7;0;3;436;313;72;0.0;0
20619;542;7;14;8;6;4;6;37;3;0;2;263;165;63;0.0;0
20618;548;6;13;6;7;3;2;57;2;0;2;459;337;73;0.0;0
20618;727;5;11;9;2;2;1;43;2;0;3;336;228;68;0.0;0
20617;715;4;12;4;8;6;2;26;5;0;5;197;117;59;0.0;0
20617;534;5;15;8;7;5;4;74;3;0;3;575;480;83;0.0;0
20616;540;2;7;5;2;5;4;37;3;0;3;336;237;71;0.0;0
20616;548;5;15;7;8;6;3;63;2;0;1;568;487;86;0.0;0
20615;543;2;16;11;5;4;4;44;4;0;4;358;271;76;0.0;0
20615;532;4;8;2;6;6;1;56;3;0;1;437;354;81;0.0;0
20614;542;4;9;7;2;3;2;30;1;0;4;291;227;78;0.0;0
20614;529;9;21;15;7;9;3;70;3;0;4;682;605;89;0.0;0
20613;531;5;13;10;3;3;4;50;1;0;2;466;356;76;0.0;0
20613;544;3;8;3;5;2;1;50;2;0;3;468;354;76;0.0;0
20612;727;8;11;5;6;3;3;34;3;0;3;309;210;68;0.0;0
20612;541;6;12;9;3;2;3;66;2;0;7;611;517;85;0.0;0
20611;533;5;12;6;6;9;1;56;0;1;4;499;410;82;0.0;0
20611;535;5;11;4;7;9;2;44;5;0;4;388;300;77;0.0;0
20610;537;3;9;5;4;4;7;57;3;0;0;389;252;65;0.0;0
20610;731;2;4;1;3;3;6;43;6;1;3;304;158;52;0.0;0
20609;534;7;15;8;7;1;2;55;2;0;2;546;460;84;0.0;0
20609;536;3;12;8;4;4;5;45;4;0;7;436;354;81;0.0;0
20608;530;5;16;9;7;3;1;46;1;0;4;410;295;72;0.0;0
20608;538;6;14;10;4;3;1;54;2;0;2;487;362;74;0.0;0
20607;545;9;25;19;6;7;4;53;2;0;3;389;283;73;0.0;0
20607;715;3;13;8;5;8;4;47;2;0;5;336;218;65;0.0;0
20606;715;8;10;6;4;4;5;44;4;1;1;321;239;74;0.0;0
20606;543;2;6;3;3;7;3;56;1;1;4;391;305;78;0.0;0
20605;731;2;15;9;6;12;0;54;1;0;2;463;374;81;0.0;0
20605;530;6;11;8;3;3;6;46;1;0;1;400;318;80;0.0;0
20604;541;3;13;9;4;13;4;68;3;0;1;652;575;88;0.0;0
20604;540;1;3;2;1;2;1;32;4;0;1;314;235;75;0.0;0
20603;544;4;16;10;6;10;2;59;5;0;4;448;372;83;0.0;0
20603;542;4;6;5;1;6;4;41;3;0;3;315;235;75;0.0;0
20602;536;5;11;8;3;5;10;56;2;0;3;489;350;72;0.0;0
20602;545;3;11;5;6;2;3;44;3;0;3;366;244;67;0.0;0
20601;548;0;16;7;9;7;5;64;2;0;2;566;480;85;0.0;0
20601;533;3;7;6;1;4;1;36;4;0;0;319;211;66;0.0;0
20600;532;5;15;7;8;3;6;57;0;0;5;586;488;83;0.0;0
20600;531;5;15;9;6;1;2;43;1;0;3;430;332;77;0.0;0
20599;538;4;11;6;5;3;7;59;1;0;3;533;409;77;0.0;0
20599;727;3;8;7;1;5;0;41;0;0;1;358;232;65;0.0;0
20598;529;6;13;7;6;4;0;71;1;0;5;748;662;89;0.0;0
20598;537;6;11;9;2;4;1;29;3;0;3;289;207;72;0.0;0
20597;535;6;13;8;5;2;7;37;5;1;3;290;216;74;0.0;0
20597;534;4;14;9;5;6;6;63;3;0;4;503;412;82;0.0;0
20596;532;5;8;6;2;3;2;28;5;0;3;245;175;71;0.0;0
20596;541;5;22;9;13;11;5;72;2;0;3;602;539;90;0.0;0
20595;534;7;18;13;5;6;4;61;2;0;1;595;505;85;0.0;0
20595;548;2;9;6;3;1;2;39;2;0;7;371;287;77;0.0;0
20594;542;5;13;7;6;2;3;44;4;0;1;422;341;81;0.0;0
20594;532;2;5;4;1;1;3;56;4;1;3;552;464;84;0.0;0
20593;543;4;14;5;9;4;1;43;3;0;2;295;205;69;0.0;0
20593;536;4;13;12;1;4;1;57;3;0;3;382;292;76;0.0;0
20592;537;5;7;7;0;2;1;52;2;0;3;370;266;72;0.0;0
20592;544;3;11;11;0;7;0;48;5;1;1;323;227;70;0.0;0
20591;545;4;8;4;4;2;6;58;2;0;2;459;336;73;0.0;0
20591;535;2;4;3;1;2;2;42;6;1;1;334;205;61;0.0;0
20590;540;6;19;12;7;10;4;67;1;0;1;634;557;88;0.0;0
20590;727;1;4;0;4;2;1;33;4;1;3;313;219;70;0.0;0
20589;530;4;13;7;6;6;3;36;4;0;4;279;188;67;0.0;0
20589;529;6;15;11;4;5;0;64;2;0;3;500;397;79;0.0;0
20587;531;7;14;8;6;0;2;54;1;0;1;452;330;73;0.0;0
20587;715;2;7;3;4;3;3;46;5;0;4;366;243;66;0.0;0
20588;731;6;20;14;6;7;3;36;2;1;5;280;206;74;0.0;0
20588;538;6;16;4;12;5;3;64;4;0;5;517;431;83;0.0;0
20586;533;4;11;9;2;5;1;50;4;0;3;521;438;84;0.0;0
20586;541;6;25;19;6;5;3;50;2;0;2;497;431;87;0.0;0
20585;548;7;14;9;5;3;1;55;5;1;2;457;365;80;0.0;0
20585;545;4;12;9;3;5;2;45;6;1;5;355;254;72;0.0;0
20584;532;6;16;10;6;7;1;55;3;0;0;488;400;82;0.0;0
20584;537;0;3;0;3;3;3;45;3;1;5;400;296;74;0.0;0
20583;535;4;15;8;7;7;2;60;3;0;3;480;371;77;0.0;0
20583;543;5;11;9;2;5;2;40;5;0;3;318;219;69;0.0;0
20581;529;10;25;16;9;10;4;73;1;0;1;699;625;89;0.0;0
20581;731;2;5;5;0;3;2;27;3;0;4;242;163;67;0.0;0
20582;727;3;17;12;5;8;2;45;3;0;2;364;263;72;0.0;0
20582;533;6;12;9;3;2;4;55;3;0;2;486;379;78;0.0;0
20578;538;4;8;4;4;1;1;51;4;1;0;525;433;82;0.0;0
20578;540;2;8;5;3;2;0;49;2;0;2;493;388;79;0.0;0
20580;541;7;20;17;3;7;8;43;5;1;4;408;357;88;0.0;0
20580;534;8;17;9;8;4;1;57;3;0;4;575;509;89;0.0;0
20579;715;6;13;7;6;4;2;43;6;0;4;289;211;73;0.0;0
20579;542;5;11;4;7;4;4;57;7;2;4;371;294;79;0.0;0
20577;544;2;12;6;6;7;0;44;3;0;3;388;301;78;0.0;0
20577;530;4;11;3;8;2;1;56;1;0;1;481;390;81;0.0;0
20576;536;4;14;9;5;6;1;46;6;0;4;365;272;75;0.0;0
20576;531;4;14;8;6;9;1;54;2;0;3;416;319;77;0.0;0
20575;543;5;12;9;3;7;0;46;4;0;3;380;291;77;0.0;0
20575;548;6;9;6;3;6;1;54;2;0;3;452;365;81;0.0;0
20574;537;4;16;13;3;7;5;61;3;0;1;425;305;72;0.0;0
20574;715;1;1;0;1;4;2;39;2;0;3;267;158;59;0.0;0
20573;545;2;13;9;4;4;2;49;1;0;3;417;302;72;0.0;0
20573;541;7;12;10;2;4;6;51;1;0;1;440;330;75;0.0;0
20572;533;6;11;5;6;1;3;51;2;0;2;557;471;85;0.0;0
20572;540;2;8;4;4;1;2;49;2;0;4;518;437;84;0.0;0
20571;529;9;19;12;7;10;3;64;1;0;2;634;542;85;0.0;0
20571;538;2;7;4;3;1;1;36;3;0;4;354;265;75;0.0;0
20570;731;2;9;5;4;6;6;50;4;0;2;405;310;77;0.0;0
20570;544;3;7;5;2;4;1;50;5;0;2;409;324;79;0.0;0
20569;530;8;18;12;6;6;2;43;1;0;1;453;366;81;0.0;0
20569;532;1;6;4;2;2;1;57;2;0;5;592;506;85;0.0;0
20568;534;8;16;11;6;5;2;72;4;0;2;681;609;89;0.0;0
20568;727;4;10;5;5;1;2;28;4;0;4;255;182;71;0.0;0
20567;531;3;15;9;6;8;1;58;3;0;2;475;358;75;0.0;0
20567;535;2;8;7;1;2;2;42;5;0;2;335;231;69;0.0;0
20566;542;4;18;10;8;2;2;44;2;0;0;386;299;77;0.0;0
20566;536;1;8;5;3;2;3;56;5;0;3;486;388;80;0.0;0
20565;544;5;15;8;7;6;1;55;4;0;2;420;329;78;0.0;0
20565;543;3;5;3;2;4;2;45;7;0;4;343;260;76;0.0;0
20564;540;6;12;8;4;2;1;32;2;0;2;312;245;79;0.0;0
20564;534;5;14;8;6;5;1;68;4;0;2;666;587;88;0.0;0
20563;532;8;20;14;6;7;3;59;3;0;3;467;372;80;0.0;0
20563;731;4;10;6;4;8;3;41;5;0;7;322;216;67;0.0;0
20562;536;4;12;6;6;4;2;63;2;0;3;541;422;78;0.0;0
20562;537;4;12;7;5;1;0;37;3;0;3;317;213;67;0.0;0
20561;535;9;15;13;2;5;0;57;2;0;0;488;387;79;0.0;0
20561;542;2;4;4;0;3;1;43;3;1;8;369;260;70;0.0;0
20560;715;2;12;3;9;4;0;50;5;1;5;369;281;76;0.0;0
20560;530;6;15;9;6;9;6;50;3;0;2;376;275;73;0.0;0
20559;548;4;16;11;5;8;4;60;3;0;3;446;330;74;0.0;0
20559;531;5;9;7;2;3;2;40;6;0;4;297;185;62;0.0;0
20558;544;9;14;8;6;4;4;29;2;0;4;276;201;73;0.0;0
20558;529;5;16;12;4;8;4;71;0;0;7;687;597;87;0.0;0
20557;538;1;12;8;4;3;1;60;4;0;3;620;541;87;0.0;0
20557;533;4;8;5;3;3;0;40;5;0;1;413;330;80;0.0;0
20556;541;4;14;10;4;8;7;69;1;0;3;643;547;85;0.0;0
20556;543;4;9;6;3;4;2;31;2;1;2;283;198;70;0.0;0
20555;727;6;10;7;3;6;2;43;4;0;5;301;188;62;0.0;0
20555;545;7;14;7;7;6;5;57;4;0;5;401;294;73;0.0;0
20554;534;10;19;10;9;8;1;61;3;0;3;632;566;90;0.0;0
20554;533;3;8;4;4;5;1;39;2;1;9;383;311;81;0.0;0
20553;545;4;17;11;6;6;1;58;2;0;0;472;349;74;0.0;0
20553;540;1;4;2;2;2;2;42;4;0;3;350;185;53;0.0;0
20552;531;5;12;11;1;5;4;52;1;0;2;454;365;80;0.0;0
20552;541;4;9;7;2;5;5;48;4;0;4;431;345;80;0.0;0
20551;542;5;10;8;2;5;1;41;3;0;2;391;303;77;0.0;0
20551;548;2;11;4;7;8;0;59;5;1;4;546;451;83;0.0;0
20550;543;5;11;5;6;5;3;53;0;0;5;497;407;82;0.0;0
20550;727;5;13;6;7;0;2;47;3;0;3;433;329;76;0.0;0
20549;537;2;13;6;7;6;1;49;4;0;1;370;283;76;0.0;0
20549;535;1;8;4;4;7;3;51;2;0;2;388;292;75;0.0;0
20548;530;8;15;9;6;2;1;39;4;0;1;363;274;75;0.0;0
20548;536;2;9;5;4;2;2;61;3;0;5;567;468;83;0.0;0
20546;544;2;9;7;2;3;0;47;4;0;1;381;278;73;0.0;0
20546;538;2;9;2;7;1;2;53;4;0;2;443;335;76;0.0;0
20547;731;11;15;13;2;6;6;43;2;0;4;344;239;69;0.0;0
20547;715;5;12;5;7;3;2;57;4;0;8;440;347;79;0.0;0
20545;529;12;28;19;9;6;2;71;3;0;3;620;544;88;0.0;0
20545;532;5;6;5;1;3;2;29;4;1;7;237;156;66;0.0;0
20544;540;5;8;6;2;4;2;49;3;0;2;419;308;74;0.0;0
20544;543;3;10;3;7;4;1;51;2;0;3;438;316;72;0.0;0
20543;533;7;15;9;6;11;3;60;4;0;1;435;325;75;0.0;0
20543;545;4;14;8;6;5;0;40;3;0;5;280;183;65;0.0;0
20542;727;6;8;6;2;6;2;49;4;0;2;421;311;74;0.0;0
20542;531;4;9;8;1;3;2;51;2;0;5;434;320;74;0.0;0
20541;548;5;15;8;7;7;4;70;2;0;2;647;541;84;0.0;0
20541;537;3;6;4;2;0;2;30;3;0;4;276;178;64;0.0;0
20540;535;5;21;13;8;6;0;63;2;0;4;660;542;82;0.0;0
20540;530;6;7;5;2;0;2;37;2;0;5;388;267;69;0.0;0
20539;536;6;18;12;6;9;2;70;3;0;2;571;479;84;0.0;0
20539;731;2;8;4;4;5;1;30;4;0;6;243;152;63;0.0;0
20538;541;6;18;11;7;3;4;62;0;0;3;554;475;86;0.0;0
20538;542;3;12;11;1;3;1;38;2;0;3;316;227;72;0.0;0
20537;532;8;14;11;4;3;2;45;3;0;6;415;350;84;0.0;0
20537;544;5;13;8;5;6;3;55;1;0;6;474;409;86;0.0;0
20536;715;5;7;3;4;1;0;32;3;1;9;274;199;73;0.0;0
20536;529;13;26;19;7;9;7;68;3;0;4;570;494;87;0.0;0
20535;538;7;13;10;3;4;5;39;3;0;4;364;274;75;0.0;0
20535;534;5;12;8;4;6;2;61;3;0;4;563;483;86;0.0;0
20534;531;5;13;9;4;5;0;60;1;0;2;591;498;84;0.0;0
20534;540;2;5;4;1;1;2;40;3;0;4;385;271;70;0.0;0
20532;530;8;20;11;9;6;3;38;0;0;1;341;258;76;0.0;0
20532;548;1;10;2;8;4;0;62;4;0;7;527;449;85;0.0;0
20533;543;3;16;11;5;5;1;51;2;0;1;447;353;79;0.0;0
20533;533;2;6;5;1;2;2;49;2;0;3;436;346;79;0.0;0
20531;529;7;15;11;4;4;0;56;4;0;3;601;517;86;0.0;0
20531;536;3;7;6;1;4;2;44;3;1;4;458;373;81;0.0;0
20528;542;3;15;8;7;5;1;64;5;0;5;609;523;86;0.0;0
20528;727;6;7;4;3;1;2;36;1;0;3;333;230;69;0.0;0
20529;544;3;12;7;5;6;3;53;1;0;2;382;283;74;0.0;0
20529;715;2;10;2;8;3;0;47;4;0;3;342;234;68;0.0;0
20530;731;5;14;9;5;7;1;50;2;0;2;481;369;77;0.0;0
20530;535;3;11;5;6;1;2;50;5;0;5;481;361;75;0.0;0
20527;537;3;14;7;7;4;1;38;2;0;4;377;286;76;0.0;0
20527;541;8;18;13;5;4;1;62;1;0;1;625;539;86;0.0;0
20526;545;6;11;10;2;9;4;46;2;0;5;399;289;72;0.0;0
20526;534;6;9;7;2;2;5;54;5;0;3;473;364;77;0.0;0
20525;532;10;15;9;6;6;1;46;1;0;1;407;309;76;0.0;0
20525;538;3;12;5;7;2;1;54;1;0;7;484;371;77;0.0;0
20524;533;5;10;8;2;4;4;47;6;1;4;436;350;80;0.0;0
20524;531;5;11;6;5;5;2;53;3;0;1;463;359;78;0.0;0
20523;540;6;15;8;7;5;0;47;3;0;0;434;327;75;0.0;0
20523;542;0;9;3;6;3;3;53;3;0;5;484;378;78;0.0;0
20522;541;6;20;13;7;6;0;61;2;0;3;596;509;85;0.0;0
20522;530;4;10;6;4;2;2;39;3;0;4;380;294;77;0.0;0
20521;536;13;19;14;5;4;3;58;3;0;2;431;351;81;0.0;0
20521;544;4;9;5;4;2;0;42;3;0;9;301;217;72;0.0;0
20520;535;4;8;5;3;2;6;32;4;0;3;303;206;68;0.0;0
20520;529;3;11;5;6;3;3;68;5;1;2;626;534;85;0.0;0
20519;715;5;21;8;13;5;1;48;2;0;5;476;406;85;0.0;0
20519;532;8;17;11;6;2;3;52;2;0;4;542;465;86;0.0;0
20518;538;3;12;6;6;0;0;61;1;0;4;552;443;80;0.0;0
20518;545;6;11;3;8;3;0;39;3;0;3;338;230;68;0.0;0
20517;727;6;11;8;3;4;1;42;3;0;1;297;199;67;0.0;0
20517;537;2;17;12;5;8;4;58;4;0;3;382;273;71;0.0;0
20516;534;6;9;7;2;2;2;54;3;0;4;479;404;84;0.0;0
20516;543;5;13;9;4;6;7;46;4;0;2;383;306;80;0.0;0
20515;548;7;21;13;8;7;2;62;1;0;2;528;427;81;0.0;0
20515;731;3;10;4;6;4;2;38;5;0;4;319;231;72;0.0;0
20514;531;7;18;13;5;14;2;44;1;0;1;366;288;79;0.0;0
20514;534;3;8;4;4;5;0;56;2;0;1;487;409;84;0.0;0
20513;544;4;10;5;5;1;1;41;3;0;3;353;247;70;0.0;0
20513;535;3;11;4;7;4;1;59;4;0;2;523;432;83;0.0;0
20512;731;2;4;3;1;4;0;31;5;0;3;275;202;73;0.0;0
20512;541;6;18;13;5;8;3;69;1;0;0;605;541;89;0.0;0
20511;530;8;19;13;6;5;1;55;1;0;0;542;468;86;0.0;0
20511;727;0;3;1;2;2;1;45;5;0;5;445;355;80;0.0;0
20510;529;9;16;11;5;5;2;53;3;0;6;511;429;84;0.0;0
20510;548;7;14;8;7;4;5;47;2;0;6;445;368;83;0.0;0
20509;537;5;13;7;6;5;4;47;1;0;1;374;269;72;0.0;0
20509;540;2;7;5;2;1;1;53;1;0;5;417;312;75;0.0;0
20508;532;3;13;8;5;4;1;42;3;0;2;390;305;78;0.0;0
20508;536;2;10;5;5;2;0;58;2;0;2;555;462;83;0.0;0
20507;543;4;6;3;3;4;0;40;4;0;3;300;189;63;0.0;0
20507;545;3;10;5;5;6;1;60;4;0;2;420;320;76;0.0;0
20506;715;4;16;10;6;8;0;37;5;0;0;315;235;75;0.0;0
20506;538;3;15;10;5;1;1;63;2;0;4;534;446;84;0.0;0
20505;542;5;11;7;4;5;1;47;2;0;4;436;349;80;0.0;0
20505;533;5;11;9;2;11;2;53;4;0;3;495;408;82;0.0;0
20504;536;12;28;15;13;7;9;63;1;0;2;642;581;90;0.0;0
20504;715;2;9;4;5;2;0;37;2;0;10;365;316;87;0.0;0
20503;535;4;10;4;6;7;1;52;3;0;2;454;379;83;0.0;0
20503;532;2;13;7;6;6;1;48;3;0;2;411;338;82;0.0;0
20502;533;5;11;7;4;3;1;59;1;0;3;537;452;84;0.0;0
20502;537;4;8;5;3;8;2;41;3;0;3;352;269;76;0.0;0
20501;727;1;7;6;2;1;2;41;3;0;2;341;227;67;0.0;0
20501;731;4;12;8;4;5;3;59;4;0;0;468;354;76;0.0;0
20500;540;2;10;5;5;5;1;49;3;0;2;477;365;77;0.0;0
20500;530;3;13;6;7;3;0;51;2;0;2;489;374;76;0.0;0
20499;548;3;17;9;8;11;3;55;1;0;1;478;378;79;0.0;0
20499;544;1;5;4;1;1;3;45;3;0;2;394;293;74;0.0;0
20498;538;4;8;4;4;5;5;46;3;0;5;402;323;80;0.0;0
20498;543;6;17;8;9;6;1;54;5;0;4;478;391;82;0.0;0
20497;534;3;14;6;8;3;2;63;4;1;4;537;456;85;0.0;0
20497;542;5;12;6;6;9;2;37;1;0;2;294;216;73;0.0;0
20496;541;14;22;13;9;7;6;42;3;1;6;390;330;85;0.0;0
20496;529;9;16;8;8;4;2;58;2;0;12;539;477;88;0.0;0
20495;545;2;7;2;5;5;4;45;4;1;2;349;229;66;0.0;0
20495;531;3;9;7;2;5;2;55;2;0;2;425;297;70;0.0;0
20494;731;6;16;7;9;7;0;52;1;0;4;472;378;80;0.0;0
20494;540;5;14;9;5;2;3;48;2;0;5;445;356;80;0.0;0
20493;715;1;3;1;2;2;0;46;5;0;4;407;336;83;0.0;0
20493;535;6;17;9;8;4;3;54;0;0;1;476;399;84;0.0;0
20492;530;9;23;11;12;5;2;51;2;0;1;470;374;80;0.0;0
20492;533;2;6;3;3;1;0;49;6;0;9;467;357;76;0.0;0
20491;529;9;19;13;6;10;1;76;0;0;1;797;714;90;0.0;0
20491;727;2;3;1;2;1;4;24;0;0;2;246;173;70;0.0;0
20490;532;3;14;7;7;2;3;46;4;0;0;386;299;77;0.0;0
20490;548;2;8;7;2;3;0;54;3;0;1;446;348;78;0.0;0
20489;537;5;16;8;8;6;0;49;1;0;0;412;308;75;0.0;0
20489;534;0;7;0;7;3;1;51;0;0;2;431;343;80;0.0;0
20488;544;7;19;12;7;4;2;46;3;0;5;448;389;87;0.0;0
20488;541;11;22;16;6;5;4;54;1;0;5;530;459;87;0.0;0
20487;542;4;14;8;6;3;4;66;4;0;4;556;472;85;0.0;0
20487;545;4;6;1;5;1;0;34;2;1;3;295;191;65;0.0;0
20486;536;5;16;9;7;5;4;62;1;0;0;525;448;85;0.0;0
20486;538;1;10;6;4;1;1;38;4;1;3;312;228;73;0.0;0
20485;531;9;17;13;4;11;2;52;1;0;2;428;327;76;0.0;0
20485;543;3;9;7;2;1;4;48;3;0;7;402;300;75;0.0;0
20484;533;6;19;13;6;4;1;54;2;0;6;541;457;84;0.0;0
20484;731;7;14;9;5;7;0;46;1;0;2;441;347;79;0.0;0
20483;548;5;13;7;6;7;5;53;0;0;3;451;379;84;0.0;0
20483;715;4;6;2;4;1;3;47;3;0;3;407;321;79;0.0;0
20482;541;5;20;10;10;2;3;59;3;0;1;571;517;91;0.0;0
20482;532;2;9;6;3;3;0;41;4;0;3;389;319;82;0.0;0
20481;534;3;15;7;8;7;1;50;4;1;2;539;477;88;0.0;0
20481;530;7;8;7;1;1;2;50;4;0;3;557;492;88;0.0;0
20480;540;3;6;4;2;4;2;34;3;0;6;319;224;70;0.0;0
20480;529;9;15;10;5;5;1;66;0;0;3;633;529;84;0.0;0
20479;727;5;16;12;5;7;0;43;2;0;3;352;251;71;0.0;0
20479;544;5;15;7;8;7;1;57;3;0;3;458;340;74;0.0;0
20478;543;3;11;7;4;4;1;60;1;0;1;519;418;81;0.0;0
20478;542;5;9;5;4;0;2;40;5;0;2;348;257;74;0.0;0
20477;545;5;9;5;4;2;0;47;1;0;0;448;310;69;0.0;0
20477;537;1;12;7;5;11;2;53;1;0;3;475;323;68;0.0;0
20476;538;0;5;3;2;0;4;48;1;0;9;464;365;79;0.0;0
20476;531;12;23;15;8;11;1;52;1;0;0;482;377;78;0.0;0
20475;535;5;11;6;5;1;2;38;3;0;2;296;209;71;0.0;0
20475;536;4;9;6;3;3;5;62;5;0;1;468;366;78;0.0;0
20474;536;3;11;8;3;10;3;51;4;0;2;428;341;80;0.0;0
20474;548;3;9;5;4;3;1;49;5;1;2;406;323;80;0.0;0
20473;731;3;16;12;4;5;1;40;4;0;2;349;260;74;0.0;0
20473;534;2;8;2;6;4;1;60;3;0;2;532;445;84;0.0;0
20472;530;5;14;6;8;6;2;55;5;1;3;503;385;77;0.0;0
20472;545;3;8;6;2;5;1;45;3;0;4;394;284;72;0.0;0
20471;529;8;20;13;7;4;4;67;2;0;3;713;640;90;0.0;0
20471;533;4;9;5;4;3;4;33;4;0;4;349;276;79;0.0;0
20470;715;3;13;6;7;6;2;48;1;0;4;537;485;90;0.0;0
20470;541;8;16;14;2;3;3;52;0;0;3;581;538;93;0.0;0
20469;542;3;9;5;4;3;6;37;1;0;6;267;183;69;0.0;0
20469;531;6;20;11;9;10;0;63;4;0;2;431;348;81;0.0;0
20468;532;8;19;11;8;9;2;63;3;0;3;566;502;89;0.0;0
20468;727;4;9;6;3;2;2;37;2;0;4;330;261;79;0.0;0
20467;544;5;21;11;10;12;0;59;1;0;1;480;413;86;0.0;0
20467;540;3;9;5;4;4;3;41;2;0;4;340;271;80;0.0;0
20466;535;8;14;10;4;2;1;42;2;0;2;405;312;77;0.0;0
20466;538;2;5;2;3;1;2;58;4;0;5;539;445;83;0.0;0
20465;537;4;6;4;2;2;5;36;3;0;3;269;171;64;0.0;0
20465;543;3;13;6;7;2;2;64;0;0;0;469;364;78;0.0;0
20464;540;3;16;14;2;7;0;49;0;0;2;445;360;81;0.0;0
20464;532;3;9;5;4;2;1;51;4;0;3;478;377;79;0.0;0
20463;727;7;19;15;4;8;0;37;1;0;2;307;229;75;0.0;0
20463;715;3;9;6;3;3;3;63;3;0;5;521;446;86;0.0;0
20462;542;5;12;6;6;4;0;34;1;0;3;288;205;71;0.0;0
20462;538;4;15;5;10;4;0;66;3;0;2;547;458;84;0.0;0
20455;531;6;16;11;5;10;2;59;3;0;1;526;422;80;0.0;0
20455;537;2;6;4;2;1;1;41;7;0;5;382;274;72;0.0;0
20461;533;4;21;12;9;11;3;66;2;0;1;555;494;89;0.0;0
20461;544;1;3;1;2;3;1;34;4;0;5;286;216;76;0.0;0
20458;534;5;11;5;6;3;4;38;0;0;1;398;330;83;0.0;0
20458;529;5;11;9;2;6;5;62;1;0;4;629;561;89;0.0;0
20459;541;7;14;8;6;4;3;49;3;0;5;481;434;90;0.0;0
20459;536;6;11;7;4;5;4;51;2;0;3;502;442;88;0.0;0
20456;543;5;13;4;9;3;2;60;4;0;1;556;479;86;0.0;0
20456;530;2;5;2;3;5;1;40;4;0;4;349;269;77;0.0;0
20457;545;2;10;5;5;5;1;59;2;0;3;456;336;74;0.0;0
20457;731;4;11;10;1;6;5;41;2;0;2;321;196;61;0.0;0
20460;548;4;16;13;3;11;6;55;1;0;2;453;366;81;0.0;0
20460;535;4;9;5;4;3;3;45;2;0;2;374;288;77;0.0;0
20454;538;6;17;7;10;4;2;52;5;1;4;538;481;89;0.0;0
20454;541;8;13;12;1;6;2;48;2;0;5;491;415;85;0.0;0
20453;715;7;16;3;13;3;1;45;0;0;1;456;390;86;0.0;0
20453;540;2;5;4;2;3;1;55;3;0;6;541;457;84;0.0;0
20452;731;5;11;7;4;2;4;49;0;0;7;466;382;82;0.0;0
20452;543;9;21;15;6;3;1;51;2;0;3;499;414;83;0.0;0
20451;537;4;15;8;7;8;1;50;0;0;4;445;349;78;0.0;0
20451;542;5;17;9;8;4;3;50;1;0;3;440;348;79;0.0;0
20450;544;5;9;8;1;0;2;35;4;0;4;347;281;81;0.0;0
20450;534;4;13;2;11;9;2;65;4;1;2;625;552;88;0.0;0
20449;536;7;18;11;7;1;4;71;3;0;2;835;767;92;0.0;0
20449;727;2;5;3;2;1;0;29;1;0;2;327;248;76;0.0;0
20446;530;4;12;11;1;2;3;42;2;0;0;432;353;82;0.0;0
20446;531;1;16;11;5;5;0;58;0;0;0;564;496;88;0.0;0
20448;532;5;16;13;3;9;1;53;2;0;3;452;391;87;0.0;0
20448;533;6;14;10;4;0;1;47;2;0;4;420;349;83;0.0;0
20447;538;5;13;7;6;3;1;55;2;0;4;484;392;81;0.0;0
20447;548;8;18;12;6;7;0;45;1;0;3;364;273;75;0.0;0
20444;529;11;18;18;1;10;10;73;1;0;2;586;515;88;0.0;0
20444;545;4;6;5;1;4;4;27;3;1;8;205;128;62;0.0;0
20445;535;6;22;14;8;9;2;52;2;0;6;508;441;87;0.0;0
20445;541;8;16;12;4;7;5;48;0;0;6;468;401;86;0.0;0
9887;537;3;14;6;8;4;3;52;0;0;5;382;261;68;0.0;0
9887;542;5;9;5;4;2;0;48;1;0;2;346;235;68;0.0;0
9886;532;6;22;16;6;5;2;47;3;0;4;445;365;82;0.0;0
9886;534;4;5;1;4;2;1;53;2;1;5;499;418;84;0.0;0
9885;538;5;16;12;4;5;3;52;3;0;3;456;376;82;0.0;0
9885;548;6;13;8;5;4;1;48;1;0;3;402;323;80;0.0;0
9884;547;6;13;8;5;6;0;52;2;0;1;444;374;84;0.0;0
9884;530;3;9;4;5;0;2;48;4;1;4;425;330;78;0.0;0
9883;536;4;9;8;1;7;6;62;2;1;5;617;514;83;0.0;0
9883;540;6;9;7;2;3;0;38;4;0;3;378;271;72;0.0;0
9882;531;2;13;10;3;7;1;63;1;0;2;532;425;80;0.0;0
9882;546;2;8;6;2;6;1;37;5;1;2;303;189;62;0.0;0
9881;529;2;15;9;7;8;2;60;2;0;0;667;591;89;0.0;0
9881;543;0;3;2;1;0;1;40;1;0;1;433;362;84;0.0;0
9880;544;6;12;8;4;4;2;31;5;0;5;292;228;78;0.0;0
9880;541;8;16;9;7;4;2;69;3;1;5;645;574;89;0.0;0
9879;539;3;14;7;7;11;2;41;1;0;1;318;247;78;0.0;0
9879;533;1;8;7;1;6;1;59;3;0;2;472;388;82;0.0;0
9878;535;4;10;6;4;3;2;55;2;0;5;461;353;77;0.0;0
9878;545;6;13;6;7;7;5;45;3;0;4;360;259;72;0.0;0
9877;548;9;15;12;3;9;2;60;2;0;1;489;426;87;0.0;0
9877;533;1;6;2;4;4;2;40;2;0;6;315;247;78;0.0;0
9876;543;3;10;7;3;4;1;45;2;0;1;387;319;82;0.0;0
9876;538;1;9;5;5;6;2;55;2;0;1;464;388;84;0.0;0
9875;542;2;11;5;6;1;1;26;2;0;9;264;193;73;0.0;0
9875;529;11;23;15;8;14;0;74;3;0;2;730;659;90;0.0;0
9874;539;5;24;14;10;6;0;57;1;1;2;395;335;85;0.0;0
9874;544;4;11;7;4;5;7;43;2;0;3;311;244;78;0.0;0
9873;547;4;15;10;5;2;3;44;3;0;2;345;275;80;0.0;0
9873;535;2;7;6;1;3;1;56;4;0;3;432;356;82;0.0;0
9872;534;4;11;5;6;4;2;62;4;0;1;589;521;88;0.0;0
9872;530;6;8;3;5;2;0;38;1;0;3;361;289;80;0.0;0
9871;540;2;15;9;6;9;0;59;3;0;7;496;376;76;0.0;0
9871;537;8;12;8;4;1;4;41;3;0;1;355;247;70;0.0;0
9870;545;5;14;7;7;4;2;56;3;1;3;428;313;73;0.0;0
9870;531;4;9;4;5;3;5;44;1;0;5;339;228;67;0.0;0
9869;546;3;15;8;7;7;3;43;0;0;2;356;234;66;0.0;0
9869;536;3;6;5;1;5;3;57;1;0;3;478;371;78;0.0;0
9868;541;6;22;16;6;13;3;65;3;0;1;565;512;91;0.0;0
9868;532;3;7;3;4;4;3;35;5;0;4;299;234;78;0.0;0
9867;537;7;11;9;2;2;0;61;1;0;0;449;330;73;0.0;0
9867;546;2;10;6;4;4;2;39;2;0;6;285;166;58;0.0;0
9866;541;10;18;12;6;13;3;68;2;1;1;591;516;87;0.0;0
9866;539;2;5;2;3;3;1;32;2;0;9;278;197;71;0.0;0
9865;532;0;11;5;6;4;0;49;1;0;4;461;377;82;0.0;0
9865;530;4;13;5;8;3;0;51;0;0;0;491;405;82;0.0;0
9864;536;6;12;10;2;6;4;59;1;0;1;527;419;80;0.0;0
9864;545;2;7;5;2;5;2;41;1;0;3;347;233;67;0.0;0
9863;529;9;20;16;4;8;3;76;1;0;1;729;651;89;0.0;0
9863;540;1;9;5;4;7;1;24;5;0;4;206;133;65;0.0;0
9862;544;4;11;7;4;5;1;42;1;0;0;333;243;73;0.0;0
9862;548;4;15;12;3;7;1;58;3;0;2;456;372;82;0.0;0
9861;531;4;7;7;0;6;0;48;4;0;7;370;280;76;0.0;0
9861;547;7;12;4;8;4;2;52;6;0;3;386;299;77;0.0;0
9860;538;3;20;13;7;9;4;66;4;0;3;550;472;86;0.0;0
9860;542;3;5;4;1;4;2;34;4;0;2;277;193;70;0.0;0
9859;533;7;14;11;3;4;2;47;3;0;2;453;393;87;0.0;0
9859;543;3;8;3;5;3;1;53;0;0;4;494;423;86;0.0;0
9858;535;6;14;7;7;3;3;49;4;0;5;394;308;78;0.0;0
9858;534;8;10;8;2;2;2;51;2;0;5;432;333;77;0.0;0
9857;545;4;10;4;6;8;5;57;2;0;2;361;236;65;0.0;0
9857;537;2;5;3;2;1;5;43;5;0;3;281;146;52;0.0;0
9856;539;2;9;5;4;1;2;46;2;0;4;370;273;74;0.0;0
9856;532;5;13;7;6;3;6;54;1;0;1;434;343;79;0.0;0
9855;546;4;13;5;8;3;4;29;2;0;3;272;187;69;0.0;0
9855;529;5;7;3;4;4;5;71;4;0;3;658;593;90;0.0;0
9854;543;7;17;12;5;6;1;61;2;0;2;473;398;84;0.0;0
9854;544;3;12;4;8;4;4;39;3;0;5;294;223;76;0.0;0
9853;530;4;17;7;10;8;5;65;2;0;4;628;544;87;0.0;0
9853;535;4;9;6;3;4;0;35;2;0;3;327;245;75;0.0;0
9852;542;2;16;6;10;2;3;48;2;0;3;385;311;81;0.0;0
9852;533;6;16;13;3;3;3;52;2;0;2;430;363;84;0.0;0
9851;547;0;14;8;6;8;0;45;2;0;7;377;309;82;0.0;0
9851;536;8;13;6;7;1;3;55;4;0;0;492;417;85;0.0;0
9850;534;3;12;7;5;7;1;55;2;0;5;476;380;80;0.0;0
9850;531;5;11;10;1;6;2;45;3;0;2;374;292;78;0.0;0
9849;548;5;10;5;5;4;0;50;3;0;4;450;382;85;0.0;0
9849;541;6;18;14;5;6;3;50;2;0;4;452;379;84;0.0;0
9848;540;3;9;6;3;3;2;35;1;0;0;325;238;73;0.0;0
9848;538;1;11;4;7;5;3;65;4;0;1;602;509;85;0.0;0
9847;532;11;16;9;7;4;2;49;0;0;2;466;384;82;0.0;0
9847;535;2;11;7;4;9;0;51;1;0;6;459;383;83;0.0;0
9846;529;10;11;9;2;7;2;60;0;0;3;607;520;86;0.0;0
9846;545;4;13;9;4;7;2;40;2;0;4;381;299;78;0.0;0
9844;531;7;12;8;4;6;3;56;0;0;7;511;415;81;0.0;0
9844;530;9;16;8;8;0;2;44;2;0;6;423;337;80;0.0;0
9845;537;1;12;6;6;6;6;58;2;0;0;422;304;72;0.0;0
9845;547;0;10;4;6;3;2;42;3;0;1;303;191;63;0.0;0
9843;544;3;15;10;5;5;2;57;0;0;3;509;411;81;0.0;0
9843;542;3;8;3;5;2;6;43;2;0;2;384;297;77;0.0;0
9842;536;9;14;8;6;12;5;59;2;0;0;578;493;85;0.0;0
9842;534;0;7;6;1;0;1;41;2;0;8;412;325;79;0.0;0
9841;541;7;27;24;3;12;0;60;0;0;2;555;481;87;0.0;0
9841;543;4;12;8;4;3;4;40;3;0;7;389;319;82;0.0;0
9840;533;5;14;8;6;5;0;54;5;0;3;470;382;81;0.0;0
9840;540;3;10;8;2;5;0;46;2;0;5;392;293;75;0.0;0
9839;538;4;8;4;4;3;5;66;2;0;2;570;468;82;0.0;0
9839;546;3;10;7;3;2;5;34;4;0;3;280;184;66;0.0;0
9838;539;9;13;7;6;3;1;32;2;0;3;259;175;68;0.0;0
9838;548;3;13;7;6;6;5;68;2;1;6;543;463;85;0.0;0
9837;530;4;13;7;6;7;2;38;4;0;0;359;282;79;0.0;0
9837;536;0;11;6;5;6;1;62;3;0;2;579;487;84;0.0;0
9836;542;3;8;5;3;5;2;32;5;0;5;276;206;75;0.0;0
9836;541;8;21;10;11;13;1;68;2;0;3;565;500;88;0.0;0
9835;535;7;16;12;4;6;1;46;7;1;5;393;307;78;0.0;0
9835;531;7;8;7;1;1;5;54;2;0;4;469;385;82;0.0;0
9834;547;2;13;9;4;9;4;39;3;0;4;344;265;77;0.0;0
9834;529;5;9;7;4;3;14;61;0;0;2;552;472;86;0.0;0
9833;540;5;17;12;6;4;1;37;1;0;5;294;228;78;0.0;0
9833;544;6;21;12;9;6;1;63;1;0;2;505;430;85;0.0;0
9832;546;8;17;13;4;7;6;39;1;0;1;292;198;68;0.0;0
9832;533;1;6;5;1;4;1;61;4;0;4;455;365;80;0.0;0
9831;534;3;8;4;4;3;1;70;1;0;1;686;603;88;0.0;0
9831;537;3;9;7;2;2;3;30;3;0;3;285;207;73;0.0;0
9830;545;0;9;7;2;4;4;49;2;0;2;445;319;72;0.0;0
9830;538;6;11;6;5;4;3;51;1;0;0;470;333;71;0.0;0
9829;548;6;18;7;11;7;2;57;2;1;1;484;428;88;0.0;0
9829;532;4;13;6;7;6;0;43;7;1;4;356;287;81;0.0;0
9828;543;6;14;10;4;6;4;68;1;0;1;638;584;92;0.0;0
9828;539;1;8;4;4;3;2;32;0;0;2;289;222;77;0.0;0
9827;538;9;16;11;5;5;1;64;2;0;2;554;474;86;0.0;0
9827;547;5;9;7;2;6;2;36;5;0;6;300;214;71;0.0;0
9826;544;9;15;12;3;8;3;62;6;0;2;448;350;78;0.0;0
9826;546;3;10;9;1;5;2;38;3;0;7;266;151;57;0.0;0
9825;536;5;12;10;2;4;14;62;2;0;3;554;455;82;0.0;0
9825;535;3;10;6;4;6;2;38;1;0;3;311;222;71;0.0;0
9824;539;0;13;8;5;8;3;63;2;0;1;457;377;82;0.0;0
9824;542;3;8;7;1;4;3;37;4;0;0;278;209;75;0.0;0
9823;537;3;7;5;2;2;0;38;2;0;2;355;248;70;0.0;0
9823;530;2;11;7;4;6;1;62;1;0;3;564;447;79;0.0;0
9822;548;6;18;11;7;12;2;55;3;0;1;439;375;85;0.0;0
9822;543;6;10;7;3;5;1;45;3;0;2;363;286;79;0.0;0
9821;529;10;22;15;7;8;3;48;5;0;1;507;444;88;0.0;0
9821;534;1;11;6;5;3;0;52;1;0;7;554;476;86;0.0;0
9819;532;6;10;9;1;2;2;39;3;0;4;322;249;77;0.0;0
9819;531;6;16;11;5;8;3;61;4;0;2;480;399;83;0.0;0
9820;533;6;12;10;2;6;4;59;2;0;0;543;436;80;0.0;0
9820;545;0;8;5;3;3;3;41;1;0;3;363;259;71;0.0;0
9818;541;8;23;13;10;10;3;64;2;0;3;644;583;91;0.0;0
9818;540;3;8;6;2;3;3;36;2;0;6;362;289;80;0.0;0
9817;540;6;21;12;9;9;5;58;2;0;3;439;341;78;0.0;0
9817;539;3;13;5;8;4;0;42;3;0;5;326;222;68;0.0;0
9816;531;2;13;7;6;6;1;41;6;0;5;300;204;68;0.0;0
9816;536;6;15;11;4;6;0;59;5;0;2;433;343;79;0.0;0
9815;546;3;8;5;3;4;3;31;2;0;4;250;169;68;0.0;0
9815;541;6;16;8;8;7;5;69;3;0;2;563;478;85;0.0;0
9814;542;0;8;3;5;4;0;26;1;0;4;222;158;71;0.0;0
9814;548;6;14;5;9;9;0;74;1;0;0;668;597;89;0.0;0
9813;530;4;5;4;1;2;2;31;3;0;6;332;248;75;0.0;0
9813;529;7;15;9;6;1;2;69;2;0;3;721;639;89;0.0;0
9812;545;3;12;7;5;10;5;55;2;0;2;430;333;77;0.0;0
9812;544;2;8;3;5;1;1;45;2;0;4;359;258;72;0.0;0
9811;547;5;26;19;7;8;3;52;4;0;1;390;316;81;0.0;0
9811;533;3;10;4;6;1;2;48;4;0;4;397;317;80;0.0;0
9810;535;5;13;5;8;4;0;54;4;1;7;395;298;75;0.0;0
9810;537;9;19;9;10;2;2;46;3;0;5;335;227;68;0.0;0
9809;543;6;13;10;3;7;5;58;1;0;3;545;475;87;0.0;0
9809;532;9;13;8;5;5;2;42;4;0;3;379;311;82;0.0;0
9808;534;11;24;16;8;14;2;59;2;0;2;497;430;87;0.0;0
9808;538;7;14;10;4;3;0;41;1;1;9;356;282;79;0.0;0
9807;539;1;5;3;2;3;1;51;1;0;4;386;280;73;0.0;0
9807;546;5;9;6;3;2;5;49;3;0;0;368;253;69;0.0;0
9806;543;5;12;8;5;6;1;68;2;0;3;569;513;90;0.0;0
9806;542;3;7;3;4;5;7;32;2;0;4;248;184;74;0.0;0
9805;532;8;18;10;8;7;0;52;2;0;5;416;341;82;0.0;0
9805;536;5;17;9;8;10;5;48;4;0;4;376;294;78;0.0;0
9804;529;4;12;9;3;4;2;65;1;0;5;711;639;90;0.0;0
9804;535;5;13;8;5;3;4;35;3;0;2;363;292;80;0.0;0
9803;533;9;25;16;10;9;6;50;1;0;5;488;426;87;0.0;0
9803;534;5;16;9;7;6;1;50;5;0;6;480;402;84;0.0;0
9802;538;8;19;9;10;4;1;67;3;0;1;649;557;86;0.0;0
9802;530;2;4;2;2;4;1;33;5;0;9;310;233;75;0.0;0
9801;537;4;16;4;12;4;3;38;3;0;1;285;195;68;0.0;0
9801;531;1;7;5;2;3;2;62;4;0;3;447;345;77;0.0;0
9800;541;7;15;10;6;5;4;58;1;0;3;609;524;86;0.0;0
9800;545;2;9;2;7;2;5;42;1;0;5;423;345;82;0.0;0
9799;548;5;19;9;10;10;2;61;5;1;0;553;474;86;0.0;0
9799;540;1;4;3;1;1;1;39;4;0;4;354;260;73;0.0;0
9798;544;6;15;9;6;9;5;60;3;0;4;484;398;82;0.0;0
9798;547;6;13;8;5;7;1;40;8;0;5;322;232;72;0.0;0
9797;542;6;16;5;11;6;1;44;5;0;0;343;258;75;0.0;0
9797;532;2;7;5;2;4;1;56;1;0;5;422;330;78;0.0;0
9796;530;6;18;8;10;11;2;45;0;0;3;395;321;81;0.0;0
9796;533;4;12;7;5;6;0;55;4;0;4;501;398;79;0.0;0
9795;531;5;17;10;7;6;6;39;1;0;3;336;262;78;0.0;0
9795;529;5;17;10;7;4;5;61;4;0;5;557;458;82;0.0;0
9794;536;5;9;5;4;5;4;61;0;0;0;542;439;81;0.0;0
9794;537;1;10;6;4;6;0;39;3;0;3;323;202;63;0.0;0
9793;546;5;10;7;3;8;6;44;3;0;3;330;234;71;0.0;0
9793;548;4;15;9;6;7;3;56;2;0;3;424;337;79;0.0;0
9792;547;4;15;7;8;2;1;38;2;0;4;344;273;79;0.0;0
9792;541;6;14;11;3;7;4;62;1;0;2;554;467;84;0.0;0
9791;545;6;16;10;6;6;2;69;1;0;0;575;469;82;0.0;0
9791;539;2;3;3;0;2;5;31;3;0;4;257;155;60;0.0;0
9790;535;3;15;10;5;4;0;35;2;0;1;306;222;73;0.0;0
9790;538;2;10;7;3;1;4;65;3;0;1;577;489;85;0.0;0
9789;534;5;13;9;4;8;2;62;1;0;2;580;503;87;0.0;0
9789;544;5;15;13;2;5;0;38;1;0;4;339;263;78;0.0;0
9788;540;4;10;5;5;5;4;39;2;0;4;365;271;74;0.0;0
9788;543;4;9;3;6;3;0;61;5;0;3;583;495;85;0.0;0
9787;543;4;15;8;7;4;0;74;2;0;0;681;597;88;0.0;0
9787;546;2;9;8;1;6;2;26;6;0;2;229;143;62;0.0;0
9786;532;6;13;7;6;4;2;58;1;0;6;546;468;86;0.0;0
9786;537;6;13;9;4;7;2;42;2;0;3;388;289;74;0.0;0
9785;544;1;15;6;9;4;1;50;4;0;2;429;318;74;0.0;0
9785;530;3;11;3;8;4;5;50;2;0;1;427;310;73;0.0;0
9784;542;6;17;6;11;3;3;34;7;0;3;260;193;74;0.0;0
9784;540;3;9;5;4;8;1;66;2;1;4;485;405;84;0.0;0
9783;529;6;18;13;5;3;2;52;1;0;2;587;499;85;0.0;0
9783;536;3;8;5;3;3;5;48;0;0;3;534;459;86;0.0;0
9782;539;4;7;4;3;7;1;48;3;0;3;418;330;79;0.0;0
9782;547;5;10;6;4;2;2;52;4;0;3;451;362;80;0.0;0
9781;538;5;11;7;4;3;4;49;2;0;4;421;325;77;0.0;0
9781;531;5;14;11;3;6;0;51;3;0;2;413;322;78;0.0;0
9780;533;3;14;5;9;6;9;55;2;0;2;480;378;79;0.0;0
9780;535;2;10;7;3;4;3;45;5;0;1;378;274;72;0.0;0
9779;548;6;10;8;2;3;5;51;0;0;4;433;349;81;0.0;0
9779;545;5;9;6;3;6;4;49;3;0;3;406;311;77;0.0;0
9778;541;9;27;13;14;9;6;59;2;0;1;643;582;91;0.0;0
9778;534;1;3;3;0;2;3;41;1;0;6;453;378;83;0.0;0
9777;547;4;14;8;6;3;3;54;4;0;4;417;328;79;0.0;0
9777;548;5;14;8;6;6;6;46;2;0;3;357;266;75;0.0;0
9776;546;8;13;11;2;4;1;43;2;0;4;316;221;70;0.0;0
9776;542;5;11;7;4;5;1;57;3;0;4;426;312;73;0.0;0
9775;537;7;18;9;9;6;0;32;1;0;3;274;194;71;0.0;0
9775;529;7;11;10;1;3;5;68;1;0;7;607;512;84;0.0;0
9774;536;5;12;10;2;1;2;51;3;0;4;569;462;81;0.0;0
9774;538;5;11;9;2;2;0;49;2;0;3;520;423;81;0.0;0
9773;530;1;7;3;4;7;0;34;6;0;3;343;275;80;0.0;0
9773;541;3;14;7;7;9;0;66;2;0;0;668;590;88;0.0;0
9772;535;5;14;9;5;5;4;45;4;0;2;372;284;76;0.0;0
9772;544;4;12;7;5;4;4;55;5;0;2;445;351;79;0.0;0
9771;540;4;13;9;4;3;3;46;0;0;2;424;327;77;0.0;0
9771;532;4;9;4;5;4;1;54;4;0;4;492;402;82;0.0;0
9770;534;5;10;6;4;3;4;61;1;0;4;554;462;83;0.0;0
9770;539;6;11;7;4;5;0;39;4;0;5;349;271;78;0.0;0
9769;531;3;15;10;5;9;2;46;1;0;3;350;272;78;0.0;0
9769;533;4;7;2;5;7;3;54;3;0;2;435;354;81;0.0;0
9768;545;7;17;12;6;5;3;43;2;0;0;395;314;79;0.0;0
9768;543;0;4;3;1;2;2;57;2;1;3;538;437;81;0.0;0
9767;538;7;14;9;5;3;2;58;2;0;2;532;434;82;0.0;0
9767;537;2;10;5;5;4;5;42;3;0;6;356;268;75;0.0;0
9766;542;2;6;2;4;2;4;42;7;1;4;287;171;60;0.0;0
9766;545;6;12;8;4;5;2;58;3;1;1;383;284;74;0.0;0
9765;541;9;16;13;3;6;10;57;1;0;1;524;460;88;0.0;0
9765;535;3;9;4;5;0;3;43;2;0;6;389;322;83;0.0;0
9764;543;6;12;8;4;3;6;51;2;0;5;442;339;77;0.0;0
9764;547;7;13;8;5;5;3;49;1;0;4;393;288;73;0.0;0
9763;539;2;17;8;9;2;0;44;2;0;6;448;370;83;0.0;0
9763;530;11;16;14;3;3;5;56;1;0;2;570;491;86;0.0;0
9762;544;4;14;10;4;5;1;51;4;0;1;455;335;74;0.0;0
9762;531;3;10;5;5;2;2;49;1;0;2;427;322;75;0.0;0
9761;548;3;16;13;3;11;4;51;3;1;5;472;411;87;0.0;0
9761;534;7;8;6;2;3;1;49;3;0;1;469;388;83;0.0;0
9760;533;4;18;10;8;6;2;46;4;1;1;441;354;80;0.0;0
9760;536;4;15;8;7;6;4;54;3;0;2;522;444;85;0.0;0
9759;532;1;9;6;3;3;3;30;4;0;7;328;246;75;0.0;0
9759;529;8;12;6;6;9;8;70;0;0;0;753;654;87;0.0;0
9758;540;5;10;3;7;6;5;51;3;0;3;416;287;69;0.0;0
9758;546;4;7;4;3;4;0;49;7;0;4;398;283;71;0.0;0
9757;535;2;18;11;7;7;5;62;1;0;3;505;419;83;0.0;0
9757;539;3;3;2;1;2;5;38;3;0;2;316;216;68;0.0;0
9756;529;7;22;19;3;4;3;64;3;0;3;749;655;87;0.0;0
9756;538;5;10;6;4;1;1;36;6;0;5;405;314;78;0.0;0
9755;530;10;16;10;6;5;4;55;1;0;1;526;431;82;0.0;0
9755;548;2;10;8;2;6;1;45;2;0;8;422;330;78;0.0;0
9754;536;6;10;5;5;6;6;56;1;0;2;576;483;84;0.0;0
9754;544;3;12;9;3;7;2;44;3;0;4;426;337;79;0.0;0
9753;531;4;11;9;2;3;1;35;2;0;4;339;259;76;0.0;0
9753;541;4;19;10;9;5;3;65;5;1;4;631;554;88;0.0;0
9752;537;5;11;7;4;5;4;37;2;0;3;269;178;66;0.0;0
9752;533;4;12;6;6;6;4;63;4;0;2;460;365;79;0.0;0
9751;546;3;11;6;5;5;6;32;7;1;6;218;123;56;0.0;0
9751;532;6;13;6;7;12;2;68;4;0;2;439;342;78;0.0;0
9750;545;5;10;4;6;3;2;56;3;0;4;430;304;71;0.0;0
9750;540;4;6;4;3;2;3;44;2;0;2;338;192;57;0.0;0
9749;534;7;21;13;8;6;5;56;1;0;2;563;512;91;0.0;0
9749;543;2;8;4;4;4;3;44;7;1;6;435;363;83;0.0;0
9748;547;3;11;6;5;6;1;56;1;0;1;506;399;79;0.0;0
9748;542;4;9;5;4;5;3;44;2;0;1;391;290;74;0.0;0
9747;542;9;22;18;4;8;2;34;2;0;1;286;217;76;0.0;0
9747;534;1;6;2;4;3;2;66;0;0;7;580;503;87;0.0;0
9746;546;3;6;3;3;9;5;47;0;0;1;327;198;61;0.0;0
9746;545;1;7;3;4;7;2;53;4;0;3;363;232;64;0.0;0
9745;541;8;21;13;8;9;2;58;0;0;3;643;593;92;0.0;0
9745;536;3;10;6;4;3;3;42;2;0;3;464;407;88;0.0;0
9744;544;4;16;7;9;6;3;59;4;0;0;540;427;79;0.0;0
9744;537;0;3;2;1;1;3;41;4;0;3;369;262;71;0.0;0
9743;532;7;13;9;4;10;1;39;2;0;4;362;287;79;0.0;0
9743;538;5;13;5;8;2;0;61;6;0;5;592;511;86;0.0;0
9742;548;2;18;14;4;5;6;67;1;0;3;529;445;84;0.0;0
9742;535;5;9;5;4;0;2;33;1;0;2;269;184;68;0.0;0
9741;543;4;9;2;7;3;0;73;4;0;1;706;613;87;0.0;0
9741;530;2;4;2;2;2;2;27;3;0;4;255;168;66;0.0;0
9740;539;3;12;8;5;8;1;60;3;0;2;448;350;78;0.0;0
9740;531;3;14;11;4;6;2;40;3;0;3;300;206;69;0.0;0
9739;533;5;9;5;4;2;3;32;2;1;4;354;279;79;0.0;0
9739;529;6;16;10;6;4;5;68;1;0;5;778;693;89;0.0;0
9738;540;3;8;4;4;8;4;52;1;0;4;444;328;74;0.0;0
9738;547;5;12;9;3;6;2;48;3;0;3;409;293;72;0.0;0
9737;536;6;16;12;4;8;4;61;2;0;2;489;407;83;0.0;0
9737;539;2;10;5;5;5;0;39;3;0;7;310;223;72;0.0;0
9736;531;2;7;7;0;6;3;38;3;0;2;336;244;73;0.0;0
9736;548;2;10;7;3;6;2;62;0;0;1;541;439;81;0.0;0
9735;545;3;14;10;4;5;1;51;1;0;2;413;284;69;0.0;0
9735;532;3;7;5;2;6;5;49;4;0;1;399;263;66;0.0;0
9734;530;4;10;6;4;4;0;63;3;0;0;554;457;82;0.0;0
9734;542;0;11;6;5;4;1;37;4;0;2;320;219;68;0.0;0
9733;547;2;9;2;7;1;1;45;2;0;0;274;179;65;0.0;0
9733;546;0;7;2;5;7;8;55;6;0;1;313;234;75;0.0;0
9732;538;3;10;4;6;2;3;64;1;0;4;654;569;87;0.0;0
9732;533;5;8;5;3;2;2;36;3;0;3;362;289;80;0.0;0
9731;534;5;14;11;3;9;3;61;3;0;1;655;560;85;0.0;0
9731;540;3;8;7;1;2;1;39;3;0;3;416;329;79;0.0;0
9730;529;11;23;19;4;6;2;60;0;0;3;663;588;89;0.0;0
9730;544;3;10;3;7;3;3;40;1;0;7;413;332;80;0.0;0
9729;535;2;18;9;9;3;3;45;2;0;2;392;296;76;0.0;0
9729;543;4;10;8;2;4;3;55;2;0;2;488;396;81;0.0;0
9728;539;3;10;6;4;6;2;57;6;1;2;381;290;76;0.0;0
9728;537;2;10;6;4;5;3;43;6;1;3;298;204;68;0.0;0
9727;546;7;13;8;5;3;0;32;3;0;6;287;205;71;0.0;0
9727;534;6;17;10;7;1;3;68;1;0;4;582;502;86;0.0;0
9726;548;5;14;8;6;4;0;50;1;0;3;479;406;85;0.0;0
9726;536;4;9;4;5;5;5;50;5;0;2;481;408;85;0.0;0
9725;545;6;16;11;5;3;3;50;1;0;0;348;236;68;0.0;0
9725;547;1;6;4;2;2;6;50;2;0;2;365;246;67;0.0;0
9724;542;5;13;8;5;4;9;41;2;0;3;337;235;70;0.0;0
9724;535;3;10;3;7;4;0;59;4;0;4;481;378;79;0.0;0
9723;543;6;16;4;12;6;2;52;1;1;5;462;378;82;0.0;0
9723;531;7;19;18;2;9;3;48;2;0;7;422;336;80;0.0;0
9722;540;4;8;4;4;2;1;44;2;0;1;417;299;72;0.0;0
9722;530;1;9;7;2;3;4;56;5;0;3;507;396;78;0.0;0
9721;541;5;14;10;4;7;5;44;2;1;8;449;381;85;0.0;0
9721;529;11;18;15;3;7;1;56;2;0;5;587;521;89;0.0;0
9720;532;3;22;15;7;14;4;55;7;1;1;463;388;84;0.0;0
9720;533;2;9;3;6;1;3;45;5;1;3;397;314;79;0.0;0
9719;544;4;15;12;3;3;1;54;2;0;0;469;368;78;0.0;0
9719;538;3;7;3;4;1;2;46;2;0;3;397;299;75;0.0;0
9718;530;5;10;7;3;5;3;60;6;1;5;602;508;84;0.0;0
9718;546;5;10;5;5;0;0;40;3;0;3;383;278;73;0.0;0
9717;532;7;17;11;7;9;2;59;5;0;4;484;408;84;0.0;0
9717;547;5;11;6;5;7;0;41;5;0;6;319;247;77;0.0;0
9716;534;2;4;2;2;4;3;54;3;0;2;412;294;71;0.0;0
9716;545;4;13;11;2;3;1;46;3;0;1;344;236;69;0.0;0
9715;536;3;14;12;2;12;3;49;3;0;0;381;287;75;0.0;0
9715;543;5;9;6;3;0;2;51;5;0;0;425;342;80;0.0;0
9714;537;4;8;6;2;5;1;31;0;0;5;299;206;69;0.0;0
9714;548;5;9;5;4;6;2;69;1;0;3;671;579;86;0.0;0
9713;529;8;16;10;6;3;5;71;0;0;2;699;635;91;0.0;0
9713;539;2;9;6;3;6;2;29;4;0;5;263;199;76;0.0;0
9711;531;8;14;11;3;4;3;59;2;0;1;455;366;80;0.0;0
9711;542;1;8;0;8;1;1;41;4;0;6;301;218;72;0.0;0
9712;533;5;11;6;5;7;1;56;4;0;2;535;448;84;0.0;0
9712;544;3;13;7;6;5;0;44;3;0;4;406;309;76;0.0;0
9710;538;5;10;6;4;3;0;50;2;0;6;497;409;82;0.0;0
9710;541;8;19;12;7;7;1;50;2;0;3;479;416;87;0.0;0
9709;535;2;17;9;8;6;4;60;2;0;2;493;362;73;0.0;0
9709;540;3;6;3;3;5;1;40;3;0;2;330;222;67;0.0;0
9708;546;3;7;3;4;5;5;42;3;0;2;325;202;62;0.0;0
9708;535;2;9;5;4;2;6;58;1;0;2;455;333;73;0.0;0
9707;547;8;15;13;2;5;3;42;2;0;1;283;203;72;0.0;0
9707;534;1;3;2;1;2;4;58;5;0;2;395;304;77;0.0;0
9706;541;7;28;19;9;11;3;58;2;0;3;599;533;89;0.0;0
9706;533;4;10;6;4;0;1;42;1;0;7;450;384;85;0.0;0
9705;545;3;10;6;4;9;0;66;2;0;2;565;430;76;0.0;0
9705;530;3;7;7;0;1;5;34;1;0;5;299;165;55;0.0;0
9704;544;2;12;9;3;8;1;52;1;0;3;458;360;79;0.0;0
9704;532;5;12;4;8;10;1;48;2;0;1;430;358;83;0.0;0
9703;539;5;15;10;5;6;2;37;4;0;1;346;257;74;0.0;0
9703;538;2;3;1;2;2;3;63;3;0;5;602;509;85;0.0;0
9702;542;3;12;6;6;5;1;37;5;1;1;329;230;70;0.0;0
9702;536;1;14;6;8;4;2;63;2;0;2;554;444;80;0.0;0
9701;540;3;11;5;6;4;0;44;2;0;2;382;278;73;0.0;0
9701;531;3;8;5;3;2;3;56;4;0;2;493;390;79;0.0;0
9700;548;6;15;8;7;7;5;49;2;0;1;448;382;85;0.0;0
9700;529;5;11;6;5;3;5;51;2;0;4;469;405;86;0.0;0
9699;543;9;16;8;8;1;1;74;2;0;4;707;634;90;0.0;0
9699;537;6;10;7;3;1;2;26;3;0;6;242;164;68;0.0;0
9698;546;6;17;10;7;6;1;49;5;0;3;365;261;72;0.0;0
9698;531;5;7;5;2;2;3;51;1;0;4;377;276;73;0.0;0
9697;540;0;9;7;2;8;0;54;4;0;4;461;347;75;0.0;0
9697;536;7;12;8;4;2;3;46;2;0;0;394;290;74;0.0;0
9696;530;4;9;4;5;2;5;53;4;0;2;530;441;83;0.0;0
9696;547;3;6;3;3;1;0;47;3;0;3;460;359;78;0.0;0
9695;533;6;18;10;8;6;7;58;2;0;2;464;391;84;0.0;0
9695;539;4;16;8;8;4;0;42;2;0;4;312;226;72;0.0;0
9694;534;6;20;8;12;3;2;58;2;0;6;471;365;77;0.0;0
9694;532;8;14;8;6;6;4;42;9;2;4;329;230;70;0.0;0
9693;542;6;14;9;5;4;6;46;3;1;2;321;209;65;0.0;0
9693;537;4;8;7;1;6;1;54;3;0;4;357;252;71;0.0;0
9692;541;14;24;22;2;6;6;62;0;0;2;569;508;89;0.0;0
9692;544;3;6;6;0;1;1;38;2;0;6;361;292;81;0.0;0
9691;548;2;16;8;8;8;1;55;1;0;1;557;471;85;0.0;0
9691;538;3;10;6;4;3;1;45;2;0;2;467;369;79;0.0;0
9690;543;2;7;5;2;4;0;48;2;0;5;489;400;82;0.0;0
9690;529;10;14;10;4;2;7;52;2;0;2;524;445;85;0.0;0
9689;545;4;15;9;6;8;2;70;1;0;3;509;417;82;0.0;0
9689;535;4;10;7;3;3;7;30;3;1;3;227;133;59;0.0;0
9688;531;1;7;6;1;3;3;43;0;0;1;331;219;66;0.0;0
9688;545;2;13;6;7;7;1;57;0;0;0;416;318;76;0.0;0
9687;544;2;8;6;2;4;0;41;7;1;3;304;209;69;0.0;0
9687;539;4;15;8;7;7;2;59;5;0;0;397;307;77;0.0;0
9686;532;4;11;6;5;4;2;42;2;0;3;435;368;85;0.0;0
9686;541;7;13;10;3;4;0;58;2;0;3;584;513;88;0.0;0
9685;535;1;7;4;3;5;3;43;2;1;2;377;284;75;0.0;0
9685;547;2;11;3;8;4;2;57;1;0;1;494;395;80;0.0;0
9684;533;7;11;7;4;2;1;37;1;0;4;369;294;80;0.0;0
9684;548;6;24;15;9;9;1;63;1;0;3;587;506;86;0.0;0
9683;537;6;11;8;5;1;2;43;2;0;1;298;192;64;0.0;0
9683;540;4;12;9;3;7;2;57;4;0;5;380;262;69;0.0;0
9682;530;6;18;13;5;4;6;44;1;0;1;406;312;77;0.0;0
9682;534;1;9;3;6;1;1;56;2;0;3;512;419;82;0.0;0
9681;536;1;15;9;6;3;4;64;3;0;1;608;503;83;0.0;0
9681;546;2;7;6;1;4;0;36;3;0;0;328;220;67;0.0;0
9680;529;12;18;11;7;8;2;77;0;0;3;730;627;86;0.0;0
9680;542;4;7;6;1;1;1;23;2;0;10;205;123;60;0.0;0
9679;538;5;13;10;3;7;5;42;1;0;1;407;318;78;0.0;0
9679;543;3;7;4;3;2;2;58;5;0;2;565;471;83;0.0;0
9678;548;8;19;14;5;9;5;63;0;0;1;523;435;83;0.0;0
9678;544;1;4;3;1;5;4;37;1;0;3;304;217;71;0.0;0
9677;545;7;17;9;8;5;1;44;0;0;2;316;209;66;0.0;0
9677;536;3;11;8;3;3;4;56;3;0;2;406;291;72;0.0;0
9676;543;4;13;4;9;2;2;54;1;0;2;487;403;83;0.0;0
9676;533;3;12;7;5;6;5;46;2;1;2;411;317;77;0.0;0
9675;542;3;9;7;2;2;2;26;3;0;3;262;169;65;0.0;0
9675;538;4;16;11;5;1;0;74;2;0;1;728;634;87;0.0;0
9674;539;4;12;7;5;4;2;28;3;0;7;268;186;69;0.0;0
9674;541;9;23;16;7;6;3;72;3;0;2;698;626;90;0.0;0
9673;546;1;11;5;6;5;0;50;2;0;1;358;222;62;0.0;0
9673;537;1;2;2;0;2;0;50;6;0;1;354;242;68;0.0;0
9672;540;2;7;4;3;0;3;26;5;0;1;208;128;62;0.0;0
9672;529;2;12;9;3;7;0;74;3;0;1;599;488;81;0.0;0
9671;547;3;8;6;2;2;2;39;1;0;0;337;234;69;0.0;0
9671;531;0;9;5;4;4;5;61;1;0;1;534;418;78;0.0;0
9670;530;4;14;7;7;9;2;49;1;0;0;516;441;85;0.0;0
9670;532;0;9;5;4;1;0;51;1;0;3;538;470;87;0.0;0
9669;534;4;11;3;8;4;0;65;2;0;3;530;434;82;0.0;0
9669;535;3;9;5;4;2;4;35;3;0;3;276;166;60;0.0;0
9668;531;5;11;6;5;5;6;53;4;0;2;424;322;76;0.0;0
9668;534;2;8;2;6;2;1;47;4;0;5;381;278;73;0.0;0
9667;533;6;27;15;12;13;2;70;4;0;2;561;457;81;0.0;0
9667;542;4;5;4;1;2;2;30;4;0;5;245;142;58;0.0;0
9666;535;3;12;6;6;3;1;47;3;0;0;385;277;72;0.0;0
9666;530;1;5;3;2;3;3;53;1;0;3;440;323;73;0.0;0
9665;537;0;2;1;1;1;6;43;4;1;5;318;194;61;0.0;0
9665;545;6;19;15;4;10;1;57;2;0;0;402;271;67;0.0;0
9664;541;9;18;14;4;5;4;52;2;0;1;607;540;89;0.0;0
9664;548;3;8;5;3;3;1;48;1;0;3;552;492;89;0.0;0
9663;536;4;12;6;6;7;6;53;2;0;7;439;339;77;0.0;0
9663;547;6;14;7;7;2;1;47;2;0;1;368;280;76;0.0;0
9662;529;6;12;6;6;9;7;79;2;0;1;778;682;88;0.0;0
9662;546;1;10;3;7;3;3;21;3;0;6;203;115;57;0.0;0
9661;538;7;18;15;3;9;1;71;3;0;0;676;604;89;0.0;0
9661;540;2;3;2;1;1;0;29;4;0;5;279;192;69;0.0;0
9660;532;8;18;13;5;7;2;59;3;0;0;508;439;86;0.0;0
9660;539;1;5;3;2;9;3;41;3;0;5;339;261;77;0.0;0
9659;544;2;16;11;5;8;3;38;2;0;3;327;249;76;0.0;0
9659;543;4;10;4;6;1;1;62;0;0;2;568;484;85;0.0;0
9658;547;5;10;8;2;4;0;52;3;0;5;395;289;73;0.0;0
9658;537;5;10;3;7;4;4;48;5;0;2;361;263;73;0.0;0
9657;534;3;11;5;6;7;7;55;2;0;3;385;310;81;0.0;0
9657;536;6;12;12;0;5;3;45;3;0;2;319;242;76;0.0;0
9656;545;3;13;8;5;6;2;46;3;1;4;469;365;78;0.0;0
9656;529;6;10;10;0;0;6;54;1;0;3;562;464;83;0.0;0
9655;542;3;14;7;7;9;0;48;2;0;0;387;284;73;0.0;0
9655;544;0;5;3;2;3;3;52;3;0;2;425;322;76;0.0;0
9654;535;3;10;8;2;7;1;33;2;1;1;223;122;55;0.0;0
9654;532;3;10;5;5;2;2;67;4;0;3;496;406;82;0.0;0
9653;548;3;13;9;4;2;1;68;0;0;1;645;569;88;0.0;0
9653;539;1;9;6;3;4;1;32;2;0;0;290;209;72;0.0;0
9652;530;4;14;10;4;5;2;57;3;0;0;544;445;82;0.0;0
9652;531;0;4;3;1;2;0;43;2;0;2;397;297;75;0.0;0
9651;540;3;15;9;6;2;1;52;1;0;3;444;334;75;0.0;0
9651;533;3;8;5;3;5;1;48;7;0;2;423;322;76;0.0;0
9650;543;5;20;12;9;7;0;57;3;0;4;524;448;85;0.0;0
9650;541;9;12;12;0;5;5;43;5;0;3;385;320;83;0.0;0
9649;546;5;9;6;3;5;1;31;4;0;1;254;167;66;0.0;0
9649;538;1;4;1;3;5;3;69;3;0;2;554;454;82;0.0;0
9648;537;3;7;5;2;6;3;39;3;0;4;419;319;76;0.0;0
9648;541;7;13;10;3;5;2;61;1;0;2;642;559;87;0.0;0
9647;544;5;18;8;10;4;2;51;5;0;1;473;360;76;0.0;0
9647;540;1;9;4;5;2;2;49;1;0;5;441;324;73;0.0;0
9646;538;3;8;4;4;3;5;50;2;0;2;379;269;71;0.0;0
9646;545;2;15;12;3;9;0;50;3;0;1;355;259;73;0.0;0
9645;541;10;24;19;5;9;3;63;1;0;5;591;530;90;0.0;0
9645;542;5;11;6;5;5;3;37;2;0;6;341;268;79;0.0;0
9644;537;2;12;8;4;6;3;43;4;0;0;286;189;66;0.0;0
9644;534;0;4;1;3;5;4;57;5;0;2;377;278;74;0.0;0
9643;529;14;21;13;8;5;3;62;1;0;3;587;515;88;0.0;0
9643;547;4;10;6;4;3;0;38;1;0;7;352;269;76;0.0;0
9642;533;4;9;5;4;2;3;53;5;0;3;436;341;78;0.0;0
9642;546;3;5;2;3;8;5;47;3;0;3;357;245;69;0.0;0
9641;531;6;8;6;2;6;2;59;3;0;3;442;338;76;0.0;0
9641;535;4;8;8;0;4;4;41;3;1;3;300;212;71;0.0;0
9640;532;4;7;5;2;4;1;35;2;0;2;347;268;77;0.0;0
9640;548;3;9;5;4;4;2;65;3;0;2;653;567;87;0.0;0
9639;536;5;10;6;4;5;3;59;3;0;3;635;554;87;0.0;0
9639;530;8;13;9;4;4;2;41;3;0;3;436;358;82;0.0;0
9638;539;2;12;6;6;5;1;30;5;0;4;278;194;70;0.0;0
9638;543;5;15;8;8;5;0;70;2;0;2;680;595;88;0.0;0
9637;540;7;16;8;8;3;3;38;1;0;6;371;287;77;0.0;0
9637;541;5;12;6;6;8;2;62;1;0;6;598;509;85;0.0;0
9636;547;2;11;7;4;6;3;44;3;0;2;407;322;79;0.0;0
9636;538;2;10;4;6;4;4;56;2;0;1;520;426;82;0.0;0
9633;531;4;11;7;4;6;5;48;1;0;3;357;272;76;0.0;0
9633;532;4;6;0;6;1;6;52;2;0;3;407;324;80;0.0;0
9635;535;0;8;5;3;9;2;48;2;0;3;419;318;76;0.0;0
9635;536;4;6;5;1;4;2;52;2;0;0;450;349;78;0.0;0
9634;546;5;14;8;7;10;2;41;2;0;1;310;200;65;0.0;0
9634;544;1;9;4;5;6;6;59;4;0;3;424;324;76;0.0;0
9631;530;8;15;8;7;5;3;65;1;0;2;703;626;89;0.0;0
9631;537;3;9;6;3;1;0;35;3;0;4;369;287;78;0.0;0
9632;545;1;14;10;4;6;7;49;4;0;3;371;243;65;0.0;0
9632;533;3;11;5;6;4;4;51;2;0;0;393;275;70;0.0;0
9630;543;5;9;4;5;4;2;49;2;0;5;427;331;78;0.0;0
9630;548;5;14;5;9;10;5;51;0;0;5;423;334;79;0.0;0
9629;534;1;12;6;6;6;3;35;6;0;3;302;223;74;0.0;0
9629;529;4;10;6;4;6;1;65;3;0;0;545;470;86;0.0;0
9628;542;5;15;11;4;5;4;63;4;1;1;435;347;80;0.0;0
9628;539;1;6;3;3;3;0;37;4;1;4;264;154;58;0.0;0
9627;533;5;14;9;5;7;4;62;4;0;0;496;403;81;0.0;0
9627;547;3;4;2;2;2;3;38;0;0;5;292;189;65;0.0;0
9626;536;8;18;13;5;8;4;49;2;0;3;458;354;77;0.0;0
9626;531;3;10;6;4;4;6;51;3;0;6;470;362;77;0.0;0
9625;537;3;10;3;7;6;4;59;1;0;1;470;363;77;0.0;0
9625;535;1;4;3;1;1;0;41;1;0;1;323;221;68;0.0;0
9624;544;3;7;6;1;2;5;29;1;1;3;260;163;63;0.0;0
9624;545;3;16;7;9;9;1;71;2;0;2;600;506;84;0.0;0
9623;541;6;14;11;3;8;6;76;1;0;3;805;741;92;0.0;0
9623;546;4;4;2;2;0;4;24;3;1;4;258;190;74;0.0;0
9622;539;4;14;9;5;2;0;32;0;0;2;257;160;62;0.0;0
9622;540;3;15;10;5;1;1;68;3;0;3;540;437;81;0.0;0
9621;529;5;16;7;9;12;2;58;2;0;1;604;520;86;0.0;0
9621;530;1;6;2;4;1;6;42;2;0;5;430;347;81;0.0;0
9620;548;5;14;11;3;8;2;60;0;0;0;576;493;86;0.0;0
9620;542;1;4;4;0;4;2;40;1;0;3;375;281;75;0.0;0
9619;532;6;12;8;4;7;4;39;1;0;4;421;353;84;0.0;0
9619;543;4;9;5;4;0;2;61;4;0;4;658;571;87;0.0;0
9618;538;6;14;8;6;10;4;58;1;0;2;472;384;81;0.0;0
9618;534;3;10;4;6;7;0;42;2;0;4;333;262;79;0.0;0
9617;547;6;9;5;4;2;0;48;1;0;4;398;302;76;0.0;0
9617;544;4;8;6;2;2;4;52;4;0;4;416;306;74;0.0;0
9616;545;3;12;9;3;8;0;45;1;0;4;392;299;76;0.0;0
9616;541;6;12;11;1;6;3;55;1;0;3;496;391;79;0.0;0
9615;536;5;21;14;7;7;4;61;4;0;3;522;434;83;0.0;0
9615;532;5;10;8;2;3;4;39;2;0;5;339;250;74;0.0;0
9614;546;3;13;10;3;4;2;44;4;0;2;278;166;60;0.0;0
9614;539;3;11;6;5;7;3;56;7;1;3;346;238;69;0.0;0
9613;535;2;6;4;2;2;1;24;1;1;7;264;171;65;0.0;0
9613;529;9;20;13;7;5;4;76;1;0;2;828;749;90;0.0;0
9612;540;7;18;13;5;6;2;47;0;0;4;402;319;79;0.0;0
9612;548;5;11;6;5;4;1;53;2;0;4;450;367;82;0.0;0
9611;530;3;7;7;0;6;3;45;1;0;2;401;313;78;0.0;0
9611;538;2;9;6;3;4;1;55;2;0;0;489;409;84;0.0;0
9610;534;3;9;5;4;7;2;55;1;1;2;476;389;82;0.0;0
9610;533;4;11;9;2;3;7;45;1;0;3;406;315;78;0.0;0
9609;531;5;13;9;4;3;2;44;2;0;2;330;224;68;0.0;0
9609;537;1;12;10;2;6;6;56;5;0;3;413;319;77;0.0;0
9608;542;1;10;9;1;6;5;48;2;0;1;386;281;73;0.0;0
9608;543;4;10;9;1;2;1;52;2;0;0;438;336;77;0.0;0
9607;539;3;6;6;0;4;2;32;4;0;3;245;151;62;0.0;0
9607;545;5;13;10;3;5;3;68;3;0;1;497;392;79;0.0;0
9606;544;3;13;7;6;9;0;46;3;0;0;343;250;73;0.0;0
9606;534;1;8;1;7;2;4;54;3;0;2;406;310;76;0.0;0
9605;532;10;24;14;11;9;2;60;1;0;3;582;510;88;0.0;0
9605;542;4;16;7;9;2;2;40;1;0;8;373;292;78;0.0;0
9604;548;2;8;3;5;7;3;67;3;0;3;501;393;78;0.0;0
9604;546;5;9;6;3;1;4;33;6;0;1;236;150;64;0.0;0
9603;543;4;9;6;3;3;0;69;1;0;2;740;647;87;0.0;0
9603;540;1;4;1;3;5;6;31;3;0;1;322;229;71;0.0;0
9602;537;6;11;6;5;5;1;35;2;0;3;297;211;71;0.0;0
9602;536;4;10;7;3;4;4;65;4;1;3;570;465;82;0.0;0
9601;529;9;17;7;10;6;1;59;2;0;3;600;507;85;0.0;0
9601;531;3;10;6;4;5;3;41;2;0;7;403;307;76;0.0;0
9600;533;5;17;8;9;5;0;62;5;0;1;636;555;87;0.0;0
9600;530;2;8;4;4;4;5;38;3;1;3;390;307;79;0.0;0
9599;538;3;11;11;0;4;2;53;3;0;0;456;330;72;0.0;0
9599;535;0;5;2;3;5;4;47;2;0;3;390;284;73;0.0;0
9598;541;14;20;15;5;6;3;65;1;0;3;620;564;91;0.0;0
9598;547;6;10;9;1;7;1;35;2;0;8;318;266;84;0.0;0
9597;547;5;12;6;6;5;0;48;1;0;5;376;283;75;0.0;0
9597;539;6;15;9;6;7;2;52;3;0;4;397;306;77;0.0;0
9596;531;2;12;10;2;4;5;44;1;0;3;386;284;74;0.0;0
9596;538;3;13;6;7;5;3;56;1;0;1;479;374;78;0.0;0
9595;534;3;17;7;10;3;0;50;3;0;3;461;393;85;0.0;0
9595;541;7;17;14;3;4;4;50;0;0;3;458;382;83;0.0;0
9594;536;6;21;17;4;5;4;39;2;0;7;407;338;83;0.0;0
9594;529;9;20;13;7;9;3;61;0;0;3;622;541;87;0.0;0
9593;540;3;12;7;5;6;0;57;3;0;4;480;394;82;0.0;0
9593;542;4;13;6;7;5;3;43;2;0;3;361;258;71;0.0;0
9592;537;1;8;5;3;5;2;48;3;0;0;423;332;78;0.0;0
9592;532;1;3;1;2;2;3;52;4;0;1;469;382;81;0.0;0
9591;535;3;14;13;1;3;5;41;2;0;1;365;278;76;0.0;0
9591;533;1;11;6;5;6;3;59;3;0;2;520;422;81;0.0;0
9590;545;3;15;10;5;8;2;51;4;0;0;386;270;70;0.0;0
9590;548;0;7;4;3;1;4;49;2;0;3;383;267;70;0.0;0
9589;530;3;15;8;7;9;0;51;2;0;2;500;429;86;0.0;0
9589;544;2;10;10;0;7;0;49;3;0;2;452;377;83;0.0;0
9588;546;4;8;7;1;4;4;33;4;0;3;271;191;70;0.0;0
9588;543;4;7;3;4;0;3;67;2;0;4;578;491;85;0.0;0
9587;544;6;14;10;4;7;2;47;4;0;1;353;278;79;0.0;0
9587;535;2;9;5;5;6;1;53;3;0;3;370;293;79;0.0;0
9586;542;2;11;4;7;1;1;48;2;0;1;326;193;59;0.0;0
9586;546;1;5;3;2;3;3;52;3;0;0;344;203;59;0.0;0
9585;538;6;12;11;2;3;1;46;1;0;6;442;339;77;0.0;0
9585;536;6;16;11;5;10;1;54;2;0;4;498;408;82;0.0;0
9584;543;4;14;10;5;7;2;47;2;0;2;415;318;77;0.0;0
9584;545;2;5;3;2;8;2;53;2;0;3;450;351;78;0.0;0
9583;529;6;12;8;4;5;3;68;2;0;0;695;597;86;0.0;0
9583;537;1;11;8;3;3;4;32;4;0;3;303;224;74;0.0;0
9582;539;4;11;8;3;4;2;40;6;2;4;283;194;69;0.0;0
9582;534;5;17;9;8;5;2;60;3;0;2;413;322;78;0.0;0
9581;541;8;30;21;9;11;0;69;2;0;4;719;662;92;0.0;0
9581;530;5;9;6;3;2;3;31;3;0;7;333;262;79;0.0;0
9580;548;7;13;9;4;4;1;50;2;0;0;412;312;76;0.0;0
9580;547;0;8;4;4;5;1;50;2;0;2;391;289;74;0.0;0
9579;532;6;14;7;7;4;4;46;3;0;7;491;423;86;0.0;0
9579;540;6;21;11;10;3;3;54;2;0;5;545;475;87;0.0;0
9578;533;2;8;5;3;3;1;49;5;1;10;444;331;75;0.0;0
9578;531;13;17;15;2;6;5;51;5;0;1;459;374;81;0.0;0
9577;547;5;10;7;3;6;7;41;7;0;1;290;211;73;0.0;0
9577;543;2;10;6;4;4;1;59;5;0;5;439;348;79;0.0;0
9576;536;4;17;9;8;10;2;58;5;1;2;498;420;84;0.0;0
9576;533;4;7;5;2;2;6;42;3;1;2;380;313;82;0.0;0
9575;529;7;12;7;5;6;1;62;2;0;4;682;603;88;0.0;0
9575;532;6;17;10;7;5;0;38;2;0;5;397;336;85;0.0;0
9573;534;0;7;4;3;4;2;48;0;0;10;433;350;81;0.0;0
9573;548;11;20;15;5;6;2;52;2;0;0;464;384;83;0.0;0
9574;537;7;19;12;7;8;3;40;3;0;2;280;180;64;0.0;0
9574;538;2;5;4;1;3;5;60;3;0;6;441;329;75;0.0;0
9572;531;4;13;10;3;11;1;61;2;0;0;537;457;85;0.0;0
9572;544;3;5;5;0;6;7;39;1;0;2;345;263;76;0.0;0
9571;545;4;20;10;10;12;0;67;2;0;0;471;367;78;0.0;0
9571;542;1;2;0;2;1;7;33;1;0;4;245;140;57;0.0;0
9570;530;5;13;10;3;8;3;56;2;0;3;561;484;86;0.0;0
9570;539;3;11;7;4;3;0;44;1;0;2;420;332;79;0.0;0
9569;546;4;13;8;5;4;4;37;5;1;0;280;185;66;0.0;0
9569;540;0;6;4;2;3;3;63;2;0;3;457;367;80;0.0;0
9568;535;3;14;10;4;4;2;38;4;0;4;407;337;83;0.0;0
9568;541;6;16;12;4;7;3;62;0;0;2;669;596;89;0.0;0
9567;544;6;22;15;7;7;6;37;0;0;7;326;262;80;0.0;0
9567;536;7;24;15;9;9;2;63;2;0;6;580;491;85;0.0;0
9566;538;8;18;10;8;6;5;47;3;0;4;457;378;83;0.0;0
9566;529;6;14;9;5;4;2;53;0;1;6;508;411;81;0.0;0
9565;533;6;17;8;9;10;5;57;1;0;0;531;452;85;0.0;0
9565;537;1;6;3;3;4;2;43;1;0;5;389;287;74;0.0;0
9564;532;3;10;7;3;7;1;64;1;1;1;533;427;80;0.0;0
9564;546;3;8;3;5;5;3;36;7;0;2;301;194;64;0.0;0
9563;540;4;10;6;4;3;1;53;3;0;0;449;321;71;0.0;0
9563;545;1;5;3;2;6;2;47;2;0;5;381;248;65;0.0;0
9562;541;10;29;19;10;16;1;65;2;0;1;589;512;87;0.0;0
9562;531;2;6;6;0;2;1;35;4;0;9;324;229;71;0.0;0
9560;542;5;12;11;1;3;3;50;4;0;3;390;298;76;0.0;0
9560;547;5;14;9;5;6;3;50;4;0;4;365;287;79;0.0;0
9561;548;4;12;4;8;6;0;57;1;0;2;508;438;86;0.0;0
9561;530;2;9;7;2;6;4;43;0;0;1;375;295;79;0.0;0
9559;539;2;11;5;6;4;1;51;1;0;2;480;404;84;0.0;0
9559;535;2;10;6;4;3;1;49;1;0;1;464;374;81;0.0;0
9558;543;8;17;12;5;6;4;56;3;0;0;511;439;86;0.0;0
9558;534;0;1;0;1;3;3;44;5;1;7;390;304;78;0.0;0
9557;537;0;13;6;7;9;2;53;0;0;2;430;337;78;0.0;0
9557;544;2;12;8;4;4;3;47;2;0;0;385;273;71;0.0;0
9556;545;2;13;9;4;8;2;65;4;0;3;433;314;73;0.0;0
9556;546;4;7;5;2;3;1;35;1;0;2;234;96;41;0.0;0
9555;538;3;10;5;5;4;1;60;1;0;5;573;495;86;0.0;0
9555;532;7;17;11;6;3;0;40;2;0;2;364;280;77;0.0;0
9554;547;6;19;15;4;10;3;59;1;0;2;449;364;81;0.0;0
9554;540;4;5;4;1;0;2;41;2;0;6;341;247;72;0.0;0
9553;535;4;5;5;0;5;1;33;4;0;2;302;230;76;0.0;0
9553;548;2;15;10;5;3;2;67;1;0;2;621;567;91;0.0;0
9552;534;1;12;3;9;3;0;67;2;0;3;610;534;88;0.0;0
9552;542;7;10;7;3;3;8;33;2;0;1;299;225;75;0.0;0
9551;530;2;10;7;3;8;3;32;2;0;4;319;223;70;0.0;0
9551;543;4;10;4;6;3;0;68;5;0;1;708;625;88;0.0;0
9550;531;5;18;12;6;2;1;53;3;0;5;427;329;77;0.0;0
9550;539;7;11;7;4;9;6;47;3;0;4;381;292;77;0.0;0
9549;539;5;15;10;5;4;6;44;1;0;3;365;294;81;0.0;0
9549;536;4;22;9;13;8;1;56;1;0;3;450;366;81;0.0;0
9548;540;7;16;13;3;6;2;53;2;0;1;437;374;86;0.0;0
9548;534;2;13;9;4;7;1;47;4;0;6;373;287;77;0.0;0
9547;548;4;17;13;6;3;3;51;3;1;2;427;339;79;0.0;0
9547;531;3;9;8;1;7;2;49;6;0;3;382;282;74;0.0;0
9546;541;5;12;7;5;3;1;59;0;0;5;597;510;85;0.0;0
9546;537;6;16;11;5;2;0;41;1;1;2;396;327;83;0.0;0
9545;533;7;13;10;3;5;2;37;2;0;3;376;298;79;0.0;0
9545;538;4;15;11;4;7;2;63;0;0;3;615;540;88;0.0;0
9544;546;2;10;7;3;4;1;38;6;1;1;261;167;64;0.0;0
9544;547;2;15;9;6;4;4;62;3;0;1;400;317;79;0.0;0
9543;542;3;7;5;2;3;2;39;5;0;4;311;202;65;0.0;0
9543;530;6;15;12;3;4;0;61;6;1;3;480;378;79;0.0;0
9542;532;5;16;10;6;8;4;59;2;0;2;494;384;78;0.0;0
9542;545;2;8;3;5;2;0;41;3;0;5;348;231;66;0.0;0
9541;544;5;17;12;5;6;3;37;1;0;5;403;346;86;0.0;0
9541;529;9;21;15;6;7;1;63;1;0;3;703;623;89;0.0;0
9540;543;3;12;7;5;6;0;63;1;0;2;574;494;86;0.0;0
9540;535;3;9;6;3;4;3;37;4;0;1;332;258;78;0.0;0
9539;536;6;16;7;9;6;2;41;4;0;1;347;270;78;0.0;0
9539;548;1;11;3;8;4;2;59;2;0;5;502;428;85;0.0;0
9538;547;5;16;11;5;6;7;57;2;0;2;394;304;77;0.0;0
9538;545;6;15;6;9;5;1;43;5;0;4;298;199;67;0.0;0
9537;531;5;14;10;4;4;5;42;0;0;3;411;344;84;0.0;0
9537;543;3;6;2;4;5;1;58;2;0;3;570;492;86;0.0;0
9536;538;4;13;9;4;4;1;52;4;0;2;474;393;83;0.0;0
9536;544;2;11;7;4;10;0;48;2;0;3;423;326;77;0.0;0
9535;533;5;15;10;5;7;2;56;5;0;2;524;458;87;0.0;0
9535;532;2;6;1;5;3;3;44;3;0;4;404;322;80;0.0;0
9534;535;4;16;11;5;6;1;53;2;0;4;400;329;82;0.0;0
9534;542;7;13;10;3;7;2;47;1;0;4;355;276;78;0.0;0
9533;530;3;9;7;2;6;2;44;1;0;4;460;380;83;0.0;0
9533;540;5;14;9;6;3;1;56;3;0;3;577;489;85;0.0;0
9532;534;4;21;14;7;9;1;69;0;0;0;479;386;81;0.0;0
9532;546;1;8;6;2;4;3;31;2;0;5;212;126;59;0.0;0
9531;529;4;11;9;2;6;5;50;3;1;3;559;486;87;0.0;0
9531;541;5;17;9;8;5;2;50;5;0;2;552;503;91;0.0;0
9530;537;2;14;10;4;6;1;42;5;1;0;335;272;81;0.0;0
9530;539;3;10;5;5;5;2;58;1;0;2;477;395;83;0.0;0
9529;529;6;12;6;6;4;5;56;0;0;6;653;592;91;0.0;0
9529;533;7;20;10;10;4;1;44;3;0;1;510;447;88;0.0;0
9528;536;6;14;11;4;2;1;35;3;0;2;380;305;80;0.0;0
9528;541;4;14;7;7;3;4;65;1;0;3;688;624;91;0.0;0
9527;548;6;11;9;2;5;3;60;1;0;0;580;487;84;0.0;0
9527;537;3;9;7;2;1;4;40;2;0;3;371;274;74;0.0;0
9521;542;3;4;3;1;0;4;38;2;0;2;323;222;69;0.0;0
9521;531;3;13;9;4;8;0;62;5;0;0;503;398;79;0.0;0
9522;543;5;9;6;3;4;0;48;1;0;3;431;347;81;0.0;0
9522;536;5;13;8;5;5;2;52;4;0;3;459;374;81;0.0;0
9523;544;7;16;10;6;11;3;51;3;0;3;533;469;88;0.0;0
9523;533;7;11;8;3;0;4;49;0;0;5;532;462;87;0.0;0
9524;545;4;9;3;6;3;4;49;3;0;2;419;284;68;0.0;0
9524;534;2;7;6;1;11;6;51;1;0;3;434;290;67;0.0;0
9525;546;4;11;7;4;8;0;51;3;0;2;410;290;71;0.0;0
9525;530;3;5;4;1;2;4;49;2;0;4;402;291;72;0.0;0
9526;547;4;16;9;7;6;1;56;2;0;3;495;406;82;0.0;0
9526;532;4;10;5;5;2;1;44;3;0;4;395;312;79;0.0;0
9520;541;10;15;12;4;4;3;57;0;0;1;647;582;90;0.0;0
9520;538;1;5;3;2;2;4;43;1;0;5;489;409;84;0.0;0
9519;540;7;19;12;7;5;2;66;0;0;2;567;481;85;0.0;0
9519;535;3;9;6;3;3;3;34;2;0;2;281;204;73;0.0;0
9518;539;7;12;10;2;3;3;35;6;0;3;291;218;75;0.0;0
9518;529;7;18;11;7;8;4;65;7;0;2;536;473;88;0.0;0
9517;538;9;20;14;6;5;3;62;1;0;1;567;489;86;0.0;0
9517;539;3;7;5;2;3;4;38;3;0;4;340;263;77;0.0;0
9516;537;3;8;4;4;6;3;30;2;1;6;278;214;77;0.0;0
9516;543;8;17;8;9;4;3;70;0;0;0;647;596;92;0.0;0
9513;534;7;13;6;7;4;1;63;1;0;4;479;402;84;0.0;0
9513;547;6;11;8;3;3;3;37;2;0;6;276;190;69;0.0;0
9514;535;2;6;5;1;2;2;39;4;0;2;306;181;59;0.0;0
9514;546;3;11;6;5;9;3;61;1;0;2;441;335;76;0.0;0
9515;536;8;20;16;4;8;6;61;2;0;4;609;544;89;0.0;0
9515;542;4;10;6;4;3;1;39;2;0;7;390;314;81;0.0;0
9512;533;5;14;6;8;4;4;38;4;0;5;424;369;87;0.0;0
9512;541;7;16;9;7;5;3;62;3;0;2;670;618;92;0.0;0
9511;532;5;22;14;8;8;1;56;0;0;6;561;499;89;0.0;0
9511;544;7;12;10;2;4;0;44;0;0;3;418;349;83;0.0;0
9510;531;3;12;7;5;7;2;56;0;0;3;541;452;84;0.0;0
9510;540;4;11;7;4;7;6;44;1;0;3;429;336;78;0.0;0
9509;530;4;8;4;4;2;6;51;6;1;1;458;355;78;0.0;0
9509;545;3;14;8;6;2;0;49;2;0;2;428;322;75;0.0;0
9508;529;4;12;8;4;3;3;61;3;0;2;604;544;90;0.0;0
9508;548;2;13;5;8;8;3;39;2;0;3;368;304;83;0.0;0
27144;547;1;13;7;6;3;1;67;1;0;1;589;501;85;0.0;0
27144;720;1;2;0;2;2;1;33;1;0;2;275;172;63;0.0;0
27141;543;8;22;9;13;5;2;77;0;0;1;707;641;91;0.0;0
27141;539;4;6;5;1;3;4;23;2;0;8;206;133;65;0.0;0
27142;538;2;12;7;5;8;3;48;3;0;4;393;313;80;0.0;0
27142;540;5;14;8;6;7;1;52;2;0;2;423;338;80;0.0;0
27148;533;7;16;10;6;4;0;52;2;0;2;463;366;79;0.0;0
27148;548;4;9;4;5;6;4;48;3;0;6;422;331;78;0.0;0
27140;529;9;25;18;7;7;3;78;0;0;0;876;788;90;0.0;0
27140;542;0;3;3;0;1;0;22;2;0;6;228;151;66;0.0;0
27143;545;6;18;13;5;7;1;68;1;0;4;569;465;82;0.0;0
27143;726;6;8;3;5;0;2;32;1;0;5;272;183;67;0.0;0
27145;728;2;13;8;5;2;3;48;1;0;3;412;348;84;0.0;0
27145;536;8;17;12;5;6;6;52;0;0;1;441;370;84;0.0;0
27146;541;3;10;7;3;3;6;77;1;0;1;791;723;91;0.0;0
27146;546;1;5;2;3;0;0;23;7;0;1;223;146;65;0.0;0
27147;532;4;13;7;6;4;0;51;2;0;2;501;417;83;0.0;0
27147;530;3;9;5;4;10;6;49;3;0;3;471;377;80;0.0;0
27139;531;5;17;14;3;6;0;66;4;0;1;580;490;84;0.0;0
27139;537;2;11;9;2;2;1;34;5;0;3;296;208;70;0.0;0
27153;546;4;7;4;3;5;2;35;2;0;0;232;120;52;0.0;0
27153;545;0;9;8;1;5;5;65;1;0;2;423;272;64;0.0;0
27155;537;5;18;14;4;5;3;66;1;0;4;579;473;82;0.0;0
27155;548;6;7;5;2;0;3;34;2;0;2;304;201;66;0.0;0
27149;542;4;16;6;10;5;1;33;3;0;4;265;189;71;0.0;0
27149;543;5;12;10;2;6;5;67;1;0;4;555;475;86;0.0;0
27151;530;2;9;5;4;8;4;46;1;0;3;433;339;78;0.0;0
27151;728;3;13;9;4;5;1;54;1;0;1;496;413;83;0.0;0
27158;720;4;7;4;3;6;2;35;1;0;4;322;243;75;0.0;0
27158;529;5;10;6;4;10;1;65;1;0;4;594;504;85;0.0;0
27152;540;9;19;12;7;6;2;48;1;0;3;432;357;83;0.0;0
27152;532;4;16;7;9;10;1;52;1;0;7;473;383;81;0.0;0
27157;536;2;19;12;7;4;0;52;3;0;6;453;384;85;0.0;0
27157;533;6;15;5;10;5;2;48;2;0;2;428;358;84;0.0;0
27154;547;5;10;5;5;4;2;33;2;0;4;359;277;77;0.0;0
27154;541;8;20;14;6;7;1;67;3;0;4;714;643;90;0.0;0
27156;539;6;15;7;8;7;1;54;2;0;6;426;343;81;0.0;0
27156;538;9;21;12;9;7;4;46;3;0;5;371;301;81;0.0;0
27150;531;4;14;7;7;3;2;59;2;0;2;510;423;83;0.0;0
27150;726;4;9;2;7;2;1;41;2;0;2;339;250;74;0.0;0
27164;546;3;12;7;5;6;1;53;2;0;4;362;261;72;0.0;0
27164;720;4;7;3;4;7;1;47;1;0;3;323;210;65;0.0;0
27168;533;3;13;10;3;7;1;65;3;0;5;546;468;86;0.0;0
27168;547;6;14;6;8;2;1;35;2;0;3;284;209;74;0.0;0
27163;545;2;8;4;4;4;4;58;3;0;1;435;285;66;0.0;0
27163;548;2;7;3;4;2;3;42;2;0;0;317;179;56;0.0;0
27162;538;4;10;7;3;2;3;49;4;0;0;448;376;84;0.0;0
27162;530;0;10;5;5;8;1;51;5;1;2;432;351;81;0.0;0
27167;541;8;17;13;4;8;1;77;1;0;2;870;799;92;0.0;0
27167;537;3;8;4;4;1;1;23;1;0;4;252;187;74;0.0;0
27165;539;4;13;8;5;3;4;45;4;1;3;366;288;79;0.0;0
27165;532;5;18;11;7;5;4;55;2;0;2;450;366;81;0.0;0
27159;542;5;8;4;4;0;2;36;4;0;6;275;202;73;0.0;0
27159;540;7;11;6;5;12;1;64;3;0;3;472;379;80;0.0;0
27160;529;14;30;21;9;9;2;68;1;0;1;664;606;91;0.0;0
27160;726;3;7;4;3;4;1;32;2;0;7;309;248;80;0.0;0
27161;543;3;11;8;3;5;4;62;3;0;2;518;436;84;0.0;0
27161;536;2;8;6;2;8;5;38;5;1;2;296;216;73;0.0;0
27173;726;4;14;10;4;6;1;53;1;0;1;414;329;79;0.0;0
27173;728;2;14;5;9;3;0;47;1;0;4;363;293;81;0.0;0
27170;530;9;19;15;4;14;3;56;2;0;2;518;401;77;0.0;0
27170;545;3;12;6;6;3;1;44;2;0;8;408;284;70;0.0;0
27175;548;5;8;6;2;1;2;30;1;0;4;330;251;76;0.0;0
27175;529;6;12;9;3;6;0;70;1;0;4;757;666;88;0.0;0
27177;532;2;12;8;4;5;0;39;6;0;5;358;288;80;0.0;0
27177;543;6;11;6;5;4;3;61;3;0;2;581;520;90;0.0;0
27169;531;4;12;4;8;1;2;39;6;0;5;393;323;82;0.0;0
27169;541;6;16;8;8;2;6;61;2;0;3;590;520;88;0.0;0
27174;537;3;16;10;6;6;3;46;4;0;2;349;279;80;0.0;0
27174;533;3;9;5;4;1;3;54;3;0;3;431;356;83;0.0;0
27171;540;9;23;10;13;5;0;57;1;0;4;436;361;83;0.0;0
27171;539;4;16;9;7;4;0;43;2;0;8;322;249;77;0.0;0
27178;720;5;15;6;9;7;1;58;3;0;3;463;390;84;0.0;0
27178;542;4;10;4;6;2;0;42;2;0;5;335;257;77;0.0;0
27176;536;1;15;10;5;7;6;70;3;0;3;591;486;82;0.0;0
27176;546;5;10;6;4;1;1;30;6;0;2;258;168;65;0.0;0
27172;547;6;11;8;3;3;0;33;1;0;5;304;223;73;0.0;0
27172;538;7;20;9;11;1;2;67;3;1;3;606;537;89;0.0;0
27184;726;3;13;6;7;7;0;47;5;0;0;362;282;78;0.0;0
27184;548;1;7;2;5;5;2;53;3;2;3;414;327;79;0.0;0
27186;728;4;13;9;4;8;3;51;1;1;2;383;317;83;0.0;0
27186;542;7;11;6;5;4;3;49;2;0;4;368;291;79;0.0;0
27181;538;5;12;9;3;7;2;46;2;0;1;418;337;81;0.0;0
27181;720;4;14;7;7;8;1;54;2;0;2;464;376;81;0.0;0
27182;545;3;14;7;7;5;2;56;1;0;2;425;287;68;0.0;0
27182;537;2;4;4;0;2;7;44;1;0;2;333;193;58;0.0;0
27183;546;2;11;5;6;1;0;41;0;1;3;397;294;74;0.0;0
27183;530;5;7;3;4;5;4;59;2;0;2;571;463;81;0.0;0
27187;541;5;19;10;9;8;4;64;2;0;3;682;614;90;0.0;0
27187;540;3;10;4;6;3;2;36;2;0;4;376;309;82;0.0;0
27185;539;11;19;13;6;8;2;48;1;0;3;397;341;86;0.0;0
27185;536;9;20;15;5;4;1;52;1;0;9;429;363;85;0.0;0
27188;533;1;11;5;6;8;1;55;4;0;2;516;452;88;0.0;0
27188;532;2;11;3;8;6;2;45;1;1;1;419;352;84;0.0;0
27180;543;4;16;9;7;6;1;70;2;0;2;598;531;89;0.0;0
27180;531;4;7;4;3;1;5;30;7;1;3;257;184;72;0.0;0
27179;529;11;22;10;12;8;1;67;3;1;3;734;671;91;0.0;0
27179;547;6;7;5;2;2;1;33;5;0;9;345;271;79;0.0;0
27192;540;5;9;5;4;4;1;46;2;0;1;431;325;75;0.0;0
27192;545;1;8;5;3;3;1;54;2;0;4;500;377;75;0.0;0
27195;548;6;16;12;4;8;6;56;4;0;4;459;382;83;0.0;0
27195;728;5;10;5;5;5;1;44;3;0;4;355;281;79;0.0;0
27191;530;5;17;7;10;4;1;58;0;0;1;659;601;91;0.0;0
27191;726;1;8;5;3;3;2;42;2;0;2;452;387;86;0.0;0
27190;531;2;12;10;2;6;3;66;1;0;3;668;589;88;0.0;0
27190;533;6;19;12;7;4;0;34;1;0;2;333;252;76;0.0;0
27194;537;6;10;7;3;4;1;22;4;0;4;216;148;69;0.0;0
27194;529;5;9;3;6;5;5;78;2;0;4;787;709;90;0.0;0
27197;532;5;14;8;6;0;1;36;1;0;2;354;281;79;0.0;0
27197;538;3;9;4;5;2;2;64;3;0;5;625;551;88;0.0;0
27196;536;7;16;13;3;5;3;40;3;0;3;360;297;83;0.0;0
27196;541;3;21;12;9;6;5;60;4;0;5;535;477;89;0.0;0
27189;542;2;15;11;4;5;3;48;4;0;4;278;170;61;0.0;0
27189;546;5;13;11;2;7;4;52;2;0;1;296;174;59;0.0;0
27198;720;6;20;8;12;8;2;64;1;0;3;481;419;87;0.0;0
27198;539;4;9;8;1;6;1;36;4;1;4;255;186;73;0.0;0
27193;547;2;8;4;4;5;4;35;1;0;5;317;245;77;0.0;0
27193;543;6;14;8;6;1;1;65;3;0;2;600;523;87;0.0;0
27205;728;5;11;4;7;5;1;52;3;0;3;432;364;84;0.0;0
27205;540;5;12;6;6;3;0;48;3;0;2;396;312;79;0.0;0
27207;548;5;10;7;3;3;3;54;3;0;1;508;418;82;0.0;0
27207;532;2;9;5;4;0;1;46;5;0;5;437;340;78;0.0;0
27199;529;8;20;13;7;4;2;70;3;0;1;663;560;84;0.0;0
27199;531;2;8;2;6;3;3;30;3;0;7;278;172;62;0.0;0
27202;545;2;16;8;8;6;1;63;2;0;2;516;415;80;0.0;0
27202;536;5;7;4;3;3;2;37;3;0;1;316;202;64;0.0;0
27206;541;6;15;9;6;8;0;65;3;0;3;699;620;89;0.0;0
27206;530;3;8;4;4;6;1;35;4;0;6;359;284;79;0.0;0
27203;726;6;13;7;6;5;3;52;3;0;2;439;358;82;0.0;0
27203;547;3;13;5;8;5;0;48;2;0;5;394;310;79;0.0;0
27208;533;7;26;20;6;7;0;61;3;0;2;529;454;86;0.0;0
27208;720;3;9;6;3;2;3;39;3;0;7;341;258;76;0.0;0
27204;539;3;14;7;7;9;3;47;7;0;1;289;202;70;0.0;0
27204;542;2;13;5;8;4;0;53;1;0;1;315;220;70;0.0;0
27200;543;4;17;10;7;7;4;82;0;0;5;817;740;91;0.0;0
27200;537;5;11;5;6;1;1;18;4;0;3;176;98;56;0.0;0
27201;538;2;8;5;3;3;3;52;2;0;3;410;299;73;0.0;0
27201;546;4;12;11;1;9;1;48;2;0;1;365;245;67;0.0;0
27210;531;5;13;9;4;11;2;69;6;0;0;557;466;84;0.0;0
27210;548;3;6;4;2;0;0;31;5;0;4;259;170;66;0.0;0
27214;547;3;10;4;6;4;4;52;3;0;1;360;257;71;0.0;0
27214;545;4;12;10;2;9;0;48;5;0;1;328;216;66;0.0;0
27213;546;4;15;11;4;10;2;54;3;1;2;342;243;71;0.0;0
27213;539;3;12;5;7;2;2;46;5;0;4;303;207;68;0.0;0
27209;542;4;8;4;4;4;0;30;1;0;5;298;204;68;0.0;0
27209;541;6;13;7;6;3;2;70;0;0;3;686;607;88;0.0;0
27215;537;4;13;8;5;6;5;35;1;0;2;254;173;68;0.0;0
27215;728;2;6;1;5;4;2;65;4;1;3;474;393;83;0.0;0
27218;720;3;9;4;5;6;5;42;1;0;1;367;280;76;0.0;0
27218;726;1;11;7;4;2;1;58;2;0;2;488;395;81;0.0;0
27211;530;4;13;8;5;6;0;36;5;0;0;351;269;77;0.0;0
27211;543;0;5;1;4;4;0;64;2;0;3;623;541;87;0.0;0
27216;536;3;12;7;5;8;2;52;3;0;4;438;369;84;0.0;0
27216;538;5;12;8;4;8;1;48;4;1;1;407;329;81;0.0;0
27212;540;12;28;16;12;10;1;55;3;0;4;508;446;88;0.0;0
27212;533;6;13;5;8;3;2;45;2;0;9;405;343;85;0.0;0
27217;532;3;10;5;5;5;0;24;2;0;4;303;234;77;0.0;0
27217;529;5;10;3;7;2;2;76;2;0;2;993;904;91;0.0;0
27221;538;9;19;8;11;6;2;61;2;0;1;560;470;84;0.0;0
27221;542;2;9;5;4;2;0;39;3;0;9;353;263;75;0.0;0
27225;541;12;33;25;8;15;4;70;1;0;0;606;544;90;0.0;0
27225;539;2;6;4;2;1;5;30;2;0;11;271;190;70;0.0;0
27227;532;4;18;12;6;10;2;58;1;0;4;503;422;84;0.0;0
27227;537;5;7;2;5;1;1;42;2;0;3;379;287;76;0.0;0
27228;533;6;18;11;7;8;0;53;3;0;4;504;414;82;0.0;0
27228;530;4;15;9;6;7;0;47;1;0;5;441;350;79;0.0;0
27219;529;9;23;14;9;5;1;53;0;0;5;477;412;86;0.0;0
27219;536;6;19;15;4;7;4;47;1;0;5;394;326;83;0.0;0
27224;728;3;10;4;6;6;2;65;5;1;1;391;306;78;0.0;0
27224;546;2;5;4;1;2;4;35;5;0;2;209;127;61;0.0;0
27222;545;6;18;10;8;8;6;60;2;0;2;447;327;73;0.0;0
27222;531;3;6;5;1;2;5;40;3;0;5;306;186;61;0.0;0
27223;726;2;10;5;5;6;1;53;3;0;0;436;356;82;0.0;0
27223;540;2;6;4;2;4;4;47;3;0;2;396;309;78;0.0;0
27220;543;4;20;8;12;9;3;63;0;0;1;582;516;89;0.0;0
27220;720;2;6;2;4;6;4;37;4;0;4;348;262;75;0.0;0
27226;548;8;14;7;7;7;3;54;3;0;2;444;361;81;0.0;0
27226;547;2;12;7;5;6;0;46;1;0;8;363;278;77;0.0;0
27166;728;3;11;6;5;5;0;33;1;0;3;274;210;77;0.0;0
27166;531;4;11;9;2;4;4;67;1;0;2;564;468;83;0.0;0
27238;720;2;15;9;6;5;5;55;4;0;2;478;412;86;0.0;0
27238;540;3;10;4;6;2;4;45;2;0;1;396;313;79;0.0;0
27235;547;6;14;9;5;4;3;44;1;1;4;365;292;80;0.0;0
27235;728;5;14;7;7;7;2;56;3;0;4;445;362;81;0.0;0
27230;531;2;13;10;3;5;0;53;2;0;3;400;307;77;0.0;0
27230;532;3;11;4;7;2;5;47;5;0;2;368;272;74;0.0;0
27233;538;6;10;6;4;2;1;39;0;0;5;347;223;64;0.0;0
27233;545;5;17;9;8;8;2;61;0;0;2;499;393;79;0.0;0
27236;539;4;9;5;4;3;0;42;2;0;6;377;273;72;0.0;0
27236;537;6;21;12;9;2;2;58;2;0;2;506;416;82;0.0;0
27231;530;4;14;11;3;10;3;61;2;0;0;614;517;84;0.0;0
27231;548;0;7;1;6;1;0;39;1;0;2;400;298;75;0.0;0
27234;546;6;15;10;5;5;5;30;1;0;3;237;157;66;0.0;0
27234;543;3;7;5;2;4;2;70;2;0;3;552;472;86;0.0;0
27232;529;8;13;10;3;4;2;53;2;0;3;537;469;87;0.0;0
27232;541;4;15;11;4;2;4;47;2;0;3;466;395;85;0.0;0
27229;542;6;19;12;7;8;1;47;1;0;1;401;297;74;0.0;0
27229;533;2;10;7;3;4;7;53;1;0;4;464;353;76;0.0;0
27237;536;4;14;9;5;4;2;62;2;0;1;569;471;83;0.0;0
27237;726;2;11;4;7;2;5;38;3;0;2;341;248;73;0.0;0
27243;537;3;8;5;3;4;0;45;4;0;3;379;270;71;0.0;0
27243;530;4;9;4;5;7;2;55;2;0;2;463;349;75;0.0;0
27245;541;8;17;11;6;8;4;58;1;0;2;552;499;90;0.0;0
27245;720;2;12;7;5;6;0;42;0;0;5;404;326;81;0.0;0
27247;532;9;27;14;13;11;3;53;4;0;2;470;389;83;0.0;0
27247;547;3;5;2;3;2;1;47;4;0;9;436;345;79;0.0;0
27244;728;5;11;7;4;3;4;30;4;0;2;301;234;78;0.0;0
27244;529;5;10;7;3;1;2;70;2;0;3;712;620;87;0.0;0
27240;545;7;22;14;8;12;0;72;4;1;2;545;456;84;0.0;0
27240;542;3;9;5;4;1;6;28;0;1;5;214;126;59;0.0;0
27248;533;4;23;13;10;5;2;58;3;0;2;494;395;80;0.0;0
27248;539;2;13;3;10;4;2;42;3;0;3;361;276;76;0.0;0
27246;548;1;11;4;7;7;1;51;1;0;1;449;369;82;0.0;0
27246;536;1;8;6;2;7;4;49;3;0;2;413;338;82;0.0;0
27242;726;7;18;15;3;10;7;53;5;0;1;306;190;62;0.0;0
27242;546;2;8;5;3;2;8;47;3;0;6;271;157;58;0.0;0
27239;543;6;14;5;9;4;0;59;4;0;5;428;361;84;0.0;0
27239;538;8;15;10;5;4;5;41;2;0;3;293;227;77;0.0;0
27241;540;3;8;6;2;2;0;41;1;0;2;363;282;78;0.0;0
27241;531;2;10;7;3;1;2;59;3;0;2;509;415;82;0.0;0
27255;539;2;17;8;9;6;3;47;6;0;1;368;294;80;0.0;0
27255;548;4;15;5;10;4;4;53;1;0;1;428;346;81;0.0;0
27258;720;1;9;4;5;4;6;50;2;0;7;403;306;76;0.0;0
27258;545;6;16;8;8;4;1;50;4;1;1;401;306;76;0.0;0
27253;546;3;17;11;6;6;7;37;3;1;2;297;194;65;0.0;0
27253;532;3;7;6;1;4;3;63;3;0;3;506;401;79;0.0;0
27250;530;3;9;5;4;12;0;51;5;0;3;452;348;77;0.0;0
27250;531;5;6;5;1;2;1;49;5;1;0;441;344;78;0.0;0
27254;547;0;5;3;2;0;0;59;1;0;2;573;472;82;0.0;0
27254;537;2;11;8;3;6;4;41;4;0;0;379;275;73;0.0;0
27249;542;5;13;8;5;5;2;50;3;0;1;365;265;73;0.0;0
27249;726;2;9;7;2;4;3;50;4;0;3;355;262;74;0.0;0
27251;529;5;20;15;5;10;2;54;4;1;4;500;426;85;0.0;0
27251;543;8;15;11;4;5;2;46;3;0;2;436;362;83;0.0;0
27257;536;10;23;17;6;6;0;51;4;0;6;435;359;83;0.0;0
27257;540;7;14;6;8;3;2;49;2;0;8;432;352;81;0.0;0
27256;728;7;15;9;6;8;2;58;1;0;3;503;416;83;0.0;0
27256;533;5;11;8;3;4;8;42;3;1;5;355;289;81;0.0;0
27252;538;4;16;10;6;5;5;51;4;1;2;471;403;86;0.0;0
27252;541;5;14;10;4;1;2;49;2;0;2;438;374;85;0.0;0
27264;537;6;13;7;6;5;3;48;2;0;2;366;266;73;0.0;0
27264;542;2;7;3;4;3;2;52;4;0;5;396;282;71;0.0;0
27261;545;8;14;11;3;5;4;39;2;0;2;346;244;71;0.0;0
27261;541;3;9;4;5;4;11;61;1;0;4;553;453;82;0.0;0
27267;532;10;13;9;4;6;3;50;2;0;3;462;382;83;0.0;0
27267;728;3;13;8;5;5;4;50;4;1;7;452;368;81;0.0;0
27263;726;12;32;16;16;7;6;49;4;1;1;378;293;78;0.0;0
27263;539;3;5;4;1;2;5;51;3;0;10;394;286;73;0.0;0
27260;530;1;3;1;2;2;1;30;4;0;1;318;250;79;0.0;0
27260;529;2;8;3;5;8;0;70;3;0;0;737;672;91;0.0;0
27259;531;4;8;6;2;2;3;65;5;0;1;521;400;77;0.0;0
27259;546;2;16;10;6;2;5;35;4;0;3;283;177;63;0.0;0
27266;536;9;17;9;8;8;2;49;3;0;5;460;361;78;0.0;0
27266;720;5;13;7;6;6;3;51;3;0;8;468;371;79;0.0;0
27262;540;10;18;11;7;8;3;60;3;0;7;614;523;85;0.0;0
27262;547;11;16;11;5;3;1;40;4;0;9;402;322;80;0.0;0
27268;533;8;13;8;5;5;2;36;2;0;5;369;308;83;0.0;0
27268;543;6;13;9;4;4;0;64;1;0;6;652;599;92;0.0;0
27265;548;8;15;12;3;6;4;48;2;0;1;463;380;82;0.0;0
27265;538;2;6;2;4;2;0;52;2;0;5;488;411;84;0.0;0
27276;728;2;5;5;0;1;3;36;5;0;5;277;158;57;0.0;0
27276;545;5;13;10;3;4;6;64;3;0;1;467;341;73;0.0;0
27272;538;5;12;9;3;4;6;59;2;0;3;450;361;80;0.0;0
27272;726;3;8;6;2;4;6;41;3;0;3;297;202;68;0.0;0
27278;720;6;21;12;9;6;1;67;0;0;1;601;528;88;0.0;0
27278;537;5;14;10;4;5;1;33;3;0;4;290;218;75;0.0;0
27273;546;5;14;10;4;7;1;41;3;0;2;329;231;70;0.0;0
27273;540;2;8;7;1;4;0;59;2;0;2;474;365;77;0.0;0
27277;541;4;13;8;5;2;2;59;1;0;2;694;623;90;0.0;0
27277;532;2;7;5;2;2;3;41;3;0;2;464;386;83;0.0;0
27271;543;4;6;3;3;6;2;57;4;0;4;545;454;83;0.0;0
27271;548;4;6;6;0;4;2;43;2;0;3;391;324;83;0.0;0
27274;547;3;13;7;6;2;1;44;0;0;3;426;346;81;0.0;0
27274;530;3;17;7;10;9;0;56;5;0;2;548;462;84;0.0;0
27270;529;7;15;6;9;11;3;61;2;0;2;677;616;91;0.0;0
27270;533;2;12;8;4;1;2;39;4;0;5;420;359;85;0.0;0
27269;542;3;10;7;3;2;1;45;3;0;2;350;251;72;0.0;0
27269;536;3;14;10;4;5;4;55;3;0;2;416;313;75;0.0;0
27275;539;7;17;10;7;2;3;46;2;0;3;359;275;77;0.0;0
27275;531;3;11;7;4;6;2;54;5;1;4;421;335;80;0.0;0
27285;537;5;17;11;6;7;2;66;1;1;1;487;368;76;0.0;0
27285;546;2;6;4;2;2;0;34;2;0;4;248;149;60;0.0;0
27280;530;5;12;10;2;5;1;47;5;0;3;340;243;71;0.0;0
27280;542;3;13;7;6;5;0;53;4;0;2;372;269;72;0.0;0
27287;532;6;16;8;8;6;0;54;0;0;2;437;363;83;0.0;0
27287;536;3;11;5;6;4;1;46;4;0;5;382;293;77;0.0;0
27288;533;3;13;9;4;6;7;52;3;0;4;450;358;80;0.0;0
27288;538;7;14;12;2;1;4;48;3;0;1;406;329;81;0.0;0
27283;540;3;15;10;5;11;3;44;1;0;5;454;382;84;0.0;0
27283;529;9;17;14;3;4;4;56;0;0;3;585;502;86;0.0;0
27282;545;7;32;27;5;12;0;59;2;0;1;412;324;79;0.0;0
27282;539;4;14;8;6;3;3;41;2;0;3;290;208;72;0.0;0
27284;726;4;11;9;2;11;4;45;2;0;3;373;284;76;0.0;0
27284;541;4;5;2;3;6;3;55;2;0;3;451;369;82;0.0;0
27286;548;5;23;15;8;11;2;67;2;0;4;538;474;88;0.0;0
27286;720;6;10;5;5;6;1;33;2;0;4;258;170;66;0.0;0
27281;543;3;8;7;1;2;7;60;2;0;5;526;462;88;0.0;0
27281;728;5;14;10;4;9;1;40;4;0;1;324;261;81;0.0;0
27279;531;10;25;21;4;11;3;51;3;0;1;406;319;79;0.0;0
27279;547;1;3;2;1;0;0;49;1;0;9;415;327;79;0.0;0
27290;538;2;15;8;7;10;0;80;3;0;2;828;752;91;0.0;0
27290;537;2;5;4;1;0;3;20;3;0;2;200;120;60;0.0;0
27293;546;2;9;4;5;2;2;28;3;0;4;247;135;55;0.0;0
27293;548;4;9;7;2;3;6;72;4;0;1;607;500;82;0.0;0
27298;720;2;8;5;3;9;0;55;4;0;2;446;356;80;0.0;0
27298;530;5;14;9;5;3;4;45;1;0;2;368;289;79;0.0;0
27296;541;4;9;6;3;4;6;69;0;0;3;754;687;91;0.0;0
27296;728;3;11;5;6;4;2;31;3;0;3;333;263;79;0.0;0
27291;545;6;18;8;10;4;5;55;0;0;3;490;364;74;0.0;0
27291;532;4;11;8;3;2;3;45;1;0;5;391;269;69;0.0;0
27297;536;5;17;9;8;5;1;50;2;0;2;456;357;78;0.0;0
27297;547;2;7;3;4;3;0;50;1;0;3;444;356;80;0.0;0
27292;540;3;11;4;7;0;4;33;3;0;3;278;216;78;0.0;0
27292;543;5;12;6;6;4;1;67;4;0;2;563;490;87;0.0;0
27294;726;12;29;18;11;12;1;55;4;0;4;394;308;78;0.0;0
27294;533;6;10;7;3;2;1;45;5;1;10;342;244;71;0.0;0
27295;539;6;20;9;11;15;2;43;2;1;4;377;312;83;0.0;0
27295;529;9;16;9;7;3;4;57;3;0;6;527;465;88;0.0;0
27289;542;2;11;7;4;5;2;45;2;0;3;363;243;67;0.0;0
27289;531;3;6;4;2;3;3;55;2;0;2;446;304;68;0.0;0
27303;547;4;12;10;2;4;2;66;1;0;1;580;465;80;0.0;0
27303;546;2;5;4;1;1;2;34;2;0;3;299;182;61;0.0;0
27306;548;4;18;12;6;10;2;68;2;0;2;534;448;84;0.0;0
27306;542;3;9;4;5;1;3;32;4;0;4;256;170;66;0.0;0
27302;543;2;4;4;0;4;3;57;2;0;3;474;408;86;0.0;0
27302;545;4;15;11;4;11;0;43;4;0;1;336;261;78;0.0;0
27300;530;5;8;5;3;5;3;37;1;0;4;361;265;73;0.0;0
27300;540;4;18;9;9;9;1;63;1;0;4;594;491;83;0.0;0
27301;529;5;9;5;4;4;5;51;0;0;1;547;473;86;0.0;0
27301;538;1;11;6;5;6;0;49;1;0;2;508;436;86;0.0;0
27299;531;3;8;5;3;3;1;43;3;0;1;364;270;74;0.0;0
27299;720;2;5;3;2;1;5;57;2;0;2;482;388;80;0.0;0
27307;532;8;19;12;7;12;3;48;7;0;3;369;279;76;0.0;0
27307;726;4;11;6;5;5;2;52;4;0;7;398;321;81;0.0;0
27304;537;4;13;9;4;3;2;47;3;0;1;397;300;76;0.0;0
27304;536;2;8;3;5;6;2;53;3;1;3;438;325;74;0.0;0
27305;728;8;18;9;9;3;0;41;2;0;6;292;222;76;0.0;0
27305;539;7;12;8;4;5;7;59;2;0;7;419;314;75;0.0;0
27308;533;4;12;8;4;6;3;46;2;0;5;539;471;87;0.0;0
27308;541;7;14;9;5;4;3;54;2;0;2;629;557;89;0.0;0
27315;539;8;19;11;8;8;2;55;3;1;0;429;334;78;0.0;0
27315;547;2;9;7;2;2;3;45;1;0;6;344;249;72;0.0;0
27312;540;1;12;9;3;3;0;51;2;0;2;475;384;81;0.0;0
27312;537;2;10;4;6;6;1;49;5;1;0;421;335;80;0.0;0
27318;720;5;12;5;7;9;2;58;0;0;4;491;393;80;0.0;0
27318;728;5;9;5;4;5;0;42;3;0;5;358;272;76;0.0;0
27309;542;5;14;9;5;2;1;44;3;0;1;362;254;70;0.0;0
27309;532;2;14;11;3;6;1;56;3;0;3;457;350;77;0.0;0
27314;726;6;11;8;3;4;4;33;3;0;0;290;212;73;0.0;0
27314;543;1;7;4;3;6;1;67;2;0;4;613;528;86;0.0;0
27311;545;6;24;19;5;13;2;54;0;0;4;419;301;72;0.0;0
27311;533;4;7;4;3;1;4;46;2;0;5;376;245;65;0.0;0
27317;536;5;15;11;4;4;1;55;5;0;6;511;419;82;0.0;0
27317;530;7;12;3;9;5;2;45;7;0;4;421;326;77;0.0;0
27316;541;8;28;20;8;10;1;58;5;1;2;623;547;88;0.0;0
27316;548;4;12;9;3;4;2;42;1;0;8;448;367;82;0.0;0
27313;546;2;10;7;3;4;3;23;4;0;6;218;148;68;0.0;0
27313;529;8;12;7;5;3;2;77;3;0;1;741;664;90;0.0;0
27310;538;3;17;12;5;3;1;66;2;0;2;621;537;86;0.0;0
27310;531;4;8;5;3;2;2;34;5;0;2;316;224;71;0.0;0
27325;728;8;11;7;4;7;4;38;4;0;2;281;200;71;0.0;0
27325;538;4;13;9;4;5;2;62;1;0;4;448;363;81;0.0;0
27324;537;7;14;10;4;4;3;49;3;0;2;398;293;74;0.0;0
27324;726;3;9;6;3;4;1;51;3;0;6;404;300;74;0.0;0
27327;532;5;17;14;3;7;2;62;2;0;0;527;438;83;0.0;0
27327;720;1;6;1;5;0;1;38;5;0;4;321;211;66;0.0;0
27323;547;4;9;6;3;6;2;55;4;0;2;438;342;78;0.0;0
27323;542;4;15;8;7;3;3;45;2;0;3;351;256;73;0.0;0
27328;533;7;17;15;2;6;1;58;4;0;2;452;329;73;0.0;0
27328;546;4;9;5;4;1;3;42;3;0;7;328;202;62;0.0;0
27320;530;5;19;12;7;5;3;58;0;0;2;510;402;79;0.0;0
27320;539;2;7;4;3;2;0;42;3;0;4;353;250;71;0.0;0
27319;531;3;10;5;5;7;3;43;4;0;4;345;265;77;0.0;0
27319;536;4;10;5;5;6;3;57;3;0;1;463;370;80;0.0;0
27321;529;6;7;6;1;2;8;58;2;0;2;609;523;86;0.0;0
27321;545;2;15;10;5;3;3;42;1;0;3;399;323;81;0.0;0
27322;543;2;9;2;7;6;3;73;2;0;3;712;649;91;0.0;0
27322;541;5;14;7;7;5;4;27;3;0;1;257;210;82;0.0;0
27326;548;4;9;8;1;7;2;39;7;1;1;317;242;76;0.0;0
27326;540;2;21;14;7;3;3;61;4;0;1;489;414;85;0.0;0
27333;546;8;16;12;4;4;1;43;0;0;0;269;170;63;0.0;0
27333;542;0;7;3;4;2;1;57;4;0;4;354;241;68;0.0;0
27337;541;6;23;12;11;7;2;69;2;0;1;674;573;85;0.0;0
27337;536;1;4;3;1;4;1;31;3;0;4;300;209;70;0.0;0
27334;726;3;14;10;4;6;0;50;2;0;5;393;281;72;0.0;0
27334;530;8;15;13;2;5;3;50;2;0;3;399;286;72;0.0;0
27331;538;4;12;5;7;4;2;56;4;0;6;553;464;84;0.0;0
27331;532;8;13;11;2;6;1;44;3;0;3;398;314;79;0.0;0
27330;543;5;12;5;7;7;1;59;2;0;3;573;482;84;0.0;0
27330;547;5;8;4;4;2;3;41;4;0;2;402;299;74;0.0;0
27338;533;1;3;2;1;1;3;50;4;0;2;394;284;72;0.0;0
27338;531;2;9;5;4;3;1;50;1;0;0;393;286;73;0.0;0
27335;539;4;13;11;2;3;2;48;6;0;3;331;257;78;0.0;0
27335;720;3;12;8;4;2;2;52;5;0;2;348;256;74;0.0;0
27336;728;4;11;5;6;2;1;35;2;0;2;295;220;75;0.0;0
27336;548;4;10;9;1;9;1;65;1;0;2;545;446;82;0.0;0
27329;529;7;15;11;4;5;0;72;3;0;1;778;685;88;0.0;0
27329;537;2;5;2;3;1;1;28;3;0;4;298;201;67;0.0;0
27332;545;9;16;11;5;6;6;55;2;0;0;430;325;76;0.0;0
27332;540;0;6;4;2;2;6;45;5;0;6;358;244;68;0.0;0
27346;536;9;23;17;6;5;1;54;2;0;0;404;333;82;0.0;0
27346;539;0;6;6;0;8;2;46;1;0;4;332;254;77;0.0;0
27341;530;6;10;4;6;3;3;66;2;0;2;644;535;83;0.0;0
27341;546;2;6;4;2;6;1;34;7;2;4;300;197;66;0.0;0
27344;537;3;9;7;2;4;1;54;2;0;0;384;247;64;0.0;0
27344;545;2;5;3;2;5;2;46;3;0;1;316;190;60;0.0;0
27347;532;9;18;12;6;7;2;45;1;0;5;422;343;81;0.0;0
27347;533;5;14;7;7;4;3;55;3;0;6;507;415;82;0.0;0
27348;720;7;19;14;5;7;4;44;2;0;2;302;212;70;0.0;0
27348;538;3;9;5;4;5;1;56;5;1;5;393;298;76;0.0;0
27343;547;5;13;10;3;3;0;36;5;1;4;347;273;79;0.0;0
27343;529;7;15;8;7;8;2;64;3;0;4;629;541;86;0.0;0
27340;531;2;11;7;4;6;1;38;4;1;2;318;243;76;0.0;0
27340;543;2;8;4;4;4;3;62;2;0;1;522;446;85;0.0;0
27345;548;1;8;2;6;5;4;68;0;0;1;585;499;85;0.0;0
27345;726;1;8;3;5;2;2;32;3;0;1;271;174;64;0.0;0
27342;540;6;13;6;7;1;2;36;3;0;5;362;292;81;0.0;0
27342;541;9;16;11;5;6;0;64;4;1;3;631;543;86;0.0;0
27339;542;1;16;11;5;7;1;51;2;0;2;361;272;75;0.0;0
27339;728;3;14;10;4;4;1;49;5;0;1;349;260;74;0.0;0
27353;726;7;11;8;3;7;1;43;6;0;4;299;213;71;0.0;0
27353;720;4;9;5;4;7;5;57;2;0;3;383;300;78;0.0;0
27354;539;4;8;6;2;5;2;57;4;0;2;406;287;71;0.0;0
27354;546;2;9;3;6;5;5;43;3;0;4;294;176;60;0.0;0
27357;548;2;6;4;2;3;2;46;1;0;4;368;263;71;0.0;0
27357;531;5;8;4;4;3;1;54;1;0;0;432;314;73;0.0;0
27349;529;8;20;11;9;9;2;68;3;0;5;774;701;91;0.0;0
27349;532;8;14;10;4;1;0;32;0;0;7;350;270;77;0.0;0
27351;538;4;10;5;5;4;3;44;4;0;2;451;367;81;0.0;0
27351;536;2;13;10;3;9;3;56;4;0;3;557;456;82;0.0;0
27358;533;5;14;13;1;3;2;41;4;0;1;300;222;74;0.0;0
27358;540;2;17;7;10;2;1;59;5;0;3;430;339;79;0.0;0
27350;543;3;7;5;2;1;2;55;4;0;1;549;485;88;0.0;0
27350;530;1;13;6;7;7;2;45;3;0;2;432;353;82;0.0;0
27352;545;5;17;11;6;8;2;56;2;0;2;437;299;68;0.0;0
27352;547;2;6;3;3;5;3;44;1;0;2;339;206;61;0.0;0
27356;541;8;22;13;9;7;3;71;0;0;1;676;606;90;0.0;0
27356;542;1;7;7;0;2;3;29;3;0;5;266;192;72;0.0;0
27355;728;6;15;8;7;5;2;61;6;0;2;432;359;83;0.0;0
27355;537;4;13;10;3;6;0;39;4;1;5;268;168;63;0.0;0
27368;720;3;8;4;4;8;0;48;3;0;3;369;283;77;0.0;0
27368;533;3;7;6;1;3;3;52;2;0;3;408;317;78;0.0;0
27363;546;6;12;10;2;4;3;48;3;0;2;362;255;70;0.0;0
27363;538;3;13;11;2;3;4;52;3;1;3;384;285;74;0.0;0
27361;530;2;11;9;2;3;4;34;7;1;1;294;214;73;0.0;0
27361;541;4;11;8;3;4;0;66;3;0;1;565;476;84;0.0;0
27362;540;5;16;7;9;6;5;60;0;0;2;485;407;84;0.0;0
27362;728;3;9;8;1;2;1;40;2;0;3;308;231;75;0.0;0
27364;547;7;13;9;4;13;2;66;3;1;4;502;406;81;0.0;0
27364;726;6;6;2;4;2;2;34;1;0;7;269;180;67;0.0;0
27365;537;4;16;11;5;4;3;32;4;0;1;291;227;78;0.0;0
27365;543;1;3;3;0;4;0;68;2;1;1;640;550;86;0.0;0
27367;532;4;10;5;5;7;2;41;2;0;1;372;285;77;0.0;0
27367;548;1;8;3;5;5;0;59;4;0;4;551;472;86;0.0;0
27366;536;4;13;12;1;9;3;58;5;1;2;481;369;77;0.0;0
27366;545;4;8;8;0;7;3;42;1;0;2;345;229;66;0.0;0
27360;531;5;13;9;4;6;2;33;4;1;2;334;260;78;0.0;0
27360;529;2;10;2;8;4;3;67;2;0;5;695;611;88;0.0;0
27359;542;4;16;10;6;3;1;47;3;0;0;292;205;70;0.0;0
27359;539;0;8;3;5;10;0;53;2;0;2;327;215;66;0.0;0
27372;545;6;11;8;3;3;3;58;2;0;2;408;242;59;0.0;0
27372;546;4;7;6;1;3;6;42;2;0;4;301;153;51;0.0;0
27371;538;7;14;6;8;5;3;57;1;1;4;439;362;82;0.0;0
27371;539;8;14;9;5;7;1;43;1;0;6;324;262;81;0.0;0
27374;728;6;12;6;6;4;0;49;0;0;2;408;307;75;0.0;0
27374;530;3;4;3;1;6;2;51;1;0;6;409;298;73;0.0;0
27376;548;6;15;10;5;4;2;61;4;0;3;474;395;83;0.0;0
27376;537;3;8;7;1;1;1;39;2;0;3;293;212;72;0.0;0
27369;529;8;20;12;8;3;3;61;1;0;0;705;636;90;0.0;0
27369;720;0;10;6;4;5;2;39;3;0;7;436;347;80;0.0;0
27375;541;7;19;13;6;7;5;57;3;1;4;506;427;84;0.0;0
27375;547;6;14;10;4;0;3;43;2;0;6;382;308;81;0.0;0
27377;532;1;21;15;6;10;2;51;2;0;1;489;394;81;0.0;0
27377;540;1;7;2;5;2;1;49;4;1;1;500;407;81;0.0;0
27378;533;6;12;7;5;6;3;42;4;0;5;375;291;78;0.0;0
27378;536;5;21;16;5;4;3;58;1;0;3;495;414;84;0.0;0
27370;543;9;18;12;6;6;0;66;4;0;2;649;576;89;0.0;0
27370;542;3;6;6;0;3;1;34;1;0;7;329;244;74;0.0;0
27373;726;2;12;10;2;3;2;50;5;0;3;375;273;73;0.0;0
27373;531;4;9;6;3;5;2;50;1;0;3;388;280;72;0.0;0
27382;540;2;13;8;5;7;5;68;2;0;3;558;465;83;0.0;0
27382;726;4;12;5;7;4;5;32;4;0;2;250;177;71;0.0;0
27383;546;2;11;8;3;2;3;42;2;0;1;342;231;68;0.0;0
27383;728;2;7;2;5;2;3;58;1;0;0;485;387;80;0.0;0
27387;536;4;13;10;3;3;4;39;6;0;4;343;266;78;0.0;0
27387;529;8;17;9;8;8;3;61;1;0;2;547;468;86;0.0;0
27379;542;4;17;10;7;3;3;47;2;0;2;421;327;78;0.0;0
27379;538;2;8;4;4;4;3;53;2;0;4;474;381;80;0.0;0
27380;531;4;9;7;2;10;5;45;3;0;2;360;222;62;0.0;0
27380;545;2;7;4;3;2;1;55;4;0;3;435;299;69;0.0;0
27385;537;6;17;12;5;4;0;49;5;0;0;410;333;81;0.0;0
27385;532;1;6;4;2;2;0;51;3;0;5;440;345;78;0.0;0
27381;530;7;15;7;8;6;3;51;0;0;3;514;448;87;0.0;0
27381;533;3;14;13;1;7;0;49;3;0;5;476;408;86;0.0;0
27388;720;2;10;6;4;13;5;48;1;0;0;373;310;83;0.0;0
27388;543;2;6;3;3;4;1;52;2;0;2;436;367;84;0.0;0
27386;539;2;11;10;1;4;2;39;5;1;3;342;260;76;0.0;0
27386;541;5;19;13;6;6;0;61;3;1;1;540;458;85;0.0;0
27384;547;3;10;8;2;3;1;45;4;0;1;359;278;77;0.0;0
27384;548;1;7;5;2;5;4;55;1;0;3;439;357;81;0.0;0
27394;728;3;9;6;3;7;1;54;3;1;2;408;325;80;0.0;0
27394;547;4;12;6;6;1;2;46;4;0;3;349;274;79;0.0;0
27391;540;6;15;11;4;5;3;53;2;0;2;434;350;81;0.0;0
27391;720;3;14;9;5;3;1;47;2;0;3;367;273;74;0.0;0
27398;533;2;9;6;3;8;5;59;2;0;0;463;372;80;0.0;0
27398;542;2;10;5;5;2;3;41;3;0;2;322;225;70;0.0;0
27392;726;3;7;5;2;3;1;28;5;0;1;244;131;54;0.0;0
27392;536;5;12;9;3;12;4;72;4;0;1;609;492;81;0.0;0
27395;541;3;17;11;6;8;2;48;3;0;3;466;398;85;0.0;0
27395;529;4;9;4;5;6;2;52;2;0;3;518;436;84;0.0;0
27390;545;4;15;10;5;7;5;62;1;0;1;506;386;76;0.0;0
27390;538;1;3;2;1;0;3;38;1;0;3;309;197;64;0.0;0
27389;543;2;6;3;3;4;4;64;2;0;3;561;456;81;0.0;0
27389;546;5;11;10;1;4;2;36;2;0;1;301;198;66;0.0;0
27396;548;3;19;12;7;7;0;61;1;0;1;548;480;88;0.0;0
27396;530;3;8;6;2;3;0;39;4;1;3;355;275;77;0.0;0
27397;532;3;11;6;5;6;1;50;0;0;1;526;441;84;0.0;0
27397;531;1;4;2;2;2;0;50;3;0;1;517;435;84;0.0;0
27393;537;3;14;10;4;2;0;39;6;0;4;286;203;71;0.0;0
27393;539;4;15;11;4;2;3;61;4;0;2;439;355;81;0.0;0
27400;531;6;15;12;3;7;3;65;3;0;1;512;422;82;0.0;0
27400;540;2;5;3;2;0;2;35;5;0;5;294;207;70;0.0;0
27399;542;3;16;12;4;3;0;43;1;0;2;293;178;61;0.0;0
27399;545;3;20;15;5;5;3;57;1;0;2;373;256;69;0.0;0
27401;530;4;13;5;8;4;0;44;2;0;2;433;335;77;0.0;0
27401;537;2;3;1;2;4;0;56;2;0;3;516;427;83;0.0;0
27402;529;6;12;8;4;10;5;68;1;0;0;695;625;90;0.0;0
27402;728;1;8;4;4;4;2;32;2;0;3;303;239;79;0.0;0
27404;546;5;13;9;4;13;4;56;0;0;0;342;229;67;0.0;0
27404;726;1;7;6;1;1;3;44;4;0;3;279;164;59;0.0;0
27403;538;1;7;5;2;4;6;37;3;0;3;358;295;82;0.0;0
27403;543;4;14;8;6;4;1;63;0;0;1;607;536;88;0.0;0
27405;547;7;17;11;6;6;0;60;1;0;3;524;442;84;0.0;0
27405;532;6;11;6;5;1;4;40;4;1;5;363;285;79;0.0;0
27407;536;10;21;15;6;7;5;49;2;0;0;402;309;77;0.0;0
27407;548;2;9;4;5;2;2;51;2;0;5;428;332;78;0.0;0
27406;539;3;11;7;4;8;2;51;3;0;4;397;310;78;0.0;0
27406;533;5;13;6;7;2;2;49;5;0;3;390;311;80;0.0;0
27408;720;2;10;8;2;5;5;37;1;0;2;321;259;81;0.0;0
27408;541;6;15;12;3;12;1;63;6;1;1;551;488;89;0.0;0
27416;548;7;23;12;11;5;5;58;2;0;2;466;374;80;0.0;0
27416;539;3;8;6;2;3;4;42;2;0;6;333;239;72;0.0;0
27413;726;1;7;5;2;2;1;54;1;0;2;355;248;70;0.0;0
27413;542;5;12;11;1;2;3;46;3;0;0;289;193;67;0.0;0
27415;541;7;22;15;7;9;2;53;1;0;1;526;464;88;0.0;0
27415;538;1;6;3;3;2;2;47;0;0;5;481;418;87;0.0;0
27409;531;5;8;6;2;1;0;47;3;0;2;421;320;76;0.0;0
27409;530;2;9;5;4;7;3;53;1;0;3;458;346;76;0.0;0
27414;537;3;12;8;4;6;2;53;8;0;2;438;337;77;0.0;0
27414;547;4;8;5;3;2;0;47;1;0;3;389;290;75;0.0;0
27411;545;3;0;0;0;5;4;58;4;0;1;0;0;0;0.0;0
27411;720;3;0;0;0;0;5;42;2;0;2;0;0;0;0.0;0
27412;540;3;13;7;6;6;2;50;3;1;2;436;339;78;0.0;0
27412;536;3;12;9;3;5;5;50;4;1;3;442;343;78;0.0;0
27417;532;2;8;6;2;3;6;62;3;0;1;451;343;76;0.0;0
27417;546;1;9;7;2;5;3;38;4;0;2;268;149;56;0.0;0
27418;533;4;12;8;4;5;3;54;3;0;2;430;366;85;0.0;0
27418;728;3;7;1;6;5;3;46;3;0;1;361;283;78;0.0;0
27410;543;3;13;7;6;3;1;56;1;0;5;581;507;87;0.0;0
27410;529;9;16;12;4;7;2;44;2;0;2;460;399;87;0.0;0
27423;547;2;6;2;4;3;1;49;2;0;3;406;312;77;0.0;0
27423;531;5;8;6;2;3;4;51;4;0;1;426;333;78;0.0;0
27422;546;2;9;5;4;3;0;56;5;0;1;352;251;71;0.0;0
27422;537;3;7;7;0;4;4;44;2;0;2;275;162;59;0.0;0
27420;529;3;13;9;4;5;2;69;0;0;2;692;607;88;0.0;0
27420;540;2;4;2;2;2;3;31;4;0;2;300;217;72;0.0;0
27421;538;6;15;10;5;10;2;63;1;0;3;521;456;88;0.0;0
27421;533;5;14;10;4;7;1;37;3;0;3;301;229;76;0.0;0
27419;542;4;14;8;6;9;0;44;2;0;3;376;281;75;0.0;0
27419;530;7;11;6;5;2;2;56;2;0;3;510;410;80;0.0;0
27424;539;2;7;5;2;6;3;40;2;0;1;291;185;64;0.0;0
27424;545;3;17;12;5;7;2;60;1;0;0;418;313;75;0.0;0
27425;728;5;20;9;11;6;1;45;5;1;1;346;259;75;0.0;0
27425;543;2;7;3;4;3;4;55;3;0;4;437;340;78;0.0;0
27427;536;5;17;7;10;5;4;60;3;0;1;539;447;83;0.0;0
27427;532;2;4;2;2;3;1;40;1;0;5;372;275;74;0.0;0
27428;720;4;11;9;2;7;3;40;4;0;0;329;250;76;0.0;0
27428;548;1;10;6;4;5;2;60;1;0;2;485;415;86;0.0;0
27426;541;8;16;12;4;4;3;71;1;0;1;710;637;90;0.0;0
27426;726;3;15;9;6;6;0;29;3;0;5;282;213;76;0.0;0
27430;530;7;17;11;6;4;2;48;1;0;4;502;414;82;0.0;0
27430;547;4;12;7;5;3;0;52;0;0;6;524;445;85;0.0;0
27432;540;3;9;7;2;5;3;50;4;0;2;377;261;69;0.0;0
27432;546;3;13;11;2;4;1;50;3;0;2;356;236;66;0.0;0
27438;533;9;16;12;4;5;2;32;4;1;5;316;253;80;0.0;0
27438;529;9;15;9;6;3;4;68;7;0;5;684;614;90;0.0;0
27429;531;7;14;8;6;2;1;40;3;0;4;271;191;70;0.0;0
27429;539;6;11;6;5;9;1;60;7;1;4;402;311;77;0.0;0
27431;545;6;12;10;2;2;2;45;1;0;2;341;213;62;0.0;0
27431;728;3;14;6;8;6;5;55;2;0;4;417;275;66;0.0;0
27433;726;6;22;17;5;5;0;52;2;0;2;382;264;69;0.0;0
27433;538;5;11;8;3;0;5;48;3;0;3;362;255;70;0.0;0
27437;532;4;11;9;2;6;2;31;2;0;4;320;250;78;0.0;0
27437;541;5;15;8;7;6;1;69;2;0;2;686;619;90;0.0;0
27436;536;5;18;10;8;11;3;64;3;0;1;512;407;79;0.0;0
27436;542;1;4;4;0;1;2;36;4;0;3;295;179;61;0.0;0
27434;537;2;18;14;4;3;1;55;2;0;1;467;350;75;0.0;0
27434;720;1;8;4;4;4;2;45;2;0;1;368;228;62;0.0;0
27435;548;7;15;11;4;3;1;36;2;0;5;316;245;78;0.0;0
27435;543;6;11;6;5;6;2;64;3;0;5;562;493;88;0.0;0
27444;547;5;14;9;5;1;3;55;5;0;1;387;321;83;0.0;0
27444;540;2;10;4;6;4;2;45;2;0;4;321;249;78;0.0;0
27447;541;7;13;8;5;5;6;56;0;0;0;535;430;80;0.0;0
27447;545;1;3;2;1;4;3;44;1;0;5;412;301;73;0.0;0
27446;728;5;15;9;6;4;1;52;2;0;3;339;260;77;0.0;0
27446;532;3;12;8;4;7;4;48;3;0;3;314;204;65;0.0;0
27440;529;10;21;11;10;5;1;64;3;0;2;719;651;91;0.0;0
27440;530;2;9;6;3;1;0;36;4;1;8;400;321;80;0.0;0
27439;542;1;6;1;5;3;2;45;6;0;4;314;187;60;0.0;0
27439;537;5;9;5;4;3;2;55;4;0;0;376;268;71;0.0;0
27443;546;2;6;4;2;1;4;48;2;0;1;321;183;57;0.0;0
27443;531;1;10;6;4;2;0;52;1;0;1;333;192;58;0.0;0
27448;720;5;10;7;3;6;6;39;3;0;2;333;240;72;0.0;0
27448;536;4;15;10;5;7;2;61;3;0;5;530;438;83;0.0;0
27442;538;4;11;9;2;2;1;48;2;0;6;364;282;77;0.0;0
27442;548;7;14;6;8;7;1;52;1;1;1;391;315;81;0.0;0
27445;539;8;14;8;6;9;0;55;2;0;2;337;253;75;0.0;0
27445;726;4;17;13;4;1;1;45;4;0;6;281;197;70;0.0;0
27441;543;7;17;14;3;4;1;56;4;0;3;532;461;87;0.0;0
27441;533;4;10;8;2;3;2;44;4;0;4;397;308;78;0.0;0
27451;540;2;6;2;4;4;4;56;3;0;2;468;360;77;0.0;0
27451;542;3;13;11;2;8;2;44;2;0;1;342;255;75;0.0;0
27453;726;1;6;3;3;6;3;25;1;0;2;212;132;62;0.0;0
27453;529;2;10;8;2;5;8;75;2;0;1;644;573;89;0.0;0
27450;530;5;11;5;6;1;2;56;2;0;3;629;559;89;0.0;0
27450;538;3;10;5;5;2;0;44;2;0;2;477;402;84;0.0;0
27456;536;5;11;4;7;5;4;38;6;0;4;331;243;73;0.0;0
27456;543;7;12;6;6;4;5;62;3;0;2;530;452;85;0.0;0
27458;720;4;8;6;2;5;5;59;4;0;1;391;269;69;0.0;0
27458;546;3;8;4;4;3;2;41;4;1;2;261;137;52;0.0;0
27449;531;9;15;13;2;3;3;46;1;0;2;305;221;72;0.0;0
27449;728;4;8;3;5;6;2;54;3;1;5;357;270;76;0.0;0
27455;548;2;3;3;0;0;7;36;2;0;1;315;179;57;0.0;0
27455;545;2;17;10;7;3;0;64;2;0;1;531;382;72;0.0;0
27452;547;5;14;12;2;9;2;58;2;0;5;479;408;85;0.0;0
27452;533;6;17;10;7;5;1;42;5;0;5;372;293;79;0.0;0
27457;532;6;23;18;5;8;0;53;2;0;3;456;372;82;0.0;0
27457;539;3;6;3;3;3;1;47;2;0;3;404;321;79;0.0;0
27454;537;2;5;3;2;1;3;29;0;0;5;285;189;66;0.0;0
27454;541;6;13;8;5;5;0;71;3;0;1;690;612;89;0.0;0
27459;542;4;10;7;3;5;1;46;3;0;5;333;225;68;0.0;0
27459;720;7;12;8;4;7;1;54;5;0;1;380;269;71;0.0;0
27462;538;8;13;10;3;5;2;62;2;0;0;498;418;84;0.0;0
27462;547;1;9;4;5;1;1;38;1;0;6;291;223;77;0.0;0
27463;545;2;10;5;5;5;1;51;3;0;3;407;308;76;0.0;0
27463;530;4;8;6;2;8;4;49;1;0;2;398;287;72;0.0;0
27466;728;3;16;9;7;8;3;56;4;0;3;348;247;71;0.0;0
27466;726;3;10;5;5;3;8;44;2;0;3;279;171;61;0.0;0
27460;529;4;11;7;4;4;6;49;0;0;1;522;433;83;0.0;0
27460;548;2;9;6;3;2;0;51;1;0;2;523;429;82;0.0;0
27465;539;5;19;13;6;12;2;50;4;1;5;376;272;72;0.0;0
27465;540;7;15;10;5;7;0;50;1;0;3;401;300;75;0.0;0
27464;546;3;10;9;1;2;2;35;3;1;2;260;156;60;0.0;0
27464;536;2;12;4;8;7;3;65;6;1;0;465;353;76;0.0;0
27467;541;4;11;10;1;8;2;56;2;0;3;531;449;85;0.0;0
27467;531;3;5;3;2;2;1;44;4;0;1;405;324;80;0.0;0
27468;533;5;11;8;3;7;4;66;2;0;1;559;457;82;0.0;0
27468;537;2;6;6;0;4;3;34;1;0;3;273;185;68;0.0;0
27461;543;7;23;17;6;8;0;65;4;0;1;668;594;89;0.0;0
27461;532;3;4;2;2;2;1;35;2;1;6;351;280;80;0.0;0
27473;726;3;12;8;4;5;7;47;4;0;4;325;206;63;0.0;0
27473;545;4;8;5;3;3;3;53;1;0;1;357;223;62;0.0;0
27478;720;4;13;7;6;4;2;50;4;0;0;417;323;77;0.0;0
27478;547;0;5;4;1;5;0;50;3;0;3;409;323;79;0.0;0
27469;542;1;6;4;2;1;1;23;3;0;4;228;159;70;0.0;0
27469;529;6;16;12;4;4;1;77;1;0;1;768;675;88;0.0;0
27470;530;6;14;10;4;4;2;56;3;0;2;565;484;86;0.0;0
27470;532;4;12;7;5;3;0;44;3;0;3;428;366;86;0.0;0
27474;537;1;14;6;8;2;2;56;1;0;2;468;344;74;0.0;0
27474;531;2;3;2;1;2;0;44;2;0;1;364;264;73;0.0;0
27471;540;2;9;6;3;2;2;48;2;0;5;459;372;81;0.0;0
27471;538;6;18;15;3;4;2;52;1;0;1;484;399;82;0.0;0
27475;539;4;6;3;3;3;7;29;2;0;2;217;163;75;0.0;0
27475;543;2;7;4;3;4;1;71;3;0;0;530;476;90;0.0;0
27477;536;11;21;14;7;5;5;49;1;0;3;381;281;74;0.0;0
27477;728;3;12;7;5;4;2;51;2;0;7;401;329;82;0.0;0
27476;548;2;13;7;6;6;1;65;2;0;2;606;537;89;0.0;0
27476;533;3;8;6;2;3;1;35;3;0;2;319;245;77;0.0;0
27472;546;5;9;5;4;9;1;32;1;0;4;241;143;59;0.0;0
27472;541;4;12;8;4;4;3;68;3;0;5;528;445;84;0.0;0
27479;531;1;14;9;5;8;2;62;2;0;2;417;327;78;0.0;0
27479;542;3;14;9;5;6;0;38;2;0;0;261;172;66;0.0;0
27480;530;1;13;8;5;7;0;58;4;0;4;531;454;85;0.0;0
27480;720;4;13;9;4;3;0;42;2;0;1;370;284;77;0.0;0
27484;537;1;10;7;3;4;1;47;1;0;1;369;273;74;0.0;0
27484;538;2;8;2;6;6;1;53;0;0;1;422;323;77;0.0;0
27481;529;12;23;14;9;6;1;62;4;0;2;609;530;87;0.0;0
27481;539;2;7;5;2;3;0;38;3;0;11;356;283;79;0.0;0
27487;532;2;7;4;3;7;6;48;2;0;3;411;318;77;0.0;0
27487;545;3;13;7;6;6;1;52;3;0;2;435;327;75;0.0;0
27483;547;4;15;9;6;3;5;43;1;0;3;375;283;75;0.0;0
27483;536;3;7;4;3;6;0;57;2;1;3;505;411;81;0.0;0
27486;548;7;11;11;0;5;3;50;2;0;2;400;281;70;0.0;0
27486;546;3;12;7;5;7;1;50;3;0;5;379;240;63;0.0;0
27488;533;5;18;10;8;0;1;46;5;0;2;397;304;77;0.0;0
27488;726;3;14;14;0;1;3;54;2;1;4;438;336;77;0.0;0
27485;728;5;12;6;6;6;3;48;2;0;3;377;305;81;0.0;0
27485;541;3;9;5;4;6;6;52;5;0;3;401;329;82;0.0;0
27482;543;5;18;9;9;6;1;53;4;0;2;460;390;85;0.0;0
27482;540;4;10;7;3;5;2;47;1;0;5;405;333;82;0.0;0
27497;536;3;7;1;6;3;3;64;1;0;2;484;388;80;0.0;0
27497;537;5;9;7;2;4;3;36;1;0;3;276;185;67;0.0;0
27495;539;7;11;9;2;6;4;34;1;0;2;225;146;65;0.0;0
27495;728;3;20;13;7;7;0;66;4;1;3;413;341;83;0.0;0
27492;540;5;11;6;5;5;0;49;1;0;3;472;402;85;0.0;0
27492;530;3;11;7;4;6;2;51;2;0;3;466;395;85;0.0;0
27489;542;6;18;9;9;13;3;50;1;0;2;369;270;73;0.0;0
27489;548;2;9;5;4;6;2;50;3;0;6;384;280;73;0.0;0
27490;538;6;14;11;3;11;2;34;1;0;1;315;262;83;0.0;0
27490;529;1;8;3;5;1;1;66;5;0;4;618;559;90;0.0;0
27493;546;8;13;10;3;1;1;40;3;0;2;309;203;66;0.0;0
27493;547;2;4;4;0;3;2;60;3;1;6;456;344;75;0.0;0
27491;545;6;14;8;6;11;1;45;3;0;6;348;254;73;0.0;0
27491;543;6;12;9;3;8;3;55;2;0;5;417;309;74;0.0;0
27496;541;11;24;16;8;8;3;59;0;0;5;610;539;88;0.0;0
27496;533;7;15;8;7;3;3;41;3;0;8;403;341;85;0.0;0
27498;720;3;10;4;6;1;1;40;5;0;1;290;194;67;0.0;0
27498;531;1;9;9;0;3;1;60;5;0;2;428;329;77;0.0;0
27494;726;4;24;14;10;7;0;51;2;0;2;455;375;82;0.0;0
27494;532;7;10;9;1;5;0;49;1;0;2;449;373;83;0.0;0
27501;529;8;13;9;4;4;1;79;1;0;0;899;798;89;0.0;0
27501;546;0;11;6;5;3;5;21;3;0;7;230;131;57;0.0;0
27500;530;4;11;5;6;5;7;48;5;0;4;440;379;86;0.0;0
27500;536;5;11;5;6;7;5;52;4;0;3;461;397;86;0.0;0
27499;531;4;8;6;2;3;1;51;4;0;1;469;389;83;0.0;0
27499;538;2;4;4;0;3;1;49;3;0;1;434;345;79;0.0;0
27507;532;4;10;8;2;7;3;43;2;0;2;346;249;72;0.0;0
27507;542;3;10;5;5;4;0;57;5;0;1;450;348;77;0.0;0
27508;533;3;11;8;3;5;6;41;3;0;0;340;231;68;0.0;0
27508;545;0;5;4;1;3;6;59;2;0;2;477;359;75;0.0;0
27504;537;4;11;9;2;6;2;46;4;1;5;392;313;80;0.0;0
27504;540;7;19;12;7;7;6;54;1;0;4;471;397;84;0.0;0
27502;543;8;17;12;5;9;1;61;3;0;1;480;422;88;0.0;0
27502;726;2;9;4;5;2;3;39;5;1;6;305;238;78;0.0;0
27503;547;6;14;11;3;9;2;59;2;0;1;372;280;75;0.0;0
27503;539;3;7;2;5;2;0;41;3;0;5;268;166;62;0.0;0
27506;548;7;19;11;8;5;3;54;1;0;1;535;463;87;0.0;0
27506;541;2;6;5;1;2;3;46;2;1;4;455;381;84;0.0;0
27505;728;5;16;9;7;4;3;70;2;0;4;502;435;87;0.0;0
27505;720;6;9;4;5;2;2;30;2;0;4;223;129;58;0.0;0
27515;539;7;17;11;6;6;0;46;0;0;6;423;357;84;0.0;0
27515;530;8;17;7;10;4;0;54;1;1;5;501;432;86;0.0;0
27517;536;3;9;7;2;2;4;46;4;0;1;391;273;70;0.0;0
27517;531;1;10;9;1;3;0;54;2;0;2;439;326;74;0.0;0
27512;540;4;10;7;3;4;3;37;3;0;2;273;198;73;0.0;0
27512;548;2;11;4;7;5;1;63;2;0;2;447;367;82;0.0;0
27513;546;5;17;12;5;6;6;40;2;0;2;299;201;67;0.0;0
27513;533;4;8;5;3;4;4;60;3;0;3;454;342;75;0.0;0
27518;720;4;19;11;8;8;1;49;1;0;4;433;363;84;0.0;0
27518;532;6;9;6;3;2;3;51;4;0;4;443;380;86;0.0;0
27510;538;5;14;11;3;3;1;45;0;0;2;384;303;79;0.0;0
27510;728;4;11;7;4;5;2;55;4;0;3;466;397;85;0.0;0
27509;542;7;14;10;4;6;1;43;3;0;3;323;235;73;0.0;0
27509;547;4;13;8;5;4;4;57;3;0;5;435;350;80;0.0;0
27514;726;6;15;6;9;4;1;50;0;0;1;404;309;76;0.0;0
27514;537;1;9;8;1;6;2;50;1;0;4;381;283;74;0.0;0
27516;541;2;9;4;5;1;1;47;4;0;5;466;401;86;0.0;0
27516;543;7;9;5;4;5;4;53;1;0;2;533;453;85;0.0;0
27511;545;8;18;13;5;5;0;39;4;0;1;393;286;73;0.0;0
27511;529;3;8;6;2;2;6;61;2;0;6;633;544;86;0.0;0
214022;531;5;11;6;5;3;2;27;1;0;2;255;181;71;0.0;0
214022;529;2;11;9;2;8;1;73;1;0;4;673;577;86;0.0;0
214023;538;4;7;5;2;6;5;56;6;0;8;522;462;89;0.0;0
214023;541;11;17;10;7;4;1;44;2;1;2;416;349;84;0.0;0
214024;532;6;14;7;7;3;2;36;4;1;2;366;299;82;0.0;0
214024;548;3;12;7;5;3;2;64;4;0;5;619;546;88;0.0;0
214030;798;3;15;10;5;9;3;36;2;0;4;275;196;71;0.0;0
214030;545;5;11;9;2;3;0;64;3;0;1;499;395;79;0.0;0
214026;533;7;12;7;5;2;3;54;3;0;4;464;382;82;0.0;0
214026;715;7;14;11;3;7;6;46;1;0;3;380;311;82;0.0;0
214025;537;2;13;7;6;8;5;51;1;1;1;333;231;69;0.0;0
214025;727;2;4;1;3;0;2;49;4;0;2;332;229;69;0.0;0
214027;542;2;9;6;3;2;0;37;2;0;4;267;184;69;0.0;0
214027;539;4;16;7;9;9;1;63;1;0;1;449;367;82;0.0;0
214028;540;2;7;3;4;8;2;44;2;0;2;415;330;80;0.0;0
214028;536;4;12;11;1;4;4;56;2;0;2;523;433;83;0.0;0
214031;543;4;13;8;5;6;2;47;2;1;1;378;317;84;0.0;0
214031;720;3;14;7;7;1;1;53;6;0;3;421;359;85;0.0;0
214029;530;5;5;5;0;3;3;57;3;1;0;421;347;82;0.0;0
214029;546;0;6;3;3;4;0;43;4;1;4;290;221;76;0.0;0
214032;715;0;12;8;4;6;2;44;1;0;5;375;285;76;0.0;0
214032;536;6;11;6;5;6;4;56;1;0;0;470;380;81;0.0;0
214033;539;4;16;7;9;7;3;48;1;0;5;388;301;78;0.0;0
214033;533;6;23;15;8;3;2;52;2;0;2;419;342;82;0.0;0
214034;727;2;6;3;3;6;4;48;4;0;1;282;161;57;0.0;0
214034;545;0;12;6;6;6;1;52;4;0;2;299;175;59;0.0;0
214035;541;4;22;12;10;4;0;66;2;0;1;632;577;91;0.0;0
214035;720;2;9;5;4;3;1;34;2;0;3;331;254;77;0.0;0
214036;538;6;11;9;2;6;2;55;1;0;1;509;432;85;0.0;0
214036;532;1;9;6;3;4;1;45;2;0;5;409;337;82;0.0;0
214037;546;2;6;3;3;4;0;46;2;0;1;320;176;55;0.0;0
214037;531;2;4;4;0;6;3;54;1;0;1;375;232;62;0.0;0
214038;542;2;10;7;3;3;2;35;3;0;1;309;238;77;0.0;0
214038;540;1;5;3;2;5;1;65;1;0;2;575;485;84;0.0;0
214039;798;4;12;7;5;5;1;34;1;0;3;284;213;75;0.0;0
214039;548;4;12;7;5;5;0;66;2;0;4;557;481;86;0.0;0
214041;537;4;10;5;5;9;3;41;4;0;3;338;240;71;0.0;0
214041;530;4;6;4;2;4;4;59;5;0;5;503;401;80;0.0;0
214040;529;7;20;16;4;11;4;70;1;0;1;789;719;91;0.0;0
214040;543;3;4;1;3;0;2;30;1;0;2;330;259;78;0.0;0
214042;536;5;19;14;5;9;2;63;4;0;0;589;519;88;0.0;0
214042;538;1;2;1;1;1;0;37;2;0;4;355;291;82;0.0;0
214043;531;5;15;8;7;3;2;39;2;0;2;311;225;72;0.0;0
214043;548;2;2;1;1;0;2;61;3;0;3;486;391;80;0.0;0
214044;727;5;15;8;7;3;0;25;3;0;2;240;151;63;0.0;0
214044;529;4;8;3;5;2;1;75;4;0;3;729;633;87;0.0;0
214046;539;3;16;8;8;6;2;50;2;0;3;350;271;77;0.0;0
214046;720;3;15;8;7;6;2;50;2;0;1;347;262;76;0.0;0
214045;546;1;15;8;7;4;3;61;3;0;0;431;305;71;0.0;0
214045;542;1;5;4;1;2;5;39;1;0;0;282;164;58;0.0;0
214047;543;5;17;11;6;11;3;68;4;0;7;495;414;84;0.0;0
214047;537;7;19;10;9;8;1;32;2;0;3;213;142;67;0.0;0
214048;532;4;9;6;3;7;3;50;0;0;1;459;396;86;0.0;0
214048;798;1;12;7;5;4;0;50;1;0;2;435;385;89;0.0;0
214049;530;3;7;6;1;1;9;56;0;0;0;447;347;78;0.0;0
214049;545;2;6;4;2;1;0;44;3;0;0;341;230;67;0.0;0
214050;540;3;15;12;3;8;0;67;2;0;3;592;506;85;0.0;0
214050;715;6;14;5;9;6;1;33;3;0;3;290;193;67;0.0;0
214051;533;5;10;8;2;1;1;43;1;0;3;438;356;81;0.0;0
214051;541;5;17;9;8;8;2;57;4;1;3;551;488;89;0.0;0
214058;798;1;10;7;3;4;4;47;4;0;5;302;225;75;0.0;0
214058;531;5;11;5;6;6;2;53;3;0;1;351;270;77;0.0;0
214059;541;11;25;16;9;9;4;65;2;0;1;632;574;91;0.0;0
214059;539;3;8;7;1;6;2;35;2;0;8;324;257;79;0.0;0
214057;537;4;10;3;7;8;3;48;2;0;1;420;339;81;0.0;0
214057;533;4;8;6;2;6;0;52;0;0;4;456;371;81;0.0;0
214060;548;5;14;10;4;5;3;53;1;0;2;471;380;81;0.0;0
214060;530;2;12;10;2;5;4;47;3;0;3;402;312;78;0.0;0
214053;529;10;17;8;9;2;0;64;1;0;1;769;706;92;0.0;0
214053;532;3;9;6;3;5;0;36;4;0;5;412;352;85;0.0;0
214056;545;1;11;7;4;7;2;58;2;0;0;382;261;68;0.0;0
214056;540;2;7;5;2;2;3;42;4;1;0;291;164;56;0.0;0
214052;542;0;7;5;2;2;1;38;5;0;6;345;246;71;0.0;0
214052;536;7;19;10;9;6;4;62;5;0;0;575;486;85;0.0;0
214055;538;0;4;2;2;3;1;37;4;2;1;291;232;80;0.0;0
214055;715;3;13;5;8;5;2;63;2;0;0;479;427;89;0.0;0
214061;720;1;11;5;6;10;1;49;0;0;4;373;279;75;0.0;0
214061;727;5;17;10;7;6;0;51;1;0;0;391;305;78;0.0;0
214054;543;2;7;2;5;5;7;61;3;2;3;394;319;81;0.0;0
214054;546;4;12;8;4;6;5;39;6;0;1;238;155;65;0.0;0
214068;727;6;12;9;3;9;4;48;1;0;2;351;276;79;0.0;0
214068;543;2;7;5;2;4;1;52;2;0;6;396;306;77;0.0;0
214071;533;6;18;12;6;4;1;60;2;0;2;527;462;88;0.0;0
214071;720;3;7;2;5;8;1;40;1;0;4;340;250;74;0.0;0
214067;539;4;13;9;4;6;5;58;0;0;4;424;324;76;0.0;0
214067;545;4;18;10;8;7;4;42;2;0;4;289;201;70;0.0;0
214063;530;5;20;13;7;13;3;48;3;0;3;415;351;85;0.0;0
214063;538;3;6;3;3;3;2;52;5;0;5;443;366;83;0.0;0
214066;715;4;9;3;6;4;1;26;3;0;1;229;149;65;0.0;0
214066;529;1;8;4;4;5;1;74;2;0;2;657;581;88;0.0;0
214065;546;5;14;9;5;7;2;49;4;0;1;274;165;60;0.0;0
214065;798;3;7;3;4;2;2;51;5;0;2;291;186;64;0.0;0
214064;540;3;17;9;8;5;2;55;1;0;2;481;397;83;0.0;0
214064;548;5;10;8;2;7;2;45;0;0;3;384;291;76;0.0;0
214070;532;4;13;6;7;6;0;62;3;0;3;543;470;87;0.0;0
214070;537;4;13;7;6;6;1;38;4;0;3;325;253;78;0.0;0
214062;531;4;12;7;5;3;2;56;1;0;1;518;413;80;0.0;0
214062;542;1;5;2;3;2;0;44;4;0;2;389;287;74;0.0;0
214069;536;0;9;7;2;9;2;54;3;0;3;536;457;85;0.0;0
214069;541;4;7;5;2;6;1;46;2;0;0;458;372;81;0.0;0
214081;720;5;9;5;4;6;0;47;3;0;3;356;252;71;0.0;0
214081;715;4;6;1;5;3;2;53;2;0;4;398;305;77;0.0;0
214073;543;5;17;13;4;5;1;57;2;0;2;495;438;88;0.0;0
214073;539;3;17;12;5;2;3;43;2;0;2;378;312;83;0.0;0
214072;529;4;8;6;2;6;4;57;4;0;2;638;561;88;0.0;0
214072;533;3;11;5;6;5;3;43;2;0;2;473;395;84;0.0;0
214076;537;3;7;4;3;4;1;38;0;0;1;328;218;66;0.0;0
214076;531;2;9;6;3;5;1;62;1;0;2;529;424;80;0.0;0
214077;798;3;9;5;4;8;0;48;3;0;1;447;361;81;0.0;0
214077;530;3;13;10;3;5;0;52;5;1;3;490;413;84;0.0;0
214080;532;4;8;7;1;4;3;62;1;0;2;473;380;80;0.0;0
214080;546;5;18;12;6;5;4;38;4;0;0;278;187;67;0.0;0
214078;541;4;15;7;8;7;1;54;2;0;0;478;401;84;0.0;0
214078;727;0;4;2;2;5;1;46;2;0;3;390;309;79;0.0;0
214075;545;4;11;5;6;3;0;46;3;0;1;401;299;75;0.0;0
214075;536;4;7;5;2;1;2;54;4;0;1;484;368;76;0.0;0
214074;538;3;14;9;5;6;0;63;2;0;3;662;591;89;0.0;0
214074;540;4;10;7;3;4;0;37;5;0;2;387;302;78;0.0;0
214079;548;7;21;18;3;5;2;58;1;0;0;494;416;84;0.0;0
214079;542;0;5;5;0;3;2;42;4;1;4;349;274;79;0.0;0
214091;533;10;17;15;2;3;6;42;2;0;5;380;321;84;0.0;0
214091;543;6;11;7;4;7;1;58;2;0;5;513;441;86;0.0;0
214083;531;3;14;12;2;7;2;50;2;0;4;399;337;84;0.0;0
214083;532;6;10;7;3;7;2;50;5;0;3;410;343;84;0.0;0
214087;546;1;8;5;3;4;3;38;4;0;4;287;192;67;0.0;0
214087;529;6;10;6;4;1;3;62;4;1;1;466;373;80;0.0;0
214088;715;4;11;6;5;8;1;50;3;0;6;327;230;70;0.0;0
214088;537;6;15;8;7;3;3;50;4;0;3;328;239;73;0.0;0
214084;530;1;7;6;1;5;4;44;1;0;3;448;379;85;0.0;0
214084;541;3;14;4;10;7;1;56;2;0;1;566;495;87;0.0;0
214086;540;2;16;11;5;4;1;59;2;1;4;492;407;83;0.0;0
214086;720;6;9;8;1;3;3;41;0;0;2;342;262;77;0.0;0
214085;545;3;7;5;2;6;2;39;3;0;2;301;212;70;0.0;0
214085;538;2;3;3;0;5;2;61;1;0;1;480;385;80;0.0;0
214082;542;6;11;5;6;4;0;54;2;0;1;425;317;75;0.0;0
214082;798;1;5;3;2;1;0;46;3;0;4;360;244;68;0.0;0
214089;539;5;10;8;2;7;5;47;6;1;2;353;246;70;0.0;0
214089;727;3;18;11;7;11;2;53;0;0;4;388;284;73;0.0;0
214090;536;8;21;15;6;7;0;51;1;0;0;478;396;83;0.0;0
214090;548;2;5;3;2;0;2;49;1;0;5;458;359;78;0.0;0
214093;543;3;12;8;4;4;4;57;3;0;1;455;354;78;0.0;0
214093;545;2;8;6;2;9;6;43;6;1;2;322;220;68;0.0;0
214095;537;10;25;18;7;9;3;58;3;0;0;451;371;82;0.0;0
214095;539;2;9;4;5;4;0;42;5;0;9;327;233;71;0.0;0
214098;541;10;17;11;6;6;2;62;4;0;3;475;406;85;0.0;0
214098;715;5;8;5;3;2;0;38;5;0;6;279;222;80;0.0;0
214100;532;3;10;6;4;4;2;56;1;0;3;476;383;80;0.0;0
214100;542;4;10;9;1;7;0;44;3;0;1;355;266;75;0.0;0
214097;727;4;16;8;8;8;3;51;2;0;4;422;327;77;0.0;0
214097;533;6;16;12;4;9;0;49;2;0;2;395;305;77;0.0;0
214096;798;3;9;3;6;2;2;38;1;0;3;368;296;80;0.0;0
214096;540;3;11;8;3;4;0;62;3;0;1;591;522;88;0.0;0
214094;538;2;13;10;3;6;0;62;0;0;2;508;410;81;0.0;0
214094;531;2;6;1;5;4;0;38;5;0;1;301;214;71;0.0;0
214101;720;1;5;3;2;3;3;45;6;0;1;377;296;79;0.0;0
214101;530;1;9;6;3;4;2;55;4;0;1;440;357;81;0.0;0
214099;548;3;6;4;2;3;5;50;2;1;2;342;212;62;0.0;0
214099;546;4;13;8;5;8;1;50;4;0;2;324;180;56;0.0;0
214092;529;8;15;8;7;7;3;55;5;2;4;561;500;89;0.0;0
214092;536;4;16;12;4;10;2;45;3;0;4;414;348;84;0.0;0
214108;715;2;6;3;3;2;2;43;2;0;4;309;216;70;0.0;0
214108;727;4;9;7;2;7;2;57;8;1;1;400;293;73;0.0;0
214105;545;0;5;2;3;2;0;43;5;0;1;439;359;82;0.0;0
214105;529;4;9;7;2;2;7;57;0;0;0;595;499;84;0.0;0
214104;530;4;15;9;6;2;0;43;2;0;2;388;308;79;0.0;0
214104;532;3;11;2;9;4;0;57;1;1;3;502;434;86;0.0;0
214107;546;2;5;3;2;2;1;45;1;0;3;288;178;62;0.0;0
214107;537;3;7;3;4;3;2;55;4;0;0;349;240;69;0.0;0
214109;798;1;5;3;2;4;5;36;2;0;4;324;242;75;0.0;0
214109;541;4;14;7;7;4;2;64;2;1;0;543;480;88;0.0;0
214102;542;5;12;10;2;4;1;37;5;0;2;325;232;71;0.0;0
214102;538;2;13;9;4;6;2;63;1;0;3;538;461;86;0.0;0
214110;548;6;17;12;5;11;6;50;4;0;4;414;334;81;0.0;0
214110;543;5;12;7;5;2;0;50;2;0;2;411;334;81;0.0;0
214106;540;3;18;10;8;7;1;50;2;0;5;405;285;70;0.0;0
214106;533;5;11;6;5;3;0;50;1;0;3;418;298;71;0.0;0
214103;531;7;19;11;8;3;0;52;2;0;3;456;362;79;0.0;0
214103;720;3;9;6;3;4;1;48;3;0;6;412;308;75;0.0;0
214111;536;5;19;15;4;9;2;60;2;0;5;472;382;81;0.0;0
214111;539;5;12;5;7;1;2;40;2;0;4;330;231;70;0.0;0
214120;533;8;19;10;9;5;4;63;2;0;2;540;448;83;0.0;0
214120;542;3;12;8;4;4;3;37;2;0;4;307;213;69;0.0;0
214116;537;3;9;6;3;4;2;42;4;0;1;337;270;80;0.0;0
214116;798;1;9;6;3;5;2;58;1;0;2;453;381;84;0.0;0
214121;720;4;8;5;3;4;3;35;1;0;3;303;187;62;0.0;0
214121;545;3;13;3;10;3;0;65;2;0;2;523;398;76;0.0;0
214112;530;2;9;6;3;7;3;45;2;0;2;376;308;82;0.0;0
214112;531;2;9;5;4;7;1;55;2;0;0;448;372;83;0.0;0
214114;538;1;9;5;4;3;2;41;5;1;3;310;216;70;0.0;0
214114;548;4;9;4;5;7;2;59;2;0;1;436;355;81;0.0;0
214115;715;3;13;8;5;4;1;35;3;0;0;300;238;79;0.0;0
214115;543;0;12;4;8;2;0;65;4;0;2;555;486;88;0.0;0
214117;539;3;7;3;4;4;0;51;2;0;2;393;296;75;0.0;0
214117;540;3;14;10;4;7;0;49;3;0;3;357;260;73;0.0;0
214119;536;8;15;13;2;5;6;63;2;0;5;496;391;79;0.0;0
214119;546;4;9;5;4;0;1;37;3;0;7;286;165;58;0.0;0
214118;727;14;29;15;14;6;1;65;1;0;0;567;483;85;0.0;0
214118;532;1;3;1;2;1;5;35;1;1;11;298;215;72;0.0;0
214122;542;3;11;5;6;4;1;48;3;0;2;326;234;72;0.0;0
214122;530;3;9;5;4;1;3;52;3;0;2;362;265;73;0.0;0
214124;529;9;18;12;6;6;1;61;0;0;0;646;551;85;0.0;0
214124;720;1;9;4;5;3;1;39;3;0;4;388;308;79;0.0;0
214131;532;3;10;7;3;6;2;45;6;0;0;415;343;83;0.0;0
214131;536;1;10;6;4;1;3;55;3;0;2;511;431;84;0.0;0
214130;548;5;17;12;5;9;2;65;3;0;3;511;432;85;0.0;0
214130;539;4;13;9;4;5;4;35;4;0;4;273;189;69;0.0;0
214123;531;5;7;2;5;2;2;45;0;0;5;383;285;74;0.0;0
214123;540;5;12;6;6;5;4;55;1;0;3;456;347;76;0.0;0
214125;543;7;11;9;2;5;2;38;6;0;4;303;226;75;0.0;0
214125;538;5;18;13;5;10;3;62;1;0;5;479;406;85;0.0;0
214129;541;11;22;14;8;8;2;61;1;0;3;619;546;88;0.0;0
214129;537;3;5;4;1;3;1;39;5;0;6;385;308;80;0.0;0
214126;545;8;25;17;8;8;2;45;0;0;1;419;306;73;0.0;0
214126;533;2;9;4;5;3;1;55;3;0;6;523;404;77;0.0;0
214128;798;3;11;9;2;5;0;46;1;0;2;348;245;70;0.0;0
214128;727;4;12;8;4;3;1;54;5;0;1;414;313;76;0.0;0
214127;546;3;8;4;4;2;4;43;5;0;1;284;173;61;0.0;0
214127;715;2;10;5;5;3;1;57;5;0;0;367;261;71;0.0;0
214133;540;4;13;7;6;5;2;45;0;0;2;355;255;72;0.0;0
214133;532;4;11;8;3;5;2;55;1;0;3;419;328;78;0.0;0
214136;539;3;9;6;3;2;4;34;1;0;5;336;258;77;0.0;0
214136;529;6;9;6;3;3;5;66;6;0;0;659;585;89;0.0;0
214139;536;4;11;4;7;6;0;56;4;0;3;502;417;83;0.0;0
214139;530;5;14;11;3;3;5;44;3;0;3;394;301;76;0.0;0
214138;541;7;22;14;8;9;1;62;2;0;3;589;510;87;0.0;0
214138;543;3;13;5;8;4;0;38;4;0;7;356;284;80;0.0;0
214141;720;6;12;6;6;2;1;48;5;0;1;358;267;75;0.0;0
214141;798;1;14;7;7;6;0;52;4;0;3;367;290;79;0.0;0
214140;533;7;11;5;6;8;4;56;2;0;1;462;384;83;0.0;0
214140;531;1;12;5;7;10;1;44;0;0;7;350;261;75;0.0;0
214137;727;6;18;12;6;5;2;58;4;0;1;409;302;74;0.0;0
214137;542;3;11;6;5;1;3;42;2;0;2;298;184;62;0.0;0
214135;537;5;12;10;2;4;0;54;5;0;2;409;305;75;0.0;0
214135;545;4;7;4;3;2;0;46;2;0;4;354;242;68;0.0;0
214132;538;2;6;0;6;4;2;62;3;0;3;449;330;73;0.0;0
214132;546;4;9;7;2;4;3;38;3;0;2;282;153;54;0.0;0
214134;715;3;5;2;3;4;4;38;0;0;3;283;179;63;0.0;0
214134;548;5;9;6;3;5;1;62;2;0;2;475;378;80;0.0;0
214150;548;5;10;7;3;5;1;66;2;0;1;507;405;80;0.0;0
214150;537;2;6;4;2;1;6;34;6;1;4;260;158;61;0.0;0
214142;542;5;14;13;1;6;3;45;3;0;1;342;239;70;0.0;0
214142;720;1;7;2;5;7;1;55;3;0;2;417;304;73;0.0;0
214151;532;4;12;6;6;7;3;48;0;0;1;379;306;81;0.0;0
214151;715;1;13;4;9;4;0;52;5;0;2;404;314;78;0.0;0
214147;545;1;15;10;5;6;1;41;0;0;1;399;311;78;0.0;0
214147;541;5;10;8;2;6;2;59;0;0;1;576;497;86;0.0;0
214145;529;7;10;5;5;2;1;60;4;0;4;681;610;90;0.0;0
214145;538;5;6;2;4;2;3;40;1;0;3;426;351;82;0.0;0
214149;798;3;5;3;2;2;1;34;2;0;5;284;224;79;0.0;0
214149;533;6;22;12;10;5;0;66;3;0;0;571;497;87;0.0;0
214143;531;10;23;17;6;10;3;56;3;0;1;437;358;82;0.0;0
214143;539;2;8;4;4;2;0;44;2;0;8;341;251;74;0.0;0
214144;530;5;18;11;7;9;2;49;2;0;0;413;310;75;0.0;0
214144;540;1;10;3;7;2;1;51;2;0;2;417;300;72;0.0;0
214148;546;5;14;9;5;9;5;52;2;0;1;339;212;63;0.0;0
214148;727;1;4;1;3;5;4;48;4;0;5;310;174;56;0.0;0
214146;543;5;18;13;5;4;3;54;2;0;4;444;358;81;0.0;0
214146;536;6;10;8;2;4;2;46;3;0;4;372;288;77;0.0;0
214157;539;6;13;9;4;3;0;50;2;1;6;421;341;81;0.0;0
214157;798;7;14;11;3;6;1;50;1;0;4;414;348;84;0.0;0
214156;537;4;9;5;4;0;1;23;1;0;4;220;135;61;0.0;0
214156;529;6;11;7;4;6;1;77;2;0;3;722;621;86;0.0;0
214152;543;8;25;17;8;5;2;61;2;0;2;509;445;87;0.0;0
214152;532;3;9;6;3;4;3;39;2;0;6;317;249;79;0.0;0
214155;715;3;9;4;5;2;1;40;4;0;5;334;245;73;0.0;0
214155;530;6;17;13;4;8;6;60;3;0;2;482;386;80;0.0;0
214159;541;10;18;12;6;4;3;53;1;0;5;537;468;87;0.0;0
214159;548;6;11;6;5;3;2;47;1;0;7;478;408;85;0.0;0
214154;540;2;6;5;1;3;5;53;3;0;1;385;243;63;0.0;0
214154;546;2;11;5;6;3;2;47;4;0;1;331;184;56;0.0;0
214158;727;7;12;8;4;6;6;58;4;0;2;416;315;76;0.0;0
214158;531;4;6;4;2;2;3;42;3;0;6;301;209;69;0.0;0
214153;545;7;19;11;8;10;1;58;1;0;4;384;257;67;0.0;0
214153;542;5;7;7;0;4;1;42;2;0;7;290;166;57;0.0;0
214160;533;1;15;9;6;8;2;59;3;0;4;554;480;87;0.0;0
214160;538;7;11;8;3;2;1;41;2;0;0;384;299;78;0.0;0
214161;720;1;7;4;3;8;1;46;3;0;1;395;307;78;0.0;0
214161;536;2;4;4;0;4;1;54;4;1;1;480;397;83;0.0;0
214165;538;5;13;10;3;11;1;58;1;0;2;515;440;85;0.0;0
214165;720;2;9;2;7;3;1;42;3;0;5;377;286;76;0.0;0
214162;542;2;8;6;2;9;2;35;4;0;4;340;261;77;0.0;0
214162;541;6;12;7;5;4;5;65;3;0;1;630;548;87;0.0;0
214169;548;4;15;9;6;6;3;62;1;0;3;506;410;81;0.0;0
214169;545;4;10;7;3;4;3;38;4;0;0;297;202;68;0.0;0
214168;798;7;16;8;8;6;4;45;3;1;1;381;304;80;0.0;0
214168;543;3;16;12;4;5;2;55;4;0;6;476;393;83;0.0;0
214171;532;7;14;9;5;6;2;41;1;0;6;392;313;80;0.0;0
214171;533;7;24;16;8;4;0;59;2;0;5;547;475;87;0.0;0
214170;536;8;16;13;3;7;1;62;3;0;4;622;515;83;0.0;0
214170;537;4;8;6;2;4;3;38;4;0;6;373;271;73;0.0;0
214163;531;6;14;11;3;4;2;57;5;0;1;425;342;80;0.0;0
214163;715;1;9;3;6;3;1;43;4;0;4;317;224;71;0.0;0
214166;540;5;12;8;4;2;7;52;1;0;4;416;310;75;0.0;0
214166;727;8;14;8;6;3;2;48;4;1;3;369;260;70;0.0;0
214167;546;9;13;7;6;6;3;38;2;0;2;250;155;62;0.0;0
214167;539;2;7;5;2;7;9;62;3;0;5;417;320;77;0.0;0
214164;530;2;17;12;5;9;2;34;4;0;4;327;256;78;0.0;0
214164;529;5;13;4;9;5;1;66;4;0;2;684;603;88;0.0;0
214180;533;3;23;16;7;11;0;53;2;0;3;510;412;81;0.0;0
214180;530;3;18;12;6;6;3;47;1;0;3;462;361;78;0.0;0
214179;541;8;18;12;6;5;0;60;4;1;2;528;436;83;0.0;0
214179;540;2;6;4;2;3;1;40;3;0;6;344;251;73;0.0;0
214175;715;3;13;9;4;6;2;51;1;0;1;317;222;70;0.0;0
214175;542;1;5;2;3;2;0;49;4;2;0;307;217;71;0.0;0
214177;539;6;17;9;8;5;0;49;5;1;3;432;379;88;0.0;0
214177;532;6;10;8;2;1;3;51;2;0;4;453;386;85;0.0;0
214172;529;17;25;21;4;8;2;65;3;0;1;716;651;91;0.0;0
214172;798;3;9;6;3;4;0;35;0;0;14;364;289;79;0.0;0
214174;545;3;6;3;3;3;2;53;5;1;2;297;170;57;0.0;0
214174;546;3;6;5;1;8;6;47;1;0;3;256;136;53;0.0;0
214173;543;6;10;8;2;3;1;49;2;0;0;403;317;79;0.0;0
214173;531;2;8;3;5;3;0;51;4;0;3;399;307;77;0.0;0
214181;720;2;4;2;2;1;5;33;0;0;2;287;187;65;0.0;0
214181;548;2;16;10;6;4;2;67;4;0;2;569;466;82;0.0;0
214176;537;8;15;6;9;3;0;33;3;0;2;273;190;70;0.0;0
214176;538;4;9;5;4;5;1;67;5;1;6;552;451;82;0.0;0
214178;727;1;10;5;5;2;3;39;4;1;4;318;215;68;0.0;0
214178;536;4;13;9;4;6;7;61;4;0;0;503;393;78;0.0;0
214182;542;3;10;9;1;2;2;68;2;0;0;567;429;76;0.0;0
214182;537;1;3;3;0;0;2;32;3;0;2;262;144;55;0.0;0
214188;715;4;18;9;9;8;1;47;4;0;4;316;227;72;0.0;0
214188;539;6;13;4;9;6;1;53;3;0;3;348;256;74;0.0;0
214189;548;5;19;11;8;8;1;53;0;0;2;570;503;88;0.0;0
214189;529;5;9;7;2;5;1;47;1;0;3;500;429;86;0.0;0
214183;531;3;8;4;4;6;9;55;3;0;2;373;271;73;0.0;0
214183;545;2;8;5;3;7;3;45;3;0;3;295;182;62;0.0;0
214184;530;9;19;15;4;6;6;47;1;0;3;397;290;73;0.0;0
214184;727;3;15;8;7;5;0;53;1;0;7;433;307;71;0.0;0
214187;546;3;7;6;1;4;2;45;3;0;3;335;223;67;0.0;0
214187;720;3;10;6;4;3;5;55;3;0;1;413;294;71;0.0;0
214185;538;7;18;13;5;3;2;66;3;0;0;514;429;83;0.0;0
214185;798;2;8;7;1;3;1;34;5;1;4;248;159;64;0.0;0
214186;540;4;16;11;5;7;4;37;4;0;3;255;166;65;0.0;0
214186;543;5;10;6;4;5;4;63;1;0;2;448;348;78;0.0;0
214190;536;5;24;19;5;14;3;72;2;0;1;652;578;89;0.0;0
214190;533;3;9;4;5;2;0;28;0;0;4;266;196;74;0.0;0
214191;532;6;9;9;0;1;2;36;1;0;5;389;317;81;0.0;0
214191;541;6;19;11;8;2;1;64;2;0;5;689;626;91;0.0;0
214113;529;2;9;7;2;2;1;52;3;0;3;586;512;87;0.0;0
214113;541;4;17;9;8;6;2;48;5;0;1;517;455;88;0.0;0
214194;545;7;21;13;8;5;2;50;3;0;1;337;227;67;0.0;0
214194;715;1;12;9;3;5;3;50;3;0;4;326;192;59;0.0;0
214197;798;1;8;2;6;3;5;39;5;0;4;306;235;77;0.0;0
214197;536;6;13;9;4;6;2;61;3;0;1;489;399;82;0.0;0
214192;529;4;8;5;3;3;8;69;2;0;2;770;690;90;0.0;0
214192;542;3;5;4;1;4;0;31;4;0;0;331;254;77;0.0;0
214200;533;4;11;8;3;2;9;64;2;0;0;488;383;78;0.0;0
214200;546;0;7;5;2;5;4;36;5;1;3;259;147;57;0.0;0
214201;720;6;14;7;7;5;4;47;0;0;1;426;347;81;0.0;0
214201;532;2;5;2;3;4;0;53;3;0;5;469;389;83;0.0;0
214195;537;5;11;4;7;1;2;40;1;0;3;266;144;54;0.0;0
214195;540;3;9;6;3;5;1;60;6;0;3;383;260;68;0.0;0
214198;727;7;19;17;2;8;3;46;6;1;3;329;229;70;0.0;0
214198;548;7;13;9;4;3;2;54;2;0;4;399;300;75;0.0;0
214193;543;2;15;9;6;5;2;67;4;0;4;594;519;87;0.0;0
214193;530;5;8;7;1;3;2;33;3;0;1;285;218;76;0.0;0
214196;539;7;13;9;4;8;1;48;3;0;4;371;297;80;0.0;0
214196;538;5;12;7;5;7;1;52;6;0;4;404;325;80;0.0;0
214199;541;8;20;14;6;6;2;69;1;0;2;718;644;90;0.0;0
214199;531;2;8;5;3;4;4;31;0;0;8;327;236;72;0.0;0
214211;720;5;14;9;5;4;3;63;3;0;2;531;430;81;0.0;0
214211;537;5;12;11;1;3;1;37;2;0;3;296;199;67;0.0;0
214209;536;2;9;6;3;9;3;65;2;0;0;587;480;82;0.0;0
214209;531;1;6;2;4;1;2;35;4;0;1;330;220;67;0.0;0
214210;532;1;9;8;1;6;4;51;1;0;3;439;345;79;0.0;0
214210;545;3;10;4;6;5;3;49;3;1;1;401;312;78;0.0;0
214206;546;4;15;10;5;7;5;44;3;0;5;324;208;64;0.0;0
214206;541;7;9;7;2;4;4;56;2;0;4;439;322;73;0.0;0
214203;530;8;17;12;5;5;2;39;1;0;2;330;254;77;0.0;0
214203;539;3;6;4;2;5;2;61;3;0;6;497;403;81;0.0;0
214205;540;3;7;4;3;4;1;31;2;0;5;313;233;74;0.0;0
214205;529;7;14;12;2;5;1;69;2;1;1;719;642;89;0.0;0
214207;715;4;7;5;2;3;2;41;5;0;5;289;217;75;0.0;0
214207;798;5;17;13;4;4;0;59;1;0;3;411;345;84;0.0;0
214208;548;2;10;6;4;7;2;63;5;0;0;552;474;86;0.0;0
214208;533;2;14;7;7;2;1;37;4;0;1;328;257;78;0.0;0
214202;542;1;6;2;4;3;4;32;7;0;2;245;154;63;0.0;0
214202;543;3;10;8;2;6;4;68;3;1;0;534;447;84;0.0;0
214204;538;7;20;9;11;6;5;60;3;0;0;495;393;79;0.0;0
214204;727;1;8;4;4;1;4;40;3;0;6;311;202;65;0.0;0
214216;537;2;8;6;2;4;0;61;6;0;0;389;272;70;0.0;0
214216;546;4;8;6;2;4;7;39;3;0;2;243;122;50;0.0;0
214217;539;3;20;10;10;7;3;53;2;0;5;393;296;75;0.0;0
214217;542;6;14;12;2;6;0;47;4;0;3;339;247;73;0.0;0
214220;541;4;13;6;7;2;1;52;3;0;2;547;465;85;0.0;0
214220;536;3;8;6;2;4;4;48;1;0;2;508;424;83;0.0;0
214219;727;5;21;13;8;9;2;55;2;0;3;406;286;70;0.0;0
214219;720;3;5;3;2;1;5;45;2;0;5;340;215;63;0.0;0
214215;545;4;9;5;4;6;0;38;1;0;4;315;192;61;0.0;0
214215;530;4;12;7;5;7;4;62;2;0;2;504;380;75;0.0;0
214218;798;6;14;11;3;1;4;42;4;0;0;386;312;81;0.0;0
214218;532;1;8;4;4;6;2;58;4;1;2;526;454;86;0.0;0
214214;543;6;14;12;2;6;5;47;3;0;0;417;328;79;0.0;0
214214;548;0;7;3;4;2;4;53;1;0;3;450;375;83;0.0;0
214221;533;5;21;13;8;4;1;67;1;0;3;546;471;86;0.0;0
214221;540;5;16;9;7;4;1;33;4;1;4;265;174;66;0.0;0
214212;531;6;22;15;7;13;2;61;4;0;2;521;444;85;0.0;0
214212;538;3;7;4;3;0;3;39;3;0;4;348;258;74;0.0;0
214213;529;6;18;9;9;7;1;82;0;0;1;1002;919;92;0.0;0
214213;715;1;5;1;4;0;3;18;4;1;5;207;132;64;0.0;0
214227;727;3;15;12;3;5;2;55;3;0;2;389;292;75;0.0;0
214227;539;2;6;2;4;5;2;45;3;0;2;320;207;65;0.0;0
214225;540;3;9;4;5;2;1;50;3;0;3;414;274;66;0.0;0
214225;531;3;11;7;4;3;2;50;1;0;2;400;272;68;0.0;0
214230;532;6;8;7;1;2;3;26;1;0;5;298;227;76;0.0;0
214230;529;5;14;7;7;0;1;74;3;0;5;866;800;92;0.0;0
214222;542;5;11;7;4;7;4;53;2;0;4;451;351;78;0.0;0
214222;533;6;11;7;4;4;3;47;1;0;4;387;295;76;0.0;0
214229;536;4;12;8;4;3;3;58;4;0;1;488;400;82;0.0;0
214229;715;1;8;6;2;6;1;42;1;0;2;338;254;75;0.0;0
214223;530;3;14;7;7;7;1;55;1;0;4;484;371;77;0.0;0
214223;537;4;10;3;7;6;1;45;6;1;3;374;265;71;0.0;0
214224;538;5;18;8;10;6;3;65;0;0;3;608;463;76;0.0;0
214224;545;3;5;2;3;3;1;35;0;0;4;316;187;59;0.0;0
214226;546;3;7;3;4;8;8;37;2;0;1;221;134;61;0.0;0
214226;543;1;8;7;1;4;3;63;5;1;2;412;316;77;0.0;0
214228;548;6;14;10;4;7;0;69;0;0;4;643;553;86;0.0;0
214228;798;4;8;4;4;3;1;31;2;0;3;281;197;70;0.0;0
214231;720;0;4;2;2;3;3;37;1;0;2;369;262;71;0.0;0
214231;541;3;12;6;6;5;1;63;3;0;0;618;529;86;0.0;0
214235;715;2;8;5;3;3;2;45;3;0;3;302;213;71;0.0;0
214235;540;4;22;13;9;9;0;55;3;0;0;348;268;77;0.0;0
214238;541;5;16;7;9;5;0;65;2;0;1;649;571;88;0.0;0
214238;530;1;4;3;1;6;1;35;2;0;4;347;256;74;0.0;0
214237;798;4;16;5;11;8;2;53;4;0;6;422;331;78;0.0;0
214237;720;7;15;7;8;5;2;47;1;0;4;376;282;75;0.0;0
214240;532;5;9;7;2;4;1;50;6;0;3;450;373;83;0.0;0
214240;538;4;11;7;4;7;1;50;3;0;4;453;369;81;0.0;0
214236;537;5;12;9;3;3;2;43;4;0;0;310;214;69;0.0;0
214236;548;1;2;1;1;1;3;57;3;0;3;427;314;74;0.0;0
214234;545;3;8;5;3;2;8;35;2;0;5;287;192;67;0.0;0
214234;543;6;14;8;6;7;4;65;2;0;2;530;446;84;0.0;0
214232;531;2;8;7;1;5;8;70;2;0;1;569;458;80;0.0;0
214232;546;3;9;6;3;4;0;30;5;0;2;232;124;53;0.0;0
214241;533;4;9;6;3;4;3;55;3;0;4;481;370;77;0.0;0
214241;727;5;17;9;8;6;1;45;2;0;1;384;288;75;0.0;0
214239;536;3;14;10;4;6;2;74;2;0;2;688;607;88;0.0;0
214239;542;3;4;2;2;1;2;26;1;0;2;247;141;57;0.0;0
214233;529;9;23;15;8;8;1;67;2;0;4;755;690;91;0.0;0
214233;539;5;10;7;3;3;3;33;0;0;6;355;294;83;0.0;0
214242;542;5;9;7;2;3;2;38;3;0;0;292;188;64;0.0;0
214242;545;1;5;1;4;5;4;62;2;0;3;451;340;75;0.0;0
214248;539;5;9;6;3;2;3;48;2;0;4;379;291;77;0.0;0
214248;537;4;12;7;5;2;2;52;3;0;3;382;297;78;0.0;0
214247;546;10;22;13;9;10;1;53;4;0;0;405;283;70;0.0;0
214247;532;0;5;3;2;0;4;47;4;1;7;378;251;66;0.0;0
214251;720;1;8;4;4;2;2;34;3;0;2;312;214;69;0.0;0
214251;533;3;8;4;4;4;3;66;3;0;0;605;517;85;0.0;0
214243;530;3;6;3;3;2;6;50;4;0;1;393;288;73;0.0;0
214243;715;2;10;4;6;3;0;50;6;0;2;376;260;69;0.0;0
214246;540;7;12;8;4;1;1;38;6;0;3;324;235;73;0.0;0
214246;798;3;7;4;3;7;1;62;2;0;6;511;405;79;0.0;0
214250;548;4;14;10;4;4;1;63;2;0;2;508;402;79;0.0;0
214250;531;3;6;3;3;3;3;37;2;1;2;285;179;63;0.0;0
214249;727;4;14;8;6;4;0;45;2;0;2;420;321;76;0.0;0
214249;541;7;17;13;4;3;3;55;2;0;3;509;410;81;0.0;0
214245;538;7;13;8;5;3;0;45;3;0;3;436;344;79;0.0;0
214245;536;4;11;6;5;4;4;55;2;0;5;518;419;81;0.0;0
214244;543;3;7;3;4;0;3;29;5;1;3;301;250;83;0.0;0
214244;529;6;10;9;1;8;4;71;5;1;1;711;641;90;0.0;0
214260;532;3;9;5;4;11;1;63;3;0;1;560;458;82;0.0;0
214260;530;3;8;2;6;4;2;37;2;0;1;333;247;74;0.0;0
214257;798;6;14;10;4;8;0;46;0;0;0;323;216;67;0.0;0
214257;542;0;10;7;3;5;2;54;2;0;5;381;268;70;0.0;0
214253;529;5;12;7;5;2;2;75;3;0;1;701;607;87;0.0;0
214253;546;2;7;6;1;3;4;25;2;0;3;213;120;56;0.0;0
214261;533;6;14;11;3;5;3;51;3;0;1;387;309;80;0.0;0
214261;539;2;11;6;5;10;1;49;1;0;4;359;279;78;0.0;0
214255;715;5;11;10;1;10;2;53;2;0;3;390;292;75;0.0;0
214255;720;4;6;3;3;5;1;47;2;0;2;348;246;71;0.0;0
214259;536;6;18;10;8;9;4;67;2;0;1;489;407;83;0.0;0
214259;540;3;5;2;3;2;1;33;4;1;4;234;139;59;0.0;0
214256;537;1;11;6;5;4;2;34;5;0;2;292;178;61;0.0;0
214256;543;2;3;3;0;2;3;66;3;1;1;587;484;82;0.0;0
214252;531;2;12;8;4;4;4;65;4;0;1;514;416;81;0.0;0
214252;727;2;6;3;3;0;2;35;4;0;2;280;169;60;0.0;0
214258;541;4;15;9;6;9;3;65;2;0;1;648;569;88;0.0;0
214258;538;3;5;4;1;3;1;35;2;0;2;344;262;76;0.0;0
214265;543;6;19;12;7;7;1;69;2;0;1;620;555;90;0.0;0
214265;798;4;11;6;5;1;1;31;1;0;3;273;200;73;0.0;0
214266;538;1;3;2;1;2;3;42;2;1;2;332;237;71;0.0;0
214266;537;2;11;5;6;9;2;58;3;0;0;414;324;78;0.0;0
214264;529;11;13;12;1;5;8;69;0;0;5;709;606;85;0.0;0
214264;545;5;12;6;6;5;4;31;2;0;6;310;218;70;0.0;0
214270;548;7;19;12;7;6;1;46;1;0;1;424;352;83;0.0;0
214270;532;1;6;5;1;7;6;54;1;0;4;486;398;82;0.0;0
214268;539;2;8;4;4;3;0;37;1;0;8;354;272;77;0.0;0
214268;541;7;19;13;6;7;5;63;2;0;1;589;520;88;0.0;0
214269;727;1;14;9;5;6;4;61;3;0;1;445;313;70;0.0;0
214269;715;4;10;7;3;3;8;39;1;0;1;282;145;51;0.0;0
214262;542;4;4;4;0;1;2;44;4;0;3;314;225;72;0.0;0
214262;531;4;13;7;6;9;2;56;4;0;2;385;296;77;0.0;0
214271;720;6;21;8;13;4;1;64;1;0;1;427;358;84;0.0;0
214271;540;2;6;4;2;2;0;36;5;1;4;243;144;59;0.0;0
214267;546;2;10;4;6;5;4;49;7;0;2;323;202;63;0.0;0
214267;536;5;8;7;1;3;1;51;4;0;2;347;219;63;0.0;0
214263;530;9;17;8;9;6;2;40;1;0;3;434;355;82;0.0;0
214263;533;4;10;4;6;1;0;60;2;0;6;650;569;88;0.0;0
214279;548;4;13;9;4;8;0;55;1;0;1;444;350;79;0.0;0
214279;720;1;6;4;2;4;4;45;1;0;3;351;255;73;0.0;0
214273;545;10;15;13;2;3;3;44;3;0;3;300;212;71;0.0;0
214273;539;3;11;9;2;6;2;56;2;0;7;384;284;74;0.0;0
214281;532;5;10;6;4;6;6;34;2;0;3;303;226;75;0.0;0
214281;543;5;14;9;5;7;0;66;3;0;3;581;516;89;0.0;0
214276;537;6;19;10;9;6;2;55;3;0;3;340;228;67;0.0;0
214276;542;4;8;5;3;4;0;45;3;0;5;284;144;51;0.0;0
214275;715;0;14;7;7;6;3;40;3;0;2;312;209;67;0.0;0
214275;538;2;6;3;3;1;4;60;5;0;0;479;382;80;0.0;0
214280;536;5;12;9;3;7;1;64;2;0;2;463;371;80;0.0;0
214280;727;4;14;9;5;1;1;36;2;1;2;262;159;61;0.0;0
214272;531;6;18;13;5;5;6;43;6;0;3;320;230;72;0.0;0
214272;533;3;10;6;4;6;0;57;6;0;5;428;336;79;0.0;0
214274;540;3;9;6;3;3;1;37;3;0;1;292;165;57;0.0;0
214274;530;2;5;3;2;4;1;63;4;0;3;486;365;75;0.0;0
214277;798;1;4;1;3;4;8;54;4;1;4;405;268;66;0.0;0
214277;546;5;9;8;1;3;0;46;5;0;1;328;197;60;0.0;0
214278;541;5;13;8;5;8;3;44;2;0;4;493;435;88;0.0;0
214278;529;4;9;8;1;2;0;56;2;0;2;648;580;90;0.0;0
214282;542;2;13;10;3;3;1;43;5;0;1;425;334;79;0.0;0
214282;532;2;6;3;3;3;3;57;3;0;1;568;467;82;0.0;0
214286;545;2;13;6;7;4;2;66;6;0;2;491;385;78;0.0;0
214286;798;4;10;5;5;3;1;34;3;0;1;267;167;63;0.0;0
214283;530;3;21;12;9;8;2;44;2;0;2;366;278;76;0.0;0
214283;536;4;12;9;3;4;0;56;4;0;1;465;371;80;0.0;0
214284;529;6;13;10;3;4;3;54;4;0;1;526;438;83;0.0;0
214284;548;1;9;8;1;4;2;46;3;0;5;439;359;82;0.0;0
214287;546;6;19;10;9;9;2;55;6;1;2;417;301;72;0.0;0
214287;538;2;3;3;0;1;2;45;5;0;6;363;249;69;0.0;0
214289;727;6;17;11;6;7;5;51;3;0;2;350;217;62;0.0;0
214289;540;2;8;4;4;3;3;49;3;1;5;326;190;58;0.0;0
214291;720;2;19;13;6;8;2;57;1;0;1;419;331;79;0.0;0
214291;531;5;10;7;3;1;1;43;2;0;1;329;238;72;0.0;0
214288;539;3;11;7;4;6;3;54;3;0;6;381;286;75;0.0;0
214288;715;7;10;6;4;4;2;46;3;0;2;327;221;68;0.0;0
214290;533;5;15;10;5;2;2;64;4;0;5;572;498;87;0.0;0
214290;537;7;12;6;6;5;2;36;3;0;4;305;241;79;0.0;0
214285;543;3;14;8;6;6;1;42;1;0;3;413;314;76;0.0;0
214285;541;4;14;11;3;2;6;58;1;0;1;537;448;83;0.0;0
214254;545;4;14;7;7;3;4;56;3;0;0;507;352;69;0.0;0
214254;548;2;6;6;0;1;1;44;2;0;3;387;244;63;0.0;0
214300;536;5;13;12;1;11;2;45;0;0;1;401;318;79;0.0;0
214300;543;1;12;5;7;2;1;55;2;0;3;489;415;85;0.0;0
214295;715;4;10;7;3;2;0;52;6;0;1;310;206;66;0.0;0
214295;546;2;6;3;3;3;5;48;4;0;2;273;152;56;0.0;0
214301;532;3;12;8;4;0;4;50;1;0;3;430;360;84;0.0;0
214301;539;4;14;5;9;6;2;50;4;1;2;435;368;85;0.0;0
214294;540;9;19;12;7;2;2;69;4;0;0;543;446;82;0.0;0
214294;542;0;1;1;0;1;0;31;3;1;7;240;155;65;0.0;0
214293;538;0;4;3;1;2;1;40;1;0;4;385;295;77;0.0;0
214293;533;5;15;13;2;8;1;60;1;0;0;564;479;85;0.0;0
214296;537;2;11;5;6;2;1;68;0;0;0;527;414;79;0.0;0
214296;720;2;6;3;3;1;2;32;4;0;2;252;129;51;0.0;0
214297;798;3;13;7;6;9;2;34;1;0;3;369;307;83;0.0;0
214297;529;7;12;12;0;3;2;66;2;0;3;725;643;89;0.0;0
214292;531;3;10;6;4;5;3;54;3;0;1;492;393;80;0.0;0
214292;530;2;9;5;4;7;2;46;0;0;2;416;314;75;0.0;0
214298;541;5;6;6;0;3;2;56;1;0;4;582;489;84;0.0;0
214298;545;5;9;4;5;3;2;44;1;0;2;430;344;80;0.0;0
214299;548;4;9;8;1;1;3;65;1;0;1;644;536;83;0.0;0
214299;727;1;8;6;2;6;4;35;3;0;3;323;237;73;0.0;0
214307;539;4;11;7;4;4;3;42;1;0;3;394;322;82;0.0;0
214307;536;4;10;3;7;6;1;58;1;0;3;546;483;88;0.0;0
214304;543;6;18;6;12;11;3;79;2;0;3;638;562;88;0.0;0
214304;715;5;8;5;3;2;1;21;4;0;4;160;93;58;0.0;0
214310;533;4;10;6;4;2;2;51;3;0;4;503;411;82;0.0;0
214310;798;5;15;9;6;6;1;49;4;0;3;447;362;81;0.0;0
214306;546;4;21;15;6;5;2;69;3;0;3;497;378;76;0.0;0
214306;540;3;5;4;1;5;1;31;2;1;4;221;113;51;0.0;0
214303;529;5;10;7;3;3;1;75;5;0;1;865;794;92;0.0;0
214303;537;2;6;4;2;2;2;25;3;0;3;275;207;75;0.0;0
214305;545;6;12;7;5;8;0;47;3;0;1;320;184;58;0.0;0
214305;531;3;6;5;1;3;2;53;2;0;4;381;238;62;0.0;0
214311;720;1;6;4;2;5;3;40;3;0;4;318;234;74;0.0;0
214311;538;4;11;5;6;8;1;60;3;0;1;483;394;82;0.0;0
214308;727;3;13;8;5;3;2;47;3;0;1;392;262;67;0.0;0
214308;530;6;10;8;2;2;8;53;3;0;3;432;309;72;0.0;0
214302;542;7;15;12;3;5;2;35;3;1;1;231;150;65;0.0;0
214302;548;1;7;3;4;6;3;65;4;1;5;429;342;80;0.0;0
214309;541;14;19;10;9;8;1;63;0;0;2;705;646;92;0.0;0
214309;532;2;4;3;1;2;3;37;2;1;11;400;329;82;0.0;0
214317;715;4;14;7;7;5;0;50;0;0;0;439;336;77;0.0;0
214317;533;1;5;3;2;0;1;50;3;0;4;451;355;79;0.0;0
214318;798;3;7;3;4;3;1;38;3;0;3;286;186;65;0.0;0
214318;537;4;16;9;7;7;2;62;6;0;2;437;342;78;0.0;0
214320;536;4;8;5;3;2;2;35;3;0;3;387;307;79;0.0;0
214320;529;4;10;4;6;9;1;65;2;0;4;722;635;88;0.0;0
214315;540;3;10;6;4;8;2;46;2;0;6;348;269;77;0.0;0
214315;539;8;14;8;6;5;1;54;0;0;2;417;332;80;0.0;0
214312;531;3;12;8;4;11;1;43;4;0;5;340;260;76;0.0;0
214312;543;5;9;7;2;5;3;57;0;0;2;457;376;82;0.0;0
214316;546;2;9;7;2;2;2;54;3;0;1;320;165;52;0.0;0
214316;545;2;8;4;4;1;5;46;0;0;1;270;134;50;0.0;0
214313;530;4;15;6;9;10;4;61;4;0;2;534;452;85;0.0;0
214313;720;2;6;3;3;1;0;39;2;0;3;334;251;75;0.0;0
214314;538;10;15;12;3;7;1;73;1;0;2;592;534;90;0.0;0
214314;542;2;4;3;1;4;1;27;1;1;4;209;155;74;0.0;0
214321;532;3;7;6;1;1;6;55;1;0;3;510;426;84;0.0;0
214321;727;3;13;11;2;7;3;45;2;0;1;383;305;80;0.0;0
214319;548;2;10;5;5;4;2;51;4;0;4;562;476;85;0.0;0
214319;541;6;10;6;4;1;3;49;2;0;1;530;447;84;0.0;0
214330;533;5;7;5;2;3;2;41;3;0;5;402;318;79;0.0;0
214330;536;7;14;10;4;8;3;59;3;0;3;567;472;83;0.0;0
214326;537;3;10;7;3;4;3;59;4;0;1;429;332;77;0.0;0
214326;715;1;4;1;3;2;2;41;4;0;3;300;203;68;0.0;0
214327;539;0;12;7;5;10;0;56;4;0;7;513;436;85;0.0;0
214327;530;7;12;6;6;4;4;44;2;0;0;408;325;80;0.0;0
214331;720;2;6;3;3;7;3;46;5;0;0;309;172;56;0.0;0
214331;546;1;15;9;6;8;2;54;2;0;1;350;221;63;0.0;0
214323;529;4;18;10;8;6;2;72;2;0;0;770;672;87;0.0;0
214323;531;0;6;4;2;2;0;28;1;0;3;280;189;68;0.0;0
214322;542;0;5;4;1;7;1;52;2;0;0;395;243;62;0.0;0
214322;727;1;7;5;2;3;2;48;3;0;0;357;208;58;0.0;0
214329;548;6;13;8;5;7;2;59;4;0;0;497;405;81;0.0;0
214329;538;1;4;2;2;3;2;41;2;0;6;348;258;74;0.0;0
214328;541;6;14;8;6;5;4;55;4;0;4;519;456;88;0.0;0
214328;798;4;11;5;6;4;1;45;1;0;4;410;352;86;0.0;0
214325;545;5;14;7;7;10;3;33;4;0;0;245;157;64;0.0;0
214325;532;0;7;6;1;8;2;67;2;1;5;498;383;77;0.0;0
214324;543;6;12;7;5;6;2;65;4;0;3;488;411;84;0.0;0
214324;540;3;9;4;5;5;1;35;4;0;5;249;169;68;0.0;0
214340;536;3;15;11;4;5;2;75;3;0;4;679;592;87;0.0;0
214340;720;5;11;4;7;1;1;25;2;0;2;222;143;64;0.0;0
214332;531;6;12;6;6;1;0;47;1;0;1;403;325;81;0.0;0
214332;798;2;14;6;8;8;2;53;2;0;3;434;355;82;0.0;0
214334;538;6;10;8;2;3;2;32;3;0;0;311;239;77;0.0;0
214334;529;2;18;8;10;8;0;68;4;0;4;648;573;88;0.0;0
214339;727;5;6;5;1;2;0;51;1;0;6;429;303;71;0.0;0
214339;537;7;21;11;10;4;2;49;1;0;3;385;280;73;0.0;0
214333;530;4;14;9;5;3;1;70;3;0;1;633;555;88;0.0;0
214333;542;2;6;3;3;1;0;30;2;0;2;265;173;65;0.0;0
214338;539;4;9;6;3;2;5;36;0;0;6;305;235;77;0.0;0
214338;543;8;16;11;5;5;3;64;4;0;0;534;469;88;0.0;0
214341;533;4;17;12;5;1;1;57;0;0;0;658;591;90;0.0;0
214341;532;0;4;1;3;4;6;43;2;0;2;484;414;86;0.0;0
214337;715;5;14;6;8;8;1;58;1;0;4;398;270;68;0.0;0
214337;545;6;13;9;4;5;0;42;0;0;4;281;175;62;0.0;0
214335;540;5;8;4;4;0;0;31;1;0;5;326;250;77;0.0;0
214335;541;6;14;10;4;5;3;69;1;0;5;711;624;88;0.0;0
214336;546;4;11;6;5;5;1;40;6;0;0;284;154;54;0.0;0
214336;548;1;5;4;1;4;2;60;3;0;2;412;285;69;0.0;0
214347;798;7;9;5;4;2;0;39;3;0;7;377;307;81;0.0;0
214347;538;8;12;6;6;11;0;61;2;0;2;563;483;86;0.0;0
214346;537;3;9;5;4;4;3;41;4;0;3;380;305;80;0.0;0
214346;536;6;11;6;5;2;3;59;3;0;3;545;475;87;0.0;0
214343;529;5;12;5;7;3;0;72;3;0;1;770;707;92;0.0;0
214343;530;3;10;5;5;1;2;28;5;0;4;280;214;76;0.0;0
214350;532;1;10;10;0;3;6;51;1;0;2;464;384;83;0.0;0
214350;531;4;12;3;9;5;1;49;0;0;1;436;346;79;0.0;0
214342;542;4;11;6;5;6;0;55;3;0;2;384;283;74;0.0;0
214342;715;4;7;5;2;2;2;45;2;0;4;317;199;63;0.0;0
214344;543;1;10;6;4;1;3;46;4;1;3;474;395;83;0.0;0
214344;533;6;14;8;6;5;4;54;1;0;1;555;494;89;0.0;0
214351;720;4;14;6;8;8;3;46;2;0;3;384;315;82;0.0;0
214351;539;3;8;5;3;3;0;54;1;0;4;455;383;84;0.0;0
214345;545;4;11;7;4;8;2;54;1;0;4;430;288;67;0.0;0
214345;727;6;9;6;3;4;2;46;1;0;4;368;209;57;0.0;0
214349;548;4;12;9;3;4;4;62;2;0;2;570;473;83;0.0;0
214349;540;3;4;1;3;3;2;38;1;0;2;340;251;74;0.0;0
214348;541;4;8;6;2;6;4;67;5;0;3;580;491;85;0.0;0
214348;546;3;10;5;5;5;0;33;5;0;3;263;160;61;0.0;0
214353;530;3;15;11;4;4;2;48;2;0;1;482;409;85;0.0;0
214353;798;1;13;7;6;5;1;52;1;0;0;501;410;82;0.0;0
214354;538;1;5;3;2;2;4;44;5;0;2;313;224;72;0.0;0
214354;543;3;10;4;6;8;1;56;4;0;0;372;301;81;0.0;0
214361;720;3;5;3;2;1;2;53;3;0;0;423;311;74;0.0;0
214361;542;0;7;5;2;3;2;47;2;0;2;367;255;69;0.0;0
214356;715;4;17;15;2;7;3;54;2;0;1;382;288;75;0.0;0
214356;532;3;4;3;1;3;1;46;2;0;2;334;235;70;0.0;0
214352;531;1;6;4;2;3;3;43;4;0;3;415;338;81;0.0;0
214352;541;4;10;7;3;2;1;57;3;0;1;550;468;85;0.0;0
214355;540;2;7;4;3;0;4;63;4;1;1;570;464;81;0.0;0
214355;537;2;4;2;2;3;2;37;3;0;2;330;216;65;0.0;0
214358;727;2;6;5;1;2;3;48;5;0;1;362;204;56;0.0;0
214358;546;1;6;4;2;2;2;52;4;0;2;376;220;59;0.0;0
214360;533;4;10;6;4;2;1;32;1;0;9;382;310;81;0.0;0
214360;529;12;18;13;5;6;3;68;0;0;3;823;763;93;0.0;0
214357;539;4;9;4;5;4;0;45;3;0;2;380;305;80;0.0;0
214357;548;3;8;4;4;2;3;55;2;0;3;444;362;82;0.0;0
214359;536;3;8;6;2;11;2;62;2;0;2;538;454;84;0.0;0
214359;545;2;19;10;9;8;0;38;1;0;2;315;214;68;0.0;0
214371;532;4;10;4;6;5;1;59;3;0;4;618;535;87;0.0;0
214371;720;5;11;5;6;2;3;41;0;0;2;424;345;81;0.0;0
214365;538;4;9;5;4;6;1;50;4;0;1;474;394;83;0.0;0
214365;530;2;10;7;3;2;3;50;3;0;3;472;383;81;0.0;0
214364;543;8;14;12;2;5;3;56;1;0;3;482;362;75;0.0;0
214364;727;2;8;4;4;8;1;44;5;0;5;350;227;65;0.0;0
214367;546;2;5;3;2;1;4;40;4;0;0;294;190;65;0.0;0
214367;533;3;6;4;2;3;2;60;1;0;1;455;336;74;0.0;0
214363;529;2;9;7;2;6;3;74;0;1;2;810;731;90;0.0;0
214363;540;2;11;6;5;5;1;26;2;1;1;268;195;73;0.0;0
214366;545;1;4;4;0;8;1;58;3;0;1;385;239;62;0.0;0
214366;537;1;10;7;3;1;3;42;3;0;1;279;146;52;0.0;0
214368;798;5;15;10;5;1;0;45;3;0;1;349;273;78;0.0;0
214368;539;1;14;10;4;5;2;55;1;0;3;413;335;81;0.0;0
214362;531;4;13;6;7;4;1;33;3;0;5;264;181;69;0.0;0
214362;536;7;20;13;7;7;0;67;2;0;3;550;460;84;0.0;0
214370;548;5;19;10;9;8;3;68;2;0;0;541;456;84;0.0;0
214370;715;3;4;4;0;3;1;32;3;0;3;252;143;57;0.0;0
214369;541;8;18;10;8;3;4;71;0;0;4;728;663;91;0.0;0
214369;542;4;10;8;2;2;0;29;1;0;7;296;219;74;0.0;0
214378;727;5;15;9;6;3;1;52;2;0;2;424;305;72;0.0;0
214378;538;3;12;7;5;4;1;48;2;0;3;393;280;71;0.0;0
214381;720;4;13;6;7;4;0;35;2;0;5;368;303;82;0.0;0
214381;529;6;9;6;3;5;0;65;2;0;4;732;643;88;0.0;0
214373;530;4;9;8;1;2;2;37;1;1;3;366;281;77;0.0;0
214373;543;3;21;12;9;4;1;63;3;0;3;601;515;86;0.0;0
214374;540;3;14;6;8;7;2;72;2;0;4;536;442;82;0.0;0
214374;545;6;12;7;5;2;1;28;2;0;3;209;122;58;0.0;0
214377;539;1;5;2;3;2;2;56;0;0;3;453;368;81;0.0;0
214377;531;5;12;7;5;6;1;44;1;0;0;355;265;75;0.0;0
214376;537;1;10;5;5;2;1;31;4;1;5;232;158;68;0.0;0
214376;532;5;16;9;7;8;2;69;1;0;0;483;416;86;0.0;0
214379;536;5;14;9;5;6;4;63;3;0;5;599;512;85;0.0;0
214379;798;5;14;4;10;5;0;37;2;0;3;338;262;78;0.0;0
214380;533;3;9;5;4;2;1;52;2;0;4;481;406;84;0.0;0
214380;548;6;11;8;3;10;1;48;2;0;2;425;347;82;0.0;0
214372;542;1;3;3;0;2;7;46;4;0;4;276;160;58;0.0;0
214372;546;4;14;6;8;4;3;54;2;0;1;315;183;58;0.0;0
214375;715;4;13;10;3;4;0;37;2;0;3;330;262;79;0.0;0
214375;541;5;11;6;5;3;2;63;2;0;2;560;498;89;0.0;0
214386;545;7;13;7;6;3;0;49;4;0;9;348;245;70;0.0;0
214386;720;9;18;12;6;12;4;51;0;0;4;343;232;68;0.0;0
214383;529;2;18;7;11;10;2;79;4;0;3;821;738;90;0.0;0
214383;727;5;9;3;6;2;1;21;1;1;1;207;128;62;0.0;0
214382;531;3;10;4;6;3;3;60;2;1;2;536;453;85;0.0;0
214382;537;4;16;6;10;3;1;40;3;0;3;351;269;77;0.0;0
214391;532;3;9;5;4;4;1;47;2;1;6;415;351;85;0.0;0
214391;540;6;18;6;12;4;0;53;4;0;2;437;375;86;0.0;0
214385;538;6;16;9;7;8;3;56;3;1;1;437;350;80;0.0;0
214385;539;4;8;3;5;4;1;44;0;1;4;335;248;74;0.0;0
214389;541;7;12;9;3;4;2;57;3;0;3;554;493;89;0.0;0
214389;533;4;8;5;3;2;1;43;2;0;5;421;359;85;0.0;0
214384;543;7;14;8;6;6;2;72;6;1;3;600;528;88;0.0;0
214384;542;5;9;9;0;5;3;28;4;1;6;219;152;69;0.0;0
214387;546;6;15;11;4;4;2;36;1;1;1;298;185;62;0.0;0
214387;530;3;11;6;5;3;4;64;2;0;5;547;421;77;0.0;0
214390;548;4;11;6;5;3;1;37;1;0;3;349;263;75;0.0;0
214390;536;3;8;6;2;2;3;63;2;0;4;604;504;83;0.0;0
214388;798;5;18;11;7;5;0;52;7;2;4;382;307;80;0.0;0
214388;715;6;14;8;6;6;3;48;5;0;4;352;263;75;0.0;0
214392;542;0;8;4;4;2;2;31;0;0;3;338;274;81;0.0;0
214392;529;8;16;11;5;1;2;69;0;0;0;745;680;91;0.0;0
214400;533;5;12;9;3;4;3;69;0;0;3;655;592;90;0.0;0
214400;545;3;11;7;4;4;1;31;0;0;1;279;202;72;0.0;0
214401;720;4;13;10;3;3;2;28;2;0;3;259;199;77;0.0;0
214401;543;4;10;6;4;5;1;72;2;0;2;642;587;91;0.0;0
214393;530;3;6;6;0;2;2;43;1;0;3;437;342;78;0.0;0
214393;548;4;10;5;5;3;0;57;2;0;2;569;478;84;0.0;0
214399;536;4;16;12;4;4;1;62;0;0;2;590;516;87;0.0;0
214399;532;2;8;3;5;7;3;38;1;0;3;351;277;79;0.0;0
214396;537;7;15;11;4;5;2;34;4;0;2;329;250;76;0.0;0
214396;541;4;7;6;1;2;0;66;1;0;5;650;575;88;0.0;0
214397;539;5;14;9;5;6;4;56;2;0;4;405;296;73;0.0;0
214397;546;4;13;10;3;8;3;44;4;0;3;304;191;63;0.0;0
214394;540;1;8;6;2;1;6;49;2;0;3;449;341;76;0.0;0
214394;538;3;9;2;7;4;2;51;3;0;1;451;355;79;0.0;0
214395;715;6;11;8;3;2;2;36;1;0;3;303;208;69;0.0;0
214395;531;3;10;6;4;3;0;64;2;0;2;521;428;82;0.0;0
214398;727;5;12;5;7;3;0;44;2;0;2;372;297;80;0.0;0
214398;798;4;12;7;5;5;1;56;0;0;3;467;392;84;0.0;0
605067;545;1;8;4;4;3;0;50;4;1;3;331;182;55;0.0;0
605067;538;3;6;6;0;3;5;50;4;0;1;338;192;57;0.0;0
605069;715;2;4;2;2;1;5;40;3;0;2;332;230;69;0.0;0
605069;531;2;9;7;2;2;0;60;4;0;0;470;364;77;0.0;0
605068;724;3;12;6;6;6;2;52;2;0;2;362;244;67;0.0;0
605068;727;4;6;4;2;2;1;48;2;0;3;336;205;61;0.0;0
605065;542;2;7;6;1;6;8;41;3;0;3;299;223;75;0.0;0
605065;543;4;11;4;7;4;3;59;3;0;2;428;336;79;0.0;0
605072;720;3;8;8;0;5;1;40;4;0;1;262;173;66;0.0;0
605072;548;2;8;4;4;3;1;60;1;0;1;393;297;76;0.0;0
605073;533;4;15;11;4;6;4;65;1;0;2;549;471;86;0.0;0
605073;726;3;10;8;2;6;4;35;1;0;3;280;210;75;0.0;0
605071;532;8;14;8;6;3;4;44;1;0;6;370;298;81;0.0;0
605071;539;8;19;11;8;4;1;56;4;0;4;460;394;86;0.0;0
605083;533;8;14;12;2;4;9;57;1;0;3;434;339;78;0.0;0
605083;545;4;12;7;5;3;5;43;1;0;5;305;216;71;0.0;0
605077;546;1;6;4;2;4;2;55;4;0;3;418;272;65;0.0;0
605077;727;3;10;3;7;1;3;45;2;0;1;346;194;56;0.0;0
605076;538;6;23;14;9;6;2;51;3;0;2;430;351;82;0.0;0
605076;532;3;9;5;4;6;0;49;1;0;4;401;326;81;0.0;0
605079;726;1;5;3;2;2;4;70;3;0;2;582;499;86;0.0;0
605079;724;4;6;3;3;1;0;30;3;0;0;235;146;62;0.0;0
605075;543;6;16;10;6;5;1;56;3;0;2;511;413;81;0.0;0
605075;720;2;9;6;3;3;4;44;0;0;4;390;295;76;0.0;0
605078;715;3;10;8;2;4;5;56;0;0;2;369;280;76;0.0;0
605078;542;3;5;2;3;4;0;44;3;0;1;289;197;68;0.0;0
605081;548;1;6;5;1;1;2;32;2;0;4;330;251;76;0.0;0
605081;541;4;16;8;8;11;3;68;2;0;1;693;614;89;0.0;0
605085;542;0;9;5;4;1;2;47;2;0;4;320;174;54;0.0;0
605085;546;4;11;8;3;5;3;53;2;0;0;352;230;65;0.0;0
605092;532;2;5;3;2;4;2;47;0;0;3;368;283;77;0.0;0
605092;726;4;17;10;7;4;3;53;1;0;1;397;330;83;0.0;0
605094;797;2;5;2;3;2;1;40;3;0;4;338;260;77;0.0;0
605094;548;7;27;20;7;11;2;60;1;0;2;492;423;86;0.0;0
605088;543;5;15;9;6;8;1;45;5;1;2;455;373;82;0.0;0
605088;541;4;11;10;1;3;8;55;2;0;3;539;466;86;0.0;0
605091;727;4;8;4;4;3;2;41;2;0;2;295;184;62;0.0;0
605091;539;5;11;9;2;7;7;59;0;0;2;434;312;72;0.0;0
605089;545;1;7;3;4;5;5;49;1;0;3;328;205;63;0.0;0
605089;531;5;9;7;2;4;4;51;1;0;0;355;222;63;0.0;0
605086;530;10;17;15;2;1;2;55;3;0;6;514;428;83;0.0;0
605086;715;6;11;5;6;1;0;45;2;0;4;404;305;75;0.0;0
605093;720;4;10;6;4;4;2;53;3;0;0;352;261;74;0.0;0
605093;538;1;5;3;2;1;2;47;4;0;3;321;229;71;0.0;0
605090;724;5;12;6;6;6;0;24;4;0;2;209;128;61;0.0;0
605090;536;5;14;12;2;5;2;76;2;0;4;706;640;91;0.0;0
605087;529;9;17;15;2;8;1;56;0;0;1;685;611;89;0.0;0
605087;533;1;5;5;0;4;4;44;1;0;6;517;438;85;0.0;0
605102;548;3;11;5;6;9;1;65;1;0;4;520;432;83;0.0;0
605102;532;5;9;4;5;3;4;35;5;0;3;273;194;71;0.0;0
605098;546;4;8;6;2;1;3;30;4;0;2;267;155;58;0.0;0
605098;543;2;10;5;5;4;1;70;4;1;1;625;525;84;0.0;0
605104;533;6;10;7;3;2;4;58;0;0;2;549;458;83;0.0;0
605104;542;3;8;7;1;0;2;42;2;0;2;377;286;76;0.0;0
605100;726;3;9;5;4;5;1;36;1;0;2;359;272;76;0.0;0
605100;530;2;16;9;7;7;2;64;0;0;3;626;539;86;0.0;0
605101;541;5;15;12;3;4;2;63;2;0;5;576;500;87;0.0;0
605101;720;5;11;6;5;7;1;37;1;0;4;322;256;80;0.0;0
605097;545;4;12;6;6;3;0;61;2;0;1;504;418;83;0.0;0
605097;797;2;5;5;0;2;1;39;2;0;4;331;220;66;0.0;0
605095;531;4;13;7;6;5;7;72;3;0;1;526;440;84;0.0;0
605095;724;1;3;2;1;2;2;28;5;2;4;211;127;60;0.0;0
605103;536;2;16;10;6;2;1;65;6;0;1;570;504;88;0.0;0
605103;539;1;3;1;2;4;1;35;2;0;1;307;232;76;0.0;0
605096;538;3;10;6;4;3;1;43;5;0;2;425;345;81;0.0;0
605096;529;4;7;4;3;7;2;57;5;1;3;557;477;86;0.0;0
605113;720;3;9;6;3;3;3;52;2;0;3;347;238;69;0.0;0
605113;545;5;11;5;6;4;1;48;3;1;2;302;195;65;0.0;0
605106;530;0;13;5;8;9;4;54;1;0;2;600;523;87;0.0;0
605106;533;2;6;3;3;1;0;46;2;0;0;510;429;84;0.0;0
605111;548;6;11;9;2;5;4;53;3;0;1;384;264;69;0.0;0
605111;546;1;5;2;3;4;3;47;3;0;3;335;212;63;0.0;0
605114;797;0;2;2;0;0;3;51;0;0;4;511;425;83;0.0;0
605114;726;4;18;12;6;5;2;49;2;0;0;475;407;86;0.0;0
605112;532;2;5;2;3;4;5;46;2;0;6;407;331;81;0.0;0
605112;543;8;17;12;5;7;0;54;2;0;2;458;383;84;0.0;0
605110;727;5;13;8;5;6;2;39;3;0;3;291;202;69;0.0;0
605110;538;3;9;4;5;5;3;61;3;0;2;477;375;79;0.0;0
605105;542;3;8;6;2;0;2;40;2;1;0;299;197;66;0.0;0
605105;531;0;8;5;3;6;3;60;3;0;2;432;317;73;0.0;0
605109;539;4;11;6;5;4;3;45;2;0;1;422;341;81;0.0;0
605109;541;3;13;7;6;6;1;55;1;0;4;514;434;84;0.0;0
605108;724;4;14;7;7;2;0;41;2;0;4;306;225;74;0.0;0
605108;715;5;13;5;8;5;1;59;2;0;3;430;340;79;0.0;0
605107;529;5;12;8;4;6;0;54;1;0;0;647;570;88;0.0;0
605107;536;1;13;9;4;5;1;46;1;0;4;537;468;87;0.0;0
605121;715;3;13;7;6;5;2;51;4;0;3;371;296;80;0.0;0
605121;536;3;8;5;3;1;0;49;4;1;2;370;293;79;0.0;0
605118;538;5;15;13;2;8;1;52;3;0;2;483;384;80;0.0;0
605118;530;4;9;7;2;4;0;48;4;0;5;451;361;80;0.0;0
605123;541;2;14;9;5;4;6;74;2;0;3;631;553;88;0.0;0
605123;724;5;14;11;3;11;1;26;0;0;2;199;115;58;0.0;0
605120;546;4;9;5;4;7;1;27;4;0;1;217;126;58;0.0;0
605120;529;1;7;5;2;2;3;73;3;0;3;617;535;87;0.0;0
605119;545;6;10;5;5;6;1;52;2;0;3;358;227;63;0.0;0
605119;727;2;8;6;2;7;2;48;3;1;6;327;196;60;0.0;0
605116;531;5;14;12;2;9;3;51;3;0;1;381;305;80;0.0;0
605116;539;1;6;5;1;3;2;49;1;0;2;358;275;77;0.0;0
605124;533;6;16;6;10;3;0;62;3;0;2;595;533;90;0.0;0
605124;532;3;11;3;8;7;2;38;1;0;4;347;289;83;0.0;0
605115;542;2;13;9;4;2;4;46;2;0;1;390;327;84;0.0;0
605115;797;3;7;5;2;6;4;54;5;0;2;465;382;82;0.0;0
605122;726;7;12;9;3;3;1;66;1;0;1;569;472;83;0.0;0
605122;720;3;5;3;2;1;2;34;2;0;5;298;197;66;0.0;0
605117;543;1;7;4;3;6;2;55;2;0;2;501;390;78;0.0;0
605117;548;5;8;7;1;2;9;45;1;0;1;402;291;72;0.0;0
605134;797;2;3;2;1;0;1;46;3;0;2;456;377;83;0.0;0
605134;532;4;14;7;7;7;4;54;2;0;0;515;445;86;0.0;0
605126;529;4;10;6;4;7;0;52;3;0;6;595;528;89;0.0;0
605126;541;9;15;13;2;7;1;48;2;0;3;537;473;88;0.0;0
605132;536;3;21;13;8;13;2;71;0;0;0;651;560;86;0.0;0
605132;545;1;3;2;1;3;0;29;3;0;3;261;179;69;0.0;0
605130;727;2;7;3;4;2;1;39;3;0;5;326;224;69;0.0;0
605130;531;5;13;7;6;5;4;61;2;0;1;498;379;76;0.0;0
605125;530;6;13;7;6;8;3;40;2;0;3;382;288;75;0.0;0
605125;543;3;12;5;7;5;1;60;0;1;4;563;489;87;0.0;0
605133;720;1;5;5;0;2;4;44;1;1;1;344;244;71;0.0;0
605133;542;4;14;12;2;4;3;56;0;0;1;437;344;79;0.0;0
605128;724;0;5;3;2;0;1;23;2;0;2;219;142;65;0.0;0
605128;533;2;7;3;4;5;3;77;2;0;0;748;660;88;0.0;0
605127;546;1;10;5;5;6;3;65;4;0;1;351;243;69;0.0;0
605127;715;2;5;2;3;1;1;35;2;0;1;202;88;44;0.0;0
605131;548;6;13;11;2;4;1;52;2;0;3;438;354;81;0.0;0
605131;726;4;7;2;5;5;7;48;1;0;2;409;317;78;0.0;0
605129;539;3;10;4;6;3;5;58;2;0;2;505;407;81;0.0;0
605129;538;3;11;6;5;2;0;42;2;0;2;351;247;70;0.0;0
605139;545;3;9;6;3;7;2;73;1;0;2;639;519;81;0.0;0
605139;724;4;6;3;3;2;2;27;1;0;3;240;109;45;0.0;0
605142;541;6;13;9;4;6;2;59;0;0;1;662;592;89;0.0;0
605142;726;2;9;5;4;3;1;41;2;0;2;446;383;86;0.0;0
605136;531;5;16;11;5;6;0;46;5;0;1;358;275;77;0.0;0
605136;536;3;7;6;1;1;1;54;5;0;3;432;355;82;0.0;0
605141;727;3;8;5;3;3;0;44;1;0;3;444;321;72;0.0;0
605141;530;6;11;8;3;2;2;56;2;0;2;567;458;81;0.0;0
605135;542;3;4;3;1;2;1;20;4;1;7;206;133;65;0.0;0
605135;529;9;25;15;10;14;3;80;3;0;2;830;748;90;0.0;0
605137;543;10;17;12;5;1;0;59;2;0;1;656;593;90;0.0;0
605137;797;2;4;3;1;1;4;41;1;0;7;440;380;86;0.0;0
605138;538;2;9;7;2;2;2;45;2;1;3;402;311;77;0.0;0
605138;548;7;9;7;2;3;2;55;5;0;1;474;390;82;0.0;0
605140;715;2;5;3;2;2;3;28;2;1;3;197;126;64;0.0;0
605140;539;4;19;8;11;8;0;72;3;0;1;481;410;85;0.0;0
605143;532;5;9;4;5;0;6;38;8;1;3;286;190;66;0.0;0
605143;546;5;16;12;4;3;2;62;5;1;3;434;333;77;0.0;0
605144;533;5;11;7;4;6;3;59;1;0;1;541;455;84;0.0;0
605144;720;1;11;8;3;4;0;41;3;0;3;335;258;77;0.0;0
605154;797;1;8;7;1;3;0;51;3;0;5;467;393;84;0.0;0
605154;538;6;14;8;6;3;3;49;5;0;0;458;384;84;0.0;0
605148;726;6;14;13;1;4;6;58;2;0;2;473;368;78;0.0;0
605148;545;3;8;2;6;3;0;42;0;0;4;343;242;71;0.0;0
605146;529;10;18;17;1;9;3;59;2;0;4;617;551;89;0.0;0
605146;543;6;12;9;3;5;1;41;2;1;4;417;342;82;0.0;0
605151;536;1;9;4;5;3;4;66;2;0;2;543;462;85;0.0;0
605151;727;2;10;5;5;0;2;34;3;0;0;274;197;72;0.0;0
605145;530;7;17;12;5;2;3;67;1;0;3;764;697;91;0.0;0
605145;724;3;10;4;6;7;1;33;1;0;3;337;261;77;0.0;0
605147;546;5;13;6;7;3;2;44;3;0;2;362;265;73;0.0;0
605147;533;5;9;8;1;3;3;56;4;0;3;469;357;76;0.0;0
605150;548;9;22;15;7;15;1;73;2;1;1;610;526;86;0.0;0
605150;715;1;2;1;1;0;1;27;1;0;7;232;152;66;0.0;0
605149;539;5;17;11;6;12;6;71;1;0;1;531;443;83;0.0;0
605149;542;2;6;6;0;1;1;29;6;1;4;215;144;67;0.0;0
605153;720;4;7;5;2;2;3;30;4;0;1;212;144;68;0.0;0
605153;531;2;17;14;3;11;1;70;2;0;2;478;395;83;0.0;0
605152;532;4;7;5;2;1;0;35;3;0;5;319;247;77;0.0;0
605152;541;6;16;9;7;8;1;65;2;0;1;555;498;90;0.0;0
605162;727;7;18;12;6;4;2;54;2;0;4;486;363;75;0.0;0
605162;726;5;6;5;1;3;3;46;3;0;6;413;290;70;0.0;0
605161;539;5;13;6;7;5;0;43;1;0;4;365;298;82;0.0;0
605161;797;5;11;7;4;4;1;57;4;0;4;483;411;85;0.0;0
605164;533;1;13;11;2;4;2;47;1;0;0;507;450;89;0.0;0
605164;541;1;6;2;4;2;5;53;2;0;0;584;517;89;0.0;0
605163;536;10;15;12;3;3;2;57;2;0;5;501;428;85;0.0;0
605163;538;7;10;8;2;2;1;43;2;0;6;387;306;79;0.0;0
605157;530;2;9;4;5;8;2;45;4;0;4;522;446;85;0.0;0
605157;529;4;13;8;5;8;2;55;0;0;1;613;544;89;0.0;0
605158;545;5;14;8;6;3;2;51;3;1;3;307;180;59;0.0;0
605158;546;3;8;5;3;4;2;49;4;0;4;291;157;54;0.0;0
605159;724;0;2;0;2;1;3;31;2;0;2;246;155;63;0.0;0
605159;548;4;14;10;4;6;5;69;1;0;0;529;441;83;0.0;0
605160;715;6;16;6;10;5;1;59;4;0;0;400;299;75;0.0;0
605160;720;3;9;7;2;3;0;41;3;0;5;280;179;64;0.0;0
605155;542;3;13;9;4;4;3;33;1;0;3;250;171;68;0.0;0
605155;532;5;13;9;4;5;1;67;1;0;1;492;415;84;0.0;0
605156;531;9;14;13;1;6;3;40;0;0;1;342;265;77;0.0;0
605156;543;1;7;5;2;3;4;60;0;0;6;523;444;85;0.0;0
605173;720;4;10;8;2;3;3;34;0;0;2;251;167;67;0.0;0
605173;539;3;10;3;7;11;1;66;3;0;3;476;380;80;0.0;0
605174;797;3;4;1;3;1;1;47;6;1;1;400;326;82;0.0;0
605174;724;2;6;4;2;9;0;53;2;0;2;418;355;85;0.0;0
605172;532;2;5;1;4;2;1;33;2;0;5;324;238;73;0.0;0
605172;530;6;14;8;6;7;1;67;5;0;3;657;559;85;0.0;0
605169;726;1;5;1;4;1;0;32;4;0;3;267;185;69;0.0;0
605169;536;4;16;13;3;10;1;68;3;0;1;563;477;85;0.0;0
605170;541;9;20;12;8;12;2;67;2;0;4;562;493;88;0.0;0
605170;542;6;11;8;3;9;1;33;3;0;7;276;213;77;0.0;0
605165;529;11;20;11;9;5;1;71;1;0;5;813;739;91;0.0;0
605165;727;5;10;5;5;3;2;29;0;0;6;303;237;78;0.0;0
605168;546;3;11;7;4;3;3;52;2;0;1;333;214;64;0.0;0
605168;531;2;5;1;4;2;2;48;4;0;2;313;187;60;0.0;0
605167;538;8;17;12;5;8;2;67;5;1;1;609;512;84;0.0;0
605167;715;2;9;5;4;0;1;33;3;0;4;294;197;67;0.0;0
605171;548;4;8;8;0;4;1;54;5;0;1;462;368;80;0.0;0
605171;533;2;10;5;5;4;4;46;3;0;3;377;280;74;0.0;0
605166;543;3;7;4;3;6;4;63;2;0;4;529;393;74;0.0;0
605166;545;6;11;7;4;2;4;37;1;0;3;300;171;57;0.0;0
605176;531;0;10;5;5;4;0;49;2;0;2;468;371;79;0.0;0
605176;538;4;6;5;1;5;1;51;1;0;0;475;362;76;0.0;0
605181;539;8;12;11;1;5;2;68;2;0;0;563;478;85;0.0;0
605181;546;0;9;7;2;5;2;32;7;2;5;239;154;64;0.0;0
605183;536;2;12;7;5;4;3;63;1;0;2;627;557;89;0.0;0
605183;541;3;10;7;3;3;0;37;3;0;2;368;287;78;0.0;0
605177;530;4;14;9;5;4;3;53;4;0;3;547;451;82;0.0;0
605177;720;3;13;5;8;4;0;47;2;0;2;471;376;80;0.0;0
605179;724;3;7;4;3;5;1;17;0;0;8;183;110;60;0.0;0
605179;529;8;21;9;12;13;1;83;2;0;2;864;764;88;0.0;0
605180;715;6;15;10;5;4;1;47;2;0;4;395;295;75;0.0;0
605180;726;7;16;13;3;2;1;53;0;0;3;435;360;83;0.0;0
605182;727;0;10;5;5;2;5;47;3;0;3;380;274;72;0.0;0
605182;543;5;12;9;3;5;4;53;2;0;0;431;314;73;0.0;0
605184;533;3;12;7;5;4;2;57;3;0;0;544;480;88;0.0;0
605184;797;0;3;0;3;0;1;43;2;0;3;403;323;80;0.0;0
605175;542;1;5;3;2;2;1;32;1;1;5;263;177;67;0.0;0
605175;548;5;13;7;6;3;4;68;0;0;1;544;458;84;0.0;0
605178;545;3;19;14;5;8;0;63;3;0;4;456;343;75;0.0;0
605178;532;4;6;3;3;0;5;37;2;0;3;269;127;47;0.0;0
605193;720;6;11;10;1;3;3;46;4;0;4;366;259;71;0.0;0
605193;727;6;13;11;2;3;1;54;5;0;3;400;286;72;0.0;0
605192;532;2;11;8;3;0;3;39;2;0;3;285;193;68;0.0;0
605192;531;5;13;8;5;10;1;61;6;0;0;424;332;78;0.0;0
605188;546;2;8;4;4;5;2;25;2;0;0;201;133;66;0.0;0
605188;536;0;8;6;2;3;4;75;3;0;1;632;565;89;0.0;0
605189;726;3;11;7;4;5;5;66;1;0;1;533;450;84;0.0;0
605189;542;1;3;3;0;2;2;34;4;0;2;267;175;66;0.0;0
605190;541;3;11;6;5;3;0;56;1;0;1;662;594;90;0.0;0
605190;530;1;5;3;2;6;2;44;3;0;2;502;431;86;0.0;0
605191;548;2;8;5;3;5;4;49;4;0;3;344;233;68;0.0;0
605191;545;4;16;9;7;4;5;51;3;0;1;339;246;73;0.0;0
605186;543;5;11;4;7;4;1;46;2;0;1;441;367;83;0.0;0
605186;533;2;7;7;0;8;2;54;3;0;4;497;417;84;0.0;0
605194;797;1;9;8;1;6;1;67;4;0;4;524;449;86;0.0;0
605194;715;5;13;9;4;5;2;33;2;0;1;243;177;73;0.0;0
605185;529;13;24;15;9;12;4;63;2;0;3;659;596;90;0.0;0
605185;539;3;6;2;4;4;0;37;1;0;12;383;306;80;0.0;0
605187;538;4;7;6;1;1;4;61;2;0;2;563;471;84;0.0;0
605187;724;2;12;7;5;5;2;39;1;0;0;339;260;77;0.0;0
605251;541;5;18;10;8;6;5;68;1;0;3;649;597;92;0.0;0
605251;531;4;10;8;2;6;0;32;3;1;2;296;227;77;0.0;0
605246;529;4;14;13;1;2;4;53;3;0;4;505;424;84;0.0;0
605246;548;5;12;7;5;3;4;47;3;0;2;428;352;82;0.0;0
605195;531;3;10;5;5;5;3;54;0;0;1;482;420;87;0.0;0
605195;726;1;6;3;3;5;1;46;3;1;1;400;326;82;0.0;0
605196;530;6;12;6;6;2;1;48;1;0;2;503;444;88;0.0;0
605196;797;3;8;5;3;4;2;52;2;0;3;531;486;92;0.0;0
605197;529;9;25;13;12;8;1;72;4;0;2;715;640;90;0.0;0
605197;532;4;11;8;3;3;1;28;2;0;7;261;196;75;0.0;0
605202;539;5;13;8;5;3;1;45;2;0;4;333;263;79;0.0;0
605202;548;5;15;11;4;4;1;55;1;0;3;402;333;83;0.0;0
605203;727;1;6;2;4;2;0;32;2;1;3;278;203;73;0.0;0
605203;533;6;13;10;3;2;1;68;2;0;0;611;525;86;0.0;0
605204;536;3;14;8;6;7;1;59;3;0;4;525;445;85;0.0;0
605204;720;5;12;5;7;7;1;41;4;0;2;349;262;75;0.0;0
605198;538;3;11;9;2;3;4;55;2;0;2;521;409;79;0.0;0
605198;542;2;8;6;2;5;2;45;2;0;1;417;311;75;0.0;0
605201;715;3;8;4;4;1;6;30;3;0;1;229;136;59;0.0;0
605201;543;1;14;7;7;10;2;70;4;0;1;502;403;80;0.0;0
605200;724;1;8;3;5;2;3;61;2;0;2;472;389;82;0.0;0
605200;546;4;6;2;4;4;1;39;7;0;1;305;205;67;0.0;0
605199;545;3;10;4;6;4;2;33;1;0;1;307;220;72;0.0;0
605199;541;5;11;6;5;4;5;67;0;0;2;651;546;84;0.0;0
605211;532;4;10;7;3;3;0;30;3;0;2;248;171;69;0.0;0
605211;536;3;19;12;7;5;2;70;2;0;4;586;498;85;0.0;0
605214;797;2;7;7;0;4;1;65;1;0;4;633;542;86;0.0;0
605214;727;6;15;10;5;4;0;35;2;1;0;329;235;71;0.0;0
605210;548;1;6;2;4;5;2;59;3;0;1;495;406;82;0.0;0
605210;530;3;8;6;2;5;0;41;3;0;1;335;261;78;0.0;0
605208;726;2;11;7;4;10;4;53;2;0;0;425;358;84;0.0;0
605208;539;1;9;4;5;3;1;47;3;0;1;381;297;78;0.0;0
605213;533;6;17;13;4;6;2;65;1;0;2;593;504;85;0.0;0
605213;531;3;9;5;4;4;2;35;1;0;5;301;222;74;0.0;0
605212;720;5;12;6;6;4;4;38;1;0;7;422;359;85;0.0;0
605212;529;10;21;14;7;5;0;62;2;0;5;681;615;90;0.0;0
605207;546;3;6;3;3;1;2;38;3;0;0;306;218;71;0.0;0
605207;538;1;2;2;0;4;2;62;3;0;2;504;385;76;0.0;0
605209;541;6;23;14;9;8;2;67;2;0;1;586;501;85;0.0;0
605209;715;1;10;7;3;1;1;33;1;0;4;284;192;68;0.0;0
605205;542;3;13;9;4;2;4;44;4;0;3;319;190;60;0.0;0
605205;545;4;8;5;3;7;3;56;2;0;1;407;286;70;0.0;0
605206;543;1;6;4;2;5;3;72;1;0;3;660;560;85;0.0;0
605206;724;3;6;6;0;5;2;28;1;0;0;243;138;57;0.0;0
605223;536;3;10;8;2;4;0;43;1;0;2;403;330;82;0.0;0
605223;533;2;6;6;0;7;0;57;4;0;1;514;451;88;0.0;0
605217;529;5;16;11;5;5;6;73;0;0;2;660;580;88;0.0;0
605217;545;3;9;3;6;7;0;27;2;0;4;229;141;62;0.0;0
605221;539;5;10;9;1;3;0;38;3;1;4;315;218;69;0.0;0
605221;543;7;19;13;6;6;3;62;2;0;1;502;424;84;0.0;0
605219;724;3;8;6;2;1;0;35;3;0;1;281;174;62;0.0;0
605219;720;1;7;6;1;6;4;65;2;0;3;509;399;78;0.0;0
605220;715;5;24;13;11;6;2;53;4;1;5;356;265;74;0.0;0
605220;532;6;16;10;6;6;1;47;4;2;3;322;233;72;0.0;0
605216;530;3;10;7;3;5;2;50;2;0;2;474;354;75;0.0;0
605216;546;2;10;5;5;2;0;50;3;0;2;455;340;75;0.0;0
605218;538;6;15;13;2;0;0;57;2;0;5;569;491;86;0.0;0
605218;726;6;17;13;4;5;0;43;0;0;4;402;335;83;0.0;0
605224;797;3;6;4;2;2;0;32;1;0;5;342;281;82;0.0;0
605224;541;6;14;9;5;3;3;68;4;0;2;718;654;91;0.0;0
605215;531;0;4;2;2;2;4;60;5;0;2;455;352;77;0.0;0
605215;548;3;13;8;5;4;5;40;4;0;0;289;195;67;0.0;0
605222;727;3;8;4;4;5;2;32;3;1;0;241;138;57;0.0;0
605222;542;1;15;7;8;4;1;68;4;0;2;502;410;82;0.0;0
605234;533;7;12;10;2;3;7;50;1;0;1;495;430;87;0.0;0
605234;539;2;9;4;5;5;2;50;1;0;5;478;390;82;0.0;0
605227;543;3;16;6;10;2;0;45;5;0;1;392;309;79;0.0;0
605227;536;2;6;3;3;1;3;55;2;0;2;475;396;83;0.0;0
605229;546;4;11;5;6;5;4;53;3;0;2;408;304;75;0.0;0
605229;720;2;8;4;4;9;2;47;2;0;5;363;243;67;0.0;0
605231;541;2;9;4;5;1;1;41;4;0;0;469;410;87;0.0;0
605231;538;1;6;5;1;5;0;59;2;0;0;672;596;89;0.0;0
605226;531;2;13;6;7;5;5;49;2;0;1;435;365;84;0.0;0
605226;797;2;5;2;3;4;0;51;1;0;1;443;367;83;0.0;0
605225;542;1;4;3;1;1;2;41;0;1;2;374;276;74;0.0;0
605225;530;4;8;6;2;5;4;59;2;0;1;533;438;82;0.0;0
605228;545;7;15;9;6;4;3;55;2;0;3;343;210;61;0.0;0
605228;715;3;6;5;1;2;3;45;1;0;5;284;139;49;0.0;0
605232;548;2;8;2;6;7;3;62;1;0;1;455;341;75;0.0;0
605232;727;2;6;5;1;2;0;38;1;0;1;294;174;59;0.0;0
605230;726;4;4;3;1;2;1;30;1;0;5;345;282;82;0.0;0
605230;529;7;20;12;8;6;3;70;0;0;4;794;725;91;0.0;0
605233;532;4;11;5;6;9;2;71;2;0;1;558;481;86;0.0;0
605233;724;2;9;8;1;7;6;29;2;0;3;214;144;67;0.0;0
605084;531;3;8;6;2;3;0;42;2;0;6;466;396;85;0.0;0
605084;529;9;13;9;4;4;4;58;1;0;2;643;574;89;0.0;0
605236;538;3;8;4;4;3;0;56;1;0;2;595;527;89;0.0;0
605236;533;6;15;11;4;4;0;44;0;0;3;459;388;85;0.0;0
605242;536;7;12;10;2;2;1;60;0;0;2;536;442;82;0.0;0
605242;548;4;10;8;2;9;0;40;3;0;4;337;260;77;0.0;0
605238;715;4;8;4;4;4;2;27;2;1;0;301;238;79;0.0;0
605238;529;4;13;9;4;1;2;73;3;0;4;811;743;92;0.0;0
605241;727;2;8;6;2;2;1;29;0;0;1;329;239;73;0.0;0
605241;541;1;9;7;2;4;3;71;0;0;2;771;688;89;0.0;0
605240;539;2;4;2;2;4;4;53;2;0;3;408;291;71;0.0;0
605240;545;4;17;12;5;9;1;47;0;0;0;341;240;70;0.0;0
605237;724;7;10;8;2;4;3;39;1;0;1;286;184;64;0.0;0
605237;542;2;5;2;3;1;4;61;4;1;4;457;349;76;0.0;0
605243;720;4;11;7;4;0;3;42;2;0;5;369;274;74;0.0;0
605243;532;6;17;10;7;4;5;58;3;0;4;503;387;77;0.0;0
605244;797;4;7;5;2;1;1;46;4;1;4;425;350;82;0.0;0
605244;546;7;14;11;3;7;1;54;2;0;3;499;421;84;0.0;0
605239;726;3;10;8;2;3;5;48;2;0;3;419;333;79;0.0;0
605239;543;5;15;9;6;6;0;52;2;1;3;444;356;80;0.0;0
605099;715;2;9;6;3;4;3;40;1;0;3;276;160;58;0.0;0
605099;727;3;15;5;10;4;1;60;4;0;1;404;299;74;0.0;0
605074;530;4;5;4;1;3;3;33;2;0;2;324;263;81;0.0;0
605074;536;2;13;9;4;12;0;67;0;0;2;615;556;90;0.0;0
605253;720;2;13;4;9;4;1;62;1;1;1;494;424;86;0.0;0
605253;797;3;9;3;6;5;1;38;3;0;0;303;239;79;0.0;0
605250;724;2;8;5;3;5;1;30;3;0;3;258;175;68;0.0;0
605250;539;5;8;5;3;2;1;70;1;0;0;623;525;84;0.0;0
605245;542;3;12;9;3;3;0;37;3;0;1;308;211;69;0.0;0
605245;536;3;7;3;4;2;1;63;3;0;2;530;425;80;0.0;0
605249;546;5;12;5;7;3;0;48;2;0;3;395;293;74;0.0;0
605249;726;3;15;10;5;8;2;52;3;0;4;421;317;75;0.0;0
605247;543;4;12;6;6;5;1;41;2;0;2;359;265;74;0.0;0
605247;538;3;10;9;1;6;1;59;3;0;2;509;406;80;0.0;0
605254;533;3;8;6;2;3;2;68;2;0;0;622;542;87;0.0;0
605254;715;2;3;2;1;0;2;32;4;1;1;279;195;70;0.0;0
605252;532;3;10;5;5;9;5;63;1;0;4;580;493;85;0.0;0
605252;727;5;14;10;4;4;2;37;3;0;3;334;243;73;0.0;0
605248;545;2;12;6;6;3;0;35;3;0;2;266;151;57;0.0;0
605248;530;4;9;7;2;3;2;65;2;0;1;517;401;78;0.0;0
605260;539;3;11;11;0;8;0;58;0;0;1;495;410;83;0.0;0
605260;720;3;7;4;3;2;2;42;1;0;1;356;264;74;0.0;0
605259;726;1;5;3;2;1;2;43;3;0;2;470;372;79;0.0;0
605259;533;2;8;4;4;2;2;57;1;0;1;621;528;85;0.0;0
605263;536;7;15;10;5;7;3;80;1;0;3;709;639;90;0.0;0
605263;724;3;9;6;3;6;3;20;3;0;4;167;94;56;0.0;0
605262;548;6;12;9;3;8;2;53;2;0;2;441;355;80;0.0;0
605262;543;4;7;3;4;3;1;47;2;0;3;394;319;81;0.0;0
605255;542;4;14;10;4;4;1;39;5;0;2;372;308;83;0.0;0
605255;541;7;10;8;2;4;1;61;3;0;4;607;540;89;0.0;0
605261;727;4;7;5;2;1;1;49;5;1;0;302;183;61;0.0;0
605261;715;1;12;8;4;5;2;51;3;0;1;307;199;65;0.0;0
605264;797;2;4;3;1;0;1;34;0;0;6;372;312;84;0.0;0
605264;529;8;15;7;8;7;1;66;2;0;2;699;636;91;0.0;0
605258;538;4;8;8;0;0;2;56;4;0;1;483;372;77;0.0;0
605258;545;2;9;7;2;6;1;44;3;0;3;364;258;71;0.0;0
605257;530;5;14;11;3;7;0;48;2;0;3;447;364;81;0.0;0
605257;532;4;8;4;4;7;0;52;0;0;2;471;389;83;0.0;0
605256;531;8;11;9;2;4;1;51;4;0;1;375;267;71;0.0;0
605256;546;2;6;3;3;4;2;49;4;0;3;337;249;74;0.0;0
605273;720;4;14;9;5;6;1;55;2;0;2;482;396;82;0.0;0
605273;726;5;11;7;4;7;3;45;2;0;3;393;303;77;0.0;0
605267;545;6;17;11;6;6;0;49;4;0;2;432;331;77;0.0;0
605267;536;4;7;4;3;2;5;51;3;0;6;469;347;74;0.0;0
605271;541;2;8;4;4;3;2;46;1;1;6;410;353;86;0.0;0
605271;539;8;14;9;5;7;1;54;2;0;1;465;411;88;0.0;0
605272;532;4;14;7;7;4;2;45;1;0;1;352;281;80;0.0;0
605272;797;1;10;5;5;10;5;55;7;0;2;416;342;82;0.0;0
605274;533;2;4;3;1;1;2;35;1;0;2;342;271;79;0.0;0
605274;548;3;12;7;5;7;1;65;3;0;1;623;539;87;0.0;0
605268;546;1;6;4;2;5;3;59;3;0;1;364;228;63;0.0;0
605268;542;1;5;2;3;2;2;41;3;0;0;261;124;48;0.0;0
605269;724;6;11;7;4;2;0;48;1;0;0;452;381;84;0.0;0
605269;530;4;9;6;3;2;4;52;5;0;4;518;441;85;0.0;0
605270;715;5;10;3;7;6;1;35;2;0;1;246;161;65;0.0;0
605270;538;1;7;5;2;5;0;65;4;0;5;454;359;79;0.0;0
605265;529;6;12;9;3;7;1;58;2;0;2;596;520;87;0.0;0
605265;531;2;7;3;4;3;1;42;3;0;4;411;338;82;0.0;0
605266;543;4;8;4;4;3;1;65;1;0;5;577;500;87;0.0;0
605266;727;5;15;8;7;4;2;35;1;0;2;302;223;74;0.0;0
605275;542;5;20;13;7;11;1;55;4;0;1;346;244;71;0.0;0
605275;720;1;3;2;1;1;0;45;4;0;4;289;195;67;0.0;0
605280;539;7;11;9;2;6;3;60;1;0;3;406;319;79;0.0;0
605280;715;5;11;7;4;2;1;40;3;0;5;269;176;65;0.0;0
605279;726;2;13;9;4;3;0;34;2;0;5;310;232;75;0.0;0
605279;541;7;18;15;3;9;2;66;1;0;1;601;530;88;0.0;0
605284;797;2;8;5;3;4;1;44;1;0;2;438;374;85;0.0;0
605284;533;4;9;7;2;2;2;56;2;0;0;564;483;86;0.0;0
605283;536;5;17;11;6;3;2;77;1;0;1;721;657;91;0.0;0
605283;546;1;5;1;4;1;1;23;4;1;2;215;137;64;0.0;0
605282;548;6;17;13;4;5;3;74;0;0;0;695;626;90;0.0;0
605282;724;1;2;2;0;1;0;26;2;1;2;229;162;71;0.0;0
605276;531;2;11;8;3;6;2;50;2;0;1;433;329;76;0.0;0
605276;532;2;15;10;5;6;1;50;1;0;2;439;346;79;0.0;0
605281;727;4;12;8;4;2;5;54;0;0;2;448;311;69;0.0;0
605281;545;3;12;7;5;1;1;46;0;0;2;371;252;68;0.0;0
605278;543;5;8;6;2;3;1;36;1;0;2;399;327;82;0.0;0
605278;529;4;12;11;1;5;4;64;3;0;3;714;649;91;0.0;0
605277;530;2;9;5;4;1;4;45;2;0;0;432;339;78;0.0;0
605277;538;2;7;4;3;4;0;55;2;0;0;514;426;83;0.0;0
605070;541;4;14;10;4;8;1;68;1;0;0;638;546;86;0.0;0
605070;546;0;1;1;0;1;1;32;1;0;2;296;194;66;0.0;0
605286;538;6;9;8;1;3;1;50;3;0;1;420;324;77;0.0;0
605286;797;2;7;4;3;6;2;50;2;0;3;402;313;78;0.0;0
605290;715;1;6;4;2;7;2;38;0;0;2;268;170;63;0.0;0
605290;530;4;10;9;1;3;1;62;5;0;0;456;355;78;0.0;0
605293;536;4;14;8;6;6;4;65;3;0;5;539;471;87;0.0;0
605293;726;5;9;7;2;6;0;35;4;0;4;256;182;71;0.0;0
605287;545;2;14;11;3;7;3;54;2;0;0;358;245;68;0.0;0
605287;720;1;5;4;1;3;4;46;3;0;1;322;189;59;0.0;0
605285;529;9;17;11;6;5;5;73;0;0;1;870;793;91;0.0;0
605285;542;2;6;4;2;4;0;27;2;0;4;294;218;74;0.0;0
605288;546;0;4;3;1;2;2;44;3;0;1;318;199;63;0.0;0
605288;548;2;3;3;0;5;2;56;3;0;0;390;279;72;0.0;0
605292;541;7;16;5;11;6;2;60;0;0;1;658;600;91;0.0;0
605292;532;1;4;1;3;1;0;40;3;0;5;417;352;84;0.0;0
605291;539;4;13;10;3;2;1;63;1;0;1;544;416;76;0.0;0
605291;727;2;7;7;0;1;2;37;2;0;4;312;201;64;0.0;0
605294;533;5;9;5;4;7;4;55;3;0;2;492;420;85;0.0;0
605294;543;4;15;8;7;3;0;45;2;0;4;400;320;80;0.0;0
605289;724;2;11;8;3;5;2;42;3;0;3;340;264;78;0.0;0
605289;531;8;13;11;2;8;2;58;2;0;2;476;390;82;0.0;0
605080;539;4;7;3;4;1;1;36;1;0;5;342;264;77;0.0;0
605080;530;6;14;10;4;8;4;64;3;0;3;592;492;83;0.0;0
605298;543;5;12;8;4;5;0;64;5;1;1;518;407;79;0.0;0
605298;546;1;6;4;2;2;2;36;4;0;4;272;178;65;0.0;0
605304;797;2;6;5;1;1;1;48;2;0;3;382;270;71;0.0;0
605304;545;3;13;11;2;4;2;52;1;0;1;384;275;72;0.0;0
605296;530;11;28;19;9;12;4;55;2;0;0;460;395;86;0.0;0
605296;539;1;6;5;1;2;2;45;3;0;10;383;301;79;0.0;0
605302;532;3;10;5;5;6;2;57;2;0;2;482;397;82;0.0;0
605302;538;2;5;3;2;1;0;43;3;1;1;355;267;75;0.0;0
605303;720;5;9;6;3;4;2;34;4;0;1;287;202;70;0.0;0
605303;541;2;10;4;6;5;4;66;2;0;5;554;481;87;0.0;0
605297;529;4;20;12;8;8;8;81;0;0;0;885;810;92;0.0;0
605297;724;1;3;3;0;0;0;19;2;0;3;198;113;57;0.0;0
605301;548;4;8;8;0;4;1;64;3;0;2;495;411;83;0.0;0
605301;542;2;7;5;2;3;3;36;2;0;0;265;197;74;0.0;0
605299;726;6;15;9;6;5;4;60;3;0;3;429;338;79;0.0;0
605299;715;5;8;4;4;2;3;40;3;1;4;281;200;71;0.0;0
605295;531;8;18;10;8;6;1;47;2;0;1;469;409;87;0.0;0
605295;533;2;3;1;2;0;1;53;2;0;7;525;440;84;0.0;0
605300;727;0;6;5;1;3;3;41;2;0;3;377;290;77;0.0;0
605300;536;5;10;8;2;5;4;59;2;0;0;557;455;82;0.0;0
605066;529;5;9;7;2;6;3;65;0;0;1;772;700;91;0.0;0
605066;797;1;6;4;2;3;1;35;0;0;2;405;339;84;0.0;0
605311;539;4;10;6;4;2;1;44;3;0;4;389;300;77;0.0;0
605311;531;5;11;7;4;10;4;56;1;1;3;477;399;84;0.0;0
605307;545;3;17;12;5;6;3;54;2;0;0;438;352;80;0.0;0
605307;726;1;4;2;2;2;9;46;2;0;2;379;266;70;0.0;0
605313;536;2;4;3;1;3;2;44;5;0;3;487;412;85;0.0;0
605313;529;5;9;7;2;3;2;56;2;0;2;618;540;87;0.0;0
605305;542;1;4;3;1;5;4;53;3;0;1;358;252;70;0.0;0
605305;727;3;6;3;3;2;3;47;4;0;1;312;208;67;0.0;0
605308;546;4;15;13;2;3;2;42;5;0;0;253;149;59;0.0;0
605308;532;0;5;3;2;6;3;58;2;1;1;362;249;69;0.0;0
605306;538;2;11;8;3;3;3;66;3;0;2;509;415;82;0.0;0
605306;720;3;7;4;3;5;1;34;5;0;1;258;169;66;0.0;0
605309;724;3;5;2;3;3;2;34;1;0;3;295;201;68;0.0;0
605309;543;4;9;1;8;7;1;66;2;0;3;566;481;85;0.0;0
605310;715;4;13;7;6;5;0;43;3;0;3;290;191;66;0.0;0
605310;797;4;12;9;3;5;0;57;2;0;2;382;269;70;0.0;0
605314;533;6;19;10;9;10;1;63;2;0;4;609;529;87;0.0;0
605314;530;5;6;4;2;2;1;37;3;0;6;354;270;76;0.0;0
605312;541;3;20;12;8;13;2;59;0;0;1;577;511;89;0.0;0
605312;548;2;6;5;1;4;2;41;1;0;1;397;329;83;0.0;0
605322;532;4;25;14;11;5;3;52;4;0;4;448;382;85;0.0;0
605322;533;5;10;8;2;3;0;48;3;0;2;413;338;82;0.0;0
605323;720;3;4;2;2;1;3;50;2;0;1;300;182;61;0.0;0
605323;546;2;9;7;2;6;1;50;2;1;1;281;156;56;0.0;0
605324;797;3;6;4;2;6;0;36;4;0;2;280;218;78;0.0;0
605324;536;3;11;5;6;3;1;64;0;0;1;512;442;86;0.0;0
605318;724;2;6;5;1;0;3;31;2;0;1;244;137;56;0.0;0
605318;545;1;16;10;6;12;2;69;2;0;1;500;387;77;0.0;0
605320;727;3;10;8;2;3;0;36;0;0;4;406;323;80;0.0;0
605320;529;6;13;6;7;4;3;64;2;0;3;723;644;89;0.0;0
605319;726;7;19;14;5;6;2;49;0;0;3;397;301;76;0.0;0
605319;538;7;10;6;4;3;0;51;2;0;2;415;324;78;0.0;0
605316;530;5;11;6;5;1;0;39;5;0;7;430;358;83;0.0;0
605316;541;8;18;8;10;6;0;61;1;0;4;647;572;88;0.0;0
605321;548;8;25;21;4;7;4;52;0;0;1;394;313;79;0.0;0
605321;539;1;6;3;3;5;0;48;2;0;6;359;277;77;0.0;0
605315;531;5;7;5;2;6;1;48;2;0;2;408;299;73;0.0;0
605315;715;3;13;9;4;9;2;52;2;0;3;433;337;78;0.0;0
605317;543;8;23;12;11;12;1;77;0;0;1;666;593;89;0.0;0
605317;542;3;4;3;1;1;0;23;3;0;4;202;127;63;0.0;0
605235;530;5;11;5;6;5;3;47;2;0;1;516;433;84;0.0;0
605235;531;2;4;4;0;4;0;53;2;0;3;570;473;83;0.0;0
605331;539;3;11;8;3;3;2;44;3;0;2;374;289;77;0.0;0
605331;532;2;11;5;6;3;3;56;4;0;2;470;385;82;0.0;0
605325;542;3;9;6;3;2;0;50;3;1;0;380;268;71;0.0;0
605325;724;1;9;7;2;5;2;50;3;0;1;355;247;70;0.0;0
605333;541;4;17;10;7;6;3;65;1;0;1;596;521;87;0.0;0
605333;797;2;3;3;0;1;1;35;1;0;2;311;234;75;0.0;0
605332;727;2;14;7;7;7;3;53;2;0;2;385;263;68;0.0;0
605332;720;2;12;6;6;3;3;47;3;0;2;334;221;66;0.0;0
605329;546;2;11;7;4;3;0;27;1;1;7;210;114;54;0.0;0
605329;530;7;15;11;4;11;6;73;5;0;2;584;496;85;0.0;0
605327;538;3;12;4;8;1;0;65;3;0;1;629;539;86;0.0;0
605327;531;1;6;3;3;3;1;35;1;0;3;312;220;71;0.0;0
605330;715;2;7;3;4;4;1;32;2;0;1;223;145;65;0.0;0
605330;548;1;7;2;5;6;2;68;3;0;1;454;369;81;0.0;0
605328;545;7;16;10;6;7;3;59;2;0;5;500;419;84;0.0;0
605328;533;8;13;11;2;2;3;41;2;1;6;352;252;72;0.0;0
605334;536;3;9;6;3;3;2;52;3;0;2;510;427;84;0.0;0
605334;543;3;13;8;5;6;1;48;7;0;2;438;350;80;0.0;0
605326;529;5;12;5;7;7;2;69;0;0;3;903;836;93;0.0;0
605326;726;4;8;8;0;3;0;31;2;0;1;394;329;84;0.0;0
605082;536;8;13;8;5;4;0;67;2;0;5;695;629;91;0.0;0
605082;797;5;11;3;8;1;0;33;1;0;6;332;276;83;0.0;0
605337;543;6;15;10;5;4;3;56;2;0;1;527;441;84;0.0;0
605337;539;1;7;2;5;1;4;44;0;0;4;399;308;77;0.0;0
605335;531;4;18;11;7;10;1;55;1;0;1;500;391;78;0.0;0
605335;545;2;4;4;0;1;2;45;1;0;3;406;304;75;0.0;0
605338;538;3;8;6;2;1;1;51;3;0;1;496;418;84;0.0;0
605338;541;4;16;13;3;7;0;49;4;0;2;471;394;84;0.0;0
605340;726;3;15;7;8;5;2;55;1;0;2;431;322;75;0.0;0
605340;727;2;7;3;4;1;3;45;2;0;3;357;248;69;0.0;0
605343;720;2;3;3;0;2;0;31;3;0;3;283;205;72;0.0;0
605343;536;4;11;5;6;8;1;69;1;0;1;613;542;88;0.0;0
605339;546;5;12;6;6;4;0;48;3;0;1;287;167;58;0.0;0
605339;797;2;6;4;2;8;2;52;7;0;4;299;179;60;0.0;0
605342;532;9;18;8;10;3;3;49;0;0;2;397;311;78;0.0;0
605342;715;3;15;6;9;4;5;51;3;0;6;405;310;77;0.0;0
605344;533;4;13;12;1;5;2;58;3;0;2;483;417;86;0.0;0
605344;724;3;9;6;3;6;2;42;3;0;2;329;263;80;0.0;0
605336;530;4;8;4;4;5;5;61;3;0;3;539;442;82;0.0;0
605336;542;3;9;7;2;5;1;39;3;0;3;326;225;69;0.0;0
605341;548;5;10;4;6;1;1;31;3;0;4;333;266;80;0.0;0
605341;529;10;14;8;6;1;2;69;2;0;4;746;673;90;0.0;0
605349;539;3;13;6;7;8;4;62;2;0;0;527;446;85;0.0;0
605349;726;2;6;4;2;2;4;38;2;0;3;332;241;73;0.0;0
605348;715;2;6;4;2;3;3;44;2;0;2;311;241;77;0.0;0
605348;533;6;15;12;3;5;0;56;2;0;2;407;337;83;0.0;0
605351;541;8;21;10;11;6;4;63;0;0;4;610;536;88;0.0;0
605351;545;4;10;4;6;9;0;37;2;0;6;327;245;75;0.0;0
605350;727;1;4;4;0;2;0;59;2;0;2;408;273;67;0.0;0
605350;546;2;6;2;4;4;3;41;3;0;2;271;135;50;0.0;0
605345;542;7;17;10;7;6;1;53;4;0;3;356;274;77;0.0;0
605345;538;6;8;7;1;2;4;47;5;1;6;329;233;71;0.0;0
605354;797;3;7;7;0;7;1;46;1;0;2;395;319;81;0.0;0
605354;543;3;13;7;6;2;2;54;4;0;2;480;404;84;0.0;0
605347;724;2;6;4;2;4;0;32;2;0;5;244;162;66;0.0;0
605347;532;6;11;6;5;13;2;68;2;0;0;540;457;85;0.0;0
605353;536;5;18;12;6;3;2;56;2;0;4;584;496;85;0.0;0
605353;530;4;9;3;6;2;3;44;4;0;4;443;352;79;0.0;0
605346;529;10;25;10;15;4;1;68;3;0;2;697;624;90;0.0;0
605346;720;2;7;3;4;1;2;32;3;1;9;317;237;75;0.0;0
605352;548;2;12;7;5;3;0;51;3;0;1;435;351;81;0.0;0
605352;531;2;11;6;5;6;3;49;1;0;2;405;317;78;0.0;0
605360;726;5;8;5;3;6;1;33;2;0;2;262;192;73;0.0;0
605360;797;2;8;4;4;6;0;67;2;0;2;525;467;89;0.0;0
605359;546;4;19;10;9;10;2;57;3;0;3;408;282;69;0.0;0
605359;724;3;8;5;3;4;2;43;2;0;3;310;177;57;0.0;0
605355;531;4;11;7;4;6;3;44;2;0;0;397;300;76;0.0;0
605355;542;0;9;6;3;6;4;56;2;0;4;501;400;80;0.0;0
605358;545;4;10;5;5;6;1;53;3;0;0;449;330;73;0.0;0
605358;539;1;6;4;2;3;5;47;2;0;4;417;299;72;0.0;0
605361;541;3;14;9;5;5;0;31;3;1;3;316;246;78;0.0;0
605361;529;4;18;11;7;6;1;69;4;0;1;707;636;90;0.0;0
605364;533;6;15;11;4;6;2;68;0;0;2;570;472;83;0.0;0
605364;727;4;12;9;3;5;2;32;0;0;6;258;169;66;0.0;0
605362;532;2;9;5;4;4;5;40;5;1;3;287;215;75;0.0;0
605362;548;5;16;10;6;5;2;60;4;0;0;427;343;80;0.0;0
605363;720;3;7;7;0;2;0;54;4;0;4;426;336;79;0.0;0
605363;715;6;12;9;3;4;3;46;2;0;2;358;263;73;0.0;0
605356;543;4;8;6;2;5;0;54;0;0;3;545;467;86;0.0;0
605356;530;4;10;6;4;5;3;46;0;0;4;458;379;83;0.0;0
605357;538;5;12;8;4;5;0;42;3;0;2;366;283;77;0.0;0
605357;536;6;13;7;6;2;0;58;2;0;2;496;420;85;0.0;0
605394;548;2;5;2;3;7;0;48;3;0;4;351;272;77;0.0;0
605394;536;7;15;12;3;3;2;52;2;0;1;378;304;80;0.0;0
605393;727;3;9;5;4;4;0;48;2;0;2;372;285;77;0.0;0
605393;797;2;8;4;4;5;0;52;1;0;2;383;310;81;0.0;0
605387;530;7;10;8;2;8;2;61;0;0;0;671;584;87;0.0;0
605387;545;0;0;0;0;3;0;39;1;0;2;423;325;77;0.0;0
605385;542;2;10;5;5;7;2;51;1;0;1;432;357;83;0.0;0
605385;726;1;9;4;5;3;4;49;2;0;1;409;329;80;0.0;0
605389;543;5;9;7;2;6;2;56;3;0;1;502;433;86;0.0;0
605389;532;3;9;6;3;3;4;44;1;0;3;391;330;84;0.0;0
605391;724;2;5;2;3;4;0;23;0;0;4;213;130;61;0.0;0
605391;538;4;11;5;6;7;4;77;1;0;2;744;664;89;0.0;0
605392;539;3;12;7;5;4;3;44;2;0;4;422;353;84;0.0;0
605392;533;7;14;10;4;5;5;56;1;0;2;552;480;87;0.0;0
605390;546;6;19;12;7;6;1;41;3;0;1;357;262;73;0.0;0
605390;541;2;10;6;4;6;4;59;1;0;6;527;439;83;0.0;0
605371;539;1;6;3;3;2;1;42;4;0;2;376;293;78;0.0;0
605371;536;3;10;8;2;3;3;58;1;0;1;516;440;85;0.0;0
605372;727;9;18;12;6;5;3;44;1;0;4;362;271;75;0.0;0
605372;532;5;10;3;7;6;1;56;2;0;6;453;362;80;0.0;0
605368;543;2;6;4;2;5;4;40;3;1;4;324;256;79;0.0;0
605368;531;4;16;9;7;4;3;60;2;0;2;478;416;87;0.0;0
605365;542;4;9;6;3;3;1;32;2;0;3;288;214;74;0.0;0
605365;533;5;10;7;3;8;2;68;1;0;2;592;521;88;0.0;0
605374;797;3;9;7;2;4;2;45;5;0;3;307;242;79;0.0;0
605374;720;4;12;8;4;6;1;55;3;0;2;366;283;77;0.0;0
605369;724;3;13;8;5;7;1;38;4;0;1;374;292;78;0.0;0
605369;541;4;14;10;4;3;2;62;3;0;3;614;533;87;0.0;0
605366;530;12;17;13;4;8;0;52;2;0;2;593;527;89;0.0;0
605366;726;2;5;4;1;1;1;48;0;0;10;524;464;89;0.0;0
605373;548;3;7;6;1;2;1;40;4;0;2;317;227;72;0.0;0
605373;538;3;10;7;3;4;3;60;5;0;1;445;345;78;0.0;0
605370;715;4;8;4;4;4;3;33;1;0;2;240;156;65;0.0;0
605370;545;3;16;11;5;7;1;67;1;0;0;474;387;82;0.0;0
605367;529;6;9;7;2;3;1;80;2;0;0;938;853;91;0.0;0
605367;546;1;5;5;0;1;1;20;0;0;2;222;147;66;0.0;0
605384;797;3;8;5;3;4;6;33;3;0;1;272;207;76;0.0;0
605384;539;1;6;4;2;2;0;67;4;0;2;544;465;85;0.0;0
605382;720;6;13;10;3;5;1;61;1;0;1;399;314;79;0.0;0
605382;724;2;6;3;3;7;0;39;3;0;5;238;171;72;0.0;0
605381;532;2;9;4;5;7;2;53;4;0;1;426;349;82;0.0;0
605381;542;2;6;5;1;2;3;47;0;1;1;365;273;75;0.0;0
605379;541;5;17;12;5;8;2;57;1;0;2;612;545;89;0.0;0
605379;543;2;6;3;3;2;2;43;2;0;5;456;382;84;0.0;0
605378;726;1;8;6;2;1;3;69;2;0;2;504;422;84;0.0;0
605378;546;4;6;5;1;0;4;31;4;0;1;226;139;62;0.0;0
605383;533;4;10;9;1;6;1;43;2;1;3;452;376;83;0.0;0
605383;529;5;15;12;3;1;6;57;3;0;3;593;531;90;0.0;0
605380;536;4;10;6;4;5;0;64;2;0;1;547;448;82;0.0;0
605380;715;2;4;4;0;5;1;36;3;0;2;292;199;68;0.0;0
605376;538;2;7;5;2;2;3;49;1;0;2;359;245;68;0.0;0
605376;727;3;12;10;2;8;2;51;4;0;0;353;232;66;0.0;0
605375;531;3;11;7;4;4;1;37;4;0;2;332;256;77;0.0;0
605375;530;3;14;9;5;11;2;63;2;0;1;535;458;86;0.0;0
605377;545;5;14;10;4;2;3;53;5;0;1;462;348;75;0.0;0
605377;548;2;5;4;1;3;1;47;1;0;5;415;294;71;0.0;0
605386;531;7;13;8;5;5;1;50;1;0;2;433;343;79;0.0;0
605386;720;4;14;8;6;7;1;50;1;0;5;408;323;79;0.0;0
605388;529;4;16;9;7;6;2;81;0;0;0;869;792;91;0.0;0
605388;715;2;5;3;2;1;1;19;4;0;3;185;119;64;0.0;0
605395;538;5;8;7;1;1;4;54;2;0;2;428;325;76;0.0;0
605395;539;2;10;7;3;5;1;46;2;0;3;347;249;72;0.0;0
605396;545;4;15;11;4;10;2;44;0;0;2;303;192;63;0.0;0
605396;542;2;6;3;3;5;0;56;2;0;1;394;281;71;0.0;0
605404;797;1;6;6;0;3;0;50;3;0;3;411;342;83;0.0;0
605404;530;4;11;6;5;2;4;50;3;0;1;412;337;82;0.0;0
605398;726;3;10;5;5;2;4;46;2;0;3;340;248;73;0.0;0
605398;548;3;7;4;3;7;5;54;2;0;3;397;308;78;0.0;0
605399;541;6;22;14;8;7;2;65;0;0;2;678;602;89;0.0;0
605399;727;2;3;0;3;0;1;35;2;0;4;354;266;75;0.0;0
605402;720;2;10;3;7;3;3;44;2;0;3;380;298;78;0.0;0
605402;543;4;11;7;4;2;3;56;5;0;1;488;411;84;0.0;0
605403;533;3;4;2;2;4;2;66;1;0;3;561;449;80;0.0;0
605403;546;3;15;6;9;4;3;34;2;0;2;267;161;60;0.0;0
605397;715;2;9;5;4;6;5;64;7;1;3;399;285;71;0.0;0
605397;724;4;8;4;4;5;3;36;2;0;2;209;119;57;0.0;0
605401;532;4;9;5;4;2;3;32;2;0;3;363;294;81;0.0;0
605401;529;7;14;11;3;1;1;68;1;0;2;777;699;90;0.0;0
605400;536;3;18;11;7;6;2;73;1;0;1;718;645;90;0.0;0
605400;531;2;8;3;5;2;4;27;0;0;3;246;175;71;0.0;0
605412;548;3;16;11;5;7;2;73;1;0;0;617;547;89;0.0;0
605412;797;0;1;1;0;0;0;27;3;1;1;229;145;63;0.0;0
605405;542;5;15;9;6;8;3;53;2;0;1;374;281;75;0.0;0
605405;539;3;6;5;1;3;1;47;1;0;3;337;253;75;0.0;0
605407;529;7;12;8;4;5;3;59;3;0;6;595;542;91;0.0;0
605407;530;6;11;9;2;7;3;41;3;0;7;409;350;86;0.0;0
605410;724;1;11;6;5;3;2;33;4;0;4;237;169;71;0.0;0
605410;726;5;13;8;5;3;1;67;0;0;0;493;429;87;0.0;0
605406;531;3;13;10;3;10;2;45;1;0;2;378;283;75;0.0;0
605406;727;4;13;7;6;4;1;55;2;0;1;467;368;79;0.0;0
605409;546;2;10;7;3;4;3;39;1;0;2;252;131;52;0.0;0
605409;545;3;7;5;2;2;5;61;2;0;2;393;268;68;0.0;0
605413;532;3;6;5;1;1;2;40;0;0;2;386;323;84;0.0;0
605413;720;2;19;9;10;9;3;60;0;0;0;531;460;87;0.0;0
605414;533;7;16;14;2;5;3;59;4;2;2;504;437;87;0.0;0
605414;538;6;11;6;5;3;2;41;3;1;5;343;254;74;0.0;0
605411;541;7;17;7;10;7;1;58;1;0;1;619;563;91;0.0;0
605411;536;3;7;5;2;3;0;42;2;0;5;446;381;85;0.0;0
605408;543;5;14;8;6;9;4;61;2;0;5;474;405;85;0.0;0
605408;715;5;11;7;4;2;4;39;4;0;3;290;194;67;0.0;0
605421;727;4;14;11;3;3;1;63;2;0;2;508;410;81;0.0;0
605421;724;4;10;7;3;5;0;37;2;0;1;279;182;65;0.0;0
605424;797;4;11;9;2;7;0;67;2;0;0;489;420;86;0.0;0
605424;542;2;9;6;3;5;3;33;4;0;3;240;177;74;0.0;0
605420;539;6;16;8;8;8;1;39;2;0;2;388;329;85;0.0;0
605420;529;5;17;12;5;6;1;61;2;0;3;628;555;88;0.0;0
605422;536;4;10;5;5;3;2;61;2;0;2;609;550;90;0.0;0
605422;532;2;6;2;4;5;0;39;2;0;3;388;323;83;0.0;0
605416;538;1;4;3;1;1;2;61;1;0;4;544;426;78;0.0;0
605416;546;4;13;8;5;5;3;39;3;0;0;317;215;68;0.0;0
605419;726;6;18;9;9;5;2;50;0;0;3;433;351;81;0.0;0
605419;531;3;4;2;2;0;1;50;1;0;5;422;318;75;0.0;0
605415;530;4;12;9;3;1;1;34;0;0;6;356;281;79;0.0;0
605415;548;7;14;12;2;7;0;66;0;0;2;657;582;89;0.0;0
605423;720;2;11;9;2;3;2;39;3;0;1;317;231;73;0.0;0
605423;533;3;9;6;3;6;1;61;1;0;2;514;408;79;0.0;0
605417;545;4;14;10;4;5;1;64;3;0;3;570;454;80;0.0;0
605417;543;4;9;3;6;4;0;36;1;0;3;328;198;60;0.0;0
605418;715;5;10;7;3;2;1;35;3;0;3;356;271;76;0.0;0
605418;541;7;16;13;3;3;1;65;3;0;4;661;585;89;0.0;0
605428;529;4;21;13;8;7;0;63;3;1;2;726;663;91;0.0;0
605428;538;4;4;3;1;1;1;37;2;0;3;416;331;80;0.0;0
605427;530;9;26;16;10;8;6;72;2;0;1;649;543;84;0.0;0
605427;727;2;5;2;3;0;2;28;2;0;7;244;141;58;0.0;0
605426;531;1;8;3;5;4;1;35;3;1;1;331;257;78;0.0;0
605426;541;2;11;8;3;11;1;65;1;0;1;601;540;90;0.0;0
605433;532;5;9;4;5;2;1;42;0;0;7;404;326;81;0.0;0
605433;545;8;20;14;6;10;2;58;0;0;1;516;458;89;0.0;0
605434;533;5;12;5;7;3;2;42;0;0;5;416;363;87;0.0;0
605434;536;5;17;12;5;6;3;58;3;1;1;563;511;91;0.0;0
605425;542;9;14;13;1;6;1;53;2;0;0;458;360;79;0.0;0
605425;715;2;5;2;3;1;2;47;4;0;5;406;302;74;0.0;0
605429;543;2;10;5;5;2;5;47;1;0;0;350;274;78;0.0;0
605429;726;0;7;1;6;5;3;53;5;1;1;382;293;77;0.0;0
605430;546;3;9;7;2;3;1;33;5;1;0;231;146;63;0.0;0
605430;539;1;4;2;2;4;1;67;0;0;1;478;382;80;0.0;0
605432;548;9;14;9;5;2;2;54;2;0;4;529;462;87;0.0;0
605432;720;5;19;12;7;4;4;46;4;1;5;421;356;85;0.0;0
605431;724;3;7;6;1;1;4;31;3;0;2;246;184;75;0.0;0
605431;797;5;20;15;5;8;3;69;4;0;3;526;472;90;0.0;0
605439;539;4;17;13;4;7;0;70;0;0;0;568;504;89;0.0;0
605439;724;2;6;2;4;0;0;30;2;0;2;248;171;69;0.0;0
605435;538;4;11;7;4;8;1;64;6;0;2;474;409;86;0.0;0
605435;543;5;11;7;4;4;2;36;7;1;2;264;200;76;0.0;0
605441;541;4;14;9;5;6;2;55;0;0;1;532;466;88;0.0;0
605441;533;2;6;3;3;1;1;45;0;0;2;443;373;84;0.0;0
605436;545;3;17;11;6;6;1;32;0;0;2;318;245;77;0.0;0
605436;529;3;7;3;4;3;3;68;3;0;3;701;616;88;0.0;0
605443;720;4;10;6;4;4;1;48;4;0;1;422;326;77;0.0;0
605443;530;3;14;12;2;6;4;52;6;0;3;445;347;78;0.0;0
605438;726;8;23;13;10;9;5;54;2;0;4;391;324;83;0.0;0
605438;532;4;11;4;7;3;2;46;1;0;8;362;282;78;0.0;0
605440;727;1;7;3;4;3;4;43;1;0;0;399;288;72;0.0;0
605440;548;1;11;9;2;3;3;57;0;0;1;535;434;81;0.0;0
605444;797;3;8;5;3;3;2;45;3;0;2;394;325;82;0.0;0
605444;531;2;8;4;4;1;2;55;0;0;1;491;401;82;0.0;0
605437;715;3;9;4;5;6;0;39;4;0;2;256;153;60;0.0;0
605437;546;2;11;5;6;3;3;61;2;0;2;400;285;71;0.0;0
605442;536;2;11;4;7;6;2;69;1;0;2;629;562;89;0.0;0
605442;542;2;11;5;6;4;0;31;0;0;1;268;198;74;0.0;0
720746;532;2;4;3;1;1;2;26;6;1;4;177;114;64;0.0;0
720746;546;4;22;11;11;9;2;74;2;0;1;483;419;87;0.0;0
720743;724;2;7;4;3;2;1;43;1;0;2;315;228;72;0.0;0
720743;539;3;12;6;6;4;1;57;5;0;1;421;353;84;0.0;0
720742;798;2;6;4;2;3;3;34;1;0;0;288;224;78;0.0;0
720742;543;0;9;7;2;3;0;66;3;0;1;568;503;89;0.0;0
720739;542;4;11;7;4;0;1;41;1;0;4;394;330;84;0.0;0
720739;541;7;19;10;9;4;2;59;2;0;3;584;518;89;0.0;0
720744;727;1;14;8;6;4;1;53;3;0;3;384;288;75;0.0;0
720744;540;3;10;5;5;6;3;47;3;0;1;352;250;71;0.0;0
720741;538;2;10;7;3;2;1;53;5;1;2;479;400;84;0.0;0
720741;530;5;13;10;3;5;1;47;5;1;1;429;344;80;0.0;0
720740;529;8;13;11;2;5;1;62;2;0;1;540;477;88;0.0;0
720740;548;3;11;8;3;3;2;38;4;0;4;330;258;78;0.0;0
720745;536;8;21;12;9;4;1;75;1;0;3;749;697;93;0.0;0
720745;728;3;4;2;2;0;1;25;0;1;5;242;168;69;0.0;0
720747;533;4;14;8;6;6;1;61;4;1;1;477;395;83;0.0;0
720747;715;1;6;3;3;2;0;39;1;0;3;307;231;75;0.0;0
720748;797;2;8;4;4;6;5;50;2;0;3;373;299;80;0.0;0
720748;531;3;9;6;3;8;1;50;2;0;2;373;294;79;0.0;0
720752;543;7;16;8;8;4;0;74;4;0;2;648;581;90;0.0;0
720752;724;3;8;6;2;5;0;26;0;0;6;208;128;62;0.0;0
720749;542;4;9;8;1;1;0;47;3;1;1;319;236;74;0.0;0
720749;798;2;12;4;8;8;2;53;3;0;4;353;278;79;0.0;0
720755;540;3;14;8;6;9;3;40;3;0;2;282;223;79;0.0;0
720755;533;2;12;9;3;7;3;60;4;0;3;432;380;88;0.0;0
720754;715;2;9;4;5;2;3;46;4;0;5;276;162;59;0.0;0
720754;532;7;18;10;8;6;3;54;2;0;1;310;214;69;0.0;0
720750;531;7;16;10;6;13;3;33;1;0;2;269;197;73;0.0;0
720750;529;3;9;8;1;2;2;67;2;1;5;589;514;87;0.0;0
720758;548;8;13;11;2;5;0;61;3;0;1;437;368;84;0.0;0
720758;728;1;9;4;5;4;2;39;4;0;7;268;203;76;0.0;0
720751;530;4;8;5;3;2;5;42;2;0;2;421;355;84;0.0;0
720751;797;2;4;1;3;1;0;58;2;0;3;582;514;88;0.0;0
720756;539;4;8;6;2;4;0;39;3;1;2;350;282;81;0.0;0
720756;541;5;20;10;10;6;5;61;2;0;1;560;502;90;0.0;0
720753;546;0;12;5;7;5;1;39;3;0;2;301;218;72;0.0;0
720753;536;3;9;7;2;4;3;61;2;0;0;495;419;85;0.0;0
720757;727;7;15;10;5;1;0;46;4;0;0;440;314;71;0.0;0
720757;538;0;4;0;4;2;2;54;3;0;7;521;394;76;0.0;0
720763;798;6;12;6;6;2;2;47;4;0;3;353;274;78;0.0;0
720763;540;3;8;4;4;2;1;53;3;1;5;393;313;80;0.0;0
720766;532;4;9;8;1;4;2;49;1;0;2;353;270;76;0.0;0
720766;542;2;9;5;4;4;2;51;4;0;1;373;284;76;0.0;0
720762;538;0;13;10;3;5;5;62;2;0;1;517;389;75;0.0;0
720762;531;2;6;6;0;4;1;38;1;0;0;314;193;61;0.0;0
720765;548;2;7;7;0;2;1;52;1;0;0;458;384;84;0.0;0
720765;539;0;6;1;5;2;1;48;1;0;1;421;345;82;0.0;0
720768;797;4;7;6;1;5;2;29;2;0;4;261;174;67;0.0;0
720768;536;5;18;13;5;3;0;71;0;0;3;650;579;89;0.0;0
720761;543;6;12;4;8;3;0;51;5;0;2;521;428;82;0.0;0
720761;541;3;13;9;4;7;5;49;3;0;6;496;412;83;0.0;0
720760;529;3;7;5;2;3;3;67;3;0;2;685;590;86;0.0;0
720760;546;3;8;3;5;2;1;33;1;0;1;337;251;74;0.0;0
720764;724;3;7;4;3;4;0;27;4;0;1;222;128;58;0.0;0
720764;727;4;14;9;5;11;1;73;0;0;1;612;504;82;0.0;0
720767;728;6;19;11;8;5;2;47;1;0;3;333;236;71;0.0;0
720767;715;3;9;5;4;6;0;53;4;0;2;385;275;71;0.0;0
720759;530;4;23;15;8;16;5;49;5;0;0;416;362;87;0.0;0
720759;533;2;2;2;0;0;1;51;2;0;2;472;390;83;0.0;0
720774;539;2;7;4;3;2;3;45;3;0;5;335;253;76;0.0;0
720774;728;6;22;13;9;5;2;55;4;0;1;402;325;81;0.0;0
720769;531;5;19;16;3;7;3;48;1;0;1;358;267;75;0.0;0
720769;798;1;7;1;6;2;0;52;2;0;4;408;310;76;0.0;0
720773;540;3;9;5;4;6;2;42;1;0;1;376;302;80;0.0;0
720773;530;3;13;8;5;3;2;58;4;0;2;516;437;85;0.0;0
720775;727;2;11;6;5;4;4;57;4;0;1;417;308;74;0.0;0
720775;532;4;10;6;4;4;2;43;2;0;1;313;213;68;0.0;0
720771;724;1;6;4;2;2;2;22;4;1;2;180;100;56;0.0;0
720771;548;4;16;12;4;8;4;78;0;0;1;635;554;87;0.0;0
720776;541;11;15;15;0;7;3;60;2;0;3;613;542;88;0.0;0
720776;538;4;11;8;3;3;0;40;3;0;7;413;339;82;0.0;0
720770;546;1;10;4;6;8;4;56;2;0;2;507;420;83;0.0;0
720770;797;3;8;4;4;2;5;44;4;0;1;405;314;78;0.0;0
720772;715;2;11;5;6;6;3;43;1;0;7;359;281;78;0.0;0
720772;543;9;19;12;7;8;1;57;2;0;1;492;411;84;0.0;0
720783;538;4;14;8;6;7;0;78;3;0;1;681;565;83;0.0;0
720783;724;3;7;4;3;1;0;22;3;0;3;195;87;45;0.0;0
720787;728;5;11;7;4;5;4;50;6;0;3;308;229;74;0.0;0
720787;546;3;13;5;8;3;0;50;7;0;2;313;202;65;0.0;0
720780;530;2;14;8;6;5;1;55;6;1;0;489;402;82;0.0;0
720780;531;0;6;4;2;5;1;45;2;0;2;409;320;78;0.0;0
720788;797;2;9;6;3;4;2;54;2;0;5;431;373;87;0.0;0
720788;539;6;11;8;3;7;2;46;2;0;1;373;305;82;0.0;0
720779;542;3;8;3;5;2;2;56;4;0;3;447;328;73;0.0;0
720779;727;5;13;8;5;8;0;44;3;0;3;355;231;65;0.0;0
720784;798;1;10;8;2;3;4;34;2;0;3;281;200;71;0.0;0
720784;533;3;11;9;2;1;2;66;3;0;1;551;472;86;0.0;0
720785;548;4;11;5;6;5;2;47;2;0;4;350;281;80;0.0;0
720785;536;4;11;8;3;6;2;53;3;0;4;395;320;81;0.0;0
720782;543;9;23;18;5;10;0;60;4;1;2;475;415;87;0.0;0
720782;540;4;11;8;3;4;4;40;4;0;8;315;245;78;0.0;0
720786;532;4;12;8;4;2;0;39;1;0;8;325;254;78;0.0;0
720786;541;10;18;12;6;5;1;61;5;0;3;543;479;88;0.0;0
720781;529;6;17;13;4;12;1;77;3;0;1;638;582;91;0.0;0
720781;715;2;5;4;1;4;0;23;6;0;5;195;121;62;0.0;0
720790;546;1;7;4;3;2;3;32;4;1;2;254;158;62;0.0;0
720790;530;4;12;8;4;5;2;68;5;0;1;543;438;81;0.0;0
720789;531;1;8;5;3;2;1;47;3;0;1;387;276;71;0.0;0
720789;728;3;8;4;4;1;2;53;3;0;1;436;332;76;0.0;0
720794;539;2;6;3;3;2;1;45;3;0;0;367;265;72;0.0;0
720794;538;2;4;4;0;4;4;55;2;0;2;449;348;78;0.0;0
720797;536;5;11;6;5;1;2;58;5;0;2;439;353;80;0.0;0
720797;532;3;8;6;2;4;0;42;3;0;2;306;233;76;0.0;0
720793;540;2;10;10;0;4;3;53;2;0;2;425;345;81;0.0;0
720793;542;2;7;6;1;8;5;47;1;0;1;367;279;76;0.0;0
720798;533;9;14;10;4;8;3;60;1;0;2;536;456;85;0.0;0
720798;797;3;9;7;2;7;1;40;2;0;5;340;263;77;0.0;0
720796;541;12;18;12;6;3;2;59;2;0;4;534;475;89;0.0;0
720796;798;5;17;10;7;2;0;41;1;0;5;366;312;85;0.0;0
720792;715;2;10;7;3;4;1;38;5;0;8;296;211;71;0.0;0
720792;548;11;20;12;8;7;1;62;1;0;0;476;391;82;0.0;0
720795;727;3;11;5;6;4;2;48;2;0;6;373;274;73;0.0;0
720795;543;9;16;8;8;7;2;52;0;0;2;410;319;78;0.0;0
720791;724;3;13;8;5;4;1;32;3;0;2;281;201;72;0.0;0
720791;529;2;6;4;2;5;1;68;4;1;3;637;550;86;0.0;0
720799;542;1;7;6;1;3;0;29;2;0;1;237;151;64;0.0;0
720799;530;1;13;6;7;8;2;71;3;0;0;576;494;86;0.0;0
720807;532;6;13;7;6;4;0;52;5;1;3;355;262;74;0.0;0
720807;531;4;12;9;3;5;3;48;2;0;5;328;228;70;0.0;0
720806;536;5;12;7;5;4;4;54;4;1;2;482;415;86;0.0;0
720806;540;2;13;5;8;8;2;46;0;0;4;396;331;84;0.0;0
720804;541;2;15;8;7;6;3;49;1;0;2;500;449;90;0.0;0
720804;533;2;6;4;2;3;3;51;2;0;2;543;480;88;0.0;0
720803;798;8;17;9;8;5;4;56;2;0;3;362;284;78;0.0;0
720803;727;6;11;4;7;5;0;44;3;0;6;292;199;68;0.0;0
720800;529;12;20;12;8;11;0;70;1;0;2;686;624;91;0.0;0
720800;539;2;6;4;2;1;0;30;3;0;9;290;210;72;0.0;0
720805;548;5;18;13;5;6;4;64;1;0;2;533;459;86;0.0;0
720805;797;2;5;2;3;1;0;36;3;0;3;296;216;73;0.0;0
720808;728;6;13;11;2;4;2;59;2;0;0;441;336;76;0.0;0
720808;724;1;6;6;0;3;2;41;4;0;3;289;184;64;0.0;0
720801;543;5;20;12;8;3;3;51;1;0;3;460;372;81;0.0;0
720801;546;3;8;4;4;3;1;49;3;0;3;418;337;81;0.0;0
720802;538;5;14;9;5;5;1;73;2;0;4;587;497;85;0.0;0
720802;715;4;7;5;2;3;0;27;7;0;4;213;114;54;0.0;0
720809;531;5;16;13;3;13;0;56;3;0;5;423;338;80;0.0;0
720809;542;5;17;15;2;9;2;44;2;0;4;340;254;75;0.0;0
720816;727;3;7;5;2;6;1;51;3;0;0;395;284;72;0.0;0
720816;728;0;7;3;4;3;0;49;3;0;2;381;279;73;0.0;0
720811;798;7;11;6;5;8;0;53;4;0;2;360;290;81;0.0;0
720811;539;2;6;4;2;3;3;47;4;0;6;311;245;79;0.0;0
720813;724;1;2;2;0;1;1;32;3;0;4;246;147;60;0.0;0
720813;532;4;16;7;9;3;1;68;4;0;1;523;424;81;0.0;0
720810;530;3;6;4;2;2;0;29;2;0;2;303;228;75;0.0;0
720810;529;2;9;3;6;6;3;71;1;0;1;728;649;89;0.0;0
720818;797;5;12;8;4;7;2;45;4;0;1;325;237;73;0.0;0
720818;538;1;10;5;5;4;3;55;3;0;3;405;313;77;0.0;0
720815;540;4;8;3;5;2;1;35;2;0;3;311;250;80;0.0;0
720815;541;4;18;13;5;8;4;65;1;0;2;581;526;91;0.0;0
720817;533;5;11;10;1;4;4;58;2;0;3;570;503;88;0.0;0
720817;543;3;10;5;5;6;8;42;4;0;2;397;328;83;0.0;0
720812;546;2;9;4;5;2;3;38;4;0;4;273;164;60;0.0;0
720812;548;5;10;6;4;5;4;62;2;0;1;451;340;75;0.0;0
720814;715;1;3;0;3;2;2;32;3;0;3;291;205;70;0.0;0
720814;536;3;14;8;6;6;0;68;4;1;0;635;540;85;0.0;0
720824;539;2;6;4;2;3;2;53;3;0;4;459;383;83;0.0;0
720824;546;4;14;7;7;11;0;47;3;0;2;405;319;79;0.0;0
720826;548;2;10;3;7;2;2;50;3;1;1;377;309;82;0.0;0
720826;798;1;7;4;3;6;5;50;3;0;1;371;300;81;0.0;0
720827;728;4;10;7;3;6;7;53;2;0;2;356;264;74;0.0;0
720827;797;3;7;4;3;2;1;47;2;0;2;338;248;73;0.0;0
720821;538;3;14;8;6;5;5;46;2;0;1;400;319;80;0.0;0
720821;536;2;8;5;3;4;2;54;3;0;3;486;399;82;0.0;0
720828;533;6;11;7;4;4;4;73;1;0;0;636;554;87;0.0;0
720828;727;2;6;6;0;4;3;27;5;0;5;231;147;64;0.0;0
720820;529;5;12;7;5;9;3;61;2;0;2;532;481;90;0.0;0
720820;532;3;9;2;7;3;2;39;3;0;2;342;277;81;0.0;0
720819;542;2;14;9;5;7;3;36;1;0;3;312;238;76;0.0;0
720819;543;4;19;14;5;7;2;64;1;0;2;567;488;86;0.0;0
720823;540;6;14;10;4;7;2;54;1;0;3;460;380;83;0.0;0
720823;724;2;13;7;6;9;0;46;0;0;4;371;300;81;0.0;0
720835;727;6;17;10;7;4;1;42;1;1;3;298;208;70;0.0;0
720835;715;4;9;3;6;1;3;58;3;0;4;415;316;76;0.0;0
720837;532;6;20;13;7;5;0;73;5;0;3;511;418;82;0.0;0
720837;798;4;9;2;7;0;1;27;6;2;3;205;132;64;0.0;0
720834;724;4;23;14;9;14;0;61;0;0;2;472;382;81;0.0;0
720834;542;4;8;7;1;3;1;39;2;0;3;324;223;69;0.0;0
720838;797;7;12;4;8;3;2;58;3;0;5;553;494;89;0.0;0
720838;540;7;20;8;12;7;1;42;1;0;5;403;341;85;0.0;0
720829;531;7;14;10;4;9;3;52;0;0;2;448;382;85;0.0;0
720829;533;3;11;7;4;2;4;48;3;0;5;423;364;86;0.0;0
720836;536;11;18;14;4;10;2;61;1;0;4;552;486;88;0.0;0
720836;539;7;12;8;4;3;0;39;2;0;6;351;297;85;0.0;0
720831;529;2;12;9;3;7;2;52;1;0;3;458;407;89;0.0;0
720831;541;5;10;9;1;4;5;48;1;0;1;453;380;84;0.0;0
720832;543;5;11;6;5;4;3;46;1;0;1;398;333;84;0.0;0
720832;728;3;14;5;9;4;3;54;2;0;2;454;388;85;0.0;0
720830;530;4;17;10;7;4;2;56;1;0;2;510;436;85;0.0;0
720830;548;4;8;6;2;3;1;44;3;0;2;412;331;80;0.0;0
720833;546;2;11;5;6;2;0;34;2;2;5;325;243;75;0.0;0
720833;538;8;16;12;4;7;1;66;2;0;2;628;535;85;0.0;0
720839;542;5;16;9;7;4;2;38;1;0;1;312;247;79;0.0;0
720839;797;1;4;1;3;7;2;62;1;0;4;488;409;84;0.0;0
720844;540;3;14;5;9;8;0;46;1;1;5;383;323;84;0.0;0
720844;531;7;23;19;4;12;2;54;2;0;2;455;392;86;0.0;0
720848;533;5;14;12;2;8;4;77;3;0;1;653;564;86;0.0;0
720848;724;4;9;8;1;2;8;23;6;0;2;185;114;62;0.0;0
720847;728;3;13;8;5;3;5;31;2;0;1;266;188;71;0.0;0
720847;529;1;16;12;4;7;1;69;2;0;2;594;521;88;0.0;0
720842;798;4;11;8;3;4;1;30;4;1;2;258;187;72;0.0;0
720842;536;3;10;5;5;2;2;70;6;0;3;614;541;88;0.0;0
720840;543;9;14;10;4;4;2;61;2;0;3;402;313;78;0.0;0
720840;532;4;10;9;1;7;1;39;5;0;5;238;152;64;0.0;0
720846;541;3;17;7;10;11;5;75;1;0;0;726;656;90;0.0;0
720846;727;0;7;6;1;3;0;25;1;0;3;245;165;67;0.0;0
720841;538;6;14;8;6;7;3;57;1;0;2;502;414;82;0.0;0
720841;548;4;11;8;3;6;0;43;0;0;6;391;295;75;0.0;0
720843;715;3;18;10;8;5;3;77;1;0;3;580;482;83;0.0;0
720843;546;4;6;3;3;0;2;23;4;0;2;183;108;59;0.0;0
720845;539;3;10;8;2;5;4;35;3;1;1;317;244;77;0.0;0
720845;530;3;7;4;3;2;4;65;5;0;1;608;526;87;0.0;0
720858;797;4;13;8;5;5;1;44;2;1;3;439;386;88;0.0;0
720858;541;5;17;11;6;4;1;56;0;0;3;583;526;90;0.0;0
720855;536;4;16;12;4;4;5;64;2;0;3;514;420;82;0.0;0
720855;727;3;10;5;5;5;3;36;2;0;2;272;169;62;0.0;0
720856;532;3;9;5;4;7;4;25;2;0;1;176;101;57;0.0;0
720856;533;1;11;9;2;6;2;75;4;0;0;552;471;85;0.0;0
720850;529;5;16;6;10;9;1;79;0;0;1;811;737;91;0.0;0
720850;542;2;3;3;0;0;2;21;2;0;4;212;136;64;0.0;0
720852;724;2;13;10;3;6;4;44;3;0;4;297;213;72;0.0;0
720852;798;5;11;5;6;5;2;56;7;1;1;402;311;77;0.0;0
720849;530;9;18;17;1;13;3;47;0;0;1;440;365;83;0.0;0
720849;543;1;8;5;3;0;1;53;0;0;7;513;427;83;0.0;0
720851;546;7;12;7;5;6;1;44;7;0;2;308;233;76;0.0;0
720851;540;3;10;6;4;11;2;56;4;0;5;384;300;78;0.0;0
720854;548;3;8;6;2;2;4;54;4;0;4;450;383;85;0.0;0
720854;531;5;11;8;3;7;4;46;3;1;2;379;297;78;0.0;0
720857;728;5;11;3;8;4;3;53;2;0;4;354;256;72;0.0;0
720857;538;4;10;4;6;7;3;47;5;0;5;307;205;67;0.0;0
720853;539;3;12;7;5;3;3;48;4;0;3;398;312;78;0.0;0
720853;715;6;12;7;5;5;1;52;2;0;3;448;351;78;0.0;0
720860;531;5;15;11;4;5;1;70;3;0;3;569;459;81;0.0;0
720860;724;4;8;5;3;1;0;30;1;0;4;233;129;55;0.0;0
720864;540;6;17;13;4;5;3;43;1;0;5;357;299;84;0.0;0
720864;715;5;18;11;7;3;2;57;1;0;4;460;394;86;0.0;0
720862;538;4;18;14;4;3;2;53;3;0;3;509;426;84;0.0;0
720862;529;6;10;7;3;1;2;47;6;0;1;482;413;86;0.0;0
720859;542;3;10;6;4;1;2;61;3;0;6;418;323;77;0.0;0
720859;539;7;12;6;6;3;2;39;3;0;1;290;198;68;0.0;0
720866;541;7;15;14;1;4;4;55;1;0;5;551;488;89;0.0;0
720866;728;7;19;13;6;5;0;45;2;0;5;442;394;89;0.0;0
720868;533;4;10;9;1;6;6;67;1;0;2;638;540;85;0.0;0
720868;546;2;5;2;3;4;2;33;2;0;3;306;213;70;0.0;0
720867;532;5;11;6;5;9;0;48;2;0;4;419;319;76;0.0;0
720867;530;7;13;8;5;0;0;52;2;0;3;475;381;80;0.0;0
720865;727;2;6;4;2;5;2;43;0;0;1;373;302;81;0.0;0
720865;548;4;9;5;4;2;3;57;2;0;2;517;439;85;0.0;0
720863;798;6;18;6;12;3;6;52;2;0;0;376;307;82;0.0;0
720863;797;2;7;5;2;3;0;48;3;0;4;361;273;76;0.0;0
720861;543;1;8;3;5;2;1;26;3;1;1;258;177;69;0.0;0
720861;536;2;12;8;4;1;4;74;1;0;1;759;691;91;0.0;0
720874;539;2;15;8;7;6;1;49;2;0;2;422;317;75;0.0;0
720874;531;2;7;5;2;3;2;51;1;0;2;449;334;74;0.0;0
720871;538;3;12;5;7;3;6;57;1;0;5;474;379;80;0.0;0
720871;533;6;18;13;5;5;0;43;1;0;2;358;268;75;0.0;0
720876;536;6;16;14;2;5;5;68;4;0;1;538;439;82;0.0;0
720876;542;3;8;6;2;2;1;32;4;0;4;258;142;55;0.0;0
720869;530;2;15;10;5;7;4;61;2;0;3;536;458;85;0.0;0
720869;727;3;9;2;7;4;0;39;2;0;1;358;267;75;0.0;0
720870;529;6;16;11;5;4;7;65;4;0;3;663;592;89;0.0;0
720870;540;2;12;9;3;4;1;35;2;0;5;344;273;79;0.0;0
720872;546;8;17;12;5;3;0;47;2;0;2;397;310;78;0.0;0
720872;724;2;10;6;4;7;0;53;4;0;5;429;341;79;0.0;0
720873;715;3;11;6;5;8;2;32;1;1;5;302;239;79;0.0;0
720873;541;10;21;17;4;6;3;68;1;0;3;687;626;91;0.0;0
720878;797;4;14;8;6;10;1;58;1;0;1;474;417;88;0.0;0
720878;543;4;9;7;2;1;2;42;2;1;4;371;300;81;0.0;0
720875;548;2;9;4;5;2;3;62;4;1;3;486;385;79;0.0;0
720875;532;3;8;6;2;4;0;38;7;0;2;279;180;65;0.0;0
720877;728;6;15;11;4;6;2;53;3;0;4;362;273;75;0.0;0
720877;798;5;11;5;6;4;1;47;2;0;2;325;242;74;0.0;0
720880;531;5;17;8;9;8;5;63;1;1;1;511;425;83;0.0;0
720880;715;4;8;6;2;3;3;37;2;0;3;313;204;65;0.0;0
720879;542;5;13;10;3;5;0;42;3;0;3;378;275;73;0.0;0
720879;538;5;8;5;3;3;2;58;2;0;4;526;420;80;0.0;0
720887;532;4;9;7;2;3;2;42;6;0;4;296;191;65;0.0;0
720887;728;6;12;8;4;9;3;58;5;0;3;402;291;72;0.0;0
720882;798;2;12;8;4;2;4;53;3;0;0;431;332;77;0.0;0
720882;546;0;11;5;6;0;2;47;0;0;2;385;284;74;0.0;0
720888;533;2;14;12;2;4;3;50;2;0;3;411;343;83;0.0;0
720888;529;6;12;9;3;4;4;50;2;0;1;409;331;81;0.0;0
720881;543;8;26;16;10;5;3;60;2;0;1;418;336;80;0.0;0
720881;539;2;8;4;4;8;8;40;3;0;5;265;176;66;0.0;0
720884;540;2;8;5;3;2;1;40;1;0;5;376;299;80;0.0;0
720884;548;4;10;8;2;9;2;60;1;0;1;570;497;87;0.0;0
720883;724;1;9;6;3;4;2;37;2;0;3;369;302;82;0.0;0
720883;530;7;17;15;2;8;2;63;0;0;0;671;588;88;0.0;0
720886;541;4;14;6;8;0;0;53;3;0;4;549;489;89;0.0;0
720886;536;6;11;7;4;4;1;47;3;0;2;482;431;89;0.0;0
720885;727;4;17;9;8;5;2;50;1;0;3;386;289;75;0.0;0
720885;797;4;10;8;2;4;0;50;3;0;3;393;287;73;0.0;0
720825;541;7;17;6;11;7;3;62;2;0;2;674;605;90;0.0;0
720825;531;2;18;14;4;6;0;38;3;0;6;387;310;80;0.0;0
720893;715;2;9;7;2;3;3;44;2;0;2;321;237;74;0.0;0
720893;542;2;14;10;4;5;2;56;2;0;0;423;338;80;0.0;0
720896;536;3;8;5;3;5;2;45;2;0;2;366;278;76;0.0;0
720896;533;2;16;11;5;8;1;55;2;0;2;444;351;79;0.0;0
720890;529;3;12;7;5;6;3;63;1;0;1;614;547;89;0.0;0
720890;543;2;8;5;3;1;3;37;2;0;3;362;278;77;0.0;0
720889;530;6;14;13;1;8;1;59;2;0;1;484;411;85;0.0;0
720889;798;3;10;4;6;5;1;41;5;0;5;351;274;78;0.0;0
720895;548;0;11;5;6;5;1;51;2;0;6;484;428;88;0.0;0
720895;541;8;13;9;4;5;1;49;0;0;0;478;409;86;0.0;0
720897;728;0;7;3;4;6;3;50;3;0;3;404;317;78;0.0;0
720897;540;3;10;4;6;3;0;50;3;1;0;423;334;79;0.0;0
720898;797;3;8;7;1;3;3;57;7;0;5;458;370;81;0.0;0
720898;724;6;15;8;7;3;0;43;3;0;0;327;247;76;0.0;0
720894;539;3;11;7;4;7;1;58;2;0;1;499;388;78;0.0;0
720894;727;1;11;4;7;2;1;42;3;0;3;367;256;70;0.0;0
720891;538;5;11;8;3;6;0;67;3;0;3;523;409;78;0.0;0
720891;532;5;8;6;2;4;0;33;2;0;4;267;154;58;0.0;0
720892;546;5;17;8;9;5;0;45;2;0;3;389;274;70;0.0;0
720892;531;3;9;4;5;3;4;55;1;0;5;473;362;77;0.0;0
720902;798;1;12;5;7;7;0;48;3;0;5;288;160;56;0.0;0
720902;538;5;14;7;7;4;0;52;2;0;1;318;182;57;0.0;0
720904;540;8;17;8;9;4;5;52;4;0;2;456;385;84;0.0;0
720904;539;5;14;10;4;2;1;48;4;1;4;419;346;83;0.0;0
720899;542;1;9;5;4;1;1;65;4;1;1;532;429;81;0.0;0
720899;546;2;11;7;4;1;5;35;4;0;0;290;187;64;0.0;0
720907;532;8;21;15;6;8;2;41;3;0;3;269;194;72;0.0;0
720907;797;4;8;5;3;1;2;59;2;0;5;415;324;78;0.0;0
720900;531;2;13;6;7;9;0;55;4;0;0;514;402;78;0.0;0
720900;536;1;6;3;3;2;1;45;3;0;2;437;320;73;0.0;0
720908;533;5;13;10;3;5;3;52;1;0;6;414;329;79;0.0;0
720908;728;7;19;12;7;6;3;48;3;0;3;370;305;82;0.0;0
720905;727;3;8;5;3;6;4;38;5;0;0;272;191;70;0.0;0
720905;529;2;10;4;6;5;2;62;4;0;1;461;388;84;0.0;0
720901;543;5;11;7;4;4;3;48;3;0;5;353;278;79;0.0;0
720901;548;5;15;10;5;7;5;52;1;0;1;369;305;83;0.0;0
720906;541;3;7;5;2;3;0;61;2;0;6;639;580;91;0.0;0
720906;530;6;9;5;4;6;1;39;3;0;1;386;333;86;0.0;0
720903;724;3;13;5;8;8;2;34;5;1;4;241;142;59;0.0;0
720903;715;5;16;10;6;1;1;66;0;0;2;478;381;80;0.0;0
720911;538;5;12;7;5;3;6;52;2;0;2;545;455;83;0.0;0
720911;540;3;6;2;4;3;2;48;1;0;2;494;405;82;0.0;0
720918;728;5;20;12;8;5;2;62;1;0;4;429;326;76;0.0;0
720918;542;4;6;2;4;5;0;38;2;0;3;271;155;57;0.0;0
720916;548;4;8;8;0;5;2;39;2;1;4;276;188;68;0.0;0
720916;533;8;15;13;2;5;3;61;3;0;3;445;357;80;0.0;0
720910;529;8;19;15;4;5;3;73;1;0;1;713;643;90;0.0;0
720910;797;3;5;5;0;0;4;27;3;0;4;253;177;70;0.0;0
720917;536;2;6;5;1;4;0;55;3;0;2;499;420;84;0.0;0
720917;530;3;15;9;6;7;1;45;1;0;0;405;310;77;0.0;0
720913;715;6;15;11;4;4;1;46;3;0;4;287;195;68;0.0;0
720913;798;5;8;3;5;2;5;54;2;0;3;350;270;77;0.0;0
720909;531;6;9;6;3;5;5;44;1;0;6;383;298;78;0.0;0
720909;543;8;16;12;4;6;1;56;3;0;3;500;407;81;0.0;0
720912;546;4;18;12;6;4;3;49;3;0;2;383;281;73;0.0;0
720912;727;2;11;5;6;3;4;51;1;0;3;410;299;73;0.0;0
720915;541;9;36;19;17;13;3;82;1;0;0;804;732;91;0.0;0
720915;724;0;4;3;1;2;1;18;1;0;9;175;93;53;0.0;0
720914;539;9;15;13;2;6;5;51;4;1;4;353;265;75;0.0;0
720914;532;8;15;10;5;4;2;49;5;1;6;346;253;73;0.0;0
720778;533;10;24;20;4;6;2;62;0;0;1;535;462;86;0.0;0
720778;542;2;4;2;2;2;7;38;2;0;5;314;248;79;0.0;0
720777;536;1;5;4;1;4;2;41;2;1;6;354;278;79;0.0;0
720777;529;7;23;12;11;9;1;59;3;0;0;491;422;86;0.0;0
720822;715;4;6;4;2;2;1;40;4;0;2;353;272;77;0.0;0
720822;530;3;15;12;3;7;6;60;1;0;2;521;436;84;0.0;0
720939;531;2;15;10;5;7;2;40;2;0;5;428;374;87;0.0;0
720939;541;7;12;6;6;0;1;60;2;0;1;668;603;90;0.0;0
720926;532;2;12;7;5;7;0;37;7;1;2;279;202;72;0.0;0
720926;540;4;15;7;8;5;3;63;3;0;0;516;446;86;0.0;0
720923;546;3;6;3;3;2;0;26;3;0;4;260;180;69;0.0;0
720923;541;4;14;6;8;9;6;74;2;0;2;724;633;87;0.0;0
720920;530;5;15;11;4;8;2;50;3;0;0;459;364;79;0.0;0
720920;728;0;5;1;4;2;1;50;0;0;3;457;375;82;0.0;0
720928;797;2;18;11;7;6;1;48;3;1;5;359;274;76;0.0;0
720928;715;5;10;8;2;3;2;52;3;0;2;409;316;77;0.0;0
720919;542;5;19;10;9;2;2;35;3;0;3;268;160;60;0.0;0
720919;548;4;9;5;4;3;0;65;3;0;4;518;395;76;0.0;0
720921;543;7;18;10;8;3;1;54;1;0;3;527;425;81;0.0;0
720921;538;5;7;6;1;3;0;46;2;0;7;468;354;76;0.0;0
720922;798;3;13;7;6;4;2;35;5;0;2;300;234;78;0.0;0
720922;529;4;13;10;3;3;1;65;2;0;3;568;499;88;0.0;0
720927;533;7;17;14;3;6;0;58;3;0;3;487;422;87;0.0;0
720927;539;3;7;4;3;5;4;42;2;0;2;356;287;81;0.0;0
720925;727;4;15;6;9;4;0;57;5;1;2;472;389;82;0.0;0
720925;531;5;17;11;6;5;3;43;2;0;3;361;260;72;0.0;0
720924;724;2;8;3;5;2;1;25;0;0;2;252;166;66;0.0;0
720924;536;4;14;8;6;8;4;75;1;0;2;771;699;91;0.0;0
720932;539;8;16;8;8;5;0;43;3;1;8;364;264;73;0.0;0
720932;798;8;15;5;10;5;2;57;1;0;6;485;390;80;0.0;0
720935;548;3;12;10;2;6;2;41;3;0;0;323;229;71;0.0;0
720935;538;0;4;4;0;4;1;59;3;0;2;472;366;78;0.0;0
720930;715;4;14;8;6;3;2;35;2;0;0;301;216;72;0.0;0
720930;529;1;13;6;7;2;3;65;5;1;3;581;496;85;0.0;0
720934;541;8;23;13;10;3;4;67;3;0;6;613;559;91;0.0;0
720934;532;7;12;3;9;8;0;33;3;0;4;283;222;78;0.0;0
720937;728;7;17;11;6;6;3;58;1;0;4;445;366;82;0.0;0
720937;543;5;9;5;4;4;0;42;3;1;6;328;240;73;0.0;0
720936;536;1;10;5;5;5;3;67;1;0;2;627;552;88;0.0;0
720936;546;2;4;2;2;2;2;33;3;0;0;306;228;75;0.0;0
720929;542;1;12;7;5;7;1;42;2;0;2;334;210;63;0.0;0
720929;531;2;10;6;4;5;2;58;0;0;1;478;359;75;0.0;0
720933;727;5;15;11;4;5;0;60;2;0;1;484;385;80;0.0;0
720933;724;1;6;3;3;7;1;40;2;0;3;323;213;66;0.0;0
720938;533;3;13;12;1;7;0;60;0;0;3;541;435;80;0.0;0
720938;530;5;7;3;4;3;5;40;2;1;1;357;273;76;0.0;0
720931;540;2;11;5;6;13;3;54;4;0;0;448;365;81;0.0;0
720931;797;2;3;2;1;0;2;46;6;0;1;397;310;78;0.0;0
720948;797;2;5;2;3;3;4;49;4;0;4;362;261;72;0.0;0
720948;533;4;9;6;3;8;5;51;3;0;1;370;270;73;0.0;0
720942;543;5;18;15;3;8;3;61;2;0;2;507;403;79;0.0;0
720942;542;2;9;2;7;3;5;39;0;0;1;316;199;63;0.0;0
720946;724;4;10;8;2;3;0;47;5;0;5;385;304;79;0.0;0
720946;540;7;14;8;6;2;2;53;1;0;2;436;356;82;0.0;0
720943;538;3;5;4;1;0;0;47;1;0;0;463;334;72;0.0;0
720943;727;0;9;5;4;5;0;53;2;0;1;498;385;77;0.0;0
720947;532;2;10;4;6;4;2;32;3;1;3;246;170;69;0.0;0
720947;536;3;12;10;2;4;1;68;3;0;1;566;488;86;0.0;0
720945;546;4;12;6;6;4;1;50;3;0;2;397;297;75;0.0;0
720945;715;4;7;5;2;8;1;50;4;0;0;396;290;73;0.0;0
720952;540;4;12;11;1;6;3;38;3;1;4;349;297;85;0.0;0
720952;543;8;15;12;3;5;1;62;4;0;3;597;530;89;0.0;0
720953;539;8;15;11;4;8;5;66;4;0;0;514;428;83;0.0;0
720953;724;2;8;4;4;2;1;34;6;0;8;276;189;68;0.0;0
720958;533;6;12;8;4;10;3;56;1;0;2;485;387;80;0.0;0
720958;798;2;8;7;1;6;3;44;2;1;4;378;295;78;0.0;0
720956;536;5;16;9;7;7;0;65;1;0;2;560;470;84;0.0;0
720956;538;4;6;5;1;0;1;35;4;0;2;308;211;69;0.0;0
720950;530;6;16;14;2;5;4;65;6;0;1;453;367;81;0.0;0
720950;532;3;7;4;3;4;0;35;6;0;3;246;147;60;0.0;0
720951;715;2;6;4;2;4;1;55;0;0;5;372;252;68;0.0;0
720951;727;7;16;12;4;3;4;45;2;0;2;302;205;68;0.0;0
720954;541;8;23;15;8;10;1;65;3;0;0;617;542;88;0.0;0
720954;797;2;3;2;1;3;0;35;1;0;6;344;271;79;0.0;0
720955;548;3;9;6;3;7;3;70;1;0;2;637;526;83;0.0;0
720955;546;2;9;3;6;2;0;30;1;0;3;273;166;61;0.0;0
720957;728;3;29;16;13;9;2;67;1;0;2;524;417;80;0.0;0
720957;531;3;9;6;3;7;2;33;6;0;3;254;162;64;0.0;0
720949;542;2;6;4;2;1;3;24;0;0;3;218;135;62;0.0;0
720949;529;4;10;9;1;10;3;76;0;0;2;691;597;86;0.0;0
720964;546;8;14;6;8;2;1;41;4;0;2;383;293;77;0.0;0
720964;539;2;11;10;1;8;2;59;3;0;5;541;427;79;0.0;0
720968;797;4;14;12;2;7;3;60;1;0;1;375;277;74;0.0;0
720968;542;2;6;4;2;3;2;40;1;0;1;252;156;62;0.0;0
720963;798;5;17;14;3;6;0;46;2;0;4;348;268;77;0.0;0
720963;724;5;12;9;3;4;1;54;4;0;3;411;339;82;0.0;0
720962;538;3;13;6;7;7;0;52;0;0;0;450;349;78;0.0;0
720962;728;0;11;7;4;2;0;48;2;0;1;426;329;77;0.0;0
720965;727;3;9;5;4;1;0;27;1;0;4;264;180;68;0.0;0
720965;536;4;9;6;3;1;1;73;1;0;3;742;651;88;0.0;0
720967;532;3;14;8;6;9;4;40;4;0;2;229;151;66;0.0;0
720967;548;2;8;5;3;9;5;60;2;0;3;364;284;78;0.0;0
720960;529;4;9;7;2;3;1;57;2;1;2;547;478;87;0.0;0
720960;530;4;10;7;3;5;3;43;2;0;0;400;325;81;0.0;0
720961;543;3;9;4;5;6;2;60;2;0;1;532;451;85;0.0;0
720961;533;3;9;6;3;6;1;40;3;0;3;341;265;78;0.0;0
720966;541;11;24;15;9;9;2;66;2;0;3;615;548;89;0.0;0
720966;715;3;7;4;3;2;1;34;1;0;10;316;247;78;0.0;0
720959;531;4;7;4;3;5;5;43;3;0;2;372;275;74;0.0;0
720959;540;3;7;5;2;3;3;57;3;0;2;488;396;81;0.0;0
720976;536;6;14;10;4;5;2;57;1;0;1;460;390;85;0.0;0
720976;797;1;7;3;4;4;0;43;5;0;4;345;266;77;0.0;0
720972;724;2;8;4;4;3;1;44;3;0;1;357;269;75;0.0;0
720972;538;1;6;2;4;3;3;56;2;0;2;463;367;79;0.0;0
720978;533;2;9;3;6;3;3;44;2;0;5;478;410;86;0.0;0
720978;541;6;17;9;8;3;4;56;4;0;2;616;558;91;0.0;0
720977;728;3;10;8;2;4;5;55;2;0;2;420;310;74;0.0;0
720977;727;5;12;6;6;5;2;45;1;0;3;358;209;58;0.0;0
720970;530;7;11;7;4;5;0;50;4;1;1;415;319;77;0.0;0
720970;546;4;10;6;4;4;0;50;4;0;4;407;307;75;0.0;0
720969;542;5;9;8;1;5;1;41;4;0;3;257;151;59;0.0;0
720969;532;4;9;7;2;9;2;59;3;0;3;370;261;71;0.0;0
720974;539;4;12;9;3;5;3;41;1;1;7;377;282;75;0.0;0
720974;543;11;19;11;8;7;2;59;2;0;2;553;457;83;0.0;0
720975;548;8;18;12;6;6;0;57;0;0;2;480;396;83;0.0;0
720975;715;2;15;7;8;5;0;43;2;0;6;362;270;75;0.0;0
720973;540;4;10;6;4;3;2;36;5;2;2;302;234;77;0.0;0
720973;529;4;12;10;2;5;3;64;4;1;2;526;459;87;0.0;0
720971;798;5;16;9;7;6;4;45;6;0;0;323;231;72;0.0;0
720971;531;2;7;5;2;6;1;55;4;0;3;413;307;74;0.0;0
720940;530;1;10;7;3;5;2;54;3;0;4;458;365;80;0.0;0
720940;539;5;8;6;2;3;0;46;4;0;1;407;316;78;0.0;0
720988;797;5;9;6;3;2;1;44;2;0;1;357;265;74;0.0;0
720988;728;2;13;5;8;3;0;56;4;0;3;460;372;81;0.0;0
720983;715;5;20;12;8;9;1;38;3;0;3;280;189;68;0.0;0
720983;533;7;15;14;1;2;3;62;6;0;3;483;387;80;0.0;0
720985;727;4;14;9;5;4;1;62;1;0;1;592;474;80;0.0;0
720985;530;4;5;3;2;2;0;38;2;0;4;375;265;71;0.0;0
720982;724;2;9;3;6;7;5;65;3;0;0;557;442;79;0.0;0
720982;546;1;6;4;2;2;1;35;4;0;1;309;205;66;0.0;0
720986;541;9;23;14;9;7;7;70;1;0;2;672;604;90;0.0;0
720986;542;2;7;5;2;1;1;30;1;0;5;286;191;67;0.0;0
720984;540;4;11;7;4;3;1;44;4;0;1;392;323;82;0.0;0
720984;536;2;7;4;3;7;4;56;4;1;3;511;441;86;0.0;0
720987;532;5;11;7;4;8;2;36;3;0;2;245;177;72;0.0;0
720987;529;6;7;4;3;3;1;64;4;0;4;476;400;84;0.0;0
720980;543;5;14;7;7;4;1;55;3;0;0;543;455;84;0.0;0
720980;798;1;10;4;6;7;2;45;2;0;3;431;358;83;0.0;0
720979;531;8;18;12;6;6;4;47;4;0;2;344;252;73;0.0;0
720979;548;2;9;5;4;4;0;53;1;0;4;408;326;80;0.0;0
720981;538;4;8;5;3;2;5;63;3;0;2;569;477;84;0.0;0
720981;539;3;13;10;3;5;1;37;5;0;3;337;240;71;0.0;0
720994;539;4;11;9;2;3;3;43;1;0;3;369;277;75;0.0;0
720994;797;3;8;6;2;3;1;57;2;1;1;471;396;84;0.0;0
720991;798;3;23;15;8;14;1;67;4;0;3;474;391;82;0.0;0
720991;532;4;8;6;2;1;1;33;6;1;3;239;150;63;0.0;0
720992;546;3;12;8;4;6;4;49;2;1;1;347;217;63;0.0;0
720992;542;3;7;5;2;1;4;51;4;0;1;347;222;64;0.0;0
720997;728;5;19;15;4;5;0;34;5;0;5;332;270;81;0.0;0
720997;541;6;13;10;3;9;5;66;3;0;5;683;599;88;0.0;0
720989;530;6;13;5;8;5;1;36;4;0;2;364;283;78;0.0;0
720989;538;2;16;9;7;9;2;64;3;0;4;638;539;84;0.0;0
720998;533;11;19;16;3;10;2;65;2;0;1;615;527;86;0.0;0
720998;540;2;7;5;2;3;1;35;1;0;7;324;244;75;0.0;0
720996;536;3;12;11;1;4;7;46;6;0;1;376;289;77;0.0;0
720996;543;2;10;6;4;4;2;54;3;0;1;452;364;81;0.0;0
720995;548;5;11;8;3;6;2;58;0;0;1;567;481;85;0.0;0
720995;727;1;11;3;8;5;4;42;4;0;4;394;304;77;0.0;0
720990;529;7;17;13;4;5;4;72;2;0;3;787;718;91;0.0;0
720990;531;3;6;4;2;0;3;28;1;0;3;302;222;74;0.0;0
720993;715;1;6;1;5;0;3;37;3;1;4;338;235;70;0.0;0
720993;724;4;12;6;6;4;1;63;3;0;1;564;467;83;0.0;0
720944;798;1;13;4;9;3;1;52;0;0;1;540;435;81;0.0;0
720944;548;3;13;12;1;4;1;48;2;0;1;503;407;81;0.0;0
720999;542;2;14;11;3;5;1;34;3;0;4;275;167;61;0.0;0
720999;536;4;13;9;4;5;4;66;1;0;2;570;441;77;0.0;0
721005;727;3;12;9;3;6;2;28;1;0;1;251;156;62;0.0;0
721005;533;1;10;8;2;8;3;72;0;0;2;679;588;87;0.0;0
721004;540;1;4;1;3;1;5;55;6;0;3;494;381;77;0.0;0
721004;546;3;12;5;7;5;1;45;5;0;0;385;279;72;0.0;0
721007;532;4;12;7;5;3;1;52;3;0;0;360;267;74;0.0;0
721007;715;0;7;3;4;6;2;48;3;0;1;328;222;68;0.0;0
721006;541;8;18;8;10;7;3;64;0;0;0;657;590;90;0.0;0
721006;548;1;1;1;0;1;0;36;2;0;4;377;308;82;0.0;0
721003;724;7;13;10;3;5;1;47;5;0;3;334;242;72;0.0;0
721003;728;3;14;7;7;6;2;53;3;0;5;381;307;81;0.0;0
721008;797;3;13;10;3;5;3;32;2;1;6;265;184;69;0.0;0
721008;529;9;20;16;4;6;4;68;6;0;2;574;494;86;0.0;0
721002;538;8;16;9;7;4;0;59;5;1;1;559;469;84;0.0;0
721002;798;3;12;8;4;5;0;41;4;1;4;377;285;76;0.0;0
721001;543;6;18;9;9;10;0;65;5;0;3;578;494;85;0.0;0
721001;530;6;8;8;0;3;1;35;3;0;5;314;225;72;0.0;0
721000;531;9;17;14;3;4;3;50;1;0;1;451;370;82;0.0;0
721000;539;2;5;3;2;3;0;50;2;0;5;458;359;78;0.0;0
721009;530;5;6;3;3;0;1;46;4;1;1;394;314;80;0.0;0
721009;724;3;14;7;7;4;0;54;1;0;3;448;359;80;0.0;0
721015;539;3;14;8;6;8;3;56;4;0;0;480;398;83;0.0;0
721015;540;1;6;3;3;2;1;44;4;0;2;387;307;79;0.0;0
721014;715;4;15;9;6;3;1;57;3;0;1;504;395;78;0.0;0
721014;797;2;13;8;5;3;1;43;6;0;4;390;288;74;0.0;0
721018;533;3;10;8;2;5;2;50;1;0;1;443;365;82;0.0;0
721018;538;2;12;5;7;6;2;50;2;0;2;436;355;81;0.0;0
721013;546;6;16;8;8;5;2;53;6;0;1;372;253;68;0.0;0
721013;532;0;6;2;4;3;3;47;5;0;6;339;227;67;0.0;0
721017;728;2;10;7;3;5;3;43;0;0;1;321;229;71;0.0;0
721017;536;2;3;3;0;6;1;57;1;0;1;438;330;75;0.0;0
721011;543;5;8;6;2;5;3;51;4;1;2;431;354;82;0.0;0
721011;531;2;11;6;5;6;4;49;5;0;4;399;326;82;0.0;0
721016;548;6;15;13;2;6;1;60;1;0;4;473;351;74;0.0;0
721016;542;4;13;9;4;4;7;40;1;0;4;312;196;63;0.0;0
721010;529;9;24;15;9;5;4;72;0;0;3;878;807;92;0.0;0
721010;727;3;4;1;3;1;3;28;4;0;6;340;263;77;0.0;0
721012;798;3;14;8;6;1;0;38;3;0;2;335;267;80;0.0;0
721012;541;5;11;7;4;6;4;62;3;0;3;577;503;87;0.0;0
721020;531;11;22;15;7;8;3;66;4;0;1;504;412;82;0.0;0
721020;546;2;7;4;3;2;3;34;5;2;10;267;166;62;0.0;0
721019;542;6;11;7;4;6;0;50;4;0;0;317;182;57;0.0;0
721019;715;3;12;8;4;2;6;50;6;1;5;342;212;62;0.0;0
721028;797;2;8;6;2;4;5;56;3;1;2;342;263;77;0.0;0
721028;532;3;8;5;3;2;3;44;3;0;2;280;192;69;0.0;0
721024;727;7;20;13;7;6;2;45;0;0;3;385;296;77;0.0;0
721024;539;4;13;8;5;1;3;55;1;0;4;487;388;80;0.0;0
721027;728;3;15;9;6;3;2;55;3;0;2;511;404;79;0.0;0
721027;530;3;11;7;4;6;3;45;5;1;3;431;314;73;0.0;0
721023;540;3;12;6;6;6;0;45;3;0;4;358;274;77;0.0;0
721023;798;4;10;3;7;6;0;55;3;0;2;428;333;78;0.0;0
721021;538;3;9;6;3;2;4;52;1;0;1;488;389;80;0.0;0
721021;543;1;7;5;2;2;0;48;2;0;3;456;346;76;0.0;0
721022;724;7;16;8;8;6;3;42;4;0;1;383;296;77;0.0;0
721022;533;1;3;3;0;3;2;58;2;0;6;548;457;83;0.0;0
721026;536;0;10;6;4;7;1;60;0;0;3;592;505;85;0.0;0
721026;548;2;13;9;4;3;0;40;3;0;0;390;310;79;0.0;0
721025;541;4;14;7;7;4;0;41;4;0;6;471;410;87;0.0;0
721025;529;10;18;17;1;3;0;59;4;0;4;695;621;89;0.0;0
721034;546;3;16;6;10;5;0;62;5;0;1;428;307;72;0.0;0
721034;798;1;7;4;3;1;0;38;6;1;2;270;146;54;0.0;0
721036;539;4;13;10;3;1;4;41;4;0;2;345;254;74;0.0;0
721036;533;2;13;7;6;8;0;59;2;0;2;493;394;80;0.0;0
721033;538;4;10;6;4;9;1;55;3;0;4;535;466;87;0.0;0
721033;541;6;12;7;5;3;2;45;0;0;3;461;404;88;0.0;0
721030;530;8;14;8;6;7;3;49;1;0;0;408;312;76;0.0;0
721030;542;1;7;6;1;2;2;51;0;0;4;420;312;74;0.0;0
721029;531;6;16;12;4;7;1;48;2;0;1;412;318;77;0.0;0
721029;797;2;6;3;3;4;2;52;4;0;4;459;371;81;0.0;0
721032;543;8;24;18;6;11;0;55;1;0;2;435;353;81;0.0;0
721032;727;3;10;5;5;7;5;45;3;0;4;351;260;74;0.0;0
721038;532;1;5;1;4;4;2;51;3;0;3;374;279;75;0.0;0
721038;724;3;4;1;3;3;4;49;6;1;1;360;258;72;0.0;0
721035;715;9;17;12;5;5;2;64;4;0;2;493;371;75;0.0;0
721035;728;4;10;9;1;4;0;36;6;1;7;281;171;61;0.0;0
721031;529;6;19;15;4;9;2;55;3;0;3;555;496;89;0.0;0
721031;536;3;8;5;3;2;1;45;3;0;5;466;398;85;0.0;0
721037;548;6;17;14;3;6;4;68;2;0;2;662;596;90;0.0;0
721037;540;2;8;5;3;0;0;32;4;0;5;308;245;80;0.0;0
721045;536;8;16;14;2;14;1;73;3;0;3;667;584;88;0.0;0
721045;715;5;15;8;7;3;1;27;2;0;4;240;167;70;0.0;0
721040;724;4;10;7;3;8;2;40;1;0;0;264;181;69;0.0;0
721040;543;3;10;3;7;4;4;60;2;0;2;430;352;82;0.0;0
721039;798;3;10;4;6;1;0;33;1;0;1;298;206;69;0.0;0
721039;530;1;9;6;3;6;1;67;4;0;2;611;506;83;0.0;0
721047;533;5;11;8;3;7;1;60;2;0;5;576;487;85;0.0;0
721047;531;6;12;7;5;2;0;40;3;0;4;367;273;74;0.0;0
721044;541;8;26;15;11;10;2;69;2;0;0;734;665;91;0.0;0
721044;546;0;8;5;3;2;0;31;2;0;6;335;244;73;0.0;0
721043;727;4;15;10;5;7;1;65;3;0;2;527;402;76;0.0;0
721043;542;2;8;4;4;3;0;35;1;0;3;284;167;59;0.0;0
721041;540;2;11;8;3;2;0;47;4;0;6;441;360;82;0.0;0
721041;538;5;10;6;4;3;4;53;1;0;1;508;420;83;0.0;0
721048;797;1;10;7;3;8;1;50;3;0;4;366;295;81;0.0;0
721048;548;6;17;10;7;9;3;50;3;0;0;385;306;79;0.0;0
721042;539;6;11;9;2;4;0;36;1;0;4;357;279;78;0.0;0
721042;529;7;14;9;5;3;4;64;1;0;3;634;564;89;0.0;0
721046;728;4;11;5;6;5;4;56;3;0;1;432;314;73;0.0;0
721046;532;2;6;4;2;4;0;44;4;0;3;344;224;65;0.0;0
721055;548;2;9;7;2;8;7;57;3;1;2;475;406;85;0.0;0
721055;543;2;9;3;6;1;3;43;4;0;2;377;306;81;0.0;0
721058;797;2;6;5;1;2;2;52;2;0;2;440;344;78;0.0;0
721058;798;2;13;9;4;1;2;48;3;0;0;397;311;78;0.0;0
721049;542;5;11;5;6;2;0;38;2;0;3;292;169;58;0.0;0
721049;728;3;20;10;10;12;0;62;3;1;4;457;346;76;0.0;0
721057;532;4;11;7;4;9;2;52;2;0;1;337;232;69;0.0;0
721057;727;3;9;5;4;5;5;48;2;0;3;318;214;67;0.0;0
721053;546;5;12;6;6;6;3;40;2;0;4;362;284;78;0.0;0
721053;533;6;11;8;3;6;2;60;0;0;4;570;484;85;0.0;0
721054;715;4;16;9;7;13;0;53;5;1;4;358;291;81;0.0;0
721054;539;8;17;14;3;2;1;47;2;0;3;335;258;77;0.0;0
721051;530;3;10;6;4;6;2;52;5;1;4;488;399;82;0.0;0
721051;540;5;11;5;6;3;2;48;5;0;1;472;394;83;0.0;0
721050;531;2;10;7;3;5;2;50;2;0;2;472;363;77;0.0;0
721050;538;4;6;4;2;4;1;50;2;0;2;477;384;81;0.0;0
721056;536;2;7;6;1;0;1;41;3;0;3;464;399;86;0.0;0
721056;541;6;15;10;5;3;4;59;4;0;0;680;604;89;0.0;0
721052;529;6;18;9;9;8;0;75;4;0;3;686;615;90;0.0;0
721052;724;4;6;6;0;1;5;25;1;0;6;229;139;61;0.0;0
721062;798;3;5;4;1;0;1;40;2;0;4;334;226;68;0.0;0
721062;542;4;12;7;5;6;3;60;6;0;1;478;371;78;0.0;0
721060;543;3;18;9;9;2;4;65;2;1;0;619;530;86;0.0;0
721060;797;1;9;5;4;3;5;35;3;0;3;339;257;76;0.0;0
721068;533;5;12;8;4;3;4;58;2;0;1;573;510;89;0.0;0
721068;532;1;5;0;5;2;1;42;3;0;3;403;337;84;0.0;0
721059;530;1;22;12;10;11;1;64;4;0;2;640;524;82;0.0;0
721059;715;2;7;1;6;1;1;36;5;0;1;375;274;73;0.0;0
721061;538;2;9;4;5;2;1;71;2;0;1;673;556;83;0.0;0
721061;546;3;6;6;0;1;1;29;5;0;2;279;161;58;0.0;0
721066;727;3;12;5;7;3;1;35;1;0;8;364;294;81;0.0;0
721066;541;11;23;12;11;4;2;65;3;0;2;702;630;90;0.0;0
721065;539;6;15;9;6;10;4;45;1;0;3;352;267;76;0.0;0
721065;536;6;13;11;2;4;2;55;5;0;4;435;346;80;0.0;0
721064;540;2;6;3;3;3;1;57;4;0;1;509;431;85;0.0;0
721064;728;2;13;7;6;10;1;43;4;0;2;359;280;78;0.0;0
721063;724;8;27;25;2;4;2;58;3;0;4;432;348;81;0.0;0
721063;531;7;9;7;2;1;3;42;5;1;8;335;239;71;0.0;0
721067;548;5;8;5;3;5;0;56;1;0;0;541;456;84;0.0;0
721067;529;1;11;7;4;3;5;44;2;0;5;444;348;78;0.0;0
720941;529;5;18;10;8;9;6;71;4;0;0;614;531;86;0.0;0
720941;728;1;3;2;1;1;2;29;6;0;4;262;179;68;0.0;0
721075;536;6;11;6;5;5;0;57;2;0;2;523;442;85;0.0;0
721075;724;4;10;6;4;6;1;43;2;0;5;386;311;81;0.0;0
721069;542;5;11;7;4;5;1;33;5;0;5;251;176;70;0.0;0
721069;533;6;16;12;4;8;5;67;2;0;2;534;457;86;0.0;0
721074;541;5;11;8;3;6;2;58;2;0;6;615;566;92;0.0;0
721074;540;6;20;10;10;8;1;42;0;0;1;424;378;89;0.0;0
721076;532;1;6;4;2;1;0;32;4;1;5;239;140;59;0.0;0
721076;539;6;24;14;10;7;0;68;3;0;0;508;409;81;0.0;0
721070;531;4;11;7;4;5;2;43;3;0;3;361;286;79;0.0;0
721070;530;3;9;4;5;3;1;57;3;0;3;482;383;79;0.0;0
721078;797;4;11;5;6;7;2;57;4;0;2;421;338;80;0.0;0
721078;727;3;9;4;5;4;1;43;2;0;3;312;236;76;0.0;0
721073;715;6;15;4;11;5;0;42;1;0;4;290;184;63;0.0;0
721073;538;6;13;8;5;4;1;58;3;0;5;422;303;72;0.0;0
721077;728;7;13;5;8;8;0;44;2;0;2;380;298;78;0.0;0
721077;548;3;8;5;3;5;0;56;1;0;6;512;423;83;0.0;0
721071;529;5;17;9;8;5;6;71;2;0;1;664;581;88;0.0;0
721071;798;2;6;4;2;2;2;29;3;0;3;279;205;73;0.0;0
721072;546;2;13;8;5;2;1;35;1;0;4;311;214;69;0.0;0
721072;543;4;9;3;6;4;5;65;1;0;2;592;496;84;0.0;0
721087;539;7;16;10;6;7;2;35;2;0;4;297;221;74;0.0;0
721087;548;6;21;16;5;6;3;65;3;0;5;560;469;84;0.0;0
721083;798;8;18;14;4;5;3;59;3;0;1;403;298;74;0.0;0
721083;715;7;14;7;7;5;2;41;2;0;6;289;179;62;0.0;0
721079;531;5;10;9;1;4;3;59;4;0;1;460;359;78;0.0;0
721079;532;1;4;2;2;2;0;41;4;1;5;321;215;67;0.0;0
721082;538;8;15;9;6;7;2;67;1;0;1;686;597;87;0.0;0
721082;542;1;3;2;1;1;0;33;3;1;4;335;249;74;0.0;0
721085;724;7;17;12;5;8;5;55;1;0;2;424;359;85;0.0;0
721085;797;2;4;1;3;1;1;45;0;1;4;359;275;77;0.0;0
721081;543;5;14;7;7;4;1;42;1;0;3;375;297;79;0.0;0
721081;529;5;11;8;3;8;5;58;2;0;4;496;436;88;0.0;0
721084;546;6;12;7;5;4;0;44;3;0;1;396;290;73;0.0;0
721084;728;1;12;4;8;5;4;56;4;0;6;512;414;81;0.0;0
721088;533;7;14;11;3;4;2;53;3;0;1;454;375;83;0.0;0
721088;536;2;7;4;3;2;4;47;0;0;6;389;296;76;0.0;0
721086;540;3;12;8;4;6;1;51;1;0;3;467;372;80;0.0;0
721086;727;5;12;9;3;6;1;49;3;0;2;462;362;78;0.0;0
721080;530;2;16;13;3;4;2;41;2;0;6;400;330;83;0.0;0
721080;541;6;15;5;10;6;0;59;4;0;1;584;500;86;0.0;0
721096;532;5;19;11;8;7;6;45;1;0;2;340;269;79;0.0;0
721096;543;5;9;3;6;3;3;55;3;0;5;442;357;81;0.0;0
721091;715;2;12;6;6;2;3;41;4;0;3;287;180;63;0.0;0
721091;531;1;8;4;4;7;2;59;2;1;1;409;291;71;0.0;0
721090;529;4;10;7;3;2;1;54;3;0;4;552;484;88;0.0;0
721090;538;5;13;8;5;8;3;46;0;1;1;471;395;84;0.0;0
721089;542;9;27;16;11;12;2;46;3;0;2;307;229;75;0.0;0
721089;540;3;5;2;3;3;1;54;3;1;7;389;298;77;0.0;0
721092;727;1;12;8;4;7;4;68;2;0;0;467;366;78;0.0;0
721092;546;0;6;4;2;2;1;32;4;1;0;225;124;55;0.0;0
721095;536;4;18;14;4;6;3;72;4;0;2;589;519;88;0.0;0
721095;798;2;10;5;5;3;0;28;6;0;3;238;159;67;0.0;0
721098;797;0;9;4;5;6;1;56;2;0;3;555;459;83;0.0;0
721098;530;6;11;7;4;3;8;44;2;0;0;441;346;78;0.0;0
721094;548;7;13;11;2;2;1;53;4;0;1;451;368;82;0.0;0
721094;724;1;14;9;5;12;7;47;2;0;4;387;292;75;0.0;0
721097;728;3;17;11;6;9;3;56;5;0;3;421;359;85;0.0;0
721097;533;8;11;8;3;3;1;44;2;0;2;341;281;82;0.0;0
721093;541;16;27;18;9;6;3;54;2;0;1;534;474;89;0.0;0
721093;539;1;16;6;10;6;2;46;1;0;10;450;382;85;0.0;0
721106;540;3;5;3;2;2;3;48;4;0;4;383;315;82;0.0;0
721106;532;5;18;12;6;3;0;52;1;0;2;408;328;80;0.0;0
721100;530;3;12;9;3;4;1;41;2;0;3;348;269;77;0.0;0
721100;536;4;8;6;2;5;0;59;5;0;2;501;420;84;0.0;0
721099;531;8;14;9;5;10;4;45;0;0;1;409;317;78;0.0;0
721099;727;1;8;3;5;6;0;55;0;0;6;491;390;79;0.0;0
721108;533;4;10;7;3;4;3;49;4;0;5;383;293;77;0.0;0
721108;548;6;11;8;3;3;3;51;3;0;3;400;306;77;0.0;0
721102;538;5;14;11;3;7;5;49;2;0;1;448;341;76;0.0;0
721102;797;1;10;6;4;5;4;51;2;0;3;453;342;75;0.0;0
721107;539;5;15;11;4;3;2;64;8;0;1;468;391;84;0.0;0
721107;542;2;6;3;3;4;4;36;7;1;2;245;163;67;0.0;0
721101;543;4;11;11;0;4;1;61;0;0;4;518;435;84;0.0;0
721101;715;4;14;10;4;9;3;39;1;0;2;309;229;74;0.0;0
721104;546;3;9;5;4;5;1;29;1;0;1;340;267;79;0.0;0
721104;529;1;5;2;3;5;1;71;2;0;3;861;799;93;0.0;0
721105;724;7;21;14;7;10;1;38;6;0;6;351;287;82;0.0;0
721105;541;7;16;9;7;2;0;62;2;0;6;614;549;89;0.0;0
721103;798;5;12;8;4;5;1;45;1;0;3;362;275;76;0.0;0
721103;728;4;11;9;2;3;0;55;0;0;3;440;364;83;0.0;0
721113;541;3;17;6;11;8;4;52;0;0;2;555;504;91;0.0;0
721113;543;2;11;5;6;5;0;48;0;0;3;510;442;87;0.0;0
721117;728;8;19;11;8;7;5;56;0;0;2;420;341;81;0.0;0
721117;539;7;14;10;4;3;0;44;3;0;6;353;269;76;0.0;0
721116;532;3;10;8;2;3;0;45;3;0;3;320;228;71;0.0;0
721116;538;3;9;5;4;3;3;55;3;0;2;398;293;74;0.0;0
721118;797;9;19;13;6;8;2;59;2;0;1;511;451;88;0.0;0
721118;546;2;7;4;3;3;1;41;2;0;6;353;289;82;0.0;0
721109;542;2;9;4;5;4;0;50;0;0;5;400;320;80;0.0;0
721109;724;6;13;9;4;4;2;50;1;0;2;403;322;80;0.0;0
721111;715;5;15;10;5;7;1;39;1;0;5;312;224;72;0.0;0
721111;540;5;10;6;4;3;0;61;0;0;5;523;433;83;0.0;0
721112;727;1;11;7;4;5;1;63;2;0;4;462;378;82;0.0;0
721112;798;6;14;7;7;7;2;37;2;0;1;278;189;68;0.0;0
721110;529;3;14;9;5;12;5;70;3;0;1;667;613;92;0.0;0
721110;533;3;4;4;0;1;0;30;1;0;3;305;240;79;0.0;0
721115;536;3;13;8;5;5;2;66;3;0;1;680;579;85;0.0;0
721115;531;1;10;7;3;0;0;34;3;0;2;342;266;78;0.0;0
721114;548;3;12;7;5;3;0;62;4;0;3;587;487;83;0.0;0
721114;530;5;6;3;3;2;2;38;2;0;2;348;256;74;0.0;0
877947;727;5;12;4;8;5;5;34;5;0;2;255;201;79;0.0;0
877947;536;3;10;5;5;2;2;66;3;0;3;518;450;87;0.0;0
877945;538;3;8;3;5;3;1;60;5;0;0;539;443;82;0.0;0
877945;540;2;10;2;8;3;0;40;2;0;1;356;272;76;0.0;0
877950;720;6;12;7;5;4;2;52;1;0;1;434;362;83;0.0;0
877950;533;4;10;6;4;5;1;48;0;0;6;414;323;78;0.0;0
877943;529;6;21;15;6;8;4;68;3;1;2;560;489;87;0.0;0
877943;728;2;4;3;1;0;4;32;6;0;5;274;191;70;0.0;0
877946;724;2;7;4;3;3;4;40;4;0;6;291;216;74;0.0;0
877946;548;7;15;8;7;6;0;60;2;0;1;461;373;81;0.0;0
877951;532;2;17;9;8;4;1;46;2;1;1;352;285;81;0.0;0
877951;547;1;5;2;3;4;2;54;3;0;2;397;331;83;0.0;0
877948;723;6;10;7;3;2;3;32;3;0;13;315;257;82;0.0;0
877948;541;15;29;18;11;15;3;68;1;0;5;649;593;91;0.0;0
877942;531;6;23;13;10;7;1;64;0;0;2;471;388;82;0.0;0
877942;798;2;6;5;1;2;0;36;6;0;6;272;183;67;0.0;0
877949;546;0;10;6;4;3;0;42;2;0;2;385;305;79;0.0;0
877949;530;5;12;5;7;6;5;58;1;0;0;543;469;86;0.0;0
877944;543;8;17;12;5;8;5;72;3;0;1;605;539;89;0.0;0
877944;797;2;4;4;0;4;3;28;6;1;5;224;155;69;0.0;0
877955;540;1;13;7;6;9;3;54;2;1;1;450;386;86;0.0;0
877955;728;3;8;4;4;2;2;46;5;1;1;395;321;81;0.0;0
877956;536;2;18;14;4;12;4;61;3;1;2;452;384;85;0.0;0
877956;720;3;6;2;4;2;4;39;2;1;1;303;225;74;0.0;0
877960;727;3;16;11;5;2;0;56;2;0;2;413;313;76;0.0;0
877960;724;2;9;6;3;2;1;44;5;1;2;335;246;73;0.0;0
877958;798;7;13;9;4;5;4;47;7;0;1;350;277;79;0.0;0
877958;543;3;8;7;1;2;0;53;8;0;6;403;329;82;0.0;0
877954;538;2;15;9;6;2;0;51;2;0;3;543;479;88;0.0;0
877954;541;7;16;12;4;2;1;49;2;0;1;538;475;88;0.0;0
877952;531;2;12;6;6;6;6;37;5;0;0;301;225;75;0.0;0
877952;532;0;10;6;4;3;0;63;2;0;1;511;432;85;0.0;0
877953;530;5;13;8;5;5;2;50;2;1;3;473;410;87;0.0;0
877953;533;5;19;13;6;6;1;50;2;0;5;491;443;90;0.0;0
877957;548;5;10;7;3;3;5;41;2;0;3;380;311;82;0.0;0
877957;529;7;15;13;2;6;1;59;1;0;4;549;495;90;0.0;0
877961;797;3;13;9;4;6;7;55;1;0;6;423;353;83;0.0;0
877961;723;7;12;6;6;5;3;45;4;1;2;360;291;81;0.0;0
877959;547;6;12;8;4;5;2;67;2;0;2;548;482;88;0.0;0
877959;546;3;7;5;2;2;1;33;6;1;4;259;196;76;0.0;0
877970;547;3;11;8;3;2;1;54;2;0;5;517;440;85;0.0;0
877970;538;6;11;7;4;4;1;46;1;0;3;452;366;81;0.0;0
877963;543;1;7;5;2;2;2;55;0;1;2;464;381;82;0.0;0
877963;727;2;12;7;5;4;1;45;3;0;0;367;287;78;0.0;0
877964;797;5;12;5;7;4;2;45;3;0;4;372;296;80;0.0;0
877964;548;5;9;7;2;6;4;55;3;0;5;469;396;84;0.0;0
877971;728;0;15;8;7;7;1;65;1;0;2;536;449;84;0.0;0
877971;798;4;9;6;3;3;2;35;3;0;0;302;224;74;0.0;0
877967;723;5;11;8;3;5;4;32;5;0;4;245;172;70;0.0;0
877967;536;5;13;9;4;2;5;68;8;0;3;547;482;88;0.0;0
877965;546;2;8;4;4;1;5;35;1;0;6;263;197;75;0.0;0
877965;533;6;11;8;3;4;0;65;5;0;2;480;408;85;0.0;0
877962;529;9;24;19;5;14;1;68;1;0;2;637;570;89;0.0;0
877962;720;3;8;5;3;4;3;32;2;0;5;304;221;73;0.0;0
877966;540;4;15;11;4;7;0;36;0;1;3;303;235;78;0.0;0
877966;541;6;19;12;7;7;6;64;0;0;3;555;499;90;0.0;0
877968;724;3;9;4;5;0;0;37;2;0;5;334;257;77;0.0;0
877968;531;8;20;13;7;6;3;63;1;0;3;569;497;87;0.0;0
877969;532;2;12;5;7;6;1;71;4;0;6;583;513;88;0.0;0
877969;530;7;13;9;4;2;7;29;3;0;2;245;180;73;0.0;0
877979;538;5;9;4;5;2;4;58;1;0;0;530;452;85;0.0;0
877979;724;0;7;4;3;2;1;42;2;0;2;382;299;78;0.0;0
877981;798;4;10;8;2;6;1;52;4;0;3;410;347;85;0.0;0
877981;547;4;10;3;7;3;2;48;2;0;3;390;328;84;0.0;0
877976;541;5;22;13;9;9;2;50;0;0;3;495;446;90;0.0;0
877976;543;4;8;4;4;2;3;50;1;0;2;519;456;88;0.0;0
877974;548;5;12;8;4;7;4;55;5;0;6;437;343;78;0.0;0
877974;530;7;15;9;6;6;0;45;4;0;4;362;270;75;0.0;0
877975;536;4;9;7;2;4;6;46;2;0;2;367;286;78;0.0;0
877975;529;7;18;11;7;4;2;54;4;0;4;447;372;83;0.0;0
877973;727;6;13;8;5;4;3;46;2;0;2;329;233;71;0.0;0
877973;728;3;5;2;3;0;2;54;2;0;3;389;302;78;0.0;0
877972;531;2;17;9;8;4;3;67;3;0;1;558;467;84;0.0;0
877972;540;2;9;7;2;2;2;33;2;0;3;288;192;67;0.0;0
877977;533;10;18;17;1;6;5;53;1;0;0;472;411;87;0.0;0
877977;797;0;7;5;2;4;2;47;3;0;6;403;356;88;0.0;0
877978;532;9;24;18;6;9;1;70;3;1;3;546;482;88;0.0;0
877978;546;4;7;6;1;1;1;30;6;1;4;224;161;72;0.0;0
877980;720;6;14;8;6;2;6;52;1;0;0;362;283;78;0.0;0
877980;723;1;12;9;3;8;4;48;6;0;5;323;242;75;0.0;0
877988;547;5;14;10;4;3;3;45;0;0;3;358;277;77;0.0;0
877988;720;4;14;6;8;12;0;55;2;0;3;437;367;84;0.0;0
877986;728;6;14;8;6;7;1;46;5;0;3;289;206;71;0.0;0
877986;532;4;17;13;4;7;2;54;2;0;5;345;266;77;0.0;0
877985;540;5;19;12;7;9;3;59;3;0;4;406;332;82;0.0;0
877985;536;7;11;10;1;3;1;41;5;1;3;298;222;74;0.0;0
877990;724;0;6;4;2;5;3;30;0;0;4;219;142;65;0.0;0
877990;529;8;16;13;3;6;3;70;3;0;0;568;482;85;0.0;0
877982;530;4;10;8;2;4;0;46;2;0;2;464;384;83;0.0;0
877982;538;3;14;9;5;7;1;54;3;0;1;541;471;87;0.0;0
877991;541;7;22;6;16;4;0;68;3;0;1;649;596;92;0.0;0
877991;798;2;5;5;0;3;1;32;5;0;3;294;241;82;0.0;0
877989;797;2;9;4;5;5;2;47;3;0;5;385;315;82;0.0;0
877989;531;8;16;13;3;5;5;53;0;0;1;447;364;81;0.0;0
877984;546;3;8;4;4;3;1;33;4;0;5;250;171;68;0.0;0
877984;548;6;13;9;4;7;0;67;1;0;1;503;425;84;0.0;0
877983;543;5;16;11;5;9;4;47;1;0;2;376;322;86;0.0;0
877983;533;3;14;8;6;8;6;53;1;0;4;413;357;86;0.0;0
877987;723;2;7;4;3;5;2;61;0;0;3;535;445;83;0.0;0
877987;727;4;15;14;1;10;3;39;2;0;2;323;234;72;0.0;0
877998;720;6;18;11;7;8;2;58;1;0;0;413;352;85;0.0;0
877998;724;1;7;2;5;2;2;42;4;0;6;312;235;75;0.0;0
878001;798;2;5;3;2;5;2;45;3;0;2;389;323;83;0.0;0
878001;723;3;9;3;6;2;3;55;6;0;1;485;422;87;0.0;0
877994;529;9;25;18;7;6;5;77;2;0;1;708;642;91;0.0;0
877994;797;1;1;1;0;0;3;23;2;1;6;213;143;67;0.0;0
877996;532;7;14;10;4;5;2;66;3;0;2;462;390;84;0.0;0
877996;538;2;6;5;1;4;0;34;2;1;4;239;161;67;0.0;0
877992;531;7;14;11;3;2;3;39;1;0;0;318;235;74;0.0;0
877992;728;2;11;6;5;7;3;61;2;0;4;491;413;84;0.0;0
877997;727;4;12;10;2;8;1;56;7;1;2;456;369;81;0.0;0
877997;546;4;10;4;6;1;0;44;3;1;4;379;302;80;0.0;0
878000;533;7;17;11;6;6;1;46;1;0;0;376;305;81;0.0;0
878000;536;1;12;6;6;4;6;54;5;0;6;455;386;85;0.0;0
877995;543;3;9;6;3;2;2;44;0;0;2;429;364;85;0.0;0
877995;547;3;9;6;3;4;5;56;3;0;1;547;477;87;0.0;0
877999;548;6;14;9;5;4;2;63;3;0;3;527;428;81;0.0;0
877999;540;4;14;10;4;2;3;37;0;0;4;297;201;68;0.0;0
877993;530;4;12;7;5;8;2;53;4;1;1;565;508;90;0.0;0
877993;541;3;6;4;2;1;0;47;2;0;3;507;451;89;0.0;0
878011;531;4;17;11;6;11;5;59;1;0;2;458;395;86;0.0;0
878011;723;2;8;6;2;2;6;41;3;0;0;319;245;77;0.0;0
878003;724;2;10;6;4;6;3;40;2;1;7;300;236;79;0.0;0
878003;533;6;14;10;4;5;1;60;3;0;2;481;400;83;0.0;0
878002;546;6;14;12;2;4;1;44;2;0;4;320;245;77;0.0;0
878002;720;7;14;5;9;2;3;56;5;0;4;435;365;84;0.0;0
878006;536;3;14;5;9;5;2;61;3;0;4;629;556;88;0.0;0
878006;530;6;20;14;6;7;0;39;2;0;3;410;328;80;0.0;0
878007;798;3;13;9;4;5;2;28;2;0;2;283;226;80;0.0;0
878007;529;3;11;7;4;5;1;72;4;0;3;770;715;93;0.0;0
878004;540;5;10;8;2;6;1;38;2;1;3;294;202;69;0.0;0
878004;532;5;12;7;5;4;1;62;1;1;3;499;412;83;0.0;0
878008;538;4;11;5;6;5;3;46;4;0;4;368;302;82;0.0;0
878008;543;4;9;8;1;3;1;54;3;1;3;435;357;82;0.0;0
878005;547;8;16;11;5;2;0;40;3;0;0;316;246;78;0.0;0
878005;548;5;11;8;3;2;1;60;1;0;5;485;412;85;0.0;0
878010;541;4;22;12;10;10;4;64;1;0;1;605;550;91;0.0;0
878010;727;2;8;6;2;2;0;36;2;1;3;350;281;80;0.0;0
878009;728;6;15;8;7;13;2;72;1;0;1;535;455;85;0.0;0
878009;797;2;6;4;2;3;0;28;8;0;4;218;137;63;0.0;0
878017;727;2;11;9;2;7;1;45;3;2;5;318;225;71;0.0;0
878017;532;7;15;11;4;5;2;55;6;1;1;396;301;76;0.0;0
878019;723;4;10;6;4;7;4;37;4;1;3;261;175;67;0.0;0
878019;728;4;12;8;4;6;4;63;2;0;1;453;379;84;0.0;0
878012;530;7;13;11;2;8;0;45;3;0;3;505;433;86;0.0;0
878012;547;4;11;4;7;3;2;55;1;0;5;608;541;89;0.0;0
878020;536;3;10;7;3;5;2;46;4;0;3;363;261;72;0.0;0
878020;531;4;21;14;7;7;4;54;0;1;2;429;353;82;0.0;0
878015;546;2;9;4;5;4;1;34;0;0;3;381;284;75;0.0;0
878015;541;4;19;8;11;4;2;66;0;0;2;740;666;90;0.0;0
878021;720;3;12;4;8;3;1;59;1;0;1;509;436;86;0.0;0
878021;543;1;4;4;0;1;1;41;1;1;3;356;282;79;0.0;0
878016;724;3;8;6;2;8;5;53;4;0;4;372;271;73;0.0;0
878016;540;6;9;7;2;3;0;47;4;0;1;352;264;75;0.0;0
878018;548;5;17;12;5;9;5;60;5;0;1;522;468;90;0.0;0
878018;533;1;5;3;2;3;0;40;3;0;4;340;279;82;0.0;0
878013;529;5;13;11;2;6;1;58;2;0;4;565;495;88;0.0;0
878013;538;3;14;10;4;3;4;42;4;0;4;411;334;81;0.0;0
878014;797;2;7;4;3;5;2;42;4;1;3;319;243;76;0.0;0
878014;798;4;11;8;3;7;5;58;5;1;1;438;372;85;0.0;0
878028;728;3;17;8;9;4;6;65;2;0;3;580;486;84;0.0;0
878028;546;3;6;3;3;1;0;35;3;0;3;323;223;69;0.0;0
878029;547;6;23;15;8;6;3;65;5;0;1;483;417;86;0.0;0
878029;724;2;9;6;3;2;2;35;4;0;5;278;191;69;0.0;0
878027;532;8;20;15;5;6;5;60;3;0;4;477;406;85;0.0;0
878027;797;6;8;8;0;1;1;40;6;0;5;326;244;75;0.0;0
878024;798;5;9;6;3;1;2;43;2;0;0;370;295;80;0.0;0
878024;536;1;4;1;3;3;2;57;3;0;4;500;417;83;0.0;0
878022;531;3;13;7;6;6;0;61;0;0;0;566;453;80;0.0;0
878022;530;1;3;2;1;1;1;39;6;0;3;382;271;71;0.0;0
878023;538;3;10;3;7;1;2;54;5;1;4;455;381;84;0.0;0
878023;548;6;8;6;2;6;1;46;7;0;2;396;312;79;0.0;0
878026;541;4;8;6;2;2;3;43;2;0;4;414;345;83;0.0;0
878026;529;5;18;12;6;3;4;57;2;0;1;547;488;89;0.0;0
878025;540;3;15;10;5;6;2;49;1;0;2;374;285;76;0.0;0
878025;720;2;14;6;8;4;2;51;4;0;2;395;299;76;0.0;0
878031;543;6;16;14;2;9;1;55;1;0;4;529;440;83;0.0;0
878031;723;5;12;9;3;3;3;45;1;0;3;433;363;84;0.0;0
878030;533;9;12;8;4;8;5;58;2;0;3;416;347;83;0.0;0
878030;727;3;14;2;12;4;2;42;6;0;7;289;233;81;0.0;0
878035;536;5;18;12;6;11;1;64;4;1;4;488;414;85;0.0;0
878035;532;5;13;9;4;6;1;36;6;0;4;273;208;76;0.0;0
878037;546;4;11;9;2;7;5;41;6;0;2;362;264;73;0.0;0
878037;531;4;14;8;6;4;2;59;4;0;2;528;443;84;0.0;0
878032;530;4;12;8;4;3;3;53;3;0;3;538;446;83;0.0;0
878032;728;4;14;7;7;4;3;47;0;0;3;464;378;81;0.0;0
878039;720;7;9;6;3;3;0;38;1;0;4;288;204;71;0.0;0
878039;538;5;22;14;8;7;1;62;1;0;3;477;408;86;0.0;0
878038;724;3;13;8;5;4;2;40;1;0;3;345;254;74;0.0;0
878038;543;3;12;7;5;9;1;60;2;1;3;505;422;84;0.0;0
878040;548;7;14;8;6;10;0;51;1;0;3;405;323;80;0.0;0
878040;798;3;12;9;3;7;1;49;2;0;7;379;286;75;0.0;0
878034;797;3;10;8;2;8;0;38;1;0;3;435;382;88;0.0;0
878034;541;7;10;7;3;2;6;62;1;0;3;738;696;94;0.0;0
878036;723;7;13;11;2;4;1;34;1;0;3;235;164;70;0.0;0
878036;547;5;14;11;3;5;3;66;3;0;4;449;381;85;0.0;0
878041;727;5;17;12;5;9;1;65;1;0;3;495;394;80;0.0;0
878041;540;3;5;4;1;2;4;35;2;0;4;276;174;63;0.0;0
878033;529;5;16;11;5;8;4;70;0;0;1;763;716;94;0.0;0
878033;533;1;5;4;1;0;0;30;1;0;2;328;276;84;0.0;0
878049;728;11;28;17;11;10;3;62;1;1;0;441;374;85;0.0;0
878049;724;0;3;2;1;1;0;38;4;2;7;277;203;73;0.0;0
878050;720;2;9;6;3;4;3;25;2;0;2;185;104;56;0.0;0
878050;548;2;20;4;16;10;3;75;3;0;1;560;490;88;0.0;0
878048;532;3;13;6;7;5;3;68;3;0;3;547;464;85;0.0;0
878048;798;5;10;8;2;3;1;32;5;0;2;271;188;69;0.0;0
878043;541;6;18;7;11;4;1;56;1;0;1;638;579;91;0.0;0
878043;536;2;9;6;3;3;0;44;4;0;3;502;434;86;0.0;0
878047;540;5;13;5;8;5;1;41;2;0;2;362;304;84;0.0;0
878047;797;4;9;5;4;3;1;59;3;0;3;544;471;87;0.0;0
878046;543;4;17;12;5;7;2;55;2;0;1;560;474;85;0.0;0
878046;530;3;9;4;5;4;0;45;3;0;3;463;385;83;0.0;0
878051;533;5;11;5;6;10;3;52;4;2;3;441;367;83;0.0;0
878051;723;4;15;8;7;4;3;48;1;0;3;412;337;82;0.0;0
878044;547;1;7;2;5;3;3;50;2;0;1;468;383;82;0.0;0
878044;727;2;9;4;5;5;3;50;3;0;0;474;398;84;0.0;0
878045;529;7;10;8;2;1;4;66;2;0;1;669;598;89;0.0;0
878045;531;3;5;3;2;2;1;34;2;0;3;343;273;80;0.0;0
878042;538;5;17;4;13;10;4;72;1;0;0;667;577;87;0.0;0
878042;546;1;4;2;2;0;2;28;1;0;5;271;178;66;0.0;0
878059;798;5;13;7;6;4;0;52;4;1;1;450;370;82;0.0;0
878059;540;2;7;2;5;4;0;48;1;0;4;421;336;80;0.0;0
878055;723;5;19;11;8;6;0;62;4;0;2;509;446;88;0.0;0
878055;538;3;8;2;6;4;5;38;0;1;2;313;247;79;0.0;0
878056;724;7;10;8;2;5;0;41;2;0;6;344;279;81;0.0;0
878056;530;8;16;11;5;3;0;59;4;0;4;495;433;87;0.0;0
878060;536;4;10;7;3;6;3;63;6;0;4;505;414;82;0.0;0
878060;728;5;15;9;6;6;0;37;1;0;5;305;220;72;0.0;0
878057;532;2;3;3;0;3;1;33;4;0;1;275;212;77;0.0;0
878057;529;2;13;10;3;10;3;67;5;0;2;572;496;87;0.0;0
878054;727;10;20;12;8;1;2;48;1;0;2;390;318;82;0.0;0
878054;720;2;7;4;3;8;3;52;3;0;8;422;345;82;0.0;0
878061;541;6;19;9;10;7;2;58;3;1;1;644;588;91;0.0;0
878061;547;2;8;6;2;1;1;42;3;0;5;461;408;89;0.0;0
878052;531;7;19;14;5;6;2;43;2;0;3;370;294;79;0.0;0
878052;533;3;6;4;2;2;0;57;1;0;6;523;441;84;0.0;0
878058;548;7;14;10;4;5;2;58;4;0;2;418;346;83;0.0;0
878058;543;4;10;4;6;3;2;42;4;0;7;305;231;76;0.0;0
878053;797;5;12;8;4;6;0;59;0;0;2;514;430;84;0.0;0
878053;546;3;8;6;2;2;1;41;3;1;5;359;269;75;0.0;0
878067;547;10;19;13;6;7;3;42;1;0;6;362;292;81;0.0;0
878067;531;7;11;6;5;1;3;58;1;0;8;515;430;83;0.0;0
878070;546;2;13;7;6;5;1;53;6;2;4;424;342;81;0.0;0
878070;724;4;15;11;4;5;2;47;2;1;1;386;288;75;0.0;0
878068;720;11;16;12;4;8;2;51;2;0;1;407;344;85;0.0;0
878068;797;2;4;3;1;4;0;49;0;0;9;407;336;83;0.0;0
878064;538;5;13;6;7;2;0;62;1;0;2;536;458;85;0.0;0
878064;727;4;8;4;4;3;1;38;5;0;4;327;252;77;0.0;0
878071;529;13;27;20;7;9;6;70;2;0;1;713;643;90;0.0;0
878071;723;1;4;4;0;1;1;30;1;0;10;310;222;72;0.0;0
878062;530;7;27;16;11;12;4;67;3;0;1;540;476;88;0.0;0
878062;540;2;6;4;2;2;0;33;5;1;7;269;191;71;0.0;0
878065;548;4;9;5;4;1;2;27;2;1;2;227;148;65;0.0;0
878065;532;3;14;6;8;11;2;73;0;0;3;603;518;86;0.0;0
878069;533;2;9;4;5;5;1;71;4;0;3;597;530;89;0.0;0
878069;798;5;7;5;2;2;2;29;6;0;2;242;178;74;0.0;0
878063;543;4;9;6;3;1;2;37;4;2;4;308;248;81;0.0;0
878063;536;6;22;13;9;4;3;63;5;1;4;523;461;88;0.0;0
878066;728;7;15;8;7;4;2;45;4;0;0;367;298;81;0.0;0
878066;541;2;16;9;7;5;0;55;5;0;4;449;386;86;0.0;0
878073;797;2;11;7;4;2;2;45;3;0;1;349;277;79;0.0;0
878073;547;3;21;16;5;5;3;55;2;0;1;439;361;82;0.0;0
878072;531;6;19;16;3;10;3;43;3;0;0;341;256;75;0.0;0
878072;720;0;8;5;3;2;1;57;1;0;3;459;351;76;0.0;0
878077;727;3;15;10;5;3;3;47;4;0;1;432;348;81;0.0;0
878077;529;3;9;7;2;6;2;53;4;2;2;507;415;82;0.0;0
878081;536;3;6;5;1;2;0;32;2;2;7;328;248;76;0.0;0
878081;548;9;17;12;5;1;4;68;2;0;2;732;658;90;0.0;0
878075;723;3;8;5;3;7;4;55;8;1;2;453;350;77;0.0;0
878075;546;3;11;9;2;6;4;45;4;0;2;361;260;72;0.0;0
878074;540;6;14;8;6;4;1;44;1;0;4;414;356;86;0.0;0
878074;533;3;10;7;3;7;2;56;3;0;6;532;474;89;0.0;0
878076;798;3;9;3;6;2;1;37;5;0;5;354;264;75;0.0;0
878076;530;5;17;6;11;5;4;63;3;0;2;586;507;87;0.0;0
878079;728;3;10;5;5;5;4;58;7;0;3;512;428;84;0.0;0
878079;538;3;11;7;4;3;0;42;1;0;3;375;287;77;0.0;0
878078;532;7;15;8;7;5;5;62;1;0;1;545;476;87;0.0;0
878078;543;1;5;3;2;5;4;38;3;1;4;329;243;74;0.0;0
878080;541;5;18;8;10;7;3;67;3;0;4;672;602;90;0.0;0
878080;724;5;10;5;5;1;0;33;3;0;3;338;269;80;0.0;0
878086;547;7;16;12;4;2;2;60;3;0;2;515;431;84;0.0;0
878086;728;4;12;7;5;4;3;40;2;0;5;353;268;76;0.0;0
878087;543;5;9;4;5;2;2;53;1;1;0;463;364;79;0.0;0
878087;531;0;10;6;4;6;4;47;4;0;5;397;302;76;0.0;0
878082;530;4;18;7;11;3;2;62;3;1;1;590;523;89;0.0;0
878082;797;1;5;2;3;5;3;38;4;2;2;348;284;82;0.0;0
878085;546;6;14;9;5;4;1;56;0;0;0;508;401;79;0.0;0
878085;798;0;3;1;2;2;4;44;1;0;4;411;301;73;0.0;0
878084;538;5;17;11;6;5;2;44;2;0;4;446;370;83;0.0;0
878084;536;5;7;3;4;6;1;56;4;1;4;587;495;84;0.0;0
878091;724;6;12;9;3;3;3;49;2;0;9;432;339;78;0.0;0
878091;723;10;19;11;8;2;5;51;0;0;5;450;364;81;0.0;0
878089;720;4;14;5;9;5;5;39;2;1;5;387;318;82;0.0;0
878089;541;7;19;15;4;9;1;61;0;0;4;610;539;88;0.0;0
878083;529;6;21;18;3;10;0;78;8;1;0;640;583;91;0.0;0
878083;540;1;4;3;1;2;1;22;8;1;5;186;126;68;0.0;0
878090;533;8;14;9;5;5;2;53;1;0;3;393;325;83;0.0;0
878090;532;4;13;9;4;2;7;47;4;0;6;345;278;81;0.0;0
878088;548;2;9;5;4;3;3;51;1;0;3;422;328;78;0.0;0
878088;727;3;11;4;7;2;1;49;1;0;0;393;282;72;0.0;0
878098;797;5;13;7;6;8;2;57;3;1;6;484;362;75;0.0;0
878098;538;7;14;10;4;4;2;43;1;0;5;383;282;74;0.0;0
878100;532;2;11;8;3;13;2;74;5;0;1;544;465;85;0.0;0
878100;724;2;6;5;1;2;1;26;6;0;2;204;125;61;0.0;0
878101;533;5;17;10;7;6;2;49;4;0;2;462;392;85;0.0;0
878101;541;3;13;10;3;5;3;51;1;0;3;485;419;86;0.0;0
878094;798;4;13;10;3;6;1;42;2;0;1;331;249;75;0.0;0
878094;720;1;9;5;4;2;0;58;3;0;3;507;410;81;0.0;0
878095;540;6;12;7;5;5;0;44;3;0;3;354;277;78;0.0;0
878095;547;5;12;8;4;2;5;56;2;0;4;458;396;86;0.0;0
878096;723;1;6;5;1;4;3;44;1;0;4;375;297;79;0.0;0
878096;548;6;9;8;1;2;9;56;0;0;1;494;409;83;0.0;0
878097;728;3;15;7;8;5;4;62;3;0;1;486;393;81;0.0;0
878097;543;3;14;8;6;7;1;38;2;0;2;303;218;72;0.0;0
878099;536;5;11;7;4;3;5;58;3;0;1;561;473;84;0.0;0
878099;546;2;11;8;3;4;2;42;3;0;3;400;306;77;0.0;0
878093;530;5;20;15;5;7;2;41;2;1;1;424;337;79;0.0;0
878093;529;2;10;7;3;4;1;59;3;1;3;633;541;85;0.0;0
878092;531;3;17;6;11;14;6;60;0;0;1;482;376;78;0.0;0
878092;727;1;3;1;2;1;1;40;1;0;3;328;214;65;0.0;0
878102;538;8;21;12;9;13;1;51;0;0;0;493;436;88;0.0;0
878102;533;1;3;0;3;3;3;49;2;0;7;503;435;86;0.0;0
878111;720;2;9;6;3;4;2;45;2;0;5;346;247;71;0.0;0
878111;728;6;13;5;8;8;0;55;2;0;2;435;330;76;0.0;0
878106;547;7;19;11;8;5;1;46;3;0;2;451;396;88;0.0;0
878106;536;2;10;5;5;1;1;54;1;0;5;538;479;89;0.0;0
878109;727;4;15;9;6;3;0;62;2;0;2;561;481;86;0.0;0
878109;798;2;6;3;3;1;7;38;3;0;3;336;245;73;0.0;0
878107;548;5;11;9;2;4;4;58;5;0;1;506;417;82;0.0;0
878107;531;2;6;5;1;2;4;42;2;1;2;362;274;76;0.0;0
878110;546;2;10;5;5;5;3;62;2;0;2;443;340;77;0.0;0
878110;540;4;10;5;5;1;0;38;3;0;1;279;184;66;0.0;0
878105;723;3;14;10;4;3;4;55;4;0;5;538;455;85;0.0;0
878105;530;7;12;10;2;4;3;45;4;1;2;440;342;78;0.0;0
878103;724;3;16;9;7;3;1;50;3;0;4;392;287;73;0.0;0
878103;797;5;12;6;6;6;1;50;2;0;2;385;306;79;0.0;0
878118;798;3;8;6;2;4;1;42;2;0;3;396;303;77;0.54;0
878118;538;3;10;2;8;6;0;58;3;0;2;552;466;84;0.53;0
878116;728;2;14;9;5;3;5;54;0;0;5;466;350;75;0.87;0
878116;548;7;12;7;5;4;2;46;0;0;2;403;291;72;1.66;0
878117;540;2;8;7;1;7;2;30;3;0;3;251;175;70;2.3;0
878117;543;4;13;7;6;4;1;70;2;0;1;614;545;89;0.87;0
878113;530;8;18;15;3;4;1;47;1;0;1;519;439;85;3.4;0
878113;720;1;7;2;5;1;1;53;1;0;5;567;483;85;0.52;0
878119;536;9;17;11;6;8;6;75;1;0;1;668;593;89;1.69;0
878119;724;1;4;0;4;1;1;25;4;1;7;230;148;64;0.09;0
878121;533;9;19;10;9;3;1;69;5;0;1;608;536;88;2.9;0
878121;547;1;8;6;2;2;5;31;5;1;8;263;189;72;0.56;0
878115;797;4;13;10;3;7;5;42;2;0;3;303;197;65;1.33;0
878115;727;4;8;5;3;2;1;58;1;0;3;430;322;75;0.55;0
878114;529;4;8;4;4;4;5;68;1;0;3;807;712;88;0.73;0
878114;546;3;7;7;0;2;4;32;2;0;3;385;301;78;1.08;0
878112;531;3;18;13;5;12;3;50;3;0;2;437;361;83;1.21;0
878112;541;4;10;7;3;2;2;50;2;0;3;467;401;86;1.12;0
878120;532;6;16;12;4;6;5;57;2;0;1;482;384;80;1.92;0
878120;723;3;14;7;7;2;3;43;1;0;4;368;268;73;1.5;0
878124;723;7;19;13;6;2;0;57;3;0;2;422;322;76;2.12;0
878124;540;3;6;4;2;2;6;43;3;0;4;315;213;68;0.81;0
878122;724;4;11;7;4;6;0;42;2;0;2;345;243;70;1.93;0
878122;798;2;9;5;4;2;3;58;2;0;2;475;369;78;0.41;0
878127;547;2;8;6;2;4;6;40;2;0;2;384;319;83;1.1;0
878127;529;3;8;5;3;2;1;60;3;0;2;582;508;87;1.16;0
878129;536;8;22;14;8;5;3;81;1;0;1;798;734;92;2.95;0
878129;797;1;6;4;2;2;0;19;3;1;5;186;119;64;0.41;0
878128;546;1;6;4;2;6;0;38;4;0;1;347;252;73;0.27;0
878128;543;2;13;8;5;1;3;62;2;0;1;589;484;82;1.46;0
878130;720;6;13;6;7;4;1;53;3;0;2;402;326;81;1.39;0
878130;532;2;15;9;6;7;0;47;1;0;5;347;268;77;1.26;0
878126;727;4;14;6;8;5;3;52;1;0;4;500;417;83;0.19;0
878126;530;5;13;9;4;4;3;48;0;0;4;479;381;80;1.56;0
878125;538;3;9;4;5;2;4;49;2;0;0;411;316;77;0.61;0
878125;531;0;5;2;3;5;2;51;2;0;2;423;325;77;0.23;0
878123;541;7;20;7;13;10;4;61;1;0;3;661;594;90;1.28;0
878123;548;3;8;5;3;3;2;39;4;0;7;426;360;85;0.45;0
878131;533;3;12;5;7;5;6;62;2;0;2;538;435;81;0.66;0
878131;728;3;11;4;7;4;3;38;3;0;3;323;248;77;0.92;0
878108;543;1;5;5;0;1;3;36;3;1;1;363;286;79;0.61;0
878108;529;3;13;11;2;6;6;64;0;0;1;643;568;88;1.87;0
878104;541;8;19;11;8;6;3;71;3;0;0;735;678;92;2.27;0
878104;532;0;4;2;2;6;1;29;1;1;5;298;242;81;0.19;0
878132;531;9;17;14;3;0;1;42;2;1;2;361;292;81;1.84;0
878132;724;3;15;9;6;3;3;58;1;0;5;486;411;85;1.57;0
878138;540;4;9;7;2;4;1;40;3;1;2;320;238;74;1.64;0
878138;727;3;9;7;2;3;2;60;5;1;3;482;390;81;0.95;0
878136;797;7;18;14;4;6;1;28;4;0;1;216;155;72;3.0;0
878136;533;2;14;9;5;10;0;72;2;0;4;572;509;89;1.54;0
878133;530;4;12;8;4;8;3;63;3;0;0;630;522;83;0.74;0
878133;546;1;9;3;6;0;0;37;5;0;3;391;261;67;1.19;0
878135;543;7;15;13;2;5;3;55;3;1;2;459;384;84;3.46;0
878135;538;7;9;7;2;5;6;45;3;0;4;380;290;76;1.86;0
878137;798;1;4;2;2;1;1;26;5;0;1;225;164;73;0.23;0
878137;541;1;20;9;11;12;1;74;5;0;1;628;578;92;0.93;0
878140;547;8;20;18;2;8;1;52;1;0;4;506;440;87;2.29;0
878140;532;4;8;6;2;4;0;48;4;0;7;467;397;85;0.88;0
878139;548;4;15;8;7;0;2;55;4;0;1;462;375;81;1.24;0
878139;720;2;7;5;2;4;7;45;5;0;4;368;277;75;0.7;0
878134;529;7;16;11;5;8;2;65;0;0;1;673;610;91;2.66;0
878134;536;1;3;1;2;3;3;35;2;0;4;366;292;80;0.12;0
878141;728;11;15;4;11;3;4;49;3;0;5;405;297;73;1.08;0
878141;723;5;14;7;7;7;1;51;3;0;10;412;305;74;1.21;0
878143;724;3;12;7;5;5;2;43;4;0;1;333;258;77;0.73;0
878143;547;1;7;3;4;6;0;57;4;0;2;450;379;84;0.25;0
878145;723;9;16;12;4;8;3;52;2;0;4;410;303;74;2.23;0
878145;543;7;12;10;2;2;5;48;3;0;7;405;317;78;2.55;0
878150;536;6;15;11;4;8;2;65;4;0;0;592;525;89;2.15;0
878150;798;0;6;4;2;2;0;35;2;0;3;321;243;76;0.23;0
878146;532;8;18;9;9;7;3;49;2;0;1;383;291;76;1.7;0
878146;531;3;11;11;0;1;2;51;2;0;7;416;330;79;1.27;0
878142;546;4;13;7;6;5;0;42;4;1;4;324;214;66;1.44;0
878142;728;4;19;10;9;6;4;58;4;0;2;445;346;78;2.2;0
878147;538;3;14;6;8;7;0;47;2;0;1;446;377;85;1.12;0
878147;530;2;10;7;3;5;2;53;2;1;4;502;424;84;1.03;0
878151;720;5;18;11;7;10;2;50;1;0;4;370;291;79;1.64;0
878151;727;4;15;7;8;4;1;50;3;0;4;366;281;77;0.72;0
878148;533;2;11;8;3;6;5;53;4;0;3;443;359;81;1.11;0
878148;529;4;6;5;1;2;3;47;4;0;2;391;313;80;1.47;0
878144;540;6;10;6;4;4;0;44;4;1;2;372;274;74;1.14;0
878144;548;5;11;7;4;3;1;56;1;0;4;488;398;82;1.41;0
878149;541;13;26;19;7;6;2;72;1;0;0;820;753;92;4.21;0
878149;797;0;7;5;2;4;2;28;3;0;9;302;233;77;0.57;0
878161;547;8;14;12;2;1;2;52;1;0;2;464;365;79;2.97;0
878161;723;4;16;8;8;7;0;48;1;0;2;411;320;78;1.8;0
878160;548;3;9;7;2;3;3;55;3;0;4;487;403;83;1.11;0
878160;538;4;18;13;5;7;3;45;5;1;2;379;303;80;1.36;0
878153;543;10;16;12;4;4;1;47;3;0;2;380;303;80;2.37;0
878153;720;3;17;8;9;6;3;53;5;0;8;397;324;82;1.0;0
878155;798;5;13;12;1;4;5;45;5;0;2;372;306;82;2.25;0
878155;533;4;8;4;4;4;1;55;0;1;1;460;397;86;1.2;0
878157;727;4;11;5;6;5;1;47;3;0;4;445;378;85;0.5;0
878157;541;6;11;7;4;5;5;53;2;0;4;506;437;86;1.33;0
878154;797;5;19;14;5;10;5;46;2;1;2;336;253;75;1.84;0
878154;540;4;11;9;2;5;2;54;3;0;5;409;316;77;1.3;0
878158;728;5;18;7;11;7;2;58;4;0;1;458;379;83;1.32;0
878158;536;2;7;3;4;3;7;42;1;0;4;337;260;77;0.46;0
878159;530;5;17;9;8;6;0;57;2;0;2;613;504;82;1.15;0
878159;531;2;8;6;2;5;0;43;3;0;4;466;352;76;0.78;0
878152;529;5;16;15;1;5;1;65;2;0;4;597;540;90;2.23;0
878152;724;4;14;10;4;6;7;35;3;0;2;306;243;79;1.44;0
878156;546;6;15;12;3;4;3;46;6;0;3;320;213;67;0.0;0
878156;532;3;8;3;5;5;4;54;1;0;5;377;262;69;0.0;0
878168;797;2;4;2;2;3;1;35;4;3;6;279;206;74;1.0;0
878168;543;9;21;15;6;3;2;65;1;0;0;524;455;87;4.18;0
878165;540;3;9;9;0;0;0;39;2;0;3;305;209;69;1.41;0
878165;798;4;15;6;9;4;0;61;2;0;1;457;351;77;0.75;0
878164;724;3;5;4;1;4;2;42;3;0;1;302;186;62;0.76;0
878164;728;2;11;5;6;6;1;58;4;1;2;416;311;75;0.61;0
878167;541;7;18;9;9;7;2;62;3;0;0;630;572;91;1.64;0
878167;530;1;7;4;3;4;0;38;3;1;6;400;339;85;0.32;0
878171;532;3;8;7;1;7;2;37;6;0;3;270;174;64;0.48;0
878171;548;3;11;5;6;8;1;63;3;0;3;451;358;79;0.7;0
878162;531;3;17;12;5;11;4;60;5;0;3;486;408;84;1.58;0
878162;547;4;8;8;0;3;1;40;5;0;1;351;255;73;1.25;0
878163;538;4;18;11;7;5;0;53;1;0;3;456;364;80;1.77;0
878163;720;3;6;4;2;4;5;47;3;1;1;392;295;75;0.51;0
878166;723;4;6;5;1;4;3;28;3;0;1;221;141;64;0.96;0
878166;529;1;13;12;1;7;5;72;3;0;3;560;499;89;1.11;0
878170;536;8;22;11;11;10;3;67;4;1;2;560;469;84;2.11;0
878170;727;4;11;10;1;2;1;33;2;0;6;279;190;68;1.09;0
878169;533;5;11;7;4;6;1;64;0;0;2;605;495;82;1.55;0
878169;546;3;8;6;2;5;0;36;1;0;3;327;225;69;0.59;0
878180;548;3;15;12;3;3;2;72;0;0;2;575;453;79;1.21;0
878180;724;2;6;3;3;0;3;28;1;0;3;224;115;51;0.63;0
878175;546;6;10;7;3;3;2;39;5;0;5;298;190;64;1.49;0
878175;547;7;9;2;7;3;2;61;4;0;3;484;366;76;0.79;0
878176;723;0;6;4;2;2;0;29;3;0;4;228;172;75;0.49;0
878176;533;6;16;15;1;10;5;71;4;0;0;571;520;91;2.05;0
878179;798;3;14;5;9;6;3;56;4;0;5;448;348;78;0.85;0
878179;797;6;15;10;5;7;1;44;3;0;3;365;271;74;0.93;0
878172;530;8;18;13;5;7;1;47;1;0;0;519;465;90;3.13;0
878172;536;1;8;5;3;3;1;53;4;1;2;577;514;89;1.46;0
878181;720;5;15;8;7;9;2;44;3;0;1;336;247;74;1.45;0
878181;540;2;12;7;5;6;0;56;2;0;3;426;333;78;1.19;0
878173;529;4;13;7;6;5;1;53;0;1;1;463;386;83;1.91;0
878173;532;1;13;9;4;2;3;47;0;0;3;398;323;81;0.79;0
878177;728;2;18;11;7;7;0;55;1;0;3;436;320;73;1.13;0
878177;531;3;16;12;4;9;2;45;0;1;2;365;268;73;1.37;0
878174;543;4;8;3;5;5;0;38;3;0;5;398;335;84;0.41;0
878174;541;5;15;9;6;3;1;62;4;0;4;672;598;89;1.21;0
878178;727;5;10;7;3;6;1;64;0;0;0;565;467;83;0.79;0
878178;538;0;6;3;3;4;2;36;2;0;5;322;224;70;1.07;0
878186;724;4;11;6;5;2;1;52;4;1;8;362;251;69;1.79;0
878186;546;10;16;11;5;6;4;48;5;1;2;313;203;65;2.75;0
878189;541;7;22;11;11;7;0;71;3;0;2;639;585;92;1.71;0
878189;540;3;10;7;3;4;0;29;2;0;4;260;210;81;1.17;0
878184;797;10;24;19;5;10;1;55;4;0;0;361;277;77;1.96;0
878184;720;1;5;3;2;3;1;45;6;2;9;312;226;72;0.26;0
878183;538;6;15;8;7;3;0;43;2;0;3;322;249;77;2.04;0
878183;728;3;12;7;5;7;5;57;3;0;4;417;337;81;1.08;0
878190;532;4;8;7;1;12;5;54;2;0;0;350;257;73;1.66;0
878190;727;0;7;3;4;3;2;46;5;0;3;299;202;68;0.32;0
878185;798;2;8;5;3;3;4;37;2;0;1;292;184;63;1.38;0
878185;548;2;8;5;3;2;2;63;2;1;1;506;411;81;0.51;0
878191;536;5;27;18;9;6;5;56;5;0;3;453;389;86;3.19;0
878191;723;5;13;8;5;4;1;44;4;0;3;356;285;80;1.2;0
878188;533;4;15;10;5;2;3;57;3;0;2;504;439;87;1.69;0
878188;543;3;6;1;5;4;1;43;2;0;3;380;318;84;1.02;0
878182;531;5;15;9;6;5;2;37;2;0;1;319;231;72;0.85;0
878182;529;2;10;7;3;3;1;63;1;0;3;565;482;85;0.86;0
878187;547;4;6;3;3;1;4;50;2;0;3;529;464;88;0.33;0
878187;530;4;14;10;4;3;3;50;3;0;4;537;458;85;2.09;0
878198;720;3;15;9;6;2;2;48;2;0;3;395;312;79;1.08;0
878198;531;6;16;12;4;9;1;52;2;0;2;425;326;77;2.58;0
878197;723;5;17;12;5;5;3;67;1;0;3;468;381;81;2.53;0
878197;724;4;10;5;5;2;5;33;4;0;4;237;145;61;1.36;0
878201;728;3;15;10;5;3;2;47;2;0;2;375;286;76;1.95;0
878201;547;4;12;8;4;5;4;53;2;0;1;415;329;79;1.8;0
878199;540;3;11;8;3;4;4;56;2;0;1;455;365;80;1.34;0
878199;538;4;8;8;0;1;2;44;2;0;2;365;279;76;1.59;0
878192;530;6;14;12;2;4;0;56;2;0;1;566;488;86;2.23;0
878192;532;1;9;4;5;2;1;44;0;0;3;440;358;81;0.95;0
878194;543;3;10;3;7;4;3;60;1;0;1;572;485;85;0.76;0
878194;798;1;5;2;3;4;4;40;2;0;2;364;258;71;0.18;0
878200;548;4;17;10;7;5;4;61;2;0;3;494;407;82;1.96;0
878200;797;3;4;2;2;3;2;39;1;0;2;319;222;70;0.1;0
878196;727;2;10;7;3;7;1;55;3;0;3;454;370;81;0.93;0
878196;533;6;12;7;5;1;3;45;2;0;2;397;310;78;1.79;0
878195;546;4;15;10;5;4;4;37;4;0;4;299;203;68;1.87;0
878195;536;4;11;4;7;1;2;63;2;0;2;525;429;82;1.0;0
878193;529;7;17;12;5;8;1;54;4;0;3;558;496;89;1.62;0
878193;541;3;11;6;5;1;4;46;3;0;5;484;414;86;0.55;0
878204;798;1;10;7;3;2;2;42;7;1;2;290;199;69;0.47;0
878204;727;2;11;6;5;3;0;58;3;0;1;400;307;77;0.48;0
878208;547;4;14;9;5;5;5;62;4;1;0;465;377;81;1.67;0
878208;540;1;5;3;2;2;2;38;2;1;2;284;183;64;1.0;0
878202;531;3;16;10;6;13;4;65;0;0;1;499;390;78;0.94;0
878202;546;1;10;8;2;3;1;35;0;0;3;284;172;61;0.76;0
878205;724;3;14;8;6;8;2;50;3;0;3;329;211;64;1.05;0
878205;536;5;11;8;3;4;0;50;4;0;3;351;246;70;1.09;0
878207;797;2;15;10;5;11;4;41;0;0;1;332;253;76;0.81;0
878207;529;6;12;8;4;3;3;59;3;0;2;521;453;87;1.74;0
878211;538;5;21;14;7;4;3;57;3;0;1;511;427;84;1.84;0
878211;723;3;8;6;2;1;0;43;5;0;3;400;308;77;1.07;0
878206;541;17;29;25;4;9;0;60;0;0;2;546;471;86;4.63;0
878206;720;2;12;5;7;1;2;40;1;0;12;362;296;82;0.86;0
878209;533;4;16;13;3;4;4;52;5;1;3;391;326;83;2.71;0
878209;548;3;16;10;6;4;2;48;3;0;2;347;279;80;0.98;0
878203;530;7;13;9;4;5;3;54;1;0;2;533;453;85;1.66;0
878203;543;2;6;5;1;1;0;46;2;0;6;467;390;84;0.57;0
878210;532;4;18;13;5;13;2;61;2;0;1;490;401;82;2.36;0
878210;728;2;7;5;2;3;0;39;3;0;3;328;217;66;0.85;0
878218;536;2;7;4;3;8;1;30;6;2;2;248;173;70;0.38;0
878218;538;4;9;4;5;3;2;70;2;0;0;607;539;89;0.45;0
878219;727;6;22;13;9;9;2;62;1;0;0;474;399;84;1.14;0
878219;797;1;7;6;1;2;5;38;3;0;4;299;223;75;0.66;0
878216;540;2;9;5;4;8;4;49;6;1;5;441;360;82;0.85;0
878216;531;7;12;11;1;7;2;51;4;0;1;468;387;83;2.33;0
878221;548;6;11;6;5;3;4;61;2;0;4;578;469;81;2.34;0
878221;546;4;6;4;2;2;6;39;1;0;4;354;244;69;0.28;0
878214;541;4;18;13;5;6;2;49;0;0;5;432;383;89;2.46;0
878214;533;8;17;10;7;7;2;51;3;0;3;443;382;86;1.5;0
878220;720;6;10;8;2;1;1;62;3;0;3;464;396;85;1.25;0
878220;798;6;14;9;5;2;0;38;5;0;3;279;208;75;1.8;0
878213;543;3;9;6;3;5;0;46;3;2;2;321;256;80;1.23;0
878213;724;4;15;12;3;6;0;54;3;0;2;384;321;84;2.99;0
878215;723;4;10;6;4;3;2;40;3;0;2;314;229;73;1.33;0
878215;532;4;11;7;4;7;0;60;2;0;2;445;364;82;1.29;0
878217;728;3;15;8;7;8;0;51;0;1;2;549;453;83;0.68;0
878217;530;4;14;13;1;2;3;49;0;0;3;542;454;84;1.9;0
878212;529;3;18;14;4;12;1;59;0;0;0;513;440;86;1.31;0
878212;547;0;5;4;1;2;4;41;2;0;4;368;293;80;0.6;0
878229;728;3;12;8;4;2;1;46;2;0;3;391;296;76;0.9;0
878229;727;4;8;5;3;3;1;54;3;0;2;466;364;78;0.39;0
878226;533;7;22;15;7;8;2;70;1;0;5;583;509;87;1.99;0
878226;720;7;14;9;5;5;3;30;6;0;6;245;172;70;2.16;0
878222;531;5;13;7;6;5;3;51;5;0;4;406;308;76;0.79;0
878222;548;4;13;8;5;2;2;49;2;0;3;384;289;75;1.39;0
878223;543;8;15;11;4;4;1;52;2;0;3;428;367;86;2.09;0
878223;540;4;13;10;3;13;4;48;2;0;5;375;311;83;0.63;0
878225;724;3;12;8;4;2;0;31;1;0;9;302;227;75;0.67;0
878225;541;11;35;24;11;9;2;69;0;0;3;700;640;91;3.52;0
878228;547;4;14;10;4;3;0;48;3;0;5;404;323;80;1.22;0
878228;797;5;13;7;6;4;1;52;3;1;3;424;368;87;0.75;0
878227;546;1;5;5;0;1;6;34;2;0;3;251;153;61;0.52;0
878227;529;3;15;7;8;5;5;66;1;0;1;480;391;81;1.59;0
878231;530;7;19;9;10;9;6;65;3;0;0;650;578;89;2.36;0
878231;723;1;3;3;0;2;2;35;3;0;5;355;282;79;0.17;0
878230;532;3;13;8;5;6;1;60;1;1;1;500;403;81;0.37;0
878230;536;3;6;4;2;2;3;40;4;0;3;350;260;74;0.36;0
878224;538;3;12;7;5;7;2;73;2;1;1;597;514;86;0.89;0
878224;798;2;8;6;2;5;1;27;1;0;3;213;125;59;1.14;0
878239;540;5;14;12;2;6;3;57;4;0;2;393;314;80;1.16;0
878239;724;2;11;8;3;4;2;43;2;0;5;307;226;74;1.42;0
878236;727;5;10;8;2;5;1;38;2;0;4;301;217;72;1.55;0
878236;543;6;21;13;8;13;0;62;0;0;2;476;404;85;2.17;0
878234;723;4;12;6;6;3;2;53;2;0;1;464;366;79;0.81;0
878234;531;3;14;9;5;4;1;47;4;0;3;425;339;80;1.67;0
878240;548;1;7;5;2;3;4;61;1;0;1;466;366;79;0.56;0
878240;728;2;7;4;3;3;3;39;2;0;0;301;179;59;0.49;0
878241;720;6;15;8;7;5;2;39;1;0;6;334;253;76;1.01;0
878241;547;6;12;7;5;7;1;61;1;0;5;526;438;83;0.89;0
878237;541;5;17;10;7;8;1;66;1;0;2;728;657;90;1.47;0
878237;538;2;12;7;5;3;2;34;2;0;3;369;296;80;0.98;0
878232;797;1;7;6;1;11;5;66;3;0;2;470;413;88;0.63;0
878232;532;3;5;5;0;6;0;34;1;0;1;250;180;72;0.97;0
878235;529;4;13;9;4;3;2;62;4;0;3;605;518;86;2.18;0
878235;530;3;13;11;2;3;2;38;8;0;3;365;275;75;1.28;0
878238;798;4;8;8;0;2;4;49;2;0;0;398;287;72;1.51;0
878238;546;1;3;2;1;2;1;51;3;0;1;423;306;72;0.1;0
878233;536;4;17;10;7;5;3;38;1;0;4;294;207;70;0.9;0
878233;533;5;17;11;6;3;3;62;2;0;2;493;398;81;2.46;0
878248;547;5;13;10;3;3;2;28;1;0;1;276;218;79;2.31;0
878248;541;3;18;11;7;8;0;72;2;0;1;707;645;91;1.79;0
878246;724;4;20;16;4;11;5;56;0;0;3;450;369;82;1.46;0
878246;727;4;6;5;1;2;2;44;1;1;4;371;282;76;1.02;0
878244;543;1;11;8;3;2;2;58;1;0;3;459;354;77;0.96;0
878244;548;3;10;6;4;4;1;42;3;0;1;338;247;73;0.96;0
878243;530;9;24;15;9;5;0;68;0;0;1;640;563;88;2.66;0
878243;798;2;6;6;0;8;1;32;0;0;6;283;194;69;0.91;0
878251;546;9;21;15;6;4;5;45;2;1;9;370;254;69;1.54;0
878251;723;11;23;12;11;6;1;55;2;0;8;464;360;78;1.68;0
878245;538;9;15;9;6;10;5;49;0;0;1;404;327;81;1.14;0
878245;797;1;12;9;3;6;2;51;0;0;8;420;337;80;1.15;0
878249;728;6;9;6;3;3;1;40;1;0;4;318;228;72;0.73;0
878249;529;5;10;5;5;9;3;60;4;0;4;488;395;81;0.87;0
878247;532;6;19;10;9;6;2;49;0;0;1;357;274;77;0.93;0
878247;720;2;9;3;6;2;3;51;4;0;4;401;317;79;0.9;0
878250;533;13;31;25;6;9;2;64;2;0;2;485;436;90;3.9;0
878250;540;4;14;6;8;2;0;36;4;1;10;262;206;79;0.94;0
878242;531;0;6;4;2;8;2;55;3;0;0;453;332;73;0.3;0
878242;536;1;4;3;1;2;2;45;3;0;0;368;263;71;1.04;0
878256;727;1;13;9;4;4;0;51;3;0;6;404;309;76;1.43;0
878256;548;7;12;10;2;2;1;49;1;0;1;428;338;79;1.4;0
878253;797;9;18;14;4;3;3;51;1;0;2;363;282;78;2.77;0
878253;728;2;14;9;5;8;3;49;2;1;5;343;275;80;0.85;0
878260;541;8;15;8;7;7;8;68;2;0;1;679;630;93;2.83;0
878260;723;3;9;6;3;0;0;32;2;0;4;316;266;84;1.34;0
878252;529;6;15;9;6;10;3;67;0;0;1;676;599;89;2.68;0
878252;543;1;4;3;1;0;3;33;2;1;3;333;267;80;0.21;0
878254;724;4;8;5;3;5;1;40;6;0;2;250;170;68;1.76;0
878254;532;4;16;12;4;6;1;60;2;0;1;365;287;79;1.27;0
878259;533;3;9;7;2;4;5;52;1;0;4;456;404;89;2.28;0
878259;538;5;14;10;4;9;5;48;4;0;0;389;325;84;0.77;0
878255;540;8;17;11;6;6;3;57;4;0;2;372;284;76;2.43;0
878255;546;2;7;5;2;3;2;43;5;0;7;268;170;63;0.51;0
878258;720;6;19;11;8;9;5;57;2;0;1;450;397;88;1.77;0
878258;530;6;9;7;2;1;1;43;1;0;4;361;294;81;1.97;0
878257;798;2;9;7;2;5;2;30;4;1;5;260;180;69;0.97;0
878257;531;6;16;11;5;7;0;70;2;0;1;603;517;86;1.76;0
878261;536;5;23;15;8;6;4;64;2;0;1;534;474;89;2.18;0
878261;547;3;9;7;2;1;1;36;1;0;6;314;230;73;0.79;0
878264;529;4;21;14;7;11;3;76;0;0;2;640;566;88;2.8;0
878264;727;2;7;3;4;0;2;24;0;1;3;208;134;64;0.42;0
878267;723;4;10;7;3;7;2;47;2;0;0;372;296;80;1.72;0
878267;797;1;14;11;3;13;2;53;2;0;2;412;324;79;0.98;0
878271;548;4;9;6;3;2;1;53;1;0;4;487;422;87;1.95;0
878271;541;5;10;4;6;6;2;47;5;1;2;430;373;87;0.81;0
878265;532;1;8;5;3;6;5;32;4;0;3;219;153;70;1.17;0
878265;533;4;11;5;6;6;2;68;2;0;0;496;426;86;0.66;0
878263;530;8;18;16;2;5;2;61;3;0;0;604;540;89;2.86;0
878263;724;1;2;0;2;2;3;39;2;0;3;382;327;86;0.05;0
878269;546;4;14;10;4;1;0;34;7;0;1;280;170;61;2.57;0
878269;538;1;7;5;2;5;0;66;5;1;3;527;419;80;0.25;0
878270;536;6;18;13;5;9;5;64;1;0;2;505;430;85;2.68;0
878270;540;3;7;4;3;0;0;36;2;0;3;294;221;75;1.01;0
878268;547;7;17;12;5;9;1;63;4;0;1;496;424;85;1.69;0
878268;798;2;8;6;2;5;3;37;0;0;4;291;212;73;1.44;0
878262;531;6;21;15;6;13;2;63;1;1;1;531;430;81;1.55;0
878262;543;2;12;6;6;2;2;37;3;0;7;330;247;75;1.23;0
878266;728;6;16;10;6;3;5;51;0;0;3;404;306;76;1.41;0
878266;720;4;7;5;2;4;3;49;0;0;4;388;278;72;0.56;0
878278;798;3;8;7;1;3;1;43;5;0;3;320;229;72;1.32;0
878278;724;4;14;11;3;7;3;57;4;0;2;405;317;78;0.76;0
878281;548;6;18;14;4;7;1;51;5;0;4;408;345;85;2.77;0
878281;547;6;13;10;3;4;1;49;3;1;4;398;320;80;1.24;0
878280;727;7;18;9;9;4;4;56;0;0;2;513;432;84;1.88;0
878280;723;3;8;2;6;1;2;44;0;0;4;388;303;78;0.45;0
878274;533;11;17;10;7;7;3;57;4;0;3;471;387;82;3.25;0
878274;531;5;11;10;1;5;3;43;3;0;7;342;260;76;3.11;0
878277;541;3;16;3;13;1;4;77;1;0;2;847;768;91;0.86;0
878277;546;2;9;3;6;3;5;23;4;0;2;245;176;72;0.75;0
878273;538;6;10;6;4;5;2;64;3;0;3;481;387;80;0.75;0
878273;532;5;12;6;6;4;1;36;5;1;5;272;182;67;1.3;0
878275;797;4;15;14;1;3;0;50;2;0;4;464;394;85;1.42;0
878275;530;4;13;10;3;5;3;50;0;0;3;471;399;85;1.52;0
878279;720;6;28;13;15;8;3;55;2;0;2;375;296;79;1.83;0
878279;536;5;17;11;6;3;1;45;1;0;4;319;237;74;2.65;0
878276;540;7;15;12;3;4;3;30;1;0;1;301;235;78;3.15;0
878276;529;5;15;9;6;3;3;70;3;0;5;727;664;91;2.94;0
878272;543;5;11;6;5;6;2;49;3;0;4;405;320;79;1.58;0
878272;728;4;16;10;6;5;4;51;2;1;1;416;350;84;1.3;0
878285;724;4;11;6;5;4;1;47;4;0;2;260;170;65;2.23;0
878285;720;2;6;5;1;3;1;53;4;1;2;298;212;71;0.69;0
878287;547;3;9;7;2;3;2;45;2;0;3;406;339;83;1.23;0
878287;533;5;10;5;5;1;2;55;1;0;2;509;450;88;1.95;0
878282;531;3;10;9;1;8;0;48;4;0;2;431;347;81;1.0;0
878282;538;3;8;3;5;5;2;52;1;0;1;463;375;81;0.45;0
878289;546;5;9;6;3;5;1;38;3;0;3;255;170;67;1.51;0
878289;797;4;13;12;1;6;0;62;1;0;4;416;311;75;1.22;0
878286;723;3;12;5;7;4;1;54;1;0;3;411;341;83;1.6;0
878286;798;3;7;4;3;6;3;46;2;0;0;344;270;78;0.77;0
878284;529;4;13;8;5;8;2;67;4;0;4;664;582;88;1.56;0
878284;548;6;13;12;1;2;2;33;4;0;3;321;251;78;2.0;0
878290;728;5;15;10;5;4;2;64;2;0;4;494;407;82;2.02;0
878290;540;6;10;7;3;4;1;36;2;0;4;271;171;63;1.64;0
878283;530;5;15;9;6;8;5;54;0;0;2;548;466;85;1.94;0
878283;727;2;12;8;4;10;1;46;2;0;2;456;387;85;0.69;0
878291;532;6;11;9;2;2;2;27;5;0;5;235;174;74;1.0;0
878291;541;5;13;9;4;9;2;73;2;1;5;678;596;88;1.39;0
878288;536;4;10;6;4;4;2;54;2;0;0;402;316;79;1.13;0
878288;543;0;5;0;5;3;2;46;2;1;4;354;264;75;0.12;0
878293;538;7;16;7;9;9;3;40;0;0;3;356;297;83;1.19;0
878293;547;4;11;7;4;3;0;60;0;0;6;557;504;90;1.24;0
878301;548;2;15;11;4;10;3;73;0;0;2;578;498;86;1.85;0
878301;723;2;2;2;0;2;4;27;1;1;1;224;134;60;0.11;0
878298;720;4;8;6;2;2;3;30;1;0;6;270;200;74;2.32;0
878298;529;6;16;10;6;6;2;70;0;0;2;625;550;88;1.77;0
878299;533;7;13;7;6;7;1;65;1;0;8;567;489;86;2.4;0
878299;724;8;16;11;5;6;1;35;2;0;5;288;219;76;1.73;0
878300;541;3;12;6;6;5;4;61;1;0;5;717;655;91;1.29;0
878300;728;6;15;8;7;2;0;39;3;0;1;450;384;85;0.68;0
878294;797;7;20;12;8;9;5;72;1;0;2;555;488;88;1.5;0
878294;536;3;9;7;2;5;5;28;4;1;6;211;152;72;0.69;0
878297;540;13;26;17;9;16;4;45;2;0;4;435;367;84;3.11;0
878297;530;7;16;11;5;1;4;55;3;0;10;583;511;88;2.29;0
878292;543;4;11;6;5;2;1;71;2;1;1;622;510;82;1.22;0
878292;546;2;9;4;5;5;1;29;5;0;4;240;137;57;0.49;0
878295;798;3;4;3;1;2;0;40;4;0;5;326;243;75;0.54;0
878295;532;5;15;12;3;4;0;60;2;0;2;485;399;82;1.96;0
878296;727;3;9;5;4;3;2;49;3;0;5;391;289;74;0.81;0
878296;531;5;10;7;3;6;2;51;3;0;1;400;325;81;0.67;0
878311;536;1;11;5;6;1;1;33;2;1;1;351;291;83;1.2;0
878311;541;3;6;4;2;1;2;67;4;0;0;737;675;92;0.77;0
878304;529;9;28;21;7;14;0;78;0;0;1;713;649;91;3.64;0
878304;798;1;3;3;0;3;1;22;0;1;5;196;132;67;0.09;0
878303;530;5;11;7;4;6;2;50;2;0;4;514;428;83;0.69;0
878303;548;5;10;9;1;4;0;50;2;0;3;512;437;85;1.21;0
878302;531;8;27;19;8;19;1;64;1;0;1;533;462;87;2.57;0
878302;797;2;6;5;1;3;2;36;1;0;7;303;228;75;0.96;0
878310;532;4;19;11;8;10;2;53;0;0;3;415;330;80;2.68;0
878310;540;5;9;6;3;3;0;47;3;0;2;376;285;76;1.14;0
878305;546;6;16;12;4;1;4;50;4;0;1;401;269;67;2.65;0
878305;727;2;10;5;5;1;1;50;1;0;4;404;268;66;0.63;0
878309;547;3;9;8;1;8;2;54;0;0;6;501;438;87;1.08;0
878309;543;7;18;12;6;5;3;46;1;0;2;442;386;87;2.46;0
878308;723;7;23;16;7;2;0;49;0;0;2;370;284;77;1.59;0
878308;720;2;8;5;3;4;7;51;4;0;7;391;307;79;0.48;0
878306;724;3;13;12;1;3;3;49;9;0;4;380;285;75;1.7;0
878306;538;4;9;3;6;3;0;51;6;0;1;398;301;76;0.61;0
878307;728;4;15;8;7;4;9;31;3;0;1;235;167;71;1.36;0
878307;533;2;7;5;2;6;1;69;4;0;2;557;464;83;0.43;0
878316;533;7;22;10;12;12;2;66;3;0;1;610;552;90;1.59;0
878316;530;3;9;8;1;1;0;34;2;1;5;315;255;81;1.81;0
878315;541;2;9;6;3;5;1;64;2;0;8;633;575;91;1.76;0
878315;531;9;15;8;7;6;4;36;2;0;1;340;277;81;2.36;0
878314;548;6;17;11;6;5;2;56;0;0;3;498;418;84;1.8;0
878314;536;4;9;5;4;2;3;44;1;0;4;399;311;78;0.43;0
878321;727;7;14;11;3;5;3;37;1;0;5;317;252;79;1.8;0
878321;547;6;11;6;5;2;2;63;5;0;5;545;483;89;0.92;0
878313;798;4;8;7;1;2;2;47;0;0;4;340;261;77;2.25;0
878313;728;4;21;9;12;6;0;53;0;0;0;355;286;81;1.12;0
878317;538;9;12;3;9;2;7;27;2;0;1;239;178;74;0.66;0
878317;529;2;9;5;4;4;3;73;2;0;7;651;579;89;1.25;0
878320;540;8;12;7;5;7;2;63;2;0;1;458;395;86;0.59;0
878320;723;4;11;8;3;5;0;37;4;0;5;264;201;76;1.79;0
878312;543;3;8;6;2;4;3;61;3;0;2;568;482;85;0.63;0
878312;532;3;10;5;5;4;4;39;0;1;2;350;278;79;1.17;0
878318;720;0;15;7;8;6;2;80;1;0;1;587;491;84;0.9;0
878318;546;1;4;3;1;1;1;20;3;0;0;157;65;41;0.5;0
878319;797;5;12;8;4;7;3;67;4;0;2;487;394;81;1.58;0
878319;724;3;14;7;7;4;0;33;3;0;4;239;163;68;2.55;0
1037952;723;5;19;12;7;8;1;60;1;0;2;480;422;88;1.39;0
1037952;728;4;10;6;4;3;1;40;3;0;5;329;255;78;2.07;0
1037956;536;3;9;5;4;8;3;55;3;1;1;397;297;75;0.72;0
1037956;532;3;10;7;3;1;0;45;2;0;2;343;244;71;1.12;0
1037960;548;2;15;7;8;4;0;48;2;0;0;376;306;81;0.99;0
1037960;547;1;6;5;1;1;3;52;5;0;1;416;342;82;1.15;0
1037957;534;2;5;2;3;3;1;69;3;0;1;605;522;86;0.92;0
1037957;798;2;12;8;4;6;6;31;2;0;1;255;178;70;1.61;0
1037953;531;1;7;5;2;7;2;46;3;0;6;489;419;86;0.45;0
1037953;541;8;14;10;4;5;2;54;1;0;1;603;528;88;0.99;0
1037955;538;1;11;8;3;7;6;52;1;0;3;469;385;82;0.96;0
1037955;727;5;11;8;3;2;1;48;1;0;0;433;324;75;0.95;0
1037959;533;5;18;12;6;9;2;63;1;0;3;560;481;86;0.91;0
1037959;543;5;12;6;6;4;1;37;3;0;4;317;251;79;1.05;0
1037958;546;2;5;3;2;3;4;25;8;1;3;233;167;72;0.57;0
1037958;529;4;14;6;8;4;2;75;2;1;2;729;659;90;1.49;0
1037961;724;3;12;7;5;2;2;44;3;1;2;298;206;69;0.66;0
1037961;542;2;10;4;6;4;2;56;2;0;2;365;274;75;0.25;0
1037954;530;6;14;11;3;3;3;45;3;0;3;428;351;82;2.42;0
1037954;715;4;7;5;2;3;0;55;1;0;3;527;435;83;0.94;0
1037964;798;1;8;7;1;6;6;40;2;0;3;323;272;84;0.38;0
1037964;533;3;15;11;4;5;1;60;4;0;1;517;463;90;1.95;0
1037971;532;4;9;8;1;6;2;39;0;0;1;365;290;79;1.54;0
1037971;534;1;7;2;5;4;1;61;0;0;3;605;522;86;0.52;0
1037969;548;2;11;7;4;9;0;52;2;0;6;419;315;75;0.71;0
1037969;538;6;17;10;7;7;3;48;1;0;1;376;279;74;1.13;0
1037962;723;8;20;13;7;4;1;43;1;0;6;428;367;86;1.33;0
1037962;541;9;25;18;7;5;4;57;0;0;7;567;518;91;1.98;0
1037967;727;7;18;11;7;5;2;62;1;1;0;535;436;81;1.28;0
1037967;531;2;8;5;3;3;0;38;5;1;7;331;232;70;1.56;0
1037970;547;6;7;5;2;3;3;65;2;0;2;529;457;86;1.42;0
1037970;546;2;9;5;4;2;2;35;5;0;3;274;189;69;0.7;0
1037963;529;10;24;19;5;10;1;75;4;0;1;612;559;91;3.48;0
1037963;724;1;10;10;0;2;1;25;3;0;8;196;133;68;1.15;0
1037968;543;0;14;10;4;2;3;53;2;0;1;551;485;88;0.74;0
1037968;530;1;5;4;1;7;2;47;1;0;0;494;423;86;0.4;0
1037966;542;7;14;10;4;4;0;33;1;0;0;268;166;62;1.85;0
1037966;536;2;12;3;9;4;1;67;2;0;3;552;464;84;0.64;0
1037965;715;7;14;10;4;5;1;49;2;1;7;360;278;77;1.19;0
1037965;728;9;17;11;6;6;7;51;1;0;7;384;296;77;2.14;0
1037975;534;5;11;6;5;5;3;52;1;0;1;466;377;81;0.91;0
1037975;548;1;8;7;1;7;4;48;4;0;5;424;340;80;1.0;0
1037973;538;4;13;10;3;3;0;37;2;0;2;350;277;79;1.24;0
1037973;541;3;10;6;4;5;3;63;3;0;4;635;568;89;1.36;0
1037976;724;3;11;7;4;7;0;52;0;1;1;345;266;77;1.58;0
1037976;723;2;5;3;2;3;1;48;5;1;2;332;253;76;0.26;0
1037974;715;4;10;6;4;5;1;53;2;0;3;354;277;78;1.43;0
1037974;798;5;10;10;0;3;1;47;7;0;1;318;243;76;2.62;0
1037979;536;4;21;13;8;6;4;51;2;0;1;394;316;80;1.47;0
1037979;547;3;8;6;2;6;1;49;1;0;4;411;330;80;1.38;0
1037978;533;6;13;10;3;2;5;39;3;0;7;382;327;86;1.86;0
1037978;529;11;21;15;6;6;3;61;3;0;3;592;540;91;3.07;0
1037980;532;4;16;10;6;6;3;65;3;0;0;510;428;84;1.69;0
1037980;727;2;7;6;1;3;1;35;4;0;3;283;191;67;1.23;0
1037972;531;6;14;10;4;5;2;47;4;0;3;401;305;76;2.87;0
1037972;543;4;9;6;3;3;2;53;2;0;2;468;370;79;0.44;0
1037981;546;4;15;14;1;4;0;47;1;0;1;307;201;65;2.26;0
1037981;542;2;16;9;7;5;3;53;2;0;3;337;228;68;0.69;0
1037977;728;3;12;7;5;8;3;56;4;0;3;477;371;78;0.56;0
1037977;530;10;17;14;3;3;1;44;3;0;3;386;286;74;3.45;0
1037985;724;4;18;9;9;7;2;42;5;0;2;296;232;78;2.09;0
1037985;533;3;7;4;3;3;2;58;4;1;1;430;360;84;0.32;0
1037982;723;5;16;11;5;6;1;63;1;0;4;611;540;88;2.98;0
1037982;538;8;14;12;2;5;3;37;1;0;3;346;273;79;1.54;0
1037991;548;6;15;7;8;2;8;62;1;0;3;544;462;85;2.32;0
1037991;715;5;8;5;3;5;5;38;5;0;2;325;231;71;0.75;0
1037990;541;12;26;17;9;11;2;76;2;0;1;728;644;88;2.79;0
1037990;546;2;6;3;3;1;0;24;6;0;10;226;151;67;0.39;0
1037987;542;1;7;7;0;1;3;39;4;0;4;307;214;70;1.3;0
1037987;532;4;9;5;4;2;0;61;2;0;1;486;403;83;0.76;0
1037984;543;5;14;10;4;2;2;56;3;0;6;481;408;85;1.07;0
1037984;728;6;15;9;6;3;4;44;5;0;5;372;285;77;1.43;0
1037986;547;6;11;7;4;3;4;46;3;0;5;410;355;87;1.03;0
1037986;534;5;10;6;4;5;0;54;3;0;5;484;417;86;1.06;0
1037988;798;2;8;5;3;3;5;33;0;0;3;249;145;58;0.38;0
1037988;531;3;11;8;3;5;4;67;1;0;1;479;390;81;0.62;0
1037989;727;3;11;7;4;8;2;30;1;1;2;255;194;76;0.77;0
1037989;529;4;9;7;2;5;2;70;3;0;2;649;587;90;2.0;0
1038001;728;11;20;13;7;5;0;52;2;0;1;385;285;74;2.58;0
1038001;542;1;9;7;2;3;1;48;3;0;9;352;251;71;0.67;0
1037992;531;9;20;15;5;5;1;66;1;0;4;489;377;77;2.87;0
1037992;724;4;5;2;3;4;4;34;4;0;5;260;166;64;0.29;0
1037998;532;8;12;8;4;5;0;37;1;0;3;329;258;78;1.84;0
1037998;530;3;11;7;4;8;0;63;5;0;5;541;458;85;0.75;0
1037994;538;4;16;12;4;10;2;61;1;0;2;515;425;83;1.35;0
1037994;798;4;7;5;2;1;0;39;3;0;4;346;263;76;0.78;0
1037993;529;9;17;10;7;9;3;66;1;0;2;655;595;91;2.42;0
1037993;543;2;11;6;5;5;3;34;2;0;4;338;283;84;0.85;0
1037995;546;6;11;10;1;6;0;45;6;1;1;351;236;67;0.5;0
1037995;727;3;8;4;4;3;7;55;2;0;3;441;326;74;1.13;0
1037997;533;4;10;9;1;6;1;63;2;0;6;497;429;86;0.9;0
1037997;723;7;17;10;7;6;1;37;3;0;2;295;224;76;1.51;0
1038000;536;9;26;16;10;7;6;44;3;0;2;343;257;75;1.75;0
1038000;534;2;14;5;9;3;0;56;5;0;8;476;390;82;1.06;0
1037996;541;8;17;11;6;4;3;51;3;0;4;516;449;87;2.05;0
1037996;548;5;15;8;7;3;2;49;2;0;6;494;430;87;1.66;0
1037999;715;5;12;8;4;4;3;42;3;0;3;311;247;79;1.62;0
1037999;547;7;13;7;6;5;5;58;3;0;3;443;379;86;2.77;0
1038009;542;5;15;11;4;3;4;43;2;0;1;373;270;72;1.15;0
1038009;531;3;11;8;3;4;0;57;2;0;5;496;396;80;1.73;0
1038006;547;10;23;16;7;6;1;56;1;0;2;529;465;88;3.22;0
1038006;798;5;15;10;5;5;3;44;5;0;4;405;343;85;1.79;0
1038007;727;2;16;13;3;7;2;44;2;0;3;322;200;62;1.42;0
1038007;536;3;15;8;7;4;4;56;3;0;2;424;298;70;0.77;0
1038004;529;6;15;7;8;2;2;74;2;0;5;810;739;91;1.59;0
1038004;538;7;13;12;1;3;0;26;1;0;3;275;203;74;1.54;0
1038002;723;10;17;13;4;7;3;61;4;0;3;544;462;85;2.67;0
1038002;532;5;7;5;2;3;1;39;2;0;8;350;255;73;0.76;0
1038010;548;6;10;6;4;2;3;61;3;0;4;484;396;82;1.95;0
1038010;546;7;10;7;3;1;1;39;2;0;2;298;201;67;1.47;0
1038008;728;6;11;7;4;2;6;41;2;0;5;326;256;79;1.21;0
1038008;533;6;13;9;4;8;2;59;3;1;5;474;406;86;1.64;0
1038011;534;3;10;5;5;6;4;58;6;1;1;442;364;82;0.6;0
1038011;715;1;2;0;2;7;5;42;4;0;2;311;215;69;0.04;0
1038005;543;7;21;15;6;11;1;63;2;0;0;499;452;91;1.86;0
1038005;724;1;5;4;1;8;5;37;3;0;6;286;221;77;0.22;0
1038003;530;4;10;7;3;6;1;36;1;0;4;344;285;83;1.29;0
1038003;541;5;20;9;11;11;1;64;3;0;1;603;561;93;1.01;0
1038014;536;9;18;15;3;9;0;47;3;0;0;365;294;81;2.22;0
1038014;723;1;10;10;0;4;2;53;2;0;4;421;344;82;1.78;0
1038016;798;5;10;7;3;7;6;30;4;1;2;246;152;62;0.79;0
1038016;529;4;10;6;4;2;1;70;1;0;3;584;497;85;1.89;0
1038012;531;4;8;6;2;5;6;48;5;1;3;382;294;77;0.74;0
1038012;546;5;13;9;4;4;1;52;6;0;2;395;293;74;1.36;0
1038018;533;3;14;11;3;5;4;53;3;0;3;461;409;89;1.91;0
1038018;547;5;17;13;4;6;0;47;2;0;2;405;356;88;2.15;0
1038020;541;9;21;17;4;7;6;47;0;0;2;572;507;89;1.76;0
1038020;534;2;16;7;9;2;2;53;1;0;7;650;593;91;0.72;0
1038019;532;2;9;3;6;0;3;37;4;1;0;354;259;73;0.37;0
1038019;548;1;2;1;1;2;2;63;7;0;2;604;514;85;0.18;0
1038013;724;2;9;5;4;1;1;52;5;0;4;404;294;73;0.59;0
1038013;728;4;9;0;9;2;2;48;6;1;2;385;270;70;0.26;0
1038021;538;0;8;3;5;2;0;46;6;1;8;390;309;79;0.56;0
1038021;542;11;21;16;5;8;2;54;3;0;0;443;380;86;2.7;0
1038017;715;7;18;12;6;5;2;39;2;0;2;316;242;77;1.78;0
1038017;543;3;13;8;5;7;2;61;1;0;6;517;441;85;0.88;0
1038015;727;2;13;8;5;7;2;54;3;1;1;499;414;83;0.94;0
1038015;530;3;5;4;1;2;5;46;2;1;2;443;348;79;1.44;0
1038024;529;4;18;16;2;13;1;59;2;0;3;467;402;86;2.43;0
1038024;536;3;12;9;3;3;3;41;3;0;4;313;241;77;1.11;0
1038026;546;9;22;12;10;6;2;65;2;0;0;466;396;85;0.83;0
1038026;533;0;3;2;1;4;1;35;4;1;9;269;187;70;0.14;0
1038031;728;5;19;9;10;5;1;61;2;0;2;496;406;82;2.3;0
1038031;798;4;9;8;1;0;2;39;5;0;3;328;219;67;1.47;0
1038027;547;3;13;7;6;1;0;52;2;0;4;552;499;90;1.59;0
1038027;541;7;14;10;4;4;0;48;2;1;3;519;468;90;2.38;0
1038029;548;5;8;5;3;5;2;51;2;0;3;400;304;76;1.45;0
1038029;531;3;18;14;4;7;2;49;2;0;2;375;281;75;1.82;0
1038022;723;5;17;12;5;1;0;49;2;0;1;361;281;78;2.92;0
1038022;715;4;19;17;2;5;4;51;1;0;2;375;297;79;2.89;0
1038028;542;3;17;9;8;4;5;46;2;1;1;352;259;74;1.5;0
1038028;727;3;10;5;5;2;1;54;3;0;3;443;354;80;1.12;0
1038023;530;9;18;14;4;5;2;70;1;0;2;733;639;87;2.76;0
1038023;724;4;8;4;4;3;0;30;3;0;6;303;216;71;0.84;0
1038025;543;7;15;12;3;5;5;56;2;0;2;498;432;87;1.62;0
1038025;532;2;9;5;4;3;2;44;2;0;4;399;319;80;0.66;0
1038030;534;5;16;8;8;4;2;74;2;0;2;726;649;89;1.7;0
1038030;538;3;11;8;3;5;2;26;1;0;4;254;177;70;1.54;0
1038037;531;9;23;21;2;6;0;59;2;0;1;507;426;84;1.92;0
1038037;723;1;4;0;4;2;2;41;0;0;6;355;268;75;0.1;0
1038033;724;2;8;6;2;5;0;26;1;1;4;205;116;57;0.43;0
1038033;547;5;20;5;15;5;3;74;3;0;2;615;549;89;1.21;0
1038039;541;9;19;15;4;5;2;67;2;0;1;707;648;92;3.46;0
1038039;727;1;7;2;5;4;1;33;2;0;5;335;273;81;0.46;0
1038035;798;5;9;7;2;3;4;49;2;0;2;441;349;79;0.58;0
1038035;532;3;11;4;7;6;0;51;1;0;4;463;371;80;0.55;0
1038040;536;6;22;12;10;12;2;64;5;0;2;424;348;82;1.03;0
1038040;728;4;7;3;4;2;1;36;2;0;5;254;164;65;1.05;0
1038041;533;4;9;7;2;7;4;49;4;0;3;409;342;84;0.99;0
1038041;534;5;8;6;2;2;5;51;4;0;3;436;376;86;1.12;0
1038032;530;5;14;12;2;1;0;37;3;0;3;339;250;74;2.33;0
1038032;548;4;13;3;10;4;2;63;3;0;3;561;489;87;1.24;0
1038034;538;11;26;14;12;13;3;75;1;0;0;592;501;85;2.89;0
1038034;546;2;3;3;0;1;2;25;9;1;9;209;115;55;0.74;0
1038036;542;5;15;7;8;5;1;39;3;0;1;338;251;74;1.38;0
1038036;543;2;6;4;2;3;1;61;3;1;5;553;466;84;0.93;0
1038038;715;2;7;4;3;1;2;19;5;0;8;183;115;63;0.73;0
1038038;529;10;22;13;9;11;4;81;1;0;0;769;699;91;3.32;0
1038050;727;6;12;8;4;1;3;57;3;0;3;501;397;79;2.14;0
1038050;715;3;13;11;2;7;1;43;4;1;4;365;268;73;0.65;0
1038048;548;6;14;7;7;2;1;57;3;0;6;403;304;75;1.35;0
1038048;798;7;18;14;4;5;5;43;3;0;5;296;205;69;1.95;0
1038046;546;3;13;10;3;4;2;45;5;0;2;338;246;73;1.49;0
1038046;543;3;13;11;2;8;1;55;2;0;2;431;348;81;1.16;0
1038049;536;7;17;9;8;4;1;49;5;0;3;463;417;90;1.35;0
1038049;541;5;14;8;6;6;1;51;2;0;6;489;438;90;2.13;0
1038045;538;3;16;10;6;7;0;36;3;1;4;415;357;86;0.76;0
1038045;530;7;12;10;2;5;6;64;2;0;3;769;707;92;1.84;0
1038042;534;6;12;8;4;10;2;61;4;0;3;565;472;84;1.33;0
1038042;728;4;12;7;5;5;2;39;3;1;6;357;266;75;1.35;0
1038043;547;8;19;13;6;9;3;67;1;0;3;622;558;90;1.88;0
1038043;723;5;9;4;5;6;1;33;2;0;3;298;221;74;0.99;0
1038051;533;3;12;9;3;9;2;68;4;0;6;567;505;89;1.53;0
1038051;542;7;16;8;8;3;1;32;3;0;2;263;182;69;1.66;0
1038044;529;7;12;10;2;4;4;62;3;0;3;534;457;86;1.45;0
1038044;531;3;10;7;3;7;4;38;3;0;6;309;232;75;0.5;0
1038047;532;4;12;7;5;4;4;62;0;0;4;550;483;88;1.44;0
1038047;724;4;5;5;0;5;2;38;3;1;2;324;256;79;0.54;0
1038059;547;2;12;7;5;10;0;66;3;0;2;594;515;87;0.58;0
1038059;538;2;4;3;1;1;0;34;2;0;1;314;234;75;0.18;0
1038052;723;4;10;4;6;3;6;40;3;0;1;373;275;74;0.24;0
1038052;534;3;10;6;4;2;1;60;1;0;3;566;475;84;0.74;0
1038054;529;3;15;9;6;6;1;52;2;0;2;546;475;87;1.55;0
1038054;541;4;13;5;8;3;0;48;1;0;2;507;452;89;1.07;0
1038060;798;4;15;11;4;7;7;59;0;0;0;384;278;72;0.9;0
1038060;546;0;8;2;6;3;1;41;1;0;4;275;155;56;0.23;0
1038056;724;5;10;6;4;2;3;35;6;0;8;289;191;66;1.09;0
1038056;536;10;20;14;6;4;4;65;4;0;3;531;447;84;1.38;0
1038055;543;2;9;5;4;6;1;50;3;0;0;430;350;81;1.23;0
1038055;727;1;7;4;3;3;1;50;4;0;0;435;336;77;0.4;0
1038057;728;7;16;7;9;4;2;55;3;0;1;433;345;80;0.95;0
1038057;548;3;15;9;6;5;3;45;2;0;5;350;259;74;1.91;0
1038053;531;7;12;8;4;10;3;57;3;0;2;499;404;81;1.86;0
1038053;532;5;11;7;4;4;2;43;1;0;5;381;276;72;1.86;0
1038061;530;7;11;10;1;4;5;64;3;0;0;729;651;89;1.35;0
1038061;542;1;8;4;4;4;1;36;2;0;5;399;329;82;0.47;0
1038058;715;8;18;16;2;4;0;46;0;0;2;394;314;80;2.27;0
1038058;533;5;6;6;0;1;4;54;4;0;6;498;425;85;1.39;0
1038066;534;3;9;5;4;3;1;53;0;0;4;547;468;86;0.41;0
1038066;530;5;13;10;3;4;3;47;3;0;1;484;384;79;1.24;0
1038069;727;3;15;10;5;2;0;50;5;0;0;437;353;81;1.42;0
1038069;547;4;11;7;4;7;5;50;3;0;2;431;370;86;2.23;0
1038062;543;3;22;13;9;6;2;57;1;0;1;492;429;87;2.26;0
1038062;798;1;8;3;5;1;2;43;4;1;1;362;279;77;0.62;0
1038063;538;3;15;12;3;4;1;39;2;1;4;342;257;75;2.1;0
1038063;536;5;13;11;2;6;1;61;5;0;2;529;444;84;0.89;0
1038067;548;6;13;9;4;8;2;51;3;0;3;396;329;83;0.95;0
1038067;529;4;12;5;7;3;1;49;3;0;6;393;334;85;1.23;0
1038064;542;3;23;16;7;12;1;56;2;0;3;332;257;77;2.44;0
1038064;723;3;9;3;6;6;1;44;3;0;2;268;191;71;0.63;0
1038071;532;2;11;4;7;0;1;51;3;0;1;399;303;76;1.43;0
1038071;715;1;6;4;2;4;2;49;5;0;1;375;283;75;0.32;0
1038065;533;6;17;12;5;9;5;58;4;0;4;524;450;86;2.14;0
1038065;531;7;17;9;8;3;5;42;4;0;4;388;297;77;2.21;0
1038070;541;5;22;14;8;11;2;63;3;0;0;538;467;87;2.21;0
1038070;728;0;4;2;2;1;2;37;5;0;5;316;239;76;0.1;0
1038068;546;3;13;7;6;6;1;45;7;1;2;318;219;69;1.19;0
1038068;724;2;6;4;2;3;5;55;1;0;2;389;282;72;0.54;0
1038073;531;12;21;18;3;7;2;58;2;0;2;490;404;82;4.6;0
1038073;538;5;13;8;5;2;3;42;2;0;8;368;266;72;2.24;0
1038079;728;9;22;15;7;8;1;46;1;0;4;429;361;84;1.75;0
1038079;547;7;19;17;2;3;1;54;2;0;8;515;445;86;4.59;0
1038072;723;2;7;4;3;5;5;47;3;0;3;300;206;69;0.44;0
1038072;548;6;18;11;7;5;4;53;2;0;1;350;272;78;2.41;0
1038078;715;6;12;8;4;3;5;58;4;0;5;464;341;73;1.69;0
1038078;546;6;10;8;2;5;3;42;2;0;5;332;212;64;2.27;0
1038080;727;3;11;10;1;8;1;46;1;0;0;418;308;74;0.97;0
1038080;534;1;6;3;3;3;3;54;1;0;2;522;413;79;0.45;0
1038075;541;7;16;8;8;4;4;56;1;0;3;558;500;90;1.75;0
1038075;532;4;10;6;4;4;0;44;3;0;2;420;362;86;1.71;0
1038081;529;6;11;7;4;2;3;72;2;0;0;751;673;90;1.56;0
1038081;542;1;8;7;1;1;2;28;1;0;4;295;198;67;1.69;0
1038076;536;4;13;5;8;9;4;61;1;0;5;454;379;83;0.68;0
1038076;543;6;14;13;1;5;1;39;1;0;3;299;229;77;1.79;0
1038074;530;10;25;19;6;6;7;50;0;0;6;548;491;90;3.79;0
1038074;533;7;11;9;2;3;1;50;2;0;7;591;518;88;0.87;0
1038086;542;5;8;4;4;6;2;43;1;0;3;346;265;77;0.83;0
1038086;715;4;11;7;4;2;1;57;3;0;3;463;385;83;1.14;0
1038089;728;4;10;2;8;1;2;33;3;0;4;293;210;72;0.74;0
1038089;529;4;15;11;4;4;2;67;4;0;3;596;529;89;1.04;0
1038090;532;0;8;6;2;5;0;55;3;0;1;471;377;80;0.52;0
1038090;538;1;13;6;7;7;1;45;2;0;0;392;286;73;0.78;0
1038087;546;5;18;11;7;3;1;54;2;0;4;425;309;73;1.17;0
1038087;723;4;13;10;3;6;4;46;4;0;3;363;245;67;1.87;0
1038082;530;3;20;14;6;7;2;68;0;0;1;661;576;87;1.75;0
1038082;798;1;8;5;3;3;1;32;0;0;2;305;235;77;0.99;0
1038091;533;3;10;10;0;2;3;45;0;0;6;456;373;82;2.52;0
1038091;727;7;15;11;4;4;3;55;0;0;0;546;463;85;1.02;0
1038085;548;8;11;5;6;4;0;49;2;0;1;398;306;77;0.7;0
1038085;536;2;8;6;2;4;2;51;1;2;7;409;310;76;0.59;0
1038084;724;4;13;5;8;4;1;39;3;0;3;401;342;85;1.21;0
1038084;541;5;14;8;6;4;1;61;3;0;4;653;598;92;1.59;0
1038083;543;6;12;9;3;7;5;39;1;0;4;405;331;82;1.44;0
1038083;534;4;15;5;10;6;4;61;2;0;6;629;553;88;0.63;0
1038088;547;2;13;10;3;2;2;60;1;0;5;619;549;89;1.27;0
1038088;531;6;13;11;2;6;2;40;1;0;1;382;320;84;1.42;0
1038077;798;3;16;7;9;7;4;68;2;0;2;432;339;78;1.07;0
1038077;724;3;6;2;4;0;0;32;3;0;2;217;127;59;0.31;0
1038099;534;6;11;8;3;4;4;71;0;0;4;678;587;87;1.56;0
1038099;546;4;12;5;7;4;2;29;5;1;4;270;173;64;0.89;0
1038094;547;5;9;6;3;3;8;76;3;0;2;664;597;90;1.64;0
1038094;532;3;9;6;3;2;2;24;3;0;3;217;148;68;0.98;0
1038093;531;4;9;7;2;7;5;50;1;0;3;473;378;80;1.23;0
1038093;728;3;11;7;4;2;2;50;2;0;1;480;381;79;0.51;0
1038100;541;4;11;6;5;6;7;71;2;0;0;811;762;94;1.81;0
1038100;715;0;2;1;1;0;2;29;1;0;2;334;278;83;0.1;0
1038095;727;3;9;6;3;1;1;28;3;0;4;232;153;66;0.69;0
1038095;548;5;17;9;8;8;5;72;3;0;2;589;518;88;1.77;0
1038101;798;3;7;5;2;5;1;63;4;0;4;496;397;80;0.8;0
1038101;542;4;7;3;4;4;0;37;2;0;3;292;208;71;0.32;0
1038092;723;8;20;12;8;4;4;62;0;0;2;504;412;82;2.41;0
1038092;543;2;6;4;2;6;1;38;3;1;8;305;212;70;0.5;0
1038096;536;4;18;13;5;8;1;57;3;0;3;484;436;90;1.81;0
1038096;533;4;5;3;2;4;0;43;3;0;3;405;340;84;1.23;0
1038097;529;2;13;9;4;7;1;59;5;0;3;615;558;91;2.55;0
1038097;530;4;8;6;2;2;4;41;4;0;1;425;361;85;0.62;0
1038098;538;7;26;15;11;12;2;68;1;0;0;564;491;87;2.47;0
1038098;724;1;2;1;1;1;1;32;6;1;6;278;186;67;0.2;0
1038105;546;6;8;6;2;7;2;68;2;1;0;583;467;80;0.74;0
1038105;532;0;3;1;2;0;1;32;4;2;5;289;164;57;0.14;0
1038107;542;5;19;13;6;12;7;40;3;0;1;306;234;76;1.92;0
1038107;534;2;9;5;4;3;3;60;4;0;3;477;409;86;0.38;0
1038103;543;6;14;11;3;7;0;37;2;0;1;419;351;84;1.39;0
1038103;541;2;12;7;5;6;1;63;1;0;5;727;653;90;1.03;0
1038111;533;4;20;15;5;5;7;52;2;0;2;425;347;82;2.29;0
1038111;548;5;16;14;2;3;2;48;1;0;4;412;339;82;1.47;0
1038106;798;3;6;3;3;4;3;34;2;0;5;298;203;68;0.48;0
1038106;536;5;19;8;11;12;1;66;2;0;2;570;494;87;0.63;0
1038108;530;4;13;7;6;3;4;57;1;0;5;534;449;84;2.17;0
1038108;723;6;19;11;8;15;2;43;0;0;2;374;286;76;1.36;0
1038104;724;5;12;8;4;2;8;44;1;0;3;303;192;63;0.87;0
1038104;727;5;13;6;7;4;2;56;2;0;4;399;303;76;1.68;0
1038102;529;11;31;21;10;8;1;53;1;0;3;525;465;89;3.74;0
1038102;547;7;15;13;2;3;2;47;2;0;9;466;400;86;2.48;0
1038109;715;3;7;6;1;1;2;48;0;0;3;450;352;78;0.7;0
1038109;531;4;19;14;5;8;1;52;2;0;2;462;367;79;1.06;0
1038110;728;4;18;14;4;8;3;63;3;0;2;578;489;85;1.27;0
1038110;538;2;4;1;3;1;0;37;0;0;4;351;254;72;0.15;0
1038115;727;4;10;8;2;9;0;61;2;0;3;445;340;76;1.18;0
1038115;728;3;9;2;7;1;3;39;3;0;3;284;195;69;0.63;0
1038114;538;4;11;6;5;7;3;39;6;1;2;298;207;69;1.37;0
1038114;715;2;7;7;0;1;0;61;2;0;3;476;391;82;0.53;0
1038113;531;7;16;11;5;3;1;38;0;0;4;386;285;74;2.42;0
1038113;530;3;7;4;3;7;4;62;1;0;5;631;538;85;0.39;0
1038120;536;4;12;8;4;4;6;57;3;0;4;483;373;77;0.97;0
1038120;546;7;14;8;6;2;0;43;3;0;4;366;262;72;2.39;0
1038117;532;4;11;5;6;4;3;36;1;0;6;303;219;72;0.54;0
1038117;529;8;16;14;2;6;3;64;2;0;3;554;481;87;3.24;0
1038112;723;1;7;3;4;4;1;53;3;0;2;387;284;73;0.3;0
1038112;798;2;20;15;5;4;2;47;1;0;1;327;225;69;1.88;0
1038118;548;4;12;6;6;2;5;57;3;0;3;502;433;86;1.12;0
1038118;543;3;12;8;4;7;1;43;4;0;4;368;291;79;1.11;0
1038119;534;2;7;2;5;4;3;65;1;0;4;565;471;83;0.69;0
1038119;724;5;13;10;3;6;5;35;3;0;1;296;207;70;1.38;0
1038116;541;9;22;14;8;14;4;60;2;0;0;650;595;92;2.32;0
1038116;533;1;3;2;1;0;0;40;3;0;5;427;360;84;0.75;0
1038121;547;4;9;8;1;3;3;67;0;0;2;701;633;90;1.57;0
1038121;542;2;12;5;7;2;1;33;1;0;1;341;288;84;0.64;0
1038127;728;1;7;3;4;7;2;59;1;0;2;470;361;77;0.31;0
1038127;532;3;8;4;4;1;2;41;5;1;1;329;228;69;0.26;0
1038123;530;4;8;7;1;1;10;41;3;1;6;383;298;78;2.04;0
1038123;546;9;29;19;10;12;0;59;3;0;1;535;448;84;2.05;0
1038128;715;3;12;9;3;6;2;51;2;0;2;490;407;83;0.94;0
1038128;536;5;12;6;6;4;2;49;1;0;3;484;401;83;0.49;0
1038130;529;11;30;24;6;12;3;65;3;0;3;584;518;89;3.69;0
1038130;723;5;10;9;1;0;3;35;3;0;8;313;231;74;1.21;0
1038122;531;10;19;15;4;5;3;51;1;0;1;464;356;77;3.56;0
1038122;534;1;5;3;2;2;4;49;3;0;8;472;345;73;0.33;0
1038131;533;8;12;11;1;4;0;48;2;0;2;459;379;83;2.37;0
1038131;538;5;15;8;7;7;0;52;4;0;5;490;420;86;1.28;0
1038124;543;4;21;12;9;7;1;48;2;0;3;523;456;87;1.55;0
1038124;547;4;12;9;3;6;3;52;2;0;3;576;522;91;1.7;0
1038125;724;2;10;8;2;7;1;40;3;0;1;279;201;72;1.01;0
1038125;548;1;8;6;2;5;2;60;1;0;3;429;334;78;0.49;0
1038129;542;2;8;7;1;3;1;40;3;0;3;342;281;82;0.59;0
1038129;541;4;9;7;2;3;0;60;1;1;2;534;491;92;0.59;0
1038126;798;8;15;11;4;6;3;42;3;0;5;319;228;71;1.09;0
1038126;727;7;12;6;6;0;0;58;1;0;5;453;355;78;1.64;0
1037983;530;4;12;9;3;6;2;50;7;1;2;483;412;85;0.95;0
1037983;536;2;8;4;4;5;0;50;3;0;3;479;403;84;0.29;0
1038132;546;0;5;4;1;2;3;38;6;3;6;301;207;69;0.39;0
1038132;728;7;12;6;6;3;4;62;3;0;0;512;423;83;1.97;0
1038141;548;6;16;11;5;6;0;53;5;1;1;370;281;76;1.25;0
1038141;542;2;7;4;3;4;0;47;4;0;4;326;248;76;0.97;0
1038133;532;8;11;7;4;4;1;45;2;0;3;414;341;82;2.77;0
1038133;533;4;8;6;2;3;4;55;5;0;5;502;428;85;0.75;0
1038139;715;8;15;12;3;5;0;56;3;0;2;382;306;80;2.97;0
1038139;724;2;15;8;7;6;3;44;4;1;6;295;221;75;0.81;0
1038138;538;6;19;8;11;8;2;40;0;1;2;331;261;79;2.73;0
1038138;543;3;14;11;3;7;1;60;2;0;4;507;425;84;1.47;0
1038140;541;5;17;9;8;5;0;67;2;0;0;635;578;91;1.71;0
1038140;798;0;7;5;2;4;0;33;3;0;4;302;223;74;0.57;0
1038136;547;9;17;11;6;7;0;51;0;0;9;496;447;90;2.42;0
1038136;530;12;18;17;1;8;2;49;1;0;5;465;405;87;2.29;0
1038134;727;2;14;12;2;5;0;52;1;0;0;520;418;80;1.27;0
1038134;723;0;4;3;1;4;3;48;2;0;1;481;376;78;0.21;0
1038135;536;2;11;8;3;5;2;61;3;0;3;596;500;84;0.69;0
1038135;531;6;15;13;2;4;1;39;1;0;2;385;283;74;1.35;0
1038137;534;3;12;6;6;5;2;45;5;1;3;394;318;81;0.67;0
1038137;529;5;15;12;3;10;14;55;2;0;2;482;409;85;2.51;0
1038151;536;4;19;15;4;5;5;68;4;0;5;564;483;86;2.2;0
1038151;542;8;16;11;5;4;0;32;3;0;2;260;177;68;1.99;0
1038149;534;3;8;5;3;4;0;56;4;0;3;542;469;87;0.66;0
1038149;533;3;17;12;5;6;8;44;3;0;0;414;352;85;1.92;0
1038150;798;6;17;14;3;10;1;56;4;0;1;420;326;78;1.82;0
1038150;538;2;6;4;2;1;0;44;1;0;5;337;247;73;0.65;0
1038143;531;3;10;9;1;5;2;49;1;0;0;353;238;67;1.65;0
1038143;548;1;9;6;3;5;0;51;4;0;2;371;261;70;1.22;0
1038146;543;6;25;14;11;13;1;57;3;0;2;436;363;83;1.8;0
1038146;715;2;6;4;2;1;4;43;4;0;5;327;254;78;0.5;0
1038142;723;3;20;12;8;4;0;46;4;0;2;389;319;82;1.75;0
1038142;547;1;5;2;3;3;1;54;4;1;3;471;402;85;0.25;0
1038147;724;2;10;5;5;3;3;57;4;0;1;377;283;75;1.18;0
1038147;532;5;9;4;5;1;3;43;2;0;1;283;172;61;1.92;0
1038154;542;3;13;8;5;4;1;48;0;0;1;312;229;73;2.04;0
1038154;724;1;9;6;3;4;1;52;4;0;2;333;255;77;0.35;0
1038161;728;3;16;11;5;12;9;43;4;1;3;371;286;77;1.57;0
1038161;534;5;10;4;6;0;5;57;1;0;3;523;426;81;0.71;0
1038160;533;5;18;9;9;4;0;51;2;1;1;437;355;81;1.92;0
1038160;798;2;8;5;3;6;2;49;2;0;4;409;311;76;0.42;0
1038156;532;1;6;5;1;4;4;39;0;0;3;369;274;74;0.89;0
1038156;531;3;6;5;1;2;0;61;3;0;0;581;472;81;0.49;0
1038152;538;2;6;2;4;6;1;48;1;0;1;429;325;76;0.26;0
1038152;548;2;6;3;3;3;1;52;2;0;2;470;366;78;0.78;0
1038159;727;7;13;5;8;1;7;42;5;0;5;274;179;65;0.9;0
1038159;546;7;10;8;2;4;6;58;4;0;4;367;264;72;1.33;0
1038155;541;6;18;13;5;6;5;74;3;0;0;636;553;87;2.25;0
1038155;723;2;10;3;7;3;1;26;5;0;3;230;147;64;0.89;0
1038158;543;5;14;7;7;3;4;36;1;0;0;315;261;83;1.55;0
1038158;529;4;11;9;2;4;6;64;2;0;2;578;504;87;2.98;0
1038153;547;8;12;9;3;4;1;55;0;0;2;568;504;89;2.29;0
1038153;536;3;9;5;4;5;1;45;2;0;3;450;389;86;0.66;0
1038157;715;2;17;11;6;6;0;53;2;0;4;558;483;87;0.65;0
1038157;530;5;10;7;3;2;6;47;2;0;1;498;440;88;1.19;0
1038171;723;7;19;11;8;11;3;64;1;0;0;507;430;85;1.46;0
1038171;542;3;11;7;4;3;3;36;2;0;7;291;196;67;1.87;0
1038170;548;3;6;3;3;2;7;52;2;0;0;392;298;76;0.19;0
1038170;728;0;5;1;4;2;1;48;4;0;3;370;263;71;0.11;0
1038166;534;2;7;5;2;1;0;53;3;0;3;554;512;92;0.73;0
1038166;541;5;13;10;3;6;3;47;3;0;1;485;434;89;2.3;0
1038163;529;10;22;14;8;10;0;71;3;0;1;666;587;88;2.21;0
1038163;533;6;9;8;1;0;3;29;4;0;7;270;196;73;2.18;0
1038168;798;1;14;10;4;5;2;53;2;0;1;498;417;84;1.46;0
1038168;543;2;8;4;4;4;0;47;1;0;1;452;376;83;0.37;0
1038164;538;5;10;7;3;5;1;40;1;0;5;367;279;76;0.62;0
1038164;547;6;15;7;8;7;1;60;1;0;5;567;479;84;0.96;0
1038167;724;2;9;3;6;6;2;42;4;0;0;338;241;71;0.36;0
1038167;531;0;8;4;4;8;0;58;2;0;2;475;382;80;0.24;0
1038169;536;5;10;5;5;2;5;44;3;1;3;361;270;75;0.83;0
1038169;727;4;11;4;7;4;2;56;0;0;4;474;375;79;1.39;0
1038162;530;8;12;10;2;3;1;54;2;0;3;617;543;88;2.38;0
1038162;532;3;10;5;5;6;2;46;0;0;7;503;428;85;0.53;0
1038165;546;4;7;6;1;4;4;39;2;0;3;318;215;68;1.32;0
1038165;715;3;16;10;6;3;5;61;1;0;3;498;395;79;1.97;0
1038145;529;4;16;12;4;6;4;68;1;0;1;627;559;89;1.86;0
1038145;727;1;9;7;2;6;2;32;2;1;3;292;215;74;1.02;0
1038144;530;3;8;7;1;5;7;54;0;0;1;484;401;83;0.9;0
1038144;728;2;10;6;4;6;0;46;3;0;1;412;324;79;0.41;0
1038148;546;2;10;5;5;2;1;42;1;0;7;417;341;82;0.83;0
1038148;541;9;16;12;4;6;4;58;2;0;2;595;527;89;2.02;0
1038172;531;6;13;11;2;6;1;62;0;0;2;542;456;84;1.91;0
1038172;798;2;6;3;3;2;5;38;1;0;2;327;234;72;0.37;0
1038178;532;2;7;5;2;0;2;48;4;0;3;370;274;74;1.44;0
1038178;723;5;15;6;9;6;1;52;5;1;0;407;320;79;1.94;0
1038176;715;1;3;3;0;2;4;22;4;1;5;207;130;63;0.15;0
1038176;534;6;16;9;7;9;1;78;3;1;0;748;678;91;1.0;0
1038177;542;2;13;10;3;13;3;36;2;0;2;269;213;79;0.98;0
1038177;529;5;8;7;1;5;1;64;2;1;1;554;491;89;1.21;0
1038174;547;3;11;7;4;3;4;48;2;0;2;403;336;83;0.81;0
1038174;548;2;11;3;8;4;2;52;3;0;3;428;370;86;0.62;0
1038180;533;4;19;13;6;13;3;59;3;0;2;490;409;83;1.15;0
1038180;724;2;8;6;2;2;2;41;1;0;4;343;246;72;0.7;0
1038181;727;1;18;12;6;9;0;70;2;0;2;667;534;80;1.14;0
1038181;538;5;6;5;1;1;2;30;0;0;1;294;185;63;1.1;0
1038173;543;3;9;6;3;3;4;55;7;0;1;443;328;74;1.6;0
1038173;546;2;11;9;2;5;7;45;4;0;1;357;244;68;1.51;0
1038179;541;4;17;10;7;2;2;55;0;0;4;656;614;94;1.87;0
1038179;530;5;10;9;1;8;1;45;4;0;3;528;473;90;1.17;0
1038175;728;5;22;12;10;6;2;67;2;0;4;609;499;82;1.81;0
1038175;536;6;10;4;6;0;2;33;3;0;4;307;198;64;1.3;0
1038188;724;5;14;7;7;5;2;53;1;0;3;532;452;85;0.85;0
1038188;543;5;14;11;3;3;0;47;1;0;5;487;406;83;1.03;0
1038186;542;4;17;13;4;10;2;50;0;0;2;340;268;79;1.84;0
1038186;533;4;12;9;3;9;1;50;2;0;3;363;290;80;0.95;0
1038191;548;3;21;16;5;7;1;68;0;0;1;574;504;88;1.68;0
1038191;727;2;9;4;5;4;2;32;0;0;3;273;183;67;0.41;0
1038190;541;6;16;12;4;0;0;53;1;0;0;583;541;93;3.21;0
1038190;547;0;5;1;4;2;0;47;2;0;2;499;461;92;0.28;0
1038185;534;3;8;6;2;5;1;73;2;0;2;719;641;89;1.27;0
1038185;532;1;7;3;4;0;4;27;0;0;1;263;168;64;0.43;0
1038189;546;4;11;7;4;0;3;48;1;0;2;395;268;68;2.15;0
1038189;538;4;9;7;2;4;2;52;2;0;1;421;306;73;1.19;0
1038184;798;5;8;6;2;5;2;49;4;0;3;412;287;70;0.91;0
1038184;728;4;11;3;8;1;1;51;0;0;3;427;317;74;1.61;0
1038187;536;6;10;7;3;2;2;40;2;0;4;404;337;83;1.03;0
1038187;530;5;16;11;5;7;4;60;1;0;5;614;537;87;1.55;0
1038183;529;6;11;8;3;6;3;66;1;0;2;625;537;86;2.27;0
1038183;715;5;11;9;2;2;1;34;3;0;2;312;228;73;1.43;0
1038182;723;4;10;7;3;4;2;39;4;1;4;324;248;77;0.88;0
1038182;531;4;12;7;5;10;3;61;1;0;4;490;400;82;0.66;0
1038199;533;7;20;14;6;8;6;56;0;0;0;464;353;76;1.25;0
1038199;546;2;11;6;5;3;2;44;1;0;6;369;232;63;0.82;0
1038193;530;7;13;8;5;3;4;35;2;0;2;331;245;74;3.47;0
1038193;534;2;11;5;6;5;0;65;2;0;2;618;531;86;0.72;0
1038198;727;4;11;8;3;5;1;56;4;0;1;498;380;76;1.96;0
1038198;724;1;5;4;1;4;5;44;2;0;2;398;280;70;0.54;0
1038197;538;4;13;8;5;2;4;34;2;0;2;333;236;71;0.75;0
1038197;529;4;14;10;4;5;1;66;4;0;3;671;579;86;1.53;0
1038200;532;4;14;8;6;7;3;53;0;0;1;567;490;86;1.05;0
1038200;536;1;1;1;0;2;1;47;1;0;4;504;414;82;0.04;0
1038195;728;3;8;7;1;4;4;40;4;0;3;336;265;79;1.16;0
1038195;541;4;11;7;4;10;2;60;3;1;2;513;439;86;1.12;0
1038196;715;7;19;11;8;10;0;59;2;0;2;454;373;82;1.99;0
1038196;723;3;13;4;9;4;3;41;3;0;6;320;249;78;1.41;0
1038194;798;1;4;1;3;3;2;32;9;2;3;230;137;60;0.13;0
1038194;548;5;19;12;7;9;2;68;5;0;0;477;404;85;1.13;0
1038201;543;2;13;9;4;6;1;62;5;0;4;495;412;83;0.81;0
1038201;542;4;13;6;7;8;1;38;2;0;1;298;201;67;0.49;0
1038192;531;7;14;13;1;3;2;31;1;0;3;294;224;76;1.78;0
1038192;547;6;12;9;3;4;3;69;2;0;4;674;601;89;2.1;0
1038207;548;8;21;11;10;13;4;70;3;0;1;578;506;88;1.7;0
1038207;533;4;6;6;0;2;1;30;4;0;6;254;186;73;1.07;0
1038203;529;9;17;14;3;5;5;68;1;0;4;572;495;87;3.17;0
1038203;546;4;10;5;5;8;4;32;4;0;5;258;173;67;0.49;0
1038210;542;1;9;6;3;3;2;52;0;0;6;420;320;76;0.47;0
1038210;798;8;15;9;6;3;0;48;2;0;1;398;297;75;2.12;0
1038202;723;4;9;4;5;2;1;40;1;0;7;364;281;77;0.4;0
1038202;530;9;18;10;8;7;2;60;1;0;3;541;454;84;1.47;0
1038204;724;6;19;10;9;9;3;66;2;0;1;540;412;76;2.23;0
1038204;538;3;7;5;2;1;2;34;3;0;4;301;166;55;0.69;0
1038211;543;5;13;3;10;5;2;58;1;0;0;584;487;83;1.23;0
1038211;531;1;3;3;0;3;2;42;6;1;3;406;313;77;0.2;0
1038209;534;3;9;7;2;6;2;72;2;0;1;679;586;86;0.7;0
1038209;727;2;6;6;0;7;3;28;1;0;2;241;155;64;0.77;0
1038206;541;6;16;8;8;7;1;64;1;0;1;639;581;91;0.99;0
1038206;536;1;4;4;0;2;0;36;3;0;5;358;294;82;0.9;0
1038205;547;8;14;12;2;2;4;55;3;0;1;523;456;87;2.17;0
1038205;728;1;7;3;4;2;2;45;5;1;5;433;364;84;0.55;0
1038215;538;6;15;11;4;7;2;67;1;0;0;591;516;87;1.41;0
1038215;723;0;3;2;1;0;3;33;2;1;5;301;219;73;0.11;0
1038219;536;5;12;9;3;2;1;39;1;0;2;326;240;74;1.99;0
1038219;548;4;13;6;7;5;6;61;2;0;2;511;419;82;1.49;0
1038216;728;5;9;6;3;4;0;53;1;0;4;439;322;73;0.7;0
1038216;724;5;16;12;4;9;3;47;1;0;4;372;239;64;1.46;0
1038214;546;5;16;9;7;4;2;27;4;0;2;241;156;65;2.29;0
1038214;534;5;14;6;8;4;4;73;1;0;2;671;577;86;1.51;0
1038218;532;5;12;6;6;2;0;29;2;0;3;297;228;77;1.15;0
1038218;541;5;10;5;5;2;2;71;3;1;3;739;668;90;2.21;0
1038220;533;10;16;8;8;6;1;49;1;0;2;437;367;84;2.06;0
1038220;715;3;9;3;6;4;2;51;2;0;5;457;391;86;0.51;0
1038213;530;12;17;13;4;4;3;43;1;0;5;453;358;79;3.04;0
1038213;543;6;12;8;4;6;0;57;2;0;11;600;497;83;0.58;0
1038217;798;2;16;10;6;8;0;40;5;0;4;320;229;72;1.25;0
1038217;547;4;15;10;5;5;1;60;0;0;0;491;402;82;1.01;0
1038212;531;2;8;5;3;4;5;40;3;0;1;355;280;79;0.33;0
1038212;529;2;8;3;5;4;0;60;3;0;2;568;486;86;0.67;0
1038221;727;4;15;10;5;5;0;55;2;0;4;449;331;74;0.98;0
1038221;542;4;10;7;3;5;2;45;1;0;3;365;268;73;1.03;0
1038223;529;6;20;12;8;4;2;63;1;0;3;605;535;88;2.02;0
1038223;798;3;9;7;2;1;6;37;1;0;6;337;264;78;0.58;0
1038231;532;3;10;7;3;5;2;51;2;0;5;399;297;74;0.81;0
1038231;546;5;15;11;4;5;2;49;3;0;2;366;265;72;1.27;0
1038229;724;3;7;4;3;3;4;40;4;0;4;372;275;74;1.11;0
1038229;530;4;8;5;3;1;1;60;5;0;1;563;474;84;0.88;0
1038226;715;6;13;9;4;4;1;36;1;0;5;270;175;65;1.77;0
1038226;548;8;11;8;3;6;6;64;2;0;4;473;391;83;2.23;0
1038225;547;6;11;10;1;5;6;60;3;0;1;550;501;91;1.89;0
1038225;727;1;7;3;4;7;2;40;3;0;4;345;292;85;0.21;0
1038227;542;4;12;6;6;7;2;33;2;0;3;280;200;71;0.61;0
1038227;728;3;9;2;7;5;4;67;2;0;3;580;496;86;0.64;0
1038228;534;2;14;7;7;10;3;71;3;0;1;638;548;86;1.25;0
1038228;531;2;7;4;3;3;3;29;3;0;2;256;168;66;0.79;0
1038230;541;13;25;19;6;12;0;63;2;0;1;638;586;92;3.5;0
1038230;538;1;11;7;4;1;0;37;3;0;11;367;306;83;0.77;0
1038224;543;4;13;8;5;11;0;54;3;1;2;502;435;87;1.03;0
1038224;533;4;6;5;1;4;2;46;4;1;2;445;380;85;1.43;0
1038222;723;4;14;7;7;1;2;43;2;0;4;409;320;78;1.61;0
1038222;536;6;19;15;4;8;2;57;1;0;2;547;438;80;2.23;0
1038237;548;6;14;12;2;8;1;64;3;0;2;579;473;82;1.96;0
1038237;724;2;13;6;7;2;5;36;1;0;4;331;224;68;0.81;0
1038240;798;8;18;14;4;10;3;51;2;0;3;380;284;75;1.6;0
1038240;715;3;8;4;4;2;0;49;0;0;7;381;292;77;0.42;0
1038234;727;4;10;6;4;5;1;37;3;0;6;316;252;80;0.72;0
1038234;541;9;17;11;6;7;3;63;2;0;2;577;500;87;2.87;0
1038233;546;3;11;5;6;2;1;41;4;0;3;337;246;73;1.1;0
1038233;547;3;13;12;1;5;2;59;4;0;2;471;388;82;1.6;0
1038241;531;4;16;11;5;5;6;60;2;0;3;558;473;85;1.74;0
1038241;542;3;7;5;2;4;2;40;3;0;2;377;269;71;1.32;0
1038238;536;4;11;9;2;3;1;35;4;0;3;355;286;81;1.69;0
1038238;538;5;18;11;7;8;3;65;0;0;3;649;585;90;1.44;0
1038239;533;7;13;12;1;5;1;53;5;0;7;470;377;80;2.04;0
1038239;532;7;14;9;5;2;2;47;1;0;6;418;313;75;1.13;0
1038235;534;6;21;8;13;11;3;66;2;0;1;602;517;86;0.94;0
1038235;723;2;3;3;0;3;3;34;2;0;6;324;235;73;0.77;0
1038236;728;4;8;3;5;4;2;39;4;0;1;286;185;65;0.77;0
1038236;543;1;11;9;2;8;2;61;4;0;2;461;344;75;0.82;0
1038232;530;3;13;6;7;7;8;41;3;1;2;355;287;81;0.78;0
1038232;529;5;9;7;2;3;0;59;1;0;3;536;466;87;1.54;0
1038244;724;5;13;9;4;5;2;59;2;0;2;473;379;80;1.55;0
1038244;715;2;10;5;5;2;1;41;4;0;4;328;223;68;0.52;0
1038246;546;5;18;11;7;6;4;67;4;0;2;572;465;81;1.63;0
1038246;536;3;10;6;4;3;2;33;5;0;5;283;184;65;0.76;0
1038242;723;5;12;7;5;6;2;51;3;0;1;421;359;85;0.84;0
1038242;727;4;6;5;1;1;2;49;2;0;5;415;321;77;1.03;0
1038251;532;5;14;9;5;3;0;53;0;0;3;484;387;80;1.49;0
1038251;798;3;11;7;4;3;1;47;2;0;4;429;335;78;0.87;0
1038243;529;2;14;8;6;6;8;69;5;0;0;720;641;89;1.75;0
1038243;534;0;8;4;4;1;4;31;1;1;1;314;232;74;0.29;0
1038245;538;0;13;8;5;3;1;61;3;0;2;572;489;85;0.78;0
1038245;728;2;8;7;1;2;1;39;3;0;0;372;293;79;0.58;0
1038250;547;5;9;8;1;5;3;57;3;0;2;575;501;87;2.66;0
1038250;543;4;7;4;3;4;2;43;4;0;2;431;355;82;0.55;0
1038247;542;0;3;1;2;3;3;41;2;0;2;323;220;68;0.25;0
1038247;548;3;12;10;2;8;3;59;2;0;0;471;369;78;0.95;0
1038248;541;4;9;5;4;4;1;59;2;0;3;651;579;89;1.12;0
1038248;531;3;7;6;1;7;0;41;1;0;2;441;366;83;0.27;0
1038249;533;2;11;8;3;3;1;52;3;0;6;515;440;85;0.81;0
1038249;530;8;14;9;5;3;0;48;3;0;1;482;406;84;1.32;0
1038208;715;3;13;6;7;5;2;57;3;0;1;433;322;74;0.62;0
1038208;532;2;6;6;0;4;0;43;1;0;3;320;213;67;0.35;0
1038254;543;3;15;12;3;6;1;47;1;0;4;512;440;86;1.26;0
1038254;538;5;12;11;1;5;1;53;0;0;1;581;499;86;1.6;0
1038253;530;4;17;11;6;2;3;41;3;0;4;429;363;85;2.4;0
1038253;547;5;12;6;6;0;0;59;2;0;1;627;567;90;2.39;0
1038260;728;2;11;7;4;3;4;64;4;0;0;430;334;78;0.89;0
1038260;546;0;7;2;5;0;2;36;6;0;2;262;161;61;0.24;0
1038255;798;2;6;5;1;4;1;44;2;0;7;413;332;80;0.59;0
1038255;541;9;16;7;9;2;1;56;1;0;2;559;486;87;1.6;0
1038259;724;3;14;8;6;8;5;38;3;0;0;328;245;75;0.75;0
1038259;529;2;12;7;5;4;2;62;3;0;3;563;475;84;0.76;0
1038257;534;2;5;0;5;6;2;63;3;1;1;605;540;89;0.07;0
1038257;536;3;10;9;1;2;2;37;3;0;2;355;303;85;2.08;0
1038261;715;3;9;7;2;1;2;39;3;0;3;271;183;68;1.45;0
1038261;542;3;8;4;4;5;4;61;2;0;1;417;324;78;0.34;0
1038252;531;6;13;7;6;3;1;53;3;0;1;490;416;85;0.65;0
1038252;533;2;10;9;1;1;2;47;3;1;5;459;370;81;2.1;0
1038258;548;4;17;11;6;5;2;50;2;1;1;407;327;80;1.56;0
1038258;723;3;7;5;2;1;1;50;2;0;2;441;351;80;1.42;0
1038256;727;2;13;9;4;4;5;65;0;0;2;591;485;82;1.93;0
1038256;532;3;4;3;1;1;0;35;2;0;2;335;223;67;0.22;0
1038263;531;6;17;10;7;11;1;67;4;0;0;599;503;84;1.54;0
1038263;715;0;5;1;4;4;1;33;2;0;4;293;208;71;0.19;0
1038264;538;13;21;16;5;8;6;32;1;0;3;344;284;83;3.99;0
1038264;534;4;9;7;2;4;1;68;0;0;9;765;696;91;0.98;0
1038271;728;6;17;5;12;5;3;64;4;0;1;530;426;80;0.53;0
1038271;727;2;6;3;3;1;3;36;1;0;4;304;194;64;0.53;0
1038268;532;5;8;6;2;7;5;54;2;0;4;438;356;81;1.16;0
1038268;543;6;12;8;4;6;2;46;3;0;4;388;298;77;1.45;0
1038269;547;5;10;8;2;2;3;57;1;0;4;553;502;91;2.07;0
1038269;724;5;12;8;4;4;1;43;2;0;1;402;337;84;1.87;0
1038265;546;3;6;4;2;0;6;40;0;0;3;295;200;68;0.54;0
1038265;548;3;7;5;2;4;2;60;2;0;1;454;351;77;1.19;0
1038262;723;5;24;17;7;5;1;57;3;1;1;509;449;88;1.71;0
1038262;533;3;11;9;2;2;2;43;4;0;4;388;325;84;1.64;0
1038266;542;3;8;4;4;1;0;31;5;0;4;232;158;68;0.39;0
1038266;530;4;15;10;5;11;1;69;3;0;1;523;443;85;0.9;0
1038267;541;8;14;8;6;2;1;47;3;0;4;476;420;88;2.34;0
1038267;529;6;15;9;6;8;2;53;2;0;5;527;476;90;1.37;0
1038270;536;4;11;6;5;4;1;54;0;0;4;515;437;85;1.09;0
1038270;798;6;8;7;1;4;5;46;2;0;2;440;357;81;0.75;0
1038281;548;3;9;3;6;11;2;56;3;0;2;520;453;87;0.59;0
1038281;541;3;5;2;3;3;4;44;4;0;3;423;347;82;0.39;0
1038279;534;5;10;8;2;4;3;61;1;0;1;595;498;84;1.63;0
1038279;547;3;6;5;1;2;3;39;3;0;5;381;297;78;1.89;0
1038272;723;11;21;13;8;9;2;56;5;1;2;377;306;81;2.36;0
1038272;546;5;8;5;3;2;1;44;4;0;10;317;231;73;1.66;0
1038277;542;8;16;15;1;8;1;37;3;0;0;273;191;70;2.35;0
1038277;538;0;4;2;2;3;0;63;3;0;5;514;440;86;0.22;0
1038278;530;3;8;5;3;3;1;42;3;0;0;449;361;80;0.92;0
1038278;531;1;7;7;0;5;0;58;2;0;1;595;529;89;0.99;0
1038275;724;2;10;4;6;3;0;59;3;0;1;469;366;78;0.35;0
1038275;798;2;9;3;6;1;2;41;2;0;2;344;240;70;0.94;0
1038276;715;4;12;10;2;0;5;37;4;0;2;343;257;75;2.17;0
1038276;727;2;11;6;5;6;0;63;0;0;1;573;477;83;0.88;0
1038280;533;7;15;11;4;3;2;46;2;0;4;409;348;85;1.32;0
1038280;728;4;20;8;12;6;3;54;1;0;4;493;430;87;1.06;0
1038274;543;5;15;13;2;4;2;51;3;0;0;400;334;84;1.98;0
1038274;536;1;10;7;3;6;2;49;5;0;3;386;318;82;1.36;0
1038273;529;13;27;20;7;15;2;80;1;0;1;744;677;91;2.21;0
1038273;532;3;5;4;1;1;2;20;0;1;9;185;108;58;2.13;0
1038284;546;9;34;18;16;10;4;64;0;0;0;528;423;80;4.36;0
1038284;531;2;7;5;2;6;0;36;2;2;9;307;209;68;0.69;0
1038290;548;4;9;5;4;7;3;52;2;0;1;478;411;86;0.58;0
1038290;534;1;7;3;4;2;3;48;1;0;3;438;370;84;0.52;0
1038288;541;9;19;11;8;7;2;71;0;0;2;788;734;93;2.33;0
1038288;724;2;7;6;1;4;1;29;1;0;6;315;248;79;0.96;0
1038286;547;7;9;8;1;5;4;40;0;0;5;381;318;83;1.86;0
1038286;529;7;16;14;2;4;2;60;3;0;2;586;518;88;2.56;0
1038285;798;4;7;4;3;6;2;59;2;0;3;528;451;85;0.24;0
1038285;530;4;9;4;5;2;0;41;0;0;4;375;289;77;0.72;0
1038287;727;2;12;10;2;8;1;41;2;1;2;347;264;76;0.77;0
1038287;543;4;10;6;4;5;4;59;2;0;2;528;444;84;1.14;0
1038282;538;7;23;15;8;2;0;54;4;0;1;599;563;94;3.85;0
1038282;533;3;11;7;4;1;1;46;0;1;4;522;456;87;0.63;0
1038291;532;1;13;10;3;5;2;57;1;0;3;423;335;79;0.97;0
1038291;542;4;14;7;7;7;0;43;3;0;1;313;224;72;0.83;0
1038289;536;5;11;10;1;5;1;60;2;0;3;540;451;84;1.66;0
1038289;715;3;8;1;7;4;2;40;2;0;2;350;266;76;0.36;0
1038283;728;10;27;13;14;9;3;68;3;0;1;597;515;86;1.42;0
1038283;723;2;7;3;4;2;1;32;2;0;10;293;200;68;0.37;0
1038297;542;8;14;12;2;5;0;35;3;0;3;299;248;83;1.79;0
1038297;547;5;15;12;3;3;3;65;2;0;6;582;520;89;1.88;0
1038301;798;2;7;5;2;2;2;44;6;0;1;341;269;79;0.33;0
1038301;534;1;7;2;5;2;3;56;2;0;1;447;388;87;0.38;0
1038300;533;7;25;18;7;10;6;59;3;0;2;509;446;88;3.33;0
1038300;536;4;8;7;1;1;1;41;5;0;4;361;283;78;1.74;0
1038296;715;1;12;10;2;8;3;42;2;0;3;369;311;84;0.9;0
1038296;541;7;13;10;3;5;0;58;0;0;2;538;476;88;1.89;0
1038292;531;6;15;11;4;8;3;67;2;0;1;607;525;86;1.33;0
1038292;727;3;13;6;7;6;2;33;4;0;4;298;222;74;1.14;0
1038295;724;6;13;10;3;6;2;45;5;0;4;350;261;75;1.54;0
1038295;546;4;10;4;6;2;1;55;2;0;5;438;350;80;0.44;0
1038293;530;8;21;13;8;4;4;56;1;0;2;637;562;88;1.48;0
1038293;538;2;6;4;2;7;0;44;1;0;7;502;424;84;0.47;0
1038299;532;5;13;10;3;6;5;50;1;0;2;373;277;74;1.31;0
1038299;728;1;12;7;5;3;3;50;2;0;5;376;276;73;0.57;0
1038298;543;7;14;9;5;3;2;47;0;0;5;504;425;84;0.77;0
1038298;723;7;14;5;9;5;1;53;2;0;5;556;481;87;1.17;0
1038294;529;5;14;7;7;6;1;57;2;0;3;582;514;88;2.15;0
1038294;548;3;10;6;4;2;2;43;3;0;3;444;385;87;0.67;0
1038309;727;4;10;3;7;2;1;52;0;0;3;455;345;76;0.37;0
1038309;798;4;10;9;1;4;3;48;1;0;3;407;306;75;0.97;0
1038311;541;11;22;17;5;4;0;72;1;0;10;789;728;92;2.52;0
1038311;542;10;18;8;10;1;2;28;1;0;6;305;245;80;1.28;0
1038303;547;5;22;14;8;5;1;66;1;0;2;749;696;93;1.71;0
1038303;533;3;11;7;4;1;0;34;5;1;4;386;322;83;0.62;0
1038308;536;3;14;9;5;1;0;57;6;0;6;467;396;85;1.3;0
1038308;724;7;19;9;10;9;2;43;2;0;3;346;271;78;2.51;0
1038310;728;9;18;13;5;6;3;31;4;1;0;206;127;62;2.57;0
1038310;715;1;10;5;5;6;2;69;3;0;7;465;378;81;0.93;0
1038305;538;4;10;7;3;2;3;53;2;0;1;522;427;82;0.77;0
1038305;531;2;7;3;4;3;0;47;0;0;2;462;357;77;0.22;0
1038306;546;3;8;4;4;6;1;45;4;0;1;455;391;86;0.62;0
1038306;530;3;7;6;1;3;6;55;3;0;3;561;495;88;1.3;0
1038307;534;9;16;11;5;4;6;57;2;0;3;481;399;83;2.33;1
1038307;543;4;6;4;2;8;7;43;1;0;7;359;277;77;1.27;1
1038302;723;3;12;7;5;4;5;35;0;0;5;370;311;84;0.92;0
1038302;529;7;16;11;5;7;1;65;1;0;3;687;618;90;1.57;0
1038304;548;5;10;5;5;3;0;59;0;0;3;568;467;82;1.28;1
1038304;532;3;7;4;3;3;5;41;2;0;4;402;306;76;0.84;1
1038317;542;2;9;9;0;2;3;47;5;0;4;243;143;59;1.18;0
1038317;546;4;10;6;4;1;0;53;7;1;1;278;181;65;0.33;0
1038314;529;6;14;8;6;7;0;72;4;0;4;638;578;91;1.26;0
1038314;728;4;15;7;8;5;3;28;2;0;3;240;178;74;1.28;0
1038313;530;2;14;12;2;7;4;57;2;0;2;483;411;85;1.56;0
1038313;727;6;15;13;2;5;3;43;2;0;1;366;291;80;1.91;0
1038312;531;6;15;12;3;8;3;53;1;0;4;485;414;85;1.57;0
1038312;536;4;9;7;2;3;0;47;1;0;4;417;338;81;0.87;0
1038320;532;6;20;10;10;5;0;36;2;0;3;343;298;87;3.17;1
1038320;547;5;18;9;9;4;4;64;0;0;5;629;573;91;2.62;1
1038321;533;7;21;17;4;3;0;43;2;0;2;502;449;89;1.78;0
1038321;541;6;12;8;4;3;1;57;2;0;3;685;630;92;1.04;0
1038315;543;9;18;13;5;6;3;68;3;0;1;626;539;86;1.69;1
1038315;548;2;5;4;1;2;1;32;4;0;9;308;223;72;0.46;1
1038319;715;3;11;7;4;10;2;49;2;0;3;416;320;77;1.92;0
1038319;538;5;8;7;1;2;2;51;1;0;2;449;356;79;1.68;0
1038316;724;3;10;8;2;5;2;49;3;1;1;441;325;74;0.88;0
1038316;534;1;9;8;1;3;4;51;1;0;3;477;371;78;0.56;0
1038318;798;8;29;17;12;12;2;51;2;0;1;422;349;83;3.01;0
1038318;723;3;7;3;4;2;1;49;3;0;6;419;344;82;0.42;0
1038325;547;9;16;11;5;4;4;70;3;0;3;626;574;92;4.62;-1
1038325;715;2;10;6;4;2;0;30;5;1;2;268;215;80;1.05;-1
1038326;727;6;12;10;2;6;1;43;4;0;2;358;287;80;0.95;0
1038326;533;3;11;6;5;4;4;57;3;0;5;490;427;87;1.56;0
1038328;548;4;14;6;8;8;0;60;3;0;2;541;487;90;0.61;0
1038328;530;4;10;9;1;4;4;40;5;1;2;364;310;85;2.17;0
1038322;723;12;27;16;11;1;0;46;2;0;3;437;371;85;3.16;-1
1038322;724;4;12;4;8;4;1;54;2;0;7;510;441;86;0.5;-1
1038327;728;4;17;10;7;8;0;63;1;0;0;568;463;82;1.07;0
1038327;531;1;7;5;2;2;2;37;1;0;4;338;229;68;0.7;0
1038330;541;5;13;7;6;4;4;59;2;0;3;642;599;93;0.92;0
1038330;543;3;11;7;4;5;2;41;1;0;4;436;375;86;0.86;0
1038324;546;6;16;7;9;3;0;50;0;0;2;409;338;83;0.89;0
1038324;798;4;9;7;2;4;2;50;2;0;5;390;309;79;1.49;0
1038331;534;4;9;4;5;2;3;65;2;0;3;517;444;86;0.99;0
1038331;542;4;14;9;5;6;1;35;1;0;3;264;186;70;2.59;0
1038323;538;4;9;5;4;2;3;54;0;0;0;511;441;86;1.52;0
1038323;532;1;12;10;2;2;1;46;0;0;2;433;356;82;1.96;0
1038329;536;6;15;13;2;6;1;39;2;0;4;401;355;89;1.47;0
1038329;529;6;11;9;2;5;7;61;1;0;5;645;595;92;1.35;0
1208494;531;4;7;1;6;5;2;69;4;0;1;444;352;79;0.33;0
1208494;546;2;9;5;4;6;6;31;1;0;3;194;116;60;0.84;0
1208495;543;4;19;10;9;4;1;39;2;0;1;370;305;82;1.38;0
1208495;547;2;13;7;6;4;3;61;0;0;3;577;507;88;1.58;0
1208501;538;4;6;3;3;3;4;64;2;0;1;551;471;85;0.83;0
1208501;542;2;10;8;2;3;3;36;2;0;2;299;218;73;1.6;0
1208497;534;5;15;10;5;6;1;48;2;0;4;430;345;80;1.41;0
1208497;536;5;18;12;6;3;2;52;2;0;4;481;393;82;1.85;0
1208502;727;6;16;13;3;6;1;61;3;0;3;456;347;76;1.74;0
1208502;537;4;10;6;4;4;2;39;2;0;6;303;193;64;0.98;0
1208499;532;2;6;4;2;3;7;36;2;0;4;315;243;77;1.01;0
1208499;529;6;18;12;6;8;1;64;3;0;1;578;499;86;3.22;0
1208500;548;4;11;7;4;10;0;66;2;0;2;445;359;81;1.08;0
1208500;728;5;12;7;5;5;3;34;4;0;3;236;151;64;1.11;0
1208496;798;5;12;8;4;8;0;34;1;0;5;322;267;83;1.03;0
1208496;541;5;13;6;7;7;0;66;0;1;4;667;598;90;0.6;0
1212910;720;1;12;7;5;3;6;45;2;0;2;387;319;82;0.8;0
1212910;540;2;10;5;5;2;1;55;2;0;0;479;390;81;0.66;0
1208498;533;3;9;6;3;2;2;45;1;0;2;477;420;88;0.79;-1
1208498;530;4;9;7;2;3;2;55;3;0;2;592;519;88;1.11;-1
1208504;538;5;7;4;3;4;2;49;3;0;3;486;418;86;1.32;-1
1208504;532;5;13;10;3;7;1;51;0;0;2;492;417;85;0.93;-1
1208507;536;7;16;9;7;7;4;60;3;0;4;529;444;84;1.09;0
1208507;533;6;8;7;1;2;4;40;5;0;6;354;263;74;0.89;0
1208511;727;5;15;5;10;5;1;45;2;0;1;314;233;74;0.54;0
1208511;798;1;10;6;4;4;0;55;1;0;4;379;306;81;0.58;0
1208510;529;5;13;9;4;5;2;65;4;0;1;568;497;88;1.83;0
1208510;531;2;8;6;2;6;5;35;5;0;3;293;232;79;1.03;0
1212911;540;4;13;11;2;7;1;34;2;0;2;259;192;74;1.3;0
1212911;548;3;8;4;4;4;2;66;2;0;3;522;461;88;0.63;0
1208505;546;0;12;9;3;3;0;48;1;0;0;284;173;61;0.48;0
1208505;728;0;3;1;2;2;4;52;2;0;0;307;198;64;0.24;0
1208506;541;9;17;13;4;5;4;64;1;0;0;648;594;92;2.14;-1
1208506;720;0;8;6;2;5;0;36;1;0;6;359;293;82;0.42;-1
1208509;537;5;10;6;4;3;1;40;1;0;4;342;255;75;1.48;0
1208509;534;5;10;7;3;7;0;60;1;0;3;519;417;80;0.87;0
1208508;542;1;5;3;2;3;1;37;1;1;3;301;201;67;0.21;0
1208508;543;3;15;10;5;8;1;63;4;0;1;530;438;83;1.49;0
1208503;530;6;11;6;5;1;2;42;1;0;4;462;404;87;1.22;-1
1208503;547;4;13;7;6;9;2;58;3;0;3;610;561;92;0.68;-1
1208518;533;9;24;16;8;7;2;45;4;0;4;450;402;89;3.64;1
1208518;538;9;20;15;5;4;1;55;3;0;6;565;504;89;2.72;1
1208515;798;4;12;8;4;5;3;45;0;0;7;385;314;82;0.9;0
1208515;536;7;16;6;10;9;1;55;1;1;4;485;414;85;0.74;0
1208517;728;4;8;6;2;6;4;35;3;0;3;270;201;74;0.43;0
1208517;529;5;22;11;11;6;1;65;1;0;3;529;444;84;1.4;0
1208512;531;4;13;12;1;5;1;51;1;0;0;418;331;79;1.38;0
1208512;532;0;2;1;1;3;3;49;3;0;3;415;314;76;0.08;0
1208520;720;2;12;11;1;4;0;59;1;0;1;493;432;88;1.0;0
1208520;537;1;7;2;5;4;2;41;5;0;2;360;295;82;0.18;0
1212912;530;7;25;18;7;9;6;62;0;0;1;595;523;88;2.47;1
1212912;540;1;8;4;4;3;0;38;2;0;7;362;289;80;0.61;1
1208519;548;1;10;5;5;8;3;53;4;1;3;350;270;77;1.15;0
1208519;542;5;14;11;3;6;3;47;4;0;0;304;227;75;1.54;0
1208514;547;5;10;8;2;5;5;60;0;0;0;572;519;91;2.29;0
1208514;727;0;1;0;1;0;2;40;0;0;1;396;332;84;0.04;0
1208516;534;2;7;4;3;2;1;44;0;0;7;422;360;85;0.76;0
1208516;541;8;25;18;7;6;0;56;2;0;1;547;477;87;2.95;0
1208522;529;11;23;17;6;10;4;71;0;0;1;595;545;92;3.84;0
1208522;720;1;4;2;2;1;4;29;3;0;4;247;197;80;0.43;0
1208521;531;1;8;2;6;2;1;53;3;0;1;585;508;87;0.29;0
1208521;530;2;9;7;2;2;2;47;1;0;1;524;439;84;1.73;0
1212913;540;3;10;7;3;3;0;47;3;0;4;355;276;78;1.73;0
1212913;728;5;17;9;8;7;2;53;2;0;1;390;318;82;1.35;0
1208524;532;5;22;10;12;14;1;58;3;0;1;479;419;87;0.9;0
1208524;533;2;9;5;4;3;1;42;5;1;4;372;306;82;0.6;0
1208526;537;2;9;5;4;1;3;54;1;0;2;473;391;83;0.34;0
1208526;798;3;12;9;3;3;0;46;3;0;2;400;317;79;0.98;0
1208525;542;5;15;9;6;6;1;29;3;0;6;239;167;70;2.04;0
1208525;534;6;12;7;5;5;0;71;0;0;3;603;524;87;0.62;0
1208528;727;3;10;7;3;6;3;50;2;0;3;451;376;83;0.89;-1
1208528;538;4;12;5;7;3;3;50;0;1;1;460;381;83;1.66;-1
1208529;536;5;16;8;8;7;4;49;3;0;2;433;366;85;0.97;0
1208529;547;4;11;9;2;5;0;51;2;0;5;433;384;89;1.94;0
1208523;546;1;16;4;12;4;2;53;1;0;0;340;229;67;0.57;0
1208523;548;0;1;0;1;1;1;47;1;0;1;314;210;67;0.02;0
1208527;541;7;22;18;4;7;1;60;2;0;2;608;546;90;2.45;0
1208527;543;2;11;8;3;3;2;40;0;0;5;421;353;84;0.51;0
1208531;543;5;14;10;4;11;2;64;1;0;0;611;533;87;2.12;0
1208531;537;0;3;1;2;1;1;36;2;0;3;352;263;75;0.1;0
1208533;798;4;9;7;2;7;2;54;3;1;2;439;356;81;0.35;0
1208533;533;4;21;12;9;6;1;46;3;0;4;385;313;81;1.77;0
1212914;540;4;9;7;2;0;3;38;2;0;4;266;202;76;1.56;0
1212914;542;6;19;16;3;5;0;62;3;0;1;429;335;78;2.26;0
1208536;536;4;10;8;2;3;1;61;3;1;4;442;351;79;1.41;0
1208536;546;4;15;6;9;4;2;39;4;0;3;266;186;70;0.99;0
1208538;548;2;11;7;4;6;2;48;4;0;4;453;393;87;1.07;0
1208538;541;6;16;10;6;6;1;52;1;0;2;494;437;88;2.38;0
1208532;538;9;14;12;2;5;3;54;3;0;1;484;419;87;1.84;0
1208532;720;2;6;5;1;3;1;46;5;1;6;406;344;85;0.51;0
1208535;547;4;9;7;2;1;7;45;3;0;5;392;343;88;1.35;0
1208535;529;9;20;13;7;6;0;55;2;1;3;476;414;87;1.82;0
1208534;534;6;15;9;6;9;0;65;1;0;1;599;498;83;1.16;0
1208534;531;4;9;6;3;3;1;35;2;1;3;334;231;69;2.24;0
1208530;530;4;14;14;0;7;1;53;1;0;1;515;438;85;3.24;0
1208530;532;1;5;2;3;3;2;47;2;0;1;465;385;83;0.15;0
1208537;728;6;17;11;6;7;3;66;3;0;1;485;386;80;1.68;-1
1208537;727;2;5;4;1;4;0;34;2;0;3;250;146;58;0.33;-1
1208550;798;4;10;8;2;5;3;40;1;0;5;364;280;77;1.19;0
1208550;548;5;13;6;7;5;1;60;1;0;3;537;448;83;0.59;0
1208513;543;7;17;12;5;8;0;66;3;0;4;503;401;80;2.93;0
1208513;546;5;15;7;8;4;2;34;5;0;6;251;173;69;0.61;0
1208552;537;3;14;7;7;4;4;48;3;0;2;421;325;77;0.94;0
1208552;531;4;10;7;3;7;3;52;0;0;3;456;381;84;1.32;0
1208542;542;4;10;7;3;3;1;35;1;0;1;263;162;62;1.1;-1
1208542;536;2;8;4;4;5;2;65;4;0;2;501;421;84;0.52;-1
1208546;720;2;15;8;7;5;0;35;4;0;3;269;193;72;1.02;0
1208546;548;4;14;11;3;7;3;65;4;0;2;526;446;85;1.47;0
1208547;727;4;13;12;1;2;4;39;2;0;5;309;231;75;1.91;0
1208547;534;6;11;9;2;4;3;61;5;0;2;488;408;84;1.0;0
1208545;532;2;7;3;4;5;1;32;3;0;3;284;202;71;0.42;-1
1208545;547;3;8;5;3;4;2;68;2;0;0;607;538;89;0.37;-1
1212915;541;14;31;21;10;9;2;73;4;0;1;703;637;91;4.46;0
1212915;540;1;10;5;5;4;1;27;3;0;10;260;177;68;0.34;0
1208541;546;4;13;6;7;6;0;59;3;0;1;420;312;74;1.49;0
1208541;537;2;6;4;2;2;1;41;2;0;3;300;186;62;0.56;0
1208539;531;5;10;7;3;3;1;32;3;0;3;304;248;82;0.79;0
1208539;538;4;11;11;0;6;2;68;2;0;2;636;558;88;1.33;0
1208544;533;4;13;12;1;7;7;36;6;0;4;325;264;81;2.11;0
1208544;529;10;17;14;3;3;0;64;1;0;3;610;555;91;4.08;0
1208543;728;4;16;5;11;3;0;55;0;0;4;517;418;81;1.83;0
1208543;530;5;10;6;4;4;0;45;0;0;3;432;334;77;0.56;0
1208540;543;6;16;8;8;6;1;62;3;0;4;582;520;89;1.03;0
1208540;798;6;7;6;1;3;3;38;3;0;5;367;293;80;1.02;0
1208555;532;3;10;8;2;10;5;52;2;0;2;388;295;76;0.66;0
1208555;727;2;9;5;4;5;2;48;3;0;3;357;270;76;0.47;0
1208551;536;5;22;14;8;6;2;55;5;1;1;366;298;81;2.05;0
1208551;720;2;8;4;4;4;4;45;4;0;4;306;237;77;0.68;0
1208556;541;4;10;9;1;4;2;69;4;0;1;735;673;92;1.32;-1
1208556;542;3;12;6;6;4;1;31;0;0;1;326;249;76;0.88;-1
1208549;547;1;11;6;5;4;2;71;3;0;0;642;570;89;2.22;0
1208549;728;0;2;1;1;3;0;29;4;0;1;261;198;76;0.35;0
1208548;529;4;15;6;9;7;5;78;1;0;1;625;555;89;1.92;0
1208548;546;1;7;5;2;5;7;22;1;0;3;170;92;54;0.67;0
1208554;534;2;8;5;3;1;2;55;4;0;4;553;470;85;0.91;0
1208554;543;5;13;10;3;4;4;45;2;0;1;448;373;83;1.99;0
1212916;540;2;9;4;5;4;0;56;5;0;2;504;431;86;0.45;0
1212916;533;4;15;8;7;1;1;44;3;0;1;402;339;84;1.48;0
1208553;538;4;10;6;4;2;0;58;2;0;1;669;588;88;1.53;1
1208553;530;2;8;4;4;3;0;42;2;0;4;469;374;80;0.62;1
1208562;720;1;13;7;6;7;2;50;3;0;4;410;331;81;1.25;0
1208562;798;6;17;11;6;4;1;50;2;0;0;413;326;79;2.32;0
1208564;546;8;14;9;5;2;4;45;3;0;1;203;111;55;2.22;0
1208564;542;1;9;5;4;2;2;55;6;0;6;257;146;57;0.48;0
1208565;728;6;15;10;5;5;2;53;2;0;2;466;385;83;0.91;0
1208565;537;3;13;7;6;5;2;47;1;0;5;401;322;80;0.73;0
1208560;548;6;11;9;2;6;5;62;0;0;4;536;451;84;3.19;0
1208560;532;4;9;2;7;4;2;38;0;0;3;330;245;74;0.78;0
1208561;727;5;11;9;2;5;10;25;2;0;4;218;142;65;2.25;-1
1208561;529;6;12;6;6;8;0;75;2;0;1;673;587;87;0.68;-1
1208559;538;2;12;7;5;4;0;48;1;0;4;548;479;87;0.41;0
1208559;547;4;9;7;2;4;1;52;0;0;1;604;548;91;0.81;0
1208557;531;5;13;9;4;4;3;39;0;1;3;329;246;75;1.77;0
1208557;536;3;13;4;9;7;3;61;3;0;4;529;434;82;1.57;0
1212917;543;11;20;15;5;8;0;53;2;0;1;461;393;85;2.28;1
1212917;540;1;8;5;3;4;1;47;4;0;10;408;337;83;0.49;1
1208558;530;4;12;8;4;5;2;51;3;1;3;570;497;87;1.28;0
1208558;541;4;12;5;7;5;0;49;1;0;3;548;490;89;0.76;0
1208563;533;7;20;17;3;3;5;42;0;0;2;443;385;87;2.79;0
1208563;534;3;7;4;3;2;1;58;4;0;4;625;566;91;0.86;0
1208569;537;0;8;6;2;1;9;59;2;0;1;523;435;83;0.54;0
1208569;532;1;6;4;2;2;1;41;2;0;0;355;262;74;0.76;0
1212918;540;3;8;4;4;4;0;40;1;0;4;279;203;73;0.93;0
1212918;798;5;11;9;2;6;0;60;5;0;1;416;351;84;1.81;0
1208566;546;3;11;7;4;4;5;40;2;0;1;223;126;57;0.83;0
1208566;727;2;6;3;3;2;0;60;4;0;2;334;229;69;0.34;0
1208573;534;5;25;14;11;11;1;61;3;0;0;514;443;86;1.37;0
1208573;538;1;8;4;4;2;2;39;8;2;5;353;286;81;0.76;0
1208574;720;6;13;10;3;5;1;39;4;0;1;302;245;81;1.99;0
1208574;728;3;17;8;9;13;2;61;2;0;4;469;398;85;1.5;0
1208567;541;2;11;4;7;2;1;55;0;0;1;649;595;92;0.47;-1
1208567;533;1;12;8;4;5;3;45;1;0;0;516;470;91;1.15;-1
1208570;547;6;14;11;3;6;3;65;4;0;3;579;507;88;2.0;0
1208570;531;4;13;8;5;1;0;35;3;1;4;312;250;80;3.1;0
1208568;542;2;11;7;4;11;11;28;2;0;6;230;165;72;0.74;0
1208568;529;9;14;10;4;3;3;72;2;0;2;660;598;91;2.46;0
1208572;536;5;14;6;8;4;2;52;6;1;3;401;309;77;1.44;0
1208572;543;3;11;6;5;1;1;48;3;0;4;372;292;78;0.61;0
1208571;548;7;16;9;7;5;2;67;0;0;0;648;581;90;1.0;0
1208571;530;1;4;2;2;1;2;33;2;0;6;333;243;73;0.54;0
1208580;542;4;10;5;5;5;3;62;6;1;1;418;325;78;0.49;0
1208580;720;4;12;9;3;6;1;38;2;0;2;247;166;67;2.5;0
1212919;531;6;10;7;3;5;0;57;2;0;1;480;400;83;1.31;0
1212919;540;2;5;3;2;5;1;43;3;0;2;350;275;79;0.27;0
1208581;727;6;19;16;3;10;4;55;2;0;4;374;287;77;2.06;0
1208581;543;7;11;11;0;2;4;45;1;1;5;322;239;74;2.42;0
1208578;547;3;8;7;1;6;1;47;2;0;3;428;368;86;0.39;0
1208578;548;4;14;8;6;6;1;53;1;0;3;499;443;89;1.74;0
1208577;538;5;13;10;3;6;2;47;2;0;1;530;460;87;1.69;0
1208577;541;3;10;6;4;2;1;53;1;0;4;608;541;89;0.74;0
1208579;798;5;19;16;3;9;2;51;1;0;2;367;279;76;2.03;0
1208579;728;2;10;7;3;2;0;49;1;0;4;369;279;76;0.59;0
1208575;530;9;24;15;9;8;0;63;5;0;1;568;484;85;4.51;0
1208575;537;2;5;2;3;2;1;37;1;0;5;341;260;76;0.24;0
1208582;533;4;10;8;2;5;1;57;4;0;3;367;273;74;0.91;0
1208582;546;4;21;15;6;5;1;43;3;0;3;268;194;72;1.98;0
1208576;529;9;21;14;7;5;3;67;1;0;0;613;558;91;3.86;0
1208576;536;1;7;5;2;5;3;33;2;0;4;297;235;79;0.92;0
1208583;532;7;14;11;3;11;3;47;3;1;3;413;319;77;1.65;0
1208583;534;6;11;5;6;2;0;53;9;0;5;491;401;82;1.14;0
1212920;540;1;16;13;3;13;3;42;2;0;1;312;237;76;1.17;0
1212920;536;3;6;5;1;2;0;58;0;0;1;479;395;82;0.66;0
1208591;720;3;7;4;3;4;1;45;4;0;7;412;354;86;0.94;0
1208591;533;9;21;14;7;6;0;55;3;0;3;510;448;88;2.31;0
1208592;728;4;15;11;4;6;2;50;2;1;7;370;297;80;1.88;0
1208592;542;7;15;9;6;2;3;50;4;0;4;372;283;76;0.94;0
1208589;534;3;12;8;4;3;0;43;4;0;3;367;300;82;0.9;0
1208589;547;3;8;5;3;5;5;57;5;1;2;474;400;84;0.56;0
1208587;541;4;9;5;4;10;12;41;2;0;3;311;243;78;1.48;0
1208587;529;7;15;7;8;3;1;59;5;0;4;455;385;85;2.58;0
1208588;537;4;7;5;2;4;2;39;2;0;5;363;276;76;1.62;0
1208588;538;5;18;9;9;2;2;61;2;0;1;587;493;84;0.92;0
1208584;546;4;15;13;2;8;3;64;3;0;0;389;300;77;2.26;0
1208584;532;1;2;2;0;2;3;36;7;0;4;232;124;53;0.6;0
1208586;543;3;24;16;8;3;3;42;3;0;3;380;300;79;1.94;0
1208586;530;3;10;8;2;10;1;58;2;0;3;533;415;78;0.54;0
1208590;548;9;19;11;8;14;5;75;3;0;2;584;514;88;1.65;1
1208590;727;4;10;6;4;4;0;25;4;0;9;199;128;64;0.98;1
1208585;798;1;4;4;0;1;1;33;5;1;1;272;192;71;0.61;0
1208585;531;1;20;12;8;14;4;67;1;0;1;537;457;85;0.59;0
1208598;542;3;13;10;3;7;0;52;3;0;2;323;227;70;1.15;0
1208598;798;2;7;4;3;2;3;48;2;0;2;305;225;74;0.51;0
1208597;727;4;20;20;0;7;0;50;1;0;3;351;264;75;2.48;0
1208597;720;4;7;2;5;2;2;50;5;0;3;357;276;77;0.23;0
1208596;547;6;15;8;7;6;1;55;2;0;2;488;419;86;1.97;-2
1208596;537;5;8;2;6;1;0;45;4;0;3;411;327;80;0.33;-2
1208594;530;3;15;11;4;9;1;57;1;0;1;541;455;84;1.63;0
1208594;534;1;1;1;0;1;0;43;1;0;1;410;314;77;0.02;0
1212921;529;9;14;6;8;9;3;77;0;0;2;760;696;92;1.83;0
1212921;540;3;10;7;3;5;6;23;3;0;6;209;140;67;0.97;0
1208601;536;0;8;6;2;5;1;55;2;0;1;497;393;79;1.09;0
1208601;548;3;9;6;3;9;2;45;1;0;0;414;329;79;1.37;0
1208593;531;8;17;13;4;6;3;49;0;0;3;475;403;85;4.01;2
1208593;543;4;7;4;3;2;0;51;0;0;7;496;411;83;0.84;2
1208595;538;3;10;8;2;0;4;58;1;0;2;575;479;83;1.95;0
1208595;546;2;10;6;4;2;2;42;4;1;3;410;320;78;0.56;0
1208609;728;6;34;22;12;12;4;64;1;0;1;517;426;82;2.19;0
1208609;534;3;11;8;3;4;2;36;3;0;6;303;208;69;0.9;0
1208608;541;8;18;15;3;11;2;68;0;0;0;626;564;90;3.06;0
1208608;727;0;2;0;2;3;1;32;2;0;4;288;214;74;0.05;0
1208610;533;3;13;9;4;7;3;63;1;0;3;478;403;84;1.52;-1
1208610;542;3;9;6;3;2;1;37;3;0;0;285;207;73;0.5;-1
1208604;537;4;8;3;5;0;3;43;2;0;2;379;258;68;1.05;0
1208604;536;2;13;7;6;6;3;57;1;1;3;494;377;76;0.58;0
1208602;543;6;19;12;7;2;1;56;3;0;0;567;486;86;1.38;0
1208602;538;2;3;3;0;0;4;44;0;0;4;449;377;84;1.25;0
1208606;798;6;13;11;2;7;3;53;1;0;1;530;475;90;0.61;0
1208606;530;2;9;4;5;2;1;47;3;0;5;479;423;88;0.65;0
1208603;546;0;8;2;6;5;2;47;3;0;1;383;311;81;0.61;0
1208603;547;2;3;2;1;2;0;53;3;0;0;472;381;81;0.19;0
1208605;720;3;6;4;2;5;2;35;4;0;0;288;205;71;0.61;0
1208605;531;1;17;10;7;5;3;65;4;0;2;544;473;87;1.36;0
1208607;548;6;14;11;3;7;3;30;3;0;1;270;187;69;1.85;0
1208607;529;0;11;7;4;6;4;70;1;0;5;611;519;85;0.64;0
1208612;546;5;12;8;4;3;4;56;3;0;3;330;250;76;0.59;-1
1208612;720;3;6;4;2;2;4;44;2;0;3;263;158;60;1.13;-1
1208617;532;5;11;9;2;2;4;49;4;0;2;415;333;80;1.59;-1
1208617;543;3;7;3;4;4;6;51;2;0;1;432;356;82;0.97;-1
1208619;530;8;11;6;5;5;3;70;3;0;0;591;505;85;1.65;0
1208619;542;1;4;1;3;0;2;30;3;0;6;258;175;68;0.86;0
1208614;534;3;14;7;7;4;1;62;4;0;1;483;410;85;1.21;0
1208614;798;3;9;8;1;3;0;38;2;1;1;300;228;76;1.7;0
1212923;547;5;12;8;4;6;0;76;0;0;0;772;699;91;3.36;0
1212923;540;1;9;5;4;3;0;24;3;0;1;236;177;75;0.42;0
1208616;538;8;15;10;5;5;2;41;5;0;2;388;294;76;2.6;0
1208616;529;4;9;5;4;1;3;59;5;1;6;584;491;84;1.72;0
1208613;727;3;4;3;1;0;0;41;6;0;5;348;255;73;1.08;0
1208613;533;7;17;14;3;8;5;59;5;0;1;497;409;82;2.57;0
1208618;536;3;11;8;3;8;0;52;2;0;1;411;338;82;0.89;0
1208618;728;1;9;4;5;3;3;48;5;1;2;381;301;79;0.85;0
1208615;537;0;4;0;4;2;2;32;2;0;5;294;231;79;0.12;0
1208615;541;9;16;10;6;4;1;68;0;0;0;631;561;89;1.9;0
1208611;531;4;12;10;2;4;1;40;3;0;1;313;229;73;1.34;0
1208611;548;1;6;5;1;4;3;60;4;0;3;490;405;83;0.7;0
1208621;798;3;9;7;2;3;3;48;1;0;0;444;347;78;0.69;0
1208621;532;1;7;5;2;6;0;52;1;0;1;464;367;79;1.28;0
1208620;529;8;27;16;11;7;2;70;0;0;1;618;546;88;2.3;0
1208620;534;3;5;5;0;0;5;30;0;0;7;263;170;65;0.5;0
1208622;542;7;18;13;5;13;1;60;1;0;2;352;277;79;1.05;0
1208622;537;3;6;6;0;8;2;40;4;0;6;259;179;69;0.98;0
1212924;540;5;9;6;3;2;2;21;2;0;1;183;120;66;0.85;-1
1212924;538;2;16;11;5;5;0;79;2;0;2;726;648;89;1.5;-1
1208624;720;1;9;7;2;3;1;45;1;0;4;479;410;86;0.47;0
1208624;530;9;13;10;3;5;3;55;2;0;1;608;532;88;3.99;0
1208627;533;4;13;12;1;1;4;36;2;0;4;372;300;81;2.02;0
1208627;547;6;13;6;7;5;2;64;6;0;2;665;614;92;0.54;0
1208626;541;4;13;8;5;5;4;69;2;0;3;620;556;90;2.58;0
1208626;546;3;8;4;4;3;3;31;6;0;2;270;201;74;0.4;0
1208623;728;4;7;4;3;1;6;47;3;0;5;398;299;75;0.18;0
1208623;531;7;12;6;6;7;0;53;0;0;3;447;338;76;0.71;0
1208625;548;1;2;2;0;0;5;41;3;0;2;360;268;74;0.79;-1
1208625;543;2;7;4;3;4;1;59;2;0;0;524;429;82;0.39;-1
1208628;536;5;12;6;6;5;5;65;1;0;2;478;396;83;1.34;0
1208628;727;3;7;6;1;1;1;35;1;0;4;256;171;67;0.75;0
1208661;798;1;6;5;1;2;11;40;4;0;4;318;239;75;0.92;0
1208661;529;9;20;15;5;5;0;60;3;0;0;500;417;83;4.93;0
1208656;531;3;9;8;1;5;4;37;3;0;4;341;272;80;1.8;0
1208656;541;5;10;8;2;2;3;63;3;0;1;618;537;87;1.82;0
1208631;538;5;12;4;8;3;0;50;1;0;4;511;429;84;0.87;-1
1208631;798;4;9;7;2;3;3;50;0;1;3;501;426;85;0.84;-1
1208633;534;5;11;5;6;3;0;58;4;0;1;510;433;85;1.1;0
1208633;720;2;9;5;4;3;3;42;2;0;3;356;279;78;1.41;0
1208635;543;6;12;8;4;6;0;38;1;0;2;311;229;74;2.87;0
1208635;529;3;9;7;2;4;4;62;2;0;3;521;446;86;0.46;0
1208636;532;6;14;10;4;9;2;61;2;0;0;462;379;82;1.22;0
1208636;728;1;6;4;2;4;3;39;2;0;5;311;208;67;0.9;0
1208632;547;4;10;6;4;6;1;42;3;0;4;469;422;90;0.33;0
1208632;541;7;10;6;4;3;1;58;2;0;4;673;624;93;0.97;0
1208634;537;2;11;5;6;5;5;56;2;0;2;424;317;75;0.64;0
1208634;548;5;15;10;5;3;1;44;2;0;2;335;252;75;1.81;0
1208629;531;4;12;7;5;3;1;42;2;0;1;392;320;82;1.08;0
1208629;533;1;11;7;4;3;2;58;1;0;2;555;467;84;0.53;0
1208637;727;8;16;11;5;8;4;60;5;0;1;472;390;83;1.84;0
1208637;542;3;6;4;2;3;3;40;3;0;6;324;241;74;1.54;0
1208630;530;9;14;10;4;5;1;57;4;0;0;666;566;85;2.04;-1
1208630;536;3;4;3;1;3;0;43;3;0;5;514;422;82;0.39;-1
1212925;546;6;15;7;8;3;1;41;3;0;1;315;228;72;0.37;0
1212925;540;1;9;6;3;3;1;59;6;0;5;437;324;74;0.79;0
1208645;720;1;2;1;1;1;4;33;4;1;1;277;208;75;0.55;0
1208645;532;2;14;9;5;7;1;67;3;0;0;521;459;88;0.85;0
1212926;540;3;9;4;5;5;5;42;3;0;0;344;276;80;0.32;0
1212926;727;0;6;3;3;4;0;58;1;0;3;502;426;85;0.29;0
1208644;798;2;8;6;2;2;1;31;5;1;0;289;233;81;1.14;0
1208644;547;1;13;8;5;4;1;69;2;0;0;625;579;93;0.82;0
1208643;536;3;8;2;6;3;3;45;7;0;2;424;342;81;0.58;0
1208643;538;2;10;8;2;4;4;55;3;0;2;514;435;85;1.17;0
1208640;728;5;14;6;8;4;0;34;4;0;3;310;236;76;1.64;0
1208640;541;6;13;7;6;3;1;66;2;0;2;625;551;88;0.65;0
1208638;530;3;11;10;1;8;1;57;3;0;1;489;400;82;1.67;0
1208638;546;1;7;3;4;3;0;43;1;0;2;374;279;75;0.21;0
1208641;542;3;6;3;3;2;2;52;2;0;1;419;323;77;0.93;0
1208641;531;2;9;5;4;4;2;48;2;0;2;379;294;78;0.62;0
1208642;533;4;17;13;4;5;3;62;5;0;2;534;462;87;2.05;0
1208642;543;4;10;6;4;5;0;38;4;1;2;343;271;79;0.79;0
1208646;548;4;15;10;5;8;5;61;2;0;3;418;333;80;1.11;0
1208646;534;3;9;4;5;6;4;39;3;0;4;275;186;68;0.85;0
1208639;529;4;20;15;5;8;3;80;0;0;3;778;691;89;2.67;1
1208639;537;4;6;3;3;2;1;20;2;0;3;199;114;57;0.43;1
1208599;533;5;14;11;3;7;0;45;4;1;1;371;288;78;1.32;1
1208599;728;3;18;12;6;7;1;55;3;0;4;454;369;81;1.49;1
1212922;540;3;10;8;2;4;5;46;1;0;3;406;314;77;1.88;0
1212922;532;4;14;9;5;7;2;54;0;0;2;478;396;83;2.08;0
1208650;547;7;23;16;7;9;0;71;3;0;1;720;660;92;2.58;0
1208650;720;1;1;0;1;1;1;29;1;0;4;298;236;79;0.02;0
1208649;546;5;18;8;10;3;4;55;4;0;1;335;224;67;0.83;0
1208649;798;2;9;5;4;0;8;45;3;0;5;281;187;67;1.9;0
1208648;538;7;11;4;7;4;3;41;3;0;1;337;250;74;1.21;0
1208648;548;1;7;6;1;7;1;59;5;0;5;478;384;80;0.32;0
1208653;727;3;6;4;2;4;3;53;0;0;6;429;337;79;0.6;0
1208653;531;8;13;10;3;3;0;47;1;0;2;391;316;81;1.18;0
1208654;529;7;19;14;5;11;2;63;0;0;2;647;579;89;2.54;0
1208654;530;4;5;2;3;3;4;37;3;0;6;392;305;78;0.63;0
1208655;532;3;8;6;2;5;0;62;2;0;1;469;363;77;1.44;0
1208655;542;3;11;7;4;4;2;38;1;0;1;293;193;66;1.61;0
1208651;541;8;16;14;2;6;3;59;1;0;2;634;572;90;2.0;-2
1208651;536;5;10;6;4;6;1;41;2;0;3;426;373;88;1.32;-2
1212927;534;4;10;4;6;2;2;58;4;0;2;491;428;87;0.91;0
1212927;540;2;9;5;4;2;2;42;2;0;2;350;290;83;0.73;0
1208652;537;3;5;4;1;1;2;36;1;2;4;291;218;75;1.25;0
1208652;533;9;18;13;5;5;1;64;2;0;1;516;452;88;3.29;0
1208647;543;5;14;10;4;5;2;56;0;0;3;438;364;83;2.14;0
1208647;728;4;10;7;3;5;5;44;4;0;4;346;263;76;0.91;0
1208600;532;5;8;6;2;2;0;38;2;0;3;374;304;81;0.89;0
1208600;541;5;17;8;9;5;4;62;3;1;4;622;553;89;2.01;0
1208663;728;5;8;4;4;3;1;50;2;0;6;439;356;81;0.63;-1
1208663;538;7;23;16;7;3;0;50;3;1;3;434;335;77;2.23;-1
1208660;542;2;11;5;6;6;1;43;1;0;0;343;272;79;1.3;0
1208660;547;1;3;2;1;3;1;57;4;0;2;468;402;86;0.49;0
1208662;720;1;12;8;4;1;1;42;2;0;3;352;282;80;1.14;0
1208662;543;3;14;8;6;8;0;58;4;0;0;467;404;87;0.74;0
1212928;540;5;15;7;8;8;2;53;2;0;5;460;395;86;0.69;0
1212928;537;6;14;9;5;4;1;47;2;1;4;423;354;84;1.99;0
1208659;536;5;15;7;8;10;5;54;1;0;0;448;370;83;0.44;0
1208659;532;1;5;4;1;1;1;46;2;0;4;397;322;81;0.58;0
1208664;534;7;15;7;8;4;2;64;2;0;1;456;368;81;1.35;0
1208664;546;3;12;9;3;5;3;36;3;0;6;252;175;69;1.11;0
1208657;530;5;9;9;0;4;1;51;2;0;1;555;472;85;2.54;1
1208657;727;1;6;3;3;0;2;49;0;0;4;533;455;85;0.28;1
1208658;548;3;6;3;3;3;2;57;4;0;5;466;398;85;0.66;0
1208658;533;5;15;11;4;7;2;43;2;0;2;339;258;76;1.1;0
1212929;540;4;12;6;6;1;1;36;2;0;3;341;276;81;1.01;0
1212929;720;4;11;5;6;7;0;64;2;0;2;621;543;87;1.24;0
1208665;547;4;7;6;1;7;0;60;0;0;4;530;447;84;1.22;0
1208665;536;6;14;11;3;4;3;40;4;0;3;348;297;85;2.66;0
1208668;537;3;9;5;4;2;2;32;1;0;3;304;240;79;0.41;0
1208668;530;4;19;12;7;9;2;68;3;0;2;626;552;88;2.42;0
1208673;543;2;7;6;1;2;0;50;4;1;2;427;332;78;0.53;0
1208673;542;5;9;6;3;3;0;50;5;0;1;412;320;78;1.49;0
1208669;546;4;10;7;3;2;2;22;3;0;4;190;116;61;1.32;0
1208669;529;5;21;11;10;10;4;78;2;0;3;670;578;86;2.35;0
1208667;538;1;3;1;2;3;3;59;1;1;4;619;523;84;0.59;0
1208667;531;6;14;8;6;4;0;41;0;0;0;434;346;80;1.83;0
1208672;541;13;25;21;4;8;6;61;0;0;1;565;521;92;5.9;1
1208672;534;2;6;5;1;2;0;39;1;1;9;356;292;82;1.16;1
1208666;727;3;12;8;4;6;2;52;3;0;3;414;339;82;0.76;0
1208666;728;3;8;5;3;3;2;48;2;0;2;399;308;77;0.76;0
1208671;532;2;7;6;1;4;2;35;3;0;3;269;184;68;1.64;0
1208671;548;3;9;7;2;7;3;65;4;0;1;512;410;80;0.81;0
1208670;533;7;14;12;2;6;1;44;1;0;3;391;335;86;2.44;0
1208670;798;2;9;5;4;5;1;56;3;0;4;503;444;88;0.52;0
1208677;534;7;16;6;10;4;4;51;7;1;3;403;321;80;0.79;0
1208677;727;4;16;11;5;2;1;49;8;0;6;375;286;76;2.7;0
1208679;798;3;16;10;6;4;1;48;2;1;2;351;282;80;1.01;0
1208679;543;3;8;4;4;4;1;52;2;0;3;396;324;82;0.46;0
1208675;530;8;20;11;9;5;0;59;4;0;0;587;512;87;1.71;0
1208675;533;1;11;11;0;6;0;41;2;0;7;399;325;81;2.23;0
1212930;536;4;25;14;11;5;0;75;1;0;0;654;575;88;1.2;0
1212930;540;1;6;5;1;1;0;25;4;0;3;218;133;61;0.69;0
1208682;720;2;6;4;2;1;2;32;3;1;1;312;268;86;0.19;0
1208682;541;4;20;10;10;7;3;68;3;0;2;694;643;93;1.99;0
1208681;728;7;17;8;9;4;0;57;3;0;4;527;442;84;2.41;0
1208681;547;5;12;9;3;1;1;43;1;0;5;400;311;78;0.99;0
1208680;548;4;13;7;6;5;1;57;3;0;1;366;241;66;0.96;0
1208680;546;4;13;8;5;2;2;43;6;0;4;281;185;66;1.45;0
1208674;531;3;29;18;11;16;0;68;1;0;2;526;460;87;2.08;0
1208674;537;2;5;3;2;1;1;32;1;0;3;269;190;71;0.86;0
1208676;529;11;22;16;6;14;0;72;0;0;1;707;638;90;4.45;-1
1208676;532;2;7;6;1;4;4;28;1;0;5;265;199;75;1.43;-1
1208678;542;1;3;2;1;3;1;50;2;0;1;473;369;78;0.95;0
1208678;538;2;5;1;4;4;0;50;3;0;0;464;372;80;0.12;0
1208688;537;1;5;2;3;2;2;33;2;1;2;278;201;72;0.96;0
1208688;728;3;19;11;8;9;0;67;4;0;1;554;494;89;2.33;0
1208684;546;1;7;5;2;6;0;45;4;0;0;308;226;73;0.99;0
1208684;536;1;13;6;7;5;2;55;6;0;1;383;303;79;0.94;0
1208687;533;8;22;15;7;3;2;53;1;0;1;481;417;87;3.49;-2
1208687;720;2;8;5;3;6;1;47;2;0;3;428;363;85;0.52;-2
1208683;530;5;17;7;10;10;2;53;2;0;1;461;395;86;1.29;0
1208683;798;1;10;5;5;4;0;47;3;0;3;415;348;84;0.48;0
1212931;540;2;5;3;2;1;0;24;2;0;7;242;187;77;0.31;0
1212931;541;7;21;14;7;8;1;76;0;0;1;793;725;91;1.33;0
1208691;529;4;11;7;4;5;2;71;5;0;0;625;554;89;0.98;0
1208691;542;0;3;2;1;2;11;29;2;0;3;251;179;71;0.09;0
1208690;532;5;8;8;0;5;2;46;1;0;1;449;373;83;1.47;0
1208690;538;2;3;2;1;2;2;54;2;0;3;519;427;82;0.46;0
1208686;727;4;11;6;5;3;1;37;3;0;2;318;248;78;0.65;-1
1208686;548;3;13;11;2;5;1;63;3;0;2;531;452;85;1.75;-1
1208689;543;6;10;7;3;3;3;52;3;0;2;442;350;79;1.12;0
1208689;531;4;12;9;3;7;2;48;1;0;4;394;306;78;1.52;0
1208685;547;4;12;11;1;11;6;47;2;0;1;426;368;86;2.03;0
1208685;534;2;10;7;3;3;3;53;2;0;3;497;421;85;1.29;0
1208694;728;6;20;11;9;4;0;69;2;0;3;571;491;86;2.53;0
1208694;720;3;8;5;3;2;1;31;2;0;4;259;168;65;0.42;0
1208699;538;6;14;8;6;4;2;55;3;0;3;558;477;85;2.26;0
1208699;543;5;12;9;3;7;3;45;5;0;3;446;370;83;1.29;0
1208692;531;8;23;17;6;11;0;45;0;0;1;392;322;82;3.64;1
1208692;547;1;3;1;2;2;2;55;4;0;5;521;455;87;0.06;1
1208695;534;4;20;16;4;6;0;57;6;0;2;471;389;83;1.44;0
1208695;533;4;9;8;1;5;5;43;3;0;3;366;286;78;0.89;0
1208697;541;9;23;11;12;6;2;60;1;0;0;664;617;93;1.69;0
1208697;530;1;10;6;4;1;1;40;3;0;8;440;380;86;1.54;0
1208696;542;4;12;12;0;8;3;66;2;0;2;437;319;73;1.43;0
1208696;546;3;4;2;2;3;2;34;6;0;4;226;117;52;0.87;0
1208700;532;4;19;11;8;9;1;44;1;0;4;362;281;78;1.92;0
1208700;537;4;12;4;8;3;2;56;1;0;2;475;406;85;0.46;0
1212932;548;3;13;9;4;6;0;70;1;0;0;553;463;84;1.67;0
1212932;540;1;4;3;1;0;3;30;2;0;3;246;167;68;0.87;0
1208698;536;4;8;6;2;5;3;40;5;0;2;342;282;82;0.79;0
1208698;529;6;10;7;3;6;1;60;2;1;3;508;436;86;1.93;0
1208693;798;2;10;8;2;7;3;46;1;0;3;345;283;82;1.24;0
1208693;727;4;19;12;7;11;0;54;4;0;1;397;324;82;1.5;0
1208705;547;4;14;9;5;3;2;71;2;1;4;557;474;85;0.8;0
1208705;546;6;10;5;5;3;4;29;3;0;3;227;153;67;0.62;0
1208709;537;3;8;5;3;3;3;42;4;1;4;283;198;70;1.81;0
1208709;542;7;16;10;6;2;0;58;5;0;0;396;310;78;1.77;0
1208704;727;4;11;9;2;6;1;46;3;0;4;379;320;84;1.88;0
1208704;541;6;17;10;7;2;2;54;1;1;3;475;418;88;1.38;0
1208701;530;3;9;8;1;2;1;33;3;1;3;314;247;79;0.55;0
1208701;538;4;11;6;5;7;1;67;5;0;2;643;582;91;1.75;0
1208707;533;4;13;8;5;4;3;50;0;0;2;528;459;87;1.41;0
1208707;532;3;12;6;6;5;0;50;5;0;3;523;465;89;1.07;0
1212933;540;4;12;4;8;2;3;38;1;0;3;294;202;69;0.72;0
1212933;531;4;14;10;4;7;1;62;1;0;3;464;383;83;1.07;0
1208706;720;2;7;6;1;3;3;52;4;0;2;539;469;87;0.47;0
1208706;536;6;11;6;5;2;0;48;2;0;1;499;425;85;1.06;0
1208708;798;5;14;10;4;3;4;49;1;0;3;411;336;82;1.68;0
1208708;534;4;9;6;3;5;3;51;4;0;3;429;350;82;0.96;0
1208703;543;8;24;13;11;5;0;69;0;0;0;596;531;89;2.31;0
1208703;548;1;5;2;3;5;2;31;2;2;5;265;176;66;0.36;0
1208702;529;5;14;14;0;4;2;60;2;0;4;542;470;87;2.53;0
1208702;728;4;9;8;1;5;5;40;3;0;5;353;282;80;0.99;0
1208711;538;5;12;11;1;5;2;46;1;0;1;460;405;88;1.96;1
1208711;727;1;18;13;5;4;1;54;0;0;4;532;451;85;1.21;1
1212934;542;5;15;10;5;7;3;62;2;0;1;474;368;78;1.77;1
1212934;540;2;9;5;4;0;0;38;2;0;4;299;208;70;0.37;1
1208712;728;5;10;7;3;3;0;51;1;1;4;414;339;82;0.63;0
1208712;533;5;10;8;2;5;0;49;4;0;5;396;309;78;0.56;0
1208713;532;2;18;10;8;7;0;49;1;0;0;525;482;92;0.86;0
1208713;530;3;11;8;3;0;2;51;3;0;2;578;507;88;1.28;0
1208714;534;2;10;6;4;5;6;30;1;0;3;267;184;69;0.47;0
1208714;529;5;15;11;4;3;1;70;1;0;2;666;587;88;1.47;0
1208710;531;16;29;22;7;4;2;57;2;0;2;418;367;88;3.8;-1
1208710;720;3;5;2;3;4;2;43;3;1;9;328;259;79;0.45;-1
1208716;541;5;22;12;10;11;0;63;0;0;2;676;634;94;2.18;0
1208716;547;2;6;5;1;5;2;37;2;0;3;385;350;91;0.45;0
1208715;546;4;10;5;5;2;2;49;3;1;5;370;259;70;1.13;0
1208715;543;6;13;10;3;5;3;51;0;1;3;386;277;72;2.04;0
1208718;548;5;12;7;5;3;1;56;3;0;2;468;392;84;0.75;-2
1208718;537;2;8;5;3;3;7;44;3;0;2;381;304;80;0.23;-2
1208717;536;4;19;12;7;4;0;54;1;0;1;451;365;81;1.29;0
1208717;798;2;13;12;1;4;0;46;3;0;2;391;304;78;2.28;0
1208726;720;7;23;15;8;13;3;65;2;0;2;531;455;86;1.99;0
1208726;534;3;4;1;3;4;0;35;1;1;6;302;221;73;0.18;0
1208724;547;6;9;5;4;4;6;51;0;0;4;474;416;88;0.71;0
1208724;538;6;10;8;2;2;2;49;0;0;4;470;412;88;1.85;0
1208722;728;8;20;13;7;6;0;64;1;0;3;524;434;83;2.58;1
1208722;536;5;10;6;4;6;0;36;0;0;7;286;210;73;0.57;1
1208720;543;3;18;10;8;9;0;42;3;0;1;388;340;88;2.39;0
1208720;541;2;9;5;4;2;0;58;4;0;1;551;473;86;1.13;0
1208723;530;4;12;10;2;6;4;51;2;0;3;487;406;83;2.25;0
1208723;531;3;15;11;4;2;0;49;3;0;3;480;401;84;1.12;0
1208725;537;1;6;5;1;2;1;59;1;0;0;426;322;76;0.94;0
1208725;546;0;9;4;5;6;1;41;1;0;0;272;169;62;0.33;0
1208719;529;10;33;22;11;12;0;76;0;0;0;746;681;91;2.85;-1
1208719;548;0;0;0;0;0;3;24;0;1;6;228;164;72;0.0;-1
1208727;798;4;15;10;5;3;0;44;0;0;6;321;248;77;1.18;0
1208727;542;7;19;14;5;9;1;56;2;0;3;406;315;78;1.71;0
1208721;727;5;11;7;4;3;4;51;2;0;2;452;380;84;1.52;-1
1208721;532;5;12;6;6;3;4;49;1;0;2;445;379;85;1.73;-1
1208731;538;4;7;6;1;2;1;56;3;0;5;588;507;86;0.98;0
1208731;537;6;12;8;4;5;3;44;2;0;2;444;367;83;1.06;0
1208734;542;3;5;3;2;1;0;31;4;2;2;236;162;69;1.07;0
1208734;533;2;24;13;11;6;0;69;1;0;2;533;463;87;2.85;0
1208733;532;4;17;14;3;5;2;62;1;0;3;507;437;86;1.91;0
1208733;720;4;11;9;2;4;0;38;3;0;2;303;237;78;0.89;0
1208735;546;3;11;7;4;4;2;39;6;0;1;315;235;75;1.19;0
1208735;530;2;4;4;0;4;4;61;2;1;1;511;431;84;0.97;0
1208736;541;5;10;9;1;4;3;46;3;0;5;465;410;88;1.6;0
1208736;728;6;20;12;8;6;1;54;1;0;3;544;490;90;1.02;0
1208728;531;2;8;4;4;3;1;56;1;0;1;431;348;81;0.56;0
1208728;798;2;9;6;3;3;2;44;3;0;1;346;260;75;0.58;0
1208730;543;6;14;7;7;11;2;67;2;0;1;582;511;88;2.31;0
1208730;534;1;8;6;2;1;1;33;8;1;5;285;212;74;0.63;0
1208732;548;2;7;4;3;6;1;61;2;0;3;526;441;84;0.75;0
1208732;536;4;9;7;2;3;3;39;1;0;2;344;274;80;0.58;0
1212936;540;4;7;3;4;4;0;33;3;0;3;291;237;81;0.27;0
1212936;547;4;18;12;6;9;1;67;3;0;3;578;523;90;1.56;0
1208745;534;7;14;11;3;4;1;61;5;0;1;438;350;80;1.77;0
1208745;542;3;9;5;4;5;3;39;4;0;4;292;198;68;1.49;0
1208742;720;2;5;3;2;3;2;39;3;0;0;364;282;77;0.67;0
1208742;538;1;10;7;3;4;2;61;3;0;2;567;498;88;1.58;0
1212937;798;7;20;15;5;6;3;62;0;0;0;440;378;86;2.69;0
1212937;540;0;2;1;1;2;0;38;2;0;5;275;203;74;0.22;0
1208744;533;10;23;15;8;11;1;46;2;0;3;465;405;87;1.64;0
1208744;541;5;9;5;4;4;3;54;1;0;9;597;527;88;1.01;0
1208738;547;4;14;9;5;9;2;56;2;0;1;515;439;85;0.93;0
1208738;532;2;12;7;5;4;2;44;1;0;3;403;331;82;1.13;0
1208741;537;4;10;7;3;3;4;35;2;0;3;295;224;76;1.04;0
1208741;543;6;21;15;6;7;1;65;1;0;2;548;464;85;2.69;0
1208740;536;4;11;5;6;4;1;61;4;0;3;508;417;82;0.46;0
1208740;531;4;9;5;4;6;3;39;2;0;4;308;228;74;1.3;0
1208743;727;4;12;11;1;3;2;62;2;0;1;452;377;83;1.64;0
1208743;546;4;7;5;2;2;2;38;4;1;3;286;208;73;0.51;0
1208739;728;5;10;3;7;4;2;55;3;0;2;450;358;80;0.56;-1
1208739;548;4;8;3;5;4;5;45;2;0;3;362;270;75;0.57;-1
1208737;530;2;7;4;3;6;2;34;1;0;2;320;244;76;1.36;0
1208737;529;6;13;7;6;6;0;66;3;0;0;639;575;90;1.26;0
1208729;529;5;19;12;7;8;2;74;1;0;0;746;674;90;3.19;-1
1208729;727;0;4;4;0;4;4;26;3;0;2;257;179;70;0.4;-1
1208751;548;2;12;8;4;3;2;55;2;0;4;471;410;87;0.72;-1
1208751;720;5;12;8;4;6;1;45;3;0;0;369;293;79;0.72;-1
1212938;540;1;8;4;4;4;0;39;2;0;1;398;327;82;0.94;0
1212938;530;2;13;6;7;3;5;61;1;0;0;626;545;87;0.64;0
1208752;542;4;12;8;4;8;1;56;3;0;3;421;318;76;1.58;1
1208752;728;5;11;5;6;5;3;44;5;0;3;352;241;68;0.57;1
1208754;541;10;24;13;11;8;2;71;1;0;2;606;554;91;2.87;0
1208754;537;4;10;6;4;3;0;29;4;0;6;248;184;74;2.87;0
1208750;546;4;11;7;4;3;2;55;1;0;1;433;322;74;1.04;0
1208750;533;3;9;5;4;1;3;45;4;0;3;361;253;70;1.26;0
1208747;529;9;21;15;6;10;1;69;0;0;1;642;567;88;2.63;0
1208747;547;2;4;4;0;2;2;31;1;0;6;278;208;75;0.49;0
1208746;531;5;11;6;5;3;2;62;1;0;2;537;461;86;0.7;1
1208746;727;2;5;4;1;4;1;38;1;0;5;333;248;74;0.36;1
1208753;532;2;8;3;5;4;2;44;4;0;2;340;281;83;0.69;0
1208753;798;2;8;3;5;5;1;56;4;0;1;430;352;82;0.6;0
1208748;543;3;11;4;7;2;1;56;3;0;1;502;433;86;1.07;0
1208748;536;2;6;5;1;2;1;44;3;0;1;394;314;80;0.7;0
1208749;538;7;20;11;9;4;4;61;3;0;1;638;559;88;0.98;0
1208749;534;2;4;2;2;2;3;39;0;0;5;412;325;79;0.33;0
1212939;728;5;16;9;7;8;1;70;2;0;3;551;488;89;0.67;0
1212939;540;7;15;11;4;4;0;30;2;0;5;242;172;71;3.27;0
1208763;547;1;16;13;3;5;0;64;1;0;3;478;423;88;1.42;0
1208763;542;4;9;6;3;3;1;36;5;0;1;280;218;78;0.8;0
1208756;541;9;21;15;6;9;6;65;0;0;0;621;565;91;3.47;2
1208756;532;2;10;6;4;4;1;35;4;0;8;340;261;77;0.78;2
1208761;798;2;7;6;1;4;3;44;3;0;2;376;306;81;0.5;0
1208761;538;4;10;5;5;2;0;56;0;0;1;488;419;86;0.82;0
1208755;529;5;13;8;5;9;2;74;2;0;1;730;663;91;1.31;0
1208755;543;2;6;3;3;3;3;26;1;0;4;254;177;70;0.31;0
1208757;534;5;13;9;4;5;5;52;0;0;5;387;299;77;1.97;0
1208757;548;8;13;10;3;4;1;48;2;0;4;378;306;81;2.5;0
1208760;536;6;11;7;4;7;0;44;1;0;3;429;361;84;0.73;0
1208760;530;5;13;9;4;7;0;56;4;0;4;540;474;88;1.26;0
1208762;720;0;5;3;2;3;1;50;3;1;4;418;352;84;0.61;0
1208762;546;9;16;10;6;4;2;50;1;0;0;428;353;82;1.96;0
1208759;533;4;12;8;4;6;1;57;0;1;2;498;416;84;2.08;0
1208759;531;2;11;7;4;5;1;43;1;0;4;375;311;83;0.73;0
1208758;537;7;13;7;6;4;3;56;3;0;5;409;337;82;1.76;1
1208758;727;6;13;12;1;8;1;44;3;0;6;323;245;76;2.23;1
1208772;532;6;8;7;1;3;2;52;3;0;5;448;361;81;1.25;1
1208772;536;5;12;4;8;3;3;48;2;0;5;423;364;86;0.81;1
1208771;548;4;15;11;4;8;1;65;3;0;1;520;438;84;0.7;0
1208771;798;3;7;7;0;2;2;35;1;0;4;282;204;72;0.52;0
1208767;546;6;11;5;6;3;1;41;0;1;2;303;220;73;1.67;1
1208767;534;5;10;6;4;2;2;59;2;0;5;430;350;81;1.3;1
1212940;538;6;16;11;5;13;0;65;2;0;1;591;511;86;0.91;1
1212940;540;3;5;4;1;5;1;35;2;0;6;330;267;81;1.21;1
1208769;537;1;6;4;2;4;4;34;2;0;4;302;223;74;0.72;0
1208769;529;3;12;10;2;8;3;66;1;0;1;600;527;88;1.35;0
1208770;727;6;13;10;3;4;1;32;2;0;7;254;200;79;1.43;0
1208770;547;8;18;8;10;4;2;68;1;0;4;572;514;90;0.93;0
1208768;542;6;13;8;5;4;1;56;4;1;2;503;448;89;0.6;0
1208768;541;4;11;7;4;4;0;44;4;1;6;404;345;85;0.91;0
1208766;543;5;24;15;9;5;1;68;0;0;0;618;552;89;1.46;0
1208766;533;2;8;6;2;5;1;32;4;0;4;292;219;75;1.45;0
1208764;531;4;13;9;4;7;3;54;4;0;2;430;344;80;1.63;-1
1208764;728;3;11;8;3;1;2;46;3;0;1;372;286;77;1.63;-1
1208765;530;9;24;14;10;5;2;54;1;0;1;595;543;91;3.62;0
1208765;720;3;6;4;2;1;0;46;1;0;5;513;453;88;1.33;0
1212941;540;3;9;7;2;6;4;63;0;0;4;406;319;79;0.37;0
1212941;546;4;9;8;1;8;3;37;2;1;2;227;147;65;0.47;0
1208774;728;4;11;4;7;5;2;57;3;0;2;444;369;83;0.56;0
1208774;532;3;10;8;2;2;1;43;1;0;4;350;275;79;1.94;0
1208773;529;6;18;10;8;4;0;72;2;0;5;754;676;90;2.46;-2
1208773;538;8;11;11;0;1;0;28;2;0;2;286;212;74;1.97;-2
1208781;798;1;11;8;3;4;1;55;2;0;1;401;318;79;0.96;0
1208781;537;1;15;10;5;4;0;45;1;0;1;323;242;75;0.88;0
1208776;534;2;8;4;4;4;0;41;3;0;2;379;302;80;0.61;0
1208776;530;2;7;7;0;4;1;59;1;0;1;544;453;83;0.8;0
1208778;720;5;12;8;4;5;1;50;1;0;4;492;427;87;1.91;0
1208778;727;6;11;6;5;2;0;50;1;0;3;508;434;85;2.35;0
1208779;533;5;20;17;3;10;2;58;4;0;2;507;426;84;1.94;0
1208779;548;4;4;4;0;4;1;42;1;0;3;381;319;84;2.02;0
1208780;536;2;10;9;1;3;1;44;2;0;2;347;269;78;1.72;0
1208780;542;3;11;8;3;6;2;56;2;0;1;454;372;82;1.02;0
1208775;541;7;22;15;7;14;1;73;1;0;1;661;604;91;1.51;0
1208775;531;1;3;2;1;1;0;27;2;0;6;240;168;70;0.19;0
1208777;547;5;11;7;4;8;5;61;3;0;6;501;441;88;0.91;0
1208777;543;9;17;15;2;9;0;39;2;0;3;333;278;83;1.54;0
1212942;532;7;16;12;4;6;1;67;2;0;2;629;564;90;0.94;1
1212942;540;3;8;7;1;4;1;33;1;0;6;320;248;78;0.34;1
1208784;529;12;40;26;14;13;1;78;0;0;0;744;671;90;3.45;1
1208784;798;0;4;4;0;2;3;22;1;0;12;202;124;61;0.25;1
1208782;531;4;13;9;4;3;4;49;1;0;2;434;349;80;2.11;0
1208782;534;2;10;6;4;3;2;51;3;0;3;458;369;81;1.05;0
1208786;538;9;21;13;8;6;2;61;2;0;1;613;549;90;3.09;0
1208786;533;1;4;4;0;3;3;39;1;1;6;388;320;82;0.39;0
1208789;542;1;10;6;4;6;1;37;4;0;1;280;175;63;0.57;0
1208789;548;0;6;3;3;6;3;63;5;0;0;474;384;81;0.85;0
1208787;546;6;20;15;5;4;1;37;3;0;5;306;232;76;2.36;1
1208787;541;7;14;10;4;4;3;63;1;0;6;545;466;86;1.5;1
1208790;537;1;7;3;4;4;1;32;4;1;1;253;188;74;0.36;0
1208790;547;3;8;6;2;5;4;68;2;0;0;543;480;88;0.56;0
1208788;727;2;9;4;5;4;2;58;4;0;3;487;432;89;0.35;0
1208788;536;3;12;9;3;4;1;42;2;1;1;358;290;81;0.76;0
1208783;530;5;10;8;2;6;2;42;0;0;5;407;347;85;2.53;0
1208783;728;5;12;5;7;3;3;58;2;0;2;572;523;91;0.73;0
1208785;543;6;16;13;3;4;1;69;1;0;5;641;564;88;1.81;-2
1208785;720;5;10;4;6;4;4;31;0;0;1;276;214;78;0.8;-2
1212935;533;5;14;10;4;8;1;45;4;0;2;341;281;82;1.48;0
1212935;540;1;12;6;6;6;0;55;0;0;4;430;375;87;0.97;0
1208797;728;8;13;7;6;7;2;59;3;0;1;385;271;70;1.37;0
1208797;546;1;12;6;6;3;4;41;2;1;7;270;146;54;0.84;0
1208793;542;2;8;8;0;3;1;35;3;0;2;271;182;67;0.5;0
1208793;530;2;9;6;3;5;0;65;2;0;2;496;410;83;0.54;0
1208798;533;5;15;12;3;2;3;44;4;0;3;390;331;85;2.27;-1
1208798;727;4;11;7;4;8;2;56;1;0;1;476;404;85;1.26;-1
1208792;534;3;15;12;3;9;1;53;1;0;3;399;319;80;1.71;0
1208792;532;5;10;5;5;5;3;47;1;0;1;378;296;78;1.35;0
1208795;720;4;5;5;0;4;3;19;3;0;4;156;97;62;0.59;0
1208795;529;7;24;15;9;8;1;81;2;0;3;704;636;90;2.06;0
1208796;541;6;17;12;5;4;0;54;2;0;5;605;559;92;2.12;0
1208796;538;7;14;9;5;6;1;46;1;0;4;518;457;88;1.85;0
1208799;536;7;25;15;10;8;2;57;4;0;1;405;318;79;2.76;0
1208799;537;3;9;4;5;2;1;43;5;0;5;320;227;71;1.04;0
1212943;540;5;11;5;6;3;5;37;2;0;8;325;274;84;1.28;0
1212943;543;10;20;13;7;7;1;63;0;0;4;558;497;89;1.12;0
1208794;548;3;12;9;3;7;3;59;1;0;1;505;407;81;0.92;0
1208794;531;1;3;2;1;3;1;41;2;0;3;353;260;74;0.17;0
1208791;547;6;13;8;5;5;1;47;0;0;1;454;383;84;1.56;0
1208791;798;1;9;5;4;2;1;53;2;0;5;500;437;87;0.54;0
1208806;534;2;11;8;3;8;0;41;2;0;4;315;222;70;0.68;0
1208806;728;5;16;11;5;8;2;59;3;0;2;487;395;81;1.24;0
1208807;532;6;10;8;2;2;0;59;3;0;3;402;336;84;2.72;0
1208807;546;3;10;7;3;6;5;41;5;0;3;261;193;74;0.53;0
1208803;538;4;8;5;3;3;1;50;0;1;8;470;408;87;0.71;0
1208803;536;10;19;13;6;6;3;50;2;0;1;460;384;83;2.31;0
1208804;547;0;7;4;3;5;0;55;2;0;4;541;489;90;0.25;0
1208804;533;5;14;9;5;3;1;45;3;0;0;461;406;88;2.14;0
1208805;798;4;12;8;4;5;1;61;2;0;6;451;383;85;1.11;0
1208805;720;7;16;10;6;10;2;39;1;0;2;288;232;81;1.85;0
1208800;530;7;13;8;5;3;3;61;0;0;1;662;605;91;1.33;0
1208800;548;1;6;2;4;3;1;39;1;0;3;415;365;88;0.49;0
1212944;537;5;13;8;5;3;1;50;2;0;4;342;271;79;1.51;-1
1212944;540;6;12;10;2;8;1;50;2;0;3;341;247;72;1.19;-1
1208801;529;9;23;15;8;10;1;62;4;0;2;479;418;87;4.26;0
1208801;541;5;9;7;2;2;5;38;3;0;5;296;238;80;2.74;0
1208808;531;3;11;7;4;9;0;60;1;0;1;445;365;82;1.19;0
1208808;542;1;3;3;0;2;2;40;1;0;3;302;183;61;0.78;0
1208802;543;5;10;3;7;6;2;58;3;0;4;488;435;89;0.39;0
1208802;727;5;16;14;2;7;2;42;2;0;4;342;276;81;2.23;0
1208814;720;4;11;6;5;6;1;47;0;0;4;428;373;87;0.91;0
1208814;547;5;13;9;4;4;1;53;0;0;4;483;425;88;1.39;0
1208813;548;5;15;13;2;14;5;61;3;0;1;476;399;84;1.73;0
1208813;538;2;6;5;1;1;3;39;1;0;4;324;239;74;1.1;0
1208816;536;3;10;7;3;4;1;46;6;0;3;343;266;78;1.07;0
1208816;534;3;14;1;13;2;1;54;6;0;3;429;345;80;0.45;0
1208817;533;7;17;13;4;3;2;38;1;0;6;348;288;83;1.88;0
1208817;537;6;23;8;15;6;0;62;1;0;4;563;513;91;1.05;0
1208809;542;5;11;7;4;9;2;42;4;0;3;337;246;73;1.81;1
1208809;532;3;10;8;2;4;2;58;3;0;5;475;393;83;0.61;1
1208815;541;13;39;20;19;26;1;72;0;0;1;662;609;92;2.56;0
1208815;798;2;4;3;1;0;1;28;3;0;10;282;216;77;0.49;0
1208811;727;3;9;6;3;3;1;35;1;0;5;294;222;76;0.58;0
1208811;530;5;9;7;2;5;4;65;1;0;1;551;488;89;1.36;0
1208812;728;6;20;6;14;10;3;53;1;0;1;416;337;81;1.19;0
1208812;543;3;10;4;6;7;0;47;3;0;4;381;304;80;1.17;0
1212945;540;1;9;7;2;3;5;25;4;1;2;229;156;68;1.39;0
1212945;529;4;12;6;6;3;0;75;1;0;1;739;661;89;0.63;0
1208810;546;1;11;6;5;2;1;34;1;0;0;235;127;54;0.41;0
1208810;531;2;9;7;2;5;2;66;0;0;1;459;362;79;0.86;0
1208819;529;9;24;10;14;11;2;69;2;0;0;687;632;92;1.37;0
1208819;533;3;7;7;0;3;1;31;0;0;7;302;236;78;1.75;0
1208818;530;11;20;17;3;7;2;45;1;0;6;473;404;85;4.86;1
1208818;543;7;12;7;5;4;1;55;1;0;7;593;527;89;0.92;1
1208821;532;2;6;6;0;5;1;56;3;0;3;544;448;82;0.48;0
1208821;531;4;10;5;5;3;5;44;1;0;2;434;361;83;1.37;0
1208826;534;3;12;7;5;9;0;71;2;0;3;543;457;84;0.63;0
1208826;537;4;11;6;5;2;3;29;2;0;3;232;157;68;1.56;0
1208824;536;1;6;3;3;1;1;37;0;2;4;344;281;82;0.51;0
1208824;541;6;16;6;10;7;1;63;1;0;1;572;519;91;2.02;0
1208820;538;7;24;16;8;9;2;62;2;0;0;482;418;87;2.64;0
1208820;728;2;7;3;4;2;3;38;3;0;5;293;232;79;1.03;0
1208823;548;9;15;10;5;9;0;54;1;0;3;474;413;87;1.92;0
1208823;547;5;9;5;4;2;5;46;3;0;4;409;342;84;2.15;0
1208825;720;1;7;7;0;5;2;50;0;0;3;330;246;75;1.45;0
1208825;542;4;14;8;6;9;0;50;2;0;1;343;241;70;1.3;0
1212946;727;3;16;11;5;8;1;47;1;0;6;350;282;81;1.25;-1
1212946;540;6;16;8;8;6;2;53;1;0;2;413;350;85;0.79;-1
1208822;798;1;7;5;2;3;1;73;2;0;2;595;499;84;0.42;0
1208822;546;4;10;8;2;4;0;27;2;0;0;221;141;64;1.61;0
1208828;543;4;14;10;4;3;4;48;1;0;1;488;422;86;0.93;0
1208828;532;2;9;6;3;2;3;52;3;0;3;539;453;84;0.77;0
1208829;541;8;16;10;6;11;3;62;0;0;1;715;661;92;2.58;0
1208829;548;1;9;7;2;4;1;38;0;0;6;435;388;89;0.77;0
1208831;537;6;16;8;8;3;2;55;0;0;2;462;405;88;2.13;0
1208831;720;2;6;2;4;4;0;45;1;0;3;388;319;82;0.39;0
1212947;540;3;8;5;3;3;1;44;3;0;4;376;302;80;1.86;0
1212947;534;4;10;5;5;6;2;56;2;0;1;491;417;85;0.49;0
1208830;542;5;14;6;8;5;3;47;2;0;4;356;273;77;1.96;0
1208830;727;5;19;16;3;9;2;53;2;0;4;390;317;81;1.66;0
1208833;546;1;6;4;2;2;3;35;3;1;6;310;235;76;0.46;0
1208833;538;8;15;9;6;6;1;65;4;0;0;581;511;88;1.47;0
1208834;728;8;27;17;10;11;3;57;2;0;2;487;396;81;2.11;1
1208834;798;2;9;5;4;2;3;43;2;0;8;378;290;77;0.66;1
1208832;547;1;2;1;1;1;0;44;0;0;8;420;358;85;0.05;0
1208832;530;11;19;12;7;8;2;56;0;0;1;555;495;89;2.74;0
1208835;533;7;12;8;4;3;0;51;0;0;4;519;462;89;1.06;-1
1208835;536;6;17;12;5;5;3;49;1;0;3;487;435;89;1.51;-1
1208827;531;1;9;6;3;2;6;24;1;0;1;217;168;77;1.2;0
1208827;529;4;13;9;4;6;1;76;0;0;2;719;663;92;3.49;0
1390824;547;2;7;3;4;2;1;44;0;1;2;382;296;77;0.56;0
1390824;728;5;16;12;4;4;1;56;1;0;1;481;415;86;3.43;0
1390828;533;10;25;17;8;10;0;68;1;0;4;668;612;92;2.44;0
1390828;718;4;5;3;2;1;1;32;2;1;8;326;267;82;0.93;0
1390825;798;1;4;3;1;3;2;29;4;2;5;225;154;68;0.21;0
1390825;529;8;24;11;13;6;3;71;1;0;1;569;505;89;2.13;0
1390827;532;2;18;11;7;8;1;54;1;0;2;395;341;86;2.04;0
1390827;548;3;13;6;7;7;2;46;2;0;1;340;294;86;0.81;0
1390819;542;4;15;10;5;10;1;62;0;0;2;471;382;81;1.29;0
1390819;539;3;7;4;3;1;3;38;1;0;2;296;199;67;0.87;0
1390821;538;3;11;6;5;9;2;69;3;0;1;571;501;88;0.73;0
1390821;546;3;10;6;4;3;0;31;2;0;4;257;187;73;1.43;0
1390820;531;3;14;11;3;10;0;46;0;0;4;387;302;78;2.89;0
1390820;536;6;12;10;2;1;8;54;2;0;0;477;396;83;1.01;0
1390823;540;5;9;6;3;1;0;40;3;0;3;394;323;82;1.26;0
1390823;530;4;15;9;6;3;1;60;3;0;3;618;551;89;1.1;0
1390822;797;2;6;3;3;1;4;68;0;0;3;683;617;90;0.64;0
1390822;543;4;12;6;6;3;0;32;1;0;1;323;262;81;1.86;0
1390826;541;5;18;11;7;7;0;71;1;0;0;721;659;91;1.64;0
1390826;727;0;2;2;0;0;0;29;0;1;4;299;228;76;0.36;0
1390831;543;5;16;10;6;5;2;49;2;0;5;470;406;86;1.95;0
1390831;542;5;11;6;5;2;3;51;3;0;5;485;400;82;1.12;0
1390833;798;4;12;8;4;3;1;50;3;0;1;433;372;86;0.68;0
1390833;538;2;8;3;5;4;1;50;3;0;3;445;385;87;0.74;0
1390830;530;6;13;7;6;10;3;58;0;0;1;545;465;85;1.74;0
1390830;797;2;6;5;1;2;0;42;3;0;5;413;335;81;0.57;0
1390832;539;5;8;8;0;0;6;18;3;0;9;160;93;58;2.14;0
1390832;529;10;26;16;10;11;0;82;1;0;3;761;699;92;1.93;0
1390834;727;4;16;9;7;3;2;56;2;0;1;464;382;82;0.83;0
1390834;532;1;4;1;3;4;1;44;1;1;3;370;296;80;0.41;0
1390838;533;7;19;13;6;8;3;53;1;0;2;517;467;90;2.3;-3
1390838;547;2;5;3;2;1;0;47;2;0;2;470;426;91;0.14;-3
1390835;548;7;15;11;4;5;1;62;2;0;1;498;433;87;1.09;0
1390835;540;3;14;5;9;2;1;38;2;0;5;305;215;70;1.81;0
1390836;718;3;6;3;3;1;2;35;2;0;8;376;314;84;0.5;0
1390836;541;10;26;14;12;9;2;65;1;0;3;699;644;92;2.68;0
1390829;531;4;11;5;6;3;0;41;0;0;1;334;253;76;1.51;0
1390829;728;1;6;2;4;6;7;59;4;0;3;498;413;83;0.29;0
1390837;536;3;12;8;4;5;4;71;2;0;4;533;453;85;0.51;0
1390837;546;6;9;3;6;3;1;29;2;0;3;221;132;60;0.71;0
1390871;538;5;14;10;4;10;5;47;1;0;0;496;441;89;0.83;0
1390871;543;2;7;3;4;4;2;53;2;0;4;568;513;90;0.33;0
1390842;797;5;16;13;3;4;1;67;1;0;1;568;503;89;1.11;0
1390842;539;1;11;5;6;2;1;33;2;0;3;272;216;79;1.01;0
1390848;532;4;7;5;2;8;0;57;2;0;1;408;332;81;1.13;-1
1390848;546;1;11;7;4;6;5;43;0;0;1;296;238;80;0.66;-1
1390839;542;2;5;3;2;1;0;40;2;0;5;377;301;80;0.92;0
1390839;530;6;15;12;3;6;1;60;3;0;1;548;464;85;1.09;0
1390847;718;1;8;4;4;1;2;43;2;0;6;408;336;82;0.45;0
1390847;548;6;18;9;9;10;1;57;1;0;0;526;446;85;1.1;0
1390844;547;5;20;12;8;11;2;59;0;0;2;427;358;84;2.12;1
1390844;536;4;13;10;3;3;0;41;1;0;5;322;254;79;1.26;1
1390846;541;7;17;7;10;4;3;58;2;0;2;538;481;89;1.82;0
1390846;798;5;9;8;1;5;1;42;0;0;5;382;302;79;0.72;0
1390841;538;2;10;6;4;1;0;65;1;0;2;742;656;88;0.96;0
1390841;533;3;8;5;3;5;0;35;1;0;2;394;320;81;1.04;0
1390840;543;2;9;6;3;4;3;50;1;0;5;454;373;82;0.62;0
1390840;531;6;15;9;6;10;2;50;4;1;1;440;376;85;1.11;0
1390843;540;4;10;7;3;2;2;45;2;0;3;408;320;78;1.21;0
1390843;727;3;10;6;4;3;1;55;3;0;3;493;404;82;1.37;0
1390845;728;6;12;9;3;9;7;43;4;0;2;338;252;75;1.85;0
1390845;529;3;12;8;4;4;2;57;1;0;5;444;364;82;1.83;0
1390858;536;3;7;4;3;2;1;53;4;0;0;392;339;86;0.4;0
1390858;797;2;5;2;3;2;0;47;3;0;1;362;296;82;0.95;0
1390854;546;3;10;6;4;4;1;48;2;0;1;342;268;78;0.75;0
1390854;718;1;5;1;4;3;1;52;5;1;1;373;303;81;0.46;0
1390857;548;4;23;15;8;12;0;64;2;0;4;521;447;86;2.23;0
1390857;541;6;16;14;2;4;2;36;1;1;3;314;241;77;2.42;0
1390849;531;3;12;7;5;6;2;58;2;0;2;461;372;81;1.08;0
1390849;542;2;4;0;4;6;1;42;4;0;3;350;252;72;0.09;0
1390850;530;3;8;5;3;8;1;61;2;0;1;623;559;90;1.01;0
1390850;533;1;8;5;3;3;0;39;4;0;1;395;340;86;1.03;0
1390852;538;7;21;14;7;10;0;60;0;0;7;630;556;88;2.5;1
1390852;547;8;13;10;3;3;3;40;3;0;6;439;362;82;0.64;1
1390855;539;2;5;4;1;4;2;33;4;0;7;268;196;73;0.73;0
1390855;543;9;28;21;7;12;1;67;2;0;0;544;482;89;2.12;0
1390856;727;7;9;6;3;3;0;36;3;0;6;306;231;75;1.59;0
1390856;728;6;19;12;7;6;1;64;2;0;4;539;471;87;1.09;0
1390851;529;10;24;16;8;5;4;72;0;0;1;677;616;91;4.02;-3
1390851;532;1;2;2;0;4;4;28;1;0;5;248;168;68;0.18;-3
1390853;540;3;9;6;3;3;0;38;2;1;8;303;241;80;2.46;0
1390853;798;10;24;14;10;9;2;62;1;0;0;493;424;86;2.23;0
1390861;543;6;21;12;9;3;0;50;3;0;4;491;400;81;2.25;0
1390861;548;5;11;8;3;5;3;50;6;0;4;481;385;80;0.67;0
1390863;547;1;7;5;2;5;0;35;4;2;2;295;248;84;0.5;0
1390863;539;7;14;11;3;4;1;65;3;0;1;575;529;92;2.88;0
1390866;541;5;16;11;5;5;2;72;2;0;1;753;700;93;1.18;0
1390866;540;1;8;5;3;3;0;28;0;0;3;274;229;84;0.96;0
1390868;533;8;26;14;12;7;2;66;2;0;2;502;444;88;2.55;1
1390868;727;3;6;6;0;0;1;34;3;1;6;274;211;77;1.8;1
1390859;542;5;8;4;4;4;3;48;1;0;1;394;307;78;0.95;0
1390859;536;3;9;5;4;4;4;52;7;0;4;423;340;80;0.48;0
1390867;532;5;13;10;3;5;0;44;1;0;6;378;296;78;1.88;0
1390867;531;5;11;7;4;6;1;56;1;1;3;486;404;83;0.49;0
1390865;728;5;15;8;7;5;1;59;1;0;4;533;461;86;1.08;0
1390865;538;5;9;6;3;7;0;41;1;0;4;370;295;80;0.81;0
1390864;798;3;8;3;5;3;0;43;0;0;6;396;328;83;0.6;0
1390864;530;7;12;9;3;6;1;57;0;1;2;550;485;88;2.26;0
1390862;797;5;15;10;5;3;1;61;2;0;4;601;538;90;1.55;0
1390862;718;4;12;8;4;3;1;39;2;0;4;372;306;82;1.09;0
1390860;529;7;16;10;6;3;3;71;2;0;2;738;664;90;1.97;0
1390860;546;2;3;3;0;2;1;29;4;0;4;300;205;68;0.27;0
1390869;531;5;17;14;3;8;0;67;0;0;2;600;524;87;1.46;0
1390869;547;3;6;4;2;1;5;33;2;0;4;305;225;74;0.78;0
1390872;540;10;21;15;6;8;5;56;1;0;0;440;356;81;2.57;0
1390872;532;2;5;4;1;3;2;44;4;0;6;369;281;76;0.74;0
1390878;536;2;16;10;6;3;0;65;2;0;3;599;523;87;0.97;0
1390878;533;5;12;11;1;3;3;35;3;0;1;324;264;81;1.95;0
1390874;539;2;11;8;3;1;0;37;1;0;6;416;365;88;1.6;0
1390874;541;10;24;16;8;7;1;63;1;0;1;696;636;91;3.94;0
1390873;546;1;7;3;4;2;5;46;2;0;4;304;217;71;0.24;0
1390873;542;4;10;6;4;7;6;54;3;0;0;352;259;74;0.57;0
1390870;530;8;20;17;3;8;3;61;3;0;1;579;506;87;3.61;0
1390870;728;3;9;5;4;6;2;39;5;0;5;370;299;81;1.6;0
1390876;548;4;17;12;5;11;2;64;2;0;3;548;449;82;2.76;0
1390876;798;3;7;6;1;2;0;36;2;0;3;310;224;72;0.76;0
1390875;727;2;9;7;2;2;0;40;2;0;3;375;290;77;0.9;0
1390875;797;4;12;7;5;3;0;60;2;0;1;588;504;86;0.82;0
1390877;718;3;7;5;2;6;7;21;1;0;7;194;124;64;1.04;0
1390877;529;10;22;13;9;9;1;79;0;0;2;787;717;91;2.07;0
1390884;547;3;12;7;5;8;1;60;0;0;5;522;455;87;1.08;0
1390884;540;5;20;11;9;4;1;40;1;0;3;338;279;83;1.08;0
1390883;546;4;11;3;8;6;2;54;4;0;2;328;211;64;0.55;0
1390883;539;3;11;7;4;2;2;46;3;0;3;288;169;59;1.24;0
1390879;530;7;13;8;5;7;1;37;5;0;0;306;241;79;2.34;-2
1390879;541;2;6;3;3;2;1;63;4;0;2;538;471;88;0.66;-2
1390885;798;3;12;6;6;4;0;39;2;0;3;327;248;76;0.74;0
1390885;542;3;12;9;3;8;2;61;3;0;1;518;445;86;0.78;0
1390888;533;5;14;10;4;6;7;42;2;0;4;373;302;81;1.22;0
1390888;531;4;16;10;6;5;0;58;0;0;4;506;435;86;1.44;0
1390886;728;6;18;13;5;12;0;64;3;1;0;486;401;83;1.89;1
1390886;536;1;4;2;2;4;1;36;2;0;6;280;193;69;0.63;1
1390882;797;8;17;15;2;7;3;62;3;0;1;574;523;91;3.58;0
1390882;538;2;8;7;1;2;3;38;3;0;6;358;298;83;0.77;0
1390880;529;12;22;14;8;12;3;75;1;0;1;744;684;92;2.22;0
1390880;548;2;7;5;2;1;5;25;2;0;8;250;195;78;0.97;0
1390881;543;6;12;6;6;5;2;51;0;0;1;519;435;84;0.76;0
1390881;727;1;12;9;3;5;2;49;1;0;4;493;420;85;0.7;0
1390887;532;5;16;12;4;5;1;57;1;0;2;541;473;87;1.51;0
1390887;718;4;10;5;5;4;4;43;4;1;4;414;338;82;0.77;0
1390894;727;3;7;6;1;1;3;58;1;0;1;435;316;73;0.43;0
1390894;546;2;6;5;1;6;6;42;4;0;2;319;226;71;0.82;0
1390897;718;2;13;9;4;9;1;57;2;0;3;484;418;86;1.31;0
1390897;539;5;14;9;5;3;2;43;2;0;2;370;298;81;1.94;0
1390893;547;4;4;3;1;0;5;45;5;2;5;387;313;81;1.02;0
1390893;532;6;19;9;10;7;1;55;1;0;2;461;385;84;1.14;0
1390890;531;5;18;10;8;7;0;52;4;0;1;442;380;86;2.05;0
1390890;798;2;6;2;4;2;5;48;6;1;3;416;343;82;0.32;0
1390895;541;7;26;16;10;4;0;70;2;0;1;711;653;92;3.52;0
1390895;533;2;9;3;6;0;0;30;4;1;4;317;256;81;1.0;0
1390889;542;5;25;14;11;14;2;47;3;0;2;395;328;83;2.42;0
1390889;797;3;6;3;3;4;1;53;1;1;2;461;399;87;0.38;0
1390898;536;5;13;12;1;7;10;39;7;0;7;266;205;77;2.8;0
1390898;529;8;17;14;3;6;0;61;5;0;1;427;363;85;2.25;0
1390892;540;5;14;9;5;10;2;50;2;0;1;449;374;83;2.28;1
1390892;543;3;12;7;5;5;1;50;6;0;4;467;386;83;1.4;1
1390896;548;3;10;7;3;7;0;51;1;0;1;421;338;80;0.79;1
1390896;728;2;7;5;2;5;1;49;2;0;3;414;328;79;0.8;1
1390891;538;4;18;9;9;6;2;59;1;0;1;726;659;91;1.92;0
1390891;530;1;6;4;2;3;0;41;3;1;3;501;436;87;0.3;0
1390906;718;4;13;7;6;3;0;61;2;0;8;528;467;88;0.77;0
1390906;540;10;19;15;4;5;2;39;1;0;4;321;263;82;3.74;0
1390907;536;4;13;11;2;9;3;58;2;0;3;413;341;83;1.26;0
1390907;798;6;7;6;1;2;0;42;1;0;3;299;226;76;1.85;0
1390901;529;9;27;15;12;11;1;68;2;0;3;670;615;92;1.61;0
1390901;547;4;11;10;1;5;2;32;2;0;7;309;261;84;1.55;0
1390908;533;3;7;5;2;5;3;40;1;0;1;372;293;79;0.66;-1
1390908;543;3;16;11;5;6;1;60;1;0;2;561;493;88;1.18;-1
1390900;530;9;18;11;7;4;6;59;1;0;2;529;465;88;2.58;1
1390900;727;2;9;6;3;2;1;41;3;0;8;366;296;81;1.14;1
1390903;797;5;15;11;4;6;3;69;2;0;1;596;518;87;1.08;0
1390903;531;1;4;4;0;2;3;31;3;0;5;271;199;73;0.25;0
1390902;538;1;4;2;2;1;1;41;4;1;6;380;290;76;0.95;0
1390902;548;7;17;10;7;10;8;59;3;0;0;518;455;88;1.55;0
1390905;539;4;17;9;8;11;1;54;0;0;1;419;340;81;0.91;0
1390905;728;5;10;7;3;4;0;46;1;0;4;365;300;82;1.55;0
1390904;546;1;7;2;5;1;2;24;4;2;9;194;103;53;0.52;0
1390904;541;10;23;12;11;4;3;76;1;0;1;636;552;87;2.3;0
1390899;542;3;13;10;3;7;3;63;1;0;2;512;430;84;0.74;0
1390899;532;2;5;3;2;0;0;37;2;0;3;309;216;70;0.45;0
1390917;548;3;5;4;1;1;2;40;1;0;0;303;209;69;1.61;0
1390917;536;1;6;2;4;9;1;60;3;0;1;464;358;77;0.23;0
1390912;547;6;8;4;4;11;2;65;4;0;2;551;489;89;2.03;0
1390912;718;5;10;8;2;4;2;35;3;0;3;296;234;79;1.79;0
1390911;540;7;16;10;6;4;0;32;4;0;4;266;201;76;1.93;1
1390911;797;4;13;7;6;2;1;68;2;0;6;598;519;87;0.86;1
1390909;531;4;7;4;3;1;3;57;1;1;3;435;336;77;0.39;0
1390909;546;3;8;5;3;5;4;43;3;0;4;323;203;63;0.93;0
1390918;532;3;15;7;8;7;2;57;2;0;3;540;461;85;0.8;0
1390918;533;5;12;11;1;5;3;43;4;0;3;416;359;86;2.18;0
1390913;798;4;20;13;7;5;3;63;3;0;4;551;470;85;1.58;0
1390913;539;5;13;10;3;4;3;37;2;0;4;331;233;70;2.08;0
1390916;541;10;23;17;6;12;5;32;5;1;4;275;223;81;3.63;2
1390916;529;6;15;6;9;4;2;68;5;1;9;640;574;90;1.03;2
1390914;727;7;17;10;7;5;0;61;3;0;2;555;469;85;2.31;0
1390914;538;5;11;5;6;2;5;39;4;0;5;357;291;82;1.96;0
1390915;728;5;15;8;7;7;2;54;1;0;2;419;340;81;1.18;0
1390915;542;2;12;6;6;5;0;46;3;0;4;358;266;74;0.84;0
1390910;543;5;17;7;10;2;4;57;2;0;2;545;474;87;1.07;1
1390910;530;4;9;5;4;5;4;43;1;0;5;421;341;81;0.6;1
1390923;546;4;12;7;5;8;3;40;1;0;3;247;164;66;0.88;0
1390923;547;4;8;4;4;3;0;60;2;0;2;403;302;75;1.43;0
1390928;533;7;16;11;5;3;1;47;1;0;3;426;371;87;3.02;-1
1390928;728;3;13;7;6;5;0;53;1;0;3;459;396;86;1.02;-1
1390920;530;6;15;12;3;9;0;47;0;0;2;459;392;85;3.53;0
1390920;536;2;10;5;5;4;0;53;3;0;3;531;453;85;0.46;0
1390926;548;5;9;7;2;6;3;51;2;0;2;363;267;74;1.52;0
1390926;531;4;11;8;3;2;1;49;3;0;2;357;276;77;0.83;0
1390925;541;11;21;12;9;7;2;65;1;0;1;715;647;90;2.71;0
1390925;532;1;4;3;1;1;0;35;1;0;7;381;317;83;0.49;0
1390924;539;3;9;8;1;4;0;36;2;1;5;328;256;78;1.2;0
1390924;538;6;20;15;5;4;0;64;3;0;2;609;544;89;2.0;0
1390919;542;4;13;9;4;1;0;54;4;1;1;474;394;83;1.22;0
1390919;540;2;18;12;6;6;0;46;2;0;2;374;303;81;1.06;0
1390921;529;5;17;11;6;6;5;49;0;0;2;413;342;83;1.88;0
1390921;797;3;9;7;2;3;5;51;1;0;2;435;367;84;0.66;0
1390922;543;8;15;9;6;4;1;52;0;0;1;553;483;87;2.36;0
1390922;798;1;14;6;8;5;4;48;3;0;5;483;420;87;0.62;0
1390927;718;2;8;6;2;4;3;53;3;0;5;408;340;83;0.96;0
1390927;727;5;11;8;3;2;0;47;1;0;2;364;312;86;0.82;0
1390932;797;3;12;6;6;1;1;63;1;0;4;579;506;87;0.8;0
1390932;548;5;13;9;4;3;2;37;3;0;2;335;254;76;1.36;0
1390934;547;2;10;6;4;6;1;52;0;0;5;507;445;88;0.85;0
1390934;542;5;14;10;4;1;3;48;3;0;1;463;391;84;1.84;0
1390937;536;4;10;6;4;5;6;47;5;0;3;323;255;79;1.7;0
1390937;727;3;9;6;3;6;0;53;3;0;3;359;287;80;1.29;0
1390930;530;10;25;16;9;21;1;74;3;0;2;630;559;89;2.92;1
1390930;539;3;6;5;1;4;4;26;1;0;8;212;151;71;1.19;1
1390933;540;3;14;8;6;4;2;55;0;0;2;563;499;89;0.5;0
1390933;533;3;9;7;2;2;3;45;2;0;3;483;418;87;1.61;0
1390929;531;7;21;14;7;7;0;48;1;0;2;417;352;84;1.7;0
1390929;718;2;4;3;1;4;4;52;1;0;7;472;386;82;0.22;0
1390936;728;2;13;7;6;5;1;46;3;0;5;368;311;85;1.2;0
1390936;541;5;21;10;11;8;1;54;2;0;2;445;376;84;0.98;0
1390938;532;4;17;12;5;7;4;43;4;0;1;420;354;84;1.94;1
1390938;543;2;9;7;2;2;1;57;4;0;3;566;491;87;1.6;1
1390935;798;4;6;5;1;1;0;39;0;0;2;263;161;61;1.11;0
1390935;546;3;14;6;8;14;1;61;2;0;2;390;298;76;0.75;0
1390931;538;3;5;1;4;2;5;39;1;0;5;450;377;84;0.58;-1
1390931;529;9;21;14;7;5;2;61;5;1;1;720;652;91;3.31;-1
1390947;532;3;14;10;4;7;2;59;4;0;0;525;456;87;1.49;0
1390947;539;0;7;4;3;0;0;41;4;0;2;372;294;79;0.72;0
1390939;542;2;5;4;1;4;4;52;2;0;3;510;432;85;0.67;0
1390939;538;4;7;4;3;2;2;48;2;0;2;499;413;83;1.37;0
1390940;529;7;19;14;5;5;7;68;0;0;2;698;619;89;2.0;-2
1390940;531;2;13;13;0;7;3;32;2;1;3;317;256;81;0.8;-2
1390945;727;4;14;10;4;3;1;46;3;1;6;387;304;79;1.34;0
1390945;548;9;19;8;11;3;3;54;2;0;4;466;390;84;1.63;0
1390948;533;7;14;10;4;3;3;58;2;0;2;516;430;83;2.23;0
1390948;798;3;9;4;5;1;1;42;2;0;5;372;281;76;1.02;0
1390946;718;3;8;5;3;5;2;39;1;1;4;326;262;80;0.43;0
1390946;728;4;12;6;6;6;1;61;2;1;2;515;457;89;1.74;0
1390941;543;7;23;13;10;8;1;54;3;1;3;541;454;84;1.42;0
1390941;547;4;11;6;5;0;4;46;4;0;6;464;399;86;1.46;0
1390944;546;1;9;5;4;6;2;41;2;0;6;300;208;69;0.7;0
1390944;530;6;13;10;3;7;5;59;3;0;1;445;360;81;0.99;0
1390942;797;6;15;8;7;2;1;49;4;1;5;474;406;86;1.44;0
1390942;541;7;20;17;3;8;2;51;1;0;4;489;440;90;3.49;0
1390943;540;5;8;7;1;4;0;33;4;0;5;242;169;70;1.09;0
1390943;536;6;22;16;6;13;1;67;1;0;3;493;415;84;1.82;0
1390952;546;6;15;8;7;3;2;34;2;0;4;258;179;69;1.06;0
1390952;797;4;9;6;3;5;3;66;2;0;4;530;451;85;0.51;0
1390955;798;4;7;5;2;2;0;52;3;0;0;419;321;77;1.49;0
1390955;727;2;14;5;9;8;0;48;4;0;2;350;273;78;1.09;0
1390950;529;6;18;11;7;5;0;69;2;0;1;697;622;89;2.24;0
1390950;542;2;9;8;1;4;8;31;3;0;3;307;231;75;1.59;0
1390954;539;4;11;8;3;4;4;56;3;0;1;413;311;75;1.3;1
1390954;531;4;14;10;4;2;2;44;2;0;4;319;227;71;2.9;1
1390949;530;8;14;10;4;7;2;52;0;0;1;533;476;89;1.93;0
1390949;718;1;12;8;4;2;1;48;1;0;6;496;439;89;0.93;0
1390957;548;7;18;9;9;8;1;60;4;0;1;530;456;86;1.02;0
1390957;533;5;10;6;4;2;0;40;8;0;5;358;277;77;1.51;0
1390958;536;3;9;4;5;6;2;65;2;0;2;419;326;78;0.35;0
1390958;543;4;9;8;1;4;0;35;3;0;2;217;143;66;1.1;0
1390951;538;4;11;7;4;4;1;61;1;0;1;555;483;87;0.63;0
1390951;540;2;9;4;5;3;3;39;2;0;4;354;281;79;0.38;0
1390953;547;4;10;6;4;2;1;40;3;0;4;426;359;84;0.79;0
1390953;541;4;25;15;10;5;2;60;0;0;3;611;553;91;2.53;0
1390956;728;7;19;9;10;10;1;56;1;0;0;441;373;85;1.57;0
1390956;532;2;10;6;4;5;0;44;1;0;5;350;285;81;0.63;0
1391000;529;6;19;12;7;5;1;58;1;0;1;560;480;86;3.6;0
1391000;530;2;7;6;1;4;4;42;1;0;3;391;308;79;0.98;0
1390999;531;4;9;7;2;5;1;38;2;0;5;375;298;79;0.84;1
1390999;541;8;13;5;8;7;1;62;0;0;4;641;567;88;2.21;1
1390966;718;3;15;9;6;8;2;62;2;2;5;464;408;88;1.18;0
1390966;798;6;13;5;8;5;0;38;1;0;3;284;217;76;0.68;0
1390968;533;5;10;7;3;5;6;61;2;0;0;491;398;81;0.61;-1
1390968;546;0;6;4;2;3;0;39;4;1;3;313;215;69;0.22;-1
1390959;542;3;14;8;6;5;1;38;2;0;1;323;260;80;1.39;0
1390959;548;1;10;8;2;8;0;62;2;0;2;550;466;85;1.17;0
1390961;543;5;17;13;4;7;6;38;4;0;3;342;268;78;2.51;0
1390961;529;8;16;13;3;7;1;62;2;0;2;575;512;89;2.83;0
1390960;531;3;14;10;4;5;1;44;3;0;3;386;287;74;1.15;0
1390960;530;3;7;3;4;6;2;56;2;0;2;487;384;79;0.69;0
1390962;797;6;11;8;3;2;2;58;0;0;4;544;492;90;2.03;-1
1390962;547;4;8;6;2;2;1;42;3;0;3;400;334;84;0.94;-1
1390967;532;3;11;8;3;2;3;48;3;0;1;409;321;78;1.19;0
1390967;536;1;4;3;1;2;3;52;6;0;2;446;345;77;0.32;0
1390963;540;2;9;6;3;6;1;36;4;1;2;234;171;73;1.33;0
1390963;728;2;6;2;4;2;1;64;8;1;1;427;355;83;0.25;0
1390965;541;7;23;12;11;8;2;58;6;3;3;585;532;91;2.46;1
1390965;538;5;7;4;3;1;1;42;1;0;7;447;384;86;1.55;1
1390964;727;6;14;12;2;3;0;41;2;0;4;370;268;72;1.05;0
1390964;539;5;11;4;7;3;1;59;2;0;4;535;448;84;0.48;0
1390977;548;4;9;6;3;4;2;47;1;0;1;494;426;86;0.95;0
1390977;547;3;14;10;4;3;4;53;2;0;3;559;493;88;1.43;0
1390970;530;6;10;8;2;5;2;46;3;0;1;447;373;83;1.01;0
1390970;532;2;13;8;5;7;1;54;1;0;4;516;438;85;1.17;0
1390975;798;8;15;12;3;1;1;42;3;0;0;391;339;87;2.44;0
1390975;797;0;9;5;4;1;0;58;0;0;5;541;482;89;0.29;0
1390971;529;7;24;10;14;14;2;80;0;0;2;734;669;91;2.41;0
1390971;727;2;3;2;1;1;6;20;3;0;5;186;110;59;0.37;0
1390973;546;1;11;3;8;6;2;56;5;0;3;382;282;74;0.26;0
1390973;540;4;6;5;1;4;3;44;1;0;1;315;197;63;0.5;0
1390978;536;7;13;11;2;5;3;56;1;0;1;430;360;84;2.03;-1
1390978;718;1;4;3;1;3;1;44;2;1;3;329;260;79;0.64;-1
1390972;538;2;5;4;1;1;2;50;3;0;2;507;415;82;1.35;0
1390972;531;2;14;8;6;4;3;50;2;0;0;492;427;87;1.61;0
1390969;542;2;6;4;2;5;2;52;3;0;4;488;421;86;1.36;0
1390969;541;6;13;10;3;7;0;48;1;0;1;462;397;86;1.83;0
1390976;728;7;23;9;14;8;4;59;4;0;6;434;352;81;1.86;0
1390976;543;6;13;5;8;3;0;41;1;0;7;304;225;74;0.81;0
1390987;532;2;17;9;8;12;2;71;2;0;1;568;502;88;1.42;0
1390987;798;2;4;2;2;3;4;29;3;0;1;242;172;71;0.19;0
1390986;718;3;10;5;5;4;6;56;2;0;2;485;410;85;0.63;0
1390986;538;2;6;5;1;3;3;44;1;0;3;398;327;82;0.66;0
1390983;539;3;13;9;4;7;3;44;6;0;5;349;277;79;1.29;0
1390983;548;6;18;9;9;10;3;56;2;0;2;455;388;85;1.38;0
1390984;727;7;16;13;3;9;1;47;2;0;3;375;288;77;2.21;0
1390984;542;3;7;6;1;0;2;53;2;0;4;438;345;79;0.57;0
1390985;541;8;18;15;3;6;1;53;2;0;5;496;445;90;2.33;1
1390985;536;5;14;10;4;5;0;47;5;1;6;437;386;88;1.56;1
1390982;547;2;9;5;4;3;4;51;2;0;3;521;476;91;1.06;1
1390982;530;6;14;9;5;4;3;49;0;0;2;509;454;89;0.9;1
1390988;533;5;14;11;3;5;6;21;1;1;2;197;135;69;1.66;0
1390988;529;5;19;12;7;10;1;79;1;0;5;798;730;91;2.72;0
1390981;797;6;18;16;2;4;1;46;2;0;8;343;273;80;2.41;0
1390981;728;8;18;8;10;5;4;54;3;0;2;401;327;82;0.95;0
1390980;543;8;19;13;6;7;2;49;0;0;3;378;311;82;3.3;0
1390980;546;3;15;8;7;5;2;51;1;0;4;390;307;79;1.42;0
1390979;531;7;17;12;5;8;0;66;5;0;3;527;443;84;1.59;0
1390979;540;5;10;5;5;4;1;34;2;0;6;280;197;70;0.9;0
1390995;728;4;13;6;7;3;5;60;3;0;3;455;349;77;0.89;0
1390995;546;4;12;8;4;2;2;40;4;0;3;296;192;65;0.77;0
1390990;538;6;12;10;2;2;2;40;1;0;4;394;338;86;2.7;0
1390990;532;5;16;10;6;4;2;60;3;0;2;574;515;90;1.94;0
1390994;727;4;11;4;7;1;2;49;3;0;5;415;328;79;0.67;0
1390994;531;6;16;11;5;9;0;51;3;0;3;420;336;80;1.46;0
1390991;797;2;15;11;4;6;1;78;3;0;1;775;707;91;1.31;0
1390991;533;4;12;10;2;2;2;22;3;0;1;220;164;75;1.52;0
1390992;540;7;14;12;2;5;4;31;1;0;4;250;181;72;1.43;1
1390992;529;6;15;11;4;7;2;69;0;0;6;559;494;88;1.67;1
1390998;536;7;15;12;3;5;2;64;3;0;1;509;439;86;1.7;2
1390998;539;4;6;4;2;1;0;36;4;0;7;285;203;71;1.03;2
1390996;541;9;19;12;7;5;2;61;1;0;4;639;587;92;2.94;0
1390996;543;5;13;8;5;8;0;39;1;0;4;403;346;86;1.06;0
1390989;542;7;18;7;11;6;0;57;3;1;5;442;363;82;1.72;0
1390989;718;6;18;10;8;7;0;43;3;1;6;342;258;75;2.44;0
1390993;798;2;9;7;2;3;2;49;2;0;3;442;359;81;1.26;0
1390993;547;4;9;7;2;6;0;51;1;0;1;473;391;83;1.51;0
1390997;548;8;18;8;10;6;3;45;3;0;1;414;343;83;1.73;0
1390997;530;2;10;7;3;6;2;55;2;0;7;506;430;85;1.25;0
1391001;546;3;6;3;3;2;4;43;2;0;3;330;226;68;0.24;0
1391001;548;5;12;6;6;4;2;57;1;0;2;444;356;80;1.11;0
1391005;718;3;13;8;5;5;2;42;3;0;5;393;314;80;1.24;0
1391005;543;6;15;10;5;2;1;58;1;0;2;564;480;85;2.24;0
1391008;533;4;11;9;2;1;0;44;0;0;4;446;350;78;1.5;0
1391008;542;5;16;8;8;6;0;56;2;0;1;543;450;83;0.94;0
1391002;547;4;8;5;3;2;3;46;2;1;0;444;369;83;0.65;0
1391002;727;0;12;10;2;1;2;54;6;0;3;501;429;86;1.41;0
1391007;532;4;16;11;5;8;3;39;2;0;0;312;240;77;1.96;0
1391007;797;1;5;3;2;6;5;61;3;0;3;510;437;86;0.16;0
1391004;728;5;14;9;5;6;2;53;1;1;1;371;284;77;2.37;0
1391004;798;2;9;7;2;5;1;47;5;0;3;321;233;73;0.72;0
1391003;539;2;8;6;2;4;2;49;0;0;2;423;350;83;1.11;0
1391003;540;3;19;13;6;3;2;51;1;0;1;431;364;84;1.36;0
1391006;536;2;7;3;4;6;4;59;3;0;6;451;392;87;0.27;0
1391006;538;7;9;7;2;1;0;41;3;0;2;336;266;79;1.63;0
1391013;540;2;14;8;6;5;1;49;5;0;2;393;319;81;1.07;0
1391013;547;4;7;6;1;4;4;51;5;0;2;425;351;83;1.95;0
1391017;541;11;26;15;11;8;0;70;2;0;0;719;661;92;2.88;0
1391017;539;0;10;5;5;0;2;30;1;0;9;306;236;77;0.8;0
1391015;798;9;17;13;4;3;2;51;1;0;9;475;371;78;2.79;0
1391015;531;11;21;16;5;7;0;49;5;2;6;433;337;78;2.11;0
1391016;727;5;16;12;4;3;0;51;1;1;3;339;261;77;1.37;0
1391016;718;5;13;10;3;6;2;49;4;0;2;331;264;80;1.34;0
1391010;543;6;15;4;11;2;4;60;3;0;3;543;463;85;1.22;0
1391010;533;3;9;6;3;3;3;40;2;1;4;356;276;78;0.99;0
1391014;546;3;14;9;5;9;3;55;2;0;0;349;257;74;0.62;0
1391014;532;1;7;5;2;3;2;45;3;1;3;305;204;67;0.89;0
1391009;530;6;23;16;7;6;2;54;1;0;0;555;488;88;1.78;0
1391009;542;0;8;6;2;6;1;46;1;0;4;464;383;83;0.85;0
1391011;538;7;11;6;5;5;4;49;4;0;3;447;385;86;1.87;-1
1391011;728;3;14;9;5;7;1;51;3;1;4;454;392;86;1.11;-1
1391018;548;6;7;5;2;6;4;28;3;1;8;223;148;66;1.01;0
1391018;529;9;25;18;7;8;3;72;4;0;3;604;535;89;3.68;0
1391012;797;5;10;7;3;9;0;50;3;0;6;334;248;74;1.54;0
1391012;536;8;25;13;12;7;1;50;1;0;3;328;260;79;3.0;0
1391023;539;6;26;18;8;9;1;41;2;0;1;328;248;76;2.61;0
1391023;797;3;6;3;3;1;0;59;3;0;2;482;401;83;0.65;0
1391024;728;4;11;6;5;4;2;67;2;0;3;456;369;81;0.77;0
1391024;727;5;14;7;7;3;2;33;2;0;3;226;142;63;1.22;0
1391027;532;5;10;7;3;2;0;47;1;0;5;369;267;72;2.55;0
1391027;540;6;16;10;6;7;0;53;5;0;2;401;314;78;1.35;0
1391026;536;7;10;8;2;5;1;50;2;0;3;372;278;75;2.07;0
1391026;531;3;15;8;7;5;0;50;1;0;5;358;245;68;2.14;0
1391028;533;1;8;5;3;6;0;42;3;0;2;384;311;81;0.58;0
1391028;541;4;14;9;5;6;0;58;1;0;1;551;483;88;1.58;0
1391020;530;8;17;13;4;10;0;61;2;0;1;562;484;86;1.48;0
1391020;798;1;6;5;1;3;0;39;1;0;7;357;283;79;0.46;0
1391021;529;7;15;14;1;10;3;73;1;0;3;678;607;90;2.09;0
1391021;718;3;12;8;4;1;4;27;2;0;4;252;187;74;0.48;0
1391025;548;4;10;6;4;2;2;36;1;1;2;350;291;83;1.61;0
1391025;538;4;17;9;8;9;2;64;1;0;1;622;554;89;1.6;0
1391019;542;9;17;9;8;6;5;45;1;0;3;364;266;73;1.27;0
1391019;543;4;18;12;6;4;3;55;1;0;7;453;381;84;1.38;0
1391022;547;4;12;6;6;3;2;69;5;0;1;609;532;87;0.75;0
1391022;546;2;8;7;1;4;2;31;3;0;3;274;195;71;0.8;0
