id_jugador;id_equipo;temporada;posicion;partidos;minutos;titular;nota_media;goles;asistencias;tiros_totales;tiros_a_puerta;pases_totales;pases_clave;precision_pases;entradas;bloqueos;intercepciones;duelos_totales;duelos_ganados;faltas_sufridas;faltas_cometidas;regates_intentados;regates_exito;regateado;amarillas;rojas;penaltis_marcados;goles_concedidos;paradas;penaltis_parados
127;529;2015;Portero;7;542;7;6.725092;0;0;0;0;126;1;86.0;0;0;0;1;1;0;0;0;0;0;0;0;0;7;14;0
128;529;2015;Defensa;31;2591;30;7.056696;0;6;7;2;1798;19;86.55;0;0;61;163;90;17;20;14;4;21;2;0;0;0;0;0
136;529;2015;Defensa;30;2592;30;7.121836;2;1;13;6;1830;6;89.67;0;0;54;186;113;8;19;10;8;11;12;0;0;0;0;0
137;529;2015;Defensa;31;1915;28;7.100783;0;5;16;3;1090;20;86.03;0;0;44;208;127;22;17;41;29;15;1;0;0;0;0;0
140;529;2015;Defensa;10;504;9;7.361111;1;0;3;3;313;0;91.1;0;0;14;37;25;6;4;0;0;1;2;0;0;0;0;0
142;529;2015;Mediocentro;6;280;4;7.031429;1;0;2;2;154;6;86.17;0;0;5;26;16;5;3;7;3;0;0;0;0;0;0;0
144;529;2015;Mediocentro;35;2906;35;7.300619;0;4;6;2;2176;21;89.06;0;0;67;359;234;66;30;11;11;39;6;0;0;0;0;0
149;529;2015;Mediocentro;36;2580;34;7.287752;7;2;45;14;1564;33;87.31;0;0;51;279;158;50;39;25;13;35;3;0;0;0;0;0
154;529;2015;Delantero;33;2728;33;8.51162;26;16;158;75;1505;82;81.21;0;0;6;368;194;61;13;190;117;7;3;0;3;0;0;0
157;529;2015;Delantero;35;3150;35;7.685714;40;16;137;70;677;57;73.26;0;0;8;323;136;59;41;117;41;13;6;0;3;0;0;0
256;529;2015;Defensa;29;2148;26;7.037709;0;4;16;4;1459;22;86.1;0;0;46;259;114;19;39;39;24;24;6;0;0;0;0;0
276;529;2015;Delantero;34;3057;34;8.041511;24;12;124;61;1467;105;80.41;0;0;11;600;321;130;48;247;143;18;6;0;5;0;0;0
614;529;2015;Portero;32;2878;32;7.003336;0;0;0;0;720;0;85.5;0;0;4;7;5;1;0;1;1;2;0;0;0;22;86;3
1480;529;2015;Defensa;21;1262;17;6.93645;0;2;7;3;703;4;87.52;0;0;38;84;55;6;8;6;6;6;2;0;0;0;0;0
1561;529;2015;Defensa;13;496;7;7.507056;2;1;5;2;343;2;84.69;0;0;14;48;34;5;3;7;4;2;0;0;0;0;0;0
1977;529;2015;Defensa;8;430;5;6.96907;0;1;1;0;284;5;88.5;0;0;10;34;21;6;7;6;4;2;0;0;0;0;0;0
2047;529;2015;Mediocentro;9;543;8;6.862983;0;1;1;0;339;6;84.56;0;0;10;43;19;4;8;7;3;6;1;0;0;0;0;0
2060;529;2015;Delantero;15;825;10;6.974061;3;2;17;6;244;10;76.93;0;0;14;85;34;12;12;19;6;7;0;0;0;0;0;0
13073;529;2015;Mediocentro;32;2694;32;7.313252;0;0;3;1;1918;11;90.0;0;0;69;234;149;21;27;11;9;19;9;1;0;0;0;0
33243;529;2015;Mediocentro;28;2248;27;7.406584;1;2;23;6;1621;35;87.46;0;0;27;249;147;38;20;58;41;23;2;0;0;0;0;0
33249;529;2015;Mediocentro;1;29;0;6.9;0;0;0;0;22;0;81.0;0;0;0;4;4;0;0;0;0;0;0;0;0;0;0;0
47324;529;2015;Delantero;10;346;7;6.452312;0;1;10;2;75;6;85.9;0;0;0;32;10;5;4;10;3;1;0;0;0;0;0;0
47414;529;2015;Mediocentro;3;43;0;6.348837;0;0;0;0;16;0;85.67;0;0;2;4;2;0;0;0;0;2;0;0;0;0;0;0
49859;529;2015;Mediocentro;18;814;12;6.841032;2;3;11;4;567;8;92.39;0;0;10;133;53;15;21;24;9;10;5;0;0;0;0;0
50085;529;2015;Defensa;1;12;0;6.4;0;0;0;0;1;0;50.0;0;0;1;1;1;1;0;0;0;0;0;0;0;0;0;0
29;530;2015;Portero;38;3420;38;6.973684;0;0;0;0;331;1;47.0;0;0;3;14;12;4;0;1;1;1;0;0;0;18;82;0
31;530;2015;Defensa;27;2430;27;7.107407;1;1;12;4;631;8;70.59;0;0;67;215;132;11;28;14;9;19;8;0;0;0;0;0
32;530;2015;Defensa;31;2651;31;7.410826;1;1;25;6;868;7;75.19;0;0;101;304;203;33;36;16;11;9;6;1;0;0;0;0
33;530;2015;Defensa;10;834;9;7.046643;0;0;0;0;203;3;70.9;0;0;31;72;44;11;8;2;1;2;0;0;0;0;0;0
34;530;2015;Defensa;32;2834;32;7.322724;1;4;8;2;1370;29;81.59;0;0;87;421;268;30;29;124;71;16;9;1;0;0;0;0
39;530;2015;Defensa;12;925;11;7.079459;0;0;2;0;295;0;80.67;0;0;20;68;44;4;6;1;1;5;1;0;0;0;0;0
41;530;2015;Defensa;35;3029;35;6.957676;1;1;7;3;904;30;76.63;0;0;68;266;143;18;41;53;33;19;6;0;0;0;0;0
48;530;2015;Mediocentro;31;2329;31;7.130614;4;2;45;16;867;19;76.65;0;0;56;446;229;26;46;66;31;34;1;0;0;0;0;0
49;530;2015;Mediocentro;13;433;10;6.931178;2;1;9;3;156;7;81.92;0;0;15;78;43;7;11;10;8;4;3;0;0;0;0;0
50;530;2015;Mediocentro;35;2973;34;7.397679;5;14;42;12;1659;78;80.57;0;0;49;364;189;52;34;34;15;46;4;0;0;0;0;0
53;530;2015;Mediocentro;26;948;15;6.783122;5;4;31;14;228;15;65.04;0;0;11;207;85;20;22;80;36;13;7;0;0;0;0;0
56;530;2015;Delantero;38;3058;37;7.361315;22;5;92;43;1062;54;77.58;0;0;39;435;179;37;31;73;32;26;5;0;1;0;0;0
385;530;2015;Mediocentro;21;813;14;6.762731;0;2;9;2;402;17;81.24;0;0;12;120;48;10;11;19;13;22;2;0;0;0;0;0
1211;530;2015;Mediocentro;8;325;5;6.548615;0;0;1;0;101;0;75.75;0;0;5;38;17;3;9;0;0;0;1;0;0;0;0;0
2923;530;2015;Mediocentro;29;1500;23;6.863733;4;1;54;17;589;21;83.1;0;0;24;291;128;24;32;126;67;10;5;0;0;0;0;0
13114;530;2015;Mediocentro;13;855;11;6.848889;0;0;4;1;350;1;86.23;0;0;35;114;53;6;16;11;9;28;4;0;0;0;0;0
19036;530;2015;Delantero;19;963;14;6.829595;1;3;25;6;290;14;78.47;0;0;3;120;51;22;13;25;11;9;3;0;0;0;0;0
33413;530;2015;Delantero;30;1691;24;7.047073;11;4;57;23;236;20;68.07;0;0;6;341;143;36;24;81;36;8;3;0;0;0;0;0
36834;530;2015;Defensa;1;90;1;6.7;0;0;0;0;27;1;84.0;0;0;2;1;1;0;0;0;0;0;0;0;0;0;0;0
41373;530;2015;Delantero;15;655;11;6.847939;2;3;26;9;137;9;70.47;0;0;6;107;39;11;20;11;6;3;0;0;0;0;0;0
42039;530;2015;Mediocentro;35;2880;35;7.2175;1;3;17;3;1753;27;81.37;0;0;78;418;211;41;66;33;21;65;13;1;0;0;0;0
47282;530;2015;Mediocentro;1;9;0;6.6;0;0;1;0;4;0;80.0;0;0;0;7;4;3;0;2;0;0;0;0;0;0;0;0
83132;530;2015;Defensa;10;727;9;6.989409;0;0;2;0;188;5;74.2;0;0;16;72;40;8;6;7;3;13;3;0;0;0;0;0
104839;530;2015;Mediocentro;14;1053;12;7.316239;1;2;7;2;647;8;85.21;0;0;33;121;65;19;15;3;1;11;4;0;0;0;0;0
104851;530;2015;Defensa;1;90;1;6.7;0;0;0;0;38;1;82.0;0;0;0;13;7;2;2;5;2;1;1;0;0;0;0;0
622;531;2015;Defensa;26;2213;26;7.003434;3;1;19;6;1038;6;79.35;0;0;69;217;137;25;27;18;11;18;9;2;0;0;0;0
2672;531;2015;Delantero;20;1020;16;6.94951;2;0;22;8;444;17;83.5;0;0;7;130;79;37;6;27;18;5;3;0;0;0;0;0
46768;531;2015;Mediocentro;3;186;3;6.443011;0;0;4;1;60;2;78.67;0;0;2;33;15;2;0;7;4;1;0;0;0;0;0;0
46786;531;2015;Defensa;23;1462;18;6.929822;0;0;5;0;630;10;75.78;0;0;64;169;104;9;17;17;12;15;1;0;0;0;0;0
47150;531;2015;Delantero;9;289;6;6.592388;0;0;7;2;66;2;65.67;0;0;2;44;17;3;4;9;4;2;0;0;0;0;0;0
47267;531;2015;Portero;2;174;2;5.817241;0;0;0;0;39;0;48.5;0;0;0;1;1;0;0;0;0;0;0;0;0;8;1;0
47272;531;2015;Defensa;34;2906;33;6.85468;0;3;8;0;826;24;77.12;0;0;69;278;158;25;37;41;20;20;5;0;0;0;0;0
47275;531;2015;Defensa;34;2886;34;6.840159;1;3;13;4;822;25;71.09;0;0;90;329;175;20;34;57;22;33;6;0;0;0;0;0
47276;531;2015;Defensa;20;1157;17;6.780121;1;0;11;4;352;12;72.35;0;0;22;165;91;7;10;37;13;12;2;0;0;0;0;0
47280;531;2015;Mediocentro;36;2900;35;7.211517;1;5;29;9;1543;64;80.11;0;0;64;319;162;54;38;31;15;47;8;0;0;0;0;0
47282;531;2015;Mediocentro;30;2375;29;7.160211;7;6;77;20;589;25;62.37;0;0;34;507;259;76;70;28;11;33;10;0;0;0;0;0
47283;531;2015;Mediocentro;5;115;1;6.371304;0;0;2;0;29;1;78.0;0;0;1;21;4;0;6;5;3;2;3;0;0;0;0;0
47284;531;2015;Mediocentro;16;700;10;6.986143;0;1;4;1;332;5;79.62;0;0;32;94;55;6;19;4;2;6;1;0;0;0;0;0
47287;531;2015;Mediocentro;17;691;9;6.886107;1;1;12;5;274;5;76.59;0;0;23;98;45;8;11;9;4;10;2;1;0;0;0;0
47288;531;2015;Mediocentro;34;2691;33;6.958974;2;3;25;6;1182;15;76.65;0;0;92;391;209;21;55;16;10;53;6;1;0;0;0;0
47289;531;2015;Mediocentro;28;1920;27;6.817708;3;8;26;10;502;42;76.68;0;0;27;298;118;30;25;70;20;27;3;0;0;0;0;0
47290;531;2015;Delantero;34;2776;32;7.133465;20;6;93;49;432;33;60.88;0;0;11;548;259;68;56;63;18;6;8;0;3;0;0;0
47294;531;2015;Delantero;25;1638;22;6.835775;8;3;42;15;260;15;57.28;0;0;12;213;92;40;22;56;27;11;4;1;0;0;0;0
47412;531;2015;Mediocentro;16;778;12;6.425578;2;1;12;5;199;9;80.62;0;0;5;83;33;15;5;11;3;7;2;0;0;0;0;0
47423;531;2015;Delantero;22;1129;19;6.690168;5;0;26;15;193;10;63.09;0;0;7;167;63;8;11;34;8;8;1;0;0;0;0;0
47501;531;2015;Portero;37;3244;37;6.872996;0;0;0;0;675;2;55.92;0;0;2;15;10;2;1;1;0;3;1;1;0;43;93;1
47542;531;2015;Mediocentro;11;465;8;6.511613;1;0;3;2;188;2;82.18;0;0;22;49;19;1;10;2;2;7;1;0;0;0;0;0
47565;531;2015;Defensa;30;2485;29;6.942696;0;1;10;1;909;7;75.47;0;0;77;174;97;4;22;4;4;15;5;0;0;0;0;0
104825;531;2015;Delantero;5;76;3;5.894737;0;0;1;0;8;0;53.2;0;0;0;20;8;6;1;0;0;0;0;0;0;0;0;0
116823;531;2015;Mediocentro;15;1143;14;6.842345;0;0;5;0;422;1;74.2;0;0;45;101;58;9;14;2;2;12;4;0;0;0;0;0
21;532;2015;Delantero;34;2417;30;7.0259;13;6;61;26;347;33;72.09;0;0;16;178;56;16;17;19;9;8;2;0;2;0;0;0
447;532;2015;Mediocentro;21;1258;16;6.823291;1;1;22;8;319;26;63.24;0;0;14;154;74;22;19;37;12;9;3;0;0;0;0;0
855;532;2015;Defensa;28;2119;27;6.899622;1;4;9;2;686;17;77.25;0;0;68;336;183;39;42;98;51;19;7;1;0;0;0;0
911;532;2015;Portero;17;1530;17;7.158824;0;0;0;0;226;1;52.82;0;0;1;10;10;6;0;0;0;0;0;0;0;18;64;1
918;532;2015;Defensa;20;1433;18;6.830077;0;0;2;0;504;13;77.25;0;0;23;147;93;18;13;28;10;6;7;1;0;0;0;0
923;532;2015;Mediocentro;7;474;6;7.061181;3;0;13;5;132;3;69.57;0;0;8;84;46;11;12;19;8;5;2;0;0;0;0;0
928;532;2015;Mediocentro;33;2735;30;7.202925;8;5;46;20;1495;43;84.3;0;0;49;390;204;78;36;47;28;48;9;0;2;0;0;0
929;532;2015;Delantero;1;51;0;6.6;0;0;0;0;4;0;80.0;0;0;1;8;5;2;0;2;1;0;0;0;0;0;0;0
934;532;2015;Delantero;26;1580;24;6.588291;4;1;25;11;378;10;76.62;0;0;12;294;123;49;30;58;20;17;2;0;0;0;0;0
935;532;2015;Delantero;25;1360;21;6.935956;2;3;38;17;359;25;68.36;0;0;16;183;84;24;14;45;20;9;1;1;0;0;0;0
1421;532;2015;Mediocentro;16;562;9;6.817794;1;3;13;2;141;13;83.44;0;0;5;84;43;20;10;22;12;6;1;0;0;0;0;0
1448;532;2015;Defensa;30;2682;30;7.285906;2;0;22;4;1147;4;79.53;0;0;133;297;196;22;34;13;7;25;12;0;0;0;0;0
1560;532;2015;Mediocentro;24;1659;22;6.685714;0;0;0;0;587;7;75.46;0;0;54;172;91;21;39;18;6;13;7;1;0;0;0;0
1698;532;2015;Mediocentro;26;2046;24;6.968719;0;0;5;1;1067;10;83.85;0;0;76;252;129;32;55;12;8;31;12;1;0;0;0;0
1899;532;2015;Defensa;22;1852;22;6.905508;0;0;6;2;698;4;83.32;0;0;65;173;99;12;19;6;6;15;4;0;0;0;0;0
2472;532;2015;Mediocentro;9;521;7;7.0762;0;0;10;2;171;17;77.56;0;0;4;66;30;10;9;26;10;3;3;0;0;0;0;0
2741;532;2015;Portero;8;720;8;6.8625;0;0;0;0;135;0;59.12;0;0;1;6;4;1;0;0;0;2;0;0;0;9;23;0
5907;532;2015;Defensa;7;524;7;6.612977;0;0;0;0;160;0;78.57;0;0;15;78;45;10;16;9;3;11;4;1;0;0;0;0
6003;532;2015;Mediocentro;20;1264;16;6.92413;0;0;6;0;602;9;86.0;0;0;28;212;117;36;33;31;21;22;10;0;0;0;0;0
10151;532;2015;Portero;13;1170;13;6.823077;0;0;0;0;216;0;61.77;0;0;0;6;3;0;0;2;2;0;1;0;0;21;48;0
18765;532;2015;Mediocentro;30;2379;30;6.615889;3;3;42;15;1047;28;80.17;0;0;16;433;168;44;61;109;52;32;10;0;0;0;0;0
22167;532;2015;Mediocentro;19;1366;17;6.889531;0;0;15;3;364;8;73.58;0;0;29;241;138;44;24;37;23;12;4;0;0;0;0;0
44419;532;2015;Defensa;17;1520;17;7.082237;0;0;7;2;533;1;82.65;0;0;40;124;86;6;12;4;4;5;2;1;0;0;0;0
47340;532;2015;Mediocentro;21;790;17;6.605949;0;0;10;4;189;10;71.43;0;0;9;173;81;39;16;33;12;18;3;0;0;0;0;0
47457;532;2015;Defensa;15;1084;13;7.027583;0;0;3;1;326;3;65.4;0;0;50;130;73;8;18;10;4;14;2;0;0;0;0;0
50502;532;2015;Delantero;25;1148;17;6.966028;5;2;39;12;221;13;60.04;0;0;5;192;94;11;16;20;12;5;0;0;0;0;0;0
51014;532;2015;Mediocentro;2;136;2;6.388235;0;0;0;0;43;1;73.5;0;0;4;26;9;1;4;0;0;4;1;0;0;0;0;0
104851;532;2015;Defensa;14;1097;14;6.690975;0;0;5;0;386;2;80.93;0;0;37;114;63;12;16;29;15;7;1;0;0;0;0;0
104867;532;2015;Mediocentro;1;3;1;0.0;0;0;0;0;3;0;75.0;0;0;0;2;1;0;2;1;1;0;1;0;0;0;0;0
104925;532;2015;Mediocentro;1;2;0;0.0;0;0;0;0;1;0;50.0;0;0;0;1;0;0;0;1;0;0;0;0;0;0;0;0
44;533;2015;Mediocentro;3;94;3;7.130851;0;0;2;1;66;1;82.0;0;0;3;8;7;1;1;0;0;0;1;0;0;0;0;0
253;533;2015;Portero;32;2880;32;7.059375;0;0;0;0;323;0;48.22;0;0;1;25;24;8;0;2;2;0;1;0;0;26;81;1
392;533;2015;Delantero;16;793;13;6.930895;4;4;8;6;234;15;69.56;0;0;2;112;44;8;5;23;11;3;1;0;0;0;0;0
885;533;2015;Defensa;25;2024;25;7.024852;0;0;4;1;598;2;73.76;0;0;65;198;123;29;34;16;15;6;11;1;0;0;0;0
1375;533;2015;Delantero;28;2255;28;7.073614;5;10;40;21;546;29;68.11;0;0;13;285;116;59;52;26;14;12;12;0;0;0;0;0
1461;533;2015;Mediocentro;33;2372;29;6.984359;4;4;36;17;687;46;73.24;0;0;26;312;144;42;28;95;40;32;3;0;0;0;0;0
1630;533;2015;Defensa;13;1009;12;7.136571;1;0;2;1;380;2;83.38;0;0;38;80;41;9;13;4;2;5;1;0;0;0;0;0
1641;533;2015;Mediocentro;28;1699;24;6.547381;1;1;24;6;404;23;68.5;0;0;27;294;125;44;23;82;37;26;3;0;0;0;0;0
1682;533;2015;Portero;4;360;4;6.825;0;0;0;0;49;0;51.5;0;0;0;3;2;1;1;0;0;0;1;0;0;5;13;0
1683;533;2015;Portero;2;180;2;6.4;0;0;0;0;27;0;80.5;0;0;1;1;1;0;0;1;1;0;0;0;0;4;6;0
1685;533;2015;Defensa;14;946;12;6.76723;0;0;3;1;415;0;84.07;0;0;29;45;22;5;15;0;0;4;5;1;0;0;0;0
1687;533;2015;Defensa;18;1537;18;7.018217;1;1;4;2;479;6;76.83;0;0;48;147;92;19;26;6;2;10;8;0;0;0;0;0
1691;533;2015;Defensa;33;2874;33;6.952679;2;2;33;7;929;12;70.21;0;0;85;260;136;12;26;17;6;27;8;0;0;0;0;0
1693;533;2015;Defensa;35;2990;34;6.942977;0;0;4;1;1232;0;79.43;0;0;111;187;101;12;33;11;10;11;9;0;0;0;0;0
1702;533;2015;Mediocentro;2;106;2;6.30283;0;0;1;1;13;1;67.5;0;0;2;18;5;1;3;8;3;2;0;0;0;0;0;0
1704;533;2015;Mediocentro;31;2593;31;7.266255;5;1;25;9;1448;17;84.9;0;0;95;235;141;19;21;20;15;15;5;1;3;0;0;0
1705;533;2015;Mediocentro;31;2117;28;7.03897;2;1;28;7;961;16;78.32;0;0;35;213;111;22;29;12;6;23;5;0;0;0;0;0
2230;533;2015;Defensa;18;1346;16;6.771991;0;0;2;0;380;4;72.61;0;0;35;95;48;5;16;12;5;8;5;0;0;0;0;0
2880;533;2015;Mediocentro;26;1762;21;6.8979;0;1;17;6;725;27;81.04;0;0;53;222;99;20;25;30;12;36;4;0;0;0;0;0
3033;533;2015;Delantero;34;1859;27;6.928456;12;3;49;28;351;12;75.97;0;0;4;297;91;30;55;35;19;18;4;0;0;0;0;0
13062;533;2015;Delantero;26;1257;19;6.764678;3;1;32;9;240;7;68.54;0;0;6;240;95;37;22;50;22;11;1;0;0;0;0;0
46802;533;2015;Mediocentro;20;1000;15;6.5419;0;1;10;3;256;13;75.4;0;0;16;160;55;15;25;37;17;9;4;0;0;0;0;0
47358;533;2015;Defensa;11;925;10;7.008649;0;0;1;1;291;6;75.64;0;0;28;111;63;4;15;15;9;12;1;0;0;0;0;0
47365;533;2015;Mediocentro;27;1632;19;6.967647;0;1;7;2;578;7;76.85;0;0;47;219;128;25;38;9;8;10;4;0;0;0;0;0
53702;533;2015;Mediocentro;2;126;2;6.914286;0;0;0;0;36;0;70.5;0;0;4;13;8;1;2;1;1;0;2;1;0;0;0;0
104624;533;2015;Mediocentro;16;759;13;6.77444;2;1;9;3;243;14;70.06;0;0;4;144;56;12;27;14;8;12;2;0;0;0;0;0
2053;534;2015;Mediocentro;34;2839;34;6.846249;1;2;34;7;1792;16;86.68;0;0;40;322;153;49;43;58;35;36;12;0;0;0;0;0
3426;534;2015;Mediocentro;20;924;14;6.785606;1;0;19;6;379;8;72.55;0;0;16;165;81;30;29;27;12;6;11;0;0;0;0;0
12493;534;2015;Mediocentro;27;2125;27;6.816235;5;4;31;16;928;34;82.89;0;0;15;284;113;54;24;58;25;30;2;0;0;0;0;0
12667;534;2015;Mediocentro;36;3121;36;7.26389;10;9;86;36;1530;80;80.89;0;0;22;447;218;83;26;109;52;32;4;0;4;0;0;0
27031;534;2015;Defensa;8;318;7;6.559748;0;0;4;2;86;8;85.38;0;0;9;34;11;1;3;7;4;4;0;0;0;0;0;0
30524;534;2015;Defensa;10;736;9;6.911685;0;0;4;2;283;0;82.0;0;0;20;56;28;0;11;8;5;0;5;0;0;0;0;0
42992;534;2015;Mediocentro;12;558;10;6.982796;0;1;5;0;291;10;77.92;0;0;12;115;64;29;15;17;10;6;2;1;0;0;0;0
46687;534;2015;Mediocentro;9;433;6;7.014088;0;0;1;0;266;5;83.56;0;0;15;49;23;6;9;2;1;9;2;0;0;0;0;0
46793;534;2015;Defensa;27;2262;27;6.648453;1;2;12;6;835;20;74.33;0;0;56;273;128;21;43;34;12;16;6;0;0;0;0;0
46800;534;2015;Mediocentro;21;1461;19;6.971184;1;1;7;3;877;7;84.38;0;0;31;219;124;41;20;20;12;16;3;0;0;0;0;0
46897;534;2015;Mediocentro;18;926;16;6.780454;1;0;9;4;466;2;84.22;0;0;28;127;66;15;15;8;4;19;4;0;0;0;0;0
46935;534;2015;Portero;8;707;8;7.107214;0;0;0;0;132;0;53.38;0;0;1;9;9;2;0;0;0;0;0;0;0;13;35;0
46991;534;2015;Defensa;31;2643;31;7.023685;0;1;9;2;1302;7;82.23;0;0;106;248;152;12;27;6;4;14;13;2;0;0;0;0
46992;534;2015;Defensa;27;2247;26;6.917312;0;0;8;2;904;11;79.41;0;0;86;313;184;44;25;68;47;23;5;0;0;0;0;0
46995;534;2015;Defensa;19;1609;18;7.060845;2;1;9;4;682;9;78.95;0;0;67;134;83;15;14;6;2;15;2;0;0;0;0;0
47001;534;2015;Mediocentro;1;90;1;7.3;0;0;1;0;30;0;76.0;0;0;2;12;9;3;1;0;0;1;0;0;0;0;0;0
47003;534;2015;Mediocentro;23;1386;19;7.153535;0;3;15;5;682;24;80.22;0;0;28;152;89;32;11;33;22;9;3;0;0;0;0;0
47011;534;2015;Mediocentro;30;1819;25;6.917152;5;3;61;25;364;18;68.43;0;0;4;315;114;15;40;48;25;9;4;0;0;0;0;0
47319;534;2015;Delantero;30;1727;22;7.053098;9;1;54;23;382;22;74.53;0;0;2;226;96;26;29;22;11;1;6;0;0;0;0;0
47378;534;2015;Defensa;27;2353;26;7.218062;3;0;15;5;1023;6;83.19;0;0;121;194;121;23;20;28;21;9;5;0;0;0;0;0
47411;534;2015;Mediocentro;30;1704;24;6.547535;2;4;28;13;453;21;80.9;0;0;20;238;89;32;28;52;14;6;4;0;0;0;0;0
47560;534;2015;Portero;31;2711;31;6.957211;0;0;0;0;606;0;55.52;0;0;7;29;25;7;2;6;6;1;1;1;0;43;96;1
70752;534;2015;Defensa;6;540;6;7.0;1;0;2;1;161;2;73.0;0;0;17;68;40;2;6;2;2;6;2;0;0;0;0;0
104972;534;2015;Mediocentro;10;243;5;6.569547;0;0;3;0;105;6;73.8;0;0;4;19;6;2;8;1;1;1;0;0;0;0;0;0
114785;534;2015;Defensa;18;1575;18;6.837143;0;1;1;1;737;5;85.11;0;0;38;88;47;4;16;1;1;13;2;0;0;0;0;0
116821;534;2015;Mediocentro;13;375;7;6.673067;0;0;1;0;341;6;88.69;0;0;6;43;22;14;0;6;5;0;0;0;0;0;0;0
116836;534;2015;Defensa;3;30;2;6.716667;0;0;0;0;31;0;92.0;0;0;1;2;1;1;1;0;0;0;0;0;0;0;0;0
1335;535;2015;Portero;27;2377;27;6.911359;0;1;0;0;368;1;60.74;0;0;2;11;10;1;0;2;2;0;2;0;0;28;77;2
1697;535;2015;Mediocentro;27;1286;17;6.748678;1;0;22;5;549;13;75.74;0;0;31;171;74;15;15;28;12;19;1;0;0;0;0;0
2098;535;2015;Portero;11;953;11;6.948269;0;0;0;0;130;0;52.73;0;0;2;4;4;0;0;0;0;0;0;0;0;10;29;0
2304;535;2015;Defensa;8;561;7;7.091622;0;0;8;0;123;0;67.12;0;0;22;43;27;3;2;0;0;3;1;0;0;0;0;0
2444;535;2015;Defensa;34;2981;34;6.976283;0;5;18;3;886;21;73.15;0;0;64;343;202;34;34;40;24;35;5;0;0;0;0;0
2446;535;2015;Mediocentro;29;1620;25;6.608642;4;1;32;11;493;27;78.62;0;0;17;294;116;47;21;85;34;24;5;0;0;0;0;0
2719;535;2015;Mediocentro;12;927;12;6.469471;0;1;24;6;166;16;69.75;0;0;4;153;50;26;35;31;14;6;5;1;0;0;0;0
3423;535;2015;Mediocentro;12;384;5;6.689062;2;0;9;6;103;6;70.25;0;0;6;63;26;7;3;17;9;4;0;0;0;0;0;0
15833;535;2015;Delantero;9;380;7;6.745526;1;0;15;5;77;5;79.56;0;0;0;59;22;5;5;21;9;2;0;0;0;0;0;0
25409;535;2015;Mediocentro;23;2007;23;7.197857;2;1;23;7;829;13;72.35;0;0;81;349;196;44;51;15;10;22;9;1;0;0;0;0
26727;535;2015;Mediocentro;1;5;0;6.6;0;0;0;0;1;0;50.0;0;0;0;2;1;0;1;0;0;0;0;0;0;0;0;0
41103;535;2015;Mediocentro;16;726;11;6.511157;0;0;17;1;212;9;79.69;0;0;14;93;30;6;17;18;7;10;2;0;0;0;0;0
41307;535;2015;Mediocentro;2;87;1;6.670115;0;0;2;1;49;1;93.5;0;0;0;9;3;0;0;4;1;0;0;0;0;0;0;0
41475;535;2015;Mediocentro;11;907;11;6.884344;0;0;7;1;373;9;74.18;0;0;37;104;45;7;29;8;6;11;6;2;0;0;0;0
46819;535;2015;Defensa;18;1179;15;6.841052;1;2;15;5;317;14;74.61;0;0;24;146;69;18;19;22;12;9;1;0;0;0;0;0
46820;535;2015;Defensa;8;641;7;7.177223;1;1;2;1;144;5;64.12;0;0;21;80;53;7;11;2;1;2;3;0;0;0;0;0
46823;535;2015;Defensa;23;1958;23;6.885087;0;2;1;0;441;7;67.39;0;0;51;148;87;6;19;4;2;14;9;0;0;0;0;0
46832;535;2015;Mediocentro;4;57;3;6.233333;0;0;1;1;31;2;82.0;0;0;0;14;2;1;4;2;0;1;0;0;0;0;0;0
47238;535;2015;Delantero;3;81;3;6.444444;0;0;1;1;21;1;49.33;0;0;0;10;2;2;2;0;0;1;0;0;0;0;0;0
47336;535;2015;Mediocentro;1;85;1;7.4;0;0;3;1;29;1;80.0;0;0;0;10;6;1;1;1;1;1;1;0;0;0;0;0
47394;535;2015;Delantero;34;2915;34;7.096261;12;3;80;42;581;35;70.71;0;0;15;421;191;43;59;18;7;13;13;0;1;0;0;0
47413;535;2015;Mediocentro;32;2660;32;7.078835;0;4;36;13;1102;37;81.12;0;0;44;328;171;37;59;36;22;23;15;0;0;0;0;0
47493;535;2015;Delantero;30;2042;28;6.817189;7;3;48;26;431;20;67.67;0;0;17;264;88;16;31;30;8;13;3;0;1;0;0;0
51564;535;2015;Defensa;12;1022;12;6.884344;0;0;3;0;247;2;79.92;0;0;31;72;38;6;10;1;1;5;2;0;0;0;0;0
51576;535;2015;Mediocentro;16;1246;16;6.917817;1;1;20;8;297;26;70.12;0;0;13;179;82;19;17;59;34;10;1;0;0;0;0;0
70775;535;2015;Delantero;17;418;9;6.715311;2;1;5;2;131;7;69.41;0;0;2;74;32;8;3;6;0;1;0;0;0;0;0;0
104809;535;2015;Defensa;28;2463;28;7.002233;2;0;17;7;701;10;67.43;0;0;102;170;101;12;28;5;4;18;11;0;0;0;0;0
104838;535;2015;Mediocentro;25;1026;17;6.903119;1;1;23;8;405;40;66.16;0;0;15;169;78;44;21;23;10;7;4;0;0;0;0;0
104863;535;2015;Defensa;30;2608;30;7.048313;0;2;4;0;813;5;69.5;0;0;90;252;168;23;29;4;3;25;5;0;0;0;0;0
105235;535;2015;Defensa;13;957;13;6.682132;0;0;6;2;322;6;79.62;0;0;19;111;52;15;16;25;11;3;4;1;0;0;0;0
46;536;2015;Mediocentro;28;2053;26;6.758013;2;4;25;12;571;36;71.64;0;0;18;354;163;56;50;95;46;40;6;1;0;0;0;0
185;536;2015;Delantero;23;1161;17;6.791214;4;3;29;12;247;17;62.17;0;0;5;191;83;7;36;14;6;5;4;0;0;0;0;0
413;536;2015;Delantero;32;1612;25;7.134119;4;4;51;20;398;36;78.16;0;0;21;205;95;24;21;85;50;16;4;0;1;0;0;0
434;536;2015;Defensa;23;1685;21;6.961365;0;3;10;1;424;22;74.13;0;0;49;173;94;14;24;27;12;24;6;0;0;0;0;0
481;536;2015;Mediocentro;26;2271;26;7.218758;0;0;20;3;1007;6;83.54;0;0;116;309;203;51;46;20;14;13;6;0;0;0;0;0
768;536;2015;Defensa;4;295;4;6.689831;0;0;1;1;78;1;63.75;0;0;5;28;20;0;5;2;2;1;2;1;0;0;0;0
780;536;2015;Mediocentro;28;1845;24;7.042656;3;1;19;9;738;12;76.57;0;0;41;214;134;13;32;16;13;5;4;1;0;0;0;0
933;536;2015;Delantero;31;2069;27;6.948574;16;4;72;39;305;24;75.29;0;0;9;209;74;18;10;51;18;13;2;0;4;0;0;0
1699;536;2015;Mediocentro;29;1739;24;6.841633;7;2;31;12;413;13;58.41;0;0;30;257;122;24;42;7;2;18;10;1;0;0;0;0
1863;536;2015;Delantero;8;332;7;6.728614;2;0;14;6;40;1;55.75;0;0;0;42;13;5;9;4;1;2;2;0;0;0;0;0
1906;536;2015;Defensa;28;2426;28;6.826628;0;1;12;3;826;4;78.11;0;0;45;142;85;15;28;5;3;6;9;1;0;0;0;0
2040;536;2015;Defensa;15;1172;14;6.928242;1;1;12;5;355;14;74.93;0;0;25;158;91;23;24;26;15;12;2;0;0;0;0;0
2043;536;2015;Defensa;14;1050;13;6.928857;1;1;7;3;393;2;77.93;0;0;27;96;48;6;14;4;1;7;4;0;0;0;0;0
2050;536;2015;Mediocentro;25;1725;25;7.30087;5;2;39;19;972;44;80.36;0;0;19;295;142;44;26;66;40;27;8;1;1;0;0;0
2673;536;2015;Portero;4;360;4;6.625;0;0;0;0;72;0;69.0;0;0;0;5;5;2;0;0;0;0;1;0;0;8;14;0
19014;536;2015;Portero;34;3060;34;6.926471;0;0;0;0;518;0;61.29;0;0;7;21;19;5;0;0;0;2;2;0;0;42;112;1
22086;536;2015;Defensa;29;2383;28;6.870164;0;0;8;2;964;3;81.38;0;0;59;144;82;10;25;9;8;6;6;1;0;0;0;0
30735;536;2015;Defensa;7;555;7;6.773514;0;0;3;0;157;2;80.29;0;0;11;33;21;4;4;0;0;1;2;0;0;0;0;0
35834;536;2015;Defensa;2;123;2;6.990244;0;0;0;0;65;1;71.0;0;0;6;18;12;4;3;0;0;0;1;0;0;0;0;0
41098;536;2015;Defensa;4;278;4;6.614388;0;0;2;0;72;3;72.5;0;0;4;35;21;4;3;2;2;4;2;0;0;0;0;0
46756;536;2015;Defensa;1;90;1;6.7;0;0;1;0;15;0;62.0;0;0;2;13;9;0;1;0;0;1;0;0;0;0;0;0
46763;536;2015;Defensa;1;90;1;6.2;0;0;0;0;29;0;82.0;0;0;0;7;3;1;0;2;0;0;0;0;0;0;0;0
46801;536;2015;Mediocentro;27;1657;19;7.034822;1;3;25;3;681;36;83.15;0;0;20;161;66;15;26;26;14;11;3;0;0;0;0;0
46808;536;2015;Delantero;1;27;0;6.5;0;0;0;0;8;1;88.0;0;0;0;3;2;1;0;0;0;0;0;0;0;0;0;0
46817;536;2015;Defensa;2;107;1;6.768224;1;0;2;2;41;0;83.5;0;0;2;9;5;1;1;0;0;1;0;0;0;0;0;0
46957;536;2015;Delantero;8;299;6;6.689632;1;0;6;3;24;0;75.0;0;0;0;31;8;1;5;4;2;0;0;0;0;0;0;0
47034;536;2015;Mediocentro;24;1186;18;6.741484;1;1;21;9;344;33;65.38;0;0;13;213;93;39;22;41;19;22;6;0;0;0;0;0
47226;536;2015;Mediocentro;1;90;1;6.5;0;0;0;0;40;1;87.0;0;0;2;12;4;2;3;1;0;3;0;0;0;0;0;0
47260;536;2015;Mediocentro;21;1451;19;6.799104;0;1;3;1;697;6;82.38;0;0;38;238;117;44;45;13;8;38;5;0;0;0;0;0
47451;536;2015;Defensa;21;1740;20;6.578851;1;1;31;9;452;10;67.95;0;0;40;245;117;31;32;37;17;34;3;0;0;0;0;0
47545;536;2015;Mediocentro;2;47;1;6.402128;0;0;0;0;8;0;66.5;0;0;0;6;3;0;2;1;1;1;1;0;0;0;0;0
104932;536;2015;Mediocentro;4;300;3;6.06;0;1;3;1;76;4;72.0;0;0;3;52;22;6;9;15;5;0;3;0;0;0;0;0
113711;536;2015;Defensa;24;2159;24;6.746225;0;3;12;5;639;20;74.46;0;0;44;143;81;27;11;23;6;8;3;0;0;0;0;0
660;538;2015;Mediocentro;6;59;5;6.589831;0;0;0;0;23;0;61.67;0;0;2;17;10;4;2;2;2;0;0;0;0;0;0;0
932;538;2015;Mediocentro;36;2703;34;7.121791;2;5;50;12;1225;42;75.58;0;0;49;292;158;40;29;29;17;18;3;0;0;0;0;0
2042;538;2015;Defensa;31;2615;30;6.851702;0;1;2;0;1269;3;81.35;0;0;100;212;113;5;32;4;4;15;6;0;0;0;0;0
2058;538;2015;Delantero;29;2472;28;7.411691;12;7;81;33;762;62;65.9;0;0;27;411;183;61;41;143;58;23;10;0;1;0;0;0
2557;538;2015;Mediocentro;33;2311;30;6.954262;2;4;28;6;1194;15;77.91;0;0;63;567;305;96;79;36;24;39;16;1;0;0;0;0
5914;538;2015;Mediocentro;14;983;12;6.923906;0;1;12;1;656;2;87.36;0;0;30;84;39;13;10;7;5;18;3;0;0;0;0;0
8627;538;2015;Mediocentro;23;1195;19;6.561757;2;1;18;6;224;10;71.96;0;0;13;170;82;29;20;63;28;6;5;0;0;0;0;0
13114;538;2015;Mediocentro;15;1338;15;7.145291;1;1;9;3;940;6;89.87;0;0;38;205;113;18;29;12;11;31;6;0;0;0;0;0
18740;538;2015;Defensa;36;2958;35;6.805477;1;4;14;4;1266;22;80.11;0;0;105;322;164;21;44;50;29;31;10;2;0;0;0;0
21648;538;2015;Delantero;10;505;8;6.534851;1;0;11;4;78;5;63.6;0;0;2;97;42;6;11;16;6;5;1;0;0;0;0;0
40258;538;2015;Mediocentro;4;132;2;6.527273;0;0;0;0;37;1;71.25;0;0;4;15;9;0;0;5;3;1;0;0;0;0;0;0
47371;538;2015;Delantero;35;1232;23;6.891802;7;0;33;18;218;16;72.03;0;0;2;151;58;27;26;20;8;3;2;0;1;0;0;0
47390;538;2015;Mediocentro;33;2915;33;6.959485;7;7;77;24;1189;60;77.12;0;0;28;488;215;90;24;164;74;14;10;1;1;0;0;0
47425;538;2015;Portero;31;2725;31;6.719633;0;0;0;0;448;0;53.61;0;0;2;14;10;1;0;0;0;2;1;0;0;49;82;1
47426;538;2015;Portero;8;690;8;6.64087;0;0;0;0;99;0;52.88;0;0;0;4;3;2;2;0;0;0;1;1;0;12;18;0
47428;538;2015;Defensa;31;2675;31;7.105981;0;0;6;2;1533;5;85.29;0;0;106;316;185;19;39;2;1;29;13;2;0;0;0;0
47432;538;2015;Defensa;34;2944;34;6.962466;1;4;7;4;1138;17;75.59;0;0;117;277;154;16;47;22;11;28;9;0;0;0;0;0
47441;538;2015;Mediocentro;30;1448;21;6.86761;0;1;6;1;654;3;84.27;0;0;39;176;101;15;27;17;11;9;5;0;0;0;0;0
47445;538;2015;Delantero;35;2668;33;7.17916;14;4;80;34;725;51;76.86;0;0;14;281;102;36;39;55;27;16;8;0;1;0;0;0
47509;538;2015;Defensa;26;1680;23;6.732321;0;2;3;1;703;9;68.12;0;0;65;188;103;10;18;3;2;26;4;0;0;0;0;0
51251;538;2015;Defensa;7;540;7;7.071481;1;0;2;1;416;2;89.71;0;0;15;45;32;2;2;4;2;4;1;0;0;0;0;0
61160;538;2015;Delantero;6;104;3;5.931731;0;0;1;0;25;0;90.67;0;0;0;12;4;1;1;5;2;1;1;0;0;0;0;0
62032;538;2015;Mediocentro;1;1;1;0.0;0;0;0;0;2;0;100.0;0;0;0;1;0;0;0;0;0;0;0;0;0;0;0;0
104828;538;2015;Defensa;1;39;1;6.5;0;0;0;0;6;0;85.0;0;0;2;2;1;0;1;0;0;0;0;0;0;0;0;0
104841;538;2015;Mediocentro;8;383;4;6.371018;0;1;2;1;73;2;63.0;0;0;3;72;30;14;6;18;7;5;1;0;0;0;0;0
108561;538;2015;Defensa;1;90;1;6.4;0;0;1;0;10;0;41.0;0;0;3;9;5;2;2;0;0;2;1;0;0;0;0;0
116827;538;2015;Portero;1;4;1;0.0;0;0;0;0;2;0;100.0;0;0;0;0;0;0;0;0;0;0;0;0;0;1;0;0
1563;539;2015;Defensa;28;2519;28;6.921159;1;1;13;3;832;5;73.07;0;0;109;183;106;13;34;8;8;13;10;1;0;0;0;0
2490;539;2015;Mediocentro;33;2685;33;6.840782;1;2;35;3;800;28;72.36;0;0;63;317;164;26;50;30;14;20;10;0;0;0;0;0
3170;539;2015;Defensa;14;1260;14;6.842857;1;0;5;2;387;3;73.36;0;0;34;66;40;7;8;3;3;4;1;0;0;0;0;0
5907;539;2015;Defensa;3;270;3;5.466667;0;0;0;0;72;0;74.67;0;0;4;49;25;8;4;3;1;13;1;0;0;0;0;0
6588;539;2015;Delantero;13;479;9;6.632985;0;1;11;4;77;7;63.69;0;0;5;70;36;9;6;33;16;1;1;0;0;0;0;0
9934;539;2015;Delantero;33;2163;29;7.036477;9;1;69;30;353;25;55.7;0;0;17;462;250;68;49;29;11;18;14;2;0;0;0;0
18998;539;2015;Mediocentro;34;2113;27;6.664316;2;3;28;8;891;19;80.88;0;0;30;283;118;27;32;37;17;21;4;0;0;0;0;0
33361;539;2015;Mediocentro;30;2178;27;6.885813;1;0;10;4;745;3;73.8;0;0;72;287;175;35;53;9;8;8;12;2;0;0;0;0
46647;539;2015;Portero;15;1350;15;6.54;0;0;0;0;171;0;49.47;0;0;0;4;3;0;1;0;0;0;4;0;0;27;41;0
46658;539;2015;Mediocentro;22;1010;16;6.761584;1;0;15;7;273;21;72.5;0;0;16;177;73;27;23;36;18;14;5;0;0;0;0;0
46772;539;2015;Mediocentro;12;801;11;6.968914;0;0;12;4;318;3;74.33;0;0;26;125;70;16;11;6;4;18;5;0;0;0;0;0
46870;539;2015;Portero;23;2070;23;6.808696;0;0;0;0;431;1;62.13;0;0;1;15;13;6;0;1;1;1;1;0;0;43;79;0
46915;539;2015;Defensa;8;668;8;6.517066;0;0;2;0;140;0;75.0;0;0;19;36;15;1;6;1;1;2;0;0;0;0;0;0
46955;539;2015;Delantero;23;941;13;6.84102;3;1;12;3;267;12;72.7;0;0;7;190;86;19;22;15;7;6;4;0;0;0;0;0
47108;539;2015;Mediocentro;29;2127;25;6.995252;2;3;25;7;1013;39;82.28;0;0;31;173;88;29;38;11;6;23;13;0;1;0;0;0
47219;539;2015;Defensa;13;957;11;6.60721;0;0;6;0;209;4;66.46;0;0;31;113;61;6;15;28;16;10;3;0;0;0;0;0
47453;539;2015;Mediocentro;27;2387;27;6.53938;0;1;11;3;658;19;70.33;0;0;64;316;164;40;47;80;47;17;8;0;0;0;0;0
47454;539;2015;Defensa;17;1299;16;6.642571;1;0;6;2;375;4;77.71;0;0;26;146;75;22;24;29;16;16;8;0;0;0;0;0
47467;539;2015;Mediocentro;35;2674;34;6.778833;7;5;71;24;561;55;68.63;0;0;26;424;170;37;16;168;70;34;4;0;0;0;0;0
47471;539;2015;Delantero;16;646;13;6.581889;0;0;21;8;77;5;64.19;0;0;3;93;35;9;20;11;6;5;4;0;0;0;0;0
50187;539;2015;Delantero;20;1009;15;6.501784;0;1;20;5;140;10;57.6;0;0;6;195;62;9;23;37;14;1;1;0;0;0;0;0
78739;539;2015;Mediocentro;13;907;12;6.911797;1;1;9;2;426;21;83.08;0;0;10;85;36;12;5;9;5;12;0;0;0;0;0;0
88774;539;2015;Defensa;1;90;1;6.1;0;0;0;0;15;0;50.0;0;0;2;9;2;0;4;1;0;1;1;0;0;0;0;0
91429;539;2015;Delantero;17;1160;15;6.891034;6;2;33;18;242;20;79.53;0;0;9;143;50;17;13;35;18;10;1;0;1;0;0;0
104975;539;2015;Defensa;20;1692;20;6.687411;0;0;7;2;530;1;77.15;0;0;40;107;60;10;15;2;1;10;5;1;0;0;0;0
105049;539;2015;Mediocentro;13;526;10;6.245247;0;0;8;3;87;2;71.92;0;0;2;76;20;7;14;14;3;5;5;0;0;0;0;0
116819;539;2015;Defensa;20;1516;20;6.732058;0;1;3;0;392;6;59.95;0;0;39;142;81;17;15;14;9;22;8;0;0;0;0;0
746;540;2015;Mediocentro;34;2832;34;6.984958;4;10;61;22;897;67;79.82;0;0;16;396;176;57;39;106;55;55;3;0;0;0;0;0
1557;540;2015;Portero;36;3195;35;6.653521;0;0;0;0;386;0;46.33;0;0;4;21;19;7;0;0;0;2;4;0;0;64;96;0
1689;540;2015;Defensa;36;3227;36;6.818314;0;1;16;6;1098;13;73.33;0;0;61;232;154;40;32;10;8;12;10;0;0;0;0;0
1707;540;2015;Delantero;32;1915;24;6.86235;7;3;51;21;468;19;67.94;0;0;14;351;136;21;41;79;34;10;5;1;1;0;0;0
1861;540;2015;Delantero;31;2141;27;6.814713;8;0;40;18;377;16;74.48;0;0;6;357;139;36;53;52;32;8;6;0;0;0;0;0
1983;540;2015;Defensa;33;2461;29;6.646201;2;0;11;3;773;2;71.42;0;0;60;163;79;7;34;7;5;10;9;0;0;0;0;0
2369;540;2015;Mediocentro;13;690;10;6.60029;0;0;0;0;328;3;81.46;0;0;19;70;34;11;11;1;0;8;5;0;0;0;0;0
2520;540;2015;Mediocentro;32;2446;31;6.580703;7;1;47;18;628;30;69.78;0;0;41;519;216;55;87;147;72;49;12;0;0;0;0;0
8518;540;2015;Delantero;14;329;10;6.540122;0;0;8;1;45;3;62.71;0;0;0;70;27;10;15;12;5;0;2;0;0;0;0;0
35810;540;2015;Mediocentro;20;1102;16;6.828312;1;1;15;7;402;15;73.8;0;0;26;88;40;7;12;3;2;13;1;0;0;0;0;0
42979;540;2015;Portero;3;225;3;6.04;0;0;0;0;19;0;33.33;0;0;0;4;4;0;0;0;0;0;0;0;0;15;7;0
46733;540;2015;Defensa;4;360;4;6.925;0;0;4;1;81;1;73.0;0;0;7;25;21;2;3;0;0;0;1;0;0;0;0;0
46743;540;2015;Mediocentro;15;526;9;6.61673;1;0;7;4;271;14;89.07;0;0;3;46;19;9;4;3;1;8;3;0;0;0;0;0
46757;540;2015;Defensa;7;468;6;6.517308;0;0;0;0;171;0;79.86;0;0;14;49;26;4;9;8;4;4;4;1;0;0;0;0
47086;540;2015;Mediocentro;7;273;6;6.548352;0;0;4;2;50;3;77.14;0;0;4;41;21;10;4;10;2;5;1;0;0;0;0;0
47328;540;2015;Defensa;14;1196;14;6.841388;1;0;8;3;316;1;69.43;0;0;42;109;59;3;19;2;2;8;5;0;0;0;0;0
47333;540;2015;Defensa;31;2422;30;6.68493;0;2;3;1;637;7;68.26;0;0;77;328;185;32;48;31;20;44;10;0;0;0;0;0
47342;540;2015;Mediocentro;29;2314;29;6.984054;1;6;24;8;792;25;78.45;0;0;71;351;171;35;68;20;14;37;15;2;0;0;0;0
47355;540;2015;Defensa;22;1864;21;6.754506;0;1;11;2;464;11;69.73;0;0;60;197;101;21;34;9;2;11;5;0;0;0;0;0
47362;540;2015;Mediocentro;26;976;16;6.869467;1;3;30;11;268;17;74.38;0;0;9;153;80;21;7;71;33;7;0;0;0;0;0;0
47377;540;2015;Defensa;7;630;7;6.857143;0;0;7;2;253;6;77.29;0;0;15;75;43;7;11;7;5;7;3;0;0;0;0;0
47387;540;2015;Mediocentro;30;2485;29;6.927767;3;0;22;8;905;3;77.03;0;0;88;410;212;52;65;18;12;37;15;1;0;0;0;0
47389;540;2015;Mediocentro;9;624;8;7.016667;1;0;9;4;319;9;87.56;0;0;15;82;39;3;12;13;7;13;3;0;0;0;0;0
53490;540;2015;Defensa;27;1966;25;6.445982;1;2;13;4;409;17;59.33;0;0;29;291;133;33;36;36;13;37;4;0;0;0;0;0
82030;540;2015;Defensa;10;759;10;6.657312;0;0;1;1;192;2;78.5;0;0;19;62;37;7;9;3;2;1;2;0;0;0;0;0
87220;540;2015;Defensa;2;135;2;6.166667;0;0;0;0;66;0;76.5;0;0;6;14;9;1;1;0;0;1;0;0;0;0;0;0
373;541;2015;Defensa;21;1887;21;7.170588;1;1;12;6;997;7;86.62;0;0;53;177;119;23;17;11;6;9;5;0;0;0;0;0
517;541;2015;Mediocentro;26;1516;22;7.615237;7;8;39;18;936;62;85.04;0;0;16;169;76;17;12;44;19;25;1;0;0;0;0;0
618;541;2015;Defensa;24;2044;23;7.221135;2;5;18;6;1069;19;85.12;0;0;55;212;133;19;36;20;15;17;6;0;0;0;0;0
731;541;2015;Portero;34;3060;34;7.129412;0;0;0;0;455;0;64.38;0;0;4;21;21;5;2;0;0;0;0;0;0;28;95;3
733;541;2015;Defensa;22;1638;21;7.016422;0;4;8;0;874;31;86.91;0;0;40;195;104;26;26;41;23;20;6;0;0;0;0;0
735;541;2015;Defensa;16;1153;15;7.026019;0;0;5;2;477;3;90.44;0;0;36;99;64;14;17;6;4;4;5;0;0;0;0;0
738;541;2015;Defensa;23;1944;23;7.245988;2;2;19;4;1151;7;89.3;0;0;77;164;103;26;34;5;3;8;11;2;0;0;0;0
742;541;2015;Defensa;26;2181;25;7.057955;0;0;12;2;1084;1;87.15;0;0;44;163;107;9;24;9;8;9;6;1;0;0;0;0
743;541;2015;Defensa;30;2474;29;7.250404;2;3;19;4;1469;51;80.23;0;0;54;289;170;34;16;98;56;33;2;0;0;0;0;0
745;541;2015;Mediocentro;31;1826;26;7.029025;3;7;40;12;1054;46;88.9;0;0;24;300;136;40;29;106;57;24;2;1;0;0;0;0
747;541;2015;Mediocentro;23;1526;19;7.377261;1;3;20;3;890;7;85.91;0;0;45;259;159;36;38;12;9;36;7;0;0;0;0;0
752;541;2015;Mediocentro;32;2745;32;7.374098;1;10;20;4;2277;57;93.31;0;0;40;266;146;47;34;33;25;53;3;0;0;0;0;0
753;541;2015;Mediocentro;2;23;0;6.6;0;0;0;0;20;1;94.0;0;0;1;0;0;0;0;0;0;0;0;0;0;0;0;0
754;541;2015;Mediocentro;32;2627;32;7.458432;2;4;35;10;1986;61;89.78;0;0;62;261;148;44;26;60;47;22;5;0;0;0;0;0
757;541;2015;Mediocentro;25;1230;18;7.189268;4;6;23;13;536;30;84.88;0;0;25;214;121;35;16;51;29;16;4;0;0;0;0;0
758;541;2015;Delantero;23;1738;22;8.055811;19;10;81;36;556;52;78.57;0;0;20;193;100;27;13;71;42;10;2;0;0;0;0;0
759;541;2015;Delantero;27;1993;27;7.644004;24;7;98;51;545;43;80.48;0;0;3;150;55;21;16;38;17;2;1;0;0;0;0;0
874;541;2015;Delantero;36;3183;36;7.853849;35;11;227;98;850;52;79.39;0;0;8;311;155;38;22;92;51;12;3;0;6;0;0;0
923;541;2015;Mediocentro;2;33;1;6.6;0;1;1;0;17;1;80.5;0;0;2;14;5;1;5;2;2;2;0;0;0;0;0;0
1585;541;2015;Delantero;28;827;18;6.959129;5;6;21;17;289;23;78.36;0;0;9;99;45;10;12;36;19;6;0;0;0;0;0;0
2291;541;2015;Mediocentro;25;1027;16;6.877118;0;2;10;3;684;18;86.44;0;0;14;128;73;14;16;30;20;8;4;1;0;0;0;0
19112;541;2015;Portero;4;360;4;7.0;0;0;0;0;45;0;62.5;0;0;0;0;0;0;0;0;0;0;0;0;0;6;14;0
47472;541;2015;Delantero;6;283;3;6.577385;0;0;3;0;71;1;83.67;0;0;0;31;11;3;4;2;2;2;0;0;0;0;0;0
90521;541;2015;Defensa;6;258;3;7.005426;0;0;0;0;113;1;89.17;0;0;9;37;25;1;6;1;0;3;1;0;0;0;0;0
27;543;2015;Portero;36;3213;36;6.914566;0;0;0;0;397;2;39.11;0;0;5;22;16;4;1;1;1;3;6;0;0;50;129;1
328;543;2015;Mediocentro;12;428;8;6.418458;0;1;4;2;193;6;77.5;0;0;2;64;20;3;9;13;5;4;0;0;0;0;0;0
748;543;2015;Mediocentro;34;2136;27;6.779822;0;2;17;3;1002;23;79.32;0;0;38;458;216;77;37;100;52;60;11;1;0;0;0;0
921;543;2015;Defensa;16;1421;16;6.736312;0;0;14;3;471;13;77.25;0;0;41;206;107;12;25;51;24;15;3;0;0;0;0;0
1579;543;2015;Mediocentro;30;1961;26;6.827435;1;5;27;6;641;50;77.3;0;0;28;281;133;40;11;91;47;5;3;0;0;0;0;0
2469;543;2015;Defensa;25;2165;25;7.037875;3;1;17;8;570;3;71.36;0;0;87;231;141;13;22;0;0;22;9;0;0;0;0;0
2992;543;2015;Mediocentro;34;3010;34;6.943987;2;0;25;5;913;6;78.0;0;0;90;417;209;26;49;43;32;25;6;0;0;0;0;0
18965;543;2015;Defensa;13;1167;13;6.893316;0;1;1;0;433;4;76.46;0;0;43;162;97;22;8;27;14;12;4;0;0;0;0;0
32970;543;2015;Delantero;3;129;2;6.575969;0;0;6;1;15;4;68.0;0;0;0;25;9;2;5;3;0;1;0;0;0;0;0;0
37125;543;2015;Mediocentro;16;1227;13;6.962021;1;1;14;6;268;13;78.25;0;0;9;241;142;52;14;95;57;6;2;0;0;0;0;0
44318;543;2015;Mediocentro;30;2328;29;6.925387;1;1;9;1;981;15;82.93;0;0;62;379;209;69;51;35;18;59;9;1;0;0;0;0
46692;543;2015;Mediocentro;3;84;2;6.510714;0;0;1;0;29;2;56.67;0;0;0;11;6;3;0;3;2;2;0;0;0;0;0;0
46781;543;2015;Delantero;6;191;3;6.565969;1;0;5;2;32;1;60.17;0;0;1;43;14;5;7;2;0;0;1;0;0;0;0;0
46784;543;2015;Portero;3;207;2;6.613043;0;0;0;0;40;0;49.0;0;0;0;0;0;0;0;0;0;0;0;0;0;3;5;0
46880;543;2015;Defensa;21;1191;20;6.345592;0;1;5;1;326;7;69.19;0;0;36;155;59;7;27;22;6;15;5;0;0;0;0;0
46981;543;2015;Mediocentro;12;633;12;6.615166;0;0;7;2;243;1;72.83;0;0;16;65;29;12;13;3;2;8;2;0;0;0;0;0
47012;543;2015;Delantero;38;3377;38;7.001392;19;4;103;48;713;31;74.18;0;0;14;246;103;60;17;47;13;8;3;0;3;0;0;0
47104;543;2015;Defensa;14;909;11;6.79538;0;1;6;2;279;9;69.86;0;0;19;60;31;4;4;4;1;6;3;0;0;0;0;0
47252;543;2015;Defensa;32;2807;32;7.02964;0;0;17;4;806;1;76.41;0;0;91;262;158;16;35;13;11;21;9;0;0;0;0;0
47262;543;2015;Mediocentro;19;965;14;6.619067;0;0;5;0;449;18;84.21;0;0;9;117;44;11;13;28;18;15;3;0;0;0;0;0
47265;543;2015;Delantero;23;917;15;6.70807;1;1;14;6;176;10;62.65;0;0;4;140;56;23;14;7;3;4;4;0;0;0;0;0
48390;543;2015;Delantero;16;616;10;6.804545;1;2;14;4;105;7;69.06;0;0;9;107;39;12;20;4;2;4;1;0;0;0;0;0
77168;543;2015;Mediocentro;30;1874;26;6.728282;1;2;36;11;483;27;70.87;0;0;33;350;162;41;45;83;40;32;10;0;0;0;0;0
78370;543;2015;Defensa;20;1633;20;7.093631;1;0;15;4;469;2;71.35;0;0;59;185;117;13;19;10;8;15;7;2;0;0;0;0
90710;543;2015;Defensa;3;167;3;6.78982;0;0;0;0;51;0;83.0;0;0;8;19;11;0;2;1;1;2;1;0;0;0;0;0
101283;543;2015;Defensa;20;1718;20;6.908615;2;2;17;4;450;27;72.6;0;0;47;123;62;6;25;18;13;9;7;1;0;0;0;0
104131;543;2015;Mediocentro;8;485;7;6.557938;0;0;10;1;207;8;78.12;0;0;6;66;24;7;6;11;4;7;1;0;0;0;0;0
104861;543;2015;Mediocentro;8;287;5;6.632753;0;0;2;1;114;0;68.0;0;0;6;40;18;4;8;3;1;3;2;0;0;0;0;0
114799;543;2015;Mediocentro;7;177;6;6.698305;0;0;6;1;71;2;80.0;0;0;2;35;15;10;4;3;0;3;0;0;0;0;0;0
1562;544;2015;Defensa;33;2897;33;7.037556;0;0;6;0;945;5;77.82;0;0;103;214;134;20;15;21;13;11;2;0;0;0;0;0
1859;544;2015;Delantero;29;2108;28;7.041082;6;7;80;27;487;32;66.52;0;0;10;274;110;21;8;79;34;16;3;0;0;0;0;0
2616;544;2015;Delantero;13;566;7;6.501943;0;0;17;7;60;3;70.0;0;0;1;83;23;5;16;12;5;3;2;0;0;0;0;0
2715;544;2015;Mediocentro;38;2841;33;6.998381;5;3;46;19;1191;58;81.08;0;0;48;250;119;35;27;34;12;25;3;0;0;0;0;0
2840;544;2015;Mediocentro;24;1909;22;6.975065;3;2;20;9;764;24;79.92;0;0;34;246;137;15;22;9;6;13;5;1;0;0;0;0
5946;544;2015;Mediocentro;15;390;11;6.657179;0;1;3;0;92;4;64.67;0;0;19;81;43;5;6;20;10;4;2;0;0;0;0;0
5986;544;2015;Portero;29;2557;29;6.72937;0;0;0;0;457;1;48.79;0;0;4;18;16;8;1;1;1;1;4;1;0;38;73;1
6997;544;2015;Delantero;22;787;13;6.804193;2;0;24;6;165;7;58.95;0;0;3;157;69;17;21;7;4;2;3;0;0;0;0;0
7581;544;2015;Mediocentro;5;185;4;6.459459;0;0;3;1;47;2;81.0;0;0;1;32;11;0;5;1;1;8;0;0;0;0;0;0
18833;544;2015;Delantero;36;3140;36;7.103344;17;8;100;50;709;72;78.89;0;0;5;271;108;48;35;77;38;15;3;0;1;0;0;0
35903;544;2015;Defensa;31;2737;31;6.866606;2;0;12;4;806;3;71.87;0;0;103;297;177;31;30;16;10;22;11;1;0;0;0;0
46796;544;2015;Mediocentro;22;1750;20;6.947543;2;1;15;3;680;21;78.55;0;0;40;214;104;6;19;6;3;33;3;0;0;0;0;0
46797;544;2015;Mediocentro;26;1355;18;7.03786;3;3;51;18;449;23;79.23;0;0;30;269;139;53;18;74;41;21;3;0;0;0;0;0
46805;544;2015;Mediocentro;37;3288;37;7.087409;0;2;29;4;1608;22;81.68;0;0;83;402;213;43;69;12;9;52;10;0;0;0;0;0
46945;544;2015;Defensa;23;1545;19;6.674175;0;0;1;0;415;6;69.74;0;0;55;147;69;12;23;12;3;12;6;0;0;0;0;0
47405;544;2015;Defensa;35;2683;33;6.690608;1;2;19;2;796;20;73.46;0;0;104;269;142;26;10;44;15;24;4;0;0;0;0;0
47460;544;2015;Defensa;2;50;1;6.328;0;0;1;1;28;0;81.5;0;0;0;4;1;0;2;0;0;1;0;0;0;0;0;0
47563;544;2015;Defensa;20;1089;17;6.654821;0;0;8;1;277;6;74.15;0;0;21;156;96;33;20;30;20;13;7;1;0;0;0;0
53659;544;2015;Mediocentro;3;41;2;7.034146;0;1;4;0;12;1;60.0;0;0;0;9;3;0;1;4;1;1;0;0;0;0;0;0
89980;544;2015;Portero;8;682;8;6.290909;0;0;0;0;93;0;42.5;0;0;0;5;4;2;0;0;0;1;1;0;0;18;15;0
104796;544;2015;Defensa;35;2961;35;6.859203;0;2;1;0;948;13;74.26;0;0;90;307;193;37;37;22;9;23;5;0;0;0;0;0
105045;544;2015;Mediocentro;18;892;17;6.628924;0;0;10;5;280;8;68.06;0;0;16;110;44;11;9;20;10;13;2;0;0;0;0;0
105108;544;2015;Defensa;10;741;10;6.722672;0;0;4;0;253;1;68.0;0;0;24;59;31;4;8;1;0;9;5;0;0;0;0;0
115979;544;2015;Portero;2;180;2;6.4;0;0;0;0;29;0;51.0;0;0;0;0;0;0;0;0;0;0;0;0;0;6;5;0
116822;544;2015;Defensa;3;175;3;6.598857;0;0;1;0;74;1;83.67;0;0;5;7;3;0;0;0;0;3;0;0;0;0;0;0
334;545;2015;Delantero;9;290;4;6.799655;0;0;6;1;60;7;84.78;0;0;5;48;16;8;13;9;3;3;2;0;0;0;0;0
1327;545;2015;Mediocentro;7;174;3;6.374138;0;0;2;0;50;3;83.29;0;0;1;21;5;1;3;6;0;0;0;0;0;0;0;0
2600;545;2015;Mediocentro;27;1627;24;6.751936;3;3;35;10;347;23;74.41;0;0;12;186;72;18;24;42;17;20;1;0;0;0;0;0
15510;545;2015;Defensa;4;188;3;6.234043;0;0;0;0;39;0;52.25;0;0;6;20;6;1;6;0;0;2;1;0;0;0;0;0
15886;545;2015;Mediocentro;8;405;6;6.69284;0;0;1;0;140;1;77.62;0;0;13;52;28;6;12;2;2;4;3;1;0;0;0;0
19533;545;2015;Mediocentro;13;689;10;6.443687;0;0;13;5;166;13;69.54;0;0;6;107;37;4;19;41;19;5;1;0;0;0;0;0
46650;545;2015;Defensa;10;549;8;6.708561;0;0;4;0;199;3;65.8;0;0;25;52;25;5;15;2;1;5;6;1;0;0;0;0
46765;545;2015;Defensa;20;1677;19;6.723256;0;0;9;1;320;1;62.4;0;0;74;139;75;1;21;2;1;9;5;0;0;0;0;0
46827;545;2015;Mediocentro;31;2140;25;6.727523;5;0;42;20;680;14;74.03;0;0;41;255;109;20;38;14;5;17;6;0;0;0;0;0
46856;545;2015;Delantero;28;1334;21;6.934708;4;4;33;14;330;42;65.0;0;0;29;202;66;8;24;57;17;17;1;0;3;0;0;0
46952;545;2015;Mediocentro;5;184;4;6.959783;0;0;2;1;45;1;64.4;0;0;5;40;20;4;9;0;0;4;1;0;0;0;0;0
47073;545;2015;Defensa;30;2592;30;6.748997;0;1;12;5;607;6;63.77;0;0;85;267;159;17;30;12;8;25;7;0;0;0;0;0
47274;545;2015;Defensa;35;3032;35;6.82223;2;5;16;5;725;22;61.51;0;0;94;339;198;29;48;67;35;34;12;0;0;0;0;0
47281;545;2015;Mediocentro;34;2966;34;6.930917;0;0;20;4;1278;13;75.29;0;0;92;355;201;44;45;11;10;45;15;0;0;0;0;0
47370;545;2015;Delantero;35;2568;33;6.934346;18;3;92;42;411;17;68.11;0;0;9;356;119;29;38;19;7;25;3;0;3;0;0;0
47376;545;2015;Portero;33;2970;33;6.672727;0;0;0;0;381;0;41.48;0;0;5;31;27;8;1;0;0;2;1;0;0;54;77;1
47382;545;2015;Defensa;22;1704;22;6.913732;0;1;8;1;550;4;70.95;0;0;52;141;92;11;18;9;7;6;6;1;0;0;0;0
47388;545;2015;Mediocentro;33;2763;33;6.965726;3;1;22;5;872;13;72.39;0;0;89;461;224;27;80;46;29;50;14;0;0;0;0;0
47395;545;2015;Delantero;37;2339;31;7.063617;9;6;44;23;577;31;65.46;0;0;14;474;205;51;54;24;12;7;4;0;0;0;0;0
47431;545;2015;Defensa;30;2311;27;6.76257;0;4;9;0;577;21;67.37;0;0;56;231;142;33;33;35;17;16;8;0;0;0;0;0
47455;545;2015;Defensa;14;911;12;6.731394;0;1;2;1;258;5;71.0;0;0;30;70;42;7;8;13;6;3;2;0;0;0;0;0
47488;545;2015;Mediocentro;28;2225;27;6.755281;3;3;35;13;503;43;68.43;0;0;25;370;176;58;39;84;37;31;5;1;0;0;0;0
105035;545;2015;Defensa;8;542;8;6.575646;0;0;4;1;114;2;62.38;0;0;14;35;22;3;5;0;0;2;0;0;0;0;0;0
105084;545;2015;Portero;4;360;4;6.675;0;0;0;0;35;0;39.5;0;0;0;2;1;0;0;0;0;1;0;0;0;7;13;0
116817;545;2015;Delantero;6;57;1;6.721053;1;0;1;1;33;0;70.33;0;0;0;5;3;2;0;0;0;0;0;0;0;0;0;0
116832;545;2015;Mediocentro;2;3;1;0.0;0;0;0;0;6;1;42.5;0;0;0;4;2;0;0;0;0;1;0;0;0;0;0;0
116837;545;2015;Defensa;1;1;0;0.0;0;0;0;0;0;0;0.0;0;0;0;0;0;0;0;0;0;0;0;0;0;0;0;0
116840;545;2015;Defensa;1;5;1;6.5;0;0;0;0;1;0;20.0;0;0;0;1;1;1;0;0;0;0;0;0;0;0;0;0
2056;546;2015;Mediocentro;31;2535;30;6.881578;7;6;62;33;683;76;73.39;0;0;32;393;156;58;41;104;46;46;9;0;0;0;0;0
2083;546;2015;Delantero;20;760;14;6.693158;0;0;24;3;183;8;80.0;0;0;11;135;66;18;17;50;29;9;2;0;0;0;0;0
3424;546;2015;Mediocentro;8;53;3;6.267925;0;0;2;0;35;0;60.25;0;0;0;22;12;2;3;8;6;0;0;0;0;0;0;0
18835;546;2015;Portero;38;3420;38;6.763158;0;0;0;0;413;2;44.79;0;0;8;25;21;2;0;1;1;3;2;0;0;67;124;1
19071;546;2015;Mediocentro;17;739;11;6.5341;1;0;13;4;274;5;79.41;0;0;21;151;77;16;16;23;12;15;5;1;0;0;0;0
36057;546;2015;Delantero;1;13;1;6.7;0;0;1;0;9;1;90.0;0;0;0;0;0;0;0;0;0;0;0;0;0;0;0;0
40487;546;2015;Delantero;34;1809;24;6.677833;6;1;30;16;330;22;67.35;0;0;6;203;75;37;15;14;3;10;4;0;0;0;0;0
44423;546;2015;Defensa;15;1350;15;6.933333;1;0;2;1;415;6;76.67;0;0;45;98;60;7;9;7;4;6;7;0;0;0;0;0
46829;546;2015;Mediocentro;31;2663;31;6.78558;0;0;13;0;1131;10;80.58;0;0;68;340;177;32;53;26;19;44;8;0;0;0;0;0
46878;546;2015;Defensa;1;90;1;6.3;0;0;0;0;32;0;69.0;0;0;0;15;5;1;3;2;0;2;1;0;0;0;0;0
46998;546;2015;Defensa;22;1909;22;6.958198;1;1;6;1;582;5;72.95;0;0;61;171;101;23;31;12;9;10;11;1;0;0;0;0
47066;546;2015;Delantero;34;1991;32;6.631441;5;4;49;17;279;22;70.94;0;0;12;235;73;32;18;26;10;13;4;0;1;0;0;0
47257;546;2015;Defensa;31;2635;31;6.677419;0;3;9;1;894;33;73.97;0;0;60;264;127;35;41;41;16;41;7;1;0;0;0;0
47266;546;2015;Defensa;3;201;3;6.754229;0;0;0;0;50;0;84.0;0;0;10;15;9;1;1;2;1;1;0;0;0;0;0;0
47359;546;2015;Defensa;14;1194;14;6.578811;1;0;4;3;266;7;76.07;0;0;26;126;64;7;19;22;8;10;7;1;0;0;0;0
47392;546;2015;Mediocentro;31;1849;26;6.700324;2;4;47;11;402;34;67.32;0;0;21;312;142;32;46;92;46;12;5;0;0;0;0;0
47538;546;2015;Defensa;11;974;11;6.917864;3;1;8;4;248;3;64.73;0;0;26;94;58;3;14;9;5;10;7;0;0;0;0;0
47546;546;2015;Mediocentro;20;1486;20;6.591723;2;1;31;13;494;9;81.5;0;0;20;212;82;23;29;22;11;16;7;0;0;0;0;0
47574;546;2015;Mediocentro;22;915;14;6.652678;2;3;15;9;343;7;83.73;0;0;12;94;34;4;20;25;14;8;3;0;0;0;0;0
48153;546;2015;Delantero;2;124;2;6.717742;0;0;4;0;19;2;61.0;0;0;1;19;7;2;3;2;0;0;0;0;0;0;0;0
50228;546;2015;Defensa;26;2202;25;6.738238;0;0;8;3;726;3;80.54;0;0;69;155;85;5;22;20;17;16;9;1;0;0;0;0
51112;546;2015;Mediocentro;33;2308;29;6.758146;2;2;45;12;859;25;84.42;0;0;21;240;103;33;16;53;23;26;1;0;0;0;0;0
51570;546;2015;Defensa;6;412;6;6.319175;0;0;2;0;82;3;51.67;0;0;14;49;23;1;7;2;0;11;4;1;0;0;0;0
63550;546;2015;Mediocentro;18;972;12;6.613889;0;0;8;1;319;9;70.0;0;0;24;162;88;7;12;78;51;16;3;0;0;0;0;0
105032;546;2015;Mediocentro;32;2516;31;6.861248;0;1;22;5;868;7;76.09;0;0;91;302;151;21;44;9;6;34;11;0;0;0;0;0
105583;546;2015;Defensa;17;1371;17;6.82655;0;2;4;0;386;11;78.12;0;0;41;124;76;14;22;18;12;9;6;0;0;0;0;0
116818;546;2015;Mediocentro;14;1019;12;6.403631;3;2;28;11;161;9;68.5;0;0;11;186;65;23;29;32;9;5;5;0;0;0;0;0
1028;548;2015;Defensa;19;1552;19;6.974678;0;0;5;0;426;1;72.37;0;0;53;108;59;4;18;7;6;14;1;0;0;0;0;0
1163;548;2015;Mediocentro;32;1451;23;6.876637;2;1;46;21;485;24;80.22;0;0;11;206;100;27;14;97;54;15;0;0;0;0;0;0
1570;548;2015;Mediocentro;16;900;15;6.707111;0;0;24;5;379;12;84.12;0;0;5;87;32;15;18;18;3;8;3;0;0;0;0;0
2670;548;2015;Defensa;30;2700;30;7.02;1;0;16;4;1106;4;75.63;0;0;93;258;153;27;33;13;6;15;7;0;0;0;0;0
2875;548;2015;Defensa;27;2313;26;7.205664;2;0;11;2;856;7;78.78;0;0;104;245;158;13;23;16;11;5;5;1;0;0;0;0
25390;548;2015;Delantero;27;1601;21;6.858901;7;2;57;26;249;20;64.37;0;0;4;263;106;34;35;44;11;4;8;1;0;0;0;0
46852;548;2015;Defensa;10;536;7;7.15056;0;2;3;0;212;6;64.4;0;0;25;60;42;6;5;9;4;2;2;0;0;0;0;0
46994;548;2015;Defensa;15;1248;15;6.917308;0;2;4;0;437;11;75.27;0;0;38;118;71;15;20;9;2;6;5;0;0;0;0;0
47074;548;2015;Defensa;13;396;7;6.642677;0;1;4;0;113;1;72.69;0;0;12;43;24;9;2;8;3;4;1;0;0;0;0;0
47259;548;2015;Mediocentro;20;1354;16;6.970162;1;0;12;4;446;5;82.35;0;0;53;170;95;19;33;5;4;16;8;1;0;0;0;0
47273;548;2015;Defensa;21;1849;21;6.97761;0;4;14;2;645;16;75.14;0;0;82;230;145;22;26;37;21;13;10;0;0;0;0;0
47296;548;2015;Portero;36;3192;36;6.909586;0;0;0;0;632;1;58.25;0;0;5;24;18;6;2;2;2;4;4;1;0;46;106;1
47298;548;2015;Defensa;31;2599;31;6.90127;1;0;16;5;879;10;75.39;0;0;81;284;162;25;31;35;14;24;8;0;0;0;0;0
47307;548;2015;Defensa;13;918;10;6.741394;0;0;2;0;216;4;55.77;0;0;23;140;78;22;21;16;7;12;5;0;0;0;0;0
47310;548;2015;Mediocentro;33;2847;32;7.317843;1;1;22;7;1408;30;78.3;0;0;114;419;249;65;44;34;25;37;15;0;0;0;0;0
47312;548;2015;Mediocentro;28;1786;25;7.213214;0;7;36;7;840;45;82.57;0;0;35;127;57;8;20;14;6;11;7;0;0;0;0;0
47314;548;2015;Mediocentro;1;6;1;6.2;0;0;0;0;4;0;80.0;0;0;0;2;0;0;0;0;0;0;0;0;0;0;0;0
47316;548;2015;Mediocentro;16;1129;15;6.931532;1;3;18;7;430;14;79.81;0;0;30;217;113;35;19;31;12;9;1;0;0;0;0;0
47318;548;2015;Delantero;4;118;2;6.772881;1;0;4;2;20;2;45.25;0;0;1;27;11;3;5;3;1;2;2;0;0;0;0;0
47323;548;2015;Mediocentro;22;1500;19;6.786467;6;1;30;10;332;20;72.36;0;0;18;243;86;33;16;41;13;13;1;0;0;0;0;0
47337;548;2015;Mediocentro;15;836;11;7.049163;0;0;6;3;399;13;76.13;0;0;29;124;70;18;18;19;12;8;7;1;0;0;0;0
47449;548;2015;Portero;3;227;2;6.277533;0;0;0;0;37;0;45.0;0;0;0;2;1;1;1;0;0;0;1;0;0;5;4;0
51046;548;2015;Delantero;35;2762;35;6.876032;5;4;59;20;829;50;79.49;0;0;12;406;177;81;36;133;51;20;5;0;0;0;0;0
51576;548;2015;Mediocentro;8;154;5;6.703247;0;3;1;0;49;8;59.62;0;0;2;22;13;4;2;9;5;0;0;0;0;0;0;0
104794;548;2015;Mediocentro;36;2378;33;6.944491;3;3;18;9;938;37;78.08;0;0;34;293;160;59;15;23;11;13;3;0;1;0;0;0
104814;548;2015;Delantero;16;1174;15;7.255537;13;0;46;22;219;3;66.06;0;0;4;160;61;27;10;21;7;8;0;0;0;0;0;0
104994;548;2015;Mediocentro;1;8;1;6.9;0;0;1;1;2;0;66.0;0;0;0;1;1;0;0;1;1;0;0;0;0;0;0;0
1684;715;2015;Portero;37;3329;37;6.689276;0;0;0;0;552;2;53.32;0;0;9;29;25;8;1;1;1;3;6;1;0;67;103;0
2128;715;2015;Defensa;26;1972;25;6.964807;0;1;11;4;530;11;72.15;0;0;68;263;166;17;27;44;25;22;10;1;0;0;0;0
2777;715;2015;Delantero;30;2433;28;6.60748;6;2;56;18;392;29;64.67;0;0;16;449;201;87;51;155;66;11;12;1;0;0;0;0
10402;715;2015;Delantero;8;153;3;6.656863;0;0;7;0;31;2;67.62;0;0;2;31;14;6;5;8;5;3;0;0;0;0;0;0
18805;715;2015;Mediocentro;15;1156;14;6.890657;0;2;10;0;468;11;80.27;0;0;31;123;57;6;19;9;6;8;5;0;0;0;0;0
18811;715;2015;Delantero;23;1677;21;6.738819;5;3;22;8;263;18;75.74;0;0;7;303;110;38;59;54;29;10;8;0;0;0;0;0
21099;715;2015;Mediocentro;24;1431;18;6.865898;0;0;8;1;388;5;70.75;0;0;58;201;120;17;22;13;12;21;3;0;0;0;0;0
26728;715;2015;Delantero;8;415;6;7.006988;2;2;10;5;72;13;56.0;0;0;4;51;22;4;6;5;4;7;3;0;0;0;0;0
30396;715;2015;Defensa;32;2822;32;6.670128;0;1;11;1;647;17;68.09;0;0;51;239;135;17;42;22;10;21;10;1;0;0;0;0
33395;715;2015;Mediocentro;12;788;9;6.902411;2;2;10;3;183;6;86.0;0;0;14;83;37;10;5;24;12;6;0;0;0;0;0;0
35575;715;2015;Mediocentro;15;742;11;6.451213;1;0;11;2;118;6;59.87;0;0;12;124;48;13;26;20;5;16;3;0;0;0;0;0
35777;715;2015;Defensa;8;623;7;6.419262;0;0;2;0;98;0;63.5;0;0;18;34;13;0;7;0;0;2;5;1;0;0;0;0
41439;715;2015;Defensa;14;1250;14;7.016;1;0;9;3;350;3;78.29;0;0;26;85;52;3;11;0;0;3;7;0;0;0;0;0
42086;715;2015;Delantero;35;2517;31;7.192253;16;2;70;34;413;23;63.89;0;0;9;396;170;51;46;36;25;8;3;0;7;0;0;0
42980;715;2015;Portero;1;90;1;6.9;0;0;0;0;17;1;40.0;0;0;0;0;0;0;0;0;0;0;0;0;0;2;4;0
46659;715;2015;Mediocentro;18;694;12;6.344957;0;1;10;2;151;8;88.17;0;0;7;116;53;25;7;23;8;7;4;0;0;0;0;0
46735;715;2015;Defensa;2;74;2;5.694595;0;0;0;0;21;0;45.5;0;0;1;7;2;1;2;2;0;0;0;1;0;0;0;0
46822;715;2015;Defensa;31;2626;31;6.724296;0;0;13;2;735;5;72.52;0;0;77;141;81;9;20;2;1;15;6;0;0;0;0;0
46874;715;2015;Defensa;25;2236;25;6.904651;3;0;13;5;668;1;79.68;0;0;58;125;73;5;11;0;0;5;5;0;0;0;0;0
47230;715;2015;Mediocentro;19;1313;18;6.665575;0;1;21;5;428;12;68.11;0;0;26;181;76;29;26;6;4;30;6;0;0;0;0;0
47251;715;2015;Defensa;21;1525;20;6.585377;1;1;6;1;343;11;70.19;0;0;41;160;78;8;28;45;20;7;5;0;0;0;0;0
47415;715;2015;Mediocentro;31;2482;30;7.030298;0;2;17;2;1042;23;77.16;0;0;68;358;194;32;45;30;22;55;17;0;0;0;0;0
47468;715;2015;Mediocentro;35;2494;33;7.139134;6;6;77;23;826;47;69.37;0;0;55;438;230;77;42;103;61;30;9;0;0;0;0;0
47539;715;2015;Mediocentro;6;254;4;6.534252;0;0;0;0;96;1;86.0;0;0;9;32;18;2;13;1;1;0;2;0;0;0;0;0
49905;715;2015;Mediocentro;7;181;4;6.479006;0;0;2;1;47;2;76.57;0;0;0;41;16;5;5;10;2;0;0;0;0;0;0;0
70495;715;2015;Mediocentro;28;1444;24;6.873615;2;1;16;5;649;38;74.36;0;0;31;215;91;20;39;13;6;27;5;0;0;0;0;0
91701;715;2015;Delantero;14;363;10;6.572452;0;0;18;5;86;2;84.64;0;0;3;59;20;9;16;4;1;4;4;1;0;0;0;0
116828;715;2015;Defensa;5;405;5;6.488889;0;0;1;1;92;0;72.0;0;0;16;23;13;5;4;1;1;0;1;0;0;0;0;0
2358;728;2015;Defensa;9;718;9;6.777577;0;0;1;1;322;0;80.56;0;0;27;75;42;7;13;2;1;4;4;0;0;0;0;0
6855;728;2015;Mediocentro;24;1840;24;6.672663;1;1;10;3;564;11;74.33;0;0;43;215;104;40;44;12;6;11;12;1;0;0;0;0
19129;728;2015;Mediocentro;27;1916;26;6.813622;3;4;36;12;733;29;76.85;0;0;23;220;89;22;10;65;26;29;3;0;0;0;0;0
25131;728;2015;Mediocentro;9;556;8;6.395324;0;0;10;4;184;9;76.44;0;0;5;46;18;6;8;4;2;3;3;1;0;0;0;0
26728;728;2015;Delantero;8;337;7;6.376261;0;0;7;2;85;3;60.12;0;0;3;66;23;4;10;18;11;3;1;0;0;0;0;0
41333;728;2015;Mediocentro;3;52;0;6.355769;0;0;0;0;16;1;86.0;0;0;2;12;3;1;1;3;0;2;0;0;0;0;0;0
41642;728;2015;Defensa;22;1719;22;6.964282;2;0;10;3;878;8;73.36;0;0;64;165;98;4;19;7;7;9;8;1;0;0;0;0
46679;728;2015;Defensa;27;2047;25;6.824426;0;1;18;3;493;8;69.81;0;0;74;285;162;14;37;39;17;19;7;0;0;0;0;0
46803;728;2015;Mediocentro;8;210;5;6.260952;0;0;2;0;53;2;79.0;0;0;0;32;10;4;5;6;2;1;0;0;0;0;0;0
47049;728;2015;Defensa;10;468;6;6.541239;0;0;1;1;210;2;74.5;0;0;9;31;17;2;7;4;3;2;2;0;0;0;0;0
47153;728;2015;Portero;21;1801;20;6.819267;0;0;0;0;387;1;64.43;0;0;2;15;10;1;1;1;1;2;1;0;0;37;67;2
47302;728;2015;Defensa;33;2876;33;6.85765;2;0;14;6;1129;2;76.61;0;0;104;381;209;33;54;28;22;23;11;1;0;0;0;0
47442;728;2015;Mediocentro;27;2060;26;6.924612;9;2;45;23;872;30;83.93;0;0;21;183;69;22;18;21;6;23;3;0;0;0;0;0
47476;728;2015;Portero;9;810;9;6.655556;0;0;0;0;160;1;56.56;0;0;3;3;2;2;0;0;0;0;1;0;0;24;28;0
47481;728;2015;Defensa;22;1712;22;6.572196;0;0;15;1;578;11;71.0;0;0;53;175;87;19;29;15;2;12;7;0;0;0;0;0
47537;728;2015;Defensa;29;2487;29;6.765862;1;3;12;1;729;15;77.14;0;0;63;252;133;36;38;14;9;15;6;2;0;0;0;0
47553;728;2015;Delantero;34;2246;29;6.837756;3;6;80;21;440;32;72.0;0;0;22;316;139;22;28;111;50;16;3;0;0;0;0;0
47554;728;2015;Mediocentro;28;1832;23;6.532751;2;5;41;15;413;33;70.07;0;0;25;291;121;26;27;78;24;13;5;0;0;0;0;0
47555;728;2015;Delantero;30;2092;26;6.920793;12;0;72;30;474;19;71.3;0;0;9;406;165;63;47;36;7;6;8;0;0;0;0;0
51294;728;2015;Delantero;16;802;11;6.260973;0;1;18;5;164;13;68.5;0;0;10;152;60;9;17;68;27;8;2;0;0;0;0;0
56131;728;2015;Delantero;3;98;3;6.496939;0;1;1;0;21;2;81.0;0;0;0;13;6;2;2;3;1;1;1;0;0;0;0;0
59937;728;2015;Delantero;22;1548;20;7.04593;9;4;42;20;292;27;72.68;0;0;9;223;85;23;35;24;7;13;4;0;0;0;0;0
80848;728;2015;Mediocentro;1;8;0;6.5;0;0;0;0;1;0;100.0;0;0;1;0;0;0;0;0;0;0;0;0;0;0;0;0
95590;728;2015;Mediocentro;6;384;5;6.550521;0;0;0;0;131;2;79.17;0;0;11;49;24;3;12;4;1;3;2;1;0;0;0;0
104904;728;2015;Defensa;17;1029;14;6.612342;1;0;3;2;340;1;67.71;0;0;38;112;67;7;17;4;4;6;6;1;0;0;0;0
104905;728;2015;Delantero;28;930;17;6.803763;4;1;25;11;155;10;65.96;0;0;3;194;104;14;18;6;1;8;3;0;0;0;0;0
104980;728;2015;Mediocentro;36;3118;36;7.276908;3;7;31;12;2351;80;85.39;0;0;49;365;190;83;38;55;28;47;10;0;2;0;0;0
105057;728;2015;Defensa;10;734;8;6.894278;0;0;8;3;279;11;69.8;0;0;29;68;36;2;11;4;2;5;3;0;0;0;0;0
105111;728;2015;Portero;10;808;10;7.004084;0;0;0;0;177;0;66.4;0;0;1;7;5;1;1;0;0;1;0;1;0;16;25;0
414;731;2015;Mediocentro;26;1768;24;6.675792;0;1;11;1;615;10;76.31;0;0;65;236;100;8;33;9;5;33;5;0;0;0;0;0
1036;731;2015;Mediocentro;24;1966;22;6.709613;1;0;21;4;780;9;83.0;0;0;37;207;91;24;38;10;5;24;12;2;0;0;0;0
1419;731;2015;Defensa;11;916;11;6.804585;0;0;0;0;185;1;68.36;0;0;37;140;82;19;28;5;4;13;8;1;0;0;0;0
1616;731;2015;Delantero;23;1091;17;6.748213;2;1;22;9;191;11;67.7;0;0;10;169;64;12;41;17;8;6;2;0;0;0;0;0
2115;731;2015;Mediocentro;36;2347;30;6.804602;3;5;58;14;631;27;78.03;0;0;11;309;151;48;13;151;81;20;6;0;0;0;0;0
2522;731;2015;Delantero;29;2264;29;6.919346;11;1;50;19;424;12;71.31;0;0;8;377;137;36;41;54;26;11;4;0;1;0;0;0
2552;731;2015;Defensa;2;180;2;6.3;0;0;0;0;19;0;70.0;0;0;4;9;7;1;0;2;1;0;0;0;0;0;0;0
14482;731;2015;Mediocentro;15;752;13;6.471277;1;0;13;4;145;7;64.93;0;0;8;156;66;36;15;19;13;0;2;0;0;0;0;0
15372;731;2015;Defensa;31;2411;29;6.837495;0;4;7;0;805;22;74.77;0;0;74;228;123;25;30;11;7;32;7;0;0;0;0;0
24793;731;2015;Defensa;25;2174;25;6.84379;0;0;8;1;601;1;72.8;0;0;69;177;99;11;18;12;12;17;6;0;0;0;0;0
40678;731;2015;Delantero;1;29;1;6.5;0;0;1;0;4;0;57.0;0;0;0;6;2;1;1;0;0;0;0;0;0;0;0;0
43184;731;2015;Mediocentro;18;1056;14;6.76572;0;2;6;1;352;12;76.83;0;0;24;150;68;16;27;23;11;16;2;0;0;0;0;0
46818;731;2015;Defensa;36;3224;36;7.01005;0;0;9;3;1203;17;79.25;0;0;140;166;100;18;22;7;5;7;6;1;0;0;0;0
46875;731;2015;Defensa;9;705;9;6.585816;0;0;0;0;172;2;71.0;0;0;26;58;36;9;10;4;1;3;4;0;0;0;0;0
46884;731;2015;Mediocentro;20;1224;18;6.813317;2;3;14;5;398;26;74.0;0;0;18;223;105;20;29;27;14;36;3;0;0;0;0;0
46895;731;2015;Mediocentro;18;746;14;6.508043;0;1;18;8;163;6;62.67;0;0;10;174;74;9;18;14;4;9;4;0;0;0;0;0
46983;731;2015;Delantero;25;1008;15;6.709425;7;0;25;12;155;5;78.4;0;0;1;131;42;20;13;25;9;6;1;0;0;0;0;0
47050;731;2015;Defensa;1;90;1;6.6;0;0;0;0;15;0;57.0;0;0;2;7;3;0;1;0;0;0;1;0;0;0;0;0
47076;731;2015;Mediocentro;31;2502;29;6.717026;2;0;17;5;697;15;70.1;0;0;40;237;126;21;18;42;20;41;8;0;0;0;0;0
47171;731;2015;Mediocentro;4;57;2;6.633333;0;0;0;0;21;4;73.0;0;0;2;13;6;2;2;4;3;0;1;0;0;0;0;0
47191;731;2015;Defensa;21;1032;14;6.759012;2;1;17;5;195;13;57.71;0;0;19;138;68;4;11;35;17;12;1;0;0;0;0;0
47366;731;2015;Mediocentro;36;2872;35;6.623155;5;7;55;20;579;48;67.0;0;0;38;373;151;53;28;149;54;28;4;0;0;0;0;0
47385;731;2015;Mediocentro;27;2189;27;7.013888;2;2;5;3;804;15;72.37;0;0;56;391;211;34;50;20;14;42;9;1;0;0;0;0
47399;731;2015;Portero;32;2880;32;6.846875;0;2;0;0;296;4;34.38;0;0;3;18;14;8;1;0;0;3;4;0;0;49;115;1
47505;731;2015;Defensa;16;1338;16;6.931166;1;0;13;6;368;5;68.69;0;0;41;174;95;9;34;2;1;9;7;1;0;0;0;0
47528;731;2015;Portero;6;540;6;7.083333;0;0;0;0;77;0;43.5;0;0;1;3;2;1;0;0;0;1;0;0;0;13;28;0
59927;731;2015;Mediocentro;5;57;1;6.614035;0;0;2;1;21;0;68.6;0;0;0;12;7;0;1;0;0;1;0;0;0;0;0;0
116820;731;2015;Delantero;3;82;2;6.323171;0;0;0;0;15;2;45.0;0;0;0;14;2;1;2;2;0;1;0;0;0;0;0;0
21;529;2016;Delantero;20;849;14;7.156773;6;3;25;15;151;12;79.55;0;0;5;49;20;7;9;4;2;2;1;0;0;0;0;0
124;529;2016;Portero;1;90;1;6.4;0;0;0;0;16;0;100.0;0;0;0;0;0;0;0;0;0;0;0;0;0;2;2;0
127;529;2016;Portero;36;3240;36;7.013889;0;0;0;0;973;0;82.0;0;0;2;10;7;4;1;1;1;1;1;0;0;33;122;0
128;529;2016;Defensa;26;1965;23;6.993079;1;6;6;1;1310;24;87.69;0;0;30;145;70;16;20;15;8;17;4;0;0;0;0;0
136;529;2016;Defensa;25;2192;25;7.273905;2;0;20;8;1566;3;89.2;0;0;38;179;116;8;22;12;10;13;6;0;0;0;0;0
137;529;2016;Defensa;32;2382;29;7.015365;0;6;16;5;1384;35;87.28;0;0;48;262;160;29;20;54;39;18;5;0;0;0;0;0
139;529;2016;Defensa;25;2133;24;7.137459;1;0;6;2;1586;0;91.72;0;0;47;155;101;21;24;10;8;5;4;0;0;0;0;0
142;529;2016;Mediocentro;18;1077;17;7.296193;6;2;25;10;489;14;87.94;0;0;12;139;76;33;9;26;12;9;1;0;0;0;0;0
143;529;2016;Mediocentro;3;40;1;6.105;0;0;1;0;30;0;92.0;0;0;1;5;1;0;2;1;1;2;1;0;0;0;0;0
144;529;2016;Mediocentro;33;2693;33;7.024285;0;3;4;0;1971;14;88.42;0;0;47;317;178;35;41;21;18;30;9;0;0;0;0;0
149;529;2016;Mediocentro;32;2344;29;7.213524;8;5;48;17;1333;26;84.72;0;0;34;272;145;41;29;38;23;27;5;0;0;0;0;0
154;529;2016;Delantero;34;2832;32;8.41024;37;9;179;77;1320;83;79.32;0;0;7;441;234;79;14;205;126;13;6;0;6;0;0;0
157;529;2016;Delantero;35;2863;34;7.493538;29;13;120;58;653;62;74.34;0;0;11;247;105;44;33;93;34;7;8;0;0;0;0;0
276;529;2016;Delantero;30;2652;30;8.058069;13;11;105;42;1165;94;75.63;0;0;10;594;343;126;36;271;168;14;8;1;1;0;0;0
614;529;2016;Portero;1;90;1;6.0;0;0;0;0;15;0;93.0;0;0;0;0;0;0;0;0;0;0;0;0;0;2;0;0
1461;529;2016;Mediocentro;26;1181;21;6.822862;1;3;14;7;615;16;84.31;0;0;9;131;57;21;16;29;13;15;1;0;0;0;0;0
1480;529;2016;Defensa;13;1039;12;7.061116;1;0;5;1;684;2;87.46;0;0;15;62;35;4;11;3;2;3;0;0;0;0;0;0
2047;529;2016;Mediocentro;6;472;6;7.251483;2;2;9;4;257;5;81.33;0;0;8;37;19;5;7;10;5;3;0;0;0;0;0;0
2060;529;2016;Delantero;1;20;0;6.5;0;0;0;0;4;1;100.0;0;0;1;1;0;0;0;0;0;0;0;0;0;0;0;0
2724;529;2016;Defensa;17;1175;15;6.919234;0;0;5;1;736;10;86.06;0;0;20;131;75;10;18;26;15;7;3;0;0;0;0;0
13073;529;2016;Mediocentro;25;1917;22;7.304643;1;3;10;2;1534;16;89.6;0;0;43;148;90;19;21;5;3;19;6;0;1;0;0;0
18765;529;2016;Mediocentro;30;1591;23;6.763294;3;1;19;7;866;12;86.3;0;0;11;210;92;17;40;33;18;17;3;0;0;0;0;0
30529;529;2016;Defensa;2;180;2;7.15;0;0;0;0;170;0;95.0;0;0;3;7;6;1;1;1;1;0;0;0;0;0;0;0
33243;529;2016;Mediocentro;23;1331;18;7.358978;0;3;18;8;1008;26;87.17;0;0;12;163;98;31;17;41;33;15;2;0;0;0;0;0
49859;529;2016;Mediocentro;18;1244;16;7.21037;3;3;14;5;616;29;88.33;0;0;12;184;84;22;30;35;21;14;1;0;0;0;0;0
29;530;2016;Portero;30;2650;30;6.864906;0;0;0;0;289;0;57.43;0;0;1;8;8;3;0;1;1;0;1;0;0;22;63;2
31;530;2016;Defensa;17;1012;15;7.194763;0;0;13;6;339;5;60.18;0;0;32;173;119;20;10;13;11;15;5;0;0;0;0;0
32;530;2016;Defensa;31;2705;31;7.318152;3;1;30;7;990;7;75.0;0;0;77;282;187;31;30;13;13;18;12;1;0;0;0;0
33;530;2016;Defensa;15;1253;13;6.979489;0;0;1;0;394;0;76.6;0;0;22;125;84;20;14;8;4;9;2;0;0;0;0;0
34;530;2016;Defensa;34;3009;34;7.30103;3;6;25;10;1465;34;81.38;0;0;63;432;268;46;33;129;74;22;5;0;0;0;0;0
39;530;2016;Defensa;32;2727;31;7.129226;1;1;3;1;760;4;75.12;0;0;68;196;117;15;22;0;0;21;7;1;0;0;0;0
41;530;2016;Defensa;23;1978;22;6.880131;0;2;3;1;673;17;75.83;0;0;32;176;92;19;23;35;19;19;2;0;0;0;0;0
48;530;2016;Mediocentro;33;2543;32;7.075147;4;3;47;14;927;25;74.73;0;0;58;494;247;31;73;64;33;36;8;0;0;0;0;0
49;530;2016;Mediocentro;16;629;14;7.015739;1;2;8;3;318;11;83.81;0;0;19;107;54;5;20;19;14;10;5;0;0;0;0;0
50;530;2016;Mediocentro;36;3171;36;7.161085;4;8;27;10;2117;73;82.42;0;0;49;351;172;56;29;26;14;71;8;1;0;0;0;0
53;530;2016;Mediocentro;31;1214;19;6.661779;4;8;37;16;353;24;74.06;0;0;11;255;100;15;21;106;49;23;6;0;0;0;0;0
56;530;2016;Delantero;36;3065;36;7.328352;16;8;88;41;1005;57;78.19;0;0;18;325;146;33;28;54;26;20;3;0;0;0;0;0
199;530;2016;Defensa;14;923;12;7.02221;0;0;3;0;217;5;71.79;0;0;32;115;65;9;22;12;9;10;2;0;0;0;0;0
933;530;2016;Delantero;31;1716;25;6.879545;12;5;50;23;272;22;73.29;0;0;7;189;62;8;9;52;22;13;0;0;1;0;0;0
2923;530;2016;Mediocentro;35;2269;32;6.978008;10;4;85;33;686;34;81.89;0;0;14;350;158;49;30;147;71;17;5;0;0;0;0;0
13114;530;2016;Mediocentro;3;143;2;7.026573;0;0;0;0;98;0;91.67;0;0;8;27;15;4;1;2;1;3;0;0;0;0;0;0
33413;530;2016;Delantero;31;1417;23;6.930205;8;5;45;20;191;20;64.13;0;0;2;241;94;27;30;44;11;11;3;0;1;0;0;0
42039;530;2016;Mediocentro;34;2897;33;7.052434;0;0;25;5;1662;25;80.62;0;0;74;411;206;36;69;25;15;65;9;0;0;0;0;0
47295;530;2016;Portero;9;770;9;6.919481;0;0;0;0;100;0;53.89;0;0;0;5;4;3;0;0;0;0;0;0;0;8;25;0
50158;530;2016;Delantero;1;14;0;6.7;0;0;0;0;2;0;50.0;0;0;0;2;2;0;0;1;1;0;0;0;0;0;0;0
50907;530;2016;Mediocentro;23;1022;16;6.912035;3;2;10;6;441;21;78.13;0;0;15;161;78;27;21;36;20;16;1;0;0;0;0;0
104839;530;2016;Mediocentro;12;448;8;6.996875;1;0;5;2;286;2;84.67;0;0;16;51;27;14;13;1;0;5;2;0;0;0;0;0
622;531;2016;Defensa;33;2865;33;7.126702;2;0;17;6;1343;6;82.97;0;0;63;263;170;34;28;11;7;25;10;0;0;0;0;0
2273;531;2016;Portero;23;2016;23;6.716071;0;0;0;0;439;1;62.22;0;0;2;11;9;4;0;2;2;1;1;0;0;22;40;0
2672;531;2016;Delantero;35;2412;33;7.025746;7;2;41;18;862;40;82.8;0;0;15;394;213;82;31;130;81;23;5;0;0;0;0;0
46786;531;2016;Defensa;19;1559;18;6.988133;0;0;2;0;621;2;77.05;0;0;46;157;101;12;14;15;10;10;1;0;0;0;0;0
47150;531;2016;Delantero;1;26;1;7.4;1;0;1;1;9;2;64.0;0;0;0;3;2;1;0;0;0;0;0;0;0;0;0;0
47271;531;2016;Defensa;26;2270;25;7.159912;0;0;13;2;998;8;74.81;0;0;96;276;155;27;53;16;14;14;3;0;0;0;0;0
47272;531;2016;Defensa;33;2851;33;6.74644;1;1;10;1;790;19;75.67;0;0;36;269;156;25;21;52;25;25;3;1;0;0;0;0
47275;531;2016;Defensa;27;2149;27;6.720149;1;4;10;3;846;24;77.93;0;0;32;214;107;13;27;24;11;31;3;0;0;0;0;0
47276;531;2016;Defensa;25;1573;22;6.748252;2;1;19;5;447;15;79.24;0;0;15;235;124;11;18;72;39;11;1;0;0;0;0;0
47280;531;2016;Mediocentro;32;2410;31;7.28556;1;5;35;11;1255;72;82.84;0;0;36;208;111;26;24;27;18;38;9;0;0;0;0;0
47282;531;2016;Mediocentro;36;2883;35;6.956885;10;4;98;40;631;32;61.14;0;0;32;646;318;82;95;43;15;39;11;0;3;0;0;0
47284;531;2016;Mediocentro;24;1151;20;6.775586;0;1;4;1;617;11;79.83;0;0;32;126;61;12;26;5;2;14;3;0;0;0;0;0
47287;531;2016;Mediocentro;18;469;9;6.741791;1;0;10;2;215;4;74.0;0;0;8;66;31;9;10;9;6;6;4;0;0;0;0;0
47288;531;2016;Mediocentro;35;2700;30;6.852333;4;1;27;10;945;15;75.77;0;0;61;406;188;16;53;18;9;43;9;0;0;0;0;0
47289;531;2016;Mediocentro;26;1104;18;6.818659;1;2;15;4;326;28;73.77;0;0;19;218;110;35;18;50;29;26;4;0;0;0;0;0
47290;531;2016;Delantero;32;2430;31;7.151687;16;1;85;45;354;23;62.41;0;0;4;430;220;58;37;43;23;4;10;1;5;0;0;0
47294;531;2016;Delantero;38;2801;34;6.67151;5;6;67;30;526;39;66.82;0;0;14;394;169;55;30;113;47;18;4;0;0;0;0;0
47412;531;2016;Mediocentro;7;377;5;6.181698;0;1;5;0;108;8;83.0;0;0;6;49;10;3;12;6;1;7;2;0;0;0;0;0
47418;531;2016;Mediocentro;6;285;5;6.895439;0;0;3;0;139;0;76.67;0;0;14;36;21;2;4;1;0;4;1;0;0;0;0;0
47423;531;2016;Delantero;13;436;9;6.788532;1;1;16;4;69;3;54.54;0;0;2;72;36;5;4;11;3;4;2;0;0;0;0;0
47501;531;2016;Portero;16;1404;15;6.75;0;0;0;0;311;0;58.25;0;0;0;9;8;4;0;1;1;0;0;0;0;21;41;0
47542;531;2016;Mediocentro;2;104;2;7.465385;0;0;1;1;55;3;79.5;0;0;4;9;8;0;0;0;0;1;0;0;0;0;0;0
47565;531;2016;Defensa;10;712;9;6.950281;0;0;2;0;258;0;80.2;0;0;15;51;32;4;5;0;0;1;2;0;0;0;0;0
104808;531;2016;Defensa;9;459;5;6.671024;0;0;5;2;126;1;55.78;0;0;13;46;26;4;6;6;3;4;1;0;0;0;0;0
104853;531;2016;Delantero;6;71;2;6.570423;0;1;1;0;10;2;45.33;0;0;1;18;6;0;1;3;1;1;0;0;0;0;0;0
21;532;2016;Delantero;1;90;1;6.7;0;0;2;1;16;0;76.0;0;0;1;3;0;0;1;0;0;0;0;0;0;0;0;0
855;532;2016;Defensa;35;2424;29;6.757137;1;4;22;10;723;24;71.83;0;0;57;417;221;45;36;120;63;28;7;1;0;0;0;0
911;532;2016;Portero;3;270;3;6.8;0;0;0;0;57;0;72.0;0;0;0;2;2;1;0;0;0;0;0;0;0;4;9;0
917;532;2016;Defensa;27;2340;27;7.009615;4;0;11;7;968;4;77.3;0;0;58;173;108;16;23;5;4;10;7;0;0;0;0;0
918;532;2016;Defensa;27;2090;26;6.937273;1;2;14;7;599;24;75.48;0;0;40;221;136;23;20;46;27;22;4;0;0;0;0;0
920;532;2016;Defensa;8;481;5;6.83763;0;1;0;0;167;5;80.62;0;0;11;57;33;5;6;7;4;2;2;0;0;0;0;0
928;532;2016;Mediocentro;36;3195;36;7.144413;5;7;50;26;1905;67;85.06;0;0;41;454;247;91;44;53;32;51;12;0;3;0;0;0
929;532;2016;Delantero;1;1;1;0.0;0;0;0;0;1;0;100.0;0;0;0;0;0;0;0;0;0;0;0;0;0;0;0;0
930;532;2016;Mediocentro;23;1724;21;6.759223;3;1;28;13;682;20;86.17;0;0;14;204;99;33;24;44;24;14;4;1;0;0;0;0
934;532;2016;Delantero;29;1403;18;6.862723;6;2;33;15;377;18;73.34;0;0;7;257;116;39;30;44;16;15;2;0;0;0;0;0
935;532;2016;Delantero;19;1394;18;6.902009;5;3;31;11;307;22;71.89;0;0;4;177;70;26;23;26;11;9;1;0;0;0;0;0
1421;532;2016;Mediocentro;18;276;9;6.506522;1;0;6;2;91;11;71.39;0;0;1;48;23;12;5;18;8;2;2;0;0;0;0;0
1448;532;2016;Defensa;1;45;0;6.8;0;0;1;0;25;0;73.0;0;0;4;8;4;1;0;1;0;2;0;0;0;0;0;0
1899;532;2016;Defensa;13;878;12;6.672323;0;0;2;0;284;2;74.08;0;0;32;71;41;4;16;4;2;7;4;0;0;0;0;0
2060;532;2016;Delantero;33;2035;28;6.853464;6;3;47;17;563;23;78.21;0;0;27;290;132;55;23;42;17;16;6;1;0;0;0;0
2741;532;2016;Portero;2;180;2;6.65;0;0;0;0;47;0;79.0;0;0;0;0;0;0;0;0;0;0;0;0;0;5;5;0
6003;532;2016;Mediocentro;27;2195;27;7.123235;0;1;11;2;1091;11;86.85;0;0;60;328;206;58;46;39;28;31;14;1;0;0;0;0
10151;532;2016;Portero;33;2970;33;6.672727;0;0;0;0;520;1;52.67;0;0;1;12;6;3;1;3;2;2;4;0;0;56;92;4
18965;532;2016;Defensa;29;2220;28;6.803784;2;1;11;4;852;13;78.48;0;0;63;336;190;30;45;49;27;40;8;0;0;0;0;0
30515;532;2016;Delantero;20;1376;20;6.957049;6;1;60;17;194;13;64.35;0;0;3;261;99;13;57;26;11;13;7;0;0;0;0;0
44419;532;2016;Defensa;12;1001;12;6.866034;0;0;2;1;333;0;83.58;0;0;33;78;44;4;13;1;1;8;1;0;0;0;0;0
46797;532;2016;Mediocentro;4;152;3;6.816447;0;0;2;0;44;0;70.0;0;0;2;31;16;5;6;3;0;1;0;0;0;0;0;0
46975;532;2016;Mediocentro;2;3;1;0.0;0;0;0;0;0;0;0.0;0;0;0;1;1;1;0;0;0;0;0;0;0;0;0;0
47013;532;2016;Delantero;2;5;1;5.12;0;0;1;0;0;0;0.0;0;0;0;3;0;0;0;0;0;0;0;0;0;0;0;0
47390;532;2016;Mediocentro;16;1143;15;6.605249;1;1;15;6;429;14;82.94;0;0;12;144;60;19;17;34;15;15;5;1;0;0;0;0
47457;532;2016;Defensa;1;45;1;6.6;0;1;0;0;24;1;96.0;0;0;1;2;2;0;1;0;0;0;0;0;0;0;0;0
47546;532;2016;Mediocentro;16;949;13;6.699368;2;0;13;4;476;9;77.44;0;0;9;118;44;13;14;15;8;13;3;0;0;0;0;0
47550;532;2016;Mediocentro;21;1498;19;6.947397;3;0;11;4;625;5;76.81;0;0;30;159;92;15;25;21;16;14;3;0;0;0;0;0
50940;532;2016;Mediocentro;25;1870;24;6.925882;5;7;68;18;488;40;76.44;0;0;21;340;130;33;31;95;39;10;6;0;1;0;0;0
90498;532;2016;Defensa;30;2646;30;6.957899;2;0;10;6;958;3;81.07;0;0;67;211;124;12;41;15;11;9;11;1;0;0;0;0
104851;532;2016;Defensa;10;541;8;6.51146;0;1;0;0;143;4;78.9;0;0;5;45;21;7;5;6;2;7;2;0;0;0;0;0
44;533;2016;Mediocentro;23;837;13;7.17503;0;1;8;1;518;2;89.22;0;0;19;136;87;14;17;6;3;11;1;0;0;0;0;0
392;533;2016;Delantero;15;674;9;6.727448;2;1;10;4;215;8;75.2;0;0;4;92;37;7;2;16;9;3;0;0;0;0;0;0
923;533;2016;Mediocentro;11;335;6;6.414925;0;0;7;3;98;3;59.73;0;0;6;64;21;5;12;13;2;5;1;0;0;0;0;0
1375;533;2016;Delantero;10;746;10;7.170777;4;3;17;8;173;14;72.2;0;0;2;92;41;22;13;12;2;2;6;0;1;0;0;0
1630;533;2016;Defensa;23;2067;23;6.960232;0;2;8;0;696;4;79.65;0;0;36;159;83;9;24;1;1;9;6;0;0;0;0;0
1641;533;2016;Mediocentro;33;2049;28;6.748609;2;3;32;15;597;36;74.64;0;0;47;389;175;78;39;91;39;33;2;0;0;0;0;0
1682;533;2016;Portero;24;2105;24;7.04038;0;0;0;0;214;0;37.5;0;0;3;16;14;7;0;1;0;1;0;0;0;18;68;1
1684;533;2016;Portero;15;1315;14;7.00038;0;0;0;0;172;0;50.93;0;0;1;9;9;3;0;0;0;0;2;0;0;18;54;0
1685;533;2016;Defensa;6;540;6;7.016667;0;0;0;0;225;1;86.67;0;0;7;27;17;7;7;0;0;0;2;0;0;0;0;0
1687;533;2016;Defensa;31;2680;31;7.040187;1;3;8;3;1064;21;79.35;0;0;43;283;178;44;42;35;21;18;14;1;0;0;0;0
1689;533;2016;Defensa;23;1883;21;7.016888;1;1;8;2;846;3;76.04;0;0;25;119;72;17;15;0;0;8;6;0;0;0;0;0
1691;533;2016;Defensa;36;3240;36;7.027778;0;3;34;11;1162;24;76.06;0;0;70;338;190;16;44;36;16;25;6;0;0;0;0;0
1693;533;2016;Defensa;28;2367;28;7.050697;1;1;5;2;1111;6;83.07;0;0;61;187;96;12;33;6;5;6;4;2;0;0;0;0
1704;533;2016;Mediocentro;34;2984;34;7.321917;5;2;18;9;1942;24;89.65;0;0;85;232;149;25;15;21;17;16;5;0;4;0;0;0
1705;533;2016;Mediocentro;37;3038;36;7.127156;5;1;46;20;1631;45;85.89;0;0;28;364;178;47;40;55;35;41;4;0;0;0;0;0
2230;533;2016;Defensa;4;271;4;6.642066;0;0;1;0;83;2;78.75;0;0;5;21;6;0;8;0;0;3;2;0;0;0;0;0
2880;533;2016;Mediocentro;34;2206;26;6.925567;2;3;41;7;1139;44;86.18;0;0;34;274;121;19;29;40;27;44;4;0;0;0;0;0
2992;533;2016;Mediocentro;7;112;4;5.908929;0;1;1;0;24;1;64.57;0;0;2;23;8;0;6;1;1;2;1;0;0;0;0;0
3033;533;2016;Delantero;26;1570;24;6.975796;11;1;49;25;286;12;71.12;0;0;2;227;79;28;43;28;13;8;5;0;0;0;0;0
6011;533;2016;Delantero;17;346;10;6.827168;2;1;11;9;78;7;68.18;0;0;1;40;20;7;2;8;4;2;0;0;0;0;0;0
9972;533;2016;Delantero;14;881;13;6.669921;2;1;28;9;141;7;69.14;0;0;6;142;61;24;14;47;19;4;0;0;0;0;0;0
30483;533;2016;Mediocentro;33;2470;33;6.960972;9;5;41;21;803;28;79.21;0;0;34;359;144;47;64;39;22;22;8;1;0;0;0;0
30490;533;2016;Delantero;32;2125;29;6.815529;8;3;47;19;400;20;79.12;0;0;7;256;86;42;29;46;22;16;7;0;1;0;0;0
36848;533;2016;Mediocentro;1;3;0;0.0;0;0;0;0;0;0;0.0;0;0;0;2;0;0;1;0;0;0;0;0;0;0;0;0
46744;533;2016;Delantero;3;16;2;5.75625;0;0;1;0;13;0;79.0;0;0;0;1;1;1;0;0;0;0;0;0;0;0;0;0
47384;533;2016;Defensa;7;630;7;7.442857;0;1;7;0;291;9;81.0;0;0;15;68;43;4;7;14;12;6;2;0;0;0;0;0
104827;533;2016;Delantero;2;23;2;5.930435;0;0;0;0;1;0;25.0;0;0;0;6;2;1;2;0;0;0;0;0;0;0;0;0
152;534;2016;Mediocentro;28;1989;26;7.046003;10;4;77;31;594;21;75.14;0;0;18;288;127;69;56;13;6;11;12;2;0;0;0;0
596;534;2016;Defensa;15;1225;15;6.439673;0;1;6;0;484;9;83.27;0;0;19;148;75;24;17;30;13;12;4;0;0;0;0;0
611;534;2016;Delantero;25;1445;18;6.828443;5;3;26;16;233;21;68.28;0;0;3;220;82;35;47;30;12;6;12;1;0;0;0;0
1585;534;2016;Delantero;16;1159;15;7.019241;3;1;34;19;304;15;82.19;0;0;7;142;77;24;19;49;33;4;5;0;1;0;0;0
2053;534;2016;Mediocentro;35;3037;35;6.875831;1;2;23;8;2267;20;90.94;0;0;37;312;150;53;58;50;36;35;14;0;0;0;0;0
2115;534;2016;Mediocentro;18;645;13;6.79845;0;2;17;7;261;14;79.94;0;0;5;89;52;8;6;51;35;4;2;0;0;0;0;0
10236;534;2016;Defensa;25;2086;25;6.603931;0;4;10;0;966;15;85.12;0;0;26;162;91;31;15;15;9;9;5;0;0;0;0;0
12493;534;2016;Mediocentro;32;2211;28;6.80502;4;4;25;10;1043;44;84.31;0;0;17;263;106;38;17;50;32;20;4;0;0;0;0;0
12667;534;2016;Mediocentro;31;2587;31;7.353305;7;7;67;27;1691;86;84.29;0;0;10;359;190;81;27;93;61;28;4;0;4;0;0;0
30524;534;2016;Defensa;23;1853;22;7.168645;5;0;19;10;955;3;79.65;0;0;40;148;85;8;22;11;9;5;6;0;0;0;0;0
46687;534;2016;Mediocentro;17;1107;15;6.955104;0;0;4;1;755;6;86.47;0;0;25;100;48;9;20;5;3;13;1;0;0;0;0;0
46793;534;2016;Defensa;16;1321;16;6.652082;0;1;11;5;521;14;81.12;0;0;23;163;88;10;30;29;16;14;3;0;0;0;0;0
46800;534;2016;Mediocentro;29;2321;29;6.806032;2;0;24;10;1262;12;89.03;0;0;40;307;171;66;26;34;17;21;3;0;0;0;0;0
46897;534;2016;Mediocentro;10;288;7;6.020139;0;0;7;1;128;1;86.6;0;0;3;55;23;8;5;7;4;5;3;1;0;0;0;0
46935;534;2016;Portero;13;1170;13;6.653846;0;0;0;0;298;0;75.0;0;0;3;12;10;6;1;1;1;1;2;0;0;27;35;0
46991;534;2016;Defensa;11;836;11;6.579904;0;0;4;1;516;1;86.0;0;0;18;65;30;3;15;0;0;2;5;1;0;0;0;0
46992;534;2016;Defensa;27;2109;27;6.827217;0;1;9;3;911;12;88.44;0;0;40;265;167;35;13;77;51;19;2;0;0;0;0;0
46995;534;2016;Defensa;22;1647;20;6.906557;1;1;11;4;975;2;84.18;0;0;37;130;81;16;11;4;4;11;6;0;0;0;0;0
47001;534;2016;Mediocentro;5;93;3;6.231183;0;0;0;0;79;1;96.2;0;0;3;9;5;1;2;0;0;1;0;0;0;0;0;0
47003;534;2016;Mediocentro;23;1240;17;6.881371;3;0;11;4;587;19;82.17;0;0;14;154;82;30;7;27;12;13;3;0;1;0;0;0
47011;534;2016;Mediocentro;11;531;7;6.795857;2;1;17;7;116;7;79.09;0;0;5;68;28;6;11;13;6;5;2;0;0;0;0;0
47092;534;2016;Mediocentro;3;42;1;6.504762;0;0;0;0;26;1;79.67;0;0;1;11;3;1;2;1;0;1;1;0;0;0;0;0
47111;534;2016;Mediocentro;2;14;0;6.035714;0;0;0;0;2;0;41.5;0;0;1;3;2;0;0;1;1;1;0;0;0;0;0;0
47378;534;2016;Defensa;32;2651;31;7.050773;4;1;18;7;1618;5;86.56;0;0;84;222;139;30;17;25;16;13;6;1;0;0;0;0
47411;534;2016;Mediocentro;12;717;8;6.629986;3;2;12;8;159;8;78.58;0;0;4;74;20;8;9;18;6;6;1;0;0;0;0;0
47560;534;2016;Portero;25;2250;25;6.58;0;0;0;0;625;1;68.36;0;0;5;15;14;6;0;2;2;1;0;0;0;47;68;0
68193;534;2016;Mediocentro;19;723;13;6.775104;2;0;8;3;190;10;73.0;0;0;12;116;63;19;7;40;25;9;0;0;0;0;0;0
77184;534;2016;Delantero;3;31;2;6.483871;0;0;0;0;8;1;66.67;0;0;0;7;2;1;1;1;1;0;0;0;0;0;0;0
104797;534;2016;Delantero;2;167;2;6.292216;0;0;1;1;19;1;81.0;0;0;0;18;2;0;6;0;0;2;0;0;0;0;0;0
1335;535;2016;Portero;35;3150;35;6.762857;0;0;0;0;453;1;56.37;0;0;3;20;14;5;0;2;2;3;2;0;0;48;91;2
1697;535;2016;Mediocentro;32;2672;31;6.859281;6;2;41;10;1072;37;77.19;0;0;40;344;147;35;34;36;21;46;6;0;0;0;0;0
2157;535;2016;Portero;3;270;3;6.166667;0;0;0;0;27;0;66.33;0;0;0;0;0;0;0;0;0;0;0;0;0;7;3;0
2444;535;2016;Defensa;32;2861;32;6.8626;1;2;19;5;1011;39;76.59;0;0;58;331;181;16;40;43;22;36;6;1;0;0;0;0
2445;535;2016;Defensa;15;1263;15;6.649881;0;0;4;2;391;0;74.13;0;0;44;85;39;3;14;9;6;8;4;0;0;0;0;0
2446;535;2016;Mediocentro;22;1472;20;6.650679;2;0;42;12;509;33;79.64;0;0;11;260;118;43;19;77;39;11;6;1;0;0;0;0
18811;535;2016;Delantero;3;171;1;6.390643;0;0;0;0;29;1;76.67;0;0;0;36;13;4;10;4;0;1;1;0;0;0;0;0
25409;535;2016;Mediocentro;35;3146;35;7.070312;4;2;40;13;1421;14;75.11;0;0;115;607;323;64;92;12;7;53;15;0;0;0;0;0
37019;535;2016;Mediocentro;6;456;6;6.801316;0;0;2;2;192;7;82.83;0;0;7;56;27;2;12;10;8;6;2;1;0;0;0;0
46818;535;2016;Defensa;19;1679;19;7.18779;1;1;4;3;744;9;82.95;0;0;40;105;73;5;13;4;4;5;3;0;0;0;0;0
46819;535;2016;Defensa;28;2063;23;6.757877;2;4;15;7;595;24;69.54;0;0;61;265;152;41;24;42;20;29;8;1;0;0;0;0
46820;535;2016;Defensa;21;1619;19;6.700432;0;1;11;1;524;11;70.86;0;0;39;189;98;21;32;9;3;11;6;0;0;0;0;0
46823;535;2016;Defensa;22;1565;19;6.685431;0;0;4;2;446;5;70.45;0;0;32;110;67;6;15;0;0;10;4;0;0;0;0;0
46832;535;2016;Mediocentro;18;828;13;6.565338;2;3;23;3;212;16;68.78;0;0;4;177;73;17;19;60;27;13;4;0;0;0;0;0
47192;535;2016;Defensa;5;381;5;6.58189;0;0;1;0;78;1;57.4;0;0;5;45;27;7;5;8;5;2;0;0;0;0;0;0
47302;535;2016;Defensa;25;2028;24;6.899606;2;0;10;5;661;3;73.4;0;0;77;213;108;16;32;2;1;10;2;1;0;0;0;0
47324;535;2016;Delantero;30;2315;30;7.235421;14;3;92;37;493;32;78.67;0;0;14;220;103;56;21;51;25;11;3;0;0;0;0;0
47366;535;2016;Mediocentro;24;1250;22;6.27048;2;1;31;9;268;21;65.67;0;0;16;190;68;23;10;74;26;18;3;0;1;0;0;0
47394;535;2016;Delantero;21;1137;16;6.867018;3;1;38;15;190;9;67.1;0;0;4;185;88;24;18;4;1;6;5;0;0;0;0;0
47413;535;2016;Mediocentro;18;1358;17;6.959205;3;2;15;8;609;15;82.67;0;0;16;187;94;29;33;11;7;20;9;0;1;0;0;0
47422;535;2016;Delantero;13;325;8;6.624923;1;1;15;7;34;3;63.31;0;0;1;57;16;1;10;9;2;2;2;0;0;0;0;0
47424;535;2016;Delantero;14;738;10;6.613821;3;0;20;8;81;9;72.14;0;0;3;116;35;15;20;7;2;13;3;0;1;0;0;0
47488;535;2016;Mediocentro;22;1054;17;6.379127;0;3;18;4;292;19;75.68;0;0;14;227;96;32;28;51;17;21;6;0;0;0;0;0
48385;535;2016;Mediocentro;4;216;3;6.644444;0;0;4;0;114;1;83.75;0;0;3;26;9;3;2;1;1;3;1;0;0;0;0;0
51576;535;2016;Mediocentro;29;1791;25;6.76287;1;3;31;13;547;39;73.17;0;0;17;220;101;25;24;51;26;11;6;1;0;0;0;0
53495;535;2016;Defensa;7;602;7;6.719767;0;0;1;0;207;1;74.57;0;0;12;34;20;2;6;3;2;3;3;1;0;0;0;0
104837;535;2016;Defensa;10;675;10;6.836741;0;0;4;1;228;1;76.7;0;0;11;84;47;6;6;5;4;9;3;0;0;0;0;0
104838;535;2016;Mediocentro;16;379;9;6.522164;1;2;6;1;180;11;69.25;0;0;7;72;31;17;7;8;3;3;3;0;0;0;0;0
104863;535;2016;Defensa;1;90;1;6.5;0;0;0;0;24;0;66.0;0;0;3;11;7;1;1;1;1;2;1;0;0;0;0;0
46;536;2016;Mediocentro;30;2335;28;6.998501;6;6;32;13;999;46;82.13;0;0;19;414;209;79;42;129;71;37;7;1;0;0;0;0
121;536;2016;Delantero;21;1204;18;7.096429;6;4;58;22;303;22;66.81;0;0;1;139;50;16;18;22;11;9;4;0;0;0;0;0
133;536;2016;Defensa;17;1357;16;7.019381;0;0;1;1;724;2;82.06;0;0;25;143;82;8;35;4;3;13;2;0;0;0;0;0
434;536;2016;Defensa;31;2643;30;6.854862;0;2;9;3;1051;37;79.71;0;0;41;259;141;23;28;51;32;41;9;0;0;0;0;0
780;536;2016;Mediocentro;35;3067;34;7.181709;2;3;32;12;2512;21;89.2;0;0;37;362;231;32;38;41;30;21;7;0;0;0;0;0
1211;536;2016;Mediocentro;21;1283;17;6.754716;0;0;3;0;609;3;87.0;0;0;32;131;64;15;22;5;5;15;6;0;0;0;0;0
1699;536;2016;Mediocentro;31;1471;22;7.148742;7;2;31;14;785;16;79.06;0;0;33;222;123;25;39;12;10;14;9;0;1;0;0;0
1854;536;2016;Mediocentro;26;1311;22;6.739283;4;0;34;13;388;12;65.19;0;0;12;254;115;44;28;77;38;16;6;0;0;0;0;0
1906;536;2016;Defensa;21;1785;21;6.935966;0;0;11;2;805;2;81.81;0;0;32;136;79;15;23;6;3;11;5;1;0;0;0;0
2040;536;2016;Defensa;26;2281;26;7.038711;0;3;32;11;1017;24;80.19;0;0;48;326;195;42;28;42;28;40;6;0;0;0;0;0
2043;536;2016;Defensa;6;453;6;6.424503;0;0;0;0;182;1;80.5;0;0;10;42;12;2;15;3;2;2;2;0;0;0;0;0
2044;536;2016;Defensa;29;2185;28;6.792494;3;1;13;6;853;5;79.21;0;0;48;244;117;15;53;7;4;30;10;0;0;0;0;0
2056;536;2016;Mediocentro;34;2133;28;6.915424;8;8;43;22;772;47;76.71;0;0;25;307;120;46;46;50;22;31;10;0;1;0;0;0
2057;536;2016;Mediocentro;30;2091;28;7.121521;7;3;54;20;712;32;74.63;0;0;10;411;202;73;60;60;28;25;8;0;0;0;0;0
2059;536;2016;Delantero;31;1663;25;6.994949;11;4;44;23;315;26;70.23;0;0;6;133;48;13;11;16;7;3;0;0;1;0;0;0
10311;536;2016;Mediocentro;10;484;6;7.240496;2;1;11;6;285;7;87.3;0;0;4;64;30;8;5;5;4;11;0;0;0;0;0;0
10496;536;2016;Mediocentro;4;110;3;6.69;0;0;2;0;33;1;81.25;0;0;5;16;9;5;3;3;1;0;0;0;0;0;0;0
18825;536;2016;Mediocentro;23;1843;22;6.973304;2;3;25;11;1339;38;88.7;0;0;13;189;78;15;27;60;40;15;7;0;0;0;0;0
19014;536;2016;Portero;35;3150;35;6.9;0;0;0;0;598;0;60.8;0;0;3;17;14;1;1;0;0;1;0;0;0;45;112;0
19036;536;2016;Delantero;21;1312;17;6.98003;6;3;31;13;333;16;81.14;0;0;2;124;41;22;19;25;9;5;3;0;0;0;0;0
22086;536;2016;Defensa;5;329;4;6.995745;0;0;3;0;185;1;87.8;0;0;12;32;19;2;3;5;4;0;1;0;0;0;0;0
30495;536;2016;Portero;2;178;2;6.352809;0;0;0;0;60;0;67.0;0;0;0;3;2;0;1;0;0;0;0;1;0;4;5;0
33173;536;2016;Mediocentro;4;286;3;6.873077;1;2;2;1;105;6;79.25;0;0;2;26;13;4;3;6;4;2;0;0;0;0;0;0
35834;536;2016;Defensa;27;2165;27;7.021432;1;1;9;3;951;6;77.22;0;0;77;179;102;15;31;6;6;13;6;1;0;0;0;0
46801;536;2016;Mediocentro;2;172;2;6.437791;0;0;3;0;157;1;90.0;0;0;1;13;5;0;1;3;2;3;0;0;0;0;0;0
46808;536;2016;Delantero;3;88;1;6.402273;1;0;3;2;6;0;72.0;0;0;0;12;2;0;1;0;0;1;0;0;0;0;0;0
46817;536;2016;Defensa;3;31;1;6.387097;0;0;0;0;6;0;80.33;0;0;2;2;2;0;0;0;0;0;0;0;0;0;0;0
47247;536;2016;Portero;1;90;1;7.0;0;0;0;0;16;0;84.0;0;0;0;0;0;0;0;0;0;0;0;0;0;0;2;0
568;537;2016;Mediocentro;34;2752;34;6.600981;5;2;56;18;809;35;66.82;0;0;25;782;323;67;67;84;36;40;8;0;0;0;0;0
1042;537;2016;Mediocentro;1;90;1;6.4;0;0;0;0;31;0;91.0;0;0;1;8;4;0;4;0;0;1;0;0;0;0;0;0
1616;537;2016;Delantero;31;2148;30;6.666341;5;1;43;16;450;19;73.94;0;0;7;286;80;28;66;28;16;10;3;0;1;0;0;0
2459;537;2016;Mediocentro;27;1047;17;6.478606;1;3;36;13;160;10;72.22;0;0;12;177;78;37;14;62;22;7;1;0;0;0;0;0
3170;537;2016;Defensa;8;594;8;6.469697;0;0;3;0;191;2;72.88;0;0;14;54;34;7;12;1;1;4;2;0;0;0;0;0
10323;537;2016;Delantero;25;1169;16;6.862789;4;2;24;8;269;13;77.12;0;0;4;142;48;13;23;11;5;9;3;0;1;0;0;0
18867;537;2016;Defensa;25;2222;25;6.911161;1;0;16;3;665;14;73.64;0;0;67;255;152;33;27;25;9;19;6;0;0;0;0;0
31538;537;2016;Portero;1;60;1;5.8;0;0;0;0;11;0;55.0;0;0;0;0;0;0;0;0;0;0;0;0;0;3;0;0
33928;537;2016;Portero;13;1110;13;6.6;0;0;1;1;152;1;39.23;0;0;1;7;4;0;0;0;0;2;2;0;0;25;31;0
41312;537;2016;Delantero;11;375;6;6.5544;1;1;8;2;125;9;80.64;0;0;3;54;15;7;7;6;2;6;0;0;0;0;0;0
46659;537;2016;Mediocentro;5;168;3;7.366667;2;1;8;3;40;2;87.4;0;0;1;37;21;11;2;16;8;1;0;0;0;0;0;0
46677;537;2016;Defensa;23;1811;22;6.674544;1;1;15;6;516;11;69.35;0;0;55;270;139;15;42;27;12;25;6;0;0;0;0;0
46690;537;2016;Mediocentro;16;1191;15;6.905961;0;0;4;0;425;6;82.75;0;0;30;136;71;5;27;3;2;19;7;1;0;0;0;0
46830;537;2016;Mediocentro;12;952;12;6.793697;0;1;4;1;337;7;75.67;0;0;18;104;46;6;12;7;3;16;7;0;0;0;0;0
46836;537;2016;Delantero;5;169;3;6.495858;0;0;3;1;20;2;48.4;0;0;0;30;11;4;5;5;2;1;0;0;0;0;0;0
46841;537;2016;Portero;4;360;4;6.775;0;0;0;0;57;0;39.5;0;0;0;1;1;0;0;0;0;0;1;0;0;4;12;0
46861;537;2016;Mediocentro;15;975;14;6.597436;0;2;14;2;215;20;73.07;0;0;8;177;78;18;15;51;27;7;4;0;0;0;0;0
47010;537;2016;Mediocentro;24;1873;23;6.872611;2;1;17;5;691;24;75.71;0;0;40;203;102;13;33;10;9;22;6;1;0;0;0;0
47267;537;2016;Portero;21;1826;21;6.723001;0;0;0;0;256;0;36.38;0;0;1;18;15;1;1;4;4;1;0;1;0;26;45;0
47285;537;2016;Mediocentro;23;1164;17;6.374828;2;0;12;6;401;12;74.35;0;0;8;143;46;9;24;24;10;21;2;0;0;0;0;0
47358;537;2016;Defensa;13;912;12;6.656908;0;0;7;3;194;6;63.69;0;0;15;91;47;2;15;16;5;4;4;0;0;0;0;0
47403;537;2016;Defensa;22;1790;21;6.845363;0;1;13;3;526;8;75.14;0;0;59;230;121;18;44;5;2;26;10;0;0;0;0;0
47409;537;2016;Defensa;16;1392;16;7.029526;1;0;9;3;399;4;74.44;0;0;38;148;82;7;20;9;7;10;4;0;0;0;0;0
47411;537;2016;Mediocentro;14;957;12;6.651829;1;2;20;10;175;11;66.86;0;0;7;146;65;22;12;42;17;5;1;0;0;0;0;0
47415;537;2016;Mediocentro;30;2335;28;6.971734;0;1;19;4;963;17;73.13;0;0;59;362;182;42;60;23;13;56;12;0;0;0;0;0
47417;537;2016;Mediocentro;28;2037;26;6.945901;8;2;42;17;407;29;75.82;0;0;21;195;93;29;21;50;23;11;1;0;1;0;0;0
47537;537;2016;Defensa;11;879;11;6.656314;0;2;4;0;173;5;68.45;0;0;15;74;36;8;17;5;2;10;3;0;0;0;0;0
47567;537;2016;Defensa;31;2699;30;6.848092;1;0;15;3;741;2;80.42;0;0;68;287;173;44;37;6;5;19;10;0;0;0;0;0
90646;537;2016;Defensa;29;1901;27;6.710205;1;0;7;3;489;2;66.62;0;0;58;163;91;13;27;3;3;12;4;0;0;0;0;0
104624;537;2016;Mediocentro;11;526;7;6.769392;0;1;8;1;141;6;73.64;0;0;9;87;39;9;10;13;4;11;0;0;0;0;0;0
104846;537;2016;Portero;1;61;0;6.5;0;0;0;0;8;0;32.0;0;0;0;1;1;0;0;0;0;0;0;0;0;1;1;0
660;538;2016;Mediocentro;16;562;7;6.662633;1;0;1;1;238;5;90.0;0;0;5;107;49;18;25;16;8;14;3;0;0;0;0;0
922;538;2016;Defensa;32;2716;32;6.876068;2;0;19;5;1134;7;79.66;0;0;77;329;183;30;51;14;10;38;9;1;0;0;0;0
932;538;2016;Mediocentro;32;2393;30;6.9028;3;4;41;13;864;47;73.44;0;0;23;322;154;41;21;25;12;16;3;0;0;0;0;0
2042;538;2016;Defensa;25;1905;22;6.86189;0;0;3;1;951;3;79.64;0;0;58;170;94;3;20;5;3;19;6;2;0;0;0;0
2557;538;2016;Mediocentro;26;1897;24;6.752188;1;0;13;3;921;10;78.15;0;0;49;397;204;60;58;33;22;38;11;1;0;0;0;0
5914;538;2016;Mediocentro;26;1643;21;6.732502;1;2;12;2;1001;15;84.19;0;0;33;174;61;11;26;9;5;44;5;0;0;0;0;0
8627;538;2016;Mediocentro;30;2170;29;6.570461;1;3;32;7;467;20;75.07;0;0;16;303;134;37;14;116;53;6;3;0;0;0;0;0
18740;538;2016;Defensa;30;2207;26;6.803126;0;3;13;5;1003;17;78.87;0;0;62;251;135;18;28;40;25;17;8;0;0;0;0;0
21648;538;2016;Delantero;13;652;8;6.934509;1;2;19;4;118;8;71.31;0;0;1;129;56;18;12;12;4;3;1;0;0;0;0;0
46996;538;2016;Defensa;5;439;5;6.320957;1;0;3;1;112;1;63.0;0;0;10;53;21;4;8;6;3;8;2;0;0;0;0;0
47371;538;2016;Delantero;23;1068;18;6.723221;4;1;19;9;197;14;75.22;0;0;4;108;39;17;28;7;2;3;9;0;1;0;0;0
47390;538;2016;Mediocentro;7;521;7;7.118426;2;2;11;6;177;14;73.0;0;0;9;75;31;8;6;20;13;5;2;0;0;0;0;0
47425;538;2016;Portero;26;2340;26;6.696154;0;1;0;0;445;1;53.35;0;0;2;15;12;3;0;1;1;1;0;0;0;51;89;0
47426;538;2016;Portero;11;990;11;6.8;0;0;0;0;143;0;47.18;0;0;1;6;4;1;0;1;1;2;2;0;0;15;30;0
47427;538;2016;Portero;1;90;1;6.1;0;0;0;0;8;0;38.0;0;0;0;0;0;0;0;0;0;0;0;0;0;3;2;0
47428;538;2016;Defensa;25;2179;25;6.870032;2;1;19;8;984;2;81.8;0;0;52;259;153;20;28;4;4;35;6;0;0;0;0;0
47429;538;2016;Defensa;1;90;1;6.5;0;1;0;0;49;1;84.0;0;0;1;2;1;0;1;0;0;0;1;0;0;0;0;0
47432;538;2016;Defensa;23;1987;23;6.717413;2;1;13;5;693;11;73.65;0;0;65;204;101;12;40;14;5;17;9;1;0;0;0;0
47437;538;2016;Mediocentro;7;259;5;6.390347;1;0;9;2;57;6;64.86;0;0;1;32;6;0;5;12;2;3;0;0;0;0;0;0
47441;538;2016;Mediocentro;31;2420;30;6.800992;1;0;9;4;1134;9;85.74;0;0;35;321;168;31;36;49;32;31;3;0;0;0;0;0
47442;538;2016;Mediocentro;19;1096;16;6.797993;2;2;16;9;508;17;72.68;0;0;9;89;36;13;4;7;1;13;2;0;0;0;0;0
47445;538;2016;Delantero;32;2318;29;7.282528;19;3;78;37;730;50;77.47;0;0;11;290;142;71;26;67;36;16;10;1;6;0;0;0
47447;538;2016;Mediocentro;30;1664;27;6.819892;3;3;29;13;481;14;76.83;0;0;10;266;129;47;22;97;57;7;1;0;0;0;0;0
47509;538;2016;Defensa;12;948;11;7.035127;0;0;2;0;470;12;78.83;0;0;24;115;70;9;14;4;3;10;3;0;0;0;0;0
51251;538;2016;Defensa;17;1462;17;6.930164;1;1;3;1;809;2;80.18;0;0;38;134;76;5;21;6;4;16;8;1;0;0;0;0
91429;538;2016;Delantero;18;791;14;6.926675;4;1;25;10;186;11;81.28;0;0;1;93;35;15;9;15;8;7;1;0;0;0;0;0
104841;538;2016;Mediocentro;13;664;10;6.379066;0;2;15;3;201;5;74.69;0;0;2;107;52;17;11;16;6;2;1;0;0;0;0;0
1689;540;2016;Defensa;2;180;2;6.1;0;0;2;0;34;0;71.0;0;0;2;5;3;2;1;0;0;1;2;0;0;0;0;0
1698;540;2016;Mediocentro;31;2565;30;6.75653;1;0;8;3;1036;6;77.97;0;0;62;302;136;23;55;11;7;42;10;1;0;0;0;0
1707;540;2016;Delantero;37;3280;37;7.125701;13;4;82;33;762;32;71.08;0;0;30;577;243;49;53;95;47;47;6;0;0;0;0;0
1861;540;2016;Delantero;27;1287;19;6.662782;2;1;15;6;182;5;75.11;0;0;2;235;82;17;55;19;10;6;5;1;0;0;0;0
2520;540;2016;Mediocentro;32;1796;27;6.530958;3;1;26;7;390;16;73.41;0;0;31;328;138;27;61;81;34;24;8;0;0;0;0;0
2875;540;2016;Defensa;34;2889;33;7.009519;1;0;9;4;1044;1;76.62;0;0;70;241;149;16;26;11;10;13;2;0;0;0;0;0
12541;540;2016;Mediocentro;31;2459;30;6.879016;3;3;35;12;1016;29;81.87;0;0;19;247;138;47;9;73;46;21;1;0;0;0;0;0
13062;540;2016;Delantero;21;1429;18;6.942267;6;4;34;21;254;14;68.52;0;0;12;228;96;42;21;47;19;18;1;0;0;0;0;0
18800;540;2016;Defensa;12;789;11;7.098986;2;1;16;3;218;5;74.58;0;0;16;89;54;12;5;16;11;8;0;0;0;0;0;0
25914;540;2016;Defensa;30;2587;28;6.707886;0;0;3;1;806;21;77.07;0;0;50;309;155;26;47;63;40;17;5;0;0;0;0;0
46743;540;2016;Mediocentro;6;268;5;6.309328;0;0;1;0;105;1;74.33;0;0;3;38;12;5;6;1;0;7;1;0;0;0;0;0
47034;540;2016;Mediocentro;21;864;16;6.777546;3;4;14;5;252;18;66.05;0;0;6;158;59;29;13;34;13;24;1;0;1;0;0;0
47066;540;2016;Delantero;10;313;5;6.770607;0;1;5;1;70;4;74.3;0;0;10;27;10;3;2;9;5;4;0;0;0;0;0;0
47326;540;2016;Portero;4;307;4;6.234528;0;0;0;0;32;0;42.0;0;0;0;2;2;0;0;0;0;0;0;0;0;13;10;0
47327;540;2016;Portero;35;3113;35;6.896081;0;0;0;0;493;0;53.14;0;0;0;16;14;5;1;1;1;1;3;0;0;41;117;1
47328;540;2016;Defensa;15;1123;14;6.800712;0;0;6;0;395;2;71.87;0;0;22;57;34;2;8;1;1;4;4;0;0;0;0;0
47333;540;2016;Defensa;19;1524;19;6.594357;0;1;1;0;360;6;69.68;0;0;32;182;99;20;28;9;4;24;3;0;0;0;0;0
47334;540;2016;Defensa;36;3240;36;7.180556;3;2;17;9;1362;13;76.69;0;0;67;293;203;32;23;15;11;20;3;0;0;0;0;0
47339;540;2016;Mediocentro;11;298;6;6.417785;0;0;1;0;80;0;80.18;0;0;1;37;22;11;2;8;4;2;0;0;0;0;0;0
47340;540;2016;Mediocentro;30;2351;30;6.873458;10;10;42;18;555;42;74.9;0;0;28;388;158;61;37;69;23;46;8;0;1;0;0;0
47341;540;2016;Mediocentro;25;1316;18;6.851216;0;1;13;3;629;7;78.96;0;0;18;168;76;10;29;23;16;21;4;0;0;0;0;0
47342;540;2016;Mediocentro;26;2281;26;6.923762;1;1;9;2;845;18;72.62;0;0;74;337;168;23;48;20;8;62;8;0;0;0;0;0
47355;540;2016;Defensa;3;101;3;6.360396;0;0;0;0;12;0;38.0;0;0;8;3;3;0;0;0;0;0;1;0;0;0;0;0
47387;540;2016;Mediocentro;18;899;13;6.684093;0;0;4;0;226;2;68.39;0;0;23;127;64;12;33;4;4;8;6;0;0;0;0;0
53490;540;2016;Defensa;4;202;3;6.326733;0;0;0;0;45;0;57.5;0;0;6;41;19;3;4;10;3;4;2;0;0;0;0;0
87220;540;2016;Defensa;1;53;1;5.7;0;0;0;0;8;0;66.0;0;0;0;2;0;0;0;0;0;1;0;0;0;0;0;0
104837;540;2016;Defensa;2;98;2;6.616327;0;0;0;0;38;0;66.0;0;0;6;8;6;1;0;1;1;1;0;0;0;0;0;0
59;541;2016;Delantero;26;1331;20;7.323967;15;4;55;30;282;18;76.85;0;0;3;205;94;34;31;39;22;10;8;0;0;0;0;0
373;541;2016;Defensa;13;1081;13;7.205088;2;1;5;2;569;5;84.38;0;0;20;119;78;18;12;4;3;6;1;0;0;0;0;0
517;541;2016;Mediocentro;22;1180;17;7.569153;8;6;32;18;743;45;86.59;0;0;12;121;67;20;12;21;13;15;1;0;0;0;0;0
618;541;2016;Defensa;17;1488;17;7.178831;1;2;11;2;665;19;86.0;0;0;40;178;114;22;17;22;13;13;2;0;0;0;0;0
731;541;2016;Portero;27;2430;27;6.881481;0;0;0;0;395;1;68.67;0;0;2;8;7;3;0;0;0;1;2;0;0;31;82;1
733;541;2016;Defensa;23;2014;21;6.977656;0;4;9;4;1050;36;86.43;0;0;45;252;133;24;30;51;23;23;11;0;0;0;0;0
735;541;2016;Defensa;28;2302;26;6.988532;2;3;8;5;1121;9;90.75;0;0;46;216;126;23;30;18;7;19;5;0;0;0;0;0
738;541;2016;Defensa;28;2489;28;7.237164;7;0;35;10;1533;6;88.68;0;0;57;237;155;37;34;7;7;17;8;1;0;0;0;0
742;541;2016;Defensa;23;1927;23;7.145667;1;2;12;2;975;8;84.91;0;0;38;137;93;6;11;7;4;6;1;0;0;0;0;0
743;541;2016;Defensa;30;2277;27;7.046772;2;10;25;4;1172;45;81.5;0;0;40;239;122;27;18;65;43;39;2;0;0;0;0;0
745;541;2016;Mediocentro;30;1637;26;7.481552;10;8;32;15;1084;38;88.87;0;0;18;280;145;41;17;88;53;32;4;0;0;0;0;0
746;541;2016;Mediocentro;23;1077;15;7.063974;3;2;26;11;494;23;86.17;0;0;10;133;70;15;15;42;24;10;0;0;0;0;0;0
747;541;2016;Mediocentro;25;1708;23;7.204742;4;0;15;4;907;10;83.32;0;0;43;343;194;45;53;12;7;47;9;0;0;0;0;0
752;541;2016;Mediocentro;29;2500;29;7.69948;3;12;33;12;1910;81;91.69;0;0;31;250;147;34;26;35;28;43;6;0;0;0;0;0
754;541;2016;Mediocentro;25;1891;23;7.254892;1;2;20;10;1217;33;88.48;0;0;43;207;119;31;25;56;42;20;2;0;0;0;0;0
757;541;2016;Mediocentro;33;1386;21;7.141703;2;7;30;11;526;42;83.3;0;0;9;229;119;48;28;53;26;10;4;0;0;0;0;0
758;541;2016;Delantero;19;1425;18;7.347368;7;2;64;24;441;22;78.37;0;0;18;176;90;15;9;56;26;6;3;1;0;0;0;0
759;541;2016;Delantero;29;1913;26;7.160638;11;5;69;34;519;38;80.45;0;0;3;159;62;9;11;35;18;9;0;0;0;0;0;0
760;541;2016;Delantero;8;115;6;6.684348;1;1;5;1;9;5;50.0;0;0;0;24;8;1;6;3;1;1;0;0;0;0;0;0
874;541;2016;Delantero;29;2544;29;7.545165;25;6;162;61;616;32;79.21;0;0;8;240;109;45;18;63;25;7;4;0;6;0;0;0
2291;541;2016;Mediocentro;27;1688;24;7.285841;1;3;14;5;944;17;90.44;0;0;21;258;166;37;17;74;60;23;2;0;0;0;0;0
19112;541;2016;Portero;11;990;11;6.854545;0;0;0;0;149;0;68.27;0;0;0;6;6;0;0;0;0;0;0;0;0;10;23;1
41176;541;2016;Defensa;3;169;2;7.078107;0;1;1;0;103;2;95.33;0;0;1;9;5;1;2;2;1;1;0;0;0;0;0;0
46709;541;2016;Defensa;1;2;1;0.0;0;0;0;0;0;0;0.0;0;0;0;1;1;1;0;0;0;0;0;0;0;0;0;0
605;542;2016;Mediocentro;14;746;11;6.892627;2;0;3;2;194;7;69.21;0;0;15;107;58;14;19;11;8;15;3;0;0;0;0;0
753;542;2016;Mediocentro;32;2805;31;7.304278;0;2;14;1;1522;19;84.56;0;0;86;364;213;34;46;34;27;41;5;0;0;0;0;0
937;542;2016;Delantero;11;500;8;6.6748;2;1;12;5;98;3;75.0;0;0;5;89;44;15;14;21;14;7;1;0;0;0;0;0
1563;542;2016;Defensa;27;2245;27;7.138708;2;1;11;4;713;7;74.48;0;0;63;150;84;11;30;5;4;5;10;2;0;0;0;0
2515;542;2016;Mediocentro;13;528;8;7.117424;0;1;24;10;199;16;74.08;0;0;7;115;59;21;13;20;13;8;3;0;0;0;0;0
9934;542;2016;Delantero;32;2581;31;7.031034;7;1;56;22;439;26;56.16;0;0;22;593;333;66;49;27;14;16;14;0;0;0;0;0
18794;542;2016;Defensa;31;2503;30;6.819577;0;2;5;1;968;20;81.48;0;0;45;200;115;22;17;50;33;12;5;0;0;0;0;0
18998;542;2016;Mediocentro;31;2503;31;6.598881;3;1;32;8;806;28;82.71;0;0;13;270;101;28;31;42;24;17;3;0;0;0;0;0
35575;542;2016;Mediocentro;27;1616;23;6.538366;4;1;43;15;236;19;63.78;0;0;18;332;140;43;41;63;29;29;6;0;1;0;0;0
44423;542;2016;Defensa;24;1816;21;6.761784;2;1;7;2;643;1;75.04;0;0;33;116;63;8;18;3;3;11;12;1;0;0;0;0
46720;542;2016;Mediocentro;21;1438;19;6.805633;0;0;7;2;564;5;78.24;0;0;38;173;82;19;32;15;9;18;7;0;0;0;0;0
46765;542;2016;Defensa;2;154;2;6.742857;0;0;1;0;24;0;54.0;0;0;3;10;6;1;1;0;0;2;1;0;0;0;0;0
46785;542;2016;Portero;2;180;2;6.9;0;0;0;0;36;1;58.0;0;0;0;0;0;0;0;0;0;0;0;0;0;1;6;0
46810;542;2016;Delantero;21;831;13;6.947653;3;1;21;9;168;6;62.81;0;0;2;170;72;6;30;3;1;6;2;0;2;0;0;0
47283;542;2016;Mediocentro;29;1827;27;6.892939;5;2;51;21;487;37;73.76;0;0;11;177;70;14;17;50;28;12;2;0;0;0;0;0
47300;542;2016;Defensa;32;2725;31;6.891853;1;3;27;8;760;22;79.41;0;0;41;343;206;55;26;106;65;27;12;1;0;0;0;0
47352;542;2016;Portero;36;3240;36;6.930556;0;0;0;0;568;1;56.75;0;0;2;14;13;4;0;1;1;0;1;0;0;42;115;2
47356;542;2016;Defensa;10;789;10;7.069708;1;0;8;1;264;2;76.2;0;0;10;62;41;6;9;1;1;1;4;0;0;0;0;0
47357;542;2016;Defensa;26;2148;25;7.065549;2;1;10;3;709;7;74.38;0;0;56;161;94;13;21;2;2;20;6;0;0;0;0;0
47359;542;2016;Defensa;19;944;17;6.416843;0;3;2;0;220;7;70.89;0;0;25;86;37;6;16;13;5;14;1;0;0;0;0;0
47363;542;2016;Mediocentro;25;2013;24;7.03691;3;1;25;7;668;9;77.6;0;0;32;329;176;44;57;16;8;33;6;0;1;0;0;0
47506;542;2016;Defensa;18;1268;15;6.636672;0;0;3;0;342;10;61.06;0;0;19;128;61;12;17;14;5;14;6;0;0;0;0;0
50910;542;2016;Mediocentro;20;769;13;6.629649;3;3;22;7;170;15;74.75;0;0;7;151;63;12;14;51;24;13;3;1;0;0;0;0
51177;542;2016;Mediocentro;6;159;5;6.408176;0;0;2;1;33;3;76.83;0;0;2;27;8;4;4;5;1;5;1;0;0;0;0;0
70132;542;2016;Delantero;23;1227;15;6.444825;1;1;9;5;227;15;56.3;0;0;10;209;94;22;17;30;11;22;4;0;0;0;0;0
27;543;2016;Portero;37;3330;37;6.818919;0;0;0;0;609;0;52.35;0;0;5;20;16;3;1;2;2;2;5;0;0;62;127;1
328;543;2016;Mediocentro;4;154;4;6.813636;0;0;1;0;79;1;83.75;0;0;2;15;9;0;3;1;1;2;0;0;0;0;0;0
446;543;2016;Mediocentro;16;855;10;6.881404;0;1;3;0;254;5;76.5;0;0;23;104;52;10;14;4;1;15;3;0;0;0;0;0
748;543;2016;Mediocentro;30;2336;27;7.210916;2;2;37;16;1123;39;79.6;0;0;57;537;303;118;50;120;81;67;8;0;0;0;0;0
921;543;2016;Defensa;23;1742;22;6.566475;2;3;15;3;448;17;73.13;0;0;19;240;110;13;36;62;36;14;7;2;0;0;0;0
1567;543;2016;Defensa;26;2217;26;6.944926;2;1;13;7;867;4;83.5;0;0;60;196;113;10;29;12;9;9;4;0;0;0;0;0
1579;543;2016;Mediocentro;28;1675;24;6.886209;3;4;27;9;637;35;84.0;0;0;13;199;92;29;14;68;35;7;2;0;0;0;0;0
1839;543;2016;Defensa;27;2387;27;6.717428;1;4;22;4;612;48;75.52;0;0;29;215;111;31;23;48;26;16;4;0;0;0;0;0
2366;543;2016;Defensa;17;1503;17;6.71018;0;0;3;0;442;1;75.82;0;0;34;148;78;11;29;13;9;19;2;0;0;0;0;0
2469;543;2016;Defensa;36;3102;36;6.904126;1;0;17;6;1020;7;73.61;0;0;100;313;200;26;43;6;5;23;10;0;0;0;0;0
2522;543;2016;Delantero;22;1494;19;6.810509;4;1;37;10;255;6;60.41;0;0;1;305;123;27;31;21;9;11;2;0;0;0;0;0
20997;543;2016;Defensa;18;1279;16;6.711572;2;2;7;5;389;11;80.0;0;0;13;118;54;10;15;17;9;10;4;0;0;0;0;0
22258;543;2016;Mediocentro;20;1156;17;6.631488;2;0;9;5;463;9;79.65;0;0;13;147;61;17;19;12;9;7;5;0;0;0;0;0
37125;543;2016;Mediocentro;8;278;5;6.823381;0;1;6;2;65;8;75.0;0;0;2;55;26;11;4;21;8;1;2;0;0;0;0;0
44318;543;2016;Mediocentro;32;2142;29;7.109244;1;2;12;2;951;23;84.44;0;0;51;383;222;82;57;24;18;58;10;1;0;0;0;0
46681;543;2016;Defensa;14;967;13;6.614995;0;0;8;3;270;10;75.71;0;0;19;79;37;5;8;7;2;2;2;0;0;0;0;0
46726;543;2016;Delantero;6;151;4;6.578146;0;0;3;1;34;3;55.67;0;0;0;22;7;1;7;1;0;3;1;0;0;0;0;0
46784;543;2016;Portero;1;90;1;6.5;0;0;0;0;12;0;50.0;0;0;0;0;0;0;0;0;0;0;0;0;0;2;3;0
46802;543;2016;Mediocentro;10;148;5;6.276351;0;0;1;0;58;1;75.3;0;0;1;27;12;7;3;6;1;2;0;1;0;0;0;0
46898;543;2016;Delantero;25;1433;20;6.908514;3;2;45;20;275;8;66.6;0;0;6;295;137;54;43;16;6;8;2;0;0;0;0;0
47012;543;2016;Delantero;35;2783;35;7.041035;13;3;117;42;536;27;78.03;0;0;10;166;66;38;9;34;19;2;3;0;2;0;0;0
47161;543;2016;Defensa;6;498;6;6.695582;0;0;0;0;161;1;65.33;0;0;16;46;25;1;6;3;2;6;0;0;0;0;0;0
47252;543;2016;Defensa;16;1330;15;6.993985;1;0;3;1;420;3;75.44;0;0;41;118;67;6;19;6;5;6;9;0;0;0;0;0
47312;543;2016;Mediocentro;16;1272;16;7.053695;1;0;18;7;602;10;77.56;0;0;23;103;57;7;10;16;11;14;2;0;0;0;0;0
47361;543;2016;Mediocentro;25;1628;21;6.55817;1;1;15;3;417;16;72.52;0;0;14;240;101;22;55;34;14;17;7;0;0;0;0;0
51260;543;2016;Mediocentro;14;754;11;7.054377;1;0;7;2;245;16;73.21;0;0;17;132;63;17;24;10;6;20;3;0;0;0;0;0
77168;543;2016;Mediocentro;17;806;11;6.679653;1;1;16;3;268;12;71.53;0;0;20;133;64;11;22;18;9;11;8;0;0;0;0;0
1562;544;2016;Defensa;29;2491;29;6.920755;1;0;13;1;898;3;85.21;0;0;53;146;94;12;9;17;8;6;2;0;0;0;0;0
1607;544;2016;Mediocentro;30;2280;28;6.928553;2;1;29;6;1114;11;82.37;0;0;46;325;185;42;40;26;16;41;6;0;0;0;0;0
2715;544;2016;Mediocentro;24;1202;19;6.741847;0;2;20;8;484;24;77.0;0;0;7;143;68;22;19;13;6;20;4;1;0;0;0;0
2840;544;2016;Mediocentro;34;2723;32;7.086889;6;0;41;10;1233;19;81.59;0;0;63;407;233;29;31;14;10;33;5;0;2;0;0;0
5986;544;2016;Portero;25;2205;25;6.712245;0;0;0;0;323;0;50.08;0;0;2;8;6;4;0;2;1;1;5;0;0;41;76;2
8716;544;2016;Portero;1;90;1;7.6;0;0;0;0;16;0;72.0;0;0;1;1;1;0;0;0;0;0;0;0;0;0;4;0
18833;544;2016;Delantero;1;90;1;8.2;1;1;3;1;21;3;84.0;0;0;0;10;2;2;2;2;0;0;0;0;1;0;0;0
18907;544;2016;Delantero;20;891;14;7.002918;5;1;30;15;201;6;64.7;0;0;2;172;92;15;19;12;5;3;7;0;0;0;0;0
18978;544;2016;Delantero;37;2900;34;6.817931;12;2;99;42;290;16;65.19;0;0;4;498;151;35;92;112;40;13;6;0;0;0;0;0
19034;544;2016;Mediocentro;11;559;8;6.810555;4;1;13;7;133;3;72.09;0;0;7;89;37;4;14;18;8;5;3;0;0;0;0;0
35794;544;2016;Mediocentro;19;792;14;6.566162;0;0;24;4;131;10;78.0;0;0;13;160;75;28;14;48;22;6;0;0;0;0;0;0
35903;544;2016;Defensa;23;1907;21;6.915627;0;0;13;3;557;1;76.65;0;0;34;180;103;21;27;11;9;17;7;0;0;0;0;0
41163;544;2016;Delantero;11;348;8;6.963218;0;1;8;3;91;9;74.73;0;0;6;40;23;4;3;19;13;0;1;0;0;0;0;0
44490;544;2016;Mediocentro;33;2476;31;6.895679;3;6;42;13;1000;72;80.73;0;0;14;322;148;66;26;61;31;41;5;0;0;0;0;0
46796;544;2016;Mediocentro;8;552;6;6.851087;1;0;3;1;249;4;82.62;0;0;10;65;31;1;9;1;1;10;2;0;0;0;0;0
46799;544;2016;Mediocentro;1;45;1;6.9;0;0;1;0;17;1;81.0;0;0;0;8;5;0;2;2;2;1;0;0;0;0;0;0
46805;544;2016;Mediocentro;23;1558;21;7.085558;3;0;10;4;693;5;75.17;0;0;49;211;114;15;39;9;8;29;7;0;0;0;0;0
46807;544;2016;Mediocentro;7;202;4;6.429208;0;0;5;1;37;2;65.14;0;0;2;42;16;6;5;7;3;5;0;0;0;0;0;0
46945;544;2016;Defensa;7;425;5;6.610353;0;0;0;0;104;2;63.29;0;0;11;48;22;5;15;3;2;2;0;1;0;0;0;0
47405;544;2016;Defensa;34;2961;34;6.836609;0;6;24;6;934;49;72.85;0;0;62;283;162;46;21;43;26;24;4;1;0;0;0;0
47545;544;2016;Mediocentro;10;542;9;6.605351;2;1;11;3;110;5;65.1;0;0;3;88;40;7;1;23;15;3;0;0;0;0;0;0
47563;544;2016;Defensa;26;1907;25;6.723335;0;2;12;0;529;12;76.85;0;0;43;225;123;28;44;36;20;16;6;0;0;0;0;0
50974;544;2016;Portero;13;1125;12;6.652;0;0;0;0;152;1;49.46;0;0;4;8;6;1;0;0;0;2;1;0;0;26;31;0
51012;544;2016;Mediocentro;23;1411;20;6.564848;1;4;17;6;527;23;86.0;0;0;13;169;80;34;21;51;25;18;7;0;0;0;0;0
68202;544;2016;Mediocentro;22;1452;20;6.540702;0;0;27;7;334;20;80.32;0;0;11;246;116;53;26;50;19;17;3;0;0;0;0;0
104796;544;2016;Defensa;25;2051;22;6.776743;0;0;4;0;605;13;73.88;0;0;45;190;118;25;26;20;6;10;6;0;0;0;0;0
104809;544;2016;Defensa;27;2335;26;6.916702;1;1;10;4;853;4;79.59;0;0;42;157;90;8;31;6;4;12;10;1;0;0;0;0
104855;544;2016;Delantero;1;1;1;0.0;0;0;0;0;0;0;0.0;0;0;0;0;0;0;0;0;0;0;0;0;0;0;0;0
2600;545;2016;Mediocentro;28;2086;27;6.784564;3;2;44;20;486;22;77.07;0;0;25;305;145;42;37;60;30;28;5;0;0;0;0;0
18895;545;2016;Defensa;34;2971;33;7.072265;1;1;28;11;1058;7;74.59;0;0;72;252;179;7;18;18;13;13;8;1;0;0;0;0
19533;545;2016;Mediocentro;5;204;4;6.118137;0;0;3;0;32;2;71.0;0;0;1;32;9;2;3;12;4;1;0;0;0;0;0;0
46827;545;2016;Mediocentro;28;1537;25;6.661158;7;1;43;20;395;13;72.32;0;0;8;256;88;22;34;15;5;5;3;0;5;0;0;0
47073;545;2016;Defensa;11;761;9;6.585283;0;0;2;0;211;0;73.64;0;0;17;52;33;4;5;0;0;4;1;0;0;0;0;0
47095;545;2016;Delantero;6;159;2;6.808805;1;0;7;3;21;2;72.67;0;0;0;28;7;3;8;1;1;0;0;0;0;0;0;0
47274;545;2016;Defensa;31;2553;30;6.754446;0;3;9;2;603;31;61.16;0;0;65;297;160;24;41;66;34;23;10;1;0;0;0;0
47281;545;2016;Mediocentro;36;3184;36;7.073555;1;1;20;3;1401;23;80.17;0;0;76;323;182;31;52;16;9;41;9;1;0;0;0;0
47375;545;2016;Portero;1;45;0;6.8;0;0;0;0;8;0;38.0;0;0;0;0;0;0;0;0;0;0;0;0;0;1;2;0
47376;545;2016;Portero;16;1254;16;6.491866;0;0;0;0;157;0;41.31;0;0;0;8;6;3;2;0;0;0;0;2;0;21;32;0
47377;545;2016;Defensa;22;1572;18;6.940204;0;2;9;2;541;10;67.32;0;0;48;195;118;10;15;25;17;16;5;0;0;0;0;0
47382;545;2016;Defensa;22;1721;21;7.138873;3;0;10;6;658;0;80.91;0;0;49;146;105;22;12;1;1;9;5;0;0;0;0;0
47388;545;2016;Mediocentro;30;2020;27;6.75495;2;1;25;6;635;8;70.67;0;0;41;290;147;23;50;20;13;28;10;1;0;0;0;0
47391;545;2016;Defensa;28;1050;16;6.356476;1;0;23;6;159;6;68.46;0;0;14;177;63;14;20;43;17;9;3;0;0;0;0;0
47392;545;2016;Mediocentro;37;3009;37;6.889864;10;5;85;38;624;87;68.3;0;0;35;372;156;32;40;113;49;17;6;0;1;0;0;0
47395;545;2016;Delantero;38;2827;35;6.946728;11;7;64;26;638;36;68.63;0;0;10;524;192;49;58;32;13;24;5;0;0;0;0;0
47396;545;2016;Delantero;24;1536;22;6.822005;7;1;26;18;266;12;69.21;0;0;8;228;93;36;29;19;7;13;8;0;0;0;0;0
47431;545;2016;Defensa;9;683;8;7.080673;0;2;4;0;194;6;59.11;0;0;15;64;42;3;10;8;3;2;1;0;0;0;0;0
47455;545;2016;Defensa;26;2117;26;6.898819;1;5;3;1;700;24;69.65;0;0;67;210;118;20;18;40;26;17;3;0;0;0;0;0
47476;545;2016;Portero;25;2117;25;6.854511;0;0;0;0;306;2;45.04;0;0;3;10;8;1;2;0;0;0;1;1;0;33;74;0
47534;545;2016;Defensa;19;1328;18;7.09375;0;0;5;2;457;3;65.42;0;0;41;114;68;11;11;1;1;11;3;0;0;0;0;0
47553;545;2016;Delantero;20;684;14;6.628655;3;2;23;9;132;9;57.55;0;0;11;82;25;4;11;26;8;7;2;0;0;0;0;0
47578;545;2016;Mediocentro;17;712;10;6.703652;0;0;6;1;215;4;72.24;0;0;16;79;35;1;12;11;6;8;3;0;0;0;0;0
70495;545;2016;Mediocentro;17;1225;15;6.957551;2;1;13;5;425;10;74.0;0;0;31;138;70;9;29;6;2;10;5;0;0;0;0;0
737;548;2016;Defensa;15;1285;15;6.445992;0;4;1;0;404;16;80.33;0;0;11;116;56;13;12;39;18;8;0;0;0;0;0;0
1028;548;2016;Defensa;9;665;8;6.870827;0;0;1;0;292;0;73.78;0;0;17;57;32;2;8;6;6;6;2;0;0;0;0;0
1570;548;2016;Mediocentro;31;993;16;6.898288;0;4;20;5;511;35;84.0;0;0;7;131;55;8;17;28;13;20;2;0;0;0;0;0
2670;548;2016;Defensa;34;2999;34;7.044782;3;2;41;13;1563;13;82.71;0;0;61;263;154;34;48;14;13;15;11;1;0;0;0;0
15320;548;2016;Mediocentro;2;24;0;6.616667;0;0;1;0;22;0;70.0;0;0;0;5;2;2;1;0;0;1;1;0;0;0;0;0
33305;548;2016;Delantero;8;110;6;6.061818;0;0;2;0;23;1;68.38;0;0;2;26;8;3;2;6;2;0;0;0;0;0;0;0
46852;548;2016;Defensa;10;870;10;6.962069;0;2;1;1;292;7;74.9;0;0;22;89;57;12;8;16;9;4;2;0;0;0;0;0
47074;548;2016;Defensa;4;251;3;6.784861;0;0;3;0;106;0;78.75;0;0;4;16;9;4;1;2;0;0;0;0;0;0;0;0
47259;548;2016;Mediocentro;6;286;6;6.414336;0;0;0;0;93;1;63.0;0;0;5;44;22;9;5;2;1;6;0;0;0;0;0;0
47273;548;2016;Defensa;35;3090;35;6.836117;3;2;42;8;1371;23;81.09;0;0;62;385;216;42;40;77;36;36;9;0;0;0;0;0
47296;548;2016;Portero;38;3420;38;6.786842;0;0;0;0;1019;2;72.11;0;0;7;21;15;8;1;0;0;4;4;0;0;53;111;0
47298;548;2016;Defensa;9;461;7;6.36551;0;0;4;0;177;1;69.89;0;0;12;40;19;1;4;2;1;7;0;1;0;0;0;0
47304;548;2016;Defensa;2;103;2;5.900971;0;0;3;1;43;1;87.5;0;0;2;15;5;2;3;4;2;2;1;0;0;0;0;0
47305;548;2016;Defensa;32;2799;32;7.002965;1;1;26;4;1357;10;82.84;0;0;76;223;134;13;29;13;11;13;5;0;0;0;0;0
47307;548;2016;Defensa;14;1104;14;6.787862;0;1;7;2;347;10;78.14;0;0;22;126;74;19;24;9;5;9;3;1;0;0;0;0
47310;548;2016;Mediocentro;34;3004;34;7.30486;1;2;19;5;1975;31;82.97;0;0;118;402;236;64;55;40;30;48;13;0;0;0;0;0
47312;548;2016;Mediocentro;3;159;2;6.301887;0;0;0;0;47;3;70.33;0;0;2;9;2;1;0;1;0;3;0;0;0;0;0;0
47314;548;2016;Mediocentro;4;254;4;6.809843;0;0;2;0;133;1;80.25;0;0;1;29;16;1;2;4;3;3;1;0;0;0;0;0
47316;548;2016;Mediocentro;31;2503;29;6.894926;3;1;25;12;1195;15;82.0;0;0;85;358;172;51;66;33;12;33;9;1;0;0;0;0
47318;548;2016;Delantero;12;305;6;6.77541;3;0;14;4;40;0;48.83;0;0;0;51;26;3;7;0;0;6;0;0;0;0;0;0
47319;548;2016;Delantero;28;2077;27;7.088974;12;4;69;29;495;20;72.39;0;0;7;246;90;41;47;21;12;6;4;0;3;0;0;0
47320;548;2016;Delantero;35;1835;27;6.660218;11;0;48;20;337;8;75.74;0;0;3;188;58;23;32;22;5;18;8;1;0;0;0;0
47323;548;2016;Mediocentro;38;2725;34;6.741725;2;7;57;19;792;34;74.74;0;0;22;371;155;60;31;101;36;19;1;0;0;0;0;0
47337;548;2016;Mediocentro;19;693;14;6.965512;0;1;10;3;354;15;81.79;0;0;19;124;57;13;20;14;12;14;6;1;0;0;0;0
51046;548;2016;Delantero;35;2562;33;7.183568;9;2;63;27;817;69;78.77;0;0;10;390;184;90;47;106;59;21;6;0;3;0;0;0
104794;548;2016;Mediocentro;38;2820;35;6.996667;8;6;34;13;1228;48;80.87;0;0;19;323;188;60;21;39;26;16;2;0;1;0;0;0
104821;548;2016;Mediocentro;1;75;1;6.2;0;0;0;0;31;0;88.0;0;0;2;10;3;1;1;1;1;0;0;0;0;0;0;0
612;715;2016;Delantero;25;1126;19;6.599734;2;0;38;8;180;9;66.24;0;0;3;215;81;17;31;24;13;2;6;1;0;0;0;0
899;715;2016;Mediocentro;35;2830;35;6.740919;5;3;74;26;846;53;73.49;0;0;31;426;187;48;45;121;75;27;10;1;0;0;0;0
2098;715;2016;Portero;38;3420;38;6.821053;0;0;0;0;637;2;54.21;0;0;2;12;9;2;1;0;0;2;2;0;0;82;162;1
2112;715;2016;Mediocentro;22;1753;20;6.600399;5;1;30;15;326;16;77.95;0;0;22;303;139;37;20;117;60;10;6;0;0;0;0;0
2361;715;2016;Defensa;17;1473;17;6.839919;1;0;5;1;460;3;78.94;0;0;32;115;77;8;19;0;0;6;7;0;0;0;0;0
3238;715;2016;Mediocentro;10;685;9;6.703358;0;0;2;0;355;7;85.6;0;0;16;90;43;3;14;7;5;12;4;0;0;0;0;0
3426;715;2016;Mediocentro;11;869;11;6.946951;1;1;17;5;318;7;81.0;0;0;11;158;75;19;32;19;11;21;8;1;0;0;0;0
6084;715;2016;Defensa;22;1748;20;6.656121;0;0;6;1;539;7;71.18;0;0;40;163;98;16;20;10;7;15;6;0;0;0;0;0
15381;715;2016;Delantero;3;102;2;6.994118;0;0;6;2;17;0;85.0;0;0;0;12;7;2;0;4;3;1;0;0;0;0;0;0
19426;715;2016;Mediocentro;5;267;5;6.664794;0;0;0;0;86;0;66.0;0;0;3;37;15;2;5;2;0;4;2;0;0;0;0;0
20631;715;2016;Defensa;16;1309;16;6.904889;0;1;0;0;362;2;73.25;0;0;43;82;50;1;17;8;8;5;4;0;0;0;0;0
21099;715;2016;Mediocentro;12;937;11;6.717396;0;0;2;1;364;3;84.33;0;0;17;86;56;14;4;8;8;3;0;0;0;0;0;0
21494;715;2016;Defensa;6;367;6;6.266757;0;0;2;1;127;0;77.5;0;0;4;54;30;7;8;8;5;5;3;0;0;0;0;0
22084;715;2016;Defensa;12;977;12;6.473695;0;0;1;0;240;4;74.5;0;0;32;92;47;16;14;15;7;9;3;0;0;0;0;0
30531;715;2016;Mediocentro;26;1453;19;6.721886;2;1;29;9;337;13;81.27;0;0;2;184;97;29;1;98;55;4;0;0;0;0;0;0
33249;715;2016;Mediocentro;22;1268;19;6.63123;0;1;6;3;602;6;80.14;0;0;25;140;61;12;31;16;9;19;6;0;0;0;0;0
33395;715;2016;Mediocentro;25;1740;21;6.480115;2;0;17;7;483;20;78.96;0;0;25;224;100;27;23;54;33;22;4;0;0;0;0;0
41312;715;2016;Delantero;13;558;9;6.601613;1;2;11;5;150;11;73.31;0;0;2;57;22;15;4;4;1;3;0;0;0;0;0;0
41415;715;2016;Defensa;2;73;1;6.553425;0;0;0;0;18;3;72.0;0;0;1;6;2;0;1;1;0;0;0;0;0;0;0;0
46695;715;2016;Delantero;14;1131;13;6.941468;4;1;22;12;218;16;69.29;0;0;3;202;84;19;20;19;8;10;4;0;0;0;0;0
46731;715;2016;Defensa;2;180;2;6.9;0;0;1;1;74;2;81.0;0;0;7;20;12;4;2;2;1;2;1;0;0;0;0;0
46822;715;2016;Defensa;21;1841;20;6.685769;2;0;10;2;605;4;78.71;0;0;40;98;53;2;20;1;1;17;6;0;0;0;0;0
47074;715;2016;Defensa;13;912;11;6.562829;0;2;3;0;214;8;76.62;0;0;11;91;51;16;7;21;8;4;2;0;0;0;0;0
47230;715;2016;Mediocentro;7;397;5;6.632997;0;0;11;2;203;3;76.43;0;0;12;59;30;14;9;5;5;8;2;0;0;0;0;0
47251;715;2016;Defensa;22;1869;21;6.375923;0;2;3;0;546;9;72.68;0;0;27;194;89;16;33;49;24;12;5;0;0;0;0;0
47457;715;2016;Defensa;18;1488;17;6.735685;0;0;7;3;508;6;68.67;0;0;51;133;79;8;11;4;1;15;4;1;0;0;0;0
47537;715;2016;Defensa;12;999;12;6.531632;0;1;3;0;227;6;60.08;0;0;36;102;55;9;14;10;3;7;1;0;0;0;0;0
47539;715;2016;Mediocentro;31;2384;30;6.728356;0;0;13;2;1116;25;84.32;0;0;55;382;181;25;81;46;35;38;14;2;0;0;0;0
48589;715;2016;Delantero;11;506;8;6.344664;0;0;6;3;58;3;66.64;0;0;10;88;36;13;16;24;10;6;2;0;0;0;0;0
50131;715;2016;Delantero;26;1377;21;6.74154;5;2;40;13;264;11;69.38;0;0;5;189;60;18;15;15;6;15;2;0;0;0;0;0
63542;715;2016;Defensa;10;794;9;6.49005;0;0;5;2;301;3;80.0;0;0;13;73;31;3;16;10;7;11;2;0;0;0;0;0
91225;715;2016;Mediocentro;2;42;1;6.3;0;0;0;0;8;0;79.0;0;0;1;10;3;0;2;2;0;0;0;0;0;0;0;0
91701;715;2016;Delantero;8;310;6;6.857097;0;1;10;1;68;4;64.75;0;0;7;52;26;7;12;5;1;2;1;0;0;0;0;0
104845;715;2016;Delantero;1;29;0;6.6;0;0;1;0;6;0;75.0;0;0;0;2;1;0;0;0;0;0;0;0;0;0;0;0
104849;715;2016;Mediocentro;9;316;7;6.384177;0;0;1;0;60;5;58.78;0;0;1;45;16;7;3;6;2;10;0;0;0;0;0;0
351;727;2016;Mediocentro;26;2007;25;6.679571;1;2;14;4;649;14;80.96;0;0;30;217;98;19;37;17;11;14;4;0;0;0;0;0
1583;727;2016;Delantero;33;2402;30;6.722814;10;0;72;33;208;7;68.03;0;0;3;261;81;31;22;65;27;9;4;0;1;0;0;0
6997;727;2016;Delantero;22;1467;20;6.816973;4;1;38;16;306;20;61.59;0;0;7;324;132;34;41;19;8;12;3;0;0;0;0;0
15385;727;2016;Mediocentro;7;569;6;6.568893;0;0;4;2;169;3;77.14;0;0;22;62;22;2;13;5;4;11;2;0;0;0;0;0
20539;727;2016;Delantero;15;800;12;6.61925;0;1;16;6;151;4;66.13;0;0;3;136;50;9;13;10;5;7;2;1;0;0;0;0
30495;727;2016;Portero;18;1620;18;6.45;0;0;0;0;271;1;47.89;0;0;4;9;6;0;1;0;0;2;1;0;0;51;50;0
30510;727;2016;Delantero;29;2118;26;6.512229;1;6;16;5;383;27;60.69;0;0;51;391;188;35;29;135;65;26;3;0;0;0;0;0
39714;727;2016;Defensa;5;429;4;6.877622;2;0;4;2;72;0;70.0;0;0;17;33;20;1;5;0;0;4;0;0;0;0;0;0
40201;727;2016;Defensa;4;360;4;6.125;0;1;0;0;68;1;69.0;0;0;5;24;10;1;8;0;0;1;4;0;0;0;0;0
40553;727;2016;Defensa;10;789;10;6.522814;0;0;5;4;145;2;72.2;0;0;18;55;38;4;5;3;2;5;0;0;0;0;0;0
46651;727;2016;Defensa;25;1947;22;6.487314;1;0;7;3;433;21;65.84;0;0;37;203;103;8;16;76;41;17;2;0;0;0;0;0
46652;727;2016;Defensa;22;1870;21;6.699251;0;0;9;0;435;1;65.86;0;0;64;197;115;15;22;8;6;13;4;0;0;0;0;0
46653;727;2016;Defensa;25;2190;23;6.732192;1;0;9;4;481;2;66.12;0;0;54;203;110;13;41;1;0;14;8;0;0;0;0;0
46656;727;2016;Defensa;36;3150;36;6.668;0;2;8;2;859;18;68.28;0;0;90;409;221;53;72;13;9;34;11;1;0;0;0;0
46661;727;2016;Mediocentro;15;810;13;6.594815;1;0;16;4;325;7;74.07;0;0;15;141;60;7;30;19;13;24;5;0;0;0;0;0
46663;727;2016;Mediocentro;14;489;9;6.584254;1;0;4;1;107;3;70.29;0;0;8;58;26;6;7;3;2;9;3;0;0;0;0;0
46664;727;2016;Mediocentro;1;19;1;6.4;0;0;0;0;1;0;50.0;0;0;0;4;1;0;0;0;0;0;0;0;0;0;0;0
46666;727;2016;Mediocentro;32;2312;30;6.919637;7;3;64;23;648;62;68.03;0;0;38;283;125;42;34;53;27;37;7;0;3;0;0;0
46667;727;2016;Mediocentro;1;16;1;6.3;0;0;0;0;2;0;40.0;0;0;0;4;1;0;0;1;1;2;0;0;0;0;0;0
46989;727;2016;Portero;13;1170;13;6.484615;0;0;0;0;138;1;40.08;0;0;1;5;4;4;0;0;0;1;1;0;0;29;38;1
47016;727;2016;Portero;1;45;1;6.6;0;0;0;0;6;0;50.0;0;0;0;0;0;0;0;0;0;0;0;0;0;3;1;0
47027;727;2016;Delantero;2;11;1;6.790909;0;0;1;0;0;0;0.0;0;0;1;5;4;1;0;2;1;0;0;0;0;0;0;0
47036;727;2016;Mediocentro;19;1231;18;6.627701;0;0;8;6;307;6;71.84;0;0;32;191;88;12;43;8;5;32;8;0;0;0;0;0
47188;727;2016;Defensa;12;1035;12;6.647826;1;0;6;2;219;1;74.33;0;0;29;62;29;4;11;1;1;4;3;0;0;0;0;0
47201;727;2016;Mediocentro;28;1795;23;6.641448;0;1;22;6;582;30;80.46;0;0;18;251;119;26;24;78;42;17;3;0;0;0;0;0
47203;727;2016;Mediocentro;19;897;13;6.523634;0;4;16;5;208;16;76.0;0;0;7;186;94;22;7;58;33;5;1;0;0;0;0;0
47227;727;2016;Mediocentro;8;526;6;6.813688;0;0;5;0;146;1;68.88;0;0;21;92;51;7;11;2;2;4;1;0;0;0;0;0
47292;727;2016;Delantero;28;1466;21;6.859072;7;1;39;15;355;12;71.04;0;0;3;267;116;26;15;18;5;6;4;0;0;0;0;0
82030;727;2016;Defensa;17;1287;17;6.47265;0;1;1;1;310;5;75.71;0;0;24;105;55;8;22;5;1;2;5;0;0;0;0;0
104842;727;2016;Portero;7;585;7;6.653846;0;0;0;0;72;0;43.29;0;0;0;5;3;0;2;0;0;0;3;0;0;14;20;2
104843;727;2016;Defensa;15;1029;13;6.489602;0;0;6;0;217;11;65.6;0;0;23;114;54;7;18;15;9;10;3;0;0;0;0;0
104848;727;2016;Defensa;4;130;3;6.465385;0;0;1;0;21;1;64.5;0;0;4;14;9;1;0;1;0;3;0;0;0;0;0;0
104854;727;2016;Defensa;11;734;9;6.391962;0;1;0;0;155;3;70.0;0;0;22;70;37;7;15;3;1;6;3;1;0;0;0;0
104858;727;2016;Mediocentro;3;44;2;6.415909;0;0;0;0;7;0;23.33;0;0;1;5;2;1;2;0;0;1;0;0;0;0;0;0
104861;727;2016;Mediocentro;3;194;3;6.78299;0;0;1;0;55;1;68.67;0;0;3;33;20;2;4;1;1;4;1;0;0;0;0;0
1036;731;2016;Mediocentro;21;1472;18;6.705503;2;1;11;4;562;10;80.48;0;0;22;156;73;28;29;13;10;11;5;0;0;0;0;0
2544;731;2016;Mediocentro;9;230;5;6.663043;0;0;1;1;68;5;69.33;0;0;1;47;25;9;3;4;2;1;2;0;0;0;0;0
14482;731;2016;Mediocentro;6;149;1;6.420134;0;0;3;0;38;2;72.33;0;0;1;45;18;7;5;4;2;0;0;0;0;0;0;0
15372;731;2016;Defensa;7;376;5;6.536702;0;0;3;0;114;0;56.86;0;0;8;36;17;4;5;1;0;6;2;1;0;0;0;0
24793;731;2016;Defensa;31;2774;31;6.822711;0;0;8;1;902;3;79.9;0;0;66;200;127;16;20;19;16;16;7;1;0;0;0;0
28406;731;2016;Delantero;8;464;6;6.58319;2;0;20;7;51;5;54.5;0;0;3;94;34;4;16;5;2;2;2;0;0;0;0;0
43184;731;2016;Mediocentro;8;494;8;6.615385;0;0;5;0;233;3;82.25;0;0;5;84;42;12;7;10;8;12;3;0;0;0;0;0
46650;731;2016;Defensa;25;2137;24;6.526018;0;0;5;2;624;8;67.64;0;0;57;235;129;38;45;7;0;15;8;1;0;0;0;0
46870;731;2016;Portero;2;180;2;6.75;0;0;0;0;30;1;50.0;0;0;0;0;0;0;0;0;0;0;0;0;0;3;9;0
46874;731;2016;Defensa;22;1715;21;6.91895;1;1;9;3;526;4;77.27;0;0;24;126;72;12;10;1;1;4;2;0;0;0;0;0
46875;731;2016;Defensa;20;1755;20;6.749117;2;1;11;2;391;14;70.6;0;0;24;136;77;13;15;7;2;15;4;0;0;0;0;0
46883;731;2016;Defensa;4;230;3;6.517826;0;0;0;0;57;1;66.25;0;0;4;17;9;1;3;0;0;0;1;0;0;0;0;0
46884;731;2016;Mediocentro;25;1866;23;6.704394;8;2;34;15;558;26;68.2;0;0;25;371;141;34;58;38;12;59;5;0;0;0;0;0
46888;731;2016;Delantero;2;20;1;6.58;0;0;1;0;4;1;70.0;0;0;0;1;0;0;0;0;0;0;0;0;0;0;0;0
46981;731;2016;Mediocentro;17;858;12;6.546503;0;0;5;2;234;3;72.35;0;0;15;89;41;11;22;3;1;12;6;0;0;0;0;0
46983;731;2016;Delantero;25;1015;17;6.689458;4;1;16;10;175;12;78.76;0;0;1;125;36;14;15;12;6;5;1;0;0;0;0;0
47076;731;2016;Mediocentro;27;1727;23;6.29392;0;3;12;3;398;15;62.26;0;0;29;166;65;15;22;30;14;33;5;0;0;0;0;0
47150;731;2016;Delantero;16;741;13;6.615924;1;1;11;2;141;6;66.38;0;0;2;133;57;14;6;36;10;11;2;0;0;0;0;0
47362;731;2016;Mediocentro;32;1998;27;6.781632;2;4;50;23;461;32;69.06;0;0;13;313;153;57;21;110;56;13;6;0;0;0;0;0
47385;731;2016;Mediocentro;36;3006;36;6.8168;2;1;16;5;1125;20;76.89;0;0;71;555;267;44;82;24;15;80;9;0;0;0;0;0
47399;731;2016;Portero;36;3240;36;6.772222;0;0;0;0;509;1;47.81;0;0;5;32;24;9;0;0;0;6;5;0;0;69;127;1
47418;731;2016;Mediocentro;17;1409;17;6.93137;1;1;11;2;550;5;71.41;0;0;38;194;107;21;18;24;15;25;6;0;0;0;0;0
47493;731;2016;Delantero;31;2280;27;6.895658;9;3;67;27;374;22;64.52;0;0;9;290;98;26;34;26;7;9;6;0;3;0;0;0
47574;731;2016;Mediocentro;26;1877;26;6.708205;2;5;21;6;672;35;76.27;0;0;11;233;87;10;44;58;35;23;5;0;1;0;0;0
50085;731;2016;Defensa;21;1718;20;6.491385;3;0;15;5;544;21;72.62;0;0;32;320;157;33;24;83;46;35;6;0;0;0;0;0
51112;731;2016;Mediocentro;25;1381;22;6.665822;2;1;27;12;382;23;74.12;0;0;8;189;87;32;9;30;12;23;1;0;0;0;0;0
55393;731;2016;Defensa;3;197;3;6.274112;1;0;2;1;33;0;71.0;0;0;4;25;8;4;5;4;1;4;0;0;0;0;0;0
70546;731;2016;Defensa;27;2221;27;6.750653;0;1;9;2;576;5;67.11;0;0;70;227;129;21;49;7;6;9;17;0;0;0;0;0
104856;731;2016;Delantero;2;39;1;6.5;0;0;2;0;6;0;38.5;0;0;0;12;5;1;1;1;0;2;0;0;0;0;0;0
21;529;2017;Delantero;17;694;12;7.048271;4;3;15;7;183;10;76.76;0;0;11;62;23;9;2;10;3;6;0;0;0;0;0;0
124;529;2017;Portero;1;90;1;7.6;0;0;0;0;20;0;76.0;0;0;0;0;0;0;0;0;0;0;0;0;0;1;6;0
127;529;2017;Portero;37;3330;37;7.032432;0;0;0;0;883;0;80.46;0;0;4;7;5;1;0;1;1;2;0;0;0;28;98;1
128;529;2017;Defensa;33;2744;31;7.242383;2;8;15;5;1824;38;85.0;10;2;68;227;122;21;35;33;23;26;8;0;0;0;0;0
130;529;2017;Defensa;24;1495;20;6.80107;0;0;3;2;860;11;82.5;9;0;22;164;91;21;12;46;29;12;1;0;0;0;0;0
136;529;2017;Defensa;30;2633;30;7.188758;2;0;18;5;1657;6;88.9;8;10;30;203;119;11;23;16;13;20;9;0;0;0;0;0
137;529;2017;Defensa;30;2224;27;7.242401;1;7;8;4;1466;23;90.43;4;5;39;256;157;26;16;76;54;24;3;2;0;0;0;0
139;529;2017;Defensa;25;2189;25;7.159342;1;0;9;5;1475;1;90.76;6;4;37;188;130;25;22;11;8;9;7;0;0;0;0;0
140;529;2017;Defensa;14;1018;12;7.00334;0;1;3;2;601;3;92.79;2;1;18;63;35;3;9;2;1;6;3;0;0;0;0;0
144;529;2017;Mediocentro;31;2600;31;7.206423;1;4;5;4;2029;24;89.32;7;5;51;343;215;58;36;23;18;40;8;0;0;0;0;0
147;529;2017;Mediocentro;18;1303;18;7.573523;8;5;37;20;707;29;85.39;5;0;6;218;110;32;12;77;46;23;1;0;0;0;0;0
149;529;2017;Mediocentro;35;2838;32;7.234531;1;5;28;11;2253;31;89.26;4;1;44;267;148;46;33;34;26;30;4;0;0;0;0;0
153;529;2017;Delantero;17;930;14;7.145269;3;6;20;10;368;28;82.29;5;0;5;163;69;18;10;68;40;12;2;0;0;0;0;0
154;529;2017;Delantero;36;2996;35;8.577837;34;12;197;96;1529;89;79.83;2;0;7;512;290;80;17;257;185;16;3;0;2;0;0;0
157;529;2017;Delantero;33;2899;32;7.52832;25;12;121;56;810;58;75.36;2;0;8;289;117;50;46;103;39;15;9;0;1;0;0;0
1461;529;2017;Mediocentro;18;584;13;6.956164;2;2;12;5;303;14;78.78;4;0;2;89;44;10;6;36;21;5;1;0;0;0;0;0
2047;529;2017;Mediocentro;15;453;11;6.612804;1;1;8;6;198;4;78.13;0;0;9;54;24;12;2;10;3;9;0;0;0;0;0;0
2484;529;2017;Defensa;5;370;4;7.127027;0;1;3;1;225;3;93.6;5;2;6;42;27;6;6;1;1;2;2;0;0;0;0;0
2724;529;2017;Defensa;12;702;10;7.029487;0;2;2;1;422;6;86.92;1;2;12;70;42;7;12;7;4;4;2;0;0;0;0;0
12719;529;2017;Mediocentro;34;1939;27;6.960753;9;2;45;22;1071;13;84.53;7;0;15;270;126;33;32;43;25;27;2;0;0;0;0;0
13073;529;2017;Mediocentro;7;541;6;7.685767;0;0;0;0;401;3;92.43;0;0;8;32;16;1;9;0;0;1;0;0;0;0;0;0
18765;529;2017;Mediocentro;16;629;10;6.542607;0;0;7;0;313;4;88.44;1;0;4;107;45;5;16;21;9;8;1;0;0;0;0;0
18809;529;2017;Delantero;10;503;9;6.933598;1;1;8;4;223;10;82.0;0;0;8;61;22;5;11;21;7;1;1;0;0;0;0;0
33243;529;2017;Mediocentro;30;1842;26;7.167101;1;2;16;6;1341;18;87.9;1;0;10;220;133;40;15;77;63;25;1;0;0;0;0;0
47419;529;2017;Delantero;1;5;0;6.6;0;0;0;0;3;0;75.0;0;0;0;1;1;0;1;0;0;0;0;0;0;0;0;0
29;530;2017;Portero;37;3330;37;7.081081;0;0;0;0;401;2;51.65;0;0;2;13;10;3;2;3;3;0;1;0;0;22;109;0
31;530;2017;Defensa;23;1684;20;7.164371;1;1;12;2;585;6;75.17;4;2;30;179;119;18;15;8;6;12;6;0;0;0;0;0
32;530;2017;Defensa;30;2554;29;7.121574;0;0;13;5;1039;6;83.07;6;7;59;235;136;26;46;7;6;21;6;0;0;0;0;0
33;530;2017;Defensa;27;2116;27;7.29896;0;1;7;1;759;6;81.0;23;0;40;312;210;46;31;38;30;19;8;1;0;0;0;0
34;530;2017;Defensa;20;1660;20;7.454217;1;2;5;2;791;19;82.6;6;2;35;223;153;27;16;44;26;13;4;0;0;0;0;0
36;530;2017;Defensa;1;64;1;6.6;0;0;1;0;28;0;87.0;0;0;2;10;5;1;2;2;1;2;1;0;0;0;0;0
39;530;2017;Defensa;27;2299;27;7.003088;0;0;3;1;807;3;79.0;8;8;45;155;88;8;24;4;4;23;6;0;0;0;0;0
41;530;2017;Defensa;17;1308;15;6.904969;0;1;3;0;412;7;80.94;9;2;26;127;54;9;32;14;7;11;3;0;0;0;0;0
46;530;2017;Mediocentro;14;619;11;6.772375;1;2;8;2;225;3;78.79;5;1;6;121;56;22;19;22;17;12;1;1;0;0;0;0
47;530;2017;Mediocentro;1;2;0;0.0;0;0;0;0;1;0;100.0;0;0;0;0;0;0;0;0;0;0;0;0;0;0;0;0
48;530;2017;Mediocentro;36;3157;35;7.149509;2;3;53;9;1393;21;81.36;22;3;55;593;301;35;67;96;59;64;9;0;0;0;0;0
49;530;2017;Mediocentro;33;2379;29;7.211559;3;0;22;3;1148;13;81.61;16;2;53;368;226;35;40;53;45;36;6;0;0;0;0;0
50;530;2017;Mediocentro;35;2762;33;7.165713;4;4;29;14;1694;52;83.97;12;0;24;326;159;51;24;27;20;68;3;0;0;0;0;0
53;530;2017;Mediocentro;37;2262;34;6.729134;8;4;47;27;626;29;70.22;6;0;25;437;165;49;47;127;69;49;5;1;0;0;0;0
54;530;2017;Delantero;15;1048;13;6.817844;3;3;25;10;236;13;75.0;2;1;5;199;76;19;22;32;15;11;8;1;0;0;0;0
56;530;2017;Delantero;32;2529;30;7.548122;19;9;72;40;798;45;76.28;2;0;10;284;133;44;24;46;28;20;7;1;2;0;0;0
199;530;2017;Defensa;21;1697;20;7.123276;0;4;4;0;470;13;72.52;9;2;36;203;115;12;30;23;11;14;7;0;0;0;0;0
933;530;2017;Delantero;25;1119;19;6.865326;7;2;20;14;179;9;75.6;2;0;4;108;38;9;9;15;9;9;0;0;2;0;0;0
2923;530;2017;Mediocentro;17;899;12;6.881869;3;4;26;9;233;17;80.29;0;0;4;137;60;8;13;64;35;5;3;0;0;0;0;0
13114;530;2017;Mediocentro;5;105;4;6.745714;0;0;1;0;58;1;80.0;0;0;2;14;8;1;1;2;2;2;1;0;0;0;0;0
14485;530;2017;Mediocentro;1;64;0;6.0;0;0;1;1;10;0;66.0;0;0;0;11;4;1;1;2;0;0;0;0;0;0;0;0
19036;530;2017;Delantero;6;271;5;6.668266;0;0;8;1;68;1;82.67;0;0;3;43;17;7;4;11;4;3;1;0;0;0;0;0
33413;530;2017;Delantero;27;966;17;6.878364;5;0;30;13;146;5;59.26;2;1;2;198;97;23;17;34;17;4;2;0;0;0;0;0
42039;530;2017;Mediocentro;34;2346;30;7.005754;0;1;10;1;1463;23;84.21;8;0;44;286;130;23;51;15;10;66;8;0;0;0;0;0
46812;530;2017;Portero;1;90;1;7.2;0;0;0;0;4;0;25.0;0;0;0;0;0;0;0;0;0;0;0;0;0;0;3;1
50907;530;2017;Mediocentro;6;216;5;6.718981;0;0;6;3;73;5;81.33;0;0;1;38;19;4;1;4;2;6;0;0;0;0;0;0
622;531;2017;Defensa;19;1710;19;7.210526;0;1;8;2;814;8;81.89;0;0;27;160;107;18;19;6;4;11;5;0;0;0;0;0
2273;531;2017;Portero;30;2700;30;6.863333;0;0;0;0;589;1;61.87;0;0;2;17;13;7;1;0;0;2;4;0;0;43;99;2
2670;531;2017;Defensa;16;1440;16;7.03125;0;0;8;2;581;2;77.0;8;6;30;156;93;18;20;7;7;11;6;0;0;0;0;0
2672;531;2017;Delantero;14;775;12;7.487484;4;2;18;10;365;15;84.21;3;0;4;112;63;29;5;36;22;6;1;0;0;0;0;0
46768;531;2017;Mediocentro;3;34;1;6.152941;0;0;2;0;31;0;87.67;0;0;1;8;1;0;1;1;0;1;1;0;0;0;0;0
46786;531;2017;Defensa;6;523;6;6.59675;0;1;0;0;152;4;71.67;0;0;14;52;22;1;11;4;1;6;1;0;0;0;0;0
46909;531;2017;Defensa;1;90;1;6.3;0;0;1;0;26;0;78.0;0;0;1;8;4;1;3;1;1;0;0;0;0;0;0;0
47267;531;2017;Portero;8;720;8;6.95;0;0;0;0;149;0;56.75;0;0;0;10;7;2;2;0;0;0;0;0;0;6;25;0
47271;531;2017;Defensa;8;675;7;6.866667;0;0;1;0;376;2;82.25;6;1;11;69;39;10;12;5;4;3;2;0;0;0;0;0
47272;531;2017;Defensa;18;1554;18;6.774131;0;2;3;0;448;7;75.72;7;2;17;147;78;16;21;24;14;12;1;0;0;0;0;0
47275;531;2017;Defensa;21;1663;21;6.892784;1;2;13;8;553;21;75.05;14;1;19;137;70;10;17;20;12;16;5;0;0;0;0;0
47276;531;2017;Defensa;32;2104;25;6.827614;0;1;18;5;725;19;71.38;7;0;15;275;152;12;25;74;42;19;3;0;0;0;0;0
47277;531;2017;Defensa;33;2942;33;7.061387;1;0;21;2;1206;3;81.27;15;8;67;304;185;24;42;20;17;18;11;0;0;0;0;0
47279;531;2017;Mediocentro;30;1457;23;6.57687;1;1;18;4;330;16;68.57;9;0;22;320;141;35;20;90;47;41;3;0;0;0;0;0
47280;531;2017;Mediocentro;24;1115;18;7.053632;0;2;13;3;614;25;87.29;5;0;28;119;54;15;17;12;6;23;3;0;0;0;0;0
47282;531;2017;Mediocentro;34;2637;34;7.029617;10;1;79;34;491;23;58.18;8;0;31;543;287;74;79;20;11;45;10;0;3;0;0;0
47284;531;2017;Mediocentro;30;1903;24;7.00021;0;0;6;1;990;22;82.13;8;2;35;203;110;22;29;6;5;22;7;0;0;0;0;0
47287;531;2017;Mediocentro;17;1170;15;6.800427;0;0;13;1;438;11;76.65;1;0;24;138;63;23;19;18;10;22;2;0;0;0;0;0
47288;531;2017;Mediocentro;26;2156;25;6.691976;1;1;20;5;796;12;77.77;6;3;41;328;147;8;39;32;20;54;5;0;0;0;0;0
47289;531;2017;Mediocentro;34;2268;31;6.907143;3;2;27;12;687;54;81.06;4;0;18;312;138;50;20;71;37;49;2;0;0;0;0;0
47290;531;2017;Delantero;33;2149;30;6.931131;9;1;61;28;330;11;68.64;1;0;3;335;168;39;42;24;19;5;5;0;3;0;0;0
47294;531;2017;Delantero;38;2851;33;6.874325;7;6;74;26;527;33;74.26;4;0;17;399;168;41;31;121;61;33;3;0;0;0;0;0
47418;531;2017;Mediocentro;12;807;11;6.639901;1;1;7;4;320;7;75.83;1;0;8;134;56;11;16;10;7;21;6;0;0;0;0;0
47423;531;2017;Delantero;13;371;6;6.479245;0;0;8;3;61;2;73.54;0;0;1;60;27;6;7;3;2;5;1;0;0;0;0;0
47565;531;2017;Defensa;5;377;5;6.880371;1;0;4;1;136;0;84.2;1;0;7;32;10;2;10;0;0;3;2;0;0;0;0;0
104808;531;2017;Defensa;19;1429;17;7.010777;0;1;6;2;401;6;74.79;0;0;24;137;88;13;20;7;3;10;5;0;0;0;0;0
135;532;2017;Defensa;17;1374;15;7.113683;0;0;2;0;670;0;88.82;5;1;29;143;94;15;16;3;3;7;4;0;0;0;0;0
855;532;2017;Defensa;1;90;1;7.2;0;0;4;2;26;5;63.0;0;0;2;15;6;2;4;6;2;0;0;0;0;0;0;0
899;532;2017;Mediocentro;23;1076;17;6.744888;1;3;14;6;240;21;73.74;2;0;11;170;77;21;20;37;17;20;5;0;0;0;0;0
911;532;2017;Portero;5;450;5;7.08;0;0;0;0;74;0;69.6;0;0;0;2;2;1;0;0;0;0;2;0;0;5;16;0
912;532;2017;Portero;33;2970;33;6.939394;0;0;1;0;344;0;52.39;0;0;1;12;11;4;0;0;0;1;2;0;0;33;112;0
915;532;2017;Defensa;30;2584;30;7.088158;0;0;16;4;1186;4;85.27;6;5;51;192;130;19;23;5;5;14;7;1;0;0;0;0
917;532;2017;Defensa;24;2030;24;6.89532;0;0;6;1;936;3;83.88;4;3;24;125;76;15;22;0;0;4;5;0;0;0;0;0
918;532;2017;Defensa;34;2917;34;7.098903;0;3;14;3;1109;38;80.15;17;3;56;314;184;45;35;62;38;25;11;0;0;0;0;0
920;532;2017;Defensa;16;798;13;6.851504;0;1;1;0;259;6;74.56;3;2;9;94;54;8;10;9;8;11;4;0;0;0;0;0
924;532;2017;Mediocentro;9;656;7;6.88125;1;0;4;3;255;2;82.44;0;0;20;104;59;7;13;18;14;7;2;0;0;0;0;0
925;532;2017;Mediocentro;33;2441;32;7.163662;5;9;61;22;707;48;77.79;7;0;16;375;198;70;35;129;81;35;2;0;0;0;0;0
926;532;2017;Mediocentro;31;2617;30;7.156744;4;4;28;8;1353;22;86.71;12;6;62;441;237;53;57;64;55;45;13;1;0;0;0;0
928;532;2017;Mediocentro;34;3005;34;7.592779;7;7;45;21;2023;70;84.94;10;1;34;402;217;67;47;60;46;56;15;1;6;0;0;0
930;532;2017;Mediocentro;33;2374;31;6.79802;1;4;45;17;801;35;82.61;10;0;5;295;127;42;54;56;26;31;4;0;0;0;0;0
931;532;2017;Mediocentro;13;302;8;6.746358;0;1;3;2;68;4;60.31;2;0;3;53;26;6;4;10;8;4;0;0;0;0;0;0
934;532;2017;Delantero;32;1549;22;7.04519;12;2;43;20;363;10;76.91;1;0;2;259;107;36;24;28;19;18;4;0;1;0;0;0
935;532;2017;Delantero;37;2695;35;7.157662;16;4;92;40;680;35;76.51;1;1;17;321;141;40;28;77;44;18;4;0;1;0;0;0
2824;532;2017;Mediocentro;15;551;7;7.080218;0;0;7;2;214;9;77.33;2;3;16;81;42;2;5;10;6;8;1;0;0;0;0;0
18965;532;2017;Defensa;25;2152;25;7.014777;0;4;8;5;780;13;76.72;6;1;53;257;146;28;38;33;19;25;7;0;0;0;0;0
19036;532;2017;Delantero;14;524;11;6.835878;2;1;5;3;155;14;79.57;4;0;2;57;22;7;5;13;4;3;1;0;0;0;0;0
30515;532;2017;Delantero;33;2078;28;6.946295;13;1;73;24;319;15;72.12;2;0;8;353;140;32;41;48;13;19;10;1;0;0;0;0
46657;532;2017;Defensa;7;446;7;6.936996;1;0;3;2;144;1;74.71;4;0;10;46;27;3;5;4;3;8;1;0;0;0;0;0
46975;532;2017;Mediocentro;6;228;4;6.810088;0;1;2;1;64;2;85.17;0;0;2;40;23;11;6;7;5;7;0;0;0;0;0;0
47457;532;2017;Defensa;19;1554;17;6.85547;0;0;3;1;552;3;76.0;6;2;23;176;106;13;23;17;11;16;3;1;0;0;0;0
47546;532;2017;Mediocentro;1;73;1;6.8;0;0;1;0;44;0;91.0;0;0;3;7;2;1;3;0;0;1;0;0;0;0;0;0
44;533;2017;Mediocentro;37;3228;36;7.184108;1;3;32;10;2225;23;89.51;23;3;52;455;263;35;77;29;26;56;8;0;0;0;0;0
923;533;2017;Mediocentro;24;920;18;6.663478;2;1;29;9;214;17;64.83;3;1;13;160;69;14;21;33;16;17;2;0;0;0;0;0
1641;533;2017;Mediocentro;30;2083;27;7.004033;6;5;57;19;730;45;80.9;9;1;21;406;169;66;42;106;47;49;4;0;0;0;0;0
1682;533;2017;Portero;23;2070;23;6.865217;0;0;0;0;296;0;55.65;0;0;0;20;13;3;2;1;1;4;3;0;0;30;63;2
1683;533;2017;Portero;13;1125;13;6.84;0;0;0;0;168;0;60.0;0;0;1;4;4;3;0;0;0;0;0;0;0;17;34;1
1684;533;2017;Portero;3;225;3;6.9;0;0;0;0;35;0;52.67;0;0;0;3;3;0;0;0;0;0;0;0;0;6;10;0
1685;533;2017;Defensa;15;1190;14;6.964622;0;1;2;0;492;3;86.13;4;4;12;70;43;11;14;1;1;5;4;1;0;0;0;0
1687;533;2017;Defensa;30;2541;29;6.887918;0;0;12;3;1073;31;82.37;3;0;46;298;164;37;54;39;27;18;15;1;0;0;0;0
1689;533;2017;Defensa;33;2899;33;6.900414;0;2;16;3;1201;8;82.82;5;4;53;234;128;30;33;4;2;19;15;1;0;0;0;0
1691;533;2017;Defensa;32;2805;32;7.123529;2;3;29;10;1130;31;77.84;21;2;57;354;203;15;44;46;22;29;6;0;0;0;0;0
1693;533;2017;Defensa;27;2417;27;6.99156;2;1;5;2;1217;4;84.7;7;2;58;186;103;6;28;7;5;12;11;1;0;0;0;0
1697;533;2017;Mediocentro;35;2622;31;7.090999;3;12;51;14;1037;54;76.17;3;0;22;315;139;32;34;53;27;42;4;0;0;0;0;0
1698;533;2017;Mediocentro;11;538;10;6.416729;0;0;1;0;223;0;69.27;2;2;4;60;31;6;8;1;1;6;2;0;0;0;0;0
1705;533;2017;Mediocentro;34;2709;34;7.101956;3;4;28;8;1588;43;85.35;8;3;22;322;163;43;38;45;32;50;11;1;1;0;0;0
1706;533;2017;Delantero;35;2511;34;7.141896;15;6;73;35;384;30;73.2;0;0;8;200;88;20;22;53;35;11;9;0;1;0;0;0
1708;533;2017;Mediocentro;21;1113;17;6.746631;2;4;18;5;356;25;79.38;1;0;17;210;87;27;25;45;27;36;3;1;0;0;0;0
2230;533;2017;Defensa;17;1269;16;6.755398;0;0;2;0;387;8;82.47;7;0;16;77;38;3;18;3;1;8;5;0;0;0;0;0
2992;533;2017;Mediocentro;2;100;2;6.62;0;0;0;0;32;0;93.5;0;0;3;11;7;0;2;1;1;0;0;0;0;0;0;0
3033;533;2017;Delantero;15;1269;15;7.009535;9;0;31;16;206;15;72.2;0;0;3;188;56;19;40;23;10;6;5;0;1;0;0;0
30483;533;2017;Mediocentro;22;1135;17;6.677709;0;0;21;6;388;13;74.68;3;0;4;186;88;32;36;21;14;13;3;0;0;0;0;0
30490;533;2017;Delantero;18;627;11;6.918501;5;1;15;7;170;13;79.17;2;0;1;76;31;12;3;16;10;15;1;0;1;0;0;0
35604;533;2017;Delantero;8;226;3;6.70885;1;0;11;3;45;0;66.88;1;0;0;44;22;10;6;10;6;2;1;0;0;0;0;0
41173;533;2017;Defensa;4;231;3;6.225974;0;0;1;0;77;1;88.25;0;0;5;26;15;1;1;2;1;2;0;0;0;0;0;0
44340;533;2017;Mediocentro;1;33;0;6.3;0;0;0;0;15;0;88.0;0;0;0;6;2;1;1;1;0;0;1;0;0;0;0;0
46744;533;2017;Delantero;1;28;1;6.6;0;0;1;0;9;0;81.0;0;0;0;2;2;1;0;1;1;0;0;0;0;0;0;0
46815;533;2017;Defensa;2;51;0;6.170588;0;0;0;0;20;0;61.5;0;0;0;9;3;0;2;0;0;1;0;0;0;0;0;0
47228;533;2017;Mediocentro;4;67;1;6.144776;0;0;0;0;25;1;74.0;0;0;0;12;5;2;1;2;0;1;1;0;0;0;0;0
47358;533;2017;Defensa;3;233;3;6.148927;0;0;0;0;76;1;84.0;0;0;3;28;10;0;6;5;2;6;1;0;0;0;0;0
47499;533;2017;Delantero;23;1122;17;6.870945;5;2;36;19;205;9;74.57;1;3;4;222;84;25;32;22;9;12;1;0;0;0;0;0
104826;533;2017;Mediocentro;4;86;2;6.686047;0;0;3;0;35;1;78.25;0;0;1;13;5;2;3;3;2;2;1;0;0;0;0;0
104827;533;2017;Delantero;2;16;2;6.45625;0;0;1;0;4;1;50.0;0;0;0;2;2;0;0;0;0;0;0;0;0;0;0;0
104835;533;2017;Delantero;1;1;1;0.0;0;0;0;0;1;0;50.0;0;0;0;2;1;0;0;0;0;0;0;0;0;0;0;0
46;534;2017;Mediocentro;9;690;8;6.986667;1;0;6;4;304;7;84.67;0;0;6;108;63;29;5;28;17;13;0;0;0;0;0;0
2115;534;2017;Mediocentro;20;1306;17;6.924119;2;1;38;15;361;20;81.7;5;0;5;140;70;25;9;50;31;13;1;1;0;0;0;0
2774;534;2017;Mediocentro;14;1215;14;7.003704;0;1;20;3;536;7;85.5;11;0;27;188;106;46;21;31;25;14;3;0;0;0;0;0
6736;534;2017;Mediocentro;15;617;12;6.343112;0;1;3;1;109;6;68.67;0;0;5;96;41;10;8;48;26;10;2;0;0;0;0;0
8542;534;2017;Mediocentro;10;468;8;6.395299;0;0;7;3;91;3;76.5;5;0;3;62;25;7;6;13;7;1;0;0;0;0;0;0
10236;534;2017;Defensa;28;2136;27;6.788904;0;1;6;3;753;24;80.5;3;2;39;223;122;43;38;22;14;11;6;1;0;0;0;0
12493;534;2017;Mediocentro;24;1553;20;6.672827;1;1;14;6;673;21;85.92;2;0;23;202;88;36;11;38;19;24;2;0;0;0;0;0
12667;534;2017;Mediocentro;23;1994;23;7.314544;4;3;39;16;1248;63;84.04;0;0;11;329;178;69;21;99;65;25;4;0;1;0;0;0
22240;534;2017;Delantero;12;761;9;6.853351;5;0;32;16;184;5;81.83;0;0;1;73;35;7;8;30;19;1;1;0;0;0;0;0
24886;534;2017;Mediocentro;11;558;7;6.356989;0;0;9;1;89;4;60.73;4;1;1;78;31;7;11;16;10;10;1;0;0;0;0;0
30524;534;2017;Defensa;16;1262;14;6.839223;0;0;16;2;729;4;85.81;0;0;25;88;45;3;18;7;6;12;6;0;0;0;0;0
33249;534;2017;Mediocentro;2;145;2;6.904138;0;0;0;0;69;0;81.5;0;0;0;21;16;2;2;4;3;1;0;0;0;0;0;0
37191;534;2017;Delantero;10;574;7;6.882927;0;0;13;5;172;8;74.6;0;0;5;80;41;17;15;14;8;5;1;0;0;0;0;0
44503;534;2017;Defensa;15;1155;15;6.690043;0;0;9;0;421;6;75.4;7;1;24;152;75;21;19;23;14;20;3;0;0;0;0;0
46707;534;2017;Defensa;3;242;3;6.160331;0;0;1;0;137;1;87.33;0;0;3;22;7;1;1;5;2;5;0;0;0;0;0;0
46793;534;2017;Defensa;11;718;9;6.561003;0;0;3;1;329;10;79.55;3;1;22;114;55;11;17;26;13;7;3;0;0;0;0;0
46800;534;2017;Mediocentro;25;1525;23;6.492984;0;0;14;0;773;5;86.48;2;0;17;184;89;29;22;13;7;20;3;0;0;0;0;0
46897;534;2017;Mediocentro;7;351;6;6.561823;0;0;6;2;213;1;90.71;0;0;8;54;32;7;9;0;0;7;1;0;0;0;0;0
46935;534;2017;Portero;11;990;11;6.609091;0;0;0;0;233;0;74.18;0;0;1;7;5;3;0;0;0;2;0;0;0;27;39;0
46975;534;2017;Mediocentro;14;730;10;6.548904;0;0;7;2;208;10;79.93;2;0;6;101;43;22;14;14;5;16;1;0;0;0;0;0
46991;534;2017;Defensa;3;183;3;6.885246;0;0;0;0;81;0;89.33;0;0;2;9;8;1;0;0;0;1;0;0;0;0;0;0
46992;534;2017;Defensa;24;2027;23;6.660927;0;2;4;0;680;9;78.96;8;3;42;232;126;30;17;40;24;23;5;0;0;0;0;0
46995;534;2017;Defensa;11;859;9;6.762864;1;0;5;3;371;4;71.55;3;3;19;72;49;14;11;5;5;4;2;0;0;0;0;0
47001;534;2017;Mediocentro;23;1565;19;6.892396;0;0;4;2;968;3;88.48;9;2;38;176;107;26;14;12;7;17;4;0;0;0;0;0
47003;534;2017;Mediocentro;13;674;12;6.721365;0;1;6;1;297;14;82.38;3;0;5;81;46;21;5;11;7;9;3;0;0;0;0;0
47004;534;2017;Mediocentro;1;65;1;6.5;0;0;0;0;39;1;86.0;0;0;1;8;3;0;1;1;1;3;1;0;0;0;0;0
47006;534;2017;Mediocentro;7;572;7;6.734266;0;0;5;0;326;2;85.86;0;0;8;58;30;4;9;8;6;6;3;0;0;0;0;0
47011;534;2017;Mediocentro;2;37;1;6.802703;0;0;2;0;19;0;90.0;0;0;0;8;5;0;0;2;2;0;0;0;0;0;0;0
47111;534;2017;Mediocentro;4;164;2;6.618293;0;0;1;1;36;3;66.0;3;0;2;25;12;1;2;5;4;4;0;0;0;0;0;0
47246;534;2017;Portero;27;2430;27;6.944444;0;0;0;0;636;1;65.0;0;0;4;31;25;6;0;5;5;4;2;0;0;47;103;0
47360;534;2017;Defensa;31;2606;30;6.909094;0;1;3;1;1112;5;82.19;10;4;66;277;179;51;28;42;36;22;12;0;0;0;0;0
47368;534;2017;Delantero;37;3111;36;6.84947;9;3;99;28;459;27;65.35;5;0;6;551;235;75;73;64;31;18;7;0;5;0;0;0
47378;534;2017;Defensa;12;896;12;6.707031;0;0;4;1;516;5;79.92;0;0;16;70;41;6;12;12;10;6;3;0;0;0;0;0
47534;534;2017;Defensa;18;1619;18;6.856022;0;0;16;4;765;1;80.22;14;7;43;208;115;18;34;9;8;19;5;1;0;0;0;0
91451;534;2017;Mediocentro;21;1298;18;6.861556;0;0;12;4;836;12;81.0;5;1;23;133;65;14;18;9;7;20;4;0;0;0;0;0
104797;534;2017;Delantero;10;462;7;6.718831;1;0;9;2;57;4;67.9;0;0;1;82;29;3;5;8;5;6;0;0;0;0;0;0
2116;535;2017;Mediocentro;12;671;9;6.617586;0;1;11;1;150;10;73.0;3;1;6;57;21;3;3;18;10;12;1;0;0;0;0;0
2444;535;2017;Defensa;35;3125;35;7.0096;1;0;18;6;1052;54;73.26;12;4;58;357;193;22;47;34;18;34;10;0;0;0;0;0
2446;535;2017;Mediocentro;16;604;12;6.455298;0;2;15;4;174;12;83.94;0;0;6;105;37;15;4;23;9;5;1;0;0;0;0;0
2777;535;2017;Delantero;9;496;8;7.00504;0;1;8;1;79;7;57.44;5;0;5;114;61;26;15;38;23;5;0;0;0;0;0;0
6377;535;2017;Mediocentro;2;28;1;6.971429;0;0;1;0;13;0;43.0;0;0;2;8;4;0;2;1;1;1;1;0;0;0;0;0
18811;535;2017;Delantero;13;807;13;6.745353;0;0;21;6;193;10;80.23;0;0;0;189;69;27;28;29;15;1;3;0;0;0;0;0
21631;535;2017;Defensa;15;1238;15;6.956058;1;0;11;2;447;0;81.67;0;0;20;119;69;7;20;3;3;7;1;0;0;0;0;0
30783;535;2017;Mediocentro;8;422;6;6.516588;0;0;3;0;105;1;63.88;0;0;9;40;17;4;12;5;4;2;1;0;0;0;0;0
41312;535;2017;Delantero;11;217;7;6.61106;0;0;5;1;76;4;84.55;0;0;1;47;14;7;3;3;2;9;0;0;0;0;0;0
46816;535;2017;Defensa;2;107;1;5.779439;0;0;0;0;43;2;80.0;0;0;2;21;6;2;4;5;1;4;0;0;0;0;0;0
46817;535;2017;Defensa;18;1432;17;6.67933;1;0;13;3;359;3;73.44;5;8;19;131;65;3;27;3;1;8;5;0;0;0;0;0
46818;535;2017;Defensa;36;3240;36;6.788889;0;1;4;0;1130;6;79.11;6;7;77;210;110;10;42;3;3;16;8;0;0;0;0;0
46819;535;2017;Defensa;10;784;9;6.814286;0;0;2;0;239;11;74.3;0;0;19;78;42;8;9;11;6;9;2;0;0;0;0;0
46820;535;2017;Defensa;14;1111;14;6.920522;0;1;5;3;281;6;60.71;1;0;24;129;82;6;18;8;7;10;4;0;0;0;0;0
46821;535;2017;Defensa;1;19;0;6.7;0;0;0;0;10;0;90.0;1;0;1;3;1;0;1;1;0;0;1;0;0;0;0;0
46823;535;2017;Defensa;8;675;8;6.826667;0;0;2;0;207;2;81.88;9;5;13;45;21;0;8;1;0;8;3;0;0;0;0;0
46827;535;2017;Mediocentro;29;2341;28;6.704528;3;0;35;12;845;18;79.45;8;4;38;348;142;31;39;13;8;38;9;1;1;0;0;0
46829;535;2017;Mediocentro;15;1062;13;6.719962;0;0;5;0;406;5;85.13;7;1;15;137;68;11;18;8;5;24;2;0;0;0;0;0
46831;535;2017;Mediocentro;11;562;11;6.531673;0;0;17;6;156;2;69.73;0;0;6;75;29;4;6;23;15;10;1;0;0;0;0;0
46832;535;2017;Mediocentro;12;380;4;6.54;0;0;8;3;106;6;75.83;0;0;4;89;37;6;8;32;14;2;4;0;0;0;0;0
47253;535;2017;Defensa;20;1775;20;6.687155;0;0;9;1;503;2;69.9;3;6;33;188;87;14;41;12;10;11;5;1;0;0;0;0
47326;535;2017;Portero;34;3060;34;6.794118;0;0;1;0;433;2;48.12;0;0;2;17;16;3;1;0;0;0;0;0;0;51;100;2
47366;535;2017;Mediocentro;5;214;3;6.438318;0;0;5;2;45;5;63.2;0;0;2;35;10;2;2;16;5;4;1;0;0;0;0;0
47370;535;2017;Delantero;20;977;16;6.583009;2;0;27;10;171;4;68.95;0;0;3;128;45;7;16;10;3;12;2;0;1;0;0;0
47373;535;2017;Delantero;26;1944;23;6.715432;5;0;36;17;466;20;80.31;9;1;12;341;134;48;28;91;42;35;0;0;0;0;0;0
47401;535;2017;Portero;4;360;4;6.3;0;0;0;0;43;0;40.75;0;0;0;2;2;0;0;1;1;0;0;0;0;10;10;0
47413;535;2017;Mediocentro;22;1841;22;6.881315;1;2;26;4;791;24;81.95;0;0;30;279;136;44;42;28;17;45;11;1;1;0;0;0
47422;535;2017;Delantero;25;1592;19;6.762186;4;0;48;14;187;10;55.28;11;0;9;398;160;33;34;53;18;20;3;1;0;0;0;0
47488;535;2017;Mediocentro;21;1217;18;6.656779;0;2;18;5;253;14;73.62;2;0;13;204;90;28;35;18;10;32;3;0;0;0;0;0
48385;535;2017;Mediocentro;8;481;8;6.590644;0;1;3;0;301;8;78.88;0;0;4;40;14;2;7;2;2;5;4;2;0;0;0;0
51576;535;2017;Mediocentro;26;2075;26;6.962892;4;2;32;9;606;32;72.81;5;0;23;230;114;28;23;51;28;21;6;1;1;0;0;0
80957;535;2017;Delantero;13;731;10;6.573051;1;0;10;3;109;4;66.0;2;0;1;123;43;14;12;12;5;5;2;0;0;0;0;0
95590;535;2017;Mediocentro;20;1583;19;6.718825;0;0;2;1;471;7;79.15;14;0;29;260;132;21;43;26;19;33;6;0;0;0;0;0
104624;535;2017;Mediocentro;7;174;4;6.072414;0;1;2;0;28;1;84.14;3;0;6;40;16;4;11;3;2;7;1;1;0;0;0;0
104807;535;2017;Defensa;1;45;1;6.6;0;0;0;0;12;0;80.0;1;0;2;4;2;1;1;0;0;0;0;0;0;0;0;0
135151;535;2017;Defensa;1;90;1;6.8;0;0;0;0;17;0;65.0;1;0;3;8;5;1;3;0;0;0;0;0;0;0;0;0
185202;535;2017;Mediocentro;1;6;0;7.0;0;0;0;0;3;0;100.0;2;0;0;3;3;0;0;1;1;0;0;0;0;0;0;0
133;536;2017;Defensa;35;3002;35;6.944337;3;1;14;5;1439;5;83.4;7;4;35;293;172;23;52;14;12;17;9;0;0;0;0;0
560;536;2017;Defensa;12;823;11;6.667436;0;1;5;3;239;5;78.0;0;0;16;96;56;22;20;10;5;7;4;0;0;0;0;0
780;536;2017;Mediocentro;27;2215;26;6.985779;1;2;22;5;1629;13;86.85;9;2;28;245;166;13;31;16;13;10;2;0;0;0;0;0
1854;536;2017;Mediocentro;21;1198;16;6.758097;1;1;24;6;386;23;77.62;0;0;2;230;110;43;26;75;40;21;5;0;0;0;0;0
2038;536;2017;Mediocentro;3;192;3;6.565625;0;0;0;0;87;0;90.67;2;0;5;14;8;2;2;1;0;0;0;0;0;0;0;0
2040;536;2017;Defensa;27;2332;27;6.965523;0;2;19;4;1078;14;79.07;18;1;67;327;198;38;34;40;26;30;10;0;0;0;0;0
2043;536;2017;Defensa;6;459;5;6.937255;0;0;2;0;214;2;71.17;4;1;10;40;19;0;5;0;0;3;1;0;0;0;0;0
2044;536;2017;Defensa;26;2122;26;6.892271;0;1;18;7;796;9;83.31;7;6;42;218;114;16;36;7;4;31;9;0;0;0;0;0
2045;536;2017;Defensa;20;1571;18;6.974984;2;0;9;2;665;2;83.5;0;1;32;136;88;9;18;1;1;9;3;0;0;0;0;0
2050;536;2017;Mediocentro;31;2397;26;7.267;3;3;37;13;1851;68;85.55;6;0;12;405;215;51;42;121;83;41;9;1;3;0;0;0
2053;536;2017;Mediocentro;7;342;5;7.030994;0;0;1;0;201;5;89.57;10;2;0;40;23;6;10;3;3;2;2;0;0;0;0;0
2054;536;2017;Mediocentro;26;1762;23;6.991317;1;0;19;5;602;32;71.69;4;3;19;164;83;24;16;28;16;14;2;0;0;0;0;0
2056;536;2017;Mediocentro;34;2398;32;6.952294;6;5;57;27;796;47;77.56;6;0;30;279;101;41;46;45;21;38;9;1;1;0;0;0
2057;536;2017;Mediocentro;30;1845;27;6.851057;4;6;56;13;645;41;73.07;10;0;11;356;165;61;47;56;32;28;5;0;0;0;0;0
2058;536;2017;Delantero;30;1599;23;7.041338;4;5;38;18;445;34;72.33;10;1;10;236;113;24;17;54;27;19;4;0;0;0;0;0
2059;536;2017;Delantero;25;1699;21;6.900883;9;3;48;28;371;28;76.24;0;0;5;182;63;20;17;30;16;1;3;1;0;0;0;0
2493;536;2017;Delantero;29;1603;25;6.758328;7;1;58;21;319;20;71.07;1;1;3;241;83;13;26;59;28;21;4;0;0;0;0;0
2872;536;2017;Defensa;16;1181;13;6.912024;2;0;22;5;397;11;75.75;10;2;15;107;59;9;12;11;8;19;4;0;0;0;0;0
10311;536;2017;Mediocentro;8;524;8;6.993702;2;0;7;3;281;8;71.62;0;0;2;67;32;11;5;8;4;8;0;0;0;0;0;0
10496;536;2017;Mediocentro;1;77;1;6.9;0;0;1;0;16;1;69.0;0;0;0;9;4;2;2;0;0;2;0;0;0;0;0;0
19014;536;2017;Portero;24;2155;23;6.683063;0;0;0;0;330;0;60.42;0;0;1;19;15;3;1;0;0;2;2;0;0;39;55;1
22245;536;2017;Defensa;6;540;6;6.783333;0;1;3;1;243;3;82.67;0;0;6;66;35;6;4;15;10;2;0;0;0;0;0;0
24799;536;2017;Defensa;14;670;11;6.922836;0;1;6;1;310;5;73.07;3;1;11;55;27;1;9;1;0;10;0;0;0;0;0;0
35525;536;2017;Mediocentro;24;1754;19;6.940422;1;0;13;4;1075;8;80.25;9;1;26;304;169;25;48;31;21;38;9;0;0;0;0;0
35834;536;2017;Defensa;5;405;5;7.011111;0;0;3;0;197;1;85.2;3;1;13;44;27;2;10;0;0;2;2;0;0;0;0;0
46801;536;2017;Mediocentro;13;533;11;6.87636;1;1;5;2;304;3;80.69;0;0;4;54;26;3;3;10;9;5;0;0;0;0;0;0
46808;536;2017;Delantero;2;139;2;6.957554;1;0;5;2;27;3;76.5;1;0;0;14;4;1;4;0;0;2;0;0;0;0;0;0
47083;536;2017;Mediocentro;1;54;1;7.0;0;0;0;0;26;1;74.0;0;0;0;10;5;0;2;2;1;1;0;0;0;0;0;0
47247;536;2017;Portero;15;1265;15;6.894071;0;0;0;0;205;0;65.87;0;0;2;8;7;1;0;0;0;0;1;0;0;20;41;0
47324;536;2017;Delantero;13;715;11;6.845874;0;1;24;10;193;9;81.62;7;0;4;100;45;22;17;21;11;6;0;0;0;0;0;0
163447;536;2017;Mediocentro;1;9;0;6.5;0;0;0;0;3;0;75.0;0;0;0;2;1;0;0;1;1;0;0;0;0;0;0;0
568;537;2017;Mediocentro;29;2383;29;6.982417;5;2;43;15;788;21;65.38;7;1;38;569;299;51;56;78;49;45;6;1;1;0;0;0
1616;537;2017;Delantero;22;1438;20;6.905285;4;3;30;12;283;14;74.45;1;0;9;197;81;23;36;22;9;10;3;0;0;0;0;0
2719;537;2017;Mediocentro;30;1620;23;6.441173;2;4;37;18;278;23;68.2;1;0;5;301;106;36;54;70;39;11;7;1;0;0;0;0
18867;537;2017;Defensa;26;2228;26;7.169973;2;2;25;8;653;27;69.69;11;1;76;270;159;43;37;36;20;17;10;1;0;0;0;0
21648;537;2017;Delantero;28;1670;23;6.621377;2;0;39;9;206;9;63.93;0;0;2;311;112;27;30;23;13;11;4;0;0;0;0;0
33928;537;2017;Portero;1;90;1;6.4;0;0;0;0;11;0;34.0;0;0;0;1;0;0;0;0;0;0;0;0;0;2;6;0
46830;537;2017;Mediocentro;6;225;2;6.326667;0;0;0;0;81;0;81.5;0;0;4;9;3;0;3;0;0;3;2;0;0;0;0;0
46841;537;2017;Portero;2;180;2;6.05;0;0;0;0;28;0;52.0;0;0;0;0;0;0;0;0;0;0;0;0;0;6;3;0
46861;537;2017;Mediocentro;23;1457;19;6.571517;0;1;9;2;336;23;79.87;1;1;14;202;88;18;14;59;33;13;3;0;0;0;0;0
47073;537;2017;Defensa;14;981;13;6.79633;0;0;1;1;234;0;69.29;2;0;12;72;41;3;9;2;1;5;3;0;0;0;0;0
47093;537;2017;Mediocentro;16;561;12;6.509269;1;0;9;3;108;7;76.31;3;1;3;84;33;3;12;18;6;8;2;0;0;0;0;0
47307;537;2017;Defensa;30;2560;29;6.941836;1;0;11;3;626;15;71.8;10;3;61;337;208;62;43;58;32;23;9;1;0;0;0;0
47361;537;2017;Mediocentro;23;1201;19;6.686678;2;0;10;5;326;17;80.43;7;0;14;165;80;20;19;22;10;20;3;0;0;0;0;0
47399;537;2017;Portero;35;3150;35;6.808571;0;0;0;0;418;2;40.09;0;0;3;28;23;7;0;0;0;1;4;0;0;43;97;1
47403;537;2017;Defensa;20;1636;18;6.896699;2;0;15;9;498;4;77.95;6;4;47;183;95;19;27;6;3;17;5;0;0;0;0;0
47406;537;2017;Defensa;19;1407;17;6.897584;0;1;5;2;380;5;78.37;6;2;24;131;81;6;18;3;3;9;2;0;0;0;0;0
47409;537;2017;Defensa;24;2061;24;6.963658;1;1;18;2;543;2;73.46;11;2;63;213;133;15;28;11;8;17;10;1;0;0;0;0
47411;537;2017;Mediocentro;30;1981;25;6.575972;2;2;45;14;445;25;76.2;0;0;18;262;108;35;30;92;49;15;2;0;0;0;0;0
47412;537;2017;Mediocentro;34;2540;33;6.675079;4;3;32;13;599;33;72.76;3;2;23;252;79;25;35;22;10;29;4;0;0;0;0;0
47414;537;2017;Mediocentro;25;1431;20;6.635919;1;0;17;6;412;5;74.44;7;1;14;160;67;6;40;7;6;25;8;0;0;0;0;0
47415;537;2017;Mediocentro;31;2520;30;7.074643;0;0;17;1;1139;15;75.06;10;1;77;357;211;47;44;35;27;53;13;0;0;0;0;0
47417;537;2017;Mediocentro;13;1064;13;6.987124;2;2;20;6;204;20;73.69;0;0;22;100;41;18;19;17;7;10;1;0;1;0;0;0
47506;537;2017;Defensa;19;1388;17;6.974568;0;2;7;1;332;26;63.79;7;1;19;128;75;17;10;19;11;12;1;0;0;0;0;0
47537;537;2017;Defensa;9;607;9;6.535255;0;0;1;0;163;1;72.67;0;2;12;47;20;6;8;3;1;12;0;0;0;0;0;0
47567;537;2017;Defensa;14;1019;11;6.824141;1;0;5;1;293;2;72.29;0;0;22;106;64;15;17;2;2;3;3;0;0;0;0;0
104803;537;2017;Mediocentro;2;26;1;5.415385;0;0;0;0;3;0;37.5;0;0;1;3;1;0;1;0;0;1;0;0;0;0;0;0
104816;537;2017;Mediocentro;1;22;1;6.6;0;0;0;0;9;0;90.0;2;0;1;5;2;0;0;0;0;0;0;0;0;0;0;0
104823;537;2017;Mediocentro;1;45;1;6.3;0;0;0;0;14;0;77.0;0;0;0;12;6;1;2;1;1;3;0;0;0;0;0;0
608;538;2017;Delantero;13;267;6;6.57603;0;0;8;2;77;2;56.92;6;0;6;65;23;1;11;16;9;7;2;0;0;0;0;0
922;538;2017;Defensa;21;1492;18;6.795107;0;0;5;1;938;2;80.81;2;1;31;130;75;8;15;9;9;14;2;0;0;0;0;0
932;538;2017;Mediocentro;35;2938;34;7.077127;4;9;52;11;1187;57;78.94;5;2;30;279;140;53;26;24;11;17;4;0;0;0;0;0
2042;538;2017;Defensa;33;2682;32;6.911409;1;0;15;2;1454;5;84.82;11;8;56;188;122;6;14;3;1;14;3;0;0;0;0;0
2557;538;2017;Mediocentro;30;1812;24;7.018433;3;2;17;3;1028;14;82.37;3;6;40;380;206;62;54;27;18;32;5;0;0;0;0;0
2615;538;2017;Delantero;36;3077;36;7.005915;17;4;83;38;455;24;70.61;1;2;3;415;197;93;54;29;14;18;12;0;0;0;0;0
18740;538;2017;Defensa;36;3203;36;6.863347;2;1;15;4;1461;22;83.03;20;2;93;415;219;37;50;74;45;48;10;0;0;0;0;0
31361;538;2017;Defensa;2;82;1;6.570732;0;0;2;1;65;1;87.0;0;0;2;6;2;0;2;2;1;1;0;0;0;0;0;0
47371;538;2017;Delantero;8;107;4;6.635514;0;0;5;3;28;2;72.62;0;0;0;13;2;0;2;1;1;0;0;0;0;0;0;0
47425;538;2017;Portero;17;1475;17;6.705085;0;0;0;0;377;1;64.47;0;0;0;13;11;5;0;1;1;1;0;0;0;29;48;0
47426;538;2017;Portero;22;1942;22;6.722451;0;0;0;0;433;0;58.86;0;0;3;9;6;0;1;0;0;2;3;1;0;33;56;0
47428;538;2017;Defensa;26;1890;24;6.764815;1;1;10;2;1131;2;87.23;6;1;42;169;91;4;14;1;1;24;5;0;0;0;0;0
47432;538;2017;Defensa;34;3004;34;6.99737;0;5;23;8;1306;29;73.59;17;2;68;335;193;27;48;34;19;18;12;0;0;0;0;0
47437;538;2017;Mediocentro;2;12;1;6.333333;0;0;1;0;4;0;75.0;0;0;0;2;0;0;0;0;0;2;0;0;0;0;0;0
47439;538;2017;Mediocentro;38;3061;35;6.846357;0;0;8;3;1882;10;90.71;11;1;39;331;181;47;42;48;44;41;2;0;0;0;0;0
47440;538;2017;Mediocentro;20;949;18;6.751528;1;1;22;9;359;10;78.0;7;0;4;121;48;14;17;16;8;10;0;0;0;0;0;0
47441;538;2017;Mediocentro;26;1097;20;6.634549;0;1;4;2;522;7;80.04;4;0;10;112;63;15;11;16;11;5;3;0;0;0;0;0
47442;538;2017;Mediocentro;24;1483;21;6.802832;0;4;18;5;761;21;82.58;3;1;16;96;39;10;14;10;6;15;7;0;0;0;0;0
47445;538;2017;Delantero;34;2937;34;7.621995;22;5;94;44;972;69;77.94;4;0;23;330;161;62;23;92;58;29;9;0;2;0;0;0
47446;538;2017;Delantero;23;650;11;7.042;1;2;12;5;181;14;76.57;0;0;4;140;81;22;10;68;44;5;4;0;0;0;0;0
47447;538;2017;Mediocentro;34;2534;33;7.047198;5;9;52;19;825;41;83.79;2;0;12;360;168;74;15;131;75;24;2;0;0;0;0;0
51251;538;2017;Defensa;12;884;11;6.705882;0;1;1;0;636;4;84.75;0;0;14;56;23;0;7;0;0;10;2;0;0;0;0;0
104806;538;2017;Mediocentro;1;4;0;0.0;0;0;0;0;2;0;66.0;0;0;0;0;0;0;0;0;0;0;0;0;0;0;0;0
2490;539;2017;Mediocentro;26;2137;25;6.976322;0;1;27;1;892;19;81.15;11;2;49;346;205;51;55;22;19;28;16;0;0;0;0;0
2823;539;2017;Mediocentro;16;996;14;6.638855;0;1;2;1;288;9;81.44;3;2;17;130;64;16;24;21;15;11;4;0;0;0;0;0
3365;539;2017;Mediocentro;2;82;2;6.654878;0;0;0;0;25;0;60.5;0;0;1;9;5;1;1;0;0;0;0;0;0;0;0;0
3429;539;2017;Delantero;25;1270;18;6.938976;6;0;42;16;143;7;60.48;2;0;5;266;129;37;41;24;15;6;5;0;0;0;0;0
30941;539;2017;Delantero;9;444;6;6.377703;1;0;10;4;43;0;57.44;0;0;1;53;18;11;10;5;3;0;1;0;0;0;0;0
44617;539;2017;Delantero;2;25;2;6.36;0;0;0;0;6;0;58.0;0;0;1;4;0;0;1;1;0;1;0;0;0;0;0;0
46892;539;2017;Mediocentro;29;1759;21;6.718647;4;3;39;10;416;23;75.38;5;1;15;301;111;20;40;66;33;41;3;0;1;0;0;0
46898;539;2017;Delantero;9;632;8;6.581013;0;0;14;2;111;3;69.56;0;0;4;117;51;18;16;6;1;4;1;0;0;0;0;0
46937;539;2017;Defensa;1;78;1;6.6;0;0;0;0;21;1;75.0;1;0;3;8;4;0;1;1;1;1;0;0;0;0;0;0
46987;539;2017;Portero;11;990;11;6.936364;0;0;0;0;141;0;49.36;0;0;0;4;4;2;0;0;0;0;0;0;0;15;38;0
47095;539;2017;Delantero;9;274;5;6.583942;0;0;6;2;35;1;59.33;0;0;0;38;16;4;8;4;2;0;1;0;0;0;0;0
47219;539;2017;Defensa;3;175;3;7.431429;0;1;1;0;56;1;79.33;0;0;8;6;6;0;0;4;4;0;0;0;0;0;0;0
47449;539;2017;Portero;26;2340;26;6.726923;0;0;0;0;306;0;47.92;0;0;1;15;10;4;2;2;2;2;2;0;0;39;86;0
47450;539;2017;Portero;1;90;1;6.5;0;0;0;0;13;0;48.0;0;0;0;0;0;0;0;0;0;0;0;0;0;4;4;0
47451;539;2017;Defensa;17;1385;16;6.788159;3;0;11;5;415;12;73.29;10;3;34;189;89;12;27;28;19;20;6;1;0;0;0;0
47452;539;2017;Defensa;14;1039;14;6.778633;0;0;2;2;232;1;61.0;2;5;17;93;58;12;13;4;2;6;5;0;0;0;0;0
47453;539;2017;Mediocentro;12;1080;12;6.708333;0;1;2;1;331;7;76.75;0;0;6;78;46;8;6;31;24;5;2;0;0;0;0;0
47454;539;2017;Defensa;21;1596;19;6.684649;0;0;3;0;437;7;73.71;5;3;26;154;77;29;19;22;7;13;3;0;0;0;0;0
47455;539;2017;Defensa;23;2021;22;6.726126;0;2;5;0;510;14;68.65;5;3;36;148;76;15;21;15;10;17;5;0;0;0;0;0
47458;539;2017;Defensa;30;2426;28;6.813974;1;0;7;2;765;5;78.97;4;3;40;152;84;15;12;11;9;14;6;0;0;0;0;0
47459;539;2017;Defensa;25;2017;24;6.781358;1;1;7;3;535;5;71.52;0;6;30;118;63;13;21;1;1;9;8;1;0;0;0;0
47460;539;2017;Defensa;25;1904;24;6.766754;0;0;8;1;552;2;80.52;10;8;41;133;66;7;18;8;8;15;4;0;0;0;0;0
47461;539;2017;Mediocentro;26;1580;22;7.002911;9;1;37;13;503;24;81.04;5;0;16;223;91;25;39;42;24;28;9;0;0;0;0;0
47462;539;2017;Mediocentro;19;1020;14;6.535392;1;0;19;1;260;4;82.11;0;0;14;145;60;10;34;2;1;16;4;0;0;0;0;0
47464;539;2017;Mediocentro;35;2742;34;7.077535;1;4;22;8;1318;49;81.71;11;7;45;305;153;30;32;63;36;39;10;1;0;0;0;0
47467;539;2017;Mediocentro;35;3065;35;6.797488;10;8;61;25;550;47;69.03;3;0;26;462;181;43;28;184;91;52;8;1;3;0;0;0
47468;539;2017;Mediocentro;5;148;3;6.827027;1;0;7;1;62;1;64.8;5;0;2;31;17;4;2;8;5;2;0;0;0;0;0;0
47471;539;2017;Delantero;17;962;16;6.792412;3;2;27;8;136;11;73.71;2;0;1;111;44;14;17;18;13;11;4;0;1;0;0;0
47473;539;2017;Mediocentro;27;1792;23;6.598326;1;2;33;10;350;26;69.3;4;0;20;268;102;29;31;71;25;27;2;0;0;0;0;0
47499;539;2017;Delantero;7;597;7;6.520603;1;1;8;4;104;5;72.57;0;0;2;91;31;10;10;5;0;9;0;0;0;0;0;0
48418;539;2017;Delantero;6;267;5;6.568539;0;0;5;2;53;1;74.83;1;2;2;51;14;1;6;4;2;1;1;0;0;0;0;0
64310;539;2017;Defensa;6;424;6;6.611085;0;0;3;2;125;3;73.0;0;0;13;37;15;3;8;6;2;4;0;0;0;0;0;0
104624;539;2017;Mediocentro;11;184;7;6.397283;0;0;2;1;39;3;58.27;0;0;1;41;13;2;11;4;0;3;1;0;0;0;0;0
1557;540;2017;Portero;29;2566;29;6.922681;0;0;0;0;339;2;49.41;0;0;1;13;12;5;0;0;0;0;3;0;0;31;93;0
1698;540;2017;Mediocentro;17;1345;17;6.688476;0;0;6;2;492;2;77.82;0;0;19;166;90;26;24;6;3;17;6;0;0;0;0;0
1707;540;2017;Delantero;38;3413;38;7.256783;16;1;105;48;838;44;68.76;4;3;19;698;314;78;56;113;63;41;4;0;1;0;0;0
2520;540;2017;Mediocentro;4;140;2;6.459286;0;0;0;0;42;0;71.5;0;0;1;23;10;1;3;4;1;1;1;0;0;0;0;0
2669;540;2017;Defensa;22;1929;22;6.71042;1;0;11;4;711;5;73.05;4;2;27;157;84;15;19;8;5;13;7;1;0;0;0;0
12541;540;2017;Mediocentro;29;1506;25;6.792098;0;3;13;2;501;16;81.55;2;0;16;156;89;34;6;59;35;9;1;0;0;0;0;0
13062;540;2017;Delantero;36;2686;34;6.833619;8;3;79;28;463;25;65.42;6;0;23;412;179;49;48;79;30;39;4;0;0;0;0;0
18800;540;2017;Defensa;19;1105;13;6.609502;1;0;20;5;285;9;66.11;4;1;22;122;48;8;12;29;9;10;3;0;0;0;0;0
18827;540;2017;Mediocentro;14;1123;13;6.709083;0;0;4;0;478;3;76.43;8;3;18;138;74;14;24;10;9;15;3;0;0;0;0;0
25914;540;2017;Defensa;32;2815;32;6.817869;0;0;5;2;773;31;78.09;5;0;49;269;129;20;29;52;35;28;6;0;0;0;0;0
46767;540;2017;Defensa;2;102;1;6.802941;0;0;1;0;19;0;70.0;0;0;3;9;6;0;2;0;0;1;1;0;0;0;0;0
47327;540;2017;Portero;10;854;10;6.900234;0;0;0;0;110;0;46.8;0;0;0;3;2;1;1;0;0;1;1;0;0;12;35;0
47328;540;2017;Defensa;11;990;11;6.681818;0;0;3;0;379;0;77.73;2;3;9;81;51;6;8;1;1;7;1;0;0;0;0;0
47330;540;2017;Defensa;11;922;11;6.953796;0;0;1;0;359;0;78.64;4;4;16;72;40;0;7;2;2;5;2;0;0;0;0;0
47333;540;2017;Defensa;14;967;12;6.978387;0;0;3;0;329;7;66.57;20;0;18;154;89;20;20;14;7;17;4;0;0;0;0;0
47334;540;2017;Defensa;37;3330;37;6.940541;1;0;14;6;1556;7;80.03;11;9;68;295;160;25;45;12;7;27;7;0;0;0;0;0
47335;540;2017;Defensa;14;725;13;7.123448;0;0;11;3;266;8;62.64;18;3;14;97;61;13;14;9;6;5;3;0;0;0;0;0
47336;540;2017;Mediocentro;35;2788;35;6.977331;1;2;29;8;1198;28;80.6;11;0;51;282;145;31;36;48;34;43;7;0;0;0;0;0
47337;540;2017;Mediocentro;25;1222;19;6.856056;1;2;13;2;582;17;77.56;3;0;19;165;75;21;19;17;9;18;5;0;0;0;0;0
47339;540;2017;Mediocentro;18;680;11;6.676471;0;1;8;2;215;9;80.72;1;0;3;67;34;21;6;15;8;5;1;0;0;0;0;0
47340;540;2017;Mediocentro;30;1747;26;6.890155;2;3;30;6;384;44;71.97;9;0;22;320;144;52;35;49;24;40;0;0;1;0;0;0
47341;540;2017;Mediocentro;8;259;4;6.886873;0;0;4;0;150;2;92.0;3;0;3;23;10;0;6;3;2;1;0;0;0;0;0;0
47342;540;2017;Mediocentro;30;2463;29;6.830613;0;2;13;1;865;6;72.6;8;4;79;403;216;50;72;19;11;64;13;0;0;0;0;0
47347;540;2017;Delantero;33;1629;25;6.880847;2;6;39;17;313;27;66.21;0;2;10;224;88;35;18;47;22;19;4;0;0;0;0;0
47387;540;2017;Mediocentro;5;263;3;6.529658;0;0;1;0;63;2;82.4;0;0;6;32;14;5;11;0;0;3;2;0;0;0;0;0
9;541;2017;Defensa;9;757;9;7.014135;2;0;3;3;352;5;85.67;3;0;10;112;58;6;8;31;22;14;0;0;0;0;0;0
731;541;2017;Portero;27;2430;27;6.966667;0;0;0;0;433;0;76.37;0;0;3;11;9;3;1;0;0;0;1;0;0;31;83;0
732;541;2017;Portero;1;90;1;6.3;0;0;0;0;24;0;92.0;0;0;0;2;1;0;0;0;0;1;0;0;0;2;2;0
733;541;2017;Defensa;25;2223;25;7.17166;0;2;13;6;1368;36;86.48;4;6;38;265;142;32;48;46;32;16;11;1;0;0;0;0
735;541;2017;Defensa;27;2073;26;7.034781;3;0;9;4;1008;5;89.96;10;1;46;208;123;28;33;10;6;18;7;0;0;0;0;0
738;541;2017;Defensa;26;2290;26;7.305371;4;1;28;14;1703;14;89.31;5;6;46;246;153;20;37;11;9;9;11;2;2;0;0;0
741;541;2017;Defensa;7;630;7;6.928571;0;0;0;0;319;0;86.71;4;4;16;40;24;2;2;6;5;3;0;0;0;0;0;0
742;541;2017;Defensa;27;2323;27;6.996384;0;1;10;2;1208;7;90.11;6;3;33;157;98;12;19;11;9;7;3;0;0;0;0;0
743;541;2017;Defensa;28;2262;26;7.151636;2;6;33;9;1360;57;85.07;5;0;30;269;136;41;26;62;33;36;3;1;0;0;0;0
745;541;2017;Mediocentro;30;1778;24;7.395332;7;7;49;20;1350;48;88.0;0;0;15;278;142;59;19;83;58;30;1;0;0;0;0;0
746;541;2017;Mediocentro;32;1839;26;7.444698;6;6;56;23;1023;52;87.41;5;0;9;153;87;27;9;45;31;15;2;0;0;0;0;0
747;541;2017;Mediocentro;30;2601;30;7.347405;5;3;32;12;1542;24;87.6;20;5;63;427;250;72;59;17;11;42;8;0;0;0;0;0
748;541;2017;Mediocentro;12;397;8;7.148866;2;0;7;4;350;4;88.17;1;0;5;67;35;15;7;20;11;11;0;0;0;0;0;0
752;541;2017;Mediocentro;27;2267;26;7.765946;5;7;41;17;1927;65;92.26;7;0;16;215;128;38;21;32;24;37;4;0;0;0;0;0
753;541;2017;Mediocentro;13;540;10;6.912778;0;0;6;0;402;3;93.69;1;0;5;62;33;4;6;9;7;5;1;0;0;0;0;0
754;541;2017;Mediocentro;26;1976;23;7.380364;1;6;35;8;1390;40;89.81;2;0;31;212;119;31;20;63;48;26;3;0;0;0;0;0
757;541;2017;Mediocentro;33;1668;25;7.213129;4;7;33;17;778;51;87.55;10;0;7;283;131;42;33;66;36;30;3;0;0;0;0;0
758;541;2017;Delantero;26;1803;21;7.661841;16;2;77;33;573;41;82.31;6;0;12;207;101;16;25;52;31;11;5;0;1;0;0;0
759;541;2017;Delantero;32;2156;29;7.099212;5;10;63;18;720;46;81.84;4;0;8;187;67;11;18;49;33;17;0;0;2;0;0;0
874;541;2017;Delantero;27;2292;27;7.919328;26;5;178;77;597;38;81.22;0;0;6;188;90;18;19;51;31;5;1;0;3;0;0;0
2291;541;2017;Mediocentro;21;988;16;7.107895;0;1;9;2;741;11;91.14;10;2;5;146;93;20;10;39;35;19;2;0;0;0;0;0
19112;541;2017;Portero;10;900;10;6.68;0;0;0;0;165;0;76.0;0;0;2;3;3;0;0;0;0;0;0;0;0;11;20;0
47300;541;2017;Defensa;13;961;12;6.757024;0;0;2;2;481;8;84.54;4;1;17;134;67;15;11;40;22;13;1;0;0;0;0;0
47472;541;2017;Delantero;14;338;9;7.097337;3;1;15;12;99;2;84.43;3;0;0;41;22;5;4;9;7;4;0;0;0;0;0;0
937;542;2017;Delantero;28;1461;19;6.882341;3;2;25;13;284;21;72.29;8;0;18;319;144;32;37;39;25;21;5;0;0;0;0;0
1702;542;2017;Mediocentro;33;2441;32;6.653707;3;5;43;13;407;30;66.33;4;1;32;335;142;22;46;98;43;37;5;0;0;0;0;0
2060;542;2017;Delantero;33;2456;32;7.149226;10;6;62;23;445;41;68.67;6;0;9;411;201;114;33;51;28;9;9;1;0;0;0;0
2515;542;2017;Mediocentro;5;248;4;6.602016;0;0;8;3;42;5;68.4;0;0;3;47;23;10;7;9;2;3;0;0;0;0;0;0
2520;542;2017;Mediocentro;10;370;6;6.293514;0;0;8;2;93;6;60.1;1;0;3;93;33;6;10;24;11;17;2;0;0;0;0;0
2553;542;2017;Defensa;19;1527;18;6.840341;0;0;4;1;351;1;67.37;8;4;36;129;71;4;15;11;10;15;4;0;0;0;0;0
3426;542;2017;Mediocentro;21;1097;16;6.782224;0;1;10;1;316;9;66.76;11;1;35;190;99;22;31;24;17;26;7;0;0;0;0;0
19512;542;2017;Delantero;13;436;7;6.67156;0;0;5;4;109;2;77.46;0;0;3;49;28;17;0;11;9;1;0;0;0;0;0;0
44423;542;2017;Defensa;28;2184;26;6.703205;1;0;13;3;482;5;69.82;6;2;30;148;81;14;20;8;6;25;6;0;0;0;0;0
46720;542;2017;Mediocentro;18;1218;15;6.693268;0;0;4;2;419;7;77.83;2;3;19;116;53;15;23;10;9;24;2;0;0;0;0;0
46810;542;2017;Delantero;10;433;7;6.71224;2;0;7;5;89;2;65.1;0;0;2;91;35;0;17;0;0;4;4;1;0;0;0;0
46930;542;2017;Delantero;3;181;3;6.961326;1;1;6;3;16;1;37.67;1;0;0;31;8;3;5;3;0;1;0;0;0;0;0;0
47074;542;2017;Defensa;1;15;1;6.7;0;0;0;0;1;0;100.0;0;0;0;1;1;0;0;0;0;0;0;0;0;0;0;0
47114;542;2017;Mediocentro;2;71;1;6.63662;0;0;0;0;17;1;60.0;0;0;0;7;4;0;0;2;2;0;0;0;0;0;0;0
47283;542;2017;Mediocentro;34;2324;32;6.890792;7;6;54;24;596;40;72.18;4;1;15;232;84;19;17;80;38;24;1;0;1;0;0;0
47352;542;2017;Portero;38;3357;37;6.873727;0;0;0;0;480;0;50.03;0;0;3;8;8;3;0;1;1;0;2;0;0;50;123;3
47353;542;2017;Portero;1;63;1;6.7;0;0;0;0;5;0;38.0;0;0;0;0;0;0;0;0;0;0;0;0;0;1;1;1
47354;542;2017;Defensa;21;1829;21;6.937069;0;4;3;1;444;14;70.86;8;6;41;179;101;18;19;34;16;18;4;0;0;0;0;0
47355;542;2017;Defensa;24;2141;24;6.888697;0;2;8;0;460;19;68.67;5;0;44;257;146;35;47;15;10;24;10;1;0;0;0;0
47356;542;2017;Defensa;31;2692;30;6.914599;1;0;18;4;748;2;70.71;7;8;50;254;163;19;29;3;3;15;12;1;0;0;0;0
47357;542;2017;Defensa;17;1530;17;6.958824;2;0;5;2;382;1;66.29;5;7;29;109;71;5;10;1;1;8;3;0;0;0;0;0
47359;542;2017;Defensa;12;893;10;6.507167;0;0;4;1;177;2;75.83;0;0;14;91;49;13;18;10;3;5;6;0;0;0;0;0
47362;542;2017;Mediocentro;23;1034;19;6.758607;1;0;15;4;257;18;76.83;1;0;7;102;52;19;12;36;21;4;1;0;0;0;0;0
47363;542;2017;Mediocentro;30;2438;27;6.823667;3;0;26;8;722;16;72.4;10;1;35;472;254;72;65;27;18;65;9;0;0;0;0;0
47365;542;2017;Mediocentro;30;2392;30;6.828344;1;0;13;3;794;10;81.47;15;1;43;341;164;29;72;22;19;20;8;0;0;0;0;0
47371;542;2017;Delantero;17;1231;17;6.828026;3;3;28;11;226;13;66.47;3;1;2;165;60;16;31;11;7;8;3;0;0;0;0;0
47546;542;2017;Mediocentro;17;941;14;6.734644;2;0;17;6;366;11;81.82;0;0;13;122;57;13;20;30;18;13;2;0;0;0;0;0
47564;542;2017;Defensa;6;436;6;6.488303;0;0;3;0;109;0;79.33;2;0;11;54;23;1;17;9;9;7;5;0;0;0;0;0
50910;542;2017;Mediocentro;3;52;2;6.423077;0;0;2;0;8;0;94.33;0;0;0;16;6;1;2;6;4;1;0;0;0;0;0;0
104812;542;2017;Delantero;1;61;1;6.9;0;1;1;0;8;2;61.0;1;0;1;6;2;0;0;2;0;1;0;0;0;0;0;0
27;543;2017;Portero;30;2700;30;6.766667;0;2;0;0;758;4;66.6;0;0;0;14;13;3;1;5;5;0;4;0;0;53;85;0
328;543;2017;Mediocentro;34;2662;31;7.209204;3;6;40;17;1800;34;85.32;20;0;42;373;212;35;27;91;69;47;3;0;0;0;0;0
1560;543;2017;Mediocentro;29;2377;29;6.821077;0;6;9;4;1102;22;82.03;11;1;24;250;136;19;51;37;14;12;7;0;0;0;0;0
1561;543;2017;Defensa;16;1421;16;7.344335;1;0;13;4;937;5;84.12;14;3;32;196;127;16;20;24;22;18;6;0;0;0;0;0
1563;543;2017;Defensa;15;1257;15;6.995784;3;0;6;3;660;1;81.07;0;0;36;113;68;16;20;3;3;5;7;0;0;0;0;0
1564;543;2017;Mediocentro;14;1190;14;7.036134;2;2;13;4;472;9;82.36;11;1;20;124;69;16;17;19;8;8;4;0;0;0;0;0
1567;543;2017;Defensa;34;3025;34;7.007273;1;0;14;2;1954;4;90.74;8;6;71;254;152;26;34;16;13;15;9;1;0;0;0;0
1571;543;2017;Mediocentro;32;2410;30;6.73888;1;0;11;1;1538;10;91.16;2;1;26;241;127;33;33;17;13;27;7;0;0;0;0;0
1573;543;2017;Mediocentro;29;2266;28;7.09947;2;8;33;9;1264;46;85.45;7;0;22;257;119;39;31;33;22;40;7;0;1;0;0;0
1574;543;2017;Mediocentro;14;991;14;6.777699;1;0;4;1;385;8;77.29;4;0;21;167;85;26;17;27;17;18;2;0;0;0;0;0
1579;543;2017;Mediocentro;35;2487;33;7.210253;4;7;33;14;1063;51;85.8;3;1;15;274;143;40;21;93;64;12;7;0;0;0;0;0
1583;543;2017;Delantero;31;1981;28;6.785411;11;1;65;28;256;10;63.42;1;0;6;240;94;39;25;44;20;8;5;0;0;0;0;0
1584;543;2017;Delantero;15;1064;12;6.984305;7;0;29;14;136;7;73.87;1;0;1;186;74;28;26;33;19;13;3;0;0;0;0;0
1586;543;2017;Delantero;32;1684;22;6.999466;4;3;34;17;528;25;76.72;3;0;16;187;99;20;14;62;42;30;2;0;0;0;0;0
1839;543;2017;Defensa;24;2080;23;6.691827;2;3;18;6;701;18;85.17;3;0;15;118;63;10;15;20;8;8;4;0;0;0;0;0
2366;543;2017;Defensa;6;424;5;6.703302;0;0;2;0;158;1;71.33;0;0;5;35;23;3;5;3;2;4;0;0;0;0;0;0
2522;543;2017;Delantero;17;847;12;7.050413;8;0;24;13;125;4;73.59;2;0;4;116;52;15;12;11;6;3;0;0;0;0;0;0
2845;543;2017;Delantero;8;209;6;7.094737;2;1;7;4;79;5;69.5;1;0;0;50;28;13;3;14;9;3;1;0;0;0;0;0
18998;543;2017;Mediocentro;24;1253;17;6.738707;1;0;21;4;547;14;82.96;2;0;15;145;72;31;19;20;11;10;2;0;0;0;0;0
20997;543;2017;Defensa;3;133;2;6.612782;0;0;1;1;67;2;94.0;2;0;1;21;10;3;2;4;3;4;0;0;0;0;0;0
46784;543;2017;Portero;4;309;4;7.220388;0;0;0;0;67;1;66.5;0;0;0;3;3;1;0;1;1;0;0;0;0;0;8;0
46802;543;2017;Mediocentro;7;249;5;6.691566;0;0;2;1;96;4;84.29;0;0;2;38;19;6;7;10;8;3;2;0;0;0;0;0
46922;543;2017;Mediocentro;7;304;6;6.935855;0;0;3;0;141;2;91.0;0;0;8;45;29;16;4;4;3;3;0;0;0;0;0;0
47012;543;2017;Delantero;10;354;6;6.662429;1;1;9;5;48;2;75.1;0;0;0;18;8;5;1;4;1;0;0;0;1;0;0;0
47119;543;2017;Delantero;2;7;1;6.4;0;0;0;0;4;0;100.0;0;0;0;4;0;0;1;0;0;0;0;0;0;0;0;0
47436;543;2017;Mediocentro;27;1361;21;7.022043;2;3;19;12;647;28;80.56;5;0;7;208;93;17;21;64;38;20;2;0;0;0;0;0
47531;543;2017;Defensa;25;2051;25;6.791078;0;0;7;1;1438;5;87.68;5;1;38;175;89;10;38;22;18;13;8;2;0;0;0;0
104802;543;2017;Portero;5;411;5;6.468613;0;0;0;0;121;0;77.2;0;0;0;0;0;0;0;0;0;0;0;0;0;8;8;0
104805;543;2017;Mediocentro;2;21;0;6.257143;0;0;1;0;17;0;81.5;0;0;1;3;0;0;0;0;0;0;0;0;0;0;0;0
392;544;2017;Delantero;30;2346;28;6.937425;9;6;61;20;604;34;70.27;1;1;10;364;166;29;16;69;38;18;1;0;0;0;0;0
756;544;2017;Mediocentro;24;1229;18;6.764687;0;0;18;4;441;11;71.62;3;0;21;96;50;3;14;13;7;7;0;0;0;0;0;0
1421;544;2017;Mediocentro;23;906;15;6.500993;0;0;25;6;221;9;81.0;2;0;4;124;53;20;14;34;17;10;5;0;0;0;0;0
1562;544;2017;Defensa;21;1779;21;7.00742;1;1;8;2;640;5;83.05;4;1;31;162;106;11;12;21;16;7;4;0;0;0;0;0
1607;544;2017;Mediocentro;31;2643;31;6.892168;0;0;41;2;1197;16;84.32;16;2;46;350;189;46;56;35;26;49;11;0;0;0;0;0
2806;544;2017;Defensa;25;2220;25;6.832432;2;2;18;6;757;7;79.0;8;6;45;252;138;22;39;20;14;29;10;0;0;0;0;0
2840;544;2017;Mediocentro;32;2306;29;6.936557;3;3;32;8;946;25;76.0;6;1;34;373;204;13;35;17;14;32;5;1;0;0;0;0
15396;544;2017;Portero;2;180;2;7.2;0;0;0;0;14;0;35.5;0;0;0;2;1;1;0;0;0;0;0;0;0;2;8;0
18833;544;2017;Delantero;35;2796;34;7.128112;8;6;55;26;608;83;74.57;2;0;9;235;86;33;25;70;32;31;3;0;3;0;0;0
18978;544;2017;Delantero;29;1630;22;6.523497;7;3;55;22;184;9;59.69;0;0;3;289;77;19;59;49;17;13;6;0;0;0;0;0
19284;544;2017;Portero;6;540;6;6.683333;0;0;0;0;83;0;56.33;0;0;0;2;1;0;0;1;1;1;0;0;0;9;18;0
35903;544;2017;Defensa;3;270;3;6.233333;0;0;2;0;99;0;84.67;0;0;6;22;7;2;5;1;1;4;0;0;0;0;0;0
44490;544;2017;Mediocentro;26;1452;22;6.875069;1;1;17;8;652;38;82.58;8;0;7;191;82;24;20;48;33;21;4;0;0;0;0;0
44502;544;2017;Portero;2;122;2;5.784426;0;0;0;0;25;0;64.0;0;0;0;1;0;0;1;0;0;0;0;1;0;3;3;0
46647;544;2017;Portero;28;2477;27;6.527493;0;0;0;0;339;0;56.82;0;0;1;14;11;5;0;0;0;2;3;0;0;59;79;0
46716;544;2017;Mediocentro;8;408;6;6.774265;0;0;4;1;107;1;73.25;1;1;11;55;27;7;11;0;0;6;3;0;0;0;0;0
46786;544;2017;Defensa;8;668;7;6.695958;0;0;0;0;195;0;72.5;0;0;16;82;46;3;10;3;2;5;2;0;0;0;0;0
46797;544;2017;Mediocentro;20;1332;18;6.981456;2;1;32;9;415;25;73.2;0;0;18;236;123;47;23;52;35;19;6;0;0;0;0;0
46799;544;2017;Mediocentro;3;94;2;6.329787;0;0;0;0;45;0;80.0;0;0;2;8;3;1;2;2;1;1;1;0;0;0;0;0
46801;544;2017;Mediocentro;11;733;10;6.527149;0;0;8;1;295;1;77.18;6;0;13;58;24;2;9;8;6;13;2;0;0;0;0;0
46805;544;2017;Mediocentro;23;1397;19;6.710165;0;2;12;3;569;9;75.13;16;2;23;204;92;12;32;13;9;25;7;0;0;0;0;0
46807;544;2017;Mediocentro;17;474;12;6.876582;3;2;15;7;101;10;70.53;2;0;3;69;22;8;12;4;0;3;1;0;0;0;0;0
47164;544;2017;Defensa;3;158;2;6.282278;0;0;2;0;28;0;42.67;1;0;3;25;10;1;2;4;2;1;0;0;0;0;0;0
47405;544;2017;Defensa;35;3058;35;6.850556;0;1;24;7;1072;32;75.4;13;5;63;314;182;32;24;72;47;30;3;0;0;0;0;0
47563;544;2017;Defensa;30;2622;30;6.980168;1;1;16;4;940;19;78.5;24;1;55;350;222;49;43;61;43;31;12;0;0;0;0;0
50974;544;2017;Portero;2;97;2;5.579381;0;0;0;0;15;0;30.0;0;0;0;0;0;0;0;0;0;0;0;0;0;6;1;0
51012;544;2017;Mediocentro;10;478;8;6.788494;0;1;10;2;185;12;85.7;0;0;4;48;24;16;3;10;2;4;0;0;0;0;0;0
68202;544;2017;Mediocentro;6;112;4;6.384821;0;0;1;0;30;2;56.0;0;0;0;21;7;4;5;4;2;2;1;0;0;0;0;0
104795;544;2017;Defensa;2;105;1;6.828571;0;0;0;0;38;0;96.0;2;2;1;7;4;0;0;0;0;1;0;0;0;0;0;0
104796;544;2017;Defensa;15;1042;13;6.753167;0;0;0;0;351;4;70.13;7;1;29;115;70;12;19;8;8;9;4;0;0;0;0;0
104809;544;2017;Defensa;20;1749;20;6.696226;1;0;11;2;606;3;77.05;2;12;26;115;68;14;15;3;2;13;5;0;0;0;0;0
119740;544;2017;Defensa;1;90;1;5.7;0;0;0;0;18;0;81.0;0;0;0;3;2;0;1;0;0;0;0;0;0;0;0;0
2600;545;2017;Mediocentro;34;2640;33;6.663144;5;2;64;21;676;28;79.97;0;0;18;339;141;49;40;87;40;29;4;0;0;0;0;0
2813;545;2017;Portero;36;3240;36;6.672222;0;0;0;0;488;1;45.28;1;0;2;37;27;5;0;6;5;7;1;0;0;49;79;0
46822;545;2017;Defensa;13;996;11;7.01506;1;0;4;1;363;1;76.0;6;4;29;96;65;5;9;0;0;5;3;0;0;0;0;0
46824;545;2017;Mediocentro;22;1105;20;6.844163;1;3;13;3;151;17;64.36;3;0;5;212;108;45;25;72;33;9;5;0;0;0;0;0
47274;545;2017;Defensa;33;2247;29;6.77174;0;1;6;1;772;14;67.0;8;0;52;237;128;9;34;61;34;13;4;0;0;0;0;0
47281;545;2017;Mediocentro;32;2781;32;6.89662;0;1;20;1;1303;18;79.59;11;0;70;292;155;25;46;15;8;49;14;0;0;0;0;0
47376;545;2017;Portero;1;90;1;6.9;0;0;0;0;11;0;35.0;0;0;0;2;2;0;0;0;0;0;0;0;0;1;4;0
47377;545;2017;Defensa;29;2411;27;7.023766;2;1;17;4;1199;8;79.0;1;2;78;195;113;11;26;21;20;19;8;0;0;0;0;0
47382;545;2017;Defensa;16;1303;15;7.084267;3;0;14;7;577;1;82.44;1;1;25;140;85;8;11;4;4;11;4;0;0;0;0;0
47383;545;2017;Defensa;26;2215;25;6.961309;0;0;13;3;653;5;72.77;7;3;62;209;125;12;15;2;2;6;3;0;0;0;0;0
47384;545;2017;Defensa;30;2430;28;7.184115;0;8;15;0;729;46;64.17;10;1;38;234;141;17;20;38;27;20;4;0;0;0;0;0
47387;545;2017;Mediocentro;15;943;13;6.720573;0;0;14;1;336;4;77.93;7;0;13;161;84;21;25;11;8;15;5;0;0;0;0;0
47388;545;2017;Mediocentro;28;1561;20;6.897886;1;0;25;5;485;10;65.04;13;3;32;238;136;16;25;21;15;22;3;0;0;0;0;0
47389;545;2017;Mediocentro;35;2422;29;6.871181;6;4;40;17;983;39;81.54;7;0;30;317;126;17;37;64;42;58;3;1;1;0;0;0
47390;545;2017;Mediocentro;17;1182;14;6.487733;3;2;26;5;346;29;72.59;5;0;7;244;79;20;15;93;33;19;6;1;0;0;0;0
47391;545;2017;Defensa;28;1727;24;6.856572;1;0;12;2;520;17;68.68;14;2;30;187;93;18;15;40;20;22;1;0;0;0;0;0
47392;545;2017;Mediocentro;12;929;12;7.284284;0;3;24;8;190;28;67.75;1;2;9;108;47;10;12;32;18;4;1;0;0;0;0;0
47394;545;2017;Delantero;30;1580;24;6.983228;8;1;45;16;284;17;67.43;0;0;7;253;115;29;42;10;4;7;5;1;1;0;0;0
47395;545;2017;Delantero;19;1330;16;6.936842;3;1;32;11;285;15;68.32;0;0;6;245;107;28;20;7;4;6;2;0;0;0;0;0
47396;545;2017;Delantero;35;2464;32;6.87569;8;1;71;27;498;14;69.6;2;1;10;439;198;76;47;30;13;9;5;0;0;0;0;0
47431;545;2017;Defensa;15;902;13;6.8949;0;2;3;0;340;15;69.33;2;1;11;73;37;7;14;13;10;12;3;0;0;0;0;0
47476;545;2017;Portero;1;90;1;7.9;0;0;0;0;13;0;33.0;0;0;0;0;0;0;0;0;0;0;0;0;0;0;5;0
47534;545;2017;Defensa;4;360;4;6.825;1;0;2;1;156;1;77.75;0;0;13;38;27;2;2;3;2;5;1;0;0;0;0;0
47553;545;2017;Delantero;9;361;6;6.747368;0;1;9;1;71;8;68.11;0;0;3;56;23;4;8;17;8;5;0;0;0;0;0;0
47578;545;2017;Mediocentro;7;241;6;6.782573;0;0;1;0;112;2;82.43;0;0;3;24;17;1;3;2;2;2;0;0;0;0;0;0
104820;545;2017;Mediocentro;3;37;2;6.043243;0;0;0;0;20;0;74.0;0;0;1;5;2;0;1;0;0;1;1;0;0;0;0;0
122128;545;2017;Delantero;1;1;1;0.0;0;0;0;0;0;0;0.0;1;0;0;1;1;0;0;0;0;0;0;0;0;0;0;0
2604;546;2017;Mediocentro;22;1003;16;6.64656;1;0;10;3;245;9;70.86;5;1;19;146;52;13;27;17;12;15;2;0;0;0;0;0
2715;546;2017;Mediocentro;31;2383;28;7.026102;1;4;22;10;700;35;74.29;13;1;30;287;139;37;46;27;19;49;7;0;0;0;0;0
18835;546;2017;Portero;33;2970;33;6.972727;0;0;0;0;360;1;38.91;0;0;3;18;17;4;0;0;0;0;1;0;0;26;86;2
19161;546;2017;Mediocentro;4;55;3;6.338182;0;0;0;0;10;0;100.0;0;0;0;10;4;0;2;1;1;0;0;0;0;0;0;0
19599;546;2017;Portero;5;450;5;6.82;0;0;0;0;59;0;42.0;0;0;0;3;2;1;0;0;0;0;0;0;0;7;13;0
22240;546;2017;Delantero;11;458;8;6.85131;3;0;11;6;83;0;64.0;1;0;1;85;45;12;14;9;8;4;4;1;1;0;0;0
46713;546;2017;Defensa;2;112;2;6.257143;0;0;1;1;10;0;68.5;0;1;1;17;6;0;3;3;3;4;0;0;0;0;0;0
46829;546;2017;Mediocentro;4;59;0;6.454237;0;0;2;1;21;0;92.5;0;0;0;6;3;0;2;0;0;0;1;0;0;0;0;0
46837;546;2017;Delantero;11;165;5;6.589091;0;0;1;0;56;6;59.73;2;0;2;15;8;0;0;6;4;1;0;0;0;0;0;0
46880;546;2017;Defensa;10;575;7;6.560174;0;0;4;0;138;3;66.6;1;0;14;68;28;6;21;4;3;9;5;0;0;0;0;0
46890;546;2017;Mediocentro;13;524;10;6.477481;1;1;9;4;79;7;53.38;0;0;1;126;58;25;12;35;13;13;5;1;0;0;0;0
46998;546;2017;Defensa;20;1800;20;6.915;2;2;16;5;412;6;62.35;0;0;39;179;101;23;28;2;2;14;9;0;0;0;0;0
47249;546;2017;Defensa;9;720;9;6.880833;0;0;2;1;108;2;44.89;7;4;22;84;43;2;14;3;3;10;3;0;0;0;0;0
47250;546;2017;Defensa;36;3239;36;7.019543;1;0;11;2;683;3;69.42;13;3;78;351;213;26;52;33;30;18;9;0;0;0;0;0
47252;546;2017;Defensa;20;1538;19;6.894538;0;0;5;0;223;4;53.5;8;2;31;136;75;10;19;1;1;13;5;0;0;0;0;0
47254;546;2017;Defensa;3;102;2;6.866667;1;0;1;1;10;1;32.0;0;0;1;29;11;0;2;3;2;2;0;0;0;0;0;0
47255;546;2017;Defensa;34;2797;33;6.780479;0;2;30;3;561;29;56.59;10;0;58;281;130;36;50;39;18;36;14;0;0;0;0;0
47256;546;2017;Defensa;1;28;1;6.5;0;0;0;0;3;0;30.0;0;0;0;6;4;1;1;0;0;0;0;0;0;0;0;0
47257;546;2017;Defensa;33;2878;33;6.819736;1;4;10;5;806;38;68.3;14;0;46;388;182;41;54;83;34;46;14;1;0;0;0;0
47258;546;2017;Mediocentro;27;2135;27;6.697002;1;1;21;3;434;9;67.67;0;0;25;278;128;42;49;24;13;33;10;1;0;0;0;0
47259;546;2017;Mediocentro;18;1469;18;6.834445;4;1;16;9;278;2;72.44;0;0;24;170;83;18;34;2;2;18;5;0;0;0;0;0
47261;546;2017;Mediocentro;8;482;8;6.59751;0;0;1;1;97;1;61.12;5;0;8;49;25;1;15;1;1;5;3;1;0;0;0;0
47262;546;2017;Mediocentro;33;2465;29;6.607586;2;3;20;8;728;25;73.52;4;1;22;311;115;29;27;76;36;34;6;0;1;0;0;0
47264;546;2017;Delantero;2;18;1;5.95;0;0;1;1;6;0;100.0;0;0;0;7;0;0;1;0;0;1;0;0;0;0;0;0
47265;546;2017;Delantero;36;2790;35;6.787061;7;4;63;26;494;33;60.42;0;1;7;533;200;61;54;67;24;23;10;0;3;0;0;0
47266;546;2017;Delantero;33;2298;28;6.963272;13;2;68;31;256;18;66.7;6;1;6;358;115;36;48;47;22;23;6;0;0;0;0;0
104793;546;2017;Mediocentro;37;2883;37;6.501075;3;3;42;13;380;23;68.97;12;1;33;504;202;62;72;98;43;65;9;0;0;0;0;0
104798;546;2017;Defensa;1;90;1;6.6;0;0;0;0;9;0;42.0;3;1;0;14;6;0;4;0;0;2;0;0;0;0;0;0
104799;546;2017;Mediocentro;26;799;16;6.552566;0;0;6;0;301;6;72.65;7;0;15;89;39;6;15;1;0;17;5;0;0;0;0;0
104800;546;2017;Mediocentro;1;62;1;6.6;0;0;0;0;7;0;77.0;1;0;0;7;2;0;3;0;0;0;0;0;0;0;0;0
104801;546;2017;Mediocentro;6;62;2;6.516129;0;0;0;0;16;0;54.17;0;0;2;15;8;3;4;2;2;1;1;0;0;0;0;0
104811;546;2017;Mediocentro;1;3;1;6.7;0;0;0;0;2;0;100.0;0;0;0;3;1;0;0;0;0;0;0;0;0;0;0;0
700;547;2017;Delantero;12;375;5;6.937067;0;1;7;3;35;5;59.17;0;0;1;51;22;11;11;6;3;4;2;0;0;0;0;0
2617;547;2017;Delantero;33;2722;33;7.036554;21;0;74;37;329;13;66.76;3;0;5;499;216;67;88;27;15;26;8;0;5;0;0;0
2701;547;2017;Portero;30;2655;30;6.79322;0;0;0;0;360;0;46.27;0;0;4;11;6;1;1;1;1;2;2;0;0;46;94;1
3199;547;2017;Delantero;14;427;9;6.883607;3;1;17;6;75;6;66.5;3;0;3;78;31;2;12;6;3;2;0;0;0;0;0;0
26302;547;2017;Mediocentro;33;2650;32;6.850264;0;1;25;7;630;29;73.42;11;2;50;356;201;35;30;61;33;24;11;0;0;0;0;0
35794;547;2017;Mediocentro;2;28;1;6.6;0;0;0;0;1;1;50.0;0;0;0;5;1;0;2;0;0;1;0;0;0;0;0;0
47010;547;2017;Mediocentro;17;922;13;6.908894;2;0;12;5;379;6;82.94;5;2;20;99;50;10;16;3;1;11;8;0;0;0;0;0
47501;547;2017;Portero;9;765;9;6.711765;0;0;0;0;98;0;49.22;0;0;1;3;1;0;0;0;0;1;1;0;0;14;26;0
47504;547;2017;Defensa;8;690;8;6.856522;1;0;8;3;208;1;69.0;0;1;14;60;36;3;11;5;5;2;4;0;0;0;0;0
47505;547;2017;Defensa;34;2868;33;6.932706;0;3;26;4;960;7;79.5;6;2;66;267;156;16;40;4;2;15;7;0;0;0;0;0
47508;547;2017;Defensa;13;1129;13;6.971036;0;1;2;1;499;1;77.46;3;1;33;118;71;9;12;7;5;12;2;0;0;0;0;0
47509;547;2017;Defensa;5;190;4;6.725263;0;1;1;0;59;4;68.8;0;0;5;15;8;0;1;1;0;3;0;0;0;0;0;0
47510;547;2017;Defensa;26;2297;25;6.729125;0;0;7;1;658;5;73.73;3;3;35;151;88;12;20;16;13;9;3;0;0;0;0;0
47511;547;2017;Defensa;35;3064;34;6.849674;5;1;23;11;1025;7;73.8;8;4;53;215;119;7;48;4;4;13;7;0;0;0;0;0
47513;547;2017;Mediocentro;31;1833;25;6.84239;2;0;33;14;564;20;79.71;1;0;25;196;96;15;39;42;27;11;10;0;1;0;0;0
47515;547;2017;Delantero;37;2812;37;7.216892;2;5;51;10;1129;56;84.73;7;0;30;369;201;110;26;81;40;26;2;0;0;0;0;0
47516;547;2017;Mediocentro;20;843;13;7.01376;1;0;12;3;444;13;82.05;2;0;17;72;45;5;5;8;6;10;3;0;0;0;0;0
47517;547;2017;Mediocentro;34;2853;34;7.249877;1;7;44;8;1329;76;77.82;20;1;47;399;189;39;70;56;48;76;11;0;0;0;0;0
47518;547;2017;Mediocentro;31;2564;31;6.585218;0;2;14;4;822;11;79.42;12;0;30;391;180;35;59;57;41;64;8;0;0;0;0;0
47520;547;2017;Delantero;37;3010;37;6.876744;11;5;49;25;449;40;74.89;6;0;12;448;152;55;54;118;50;25;5;0;0;0;0;0
47522;547;2017;Mediocentro;15;295;10;6.496271;0;0;10;5;103;3;73.47;0;0;4;56;25;8;13;4;4;8;4;0;0;0;0;0
47523;547;2017;Delantero;2;17;1;6.347059;0;0;0;0;3;0;66.5;1;0;0;5;3;0;1;2;1;0;0;0;0;0;0;0
47525;547;2017;Delantero;14;465;8;6.831613;1;0;16;8;80;4;68.64;5;0;3;110;52;10;18;19;11;4;0;0;0;0;0;0
64268;547;2017;Mediocentro;30;2132;27;6.699343;0;4;22;2;602;23;73.97;5;0;32;341;162;47;38;116;47;16;6;0;0;0;0;0
104810;547;2017;Mediocentro;2;14;0;6.442857;0;0;2;0;8;0;100.0;0;0;0;1;0;0;0;0;0;1;0;0;0;0;0;0
737;548;2017;Defensa;35;2917;34;6.655365;0;4;8;5;1146;46;85.89;2;1;26;268;109;31;25;87;32;15;4;1;0;0;0;0
1023;548;2017;Portero;4;315;3;6.128571;0;0;0;0;80;0;63.75;0;0;0;2;1;0;0;0;0;1;0;0;0;6;5;0
1570;548;2017;Mediocentro;36;1921;28;7.350026;4;5;66;15;993;57;80.25;7;0;11;220;107;29;23;67;46;23;4;0;0;0;0;0
2670;548;2017;Defensa;12;1056;12;6.930114;1;1;11;3;580;7;78.67;0;0;23;107;64;17;10;6;4;6;0;0;0;0;0;0
2874;548;2017;Defensa;8;720;8;7.0375;1;0;8;4;438;2;85.62;2;2;10;66;44;13;9;0;0;2;1;0;0;0;0;0
2924;548;2017;Mediocentro;28;1579;23;6.970551;3;5;60;14;381;35;80.43;2;0;11;321;148;60;32;125;67;13;4;0;0;0;0;0
46852;548;2017;Defensa;1;2;0;0.0;0;0;0;0;2;0;50.0;0;0;0;4;2;1;1;1;0;0;0;0;0;0;0;0
46994;548;2017;Defensa;17;1529;17;6.970569;0;1;6;1;680;16;81.82;4;1;21;148;87;17;20;15;9;12;4;0;0;0;0;0
47295;548;2017;Portero;9;765;9;6.870588;0;0;0;0;250;0;72.11;0;0;2;4;2;0;1;0;0;1;0;0;0;8;25;0
47296;548;2017;Portero;26;2340;26;6.615385;0;0;0;0;737;1;74.23;0;0;0;11;5;2;1;0;0;4;3;0;0;45;62;1
47298;548;2017;Defensa;19;1598;19;7.073529;3;2;11;5;815;7;82.32;10;0;45;156;86;11;21;7;3;12;1;0;0;0;0;0
47299;548;2017;Defensa;2;76;1;6.588158;0;0;0;0;33;0;91.0;0;0;4;9;5;1;1;0;0;3;0;0;0;0;0;0
47302;548;2017;Defensa;27;2328;27;6.986942;3;0;22;7;1356;0;87.78;8;5;43;241;135;27;35;18;16;11;10;1;0;0;0;0
47304;548;2017;Defensa;20;1633;20;6.838457;1;2;14;3;592;15;84.0;10;2;27;170;91;15;23;23;13;15;2;0;0;0;0;0
47305;548;2017;Defensa;20;1792;20;6.962612;0;1;13;2;1051;5;85.5;10;5;30;126;74;6;13;6;6;12;4;0;0;0;0;0
47310;548;2017;Mediocentro;36;3163;36;7.341037;7;5;35;11;2203;34;86.83;15;1;75;340;206;68;34;39;30;53;10;1;0;0;0;0
47312;548;2017;Mediocentro;6;222;4;6.853153;0;1;1;0;106;4;80.17;0;0;5;14;8;1;1;5;3;1;0;1;0;0;0;0
47314;548;2017;Mediocentro;25;1578;20;6.858175;1;2;20;3;808;6;83.52;2;2;32;184;101;15;19;10;9;28;4;1;0;0;0;0
47316;548;2017;Mediocentro;31;2248;27;6.676557;0;2;14;3;983;11;83.9;15;3;41;287;140;47;44;22;14;29;2;0;0;0;0;0
47318;548;2017;Delantero;11;172;8;6.487791;1;0;7;3;27;1;59.45;0;0;0;26;9;1;6;1;1;1;0;0;0;0;0;0
47319;548;2017;Delantero;34;2780;33;7.165576;15;4;89;29;634;40;73.85;3;0;5;299;130;53;31;28;18;7;4;0;3;0;0;0
47320;548;2017;Delantero;30;1490;23;6.679463;8;2;38;13;282;9;79.1;4;0;10;159;68;23;20;27;11;18;3;0;0;0;0;0
47323;548;2017;Mediocentro;35;2779;32;7.031018;12;5;65;32;706;44;77.77;7;1;18;370;151;46;28;82;40;33;4;0;0;0;0;0
51046;548;2017;Delantero;13;373;7;7.006166;1;0;11;4;149;9;78.31;0;0;0;78;54;18;5;22;17;1;0;0;0;0;0;0
104794;548;2017;Mediocentro;26;1940;25;7.024691;3;5;16;10;849;42;80.96;0;0;7;173;99;31;15;27;20;8;1;0;1;0;0;0
104814;548;2017;Delantero;11;223;6;6.71435;0;0;6;2;38;0;62.82;0;0;0;31;15;4;1;3;3;1;0;0;0;0;0;0
104821;548;2017;Mediocentro;4;50;3;6.524;0;0;0;0;18;0;87.25;0;0;0;5;2;1;0;0;0;1;0;0;0;0;0;0
124;529;2018;Portero;3;270;3;6.566667;0;0;0;0;84;0;85.33;0;0;0;1;1;0;0;0;0;0;0;0;0;4;10;0
127;529;2018;Portero;35;3150;35;6.902857;0;0;0;0;737;0;83.26;0;0;2;11;8;2;0;1;1;3;0;0;0;32;85;0
128;529;2018;Defensa;36;2988;35;7.08929;2;8;13;5;2018;48;84.69;22;6;60;210;93;19;25;22;16;28;6;0;0;0;0;0
130;529;2018;Defensa;26;1603;22;6.946101;1;0;6;2;981;4;85.85;27;7;22;179;102;27;22;31;19;6;4;0;0;0;0;0
133;529;2018;Defensa;23;1935;22;6.962016;1;0;6;2;1024;0;89.17;29;20;22;190;111;14;30;6;6;14;8;1;0;0;0;0
135;529;2018;Defensa;2;112;2;6.942857;0;0;1;1;116;0;92.0;2;0;0;16;6;0;0;0;0;3;0;0;0;0;0;0
136;529;2018;Defensa;35;3150;35;7.24;4;2;18;10;2183;6;90.49;27;27;36;280;191;21;24;14;12;13;6;0;0;0;0;0
137;529;2018;Defensa;29;2091;25;7.040124;0;7;9;1;1468;31;87.62;20;3;43;190;104;33;18;27;15;8;3;0;0;0;0;0
138;529;2018;Defensa;2;158;2;6.955696;0;0;0;0;109;0;91.5;2;0;3;24;12;0;4;4;3;1;2;0;0;0;0;0
139;529;2018;Defensa;14;1190;13;6.891176;0;1;2;0;839;1;94.0;5;8;18;70;39;16;13;5;4;2;4;0;0;0;0;0
140;529;2018;Defensa;9;593;9;6.63946;0;0;2;0;342;0;92.89;4;2;6;45;23;4;10;0;0;4;2;0;0;0;0;0
141;529;2018;Defensa;3;225;3;6.6;0;0;1;1;111;5;87.33;5;0;4;36;14;0;9;9;6;4;1;0;0;0;0;0
142;529;2018;Mediocentro;5;225;5;6.757778;0;0;2;0;129;2;90.6;6;1;1;35;19;8;7;0;0;0;1;0;0;0;0;0
143;529;2018;Mediocentro;17;631;12;6.790808;2;0;14;3;528;9;92.47;4;0;2;77;38;14;9;18;12;6;2;0;0;0;0;0
144;529;2018;Mediocentro;35;2719;32;7.050166;0;1;8;0;2147;15;88.54;60;8;55;369;202;54;38;15;9;48;10;0;0;0;0;0
146;529;2018;Mediocentro;1;84;1;6.4;0;0;2;0;25;0;83.0;0;0;0;4;2;1;0;1;0;1;0;0;0;0;0;0
147;529;2018;Mediocentro;34;2026;29;7.115449;5;2;68;32;1220;33;88.38;11;2;12;255;118;45;19;90;51;15;2;0;0;0;0;0
148;529;2018;Mediocentro;2;157;2;6.657325;0;0;0;0;106;2;91.5;3;0;0;13;5;1;1;2;0;1;0;0;0;0;0;0
149;529;2018;Mediocentro;34;2643;30;7.216913;3;5;36;11;2317;17;90.97;24;8;51;242;139;53;27;30;19;25;7;1;0;0;0;0
150;529;2018;Mediocentro;27;1444;23;6.869391;0;1;6;4;1197;14;91.93;10;0;9;111;68;40;11;17;10;7;2;0;0;0;0;0
151;529;2018;Mediocentro;33;1927;27;7.088064;3;7;24;9;1333;22;87.61;44;5;29;294;154;32;58;8;5;39;7;0;0;0;0;0
152;529;2018;Delantero;3;240;3;6.55;0;0;3;1;46;2;76.0;2;0;1;36;15;9;3;1;0;1;1;0;0;0;0;0
153;529;2018;Delantero;29;1671;25;7.291981;8;5;39;17;734;45;76.28;15;0;5;250;121;22;22;111;68;12;1;0;0;0;0;0
154;529;2018;Delantero;34;2710;31;8.503838;36;13;170;87;1487;93;80.26;7;0;3;430;219;66;22;224;134;17;3;0;4;0;0;0
155;529;2018;Delantero;1;21;0;6.7;0;0;1;1;8;1;80.0;1;0;0;5;3;0;0;2;2;0;0;0;0;0;0;0
156;529;2018;Delantero;15;610;9;7.009672;1;2;11;6;265;13;87.73;2;0;1;55;27;9;5;16;11;1;0;0;0;0;0;0
157;529;2018;Delantero;33;2827;32;7.38387;21;6;112;58;720;51;74.82;11;4;8;283;133;57;31;90;36;6;5;0;4;0;0;0
1461;529;2018;Mediocentro;2;17;2;6.782353;0;0;1;1;11;1;80.0;0;0;0;6;5;1;0;4;3;0;0;0;0;0;0;0
2060;529;2018;Delantero;7;148;4;6.638514;1;1;4;1;45;3;77.0;3;0;0;17;9;2;2;4;3;2;0;0;0;0;0;0
67955;529;2018;Mediocentro;1;17;1;6.6;0;0;1;0;6;0;85.0;0;0;0;2;1;0;0;1;1;0;0;0;0;0;0;0
27;530;2018;Portero;1;90;1;7.0;0;0;0;0;11;0;50.0;0;0;0;0;0;0;0;0;0;0;0;0;0;2;5;0
29;530;2018;Portero;37;3330;37;7.07027;0;0;0;0;375;0;49.32;0;0;1;14;12;2;1;1;1;0;0;0;0;27;105;0
30;530;2018;Defensa;25;1773;22;7.11489;1;1;9;1;647;14;81.44;32;2;34;211;129;32;21;14;8;11;4;0;0;0;0;0
31;530;2018;Defensa;21;1772;19;7.147404;0;0;15;3;578;3;78.81;15;14;44;155;106;18;8;8;7;13;5;0;0;0;0;0
32;530;2018;Defensa;30;2507;30;6.975389;3;1;14;8;843;3;79.87;30;9;45;275;169;24;32;11;10;22;7;0;0;0;0;0
33;530;2018;Defensa;14;1118;13;7.146691;1;0;5;1;414;3;81.07;25;9;14;121;82;20;13;10;6;3;5;0;0;0;0;0
34;530;2018;Defensa;27;2037;26;6.978891;2;2;10;6;1070;15;81.7;36;3;44;208;121;14;26;30;23;26;4;0;0;0;0;0
35;530;2018;Defensa;9;405;7;6.623704;0;0;0;0;120;0;53.0;4;4;5;22;10;1;6;0;0;1;2;0;0;0;0;0
36;530;2018;Defensa;1;90;1;7.2;0;0;1;0;35;1;85.0;0;0;1;7;4;1;0;2;2;2;0;0;0;0;0;0
39;530;2018;Defensa;18;1399;18;6.876984;0;2;7;0;444;3;80.56;10;9;22;96;53;6;15;1;1;5;5;1;0;0;0;0
40;530;2018;Defensa;1;45;1;7.1;0;0;0;0;20;0;76.0;3;0;0;6;6;1;0;0;0;0;0;0;0;0;0;0
41;530;2018;Defensa;22;1614;19;6.894176;0;2;0;0;633;20;82.59;22;5;19;133;70;10;17;21;11;14;7;0;0;0;0;0
44;530;2018;Mediocentro;34;2742;32;7.190299;3;1;27;7;1756;17;90.5;70;11;41;404;242;43;59;24;19;36;5;0;0;0;0;0
45;530;2018;Mediocentro;31;1827;27;6.915435;3;3;26;12;799;40;85.42;21;1;22;273;127;33;23;79;48;23;4;0;0;0;0;0
46;530;2018;Mediocentro;20;744;12;6.704839;0;1;8;1;240;8;71.35;13;1;10;163;89;40;6;45;27;13;1;0;0;0;0;0
47;530;2018;Mediocentro;1;90;1;6.9;0;0;0;0;45;0;91.0;2;0;0;7;3;0;1;0;0;1;0;0;0;0;0;0
48;530;2018;Mediocentro;33;2925;32;6.947692;4;1;52;20;1168;16;77.12;56;10;42;448;236;26;55;52;34;49;10;0;0;0;0;0
49;530;2018;Mediocentro;32;2064;28;7.171705;3;4;36;7;1112;20;83.16;42;5;49;276;162;21;31;42;36;28;9;1;0;0;0;0
50;530;2018;Mediocentro;30;2587;29;7.195787;3;4;21;6;1673;61;84.87;46;5;31;294;150;38;34;17;13;52;10;1;0;0;0;0
52;530;2018;Delantero;1;45;1;7.3;1;0;3;1;8;1;88.0;0;0;0;2;1;0;0;1;0;0;0;0;0;0;0;0
53;530;2018;Mediocentro;36;1920;29;6.72901;3;2;32;11;540;40;70.64;19;5;17;351;147;36;38;101;63;43;7;1;0;0;0;0
54;530;2018;Delantero;16;1114;15;6.575045;2;2;16;10;211;9;68.19;1;0;2;180;58;15;22;21;10;7;4;1;0;0;0;0
55;530;2018;Delantero;1;19;0;6.9;1;0;3;1;2;0;50.0;0;0;0;1;0;0;0;0;0;0;0;0;0;0;0;0
56;530;2018;Delantero;37;3202;37;7.385603;15;9;113;46;1087;74;77.49;19;1;12;292;127;35;18;44;20;20;5;0;3;0;0;0
57;530;2018;Delantero;17;639;13;6.66385;2;0;9;5;61;4;53.76;4;0;2;76;32;9;14;3;0;2;3;0;0;0;0;0
58;530;2018;Delantero;4;62;2;6.248387;0;0;2;0;19;1;81.25;0;0;0;20;4;2;4;2;0;2;0;0;0;0;0;0
59;530;2018;Delantero;15;1089;14;7.005785;6;1;30;13;152;5;58.87;14;0;5;224;116;19;29;25;19;7;5;0;0;0;0;0
60;530;2018;Delantero;1;1;1;0.0;0;0;0;0;0;0;0.0;0;0;0;2;1;0;0;1;0;0;0;0;0;0;0;0
118;530;2018;Mediocentro;8;223;4;6.560987;0;0;5;1;48;2;71.62;3;0;1;51;22;7;3;17;8;1;0;0;0;0;0;0
2670;531;2018;Defensa;33;2903;33;6.965828;0;0;25;4;1123;7;76.15;26;14;68;330;203;55;38;5;4;14;12;0;0;0;0;0
2672;531;2018;Delantero;34;2385;30;6.878784;7;4;25;12;1020;29;86.12;20;3;12;345;176;79;27;104;63;23;7;0;1;0;0;0
47126;531;2018;Defensa;1;50;1;6.2;0;0;0;0;9;0;100.0;0;0;1;6;1;1;2;0;0;3;0;0;0;0;0;0
47267;531;2018;Portero;31;2790;31;6.645161;0;1;0;0;463;2;52.0;0;0;0;25;21;4;1;0;0;2;1;0;0;32;57;1
47270;531;2018;Portero;7;630;7;6.428571;0;0;0;0;91;0;62.14;0;0;1;3;1;0;1;0;0;1;2;0;0;13;21;0
47271;531;2018;Defensa;30;2614;30;6.873604;0;0;11;3;1028;2;78.73;30;16;63;297;177;24;31;6;5;14;10;0;0;0;0;0
47272;531;2018;Defensa;11;531;9;6.459134;0;0;1;0;131;3;68.91;6;2;2;36;18;1;10;2;2;3;0;0;0;0;0;0
47273;531;2018;Defensa;35;3120;35;6.956538;2;2;29;6;1120;20;80.23;31;9;42;372;232;78;38;56;33;23;9;1;0;0;0;0
47274;531;2018;Defensa;25;1637;21;6.678436;0;0;9;2;505;12;73.76;27;2;30;226;107;16;44;47;20;14;9;0;0;0;0;0
47275;531;2018;Defensa;30;2426;30;6.672012;1;2;9;2;793;28;74.9;32;4;27;252;118;11;39;26;10;33;6;2;0;0;0;0
47276;531;2018;Defensa;4;210;2;6.611429;0;0;0;0;70;2;62.25;2;0;4;29;15;3;1;4;3;5;1;0;0;0;0;0
47277;531;2018;Defensa;12;1063;12;7.070931;0;0;12;3;468;3;84.92;11;12;28;107;62;2;16;2;2;4;4;0;0;0;0;0
47279;531;2018;Mediocentro;23;1322;16;6.725946;0;5;22;7;285;18;69.04;23;0;17;236;111;20;19;63;32;33;4;0;0;0;0;0
47280;531;2018;Mediocentro;27;2045;26;6.891443;1;2;15;3;991;32;83.85;24;1;24;208;93;17;30;15;9;40;8;0;0;0;0;0
47281;531;2018;Mediocentro;29;2482;29;6.750645;0;0;2;0;1156;4;81.1;34;8;48;269;141;26;46;4;3;39;13;0;0;0;0;0
47282;531;2018;Mediocentro;33;2379;32;6.935351;9;3;81;35;497;26;54.76;40;1;21;627;319;60;98;26;12;46;13;0;2;0;0;0
47283;531;2018;Mediocentro;14;577;9;6.855459;0;2;9;3;175;17;72.79;3;1;2;55;21;3;4;16;6;5;0;0;0;0;0;0
47284;531;2018;Mediocentro;3;97;1;6.701031;0;0;0;0;71;0;90.67;2;0;6;13;8;1;1;1;0;0;1;0;0;0;0;0
47285;531;2018;Mediocentro;7;325;4;6.690154;0;0;4;2;215;2;85.71;5;3;1;40;18;4;1;7;5;10;1;0;0;0;0;0
47286;531;2018;Mediocentro;8;465;7;6.894839;2;0;4;3;238;1;83.62;8;6;10;51;28;1;5;3;2;4;2;1;0;0;0;0
47287;531;2018;Mediocentro;4;243;3;6.395062;0;0;3;1;75;1;67.5;2;2;2;40;15;3;5;2;0;5;0;0;0;0;0;0
47288;531;2018;Mediocentro;33;1716;26;6.66521;0;0;12;3;534;16;75.09;25;6;21;244;119;8;34;12;5;33;7;0;0;0;0;0
47289;531;2018;Mediocentro;22;1380;20;6.861522;1;2;15;6;434;36;78.05;10;1;12;139;50;13;12;36;16;20;4;1;0;0;0;0
47290;531;2018;Delantero;20;941;16;6.707864;2;0;19;11;144;8;60.55;1;1;0;167;66;8;28;8;2;6;4;0;2;0;0;0
47291;531;2018;Delantero;6;53;2;6.377358;0;0;1;0;7;2;66.67;1;0;2;20;4;0;4;0;0;2;0;0;0;0;0;0
47292;531;2018;Delantero;11;162;5;6.357407;1;0;4;1;37;2;85.82;1;0;0;33;13;2;5;2;1;2;0;0;0;0;0;0
47294;531;2018;Delantero;38;3036;37;7.01917;13;4;75;33;482;31;67.68;18;1;7;452;210;52;40;95;54;17;3;0;0;0;0;0
135;532;2018;Defensa;1;90;1;7.0;0;0;0;0;16;0;94.0;1;0;2;12;8;3;1;0;0;1;0;0;0;0;0;0
911;532;2018;Portero;4;360;4;7.35;0;0;0;0;41;0;54.0;0;0;0;4;3;0;0;0;0;1;0;0;0;1;12;0
912;532;2018;Portero;34;3060;34;6.917647;0;0;0;0;336;1;49.85;0;0;1;7;6;0;0;0;0;1;2;0;0;34;109;1
915;532;2018;Defensa;30;2625;30;7.035314;0;1;11;2;1125;5;85.7;16;21;70;190;121;30;25;6;3;14;6;0;0;0;0;0
916;532;2018;Defensa;22;1574;19;6.853304;2;0;11;4;592;0;83.45;8;16;20;123;64;9;24;7;5;5;9;0;0;0;0;0
917;532;2018;Defensa;24;2137;24;7.028498;2;0;13;6;895;4;82.25;17;23;16;174;105;13;19;2;2;9;4;0;0;0;0;0
918;532;2018;Defensa;35;3138;35;6.91109;1;1;15;3;1188;25;80.74;60;6;43;369;214;55;35;70;41;34;10;0;0;0;0;0
920;532;2018;Defensa;4;270;4;6.443333;0;0;2;0;112;1;80.0;4;3;6;25;9;2;4;2;1;4;1;0;0;0;0;0
921;532;2018;Defensa;23;1868;23;6.771574;1;0;12;3;605;5;75.57;23;7;28;190;102;14;18;56;30;13;3;0;0;0;0;0
922;532;2018;Defensa;7;603;7;6.965672;0;0;3;0;224;0;77.43;10;2;10;53;36;6;6;1;1;2;5;1;0;0;0;0
923;532;2018;Mediocentro;27;1709;23;6.895728;2;2;32;6;418;37;68.81;32;3;15;255;117;19;42;39;19;20;2;0;0;0;0;0
924;532;2018;Mediocentro;26;1766;22;7.070215;0;1;9;3;833;18;85.12;31;5;50;227;137;29;22;33;27;18;5;0;0;0;0;0
925;532;2018;Mediocentro;25;1469;21;7.075562;5;3;35;14;454;21;76.48;13;0;7;227;126;50;19;56;36;29;2;0;0;0;0;0
926;532;2018;Mediocentro;19;1244;17;7.173633;1;1;22;5;628;6;83.47;33;7;27;197;112;19;21;24;22;15;1;0;0;0;0;0
927;532;2018;Mediocentro;3;24;0;5.7875;0;0;1;0;11;1;60.33;0;0;1;6;2;0;2;0;0;2;1;0;0;0;0;0
928;532;2018;Mediocentro;36;3062;36;7.561561;9;7;44;21;1899;83;85.22;42;7;46;333;192;54;27;50;36;59;6;1;5;0;0;0
930;532;2018;Mediocentro;31;2466;28;6.747972;2;6;41;14;717;35;78.61;28;6;19;326;138;50;52;55;24;49;9;0;0;0;0;0
931;532;2018;Mediocentro;24;846;17;6.81773;2;1;16;6;227;16;74.12;8;1;10;136;69;10;18;23;14;6;5;0;0;0;0;0
932;532;2018;Mediocentro;32;2355;30;6.961104;1;3;29;4;896;31;76.91;25;4;34;246;127;42;28;17;10;22;4;0;0;0;0;0
933;532;2018;Delantero;33;1605;25;6.745171;6;1;36;15;325;25;78.91;9;2;5;149;49;12;11;26;12;5;1;0;0;0;0;0
934;532;2018;Delantero;30;1868;27;7.007869;7;5;43;22;338;16;70.43;10;2;4;310;110;41;40;31;12;22;4;0;0;0;0;0
935;532;2018;Delantero;33;2534;31;7.076006;8;6;80;31;617;32;71.91;10;1;3;333;153;41;23;76;43;14;5;1;0;0;0;0
937;532;2018;Delantero;4;192;3;6.7625;0;0;3;0;36;1;75.0;3;1;1;40;18;3;6;5;2;0;1;0;0;0;0;0
2927;532;2018;Delantero;15;519;9;6.708285;1;0;17;7;100;10;80.33;1;2;0;82;23;8;16;10;4;3;3;0;0;0;0;0
47457;532;2018;Defensa;4;194;3;6.979897;0;0;2;0;66;2;77.25;1;1;2;26;12;4;4;3;1;2;2;0;0;0;0;0
1682;533;2018;Portero;32;2880;32;7.015625;0;0;0;0;414;0;59.62;0;0;3;13;10;3;0;0;0;1;0;0;0;45;122;1
1684;533;2018;Portero;6;540;6;6.916667;0;0;0;0;118;1;66.5;0;0;0;3;2;0;0;1;0;0;2;0;0;7;16;0
1685;533;2018;Defensa;5;233;4;6.958798;0;0;0;0;84;0;69.2;2;5;4;8;3;0;2;0;0;0;1;0;0;0;0;0
1687;533;2018;Defensa;21;1498;21;6.809146;1;0;13;2;641;8;81.14;21;3;21;154;91;23;20;14;10;13;6;0;0;0;0;0
1688;533;2018;Defensa;31;2628;29;6.879224;2;1;26;6;982;6;81.19;29;24;42;227;137;22;32;10;7;25;15;0;0;0;0;0
1689;533;2018;Defensa;33;2965;33;6.900438;1;2;14;2;1196;9;78.03;35;24;37;247;160;32;28;1;0;10;16;2;0;0;0;0
1690;533;2018;Defensa;8;543;7;6.596685;0;0;2;0;129;3;80.0;14;2;12;83;41;10;14;11;5;8;1;0;0;0;0;0
1691;533;2018;Defensa;31;2601;30;6.737985;1;2;25;8;813;16;74.65;43;11;42;285;138;12;50;27;11;20;17;1;0;0;0;0
1692;533;2018;Defensa;7;628;7;6.657962;0;0;3;0;219;5;77.14;4;2;8;36;13;0;7;1;0;6;1;0;0;0;0;0
1693;533;2018;Defensa;22;1976;22;6.890891;0;0;8;1;1028;5;84.68;19;16;38;158;94;10;29;10;9;5;10;0;0;0;0;0
1694;533;2018;Mediocentro;23;1588;20;6.84068;0;1;5;1;783;15;82.43;35;9;14;233;116;13;34;15;11;32;10;0;0;0;0;0
1695;533;2018;Mediocentro;35;2651;33;7.343267;4;10;31;11;1362;73;86.06;34;6;28;359;185;58;22;72;49;45;2;0;2;0;0;0
1696;533;2018;Mediocentro;26;1712;23;6.858703;5;2;58;23;370;22;71.62;11;2;10;251;106;20;20;95;52;22;2;0;0;0;0;0
1697;533;2018;Mediocentro;35;2487;33;6.912103;2;3;58;17;883;45;77.17;26;4;24;358;151;43;31;64;39;39;4;0;0;0;0;0
1698;533;2018;Mediocentro;5;240;4;6.575417;0;0;0;0;106;0;49.6;3;0;3;33;16;5;7;1;1;4;1;0;0;0;0;0
1699;533;2018;Mediocentro;19;1667;19;6.905219;3;1;18;7;636;8;79.63;18;7;22;291;156;37;29;16;7;23;7;0;0;0;0;0
1701;533;2018;Mediocentro;10;611;8;6.928151;0;3;3;0;270;9;82.2;12;3;4;84;44;6;13;8;7;12;2;0;0;0;0;0
1702;533;2018;Mediocentro;34;2093;28;6.733397;3;3;36;13;539;25;73.71;44;7;29;283;130;12;42;60;32;40;3;0;0;0;0;0
1705;533;2018;Mediocentro;24;1550;20;6.813871;0;0;18;1;852;19;81.33;35;6;16;200;90;22;36;8;6;37;3;0;0;0;0;0
1706;533;2018;Delantero;33;1263;22;6.822644;6;1;31;15;184;23;67.88;2;0;8;127;46;9;19;19;12;5;3;0;1;0;0;0
1707;533;2018;Delantero;35;2324;32;6.954131;8;1;71;33;532;38;69.06;14;9;9;346;151;37;39;64;32;19;3;0;0;0;0;0
1708;533;2018;Mediocentro;8;186;7;6.834946;0;1;2;0;73;5;87.25;5;0;1;33;13;4;5;4;1;4;0;0;0;0;0;0
1709;533;2018;Delantero;34;2148;28;6.978399;10;1;59;32;374;26;76.38;8;0;11;268;125;29;27;91;53;11;5;0;0;0;0;0
2872;533;2018;Defensa;8;505;6;6.803762;0;1;12;2;159;12;75.0;2;2;1;45;18;4;6;11;5;4;1;0;0;0;0;0
30490;533;2018;Delantero;3;34;1;6.902941;1;1;1;1;11;1;83.0;0;0;0;8;1;0;3;0;0;0;1;0;0;0;0;0
95590;533;2018;Mediocentro;3;79;3;6.572152;0;0;0;0;45;0;85.0;0;0;2;12;5;1;3;0;0;0;1;0;0;0;0;0
2034;536;2018;Portero;1;90;1;6.4;0;0;0;0;11;0;52.0;0;0;0;0;0;0;0;0;0;0;0;0;0;1;1;0
2036;536;2018;Portero;4;359;4;7.17493;0;0;0;0;51;0;43.0;0;0;1;4;4;1;0;0;0;0;2;1;0;2;9;0
2037;536;2018;Portero;33;2970;33;6.748485;0;0;0;0;423;0;53.3;0;0;0;19;17;3;1;1;1;1;1;0;0;44;100;0
2038;536;2018;Mediocentro;9;633;8;6.725592;0;0;6;2;186;1;74.0;6;3;9;42;25;8;5;8;3;1;3;0;0;0;0;0
2040;536;2018;Defensa;21;1549;21;6.875597;0;1;27;2;603;12;81.14;29;4;24;189;98;21;21;20;12;17;8;1;0;0;0;0
2041;536;2018;Defensa;7;444;6;6.851577;0;0;3;1;233;2;89.29;8;2;10;65;39;7;8;3;3;3;2;0;0;0;0;0
2042;536;2018;Defensa;32;2766;31;6.903543;0;0;9;3;1233;5;83.88;38;20;40;248;138;7;28;0;0;10;1;0;0;0;0;0
2043;536;2018;Defensa;24;2132;24;6.865103;1;1;8;2;798;5;78.08;18;12;31;198;107;6;30;9;8;8;10;0;0;0;0;0
2044;536;2018;Defensa;23;1737;20;6.804836;2;1;12;4;610;2;78.96;24;12;25;191;102;19;32;2;1;17;10;0;0;0;0;0
2045;536;2018;Defensa;26;2019;26;7.056166;0;0;13;3;777;6;85.77;19;34;27;182;117;14;21;0;0;7;5;0;0;0;0;0
2047;536;2018;Mediocentro;11;526;8;6.813308;0;0;8;5;191;15;73.0;11;0;4;72;31;7;10;13;4;9;3;0;0;0;0;0
2048;536;2018;Defensa;7;536;7;6.881343;0;0;5;1;211;5;75.14;9;0;8;65;29;1;8;1;1;3;2;0;0;0;0;0
2049;536;2018;Mediocentro;17;757;12;6.856803;0;0;9;2;302;3;82.82;20;4;11;110;66;10;12;6;5;7;2;0;0;0;0;0
2050;536;2018;Mediocentro;32;2676;32;7.13707;3;4;32;10;1785;54;84.62;50;5;28;419;208;67;57;81;59;50;17;2;2;0;0;0
2051;536;2018;Mediocentro;10;536;6;6.65597;0;0;2;0;275;4;77.3;4;4;5;90;42;6;17;10;8;14;0;0;0;0;0;0
2053;536;2018;Mediocentro;31;1745;27;6.803668;2;2;28;7;799;21;89.74;27;0;14;238;107;26;45;33;23;23;11;1;0;0;0;0
2054;536;2018;Mediocentro;32;2712;31;7.183702;1;5;32;12;1091;43;76.16;21;5;29;192;109;31;12;45;35;8;8;0;0;0;0;0
2055;536;2018;Mediocentro;10;354;7;6.687853;0;0;2;0;178;4;84.1;11;0;7;77;43;11;14;14;11;5;5;0;0;0;0;0
2056;536;2018;Mediocentro;33;2728;32;7.28585;12;13;75;31;962;68;78.3;15;3;22;302;116;48;45;64;28;41;9;0;1;0;0;0
2057;536;2018;Mediocentro;34;2287;28;6.808964;3;4;45;8;847;30;77.53;37;2;23;466;226;71;52;75;44;43;8;1;0;0;0;0
2058;536;2018;Delantero;4;73;2;6.49863;0;0;2;1;17;0;68.75;2;0;0;14;5;1;2;4;1;1;0;0;0;0;0;0
2059;536;2018;Delantero;35;2819;32;7.180135;18;9;76;38;558;45;73.89;16;0;11;328;128;24;26;82;47;10;4;0;2;0;0;0
2060;536;2018;Delantero;16;1044;16;7.02136;5;1;34;11;236;11;72.88;10;0;6;144;69;24;17;21;11;5;2;0;0;0;0;0
2061;536;2018;Delantero;11;163;4;6.458896;1;1;4;1;47;2;56.09;4;0;1;49;23;8;3;21;9;4;0;0;0;0;0;0
2062;536;2018;Delantero;33;1576;24;7.063135;2;3;31;6;597;30;75.33;25;3;25;185;96;13;24;49;29;7;2;0;0;0;0;0
2063;536;2018;Delantero;27;2163;25;7.017337;9;0;63;27;391;29;72.7;5;1;3;343;116;28;42;43;14;10;4;0;0;0;0;0
2493;536;2018;Delantero;6;120;6;6.736667;1;1;4;1;36;3;72.5;0;0;0;29;11;0;4;3;2;6;0;0;0;0;0;0
2737;537;2018;Delantero;19;1407;17;6.85963;4;5;29;8;176;14;74.53;3;0;3;176;67;16;24;33;17;4;5;0;0;0;0;0
2772;537;2018;Defensa;28;2434;27;6.905793;0;0;3;1;773;2;77.25;27;11;37;182;121;11;17;9;8;9;7;0;0;0;0;0
2875;537;2018;Defensa;6;319;5;7.038245;0;0;0;0;139;1;67.83;4;4;7;26;20;1;3;2;2;1;1;0;0;0;0;0
46694;537;2018;Mediocentro;5;192;4;6.626562;0;0;2;1;41;2;53.6;2;0;2;27;12;2;5;3;2;2;1;0;0;0;0;0
47373;537;2018;Delantero;6;213;5;6.628169;0;0;2;0;65;3;86.33;4;0;3;50;24;8;4;15;9;7;0;0;0;0;0;0
47399;537;2018;Portero;34;3056;34;6.747382;0;0;0;0;509;0;51.18;0;0;2;18;17;7;0;0;0;1;5;0;0;38;78;1
47400;537;2018;Portero;5;364;5;7.02033;0;0;0;0;64;0;67.0;0;0;0;3;2;1;0;0;0;0;0;0;0;5;14;0
47403;537;2018;Defensa;25;2029;24;6.936668;0;1;6;1;618;10;70.04;31;13;53;222;127;30;31;4;3;16;11;1;0;0;0;0
47404;537;2018;Defensa;6;484;6;6.822934;0;0;4;2;125;6;74.67;11;1;4;66;33;3;11;10;7;7;2;0;0;0;0;0
47405;537;2018;Defensa;23;1471;19;6.860571;1;1;10;3;332;23;68.43;12;4;19;125;69;18;8;26;13;7;0;0;0;0;0;0
47406;537;2018;Defensa;3;211;3;6.550237;0;0;2;0;94;0;77.0;2;1;1;14;7;0;3;0;0;0;0;0;0;0;0;0
47407;537;2018;Defensa;23;1712;22;6.760339;1;1;5;3;371;27;71.61;24;2;20;160;84;20;34;21;9;5;8;1;0;0;0;0
47408;537;2018;Defensa;30;2700;30;6.966667;3;6;23;8;636;47;68.33;38;2;29;222;99;20;50;25;12;29;9;0;0;0;0;0
47409;537;2018;Defensa;34;2963;34;6.934695;1;0;21;3;976;10;69.47;32;15;65;285;181;10;30;19;12;20;5;0;0;0;0;0
47410;537;2018;Defensa;18;1429;16;6.855563;0;0;4;0;360;1;76.11;14;5;31;95;53;7;15;1;1;3;3;0;0;0;0;0
47411;537;2018;Mediocentro;27;966;18;6.851346;4;0;26;9;194;17;72.7;4;0;4;135;52;11;17;44;26;5;0;0;1;0;0;0
47412;537;2018;Mediocentro;13;643;12;6.562364;0;0;3;2;169;7;78.23;3;1;7;80;28;11;16;7;3;6;2;0;0;0;0;0
47413;537;2018;Mediocentro;18;1291;16;6.763749;0;0;10;4;551;7;81.0;21;2;14;180;93;28;45;15;10;18;9;0;0;0;0;0
47414;537;2018;Mediocentro;16;1196;14;6.615803;1;1;19;6;302;7;72.31;16;2;13;119;53;11;28;5;5;19;6;1;1;0;0;0
47415;537;2018;Mediocentro;31;2471;29;6.84314;0;0;11;3;1080;14;78.74;42;8;41;304;171;40;33;20;12;48;7;1;0;0;0;0
47416;537;2018;Mediocentro;31;2515;30;6.87829;4;3;61;22;716;48;73.0;25;2;16;325;131;27;31;79;36;42;5;0;0;0;0;0
47417;537;2018;Mediocentro;1;9;1;6.4;0;0;0;0;4;0;80.0;0;0;0;2;1;0;1;0;0;0;0;0;0;0;0;0
47418;537;2018;Mediocentro;26;2075;25;6.641639;1;1;13;3;629;15;79.81;32;4;39;294;137;24;30;32;19;62;3;0;0;0;0;0
47419;537;2018;Delantero;6;118;3;6.508475;0;0;1;0;25;1;73.83;1;0;2;24;12;4;1;5;3;3;0;0;0;0;0;0
47421;537;2018;Delantero;32;1995;27;7.050727;6;1;59;20;408;21;61.72;14;1;8;496;273;29;41;13;10;13;5;0;1;0;0;0
47422;537;2018;Delantero;31;2104;28;6.997624;9;2;74;24;264;17;51.87;8;3;6;472;224;40;36;63;27;20;7;0;0;0;0;0
47423;537;2018;Delantero;12;292;7;6.560959;0;0;11;4;67;2;62.42;1;0;0;52;22;4;4;6;2;0;0;0;0;0;0;0
47424;537;2018;Delantero;16;555;9;6.616577;1;3;18;6;69;6;71.12;5;1;1;98;39;11;19;10;3;5;4;0;0;0;0;0
47506;537;2018;Defensa;5;380;5;6.855263;0;0;2;0;57;0;70.6;6;2;6;32;23;5;4;2;2;2;1;0;0;0;0;0
922;538;2018;Defensa;12;1071;12;6.62437;0;0;1;0;443;2;82.83;22;5;20;111;63;8;16;3;2;7;3;0;0;0;0;0
2499;538;2018;Defensa;9;534;8;6.741386;0;0;4;2;205;5;75.89;9;3;5;58;34;2;6;4;1;5;2;0;0;0;0;0
2615;538;2018;Delantero;35;2961;35;6.99875;13;5;82;28;492;31;73.17;4;0;2;482;220;66;70;30;14;11;6;1;1;0;0;0
2710;538;2018;Mediocentro;35;2097;32;6.86495;3;3;51;16;641;40;78.97;21;0;10;492;256;60;42;224;144;32;6;0;0;0;0;0
2870;538;2018;Defensa;32;2682;31;6.973602;3;0;12;7;1283;4;81.16;22;21;35;185;118;4;15;2;2;4;3;1;0;0;0;0
31361;538;2018;Defensa;1;90;1;6.9;0;0;1;0;38;2;86.0;3;0;3;8;5;0;2;0;0;0;0;0;0;0;0;0
37892;538;2018;Delantero;9;211;6;6.518009;0;0;8;3;28;3;52.89;2;0;2;49;22;6;3;3;0;2;0;0;0;0;0;0
47425;538;2018;Portero;13;1170;13;6.576923;0;0;0;0;257;0;62.92;0;0;0;6;5;0;1;0;0;0;1;0;0;22;38;0
47426;538;2018;Portero;25;2250;25;6.7;0;0;0;0;421;2;59.48;0;0;2;6;4;0;1;0;0;1;2;0;0;40;69;0
47428;538;2018;Defensa;24;1897;23;6.810648;0;0;17;2;791;5;81.25;26;11;33;195;114;6;19;2;1;10;6;2;0;0;0;0
47429;538;2018;Defensa;15;1180;13;6.799492;0;0;2;1;601;0;82.93;13;6;18;99;61;7;16;3;1;5;4;0;0;0;0;0
47430;538;2018;Defensa;10;893;10;6.940314;0;0;4;1;414;5;83.0;11;11;11;87;59;6;9;6;4;5;3;1;0;0;0;0
47431;538;2018;Defensa;21;1758;21;6.782992;0;3;6;1;693;16;81.95;30;6;35;190;114;21;26;24;13;18;6;0;0;0;0;0
47432;538;2018;Defensa;35;3094;35;6.902456;1;4;24;8;1112;32;72.74;41;13;50;344;182;27;51;36;22;25;11;0;0;0;0;0
47433;538;2018;Defensa;10;898;10;6.977951;0;2;0;0;295;7;78.3;18;6;8;62;42;5;7;6;5;4;2;0;0;0;0;0
47434;538;2018;Defensa;4;218;3;6.580734;0;0;0;0;71;1;57.0;5;3;2;27;14;7;5;2;1;3;0;0;0;0;0;0
47435;538;2018;Mediocentro;30;1519;24;6.655102;1;0;17;3;783;10;89.77;17;2;19;125;54;14;12;15;12;18;3;0;0;0;0;0
47436;538;2018;Delantero;11;720;10;6.910972;1;2;11;5;288;17;83.45;4;1;3;91;43;9;6;18;13;5;2;1;0;0;0;0
47437;538;2018;Mediocentro;15;349;8;6.382521;0;3;2;0;86;6;70.13;10;0;2;74;26;3;8;14;6;16;1;0;0;0;0;0
47438;538;2018;Mediocentro;6;235;4;6.348511;0;0;4;1;61;1;85.17;2;0;4;33;13;4;3;1;0;7;0;0;0;0;0;0
47439;538;2018;Mediocentro;31;2493;29;6.700361;0;1;11;2;1253;18;87.39;19;1;26;214;118;48;19;43;31;23;1;0;0;0;0;0
47440;538;2018;Mediocentro;31;2351;29;7.053467;6;7;71;26;874;46;77.19;31;3;24;376;173;64;38;49;19;39;5;0;1;0;0;0
47442;538;2018;Mediocentro;20;1170;17;6.64;0;0;11;3;597;8;73.75;10;2;9;88;42;12;9;8;5;16;1;0;0;0;0;0
47443;538;2018;Mediocentro;30;2203;27;6.998774;2;0;18;6;1194;11;82.93;39;11;37;335;199;34;43;40;28;17;10;0;0;0;0;0
47444;538;2018;Delantero;2;23;1;6.404348;0;0;0;0;3;1;37.5;0;0;0;4;0;0;0;0;0;1;0;0;0;0;0;0
47445;538;2018;Delantero;27;2258;27;7.669398;20;6;69;33;712;57;81.78;11;0;16;229;103;43;16;36;20;16;5;0;5;0;0;0
47446;538;2018;Delantero;10;366;5;6.475683;0;0;8;4;65;2;68.5;4;0;3;57;27;7;7;16;10;5;1;0;0;0;0;0
47447;538;2018;Mediocentro;25;844;15;6.956398;2;1;18;9;366;13;86.96;3;0;3;103;51;21;8;41;26;9;0;0;0;0;0;0
2781;539;2018;Delantero;19;779;13;6.487035;1;1;15;5;148;8;62.11;8;1;12;97;43;6;8;35;20;4;1;0;0;0;0;0
3429;539;2018;Delantero;16;702;12;6.747293;1;0;18;3;66;2;54.88;3;0;1;110;55;19;14;7;4;3;2;0;0;0;0;0
22259;539;2018;Mediocentro;10;533;8;6.731895;0;0;8;1;234;1;80.0;13;7;11;67;45;10;8;2;2;6;3;0;0;0;0;0
47448;539;2018;Portero;16;1440;16;6.9;0;0;0;0;198;1;52.94;0;0;1;7;7;4;0;0;0;0;0;0;0;24;60;0
47449;539;2018;Portero;21;1890;21;6.904762;0;0;0;0;260;1;54.52;1;0;1;9;7;2;0;0;0;1;1;0;0;40;96;0
47450;539;2018;Portero;1;90;1;7.3;0;0;0;0;15;0;75.0;0;0;0;0;0;0;0;0;0;0;0;0;0;2;6;0
47451;539;2018;Defensa;27;1815;22;6.770854;4;0;12;6;558;13;74.52;27;8;40;235;111;31;26;30;12;30;4;1;0;0;0;0
47452;539;2018;Defensa;21;1638;21;6.496886;2;0;10;3;507;3;70.05;13;14;29;162;74;13;33;3;1;17;11;2;0;0;0;0
47453;539;2018;Mediocentro;21;1767;21;6.630277;1;2;14;4;475;15;71.24;13;5;14;160;76;18;11;65;34;11;4;0;0;0;0;0
47454;539;2018;Defensa;8;463;6;6.569762;0;1;2;1;149;5;82.25;3;3;8;49;27;12;7;12;6;4;0;0;0;0;0;0
47455;539;2018;Defensa;16;1259;16;6.609134;0;2;3;1;348;10;72.94;10;7;15;99;48;12;14;13;9;17;4;0;0;0;0;0
47457;539;2018;Defensa;15;1340;15;7.003731;2;1;7;3;387;4;75.2;17;20;19;120;67;11;15;7;5;8;4;0;0;0;0;0
47458;539;2018;Defensa;21;1450;20;6.737724;1;1;6;2;383;4;68.43;15;12;20;98;49;4;12;2;0;4;4;1;0;0;0;0
47459;539;2018;Defensa;19;1256;15;6.801752;2;0;6;2;274;3;69.16;19;11;19;107;65;5;19;2;2;6;7;0;0;0;0;0
47460;539;2018;Defensa;33;2855;32;6.749212;1;0;8;1;893;8;80.18;29;36;51;245;124;13;28;10;10;24;6;0;0;0;0;0
47461;539;2018;Mediocentro;36;2841;36;6.67258;3;4;66;18;843;29;75.44;43;3;31;397;170;47;61;72;43;59;6;0;0;0;0;0
47462;539;2018;Mediocentro;9;313;7;6.099042;0;0;1;1;81;1;76.67;7;2;3;65;25;6;13;3;2;11;1;0;0;0;0;0
47464;539;2018;Mediocentro;36;3213;36;7.082602;4;9;23;9;1567;59;83.11;45;7;48;397;189;35;42;80;48;59;12;0;0;0;0;0
47465;539;2018;Mediocentro;4;155;2;6.560645;0;0;1;0;60;0;64.75;5;2;1;18;13;1;1;0;0;0;0;0;0;0;0;0
47467;539;2018;Mediocentro;37;3197;36;6.818236;12;5;65;33;494;45;71.14;15;1;12;429;157;52;31;145;69;41;7;0;3;0;0;0
47468;539;2018;Mediocentro;27;1812;25;6.89713;4;5;46;12;685;30;72.37;33;0;21;404;193;53;49;92;65;58;13;2;0;0;0;0
47469;539;2018;Mediocentro;16;676;9;6.503994;0;1;0;0;201;1;81.44;18;5;10;103;56;11;21;5;5;15;5;1;0;0;0;0
47470;539;2018;Delantero;12;225;5;6.671111;0;1;4;2;29;3;63.58;0;1;0;37;14;6;8;6;2;0;0;0;0;0;0;0
47471;539;2018;Delantero;31;1908;27;6.912893;13;0;71;30;241;16;68.39;6;1;4;213;72;32;38;27;11;18;4;0;2;0;0;0
47472;539;2018;Delantero;29;1614;24;6.724969;3;2;24;15;312;20;78.76;4;1;5;222;86;33;16;42;23;11;1;0;0;0;0;0
47473;539;2018;Mediocentro;30;2331;28;6.689661;2;5;32;9;449;30;67.6;25;4;46;348;157;51;26;78;29;51;10;0;0;0;0;0
2444;540;2018;Defensa;21;1751;20;6.942376;3;1;19;5;706;13;75.9;31;7;22;219;123;17;34;22;12;23;2;0;0;0;0;0
2520;540;2018;Mediocentro;19;797;14;6.664115;1;2;15;6;161;14;66.84;11;3;5;151;62;15;21;39;19;21;1;0;0;0;0;0
2669;540;2018;Defensa;32;2806;32;7.071383;3;0;27;11;1351;6;82.91;24;25;37;237;145;29;22;12;9;18;7;0;0;0;0;0
13062;540;2018;Delantero;20;1236;18;6.914239;2;1;42;16;271;18;71.25;14;0;8;170;79;22;25;32;21;19;3;0;1;0;0;0
47327;540;2018;Portero;38;3420;38;6.844737;0;0;0;0;704;1;66.29;0;0;2;12;11;4;0;1;1;0;2;0;0;50;121;2
47328;540;2018;Defensa;11;665;9;6.857744;0;0;2;1;290;2;86.73;5;7;13;59;37;2;8;0;0;3;0;0;0;0;0;0
47329;540;2018;Defensa;12;765;11;6.758954;1;0;6;1;186;8;76.08;9;4;8;90;38;7;14;24;13;7;1;0;0;0;0;0
47330;540;2018;Defensa;16;1366;16;7.000293;1;1;7;1;488;2;80.19;10;13;26;112;63;4;13;2;2;4;3;0;0;0;0;0
47332;540;2018;Defensa;6;520;5;6.355769;0;0;1;1;196;0;78.17;3;2;7;41;22;2;5;1;1;3;0;0;0;0;0;0
47333;540;2018;Defensa;23;1947;22;6.783975;0;0;7;1;664;17;77.52;40;5;40;261;148;35;32;26;19;32;5;1;0;0;0;0
47334;540;2018;Defensa;21;1820;21;6.932967;0;0;9;2;1066;5;88.19;18;12;28;173;101;17;18;9;6;12;4;0;0;0;0;0
47335;540;2018;Defensa;27;2358;27;6.822222;0;2;25;8;813;20;71.67;31;12;53;273;151;29;38;16;9;29;11;0;0;0;0;0
47336;540;2018;Mediocentro;34;2718;33;6.964753;4;2;55;16;987;37;78.35;35;3;22;284;140;30;31;55;33;45;8;1;0;0;0;0
47337;540;2018;Mediocentro;28;2026;24;6.919645;3;1;30;7;963;30;84.96;33;8;26;289;148;42;38;40;34;33;11;0;0;0;0;0
47338;540;2018;Mediocentro;4;120;4;6.3375;0;0;1;0;68;0;92.25;1;0;3;16;9;4;1;2;1;1;1;0;0;0;0;0
47339;540;2018;Mediocentro;32;2002;29;6.874226;0;5;9;5;740;34;84.56;8;1;13;226;117;56;11;51;35;16;3;0;0;0;0;0
47340;540;2018;Mediocentro;20;734;12;6.779155;1;0;15;6;175;13;77.25;15;0;2;142;69;26;18;23;12;8;0;0;0;0;0;0
47341;540;2018;Mediocentro;35;3116;35;6.980905;1;2;23;9;1699;23;86.09;46;21;36;349;173;27;60;40;29;42;9;0;0;0;0;0
47342;540;2018;Mediocentro;24;1261;17;6.499366;0;2;12;2;434;8;79.79;30;2;25;242;108;36;48;11;6;53;9;0;0;0;0;0
47343;540;2018;Mediocentro;3;42;2;6.4;0;0;2;0;17;1;83.33;0;1;2;16;5;0;1;2;2;3;1;0;0;0;0;0
47346;540;2018;Delantero;9;204;6;6.641176;1;0;3;1;33;0;69.22;2;0;0;38;16;4;8;0;0;2;2;0;0;0;0;0
47347;540;2018;Delantero;29;1492;23;6.885054;2;1;36;12;301;27;64.0;9;1;10;204;88;37;17;36;16;13;3;0;0;0;0;0
47348;540;2018;Delantero;37;3081;36;7.050568;17;3;90;39;475;42;70.35;14;6;7;397;156;51;56;52;23;19;5;0;3;0;0;0
47349;540;2018;Delantero;15;356;9;6.625;0;0;8;2;62;4;74.4;1;1;6;53;19;2;4;9;6;7;0;0;0;0;0;0
80891;540;2018;Delantero;16;1064;15;6.792857;3;1;31;8;147;10;73.75;6;0;7;112;47;12;8;18;9;11;1;0;0;0;0;0
730;541;2018;Portero;27;2430;27;6.803704;0;0;1;0;487;0;72.96;0;0;2;15;13;5;0;1;1;2;2;0;0;36;69;0
731;541;2018;Portero;10;900;10;6.96;0;0;0;0;177;0;72.7;0;0;1;5;5;2;0;0;0;0;1;0;0;8;23;0
732;541;2018;Portero;1;90;1;6.1;0;0;0;0;32;0;84.0;0;0;0;1;1;1;0;0;0;0;0;0;0;2;1;0
733;541;2018;Defensa;24;2106;24;7.102564;1;2;11;4;1355;30;86.42;24;7;26;243;128;34;30;56;34;23;10;0;0;0;0;0
735;541;2018;Defensa;20;1701;20;6.808172;0;1;5;0;889;6;88.8;19;7;32;155;77;12;27;16;9;11;8;1;0;0;0;0
737;541;2018;Defensa;14;1179;14;6.880153;0;2;1;1;538;18;89.64;25;1;11;119;55;19;15;28;7;4;2;0;0;0;0;0
738;541;2018;Defensa;28;2474;28;7.25865;6;1;31;13;1765;9;91.18;32;15;37;218;138;35;29;5;3;17;7;1;5;0;0;0
739;541;2018;Defensa;14;1121;13;7.083051;0;2;6;0;572;17;85.21;14;3;20;141;78;29;24;22;11;11;3;0;0;0;0;0
740;541;2018;Defensa;1;45;1;6.4;0;0;0;0;7;0;87.0;0;0;0;7;4;0;2;0;0;0;1;0;0;0;0;0
741;541;2018;Defensa;5;311;5;6.890354;1;0;1;1;137;0;68.6;5;4;7;21;11;2;3;0;0;1;1;1;0;0;0;0
742;541;2018;Defensa;32;2755;32;6.954338;2;0;19;4;1519;4;88.0;18;9;32;198;139;12;11;6;5;4;0;1;0;0;0;0
743;541;2018;Defensa;23;1841;23;6.953504;2;2;35;12;1106;33;82.96;19;2;17;184;94;20;19;49;33;24;6;0;0;0;0;0
744;541;2018;Mediocentro;9;381;7;7.060367;1;1;7;5;140;7;84.44;7;0;0;79;40;14;4;34;17;5;0;0;0;0;0;0
745;541;2018;Mediocentro;27;1186;17;6.905481;3;2;25;7;822;27;87.59;14;1;6;199;103;34;20;49;34;20;3;0;0;0;0;0
746;541;2018;Mediocentro;30;1783;25;7.183567;1;4;45;18;792;32;85.4;8;1;14;164;78;21;18;60;41;22;3;0;0;0;0;0
747;541;2018;Mediocentro;29;2316;28;7.103497;3;0;40;9;1424;14;87.17;52;12;41;408;235;49;47;21;17;56;7;1;0;0;0;0
748;541;2018;Mediocentro;23;1249;17;6.984948;3;0;22;5;940;24;92.22;21;1;15;194;95;40;16;32;14;20;3;0;0;0;0;0
752;541;2018;Mediocentro;28;2227;27;7.466008;0;4;30;9;1932;64;92.61;35;4;14;233;140;55;22;17;14;43;2;0;0;0;0;0
753;541;2018;Mediocentro;7;540;6;6.967037;0;0;1;1;349;4;93.29;12;0;7;68;32;7;15;8;7;10;1;0;0;0;0;0
754;541;2018;Mediocentro;34;2617;33;7.173175;3;6;37;12;1682;54;87.94;30;3;31;306;161;46;28;83;54;34;6;0;0;0;0;0
756;541;2018;Mediocentro;16;651;10;6.854378;0;0;7;1;322;10;83.25;8;2;21;69;36;2;15;17;13;6;4;0;0;0;0;0
757;541;2018;Mediocentro;31;1501;23;6.999134;1;3;24;11;736;30;84.61;26;1;12;265;121;38;41;58;33;26;6;1;0;0;0;0
758;541;2018;Delantero;29;1792;26;7.132757;8;3;76;32;540;19;77.07;8;3;11;203;98;21;18;44;24;14;4;0;1;0;0;0
759;541;2018;Delantero;36;2961;35;7.408443;21;6;104;46;977;48;81.89;11;1;8;299;136;22;23;74;47;15;1;0;3;0;0;0
760;541;2018;Delantero;13;439;8;7.056264;3;0;23;8;69;5;73.0;1;0;0;45;18;4;5;4;1;3;2;0;0;0;0;0
761;541;2018;Delantero;1;45;1;6.3;0;0;1;0;10;1;100.0;0;0;1;6;1;0;1;2;0;0;0;0;0;0;0;0
762;541;2018;Mediocentro;18;864;13;7.064005;2;0;42;17;217;15;64.17;6;1;7;152;73;21;13;70;41;13;0;0;0;0;0;0
937;542;2018;Delantero;20;968;14;6.682851;3;1;20;6;160;9;66.0;11;1;2;178;67;13;28;28;16;8;2;0;0;0;0;0
2553;542;2018;Defensa;23;2008;22;7.129382;2;2;15;4;533;3;73.48;26;19;40;220;152;9;16;4;2;12;5;0;0;0;0;0
2600;542;2018;Mediocentro;12;834;11;6.704436;2;0;16;5;177;4;75.42;5;0;4;84;43;16;7;23;14;13;0;0;0;0;0;0
3426;542;2018;Mediocentro;29;1674;24;6.762784;1;1;31;6;491;8;75.76;30;9;16;235;114;31;33;28;19;24;9;0;0;0;0;0
46720;542;2018;Mediocentro;2;71;1;6.129577;0;0;0;0;13;0;43.0;1;0;2;9;3;1;1;0;0;3;1;0;0;0;0;0
47283;542;2018;Mediocentro;18;1456;18;6.924863;3;2;42;11;362;22;70.0;8;0;8;102;40;9;2;27;14;13;0;0;0;0;0;0
47352;542;2018;Portero;35;3150;35;6.882857;0;0;0;0;501;3;51.94;0;0;1;14;12;4;0;0;0;1;3;0;0;46;112;0
47353;542;2018;Portero;3;270;3;6.466667;0;0;0;0;37;1;41.33;0;0;0;2;2;0;0;0;0;0;0;0;0;4;9;0
47354;542;2018;Defensa;27;2034;26;6.688545;0;0;1;0;496;8;63.96;29;11;26;210;118;28;24;39;26;18;5;0;0;0;0;0
47355;542;2018;Defensa;33;2775;33;6.851063;0;0;23;8;618;26;65.21;35;12;57;309;188;61;35;10;5;30;10;1;0;0;0;0
47356;542;2018;Defensa;5;431;5;6.719722;0;0;2;1;114;2;71.6;5;7;7;51;36;2;7;0;0;2;1;0;0;0;0;0
47357;542;2018;Defensa;36;3240;36;6.836111;1;2;17;4;893;7;67.78;33;19;54;247;139;14;26;0;0;9;12;0;0;0;0;0
47358;542;2018;Defensa;6;287;4;6.48223;0;0;2;0;58;0;61.0;8;0;7;39;21;3;11;5;1;3;2;0;0;0;0;0
47359;542;2018;Defensa;8;646;8;6.558669;0;0;1;0;111;5;70.0;8;1;6;66;35;4;8;6;3;6;1;0;0;0;0;0
47360;542;2018;Defensa;31;2533;29;6.951757;2;2;13;3;651;11;76.16;35;11;47;246;154;37;18;21;15;13;7;0;0;0;0;0
47361;542;2018;Mediocentro;24;1581;21;6.600949;0;1;9;1;494;9;73.25;16;4;13;188;90;15;34;16;12;16;5;0;0;0;0;0
47362;542;2018;Mediocentro;16;549;11;6.680692;1;0;8;2;157;12;81.19;6;0;0;60;36;20;10;13;6;2;1;0;0;0;0;0
47363;542;2018;Mediocentro;34;2325;30;6.678495;1;1;28;6;693;12;71.15;48;7;23;464;251;53;62;19;13;53;6;0;0;0;0;0
47365;542;2018;Mediocentro;28;2343;28;6.831157;2;0;12;3;873;23;82.04;41;4;41;344;182;51;58;16;10;28;13;0;0;0;0;0
47366;542;2018;Mediocentro;36;2982;35;7.034272;5;10;55;23;508;87;64.94;13;0;22;344;118;31;34;138;62;30;3;0;0;0;0;0
47367;542;2018;Delantero;2;18;1;6.5;0;0;0;0;4;0;66.5;1;0;0;4;2;0;0;1;1;2;0;0;0;0;0;0
47368;542;2018;Delantero;34;2876;34;7.057267;9;2;80;20;407;31;58.82;13;7;7;747;328;70;70;67;41;23;6;0;2;0;0;0
47370;542;2018;Delantero;27;1449;23;6.683368;5;1;33;10;194;8;61.41;7;5;4;265;82;13;41;9;5;23;4;0;0;0;0;0
47371;542;2018;Delantero;22;625;12;6.67248;2;1;10;5;99;9;69.41;1;0;1;71;25;4;13;4;1;4;2;0;0;0;0;0
47373;542;2018;Delantero;9;300;6;6.593667;0;0;8;2;65;2;64.67;4;0;1;58;31;9;6;11;7;2;1;0;0;0;0;0
47374;542;2018;Mediocentro;11;159;5;6.434591;0;0;3;2;39;2;63.45;3;0;1;33;10;1;7;3;1;4;2;0;0;0;0;0
1557;543;2018;Portero;33;2970;33;6.787879;0;0;0;0;847;0;79.42;0;0;2;14;12;5;1;0;0;2;3;0;0;47;87;2
1558;543;2018;Portero;5;450;5;7.02;0;0;0;0;125;0;77.4;0;0;0;3;2;0;0;1;0;0;0;0;0;5;16;1
1560;543;2018;Mediocentro;14;936;12;6.547009;0;0;2;0;450;9;86.14;8;4;5;88;36;9;21;9;3;10;4;0;0;0;0;0
1561;543;2018;Defensa;33;2930;33;6.975427;1;0;10;4;1990;4;86.42;55;21;61;346;212;39;30;22;13;35;3;0;0;0;0;0
1562;543;2018;Defensa;24;1743;22;6.91222;1;0;9;2;1113;2;85.33;30;8;41;177;111;17;14;16;13;16;4;0;0;0;0;0
1563;543;2018;Defensa;21;1701;19;7.077131;1;1;16;4;1096;7;85.67;23;8;31;214;136;9;29;23;18;12;7;0;0;0;0;0
1564;543;2018;Mediocentro;24;1937;22;6.950387;3;4;19;7;774;20;82.58;25;2;23;224;129;26;30;45;31;14;7;0;0;0;0;0
1566;543;2018;Defensa;6;317;6;6.706625;0;0;3;1;119;4;83.33;7;0;7;44;26;14;5;3;0;7;1;0;0;0;0;0
1567;543;2018;Defensa;35;3060;34;6.988399;1;1;6;3;2387;16;91.63;34;23;41;252;134;22;56;9;7;17;10;0;0;0;0;0
1570;543;2018;Mediocentro;32;2658;32;7.192099;7;2;66;25;1533;56;87.47;30;3;9;321;158;50;28;78;58;42;7;0;2;0;0;0
1571;543;2018;Mediocentro;13;523;9;6.644359;0;0;0;0;416;0;76.69;1;1;5;50;25;5;8;4;3;1;0;1;0;0;0;0
1573;543;2018;Mediocentro;31;2338;31;6.81018;0;4;26;5;1415;31;86.77;15;1;28;241;101;38;44;34;24;36;8;0;0;0;0;0
1574;543;2018;Mediocentro;22;1790;22;6.762961;0;1;10;3;638;14;80.59;28;1;21;195;113;39;9;31;15;18;1;0;0;0;0;0
1576;543;2018;Mediocentro;10;776;10;6.550902;0;0;3;1;278;2;84.2;6;1;10;96;53;12;16;27;19;6;2;0;0;0;0;0
1577;543;2018;Mediocentro;12;357;8;6.722969;0;1;10;2;106;7;83.42;4;0;1;70;38;18;2;33;16;0;2;0;0;0;0;0
1578;543;2018;Mediocentro;32;2400;31;7.165;9;4;64;29;1182;30;82.66;31;1;17;376;198;67;36;103;63;26;5;0;2;0;0;0
1579;543;2018;Mediocentro;30;1694;24;7.238017;6;0;23;12;717;46;82.93;4;2;14;176;104;32;8;65;48;4;5;0;0;0;0;0
1580;543;2018;Mediocentro;30;2386;28;6.933906;0;5;10;2;1695;18;88.4;27;0;12;266;163;35;24;58;43;13;7;0;0;0;0;0
1583;543;2018;Delantero;16;632;11;6.531013;0;1;13;2;78;6;76.0;2;0;2;86;26;15;9;12;4;6;1;0;0;0;0;0
1584;543;2018;Delantero;33;1963;26;6.769333;6;0;58;28;254;11;78.67;12;1;6;275;103;47;30;44;15;21;3;0;0;0;0;0
1585;543;2018;Delantero;14;787;12;6.598348;2;0;19;10;145;7;77.36;4;0;1;74;26;4;7;22;12;6;2;0;0;0;0;0
1586;543;2018;Delantero;29;1559;23;7.084285;4;6;36;18;665;28;85.93;20;0;17;147;74;12;7;52;26;18;4;0;0;0;0;0
2522;543;2018;Delantero;15;808;11;6.74245;2;0;17;3;103;1;73.73;6;2;3;94;46;13;10;5;4;5;2;0;1;0;0;0
2600;543;2018;Mediocentro;8;377;6;6.822812;0;0;13;4;101;3;74.75;3;0;1;47;24;12;6;11;8;4;0;0;0;0;0;0
47436;543;2018;Mediocentro;9;545;7;6.942569;0;0;10;3;276;10;86.67;4;1;5;71;27;8;5;10;7;6;1;0;0;0;0;0
2813;545;2018;Portero;23;2070;23;6.726087;0;0;0;0;287;0;44.39;0;0;1;9;7;0;2;0;0;0;2;0;0;28;55;1
47376;545;2018;Portero;14;1260;14;6.521429;0;0;0;0;180;0;51.57;1;0;0;6;3;0;0;0;0;2;0;0;0;20;27;0
47377;545;2018;Defensa;24;1860;21;6.858925;1;2;18;1;795;4;74.33;23;4;45;161;94;5;12;6;4;9;6;1;0;0;0;0
47378;545;2018;Defensa;10;584;8;6.70274;0;1;3;0;244;1;78.7;3;2;8;42;23;4;5;1;0;4;1;0;0;0;0;0
47379;545;2018;Defensa;1;1;0;0.0;0;0;0;0;0;0;0.0;0;0;0;0;0;0;0;0;0;0;0;0;0;0;0;0
47380;545;2018;Defensa;30;2271;28;6.770233;1;2;22;2;647;32;79.0;36;3;19;279;120;16;42;39;17;13;6;0;0;0;0;0
47382;545;2018;Defensa;20;1592;20;6.880276;0;0;16;3;602;1;78.8;13;5;18;133;94;9;10;4;4;6;4;0;0;0;0;0
47383;545;2018;Defensa;28;2243;26;6.793803;0;0;9;2;694;1;63.68;39;10;36;218;137;12;19;2;1;16;4;0;0;0;0;0
47384;545;2018;Defensa;34;2944;33;7.132677;1;1;23;4;988;55;67.03;46;5;40;274;169;17;20;56;40;23;8;0;0;0;0;0
47385;545;2018;Mediocentro;19;1072;16;6.821735;0;0;2;0;395;2;73.47;25;4;17;132;76;6;19;2;1;10;1;0;0;0;0;0
47386;545;2018;Mediocentro;23;1516;20;6.644921;2;0;12;8;450;22;71.96;19;0;13;173;78;11;18;17;8;20;3;1;0;0;0;0
47387;545;2018;Mediocentro;27;2266;27;6.877405;1;1;36;5;794;10;71.3;38;1;35;392;219;41;67;21;17;18;11;0;0;0;0;0
47388;545;2018;Mediocentro;31;1767;23;6.822354;4;1;22;10;586;9;75.35;28;2;21;276;134;17;31;30;23;27;6;0;0;0;0;0
47389;545;2018;Mediocentro;35;2789;31;7.258336;4;4;55;17;1360;65;82.0;40;4;31;386;196;37;58;62;47;50;10;0;0;0;0;0
47390;545;2018;Mediocentro;32;2648;31;6.636971;2;5;74;24;863;47;76.59;20;0;18;490;201;57;24;164;77;33;3;0;1;0;0;0
47391;545;2018;Defensa;30;2583;30;7.054007;1;2;21;4;919;43;69.7;46;9;35;307;176;32;24;89;60;28;3;0;0;0;0;0
47392;545;2018;Mediocentro;9;429;7;6.80676;1;0;7;2;69;5;49.22;4;0;4;53;25;5;5;5;1;3;0;0;0;0;0;0
47393;545;2018;Delantero;16;598;12;6.707023;3;1;17;8;118;5;74.94;5;0;1;100;40;12;8;23;6;4;0;0;0;0;0;0
47394;545;2018;Delantero;33;1673;26;7.138075;14;1;61;29;366;15;71.94;5;1;4;314;129;29;38;6;1;11;4;0;6;0;0;0
47395;545;2018;Delantero;34;2502;33;6.941287;7;3;64;15;640;26;70.41;17;1;6;562;226;30;60;11;7;22;4;0;0;0;0;0
47396;545;2018;Delantero;30;1305;21;6.858391;3;0;43;16;277;14;72.47;4;0;4;278;113;25;31;14;6;4;0;0;0;0;0;0
47397;545;2018;SUB;2;67;2;6.319403;0;0;1;0;36;0;90.0;0;0;1;8;2;1;1;0;0;2;0;0;0;0;0;0
47398;545;2018;Mediocentro;5;344;5;6.495349;0;0;4;0;65;3;55.2;6;1;2;60;22;5;7;5;3;5;0;0;0;0;0;0
47490;545;2018;Mediocentro;3;180;3;6.635;0;1;4;1;38;6;79.0;1;0;0;31;14;5;2;10;6;4;0;0;0;0;0;0
47553;545;2018;Delantero;2;62;2;6.732258;0;0;3;2;20;1;70.0;0;0;1;6;1;1;3;2;0;0;0;0;0;0;0;0
2604;546;2018;Mediocentro;7;394;6;6.585533;0;0;6;1;77;3;63.14;3;0;3;44;18;3;6;7;4;3;0;0;0;0;0;0
2671;546;2018;Delantero;34;2436;32;7.092898;14;6;59;25;408;19;61.09;21;0;17;443;190;52;79;34;12;19;10;0;4;0;0;0
2824;546;2018;Mediocentro;36;3211;36;6.750856;1;0;33;7;581;12;75.22;45;15;71;350;181;11;19;20;10;40;5;0;0;0;0;0
46659;546;2018;Mediocentro;7;75;3;6.510667;0;0;4;2;17;0;80.86;2;0;0;15;10;5;1;5;3;1;1;0;0;0;0;0
46824;546;2018;Mediocentro;4;146;3;6.120548;0;0;1;0;15;1;65.25;0;0;0;42;16;7;10;10;4;4;2;1;0;0;0;0
47246;546;2018;Portero;1;90;1;6.2;0;0;0;0;10;0;41.0;0;0;0;1;1;1;0;0;0;0;0;0;0;1;0;0
47247;546;2018;Portero;37;3330;37;6.964865;0;0;0;0;419;2;40.16;0;0;1;17;14;2;0;1;1;1;0;0;0;34;102;1
47249;546;2018;Defensa;32;2793;31;6.925492;2;0;22;7;487;7;51.47;26;16;52;346;221;14;35;5;2;17;11;1;0;0;0;0
47250;546;2018;Defensa;34;2980;34;6.788121;0;0;12;1;700;5;70.76;34;11;74;336;187;30;51;19;16;17;13;2;0;0;0;0
47251;546;2018;Defensa;25;1809;25;6.494306;3;2;13;4;250;15;59.88;12;2;20;287;104;25;49;56;26;11;7;0;0;0;0;0
47252;546;2018;Defensa;23;1697;22;6.767885;0;1;7;1;354;3;67.96;10;6;22;169;90;13;24;3;3;9;7;1;0;0;0;0
47253;546;2018;Defensa;7;317;6;6.737539;0;0;0;0;50;0;40.43;0;4;5;25;11;1;6;2;2;1;1;0;0;0;0;0
47254;546;2018;Defensa;14;1010;12;6.598515;0;1;6;3;184;7;49.29;16;2;10;196;99;23;15;24;10;8;6;1;0;0;0;0
47255;546;2018;Defensa;28;2182;27;6.987809;1;3;29;6;459;33;56.29;26;7;43;218;104;20;37;34;22;18;5;0;0;0;0;0
47257;546;2018;Defensa;36;3240;36;6.883333;0;3;15;1;860;62;63.64;62;6;46;413;206;55;57;44;23;67;13;0;0;0;0;0
47258;546;2018;Mediocentro;33;2685;33;6.698212;1;2;29;9;513;18;68.97;33;9;30;402;203;57;65;50;34;53;8;0;0;0;0;0
47259;546;2018;Mediocentro;3;50;2;6.364;0;0;0;0;13;0;39.33;2;0;1;9;3;0;1;1;0;1;0;0;0;0;0;0
47260;546;2018;Mediocentro;15;457;10;6.846389;0;2;1;1;111;7;83.6;8;0;8;94;42;17;13;10;3;9;3;0;0;0;0;0
47261;546;2018;Mediocentro;10;453;7;6.475938;0;0;0;0;89;1;64.2;4;1;5;54;30;6;15;1;0;3;5;0;0;0;0;0
47262;546;2018;Mediocentro;32;1991;25;6.550829;1;4;9;5;573;24;75.56;16;0;17;270;105;36;30;73;39;21;3;1;0;0;0;0
47263;546;2018;Mediocentro;10;302;6;6.692053;1;0;7;4;93;3;62.3;3;0;0;48;24;3;3;24;15;3;2;0;0;0;0;0
47264;546;2018;Delantero;11;430;8;6.699535;0;0;7;1;39;2;56.27;4;1;3;67;36;17;9;11;5;3;0;0;0;0;0;0
47265;546;2018;Delantero;38;2647;34;7.153268;14;5;57;24;490;44;66.18;9;0;7;481;182;45;47;68;34;14;2;0;2;0;0;0
47266;546;2018;Delantero;37;1834;26;6.829389;8;3;67;21;211;20;61.32;7;1;8;255;88;35;42;26;11;20;4;0;0;0;0;0
47495;546;2018;Delantero;3;28;0;6.239286;0;0;2;0;6;0;35.33;1;0;0;10;3;2;1;4;0;0;0;0;0;0;0;0
104793;546;2018;Mediocentro;15;1011;13;6.413353;1;2;15;6;140;10;72.8;13;0;10;192;73;21;27;45;20;21;4;0;0;0;0;0
2617;547;2018;Delantero;32;2731;31;7.204394;19;0;77;39;343;14;69.09;13;1;4;487;225;74;89;29;14;15;9;0;5;0;0;0
2701;547;2018;Portero;32;2862;32;6.972327;0;0;1;0;532;0;63.53;0;0;1;12;9;3;0;1;1;2;2;0;0;44;125;0
2909;547;2018;Mediocentro;3;62;1;6.5;0;0;1;0;17;0;75.33;0;0;3;9;3;2;0;1;0;1;0;0;0;0;0;0
47010;547;2018;Mediocentro;2;164;2;6.75122;0;0;2;0;74;0;84.0;2;1;3;16;10;1;1;0;0;1;0;0;0;0;0;0
47501;547;2018;Portero;7;558;6;7.229032;0;0;0;0;113;0;57.86;0;0;1;6;5;0;0;1;1;0;0;0;0;10;31;0
47504;547;2018;Defensa;25;1868;23;6.942505;1;1;15;3;685;5;73.76;23;18;36;214;133;13;21;5;4;8;9;0;0;0;0;0
47505;547;2018;Defensa;31;2729;31;6.934848;1;1;15;6;1197;9;84.94;14;31;40;269;159;6;33;3;3;9;6;2;0;0;0;0
47506;547;2018;Defensa;10;854;10;6.859953;0;1;5;1;246;6;71.6;12;4;11;97;54;9;11;13;9;5;1;0;0;0;0;0
47508;547;2018;Defensa;19;1403;18;6.914184;0;0;7;1;617;6;78.11;34;6;37;179;109;20;21;12;11;13;6;0;0;0;0;0
47509;547;2018;Defensa;7;418;6;6.610526;0;1;1;0;131;2;72.0;6;0;4;43;21;2;5;3;1;7;3;0;0;0;0;0
47510;547;2018;Defensa;22;1625;20;6.677538;1;0;7;2;602;2;78.23;6;11;16;113;53;11;15;11;4;6;4;0;0;0;0;0
47511;547;2018;Defensa;33;2769;32;6.81394;0;0;21;6;1262;5;80.39;25;15;57;292;174;10;38;12;10;21;8;0;0;0;0;0
47513;547;2018;Mediocentro;10;647;9;6.951623;0;2;9;3;177;13;82.3;8;0;7;41;25;8;6;9;6;1;2;0;0;0;0;0
47514;547;2018;Delantero;17;900;13;6.671444;0;1;2;1;230;3;81.41;15;1;8;106;62;15;8;26;19;7;2;0;0;0;0;0
47515;547;2018;Delantero;33;2636;32;7.087747;1;3;32;14;1067;37;81.76;27;2;38;345;199;103;19;61;37;22;0;1;0;0;0;0
47516;547;2018;Mediocentro;31;1676;26;6.92852;2;1;19;5;912;29;80.74;19;6;21;177;85;19;12;23;13;23;1;0;0;0;0;0
47517;547;2018;Mediocentro;32;2392;30;7.084281;0;4;39;7;994;51;75.69;28;5;35;313;163;48;33;31;21;49;5;0;0;0;0;0
47518;547;2018;Mediocentro;34;2796;32;6.644599;1;2;19;7;929;17;78.15;46;12;35;456;207;49;70;53;27;52;4;0;0;0;0;0
47519;547;2018;Mediocentro;32;2225;28;6.720899;0;4;23;6;610;26;66.72;31;2;39;286;134;35;24;58;30;48;4;0;0;0;0;0
47520;547;2018;Delantero;34;2833;33;6.750441;9;2;37;19;461;34;74.06;24;1;8;371;131;42;26;70;32;31;3;0;1;0;0;0
47521;547;2018;Delantero;19;594;11;6.520539;0;0;7;5;143;8;75.05;6;0;3;99;44;9;0;49;27;12;0;0;0;0;0;0
47522;547;2018;Mediocentro;23;1487;21;6.784869;0;0;16;0;615;10;82.17;19;7;21;224;113;30;47;25;23;29;7;0;0;0;0;0
47523;547;2018;Delantero;5;93;3;6.480645;0;0;5;1;18;3;63.4;2;0;1;33;13;2;6;10;6;2;1;0;0;0;0;0
47524;547;2018;Delantero;17;535;11;6.55028;2;0;15;9;50;1;60.18;1;0;3;95;27;5;10;17;12;2;2;0;0;0;0;0
47525;547;2018;Delantero;20;729;14;6.568313;0;0;23;11;122;4;62.75;5;1;0;148;45;10;42;14;5;6;4;1;0;0;0;0
64268;547;2018;Defensa;1;19;0;6.6;0;0;0;0;5;0;83.0;1;0;0;2;2;1;0;0;0;0;0;0;0;0;0;0
2874;548;2018;Defensa;25;1929;24;6.8155;1;0;6;1;1023;4;76.6;9;19;31;122;68;13;17;4;2;8;2;0;0;0;0;0
2924;548;2018;Mediocentro;20;1252;18;7.111581;1;3;32;6;325;31;77.2;8;0;6;243;114;35;16;105;65;10;1;0;0;0;0;0
47295;548;2018;Portero;11;990;11;6.681818;0;0;0;0;257;0;78.45;1;0;1;8;7;1;0;1;1;1;1;0;0;11;22;0
47296;548;2018;Portero;27;2430;27;6.781481;0;0;0;0;677;1;68.44;1;0;1;22;17;3;1;0;0;2;3;0;0;35;77;1
47298;548;2018;Defensa;27;2253;27;6.922992;1;0;10;5;874;9;77.04;29;7;39;234;154;27;22;19;16;15;5;0;0;0;0;0
47299;548;2018;Defensa;7;454;6;6.7;0;0;2;0;166;4;80.57;9;1;4;56;28;5;5;7;1;5;0;0;0;0;0;0
47300;548;2018;Defensa;24;1976;22;6.761437;1;2;24;5;753;18;81.75;33;5;33;315;188;70;29;83;42;16;5;1;0;0;0;0
47301;548;2018;Defensa;4;283;3;6.877032;0;1;2;0;194;2;88.0;2;0;4;23;16;2;3;1;1;2;1;0;0;0;0;0
47302;548;2018;Defensa;21;1755;21;6.88735;0;0;7;1;931;2;83.24;15;15;26;175;98;13;20;4;2;12;5;0;0;0;0;0
47303;548;2018;Defensa;11;954;11;6.721593;0;0;2;0;294;7;69.82;8;9;7;105;54;6;6;31;20;9;0;0;0;0;0;0
47304;548;2018;Defensa;7;483;7;6.895238;0;0;2;1;135;6;64.86;11;3;8;79;42;6;5;13;9;8;1;0;0;0;0;0
47305;548;2018;Defensa;16;1311;16;6.971167;0;0;5;0;748;6;79.12;14;9;20;101;68;13;10;4;4;8;4;0;0;0;0;0
47306;548;2018;Defensa;1;90;1;7.4;0;0;2;1;42;1;80.0;3;0;1;18;10;2;1;7;4;1;0;0;0;0;0;0
47307;548;2018;Defensa;26;2141;26;6.843017;1;2;5;2;696;14;75.46;27;3;38;270;166;64;33;37;20;17;7;0;0;0;0;0
47309;548;2018;Mediocentro;1;90;1;7.0;0;0;3;0;41;1;97.0;1;0;1;15;8;1;2;3;3;4;0;0;0;0;0;0
47310;548;2018;Mediocentro;23;1822;21;6.900933;1;1;14;4;1051;11;83.78;24;9;31;236;109;35;34;10;7;30;8;0;0;0;0;0
47311;548;2018;Mediocentro;29;2060;26;6.824563;3;3;24;10;867;13;79.21;28;2;29;406;199;37;70;42;29;38;10;1;0;0;0;0
47312;548;2018;Mediocentro;24;1373;19;7.027822;1;2;21;4;667;38;79.75;7;6;21;96;38;10;13;13;8;13;3;0;0;0;0;0
47313;548;2018;Mediocentro;18;999;15;6.682583;1;3;11;5;268;11;72.89;13;1;5;134;61;17;11;23;16;17;0;0;0;0;0;0
47314;548;2018;Mediocentro;33;2560;31;6.82668;0;1;15;4;1030;8;85.27;35;6;45;324;171;13;37;44;38;32;7;0;0;0;0;0
47315;548;2018;Mediocentro;1;11;0;6.8;0;0;0;0;1;1;25.0;0;0;0;2;1;0;0;0;0;1;0;0;0;0;0;0
47316;548;2018;Mediocentro;21;1223;19;6.785609;2;0;10;2;487;10;74.95;16;4;24;199;102;36;18;11;5;14;2;0;0;0;0;0
47317;548;2018;Delantero;9;408;6;6.617892;1;0;5;1;82;7;77.22;2;0;4;80;34;6;12;32;19;6;0;0;0;0;0;0
47318;548;2018;Delantero;18;597;9;6.839196;1;0;20;5;84;4;62.11;3;1;5;162;71;9;14;8;5;3;1;0;0;0;0;0
47319;548;2018;Delantero;31;2374;29;7.050084;11;5;55;26;565;37;72.84;3;5;1;242;97;31;34;30;19;5;5;1;5;0;0;0
47320;548;2018;Delantero;30;1529;25;6.798561;5;2;43;21;288;10;79.9;12;0;16;190;83;27;27;19;16;14;5;1;0;0;0;0
47321;548;2018;Delantero;1;28;0;6.5;0;0;0;0;1;0;33.0;0;0;1;4;1;0;1;0;0;1;0;0;0;0;0;0
47322;548;2018;Delantero;1;4;1;0.0;0;0;0;0;0;0;0.0;0;0;0;1;0;0;0;1;0;0;0;0;0;0;0;0
47323;548;2018;Mediocentro;37;3159;36;6.840298;13;2;66;28;683;47;72.54;20;3;14;421;164;38;32;95;47;37;2;0;3;0;0;0
47324;548;2018;Delantero;24;1055;15;6.886066;0;0;42;12;267;19;73.04;10;1;9;134;64;24;19;32;12;7;4;0;0;0;0;0
2717;720;2018;Mediocentro;18;992;15;6.607964;1;0;9;4;284;2;68.61;18;1;11;145;71;14;27;6;4;7;5;0;0;0;0;0
3365;720;2018;Mediocentro;1;9;0;6.7;0;0;0;0;0;0;0.0;0;0;1;1;1;1;0;0;0;0;0;0;0;0;0;0
46744;720;2018;Delantero;12;519;9;6.663006;2;0;10;3;119;2;82.42;3;1;1;45;18;9;5;8;4;2;0;0;0;0;0;0
46892;720;2018;Mediocentro;3;17;1;6.482353;0;0;1;0;10;0;93.33;0;0;0;5;0;0;1;1;0;0;0;0;0;0;0;0
47474;720;2018;Portero;34;3060;34;6.814706;0;0;0;0;422;1;46.85;1;0;1;8;6;1;0;0;0;0;1;0;0;44;99;1
47476;720;2018;Portero;3;270;3;5.933333;0;0;0;0;42;0;46.0;0;0;0;0;0;0;0;0;0;0;0;0;0;6;6;0
47478;720;2018;Defensa;35;3044;34;6.834494;1;0;10;2;1191;5;80.31;31;31;54;274;137;12;34;12;12;15;7;0;0;0;0;0
47479;720;2018;Defensa;3;270;3;6.733333;0;0;2;0;50;3;66.67;6;1;3;25;15;3;4;2;2;1;1;0;0;0;0;0
47481;720;2018;Defensa;34;3060;34;7.011765;1;3;17;6;965;43;69.18;65;10;44;294;183;35;28;23;13;33;10;0;0;0;0;0
47482;720;2018;Defensa;26;2024;26;6.698518;0;0;6;2;510;9;69.96;16;9;23;141;74;21;8;8;7;14;3;0;0;0;0;0
47483;720;2018;Defensa;34;3012;34;6.842829;0;0;6;1;1165;4;87.21;38;18;46;273;167;35;16;19;19;26;6;0;0;0;0;0
47484;720;2018;Defensa;29;1846;22;6.576381;2;1;8;2;498;23;75.9;20;8;18;190;80;12;29;40;22;23;5;0;0;0;0;0
47485;720;2018;Mediocentro;33;2888;33;6.931579;3;2;51;11;1405;21;82.15;52;9;34;490;264;103;67;29;22;53;12;0;0;0;0;0
47486;720;2018;Mediocentro;19;844;14;6.668128;0;0;5;1;299;1;62.74;12;2;14;113;61;6;17;1;1;10;3;0;0;0;0;0
47487;720;2018;Defensa;13;844;10;6.822867;1;0;7;2;241;1;72.23;9;7;17;98;61;8;8;0;0;8;2;0;0;0;0;0
47488;720;2018;Mediocentro;25;1478;23;6.650068;2;1;20;11;287;13;70.68;17;1;12;221;96;21;30;50;28;29;2;0;0;0;0;0
47489;720;2018;Mediocentro;34;2492;30;7.005738;1;2;21;5;1349;54;83.65;38;4;41;294;124;22;43;29;21;54;9;0;0;0;0;0
47490;720;2018;Mediocentro;3;161;3;6.835404;0;0;3;1;45;2;84.67;0;0;2;9;6;3;1;2;1;1;1;0;0;0;0;0
47492;720;2018;Mediocentro;26;1774;24;6.790023;2;2;35;14;430;24;72.85;32;0;12;315;149;41;28;86;54;27;3;0;0;0;0;0
47493;720;2018;Delantero;18;686;12;6.499854;0;0;16;5;113;10;57.17;4;3;3;86;28;8;6;7;1;8;2;0;0;0;0;0
47494;720;2018;Delantero;2;11;2;6.363636;0;0;2;1;4;0;75.0;0;0;1;5;2;1;0;0;0;1;0;0;0;0;0;0
47495;720;2018;Delantero;16;1426;16;6.846564;2;1;45;15;219;7;67.06;10;0;5;273;106;28;36;33;17;10;0;0;0;0;0;0
47496;720;2018;Mediocentro;32;2606;31;6.861128;3;4;45;14;576;29;76.91;44;3;20;394;186;65;65;41;25;32;8;0;0;0;0;0
47497;720;2018;Delantero;2;36;2;6.538889;0;0;0;0;4;0;80.0;0;0;0;8;3;3;1;0;0;0;0;0;0;0;0;0
47498;720;2018;Delantero;8;493;6;6.722718;1;0;12;7;90;6;66.25;2;0;1;44;15;2;7;12;7;5;1;0;0;0;0;0
47499;720;2018;Delantero;32;2125;27;6.801035;6;3;51;15;361;19;69.56;9;4;2;423;167;38;41;37;17;19;7;0;3;0;0;0
47500;720;2018;Delantero;21;620;11;6.630161;1;0;23;8;178;12;67.9;3;0;7;65;27;11;3;21;9;5;1;0;0;0;0;0
104792;720;2018;Delantero;1;64;1;6.4;0;0;0;0;3;0;30.0;1;0;0;22;11;2;2;1;0;0;0;0;0;0;0;0
1042;726;2018;Mediocentro;4;117;2;6.484615;0;0;0;0;71;1;63.75;3;0;1;13;7;2;2;0;0;1;0;0;0;0;0;0
2446;726;2018;Mediocentro;14;672;10;6.715625;2;2;15;3;164;9;75.14;6;0;5;106;47;15;13;19;8;8;2;0;1;0;0;0
2449;726;2018;Mediocentro;16;1158;15;6.555959;0;0;14;2;328;4;74.0;24;1;14;221;117;23;32;29;15;20;5;0;0;0;0;0
31626;726;2018;Delantero;15;551;11;6.517423;1;2;10;4;52;6;60.13;3;0;1;119;39;7;16;16;8;6;4;0;0;0;0;0
41173;726;2018;Defensa;11;848;11;6.721344;0;0;6;0;312;1;85.82;16;9;16;108;62;6;12;8;3;3;4;0;0;0;0;0
46812;726;2018;Portero;6;540;6;6.15;0;0;0;0;70;0;46.17;0;0;0;1;0;0;1;0;0;0;0;0;0;16;17;0
46814;726;2018;Defensa;1;66;1;6.3;0;0;0;0;10;0;66.0;0;0;0;3;3;1;0;0;0;0;0;0;0;0;0;0
47558;726;2018;Portero;12;1080;12;6.408333;0;0;0;0;135;0;43.08;0;0;1;5;4;2;1;0;0;0;1;0;0;19;28;0
47559;726;2018;Portero;20;1800;20;6.88;0;0;0;0;273;1;49.75;0;0;1;3;3;3;0;0;0;0;1;0;0;30;69;0
47561;726;2018;Defensa;13;1012;13;6.63419;0;0;7;1;265;3;76.15;15;2;22;121;68;13;16;14;8;14;2;0;0;0;0;0
47563;726;2018;Defensa;7;509;7;6.513163;0;0;3;1;169;3;72.0;10;1;16;52;27;8;8;7;5;7;4;0;0;0;0;0
47564;726;2018;Defensa;9;749;9;6.634179;0;0;1;1;149;1;74.11;10;4;12;79;48;9;9;7;6;7;3;0;0;0;0;0
47565;726;2018;Defensa;31;2678;30;6.755265;4;0;24;8;663;3;73.0;23;25;39;250;138;12;34;2;1;21;11;0;0;0;0;0
47566;726;2018;Defensa;16;1440;16;6.825;0;2;2;0;258;17;63.0;39;1;19;224;129;22;15;51;29;25;7;0;0;0;0;0
47567;726;2018;Defensa;9;699;8;6.735908;2;0;5;3;180;0;78.11;9;3;22;93;61;16;12;0;0;5;2;0;0;0;0;0
47568;726;2018;Defensa;30;2496;30;6.965905;1;0;12;4;738;27;72.33;54;11;44;249;149;13;26;52;34;19;5;0;0;0;0;0
47569;726;2018;Defensa;32;2788;32;6.794154;3;3;19;7;694;12;74.25;41;18;49;304;169;32;50;11;5;19;9;2;0;0;0;0
47571;726;2018;Mediocentro;6;347;6;6.676657;0;0;3;1;164;0;88.83;2;2;4;25;13;6;3;1;1;3;0;0;0;0;0;0
47572;726;2018;Mediocentro;3;34;1;6.479412;0;0;3;2;12;2;53.33;1;0;0;10;4;0;0;2;2;0;0;0;0;0;0;0
47573;726;2018;Mediocentro;35;2276;29;6.789367;1;3;36;13;560;51;73.2;22;1;24;272;104;36;42;39;25;53;5;0;0;0;0;0
47574;726;2018;Mediocentro;36;3061;35;6.827017;2;7;25;8;1176;51;81.72;28;3;28;290;121;25;47;56;33;35;3;0;0;0;0;0
47576;726;2018;Mediocentro;22;1346;16;6.555795;2;1;22;7;617;22;85.82;23;4;2;197;80;17;32;29;13;37;3;0;1;0;0;0
47577;726;2018;Mediocentro;24;1697;22;6.712493;0;0;13;2;623;8;75.88;34;11;33;228;117;17;47;2;1;17;11;0;0;0;0;0
47578;726;2018;Mediocentro;22;1694;20;6.835714;2;0;14;7;542;12;75.0;25;4;31;179;90;11;18;25;18;14;2;0;0;0;0;0
47579;726;2018;Delantero;34;1997;28;7.015123;10;2;88;24;284;23;51.97;10;2;13;329;154;46;38;46;22;22;12;1;1;0;0;0
47580;726;2018;Mediocentro;25;1002;17;6.867166;4;1;27;10;304;29;71.88;9;1;9;121;53;16;6;46;19;11;2;0;1;0;0;0
47581;726;2018;Delantero;19;1541;18;6.973199;5;1;32;13;206;15;56.05;15;2;8;367;160;29;45;40;14;16;4;0;0;0;0;0
47582;726;2018;Delantero;34;2150;30;6.954419;4;3;80;24;381;32;68.44;13;2;9;393;157;40;33;75;37;12;6;0;2;0;0;0
50180;726;2018;Mediocentro;13;479;8;6.465344;0;1;7;2;98;6;70.23;5;0;1;79;28;11;5;14;7;8;2;0;0;0;0;0
90646;726;2018;Defensa;10;779;10;6.649166;0;0;2;1;192;1;75.7;10;0;12;100;53;4;16;1;1;7;4;0;0;0;0;0
2419;728;2018;Defensa;28;2391;27;6.794814;1;3;17;5;772;17;81.61;38;2;19;298;161;46;48;53;39;10;6;2;0;0;0;0
46898;728;2018;Delantero;9;132;5;6.585606;0;0;3;2;22;3;69.22;1;0;0;40;17;4;7;8;6;3;0;0;0;0;0;0
47049;728;2018;Defensa;1;90;1;6.2;0;0;0;0;47;0;90.0;0;0;2;8;5;1;0;2;2;2;0;0;0;0;0;0
47527;728;2018;Portero;21;1890;21;6.685714;0;0;0;0;306;0;58.1;0;0;0;13;12;4;1;0;0;1;3;0;0;35;60;0
47528;728;2018;Portero;17;1530;17;6.664706;0;0;0;0;308;0;65.59;1;0;2;6;4;2;0;0;0;2;1;0;0;35;54;1
47530;728;2018;Defensa;2;180;2;6.35;0;1;0;0;55;1;85.0;3;0;1;19;8;2;2;2;2;0;0;0;0;0;0;0
47531;728;2018;Defensa;31;2764;31;6.591679;0;0;5;1;1058;5;82.16;31;10;43;258;135;9;47;28;24;18;10;0;0;0;0;0
47532;728;2018;Defensa;26;2111;26;6.934676;1;0;9;4;864;2;81.23;33;18;29;197;131;13;24;5;4;10;4;2;0;0;0;0
47533;728;2018;Defensa;2;177;2;6.989831;0;0;3;1;85;0;85.0;4;2;8;19;12;2;4;0;0;0;1;0;0;0;0;0
47534;728;2018;Defensa;17;1418;17;6.699154;1;0;7;3;558;4;80.12;28;2;45;155;87;13;22;2;1;14;6;0;0;0;0;0
47537;728;2018;Defensa;15;1099;14;6.407097;0;0;1;1;375;6;71.53;9;2;17;110;50;14;6;7;2;15;2;0;0;0;0;0
47538;728;2018;Defensa;18;1275;14;7.01451;0;2;8;3;350;7;68.61;32;7;47;187;111;6;30;17;15;14;8;0;0;0;0;0
47539;728;2018;Mediocentro;6;372;5;6.596774;0;0;1;0;184;1;86.17;4;1;6;47;21;4;12;3;3;5;2;0;0;0;0;0
47541;728;2018;Mediocentro;25;2032;23;6.687156;1;1;8;1;906;13;83.52;35;5;30;303;146;28;28;37;26;39;6;0;0;0;0;0
47542;728;2018;Mediocentro;5;285;3;6.836491;0;0;2;0;115;3;72.8;5;1;6;36;21;2;4;2;1;3;1;0;0;0;0;0
47543;728;2018;Mediocentro;35;1763;25;6.655133;4;2;27;10;290;20;68.57;19;0;19;137;51;17;15;22;10;21;3;0;0;0;0;0
47544;728;2018;Mediocentro;22;1739;22;6.745601;1;1;21;4;647;22;90.36;7;3;8;225;119;39;27;72;57;7;7;0;0;0;0;0
47545;728;2018;Mediocentro;12;720;11;6.459583;1;0;6;1;177;5;74.83;7;1;9;95;38;5;9;30;16;8;1;0;1;0;0;0
47546;728;2018;Mediocentro;21;1152;18;6.936285;3;0;24;9;604;29;80.43;8;1;17;141;64;18;25;31;20;15;8;1;0;0;0;0
47547;728;2018;Defensa;36;3139;36;6.683084;1;1;25;7;838;34;75.72;40;9;41;389;192;44;41;106;57;25;5;0;0;0;0;0
47549;728;2018;Mediocentro;29;1617;22;6.648361;3;0;22;10;589;30;80.66;10;1;4;232;106;23;12;86;63;21;4;0;0;0;0;0
47550;728;2018;Mediocentro;14;1026;14;6.894152;2;0;18;4;457;10;80.0;23;3;14;176;105;26;21;21;15;13;5;0;0;0;0;0
47551;728;2018;Delantero;33;2818;33;6.975302;14;1;115;47;377;18;80.82;3;4;9;364;136;37;61;81;48;12;5;0;0;0;0;0
47552;728;2018;Delantero;6;175;2;6.433714;0;0;0;0;23;0;56.17;2;0;0;30;15;4;5;4;1;1;1;1;0;0;0;0
47553;728;2018;Delantero;27;1296;21;6.648225;1;1;59;12;264;22;62.44;9;1;9;190;87;9;22;60;35;10;6;0;0;0;0;0
47554;728;2018;Mediocentro;36;2294;34;6.953967;5;6;49;18;420;55;69.83;26;2;29;386;158;36;44;100;48;39;5;1;3;0;0;0
47555;728;2018;Delantero;8;240;5;6.86625;0;1;7;1;58;3;73.5;3;0;1;39;20;3;3;6;4;3;0;0;0;0;0;0
47556;728;2018;Delantero;1;13;1;6.4;0;0;1;1;2;0;100.0;0;0;0;1;1;1;0;0;0;0;0;0;0;0;0;0
47557;728;2018;Mediocentro;26;1779;22;6.739685;1;4;20;6;659;29;76.35;41;2;18;343;162;43;47;63;34;25;7;1;1;0;0;0
56;529;2019;Delantero;35;2568;31;7.105413;9;4;55;23;916;35;79.57;30;3;11;13;7;21;10;34;20;25;2;0;0;0;0;0
127;529;2019;Portero;36;3259;36;6.872783;0;2;0;0;1082;2;86.72;2;0;2;1;1;2;0;0;0;1;1;0;0;36;81;1
128;529;2019;Defensa;27;2201;26;7.123262;2;5;7;3;1686;30;88.04;20;3;37;24;9;18;18;21;12;19;7;0;0;0;0;0
130;529;2019;Defensa;32;2117;28;6.940198;1;2;8;2;1325;12;87.12;49;2;23;22;14;30;21;68;49;16;2;0;0;0;0;0
133;529;2019;Defensa;28;2441;28;6.97796;2;1;10;3;1976;6;91.39;39;12;36;34;17;25;32;9;5;16;11;2;0;0;0;0
136;529;2019;Defensa;35;3108;35;7.120914;1;0;14;7;2460;5;91.06;29;23;37;42;29;19;32;8;6;11;15;0;0;0;0;0
137;529;2019;Defensa;30;2341;27;7.023494;1;2;6;2;1846;25;90.4;35;3;33;38;23;39;18;24;16;10;7;0;0;0;0;0
138;529;2019;Defensa;2;81;2;6.6;0;0;0;0;49;0;97.5;1;0;0;0;0;0;1;1;0;1;0;0;0;0;0;0
139;529;2019;Defensa;13;957;11;6.914002;0;0;0;0;740;0;89.85;11;2;22;0;0;16;20;10;8;3;6;0;0;0;0;0
141;529;2019;Defensa;1;90;1;7.1;0;0;0;0;52;0;88.0;2;0;1;0;0;0;1;3;3;0;0;0;0;0;0;0
142;529;2019;Delantero;3;187;3;7.071658;0;0;6;1;138;5;89.33;2;0;1;0;0;12;3;10;4;1;0;0;0;0;0;0
143;529;2019;Mediocentro;4;170;3;6.637647;0;0;1;1;141;0;95.5;2;0;0;0;0;2;3;3;2;3;0;0;0;0;0;0
144;529;2019;Mediocentro;33;2492;30;7.295225;2;2;10;4;2315;23;89.58;76;5;45;40;23;51;46;28;24;30;10;0;0;0;0;0
146;529;2019;Mediocentro;1;9;1;6.6;0;0;0;0;9;0;90.0;0;0;0;0;0;0;0;0;0;0;0;0;0;0;0;0
148;529;2019;Mediocentro;11;531;5;7.152542;0;2;8;5;381;10;89.73;10;0;5;26;12;11;9;13;12;12;1;0;0;0;0;0
149;529;2019;Mediocentro;31;1607;23;7.008712;1;3;24;7;1309;18;86.68;27;6;15;20;12;38;20;17;10;16;5;0;0;0;0;0
150;529;2019;Mediocentro;21;1200;16;7.174417;3;3;8;5;932;12;92.38;12;0;3;0;0;44;11;35;32;8;1;0;0;0;0;0
151;529;2019;Mediocentro;33;1678;24;6.972884;8;2;25;14;1080;23;86.85;60;7;16;35;20;23;44;14;8;35;4;0;0;0;0;0
153;529;2019;Delantero;5;358;3;6.87486;1;0;5;2;184;8;77.0;1;0;0;0;0;5;1;31;15;3;1;1;0;0;0;0
154;529;2019;Delantero;33;2899;33;8.446913;25;20;159;71;1632;90;81.67;19;0;7;59;33;70;20;255;176;18;4;0;5;0;0;0
157;529;2019;Delantero;28;2014;22;7.22145;16;8;79;42;495;26;75.61;3;1;1;18;6;25;15;47;23;10;4;0;1;0;0;0
538;529;2019;Mediocentro;29;2120;24;7.010755;2;2;4;4;1504;25;90.69;20;7;21;8;7;31;23;58;47;15;3;1;0;0;0;0
912;529;2019;Portero;2;180;2;6.6;0;0;0;0;49;0;89.0;0;0;0;0;0;0;0;0;0;0;0;0;0;2;1;0
1564;529;2019;Defensa;17;1031;11;6.839573;1;1;4;1;659;10;86.24;17;3;15;9;4;16;35;17;9;6;5;0;0;0;0;0
2737;529;2019;Delantero;11;414;5;6.729469;1;0;13;8;98;2;76.0;2;0;1;14;6;7;8;9;7;8;1;0;0;0;0;0
67955;529;2019;Delantero;10;481;7;6.879418;1;2;14;6;224;7;84.9;4;2;1;0;0;4;4;17;8;12;0;0;0;0;0;0
101814;529;2019;Defensa;6;242;2;7.047521;0;0;1;0;192;0;78.0;3;3;1;13;8;1;2;1;1;0;0;1;0;0;0;0
107147;529;2019;Delantero;1;45;1;7.3;1;0;2;2;18;0;90.0;0;0;1;0;0;0;1;1;0;0;0;0;0;0;0;0
135775;529;2019;Delantero;23;1006;15;7.022565;6;1;31;10;411;18;78.35;17;1;6;22;7;19;18;53;24;10;2;1;0;0;0;0
27;530;2019;Portero;1;24;1;6.6;0;0;0;0;3;0;60.0;0;0;0;0;0;0;0;0;0;0;0;0;0;2;1;0
29;530;2019;Portero;38;3415;38;6.894407;0;0;0;0;458;0;55.32;0;0;1;0;0;7;0;1;1;0;0;0;0;27;88;0
30;530;2019;Defensa;14;1086;12;7.157735;0;1;6;2;399;11;76.43;35;7;23;30;16;16;8;7;4;9;1;0;0;0;0;0
31;530;2019;Defensa;21;1772;19;7.013826;0;0;11;2;788;0;83.52;19;7;23;24;14;15;14;3;3;4;2;0;0;0;0;0
39;530;2019;Defensa;22;1995;22;6.887368;0;0;3;2;874;2;78.86;24;10;23;25;15;10;15;3;2;6;6;0;0;0;0;0
45;530;2019;Mediocentro;22;939;13;6.638978;0;0;11;3;299;7;77.82;11;1;6;5;2;11;7;31;20;9;2;0;0;0;0;0
46;530;2019;Mediocentro;28;1228;14;6.841287;3;2;17;10;418;13;82.04;15;0;10;25;13;43;26;53;32;12;3;0;0;0;0;0
47;530;2019;Mediocentro;1;3;0;0.0;0;0;0;0;0;0;0.0;0;0;0;0;0;0;0;0;0;0;0;0;0;0;0;0
48;530;2019;Mediocentro;35;3086;35;7.06429;6;0;44;12;1319;15;78.06;92;13;57;31;13;26;63;38;25;48;10;0;2;0;0;0
49;530;2019;Mediocentro;35;2570;30;7.107588;3;0;32;8;1367;20;84.0;67;8;49;27;21;32;48;60;54;32;13;0;0;0;0;0
50;530;2019;Mediocentro;32;2712;31;7.088754;4;5;23;9;1396;57;84.97;69;8;31;48;25;33;23;19;14;61;5;0;0;0;0;0
52;530;2019;Delantero;2;27;2;6.5;0;0;0;0;2;0;25.0;0;0;0;0;0;1;0;0;0;0;0;0;0;0;0;0
53;530;2019;Mediocentro;33;2083;26;6.748872;5;6;43;16;422;30;74.91;25;5;14;27;8;41;26;67;36;25;5;0;0;0;0;0
54;530;2019;Delantero;23;1354;16;6.912408;5;4;35;10;245;15;68.17;9;2;3;50;23;20;20;19;11;10;5;0;2;0;0;0
59;530;2019;Delantero;34;2114;28;7.010028;12;2;69;31;323;25;64.44;15;2;5;47;22;59;54;26;17;12;6;1;2;0;0;0
169;530;2019;Defensa;25;1984;24;7.277571;0;4;3;0;720;41;75.0;44;6;23;13;6;13;20;18;13;20;2;0;0;0;0;0
199;530;2019;Defensa;5;363;5;7.067769;0;1;0;0;88;3;65.2;6;3;8;0;0;3;7;0;0;1;3;0;0;0;0;0
371;530;2019;Defensa;25;2105;24;6.991496;1;0;19;5;707;4;72.36;26;13;43;19;12;14;30;6;4;10;7;0;0;0;0;0
382;530;2019;Mediocentro;21;1143;14;7.160105;0;2;14;1;657;21;87.43;28;6;17;11;7;13;18;13;12;16;1;0;0;0;0;0
583;530;2019;Delantero;27;1755;23;6.856182;6;1;64;18;400;15;78.7;8;0;11;11;2;39;33;55;21;10;6;0;0;0;0;0
753;530;2019;Mediocentro;29;1396;21;6.835387;3;3;14;5;379;15;77.21;29;4;12;42;16;13;24;32;26;13;4;0;0;0;0;0
2669;530;2019;Defensa;17;1224;15;6.766993;0;0;3;2;496;2;78.71;14;5;12;5;1;9;18;7;7;9;3;1;0;0;0;0
2923;530;2019;Mediocentro;15;644;8;6.556677;1;2;16;6;158;11;76.67;11;0;5;31;14;13;8;30;17;14;2;0;0;0;0;0
10122;530;2019;Defensa;32;2414;29;6.974068;1;2;18;3;677;20;75.53;64;8;42;39;24;44;42;29;16;24;6;1;0;0;0;0
41595;530;2019;Delantero;2;21;0;6.195238;0;0;1;0;0;0;0.0;0;0;0;1;0;0;1;0;0;0;0;0;0;0;0;0
64309;530;2019;Defensa;4;267;3;6.71573;0;0;0;0;91;2;70.5;12;0;7;28;14;3;6;5;1;7;0;0;0;0;0;0
104835;530;2019;Delantero;1;12;1;6.8;0;0;1;0;3;1;60.0;1;0;0;0;0;0;0;0;0;0;0;0;0;0;0;0
136117;530;2019;Mediocentro;1;12;0;6.5;0;0;1;0;1;0;50.0;0;0;0;0;0;1;0;0;0;0;0;0;0;0;0;0
161963;530;2019;Delantero;1;8;0;6.9;0;0;0;0;1;1;50.0;0;0;0;0;0;0;0;0;0;0;0;0;0;0;0;0
163241;530;2019;Mediocentro;1;3;1;0.0;0;0;0;0;2;0;100.0;0;0;0;0;0;0;0;0;0;0;0;0;0;0;0;0
181868;530;2019;Defensa;1;63;1;6.6;0;0;0;0;11;2;84.0;0;0;0;0;0;0;2;1;1;0;1;0;0;0;0;0
2670;531;2019;Defensa;33;3004;33;7.008722;1;1;27;4;1178;10;75.82;47;13;39;42;25;36;30;12;7;19;10;0;0;0;0;0
2672;531;2019;Mediocentro;31;2406;29;6.959684;5;2;27;13;876;37;86.13;23;0;13;60;30;55;28;99;61;20;4;1;0;0;0;0
47267;531;2019;Portero;5;424;4;6.348585;0;0;0;0;75;0;54.0;0;0;0;0;0;0;0;0;0;0;0;0;0;7;10;0
47270;531;2019;Portero;34;3032;34;6.907685;0;0;0;0;527;0;55.35;0;0;1;2;0;2;2;1;0;1;2;1;0;29;82;0
47271;531;2019;Defensa;32;2831;32;7.030131;0;0;12;2;1152;5;75.91;34;22;60;18;12;32;18;15;12;13;2;0;0;0;0;0
47272;531;2019;Defensa;9;578;6;6.626125;0;0;3;0;138;2;68.78;15;1;1;9;5;3;6;3;3;2;1;0;0;0;0;0
47273;531;2019;Defensa;33;2869;32;6.982747;2;1;35;9;1049;30;80.73;45;4;30;30;17;49;32;70;44;19;7;0;0;0;0;0
47274;531;2019;Defensa;35;2910;32;6.898832;3;4;16;7;862;23;74.29;58;7;29;40;26;15;46;85;57;36;10;0;0;0;0;0
47275;531;2019;Defensa;13;569;7;6.60123;0;1;2;0;133;7;81.62;5;1;8;20;6;3;9;5;2;3;1;0;0;0;0;0
47276;531;2019;Defensa;14;635;8;6.633386;0;1;3;0;154;8;74.79;22;0;4;16;7;2;13;39;13;3;0;0;0;0;0;0
47277;531;2019;Defensa;20;1601;17;6.836102;0;0;7;3;593;3;78.45;14;16;24;33;23;11;17;7;5;8;7;0;0;0;0;0
47279;531;2019;Mediocentro;24;1462;22;6.64829;1;4;28;7;303;12;73.21;34;2;17;25;15;14;27;27;13;35;4;0;0;0;0;0
47280;531;2019;Mediocentro;11;395;6;6.723544;0;0;5;2;151;10;83.82;5;1;3;0;0;2;2;1;0;12;0;0;0;0;0;0
47281;531;2019;Mediocentro;36;3055;34;6.687267;0;1;14;0;1230;14;79.53;53;6;50;32;12;37;61;16;10;58;11;0;0;0;0;0
47282;531;2019;Mediocentro;35;2898;34;7.024051;15;1;82;34;522;22;54.46;52;6;23;98;44;59;78;27;9;58;11;0;7;0;0;0
47283;531;2019;Mediocentro;17;698;8;6.839685;0;0;14;4;171;15;82.12;5;0;3;5;1;3;3;16;11;5;0;0;0;0;0;0
47285;531;2019;Mediocentro;26;1808;25;7.027102;1;4;28;9;973;34;86.12;30;2;17;35;14;17;37;19;13;32;6;0;0;0;0;0
47288;531;2019;Mediocentro;9;355;6;6.740282;0;0;5;1;94;1;64.56;9;1;9;0;0;1;6;4;1;8;2;0;0;0;0;0
47290;531;2019;Delantero;14;213;6;6.526291;1;0;7;3;32;0;58.79;2;0;0;0;0;1;7;2;1;0;3;0;0;0;0;0
47292;531;2019;Delantero;12;379;7;6.556728;1;0;4;2;51;1;67.0;1;0;0;5;1;6;5;3;2;2;0;0;0;0;0;0
47294;531;2019;Delantero;38;2970;35;6.74064;6;1;48;23;479;26;73.66;13;2;5;47;19;47;30;85;46;14;3;0;1;0;0;0
47418;531;2019;Mediocentro;20;1311;15;6.667887;0;1;13;2;429;7;80.1;25;7;31;49;21;11;27;7;5;36;3;0;0;0;0;0
104853;531;2019;Delantero;19;553;7;6.603617;3;0;17;6;66;1;69.74;0;0;1;18;8;11;16;11;5;3;0;0;0;0;0;0
128365;531;2019;Mediocentro;10;261;8;6.327586;0;0;3;1;40;1;44.5;2;0;0;0;0;3;6;7;1;0;0;0;0;0;0;0
128398;531;2019;Mediocentro;17;763;10;6.611009;1;1;10;5;159;10;81.76;11;0;2;29;12;15;16;28;16;7;1;0;0;0;0;0
182639;531;2019;Mediocentro;1;74;1;6.9;0;0;1;0;31;1;86.0;0;0;0;0;0;1;0;0;0;0;1;0;0;0;0;0
124;532;2019;Portero;24;2100;24;6.993143;0;1;0;0;352;1;57.96;0;0;3;2;2;3;0;0;0;1;1;0;0;30;80;2
769;532;2019;Defensa;12;755;9;6.824768;0;0;8;1;288;5;79.42;13;1;15;20;12;5;7;9;7;10;1;1;0;0;0;0
911;532;2019;Portero;15;1323;15;7.006803;0;0;0;0;237;1;60.4;0;0;1;0;0;0;0;0;0;1;1;0;0;25;58;0
915;532;2019;Defensa;33;2802;32;6.970557;1;1;8;2;1544;1;86.85;20;29;50;31;22;25;16;7;7;10;5;0;0;0;0;0
916;532;2019;Defensa;21;1445;17;6.850796;0;0;1;1;718;2;83.33;10;15;12;22;15;14;17;6;6;3;5;0;0;0;0;0
917;532;2019;Defensa;17;1438;17;6.831293;0;0;6;3;765;3;86.76;12;16;14;0;0;1;10;0;0;4;2;0;0;0;0;0
918;532;2019;Defensa;24;1999;24;6.825913;0;1;8;2;632;12;79.29;37;9;18;0;0;29;15;51;28;13;5;0;0;0;0;0
919;532;2019;Defensa;6;498;6;6.753614;0;0;0;0;289;0;90.5;8;2;7;7;5;9;8;3;0;6;3;0;0;0;0;0
921;532;2019;Defensa;2;75;1;7.182667;0;0;1;0;34;0;70.5;4;0;2;0;0;1;1;2;2;0;0;0;0;0;0;0
923;532;2019;Mediocentro;24;942;11;6.496497;1;2;22;7;212;6;72.96;14;1;7;25;6;13;23;22;11;15;5;0;0;0;0;0
924;532;2019;Mediocentro;26;1912;23;6.794665;0;0;9;1;888;6;88.27;31;8;39;35;19;28;34;28;21;20;8;1;0;0;0;0
925;532;2019;Mediocentro;21;1271;16;6.770889;2;2;23;9;342;17;75.14;18;1;8;56;26;43;16;61;38;27;3;0;0;0;0;0
926;532;2019;Mediocentro;27;1828;21;6.970624;1;1;19;4;930;6;85.44;55;4;56;54;34;31;35;25;18;31;6;0;0;0;0;0
927;532;2019;Mediocentro;17;463;9;6.786609;2;0;11;4;176;7;78.18;4;0;2;7;3;8;8;14;11;3;1;2;0;0;0;0
928;532;2019;Mediocentro;35;3030;35;7.291254;8;3;34;16;1935;58;85.4;63;10;23;49;30;92;24;54;38;68;6;1;5;0;0;0
930;532;2019;Mediocentro;28;2071;26;6.605022;2;0;18;4;568;15;78.82;21;6;9;37;17;25;22;25;15;30;4;0;0;0;0;0
931;532;2019;Mediocentro;34;2276;29;6.84319;4;5;33;10;514;24;76.44;22;3;14;23;12;39;20;92;52;21;4;0;0;0;0;0
932;532;2019;Defensa;35;2744;30;6.710241;1;6;16;4;1046;20;79.34;40;5;30;15;6;32;29;18;9;30;7;0;0;0;0;0
933;532;2019;Delantero;29;1591;19;6.754054;6;2;19;9;319;13;74.83;17;1;5;30;8;13;14;29;17;15;0;0;0;0;0;0
935;532;2019;Delantero;27;1889;25;6.974007;4;7;41;15;457;27;72.26;6;1;9;8;2;27;19;36;22;19;2;1;0;0;0;0
937;532;2019;Delantero;13;180;5;6.454444;1;0;6;3;31;3;54.77;7;0;0;6;3;7;7;5;5;1;0;0;0;0;0;0
1482;532;2019;Defensa;4;259;3;6.614672;0;0;1;0;78;2;74.0;8;0;2;10;8;8;3;3;2;1;0;0;0;0;0;0
1687;532;2019;Defensa;19;1390;15;6.868489;0;1;3;2;575;7;82.53;25;6;25;22;8;20;20;16;12;13;2;1;0;0;0;0
2615;532;2019;Delantero;33;2155;28;7.022227;10;2;41;20;236;16;62.91;8;1;5;51;27;59;47;13;8;3;5;0;0;0;0;0
46782;532;2019;Delantero;11;418;6;6.769378;2;0;8;3;61;4;70.55;7;0;2;18;9;8;6;10;7;3;0;0;0;0;0;0
90498;532;2019;Defensa;8;677;8;6.453767;0;0;1;0;251;0;85.75;3;6;8;15;8;1;13;2;1;1;3;1;0;0;0;0
122804;532;2019;Defensa;2;127;1;6.235433;0;0;0;0;48;0;65.5;2;0;2;11;4;1;2;3;1;1;1;0;0;0;0;0
162992;532;2019;Mediocentro;3;22;1;5.959091;0;0;0;0;8;0;77.33;1;0;0;0;0;0;0;1;0;0;0;0;0;0;0;0
21;533;2019;Delantero;13;935;11;6.960642;4;1;26;7;178;9;79.85;4;1;2;2;1;11;4;10;5;7;1;0;0;0;0;0
288;533;2019;Defensa;18;1489;18;6.673405;0;0;9;3;656;11;84.5;27;3;27;29;8;7;20;27;14;15;6;0;0;0;0;0
314;533;2019;Defensa;36;3254;36;6.899969;1;0;15;5;1631;4;82.58;36;20;44;29;18;25;30;2;2;9;9;0;0;0;0;0
1682;533;2019;Portero;34;3076;34;7.064142;0;0;0;0;588;1;67.21;0;0;0;2;2;5;2;1;1;2;2;0;0;41;105;1
1684;533;2019;Portero;4;360;4;6.6;0;1;0;0;104;1;71.25;0;0;0;0;0;1;1;0;0;0;1;0;0;8;12;0
1688;533;2019;Defensa;7;452;7;6.550885;0;0;3;0;222;2;72.43;5;2;3;0;0;4;7;1;1;2;1;0;0;0;0;0
1691;533;2019;Defensa;25;1979;22;6.748459;0;2;15;1;654;19;71.36;33;10;28;10;6;11;34;11;4;15;2;0;0;0;0;0
1692;533;2019;Defensa;19;1573;18;6.801589;0;2;3;1;692;19;85.68;19;4;15;4;2;12;26;5;4;9;6;0;0;0;0;0
1695;533;2019;Mediocentro;35;2462;31;7.51909;11;9;49;24;1358;71;85.09;43;1;19;32;17;37;28;64;46;38;3;0;8;0;0;0
1696;533;2019;Mediocentro;37;2048;26;6.805664;3;2;48;12;530;38;71.89;20;1;11;42;16;50;16;111;62;16;2;0;0;0;0;0
1699;533;2019;Mediocentro;34;2659;33;6.872245;1;2;21;4;1225;11;85.0;51;16;43;34;21;46;57;13;8;37;10;0;0;0;0;0
1701;533;2019;Mediocentro;9;266;3;6.66015;0;1;0;0;169;6;91.78;7;1;3;8;4;3;6;4;4;7;0;0;0;0;0;0
1704;533;2019;Mediocentro;7;271;1;6.802214;0;0;1;1;258;0;90.29;3;0;1;11;6;0;5;2;2;1;1;0;0;0;0;0
1705;533;2019;Mediocentro;29;1571;20;6.973456;2;4;26;10;773;32;86.55;33;12;5;34;13;31;32;24;18;33;6;0;1;0;0;0
1706;533;2019;Delantero;19;698;11;6.674642;2;1;18;6;99;4;69.11;4;0;0;11;4;6;8;13;5;3;1;0;0;0;0;0
1707;533;2019;Delantero;35;2753;34;7.288195;18;5;89;35;718;49;73.46;14;3;10;56;19;50;36;98;63;43;5;0;1;0;0;0
1709;533;2019;Delantero;18;995;14;6.969849;6;2;39;19;175;10;76.11;5;0;3;0;0;7;7;32;20;3;0;0;0;0;0;0
3406;533;2019;Mediocentro;32;2305;28;6.930586;2;0;27;7;1127;14;86.28;60;4;43;78;48;36;38;89;72;43;5;0;0;0;0;0
46815;533;2019;Defensa;34;2987;33;6.94851;2;1;10;2;1734;11;83.38;30;20;30;29;15;10;29;12;9;7;6;0;0;0;0;0
46832;533;2019;Mediocentro;30;910;15;6.596374;2;1;48;18;357;9;79.77;25;1;5;69;29;20;20;53;32;27;2;0;0;0;0;0
47391;533;2019;Defensa;26;1917;24;6.743505;2;2;6;3;815;18;79.04;37;7;35;54;28;21;39;55;25;33;5;0;0;0;0;0
47574;533;2019;Mediocentro;37;2335;29;6.954732;5;4;36;14;879;29;83.35;25;2;23;26;9;25;22;45;20;21;1;0;0;0;0;0
89886;533;2019;Mediocentro;4;298;3;6.918792;0;0;3;2;152;3;88.5;5;1;4;0;0;3;6;18;14;7;1;0;0;0;0;0
122737;533;2019;Defensa;2;180;2;6.55;0;0;1;0;72;0;82.5;0;1;3;7;1;1;3;0;0;1;1;0;0;0;0;0
182219;533;2019;Mediocentro;1;14;0;6.3;0;0;0;0;4;0;100.0;0;0;0;0;0;0;0;0;0;0;0;0;0;0;0;0
184277;533;2019;Delantero;5;86;2;6.304651;1;0;1;1;14;0;55.2;1;0;0;7;1;0;7;0;0;1;1;0;0;0;0;0
111;536;2019;Delantero;5;138;3;6.313768;0;0;2;1;39;0;94.6;0;0;2;0;0;1;0;5;3;1;0;0;0;0;0;0
246;536;2019;Delantero;35;2081;25;6.963095;6;1;57;24;364;24;71.89;20;1;8;42;23;37;29;15;8;11;2;0;0;0;0;0
385;536;2019;Mediocentro;28;1604;24;6.936097;3;3;16;10;783;22;80.14;44;1;11;33;12;19;30;32;20;37;5;0;0;0;0;0
452;536;2019;Mediocentro;34;2680;30;7.115149;2;3;15;5;1365;10;85.76;57;14;66;22;16;23;39;18;12;24;13;0;0;0;0;0
739;536;2019;Defensa;31;2533;29;7.069917;2;4;28;7;1195;40;77.65;54;5;35;52;30;46;56;69;49;37;8;0;0;0;0;0
1097;536;2019;Delantero;2;24;1;6.8;0;0;2;0;12;0;73.0;1;0;0;0;0;0;0;0;0;0;0;0;0;0;0;0
1257;536;2019;Defensa;29;2325;28;7.078796;1;1;23;5;1249;4;83.83;25;12;24;38;28;11;21;20;17;7;6;0;0;0;0;0
1489;536;2019;Mediocentro;24;1219;17;6.765217;0;0;7;1;592;2;82.0;20;8;14;37;21;18;22;13;8;12;6;0;0;0;0;0
1650;536;2019;Delantero;17;801;8;7.102122;1;1;14;7;276;19;76.47;8;0;2;18;8;8;5;30;18;9;0;0;0;0;0;0
1911;536;2019;Delantero;33;2778;31;7.017459;14;3;85;37;671;24;79.91;53;3;23;57;28;56;42;152;68;40;10;1;5;0;0;0
2037;536;2019;Portero;33;2954;33;6.864963;0;0;0;0;511;0;66.15;0;0;1;0;0;3;0;0;0;1;0;0;0;31;67;1
2040;536;2019;Defensa;11;786;9;6.859669;1;0;8;6;388;6;80.0;25;1;15;9;4;8;11;6;3;10;2;0;0;0;0;0
2042;536;2019;Defensa;13;731;10;6.83078;0;0;3;0;432;1;76.0;9;6;8;14;6;0;7;1;1;0;4;0;0;0;0;0
2043;536;2019;Defensa;11;848;11;6.65908;0;0;6;0;506;1;89.64;5;3;8;0;0;2;8;3;3;5;3;0;0;0;0;0
2050;536;2019;Mediocentro;33;2513;29;7.383327;3;7;40;10;1900;59;85.55;42;1;15;35;17;57;31;79;58;49;10;0;2;0;0;0
2054;536;2019;Defensa;38;3395;37;7.078409;0;7;11;2;1631;62;79.18;25;6;30;28;14;28;18;59;36;16;4;0;0;0;0;0
2057;536;2019;Mediocentro;31;1103;19;6.686582;3;0;16;7;535;9;85.16;22;0;10;23;7;39;32;25;19;30;5;0;0;0;0;0
2058;536;2019;Delantero;15;909;13;7.066887;3;0;30;12;251;10;80.8;16;0;1;0;0;9;22;17;10;13;0;0;0;0;0;0
2060;536;2019;Delantero;21;1278;17;7.049218;5;2;43;16;339;17;74.38;18;0;7;32;16;43;15;29;18;16;1;0;0;0;0;0
2061;536;2019;Delantero;2;63;0;6.5;0;0;0;0;22;0;91.0;1;0;0;0;0;0;1;7;4;1;2;0;0;0;0;0
2701;536;2019;Portero;6;495;6;7.272727;0;1;0;0;98;1;66.83;0;0;0;3;3;1;0;0;0;0;1;0;0;3;17;0
2886;536;2019;Delantero;9;446;6;6.61009;1;0;13;6;55;3;75.0;6;0;5;0;0;12;7;3;0;4;0;0;0;0;0;0
21090;536;2019;Defensa;35;3165;35;7.012733;2;0;21;3;1608;10;82.74;29;23;35;30;16;11;46;7;7;10;7;0;0;0;0;0
46688;536;2019;Delantero;3;39;1;6.397436;0;0;0;0;10;0;80.33;1;0;0;0;0;0;0;1;0;0;0;0;0;0;0;0
47389;536;2019;Mediocentro;34;2284;29;7.122898;2;2;29;7;1445;37;86.44;64;5;26;49;27;37;64;52;39;55;8;0;0;0;0;0
47422;536;2019;Delantero;18;809;9;6.764524;4;0;21;8;92;3;55.94;8;3;5;45;19;11;16;13;5;8;1;0;0;0;0;0
959;537;2019;Delantero;14;565;5;6.758938;2;1;11;6;93;6;87.64;3;0;0;16;5;11;8;19;12;7;1;0;0;0;0;0
1616;537;2019;Delantero;13;809;9;6.533127;1;0;14;6;144;8;74.46;0;0;2;33;9;8;16;10;7;8;0;0;0;0;0;0
2036;537;2019;Portero;11;990;11;6.454545;0;0;1;1;106;0;45.91;0;0;0;0;0;1;1;0;0;0;2;0;0;18;22;0
2049;537;2019;Mediocentro;10;800;9;6.709875;0;0;5;1;222;3;78.5;17;0;12;53;24;6;15;5;4;7;2;0;0;0;0;0
2053;537;2019;Mediocentro;29;2022;23;6.810979;1;3;27;10;690;29;83.72;38;4;9;17;7;50;36;60;38;29;11;0;0;0;0;0
2061;537;2019;Delantero;12;571;5;6.789317;1;0;14;4;129;12;70.75;10;0;2;21;8;12;10;20;9;6;2;0;0;0;0;0
2444;537;2019;Defensa;25;1893;22;6.733281;0;1;9;1;458;26;72.0;38;4;29;36;12;7;33;19;10;23;7;0;0;0;0;0
2737;537;2019;Delantero;24;1934;22;6.907187;6;2;42;18;248;15;70.04;12;1;4;0;0;31;30;52;36;8;3;0;0;0;0;0
2772;537;2019;Defensa;23;1889;23;6.833033;1;0;4;1;468;4;69.0;26;12;39;0;0;7;15;3;3;6;5;0;0;0;0;0
18800;537;2019;Mediocentro;4;219;3;6.394521;0;0;5;0;39;1;52.5;3;1;0;0;0;0;6;3;2;0;1;0;0;0;0;0
47119;537;2019;Mediocentro;25;1251;19;6.490727;0;0;16;3;264;12;77.68;24;1;8;61;25;13;28;56;30;23;4;0;0;0;0;0
47304;537;2019;Mediocentro;20;1463;18;6.889815;0;0;20;7;313;27;74.35;39;2;15;30;16;26;31;39;27;18;4;0;0;0;0;0
47399;537;2019;Portero;27;2470;27;6.759676;0;0;0;0;313;0;44.11;0;0;0;2;2;6;0;0;0;2;4;1;0;33;66;1
47403;537;2019;Defensa;33;2717;32;6.837394;0;1;6;3;794;16;67.58;64;8;63;63;45;56;49;16;7;21;8;0;0;0;0;0
47408;537;2019;Defensa;33;2816;32;6.722301;1;2;20;4;730;30;70.0;53;4;37;37;17;36;45;25;14;24;13;1;0;0;0;0
47409;537;2019;Defensa;24;1939;24;6.76065;0;0;12;4;545;3;65.33;37;1;47;46;28;9;24;8;7;9;6;0;0;0;0;0
47410;537;2019;Defensa;14;985;13;6.56599;0;0;2;0;198;0;73.93;10;3;8;23;16;7;7;0;0;5;1;0;0;0;0;0
47412;537;2019;Mediocentro;20;822;13;6.449635;0;0;9;3;197;8;80.35;10;0;7;16;4;15;18;7;1;10;3;0;0;0;0;0
47413;537;2019;Mediocentro;25;1594;19;6.697553;0;0;24;8;729;10;84.4;29;3;22;15;6;44;45;19;14;30;11;0;0;0;0;0
47415;537;2019;Mediocentro;26;2231;25;6.79749;1;1;21;3;875;7;75.27;45;4;37;38;25;41;35;25;15;30;10;0;1;0;0;0
47416;537;2019;Mediocentro;30;1937;25;7.081208;9;2;62;28;517;31;72.93;21;0;14;7;1;38;32;84;42;28;5;1;2;0;0;0
47419;537;2019;Delantero;12;333;4;6.574775;0;0;10;4;68;8;76.17;0;0;2;0;0;6;9;21;13;4;2;0;0;0;0;0
47420;537;2019;Delantero;9;201;1;6.933831;1;1;5;2;41;5;74.0;8;0;2;14;4;2;5;7;3;2;1;0;0;0;0;0
47421;537;2019;Delantero;24;1221;18;6.824242;1;2;37;14;225;11;62.33;13;0;3;0;0;25;29;8;4;12;2;0;0;0;0;0
47422;537;2019;Delantero;18;1383;18;6.800651;4;2;40;17;144;9;56.72;7;2;4;0;0;19;21;32;16;14;2;0;0;0;0;0
47423;537;2019;Delantero;2;78;2;6.442308;0;0;0;0;15;1;60.5;0;0;0;0;0;1;0;0;0;0;0;0;0;0;0;0
47578;537;2019;Mediocentro;5;314;4;6.624841;0;0;1;0;100;1;65.8;6;3;3;0;0;5;6;3;2;2;3;0;0;0;0;0
50026;537;2019;Defensa;26;2029;22;6.751897;0;0;11;0;556;5;71.54;35;14;27;9;7;14;22;9;7;9;10;0;0;0;0;0
157910;537;2019;Defensa;6;500;6;7.0422;1;2;3;1;96;6;76.83;17;1;16;0;0;3;11;11;8;2;2;1;0;0;0;0
184608;537;2019;Delantero;4;122;2;6.577869;0;0;1;1;18;0;83.25;0;1;1;14;6;0;4;1;1;5;1;0;0;0;0;0
135;538;2019;Defensa;18;1534;17;7.085789;1;0;9;5;618;2;85.94;37;9;19;39;25;19;20;4;4;9;5;0;0;0;0;0
142;538;2019;Mediocentro;29;2118;26;7.111568;4;1;32;10;1114;23;86.52;68;4;33;46;24;98;35;85;61;36;5;0;0;0;0;0
493;538;2019;Delantero;14;760;11;6.620395;2;0;16;6;129;4;68.64;2;0;7;18;6;7;14;20;9;8;4;0;0;0;0;0
660;538;2019;Mediocentro;16;605;10;6.429421;0;1;2;0;230;5;90.25;9;2;5;1;0;17;23;9;5;10;6;1;0;0;0;0
934;538;2019;Delantero;34;1951;26;6.810456;6;3;47;15;465;20;69.71;13;0;10;50;16;40;45;33;14;31;4;0;0;0;0;0
1461;538;2019;Mediocentro;26;1641;23;6.979647;1;5;19;9;614;43;78.81;20;1;14;0;0;32;21;104;58;27;3;0;0;0;0;0
1926;538;2019;Defensa;32;2511;28;6.813102;0;1;10;1;1071;3;81.66;41;13;46;27;15;17;17;13;9;15;4;0;0;0;0;0
2058;538;2019;Delantero;7;322;1;7.082298;2;1;7;5;109;6;69.43;6;1;1;19;6;2;10;7;5;4;2;1;1;0;0;0
2761;538;2019;Mediocentro;14;711;7;6.672433;0;0;4;4;310;3;70.57;14;3;16;21;7;5;14;7;3;6;2;1;0;0;0;0
2870;538;2019;Defensa;34;2895;32;6.862314;1;2;13;3;1313;4;82.79;38;16;51;13;4;9;27;2;1;13;10;0;0;0;0;0
47080;538;2019;Defensa;7;370;5;6.585946;0;0;0;0;133;0;68.0;6;2;10;15;6;2;7;0;0;2;3;1;0;0;0;0
47425;538;2019;Portero;2;180;2;6.75;0;0;0;0;33;0;67.5;0;0;0;0;0;0;0;0;0;0;1;0;0;1;2;0
47426;538;2019;Portero;33;2966;33;6.878523;0;0;0;0;500;0;59.18;1;0;0;0;0;4;1;0;0;0;4;0;0;43;93;0
47427;538;2019;Portero;4;279;3;6.512903;0;0;0;0;50;0;63.25;0;0;0;0;0;0;0;0;0;0;0;0;0;6;6;0
47429;538;2019;Defensa;6;340;6;6.579412;0;0;1;0;173;0;92.67;4;3;7;0;0;2;5;0;0;2;1;0;0;0;0;0
47431;538;2019;Defensa;3;259;3;6.5;0;0;0;0;92;0;78.0;6;1;2;0;0;7;5;4;2;1;1;0;0;0;0;0
47432;538;2019;Defensa;27;1963;23;6.911513;0;1;6;3;783;10;79.07;61;8;26;38;23;27;31;8;5;20;7;0;0;0;0;0
47433;538;2019;Defensa;35;3148;35;6.96817;1;3;19;5;1205;37;76.37;54;11;33;42;26;24;27;25;15;20;5;0;0;0;0;0
47434;538;2019;Defensa;17;1330;16;6.68406;0;0;1;0;486;6;74.59;25;1;26;16;8;29;22;22;15;13;6;0;0;0;0;0
47435;538;2019;Mediocentro;28;1832;24;6.63679;1;0;14;4;755;14;84.25;33;1;15;23;12;11;12;31;20;23;2;1;0;0;0;0
47439;538;2019;Mediocentro;17;1391;17;6.700288;0;0;8;3;687;9;87.94;15;2;8;0;0;21;11;15;11;16;1;0;0;0;0;0
47440;538;2019;Mediocentro;31;1479;22;6.597769;0;2;25;9;493;18;73.23;23;0;12;42;18;36;28;41;22;28;3;0;0;0;0;0
47443;538;2019;Mediocentro;26;1981;24;6.780616;0;2;12;2;863;10;80.58;43;5;26;58;34;17;46;27;20;22;6;0;0;0;0;0
47445;538;2019;Delantero;37;3272;37;7.086522;14;3;84;40;975;57;76.54;30;1;22;59;22;66;25;93;52;31;8;0;5;0;0;0
47447;538;2019;Mediocentro;21;903;15;6.919823;2;0;30;16;330;9;86.1;16;0;5;9;6;26;9;32;24;15;2;0;0;0;0;0
51616;538;2019;Delantero;20;580;11;6.422759;1;1;7;3;68;3;61.95;1;1;2;9;2;8;17;12;7;2;5;1;0;0;0;0
107158;538;2019;Mediocentro;1;8;1;6.6;0;0;0;0;3;0;100.0;0;0;0;0;0;0;0;1;1;0;0;0;0;0;0;0
122231;538;2019;Delantero;5;93;1;6.576344;0;0;1;0;10;2;42.4;0;0;0;5;1;0;0;5;4;0;0;0;0;0;0;0
128985;538;2019;Delantero;2;16;0;6.95;1;0;1;1;7;0;85.5;0;0;0;0;0;0;0;0;0;0;0;0;0;0;0;0
182490;538;2019;Mediocentro;2;90;1;6.7;0;0;0;0;21;0;35.0;4;0;0;3;2;1;1;1;1;0;1;0;0;0;0;0
395;539;2019;Delantero;20;676;9;6.848077;2;0;22;10;75;11;51.1;4;0;5;14;7;17;5;18;7;3;3;1;0;0;0;0
1583;539;2019;Delantero;22;683;10;6.53265;1;0;22;5;50;2;45.41;3;0;1;10;2;10;12;7;2;2;2;0;0;0;0;0
46651;539;2019;Defensa;23;1857;20;6.668767;0;2;4;2;520;8;71.61;24;8;23;35;20;20;24;32;18;8;4;0;0;0;0;0
47252;539;2019;Defensa;6;467;5;6.858887;0;0;1;0;179;0;69.5;10;4;3;0;0;2;3;0;0;2;0;0;0;0;0;0
47328;539;2019;Defensa;8;499;6;6.739679;0;0;4;1;195;0;71.12;10;6;6;14;8;3;10;1;1;1;0;0;0;0;0;0
47441;539;2019;Mediocentro;26;2002;22;6.702248;1;0;1;1;832;5;85.19;38;4;24;44;19;17;28;35;26;32;3;0;0;0;0;0
47448;539;2019;Portero;36;3256;36;7.261118;0;0;0;0;558;1;61.56;1;0;2;1;0;4;1;0;0;0;2;0;0;51;158;3
47450;539;2019;Portero;2;180;2;7.45;0;0;0;0;30;0;67.0;0;0;0;3;2;2;0;0;0;1;0;0;0;2;8;0
47451;539;2019;Defensa;17;1007;13;6.726216;1;0;9;3;369;7;75.76;24;1;14;45;23;11;17;26;16;16;3;0;0;0;0;0
47452;539;2019;Defensa;11;815;9;6.939632;0;0;4;0;283;2;64.55;11;7;11;0;0;7;7;5;4;2;4;0;0;0;0;0
47453;539;2019;Defensa;20;1609;19;6.685954;0;2;2;0;570;18;75.85;24;3;14;15;6;20;16;42;22;12;2;0;0;0;0;0
47457;539;2019;Defensa;29;2626;29;6.894669;0;0;11;2;967;3;79.62;37;28;43;41;25;26;29;6;5;15;4;0;0;0;0;0
47458;539;2019;Defensa;28;2381;27;6.867283;1;1;6;3;839;10;77.86;29;14;36;26;16;13;22;12;8;7;6;0;0;0;0;0
47460;539;2019;Defensa;4;209;2;6.552632;0;0;0;0;80;0;84.0;4;0;3;12;8;0;1;1;1;0;0;0;0;0;0;0
47461;539;2019;Mediocentro;30;2121;26;6.958746;7;2;58;19;607;33;76.63;24;4;14;51;20;45;46;57;37;26;5;0;0;0;0;0
47464;539;2019;Mediocentro;37;3175;35;7.134677;2;7;44;8;1586;74;80.54;36;5;44;59;37;59;28;89;64;42;4;1;0;0;0;0
47467;539;2019;Delantero;38;2532;33;6.575592;4;2;41;15;411;34;69.92;15;1;6;31;8;15;17;84;37;29;3;0;0;0;0;0
47468;539;2019;Mediocentro;28;1895;24;7.004908;5;3;60;14;666;25;72.57;36;0;11;41;18;47;29;76;50;33;5;0;0;0;0;0
47469;539;2019;Mediocentro;30;1578;26;6.702662;0;2;4;1;569;7;78.53;36;5;12;26;11;29;43;10;9;25;11;0;0;0;0;0
47471;539;2019;Delantero;36;2277;32;6.864339;11;1;57;24;283;25;62.33;17;0;5;40;18;32;57;23;13;22;6;1;4;0;0;0
47472;539;2019;Delantero;34;2164;27;6.828789;8;2;48;19;442;24;81.09;11;0;4;44;15;26;18;46;28;11;2;0;0;0;0;0
47568;539;2019;Defensa;32;2438;27;6.79717;0;3;10;3;750;24;78.81;51;8;45;14;10;22;18;32;19;18;4;1;0;0;0;0
47576;539;2019;Mediocentro;25;1244;18;6.631029;2;1;18;8;456;12;77.2;20;2;10;33;14;29;32;14;11;19;4;0;1;0;0;0
104949;539;2019;Mediocentro;5;48;1;6.189583;0;0;1;0;14;1;59.2;2;0;0;0;0;1;1;2;0;1;0;0;0;0;0;0
107160;539;2019;Defensa;1;13;0;6.4;0;0;0;0;6;0;100.0;1;0;0;0;0;0;0;0;0;0;0;0;0;0;0;0
119225;539;2019;Defensa;1;74;1;5.0;0;0;0;0;20;0;87.0;0;0;0;0;0;0;2;2;2;0;2;1;0;0;0;0
119795;539;2019;Mediocentro;1;6;0;0.0;0;0;0;0;0;0;0.0;0;0;0;2;2;2;0;0;0;0;0;0;0;0;0;0
182669;539;2019;Mediocentro;1;12;0;6.3;0;0;0;0;3;0;60.0;0;0;0;3;0;0;1;0;0;1;0;0;0;0;0;0
182670;539;2019;Delantero;1;8;0;6.3;0;0;0;0;8;0;100.0;0;0;0;6;2;2;0;1;0;0;0;0;0;0;0;0
560;540;2019;Defensa;3;269;3;7.0;0;0;3;1;104;7;85.0;1;2;5;0;0;5;4;11;6;2;1;0;0;0;0;0
6066;540;2019;Mediocentro;21;1044;12;6.597222;0;3;21;2;231;17;61.81;12;2;3;11;6;21;8;43;24;20;1;0;0;0;0;0
47213;540;2019;Defensa;7;486;6;6.734774;0;0;1;1;116;4;66.14;9;0;6;12;7;5;6;10;4;2;2;0;0;0;0;0
47249;540;2019;Defensa;17;1555;17;7.062444;0;1;1;0;548;7;67.65;27;12;25;48;34;7;10;5;4;10;2;0;0;0;0;0
47284;540;2019;Mediocentro;8;254;5;6.491732;0;0;0;0;54;0;63.38;2;0;1;0;0;1;4;1;1;3;1;0;0;0;0;0
47327;540;2019;Portero;36;3265;36;6.74193;0;0;0;0;551;1;55.53;2;0;2;1;1;5;1;3;3;1;5;1;0;58;107;1
47329;540;2019;Defensa;20;1104;14;6.587591;1;0;12;5;277;4;63.85;18;1;13;10;5;18;10;28;16;17;3;0;0;0;0;0
47330;540;2019;Defensa;18;1338;16;6.67287;0;1;9;0;560;3;78.22;22;7;22;1;0;4;20;4;3;8;8;1;0;0;0;0
47332;540;2019;Defensa;4;299;3;6.449498;0;0;2;0;211;0;82.25;3;0;1;0;0;1;2;1;1;0;1;0;0;0;0;0
47333;540;2019;Defensa;17;1388;17;6.657997;0;0;3;0;384;11;71.18;47;6;23;11;4;23;28;25;17;22;5;1;0;0;0;0
47334;540;2019;Defensa;32;2490;30;6.78008;4;2;16;11;1106;14;79.41;37;13;35;53;32;25;33;5;4;27;5;1;0;0;0;0
47335;540;2019;Defensa;30;2505;30;6.664591;0;0;16;3;691;17;65.97;67;4;40;58;28;28;39;17;10;35;9;0;0;0;0;0
47336;540;2019;Mediocentro;36;2687;30;6.69639;2;1;52;9;775;32;74.11;42;1;23;28;11;26;34;40;20;38;5;0;0;0;0;0
47337;540;2019;Mediocentro;11;475;8;6.723368;1;0;7;7;154;11;77.73;6;2;3;0;0;6;15;7;6;6;5;0;0;0;0;0
47339;540;2019;Mediocentro;24;1140;17;6.585;0;0;3;0;286;13;84.71;8;2;2;25;15;40;7;14;9;8;0;0;0;0;0;0
47340;540;2019;Mediocentro;3;53;1;6.603774;0;0;3;0;20;0;92.33;2;0;0;0;0;2;0;1;1;1;0;0;0;0;0;0
47341;540;2019;Mediocentro;35;3045;35;6.763941;2;1;32;5;1351;28;79.4;75;11;31;42;16;23;79;24;14;53;8;0;2;0;0;0
47342;540;2019;Mediocentro;25;1703;21;6.738696;0;1;10;1;699;23;74.4;55;8;28;1;1;31;48;16;12;41;10;1;0;0;0;0
47344;540;2019;Delantero;20;876;12;6.46016;0;0;16;6;93;2;66.85;13;0;2;18;7;17;24;19;8;14;2;0;0;0;0;0
47346;540;2019;Delantero;16;583;10;6.601544;1;0;7;5;67;4;51.5;6;0;2;0;0;8;25;3;3;7;2;0;0;0;0;0
47350;540;2019;Delantero;32;1677;24;6.663327;4;0;44;15;192;16;68.69;10;0;14;29;13;18;16;27;15;31;3;0;0;0;0;0
47368;540;2019;Delantero;27;1837;21;6.918672;1;3;47;13;183;17;52.85;11;4;7;19;7;51;47;28;18;21;6;1;0;0;0;0
47449;540;2019;Portero;2;180;2;7.1;0;0;0;0;37;0;79.0;0;0;0;0;0;0;0;0;0;0;0;0;0;0;3;0
47478;540;2019;Defensa;15;1044;14;6.496935;0;0;0;0;510;0;78.33;14;4;7;3;3;6;7;1;1;7;4;1;0;0;0;0
47505;540;2019;Defensa;26;2280;26;6.746096;3;0;22;8;825;4;70.65;25;11;26;56;39;18;33;3;2;12;5;1;0;0;0;0
47523;540;2019;Mediocentro;1;8;0;6.4;0;0;0;0;1;0;50.0;0;0;0;0;0;0;2;0;0;0;0;0;0;0;0;0
47551;540;2019;Delantero;14;1099;11;6.992994;4;0;35;14;205;6;79.36;8;1;10;64;27;24;22;46;32;8;5;0;1;0;0;0
47554;540;2019;Mediocentro;18;1381;17;6.956698;2;4;39;15;216;25;66.39;38;4;17;93;36;27;24;61;28;17;4;0;1;0;0;0
80891;540;2019;Delantero;1;70;1;6.6;0;0;1;0;4;1;66.0;0;0;0;0;0;0;0;0;0;2;0;0;0;0;0;0
127426;540;2019;Mediocentro;5;183;3;6.489617;0;0;0;0;73;1;93.2;5;0;1;12;4;0;7;0;0;4;0;1;0;0;0;0
128581;540;2019;Mediocentro;6;205;2;6.763902;0;0;4;3;53;4;76.67;3;0;1;34;16;6;5;9;7;5;1;0;0;0;0;0
153290;540;2019;Defensa;6;403;5;6.504963;0;0;1;0;124;3;74.0;2;0;10;15;10;3;6;3;1;3;0;0;0;0;0;0
156480;540;2019;Mediocentro;12;887;11;6.570124;0;0;4;0;225;8;68.92;11;0;11;0;0;19;14;12;5;10;2;0;0;0;0;0
253;541;2019;Portero;4;360;4;6.625;0;0;0;0;86;0;79.0;0;0;0;0;0;0;1;0;0;0;1;0;0;5;9;0
372;541;2019;Defensa;15;1040;10;7.049712;0;0;2;1;589;2;86.87;24;6;21;28;19;15;18;3;1;7;3;0;0;0;0;0
517;541;2019;Mediocentro;8;423;6;7.514421;1;1;9;1;223;14;82.5;14;0;2;0;0;8;5;1;1;7;1;0;0;0;0;0
653;541;2019;Defensa;25;1835;21;7.181635;1;2;7;3;889;20;85.64;29;5;23;56;37;29;25;67;48;4;8;1;0;0;0;0
730;541;2019;Portero;34;3086;34;7.097278;0;0;1;1;661;0;75.15;0;0;2;3;3;4;0;0;0;2;1;0;0;20;76;0
733;541;2019;Defensa;31;2760;31;7.281594;1;5;20;9;1732;41;86.26;62;14;36;38;19;30;42;52;25;19;11;0;0;0;0;0
735;541;2019;Defensa;6;438;4;7.182877;1;0;6;1;217;3;85.5;12;3;11;5;5;7;9;5;1;5;3;0;0;0;0;0
737;541;2019;Defensa;4;344;4;6.563372;0;1;2;0;112;5;89.5;4;0;2;0;0;4;7;8;6;3;3;1;0;0;0;0
738;541;2019;Defensa;35;3030;35;7.222277;11;0;39;17;1954;5;90.06;44;8;50;33;18;28;52;12;10;21;10;0;6;0;0;0
742;541;2019;Defensa;32;2842;32;7.068473;2;1;11;2;1457;7;86.59;28;16;31;18;10;12;22;13;9;11;2;0;0;0;0;0
743;541;2019;Defensa;15;1315;15;7.184639;1;2;17;5;748;27;83.53;17;2;16;15;8;18;7;24;19;19;2;0;0;0;0;0
744;541;2019;Delantero;6;67;2;6.58806;0;0;3;2;33;0;73.33;1;0;0;10;5;6;1;5;2;2;1;0;0;0;0;0
745;541;2019;Mediocentro;23;1196;17;7.14005;1;2;23;14;710;23;85.04;14;0;8;24;16;30;15;44;33;9;2;0;0;0;0;0
746;541;2019;Delantero;9;343;3;7.194752;3;1;8;5;128;7;85.78;4;0;1;27;13;4;2;10;6;3;0;0;0;0;0;0
747;541;2019;Mediocentro;35;3116;35;7.297529;4;3;45;13;1808;14;83.31;89;10;71;76;43;65;86;31;27;60;12;0;0;0;0;0
752;541;2019;Mediocentro;35;2682;31;7.586428;4;5;57;20;2181;60;92.51;50;0;24;37;20;43;28;35;31;53;2;0;0;0;0;0
754;541;2019;Mediocentro;31;2016;25;7.27495;3;7;30;13;1233;44;88.26;38;2;21;65;38;28;32;61;43;27;7;1;0;0;0;0
756;541;2019;Mediocentro;33;1922;29;6.980489;2;5;22;11;953;20;86.64;36;4;21;27;12;10;25;29;20;24;1;0;0;0;0;0
757;541;2019;Mediocentro;18;856;13;6.845794;2;1;10;3;409;17;84.0;21;0;10;24;8;12;26;28;17;16;1;0;0;0;0;0
758;541;2019;Delantero;16;1096;13;7.019252;2;2;34;12;346;14;77.12;7;2;6;0;0;10;16;29;18;11;4;1;0;0;0;0
759;541;2019;Delantero;37;3168;36;7.482386;21;8;124;60;1106;60;85.43;16;4;9;43;11;15;21;69;40;12;0;0;5;0;0;0
760;541;2019;Delantero;5;54;1;6.55;1;0;6;2;10;1;39.2;0;0;0;2;0;0;2;2;1;1;1;0;0;0;0;0
762;541;2019;Delantero;29;1381;18;6.79428;3;1;38;17;404;23;79.69;24;0;4;25;12;26;19;100;47;24;4;0;0;0;0;0
1828;541;2019;Delantero;17;441;10;6.651927;2;1;14;3;107;6;78.12;2;0;2;5;2;1;5;14;8;1;2;0;0;0;0;0
2296;541;2019;Delantero;16;1085;14;7.111244;1;3;19;13;493;21;86.81;7;0;6;13;10;50;12;73;50;12;0;0;0;0;0;0
10009;541;2019;Delantero;19;1026;15;6.766374;2;0;16;8;399;14;86.26;6;0;9;39;20;19;8;52;26;19;0;0;0;0;0;0
38;542;2019;Defensa;6;256;3;6.446484;0;0;0;0;38;0;67.83;3;4;4;17;7;6;5;1;0;4;1;0;0;0;0;0
534;542;2019;Defensa;17;1210;15;6.521983;1;1;6;2;340;4;66.47;22;6;15;23;9;5;19;3;2;6;4;0;0;0;0;0
571;542;2019;Mediocentro;13;796;11;6.416834;0;0;1;0;230;1;83.08;19;1;6;25;9;7;24;2;1;18;2;0;0;0;0;0
1124;542;2019;Mediocentro;31;1443;19;6.570201;1;2;21;8;216;7;64.94;19;0;9;43;18;11;19;51;28;12;2;0;0;0;0;0
2047;542;2019;Mediocentro;29;2176;28;6.884053;2;4;23;10;550;43;74.9;20;1;23;12;6;47;18;50;24;29;6;0;0;0;0;0
2553;542;2019;Defensa;1;90;1;7.1;0;0;0;0;8;0;72.0;1;0;2;0;0;0;0;0;0;1;0;0;0;0;0;0
2979;542;2019;Mediocentro;1;21;0;6.3;0;0;1;1;2;0;50.0;0;0;0;5;0;0;2;0;0;2;0;0;0;0;0;0
3426;542;2019;Mediocentro;16;1287;16;6.856177;0;0;14;1;344;5;75.56;47;5;17;0;0;24;40;37;25;17;12;1;0;0;0;0
18833;542;2019;Delantero;34;2511;31;7.084269;11;5;48;18;407;64;68.91;11;2;2;32;10;19;27;51;23;11;4;0;5;0;0;0
18907;542;2019;Delantero;36;2801;33;7.097108;11;2;88;30;503;16;51.61;23;5;12;110;62;59;51;36;15;30;6;0;1;0;0;0
18998;542;2019;Mediocentro;17;1309;15;6.749427;0;1;9;2;421;14;82.35;18;3;14;54;24;15;14;28;12;11;1;0;0;0;0;0
35575;542;2019;Mediocentro;16;879;11;6.508191;1;0;9;4;110;5;62.56;10;2;5;72;27;18;22;22;15;8;3;0;0;0;0;0
46860;542;2019;Delantero;1;53;1;6.3;0;0;0;0;10;0;71.0;0;1;0;0;0;0;1;1;0;0;0;0;0;0;0;0
46933;542;2019;Mediocentro;28;1646;22;6.563305;0;0;9;2;289;15;74.71;13;0;16;29;14;16;20;50;24;18;3;0;0;0;0;0
47326;542;2019;Portero;9;796;8;6.787688;0;0;1;0;114;0;49.44;1;0;0;3;3;2;0;0;0;0;1;0;0;19;36;0
47352;542;2019;Portero;27;2366;27;6.761708;0;0;0;0;391;2;53.04;1;0;0;0;0;1;1;0;0;2;0;1;0;37;66;3
47353;542;2019;Portero;3;270;3;6.366667;0;0;0;0;41;0;53.33;0;0;0;0;0;0;1;0;0;0;1;0;0;3;2;0
47354;542;2019;Defensa;31;2104;26;6.511122;1;1;3;1;502;10;66.45;50;7;18;30;18;19;33;27;16;24;5;1;0;0;0;0
47355;542;2019;Defensa;31;2678;30;6.659671;0;1;19;8;663;14;65.13;53;8;47;23;15;39;46;12;5;26;11;0;0;0;0;0
47356;542;2019;Defensa;25;2131;24;6.845519;2;0;6;2;672;2;72.72;21;19;34;22;8;12;34;3;3;16;9;1;0;0;0;0
47357;542;2019;Defensa;31;2670;31;6.67367;1;2;10;2;773;9;70.61;20;18;37;28;18;7;36;5;3;14;9;1;0;0;0;0
47358;542;2019;Defensa;12;865;9;6.522659;0;0;3;0;180;6;66.17;19;4;13;44;25;4;25;21;9;2;1;0;0;0;0;0
47360;542;2019;Defensa;23;1920;22;6.700156;0;0;7;1;505;3;74.0;35;7;53;6;3;32;30;13;7;11;8;0;0;0;0;0
47362;542;2019;Mediocentro;2;20;0;5.04;0;0;0;0;4;0;28.5;0;0;0;0;0;1;0;0;0;0;0;0;0;0;0;0
47363;542;2019;Mediocentro;30;1974;24;6.373658;0;0;19;6;507;3;68.1;44;12;28;36;13;38;60;9;6;55;11;1;0;0;0;0
47365;542;2019;Mediocentro;20;1369;17;6.794229;1;0;2;1;416;5;76.05;29;5;15;33;19;19;43;11;10;14;6;1;0;0;0;0
47369;542;2019;Mediocentro;3;73;0;6.282192;0;0;0;0;16;0;68.0;0;0;1;3;0;5;1;2;1;1;0;0;0;0;0;0
47371;542;2019;Delantero;5;99;4;6.568687;0;0;2;0;20;1;46.2;2;0;0;0;0;1;0;4;3;0;0;0;0;0;0;0
47518;542;2019;Mediocentro;30;1071;14;6.486741;1;1;4;1;279;6;67.53;26;3;11;21;6;14;23;16;3;15;3;0;0;0;0;0
133453;542;2019;Mediocentro;19;582;10;6.320275;1;0;10;4;78;6;69.58;14;0;3;11;4;8;22;29;11;18;1;0;0;0;0;0
140834;542;2019;Mediocentro;3;150;1;6.393333;0;0;0;0;34;0;93.0;4;0;5;9;4;4;3;4;3;5;1;0;0;0;0;0
182636;542;2019;Defensa;1;90;1;6.0;0;0;0;0;13;0;81.0;7;1;1;0;0;0;1;3;2;1;0;0;0;0;0;0
143;543;2019;Mediocentro;17;762;10;6.405381;1;0;12;4;332;4;84.59;14;1;1;17;5;19;9;22;12;13;2;0;0;0;0;0
668;543;2019;Mediocentro;32;2712;31;7.139639;7;4;101;41;800;42;81.41;37;3;11;79;39;113;69;152;99;25;10;2;1;0;0;0
1558;543;2019;Portero;33;2914;33;6.750343;0;0;0;0;704;0;69.91;0;0;0;0;0;1;1;0;0;2;3;1;0;50;86;0
1560;543;2019;Defensa;12;652;9;6.810736;0;1;2;0;329;8;85.42;7;2;7;9;5;13;9;3;2;3;3;0;0;0;0;0
1561;543;2019;Defensa;30;2541;29;6.990634;3;1;23;4;1428;5;83.93;53;21;36;29;18;27;34;16;12;27;8;0;0;0;0;0
1562;543;2019;Defensa;14;1182;14;6.988579;1;0;5;2;758;1;88.79;22;12;22;20;12;4;8;9;6;5;0;0;0;0;0;0
1563;543;2019;Defensa;17;1447;16;6.897927;1;2;10;3;916;5;83.65;22;9;23;27;17;10;23;4;4;4;9;1;0;0;0;0
1565;543;2019;Mediocentro;10;692;9;6.528179;0;0;6;1;307;0;85.7;8;2;11;13;7;5;8;6;2;12;3;0;0;0;0;0
1566;543;2019;Defensa;33;2853;32;6.893481;3;6;26;5;995;29;77.36;70;8;33;84;51;94;47;43;13;44;11;0;0;0;0;0
1567;543;2019;Defensa;29;2604;29;6.896813;0;0;11;3;1611;7;88.72;30;15;39;20;10;18;29;6;5;10;9;0;0;0;0;0
1570;543;2019;Mediocentro;36;3188;36;7.151819;6;6;53;18;1830;82;87.25;22;1;12;40;22;47;27;69;49;20;5;0;3;0;0;0
1571;543;2019;Mediocentro;8;381;4;6.457218;0;0;3;1;167;0;83.12;0;0;4;2;1;5;3;1;1;1;2;0;0;0;0;0
1573;543;2019;Mediocentro;28;2057;26;6.756198;0;3;12;4;857;26;82.64;28;4;19;22;11;22;36;25;17;25;9;0;0;0;0;0
1576;543;2019;Mediocentro;5;191;4;6.451832;0;0;3;0;56;1;80.8;3;1;1;0;0;3;1;3;2;0;1;0;0;0;0;0
1577;543;2019;Mediocentro;15;356;7;6.467978;0;0;6;2;79;4;72.0;6;0;1;4;4;14;7;24;15;3;0;0;0;0;0;0
1579;543;2019;Mediocentro;34;2076;28;7.118931;8;3;34;14;880;61;83.03;13;2;16;29;16;27;11;81;54;8;4;0;2;0;0;0
1580;543;2019;Mediocentro;13;901;11;6.670477;0;0;6;2;553;9;85.77;5;4;3;11;6;8;17;23;19;10;6;1;0;0;0;0
1584;543;2019;Delantero;36;2064;26;6.911337;10;3;52;18;180;18;64.44;15;6;9;33;17;47;24;33;14;15;2;1;0;0;0;0
1586;543;2019;Delantero;27;818;12;6.57934;2;0;19;6;274;6;73.96;8;0;3;15;5;4;8;20;12;4;1;0;0;0;0;0
1702;543;2019;Defensa;21;1363;16;6.678723;1;0;16;7;465;10;75.48;26;5;15;39;20;22;18;33;20;13;3;0;0;0;0;0
2476;543;2019;Mediocentro;14;943;12;7.007741;1;0;12;3;438;3;83.43;25;4;10;58;36;20;16;15;13;11;5;0;0;0;0;0
46871;543;2019;Portero;6;530;5;6.475472;0;0;0;0;105;1;69.67;0;0;0;1;1;1;0;0;0;0;0;0;0;12;14;0
47320;543;2019;Delantero;8;288;2;6.573958;1;0;7;3;41;1;70.5;3;0;0;16;7;1;2;3;2;3;2;1;0;0;0;0
47348;543;2019;Delantero;35;1936;25;6.667252;3;2;36;12;236;16;77.89;6;4;4;22;11;20;34;31;15;9;3;1;0;0;0;0
47547;543;2019;Defensa;31;2283;27;6.591809;0;4;24;8;765;25;76.87;35;7;24;28;12;32;31;81;47;20;5;0;0;0;0;0
146750;543;2019;Mediocentro;3;83;3;6.46747;0;0;0;0;25;0;52.33;2;1;2;0;0;1;1;1;0;1;1;0;0;0;0;0
146751;543;2019;Delantero;3;21;1;5.738095;0;0;0;0;4;0;50.0;0;0;0;0;0;0;0;0;0;2;0;0;0;0;0;0
2600;545;2019;Mediocentro;29;1994;24;6.60341;2;3;40;12;408;19;78.93;18;4;18;37;14;26;31;42;22;22;2;0;0;0;0;0
2813;545;2019;Portero;35;3194;35;6.713494;0;0;1;0;403;1;41.66;3;0;4;3;3;1;1;1;1;2;3;0;0;50;74;1
41149;545;2019;Defensa;6;454;6;6.464317;0;0;0;0;97;7;71.5;5;0;2;23;8;2;5;2;0;6;1;0;0;0;0;0
46709;545;2019;Defensa;18;1460;17;6.90863;0;0;6;1;396;17;70.89;24;3;30;38;19;18;23;14;6;8;4;0;0;0;0;0
46757;545;2019;Defensa;12;953;12;6.805456;0;0;5;1;264;6;69.08;12;4;17;27;11;10;15;7;5;4;3;0;0;0;0;0
46799;545;2019;Mediocentro;35;2349;28;6.904981;4;1;34;17;733;20;82.43;51;6;35;68;28;18;29;31;20;32;3;0;1;0;0;0
46809;545;2019;Delantero;15;501;9;6.697006;0;1;10;1;82;6;57.4;2;0;0;18;11;13;10;8;5;0;0;0;0;0;0;0
46940;545;2019;Defensa;15;1151;12;6.762033;1;0;3;1;246;2;60.8;11;6;17;28;19;4;8;5;4;4;3;0;0;0;0;0
47260;545;2019;Mediocentro;18;917;11;6.800218;0;0;7;3;211;9;72.22;35;3;8;59;28;24;21;15;9;16;1;0;0;0;0;0
47377;545;2019;Defensa;24;2027;22;6.696645;1;0;14;2;791;6;70.0;31;3;30;1;1;12;22;13;9;19;5;0;0;0;0;0
47378;545;2019;Defensa;23;1804;21;6.934479;3;0;8;5;465;2;66.09;19;10;36;37;29;19;9;1;0;10;2;0;0;0;0;0
47382;545;2019;Defensa;7;458;6;6.536026;1;0;4;2;173;1;81.0;1;0;4;0;0;5;4;3;3;3;1;0;0;0;0;0
47383;545;2019;Defensa;26;2118;25;6.861945;1;0;12;4;551;2;61.27;29;13;45;46;27;15;20;4;3;12;7;1;0;0;0;0
47384;545;2019;Defensa;28;2383;27;7.006211;1;1;24;7;716;27;68.71;53;6;35;26;18;13;21;36;28;17;4;0;0;0;0;0
47385;545;2019;Mediocentro;18;1160;14;6.601379;0;0;4;0;303;5;64.67;36;2;16;45;21;7;24;9;8;16;6;0;0;0;0;0
47386;545;2019;Mediocentro;30;1636;21;6.680807;2;3;14;6;527;18;67.57;41;0;23;61;29;12;17;21;12;33;1;0;1;0;0;0
47387;545;2019;Mediocentro;30;2283;26;6.637144;1;0;28;6;562;15;73.47;35;6;35;55;33;34;53;11;3;24;7;0;0;0;0;0
47388;545;2019;Mediocentro;23;1678;19;6.764243;0;1;21;5;436;9;67.87;39;4;30;0;0;30;31;21;15;17;9;1;0;0;0;0
47390;545;2019;Mediocentro;29;2413;28;6.753336;8;7;42;20;680;48;76.45;29;0;20;0;0;54;21;137;69;38;9;1;4;0;0;0
47392;545;2019;Mediocentro;31;1938;25;6.913313;1;2;38;14;335;39;71.84;26;1;20;29;13;18;21;30;19;13;4;0;0;0;0;0
47394;545;2019;Delantero;30;1337;18;6.775318;6;0;25;11;229;10;68.27;10;2;6;22;7;22;41;5;1;16;8;0;1;0;0;0
47395;545;2019;Delantero;30;1882;23;6.745271;1;4;28;6;372;11;71.23;14;2;9;58;18;23;60;13;9;16;6;0;0;0;0;0
47396;545;2019;Delantero;27;1797;23;6.843573;5;1;59;18;312;12;63.26;12;1;1;90;32;29;48;19;6;8;2;0;0;0;0;0
47397;545;2019;Mediocentro;1;11;0;6.3;0;0;0;0;1;0;100.0;0;0;0;1;1;1;0;0;0;0;0;0;0;0;0;0
47476;545;2019;Portero;3;270;3;7.033333;0;0;0;0;39;0;45.0;0;0;1;1;0;0;1;0;0;0;0;0;0;5;13;1
181867;545;2019;Mediocentro;3;44;1;5.643182;0;0;3;0;9;0;43.0;1;1;2;4;2;1;2;0;0;1;0;0;0;0;0;0
2671;546;2019;Delantero;34;2771;33;6.916312;11;3;56;25;467;29;65.53;18;1;7;62;22;53;85;30;13;16;14;0;3;0;0;0
2715;546;2019;Mediocentro;10;415;7;6.814217;0;0;9;3;106;9;55.0;1;0;4;3;0;5;3;1;1;3;2;0;0;0;0;0
2774;546;2019;Mediocentro;10;585;7;6.735556;1;0;9;3;125;3;61.9;12;1;11;0;0;7;8;5;3;5;4;0;0;0;0;0
2824;546;2019;Mediocentro;35;2910;34;6.822096;2;0;34;11;512;14;68.74;49;7;54;64;28;11;22;16;11;33;5;0;0;0;0;0
9934;546;2019;Delantero;5;204;4;6.623039;0;1;5;1;31;2;50.0;0;1;0;0;0;0;7;5;3;1;2;0;0;0;0;0
18902;546;2019;Mediocentro;19;588;9;6.756122;1;3;14;3;109;9;66.53;9;0;10;0;0;9;15;30;18;3;2;0;0;0;0;0
47010;546;2019;Mediocentro;22;967;15;6.790072;3;0;19;7;238;4;55.09;10;3;18;46;22;14;20;4;4;8;4;0;0;0;0;0
47247;546;2019;Portero;38;3439;38;6.763042;0;0;0;0;462;0;41.89;2;0;3;3;2;0;2;0;0;2;2;0;0;37;74;1
47249;546;2019;Defensa;18;1530;18;6.708824;2;0;10;3;281;2;49.78;9;4;21;0;0;9;16;3;3;7;3;0;0;0;0;0
47250;546;2019;Defensa;34;3073;34;6.724439;0;0;5;1;700;6;67.74;40;6;35;49;34;25;41;19;15;13;5;0;0;0;0;0
47252;546;2019;Defensa;2;180;2;6.15;0;0;0;0;56;0;82.0;2;0;0;0;0;2;6;0;0;0;1;0;0;0;0;0
47254;546;2019;Defensa;24;1885;24;6.790663;0;1;6;1;321;10;52.5;66;3;22;76;46;17;32;33;22;18;7;1;0;0;0;0
47255;546;2019;Defensa;1;9;0;6.5;0;0;0;0;0;0;0.0;0;0;0;0;0;0;0;0;0;0;0;0;0;0;0;0
47257;546;2019;Defensa;30;2611;30;6.857985;1;4;21;5;678;32;64.57;48;2;27;39;20;48;55;39;24;34;15;0;0;0;0;0
47258;546;2019;Mediocentro;35;3087;34;6.796663;1;1;47;7;607;17;67.09;68;5;42;82;41;63;79;41;28;37;11;1;0;0;0;0
47259;546;2019;Mediocentro;2;70;0;6.4;0;0;1;0;9;0;56.0;0;0;0;0;0;0;3;0;0;0;2;0;0;0;0;0
47262;546;2019;Mediocentro;16;386;5;6.775648;0;2;3;1;113;8;71.25;11;0;2;5;2;3;10;12;9;8;3;0;0;0;0;0
47264;546;2019;Delantero;12;400;5;6.721;1;1;5;3;40;3;52.75;8;0;1;40;17;16;11;0;0;5;3;0;0;0;0;0
47265;546;2019;Delantero;34;1903;26;6.891067;5;3;32;11;377;24;66.15;9;2;5;53;26;47;34;38;22;11;6;1;2;0;0;0
47266;546;2019;Delantero;32;1409;18;6.830802;10;3;53;23;177;18;63.12;12;1;3;26;10;26;52;32;20;16;6;0;1;0;0;0
47380;546;2019;Mediocentro;37;3254;37;6.822034;1;5;30;6;759;53;66.49;67;8;35;75;32;62;78;50;23;52;9;0;0;0;0;0
47407;546;2019;Defensa;34;2441;31;6.530561;2;0;13;4;366;9;54.32;40;4;14;46;24;23;63;34;15;17;13;1;0;0;0;0
47452;546;2019;Defensa;4;273;3;6.754945;0;0;1;0;70;0;44.5;3;1;3;15;6;1;7;0;0;3;0;0;0;0;0;0
47459;546;2019;Defensa;4;314;3;6.440127;0;0;3;0;73;0;53.5;4;0;5;9;5;1;7;1;1;1;4;0;0;0;0;0
47473;546;2019;Mediocentro;20;1199;14;6.992577;1;4;27;8;194;24;72.15;29;3;18;51;29;31;24;52;24;18;5;0;0;0;0;0
47506;546;2019;Defensa;4;246;4;6.902439;0;0;0;0;51;3;63.25;5;1;4;0;0;4;3;6;4;3;0;0;0;0;0;0
47565;546;2019;Defensa;17;1460;16;6.710753;0;0;6;2;238;2;53.18;20;5;15;22;14;12;16;1;0;11;7;0;0;0;0;0
47581;546;2019;Delantero;5;170;4;6.636471;0;0;3;1;24;0;31.0;2;0;2;0;0;2;4;3;1;2;0;0;0;0;0;0
86511;546;2019;Mediocentro;1;1;0;0.0;0;0;0;0;0;0;0.0;0;0;0;1;0;0;0;0;0;0;0;0;0;0;0;0
104793;546;2019;Delantero;7;89;2;6.407865;0;0;0;0;11;0;48.71;2;0;0;13;5;4;3;10;5;5;0;0;0;0;0;0
1447;548;2019;Defensa;29;2410;27;6.869959;2;0;19;7;901;13;83.21;37;5;45;27;13;17;34;16;10;20;3;0;0;0;0;0
2864;548;2019;Delantero;37;1508;25;6.718899;9;1;44;22;209;14;77.57;8;0;3;31;11;15;22;29;17;8;4;0;0;0;0;0
2924;548;2019;Mediocentro;24;1195;15;6.924854;4;3;24;9;298;21;68.38;8;1;6;10;6;39;25;66;37;13;3;0;0;0;0;0
37127;548;2019;Mediocentro;31;2532;30;7.243839;4;6;50;16;1266;65;84.65;18;0;15;22;11;37;24;103;63;27;3;0;0;0;0;0
47269;548;2019;Portero;25;2264;25;6.808878;0;0;1;0;608;1;72.04;0;0;0;0;0;5;0;0;0;1;0;0;0;31;63;0
47295;548;2019;Portero;13;1175;13;6.883404;0;0;0;0;310;0;77.46;0;0;1;2;1;0;0;2;2;1;0;0;0;16;36;0
47298;548;2019;Defensa;22;1523;17;6.892974;0;1;9;1;787;4;79.36;25;8;15;16;10;9;12;4;2;9;5;0;0;0;0;0
47299;548;2019;Defensa;14;724;10;6.730387;0;0;1;1;267;6;68.79;15;2;13;24;7;8;10;6;4;10;2;0;0;0;0;0
47301;548;2019;Defensa;31;2407;27;6.9172;1;0;12;2;1511;5;84.35;47;6;24;63;44;22;28;3;2;10;6;0;0;0;0;0
47302;548;2019;Defensa;29;2338;27;6.714414;1;1;10;4;1420;4;85.0;22;7;29;46;26;17;21;9;8;12;6;1;0;0;0;0
47303;548;2019;Defensa;15;991;11;6.582341;0;0;0;0;395;2;73.13;24;2;3;27;17;9;7;12;6;10;1;0;0;0;0;0
47304;548;2019;Defensa;1;16;1;6.6;0;0;1;0;4;0;66.0;0;0;0;0;0;0;0;0;0;0;0;0;0;0;0;0
47307;548;2019;Defensa;30;2568;29;6.827298;0;2;7;2;915;18;76.47;60;6;37;33;15;60;41;37;19;29;8;1;0;0;0;0
47308;548;2019;Mediocentro;2;34;0;6.758824;0;1;1;0;14;2;71.0;0;0;0;1;1;0;1;1;1;0;0;0;0;0;0;0
47309;548;2019;Mediocentro;14;942;13;6.668047;0;0;3;0;569;6;75.71;27;3;8;0;0;5;27;13;11;18;4;0;0;0;0;0
47310;548;2019;Mediocentro;3;217;3;6.914747;0;0;1;0;165;1;86.67;2;1;5;0;0;3;2;1;0;4;0;0;0;0;0;0
47311;548;2019;Mediocentro;36;3156;36;7.069043;5;1;44;14;1465;32;75.25;76;8;55;110;58;91;78;59;38;57;9;0;0;0;0;0
47313;548;2019;Mediocentro;11;380;7;6.747105;0;1;6;5;140;9;65.91;1;0;1;0;0;7;1;9;6;7;0;0;0;0;0;0
47314;548;2019;Mediocentro;33;2651;30;6.803433;0;1;14;1;1474;5;84.76;42;20;26;31;18;23;51;25;22;16;9;0;0;0;0;0
47315;548;2019;Mediocentro;9;583;6;6.835163;0;0;4;0;360;5;84.44;16;0;8;52;34;6;9;6;3;7;3;0;0;0;0;0
47316;548;2019;Mediocentro;5;168;4;6.485714;0;0;0;0;57;0;80.4;4;0;4;0;0;3;3;0;0;1;0;0;0;0;0;0
47317;548;2019;Delantero;17;455;8;6.673407;1;0;15;5;124;9;71.59;11;0;4;42;23;5;14;38;21;7;1;0;0;0;0;0
47319;548;2019;Delantero;37;2036;27;6.801523;11;1;59;19;398;19;74.05;4;4;1;27;12;25;27;14;7;6;4;0;0;0;0;0
47321;548;2019;Delantero;3;62;0;6.9;0;1;0;0;28;1;81.67;4;0;0;6;4;3;0;3;2;0;0;0;0;0;0;0
47323;548;2019;Mediocentro;37;3071;37;7.083491;10;11;61;22;801;53;76.49;34;2;13;51;25;56;31;102;67;32;4;0;4;0;0;0
47520;548;2019;Mediocentro;35;2412;29;6.889594;7;8;41;17;400;34;71.11;29;2;12;39;15;23;31;31;12;20;5;0;0;0;0;0
182546;548;2019;Defensa;1;78;1;6.5;0;0;0;0;27;0;73.0;0;0;0;0;0;0;2;1;1;0;0;0;0;0;0;0
741;715;2019;Defensa;11;652;8;6.563497;0;0;1;0;173;0;73.27;6;4;5;7;2;1;6;2;2;1;1;0;0;0;0;0
1346;715;2019;Mediocentro;4;236;3;6.623729;0;0;1;0;39;0;63.25;4;0;5;1;1;2;3;4;2;2;1;0;0;0;0;0
1375;715;2019;Delantero;33;2367;30;6.768864;7;4;33;14;375;28;70.12;11;4;4;41;13;44;43;28;9;15;14;0;1;0;0;0
1615;715;2019;Mediocentro;12;367;4;6.590191;0;1;6;3;90;7;63.08;19;1;3;42;18;1;9;14;8;10;1;0;0;0;0;0
2051;715;2019;Mediocentro;19;1513;18;6.869795;0;0;6;4;473;8;80.11;60;3;19;0;0;25;36;19;13;32;7;0;0;0;0;0
2449;715;2019;Mediocentro;30;2379;30;6.904077;2;3;34;4;684;18;72.53;83;7;37;89;40;56;91;38;19;42;14;0;0;0;0;0
2459;715;2019;Mediocentro;36;2134;25;7.002109;7;6;72;28;316;41;71.75;19;4;29;40;18;43;43;90;52;16;5;0;1;0;0;0
46672;715;2019;Portero;35;3161;35;6.869693;0;0;0;0;608;2;52.63;2;0;2;1;1;4;0;1;1;0;3;0;0;42;100;1
46673;715;2019;Portero;3;270;3;7.2;0;0;0;0;52;0;48.33;1;0;0;0;0;0;0;0;0;0;0;0;0;3;10;0
46677;715;2019;Defensa;36;2896;33;7.083598;1;5;16;1;750;30;64.47;65;22;49;40;29;11;20;23;10;29;4;0;0;0;0;0
46679;715;2019;Defensa;10;721;9;6.525936;0;0;10;0;159;7;62.6;16;1;10;0;0;6;8;16;6;9;2;0;0;0;0;0
46680;715;2019;Defensa;20;1193;15;6.734367;0;1;2;0;359;1;63.8;20;4;18;13;8;7;4;5;5;11;0;0;0;0;0;0
46681;715;2019;Defensa;1;14;1;6.6;0;0;1;0;5;0;100.0;0;0;0;0;0;0;0;0;0;0;0;0;0;0;0;0
46682;715;2019;Defensa;26;2217;25;6.592512;0;1;8;4;414;10;68.96;14;2;32;33;21;38;12;16;5;12;2;0;0;0;0;0
46683;715;2019;Defensa;28;2295;27;6.846667;2;0;10;4;745;5;74.57;16;23;32;39;21;22;30;1;1;10;12;1;0;0;0;0
46685;715;2019;Mediocentro;25;1355;18;6.628192;2;0;20;4;294;6;78.68;11;2;19;19;8;19;29;9;3;11;3;0;0;0;0;0
46687;715;2019;Mediocentro;15;972;12;7.161523;2;5;14;5;429;21;80.6;15;2;13;8;6;18;22;10;7;10;6;0;0;0;0;0
46689;715;2019;Mediocentro;36;2575;32;6.586563;7;3;44;18;486;19;71.08;28;2;11;68;21;37;39;89;46;37;7;0;0;0;0;0
46692;715;2019;Mediocentro;22;1227;19;6.84295;3;1;17;5;263;22;74.05;13;0;7;0;0;20;9;39;20;6;0;0;1;0;0;0
46693;715;2019;Mediocentro;18;884;12;6.694118;2;1;18;3;226;18;74.89;4;1;5;20;10;16;8;22;13;9;1;0;1;0;0;0
46695;715;2019;Delantero;7;232;4;6.831034;0;0;6;1;50;2;66.29;4;0;1;0;0;6;5;1;0;1;0;0;0;0;0;0
46795;715;2019;Defensa;36;3097;34;6.840943;3;1;13;5;977;1;75.39;27;22;33;44;22;22;39;7;5;9;7;0;0;0;0;0
46808;715;2019;Delantero;34;2202;27;6.845822;11;3;47;21;362;20;61.56;21;2;10;96;48;45;60;54;30;30;8;0;1;0;0;0
46920;715;2019;Mediocentro;28;1520;20;6.594079;0;0;7;0;316;4;73.64;36;4;23;46;22;32;50;29;17;17;4;0;0;0;0;0
47251;715;2019;Defensa;17;1134;14;6.72619;1;0;5;2;193;6;58.53;23;3;13;37;19;17;20;21;15;10;4;0;0;0;0;0
147797;715;2019;Delantero;8;181;2;6.467403;1;0;3;2;16;2;56.88;1;0;2;13;6;3;6;9;4;0;2;0;0;0;0;0
181852;715;2019;Mediocentro;1;8;0;6.7;0;0;0;0;0;0;0.0;0;0;0;2;2;2;0;0;0;0;0;0;0;0;0;0
2205;720;2019;Mediocentro;5;158;2;6.312658;0;0;2;0;40;1;70.0;0;0;0;4;1;0;2;13;8;3;1;0;0;0;0;0
2717;720;2019;Mediocentro;11;203;7;6.546798;0;0;1;0;89;0;82.82;3;3;4;0;0;5;3;2;2;4;1;0;0;0;0;0
9925;720;2019;Mediocentro;3;166;2;6.614458;0;0;3;0;37;1;82.0;6;0;3;19;11;1;2;2;2;2;0;0;0;0;0;0
30737;720;2019;Defensa;5;450;5;6.54;0;0;1;1;114;1;64.8;9;1;8;0;0;5;8;3;2;2;3;0;0;0;0;0
46691;720;2019;Mediocentro;25;1773;21;6.583926;0;0;3;1;545;7;78.84;25;8;27;25;12;25;32;2;2;22;4;0;0;0;0;0
46698;720;2019;Portero;3;249;3;7.148594;0;0;0;0;27;0;31.33;1;0;0;1;1;0;0;0;0;0;0;0;0;3;10;0
46790;720;2019;Mediocentro;2;88;1;7.267045;1;0;2;1;22;3;69.5;1;0;0;9;5;0;0;4;3;1;0;0;0;0;0;0
47324;720;2019;Delantero;24;1314;17;6.79688;3;1;45;18;243;11;76.67;10;0;6;28;10;42;15;33;16;18;2;0;0;0;0;0
47474;720;2019;Portero;35;3170;35;6.780631;0;0;0;0;439;1;47.09;1;0;1;1;1;2;0;0;0;2;2;0;0;39;87;1
47475;720;2019;Portero;1;25;0;6.2;0;0;0;0;1;0;14.0;0;0;0;0;0;0;0;0;0;0;0;0;0;1;0;0
47480;720;2019;Defensa;31;2739;31;6.903834;1;1;7;1;888;2;79.65;38;23;37;4;3;13;22;10;10;13;4;0;0;0;0;0
47481;720;2019;Defensa;23;1913;21;6.859906;0;2;9;2;606;25;68.0;40;8;23;25;11;12;27;23;12;28;2;0;0;0;0;0
47482;720;2019;Defensa;26;2244;26;6.729456;0;0;6;0;575;13;70.0;17;5;28;30;17;23;22;20;17;12;4;0;0;0;0;0
47483;720;2019;Defensa;35;2960;33;6.839493;2;0;9;4;1105;3;85.8;33;15;62;24;12;29;14;13;10;23;2;0;0;0;0;0
47484;720;2019;Defensa;15;1043;13;6.74813;0;0;1;0;245;9;72.2;25;0;17;24;13;7;18;14;5;8;1;0;0;0;0;0
47485;720;2019;Mediocentro;27;1949;22;7.041457;2;2;33;8;816;16;76.0;53;12;15;41;26;57;37;28;24;35;10;0;0;0;0;0
47487;720;2019;Mediocentro;20;1673;20;6.801435;2;0;10;4;611;4;75.7;30;10;33;13;7;9;32;9;7;21;9;0;0;0;0;0
47489;720;2019;Mediocentro;29;2192;28;6.860128;1;2;13;3;1071;30;80.62;43;3;32;13;4;16;35;25;17;53;6;0;1;0;0;0
47490;720;2019;Mediocentro;25;1029;13;6.734208;1;0;19;8;256;13;80.04;24;0;4;39;26;25;9;48;28;10;1;0;0;0;0;0
47492;720;2019;Mediocentro;23;1363;19;6.408144;0;1;19;5;312;11;74.87;31;1;8;22;7;37;14;97;41;38;4;0;0;0;0;0
47494;720;2019;Delantero;7;242;3;6.629339;0;0;2;1;17;1;48.43;2;1;0;13;6;8;5;5;3;1;1;0;0;0;0;0
47495;720;2019;Delantero;35;2663;31;6.733947;8;2;57;20;450;18;70.26;14;0;6;63;28;65;52;64;39;20;6;0;0;0;0;0
47496;720;2019;Mediocentro;36;2524;30;6.824406;4;2;38;13;508;24;71.03;45;3;35;39;22;61;46;26;17;37;6;0;0;0;0;0
47498;720;2019;Mediocentro;21;886;15;6.538826;0;2;17;4;180;16;57.52;13;0;8;33;9;5;19;36;17;26;6;0;0;0;0;0
47499;720;2019;Delantero;35;2361;27;6.934477;6;2;60;26;394;28;62.0;23;5;7;69;29;55;41;37;25;23;4;0;2;0;0;0
47506;720;2019;Defensa;12;1025;12;6.808878;0;1;8;3;222;8;68.92;20;2;9;9;7;7;7;10;5;12;2;0;0;0;0;0
47519;720;2019;Defensa;13;734;12;6.545777;0;0;1;0;168;4;65.0;15;0;8;0;0;12;4;19;12;8;1;0;0;0;0;0
107153;720;2019;Mediocentro;6;231;2;6.54026;0;0;5;0;86;4;74.83;7;0;9;36;15;6;8;10;6;4;1;0;0;0;0;0
128582;720;2019;Delantero;3;56;1;6.523214;0;0;1;0;13;1;90.0;2;0;0;0;0;0;2;2;1;1;0;0;0;0;0;0
195164;720;2019;Defensa;8;513;6;6.652242;0;1;3;0;156;1;72.12;5;2;5;31;14;3;7;3;2;2;1;0;0;0;0;0
392;727;2019;Delantero;26;1452;21;6.625689;2;0;18;8;349;27;71.15;7;2;5;61;21;6;9;45;23;17;0;0;1;0;0;0
920;727;2019;Defensa;8;480;6;7.022917;1;0;4;2;118;4;65.0;23;1;10;39;20;3;13;5;3;1;3;0;0;0;0;0
922;727;2019;Defensa;16;1280;15;6.756094;1;0;3;2;390;4;73.38;23;3;21;29;18;13;17;21;18;9;4;2;0;0;0;0
46646;727;2019;Portero;19;1662;19;6.828941;0;0;0;0;214;1;40.26;1;0;1;4;3;7;1;3;3;3;2;1;0;27;53;0
46647;727;2019;Portero;19;1583;19;6.545989;0;0;0;0;210;0;44.16;1;0;1;1;1;2;0;2;2;0;0;0;0;24;32;0
46649;727;2019;Portero;2;180;2;6.8;0;0;0;0;22;0;45.0;1;0;0;0;0;0;0;0;0;1;0;0;0;3;7;0
46650;727;2019;Defensa;4;194;3;6.851031;0;0;1;0;76;1;60.75;4;1;2;0;0;2;3;3;3;0;2;0;0;0;0;0
46652;727;2019;Defensa;8;544;7;7.008272;1;0;3;1;139;1;71.0;10;8;7;0;0;3;4;3;3;3;0;0;0;0;0;0
46653;727;2019;Defensa;32;2799;32;6.725652;0;0;18;5;884;6;69.75;25;16;48;58;29;14;52;2;1;16;7;0;0;0;0;0
46654;727;2019;Defensa;29;2617;29;6.905808;3;0;12;3;744;3;75.03;34;15;37;41;29;12;21;4;3;4;8;0;0;0;0;0
46656;727;2019;Mediocentro;29;2335;27;6.794261;2;1;18;5;697;15;69.79;60;8;34;61;39;41;41;13;8;37;14;1;0;0;0;0
46657;727;2019;Defensa;30;2339;26;6.901069;0;0;18;4;674;21;66.03;36;6;44;43;24;37;26;35;26;19;5;0;0;0;0;0
46658;727;2019;Mediocentro;30;2197;26;7.159445;8;2;56;20;656;50;72.87;49;5;11;24;12;26;45;44;30;25;6;0;1;0;0;0
46659;727;2019;Mediocentro;14;538;9;6.379182;1;0;8;1;128;4;79.29;10;0;5;0;0;20;9;22;15;13;3;0;0;0;0;0
46660;727;2019;Mediocentro;1;9;0;6.3;0;0;0;0;5;0;83.0;0;0;0;2;1;0;0;0;0;0;0;0;0;0;0;0
46661;727;2019;Mediocentro;23;1165;16;6.75176;0;1;13;2;574;10;67.74;23;4;25;19;10;17;17;32;23;19;9;1;0;0;0;0
46662;727;2019;Mediocentro;27;1504;18;6.814694;1;0;13;4;468;11;76.81;50;5;18;38;24;7;29;11;10;28;4;0;0;0;0;0
46664;727;2019;Mediocentro;2;26;2;6.492308;0;0;0;0;6;0;75.0;0;0;0;0;0;1;0;0;0;0;0;0;0;0;0;0
46665;727;2019;Mediocentro;22;1083;13;6.789012;2;1;19;7;398;15;75.18;14;1;14;33;14;12;18;8;8;13;4;0;0;0;0;0
46666;727;2019;Mediocentro;36;2737;33;7.125758;7;8;79;24;663;42;69.11;30;2;28;36;19;32;19;39;20;30;1;0;5;0;0;0
46667;727;2019;Mediocentro;8;325;4;6.518462;0;1;6;3;54;4;74.12;1;1;0;36;14;4;4;23;11;0;0;0;0;0;0;0
46670;727;2019;Delantero;8;413;6;6.484746;0;1;8;2;76;4;67.62;5;0;0;0;0;6;6;8;4;4;4;0;0;0;0;0
46671;727;2019;Delantero;10;244;6;6.725;1;0;5;3;52;4;56.4;1;1;1;0;0;2;7;2;1;2;1;0;1;0;0;0
46731;727;2019;Defensa;36;2984;32;6.846883;1;5;19;2;953;45;72.08;80;7;59;51;26;38;42;114;59;33;9;0;0;0;0;0
47305;727;2019;Defensa;9;710;9;6.729577;0;0;0;0;214;2;73.0;11;4;19;17;8;4;9;2;1;7;2;0;0;0;0;0
47361;727;2019;Mediocentro;31;2265;27;6.620751;0;1;22;8;551;23;71.19;46;4;20;44;20;22;57;17;8;24;8;0;0;0;0;0
47393;727;2019;Delantero;19;702;10;6.633476;1;2;12;4;126;10;73.95;0;0;2;12;4;9;8;18;9;8;1;0;0;0;0;0
47419;727;2019;Delantero;14;791;9;6.587863;2;1;21;6;124;7;79.07;4;0;6;57;26;17;11;9;2;12;2;0;0;0;0;0
47579;727;2019;Delantero;20;1593;20;7.185311;9;2;69;28;167;22;58.95;12;0;3;0;0;43;46;26;16;13;6;0;0;0;0;0
47581;727;2019;Delantero;14;887;10;6.911725;3;0;21;7;129;9;56.29;9;2;4;45;19;9;35;9;4;4;5;1;0;0;0;0
67939;727;2019;Mediocentro;1;10;0;6.3;0;0;0;0;4;0;80.0;0;0;0;2;0;0;2;0;0;0;0;0;0;0;0;0
1595;798;2019;Defensa;2;93;1;6.633333;0;0;0;0;27;1;69.0;1;1;1;0;0;0;3;0;0;1;0;0;0;0;0;0
3415;798;2019;Defensa;23;1808;22;6.578816;1;0;14;2;500;17;74.13;28;2;20;16;11;9;13;49;31;19;5;1;0;0;0;0
18900;798;2019;Mediocentro;1;8;1;5.9;0;0;0;0;1;0;33.0;0;0;0;0;0;0;1;1;0;1;0;0;0;0;0;0
19011;798;2019;Portero;1;90;1;5.3;0;0;0;0;19;0;70.0;0;0;0;0;0;0;1;0;0;0;0;0;0;3;3;0
21996;798;2019;Defensa;2;109;2;6.665138;0;0;1;0;22;0;34.0;1;0;1;0;0;0;1;1;0;0;1;0;0;0;0;0
22014;798;2019;Delantero;13;227;4;6.414537;0;0;5;1;34;2;62.77;1;1;1;22;8;4;14;3;2;4;1;0;0;0;0;0
22104;798;2019;Delantero;4;84;1;6.511905;0;0;1;0;32;2;87.25;0;0;1;0;0;4;3;3;2;4;0;0;0;0;0;0
31563;798;2019;Delantero;14;323;3;6.734365;0;0;10;4;111;14;74.57;2;0;4;15;6;9;5;13;8;6;0;0;0;0;0;0
32862;798;2019;Mediocentro;35;2315;28;6.896156;4;4;55;25;510;35;71.63;32;1;23;54;27;64;35;124;63;29;4;0;0;0;0;0
40419;798;2019;Defensa;12;819;10;6.720635;0;0;1;1;307;1;84.42;13;11;17;28;19;4;11;4;3;4;3;1;0;0;0;0
46688;798;2019;Defensa;19;1511;17;6.723163;1;2;7;2;502;17;75.47;38;2;24;46;24;17;21;29;16;18;0;0;0;0;0;0
46711;798;2019;Mediocentro;29;1706;24;6.717292;0;3;8;4;571;22;83.07;36;0;18;24;17;48;20;61;40;24;4;0;0;0;0;0
46728;798;2019;Portero;1;90;1;6.5;0;0;0;0;15;0;71.0;0;0;0;0;0;0;0;0;0;0;0;0;0;2;3;0
46729;798;2019;Portero;36;3253;36;6.842822;0;0;0;0;581;0;57.56;0;0;5;2;2;7;0;0;0;1;4;0;0;60;121;1
46730;798;2019;Defensa;9;480;4;6.638542;0;1;4;0;147;3;57.56;7;4;11;9;5;3;8;0;0;4;1;0;0;0;0;0
46732;798;2019;Defensa;23;1785;19;6.793669;0;1;15;2;475;13;77.22;65;11;29;21;9;8;25;22;17;41;5;0;0;0;0;0
46733;798;2019;Defensa;32;2792;32;6.707844;1;0;14;2;970;6;81.66;31;26;22;28;19;16;32;7;7;6;9;1;0;0;0;0
46737;798;2019;Defensa;19;1365;16;6.559707;0;2;16;1;326;16;70.37;25;2;24;2;1;19;20;13;3;21;4;0;0;0;0;0
46738;798;2019;Defensa;36;3198;36;6.711507;0;0;15;3;991;5;82.0;23;27;37;15;9;9;19;10;6;11;6;0;0;0;0;0
46739;798;2019;Mediocentro;36;2927;35;6.616672;0;0;14;2;1023;6;79.81;54;7;41;49;28;60;41;63;54;49;6;0;0;0;0;0
46741;798;2019;Mediocentro;3;131;2;6.319847;0;0;0;0;29;0;86.0;1;0;4;0;0;0;2;0;0;4;0;0;0;0;0;0
46742;798;2019;Mediocentro;37;3061;37;6.825482;5;2;51;12;910;39;80.54;60;4;39;69;37;73;62;89;46;44;7;0;1;0;0;0
46743;798;2019;Mediocentro;35;2585;31;7.09207;5;3;34;14;1383;59;85.77;28;5;30;16;7;20;35;23;9;19;10;1;2;0;0;0
46746;798;2019;Delantero;35;2782;33;6.944752;13;2;56;22;368;13;62.89;30;4;6;63;32;60;67;46;19;21;12;0;2;0;0;0
46748;798;2019;Delantero;2;35;2;6.385714;0;0;1;1;7;0;75.0;1;0;0;0;0;0;2;2;0;1;0;0;0;0;0;0
46749;798;2019;Mediocentro;35;2209;27;6.533409;4;0;41;12;485;19;72.11;27;5;14;21;12;45;38;68;30;14;3;0;3;0;0;0
46751;798;2019;Delantero;20;289;7;6.416955;0;0;11;4;43;1;62.35;1;0;0;7;0;2;7;7;1;1;1;0;0;0;0;0
46898;798;2019;Delantero;6;112;2;6.498214;0;0;0;0;21;0;54.67;0;0;0;0;0;4;5;3;0;0;0;0;0;0;0;0
47582;798;2019;Delantero;22;1492;20;6.888204;5;1;45;14;287;18;68.27;15;1;12;57;31;37;16;64;32;15;5;1;0;0;0;0
104841;798;2019;Mediocentro;6;154;3;6.658442;0;0;1;1;78;3;79.83;2;1;0;3;2;4;1;6;3;3;0;0;0;0;0;0
263812;798;2019;Mediocentro;1;11;0;6.3;0;0;0;0;1;0;100.0;0;0;0;0;0;1;1;0;0;0;0;0;0;0;0;0
265722;798;2019;Defensa;1;11;0;6.2;0;0;0;0;1;0;100.0;0;0;0;2;0;0;0;0;0;1;0;0;0;0;0;0
56;529;2020;Delantero;38;2621;32;7.362419;13;7;62;34;1315;42;30.24;37;0;12;204;115;34;13;37;26;28;4;0;1;0;0;0
126;529;2020;Portero;24;0;0;0.0;0;0;0;0;0;0;0.0;0;0;0;0;0;0;0;0;0;0;0;0;0;0;0;0
127;529;2020;Portero;31;2795;31;6.906619;0;0;1;0;886;1;24.84;0;0;0;10;7;1;1;0;0;2;1;0;0;32;78;0
128;529;2020;Defensa;36;3035;34;7.236507;3;5;25;10;2567;53;61.94;45;1;48;162;81;15;20;32;17;28;9;0;0;0;0;0
133;529;2020;Defensa;35;2486;29;6.913596;1;0;10;5;2299;9;60.51;36;4;33;245;135;31;50;11;8;9;11;2;0;0;0;0
136;529;2020;Defensa;20;1484;18;7.010512;0;0;7;2;1239;2;58.35;16;2;26;124;84;5;13;2;2;3;4;0;0;0;0;0
137;529;2020;Defensa;16;944;9;7.106674;1;2;3;1;799;13;45.06;9;2;9;64;37;10;7;9;8;6;1;0;0;0;0;0
139;529;2020;Defensa;27;640;6;6.949375;0;0;2;1;615;1;21.37;5;3;9;54;28;8;14;1;1;1;1;0;0;0;0;0
142;529;2020;Mediocentro;1;0;0;0.0;0;0;0;0;0;0;0.0;0;0;0;0;0;0;0;0;0;0;0;0;0;0;0;0
143;529;2020;Mediocentro;16;51;0;6.590196;0;0;1;0;39;0;2.25;1;0;0;8;1;0;4;0;0;0;1;0;0;0;0;0
144;529;2020;Mediocentro;36;2530;32;7.146877;0;5;2;1;2682;30;68.06;63;0;53;313;172;61;44;9;8;49;9;0;0;0;0;0
146;529;2020;Mediocentro;1;0;0;0.0;0;0;0;0;0;0;0.0;0;0;0;0;0;0;0;0;0;0;0;0;0;0;0;0
147;529;2020;Mediocentro;13;655;8;7.07771;2;2;21;10;485;7;33.23;8;0;2;67;34;13;9;15;11;6;0;0;0;0;0;0
148;529;2020;Mediocentro;37;313;2;6.807029;1;0;3;2;345;6;8.57;5;0;1;32;22;10;2;7;6;4;1;0;0;0;0;0
153;529;2020;Delantero;33;1780;19;7.201461;6;3;40;23;922;40;23.97;14;0;9;218;114;28;15;99;63;11;2;0;0;0;0;0
154;529;2020;Delantero;35;3028;33;8.371929;30;9;141;91;2246;81;54.69;18;0;6;500;285;99;22;247;160;10;4;0;3;0;0;0
538;529;2020;Mediocentro;37;3164;35;7.189918;3;4;13;6;2784;49;69.19;43;1;38;291;184;44;25;67;58;20;5;0;0;0;0;0
872;529;2020;Mediocentro;36;638;6;6.949843;0;0;12;3;748;12;19.03;13;0;11;62;40;10;4;7;7;6;1;0;0;0;0;0
912;529;2020;Portero;35;630;7;6.985714;0;0;0;0;204;0;5.0;0;0;0;3;0;0;0;0;0;1;0;0;0;6;18;0
1564;529;2020;Defensa;35;285;3;7.196491;1;1;1;1;203;5;5.2;1;3;4;26;11;6;9;5;1;1;2;0;0;0;0;0
2737;529;2020;Delantero;32;1185;11;6.684641;2;2;17;7;276;12;7.09;8;0;6;105;53;20;11;16;9;5;3;0;0;0;0;0
9925;529;2020;Mediocentro;23;0;0;0.0;0;0;0;0;0;0;0.0;0;0;0;0;0;0;0;0;0;0;0;0;0;0;0;0
38735;529;2020;Defensa;35;1919;23;6.794789;2;1;10;5;1115;23;28.69;30;3;11;170;77;11;16;60;29;14;1;0;0;0;0;0
41112;529;2020;Delantero;38;698;3;6.824069;3;2;17;12;371;8;8.42;4;0;1;102;47;13;6;45;27;4;1;0;0;0;0;0
101814;529;2020;Defensa;30;1519;16;7.139302;2;1;10;4;1065;3;32.63;23;7;20;135;99;17;12;8;8;0;3;0;0;0;0;0
129880;529;2020;Defensa;3;0;0;0.0;0;0;0;0;0;0;0.0;0;0;0;0;0;0;0;0;0;0;0;0;0;0;0;0
133609;529;2020;Mediocentro;37;2427;28;7.00033;3;3;18;9;1695;39;40.19;43;1;33;243;119;42;17;41;29;54;2;0;0;0;0;0
135775;529;2020;Mediocentro;7;435;6;7.412644;4;0;13;7;198;9;23.71;9;0;3;69;33;11;6;23;11;7;1;0;0;0;0;0
161929;529;2020;Delantero;18;0;0;0.0;0;0;0;0;0;0;0.0;0;0;0;0;0;0;0;0;0;0;0;0;0;0;0;0
162123;529;2020;Mediocentro;17;538;4;6.929368;1;2;10;3;370;7;19.94;14;1;5;104;63;19;16;19;17;5;1;0;0;0;0;0
162473;529;2020;Portero;24;0;0;0.0;0;0;0;0;0;0;0.0;0;0;0;0;0;0;0;0;0;0;0;0;0;0;0;0
162712;529;2020;Defensa;32;1902;23;7.08817;2;2;11;6;1595;8;46.25;52;2;20;162;90;16;20;10;8;23;4;0;0;0;0;0
29;530;2020;Portero;38;3420;38;7.178947;0;0;0;0;872;0;13.53;0;0;0;13;12;5;0;1;1;0;0;0;0;25;103;2
31;530;2020;Defensa;25;1766;20;7.029219;0;0;12;5;1102;4;38.56;20;6;21;138;83;17;19;2;1;5;5;0;0;0;0;0
37;530;2020;Defensa;3;0;0;0.0;0;0;0;0;0;0;0.0;0;0;0;0;0;0;0;0;0;0;0;0;0;0;0;0
39;530;2020;Defensa;34;2954;33;7.020244;1;0;5;2;1740;2;43.59;40;14;43;240;151;16;28;6;6;13;15;0;0;0;0;0
45;530;2020;Mediocentro;29;1384;19;7.160116;1;3;18;11;722;21;21.31;30;0;11;168;102;23;15;48;42;13;4;0;0;0;0;0
46;530;2020;Mediocentro;36;296;3;6.507432;0;0;2;0;148;3;3.47;4;0;3;39;17;8;6;4;2;5;2;0;0;0;0;0
47;530;2020;Mediocentro;3;0;0;0.0;0;0;0;0;0;0;0.0;0;0;0;0;0;0;0;0;0;0;0;0;0;0;0;0
48;530;2020;Mediocentro;34;2032;22;6.961614;2;1;26;13;1118;24;27.76;57;2;19;305;149;15;44;20;16;29;10;0;0;0;0;0
49;530;2020;Mediocentro;3;199;2;7.494975;0;0;2;0;220;0;65.33;7;0;2;29;17;1;5;8;7;3;1;0;0;0;0;0
50;530;2020;Mediocentro;37;3025;34;7.050612;1;2;10;7;2413;38;58.24;64;1;36;337;160;44;45;36;26;70;9;0;0;0;0;0
52;530;2020;Delantero;18;0;0;0.0;0;0;0;0;0;0;0.0;0;0;0;0;0;0;0;0;0;0;0;0;0;0;0;0
53;530;2020;Delantero;38;2411;29;6.974285;9;8;41;23;854;38;18.0;38;0;22;324;131;30;37;90;53;30;3;0;0;0;0;0
54;530;2020;Delantero;7;207;2;6.955556;2;0;4;3;72;4;8.0;1;0;0;43;14;3;7;1;1;2;1;0;1;0;0;0
58;530;2020;Delantero;1;0;0;0.0;0;0;0;0;0;0;0.0;0;0;0;0;0;0;0;0;0;0;0;0;0;0;0;0
157;530;2020;Delantero;32;2519;30;7.238071;21;3;87;43;574;27;12.94;11;0;5;189;90;40;21;33;13;9;6;0;3;0;0;0
169;530;2020;Defensa;28;2477;28;7.303755;0;6;2;1;1490;35;42.25;61;2;40;227;135;15;30;25;19;26;0;0;0;0;0;0
199;530;2020;Mediocentro;27;519;6;6.720231;0;0;0;0;226;0;6.07;18;0;8;67;39;4;8;2;1;4;2;0;0;0;0;0
371;530;2020;Defensa;37;2056;23;7.048833;0;0;11;2;1045;4;23.95;29;8;36;180;121;14;29;3;3;5;8;0;0;0;0;0
382;530;2020;Mediocentro;24;688;8;7.04782;0;1;6;1;655;6;24.58;12;0;14;72;37;6;9;6;4;6;2;0;0;0;0;0
583;530;2020;Delantero;31;1570;14;7.128344;7;5;31;16;666;21;18.03;8;0;5;229;107;48;16;60;30;13;6;0;1;0;0;0
666;530;2020;Delantero;17;95;0;6.510526;0;0;6;2;31;1;1.18;0;0;1;16;7;0;3;2;2;1;0;0;0;0;0;0
753;530;2020;Mediocentro;37;2960;33;7.233784;12;11;41;22;1243;45;28.43;71;3;29;365;167;38;58;66;39;36;6;0;0;0;0;0
926;530;2020;Mediocentro;31;608;4;6.917434;0;0;5;2;386;4;10.61;30;5;11;98;59;13;19;12;10;9;4;0;0;0;0;0
1462;530;2020;Mediocentro;32;519;3;6.766667;1;0;2;1;312;4;8.5;8;1;12;49;26;13;10;2;1;3;2;0;0;0;0;0
2669;530;2020;Defensa;35;2583;30;7.01959;1;1;15;5;1770;10;42.6;55;4;36;226;127;30;30;11;9;24;5;0;0;0;0;0
2923;530;2020;Mediocentro;31;2186;25;7.059927;6;10;36;24;845;48;22.03;27;0;17;290;128;33;31;119;66;19;6;0;0;0;0;0
10122;530;2020;Defensa;35;1129;11;7.110629;1;2;8;3;575;12;13.63;30;0;16;148;89;27;19;29;22;9;3;0;0;0;0;0
14382;530;2020;Portero;35;0;0;0.0;0;0;0;0;0;0;0.0;0;0;0;0;0;0;0;0;0;0;0;0;0;0;0;0
41595;530;2020;Delantero;14;0;0;0.0;0;0;0;0;0;0;0.0;0;0;0;0;0;0;0;0;0;0;0;0;0;0;0;0
64309;530;2020;Defensa;10;50;1;6.9;0;1;0;0;25;1;1.9;0;0;0;1;0;0;0;0;0;1;0;0;0;0;0;0
131551;530;2020;Portero;10;0;0;0.0;0;0;0;0;0;0;0.0;0;0;0;0;0;0;0;0;0;0;0;0;0;0;0;0
161963;530;2020;Delantero;2;0;0;0.0;0;0;0;0;0;0;0.0;0;0;0;0;0;0;0;0;0;0;0;0;0;0;0;0
161965;530;2020;Delantero;2;0;0;0.0;0;0;0;0;0;0;0.0;0;0;0;0;0;0;0;0;0;0;0;0;0;0;0;0
162546;530;2020;Mediocentro;1;0;0;0.0;0;0;0;0;0;0;0.0;0;0;0;0;0;0;0;0;0;0;0;0;0;0;0;0
162889;530;2020;Defensa;12;29;0;6.5;0;0;1;0;13;0;0.67;1;0;0;4;1;0;0;0;0;0;0;0;0;0;0;0
162891;530;2020;Mediocentro;4;0;0;0.0;0;0;0;0;0;0;0.0;0;0;0;0;0;0;0;0;0;0;0;0;0;0;0;0
182492;530;2020;Defensa;5;0;0;0.0;0;0;0;0;0;0;0.0;0;0;0;0;0;0;0;0;0;0;0;0;0;0;0;0
125;531;2020;Portero;37;90;1;6.2;0;0;0;0;18;0;0.43;0;0;0;0;0;0;0;0;0;0;0;0;0;2;1;0
2670;531;2020;Defensa;31;2520;28;6.814286;1;0;17;7;1445;6;38.61;22;5;28;232;133;35;30;9;7;18;9;1;0;0;0;0
2672;531;2020;Mediocentro;29;1956;23;7.024182;5;3;17;11;946;35;28.07;20;0;11;242;141;69;17;61;41;18;1;0;0;0;0;0
30510;531;2020;Mediocentro;35;2292;27;6.91082;8;4;34;15;753;38;16.17;47;3;18;356;151;46;48;73;35;42;4;0;0;0;0;0
47267;531;2020;Portero;5;0;0;0.0;0;0;0;0;0;0;0.0;0;0;0;0;0;0;0;0;0;0;0;0;0;0;0;0
47270;531;2020;Portero;38;3330;37;6.662162;0;0;0;0;859;1;14.34;1;0;0;14;11;4;1;1;1;1;1;0;0;40;70;1
47271;531;2020;Defensa;26;1949;22;6.943304;1;0;5;1;1095;6;34.69;19;1;53;184;103;15;20;12;11;12;6;0;0;0;0;0
47272;531;2020;Defensa;37;1689;17;6.720782;0;1;3;1;733;8;15.43;26;4;7;121;65;15;17;15;10;9;0;0;0;0;0;0
47273;531;2020;Defensa;26;1683;21;6.998871;1;3;12;6;853;17;27.19;24;0;11;167;95;30;17;35;17;14;3;0;0;0;0;0
47274;531;2020;Defensa;30;2140;25;6.692944;2;1;11;6;855;16;21.67;37;7;25;202;96;9;26;55;29;19;5;0;0;0;0;0
47275;531;2020;Defensa;31;1521;17;6.77357;1;2;6;5;595;12;14.81;28;1;12;103;52;5;13;12;7;15;2;0;0;0;0;0
47276;531;2020;Defensa;35;652;5;6.562577;0;0;2;1;305;6;7.17;9;0;4;78;29;3;17;22;13;5;1;0;0;0;0;0
47277;531;2020;Defensa;37;2112;23;6.935559;1;1;11;5;1186;6;26.59;23;9;31;178;101;11;22;8;6;5;6;0;0;0;0;0
47279;531;2020;Mediocentro;13;106;1;6.613208;0;0;1;0;31;0;1.15;0;0;2;13;7;3;3;3;2;3;0;0;0;0;0;0
47281;531;2020;Mediocentro;35;1920;21;6.782188;0;1;5;1;1026;8;24.57;39;2;33;214;107;22;29;6;6;31;8;0;0;0;0;0
47282;531;2020;Delantero;34;1743;21;7.05938;5;1;36;14;558;15;10.21;34;1;15;368;206;50;50;13;7;15;8;2;2;0;0;0
47283;531;2020;Mediocentro;24;425;4;6.721647;0;1;4;0;131;7;4.21;6;0;2;35;17;1;2;5;4;3;0;0;0;0;0;0
47285;531;2020;Mediocentro;35;1424;15;7.03441;3;0;16;10;981;18;24.03;27;1;18;145;69;20;21;22;15;19;7;0;0;0;0;0
47286;531;2020;Defensa;3;0;0;0.0;0;0;0;0;0;0;0.0;0;0;0;0;0;0;0;0;0;0;0;0;0;0;0;0
47292;531;2020;Delantero;13;46;0;7.082609;1;0;2;2;9;0;0.54;0;0;0;5;2;1;1;1;1;1;2;0;1;0;0;0
47293;531;2020;Delantero;27;49;0;6.710204;0;0;1;0;47;4;1.41;1;0;0;5;4;0;0;4;3;0;0;0;0;0;0;0
47294;531;2020;Delantero;38;2392;27;6.778846;6;6;35;17;516;30;9.37;11;0;5;281;119;36;17;59;33;12;1;0;1;0;0;0
47418;531;2020;Mediocentro;37;1727;20;6.772148;0;1;16;5;902;12;19.0;28;6;27;223;96;13;41;11;9;38;7;0;0;0;0;0
104853;531;2020;Delantero;36;1594;16;6.814555;4;2;33;14;281;13;4.97;3;0;2;204;94;32;19;9;3;6;1;0;0;0;0;0
128398;531;2020;Delantero;38;1048;11;6.771279;2;2;17;6;345;12;6.63;8;0;5;129;61;17;19;25;18;5;2;0;0;0;0;0
182560;531;2020;Mediocentro;18;103;1;6.43301;0;0;1;0;42;2;1.83;1;0;0;9;5;2;0;4;2;1;0;0;0;0;0;0
182563;531;2020;Mediocentro;38;1367;16;6.768983;2;2;18;8;383;25;7.45;16;0;15;153;57;16;21;25;13;23;3;0;0;0;0;0
182589;531;2020;Mediocentro;1;0;0;0.0;0;0;0;0;0;0;0.0;0;0;0;0;0;0;0;0;0;0;0;0;0;0;0;0
182617;531;2020;Mediocentro;1;0;0;0.0;0;0;0;0;0;0;0.0;0;0;0;0;0;0;0;0;0;0;0;0;0;0;0;0
182639;531;2020;Mediocentro;37;1708;19;6.68103;0;0;7;0;913;7;19.7;31;4;18;163;73;22;31;8;8;30;6;0;0;0;0;0
183799;531;2020;Delantero;5;55;0;6.6;0;0;1;0;16;0;1.8;1;0;1;9;5;0;1;3;3;2;0;0;0;0;0;0
183849;531;2020;Defensa;7;0;0;0.0;0;0;0;0;0;0;0.0;0;0;0;0;0;0;0;0;0;0;0;0;0;0;0;0
124;532;2020;Portero;15;900;10;7.16;0;0;0;0;278;0;10.13;0;0;0;2;2;2;0;0;0;0;0;0;0;11;34;1
566;532;2020;Defensa;17;181;2;6.21547;0;0;0;0;79;0;3.94;1;0;0;9;1;0;0;0;0;3;0;0;0;0;0;0
911;532;2020;Portero;38;2520;28;6.878571;0;0;0;0;786;0;13.42;1;0;0;7;6;0;0;1;1;1;1;0;0;42;90;2
913;532;2020;Portero;32;0;0;0.0;0;0;0;0;0;0;0.0;0;0;0;0;0;0;0;0;0;0;0;0;0;0;0;0
914;532;2020;Defensa;4;0;0;0.0;0;0;0;0;0;0;0.0;0;0;0;0;0;0;0;0;0;0;0;0;0;0;0;0
915;532;2020;Defensa;31;2701;31;7.052832;4;1;13;6;1501;6;42.61;17;12;59;186;117;26;18;6;5;11;6;0;0;0;0;0
916;532;2020;Defensa;29;2082;24;6.82147;1;0;8;4;988;1;28.97;16;10;27;126;76;8;21;9;7;4;4;1;0;0;0;0
918;532;2020;Defensa;34;2847;32;6.804285;1;7;19;5;1171;36;28.21;59;2;38;280;149;30;30;50;33;35;6;0;0;0;0;0
919;532;2020;Defensa;32;1989;21;6.805279;1;0;7;1;1176;1;32.22;23;5;27;196;103;28;32;2;1;12;8;0;0;0;0;0
920;532;2020;Defensa;34;733;8;6.550477;1;0;2;2;293;3;6.65;13;0;10;68;29;5;14;7;3;7;3;0;0;0;0;0
921;532;2020;Defensa;8;64;0;6.535937;0;0;1;0;23;0;2.5;1;0;0;5;2;0;0;1;0;1;0;0;0;0;0;0
923;532;2020;Mediocentro;24;1102;13;6.692468;0;3;18;6;272;16;7.58;19;0;12;137;54;14;26;20;8;20;3;0;0;0;0;0
925;532;2020;Delantero;36;2297;27;6.991772;5;5;34;15;739;34;15.39;18;1;8;315;160;68;29;97;66;35;3;1;0;0;0;0
926;532;2020;Mediocentro;5;441;5;7.055102;0;0;4;2;187;0;32.0;16;0;8;72;44;10;8;13;11;12;1;0;0;0;0;0
927;532;2020;Delantero;35;1270;15;6.992126;0;4;16;7;499;22;12.29;15;0;2;204;99;42;14;46;38;28;1;0;0;0;0;0
930;532;2020;Mediocentro;33;2738;31;7.34065;11;8;27;17;1431;45;37.21;41;4;23;220;121;37;26;39;25;33;7;0;7;0;0;0
932;532;2020;Mediocentro;37;2991;35;6.986259;4;1;29;12;1445;39;30.43;52;5;47;292;153;33;36;17;9;33;8;0;1;0;0;0
933;532;2020;Delantero;30;1077;10;6.668245;4;1;12;7;260;5;6.73;7;0;0;91;29;8;9;12;4;8;0;0;0;0;0;0
937;532;2020;Delantero;21;59;0;6.074576;0;0;0;0;21;0;0.67;1;0;0;11;2;0;4;1;0;1;0;0;0;0;0;0
1482;532;2020;Defensa;35;2147;25;6.833815;1;1;8;2;937;18;19.97;47;3;42;253;143;38;34;45;27;22;6;1;0;0;0;0
1649;532;2020;Delantero;12;104;0;6.449038;0;0;3;1;21;1;1.17;0;0;1;14;2;1;2;1;1;1;0;0;0;0;0;0
2615;532;2020;Delantero;32;2698;31;6.977168;7;1;39;25;548;13;11.28;11;1;2;405;211;70;53;25;15;11;6;1;0;0;0;0
30568;532;2020;Mediocentro;17;192;1;6.509375;0;2;2;1;102;2;4.94;2;0;6;20;9;3;3;3;3;5;0;0;0;0;0;0
46782;532;2020;Delantero;38;956;9;6.666423;5;0;17;14;246;7;4.97;18;0;3;144;55;20;14;30;9;21;2;0;0;0;0;0
47087;532;2020;Mediocentro;33;2205;25;6.866304;1;1;26;10;1047;9;25.21;38;6;26;314;157;25;44;35;24;38;6;0;0;0;0;0
47367;532;2020;Mediocentro;36;580;6;6.44569;1;0;4;2;126;8;2.72;8;0;8;74;22;8;4;12;4;15;1;0;0;0;0;0
47473;532;2020;Mediocentro;33;470;4;6.221702;0;0;2;0;114;7;2.36;9;0;10;81;37;15;6;20;8;12;4;1;0;0;0;0
90498;532;2020;Defensa;25;328;4;6.719512;0;0;2;0;108;0;3.0;0;0;6;38;22;2;5;1;1;1;1;0;0;0;0;0
107138;532;2020;Portero;7;0;0;0.0;0;0;0;0;0;0;0.0;0;0;0;0;0;0;0;0;0;0;0;0;0;0;0;0
161879;532;2020;Mediocentro;17;20;0;6.45;0;0;0;0;10;0;0.47;1;0;0;5;2;0;0;0;0;1;0;0;0;0;0;0
162106;532;2020;Mediocentro;37;1549;17;6.560103;1;0;5;2;408;8;8.3;21;0;15;195;103;29;20;52;33;16;2;0;0;0;0;0
162108;532;2020;Defensa;15;153;1;6.2;0;0;0;0;56;0;2.93;1;0;4;26;11;2;4;4;3;5;1;0;0;0;0;0
162175;532;2020;Defensa;1;0;0;0.0;0;0;0;0;0;0;0.0;0;0;0;0;0;0;0;0;0;0;0;0;0;0;0;0
162992;532;2020;Mediocentro;18;233;3;6.919742;0;0;1;0;94;2;4.39;7;0;8;20;9;0;3;4;2;2;1;0;0;0;0;0
21;533;2020;Delantero;29;1561;19;6.915183;6;4;28;20;262;15;6.62;6;0;9;101;35;8;7;11;8;4;0;0;1;0;0;0
166;533;2020;Defensa;23;1172;13;6.862116;0;0;1;0;692;4;26.26;40;2;19;173;105;14;20;27;22;17;5;0;0;0;0;0
288;533;2020;Defensa;11;197;2;6.532995;0;0;1;0;82;0;6.64;7;1;3;22;14;3;3;6;4;3;0;0;0;0;0;0
314;533;2020;Defensa;37;3119;35;6.90125;0;0;8;1;2051;4;49.24;22;12;22;175;107;16;13;6;4;5;7;0;0;0;0;0
924;533;2020;Mediocentro;24;734;7;6.714578;0;0;1;0;501;4;18.54;19;1;21;100;57;16;16;15;12;11;4;0;0;0;0;0
928;533;2020;Mediocentro;36;3119;36;7.342706;3;5;22;9;2669;45;66.89;65;3;45;322;186;60;32;49;37;48;5;0;0;0;0;0
1682;533;2020;Portero;38;3240;36;6.808333;0;0;0;0;1115;0;22.0;0;0;0;11;9;2;1;0;0;1;2;0;0;40;80;1
1687;533;2020;Defensa;36;354;3;6.581073;0;1;2;0;192;5;4.39;10;1;6;49;25;9;7;6;3;2;1;0;0;0;0;0
1688;533;2020;Defensa;36;735;8;6.860272;0;0;4;1;477;0;11.53;12;4;8;65;38;3;7;1;1;4;1;0;0;0;0;0
1691;533;2020;Defensa;26;1852;21;6.985799;0;2;13;3;884;12;28.04;55;1;30;195;110;10;20;19;11;19;3;1;0;0;0;0
1696;533;2020;Mediocentro;29;1371;13;6.832385;4;2;23;11;497;29;13.24;12;0;10;192;91;30;13;79;39;14;0;0;0;0;0;0
1699;533;2020;Mediocentro;13;928;10;6.934591;0;0;2;0;598;2;41.46;18;5;14;100;50;8;15;5;4;16;4;0;0;0;0;0
1702;533;2020;Defensa;34;2103;24;6.772848;1;2;15;8;931;27;22.0;35;3;34;247;113;23;42;43;23;20;8;0;0;0;0;0
1703;533;2020;Defensa;4;0;0;0.0;0;0;0;0;0;0;0.0;0;0;0;0;0;0;0;0;0;0;0;0;0;0;0;0
1705;533;2020;Mediocentro;36;2544;30;6.895047;1;6;18;8;1578;34;37.94;51;0;17;313;131;39;58;33;27;56;6;1;0;0;0;0
1706;533;2020;Delantero;32;796;9;6.934296;5;0;16;12;159;5;3.25;9;0;3;73;29;6;10;14;5;2;1;0;0;0;0;0
1707;533;2020;Delantero;33;2682;30;7.589299;23;7;78;47;1056;44;22.33;24;1;15;448;215;58;44;114;71;27;3;0;10;0;0;0
1708;533;2020;Delantero;23;146;1;6.558219;0;0;5;1;75;2;2.57;2;0;0;35;16;9;3;5;4;6;0;0;0;0;0;0
18802;533;2020;Mediocentro;18;1195;15;6.841339;1;0;7;3;761;3;38.06;20;0;20;139;77;22;26;18;12;10;5;1;0;0;0;0
32862;533;2020;Mediocentro;16;303;2;6.686799;0;0;6;5;126;10;6.12;1;0;1;44;24;11;3;16;12;4;2;1;0;0;0;0
46731;533;2020;Defensa;31;1161;12;6.927907;0;0;9;5;503;17;13.06;37;0;35;148;76;20;24;21;9;9;1;0;0;0;0;0
46815;533;2020;Defensa;36;2970;33;7.030303;2;2;8;3;2058;6;50.17;17;10;23;180;113;16;13;30;25;7;2;0;0;0;0;0
46832;533;2020;Mediocentro;2;0;0;0.0;0;0;0;0;0;0;0.0;0;0;0;0;0;0;0;0;0;0;0;0;0;0;0;0
47296;533;2020;Portero;35;180;2;6.25;0;0;0;0;79;0;1.74;0;0;0;0;0;0;0;0;0;0;0;1;0;4;4;0
47391;533;2020;Defensa;26;1124;12;6.733096;1;1;4;2;473;6;14.35;25;0;13;169;89;18;22;47;30;14;1;0;0;0;0;0
47574;533;2020;Mediocentro;35;2575;29;6.838874;4;0;16;11;1241;33;30.69;21;1;11;232;96;32;20;67;36;21;1;0;1;0;0;0
122737;533;2020;Defensa;9;12;0;6.7;0;0;1;0;9;0;0.44;0;0;0;2;2;0;0;0;0;0;0;0;0;0;0;0
169256;533;2020;Portero;3;0;0;0.0;0;0;0;0;0;0;0.0;0;0;0;0;0;0;0;0;0;0;0;0;0;0;0;0
182150;533;2020;Mediocentro;1;0;0;0.0;0;0;0;0;0;0;0.0;0;0;0;0;0;0;0;0;0;0;0;0;0;0;0;0
182219;533;2020;Mediocentro;38;136;2;6.646324;0;0;2;1;51;2;1.13;4;1;1;20;10;4;2;4;2;2;0;0;0;0;0;0
182668;533;2020;Delantero;2;1;0;0.0;0;0;0;0;1;0;0.0;0;0;0;1;0;0;1;0;0;0;0;0;0;0;0;0
184196;533;2020;Mediocentro;1;0;0;0.0;0;0;0;0;0;0;0.0;0;0;0;0;0;0;0;0;0;0;0;0;0;0;0;0
184226;533;2020;Delantero;29;798;6;6.92381;3;1;9;5;294;10;8.28;19;1;9;150;69;14;21;45;28;20;4;0;0;0;0;0
184277;533;2020;Delantero;36;606;8;6.572772;3;0;12;7;128;3;2.58;8;0;2;84;43;14;6;11;8;7;1;0;0;0;0;0
184364;533;2020;Defensa;3;0;0;0.0;0;0;0;0;0;0;0.0;0;0;0;0;0;0;0;0;0;0;0;0;0;0;0;0
286616;533;2020;Portero;2;0;0;0.0;0;0;0;0;0;0;0.0;0;0;0;0;0;0;0;0;0;0;0;0;0;0;0;0
149;536;2020;Mediocentro;37;2247;25;6.929729;4;2;31;10;1676;25;39.49;32;1;26;221;98;24;34;28;11;29;5;0;2;0;0;0
246;536;2020;Delantero;38;1277;14;6.860219;4;0;25;11;339;11;6.47;9;0;5;215;119;32;20;14;9;6;3;0;0;0;0;0
385;536;2020;Mediocentro;38;1412;15;6.989306;0;3;8;3;966;27;21.95;34;0;15;188;89;17;21;41;35;34;2;0;0;0;0;0
452;536;2020;Mediocentro;35;2546;28;7.054753;3;4;5;4;1574;19;40.37;54;2;41;247;135;16;40;19;11;20;6;0;0;0;0;0
1257;536;2020;Defensa;35;2975;33;7.104571;2;1;18;6;2356;9;60.66;27;7;40;300;182;23;20;40;30;14;4;0;0;0;0;0
1489;536;2020;Mediocentro;37;1053;10;6.827825;0;0;8;1;783;2;19.7;23;2;24;97;49;9;21;3;3;6;8;0;0;0;0;0
1493;536;2020;Defensa;31;2331;26;6.963621;1;2;11;2;1440;32;39.1;62;1;23;299;155;32;45;61;41;18;5;0;0;0;0;0
1650;536;2020;Delantero;34;2230;28;7.222691;3;4;36;17;1092;46;27.62;20;0;8;228;118;37;25;68;57;31;2;0;0;0;0;0
1911;536;2020;Delantero;34;2646;30;6.993424;5;4;54;21;883;33;20.09;36;1;19;393;210;76;34;115;67;24;3;0;4;0;0;0
2034;536;2020;Portero;38;0;0;0.0;0;0;0;0;0;0;0.0;0;0;0;0;0;0;0;0;0;0;0;0;0;0;0;0
2037;536;2020;Portero;26;450;5;6.76;0;0;0;0;123;0;3.81;0;0;0;2;1;1;0;0;0;1;0;0;0;5;9;0
2040;536;2020;Defensa;22;568;7;7.010211;1;0;5;1;327;6;13.14;12;1;9;54;29;7;8;4;2;6;3;0;0;0;0;0
2041;536;2020;Defensa;15;0;0;0.0;0;0;0;0;0;0;0.0;0;0;0;0;0;0;0;0;0;0;0;0;0;0;0;0
2042;536;2020;Defensa;33;722;9;6.889612;0;0;0;0;543;1;15.36;4;1;6;51;25;1;1;0;0;0;2;0;0;0;0;0
2047;536;2020;Defensa;31;591;5;7.05313;0;1;1;0;428;6;11.9;9;0;12;67;41;14;5;9;4;7;2;0;0;0;0;0
2054;536;2020;Defensa;35;2833;34;7.174515;0;6;11;2;1640;64;38.46;27;1;36;136;89;19;10;30;23;7;4;0;0;0;0;0
2057;536;2020;Mediocentro;37;172;1;6.164535;1;0;3;1;102;2;2.49;5;0;1;46;24;7;5;2;2;4;1;0;0;0;0;0
2060;536;2020;Delantero;34;848;9;6.980542;4;2;24;12;324;11;7.88;12;0;5;136;61;28;22;22;13;10;2;0;0;0;0;0
2061;536;2020;Delantero;1;12;0;6.7;0;0;0;0;6;0;5.0;1;0;0;4;2;0;1;0;0;0;0;0;0;0;0;0
2701;536;2020;Portero;35;2970;33;7.024242;1;0;1;1;948;1;20.49;1;0;0;15;13;4;0;1;1;2;3;0;0;28;81;2
2723;536;2020;Delantero;13;29;0;6.562069;0;0;1;1;8;0;0.46;1;0;1;6;1;0;1;0;0;1;0;0;0;0;0;0
21090;536;2020;Defensa;34;2790;32;7.041577;1;0;14;5;1878;8;49.71;22;13;31;201;107;19;48;8;8;8;11;1;0;0;0;0
25345;536;2020;Defensa;35;655;6;6.804275;0;0;2;0;430;3;11.11;7;2;6;61;28;4;18;6;4;3;2;0;0;0;0;0
30433;536;2020;Mediocentro;19;916;11;6.950109;3;1;14;10;550;17;25.74;9;1;7;106;47;22;15;23;12;10;0;0;0;0;0;0
46688;536;2020;Mediocentro;3;0;0;0.0;0;0;0;0;0;0;0.0;0;0;0;0;0;0;0;0;0;0;0;0;0;0;0;0
46808;536;2020;Delantero;10;146;2;6.739726;0;0;2;1;38;2;2.8;1;0;1;30;14;7;4;3;2;2;0;0;0;0;0;0
47389;536;2020;Mediocentro;35;2422;28;7.08431;1;6;19;4;1973;38;49.71;52;1;27;301;142;42;54;42;31;59;8;1;0;0;0;0
47416;536;2020;Mediocentro;34;529;4;6.920227;0;0;8;2;296;11;7.29;15;0;10;89;45;11;13;22;12;7;1;0;0;0;0;0
47422;536;2020;Delantero;38;2312;23;7.154628;18;0;68;29;377;15;6.76;17;0;8;325;163;35;26;36;15;17;2;0;0;0;0;0
163630;536;2020;Portero;15;0;0;0.0;0;0;0;0;0;0;0.0;0;0;0;0;0;0;0;0;0;0;0;0;0;0;0;0
192032;536;2020;Delantero;3;0;0;0.0;0;0;0;0;0;0;0.0;0;0;0;0;0;0;0;0;0;0;0;0;0;0;0;0
253699;536;2020;Mediocentro;2;0;0;0.0;0;0;0;0;0;0;0.0;0;0;0;0;0;0;0;0;0;0;0;0;0;0;0;0
264469;536;2020;Defensa;1;0;0;0.0;0;0;0;0;0;0;0.0;0;0;0;0;0;0;0;0;0;0;0;0;0;0;0;0
135;538;2020;Defensa;32;2700;31;6.764593;2;0;6;3;1626;3;44.75;45;10;36;291;163;30;45;3;2;20;11;1;0;0;0;0
934;538;2020;Delantero;35;2425;29;6.981773;12;3;41;22;600;15;12.37;31;3;6;452;203;62;63;25;10;31;4;0;1;0;0;0
1461;538;2020;Mediocentro;36;2863;34;6.940203;0;9;12;3;1902;47;44.64;64;0;22;328;153;40;45;58;36;73;10;0;0;0;0;0
1926;538;2020;Defensa;36;1288;14;6.712112;0;0;5;0;622;2;14.17;26;3;25;148;83;13;13;3;2;9;3;0;0;0;0;0
2058;538;2020;Mediocentro;37;2626;35;6.897829;7;5;38;23;938;35;19.14;70;2;22;353;152;41;49;55;30;60;7;0;0;0;0;0
2433;538;2020;Mediocentro;33;2710;32;6.930037;0;1;14;5;1587;9;39.09;93;8;53;436;232;47;63;38;28;51;11;0;0;0;0;0
2870;538;2020;Defensa;36;2424;26;6.760561;0;0;6;0;1584;4;36.61;24;7;43;178;94;4;30;5;5;8;5;0;0;0;0;0
5921;538;2020;Mediocentro;16;477;3;6.837526;2;2;5;3;178;10;8.44;18;1;6;96;38;4;16;12;7;20;2;0;0;0;0;0
25914;538;2020;Defensa;21;1540;17;6.686494;0;3;3;1;672;6;26.33;34;3;13;163;81;15;25;25;17;23;1;0;0;0;0;0
46692;538;2020;Mediocentro;5;0;0;0.0;0;0;0;0;0;0;0.0;0;0;0;0;0;0;0;0;0;0;0;0;0;0;0;0
47080;538;2020;Defensa;8;0;0;0.0;0;0;0;0;0;0;0.0;0;0;0;0;0;0;0;0;0;0;0;0;0;0;0;0
47346;538;2020;Delantero;15;313;2;6.550479;1;0;5;2;48;0;2.13;4;0;2;64;20;6;22;1;0;2;5;1;0;0;0;0
47426;538;2020;Portero;20;1639;19;6.516168;0;0;0;0;584;0;19.65;0;0;0;4;3;2;1;0;0;0;0;1;0;27;34;0
47427;538;2020;Portero;38;1779;19;6.800843;0;0;0;0;600;0;8.82;0;0;0;8;6;1;1;0;0;1;1;0;0;29;48;1
47429;538;2020;Defensa;8;0;0;0.0;0;0;0;0;0;0;0.0;0;0;0;0;0;0;0;0;0;0;0;0;0;0;0;0
47431;538;2020;Defensa;20;0;0;0.0;0;0;0;0;0;0;0.0;0;0;0;0;0;0;0;0;0;0;1;0;0;0;0;0
47432;538;2020;Defensa;32;2603;30;6.848406;3;1;16;11;1351;17;32.12;58;7;37;329;167;28;56;29;17;28;8;0;0;0;0;0
47433;538;2020;Defensa;19;1616;18;6.954517;0;2;9;2;808;14;33.16;25;0;24;136;75;18;18;12;5;8;4;0;0;0;0;0
47434;538;2020;Defensa;23;560;5;6.747143;0;0;1;0;269;0;8.7;11;0;9;52;29;11;6;8;3;6;3;0;0;0;0;0
47435;538;2020;Mediocentro;38;1420;13;6.757254;3;0;15;7;765;4;18.24;30;0;16;121;53;10;16;11;9;16;3;0;0;0;0;0
47440;538;2020;Mediocentro;37;2681;30;6.767922;9;0;40;22;1145;18;24.35;59;0;32;424;165;62;77;41;12;49;8;0;1;0;0;0
47443;538;2020;Mediocentro;19;461;3;6.865944;0;0;3;0;274;5;12.42;14;2;10;75;44;6;13;9;7;4;4;1;0;0;0;0
47445;538;2020;Delantero;34;2870;33;7.502857;14;13;43;27;1224;64;28.38;11;0;16;281;140;53;24;85;60;21;9;0;5;0;0;0
47446;538;2020;Delantero;17;501;6;6.846707;0;0;6;2;109;3;4.82;8;0;5;80;41;13;7;25;16;3;2;0;0;0;0;0
104832;538;2020;Defensa;1;0;0;0.0;0;0;0;0;0;0;0.0;0;0;0;0;0;0;0;0;0;0;0;0;0;0;0;0
119213;538;2020;Delantero;5;32;0;6.859375;0;0;1;1;16;1;3.2;0;0;0;8;5;4;0;2;1;0;0;0;0;0;0;0
129728;538;2020;Mediocentro;11;141;0;6.589362;0;0;0;0;101;1;8.18;6;0;2;20;10;3;3;2;1;3;0;0;0;0;0;0
135148;538;2020;Portero;12;0;0;0.0;0;0;0;0;0;0;0.0;0;0;0;0;0;0;0;0;0;0;0;0;0;0;0;0
157988;538;2020;Defensa;15;261;3;6.732184;1;0;2;1;91;1;4.4;3;0;1;9;5;2;2;1;0;0;0;0;0;0;0;0
162212;538;2020;Mediocentro;38;540;4;6.563519;1;0;6;3;195;9;4.21;7;0;3;57;25;8;5;8;2;8;0;0;0;0;0;0
182480;538;2020;Delantero;8;13;0;6.2;0;0;0;0;3;0;0.25;0;0;0;3;0;0;1;0;0;0;0;0;0;0;0;0
182501;538;2020;Defensa;32;660;7;6.504545;0;0;4;3;319;0;8.34;12;1;13;57;25;3;17;6;5;6;3;1;0;0;0;0
182504;538;2020;Mediocentro;16;134;1;6.395522;0;0;0;0;30;1;1.5;3;0;3;20;6;3;4;0;0;3;1;0;0;0;0;0
182528;538;2020;Portero;6;0;0;0.0;0;0;0;0;0;0;0.0;0;0;0;0;0;0;0;0;0;0;0;0;0;0;0;0
182538;538;2020;Portero;6;0;0;0.0;0;0;0;0;0;0;0.0;0;0;0;0;0;0;0;0;0;0;0;0;0;0;0;0
192434;538;2020;Delantero;17;33;0;6.145455;0;0;0;0;14;0;0.59;1;0;0;6;3;1;2;1;1;0;2;0;0;0;0;0
278896;538;2020;Portero;4;0;0;0.0;0;0;0;0;0;0;0.0;0;0;0;0;0;0;0;0;0;0;0;0;0;0;0;0
286558;538;2020;Defensa;1;0;0;0.0;0;0;0;0;0;0;0.0;0;0;0;0;0;0;0;0;0;0;0;0;0;0;0;0
286559;538;2020;Defensa;4;360;4;6.825;0;0;1;1;157;2;31.5;5;1;6;40;18;2;7;0;0;3;2;0;0;0;0;0
313651;538;2020;Mediocentro;4;1;0;0.0;0;0;0;0;0;0;0.0;0;0;0;0;0;0;0;0;0;0;0;0;0;0;0;0
395;539;2020;Delantero;2;0;0;0.0;0;0;0;0;0;0;0.0;0;0;0;0;0;0;0;0;0;0;0;0;0;0;0;0
1583;539;2020;Delantero;35;742;6;6.470216;2;0;14;5;135;8;2.74;6;0;3;83;23;6;14;10;1;6;0;0;0;0;0;0
46651;539;2020;Defensa;37;2781;30;6.871809;0;3;5;4;1334;23;28.0;57;3;37;281;169;35;39;55;36;17;5;0;0;0;0;0
46714;539;2020;Mediocentro;36;2341;25;6.850021;1;0;17;7;1380;12;32.39;55;5;43;258;132;36;37;31;20;28;5;0;0;0;0;0
47328;539;2020;Defensa;36;2077;23;6.762638;1;0;6;3;1230;4;28.56;22;11;36;193;102;6;34;3;3;8;2;0;0;0;0;0
47441;539;2020;Mediocentro;25;1128;13;6.798316;0;2;4;0;679;3;23.44;23;1;19;120;63;8;16;14;11;14;1;0;0;0;0;0
47448;539;2020;Portero;36;2610;29;6.765517;0;0;0;0;773;0;15.5;0;0;2;7;5;2;0;1;0;0;0;0;0;44;78;0
47450;539;2020;Portero;20;90;1;5.9;0;0;0;0;26;0;0.8;0;0;0;0;0;0;0;0;0;0;1;0;0;2;2;0
47451;539;2020;Defensa;37;843;11;6.795967;0;0;8;2;390;5;8.35;25;1;14;101;53;9;12;7;4;13;1;0;0;0;0;0
47453;539;2020;Defensa;36;743;9;6.655316;0;2;2;0;324;6;7.39;4;0;7;57;29;10;10;13;8;2;2;0;0;0;0;0
47457;539;2020;Defensa;33;2320;25;6.811336;1;0;2;2;1343;3;34.0;34;5;46;202;115;19;27;14;10;17;7;0;0;0;0;0
47458;539;2020;Defensa;29;1629;19;6.751811;0;0;0;0;869;3;24.66;15;8;35;95;53;12;15;3;3;11;4;0;0;0;0;0
47460;539;2020;Defensa;32;1427;16;6.776734;0;1;5;0;878;4;22.66;14;8;35;111;42;6;19;8;7;10;3;1;0;0;0;0
47461;539;2020;Mediocentro;28;1687;19;6.771488;1;2;29;13;801;21;22.5;28;0;21;223;92;24;27;58;35;26;4;0;0;0;0;0
47462;539;2020;Mediocentro;18;105;0;6.648571;0;0;0;0;43;1;2.0;5;0;3;22;9;3;7;1;1;1;1;0;0;0;0;0
47464;539;2020;Mediocentro;9;747;8;7.248193;1;2;10;5;462;14;42.33;14;0;13;107;54;13;7;40;23;9;1;0;1;0;0;0
47467;539;2020;Delantero;38;2455;30;7.022851;13;3;47;27;623;34;12.24;18;0;11;224;80;18;17;73;31;28;3;0;0;0;0;0
47468;539;2020;Mediocentro;32;1419;17;6.994644;0;1;29;7;787;16;18.59;38;0;22;232;115;31;39;39;30;23;5;0;0;0;0;0
47469;539;2020;Mediocentro;16;815;11;6.711288;0;0;2;0;318;4;17.0;14;1;8;76;41;7;18;4;3;9;4;0;0;0;0;0
47471;539;2020;Delantero;36;2213;26;6.988025;12;4;40;23;501;18;9.81;11;2;4;201;70;25;43;19;14;17;4;0;2;0;0;0
47568;539;2020;Defensa;32;1740;19;6.842011;0;3;7;0;797;16;19.47;32;1;27;142;80;11;15;23;16;14;1;0;0;0;0;0
47576;539;2020;Mediocentro;30;1857;21;6.943565;7;1;21;9;1031;21;30.4;23;3;18;232;109;33;25;23;14;29;4;0;0;0;0;0
104949;539;2020;Mediocentro;2;0;0;0.0;0;0;0;0;0;0;0.0;0;0;0;0;0;0;0;0;0;0;0;0;0;0;0;0
119232;539;2020;Delantero;38;1664;17;6.626142;2;2;22;8;320;11;6.61;4;0;2;238;87;38;30;59;33;11;3;0;0;0;0;0
119795;539;2020;Mediocentro;9;21;0;6.061905;0;0;1;0;13;1;0.67;1;0;0;5;3;2;1;0;0;0;0;0;0;0;0;0
127374;539;2020;Mediocentro;4;0;0;0.0;0;0;0;0;0;0;0.0;0;0;0;0;0;0;0;0;0;0;0;0;0;0;0;0
128582;539;2020;Mediocentro;37;2191;22;6.849749;4;9;23;11;588;41;11.81;48;1;16;299;136;28;36;94;47;30;3;0;0;0;0;0
131538;539;2020;Defensa;38;1113;10;6.760737;0;0;8;5;464;19;9.11;17;1;12;99;51;13;14;18;12;9;3;0;0;0;0;0
156488;539;2020;Portero;36;720;8;6.925;0;0;0;0;221;0;4.39;0;0;3;4;3;0;0;0;0;1;1;0;0;11;28;0
182669;539;2020;Mediocentro;5;10;0;6.5;0;0;0;0;12;0;2.4;0;0;0;2;0;0;2;0;0;0;0;0;0;0;0;0
182671;539;2020;Delantero;5;239;3;6.618828;0;0;2;0;37;3;5.0;2;0;0;27;10;1;5;6;4;1;1;0;0;0;0;0
192013;539;2020;Defensa;5;0;0;0.0;0;0;0;0;0;0;0.0;0;0;0;0;0;0;0;0;0;0;0;0;0;0;0;0
192015;539;2020;Mediocentro;9;11;0;6.6;0;0;0;0;4;0;0.33;0;0;0;2;2;1;0;1;1;0;0;0;0;0;0;0
286611;539;2020;Portero;1;0;0;0.0;0;0;0;0;0;0;0.0;0;0;0;0;0;0;0;0;0;0;0;0;0;0;0;0
372;541;2020;Defensa;27;1134;13;7.178571;1;0;10;3;777;0;26.07;20;4;20;99;65;12;15;2;2;6;3;1;0;0;0;0
653;541;2020;Defensa;30;2207;24;6.970775;1;0;10;2;1266;18;38.1;26;0;26;208;119;39;22;60;44;12;3;0;0;0;0;0
730;541;2020;Portero;38;3420;38;7.026316;0;0;0;0;1076;0;22.16;0;0;1;15;13;3;1;0;0;1;0;0;0;28;90;1
733;541;2020;Defensa;13;952;11;7.096639;0;2;4;2;668;9;43.62;27;0;13;101;59;10;17;14;8;9;5;0;0;0;0;0
735;541;2020;Defensa;33;2000;22;6.9497;1;0;11;3;1199;4;32.88;27;4;39;188;89;25;38;10;6;23;8;0;0;0;0;0
737;541;2020;Defensa;26;830;9;6.796627;2;0;2;2;349;8;12.23;13;0;6;58;28;5;5;18;8;2;0;0;0;0;0;0
738;541;2020;Defensa;16;1276;15;7.31011;2;0;14;6;1103;4;63.38;15;2;19;91;55;5;17;7;5;4;3;0;2;0;0;0
742;541;2020;Defensa;33;2716;31;7.075626;2;0;13;4;1766;4;47.91;22;9;36;162;110;10;16;5;5;9;2;0;0;0;0;0
743;541;2020;Defensa;33;1052;12;7.085646;0;2;9;0;732;17;18.33;25;1;10;103;57;15;10;14;12;13;3;0;0;0;0;0
745;541;2020;Mediocentro;34;898;8;6.859243;0;2;13;3;684;19;18.15;13;0;2;137;67;18;17;44;31;11;1;0;0;0;0;0
746;541;2020;Delantero;36;1879;21;7.010963;5;2;25;11;891;33;21.11;12;0;11;145;79;28;6;39;29;21;1;0;0;0;0;0
747;541;2020;Mediocentro;34;2903;32;7.335584;6;4;36;11;1936;25;47.74;84;8;70;455;249;55;55;23;13;39;11;1;0;0;0;0
752;541;2020;Mediocentro;31;2120;24;7.846321;3;10;29;12;2021;67;61.03;41;3;15;179;101;31;27;18;16;34;6;0;0;0;0;0
754;541;2020;Mediocentro;36;2743;32;7.365622;5;3;29;15;2210;50;54.11;37;0;48;268;144;33;30;74;55;23;4;0;0;0;0;0
756;541;2020;Mediocentro;24;1335;15;7.171461;3;1;17;8;743;22;27.54;25;0;22;115;67;9;12;28;23;16;0;0;0;0;0;0
757;541;2020;Defensa;26;1850;21;7.279568;2;5;16;8;1223;44;41.23;61;1;19;235;134;31;30;45;32;30;3;0;0;0;0;0
759;541;2020;Delantero;34;2901;33;7.473871;23;9;98;55;1209;38;30.12;8;0;8;222;97;25;17;62;39;10;2;0;1;0;0;0
760;541;2020;Delantero;26;507;5;6.665286;1;0;13;6;105;2;2.81;4;1;0;86;36;5;8;12;7;9;0;0;0;0;0;0
762;541;2020;Delantero;37;1979;22;6.764477;3;3;30;13;740;33;17.22;32;0;7;275;133;54;26;79;43;31;3;0;0;0;0;0
1828;541;2020;Delantero;12;155;2;6.562581;0;0;6;1;39;2;2.75;0;0;0;12;6;1;2;2;2;0;0;0;0;0;0;0
2296;541;2020;Delantero;15;532;7;6.983083;3;2;9;5;334;6;19.67;3;0;3;68;38;19;2;22;14;3;0;0;0;0;0;0
10009;541;2020;Delantero;29;980;10;6.832653;1;6;15;5;388;19;11.14;16;0;7;142;62;23;15;40;18;15;0;0;0;0;0;0
37127;541;2020;Mediocentro;13;236;3;6.725847;0;0;0;0;162;5;11.08;1;0;1;9;3;1;1;1;1;1;0;0;0;0;0;0
46734;541;2020;Defensa;1;0;0;0.0;0;0;0;0;0;0;0.0;0;0;0;0;0;0;0;0;0;0;0;0;0;0;0;0
47264;541;2020;Delantero;5;53;0;6.645283;0;0;1;0;7;1;1.2;0;0;0;9;3;1;1;1;1;0;0;0;0;0;0;0
47400;541;2020;Portero;38;0;0;0.0;0;0;0;0;0;0;0.0;0;0;0;0;0;0;0;0;0;0;0;0;0;0;0;0
47472;541;2020;Delantero;3;21;0;5.314286;0;0;0;0;5;0;1.0;0;0;0;3;0;0;2;0;0;1;0;0;0;0;0;0
153308;541;2020;Portero;34;0;0;0.0;0;0;0;0;0;0;0.0;0;0;0;0;0;0;0;0;0;0;0;0;0;0;0;0
162026;541;2020;Mediocentro;4;132;2;6.847727;0;1;1;0;70;2;14.5;3;0;2;21;13;5;1;6;2;1;0;0;0;0;0;0
162032;541;2020;Defensa;10;314;3;6.857962;0;1;0;0;228;4;20.2;4;0;5;44;23;7;6;11;6;6;0;0;0;0;0;0
162033;541;2020;Mediocentro;12;131;0;6.70458;0;0;1;1;85;1;5.83;3;0;4;21;13;2;1;6;6;2;1;0;0;0;0;0
162058;541;2020;Defensa;11;94;1;6.989362;0;0;0;0;75;0;6.09;1;0;1;10;4;0;1;1;0;2;0;0;0;0;0;0
162529;541;2020;Portero;1;0;0;0.0;0;0;0;0;0;0;0.0;0;0;0;0;0;0;0;0;0;0;0;0;0;0;0;0
162530;541;2020;Defensa;2;0;0;0.0;0;0;0;0;0;0;0.0;0;0;0;0;0;0;0;0;0;0;0;0;0;0;0;0
162686;541;2020;Mediocentro;12;218;2;6.940826;0;0;1;0;165;2;12.75;6;0;5;24;8;2;6;0;0;4;0;0;0;0;0;0
206260;541;2020;Portero;1;0;0;0.0;0;0;0;0;0;0;0.0;0;0;0;0;0;0;0;0;0;0;0;0;0;0;0;0
237065;541;2020;Delantero;1;0;0;0.0;0;0;0;0;0;0;0.0;0;0;0;0;0;0;0;0;0;0;0;0;0;0;0;0
38;542;2020;Defensa;32;847;8;6.648052;0;0;2;0;353;2;8.09;11;1;11;88;47;16;12;0;0;8;5;1;0;0;0;0
1484;542;2020;Mediocentro;34;2494;29;6.684924;1;0;9;5;1032;3;25.5;38;7;28;238;129;30;35;25;18;34;10;1;0;0;0;0
9934;542;2020;Delantero;36;906;11;6.688742;1;3;12;2;288;10;4.11;6;0;9;191;98;24;15;17;8;11;4;0;0;0;0;0
18833;542;2020;Delantero;32;1768;19;7.050735;4;4;24;13;515;54;11.31;6;1;2;134;66;29;11;44;29;8;1;0;3;0;0;0
18895;542;2020;Defensa;34;3015;34;6.991045;1;1;19;6;1463;7;33.09;43;10;52;268;166;17;33;13;10;14;10;0;0;0;0;0
18907;542;2020;Delantero;37;3032;34;7.148912;11;3;71;33;1012;30;16.08;27;2;15;607;379;74;43;55;28;20;1;0;2;0;0;0
19533;542;2020;Mediocentro;30;1408;18;6.599148;0;2;6;2;456;17;11.5;18;0;9;128;43;4;18;36;17;26;5;1;0;0;0;0
35575;542;2020;Mediocentro;35;2105;26;6.67753;5;1;27;10;385;18;6.63;39;3;19;343;166;51;52;39;18;33;12;1;0;0;0;0
41576;542;2020;Defensa;12;62;0;6.570968;0;0;0;0;18;0;1.33;2;0;0;5;3;0;1;0;0;0;0;0;0;0;0;0
46813;542;2020;Defensa;2;0;0;0.0;0;0;0;0;0;0;0.0;0;0;0;0;0;0;0;0;0;0;0;0;0;0;0;0
46933;542;2020;Mediocentro;38;2098;25;6.718732;4;2;16;9;513;26;9.71;20;0;21;234;106;28;19;72;40;33;4;0;0;0;0;0
47279;542;2020;Mediocentro;9;217;3;6.527189;0;0;1;0;67;3;4.89;6;0;3;45;20;4;7;4;4;8;0;0;0;0;0;0
47352;542;2020;Portero;38;3348;37;6.708065;0;0;0;0;964;0;16.76;2;0;2;15;12;3;0;0;0;2;1;0;0;56;85;0
47353;542;2020;Portero;38;72;1;6.9;0;0;0;0;18;0;0.18;0;0;0;1;1;0;0;0;0;0;0;0;0;0;1;0
47354;542;2020;Defensa;38;1565;16;6.622428;0;1;1;0;549;12;10.32;31;1;27;144;75;23;23;6;2;17;1;0;0;0;0;0
47355;542;2020;Defensa;32;2549;29;6.929776;1;1;12;2;994;29;22.19;55;0;65;257;143;39;41;13;5;29;7;1;0;0;0;0
47356;542;2020;Defensa;13;474;6;6.825949;1;0;4;2;162;3;9.77;5;1;7;36;22;2;8;1;1;1;1;0;0;0;0;0
47357;542;2020;Defensa;37;2636;30;6.655197;0;1;6;3;1073;4;22.11;20;7;36;161;83;11;25;0;0;17;4;1;0;0;0;0
47358;542;2020;Mediocentro;19;91;1;6.149451;0;0;0;0;44;1;1.58;1;0;1;11;4;0;3;1;0;2;0;0;0;0;0;0
47360;542;2020;Defensa;35;2382;28;6.773468;1;1;7;3;789;8;17.14;54;0;48;236;123;34;33;29;16;16;6;0;0;0;0;0
47362;542;2020;Mediocentro;19;20;0;6.6;0;0;0;0;9;0;0.47;3;0;0;4;4;1;0;0;0;0;0;0;0;0;0;0
47363;542;2020;Mediocentro;31;1136;10;6.603257;0;0;7;1;399;6;8.94;25;0;12;182;96;27;18;6;4;27;9;1;0;0;0;0
47365;542;2020;Mediocentro;33;2588;31;6.688408;1;1;7;1;908;7;22.73;39;5;37;275;128;30;69;19;15;26;12;0;0;0;0;0
47371;542;2020;Delantero;33;212;1;6.570755;1;0;5;1;66;1;1.45;2;0;1;20;7;2;7;0;0;2;1;0;0;0;0;0
47518;542;2020;Mediocentro;26;1185;12;6.580759;2;0;7;4;339;8;10.23;20;0;7;139;60;18;17;28;9;11;1;0;0;0;0;0
70078;542;2020;Mediocentro;14;540;5;6.42463;0;0;5;2;106;2;5.0;8;0;4;93;40;9;6;23;15;10;0;0;0;0;0;0
125026;542;2020;Mediocentro;7;16;0;5.90625;0;0;0;0;5;0;0.29;1;0;0;2;1;0;0;0;0;1;0;0;0;0;0;0
133453;542;2020;Mediocentro;37;454;2;6.327974;1;0;6;4;91;3;2.05;7;0;6;85;26;7;13;26;10;12;1;0;0;0;0;0
140834;542;2020;Mediocentro;9;65;1;6.415385;0;0;0;0;15;1;1.44;2;0;1;8;4;1;1;0;0;1;0;0;0;0;0;0
152843;542;2020;Portero;3;0;0;0.0;0;0;0;0;0;0;0.0;0;0;0;0;0;0;0;0;0;0;0;0;0;0;0;0
182636;542;2020;Defensa;30;255;1;6.623922;0;0;1;1;99;3;2.7;5;0;3;31;14;3;3;8;4;1;1;1;0;0;0;0
183859;542;2020;Mediocentro;4;0;0;0.0;0;0;0;0;0;0;0.0;0;0;0;0;0;0;0;0;0;0;0;0;0;0;0;0
286580;542;2020;Defensa;4;15;0;6.3;0;0;0;0;13;0;2.75;1;0;0;4;1;0;0;1;0;0;0;0;0;0;0;0
288334;542;2020;Defensa;4;0;0;0.0;0;0;0;0;0;0;0.0;0;0;0;0;0;0;0;0;0;0;0;0;0;0;0;0
313039;542;2020;Defensa;2;0;0;0.0;0;0;0;0;0;0;0.0;0;0;0;0;0;0;0;0;0;0;0;0;0;0;0;0
313562;542;2020;Mediocentro;2;0;0;0.0;0;0;0;0;0;0;0.0;0;0;0;0;0;0;0;0;0;0;0;0;0;0;0;0
134;543;2020;Defensa;33;1650;18;6.738545;1;2;7;3;714;12;16.45;28;1;29;177;80;21;23;10;4;16;4;0;0;0;0;0
614;543;2020;Portero;25;1800;20;6.96;0;0;0;0;565;3;13.68;0;0;0;8;7;0;0;3;3;1;3;0;0;25;52;1
668;543;2020;Mediocentro;33;2633;33;7.099164;5;5;59;28;1177;52;30.42;45;1;9;539;249;93;79;118;85;36;5;1;1;0;0;0
669;543;2020;Delantero;13;0;0;0.0;0;0;0;0;0;0;0.0;0;0;0;0;0;0;0;0;0;0;0;0;0;0;0;0
1558;543;2020;Portero;38;1620;18;6.677778;0;0;0;0;475;1;7.32;0;0;0;5;3;1;1;0;0;1;2;0;0;25;38;1
1561;543;2020;Defensa;25;1695;19;6.739823;0;1;8;4;958;3;30.84;27;2;40;188;107;15;29;8;7;10;3;0;0;0;0;0
1562;543;2020;Defensa;32;701;7;6.752782;0;0;0;0;521;0;14.72;9;2;16;73;37;8;7;2;1;5;1;0;0;0;0;0
1566;543;2020;Defensa;34;2992;34;6.988971;1;4;7;3;1529;33;36.56;91;2;61;427;246;73;56;47;24;35;9;1;0;0;0;0
1567;543;2020;Defensa;33;2394;27;6.994194;3;1;8;7;1521;4;41.94;30;4;39;138;86;13;20;2;2;6;7;2;0;0;0;0
1568;543;2020;Mediocentro;31;383;4;6.76893;0;0;0;0;185;2;5.45;11;1;6;51;26;2;11;4;3;3;5;1;0;0;0;0
1570;543;2020;Mediocentro;31;2506;28;7.223943;8;6;30;13;1656;59;46.68;16;0;13;170;77;21;15;43;32;18;4;0;2;0;0;0
1573;543;2020;Mediocentro;25;1330;17;6.85609;1;0;9;5;774;8;25.92;25;1;18;143;71;10;22;16;13;15;4;0;0;0;0;0
1577;543;2020;Mediocentro;31;857;8;6.650292;0;2;8;4;333;13;8.58;9;0;11;147;73;28;14;49;30;10;5;0;0;0;0;0
1579;543;2020;Mediocentro;36;1299;16;6.944881;2;5;6;5;674;32;15.92;9;0;17;116;54;12;10;29;20;8;2;0;0;0;0;0
1580;543;2020;Mediocentro;31;1226;12;6.731077;2;0;12;6;959;9;26.19;19;0;11;148;76;10;18;24;18;16;6;1;0;0;0;0
1584;543;2020;Delantero;37;1001;9;6.487313;1;0;13;3;182;7;3.11;11;0;3;203;77;25;15;23;11;15;3;0;0;0;0;0
1586;543;2020;Mediocentro;34;1280;12;6.978281;5;3;25;14;469;21;11.09;16;0;11;109;53;8;7;35;23;18;2;1;0;0;0;0
1693;543;2020;Defensa;34;2156;24;6.811224;2;0;4;4;1294;2;32.82;11;6;46;162;87;5;23;7;6;9;9;0;0;0;0;0
2476;543;2020;Mediocentro;35;2869;34;7.084733;1;0;21;9;1633;11;39.23;98;6;68;412;236;47;60;43;35;45;10;0;0;0;0;0
2522;543;2020;Delantero;19;936;10;6.650534;3;0;22;12;218;3;8.37;5;0;3;140;70;11;17;19;11;2;2;0;0;0;0;0
18965;543;2020;Defensa;27;238;2;6.839076;0;0;1;0;131;4;3.96;6;1;2;30;20;1;4;7;5;2;0;1;0;0;0;0
46871;543;2020;Portero;7;0;0;0.0;0;0;0;0;0;0;0.0;0;0;0;0;0;0;0;0;0;0;0;0;0;0;0;0
47119;543;2020;Mediocentro;36;1606;21;6.69807;2;2;24;14;526;24;11.08;32;0;11;230;100;17;36;60;37;25;2;0;0;0;0;0
47320;543;2020;Delantero;31;599;5;6.463773;2;0;10;6;145;2;3.61;13;0;2;88;33;3;12;11;5;14;1;0;0;0;0;0
47348;543;2020;Delantero;35;1415;15;6.840071;11;0;28;16;271;6;5.46;1;2;3;155;62;21;20;21;10;7;2;0;5;0;0;0
47547;543;2020;Defensa;36;1786;20;6.806327;0;2;10;3;946;18;20.67;42;2;35;207;113;22;21;43;26;23;4;0;0;0;0;0
104804;543;2020;Portero;17;0;0;0.0;0;0;0;0;0;0;0.0;0;0;0;0;0;0;0;0;0;0;0;0;0;0;0;0
116438;543;2020;Portero;9;0;0;0.0;0;0;0;0;0;0;0.0;0;0;0;0;0;0;0;0;0;0;0;0;0;0;0;0
185477;543;2020;Mediocentro;27;538;5;6.593494;0;0;3;0;237;8;7.52;3;0;2;57;30;16;1;16;9;5;0;0;0;0;0;0
188408;543;2020;Defensa;5;0;0;0.0;0;0;0;0;0;0;0.0;0;0;0;0;0;0;0;0;0;0;0;0;0;0;0;0
188409;543;2020;Defensa;10;0;0;0.0;0;0;0;0;0;0;0.0;0;0;0;0;0;0;0;0;0;0;0;0;0;0;0;0
1328;545;2020;Delantero;16;197;2;6.688325;0;0;3;1;47;1;2.44;1;0;0;21;7;3;4;4;3;4;0;0;0;0;0;0
2061;545;2020;Mediocentro;29;2269;26;7.052843;4;3;30;16;790;52;21.24;28;0;17;318;154;47;24;121;67;17;6;0;0;0;0;0
2600;545;2020;Mediocentro;38;1825;22;6.597644;1;0;27;17;424;14;8.47;13;0;12;176;63;18;28;63;26;9;0;0;0;0;0;0
2813;545;2020;Portero;36;3121;35;6.735437;1;0;3;2;971;4;13.53;4;0;0;20;18;4;0;1;1;2;0;0;1;49;81;1
18905;545;2020;Delantero;30;1130;13;6.729646;1;1;17;5;217;11;4.97;12;0;3;193;81;15;28;23;15;5;1;0;0;0;0;0
41149;545;2020;Defensa;38;1134;12;6.878307;0;1;1;0;473;15;8.89;28;0;20;92;51;2;8;8;4;6;2;0;0;0;0;0
46680;545;2020;Defensa;13;0;0;0.0;0;0;0;0;0;0;0.0;0;0;0;0;0;0;0;0;0;0;0;0;0;0;0;0
46688;545;2020;Defensa;30;2191;24;6.643724;0;0;9;1;884;12;21.73;38;1;27;169;78;18;20;27;14;21;4;0;0;0;0;0
46709;545;2020;Defensa;5;109;1;7.177982;0;0;2;1;66;3;10.8;1;0;3;10;3;0;1;2;1;2;1;0;0;0;0;0
46757;545;2020;Defensa;22;1138;13;7.104921;0;2;6;0;457;11;14.68;16;0;20;139;94;19;7;17;13;4;3;0;0;0;0;0
46799;545;2020;Mediocentro;31;2459;27;6.955551;0;3;31;9;1065;43;26.61;51;2;22;309;152;27;29;56;41;46;4;0;0;0;0;0
46809;545;2020;Delantero;33;167;0;6.343713;0;0;4;1;49;1;1.06;0;0;0;27;8;4;3;3;1;1;0;0;0;0;0;0
46940;545;2020;Defensa;36;1116;12;6.799194;3;1;6;5;554;2;11.56;7;2;23;99;41;3;14;1;1;4;5;0;2;0;0;0
47033;545;2020;Mediocentro;13;0;0;0.0;0;0;0;0;0;0;0.0;0;0;0;0;0;0;0;0;0;0;0;0;0;0;0;0
47304;545;2020;Defensa;30;1101;11;6.453315;1;1;8;4;422;11;10.3;16;0;20;147;56;16;9;21;11;16;1;0;0;0;0;0
47377;545;2020;Defensa;34;2823;30;6.79203;0;1;18;2;1696;10;37.79;45;6;69;280;151;13;36;30;25;27;8;0;0;0;0;0
47378;545;2020;Defensa;27;1529;19;6.653695;0;0;8;0;625;1;16.7;11;4;23;135;68;6;21;2;1;7;1;0;0;0;0;0
47383;545;2020;Defensa;34;2640;29;6.853788;0;1;11;3;1219;2;24.5;42;8;59;257;150;8;27;6;5;17;4;0;0;0;0;0
47384;545;2020;Defensa;19;904;11;6.860619;0;0;2;0;512;9;21.21;15;0;13;73;44;4;8;8;8;4;3;0;0;0;0;0
47385;545;2020;Mediocentro;38;1572;17;6.71355;0;0;6;2;686;6;13.92;42;1;22;221;111;16;38;10;8;14;3;0;0;0;0;0
47387;545;2020;Mediocentro;34;2332;28;6.780146;1;1;20;9;866;12;17.68;43;2;39;311;156;20;41;9;7;29;9;2;0;0;0;0
47392;545;2020;Mediocentro;37;957;10;6.918704;1;2;16;5;248;19;4.65;9;0;7;107;51;10;10;20;14;14;2;0;0;0;0;0
47395;545;2020;Delantero;32;1406;13;6.868208;3;0;34;15;437;16;10.5;21;0;6;293;134;19;31;15;7;13;1;0;0;0;0;0
47396;545;2020;Delantero;37;3100;36;7.161581;12;2;75;34;831;26;15.3;24;0;7;692;337;92;68;54;36;16;4;1;0;0;0;0
47413;545;2020;Mediocentro;30;735;8;6.836327;1;0;7;3;386;14;11.27;17;0;4;105;54;19;18;13;9;10;5;0;1;0;0;0
47476;545;2020;Portero;38;299;3;6.549498;0;0;0;0;93;0;1.29;0;0;0;0;0;0;0;0;0;0;0;0;0;4;3;0
47516;545;2020;Mediocentro;20;435;5;6.707586;0;1;2;1;250;12;10.95;5;0;8;29;13;1;4;2;1;9;1;0;0;0;0;0
178932;545;2020;Portero;2;0;0;0.0;0;0;0;0;0;0;0.0;0;0;0;0;0;0;0;0;0;0;0;0;0;0;0;0
181866;545;2020;Defensa;3;1;0;0.0;0;0;0;0;0;0;0.0;0;0;0;0;0;0;0;0;0;0;0;0;0;0;0;0
181867;545;2020;Mediocentro;17;837;9;6.590203;0;0;3;0;337;4;15.88;20;1;9;95;48;2;10;3;1;15;1;0;0;0;0;0
183716;545;2020;Mediocentro;5;62;1;5.9;0;0;1;0;9;0;0.8;2;0;0;8;2;0;3;0;0;1;1;0;0;0;0;0
183777;545;2020;Defensa;11;63;1;5.9;0;0;0;0;33;0;1.91;2;0;1;7;3;0;1;0;0;2;0;0;0;0;0;0
183891;545;2020;Delantero;18;50;0;6.34;0;0;0;0;7;0;0.22;1;0;0;8;2;1;3;0;0;0;1;0;0;0;0;0
58;546;2020;Mediocentro;8;71;0;6.215493;0;0;0;0;33;2;2.75;2;0;0;14;7;2;0;4;2;1;0;0;0;0;0;0
143;546;2020;Mediocentro;22;1374;15;6.917176;2;2;18;8;520;25;16.73;15;1;2;179;78;26;20;36;23;18;1;0;0;0;0;0
196;546;2020;Defensa;2;0;0;0.0;0;0;0;0;0;0;0.0;0;0;0;0;0;0;0;0;0;0;0;0;0;0;0;0
1495;546;2020;Mediocentro;9;17;0;6.2;0;0;1;0;8;1;0.56;2;0;0;6;2;0;1;1;0;0;0;0;0;0;0;0
2671;546;2020;Delantero;35;2040;23;6.68152;5;0;33;19;552;15;10.74;12;2;6;378;130;36;70;18;4;15;10;1;1;0;0;0
2824;546;2020;Mediocentro;35;2741;34;6.774279;1;0;12;5;761;19;16.26;50;4;56;265;122;9;27;19;13;27;5;0;0;0;0;0
14344;546;2020;Mediocentro;13;16;0;6.7;0;0;0;0;7;2;0.31;0;0;0;1;0;0;1;0;0;1;0;0;0;0;0;0
32862;546;2020;Mediocentro;22;813;8;6.588438;1;1;11;7;184;9;6.59;7;0;14;135;49;22;18;34;15;13;2;0;0;0;0;0
47010;546;2020;Mediocentro;35;1417;15;6.64933;0;0;16;6;593;12;10.86;13;1;19;140;70;14;17;3;2;12;5;1;0;0;0;0
47247;546;2020;Portero;38;2520;28;6.817857;0;0;0;0;840;0;10.11;2;0;1;18;13;3;0;0;0;2;2;0;0;31;54;1
47248;546;2020;Portero;38;900;10;6.61;0;0;0;0;239;0;3.5;0;0;2;6;3;2;1;0;0;1;2;0;0;12;19;0
47250;546;2020;Defensa;34;2945;34;6.859864;0;1;2;0;1006;6;21.68;61;7;42;271;177;36;35;15;13;8;8;2;0;0;0;0
47254;546;2020;Defensa;32;2629;30;6.831723;0;0;13;4;831;21;17.06;61;0;31;340;188;24;27;37;26;24;6;0;0;0;0;0
47257;546;2020;Defensa;34;2445;28;6.573947;1;0;7;2;933;19;17.35;59;1;31;316;154;38;53;39;22;51;13;1;0;0;0;0
47258;546;2020;Mediocentro;36;2989;33;6.918066;3;0;35;9;962;21;19.56;64;2;42;442;227;73;58;56;36;57;11;0;0;0;0;0
47262;546;2020;Mediocentro;35;424;3;6.33184;0;1;0;0;243;5;5.31;5;0;5;62;16;4;4;16;6;12;1;0;0;0;0;0
47266;546;2020;Delantero;37;1368;12;6.648977;5;0;28;14;278;6;5.24;7;0;2;193;62;22;27;26;11;15;4;0;1;0;0;0
47380;546;2020;Mediocentro;37;3248;37;6.751324;3;2;18;8;1100;39;21.76;64;3;40;492;217;60;69;59;24;41;8;0;0;0;0;0
47407;546;2020;Mediocentro;34;2336;28;6.574144;0;2;7;2;649;17;12.24;38;1;22;253;120;20;44;24;11;15;10;1;0;0;0;0
47452;546;2020;Defensa;24;1327;15;6.612509;0;0;3;0;467;0;12.08;24;3;13;138;83;20;24;2;0;10;8;0;0;0;0;0
47459;546;2020;Defensa;33;557;7;6.70018;0;0;2;1;167;2;3.09;11;0;10;55;24;3;13;0;0;2;3;1;0;0;0;0
47499;546;2020;Delantero;30;1329;15;6.995561;4;2;33;9;339;14;6.7;11;0;2;365;165;35;39;36;17;11;4;0;1;0;0;0
47565;546;2020;Defensa;36;885;9;6.489266;0;0;3;0;317;1;5.5;8;3;13;73;31;2;14;2;1;7;3;0;0;0;0;0
47582;546;2020;Delantero;23;1474;18;6.884057;2;3;22;11;466;20;14.13;19;1;6;305;127;32;34;43;30;21;5;0;0;0;0;0
104800;546;2020;Mediocentro;3;0;0;0.0;0;0;0;0;0;0;0.0;0;0;0;0;0;0;0;0;0;0;0;0;0;0;0;0
104835;546;2020;Delantero;4;13;0;6.7;0;0;0;0;5;0;0.5;0;0;0;4;2;0;1;0;0;0;0;0;0;0;0;0
119742;546;2020;Defensa;17;614;7;7.061564;0;0;4;1;152;4;5.06;27;0;17;101;58;16;15;10;5;8;2;0;0;0;0;0
122469;546;2020;Delantero;8;28;0;5.903571;0;0;1;0;14;0;1.12;0;0;0;9;4;2;2;0;0;1;1;0;0;0;0;0
122737;546;2020;Defensa;18;896;9;6.561384;0;0;3;1;244;1;8.06;12;1;14;88;58;15;13;0;0;2;5;0;0;0;0;0
186458;546;2020;Mediocentro;19;62;0;6.445161;0;0;0;0;13;0;0.37;2;0;0;13;5;1;2;2;1;2;1;0;0;0;0;0
286643;546;2020;Defensa;10;45;0;6.3;0;0;0;0;10;0;0.7;0;0;2;1;0;0;0;0;0;1;0;0;0;0;0;0
293297;546;2020;Mediocentro;14;71;0;6.240845;0;0;0;0;15;0;0.64;2;0;0;13;3;0;2;0;0;0;0;0;0;0;0;0
294791;546;2020;Delantero;11;21;0;6.6;0;0;1;0;4;0;0.36;1;0;0;9;4;1;0;1;1;0;0;0;0;0;0;0
299877;546;2020;Defensa;1;0;0;0.0;0;0;0;0;0;0;0.0;0;0;0;0;0;0;0;0;0;0;0;0;0;0;0;0
634;548;2020;Mediocentro;22;1407;17;7.259133;2;5;15;3;835;28;32.23;19;0;13;177;83;21;24;48;32;13;4;0;0;0;0;0
1447;548;2020;Defensa;32;2087;23;6.83977;1;1;9;1;976;11;24.91;32;1;32;174;88;16;25;11;8;13;1;0;0;0;0;0
2864;548;2020;Delantero;38;2364;30;7.026777;17;2;63;42;429;10;8.21;9;0;3;274;119;33;26;67;38;5;4;0;0;0;0;0
2924;548;2020;Mediocentro;32;1023;12;7.224927;4;5;22;13;476;23;11.34;9;2;3;166;98;36;8;67;45;5;2;0;3;0;0;0
20661;548;2020;Defensa;35;639;7;6.626761;0;0;4;1;382;3;9.66;12;0;6;59;31;4;13;6;4;2;3;0;0;0;0;0
46808;548;2020;Delantero;12;387;4;6.66615;1;2;6;4;111;6;6.17;3;0;0;87;29;9;18;10;4;7;5;0;0;0;0;0
47269;548;2020;Portero;38;3425;38;6.746569;0;0;0;0;1083;0;19.58;0;0;3;16;14;7;0;1;1;1;0;0;0;38;68;1
47295;548;2020;Portero;17;0;0;0.0;0;0;0;0;0;0;0.0;0;0;0;0;0;0;0;0;0;0;0;0;0;0;0;0
47297;548;2020;Portero;2;0;0;0.0;0;0;0;0;0;0;0.0;0;0;0;0;0;0;0;0;0;0;0;0;0;0;0;0
47298;548;2020;Defensa;24;1885;22;7.046419;1;0;3;1;1224;3;43.62;30;5;16;188;123;27;22;8;4;4;5;0;0;0;0;0
47299;548;2020;Defensa;36;2394;28;6.852256;0;1;7;2;1101;23;24.72;76;2;25;253;135;29;36;22;9;37;3;0;0;0;0;0
47301;548;2020;Defensa;36;2756;30;6.855007;0;1;16;1;1701;5;40.28;34;10;36;312;176;18;41;4;4;10;5;1;0;0;0;0
47302;548;2020;Defensa;2;90;1;7.3;0;0;0;0;58;0;24.0;1;0;2;7;4;0;2;0;0;1;0;0;0;0;0;0
47303;548;2020;Defensa;27;1214;14;6.81771;0;1;4;1;517;6;13.7;23;2;10;114;56;9;19;17;10;8;6;0;0;0;0;0
47307;548;2020;Defensa;19;639;6;6.735211;0;0;2;1;282;7;11.79;15;0;6;72;34;9;14;8;1;12;3;0;0;0;0;0
47309;548;2020;Mediocentro;38;2096;25;6.861832;1;1;8;2;1412;15;30.82;35;3;26;179;89;14;29;17;14;15;5;0;0;0;0;0
47310;548;2020;Mediocentro;12;342;6;6.978655;0;0;0;0;270;1;20.83;5;0;5;45;26;10;6;0;0;4;2;0;0;0;0;0
47311;548;2020;Mediocentro;27;2161;25;7.139149;2;4;23;10;1176;30;33.44;61;5;32;436;226;54;79;46;31;26;5;0;0;0;0;0
47314;548;2020;Defensa;27;1963;21;6.797911;1;1;8;4;1197;4;38.56;23;8;11;169;92;11;32;9;7;6;5;0;0;0;0;0
47315;548;2020;Mediocentro;34;1881;17;6.964487;0;0;5;1;1111;7;28.79;41;6;38;201;119;17;37;15;13;14;6;0;0;0;0;0
47317;548;2020;Mediocentro;36;1316;13;6.648632;3;0;17;7;369;15;7.67;29;0;7;227;91;20;40;67;39;14;7;0;0;0;0;0
47318;548;2020;Delantero;38;370;0;6.547838;0;1;7;3;87;6;1.42;5;0;2;80;38;6;11;6;4;3;3;0;0;0;0;0
47319;548;2020;Delantero;17;698;8;7.255158;3;1;13;9;230;8;10.35;3;1;0;62;27;10;3;5;2;2;0;0;0;0;0;0
47321;548;2020;Mediocentro;36;504;4;6.884127;3;0;9;5;210;7;4.58;5;0;6;40;20;5;2;7;5;3;0;0;0;0;0;0
47322;548;2020;Mediocentro;29;543;4;6.86372;0;1;9;4;203;9;5.41;9;0;3;59;32;13;4;10;6;5;0;0;0;0;0;0
47323;548;2020;Mediocentro;33;2430;30;7.248683;11;8;46;27;816;52;19.0;30;3;15;267;111;40;24;50;23;21;1;0;6;0;0;0
47520;548;2020;Mediocentro;38;2194;24;6.784412;8;3;26;11;504;26;9.68;17;1;8;204;73;25;35;28;14;28;3;0;0;0;0;0
84086;548;2020;Mediocentro;6;39;0;6.5;0;0;0;0;17;1;2.5;1;0;1;7;2;1;1;1;0;2;0;0;0;0;0;0
104821;548;2020;Mediocentro;26;832;8;6.817067;0;1;5;2;357;4;11.08;19;1;10;118;58;14;11;20;12;14;2;0;0;0;0;0
131492;548;2020;Defensa;9;25;0;6.2;0;0;0;0;15;0;1.33;1;0;0;5;2;0;0;1;0;1;0;0;0;0;0;0
182546;548;2020;Defensa;8;31;0;6.9;0;0;1;0;50;0;5.75;0;0;1;2;1;0;0;1;1;0;0;0;0;0;0;0
182547;548;2020;Defensa;2;0;0;0.0;0;0;0;0;0;0;0.0;0;0;0;0;0;0;0;0;0;0;0;0;0;0;0;0
182602;548;2020;Delantero;1;0;0;0.0;0;0;0;0;0;0;0.0;0;0;0;0;0;0;0;0;0;0;0;0;0;0;0;0
182603;548;2020;Mediocentro;1;0;0;0.0;0;0;0;0;0;0;0.0;0;0;0;0;0;0;0;0;0;0;0;0;0;0;0;0
182664;548;2020;Portero;17;0;0;0.0;0;0;0;0;0;0;0.0;0;0;0;0;0;0;0;0;0;0;0;0;0;0;0;0
183699;548;2020;Mediocentro;11;46;1;6.554348;0;0;0;0;31;1;2.55;0;0;0;7;1;1;4;0;0;1;1;0;0;0;0;0
183744;548;2020;Mediocentro;1;0;0;0.0;0;0;0;0;0;0;0.0;0;0;0;0;0;0;0;0;0;0;0;0;0;0;0;0
189832;548;2020;Portero;11;0;0;0.0;0;0;0;0;0;0;0.0;0;0;0;0;0;0;0;0;0;0;0;0;0;0;0;0
37;715;2020;Defensa;34;737;9;6.49498;0;0;4;1;196;0;4.38;6;0;12;57;24;1;10;2;2;2;4;0;0;0;0;0
741;715;2020;Defensa;25;1354;15;6.540842;0;0;1;0;501;1;14.56;11;4;13;85;41;5;13;5;4;11;2;1;0;0;0;0
1375;715;2020;Delantero;30;1447;16;6.846026;9;0;22;12;329;9;6.83;7;0;4;157;46;13;24;8;4;9;8;1;2;0;0;0
2051;715;2020;Mediocentro;27;1482;18;6.785358;0;1;4;1;707;7;21.7;53;0;25;231;132;27;30;27;18;22;7;1;0;0;0;0
2449;715;2020;Mediocentro;32;2312;25;6.802811;3;1;25;7;871;11;18.31;59;8;26;508;261;59;69;37;21;30;7;0;0;0;0;0
2459;715;2020;Mediocentro;32;2032;21;6.812894;4;5;34;20;436;25;9.44;30;1;22;294;132;45;32;82;45;13;1;0;0;0;0;0
18807;715;2020;Mediocentro;16;346;5;6.924566;2;0;6;3;89;5;4.25;5;0;2;48;25;10;5;7;6;3;1;0;0;0;0;0
18902;715;2020;Mediocentro;30;1474;18;6.675712;4;3;29;11;248;17;6.03;22;3;26;232;92;22;32;70;37;20;3;0;0;0;0;0
46672;715;2020;Portero;35;2880;32;6.678125;0;0;0;0;1006;1;15.17;1;0;2;13;8;4;2;0;0;2;1;0;0;55;83;4
46673;715;2020;Portero;36;450;5;6.86;0;0;0;0;145;0;1.81;1;0;0;2;2;0;0;0;0;0;1;0;0;8;16;0
46677;715;2020;Defensa;24;837;7;6.625926;0;2;5;1;282;8;8.0;21;3;16;78;40;1;10;5;1;9;4;0;0;0;0;0
46679;715;2020;Defensa;22;1186;12;6.560624;1;0;7;3;357;4;10.95;33;1;15;149;79;9;18;22;13;17;5;0;0;0;0;0
46682;715;2020;Defensa;26;1799;21;6.670762;0;0;7;1;373;6;9.77;12;2;27;109;57;25;7;7;5;5;1;0;0;0;0;0
46683;715;2020;Defensa;35;2660;29;6.765865;3;1;11;5;970;1;20.37;24;16;38;260;138;30;30;1;1;12;10;1;0;0;0;0
46685;715;2020;Mediocentro;11;100;1;6.21;0;0;1;0;35;0;2.64;1;0;1;8;6;1;1;0;0;0;0;0;0;0;0;0
46687;715;2020;Mediocentro;25;1369;17;7.013514;1;1;11;2;641;22;19.64;15;2;22;106;47;20;23;6;4;12;7;0;1;0;0;0
46689;715;2020;Mediocentro;35;2166;22;6.654247;3;5;20;11;551;17;10.66;27;1;12;345;142;25;31;66;43;22;6;0;0;0;0;0
46693;715;2020;Mediocentro;31;777;9;6.625225;0;0;5;4;278;8;6.58;10;1;12;85;41;15;3;21;12;7;1;0;0;0;0;0
46795;715;2020;Defensa;30;2374;27;6.698062;1;0;5;2;954;6;24.5;32;14;29;167;100;20;22;2;2;7;5;1;0;0;0;0
46920;715;2020;Mediocentro;35;1327;16;6.5052;0;0;6;3;351;4;7.8;23;2;13;165;74;20;45;11;9;11;4;1;0;0;0;0
47063;715;2020;Mediocentro;29;387;3;6.536176;1;2;2;2;117;6;3.07;7;0;1;62;20;9;11;5;2;6;1;0;0;0;0;0
47085;715;2020;Mediocentro;17;1258;14;6.960334;1;1;9;3;502;17;23.76;22;0;24;144;76;20;16;26;20;22;1;0;0;0;0;0
47117;715;2020;Delantero;1;0;0;0.0;0;0;0;0;0;0;0.0;0;0;0;0;0;0;0;0;0;0;0;0;0;0;0;0
47237;715;2020;Delantero;27;1670;18;6.772036;5;1;37;17;278;15;6.33;19;0;8;256;104;32;28;43;28;10;6;0;0;0;0;0
47251;715;2020;Defensa;33;2670;32;6.538951;0;4;6;4;748;10;16.0;35;3;26;226;105;24;30;49;27;11;7;0;0;0;0;0
47265;715;2020;Delantero;38;1618;17;6.888133;8;2;19;12;464;21;7.53;11;0;3;279;126;27;28;11;5;14;3;0;0;0;0;0
47358;715;2020;Defensa;17;263;3;6.545627;0;1;0;0;98;1;4.0;5;0;4;20;14;2;3;3;3;1;1;0;0;0;0;0
48690;715;2020;Mediocentro;1;0;0;0.0;0;0;0;0;0;0;0.0;0;0;0;0;0;0;0;0;0;0;0;0;0;0;0;0
96476;715;2020;Portero;19;0;0;0.0;0;0;0;0;0;0;0.0;0;0;0;0;0;0;0;0;0;0;0;0;0;0;0;0
106746;715;2020;Defensa;1;45;0;6.6;0;0;0;0;6;0;4.0;0;0;1;2;1;1;0;0;0;0;0;0;0;0;0;0
122918;715;2020;Delantero;2;45;0;6.5;0;0;0;0;3;0;1.5;0;0;0;4;0;0;0;0;0;1;0;0;0;0;0;0
131532;715;2020;Mediocentro;2;24;0;6.420833;0;0;0;0;8;0;3.5;0;0;0;4;2;0;1;0;0;0;0;0;0;0;0;0
147797;715;2020;Delantero;3;0;0;0.0;0;0;0;0;0;0;0.0;0;0;0;0;0;0;0;0;0;0;0;0;0;0;0;0
182164;715;2020;Defensa;21;254;3;6.503937;0;0;0;0;66;2;1.57;4;0;4;23;9;1;7;0;0;1;0;0;0;0;0;0
182165;715;2020;Mediocentro;3;0;0;0.0;0;0;0;0;0;0;0.0;0;0;0;0;0;0;0;0;0;0;0;0;0;0;0;0
182166;715;2020;Mediocentro;3;67;1;6.2;0;0;0;0;20;0;4.67;1;0;0;9;3;0;0;0;0;1;0;0;0;0;0;0
182495;715;2020;Mediocentro;1;14;0;6.3;0;0;0;0;9;0;8.0;1;0;1;4;2;0;0;0;0;1;0;0;0;0;0;0
182795;715;2020;Portero;19;0;0;0.0;0;0;0;0;0;0;0.0;0;0;0;0;0;0;0;0;0;0;0;0;0;0;0;0
182857;715;2020;Defensa;5;90;1;7.2;0;0;0;0;23;0;2.2;1;0;3;6;4;1;2;0;0;0;1;0;0;0;0;0
290215;715;2020;Mediocentro;1;0;0;0.0;0;0;0;0;0;0;0.0;0;0;0;0;0;0;0;0;0;0;0;0;0;0;0;0
290685;715;2020;Portero;1;90;1;8.0;0;0;0;0;31;0;14.0;0;0;0;1;1;0;0;0;0;0;0;0;0;2;7;1
290686;715;2020;Portero;1;0;0;0.0;0;0;0;0;0;0;0.0;0;0;0;0;0;0;0;0;0;0;0;0;0;0;0;0
290687;715;2020;Defensa;1;0;0;0.0;0;0;0;0;0;0;0.0;0;0;0;0;0;0;0;0;0;0;0;0;0;0;0;0
581;720;2020;Delantero;26;673;7;6.607281;1;0;9;6;192;2;5.5;7;0;6;64;34;9;6;23;16;5;1;0;0;0;0;0
740;720;2020;Defensa;22;925;11;6.694811;0;0;3;0;368;4;13.32;15;4;15;62;33;2;6;3;3;1;3;0;0;0;0;0
2053;720;2020;Mediocentro;31;1771;21;6.931112;1;0;22;5;868;16;22.65;46;1;14;261;131;36;29;42;34;27;4;1;1;0;0;0
19291;720;2020;Defensa;22;1224;14;6.739052;0;1;1;1;425;9;14.86;19;0;18;122;69;2;14;27;20;6;4;0;0;0;0;0
31386;720;2020;Defensa;23;1376;15;7.074782;0;1;7;2;628;2;21.43;21;5;46;122;85;15;13;3;2;3;6;0;0;0;0;0
46691;720;2020;Mediocentro;33;1477;17;6.606567;0;0;2;0;540;4;12.85;25;4;28;170;72;17;39;3;3;20;7;0;0;0;0;0
47078;720;2020;Defensa;35;1296;15;6.720679;0;0;1;0;448;8;9.06;33;3;14;129;76;16;15;12;5;12;1;0;0;0;0;0
47120;720;2020;Portero;1;0;0;0.0;0;0;0;0;0;0;0.0;0;0;0;0;0;0;0;0;0;0;0;0;0;0;0;0
47252;720;2020;Defensa;36;2272;25;6.711972;1;0;4;2;796;1;16.72;27;3;37;176;100;16;31;4;3;13;8;0;0;0;0;0
47256;720;2020;Defensa;11;135;1;6.833333;0;0;1;0;53;0;3.55;0;0;3;20;10;1;2;0;0;0;0;0;0;0;0;0
47292;720;2020;Delantero;15;458;4;6.60524;0;0;6;1;113;4;4.93;0;1;2;88;33;6;7;10;4;2;1;0;0;0;0;0
47326;720;2020;Portero;36;1170;13;6.653846;0;0;0;0;374;0;4.58;0;0;0;2;1;0;0;0;0;1;0;1;0;17;29;0
47390;720;2020;Mediocentro;31;2153;27;6.610497;6;2;24;16;676;32;17.19;32;0;15;337;126;57;26;70;29;43;5;0;4;0;0;0
47433;720;2020;Defensa;16;1260;14;6.971429;1;1;10;3;506;15;24.19;20;1;15;98;56;14;9;13;7;8;4;0;0;0;0;0
47474;720;2020;Portero;34;2250;25;6.72;0;0;0;0;701;0;9.65;0;0;2;9;7;2;1;0;0;2;3;0;0;40;76;0
47475;720;2020;Portero;6;0;0;0.0;0;0;0;0;0;0;0.0;0;0;0;0;0;0;0;0;0;0;0;0;0;0;0;0
47481;720;2020;Defensa;37;1825;21;6.632274;0;1;5;1;795;22;15.27;43;1;29;172;95;22;14;14;9;28;3;1;0;0;0;0
47482;720;2020;Defensa;2;104;2;6.646154;0;0;0;0;28;0;8.5;0;0;0;5;4;1;0;0;0;0;0;0;0;0;0;0
47483;720;2020;Defensa;8;173;1;6.654335;0;0;0;0;104;0;11.12;3;2;7;14;6;1;2;0;0;2;1;0;0;0;0;0
47485;720;2020;Mediocentro;31;2176;25;6.833915;1;0;23;3;1108;9;29.68;55;4;31;326;165;44;47;19;14;50;10;0;0;0;0;0
47487;720;2020;Defensa;29;2076;24;6.817437;1;0;7;3;775;2;21.14;30;9;43;184;89;13;28;0;0;9;8;0;0;0;0;0
47489;720;2020;Mediocentro;36;943;10;6.604772;2;0;7;5;641;11;14.89;18;1;9;99;42;11;16;18;8;17;3;0;0;0;0;0
47490;720;2020;Defensa;31;1194;10;6.813317;0;5;12;7;525;30;14.19;18;0;12;128;65;17;8;34;21;17;1;0;0;0;0;0
47491;720;2020;Mediocentro;2;0;0;0.0;0;0;0;0;0;0;0.0;0;0;0;0;0;0;0;0;0;0;0;0;0;0;0;0
47492;720;2020;Mediocentro;36;969;10;6.81032;2;0;10;5;340;13;7.14;31;1;5;190;91;31;17;47;23;27;2;0;0;0;0;0
47495;720;2020;Delantero;33;1801;19;6.63859;1;2;25;11;500;12;10.15;11;0;7;352;133;40;39;46;25;25;5;0;1;0;0;0
47496;720;2020;Mediocentro;36;2529;30;6.929735;5;5;33;10;783;25;16.47;42;1;34;338;167;60;42;26;14;32;1;1;0;0;0;0
47498;720;2020;Mediocentro;30;379;5;6.366491;1;0;8;2;109;1;2.43;6;0;3;57;13;2;8;11;5;13;1;0;1;0;0;0
47506;720;2020;Defensa;15;502;5;6.855777;1;0;3;3;187;5;9.13;10;0;9;83;42;8;5;9;6;14;2;0;0;0;0;0
70339;720;2020;Delantero;35;2145;24;6.86648;6;1;31;17;331;19;6.97;12;1;8;194;61;16;29;17;8;21;3;0;0;0;0;0
106727;720;2020;Mediocentro;12;14;0;6.6;0;0;0;0;12;0;0.83;0;0;1;0;0;0;0;0;0;0;0;0;0;0;0;0
107148;720;2020;Defensa;6;0;0;0.0;0;0;0;0;0;0;0.0;0;0;0;0;0;0;0;0;0;0;0;0;0;0;0;0
107153;720;2020;Mediocentro;35;1160;12;6.703621;0;0;11;4;515;12;12.03;28;1;17;217;95;25;31;25;18;27;3;0;0;0;0;0
107205;720;2020;Delantero;4;1;0;0.0;0;0;0;0;0;0;0.0;0;0;0;0;0;0;0;0;0;0;0;0;0;0;0;0
122233;720;2020;Delantero;23;1171;11;6.780188;4;1;25;12;185;6;4.87;8;1;2;231;87;26;25;24;12;8;3;0;0;0;0;0
122567;720;2020;Delantero;12;28;0;6.364286;0;1;0;0;8;1;0.5;1;0;0;5;2;0;1;0;0;1;0;0;0;0;0;0
162719;720;2020;Mediocentro;1;0;0;0.0;0;0;0;0;0;0;0.0;0;0;0;0;0;0;0;0;0;0;0;0;0;0;0;0
162722;720;2020;Defensa;1;0;0;0.0;0;0;0;0;0;0;0.0;0;0;0;0;0;0;0;0;0;0;0;0;0;0;0;0
182665;720;2020;Mediocentro;1;0;0;0.0;0;0;0;0;0;0;0.0;0;0;0;0;0;0;0;0;0;0;0;0;0;0;0;0
286962;720;2020;Defensa;2;0;0;0.0;0;0;0;0;0;0;0.0;0;0;0;0;0;0;0;0;0;0;0;0;0;0;0;0
937;724;2020;Delantero;16;1115;11;7.002152;1;0;7;5;245;11;11.38;29;0;15;201;106;29;18;33;17;10;3;0;0;0;0;0
6492;724;2020;Portero;35;2880;32;6.6875;0;0;0;0;944;0;12.06;1;0;0;18;15;4;1;2;1;0;0;0;0;45;83;1
13114;724;2020;Mediocentro;23;375;4;6.431467;0;0;0;0;118;0;3.96;10;0;9;43;18;2;5;3;2;11;1;0;0;0;0;0
14444;724;2020;Defensa;1;0;0;0.0;0;0;0;0;0;0;0.0;0;0;0;0;0;0;0;0;0;0;0;0;0;0;0;0
41595;724;2020;Delantero;18;392;3;6.865306;1;0;11;6;81;0;3.28;1;0;1;99;52;16;14;7;5;2;2;0;1;0;0;0
46754;724;2020;Portero;4;180;2;6.7;0;0;0;0;65;1;6.0;0;0;0;1;1;1;0;0;0;0;0;0;0;3;2;0
46755;724;2020;Portero;38;360;4;6.125;0;0;0;0;113;0;1.03;0;0;0;2;1;1;0;0;0;1;0;0;0;10;7;0
46758;724;2020;Defensa;6;0;0;0.0;0;0;0;0;0;0;0.0;0;0;0;0;0;0;0;0;0;0;0;0;0;0;0;0
46759;724;2020;Defensa;33;2605;31;6.757889;0;3;8;4;715;15;13.91;92;1;41;301;165;21;33;28;16;42;6;0;0;0;0;0
46760;724;2020;Mediocentro;1;90;1;6.2;0;0;1;0;30;0;20.0;1;0;2;10;4;1;1;0;0;1;0;0;0;0;0;0
46762;724;2020;Defensa;30;1831;22;6.681922;2;0;5;4;489;2;13.47;23;7;22;108;63;5;11;0;0;9;2;1;0;0;0;0
46769;724;2020;Mediocentro;25;1950;21;6.868103;4;1;8;4;795;23;26.08;19;1;22;163;86;31;11;22;15;22;1;0;2;0;0;0
46770;724;2020;Mediocentro;36;804;7;6.547388;0;0;4;1;228;2;4.97;18;2;14;110;48;6;13;3;2;16;1;0;0;0;0;0
46771;724;2020;Mediocentro;33;1270;11;6.512441;1;0;9;3;373;7;8.52;21;1;14;131;61;16;12;23;14;19;4;0;0;0;0;0
46772;724;2020;Mediocentro;24;1457;18;6.7965;1;0;15;4;458;8;13.33;32;3;27;187;94;18;27;25;16;17;5;0;1;0;0;0
46775;724;2020;Mediocentro;29;1947;25;6.606317;2;0;15;5;399;18;8.9;18;0;20;184;78;29;16;33;12;18;5;0;0;0;0;0
46824;724;2020;Mediocentro;34;814;6;6.65688;1;1;11;4;159;10;3.15;14;0;3;143;62;22;29;25;13;19;5;0;0;0;0;0
46931;724;2020;Delantero;16;408;3;6.756863;2;1;4;2;97;2;3.25;4;0;2;75;31;6;8;5;0;3;0;0;0;0;0;0
46998;724;2020;Defensa;29;2273;26;6.760273;3;0;12;5;746;3;18.03;21;3;35;189;113;30;31;4;4;10;8;0;0;0;0;0
47041;724;2020;Mediocentro;32;1556;16;6.899036;2;3;16;6;452;13;11.12;28;0;21;237;128;33;6;96;63;26;0;0;0;0;0;0
47061;724;2020;Mediocentro;37;524;5;6.802099;1;0;12;4;165;8;3.59;7;0;2;77;39;13;9;25;15;7;1;0;0;0;0;0
47084;724;2020;Delantero;38;877;8;6.432839;0;1;7;1;149;4;2.29;12;0;4;139;46;15;17;13;7;12;2;0;0;0;0;0
47095;724;2020;Delantero;8;8;0;6.3;0;0;0;0;3;0;0.12;0;0;0;4;0;0;0;1;0;0;0;0;0;0;0;0
47100;724;2020;Defensa;32;2585;31;6.851954;0;1;9;3;780;13;18.09;68;8;49;284;181;51;17;40;34;27;3;0;0;0;0;0
47199;724;2020;Mediocentro;18;260;2;6.441538;0;0;0;0;91;2;3.61;2;2;8;48;10;3;8;3;0;5;0;0;0;0;0;0
47229;724;2020;Defensa;36;2646;29;6.830801;0;0;10;2;703;8;13.72;42;7;33;188;105;23;20;5;4;21;11;0;0;0;0;0
47504;724;2020;Defensa;33;908;8;6.556498;0;0;1;0;280;0;6.21;9;3;15;71;31;4;12;1;1;2;2;0;0;0;0;0
47525;724;2020;Delantero;32;1530;18;6.682353;3;1;33;14;246;11;4.78;12;1;3;321;131;32;49;44;28;11;5;0;0;0;0;0
47561;724;2020;Defensa;27;866;10;6.830254;1;0;2;1;234;2;6.04;18;1;19;69;42;4;10;10;6;8;3;1;0;0;0;0
48573;724;2020;Defensa;1;0;0;0.0;0;0;0;0;0;0;0.0;0;0;0;0;0;0;0;0;0;0;0;0;0;0;0;0
50009;724;2020;Mediocentro;36;2628;33;6.754985;0;0;12;2;688;12;14.56;55;4;51;244;134;24;34;22;15;30;6;0;0;0;0;0
50502;724;2020;Delantero;35;2215;29;7.044605;8;4;45;21;560;20;9.17;11;0;3;390;203;37;21;39;29;6;5;1;0;0;0;0
113586;724;2020;Delantero;9;34;0;6.297059;0;0;1;0;8;0;0.78;0;0;0;3;1;0;1;1;1;1;0;0;0;0;0;0
119220;724;2020;Defensa;12;98;1;6.483673;0;0;0;0;33;0;2.33;2;1;0;8;4;0;1;0;0;2;0;0;0;0;0;0
122850;724;2020;Portero;5;0;0;0.0;0;0;0;0;0;0;0.0;0;0;0;0;0;0;0;0;0;0;0;0;0;0;0;0
125386;724;2020;Portero;14;0;0;0.0;0;0;0;0;0;0;0.0;0;0;0;0;0;0;0;0;0;0;0;0;0;0;0;0
179070;724;2020;Defensa;12;90;1;6.2;0;0;1;1;7;2;0.42;2;0;2;9;6;3;1;1;1;2;0;0;0;0;0;0
180241;724;2020;Delantero;4;17;0;6.858824;0;0;1;0;3;1;0.75;1;0;0;2;2;0;0;0;0;0;0;0;0;0;0;0
182759;724;2020;Delantero;2;0;0;0.0;0;0;0;0;0;0;0.0;0;0;0;0;0;0;0;0;0;0;0;0;0;0;0;0
186265;724;2020;Defensa;2;0;0;0.0;0;0;0;0;0;0;0.0;0;0;0;0;0;0;0;0;0;0;0;0;0;0;0;0
187413;724;2020;Defensa;2;0;0;0.0;0;0;0;0;0;0;0.0;0;0;0;0;0;0;0;0;0;0;0;0;0;0;0;0
310683;724;2020;Mediocentro;2;34;0;6.5;0;0;0;0;8;0;2.0;0;0;0;1;1;0;0;0;0;0;0;0;0;0;0;0
23;726;2020;Mediocentro;38;786;4;6.746947;0;1;7;2;337;16;7.29;29;0;14;98;56;9;7;27;18;11;1;0;0;0;0;0
60;726;2020;Delantero;5;47;0;6.223404;0;0;1;1;11;1;1.2;0;0;1;14;5;2;2;4;2;2;0;0;0;0;0;0
755;726;2020;Mediocentro;36;2064;23;6.712936;1;1;19;9;845;11;18.25;50;3;18;269;129;33;43;34;20;42;5;0;0;0;0;0
1291;726;2020;Defensa;17;614;9;6.626384;0;0;5;2;316;1;14.24;8;0;11;44;23;4;9;1;0;4;1;0;0;0;0;0
1488;726;2020;Mediocentro;31;774;7;6.600258;0;0;4;0;415;2;12.32;15;0;7;71;38;5;12;13;12;8;4;0;0;0;0;0
1684;726;2020;Portero;35;1440;16;6.675;0;0;0;0;493;0;9.17;0;0;0;10;9;3;0;3;3;0;0;0;0;21;34;0
6084;726;2020;Defensa;24;603;6;6.605141;0;0;0;0;343;1;12.0;16;3;11;57;29;2;10;0;0;6;2;0;0;0;0;0
18787;726;2020;Delantero;34;1140;14;6.595439;1;1;14;5;169;6;3.79;7;0;4;140;54;14;14;10;4;5;1;0;0;0;0;0
26302;726;2020;Mediocentro;27;1977;25;6.884117;1;4;8;5;774;17;20.63;26;2;35;218;139;43;12;42;30;14;4;0;0;0;0;0
41735;726;2020;Mediocentro;16;139;1;6.330216;0;0;0;0;81;1;4.38;4;0;1;21;9;1;3;4;2;4;1;0;0;0;0;0
46721;726;2020;Mediocentro;15;114;1;6.725439;0;0;0;0;76;2;4.33;2;0;5;9;6;3;0;0;0;1;0;0;0;0;0;0
46805;726;2020;Mediocentro;30;2055;24;6.708224;0;0;7;2;1205;13;34.3;38;2;31;215;94;21;26;13;10;40;1;0;0;0;0;0
46832;726;2020;Delantero;26;914;10;7.145514;2;1;28;10;428;18;13.04;21;0;9;192;96;32;27;61;35;17;5;0;1;0;0;0
46927;726;2020;Mediocentro;35;304;3;6.358882;0;1;3;1;93;4;2.14;5;0;1;61;20;7;13;8;5;13;0;0;0;0;0;0
47013;726;2020;Delantero;38;2884;32;6.969036;13;1;104;46;423;9;6.42;15;1;15;374;152;20;62;26;14;14;2;0;2;0;0;0
47016;726;2020;Portero;38;1980;22;6.863636;0;0;0;0;693;1;13.24;1;0;2;11;9;3;0;0;0;2;0;0;0;32;65;0
47179;726;2020;Delantero;35;862;7;6.524246;1;1;8;1;261;8;5.46;9;0;8;146;57;16;19;42;15;7;5;1;0;0;0;0
47287;726;2020;Mediocentro;33;2200;27;6.667864;1;4;16;7;854;20;20.76;24;0;23;183;76;21;19;39;22;23;2;0;0;0;0;0
47324;726;2020;Delantero;23;1293;16;6.981284;5;1;26;18;300;10;10.48;13;1;10;184;93;51;18;44;20;7;2;0;0;0;0;0
47409;726;2020;Defensa;37;3072;34;6.911621;2;0;28;8;1852;6;40.59;46;9;62;294;184;9;40;10;9;10;5;0;0;0;0;0
47454;726;2020;Defensa;33;1066;10;6.860319;0;1;1;0;487;7;12.7;23;3;16;106;61;15;14;17;8;7;2;0;0;0;0;0
47515;726;2020;Mediocentro;35;1137;13;6.770361;1;0;9;2;543;20;13.63;13;0;10;133;76;33;3;26;21;6;0;0;0;0;0;0
47563;726;2020;Defensa;18;189;2;6.430159;0;0;1;0;102;1;4.67;3;0;4;13;9;4;0;0;0;2;1;0;0;0;0;0
47566;726;2020;Defensa;37;3068;34;7.169361;1;2;6;1;1312;43;28.46;88;1;39;502;321;97;61;152;121;26;5;0;0;0;0;0
47569;726;2020;Defensa;36;2887;32;6.785972;1;0;11;4;1600;5;37.14;39;9;52;240;132;26;35;10;6;12;6;1;0;0;0;0
47573;726;2020;Mediocentro;38;2543;29;7.05061;2;4;17;12;822;73;16.37;25;1;25;281;116;38;52;64;44;41;5;0;0;0;0;0
90646;726;2020;Defensa;29;1588;17;6.744018;0;0;2;0;744;1;21.97;37;5;23;159;84;5;27;2;2;17;9;0;0;0;0;0
107187;726;2020;Mediocentro;1;0;0;0.0;0;0;0;0;0;0;0.0;0;0;0;0;0;0;0;0;0;0;0;0;0;0;0;0
188319;726;2020;Delantero;1;0;0;0.0;0;0;0;0;0;0;0.0;0;0;0;0;0;0;0;0;0;0;0;0;0;0;0;0
285418;726;2020;Portero;3;0;0;0.0;0;0;0;0;0;0;0.0;0;0;0;0;0;0;0;0;0;0;0;0;0;0;0;0
392;727;2020;Delantero;28;485;5;6.69299;1;1;7;3;184;4;4.82;3;0;0;90;33;4;4;21;9;4;0;0;0;0;0;0
922;727;2020;Defensa;28;1239;14;6.829459;1;1;10;2;432;5;10.96;25;1;25;117;68;6;15;8;6;9;3;1;0;0;0;0
1825;727;2020;Mediocentro;25;1546;17;6.89903;0;1;14;8;667;6;20.08;32;3;27;263;155;25;27;14;10;13;4;0;0;0;0;0
46646;727;2020;Portero;37;2957;32;6.976124;0;0;0;0;1069;1;14.38;0;0;3;25;21;10;1;1;1;2;2;0;0;40;89;2
46647;727;2020;Portero;15;188;3;5.920213;0;0;0;0;57;0;2.6;0;0;0;1;0;0;1;0;0;0;0;1;0;5;3;0
46648;727;2020;Portero;9;0;0;0.0;0;0;0;0;0;0;0.0;0;0;0;0;0;0;0;0;0;0;0;0;0;0;0;0
46649;727;2020;Portero;28;270;3;6.766667;0;0;0;0;79;0;1.43;0;0;0;0;0;0;0;0;0;0;0;0;0;3;5;0
46652;727;2020;Defensa;36;1251;13;6.718305;0;0;3;0;428;3;9.11;19;3;14;100;50;4;14;5;5;6;3;0;0;0;0;0
46653;727;2020;Defensa;36;3150;35;6.891429;1;0;13;2;1370;5;27.36;26;14;59;327;211;23;45;2;2;11;8;0;0;0;0;0
46654;727;2020;Defensa;25;2028;24;6.998619;0;0;2;0;718;5;22.64;20;11;34;170;104;20;21;6;5;5;3;1;0;0;0;0
46656;727;2020;Mediocentro;35;2092;24;6.575765;0;2;12;4;833;15;15.97;39;3;29;326;145;40;58;8;5;43;10;0;0;0;0;0
46657;727;2020;Defensa;36;2350;25;6.879957;0;0;9;2;764;13;15.14;56;4;43;270;160;35;43;33;15;9;10;0;0;0;0;0
46658;727;2020;Mediocentro;37;2736;33;7.026608;3;5;25;8;1014;53;19.0;49;1;29;360;165;41;42;46;24;31;2;0;1;0;0;0
46660;727;2020;Mediocentro;33;470;6;6.921915;1;1;3;1;148;6;3.12;9;0;5;48;26;7;5;7;5;7;1;0;0;0;0;0
46662;727;2020;Mediocentro;36;2664;28;6.794107;2;0;29;10;1130;18;25.67;61;4;23;247;114;10;39;15;8;43;7;1;0;0;0;0
46665;727;2020;Mediocentro;27;1359;16;6.748786;0;0;6;2;561;14;15.37;20;0;15;102;44;11;15;3;2;6;4;1;0;0;0;0
46666;727;2020;Mediocentro;35;1890;19;6.766772;7;1;38;15;666;19;13.74;14;0;16;154;70;32;13;30;17;20;0;0;4;0;0;0
46667;727;2020;Mediocentro;38;1442;17;6.701318;2;3;18;12;426;16;8.53;10;1;16;224;107;23;15;82;53;19;2;0;0;0;0;0
46670;727;2020;Delantero;8;0;0;0.0;0;0;0;0;0;0;0.0;0;0;0;0;0;0;0;0;0;0;0;0;0;0;0;0
46746;727;2020;Delantero;31;1623;18;6.973198;11;0;38;22;391;9;7.61;20;2;2;364;198;31;30;26;13;11;3;0;0;0;0;0
46967;727;2020;Defensa;36;1965;23;6.65883;0;0;0;0;609;11;12.19;36;0;16;142;76;4;12;11;8;15;4;0;0;0;0;0
47305;727;2020;Defensa;19;169;2;6.272781;0;0;0;0;54;1;2.11;6;0;3;12;6;0;2;0;0;2;0;0;0;0;0;0
47361;727;2020;Mediocentro;21;913;9;6.679956;2;0;5;4;296;5;10.05;10;1;7;121;48;7;27;6;4;11;4;0;0;0;0;0
47366;727;2020;Mediocentro;26;870;9;6.684023;0;2;8;4;283;19;6.96;7;0;14;107;36;8;10;41;17;15;0;0;0;0;0;0
47368;727;2020;Delantero;27;1554;20;6.908623;5;2;34;16;344;10;7.85;15;1;1;354;157;39;42;40;17;14;4;0;0;0;0;0
47393;727;2020;Delantero;3;50;0;6.39;0;0;1;1;24;0;5.33;1;0;0;7;3;1;3;0;0;0;0;0;0;0;0;0
47510;727;2020;Defensa;17;303;3;6.632673;0;0;0;0;95;1;4.47;5;0;2;22;16;2;1;4;3;2;0;0;0;0;0;0
47579;727;2020;Delantero;10;199;2;6.479397;0;0;5;2;52;0;3.1;6;0;1;34;14;5;4;2;0;2;0;0;0;0;0;0
47581;727;2020;Delantero;37;817;8;6.575031;0;2;12;4;248;7;3.95;6;0;1;223;96;11;30;13;6;12;2;0;0;0;0;0
64309;727;2020;Defensa;19;973;10;6.679342;0;4;2;1;401;14;15.32;27;0;8;102;45;8;16;15;7;14;4;0;0;0;0;0
67939;727;2020;Mediocentro;9;0;0;0.0;0;0;0;0;0;0;0.0;0;0;0;0;0;0;0;0;0;0;0;0;0;0;0;0
134838;727;2020;Defensa;2;0;0;0.0;0;0;0;0;0;0;0.0;0;0;0;0;0;0;0;0;0;0;0;0;0;0;0;0
163436;727;2020;Mediocentro;8;0;0;0.0;0;0;0;0;0;0;0.0;0;0;0;0;0;0;0;0;0;0;0;0;0;0;0;0
180239;727;2020;Portero;17;0;0;0.0;0;0;0;0;0;0;0.0;0;0;0;0;0;0;0;0;0;0;0;0;0;0;0;0
182618;727;2020;Mediocentro;5;0;0;0.0;0;0;0;0;0;0;0.0;0;0;0;0;0;0;0;0;0;0;0;0;0;0;0;0
158;797;2020;Portero;19;720;8;6.6125;0;0;0;0;219;1;6.58;1;0;1;3;3;1;0;0;0;0;3;0;0;9;15;0
608;797;2020;Delantero;34;2714;32;6.738357;7;2;43;22;631;14;14.32;47;2;19;544;189;34;95;117;65;38;9;1;0;0;0;0
1218;797;2020;Mediocentro;29;1145;12;6.540524;1;1;14;8;338;11;9.59;12;0;6;115;38;7;21;31;14;12;5;0;0;0;0;0
1560;797;2020;Defensa;32;2237;26;6.823245;0;3;5;0;1110;10;29.72;28;4;32;171;96;25;35;15;10;9;8;0;0;0;0;0
2474;797;2020;Mediocentro;33;2650;30;6.726943;0;0;0;0;1513;10;39.94;64;7;36;227;117;19;29;17;13;49;10;1;0;0;0;0
2486;797;2020;Defensa;18;746;8;6.636193;0;0;0;0;238;3;10.61;20;1;5;67;41;7;5;9;6;5;0;0;0;0;0;0
3334;797;2020;Defensa;10;76;1;6.193421;0;0;0;0;17;0;1.3;2;0;0;11;5;2;1;2;1;1;0;0;0;0;0;0
6090;797;2020;Defensa;16;494;5;6.362551;0;0;0;0;256;1;13.44;8;0;4;53;22;6;11;8;5;8;2;0;0;0;0;0
13298;797;2020;Delantero;16;48;1;6.28125;0;0;0;0;11;0;0.5;1;0;0;7;3;0;1;3;1;0;0;0;0;0;0;0
21070;797;2020;Mediocentro;31;801;9;6.689139;0;0;3;0;343;2;9.65;18;1;11;69;34;6;13;3;1;10;4;0;0;0;0;0
46816;797;2020;Defensa;34;455;4;6.425275;0;0;3;0;163;0;3.65;10;0;8;52;23;6;6;7;2;6;1;0;0;0;0;0
46817;797;2020;Defensa;28;1288;15;6.792003;1;0;4;2;742;1;23.57;11;5;20;101;52;3;19;7;7;6;5;0;0;0;0;0
46858;797;2020;Mediocentro;3;1;0;0.0;0;0;0;0;0;0;0.0;0;0;0;0;0;0;0;0;0;0;0;0;0;0;0;0
46961;797;2020;Portero;38;2700;30;6.903333;0;0;0;0;1005;0;19.05;1;0;0;14;10;3;0;0;0;2;0;0;0;46;95;3
46965;797;2020;Defensa;36;2945;33;6.881324;0;2;11;4;1583;6;37.03;34;12;52;231;143;40;31;12;11;12;11;0;0;0;0;0
46966;797;2020;Defensa;36;1778;19;6.717885;2;0;7;4;770;0;17.61;20;6;12;135;71;15;19;3;2;3;3;0;0;0;0;0
46973;797;2020;Mediocentro;36;1935;24;6.830336;4;2;9;8;623;16;14.25;34;1;21;227;109;29;23;75;40;26;3;0;0;0;0;0
46984;797;2020;Delantero;33;271;0;6.491144;0;0;2;1;113;2;3.15;0;0;0;29;10;6;4;4;2;1;1;0;0;0;0;0
47002;797;2020;Mediocentro;30;2401;28;6.940108;6;3;14;8;975;47;25.27;46;1;16;315;149;42;30;88;51;39;8;0;2;0;0;0
47057;797;2020;Mediocentro;37;2873;33;6.73157;3;1;19;6;1276;7;29.0;48;2;49;284;145;53;33;48;30;36;3;1;0;0;0;0
47182;797;2020;Mediocentro;34;2023;23;6.816362;2;5;16;3;641;15;15.15;31;0;13;278;130;34;28;74;44;30;5;0;0;0;0;0
47222;797;2020;Defensa;37;1971;21;6.813394;0;1;4;0;877;6;19.03;43;4;38;176;105;18;22;10;9;8;4;0;0;0;0;0
47340;797;2020;Delantero;10;359;3;6.608914;0;0;4;3;108;3;8.7;8;0;2;57;21;9;11;6;3;9;1;0;0;0;0;0
47398;797;2020;Delantero;37;1987;22;6.791344;4;3;24;11;578;14;11.41;24;5;13;283;138;54;31;30;19;29;6;0;0;0;0;0
47421;797;2020;Delantero;22;1004;11;6.940538;3;2;20;8;300;8;9.77;9;1;4;224;114;14;28;13;8;6;3;0;0;0;0;0
47491;797;2020;Mediocentro;36;173;2;6.52948;0;0;0;0;115;0;2.69;4;0;4;16;8;1;6;1;1;1;0;0;0;0;0;0
51112;797;2020;Mediocentro;35;426;2;6.592958;0;0;0;0;324;4;8.46;4;1;5;43;17;8;8;2;1;9;1;0;0;0;0;0
64268;797;2020;Defensa;17;1203;14;6.649626;0;0;6;2;542;10;24.12;21;1;15;122;57;12;17;28;13;10;3;0;0;0;0;0
75908;797;2020;Portero;15;0;0;0.0;0;0;0;0;0;0;0.0;0;0;0;0;0;0;0;0;0;0;0;0;0;0;0;0
107170;797;2020;Delantero;1;0;0;0.0;0;0;0;0;0;0;0.0;0;0;0;0;0;0;0;0;0;0;0;0;0;0;0;0
119223;797;2020;Delantero;2;0;0;0.0;0;0;0;0;0;0;0.0;0;0;0;0;0;0;0;0;0;0;0;0;0;0;0;0
122888;797;2020;Portero;11;0;0;0.0;0;0;0;0;0;0;0.0;0;0;0;0;0;0;0;0;0;0;0;0;0;0;0;0
129656;797;2020;Mediocentro;1;0;0;0.0;0;0;0;0;0;0;0.0;0;0;0;0;0;0;0;0;0;0;0;0;0;0;0;0
135831;797;2020;Portero;4;0;0;0.0;0;0;0;0;0;0;0.0;0;0;0;0;0;0;0;0;0;0;0;0;0;0;0;0
156514;797;2020;Defensa;3;0;0;0.0;0;0;0;0;0;0;0.0;0;0;0;0;0;0;0;0;0;0;0;0;0;0;0;0
184345;797;2020;Mediocentro;16;74;1;7.2;0;0;1;0;16;0;0.88;2;0;1;11;8;2;0;4;4;1;0;0;0;0;0;0
184348;797;2020;Defensa;8;0;0;0.0;0;0;0;0;0;0;0.0;0;0;0;0;0;0;0;0;0;0;0;0;0;0;0;0
184407;797;2020;Defensa;11;0;0;0.0;0;0;0;0;0;0;0.0;0;0;0;0;0;0;0;0;0;0;0;0;0;0;0;0
189866;797;2020;Defensa;12;55;1;6.281818;0;0;0;0;18;0;1.5;0;0;0;1;0;0;0;0;0;0;0;0;0;0;0;0
208670;797;2020;Delantero;7;0;0;0.0;0;0;0;0;0;0;0.0;0;0;0;0;0;0;0;0;0;0;0;0;0;0;0;0
287461;797;2020;Defensa;1;0;0;0.0;0;0;0;0;0;0;0.0;0;0;0;0;0;0;0;0;0;0;0;0;0;0;0;0
56;529;2021;Delantero;3;264;3;7.006818;0;0;4;0;101;0;28.67;13;0;3;49;24;4;2;7;3;4;0;0;0;0;0;0
126;529;2021;Portero;18;0;0;0.0;0;0;0;0;0;0;0.0;0;0;0;0;0;0;0;0;0;0;0;0;0;0;0;0
127;529;2021;Portero;35;3157;35;6.800443;0;0;0;0;1129;1;27.69;0;0;1;14;13;6;0;2;2;1;3;0;0;34;76;1
128;529;2021;Defensa;31;2648;30;7.309932;2;10;22;6;2391;60;66.81;49;6;34;173;87;19;26;21;6;19;11;0;0;0;0;0
132;529;2021;Defensa;2;0;0;0.0;0;0;0;0;0;0;0.0;0;0;0;1;0;0;0;0;0;0;0;0;0;0;0;0
133;529;2021;Defensa;35;828;7;6.880314;0;1;1;1;812;2;21.11;19;3;13;92;40;4;19;2;1;5;4;0;0;0;0;0
136;529;2021;Defensa;28;2103;25;7.180314;1;0;14;3;1678;5;53.89;21;16;33;199;122;15;30;6;6;3;10;1;0;0;0;0
137;529;2021;Defensa;10;399;4;6.859148;2;1;4;3;238;4;21.9;5;0;3;21;14;4;1;3;3;2;1;0;0;0;0;0
139;529;2021;Defensa;23;90;1;6.9;0;0;0;0;47;0;1.78;2;1;0;9;6;1;0;0;0;1;1;0;0;0;0;0
144;529;2021;Mediocentro;36;3202;36;7.276421;2;0;10;4;2767;33;67.33;95;8;44;412;240;67;53;26;21;37;12;0;0;0;0;0
147;529;2021;Mediocentro;16;501;5;6.581437;2;0;17;7;302;1;16.38;6;0;4;75;34;13;7;20;13;7;1;0;1;0;0;0
148;529;2021;Mediocentro;38;482;2;6.648548;1;0;5;3;449;5;10.95;6;0;3;57;22;10;8;8;5;12;0;0;0;0;0;0
153;529;2021;Delantero;23;1410;15;7.639929;1;13;38;8;663;46;24.39;24;0;8;192;104;17;11;90;59;15;3;0;0;0;0;0
246;529;2021;Delantero;34;705;6;6.982695;6;0;22;10;182;5;3.85;8;0;0;98;55;11;9;4;3;1;1;0;0;0;0;0
256;529;2021;Defensa;17;1108;13;7.402978;1;3;5;2;916;22;47.41;30;3;11;110;57;6;27;12;12;12;2;1;0;0;0;0
538;529;2021;Mediocentro;33;2494;30;7.142382;3;3;17;8;1640;43;45.33;34;5;20;229;144;34;24;60;51;11;7;1;0;0;0;0
619;529;2021;Defensa;33;2049;23;6.897218;0;0;4;4;1671;4;47.21;28;12;44;139;67;5;35;3;2;15;5;1;0;0;0;0
642;529;2021;Delantero;4;151;2;6.619868;1;0;5;1;39;1;7.25;1;0;0;14;7;2;1;2;1;2;0;0;0;0;0;0
667;529;2021;Delantero;29;1847;20;7.414618;12;2;52;34;808;45;22.9;10;1;3;216;109;44;24;74;45;10;3;0;4;0;0;0
872;529;2021;Mediocentro;1;0;0;0.0;0;0;0;0;0;0;0.0;0;0;0;0;0;0;0;0;0;0;0;0;0;0;0;0
912;529;2021;Portero;36;270;3;6.8;0;0;0;0;112;1;2.47;0;0;0;0;0;0;0;0;0;0;0;0;0;4;10;0
931;529;2021;Delantero;18;1418;17;7.072355;4;4;40;19;569;13;26.83;10;3;4;126;55;20;10;37;13;4;1;0;1;0;0;0
1465;529;2021;Delantero;17;1092;13;7.300824;11;1;31;20;233;8;10.41;2;1;2;54;20;7;7;6;4;5;0;0;0;0;0;0
1566;529;2021;Defensa;3;90;1;6.683333;0;0;0;0;52;0;15.0;3;0;2;12;6;3;3;1;0;1;0;0;0;0;0;0
2737;529;2021;Delantero;19;236;3;7.515254;2;1;4;3;54;2;2.32;1;0;1;25;8;2;5;3;2;0;0;0;0;0;0;0
18753;529;2021;Delantero;17;384;4;7.045573;0;2;7;3;129;7;6.47;4;0;4;66;40;7;7;35;24;2;0;0;0;0;0;0
38735;529;2021;Defensa;25;1521;17;6.925378;0;3;11;3;815;18;30.12;32;4;2;183;95;19;17;66;37;5;2;0;0;0;0;0
46725;529;2021;Delantero;3;0;0;0.0;0;0;0;0;0;0;0.0;0;0;0;0;0;0;0;0;0;0;0;0;0;0;0;0
101814;529;2021;Defensa;31;2290;25;7.20048;4;0;15;10;1611;8;46.84;41;20;22;181;120;12;25;9;7;4;6;0;0;0;0;0
122734;529;2021;Delantero;8;314;4;6.797134;1;0;9;4;113;2;12.0;2;0;1;30;15;6;4;5;2;1;1;0;0;0;0;0
129967;529;2021;Mediocentro;1;0;0;0.0;0;0;0;0;0;0;0.0;0;0;0;0;0;0;0;0;0;0;0;0;0;0;0;0
131294;529;2021;Delantero;16;196;2;6.757653;0;0;0;0;75;0;4.25;3;0;2;24;12;4;0;9;5;3;0;0;0;0;0;0
133609;529;2021;Mediocentro;12;888;10;7.273761;3;1;9;5;579;15;41.75;20;0;5;93;55;17;1;18;14;13;0;0;0;0;0;0
135775;529;2021;Delantero;10;331;3;7.012991;4;0;13;8;154;2;13.1;3;0;0;44;20;12;9;14;4;0;0;0;0;0;0;0
161928;529;2021;Defensa;18;187;2;6.66738;0;0;1;0;139;1;7.33;2;2;1;20;7;4;4;5;1;0;0;0;0;0;0;0
161933;529;2021;Mediocentro;31;1124;12;6.826512;2;1;11;4;669;13;19.42;31;0;6;182;89;19;37;43;33;16;6;0;0;0;0;0
162167;529;2021;Mediocentro;7;34;0;6.452941;0;0;0;0;12;1;1.43;0;0;0;3;1;1;0;1;0;1;0;0;0;0;0;0
162473;529;2021;Portero;17;0;0;0.0;0;0;0;0;0;0;0.0;0;0;0;0;0;0;0;0;0;0;0;0;0;0;0;0
162474;529;2021;Mediocentro;3;0;0;0.0;0;0;0;0;0;0;0.0;0;0;0;0;0;0;0;0;0;0;0;0;0;0;0;0
162475;529;2021;Defensa;2;1;0;0.0;0;0;0;0;5;0;2.0;0;0;0;0;0;0;0;0;0;0;0;0;0;0;0;0
162695;529;2021;Defensa;1;0;0;0.0;0;0;0;0;0;0;0.0;0;0;0;0;0;0;0;0;0;0;0;0;0;0;0;0
162712;529;2021;Defensa;35;910;9;6.903516;0;1;2;1;655;9;16.69;25;0;9;73;44;4;11;7;6;6;2;0;0;0;0;0
163466;529;2021;Portero;7;0;0;0.0;0;0;0;0;0;0;0.0;0;0;0;0;0;0;0;0;0;0;0;0;0;0;0;0
181421;529;2021;Delantero;13;581;6;7.009294;1;0;10;4;168;6;9.85;17;0;9;130;69;15;17;59;34;3;4;0;0;0;0;0
290740;529;2021;Delantero;5;125;2;7.156;0;0;2;2;49;4;8.6;2;0;0;17;8;4;3;4;1;0;0;0;0;0;0;0
296667;529;2021;Mediocentro;36;2327;28;6.920713;2;5;22;8;1200;21;29.75;38;0;25;392;192;69;63;87;54;24;11;1;0;0;0;0
336555;529;2021;Delantero;1;17;0;6.3;0;0;0;0;1;0;0.0;1;0;0;3;1;0;1;0;0;0;0;0;0;0;0;0
29;530;2021;Portero;38;3420;38;6.644737;0;0;1;0;938;0;12.79;0;0;1;16;16;7;0;2;2;0;1;0;0;43;66;1
31;530;2021;Defensa;29;2046;24;7.060997;1;1;18;7;923;5;28.24;18;19;25;136;88;21;11;12;8;8;8;0;0;0;0;0
37;530;2021;Defensa;1;0;0;0.0;0;0;0;0;0;0;0.0;0;0;0;0;0;0;0;0;0;0;0;0;0;0;0;0
39;530;2021;Defensa;30;2441;28;6.948914;0;0;14;5;1376;3;37.77;46;12;37;245;146;22;30;9;8;14;12;0;0;0;0;0
45;530;2021;Mediocentro;24;1451;17;7.005307;4;5;20;8;679;31;24.12;24;0;8;180;89;21;11;55;32;15;2;0;0;0;0;0
48;530;2021;Mediocentro;3;200;2;7.365;0;1;3;0;91;1;26.33;7;1;0;24;16;2;2;2;1;1;0;0;0;0;0;0
50;530;2021;Mediocentro;32;2509;29;6.8833;1;2;10;6;1724;26;46.62;55;5;24;237;108;27;29;19;13;37;6;0;0;0;0;0
52;530;2021;Delantero;3;0;0;0.0;0;0;0;0;0;0;0.0;0;0;0;0;0;0;0;0;0;0;0;0;0;0;0;0
53;530;2021;Delantero;36;1857;21;6.99623;12;5;33;23;599;25;12.69;16;2;10;213;80;27;24;56;32;21;3;1;0;0;0;0
56;530;2021;Delantero;27;1705;21;7.060997;3;4;35;14;657;26;19.63;30;1;7;232;107;27;18;29;19;20;3;0;0;0;0;0
157;530;2021;Delantero;37;1842;20;6.9924;11;2;49;26;490;15;9.76;8;1;1;137;59;26;20;23;6;8;7;0;2;0;0;0
169;530;2021;Mediocentro;16;978;12;7.006544;0;0;1;0;629;7;30.88;22;1;10;107;63;6;14;12;7;9;1;0;0;0;0;0
199;530;2021;Defensa;31;916;10;6.862009;1;2;4;1;456;3;11.35;27;1;12;124;70;5;13;7;5;8;4;0;0;0;0;0
371;530;2021;Defensa;34;1504;15;6.774801;2;1;11;4;770;5;18.53;20;11;29;144;81;14;22;2;2;10;5;1;0;0;0;0
382;530;2021;Mediocentro;30;862;8;6.852204;0;0;5;3;653;10;18.47;16;2;12;123;62;8;19;18;15;13;4;0;0;0;0;0
583;530;2021;Delantero;24;1271;13;7.431078;8;4;32;15;420;19;13.12;5;1;7;187;112;57;15;52;31;4;3;1;0;0;0;0
753;530;2021;Mediocentro;29;2455;29;6.890265;0;2;11;2;1089;27;31.83;52;10;27;202;105;16;29;30;19;15;5;0;0;0;0;0
926;530;2021;Mediocentro;29;1884;21;7.076805;1;2;10;1;993;11;29.41;73;5;45;294;177;37;41;33;29;27;13;2;0;0;0;0
932;530;2021;Mediocentro;10;45;0;6.7;0;0;0;0;17;0;1.3;0;0;0;5;2;1;1;1;1;0;1;0;0;0;0;0
1165;530;2021;Delantero;30;1055;8;6.859147;6;4;30;15;206;8;4.87;19;2;5;198;72;26;22;12;7;15;3;0;0;0;0;0
2472;530;2021;Mediocentro;37;2154;24;7.190344;3;1;17;9;1289;51;28.54;56;3;22;292;157;59;44;37;25;30;7;0;0;0;0;0
2669;530;2021;Defensa;33;1868;21;6.837473;2;1;13;5;1183;9;31.24;29;3;29;168;95;11;26;10;7;17;6;1;0;0;0;0
2923;530;2021;Mediocentro;34;2590;28;7.163012;6;6;33;12;1021;54;24.21;35;5;18;330;170;39;30;136;88;24;5;0;2;0;0;0
10122;530;2021;Defensa;36;1187;13;6.788458;2;2;9;4;489;11;11.11;31;4;13;177;97;21;21;31;17;16;5;0;0;0;0;0
14382;530;2021;Portero;1;0;0;0.0;0;0;0;0;0;0;0.0;0;0;0;0;0;0;0;0;0;0;0;0;0;0;0;0
21566;530;2021;Portero;36;0;0;0.0;0;0;0;0;0;0;0.0;0;0;0;0;0;0;0;0;0;0;1;0;0;0;0;0
22225;530;2021;Defensa;17;1298;15;6.993837;0;0;2;0;581;3;28.59;45;9;21;157;92;20;26;7;5;8;5;0;0;0;0;0
41595;530;2021;Delantero;4;0;0;0.0;0;0;0;0;0;0;0.0;0;0;0;0;0;0;0;0;0;0;0;0;0;0;0;0
119218;530;2021;Defensa;1;0;0;0.0;0;0;0;0;0;0;0.0;0;0;0;0;0;0;0;0;0;0;0;0;0;0;0;0
162138;530;2021;Defensa;2;0;0;0.0;0;0;0;0;0;0;0.0;0;0;0;0;0;0;0;0;0;0;0;0;0;0;0;0
162545;530;2021;Defensa;1;0;0;0.0;0;0;0;0;0;0;0.0;0;0;0;0;0;0;0;0;0;0;0;0;0;0;0;0
303378;530;2021;Mediocentro;20;69;1;6.588406;0;0;0;0;37;0;1.45;3;0;3;16;8;1;4;1;0;2;1;1;0;0;0;0
313548;530;2021;Mediocentro;1;0;0;0.0;0;0;0;0;0;0;0.0;0;0;0;0;0;0;0;0;0;0;0;0;0;0;0;0
323935;530;2021;Delantero;14;1;0;0.0;0;0;0;0;3;0;0.07;0;0;0;3;3;2;0;0;0;0;0;0;0;0;0;0
324750;530;2021;Delantero;10;8;0;6.6;0;0;0;0;2;0;0.1;0;0;0;4;2;0;1;1;1;0;1;0;0;0;0;0
333379;530;2021;Portero;1;0;0;0.0;0;0;0;0;0;0;0.0;0;0;0;0;0;0;0;0;0;0;0;0;0;0;0;0
336592;530;2021;Defensa;4;0;0;0.0;0;0;0;0;0;0;0.0;0;0;0;0;0;0;0;0;0;0;0;0;0;0;0;0
336594;530;2021;Mediocentro;3;0;0;0.0;0;0;0;0;0;0;0.0;0;0;0;0;0;0;0;0;0;0;0;0;0;0;0;0
336681;530;2021;Defensa;1;0;0;0.0;0;0;0;0;0;0;0.0;0;0;0;0;0;0;0;0;0;0;0;0;0;0;0;0
125;531;2021;Portero;27;0;0;0.0;0;0;0;0;0;0;0.0;0;0;0;0;0;0;0;0;0;0;0;0;0;0;0;0
2670;531;2021;Defensa;27;2349;26;7.076543;3;0;19;9;1192;4;34.96;29;10;40;215;126;26;33;2;2;9;9;2;0;0;0;0
2672;531;2021;Mediocentro;37;2803;34;7.37096;4;10;31;21;1371;107;31.41;32;1;17;330;183;81;15;103;65;28;3;0;1;0;0;0
30510;531;2021;Mediocentro;36;2177;24;6.936748;3;6;34;16;717;43;14.28;45;2;15;386;173;46;44;71;33;40;8;0;0;0;0;0
47270;531;2021;Portero;34;3065;34;6.914682;0;0;0;0;745;1;14.62;0;0;1;9;8;1;0;0;0;0;3;0;0;31;83;0
47271;531;2021;Defensa;28;1864;21;7.035515;0;0;4;0;1014;4;29.68;25;16;45;168;97;13;23;3;2;7;6;0;0;0;0;0
47272;531;2021;Defensa;37;2034;23;6.771632;0;0;5;2;763;8;16.0;34;4;21;158;85;12;21;12;6;18;2;0;0;0;0;0
47273;531;2021;Defensa;17;1023;11;7.146921;1;2;5;3;493;7;23.0;25;5;13;104;73;19;7;11;8;7;3;0;0;0;0;0
47274;531;2021;Defensa;30;8;0;6.3;0;0;1;0;2;0;0.03;0;0;0;0;0;0;0;0;0;0;0;0;0;0;0;0
47275;531;2021;Defensa;34;1689;19;6.894553;1;2;3;3;865;18;18.88;49;3;20;150;83;8;25;13;4;15;5;0;0;0;0;0
47276;531;2021;Defensa;33;1926;22;6.791796;0;2;2;1;877;13;19.24;32;12;22;155;72;9;19;29;13;22;3;0;0;0;0;0
47277;531;2021;Defensa;33;625;7;6.67632;0;0;6;1;339;2;8.79;5;8;8;54;27;7;10;4;3;3;2;0;0;0;0;0
47278;531;2021;Defensa;28;1991;22;7.037217;2;1;15;8;941;2;28.04;32;15;26;173;86;20;19;5;4;7;2;0;0;0;0;0
47281;531;2021;Mediocentro;34;2191;27;6.681789;0;0;8;2;1025;9;23.53;36;10;25;215;95;22;44;6;4;32;9;0;0;0;0;0
47282;531;2021;Delantero;36;1817;24;6.954485;6;2;33;14;582;18;10.03;27;4;9;284;125;32;49;12;9;28;3;0;0;0;0;0
47286;531;2021;Defensa;2;5;0;0.0;0;0;0;0;2;0;1.0;0;0;0;1;0;0;1;0;0;0;0;0;0;0;0;0
47294;531;2021;Delantero;38;2790;32;6.973656;8;5;69;37;607;33;10.84;14;3;3;291;131;40;24;55;28;12;4;0;1;0;0;0
47418;531;2021;Mediocentro;37;1379;17;6.76454;2;0;11;4;701;12;14.73;28;5;19;183;93;18;34;15;9;20;7;2;0;0;0;0
104853;531;2021;Delantero;22;547;3;6.599086;2;0;14;6;111;3;3.14;4;1;1;80;40;13;10;5;4;1;0;0;0;0;0;0
128398;531;2021;Delantero;27;1426;16;7.021529;6;4;24;14;436;27;12.63;12;0;5;199;79;27;20;37;23;15;2;0;0;0;0;0
182560;531;2021;Mediocentro;33;1168;8;6.580394;1;0;13;4;469;5;11.33;13;10;18;106;39;12;16;8;4;25;5;0;1;0;0;0
182563;531;2021;Mediocentro;19;54;0;6.3;0;0;1;0;26;0;1.05;3;0;0;9;4;1;2;1;0;1;2;0;0;0;0;0
182588;531;2021;Delantero;3;0;0;0.0;0;0;0;0;0;0;0.0;0;0;0;0;0;0;0;0;0;0;0;0;0;0;0;0
182627;531;2021;Defensa;36;428;1;6.431542;0;0;1;1;210;1;4.39;12;2;4;64;33;12;11;9;3;4;4;0;0;0;0;0
182639;531;2021;Mediocentro;34;2400;29;6.754208;0;0;10;2;1254;15;29.56;26;13;19;227;108;35;28;31;25;33;4;0;0;0;0;0
182640;531;2021;Portero;1;0;0;0.0;0;0;0;0;0;0;0.0;0;0;0;0;0;0;0;0;0;0;0;0;0;0;0;0
183799;531;2021;Mediocentro;34;1330;11;6.582857;0;0;20;10;387;16;8.94;20;2;5;226;97;23;24;90;44;21;4;0;0;0;0;0
183848;531;2021;Portero;14;360;4;7.025;0;0;0;0;70;0;3.57;0;0;0;0;0;0;0;0;0;0;0;0;0;5;15;0
183849;531;2021;Defensa;4;0;0;0.0;0;0;0;0;0;0;0.0;0;0;0;0;0;0;0;0;0;0;0;0;0;0;0;0
286593;531;2021;Mediocentro;31;353;3;6.608782;1;0;6;4;103;3;2.58;9;1;2;48;20;6;8;7;4;7;0;0;0;0;0;0
313026;531;2021;Delantero;1;0;0;0.0;0;0;0;0;0;0;0.0;0;0;0;0;0;0;0;0;0;0;0;0;0;0;0;0
124;532;2021;Portero;29;1458;17;6.792593;0;1;0;0;375;1;7.9;0;0;0;3;2;1;0;0;0;1;1;0;0;29;50;1
911;532;2021;Portero;32;342;3;6.531579;0;0;0;0;100;0;1.81;0;0;0;0;0;0;0;0;0;0;2;0;0;5;8;0
913;532;2021;Portero;2;0;0;0.0;0;0;0;0;0;0;0.0;0;0;0;0;0;0;0;0;0;0;0;0;0;0;0;0
915;532;2021;Defensa;21;1596;19;7.120113;2;1;6;3;636;4;23.52;21;12;39;112;72;12;11;2;1;6;2;0;0;0;0;0
916;532;2021;Defensa;33;1964;21;6.736253;0;1;6;2;719;4;16.3;35;17;31;170;96;16;26;19;13;10;11;0;0;0;0;0
918;532;2021;Defensa;24;1881;22;6.846571;2;4;17;9;622;25;19.62;35;3;18;165;80;21;34;29;16;18;8;2;0;0;0;0
919;532;2021;Mediocentro;33;2371;28;6.808435;1;0;5;2;1099;14;26.85;43;10;30;324;164;63;71;16;10;26;10;2;0;0;0;0
920;532;2021;Defensa;15;591;7;6.549239;0;1;0;0;234;3;11.93;17;0;8;82;35;6;14;8;8;7;5;0;0;0;0;0
921;532;2021;Defensa;10;322;3;6.941925;1;0;2;1;99;2;6.5;14;2;1;44;28;3;10;10;9;2;1;0;0;0;0;0
923;532;2021;Mediocentro;29;562;5;6.665836;0;1;7;5;141;3;3.41;14;1;9;76;32;7;15;11;6;9;1;0;0;0;0;0
925;532;2021;Delantero;37;2620;30;7.20084;11;6;50;28;735;43;13.65;21;0;9;360;173;74;37;123;62;20;3;0;1;0;0;0
930;532;2021;Mediocentro;32;2480;28;7.194798;11;5;36;21;825;54;19.19;29;4;14;203;106;46;21;38;19;27;4;0;7;0;0;0
932;532;2021;Mediocentro;19;1592;19;6.782224;1;1;24;8;648;14;27.74;23;2;13;158;76;18;29;9;7;24;6;0;0;0;0;0
937;532;2021;Delantero;3;13;0;6.9;0;0;0;0;1;0;0.33;1;0;2;5;3;0;2;1;1;0;0;0;0;0;0;0
1482;532;2021;Defensa;20;1422;18;6.865682;0;1;2;1;478;8;16.9;35;5;19;173;94;29;32;22;11;14;5;0;0;0;0;0
2061;532;2021;Delantero;15;755;9;6.761722;0;1;7;2;191;10;9.53;13;0;1;110;51;20;13;35;17;11;3;0;0;0;0;0
2615;532;2021;Delantero;29;1961;21;6.901326;5;1;29;14;386;18;8.62;5;1;3;297;147;55;49;18;5;3;7;1;0;0;0;0
6168;532;2021;Defensa;32;2411;28;6.887018;2;0;17;5;950;4;18.06;53;18;35;244;141;7;42;13;12;19;15;0;0;0;0;0
18752;532;2021;Mediocentro;33;1151;13;6.47993;0;1;6;2;250;17;5.36;27;1;3;195;72;14;28;58;23;27;3;0;0;0;0;0
24760;532;2021;Portero;35;1620;18;6.983333;0;0;0;0;431;0;6.31;0;0;0;8;8;2;0;0;0;0;2;0;0;20;55;0
46782;532;2021;Delantero;22;119;0;6.568067;0;0;3;1;29;2;0.86;2;0;0;21;5;1;6;0;0;1;3;0;0;0;0;0
47087;532;2021;Mediocentro;37;1229;13;6.809601;0;0;11;1;499;5;9.92;32;6;16;193;102;25;29;18;14;21;3;1;0;0;0;0
47251;532;2021;Defensa;29;2340;25;6.628504;0;1;14;5;730;11;17.03;36;3;29;215;119;40;39;33;23;13;11;0;0;0;0;0
47264;532;2021;Delantero;31;1858;22;6.765877;7;1;26;15;373;14;8.65;25;2;4;281;121;44;29;25;13;23;4;1;0;0;0;0
47367;532;2021;Delantero;7;0;0;0.0;0;0;0;0;0;0;0.0;0;0;0;0;0;0;0;0;0;0;0;0;0;0;0;0
47473;532;2021;Mediocentro;14;89;1;6.689888;0;0;1;0;21;3;1.36;4;0;1;21;11;4;3;3;3;1;2;0;0;0;0;0
48372;532;2021;Defensa;16;423;5;6.405674;0;0;3;1;201;1;10.62;5;2;2;19;7;0;3;0;0;3;2;0;0;0;0;0
122233;532;2021;Delantero;32;1000;8;6.737;1;3;25;9;177;13;3.75;15;0;7;215;92;22;23;33;14;11;3;0;0;0;0;0
161873;532;2021;Mediocentro;4;0;0;0.0;0;0;0;0;0;0;0.0;0;0;0;0;0;0;0;0;0;0;0;0;0;0;0;0
161875;532;2021;Mediocentro;1;0;0;0.0;0;0;0;0;0;0;0.0;0;0;0;0;0;0;0;0;0;0;0;0;0;0;0;0
161879;532;2021;Mediocentro;24;196;1;6.462755;0;0;1;0;44;2;1.25;4;0;4;40;17;6;8;3;2;4;1;0;0;0;0;0
162106;532;2021;Mediocentro;34;1275;13;6.652314;1;0;4;2;340;10;7.74;23;1;14;191;91;16;24;64;36;14;5;0;0;0;0;0
162123;532;2021;Mediocentro;14;820;9;6.73878;0;0;10;5;278;2;15.29;26;0;12;150;72;25;21;13;7;21;9;1;0;0;0;0
162127;532;2021;Delantero;2;0;0;0.0;0;0;0;0;0;0;0.0;0;0;0;0;0;0;0;0;0;0;0;0;0;0;0;0
162175;532;2021;Defensa;35;819;8;6.762759;0;0;3;1;235;6;4.89;24;3;9;133;69;8;14;34;25;12;0;0;0;0;0;0
162449;532;2021;Portero;2;0;0;0.0;0;0;0;0;0;0;0.0;0;0;0;0;0;0;0;0;0;0;0;0;0;0;0;0
162559;532;2021;Defensa;5;0;0;0.0;0;0;0;0;0;0;0.0;0;0;0;0;0;0;0;0;0;0;0;0;0;0;0;0
306183;532;2021;Mediocentro;1;0;0;0.0;0;0;0;0;0;0;0.0;0;0;0;0;0;0;0;0;0;0;0;0;0;0;0;0
313058;532;2021;Mediocentro;2;0;0;0.0;0;0;0;0;0;0;0.0;0;0;0;0;0;0;0;0;0;0;0;0;0;0;0;0
315699;532;2021;Mediocentro;1;0;0;0.0;0;0;0;0;0;0;0.0;0;0;0;0;0;0;0;0;0;0;0;0;0;0;0;0
315701;532;2021;Defensa;11;134;1;6.180597;0;0;1;0;46;0;3.45;3;0;2;11;3;0;2;0;0;5;2;0;0;0;0;0
333672;532;2021;Mediocentro;5;0;0;0.0;0;0;0;0;0;0;0.0;0;0;0;0;0;0;0;0;0;0;0;0;0;0;0;0
333682;532;2021;Defensa;22;220;3;6.443182;0;0;1;0;76;0;2.95;4;0;3;14;5;0;4;0;0;3;1;0;0;0;0;0
364414;532;2021;Mediocentro;4;23;0;6.217391;0;0;0;0;3;0;0.5;0;0;0;3;0;0;1;0;0;0;0;0;0;0;0;0
364415;532;2021;Mediocentro;5;81;0;6.222222;0;0;0;0;35;0;5.6;2;0;0;8;3;1;1;1;0;2;0;0;0;0;0;0
21;533;2021;Delantero;26;795;10;6.805157;1;3;15;7;170;7;4.65;9;0;6;75;31;7;5;10;5;4;1;0;0;0;0;0
83;533;2021;Delantero;23;1482;17;7.065789;10;3;47;29;347;15;11.65;7;0;2;120;61;18;3;61;33;2;2;0;3;0;0;0
131;533;2021;Defensa;3;0;0;0.0;0;0;0;0;0;0;0.0;0;0;0;0;0;0;0;0;0;0;0;0;0;0;0;0
163;533;2021;Defensa;21;1010;10;6.777921;0;1;7;2;631;6;25.71;13;7;11;103;54;6;15;19;14;2;4;0;0;0;0;0
166;533;2021;Defensa;30;1932;22;6.98587;1;1;5;2;973;10;27.33;69;7;21;250;155;22;39;41;28;12;6;1;0;0;0;0
288;533;2021;Mediocentro;27;1230;13;6.944634;3;2;14;10;533;16;16.89;13;1;26;114;51;21;20;17;10;13;3;0;0;0;0;0
314;533;2021;Defensa;34;2469;28;6.968894;0;0;5;1;1555;4;39.38;27;15;21;140;84;12;18;4;3;4;8;0;0;0;0;0
734;533;2021;Defensa;2;0;0;0.0;0;0;0;0;0;0;0.0;0;0;0;0;0;0;0;0;0;0;0;0;0;0;0;0
924;533;2021;Mediocentro;21;835;8;6.94994;2;1;4;2;474;10;19.43;25;5;19;132;71;13;23;19;17;9;3;0;0;0;0;0
928;533;2021;Mediocentro;34;2708;32;7.454136;2;10;11;6;1989;66;51.24;43;7;29;236;140;56;16;33;25;32;3;0;1;0;0;0
1567;533;2021;Defensa;36;1374;14;7.007642;1;0;9;3;986;1;25.5;11;14;15;81;42;5;14;0;0;3;3;0;0;0;0;0
1578;533;2021;Delantero;16;996;11;7.208434;1;1;13;6;513;17;26.88;22;0;5;159;93;42;16;40;26;13;2;0;0;0;0;0
1682;533;2021;Portero;36;540;6;6.816667;0;0;0;0;188;0;4.08;0;0;1;3;2;0;0;0;0;1;1;0;0;9;19;0
1691;533;2021;Defensa;38;625;7;6.75408;0;0;1;1;308;5;6.42;10;3;6;47;22;2;8;4;3;4;1;0;0;0;0;0
1696;533;2021;Mediocentro;27;1337;12;6.806133;3;3;23;7;439;29;12.26;14;0;5;216;105;16;11;127;68;3;4;0;0;0;0;0
1699;533;2021;Mediocentro;38;1040;12;6.694231;0;1;6;2;633;2;14.29;18;5;10;105;54;10;19;4;2;12;4;0;0;0;0;0
1702;533;2021;Defensa;37;1703;19;7.046506;4;4;18;8;733;24;15.27;35;3;31;224;107;26;35;61;31;18;2;0;0;0;0;0
1705;533;2021;Mediocentro;36;2195;27;6.955991;6;4;31;18;1186;25;26.58;45;3;14;264;114;43;49;15;8;43;3;0;0;0;0;0
1707;533;2021;Delantero;18;1194;14;7.513735;9;3;29;17;432;30;16.67;5;1;6;160;76;14;11;61;39;6;2;0;1;0;0;0
1708;533;2021;Delantero;17;98;0;6.65102;0;0;0;0;37;4;1.53;1;0;0;19;9;5;4;3;1;1;1;0;0;0;0;0
18802;533;2021;Mediocentro;33;2295;26;7.035904;1;1;11;5;1315;5;35.24;44;5;34;290;182;44;44;55;41;13;9;0;0;0;0;0
22015;533;2021;Delantero;29;1267;13;6.921626;5;5;22;11;252;17;6.52;8;1;4;153;63;13;23;21;11;3;3;0;0;0;0;0
46731;533;2021;Defensa;37;1582;17;6.861631;0;1;11;4;825;13;18.22;36;5;26;168;86;11;24;35;17;7;3;0;0;0;0;0
46815;533;2021;Defensa;34;2859;33;7.103148;5;1;20;9;1979;9;49.88;31;23;19;198;130;16;14;28;25;7;5;0;0;0;0;0
47296;533;2021;Portero;38;2883;32;6.968991;0;0;0;0;1125;0;23.5;0;0;1;19;14;2;0;1;1;4;2;0;0;28;75;1
47391;533;2021;Mediocentro;25;146;1;6.693151;0;0;3;2;44;2;1.4;2;0;5;36;10;4;8;5;2;4;1;0;0;0;0;0
47574;533;2021;Mediocentro;37;1281;13;6.69961;2;2;8;5;558;21;12.46;15;0;6;124;50;11;22;22;13;12;2;0;0;0;0;0
162053;533;2021;Mediocentro;6;1;0;0.0;0;0;0;0;2;0;0.33;0;0;0;1;1;0;0;1;1;0;0;0;0;0;0;0
169256;533;2021;Portero;10;0;0;0.0;0;0;0;0;0;0;0.0;0;0;0;0;0;0;0;0;0;0;0;0;0;0;0;0
184193;533;2021;Delantero;1;0;0;0.0;0;0;0;0;0;0;0.0;0;0;0;0;0;0;0;0;0;0;0;0;0;0;0;0
184196;533;2021;Mediocentro;4;9;0;6.7;0;0;0;0;4;0;1.0;0;0;0;0;0;0;0;0;0;0;0;0;0;0;0;0
184226;533;2021;Mediocentro;33;1688;21;6.937204;6;4;24;15;508;27;12.21;32;4;6;231;108;34;29;57;25;14;2;0;0;0;0;0
184364;533;2021;Defensa;1;0;0;0.0;0;0;0;0;0;0;0.0;0;0;0;0;0;0;0;0;0;0;0;0;0;0;0;0
264859;533;2021;Mediocentro;2;0;0;0.0;0;0;0;0;0;0;0.0;0;0;0;0;0;0;0;0;0;0;0;0;0;0;0;0
283058;533;2021;Delantero;11;165;0;6.661818;0;0;3;1;50;3;3.45;2;0;1;40;24;5;2;6;4;0;1;0;0;0;0;0
286616;533;2021;Portero;14;0;0;0.0;0;0;0;0;0;0;0.0;0;0;0;0;0;0;0;0;0;0;0;0;0;0;0;0
15;536;2021;Mediocentro;27;1547;15;6.970136;2;1;12;4;788;10;22.85;41;10;13;206;123;21;26;9;6;14;4;1;0;0;0;0
149;536;2021;Mediocentro;36;2186;26;7.197758;4;6;25;12;1557;42;37.17;40;8;23;239;119;35;37;21;8;27;5;0;1;0;0;0
176;536;2021;Mediocentro;21;1015;10;7.107783;5;2;18;12;468;21;19.24;31;0;5;169;72;13;21;34;18;19;5;0;0;0;0;0
246;536;2021;Delantero;1;0;0;0.0;0;0;0;0;0;0;0.0;0;0;0;0;0;0;0;0;0;0;0;0;0;0;0;0
385;536;2021;Mediocentro;29;1028;11;6.871984;2;3;10;5;617;13;17.48;22;1;6;143;60;17;17;26;15;16;2;0;0;0;0;0
389;536;2021;Mediocentro;18;1161;12;6.969337;2;4;10;3;515;26;23.56;12;0;9;146;65;27;11;44;19;3;2;0;0;0;0;0
452;536;2021;Mediocentro;24;1850;21;6.944216;1;1;4;1;1244;6;46.25;24;13;29;168;77;11;16;11;7;21;6;0;0;0;0;0
908;536;2021;Delantero;9;495;7;6.434949;0;1;6;3;151;2;14.11;2;0;0;64;26;11;5;16;7;4;1;0;0;0;0;0
1257;536;2021;Defensa;32;2737;31;7.168396;2;1;10;3;2098;17;58.34;40;18;21;270;169;28;15;39;24;10;2;2;0;0;0;0
1489;536;2021;Mediocentro;34;1047;9;7.006017;0;0;4;1;671;2;17.62;16;9;22;82;54;9;15;0;0;3;5;0;0;0;0;0
1493;536;2021;Defensa;32;2263;26;7.200221;1;3;10;6;1550;43;40.78;49;5;14;298;163;48;38;66;44;17;10;0;0;0;0;0
1650;536;2021;Delantero;9;388;6;6.786598;0;1;3;2;168;4;15.0;4;0;0;38;18;7;1;12;7;10;0;0;0;0;0;0
1911;536;2021;Delantero;31;2124;23;6.831168;6;4;40;17;723;18;19.19;45;1;9;351;150;41;45;95;37;32;7;0;0;0;0;0
2034;536;2021;Portero;34;90;1;6.5;0;0;0;0;32;0;0.76;0;0;0;0;0;0;0;0;0;0;0;0;0;1;1;0
2054;536;2021;Defensa;25;1788;19;7.057718;0;3;9;1;1105;35;35.8;18;2;17;95;47;10;5;14;6;9;4;0;0;0;0;0
2060;536;2021;Delantero;33;483;4;6.750311;2;0;10;7;123;7;2.97;8;0;5;75;31;13;7;8;2;6;3;0;0;0;0;0
2468;536;2021;Defensa;30;1068;15;6.803277;1;2;5;1;556;11;14.53;15;2;10;78;40;12;9;8;3;12;7;0;0;0;0;0
2701;536;2021;Portero;33;2790;31;7.035484;0;2;0;0;954;2;21.39;0;0;0;12;11;3;0;1;1;0;2;0;0;24;76;1
2723;536;2021;Delantero;20;133;2;6.855639;0;0;3;2;45;1;1.85;1;0;1;24;13;4;4;10;8;1;1;0;0;0;0;0
2813;536;2021;Portero;37;540;6;7.133333;0;0;0;0;197;0;4.3;0;0;0;1;1;0;0;0;0;0;0;0;0;5;15;0
2852;536;2021;Defensa;35;814;9;6.87371;0;1;3;2;422;9;10.23;18;3;5;74;45;10;13;2;2;5;3;0;0;0;0;0
21090;536;2021;Defensa;34;2959;34;7.074214;3;0;26;10;2182;4;56.24;35;33;24;219;137;19;33;4;2;8;4;1;0;0;0;0
25345;536;2021;Defensa;22;1099;11;6.662147;0;2;4;0;726;5;29.86;11;6;9;102;48;8;16;8;5;7;2;0;0;0;0;0
30433;536;2021;Delantero;30;1786;19;6.929955;5;1;24;12;898;24;26.6;19;2;7;224;105;48;21;53;28;26;4;0;0;0;0;0
46688;536;2021;Mediocentro;1;0;0;0.0;0;0;0;0;0;0;0.0;0;0;0;0;0;0;0;0;0;0;0;0;0;0;0;0
47013;536;2021;Delantero;34;1801;18;6.691616;10;0;52;24;343;7;6.82;4;3;0;213;92;18;32;23;12;11;6;0;0;0;0;0
47389;536;2021;Mediocentro;37;2529;31;6.90866;0;1;11;1;1795;24;42.95;60;6;29;268;119;26;54;37;22;38;9;0;0;0;0;0
47416;536;2021;Mediocentro;19;420;4;6.69619;0;0;10;1;195;5;8.53;4;0;5;47;24;6;5;20;12;1;1;0;0;0;0;0
47422;536;2021;Delantero;25;1279;15;6.885692;5;1;34;14;182;6;4.84;10;1;4;159;68;10;11;14;4;6;1;0;1;0;0;0
119235;536;2021;Mediocentro;2;12;0;7.0;0;0;1;1;14;1;7.0;0;0;0;1;0;0;1;0;0;0;0;0;0;0;0;0
161962;536;2021;Mediocentro;11;0;0;0.0;0;0;0;0;0;0;0.0;0;0;0;0;0;0;0;0;0;0;0;0;0;0;0;0
163453;536;2021;Defensa;4;1;0;0.0;0;0;0;0;0;0;0.0;0;0;0;1;0;0;0;0;0;0;0;0;0;0;0;0
163630;536;2021;Portero;7;0;0;0.0;0;0;0;0;0;0;0.0;0;0;0;0;0;0;0;0;0;0;0;0;0;0;0;0
182772;536;2021;Mediocentro;10;11;0;6.5;0;0;0;0;4;0;0.2;1;0;0;3;1;0;1;0;0;1;1;0;0;0;0;0
188445;536;2021;Mediocentro;15;12;0;6.05;0;0;0;0;6;0;0.13;0;0;0;1;1;0;0;1;1;0;0;0;0;0;0;0
192032;536;2021;Delantero;25;183;2;6.436066;0;0;1;1;34;0;1.12;2;0;2;38;12;6;4;9;3;0;0;0;0;0;0;0
195923;536;2021;Defensa;15;23;0;6.6;0;0;0;0;9;0;0.4;0;0;1;3;2;1;0;1;1;0;0;0;0;0;0;0
253699;536;2021;Mediocentro;4;0;0;0.0;0;0;0;0;0;0;0.0;0;0;0;0;0;0;0;0;0;0;0;0;0;0;0;0
264469;536;2021;Defensa;1;0;0;0.0;0;0;0;0;0;0;0.0;0;0;0;0;0;0;0;0;0;0;0;0;0;0;0;0
297311;536;2021;Defensa;11;0;0;0.0;0;0;0;0;0;0;0.0;0;0;0;0;0;0;0;0;0;0;0;0;0;0;0;0
308346;536;2021;Portero;3;0;0;0.0;0;0;0;0;0;0;0.0;0;0;0;0;0;0;0;0;0;0;0;0;0;0;0;0
135;538;2021;Defensa;32;1122;12;6.793226;0;0;4;1;697;1;19.41;15;8;18;115;62;13;13;3;3;4;5;1;0;0;0;0
570;538;2021;Mediocentro;35;1804;21;6.911142;4;3;19;10;673;12;15.43;73;2;21;286;150;40;22;39;20;44;6;0;0;0;0;0
934;538;2021;Delantero;33;2378;30;6.968839;7;3;49;23;632;21;12.79;27;2;6;478;204;39;53;21;12;27;4;0;0;0;0;0
1461;538;2021;Mediocentro;38;2835;33;7.008113;4;6;12;8;1905;47;41.97;61;4;16;336;154;39;47;81;41;57;4;0;0;0;0;0
1926;538;2021;Defensa;35;2640;30;6.829848;0;0;5;1;1541;5;35.8;39;13;38;205;126;18;10;9;7;14;1;0;0;0;0;0
2058;538;2021;Mediocentro;36;1389;15;6.597336;2;0;16;9;528;14;11.44;26;1;9;155;62;11;21;22;13;33;1;0;0;0;0;0
2433;538;2021;Mediocentro;31;1401;13;6.805924;0;0;10;3;852;4;22.0;51;5;28;223;113;26;35;15;6;30;10;0;0;0;0;0
2870;538;2021;Defensa;37;2618;29;6.743354;0;0;7;1;1544;2;35.73;22;10;27;186;100;10;19;8;5;12;4;0;0;0;0;0
5921;538;2021;Mediocentro;33;706;4;6.436544;0;0;6;1;371;5;7.82;24;4;7;124;48;11;23;20;9;20;5;0;0;0;0;0
11346;538;2021;Portero;38;3420;38;6.944737;0;0;1;0;1329;1;21.03;0;0;0;10;10;2;1;0;0;0;1;0;0;43;96;4
35576;538;2021;Mediocentro;18;98;0;6.59898;0;0;4;1;65;1;3.17;4;0;0;20;10;4;2;2;1;1;0;0;0;0;0;0
47120;538;2021;Portero;4;0;0;0.0;0;0;0;0;0;0;0.0;0;0;0;0;0;0;0;0;0;0;0;0;0;0;0;0
47426;538;2021;Portero;36;0;0;0.0;0;0;0;0;0;0;0.0;0;0;0;0;0;0;0;0;0;0;0;0;0;0;0;0
47432;538;2021;Defensa;22;1829;21;6.914926;1;1;13;2;952;20;33.27;45;9;21;195;98;4;38;16;8;15;7;2;0;0;0;0
47434;538;2021;Defensa;35;1331;16;6.944628;0;1;3;1;658;10;14.74;34;7;36;157;82;19;18;16;11;14;3;0;0;0;0;0
47435;538;2021;Mediocentro;37;2607;31;6.941005;1;0;13;4;1874;11;46.19;56;5;32;241;116;25;17;27;19;40;4;0;0;0;0;0
47440;538;2021;Mediocentro;37;3036;36;6.852437;4;5;36;17;1464;35;31.78;68;6;37;470;201;54;75;70;34;61;8;0;0;0;0;0
47443;538;2021;Defensa;17;156;1;6.80641;0;0;1;0;80;0;4.24;3;1;2;18;12;2;2;2;2;1;0;0;0;0;0;0
47445;538;2021;Delantero;37;3094;36;7.325081;18;6;65;41;1236;58;25.27;14;2;11;271;137;50;22;83;51;20;8;0;3;0;0;0
47566;538;2021;Defensa;37;3300;37;6.877576;0;3;16;5;1625;23;36.05;108;8;46;523;291;75;54;123;83;56;9;0;0;0;0;0
80166;538;2021;Delantero;33;1148;9;6.850958;2;2;26;15;260;12;5.03;12;2;6;200;81;13;21;20;8;10;5;0;0;0;0;0
85703;538;2021;Defensa;1;0;0;0.0;0;0;0;0;0;0;0.0;0;0;0;0;0;0;0;0;0;0;0;0;0;0;0;0
119213;538;2021;Delantero;1;0;0;0.0;0;0;0;0;0;0;0.0;0;0;0;0;0;0;0;0;0;0;0;0;0;0;0;0
162212;538;2021;Mediocentro;17;12;0;6.3;0;0;0;0;4;0;0.24;0;0;0;0;0;0;0;0;0;0;0;0;0;0;0;0
162495;538;2021;Defensa;6;0;0;0.0;0;0;0;0;0;0;0.0;0;0;0;0;0;0;0;0;0;0;0;0;0;0;0;0
182501;538;2021;Defensa;34;291;3;6.646392;0;0;1;0;193;2;4.85;5;1;10;27;10;0;10;1;1;4;3;0;0;0;0;0
182504;538;2021;Mediocentro;11;126;0;6.719048;0;0;1;0;64;1;4.64;5;0;4;37;15;3;1;7;6;9;0;0;0;0;0;0
184693;538;2021;Defensa;1;0;0;0.0;0;0;0;0;0;0;0.0;0;0;0;0;0;0;0;0;0;0;0;0;0;0;0;0
286559;538;2021;Defensa;32;341;3;6.960411;0;0;1;0;165;0;4.09;4;1;4;29;18;4;3;1;1;2;1;0;0;0;0;0
286623;538;2021;Portero;18;0;0;0.0;0;0;0;0;0;0;0.0;0;0;0;0;0;0;0;0;0;0;0;0;0;0;0;0
286795;538;2021;Portero;2;0;0;0.0;0;0;0;0;0;0;0.0;0;0;0;0;0;0;0;0;0;0;0;0;0;0;0;0
286796;538;2021;Mediocentro;1;0;0;0.0;0;0;0;0;0;0;0.0;0;0;0;0;0;0;0;0;0;0;0;0;0;0;0;0
313651;538;2021;Mediocentro;5;1;0;0.0;0;0;0;0;1;0;0.2;0;0;0;0;0;0;0;0;0;0;0;0;0;0;0;0
329720;538;2021;Mediocentro;6;10;0;6.6;0;0;1;0;3;0;0.17;1;0;0;1;1;0;0;0;0;0;0;0;0;0;0;0
395;539;2021;Delantero;1;0;0;0.0;0;0;0;0;0;0;0.0;0;0;0;0;0;0;0;0;0;0;0;0;0;0;0;0
854;539;2021;Defensa;13;669;9;6.486398;0;0;0;0;344;3;21.69;2;2;11;43;18;8;8;1;1;4;2;0;0;0;0;0
1160;539;2021;Defensa;10;186;2;6.852151;0;1;0;0;83;6;6.8;8;0;4;18;11;0;3;2;2;2;2;0;0;0;0;0
1375;539;2021;Delantero;25;672;7;6.67128;3;2;16;8;145;8;3.84;3;0;1;52;17;5;9;7;3;1;7;2;0;0;0;0
1448;539;2021;Defensa;12;658;8;6.933131;1;0;3;2;365;0;23.83;9;3;15;56;39;4;3;4;2;4;1;0;0;0;0;0
46651;539;2021;Defensa;24;1523;18;6.632305;0;0;1;0;681;11;21.96;35;3;26;157;90;18;23;34;24;12;6;0;0;0;0;0
46714;539;2021;Mediocentro;32;1160;11;6.741034;1;2;7;2;535;10;13.5;37;8;18;147;69;15;19;8;7;27;7;0;0;0;0;0
47328;539;2021;Defensa;33;1777;20;6.825436;2;0;17;5;965;3;24.45;18;9;23;169;91;4;26;2;1;15;5;0;0;0;0;0
47441;539;2021;Mediocentro;32;1229;17;6.703906;0;0;3;1;453;8;11.97;25;9;22;133;67;13;16;16;11;12;3;0;0;0;0;0
47448;539;2021;Portero;35;1170;13;6.899231;0;0;0;0;313;0;5.83;2;0;0;4;4;1;1;0;0;0;1;1;0;29;52;1
47450;539;2021;Portero;1;0;0;0.0;0;0;0;0;0;0;0.0;0;0;0;0;0;0;0;0;0;0;0;0;0;0;0;0
47451;539;2021;Defensa;38;147;1;6.983673;1;0;1;1;57;2;1.21;3;0;2;19;10;1;4;3;2;1;1;0;0;0;0;0
47457;539;2021;Defensa;34;2435;27;6.784025;0;0;14;4;1246;6;30.65;41;25;36;225;127;29;35;8;5;15;4;0;0;0;0;0
47458;539;2021;Defensa;20;849;10;6.466667;0;0;1;0;362;3;15.1;11;5;7;49;26;3;5;1;0;4;3;0;0;0;0;0
47460;539;2021;Defensa;36;2012;21;6.69672;1;0;5;2;1039;4;23.06;36;15;30;164;79;10;35;6;5;15;5;1;0;0;0;0
47461;539;2021;Mediocentro;32;1701;17;6.884597;3;3;25;10;637;42;15.34;29;2;10;248;117;44;33;74;38;23;3;0;2;0;0;0
47463;539;2021;Mediocentro;34;2032;23;6.947047;0;0;7;2;1209;26;28.85;46;5;38;211;110;20;47;20;13;25;9;0;0;0;0;0
47464;539;2021;Mediocentro;20;1431;16;6.977848;2;2;9;6;815;24;35.0;27;2;21;165;87;22;17;35;21;20;6;1;0;0;0;0
47467;539;2021;Delantero;35;2723;31;6.957473;13;7;61;36;628;36;13.06;27;0;5;380;147;40;28;156;64;30;7;0;3;0;0;0
47469;539;2021;Mediocentro;32;129;0;6.697674;0;0;1;0;73;2;1.88;3;0;2;17;11;1;4;1;1;1;1;0;0;0;0;0
47471;539;2021;Delantero;29;2127;25;6.770099;7;3;43;20;449;23;10.79;23;0;2;265;93;28;62;26;13;22;8;0;1;0;0;0
47568;539;2021;Defensa;33;1986;22;6.601662;1;0;6;2;784;16;17.76;36;3;35;211;98;23;31;31;21;28;5;0;0;0;0;0
47576;539;2021;Mediocentro;30;1696;20;6.683491;7;2;16;11;768;16;21.8;29;8;7;201;93;27;20;26;12;20;5;0;2;0;0;0
104949;539;2021;Mediocentro;18;656;7;6.703354;0;1;9;1;239;6;9.56;15;3;15;93;42;9;11;16;7;9;2;0;0;0;0;0
119232;539;2021;Delantero;33;1074;11;6.60419;4;2;22;14;189;13;4.61;7;0;3;155;49;20;18;46;18;8;1;0;0;0;0;0
119795;539;2021;Mediocentro;1;0;0;0.0;0;0;0;0;0;0;0.0;0;0;0;0;0;0;0;0;0;0;0;0;0;0;0;0
128582;539;2021;Mediocentro;25;1767;20;6.771251;4;7;36;20;410;22;11.52;33;1;11;248;97;21;39;76;36;41;4;0;0;0;0;0
129657;539;2021;Defensa;33;635;6;6.443622;0;0;0;0;199;3;4.45;4;0;7;61;29;7;7;19;10;1;1;0;0;0;0;0
131538;539;2021;Defensa;35;1978;22;6.635187;1;0;10;7;822;16;17.2;28;5;19;148;71;14;21;39;19;17;5;1;0;0;0;0
156488;539;2021;Portero;36;2160;24;6.691667;0;0;0;0;637;1;11.39;1;0;1;10;6;3;0;0;0;3;3;0;0;46;74;0
182669;539;2021;Mediocentro;11;0;0;0.0;0;0;0;0;0;0;0.0;0;0;0;0;0;0;0;0;0;0;0;0;0;0;0;0
182671;539;2021;Mediocentro;36;619;4;6.474475;0;1;14;5;120;4;2.28;6;0;1;69;21;4;13;15;8;7;1;0;0;0;0;0
182731;539;2021;Portero;1;0;0;0.0;0;0;0;0;0;0;0.0;0;0;0;0;0;0;0;0;0;0;0;0;0;0;0;0
184361;539;2021;Defensa;4;0;0;0.0;0;0;0;0;0;0;0.0;0;0;0;0;0;0;0;0;0;0;0;0;0;0;0;0
189864;539;2021;Defensa;2;0;0;0.0;0;0;0;0;0;0;0.0;0;0;0;0;0;0;0;0;0;0;0;0;0;0;0;0
192011;539;2021;Defensa;1;0;0;0.0;0;0;0;0;0;0;0.0;0;0;0;0;0;0;0;0;0;0;0;0;0;0;0;0
198656;539;2021;Delantero;2;9;0;6.3;0;0;0;0;2;0;0.0;1;0;0;3;1;0;1;0;0;0;0;0;0;0;0;0
286611;539;2021;Portero;6;0;0;0.0;0;0;0;0;0;0;0.0;0;0;0;0;0;0;0;0;0;0;0;0;0;0;0;0
295793;539;2021;Defensa;20;515;5;6.334951;0;1;4;1;202;6;8.0;12;2;5;54;29;8;11;10;4;4;1;0;0;0;0;0
297740;539;2021;Mediocentro;1;0;0;0.0;0;0;0;0;0;0;0.0;0;0;0;0;0;0;0;0;0;0;0;0;0;0;0;0
297744;539;2021;Defensa;1;0;0;0.0;0;0;0;0;0;0;0.0;0;0;0;0;0;0;0;0;0;0;0;0;0;0;0;0
338295;539;2021;Portero;2;90;1;6.7;0;0;0;0;25;0;10.0;0;0;0;0;0;0;0;0;0;0;0;0;0;1;1;0
1434;540;2021;Delantero;31;553;4;6.496203;0;0;6;0;92;5;2.16;2;0;1;100;45;20;14;10;6;3;0;0;0;0;0;0
1584;540;2021;Delantero;36;582;4;6.623024;1;0;6;2;85;5;1.42;6;1;2;105;44;15;10;7;4;11;0;0;0;0;0;0
1690;540;2021;Defensa;29;70;1;6.465714;0;0;0;0;39;0;0.97;2;0;0;8;5;1;0;3;2;0;0;0;0;0;0;0
1701;540;2021;Mediocentro;30;1144;11;6.797378;2;0;4;2;646;6;18.6;36;5;13;147;77;11;13;15;13;25;6;1;0;0;0;0
2042;540;2021;Defensa;37;2724;31;6.835389;1;2;6;3;1368;4;31.35;33;23;40;150;77;4;11;1;1;9;1;1;0;0;0;0
2047;540;2021;Defensa;32;1905;21;6.661942;2;0;4;3;902;26;23.28;31;6;24;168;84;31;24;32;12;20;10;0;0;0;0;0
2449;540;2021;Mediocentro;24;1651;19;6.726772;1;1;13;2;859;12;29.17;41;5;17;304;150;34;44;30;19;20;7;1;0;0;0;0
37157;540;2021;Mediocentro;17;940;13;6.710957;1;1;11;3;303;11;13.24;16;2;8;102;46;10;16;16;11;13;4;0;0;0;0;0
46661;540;2021;Mediocentro;35;262;3;6.564122;0;0;3;0;168;4;3.31;7;0;6;42;22;6;6;11;9;6;2;1;0;0;0;0
46692;540;2021;Mediocentro;12;21;0;6.495238;0;0;0;0;9;0;0.58;1;0;0;5;3;1;1;0;0;1;1;0;0;0;0;0
46825;540;2021;Mediocentro;28;1485;18;6.825185;1;1;2;1;871;8;27.04;27;10;15;170;78;29;25;16;9;20;9;0;0;0;0;0
46968;540;2021;Defensa;23;1696;20;6.760142;0;2;5;1;558;16;20.65;52;9;19;200;95;24;36;27;13;21;7;0;0;0;0;0
47249;540;2021;Defensa;37;3330;37;6.856757;2;0;15;6;1828;10;37.84;37;23;45;241;142;22;32;5;1;13;7;0;0;0;0;0
47327;540;2021;Portero;36;3178;36;6.997703;0;0;0;0;950;1;18.11;0;0;1;18;16;6;0;0;0;2;4;0;0;49;115;0
47329;540;2021;Defensa;31;2723;31;6.743996;1;1;18;7;932;23;23.39;58;7;25;298;168;45;19;81;48;31;8;0;0;0;0;0
47334;540;2021;Mediocentro;26;746;8;6.838874;0;0;5;4;427;3;13.62;18;8;10;82;47;6;9;2;2;7;1;0;0;0;0;0
47335;540;2021;Defensa;32;212;1;6.475472;0;0;0;0;70;3;1.75;7;1;3;26;12;1;7;1;1;5;3;0;0;0;0;0
47336;540;2021;Mediocentro;36;3132;36;7.016954;3;9;33;17;1650;37;39.14;45;1;27;282;148;38;28;77;53;36;4;0;0;0;0;0
47339;540;2021;Mediocentro;38;1011;14;6.774975;0;0;5;0;426;18;10.21;11;1;1;119;69;37;9;18;15;10;0;0;0;0;0;0
47349;540;2021;Mediocentro;30;2256;26;6.634752;4;1;26;12;609;21;17.03;24;2;11;233;93;25;23;56;31;24;5;0;0;0;0;0
47350;540;2021;Delantero;37;485;4;6.446392;1;0;5;5;84;7;1.59;3;0;4;54;17;5;5;6;1;5;0;0;0;0;0;0
47449;540;2021;Portero;24;135;1;7.0;0;0;0;0;38;0;0.79;0;0;0;1;1;0;0;0;0;0;0;0;0;1;8;0
47478;540;2021;Defensa;31;1096;13;6.739781;0;0;1;0;619;2;16.61;16;2;16;86;47;6;10;5;4;6;3;0;0;0;0;0
47551;540;2021;Delantero;34;2924;33;7.114159;17;3;86;45;718;25;17.71;15;3;6;316;154;55;35;72;50;11;7;2;5;0;0;0
47554;540;2021;Mediocentro;38;2008;24;6.838944;0;2;36;16;575;38;11.45;44;3;18;323;144;42;30;80;41;43;4;0;0;0;0;0
128581;540;2021;Mediocentro;35;1107;7;6.56224;2;0;13;4;412;13;10.31;15;2;7;203;84;36;26;40;24;23;5;1;0;0;0;0
153290;540;2021;Defensa;1;3;0;0.0;0;0;0;0;1;0;1.0;0;0;0;0;0;0;0;0;0;0;0;0;0;0;0;0
182492;540;2021;Defensa;7;0;0;0.0;0;0;0;0;0;0;0.0;0;0;0;0;0;0;0;0;0;0;0;0;0;0;0;0
182674;540;2021;Delantero;8;17;0;6.211765;0;1;0;0;5;2;0.5;1;0;0;7;6;4;0;1;0;0;0;0;0;0;0;0
182718;540;2021;Portero;32;107;1;5.125234;0;0;0;0;25;0;0.56;0;0;1;0;0;0;0;0;0;0;0;0;0;2;0;0
182719;540;2021;Mediocentro;3;22;0;6.3;0;0;0;0;7;0;1.33;0;0;0;3;2;1;0;1;1;0;0;0;0;0;0;0
182736;540;2021;Defensa;1;45;0;6.9;0;0;0;0;11;0;6.0;2;0;2;3;3;0;0;0;0;0;0;0;0;0;0;0
182742;540;2021;Mediocentro;1;0;0;0.0;0;0;0;0;0;0;0.0;0;0;0;0;0;0;0;0;0;0;0;0;0;0;0;0
199824;540;2021;Defensa;8;148;1;6.920946;0;1;1;0;46;1;4.12;6;0;2;25;15;1;4;3;3;3;0;0;0;0;0;0
286604;540;2021;Mediocentro;5;8;0;6.6;0;0;0;0;6;1;1.0;0;0;0;2;0;0;1;0;0;0;1;0;0;0;0;0
286605;540;2021;Mediocentro;2;0;0;0.0;0;0;0;0;0;0;0.0;0;0;0;0;0;0;0;0;0;0;0;0;0;0;0;0
307005;540;2021;Defensa;1;0;0;0.0;0;0;0;0;0;0;0.0;0;0;0;0;0;0;0;0;0;0;0;0;0;0;0;0
359603;540;2021;Mediocentro;1;1;0;0.0;0;0;0;0;1;0;1.0;0;0;0;3;0;0;2;0;0;0;0;0;0;0;0;0
372;541;2021;Defensa;36;3033;34;7.162809;1;2;26;8;1990;12;49.31;50;20;53;290;183;39;37;20;11;19;5;0;0;0;0;0
505;541;2021;Defensa;30;2644;30;7.032943;2;3;14;7;1888;22;58.3;23;15;23;105;47;6;17;10;4;10;2;0;0;0;0;0
653;541;2021;Defensa;24;1738;20;7.068585;2;1;9;5;1184;20;45.46;24;2;16;158;94;24;15;52;35;5;4;0;0;0;0;0
730;541;2021;Portero;37;3240;36;7.030556;0;0;0;0;947;0;20.24;1;0;0;13;10;1;1;0;0;1;1;0;0;29;92;1
733;541;2021;Defensa;28;1551;17;7.235397;1;3;8;2;1007;25;31.46;43;8;19;138;78;11;19;18;10;11;1;0;0;0;0;0
735;541;2021;Defensa;36;1557;17;6.95684;3;0;7;4;992;8;25.64;18;15;34;108;61;13;15;4;2;10;7;0;0;0;0;0
737;541;2021;Defensa;2;0;0;0.0;0;0;0;0;0;0;0.0;0;0;0;0;0;0;0;0;0;0;0;0;0;0;0;0
741;541;2021;Defensa;31;344;4;7.263953;0;0;0;0;209;1;5.84;8;8;6;33;22;1;4;4;2;1;1;0;0;0;0;0
743;541;2021;Defensa;24;524;5;7.256107;0;2;5;3;401;9;14.33;8;2;1;41;28;8;3;10;9;5;0;0;0;0;0;0
745;541;2021;Mediocentro;28;332;3;6.88253;1;0;5;3;260;10;8.39;8;0;2;66;37;8;7;25;17;7;1;0;0;0;0;0
746;541;2021;Delantero;33;1741;19;7.222573;10;0;48;34;800;31;21.27;12;1;12;128;58;20;8;38;26;14;2;0;0;0;0;0
747;541;2021;Mediocentro;34;2575;31;7.382796;1;3;28;9;1958;27;49.56;79;19;40;396;236;38;54;27;19;37;11;0;0;0;0;0
748;541;2021;Mediocentro;17;281;2;6.883986;0;0;6;4;257;3;13.94;7;2;4;33;19;7;3;11;5;4;1;0;0;0;0;0
752;541;2021;Mediocentro;30;2108;25;7.566224;1;3;35;12;2149;51;68.0;34;3;12;160;90;39;20;16;9;22;4;0;0;0;0;0
754;541;2021;Mediocentro;30;2049;25;7.228892;2;8;15;11;1639;38;49.27;18;4;20;181;89;32;24;48;32;20;5;0;1;0;0;0
756;541;2021;Mediocentro;33;1835;19;7.044578;0;1;28;9;1149;24;31.21;36;5;24;161;91;9;17;49;31;18;2;0;0;0;0;0
757;541;2021;Defensa;37;1843;20;7.120619;3;0;13;5;1340;31;32.38;44;7;20;181;98;34;26;30;18;18;3;0;0;0;0;0
758;541;2021;Delantero;13;283;4;6.735689;1;0;13;6;59;2;3.31;2;0;2;26;10;0;3;4;1;3;2;0;0;0;0;0
759;541;2021;Delantero;33;2596;31;7.755971;27;12;99;59;1222;63;31.55;11;0;4;161;74;9;13;51;36;7;0;0;7;0;0;0
760;541;2021;Delantero;24;348;3;6.871552;1;1;12;3;60;6;1.75;2;0;1;31;17;0;2;10;6;0;2;0;0;0;0;0
762;541;2021;Delantero;35;2699;30;7.382216;17;10;62;43;1228;68;30.14;46;0;5;463;217;74;34;207;94;35;6;0;0;0;0;0
1828;541;2021;Delantero;27;359;1;6.850418;1;3;11;4;67;5;1.93;1;0;1;34;14;3;3;6;3;1;1;0;0;0;0;0
2207;541;2021;Mediocentro;34;1242;13;7.175845;2;1;10;5;843;14;22.35;51;2;17;215;129;29;35;31;21;18;9;0;0;0;0;0
2296;541;2021;Delantero;29;726;7;7.104132;0;1;9;7;385;27;12.07;6;0;2;99;63;30;9;31;26;4;2;0;0;0;0;0
10009;541;2021;Delantero;34;1531;17;6.965121;4;4;27;15;626;28;15.85;18;0;11;190;87;29;20;57;26;15;3;0;0;0;0;0
47400;541;2021;Portero;34;180;2;7.3;0;0;0;0;67;0;1.68;0;0;0;1;0;0;1;0;0;0;0;0;0;2;7;1
162028;541;2021;Delantero;3;8;0;6.7;0;0;1;0;5;0;1.33;0;0;0;0;0;0;0;0;0;0;0;0;0;0;0;0
162032;541;2021;Defensa;11;262;3;7.162977;0;1;0;0;151;3;12.91;7;0;2;35;23;8;3;9;6;2;1;0;0;0;0;0
162529;541;2021;Portero;8;0;0;0.0;0;0;0;0;0;0;0.0;0;0;0;0;0;0;0;0;0;0;0;0;0;0;0;0
162530;541;2021;Defensa;1;10;0;6.6;0;0;0;0;6;1;6.0;0;0;0;0;0;0;0;0;0;0;0;0;0;0;0;0
162533;541;2021;Portero;18;0;0;0.0;0;0;0;0;0;0;0.0;0;0;0;0;0;0;0;0;0;0;0;0;0;0;0;0
162686;541;2021;Mediocentro;15;30;0;6.9;0;0;0;0;20;0;1.2;2;1;1;6;3;0;1;1;1;0;0;0;0;0;0;0
162952;541;2021;Defensa;3;23;0;6.495652;0;0;0;0;22;0;6.33;1;0;1;3;2;0;0;1;1;1;0;0;0;0;0;0
237066;541;2021;Defensa;4;0;0;0.0;0;0;0;0;0;0;0.0;0;0;0;0;0;0;0;0;0;0;0;0;0;0;0;0
270516;541;2021;Mediocentro;4;37;0;6.737838;0;0;2;1;16;2;3.25;0;0;1;5;3;2;0;1;1;0;0;0;0;0;0;0
334575;541;2021;Portero;9;0;0;0.0;0;0;0;0;0;0;0.0;0;0;0;0;0;0;0;0;0;0;0;0;0;0;0;0
38;542;2021;Defensa;22;241;2;6.686722;0;0;0;0;86;1;2.45;6;3;1;23;14;4;3;0;0;2;1;0;0;0;0;0
47;542;2021;Mediocentro;37;1407;17;6.807036;0;1;8;2;510;23;10.35;23;5;20;153;63;10;27;25;20;29;2;0;0;0;0;0
384;542;2021;Mediocentro;32;2322;26;6.824117;2;0;27;8;830;9;18.91;49;10;36;356;197;22;50;42;26;28;10;0;0;0;0;0
1700;542;2021;Mediocentro;21;170;2;6.250588;0;0;0;0;61;0;2.43;1;0;1;19;5;1;2;2;0;1;0;0;0;0;0;0
6233;542;2021;Defensa;16;1072;12;6.72584;0;0;4;1;348;3;13.06;41;2;27;129;79;8;8;11;7;13;2;0;0;0;0;0
8518;542;2021;Delantero;20;400;4;6.4705;0;0;1;0;62;3;1.95;2;0;1;50;22;6;8;8;3;1;1;0;0;0;0;0
18833;542;2021;Delantero;1;0;0;0.0;0;0;0;0;0;0;0.0;0;0;0;0;0;0;0;0;0;0;0;0;0;0;0;0
18895;542;2021;Defensa;32;2705;30;6.796118;0;0;19;2;1162;5;28.31;33;19;31;199;112;5;34;6;3;8;9;1;0;0;0;0
18907;542;2021;Delantero;37;3131;35;7.271159;14;4;73;41;1052;35;17.35;16;4;7;625;371;57;43;51;18;17;0;0;6;0;0;0
19607;542;2021;Defensa;32;839;9;6.892253;0;0;6;3;319;2;7.56;7;12;11;61;42;2;6;0;0;5;2;0;0;0;0;0
22146;542;2021;Mediocentro;37;1078;10;6.759276;0;1;3;1;526;20;11.19;18;2;13;173;86;33;24;45;32;18;3;0;0;0;0;0
32871;542;2021;Delantero;1;0;0;0.0;0;0;0;0;0;0;0.0;0;0;0;0;0;0;0;0;0;0;0;0;0;0;0;0
35575;542;2021;Mediocentro;32;1620;17;6.657469;1;1;21;8;371;18;7.25;25;0;4;242;103;31;50;25;13;22;6;0;0;0;0;0
46782;542;2021;Delantero;15;368;2;6.775815;1;1;3;2;100;4;5.0;8;0;0;56;17;3;4;10;1;9;0;0;0;0;0;0
46789;542;2021;Defensa;22;9;0;6.6;0;0;0;0;3;0;0.05;1;0;0;1;1;0;0;0;0;0;0;0;0;0;0;0
46813;542;2021;Defensa;16;0;0;0.0;0;0;0;0;0;0;0.0;0;0;0;0;0;0;0;0;0;0;0;0;0;0;0;0
46933;542;2021;Mediocentro;37;3131;36;6.674896;1;3;34;16;738;33;13.89;28;1;25;351;154;39;17;130;70;44;3;0;0;0;0;0
47352;542;2021;Portero;35;3054;34;6.681729;0;0;0;0;944;2;16.11;2;0;0;8;8;1;0;0;0;0;1;0;0;60;89;3
47353;542;2021;Portero;37;284;3;6.902113;0;0;0;0;98;0;1.54;0;0;0;1;0;0;0;0;0;1;1;0;0;4;12;0
47354;542;2021;Defensa;37;1639;17;6.643197;0;1;3;0;572;14;10.57;34;3;26;183;102;22;24;19;14;19;4;0;0;0;0;0
47355;542;2021;Defensa;34;2633;31;6.846069;0;4;6;3;923;23;18.41;77;6;57;310;176;40;45;9;5;42;12;1;0;0;0;0
47357;542;2021;Defensa;36;3049;34;6.813414;3;2;13;5;1235;5;25.81;29;24;27;176;96;6;21;0;0;11;9;0;0;0;0;0
47360;542;2021;Defensa;23;1353;16;6.515225;0;0;7;3;429;4;13.91;28;5;21;131;67;25;16;12;5;14;4;1;0;0;0;0
47365;542;2021;Mediocentro;33;1471;16;6.580082;0;0;4;1;577;2;13.73;28;3;22;176;92;29;39;7;4;14;4;0;0;0;0;0
47371;542;2021;Delantero;24;288;2;6.646181;0;0;5;2;70;4;2.25;2;0;0;27;9;3;9;5;3;1;2;0;0;0;0;0
47388;542;2021;Mediocentro;17;1306;15;6.919602;5;0;13;9;395;7;15.53;30;2;20;176;94;23;25;9;7;21;8;1;0;0;0;0
47473;542;2021;Mediocentro;19;688;10;6.633721;0;1;8;2;153;17;4.74;11;0;7;98;38;13;13;18;5;13;1;0;0;0;0;0
47494;542;2021;Delantero;35;867;10;6.620877;1;1;15;4;152;5;2.89;7;0;1;150;54;20;19;25;13;13;2;0;0;0;0;0
47518;542;2021;Mediocentro;30;1381;17;6.558364;1;0;13;4;361;12;8.8;26;1;6;150;64;17;25;8;4;14;2;0;0;0;0;0
70078;542;2021;Mediocentro;35;677;6;6.443722;0;0;3;2;135;6;2.97;9;2;6;111;48;20;8;26;11;9;0;0;0;0;0;0
122471;542;2021;Portero;3;95;1;6.6;0;0;0;0;22;0;3.33;0;0;0;0;0;0;0;0;0;0;0;0;0;1;3;0
125408;542;2021;Defensa;4;14;0;6.7;0;0;0;0;7;0;1.25;0;0;0;4;2;0;0;3;2;0;0;0;0;0;0;0
161964;542;2021;Delantero;3;51;0;6.570588;0;0;0;0;19;1;4.67;1;0;0;8;4;1;3;1;1;0;2;0;0;0;0;0
163060;542;2021;Portero;1;0;0;0.0;0;0;0;0;0;0;0.0;0;0;0;0;0;0;0;0;0;0;0;0;0;0;0;0
182556;542;2021;Delantero;4;0;0;0.0;0;0;0;0;0;0;0.0;0;0;0;0;0;0;0;0;0;0;0;0;0;0;0;0
182636;542;2021;Defensa;30;458;4;6.336681;0;0;0;0;159;5;4.1;8;1;4;46;22;12;6;6;2;2;2;0;0;0;0;0
182637;542;2021;Mediocentro;2;0;0;0.0;0;0;0;0;0;0;0.0;0;0;0;0;0;0;0;0;0;0;0;0;0;0;0;0
197800;542;2021;Mediocentro;1;11;0;6.3;0;0;0;0;1;0;1.0;0;0;1;2;1;1;0;0;0;0;0;0;0;0;0;0
215810;542;2021;Mediocentro;1;0;0;0.0;0;0;0;0;0;0;0.0;0;0;0;0;0;0;0;0;0;0;0;0;0;0;0;0
311740;542;2021;Mediocentro;6;8;0;6.3;0;0;0;0;5;0;0.67;0;0;0;1;0;0;0;0;0;0;0;0;0;0;0;0
350363;542;2021;Portero;1;0;0;0.0;0;0;0;0;0;0;0.0;0;0;0;0;0;0;0;0;0;0;0;0;0;0;0;0
350364;542;2021;Portero;1;0;0;0.0;0;0;0;0;0;0;0.0;0;0;0;0;0;0;0;0;0;0;0;0;0;0;0;0
134;543;2021;Defensa;30;792;9;7.00404;0;2;5;2;387;7;10.23;21;4;15;96;50;13;13;9;4;10;3;0;0;0;0;0
614;543;2021;Portero;28;1457;17;6.738572;0;0;0;0;451;1;10.04;0;0;0;9;7;1;1;0;0;0;2;0;0;19;39;0
668;543;2021;Mediocentro;35;2807;33;7.304097;6;8;55;32;1317;86;32.57;43;0;7;507;243;92;65;123;82;29;7;1;0;0;0;0
669;543;2021;Mediocentro;3;0;0;0.0;0;0;0;0;0;0;0.0;0;0;0;0;0;0;0;0;0;0;0;0;0;0;0;0
1264;543;2021;Defensa;17;789;9;6.839797;0;1;4;1;409;7;20.35;12;4;13;71;37;9;5;13;6;6;1;0;0;0;0;0
1439;543;2021;Defensa;28;1979;22;6.920768;0;2;6;2;821;26;22.82;52;2;23;195;114;13;23;42;22;13;2;1;0;0;0;0
1558;543;2021;Portero;21;0;0;0.0;0;0;0;0;0;0;0.0;0;0;0;0;0;0;0;0;0;0;0;0;0;0;0;0
1561;543;2021;Defensa;31;1994;23;7.065597;1;0;14;3;1121;4;29.81;39;22;33;196;121;16;21;8;7;16;5;0;0;0;0;0
1562;543;2021;Defensa;1;0;0;0.0;0;0;0;0;0;0;0.0;0;0;0;0;0;0;0;0;0;0;0;0;0;0;0;0
1565;543;2021;Defensa;37;1464;14;7.039071;1;1;5;1;903;3;21.49;25;11;23;131;68;8;21;4;4;7;6;0;0;0;0;0
1568;543;2021;Mediocentro;27;521;6;6.931478;0;0;2;0;323;3;10.48;14;0;11;54;28;2;13;8;6;4;2;1;0;0;0;0
1570;543;2021;Mediocentro;34;2803;33;7.137888;5;7;40;25;1787;64;44.68;24;1;10;238;104;39;19;57;30;26;7;0;0;0;0;0
1573;543;2021;Mediocentro;35;1405;17;6.798648;0;1;10;3;927;10;22.49;28;4;21;146;64;18;24;10;6;21;4;0;0;0;0;0
1577;543;2021;Mediocentro;28;142;1;6.28169;0;0;1;1;54;3;1.54;1;0;1;27;8;1;4;9;6;3;0;0;0;0;0;0
1579;543;2021;Mediocentro;33;473;2;6.861099;0;1;7;3;234;15;6.03;6;2;3;73;35;9;1;30;17;5;0;0;0;0;0;0
1580;543;2021;Mediocentro;35;1810;20;7.159448;2;3;21;10;1312;22;33.0;49;7;16;289;160;28;31;71;49;25;6;0;0;0;0;0
1582;543;2021;Mediocentro;10;137;1;6.831387;0;0;2;0;35;1;2.8;5;0;1;20;11;3;2;5;2;2;0;0;0;0;0;0
1584;543;2021;Delantero;2;9;0;6.7;0;0;0;0;0;0;0.0;1;0;0;1;1;0;0;0;0;0;0;0;0;0;0;0
1586;543;2021;Delantero;35;821;5;6.612424;2;2;17;9;342;16;7.63;17;0;9;99;37;5;9;27;10;18;2;0;0;0;0;0
1693;543;2021;Defensa;31;1429;17;6.904129;0;0;5;1;889;6;24.94;11;13;29;106;60;2;12;2;1;3;2;0;0;0;0;0
2469;543;2021;Defensa;30;1991;22;6.994726;1;0;17;6;1023;0;29.8;21;18;39;157;88;6;26;3;3;13;5;1;0;0;0;0
2476;543;2021;Mediocentro;35;2533;29;7.115673;1;2;13;8;1449;16;35.43;99;12;31;331;200;50;47;27;18;44;9;1;0;0;0;0
18965;543;2021;Defensa;14;519;6;6.887861;0;1;4;2;266;3;15.71;20;0;11;67;40;10;8;1;0;11;2;0;0;0;0;0
18998;543;2021;Mediocentro;9;108;0;6.623148;0;0;1;0;50;0;4.56;2;1;2;11;7;3;2;1;0;1;0;0;0;0;0;0
46672;543;2021;Portero;36;1963;21;6.915487;0;0;0;0;629;0;11.69;1;0;1;9;7;3;1;0;0;1;2;0;0;19;55;0
47119;543;2021;Mediocentro;36;869;9;6.505869;0;0;13;3;295;11;6.53;21;0;8;137;54;15;23;26;13;24;6;0;0;0;0;0
47319;543;2021;Delantero;34;1615;19;6.906997;8;4;24;12;530;22;12.21;15;2;2;164;66;23;12;16;6;6;1;0;3;0;0;0
47320;543;2021;Mediocentro;36;2145;26;7.132867;16;4;47;30;480;19;10.42;39;1;10;260;115;15;40;43;29;30;5;0;0;0;0;0
47348;543;2021;Delantero;37;1577;18;6.897083;10;0;30;19;332;15;6.38;6;1;4;177;70;31;25;32;13;8;4;0;3;0;0;0
47547;543;2021;Defensa;32;2407;28;6.962651;5;3;19;8;1047;21;24.94;75;6;34;309;160;38;33;61;23;27;4;1;0;0;0;0
104804;543;2021;Portero;1;0;0;0.0;0;0;0;0;0;0;0.0;0;0;0;0;0;0;0;0;0;0;0;0;0;0;0;0
104986;543;2021;Defensa;3;90;1;7.6;1;0;2;1;60;0;16.67;2;1;0;12;9;0;1;1;1;0;0;0;0;0;0;0
146751;543;2021;Delantero;2;1;0;0.0;0;0;0;0;1;0;0.0;0;0;0;0;0;0;0;0;0;0;0;0;0;0;0;0
185477;543;2021;Mediocentro;33;887;10;6.744983;1;2;13;7;403;17;10.09;10;0;3;89;42;16;2;26;16;17;0;0;0;0;0;0
185599;543;2021;Delantero;3;64;0;7.0;0;0;0;0;38;1;12.33;2;0;0;8;3;1;1;0;0;2;0;0;0;0;0;0
188409;543;2021;Defensa;3;0;0;0.0;0;0;0;0;0;0;0.0;0;0;0;0;0;0;0;0;0;0;0;0;0;0;0;0
292140;543;2021;Mediocentro;1;0;0;0.0;0;0;0;0;0;0;0.0;0;0;0;0;0;0;0;0;0;0;0;0;0;0;0;0
46;546;2021;Mediocentro;22;221;1;6.490498;0;0;0;0;106;3;3.86;3;0;1;40;21;9;7;9;5;3;0;0;0;0;0;0
131;546;2021;Defensa;32;2687;31;6.858318;1;0;14;7;1074;2;22.78;46;14;39;225;142;14;33;6;3;7;6;2;0;0;0;0
143;546;2021;Mediocentro;34;2338;30;6.658811;1;2;31;14;822;20;19.68;27;2;15;253;94;37;50;35;17;39;6;1;0;0;0;0
575;546;2021;Mediocentro;35;984;9;6.789024;0;1;2;1;433;9;9.74;42;2;21;139;68;2;18;11;7;18;2;0;0;0;0;0
2671;546;2021;Delantero;26;669;4;6.561435;1;0;8;3;193;8;5.08;7;1;1;149;53;17;25;9;4;8;7;0;0;0;0;0
2819;546;2021;Defensa;36;2670;31;6.728652;0;0;4;1;902;2;19.78;16;18;23;135;78;4;18;2;2;5;8;1;0;0;0;0
2824;546;2021;Mediocentro;36;2943;34;6.943221;1;1;22;5;833;19;18.0;56;13;71;228;126;13;13;16;10;31;5;0;0;0;0;0
30453;546;2021;Mediocentro;25;597;6;6.556449;0;2;2;0;187;5;5.28;11;0;4;43;24;7;3;6;4;7;1;1;0;0;0;0
35503;546;2021;Delantero;11;205;2;6.651707;0;0;3;0;42;0;2.82;1;0;1;36;21;11;1;10;5;1;1;0;0;0;0;0
46982;546;2021;Mediocentro;18;291;2;6.821993;0;1;2;2;137;1;6.39;5;1;1;50;29;13;9;8;8;3;0;0;0;0;0;0
47010;546;2021;Mediocentro;15;344;3;6.41686;0;0;6;0;173;1;9.4;1;2;1;38;12;2;6;3;2;3;2;0;0;0;0;0
47247;546;2021;Portero;38;3415;38;6.894583;0;0;0;0;1079;0;14.45;1;0;0;20;18;3;1;0;0;1;4;0;0;41;93;1
47248;546;2021;Portero;36;0;0;0.0;0;0;0;0;0;0;0.0;0;0;0;0;0;0;0;0;0;0;0;0;0;0;0;0
47250;546;2021;Defensa;35;3117;35;6.797209;0;1;2;1;1319;10;29.26;44;5;58;250;150;36;47;18;18;13;11;1;0;0;0;0
47253;546;2021;Defensa;3;0;0;0.0;0;0;0;0;0;0;0.0;0;0;0;0;0;0;0;0;0;0;0;0;0;0;0;0
47254;546;2021;Defensa;32;2807;32;6.986427;1;3;19;7;1053;31;23.66;79;4;55;522;263;46;55;54;27;30;10;0;0;0;0;0
47257;546;2021;Defensa;36;2720;31;6.919596;0;3;13;4;1040;48;20.5;74;5;31;307;147;33;45;42;15;47;13;0;0;0;0;0
47258;546;2021;Mediocentro;31;2667;31;7.06288;0;5;29;8;1143;44;28.61;62;5;32;345;169;48;51;50;32;48;13;0;0;0;0;0
47264;546;2021;Delantero;3;11;0;7.0;0;0;2;1;5;0;0.67;0;0;0;5;3;1;1;0;0;0;0;0;0;0;0;0
47324;546;2021;Delantero;30;1471;19;6.679266;3;0;34;14;343;13;9.07;7;3;3;189;79;45;31;44;13;11;7;0;0;0;0;0
47380;546;2021;Mediocentro;1;22;0;6.9;0;0;0;0;19;1;15.0;0;0;0;2;2;1;0;1;1;0;0;0;0;0;0;0
47407;546;2021;Defensa;19;256;3;6.535547;0;0;0;0;64;2;2.21;3;1;2;15;10;3;1;1;0;0;1;0;0;0;0;0
47408;546;2021;Defensa;22;230;1;6.372609;0;0;1;1;72;2;2.32;10;0;3;38;17;5;10;1;1;5;4;0;0;0;0;0
47416;546;2021;Mediocentro;18;943;9;6.94878;0;1;19;8;381;11;16.67;16;1;11;99;46;11;9;19;10;8;2;0;0;0;0;0
47443;546;2021;Defensa;16;470;5;7.031915;0;0;4;1;195;0;9.69;9;5;5;45;29;5;6;5;5;0;1;0;0;0;0;0
47452;546;2021;Defensa;23;408;5;6.38799;0;1;1;0;169;2;4.83;2;2;4;29;14;4;7;0;0;3;4;1;0;0;0;0
47459;546;2021;Mediocentro;12;45;1;6.3;0;0;0;0;15;1;0.92;0;0;0;4;0;0;2;0;0;1;1;1;0;0;0;0
47472;546;2021;Delantero;18;1050;11;6.958286;6;1;10;7;252;13;10.28;7;4;4;135;62;20;13;29;14;1;3;0;1;0;0;0
47499;546;2021;Delantero;37;2810;33;7.071495;16;1;62;28;633;29;10.54;37;5;5;623;274;71;77;48;25;37;8;0;2;0;0;0
47540;546;2021;Mediocentro;3;0;0;0.0;0;0;0;0;0;0;0.0;0;0;0;0;0;0;0;0;0;0;0;0;0;0;0;0
51449;546;2021;Defensa;15;0;0;0.0;0;0;0;0;0;0;0.0;0;0;0;0;0;0;0;0;0;0;0;0;0;0;0;0
104835;546;2021;Delantero;18;391;3;6.535038;1;0;4;4;80;3;2.61;2;1;1;58;23;2;3;13;7;5;0;0;0;0;0;0
119742;546;2021;Defensa;38;748;7;6.531016;0;1;4;0;195;8;2.68;19;2;10;101;50;17;16;9;5;10;1;0;0;0;0;0
122956;546;2021;Portero;37;15;0;6.3;0;0;0;0;6;0;0.0;0;0;0;0;0;0;0;0;0;0;0;0;0;0;0;0
184617;546;2021;Mediocentro;2;0;0;0.0;0;0;0;0;0;0;0.0;0;0;0;0;0;0;0;0;0;0;0;0;0;0;0;0
286643;546;2021;Defensa;11;84;1;6.728571;0;1;1;0;27;1;1.73;0;0;0;12;6;1;1;4;3;2;0;0;0;0;0;0
293297;546;2021;Mediocentro;1;0;0;0.0;0;0;0;0;0;0;0.0;0;0;0;0;0;0;0;0;0;0;0;0;0;0;0;0
299877;546;2021;Defensa;1;0;0;0.0;0;0;0;0;0;0;0.0;0;0;0;0;0;0;0;0;0;0;0;0;0;0;0;0
142;548;2021;Mediocentro;17;1060;13;6.961321;1;0;11;2;652;9;33.94;43;2;12;199;112;38;21;36;18;12;3;0;0;0;0;0
634;548;2021;Mediocentro;26;1739;22;7.180851;2;4;16;6;1015;39;34.42;28;3;7;187;97;25;23;44;29;17;4;1;0;0;0;0
2741;548;2021;Portero;35;270;3;7.233333;0;0;0;0;93;0;1.51;0;0;0;1;1;0;0;0;0;0;0;0;0;5;10;0
2864;548;2021;Delantero;33;2159;26;6.820426;6;2;54;35;415;20;9.45;7;2;3;261;108;30;32;88;44;10;6;0;2;0;0;0
2924;548;2021;Mediocentro;33;1642;17;7.000365;3;0;25;15;586;34;13.42;17;3;12;258;123;51;28;78;45;15;5;0;2;0;0;0
8492;548;2021;Delantero;33;1791;20;6.712954;4;0;26;13;447;23;10.0;21;1;3;289;122;14;29;65;37;10;2;0;0;0;0;0
18867;548;2021;Defensa;24;1656;19;6.90785;0;0;7;1;858;14;27.08;41;4;30;172;95;17;16;28;11;24;4;0;0;0;0;0
47269;548;2021;Portero;38;3162;35;6.974478;0;0;0;0;1131;0;21.79;0;0;1;7;7;3;0;0;0;0;1;0;0;32;80;1
47298;548;2021;Defensa;36;2120;22;7.023208;4;1;10;7;1136;1;26.44;21;13;31;156;103;22;18;7;6;11;3;1;0;0;0;0
47299;548;2021;Defensa;37;2299;25;6.796042;0;4;5;1;1138;22;26.11;47;3;19;213;106;19;26;34;18;22;4;0;0;0;0;0
47301;548;2021;Defensa;37;3342;37;7.056403;1;1;13;5;2153;5;51.24;49;22;47;294;179;22;37;3;1;8;7;0;0;0;0;0
47303;548;2021;Defensa;31;1353;15;6.587583;0;0;4;0;593;6;15.03;28;1;17;166;81;14;27;28;14;11;4;1;0;0;0;0
47306;548;2021;Defensa;5;46;0;6.813043;0;0;1;0;19;1;2.6;1;0;2;9;5;2;0;3;2;2;0;0;0;0;0;0
47307;548;2021;Defensa;34;1187;14;6.815922;0;0;5;3;459;4;10.68;31;4;13;129;71;20;18;8;3;6;6;0;0;0;0;0
47308;548;2021;Mediocentro;24;214;1;6.476636;0;0;4;2;79;4;2.58;7;0;2;32;14;2;3;7;3;4;0;0;0;0;0;0
47309;548;2021;Mediocentro;38;888;11;6.854279;0;0;2;0;607;6;13.84;17;6;12;89;40;5;15;4;3;7;2;0;0;0;0;0
47310;548;2021;Mediocentro;22;382;6;6.63822;0;0;0;0;286;4;11.36;8;1;5;55;25;1;4;7;4;9;1;0;0;0;0;0
47311;548;2021;Mediocentro;34;2906;33;7.026153;3;2;33;15;1724;32;39.35;71;10;21;532;274;67;60;47;28;41;8;0;0;0;0;0
47314;548;2021;Defensa;33;1651;19;6.772562;0;1;7;2;1033;2;27.45;19;6;28;136;67;4;25;6;3;6;7;0;0;0;0;0
47315;548;2021;Mediocentro;36;2597;26;7.013092;2;1;18;9;1453;15;34.53;52;13;48;251;153;21;34;24;17;22;4;0;0;0;0;0
47317;548;2021;Mediocentro;12;549;6;6.635519;1;1;7;3;176;6;10.75;15;0;2;112;50;16;10;37;15;10;0;0;0;0;0;0
47318;548;2021;Delantero;2;45;0;7.0;0;0;1;0;7;0;3.0;3;0;1;10;7;2;1;1;1;1;0;0;0;0;0;0
47323;548;2021;Mediocentro;22;1682;19;7.116647;9;3;29;18;511;39;17.36;18;2;10;199;88;26;14;43;22;13;0;1;4;0;0;0
47520;548;2021;Mediocentro;38;1627;17;6.687093;1;2;16;10;440;18;8.89;16;3;7;163;64;25;19;18;9;16;5;0;1;0;0;0
84086;548;2021;Mediocentro;18;198;3;6.852525;0;0;7;3;88;1;4.17;5;0;2;33;15;2;3;9;7;2;0;0;0;0;0;0
104821;548;2021;Mediocentro;24;200;1;6.565;1;0;2;1;77;1;2.33;5;1;3;37;14;3;4;9;5;3;0;0;0;0;0;0
129055;548;2021;Defensa;4;16;0;6.5;0;0;1;0;7;1;1.5;0;0;0;4;0;0;1;2;0;0;0;0;0;0;0;0
161963;548;2021;Delantero;5;53;0;6.390566;0;0;0;0;17;0;2.8;3;0;0;16;6;0;3;7;2;0;0;0;0;0;0;0
182546;548;2021;Defensa;35;405;4;6.946173;0;0;0;0;226;0;5.46;6;4;6;32;19;1;3;0;0;0;1;0;0;0;0;0
182602;548;2021;Delantero;22;280;2;6.457857;2;0;6;2;55;1;2.0;4;1;1;50;23;11;9;10;4;1;0;0;0;0;0;0
182603;548;2021;Mediocentro;1;0;0;0.0;0;0;0;0;0;0;0.0;0;0;0;0;0;0;0;0;0;0;0;0;0;0;0;0
182664;548;2021;Portero;5;0;0;0.0;0;0;0;0;0;0;0.0;0;0;0;0;0;0;0;0;0;0;0;0;0;0;0;0
183699;548;2021;Defensa;2;0;0;0.0;0;0;0;0;0;0;0.0;0;0;0;0;0;0;0;0;0;0;0;0;0;0;0;0
183706;548;2021;Mediocentro;13;108;1;6.571296;0;0;2;2;44;2;2.69;1;0;3;14;4;0;4;4;1;0;0;0;0;0;0;0
183744;548;2021;Mediocentro;21;213;1;6.796244;0;0;5;2;90;4;3.81;0;0;2;27;11;3;3;11;7;4;1;0;0;0;0;0
183748;548;2021;Delantero;2;0;0;0.0;0;0;0;0;0;0;0.0;0;0;0;0;0;0;0;0;0;0;0;0;0;0;0;0
189832;548;2021;Portero;1;0;0;0.0;0;0;0;0;0;0;0.0;0;0;0;0;0;0;0;0;0;0;0;0;0;0;0;0
203426;548;2021;Defensa;1;0;0;0.0;0;0;0;0;0;0;0.0;0;0;0;0;0;0;0;0;0;0;0;0;0;0;0;0
30;715;2021;Defensa;20;441;4;6.599546;1;0;3;1;152;5;5.95;12;4;5;61;29;5;6;7;3;5;1;0;0;0;0;0
146;715;2021;Mediocentro;19;1033;13;6.785092;2;1;12;8;314;17;13.37;27;2;6;157;63;16;15;38;14;19;1;0;0;0;0;0
1470;715;2021;Portero;37;3143;35;6.933089;0;0;0;0;1025;0;13.3;3;0;1;21;14;3;0;2;2;3;2;0;0;55;127;2
1706;715;2021;Delantero;34;521;4;6.793282;0;1;6;2;93;7;1.79;4;0;1;57;27;8;3;11;7;3;3;0;0;0;0;0
1708;715;2021;Delantero;7;30;0;6.373333;0;0;0;0;3;0;0.29;2;0;1;8;3;1;1;0;0;1;0;0;0;0;0;0
2040;715;2021;Defensa;30;1438;15;6.825452;2;1;13;4;561;13;13.37;46;3;26;199;102;20;14;12;3;28;6;0;0;0;0;0
2051;715;2021;Mediocentro;26;1560;20;6.859679;0;2;7;2;651;13;21.15;43;10;18;214;121;31;29;20;14;25;6;0;0;0;0;0
2418;715;2021;Defensa;20;559;6;6.87907;0;0;2;1;223;0;9.45;6;5;5;38;17;4;5;0;0;2;2;0;0;0;0;0
2459;715;2021;Mediocentro;30;1397;16;6.798067;4;2;26;17;353;19;8.4;23;0;15;199;99;30;20;60;34;14;2;0;0;0;0;0
14405;715;2021;Delantero;16;857;9;6.619487;1;1;11;2;188;7;8.38;7;1;10;84;34;12;13;22;9;2;4;0;0;0;0;0
46090;715;2021;Mediocentro;15;917;10;6.822465;0;1;5;2;330;3;17.67;24;4;9;107;58;14;11;16;10;6;5;0;0;0;0;0
46673;715;2021;Portero;36;283;3;6.740636;0;0;0;0;115;0;1.64;0;0;0;2;1;1;0;0;0;1;1;1;0;5;10;1
46677;715;2021;Defensa;34;1515;18;6.598812;1;0;10;2;646;3;14.24;23;11;17;123;60;4;15;8;4;13;5;0;0;0;0;0
46679;715;2021;Defensa;36;2304;27;6.578255;0;1;15;2;671;18;13.0;73;10;35;272;130;13;40;34;18;37;11;0;0;0;0;0
46682;715;2021;Defensa;28;2121;24;6.781895;0;0;5;1;635;13;16.36;31;9;32;145;82;22;8;16;9;12;1;0;0;0;0;0
46683;715;2021;Defensa;34;2307;25;6.679757;2;1;8;4;1040;5;22.79;27;16;28;192;114;25;23;2;0;9;11;1;0;0;0;0
46687;715;2021;Mediocentro;27;1333;13;6.736834;1;1;16;5;617;23;17.78;26;1;11;123;52;18;29;3;0;10;5;0;0;0;0;0
46689;715;2021;Mediocentro;38;2270;25;6.689339;6;1;24;15;612;18;11.68;36;3;10;348;143;30;43;55;29;27;4;0;0;0;0;0
46795;715;2021;Defensa;25;1689;19;6.822558;1;0;4;1;731;3;22.6;18;20;22;127;74;15;24;3;2;5;7;1;0;0;0;0
46920;715;2021;Mediocentro;26;352;2;6.459659;0;0;1;0;127;1;3.65;6;3;4;57;19;5;18;3;1;4;3;0;0;0;0;0
47063;715;2021;Mediocentro;34;622;7;6.684084;0;0;7;4;159;8;3.53;12;2;3;80;32;5;5;10;5;6;0;0;0;0;0;0
47085;715;2021;Mediocentro;34;2791;33;7.127195;3;3;15;6;1321;42;32.53;58;4;25;304;180;64;26;38;28;38;4;0;3;0;0;0
47237;715;2021;Delantero;37;2860;34;6.865455;8;4;60;25;617;30;11.22;26;3;6;411;161;36;40;80;44;19;6;0;0;0;0;0
47251;715;2021;Defensa;2;180;2;6.85;0;0;0;0;43;1;13.0;0;1;1;11;4;3;1;0;0;1;0;0;0;0;0;0
47265;715;2021;Delantero;37;1987;19;7.073327;10;5;38;22;506;31;8.76;4;2;6;300;139;39;19;17;7;16;2;0;0;0;0;0
47468;715;2021;Mediocentro;19;739;8;6.974696;1;3;10;5;338;13;12.95;21;1;6;117;56;16;11;18;13;20;3;0;0;0;0;0
51756;715;2021;Delantero;16;156;1;6.452564;0;0;4;3;33;6;1.06;5;0;1;34;15;1;3;5;2;5;1;0;0;0;0;0
104941;715;2021;Mediocentro;21;669;7;6.650673;0;0;6;1;332;3;12.71;15;3;4;96;42;11;29;10;6;5;3;1;0;0;0;0
181724;715;2021;Portero;6;0;0;0.0;0;0;0;0;0;0;0.0;0;0;0;0;0;0;0;0;0;0;0;0;0;0;0;0
182164;715;2021;Defensa;12;0;0;0.0;0;0;0;0;0;0;0.0;0;0;0;0;0;0;0;0;0;0;0;0;0;0;0;0
182166;715;2021;Mediocentro;31;293;3;6.641297;0;0;3;1;123;2;3.35;3;2;3;28;11;3;2;2;2;8;1;0;0;0;0;0
182167;715;2021;Delantero;10;1;0;0.0;0;0;0;0;1;0;0.0;0;0;0;0;0;0;0;0;0;0;0;0;0;0;0;0
182857;715;2021;Defensa;5;76;1;6.2;0;0;0;0;22;0;1.6;0;1;1;3;1;0;0;0;0;0;0;0;0;0;0;0
286639;715;2021;Mediocentro;3;0;0;0.0;0;0;0;0;0;0;0.0;0;0;0;0;0;0;0;0;0;0;0;0;0;0;0;0
290215;715;2021;Defensa;29;1288;15;6.63587;0;0;2;0;598;4;14.97;31;9;12;125;64;11;24;1;1;13;5;0;0;0;0;0
290685;715;2021;Portero;1;0;0;0.0;0;0;0;0;0;0;0.0;0;0;0;0;0;0;0;0;0;0;0;0;0;0;0;0
291147;715;2021;Defensa;4;0;0;0.0;0;0;0;0;0;0;0.0;0;0;0;0;0;0;0;0;0;0;0;0;0;0;0;0
937;724;2021;Delantero;34;1863;19;6.635319;4;1;26;10;475;13;10.26;28;1;21;320;132;33;46;56;33;31;4;0;0;0;0;0
2508;724;2021;Mediocentro;34;467;5;6.557816;1;0;5;1;135;1;2.65;14;0;4;77;33;4;6;10;3;7;2;0;0;0;0;0
2723;724;2021;Mediocentro;17;916;11;6.924563;1;1;17;8;327;21;15.71;8;0;3;97;34;3;10;42;23;11;2;0;0;0;0;0
6492;724;2021;Portero;38;3420;38;7.021053;0;0;1;1;1034;2;12.92;3;0;1;27;23;5;2;2;2;1;4;0;0;51;120;2
11471;724;2021;Mediocentro;28;1434;16;6.874338;0;1;13;2;501;15;13.64;31;7;30;130;59;9;19;8;4;21;5;0;0;0;0;0
18833;724;2021;Delantero;16;1060;11;6.988019;3;2;10;5;315;30;16.06;3;1;0;65;18;9;4;12;5;10;1;0;0;0;0;0
18978;724;2021;Delantero;19;173;1;6.66185;0;0;3;1;37;3;1.26;1;0;0;30;12;2;3;2;2;1;1;0;0;0;0;0
46691;724;2021;Mediocentro;12;836;10;6.708134;0;0;0;0;347;3;23.42;16;0;8;80;37;10;26;2;0;10;3;0;0;0;0;0
46755;724;2021;Portero;38;0;0;0.0;0;0;0;0;0;0;0.0;0;0;0;0;0;0;0;0;0;0;0;0;0;0;0;0
46759;724;2021;Defensa;37;3329;37;6.826885;2;2;24;7;1274;36;22.16;106;10;54;428;217;42;50;46;23;67;6;0;0;0;0;0
46762;724;2021;Defensa;16;136;1;6.220588;0;0;0;0;25;0;0.81;1;1;1;10;6;1;1;0;0;2;1;0;0;0;0;0
46769;724;2021;Mediocentro;36;2062;22;6.832881;3;2;13;8;964;21;21.89;46;7;29;221;96;23;15;22;9;41;2;0;1;0;0;0
46772;724;2021;Mediocentro;15;395;4;6.84557;0;0;4;2;187;1;10.47;14;1;7;44;26;7;8;1;1;1;3;1;0;0;0;0
46775;724;2021;Mediocentro;32;1414;17;6.688472;2;1;14;8;279;8;5.91;20;2;6;111;60;16;9;16;9;12;3;1;0;0;0;0
46818;724;2021;Defensa;16;1365;15;6.965934;0;0;6;2;700;5;37.0;9;3;16;60;31;7;9;0;0;3;5;0;0;0;0;0
46824;724;2021;Mediocentro;27;1067;11;6.669166;2;2;9;4;226;21;6.04;33;0;8;214;92;33;37;42;15;29;7;0;0;0;0;0
46890;724;2021;Mediocentro;20;232;1;6.574569;0;0;3;1;46;2;1.75;6;0;3;42;23;7;4;15;8;3;0;0;0;0;0;0
46998;724;2021;Defensa;35;945;10;6.497989;0;0;5;0;291;2;6.14;9;6;12;69;32;7;11;1;1;9;9;1;0;0;0;0
47041;724;2021;Mediocentro;30;783;8;6.726054;0;1;9;4;311;12;8.37;19;1;9;142;70;20;7;53;29;14;2;0;0;0;0;0
47100;724;2021;Defensa;29;1555;17;6.791383;0;1;8;4;559;9;15.03;44;6;32;190;95;25;24;24;11;28;2;0;0;0;0;0
47229;724;2021;Defensa;33;1813;23;6.876779;0;2;10;0;664;7;15.39;33;16;24;139;76;11;19;1;1;15;6;0;0;0;0;0
47485;724;2021;Mediocentro;14;1105;12;7.196742;2;0;17;6;641;14;39.14;41;2;13;201;109;35;30;17;11;23;7;0;0;0;0;0
47525;724;2021;Delantero;33;1695;21;6.868909;7;2;40;20;255;10;5.21;8;2;2;318;124;38;43;57;35;13;8;0;0;0;0;0
47561;724;2021;Defensa;30;1847;21;6.915647;0;0;8;1;644;7;16.2;43;7;53;203;118;26;23;21;12;16;4;0;0;0;0;0
50009;724;2021;Mediocentro;33;1312;17;6.894055;0;1;5;0;329;8;7.58;40;8;34;137;84;8;16;10;8;18;3;0;0;0;0;0
50502;724;2021;Delantero;38;2170;24;7.125438;7;2;58;29;521;22;8.24;5;5;2;332;174;34;16;34;21;3;3;0;2;0;0;0
53625;724;2021;Defensa;25;1437;16;6.762004;1;0;3;2;431;3;13.28;31;12;15;121;69;6;22;4;3;9;9;0;0;0;0;0
66761;724;2021;Delantero;16;256;2;6.634375;0;0;2;0;46;0;1.56;1;0;1;53;22;7;3;5;2;0;0;0;0;0;0;0
125386;724;2021;Portero;8;0;0;0.0;0;0;0;0;0;0;0.0;0;0;0;0;0;0;0;0;0;0;0;0;0;0;0;0
162058;724;2021;Defensa;37;1829;20;6.733406;0;0;6;2;794;0;18.11;19;8;16;119;61;8;14;5;4;6;2;0;0;0;0;0
163245;724;2021;Mediocentro;13;121;1;6.578512;0;0;1;0;46;1;2.69;2;0;1;19;10;1;4;1;1;0;1;0;0;0;0;0
182757;724;2021;Mediocentro;20;399;4;6.582707;0;0;2;0;75;3;2.6;4;1;4;37;20;9;4;5;3;2;0;0;0;0;0;0
185810;724;2021;Defensa;10;88;1;6.518182;0;0;0;0;25;0;1.4;2;0;0;6;3;1;0;1;0;2;0;0;0;0;0;0
285356;724;2021;Delantero;1;30;0;6.2;0;0;0;0;4;0;3.0;0;0;0;8;0;0;3;0;0;1;0;0;0;0;0;0
310683;724;2021;Mediocentro;20;203;2;6.608374;0;0;0;0;53;0;2.05;7;0;3;17;8;0;1;0;0;1;1;0;0;0;0;0
353865;724;2021;Portero;1;0;0;0.0;0;0;0;0;0;0;0.0;0;0;0;0;0;0;0;0;0;0;0;0;0;0;0;0
751;727;2021;Mediocentro;11;2;0;0.0;0;0;0;0;4;0;0.18;1;0;0;3;1;0;0;0;0;1;0;0;0;0;0;0
1825;727;2021;Mediocentro;35;2737;32;6.996529;1;0;23;9;1271;9;28.23;71;11;47;437;271;48;55;24;21;28;10;0;0;0;0;0
46646;727;2021;Portero;37;3252;36;6.946986;0;0;0;0;1081;1;16.03;3;0;1;23;20;9;0;3;3;3;3;0;0;48;102;3
46649;727;2021;Portero;33;180;2;5.9;0;0;0;0;35;0;0.42;0;0;0;1;0;0;0;0;0;1;0;0;0;3;2;0
46652;727;2021;Defensa;36;1407;15;6.944136;0;0;5;0;531;3;11.08;21;11;22;113;65;7;10;4;3;3;5;0;0;0;0;0
46653;727;2021;Defensa;36;3117;35;7.016073;4;0;26;4;1462;9;32.5;28;20;51;293;186;21;53;4;3;10;8;0;0;0;0;0
46654;727;2021;Defensa;21;1159;12;6.647627;0;0;2;0;537;2;20.38;12;9;20;78;40;4;5;3;2;10;1;0;0;0;0;0
46656;727;2021;Mediocentro;38;777;8;6.465766;1;0;8;1;309;2;5.87;10;3;1;95;39;6;17;3;2;17;3;0;0;0;0;0
46657;727;2021;Defensa;36;2925;33;6.88188;0;1;12;1;1089;22;21.44;84;14;58;361;209;33;48;47;23;38;9;0;0;0;0;0
46658;727;2021;Mediocentro;38;2395;30;7.063549;1;6;24;12;1033;59;21.16;43;4;24;277;123;28;37;47;24;32;1;0;0;0;0;0
46659;727;2021;Mediocentro;14;97;1;6.604124;0;0;2;0;36;2;2.07;3;0;1;16;10;5;0;2;2;1;0;0;0;0;0;0
46660;727;2021;Mediocentro;38;904;9;6.732301;1;1;8;2;360;11;7.37;21;0;9;114;50;9;15;16;11;19;1;0;0;0;0;0
46662;727;2021;Mediocentro;37;2934;33;6.927914;2;3;33;12;1288;32;28.54;40;9;20;174;86;15;20;19;13;27;2;0;0;0;0;0
46665;727;2021;Mediocentro;38;335;4;6.702388;1;0;2;1;119;8;2.34;3;0;0;27;8;3;0;3;0;2;0;0;0;0;0;0
46666;727;2021;Mediocentro;38;828;6;6.931039;2;2;11;6;346;24;6.29;7;0;8;73;27;11;8;12;5;13;3;0;2;0;0;0
46667;727;2021;Delantero;28;887;9;6.802029;2;0;11;6;306;5;8.5;15;1;9;173;81;23;17;57;34;14;2;0;0;0;0;0
46669;727;2021;Delantero;28;41;0;6.163415;0;0;0;0;11;0;0.25;0;0;0;9;3;1;2;0;0;0;0;0;0;0;0;0
46700;727;2021;Portero;7;0;0;0.0;0;0;0;0;0;0;0.0;0;0;0;0;0;0;0;0;0;0;0;0;0;0;0;0
46746;727;2021;Delantero;30;1752;20;6.860731;8;2;40;22;343;10;6.63;23;4;3;367;171;32;37;31;11;14;3;0;2;0;0;0
46832;727;2021;Delantero;13;36;0;5.963889;0;0;2;1;29;0;1.77;0;0;1;7;3;1;1;1;1;2;0;0;0;0;0;0
46967;727;2021;Defensa;32;1946;22;6.668499;0;0;2;0;879;3;22.75;28;12;16;133;66;5;19;13;10;8;4;0;0;0;0;0
47361;727;2021;Mediocentro;36;2411;27;6.670303;1;2;9;5;872;30;18.53;35;8;24;280;107;24;52;27;15;26;9;0;0;0;0;0
47384;727;2021;Defensa;35;1110;12;6.680991;1;1;6;3;606;8;13.66;20;1;10;106;55;5;10;28;20;5;3;1;0;0;0;0
47396;727;2021;Delantero;34;1870;18;6.776203;5;1;43;20;486;21;9.68;11;1;3;340;134;36;23;35;13;20;1;0;1;0;0;0
47510;727;2021;Defensa;26;245;3;6.655102;0;0;1;0;108;0;3.27;4;1;3;22;11;0;1;2;0;1;0;0;0;0;0;0
47579;727;2021;Delantero;36;1878;22;6.92886;6;1;50;16;464;19;7.67;17;2;14;271;125;40;30;32;18;14;9;1;1;0;0;0
64309;727;2021;Defensa;36;2268;25;6.715653;1;3;4;1;859;19;17.83;73;3;18;270;122;16;32;45;24;35;5;0;0;0;0;0
182181;727;2021;Defensa;18;188;2;6.023936;0;0;0;0;38;1;1.78;3;0;0;25;10;4;3;0;0;2;1;0;0;0;0;0
182695;727;2021;Mediocentro;1;0;0;0.0;0;0;0;0;0;0;0.0;0;0;0;0;0;0;0;0;0;0;0;0;0;0;0;0
183777;727;2021;Defensa;6;90;1;6.7;0;0;1;0;49;0;5.83;0;0;4;5;2;0;1;0;0;0;0;0;0;0;0;0
288800;727;2021;Mediocentro;10;116;1;6.346552;0;0;3;1;23;1;1.8;2;0;0;19;8;3;1;6;2;1;1;0;0;0;0;0
289788;727;2021;Portero;1;0;0;0.0;0;0;0;0;0;0;0.0;0;0;0;0;0;0;0;0;0;0;0;0;0;0;0;0
119;728;2021;Delantero;26;840;8;6.692381;6;0;29;15;167;5;5.04;2;1;2;121;49;18;17;10;3;3;1;0;0;0;0;0
732;728;2021;Portero;37;646;8;6.524768;0;0;0;0;189;0;3.54;0;0;0;6;4;1;1;2;2;1;0;1;0;13;24;0
736;728;2021;Defensa;36;3027;34;6.767162;1;0;13;8;1220;29;27.17;61;8;43;256;123;15;24;45;22;34;4;0;0;0;0;0
2480;728;2021;Portero;8;0;0;0.0;0;0;0;0;0;0;0.0;0;0;0;0;0;0;0;0;0;0;0;0;0;0;0;0
8518;728;2021;Delantero;16;266;1;6.562782;0;0;10;1;63;2;2.88;1;0;4;46;23;4;8;8;4;1;2;0;0;0;0;0
20520;728;2021;Defensa;35;3148;35;6.76601;1;2;9;3;1256;44;27.37;45;5;39;285;148;58;42;54;22;12;10;1;0;0;0;0
41412;728;2021;Defensa;33;1075;11;6.780744;0;0;1;0;456;3;11.21;12;13;15;89;46;4;11;1;1;6;4;0;0;0;0;0
41552;728;2021;Mediocentro;35;1113;11;6.830638;2;1;13;5;520;4;12.37;31;6;30;152;84;9;19;15;10;15;5;0;0;0;0;0
46914;728;2021;Defensa;27;1708;21;6.751112;0;0;8;3;599;1;18.3;18;12;16;144;76;2;23;1;0;6;4;0;0;0;0;0
46985;728;2021;Delantero;9;9;0;6.3;0;0;0;0;2;0;0.11;0;0;0;2;1;0;0;0;0;0;0;0;0;0;0;0
47109;728;2021;Mediocentro;37;2575;29;6.929282;0;0;8;2;1312;15;29.76;101;10;40;380;207;55;50;20;16;61;8;0;0;0;0;0
47209;728;2021;Delantero;20;185;1;6.395676;0;0;3;1;32;0;1.0;0;0;0;16;5;2;3;3;1;1;0;0;0;0;0;0
47285;728;2021;Mediocentro;27;1160;13;6.745948;0;0;15;7;770;24;24.67;20;0;10;158;58;17;26;26;13;23;5;0;0;0;0;0
47304;728;2021;Defensa;37;450;5;6.462;0;0;2;0;173;3;3.32;15;1;7;57;34;7;5;4;2;4;0;0;0;0;0;0
47322;728;2021;Mediocentro;4;176;3;6.797159;0;0;2;0;57;7;10.5;2;0;0;30;10;2;2;10;3;4;0;0;0;0;0;0
47495;728;2021;Delantero;35;1734;20;6.796424;8;2;36;18;386;15;7.66;10;2;4;207;74;29;29;20;13;19;3;0;1;0;0;0
47527;728;2021;Portero;37;2771;30;6.954024;0;0;0;0;789;0;10.73;0;0;1;19;17;6;0;0;0;0;0;0;0;36;91;2
47529;728;2021;Portero;2;0;0;0.0;0;0;0;0;0;0;0.0;0;0;0;0;0;0;0;0;0;0;0;0;0;0;0;0
47533;728;2021;Defensa;36;3240;36;6.983333;2;2;19;6;1712;7;38.67;40;19;30;263;176;14;26;5;5;17;8;0;0;0;0;0
47541;728;2021;Mediocentro;35;2698;32;6.951594;1;2;25;5;1465;27;34.63;88;6;34;483;247;56;60;63;47;64;12;1;0;0;0;0
47543;728;2021;Mediocentro;36;3005;34;7.032446;7;4;56;24;825;44;16.03;42;3;41;207;95;25;23;51;23;27;6;0;0;0;0;0
47548;728;2021;Mediocentro;4;0;0;0.0;0;0;0;0;0;0;0.0;0;0;0;0;0;0;0;0;0;0;0;0;0;0;0;0
47549;728;2021;Mediocentro;16;68;0;6.726471;0;0;2;0;49;3;2.81;2;0;0;13;4;2;3;2;0;1;0;0;0;0;0;0
47550;728;2021;Defensa;37;732;8;6.610383;0;0;6;3;330;1;6.95;9;4;7;85;47;5;17;6;4;6;2;0;0;0;0;0
47553;728;2021;Delantero;38;880;6;6.7375;1;2;31;8;241;15;4.84;6;0;3;134;59;16;12;48;29;12;2;0;0;0;0;0
47556;728;2021;Delantero;5;0;0;0.0;0;0;0;0;0;0;0.0;0;0;0;0;0;0;0;0;0;0;0;0;0;0;0;0
47557;728;2021;Mediocentro;33;2023;24;7.043697;3;9;15;9;916;60;22.82;42;1;13;445;216;68;59;126;81;35;13;0;3;0;0;0
107207;728;2021;Defensa;35;426;5;6.56385;1;0;3;1;148;3;2.89;10;0;4;38;18;4;4;6;2;4;3;0;0;0;0;0
122657;728;2021;Mediocentro;35;1476;16;6.668564;3;0;27;8;393;14;7.54;24;1;8;287;125;24;41;30;16;11;3;0;0;0;0;0
131546;728;2021;Mediocentro;35;2298;27;6.804917;2;4;38;13;812;34;17.23;42;3;13;438;193;69;32;81;36;41;7;0;0;0;0;0
162135;728;2021;Defensa;5;0;0;0.0;0;0;0;0;0;0;0.0;0;0;0;0;0;0;0;0;0;0;0;0;0;0;0;0
184605;728;2021;Delantero;1;8;0;6.3;0;0;0;0;2;0;2.0;0;0;0;0;0;0;0;0;0;0;0;0;0;0;0;0
184609;728;2021;Defensa;3;0;0;0.0;0;0;0;0;0;0;0.0;0;0;0;0;0;0;0;0;0;0;0;0;0;0;0;0
201007;728;2021;Portero;1;0;0;0.0;0;0;0;0;0;0;0.0;0;0;0;0;0;0;0;0;0;0;0;0;0;0;0;0
290495;728;2021;Delantero;4;11;0;6.090909;0;0;1;1;7;1;1.5;0;0;0;1;1;0;0;0;0;0;0;0;0;0;0;0
414;797;2021;Mediocentro;34;2518;30;6.816839;0;0;7;1;1226;7;30.79;46;14;48;247;121;22;37;15;11;36;6;0;0;0;0;0
608;797;2021;Delantero;24;1723;22;6.972664;7;3;35;16;414;22;12.67;27;1;2;370;155;40;39;88;57;15;3;0;0;0;0;0
612;797;2021;Delantero;13;662;5;6.58429;1;0;9;5;157;7;9.38;5;0;1;123;47;11;14;25;14;7;1;1;0;0;0;0
781;797;2021;Mediocentro;26;528;6;6.738258;0;0;5;2;269;11;8.04;7;1;4;62;23;5;7;14;8;9;2;1;0;0;0;0
1560;797;2021;Defensa;33;1028;12;6.594844;0;0;1;0;428;2;10.7;21;3;17;72;46;17;19;1;0;6;5;0;0;0;0;0
1983;797;2021;Defensa;34;2555;29;6.773503;1;0;8;3;1152;3;27.91;36;27;28;188;109;7;37;10;5;9;10;0;0;0;0;0
2474;797;2021;Mediocentro;33;832;10;6.757332;0;0;1;0;430;0;10.76;25;3;12;76;45;4;11;12;10;12;5;0;0;0;0;0
2478;797;2021;Delantero;17;590;6;6.753729;2;1;16;7;104;4;4.18;5;0;1;63;31;6;3;18;10;3;1;0;0;0;0;0
2486;797;2021;Defensa;31;1938;22;6.897059;0;0;1;0;727;7;18.45;70;8;18;236;151;30;28;34;26;18;6;0;0;0;0;0
18833;797;2021;Delantero;18;1277;16;6.683477;2;1;12;5;330;12;14.44;4;0;3;67;26;15;5;12;5;7;0;0;0;0;0;0
19112;797;2021;Portero;34;1260;14;6.935714;0;0;0;0;407;1;7.41;0;0;1;6;5;1;0;0;0;1;3;0;0;17;43;0
46812;797;2021;Portero;12;0;0;0.0;0;0;0;0;0;0;0.0;0;0;0;0;0;0;0;0;0;0;0;0;0;0;0;0
46817;797;2021;Defensa;36;1806;19;6.673533;0;0;2;1;718;2;16.5;25;13;19;115;56;3;25;1;1;7;3;1;0;0;0;0
46961;797;2021;Portero;38;2166;24;6.901939;0;0;0;0;721;0;12.05;0;0;0;12;9;1;0;0;0;0;2;0;0;35;79;1
46965;797;2021;Defensa;31;1401;16;6.790364;0;0;3;0;706;0;19.16;19;14;13;113;61;14;23;0;0;8;11;0;0;0;0;0
46973;797;2021;Mediocentro;38;1210;10;6.689917;2;3;8;5;380;18;7.87;36;4;10;179;96;30;14;46;27;18;2;0;0;0;0;0
47002;797;2021;Mediocentro;34;2278;29;6.81914;5;6;13;8;974;40;22.59;44;1;7;280;123;29;27;75;44;43;9;0;1;0;0;0
47057;797;2021;Mediocentro;36;1630;17;6.678589;0;0;15;5;777;12;18.22;25;3;24;156;79;34;16;21;11;20;4;1;0;0;0;0
47182;797;2021;Mediocentro;37;1634;18;6.700612;3;3;21;8;496;16;9.97;21;1;12;215;95;22;32;63;30;21;4;0;0;0;0;0
47222;797;2021;Defensa;18;181;1;6.446961;0;0;0;0;46;1;1.72;3;1;0;20;10;4;3;0;0;2;0;0;0;0;0;0
47340;797;2021;Delantero;31;314;3;6.828344;0;0;3;2;97;4;2.39;9;1;2;52;26;8;8;5;2;5;0;0;0;0;0;0
47378;797;2021;Defensa;24;1561;19;6.945163;1;0;9;3;925;5;33.5;24;16;17;113;71;11;16;6;2;11;6;0;0;0;0;0
47398;797;2021;Delantero;37;1663;17;6.728623;8;3;23;14;489;12;9.57;20;1;5;261;118;50;17;33;16;36;5;0;0;0;0;0
47414;797;2021;Mediocentro;33;1896;20;6.851424;0;4;12;3;962;29;24.52;46;4;23;202;90;22;50;12;7;29;8;1;0;0;0;0
47421;797;2021;Delantero;35;1161;11;6.724462;2;0;21;10;295;6;5.91;7;2;1;242;120;25;33;14;8;10;3;0;0;0;0;0
47433;797;2021;Defensa;15;301;3;7.245847;1;0;2;1;160;6;8.6;5;1;4;20;12;4;3;2;2;0;1;0;0;0;0;0
64268;797;2021;Defensa;34;2863;32;6.86832;2;5;12;3;1384;29;31.53;47;3;25;279;156;50;32;72;31;8;4;1;0;0;0;0
107153;797;2021;Mediocentro;16;524;5;6.566031;2;0;8;5;236;6;11.06;8;1;3;91;37;6;17;14;9;10;1;0;0;0;0;0
122888;797;2021;Portero;16;0;0;0.0;0;0;0;0;0;0;0.0;0;0;0;0;0;0;0;0;0;0;0;0;0;0;0;0
129656;797;2021;Mediocentro;2;0;0;0.0;0;0;0;0;0;0;0.0;0;0;0;0;0;0;0;0;0;0;0;0;0;0;0;0
162928;797;2021;Defensa;1;0;0;0.0;0;0;0;0;0;0;0.0;0;0;0;0;0;0;0;0;0;0;0;0;0;0;0;0
163208;797;2021;Defensa;3;0;0;0.0;0;0;0;0;0;0;0.0;0;0;0;0;0;0;0;0;0;0;0;0;0;0;0;0
184345;797;2021;Delantero;8;0;0;0.0;0;0;0;0;0;0;0.0;0;0;0;0;0;0;0;0;0;0;0;0;0;0;0;0
189866;797;2021;Defensa;12;180;2;7.35;0;0;1;1;84;2;6.17;7;3;3;19;10;0;2;1;1;3;0;0;0;0;0;0
208670;797;2021;Delantero;4;0;0;0.0;0;0;0;0;0;0;0.0;0;0;0;0;0;0;0;0;0;0;0;0;0;0;0;0
295879;797;2021;Mediocentro;2;0;0;0.0;0;0;0;0;0;0;0.0;0;0;0;0;0;0;0;0;0;0;0;0;0;0;0;0
311745;797;2021;Delantero;2;0;0;0.0;0;0;0;0;0;0;0.0;0;0;0;0;0;0;0;0;0;0;0;0;0;0;0;0
364416;797;2021;Portero;1;0;0;0.0;0;0;0;0;0;0;0.0;0;0;0;0;0;0;0;0;0;0;0;0;0;0;0;0
58;798;2021;Delantero;3;0;0;0.0;0;0;0;0;0;0;0.0;0;0;0;0;0;0;0;0;0;0;0;0;0;0;0;0
122;798;2021;Mediocentro;21;444;5;6.555405;0;0;4;0;76;3;2.33;8;1;3;68;34;9;6;15;7;4;2;0;0;0;0;0
927;798;2021;Mediocentro;33;1420;15;6.660282;1;2;26;15;500;22;11.91;13;1;5;243;103;36;23;61;38;24;3;1;0;0;0;0
1484;798;2021;Mediocentro;36;1219;12;6.772847;0;0;3;1;510;3;11.83;32;10;10;173;92;18;28;15;10;15;5;1;0;0;0;0
1687;798;2021;Defensa;31;1858;21;6.972121;0;4;6;2;727;20;17.71;35;7;23;164;95;26;21;14;9;8;5;1;0;0;0;0
2208;798;2021;Mediocentro;10;70;0;6.59;1;0;1;1;39;1;2.9;0;1;0;7;1;0;2;1;0;0;1;0;0;0;0;0
2610;798;2021;Defensa;17;369;3;6.704607;1;0;3;1;149;6;6.59;9;2;4;41;21;3;3;4;3;2;1;0;0;0;0;0
19014;798;2021;Portero;18;1260;14;6.4;0;0;0;0;308;1;10.72;0;0;0;3;2;0;0;0;0;0;0;0;0;29;30;1
26302;798;2021;Defensa;35;2959;35;6.846063;1;3;22;7;915;29;18.46;84;13;45;453;250;59;32;79;49;30;10;0;0;0;0;0
32862;798;2021;Mediocentro;29;1612;17;6.96799;1;0;35;8;442;32;11.41;31;3;8;224;129;47;16;63;40;14;4;0;0;0;0;0
40419;798;2021;Defensa;22;406;3;6.525369;0;0;0;0;176;2;6.5;5;4;5;35;19;6;9;0;0;2;5;1;0;0;0;0
46711;798;2021;Mediocentro;18;115;1;6.437391;0;0;0;0;53;1;2.56;4;0;0;20;11;5;2;3;1;2;1;0;0;0;0;0
46729;798;2021;Portero;36;1897;21;6.761307;0;0;0;0;574;0;9.58;0;0;1;11;10;5;0;0;0;0;5;1;0;26;52;1
46733;798;2021;Defensa;17;1530;17;6.835294;2;0;6;4;615;0;30.94;16;14;18;107;58;14;20;1;0;1;8;0;0;0;0;0
46736;798;2021;Defensa;31;1485;17;6.671919;1;0;5;2;640;1;15.77;19;9;28;143;64;11;26;6;5;18;7;2;0;0;0;0
46737;798;2021;Defensa;17;268;2;6.299627;0;0;1;0;79;0;3.47;6;0;2;29;19;6;3;5;3;1;1;0;0;0;0;0
46738;798;2021;Defensa;37;3189;36;6.750016;0;0;3;1;1359;6;29.81;30;26;32;174;100;8;26;6;4;11;4;0;0;0;0;0
46739;798;2021;Mediocentro;31;1943;23;6.913948;1;1;17;8;766;10;19.71;57;5;25;281;158;38;42;31;22;18;9;0;0;0;0;0
46742;798;2021;Mediocentro;37;2846;33;6.777266;3;3;24;10;886;43;18.84;53;3;20;493;221;69;65;100;60;31;7;0;0;0;0;0
46743;798;2021;Mediocentro;34;1512;17;7.044907;5;3;18;8;942;26;23.29;18;6;13;71;33;9;15;6;4;11;2;0;4;0;0;0
46749;798;2021;Delantero;13;179;1;6.47095;0;0;5;1;40;0;2.0;3;0;2;45;17;7;5;8;3;2;0;0;0;0;0;0
46751;798;2021;Delantero;38;660;6;6.712576;3;0;14;6;154;10;2.74;2;0;1;122;55;15;9;11;7;4;4;0;0;0;0;0
46764;798;2021;Defensa;36;2199;24;6.809823;1;0;16;8;757;19;14.36;33;7;28;155;68;7;31;10;7;11;7;0;0;0;0;0
47007;798;2021;Mediocentro;22;1404;17;6.97735;0;0;6;3;741;11;27.82;40;2;20;193;117;33;25;35;26;16;4;0;0;0;0;0
47266;798;2021;Delantero;33;1562;19;6.646479;4;2;25;11;251;13;5.58;15;1;3;179;69;23;37;23;13;17;4;0;0;0;0;0
50048;798;2021;Delantero;16;1439;16;7.212231;5;3;37;18;449;14;15.25;6;0;6;301;148;16;27;23;11;6;6;0;2;0;0;0
61142;798;2021;Portero;14;90;1;6.2;0;0;0;0;25;0;1.0;0;0;0;0;0;0;0;0;0;0;0;0;0;3;3;0
104793;798;2021;Mediocentro;23;883;9;6.564553;0;1;8;4;191;6;6.74;21;0;7;143;59;18;19;31;15;10;5;0;0;0;0;0
107194;798;2021;Mediocentro;35;1629;19;6.633026;1;0;12;4;649;9;14.71;53;2;31;222;107;27;40;33;16;30;3;0;0;0;0;0
179139;798;2021;Portero;15;180;2;6.85;0;0;0;0;60;0;2.67;0;0;0;1;1;0;0;1;1;0;0;0;0;5;10;0
184277;798;2021;Delantero;35;886;9;6.836117;2;0;20;13;213;9;4.14;10;2;3;182;84;19;18;16;9;10;2;0;0;0;0;0
185715;798;2021;Defensa;18;59;1;5.3;0;0;0;0;28;0;1.28;0;0;1;0;0;0;0;0;0;0;0;0;0;0;0;0
185890;798;2021;Mediocentro;1;0;0;0.0;0;0;0;0;0;0;0.0;0;0;0;0;0;0;0;0;0;0;0;0;0;0;0;0
188617;798;2021;Delantero;2;0;0;0.0;0;0;0;0;0;0;0.0;0;0;0;0;0;0;0;0;0;0;0;0;0;0;0;0
203014;798;2021;Delantero;25;128;1;6.314844;0;1;1;0;34;3;0.96;1;0;0;28;4;1;4;3;0;3;0;0;0;0;0;0
208055;798;2021;Defensa;1;0;0;0.0;0;0;0;0;0;0;0.0;0;0;0;0;0;0;0;0;0;0;0;0;0;0;0;0
237252;798;2021;Portero;3;0;0;0.0;0;0;0;0;0;0;0.0;0;0;0;0;0;0;0;0;0;0;0;0;0;0;0;0
288220;798;2021;Defensa;2;0;0;0.0;0;0;0;0;0;0;0.0;0;0;0;0;0;0;0;0;0;0;0;0;0;0;0;0
293604;798;2021;Mediocentro;21;142;1;6.709859;0;0;2;2;58;3;2.24;3;0;0;13;8;0;0;6;4;1;0;0;0;0;0;0
349561;798;2021;Portero;3;0;0;0.0;0;0;0;0;0;0;0.0;0;0;0;0;0;0;0;0;0;0;0;0;0;0;0;0
350073;798;2021;Defensa;2;0;0;0.0;0;0;0;0;0;0;0.0;0;0;0;0;0;0;0;0;0;0;0;0;0;0;0;0
126;529;2022;Portero;38;72;0;6.2;0;0;0;0;22;0;0.53;0;0;0;0;0;0;0;0;0;0;0;0;0;2;2;0
127;529;2022;Portero;38;3348;38;7.183871;0;0;0;0;1227;3;26.58;0;0;1;9;7;2;0;0;0;0;0;0;0;18;84;0
128;529;2022;Defensa;36;1419;14;7.33735;2;3;8;4;1227;39;29.5;27;5;12;96;44;4;11;9;5;15;6;1;0;0;0;0
136;529;2022;Defensa;14;383;4;7.348564;0;0;3;0;383;1;25.21;5;1;2;42;28;2;7;1;1;0;3;1;0;0;0;0
137;529;2022;Defensa;29;1310;15;7.042137;4;1;14;6;833;10;26.66;22;7;11;94;46;12;19;9;5;11;3;0;0;0;0;0
144;529;2022;Mediocentro;34;2347;28;7.296804;0;4;5;2;1934;25;50.44;60;6;27;286;164;40;31;14;11;18;8;1;0;0;0;0
153;529;2022;Delantero;25;1414;16;7.337553;5;7;36;17;734;42;24.48;18;1;0;194;86;19;16;98;45;10;4;0;0;0;0;0
521;529;2022;Delantero;34;2852;33;7.358661;23;7;112;58;763;38;17.53;17;0;2;308;145;46;39;58;30;6;4;1;0;0;0;0
538;529;2022;Mediocentro;34;2537;29;7.312416;2;4;16;11;2254;46;60.62;46;1;35;259;145;34;33;54;33;23;3;0;0;0;0;0
619;529;2022;Defensa;38;1426;15;6.979102;1;0;4;1;1240;1;29.63;24;10;18;102;57;8;18;4;2;11;3;0;0;0;0;0
667;529;2022;Delantero;8;116;2;7.101724;1;0;5;3;62;3;6.5;2;0;0;18;7;2;2;5;2;0;0;0;0;0;0;0
872;529;2022;Mediocentro;4;0;0;0.0;0;0;0;0;0;0;0.0;0;0;0;0;0;0;0;0;0;0;0;0;0;0;0;0
931;529;2022;Delantero;36;1402;14;7.006348;4;2;29;12;505;26;11.42;13;2;2;169;79;25;17;58;30;12;5;1;0;0;0;0
1257;529;2022;Defensa;31;2428;28;7.131137;1;3;11;2;1852;16;53.13;37;9;19;187;108;12;22;25;16;9;2;0;0;0;0;0
1439;529;2022;Defensa;11;141;1;7.129078;0;0;0;0;80;1;5.82;2;0;3;12;8;0;2;4;3;1;0;0;0;0;0;0
1465;529;2022;Delantero;3;8;0;6.6;0;0;1;1;3;0;1.0;0;0;0;0;0;0;0;0;0;0;0;0;0;0;0;0
1496;529;2022;Delantero;37;2084;25;7.428551;7;7;58;25;1044;58;22.49;29;1;13;249;124;37;22;96;44;19;9;0;0;0;0;0
1642;529;2022;Mediocentro;35;993;7;6.726284;1;1;9;3;445;8;11.03;15;2;12;96;46;16;17;14;8;10;4;0;0;0;0;0
2278;529;2022;Defensa;34;1170;11;7.075043;1;0;5;2;966;6;25.82;15;10;9;75;51;8;10;2;2;3;3;0;0;0;0;0
2282;529;2022;Defensa;27;1770;22;7.09904;1;1;9;5;1494;7;52.04;21;12;20;116;70;7;18;2;0;6;2;0;0;0;0;0
101814;529;2022;Defensa;24;1804;21;7.108426;0;2;15;1;1253;6;46.46;26;7;11;151;97;17;16;12;9;3;6;1;0;0;0;0
133609;529;2022;Mediocentro;26;1981;22;7.353155;6;1;18;9;1403;42;47.27;39;0;13;211;114;43;8;52;29;31;2;0;0;0;0;0
135775;529;2022;Delantero;37;1390;12;6.893309;7;3;45;18;593;17;13.57;16;0;5;152;58;13;18;44;22;14;3;0;0;0;0;0
161928;529;2022;Defensa;37;2479;30;6.99403;1;6;13;4;1410;22;34.7;43;3;13;258;138;29;27;83;47;17;4;0;0;0;0;0
162473;529;2022;Portero;36;0;0;0.0;0;0;0;0;0;0;0.0;0;0;0;0;0;0;0;0;0;0;1;0;0;0;0;0
278898;529;2022;Defensa;4;1;0;0.0;0;0;0;0;1;0;0.25;0;0;0;0;0;0;0;0;0;0;0;0;0;0;0;0
285909;529;2022;Mediocentro;31;144;1;6.772917;0;0;1;0;88;4;2.42;2;0;2;22;9;3;4;5;3;2;0;0;0;0;0;0
294797;529;2022;Mediocentro;14;27;0;5.340741;0;0;1;1;7;0;0.36;0;0;0;6;1;1;2;0;0;2;0;0;0;0;0;0
296667;529;2022;Mediocentro;36;2542;30;6.912431;2;4;16;8;1157;38;28.14;48;5;19;384;185;72;74;52;25;35;10;0;0;0;0;0
329728;529;2022;Mediocentro;8;0;0;0.0;0;0;0;0;0;0;0.0;0;0;0;0;0;0;0;0;0;0;0;0;0;0;0;0
336555;529;2022;Delantero;3;0;0;0.0;0;0;0;0;0;0;0.0;0;0;0;0;0;0;0;0;0;0;0;0;0;0;0;0
336557;529;2022;Mediocentro;3;9;0;6.6;0;0;0;0;2;0;0.67;2;0;0;3;2;0;0;1;0;0;0;0;0;0;0;0
336653;529;2022;Portero;2;0;0;0.0;0;0;0;0;0;0;0.0;0;0;0;0;0;0;0;0;0;0;0;0;0;0;0;0
348539;529;2022;Mediocentro;1;0;0;0.0;0;0;0;0;0;0;0.0;0;0;0;0;0;0;0;0;0;0;0;0;0;0;0;0
371912;529;2022;Delantero;1;0;0;0.0;0;0;0;0;0;0;0.0;0;0;0;0;0;0;0;0;0;0;0;0;0;0;0;0
386828;529;2022;Delantero;4;11;0;6.3;0;0;1;1;8;0;2.0;0;0;0;3;0;0;0;2;0;0;0;0;0;0;0;0
392270;529;2022;Delantero;1;0;0;0.0;0;0;0;0;0;0;0.0;0;0;0;0;0;0;0;0;0;0;0;0;0;0;0;0
396630;529;2022;Mediocentro;1;0;0;0.0;0;0;0;0;0;0;0.0;0;0;0;0;0;0;0;0;0;0;0;0;0;0;0;0
20;530;2022;Defensa;37;2266;25;6.803133;0;0;5;0;1324;4;33.14;36;11;25;168;97;15;20;6;5;14;2;1;0;0;0;0
29;530;2022;Portero;28;2493;28;6.930445;0;0;0;0;699;0;15.21;0;0;0;6;6;3;0;1;1;0;1;0;0;20;61;0
31;530;2022;Defensa;31;2427;26;7.182901;2;1;19;8;1326;7;38.0;45;17;23;165;108;8;19;10;6;10;9;0;0;0;0;0
39;530;2022;Defensa;23;1946;22;6.853135;0;0;2;1;1128;1;43.17;39;8;33;183;106;8;31;3;3;13;5;2;0;0;0;0
45;530;2022;Mediocentro;29;1263;17;6.857799;1;3;10;6;758;27;23.1;30;3;7;137;72;17;7;35;20;17;1;0;0;0;0;0
48;530;2022;Mediocentro;37;1107;11;7.015628;3;1;14;9;484;6;10.57;43;5;15;180;99;5;34;14;12;15;8;0;0;0;0;0
50;530;2022;Mediocentro;34;2560;30;6.914141;0;3;7;1;1998;28;52.26;55;13;19;209;106;27;20;21;13;43;4;0;0;0;0;0
53;530;2022;Delantero;36;1463;13;6.940943;9;1;27;18;491;23;11.08;13;0;10;166;59;20;19;54;21;10;2;1;0;0;0;0
56;530;2022;Delantero;38;2864;31;7.821264;15;16;88;45;1456;85;31.61;48;3;23;325;164;41;22;75;47;44;2;0;0;0;0;0
59;530;2022;Delantero;37;1912;23;6.943044;13;2;62;33;412;17;7.22;17;3;0;267;146;56;39;37;20;5;4;0;0;0;0;0
371;530;2022;Defensa;14;193;2;6.966321;0;0;1;0;130;1;8.57;3;2;0;26;13;3;4;2;1;2;0;0;0;0;0;0
583;530;2022;Delantero;15;649;7;6.990909;4;3;19;12;216;10;11.2;10;0;3;100;46;23;16;21;6;5;5;0;0;0;0;0
667;530;2022;Delantero;10;283;3;6.843816;4;0;10;5;83;5;6.6;1;0;0;35;12;6;2;10;4;1;1;0;0;0;0;0
739;530;2022;Defensa;21;303;2;6.626073;0;0;3;1;123;7;4.81;7;0;2;39;24;6;4;4;3;2;3;1;0;0;0;0
753;530;2022;Mediocentro;24;1710;21;7.04117;1;2;17;10;716;30;25.62;32;2;17;152;67;13;30;25;12;13;5;0;0;0;0;0
926;530;2022;Mediocentro;34;1006;10;6.972763;0;2;11;0;633;5;16.62;40;1;27;123;76;19;17;7;5;8;5;0;0;0;0;0
1165;530;2022;Delantero;13;379;2;6.762533;0;2;11;8;79;6;4.77;4;1;2;49;19;6;7;7;6;3;2;0;0;0;0;0
2472;530;2022;Mediocentro;33;1946;24;7.278983;2;7;18;5;1347;48;34.42;36;3;7;187;108;49;33;27;17;16;5;0;0;0;0;0
2669;530;2022;Defensa;36;2120;24;6.950377;3;2;10;5;1404;14;34.17;21;9;19;173;84;13;27;21;14;20;7;2;0;0;0;0
2923;530;2022;Mediocentro;36;2329;26;6.899442;7;3;41;22;913;47;21.47;34;1;12;266;118;21;24;110;58;31;2;0;1;0;0;0
6503;530;2022;Defensa;34;2878;33;6.849097;4;2;14;6;1508;38;35.21;69;7;17;267;128;16;22;44;21;51;7;1;0;0;0;0
10122;530;2022;Defensa;2;0;0;0.0;0;0;0;0;0;0;0.0;0;0;0;0;0;0;0;0;0;0;0;0;0;0;0;0
14382;530;2022;Portero;38;937;10;6.973426;0;0;0;0;279;0;4.5;0;0;0;7;5;1;1;0;0;0;3;0;0;12;36;0
18742;530;2022;Defensa;19;16;0;4.725;0;0;0;0;8;0;0.26;0;0;0;1;0;0;1;0;0;0;0;0;0;0;0;0
22225;530;2022;Defensa;23;1861;22;7.049758;0;0;3;1;953;9;36.09;66;12;29;213;130;30;32;17;5;11;4;0;0;0;0;0
162138;530;2022;Defensa;16;0;0;0.0;0;0;0;0;0;0;0.0;0;0;0;0;0;0;0;0;0;0;0;0;0;0;0;0
208670;530;2022;Delantero;1;0;0;0.0;0;0;0;0;0;0;0.0;0;0;0;0;0;0;0;0;0;0;0;0;0;0;0;0
287177;530;2022;Defensa;2;0;0;0.0;0;0;0;0;0;0;0.0;0;0;0;0;0;0;0;0;0;0;0;0;0;0;0;0
313548;530;2022;Mediocentro;3;0;0;0.0;0;0;0;0;0;0;0.0;0;0;0;0;0;0;0;0;0;0;0;0;0;0;0;0
315604;530;2022;Portero;8;0;0;0.0;0;0;0;0;0;0;0.0;0;0;0;0;0;0;0;0;0;0;0;0;0;0;0;0
324750;530;2022;Delantero;12;29;0;6.413793;0;0;1;1;9;0;0.5;2;0;1;5;2;0;2;0;0;1;1;0;0;0;0;0
333379;530;2022;Portero;23;11;0;6.3;0;0;0;0;3;0;0.0;0;0;0;0;0;0;0;0;0;0;0;0;0;1;0;0
336587;530;2022;Delantero;1;0;0;0.0;0;0;0;0;0;0;0.0;0;0;0;0;0;0;0;0;0;0;0;0;0;0;0;0
336590;530;2022;Mediocentro;1;0;0;0.0;0;0;0;0;0;0;0.0;0;0;0;0;0;0;0;0;0;0;0;0;0;0;0;0
336594;530;2022;Mediocentro;26;716;6;6.636034;0;1;9;3;437;4;14.0;19;2;9;96;52;12;7;27;15;7;4;0;0;0;0;0
336681;530;2022;Defensa;10;0;0;0.0;0;0;0;0;0;0;0.0;0;0;0;0;0;0;0;0;0;0;0;0;0;0;0;0
338508;530;2022;Defensa;1;0;0;0.0;0;0;0;0;0;0;0.0;0;0;0;0;0;0;0;0;0;0;0;0;0;0;0;0
386849;530;2022;Delantero;1;0;0;0.0;0;0;0;0;0;0;0.0;0;0;0;0;0;0;0;0;0;0;0;0;0;0;0;0
386872;530;2022;Portero;2;0;0;0.0;0;0;0;0;0;0;0.0;0;0;0;0;0;0;0;0;0;0;0;0;0;0;0;0
898;531;2022;Mediocentro;22;703;9;6.742532;0;1;7;1;447;11;17.09;18;3;10;91;41;11;21;9;5;12;4;1;0;0;0;0
2670;531;2022;Defensa;19;1339;15;7.047872;1;0;5;2;764;5;32.89;18;10;18;91;54;10;13;0;0;3;1;0;0;0;0;0
2672;531;2022;Mediocentro;32;1696;19;7.113502;0;3;20;7;981;47;26.44;21;1;4;203;124;62;13;53;38;10;2;0;0;0;0;0
30510;531;2022;Mediocentro;38;2305;26;6.986725;4;1;44;19;767;52;15.13;57;4;10;361;153;25;48;80;36;36;2;0;0;0;0;0
47270;531;2022;Portero;35;2745;31;6.813115;0;0;0;0;794;0;15.49;2;0;0;3;3;1;0;0;0;0;2;0;0;37;70;0
47271;531;2022;Defensa;30;2337;27;6.999957;1;1;5;1;1377;14;37.2;33;13;48;184;115;22;22;6;5;7;7;1;0;0;0;0
47272;531;2022;Defensa;30;116;1;6.366379;0;0;0;0;54;0;1.33;4;0;1;8;4;0;3;0;0;0;0;0;0;0;0;0
47273;531;2022;Defensa;30;2405;27;7.008815;1;1;17;8;1241;21;34.87;57;13;39;257;152;33;31;26;11;23;9;1;0;0;0;0
47274;531;2022;Defensa;34;118;1;6.312712;0;0;0;0;64;1;1.59;2;0;0;19;8;0;4;3;2;4;1;0;0;0;0;0
47275;531;2022;Defensa;37;2824;32;6.878789;1;6;3;2;1452;38;30.97;67;6;29;251;118;16;43;27;10;36;7;0;0;0;0;0
47276;531;2022;Defensa;31;1321;14;6.813702;0;1;7;1;643;13;16.81;24;2;13;100;58;6;15;20;11;7;1;0;0;0;0;0
47278;531;2022;Defensa;33;2385;26;6.894465;1;0;9;2;1424;6;35.15;57;14;24;242;121;21;39;9;3;8;8;1;0;0;0;0
47281;531;2022;Mediocentro;31;1502;18;6.817976;0;2;8;0;709;10;18.35;45;6;19;150;81;14;33;2;2;17;6;0;0;0;0;0
47282;531;2022;Mediocentro;38;964;6;6.817116;2;3;32;14;297;8;5.05;12;1;6;148;75;19;14;10;5;8;4;0;0;0;0;0
47286;531;2022;Defensa;2;0;0;0.0;0;0;0;0;0;0;0.0;0;0;0;0;0;0;0;0;0;0;0;0;0;0;0;0
47291;531;2022;Delantero;38;1433;17;6.854571;6;1;36;19;383;14;7.39;23;2;4;196;76;14;28;19;10;13;2;0;0;0;0;0
47294;531;2022;Delantero;36;2850;34;6.895789;10;3;66;35;710;38;14.03;22;3;7;302;130;31;31;94;45;15;2;0;1;0;0;0
47418;531;2022;Mediocentro;36;2581;28;6.914878;3;3;21;6;1485;20;34.78;58;8;36;310;153;21;43;17;9;44;5;0;2;0;0;0
104853;531;2022;Delantero;18;99;1;6.681818;0;0;4;1;18;2;0.61;0;0;0;9;3;1;3;0;0;0;0;0;0;0;0;0
128398;531;2022;Mediocentro;36;2555;32;6.845949;10;2;47;22;946;45;21.81;27;0;4;312;151;54;41;70;46;23;6;1;2;0;0;0
182560;531;2022;Mediocentro;37;842;6;6.677197;0;0;14;5;347;12;7.65;14;0;10;95;42;12;17;7;5;13;5;0;0;0;0;0
182563;531;2022;Delantero;19;83;0;6.093976;0;1;1;0;37;4;1.58;1;0;1;11;6;1;1;4;3;1;0;0;0;0;0;0
182639;531;2022;Mediocentro;37;190;0;6.47;0;0;3;2;121;2;2.89;3;0;1;29;7;2;12;2;1;5;2;0;0;0;0;0
182640;531;2022;Portero;15;0;0;0.0;0;0;0;0;0;0;0.0;0;0;0;0;0;0;0;0;0;0;0;0;0;0;0;0
183799;531;2022;Mediocentro;36;2674;32;6.7546;6;4;44;20;770;46;16.75;31;2;8;373;168;35;23;173;82;21;3;0;0;0;0;0
183848;531;2022;Portero;34;675;7;6.88;0;0;0;0;208;0;4.09;0;0;0;1;1;0;0;0;0;0;0;0;0;6;13;0
183849;531;2022;Defensa;38;858;9;6.714336;0;0;6;3;503;3;11.87;7;7;14;53;29;2;12;1;0;5;3;0;0;0;0;0
288525;531;2022;Delantero;15;93;0;6.834409;0;0;1;0;42;3;2.47;4;0;2;26;19;8;2;6;4;0;0;0;0;0;0;0
332308;531;2022;Mediocentro;8;0;0;0.0;0;0;0;0;0;0;0.0;0;0;0;0;0;0;0;0;0;0;0;0;0;0;0;0
384266;531;2022;Mediocentro;3;0;0;0.0;0;0;0;0;0;0;0.0;0;0;0;0;0;0;0;0;0;0;0;0;0;0;0;0
274;532;2022;Delantero;26;1459;20;6.790199;5;2;27;11;348;12;10.12;8;3;2;110;40;8;18;9;4;11;6;0;2;0;0;0
792;532;2022;Delantero;27;1450;15;6.844483;6;0;33;17;324;23;9.44;16;0;7;173;71;19;24;58;28;6;4;0;1;0;0;0
911;532;2022;Portero;12;0;0;0.0;0;0;0;0;0;0;0.0;0;0;0;0;0;0;0;0;0;0;0;0;0;0;0;0
913;532;2022;Portero;26;0;0;0.0;0;0;0;0;0;0;0.0;0;0;0;0;0;0;0;0;0;0;0;0;0;0;0;0
915;532;2022;Defensa;29;1520;18;6.847237;1;0;11;2;762;5;22.07;17;14;32;118;70;11;12;0;0;6;4;2;0;0;0;0
916;532;2022;Defensa;33;2448;28;6.907843;3;0;19;7;1183;5;29.45;29;17;21;170;96;13;23;10;6;7;7;1;0;0;0;0
918;532;2022;Defensa;32;2714;31;7.163744;1;3;19;9;1224;58;31.0;80;9;23;240;154;27;13;33;22;30;4;0;0;0;0;0
919;532;2022;Mediocentro;36;1646;19;6.814581;1;4;2;2;987;25;23.14;20;2;19;161;75;34;35;4;1;16;5;0;1;0;0;0
920;532;2022;Defensa;33;921;9;6.788599;1;0;6;1;406;15;10.21;23;1;6;88;43;9;12;9;7;12;1;0;0;0;0;0
930;532;2022;Mediocentro;3;243;3;6.92963;1;0;3;2;107;4;30.0;2;0;0;13;8;4;2;1;1;1;0;0;1;0;0;0
1482;532;2022;Defensa;27;2016;24;6.920685;0;0;3;0;1076;14;31.67;71;2;24;257;151;44;39;27;12;22;6;0;0;0;0;0
1641;532;2022;Delantero;29;1375;17;6.918618;4;0;24;11;522;30;15.24;21;2;9;236;91;40;32;56;23;32;7;0;0;0;0;0
2615;532;2022;Delantero;3;106;0;6.284906;0;0;1;0;14;2;3.0;0;0;0;18;5;3;4;2;0;0;0;0;0;0;0;0
24760;532;2022;Portero;38;3420;38;6.834211;0;0;0;0;940;0;14.82;0;0;1;14;11;3;1;0;0;0;3;0;0;45;105;0
41157;532;2022;Mediocentro;36;2549;29;6.993213;2;4;16;8;1251;42;29.42;66;0;20;335;164;40;31;75;44;31;3;0;0;0;0;0
46782;532;2022;Delantero;3;0;0;0.0;0;0;0;0;0;0;0.0;0;0;0;0;0;0;0;0;0;0;0;0;0;0;0;0
47087;532;2022;Mediocentro;3;0;0;0.0;0;0;0;0;0;0;0.0;0;0;0;0;0;0;0;0;0;0;0;0;0;0;0;0
47251;532;2022;Defensa;38;1738;17;6.633602;0;2;1;0;648;12;12.42;30;3;14;165;82;14;28;42;20;8;4;0;0;0;0;0
47264;532;2022;Delantero;35;1400;12;6.600286;1;1;28;10;274;11;5.77;15;1;2;201;85;35;20;10;2;9;5;0;0;0;0;0
47267;532;2022;Portero;26;0;0;0.0;0;0;0;0;0;0;0.0;0;0;0;0;0;0;0;0;0;0;0;0;0;0;0;0
48372;532;2022;Defensa;35;1675;19;6.945075;1;0;10;6;944;3;23.31;35;8;29;158;91;11;22;2;2;15;5;1;0;0;0;0
72048;532;2022;Defensa;36;1363;14;6.833382;0;0;7;2;763;4;17.83;27;2;12;145;95;10;7;10;10;5;1;0;0;0;0;0
122233;532;2022;Delantero;22;451;3;6.718182;1;0;14;2;63;4;1.95;4;1;0;68;35;12;9;13;9;1;2;1;0;0;0;0
126936;532;2022;Delantero;38;2896;33;6.923343;6;1;62;33;1054;27;22.29;67;0;18;417;196;60;35;103;52;42;4;0;0;0;0;0
161879;532;2022;Mediocentro;2;0;0;0.0;0;0;0;0;0;0;0.0;0;0;0;0;0;0;0;0;0;0;0;0;0;0;0;0
161933;532;2022;Mediocentro;26;1409;18;6.802058;1;1;9;3;772;12;25.96;27;7;19;179;94;13;33;33;27;17;1;0;0;0;0;0
162106;532;2022;Mediocentro;34;2137;26;6.666823;0;2;13;3;719;16;17.29;48;1;11;288;145;42;42;62;27;10;10;1;0;0;0;0
162123;532;2022;Mediocentro;29;1019;10;6.835623;0;2;15;5;493;12;13.76;35;1;4;193;104;33;32;20;11;10;6;2;0;0;0;0
162127;532;2022;Mediocentro;10;453;5;6.917439;3;1;10;8;137;10;9.6;3;0;3;65;25;7;6;17;9;13;0;0;0;0;0;0
162175;532;2022;Defensa;37;318;3;6.675472;0;0;4;1;127;3;2.95;13;0;1;52;26;5;4;15;6;5;1;0;0;0;0;0
162449;532;2022;Portero;2;0;0;0.0;0;0;0;0;0;0;0.0;0;0;0;0;0;0;0;0;0;0;0;0;0;0;0;0
162931;532;2022;Mediocentro;29;146;0;6.279452;0;0;0;0;65;0;1.93;1;0;0;29;9;3;4;8;5;3;2;0;0;0;0;0
163198;532;2022;Portero;2;0;0;0.0;0;0;0;0;0;0;0.0;0;0;0;0;0;0;0;0;0;0;0;0;0;0;0;0
274298;532;2022;Mediocentro;2;0;0;0.0;0;0;0;0;0;0;0.0;0;0;0;0;0;0;0;0;0;0;0;0;0;0;0;0
288074;532;2022;Delantero;11;85;0;6.498824;1;0;2;1;20;0;0.73;0;0;0;17;5;2;3;4;1;2;1;0;0;0;0;0
315699;532;2022;Mediocentro;17;608;6;6.482566;1;0;10;6;228;5;10.94;16;1;11;108;43;7;13;26;14;11;0;0;0;0;0;0
315701;532;2022;Defensa;4;0;0;0.0;0;0;0;0;0;0;0.0;0;0;0;0;0;0;0;0;0;0;0;0;0;0;0;0
333682;532;2022;Defensa;31;143;1;6.821678;0;0;2;0;47;0;1.29;4;0;1;11;8;1;0;0;0;1;0;0;0;0;0;0
364414;532;2022;Mediocentro;3;0;0;0.0;0;0;0;0;0;0;0.0;0;0;0;0;0;0;0;0;0;0;0;0;0;0;0;0
364415;532;2022;Mediocentro;1;0;0;0.0;0;0;0;0;0;0;0.0;0;0;0;0;0;0;0;0;0;0;0;0;0;0;0;0
83;533;2022;Delantero;12;491;6;6.790224;2;0;10;5;87;5;5.42;3;0;0;28;12;7;2;6;2;1;0;0;1;0;0;0
131;533;2022;Defensa;38;512;5;7.032812;0;0;3;0;380;1;8.74;9;8;6;39;25;1;4;0;0;3;1;0;0;0;0;0
166;533;2022;Defensa;27;1961;22;7.021469;1;0;11;4;1088;13;35.33;73;11;18;256;146;9;40;46;28;16;6;0;0;0;0;0
288;533;2022;Defensa;30;1305;14;6.70613;0;1;11;3;603;12;17.13;23;1;22;112;50;9;26;14;6;13;7;0;0;0;0;0
314;533;2022;Defensa;27;2119;24;6.962152;0;0;2;1;1469;2;48.26;26;13;14;134;81;13;17;7;4;3;6;0;0;0;0;0
924;533;2022;Mediocentro;17;748;9;6.699733;1;0;3;1;302;6;15.53;18;2;9;64;33;7;11;4;2;0;2;0;0;0;0;0
928;533;2022;Mediocentro;37;3289;37;7.253056;3;4;23;11;2409;50;59.03;71;12;29;326;189;75;30;36;27;42;6;0;2;0;0;0
1567;533;2022;Defensa;38;1465;16;6.909078;0;0;2;2;884;4;21.11;17;14;20;92;48;10;16;2;1;6;1;0;0;0;0;0
1578;533;2022;Mediocentro;23;1135;14;7.269163;2;3;17;7;652;31;24.52;32;2;6;152;87;31;15;37;22;9;3;0;0;0;0;0
1624;533;2022;Portero;34;1980;22;6.859091;0;0;0;0;742;0;16.88;0;0;1;6;5;1;0;1;1;1;2;0;0;27;61;0
1696;533;2022;Delantero;38;2352;27;7.023639;6;5;46;17;861;44;17.71;14;0;12;301;146;34;19;159;84;16;1;0;0;0;0;0
1701;533;2022;Mediocentro;16;163;2;6.588957;0;0;0;0;45;0;2.25;3;2;1;9;5;1;1;0;0;0;0;1;0;0;0;0
1702;533;2022;Defensa;28;1637;20;6.817899;0;3;18;10;607;18;17.68;35;1;18;170;83;15;20;53;21;10;5;0;0;0;0;0
1705;533;2022;Mediocentro;30;841;8;6.612485;0;1;6;2;528;10;15.73;20;2;4;89;38;10;13;5;2;13;2;1;0;0;0;0
1707;533;2022;Delantero;22;1236;14;7.081311;7;3;36;22;465;18;15.86;11;2;5;142;73;14;11;49;29;3;4;0;1;0;0;0
18794;533;2022;Defensa;29;1142;13;6.815324;0;0;1;0;646;9;19.93;18;6;20;70;41;8;6;10;6;4;0;0;0;0;0;0
18802;533;2022;Mediocentro;29;1958;22;6.930541;3;0;23;12;1030;10;31.41;21;5;19;196;117;41;18;52;30;7;4;0;0;0;0;0
20844;533;2022;Delantero;15;50;0;6.684;0;0;0;0;20;1;1.0;0;0;1;8;4;1;0;3;2;2;0;0;0;0;0;0
46731;533;2022;Defensa;1;0;0;0.0;0;0;0;0;0;0;0.0;0;0;0;0;0;0;0;0;0;0;0;0;0;0;0;0
46815;533;2022;Defensa;35;3055;34;7.062357;1;0;9;5;2163;14;52.74;43;27;14;236;145;17;20;33;26;12;10;0;0;0;0;0
47296;533;2022;Portero;15;1260;14;7.335714;0;0;0;0;473;0;26.4;0;0;1;4;4;1;0;0;0;0;1;0;0;10;46;0
47467;533;2022;Delantero;30;1220;11;6.786639;7;0;33;21;238;9;5.83;7;1;2;115;43;10;6;45;18;12;2;0;0;0;0;0
64268;533;2022;Defensa;35;655;5;6.688397;0;0;2;1;301;9;7.51;13;3;4;62;39;14;3;12;5;4;0;0;0;0;0;0
157988;533;2022;Defensa;1;0;0;0.0;0;0;0;0;0;0;0.0;0;0;0;0;0;0;0;0;0;0;0;0;0;0;0;0
169256;533;2022;Portero;17;0;0;0.0;0;0;0;0;0;0;0.0;0;0;0;0;0;0;0;0;0;0;0;0;0;0;0;0
181474;533;2022;Mediocentro;2;9;0;6.3;0;0;0;0;1;0;0.0;0;0;0;0;0;0;0;0;0;0;0;0;0;0;0;0
182219;533;2022;Mediocentro;35;1942;19;6.994284;6;2;44;23;826;31;19.26;30;3;7;283;112;56;58;49;25;28;13;1;0;0;0;0
182685;533;2022;Delantero;3;17;0;6.305882;0;0;0;0;5;0;1.33;0;0;0;0;0;0;0;0;0;0;0;0;0;0;0;0
184196;533;2022;Mediocentro;4;0;0;0.0;0;0;0;0;0;0;0.0;0;0;0;0;0;0;0;0;0;0;0;0;0;0;0;0
184226;533;2022;Mediocentro;37;2470;31;6.9283;4;5;38;19;808;44;17.38;62;4;16;391;187;53;65;82;48;33;7;0;0;0;0;0
184277;533;2022;Delantero;5;24;0;6.191667;0;0;1;0;5;0;1.0;0;0;0;3;0;0;1;1;0;0;0;0;0;0;0;0
184420;533;2022;Defensa;1;0;0;0.0;0;0;0;0;0;0;0.0;0;0;0;0;0;0;0;0;0;0;0;0;0;0;0;0
187987;533;2022;Mediocentro;18;824;11;6.912015;1;1;13;6;401;10;19.44;14;4;8;105;54;18;14;29;16;8;1;0;0;0;0;0
283058;533;2022;Delantero;29;1609;16;7.121504;12;4;37;23;318;22;8.38;14;2;2;189;75;26;32;34;23;6;6;1;0;0;0;0
286616;533;2022;Portero;26;180;2;6.45;0;0;0;0;46;0;1.54;0;0;0;1;0;0;0;0;0;1;0;0;0;3;3;0
290482;533;2022;Delantero;10;14;0;5.657143;1;0;1;1;8;0;0.5;0;0;0;3;0;0;1;2;0;0;0;0;0;0;0;0
317418;533;2022;Defensa;1;29;0;6.5;0;0;0;0;10;0;7.0;0;0;0;2;0;0;1;1;0;0;0;0;0;0;0;0
15;536;2022;Mediocentro;14;306;2;6.737908;0;0;3;1;158;2;9.86;4;2;4;29;18;5;4;0;0;2;3;0;0;0;0;0
149;536;2022;Mediocentro;36;1788;21;6.993568;1;3;24;9;1152;28;26.78;36;1;27;160;88;27;16;8;4;21;3;1;1;0;0;0
176;536;2022;Mediocentro;34;1845;20;6.714959;6;0;34;23;724;24;17.0;46;2;7;308;115;21;59;67;32;22;10;1;0;0;0;0
378;536;2022;Defensa;30;1447;15;6.836766;0;2;8;1;544;19;14.7;22;5;21;141;75;14;25;26;13;11;6;0;0;0;0;0
385;536;2022;Mediocentro;38;2154;27;6.812442;3;1;19;8;1020;38;21.92;39;5;11;251;105;45;30;31;15;39;2;0;0;0;0;0
389;536;2022;Mediocentro;13;110;1;6.406364;1;0;1;1;38;3;2.46;1;0;1;20;9;5;2;7;3;1;0;0;0;0;0;0
433;536;2022;Defensa;8;374;4;6.792513;0;0;0;0;216;0;23.38;2;3;6;26;17;6;5;1;1;0;2;0;0;0;0;0
452;536;2022;Mediocentro;24;1584;19;6.867866;0;1;3;0;861;9;31.88;34;10;24;120;66;9;17;4;3;11;3;1;0;0;0;0
550;536;2022;Delantero;11;198;2;6.757576;0;1;1;1;27;1;1.73;1;0;0;19;9;4;2;1;1;2;0;0;0;0;0;0
745;536;2022;Mediocentro;12;802;10;6.809227;0;2;4;1;393;17;28.42;15;0;10;127;65;34;11;20;11;6;5;0;0;0;0;0
1489;536;2022;Defensa;36;2777;31;6.959381;3;1;29;9;1588;5;39.97;44;30;34;177;114;21;26;5;3;11;8;0;0;0;0;0
1493;536;2022;Defensa;30;1913;21;7.121641;3;2;15;5;985;38;26.43;56;5;23;249;145;34;32;48;25;13;9;3;0;0;0;0
1650;536;2022;Mediocentro;34;1067;10;7.109278;2;4;21;10;478;28;12.29;16;1;2;127;64;19;13;38;25;11;1;0;0;0;0;0
1911;536;2022;Mediocentro;22;1162;11;6.75327;4;0;24;9;398;13;13.95;22;2;8;203;101;24;15;60;25;23;7;0;3;0;0;0
2054;536;2022;Defensa;36;1984;21;6.803579;0;0;7;3;1010;26;22.78;20;7;20;139;78;33;7;16;10;11;5;0;0;0;0;0
2060;536;2022;Delantero;2;0;0;0.0;0;0;0;0;0;0;0.0;0;0;0;0;0;0;0;0;0;0;0;0;0;0;0;0
2061;536;2022;Mediocentro;19;921;10;6.625407;2;2;10;4;308;8;13.37;22;0;8;140;66;21;18;37;19;13;4;0;0;0;0;0
2468;536;2022;Defensa;34;1529;17;6.662786;0;3;7;1;678;21;16.12;26;7;19;127;59;10;19;22;10;13;8;1;0;0;0;0
2701;536;2022;Portero;38;2152;25;6.696561;0;0;0;0;856;0;16.47;2;0;2;12;7;1;0;0;0;3;2;0;0;41;67;1
2813;536;2022;Portero;36;1268;13;7.001893;0;0;0;0;460;0;6.28;0;0;0;5;5;1;0;0;0;0;2;0;0;13;44;0
2924;536;2022;Mediocentro;14;46;1;6.456522;0;0;0;0;22;0;1.07;0;0;1;12;6;2;1;7;4;1;0;0;0;0;0;0
20696;536;2022;Mediocentro;16;1177;15;7.0452;1;3;17;5;532;10;27.88;37;5;22;185;104;34;30;20;14;17;6;3;0;0;0;0
25345;536;2022;Defensa;23;1184;15;6.705828;1;1;7;1;678;4;27.13;11;5;10;79;40;5;20;6;3;1;2;0;0;0;0;0
30433;536;2022;Mediocentro;23;1069;11;6.939102;1;1;19;7;479;14;18.43;6;1;5;93;46;22;6;29;15;8;4;0;0;0;0;0
47013;536;2022;Delantero;38;1301;16;6.664105;6;0;41;16;252;9;4.66;8;1;4;148;54;11;23;13;0;2;1;0;0;0;0;0
47389;536;2022;Mediocentro;27;1595;19;6.797806;0;1;9;3;1083;8;35.52;32;7;16;135;60;12;34;9;5;20;8;0;0;0;0;0
47422;536;2022;Delantero;37;1656;17;6.893478;8;1;51;23;234;10;4.16;16;2;4;222;90;11;10;20;4;9;4;0;0;0;0;0
119235;536;2022;Mediocentro;2;1;0;0.0;0;0;0;0;1;0;0.5;0;0;0;0;0;0;0;0;0;0;0;0;0;0;0;0
133110;536;2022;Defensa;27;1370;16;6.661606;1;0;4;1;771;1;25.15;19;5;16;107;75;14;13;12;10;3;1;1;0;0;0;0
161962;536;2022;Mediocentro;4;0;0;0.0;0;0;0;0;0;0;0.0;0;0;0;0;0;0;0;0;0;0;0;0;0;0;0;0
162531;536;2022;Mediocentro;2;0;0;0.0;0;0;0;0;0;0;0.0;0;0;0;0;0;0;0;0;0;0;0;0;0;0;0;0
174918;536;2022;Defensa;20;1448;16;7.109738;1;0;4;2;837;2;36.6;27;13;22;125;69;4;13;8;6;13;4;0;0;0;0;0
177587;536;2022;Portero;1;0;0;0.0;0;0;0;0;0;0;0.0;0;0;0;0;0;0;0;0;0;0;0;0;0;0;0;0
182770;536;2022;Mediocentro;8;9;0;6.3;0;0;0;0;4;0;0.5;1;0;0;2;1;0;1;0;0;0;1;0;0;0;0;0
192032;536;2022;Delantero;1;10;0;6.3;0;0;0;0;3;0;1.0;0;0;0;4;2;1;1;0;0;0;1;0;0;0;0;0
195923;536;2022;Defensa;15;528;5;6.930492;2;1;4;2;293;2;16.47;14;6;7;57;25;6;14;5;2;6;6;1;0;0;0;0
297311;536;2022;Defensa;16;380;4;6.861053;1;1;3;1;210;1;11.06;1;3;5;22;11;1;4;0;0;0;1;1;0;0;0;0
308346;536;2022;Portero;24;0;0;0.0;0;0;0;0;0;0;0.0;0;0;0;0;0;0;0;0;0;0;0;0;0;0;0;0
329729;536;2022;Defensa;1;0;0;0.0;0;0;0;0;0;0;0.0;0;0;0;0;0;0;0;0;0;0;0;0;0;0;0;0
331330;536;2022;Portero;12;0;0;0.0;0;0;0;0;0;0;0.0;0;0;0;0;0;0;0;0;0;0;0;0;0;0;0;0
331607;536;2022;Mediocentro;11;150;2;6.9;0;0;1;1;66;2;4.73;7;0;0;20;11;2;1;3;1;3;0;0;0;0;0;0
335037;536;2022;Defensa;3;45;1;6.0;0;0;0;0;10;0;2.0;1;0;0;8;3;1;2;0;0;2;1;0;0;0;0;0
570;538;2022;Mediocentro;37;1907;21;6.897535;0;4;15;6;712;27;14.95;77;1;36;274;151;42;27;44;20;32;2;1;0;0;0;0
582;538;2022;Delantero;19;899;10;6.763293;3;1;10;7;195;6;6.95;5;1;1;80;39;7;4;15;8;5;3;0;0;0;0;0
1830;538;2022;Delantero;34;683;5;6.647877;2;0;20;10;159;6;2.76;9;1;0;135;61;17;19;19;6;5;2;1;0;0;0;0
1926;538;2022;Defensa;35;3121;35;6.872028;3;0;11;3;1752;2;43.37;51;14;31;242;141;18;18;10;8;12;6;1;0;0;0;0
2032;538;2022;Delantero;34;1711;20;6.722326;4;4;32;15;334;12;6.85;15;5;3;254;112;43;34;30;14;22;4;0;0;0;0;0
2433;538;2022;Mediocentro;33;1470;16;6.828844;0;0;11;3;792;9;20.64;47;11;19;183;99;16;29;17;10;18;8;1;0;0;0;0
2464;538;2022;Portero;19;1710;19;6.757895;0;0;0;0;556;0;19.74;0;0;0;8;7;4;0;0;0;1;3;0;0;29;44;2
5921;538;2022;Mediocentro;31;273;3;6.42674;0;1;2;0;119;4;3.0;10;0;5;46;19;4;9;4;1;8;1;0;0;0;0;0
10151;538;2022;Portero;6;0;0;0.0;0;0;0;0;0;0;0.0;0;0;0;0;0;0;0;0;0;0;0;0;0;0;0;0
19026;538;2022;Mediocentro;34;1505;16;6.629435;0;2;10;3;587;13;14.85;27;1;10;152;56;12;33;20;12;20;6;0;0;0;0;0
46872;538;2022;Portero;13;0;0;0.0;0;0;0;0;0;0;0.0;0;0;0;0;0;0;0;0;0;0;0;0;0;0;0;0
47277;538;2022;Defensa;37;3151;35;6.894954;0;0;13;5;2014;5;47.03;44;17;71;251;154;31;25;11;9;16;8;0;0;0;0;0
47416;538;2022;Mediocentro;36;1772;19;6.931603;2;0;36;17;971;24;22.67;33;2;24;161;80;26;22;22;9;14;6;0;0;0;0;0
47427;538;2022;Portero;38;1710;19;6.7;0;0;0;0;496;1;8.37;0;0;0;6;4;2;0;0;0;1;0;0;0;24;38;0
47432;538;2022;Defensa;33;2170;26;6.906221;0;1;13;7;1158;20;27.85;52;7;24;249;133;23;44;15;6;13;7;1;0;0;0;0
47434;538;2022;Defensa;38;464;6;6.51444;0;0;0;0;191;2;3.76;13;1;2;44;22;5;8;2;2;4;2;0;0;0;0;0
47435;538;2022;Mediocentro;36;2862;33;6.807722;0;2;13;2;1754;24;43.94;33;5;53;217;82;16;26;22;15;39;4;0;0;0;0;0
47445;538;2022;Delantero;37;2865;31;7.288098;12;3;65;33;1163;82;24.84;8;1;7;266;119;59;16;45;21;18;5;0;2;0;0;0
47566;538;2022;Defensa;37;3162;36;6.903416;0;3;8;1;1518;52;33.24;106;5;40;503;282;73;50;130;69;48;6;0;0;0;0;0
67955;538;2022;Mediocentro;36;2146;23;6.76617;3;5;29;20;645;23;15.44;39;3;6;323;128;37;35;98;46;43;4;0;0;0;0;0
162212;538;2022;Mediocentro;3;0;0;0.0;0;0;0;0;0;0;0.0;0;0;0;0;0;0;0;0;0;0;0;0;0;0;0;0
162495;538;2022;Defensa;9;12;0;6.9;0;0;0;0;3;0;0.33;2;0;1;3;2;0;1;0;0;0;0;0;0;0;0;0
162605;538;2022;Defensa;4;0;0;0.0;0;0;0;0;0;0;0.0;0;0;0;0;0;0;0;0;0;0;0;0;0;0;0;0
162712;538;2022;Defensa;27;1294;13;6.760433;0;0;4;0;749;11;23.04;37;4;12;114;65;8;19;19;12;6;2;0;0;0;0;0
182504;538;2022;Mediocentro;36;2322;28;7.014815;11;4;48;29;702;28;15.06;45;3;20;289;142;41;42;71;37;35;6;1;0;0;0;0
182857;538;2022;Defensa;1;0;0;0.0;0;0;0;0;0;0;0.0;0;0;0;0;0;0;0;0;0;0;0;0;0;0;0;0
185075;538;2022;Portero;2;0;0;0.0;0;0;0;0;0;0;0.0;0;0;0;0;0;0;0;0;0;0;0;0;0;0;0;0
192434;538;2022;Delantero;20;250;3;6.6408;1;1;3;2;78;1;2.85;7;0;1;49;19;8;6;9;3;7;0;0;0;0;0;0
269163;538;2022;Mediocentro;38;52;0;6.286538;0;0;0;0;17;0;0.37;3;0;0;7;5;1;1;2;1;0;1;0;0;0;0;0
286559;538;2022;Defensa;38;107;1;6.805607;0;0;1;1;34;0;0.74;1;1;0;5;3;0;0;1;1;1;0;0;0;0;0;0
286623;538;2022;Portero;17;0;0;0.0;0;0;0;0;0;0;0.0;0;0;0;0;0;0;0;0;0;0;0;0;0;0;0;0
286798;538;2022;Delantero;5;0;0;0.0;0;0;0;0;0;0;0.0;0;0;0;0;0;0;0;0;0;0;0;0;0;0;0;0
313651;538;2022;Mediocentro;8;16;0;6.6;0;0;1;0;23;0;2.5;0;0;0;1;0;0;0;0;0;0;0;0;0;0;0;0
320517;538;2022;Delantero;10;50;0;6.468;0;0;0;0;20;0;1.4;0;1;1;6;2;0;1;3;1;0;0;0;0;0;0;0
329720;538;2022;Mediocentro;2;0;0;0.0;0;0;0;0;0;0;0.0;0;0;0;0;0;0;0;0;0;0;0;0;0;0;0;0
334573;538;2022;Defensa;2;0;0;0.0;0;0;0;0;0;0;0.0;0;0;0;0;0;0;0;0;0;0;0;0;0;0;0;0
99;540;2022;Defensa;17;245;2;6.683673;1;0;2;1;66;2;3.06;17;2;9;47;29;4;4;8;4;6;2;1;0;0;0;0
1461;540;2022;Mediocentro;19;952;11;6.633088;0;0;3;3;408;16;16.53;26;1;6;144;63;14;16;29;19;32;2;0;0;0;0;0
2042;540;2022;Defensa;33;2341;26;6.776805;0;0;6;3;1120;5;29.15;29;19;27;127;80;8;9;0;0;3;0;2;0;0;0;0
2047;540;2022;Mediocentro;31;1051;10;6.550048;0;3;3;2;306;15;7.71;11;2;15;100;36;17;23;16;5;17;10;1;0;0;0;0
2737;540;2022;Delantero;31;2470;29;6.760324;10;2;41;26;425;12;9.39;12;0;5;251;118;42;21;42;16;9;5;1;0;0;0;0
2873;540;2022;Defensa;20;1595;18;6.738809;3;0;10;6;789;0;30.8;17;12;14;159;92;6;18;5;2;6;7;0;0;0;0;0
10169;540;2022;Mediocentro;36;2438;27;6.915176;1;1;8;4;904;11;20.11;101;14;48;389;220;38;64;16;9;22;10;1;0;0;0;0
18907;540;2022;Delantero;35;2989;33;7.124557;16;2;69;38;740;22;12.94;13;4;8;481;273;69;25;40;17;12;3;0;5;0;0;0
21566;540;2022;Portero;14;900;10;6.68;0;0;0;0;247;1;11.14;0;0;0;1;0;0;1;0;0;0;1;1;0;15;29;0
46764;540;2022;Defensa;31;2412;29;6.858416;1;7;13;4;750;34;17.0;47;6;22;173;83;15;32;10;4;9;7;0;0;0;0;0
46799;540;2022;Mediocentro;37;1164;13;6.990636;2;2;14;7;478;22;10.22;34;0;12;144;88;29;14;18;11;10;3;1;0;0;0;0
46825;540;2022;Mediocentro;25;503;4;6.655268;0;1;5;3;261;3;8.8;15;2;11;67;35;13;11;5;2;6;0;0;0;0;0;0
46968;540;2022;Defensa;33;2572;31;6.62049;0;1;5;2;715;16;16.85;63;18;33;289;137;39;52;44;22;28;14;0;0;0;0;0
47016;540;2022;Portero;35;990;11;6.7;0;0;0;0;318;1;5.6;0;0;0;6;4;2;0;0;0;0;1;0;0;18;34;0
47170;540;2022;Mediocentro;33;149;0;6.665101;1;1;3;1;29;2;0.7;5;0;3;24;11;5;2;5;1;0;0;0;0;0;0;0
47249;540;2022;Defensa;34;2672;31;6.804266;0;1;19;6;1233;15;26.53;46;23;43;221;134;20;29;8;6;14;10;2;0;0;0;0
47329;540;2022;Defensa;9;233;2;6.678112;0;0;1;0;62;5;5.67;5;1;5;26;11;4;3;8;1;3;0;0;0;0;0;0
47336;540;2022;Mediocentro;38;3327;38;7.208987;6;3;26;13;1425;74;29.39;69;2;24;386;224;78;31;118;65;41;4;0;0;0;0;0
47349;540;2022;Mediocentro;37;2355;25;6.747261;7;2;50;23;544;25;11.76;20;2;10;218;89;26;16;50;22;15;4;0;0;0;0;0
47352;540;2022;Portero;19;1440;16;6.8375;0;0;0;0;498;3;18.11;0;0;1;10;8;4;0;0;0;1;0;0;0;33;56;1
47478;540;2022;Defensa;36;1625;20;6.807938;0;1;6;2;716;4;16.28;49;13;13;163;92;9;22;2;0;11;6;0;0;0;0;0
47554;540;2022;Delantero;1;34;0;6.9;0;0;1;0;4;0;3.0;1;0;0;7;4;1;1;3;2;0;0;0;0;0;0;0
67940;540;2022;Mediocentro;12;468;5;7.11047;1;0;3;1;207;0;14.75;19;4;7;65;37;6;14;0;0;5;2;0;0;0;0;0
119232;540;2022;Delantero;26;101;0;6.367327;0;0;0;0;14;1;0.46;2;0;1;13;5;2;3;2;0;1;1;0;0;0;0;0
127426;540;2022;Mediocentro;11;42;0;6.361905;0;0;0;0;7;0;0.45;0;0;0;3;1;0;1;0;0;0;1;0;0;0;0;0
128581;540;2022;Mediocentro;38;1281;16;6.588759;1;2;21;11;401;25;8.89;17;1;6;202;81;33;24;44;19;20;4;0;0;0;0;0
144734;540;2022;Delantero;3;12;0;6.3;0;0;0;0;1;0;0.33;0;0;0;1;0;0;0;0;0;0;0;0;0;0;0;0
182718;540;2022;Portero;36;90;1;5.9;0;0;0;0;26;0;0.61;0;0;0;0;0;0;0;0;0;0;0;0;0;3;1;0
182719;540;2022;Mediocentro;10;0;0;0.0;0;0;0;0;0;0;0.0;0;0;0;0;0;0;0;0;0;0;0;0;0;0;0;0
182735;540;2022;Portero;5;0;0;0.0;0;0;0;0;0;0;0.0;0;0;0;0;0;0;0;0;0;0;0;0;0;0;0;0
199824;540;2022;Defensa;23;907;9;6.761742;0;2;6;0;246;7;8.13;30;4;18;113;63;7;18;21;11;9;1;0;0;0;0;0
286601;540;2022;Defensa;19;109;1;6.454128;0;0;0;0;26;1;0.79;3;0;1;10;7;2;0;1;0;1;1;0;0;0;0;0
286605;540;2022;Mediocentro;6;12;0;6.3;0;0;1;0;5;0;0.83;0;0;0;0;0;0;0;0;0;0;0;0;0;0;0;0
286620;540;2022;Defensa;1;0;0;0.0;0;0;0;0;0;0;0.0;0;0;0;0;0;0;0;0;0;0;0;0;0;0;0;0
349397;540;2022;Defensa;22;164;0;6.382317;0;0;0;0;60;0;2.59;3;4;0;14;5;0;2;0;0;1;0;0;0;0;0;0
359603;540;2022;Mediocentro;10;58;0;6.822414;1;0;1;1;25;0;1.8;2;0;0;12;6;0;1;8;4;1;0;0;0;0;0;0
372;541;2022;Defensa;35;2714;30;7.279108;5;0;18;9;1843;6;46.63;46;39;42;244;159;38;35;17;11;7;4;0;0;0;0;0
505;541;2022;Defensa;26;1840;21;6.82875;1;3;11;3;1106;16;37.96;15;9;14;60;32;3;9;4;3;6;3;0;0;0;0;0
653;541;2022;Defensa;23;1360;17;6.732353;0;1;1;0;772;13;31.09;21;2;14;109;64;18;4;26;18;8;2;0;0;0;0;0
730;541;2022;Portero;32;2790;31;7.135484;0;0;0;0;939;2;24.62;1;0;3;16;16;3;0;2;2;0;0;0;0;29;89;1
733;541;2022;Defensa;32;1816;20;6.756498;0;2;7;0;1149;22;31.31;32;6;16;125;66;15;22;15;9;16;8;1;0;0;0;0
735;541;2022;Defensa;36;1653;18;6.92196;1;1;7;4;1094;12;28.22;24;6;19;150;84;14;16;14;11;17;7;0;0;0;0;0
737;541;2022;Defensa;32;42;0;6.861905;0;0;1;0;23;2;0.72;0;0;0;2;2;2;0;0;0;0;0;0;0;0;0;0
741;541;2022;Defensa;36;21;0;6.3;0;0;1;1;12;0;0.33;0;0;0;0;0;0;0;0;0;0;0;0;0;0;0;0
746;541;2022;Delantero;37;1445;15;7.450519;9;6;42;25;710;42;16.84;16;3;5;99;59;16;10;31;24;11;1;0;0;0;0;0
747;541;2022;Mediocentro;1;13;0;6.3;0;0;0;0;8;0;7.0;0;0;0;1;0;0;1;0;0;0;0;0;0;0;0;0
748;541;2022;Mediocentro;33;1578;19;7.047655;0;4;11;5;1458;30;40.58;43;2;26;237;126;41;17;61;39;38;8;0;0;0;0;0
752;541;2022;Mediocentro;33;2169;25;7.502259;2;4;24;11;2329;55;66.79;53;4;24;201;105;36;28;19;9;43;2;1;0;0;0;0
754;541;2022;Mediocentro;34;1754;19;7.087514;4;3;17;6;1447;42;38.59;20;5;11;156;66;16;21;41;19;15;7;0;1;0;0;0
756;541;2022;Mediocentro;38;2527;29;7.356351;7;4;51;21;1591;44;37.08;32;4;17;160;109;15;11;41;31;12;2;0;0;0;0;0
757;541;2022;Defensa;32;1157;12;7.066465;4;1;12;7;798;22;22.12;34;0;6;112;65;16;23;19;14;8;2;0;0;0;0;0
759;541;2022;Delantero;24;2044;24;7.453474;19;3;78;46;1057;48;38.33;10;0;2;130;49;6;10;41;19;10;1;0;7;0;0;0
760;541;2022;Delantero;29;167;1;6.54491;0;0;5;0;40;1;1.1;1;0;0;16;6;0;3;1;0;0;2;0;0;0;0;0
762;541;2022;Delantero;33;2832;32;7.049612;10;9;56;36;1063;64;25.94;31;1;6;555;267;122;47;266;112;22;10;1;0;0;0;0
1271;541;2022;Mediocentro;34;2133;24;7.293015;0;4;19;6;1687;22;46.41;64;6;49;267;175;35;35;36;28;15;2;0;0;0;0;0
2207;541;2022;Mediocentro;37;2006;21;6.9501;0;1;11;3;1417;24;34.92;68;5;18;338;196;69;39;62;37;39;6;0;0;0;0;0
2285;541;2022;Defensa;35;2410;26;6.905643;1;0;17;4;1594;2;41.94;19;13;19;111;66;7;13;4;3;9;1;0;0;0;0;0
2296;541;2022;Delantero;33;199;2;6.628643;0;1;2;1;106;7;2.88;0;0;1;19;12;9;2;4;2;2;0;0;0;0;0;0
10009;541;2022;Delantero;34;2391;25;7.171016;9;8;72;32;1008;47;26.56;17;0;7;314;158;49;18;143;77;18;4;0;1;0;0;0
47400;541;2022;Portero;37;630;7;6.814286;0;0;0;0;191;0;4.57;0;0;0;0;0;0;0;0;0;0;0;0;0;7;12;0
162033;541;2022;Mediocentro;3;17;0;6.552941;0;0;0;0;10;1;3.0;0;0;0;0;0;0;0;0;0;0;0;0;0;0;0;0
162034;541;2022;Mediocentro;1;0;0;0.0;0;0;0;0;0;0;0.0;0;0;0;0;0;0;0;0;0;0;0;0;0;0;0;0
162529;541;2022;Portero;35;0;0;0.0;0;0;0;0;0;0;0.0;0;0;0;0;0;0;0;0;0;0;0;0;0;0;0;0
189997;541;2022;Portero;1;0;0;0.0;0;0;0;0;0;0;0.0;0;0;0;0;0;0;0;0;0;0;0;0;0;0;0;0
206260;541;2022;Portero;6;0;0;0.0;0;0;0;0;0;0;0.0;0;0;0;0;0;0;0;0;0;0;0;0;0;0;0;0
334575;541;2022;Portero;1;0;0;0.0;0;0;0;0;0;0;0.0;0;0;0;0;0;0;0;0;0;0;0;0;0;0;0;0
343202;541;2022;Delantero;9;86;0;6.577907;1;1;2;1;12;1;1.0;2;0;0;14;4;0;3;0;0;0;0;0;0;0;0;0
343205;541;2022;Mediocentro;3;0;0;0.0;0;0;0;0;0;0;0.0;0;0;0;0;0;0;0;0;0;0;0;0;0;0;0;0
350037;541;2022;Mediocentro;1;0;0;0.0;0;0;0;0;0;0;0.0;0;0;0;0;0;0;0;0;0;0;0;0;0;0;0;0
396475;541;2022;Portero;1;0;0;0.0;0;0;0;0;0;0;0.0;0;0;0;0;0;0;0;0;0;0;0;0;0;0;0;0
134;543;2022;Defensa;37;1475;16;7.035525;3;2;18;8;625;21;12.95;23;7;20;134;73;20;15;16;9;15;1;1;0;0;0;0
614;543;2022;Portero;33;1080;12;7.15;0;0;0;0;347;0;5.79;0;0;2;3;3;0;0;0;0;0;2;0;0;9;35;0
668;543;2022;Mediocentro;15;967;12;6.850052;2;2;18;8;430;23;24.27;11;2;1;146;71;38;21;33;14;7;5;1;1;0;0;0
1264;543;2022;Defensa;27;1680;19;6.978333;1;1;10;3;770;12;23.7;45;8;19;181;101;33;20;31;18;11;2;0;0;0;0;0
1565;543;2022;Defensa;35;1778;18;6.827672;0;0;7;3;889;2;22.63;28;9;21;160;92;13;23;2;2;12;8;2;0;0;0;0
1568;543;2022;Mediocentro;31;457;3;6.960175;0;0;3;1;170;0;5.13;16;2;12;51;29;4;7;5;3;6;3;0;0;0;0;0
1570;543;2022;Mediocentro;31;2421;28;6.993515;4;3;23;11;1315;56;34.71;25;0;14;208;97;32;9;47;27;17;4;2;1;0;0;0
1573;543;2022;Mediocentro;35;1380;16;6.936594;1;1;7;3;851;12;20.69;41;5;22;154;73;10;16;9;5;26;7;0;0;0;0;0
1579;543;2022;Mediocentro;33;500;2;6.9124;0;2;5;3;290;21;7.45;3;2;3;42;22;8;1;16;10;2;2;0;0;0;0;0
1580;543;2022;Mediocentro;33;2451;31;6.980783;3;0;21;9;1735;22;45.7;42;6;16;266;142;40;29;45;28;26;6;1;0;0;0;0
1582;543;2022;Delantero;3;52;0;6.8;0;0;0;0;24;3;7.67;0;0;1;7;4;4;1;1;0;1;1;0;0;0;0;0
1584;543;2022;Delantero;17;24;0;6.545833;0;0;0;0;4;0;0.18;2;0;0;6;2;0;2;0;0;0;1;0;0;0;0;0
1693;543;2022;Defensa;24;562;5;6.802313;0;0;1;0;250;2;8.88;5;7;6;35;24;2;4;0;0;0;0;0;0;0;0;0
1847;543;2022;Defensa;26;1768;22;6.951923;0;0;3;1;877;3;28.85;34;24;27;146;79;10;10;8;4;16;3;3;0;0;0;0
2469;543;2022;Defensa;33;2516;29;6.985731;0;0;8;0;1304;4;34.18;41;15;49;208;135;17;27;6;4;12;4;3;0;0;0;0
2476;543;2022;Mediocentro;35;2876;33;7.107302;1;0;17;6;1671;11;41.77;115;14;42;409;245;64;45;30;22;46;8;0;0;0;0;0
9700;543;2022;Defensa;21;609;7;6.524466;0;0;4;2;264;2;9.62;12;2;8;68;25;2;8;10;3;8;2;0;0;0;0;0
18906;543;2022;Mediocentro;19;1394;17;6.744405;3;1;24;14;377;13;16.11;31;0;14;247;110;29;31;72;42;28;3;0;0;0;0;0
18965;543;2022;Defensa;34;456;6;6.541447;0;0;1;0;194;4;4.62;12;1;8;42;27;6;4;4;1;2;1;0;0;0;0;0
46672;543;2022;Portero;37;2340;26;6.946154;0;0;0;0;774;0;13.24;4;0;0;14;13;2;0;1;1;0;2;0;0;32;73;0
46871;543;2022;Portero;29;0;0;0.0;0;0;0;0;0;0;0.0;0;0;0;0;0;0;0;0;0;0;0;0;0;0;0;0
47119;543;2022;Defensa;36;1465;15;6.702184;0;0;11;6;678;16;14.69;48;2;24;221;113;18;22;63;33;26;4;1;0;0;0;0
47319;543;2022;Delantero;35;746;6;6.646113;2;1;17;7;262;8;5.89;9;0;1;80;33;6;9;6;2;5;1;0;1;0;0;0
47320;543;2022;Mediocentro;25;927;9;6.735814;4;0;15;8;240;4;8.12;14;0;4;138;57;22;15;27;12;24;3;0;0;0;0;0
47348;543;2022;Delantero;35;2380;29;6.96605;15;3;50;29;517;22;11.23;8;1;1;242;96;53;41;26;11;11;2;1;5;0;0;0
47547;543;2022;Defensa;16;1350;15;6.82;0;3;9;4;526;9;25.44;28;4;17;148;70;19;17;35;14;17;1;0;0;0;0;0
163447;543;2022;Mediocentro;1;0;0;0.0;0;0;0;0;0;0;0.0;0;0;0;0;0;0;0;0;0;0;0;0;0;0;0;0
179996;543;2022;Portero;1;0;0;0.0;0;0;0;0;0;0;0.0;0;0;0;0;0;0;0;0;0;0;0;0;0;0;0;0
185202;543;2022;Mediocentro;18;187;1;6.518182;1;0;4;2;33;2;1.39;1;0;0;19;6;2;4;5;2;2;1;0;0;0;0;0
185477;543;2022;Mediocentro;37;1606;19;6.891656;2;3;11;6;796;23;19.32;16;0;12;162;84;39;6;59;27;9;0;0;0;0;0;0
188409;543;2022;Defensa;4;11;0;6.3;0;0;0;0;6;0;1.5;0;0;0;0;0;0;0;0;0;0;0;0;0;0;0;0
188413;543;2022;Defensa;2;0;0;0.0;0;0;0;0;0;0;0.0;0;0;0;0;0;0;0;0;0;0;0;0;0;0;0;0
265785;543;2022;Mediocentro;35;1817;21;6.714584;1;3;33;17;522;17;11.4;48;0;14;370;172;41;25;107;56;23;6;0;0;0;0;0
347886;543;2022;Defensa;4;90;1;7.3;0;0;0;0;39;0;8.5;1;1;1;6;3;1;2;0;0;0;0;0;0;0;0;0
143;546;2022;Mediocentro;35;2130;26;6.639671;2;2;23;10;759;15;17.03;19;1;4;264;105;50;60;35;21;28;12;1;0;0;0;0
755;546;2022;Mediocentro;38;342;2;6.537427;0;0;1;0;109;6;2.29;10;3;1;43;18;4;6;5;2;5;1;0;0;0;0;0
1901;546;2022;Defensa;28;209;1;6.437799;0;0;0;0;64;0;1.14;3;0;4;22;13;2;3;1;0;2;3;1;0;0;0;0
2060;546;2022;Delantero;31;1147;10;6.853008;3;1;23;10;346;14;7.74;13;2;9;174;86;34;14;28;12;8;4;0;0;0;0;0
2671;546;2022;Delantero;34;465;5;6.611183;1;1;12;5;111;6;1.88;12;2;3;86;31;7;17;5;2;15;5;0;0;0;0;0
2819;546;2022;Defensa;38;1681;18;6.807436;0;0;0;0;509;0;10.58;14;10;18;86;55;3;13;1;0;4;4;0;0;0;0;0
2824;546;2022;Mediocentro;36;2066;26;6.774008;0;0;16;7;553;11;12.11;42;14;35;178;98;8;25;9;3;13;3;0;0;0;0;0
5987;546;2022;Defensa;30;593;7;6.195278;0;0;2;0;181;0;3.43;12;3;7;65;34;1;7;10;4;7;2;1;0;0;0;0
6168;546;2022;Defensa;31;2049;23;6.792972;1;1;12;8;849;5;16.23;34;16;27;209;120;10;35;20;15;11;9;0;0;0;0;0
19112;546;2022;Portero;37;0;0;0.0;0;0;0;0;0;0;0.0;0;0;0;0;0;0;0;0;0;0;0;0;0;0;0;0
46795;546;2022;Defensa;36;2657;30;6.808017;0;2;13;4;958;4;20.56;26;23;40;167;99;21;32;6;5;6;11;1;0;0;0;0
46982;546;2022;Mediocentro;21;453;3;6.653642;0;0;1;1;248;3;9.43;10;2;6;85;42;12;20;17;13;8;5;0;0;0;0;0
47085;546;2022;Mediocentro;30;1862;22;7.047852;0;3;6;1;893;29;24.43;48;1;32;182;99;22;29;14;12;23;6;1;0;0;0;0
47247;546;2022;Portero;38;3420;38;7.015789;0;0;0;0;1030;4;13.53;0;0;1;9;7;3;1;0;0;1;2;0;0;45;124;4
47250;546;2022;Defensa;33;2847;33;6.703196;0;1;7;1;1104;7;25.97;41;10;42;261;147;38;49;19;16;16;10;1;0;0;0;0
47257;546;2022;Defensa;33;1957;26;6.748237;1;1;4;1;678;26;13.76;48;0;15;195;91;17;43;34;13;19;7;0;0;0;0;0
47258;546;2022;Mediocentro;13;999;13;6.905806;0;1;4;0;379;16;24.0;14;5;16;94;44;11;21;4;4;14;5;1;0;0;0;0
47472;546;2022;Delantero;38;2773;33;6.716192;8;2;40;21;734;22;15.08;9;0;3;319;106;38;16;58;23;24;4;0;0;0;0;0
47499;546;2022;Delantero;35;2983;35;7.169058;14;3;65;37;726;29;12.63;26;2;6;581;277;77;61;39;20;17;6;0;5;0;0;0
47520;546;2022;Mediocentro;35;1765;17;6.69983;0;3;10;5;524;27;10.74;28;3;17;196;86;25;25;35;13;22;7;1;0;0;0;0
47540;546;2022;Mediocentro;36;1137;11;6.568074;0;0;3;1;508;5;11.56;27;5;3;129;48;10;31;6;4;22;3;0;0;0;0;0
51449;546;2022;Defensa;36;1517;16;6.685761;2;0;4;2;415;4;7.22;38;5;15;175;89;12;27;17;8;18;8;1;0;0;0;0
119742;546;2022;Defensa;35;2142;21;6.794958;1;0;19;8;603;13;10.57;61;5;20;220;107;21;44;23;10;28;8;0;0;0;0;0
122956;546;2022;Portero;36;0;0;0.0;0;0;0;0;0;0;0.0;0;0;0;0;0;0;0;0;0;0;0;0;0;0;0;0
162028;546;2022;Delantero;35;475;2;6.972632;1;0;11;4;160;6;2.31;6;1;1;173;87;11;21;6;2;0;2;0;0;0;0;0
184743;546;2022;Mediocentro;1;0;0;0.0;0;0;0;0;0;0;0.0;0;0;0;0;0;0;0;0;0;0;0;0;0;0;0;0
185602;546;2022;Defensa;6;1;0;0.0;0;0;0;0;0;0;0.0;0;0;0;0;0;0;0;0;0;0;0;0;0;0;0;0
278281;546;2022;Portero;1;0;0;0.0;0;0;0;0;0;0;0.0;0;0;0;0;0;0;0;0;0;0;0;0;0;0;0;0
286643;546;2022;Defensa;1;0;0;0.0;0;0;0;0;0;0;0.0;0;0;0;0;0;0;0;0;0;0;0;0;0;0;0;0
287175;546;2022;Defensa;3;0;0;0.0;0;0;0;0;0;0;0.0;0;0;0;0;0;0;0;0;0;0;0;0;0;0;0;0
293297;546;2022;Mediocentro;6;0;0;0.0;0;0;0;0;0;0;0.0;0;0;0;0;0;0;0;0;0;0;0;0;0;0;0;0
333373;546;2022;Defensa;3;0;0;0.0;0;0;0;0;0;0;0.0;0;0;0;0;0;0;0;0;0;0;0;0;0;0;0;0
335239;546;2022;Mediocentro;3;9;0;6.6;0;0;0;0;3;0;1.0;1;0;0;1;1;0;0;0;0;0;0;0;0;0;0;0
348329;546;2022;Defensa;1;0;0;0.0;0;0;0;0;0;0;0.0;0;0;0;0;0;0;0;0;0;0;0;0;0;0;0;0
158;547;2022;Portero;35;2520;28;6.917857;0;0;0;0;923;1;18.46;0;0;1;13;10;6;0;0;0;1;4;0;0;37;93;1
1700;547;2022;Mediocentro;31;1589;18;6.656639;3;3;16;8;645;17;17.74;9;0;9;163;60;13;18;45;26;14;2;0;0;0;0;0
2182;547;2022;Mediocentro;21;1492;17;7.055898;3;6;13;9;558;35;19.38;8;2;7;112;53;21;8;27;17;13;0;0;0;0;0;0
2421;547;2022;Defensa;13;123;0;6.569919;0;0;0;0;83;0;5.38;3;1;1;9;4;1;3;0;0;1;1;0;0;0;0;0
2449;547;2022;Mediocentro;21;965;12;6.843627;2;2;21;8;396;11;15.62;27;1;4;177;77;22;34;19;11;5;4;0;0;0;0;0
2617;547;2022;Delantero;33;1088;8;6.775368;9;0;32;21;162;8;3.67;13;0;2;136;56;23;39;3;0;9;8;0;5;0;0;0
10166;547;2022;Mediocentro;22;646;5;6.710372;2;1;8;4;244;7;8.95;12;0;5;91;42;15;4;17;9;6;1;1;0;0;0;0
18949;547;2022;Mediocentro;33;2952;33;6.896951;2;0;16;5;1602;20;42.36;70;10;35;314;160;33;58;20;19;26;10;1;0;0;0;0
46782;547;2022;Delantero;15;203;2;6.629064;0;1;1;1;81;3;4.4;4;0;1;29;11;6;1;4;1;5;0;0;0;0;0;0
46849;547;2022;Defensa;34;1128;13;6.839273;1;2;12;6;649;8;15.68;21;5;7;101;63;21;9;16;11;7;3;0;0;0;0;0
47153;547;2022;Portero;38;900;10;6.6;0;0;0;0;289;0;6.26;0;0;1;1;1;0;0;0;0;0;0;0;0;18;26;0
47263;547;2022;Mediocentro;12;236;1;6.560593;2;0;4;3;150;3;9.92;2;0;0;28;11;4;3;9;3;1;1;0;2;0;0;0
47334;547;2022;Defensa;27;1657;19;7.100785;3;1;11;8;1197;8;39.96;31;19;14;138;82;16;16;6;6;8;5;0;0;0;0;0
47492;547;2022;Mediocentro;26;907;12;6.488975;1;3;14;3;296;15;9.38;26;0;9;163;68;18;12;67;23;12;2;0;0;0;0;0
47505;547;2022;Defensa;36;1237;14;6.714794;1;1;9;5;911;1;22.5;6;10;12;122;72;10;12;4;3;5;5;0;0;0;0;0
47511;547;2022;Defensa;30;1427;17;6.759776;1;0;5;1;872;3;25.07;20;9;10;69;41;2;11;1;1;6;3;0;0;0;0;0
47514;547;2022;Defensa;34;976;7;6.698668;0;2;6;0;307;18;7.82;12;1;10;83;51;16;6;23;13;4;1;0;0;0;0;0
47515;547;2022;Mediocentro;17;684;10;6.810965;1;0;7;3;263;5;12.82;10;1;5;75;42;20;4;11;6;7;1;0;0;0;0;0
47516;547;2022;Mediocentro;30;2339;26;7.537324;1;5;26;14;1453;68;43.07;37;8;30;149;92;29;13;22;13;15;1;0;0;0;0;0
50856;547;2022;Delantero;35;2618;33;6.866539;13;0;68;33;382;16;6.91;13;2;6;293;122;46;43;33;12;16;11;0;1;0;0;0
135334;547;2022;Defensa;34;3012;34;6.871713;0;1;12;3;1800;9;45.82;63;22;31;263;173;34;37;2;2;12;7;1;0;0;0;0
136117;547;2022;Mediocentro;35;2186;25;6.75764;4;4;48;22;626;34;13.54;20;0;11;283;121;36;27;128;56;24;1;0;0;0;0;0
162032;547;2022;Defensa;37;2397;27;6.733417;2;3;12;4;1067;22;24.76;41;5;18;218;108;24;24;65;34;13;6;0;0;0;0;0
162533;547;2022;Portero;35;0;0;0.0;0;0;0;0;0;0;0.0;0;0;0;0;0;0;0;0;0;0;0;0;0;0;0;0
181218;547;2022;Mediocentro;1;0;0;0.0;0;0;0;0;0;0;0.0;0;0;0;0;0;0;0;0;0;0;0;0;0;0;0;0
187987;547;2022;Mediocentro;14;233;2;6.590558;0;0;3;0;91;1;5.36;4;2;3;31;9;3;3;5;2;4;0;0;0;0;0;0
197448;547;2022;Mediocentro;29;1160;12;6.6975;1;2;6;1;468;19;12.72;25;2;6;136;69;15;13;55;28;8;3;0;0;0;0;0
263530;547;2022;Mediocentro;1;0;0;0.0;0;0;0;0;0;0;0.0;0;0;0;0;0;0;0;0;0;0;0;0;0;0;0;0
283668;547;2022;Defensa;36;2736;32;6.822222;3;4;12;3;1257;40;28.75;70;10;24;331;189;66;36;41;21;47;11;0;0;0;0;0
286074;547;2022;Defensa;1;0;0;0.0;0;0;0;0;0;0;0.0;0;0;0;0;0;0;0;0;0;0;0;0;0;0;0;0
297304;547;2022;Delantero;1;0;0;0.0;0;0;0;0;0;0;0.0;0;0;0;0;0;0;0;0;0;0;0;0;0;0;0;0
323815;547;2022;Mediocentro;7;99;1;6.626263;0;0;1;1;18;0;2.14;4;0;1;17;9;1;2;4;4;1;0;0;0;0;0;0
327628;547;2022;Mediocentro;26;133;0;6.550376;0;0;4;2;46;0;1.42;3;0;1;16;9;1;2;3;3;0;0;0;0;0;0;0
332217;547;2022;Portero;3;0;0;0.0;0;0;0;0;0;0;0.0;0;0;0;0;0;0;0;0;0;0;0;0;0;0;0;0
332219;547;2022;Defensa;5;0;0;0.0;0;0;0;0;0;0;0.0;0;0;0;0;0;0;0;0;0;0;0;0;0;0;0;0
339105;547;2022;Mediocentro;20;87;0;6.43908;0;0;4;2;33;1;1.25;2;1;0;26;12;5;2;13;5;2;1;0;0;0;0;0
634;548;2022;Mediocentro;29;1957;25;7.07537;2;5;21;13;1132;36;33.59;36;2;15;190;98;33;30;38;19;8;3;0;0;0;0;0
2864;548;2022;Delantero;2;154;2;6.834416;1;0;1;1;27;2;8.5;1;0;0;9;3;0;1;5;2;0;0;0;0;0;0;0
8492;548;2022;Delantero;34;2397;28;6.803755;12;3;53;28;469;31;9.59;19;1;2;314;123;16;32;68;28;7;4;0;0;0;0;0
18867;548;2022;Defensa;31;1646;18;6.902005;0;0;8;3;745;10;19.06;35;5;20;166;90;26;27;20;11;13;3;0;0;0;0;0
31406;548;2022;Delantero;2;83;1;6.879518;1;0;1;1;13;0;6.5;1;0;0;14;6;1;3;2;2;1;0;0;0;0;0;0
32862;548;2022;Mediocentro;37;2454;29;7.126202;9;4;57;30;786;39;16.16;44;1;9;328;156;48;35;99;48;21;3;0;0;0;0;0
46808;548;2022;Delantero;28;643;8;6.558787;1;0;19;5;147;7;3.43;6;0;1;128;57;15;17;16;11;14;6;0;0;0;0;0
47269;548;2022;Portero;38;3420;38;6.971053;0;0;0;0;1167;1;21.11;1;0;0;15;12;4;0;0;0;2;1;0;0;35;100;1
47297;548;2022;Portero;37;0;0;0.0;0;0;0;0;0;0;0.0;0;0;0;0;0;0;0;0;0;0;0;0;0;0;0;0
47298;548;2022;Defensa;29;1454;16;6.680674;0;1;5;0;686;4;19.52;26;6;20;124;58;9;21;8;5;12;5;1;0;0;0;0
47299;548;2022;Defensa;32;1710;19;6.804737;0;0;5;1;821;13;22.25;41;2;17;171;86;17;25;14;9;17;3;0;0;0;0;0
47301;548;2022;Defensa;34;2794;31;6.928883;0;0;10;2;1735;3;45.0;36;14;33;278;175;29;44;2;2;14;6;0;0;0;0;0
47303;548;2022;Defensa;33;1757;20;6.657997;0;1;4;2;787;14;19.12;38;5;9;208;95;16;29;37;19;25;2;0;0;0;0;0
47306;548;2022;Defensa;26;360;3;6.990278;0;0;4;1;142;2;4.42;18;2;7;60;40;8;3;12;7;3;1;0;0;0;0;0
47309;548;2022;Mediocentro;31;224;2;6.720536;0;0;1;0;177;4;5.16;5;1;2;26;14;3;5;4;3;3;2;0;0;0;0;0
47310;548;2022;Mediocentro;37;1086;13;6.822928;1;0;8;3;625;10;14.57;36;8;18;149;72;13;25;7;7;28;5;0;0;0;0;0
47311;548;2022;Mediocentro;33;2499;28;7.140296;2;9;31;17;1463;44;34.42;77;8;20;473;258;48;74;37;21;31;6;1;0;0;0;0
47314;548;2022;Defensa;35;2547;29;6.895956;1;1;2;1;1531;3;37.49;35;17;21;220;113;10;44;8;8;10;10;0;0;0;0;0
47315;548;2022;Mediocentro;36;3101;35;6.92525;1;3;9;2;1798;20;42.78;59;17;37;287;156;31;50;19;9;20;12;0;0;0;0;0
47317;548;2022;Delantero;28;878;9;6.62221;3;1;17;12;338;9;9.32;21;1;5;173;80;14;23;59;34;15;4;0;0;0;0;0
47323;548;2022;Delantero;24;1224;14;6.717647;4;1;15;11;359;14;11.58;12;4;3;139;50;16;15;22;7;15;1;0;2;0;0;0
47440;548;2022;Mediocentro;35;2424;28;7.063696;8;4;42;22;1174;49;27.66;58;3;12;343;152;54;60;49;15;39;6;0;0;0;0;0
84086;548;2022;Mediocentro;38;350;1;6.495714;0;0;7;5;120;12;2.47;5;0;2;64;24;6;8;16;7;1;2;0;0;0;0;0
182546;548;2022;Defensa;33;1195;12;6.827113;0;1;2;0;898;1;24.48;16;6;12;106;59;11;18;3;2;4;2;0;0;0;0;0
182603;548;2022;Mediocentro;5;63;0;6.947619;0;0;3;1;48;0;7.8;4;0;0;12;10;4;1;0;0;1;0;0;0;0;0;0
183699;548;2022;Defensa;16;0;0;0.0;0;0;0;0;0;0;0.0;0;0;0;0;0;0;0;0;0;0;0;0;0;0;0;0
183706;548;2022;Delantero;10;43;0;6.57907;0;0;0;0;20;2;1.2;2;0;0;12;4;0;2;1;1;3;0;0;0;0;0;0
183744;548;2022;Mediocentro;32;108;1;6.431481;0;0;0;0;43;2;1.22;4;0;0;15;6;1;2;2;1;3;0;0;0;0;0;0
183748;548;2022;Delantero;17;102;0;6.568627;0;0;4;1;17;1;0.65;1;0;0;19;9;4;3;0;0;0;1;0;0;0;0;0
189831;548;2022;Portero;5;0;0;0.0;0;0;0;0;0;0;0.0;0;0;0;0;0;0;0;0;0;0;0;0;0;0;0;0
189832;548;2022;Portero;11;0;0;0.0;0;0;0;0;0;0;0.0;0;0;0;0;0;0;0;0;0;0;0;0;0;0;0;0
203426;548;2022;Defensa;2;0;0;0.0;0;0;0;0;0;0;0.0;0;0;0;0;0;0;0;0;0;0;0;0;0;0;0;0
274312;548;2022;Delantero;24;581;5;6.874355;1;2;20;12;135;7;4.12;13;0;2;105;46;12;11;34;16;6;1;0;0;0;0;0
287652;548;2022;Mediocentro;4;64;0;6.792188;0;0;1;1;14;2;1.75;1;0;0;7;3;1;1;1;1;1;0;0;0;0;0;0
290106;548;2022;Mediocentro;15;361;3;6.66482;0;0;9;4;164;6;8.53;10;0;4;52;21;2;12;8;5;5;1;0;0;0;0;0
740;720;2022;Defensa;34;2394;28;6.808939;1;0;7;2;1162;4;28.15;43;22;46;196;106;9;34;7;7;9;11;0;0;0;0;0
1563;720;2022;Defensa;13;372;4;6.758333;0;0;1;0;199;2;12.23;4;9;5;25;12;2;4;0;0;1;1;0;0;0;0;0
1583;720;2022;Delantero;36;1336;14;6.673802;6;1;24;17;191;12;3.78;6;0;0;148;56;22;8;27;10;2;0;1;1;0;0;0
1682;720;2022;Portero;30;900;10;6.57;0;0;0;0;305;0;6.23;0;0;0;4;4;4;0;0;0;0;0;0;0;21;31;0
2001;720;2022;Delantero;20;1475;16;6.872542;8;3;42;19;241;16;8.55;9;3;0;225;87;25;23;25;10;4;4;0;2;0;0;0
2040;720;2022;Defensa;33;1445;17;6.896609;1;0;21;9;534;16;11.79;33;6;27;163;84;20;19;16;7;20;3;0;0;0;0;0
2053;720;2022;Mediocentro;36;1637;20;6.789615;2;1;18;10;942;18;21.75;27;4;13;197;78;25;38;30;15;24;11;1;0;0;0;0
2459;720;2022;Delantero;13;597;7;6.861809;0;1;13;7;158;9;8.92;3;0;3;71;28;12;10;27;11;7;1;0;0;0;0;0
2717;720;2022;Mediocentro;6;211;3;6.9891;1;0;2;1;38;4;4.83;4;2;3;26;14;6;3;2;2;0;1;0;0;0;0;0
8587;720;2022;Mediocentro;9;269;3;6.950186;2;1;3;2;79;3;6.78;15;0;5;83;41;8;10;23;11;3;2;1;0;0;0;0
16369;720;2022;Delantero;34;2307;26;6.761682;1;5;26;13;694;37;15.97;66;0;12;424;189;41;22;151;65;45;1;0;0;0;0;0
18902;720;2022;Mediocentro;17;277;2;6.484477;0;1;4;3;78;4;3.12;6;0;1;42;14;2;9;12;4;2;3;0;0;0;0;0
31386;720;2022;Defensa;30;1626;19;6.835117;1;0;15;4;905;5;24.6;17;19;38;130;78;9;13;13;10;5;2;1;0;0;0;0
46714;720;2022;Mediocentro;14;72;0;6.380556;0;0;0;0;20;0;0.93;2;1;2;12;4;0;2;1;1;3;0;0;0;0;0;0
46922;720;2022;Mediocentro;15;146;1;6.360274;0;0;3;0;34;0;1.67;1;0;0;27;14;9;1;2;1;0;0;0;0;0;0;0
46979;720;2022;Mediocentro;36;1132;13;6.810601;1;1;14;7;434;17;10.19;20;1;8;168;98;43;9;50;33;18;0;0;0;0;0;0
47078;720;2022;Defensa;24;1221;15;6.868305;0;1;3;0;410;13;13.62;44;4;16;126;75;16;12;18;8;11;2;0;0;0;0;0
47195;720;2022;Mediocentro;38;1890;18;6.946825;1;2;15;6;1071;35;24.08;27;4;14;146;88;33;13;22;13;10;3;0;0;0;0;0
47433;720;2022;Defensa;33;1496;16;6.880949;0;1;4;2;571;16;13.94;24;8;14;139;75;20;12;11;4;9;3;0;0;0;0;0
47474;720;2022;Portero;34;2514;28;7.039379;0;0;0;0;840;0;16.44;0;0;1;17;12;5;0;0;0;3;4;0;0;42;105;3
47487;720;2022;Defensa;33;2162;24;6.839038;1;0;9;1;981;2;24.73;35;22;26;153;98;11;16;2;1;11;4;0;0;0;0;0
47492;720;2022;Mediocentro;3;91;1;6.231868;0;0;0;0;27;1;6.67;6;0;0;18;8;1;0;5;1;5;0;0;0;0;0;0
47495;720;2022;Delantero;16;505;8;6.439802;0;0;10;3;113;2;4.62;12;0;2;69;30;9;14;6;0;2;1;0;0;0;0;0
47496;720;2022;Delantero;38;2054;22;6.815044;1;1;26;11;612;16;12.13;40;2;29;267;133;49;23;24;10;25;3;0;0;0;0;0
56283;720;2022;Defensa;32;939;11;6.766241;0;1;4;1;304;10;7.06;38;2;15;126;72;11;19;18;8;7;3;0;0;0;0;0
63542;720;2022;Defensa;16;1312;15;6.641997;0;0;1;0;621;2;32.38;18;12;9;87;37;3;21;11;9;10;7;2;0;0;0;0
70339;720;2022;Delantero;16;749;6;6.39733;1;0;16;7;89;3;4.31;2;0;1;57;16;8;5;4;2;4;0;0;0;0;0;0
104865;720;2022;Delantero;3;35;0;6.5;0;0;2;0;9;1;2.33;0;0;0;5;2;0;1;0;0;0;0;0;0;0;0;0
104941;720;2022;Mediocentro;36;2034;23;6.959243;3;2;30;10;970;25;22.42;50;11;18;226;106;28;46;18;10;27;10;0;0;0;0;0
107153;720;2022;Mediocentro;37;2315;28;6.881296;1;2;35;10;1132;32;24.22;69;7;20;378;188;57;57;58;30;42;9;0;0;0;0;0
195263;720;2022;Defensa;1;0;0;0.0;0;0;0;0;0;0;0.0;0;0;0;0;0;0;0;0;0;0;0;0;0;0;0;0
199042;720;2022;Mediocentro;2;0;0;0.0;0;0;0;0;0;0;0.0;0;0;0;0;0;0;0;0;0;0;0;0;0;0;0;0
285506;720;2022;Delantero;3;0;0;0.0;0;0;0;0;0;0;0.0;0;0;0;0;0;0;0;0;0;0;0;0;0;0;0;0
286961;720;2022;Delantero;3;18;0;6.7;0;0;1;0;6;1;1.67;0;0;2;4;1;0;0;3;1;0;0;0;0;0;0;0
298064;720;2022;Defensa;28;381;2;6.449606;0;0;1;0;226;1;6.43;1;2;2;25;13;2;3;1;1;0;1;0;0;0;0;0
309917;720;2022;Portero;14;12;0;7.2;0;0;0;0;5;0;0.29;0;0;0;2;1;0;0;0;0;0;0;0;0;0;3;0
325664;720;2022;Delantero;5;10;0;6.3;0;0;0;0;2;0;0.4;1;0;0;3;2;1;0;0;0;0;0;0;0;0;0;0
331003;720;2022;Delantero;4;14;0;6.3;0;0;0;0;4;0;0.0;1;0;0;4;2;0;0;1;1;0;0;0;0;0;0;0
336955;720;2022;Defensa;4;0;0;0.0;0;0;0;0;0;0;0.0;0;0;0;0;0;0;0;0;0;0;0;0;0;0;0;0
341700;720;2022;Defensa;34;1775;18;6.724282;0;0;1;0;690;18;16.35;48;8;15;180;96;25;13;34;15;17;3;0;0;0;0;0
129;723;2022;Defensa;30;1494;15;6.565529;1;0;2;1;721;2;19.83;29;6;15;97;50;3;10;16;7;9;5;0;0;0;0;0
340;723;2022;Defensa;37;2999;33;6.762588;3;0;8;5;1360;7;31.49;29;22;27;206;115;9;24;8;4;15;5;0;0;0;0;0
914;723;2022;Defensa;28;1122;11;6.788146;1;2;5;3;426;13;11.46;22;2;11;83;40;5;7;13;6;7;0;1;0;0;0;0
2679;723;2022;Delantero;34;522;3;6.692912;0;1;7;5;157;10;3.15;10;2;1;107;54;12;10;12;5;1;1;0;0;0;0;0
6065;723;2022;Mediocentro;37;2860;34;7.173531;2;7;26;7;1211;53;27.08;50;7;44;339;186;88;33;57;27;36;7;0;0;0;0;0
13062;723;2022;Delantero;29;1743;24;6.796787;5;2;29;16;513;18;11.97;32;2;20;218;96;23;30;30;14;21;7;0;0;0;0;0
19306;723;2022;Delantero;3;0;0;0.0;0;0;0;0;0;0;0.0;0;0;0;0;0;0;0;0;0;0;0;0;0;0;0;0
20627;723;2022;Defensa;34;887;11;6.183991;0;1;1;0;212;4;4.5;19;2;7;80;33;4;13;18;9;14;2;0;0;0;0;0
31406;723;2022;Delantero;3;242;3;6.52314;2;0;6;3;34;3;7.0;0;0;0;47;10;2;9;12;4;1;1;0;0;0;0;0
46688;723;2022;Defensa;33;1881;20;6.732961;0;3;6;2;854;24;18.85;39;5;26;159;76;14;15;22;12;25;2;0;0;0;0;0
46870;723;2022;Portero;18;45;0;6.3;0;0;0;0;7;0;0.33;0;0;0;0;0;0;0;0;0;0;0;0;0;2;3;0
46904;723;2022;Portero;38;3285;37;6.949315;0;0;0;0;1097;0;18.82;0;0;1;11;8;5;0;1;1;2;3;0;0;61;133;1
46919;723;2022;Mediocentro;33;1673;18;6.746742;1;0;5;1;549;5;13.12;38;6;13;154;78;12;21;8;4;18;6;0;0;0;0;0
47056;723;2022;Mediocentro;36;977;10;6.690379;1;1;7;3;533;11;12.61;11;3;6;55;26;8;7;5;4;12;6;0;0;0;0;0
47170;723;2022;Mediocentro;2;19;0;6.3;0;0;1;1;4;0;1.5;0;0;0;3;2;1;1;1;1;0;0;0;0;0;0;0
47237;723;2022;Delantero;21;1495;18;6.825753;4;4;29;13;368;14;12.29;17;3;5;249;95;23;36;40;19;18;4;1;0;0;0;0
47262;723;2022;Mediocentro;38;727;4;6.649243;2;1;4;2;432;13;9.18;13;1;7;66;30;3;2;16;9;13;1;0;0;0;0;0
47352;723;2022;Portero;11;90;1;6.9;0;0;0;0;22;0;1.18;0;0;0;0;0;0;0;0;0;0;0;0;0;2;3;0
47356;723;2022;Defensa;36;3158;36;6.826947;0;1;16;2;1467;6;33.19;30;33;31;201;128;14;25;6;5;7;10;1;0;0;0;0
47530;723;2022;Defensa;33;2305;27;6.577787;1;0;17;7;778;21;19.03;27;6;14;170;86;18;20;45;27;9;5;0;0;0;0;0
47554;723;2022;Delantero;34;1488;18;7.068616;4;3;38;20;420;32;9.24;49;0;9;293;130;30;23;99;43;24;5;1;1;0;0;0
47576;723;2022;Mediocentro;29;1876;24;6.724094;4;3;18;11;751;19;22.45;32;2;8;199;93;30;24;36;17;28;5;0;1;0;0;0
104932;723;2022;Mediocentro;3;41;0;6.860976;0;0;1;1;26;2;6.67;2;0;0;6;2;0;1;0;0;1;1;0;0;0;0;0
138776;723;2022;Delantero;37;1410;13;6.625957;3;1;31;18;260;13;4.97;15;0;15;189;67;15;31;64;32;19;6;0;0;0;0;0
138809;723;2022;Mediocentro;38;759;7;6.474835;1;0;14;6;229;8;4.42;22;0;11;98;50;15;10;28;10;4;4;0;0;0;0;0
162603;723;2022;Delantero;5;0;0;0.0;0;0;0;0;0;0;0.0;0;0;0;0;0;0;0;0;0;0;0;0;0;0;0;0
182713;723;2022;Portero;15;0;0;0.0;0;0;0;0;0;0;0.0;0;0;0;0;0;0;0;0;0;0;0;0;0;0;0;0
190485;723;2022;Mediocentro;38;2016;22;6.940575;1;2;16;7;1075;13;22.61;61;7;37;296;164;45;51;21;9;32;5;0;0;0;0;0
194750;723;2022;Delantero;24;1273;15;6.885546;7;2;25;14;253;14;7.54;4;1;1;151;61;7;25;15;6;3;0;0;0;0;0;0
237103;723;2022;Delantero;35;722;7;7.129917;6;0;18;12;207;12;4.74;4;1;2;93;38;12;7;28;15;11;1;0;0;0;0;0
282131;723;2022;Mediocentro;15;0;0;0.0;0;0;0;0;0;0;0.0;0;0;0;0;0;0;0;0;0;0;0;0;0;0;0;0
305803;723;2022;Defensa;26;588;7;6.655612;0;0;1;0;222;0;6.96;5;10;9;37;16;3;7;3;2;4;5;0;0;0;0;0
310609;723;2022;Mediocentro;8;0;0;0.0;0;0;0;0;0;0;0.0;0;0;0;0;0;0;0;0;0;0;0;0;0;0;0;0
312650;723;2022;Delantero;5;21;0;6.5;0;0;0;0;8;0;0.6;0;0;0;13;5;0;2;0;0;0;1;0;0;0;0;0
352905;723;2022;Delantero;9;0;0;0.0;0;0;0;0;0;0;0.0;0;0;0;0;0;0;0;0;0;0;0;0;0;0;0;0
418944;723;2022;Mediocentro;5;0;0;0.0;0;0;0;0;0;0;0.0;0;0;0;0;0;0;0;0;0;0;0;0;0;0;0;0
937;724;2022;Mediocentro;34;2470;28;6.661822;3;2;23;12;594;24;12.79;54;3;24;418;195;53;50;64;28;31;11;0;0;0;0;0
2508;724;2022;Defensa;38;486;5;6.087037;0;0;4;2;183;6;3.26;10;1;2;54;21;2;4;7;3;15;0;0;0;0;0;0
2755;724;2022;Mediocentro;13;163;1;6.551534;0;0;2;1;44;1;2.46;2;1;0;18;8;3;0;4;2;2;0;0;0;0;0;0
6492;724;2022;Portero;34;3060;34;7.185294;0;0;0;0;974;1;13.41;3;0;2;28;21;7;1;3;3;4;2;0;0;48;135;1
8627;724;2022;Mediocentro;36;1951;24;6.854331;4;3;35;15;410;20;8.67;28;2;6;236;119;37;15;82;40;23;2;0;1;0;0;0
11471;724;2022;Mediocentro;8;222;2;6.333333;0;0;1;1;89;2;9.38;3;0;2;19;9;3;4;0;0;1;2;1;0;0;0;0
14444;724;2022;Defensa;28;764;7;6.654974;0;0;1;0;291;2;7.82;10;8;7;70;43;2;6;5;5;1;2;0;0;0;0;0
18833;724;2022;Delantero;15;622;5;6.692122;3;0;13;6;192;4;10.67;3;0;1;41;12;4;5;9;3;2;2;0;0;0;0;0
24793;724;2022;Defensa;16;612;6;6.74183;0;0;2;1;215;0;11.19;11;6;6;42;29;3;1;0;0;3;0;0;0;0;0;0
46691;724;2022;Mediocentro;33;1871;24;6.632229;0;1;4;1;649;6;15.7;41;14;17;208;88;22;58;4;2;22;14;0;0;0;0;0
46755;724;2022;Portero;27;360;4;7.375;0;0;0;0;114;0;1.89;0;0;0;0;0;0;0;0;0;0;0;0;0;5;18;0
46759;724;2022;Defensa;37;3123;35;6.828402;0;4;16;1;1144;36;20.78;89;11;46;361;182;36;49;47;24;46;7;0;0;0;0;0
46769;724;2022;Mediocentro;31;1579;17;6.786384;3;0;15;9;679;17;19.0;13;1;8;119;44;14;7;9;5;10;0;0;1;0;0;0
46772;724;2022;Mediocentro;30;399;2;6.531078;0;0;4;2;201;5;5.6;16;1;5;59;30;7;6;5;2;6;4;0;0;0;0;0
46818;724;2022;Defensa;36;3150;35;6.917143;0;0;6;1;1279;13;28.22;33;24;31;149;83;7;27;3;3;14;8;1;0;0;0;0
46824;724;2022;Mediocentro;33;1310;13;6.573359;0;1;17;6;269;22;5.45;31;3;5;231;111;44;38;38;11;20;13;1;0;0;0;0
46931;724;2022;Delantero;15;28;0;6.242857;0;0;0;0;2;0;0.13;0;0;0;3;1;1;1;1;0;1;0;0;0;0;0;0
46998;724;2022;Defensa;12;137;1;6.59781;0;0;1;0;38;0;2.5;2;1;1;17;10;5;1;0;0;1;0;0;0;0;0;0
47041;724;2022;Mediocentro;1;45;1;6.7;0;0;0;0;11;0;10.0;2;0;0;12;6;2;0;5;2;0;0;0;0;0;0;0
47100;724;2022;Defensa;29;2204;25;7.022232;0;1;6;1;743;16;20.76;69;11;20;222;130;27;16;19;13;22;4;3;0;0;0;0
47229;724;2022;Defensa;32;1720;22;6.816977;0;0;9;1;590;4;14.22;27;15;13;129;73;18;16;4;2;11;6;0;0;0;0;0
47307;724;2022;Defensa;10;639;7;6.453052;0;1;0;0;214;2;15.0;15;2;11;76;41;4;11;9;3;3;4;0;0;0;0;0
47388;724;2022;Mediocentro;15;1126;13;7.053286;4;1;12;7;425;10;21.4;35;4;17;154;86;17;14;9;7;15;4;0;0;0;0;0
47471;724;2022;Delantero;15;647;8;6.610046;1;0;11;3;126;4;6.13;6;0;2;100;35;15;26;5;4;7;1;0;0;0;0;0
47485;724;2022;Mediocentro;31;2048;22;6.716455;3;0;26;7;997;20;26.26;43;8;19;257;116;33;45;20;10;33;11;1;2;0;0;0
47495;724;2022;Delantero;18;1174;14;6.758007;3;0;23;14;281;9;11.33;9;0;3;133;54;21;7;21;12;9;2;0;0;0;0;0
47525;724;2022;Delantero;33;1439;14;6.624392;1;1;23;8;283;11;5.88;6;1;3;303;118;35;43;39;17;6;6;0;0;0;0;0
50502;724;2022;Delantero;34;755;9;6.754702;1;2;18;7;171;10;3.09;5;1;0;89;47;8;5;8;3;0;0;0;0;0;0;0
51588;724;2022;Mediocentro;19;1127;15;6.666193;1;1;6;2;326;17;13.42;18;0;3;170;69;27;32;35;17;10;2;0;0;0;0;0
77623;724;2022;Mediocentro;20;101;1;6.475248;0;0;0;0;49;2;2.0;3;1;2;16;3;0;3;0;0;4;2;0;0;0;0;0
104792;724;2022;Delantero;17;705;7;6.932766;1;0;25;6;138;4;4.47;12;3;1;184;96;12;21;19;8;7;2;0;0;0;0;0
144261;724;2022;Defensa;9;24;0;7.0;0;1;0;0;24;1;2.22;0;0;0;2;2;0;0;1;1;0;0;0;0;0;0;0
162058;724;2022;Defensa;18;964;10;6.742842;1;0;2;2;434;1;20.11;9;3;11;64;30;4;11;3;1;3;3;0;0;0;0;0
162686;724;2022;Mediocentro;12;159;2;6.540881;0;0;0;0;61;1;4.75;6;0;1;18;10;1;2;1;0;2;0;0;0;0;0;0
182759;724;2022;Mediocentro;4;75;1;6.534667;0;0;1;0;9;0;2.0;2;0;0;9;4;1;1;3;1;1;0;0;0;0;0;0
185810;724;2022;Defensa;23;317;4;6.422397;0;0;0;0;80;1;2.17;4;3;1;23;10;3;6;1;0;5;1;0;0;0;0;0
192024;724;2022;Defensa;1;0;0;0.0;0;0;0;0;0;0;0.0;0;0;0;0;0;0;0;0;0;0;0;0;0;0;0;0
276995;724;2022;Mediocentro;1;20;0;6.7;0;0;0;0;4;0;4.0;1;0;0;1;1;0;0;0;0;0;0;0;0;0;0;0
310683;724;2022;Mediocentro;1;0;0;0.0;0;0;0;0;0;0;0.0;0;0;0;0;0;0;0;0;0;0;0;0;0;0;0;0
327552;724;2022;Portero;1;0;0;0.0;0;0;0;0;0;0;0.0;0;0;0;0;0;0;0;0;0;0;0;0;0;0;0;0
337963;724;2022;Portero;14;0;0;0.0;0;0;0;0;0;0;0.0;0;0;0;0;0;0;0;0;0;0;0;0;0;0;0;0
347877;724;2022;Mediocentro;1;0;0;0.0;0;0;0;0;0;0;0.0;0;0;0;0;0;0;0;0;0;0;0;0;0;0;0;0
351235;724;2022;Defensa;2;0;0;0.0;0;0;0;0;0;0;0.0;0;0;0;0;0;0;0;0;0;0;0;0;0;0;0;0
353865;724;2022;Portero;3;0;0;0.0;0;0;0;0;0;0;0.0;0;0;0;0;0;0;0;0;0;0;0;0;0;0;0;0
378284;724;2022;Mediocentro;1;0;0;0.0;0;0;0;0;0;0;0.0;0;0;0;0;0;0;0;0;0;0;0;0;0;0;0;0
386491;724;2022;Delantero;6;44;0;6.904545;0;1;0;0;9;1;1.33;2;0;0;9;7;4;0;2;1;0;0;0;0;0;0;0
1825;727;2022;Mediocentro;34;2496;31;6.816827;1;0;19;4;1162;9;27.59;49;3;41;330;175;31;64;17;10;22;10;0;0;0;0;0
46646;727;2022;Portero;36;1530;17;6.847059;0;0;0;0;552;1;9.19;2;0;1;11;9;4;1;1;1;0;3;0;0;23;49;1
46649;727;2022;Portero;17;0;0;0.0;0;0;0;0;0;0;0.0;0;0;0;0;0;0;0;0;0;0;0;0;0;0;0;0
46652;727;2022;Defensa;36;1718;20;6.740861;0;1;5;2;793;3;17.67;23;14;19;129;68;4;22;6;4;5;6;1;0;0;0;0
46653;727;2022;Defensa;33;2683;31;6.917555;2;0;12;3;1420;5;34.88;33;13;45;229;135;15;54;3;3;3;8;1;0;0;0;0
46654;727;2022;Defensa;35;1802;20;6.907547;0;1;4;1;878;3;21.17;20;21;28;114;68;12;14;6;6;14;1;0;0;0;0;0
46657;727;2022;Defensa;24;1246;15;6.642055;0;0;8;2;454;3;14.38;27;4;19;165;82;17;28;23;10;15;4;0;0;0;0;0
46658;727;2022;Mediocentro;33;1155;11;6.881732;2;2;17;4;482;26;11.61;20;1;10;138;54;17;14;14;5;17;2;0;0;0;0;0
46660;727;2022;Mediocentro;3;0;0;0.0;0;0;0;0;0;0;0.0;0;0;0;0;0;0;0;0;0;0;0;0;0;0;0;0
46662;727;2022;Mediocentro;37;2444;25;6.877087;1;3;25;9;1313;28;28.89;56;5;17;199;94;17;35;7;4;43;6;0;0;0;0;0
46666;727;2022;Mediocentro;15;14;0;5.264286;0;0;0;0;11;2;0.73;0;0;0;3;1;0;0;2;1;0;0;0;0;0;0;0
46667;727;2022;Delantero;38;1334;15;6.884783;1;6;15;6;364;27;7.26;15;0;4;188;76;15;18;82;38;15;1;0;0;0;0;0
46700;727;2022;Portero;1;0;0;0.0;0;0;0;0;0;0;0.0;0;0;0;0;0;0;0;0;0;0;0;0;0;0;0;0
46746;727;2022;Delantero;37;1812;22;6.971192;8;0;49;21;307;11;5.19;19;0;5;348;153;23;48;30;15;8;5;0;0;0;0;0
46967;727;2022;Defensa;36;2064;21;6.732267;0;0;1;0;776;15;17.36;25;8;13;114;58;9;17;11;6;10;7;0;0;0;0;0
47361;727;2022;Mediocentro;27;1045;9;6.757799;1;1;9;4;364;7;11.15;29;2;12;117;62;14;16;8;4;11;5;0;0;0;0;0
47391;727;2022;Defensa;22;1288;14;6.737422;0;1;10;2;453;10;15.0;33;8;18;165;79;14;26;27;18;19;2;1;0;0;0;0
47396;727;2022;Delantero;37;1009;7;6.72329;2;0;35;12;235;13;4.54;6;1;1;197;88;26;26;18;12;3;5;0;1;0;0;0
47448;727;2022;Portero;38;1890;21;7.133333;0;0;0;0;702;0;11.32;1;0;2;6;4;0;0;0;0;1;1;0;0;19;59;0
47574;727;2022;Mediocentro;34;2466;28;7.107664;3;2;15;9;1431;52;37.38;26;3;10;167;84;26;14;35;25;15;5;0;0;0;0;0
47579;727;2022;Delantero;33;1724;23;6.946984;8;2;49;24;432;18;7.91;8;1;8;213;93;35;25;30;16;16;7;1;2;0;0;0
64309;727;2022;Defensa;38;2122;22;6.708954;0;2;9;3;886;28;19.0;51;5;15;203;91;10;26;39;16;30;3;0;0;0;0;0
67939;727;2022;Mediocentro;33;2020;23;6.810198;3;6;19;8;806;32;19.55;26;1;25;294;128;61;36;47;25;20;6;0;1;0;0;0
139001;727;2022;Mediocentro;38;1081;12;6.659204;0;1;15;6;375;11;7.34;30;2;7;181;78;16;22;15;9;23;1;0;0;0;0;0
181421;727;2022;Delantero;28;1517;19;6.852604;4;2;27;16;450;12;11.93;31;0;4;253;122;34;27;96;53;10;4;2;0;0;0;0
182592;727;2022;Defensa;9;26;1;4.9;0;0;0;0;5;0;0.33;0;0;0;4;3;0;1;0;0;0;0;1;0;0;0;0
182621;727;2022;Mediocentro;13;250;2;6.6312;0;0;2;1;109;0;6.85;1;1;3;24;12;4;5;1;1;3;0;0;0;0;0;0
182657;727;2022;Portero;3;0;0;0.0;0;0;0;0;0;0;0.0;0;0;0;0;0;0;0;0;0;0;0;0;0;0;0;0
195918;727;2022;Defensa;18;641;7;6.590328;0;0;4;1;228;3;8.89;4;4;5;42;16;4;3;10;3;5;1;0;0;0;0;0
288800;727;2022;Mediocentro;9;176;2;6.746591;0;0;0;0;35;3;3.0;4;0;2;25;10;2;2;8;3;2;0;0;0;0;0;0
289788;727;2022;Portero;5;0;0;0.0;0;0;0;0;0;0;0.0;0;0;0;0;0;0;0;0;0;0;0;0;0;0;0;0
52;728;2022;Delantero;38;2411;27;6.88063;6;5;61;19;511;28;10.55;16;1;2;209;78;19;12;41;16;12;1;0;0;0;0;0
119;728;2022;Delantero;32;619;3;6.487237;2;0;16;5;166;3;3.84;4;1;2;111;43;14;16;15;2;6;4;0;1;0;0;0
736;728;2022;Defensa;38;3408;38;6.834742;2;3;24;11;1556;29;33.34;86;8;44;271;148;26;22;59;29;41;1;0;0;0;0;0
15900;728;2022;Defensa;34;935;9;6.466524;0;0;4;1;381;1;8.62;11;5;9;74;36;8;7;8;4;4;2;0;0;0;0;0
18895;728;2022;Defensa;35;2569;31;6.915181;4;0;30;14;1395;8;31.49;28;16;15;165;100;9;23;6;4;8;6;3;0;0;0;0
20520;728;2022;Defensa;37;3237;37;6.706766;0;0;5;1;1325;32;28.62;54;3;25;235;128;34;42;24;12;11;6;0;0;0;0;0
41552;728;2022;Mediocentro;38;1274;12;6.77237;1;0;15;5;692;6;15.05;39;10;21;193;91;13;38;10;5;19;4;0;0;0;0;0
46775;728;2022;Mediocentro;34;525;4;6.532381;0;0;7;3;153;7;2.97;13;0;2;64;29;10;8;8;2;6;2;0;0;0;0;0
46914;728;2022;Defensa;30;1;0;0.0;0;0;0;0;0;0;0.0;0;0;0;0;0;0;0;0;0;0;1;0;0;0;0;0
47109;728;2022;Mediocentro;34;2564;29;6.746646;0;0;7;1;1168;19;28.12;92;9;44;390;176;50;75;18;7;73;11;0;0;0;0;0
47209;728;2022;Mediocentro;24;226;3;6.39823;0;0;4;3;61;1;1.46;4;0;1;27;14;3;5;4;2;2;1;0;0;0;0;0
47285;728;2022;Mediocentro;38;1257;12;6.693556;1;2;18;10;860;22;19.13;31;1;15;163;67;17;22;26;12;23;2;0;0;0;0;0
47327;728;2022;Portero;32;99;1;5.272727;0;0;0;0;24;0;0.53;0;0;0;0;0;0;0;0;0;0;0;0;0;4;1;0
47527;728;2022;Portero;38;3325;37;6.801203;0;0;0;0;915;1;12.92;1;0;1;15;13;3;0;0;0;1;4;0;0;49;95;0
47529;728;2022;Portero;10;0;0;0.0;0;0;0;0;0;0;0.0;0;0;0;0;0;0;0;0;0;0;0;0;0;0;0;0
47533;728;2022;Defensa;35;3105;35;6.916232;1;1;12;5;1811;7;42.86;29;25;28;216;126;15;32;2;2;14;14;1;0;0;0;0
47541;728;2022;Mediocentro;35;2468;29;6.85863;3;2;16;7;1217;41;29.11;71;3;32;350;166;28;49;53;35;41;6;0;0;0;0;0
47543;728;2022;Mediocentro;35;2885;34;6.968666;5;5;38;21;817;48;16.71;49;4;34;221;114;32;36;46;21;22;7;0;0;0;0;0
47549;728;2022;Mediocentro;31;123;1;6.310569;0;0;0;0;41;2;1.1;2;0;1;22;10;4;2;6;2;0;0;0;0;0;0;0
47550;728;2022;Defensa;34;18;0;6.3;0;0;0;0;3;0;0.06;0;0;0;1;0;0;0;0;0;0;0;1;0;0;0;0
47551;728;2022;Delantero;21;834;9;6.929257;4;0;33;16;145;9;5.33;3;0;0;122;55;23;21;25;17;4;2;0;1;0;0;0
47553;728;2022;Delantero;17;62;0;6.356452;0;0;2;0;19;2;0.94;0;0;0;17;5;2;2;7;3;2;1;0;0;0;0;0
47557;728;2022;Mediocentro;34;2164;28;6.619963;3;4;18;8;962;43;23.44;47;3;10;452;178;65;77;97;55;32;9;0;1;0;0;0
107207;728;2022;Defensa;37;103;1;5.950485;0;0;1;0;31;0;0.68;3;0;2;13;4;1;1;1;0;4;1;0;0;0;0;0
122657;728;2022;Mediocentro;14;126;0;6.422222;0;0;2;0;64;1;3.5;4;0;2;32;15;5;4;5;1;0;0;1;0;0;0;0
131546;728;2022;Mediocentro;37;2987;36;7.102109;9;5;65;24;1163;66;24.84;45;3;18;494;223;104;37;95;44;38;4;0;1;0;0;0
181734;728;2022;Defensa;34;381;2;6.622835;0;2;1;0;146;11;3.18;6;0;2;53;24;4;11;14;6;3;1;0;0;0;0;0
333378;728;2022;Mediocentro;6;1;0;0.0;0;0;0;0;2;0;0.17;0;0;1;1;1;0;0;0;0;0;0;0;0;0;0;0
377197;728;2022;Mediocentro;8;11;0;5.636364;0;0;0;0;2;0;0.25;0;0;0;6;1;1;2;1;0;1;0;0;0;0;0;0
146;797;2022;Mediocentro;27;720;8;6.964722;1;1;11;6;314;20;9.81;26;1;2;101;55;10;9;30;15;5;1;0;0;0;0;0
414;797;2022;Mediocentro;28;2450;28;6.962857;0;1;8;3;1242;20;38.46;53;19;43;211;115;17;21;29;19;33;6;0;0;0;0;0
534;797;2022;Defensa;20;915;11;6.791038;0;0;4;2;388;2;16.15;20;5;13;76;43;5;15;1;1;2;0;1;0;0;0;0
608;797;2022;Delantero;35;2471;29;6.875597;7;2;56;21;631;29;14.4;36;5;15;468;206;45;61;125;77;17;7;1;0;0;0;0
612;797;2022;Delantero;36;1123;8;6.489938;4;0;20;9;288;11;6.03;9;1;1;179;58;9;32;14;5;7;2;1;0;0;0;0
660;797;2022;Mediocentro;13;40;0;6.26;0;0;0;0;19;0;1.08;0;0;0;7;0;0;3;1;0;1;1;1;0;0;0;0
781;797;2022;Mediocentro;7;10;0;6.2;0;0;0;0;7;0;0.86;0;0;0;2;0;0;1;0;0;0;0;0;0;0;0;0
1983;797;2022;Defensa;34;1655;19;6.74284;0;0;7;3;709;1;17.15;33;15;18;152;92;10;34;5;3;9;6;1;0;0;0;0
2486;797;2022;Defensa;26;1919;23;6.65357;0;0;4;3;672;7;19.92;39;12;20;171;92;19;30;23;13;7;7;0;0;0;0;0
18807;797;2022;Mediocentro;13;269;2;6.294796;0;0;4;0;136;3;8.92;3;0;3;40;17;11;5;7;3;2;3;1;0;0;0;0
18893;797;2022;Defensa;5;90;1;6.9;0;0;0;0;14;0;1.6;1;0;2;4;2;0;0;0;0;0;0;0;0;0;0;0
30525;797;2022;Defensa;31;634;7;6.577445;1;0;1;1;234;7;5.94;14;2;6;62;32;3;4;17;7;5;1;0;0;0;0;0
46651;797;2022;Defensa;37;2646;31;6.808352;0;1;8;3;1068;16;22.46;75;7;27;257;151;31;32;48;25;19;5;0;0;0;0;0
46812;797;2022;Portero;38;180;2;6.5;0;0;0;0;60;0;1.13;0;0;0;2;1;0;0;1;1;1;0;0;0;4;5;0
46817;797;2022;Defensa;32;955;8;6.29822;0;0;6;0;369;0;9.19;12;12;7;71;37;5;17;3;1;4;5;0;0;0;0;0
46961;797;2022;Portero;36;3240;36;6.977778;0;0;0;0;902;0;17.42;1;0;0;19;16;6;1;0;0;1;2;0;0;63;139;3
46965;797;2022;Defensa;31;710;9;6.590282;1;0;8;2;338;0;8.68;10;6;10;72;43;5;10;0;0;4;0;2;0;0;0;0
46973;797;2022;Defensa;36;1087;9;6.635787;1;3;5;3;411;15;9.67;25;0;7;129;69;18;10;31;21;12;3;0;0;0;0;0
47002;797;2022;Mediocentro;28;1732;21;6.718533;3;2;9;3;824;28;21.86;14;0;5;180;68;19;10;68;32;34;6;0;1;0;0;0
47057;797;2022;Mediocentro;37;1092;12;6.380952;0;0;14;8;398;2;8.78;17;3;8;103;50;22;8;13;5;10;1;0;0;0;0;0
47182;797;2022;Mediocentro;36;2090;23;6.777656;4;0;37;14;630;16;14.14;33;3;25;252;121;21;32;73;32;19;5;0;0;0;0;0
47378;797;2022;Defensa;32;2026;25;6.759576;0;0;16;8;1025;0;25.94;37;14;33;150;100;16;17;8;5;9;3;2;0;0;0;0
47398;797;2022;Delantero;32;1878;21;6.763525;6;1;26;11;561;14;12.56;32;3;9;241;117;44;19;37;14;27;7;0;3;0;0;0
47414;797;2022;Mediocentro;35;2744;31;7.206924;1;6;36;18;1267;73;29.6;46;8;28;228;96;21;51;16;7;32;11;0;0;0;0;0
47471;797;2022;Delantero;18;667;8;6.512744;0;1;3;2;152;10;6.39;5;0;1;71;25;11;16;7;3;4;2;0;0;0;0;0
64268;797;2022;Defensa;3;270;3;6.8;0;0;0;0;132;3;33.0;6;2;4;31;17;3;4;8;4;1;2;0;0;0;0;0
75414;797;2022;Defensa;30;515;3;6.37068;0;1;2;2;184;13;4.8;23;0;5;77;36;9;11;10;3;8;2;0;0;0;0;0
122657;797;2022;Delantero;15;731;10;6.636799;0;0;11;4;169;6;7.87;15;3;4;145;59;17;21;23;12;9;1;0;0;0;0;0
163208;797;2022;Defensa;3;0;0;0.0;0;0;0;0;0;0;0.0;0;0;0;0;0;0;0;0;0;0;0;0;0;0;0;0
189051;797;2022;Portero;1;0;0;0.0;0;0;0;0;0;0;0.0;0;0;0;0;0;0;0;0;0;0;0;0;0;0;0;0
189866;797;2022;Mediocentro;24;1094;13;6.663071;0;0;2;0;421;2;14.79;20;7;13;113;61;8;23;7;5;7;3;1;0;0;0;0
195923;797;2022;Mediocentro;9;592;8;6.635135;1;0;4;3;147;4;11.78;16;2;8;89;38;7;19;17;9;10;5;1;0;0;0;0
289444;797;2022;Defensa;23;878;9;6.434852;0;2;1;1;248;12;6.91;16;1;2;75;27;2;7;22;9;17;2;0;0;0;0;0
311746;797;2022;Defensa;5;0;0;0.0;0;0;0;0;0;0;0.0;0;0;0;0;0;0;0;0;0;0;0;0;0;0;0;0
332315;797;2022;Mediocentro;2;14;0;6.3;0;0;0;0;1;0;0.5;0;0;0;3;0;0;2;1;0;0;0;0;0;0;0;0
339804;797;2022;Mediocentro;2;0;0;0.0;0;0;0;0;0;0;0.0;0;0;0;0;0;0;0;0;0;0;0;0;0;0;0;0
341371;797;2022;Mediocentro;2;0;0;0.0;0;0;0;0;0;0;0.0;0;0;0;0;0;0;0;0;0;0;0;0;0;0;0;0
348328;797;2022;Portero;7;0;0;0.0;0;0;0;0;0;0;0.0;0;0;0;0;0;0;0;0;0;0;0;0;0;0;0;0
364416;797;2022;Portero;10;0;0;0.0;0;0;0;0;0;0;0.0;0;0;0;0;0;0;0;0;0;0;0;0;0;0;0;0
403;798;2022;Defensa;24;903;10;6.700997;1;0;3;2;295;0;9.88;10;4;17;39;19;0;12;0;0;2;3;0;0;0;0;0
927;798;2022;Mediocentro;36;2840;33;7.141549;6;6;31;14;877;55;19.56;42;2;11;441;215;61;51;123;89;43;10;0;0;0;0;0
1484;798;2022;Mediocentro;24;690;8;6.56942;0;0;1;0;229;1;7.71;12;7;5;66;34;11;11;1;0;7;5;0;0;0;0;0
1687;798;2022;Defensa;33;2608;30;6.717945;0;1;10;6;883;31;20.0;50;5;22;232;122;32;44;22;10;22;11;0;0;0;0;0
1701;798;2022;Mediocentro;18;713;9;6.84418;1;0;4;2;223;3;10.56;22;5;5;84;45;8;6;12;9;11;3;0;0;0;0;0
2208;798;2022;Mediocentro;35;728;6;6.794505;0;0;3;2;319;12;7.11;21;1;6;87;40;13;21;5;3;8;7;0;0;0;0;0
2610;798;2022;Defensa;31;925;9;6.714919;0;2;2;0;345;5;8.84;16;2;7;100;53;17;16;14;8;12;5;0;0;0;0;0
2814;798;2022;Portero;38;3240;36;6.886111;0;0;0;0;1083;4;15.61;0;0;0;18;12;3;1;5;4;2;3;0;0;40;94;1
2852;798;2022;Defensa;10;142;1;6.356338;0;0;0;0;54;1;3.8;2;0;1;11;7;1;1;0;0;2;0;0;0;0;0;0
3084;798;2022;Delantero;26;549;5;6.821858;1;0;14;6;140;3;3.65;6;2;2;92;47;3;6;14;9;4;1;0;0;0;0;0
6048;798;2022;Defensa;18;223;2;6.690583;0;0;1;0;67;1;3.11;5;1;2;20;10;3;5;2;2;3;0;0;0;0;0;0
26302;798;2022;Defensa;35;2978;34;6.83724;2;4;16;5;851;35;17.23;75;11;26;370;202;45;32;70;35;33;6;1;0;0;0;0
30406;798;2022;Delantero;4;0;0;0.0;0;0;0;0;0;0;0.0;0;0;0;0;0;0;0;0;0;0;0;0;0;0;0;0
46733;798;2022;Defensa;31;2766;31;7.095228;2;3;11;5;1082;7;29.03;34;29;31;249;150;21;42;3;2;5;11;1;0;0;0;0
46736;798;2022;Defensa;16;147;2;6.759184;0;0;0;0;60;0;2.81;2;0;3;11;7;2;0;0;0;1;0;0;0;0;0;0
46738;798;2022;Defensa;32;2659;30;6.898646;0;0;4;2;1071;3;26.88;36;21;29;152;81;11;33;2;0;8;8;0;0;0;0;0
46739;798;2022;Mediocentro;35;1753;20;6.688876;0;0;10;2;580;5;13.57;31;8;11;203;108;30;31;15;10;16;5;0;0;0;0;0
46742;798;2022;Mediocentro;35;2115;26;6.832861;3;6;16;10;647;27;15.14;42;8;21;282;115;33;49;51;27;24;8;0;0;0;0;0
46749;798;2022;Delantero;14;67;0;6.650746;0;0;2;1;16;0;0.86;1;0;0;12;7;1;3;1;1;0;0;0;0;0;0;0
46751;798;2022;Delantero;38;448;2;6.489509;1;1;5;4;91;7;1.53;1;0;0;85;23;6;5;7;2;0;1;0;0;0;0;0
47007;798;2022;Mediocentro;30;2468;28;6.866329;0;1;6;2;1180;21;33.43;54;9;30;280;138;46;60;30;18;32;12;0;0;0;0;0
47266;798;2022;Delantero;35;413;2;6.501937;1;0;12;7;79;3;1.66;1;0;1;46;19;6;9;6;2;2;0;0;0;0;0;0
50048;798;2022;Delantero;35;2953;34;7.029902;15;3;63;30;816;21;13.43;12;7;12;540;261;39;59;27;12;10;6;1;4;0;0;0
53517;798;2022;Defensa;16;616;7;6.698377;0;0;5;1;177;0;8.56;9;4;3;46;27;2;6;0;0;0;1;0;0;0;0;0
61142;798;2022;Portero;25;90;1;6.9;0;0;0;0;36;0;0.84;0;0;0;0;0;0;0;0;0;0;0;0;0;3;5;0
104793;798;2022;Delantero;31;1231;12;6.55264;2;0;15;7;274;2;6.55;29;1;5;173;75;24;35;30;14;8;2;1;0;0;0;0
107194;798;2022;Mediocentro;37;1108;11;6.423375;0;0;8;5;389;6;7.62;19;0;22;151;52;15;26;25;11;23;5;0;0;0;0;0
127377;798;2022;Defensa;6;0;0;0.0;0;0;0;0;0;0;0.0;0;0;0;0;0;0;0;0;0;0;0;0;0;0;0;0
170541;798;2022;Defensa;8;0;0;0.0;0;0;0;0;0;0;0.0;0;0;0;0;0;0;0;0;0;0;0;0;0;0;0;0
179139;798;2022;Portero;31;90;1;7.6;0;0;0;0;39;0;0.84;0;0;0;0;0;0;0;0;0;0;0;0;0;0;4;0
181582;798;2022;Defensa;34;2214;27;6.967525;1;0;6;1;856;3;19.38;53;17;44;214;135;24;47;21;19;8;7;1;0;0;0;0
185715;798;2022;Defensa;21;58;1;6.367241;0;0;0;0;7;0;0.29;0;2;1;3;1;0;0;0;0;0;0;0;0;0;0;0
208055;798;2022;Defensa;1;0;0;0.0;0;0;0;0;0;0;0.0;0;0;0;0;0;0;0;0;0;0;0;0;0;0;0;0
237252;798;2022;Portero;6;0;0;0.0;0;0;0;0;0;0;0.0;0;0;0;0;0;0;0;0;0;0;0;0;0;0;0;0
293604;798;2022;Delantero;8;16;0;6.3;0;0;0;0;4;0;0.5;0;0;0;1;0;0;0;0;0;0;0;0;0;0;0;0
333439;798;2022;Mediocentro;2;3;0;0.0;0;0;0;0;2;0;1.0;0;0;0;0;0;0;0;0;0;0;0;0;0;0;0;0
350073;798;2022;Defensa;7;0;0;0.0;0;0;0;0;0;0;0.0;0;0;0;0;0;0;0;0;0;0;0;0;0;0;0;0
126;529;2023;Portero;35;900;10;6.64;0;0;0;0;251;0;6.09;0;0;0;6;5;1;0;0;0;1;0;0;0;17;22;0
127;529;2023;Portero;28;2520;28;7.178571;0;0;0;0;920;1;29.07;0;0;0;5;5;1;0;0;0;0;3;0;0;27;75;0
137;529;2023;Mediocentro;28;863;10;7.096176;3;2;10;4;629;9;20.29;15;2;8;70;37;7;8;4;3;8;4;0;0;0;0;0
521;529;2023;Delantero;35;2758;32;7.304532;19;8;69;43;566;27;11.69;8;4;9;275;137;55;23;53;23;9;5;0;4;0;0;0
538;529;2023;Mediocentro;21;1637;20;7.493769;2;0;5;4;1639;22;72.67;43;8;14;173;101;22;19;21;13;11;7;0;0;0;0;0
583;529;2023;Delantero;31;1548;18;7.161434;7;3;45;25;628;19;16.97;22;1;10;237;112;54;21;80;29;14;3;0;0;0;0;0
619;529;2023;Defensa;3;56;0;6.7;0;0;1;0;44;0;14.0;0;1;0;2;1;0;1;0;0;0;1;0;0;0;0;0
633;529;2023;Mediocentro;37;2997;33;7.482549;5;9;32;17;2336;97;57.16;31;4;21;223;114;42;16;54;34;27;5;0;1;0;0;0
855;529;2023;Defensa;32;2507;29;7.377942;2;4;18;10;1556;35;41.16;65;6;29;323;176;26;40;99;61;21;7;0;0;0;0;0
931;529;2023;Delantero;31;1213;12;7.089118;7;2;25;15;418;26;10.87;9;1;5;94;39;16;8;22;10;11;2;0;0;0;0;0
1257;529;2023;Defensa;37;2899;32;7.204726;1;2;15;7;2518;23;61.84;38;12;26;259;143;16;22;35;18;23;4;0;0;0;0;0
1496;529;2023;Delantero;30;1379;17;7.521972;6;9;47;22;587;41;15.83;14;1;13;135;72;25;17;43;24;14;4;1;1;0;0;0
2278;529;2023;Defensa;21;250;3;7.3504;0;0;3;2;172;5;7.29;5;0;4;32;16;6;7;5;3;1;0;0;0;0;0;0
2282;529;2023;Defensa;36;1990;27;6.958241;2;2;9;4;1564;7;40.97;23;10;21;162;90;10;26;6;3;12;4;0;0;0;0;0
2670;529;2023;Defensa;27;1302;13;7.202151;0;0;5;1;1118;1;36.74;10;10;11;94;54;11;10;1;0;2;5;0;0;0;0;0
18949;529;2023;Mediocentro;37;946;11;6.914905;0;1;6;2;798;8;19.32;35;2;11;118;63;11;15;5;4;12;4;0;0;0;0;0
101814;529;2023;Defensa;32;1994;21;7.044534;1;2;17;9;1587;8;44.47;27;11;11;160;104;9;25;10;8;4;6;0;0;0;0;0
133609;529;2023;Mediocentro;24;1487;16;7.340484;4;2;11;7;1166;37;42.67;33;3;14;144;74;22;11;36;16;19;3;0;0;0;0;0
135775;529;2023;Delantero;3;47;0;6.738298;0;0;6;1;27;0;7.67;0;0;0;10;6;4;0;2;1;1;0;0;0;0;0;0
161928;529;2023;Defensa;20;1378;15;6.861176;0;1;2;1;669;13;29.6;19;1;5;130;69;18;8;40;20;4;1;0;0;0;0;0
181421;529;2023;Delantero;3;67;0;6.595522;0;0;4;1;26;2;6.0;1;0;0;15;7;3;1;4;2;1;0;0;0;0;0;0
237249;529;2023;Defensa;3;0;0;0.0;0;0;0;0;0;0;0.0;0;0;0;0;0;0;0;0;0;0;0;0;0;0;0;0
263530;529;2023;Delantero;3;0;0;0.0;0;0;0;0;0;0;0.0;0;0;0;0;0;0;0;0;0;0;0;0;0;0;0;0
296667;529;2023;Mediocentro;12;943;10;7.160551;1;1;8;4;527;11;40.17;39;3;8;177;87;23;31;20;12;18;5;0;0;0;0;0
329728;529;2023;Mediocentro;21;18;0;6.9;0;0;0;0;8;0;0.38;1;0;1;3;3;2;0;0;0;0;0;0;0;0;0;0
336557;529;2023;Mediocentro;1;0;0;0.0;0;0;0;0;0;0;0.0;0;0;0;0;0;0;0;0;0;0;0;0;0;0;0;0
336653;529;2023;Portero;23;0;0;0.0;0;0;0;0;0;0;0.0;0;0;0;0;0;0;0;0;0;0;0;0;0;0;0;0
340279;529;2023;Delantero;19;319;2;6.542633;2;0;10;6;64;1;2.58;3;0;0;59;21;11;13;13;4;2;4;1;0;0;0;0
340626;529;2023;Mediocentro;37;1451;14;7.039008;8;0;42;25;606;18;13.92;41;1;4;216;87;17;43;33;21;26;2;0;0;0;0;0
348539;529;2023;Mediocentro;7;0;0;0.0;0;0;0;0;0;0;0.0;0;0;0;0;0;0;0;0;0;0;0;0;0;0;0;0
383647;529;2023;Portero;26;0;0;0.0;0;0;0;0;0;0;0.0;0;0;0;0;0;0;0;0;0;0;0;0;0;0;0;0
386828;529;2023;Delantero;38;2197;22;7.582658;5;5;44;21;1026;38;22.71;61;0;19;328;185;52;23;129;70;27;3;0;0;0;0;0
386859;529;2023;Defensa;24;330;4;6.731818;0;2;1;0;204;3;7.5;6;0;2;33;10;1;8;7;3;6;0;0;0;0;0;0
391311;529;2023;Portero;1;0;0;0.0;0;0;0;0;0;0;0.0;0;0;0;0;0;0;0;0;0;0;0;0;0;0;0;0
392270;529;2023;Delantero;16;82;1;6.895122;1;0;2;1;8;1;0.5;1;0;0;10;5;2;1;0;0;0;1;0;0;0;0;0
396623;529;2023;Defensa;26;1562;18;7.053137;0;0;3;0;1479;5;52.19;22;16;13;106;55;2;15;4;3;5;4;0;0;0;0;0
396630;529;2023;Mediocentro;1;0;0;0.0;0;0;0;0;0;0;0.0;0;0;0;0;0;0;0;0;0;0;0;0;0;0;0;0
20;530;2023;Defensa;36;2783;30;7.027668;2;0;6;3;1818;3;46.61;36;21;16;191;125;29;24;8;5;8;5;0;0;0;0;0
29;530;2023;Portero;38;3420;38;6.976316;0;0;0;0;842;0;15.71;0;0;0;12;11;2;0;1;1;0;1;0;0;43;102;0
31;530;2023;Defensa;24;1322;14;6.874735;0;0;7;1;652;2;23.54;18;12;10;100;53;2;17;3;2;11;5;0;0;0;0;0
39;530;2023;Defensa;32;1635;19;6.885443;0;0;5;1;971;1;25.38;27;15;27;150;87;6;16;8;8;15;7;1;0;0;0;0
45;530;2023;Mediocentro;5;167;3;6.705988;0;0;1;0;77;1;13.8;3;0;0;15;6;2;3;2;1;1;0;0;0;0;0;0
48;530;2023;Mediocentro;37;1372;14;7.093805;1;4;13;4;659;13;14.59;65;9;14;242;133;14;42;13;8;18;10;1;0;0;0;0
50;530;2023;Mediocentro;35;2502;32;7.069544;0;4;6;2;2237;27;58.14;64;12;15;205;103;19;19;11;5;41;5;0;0;0;0;0
53;530;2023;Delantero;35;1532;14;7.217559;9;2;34;20;469;32;10.69;22;0;2;193;85;32;24;53;26;12;3;0;1;0;0;0
56;530;2023;Delantero;34;2655;31;7.49774;16;6;56;34;1243;43;30.24;33;3;10;203;95;26;16;37;22;26;5;0;4;0;0;0
59;530;2023;Delantero;34;1914;21;7.041797;15;3;60;34;373;15;7.76;16;3;1;223;112;35;33;33;17;2;4;1;0;0;0;0
583;530;2023;Delantero;2;0;0;0.0;0;0;0;0;0;0;0.0;0;0;0;0;0;0;0;0;0;0;0;0;0;0;0;0
667;530;2023;Delantero;26;894;9;6.882438;5;1;31;15;246;13;7.19;5;0;1;109;43;16;14;35;18;3;2;0;0;0;0;0
753;530;2023;Mediocentro;37;2570;29;7.022062;6;4;27;19;1068;27;24.05;40;11;13;212;95;27;31;23;12;27;5;0;0;0;0;0
915;530;2023;Defensa;14;405;5;6.922222;0;0;1;1;273;2;17.14;7;3;4;32;20;0;4;0;0;1;1;0;0;0;0;0
2280;530;2023;Defensa;29;1421;14;6.934553;0;2;2;2;907;15;26.93;25;6;16;124;59;12;29;4;1;7;4;0;0;0;0;0
2472;530;2023;Mediocentro;34;2085;25;7.335683;3;5;24;12;1475;39;37.21;31;1;11;207;124;59;26;49;29;23;7;0;0;0;0;0
2669;530;2023;Defensa;35;2557;29;7.086899;0;1;13;4;1782;17;44.31;45;9;29;228;124;23;32;18;11;23;9;0;0;0;0;0
2923;530;2023;Defensa;3;223;3;7.1287;0;1;2;1;75;4;19.33;4;0;1;22;11;2;2;6;5;5;0;0;0;0;0;0
6503;530;2023;Defensa;32;1857;19;6.879429;2;3;8;5;1017;19;24.44;38;3;9;163;78;16;20;30;16;28;4;1;0;0;0;0
14382;530;2023;Portero;18;0;0;0.0;0;0;0;0;0;0;0.0;0;0;0;0;0;0;0;0;0;0;0;0;0;0;0;0
18776;530;2023;Defensa;14;110;1;6.27;0;0;0;0;81;0;5.07;1;0;1;9;4;1;3;1;1;0;0;1;0;0;0;0
22225;530;2023;Defensa;24;728;7;7.074451;2;1;4;3;360;5;12.92;30;2;15;93;58;8;14;15;8;3;2;0;0;0;0;0
42642;530;2023;Portero;18;0;0;0.0;0;0;0;0;0;0;0.0;0;0;0;0;0;0;0;0;0;0;0;0;0;0;0;0
47566;530;2023;Defensa;20;90;0;6.92;0;0;0;0;45;2;1.75;4;0;1;19;13;4;1;2;2;1;1;0;0;0;0;0
126936;530;2023;Mediocentro;36;2087;25;7.289459;4;5;33;21;927;35;21.44;62;1;14;303;167;56;26;68;40;34;0;0;0;0;0;0
136117;530;2023;Mediocentro;38;1525;17;6.992262;3;5;29;16;578;29;12.11;30;0;9;193;86;29;11;60;22;28;1;0;0;0;0;0
162138;530;2023;Defensa;6;0;0;0.0;0;0;0;0;0;0;0.0;0;0;0;0;0;0;0;0;0;0;0;0;0;0;0;0
333379;530;2023;Portero;38;0;0;0.0;0;0;0;0;0;0;0.0;0;0;0;0;0;0;0;0;0;0;0;0;0;0;0;0
336587;530;2023;Delantero;8;12;0;6.3;0;0;0;0;3;0;0.38;1;0;0;5;1;0;1;0;0;0;0;0;0;0;0;0
336590;530;2023;Mediocentro;3;0;0;0.0;0;0;0;0;0;0;0.0;0;0;0;0;0;0;0;0;0;0;0;0;0;0;0;0
336594;530;2023;Mediocentro;24;1556;17;7.060925;0;1;12;7;840;16;30.08;45;3;28;214;119;24;23;45;36;21;5;0;0;0;0;0
338508;530;2023;Defensa;7;0;0;0.0;0;0;0;0;0;0;0.0;0;0;0;0;0;0;0;0;0;0;0;0;0;0;0;0
340154;530;2023;Mediocentro;18;159;2;6.583019;0;0;0;0;89;2;4.17;1;0;6;19;3;1;7;1;0;1;2;0;0;0;0;0
386849;530;2023;Delantero;1;9;0;6.5;0;0;0;0;0;0;0.0;0;0;0;2;1;1;0;0;0;1;0;0;0;0;0;0
386850;530;2023;Delantero;2;0;0;0.0;0;0;0;0;0;0;0.0;0;0;0;0;0;0;0;0;0;0;0;0;0;0;0;0
386872;530;2023;Portero;1;0;0;0.0;0;0;0;0;0;0;0.0;0;0;0;0;0;0;0;0;0;0;0;0;0;0;0;0
451311;530;2023;Delantero;1;0;0;0.0;0;0;0;0;0;0;0.0;0;0;0;0;0;0;0;0;0;0;0;0;0;0;0;0
898;531;2023;Mediocentro;29;1024;10;7.031836;0;3;8;2;736;13;22.0;44;6;15;145;74;11;21;9;5;16;4;0;0;0;0;0
2672;531;2023;Mediocentro;35;607;5;6.790115;2;0;13;7;378;13;9.6;5;1;0;71;29;11;5;28;12;2;1;0;0;0;0;0
30510;531;2023;Mediocentro;36;1579;15;7.00817;7;3;21;12;445;33;8.97;23;0;5;247;88;22;30;58;22;17;4;0;1;0;0;0
47007;531;2023;Mediocentro;29;2103;25;7.038088;1;1;9;2;1170;27;33.52;50;5;12;272;135;41;54;30;22;25;7;0;0;0;0;0
47270;531;2023;Portero;37;3184;36;7.107224;0;0;0;0;1079;1;15.86;1;0;1;23;21;8;0;0;0;1;2;0;0;33;95;3
47271;531;2023;Defensa;22;1155;14;6.925022;0;0;6;2;702;3;25.82;18;5;11;111;77;14;15;3;2;7;1;1;0;0;0;0
47273;531;2023;Defensa;27;1931;22;7.282703;3;1;14;6;1051;14;32.52;34;9;21;182;109;33;29;12;9;14;5;0;0;0;0;0
47275;531;2023;Defensa;32;2261;26;7.084653;1;5;4;2;1172;21;30.41;57;6;14;177;89;12;22;22;7;29;5;0;0;0;0;0
47276;531;2023;Defensa;36;2001;22;6.786457;0;2;2;0;1024;17;22.94;39;6;16;166;79;7;15;44;18;26;4;0;0;0;0;0
47278;531;2023;Defensa;35;2879;31;6.947239;0;0;7;1;1697;6;40.91;42;25;31;213;107;26;37;9;5;16;6;0;0;0;0;0
47281;531;2023;Mediocentro;28;742;7;6.812803;1;0;6;3;330;2;9.93;17;3;8;65;34;7;11;3;3;12;4;0;0;0;0;0
47282;531;2023;Mediocentro;36;431;1;6.776334;1;0;6;1;130;0;2.19;9;1;3;99;48;10;20;5;2;5;4;0;0;0;0;0
47286;531;2023;Defensa;14;13;0;5.584615;0;0;0;0;8;0;0.36;1;0;0;3;3;0;0;0;0;0;0;0;0;0;0;0
47291;531;2023;Delantero;33;2240;30;7.199598;14;5;46;31;601;27;12.67;34;2;17;341;146;23;45;32;19;21;2;0;0;0;0;0
47294;531;2023;Mediocentro;34;2855;32;7.344904;12;3;75;43;856;44;18.65;24;8;14;333;149;45;32;110;48;21;4;0;0;0;0;0
47418;531;2023;Mediocentro;33;1545;18;6.904207;3;1;15;7;813;7;19.24;40;7;31;189;79;6;28;12;2;31;2;0;2;0;0;0
104853;531;2023;Delantero;38;508;4;6.671457;2;1;12;6;122;9;2.34;2;1;0;84;38;11;7;10;4;0;0;0;0;0;0;0
128398;531;2023;Mediocentro;31;1991;25;7.005123;4;5;33;12;766;42;20.45;19;1;9;228;104;35;30;49;26;13;5;2;0;0;0;0
179153;531;2023;Delantero;3;0;0;0.0;0;0;0;0;0;0;0.0;0;0;0;0;0;0;0;0;0;0;0;0;0;0;0;0
182617;531;2023;Mediocentro;38;1456;16;6.973008;0;0;6;4;782;10;17.18;45;5;23;210;108;23;29;18;12;18;1;0;0;0;0;0
182641;531;2023;Defensa;35;523;5;6.66501;0;0;0;0;260;2;6.2;7;0;8;49;23;2;5;5;4;13;2;0;0;0;0;0
183799;531;2023;Mediocentro;31;2281;29;7.230601;5;11;38;19;661;47;16.87;31;2;3;352;160;37;19;176;84;23;6;1;0;0;0;0
183848;531;2023;Portero;38;236;2;7.186441;0;0;0;0;80;0;1.24;0;0;0;1;1;0;0;0;0;0;0;0;0;4;8;0
183849;531;2023;Defensa;36;2716;31;6.812261;1;0;12;3;1551;4;36.89;19;11;31;176;92;11;37;3;2;7;9;1;0;0;0;0
288525;531;2023;Delantero;36;273;2;6.827473;0;0;2;0;93;1;2.22;8;0;1;58;36;12;5;23;15;1;2;0;0;0;0;0
312468;531;2023;Portero;2;0;0;0.0;0;0;0;0;0;0;0.0;0;0;0;0;0;0;0;0;0;0;0;0;0;0;0;0
313025;531;2023;Defensa;11;0;0;0.0;0;0;0;0;0;0;0.0;0;0;0;0;0;0;0;0;0;0;0;0;0;0;0;0
332305;531;2023;Defensa;9;0;0;0.0;0;0;0;0;0;0;0.0;0;0;0;0;0;0;0;0;0;0;0;0;0;0;0;0
332308;531;2023;Mediocentro;37;890;9;6.77382;2;0;11;8;239;12;5.16;12;2;2;122;56;20;11;25;11;5;1;0;0;0;0;0
383780;531;2023;Mediocentro;15;158;1;6.494937;0;0;2;0;72;2;3.6;0;0;0;27;3;1;4;3;1;6;0;0;0;0;0;0
440413;531;2023;Delantero;4;8;0;6.3;0;0;0;0;3;0;0.5;0;0;0;0;0;0;0;0;0;0;0;0;0;0;0;0
911;532;2023;Portero;34;79;1;7.355696;0;0;0;0;29;0;0.32;0;0;0;2;1;1;0;0;0;0;0;0;0;3;9;0
913;532;2023;Portero;38;56;0;6.6;0;0;0;0;14;0;0.24;0;0;0;1;1;0;0;0;0;0;0;0;0;1;2;0
915;532;2023;Defensa;18;1401;16;6.826981;0;0;5;0;812;2;38.78;10;7;24;79;43;4;11;1;0;5;6;1;0;0;0;0
916;532;2023;Defensa;16;1071;12;6.984034;1;0;5;3;544;2;29.69;18;7;11;78;49;2;9;5;4;2;6;0;0;0;0;0
918;532;2023;Defensa;25;1797;22;7.041792;1;2;7;1;792;25;25.04;70;3;11;169;102;12;24;16;8;23;2;0;0;0;0;0
919;532;2023;Mediocentro;37;1311;12;6.759115;1;0;3;2;685;9;15.24;24;3;12;129;66;25;36;2;2;6;7;0;0;0;0;0
1482;532;2023;Defensa;32;2173;25;6.945835;0;2;3;2;1018;18;24.31;63;16;32;261;141;41;41;42;21;19;4;1;0;0;0;0
8493;532;2023;Delantero;29;941;11;6.607651;3;0;16;9;202;5;4.86;5;0;1;130;48;13;7;14;5;3;2;0;0;0;0;0
8587;532;2023;Mediocentro;27;633;7;6.71327;0;1;8;5;159;4;4.41;17;0;10;139;69;24;21;33;17;6;5;1;0;0;0;0
19352;532;2023;Mediocentro;28;1243;15;6.986967;1;2;36;17;358;12;8.86;22;2;11;140;68;16;17;38;18;14;1;0;0;0;0;0
24760;532;2023;Portero;37;3289;37;7.157738;0;0;0;0;969;2;12.35;4;0;1;19;17;4;3;0;0;0;3;1;0;42;108;3
41157;532;2023;Delantero;21;969;12;6.906192;2;1;6;4;381;13;14.86;25;1;6;128;63;20;12;25;13;10;0;0;0;0;0;0
47251;532;2023;Defensa;33;1833;19;6.660065;0;0;4;1;771;14;17.03;38;1;16;176;97;28;24;37;21;8;3;0;0;0;0;0
47264;532;2023;Delantero;37;2994;35;7.033601;13;2;56;29;556;14;10.84;16;5;5;425;183;95;41;36;13;19;4;0;0;0;0;0
47463;532;2023;Mediocentro;37;3305;37;7.244781;7;1;28;12;1969;56;43.81;82;10;48;348;191;40;51;22;12;34;4;0;7;0;0;0
72048;532;2023;Defensa;36;1604;18;6.809102;0;0;4;3;832;1;18.86;26;7;18;126;68;8;13;7;3;8;3;0;0;0;0;0
161875;532;2023;Mediocentro;25;89;0;6.460674;0;1;0;0;30;4;0.84;2;0;0;14;5;2;3;1;0;0;0;0;0;0;0;0
161877;532;2023;Mediocentro;31;114;1;6.251754;0;0;1;0;30;0;0.52;1;0;1;22;4;2;6;3;0;5;0;0;0;0;0;0
162127;532;2023;Mediocentro;36;2671;30;6.902883;3;6;28;15;706;39;13.56;38;1;20;329;137;31;26;69;28;42;2;0;0;0;0;0
162175;532;2023;Defensa;27;727;6;6.68033;1;0;5;2;179;3;4.44;23;4;3;106;48;7;8;18;6;6;1;0;0;0;0;0
162931;532;2023;Mediocentro;32;2069;27;6.682455;1;4;13;2;529;19;13.28;30;0;14;266;98;23;31;87;40;29;4;0;0;0;0;0
196290;532;2023;Mediocentro;1;0;0;0.0;0;0;0;0;0;0;0.0;0;0;0;0;0;0;0;0;0;0;0;0;0;0;0;0
270516;532;2023;Mediocentro;16;646;5;6.785294;0;0;14;6;136;7;5.94;5;0;7;89;39;11;11;27;13;9;1;0;0;0;0;0
288074;532;2023;Delantero;22;299;2;6.754849;1;1;5;3;59;6;1.68;4;0;0;57;21;6;10;5;3;0;0;0;1;0;0;0
315699;532;2023;Mediocentro;36;2502;28;6.705116;4;1;29;14;942;12;19.39;55;7;18;340;147;30;40;72;37;35;3;1;0;0;0;0
315701;532;2023;Defensa;18;10;0;6.9;0;0;0;0;6;0;0.33;1;0;0;1;1;0;0;0;0;0;0;0;0;0;0;0
333672;532;2023;Mediocentro;11;7;0;0.0;0;0;0;0;5;0;0.45;0;0;0;0;0;0;0;0;0;0;0;0;0;0;0;0
333682;532;2023;Defensa;37;3074;33;6.919909;0;0;9;2;1621;1;38.84;57;23;36;251;142;27;25;7;6;14;2;0;0;0;0;0
348326;532;2023;Mediocentro;2;0;0;0.0;0;0;0;0;0;0;0.0;0;0;0;0;0;0;0;0;0;0;0;0;0;0;0;0
361385;532;2023;Defensa;31;737;7;6.765265;0;0;0;0;239;0;5.74;22;8;15;62;39;2;11;3;1;6;1;0;0;0;0;0
364414;532;2023;Delantero;7;23;0;6.421739;0;0;3;1;4;0;0.57;0;0;0;1;0;0;0;0;0;0;0;0;0;0;0;0
401983;532;2023;Portero;5;0;0;0.0;0;0;0;0;0;0;0.0;0;0;0;0;0;0;0;0;0;0;0;0;0;0;0;0
439578;532;2023;Delantero;5;0;0;0.0;0;0;0;0;0;0;0.0;0;0;0;0;0;0;0;0;0;0;0;0;0;0;0;0
131;533;2023;Defensa;35;1969;21;6.886592;3;1;19;7;1089;6;26.09;41;15;21;205;122;12;25;14;8;11;7;0;0;0;0;0
166;533;2023;Defensa;12;1063;12;7.0254;1;1;4;2;576;5;39.75;26;4;12;141;79;7;18;26;20;15;1;0;0;0;0;0
288;533;2023;Defensa;30;1497;17;6.831196;2;2;11;5;593;16;16.43;31;2;22;124;60;14;24;9;5;20;5;2;0;0;0;0
314;533;2023;Defensa;30;2035;24;6.859951;0;1;5;1;1262;3;36.37;25;24;16;140;79;8;21;0;0;9;6;0;0;0;0;0
671;533;2023;Mediocentro;13;574;6;7.05784;1;0;15;7;201;6;12.46;5;0;1;76;38;21;7;27;8;3;4;0;0;0;0;0
885;533;2023;Defensa;13;838;9;6.697375;0;0;1;0;383;0;25.92;5;8;9;48;32;5;6;7;7;0;4;0;0;0;0;0
924;533;2023;Mediocentro;19;919;10;6.819587;0;0;1;0;433;1;20.11;20;4;15;91;43;8;18;8;3;8;4;0;0;0;0;0
925;533;2023;Delantero;18;951;9;7.099685;3;2;17;8;300;19;13.5;6;0;2;70;34;16;5;16;10;5;0;0;0;0;0;0
928;533;2023;Mediocentro;34;2586;29;7.223047;3;5;10;6;1774;34;47.06;43;9;21;221;137;51;18;28;19;26;4;0;3;0;0;0
1461;533;2023;Mediocentro;5;138;1;6.830435;0;0;0;0;89;3;15.2;0;2;0;19;7;2;4;8;5;2;0;0;0;0;0;0
1567;533;2023;Defensa;32;1118;12;6.831574;1;0;4;2;729;2;20.91;13;7;8;56;30;5;7;0;0;7;3;0;0;0;0;0
1624;533;2023;Portero;34;180;2;7.15;0;0;0;0;57;0;1.32;0;0;0;1;1;0;0;0;0;0;2;1;0;2;7;0
1702;533;2023;Defensa;19;1119;14;6.811528;1;3;6;4;437;20;18.16;25;7;12;109;58;17;14;29;10;8;4;1;0;0;0;0
1705;533;2023;Mediocentro;38;342;2;6.633333;0;0;6;3;160;5;3.66;8;1;3;32;15;3;5;1;0;6;0;0;0;0;0;0
1707;533;2023;Delantero;32;2229;28;7.44114;10;6;44;21;959;55;23.91;25;7;10;278;133;38;22;77;43;14;0;0;2;0;0;0
8492;533;2023;Delantero;35;2491;30;7.260939;23;6;59;36;461;33;10.06;6;4;0;312;135;19;34;71;30;4;3;0;0;0;0;0
18794;533;2023;Defensa;36;1587;16;6.872086;0;0;1;0;937;7;22.19;34;6;31;112;53;3;24;11;6;15;8;1;0;0;0;0
18802;533;2023;Mediocentro;37;1466;15;6.849045;1;1;10;5;797;9;18.7;33;4;22;208;117;41;25;42;22;7;8;0;0;0;0;0
19485;533;2023;Delantero;19;305;2;6.53082;0;0;3;1;69;2;2.84;2;0;0;31;9;4;5;10;2;2;2;0;0;0;0;0
47467;533;2023;Delantero;38;1067;8;6.829803;7;0;19;12;201;5;4.03;5;1;7;80;20;4;3;31;9;10;0;0;0;0;0;0
47541;533;2023;Mediocentro;33;1662;20;7.008002;2;0;13;7;856;12;22.7;44;9;22;221;117;22;33;32;21;18;8;2;0;0;0;0
56473;533;2023;Defensa;15;478;6;6.894979;0;0;0;0;297;1;17.73;10;2;7;47;30;3;9;0;0;3;2;0;0;0;0;0
162122;533;2023;Defensa;18;779;10;6.455071;0;0;1;0;398;2;18.44;16;5;5;73;32;4;12;14;10;14;3;0;0;0;0;0
169256;533;2023;Portero;7;0;0;0.0;0;0;0;0;0;0;0.0;0;0;0;0;0;0;0;0;0;0;0;0;0;0;0;0
182219;533;2023;Mediocentro;34;2598;33;7.357352;2;14;51;26;1052;86;24.29;34;2;12;271;125;57;52;51;26;27;11;1;0;0;0;0
184226;533;2023;Mediocentro;8;479;7;6.967015;0;0;7;4;158;5;16.38;25;1;5;104;51;9;22;15;9;8;4;0;0;0;0;0
184420;533;2023;Defensa;14;259;2;6.543243;0;0;1;1;119;0;6.21;12;0;1;35;22;6;2;6;3;5;1;0;0;0;0;0
187987;533;2023;Mediocentro;26;801;6;6.675156;0;2;5;1;411;8;13.62;18;1;2;97;50;16;15;20;11;8;4;0;0;0;0;0
188571;533;2023;Defensa;1;0;0;0.0;0;0;0;0;0;0;0.0;0;0;0;0;0;0;0;0;0;0;0;0;0;0;0;0
195717;533;2023;Defensa;17;1237;14;7.116653;2;1;10;4;695;5;35.12;27;2;18;118;84;27;14;9;4;3;4;0;0;0;0;0
286616;533;2023;Portero;38;3240;36;7.227778;0;0;0;0;1122;0;23.05;3;0;2;24;20;5;2;1;1;1;4;0;0;63;143;0
290482;533;2023;Delantero;3;13;0;6.6;0;0;0;0;5;0;1.33;0;0;0;2;1;0;0;1;1;0;0;0;0;0;0;0
290740;533;2023;Mediocentro;37;1521;17;6.845628;2;2;17;7;443;21;9.62;36;2;13;281;131;35;42;115;57;10;4;0;0;0;0;0
340726;533;2023;Defensa;4;28;0;6.3;0;0;0;0;14;0;3.0;0;1;0;0;0;0;0;0;0;0;0;0;0;0;0;0
455356;533;2023;Defensa;1;0;0;0.0;0;0;0;0;0;0;0.0;0;0;0;0;0;0;0;0;0;0;0;0;0;0;0;0
536;534;2023;Defensa;28;377;6;6.636605;0;0;0;0;235;0;7.36;11;3;6;37;21;5;4;3;0;6;0;1;0;0;0;0
2060;534;2023;Mediocentro;38;2478;32;6.808999;3;2;33;12;714;24;15.11;40;1;11;326;153;73;30;56;21;21;3;0;0;0;0;0
12667;534;2023;Mediocentro;9;619;7;7.299838;2;1;13;6;494;17;50.0;6;0;0;64;33;16;3;17;10;8;1;0;2;0;0;0
21070;534;2023;Mediocentro;23;92;1;6.807609;0;0;0;0;60;0;2.3;4;1;2;15;10;2;0;1;1;1;1;0;0;0;0;0
21709;534;2023;Mediocentro;38;1791;19;6.91206;0;1;11;6;1101;19;24.42;62;2;12;297;155;38;32;49;28;22;2;0;0;0;0;0
21714;534;2023;Delantero;36;748;9;6.589706;1;1;8;1;157;6;3.06;2;0;0;139;59;15;16;22;11;5;2;0;0;0;0;0
46673;534;2023;Portero;36;152;1;6.203947;0;0;0;0;75;0;1.5;0;0;0;0;0;0;0;0;0;0;0;1;0;3;1;0
46860;534;2023;Mediocentro;37;2661;30;6.809771;2;3;24;9;1233;25;27.27;43;4;20;207;81;16;37;36;16;28;6;0;0;0;0;0
46990;534;2023;Portero;37;3264;37;7.23125;0;0;0;0;1717;0;36.59;3;0;0;26;18;6;1;1;1;5;2;1;0;44;113;3
46993;534;2023;Defensa;22;101;1;6.9;0;0;0;0;58;0;2.55;4;1;2;6;4;0;0;0;0;1;0;0;0;0;0;0
46996;534;2023;Defensa;22;251;3;6.584462;0;0;1;0;145;0;5.36;4;1;2;20;12;3;2;2;0;2;1;0;0;0;0;0
47004;534;2023;Mediocentro;17;121;1;6.329752;0;0;0;0;126;0;6.94;2;0;0;11;5;1;1;1;1;1;1;0;0;0;0;0
47111;534;2023;Mediocentro;30;392;2;6.589031;1;1;7;3;151;2;4.03;5;1;3;43;13;4;4;11;2;3;0;0;0;0;0;0
47180;534;2023;Delantero;31;180;1;6.606111;1;0;1;1;98;1;2.94;1;0;0;13;5;3;3;2;1;1;1;0;0;0;0;0
47324;534;2023;Delantero;30;1819;21;6.981803;1;3;37;19;592;32;16.27;12;1;4;163;77;36;20;47;22;9;3;0;0;0;0;0
47393;534;2023;Delantero;37;749;6;6.74486;4;1;20;11;222;8;4.57;9;0;2;121;51;19;12;33;14;11;4;0;1;0;0;0
47464;534;2023;Mediocentro;12;173;1;6.691329;0;0;1;0;156;0;11.25;2;2;2;16;10;5;0;3;1;2;0;0;0;0;0;0
51051;534;2023;Defensa;26;1462;15;7.161423;1;0;7;2;689;16;22.15;41;16;10;143;90;9;13;18;12;10;5;0;0;0;0;0
70315;534;2023;Mediocentro;37;3217;36;7.120423;6;2;26;14;3012;37;72.86;52;3;27;300;136;37;23;35;26;43;7;0;0;0;0;0
70500;534;2023;Defensa;35;2816;30;7.158026;1;2;17;5;1730;39;40.86;90;7;46;384;219;60;52;33;17;41;10;0;0;0;0;0
122468;534;2023;Defensa;33;2293;26;6.78792;1;0;15;4;1413;1;38.03;32;15;20;191;117;24;19;6;3;7;6;1;0;0;0;0
131535;534;2023;Defensa;37;2566;30;6.919408;2;0;5;5;1465;6;34.62;53;14;18;226;138;28;26;12;10;6;7;0;0;0;0;0
157194;534;2023;Mediocentro;32;523;6;6.849713;2;0;13;8;196;9;4.94;12;0;2;85;35;4;6;33;15;12;1;0;0;0;0;0
162026;534;2023;Mediocentro;32;1852;17;6.636339;0;2;10;3;638;13;15.91;39;2;14;237;99;26;39;40;19;18;5;0;0;0;0;0
162475;534;2023;Defensa;37;3181;36;6.890255;0;1;2;0;2538;5;61.08;70;19;44;251;151;34;23;31;17;18;6;1;0;0;0;0
182519;534;2023;Mediocentro;28;1807;21;6.846763;3;3;25;10;694;27;20.29;15;0;7;229;91;18;17;112;57;24;1;0;0;0;0;0
208198;534;2023;Portero;20;0;0;0.0;0;0;0;0;0;0;0.0;0;0;0;0;0;0;0;0;0;0;0;0;0;0;0;0
288699;534;2023;Mediocentro;33;1634;20;6.725214;0;0;7;3;1305;9;35.7;41;4;24;173;74;16;27;22;11;20;6;0;0;0;0;0
297869;534;2023;Mediocentro;8;9;0;6.7;0;0;0;0;4;0;0.5;1;0;0;1;1;0;0;0;0;0;0;0;0;0;0;0
338750;534;2023;Delantero;1;0;0;0.0;0;0;0;0;0;0;0.0;0;0;0;0;0;0;0;0;0;0;0;0;0;0;0;0
431890;534;2023;Defensa;21;291;3;7.351546;2;0;3;3;220;0;9.29;6;1;2;19;12;1;1;1;1;3;1;0;0;0;0;0
440748;534;2023;Portero;1;0;0;0.0;0;0;0;0;0;0;0.0;0;0;0;0;0;0;0;0;0;0;0;0;0;0;0;0
149;536;2023;Mediocentro;20;1425;16;7.513123;2;1;21;8;934;49;38.0;30;5;14;120;69;19;16;17;8;8;6;0;0;0;0;0
176;536;2023;Mediocentro;20;491;5;7.135845;2;0;8;4;156;12;6.75;20;0;1;85;34;6;18;16;6;5;3;0;0;0;0;0
385;536;2023;Mediocentro;30;1628;18;6.850737;0;1;7;3;825;22;23.03;37;4;6;205;82;23;26;23;11;35;3;0;0;0;0;0
389;536;2023;Delantero;3;16;0;6.1875;0;0;0;0;12;0;3.0;0;0;1;2;1;0;1;1;1;0;0;0;0;0;0;0
433;536;2023;Defensa;20;354;3;6.839831;0;0;0;0;195;1;8.75;9;6;4;34;21;6;5;2;1;4;2;0;0;0;0;0
452;536;2023;Mediocentro;11;459;5;6.977124;0;0;0;0;237;2;18.82;9;0;7;47;25;3;6;5;4;4;0;0;0;0;0;0
738;536;2023;Defensa;31;2518;28;7.340111;3;0;22;11;1516;4;43.58;45;30;41;239;154;22;27;9;6;13;7;1;0;0;0;0
760;536;2023;Delantero;14;259;2;6.754826;0;0;13;2;51;2;2.5;1;0;0;36;12;1;8;2;1;1;1;0;0;0;0;0
957;536;2023;Mediocentro;27;1472;18;6.902378;1;1;10;5;674;15;21.41;28;3;17;132;66;19;27;7;5;16;5;0;0;0;0;0
1489;536;2023;Defensa;24;1744;20;6.900975;1;1;13;3;1051;7;37.88;30;9;27;156;86;11;30;6;4;13;7;0;0;0;0;0
1493;536;2023;Defensa;23;1296;18;7.005787;1;2;8;4;640;24;22.17;33;2;4;131;73;17;18;18;10;5;7;0;0;0;0;0
1650;536;2023;Mediocentro;30;1514;15;7.187979;1;4;17;6;755;41;21.47;24;0;5;178;94;35;22;43;27;20;5;1;0;0;0;0
1911;536;2023;Delantero;36;2885;34;7.111854;4;3;54;24;1001;36;20.47;66;1;21;485;247;71;32;114;47;29;9;0;1;0;0;0
2054;536;2023;Defensa;30;2010;25;6.927015;0;2;5;2;939;22;24.57;37;7;22;124;73;12;12;20;13;18;6;1;0;0;0;0
2468;536;2023;Defensa;1;0;0;0.0;0;0;0;0;0;0;0.0;0;0;0;0;0;0;0;0;0;0;0;0;0;0;0;0
2701;536;2023;Portero;1;90;1;6.5;0;0;0;0;27;0;16.0;0;0;0;0;0;0;0;0;0;0;0;0;0;2;1;0
2813;536;2023;Portero;36;1170;13;6.969231;0;0;0;0;323;0;6.17;1;0;1;6;5;1;0;1;1;1;1;0;0;25;44;0
2924;536;2023;Mediocentro;19;195;0;6.753846;0;0;6;1;77;2;3.37;3;0;1;30;20;9;3;9;5;1;0;0;0;0;0;0
19172;536;2023;Portero;28;2160;24;7.145833;0;0;0;0;676;2;13.64;0;0;0;13;12;2;0;0;0;1;1;0;0;27;78;0
21004;536;2023;Mediocentro;13;777;9;6.945174;0;0;5;2;358;9;23.0;23;1;7;73;41;2;19;8;7;3;3;0;0;0;0;0
22233;536;2023;Mediocentro;31;2294;26;6.931125;0;1;1;0;1225;8;35.68;39;7;26;181;107;29;33;24;19;12;10;0;0;0;0;0
25458;536;2023;Delantero;24;1134;12;6.835802;5;1;37;17;311;13;10.92;5;2;2;155;69;22;24;56;30;5;0;0;0;0;0;0
30433;536;2023;Mediocentro;3;0;0;0.0;0;0;0;0;0;0;0.0;0;0;0;0;0;0;0;0;0;0;0;0;0;0;0;0
47013;536;2023;Delantero;23;404;3;6.694059;2;0;11;7;84;5;2.57;2;0;1;55;21;5;9;5;2;1;1;0;0;0;0;0
47329;536;2023;Defensa;35;1770;15;7.037627;1;4;12;4;665;27;14.94;46;6;15;179;100;32;6;30;12;11;1;0;0;0;0;0
47389;536;2023;Mediocentro;31;378;4;6.825397;0;0;4;1;237;2;6.77;8;2;4;33;16;3;1;1;1;8;1;0;0;0;0;0
47422;536;2023;Delantero;33;2573;28;7.02192;16;2;65;30;310;9;6.09;10;1;7;272;110;22;21;36;11;10;4;0;1;0;0;0
125331;536;2023;Defensa;17;16;0;6.25;0;0;0;0;8;0;0.35;1;0;0;6;3;0;2;0;0;0;0;0;0;0;0;0
133110;536;2023;Defensa;23;331;3;6.446224;0;0;1;0;151;0;5.83;12;0;3;38;22;4;6;2;2;3;3;0;0;0;0;0
162531;536;2023;Mediocentro;3;0;0;0.0;0;0;0;0;0;0;0.0;0;0;0;0;0;0;0;0;0;0;0;0;0;0;0;0
174918;536;2023;Defensa;30;2283;27;7.066929;0;1;13;3;1335;9;36.97;66;15;37;257;162;10;24;21;11;19;5;1;0;0;0;0
180560;536;2023;Mediocentro;17;107;1;6.485981;0;0;1;0;48;4;2.35;3;0;0;23;10;4;4;4;3;1;2;0;0;0;0;0
182772;536;2023;Defensa;37;1197;11;7.070593;0;2;10;2;552;17;12.41;56;7;12;194;118;23;11;49;25;24;2;0;0;0;0;0
185398;536;2023;Delantero;14;1050;14;6.883429;4;4;34;17;191;11;10.29;6;0;0;125;52;17;28;29;13;4;2;0;0;0;0;0
285290;536;2023;Mediocentro;1;0;0;0.0;0;0;0;0;0;0;0.0;0;0;0;0;0;0;0;0;0;0;0;0;0;0;0;0
290686;536;2023;Portero;4;0;0;0.0;0;0;0;0;0;0;0.0;0;0;0;0;0;0;0;0;0;0;0;0;0;0;0;0
297311;536;2023;Defensa;30;1617;19;6.961534;3;0;16;5;967;5;25.47;41;14;26;218;117;10;32;7;0;14;10;0;0;0;0;0
308346;536;2023;Portero;21;0;0;0.0;0;0;0;0;0;0;0.0;0;0;0;0;0;0;0;0;0;0;0;0;0;0;0;0
311344;536;2023;Delantero;12;47;0;6.089362;0;0;2;2;6;0;0.33;1;0;0;10;5;1;4;0;0;1;0;0;0;0;0;0
329729;536;2023;Defensa;4;0;0;0.0;0;0;0;0;0;0;0.0;0;0;0;0;0;0;0;0;0;0;0;0;0;0;0;0
331330;536;2023;Portero;14;0;0;0.0;0;0;0;0;0;0;0.0;0;0;0;0;0;0;0;0;0;0;0;0;0;0;0;0
331607;536;2023;Mediocentro;14;120;1;6.800833;0;0;1;0;49;2;3.21;4;0;0;11;7;2;1;2;1;0;1;0;0;0;0;0
335037;536;2023;Defensa;4;36;0;6.6;0;0;0;0;9;0;1.5;0;1;0;2;1;0;1;1;1;0;0;0;0;0;0;0
335057;536;2023;Defensa;11;0;0;0.0;0;0;0;0;0;0;0.0;0;0;0;0;0;0;0;0;0;0;0;0;0;0;0;0
340152;536;2023;Mediocentro;6;0;0;0.0;0;0;0;0;0;0;0.0;0;0;0;0;0;0;0;0;0;0;0;0;0;0;0;0
386270;536;2023;Delantero;3;0;0;0.0;0;0;0;0;0;0;0.0;0;0;0;0;0;0;0;0;0;0;0;0;0;0;0;0
570;538;2023;Mediocentro;29;562;5;6.976157;0;1;5;1;240;10;7.0;25;0;9;83;50;19;6;5;0;11;2;0;0;0;0;0
1364;538;2023;Defensa;19;893;9;6.950392;0;1;5;3;483;2;21.32;27;5;12;125;63;13;13;10;6;11;1;0;0;0;0;0
1830;538;2023;Delantero;1;0;0;0.0;0;0;0;0;0;0;0.0;0;0;0;0;0;0;0;0;0;0;0;0;0;0;0;0
1926;538;2023;Defensa;9;416;4;6.797596;0;0;2;0;181;1;15.78;8;1;4;43;24;0;4;2;2;4;0;0;0;0;0;0
2032;538;2023;Delantero;37;2887;36;6.915068;13;3;67;35;596;24;11.32;21;1;5;433;168;48;64;68;28;31;5;0;0;0;0;0
2433;538;2023;Mediocentro;30;1347;15;7.161618;0;0;15;1;699;7;17.87;41;7;19;223;136;27;24;35;26;11;5;1;0;0;0;0
2464;538;2023;Portero;18;0;0;0.0;0;0;0;0;0;0;0.0;0;0;0;0;0;0;0;0;0;0;0;0;0;0;0;0
18835;538;2023;Portero;33;2402;26;7.12831;0;0;0;0;668;0;12.85;1;0;0;20;17;5;1;0;0;1;2;0;0;39;83;0
18896;538;2023;Defensa;15;746;10;6.68311;0;1;1;0;360;1;20.33;16;3;2;76;37;4;14;8;4;7;3;0;0;0;0;0
19026;538;2023;Mediocentro;33;1957;22;6.745835;1;4;14;8;746;17;18.82;40;4;11;226;83;19;40;29;10;21;4;1;0;0;0;0
21584;538;2023;Defensa;19;808;9;6.712376;0;0;6;4;387;6;15.32;15;2;11;86;46;14;12;18;7;3;2;0;0;0;0;0
22235;538;2023;Mediocentro;30;1993;24;6.99157;3;2;25;16;704;38;18.9;13;0;18;253;126;65;15;94;41;15;0;0;0;0;0;0
26845;538;2023;Delantero;35;942;7;6.878981;7;1;19;15;164;8;2.97;15;3;2;168;88;30;18;19;9;5;2;0;0;0;0;0
47277;538;2023;Defensa;38;2802;31;6.958066;1;0;18;5;1628;10;34.21;50;24;51;297;172;24;37;12;10;25;4;0;0;0;0;0
47427;538;2023;Portero;35;1015;12;6.736946;0;0;0;0;273;1;4.77;0;0;0;6;3;2;2;0;0;1;0;2;0;18;28;1
47434;538;2023;Defensa;36;724;10;6.551243;0;0;2;1;314;3;6.53;15;3;5;70;38;10;11;7;3;8;3;0;0;0;0;0
47435;538;2023;Mediocentro;38;2444;28;6.791039;0;0;11;3;1341;18;30.84;56;2;19;228;98;16;28;24;12;39;2;0;0;0;0;0
47445;538;2023;Delantero;36;2715;31;7.608766;9;10;61;28;1144;91;24.97;11;3;8;215;105;59;19;40;28;14;6;1;3;0;0;0
47988;538;2023;Defensa;34;2218;26;7.033679;1;0;11;5;1033;2;26.74;36;28;34;178;117;10;15;1;0;9;4;0;0;0;0;0
64309;538;2023;Defensa;37;1786;20;6.819989;0;5;4;2;639;20;13.19;53;3;18;169;79;5;21;26;11;24;3;0;0;0;0;0
67955;538;2023;Mediocentro;29;768;7;6.721354;1;1;14;6;236;10;6.66;13;1;5;116;43;12;15;32;14;11;3;0;0;0;0;0
162034;538;2023;Mediocentro;24;717;7;6.686053;0;0;3;0;335;1;11.88;14;2;4;70;32;10;13;3;3;9;2;0;0;0;0;0
162605;538;2023;Defensa;3;0;0;0.0;0;0;0;0;0;0;0.0;0;0;0;0;0;0;0;0;0;0;0;0;0;0;0;0
162712;538;2023;Defensa;38;3002;33;7.069187;2;2;23;13;1571;50;33.45;62;7;17;299;159;44;21;71;37;43;4;0;0;0;0;0
179955;538;2023;Defensa;1;19;0;6.3;0;0;0;0;13;0;11.0;0;0;0;2;1;1;0;1;0;0;0;0;0;0;0;0
182504;538;2023;Mediocentro;2;17;0;6.2;0;0;0;0;4;0;1.5;0;0;0;3;0;0;0;1;0;0;0;0;0;0;0;0
185075;538;2023;Portero;4;0;0;0.0;0;0;0;0;0;0;0.0;0;0;0;0;0;0;0;0;0;0;0;0;0;0;0;0
192434;538;2023;Delantero;35;331;2;6.369486;0;0;4;0;93;2;2.14;6;0;4;66;21;11;16;14;3;6;2;0;0;0;0;0
269163;538;2023;Delantero;31;449;4;6.960356;5;0;10;6;104;3;2.58;9;1;1;62;32;11;6;13;7;3;1;0;0;0;0;0
286559;538;2023;Defensa;37;1605;18;6.870903;0;0;5;0;855;3;18.27;33;12;22;140;78;8;15;2;2;14;2;0;0;0;0;0
286623;538;2023;Portero;13;0;0;0.0;0;0;0;0;0;0;0.0;0;0;0;0;0;0;0;0;0;0;0;0;0;0;0;0
286795;538;2023;Portero;1;0;0;0.0;0;0;0;0;0;0;0.0;0;0;0;0;0;0;0;0;0;0;0;0;0;0;0;0
286796;538;2023;Mediocentro;9;257;3;7.067315;0;2;1;0;204;6;21.11;5;2;1;16;6;1;4;0;0;2;1;0;0;0;0;0
304383;538;2023;Delantero;15;330;2;6.622121;1;0;6;2;88;2;3.87;6;0;3;37;17;3;2;7;3;2;1;0;0;0;0;0
313651;538;2023;Mediocentro;37;727;8;6.978817;0;1;6;1;554;15;13.73;20;1;2;86;34;3;16;15;9;11;1;0;0;0;0;0
329720;538;2023;Mediocentro;15;781;8;7.18758;1;1;8;4;371;19;21.13;14;1;5;93;44;9;9;26;16;11;1;0;0;0;0;0
329722;538;2023;Defensa;1;90;1;6.7;0;0;0;0;87;0;82.0;1;0;0;4;3;2;1;0;0;0;0;0;0;0;0;0
384135;538;2023;Defensa;6;0;0;0.0;0;0;0;0;0;0;0.0;0;0;0;0;0;0;0;0;0;0;0;0;0;0;0;0
372;541;2023;Defensa;10;497;6;6.887726;0;0;2;2;326;0;29.6;7;3;5;46;24;5;5;0;0;3;0;0;0;0;0;0
505;541;2023;Defensa;15;1156;14;7.157612;0;1;10;4;878;10;53.53;14;7;16;42;24;0;4;0;0;4;2;0;0;0;0;0
653;541;2023;Defensa;28;1734;21;6.949366;0;0;3;2;1134;11;38.14;15;2;13;101;49;15;17;26;13;3;5;0;0;0;0;0
730;541;2023;Portero;5;333;4;8.164865;0;0;0;0;98;1;17.6;1;0;0;3;3;1;0;0;0;0;0;0;0;0;16;0
733;541;2023;Defensa;33;2183;25;7.268209;4;3;16;10;1270;22;33.64;48;9;22;185;96;19;23;20;9;19;5;1;0;0;0;0
735;541;2023;Defensa;34;1765;18;7.004986;0;1;4;1;1267;5;34.47;18;13;18;108;59;13;21;5;2;7;4;2;0;0;0;0
736;541;2023;Defensa;38;1409;15;7.080554;1;5;8;1;810;16;18.92;25;3;19;117;56;15;10;17;8;18;2;0;0;0;0;0
737;541;2023;Defensa;2;0;0;0.0;0;0;0;0;0;0;0.0;0;0;0;0;0;0;0;0;0;0;0;0;0;0;0;0
744;541;2023;Mediocentro;38;1582;18;7.434829;8;6;27;17;697;30;15.97;29;1;5;257;129;42;22;105;55;7;0;0;0;0;0;0
748;541;2023;Mediocentro;29;605;5;6.727107;0;2;3;1;528;11;16.59;10;2;0;76;36;19;5;13;5;9;2;0;0;0;0;0
752;541;2023;Mediocentro;38;2135;24;7.807213;1;8;25;13;2369;63;59.0;53;4;17;168;104;38;17;8;5;35;3;0;0;0;0;0
754;541;2023;Mediocentro;37;1686;18;7.590925;2;6;19;10;1562;57;38.46;21;4;21;149;71;21;19;37;21;16;2;0;0;0;0;0
756;541;2023;Mediocentro;38;2910;33;7.478625;2;7;42;19;2073;49;49.74;47;2;42;183;105;15;19;43;22;18;2;0;0;0;0;0
757;541;2023;Defensa;38;1442;14;7.612136;3;6;11;7;917;30;21.37;37;5;12;158;89;24;22;43;24;7;0;0;0;0;0;0
762;541;2023;Delantero;29;1872;22;7.424306;15;5;62;39;623;32;16.79;18;0;1;311;138;54;24;160;65;8;7;0;1;0;0;0
1271;541;2023;Mediocentro;28;1991;22;7.257007;3;1;15;7;1492;11;49.04;37;13;28;183;116;22;20;9;6;9;7;0;0;0;0;0
2207;541;2023;Mediocentro;31;1824;21;7.348794;0;2;12;7;1297;20;38.19;78;8;29;319;200;68;49;54;36;15;9;0;0;0;0;0
2273;541;2023;Portero;35;1197;13;7.03609;0;0;0;0;399;0;9.37;0;0;0;5;4;2;0;0;0;1;1;0;0;9;30;0
2285;541;2023;Defensa;34;2707;30;6.96232;1;0;13;2;1799;5;47.65;25;20;11;137;80;5;26;3;1;5;7;0;0;0;0;0
10009;541;2023;Delantero;37;2389;28;7.407618;10;5;67;36;961;46;23.32;17;0;8;271;128;46;10;128;60;14;2;0;0;0;0;0
18907;541;2023;Delantero;36;1679;15;7.055211;10;2;48;29;347;12;7.08;6;1;6;134;68;14;10;13;6;7;1;0;0;0;0;0
47400;541;2023;Portero;38;1890;21;7.17619;0;0;0;0;569;1;12.76;0;0;0;12;11;3;0;0;0;1;2;0;0;17;48;0
129718;541;2023;Mediocentro;32;2324;27;8.026377;19;6;49;35;1500;48;42.12;43;5;21;345;189;72;32;85;50;24;5;1;1;0;0;0
162547;541;2023;Mediocentro;1;0;0;0.0;0;0;0;0;0;0;0.0;0;0;0;0;0;0;0;0;0;0;0;0;0;0;0;0
189997;541;2023;Portero;3;0;0;0.0;0;0;0;0;0;0;0.0;0;0;0;0;0;0;0;0;0;0;0;0;0;0;0;0
206260;541;2023;Portero;4;0;0;0.0;0;0;0;0;0;0;0.0;0;0;0;0;0;0;0;0;0;0;0;0;0;0;0;0
237174;541;2023;Defensa;3;0;0;0.0;0;0;0;0;0;0;0.0;0;0;0;0;0;0;0;0;0;0;0;0;0;0;0;0
279792;541;2023;Defensa;2;0;0;0.0;0;0;0;0;0;0;0.0;0;0;0;0;0;0;0;0;0;0;0;0;0;0;0;0
291964;541;2023;Mediocentro;21;390;4;7.586154;6;0;10;6;203;2;8.52;6;0;2;53;25;8;11;20;11;3;1;0;0;0;0;0
330438;541;2023;Defensa;1;0;0;0.0;0;0;0;0;0;0;0.0;0;0;0;0;0;0;0;0;0;0;0;0;0;0;0;0
334575;541;2023;Portero;14;0;0;0.0;0;0;0;0;0;0;0.0;0;0;0;0;0;0;0;0;0;0;0;0;0;0;0;0
336711;541;2023;Delantero;6;21;0;6.728571;0;0;1;1;7;0;0.67;0;1;0;3;1;1;0;1;0;1;0;0;0;0;0;0
343202;541;2023;Delantero;1;1;0;0.0;0;0;0;0;0;0;0.0;0;0;0;3;2;0;0;2;2;0;0;0;0;0;0;0
343205;541;2023;Mediocentro;5;16;0;6.8;0;0;0;0;15;0;2.4;5;1;0;8;6;1;1;0;0;1;0;0;0;0;0;0
350037;541;2023;Mediocentro;12;26;0;5.515385;0;0;1;0;23;0;1.5;0;0;1;4;1;0;1;2;0;0;0;0;0;0;0;0
386305;541;2023;Defensa;3;0;0;0.0;0;0;0;0;0;0;0.0;0;0;0;0;0;0;0;0;0;0;0;0;0;0;0;0
396475;541;2023;Portero;15;0;0;0.0;0;0;0;0;0;0;0.0;0;0;0;0;0;0;0;0;0;0;0;0;0;0;0;0
6085;542;2023;Mediocentro;33;1150;10;6.928609;3;1;10;7;452;6;9.64;55;5;19;191;101;9;38;4;2;15;5;0;0;0;0;0
6233;542;2023;Defensa;34;1169;11;6.904876;1;0;4;1;380;7;8.32;29;8;12;125;75;14;13;9;7;12;5;0;0;0;0;0
8518;542;2023;Delantero;2;26;0;6.469231;0;0;0;0;7;0;1.5;0;1;0;11;5;2;1;1;0;0;0;0;0;0;0;0
40419;542;2023;Defensa;12;948;11;6.759072;1;0;4;1;402;2;28.5;14;4;13;76;36;4;14;2;2;6;2;0;0;0;0;0
41412;542;2023;Defensa;20;0;0;0.0;0;0;0;0;0;0;0.0;0;0;0;0;0;0;0;0;0;0;0;0;0;0;0;0
43084;542;2023;Mediocentro;35;814;8;7.030467;0;2;24;9;229;24;4.86;17;0;5;113;63;19;13;22;14;7;3;0;0;0;0;0
46813;542;2023;Defensa;31;2314;27;6.822342;0;0;8;3;748;3;17.58;35;26;23;184;100;23;32;4;3;14;10;0;0;0;0;0
46933;542;2023;Mediocentro;38;2532;31;7.056951;5;4;34;19;655;42;12.92;27;1;16;212;96;18;22;65;41;29;4;0;3;0;0;0
47299;542;2023;Defensa;37;2863;33;6.854418;1;0;9;6;957;15;21.24;60;8;28;315;151;41;29;42;25;37;6;0;0;0;0;0
47306;542;2023;Mediocentro;35;1274;14;6.965071;0;3;18;7;305;27;6.26;27;2;11;199;113;28;11;68;42;13;2;0;0;0;0;0
47309;542;2023;Mediocentro;37;2936;33;6.81359;1;0;9;3;1451;21;29.78;59;12;13;307;153;30;49;29;19;33;7;0;0;0;0;0
47353;542;2023;Portero;38;3060;34;6.991176;0;0;0;0;982;4;14.13;0;0;0;11;9;2;0;0;0;1;3;0;0;38;87;0
47355;542;2023;Defensa;34;1892;21;6.953541;2;1;13;5;641;17;13.24;39;5;22;170;99;30;31;6;4;9;7;0;0;0;0;0
47396;542;2023;Delantero;37;1437;15;6.960404;3;2;51;26;289;18;5.32;8;5;1;235;109;36;25;32;15;5;3;0;0;0;0;0
47494;542;2023;Delantero;3;85;1;6.370588;0;0;2;1;15;0;2.33;0;0;0;12;4;3;2;0;0;0;0;0;0;0;0;0
104821;542;2023;Mediocentro;37;2698;34;6.917643;3;4;25;8;800;32;17.19;42;3;22;281;132;30;21;35;14;33;2;0;0;0;0;0
107217;542;2023;Delantero;38;319;3;6.571473;0;0;4;0;83;6;1.63;5;1;1;35;10;0;9;7;3;4;1;0;0;0;0;0
122471;542;2023;Portero;35;360;4;7.3;0;0;0;0;110;0;1.94;0;0;0;2;2;0;0;0;0;0;1;0;0;8;16;0
128951;542;2023;Defensa;10;9;0;5.955556;0;0;0;0;0;0;0.0;1;0;0;1;1;0;0;0;0;0;0;0;0;0;0;0
162686;542;2023;Mediocentro;35;2443;29;6.833402;0;1;10;3;1024;20;22.8;61;2;34;277;141;40;36;27;19;53;5;1;0;0;0;0
163060;542;2023;Portero;16;0;0;0.0;0;0;0;0;0;0;0.0;0;0;0;0;0;0;0;0;0;0;0;0;0;0;0;0
182636;542;2023;Defensa;37;2387;25;6.894889;1;3;13;3;775;14;15.16;23;9;10;225;120;29;25;70;41;10;3;0;0;0;0;0
183748;542;2023;Delantero;15;31;0;6.3;0;0;0;0;4;0;0.13;0;0;0;1;0;0;1;0;0;0;0;0;0;0;0;0
183751;542;2023;Mediocentro;38;735;6;6.684626;1;0;13;4;148;18;2.63;9;1;3;100;36;10;13;26;10;10;1;0;0;0;0;0
187214;542;2023;Mediocentro;19;1118;12;7.148211;2;4;13;8;259;34;8.68;16;0;4;169;77;25;18;37;15;15;1;0;0;0;0;0
192011;542;2023;Defensa;4;0;0;0.0;0;0;0;0;0;0;0.0;0;0;0;0;0;0;0;0;0;0;0;0;0;0;0;0
197800;542;2023;Delantero;2;14;0;6.2;0;0;0;0;4;0;2.0;0;0;0;3;0;0;1;2;0;0;0;0;0;0;0;0
215810;542;2023;Mediocentro;1;0;0;0.0;0;0;0;0;0;0;0.0;0;0;0;0;0;0;0;0;0;0;0;0;0;0;0;0
237066;542;2023;Defensa;36;2460;27;6.892317;0;0;12;3;1019;5;23.47;31;21;33;192;106;16;28;4;3;13;6;0;0;0;0;0
297973;542;2023;Mediocentro;9;0;0;0.0;0;0;0;0;0;0;0.0;0;0;0;0;0;0;0;0;0;0;0;0;0;0;0;0
311740;542;2023;Mediocentro;9;12;0;6.5;0;0;0;0;6;0;0.44;0;0;0;1;0;0;0;0;0;0;0;0;0;0;0;0
313562;542;2023;Defensa;9;13;0;6.3;0;0;0;0;1;0;0.11;0;0;0;0;0;0;0;0;0;0;0;0;0;0;0;0
323935;542;2023;Mediocentro;20;635;6;6.806299;1;2;10;3;154;11;5.55;7;0;5;77;24;6;11;21;9;12;1;0;0;0;0;0
358628;542;2023;Delantero;35;1922;21;6.818939;8;1;55;25;314;16;6.51;6;2;1;304;116;30;30;54;21;4;6;0;0;0;0;0
390742;542;2023;Delantero;16;236;2;6.879237;0;0;7;2;44;2;1.75;3;0;1;43;24;4;8;0;0;1;0;0;0;0;0;0
401419;542;2023;Mediocentro;3;0;0;0.0;0;0;0;0;0;0;0.0;0;0;0;0;0;0;0;0;0;0;0;0;0;0;0;0
403241;542;2023;Portero;2;0;0;0.0;0;0;0;0;0;0;0.0;0;0;0;0;0;0;0;0;0;0;0;0;0;0;0;0
438131;542;2023;Defensa;5;0;0;0.0;0;0;0;0;0;0;0.0;0;0;0;0;0;0;0;0;0;0;0;0;0;0;0;0
439032;542;2023;Portero;5;0;0;0.0;0;0;0;0;0;0;0.0;0;0;0;0;0;0;0;0;0;0;0;0;0;0;0;0
442058;542;2023;Defensa;1;0;0;0.0;0;0;0;0;0;0;0.0;0;0;0;0;0;0;0;0;0;0;0;0;0;0;0;0
134;543;2023;Defensa;35;1860;21;7.101237;1;1;12;6;920;24;21.66;38;6;19;179;105;34;21;15;7;14;8;0;0;0;0;0
614;543;2023;Portero;20;630;7;7.128571;0;0;0;0;199;1;7.8;0;0;0;4;3;1;0;0;0;1;0;0;0;5;16;0
668;543;2023;Mediocentro;21;1049;10;7.247188;1;2;18;9;548;30;21.95;15;0;7;144;81;35;22;27;21;5;1;0;0;0;0;0
745;543;2023;Mediocentro;29;2338;28;7.561719;8;5;44;26;1335;81;39.69;41;1;10;423;212;79;31;128;76;24;10;0;2;0;0;0
1264;543;2023;Defensa;17;1048;12;6.783015;0;1;4;0;539;4;27.12;17;3;11;92;45;6;9;20;12;4;2;0;0;0;0;0
1439;543;2023;Defensa;28;1714;20;6.649767;0;1;2;0;768;15;21.93;34;5;22;211;77;10;21;47;17;33;0;1;0;0;0;0
1450;543;2023;Defensa;24;1140;12;6.891667;0;0;2;1;573;1;21.08;21;9;6;87;52;6;13;0;0;4;6;0;0;0;0;0
1561;543;2023;Defensa;5;225;3;6.58;0;0;1;0;116;0;20.2;4;1;3;22;11;1;4;2;2;1;1;0;0;0;0;0
1568;543;2023;Mediocentro;3;26;0;6.634615;0;0;0;0;17;0;5.33;5;1;1;7;6;1;1;0;0;0;0;0;0;0;0;0
1573;543;2023;Mediocentro;18;458;4;7.059389;0;0;2;0;284;5;13.72;17;2;6;58;30;3;10;7;6;7;2;0;0;0;0;0
1580;543;2023;Mediocentro;25;684;4;6.798538;1;3;6;3;627;10;22.36;20;1;8;77;37;5;13;12;4;6;2;0;0;0;0;0
1697;543;2023;Mediocentro;15;1153;14;7.262879;3;2;9;6;605;23;31.6;24;0;22;118;60;14;13;25;11;10;2;0;0;0;0;0
1847;543;2023;Defensa;4;360;4;6.925;0;0;2;0;167;1;37.75;7;4;4;19;10;1;2;0;0;1;1;0;0;0;0;0
2469;543;2023;Defensa;33;2770;32;6.965487;1;0;16;5;1480;4;38.58;34;18;32;216;134;13;22;6;3;15;7;0;0;0;0;0
2476;543;2023;Mediocentro;24;1849;22;7.122174;2;0;12;7;1032;4;36.96;53;6;29;196;118;35;23;13;10;21;6;0;0;0;0;0
3033;543;2023;Delantero;4;195;2;6.637436;0;0;3;1;40;3;6.75;1;0;0;25;8;3;4;3;1;0;1;0;0;0;0;0
9700;543;2023;Defensa;33;1418;15;6.838787;0;1;1;0;609;8;14.94;25;5;15;105;47;2;16;11;6;17;3;0;0;0;0;0
18906;543;2023;Mediocentro;32;2307;29;7.128695;9;1;52;26;710;30;17.69;59;4;22;377;177;48;36;104;50;27;4;0;0;0;0;0
46672;543;2023;Portero;34;2475;28;7.158182;0;0;0;0;837;0;16.26;0;0;1;26;18;7;2;1;1;3;4;0;0;36;87;1
47119;543;2023;Defensa;31;1030;11;6.943592;2;1;9;2;473;11;12.0;46;1;14;165;90;13;16;41;27;27;5;0;0;0;0;0
47319;543;2023;Delantero;35;1982;25;7.153229;10;5;40;24;529;27;12.09;7;2;2;145;64;20;9;13;6;3;0;1;0;0;0;0
47341;543;2023;Mediocentro;32;1986;24;7.046274;2;2;14;7;1160;19;30.94;52;6;17;215;96;23;48;20;11;23;5;0;0;0;0;0
47348;543;2023;Delantero;20;404;4;6.725495;0;1;5;0;100;11;4.15;0;0;2;33;12;5;7;2;1;3;2;0;0;0;0;0
47579;543;2023;Mediocentro;6;301;4;6.853156;1;0;7;3;78;2;9.17;2;0;1;34;20;12;3;3;2;2;4;1;0;0;0;0
133185;543;2023;Mediocentro;19;1331;15;7.165815;1;2;10;3;633;8;28.26;48;5;32;194;116;19;21;19;11;11;3;0;0;0;0;0
179996;543;2023;Portero;32;315;3;7.357143;0;0;0;0;99;0;1.81;1;0;0;2;2;0;0;0;0;0;0;0;0;4;14;0
181421;543;2023;Delantero;30;870;6;6.645632;1;0;24;9;312;4;7.57;17;0;5;173;77;16;9;44;21;10;1;0;0;0;0;0
185202;543;2023;Mediocentro;19;77;0;6.631169;0;0;2;0;20;1;0.79;0;0;0;13;7;2;2;7;4;1;0;0;0;0;0;0
185477;543;2023;Mediocentro;37;1077;9;6.787279;0;0;10;5;519;15;11.65;17;0;8;140;70;29;6;48;24;13;0;0;0;0;0;0
188413;543;2023;Defensa;12;165;1;7.009091;0;0;0;0;62;0;4.25;2;2;2;14;5;1;3;0;0;0;0;0;0;0;0;0
265785;543;2023;Mediocentro;16;618;6;7.204369;0;3;12;4;185;11;8.62;15;0;5;126;71;15;7;39;26;5;1;0;0;0;0;0
278898;543;2023;Defensa;33;2164;24;6.862569;0;0;10;5;1195;2;32.48;36;14;22;151;88;7;15;0;0;10;1;0;0;0;0;0
286084;543;2023;Mediocentro;35;572;6;6.718531;1;0;3;2;314;4;8.17;15;1;9;69;31;8;8;11;6;12;1;0;0;0;0;0
305797;543;2023;Mediocentro;2;0;0;0.0;0;0;0;0;0;0;0.0;0;0;0;0;0;0;0;0;0;0;0;0;0;0;0;0
329663;543;2023;Portero;8;0;0;0.0;0;0;0;0;0;0;0.0;0;0;0;0;0;0;0;0;0;0;0;0;0;0;0;0
351127;543;2023;Defensa;7;0;0;0.0;0;0;0;0;0;0;0.0;0;0;0;0;0;0;0;0;0;0;0;0;0;0;0;0
351131;543;2023;Mediocentro;1;0;0;0.0;0;0;0;0;0;0;0.0;0;0;0;0;0;0;0;0;0;0;0;0;0;0;0;0
358431;543;2023;Defensa;4;0;0;0.0;0;0;0;0;0;0;0.0;0;0;0;0;0;0;0;0;0;0;0;0;0;0;0;0
400948;543;2023;Mediocentro;29;1056;13;6.671023;2;0;15;3;254;10;6.83;20;4;7;181;73;22;12;45;17;11;4;0;0;0;0;0
439994;543;2023;Defensa;7;52;0;6.992308;0;0;1;0;21;1;2.29;1;0;1;4;3;1;0;1;1;0;0;0;0;0;0;0
143;546;2023;Mediocentro;35;1017;10;6.633137;1;1;11;5;357;18;8.31;24;3;4;149;59;18;22;25;6;13;6;0;0;0;0;0
763;546;2023;Portero;38;21;0;6.3;0;0;0;0;9;0;0.11;0;0;0;0;0;0;0;0;0;0;0;0;0;2;0;0
897;546;2023;Mediocentro;33;2667;30;7.208249;8;6;72;35;917;36;22.7;11;0;4;305;130;42;39;124;72;16;6;1;2;0;0;0
2671;546;2023;Delantero;36;1807;22;6.831544;5;1;24;12;472;18;9.0;25;1;17;274;107;25;63;15;8;15;10;1;0;0;0;0
2819;546;2023;Defensa;21;706;9;6.658215;1;0;1;1;251;2;9.05;9;2;5;60;24;2;13;3;2;4;3;0;0;0;0;0
2824;546;2023;Mediocentro;37;3272;37;6.954218;4;0;28;15;1023;20;22.65;65;23;46;271;155;13;20;16;7;18;4;0;0;0;0;0
5987;546;2023;Defensa;34;184;2;6.52663;0;0;0;0;89;4;1.74;1;0;4;19;10;1;1;3;2;2;2;1;0;0;0;0
6168;546;2023;Defensa;35;2195;24;6.735991;0;1;18;5;1037;13;19.29;28;18;14;204;103;11;34;12;9;16;8;1;0;0;0;0
18867;546;2023;Defensa;32;2537;28;7.010091;0;7;16;5;1042;39;22.0;64;8;41;286;159;55;32;31;11;35;10;0;0;0;0;0
46795;546;2023;Defensa;27;920;11;6.596522;0;0;1;0;376;2;10.81;7;5;8;52;30;8;8;2;1;2;5;2;0;0;0;0
47085;546;2023;Mediocentro;27;2123;25;7.066981;0;1;14;5;1160;30;36.19;57;1;32;244;126;29;43;29;11;20;6;0;0;0;0;0
47247;546;2023;Portero;38;3414;38;7.136555;0;0;0;0;1168;0;14.84;0;0;0;8;4;2;1;0;0;2;3;0;0;52;124;1
47250;546;2023;Defensa;33;2490;30;6.774257;0;0;4;1;1038;6;24.79;34;15;23;232;125;37;51;21;18;11;14;1;0;0;0;0
47257;546;2023;Defensa;18;1306;15;6.7049;0;2;3;1;478;17;18.89;37;3;10;135;66;12;24;19;9;19;7;1;0;0;0;0
47258;546;2023;Mediocentro;7;337;3;6.738872;0;0;8;2;135;2;15.86;6;0;2;55;16;3;18;6;2;5;2;0;0;0;0;0
47416;546;2023;Mediocentro;33;966;9;6.928778;2;1;24;10;421;21;9.91;24;1;5;142;63;15;20;30;14;6;9;0;0;0;0;0
47472;546;2023;Delantero;27;2163;25;7.081692;15;1;34;27;532;20;15.37;9;0;4;272;106;32;31;40;18;17;2;0;4;0;0;0
47499;546;2023;Delantero;4;138;1;7.004348;0;1;1;0;34;3;5.75;0;0;0;29;10;5;5;3;2;0;0;0;0;0;0;0
47520;546;2023;Delantero;3;95;0;6.773684;0;0;1;1;21;2;5.33;5;0;0;14;6;0;0;3;0;1;1;0;0;0;0;0
47525;546;2023;Delantero;19;94;0;6.339362;0;0;4;0;15;1;0.47;0;0;0;27;8;1;6;3;0;1;1;0;0;0;0;0
51449;546;2023;Defensa;36;2553;29;6.819976;2;0;9;3;890;8;18.83;68;11;35;251;138;10;43;20;9;19;7;0;0;0;0;0
119742;546;2023;Defensa;31;1419;16;6.931712;0;2;11;6;457;11;9.61;41;7;16;122;70;10;16;14;6;12;4;0;0;0;0;0
162028;546;2023;Delantero;36;1565;15;6.843706;2;0;36;15;361;19;5.31;9;0;4;419;196;39;66;11;6;10;7;1;0;0;0;0
162030;546;2023;Mediocentro;24;574;5;6.59216;0;0;5;3;211;7;5.96;16;2;8;106;40;6;19;17;7;8;1;0;0;0;0;0
162123;546;2023;Mediocentro;14;618;8;6.761812;0;2;3;1;201;5;10.64;20;1;4;109;57;23;19;12;4;5;5;1;0;0;0;0
184617;546;2023;Mediocentro;3;0;0;0.0;0;0;0;0;0;0;0.0;0;0;0;0;0;0;0;0;0;0;0;0;0;0;0;0
184743;546;2023;Mediocentro;2;24;0;6.2;0;0;0;0;7;0;3.0;1;0;0;6;2;1;1;3;0;0;0;0;0;0;0;0
194782;546;2023;Mediocentro;2;0;0;0.0;0;0;0;0;0;0;0.0;0;0;0;0;0;0;0;0;0;0;0;0;0;0;0;0
195923;546;2023;Defensa;31;1335;15;6.64;1;1;5;3;466;10;11.45;30;2;21;182;79;23;33;24;8;19;9;0;0;0;0;0
198558;546;2023;Defensa;2;0;0;0.0;0;0;0;0;0;0;0.0;0;0;0;0;0;0;0;0;0;0;0;0;0;0;0;0
293297;546;2023;Mediocentro;6;0;0;0.0;0;0;0;0;0;0;0.0;0;0;0;0;0;0;0;0;0;0;0;0;0;0;0;0
325415;546;2023;Defensa;5;180;2;6.25;0;0;0;0;79;0;12.0;0;0;0;14;5;1;1;0;0;1;0;0;0;0;0;0
333373;546;2023;Defensa;4;11;0;6.7;0;0;0;0;5;0;1.0;0;0;0;0;0;0;0;0;0;0;0;0;0;0;0;0
348885;546;2023;Delantero;2;10;0;6.3;0;0;0;0;0;0;0.0;0;0;0;0;0;0;0;0;0;0;0;0;0;0;0;0
364415;546;2023;Mediocentro;19;662;8;6.662991;1;0;2;2;184;6;7.63;17;0;0;74;38;12;17;8;3;3;4;0;0;0;0;0
432080;546;2023;Portero;15;0;0;0.0;0;0;0;0;0;0;0.0;0;0;0;0;0;0;0;0;0;0;0;0;0;0;0;0
439414;546;2023;Defensa;2;0;0;0.0;0;0;0;0;0;0;0.0;0;0;0;0;0;0;0;0;0;0;0;0;0;0;0;0
439616;546;2023;Delantero;3;8;0;6.5;0;0;0;0;2;0;0.0;0;0;0;3;1;0;1;0;0;0;0;0;0;0;0;0
454491;546;2023;Portero;7;0;0;0.0;0;0;0;0;0;0;0.0;0;0;0;0;0;0;0;0;0;0;0;0;0;0;0;0
465838;546;2023;Mediocentro;8;135;1;6.924444;0;0;1;1;43;4;4.5;2;0;0;14;5;1;1;3;2;4;0;0;0;0;0;0
158;547;2023;Portero;38;3420;38;7.242105;0;0;0;0;1209;3;24.16;2;0;0;27;24;8;0;6;6;2;2;0;0;46;125;1
531;547;2023;Defensa;35;2978;33;7.095836;1;2;12;6;2523;17;65.09;47;19;21;195;115;12;19;25;17;19;6;0;0;0;0;0
619;547;2023;Defensa;31;2641;30;7.179515;5;0;12;6;2191;10;63.77;56;18;31;223;135;26;24;7;4;15;4;0;0;0;0;0
1700;547;2023;Mediocentro;37;2750;33;7.025855;5;4;15;11;1605;29;39.97;45;3;22;273;126;34;27;59;39;35;5;0;0;0;0;0
2182;547;2023;Mediocentro;30;2068;26;7.267408;8;7;32;16;839;34;23.3;29;1;12;203;105;41;14;46;22;12;0;0;0;0;0;0
2449;547;2023;Mediocentro;30;2120;27;7.1825;5;0;40;18;1098;19;31.97;65;8;24;398;208;62;65;29;22;26;9;0;0;0;0;0
2617;547;2023;Delantero;32;807;5;6.842751;9;3;30;17;114;10;2.62;14;2;5;107;47;7;28;5;1;3;6;0;0;0;0;0
15811;547;2023;Delantero;36;2605;32;7.261113;24;8;77;46;387;27;7.75;4;1;0;186;73;13;27;25;17;2;2;0;7;0;0;0
46782;547;2023;Delantero;2;0;0;0.0;0;0;0;0;0;0;0.0;0;0;0;0;0;0;0;0;0;0;0;0;0;0;0;0
47153;547;2023;Portero;31;0;0;0.0;0;0;0;0;0;0;0.0;0;0;0;0;0;0;0;0;0;0;1;0;0;0;0;0
47334;547;2023;Defensa;27;1975;25;7.002532;3;0;14;6;1578;4;54.3;34;19;20;150;86;15;17;7;5;5;4;0;0;0;0;0
47492;547;2023;Mediocentro;8;24;0;6.4875;0;0;1;1;8;0;0.88;0;0;0;2;1;1;0;1;0;0;0;0;0;0;0;0
47505;547;2023;Defensa;13;10;0;5.94;0;0;0;0;8;0;0.54;1;0;0;4;3;1;0;0;0;0;0;0;0;0;0;0
47511;547;2023;Defensa;36;748;6;6.837968;0;0;4;0;548;0;13.86;11;11;7;54;34;0;5;2;1;1;4;0;0;0;0;0
47514;547;2023;Defensa;37;527;2;6.691651;2;0;5;2;198;6;4.78;11;1;1;57;33;13;6;13;7;2;1;0;0;0;0;0
47515;547;2023;Mediocentro;10;0;0;0.0;0;0;0;0;0;0;0.0;0;0;0;0;0;0;0;0;0;0;0;0;0;0;0;0
47516;547;2023;Mediocentro;37;3201;36;7.516682;3;6;27;12;2724;59;67.49;50;17;35;215;118;36;29;21;15;27;4;1;0;0;0;0
47520;547;2023;Delantero;35;1189;11;6.882759;7;5;16;11;285;16;6.51;19;1;4;125;46;16;18;18;4;15;3;0;0;0;0;0
135334;547;2023;Defensa;1;0;0;0.0;0;0;0;0;0;0;0.0;0;0;0;0;0;0;0;0;0;0;0;0;0;0;0;0
162032;547;2023;Defensa;36;3037;35;7.032861;2;7;23;5;1514;42;37.22;29;11;23;230;103;26;27;54;25;22;4;0;0;0;0;0
162533;547;2023;Portero;38;0;0;0.0;0;0;0;0;0;0;0.0;0;0;0;0;0;0;0;0;0;0;0;0;0;0;0;0
197448;547;2023;Defensa;35;2244;24;6.978387;1;8;25;11;1097;28;25.86;44;2;10;290;138;42;35;97;48;19;8;0;0;0;0;0
263529;547;2023;Mediocentro;17;24;0;6.4625;0;0;0;0;8;0;0.29;1;0;1;11;6;2;1;0;0;0;1;0;0;0;0;0
266657;547;2023;Mediocentro;37;2989;35;7.310338;9;10;34;20;928;54;20.89;42;0;19;406;216;66;30;195;104;12;5;0;0;0;0;0
283668;547;2023;Defensa;36;1249;14;6.805845;0;2;1;0;751;11;18.72;23;5;10;114;58;22;14;7;3;18;5;0;0;0;0;0
285909;547;2023;Mediocentro;36;709;4;6.756135;0;2;5;1;420;12;9.89;5;2;4;76;32;21;8;16;6;6;1;0;0;0;0;0
286074;547;2023;Defensa;2;0;0;0.0;0;0;0;0;0;0;0.0;0;0;0;0;0;0;0;0;0;0;0;0;0;0;0;0
306727;547;2023;Mediocentro;29;412;2;6.573786;0;0;7;3;224;3;6.55;10;3;8;74;27;5;10;12;6;8;0;0;0;0;0;0
327628;547;2023;Mediocentro;5;0;0;0.0;0;0;0;0;0;0;0.0;0;0;0;0;0;0;0;0;0;0;0;0;0;0;0;0
349046;547;2023;Delantero;1;0;0;0.0;0;0;0;0;0;0;0.0;0;0;0;0;0;0;0;0;0;0;0;0;0;0;0;0
389600;547;2023;Delantero;13;31;0;6.567742;0;0;0;0;10;0;0.54;1;0;0;5;4;2;0;2;1;0;0;0;0;0;0;0
389602;547;2023;Delantero;5;0;0;0.0;0;0;0;0;0;0;0.0;0;0;0;0;0;0;0;0;0;0;0;0;0;0;0;0
402280;547;2023;Defensa;7;60;0;7.2;0;0;0;0;42;1;5.29;2;0;3;7;4;0;1;0;0;0;0;0;0;0;0;0
402281;547;2023;Mediocentro;4;8;0;6.7;0;0;0;0;5;0;1.25;2;0;0;3;2;0;1;0;0;0;0;0;0;0;0;0
737;548;2023;Defensa;23;397;6;6.69068;0;0;0;0;188;2;7.26;9;1;8;39;16;4;7;7;2;0;0;0;0;0;0;0
1117;548;2023;Defensa;24;1250;14;6.98368;0;2;1;0;728;8;24.29;37;8;10;115;69;8;6;16;8;9;1;0;0;0;0;0
2063;548;2023;Delantero;28;744;9;6.638038;3;0;15;6;160;5;4.68;2;0;1;96;28;8;14;21;5;4;1;0;1;0;0;0
2202;548;2023;Defensa;32;2296;27;6.979225;0;2;15;2;1222;29;32.22;44;8;25;209;108;18;32;25;16;18;7;0;0;0;0;0
18867;548;2023;Defensa;3;0;0;0.0;0;0;0;0;0;0;0.0;0;0;0;0;0;0;0;0;0;0;0;0;0;0;0;0
31406;548;2023;Delantero;36;1106;12;6.853165;3;1;28;10;179;10;3.56;15;0;0;248;94;19;45;48;31;4;4;0;0;0;0;0
32862;548;2023;Delantero;34;2155;24;7.516613;7;4;34;21;713;59;16.82;27;2;10;265;145;52;22;98;55;14;2;0;0;0;0;0
37938;548;2023;Delantero;16;772;8;7.047409;2;2;17;10;195;8;9.25;2;0;1;48;16;5;11;7;4;1;1;0;0;0;0;0
46808;548;2023;Delantero;17;411;5;6.805109;2;1;8;4;82;1;2.59;11;0;0;87;33;3;15;10;3;2;3;0;1;0;0;0
47269;548;2023;Portero;37;3276;37;7.16978;0;0;0;0;1142;1;23.14;0;0;0;11;11;4;1;0;0;0;2;1;0;36;97;1
47298;548;2023;Defensa;25;816;7;7.064461;0;1;6;2;430;7;15.04;12;10;5;87;53;10;9;3;2;8;2;0;0;0;0;0
47301;548;2023;Defensa;35;2473;28;6.978245;2;0;8;5;1762;3;44.6;30;15;28;274;163;23;33;1;1;13;13;0;0;0;0;0
47303;548;2023;Defensa;21;1131;11;6.89779;0;2;6;2;508;12;18.71;35;8;8;136;75;7;17;18;10;11;2;0;0;0;0;0
47306;548;2023;Defensa;3;28;0;6.428571;0;0;0;0;10;0;2.33;0;0;1;7;4;2;2;0;0;0;0;0;0;0;0;0
47311;548;2023;Mediocentro;35;2485;27;7.230382;5;3;25;11;1379;20;30.51;78;11;16;580;327;61;70;37;24;26;10;0;0;0;0;0
47314;548;2023;Defensa;31;2523;29;6.870511;0;2;5;0;1737;10;47.68;32;19;32;265;129;9;43;8;4;6;11;1;0;0;0;0
47315;548;2023;Mediocentro;31;2655;29;7.060565;4;1;15;11;1526;17;42.55;50;9;38;230;127;21;35;17;12;19;5;0;0;0;0;0
47317;548;2023;Delantero;30;1446;20;6.843499;4;1;29;12;501;14;12.13;32;1;6;245;106;22;27;69;38;15;1;0;0;0;0;0
47323;548;2023;Delantero;34;2158;23;6.889852;9;3;27;19;493;21;10.97;23;4;4;204;78;20;20;25;9;14;3;0;2;0;0;0
47440;548;2023;Mediocentro;33;2419;27;7.273543;5;6;43;17;1128;41;27.76;41;4;12;323;145;56;58;54;23;28;7;0;0;0;0;0
47566;548;2023;Defensa;14;1083;13;6.922345;0;1;2;1;500;10;29.43;38;1;12;151;80;19;21;36;17;15;3;0;0;0;0;0
84086;548;2023;Mediocentro;3;0;0;0.0;0;0;0;0;0;0;0.0;0;0;0;0;0;0;0;0;0;0;0;0;0;0;0;0
125675;548;2023;Delantero;2;0;0;0.0;0;0;0;0;0;0;0.0;0;0;0;0;0;0;0;0;0;0;0;0;0;0;0;0
182546;548;2023;Defensa;36;1530;16;6.900196;1;1;5;3;1164;3;28.25;26;6;10;161;89;1;29;4;4;8;8;0;0;0;0;0
182603;548;2023;Mediocentro;37;370;2;6.83027;0;0;6;0;167;6;3.41;17;0;3;64;35;7;7;10;7;3;3;0;0;0;0;0
182664;548;2023;Portero;8;0;0;0.0;0;0;0;0;0;0;0.0;0;0;0;0;0;0;0;0;0;0;0;0;0;0;0;0
183699;548;2023;Mediocentro;37;159;2;6.430189;0;0;1;0;89;0;1.92;4;0;1;21;12;2;1;2;1;0;1;0;0;0;0;0
183744;548;2023;Mediocentro;37;1704;19;6.767077;0;1;17;10;684;9;16.11;32;8;6;214;105;36;36;34;20;17;4;0;0;0;0;0
183748;548;2023;Delantero;2;0;0;0.0;0;0;0;0;0;0;0.0;0;0;0;0;0;0;0;0;0;0;0;0;0;0;0;0
189832;548;2023;Portero;38;141;1;6.66383;0;0;0;0;40;0;0.61;0;0;0;0;0;0;0;0;0;0;0;0;0;3;3;0
199044;548;2023;Defensa;18;541;5;6.789834;0;0;2;0;256;0;11.72;24;3;7;76;38;5;11;6;2;10;3;0;0;0;0;0
268960;548;2023;Mediocentro;31;1243;15;6.951327;1;2;26;9;455;26;11.32;22;0;4;128;54;11;21;25;10;13;1;0;0;0;0;0
274312;548;2023;Delantero;17;247;1;6.531579;0;0;3;0;56;1;2.18;4;0;1;45;20;6;5;16;7;4;0;0;0;0;0;0
287652;548;2023;Mediocentro;19;131;1;6.727481;0;0;3;0;42;1;1.53;6;0;0;25;12;3;2;5;2;3;0;0;0;0;0;0
287653;548;2023;Delantero;1;27;0;6.5;0;0;0;0;6;0;3.0;1;0;0;6;1;0;4;1;0;0;0;0;0;0;0;0
290106;548;2023;Mediocentro;12;0;0;0.0;0;0;0;0;0;0;0.0;0;0;0;0;0;0;0;0;0;0;0;0;0;0;0;0
337843;548;2023;Portero;11;0;0;0.0;0;0;0;0;0;0;0.0;0;0;0;0;0;0;0;0;0;0;0;0;0;0;0;0
381599;548;2023;Defensa;8;0;0;0.0;0;0;0;0;0;0;0.0;0;0;0;0;0;0;0;0;0;0;0;0;0;0;0;0
405073;548;2023;Defensa;9;23;0;6.7;0;0;0;0;7;0;0.56;0;0;0;1;1;0;0;0;0;0;0;0;0;0;0;0
330;715;2023;Delantero;38;809;7;6.650927;0;1;9;4;320;16;6.95;13;1;5;88;44;21;11;7;3;14;2;0;0;0;0;0
383;715;2023;Defensa;18;241;3;6.43195;0;0;1;0;98;1;4.17;6;0;1;27;14;0;3;9;6;3;1;0;0;0;0;0
608;715;2023;Delantero;31;2555;30;6.816438;6;3;43;15;608;26;14.48;50;5;10;527;204;43;72;128;53;20;8;1;0;0;0;0
741;715;2023;Defensa;4;115;1;6.143478;0;0;0;0;81;0;18.5;3;2;0;8;5;1;2;1;1;0;1;0;0;0;0;0
10233;715;2023;Defensa;18;1336;15;6.856587;2;0;8;5;543;4;21.72;36;6;26;113;62;0;14;7;6;16;4;0;0;0;0;0
11379;715;2023;Portero;20;1530;17;7.070588;0;0;0;0;610;1;18.4;0;0;0;9;8;2;0;3;3;1;3;0;0;28;59;0
14405;715;2023;Delantero;35;2459;28;6.776739;11;1;49;28;285;18;6.46;18;3;4;211;60;19;26;25;12;21;3;0;4;0;0;0
19278;715;2023;Delantero;16;111;0;6.893694;0;1;4;3;38;1;1.19;1;0;0;35;20;3;6;5;4;1;1;0;0;0;0;0
21441;715;2023;Defensa;17;252;2;6.725794;0;1;3;0;58;5;2.24;9;0;1;24;16;3;3;3;1;1;0;0;0;0;0;0
40559;715;2023;Mediocentro;12;591;7;6.771912;0;1;1;1;172;5;10.42;13;0;2;98;46;12;13;14;8;8;2;0;0;0;0;0
41320;715;2023;Portero;21;1339;14;6.727707;0;0;0;0;410;0;12.95;0;0;0;14;9;2;2;0;0;1;1;0;0;29;49;0
46090;715;2023;Mediocentro;20;169;0;6.562722;0;0;1;1;78;2;3.3;5;0;1;16;11;1;0;5;3;1;0;0;0;0;0;0
46677;715;2023;Defensa;18;161;2;6.269565;0;0;0;0;69;0;2.5;5;0;1;12;9;0;0;1;1;2;1;0;0;0;0;0
46682;715;2023;Defensa;38;3153;36;6.672471;0;2;2;0;1263;20;25.34;31;14;30;207;110;44;22;18;7;23;4;0;0;0;0;0
46689;715;2023;Mediocentro;33;776;6;6.473196;0;2;14;5;185;10;4.36;12;0;6;131;52;12;21;30;15;9;3;1;0;0;0;0
46982;715;2023;Mediocentro;35;1785;21;6.881793;1;3;14;5;910;14;21.86;51;10;6;288;170;66;44;39;23;15;7;0;0;0;0;0
46987;715;2023;Portero;14;281;4;6.291459;0;0;0;0;95;0;4.21;0;0;0;1;0;0;0;0;0;1;0;0;0;11;8;0
47041;715;2023;Delantero;14;9;0;5.955556;0;0;0;0;6;1;0.43;0;0;0;4;2;2;0;0;0;2;0;0;0;0;0;0
47063;715;2023;Mediocentro;2;17;0;6.7;0;0;0;0;3;1;1.5;0;0;0;2;1;1;0;0;0;0;0;0;0;0;0;0
47253;715;2023;Defensa;35;2991;33;6.791775;1;1;18;8;1536;12;35.97;47;16;45;251;137;26;32;15;8;16;5;0;0;0;0;0
47256;715;2023;Defensa;30;1559;17;6.781527;1;0;8;2;774;2;20.7;22;18;27;157;97;11;20;6;5;7;5;0;0;0;0;0
47339;715;2023;Mediocentro;36;1134;15;6.58739;0;0;2;2;396;11;9.03;14;0;5;121;68;37;12;19;11;8;2;0;0;0;0;0
47414;715;2023;Mediocentro;35;2684;31;6.820082;0;3;29;9;1335;42;29.54;54;5;25;258;113;26;62;15;10;40;12;0;0;0;0;0
51756;715;2023;Delantero;20;371;3;6.618059;0;0;10;4;77;2;2.5;7;1;1;51;20;1;6;1;1;4;1;0;0;0;0;0
63542;715;2023;Mediocentro;16;569;6;6.467838;0;0;2;1;277;0;14.62;7;3;6;39;11;1;7;3;0;6;0;0;0;0;0;0
70078;715;2023;Mediocentro;15;1220;14;6.781721;2;1;10;6;260;18;13.2;29;0;4;165;72;21;22;27;13;15;2;1;0;0;0;0
70339;715;2023;Delantero;11;90;0;6.633333;0;0;1;0;12;0;0.82;1;0;0;14;4;1;1;2;1;3;0;0;0;0;0;0
104836;715;2023;Portero;25;0;0;0.0;0;0;0;0;0;0;0.0;0;0;0;0;0;0;0;0;0;0;0;0;0;0;0;0
116909;715;2023;Portero;17;270;3;6.866667;0;0;0;0;89;0;3.94;0;0;0;1;0;0;0;0;0;1;0;0;0;11;12;0
119762;715;2023;Defensa;17;506;6;6.670158;0;0;4;2;227;2;11.53;18;5;8;51;33;3;3;1;1;4;1;1;0;0;0;0
122756;715;2023;Mediocentro;37;2510;30;6.891434;0;4;7;1;1257;12;28.92;83;6;27;353;203;66;42;40;23;47;9;0;0;0;0;0
162585;715;2023;Portero;1;0;0;0.0;0;0;0;0;0;0;0.0;0;0;0;0;0;0;0;0;0;0;0;0;0;0;0;0
162587;715;2023;Defensa;13;25;0;6.2;0;0;0;0;14;0;0.85;1;0;0;2;1;0;0;0;0;0;0;0;0;0;0;0
162889;715;2023;Defensa;37;2312;25;6.712284;3;0;9;5;778;22;15.92;29;4;13;171;86;21;27;31;17;12;8;0;0;0;0;0
190530;715;2023;Delantero;2;18;0;6.9;0;0;0;0;6;0;2.0;3;0;0;6;4;1;0;0;0;2;0;0;0;0;0;0
280688;715;2023;Mediocentro;16;196;2;6.494388;1;0;4;2;48;0;2.06;5;0;2;23;11;1;2;8;2;2;2;0;0;0;0;0
284300;715;2023;Mediocentro;15;491;5;6.775967;0;0;6;1;192;7;10.0;12;1;7;70;40;11;6;11;7;5;1;0;0;0;0;0
286639;715;2023;Mediocentro;21;1640;18;7.073049;6;2;29;19;337;24;10.52;17;0;3;217;105;33;12;116;51;15;5;0;1;0;0;0
290215;715;2023;Defensa;30;1252;14;6.604633;0;0;3;0;759;3;20.1;29;10;11;99;59;8;18;1;0;5;4;0;0;0;0;0
291146;715;2023;Mediocentro;1;0;0;0.0;0;0;0;0;0;0;0.0;0;0;0;0;0;0;0;0;0;0;0;0;0;0;0;0
291147;715;2023;Defensa;1;30;0;6.3;0;0;0;0;8;0;6.0;1;0;0;2;2;0;0;1;1;0;0;0;0;0;0;0
306183;715;2023;Mediocentro;2;0;0;0.0;0;0;0;0;0;0;0.0;0;0;0;0;0;0;0;0;0;0;0;0;0;0;0;0
358628;715;2023;Delantero;1;81;1;7.5;1;0;2;2;15;2;10.0;1;0;0;12;6;3;1;0;0;0;0;0;0;0;0;0
403498;715;2023;Delantero;3;122;2;6.486885;0;1;0;0;26;2;8.0;3;0;0;15;5;1;2;4;1;3;0;0;0;0;0;0
412739;715;2023;Portero;2;0;0;0.0;0;0;0;0;0;0;0.0;0;0;0;0;0;0;0;0;0;0;0;0;0;0;0;0
436202;715;2023;Delantero;1;0;0;0.0;0;0;0;0;0;0;0.0;0;0;0;0;0;0;0;0;0;0;0;0;0;0;0;0
129;723;2023;Defensa;37;2437;26;6.580222;0;1;4;1;1176;4;27.54;34;23;14;159;90;8;23;6;5;10;4;0;0;0;0;0
340;723;2023;Defensa;1;90;1;6.9;0;0;1;0;62;0;58.0;2;1;0;8;5;0;2;0;0;0;0;0;0;0;0;0
914;723;2023;Defensa;36;979;11;6.678039;0;1;2;1;410;11;8.69;11;2;17;84;43;13;10;9;4;10;2;0;0;0;0;0
1470;723;2023;Portero;37;2970;33;7.027273;0;0;0;0;1113;0;18.68;0;0;0;12;10;3;1;3;3;1;1;0;0;63;114;1
1565;723;2023;Defensa;32;2528;30;6.780934;2;0;12;3;1345;7;35.91;45;28;38;248;129;7;29;10;7;24;7;1;0;0;0;0
2873;723;2023;Defensa;28;1792;21;6.682812;0;0;8;2;963;5;26.71;23;9;11;152;96;11;22;3;3;9;5;0;0;0;0;0
6065;723;2023;Mediocentro;33;2391;29;7.181514;0;5;30;13;1281;34;32.79;61;9;51;275;162;54;38;17;8;25;11;0;0;0;0;0
12667;723;2023;Mediocentro;14;923;12;7.052871;0;3;9;5;533;28;33.07;19;0;4;91;47;16;10;19;9;9;3;1;0;0;0;0
13062;723;2023;Delantero;33;1880;22;6.992766;6;0;39;18;532;19;10.79;25;1;11;250;114;29;21;26;12;16;6;1;0;0;0;0
19306;723;2023;Delantero;1;0;0;0.0;0;0;0;0;0;0;0.0;0;0;0;0;0;0;0;0;0;0;0;0;0;0;0;0
20627;723;2023;Defensa;13;396;4;6.557071;0;0;0;0;118;1;6.69;17;2;2;62;36;10;6;5;2;8;0;0;0;0;0;0
20660;723;2023;Defensa;12;571;8;6.981086;0;0;0;0;196;1;15.08;8;8;11;41;24;2;7;1;0;0;2;0;0;0;0;0
39245;723;2023;Delantero;15;295;2;6.534915;0;0;4;2;52;2;2.47;1;0;0;31;15;4;3;3;1;0;0;0;0;0;0;0
46688;723;2023;Defensa;36;992;9;6.406552;0;0;4;3;448;13;9.58;19;4;7;79;31;6;16;13;1;8;3;0;0;0;0;0
46739;723;2023;Mediocentro;32;1442;14;6.708044;0;0;6;2;648;6;16.94;46;6;11;202;124;34;29;17;14;22;5;0;0;0;0;0
46870;723;2023;Portero;38;90;1;6.9;0;0;0;0;21;0;0.45;0;0;0;0;0;0;0;0;0;0;0;0;0;2;2;0
46904;723;2023;Portero;38;360;4;6.875;0;0;0;0;131;0;2.18;0;0;0;2;2;0;0;0;0;0;0;0;0;10;13;0
47237;723;2023;Delantero;15;925;10;7.298054;6;0;33;14;194;7;9.87;7;0;0;121;47;18;18;21;12;4;3;0;1;0;0;0
47525;723;2023;Delantero;15;778;10;6.761697;3;0;20;9;131;7;6.6;7;1;2;147;50;20;22;15;4;3;1;0;0;0;0;0
47530;723;2023;Defensa;20;1676;19;6.632936;2;0;9;5;594;17;23.7;27;4;10;141;74;17;18;39;21;3;2;0;0;0;0;0
47554;723;2023;Mediocentro;38;2485;29;7.004306;3;2;45;25;732;53;14.58;55;1;15;368;166;40;37;110;46;26;5;0;1;0;0;0
47576;723;2023;Mediocentro;31;1121;10;6.607315;1;1;13;4;456;11;12.19;14;4;4;132;57;17;21;17;7;12;3;0;0;0;0;0
126901;723;2023;Defensa;15;819;9;6.847497;1;0;8;2;317;7;16.07;17;4;4;69;44;12;4;18;13;8;1;1;0;0;0;0
138776;723;2023;Mediocentro;31;1576;16;6.818909;3;5;28;13;303;25;6.29;12;2;34;213;72;24;27;69;31;20;11;2;0;0;0;0
138809;723;2023;Mediocentro;19;271;3;6.408118;0;0;0;0;74;3;3.0;2;0;3;27;9;4;7;6;2;2;3;0;0;0;0;0
162033;723;2023;Mediocentro;38;2065;22;7.132494;9;4;46;22;678;42;14.84;32;1;16;210;110;42;14;47;16;17;1;0;0;0;0;0
203468;723;2023;Mediocentro;35;1927;23;6.931552;0;0;16;8;865;13;21.0;62;5;15;259;161;40;30;44;29;27;5;0;0;0;0;0
237103;723;2023;Delantero;23;274;2;6.399635;0;0;6;4;84;6;2.83;4;0;1;54;20;7;3;15;5;6;0;0;0;0;0;0
263812;723;2023;Mediocentro;17;440;5;6.699545;3;0;7;3;145;2;7.94;5;1;1;58;25;11;8;15;7;2;2;0;0;0;0;0
282131;723;2023;Mediocentro;4;0;0;0.0;0;0;0;0;0;0;0.0;0;0;0;0;0;0;0;0;0;0;0;0;0;0;0;0
295793;723;2023;Defensa;24;1889;22;6.90397;1;3;14;5;701;21;22.42;47;8;15;233;138;34;21;56;33;18;2;0;0;0;0;0
305803;723;2023;Defensa;22;528;5;6.404545;1;0;2;1;261;1;9.82;7;7;3;42;21;0;7;4;3;3;2;0;0;0;0;0
310609;723;2023;Mediocentro;3;0;0;0.0;0;0;0;0;0;0;0.0;0;0;0;0;0;0;0;0;0;0;0;0;0;0;0;0
312650;723;2023;Delantero;25;316;2;6.599367;1;0;5;1;67;2;1.76;4;0;0;68;24;6;15;3;1;2;0;0;0;0;0;0
344745;723;2023;Delantero;7;16;0;6.6;0;0;1;0;5;1;0.57;1;0;0;3;2;0;1;0;0;0;0;0;0;0;0;0
352905;723;2023;Delantero;12;67;0;6.4;0;0;0;0;23;1;1.25;0;0;0;9;4;0;0;0;0;0;0;0;0;0;0;0
354550;723;2023;Portero;1;0;0;0.0;0;0;0;0;0;0;0.0;0;0;0;0;0;0;0;0;0;0;0;0;0;0;0;0
418944;723;2023;Mediocentro;12;439;4;6.938269;0;0;4;1;217;1;15.67;19;3;13;48;26;4;8;1;0;6;3;0;0;0;0;0
437600;723;2023;Defensa;8;23;0;6.3;0;0;0;0;10;0;0.88;0;0;0;2;1;0;0;0;0;1;0;0;0;0;0;0
937;724;2023;Mediocentro;35;1648;18;6.704126;0;1;12;3;497;22;10.8;52;2;17;268;121;31;46;39;16;29;8;1;0;0;0;0
1094;724;2023;Mediocentro;14;88;0;6.825;0;0;1;1;47;1;3.21;5;0;3;14;10;0;2;2;2;1;0;0;0;0;0;0
2459;724;2023;Mediocentro;33;798;10;6.968045;4;0;16;10;219;11;4.76;23;1;4;97;46;14;12;15;6;11;0;1;1;0;0;0
2615;724;2023;Delantero;34;1174;12;6.740204;0;0;12;6;233;10;3.85;6;3;2;225;113;32;20;11;4;1;2;0;0;0;0;0
6492;724;2023;Portero;35;3049;34;7.246802;0;0;0;0;1066;1;16.54;1;0;0;21;14;5;1;2;2;3;0;0;0;47;105;0
14444;724;2023;Defensa;31;286;2;6.865385;0;0;1;1;83;0;1.52;6;7;5;28;15;0;6;0;0;3;2;0;0;0;0;0
20608;724;2023;Mediocentro;21;829;9;6.831122;0;0;3;0;408;4;16.76;15;2;14;84;50;9;11;8;7;8;2;0;0;0;0;0
24793;724;2023;Defensa;26;686;8;6.584402;0;0;3;1;225;0;6.35;8;3;8;38;21;4;1;1;1;3;0;0;0;0;0;0
46691;724;2023;Mediocentro;9;165;3;6.900606;1;0;1;1;50;1;4.67;3;2;2;24;9;3;8;0;0;3;1;1;0;0;0;0
46755;724;2023;Portero;37;371;4;7.191105;0;0;0;0;144;0;1.89;0;0;0;6;5;2;0;0;0;1;1;0;0;8;17;0
46769;724;2023;Mediocentro;37;1309;14;6.858289;0;1;3;1;604;13;14.08;18;5;15;97;52;16;5;6;4;11;3;0;0;0;0;0
46772;724;2023;Mediocentro;18;27;0;6.451852;0;0;0;0;20;2;0.89;2;0;0;4;3;1;1;0;0;1;1;0;0;0;0;0
46818;724;2023;Defensa;9;730;8;6.810959;1;0;1;1;303;6;26.44;7;2;8;30;16;0;8;0;0;4;4;0;0;0;0;0
46824;724;2023;Mediocentro;35;1713;21;6.545826;0;2;9;2;304;16;5.63;39;0;7;291;127;49;49;56;24;40;17;0;0;0;0;0
46849;724;2023;Defensa;32;2517;28;6.79265;1;2;19;8;968;33;22.38;43;9;19;229;106;19;45;31;13;21;10;0;0;0;0;0
47100;724;2023;Defensa;38;2625;29;6.793181;0;0;8;3;858;18;16.76;51;7;24;229;130;44;16;22;13;19;2;0;0;0;0;0
47229;724;2023;Defensa;34;2550;30;6.874627;0;0;10;3;1035;4;23.5;41;24;27;180;101;19;23;3;2;15;12;0;0;0;0;0
47307;724;2023;Defensa;35;720;9;6.595694;0;0;1;0;186;5;3.74;20;4;2;68;36;4;14;4;2;8;3;0;0;0;0;0
47320;724;2023;Delantero;16;872;9;6.899885;3;1;12;7;222;11;11.06;9;0;6;122;37;11;24;22;9;7;3;0;0;0;0;0
47388;724;2023;Mediocentro;30;1701;18;6.679248;1;2;11;3;698;11;17.87;39;5;26;198;87;14;31;8;3;34;2;1;0;0;0;0
47471;724;2023;Delantero;25;1367;18;7.047257;2;3;28;12;332;11;9.0;12;1;7;156;61;28;34;10;4;5;3;0;0;0;0;0
47485;724;2023;Mediocentro;36;3138;36;6.999426;3;1;35;12;1523;22;34.83;98;14;33;465;225;71;84;21;10;71;14;0;2;0;0;0
47495;724;2023;Delantero;33;506;1;6.718775;1;1;10;5;190;4;4.36;10;0;0;93;44;22;18;13;7;5;1;0;0;0;0;0
48014;724;2023;Defensa;11;429;5;6.71958;0;0;1;0;179;0;12.82;9;0;6;35;24;6;4;1;1;0;0;0;0;0;0;0
50502;724;2023;Delantero;22;71;0;6.556338;0;0;1;1;17;1;0.41;0;0;1;8;7;2;0;2;2;0;0;0;0;0;0;0
51588;724;2023;Delantero;22;242;1;6.667355;1;0;4;2;107;2;3.32;4;0;3;59;27;9;9;18;10;3;2;0;0;0;0;0
66761;724;2023;Delantero;3;13;0;6.9;0;0;1;0;3;1;0.67;0;0;0;1;1;0;0;0;0;0;0;0;0;0;0;0
84086;724;2023;Mediocentro;32;1906;24;6.887461;1;1;24;9;629;41;15.56;46;0;19;287;139;27;15;109;54;22;0;1;0;0;0;0
104792;724;2023;Delantero;37;2627;30;6.796308;5;1;64;27;468;14;7.27;28;7;9;599;265;46;61;62;18;19;5;0;0;0;0;0
162058;724;2023;Defensa;28;1869;22;6.859979;0;1;3;0;1028;6;29.61;29;21;11;116;60;4;15;2;1;13;3;2;0;0;0;0
310683;724;2023;Mediocentro;2;0;0;0.0;0;0;0;0;0;0;0.0;0;0;0;0;0;0;0;0;0;0;0;0;0;0;0;0
327552;724;2023;Portero;1;0;0;0.0;0;0;0;0;0;0;0.0;0;0;0;0;0;0;0;0;0;0;0;0;0;0;0;0
330238;724;2023;Defensa;37;1545;15;6.73301;1;0;10;4;585;22;12.27;48;4;16;171;80;6;12;29;15;23;6;0;0;0;0;0
337963;724;2023;Portero;5;0;0;0.0;0;0;0;0;0;0;0.0;0;0;0;0;0;0;0;0;0;0;0;0;0;0;0;0
353463;724;2023;Mediocentro;2;1;0;0.0;0;0;0;0;0;0;0.0;0;0;0;1;0;0;0;1;0;0;0;0;0;0;0;0
378284;724;2023;Mediocentro;1;20;0;6.3;0;0;0;0;2;0;2.0;1;0;0;3;1;0;1;0;0;0;0;0;0;0;0;0
386490;724;2023;Mediocentro;1;0;0;0.0;0;0;0;0;0;0;0.0;0;0;0;0;0;0;0;0;0;0;0;0;0;0;0;0
386491;724;2023;Delantero;2;0;0;0.0;0;0;0;0;0;0;0.0;0;0;0;0;0;0;0;0;0;0;0;0;0;0;0;0
438293;724;2023;Defensa;2;0;0;0.0;0;0;0;0;0;0;0.0;0;0;0;0;0;0;0;0;0;0;0;0;0;0;0;0
456612;724;2023;Delantero;1;3;0;0.0;0;0;0;0;1;1;1.0;1;0;0;1;1;0;0;0;0;0;0;0;0;0;0;0
1825;727;2023;Mediocentro;37;1796;21;6.849332;1;0;23;7;793;9;16.32;25;3;33;230;118;16;43;8;7;17;5;0;0;0;0;0
46646;727;2023;Portero;38;2870;32;6.974216;0;0;0;0;1082;1;17.66;1;0;0;20;19;7;0;0;0;1;2;0;0;47;86;1
46652;727;2023;Defensa;27;559;6;6.595528;1;0;2;1;194;1;5.78;12;1;8;42;17;1;9;1;0;5;6;1;0;0;0;0
46653;727;2023;Defensa;29;2336;27;6.98994;0;1;14;2;1325;5;38.03;29;19;18;217;137;13;33;4;3;10;5;0;0;0;0;0
46657;727;2023;Defensa;20;108;0;6.781481;1;0;3;1;37;1;1.2;5;0;0;19;9;1;0;2;1;3;0;0;0;0;0;0
46658;727;2023;Delantero;36;1553;19;7.120863;3;2;21;10;665;31;13.42;31;3;12;217;106;27;24;28;18;19;1;0;0;0;0;0
46660;727;2023;Mediocentro;2;0;0;0.0;0;0;0;0;0;0;0.0;0;0;0;0;0;0;0;0;0;0;0;0;0;0;0;0
46662;727;2023;Mediocentro;35;1816;21;6.896311;1;3;13;5;925;21;21.51;27;5;15;136;56;8;24;12;6;24;2;1;0;0;0;0
46667;727;2023;Delantero;21;314;3;6.58535;0;0;3;2;91;5;3.76;6;1;2;57;24;4;8;19;11;5;3;0;0;0;0;0
46746;727;2023;Delantero;34;2453;29;7.260334;17;2;60;35;427;12;6.91;21;4;5;431;216;26;40;31;10;10;4;0;3;0;0;0
46967;727;2023;Defensa;35;1663;18;6.647805;0;1;2;0;753;5;17.51;27;6;12;113;58;4;20;10;3;8;3;0;0;0;0;0
47361;727;2023;Mediocentro;12;46;0;6.595652;0;0;0;0;14;1;0.67;1;0;0;4;2;0;1;0;0;0;0;0;0;0;0;0
47391;727;2023;Defensa;31;2105;26;6.838337;0;2;11;5;691;28;15.94;46;8;29;280;119;24;28;65;34;29;3;0;0;0;0;0
47419;727;2023;Delantero;34;930;9;6.806129;2;1;20;9;270;14;6.44;14;2;3;129;54;19;8;26;10;15;3;0;0;0;0;0
47448;727;2023;Portero;38;550;6;6.614545;0;0;0;0;177;0;2.82;0;0;0;2;0;0;0;0;0;1;2;0;0;9;11;0
47533;727;2023;Defensa;36;2536;28;6.838407;1;3;17;5;1329;6;30.25;36;15;17;211;113;14;47;7;3;15;8;1;0;0;0;0
47574;727;2023;Mediocentro;33;2010;23;6.970746;3;0;12;8;1110;24;28.18;30;1;11;176;90;30;29;28;17;15;3;0;0;0;0;0
47579;727;2023;Delantero;17;870;10;6.951264;1;3;19;6;279;21;11.94;3;0;5;85;38;20;8;15;5;8;3;2;0;0;0;0
64268;727;2023;Defensa;33;2041;22;6.793729;0;3;10;1;904;25;21.09;30;1;21;159;80;18;22;42;17;9;1;0;0;0;0;0
67939;727;2023;Mediocentro;33;2350;26;6.885532;2;1;18;6;1008;26;25.09;43;2;16;293;131;46;39;42;25;24;3;0;1;0;0;0
139001;727;2023;Mediocentro;37;1173;12;6.815942;1;2;21;7;434;12;9.08;18;3;9;186;77;16;26;28;7;16;5;0;0;0;0;0
146751;727;2023;Delantero;37;1373;13;6.818791;6;1;27;12;294;10;5.11;10;1;5;197;78;12;13;19;6;8;4;0;0;0;0;0
182181;727;2023;Defensa;38;2676;29;6.889761;1;6;6;2;941;36;20.05;45;16;19;254;137;20;30;78;44;7;3;0;0;0;0;0
182592;727;2023;Defensa;38;1644;18;6.692153;0;0;3;0;739;2;15.55;29;11;14;128;68;10;26;3;3;7;4;0;0;0;0;0
182621;727;2023;Mediocentro;38;1856;20;6.900377;4;0;16;6;970;5;19.5;32;5;11;248;147;55;37;13;4;14;5;0;0;0;0;0
182657;727;2023;Portero;19;0;0;0.0;0;0;0;0;0;0;0.0;0;0;0;0;0;0;0;0;0;0;0;0;0;0;0;0
184609;727;2023;Defensa;2;14;0;6.2;0;0;0;0;6;0;1.0;0;0;0;2;1;0;0;0;0;0;0;0;0;0;0;0
197799;727;2023;Mediocentro;2;8;0;6.5;0;0;0;0;2;0;1.0;0;0;0;1;0;0;0;0;0;0;0;0;0;0;0;0
286606;727;2023;Delantero;5;2;0;0.0;0;0;0;0;0;0;0.0;1;0;0;1;1;0;1;0;0;0;0;0;0;0;0;0
348029;727;2023;Portero;9;0;0;0.0;0;0;0;0;0;0;0.0;0;0;0;0;0;0;0;0;0;0;0;0;0;0;0;0
381197;727;2023;Delantero;3;9;0;6.7;0;0;0;0;5;0;0.67;2;0;0;8;4;0;1;0;0;0;0;0;0;0;0;0
421044;727;2023;Mediocentro;4;16;0;6.3;0;0;0;0;3;0;0.0;1;0;0;3;2;0;1;0;0;0;0;0;0;0;0;0
52;728;2023;Delantero;37;1675;20;6.784955;3;1;21;13;372;20;7.41;16;2;3;180;59;11;18;47;16;9;3;0;0;0;0;0
119;728;2023;Delantero;35;403;2;6.552605;1;0;13;7;107;4;2.54;7;0;3;88;33;10;15;7;3;2;4;0;1;0;0;0
1703;728;2023;Defensa;34;640;6;6.644062;0;0;3;1;239;6;5.59;12;1;1;71;34;4;2;26;12;7;1;0;0;0;0;0
15900;728;2023;Defensa;35;1705;19;6.908739;1;0;5;1;767;4;17.57;19;19;22;128;76;16;15;3;2;2;5;1;0;0;0;0
18895;728;2023;Defensa;37;3328;37;7.070132;3;1;53;21;2004;9;44.08;39;18;22;225;135;13;26;4;4;11;5;0;0;0;0;0
20520;728;2023;Defensa;37;2857;32;6.848687;0;1;7;4;1036;24;21.57;44;11;28;216;109;30;41;17;7;17;4;0;0;0;0;0
41552;728;2023;Mediocentro;34;1658;16;6.989505;1;0;19;8;878;11;21.59;44;10;29;241;140;29;27;20;17;13;10;0;0;0;0;0
41973;728;2023;Mediocentro;17;521;4;6.915547;0;0;1;0;269;6;13.53;17;6;10;110;60;22;19;17;12;7;4;0;0;0;0;0
46654;728;2023;Defensa;31;1691;19;6.851271;0;0;4;0;783;3;21.71;10;14;13;93;58;12;11;1;1;7;3;0;0;0;0;0
46759;728;2023;Defensa;37;2513;29;6.754795;0;1;13;5;1110;28;22.57;67;4;39;306;145;41;45;49;24;53;9;0;0;0;0;0
46775;728;2023;Mediocentro;1;27;0;6.3;0;0;0;0;12;0;10.0;0;0;1;8;2;1;0;1;1;4;0;0;0;0;0;0
47109;728;2023;Mediocentro;36;2701;32;6.891929;1;0;11;7;1228;11;27.89;107;10;35;381;187;41;77;11;7;55;7;1;0;0;0;0
47285;728;2023;Mediocentro;37;2126;28;6.914487;1;2;25;5;1365;31;31.08;49;3;16;258;109;22;60;38;22;32;9;0;0;0;0;0
47527;728;2023;Portero;38;3330;37;6.951351;0;0;0;0;1025;2;14.95;1;0;0;12;11;3;0;1;1;0;2;0;0;47;107;1
47529;728;2023;Portero;1;0;0;0.0;0;0;0;0;0;0;0.0;0;0;0;0;0;0;0;0;0;0;0;0;0;0;0;0
47536;728;2023;Defensa;25;0;0;0.0;0;0;0;0;0;0;0.0;0;0;0;0;0;0;0;0;0;0;0;0;0;0;0;0
47543;728;2023;Mediocentro;32;2493;30;6.970999;6;1;37;17;687;39;14.81;34;0;36;186;81;23;25;24;10;27;8;1;0;0;0;0
47549;728;2023;Mediocentro;31;17;0;6.7;0;0;0;0;11;0;0.35;1;0;0;4;2;1;1;0;0;0;0;0;0;0;0;0
47551;728;2023;Delantero;36;1277;15;6.750117;1;2;27;12;258;8;5.72;9;0;1;188;78;26;24;39;20;2;5;0;1;0;0;0
47553;728;2023;Delantero;34;253;0;6.628854;2;0;11;5;68;3;1.41;2;0;0;37;17;2;0;21;12;4;1;0;1;0;0;0
47557;728;2023;Delantero;33;1388;19;6.800865;0;0;11;3;747;23;19.18;27;1;5;286;115;40;40;76;34;8;4;1;0;0;0;0
107153;728;2023;Mediocentro;32;848;9;6.549764;1;0;9;5;341;7;8.5;28;0;8;194;82;34;42;28;9;11;7;0;0;0;0;0
122657;728;2023;Mediocentro;28;578;3;6.677855;1;1;10;6;173;9;4.57;11;1;2;133;59;14;19;15;7;6;2;0;1;0;0;0
128582;728;2023;Mediocentro;37;1573;14;6.647107;2;0;23;11;419;17;8.65;19;0;7;161;73;25;15;40;15;15;1;0;0;0;0;0
131546;728;2023;Mediocentro;37;2810;34;6.968292;4;1;56;33;1055;35;21.35;46;2;17;442;197;76;32;80;35;38;8;0;2;0;0;0
156488;728;2023;Portero;37;90;1;6.2;0;0;0;0;35;0;0.57;0;0;0;0;0;0;0;0;0;0;0;0;0;1;0;0
181734;728;2023;Defensa;36;1175;12;7.000255;1;1;8;2;644;13;14.31;23;3;7;110;69;22;8;21;11;6;5;1;0;0;0;0
184609;728;2023;Defensa;1;0;0;0.0;0;0;0;0;0;0;0.0;0;0;0;0;0;0;0;0;0;0;0;0;0;0;0;0
333378;728;2023;Mediocentro;14;9;0;6.9;0;0;0;0;2;0;0.14;1;0;1;3;2;0;1;0;0;0;0;0;0;0;0;0
377197;728;2023;Mediocentro;1;0;0;0.0;0;0;0;0;0;0;0.0;0;0;0;0;0;0;0;0;0;0;0;0;0;0;0;0
403;798;2023;Defensa;33;2265;25;6.933113;2;0;6;2;982;5;23.79;34;20;29;155;85;7;33;0;0;8;8;0;0;0;0;0
414;798;2023;Mediocentro;34;1578;18;6.723447;0;0;4;0;775;3;18.76;33;8;31;165;85;14;31;9;8;18;8;1;0;0;0;0
920;798;2023;Defensa;35;1558;16;6.868036;0;1;5;2;571;10;12.69;38;3;17;137;76;18;19;15;10;11;3;0;0;0;0;0
1687;798;2023;Defensa;36;1686;19;6.743357;0;1;5;2;585;19;12.56;37;4;16;146;80;22;25;17;8;11;7;0;0;0;0;0
1701;798;2023;Mediocentro;37;1629;16;6.911725;0;2;5;4;779;16;17.89;49;1;20;192;111;24;15;27;21;30;2;0;0;0;0;0
1920;798;2023;Mediocentro;15;350;4;6.944286;0;0;8;7;96;7;4.67;4;0;3;54;33;5;1;32;21;3;0;0;0;0;0;0
2001;798;2023;Delantero;37;1830;20;6.696667;3;2;59;26;284;11;4.95;17;5;3;333;148;34;27;37;14;5;8;0;0;0;0;0
2610;798;2023;Defensa;37;2463;27;6.825294;1;1;9;4;998;21;20.84;73;3;30;283;145;20;38;27;15;41;7;0;0;0;0;0
2814;798;2023;Portero;38;3240;36;7.080556;0;0;0;0;1128;4;16.39;2;0;0;16;13;4;1;3;3;0;2;0;0;43;99;1
26302;798;2023;Defensa;27;1456;17;6.761882;1;2;7;4;418;10;10.26;35;2;10;194;103;20;22;28;15;17;3;1;0;0;0;0
37639;798;2023;Defensa;32;292;4;6.886301;0;0;1;0;92;0;1.94;10;1;7;34;18;1;8;0;0;2;2;1;0;0;0;0
46657;798;2023;Defensa;17;421;5;6.638005;0;0;6;3;159;3;7.24;12;2;3;62;30;3;9;10;2;7;2;0;0;0;0;0
46733;798;2023;Defensa;29;2202;25;7.257856;3;2;21;9;1153;8;34.14;30;30;37;268;161;8;32;2;1;6;6;1;0;0;0;0
46738;798;2023;Defensa;29;2354;28;6.801317;0;1;4;0;983;7;27.59;36;11;28;161;93;10;29;3;1;12;5;0;0;0;0;0
46742;798;2023;Mediocentro;37;2638;31;6.918271;2;4;21;4;817;50;17.08;47;5;16;380;148;43;61;73;33;24;9;0;0;0;0;0
46751;798;2023;Delantero;38;1275;11;6.807137;6;1;25;14;233;14;3.5;7;3;2;171;72;18;18;18;8;2;3;0;0;0;0;0
47336;798;2023;Mediocentro;36;2154;21;7.216156;2;5;20;12;828;52;18.31;39;4;16;213;116;35;19;55;34;19;4;0;0;0;0;0
47399;798;2023;Portero;31;90;1;7.2;0;0;0;0;27;0;0.52;0;0;0;0;0;0;0;0;0;0;0;0;0;1;5;0
50048;798;2023;Delantero;29;2329;25;7.14079;7;2;56;25;638;34;14.1;11;4;6;431;209;43;39;27;13;12;5;0;1;0;0;0
61142;798;2023;Portero;38;90;1;7.9;0;0;0;0;29;0;0.55;0;0;0;0;0;0;0;0;0;0;0;0;0;0;4;0
104793;798;2023;Delantero;22;408;3;6.479167;0;0;7;3;105;3;3.32;9;0;3;76;30;7;10;23;8;8;2;0;0;0;0;0
107194;798;2023;Mediocentro;38;1476;21;6.657317;3;1;16;9;491;12;9.47;26;5;13;164;60;13;26;26;14;21;3;0;0;0;0;0
181582;798;2023;Defensa;35;1335;17;6.825768;1;1;5;1;572;4;12.74;45;6;32;154;82;13;36;8;4;13;7;0;0;0;0;0
190485;798;2023;Mediocentro;37;2305;26;6.922343;1;1;16;3;1058;13;22.27;91;14;39;381;213;49;62;20;12;47;8;0;0;0;0;0
208055;798;2023;Defensa;2;0;0;0.0;0;0;0;0;0;0;0.0;0;0;0;0;0;0;0;0;0;0;0;0;0;0;0;0
237252;798;2023;Portero;3;0;0;0.0;0;0;0;0;0;0;0.0;0;0;0;0;0;0;0;0;0;0;0;0;0;0;0;0
289826;798;2023;Portero;1;0;0;0.0;0;0;0;0;0;0;0.0;0;0;0;0;0;0;0;0;0;0;0;0;0;0;0;0
293604;798;2023;Delantero;38;276;1;6.718478;1;0;6;4;76;5;1.5;3;0;3;30;11;1;5;8;5;1;1;0;0;0;0;0
297646;798;2023;Mediocentro;13;0;0;0.0;0;0;0;0;0;0;0.0;0;0;0;0;0;0;0;0;0;0;0;0;0;0;0;0
333439;798;2023;Mediocentro;8;0;0;0.0;0;0;0;0;0;0;0.0;0;0;0;0;0;0;0;0;0;0;0;0;0;0;0;0
335426;798;2023;Delantero;3;0;0;0.0;0;0;0;0;0;0;0.0;0;0;0;0;0;0;0;0;0;0;0;0;0;0;0;0
335697;798;2023;Defensa;12;0;0;0.0;0;0;0;0;0;0;0.0;0;0;0;0;0;0;0;0;0;0;0;0;0;0;0;0
350073;798;2023;Defensa;4;0;0;0.0;0;0;0;0;0;0;0.0;0;0;0;0;0;0;0;0;0;0;0;0;0;0;0;0
440735;798;2023;Defensa;7;0;0;0.0;0;0;0;0;0;0;0.0;0;0;0;0;0;0;0;0;0;0;0;0;0;0;0;0
126;529;2024;Portero;38;1395;15;7.012903;0;0;0;0;551;0;12.71;0;0;0;3;1;0;0;0;0;2;1;0;0;18;36;0
127;529;2024;Portero;11;675;8;6.866667;0;0;0;0;211;0;17.55;0;0;0;4;3;2;0;0;0;1;0;0;0;9;14;0
521;529;2024;Delantero;36;2690;32;7.283309;27;2;90;48;513;19;10.64;9;2;3;234;101;39;30;31;18;6;1;0;3;0;0;0
538;529;2024;Mediocentro;29;1150;9;7.113739;2;2;3;3;1136;21;37.31;20;1;14;89;51;18;14;7;4;7;3;0;0;0;0;0
619;529;2024;Defensa;32;1584;14;7.152525;2;3;11;8;1288;7;37.19;37;8;16;139;77;8;20;10;5;9;4;0;0;0;0;0
851;529;2024;Portero;29;1359;15;6.928477;0;0;0;0;390;0;11.79;1;0;0;4;3;1;1;1;1;0;0;0;0;12;21;0
931;529;2024;Delantero;29;1119;12;7.171939;10;6;38;22;337;19;9.07;9;1;4;81;41;16;5;19;11;5;1;1;0;0;0;0
1257;529;2024;Defensa;33;2606;29;7.263315;2;3;14;6;1807;32;48.52;63;5;19;242;134;19;22;48;22;22;4;0;0;0;0;0
1323;529;2024;Mediocentro;27;1222;13;7.390917;10;3;34;17;615;27;19.11;16;3;5;156;74;26;21;40;23;9;1;0;2;0;0;0
1496;529;2024;Mediocentro;37;2853;32;7.891868;18;10;87;43;1249;92;26.84;35;2;10;245;137;37;11;100;55;20;4;0;2;0;0;0
2282;529;2024;Defensa;12;252;2;6.903175;0;0;1;0;220;1;16.83;6;0;4;25;17;0;5;0;0;0;3;0;0;0;0;0
2670;529;2024;Defensa;34;2502;28;7.247482;0;4;7;2;2420;16;65.03;25;7;20;170;112;28;18;3;3;6;5;0;0;0;0;0
101814;529;2024;Defensa;20;766;11;7.212141;1;1;4;2;718;4;33.0;12;4;9;81;48;4;9;1;0;1;3;0;0;0;0;0
133609;529;2024;Mediocentro;37;2897;35;7.68098;4;5;18;11;2671;69;64.27;59;3;26;271;155;51;10;58;38;46;3;0;0;0;0;0
135775;529;2024;Mediocentro;23;236;3;6.915254;0;0;8;5;121;4;4.48;4;0;1;33;12;2;2;9;4;1;1;0;0;0;0;0
161928;529;2024;Defensa;35;2292;26;6.997469;0;4;9;3;1251;27;32.6;20;5;6;221;122;37;16;97;49;6;2;0;0;0;0;0
181701;529;2024;Defensa;38;1045;11;6.885646;1;3;5;2;658;12;14.74;22;2;15;86;50;9;14;12;4;5;2;0;0;0;0;0
263530;529;2024;Delantero;38;332;2;6.598494;2;1;11;8;119;8;2.55;3;1;2;43;16;3;7;13;7;4;2;0;0;0;0;0
285909;529;2024;Mediocentro;36;315;4;7.190476;3;1;6;4;207;8;4.92;5;0;3;36;16;8;4;5;2;2;0;0;0;0;0;0
296667;529;2024;Mediocentro;29;1108;14;7.088267;1;1;4;1;799;15;25.07;30;1;10;171;86;27;38;14;8;10;4;0;0;0;0;0
329728;529;2024;Mediocentro;30;1623;20;7.097474;1;3;8;1;1351;9;40.6;46;5;24;177;94;36;26;9;4;22;4;1;0;0;0;0
336560;529;2024;Defensa;2;0;0;0.0;0;0;0;0;0;0;0.0;0;0;0;0;0;0;0;0;0;0;0;0;0;0;0;0
336653;529;2024;Portero;16;0;0;0.0;0;0;0;0;0;0;0.0;0;0;0;0;0;0;0;0;0;0;0;0;0;0;0;0
340626;529;2024;Mediocentro;31;1255;12;7.27243;6;5;30;16;619;29;17.26;19;0;5;185;74;21;27;51;25;25;4;1;0;0;0;0
371912;529;2024;Mediocentro;1;38;1;6.6;0;0;2;0;17;0;15.0;0;0;0;1;0;0;0;0;0;0;0;0;0;0;0;0
383647;529;2024;Portero;17;0;0;0.0;0;0;0;0;0;0;0.0;0;0;0;0;0;0;0;0;0;0;0;0;0;0;0;0
386828;529;2024;Mediocentro;35;2870;31;7.833519;9;13;98;47;1415;64;31.86;42;0;16;482;254;60;30;276;151;22;3;0;0;0;0;0
386859;529;2024;Defensa;36;596;5;6.878188;0;0;2;0;432;10;11.11;13;0;8;52;19;1;8;10;2;6;2;0;0;0;0;0
391311;529;2024;Portero;3;0;0;0.0;0;0;0;0;0;0;0.0;0;0;0;0;0;0;0;0;0;0;0;0;0;0;0;0
396623;529;2024;Defensa;38;2629;29;7.017878;0;3;6;0;2594;9;63.84;33;9;17;190;107;9;24;7;5;11;3;0;0;0;0;0
396624;529;2024;Defensa;19;173;2;6.452601;0;0;0;0;178;0;8.89;1;0;4;7;2;0;2;0;0;0;1;0;0;0;0;0
412699;529;2024;Defensa;1;0;0;0.0;0;0;0;0;0;0;0.0;0;0;0;0;0;0;0;0;0;0;0;0;0;0;0;0
412704;529;2024;Mediocentro;2;0;0;0.0;0;0;0;0;0;0;0.0;0;0;0;0;0;0;0;0;0;0;0;0;0;0;0;0
433395;529;2024;Defensa;1;0;0;0.0;0;0;0;0;0;0;0.0;0;0;0;0;0;0;0;0;0;0;0;0;0;0;0;0
433396;529;2024;Mediocentro;3;244;3;7.076639;0;0;1;1;161;1;49.67;8;1;1;28;14;3;4;3;2;1;2;0;0;0;0;0
441232;529;2024;Mediocentro;6;0;0;0.0;0;0;0;0;0;0;0.0;0;0;0;0;0;0;0;0;0;0;0;0;0;0;0;0
441244;529;2024;Defensa;5;0;0;0.0;0;0;0;0;0;0;0.0;0;0;0;0;0;0;0;0;0;0;0;0;0;0;0;0
445973;529;2024;Delantero;3;0;0;0.0;0;0;0;0;0;0;0.0;0;0;0;0;0;0;0;0;0;0;0;0;0;0;0;0
446061;529;2024;Defensa;1;0;0;0.0;0;0;0;0;0;0;0.0;0;0;0;0;0;0;0;0;0;0;0;0;0;0;0;0
20;530;2024;Defensa;38;858;9;7.132867;0;1;0;0;543;2;12.97;16;8;11;69;46;5;4;2;1;2;1;0;0;0;0;0
29;530;2024;Portero;36;3249;36;7.064266;0;0;0;0;765;0;16.19;0;0;0;7;7;2;0;2;2;0;0;0;0;30;86;0
31;530;2024;Defensa;35;2003;20;7.082776;0;1;5;1;1356;2;35.57;26;19;27;144;79;12;13;3;2;10;5;0;0;0;0;0
45;530;2024;Mediocentro;26;87;0;6.617241;0;0;2;1;64;2;2.12;2;0;0;11;4;2;1;2;0;2;0;0;0;0;0;0
50;530;2024;Mediocentro;33;1927;20;6.924909;1;1;7;4;1602;16;43.3;46;2;22;151;79;16;23;20;9;22;4;0;0;0;0;0
53;530;2024;Delantero;34;796;3;6.704271;4;1;22;14;252;15;5.91;9;0;4;110;34;11;18;37;13;10;3;1;0;0;0;0
56;530;2024;Delantero;38;2482;29;7.236624;8;7;36;18;1306;50;27.66;30;1;6;185;91;26;11;32;15;22;2;0;1;0;0;0
133;530;2024;Defensa;33;1985;23;7.145441;2;1;7;4;1356;5;36.06;27;18;21;159;86;19;29;3;3;4;9;0;0;0;0;0
753;530;2024;Defensa;33;2522;28;7.195956;2;4;10;5;1322;28;35.21;69;7;27;201;123;25;23;27;14;18;0;1;0;0;0;0
2280;530;2024;Defensa;31;877;10;7.100912;1;0;3;2;583;3;16.48;25;2;5;76;46;6;8;2;1;6;1;0;0;0;0;0
2465;530;2024;Portero;36;180;2;7.2;0;0;0;0;48;0;1.11;0;0;0;1;1;1;0;0;0;0;0;0;0;0;2;0
2472;530;2024;Mediocentro;34;2113;23;7.204685;3;5;12;4;1685;42;41.68;33;2;6;183;100;49;19;29;14;19;7;0;0;0;0;0
6009;530;2024;Delantero;37;2518;30;7.315171;17;4;61;40;890;42;18.86;25;0;2;227;80;9;26;62;33;21;5;0;4;0;0;0
6503;530;2024;Defensa;36;1590;17;6.913899;0;3;8;1;967;13;22.17;44;3;14;143;77;8;13;28;15;25;1;0;0;0;0;0
8492;530;2024;Delantero;37;1569;15;7.116635;20;2;65;42;348;13;6.16;9;1;1;263;134;13;26;36;14;3;4;0;1;0;0;0
22225;530;2024;Defensa;38;959;10;6.71293;0;0;1;1;518;2;11.47;18;5;16;103;49;18;19;13;3;8;4;0;0;0;0;0
42642;530;2024;Portero;1;0;0;0.0;0;0;0;0;0;0;0.0;0;0;0;0;0;0;0;0;0;0;0;0;0;0;0;0
47301;530;2024;Defensa;30;2162;24;6.948196;1;0;8;3;1292;4;39.0;27;9;12;195;106;24;35;4;2;8;8;0;0;0;0;0
47566;530;2024;Defensa;36;1790;21;6.851844;0;3;7;0;799;15;18.94;51;3;11;273;139;35;38;66;28;24;8;0;0;0;0;0
67972;530;2024;Mediocentro;37;1646;19;6.98949;3;3;17;4;814;13;19.05;46;5;20;227;111;39;32;35;17;27;2;0;0;0;0;0
126936;530;2024;Mediocentro;36;1562;21;7.01799;3;4;29;18;757;22;17.25;32;4;9;201;103;30;15;53;27;30;3;0;0;0;0;0
136117;530;2024;Mediocentro;35;522;4;6.914176;0;1;9;4;227;15;5.66;11;0;2;65;28;8;8;22;6;5;0;0;0;0;0;0
303378;530;2024;Mediocentro;4;0;0;0.0;0;0;0;0;0;0;0.0;0;0;0;0;0;0;0;0;0;0;0;0;0;0;0;0
315604;530;2024;Portero;1;0;0;0.0;0;0;0;0;0;0;0.0;0;0;0;0;0;0;0;0;0;0;0;0;0;0;0;0
323935;530;2024;Mediocentro;38;1949;26;6.96116;2;6;19;7;715;25;14.84;27;3;14;225;111;42;23;62;30;15;4;0;0;0;0;0
333379;530;2024;Portero;31;0;0;0.0;0;0;0;0;0;0;0.0;0;0;0;0;0;0;0;0;0;0;0;0;0;0;0;0
336590;530;2024;Mediocentro;1;0;0;0.0;0;0;0;0;0;0;0.0;0;0;0;0;0;0;0;0;0;0;0;0;0;0;0;0
336594;530;2024;Mediocentro;31;2345;28;7.049041;1;4;26;8;1478;27;41.58;46;5;34;241;133;27;28;40;25;24;4;1;0;0;0;0
338508;530;2024;Defensa;7;0;0;0.0;0;0;0;0;0;0;0.0;0;0;0;0;0;0;0;0;0;0;0;0;0;0;0;0
340154;530;2024;Mediocentro;1;0;0;0.0;0;0;0;0;0;0;0.0;0;0;0;0;0;0;0;0;0;0;0;0;0;0;0;0
386850;530;2024;Delantero;1;11;0;6.9;0;0;2;0;0;0;0.0;0;0;0;1;0;0;0;0;0;0;0;0;0;0;0;0
441280;530;2024;Defensa;1;0;0;0.0;0;0;0;0;0;0;0.0;0;0;0;0;0;0;0;0;0;0;0;0;0;0;0;0
443668;530;2024;Delantero;3;0;0;0.0;0;0;0;0;0;0;0.0;0;0;0;0;0;0;0;0;0;0;0;0;0;0;0;0
449058;530;2024;Delantero;1;0;0;0.0;0;0;0;0;0;0;0.0;0;0;0;0;0;0;0;0;0;0;0;0;0;0;0;0
898;531;2024;Mediocentro;14;269;2;6.693309;0;0;6;4;198;2;12.86;8;0;2;30;16;3;6;3;2;3;2;0;0;0;0;0
30510;531;2024;Mediocentro;37;2351;28;7.038877;6;7;39;19;754;47;15.7;30;2;10;307;119;30;29;74;32;20;5;0;0;0;0;0
47007;531;2024;Mediocentro;27;1493;18;7.02217;0;4;6;1;810;28;25.11;36;4;16;165;77;17;43;21;16;11;5;0;0;0;0;0
47270;531;2024;Portero;25;1890;21;7.104762;0;0;0;0;559;0;14.72;0;0;1;10;9;3;0;0;0;0;0;0;0;14;48;1
47271;531;2024;Defensa;30;1788;20;7.14396;1;0;8;2;1177;4;33.07;24;6;34;168;94;15;15;9;6;7;4;0;0;0;0;0
47273;531;2024;Defensa;35;2048;22;7.055127;0;2;8;4;1133;18;27.63;33;5;27;145;85;19;18;13;6;14;5;0;0;0;0;0
47275;531;2024;Defensa;37;1573;17;6.996058;0;4;7;2;759;19;16.3;33;1;16;108;50;5;16;15;4;15;0;0;0;0;0;0
47276;531;2024;Defensa;38;768;8;6.657422;0;0;1;0;344;8;7.24;16;2;9;57;30;2;5;14;6;8;1;0;0;0;0;0
47277;531;2024;Defensa;33;645;7;7.009147;0;0;1;0;325;1;8.61;10;4;16;56;31;5;10;2;2;3;4;0;0;0;0;0
47278;531;2024;Defensa;35;2613;28;7.200574;4;0;16;5;1739;10;43.46;40;10;48;200;112;21;27;16;10;11;3;0;0;0;0;0
47291;531;2024;Delantero;37;1847;21;6.886627;7;2;49;19;402;15;8.03;16;4;9;241;84;21;40;19;11;24;2;0;0;0;0;0
47294;531;2024;Mediocentro;35;2653;29;7.101432;6;8;48;24;686;43;13.83;18;5;11;269;117;39;22;87;31;11;1;0;0;0;0;0
47299;531;2024;Defensa;37;1490;17;6.950805;0;2;2;1;664;15;15.03;47;2;18;163;78;4;23;14;7;15;5;0;0;0;0;0
47418;531;2024;Mediocentro;35;994;10;6.821127;0;0;5;3;523;12;12.2;21;1;15;118;58;4;14;13;8;16;1;0;0;0;0;0
128398;531;2024;Mediocentro;30;1628;19;7.138943;15;1;38;20;544;21;15.2;13;0;5;176;73;24;16;46;24;10;2;0;3;0;0;0
179153;531;2024;Delantero;15;50;0;6.3;0;0;0;0;7;0;0.4;0;0;0;4;2;0;1;0;0;0;1;0;0;0;0;0
182617;531;2024;Mediocentro;35;1725;21;6.887594;1;0;12;5;774;11;18.23;55;2;28;232;112;15;40;26;14;27;7;0;0;0;0;0
183799;531;2024;Mediocentro;29;1998;22;6.996647;5;5;40;19;579;40;15.83;28;1;7;347;143;35;17;175;70;21;1;0;0;0;0;0
183848;531;2024;Portero;36;1207;14;6.941259;0;0;0;0;356;0;6.42;0;0;0;10;6;1;3;0;0;1;1;1;0;9;25;1
183849;531;2024;Defensa;34;1814;21;6.876902;3;0;6;3;945;2;23.21;14;15;21;112;51;6;23;1;0;7;4;1;0;0;0;0
190489;531;2024;Delantero;29;657;7;6.634094;1;0;9;3;113;4;2.76;8;0;1;114;46;14;19;33;14;2;2;0;0;0;0;0
286593;531;2024;Mediocentro;18;116;1;6.355172;0;0;2;1;30;1;1.28;1;0;1;21;6;2;2;9;3;2;0;0;0;0;0;0
287680;531;2024;Delantero;17;751;7;6.805859;1;1;16;7;154;7;6.76;4;0;1;133;59;30;20;25;12;6;0;0;0;0;0;0
288525;531;2024;Delantero;3;18;0;6.3;0;0;0;0;8;0;1.67;0;0;0;4;0;0;0;1;0;1;0;0;0;0;0;0
312468;531;2024;Portero;13;328;3;6.944817;0;0;0;0;105;0;4.0;0;0;0;2;2;1;0;0;0;0;0;0;0;6;12;0
332302;531;2024;Portero;3;0;0;0.0;0;0;0;0;0;0;0.0;0;0;0;0;0;0;0;0;0;0;0;0;0;0;0;0
332305;531;2024;Defensa;3;0;0;0.0;0;0;0;0;0;0;0.0;0;0;0;0;0;0;0;0;0;0;0;0;0;0;0;0
332308;531;2024;Mediocentro;36;1276;14;6.618025;1;3;13;4;281;10;6.0;12;1;2;147;69;18;12;21;10;3;1;0;0;0;0;0
332309;531;2024;Mediocentro;3;0;0;0.0;0;0;0;0;0;0;0.0;0;0;0;0;0;0;0;0;0;0;0;0;0;0;0;0
336998;531;2024;Defensa;36;1104;13;6.625272;0;0;3;0;372;5;8.67;19;3;11;109;51;8;13;24;8;5;3;0;0;0;0;0
354762;531;2024;Mediocentro;1;0;0;0.0;0;0;0;0;0;0;0.0;0;0;0;0;0;0;0;0;0;0;0;0;0;0;0;0
377257;531;2024;Delantero;3;10;0;6.3;0;0;0;0;4;0;1.33;0;0;0;3;1;0;0;2;1;1;0;0;0;0;0;0
383780;531;2024;Mediocentro;36;2243;25;7.025992;2;1;16;8;1090;23;24.97;85;4;29;341;180;42;46;37;20;42;4;1;0;0;0;0
437643;531;2024;Mediocentro;21;259;2;6.6861;0;0;2;0;96;6;4.0;3;0;1;22;9;2;1;9;4;0;0;0;0;0;0;0
440413;531;2024;Mediocentro;3;55;1;6.5;0;0;0;0;14;0;3.0;0;0;1;7;2;0;1;4;1;0;0;0;0;0;0;0
440428;531;2024;Defensa;1;0;0;0.0;0;0;0;0;0;0;0.0;0;0;0;0;0;0;0;0;0;0;0;0;0;0;0;0
911;532;2024;Portero;23;0;0;0.0;0;0;0;0;0;0;0.0;0;0;0;0;0;0;0;0;0;0;0;0;0;0;0;0
916;532;2024;Defensa;18;659;7;7.155994;2;0;10;4;330;1;15.5;8;6;10;46;33;4;2;5;3;2;0;0;0;0;0;0
918;532;2024;Defensa;24;1810;22;7.026077;0;1;10;4;751;24;25.67;57;2;25;160;88;14;28;19;7;17;7;0;0;0;0;0
919;532;2024;Mediocentro;38;392;4;6.668878;0;0;1;1;185;2;3.97;11;1;5;36;21;4;6;1;1;2;2;0;0;0;0;0
1482;532;2024;Defensa;11;771;9;6.763165;0;0;7;3;338;5;22.55;26;1;3;99;54;14;15;22;10;10;1;0;0;0;0;0
8718;532;2024;Defensa;11;90;1;6.2;0;0;0;0;14;0;1.0;1;1;1;10;3;0;3;0;0;0;0;0;0;0;0;0
19070;532;2024;Defensa;18;124;1;6.319355;0;0;0;0;50;1;2.11;4;0;0;14;9;2;0;3;1;1;2;0;0;0;0;0
19352;532;2024;Mediocentro;34;380;2;6.482632;0;1;9;3;136;4;2.53;11;1;6;65;23;6;12;13;1;6;3;0;0;0;0;0
24760;532;2024;Portero;34;3060;34;6.876471;0;0;0;0;943;2;17.74;2;0;0;16;12;6;1;0;0;1;2;0;0;48;93;2
31406;532;2024;Delantero;18;825;9;6.742667;5;0;16;7;171;6;6.89;10;0;1;143;60;16;29;23;11;2;4;0;0;0;0;0
41157;532;2024;Mediocentro;36;1998;24;7.039339;0;4;12;5;861;43;21.22;49;3;8;242;114;38;28;44;22;25;2;0;0;0;0;0
46828;532;2024;Mediocentro;10;292;2;6.773288;0;0;3;3;98;4;7.9;8;0;2;53;27;10;8;12;5;1;0;0;0;0;0;0
46933;532;2024;Mediocentro;36;2844;33;7.025598;5;3;25;14;954;34;20.44;33;1;22;271;126;38;18;79;40;29;6;0;2;0;0;0
47013;532;2024;Delantero;23;743;5;6.622207;1;2;21;8;191;4;6.09;10;0;5;89;31;7;13;13;2;6;4;0;0;0;0;0
47251;532;2024;Defensa;33;2297;25;6.691598;0;1;9;2;989;10;24.36;48;5;16;187;100;31;24;25;8;12;6;0;0;0;0;0
47264;532;2024;Delantero;33;2172;25;6.924908;11;2;38;18;420;13;8.97;13;2;9;319;129;50;38;20;7;8;5;0;1;0;0;0
47463;532;2024;Mediocentro;35;1742;18;7.133467;2;2;11;6;1121;32;27.0;44;6;19;169;94;19;26;11;8;14;7;1;2;0;0;0
47527;532;2024;Portero;38;360;4;6.425;0;0;0;0;108;0;1.11;0;0;0;0;0;0;0;0;0;0;1;0;0;6;6;0
72048;532;2024;Defensa;2;0;0;0.0;0;0;0;0;0;0;0.0;0;0;0;0;0;0;0;0;0;0;0;0;0;0;0;0
119232;532;2024;Delantero;21;541;5;6.562107;2;0;12;6;81;1;2.86;3;0;3;63;21;8;7;11;3;0;0;0;0;0;0;0
158378;532;2024;Mediocentro;32;2203;26;7.060145;1;2;14;3;1341;15;36.53;57;8;28;247;150;46;25;27;11;14;6;0;0;0;0;0
161873;532;2024;Mediocentro;3;0;0;0.0;0;0;0;0;0;0;0.0;0;0;0;0;0;0;0;0;0;0;0;0;0;0;0;0
161963;532;2024;Delantero;16;142;1;6.46338;0;0;2;2;40;1;2.06;1;0;3;18;9;4;2;6;3;1;0;0;0;0;0;0
162127;532;2024;Mediocentro;38;2760;35;6.776848;8;5;31;14;838;38;16.68;31;0;14;288;101;33;21;76;23;31;3;0;0;0;0;0
162175;532;2024;Defensa;35;928;10;6.765086;0;0;3;1;319;3;6.97;23;5;10;123;60;11;17;31;13;7;3;0;0;0;0;0
162931;532;2024;Mediocentro;31;604;4;6.619702;0;0;5;1;196;7;5.16;17;1;3;89;42;12;6;22;8;6;1;0;0;0;0;0
270498;532;2024;Delantero;6;0;0;0.0;0;0;0;0;0;0;0.0;0;0;0;0;0;0;0;0;0;0;0;0;0;0;0;0
288074;532;2024;Delantero;3;12;0;6.3;0;0;0;0;4;0;0.67;0;0;0;1;0;0;1;0;0;0;0;0;0;0;0;0
315699;532;2024;Mediocentro;37;2593;31;6.794832;3;3;27;10;1255;23;27.32;49;3;20;301;126;30;34;74;30;30;5;0;0;0;0;0
315701;532;2024;Defensa;9;0;0;0.0;0;0;0;0;0;0;0.0;0;0;0;0;0;0;0;0;0;0;0;0;0;0;0;0
327496;532;2024;Defensa;9;66;1;6.3;0;0;1;0;20;0;1.22;3;0;1;9;4;0;2;1;1;0;1;0;0;0;0;0
333672;532;2024;Defensa;37;3027;34;6.916254;2;0;15;7;1688;3;38.62;50;20;22;300;163;15;56;13;11;12;7;0;0;0;0;0
333682;532;2024;Defensa;37;3320;37;6.870181;1;0;4;2;1998;0;49.32;55;24;35;210;124;25;14;8;4;8;6;0;0;0;0;0
348326;532;2024;Mediocentro;11;45;0;6.473333;0;0;1;1;25;1;1.82;2;0;0;15;5;1;1;4;2;1;0;0;0;0;0;0
361385;532;2024;Defensa;38;956;9;6.921025;0;0;3;0;462;3;9.92;20;6;27;68;46;2;5;0;0;4;1;0;0;0;0;0
376416;532;2024;Delantero;3;0;0;0.0;0;0;0;0;0;0;0.0;0;0;0;0;0;0;0;0;0;0;0;0;0;0;0;0
401983;532;2024;Portero;1;0;0;0.0;0;0;0;0;0;0;0.0;0;0;0;0;0;0;0;0;0;0;0;0;0;0;0;0
406043;532;2024;Mediocentro;1;0;0;0.0;0;0;0;0;0;0;0.0;0;0;0;0;0;0;0;0;0;0;0;0;0;0;0;0
406266;532;2024;Mediocentro;1;0;0;0.0;0;0;0;0;0;0;0.0;0;0;0;0;0;0;0;0;0;0;0;0;0;0;0;0
412737;532;2024;Portero;4;0;0;0.0;0;0;0;0;0;0;0.0;0;0;0;0;0;0;0;0;0;0;0;0;0;0;0;0
439578;532;2024;Delantero;2;13;0;6.3;0;0;0;0;4;0;1.0;0;0;0;0;0;0;0;0;0;0;0;0;0;0;0;0
442188;532;2024;Defensa;12;19;0;6.473684;0;0;0;0;10;1;0.67;0;0;0;1;1;0;0;0;0;0;0;0;0;0;0;0
83;533;2024;Delantero;3;203;3;7.034483;2;0;4;3;30;1;7.67;2;0;0;11;5;1;1;4;0;1;1;0;0;0;0;0
166;533;2024;Defensa;21;1526;17;7.261992;1;0;14;5;923;7;38.48;25;17;18;130;75;5;16;8;4;5;4;0;0;0;0;0
258;533;2024;Defensa;19;236;1;6.762288;0;1;1;1;105;4;4.53;9;1;1;29;19;2;0;8;3;1;0;0;0;0;0;0
314;533;2024;Defensa;28;1199;14;6.665555;0;0;0;0;812;0;26.07;10;9;6;74;45;6;11;0;0;4;4;0;0;0;0;0
885;533;2024;Defensa;32;627;8;6.530463;0;0;2;0;317;0;8.66;12;6;6;43;27;1;7;3;3;1;2;1;0;0;0;0
928;533;2024;Mediocentro;36;2277;26;7.120773;3;3;11;4;1503;23;37.19;52;7;25;190;121;37;20;11;8;25;8;0;1;0;0;0
1461;533;2024;Mediocentro;31;619;7;6.920032;1;1;7;3;259;14;6.97;12;1;3;56;30;7;1;15;10;6;0;0;0;0;0;0
1702;533;2024;Defensa;14;454;4;6.787225;0;2;2;2;164;9;9.21;3;1;6;37;19;2;4;17;9;2;0;0;0;0;0;0
1707;533;2024;Delantero;21;717;6;7.145746;3;2;21;12;291;17;11.05;7;0;2;96;53;11;10;31;18;9;0;0;3;0;0;0
3246;533;2024;Delantero;28;1495;15;7.358127;3;6;29;17;576;33;17.18;22;1;5;189;90;25;20;57;27;11;3;0;0;0;0;0
18794;533;2024;Defensa;30;2229;27;6.953297;0;1;2;0;1255;16;37.83;48;10;41;156;83;13;21;23;17;25;7;0;0;0;0;0
18906;533;2024;Delantero;30;1976;22;7.375051;19;2;57;31;397;32;10.3;27;1;8;253;113;39;22;69;34;18;4;0;0;0;0;0
20696;533;2024;Mediocentro;34;2231;26;7.1697;4;0;41;17;1110;17;26.62;54;13;27;255;157;62;31;27;11;9;6;2;0;0;0;0
21997;533;2024;Defensa;35;2585;28;6.940193;2;1;12;5;1532;4;38.46;38;14;21;150;87;3;19;2;0;5;3;0;0;0;0;0
47541;533;2024;Mediocentro;37;2582;30;7.143145;4;2;30;8;1346;28;31.14;84;21;20;337;161;27;37;32;18;34;8;0;0;0;0;0
51016;533;2024;Mediocentro;14;423;4;6.964303;1;2;5;2;121;5;7.07;10;0;1;74;43;20;12;17;10;3;2;0;0;0;0;0
70500;533;2024;Defensa;36;2955;34;7.150355;1;7;15;6;1118;46;24.83;71;7;40;269;149;28;38;27;10;29;11;0;0;0;0;0
122956;533;2024;Portero;33;1963;22;6.940754;0;1;0;0;528;2;12.42;2;0;1;6;4;1;0;0;0;2;2;0;0;33;63;0
161931;533;2024;Defensa;11;12;0;6.7;0;0;0;0;2;0;0.09;0;1;0;3;0;0;1;0;0;2;0;0;0;0;0;0
169256;533;2024;Portero;1;0;0;0.0;0;0;0;0;0;0;0.0;0;0;0;0;0;0;0;0;0;0;0;0;0;0;0;0
182219;533;2024;Mediocentro;32;2602;30;7.523328;7;9;49;18;1043;99;24.12;28;2;22;259;112;47;43;48;21;29;9;0;0;0;0;0
184226;533;2024;Mediocentro;35;1949;25;6.974192;4;7;17;9;654;38;14.49;60;3;8;269;127;30;49;50;25;34;11;0;0;0;0;0
187987;533;2024;Mediocentro;16;145;1;6.543448;0;0;0;0;75;1;3.94;3;1;2;22;9;2;2;6;1;2;1;0;0;0;0;0
278619;533;2024;Portero;37;1457;16;7.248593;0;0;0;0;395;0;7.14;0;0;0;13;12;6;0;0;0;0;2;0;0;18;51;0
288112;533;2024;Defensa;30;1114;12;6.721903;0;0;3;1;576;1;16.97;18;7;10;68;38;0;5;5;5;2;1;1;0;0;0;0
290740;533;2024;Mediocentro;12;587;7;7.07121;1;0;14;6;164;9;10.92;12;0;2;105;57;21;9;34;18;6;1;0;0;0;0;0
302277;533;2024;Portero;8;0;0;0.0;0;0;0;0;0;0;0.0;0;0;0;0;0;0;0;0;0;0;0;0;0;0;0;0
307565;533;2024;Mediocentro;4;13;0;6.7;0;0;1;0;7;0;1.75;0;0;0;1;0;0;1;0;0;0;1;0;0;0;0;0
336637;533;2024;Defensa;3;0;0;0.0;0;0;0;0;0;0;0.0;0;0;0;0;0;0;0;0;0;0;0;0;0;0;0;0
343684;533;2024;Delantero;35;2323;25;7.070168;11;4;64;25;328;24;5.86;12;2;0;326;179;51;47;42;18;5;4;0;1;0;0;0
378284;533;2024;Delantero;12;46;0;6.73913;1;0;2;2;1;0;0.0;0;0;0;3;2;1;0;0;0;1;0;0;0;0;0;0
391131;533;2024;Mediocentro;2;9;0;6.5;0;0;0;0;5;0;2.0;0;0;0;0;0;0;1;0;0;0;0;0;0;0;0;0
411702;533;2024;Delantero;15;162;0;6.884568;1;0;3;2;78;4;4.0;4;0;3;34;17;7;4;11;5;2;0;0;0;0;0;0
435552;533;2024;Defensa;38;917;8;6.697601;0;0;1;0;514;1;12.24;23;6;4;93;43;8;10;7;3;20;1;0;0;0;0;0
463280;533;2024;Mediocentro;1;0;0;0.0;0;0;0;0;0;0;0.0;0;0;0;0;0;0;0;0;0;0;0;0;0;0;0;0
124;534;2024;Portero;32;2337;27;7.050064;0;0;0;0;857;0;17.0;1;0;0;13;8;5;0;0;0;3;1;0;0;42;91;3
536;534;2024;Defensa;5;90;1;6.8;0;0;0;0;57;1;9.0;5;0;1;14;9;2;2;1;1;2;0;0;0;0;0;0
1304;534;2024;Portero;36;1083;11;6.992244;0;0;0;0;468;0;9.58;0;0;0;3;2;1;1;1;1;0;1;0;0;19;37;1
2671;534;2024;Delantero;37;671;4;6.527869;0;0;13;6;176;3;3.38;7;1;3;112;52;14;20;8;5;6;9;0;0;0;0;0
2924;534;2024;Mediocentro;24;608;5;6.958553;2;1;8;5;273;18;9.04;10;0;2;105;50;22;5;36;14;4;5;0;0;0;0;0
19337;534;2024;Delantero;38;1861;20;6.876733;3;6;28;13;410;24;7.13;15;5;6;308;139;19;32;34;16;7;3;0;0;0;0;0
21709;534;2024;Mediocentro;36;694;7;6.641066;0;0;6;4;432;5;10.33;17;1;10;78;34;6;10;12;4;7;3;0;0;0;0;0
44811;534;2024;Defensa;30;2467;28;6.780746;0;0;5;0;1461;4;42.4;21;28;9;181;117;8;13;3;3;3;5;1;0;0;0;0
46854;534;2024;Defensa;31;1986;23;6.921098;0;2;3;2;694;12;18.84;73;7;27;203;130;31;28;16;9;14;5;0;0;0;0;0
46860;534;2024;Mediocentro;36;2589;28;6.927308;1;3;20;6;1071;30;23.78;43;4;31;221;105;26;30;34;21;31;5;0;0;0;0;0
47004;534;2024;Mediocentro;16;61;0;6.521311;0;0;2;0;52;0;2.69;0;0;0;3;1;0;1;0;0;1;0;0;0;0;0;0
47052;534;2024;Defensa;37;1430;18;6.877203;3;0;8;5;627;7;13.95;39;11;16;153;78;14;30;8;2;17;3;0;0;0;0;0
47111;534;2024;Mediocentro;29;513;2;6.622417;0;0;5;1;252;13;7.38;10;3;1;64;26;8;5;12;3;7;2;1;0;0;0;0
47324;534;2024;Mediocentro;32;2046;25;7.01129;9;3;40;21;543;28;12.56;27;0;16;208;98;43;26;43;16;18;6;0;1;0;0;0
47393;534;2024;Delantero;32;141;0;6.435461;0;0;1;0;46;0;1.16;4;0;0;27;8;3;2;7;1;1;2;0;0;0;0;0
47464;534;2024;Mediocentro;31;1206;15;6.841376;0;3;4;3;792;14;22.26;21;1;19;107;64;20;7;16;8;9;5;0;0;0;0;0
64256;534;2024;Defensa;9;205;2;6.952683;0;0;0;0;98;1;9.67;5;1;2;14;10;3;2;1;1;1;1;0;0;0;0;0
70315;534;2024;Mediocentro;21;1768;21;7.006674;0;3;17;9;1179;16;48.76;33;4;10;140;75;18;9;16;11;22;2;0;0;0;0;0
122230;534;2024;Mediocentro;38;1016;8;6.925984;2;1;15;7;540;28;11.89;19;3;4;126;64;37;12;14;5;13;2;0;0;0;0;0
129791;534;2024;Delantero;24;1877;22;7.114172;10;3;44;24;439;16;12.54;13;0;4;283;128;43;39;49;21;10;7;0;2;0;0;0
131535;534;2024;Defensa;35;2469;30;6.684366;0;0;4;3;1322;3;32.46;40;24;13;168;86;21;27;2;0;7;12;0;0;0;0;0
157194;534;2024;Mediocentro;8;15;0;6.6;0;0;1;0;6;0;0.75;1;0;0;2;1;0;1;0;0;0;0;0;0;0;0;0
162026;534;2024;Defensa;24;1029;9;6.589699;0;0;3;0;384;6;12.62;25;6;15;127;54;17;20;16;2;15;4;0;0;0;0;0
162475;534;2024;Defensa;33;2406;27;6.800125;0;1;5;0;1241;16;29.85;61;14;37;189;105;8;33;15;7;18;5;0;0;0;0;0
182519;534;2024;Mediocentro;36;2727;32;6.852915;6;1;47;24;992;41;23.0;27;0;18;344;136;40;31;143;64;29;5;0;0;0;0;0
182694;534;2024;Mediocentro;12;0;0;0.0;0;0;0;0;0;0;0.0;0;0;0;0;0;0;0;0;0;0;0;0;0;0;0;0
308678;534;2024;Mediocentro;28;1952;25;6.927664;1;0;16;4;947;13;29.0;59;11;43;243;131;30;37;17;12;18;11;2;0;0;0;0
310187;534;2024;Mediocentro;15;975;12;6.792513;1;0;3;2;409;7;20.0;29;4;15;135;70;14;21;20;11;16;4;0;0;0;0;0
336645;534;2024;Portero;1;0;0;0.0;0;0;0;0;0;0;0.0;0;0;0;0;0;0;0;0;0;0;0;0;0;0;0;0
404471;534;2024;Delantero;3;38;0;6.442105;0;0;1;0;11;0;2.67;1;0;0;5;2;1;0;0;0;0;0;0;0;0;0;0
406123;534;2024;Delantero;3;0;0;0.0;0;0;0;0;0;0;0.0;0;0;0;0;0;0;0;0;0;0;0;0;0;0;0;0
431890;534;2024;Defensa;38;1330;15;6.856992;0;0;10;2;640;0;14.66;11;11;19;102;63;7;6;1;0;7;1;0;0;0;0;0
440133;534;2024;Delantero;1;0;0;0.0;0;0;0;0;0;0;0.0;0;0;0;0;0;0;0;0;0;0;0;0;0;0;0;0
440748;534;2024;Portero;13;0;0;0.0;0;0;0;0;0;0;0.0;0;0;0;0;0;0;0;0;0;0;0;0;0;0;0;0
453885;534;2024;Mediocentro;5;11;0;6.5;0;0;0;0;4;0;0.4;0;0;0;2;0;0;1;0;0;0;0;0;0;0;0;0
481993;534;2024;Defensa;5;14;0;4.3;0;0;0;0;5;0;0.4;0;0;0;0;0;0;0;0;0;0;0;0;0;0;0;0
486068;534;2024;Portero;1;0;0;0.0;0;0;0;0;0;0;0.0;0;0;0;0;0;0;0;0;0;0;0;0;0;0;0;0
490848;534;2024;Mediocentro;9;96;1;6.827083;0;0;1;0;51;0;5.0;1;0;1;9;4;1;1;2;1;1;1;0;0;0;0;0
505100;534;2024;Portero;10;0;0;0.0;0;0;0;0;0;0;0.0;0;0;0;0;0;0;0;0;0;0;0;0;0;0;0;0
522648;534;2024;Mediocentro;1;10;0;6.5;0;0;0;0;9;0;8.0;0;0;0;0;0;0;0;0;0;0;0;0;0;0;0;0
522649;534;2024;Delantero;1;20;0;6.5;0;0;0;0;5;0;5.0;0;0;0;2;0;0;0;1;0;0;0;0;0;0;0;0
48;536;2024;Mediocentro;26;1555;17;7.109582;1;6;31;9;632;22;19.58;47;2;20;225;107;11;44;22;10;20;8;1;0;0;0;0
433;536;2024;Defensa;34;565;6;6.5;0;0;0;0;314;0;8.35;10;6;7;56;36;10;9;3;2;2;5;1;0;0;0;0
957;536;2024;Mediocentro;31;2068;24;6.990812;2;1;14;6;983;21;28.42;25;3;28;175;100;41;23;21;10;9;5;0;0;0;0;0
1427;536;2024;Mediocentro;24;1474;16;6.900136;0;2;10;5;884;19;33.04;22;1;9;131;74;21;22;8;4;4;4;0;0;0;0;0
1489;536;2024;Mediocentro;35;2495;27;6.813347;1;1;18;6;1333;14;33.71;42;10;28;177;108;14;26;8;6;14;6;0;1;0;0;0
1650;536;2024;Mediocentro;30;600;4;7.0995;0;2;10;4;318;22;8.93;10;0;3;88;42;16;6;29;14;7;3;0;0;0;0;0
1911;536;2024;Mediocentro;2;176;2;6.951136;0;1;3;2;83;3;30.5;3;0;0;25;11;2;3;7;2;1;0;0;0;0;0;0
2054;536;2024;Defensa;18;441;3;6.741723;1;0;3;2;209;10;9.67;4;0;4;31;17;4;1;6;4;3;0;0;0;0;0;0
2468;536;2024;Defensa;17;124;1;6.933871;0;0;0;0;64;0;3.47;4;0;2;10;6;1;3;0;0;1;1;0;0;0;0;0
2778;536;2024;Delantero;19;400;5;6.5895;0;0;4;2;79;5;3.11;1;0;0;27;6;1;5;4;2;2;0;0;0;0;0;0
19172;536;2024;Portero;34;2674;30;6.802393;0;0;0;0;887;4;15.41;3;0;0;14;12;2;1;0;0;2;2;0;0;39;74;1
21004;536;2024;Mediocentro;36;2129;24;6.994598;1;3;7;2;1206;27;27.78;70;11;40;259;140;6;48;29;22;12;6;1;0;0;0;0
25458;536;2024;Mediocentro;38;3098;36;7.112298;11;2;75;39;914;55;19.66;22;1;11;378;177;55;39;157;82;12;3;1;1;0;0;0
39121;536;2024;Mediocentro;29;969;9;7.017957;2;1;18;8;410;21;11.9;18;0;5;167;86;16;6;81;48;11;0;0;0;0;0;0
47016;536;2024;Portero;38;746;8;6.646381;0;0;0;0;291;1;4.74;0;0;0;4;3;2;0;0;0;1;2;0;0;16;20;0
47329;536;2024;Defensa;34;2303;27;6.846982;1;1;19;8;890;20;20.5;56;11;24;222;102;19;38;32;16;22;7;0;0;0;0;0
48471;536;2024;Mediocentro;12;677;9;6.941211;2;1;12;5;201;13;12.33;7;0;3;80;35;9;12;28;12;6;0;0;0;0;0;0
57446;536;2024;Delantero;4;135;1;6.59037;0;0;2;2;28;0;5.25;0;0;0;18;7;0;1;1;1;0;0;0;0;0;0;0
119235;536;2024;Mediocentro;15;0;0;0.0;0;0;0;0;0;0;0.0;0;0;0;0;0;0;0;0;0;0;0;0;0;0;0;0
133110;536;2024;Defensa;10;520;6;6.951923;0;0;2;0;314;0;28.5;7;0;7;45;32;5;10;3;3;1;3;1;0;0;0;0
162126;536;2024;Delantero;37;1164;14;6.69244;1;1;10;4;338;12;7.51;18;0;8;158;62;26;22;23;11;10;1;0;0;0;0;0
174918;536;2024;Defensa;33;2687;31;6.948083;1;1;12;4;1801;4;47.12;47;13;28;211;138;10;26;17;15;8;7;1;0;0;0;0
182772;536;2024;Mediocentro;36;1730;18;6.904046;4;4;11;6;597;25;14.17;50;2;16;181;91;12;18;26;10;24;6;1;0;0;0;0
185398;536;2024;Delantero;32;2167;26;6.588648;4;2;42;20;414;20;9.53;13;1;7;297;99;37;38;58;20;13;10;1;0;0;0;0
195923;536;2024;Defensa;35;2954;35;6.924577;0;0;15;4;1439;19;33.71;82;11;66;320;176;43;49;43;18;35;11;0;0;0;0;0
197196;536;2024;Defensa;18;261;2;6.913793;1;0;3;3;122;1;6.28;6;1;2;22;16;1;1;1;1;2;0;0;0;0;0;0
284241;536;2024;Delantero;4;10;0;6.6;0;0;0;0;1;0;0.0;0;0;0;2;2;1;0;0;0;0;0;0;0;0;0;0
286271;536;2024;Delantero;3;17;0;6.7;0;0;0;0;1;0;0.33;0;0;0;2;1;1;0;0;0;0;0;0;0;0;0;0
290686;536;2024;Portero;1;0;0;0.0;0;0;0;0;0;0;0.0;0;0;0;0;0;0;0;0;0;0;0;0;0;0;0;0
297311;536;2024;Defensa;36;2245;25;7.065702;3;2;18;7;1333;6;29.42;47;14;32;219;141;15;21;5;3;18;6;0;0;0;0;0
308346;536;2024;Portero;22;0;0;0.0;0;0;0;0;0;0;0.0;0;0;0;0;0;0;0;0;0;0;0;0;0;0;0;0
319572;536;2024;Defensa;14;294;3;6.861905;0;0;5;0;134;6;7.57;15;0;2;45;23;5;7;12;3;3;0;0;0;0;0;0
329729;536;2024;Mediocentro;3;0;0;0.0;0;0;0;0;0;0;0.0;0;0;0;0;0;0;0;0;0;0;0;0;0;0;0;0
331330;536;2024;Portero;10;0;0;0.0;0;0;0;0;0;0;0.0;0;0;0;0;0;0;0;0;0;0;0;0;0;0;0;0
331607;536;2024;Mediocentro;18;144;1;7.065972;1;0;4;1;73;0;3.72;4;0;0;15;8;3;2;2;1;1;0;0;0;0;0;0
335034;536;2024;Mediocentro;2;0;0;0.0;0;0;0;0;0;0;0.0;0;0;0;0;0;0;0;0;0;0;0;0;0;0;0;0
335037;536;2024;Mediocentro;3;38;1;6.3;0;0;1;0;7;0;1.67;0;0;1;4;2;1;1;1;0;0;0;0;0;0;0;0
335057;536;2024;Defensa;1;13;0;6.3;0;0;0;0;0;0;0.0;0;0;0;0;0;0;0;0;0;0;1;0;0;0;0;0
338900;536;2024;Delantero;8;26;0;6.269231;0;0;1;1;4;1;0.25;0;0;0;2;0;0;0;1;0;0;0;0;0;0;0;0
338902;536;2024;Defensa;1;0;0;0.0;0;0;0;0;0;0;0.0;0;0;0;0;0;0;0;0;0;0;0;0;0;0;0;0
340152;536;2024;Mediocentro;36;290;3;6.796897;1;1;3;2;70;6;1.61;9;1;4;49;26;7;1;18;9;2;0;0;0;0;0;0
341453;536;2024;Defensa;4;0;0;0.0;0;0;0;0;0;0;0.0;0;0;0;0;0;0;0;0;0;0;0;0;0;0;0;0
360411;536;2024;Mediocentro;5;0;0;0.0;0;0;0;0;0;0;0.0;0;0;0;0;0;0;0;0;0;0;0;0;0;0;0;0
486472;536;2024;Delantero;10;409;4;6.810024;1;0;9;4;66;2;4.7;5;0;2;59;21;5;11;2;1;5;1;0;0;0;0;0
403;537;2024;Defensa;30;2112;24;6.882008;1;0;2;1;845;2;23.37;25;30;21;113;73;8;15;1;1;8;3;0;0;0;0;0
1708;537;2024;Delantero;34;1896;24;7.315717;8;6;31;17;545;47;11.74;37;3;13;295;142;56;40;82;44;24;6;0;4;0;0;0
1738;537;2024;Defensa;1;10;1;6.3;0;0;0;0;2;0;2.0;0;0;0;0;0;0;0;0;0;0;0;0;0;0;0;0
1826;537;2024;Delantero;12;405;5;6.671852;0;0;3;1;90;1;4.5;2;0;0;64;34;5;4;3;1;1;0;0;0;0;0;0
2036;537;2024;Portero;37;540;6;7.066667;0;0;0;0;165;0;2.16;1;0;0;4;4;3;0;0;0;0;1;1;0;7;19;0
2060;537;2024;Delantero;32;877;10;6.834208;4;0;19;9;248;8;6.16;12;1;1;151;68;39;14;19;7;10;1;1;0;0;0;0
2433;537;2024;Mediocentro;34;2433;28;6.943568;1;0;13;6;1036;8;24.26;61;23;29;261;147;34;38;35;20;26;8;0;0;0;0;0
2575;537;2024;Defensa;18;0;0;0.0;0;0;0;0;0;0;0.0;0;0;0;0;0;0;0;0;0;0;0;0;0;0;0;0
2813;537;2024;Portero;38;2880;32;7.03125;0;0;0;0;933;1;9.42;1;0;0;23;21;6;1;1;1;1;0;0;0;49;104;0
5974;537;2024;Mediocentro;37;316;2;6.775316;0;1;1;1;134;2;2.89;11;0;4;37;19;3;1;4;3;3;0;0;0;0;0;0
21701;537;2024;Defensa;34;2592;28;6.972068;1;2;10;4;958;11;22.71;72;15;51;265;138;18;44;43;22;26;8;0;0;0;0;0
41976;537;2024;Mediocentro;31;2321;27;6.889789;1;1;14;3;1101;13;31.26;52;5;26;254;142;50;33;35;18;24;14;0;0;0;0;0
46849;537;2024;Defensa;37;2399;27;6.700667;2;1;15;6;822;17;17.16;27;5;23;214;79;16;49;28;16;27;6;0;0;0;0;0
47080;537;2024;Defensa;35;1691;19;7.083442;1;0;8;3;893;2;21.43;37;17;24;177;95;15;30;6;4;9;4;1;0;0;0;0
47321;537;2024;Mediocentro;38;407;3;6.701474;0;1;5;1;178;10;3.82;7;0;1;37;13;3;1;4;2;10;0;0;0;0;0;0
47361;537;2024;Mediocentro;35;1620;15;6.694444;1;2;8;3;486;9;10.71;27;11;17;158;62;13;38;6;2;8;4;0;0;0;0;0
47416;537;2024;Mediocentro;34;1325;12;6.879472;1;4;23;6;490;19;11.06;32;1;20;186;90;25;19;47;21;16;6;1;0;0;0;0
47494;537;2024;Delantero;37;1742;17;6.530884;1;3;27;16;225;7;3.65;16;4;3;264;83;30;23;33;8;10;3;0;1;0;0;0
123047;537;2024;Defensa;37;2963;33;6.88677;2;0;10;5;1510;5;34.35;40;29;38;222;120;12;30;4;4;14;2;1;0;0;0;0
129657;537;2024;Defensa;13;630;7;6.608413;1;0;3;1;164;2;9.08;18;1;4;64;38;6;8;16;9;4;1;0;0;0;0;0
131492;537;2024;Defensa;3;178;2;6.697753;0;0;0;0;67;0;16.33;1;2;3;15;7;0;0;0;0;0;0;0;0;0;0;0
162122;537;2024;Defensa;36;1646;19;6.839976;0;0;5;2;491;11;11.14;41;6;15;170;91;28;27;22;10;16;6;0;0;0;0;0
162944;537;2024;Delantero;16;204;1;6.783824;0;0;2;1;41;5;1.75;8;0;1;57;33;13;5;18;10;2;1;0;0;0;0;0
163013;537;2024;Defensa;13;0;0;0.0;0;0;0;0;0;0;0.0;0;0;0;0;0;0;0;0;0;0;0;0;0;0;0;0
184481;537;2024;Delantero;34;1218;13;6.658128;3;0;22;9;184;6;3.5;1;1;3;199;70;23;22;9;3;6;2;0;0;0;0;0
185202;537;2024;Mediocentro;38;2265;26;6.933289;5;4;25;14;556;25;10.92;31;2;14;216;109;23;14;72;40;20;2;0;0;0;0;0
302051;537;2024;Mediocentro;36;2451;31;6.861444;3;1;17;5;1127;17;26.75;59;1;13;283;139;25;39;41;30;27;3;1;0;0;0;0
313196;537;2024;Defensa;1;0;0;0.0;0;0;0;0;0;0;0.0;0;0;0;0;0;0;0;0;0;0;0;0;0;0;0;0
327495;537;2024;Portero;33;0;0;0.0;0;0;0;0;0;0;0.0;0;0;0;0;0;0;0;0;0;0;0;0;0;0;0;0
327622;537;2024;Mediocentro;7;0;0;0.0;0;0;0;0;0;0;0.0;0;0;0;0;0;0;0;0;0;0;0;0;0;0;0;0
337955;537;2024;Defensa;1;0;0;0.0;0;0;0;0;0;0;0.0;0;0;0;0;0;0;0;0;0;0;0;0;0;0;0;0
352854;537;2024;Portero;1;0;0;0.0;0;0;0;0;0;0;0.0;0;0;0;0;0;0;0;0;0;0;0;0;0;0;0;0
385389;537;2024;Mediocentro;1;0;0;0.0;0;0;0;0;0;0;0.0;0;0;0;0;0;0;0;0;0;0;0;0;0;0;0;0
386187;537;2024;Mediocentro;2;0;0;0.0;0;0;0;0;0;0;0.0;0;0;0;0;0;0;0;0;0;0;0;0;0;0;0;0
388032;537;2024;Mediocentro;1;0;0;0.0;0;0;0;0;0;0;0.0;0;0;0;0;0;0;0;0;0;0;0;0;0;0;0;0
513776;537;2024;Mediocentro;10;551;6;7.343739;2;1;7;3;177;14;15.4;14;0;8;114;56;16;8;37;23;10;1;0;0;0;0;0
570;538;2024;Mediocentro;32;278;4;6.793885;0;0;0;0;108;5;2.28;8;0;8;31;14;1;4;2;1;5;1;0;0;0;0;0
1364;538;2024;Defensa;23;630;6;6.708254;0;0;2;2;475;1;18.74;13;4;9;68;39;4;4;4;3;2;2;0;0;0;0;0
1926;538;2024;Defensa;14;8;0;6.5;0;0;0;0;7;0;0.43;1;0;0;2;1;0;0;0;0;0;0;0;0;0;0;0
2278;538;2024;Defensa;31;2655;29;7.122072;3;0;24;13;2291;21;66.9;36;7;34;258;150;28;31;24;16;20;10;2;3;0;0;0
18835;538;2024;Portero;37;3060;34;6.902941;0;0;0;0;776;0;16.35;0;0;0;15;14;5;0;0;0;0;0;0;0;48;81;0
18896;538;2024;Defensa;15;517;7;6.588975;0;0;0;0;364;0;21.93;7;3;7;40;13;1;9;1;0;8;1;0;0;0;0;0
19026;538;2024;Mediocentro;4;11;0;6.3;0;0;0;0;5;0;1.0;0;0;0;3;0;0;1;1;0;0;0;0;0;0;0;0
21584;538;2024;Mediocentro;27;446;6;6.513901;0;1;0;0;186;4;5.52;7;0;2;46;14;2;8;12;2;2;1;0;0;0;0;0
22235;538;2024;Delantero;16;814;10;6.907985;0;1;11;6;324;12;16.75;12;0;5;103;50;17;7;34;15;6;1;0;0;0;0;0
26845;538;2024;Delantero;22;692;6;6.642052;3;1;15;9;105;3;3.41;8;2;3;115;53;27;10;11;4;4;2;0;0;0;0;0
47348;538;2024;Delantero;38;1979;24;6.953866;11;3;39;28;473;19;9.11;10;2;7;197;67;34;40;31;11;11;2;0;0;0;0;0
47427;538;2024;Portero;38;360;4;6.775;0;0;0;0;103;0;2.13;0;0;0;2;1;0;0;0;0;0;0;0;0;9;11;1
47435;538;2024;Mediocentro;38;2427;29;6.896374;2;1;16;4;1473;17;34.53;51;6;25;213;92;12;34;18;10;32;3;0;0;0;0;0
47445;538;2024;Delantero;33;1747;19;7.405381;10;5;44;24;843;38;19.67;13;1;8;130;68;34;16;21;14;11;6;1;5;0;0;0
47988;538;2024;Defensa;30;2271;26;6.959049;1;0;3;1;1641;6;51.23;40;21;29;194;113;11;21;1;1;9;5;0;0;0;0;0
119213;538;2024;Delantero;35;1372;14;7.042347;5;2;31;21;332;24;7.31;8;0;4;152;66;31;15;54;24;9;1;1;0;0;0;0
128985;538;2024;Mediocentro;17;377;4;6.728912;1;0;3;2;122;5;5.53;4;1;1;28;8;0;3;5;2;4;2;0;0;0;0;0
157988;538;2024;Mediocentro;32;1657;19;6.911527;0;4;7;3;711;16;17.41;29;2;17;121;53;7;19;27;14;9;1;0;0;0;0;0
162123;538;2024;Mediocentro;36;2137;22;6.983949;1;1;26;12;967;21;23.22;67;4;13;290;164;58;32;36;15;25;9;1;0;0;0;0
162712;538;2024;Mediocentro;34;2741;31;7.143488;4;6;22;10;1779;35;42.29;38;5;23;229;106;31;24;59;27;43;6;1;0;0;0;0
182730;538;2024;Portero;7;0;0;0.0;0;0;0;0;0;0;0.0;0;0;0;0;0;0;0;0;0;0;0;0;0;0;0;0
269163;538;2024;Delantero;33;1347;15;6.722791;4;5;24;15;343;16;7.94;23;1;3;159;72;32;21;38;9;7;1;0;0;0;0;0
286559;538;2024;Defensa;37;1187;13;6.957456;0;0;3;1;961;2;23.08;24;11;12;93;64;10;8;3;2;5;1;0;0;0;0;0
286795;538;2024;Portero;5;0;0;0.0;0;0;0;0;0;0;0.0;0;0;0;0;0;0;0;0;0;0;0;0;0;0;0;0
286796;538;2024;Mediocentro;36;944;10;6.872352;0;0;0;0;785;17;19.92;14;1;7;57;23;9;13;2;0;9;3;0;0;0;0;0
304383;538;2024;Delantero;9;1;0;0.0;0;0;0;0;3;0;0.11;0;0;0;1;0;0;0;1;0;0;1;0;0;0;0;0
313651;538;2024;Mediocentro;36;1269;15;6.788258;0;0;2;0;967;19;23.81;28;1;5;115;48;9;19;17;8;17;5;0;0;0;0;0
320517;538;2024;Delantero;37;1411;15;6.870588;4;4;21;10;372;17;7.43;17;3;8;179;60;18;32;40;12;9;3;0;0;0;0;0
329720;538;2024;Mediocentro;34;1570;16;6.874713;4;3;16;9;851;18;19.76;25;2;8;175;79;16;25;70;32;9;6;0;0;0;0;0
329722;538;2024;Defensa;16;583;7;6.645283;0;1;0;0;423;1;24.44;12;4;5;53;27;9;16;4;3;2;2;0;0;0;0;0
333502;538;2024;Mediocentro;4;0;0;0.0;0;0;0;0;0;0;0.0;0;0;0;0;0;0;0;0;0;0;0;0;0;0;0;0
334573;538;2024;Defensa;2;0;0;0.0;0;0;0;0;0;0;0.0;0;0;0;0;0;0;0;0;0;0;0;0;0;0;0;0
351913;538;2024;Delantero;9;0;0;0.0;0;0;0;0;0;0;0.0;0;0;0;0;0;0;0;0;0;0;0;0;0;0;0;0
384135;538;2024;Defensa;37;2513;26;6.935456;3;2;11;5;1637;13;38.41;54;10;31;223;125;22;37;19;10;14;7;0;0;0;0;0
391822;538;2024;Delantero;20;690;7;6.855217;2;0;11;6;255;14;11.0;9;0;2;103;37;8;13;31;18;11;2;0;0;0;0;0
1234;540;2024;Mediocentro;37;2723;29;6.739442;0;1;9;2;790;12;16.05;55;14;28;263;144;23;31;51;29;12;1;0;0;0;0;0
2042;540;2024;Defensa;37;670;6;6.709701;0;0;1;1;349;0;8.41;8;8;7;47;19;1;6;0;0;0;1;0;0;0;0;0
8683;540;2024;Delantero;18;601;5;6.786023;1;1;9;3;143;9;5.17;10;1;4;67;29;8;8;9;3;8;1;0;0;0;0;0
30924;540;2024;Defensa;35;2975;34;6.978387;3;0;11;5;1395;1;33.8;50;35;34;254;152;29;37;6;4;17;9;0;0;0;0;0
46709;540;2024;Defensa;37;1257;13;6.843755;1;4;15;4;448;33;9.62;14;1;12;104;46;19;14;13;3;16;2;0;0;0;0;0
46734;540;2024;Defensa;5;0;0;0.0;0;0;0;0;0;0;0.0;0;0;0;0;0;0;0;0;0;0;0;0;0;0;0;0
46764;540;2024;Defensa;25;1024;12;6.721875;0;1;5;1;330;15;9.96;13;2;11;57;23;6;13;4;1;9;2;0;0;0;0;0
46775;540;2024;Mediocentro;11;0;0;0.0;0;0;0;0;0;0;0.0;0;0;0;0;0;0;0;0;0;0;0;0;0;0;0;0
46799;540;2024;Mediocentro;24;1052;12;7.224144;0;2;15;6;413;28;12.46;23;0;15;140;71;22;14;28;15;14;3;0;0;0;0;0
47195;540;2024;Mediocentro;36;463;4;6.692657;0;1;5;1;232;4;5.17;5;1;4;37;21;8;5;7;5;5;3;0;0;0;0;0
47249;540;2024;Defensa;33;2870;32;6.993031;4;2;13;6;1401;9;32.52;39;25;31;202;125;8;24;2;1;11;4;1;0;0;0;0
47349;540;2024;Mediocentro;35;2987;35;6.893338;12;4;59;24;639;22;14.57;22;3;5;207;79;27;22;55;21;12;8;0;5;0;0;0
47352;540;2024;Portero;30;0;0;0.0;0;0;0;0;0;0;0.0;0;0;0;0;0;0;0;0;0;0;0;0;0;0;0;0
47398;540;2024;Mediocentro;37;459;1;6.643355;3;0;8;5;145;5;2.46;6;2;3;70;31;12;5;6;2;16;3;0;0;0;0;0
47478;540;2024;Defensa;31;738;6;6.901355;1;0;2;1;374;3;10.35;18;9;16;65;39;8;6;0;0;4;1;0;0;0;0;0
67940;540;2024;Mediocentro;13;569;7;6.793673;0;0;1;0;216;1;14.62;25;1;5;79;44;8;18;2;0;7;0;0;0;0;0;0
127426;540;2024;Mediocentro;34;1958;27;6.714811;0;1;5;2;799;17;20.0;53;6;22;214;82;14;56;17;5;33;13;0;0;0;0;0
128478;540;2024;Delantero;34;641;5;6.617473;1;1;10;4;102;6;2.18;5;0;1;122;51;27;30;19;4;1;3;0;0;0;0;0
161894;540;2024;Mediocentro;12;29;0;6.875862;0;0;1;0;16;1;1.0;2;0;0;5;3;1;0;1;0;1;0;0;0;0;0;0
162585;540;2024;Portero;5;0;0;0.0;0;0;0;0;0;0;0.0;0;0;0;0;0;0;0;0;0;0;0;0;0;0;0;0
182674;540;2024;Mediocentro;37;2192;26;6.653011;3;3;23;11;456;24;8.92;22;0;15;270;122;59;28;96;36;9;5;0;0;0;0;0
182718;540;2024;Portero;38;3420;38;7.397368;0;0;1;1;1060;0;18.63;0;0;0;30;27;7;0;0;0;1;2;0;0;51;145;2
182735;540;2024;Portero;38;0;0;0.0;0;0;0;0;0;0;0.0;0;0;0;0;0;0;0;0;0;0;0;0;0;0;0;0
183699;540;2024;Mediocentro;17;1380;16;6.802464;0;2;3;2;427;10;19.65;46;12;8;151;83;11;15;17;6;16;2;0;0;0;0;0
184420;540;2024;Defensa;36;2560;28;7.00332;2;1;19;6;758;30;15.97;73;15;27;259;130;21;34;45;22;36;7;0;0;0;0;0
286601;540;2024;Defensa;36;3159;36;6.968978;0;2;1;0;1224;8;27.42;110;13;47;317;192;30;52;24;17;30;10;0;0;0;0;0
297742;540;2024;Mediocentro;35;1042;13;6.701823;0;1;6;4;195;7;4.06;22;2;8;157;80;23;19;46;29;11;3;0;0;0;0;0
311344;540;2024;Delantero;38;1131;10;6.627233;1;0;19;6;185;2;3.13;1;2;4;181;88;33;20;4;1;6;3;0;0;0;0;0
312990;540;2024;Delantero;19;1507;18;6.904579;6;0;15;9;257;8;9.84;4;1;3;191;74;25;28;27;11;5;1;0;0;0;0;0
325140;540;2024;Mediocentro;8;217;3;6.720737;0;0;0;0;60;1;5.12;9;1;4;25;15;2;5;3;1;2;0;0;0;0;0;0
355327;540;2024;Defensa;1;0;0;0.0;0;0;0;0;0;0;0.0;0;0;0;0;0;0;0;0;0;0;0;0;0;0;0;0
388057;540;2024;Delantero;3;0;0;0.0;0;0;0;0;0;0;0.0;0;0;0;0;0;0;0;0;0;0;0;0;0;0;0;0
404415;540;2024;Defensa;2;0;0;0.0;0;0;0;0;0;0;0.0;0;0;0;0;0;0;0;0;0;0;0;0;0;0;0;0
419912;540;2024;Delantero;1;0;0;0.0;0;0;0;0;0;0;0.0;0;0;0;0;0;0;0;0;0;0;0;0;0;0;0;0
438284;540;2024;Mediocentro;17;182;2;6.362637;0;0;1;0;54;0;2.71;5;1;0;23;9;0;8;2;1;3;1;0;0;0;0;0
450716;540;2024;Defensa;12;8;0;6.3;0;0;0;0;7;0;0.33;0;0;0;2;0;0;0;0;0;0;0;0;0;0;0;0
461502;540;2024;Portero;1;0;0;0.0;0;0;0;0;0;0;0.0;0;0;0;0;0;0;0;0;0;0;0;0;0;0;0;0
278;541;2024;Delantero;34;2917;34;7.765718;31;3;122;85;1093;52;27.41;9;0;1;307;135;40;25;172;82;4;3;1;7;0;0;0
372;541;2024;Defensa;12;940;11;7.318085;1;1;7;3;706;6;52.83;19;8;12;94;53;8;18;8;5;5;2;0;0;0;0;0
505;541;2024;Defensa;12;316;4;6.773101;0;0;0;0;222;1;17.0;1;5;6;8;5;0;2;0;0;0;1;0;0;0;0;0
653;541;2024;Defensa;25;1009;12;6.894351;0;1;0;0;599;3;22.6;17;4;9;53;31;7;5;6;3;3;1;1;0;0;0;0
730;541;2024;Portero;32;2700;30;7.12;0;0;0;0;847;1;21.22;0;0;1;11;10;2;0;1;0;0;1;0;0;29;77;0
733;541;2024;Defensa;8;609;7;7.321511;1;0;2;1;402;5;44.25;12;3;10;47;27;6;3;5;2;3;1;0;0;0;0;0
736;541;2024;Defensa;38;2187;24;7.159534;0;2;9;3;1312;24;30.74;51;5;29;180;98;22;13;23;8;23;0;0;0;0;0;0
741;541;2024;Defensa;31;136;1;6.835294;0;1;0;0;67;2;1.94;0;0;2;6;3;0;0;0;0;0;0;0;0;0;0;0
744;541;2024;Mediocentro;31;1405;16;6.971246;4;2;22;17;638;23;18.19;23;1;5;170;85;34;14;44;25;12;0;0;0;0;0;0
748;541;2024;Mediocentro;29;1225;15;7.398449;0;0;5;3;1328;22;43.55;41;4;14;124;81;30;13;11;8;20;4;0;0;0;0;0
754;541;2024;Mediocentro;37;1830;17;7.755847;2;6;14;6;1847;68;45.59;31;5;27;144;70;19;23;23;14;18;7;0;0;0;0;0
756;541;2024;Mediocentro;37;3034;34;7.525939;6;4;43;22;2163;39;53.22;50;8;55;161;108;15;12;27;16;14;4;0;0;0;0;0
757;541;2024;Defensa;35;2219;25;7.14155;1;5;8;3;1404;33;36.06;59;6;15;205;116;32;29;33;19;21;4;0;0;0;0;0
762;541;2024;Delantero;30;2257;24;7.423084;11;8;60;28;824;59;21.73;21;0;3;365;172;70;30;176;80;13;8;1;2;0;0;0
1271;541;2024;Defensa;32;2692;31;7.133358;0;0;15;3;2003;5;58.12;46;25;47;236;155;24;26;13;10;20;5;0;0;0;0;0
2207;541;2024;Mediocentro;20;1096;11;7.366515;1;2;4;2;762;11;33.9;42;8;18;180;107;31;21;24;14;14;2;0;0;0;0;0
2285;541;2024;Defensa;30;2298;26;7.070757;0;0;18;4;1839;6;56.53;20;14;9;119;72;15;15;5;3;4;3;0;0;0;0;0
10009;541;2024;Delantero;31;1937;22;7.546464;6;5;38;20;992;49;29.06;21;1;11;214;114;37;8;95;49;16;0;0;0;0;0;0
47400;541;2024;Portero;36;630;7;7.071429;0;1;0;0;171;1;4.03;1;0;0;4;4;1;0;0;0;0;0;0;0;7;13;0
129718;541;2024;Mediocentro;31;2493;29;7.530325;9;8;46;23;1510;42;42.65;62;2;28;344;196;64;33;68;40;14;5;1;1;0;0;0
291964;541;2024;Mediocentro;38;1274;14;7.584458;3;4;25;17;815;39;19.32;30;0;7;153;87;31;15;39;19;12;1;0;0;0;0;0
330436;541;2024;Defensa;2;0;0;0.0;0;0;0;0;0;0;0.0;0;0;0;0;0;0;0;0;0;0;0;0;0;0;0;0
336711;541;2024;Delantero;6;53;0;6.726415;0;1;1;0;20;1;3.17;0;0;0;4;1;0;0;0;0;0;0;0;0;0;0;0
336988;541;2024;Defensa;8;4;0;0.0;0;0;0;0;0;0;0.0;0;0;0;1;0;0;0;0;0;0;0;0;0;0;0;0
338751;541;2024;Delantero;4;42;0;6.27619;0;0;1;0;10;1;2.5;0;0;0;5;0;0;2;2;0;0;0;0;0;0;0;0
341640;541;2024;Defensa;26;1671;18;7.060503;0;1;3;1;979;6;35.35;22;6;16;112;77;19;12;6;6;3;3;0;0;0;0;0
361384;541;2024;Defensa;6;0;0;0.0;0;0;0;0;0;0;0.0;0;0;0;0;0;0;0;0;0;0;0;0;0;0;0;0
377122;541;2024;Delantero;37;402;3;6.506965;1;0;19;7;72;5;1.57;1;0;4;45;20;9;10;10;4;2;1;0;0;0;0;0
386305;541;2024;Defensa;16;203;2;7.175369;1;0;1;1;91;1;5.31;7;0;3;26;16;1;2;0;0;0;1;0;0;0;0;0
386872;541;2024;Portero;21;0;0;0.0;0;0;0;0;0;0;0.0;0;0;0;0;0;0;0;0;0;0;0;0;0;0;0;0
388871;541;2024;Mediocentro;7;13;0;4.846154;0;0;0;0;1;0;0.14;0;0;0;3;1;0;1;0;0;0;0;0;0;0;0;0
396475;541;2024;Portero;25;90;1;6.2;0;0;0;0;17;0;0.64;0;0;0;0;0;0;0;0;0;0;0;0;0;2;0;0
441497;541;2024;Delantero;1;1;0;0.0;0;0;0;0;0;0;0.0;0;0;0;1;1;1;0;0;0;0;0;0;0;0;0;0
451355;541;2024;Defensa;4;0;0;0.0;0;0;0;0;0;0;0.0;0;0;0;0;0;0;0;0;0;0;0;0;0;0;0;0
456014;541;2024;Defensa;2;0;0;0.0;0;0;0;0;0;0;0.0;0;0;0;0;0;0;0;0;0;0;0;0;0;0;0;0
490779;541;2024;Defensa;1;0;0;0.0;0;0;0;0;0;0;0.0;0;0;0;0;0;0;0;0;0;0;0;0;0;0;0;0
143;542;2024;Mediocentro;15;1095;13;7.173881;0;2;9;4;439;19;23.2;19;0;2;110;64;24;11;17;12;10;1;0;0;0;0;0
6085;542;2024;Mediocentro;31;515;6;7.013981;1;1;5;2;228;3;5.16;19;2;8;67;37;6;18;5;4;5;3;0;0;0;0;0
6233;542;2024;Defensa;35;2923;33;7.192302;2;1;23;9;976;19;20.74;96;9;47;352;201;45;37;29;16;34;11;0;0;0;0;0
6638;542;2024;Defensa;20;676;7;7.074112;0;0;2;1;196;3;7.55;6;6;5;44;22;2;7;0;0;2;2;0;0;0;0;0
40419;542;2024;Defensa;34;600;7;6.759667;0;0;1;0;234;0;5.71;18;1;10;50;32;5;9;1;0;2;1;1;0;0;0;0
46740;542;2024;Delantero;20;701;6;6.775606;0;1;8;3;199;7;6.5;13;0;1;84;40;16;9;15;6;5;1;0;0;0;0;0
46813;542;2024;Defensa;29;2467;29;6.812282;0;1;10;1;924;8;24.55;36;18;39;208;111;32;47;4;3;14;13;0;0;0;0;0
46933;542;2024;Delantero;1;22;0;6.9;0;0;0;0;4;1;4.0;2;0;0;5;3;1;1;0;0;1;0;0;0;0;0;0
47181;542;2024;Delantero;36;1013;9;7.002073;4;0;37;15;230;11;3.83;10;2;0;211;109;13;17;14;9;4;1;0;0;0;0;0
47309;542;2024;Mediocentro;38;1951;20;6.715018;0;1;10;3;978;12;19.92;48;6;13;230;102;18;39;12;7;26;3;0;0;0;0;0
47353;542;2024;Portero;32;2812;32;7.053414;0;0;0;0;895;1;14.31;2;0;0;17;13;5;4;0;0;0;6;1;0;39;76;0
47389;542;2024;Mediocentro;29;1415;15;7.135406;5;2;12;8;805;32;22.72;32;0;10;127;65;11;28;7;6;13;4;0;3;0;0;0
47396;542;2024;Delantero;37;2561;29;7.079891;13;0;53;27;569;13;10.27;19;4;1;406;199;59;49;33;13;11;5;1;3;0;0;0
51241;542;2024;Mediocentro;31;851;9;6.673325;1;0;17;10;283;7;6.13;15;1;6;135;55;11;28;13;6;18;8;0;0;0;0;0
64309;542;2024;Defensa;35;2646;30;6.725964;1;0;6;2;767;16;16.03;85;12;30;277;121;21;56;31;7;27;6;1;0;0;0;0
70476;542;2024;Defensa;34;1879;20;6.629484;0;0;0;0;717;3;17.76;39;5;20;189;100;24;28;12;7;12;6;0;0;0;0;0
104821;542;2024;Mediocentro;36;2097;27;6.786266;3;1;21;12;710;17;14.97;39;1;14;267;109;14;35;24;9;26;6;0;1;0;0;0
104853;542;2024;Delantero;38;340;2;6.681765;1;1;7;2;67;1;1.16;2;0;1;70;33;7;11;11;2;1;2;0;1;0;0;0
122471;542;2024;Portero;32;486;5;6.681481;0;0;0;0;150;0;2.72;1;0;0;5;4;2;1;1;1;0;0;0;0;7;7;0
161842;542;2024;Defensa;1;0;0;0.0;0;0;0;0;0;0;0.0;0;0;0;0;0;0;0;0;0;0;0;0;0;0;0;0
162170;542;2024;Defensa;25;234;2;6.52735;0;0;1;0;52;2;1.64;8;1;0;30;13;1;1;9;3;0;0;0;0;0;0;0
162686;542;2024;Mediocentro;36;2739;32;6.824608;0;1;16;3;1234;15;27.72;65;7;42;316;136;27;66;21;15;50;11;1;0;0;0;0
163060;542;2024;Portero;25;121;1;6.797521;0;0;0;0;50;0;0.76;0;0;0;4;3;3;0;0;0;1;1;0;0;2;4;0
183751;542;2024;Mediocentro;18;383;4;6.537076;0;0;3;1;100;6;3.89;3;0;0;49;13;6;5;12;3;5;1;0;0;0;0;0
187214;542;2024;Mediocentro;38;3097;35;6.982854;5;5;29;14;813;63;15.89;47;2;14;420;175;62;38;95;33;39;3;0;1;0;0;0
263812;542;2024;Delantero;18;197;2;6.641624;0;0;1;0;39;4;1.72;4;0;1;24;10;3;3;2;1;1;0;0;0;0;0;0
295383;542;2024;Defensa;35;507;5;6.925444;0;0;3;1;197;1;4.43;9;6;9;53;30;3;6;1;1;5;1;0;0;0;0;0
311773;542;2024;Defensa;32;1847;20;6.989659;0;1;13;4;663;7;16.22;42;12;27;197;107;23;32;9;4;15;7;0;0;0;0;0
313562;542;2024;Defensa;1;0;0;0.0;0;0;0;0;0;0;0.0;0;0;0;0;0;0;0;0;0;0;0;0;0;0;0;0
315586;542;2024;Mediocentro;1;0;0;0.0;0;0;0;0;0;0;0.0;0;0;0;0;0;0;0;0;0;0;0;0;0;0;0;0
324750;542;2024;Mediocentro;36;1336;16;6.73503;2;2;19;12;372;13;7.06;43;1;5;225;94;28;32;34;9;36;3;0;0;0;0;0
353444;542;2024;Mediocentro;2;0;0;0.0;0;0;0;0;0;0;0.0;0;0;0;0;0;0;0;0;0;0;0;0;0;0;0;0
377215;542;2024;Portero;4;0;0;0.0;0;0;0;0;0;0;0.0;0;0;0;0;0;0;0;0;0;0;0;0;0;0;0;0
384273;542;2024;Delantero;1;0;0;0.0;0;0;0;0;0;0;0.0;0;0;0;0;0;0;0;0;0;0;0;0;0;0;0;0
390742;542;2024;Delantero;1;0;0;0.0;0;0;0;0;0;0;0.0;0;0;0;0;0;0;0;0;0;0;0;0;0;0;0;0
411702;542;2024;Mediocentro;17;204;2;6.545098;0;0;2;1;68;1;3.29;8;0;0;41;18;5;5;11;4;6;1;0;0;0;0;0
438131;542;2024;Defensa;1;0;0;0.0;0;0;0;0;0;0;0.0;0;0;0;0;0;0;0;0;0;0;0;0;0;0;0;0
668;543;2024;Mediocentro;2;180;2;6.9;0;1;5;1;72;6;31.0;3;0;0;26;10;7;3;4;0;1;0;0;0;0;0;0
745;543;2024;Mediocentro;22;1551;17;7.640297;9;8;23;15;1073;61;42.05;20;0;11;222;104;44;23;55;27;21;5;0;5;0;0;0
1264;543;2024;Defensa;29;1589;20;6.838767;0;1;4;0;788;11;23.97;40;4;14;129;69;12;18;18;8;8;1;0;0;0;0;0
1439;543;2024;Defensa;19;578;6;6.930104;0;2;1;1;273;8;11.95;13;3;6;48;25;0;6;8;6;7;1;0;0;0;0;0
1561;543;2024;Defensa;31;2101;23;7.080248;2;1;14;5;1150;4;30.39;35;25;33;183;106;14;15;15;7;10;2;0;0;0;0;0
1578;543;2024;Mediocentro;25;1454;15;7.650825;8;3;31;19;862;43;29.28;35;2;5;209;123;63;13;47;21;7;4;0;2;0;0;0
1580;543;2024;Mediocentro;15;488;6;6.905328;0;0;3;1;392;6;22.93;9;2;3;42;21;3;7;4;3;2;1;0;0;0;0;0
1631;543;2024;Defensa;35;1279;15;6.899453;0;1;3;1;615;7;14.97;29;1;8;110;66;6;12;7;4;9;0;0;0;0;0;0
1697;543;2024;Mediocentro;28;1836;22;7.025327;2;0;16;4;1039;38;30.79;21;4;24;148;60;14;12;28;7;20;2;0;0;0;0;0
3033;543;2024;Delantero;33;710;6;6.740141;2;2;22;11;125;9;2.64;6;2;0;94;26;7;23;6;1;4;4;0;0;0;0;0
9971;543;2024;Mediocentro;17;1366;15;7.47716;5;2;30;17;707;38;35.06;25;1;9;178;79;27;15;57;23;15;2;1;0;0;0;0
18812;543;2024;Portero;38;1710;19;6.878947;0;0;0;0;525;0;10.16;0;0;0;10;6;4;0;0;0;3;3;0;0;27;50;0
20600;543;2024;Defensa;36;2007;22;6.743597;2;2;13;5;876;16;20.22;36;4;22;199;100;44;26;29;11;25;8;1;0;0;0;0
46672;543;2024;Portero;15;1350;15;7.073333;0;0;0;0;452;2;22.8;0;0;0;6;4;2;1;0;0;1;1;0;0;18;37;0
47119;543;2024;Defensa;31;1312;13;6.951677;1;3;11;4;493;21;13.52;34;5;14;145;72;18;10;26;13;21;5;0;0;0;0;0
47302;543;2024;Defensa;31;2521;29;7.021856;2;0;7;5;1586;6;44.45;36;20;43;220;139;23;20;7;5;12;4;0;0;0;0;0
47320;543;2024;Delantero;20;257;2;6.808949;0;0;6;1;67;4;2.8;7;0;1;39;24;7;6;7;4;2;2;0;0;0;0;0
47341;543;2024;Mediocentro;15;909;11;7.107591;2;2;8;4;526;12;30.73;20;5;14;78;34;5;16;5;4;8;4;0;0;0;0;0
47579;543;2024;Delantero;24;687;6;6.923581;2;0;16;10;197;16;6.25;8;0;2;77;37;18;13;10;5;6;5;1;0;0;0;0
47582;543;2024;Delantero;16;1149;14;7.306876;5;1;28;11;294;14;13.69;15;1;7;142;69;9;10;27;16;5;0;0;0;0;0;0
128985;543;2024;Mediocentro;21;341;3;6.66305;0;0;3;1;138;6;5.05;10;0;3;36;17;2;1;6;2;5;0;0;0;0;0;0
133185;543;2024;Mediocentro;31;2145;24;6.966387;3;1;17;7;1101;9;30.58;55;12;49;257;136;27;38;41;26;30;4;0;0;0;0;0
179996;543;2024;Portero;34;360;4;6.85;0;0;1;1;103;0;1.76;0;0;0;3;3;2;0;0;0;0;0;0;0;5;7;0
181421;543;2024;Mediocentro;33;1995;23;6.992732;2;2;52;26;692;28;15.94;37;3;7;304;147;38;23;82;46;12;2;0;0;0;0;0
185477;543;2024;Mediocentro;3;117;1;6.697436;0;0;2;2;59;2;17.0;2;1;1;17;6;2;2;6;2;1;0;0;0;0;0;0
195100;543;2024;Defensa;36;2189;23;6.9164;1;1;5;4;1249;5;30.86;35;14;27;175;115;13;19;2;2;4;5;1;0;0;0;0
270973;543;2024;Defensa;5;0;0;0.0;0;0;0;0;0;0;0.0;0;0;0;0;0;0;0;0;0;0;0;0;0;0;0;0
286084;543;2024;Mediocentro;38;1977;22;6.985078;0;1;15;4;1248;22;29.53;61;1;23;228;122;33;35;24;16;22;4;0;0;0;0;0
286561;543;2024;Defensa;3;90;1;7.7;0;0;0;0;41;0;9.33;7;2;3;9;8;0;0;0;0;1;0;0;0;0;0;0
325785;543;2024;Defensa;1;0;0;0.0;0;0;0;0;0;0;0.0;0;0;0;0;0;0;0;0;0;0;0;0;0;0;0;0
329663;543;2024;Portero;11;0;0;0.0;0;0;0;0;0;0;0.0;0;0;0;0;0;0;0;0;0;0;0;0;0;0;0;0
334574;543;2024;Defensa;7;353;4;7.052975;0;1;2;0;170;3;19.29;12;0;5;54;27;6;6;8;4;9;0;0;0;0;0;0
340279;543;2024;Delantero;22;1237;14;6.76249;4;0;31;19;188;12;6.27;11;0;7;187;66;30;30;35;10;4;4;0;0;0;0;0
347885;543;2024;Delantero;1;0;0;0.0;0;0;0;0;0;0;0.0;0;0;0;0;0;0;0;0;0;0;0;0;0;0;0;0
351127;543;2024;Defensa;1;0;0;0.0;0;0;0;0;0;0;0.0;0;0;0;0;0;0;0;0;0;0;0;0;0;0;0;0
358431;543;2024;Defensa;13;107;1;6.3;0;0;0;0;53;0;3.54;0;0;4;2;2;1;1;0;0;0;1;0;0;0;0;0
388032;543;2024;Mediocentro;3;112;2;6.503571;0;0;0;0;45;0;12.0;5;1;3;17;8;0;4;1;1;2;0;0;0;0;0;0
392455;543;2024;Portero;6;0;0;0.0;0;0;0;0;0;0;0.0;0;0;0;0;0;0;0;0;0;0;0;0;0;0;0;0
400948;543;2024;Delantero;18;281;2;6.680071;1;2;6;1;60;8;2.5;5;0;0;45;19;4;4;11;2;5;0;0;0;0;0;0
413502;543;2024;Mediocentro;21;153;1;6.318954;0;0;0;0;68;0;2.62;4;0;2;14;5;1;4;0;0;0;1;0;0;0;0;0
439994;543;2024;Defensa;1;0;0;0.0;0;0;0;0;0;0;0.0;0;0;0;0;0;0;0;0;0;0;0;0;0;0;0;0
443162;543;2024;Mediocentro;24;1128;15;6.807181;2;0;15;8;307;8;9.75;17;0;6;193;88;38;17;77;30;14;0;0;0;0;0;0
443163;543;2024;Delantero;7;36;0;6.422222;0;0;0;0;11;0;1.29;0;0;0;3;1;0;0;2;1;0;0;0;0;0;0;0
456619;543;2024;Portero;8;0;0;0.0;0;0;0;0;0;0;0.0;0;0;0;0;0;0;0;0;0;0;0;0;0;0;0;0
143;546;2024;Mediocentro;17;457;5;6.599562;0;0;4;1;110;3;5.29;6;1;0;63;30;11;8;4;3;10;1;0;0;0;0;0
258;546;2024;Mediocentro;15;710;9;6.533521;0;1;1;0;169;7;8.2;19;3;2;102;48;6;11;23;12;5;0;0;0;0;0;0
2039;546;2024;Defensa;33;1076;11;6.630576;0;0;3;0;382;1;8.79;14;3;15;83;46;1;17;0;0;4;8;1;0;0;0;0
6168;546;2024;Defensa;34;2978;34;7.050168;1;0;27;10;1098;11;21.32;41;22;37;284;171;12;33;28;18;11;8;0;0;0;0;0
18867;546;2024;Defensa;34;2832;32;7.029449;0;3;11;3;1005;36;20.47;81;3;33;279;169;56;38;12;6;36;9;1;0;0;0;0
46795;546;2024;Defensa;37;1876;21;6.888593;1;0;2;1;629;2;13.38;28;16;16;117;69;13;24;0;0;4;4;2;0;0;0;0
47085;546;2024;Mediocentro;33;2885;32;7.125615;1;4;21;8;1326;70;32.58;60;0;25;297;159;48;38;35;20;36;6;0;1;0;0;0
47247;546;2024;Portero;38;3427;38;7.042428;0;0;0;0;956;0;11.79;4;0;1;13;12;2;0;0;0;1;2;0;0;39;90;1
47250;546;2024;Defensa;32;2553;31;6.740227;0;0;6;0;797;9;19.44;25;8;21;210;100;26;40;13;6;19;10;1;0;0;0;0
47258;546;2024;Mediocentro;35;2671;31;6.967615;10;0;42;19;783;18;16.74;48;6;15;343;175;52;51;29;17;25;10;0;3;0;0;0
47306;546;2024;Mediocentro;35;1036;13;6.514189;0;1;9;2;222;9;4.37;21;0;7;207;86;26;24;55;21;16;4;0;0;0;0;0
47320;546;2024;Delantero;14;704;8;6.574858;0;0;12;7;134;4;7.29;14;0;3;84;34;10;19;10;4;13;2;0;0;0;0;0
47407;546;2024;Defensa;23;903;10;6.814064;1;2;7;4;270;5;9.39;18;2;5;82;38;9;18;9;4;2;4;0;0;0;0;0
47472;546;2024;Delantero;25;1112;7;6.823201;5;1;14;9;242;8;7.92;5;0;2;127;43;15;9;16;6;6;0;0;1;0;0;0
66491;546;2024;Portero;38;0;0;0.0;0;0;0;0;0;0;0.0;0;0;0;0;0;0;0;0;0;0;0;0;0;0;0;0
67955;546;2024;Mediocentro;38;1436;15;6.702159;3;0;18;9;292;17;5.66;33;2;6;217;78;11;44;47;21;26;2;0;0;0;0;0
68483;546;2024;Delantero;34;1099;14;6.804277;1;0;15;7;178;9;2.88;10;2;1;228;108;18;33;13;7;5;7;0;0;0;0;0
119742;546;2024;Defensa;38;2896;32;6.913674;0;1;14;3;787;20;12.55;81;8;48;324;170;41;45;29;13;42;4;0;0;0;0;0
187987;546;2024;Mediocentro;15;1229;15;7.076729;4;1;17;9;309;16;14.6;21;2;8;159;80;22;13;43;23;20;1;0;0;0;0;0
192439;546;2024;Defensa;14;15;0;6.7;0;0;0;0;5;0;0.21;0;0;0;0;0;0;0;0;0;0;0;0;0;0;0;0
200999;546;2024;Mediocentro;12;94;1;6.287234;0;0;1;0;25;0;1.17;2;0;0;22;6;0;6;3;1;2;0;0;0;0;0;0
270516;546;2024;Delantero;38;466;2;6.494206;0;0;8;4;105;4;1.97;11;0;2;82;34;10;9;13;3;3;1;0;0;0;0;0
293297;546;2024;Mediocentro;9;61;0;6.555738;0;0;1;0;20;0;1.78;0;1;0;13;6;2;1;5;2;0;1;0;0;0;0;0
309364;546;2024;Mediocentro;30;1014;12;6.772781;1;1;14;8;259;9;6.07;29;0;8;173;76;10;10;51;18;13;4;0;0;0;0;0
325415;546;2024;Mediocentro;14;270;4;6.81;0;0;1;0;60;1;2.57;6;0;0;36;24;6;7;3;2;0;1;0;0;0;0;0
333373;546;2024;Defensa;2;19;0;6.3;0;0;0;0;6;0;1.0;2;0;0;6;3;1;1;1;0;0;0;0;0;0;0;0
343202;546;2024;Delantero;30;852;7;6.889319;2;0;19;10;229;5;3.63;10;0;3;300;150;19;30;31;16;5;6;0;0;0;0;0
351874;546;2024;Defensa;10;0;0;0.0;0;0;0;0;0;0;0.0;0;0;0;0;0;0;0;0;0;0;0;0;0;0;0;0
352859;546;2024;Defensa;3;0;0;0.0;0;0;0;0;0;0;0.0;0;0;0;0;0;0;0;0;0;0;0;0;0;0;0;0
364415;546;2024;Mediocentro;36;424;4;6.401651;0;0;0;0;131;0;2.67;14;2;1;51;22;6;14;7;1;5;5;0;0;0;0;0
403554;546;2024;Delantero;33;2501;30;6.954098;4;6;35;14;566;29;11.67;35;2;10;524;224;68;55;79;30;11;8;2;0;0;0;0
432080;546;2024;Portero;3;0;0;0.0;0;0;0;0;0;0;0.0;0;0;0;0;0;0;0;0;0;0;0;0;0;0;0;0
439617;546;2024;Defensa;11;77;0;6.379221;0;0;0;0;20;0;1.36;1;1;2;13;7;3;3;3;2;1;2;0;0;0;0;0
454491;546;2024;Portero;3;0;0;0.0;0;0;0;0;0;0;0.0;0;0;0;0;0;0;0;0;0;0;0;0;0;0;0;0
465838;546;2024;Mediocentro;11;79;0;6.55443;0;0;1;1;31;4;2.09;4;0;0;26;8;2;1;6;1;5;0;0;0;0;0;0
482071;546;2024;Portero;2;0;0;0.0;0;0;0;0;0;0;0.0;0;0;0;0;0;0;0;0;0;0;0;0;0;0;0;0
504998;546;2024;Delantero;2;0;0;0.0;0;0;0;0;0;0;0.0;0;0;0;0;0;0;0;0;0;0;0;0;0;0;0;0
83;547;2024;Mediocentro;30;1345;15;6.892491;2;0;28;14;355;23;9.73;8;1;2;120;49;16;17;56;23;5;2;0;0;0;0;0
150;547;2024;Mediocentro;15;941;10;6.96865;0;0;3;1;711;5;44.33;25;1;8;103;60;27;16;11;8;12;2;0;0;0;0;0
155;547;2024;Delantero;27;1357;17;6.632793;4;0;16;9;264;8;8.74;6;2;4;91;35;13;7;17;7;3;3;0;1;0;0;0
158;547;2024;Portero;38;3195;36;6.961972;0;0;0;0;1069;0;22.0;1;0;0;12;9;3;1;5;4;0;4;0;0;51;93;3
531;547;2024;Defensa;35;2779;31;7.045052;0;2;6;4;2437;19;62.86;49;9;31;179;97;16;19;26;15;17;2;0;0;0;0;0
547;547;2024;Mediocentro;32;1438;16;6.850834;2;2;10;5;436;18;11.41;29;3;10;118;52;8;22;13;6;13;5;0;0;0;0;0
1557;547;2024;Portero;17;45;0;6.9;0;0;0;0;22;0;0.94;0;0;0;1;1;1;0;0;0;0;0;0;0;2;1;0
1700;547;2024;Mediocentro;33;2041;24;6.892161;1;1;6;3;1358;22;37.61;31;6;11;176;75;14;21;42;26;19;1;0;0;0;0;0
2061;547;2024;Mediocentro;25;1734;21;7.020473;3;3;24;15;668;21;23.96;34;0;11;243;113;40;22;91;39;15;4;0;0;0;0;0
2182;547;2024;Mediocentro;28;1920;23;7.148177;2;5;23;10;729;33;21.25;19;1;15;159;70;28;14;34;14;12;1;0;0;0;0;0
2449;547;2024;Mediocentro;30;2265;27;7.026578;4;3;33;14;1017;16;28.57;66;8;30;399;202;68;71;38;19;27;10;1;0;0;0;0
2617;547;2024;Delantero;38;1068;6;6.888858;11;2;30;19;151;6;2.79;9;1;7;100;39;7;35;4;2;3;4;0;3;0;0;0
18949;547;2024;Mediocentro;30;1375;17;6.804873;0;0;3;1;876;8;26.53;36;8;13;145;71;18;28;7;4;12;5;0;0;0;0;0
47153;547;2024;Portero;34;0;0;0.0;0;0;0;0;0;0;0.0;0;0;0;0;0;0;0;0;0;0;0;1;0;0;0;0
47334;547;2024;Defensa;38;2429;27;6.943104;1;1;8;3;2025;4;49.24;33;12;15;145;83;15;12;8;6;12;4;0;0;0;0;0
47492;547;2024;Mediocentro;1;0;0;0.0;0;0;0;0;0;0;0.0;0;0;0;0;0;0;0;0;0;0;0;0;0;0;0;0
47511;547;2024;Defensa;38;739;8;6.966847;0;0;2;0;575;3;13.24;8;10;8;51;35;2;4;0;0;2;2;0;0;0;0;0
47520;547;2024;Delantero;30;791;6;6.665866;1;2;6;4;207;14;5.47;13;0;0;73;37;10;14;9;4;3;4;0;0;0;0;0
66407;547;2024;Defensa;34;2439;27;6.906642;2;0;14;5;2109;9;56.12;23;19;34;172;102;17;24;11;7;11;9;0;0;0;0;0
109564;547;2024;Delantero;30;881;12;6.744041;2;1;8;4;109;4;2.83;7;0;2;81;33;11;13;4;2;5;0;0;0;0;0;0
162032;547;2024;Defensa;30;2464;29;7.096307;1;5;21;9;1145;41;33.7;37;7;17;218;105;34;29;54;30;20;4;0;0;0;0;0
162434;547;2024;Defensa;36;1183;13;6.896534;0;0;1;0;690;4;16.33;36;8;17;115;63;14;20;13;7;12;2;0;0;0;0;0
281795;547;2024;Mediocentro;30;1415;15;6.993074;3;1;25;11;543;26;14.6;22;0;7;147;75;23;12;51;26;15;2;0;0;0;0;0
283668;547;2024;Defensa;37;2640;30;6.97053;2;2;16;6;1576;19;37.57;51;6;31;235;135;37;20;32;18;31;3;0;0;0;0;0
297304;547;2024;Delantero;2;0;0;0.0;0;0;0;0;0;0;0.0;0;0;0;0;0;0;0;0;0;0;0;0;0;0;0;0
306727;547;2024;Mediocentro;32;524;3;6.398664;1;0;2;1;291;2;8.25;13;1;4;62;26;6;9;10;4;8;3;0;0;0;0;0
313168;547;2024;Defensa;2;17;0;6.9;0;0;0;0;6;0;1.5;0;1;1;1;0;0;0;0;0;0;0;0;0;0;0;0
327628;547;2024;Mediocentro;3;0;0;0.0;0;0;0;0;0;0;0.0;0;0;0;0;0;0;0;0;0;0;0;0;0;0;0;0
333447;547;2024;Mediocentro;4;0;0;0.0;0;0;0;0;0;0;0.0;0;0;0;0;0;0;0;0;0;0;0;0;0;0;0;0
336674;547;2024;Mediocentro;28;260;1;6.808462;1;0;4;2;95;4;3.14;1;0;0;29;13;5;1;11;7;1;0;0;0;0;0;0
339105;547;2024;Mediocentro;1;0;0;0.0;0;0;0;0;0;0;0.0;0;0;0;0;0;0;0;0;0;0;0;0;0;0;0;0
389600;547;2024;Delantero;5;0;0;0.0;0;0;0;0;0;0;0.0;0;0;0;0;0;0;0;0;0;0;0;0;0;0;0;0
389602;547;2024;Delantero;2;46;0;6.913043;0;1;1;0;26;2;10.5;0;0;0;5;3;1;0;3;2;1;0;0;0;0;0;0
397941;547;2024;Delantero;5;20;0;5.67;0;0;0;0;10;0;1.8;1;0;0;6;2;1;0;2;0;0;0;0;0;0;0;0
402280;547;2024;Defensa;4;0;0;0.0;0;0;0;0;0;0;0.0;0;0;0;0;0;0;0;0;0;0;0;0;0;0;0;0
402281;547;2024;Mediocentro;11;163;2;6.752761;0;0;1;1;93;1;6.82;8;0;2;28;16;0;5;4;2;2;0;0;0;0;0;0
432476;547;2024;Portero;15;180;2;6.9;0;0;0;0;57;0;2.67;0;0;0;0;0;0;0;0;0;0;0;0;0;7;12;0
439700;547;2024;Mediocentro;2;0;0;0.0;0;0;0;0;0;0;0.0;0;0;0;0;0;0;0;0;0;0;0;0;0;0;0;0
442861;547;2024;Portero;1;0;0;0.0;0;0;0;0;0;0;0.0;0;0;0;0;0;0;0;0;0;0;0;0;0;0;0;0
455366;547;2024;Delantero;3;47;0;6.6;0;0;0;0;12;0;1.67;1;0;0;9;6;4;1;2;1;0;0;0;0;0;0;0
496425;547;2024;Portero;4;0;0;0.0;0;0;0;0;0;0;0.0;0;0;0;0;0;0;0;0;0;0;0;0;0;0;0;0
23;548;2024;Mediocentro;38;2744;31;7.219388;2;5;14;10;1152;57;25.68;74;3;19;246;132;16;29;48;22;25;4;0;0;0;0;0
737;548;2024;Defensa;19;41;0;6.407317;0;0;0;0;24;0;0.89;1;0;0;6;3;1;2;0;0;0;1;0;0;0;0;0
2202;548;2024;Defensa;17;706;9;6.901841;0;1;0;0;374;3;19.24;19;2;9;68;36;3;12;10;5;6;2;0;0;0;0;0
7332;548;2024;Mediocentro;32;1810;21;7.044696;1;1;25;11;856;25;22.66;25;2;15;184;91;15;11;50;25;16;4;0;0;0;0;0
21694;548;2024;Defensa;24;1763;21;7.191662;0;0;13;5;1377;6;50.38;30;15;14;168;115;19;11;7;5;6;5;0;0;0;0;0
31406;548;2024;Delantero;18;224;2;6.511607;0;0;2;0;45;1;1.39;2;1;1;47;17;1;8;9;5;1;1;0;0;0;0;0
32862;548;2024;Mediocentro;37;2388;27;7.148283;5;0;27;14;862;45;17.92;28;1;17;361;185;73;21;138;73;23;5;0;0;0;0;0
37938;548;2024;Delantero;26;994;11;6.917807;2;1;18;13;244;8;7.23;3;0;1;61;28;15;8;6;3;2;1;1;0;0;0;0
47269;548;2024;Portero;38;3247;36;6.982507;0;0;0;0;1177;1;22.29;1;0;0;13;12;6;0;0;0;1;0;0;0;43;88;1
47298;548;2024;Defensa;30;1470;16;6.794694;0;0;3;0;877;4;25.27;20;12;12;134;70;18;25;7;3;7;2;1;0;0;0;0
47303;548;2024;Defensa;35;1111;13;6.742484;0;0;4;0;459;3;10.17;24;6;14;119;65;12;15;11;7;14;5;0;0;0;0;0
47314;548;2024;Defensa;29;2280;27;6.869912;0;0;10;4;1475;4;44.21;34;18;31;246;117;11;38;6;6;12;6;1;0;0;0;0
47315;548;2024;Mediocentro;36;2969;33;7.046918;2;1;18;8;1754;19;41.17;74;16;44;284;165;19;44;29;19;17;6;0;0;0;0;0
47317;548;2024;Mediocentro;33;1258;14;6.681797;1;3;18;8;461;16;10.82;26;0;11;199;72;13;33;66;26;16;6;0;0;0;0;0
47323;548;2024;Delantero;37;2269;28;6.92186;9;3;35;18;491;15;9.81;25;1;4;228;89;22;14;18;9;13;4;1;4;0;0;0
47440;548;2024;Mediocentro;32;1548;19;6.812209;3;2;22;9;745;23;19.19;24;1;7;244;100;45;41;44;13;15;4;0;0;0;0;0
61774;548;2024;Delantero;25;949;9;6.5804;3;0;17;7;185;5;4.12;6;1;2;128;45;6;7;7;2;6;1;0;0;0;0;0
182546;548;2024;Defensa;29;851;9;6.745946;0;0;0;0;491;1;14.14;15;6;9;77;39;5;18;2;1;2;3;0;0;0;0;0
182603;548;2024;Mediocentro;38;852;7;6.780282;1;1;8;2;394;6;8.18;21;2;15;101;43;7;15;11;3;10;2;0;0;0;0;0
182636;548;2024;Defensa;36;1939;21;6.607478;0;0;5;1;745;5;17.28;40;7;10;191;91;27;30;33;15;14;4;0;0;0;0;0
183699;548;2024;Mediocentro;10;45;1;6.2;0;0;0;0;16;0;1.0;0;1;0;5;0;0;1;0;0;0;1;0;0;0;0;0
183744;548;2024;Mediocentro;34;947;11;6.802006;0;0;6;2;431;3;11.68;15;3;5;120;61;23;13;20;13;11;4;0;0;0;0;0
189831;548;2024;Portero;6;0;0;0.0;0;0;0;0;0;0;0.0;0;0;0;0;0;0;0;0;0;0;0;0;0;0;0;0
189832;548;2024;Portero;38;180;2;7.7;0;0;0;0;45;0;0.92;0;0;0;0;0;0;0;0;0;0;0;0;0;3;9;1
199044;548;2024;Defensa;37;2478;28;6.895198;1;1;8;3;1199;15;26.22;100;8;29;344;190;42;50;34;8;34;8;0;0;0;0;0
268960;548;2024;Mediocentro;7;71;1;7.494366;1;0;4;2;32;1;3.86;1;1;1;3;2;0;1;1;1;0;0;0;0;0;0;0
287652;548;2024;Mediocentro;16;10;0;6.57;0;0;0;0;13;1;0.44;1;0;0;6;5;1;1;0;0;0;0;0;0;0;0;0
288384;548;2024;Mediocentro;1;0;0;0.0;0;0;0;0;0;0;0.0;0;0;0;0;0;0;0;0;0;0;0;0;0;0;0;0
290106;548;2024;Mediocentro;34;1271;14;6.791503;1;2;14;7;451;14;10.88;25;3;5;161;79;16;19;31;20;9;3;0;0;0;0;0
296757;548;2024;Defensa;1;0;0;0.0;0;0;0;0;0;0;0.0;0;0;0;0;0;0;0;0;0;0;0;0;0;0;0;0
337843;548;2024;Portero;11;0;0;0.0;0;0;0;0;0;0;0.0;0;0;0;0;0;0;0;0;0;0;0;0;0;0;0;0
349063;548;2024;Defensa;6;12;0;6.9;0;0;0;0;5;0;0.83;1;0;0;2;2;0;0;0;0;0;0;0;0;0;0;0
381599;548;2024;Defensa;1;0;0;0.0;0;0;0;0;0;0;0.0;0;0;0;0;0;0;0;0;0;0;0;0;0;0;0;0
402168;548;2024;Delantero;14;251;1;6.631873;2;0;7;5;63;2;3.29;1;1;1;36;9;1;13;5;3;4;1;0;0;0;0;0
405073;548;2024;Defensa;37;900;6;7.051889;0;1;8;2;539;4;12.62;11;9;7;96;64;0;20;0;0;3;2;0;0;0;0;0
412738;548;2024;Delantero;2;9;0;6.3;0;0;0;0;3;0;0.5;1;0;0;4;2;0;1;1;0;0;0;0;0;0;0;0
449063;548;2024;Delantero;3;0;0;0.0;0;0;0;0;0;0;0.0;0;0;0;0;0;0;0;0;0;0;0;0;0;0;0;0
719;720;2024;Mediocentro;14;622;7;6.796463;0;0;4;2;343;8;20.71;11;2;4;64;38;12;6;12;10;8;1;0;0;0;0;0
740;720;2024;Defensa;26;2031;25;6.765977;2;0;10;5;1150;6;38.81;26;28;22;120;65;3;19;2;2;8;6;0;0;0;0;0
1926;720;2024;Defensa;9;582;6;6.354124;0;0;0;0;380;0;37.56;5;4;6;31;17;2;4;1;1;1;0;0;0;0;0;0
2459;720;2024;Delantero;30;643;7;6.545723;0;1;8;2;192;8;4.63;5;0;5;59;30;14;4;17;5;7;0;0;0;0;0;0
2717;720;2024;Mediocentro;28;1728;21;6.774595;2;0;10;6;458;8;13.82;38;8;18;218;116;48;30;18;7;13;7;0;0;0;0;0
8518;720;2024;Delantero;35;1602;17;6.761923;5;1;18;7;265;13;4.91;9;0;3;195;88;32;16;13;5;7;5;0;4;0;0;0
8587;720;2024;Mediocentro;31;1384;18;6.885549;3;1;19;8;369;13;9.9;31;2;14;206;101;28;32;63;37;8;6;0;1;0;0;0
10561;720;2024;Defensa;7;354;4;6.272881;0;0;1;0;175;2;21.57;6;0;3;35;19;9;5;6;3;3;0;0;0;0;0;0
14341;720;2024;Mediocentro;34;1746;19;6.628007;0;0;6;2;753;4;18.82;47;11;23;218;113;9;38;10;6;28;7;1;0;0;0;0
18902;720;2024;Mediocentro;9;14;0;5.4;0;0;1;0;2;0;0.11;0;0;0;2;0;0;0;1;0;0;0;0;0;0;0;0
28373;720;2024;Mediocentro;17;855;9;6.667719;0;0;2;1;311;2;16.71;18;4;11;89;48;9;18;7;6;5;2;0;0;0;0;0
30770;720;2024;Defensa;16;910;12;6.408242;0;0;1;0;356;6;17.94;9;6;5;59;25;7;5;15;6;7;1;0;0;0;0;0
41320;720;2024;Portero;33;540;6;6.533333;0;0;0;0;169;0;3.42;0;0;0;1;0;0;0;0;0;0;0;0;0;20;20;0
46919;720;2024;Mediocentro;8;0;0;0.0;0;0;0;0;0;0;0.0;0;0;0;0;0;0;0;0;0;0;0;0;0;0;0;0
46979;720;2024;Mediocentro;38;1412;11;6.964589;2;1;11;6;455;24;10.08;37;3;14;196;124;48;15;38;28;15;4;0;0;0;0;0
47078;720;2024;Defensa;34;2558;28;6.752228;0;0;5;2;881;27;20.85;41;9;28;165;93;25;12;18;12;16;2;0;0;0;0;0
48372;720;2024;Defensa;32;1789;21;6.500335;0;0;7;1;918;0;25.28;28;15;21;116;67;16;18;4;4;10;6;0;0;0;0;0
56283;720;2024;Defensa;21;1890;21;6.671429;0;1;5;3;643;13;24.43;55;9;28;192;106;19;35;30;14;16;6;0;0;0;0;0
72048;720;2024;Defensa;28;756;8;6.765608;0;0;2;0;391;1;11.82;9;6;18;51;22;1;5;0;0;10;1;0;0;0;0;0
104793;720;2024;Delantero;31;392;5;6.787245;0;1;5;1;99;6;2.55;2;1;2;44;15;7;4;14;5;7;0;0;0;0;0;0
107153;720;2024;Mediocentro;20;1198;14;6.801753;2;0;14;5;522;17;21.45;37;4;7;160;78;21;32;20;8;10;6;0;0;0;0;0
122233;720;2024;Delantero;35;1208;14;6.680712;1;2;17;2;205;10;3.91;10;2;3;205;102;28;12;36;18;8;5;0;0;0;0;0
162028;720;2024;Delantero;31;1402;14;6.83174;3;0;29;13;254;13;4.94;4;1;0;255;135;36;40;15;8;4;6;1;0;0;0;0
169295;720;2024;Portero;33;2790;31;6.883871;0;0;0;0;1029;0;21.88;0;0;1;11;9;2;0;0;0;2;0;0;0;68;96;0
181463;720;2024;Mediocentro;18;417;2;6.532134;0;0;3;0;185;1;8.11;10;0;3;55;26;5;8;5;1;8;1;0;0;0;0;0
199042;720;2024;Mediocentro;9;63;0;6.4;0;1;0;0;39;1;3.44;0;0;2;7;2;0;2;1;1;2;0;0;0;0;0;0
264470;720;2024;Mediocentro;33;2346;26;6.856948;4;5;30;16;610;44;13.45;22;0;10;218;101;16;4;126;56;18;2;0;0;0;0;0
279822;720;2024;Defensa;3;270;3;7.0;0;0;2;0;189;0;57.67;6;3;1;18;10;0;3;1;1;0;0;0;0;0;0;0
292219;720;2024;Delantero;1;0;0;0.0;0;0;0;0;0;0;0.0;0;0;0;0;0;0;0;0;0;0;0;0;0;0;0;0
298064;720;2024;Defensa;33;1386;15;6.583405;0;0;1;1;698;1;17.58;14;17;11;80;39;3;13;3;2;4;5;0;0;0;0;0
309917;720;2024;Portero;1;0;0;0.0;0;0;0;0;0;0;0.0;0;0;0;0;0;0;0;0;0;0;0;0;0;0;0;0
329725;720;2024;Portero;10;90;1;6.0;0;0;0;0;38;0;2.8;0;0;0;0;0;0;0;0;0;0;0;0;0;2;0;0
331004;720;2024;Mediocentro;31;731;9;6.528728;2;0;14;7;137;8;3.29;8;1;0;53;24;10;3;9;4;7;1;0;0;0;0;0
332304;720;2024;Defensa;23;129;1;6.2;0;0;0;0;40;1;1.13;4;0;2;13;5;0;3;2;0;2;0;0;0;0;0;0
333376;720;2024;Mediocentro;1;0;0;0.0;0;0;0;0;0;0;0.0;0;0;0;0;0;0;0;0;0;0;0;0;0;0;0;0
343205;720;2024;Mediocentro;33;1761;20;6.715559;0;1;19;13;788;12;20.42;61;7;21;303;155;44;50;35;19;28;8;3;0;0;0;0
361386;720;2024;Defensa;9;0;0;0.0;0;0;0;0;0;0;0.0;0;0;0;0;0;0;0;0;0;0;0;0;0;0;0;0
387519;720;2024;Delantero;2;45;1;6.3;0;0;0;0;8;0;1.5;0;0;0;4;2;1;0;1;0;0;0;0;0;0;0;0
431921;720;2024;Defensa;15;874;10;6.702632;0;0;3;1;264;6;12.53;28;8;10;140;76;17;14;36;20;20;2;0;0;0;0;0
439614;720;2024;Defensa;5;72;1;6.7;0;0;0;0;36;1;5.4;0;0;0;1;1;1;0;0;0;0;0;0;0;0;0;0
440339;720;2024;Delantero;14;53;0;6.249057;0;0;2;0;10;0;0.64;1;0;0;6;4;2;0;1;0;0;0;0;0;0;0;0
449509;720;2024;Defensa;15;873;10;6.900916;0;0;3;1;405;1;22.0;10;8;12;74;48;6;6;4;3;2;1;0;0;0;0;0
506254;720;2024;Mediocentro;3;159;1;6.979245;0;0;1;0;84;0;23.67;12;1;1;28;21;5;2;1;1;2;0;0;0;0;0;0
1825;727;2024;Mediocentro;36;2970;35;6.936229;3;0;22;7;1353;10;28.53;77;9;46;468;276;37;75;9;6;28;10;0;0;0;0;0
46646;727;2024;Portero;37;3337;37;7.259934;0;0;0;0;1102;0;19.78;2;0;0;19;13;4;1;1;1;4;5;0;0;52;132;0
46652;727;2024;Defensa;37;75;1;6.117333;0;0;0;0;38;0;0.97;0;0;0;12;4;3;3;0;0;0;0;0;0;0;0;0
46657;727;2024;Defensa;19;141;1;6.169504;0;0;0;0;35;0;1.42;2;0;0;16;8;1;2;2;2;3;0;0;0;0;0;0
46658;727;2024;Mediocentro;36;2438;30;7.177646;5;5;16;10;1063;50;23.53;51;3;15;267;121;31;36;31;12;34;2;0;0;0;0;0
46660;727;2024;Mediocentro;15;11;0;6.5;0;0;0;0;9;0;0.6;0;0;0;0;0;0;0;0;0;0;0;0;0;0;0;0
46662;727;2024;Mediocentro;33;2112;26;6.921023;0;0;17;9;874;34;21.21;69;3;11;191;98;9;34;11;4;28;8;0;0;0;0;0
46667;727;2024;Delantero;26;348;3;6.775862;0;1;3;1;71;10;2.19;5;0;3;51;21;4;9;14;7;2;3;0;0;0;0;0
46746;727;2024;Delantero;38;2974;34;7.219032;21;4;79;37;414;16;6.24;20;4;1;455;200;35;47;40;10;10;4;0;8;0;0;0
46967;727;2024;Defensa;37;1514;19;6.663804;0;0;4;0;518;2;11.54;25;4;8;77;37;2;16;3;1;9;4;0;0;0;0;0
47391;727;2024;Defensa;36;810;7;6.608889;0;0;9;3;230;13;4.25;12;0;7;110;37;7;12;26;11;19;1;0;0;0;0;0
47419;727;2024;Delantero;33;178;1;6.35;0;0;3;3;58;3;1.42;7;0;5;27;14;5;0;3;1;3;0;0;0;0;0;0
47448;727;2024;Portero;38;90;1;8.5;0;0;0;0;41;0;0.66;0;0;0;0;0;0;0;0;0;0;0;0;0;0;5;0
47533;727;2024;Defensa;36;3083;35;7.078073;1;3;17;5;1509;10;35.31;47;25;35;225;135;14;36;10;8;17;11;0;0;0;0;0
47574;727;2024;Mediocentro;36;818;6;6.718582;0;0;1;1;465;11;10.72;13;2;7;87;40;6;14;25;14;4;1;0;0;0;0;0
67939;727;2024;Mediocentro;37;2987;35;6.995146;5;4;30;16;1085;41;24.62;35;2;22;344;167;64;28;92;50;31;8;0;1;0;0;0
139001;727;2024;Mediocentro;38;1307;13;6.71974;1;1;16;5;489;6;9.89;21;7;18;185;82;29;28;23;13;26;4;0;0;0;0;0
146751;727;2024;Delantero;34;771;5;6.72179;4;0;20;12;159;3;3.38;13;0;1;115;56;12;11;19;11;5;1;0;0;0;0;0
181259;727;2024;Defensa;38;2082;20;6.798703;2;0;10;4;775;16;15.55;60;4;19;227;130;32;25;31;18;24;3;0;0;0;0;0
182181;727;2024;Defensa;37;3095;35;6.758772;0;3;6;0;1042;30;22.76;54;4;8;252;125;20;31;56;24;17;9;0;0;0;0;0
182592;727;2024;Defensa;38;1389;15;6.831389;1;0;10;3;721;0;16.34;16;14;13;90;48;2;25;1;1;6;3;0;0;0;0;0
182621;727;2024;Mediocentro;28;618;4;6.624595;0;1;7;0;294;6;8.43;5;2;5;66;30;14;12;4;2;6;2;0;0;0;0;0
182657;727;2024;Portero;15;0;0;0.0;0;0;0;0;0;0;0.0;0;0;0;0;0;0;0;0;0;0;0;0;0;0;0;0
279822;727;2024;Defensa;34;2995;33;6.912721;2;0;9;3;1380;4;35.32;69;19;42;216;115;8;42;14;9;9;5;0;0;0;0;0
286639;727;2024;Delantero;28;1856;22;7.007489;1;6;32;13;434;36;11.21;13;0;4;238;111;39;19;126;57;14;4;0;0;0;0;0
288800;727;2024;Delantero;16;35;0;6.3;0;0;0;0;11;1;0.56;0;0;1;5;1;1;1;1;0;1;0;0;0;0;0;0
330443;727;2024;Defensa;1;0;0;0.0;0;0;0;0;0;0;0.0;0;0;0;0;0;0;0;0;0;0;0;0;0;0;0;0
338872;727;2024;Mediocentro;1;0;0;0.0;0;0;0;0;0;0;0.0;0;0;0;0;0;0;0;0;0;0;0;0;0;0;0;0
348029;727;2024;Portero;8;0;0;0.0;0;0;0;0;0;0;0.0;0;0;0;0;0;0;0;0;0;0;0;0;0;0;0;0
381197;727;2024;Mediocentro;4;0;0;0.0;0;0;0;0;0;0;0.0;0;0;0;0;0;0;0;0;0;0;0;0;0;0;0;0
400901;727;2024;Portero;1;0;0;0.0;0;0;0;0;0;0;0.0;0;0;0;0;0;0;0;0;0;0;0;0;0;0;0;0
405719;727;2024;Delantero;3;0;0;0.0;0;0;0;0;0;0;0.0;0;0;0;0;0;0;0;0;0;0;0;0;0;0;0;0
421044;727;2024;Delantero;2;0;0;0.0;0;0;0;0;0;0;0.0;0;0;0;0;0;0;0;0;0;0;0;0;0;0;0;0
429554;727;2024;Delantero;1;0;0;0.0;0;0;0;0;0;0;0.0;0;0;0;0;0;0;0;0;0;0;0;0;0;0;0;0
52;728;2024;Delantero;25;1138;14;6.960984;3;2;23;9;254;19;8.16;10;1;4;114;44;10;11;22;13;2;2;0;0;0;0;0
517;728;2024;Mediocentro;11;143;1;6.944755;0;0;2;2;83;2;6.73;3;0;1;20;11;1;2;7;5;2;1;0;0;0;0;0
1703;728;2024;Defensa;36;3074;34;6.980026;2;3;20;8;1379;36;32.25;73;5;26;386;191;21;24;143;77;27;5;0;0;0;0;0
11379;728;2024;Portero;35;2887;32;7.132352;0;0;0;0;1044;1;18.8;5;0;0;31;28;6;1;6;6;2;6;0;0;39;95;2
15900;728;2024;Defensa;24;2020;24;6.983911;2;1;10;4;1077;1;37.46;37;29;23;150;84;12;22;8;4;11;6;1;0;0;0;0
18895;728;2024;Defensa;37;3333;37;7.120342;2;3;44;17;2047;15;46.46;47;32;41;292;160;19;50;5;4;20;8;0;0;0;0;0
20520;728;2024;Defensa;38;1225;12;6.812327;0;0;0;0;466;7;9.47;17;4;13;109;49;15;19;4;3;12;3;0;0;0;0;0
41552;728;2024;Mediocentro;36;2159;25;6.90176;4;1;16;6;1163;16;27.67;47;10;37;255;134;25;45;23;14;20;12;0;0;0;0;0
46654;728;2024;Defensa;37;1030;11;7.074369;0;0;8;2;527;2;12.54;13;8;6;94;66;10;5;5;3;2;1;0;0;0;0;0
46759;728;2024;Defensa;29;848;9;6.84658;0;1;8;2;388;5;10.28;41;6;12;139;75;15;18;11;5;20;4;0;0;0;0;0
46803;728;2024;Mediocentro;3;0;0;0.0;0;0;0;0;0;0;0.0;0;0;0;0;0;0;0;0;0;0;0;0;0;0;0;0
46887;728;2024;Mediocentro;38;1220;12;6.962295;3;0;22;8;517;26;11.47;23;0;7;113;53;6;7;32;19;26;2;0;0;0;0;0
47109;728;2024;Mediocentro;37;1851;18;6.757969;0;0;2;1;825;13;18.54;55;8;22;268;125;31;57;9;5;41;5;0;0;0;0;0
47285;728;2024;Mediocentro;33;1732;23;6.896998;3;1;19;11;1185;19;30.91;31;6;20;155;77;21;18;20;16;19;9;1;0;0;0;0
47414;728;2024;Mediocentro;37;851;7;6.730435;0;1;11;5;376;17;8.16;17;4;5;101;46;11;21;3;1;7;4;0;0;0;0;0
47495;728;2024;Delantero;34;381;1;6.495276;0;0;11;3;80;5;1.65;5;0;1;47;18;7;9;2;0;1;1;0;0;0;0;0
47529;728;2024;Portero;1;0;0;0.0;0;0;0;0;0;0;0.0;0;0;0;0;0;0;0;0;0;0;0;0;0;0;0;0
47543;728;2024;Mediocentro;36;2572;28;7.10276;4;5;55;26;721;49;14.28;34;0;33;158;73;19;18;25;10;20;4;0;0;0;0;0
47551;728;2024;Delantero;20;29;0;6.548276;0;0;0;0;6;0;0.25;2;0;0;7;4;2;1;1;0;0;0;0;0;0;0;0
47554;728;2024;Mediocentro;38;1633;18;6.730925;1;1;27;12;468;20;9.13;42;1;13;234;98;21;25;52;22;27;4;0;0;0;0;0
47557;728;2024;Mediocentro;38;526;6;6.577567;1;0;5;2;295;9;6.71;8;0;4;100;32;12;17;20;7;7;1;0;0;0;0;0
122657;728;2024;Delantero;33;1152;16;6.670139;3;0;14;8;217;9;4.36;16;2;4;196;77;15;39;13;6;6;6;0;0;0;0;0
128582;728;2024;Mediocentro;36;2512;30;6.768591;6;3;41;19;580;32;11.89;38;0;18;314;117;33;41;94;31;33;3;1;0;0;0;0
131546;728;2024;Mediocentro;35;2189;25;7.088397;4;4;40;18;889;48;21.17;22;3;8;297;117;53;39;57;23;26;5;0;0;0;0;0
156488;728;2024;Portero;38;540;6;6.8;0;0;0;0;157;0;1.92;0;0;0;1;1;1;0;0;0;0;0;0;0;6;14;0
181734;728;2024;Defensa;36;2596;28;6.934977;0;1;8;3;1214;24;27.72;48;9;29;204;105;25;31;29;10;15;3;0;0;0;0;0
285505;728;2024;Portero;7;0;0;0.0;0;0;0;0;0;0;0.0;0;0;0;0;0;0;0;0;0;0;0;0;0;0;0;0
303115;728;2024;Delantero;10;51;0;6.335294;0;0;0;0;5;0;0.1;0;0;0;11;6;0;0;2;0;1;0;0;0;0;0;0
333292;728;2024;Defensa;25;104;1;6.859615;0;0;0;0;28;0;0.96;0;0;2;9;3;0;2;0;0;0;1;0;0;0;0;0
333378;728;2024;Mediocentro;1;0;0;0.0;0;0;0;0;0;0;0.0;0;0;0;0;0;0;0;0;0;0;0;0;0;0;0;0
469405;728;2024;Defensa;1;0;0;0.0;0;0;0;0;0;0;0.0;0;0;0;0;0;0;0;0;0;0;0;0;0;0;0;0
478243;728;2024;Defensa;18;0;0;0.0;0;0;0;0;0;0;0.0;0;0;0;0;0;0;0;0;0;0;0;0;0;0;0;0
414;798;2024;Mediocentro;37;2009;21;6.87785;1;0;6;2;951;3;21.84;27;21;51;182;93;13;30;15;10;21;5;1;0;0;0;0
920;798;2024;Defensa;30;650;7;6.746615;0;0;0;0;235;7;6.1;16;4;6;55;26;3;12;4;0;4;1;1;0;0;0;0
1701;798;2024;Mediocentro;25;1339;15;6.949141;0;0;7;1;692;10;24.84;45;8;23;129;71;13;15;8;3;12;7;0;0;0;0;0
2001;798;2024;Delantero;36;1779;21;6.780214;7;2;31;15;308;8;5.89;12;3;1;313;114;31;32;29;8;6;4;0;1;0;0;0
25375;798;2024;Mediocentro;23;1067;13;6.707591;2;1;23;8;199;6;6.39;13;0;6;104;40;15;5;23;6;5;0;0;0;0;0;0
26302;798;2024;Defensa;32;2373;28;7.042309;0;2;5;1;718;29;17.0;60;11;25;278;159;37;23;74;41;12;7;0;0;0;0;0
37639;798;2024;Defensa;15;101;1;6.834653;0;0;1;0;63;1;3.8;1;0;2;10;4;0;2;2;1;0;0;0;0;0;0;0
46733;798;2024;Defensa;36;3209;36;7.142194;2;0;28;8;1766;13;43.67;29;38;28;315;170;9;50;3;2;6;7;1;0;0;0;0
46738;798;2024;Defensa;37;2765;31;6.980796;3;0;9;5;1328;4;31.16;30;21;17;166;97;13;15;6;5;11;4;0;0;0;0;0
46742;798;2024;Mediocentro;37;2175;26;6.980828;4;7;22;10;593;33;12.41;49;3;12;286;133;40;51;30;16;12;5;0;0;0;0;0
46751;798;2024;Delantero;32;466;3;6.579185;2;0;12;6;88;3;1.84;2;1;1;94;40;19;6;3;1;1;4;0;1;0;0;0
47336;798;2024;Mediocentro;38;2770;34;7.115199;2;6;27;9;1116;55;23.87;40;1;16;244;124;37;21;63;34;29;4;0;0;0;0;0
47399;798;2024;Portero;28;0;0;0.0;0;0;0;0;0;0;0.0;0;0;0;0;0;0;0;0;0;0;0;0;0;0;0;0
47514;798;2024;Defensa;30;333;1;6.513213;2;0;3;3;95;1;2.87;8;1;0;28;11;1;3;6;1;2;1;0;0;0;0;0
50048;798;2024;Delantero;29;2066;24;7.000823;7;2;50;19;475;26;10.17;7;1;7;355;192;41;29;23;9;4;1;2;2;0;0;0
61142;798;2024;Portero;38;2790;31;7.090323;0;0;0;0;913;0;16.08;0;0;0;14;12;3;0;2;2;0;1;0;0;34;85;0
64268;798;2024;Defensa;37;2753;30;6.829132;1;2;12;3;1183;40;24.95;37;5;29;233;103;24;18;80;33;21;5;0;0;0;0;0
84086;798;2024;Mediocentro;25;1286;15;6.919362;1;0;14;6;433;13;13.88;30;0;20;179;91;21;14;57;35;9;3;0;0;0;0;0
107194;798;2024;Mediocentro;36;1401;12;6.665096;0;0;11;2;475;5;10.06;28;2;18;131;59;11;23;22;14;21;3;0;0;0;0;0
108519;798;2024;Defensa;34;763;8;6.734338;0;0;1;1;316;4;7.62;22;0;18;96;49;10;17;15;9;10;1;0;0;0;0;0
179139;798;2024;Portero;38;630;7;7.814286;0;0;0;0;222;0;3.13;0;0;0;2;2;1;0;1;1;0;0;0;0;10;40;0
181582;798;2024;Defensa;34;1537;16;6.934938;0;0;5;2;755;0;18.68;30;16;17;118;73;13;27;4;4;1;6;0;0;0;0;0
190485;798;2024;Mediocentro;32;2654;31;6.982931;0;2;22;8;1413;15;36.06;89;15;32;425;233;63;62;28;11;42;10;1;0;0;0;0
195962;798;2024;Delantero;31;160;1;6.4375;0;0;4;2;23;3;0.58;1;0;1;46;14;8;6;12;5;7;2;0;0;0;0;0
237252;798;2024;Portero;3;0;0;0.0;0;0;0;0;0;0;0.0;0;0;0;0;0;0;0;0;0;0;0;0;0;0;0;0
293604;798;2024;Mediocentro;9;58;1;6.7;0;0;0;0;20;1;2.11;0;0;0;4;2;1;0;0;0;0;0;0;0;0;0;0
297646;798;2024;Mediocentro;21;23;0;6.586957;0;0;0;0;9;0;0.33;0;0;0;3;2;1;0;2;1;0;0;0;0;0;0;0
335697;798;2024;Defensa;17;170;2;7.017647;0;0;0;0;52;0;2.53;3;2;1;10;5;0;0;0;0;0;0;0;0;0;0;0
343001;798;2024;Defensa;1;0;0;0.0;0;0;0;0;0;0;0.0;0;0;0;0;0;0;0;0;0;0;0;0;0;0;0;0
411424;798;2024;Mediocentro;15;44;0;6.618182;0;0;0;0;25;0;1.33;3;0;0;7;7;3;0;0;0;0;0;0;0;0;0;0
482473;798;2024;Delantero;22;305;3;6.582951;0;0;5;2;46;5;1.5;4;0;0;34;15;1;5;2;1;4;0;0;0;0;0;0
126;529;2025;Portero;2;0;0;0.0;0;0;0;0;0;0;0.0;0;0;0;0;0;0;0;0;0;0;0;0;0;0;0;0
127;529;2025;Portero;4;0;0;0.0;0;0;0;0;0;0;0.0;0;0;0;0;0;0;0;0;0;0;0;0;0;0;0;0
521;529;2025;Delantero;18;813;8;6.806888;9;1;30;21;155;7;6.56;3;0;2;73;28;11;9;11;6;5;2;0;1;0;0;0
538;529;2025;Mediocentro;16;1226;13;7.319331;0;3;4;1;1110;21;65.25;34;4;15;98;64;21;8;5;3;7;5;1;0;0;0;0
619;529;2025;Defensa;21;1652;19;6.942494;1;1;13;5;1333;22;57.62;45;6;29;160;89;14;24;6;2;14;2;0;0;0;0;0
851;529;2025;Portero;18;540;6;7.183333;0;0;0;0;185;0;8.44;0;0;0;0;0;0;0;0;0;0;0;0;0;11;17;1
855;529;2025;Defensa;2;88;1;6.9;0;0;0;0;47;1;20.5;3;0;1;11;5;1;1;4;1;2;0;0;0;0;0;0
909;529;2025;Mediocentro;20;1138;12;6.79754;3;6;33;19;490;30;20.55;7;1;1;110;43;15;5;59;18;3;2;0;0;0;0;0
931;529;2025;Delantero;19;1220;15;7.01041;11;1;35;23;265;17;10.37;4;1;3;75;32;9;7;14;4;3;2;0;0;0;0;0
1257;529;2025;Defensa;21;1467;15;6.939809;1;1;6;3;1133;10;48.57;32;9;15;169;98;22;15;23;14;14;3;0;0;0;0;0
1323;529;2025;Mediocentro;16;1000;10;7.325;6;3;32;15;606;27;31.94;22;0;6;108;61;23;12;19;4;4;0;0;0;0;0;0
1496;529;2025;Mediocentro;14;828;11;7.600121;8;3;28;11;398;28;23.43;7;0;0;63;25;7;7;21;9;6;2;0;1;0;0;0
2282;529;2025;Defensa;15;407;3;6.830713;0;0;0;0;326;1;20.8;5;3;2;33;21;4;4;0;0;2;1;0;0;0;0;0
101814;529;2025;Defensa;15;652;7;6.970399;2;0;6;4;472;1;29.27;10;4;8;64;34;1;14;0;0;0;2;0;0;0;0;0
133609;529;2025;Mediocentro;16;1218;14;7.664614;2;5;13;9;1219;38;69.44;28;1;14;135;84;26;8;29;24;19;2;1;0;0;0;0
161928;529;2025;Defensa;17;1222;15;6.767021;0;2;7;1;724;17;38.88;27;7;5;109;69;18;10;27;16;4;2;0;0;0;0;0
181701;529;2025;Defensa;19;1044;13;7.150192;0;0;1;0;911;10;43.05;25;4;13;83;57;7;6;7;4;6;4;0;0;0;0;0
182718;529;2025;Portero;15;1350;15;7.38;0;0;0;0;414;0;24.67;2;0;1;14;13;4;0;1;1;0;1;0;0;11;39;0
296667;529;2025;Mediocentro;2;66;0;7.063636;0;1;0;0;67;3;31.5;2;0;0;10;4;1;2;1;0;2;0;0;0;0;0;0
329728;529;2025;Mediocentro;21;634;7;6.673186;0;1;1;0;594;9;25.81;8;2;5;55;25;10;17;4;2;7;0;0;0;0;0;0
338958;529;2025;Mediocentro;18;279;3;6.93405;1;1;12;9;135;8;6.5;2;0;0;33;17;1;1;25;14;0;0;0;0;0;0;0
340626;529;2025;Mediocentro;16;812;8;7.261576;4;4;26;13;402;17;21.56;18;0;3;111;52;9;14;33;19;11;2;0;0;0;0;0
383647;529;2025;Portero;15;0;0;0.0;0;0;0;0;0;0;0.0;0;0;0;0;0;0;0;0;0;0;0;0;0;0;0;0
386828;529;2025;Mediocentro;17;1430;16;7.897552;8;8;53;24;844;45;40.41;24;0;6;282;153;35;15;168;94;7;0;0;2;0;0;0
396623;529;2025;Defensa;21;1476;17;7.15393;0;0;3;0;1431;4;64.62;25;8;17;109;71;4;13;1;1;8;1;0;0;0;0;0
433396;529;2025;Mediocentro;18;138;1;6.561594;0;1;0;0;142;1;7.33;4;0;0;21;9;1;3;1;1;3;1;0;0;0;0;0
441232;529;2025;Mediocentro;1;0;0;0.0;0;0;0;0;0;0;0.0;0;0;0;0;0;0;0;0;0;0;0;0;0;0;0;0
445973;529;2025;Delantero;11;45;1;6.5;0;0;0;0;9;1;0.64;0;0;0;0;0;0;0;0;0;0;0;0;0;0;0;0
491086;529;2025;Mediocentro;7;0;0;0.0;0;0;0;0;0;0;0.0;0;0;0;0;0;0;0;0;0;0;0;0;0;0;0;0
491087;529;2025;Mediocentro;17;90;1;6.474444;0;0;0;0;47;2;2.35;1;0;0;13;8;1;1;4;4;1;0;0;0;0;0;0
491250;529;2025;Defensa;14;47;0;6.529787;0;0;0;0;34;0;2.14;2;0;0;8;3;0;0;1;0;0;0;0;0;0;0;0
543468;529;2025;Portero;9;0;0;0.0;0;0;0;0;0;0;0.0;0;0;0;0;0;0;0;0;0;0;0;0;0;0;0;0
568001;529;2025;Defensa;4;0;0;0.0;0;0;0;0;0;0;0.0;0;0;0;0;0;0;0;0;0;0;0;0;0;0;0;0
579244;529;2025;Mediocentro;2;0;0;0.0;0;0;0;0;0;0;0.0;0;0;0;0;0;0;0;0;0;0;0;0;0;0;0;0
29;530;2025;Portero;20;1800;20;7.095;0;0;0;0;605;0;22.25;0;0;0;8;5;3;0;0;0;2;0;0;0;17;40;0
31;530;2025;Defensa;10;633;7;7.080569;0;0;6;0;408;0;36.4;10;5;9;73;35;6;11;1;0;5;3;0;0;0;0;0
50;530;2025;Mediocentro;21;1313;14;7.294212;2;2;5;3;1075;15;47.57;30;1;11;113;56;12;12;6;1;21;4;0;0;0;0;0
56;530;2025;Delantero;20;727;5;6.930399;6;0;24;14;371;12;15.7;7;1;2;44;20;5;0;9;3;6;0;0;0;0;0;0
133;530;2025;Defensa;17;732;9;6.909016;0;0;2;0;490;3;25.41;5;5;11;52;22;4;14;2;2;3;3;1;0;0;0;0
753;530;2025;Defensa;17;1442;17;7.096394;0;3;9;5;977;15;51.47;39;1;9;109;60;8;17;16;9;11;3;0;0;0;0;0
2465;530;2025;Portero;19;90;1;7.0;0;0;0;0;26;0;1.32;0;0;0;0;0;0;0;0;0;0;1;0;0;0;1;0
6009;530;2025;Delantero;21;1535;20;7.088078;7;3;33;20;543;41;21.48;14;0;2;144;56;16;12;42;21;11;2;0;2;0;0;0
6067;530;2025;Mediocentro;16;509;5;6.929862;3;1;12;9;290;11;15.56;8;1;3;57;28;6;3;17;11;9;1;0;0;0;0;0
6503;530;2025;Defensa;21;551;6;6.596552;0;1;1;0;288;9;11.19;15;3;5;57;21;1;7;10;4;13;1;0;0;0;0;0
8492;530;2025;Delantero;20;1061;11;6.936192;7;0;30;21;255;8;8.25;8;1;0;170;85;8;21;19;9;4;3;1;0;0;0;0
26315;530;2025;Mediocentro;16;969;13;6.817853;1;0;21;11;356;7;16.75;14;2;9;160;80;16;20;32;14;13;3;0;0;0;0;0
30399;530;2025;Defensa;21;1714;19;6.829697;0;2;12;3;961;11;39.29;36;5;14;137;74;3;11;11;5;13;0;0;0;0;0;0
30543;530;2025;Delantero;19;251;1;6.384064;0;1;6;3;91;4;3.79;2;0;0;31;13;7;3;4;1;2;1;0;0;0;0;0
47301;530;2025;Defensa;17;1019;10;6.838371;1;0;3;1;595;1;31.88;16;4;6;87;49;10;11;2;0;6;2;0;0;0;0;0
47566;530;2025;Defensa;18;147;1;6.522449;0;0;0;0;55;2;2.5;2;0;1;19;10;3;2;4;2;1;0;0;0;0;0;0
67972;530;2025;Mediocentro;19;666;4;6.611712;2;0;12;5;359;4;17.05;17;3;11;94;39;9;18;16;3;10;2;0;0;0;0;0
133185;530;2025;Mediocentro;13;380;6;6.926842;0;0;1;0;214;2;14.38;16;2;5;62;30;3;8;6;2;6;3;0;0;0;0;0
162012;530;2025;Defensa;21;864;10;6.901273;0;0;2;2;434;11;18.1;24;1;8;90;40;1;20;12;2;9;2;0;0;0;0;0
182219;530;2025;Mediocentro;14;703;10;7.113229;2;1;10;5;311;20;18.21;11;2;6;91;36;15;16;20;7;3;2;0;0;0;0;0
189997;530;2025;Portero;2;0;0;0.0;0;0;0;0;0;0;0.0;0;0;0;0;0;0;0;0;0;0;0;0;0;0;0;0
295793;530;2025;Defensa;21;654;7;7.541743;0;1;3;1;420;2;17.67;12;10;14;68;52;6;8;2;1;2;1;0;0;0;0;0
323935;530;2025;Mediocentro;20;1507;17;6.846649;2;5;24;9;649;21;26.7;31;1;14;221;109;34;16;52;23;31;1;0;0;0;0;0
324750;530;2025;Delantero;18;0;0;0.0;0;0;0;0;0;0;0.0;0;0;0;0;0;0;0;0;0;0;0;0;0;0;0;0
336594;530;2025;Mediocentro;20;1530;18;7.107255;1;1;12;6;971;20;43.2;28;2;23;173;97;21;11;51;32;12;0;0;0;0;0;0
336685;530;2025;Defensa;2;0;0;0.0;0;0;0;0;0;0;0.0;0;0;0;0;0;0;0;0;0;0;0;0;0;0;0;0
338508;530;2025;Defensa;1;0;0;0.0;0;0;0;0;0;0;0.0;0;0;0;0;0;0;0;0;0;0;0;0;0;0;0;0
386869;530;2025;Defensa;1;0;0;0.0;0;0;0;0;0;0;0.0;0;0;0;0;0;0;0;0;0;0;0;0;0;0;0;0
386870;530;2025;Mediocentro;2;0;0;0.0;0;0;0;0;0;0;0.0;0;0;0;0;0;0;0;0;0;0;0;0;0;0;0;0
393198;530;2025;Portero;15;0;0;0.0;0;0;0;0;0;0;0.0;0;0;0;0;0;0;0;0;0;0;0;0;0;0;0;0
428799;530;2025;Defensa;2;0;0;0.0;0;0;0;0;0;0;0.0;0;0;0;0;0;0;0;0;0;0;0;0;0;0;0;0
443668;530;2025;Delantero;1;0;0;0.0;0;0;0;0;0;0;0.0;0;0;0;0;0;0;0;0;0;0;0;0;0;0;0;0
451594;530;2025;Mediocentro;7;0;0;0.0;0;0;0;0;0;0;0.0;0;0;0;0;0;0;0;0;0;0;0;0;0;0;0;0
491091;530;2025;Delantero;1;0;0;0.0;0;0;0;0;0;0;0.0;0;0;0;0;0;0;0;0;0;0;0;0;0;0;0;0
548706;530;2025;Delantero;1;0;0;0.0;0;0;0;0;0;0;0.0;0;0;0;0;0;0;0;0;0;0;0;0;0;0;0;0
548867;530;2025;Mediocentro;4;0;0;0.0;0;0;0;0;0;0;0.0;0;0;0;0;0;0;0;0;0;0;0;0;0;0;0;0
622;531;2025;Defensa;11;860;10;7.070349;0;1;3;1;530;2;43.82;8;11;11;71;48;7;3;1;1;5;2;0;0;0;0;0
30510;531;2025;Mediocentro;19;1385;17;6.820505;2;2;20;15;513;34;20.63;17;0;7;202;85;32;15;36;19;15;3;0;0;0;0;0
47007;531;2025;Mediocentro;19;1239;18;6.935997;0;0;8;1;656;9;28.68;36;3;10;171;96;23;35;29;22;13;9;0;0;0;0;0
47270;531;2025;Portero;21;1890;21;7.009524;0;0;0;0;621;0;17.33;1;0;0;10;10;5;0;0;0;0;0;0;0;30;62;1
47273;531;2025;Defensa;19;1536;17;6.957031;0;0;11;3;821;14;37.32;25;1;21;143;89;22;13;9;5;7;2;0;0;0;0;0
47276;531;2025;Defensa;16;354;5;6.413277;0;0;1;1;163;0;7.88;12;0;2;44;16;0;5;9;3;3;1;2;0;0;0;0
47278;531;2025;Defensa;19;1648;18;6.621602;0;0;8;4;872;3;38.84;31;10;23;134;63;10;27;3;2;15;6;1;0;0;0;0
47291;531;2025;Delantero;20;1143;14;6.412773;2;1;31;12;262;14;9.45;9;0;4;183;73;19;24;24;5;7;3;1;0;0;0;0
47294;531;2025;Mediocentro;13;892;10;6.511771;1;0;17;11;193;9;10.46;4;0;1;76;26;12;11;19;3;3;1;0;1;0;0;0
47299;531;2025;Defensa;21;498;6;6.440161;0;1;3;1;218;6;8.95;13;0;2;51;29;6;5;6;2;7;2;0;0;0;0;0
47418;531;2025;Mediocentro;19;264;1;6.413636;0;0;2;0;152;1;6.32;10;0;7;48;23;5;5;3;2;10;0;0;0;0;0;0
84086;531;2025;Mediocentro;18;651;6;6.718433;4;1;10;6;206;13;9.17;6;1;4;96;35;13;10;22;10;2;1;0;0;0;0;0
128398;531;2025;Mediocentro;16;1063;14;6.394262;1;0;22;7;367;16;18.69;10;2;3;115;45;16;16;16;7;2;2;1;1;0;0;0
182181;531;2025;Defensa;21;1168;11;6.712842;0;1;1;0;446;16;17.81;14;6;13;91;51;4;15;20;12;5;2;0;0;0;0;0
182617;531;2025;Mediocentro;2;85;1;6.591765;0;0;1;0;49;2;18.5;3;0;2;14;6;0;5;2;1;1;1;0;0;0;0;0
182639;531;2025;Mediocentro;1;0;0;0.0;0;0;0;0;0;0;0.0;0;0;0;0;0;0;0;0;0;0;0;0;0;0;0;0
183776;531;2025;Delantero;19;123;1;6.25122;0;0;4;2;41;2;1.42;2;0;0;18;6;1;3;3;1;1;1;0;0;0;0;0
183799;531;2025;Mediocentro;17;1168;13;7.130394;4;2;26;12;396;24;17.76;11;0;6;191;78;20;15;99;43;15;1;0;1;0;0;0
183849;531;2025;Defensa;21;1179;13;6.816031;1;0;6;2;699;1;28.81;19;4;22;84;52;7;13;2;2;3;2;0;0;0;0;0
286593;531;2025;Mediocentro;19;177;2;6.428249;0;0;1;0;66;3;2.79;3;0;0;33;11;4;5;9;3;6;0;0;0;0;0;0
287680;531;2025;Delantero;10;254;2;6.50315;1;0;5;4;64;2;4.6;0;0;1;36;15;5;7;4;1;2;1;0;0;0;0;0
312468;531;2025;Portero;18;0;0;0.0;0;0;0;0;0;0;0.0;0;0;0;0;0;0;0;0;0;0;0;1;0;0;0;0
332308;531;2025;Mediocentro;20;418;3;6.687081;1;1;5;3;113;4;4.25;7;1;0;47;18;4;2;7;2;4;0;0;0;0;0;0
332309;531;2025;Mediocentro;20;425;2;6.707059;1;0;4;2;203;5;7.95;19;2;7;49;25;1;14;4;1;3;2;0;0;0;0;0
335490;531;2025;Defensa;6;0;0;0.0;0;0;0;0;0;0;0.0;0;0;0;0;0;0;0;0;0;0;0;0;0;0;0;0
336998;531;2025;Defensa;21;362;4;6.260497;0;0;0;0;178;2;7.48;6;1;6;34;14;2;2;6;2;4;1;0;0;0;0;0
377257;531;2025;Delantero;2;0;0;0.0;0;0;0;0;0;0;0.0;0;0;0;0;0;0;0;0;0;0;0;0;0;0;0;0
383780;531;2025;Mediocentro;21;1811;21;6.868857;1;0;10;5;882;19;34.81;45;1;35;205;100;26;23;15;5;34;2;0;0;0;0;0
384267;531;2025;Mediocentro;1;0;0;0.0;0;0;0;0;0;0;0.0;0;0;0;0;0;0;0;0;0;0;0;0;0;0;0;0
407677;531;2025;Defensa;7;0;0;0.0;0;0;0;0;0;0;0.0;0;0;0;0;0;0;0;0;0;0;0;0;0;0;0;0
437637;531;2025;Portero;3;0;0;0.0;0;0;0;0;0;0;0.0;0;0;0;0;0;0;0;0;0;0;0;0;0;0;0;0
560954;531;2025;Delantero;2;33;0;6.5;0;0;1;0;9;1;3.0;0;0;0;3;1;0;0;0;0;0;0;0;0;0;0;0
560978;531;2025;Mediocentro;1;0;0;0.0;0;0;0;0;0;0;0.0;0;0;0;0;0;0;0;0;0;0;0;0;0;0;0;0
568156;531;2025;Mediocentro;11;130;1;6.382308;0;0;4;1;43;3;2.73;2;0;1;17;7;4;4;3;1;2;0;0;0;0;0;0
83;532;2025;Mediocentro;21;1249;15;6.808727;3;2;24;11;288;9;10.57;10;1;0;112;50;18;16;43;18;5;0;0;0;0;0;0
913;532;2025;Portero;13;0;0;0.0;0;0;0;0;0;0;0.0;0;0;0;0;0;0;0;0;0;0;0;1;0;0;0;0
916;532;2025;Defensa;10;544;7;6.77261;1;0;4;3;320;1;28.0;8;2;10;43;28;3;7;3;1;1;3;0;0;0;0;0
918;532;2025;Defensa;19;1281;16;6.596721;1;1;5;1;489;12;20.79;31;5;10;99;58;9;15;13;5;9;5;1;0;0;0;0
1482;532;2025;Defensa;16;939;12;6.536848;0;1;2;1;414;7;20.81;18;0;12;103;52;16;18;13;7;4;3;0;0;0;0;0
1708;532;2025;Delantero;20;275;3;6.597091;0;1;4;1;99;2;3.95;7;0;4;33;11;1;6;10;3;1;0;0;0;0;0;0
6010;532;2025;Delantero;18;855;10;6.58269;1;1;16;8;232;9;9.61;10;1;3;152;71;27;16;21;14;6;0;0;0;0;0;0
21153;532;2025;Mediocentro;21;747;7;6.96091;1;1;4;2;391;4;15.38;10;2;5;77;41;8;13;11;5;5;2;0;0;0;0;0
31406;532;2025;Delantero;3;80;0;6.61625;0;0;3;1;15;2;3.33;0;0;0;27;10;3;2;4;2;1;1;0;0;0;0;0
41157;532;2025;Mediocentro;20;797;9;6.976286;0;1;5;2;437;11;20.0;15;1;8;84;43;18;9;19;9;6;0;0;0;0;0;0
46933;532;2025;Mediocentro;20;1387;16;6.715573;1;3;13;3;452;20;17.6;17;0;10;123;59;21;6;37;21;17;1;0;0;0;0;0
47251;532;2025;Defensa;17;1067;11;6.401968;0;0;4;1;484;6;24.24;13;1;8;79;39;7;14;17;9;2;0;0;0;0;0;0
47264;532;2025;Delantero;20;1206;13;6.852819;7;0;19;10;260;12;9.2;10;4;3;151;60;19;14;11;3;12;5;0;0;0;0;0
47463;532;2025;Mediocentro;21;1507;17;7.15919;2;0;12;2;998;17;41.19;46;5;12;133;83;8;21;9;7;10;2;0;1;0;0;0
47527;532;2025;Portero;18;270;3;7.166667;0;0;0;0;84;0;2.72;0;0;0;1;1;1;0;0;0;0;0;0;0;3;8;0
48372;532;2025;Defensa;18;206;2;7.014563;1;0;1;1;115;0;5.11;8;1;5;18;11;2;1;0;0;3;0;0;0;0;0;0
48465;532;2025;Mediocentro;15;534;5;6.783333;0;3;2;0;258;7;14.2;9;0;4;44;25;3;7;6;5;4;2;0;0;0;0;0
138776;532;2025;Delantero;13;207;0;6.650242;1;1;8;4;59;2;3.38;3;0;1;46;19;6;7;17;9;2;2;0;1;0;0;0
162127;532;2025;Mediocentro;21;1285;15;6.765525;3;0;12;5;338;9;11.76;12;2;8;148;63;29;14;22;6;7;2;0;0;0;0;0
162175;532;2025;Defensa;21;640;5;6.657344;0;0;5;2;241;7;10.0;14;3;1;87;42;6;12;25;16;8;1;0;0;0;0;0
181582;532;2025;Defensa;21;1508;16;6.713926;0;0;8;0;860;5;35.1;23;14;20;121;70;9;17;8;6;5;4;0;0;0;0;0
183848;532;2025;Portero;18;1620;18;6.933333;0;0;0;0;493;1;19.06;2;0;0;12;10;1;0;0;0;2;1;0;0;30;54;1
297743;532;2025;Mediocentro;1;0;0;0.0;0;0;0;0;0;0;0.0;0;0;0;0;0;0;0;0;0;0;0;0;0;0;0;0
315699;532;2025;Mediocentro;21;1053;13;6.683951;0;2;7;4;517;11;19.33;12;3;13;102;40;9;17;26;12;6;2;0;0;0;0;0
315701;532;2025;Defensa;16;12;0;6.6;0;0;0;0;2;0;0.12;1;0;0;3;1;0;1;0;0;0;0;0;0;0;0;0
333672;532;2025;Defensa;19;1584;18;6.686364;0;0;5;1;902;2;40.89;29;16;17;134;73;5;24;8;7;4;5;0;0;0;0;0
401983;532;2025;Portero;5;0;0;0.0;0;0;0;0;0;0;0.0;0;0;0;0;0;0;0;0;0;0;0;0;0;0;0;0
406043;532;2025;Mediocentro;7;0;0;0.0;0;0;0;0;0;0;0.0;0;0;0;0;0;0;0;0;0;0;0;0;0;0;0;0
406045;532;2025;Delantero;3;0;0;0.0;0;0;0;0;0;0;0.0;0;0;0;0;0;0;0;0;0;0;0;0;0;0;0;0
406046;532;2025;Delantero;1;0;0;0.0;0;0;0;0;0;0;0.0;0;0;0;0;0;0;0;0;0;0;0;0;0;0;0;0
417560;532;2025;Defensa;1;0;0;0.0;0;0;0;0;0;0;0.0;0;0;0;0;0;0;0;0;0;0;0;0;0;0;0;0
439578;532;2025;Delantero;11;0;0;0.0;0;0;0;0;0;0;0.0;0;0;0;0;0;0;0;0;0;0;0;0;0;0;0;0
551365;532;2025;Delantero;2;0;0;0.0;0;0;0;0;0;0;0.0;0;0;0;0;0;0;0;0;0;0;0;0;0;0;0;0
584165;532;2025;Defensa;7;0;0;0.0;0;0;0;0;0;0;0.0;0;0;0;0;0;0;0;0;0;0;0;0;0;0;0;0
623732;532;2025;Defensa;2;0;0;0.0;0;0;0;0;0;0;0.0;0;0;0;0;0;0;0;0;0;0;0;0;0;0;0;0
49;533;2025;Mediocentro;17;673;7;6.696137;0;0;6;1;381;5;19.35;14;2;11;62;34;4;7;5;3;5;0;0;0;0;0;0
166;533;2025;Defensa;15;936;12;7.255876;0;0;1;0;566;0;33.8;20;10;16;51;33;1;8;4;3;1;2;0;0;0;0;0
697;533;2025;Delantero;12;153;1;6.631373;1;1;1;1;49;2;3.5;1;0;0;19;9;2;0;11;6;2;0;0;0;0;0;0
928;533;2025;Mediocentro;20;815;9;7.060613;0;0;1;0;484;15;21.2;23;5;7;73;46;14;8;12;4;6;2;0;0;0;0;0
1461;533;2025;Mediocentro;2;0;0;0.0;0;0;0;0;0;0;0.0;0;0;0;0;0;0;0;0;0;0;0;0;0;0;0;0
1702;533;2025;Defensa;19;925;10;6.940432;1;2;4;1;326;11;13.37;25;5;11;98;50;12;18;20;13;11;4;0;0;0;0;0
1707;533;2025;Delantero;12;647;9;7.310355;5;0;13;7;255;18;16.58;10;1;3;71;34;5;7;17;8;6;0;0;1;0;0;0
3246;533;2025;Delantero;20;1073;11;7.295899;2;2;21;10;400;32;17.0;23;0;10;150;71;16;11;58;27;8;2;0;0;0;0;0
18906;533;2025;Delantero;13;540;6;6.833519;2;3;6;4;129;10;7.46;13;0;1;88;39;10;9;16;9;3;2;0;0;0;0;0
20696;533;2025;Mediocentro;15;868;10;7.075;2;1;16;5;460;11;25.13;12;4;11;90;48;22;18;11;5;2;5;0;0;0;0;0
47541;533;2025;Mediocentro;19;1322;16;6.88767;2;2;17;4;663;12;28.95;31;10;11;161;82;17;24;11;6;16;3;1;0;0;0;0
51016;533;2025;Mediocentro;19;1205;13;7.041909;5;0;14;8;331;13;14.26;23;1;18;149;71;29;13;50;18;9;6;0;0;0;0;0
70500;533;2025;Defensa;20;1003;10;6.77657;0;3;8;3;389;12;15.85;22;3;21;86;37;6;15;6;2;16;2;0;0;0;0;0
122956;533;2025;Portero;11;0;0;0.0;0;0;0;0;0;0;0.0;0;0;0;0;0;0;0;0;0;0;0;0;0;0;0;0
162122;533;2025;Defensa;16;8;0;7.0;0;0;0;0;8;0;0.5;1;0;0;1;1;0;0;0;0;0;0;0;0;0;0;0
162473;533;2025;Portero;18;270;3;6.333333;0;0;0;0;84;0;2.28;1;0;0;1;1;0;0;0;0;0;0;0;0;6;6;0
180496;533;2025;Delantero;16;919;10;6.76333;5;3;24;15;163;10;7.06;1;1;3;93;39;20;8;28;12;2;0;0;0;0;0;0
182519;533;2025;Mediocentro;20;1340;17;7.033507;8;3;28;16;364;21;13.5;13;3;6;134;49;15;19;36;19;26;2;0;0;0;0;0
184226;533;2025;Mediocentro;2;160;2;7.2;0;1;2;1;88;7;36.5;2;1;2;10;2;0;2;3;0;2;0;0;0;0;0;0
237066;533;2025;Defensa;20;1226;13;7.14584;1;0;3;1;724;3;32.8;26;11;14;86;53;2;8;1;1;8;1;0;0;0;0;0
278619;533;2025;Portero;20;1530;17;7.088235;0;0;0;0;364;0;13.35;0;0;1;7;5;1;1;0;0;0;3;0;0;15;44;1
290740;533;2025;Delantero;14;185;2;6.650811;0;0;5;2;61;5;3.71;8;2;0;42;16;7;9;9;0;0;1;0;0;0;0;0
302277;533;2025;Portero;2;0;0;0.0;0;0;0;0;0;0;0.0;0;0;0;0;0;0;0;0;0;0;0;0;0;0;0;0
311773;533;2025;Defensa;15;1102;12;7.069873;0;1;4;0;569;3;33.47;53;5;16;151;89;13;24;8;7;25;7;1;0;0;0;0
330443;533;2025;Defensa;1;0;0;0.0;0;0;0;0;0;0;0.0;0;0;0;0;0;0;0;0;0;0;0;0;0;0;0;0
336671;533;2025;Defensa;18;1289;14;6.902327;0;0;5;3;794;1;38.44;11;16;10;75;42;4;11;2;0;4;1;1;0;0;0;0
351587;533;2025;Delantero;18;512;4;6.572461;2;1;10;7;68;4;2.39;4;1;0;70;26;5;6;11;7;3;0;0;0;0;0;0
378284;533;2025;Delantero;3;257;3;6.809728;1;2;6;3;28;3;7.67;4;0;0;20;9;4;3;3;0;0;0;0;0;0;0;0
411702;533;2025;Delantero;2;0;0;0.0;0;0;0;0;0;0;0.0;0;0;0;0;0;0;0;0;0;0;0;0;0;0;0;0
418188;533;2025;Delantero;1;0;0;0.0;0;0;0;0;0;0;0.0;0;0;0;0;0;0;0;0;0;0;0;0;0;0;0;0
435552;533;2025;Defensa;17;733;9;6.753479;0;0;1;1;369;2;18.12;34;7;7;113;56;8;22;5;3;19;3;0;0;0;0;0
463280;533;2025;Mediocentro;3;0;0;0.0;0;0;0;0;0;0;0.0;0;0;0;0;0;0;0;0;0;0;0;0;0;0;0;0
484474;533;2025;Defensa;4;0;0;0.0;0;0;0;0;0;0;0.0;0;0;0;0;0;0;0;0;0;0;0;0;0;0;0;0
514913;533;2025;Delantero;5;0;0;0.0;0;0;0;0;0;0;0.0;0;0;0;0;0;0;0;0;0;0;0;0;0;0;0;0
548734;533;2025;Mediocentro;6;77;0;6.51039;0;0;1;0;38;0;5.33;5;0;2;8;6;0;1;1;1;1;1;0;0;0;0;0
548807;533;2025;Delantero;1;0;0;0.0;0;0;0;0;0;0;0.0;0;0;0;0;0;0;0;0;0;0;0;0;0;0;0;0
433;536;2025;Defensa;15;943;11;6.618982;0;0;6;2;466;0;27.13;13;5;5;111;62;21;22;1;1;5;4;1;0;0;0;0
557;536;2025;Portero;19;1530;17;7.141176;0;0;0;0;528;0;18.63;0;0;0;1;0;0;0;0;0;0;2;0;0;26;57;0
910;536;2025;Delantero;14;737;6;6.749796;2;1;10;5;247;14;13.29;10;0;4;82;36;16;7;12;3;6;1;0;1;0;0;0
957;536;2025;Mediocentro;19;1210;16;6.671074;2;0;9;4;505;13;23.63;24;1;13;111;53;17;23;9;3;4;3;0;0;0;0;0
1489;536;2025;Mediocentro;21;1230;13;6.741463;1;0;11;5;598;2;25.52;23;8;11;117;57;8;23;9;4;12;5;0;0;0;0;0
2280;536;2025;Defensa;9;678;9;6.783186;0;0;0;0;411;1;40.33;16;6;16;73;35;6;16;2;1;10;3;0;0;0;0;0
2924;536;2025;Mediocentro;14;259;2;6.95251;0;0;0;0;108;10;6.79;4;0;1;39;20;9;7;16;7;0;1;0;0;0;0;0
11421;536;2025;Defensa;14;1069;12;6.979139;0;1;2;1;528;27;31.79;46;3;14;118;63;5;11;16;8;15;3;0;0;0;0;0
19172;536;2025;Portero;20;360;4;6.675;0;0;0;0;117;0;3.95;0;0;0;1;1;0;0;0;0;0;1;0;0;7;9;0
21004;536;2025;Mediocentro;19;1409;16;6.939035;1;2;7;2;716;18;30.42;35;3;21;150;77;6;31;10;6;6;7;0;0;0;0;0
21087;536;2025;Mediocentro;16;1240;15;6.69379;1;0;8;4;507;7;27.44;25;4;11;135;64;21;30;13;7;12;5;0;0;0;0;0
25458;536;2025;Mediocentro;2;180;2;7.3;1;0;2;1;72;9;31.0;0;0;1;11;4;3;3;3;1;1;0;0;0;0;0;0
39121;536;2025;Delantero;17;450;4;6.756222;1;1;7;1;168;7;8.41;9;0;3;79;46;8;1;45;26;0;0;0;0;0;0;0
41208;536;2025;Defensa;16;219;3;6.885845;0;0;0;0;80;0;4.5;5;1;3;24;10;0;9;0;0;1;0;0;0;0;0;0
47329;536;2025;Defensa;2;13;0;6.9;0;0;0;0;6;1;3.0;1;0;0;2;2;1;0;0;0;0;0;0;0;0;0;0
47389;536;2025;Mediocentro;10;22;0;5.195455;0;0;0;0;27;0;2.1;0;0;0;7;0;0;4;0;0;1;1;0;0;0;0;0
48471;536;2025;Mediocentro;13;878;11;6.825513;3;4;13;5;323;11;17.62;10;0;4;83;40;9;6;22;9;4;1;0;1;0;0;0
57446;536;2025;Delantero;16;981;9;6.69633;6;2;28;20;159;4;6.06;4;1;0;111;43;4;17;15;8;1;1;0;2;0;0;0
119213;536;2025;Mediocentro;11;321;4;6.702181;1;0;7;7;73;6;5.45;1;0;1;40;13;6;3;15;4;1;0;0;0;0;0;0
125331;536;2025;Defensa;1;0;0;0.0;0;0;0;0;0;0;0.0;0;0;0;0;0;0;0;0;0;0;0;0;0;0;0;0
133110;536;2025;Defensa;7;325;3;6.677538;0;0;3;0;174;0;22.43;10;1;0;43;25;4;11;2;0;1;4;0;0;0;0;0
162126;536;2025;Mediocentro;20;771;9;6.954345;2;0;9;5;286;14;11.45;8;0;1;133;72;37;10;37;14;5;5;0;0;0;0;0
182772;536;2025;Mediocentro;20;1224;14;6.679739;0;2;5;1;470;15;19.2;35;0;8;172;91;27;15;31;15;21;1;0;0;0;0;0
185398;536;2025;Delantero;17;966;12;6.506315;3;0;22;11;198;7;8.35;11;0;1;140;47;16;19;29;7;7;4;1;0;0;0;0
195923;536;2025;Defensa;20;1629;18;6.823634;1;3;7;2;778;10;31.75;48;6;25;210;118;29;31;24;11;30;8;0;0;0;0;0
197196;536;2025;Defensa;11;100;0;6.078;0;0;0;0;64;0;5.18;0;0;1;6;2;1;1;0;0;1;0;0;0;0;0;0
290686;536;2025;Portero;2;0;0;0.0;0;0;0;0;0;0;0.0;0;0;0;0;0;0;0;0;0;0;0;0;0;0;0;0
297311;536;2025;Defensa;18;768;8;7.273568;0;0;6;4;588;2;26.94;20;8;19;94;65;7;10;3;1;5;0;0;0;0;0;0
308346;536;2025;Portero;10;0;0;0.0;0;0;0;0;0;0;0.0;0;0;0;0;0;0;0;0;0;0;0;0;0;0;0;0
331607;536;2025;Mediocentro;19;88;0;6.840909;0;0;1;0;48;2;2.32;2;0;0;5;4;1;0;0;0;1;0;0;0;0;0;0
338902;536;2025;Defensa;19;649;7;7.085978;0;0;4;1;447;1;20.58;15;9;9;69;40;7;7;4;2;6;3;0;0;0;0;0
340152;536;2025;Mediocentro;1;45;1;6.5;0;0;0;0;11;1;7.0;1;0;0;4;1;0;0;1;0;1;0;0;0;0;0;0
341453;536;2025;Mediocentro;18;508;5;6.702165;0;1;4;2;181;10;8.0;8;1;1;43;21;2;2;10;6;5;1;0;0;0;0;0
437594;536;2025;Delantero;1;0;0;0.0;0;0;0;0;0;0;0.0;0;0;0;0;0;0;0;0;0;0;0;0;0;0;0;0
438263;536;2025;Delantero;2;0;0;0.0;0;0;0;0;0;0;0.0;0;0;0;0;0;0;0;0;0;0;0;0;0;0;0;0
443593;536;2025;Mediocentro;2;0;0;0.0;0;0;0;0;0;0;0.0;0;0;0;0;0;0;0;0;0;0;0;0;0;0;0;0
546798;536;2025;Delantero;8;63;0;6.566667;0;0;4;1;24;0;1.88;4;0;0;13;9;3;1;2;2;0;0;0;0;0;0;0
546857;536;2025;Defensa;1;0;0;0.0;0;0;0;0;0;0;0.0;0;0;0;0;0;0;0;0;0;0;0;0;0;0;0;0
546872;536;2025;Delantero;2;0;0;0.0;0;0;0;0;0;0;0.0;0;0;0;0;0;0;0;0;0;0;0;0;0;0;0;0
546881;536;2025;Mediocentro;1;0;0;0.0;0;0;0;0;0;0;0.0;0;0;0;0;0;0;0;0;0;0;0;0;0;0;0;0
548843;536;2025;Portero;1;0;0;0.0;0;0;0;0;0;0;0.0;0;0;0;0;0;0;0;0;0;0;0;0;0;0;0;0
570;538;2025;Mediocentro;6;0;0;0.0;0;0;0;0;0;0;0.0;0;0;0;0;0;0;0;0;0;0;0;0;0;0;0;0
1926;538;2025;Defensa;11;197;2;6.077665;0;0;2;0;84;0;7.0;2;1;4;14;8;0;2;1;1;0;0;0;0;0;0;0
2278;538;2025;Defensa;18;1524;17;7.08832;1;0;7;2;1262;8;63.11;24;9;19;124;72;13;10;9;6;10;2;0;1;0;0;0
21584;538;2025;Defensa;13;255;4;6.723529;0;0;0;0;143;2;9.23;1;2;2;18;9;1;0;9;6;3;0;0;0;0;0;0
30765;538;2025;Portero;21;1890;21;7.17619;0;0;0;0;496;0;16.0;0;0;0;9;8;5;0;0;0;1;0;0;0;23;67;2
47348;538;2025;Delantero;20;1083;12;6.864635;8;2;23;14;264;14;9.6;4;4;0;99;40;15;23;16;9;4;3;0;2;0;0;0
47427;538;2025;Portero;21;0;0;0.0;0;0;0;0;0;0;0.0;0;0;0;0;0;0;0;0;0;0;0;0;0;0;0;0
47435;538;2025;Mediocentro;19;542;7;6.665683;0;0;4;1;317;1;15.11;7;2;7;37;14;3;10;3;2;3;0;0;0;0;0;0
47445;538;2025;Delantero;21;759;8;6.814229;2;3;14;8;438;22;16.52;8;0;9;53;24;6;2;13;7;7;3;0;1;0;0;0
47988;538;2025;Defensa;14;1043;12;6.933174;0;0;3;1;677;1;45.93;19;7;15;73;45;5;14;2;1;1;3;1;0;0;0;0
122734;538;2025;Delantero;18;738;10;6.865583;2;1;18;11;177;9;7.89;5;1;2;80;30;13;9;18;5;2;3;0;0;0;0;0
157988;538;2025;Mediocentro;20;1450;16;6.91;2;1;6;3;796;7;33.85;24;0;14;122;67;21;10;32;16;8;1;0;0;0;0;0
161875;538;2025;Delantero;1;0;0;0.0;0;0;0;0;0;0;0.0;0;0;0;0;0;0;0;0;0;0;0;0;0;0;0;0
162123;538;2025;Mediocentro;21;1388;15;6.813329;0;1;8;3;569;11;23.24;51;3;13;182;105;34;17;19;7;14;3;0;0;0;0;0
162712;538;2025;Mediocentro;21;1148;13;7.134233;1;2;9;4;741;20;29.33;30;5;4;118;66;18;8;18;9;21;3;0;0;0;0;0
179955;538;2025;Mediocentro;18;724;7;6.91395;2;3;6;3;289;4;11.89;9;4;12;71;31;10;16;18;9;4;3;0;0;0;0;0
182638;538;2025;Defensa;19;709;9;6.747814;0;0;2;0;489;3;23.21;13;3;7;44;27;7;7;2;1;0;2;0;0;0;0;0
269163;538;2025;Delantero;15;546;6;6.815201;3;0;10;7;107;2;5.4;13;1;1;81;34;16;16;10;4;8;1;0;0;0;0;0
286559;538;2025;Defensa;15;435;4;6.886207;0;0;1;0;320;1;19.47;11;4;3;35;23;1;6;2;0;1;1;0;0;0;0;0
286639;538;2025;Delantero;21;1135;13;6.945198;1;1;20;12;334;18;12.33;10;0;2;129;55;17;7;70;27;12;1;0;1;0;0;0
286796;538;2025;Mediocentro;14;151;2;6.438411;0;0;3;0;114;2;7.57;0;0;1;5;0;0;3;1;0;1;1;0;0;0;0;0
313651;538;2025;Mediocentro;19;911;11;7.138419;0;1;2;1;679;20;32.84;23;7;12;67;33;9;18;2;0;7;2;0;0;0;0;0
320517;538;2025;Delantero;19;885;10;6.625763;2;1;11;8;211;5;7.74;10;1;3;84;32;7;12;17;5;8;0;0;0;0;0;0
329720;538;2025;Mediocentro;18;562;5;6.725267;2;1;3;2;270;8;12.67;8;0;4;43;19;7;9;10;3;4;2;0;0;0;0;0
329722;538;2025;Defensa;16;335;4;6.708358;0;0;0;0;201;1;11.69;7;4;3;25;14;3;6;1;1;2;2;0;0;0;0;0
333502;538;2025;Mediocentro;20;772;8;6.921503;1;0;4;1;408;10;17.85;19;6;8;78;35;9;19;9;2;10;3;0;0;0;0;0
351913;538;2025;Delantero;21;376;2;6.813298;2;0;8;3;84;6;3.52;2;0;1;45;17;3;3;17;9;3;0;0;0;0;0;0
384135;538;2025;Defensa;20;1228;13;6.784935;0;0;4;2;864;6;39.1;24;5;12;110;54;15;19;6;2;10;3;0;0;0;0;0
554287;538;2025;Delantero;1;0;0;0.0;0;0;0;0;0;0;0.0;0;0;0;0;0;0;0;0;0;0;0;0;0;0;0;0
560930;538;2025;Mediocentro;2;12;0;6.6;0;0;0;0;5;0;2.5;1;0;0;1;1;0;0;0;0;0;0;0;0;0;0;0
734;539;2025;Defensa;18;1309;14;6.861956;2;1;7;3;636;6;28.56;14;11;21;84;47;7;15;2;2;3;3;0;1;0;0;0
1118;539;2025;Defensa;20;1712;20;6.530666;1;3;4;1;546;18;19.95;36;12;20;115;54;11;19;7;0;11;4;0;0;0;0;0
2741;539;2025;Portero;18;1620;18;7.333333;0;0;0;0;541;0;19.72;1;0;1;12;11;0;0;0;0;1;2;0;0;29;71;1
20817;539;2025;Delantero;14;239;2;6.505439;1;0;5;4;54;1;2.21;4;0;1;49;21;1;2;15;9;1;1;0;0;0;0;0
46790;539;2025;Mediocentro;16;363;4;6.680716;0;0;3;2;117;4;5.12;7;1;7;47;24;5;6;16;8;1;0;0;0;0;0;0
46941;539;2025;Defensa;14;933;11;6.565702;0;0;2;0;393;2;23.86;8;16;3;73;43;5;11;0;0;7;2;0;0;0;0;0
47225;539;2025;Mediocentro;15;900;10;6.357889;0;1;13;5;208;6;11.2;10;1;4;108;40;8;11;20;9;10;1;0;0;0;0;0
47467;539;2025;Delantero;20;322;1;6.770186;1;1;6;4;108;6;3.9;7;1;3;36;20;2;2;14;9;1;1;0;1;0;0;0
64309;539;2025;Defensa;19;1486;17;6.530956;1;1;6;2;460;10;19.21;45;3;19;144;77;13;16;20;8;19;5;0;0;0;0;0
104832;539;2025;Defensa;16;278;3;6.404317;0;0;0;0;119;1;6.0;7;0;3;30;16;3;4;5;4;4;2;0;0;0;0;0
104949;539;2025;Mediocentro;15;942;10;6.821231;1;2;12;4;318;15;16.33;11;8;13;77;31;4;15;16;8;7;2;0;0;0;0;0
106727;539;2025;Mediocentro;17;754;8;6.711141;0;0;4;1;322;2;15.88;15;2;6;46;25;6;11;1;1;5;2;0;0;0;0;0
125239;539;2025;Mediocentro;17;983;11;6.967854;1;1;4;3;470;3;23.18;25;9;9;129;67;14;15;12;4;9;4;0;0;0;0;0
128985;539;2025;Mediocentro;19;286;3;6.881119;2;0;8;3;73;4;2.53;1;0;7;25;8;3;4;5;3;3;0;0;0;0;0;0
182150;539;2025;Mediocentro;3;11;0;6.5;0;0;0;0;7;0;2.33;2;0;0;5;2;0;0;2;0;0;0;0;0;0;0;0
182603;539;2025;Mediocentro;18;510;4;6.720784;0;2;1;0;239;6;10.44;12;2;5;60;32;8;9;4;2;8;2;0;0;0;0;0
182639;539;2025;Mediocentro;15;769;11;6.79935;0;0;0;0;381;10;20.73;21;5;6;103;43;8;24;6;3;18;3;1;0;0;0;0
182770;539;2025;Mediocentro;20;1460;17;6.992603;3;1;13;9;501;33;20.3;20;0;8;166;71;36;14;42;14;17;3;0;0;0;0;0
192032;539;2025;Delantero;19;1324;16;6.960801;4;1;23;9;303;12;11.84;19;2;7;214;105;45;23;38;20;10;3;0;0;0;0;0
286611;539;2025;Portero;20;180;2;7.75;0;0;0;0;57;0;1.45;0;0;0;2;2;0;0;0;0;0;0;0;0;5;11;0
316517;539;2025;Defensa;13;383;4;6.825849;1;0;1;1;199;0;12.15;12;3;4;33;20;4;4;2;0;0;0;0;0;0;0;0
334878;539;2025;Mediocentro;2;114;1;6.836842;0;0;0;0;42;0;17.5;4;0;2;16;10;2;2;1;1;0;0;0;0;0;0;0
338295;539;2025;Portero;13;0;0;0.0;0;0;0;0;0;0;0.0;0;0;0;0;0;0;0;0;0;0;0;0;0;0;0;0
338871;539;2025;Mediocentro;1;0;0;0.0;0;0;0;0;0;0;0.0;0;0;0;0;0;0;0;0;0;0;0;0;0;0;0;0
378284;539;2025;Delantero;15;1116;14;6.797312;5;1;28;13;187;9;8.47;20;0;3;164;75;25;17;19;7;3;2;0;0;0;0;0
407597;539;2025;Defensa;3;0;0;0.0;0;0;0;0;0;0;0.0;0;0;0;0;0;0;0;0;0;0;0;0;0;0;0;0
408320;539;2025;Defensa;15;364;4;6.266484;0;0;0;0;123;0;7.07;7;4;0;30;18;3;3;2;2;1;1;0;0;0;0;0
421807;539;2025;Defensa;17;1047;12;6.846705;0;0;1;0;450;2;22.71;17;11;20;83;48;6;11;5;2;2;3;0;0;0;0;0
450497;539;2025;Delantero;16;178;0;6.655056;1;0;3;2;39;0;1.31;2;1;0;43;21;7;3;4;2;2;0;0;0;0;0;0
450562;539;2025;Portero;2;0;0;0.0;0;0;0;0;0;0;0.0;0;0;0;0;0;0;0;0;0;0;0;0;0;0;0;0
463279;539;2025;Delantero;6;57;0;6.221053;0;0;0;0;12;0;1.0;1;0;0;8;3;0;0;5;2;0;0;0;0;0;0;0
504605;539;2025;Defensa;8;0;0;0.0;0;0;0;0;0;0;0.0;0;0;0;0;0;0;0;0;0;0;0;0;0;0;0;0
579287;539;2025;Mediocentro;4;252;3;6.260317;0;0;3;1;41;2;7.0;5;0;1;32;14;5;6;7;2;2;0;0;0;0;0;0
609795;539;2025;Defensa;1;0;0;0.0;0;0;0;0;0;0;0.0;0;0;0;0;0;0;0;0;0;0;0;0;0;0;0;0
2813;540;2025;Portero;22;1985;22;7.090428;0;0;0;0;578;1;14.82;3;0;0;10;9;2;0;0;0;1;0;0;0;27;70;0
46734;540;2025;Defensa;2;0;0;0.0;0;0;0;0;0;0;0.0;0;0;0;0;0;0;0;0;0;0;0;0;0;0;0;0
46799;540;2025;Mediocentro;22;1472;18;7.189402;0;5;15;7;616;55;21.82;31;1;13;154;83;23;13;24;17;13;3;0;0;0;0;0
47249;540;2025;Defensa;21;1895;21;6.849077;2;0;21;8;870;6;33.19;19;13;15;167;98;7;17;4;4;15;1;0;0;0;0;0
47256;540;2025;Defensa;22;170;1;6.567059;1;0;1;1;63;0;2.14;1;4;0;16;12;1;0;1;1;0;0;0;0;0;0;0
47349;540;2025;Mediocentro;10;678;8;6.536283;2;0;15;9;199;10;16.7;4;1;3;56;17;6;11;14;5;5;2;0;1;0;0;0
47396;540;2025;Delantero;22;879;8;6.642776;3;1;25;15;193;15;5.27;7;1;2;175;82;24;19;17;6;5;3;0;1;0;0;0
47398;540;2025;Mediocentro;20;1384;18;6.76539;6;0;41;17;358;25;12.95;25;3;11;159;71;23;16;12;6;24;4;1;0;0;0;0
47478;540;2025;Defensa;22;1450;16;6.883448;0;0;8;1;866;3;35.0;20;25;22;96;50;4;6;5;2;3;3;0;0;0;0;0
48555;540;2025;Mediocentro;18;376;2;6.531383;0;0;4;2;137;1;6.17;8;2;3;48;21;1;6;5;4;4;1;0;0;0;0;0
127426;540;2025;Mediocentro;21;1395;18;6.663441;1;0;4;3;580;13;24.14;23;2;14;138;49;18;44;7;1;21;6;0;0;0;0;0
162585;540;2025;Portero;8;0;0;0.0;0;0;0;0;0;0;0.0;0;0;0;0;0;0;0;0;0;0;0;0;0;0;0;0
182674;540;2025;Mediocentro;22;619;7;6.577221;0;0;8;3;140;10;4.64;6;0;4;85;43;19;10;30;15;6;1;0;0;0;0;0
182735;540;2025;Portero;22;0;0;0.0;0;0;0;0;0;0;0.0;0;0;0;0;0;0;0;0;0;0;0;0;0;0;0;0
183699;540;2025;Mediocentro;20;1331;14;6.682645;0;1;6;1;489;6;19.95;29;4;18;142;67;21;18;8;4;27;3;0;0;0;0;0
184407;540;2025;Defensa;22;154;1;6.976623;0;0;0;0;62;3;2.41;2;1;0;16;8;3;6;2;2;0;1;0;0;0;0;0
184420;540;2025;Defensa;21;1865;21;7.034584;4;2;14;6;575;15;21.38;66;8;25;211;111;11;31;50;26;21;2;0;0;0;0;0
187987;540;2025;Mediocentro;19;469;5;6.719829;1;0;5;1;111;5;4.47;16;2;7;68;33;8;5;8;3;3;0;0;0;0;0;0
199824;540;2025;Defensa;22;489;4;6.639877;0;0;2;0;216;2;7.59;5;4;9;59;32;9;5;15;11;7;2;0;0;0;0;0
273732;540;2025;Mediocentro;21;1429;16;6.779846;0;3;12;6;351;20;13.9;39;0;6;198;97;31;24;52;19;12;4;1;0;0;0;0
282054;540;2025;Defensa;19;599;7;7.122371;0;1;2;1;347;1;16.26;14;3;4;55;32;2;6;1;1;2;2;0;0;0;0;0
286601;540;2025;Defensa;21;1492;17;6.801542;0;2;1;0;685;9;26.62;43;6;21;133;72;13;24;3;2;15;5;0;0;0;0;0
297742;540;2025;Delantero;22;108;1;6.366667;0;0;0;0;29;2;0.95;4;0;0;24;12;3;5;6;4;0;1;0;0;0;0;0
312990;540;2025;Delantero;22;1595;17;6.614984;5;2;29;16;236;16;7.5;7;2;3;217;80;31;23;20;6;7;1;0;1;0;0;0
359603;540;2025;Delantero;15;60;0;6.681667;0;0;0;0;24;1;1.53;1;0;1;13;5;0;3;7;4;0;0;0;0;0;0;0
388495;540;2025;Mediocentro;12;0;0;0.0;0;0;0;0;0;0;0.0;0;0;0;0;0;0;0;0;0;0;0;0;0;0;0;0
438284;540;2025;Mediocentro;2;0;0;0.0;0;0;0;0;0;0;0.0;0;0;0;0;0;0;0;0;0;0;0;0;0;0;0;0
450716;540;2025;Defensa;2;0;0;0.0;0;0;0;0;0;0;0.0;0;0;0;0;0;0;0;0;0;0;0;0;0;0;0;0
461502;540;2025;Portero;1;0;0;0.0;0;0;0;0;0;0;0.0;0;0;0;0;0;0;0;0;0;0;0;0;0;0;0;0
601891;540;2025;Mediocentro;2;0;0;0.0;0;0;0;0;0;0;0.0;0;0;0;0;0;0;0;0;0;0;0;0;0;0;0;0
278;541;2025;Delantero;20;1756;20;7.920843;21;4;75;45;692;51;30.4;2;0;2;172;90;25;7;100;57;5;3;0;7;0;0;0
283;541;2025;Defensa;10;398;5;6.990955;0;1;2;0;277;9;24.2;8;1;8;26;12;0;4;4;2;5;0;0;0;0;0;0
372;541;2025;Defensa;15;1002;12;7.405389;1;1;15;8;675;7;40.87;20;10;10;93;57;11;13;3;1;2;2;0;0;0;0;0
505;541;2025;Defensa;14;63;1;6.752381;0;0;1;1;55;0;3.71;0;2;0;4;2;0;0;0;0;0;0;0;0;0;0;0
653;541;2025;Defensa;7;1;0;0.0;0;0;0;0;3;0;0.29;0;0;0;0;0;0;0;0;0;0;0;0;0;0;0;0
730;541;2025;Portero;21;1890;21;7.004762;0;0;0;0;627;0;23.71;1;0;0;10;6;2;0;0;0;3;0;0;0;17;46;0
733;541;2025;Defensa;11;376;4;7.027128;0;0;1;0;228;2;18.91;9;1;2;30;18;4;4;2;1;5;0;0;0;0;0;0
736;541;2025;Defensa;20;418;5;6.394258;1;0;3;2;199;2;8.9;9;3;4;33;17;5;4;4;1;3;2;1;0;0;0;0
744;541;2025;Mediocentro;18;346;3;6.584393;0;2;2;1;135;10;6.83;6;0;1;46;18;3;6;14;9;0;1;0;0;0;0;0
748;541;2025;Mediocentro;20;412;4;7.274515;0;0;2;0;371;7;17.2;17;4;6;57;32;11;5;13;3;7;0;0;0;0;0;0
756;541;2025;Mediocentro;20;1654;18;7.213785;0;6;21;8;1115;28;49.75;31;6;15;102;62;5;8;20;11;8;2;0;0;0;0;0
762;541;2025;Delantero;21;1588;18;7.296033;5;5;44;24;657;39;25.81;20;0;1;235;115;43;19;120;52;10;4;0;1;0;0;0
1271;541;2025;Mediocentro;18;1476;17;7.210163;0;0;15;3;1067;15;54.28;36;9;22;139;95;14;17;4;0;10;5;0;0;0;0;0
2207;541;2025;Mediocentro;16;735;7;7.200544;1;0;6;2;523;8;29.94;34;3;5;100;66;15;14;15;11;9;0;0;0;0;0;0
2285;541;2025;Defensa;8;605;6;7.017025;0;0;3;0;460;2;53.75;9;2;2;34;22;1;3;1;0;1;0;0;0;0;0;0
10009;541;2025;Delantero;20;632;6;7.358386;1;3;16;9;297;15;13.4;9;0;3;92;47;21;5;34;17;6;3;0;0;0;0;0
47400;541;2025;Portero;19;0;0;0.0;0;0;0;0;0;0;0.0;0;0;0;0;0;0;0;0;0;0;0;1;0;0;0;0
129718;541;2025;Mediocentro;17;1281;14;7.423341;4;3;23;19;817;30;43.18;41;1;12;208;117;34;27;43;23;10;1;0;0;0;0;0
284300;541;2025;Defensa;19;1611;18;7.072253;1;1;4;1;1185;19;56.32;27;4;29;159;81;25;12;28;12;16;3;1;0;0;0;0
291964;541;2025;Mediocentro;21;1283;16;7.203274;3;7;26;14;837;52;36.19;26;0;7;114;62;16;18;26;16;10;1;0;0;0;0;0
308998;541;2025;Mediocentro;1;0;0;0.0;0;0;0;0;0;0;0.0;0;0;0;0;0;0;0;0;0;0;0;0;0;0;0;0
330436;541;2025;Defensa;5;1;0;0.0;0;0;0;0;0;0;0.0;0;0;0;0;0;0;0;0;0;0;0;0;0;0;0;0
336711;541;2025;Delantero;21;349;3;7.171347;3;0;8;5;91;3;3.71;6;0;1;35;19;2;4;6;1;1;1;0;0;0;0;0
341640;541;2025;Defensa;20;1031;10;7.121145;2;0;10;3;648;4;30.4;12;8;6;71;43;15;11;2;1;3;2;0;0;0;0;0
361497;541;2025;Defensa;15;1117;14;7.444942;1;1;12;3;896;7;52.93;19;9;11;91;60;8;12;1;1;3;3;1;0;0;0;0
377122;541;2025;Delantero;12;11;0;6.6;0;0;0;0;0;0;0.0;0;0;0;2;2;1;0;1;1;0;0;1;0;0;0;0
386306;541;2025;Mediocentro;1;0;0;0.0;0;0;0;0;0;0;0.0;0;0;0;0;0;0;0;0;0;0;0;0;0;0;0;0
386872;541;2025;Portero;18;0;0;0.0;0;0;0;0;0;0;0.0;0;0;0;0;0;0;0;0;0;0;0;0;0;0;0;0
396475;541;2025;Portero;3;0;0;0.0;0;0;0;0;0;0;0.0;0;0;0;0;0;0;0;0;0;0;0;0;0;0;0;0
449249;541;2025;Mediocentro;19;690;8;6.812029;1;0;16;4;345;9;16.47;18;0;2;126;54;18;15;39;15;13;4;0;0;0;0;0
451355;541;2025;Defensa;1;0;0;0.0;0;0;0;0;0;0;0.0;0;0;0;0;0;0;0;0;0;0;0;0;0;0;0;0
490779;541;2025;Defensa;1;78;1;6.6;0;0;0;0;34;1;32.0;5;0;0;12;7;1;3;1;1;1;0;0;0;0;0;0
509470;541;2025;Mediocentro;7;0;0;0.0;0;0;0;0;0;0;0.0;0;0;0;0;0;0;0;0;0;0;0;0;0;0;0;0
560905;541;2025;Mediocentro;4;0;0;0.0;0;0;0;0;0;0;0.0;0;0;0;0;0;0;0;0;0;0;0;0;0;0;0;0
561033;541;2025;Defensa;2;0;0;0.0;0;0;0;0;0;0;0.0;0;0;0;0;0;0;0;0;0;0;0;0;0;0;0;0
143;542;2025;Mediocentro;22;1310;15;6.721603;0;3;11;4;581;19;22.23;27;2;5;149;73;26;22;20;10;10;3;0;0;0;0;0
608;542;2025;Delantero;16;1178;12;6.753226;5;1;29;12;261;18;12.12;24;3;4;228;85;15;32;47;25;9;2;1;1;0;0;0
760;542;2025;Delantero;16;277;3;6.477256;0;0;5;3;39;2;1.56;3;1;0;55;16;0;13;2;1;0;1;0;0;0;0;0
1461;542;2025;Mediocentro;17;920;10;6.83913;1;0;2;2;576;12;29.41;14;2;5;113;48;18;13;30;13;16;4;0;0;0;0;0
6085;542;2025;Defensa;20;217;2;6.664977;0;0;2;2;106;2;4.7;3;3;2;21;8;2;7;1;0;1;2;1;0;0;0;0
6233;542;2025;Defensa;22;1800;20;6.855;1;0;10;2;776;4;30.64;35;16;22;150;89;22;14;14;8;9;2;0;0;0;0;0
6638;542;2025;Defensa;7;590;6;6.650847;0;0;5;3;221;0;26.43;9;8;5;52;26;2;8;0;0;2;2;0;0;0;0;0
18740;542;2025;Defensa;22;1936;22;6.721643;0;0;5;2;1170;11;45.86;44;8;30;188;100;17;22;25;18;20;4;0;0;0;0;0
41412;542;2025;Defensa;1;0;0;0.0;0;0;0;0;0;0;0.0;0;0;0;0;0;0;0;0;0;0;0;0;0;0;0;0
46987;542;2025;Portero;22;0;0;0.0;0;0;0;0;0;0;0.0;0;0;0;0;0;0;0;0;0;0;0;0;0;0;0;0
47181;542;2025;Delantero;22;1391;16;6.817685;4;2;36;15;325;11;8.64;16;1;4;281;140;21;20;22;11;5;0;0;0;0;0;0
47309;542;2025;Mediocentro;22;479;2;6.736117;1;0;3;1;284;2;10.32;7;1;5;65;27;3;9;8;5;10;2;0;0;0;0;0
47353;542;2025;Portero;22;1985;22;7.026952;0;0;0;0;588;0;13.36;2;0;0;9;8;0;1;0;0;0;0;0;0;27;57;0
70476;542;2025;Defensa;14;219;3;6.505023;0;0;0;0;64;1;2.93;6;0;1;27;13;1;4;3;1;4;1;0;0;0;0;0
104821;542;2025;Mediocentro;21;568;7;6.29243;0;0;5;2;243;1;9.14;8;0;3;66;24;2;8;11;4;6;0;0;0;0;0;0
128951;542;2025;Defensa;21;1100;12;6.385364;0;1;3;1;390;9;14.52;15;4;4;100;50;9;19;8;5;7;6;0;0;0;0;0
139001;542;2025;Mediocentro;22;1356;17;6.713864;1;1;20;9;621;11;24.23;29;7;13;233;112;42;26;55;26;18;4;0;0;0;0;0
162686;542;2025;Mediocentro;21;1744;20;6.960092;1;1;15;9;1151;11;47.14;57;5;35;236;114;21;40;18;14;33;5;0;0;0;0;0
182546;542;2025;Defensa;19;1325;15;6.863019;0;0;3;0;683;3;30.63;33;17;10;104;69;4;7;3;2;5;3;0;0;0;0;0
183751;542;2025;Mediocentro;22;785;8;6.540764;0;0;17;8;256;16;9.32;21;0;7;131;53;18;24;30;8;12;4;0;0;0;0;0
187214;542;2025;Mediocentro;21;1256;11;6.987659;5;0;10;6;473;27;18.0;28;2;7;168;92;42;12;37;11;20;1;0;3;0;0;0
266658;542;2025;Mediocentro;21;615;11;6.667642;0;0;2;1;255;9;10.62;22;1;6;104;53;16;13;37;14;4;2;0;0;0;0;0
315586;542;2025;Mediocentro;8;2;0;0.0;0;0;0;0;1;0;0.12;0;0;0;1;0;0;0;0;0;0;0;0;0;0;0;0
330440;542;2025;Delantero;8;33;0;6.069697;0;0;0;0;10;2;1.0;1;0;0;10;1;0;1;4;0;1;0;0;0;0;0;0
361384;542;2025;Defensa;22;840;8;6.559524;0;0;5;2;363;7;12.86;11;1;9;79;34;7;14;19;6;7;2;0;0;0;0;0
377215;542;2025;Portero;5;0;0;0.0;0;0;0;0;0;0;0.0;0;0;0;0;0;0;0;0;0;0;0;0;0;0;0;0
387530;542;2025;Defensa;8;0;0;0.0;0;0;0;0;0;0;0.0;0;0;0;0;0;0;0;0;0;0;0;0;0;0;0;0
438131;542;2025;Defensa;1;0;0;0.0;0;0;0;0;0;0;0.0;0;0;0;0;0;0;0;0;0;0;0;0;0;0;0;0
439032;542;2025;Portero;1;0;0;0.0;0;0;0;0;0;0;0.0;0;0;0;0;0;0;0;0;0;0;0;0;0;0;0;0
551366;542;2025;Defensa;1;0;0;0.0;0;0;0;0;0;0;0.0;0;0;0;0;0;0;0;0;0;0;0;0;0;0;0;0
551461;542;2025;Portero;4;0;0;0.0;0;0;0;0;0;0;0.0;0;0;0;0;0;0;0;0;0;0;0;0;0;0;0;0
565586;542;2025;Delantero;6;9;0;6.2;0;0;1;0;4;0;0.33;0;0;0;2;1;1;1;0;0;0;0;0;0;0;0;0
625744;542;2025;Delantero;2;0;0;0.0;0;0;0;0;0;0;0.0;0;0;0;0;0;0;0;0;0;0;0;0;0;0;0;0
626494;542;2025;Defensa;1;0;0;0.0;0;0;0;0;0;0;0.0;0;0;0;0;0;0;0;0;0;0;0;0;0;0;0;0
74;543;2025;Mediocentro;8;602;6;7.101827;0;0;2;1;434;4;49.25;11;2;6;52;30;13;10;2;2;8;3;0;0;0;0;0
745;543;2025;Mediocentro;1;30;0;7.2;0;1;0;0;19;2;14.0;0;0;0;3;2;2;0;0;0;0;0;0;0;0;0;0
1439;543;2025;Defensa;16;1100;12;6.674273;0;2;3;3;579;18;31.38;14;1;7;71;33;1;10;8;5;10;1;0;0;0;0;0
1557;543;2025;Portero;15;720;8;7.15;0;0;0;0;221;0;11.07;0;0;0;5;4;2;0;0;0;1;1;0;0;9;26;1
1561;543;2025;Defensa;18;1448;15;7.044268;1;0;7;4;798;4;37.83;40;19;22;134;83;8;10;7;5;18;3;0;0;0;0;0
1564;543;2025;Defensa;15;541;6;6.728096;0;1;3;0;263;7;14.53;19;1;6;64;42;7;6;5;3;5;2;0;0;0;0;0
1578;543;2025;Mediocentro;19;1098;11;7.242805;2;2;18;10;680;25;31.47;14;0;5;131;75;38;7;27;14;12;3;0;0;0;0;0
1631;543;2025;Defensa;18;783;9;6.683525;0;1;2;0;337;4;16.22;10;2;6;44;24;5;4;2;1;7;0;0;0;0;0;0
1697;543;2025;Mediocentro;21;1743;21;7.171429;5;4;18;12;1032;47;42.48;26;2;21;166;66;16;18;32;16;20;1;0;0;0;0;0
3033;543;2025;Delantero;16;172;1;6.587791;1;0;7;3;24;1;1.19;0;0;1;19;6;3;3;2;0;1;0;0;0;0;0;0
9971;543;2025;Mediocentro;16;1329;16;7.269451;5;4;38;20;664;31;34.69;20;1;10;122;63;24;10;31;15;14;1;1;0;0;0;0
18812;543;2025;Portero;21;0;0;0.0;0;0;0;0;0;0;0.0;0;0;0;0;0;0;0;0;0;0;0;0;0;0;0;0
46990;543;2025;Portero;21;1170;13;6.946154;0;0;0;0;410;0;14.19;0;0;0;11;8;2;0;1;1;3;0;0;0;18;40;0
47119;543;2025;Defensa;17;944;10;7.038136;4;1;15;9;332;14;16.06;17;2;10;99;42;16;12;16;5;14;2;0;0;0;0;0
47302;543;2025;Defensa;15;112;2;6.482143;1;0;1;1;73;0;3.93;4;1;6;8;5;0;0;0;0;0;0;0;0;0;0;0
47341;543;2025;Mediocentro;18;1087;13;6.769273;0;1;7;4;574;9;27.33;24;3;12;106;47;11;25;10;7;14;1;0;0;0;0;0
47579;543;2025;Delantero;20;178;1;6.353933;0;0;2;0;38;3;1.35;0;0;2;24;8;5;3;1;0;2;4;0;0;0;0;0
47582;543;2025;Delantero;19;1651;19;6.931254;8;3;40;15;441;27;16.37;21;2;7;193;85;19;17;36;17;5;2;0;1;0;0;0
128985;543;2025;Mediocentro;1;0;0;0.0;0;0;0;0;0;0;0.0;0;0;0;0;0;0;0;0;0;0;0;0;0;0;0;0
136117;543;2025;Mediocentro;20;596;7;6.570134;0;1;10;4;233;13;9.7;8;0;3;78;27;8;6;25;7;13;1;0;0;0;0;0
181421;543;2025;Mediocentro;12;873;10;7.25189;4;3;25;11;320;13;20.58;22;0;6;174;90;33;13;39;18;11;1;0;0;0;0;0
195100;543;2025;Defensa;21;1717;20;6.771928;0;0;6;1;889;5;36.9;18;12;24;148;82;10;13;3;2;8;5;0;0;0;0;0
286084;543;2025;Mediocentro;20;711;8;7.144023;1;1;2;1;462;8;21.15;32;3;15;84;54;11;9;3;2;9;2;0;0;0;0;0
300885;543;2025;Mediocentro;14;420;5;7.050238;0;0;7;0;159;3;9.57;8;0;3;85;50;15;14;21;15;3;2;0;0;0;0;0
334574;543;2025;Defensa;18;402;5;6.581592;0;0;0;0;156;3;7.28;16;3;3;55;26;6;7;14;4;8;1;0;0;0;0;0
351131;543;2025;Mediocentro;5;1;0;0.0;0;0;0;0;1;0;0.2;0;0;0;3;2;1;0;2;1;0;0;0;0;0;0;0
355004;543;2025;Defensa;21;1106;11;6.856058;1;0;9;3;576;5;23.71;33;8;16;130;74;6;17;9;8;14;4;0;0;0;0;0
392455;543;2025;Portero;2;0;0;0.0;0;0;0;0;0;0;0.0;0;0;0;0;0;0;0;0;0;0;0;0;0;0;0;0
443163;543;2025;Delantero;18;351;2;6.380057;0;0;9;4;84;2;3.78;10;0;4;59;24;9;5;17;5;6;1;0;0;0;0;0
450714;543;2025;Mediocentro;2;14;0;6.3;0;0;0;0;7;0;3.5;0;0;0;5;1;1;1;0;0;2;0;0;0;0;0;0
456619;543;2025;Portero;2;0;0;0.0;0;0;0;0;0;0;0.0;0;0;0;0;0;0;0;0;0;0;0;0;0;0;0;0
477231;543;2025;Mediocentro;3;0;0;0.0;0;0;0;0;0;0;0.0;0;0;0;0;0;0;0;0;0;0;0;0;0;0;0;0
548853;543;2025;Defensa;2;0;0;0.0;0;0;0;0;0;0;0.0;0;0;0;0;0;0;0;0;0;0;0;0;0;0;0;0
6490;546;2025;Delantero;1;86;1;7.2;1;0;1;1;18;1;14.0;1;0;0;11;4;1;2;1;0;0;0;0;0;0;0;0
18794;546;2025;Defensa;17;1140;14;6.701491;0;1;3;1;376;10;17.47;28;2;22;101;55;10;13;8;4;10;2;0;0;0;0;0
18867;546;2025;Defensa;21;1530;16;6.640261;0;0;7;1;532;10;16.62;43;3;26;171;95;27;19;15;6;21;2;0;0;0;0;0
41976;546;2025;Defensa;15;73;0;6.19863;0;0;0;0;18;0;1.0;0;0;0;10;2;2;4;1;0;1;2;0;0;0;0;0
46795;546;2025;Defensa;19;1536;18;6.527083;0;0;6;1;492;0;19.79;14;8;18;128;77;18;18;0;0;4;7;0;0;0;0;0
46813;546;2025;Defensa;10;691;8;6.952098;0;1;5;1;243;3;17.5;23;4;9;79;56;18;9;6;2;3;5;0;0;0;0;0
46860;546;2025;Mediocentro;17;461;4;6.589154;0;0;12;6;154;5;6.18;6;1;4;34;14;2;4;6;4;2;0;0;0;0;0;0
47085;546;2025;Mediocentro;20;1755;20;7.032877;0;7;7;1;814;43;32.1;28;5;21;173;95;31;15;22;10;14;2;1;0;0;0;0
47247;546;2025;Portero;21;1890;21;6.933333;0;0;0;0;609;1;13.05;0;0;0;3;3;1;0;0;0;0;2;0;0;27;68;0
47250;546;2025;Defensa;20;1494;18;6.707564;0;0;2;0;487;1;19.25;20;8;13;112;68;12;15;4;4;5;5;0;0;0;0;0
47258;546;2025;Mediocentro;21;1860;21;6.791398;3;1;28;11;480;10;17.19;40;3;13;267;136;42;29;27;14;22;3;0;0;0;0;0
47306;546;2025;Mediocentro;3;12;0;6.7;0;0;0;0;0;0;0.0;0;0;0;5;2;2;0;2;0;0;0;0;0;0;0;0
47320;546;2025;Delantero;14;176;0;6.681818;1;0;2;1;37;3;1.71;2;0;0;26;9;1;2;2;1;3;0;0;0;0;0;0
47407;546;2025;Defensa;15;273;4;6.568864;0;0;2;1;100;3;4.27;5;0;1;34;18;3;8;3;1;1;4;1;0;0;0;0
47472;546;2025;Delantero;16;1043;12;6.736913;4;1;10;7;255;4;12.88;5;2;5;95;33;7;6;9;6;4;0;0;0;0;0;0
66491;546;2025;Portero;19;0;0;0.0;0;0;0;0;0;0;0.0;0;0;0;0;0;0;0;0;0;0;0;0;0;0;0;0
119742;546;2025;Defensa;21;1686;19;6.703203;1;1;6;3;519;7;16.24;57;6;11;230;129;41;31;34;17;21;2;0;0;0;0;0
180927;546;2025;Defensa;1;90;1;6.3;0;0;0;0;31;0;17.0;2;0;4;6;4;0;1;0;0;0;0;0;0;0;0;0
195512;546;2025;Delantero;2;180;2;6.6;0;0;2;1;47;2;15.0;1;0;3;33;15;3;2;6;2;0;1;0;0;0;0;0
270516;546;2025;Delantero;3;0;0;0.0;0;0;0;0;0;0;0.0;0;0;0;0;0;0;0;0;0;0;0;0;0;0;0;0
284441;546;2025;Delantero;13;198;1;6.421212;0;0;2;1;61;2;3.15;4;1;2;29;11;2;2;7;2;2;1;0;0;0;0;0
297235;546;2025;Defensa;3;0;0;0.0;0;0;0;0;0;0;0.0;0;0;0;0;0;0;0;0;0;0;0;0;0;0;0;0
309364;546;2025;Delantero;20;361;2;6.61662;0;0;4;1;132;4;4.5;10;0;1;83;44;6;8;20;10;6;1;0;0;0;0;0
316516;546;2025;Defensa;1;11;0;6.2;0;0;1;1;0;0;0.0;0;0;0;1;0;0;0;0;0;1;0;0;0;0;0;0
333369;546;2025;Delantero;13;20;0;6.66;0;0;1;0;4;0;0.08;0;0;0;8;4;2;1;0;0;0;0;0;0;0;0;0
343205;546;2025;Mediocentro;20;1356;18;6.471165;2;0;10;4;379;7;14.25;35;2;5;283;108;18;42;28;10;24;7;0;0;0;0;0
386187;546;2025;Mediocentro;8;10;0;6.3;0;0;0;0;5;0;0.62;0;0;0;2;0;0;0;0;0;1;0;0;0;0;0;0
394573;546;2025;Delantero;18;1312;17;6.528201;3;0;13;7;215;3;8.28;16;2;2;232;80;27;30;34;12;10;2;0;0;0;0;0
403554;546;2025;Delantero;3;270;3;7.166667;1;1;4;1;43;4;9.0;2;0;0;59;25;8;10;16;7;0;1;0;0;0;0;0
432080;546;2025;Portero;1;0;0;0.0;0;0;0;0;0;0;0.0;0;0;0;0;0;0;0;0;0;0;0;0;0;0;0;0
439616;546;2025;Delantero;1;0;0;0.0;0;0;0;0;0;0;0.0;0;0;0;0;0;0;0;0;0;0;0;0;0;0;0;0
439617;546;2025;Defensa;11;120;1;6.8475;0;1;0;0;19;1;1.09;6;0;2;27;11;3;7;3;2;3;2;0;0;0;0;0
465838;546;2025;Mediocentro;2;0;0;0.0;0;0;0;0;0;0;0.0;0;0;0;0;0;0;0;0;0;0;0;0;0;0;0;0
471478;546;2025;Defensa;8;429;4;6.363403;0;0;2;1;147;2;11.12;14;1;3;59;29;1;14;13;8;2;1;0;0;0;0;0
482071;546;2025;Portero;2;0;0;0.0;0;0;0;0;0;0;0.0;0;0;0;0;0;0;0;0;0;0;0;0;0;0;0;0
546852;546;2025;Delantero;16;633;5;6.449605;0;1;8;4;166;7;7.19;9;0;2;80;25;11;13;9;4;9;3;1;0;0;0;0
551460;546;2025;Mediocentro;1;0;0;0.0;0;0;0;0;0;0;0.0;0;0;0;0;0;0;0;0;0;0;0;0;0;0;0;0
551462;546;2025;Delantero;4;0;0;0.0;0;0;0;0;0;0;0.0;0;0;0;0;0;0;0;0;0;0;0;0;0;0;0;0
579838;546;2025;Mediocentro;3;79;1;6.411392;0;0;1;0;21;0;5.33;2;0;0;9;6;2;1;2;2;0;0;0;0;0;0;0
609740;546;2025;Defensa;10;0;0;0.0;0;0;0;0;0;0;0.0;0;0;0;0;0;0;0;0;0;0;0;0;0;0;0;0
625636;546;2025;Defensa;8;26;0;6.5;0;0;0;0;9;1;1.0;3;0;0;9;5;0;1;2;2;0;0;0;0;0;0;0
631889;546;2025;Mediocentro;3;0;0;0.0;0;0;0;0;0;0;0.0;0;0;0;0;0;0;0;0;0;0;0;0;0;0;0;0
20;547;2025;Mediocentro;16;1245;15;6.888916;1;0;7;2;676;7;37.88;17;2;13;126;67;18;19;3;2;14;2;1;0;0;0;0
45;547;2025;Mediocentro;13;550;5;6.506727;0;1;5;4;309;9;20.46;11;2;1;75;30;12;9;14;5;7;2;0;0;0;0;0
127;547;2025;Portero;1;90;1;6.9;0;0;0;0;30;0;27.0;0;0;0;0;0;0;0;0;0;0;0;0;0;1;1;0
155;547;2025;Delantero;8;39;0;6.505128;0;0;0;0;10;0;0.75;1;0;1;6;2;0;2;0;0;0;0;0;0;0;0;0
158;547;2025;Portero;20;1663;19;7.046663;0;0;0;0;637;0;20.7;0;0;0;9;6;2;1;1;0;1;3;1;0;28;62;0
531;547;2025;Defensa;19;1583;18;6.919078;0;0;0;0;1180;8;56.11;39;11;22;127;74;7;9;8;5;10;1;0;0;0;0;0
547;547;2025;Mediocentro;3;41;1;6.7;0;0;2;1;13;0;4.0;0;1;0;0;0;0;0;0;0;0;0;0;0;0;0;0
1305;547;2025;Portero;16;0;0;0.0;0;0;0;0;0;0;0.0;0;0;0;0;0;0;0;0;0;0;0;0;0;0;0;0
1700;547;2025;Mediocentro;20;1553;18;6.971024;0;1;4;2;887;14;39.15;43;2;10;176;99;23;22;30;18;11;4;1;0;0;0;0
2061;547;2025;Mediocentro;18;1010;12;6.500792;0;3;9;3;297;12;13.67;16;0;7;162;66;27;13;51;19;12;4;0;0;0;0;0
2182;547;2025;Mediocentro;15;1131;14;7.002564;4;2;14;10;434;18;23.27;21;1;8;120;61;16;9;25;10;5;0;0;0;0;0;0
2449;547;2025;Mediocentro;2;112;2;6.5125;0;0;1;0;43;0;16.5;2;0;1;15;8;3;1;2;1;1;0;0;0;0;0;0
2617;547;2025;Delantero;13;210;1;6.668095;3;0;4;4;32;1;1.62;3;0;1;31;17;6;4;2;2;2;2;0;3;0;0;0
47153;547;2025;Portero;2;0;0;0.0;0;0;0;0;0;0;0.0;0;0;0;0;0;0;0;0;0;0;0;0;0;0;0;0
47334;547;2025;Defensa;7;202;2;6.414851;0;0;1;1;173;0;21.71;2;1;0;9;6;0;1;1;1;0;0;0;0;0;0;0
47435;547;2025;Mediocentro;1;90;1;7.0;0;0;1;0;86;1;78.0;3;0;0;9;4;0;2;0;0;0;1;0;0;0;0;0
47520;547;2025;Delantero;12;473;4;6.561311;0;0;6;5;78;3;4.67;4;1;2;37;12;4;6;3;0;2;1;0;0;0;0;0
47547;547;2025;Defensa;20;1755;19;6.628205;0;3;9;4;721;10;30.15;24;7;20;157;75;12;21;49;24;19;4;0;0;0;0;0
66407;547;2025;Defensa;2;180;2;5.6;0;0;1;0;104;0;46.0;2;1;1;11;5;0;2;0;0;1;1;0;0;0;0;0
109564;547;2025;Delantero;1;44;1;6.5;0;0;0;0;3;0;2.0;0;0;0;1;0;0;0;1;0;0;0;0;0;0;0;0
129678;547;2025;Mediocentro;10;784;9;7.305612;3;1;13;7;362;13;30.3;11;0;12;139;75;34;9;56;30;12;6;0;0;0;0;0
161670;547;2025;Delantero;18;1364;18;6.696554;7;0;15;13;199;8;8.39;3;1;2;104;35;12;24;13;7;3;4;0;3;0;0;0
162434;547;2025;Defensa;16;466;5;6.672747;0;0;3;3;279;4;13.62;10;1;7;41;29;9;6;4;3;2;1;1;0;0;0;0
281795;547;2025;Mediocentro;20;605;6;6.838182;0;0;10;5;151;12;6.45;8;1;5;68;31;8;11;22;13;2;0;0;0;0;0;0
283668;547;2025;Defensa;20;1286;16;6.83958;1;1;6;1;704;4;30.15;37;5;25;137;79;17;13;14;7;14;5;0;0;0;0;0
297304;547;2025;Delantero;2;71;1;6.5;0;0;1;1;10;2;3.5;1;0;1;8;2;0;2;0;0;0;0;0;0;0;0;0
306727;547;2025;Mediocentro;17;384;3;6.351042;0;0;3;2;164;1;8.53;3;1;4;41;15;7;2;11;3;7;0;0;0;0;0;0
313025;547;2025;Defensa;21;1022;9;6.577886;0;0;3;0;432;7;17.19;22;6;4;118;64;28;18;11;5;7;2;0;0;0;0;0
339105;547;2025;Mediocentro;18;804;9;6.617786;1;0;13;7;203;9;9.39;12;1;1;140;65;24;9;58;25;7;3;0;0;0;0;0
414359;547;2025;Defensa;20;1698;19;7.034158;1;1;6;2;1031;5;46.8;20;28;16;153;92;11;13;5;4;5;4;1;0;0;0;0
414385;547;2025;Mediocentro;1;27;0;6.9;0;0;0;0;15;0;12.0;0;0;0;2;1;1;0;0;0;0;0;0;0;0;0;0
414409;547;2025;Delantero;7;19;0;6.436842;0;0;0;0;3;0;0.43;0;0;0;4;2;0;1;2;2;0;1;0;0;0;0;0
429757;547;2025;Defensa;2;0;0;0.0;0;0;0;0;0;0;0.0;0;0;0;0;0;0;0;0;0;0;0;0;0;0;0;0
432476;547;2025;Portero;12;136;1;7.102941;0;0;0;0;39;0;2.08;0;0;0;1;1;1;0;0;0;0;0;0;0;5;4;0
439709;547;2025;Defensa;3;0;0;0.0;0;0;0;0;0;0;0.0;0;0;0;0;0;0;0;0;0;0;0;0;0;0;0;0
442861;547;2025;Portero;9;0;0;0.0;0;0;0;0;0;0;0.0;0;0;0;0;0;0;0;0;0;0;0;0;0;0;0;0
455366;547;2025;Delantero;15;0;0;0.0;0;0;0;0;0;0;0.0;0;0;0;0;0;0;0;0;0;0;0;0;0;0;0;0
491106;547;2025;Defensa;15;0;0;0.0;0;0;0;0;0;0;0.0;0;0;0;0;0;0;0;0;0;0;0;0;0;0;0;0
551459;547;2025;Mediocentro;11;64;0;6.284375;0;0;0;0;13;0;0.91;0;0;1;7;1;1;2;0;0;2;0;1;0;0;0;0
553313;547;2025;Delantero;1;0;0;0.0;0;0;0;0;0;0;0.0;0;0;0;0;0;0;0;0;0;0;0;0;0;0;0;0
23;548;2025;Defensa;20;1435;16;6.887875;0;0;3;0;830;22;35.55;64;3;18;162;90;9;29;9;5;31;1;0;0;0;0;0
737;548;2025;Defensa;18;134;1;7.353731;1;0;1;1;16;2;0.78;4;2;0;13;8;3;1;2;0;0;0;0;0;0;0;0
925;548;2025;Mediocentro;21;1143;15;6.912073;5;2;15;11;343;15;11.76;16;0;3;130;59;19;11;27;14;20;1;0;0;0;0;0
930;548;2025;Mediocentro;17;1039;11;6.90539;2;2;17;12;480;19;24.53;20;3;6;90;39;10;20;7;5;8;2;1;0;0;0;0
1902;548;2025;Defensa;21;1057;12;6.800662;0;0;5;1;683;3;29.05;9;10;12;91;51;6;15;0;0;1;4;1;0;0;0;0
2202;548;2025;Defensa;2;0;0;0.0;0;0;0;0;0;0;0.0;0;0;0;0;0;0;0;0;0;0;0;0;0;0;0;0
2449;548;2025;Mediocentro;2;90;2;6.663333;0;0;2;1;24;0;8.5;3;0;0;16;10;4;3;0;0;1;1;0;0;0;0;0
7332;548;2025;Mediocentro;20;313;3;6.413419;0;0;2;2;137;3;5.55;4;0;1;35;14;1;3;8;4;1;1;0;0;0;0;0
31406;548;2025;Delantero;11;159;2;6.280503;0;0;2;0;22;1;1.27;1;0;0;26;7;2;2;5;1;1;1;0;0;0;0;0
32862;548;2025;Mediocentro;18;1183;13;7.249112;2;3;18;12;375;27;16.56;26;0;7;154;94;37;6;50;26;10;0;0;0;0;0;0
47269;548;2025;Portero;21;1890;21;6.880952;0;0;0;0;709;3;23.9;1;0;1;10;9;2;0;1;1;1;0;0;0;29;49;0
47298;548;2025;Defensa;18;343;4;6.395627;0;0;2;1;168;0;8.17;6;2;5;37;14;3;12;1;0;6;0;0;0;0;0;0
47303;548;2025;Defensa;21;599;6;6.470451;0;0;3;0;207;3;8.14;24;0;4;67;34;3;6;8;2;14;1;0;0;0;0;0
47314;548;2025;Defensa;17;1395;15;6.635484;0;1;3;1;727;5;37.24;20;10;15;117;52;3;21;4;1;5;6;0;0;0;0;0
47317;548;2025;Mediocentro;19;1099;13;6.965696;3;3;18;7;429;29;18.11;11;2;10;167;67;16;22;71;35;10;2;0;0;0;0;0
47323;548;2025;Delantero;18;1585;18;7.178549;8;3;40;23;378;28;15.94;18;1;1;203;86;27;14;33;19;11;2;0;3;0;0;0
47440;548;2025;Mediocentro;20;1221;15;7.028501;5;2;19;13;614;18;25.0;20;1;5;156;76;21;32;33;15;5;4;0;1;0;0;0
61774;548;2025;Delantero;6;125;1;6.552;1;0;4;3;22;1;2.17;3;0;0;12;7;0;1;1;1;0;0;0;0;0;0;0
182546;548;2025;Defensa;1;0;0;0.0;0;0;0;0;0;0;0.0;0;0;0;0;0;0;0;0;0;0;0;0;0;0;0;0
183699;548;2025;Mediocentro;2;10;0;6.6;0;0;0;0;4;0;2.0;0;1;0;0;0;0;0;0;0;0;0;0;0;0;0;0
183744;548;2025;Mediocentro;21;526;7;6.913878;0;1;8;3;232;3;9.38;21;3;2;74;44;9;15;11;8;5;3;0;0;0;0;0
183748;548;2025;Delantero;14;127;0;6.424409;0;0;4;2;16;1;0.71;1;0;0;21;7;4;3;1;0;1;0;0;0;0;0;0
189832;548;2025;Portero;21;0;0;0.0;0;0;0;0;0;0;0.0;0;0;0;0;0;0;0;0;0;0;0;0;0;0;0;0
199044;548;2025;Defensa;19;1615;18;6.749474;1;0;12;5;742;7;30.95;61;6;23;223;123;25;40;11;4;31;7;0;0;0;0;0
268960;548;2025;Mediocentro;18;282;1;6.408156;0;0;3;1;137;8;6.06;8;0;0;32;10;1;3;9;0;4;1;0;0;0;0;0
287654;548;2025;Mediocentro;19;1463;16;6.824607;1;2;5;1;820;10;36.84;35;7;26;158;78;17;22;11;7;19;5;0;0;0;0;0
288384;548;2025;Mediocentro;17;81;1;5.618519;0;0;1;0;29;0;0.82;0;1;0;21;5;0;6;3;2;0;0;0;0;0;0;0
290106;548;2025;Mediocentro;21;721;7;6.484466;0;0;6;3;231;6;8.76;11;1;2;85;33;8;13;21;9;6;1;0;0;0;0;0
337843;548;2025;Portero;2;0;0;0.0;0;0;0;0;0;0;0.0;0;0;0;0;0;0;0;0;0;0;0;0;0;0;0;0
349063;548;2025;Defensa;3;0;0;0.0;0;0;0;0;0;0;0.0;0;0;0;0;0;0;0;0;0;0;0;0;0;0;0;0
353634;548;2025;Mediocentro;2;0;0;0.0;0;0;0;0;0;0;0.0;0;0;0;0;0;0;0;0;0;0;0;0;0;0;0;0
387139;548;2025;Delantero;2;0;0;0.0;0;0;0;0;0;0;0.0;0;0;0;0;0;0;0;0;0;0;0;0;0;0;0;0
402168;548;2025;Delantero;1;1;0;0.0;0;0;0;0;0;0;0.0;0;0;0;2;0;0;2;0;0;0;0;0;0;0;0;0
403561;548;2025;Delantero;1;13;0;6.3;0;0;0;0;2;0;2.0;0;0;0;3;1;1;0;0;0;1;0;0;0;0;0;0
405073;548;2025;Defensa;18;1170;13;6.876923;0;0;6;1;650;1;32.89;13;16;15;111;74;7;11;9;6;1;3;0;0;0;0;0
410841;548;2025;Defensa;1;0;0;0.0;0;0;0;0;0;0;0.0;0;0;0;0;0;0;0;0;0;0;0;0;0;0;0;0
412738;548;2025;Delantero;1;0;0;0.0;0;0;0;0;0;0;0.0;0;0;0;0;0;0;0;0;0;0;0;0;0;0;0;0
431160;548;2025;Portero;3;0;0;0.0;0;0;0;0;0;0;0.0;0;0;0;0;0;0;0;0;0;0;0;0;0;0;0;0
445881;548;2025;Mediocentro;1;1;0;0.0;0;0;1;0;3;0;0.0;0;0;0;1;0;0;0;0;0;0;0;0;0;0;0;0
449063;548;2025;Delantero;1;0;0;0.0;0;0;0;0;0;0;0.0;0;0;0;0;0;0;0;0;0;0;0;0;0;0;0;0
469672;548;2025;Mediocentro;2;0;0;0.0;0;0;0;0;0;0;0.0;0;0;0;0;0;0;0;0;0;0;0;0;0;0;0;0
885;718;2025;Defensa;17;414;5;6.934783;0;0;1;0;205;0;10.71;3;8;8;33;18;2;6;0;0;0;1;0;0;0;0;0
1695;718;2025;Mediocentro;15;445;4;6.898202;0;0;4;0;246;9;14.6;10;1;1;36;22;8;3;5;3;8;0;1;0;0;0;0
2461;718;2025;Delantero;17;1037;13;6.579074;2;0;20;5;206;5;8.71;3;1;1;160;77;21;11;19;9;2;2;0;0;0;0;0
2762;718;2025;Mediocentro;17;483;6;6.732298;0;0;8;3;209;11;8.94;12;0;3;48;22;6;7;11;4;6;1;0;0;0;0;0
2922;718;2025;Mediocentro;20;1322;15;6.812103;1;0;7;4;549;6;23.7;36;7;12;123;66;3;12;8;4;17;2;0;0;0;0;0
3608;718;2025;Mediocentro;20;724;8;6.520304;0;0;4;2;297;2;12.9;12;2;5;58;23;4;11;3;2;5;1;0;0;0;0;0
19613;718;2025;Mediocentro;8;177;2;6.569492;0;0;2;1;94;1;10.25;4;0;2;35;16;5;3;4;2;4;1;0;0;0;0;0
20844;718;2025;Mediocentro;21;1186;12;6.869646;0;2;17;5;308;15;11.86;19;0;3;141;72;9;6;74;43;18;1;0;0;0;0;0
30690;718;2025;Mediocentro;4;92;0;6.352174;0;0;2;0;43;1;8.0;6;3;1;16;7;0;5;1;1;1;2;0;0;0;0;0
30927;718;2025;Mediocentro;20;1307;15;6.817445;0;1;9;2;613;17;26.2;24;3;6;119;63;27;32;5;4;11;4;0;0;0;0;0
38699;718;2025;Mediocentro;18;563;6;6.443694;1;0;5;3;164;1;7.28;9;3;5;65;19;7;14;9;1;12;4;1;0;0;0;0
41970;718;2025;Defensa;16;1182;13;6.898139;1;0;8;3;706;3;37.62;23;13;13;121;76;3;18;2;2;9;7;1;0;0;0;0
42642;718;2025;Portero;21;0;0;0.0;0;0;0;0;0;0;0.0;0;0;0;0;0;0;0;0;0;0;0;0;0;0;0;0
46657;718;2025;Defensa;14;1005;12;6.680896;0;0;4;2;401;2;23.57;19;3;15;86;50;16;10;16;6;8;2;0;0;0;0;0
46673;718;2025;Portero;21;1890;21;7.504762;0;0;0;0;711;1;23.43;0;0;0;7;7;3;1;1;1;0;2;0;0;34;101;2
46862;718;2025;Mediocentro;1;13;0;6.7;0;0;0;0;12;0;10.0;0;0;0;0;0;0;0;0;0;0;0;0;0;0;0;0
46966;718;2025;Defensa;21;704;7;6.945739;0;0;0;0;349;0;15.1;11;4;5;49;33;3;6;1;0;1;3;0;0;0;0;0
47429;718;2025;Defensa;18;1351;15;6.790526;0;0;1;0;648;4;31.89;21;10;19;96;58;6;13;9;7;4;2;0;0;0;0;0
51530;718;2025;Delantero;17;1097;12;6.86928;3;0;18;10;228;15;10.0;27;1;7;213;110;24;27;34;24;6;4;3;1;0;0;0
107140;718;2025;Defensa;16;225;3;6.38;0;1;1;0;88;1;4.88;6;2;2;16;9;1;2;0;0;0;1;0;0;0;0;0
131548;718;2025;Defensa;18;839;9;6.861621;0;1;5;2;320;5;13.89;38;3;11;83;58;3;9;17;10;7;2;0;0;0;0;0
182486;718;2025;Mediocentro;20;1117;14;6.704834;2;0;10;5;462;11;19.3;22;1;8;109;59;20;18;12;9;7;4;1;0;0;0;0
182636;718;2025;Defensa;16;496;6;6.561089;0;0;0;0;175;7;8.12;13;1;3;66;32;13;15;10;3;1;0;0;0;0;0;0
184194;718;2025;Delantero;20;291;2;6.378007;0;1;4;2;49;1;1.7;1;0;1;25;10;4;2;5;3;3;0;0;0;0;0;0
191184;718;2025;Mediocentro;9;0;0;0.0;0;0;0;0;0;0;0.0;0;0;0;0;0;0;0;0;0;0;0;0;0;0;0;0
197513;718;2025;Delantero;3;23;0;6.104348;0;0;0;0;11;0;2.0;0;0;0;6;3;0;2;0;0;0;1;0;0;0;0;0
266202;718;2025;Mediocentro;19;1226;16;6.510685;1;1;24;14;351;8;15.89;24;4;5;183;63;15;30;62;18;15;1;1;0;0;0;0
286564;718;2025;Mediocentro;1;0;0;0.0;0;0;0;0;0;0;0.0;0;0;0;0;0;0;0;0;0;0;0;0;0;0;0;0
295223;718;2025;Defensa;20;1413;15;6.664756;0;0;0;0;592;14;24.0;29;6;23;93;57;6;7;16;7;7;1;0;0;0;0;0
297243;718;2025;Portero;4;0;0;0.0;0;0;0;0;0;0;0.0;0;0;0;0;0;0;0;0;0;0;0;0;0;0;0;0
385405;718;2025;Defensa;4;13;0;6.6;0;0;0;0;7;0;1.5;0;0;0;1;0;0;0;1;0;0;0;0;0;0;0;0
402580;718;2025;Defensa;4;45;0;6.3;0;0;0;0;13;0;2.75;0;0;0;0;0;0;0;0;0;0;0;0;0;0;0;0
438123;718;2025;Delantero;7;0;0;0.0;0;0;0;0;0;0;0.0;0;0;0;0;0;0;0;0;0;0;0;0;0;0;0;0
443152;718;2025;Mediocentro;2;0;0;0.0;0;0;0;0;0;0;0.0;0;0;0;0;0;0;0;0;0;0;0;0;0;0;0;0
562472;718;2025;Mediocentro;1;0;0;0.0;0;0;0;0;0;0;0.0;0;0;0;0;0;0;0;0;0;0;0;0;0;0;0;0
600938;718;2025;Mediocentro;11;66;0;6.206061;0;0;1;0;12;0;0.55;0;0;0;7;2;1;1;1;1;1;0;0;0;0;0;0
1825;727;2025;Mediocentro;20;1419;19;6.7926;0;1;12;4;622;8;23.25;22;3;18;166;113;20;22;6;4;8;4;0;0;0;0;0
21701;727;2025;Mediocentro;15;1043;13;6.685331;0;1;3;0;425;6;21.6;20;1;13;102;50;10;15;19;8;8;3;1;0;0;0;0
37938;727;2025;Delantero;17;171;0;6.6;0;0;1;0;45;2;1.88;2;0;3;16;3;1;4;2;0;0;0;0;0;0;0;0
46646;727;2025;Portero;21;1890;21;7.309524;0;0;0;0;602;0;19.43;0;0;0;11;10;4;0;0;0;1;2;0;0;25;77;0
46658;727;2025;Mediocentro;19;1126;13;6.981439;2;4;13;5;437;23;18.05;29;0;8;144;66;17;14;17;7;18;2;0;0;0;0;0
46662;727;2025;Mediocentro;20;1733;20;6.929833;0;3;7;3;860;25;33.75;29;3;15;130;56;8;24;10;6;31;5;0;0;0;0;0
46667;727;2025;Delantero;21;233;1;6.495279;0;0;0;0;47;2;1.52;4;1;0;33;12;4;4;9;2;1;2;0;0;0;0;0
46746;727;2025;Delantero;20;1565;18;6.892268;9;0;49;21;243;8;7.0;12;3;2;233;103;22;35;12;3;2;0;0;3;0;0;0
46967;727;2025;Defensa;18;593;7;6.581619;0;0;1;0;203;2;9.83;4;4;3;22;10;1;4;3;2;2;0;0;0;0;0;0
47448;727;2025;Portero;21;0;0;0.0;0;0;0;0;0;0;0.0;0;0;0;0;0;0;0;0;0;0;2;0;0;0;0;0
47533;727;2025;Defensa;19;1710;19;6.978947;2;1;9;2;918;7;40.74;22;18;19;153;82;9;28;4;2;4;7;1;0;0;0;0
47566;727;2025;Defensa;4;345;4;7.091304;0;1;2;1;139;8;29.0;14;0;5;58;35;9;7;17;10;2;1;0;0;0;0;0
47574;727;2025;Mediocentro;19;912;10;6.972259;0;0;4;2;632;7;29.58;12;1;8;80;44;19;13;12;4;7;1;0;0;0;0;0
67939;727;2025;Mediocentro;15;1122;13;6.938324;0;2;8;2;441;21;22.87;22;1;5;168;86;33;11;35;16;8;4;0;0;0;0;0
146751;727;2025;Delantero;21;657;5;6.595282;3;0;17;11;146;5;4.95;11;1;6;108;56;9;4;20;9;1;1;0;0;0;0;0
181259;727;2025;Mediocentro;18;1362;15;6.865859;1;0;10;3;400;9;16.83;30;5;15;126;71;17;13;25;13;15;5;1;0;0;0;0
182592;727;2025;Defensa;21;925;10;6.684;0;1;1;0;369;2;14.86;22;7;12;78;46;6;14;2;2;6;2;0;0;0;0;0
182621;727;2025;Mediocentro;21;364;2;6.620055;0;0;3;1;161;0;6.62;6;1;5;46;18;5;9;5;2;6;3;0;0;0;0;0
264470;727;2025;Delantero;1;0;0;0.0;0;0;0;0;0;0;0.0;0;0;0;0;0;0;0;0;0;0;0;0;0;0;0;0
279822;727;2025;Defensa;18;1524;17;6.897507;1;1;1;1;680;7;30.89;42;12;9;129;72;3;21;6;3;5;4;0;0;0;0;0
288800;727;2025;Delantero;8;163;1;7.295706;1;0;2;1;75;2;7.62;1;1;2;17;6;3;3;3;1;3;1;0;0;0;0;0
311972;727;2025;Defensa;1;0;0;0.0;0;0;0;0;0;0;0.0;0;0;0;0;0;0;0;0;0;0;0;0;0;0;0;0
332304;727;2025;Defensa;4;0;0;0.0;0;0;0;0;0;0;0.0;0;0;0;0;0;0;0;0;0;0;0;0;0;0;0;0
338751;727;2025;Delantero;21;1582;19;6.711884;3;1;32;17;334;13;12.86;15;0;4;251;99;31;17;112;48;14;2;0;0;0;0;0
348029;727;2025;Portero;8;0;0;0.0;0;0;0;0;0;0;0.0;0;0;0;0;0;0;0;0;0;0;0;0;0;0;0;0
381197;727;2025;Defensa;21;246;2;6.426423;1;0;2;1;115;2;4.24;3;1;4;33;15;0;9;2;0;1;0;0;0;0;0;0
391819;727;2025;Delantero;1;0;0;0.0;0;0;0;0;0;0;0.0;0;0;0;0;0;0;0;0;0;0;0;0;0;0;0;0
421044;727;2025;Defensa;10;183;2;6.839891;0;0;0;0;38;1;2.4;3;1;2;12;3;0;2;2;0;1;0;1;0;0;0;0
429553;727;2025;Mediocentro;3;0;0;0.0;0;0;0;0;0;0;0.0;0;0;0;0;0;0;0;0;0;0;0;0;0;0;0;0
52;728;2025;Delantero;18;461;4;6.520174;0;0;8;4;127;6;5.94;2;0;2;47;20;9;3;13;7;2;2;1;0;0;0;0
1703;728;2025;Defensa;18;1568;18;6.796939;0;1;17;6;740;19;34.0;38;2;23;198;95;13;12;69;33;11;6;0;0;0;0;0
1847;728;2025;Defensa;11;289;5;6.595502;0;0;2;1;170;0;14.09;5;1;5;16;8;0;3;0;0;2;1;0;0;0;0;0
11379;728;2025;Portero;21;1890;21;7.038095;0;0;0;0;760;2;24.1;1;0;0;14;12;3;0;3;3;2;3;0;0;28;58;0
18895;728;2025;Defensa;21;1881;21;6.833971;0;0;23;7;1279;9;53.67;37;17;23;165;88;5;32;7;5;15;3;0;0;0;0;0
20520;728;2025;Defensa;18;265;2;6.786792;0;0;2;0;144;1;6.78;5;1;3;25;12;2;6;5;3;1;2;0;0;0;0;0
41552;728;2025;Mediocentro;15;1058;11;7.21569;1;0;8;6;694;6;41.07;31;8;15;101;55;4;13;8;4;8;4;1;0;0;0;0
46759;728;2025;Defensa;19;548;5;6.534307;1;0;6;4;246;5;9.37;16;0;2;83;40;11;11;9;4;18;0;0;0;0;0;0
46887;728;2025;Mediocentro;18;1086;13;6.519245;0;0;16;4;456;16;22.06;23;0;2;97;45;6;9;12;5;17;1;0;0;0;0;0
47109;728;2025;Mediocentro;20;1181;14;6.902286;0;0;7;2;489;2;21.45;43;6;14;139;72;13;17;4;1;20;1;1;0;0;0;0
47285;728;2025;Mediocentro;17;1038;14;6.819268;0;3;8;3;706;22;36.59;19;3;13;89;41;8;23;9;7;12;7;1;0;0;0;0
47414;728;2025;Mediocentro;21;361;3;6.773684;0;1;4;3;166;7;6.57;9;1;2;47;20;3;17;5;4;2;2;0;0;0;0;0
47543;728;2025;Mediocentro;21;1505;17;6.630432;3;2;24;12;387;27;12.29;19;2;9;95;35;6;14;9;2;12;2;0;0;0;0;0
47557;728;2025;Mediocentro;18;52;0;6.534615;0;0;1;1;57;3;2.67;1;0;0;9;3;2;1;1;0;2;2;0;0;0;0;0
91745;728;2025;Delantero;14;636;6;6.553616;1;0;10;6;103;4;4.79;4;2;1;76;31;14;13;5;3;6;1;0;0;0;0;0
122657;728;2025;Mediocentro;11;82;0;6.469512;0;0;1;0;27;1;1.91;2;1;0;17;11;2;3;1;1;0;0;0;0;0;0;0
128582;728;2025;Delantero;20;1401;19;7.077659;6;1;25;14;234;17;9.05;20;0;4;158;68;23;21;32;14;15;2;0;0;0;0;0
131546;728;2025;Mediocentro;20;1506;18;6.727756;2;3;25;11;584;24;23.8;15;5;1;180;83;36;25;35;19;15;6;0;2;0;0;0
156488;728;2025;Portero;20;0;0;0.0;0;0;0;0;0;0;0.0;0;0;0;0;0;0;0;0;0;0;0;0;0;0;0;0
162931;728;2025;Mediocentro;20;714;5;6.514846;1;0;8;5;194;11;7.95;9;1;2;67;25;7;8;14;8;8;2;0;0;0;0;0
181734;728;2025;Defensa;21;1822;20;6.80955;1;2;8;2;891;15;35.95;35;12;24;173;95;29;23;29;12;8;4;0;0;0;0;0
285505;728;2025;Portero;4;0;0;0.0;0;0;0;0;0;0;0.0;0;0;0;0;0;0;0;0;0;0;0;0;0;0;0;0
290740;728;2025;Delantero;1;45;0;6.6;0;0;1;0;14;0;12.0;4;0;0;16;8;3;3;3;1;0;0;0;0;0;0;0
314006;728;2025;Defensa;21;244;1;6.293443;0;0;1;0;136;2;6.0;4;3;3;12;6;2;2;1;0;0;0;0;0;0;0;0
324750;728;2025;Mediocentro;3;192;3;6.60625;0;0;2;0;56;1;15.0;5;1;0;28;13;3;5;2;1;3;1;0;0;0;0;0
333292;728;2025;Defensa;3;45;0;6.5;0;0;1;0;35;0;10.0;1;0;0;8;4;0;1;0;0;1;0;0;0;0;0;0
358431;728;2025;Defensa;16;949;11;6.676396;1;0;8;2;517;1;27.94;10;10;11;69;32;6;18;4;3;4;3;1;0;0;0;0
439633;728;2025;Mediocentro;18;11;0;5.4;0;0;0;0;12;1;0.61;0;0;0;1;0;0;1;0;0;0;0;0;0;0;0;0
478243;728;2025;Defensa;4;0;0;0.0;0;0;0;0;0;0;0.0;0;0;0;0;0;0;0;0;0;0;0;0;0;0;0;0
478244;728;2025;Portero;13;0;0;0.0;0;0;0;0;0;0;0.0;0;0;0;0;0;0;0;0;0;0;0;0;0;0;0;0
126;797;2025;Portero;19;1260;14;7.35;0;0;0;0;753;2;29.58;0;0;0;4;2;1;0;0;0;2;0;0;0;22;51;0
2063;797;2025;Delantero;17;797;9;6.912171;4;0;16;8;231;14;11.12;4;1;2;108;42;17;13;17;11;10;1;0;0;0;0;0
8746;797;2025;Defensa;19;107;1;6.159813;0;0;0;0;62;0;3.11;0;0;1;15;5;3;3;0;0;3;1;0;0;0;0;0
11346;797;2025;Portero;21;630;7;7.557143;0;0;0;0;411;2;14.86;0;0;0;5;4;2;0;0;0;1;1;0;0;7;18;0
18821;797;2025;Mediocentro;14;470;7;6.511489;1;0;2;1;153;5;9.57;5;3;3;60;24;11;9;15;4;2;1;0;0;0;0;0
46711;797;2025;Mediocentro;21;1880;21;7.217872;2;1;11;7;1239;17;53.33;42;1;12;243;145;66;18;54;36;19;5;0;0;0;0;0
46771;797;2025;Defensa;3;25;0;6.7;0;0;0;0;13;0;3.67;0;0;0;1;0;0;0;0;0;0;0;0;0;0;0;0
46973;797;2025;Mediocentro;18;423;4;6.95461;0;2;2;1;166;11;8.28;7;1;1;33;16;4;5;10;5;2;2;0;0;0;0;0
47013;797;2025;Delantero;18;1314;15;6.776027;6;0;43;24;327;6;14.89;9;1;5;128;40;12;30;18;5;6;1;0;0;0;0;0
47329;797;2025;Defensa;16;601;5;6.485358;1;1;5;2;258;15;13.62;23;1;9;79;35;5;11;15;3;6;4;0;0;0;0;0
47378;797;2025;Defensa;19;1223;15;7.026574;0;2;4;1;991;8;47.0;24;9;19;97;62;12;11;5;3;8;2;0;0;0;0;0
119223;797;2025;Delantero;3;50;0;6.65;0;0;0;0;15;1;3.67;4;0;0;9;7;1;1;0;0;0;0;0;0;0;0;0
126640;797;2025;Defensa;20;1652;18;6.890738;0;0;5;1;1141;5;50.05;40;16;31;154;98;20;18;5;5;13;4;1;0;0;0;0
157146;797;2025;Defensa;21;789;8;6.547909;0;0;2;0;460;2;18.86;18;5;6;64;37;1;9;4;2;3;1;0;0;0;0;0
161963;797;2025;Mediocentro;20;1532;18;7.050261;4;2;10;7;670;23;29.65;36;6;8;187;102;41;23;44;20;9;2;0;0;0;0;0
162058;797;2025;Defensa;18;1137;12;6.959015;0;0;3;0;797;2;39.56;34;9;11;101;62;8;20;5;3;8;7;1;0;0;0;0
182661;797;2025;Defensa;19;1652;19;6.983898;0;2;1;0;989;21;47.53;24;6;16;123;64;17;12;22;14;11;2;0;0;0;0;0
187318;797;2025;Mediocentro;20;1426;17;6.827139;0;1;0;0;765;2;34.55;31;15;31;80;51;15;11;0;0;5;1;0;0;0;0;0
189866;797;2025;Defensa;19;310;3;6.896774;1;0;3;2;139;0;6.63;8;1;2;37;18;4;9;5;2;0;1;0;0;0;0;0
271580;797;2025;Mediocentro;19;982;11;6.978717;2;4;10;4;448;17;20.95;13;1;2;91;39;5;15;26;17;11;1;0;0;0;0;0
284415;797;2025;Mediocentro;12;266;3;6.284962;0;0;0;0;100;2;7.17;2;0;1;29;10;2;3;10;4;3;1;0;0;0;0;0
307224;797;2025;Delantero;1;0;0;0.0;0;0;0;0;0;0;0.0;0;0;0;0;0;0;0;0;0;0;0;0;0;0;0;0
311345;797;2025;Mediocentro;19;73;0;6.545205;0;0;0;0;24;0;1.11;1;0;3;5;4;2;1;0;0;0;0;0;0;0;0;0
315604;797;2025;Portero;16;0;0;0.0;0;0;0;0;0;0;0.0;0;0;0;0;0;0;0;0;0;0;0;0;0;0;0;0
341371;797;2025;Mediocentro;18;700;5;6.668143;1;0;5;2;362;9;17.11;10;0;3;97;36;13;16;23;11;5;3;0;0;0;0;0
343202;797;2025;Delantero;20;1091;12;7.17846;4;4;34;14;272;19;9.1;7;1;1;228;116;30;20;42;23;4;0;0;0;0;0;0
386859;797;2025;Defensa;10;328;5;6.581707;1;2;5;4;115;4;9.8;8;1;5;44;21;0;4;16;8;3;0;0;0;0;0;0
439293;797;2025;Delantero;18;75;0;6.866667;1;0;2;1;31;1;1.67;3;0;0;13;6;1;0;2;1;2;0;0;0;0;0;0
439640;797;2025;Defensa;1;0;0;0.0;0;0;0;0;0;0;0.0;0;0;0;0;0;0;0;0;0;0;0;0;0;0;0;0
448243;797;2025;Mediocentro;10;125;2;6.404;0;0;1;0;53;0;4.7;4;0;1;22;7;2;7;3;1;2;0;0;0;0;0;0
497515;797;2025;Defensa;1;0;0;0.0;0;0;0;0;0;0;0.0;0;0;0;0;0;0;0;0;0;0;0;0;0;0;0;0
508284;797;2025;Mediocentro;1;0;0;0.0;0;0;0;0;0;0;0.0;0;0;0;0;0;0;0;0;0;0;0;0;0;0;0;0
580677;797;2025;Defensa;3;0;0;0.0;0;0;0;0;0;0;0.0;0;0;0;0;0;0;0;0;0;0;0;0;0;0;0;0
635179;797;2025;Delantero;2;14;0;6.7;0;1;0;0;6;1;2.0;1;0;0;3;1;0;0;2;0;0;0;0;0;0;0;0
414;798;2025;Mediocentro;18;934;10;6.924946;1;1;1;1;419;5;19.33;21;7;15;79;43;6;10;3;2;8;2;0;0;0;0;0
920;798;2025;Defensa;13;309;4;6.373463;0;1;0;0;95;3;5.77;7;3;4;26;9;0;3;2;1;3;1;0;0;0;0;0
1701;798;2025;Mediocentro;17;897;12;6.861538;1;0;3;1;426;9;22.18;33;1;11;89;52;7;12;6;4;14;3;1;0;0;0;0
25375;798;2025;Mediocentro;19;446;5;6.5713;1;0;8;2;71;2;2.68;3;0;1;53;19;10;7;9;2;3;2;0;0;0;0;0
26302;798;2025;Defensa;17;1356;15;6.835619;1;0;2;1;459;6;19.65;36;12;19;144;91;12;13;32;22;11;5;0;0;0;0;0
30924;798;2025;Defensa;11;420;5;6.524286;0;0;3;0;287;1;20.55;3;2;2;28;20;5;1;1;1;1;1;0;0;0;0;0
46733;798;2025;Defensa;20;1620;18;6.866667;0;1;9;1;842;6;36.75;18;25;14;135;83;11;19;0;0;3;2;0;0;0;0;0
46738;798;2025;Defensa;21;1890;21;6.604762;0;0;10;6;917;1;37.62;27;11;11;113;66;8;19;5;4;6;2;0;0;0;0;0
46742;798;2025;Mediocentro;3;68;0;6.567647;0;0;0;0;18;1;4.0;2;0;0;15;7;3;0;1;1;0;0;0;0;0;0;0
46751;798;2025;Delantero;21;88;0;6.276136;0;0;1;1;14;2;0.52;0;0;0;14;5;2;2;1;1;1;0;0;0;0;0;0
47336;798;2025;Mediocentro;21;1476;17;6.88435;0;2;19;6;597;29;23.76;15;4;13;113;64;19;10;41;25;8;3;0;0;0;0;0
47399;798;2025;Portero;15;0;0;0.0;0;0;0;0;0;0;0.0;0;0;0;0;0;0;0;0;0;0;0;0;0;0;0;0
50048;798;2025;Delantero;20;1631;19;7.337707;14;0;48;30;369;8;11.85;2;1;2;249;138;35;18;19;12;3;1;1;4;0;0;0
64268;798;2025;Defensa;21;1597;17;6.74139;0;3;11;2;713;21;26.19;41;2;9;157;82;18;20;28;11;7;3;0;0;0;0;0
107194;798;2025;Mediocentro;20;707;7;6.60396;0;0;3;1;239;5;9.8;7;1;7;66;23;7;12;11;5;10;4;1;0;0;0;0
108519;798;2025;Defensa;21;569;7;6.526011;1;0;3;2;181;3;6.76;14;2;6;68;28;7;12;6;4;12;2;0;0;0;0;0
152955;798;2025;Portero;21;450;5;7.1;0;0;0;0;145;0;3.71;0;0;0;6;5;0;0;0;0;1;1;0;0;7;15;0
179139;798;2025;Portero;16;1440;16;7.11875;0;0;0;0;481;0;20.06;1;0;1;4;3;1;1;0;0;0;2;0;0;26;56;1
181210;798;2025;Portero;4;0;0;0.0;0;0;0;0;0;0;0.0;0;0;0;0;0;0;0;0;0;0;0;0;0;0;0;0
190485;798;2025;Mediocentro;18;1363;15;6.996625;3;0;15;8;643;8;27.83;31;6;13;229;118;36;31;26;8;24;7;0;0;0;0;0
285909;798;2025;Mediocentro;21;722;7;6.654848;0;2;4;3;350;19;13.71;5;2;5;86;32;20;17;11;4;8;2;0;0;0;0;0
293604;798;2025;Delantero;19;164;1;6.330488;0;0;3;1;40;1;1.74;3;0;0;19;7;2;3;5;1;1;0;0;0;0;0;0
297646;798;2025;Mediocentro;2;0;0;0.0;0;0;0;0;0;0;0.0;0;0;0;0;0;0;0;0;0;0;0;0;0;0;0;0
313059;798;2025;Delantero;21;1254;14;6.55327;2;1;21;10;217;9;8.38;21;3;7;152;58;20;13;24;11;10;2;0;0;0;0;0
335697;798;2025;Defensa;21;152;2;5.885526;0;0;0;0;60;0;2.19;1;2;1;17;8;3;3;0;0;1;1;0;0;0;0;0
405074;798;2025;Delantero;2;0;0;0.0;0;0;0;0;0;0;0.0;0;0;0;0;0;0;0;0;0;0;0;0;0;0;0;0
411424;798;2025;Mediocentro;2;17;0;6.758824;0;0;0;0;10;0;3.0;0;0;0;4;3;1;0;1;1;0;0;0;0;0;0;0
462277;798;2025;Defensa;16;0;0;0.0;0;0;0;0;0;0;0.0;0;0;0;0;0;0;0;0;0;0;0;0;0;0;0;0
482473;798;2025;Mediocentro;17;218;2;6.542202;0;1;1;0;32;2;1.12;3;0;0;20;9;3;3;4;1;0;0;0;0;0;0;0
491248;798;2025;Mediocentro;16;1055;12;6.532133;0;4;11;7;256;22;12.31;7;2;4;161;61;16;10;73;31;11;0;0;0;0;0;0
551463;798;2025;Defensa;5;0;0;0.0;0;0;0;0;0;0;0.0;0;0;0;0;0;0;0;0;0;0;0;0;0;0;0;0
