id_partido;id_jugador;id_equipo;posicion;minutos;nota;capitan;sustituto;goles;penaltis_marcados;asistencias;paradas;goles_concedidos;tiros_totales;tiros_a_puerta;pases_totales;pases_clave;precision_pases;regates_intentados;regates;regateado;duelos_totales;duelos_ganados;faltas_cometidas;faltas_recibidas;entradas;bloqueos;intercepciones;amarilla;roja;penaltis_parados
1390974;278619;533;P;90;7.0;False;False;0;0;0;4;0;0;0;25;0;11;0;0;0;0;0;0;0;0;0;0;0;0;0
1390974;311773;533;DF;90;6.9;False;False;0;0;0;0;0;0;0;34;2;26;0;0;4;16;7;5;1;5;0;2;0;0;0
1390974;435552;533;DF;90;7.6;False;False;0;0;0;0;0;0;0;43;1;38;0;0;1;10;8;0;1;5;0;0;0;0;0
1390974;237066;533;DF;79;7.2;False;False;0;0;0;0;0;0;0;31;2;30;0;0;0;6;2;1;1;0;1;1;0;0;0
1390974;70500;533;DF;90;7.7;False;False;0;0;0;0;0;1;0;31;0;28;2;1;0;11;7;1;1;5;2;2;0;0;0
1390974;3246;533;M;90;7.0;False;False;0;0;1;0;0;3;1;35;1;24;5;5;1;11;7;1;0;0;0;0;1;0;0
1390974;47541;533;M;90;7.2;True;False;0;0;0;0;0;0;0;40;0;34;1;0;1;9;4;1;0;3;0;1;1;0;0
1390974;20696;533;M;79;7.5;False;False;0;0;0;0;0;2;0;36;2;29;1;0;0;11;5;3;2;0;0;1;1;0;0
1390974;182519;533;M;88;6.2;False;False;0;0;0;0;0;2;0;23;1;17;3;1;2;14;3;3;0;2;0;0;0;0;0
1390974;18906;533;DL;71;5.9;False;False;0;0;0;0;0;1;1;9;0;7;3;0;2;17;4;4;3;1;0;0;1;0;0
1390974;180496;533;DL;89;7.9;False;False;1;0;0;0;0;2;2;22;1;17;3;1;0;10;6;0;4;0;0;0;0;0;0
1390974;1702;533;DF;19;6.6;False;True;0;0;0;0;0;2;2;5;0;4;2;2;0;3;2;0;0;0;0;0;0;0;0
1390974;336671;533;M;11;7.2;False;True;0;0;0;0;0;0;0;4;1;4;0;0;0;3;2;1;0;0;1;0;0;0;0
1390974;49;533;M;11;7.0;False;True;0;0;0;0;0;0;0;5;0;5;0;0;0;1;1;0;0;0;1;0;0;0;0
1390974;355994;533;DF;8;6.7;False;True;0;0;0;0;0;0;0;1;0;0;1;0;0;3;1;0;0;1;0;0;0;0;0
1390974;351587;533;DL;1;0.0;False;True;0;0;0;0;0;0;0;1;0;1;0;0;0;3;2;0;0;0;0;0;0;0;0
1390974;162473;533;P;0;0.0;False;True;0;0;0;0;0;0;0;0;0;0;0;0;0;0;0;0;0;0;0;0;0;0;0
1390974;463280;533;M;0;0.0;False;True;0;0;0;0;0;0;0;0;0;0;0;0;0;0;0;0;0;0;0;0;0;0;0
1390974;51016;533;DL;0;0.0;False;True;0;0;0;0;0;0;0;0;0;0;0;0;0;0;0;0;0;0;0;0;0;0;0
1390974;514913;533;DL;0;0.0;False;True;0;0;0;0;0;0;0;0;0;0;0;0;0;0;0;0;0;0;0;0;0;0;0
1390974;2741;539;P;90;7.3;False;False;0;0;0;4;1;1;0;30;0;24;0;0;0;1;0;0;0;0;0;0;0;0;0
1390974;1118;539;DF;90;6.6;False;False;0;0;0;0;0;0;0;67;1;57;1;0;1;6;3;1;0;3;0;0;1;0;0
1390974;734;539;DF;90;8.7;True;False;0;0;0;0;0;1;0;95;0;84;0;0;0;7;5;1;2;1;2;2;0;0;0
1390974;421807;539;DF;65;7.2;False;False;0;0;0;0;0;0;0;43;0;38;0;0;1;12;8;1;4;2;1;0;0;0;0
1390974;104832;539;DF;90;6.7;False;False;0;0;0;0;0;1;0;57;1;48;1;1;2;12;4;3;1;1;0;1;0;0;0
1390974;182603;539;M;90;7.0;False;False;0;0;0;0;0;2;1;30;3;18;5;1;2;18;9;1;2;3;0;0;0;0;0
1390974;334878;539;M;65;7.0;False;False;0;0;0;0;0;0;0;32;0;30;3;3;0;5;5;0;1;0;0;0;0;0;0
1390974;128985;539;M;74;6.5;False;False;0;0;0;0;0;0;0;16;0;13;0;0;1;7;3;1;1;2;0;0;1;0;0
1390974;46790;539;DL;65;6.7;False;False;0;0;0;0;0;0;0;28;1;24;7;2;0;10;4;1;0;1;0;0;0;0;0
1390974;450497;539;DL;90;6.6;False;False;0;0;0;0;0;3;2;13;0;10;4;1;0;22;11;3;3;2;0;0;1;0;0
1390974;463279;539;DL;89;6.9;False;False;0;0;0;0;0;1;1;29;1;24;7;3;2;13;5;0;2;0;0;0;0;0;0
1390974;316517;539;DF;25;6.9;False;True;0;0;0;0;0;0;0;14;0;11;0;0;0;6;3;1;0;0;0;0;0;0;0
1390974;182639;539;M;25;7.0;False;True;0;0;0;0;0;0;0;20;1;15;0;0;0;4;4;0;0;1;0;0;0;0;0
1390974;378284;539;DL;25;6.5;False;True;0;0;0;0;0;0;0;3;0;1;0;0;1;4;2;0;2;0;0;0;0;0;0
1390974;182770;539;M;16;6.9;False;True;0;0;0;0;0;1;0;7;1;7;0;0;0;1;1;0;1;0;0;0;0;0;0
1390974;579287;539;DL;1;0.0;False;True;0;0;0;0;0;0;0;1;0;1;0;0;0;0;0;0;0;0;0;0;0;0;0
1390974;286611;539;P;0;0.0;False;True;0;0;0;0;0;0;0;0;0;0;0;0;0;0;0;0;0;0;0;0;0;0;0
1390974;338295;539;P;0;0.0;False;True;0;0;0;0;0;0;0;0;0;0;0;0;0;0;0;0;0;0;0;0;0;0;0
1390974;504605;539;DF;0;0.0;False;True;0;0;0;0;0;0;0;0;0;0;0;0;0;0;0;0;0;0;0;0;0;0;0
1390974;64309;539;DF;0;0.0;False;True;0;0;0;0;0;0;0;0;0;0;0;0;0;0;0;0;0;0;0;0;0;0;0
1390974;328139;539;DL;0;0.0;False;True;0;0;0;0;0;0;0;0;0;0;0;0;0;0;0;0;0;0;0;0;0;0;0
1390974;47467;539;DL;0;0.0;False;True;0;0;0;0;0;0;0;0;0;0;0;0;0;0;0;0;0;0;0;0;0;0;0
1390974;192032;539;DL;0;0.0;False;True;0;0;0;0;0;0;0;0;0;0;0;0;0;0;0;0;0;0;0;0;0;0;0
1391029;47270;531;P;90;8.2;False;False;0;0;0;4;1;0;0;45;1;27;0;0;0;0;0;0;0;0;0;0;0;0;0
1391029;182181;531;DF;79;7.2;False;False;0;0;0;0;0;0;0;21;1;17;1;0;0;6;5;1;1;3;1;2;1;0;0
1391029;183849;531;DF;90;6.7;False;False;0;0;0;0;0;2;1;49;1;43;0;0;1;5;1;2;0;1;0;0;1;0;0
1391029;47273;531;DF;90;6.5;True;False;0;0;1;0;0;0;0;56;2;53;1;0;0;9;3;2;0;0;0;1;1;0;0
1391029;336998;531;DF;90;6.5;False;False;0;0;0;0;0;0;0;37;0;32;1;0;0;7;3;0;0;0;0;5;0;0;0
1391029;383780;531;M;90;7.0;False;False;0;0;0;0;0;1;0;48;2;37;0;0;3;14;6;3;0;2;0;2;0;0;0
1391029;332309;531;M;45;6.9;False;False;0;0;0;0;0;0;0;20;1;17;1;1;0;8;5;1;0;2;0;1;0;0;0
1391029;30510;531;M;72;6.0;False;False;0;0;0;0;0;3;1;18;0;15;5;0;1;16;4;1;2;0;0;1;0;0;0
1391029;332308;531;M;62;6.7;False;False;0;0;0;0;0;1;0;14;1;10;0;0;0;5;2;0;0;0;0;0;0;0;0
1391029;183799;531;M;72;6.7;False;False;0;0;0;0;0;0;0;25;1;14;5;2;0;11;6;0;2;1;0;0;0;0;0
1391029;47291;531;DL;90;6.7;False;False;0;0;0;0;0;1;1;17;0;11;3;2;0;17;9;1;4;1;0;0;0;0;0
1391029;47007;531;M;45;9.0;False;True;1;0;0;0;0;1;1;41;2;33;2;2;0;10;8;0;2;2;0;0;0;0;0
1391029;84086;531;M;28;6.5;False;True;0;0;0;0;0;0;0;16;0;13;3;0;0;9;1;1;0;1;0;0;0;0;0
1391029;47294;531;DL;18;6.2;False;True;0;0;0;0;0;0;0;5;0;4;1;0;0;4;0;1;0;0;0;0;0;0;0
1391029;183776;531;DL;18;6.2;False;True;0;0;0;0;0;1;0;4;0;3;0;0;0;2;0;1;0;0;0;0;1;0;0
1391029;47299;531;DF;11;6.9;False;True;0;0;0;0;0;0;0;5;0;4;0;0;0;2;1;0;1;0;0;0;0;0;0
1391029;312468;531;P;0;0.0;False;True;0;0;0;0;0;0;0;0;0;0;0;0;0;0;0;0;0;0;0;0;0;0;0
1391029;407677;531;DF;0;0.0;False;True;0;0;0;0;0;0;0;0;0;0;0;0;0;0;0;0;0;0;0;0;0;0;0
1391029;47418;531;M;0;0.0;False;True;0;0;0;0;0;0;0;0;0;0;0;0;0;0;0;0;0;0;0;0;0;0;0
1391029;568156;531;M;0;0.0;False;True;0;0;0;0;0;0;0;0;0;0;0;0;0;0;0;0;0;0;0;0;0;0;0
1391029;286593;531;DL;0;0.0;False;True;0;0;0;0;0;0;0;0;0;0;0;0;0;0;0;0;0;0;0;0;0;0;0
1391029;560954;531;DL;0;0.0;False;True;0;0;0;0;0;0;0;0;0;0;0;0;0;0;0;0;0;0;0;0;0;0;0
1391029;47269;548;P;90;6.6;False;False;0;0;0;3;1;0;0;44;0;21;0;0;0;1;1;0;1;0;0;0;0;0;0
1391029;199044;548;DF;90;7.2;False;False;0;0;0;0;0;0;0;29;0;16;0;0;2;23;16;2;3;9;0;2;0;0;0
1391029;405073;548;DF;90;6.9;False;False;0;0;0;0;0;1;1;30;0;29;0;0;1;6;2;1;0;0;1;2;1;0;0
1391029;47314;548;DF;90;7.3;False;False;0;0;0;0;0;0;0;44;0;36;0;0;0;13;9;4;0;4;2;0;1;0;0
1391029;23;548;DF;90;7.5;False;False;0;0;1;0;0;1;0;46;2;38;1;1;0;9;7;1;2;3;0;2;0;0;0
1391029;925;548;M;77;8.3;False;False;1;0;0;0;0;3;3;14;1;12;1;1;2;12;7;1;3;3;0;0;0;0;0
1391029;287654;548;M;63;6.6;False;False;0;0;0;0;0;0;0;31;1;25;0;0;0;5;3;0;0;1;0;2;0;0;0
1391029;930;548;M;90;7.5;False;False;0;0;0;0;0;0;0;40;2;37;0;0;1;6;4;1;1;2;3;2;0;0;0
1391029;290106;548;M;85;6.6;False;False;0;0;0;0;0;1;1;14;0;11;1;1;0;7;3;1;1;1;0;0;0;0;0
1391029;7332;548;DL;63;6.2;False;False;0;0;0;0;0;0;0;15;0;8;1;0;0;9;3;0;0;2;0;0;0;0;0
1391029;47323;548;DL;77;6.7;True;False;0;0;0;0;0;2;1;25;0;21;4;2;1;18;5;1;1;0;1;0;0;0;0
1391029;183744;548;M;27;7.2;False;True;0;0;0;0;0;0;0;12;0;9;0;0;0;5;4;0;1;2;1;0;0;0;0
1391029;47440;548;M;20;6.5;False;True;0;0;0;0;0;0;0;7;0;6;0;0;0;6;3;1;0;2;0;0;0;1;0
1391029;365287;548;DL;13;6.6;False;True;0;0;0;0;0;0;0;6;0;3;0;0;0;2;2;1;0;0;0;0;0;0;0
1391029;61774;548;DL;13;6.7;False;True;0;0;0;0;0;0;0;3;0;1;0;0;0;3;2;0;0;0;0;1;0;0;0
1391029;47303;548;DF;11;6.2;False;True;0;0;0;0;0;0;0;0;0;0;0;0;0;0;0;0;0;0;0;0;0;0;0
1391029;337843;548;P;0;0.0;False;True;0;0;0;0;0;0;0;0;0;0;0;0;0;0;0;0;0;0;0;0;0;0;0
1391029;737;548;DF;0;0.0;False;True;0;0;0;0;0;0;0;0;0;0;0;0;0;0;0;0;0;0;0;0;0;0;0
1391029;47298;548;DF;0;0.0;False;True;0;0;0;0;0;0;0;0;0;0;0;0;0;0;0;0;0;0;0;0;0;0;0
1391029;2449;548;M;0;0.0;False;True;0;0;0;0;0;0;0;0;0;0;0;0;0;0;0;0;0;0;0;0;0;0;0
1391029;387139;548;DL;0;0.0;False;True;0;0;0;0;0;0;0;0;0;0;0;0;0;0;0;0;0;0;0;0;0;0;0
1391029;412738;548;DL;0;0.0;False;True;0;0;0;0;0;0;0;0;0;0;0;0;0;0;0;0;0;0;0;0;0;0;0
1391029;183748;548;DL;0;0.0;False;True;0;0;0;0;0;0;0;0;0;0;0;0;0;0;0;0;0;0;0;0;0;0;0
1391030;47527;532;P;90;5.6;False;False;0;0;0;0;2;0;0;30;0;14;0;0;0;0;0;0;0;0;0;0;0;0;0
1391030;47251;532;DF;90;5.9;False;False;0;0;0;0;0;1;0;35;0;28;3;1;1;12;4;2;0;2;0;0;1;0;0
1391030;48372;532;DF;90;6.6;False;False;0;0;0;0;0;0;0;49;1;43;0;0;2;6;3;1;0;1;0;1;1;0;0
1391030;181582;532;DF;80;6.2;False;False;0;0;0;0;0;1;0;41;0;38;0;0;0;5;3;1;1;1;1;0;0;0;0
1391030;918;532;DF;90;7.2;True;False;0;0;0;0;0;0;0;32;1;29;0;0;1;10;7;2;1;5;0;1;0;0;0
1391030;46933;532;M;77;7.2;False;False;1;0;0;0;0;1;1;26;2;19;2;1;2;10;4;0;0;2;0;1;0;0;0
1391030;48465;532;M;90;6.7;False;False;0;0;0;0;0;3;1;47;1;39;1;1;0;6;2;1;1;0;2;2;0;0;0
1391030;47463;532;M;72;5.9;False;False;0;0;0;0;0;1;1;49;1;43;0;0;0;8;2;4;1;0;0;2;1;0;0
1391030;83;532;M;90;7.3;False;False;0;0;0;0;0;1;1;16;2;15;7;4;1;15;10;0;3;1;0;0;0;0;0
1391030;6010;532;DL;72;7.2;False;False;0;0;1;0;0;1;0;34;1;30;0;0;0;9;8;0;4;3;0;0;0;0;0
1391030;47264;532;DL;71;7.0;False;False;0;0;0;0;0;1;0;11;0;9;0;0;0;9;6;0;3;0;1;0;0;0;0
1391030;31406;532;DL;19;6.2;False;True;0;0;0;0;0;1;0;5;0;3;0;0;0;6;1;2;0;0;0;0;0;0;0
1391030;41157;532;M;18;6.5;False;True;0;0;0;0;0;0;0;10;0;8;0;0;0;0;0;0;0;0;0;0;0;0;0
1391030;21153;532;M;18;6.6;False;True;0;0;0;0;0;0;0;12;0;8;1;1;1;3;2;0;0;1;0;2;0;0;0
1391030;162127;532;DL;13;6.3;False;True;0;0;0;0;0;0;0;4;1;4;2;0;1;6;2;0;1;0;0;0;0;0;0
1391030;333672;532;DF;10;6.6;False;True;0;0;0;0;0;0;0;4;0;2;1;1;0;1;1;0;0;0;1;0;1;0;0
1391030;401983;532;P;0;0.0;False;True;0;0;0;0;0;0;0;0;0;0;0;0;0;0;0;0;0;0;0;0;0;0;0
1391030;237252;532;P;0;0.0;False;True;0;0;0;0;0;0;0;0;0;0;0;0;0;0;0;0;0;0;0;0;0;0;0
1391030;315701;532;DF;0;0.0;False;True;0;0;0;0;0;0;0;0;0;0;0;0;0;0;0;0;0;0;0;0;0;0;0
1391030;162175;532;DF;0;0.0;False;True;0;0;0;0;0;0;0;0;0;0;0;0;0;0;0;0;0;0;0;0;0;0;0
1391030;47277;532;DF;0;0.0;False;True;0;0;0;0;0;0;0;0;0;0;0;0;0;0;0;0;0;0;0;0;0;0;0
1391030;315699;532;M;0;0.0;False;True;0;0;0;0;0;0;0;0;0;0;0;0;0;0;0;0;0;0;0;0;0;0;0
1391030;138776;532;DL;0;0.0;False;True;0;0;0;0;0;0;0;0;0;0;0;0;0;0;0;0;0;0;0;0;0;0;0
1391030;46990;543;P;90;8.2;False;False;0;0;0;3;1;0;0;23;0;17;0;0;0;0;0;0;0;0;0;0;0;0;1
1391030;47119;543;DF;90;6.9;False;False;0;0;0;0;0;0;0;59;1;50;2;1;0;10;5;3;2;2;0;0;0;0;0
1391030;1561;543;DF;90;7.3;True;False;0;0;0;0;0;1;0;47;0;44;0;0;0;7;3;3;0;1;3;1;0;0;0
1391030;47302;543;DF;89;6.9;False;False;0;0;0;0;0;0;0;43;0;40;1;0;0;15;7;2;3;0;1;0;0;0;0
1391030;1631;543;DF;90;6.3;False;False;0;0;0;0;0;0;0;44;1;37;0;0;1;8;3;1;0;1;0;0;0;0;0
1391030;286084;543;M;45;6.7;False;False;0;0;0;0;0;0;0;30;0;24;0;0;2;3;0;1;0;0;0;0;0;0;0
1391030;47341;543;M;90;6.9;False;False;0;0;0;0;0;1;0;48;1;44;0;0;0;5;4;1;1;3;0;0;0;0;0
1391030;9971;543;M;89;6.9;False;False;0;0;0;0;0;1;0;39;3;27;6;3;1;10;4;1;1;0;0;2;0;0;0
1391030;300885;543;M;90;7.3;False;False;0;0;0;0;0;2;0;45;1;40;5;4;1;19;12;1;2;2;0;0;0;0;0
1391030;181421;543;M;90;6.9;False;False;0;0;0;0;0;2;0;41;1;35;2;0;1;14;8;1;3;4;0;1;0;0;0
1391030;47579;543;DL;67;7.2;False;False;1;1;0;0;0;1;1;15;1;11;0;0;0;6;3;0;1;0;0;0;0;0;0
1391030;1697;543;M;45;7.2;False;True;1;0;0;0;0;1;1;29;1;21;1;0;3;7;1;1;0;1;0;1;0;0;0
1391030;443163;543;DL;23;6.3;False;True;0;0;0;0;0;0;0;4;0;2;0;0;0;0;0;0;0;0;0;0;0;0;0
1391030;334574;543;DF;1;0.0;False;True;0;0;0;0;0;0;0;2;1;2;1;1;0;1;1;0;0;0;0;0;0;0;0
1391030;355004;543;DF;1;0.0;False;True;0;0;0;0;0;0;0;0;0;0;0;0;0;1;0;0;0;0;0;0;0;0;0
1391030;1557;543;P;0;0.0;False;True;0;0;0;0;0;0;0;0;0;0;0;0;0;0;0;0;0;0;0;0;0;0;0
1391030;18812;543;P;0;0.0;False;True;0;0;0;0;0;0;0;0;0;0;0;0;0;0;0;0;0;0;0;0;0;0;0
1391030;450714;543;M;0;0.0;False;True;0;0;0;0;0;0;0;0;0;0;0;0;0;0;0;0;0;0;0;0;0;0;0
1391030;3033;543;DL;0;0.0;False;True;0;0;0;0;0;0;0;0;0;0;0;0;0;0;0;0;0;0;0;0;0;0;0
1391031;182718;529;P;90;7.3;False;False;0;0;0;2;1;0;0;43;0;36;0;0;0;0;0;0;0;0;0;0;0;0;0
1391031;1257;529;DF;84;6.9;False;False;0;0;0;0;0;0;0;55;1;52;1;1;1;7;4;1;0;1;0;1;0;0;0
1391031;396623;529;DF;90;6.3;False;False;0;0;0;0;0;0;0;56;0;52;0;0;0;2;0;1;0;0;0;0;0;0;0
1391031;619;529;DF;90;7.6;False;False;0;0;0;0;0;1;0;55;0;50;0;0;1;13;8;0;0;3;1;3;0;0;0
1391031;161928;529;DF;90;7.2;False;False;0;0;0;0;0;0;0;51;3;47;1;1;0;10;6;1;3;2;0;0;0;0;0
1391031;340626;529;M;84;6.5;False;False;0;0;0;0;0;4;1;37;2;34;1;1;2;8;5;1;3;1;0;0;0;0;0
1391031;538;529;M;90;7.9;True;False;0;0;1;0;0;0;0;60;5;55;1;1;0;7;4;2;1;1;0;1;1;0;0
1391031;1323;529;M;62;6.2;False;False;0;0;1;0;0;2;0;39;2;32;1;0;2;6;2;0;1;1;0;0;0;0;0
1391031;386828;529;DL;90;9.2;False;False;1;0;0;0;0;4;3;57;8;41;7;4;0;13;8;1;2;2;0;0;0;0;0
1391031;931;529;DL;62;7.2;False;False;1;0;0;0;0;7;3;20;0;14;1;1;1;7;5;1;1;0;0;0;0;0;0
1391031;1496;529;DL;45;7.2;False;False;0;0;0;0;0;2;0;22;1;14;3;3;0;4;4;0;0;1;0;1;0;0;0
1391031;909;529;DL;45;8.0;False;True;1;0;0;0;0;2;1;19;1;17;0;0;0;2;2;0;2;0;0;0;0;0;0
1391031;433396;529;M;28;6.9;False;True;0;0;0;0;0;0;0;16;1;15;0;0;0;3;2;1;1;1;0;0;0;0;0
1391031;521;529;DL;28;6.3;False;True;0;0;0;0;0;1;0;11;2;10;1;0;1;7;3;0;1;0;0;0;0;0;0
1391031;101814;529;DF;12;6.6;False;True;0;0;0;0;0;0;0;4;0;3;0;0;0;0;0;0;0;0;0;0;0;0;0
1391031;329728;529;M;11;6.7;False;True;0;0;0;0;0;0;0;3;0;1;0;0;0;1;1;0;0;1;0;1;0;0;0
1391031;851;529;P;0;0.0;False;True;0;0;0;0;0;0;0;0;0;0;0;0;0;0;0;0;0;0;0;0;0;0;0
1391031;383647;529;P;0;0.0;False;True;0;0;0;0;0;0;0;0;0;0;0;0;0;0;0;0;0;0;0;0;0;0;0
1391031;181701;529;DF;0;0.0;False;True;0;0;0;0;0;0;0;0;0;0;0;0;0;0;0;0;0;0;0;0;0;0;0
1391031;855;529;DF;0;0.0;False;True;0;0;0;0;0;0;0;0;0;0;0;0;0;0;0;0;0;0;0;0;0;0;0
1391031;338958;529;DL;0;0.0;False;True;0;0;0;0;0;0;0;0;0;0;0;0;0;0;0;0;0;0;0;0;0;0;0
1391031;126;797;P;90;6.3;False;False;0;0;0;4;3;0;0;55;0;36;0;0;3;4;1;0;0;0;0;0;0;0;0
1391031;126640;797;DF;74;5.9;True;False;0;0;0;0;0;0;0;29;0;19;1;1;0;6;2;3;1;0;2;0;0;0;0
1391031;162058;797;DF;90;7.6;False;False;0;0;0;0;0;0;0;41;0;39;1;1;1;11;4;2;0;3;3;1;0;0;0
1391031;189866;797;DF;90;6.3;False;False;0;0;0;0;0;0;0;31;0;30;0;0;3;9;3;2;0;3;0;1;1;0;0
1391031;47329;797;M;90;6.5;False;False;0;0;0;0;0;0;0;25;1;20;1;0;4;10;3;2;1;2;0;0;0;0;0
1391031;341371;797;M;90;7.2;False;False;0;0;0;0;0;1;0;40;1;37;5;3;0;14;8;3;3;2;0;1;1;0;0
1391031;187318;797;M;56;6.3;False;False;0;0;0;0;0;0;0;16;0;14;0;0;0;0;0;0;0;0;0;0;0;0;0
1391031;161963;797;M;90;7.2;False;False;0;0;1;0;0;1;0;28;2;25;2;1;0;5;4;0;2;1;0;3;0;0;0
1391031;18821;797;DL;60;6.3;False;False;0;0;0;0;0;0;0;14;1;6;0;0;0;0;0;0;0;0;0;1;0;0;0
1391031;343202;797;DL;75;7.9;False;False;1;0;0;0;0;3;1;17;0;14;2;1;0;11;7;0;0;3;0;1;0;0;0
1391031;2063;797;DL;60;6.0;False;False;0;0;0;0;0;0;0;10;1;7;2;0;0;5;0;0;0;0;0;0;0;0;0
1391031;311345;797;M;34;6.3;False;True;0;0;0;0;0;0;0;14;0;13;0;0;0;4;0;3;0;0;0;0;0;0;0
1391031;271580;797;M;30;6.6;False;True;0;0;0;0;0;0;0;10;1;9;1;1;0;3;2;0;1;0;0;0;0;0;0
1391031;439293;797;DL;30;6.9;False;True;0;0;0;0;0;2;1;6;1;4;1;0;1;5;1;0;0;0;0;1;0;0;0
1391031;157146;797;DF;16;7.3;False;True;0;0;0;0;0;0;0;11;0;11;0;0;0;1;1;0;0;0;2;0;0;0;0
1391031;318592;797;DL;15;6.5;False;True;0;0;0;0;0;1;1;6;0;5;1;0;0;2;0;0;0;0;0;0;0;0;0
1391031;315604;797;P;0;0.0;False;True;0;0;0;0;0;0;0;0;0;0;0;0;0;0;0;0;0;0;0;0;0;0;0
1391031;11346;797;P;0;0.0;False;True;0;0;0;0;0;0;0;0;0;0;0;0;0;0;0;0;0;0;0;0;0;0;0
1391031;626638;797;DF;0;0.0;False;True;0;0;0;0;0;0;0;0;0;0;0;0;0;0;0;0;0;0;0;0;0;0;0
1391031;580677;797;DF;0;0.0;False;True;0;0;0;0;0;0;0;0;0;0;0;0;0;0;0;0;0;0;0;0;0;0;0
1391031;284415;797;DL;0;0.0;False;True;0;0;0;0;0;0;0;0;0;0;0;0;0;0;0;0;0;0;0;0;0;0;0
1391031;637727;797;M;0;0.0;False;True;0;0;0;0;0;0;0;0;0;0;0;0;0;0;0;0;0;0;0;0;0;0;0
1391031;635179;797;DL;0;0.0;False;True;0;0;0;0;0;0;0;0;0;0;0;0;0;0;0;0;0;0;0;0;0;0;0
1391032;2813;540;P;90;6.9;False;False;0;0;0;5;2;0;0;27;0;23;0;0;0;0;0;0;0;0;0;0;0;0;0
1391032;282054;540;DF;78;6.3;False;False;0;0;0;0;0;0;0;63;0;52;1;1;1;7;4;2;0;2;0;0;0;0;0
1391032;47478;540;DF;84;6.9;False;False;0;0;0;0;0;0;0;65;1;59;0;0;0;7;4;0;0;2;0;2;0;0;0
1391032;47249;540;DF;90;5.9;True;False;0;0;0;0;0;3;0;45;0;33;0;0;0;14;10;1;0;3;0;1;0;0;0
1391032;184420;540;DF;90;5.6;False;False;0;0;0;0;0;0;0;34;1;22;0;0;4;14;5;4;0;3;0;0;0;0;0
1391032;182674;540;M;57;6.0;False;False;0;0;0;0;0;0;0;11;0;7;7;2;2;13;4;1;2;0;0;1;0;0;0
1391032;183699;540;M;84;6.3;False;False;0;0;0;0;0;0;0;34;0;29;2;1;1;10;6;1;2;1;0;1;0;0;0
1391032;46799;540;M;90;7.0;False;False;0;0;0;0;0;0;0;44;6;34;2;2;2;18;9;2;2;4;0;1;0;0;0
1391032;187987;540;M;57;6.5;False;False;0;0;0;0;0;0;0;7;0;6;0;0;1;6;2;1;0;2;0;0;0;0;0
1391032;312990;540;DL;90;7.5;False;False;1;0;0;0;0;1;1;13;0;12;1;0;0;8;2;0;1;0;0;0;0;0;0
1391032;47396;540;DL;90;6.2;False;False;0;0;0;0;0;2;1;16;0;8;3;1;0;21;9;3;4;0;0;0;0;0;0
1391032;47398;540;M;33;6.2;False;True;0;0;0;0;0;1;1;9;0;6;0;0;0;1;0;0;0;0;0;0;0;0;0
1391032;273732;540;DL;33;6.9;False;True;0;0;0;0;0;0;0;14;0;14;1;1;1;5;4;0;3;0;0;0;0;0;0
1391032;199824;540;DF;12;6.6;False;True;0;0;0;0;0;1;0;8;0;5;0;0;0;0;0;0;0;0;0;0;0;0;0
1391032;47256;540;DF;13;6.9;False;True;0;0;0;0;0;0;0;5;0;2;0;0;0;4;3;0;0;1;0;0;0;0;0
1391032;48555;540;M;13;6.7;False;True;0;0;0;0;0;0;0;8;0;5;0;0;0;1;1;0;0;0;0;0;0;0;0
1391032;162585;540;P;0;0.0;False;True;0;0;0;0;0;0;0;0;0;0;0;0;0;0;0;0;0;0;0;0;0;0;0
1391032;182735;540;P;0;0.0;False;True;0;0;0;0;0;0;0;0;0;0;0;0;0;0;0;0;0;0;0;0;0;0;0
1391032;286601;540;DF;0;0.0;False;True;0;0;0;0;0;0;0;0;0;0;0;0;0;0;0;0;0;0;0;0;0;0;0
1391032;184407;540;DF;0;0.0;False;True;0;0;0;0;0;0;0;0;0;0;0;0;0;0;0;0;0;0;0;0;0;0;0
1391032;297742;540;DL;0;0.0;False;True;0;0;0;0;0;0;0;0;0;0;0;0;0;0;0;0;0;0;0;0;0;0;0
1391032;127426;540;M;0;0.0;False;True;0;0;0;0;0;0;0;0;0;0;0;0;0;0;0;0;0;0;0;0;0;0;0
1391032;47353;542;P;90;6.9;False;False;0;0;0;2;1;0;0;36;0;17;0;0;0;0;0;0;0;0;0;0;0;0;0
1391032;18740;542;DF;90;6.7;False;False;0;0;0;0;0;0;0;61;0;46;2;1;0;9;6;1;1;1;0;0;0;0;0
1391032;6085;542;DF;45;6.3;False;False;0;0;0;0;0;0;0;34;0;31;0;0;1;3;0;1;0;0;1;2;0;0;0
1391032;182546;542;DF;90;7.0;False;False;0;0;0;0;0;0;0;39;0;34;0;0;0;8;5;1;0;1;1;0;0;0;0
1391032;128951;542;DF;61;6.2;False;False;0;0;0;0;0;0;0;26;0;18;1;0;0;6;2;2;0;2;0;0;1;0;0
1391032;266658;542;M;61;6.3;False;False;0;0;0;0;0;0;0;14;0;11;3;1;0;9;5;0;2;2;0;1;0;0;0
1391032;139001;542;M;90;6.6;False;False;0;0;0;0;0;2;1;41;1;37;3;2;2;15;8;1;3;1;0;1;0;0;0
1391032;162686;542;M;90;8.2;True;False;1;0;0;0;0;1;1;32;0;26;0;0;1;7;5;1;1;4;0;4;0;0;0
1391032;143;542;M;90;7.3;False;False;0;0;0;0;0;0;0;44;3;34;5;2;2;15;7;2;2;3;0;0;0;0;0
1391032;47181;542;DL;74;7.2;False;False;0;0;1;0;0;2;2;20;2;12;4;3;0;23;13;1;2;3;0;0;0;0;0
1391032;608;542;DL;90;7.3;False;False;1;0;0;0;0;3;2;20;0;15;4;3;2;14;6;1;1;2;0;0;0;0;0
1391032;6638;542;DF;45;6.7;False;True;0;0;0;0;0;0;0;9;0;8;0;0;0;6;2;1;0;0;0;0;0;0;0
1391032;47309;542;M;29;6.9;False;True;0;0;0;0;0;1;0;20;0;18;0;0;0;7;4;1;1;0;0;0;0;0;0
1391032;361384;542;DF;29;6.9;False;True;0;0;0;0;0;1;1;12;0;7;0;0;0;3;1;2;0;1;0;1;0;0;0
1391032;104821;542;M;16;6.2;False;True;0;0;0;0;0;1;0;9;0;6;0;0;0;4;2;0;0;0;0;0;0;0;0
1391032;46987;542;P;0;0.0;False;True;0;0;0;0;0;0;0;0;0;0;0;0;0;0;0;0;0;0;0;0;0;0;0
1391032;551461;542;P;0;0.0;False;True;0;0;0;0;0;0;0;0;0;0;0;0;0;0;0;0;0;0;0;0;0;0;0
1391032;6233;542;DF;0;0.0;False;True;0;0;0;0;0;0;0;0;0;0;0;0;0;0;0;0;0;0;0;0;0;0;0
1391032;183751;542;DL;0;0.0;False;True;0;0;0;0;0;0;0;0;0;0;0;0;0;0;0;0;0;0;0;0;0;0;0
1391032;330440;542;DL;0;0.0;False;True;0;0;0;0;0;0;0;0;0;0;0;0;0;0;0;0;0;0;0;0;0;0;0
1391032;551366;542;DF;0;0.0;False;True;0;0;0;0;0;0;0;0;0;0;0;0;0;0;0;0;0;0;0;0;0;0;0
1391033;30765;538;P;90;6.9;False;False;0;0;0;2;0;0;0;28;0;20;1;1;0;1;1;0;0;0;0;0;0;0;0
1391033;384135;538;DF;90;7.3;False;False;0;0;0;0;0;0;0;87;0;77;4;2;0;8;4;0;2;0;0;0;0;0;0
1391033;47988;538;DF;90;6.9;True;False;0;0;0;0;0;0;0;72;0;69;0;0;0;6;2;2;0;0;0;0;0;0;0
1391033;2278;538;DF;90;7.5;False;False;0;0;0;0;0;1;0;88;0;77;0;0;0;2;1;1;0;0;0;0;0;0;0
1391033;351913;538;M;77;6.2;False;False;0;0;0;0;0;0;0;16;0;10;4;1;2;6;1;0;0;0;0;0;0;0;0
1391033;333502;538;M;90;7.0;False;False;0;0;0;0;0;0;0;71;0;59;1;0;0;3;1;0;0;0;0;0;0;0;0
1391033;162123;538;M;90;5.9;False;False;0;0;0;0;0;1;0;23;1;21;1;0;0;12;3;4;1;2;1;0;1;0;0
1391033;162712;538;M;68;6.6;False;False;0;0;0;0;0;0;0;30;0;26;0;0;1;4;2;0;1;1;0;0;0;0;0
1391033;391822;538;DL;81;6.6;False;False;0;0;0;0;0;0;0;41;1;33;3;3;0;13;7;4;3;0;0;0;0;0;0
1391033;269163;538;DL;68;7.2;False;False;0;0;0;0;0;0;0;16;0;14;0;0;0;10;8;0;6;2;0;1;0;0;0
1391033;47348;538;DL;76;6.2;False;False;0;0;0;0;0;1;1;18;0;14;1;0;0;6;2;2;0;1;0;0;1;0;0
1391033;157988;538;DF;22;6.6;False;True;0;0;0;0;0;0;0;18;1;17;0;0;0;2;1;0;1;0;0;1;0;0;0
1391033;320517;538;DL;22;6.2;False;True;0;0;0;0;0;0;0;7;0;4;1;0;0;1;0;0;0;0;0;0;0;0;0
1391033;329720;538;M;14;6.7;False;True;0;0;0;0;0;0;0;11;1;11;1;1;0;2;1;1;0;0;0;0;0;0;0
1391033;179955;538;DF;13;7.0;False;True;0;0;0;0;0;0;0;7;0;5;1;1;0;4;4;0;2;0;0;0;0;0;0
1391033;47445;538;DL;9;6.7;False;True;0;0;0;0;0;0;0;9;0;5;0;0;0;2;2;0;0;2;0;0;0;0;0
1391033;47427;538;P;0;0.0;False;True;0;0;0;0;0;0;0;0;0;0;0;0;0;0;0;0;0;0;0;0;0;0;0
1391033;1926;538;DF;0;0.0;False;True;0;0;0;0;0;0;0;0;0;0;0;0;0;0;0;0;0;0;0;0;0;0;0
1391033;329722;538;DF;0;0.0;False;True;0;0;0;0;0;0;0;0;0;0;0;0;0;0;0;0;0;0;0;0;0;0;0
1391033;182638;538;DF;0;0.0;False;True;0;0;0;0;0;0;0;0;0;0;0;0;0;0;0;0;0;0;0;0;0;0;0
1391033;286559;538;DF;0;0.0;False;True;0;0;0;0;0;0;0;0;0;0;0;0;0;0;0;0;0;0;0;0;0;0;0
1391033;313651;538;M;0;0.0;False;True;0;0;0;0;0;0;0;0;0;0;0;0;0;0;0;0;0;0;0;0;0;0;0
1391033;122734;538;DL;0;0.0;False;True;0;0;0;0;0;0;0;0;0;0;0;0;0;0;0;0;0;0;0;0;0;0;0
1391033;47247;546;P;90;7.3;False;False;0;0;0;1;0;0;0;27;0;16;0;0;0;0;0;0;0;0;0;0;0;0;0
1391033;18794;546;DF;89;6.6;False;False;0;0;0;0;0;0;0;41;2;30;0;0;0;3;2;1;0;1;0;0;0;0;0
1391033;46795;546;DF;89;6.9;False;False;0;0;0;0;0;0;0;45;0;41;0;0;0;4;1;3;1;0;0;0;0;0;0
1391033;47250;546;DF;90;7.2;True;False;0;0;0;0;0;0;0;36;0;33;0;0;0;2;2;0;1;0;0;1;0;0;0
1391033;180927;546;DF;90;6.9;False;False;0;0;0;0;0;1;0;38;0;29;1;0;1;5;2;0;0;1;0;3;0;0;0
1391033;119742;546;DF;90;7.2;False;False;0;0;0;0;0;0;0;21;0;15;2;2;1;11;6;3;2;2;0;1;0;0;0
1391033;343205;546;M;68;6.9;False;False;0;0;0;0;0;1;0;22;0;18;0;0;0;14;9;4;2;5;1;1;0;0;0
1391033;47085;546;M;90;7.3;False;False;0;0;0;0;0;0;0;45;3;37;0;0;4;13;8;0;3;2;0;1;0;0;0
1391033;47258;546;M;90;6.6;False;False;0;0;0;0;0;1;0;17;0;14;1;0;1;6;3;1;1;2;1;0;0;0;0
1391033;6490;546;DL;89;6.3;False;False;0;0;0;0;0;3;1;10;0;5;0;0;0;7;4;1;1;0;0;0;0;0;0
1391033;195512;546;DL;77;6.5;False;False;0;0;0;0;0;2;1;19;1;15;4;1;0;8;2;2;1;0;0;0;1;0;0
1391033;46860;546;M;22;6.3;False;True;0;0;0;0;0;0;0;4;0;2;0;0;0;3;1;1;0;1;0;0;0;0;0
1391033;394573;546;DL;13;6.5;False;True;0;0;0;0;0;0;0;0;0;0;0;0;1;4;1;0;0;0;0;0;0;0;0
1391033;316516;546;DF;1;0.0;False;True;0;0;0;0;0;0;0;0;0;0;0;0;0;0;0;0;0;0;0;0;0;0;0
1391033;47407;546;DF;1;0.0;False;True;0;0;0;0;0;0;0;0;0;0;0;0;0;0;0;0;0;0;0;0;0;0;0
1391033;546852;546;DL;1;0.0;False;True;0;0;0;0;0;0;0;1;0;0;0;0;1;2;1;0;0;0;0;0;0;0;0
1391033;66491;546;P;0;0.0;False;True;0;0;0;0;0;0;0;0;0;0;0;0;0;0;0;0;0;0;0;0;0;0;0
1391033;18867;546;DF;0;0.0;False;True;0;0;0;0;0;0;0;0;0;0;0;0;0;0;0;0;0;0;0;0;0;0;0
1391033;625636;546;DF;0;0.0;False;True;0;0;0;0;0;0;0;0;0;0;0;0;0;0;0;0;0;0;0;0;0;0;0
1391033;631889;546;M;0;0.0;False;True;0;0;0;0;0;0;0;0;0;0;0;0;0;0;0;0;0;0;0;0;0;0;0
1391033;309364;546;DL;0;0.0;False;True;0;0;0;0;0;0;0;0;0;0;0;0;0;0;0;0;0;0;0;0;0;0;0
1391033;47320;546;DL;0;0.0;False;True;0;0;0;0;0;0;0;0;0;0;0;0;0;0;0;0;0;0;0;0;0;0;0
1391034;29;530;P;90;6.9;True;False;0;0;0;2;0;0;0;31;0;23;0;0;0;0;0;0;0;0;0;0;0;0;0
1391034;6503;530;DF;90;6.5;False;False;0;0;0;0;0;0;0;50;3;38;1;0;1;9;3;1;0;1;0;2;0;0;0
1391034;47301;530;DF;90;7.7;False;False;0;0;0;0;0;0;0;58;0;53;0;0;0;14;11;2;2;3;0;2;0;0;0
1391034;133;530;DF;45;6.9;False;False;0;0;0;0;0;0;0;39;0;37;0;0;0;5;3;1;0;2;0;0;1;0;0
1391034;162012;530;DF;90;7.2;False;False;0;0;0;0;0;0;0;36;1;32;0;0;0;5;4;0;0;3;0;0;0;0;0
1391034;753;530;M;59;6.9;False;False;0;0;0;0;0;0;0;32;0;26;1;1;0;6;4;2;1;1;0;0;0;0;0
1391034;336594;530;M;50;6.3;False;False;0;0;0;0;0;0;0;20;0;18;1;0;0;4;1;1;0;1;0;0;0;0;0
1391034;133185;530;M;90;7.3;False;False;0;0;0;0;0;0;0;59;0;54;1;1;1;16;10;2;2;6;0;2;0;0;0
1391034;26315;530;M;73;7.5;False;False;0;0;0;0;0;4;2;25;2;14;2;1;0;10;8;0;2;1;0;0;0;0;0
1391034;6067;530;DL;58;7.0;False;False;0;0;0;0;0;0;0;32;0;28;1;1;0;5;4;0;1;2;0;0;0;0;0
1391034;8492;530;DL;27;6.3;False;False;0;0;0;0;0;1;0;6;0;6;0;0;0;2;0;0;0;0;1;0;0;0;0
1391034;6009;530;DL;63;6.3;False;True;0;0;0;0;0;2;2;13;0;11;0;0;2;6;1;1;1;0;0;0;0;0;0
1391034;30399;530;DF;45;7.0;False;True;0;0;0;0;0;1;0;33;1;28;0;0;1;3;2;0;0;1;1;0;0;0;0
1391034;50;530;M;40;7.2;False;True;0;0;0;0;0;0;0;41;1;35;0;0;0;4;2;0;0;2;0;0;0;0;0
1391034;295793;530;DF;32;6.9;False;True;0;0;0;0;0;0;0;18;0;17;0;0;0;2;1;1;0;0;2;0;0;0;0
1391034;182219;530;M;31;6.6;False;True;0;0;0;0;0;0;0;13;1;13;1;0;0;1;0;0;0;0;0;1;0;0;0
1391034;451594;530;M;17;6.6;False;True;0;0;0;0;0;0;0;6;0;5;1;0;0;5;3;1;1;2;0;0;0;0;0
1391034;393198;530;P;0;0.0;False;True;0;0;0;0;0;0;0;0;0;0;0;0;0;0;0;0;0;0;0;0;0;0;0
1391034;2465;530;P;0;0.0;False;True;0;0;0;0;0;0;0;0;0;0;0;0;0;0;0;0;0;0;0;0;0;0;0
1391034;31;530;DF;0;0.0;False;True;0;0;0;0;0;0;0;0;0;0;0;0;0;0;0;0;0;0;0;0;0;0;0
1391034;2741;539;P;90;8.2;False;False;0;0;0;4;0;0;0;50;0;36;0;0;0;0;0;0;0;0;0;0;0;0;0
1391034;1118;539;DF;90;6.9;False;False;0;0;0;0;0;1;0;43;0;34;0;0;1;3;2;0;0;2;0;0;0;0;0
1391034;734;539;DF;90;6.9;False;False;0;0;0;0;0;1;1;44;0;37;1;1;1;7;3;2;0;0;1;0;1;0;0
1391034;421807;539;DF;29;6.6;False;False;0;0;0;0;0;0;0;10;0;8;0;0;0;2;1;0;0;0;0;0;0;0;0
1391034;316517;539;DF;90;7.2;False;False;0;0;0;0;0;0;0;62;1;51;1;0;1;8;5;0;1;3;0;0;0;0;0
1391034;334878;539;M;90;7.0;False;False;0;0;0;0;0;1;0;48;0;41;0;0;0;10;6;1;4;2;0;2;0;0;0
1391034;104949;539;M;90;6.9;True;False;0;0;0;0;0;1;0;46;0;40;3;1;0;9;4;2;1;1;1;1;0;0;0
1391034;579287;539;M;75;6.3;False;False;0;0;0;0;0;1;0;5;0;4;2;0;0;9;1;0;1;0;0;1;0;0;0
1391034;182770;539;M;75;6.9;False;False;0;0;0;0;0;0;0;23;0;19;2;1;1;8;3;1;0;1;0;2;0;0;0
1391034;128985;539;M;59;6.9;False;False;0;0;0;0;0;0;0;19;1;11;1;0;0;6;3;0;0;2;0;0;0;0;0
1391034;192032;539;DL;89;6.2;False;False;0;0;0;0;0;0;0;19;1;12;3;1;0;14;5;0;3;1;0;0;0;0;0
1391034;64309;539;DF;61;7.0;False;True;0;0;0;0;0;0;0;36;1;32;1;0;0;9;3;2;1;1;0;0;0;0;0
1391034;378284;539;DL;31;6.5;False;True;0;0;0;0;0;1;1;8;0;6;1;1;0;8;3;1;0;2;0;0;0;0;0
1391034;182603;539;M;15;6.7;False;True;0;0;0;0;0;0;0;7;1;7;0;0;0;2;0;1;0;0;0;0;1;0;0
1391034;463279;539;DL;15;6.3;False;True;0;0;0;0;0;0;0;4;0;3;1;0;0;2;1;1;1;0;0;0;0;0;0
1391034;328139;539;DL;1;0.0;False;True;0;0;0;0;0;0;0;0;0;0;0;0;0;0;0;0;0;0;0;0;0;0;0
1391034;338295;539;P;0;0.0;False;True;0;0;0;0;0;0;0;0;0;0;0;0;0;0;0;0;0;0;0;0;0;0;0
1391034;286611;539;P;0;0.0;False;True;0;0;0;0;0;0;0;0;0;0;0;0;0;0;0;0;0;0;0;0;0;0;0
1391034;504605;539;DF;0;0.0;False;True;0;0;0;0;0;0;0;0;0;0;0;0;0;0;0;0;0;0;0;0;0;0;0
1391034;182639;539;M;0;0.0;False;True;0;0;0;0;0;0;0;0;0;0;0;0;0;0;0;0;0;0;0;0;0;0;0
1391034;125239;539;M;0;0.0;False;True;0;0;0;0;0;0;0;0;0;0;0;0;0;0;0;0;0;0;0;0;0;0;0
1391034;450497;539;DL;0;0.0;False;True;0;0;0;0;0;0;0;0;0;0;0;0;0;0;0;0;0;0;0;0;0;0;0
1391034;47467;539;DL;0;0.0;False;True;0;0;0;0;0;0;0;0;0;0;0;0;0;0;0;0;0;0;0;0;0;0;0
1391035;557;536;P;90;5.7;False;False;0;0;0;2;4;0;0;35;0;24;0;0;0;0;0;0;0;0;0;0;0;0;0
1391035;182772;536;DF;60;6.3;False;False;0;0;0;0;0;1;0;35;1;29;2;2;1;6;5;0;2;1;0;0;0;0;0
1391035;195923;536;DF;90;6.3;False;False;0;0;0;0;0;1;1;66;1;59;2;1;1;8;5;1;2;2;1;1;0;0;0
1391035;41208;536;DF;79;6.2;False;False;0;0;0;0;0;0;0;61;0;59;0;0;0;5;3;0;1;0;0;0;0;0;0
1391035;297311;536;DF;90;6.0;False;False;0;0;0;0;0;0;0;71;0;60;1;0;1;14;7;3;1;3;0;1;0;0;0
1391035;11421;536;DF;90;6.0;True;False;0;0;0;0;0;1;1;51;2;42;1;1;1;13;10;0;2;4;0;0;0;0;0
1391035;21004;536;M;90;6.5;False;False;0;0;0;0;0;0;0;64;1;56;1;1;1;9;3;1;0;1;0;2;1;0;0
1391035;162126;536;M;60;6.7;False;False;0;0;1;0;0;0;0;23;1;21;1;0;2;9;4;0;3;0;0;0;0;0;0
1391035;21087;536;M;90;6.9;False;False;0;0;0;0;0;0;0;52;2;46;2;1;2;8;5;0;3;1;1;0;0;0;0
1391035;57446;536;DL;90;5.7;False;False;0;0;0;0;0;2;1;16;0;8;0;0;0;8;0;1;0;0;0;0;0;0;0
1391035;19364;536;DL;79;7.5;False;False;1;0;0;0;0;1;1;21;0;18;0;0;0;3;1;1;1;0;0;0;0;0;0
1391035;39121;536;DL;30;7.3;False;True;0;0;0;0;0;0;0;15;0;11;4;3;0;7;5;0;0;1;0;1;0;0;0
1391035;910;536;DL;30;6.6;False;True;0;0;0;0;0;1;1;21;2;18;0;0;1;5;4;0;0;3;0;0;0;0;0
1391035;957;536;M;11;6.5;False;True;0;0;0;0;0;0;0;20;0;16;0;0;0;3;1;1;0;0;0;0;0;0;0
1391035;185398;536;DL;11;6.2;False;True;0;0;0;0;0;0;0;7;0;6;1;0;0;1;0;0;0;0;0;0;0;0;0
1391035;19172;536;P;0;0.0;False;True;0;0;0;0;0;0;0;0;0;0;0;0;0;0;0;0;0;0;0;0;0;0;0
1391035;308346;536;P;0;0.0;False;True;0;0;0;0;0;0;0;0;0;0;0;0;0;0;0;0;0;0;0;0;0;0;0
1391035;125331;536;DF;0;0.0;False;True;0;0;0;0;0;0;0;0;0;0;0;0;0;0;0;0;0;0;0;0;0;0;0
1391035;338902;536;DF;0;0.0;False;True;0;0;0;0;0;0;0;0;0;0;0;0;0;0;0;0;0;0;0;0;0;0;0
1391035;47389;536;M;0;0.0;False;True;0;0;0;0;0;0;0;0;0;0;0;0;0;0;0;0;0;0;0;0;0;0;0
1391035;331607;536;M;0;0.0;False;True;0;0;0;0;0;0;0;0;0;0;0;0;0;0;0;0;0;0;0;0;0;0;0
1391035;341453;536;DF;0;0.0;False;True;0;0;0;0;0;0;0;0;0;0;0;0;0;0;0;0;0;0;0;0;0;0;0
1391035;546798;536;DL;0;0.0;False;True;0;0;0;0;0;0;0;0;0;0;0;0;0;0;0;0;0;0;0;0;0;0;0
1391035;179139;798;P;90;6.7;False;False;0;0;0;4;1;0;0;35;0;21;0;0;0;0;0;0;0;0;0;0;0;0;0
1391035;26302;798;DF;90;7.9;False;False;0;0;0;0;0;0;0;18;1;16;5;2;0;9;4;0;0;2;1;1;0;0;0
1391035;335697;798;DF;90;6.9;False;False;0;0;0;0;0;0;0;16;0;11;0;0;0;3;3;0;0;1;1;1;0;0;0
1391035;46738;798;DF;90;7.2;True;False;0;0;0;0;0;0;0;31;0;22;0;0;1;7;5;1;0;1;1;2;0;0;0
1391035;64268;798;DF;90;6.9;False;False;0;0;0;0;0;0;0;26;0;19;1;1;1;4;3;0;1;0;0;4;0;0;0
1391035;190485;798;M;89;8.5;False;False;1;0;0;0;0;1;1;33;1;25;1;1;1;15;7;5;2;2;3;2;0;0;0
1391035;414;798;M;90;5.9;False;False;0;0;0;0;0;0;0;27;0;17;0;0;1;9;3;4;0;2;0;4;1;0;0
1391035;25375;798;M;55;6.5;False;False;0;0;0;0;0;0;0;9;0;7;0;0;0;8;3;0;0;2;0;0;0;0;0
1391035;47336;798;M;83;7.3;False;False;1;0;0;0;0;1;1;24;2;16;4;3;1;8;5;1;0;1;0;1;0;0;0
1391035;491248;798;M;84;7.3;False;False;0;0;0;0;0;1;1;9;1;8;2;1;1;9;3;2;1;1;0;0;0;0;0
1391035;50048;798;DL;89;7.2;False;False;1;1;1;0;0;4;2;25;3;17;2;1;1;15;5;2;2;0;1;0;0;0;0
1391035;107194;798;M;35;6.5;False;True;0;0;0;0;0;0;0;5;0;2;0;0;2;6;2;1;0;2;0;2;0;0;0
1391035;1701;798;M;14;6.7;False;True;0;0;0;0;0;0;0;6;0;4;0;0;0;2;1;0;0;0;0;0;0;0;0
1391035;313059;798;DL;13;6.9;False;True;0;0;1;0;0;0;0;1;1;1;0;0;0;1;0;0;0;0;0;1;0;0;0
1391035;285909;798;M;5;7.9;False;True;1;0;0;0;0;1;1;2;0;1;1;1;0;3;2;0;1;0;0;0;0;0;0
1391035;46751;798;DL;1;0.0;False;True;0;0;0;0;0;0;0;1;0;1;0;0;0;0;0;0;0;0;0;0;0;0;0
1391035;152955;798;P;0;0.0;False;True;0;0;0;0;0;0;0;0;0;0;0;0;0;0;0;0;0;0;0;0;0;0;0
1391035;551463;798;DF;0;0.0;False;True;0;0;0;0;0;0;0;0;0;0;0;0;0;0;0;0;0;0;0;0;0;0;0
1391035;108519;798;DF;0;0.0;False;True;0;0;0;0;0;0;0;0;0;0;0;0;0;0;0;0;0;0;0;0;0;0;0
1391035;920;798;DF;0;0.0;False;True;0;0;0;0;0;0;0;0;0;0;0;0;0;0;0;0;0;0;0;0;0;0;0
1391035;46733;798;DF;0;0.0;False;True;0;0;0;0;0;0;0;0;0;0;0;0;0;0;0;0;0;0;0;0;0;0;0
1391035;293604;798;DL;0;0.0;False;True;0;0;0;0;0;0;0;0;0;0;0;0;0;0;0;0;0;0;0;0;0;0;0
1391035;405074;798;DL;0;0.0;False;True;0;0;0;0;0;0;0;0;0;0;0;0;0;0;0;0;0;0;0;0;0;0;0
1391036;278619;533;P;90;6.5;False;False;0;0;0;2;2;0;0;39;0;26;0;0;0;1;1;0;0;0;0;0;0;0;0
1391036;311773;533;DF;90;6.3;False;False;0;0;0;0;0;0;0;51;0;41;1;0;3;14;7;1;1;4;0;2;0;0;0
1391036;237066;533;DF;90;6.5;False;False;0;0;0;0;0;0;0;47;0;42;0;0;0;9;5;1;1;0;1;0;0;0;0
1391036;336671;533;DF;90;6.6;False;False;0;0;0;0;0;0;0;54;0;46;1;0;1;9;5;0;0;3;1;0;1;0;0
1391036;1702;533;DF;45;6.5;False;False;0;0;0;0;0;0;0;18;1;16;1;1;0;8;5;1;1;2;1;1;1;0;0
1391036;3246;533;M;90;6.2;False;False;0;0;1;0;0;1;1;31;1;20;1;0;5;16;4;1;1;0;0;1;0;0;0
1391036;20696;533;M;90;6.9;False;False;0;0;0;0;0;0;0;52;0;41;1;0;0;7;6;0;1;2;0;1;0;0;0
1391036;928;533;M;75;8.0;False;False;0;0;0;0;0;0;0;53;2;50;1;1;2;15;10;2;3;4;1;0;0;0;0
1391036;182519;533;M;90;6.3;False;False;0;0;0;0;0;0;0;31;0;23;0;0;2;5;1;0;1;0;0;0;0;0;0
1391036;1707;533;DL;83;7.9;True;False;2;1;0;0;0;3;3;32;0;24;0;0;2;12;4;1;2;0;0;0;0;0;0
1391036;180496;533;DL;75;6.5;False;False;0;0;0;0;0;1;0;11;0;9;1;1;1;9;3;0;2;0;0;0;0;0;0
1391036;70500;533;DF;45;6.9;False;True;0;0;0;0;0;0;0;14;0;10;1;0;0;4;3;0;2;1;0;0;0;0;0
1391036;47541;533;M;15;6.3;False;True;0;0;0;0;0;0;0;7;0;2;0;0;0;2;0;0;0;0;0;0;0;0;0
1391036;51016;533;DL;15;6.3;False;True;0;0;0;0;0;0;0;2;0;2;1;0;0;3;1;0;0;1;0;0;0;0;0
1391036;351587;533;DL;13;6.5;False;True;0;0;0;0;0;0;0;3;0;1;0;0;0;4;2;0;0;0;0;0;0;0;0
1391036;162473;533;P;0;0.0;False;True;0;0;0;0;0;0;0;0;0;0;0;0;0;0;0;0;0;0;0;0;0;0;0
1391036;355994;533;DF;0;0.0;False;True;0;0;0;0;0;0;0;0;0;0;0;0;0;0;0;0;0;0;0;0;0;0;0
1391036;435552;533;DF;0;0.0;False;True;0;0;0;0;0;0;0;0;0;0;0;0;0;0;0;0;0;0;0;0;0;0;0
1391036;514913;533;DL;0;0.0;False;True;0;0;0;0;0;0;0;0;0;0;0;0;0;0;0;0;0;0;0;0;0;0;0
1391036;548734;533;M;0;0.0;False;True;0;0;0;0;0;0;0;0;0;0;0;0;0;0;0;0;0;0;0;0;0;0;0
1391036;46646;727;P;90;6.7;False;False;0;0;0;2;2;0;0;30;0;22;0;0;0;0;0;0;0;0;0;0;0;0;0
1391036;21701;727;DF;90;6.3;False;False;0;0;0;0;0;0;0;47;1;39;0;0;0;3;1;1;0;1;0;2;0;0;0
1391036;47533;727;DF;45;6.2;False;False;0;0;0;0;0;0;0;26;0;25;1;1;1;6;2;3;0;1;0;1;1;0;0
1391036;279822;727;DF;90;6.6;False;False;0;0;0;0;0;0;0;46;0;40;0;0;0;9;6;1;0;2;0;2;0;0;0
1391036;47566;727;DF;90;6.9;False;False;0;0;0;0;0;0;0;38;3;31;7;5;0;17;12;1;1;4;0;3;0;0;0
1391036;46662;727;M;90;7.3;False;False;0;0;1;0;0;1;0;44;1;38;5;4;0;8;5;0;0;1;0;0;0;0;0
1391036;1825;727;M;90;6.9;False;False;0;0;0;0;0;3;1;54;1;39;3;2;1;16;10;1;2;0;0;1;1;0;0
1391036;46658;727;M;76;7.2;True;False;0;0;1;0;0;0;0;27;3;21;1;0;1;10;4;2;0;2;0;0;0;0;0
1391036;338751;727;M;90;7.2;False;False;1;0;0;0;0;3;2;14;1;10;7;2;0;17;6;3;1;2;0;0;0;0;0
1391036;264470;727;M;62;6.5;False;False;0;0;0;0;0;0;0;13;1;10;4;2;0;7;3;0;0;0;0;0;0;0;0
1391036;46746;727;DL;76;7.3;False;False;1;0;0;0;0;3;1;3;0;2;0;0;0;12;5;1;0;2;0;1;0;0;0
1391036;182592;727;DF;45;7.3;False;True;0;0;0;0;0;0;0;10;0;9;0;0;0;3;1;1;0;1;0;0;0;0;0
1391036;67939;727;M;28;6.3;False;True;0;0;0;0;0;0;0;9;0;5;0;0;0;5;3;1;1;2;0;0;0;0;0
1391036;181259;727;DF;14;6.9;False;True;0;0;0;0;0;0;0;8;0;8;0;0;0;0;0;0;0;0;0;0;0;0;0
1391036;146751;727;DL;14;6.3;False;True;0;0;0;0;0;2;1;1;0;0;1;0;0;5;3;0;1;1;0;0;0;0;0
1391036;47448;727;P;0;0.0;False;True;0;0;0;0;0;0;0;0;0;0;0;0;0;0;0;0;0;0;0;0;0;0;0
1391036;421044;727;DF;0;0.0;False;True;0;0;0;0;0;0;0;0;0;0;0;0;0;0;0;0;0;0;0;0;0;0;0
1391036;46967;727;DF;0;0.0;False;True;0;0;0;0;0;0;0;0;0;0;0;0;0;0;0;0;0;0;0;0;0;0;0
1391036;47574;727;DL;0;0.0;False;True;0;0;0;0;0;0;0;0;0;0;0;0;0;0;0;0;0;0;0;0;0;0;0
1391036;381197;727;M;0;0.0;False;True;0;0;0;0;0;0;0;0;0;0;0;0;0;0;0;0;0;0;0;0;0;0;0
1391036;182621;727;M;0;0.0;False;True;0;0;0;0;0;0;0;0;0;0;0;0;0;0;0;0;0;0;0;0;0;0;0
1391036;46667;727;DL;0;0.0;False;True;0;0;0;0;0;0;0;0;0;0;0;0;0;0;0;0;0;0;0;0;0;0;0
1391036;37938;727;DL;0;0.0;False;True;0;0;0;0;0;0;0;0;0;0;0;0;0;0;0;0;0;0;0;0;0;0;0
1391037;730;541;P;90;6.9;False;False;0;0;0;3;1;0;0;26;0;23;0;0;0;0;0;0;0;0;0;0;0;0;0
1391037;756;541;DF;90;7.9;True;False;0;0;0;0;0;0;0;69;3;60;2;2;1;10;8;1;1;1;0;0;0;0;0
1391037;341640;541;DF;45;6.9;False;False;0;0;0;0;0;0;0;28;0;28;0;0;1;1;0;0;0;0;0;0;0;0;0
1391037;361497;541;DF;77;6.6;False;False;0;0;0;0;0;0;0;67;1;60;0;0;0;4;1;0;0;1;0;4;0;0;0
1391037;2207;541;DF;90;7.3;False;False;0;0;0;0;0;1;0;76;0;71;1;0;0;10;7;2;3;4;1;2;0;0;0
1391037;449249;541;M;60;6.7;False;False;0;0;0;0;0;0;0;19;0;17;3;0;0;7;4;0;2;2;0;0;0;0;0
1391037;291964;541;M;77;7.5;False;False;0;0;0;0;0;1;1;48;2;44;2;1;1;8;4;0;2;1;0;0;0;0;0
1391037;1271;541;M;90;6.9;False;False;0;0;0;0;0;1;0;67;1;60;0;0;0;5;4;0;0;3;1;0;0;0;0
1391037;129718;541;M;10;6.7;False;False;0;0;0;0;0;0;0;4;0;4;0;0;0;0;0;0;0;0;0;0;0;0;0
1391037;278;541;DL;90;6.9;False;False;1;1;0;0;0;3;2;20;0;16;7;3;0;11;4;0;1;0;0;0;0;0;0
1391037;762;541;DL;90;8.2;False;False;1;0;0;0;0;2;1;44;2;37;4;1;0;11;7;1;3;3;0;0;1;0;0
1391037;744;541;M;80;7.2;False;True;0;0;1;0;0;2;1;28;1;25;1;0;0;7;3;1;2;1;0;0;0;0;0
1391037;748;541;M;45;7.5;False;True;0;0;0;0;0;1;0;50;2;46;0;0;0;6;4;1;3;1;0;0;1;0;0
1391037;336711;541;DL;30;6.7;False;True;0;0;0;0;0;0;0;5;0;4;0;0;0;2;2;0;0;1;0;0;0;0;0
1391037;505;541;DF;13;6.7;False;True;0;0;0;0;0;0;0;15;0;12;0;0;0;2;1;0;0;0;0;0;0;0;0
1391037;10009;541;DL;13;6.9;False;True;0;0;0;0;0;1;1;16;1;15;2;0;0;5;3;0;0;3;0;0;0;0;0
1391037;47400;541;P;0;0.0;False;True;0;0;0;0;0;0;0;0;0;0;0;0;0;0;0;0;0;0;0;0;0;0;0
1391037;396475;541;P;0;0.0;False;True;0;0;0;0;0;0;0;0;0;0;0;0;0;0;0;0;0;0;0;0;0;0;0
1391037;284300;541;DF;0;0.0;False;True;0;0;0;0;0;0;0;0;0;0;0;0;0;0;0;0;0;0;0;0;0;0;0
1391037;736;541;DF;0;0.0;False;True;0;0;0;0;0;0;0;0;0;0;0;0;0;0;0;0;0;0;0;0;0;0;0
1391037;733;541;DF;0;0.0;False;True;0;0;0;0;0;0;0;0;0;0;0;0;0;0;0;0;0;0;0;0;0;0;0
1391037;11379;728;P;90;6.0;False;False;0;0;0;4;2;0;0;32;0;19;0;0;1;1;0;0;0;0;0;0;1;0;0
1391037;1703;728;DF;90;6.3;False;False;0;0;0;0;0;1;1;49;1;41;1;0;1;11;4;1;0;4;0;2;0;0;0
1391037;18895;728;DF;90;7.0;False;False;0;0;0;0;0;0;0;54;0;49;0;0;0;6;4;2;0;3;1;2;0;0;0
1391037;358431;728;DF;90;6.7;False;False;0;0;0;0;0;0;0;40;0;36;0;0;0;5;4;1;0;3;1;0;0;0;0
1391037;181734;728;DF;90;6.9;False;False;0;0;0;0;0;1;0;46;1;41;0;0;1;10;5;3;0;5;0;1;2;1;0
1391037;41552;728;M;80;6.0;False;False;0;0;0;0;0;1;0;51;1;49;0;0;0;5;1;3;0;0;0;2;0;1;0
1391037;47414;728;M;56;6.3;False;False;0;0;0;0;0;1;1;34;0;31;0;0;0;4;1;3;0;1;1;1;1;0;0
1391037;290740;728;M;83;6.9;False;False;0;0;0;0;0;1;0;25;0;24;2;1;0;12;8;2;4;3;0;1;1;0;0
1391037;131546;728;M;83;5.9;True;False;0;0;0;0;0;0;0;38;1;37;2;0;0;9;1;2;0;1;0;0;1;0;0
1391037;47543;728;M;77;6.6;False;False;0;0;1;0;0;1;1;11;1;10;0;0;1;6;3;0;2;1;0;1;0;0;0
1391037;128582;728;DL;56;7.3;False;False;1;0;0;0;0;1;1;13;2;9;1;1;0;3;1;0;0;0;0;0;0;0;0
1391037;46887;728;M;34;6.7;False;True;0;0;0;0;0;0;0;14;1;12;2;1;1;7;4;0;0;1;0;0;0;0;0
1391037;47109;728;M;34;6.5;False;True;0;0;0;0;0;1;0;27;1;26;1;0;0;4;1;1;0;1;0;1;1;0;0
1391037;46759;728;DF;13;6.2;False;True;0;0;0;0;0;0;0;5;0;3;0;0;0;2;0;0;0;0;0;0;1;0;0
1391037;1847;728;DF;22;6.2;False;True;0;0;0;0;0;0;0;1;0;1;0;0;0;0;0;0;0;0;0;0;0;0;0
1391037;324750;728;DL;22;6.5;False;True;0;0;0;0;0;0;0;3;0;2;0;0;2;4;0;0;0;0;1;0;0;0;0
1391037;156488;728;P;0;0.0;False;True;0;0;0;0;0;0;0;0;0;0;0;0;0;0;0;0;0;0;0;0;0;0;0
1391037;20520;728;DF;0;0.0;False;True;0;0;0;0;0;0;0;0;0;0;0;0;0;0;0;0;0;0;0;0;0;0;0
1391037;162931;728;M;0;0.0;False;True;0;0;0;0;0;0;0;0;0;0;0;0;0;0;0;0;0;0;0;0;0;0;0
1391037;47557;728;M;0;0.0;False;True;0;0;0;0;0;0;0;0;0;0;0;0;0;0;0;0;0;0;0;0;0;0;0
1391037;91745;728;DL;0;0.0;False;True;0;0;0;0;0;0;0;0;0;0;0;0;0;0;0;0;0;0;0;0;0;0;0
1391037;52;728;DL;0;0.0;False;True;0;0;0;0;0;0;0;0;0;0;0;0;0;0;0;0;0;0;0;0;0;0;0
1391037;122657;728;M;0;0.0;False;True;0;0;0;0;0;0;0;0;0;0;0;0;0;0;0;0;0;0;0;0;0;0;0
1391038;127;547;P;90;6.3;False;False;0;0;0;3;1;0;0;45;0;42;0;0;0;0;0;0;0;0;0;0;0;0;0
1391038;283668;547;DF;69;7.2;True;False;0;0;0;0;0;1;0;47;1;40;1;1;0;10;6;1;1;1;0;0;0;0;0
1391038;414359;547;DF;90;6.5;False;False;0;0;0;0;0;0;0;73;0;67;0;0;1;12;4;4;0;0;0;1;0;0;0
1391038;531;547;DF;90;7.0;False;False;0;0;0;0;0;0;0;98;0;91;0;0;0;5;2;1;0;0;1;0;0;0;0
1391038;47547;547;DF;90;6.6;False;False;0;0;0;0;0;1;0;43;1;38;6;4;0;10;6;1;1;0;0;0;0;0;0
1391038;1700;547;M;70;6.9;False;False;0;0;0;0;0;1;0;37;0;33;0;0;0;7;5;0;1;3;0;1;0;0;0
1391038;47435;547;M;79;7.2;False;False;0;0;0;0;0;0;0;71;0;65;0;0;2;9;5;0;1;4;1;1;0;0;0
1391038;45;547;M;90;6.3;False;False;0;0;0;0;0;1;0;49;0;46;2;1;1;7;1;3;0;0;0;0;0;0;0
1391038;2182;547;DL;90;6.9;False;False;0;0;0;0;0;0;0;41;2;37;4;1;0;10;4;1;1;1;0;1;1;0;0
1391038;161670;547;DL;90;6.0;False;False;0;0;0;0;0;0;0;10;0;9;0;0;0;5;1;3;1;0;0;0;0;0;0
1391038;2061;547;DL;69;7.0;False;False;0;0;0;0;0;0;0;22;2;19;3;2;1;11;7;0;2;3;0;0;0;0;0
1391038;313025;547;DF;21;6.3;False;True;0;0;0;0;0;0;0;13;0;9;1;1;0;3;3;0;1;0;0;0;0;0;0
1391038;414385;547;M;21;7.0;False;True;0;0;0;0;0;0;0;12;1;11;3;3;0;6;5;0;1;1;0;0;0;0;0
1391038;20;547;DF;20;6.2;False;True;0;0;0;0;0;2;0;16;0;15;0;0;0;1;1;0;1;0;0;1;0;0;0
1391038;2617;547;DL;11;6.5;False;True;0;0;0;0;0;1;1;1;0;1;0;0;0;3;1;2;0;0;0;0;0;0;0
1391038;432476;547;P;0;0.0;False;True;0;0;0;0;0;0;0;0;0;0;0;0;0;0;0;0;0;0;0;0;0;0;0
1391038;158;547;P;0;0.0;False;True;0;0;0;0;0;0;0;0;0;0;0;0;0;0;0;0;0;0;0;0;0;0;0
1391038;47334;547;DF;0;0.0;False;True;0;0;0;0;0;0;0;0;0;0;0;0;0;0;0;0;0;0;0;0;0;0;0
1391038;162434;547;DF;0;0.0;False;True;0;0;0;0;0;0;0;0;0;0;0;0;0;0;0;0;0;0;0;0;0;0;0
1391038;551459;547;M;0;0.0;False;True;0;0;0;0;0;0;0;0;0;0;0;0;0;0;0;0;0;0;0;0;0;0;0
1391038;339105;547;M;0;0.0;False;True;0;0;0;0;0;0;0;0;0;0;0;0;0;0;0;0;0;0;0;0;0;0;0
1391038;414409;547;DL;0;0.0;False;True;0;0;0;0;0;0;0;0;0;0;0;0;0;0;0;0;0;0;0;0;0;0;0
1391038;155;547;DL;0;0.0;False;True;0;0;0;0;0;0;0;0;0;0;0;0;0;0;0;0;0;0;0;0;0;0;0
1391038;46673;718;P;90;7.2;False;False;0;0;0;1;0;0;0;38;0;15;0;0;0;2;2;0;2;0;0;0;0;0;0
1391038;46657;718;DF;70;6.2;False;False;0;0;0;0;0;0;0;25;0;19;0;0;2;7;1;3;0;1;0;1;0;0;0
1391038;47429;718;DF;90;7.6;True;False;0;0;0;0;0;0;0;37;0;29;0;0;1;4;3;0;1;1;1;0;0;0;0
1391038;41970;718;DF;90;6.9;False;False;0;0;0;0;0;0;0;28;1;21;0;0;0;5;3;1;1;0;1;1;1;0;0
1391038;182636;718;DF;90;7.2;False;False;0;0;0;0;0;0;0;33;2;27;0;0;1;9;6;1;1;4;0;0;0;0;0
1391038;3608;718;M;70;6.6;False;False;0;0;0;0;0;0;0;21;0;21;0;0;1;3;1;1;0;1;0;0;0;0;0
1391038;30927;718;M;87;7.7;False;False;0;0;0;0;0;0;0;24;2;20;2;1;0;14;9;1;4;4;0;0;0;0;0
1391038;20844;718;M;64;6.7;False;False;0;0;0;0;0;1;1;12;0;10;5;2;3;9;3;0;0;1;0;0;0;0;0
1391038;182486;718;M;64;6.6;False;False;0;0;0;0;0;0;0;17;1;15;1;0;0;3;0;1;0;0;0;1;0;0;0
1391038;266202;718;M;90;7.2;False;False;1;0;0;0;0;3;2;20;0;12;1;1;0;9;4;2;0;1;0;0;0;0;0
1391038;51530;718;DL;90;7.0;False;False;0;0;0;0;0;1;0;21;1;16;1;1;1;21;12;2;5;2;0;0;0;0;0
1391038;1695;718;M;26;6.9;False;True;0;0;0;0;0;0;0;7;1;7;1;0;0;1;0;0;0;0;0;0;0;0;0
1391038;362750;718;DL;26;7.3;False;True;0;0;1;0;0;1;1;4;1;4;1;0;1;7;2;0;1;1;0;0;0;0;0
1391038;131548;718;DF;20;6.6;False;True;0;0;0;0;0;0;0;0;0;0;0;0;0;0;0;0;0;0;0;0;0;0;0
1391038;30690;718;M;20;6.7;False;True;0;0;0;0;0;0;0;1;0;1;0;0;3;5;2;0;1;1;0;0;0;0;0
1391038;2922;718;M;3;0.0;False;True;0;0;0;0;0;0;0;0;0;0;0;0;0;0;0;0;0;0;0;0;0;0;0
1391038;297243;718;P;0;0.0;False;True;0;0;0;0;0;0;0;0;0;0;0;0;0;0;0;0;0;0;0;0;0;0;0
1391038;42642;718;P;0;0.0;False;True;0;0;0;0;0;0;0;0;0;0;0;0;0;0;0;0;0;0;0;0;0;0;0
1391038;46966;718;DF;0;0.0;False;True;0;0;0;0;0;0;0;0;0;0;0;0;0;0;0;0;0;0;0;0;0;0;0
1391038;38699;718;M;0;0.0;False;True;0;0;0;0;0;0;0;0;0;0;0;0;0;0;0;0;0;0;0;0;0;0;0
1391038;600938;718;M;0;0.0;False;True;0;0;0;0;0;0;0;0;0;0;0;0;0;0;0;0;0;0;0;0;0;0;0
1391038;184194;718;DL;0;0.0;False;True;0;0;0;0;0;0;0;0;0;0;0;0;0;0;0;0;0;0;0;0;0;0;0
1391038;197513;718;DL;0;0.0;False;True;0;0;0;0;0;0;0;0;0;0;0;0;0;0;0;0;0;0;0;0;0;0;0
1391039;47353;542;P;90;7.2;False;False;0;0;0;3;2;0;0;25;0;18;0;0;0;0;0;0;0;0;0;0;0;0;0
1391039;6233;542;DF;90;6.2;False;False;0;0;0;0;0;1;0;51;0;41;2;0;0;11;4;1;1;0;1;1;0;0;0
1391039;6638;542;DF;90;6.5;False;False;0;0;0;0;0;0;0;48;0;36;0;0;1;17;10;3;0;3;0;0;1;0;0
1391039;182546;542;DF;90;6.5;False;False;0;0;0;0;0;1;1;45;2;41;0;0;1;10;5;3;1;1;1;1;0;0;0
1391039;18740;542;DF;77;6.3;False;False;0;0;0;0;0;0;0;32;1;26;1;1;0;9;7;2;2;3;0;0;1;0;0
1391039;266658;542;M;58;7.2;False;False;0;0;0;0;0;0;0;21;1;18;2;2;0;9;7;2;2;3;0;0;0;0;0
1391039;139001;542;M;59;6.3;False;False;0;0;0;0;0;0;0;17;0;11;1;0;0;12;4;0;1;2;0;0;0;0;0
1391039;162686;542;M;90;6.6;True;False;0;0;0;0;0;0;0;57;1;41;0;0;2;12;6;2;1;3;1;1;0;0;0
1391039;143;542;M;77;6.6;False;False;0;0;0;0;0;0;0;28;3;24;2;0;1;8;3;1;1;1;0;1;0;0;0
1391039;47181;542;DL;59;6.6;False;False;0;0;0;0;0;2;1;14;0;10;0;0;0;12;7;0;1;0;0;0;0;0;0
1391039;608;542;DL;90;6.7;False;False;0;0;0;0;0;4;0;21;0;15;3;1;0;21;10;3;8;0;0;1;0;0;0
1391039;183751;542;DL;32;6.3;False;True;0;0;0;0;0;2;0;9;0;5;2;0;0;2;0;0;0;0;0;1;0;0;0
1391039;1461;542;M;31;6.2;False;True;0;0;0;0;0;1;1;20;1;17;1;0;0;6;2;2;1;1;1;0;0;0;0
1391039;330440;542;DL;31;6.7;False;True;0;0;0;0;0;1;1;2;0;2;2;1;0;6;1;0;0;0;0;0;0;0;0
1391039;361384;542;DF;13;7.0;False;True;0;0;0;0;0;0;0;5;1;3;0;0;2;3;0;1;0;0;0;0;0;0;0
1391039;551366;542;DF;13;6.6;False;True;0;0;0;0;0;1;1;9;0;7;2;1;0;2;1;0;0;0;0;0;0;0;0
1391039;46987;542;P;0;0.0;False;True;0;0;0;0;0;0;0;0;0;0;0;0;0;0;0;0;0;0;0;0;0;0;0
1391039;128951;542;DF;0;0.0;False;True;0;0;0;0;0;0;0;0;0;0;0;0;0;0;0;0;0;0;0;0;0;0;0
1391039;104821;542;M;0;0.0;False;True;0;0;0;0;0;0;0;0;0;0;0;0;0;0;0;0;0;0;0;0;0;0;0
1391039;47309;542;M;0;0.0;False;True;0;0;0;0;0;0;0;0;0;0;0;0;0;0;0;0;0;0;0;0;0;0;0
1391039;47247;546;P;90;8.7;False;False;0;0;0;5;0;0;0;32;0;18;0;0;0;0;0;0;0;0;0;0;0;0;0
1391039;18794;546;DF;89;7.0;False;False;0;0;0;0;0;2;1;23;0;18;2;0;0;7;3;1;0;2;0;3;0;0;0
1391039;46795;546;DF;90;7.0;False;False;0;0;0;0;0;1;0;23;0;15;0;0;0;9;7;1;2;4;0;2;1;0;0
1391039;47250;546;DF;90;7.5;True;False;0;0;0;0;0;0;0;30;0;23;1;1;1;17;11;2;4;4;0;2;1;0;0
1391039;180927;546;DF;90;7.3;False;False;0;0;0;0;0;0;0;35;0;20;0;0;0;14;9;1;0;6;0;4;0;0;0
1391039;119742;546;DF;90;6.9;False;False;0;0;0;0;0;0;0;21;0;14;0;0;3;14;6;4;1;2;0;2;0;0;0
1391039;343205;546;M;34;6.3;False;False;0;0;0;0;0;1;0;5;0;4;0;0;0;4;3;1;0;3;0;0;1;0;0
1391039;47085;546;M;90;8.2;False;False;0;0;1;0;0;0;0;42;7;29;4;3;2;14;9;2;2;0;0;1;0;0;0
1391039;47258;546;M;90;7.5;False;False;1;1;0;0;0;1;1;19;3;12;4;1;0;16;10;1;4;4;0;0;0;0;0
1391039;6490;546;DL;67;7.5;False;False;1;0;0;0;0;2;1;7;0;4;4;0;0;14;5;0;4;0;0;0;0;0;0
1391039;195512;546;DL;89;6.0;False;False;0;0;0;0;0;2;1;23;1;16;3;1;0;16;5;0;1;2;0;1;0;0;0
1391039;46813;546;DF;56;6.2;False;True;0;0;0;0;0;1;0;7;0;3;0;0;0;9;2;6;0;1;0;2;1;0;0
1391039;394573;546;DL;23;7.2;False;True;0;0;0;0;0;1;1;3;0;2;1;1;0;6;3;1;2;0;0;0;0;0;0
1391039;18867;546;DF;1;0.0;False;True;0;0;0;0;0;0;0;3;0;1;0;0;0;0;0;0;0;0;0;1;0;0;0
1391039;47407;546;DF;1;0.0;False;True;0;0;0;0;0;0;0;1;0;1;0;0;0;0;0;0;0;0;0;0;0;0;0
1391039;66491;546;P;0;0.0;False;True;0;0;0;0;0;0;0;0;0;0;0;0;0;0;0;0;0;0;0;0;0;0;0
1391039;316516;546;DF;0;0.0;False;True;0;0;0;0;0;0;0;0;0;0;0;0;0;0;0;0;0;0;0;0;0;0;0
1391039;625636;546;DF;0;0.0;False;True;0;0;0;0;0;0;0;0;0;0;0;0;0;0;0;0;0;0;0;0;0;0;0
1391039;631889;546;M;0;0.0;False;True;0;0;0;0;0;0;0;0;0;0;0;0;0;0;0;0;0;0;0;0;0;0;0
1391039;546852;546;DL;0;0.0;False;True;0;0;0;0;0;0;0;0;0;0;0;0;0;0;0;0;0;0;0;0;0;0;0
1391039;46860;546;M;0;0.0;False;True;0;0;0;0;0;0;0;0;0;0;0;0;0;0;0;0;0;0;0;0;0;0;0
1391039;45804;546;M;0;0.0;False;True;0;0;0;0;0;0;0;0;0;0;0;0;0;0;0;0;0;0;0;0;0;0;0
1391040;47270;531;P;90;6.2;False;False;0;0;0;1;2;0;0;28;0;17;0;0;0;0;0;0;0;0;0;0;0;0;0
1391040;47299;531;DF;90;6.2;False;False;0;0;0;0;0;1;0;38;1;33;2;2;3;10;3;2;0;0;0;1;0;0;0
1391040;183849;531;DF;90;7.0;False;False;0;0;0;0;0;0;0;64;1;60;0;0;0;4;2;2;0;0;0;4;1;0;0
1391040;622;531;DF;90;6.9;False;False;0;0;0;0;0;0;0;71;0;59;0;0;0;8;6;0;0;0;0;1;0;0;0
1391040;47273;531;DF;39;6.9;False;False;0;0;0;0;0;0;0;19;0;16;0;0;0;2;1;1;0;1;0;1;0;0;0
1391040;47007;531;M;76;7.6;False;False;0;0;1;0;0;1;0;60;3;54;1;1;1;9;4;2;1;2;0;0;0;0;0
1391040;383780;531;M;63;6.9;False;False;0;0;0;0;0;0;0;23;0;19;0;0;2;9;5;1;2;3;1;0;0;0;0
1391040;286593;531;M;89;7.9;False;False;1;0;0;0;0;5;2;25;3;22;5;2;3;12;2;1;0;0;0;2;0;0;0
1391040;47291;531;M;62;9.2;False;False;2;0;0;0;0;4;3;16;2;15;0;0;1;5;0;1;0;0;0;0;0;0;0
1391040;183799;531;M;76;6.3;False;False;0;0;0;0;0;1;1;34;2;32;5;2;0;11;3;2;1;0;0;0;0;0;0
1391040;47294;531;DL;90;8.3;True;False;0;0;2;0;0;3;0;32;3;26;3;2;0;9;6;1;2;1;0;0;0;0;0
1391040;336998;531;DF;51;6.6;False;True;0;0;0;0;0;0;0;40;1;38;1;0;1;10;6;2;3;2;0;1;0;0;0
1391040;84086;531;M;28;7.7;False;True;1;0;0;0;0;1;1;15;2;14;1;1;0;2;2;0;1;0;0;0;0;0;0
1391040;332309;531;M;27;6.3;False;True;0;0;0;0;0;0;0;26;0;24;0;0;1;5;1;2;0;1;0;1;1;0;0
1391040;332308;531;M;14;6.3;False;True;0;0;0;0;0;0;0;3;0;3;0;0;0;2;1;0;0;0;0;0;0;0;0
1391040;568156;531;M;14;7.0;False;True;0;0;1;0;0;0;0;8;1;5;0;0;1;2;1;0;0;0;0;0;0;0;0
1391040;47276;531;DF;1;0.0;False;True;0;0;0;0;0;0;0;0;0;0;0;0;0;0;0;0;0;0;0;0;0;0;0
1391040;312468;531;P;0;0.0;False;True;0;0;0;0;0;0;0;0;0;0;0;0;0;0;0;0;0;0;0;0;0;0;0
1391040;182181;531;DF;0;0.0;False;True;0;0;0;0;0;0;0;0;0;0;0;0;0;0;0;0;0;0;0;0;0;0;0
1391040;407677;531;DF;0;0.0;False;True;0;0;0;0;0;0;0;0;0;0;0;0;0;0;0;0;0;0;0;0;0;0;0
1391040;47418;531;M;0;0.0;False;True;0;0;0;0;0;0;0;0;0;0;0;0;0;0;0;0;0;0;0;0;0;0;0
1391040;183776;531;DL;0;0.0;False;True;0;0;0;0;0;0;0;0;0;0;0;0;0;0;0;0;0;0;0;0;0;0;0
1391040;2741;539;P;90;7.2;False;False;0;0;0;3;4;0;0;52;0;45;0;0;0;1;1;0;0;0;0;0;0;0;0
1391040;1118;539;DF;90;6.2;False;False;0;0;0;0;0;0;0;31;0;28;2;1;2;10;5;1;1;2;1;1;1;0;0
1391040;734;539;DF;65;6.9;False;False;0;0;0;0;0;0;0;47;1;37;0;0;0;5;4;1;1;2;1;1;0;0;0
1391040;316517;539;DF;17;3.0;False;False;0;0;0;0;0;0;0;12;0;8;0;0;0;2;1;1;0;0;0;0;0;1;0
1391040;64309;539;DF;90;6.2;False;False;0;0;0;0;0;0;0;36;0;32;1;0;0;6;5;0;1;2;0;1;0;0;0
1391040;334878;539;M;81;7.3;False;False;0;0;0;0;0;0;0;45;0;41;1;1;1;6;5;0;0;3;0;1;0;0;0
1391040;104949;539;M;65;6.3;True;False;0;0;0;0;0;0;0;32;2;18;1;1;1;4;1;1;0;0;0;1;0;0;0
1391040;579287;539;M;90;6.7;False;False;0;0;0;0;0;0;0;30;0;20;5;4;1;16;10;1;4;2;0;1;0;0;0
1391040;182770;539;M;45;6.2;False;False;0;0;0;0;0;0;0;17;0;9;1;0;0;5;2;1;2;0;1;0;0;0;0
1391040;192032;539;M;65;6.2;False;False;0;0;0;0;0;2;1;21;0;16;3;3;1;12;8;0;2;0;0;0;0;0;0
1391040;378284;539;DL;90;6.3;False;False;0;0;0;0;0;0;0;17;0;12;3;2;0;17;6;3;2;1;0;1;0;0;0
1391040;125239;539;M;44;6.6;False;True;0;0;0;0;0;1;0;29;0;24;0;0;0;5;4;1;1;1;0;0;0;0;0
1391040;46941;539;DF;25;7.2;False;True;1;0;0;0;0;1;1;16;0;14;0;0;0;2;2;0;1;0;0;0;0;0;0
1391040;182603;539;M;25;7.6;False;True;1;0;0;0;0;1;1;11;0;7;0;0;3;3;0;0;0;0;3;0;0;0;0
1391040;450497;539;DL;25;6.7;False;True;0;0;0;0;0;0;0;3;0;2;1;1;1;5;3;0;2;0;0;0;0;0;0
1391040;128985;539;DL;9;6.5;False;True;0;0;0;0;0;0;0;1;0;1;0;0;0;1;0;0;0;0;0;0;0;0;0
1391040;463279;539;DL;1;0.0;False;True;0;0;0;0;0;0;0;0;0;0;0;0;0;0;0;0;0;0;0;0;0;0;0
1391040;286611;539;P;0;0.0;False;True;0;0;0;0;0;0;0;0;0;0;0;0;0;0;0;0;0;0;0;0;0;0;0
1391040;338295;539;P;0;0.0;False;True;0;0;0;0;0;0;0;0;0;0;0;0;0;0;0;0;0;0;0;0;0;0;0
1391040;504605;539;DF;0;0.0;False;True;0;0;0;0;0;0;0;0;0;0;0;0;0;0;0;0;0;0;0;0;0;0;0
1391040;104832;539;DF;0;0.0;False;True;0;0;0;0;0;0;0;0;0;0;0;0;0;0;0;0;0;0;0;0;0;0;0
1391040;106727;539;M;0;0.0;False;True;0;0;0;0;0;0;0;0;0;0;0;0;0;0;0;0;0;0;0;0;0;0;0
1391040;328139;539;DL;0;0.0;False;True;0;0;0;0;0;0;0;0;0;0;0;0;0;0;0;0;0;0;0;0;0;0;0
1391041;29;530;P;90;7.0;False;False;0;0;0;3;1;0;0;14;0;14;0;0;0;0;0;0;0;0;0;0;0;0;0
1391041;753;530;DF;90;6.5;False;False;0;0;0;0;0;0;0;61;0;54;1;1;3;8;2;1;0;0;0;0;0;0;0
1391041;31;530;DF;90;6.9;False;False;0;0;0;0;0;2;2;101;0;93;0;0;0;12;6;2;0;1;1;1;0;0;0
1391041;30399;530;DF;90;6.9;False;False;0;0;0;0;0;0;0;85;0;78;1;1;1;6;4;0;0;2;0;0;0;0;0
1391041;162012;530;DF;45;6.5;False;False;0;0;0;0;0;0;0;35;0;32;0;0;0;3;1;1;0;1;0;1;1;0;0
1391041;323935;530;M;90;6.2;False;False;0;0;0;0;0;0;0;37;1;27;4;1;1;8;3;1;2;0;0;0;0;0;0
1391041;341371;530;M;55;6.2;False;False;0;0;0;0;0;1;0;43;0;38;1;0;0;3;1;1;0;0;0;0;0;0;0
1391041;50;530;M;90;7.6;True;False;0;0;0;0;0;0;0;132;2;121;1;1;0;5;2;2;0;1;0;2;0;0;0
1391041;6067;530;M;45;6.9;False;False;0;0;0;0;0;0;0;29;0;26;0;0;0;2;2;0;0;2;0;0;0;0;0
1391041;6009;530;DL;45;6.3;False;False;0;0;0;0;0;1;1;13;1;10;1;1;1;2;1;0;0;0;0;0;0;0;0
1391041;18767;530;DL;70;6.2;False;False;0;0;0;0;0;2;0;22;1;20;2;1;0;5;1;1;0;0;0;0;1;0;0
1391041;47301;530;DF;45;7.2;False;True;0;0;0;0;0;0;0;53;0;49;0;0;0;3;3;0;0;0;0;1;0;0;0
1391041;182219;530;M;45;6.3;False;True;0;0;0;0;0;0;0;24;1;19;3;1;0;7;2;3;1;0;0;1;1;0;0
1391041;8492;530;DL;45;6.7;False;True;0;0;0;0;0;2;2;2;0;2;0;0;0;3;2;0;0;0;0;0;0;0;0
1391041;56;530;DL;35;6.9;False;True;0;0;0;0;0;1;0;13;2;10;1;0;0;2;1;0;0;0;0;0;0;0;0
1391041;313383;530;M;20;6.7;False;True;0;0;0;0;0;0;0;14;0;12;1;0;0;1;0;0;0;0;0;0;0;0;0
1391041;2465;530;P;0;0.0;False;True;0;0;0;0;0;0;0;0;0;0;0;0;0;0;0;0;0;0;0;0;0;0;0
1391041;393198;530;P;0;0.0;False;True;0;0;0;0;0;0;0;0;0;0;0;0;0;0;0;0;0;0;0;0;0;0;0
1391041;6503;530;DF;0;0.0;False;True;0;0;0;0;0;0;0;0;0;0;0;0;0;0;0;0;0;0;0;0;0;0;0
1391041;133;530;DF;0;0.0;False;True;0;0;0;0;0;0;0;0;0;0;0;0;0;0;0;0;0;0;0;0;0;0;0
1391041;303378;530;M;0;0.0;False;True;0;0;0;0;0;0;0;0;0;0;0;0;0;0;0;0;0;0;0;0;0;0;0
1391041;46990;543;P;90;8.2;False;False;0;0;0;5;0;0;0;43;0;23;0;0;0;0;0;0;0;0;0;0;0;0;0
1391041;47119;543;DF;90;7.2;True;False;0;0;0;0;0;0;0;43;1;31;0;0;2;5;3;0;0;3;0;3;0;0;0
1391041;47302;543;DF;90;7.7;False;False;0;0;0;0;0;0;0;34;0;33;0;0;0;7;4;0;1;1;0;0;0;0;0
1391041;195100;543;DF;90;6.9;False;False;0;0;0;0;0;0;0;27;0;26;0;0;0;5;2;0;0;2;0;2;0;0;0
1391041;1631;543;DF;90;6.9;False;False;0;0;0;0;0;0;0;23;0;21;0;0;0;1;1;0;0;1;0;0;0;0;0
1391041;1697;543;M;70;6.6;False;False;0;0;0;0;0;0;0;38;1;31;1;1;1;4;2;0;0;0;0;2;0;0;0
1391041;47341;543;M;90;7.2;False;False;0;0;0;0;0;0;0;39;0;37;1;1;0;7;5;1;2;2;1;0;0;0;0
1391041;750;543;M;87;6.7;False;False;0;0;0;0;0;1;0;37;0;35;2;1;2;7;3;0;1;0;0;0;0;0;0
1391041;9971;543;DL;87;7.7;False;False;1;0;0;0;0;1;1;33;1;25;2;0;1;8;3;0;1;2;0;2;0;0;0
1391041;3033;543;DL;79;7.0;False;False;0;0;0;0;0;2;2;10;0;6;0;0;0;9;6;0;2;2;0;0;0;0;0
1391041;181421;543;DL;90;7.0;False;False;0;0;1;0;0;2;0;35;2;29;3;3;1;10;6;2;1;1;0;3;1;0;0
1391041;286084;543;M;20;6.6;False;True;0;0;0;0;0;0;0;5;0;5;0;0;0;1;1;0;1;0;0;0;0;0;0
1391041;300885;543;M;11;6.7;False;True;0;0;0;0;0;0;0;3;1;2;0;0;0;5;2;0;2;0;0;0;0;0;0
1391041;1561;543;DF;9;6.7;False;True;0;0;0;0;0;0;0;1;0;0;0;0;0;0;0;0;0;0;0;0;0;0;0
1391041;136117;543;M;9;6.6;False;True;0;0;0;0;0;1;1;0;0;0;0;0;0;1;1;0;0;1;0;0;0;0;0
1391041;18812;543;P;0;0.0;False;True;0;0;0;0;0;0;0;0;0;0;0;0;0;0;0;0;0;0;0;0;0;0;0
1391041;1557;543;P;0;0.0;False;True;0;0;0;0;0;0;0;0;0;0;0;0;0;0;0;0;0;0;0;0;0;0;0
1391041;334574;543;DF;0;0.0;False;True;0;0;0;0;0;0;0;0;0;0;0;0;0;0;0;0;0;0;0;0;0;0;0
1391041;1564;543;DF;0;0.0;False;True;0;0;0;0;0;0;0;0;0;0;0;0;0;0;0;0;0;0;0;0;0;0;0
1391041;355004;543;DF;0;0.0;False;True;0;0;0;0;0;0;0;0;0;0;0;0;0;0;0;0;0;0;0;0;0;0;0
1391041;443163;543;DL;0;0.0;False;True;0;0;0;0;0;0;0;0;0;0;0;0;0;0;0;0;0;0;0;0;0;0;0
1391041;548691;543;DL;0;0.0;False;True;0;0;0;0;0;0;0;0;0;0;0;0;0;0;0;0;0;0;0;0;0;0;0
1391042;182718;529;P;90;7.9;False;False;0;0;0;4;0;0;0;22;0;21;0;0;0;0;0;0;0;0;0;0;0;0;0
1391042;1257;529;DF;90;6.6;False;False;0;0;0;0;0;1;0;84;2;76;1;0;1;6;1;0;0;1;0;2;0;0;0
1391042;396623;529;DF;90;7.3;False;False;0;0;0;0;0;2;1;109;0;100;0;0;0;10;5;3;1;0;1;1;0;0;0
1391042;619;529;DF;90;8.2;False;False;0;0;0;0;0;0;0;105;2;99;0;0;0;10;8;0;0;3;0;1;0;0;0
1391042;161928;529;DF;90;6.9;False;False;0;0;0;0;0;0;0;90;1;84;3;2;0;8;2;0;0;0;1;0;0;0;0
1391042;340626;529;M;84;7.2;False;False;0;0;1;0;0;1;1;55;2;51;3;1;0;9;6;0;1;4;0;2;0;0;0
1391042;329728;529;M;90;7.2;False;False;0;0;0;0;0;0;0;97;1;90;1;0;0;8;5;1;3;2;0;0;0;0;0
1391042;1323;529;M;67;7.9;False;False;0;0;2;0;0;1;1;43;4;41;1;1;0;6;3;1;0;2;0;1;0;0;0
1391042;386828;529;DL;78;8.0;False;False;1;0;0;0;0;3;1;62;1;52;6;2;0;11;5;0;1;2;0;0;0;0;0
1391042;521;529;DL;78;7.9;True;False;1;0;0;0;0;1;1;16;0;13;1;1;0;7;4;1;1;0;0;0;0;0;0
1391042;909;529;DL;67;6.3;False;False;0;0;0;0;0;3;1;46;2;37;2;1;0;3;2;0;0;0;0;0;0;0;0
1391042;433396;529;M;23;7.9;False;True;1;0;0;0;0;1;1;12;2;9;1;1;0;4;3;1;1;0;0;0;0;0;0
1391042;931;529;DL;23;6.3;False;True;0;0;0;0;0;0;0;4;0;3;2;0;0;4;1;0;1;0;0;0;0;0;0
1391042;855;529;DF;12;6.7;False;True;0;0;0;0;0;0;0;13;0;12;0;0;0;0;0;0;0;0;0;0;0;0;0
1391042;338958;529;DL;12;6.3;False;True;0;0;0;0;0;0;0;13;0;12;0;0;0;0;0;0;0;0;0;0;0;0;0
1391042;491086;529;M;9;6.3;False;True;0;0;0;0;0;0;0;6;0;6;1;0;0;1;0;0;0;0;0;0;0;0;0
1391042;851;529;P;0;0.0;False;True;0;0;0;0;0;0;0;0;0;0;0;0;0;0;0;0;0;0;0;0;0;0;0
1391042;383647;529;P;0;0.0;False;True;0;0;0;0;0;0;0;0;0;0;0;0;0;0;0;0;0;0;0;0;0;0;0
1391042;101814;529;DF;0;0.0;False;True;0;0;0;0;0;0;0;0;0;0;0;0;0;0;0;0;0;0;0;0;0;0;0
1391042;181701;529;DF;0;0.0;False;True;0;0;0;0;0;0;0;0;0;0;0;0;0;0;0;0;0;0;0;0;0;0;0
1391042;538;529;M;0;0.0;False;True;0;0;0;0;0;0;0;0;0;0;0;0;0;0;0;0;0;0;0;0;0;0;0
1391042;179139;798;P;90;6.6;False;False;0;0;0;4;3;0;0;24;0;11;0;0;0;0;0;0;0;0;0;0;0;0;0
1391042;26302;798;DF;90;6.5;False;False;0;0;0;0;0;0;0;19;1;15;0;0;1;7;4;1;0;4;1;0;0;0;0
1391042;335697;798;DF;90;6.9;False;False;0;0;0;0;0;0;0;16;0;13;0;0;0;4;3;0;0;2;4;2;0;0;0
1391042;46738;798;DF;90;5.9;True;False;0;0;0;0;0;0;0;21;0;19;1;0;2;3;0;0;0;0;0;1;0;0;0
1391042;64268;798;DF;90;5.9;False;False;0;0;0;0;0;0;0;22;0;13;0;0;0;3;2;0;0;2;0;0;0;0;0
1391042;190485;798;M;77;6.9;False;False;0;0;0;0;0;0;0;29;1;22;2;0;0;17;9;2;3;3;1;2;0;0;0
1391042;414;798;M;90;7.0;False;False;0;0;0;0;0;0;0;24;0;20;0;0;0;10;6;3;1;3;1;1;0;0;0
1391042;108519;798;M;62;6.7;False;False;0;0;0;0;0;0;0;8;0;5;0;0;1;3;2;0;0;2;1;0;0;0;0
1391042;285909;798;M;62;6.3;False;False;0;0;0;0;0;0;0;15;1;10;2;0;1;8;3;1;1;2;0;2;0;0;0
1391042;491248;798;M;62;6.6;False;False;0;0;0;0;0;2;2;8;1;3;4;1;1;10;4;0;0;2;0;0;0;0;0
1391042;50048;798;DL;77;6.3;False;False;0;0;0;0;0;1;0;22;0;11;0;0;1;11;5;0;2;1;2;0;0;0;0
1391042;107194;798;M;28;6.9;False;True;0;0;0;0;0;2;2;7;0;6;0;0;0;2;2;0;0;2;0;2;0;0;0
1391042;47336;798;M;28;6.5;False;True;0;0;0;0;0;0;0;9;1;8;1;0;1;4;0;2;0;0;1;0;0;0;0
1391042;313059;798;DL;28;6.5;False;True;0;0;0;0;0;1;0;3;0;2;0;0;1;4;1;0;0;1;0;0;0;0;0
1391042;1701;798;M;13;6.7;False;True;0;0;0;0;0;0;0;5;1;4;0;0;0;1;1;0;0;1;0;0;0;0;0
1391042;293604;798;DL;13;6.5;False;True;0;0;0;0;0;1;0;5;0;3;0;0;0;0;0;0;0;0;0;0;0;0;0
1391042;47399;798;P;0;0.0;False;True;0;0;0;0;0;0;0;0;0;0;0;0;0;0;0;0;0;0;0;0;0;0;0
1391042;152955;798;P;0;0.0;False;True;0;0;0;0;0;0;0;0;0;0;0;0;0;0;0;0;0;0;0;0;0;0;0
1391042;30924;798;DF;0;0.0;False;True;0;0;0;0;0;0;0;0;0;0;0;0;0;0;0;0;0;0;0;0;0;0;0
1391042;46733;798;DF;0;0.0;False;True;0;0;0;0;0;0;0;0;0;0;0;0;0;0;0;0;0;0;0;0;0;0;0
1391042;920;798;DF;0;0.0;False;True;0;0;0;0;0;0;0;0;0;0;0;0;0;0;0;0;0;0;0;0;0;0;0
1391042;405074;798;DL;0;0.0;False;True;0;0;0;0;0;0;0;0;0;0;0;0;0;0;0;0;0;0;0;0;0;0;0
1391042;140831;798;DL;0;0.0;False;True;0;0;0;0;0;0;0;0;0;0;0;0;0;0;0;0;0;0;0;0;0;0;0
1391043;30765;538;P;90;5.9;False;False;0;0;0;0;2;0;0;24;0;24;0;0;0;0;0;0;0;0;0;0;0;0;0
1391043;384135;538;DF;90;6.3;False;False;0;0;0;0;0;1;0;63;1;58;0;0;0;1;0;1;0;0;2;1;0;0;0
1391043;47988;538;DF;90;6.2;True;False;0;0;0;0;0;1;0;72;0;72;0;0;0;9;3;2;1;1;0;1;0;0;0
1391043;2278;538;DF;90;6.7;False;False;0;0;0;0;0;1;0;92;0;85;0;0;1;2;1;0;0;1;2;1;0;0;0
1391043;179955;538;M;67;6.5;False;False;0;0;0;0;0;1;0;16;1;12;3;2;0;11;5;3;0;2;0;0;1;0;0
1391043;333502;538;M;90;8.3;False;False;0;0;0;0;0;1;0;66;3;63;0;0;0;8;7;1;0;5;0;1;0;0;0
1391043;162123;538;M;90;6.6;False;False;0;0;0;0;0;2;0;23;1;21;1;1;2;9;6;0;4;1;0;0;0;0;0
1391043;157988;538;M;83;7.0;False;False;0;0;0;0;0;0;0;53;2;50;0;0;0;2;1;1;1;0;0;0;1;0;0
1391043;391822;538;DL;83;7.0;False;False;0;0;0;0;0;0;0;35;1;30;5;3;0;12;5;1;2;0;1;0;0;0;0
1391043;47348;538;DL;75;7.0;False;False;1;1;0;0;0;2;1;25;1;19;1;0;0;3;2;0;2;0;0;0;0;0;0
1391043;329720;538;DL;67;6.6;False;False;0;0;0;0;0;1;1;17;2;14;4;1;1;6;2;0;1;0;0;0;0;0;0
1391043;162712;538;DF;23;6.3;False;True;0;0;0;0;0;0;0;32;0;26;1;0;0;3;1;0;0;1;0;0;0;0;0
1391043;269163;538;M;23;6.2;False;True;0;0;0;0;0;1;1;15;0;11;3;2;1;6;3;0;1;0;0;0;0;0;0
1391043;122734;538;DL;15;6.3;False;True;0;0;0;0;0;1;0;6;1;4;0;0;0;0;0;0;0;0;0;0;0;0;0
1391043;351913;538;DL;16;6.9;False;True;0;0;0;0;0;0;0;6;1;5;0;0;0;1;1;0;0;0;0;0;0;0;0
1391043;47445;538;DL;16;6.9;False;True;0;0;0;0;0;1;1;10;2;8;2;2;0;3;3;0;1;0;0;0;0;0;0
1391043;47427;538;P;0;0.0;False;True;0;0;0;0;0;0;0;0;0;0;0;0;0;0;0;0;0;0;0;0;0;0;0
1391043;286559;538;DF;0;0.0;False;True;0;0;0;0;0;0;0;0;0;0;0;0;0;0;0;0;0;0;0;0;0;0;0
1391043;329722;538;DF;0;0.0;False;True;0;0;0;0;0;0;0;0;0;0;0;0;0;0;0;0;0;0;0;0;0;0;0
1391043;21584;538;DF;0;0.0;False;True;0;0;0;0;0;0;0;0;0;0;0;0;0;0;0;0;0;0;0;0;0;0;0
1391043;182638;538;DF;0;0.0;False;True;0;0;0;0;0;0;0;0;0;0;0;0;0;0;0;0;0;0;0;0;0;0;0
1391043;211;538;M;0;0.0;False;True;0;0;0;0;0;0;0;0;0;0;0;0;0;0;0;0;0;0;0;0;0;0;0
1391043;320517;538;DL;0;0.0;False;True;0;0;0;0;0;0;0;0;0;0;0;0;0;0;0;0;0;0;0;0;0;0;0
1391043;46646;727;P;90;7.0;False;False;0;0;0;3;1;0;0;18;0;12;0;0;0;0;0;0;0;0;0;0;0;0;0
1391043;21701;727;DF;90;6.6;False;False;0;0;0;0;0;0;0;41;0;39;4;2;3;11;4;2;0;2;0;4;1;0;0
1391043;47533;727;DF;90;7.2;False;False;0;0;1;0;0;0;0;54;2;48;0;0;0;4;3;1;0;1;2;1;0;0;0
1391043;279822;727;DF;31;6.9;False;False;0;0;0;0;0;0;0;24;0;22;0;0;0;1;1;0;0;1;0;1;0;0;0
1391043;47566;727;DF;90;6.6;False;False;0;0;0;0;0;0;0;55;1;51;0;0;2;8;5;0;3;1;0;1;0;0;0
1391043;46658;727;M;70;6.2;True;False;0;0;0;0;0;0;0;31;0;24;0;0;1;9;3;2;0;3;0;0;1;0;0
1391043;182621;727;M;90;6.3;False;False;0;0;0;0;0;0;0;37;1;34;0;0;2;8;2;3;1;1;0;2;0;0;0
1391043;338751;727;M;90;6.9;False;False;0;0;0;0;0;0;0;21;0;17;2;1;1;4;2;0;1;0;0;1;0;0;0
1391043;67939;727;M;88;6.5;False;False;0;0;0;0;0;0;0;48;0;46;2;1;0;12;3;3;1;1;0;0;0;0;0
1391043;264470;727;M;88;7.2;False;False;0;0;1;0;0;0;0;31;2;30;1;1;1;4;2;0;0;1;0;0;0;0;0
1391043;46746;727;DL;70;7.9;False;False;1;0;0;0;0;1;1;5;0;4;0;0;0;7;7;0;3;0;0;0;0;0;0
1391043;182592;727;DF;59;6.5;False;True;0;0;0;0;0;0;0;30;0;27;0;0;1;5;2;2;0;2;1;1;0;0;0
1391043;381197;727;M;20;6.9;False;True;0;0;0;0;0;1;0;3;0;2;0;0;0;3;2;1;0;2;1;0;0;0;0
1391043;146751;727;DL;20;7.5;False;True;1;0;0;0;0;1;1;5;0;3;0;0;0;0;0;0;0;0;0;0;0;0;0
1391043;181259;727;DF;11;6.7;False;True;0;0;0;0;0;0;0;1;0;1;0;0;0;0;0;0;0;0;0;0;0;0;0
1391043;47574;727;DL;11;6.7;False;True;0;0;0;0;0;0;0;5;0;4;0;0;0;0;0;0;0;0;0;1;0;0;0
1391043;47448;727;P;0;0.0;False;True;0;0;0;0;0;0;0;0;0;0;0;0;0;0;0;0;0;0;0;0;0;0;0
1391043;421044;727;DF;0;0.0;False;True;0;0;0;0;0;0;0;0;0;0;0;0;0;0;0;0;0;0;0;0;0;0;0
1391043;46967;727;DF;0;0.0;False;True;0;0;0;0;0;0;0;0;0;0;0;0;0;0;0;0;0;0;0;0;0;0;0
1391043;46667;727;DL;0;0.0;False;True;0;0;0;0;0;0;0;0;0;0;0;0;0;0;0;0;0;0;0;0;0;0;0
1391045;47269;548;P;90;6.9;False;False;0;0;0;4;1;0;0;40;0;24;0;0;0;0;0;0;0;0;0;0;0;0;0
1391045;737;548;DF;65;6.7;False;False;0;0;0;0;0;0;0;12;1;10;0;0;1;2;1;0;0;1;0;0;0;0;0
1391045;47314;548;DF;90;6.6;False;False;0;0;0;0;0;0;0;37;0;31;0;0;0;16;8;4;1;2;0;2;0;0;0
1391045;1902;548;DF;90;7.0;False;False;0;0;0;0;0;0;0;21;0;16;0;0;1;14;10;1;0;1;1;3;0;0;0
1391045;23;548;DF;90;6.3;False;False;0;0;0;0;0;1;0;26;0;21;2;1;1;9;4;2;0;2;0;0;0;0;0
1391045;925;548;M;65;6.3;False;False;0;0;1;0;0;0;0;16;1;11;0;0;0;3;0;1;0;0;0;0;0;0;0
1391045;287654;548;M;90;6.6;False;False;0;0;1;0;0;1;0;28;1;21;1;1;2;8;3;1;0;2;0;1;0;0;0
1391045;930;548;M;82;6.9;False;False;0;0;0;0;0;0;0;20;1;15;1;1;0;2;2;0;0;1;0;0;0;0;0
1391045;290106;548;M;90;6.0;False;False;0;0;0;0;0;0;0;11;0;9;3;0;0;10;3;2;3;0;0;3;0;0;0
1391045;7332;548;DL;29;7.7;False;False;1;0;0;0;0;1;1;6;0;5;1;0;0;2;1;0;1;0;0;0;0;0;0
1391045;47323;548;DL;82;8.3;True;False;1;0;0;0;0;2;1;26;2;20;6;2;0;10;5;0;1;1;0;1;0;0;0
1391045;183744;548;M;61;6.9;False;True;0;0;0;0;0;3;0;20;1;19;4;1;0;9;5;0;2;2;0;0;0;0;0
1391045;199044;548;DF;25;6.9;False;True;0;0;0;0;0;0;0;9;0;8;0;0;0;4;2;2;0;2;0;1;0;0;0
1391045;387139;548;DL;25;6.6;False;True;0;0;0;0;0;0;0;12;2;9;2;0;0;4;1;0;0;1;0;0;0;0;0
1391045;2449;548;M;8;6.6;False;True;0;0;0;0;0;0;0;9;0;6;0;0;0;2;2;0;0;0;0;0;0;0;0
1391045;61774;548;DL;8;7.5;False;True;1;0;0;0;0;2;1;3;0;1;0;0;0;1;0;1;0;0;0;0;0;0;0
1391045;337843;548;P;0;0.0;False;True;0;0;0;0;0;0;0;0;0;0;0;0;0;0;0;0;0;0;0;0;0;0;0
1391045;405073;548;DF;0;0.0;False;True;0;0;0;0;0;0;0;0;0;0;0;0;0;0;0;0;0;0;0;0;0;0;0
1391045;47303;548;DF;0;0.0;False;True;0;0;0;0;0;0;0;0;0;0;0;0;0;0;0;0;0;0;0;0;0;0;0
1391045;47298;548;DF;0;0.0;False;True;0;0;0;0;0;0;0;0;0;0;0;0;0;0;0;0;0;0;0;0;0;0;0
1391045;412738;548;DL;0;0.0;False;True;0;0;0;0;0;0;0;0;0;0;0;0;0;0;0;0;0;0;0;0;0;0;0
1391045;183748;548;DL;0;0.0;False;True;0;0;0;0;0;0;0;0;0;0;0;0;0;0;0;0;0;0;0;0;0;0;0
1391045;365287;548;DL;0;0.0;False;True;0;0;0;0;0;0;0;0;0;0;0;0;0;0;0;0;0;0;0;0;0;0;0
1391045;126;797;P;90;6.0;False;False;0;0;0;0;3;0;0;81;1;60;0;0;0;0;0;0;0;0;0;0;0;0;0
1391045;126640;797;DF;90;5.9;False;False;0;0;0;0;0;1;0;68;0;61;0;0;0;3;2;1;0;2;0;0;1;0;0
1391045;162058;797;DF;72;6.3;False;False;0;0;0;0;0;0;0;82;0;81;0;0;1;4;0;1;0;0;0;0;0;0;0
1391045;189866;797;DF;55;6.3;False;False;0;0;0;0;0;0;0;27;0;25;0;0;0;2;2;0;0;0;0;1;0;0;0
1391045;46711;797;M;90;6.7;True;False;0;0;0;0;0;1;1;69;0;61;1;1;0;6;4;1;1;1;0;0;1;0;0
1391045;157146;797;M;73;7.3;False;False;0;0;0;0;0;0;0;50;0;43;0;0;0;9;8;0;2;6;1;1;0;0;0
1391045;18821;797;M;79;6.5;False;False;0;0;0;0;0;2;0;29;0;26;2;0;1;9;4;1;2;2;0;0;1;0;0
1391045;271580;797;M;55;6.0;False;False;0;0;0;0;0;0;0;21;2;19;0;0;0;2;2;0;1;0;0;0;0;0;0
1391045;161963;797;M;90;5.9;False;False;0;0;0;0;0;1;0;38;1;29;1;1;0;4;1;1;0;0;0;0;0;0;0
1391045;343202;797;DL;90;6.5;False;False;0;0;0;0;0;1;1;25;2;14;3;2;2;22;7;1;0;0;0;0;0;0;0
1391045;2063;797;DL;90;7.9;False;False;1;0;0;0;0;4;3;21;2;18;2;1;1;21;10;1;6;1;0;0;0;0;0
1391045;47329;797;DF;35;6.2;False;True;0;0;0;0;0;0;0;19;1;13;0;0;0;1;1;0;0;0;0;0;0;0;0
1391045;187318;797;M;35;6.6;False;True;0;0;0;0;0;0;0;35;0;31;0;0;0;4;3;0;1;2;0;0;0;0;0
1391045;47378;797;DF;18;6.5;False;True;0;0;0;0;0;0;0;18;0;15;0;0;1;3;2;0;0;0;0;1;0;0;0
1391045;318592;797;DL;17;6.9;False;True;0;0;0;0;0;0;0;3;1;3;0;0;0;2;2;0;1;1;0;0;0;0;0
1391045;46982;797;M;11;6.5;False;True;0;0;0;0;0;0;0;6;0;5;0;0;0;4;1;1;0;1;0;0;1;0;0
1391045;11346;797;P;0;0.0;False;True;0;0;0;0;0;0;0;0;0;0;0;0;0;0;0;0;0;0;0;0;0;0;0
1391045;315604;797;P;0;0.0;False;True;0;0;0;0;0;0;0;0;0;0;0;0;0;0;0;0;0;0;0;0;0;0;0
1391045;580677;797;DF;0;0.0;False;True;0;0;0;0;0;0;0;0;0;0;0;0;0;0;0;0;0;0;0;0;0;0;0
1391045;284415;797;DL;0;0.0;False;True;0;0;0;0;0;0;0;0;0;0;0;0;0;0;0;0;0;0;0;0;0;0;0
1391045;311345;797;M;0;0.0;False;True;0;0;0;0;0;0;0;0;0;0;0;0;0;0;0;0;0;0;0;0;0;0;0
1391045;47182;797;DL;0;0.0;False;True;0;0;0;0;0;0;0;0;0;0;0;0;0;0;0;0;0;0;0;0;0;0;0
1391045;439293;797;DL;0;0.0;False;True;0;0;0;0;0;0;0;0;0;0;0;0;0;0;0;0;0;0;0;0;0;0;0
1391046;557;536;P;90;8.3;False;False;0;0;0;5;1;0;0;34;0;24;0;0;0;0;0;0;0;0;0;0;0;0;1
1391046;195923;536;DF;45;5.9;False;False;0;0;0;0;0;2;0;11;0;10;3;1;2;6;1;1;0;0;0;0;1;0;0
1391046;2280;536;DF;45;6.9;False;False;0;0;0;0;0;0;0;27;0;22;0;0;0;4;2;2;0;2;1;1;1;0;0
1391046;1489;536;DF;90;6.9;True;False;0;0;0;0;0;1;0;42;0;40;0;0;0;4;3;1;0;1;1;0;0;0;0
1391046;297311;536;DF;90;8.3;False;False;1;0;0;0;0;1;1;64;0;52;1;1;0;13;9;1;0;2;1;0;0;0;0
1391046;11421;536;DF;90;6.3;False;False;0;0;0;0;0;0;0;44;0;39;2;1;1;15;7;5;1;5;0;0;1;0;0
1391046;21004;536;M;90;6.6;False;False;0;0;0;0;0;0;0;50;0;44;0;0;1;11;5;3;3;0;1;3;0;0;0
1391046;162126;536;M;45;6.9;False;False;0;0;0;0;0;1;1;16;0;14;1;0;2;10;5;1;3;2;0;0;0;0;0
1391046;21087;536;M;63;6.6;False;False;0;0;0;0;0;0;0;23;0;20;0;0;0;5;3;0;1;2;0;1;0;0;0
1391046;19364;536;DL;90;6.9;False;False;0;0;0;0;0;2;0;23;2;19;1;1;0;9;5;0;1;0;0;0;0;0;0
1391046;57446;536;DL;74;6.5;False;False;0;0;0;0;0;0;0;14;1;10;0;0;1;7;2;1;1;0;0;0;0;0;0
1391046;39121;536;DL;45;7.2;False;True;0;0;0;0;0;0;0;18;1;16;7;5;0;10;7;0;1;1;0;0;0;0;0
1391046;182772;536;M;45;7.3;False;True;0;0;0;0;0;0;0;19;1;18;1;0;0;8;5;0;0;5;0;0;0;0;0
1391046;341453;536;DF;45;6.9;False;True;0;0;0;0;0;2;1;22;2;19;0;0;1;4;2;0;2;0;0;1;0;0;0
1391046;957;536;M;27;6.3;False;True;0;0;0;0;0;0;0;17;0;17;0;0;0;1;0;1;0;0;0;0;0;0;0
1391046;910;536;DL;16;6.6;False;True;0;0;0;0;0;1;0;8;0;8;1;1;0;1;1;0;0;0;0;0;0;0;0
1391046;19172;536;P;0;0.0;False;True;0;0;0;0;0;0;0;0;0;0;0;0;0;0;0;0;0;0;0;0;0;0;0
1391046;133110;536;DF;0;0.0;False;True;0;0;0;0;0;0;0;0;0;0;0;0;0;0;0;0;0;0;0;0;0;0;0
1391046;125331;536;DF;0;0.0;False;True;0;0;0;0;0;0;0;0;0;0;0;0;0;0;0;0;0;0;0;0;0;0;0
1391046;41208;536;DF;0;0.0;False;True;0;0;0;0;0;0;0;0;0;0;0;0;0;0;0;0;0;0;0;0;0;0;0
1391046;331607;536;M;0;0.0;False;True;0;0;0;0;0;0;0;0;0;0;0;0;0;0;0;0;0;0;0;0;0;0;0
1391046;47389;536;M;0;0.0;False;True;0;0;0;0;0;0;0;0;0;0;0;0;0;0;0;0;0;0;0;0;0;0;0
1391046;185398;536;DL;0;0.0;False;True;0;0;0;0;0;0;0;0;0;0;0;0;0;0;0;0;0;0;0;0;0;0;0
1391046;158;547;P;90;7.2;False;False;0;0;0;2;1;0;0;41;0;26;0;0;0;0;0;0;0;0;0;0;1;0;0
1391046;313025;547;DF;90;6.9;False;False;0;0;1;0;0;1;0;36;1;27;1;1;0;12;8;3;3;2;0;1;0;0;0
1391046;414359;547;DF;90;6.3;False;False;0;0;0;0;0;0;0;44;1;38;0;0;0;5;1;2;0;1;1;1;0;0;0
1391046;531;547;DF;90;7.3;False;False;0;0;0;0;0;0;0;70;1;63;1;1;0;8;6;1;1;2;0;0;0;0;0
1391046;283668;547;DF;90;7.0;True;False;0;0;0;0;0;1;0;33;2;26;0;0;2;9;6;1;2;3;0;1;0;0;0
1391046;47435;547;M;56;6.9;False;False;0;0;0;0;0;1;1;37;0;36;1;0;1;9;3;1;0;3;0;0;0;0;0
1391046;1700;547;M;89;7.3;False;False;0;0;0;0;0;0;0;38;0;35;2;2;0;8;5;2;1;2;0;1;1;0;0
1391046;2182;547;M;90;6.2;False;False;0;0;0;0;0;3;1;26;1;21;3;1;1;12;6;0;2;2;0;2;0;0;0
1391046;45;547;M;74;7.9;False;False;1;0;0;0;0;2;2;22;3;22;1;0;2;9;2;1;2;0;0;0;0;0;0
1391046;2061;547;M;73;6.3;False;False;0;0;0;0;0;1;1;27;1;23;5;1;0;10;5;0;2;2;0;0;0;0;0
1391046;161670;547;DL;45;6.2;False;False;0;0;0;0;0;0;0;6;1;5;1;0;1;4;0;0;0;0;0;0;0;0;0
1391046;414385;547;M;45;6.0;False;True;0;0;0;0;0;1;0;13;0;13;2;2;1;6;3;1;1;0;0;0;1;0;0
1391046;20;547;DF;34;6.2;False;True;0;0;0;0;0;0;0;17;1;12;0;0;1;10;4;1;1;0;0;0;0;0;0
1391046;339105;547;M;17;6.2;False;True;0;0;0;0;0;0;0;1;0;0;3;0;1;5;1;0;0;1;0;0;0;0;0
1391046;162434;547;DF;16;6.3;False;True;0;0;0;0;0;0;0;10;0;6;0;0;0;1;1;0;0;1;0;1;0;0;0
1391046;2617;547;DL;1;0.0;False;True;0;0;0;0;0;1;1;0;0;0;0;0;0;0;0;0;0;0;0;0;0;0;0
1391046;432476;547;P;0;0.0;False;True;0;0;0;0;0;0;0;0;0;0;0;0;0;0;0;0;0;0;0;0;0;0;0
1391046;442861;547;P;0;0.0;False;True;0;0;0;0;0;0;0;0;0;0;0;0;0;0;0;0;0;0;0;0;0;0;0
1391046;47334;547;DF;0;0.0;False;True;0;0;0;0;0;0;0;0;0;0;0;0;0;0;0;0;0;0;0;0;0;0;0
1391046;551459;547;M;0;0.0;False;True;0;0;0;0;0;0;0;0;0;0;0;0;0;0;0;0;0;0;0;0;0;0;0
1391046;155;547;DL;0;0.0;False;True;0;0;0;0;0;0;0;0;0;0;0;0;0;0;0;0;0;0;0;0;0;0;0
1391047;47527;532;P;90;6.9;False;False;0;0;0;4;2;0;0;37;0;19;0;0;0;0;0;0;0;0;0;0;0;0;0
1391047;47277;532;DF;72;7.0;False;False;0;0;0;0;0;1;0;26;0;20;0;0;1;11;7;0;1;3;0;2;0;0;0
1391047;48372;532;DF;90;6.7;False;False;0;0;0;0;0;0;0;40;0;33;0;0;1;3;2;0;0;1;0;3;0;0;0
1391047;181582;532;DF;90;6.2;False;False;0;0;0;0;0;0;0;36;0;31;1;1;1;3;1;1;0;0;0;2;1;0;0
1391047;918;532;DF;90;6.3;True;False;0;0;0;0;0;0;0;30;0;24;1;0;1;8;5;1;1;4;0;0;0;0;0
1391047;46933;532;M;81;6.3;False;False;0;0;0;0;0;0;0;24;1;19;2;0;0;6;2;0;0;1;0;0;0;0;0
1391047;47463;532;M;72;6.9;False;False;0;0;0;0;0;1;0;35;1;28;0;0;0;8;5;0;2;1;0;2;0;0;0
1391047;48465;532;M;81;6.6;False;False;0;0;0;0;0;0;0;34;1;29;0;0;0;6;3;0;2;1;0;0;0;0;0
1391047;83;532;M;90;6.5;False;False;0;0;0;0;0;0;0;19;1;14;2;0;0;4;1;0;0;1;0;0;0;0;0
1391047;6010;532;DL;82;6.6;False;False;0;0;0;0;0;2;0;24;1;21;3;1;1;19;8;5;4;3;0;1;0;0;0
1391047;47264;532;DL;90;6.5;False;False;0;0;0;0;0;0;0;10;0;9;0;0;0;11;3;1;1;0;1;0;0;0;0
1391047;1482;532;DF;18;6.3;False;True;0;0;0;0;0;0;0;10;0;7;0;0;0;2;2;0;1;1;0;0;0;0;0
1391047;2476;532;M;18;6.6;False;True;0;0;0;0;0;1;0;21;0;19;0;0;0;5;4;0;1;2;0;0;0;0;0
1391047;315699;532;M;9;6.7;False;True;0;0;0;0;0;0;0;6;0;5;0;0;0;0;0;0;0;0;0;0;0;0;0
1391047;138776;532;DL;9;6.5;False;True;0;0;0;0;0;0;0;4;0;3;0;0;0;1;0;0;0;0;0;0;0;0;0
1391047;31406;532;DL;8;6.5;False;True;0;0;0;0;0;0;0;3;1;2;0;0;0;3;1;2;0;0;0;0;0;0;0
1391047;913;532;P;0;0.0;False;True;0;0;0;0;0;0;0;0;0;0;0;0;0;0;0;0;0;0;0;0;0;0;0
1391047;333672;532;DF;0;0.0;False;True;0;0;0;0;0;0;0;0;0;0;0;0;0;0;0;0;0;0;0;0;0;0;0
1391047;162175;532;DF;0;0.0;False;True;0;0;0;0;0;0;0;0;0;0;0;0;0;0;0;0;0;0;0;0;0;0;0
1391047;41157;532;M;0;0.0;False;True;0;0;0;0;0;0;0;0;0;0;0;0;0;0;0;0;0;0;0;0;0;0;0
1391047;21153;532;M;0;0.0;False;True;0;0;0;0;0;0;0;0;0;0;0;0;0;0;0;0;0;0;0;0;0;0;0
1391047;162127;532;DL;0;0.0;False;True;0;0;0;0;0;0;0;0;0;0;0;0;0;0;0;0;0;0;0;0;0;0;0
1391047;1708;532;DL;0;0.0;False;True;0;0;0;0;0;0;0;0;0;0;0;0;0;0;0;0;0;0;0;0;0;0;0
1391047;730;541;P;90;6.3;False;False;0;0;0;0;0;0;0;21;0;13;0;0;0;0;0;0;0;0;0;0;0;0;0
1391047;330436;541;DF;76;6.6;False;False;0;0;0;0;0;1;1;35;0;34;0;0;0;2;1;0;0;1;0;0;0;0;0
1391047;341640;541;DF;90;7.3;False;False;0;0;0;0;0;0;0;55;0;52;0;0;0;5;5;0;1;1;1;0;0;0;0
1391047;361497;541;DF;90;7.9;False;False;0;0;1;0;0;0;0;66;1;60;0;0;1;13;6;1;1;1;0;0;0;0;0
1391047;284300;541;DF;90;7.9;False;False;1;0;0;0;0;1;1;51;0;44;2;2;0;10;5;3;0;1;0;1;1;0;0
1391047;291964;541;M;82;6.9;False;False;0;0;0;0;0;0;0;57;0;52;1;0;0;7;4;2;2;2;0;0;0;0;0
1391047;756;541;M;89;7.5;True;False;0;0;0;0;0;2;1;75;1;67;1;1;0;5;3;0;0;2;0;0;0;0;0
1391047;1271;541;M;90;7.9;False;False;0;0;0;0;0;0;0;67;2;61;0;0;0;12;11;1;2;5;0;1;0;0;0
1391047;2207;541;M;90;7.3;False;False;0;0;0;0;0;1;0;55;1;52;0;0;0;12;6;3;1;4;1;1;0;0;0
1391047;278;541;DL;90;6.9;False;False;1;0;0;0;0;4;3;35;2;27;7;2;0;10;2;2;0;0;0;0;0;0;0
1391047;336711;541;DL;76;6.2;False;False;0;0;0;0;0;0;0;16;1;14;2;0;0;9;2;1;0;0;0;0;0;0;0
1391047;283;541;DF;14;6.9;False;True;0;0;0;0;0;0;0;14;0;10;0;0;0;0;0;0;0;0;0;0;0;0;0
1391047;744;541;M;14;6.6;False;True;0;0;1;0;0;0;0;7;1;6;0;0;0;1;0;0;0;0;0;0;0;0;0
1391047;449249;541;DL;8;6.5;False;True;0;0;0;0;0;1;0;3;0;3;0;0;1;4;1;0;1;0;0;0;0;0;0
1391047;560905;541;M;1;0.0;False;True;0;0;0;0;0;0;0;1;0;0;0;0;0;0;0;0;0;0;0;0;0;0;0
1391047;47400;541;P;0;0.0;False;True;0;0;0;0;0;0;0;0;0;0;0;0;0;0;0;0;0;0;0;0;0;0;0
1391047;386872;541;P;0;0.0;False;True;0;0;0;0;0;0;0;0;0;0;0;0;0;0;0;0;0;0;0;0;0;0;0
1391047;733;541;DF;0;0.0;False;True;0;0;0;0;0;0;0;0;0;0;0;0;0;0;0;0;0;0;0;0;0;0;0
1391047;736;541;DF;0;0.0;False;True;0;0;0;0;0;0;0;0;0;0;0;0;0;0;0;0;0;0;0;0;0;0;0
1391047;2285;541;DF;0;0.0;False;True;0;0;0;0;0;0;0;0;0;0;0;0;0;0;0;0;0;0;0;0;0;0;0
1391047;505;541;DF;0;0.0;False;True;0;0;0;0;0;0;0;0;0;0;0;0;0;0;0;0;0;0;0;0;0;0;0
1391047;748;541;M;0;0.0;False;True;0;0;0;0;0;0;0;0;0;0;0;0;0;0;0;0;0;0;0;0;0;0;0
1391048;278619;533;P;90;6.7;False;False;0;0;0;1;1;0;0;23;0;18;0;0;0;1;1;0;1;0;0;0;0;0;0
1391048;311773;533;DF;73;7.3;False;False;0;0;0;0;0;0;0;57;1;49;0;0;1;11;7;3;0;1;0;0;0;0;0
1391048;435552;533;DF;90;6.9;False;False;0;0;0;0;0;0;0;71;0;66;2;1;1;12;7;2;0;2;1;0;0;0;0
1391048;336671;533;DF;90;6.9;False;False;0;0;0;0;0;0;0;75;0;70;0;0;0;3;2;0;0;0;1;2;0;0;0
1391048;70500;533;DF;90;6.6;False;False;0;0;0;0;0;1;0;22;1;21;0;0;0;8;5;3;2;2;0;1;1;0;0
1391048;51016;533;M;64;6.7;False;False;0;0;1;0;0;2;0;12;1;11;3;1;1;8;2;1;1;0;0;0;1;0;0
1391048;20696;533;M;90;6.5;False;False;0;0;0;0;0;0;0;28;0;22;1;1;1;13;6;4;3;1;0;2;1;0;0
1391048;928;533;M;65;7.0;True;False;0;0;0;0;0;0;0;36;0;33;1;1;1;2;1;1;0;0;0;2;0;0;0
1391048;182519;533;M;80;8.2;False;False;1;0;1;0;0;1;1;17;1;16;0;0;1;1;0;1;0;0;0;0;0;0;0
1391048;3246;533;DL;90;9.0;False;False;1;0;0;0;0;1;1;41;1;32;5;4;0;10;8;0;2;1;0;0;0;0;0
1391048;180496;533;DL;73;8.6;False;False;1;0;1;0;0;2;1;9;3;7;2;1;0;6;3;1;2;0;0;0;0;0;0
1391048;18906;533;DL;26;6.9;False;True;0;0;0;0;0;0;0;8;1;7;1;0;0;3;2;0;0;2;0;0;0;0;0
1391048;47541;533;M;25;6.3;False;True;0;0;0;0;0;0;0;15;0;13;1;0;0;2;0;1;0;0;0;2;0;0;0
1391048;355994;533;DF;17;6.2;False;True;0;0;0;0;0;0;0;12;0;11;0;0;1;2;1;0;0;0;0;0;0;0;0
1391048;351587;533;DL;17;6.3;False;True;0;0;0;0;0;0;0;1;0;1;1;0;0;2;0;0;0;0;0;0;0;0;0
1391048;514913;533;DL;10;6.5;False;True;0;0;0;0;0;0;0;1;0;1;1;0;0;3;1;1;0;1;0;0;0;0;0
1391048;162473;533;P;0;0.0;False;True;0;0;0;0;0;0;0;0;0;0;0;0;0;0;0;0;0;0;0;0;0;0;0
1391048;237066;533;DF;0;0.0;False;True;0;0;0;0;0;0;0;0;0;0;0;0;0;0;0;0;0;0;0;0;0;0;0
1391048;2813;540;P;90;5.3;False;False;0;0;0;0;4;0;0;21;0;11;0;0;0;0;0;0;0;0;0;0;0;0;0
1391048;286601;540;DF;90;5.9;False;False;0;0;0;0;0;0;0;55;0;48;0;0;1;4;2;1;1;1;0;0;0;0;0
1391048;47478;540;DF;45;6.2;False;False;0;0;0;0;0;0;0;39;0;35;0;0;0;1;0;0;0;0;0;0;0;0;0
1391048;47249;540;DF;90;7.2;True;False;1;0;0;0;0;1;1;53;0;51;0;0;0;5;4;1;0;4;0;0;0;0;0
1391048;184407;540;DF;90;4.9;False;False;0;0;0;0;0;0;0;45;1;39;1;1;1;9;4;2;1;0;1;2;1;0;0
1391048;183699;540;M;90;7.0;False;False;0;0;0;0;0;0;0;51;1;42;1;1;1;5;4;0;2;1;2;1;0;0;0
1391048;127426;540;M;90;6.6;False;False;0;0;0;0;0;1;1;51;1;46;0;0;1;7;4;2;2;2;0;2;0;0;0
1391048;47398;540;M;72;6.5;False;False;0;0;0;0;0;0;0;23;3;20;1;0;0;4;1;1;1;0;0;0;0;0;0
1391048;46799;540;M;59;6.0;False;False;0;0;0;0;0;1;0;20;0;13;1;1;2;6;2;1;0;0;0;1;1;0;0
1391048;273732;540;M;59;6.7;False;False;0;0;0;0;0;1;0;18;0;17;5;3;0;9;6;0;2;1;0;0;0;0;0
1391048;312990;540;DL;59;6.2;False;False;0;0;0;0;0;0;0;4;0;2;0;0;1;10;3;1;3;0;0;0;0;0;0
1391048;282054;540;DF;45;6.3;False;True;0;0;0;0;0;0;0;20;0;19;0;0;1;4;2;1;0;1;0;0;1;0;0
1391048;48555;540;M;31;6.3;False;True;0;0;0;0;0;0;0;13;0;11;0;0;0;4;1;0;0;1;0;0;0;0;0
1391048;47396;540;DL;31;6.2;False;True;0;0;0;0;0;1;0;9;0;9;0;0;1;6;2;1;1;0;0;1;0;0;0
1391048;85;540;DL;31;7.3;False;True;0;0;1;0;0;2;0;14;1;10;2;0;0;7;5;0;2;2;0;1;0;0;0
1391048;297742;540;DL;18;6.2;False;True;0;0;0;0;0;0;0;2;0;2;3;1;0;6;1;0;0;0;0;0;0;0;0
1391048;162585;540;P;0;0.0;False;True;0;0;0;0;0;0;0;0;0;0;0;0;0;0;0;0;0;0;0;0;0;0;0
1391048;182735;540;P;0;0.0;False;True;0;0;0;0;0;0;0;0;0;0;0;0;0;0;0;0;0;0;0;0;0;0;0
1391048;47256;540;DF;0;0.0;False;True;0;0;0;0;0;0;0;0;0;0;0;0;0;0;0;0;0;0;0;0;0;0;0
1391048;199824;540;DF;0;0.0;False;True;0;0;0;0;0;0;0;0;0;0;0;0;0;0;0;0;0;0;0;0;0;0;0
1391048;182674;540;DL;0;0.0;False;True;0;0;0;0;0;0;0;0;0;0;0;0;0;0;0;0;0;0;0;0;0;0;0
1391049;46646;727;P;90;8.2;False;False;0;0;0;5;0;0;0;27;0;13;0;0;0;0;0;0;0;0;0;0;0;0;0
1391049;21701;727;DF;90;6.9;False;False;0;0;0;0;0;0;0;24;1;18;1;1;0;6;2;3;0;1;0;3;0;0;0
1391049;47533;727;DF;90;7.0;False;False;0;0;0;0;0;0;0;24;0;16;0;0;0;5;3;0;0;2;1;2;0;0;0
1391049;182592;727;DF;90;6.9;False;False;0;0;0;0;0;0;0;16;0;9;0;0;0;8;4;2;0;1;0;2;0;0;0
1391049;47566;727;DF;90;7.6;False;False;0;0;0;0;0;0;0;35;0;28;0;0;0;9;7;0;3;4;1;4;0;0;0
1391049;1825;727;M;66;6.9;False;False;0;0;0;0;0;0;0;19;1;17;0;0;0;4;2;1;1;1;0;1;1;0;0
1391049;182621;727;M;66;6.6;False;False;0;0;0;0;0;0;0;22;0;14;1;1;0;3;2;1;1;0;0;0;0;0;0
1391049;46658;727;M;85;6.7;True;False;0;0;0;0;0;0;0;22;0;16;0;0;1;12;6;4;4;2;0;3;1;0;0
1391049;338751;727;M;67;6.2;False;False;0;0;0;0;0;0;0;4;0;3;7;1;1;14;2;1;1;0;0;1;0;0;0
1391049;67939;727;M;90;7.5;False;False;0;0;0;0;0;2;1;34;2;22;3;2;0;13;9;2;1;6;0;2;0;0;0
1391049;46746;727;DL;74;6.9;False;False;0;0;0;0;0;0;0;10;0;8;0;0;0;5;4;0;1;0;1;0;1;0;0
1391049;46662;727;M;24;6.7;False;True;0;0;0;0;0;0;0;4;0;4;0;0;0;2;1;1;0;1;0;0;0;0;0
1391049;381197;727;M;24;6.3;False;True;0;0;0;0;0;0;0;7;0;3;0;0;1;3;0;2;0;0;0;0;1;0;0
1391049;264470;727;DL;23;6.3;False;True;0;0;0;0;0;0;0;6;1;4;1;0;0;2;1;0;1;0;0;0;0;0;0
1391049;146751;727;DL;16;6.2;False;True;0;0;0;0;0;1;1;3;0;2;0;0;0;2;0;1;0;0;0;0;0;0;0
1391049;181259;727;DF;10;6.9;False;True;0;0;0;0;0;0;0;1;0;1;0;0;0;0;0;0;0;0;0;0;0;0;0
1391049;47448;727;P;0;0.0;False;True;0;0;0;0;0;0;0;0;0;0;0;0;0;0;0;0;0;0;0;0;0;0;0
1391049;46967;727;DF;0;0.0;False;True;0;0;0;0;0;0;0;0;0;0;0;0;0;0;0;0;0;0;0;0;0;0;0
1391049;421044;727;DF;0;0.0;False;True;0;0;0;0;0;0;0;0;0;0;0;0;0;0;0;0;0;0;0;0;0;0;0
1391049;47574;727;DL;0;0.0;False;True;0;0;0;0;0;0;0;0;0;0;0;0;0;0;0;0;0;0;0;0;0;0;0
1391049;46667;727;DL;0;0.0;False;True;0;0;0;0;0;0;0;0;0;0;0;0;0;0;0;0;0;0;0;0;0;0;0
1391049;11346;797;P;90;7.3;False;False;0;0;0;1;0;0;0;55;0;39;0;0;0;0;0;0;0;0;0;0;0;0;0
1391049;157146;797;DF;90;6.9;False;False;0;0;0;0;0;0;0;38;0;32;0;0;1;6;2;0;0;2;0;1;0;0;0
1391049;162058;797;DF;90;7.2;False;False;0;0;0;0;0;1;1;62;0;57;0;0;0;2;2;0;0;2;1;1;0;0;0
1391049;47378;797;DF;90;7.9;True;False;0;0;0;0;0;1;0;62;2;57;1;0;1;12;5;3;2;2;2;2;0;0;0
1391049;47182;797;M;85;6.3;False;False;0;0;0;0;0;1;0;17;0;11;2;0;0;11;3;3;1;2;0;0;1;0;0
1391049;318592;797;M;80;6.9;False;False;0;0;0;0;0;2;1;39;1;31;2;1;1;9;5;1;2;2;0;0;0;0;0
1391049;187318;797;M;80;7.0;False;False;0;0;0;0;0;0;0;31;1;28;0;0;1;9;6;1;3;3;0;1;1;0;0
1391049;46711;797;M;90;8.5;False;False;0;0;0;0;0;0;0;61;1;56;1;1;0;6;5;1;4;0;1;2;0;0;0
1391049;161963;797;M;90;8.0;False;False;0;0;0;0;0;0;0;30;2;29;2;0;0;11;7;2;5;1;0;0;0;0;0
1391049;343202;797;DL;90;6.9;False;False;0;0;0;0;0;4;1;25;5;15;3;1;0;16;8;1;1;1;0;0;0;0;0
1391049;2063;797;DL;85;6.2;False;False;0;0;0;0;0;3;2;24;1;19;0;0;1;4;1;0;0;0;0;0;0;0;0
1391049;189866;797;DF;10;6.6;False;True;0;0;0;0;0;1;0;8;0;3;0;0;0;1;1;0;0;0;0;0;0;0;0
1391049;271580;797;M;10;6.3;False;True;0;0;0;0;0;0;0;3;0;1;0;0;0;0;0;0;0;0;0;0;0;0;0
1391049;284415;797;DL;11;6.3;False;True;0;0;0;0;0;0;0;2;0;1;0;0;0;0;0;0;0;0;0;0;0;0;0
1391049;47013;797;DL;11;6.5;False;True;0;0;0;0;0;0;0;0;0;0;0;0;0;1;0;1;0;0;0;0;0;0;0
1391049;126;797;P;0;0.0;False;True;0;0;0;0;0;0;0;0;0;0;0;0;0;0;0;0;0;0;0;0;0;0;0
1391049;315604;797;P;0;0.0;False;True;0;0;0;0;0;0;0;0;0;0;0;0;0;0;0;0;0;0;0;0;0;0;0
1391049;47329;797;DF;0;0.0;False;True;0;0;0;0;0;0;0;0;0;0;0;0;0;0;0;0;0;0;0;0;0;0;0
1391049;580677;797;DF;0;0.0;False;True;0;0;0;0;0;0;0;0;0;0;0;0;0;0;0;0;0;0;0;0;0;0;0
1391049;446067;797;DF;0;0.0;False;True;0;0;0;0;0;0;0;0;0;0;0;0;0;0;0;0;0;0;0;0;0;0;0
1391049;46982;797;M;0;0.0;False;True;0;0;0;0;0;0;0;0;0;0;0;0;0;0;0;0;0;0;0;0;0;0;0
1391049;311345;797;M;0;0.0;False;True;0;0;0;0;0;0;0;0;0;0;0;0;0;0;0;0;0;0;0;0;0;0;0
1391049;439293;797;DL;0;0.0;False;True;0;0;0;0;0;0;0;0;0;0;0;0;0;0;0;0;0;0;0;0;0;0;0
1391050;30765;538;P;90;6.2;False;False;0;0;0;1;2;0;0;23;0;17;0;0;0;0;0;0;0;0;0;0;0;0;0
1391050;384135;538;DF;87;6.6;False;False;0;0;0;0;0;1;0;61;0;59;1;1;0;5;4;0;1;2;0;2;0;0;0
1391050;47988;538;DF;90;6.3;True;False;0;0;0;0;0;0;0;77;0;77;0;0;0;8;4;1;1;0;0;0;0;0;0
1391050;2278;538;DF;90;6.9;False;False;0;0;0;0;0;1;0;85;2;77;1;1;0;7;4;2;0;2;0;1;0;0;0
1391050;179955;538;M;70;7.5;False;False;0;0;1;0;0;0;0;21;2;16;1;0;0;2;1;0;0;1;1;0;0;0;0
1391050;391822;538;M;90;6.9;False;False;0;0;0;0;0;0;0;49;1;41;5;4;1;12;7;1;2;0;0;0;0;0;0
1391050;333502;538;M;88;7.0;False;False;0;0;0;0;0;0;0;45;1;41;0;0;1;6;2;0;1;0;0;1;0;0;0
1391050;157988;538;M;90;7.0;False;False;0;0;0;0;0;1;1;55;3;49;0;0;2;8;3;1;1;2;1;1;0;0;0
1391050;122734;538;DL;70;7.3;False;False;1;0;0;0;0;2;1;22;0;12;2;1;0;8;3;0;0;0;0;1;0;0;0
1391050;47348;538;DL;90;6.5;False;False;1;0;0;0;0;3;2;26;1;20;0;0;1;5;0;1;0;0;0;0;0;0;0
1391050;269163;538;DL;70;6.3;False;False;0;0;0;0;0;0;0;20;1;19;2;1;1;10;2;5;0;1;0;0;0;0;0
1391050;162123;538;M;20;6.5;False;True;0;0;0;0;0;0;0;20;0;19;0;0;0;1;1;0;1;0;0;0;0;0;0
1391050;162712;538;DF;20;6.5;False;True;0;0;0;0;0;0;0;12;1;10;0;0;0;1;1;0;1;0;0;0;0;0;0
1391050;320517;538;DL;20;6.5;False;True;0;0;1;0;0;1;1;7;1;5;2;0;0;2;0;0;0;0;1;0;0;0;0
1391050;47445;538;DL;12;6.3;False;True;0;0;0;0;0;2;0;7;0;7;0;0;0;1;1;0;1;0;0;0;0;0;0
1391050;211;538;M;11;6.9;False;True;0;0;0;0;0;0;0;14;0;12;0;0;0;1;1;0;0;0;0;0;0;0;0
1391050;47427;538;P;0;0.0;False;True;0;0;0;0;0;0;0;0;0;0;0;0;0;0;0;0;0;0;0;0;0;0;0
1391050;1926;538;DF;0;0.0;False;True;0;0;0;0;0;0;0;0;0;0;0;0;0;0;0;0;0;0;0;0;0;0;0
1391050;21584;538;DF;0;0.0;False;True;0;0;0;0;0;0;0;0;0;0;0;0;0;0;0;0;0;0;0;0;0;0;0
1391050;182638;538;DF;0;0.0;False;True;0;0;0;0;0;0;0;0;0;0;0;0;0;0;0;0;0;0;0;0;0;0;0
1391050;313651;538;M;0;0.0;False;True;0;0;0;0;0;0;0;0;0;0;0;0;0;0;0;0;0;0;0;0;0;0;0
1391050;329720;538;M;0;0.0;False;True;0;0;0;0;0;0;0;0;0;0;0;0;0;0;0;0;0;0;0;0;0;0;0
1391050;351913;538;DL;0;0.0;False;True;0;0;0;0;0;0;0;0;0;0;0;0;0;0;0;0;0;0;0;0;0;0;0
1391050;2813;540;P;90;6.3;False;False;0;0;0;2;2;0;0;31;0;17;0;0;0;0;0;0;0;0;0;0;0;0;0
1391050;286601;540;DF;90;7.2;False;False;0;0;0;0;0;0;0;51;1;44;1;1;1;6;5;0;2;2;1;1;0;0;0
1391050;282054;540;DF;90;7.0;False;False;0;0;0;0;0;0;0;61;1;57;0;0;0;6;5;0;1;3;1;3;0;0;0
1391050;47249;540;DF;90;6.2;True;False;0;0;0;0;0;1;0;49;0;38;1;1;0;8;4;1;0;2;0;1;1;0;0
1391050;184420;540;DF;90;6.3;False;False;0;0;0;0;0;0;0;25;0;21;1;0;2;6;2;0;0;2;0;1;0;0;0
1391050;127426;540;M;90;7.3;False;False;0;0;0;0;0;0;0;53;3;47;0;0;1;6;3;0;2;1;1;1;0;0;0
1391050;46799;540;M;56;6.7;False;False;0;0;0;0;0;1;1;30;0;23;0;0;1;5;3;1;1;2;0;0;0;0;0
1391050;85;540;M;56;6.7;False;False;0;0;0;0;0;0;0;17;1;17;4;2;0;5;3;0;1;0;0;1;0;0;0
1391050;48555;540;M;56;6.2;False;False;0;0;0;0;0;0;0;16;1;12;0;0;0;5;3;2;0;0;0;0;0;0;0
1391050;47398;540;M;72;6.7;False;False;0;0;0;0;0;0;0;19;0;15;2;1;0;4;3;0;1;1;0;1;0;0;0
1391050;312990;540;DL;83;5.9;False;False;0;0;0;0;0;1;0;7;0;4;0;0;1;7;0;2;0;0;0;0;0;0;0
1391050;273732;540;DL;34;7.5;False;True;1;0;0;0;0;1;1;6;0;4;0;0;1;2;1;0;0;1;0;3;0;0;0
1391050;183699;540;M;34;7.3;False;True;0;0;0;0;0;0;0;11;1;10;0;0;1;5;4;0;1;3;0;0;0;0;0
1391050;47396;540;DL;34;7.9;False;True;1;0;0;0;0;2;1;7;0;6;1;1;0;9;5;2;0;1;0;0;0;0;0
1391050;182674;540;DL;18;6.3;False;True;0;0;0;0;0;0;0;7;0;6;0;0;0;1;0;1;0;0;0;0;0;0;0
1391050;187987;540;M;16;7.2;False;True;0;0;1;0;0;0;0;3;1;2;0;0;0;2;2;0;2;0;0;0;0;0;0
1391050;182735;540;P;0;0.0;False;True;0;0;0;0;0;0;0;0;0;0;0;0;0;0;0;0;0;0;0;0;0;0;0
1391050;162585;540;P;0;0.0;False;True;0;0;0;0;0;0;0;0;0;0;0;0;0;0;0;0;0;0;0;0;0;0;0
1391050;47256;540;DF;0;0.0;False;True;0;0;0;0;0;0;0;0;0;0;0;0;0;0;0;0;0;0;0;0;0;0;0
1391050;184407;540;DF;0;0.0;False;True;0;0;0;0;0;0;0;0;0;0;0;0;0;0;0;0;0;0;0;0;0;0;0
1391050;199824;540;DF;0;0.0;False;True;0;0;0;0;0;0;0;0;0;0;0;0;0;0;0;0;0;0;0;0;0;0;0
1391050;297742;540;DL;0;0.0;False;True;0;0;0;0;0;0;0;0;0;0;0;0;0;0;0;0;0;0;0;0;0;0;0
1391051;278619;533;P;90;6.2;False;False;0;0;0;0;2;0;0;22;0;16;0;0;0;1;1;0;0;0;0;0;0;0;0
1391051;311773;533;DF;78;6.3;False;False;0;0;0;0;0;0;0;50;0;33;2;0;1;17;8;3;4;2;0;1;1;0;0
1391051;435552;533;DF;90;6.2;False;False;0;0;0;0;0;0;0;47;0;39;1;1;1;6;3;1;0;2;0;0;0;0;0
1391051;336671;533;DF;90;5.2;False;False;0;0;0;0;0;0;0;58;0;49;1;0;2;6;0;2;0;0;1;1;1;0;0
1391051;1702;533;DF;90;7.2;False;False;0;0;0;0;0;1;0;34;1;26;2;1;0;11;9;1;3;5;0;2;0;0;0
1391051;51016;533;M;65;6.2;False;False;0;0;0;0;0;0;0;9;0;6;3;0;2;9;2;0;2;0;0;0;0;0;0
1391051;20696;533;M;90;7.3;False;False;0;0;0;0;0;1;0;33;1;24;2;0;0;13;8;1;4;2;0;0;0;0;0
1391051;928;533;M;65;6.6;True;False;0;0;0;0;0;0;0;34;1;23;0;0;0;3;3;0;1;1;0;1;0;0;0
1391051;514913;533;M;45;6.3;False;False;0;0;0;0;0;0;0;4;0;4;0;0;0;3;0;1;0;0;0;1;0;0;0
1391051;3246;533;DL;90;6.0;False;False;0;0;0;0;0;0;0;21;0;18;3;0;1;16;3;3;2;1;0;0;0;0;0
1391051;351587;533;DL;90;5.9;False;False;0;0;0;0;0;2;0;7;0;4;2;0;1;15;4;4;1;0;0;0;1;0;0
1391051;18906;533;DL;45;6.7;False;True;0;0;0;0;0;0;0;4;0;3;0;0;0;6;3;0;2;1;0;0;0;0;0
1391051;47541;533;M;25;6.7;False;True;0;0;0;0;0;0;0;18;0;11;1;1;0;4;2;0;1;0;0;0;0;0;0
1391051;180496;533;DL;25;7.2;False;True;1;0;0;0;0;2;2;7;0;4;2;2;0;4;2;0;0;0;0;0;0;0;0
1391051;355994;533;DF;12;6.3;False;True;0;0;0;0;0;0;0;10;0;9;0;0;0;2;0;1;0;0;0;1;0;0;0
1391051;162473;533;P;0;0.0;False;True;0;0;0;0;0;0;0;0;0;0;0;0;0;0;0;0;0;0;0;0;0;0;0
1391051;237066;533;DF;0;0.0;False;True;0;0;0;0;0;0;0;0;0;0;0;0;0;0;0;0;0;0;0;0;0;0;0
1391051;70500;533;DF;0;0.0;False;True;0;0;0;0;0;0;0;0;0;0;0;0;0;0;0;0;0;0;0;0;0;0;0
1391051;463280;533;M;0;0.0;False;True;0;0;0;0;0;0;0;0;0;0;0;0;0;0;0;0;0;0;0;0;0;0;0
1391051;182519;533;M;0;0.0;False;True;0;0;0;0;0;0;0;0;0;0;0;0;0;0;0;0;0;0;0;0;0;0;0
1391051;47247;546;P;90;6.6;False;False;0;0;0;1;1;0;0;26;0;12;0;0;0;0;0;0;0;0;0;0;0;0;0
1391051;18794;546;DF;86;6.3;False;False;0;0;0;0;0;0;0;32;0;28;2;0;0;6;3;0;0;2;0;3;0;0;0
1391051;46795;546;DF;90;6.7;False;False;0;0;0;0;0;0;0;30;0;25;0;0;1;3;2;0;0;0;0;1;0;0;0
1391051;46813;546;DF;90;7.2;False;False;0;0;0;0;0;0;0;19;0;15;0;0;0;12;10;2;5;3;0;1;0;0;0
1391051;180927;546;DF;90;6.9;False;False;0;0;0;0;0;0;0;23;0;13;1;1;0;7;4;1;1;0;0;2;1;0;0
1391051;119742;546;DF;90;7.2;False;False;0;0;1;0;0;0;0;14;2;7;2;0;0;21;12;6;2;8;1;0;0;0;0
1391051;47085;546;M;90;7.7;False;False;0;0;0;0;0;2;0;33;0;25;2;2;0;13;11;1;1;8;1;0;0;0;0
1391051;47250;546;M;80;6.9;True;False;0;0;0;0;0;0;0;22;0;19;1;1;0;4;3;1;0;2;0;1;0;0;0
1391051;47258;546;M;90;7.2;False;False;1;1;0;0;0;1;1;19;0;18;2;2;1;13;7;1;2;3;0;2;0;0;0
1391051;6490;546;DL;81;7.3;False;False;0;0;0;0;0;0;0;9;0;4;0;0;0;7;5;2;4;1;0;0;0;0;0
1391051;195512;546;DL;89;7.2;False;False;1;0;0;0;0;1;1;31;0;15;4;2;2;22;8;5;0;3;0;0;0;0;0
1391051;46860;546;M;10;6.3;False;True;0;0;0;0;0;0;0;2;0;1;0;0;0;1;0;1;0;0;0;0;0;0;0
1391051;394573;546;DL;9;6.6;False;True;0;0;0;0;0;0;0;4;0;3;1;0;1;5;3;0;2;0;0;1;0;0;0
1391051;316516;546;DF;12;6.6;False;True;0;0;0;0;0;0;0;2;0;2;0;0;0;0;0;0;0;0;0;0;0;0;0
1391051;47407;546;DF;1;0.0;False;True;0;0;0;0;0;0;0;1;0;0;0;0;0;2;0;1;0;0;0;0;0;0;0
1391051;66491;546;P;0;0.0;False;True;0;0;0;0;0;0;0;0;0;0;0;0;0;0;0;0;0;0;0;0;0;0;0
1391051;625636;546;DF;0;0.0;False;True;0;0;0;0;0;0;0;0;0;0;0;0;0;0;0;0;0;0;0;0;0;0;0
1391051;18867;546;DF;0;0.0;False;True;0;0;0;0;0;0;0;0;0;0;0;0;0;0;0;0;0;0;0;0;1;0;0
1391051;631889;546;M;0;0.0;False;True;0;0;0;0;0;0;0;0;0;0;0;0;0;0;0;0;0;0;0;0;0;0;0
1391051;546852;546;DL;0;0.0;False;True;0;0;0;0;0;0;0;0;0;0;0;0;0;0;0;0;0;0;0;0;0;0;0
1391051;47320;546;DL;0;0.0;False;True;0;0;0;0;0;0;0;0;0;0;0;0;0;0;0;0;0;0;0;0;0;0;0
1391051;45804;546;M;0;0.0;False;True;0;0;0;0;0;0;0;0;0;0;0;0;0;0;0;0;0;0;0;0;0;0;0
1391052;182718;529;P;90;8.2;False;False;0;0;0;7;2;0;0;29;0;27;0;0;0;0;0;0;0;0;0;0;0;0;0
1391052;1257;529;DF;90;6.3;False;False;0;0;1;0;0;0;0;99;2;91;3;1;2;13;6;1;0;4;0;3;1;0;0
1391052;396623;529;DF;90;8.2;False;False;1;0;0;0;0;1;1;129;0;122;0;0;2;10;6;0;0;3;0;1;0;0;0
1391052;619;529;DF;73;6.5;False;False;0;0;0;0;0;1;1;75;0;71;0;0;1;6;2;1;0;1;0;0;1;0;0
1391052;181701;529;DF;63;6.3;False;False;0;0;0;0;0;0;0;34;1;32;0;0;1;4;2;0;0;2;0;2;0;0;0
1391052;340626;529;M;90;6.3;False;False;0;0;0;0;0;2;0;46;1;39;1;0;2;6;2;0;0;1;0;0;0;0;0
1391052;538;529;M;90;6.9;True;False;0;0;0;0;0;0;0;101;1;96;0;0;2;7;4;0;2;1;0;0;0;0;0
1391052;1323;529;M;80;7.3;False;False;0;0;0;0;0;1;0;56;3;51;0;0;0;6;5;0;4;1;0;1;0;0;0
1391052;386828;529;DL;90;7.5;False;False;0;0;0;0;0;4;1;64;4;51;9;4;2;23;12;2;4;4;0;1;0;0;0
1391052;931;529;DL;73;6.5;False;False;0;0;0;0;0;1;0;12;0;7;1;0;0;4;1;1;0;0;0;0;0;0;0
1391052;1496;529;DL;63;6.7;False;False;0;0;0;0;0;2;0;23;4;18;3;2;0;5;3;0;0;1;0;1;0;0;0
1391052;161928;529;DF;27;6.3;False;True;0;0;0;0;0;0;0;22;1;19;0;0;0;1;0;0;0;0;0;0;0;0;0
1391052;338958;529;DL;27;6.2;False;True;0;0;0;0;0;2;1;25;2;22;1;0;0;3;0;1;0;0;0;0;0;0;0
1391052;101814;529;DF;17;6.2;False;True;0;0;0;0;0;1;0;12;0;10;0;0;0;1;1;0;0;0;0;0;0;0;0
1391052;521;529;DL;17;6.5;False;True;0;0;0;0;0;1;0;2;0;1;1;1;0;2;1;0;0;0;0;0;0;0;0
1391052;433396;529;M;10;6.9;False;True;0;0;0;0;0;0;0;10;1;10;0;0;0;1;1;0;0;1;1;0;1;0;0
1391052;383647;529;P;0;0.0;False;True;0;0;0;0;0;0;0;0;0;0;0;0;0;0;0;0;0;0;0;0;0;0;0
1391052;851;529;P;0;0.0;False;True;0;0;0;0;0;0;0;0;0;0;0;0;0;0;0;0;0;0;0;0;0;0;0
1391052;855;529;DF;0;0.0;False;True;0;0;0;0;0;0;0;0;0;0;0;0;0;0;0;0;0;0;0;0;0;0;0
1391052;491086;529;M;0;0.0;False;True;0;0;0;0;0;0;0;0;0;0;0;0;0;0;0;0;0;0;0;0;0;0;0
1391052;329728;529;M;0;0.0;False;True;0;0;0;0;0;0;0;0;0;0;0;0;0;0;0;0;0;0;0;0;0;0;0
1391052;158;547;P;90;6.2;False;False;0;0;0;4;1;0;0;29;0;14;0;0;0;1;1;0;0;0;0;0;0;0;0
1391052;313025;547;DF;90;6.6;False;False;0;0;0;0;0;0;0;31;0;23;1;0;1;9;4;0;1;1;2;0;0;0;0
1391052;414359;547;DF;90;7.0;False;False;0;0;0;0;0;0;0;23;0;22;1;1;0;7;5;0;2;1;2;1;0;0;0
1391052;531;547;DF;90;6.7;False;False;0;0;0;0;0;0;0;41;0;33;2;2;2;8;5;1;1;1;1;3;0;0;0
1391052;283668;547;DF;90;6.9;True;False;0;0;0;0;0;0;0;28;1;22;1;0;3;13;5;2;1;4;3;1;0;0;0
1391052;1700;547;M;89;6.9;False;False;0;0;0;0;0;1;1;31;0;25;1;1;0;4;3;1;0;1;0;0;0;0;0
1391052;20;547;M;90;6.9;False;False;0;0;0;0;0;0;0;32;0;27;0;0;1;8;4;2;0;2;2;2;1;0;0
1391052;2182;547;M;90;7.0;False;False;0;0;0;0;0;2;1;24;2;19;1;0;0;5;1;0;1;0;1;1;0;0;0
1391052;45;547;M;68;7.7;False;False;1;0;0;0;0;1;1;19;0;14;3;3;0;8;4;2;0;1;0;1;0;0;0
1391052;2061;547;M;68;6.6;False;False;0;0;0;0;0;1;1;18;2;16;2;1;1;13;5;0;0;4;0;1;0;0;0
1391052;161670;547;DL;73;7.5;False;False;0;0;1;0;0;3;2;8;2;5;2;1;0;4;2;0;0;0;0;0;0;0;0
1391052;47435;547;M;22;7.6;False;True;1;0;0;0;0;1;1;5;1;4;0;0;0;3;0;1;0;0;0;0;0;0;0
1391052;339105;547;M;31;6.9;False;True;0;0;1;0;0;3;2;9;1;6;2;1;0;6;4;1;0;3;0;0;0;1;0
1391052;414385;547;M;17;7.5;False;True;0;0;0;0;0;0;0;8;2;7;2;2;0;3;3;0;0;1;0;0;0;0;0
1391052;162434;547;DF;9;6.7;False;True;0;0;0;0;0;0;0;2;0;1;0;0;0;0;0;0;0;0;0;0;0;0;0
1391052;47426;547;P;0;0.0;False;True;0;0;0;0;0;0;0;0;0;0;0;0;0;0;0;0;0;0;0;0;0;0;0
1391052;432476;547;P;0;0.0;False;True;0;0;0;0;0;0;0;0;0;0;0;0;0;0;0;0;0;0;0;0;0;0;0
1391052;47334;547;DF;0;0.0;False;True;0;0;0;0;0;0;0;0;0;0;0;0;0;0;0;0;0;0;0;0;0;0;0
1391052;551459;547;M;0;0.0;False;True;0;0;0;0;0;0;0;0;0;0;0;0;0;0;0;0;0;0;0;0;0;0;0
1391052;155;547;DL;0;0.0;False;True;0;0;0;0;0;0;0;0;0;0;0;0;0;0;0;0;0;0;0;0;0;0;0
1391052;2617;547;DL;0;0.0;False;True;0;0;0;0;0;0;0;0;0;0;0;0;0;0;0;0;0;0;0;0;0;0;0
1391053;47527;532;P;90;7.9;False;False;0;0;0;1;0;0;0;39;0;31;0;0;0;0;0;0;0;0;0;0;0;0;0
1391053;47277;532;DF;90;7.5;False;False;0;0;0;0;0;0;0;43;0;36;0;0;1;6;5;0;1;2;0;2;0;0;0
1391053;333672;532;DF;90;6.3;False;False;0;0;0;0;0;0;0;56;0;47;0;0;1;7;2;2;0;1;0;0;0;0;0
1391053;48372;532;DF;88;7.2;False;False;0;0;0;0;0;0;0;79;0;73;0;0;0;5;3;0;0;2;0;1;0;0;0
1391053;918;532;DF;90;7.0;True;False;0;0;0;0;0;0;0;33;0;31;0;0;1;3;2;0;0;1;0;3;0;0;0
1391053;46933;532;M;90;6.9;False;False;0;0;1;0;0;0;0;33;2;28;0;0;0;4;1;1;0;1;0;1;0;0;0
1391053;48465;532;M;58;6.7;False;False;0;0;0;0;0;0;0;23;0;21;0;0;0;3;1;2;1;0;0;0;1;0;0
1391053;47463;532;M;58;6.6;False;False;0;0;0;0;0;0;0;33;1;28;0;0;2;5;1;2;0;1;0;0;0;0;0
1391053;138776;532;M;88;7.6;False;False;1;0;0;0;0;1;1;21;1;16;2;0;0;8;3;0;1;1;0;1;0;0;0
1391053;6010;532;DL;90;6.3;False;False;0;0;0;0;0;0;0;33;0;27;1;0;1;8;1;0;0;1;0;0;0;0;0
1391053;47264;532;DL;58;6.7;False;False;0;0;0;0;0;2;0;11;0;9;0;0;0;7;6;0;3;2;0;0;0;0;0
1391053;2476;532;M;32;6.9;False;True;0;0;0;0;0;0;0;13;0;12;0;0;0;8;5;1;1;1;1;1;0;0;0
1391053;315699;532;M;32;7.2;False;True;0;0;1;0;0;0;0;13;1;9;1;1;0;5;4;0;0;2;0;0;0;0;0
1391053;31406;532;DL;32;7.5;False;True;1;0;0;0;0;1;1;10;0;6;2;0;0;4;0;0;0;0;0;0;0;0;0
1391053;162175;532;DF;10;6.7;False;True;0;0;0;0;0;0;0;1;0;0;0;0;1;6;2;2;0;1;0;0;1;0;0
1391053;21153;532;M;10;6.9;False;True;0;0;0;0;0;0;0;1;0;0;0;0;0;3;3;0;2;1;0;0;0;0;0
1391053;401983;532;P;0;0.0;False;True;0;0;0;0;0;0;0;0;0;0;0;0;0;0;0;0;0;0;0;0;0;0;0
1391053;913;532;P;0;0.0;False;True;0;0;0;0;0;0;0;0;0;0;0;0;0;0;0;0;0;0;0;0;0;0;0
1391053;623732;532;DF;0;0.0;False;True;0;0;0;0;0;0;0;0;0;0;0;0;0;0;0;0;0;0;0;0;0;0;0
1391053;278079;532;DF;0;0.0;False;True;0;0;0;0;0;0;0;0;0;0;0;0;0;0;0;0;0;0;0;0;0;0;0
1391053;41157;532;M;0;0.0;False;True;0;0;0;0;0;0;0;0;0;0;0;0;0;0;0;0;0;0;0;0;0;0;0
1391053;439578;532;DL;0;0.0;False;True;0;0;0;0;0;0;0;0;0;0;0;0;0;0;0;0;0;0;0;0;0;0;0
1391053;1708;532;DL;0;0.0;False;True;0;0;0;0;0;0;0;0;0;0;0;0;0;0;0;0;0;0;0;0;0;0;0
1391053;2741;539;P;90;5.9;False;False;0;0;0;0;2;0;0;33;0;27;0;0;0;0;0;0;0;0;0;0;0;0;0
1391053;504605;539;DF;78;6.3;False;False;0;0;0;0;0;0;0;37;1;31;0;0;0;6;4;0;1;3;0;1;0;0;0
1391053;734;539;DF;90;6.9;False;False;0;0;0;0;0;2;0;62;0;52;0;0;0;8;6;1;1;4;0;3;0;0;0
1391053;421807;539;DF;90;6.3;False;False;0;0;0;0;0;1;0;53;0;48;0;0;0;3;3;0;0;2;0;0;1;0;0
1391053;64309;539;DF;90;6.3;False;False;0;0;0;0;0;0;0;43;0;34;0;0;0;2;2;0;0;2;0;3;0;0;0
1391053;125239;539;M;90;6.7;False;False;0;0;0;0;0;0;0;40;0;39;1;1;0;9;5;2;1;1;1;1;2;1;0
1391053;104949;539;M;78;7.2;True;False;0;0;0;0;0;0;0;18;2;14;3;2;0;7;5;2;3;0;0;1;0;0;0
1391053;579287;539;M;90;6.3;False;False;0;0;0;0;0;2;0;18;0;13;1;1;0;9;5;2;1;2;0;0;0;0;0
1391053;182770;539;M;69;6.9;False;False;0;0;0;0;0;0;0;21;1;14;1;1;1;7;4;1;3;0;0;1;0;0;0
1391053;128985;539;M;69;6.2;False;False;0;0;0;0;0;0;0;10;0;7;2;0;0;3;1;0;0;1;0;0;0;0;0
1391053;192032;539;DL;69;6.7;False;False;0;0;0;0;0;2;1;14;0;11;0;0;0;5;1;1;0;0;0;0;0;0;0
1391053;182603;539;M;21;6.3;False;True;0;0;0;0;0;0;0;6;0;2;1;1;0;5;1;0;0;0;0;0;0;0;0
1391053;378284;539;DL;21;6.3;False;True;0;0;0;0;0;0;0;4;0;2;0;0;0;6;1;0;0;0;0;0;0;0;0
1391053;450497;539;DL;21;6.2;False;True;0;0;0;0;0;1;0;4;0;2;1;0;0;8;3;2;0;1;0;0;0;0;0
1391053;182639;539;M;12;7.0;False;True;0;0;0;0;0;0;0;13;1;11;1;1;0;1;1;0;0;0;0;0;0;0;0
1391053;463279;539;DL;12;6.3;False;True;0;0;0;0;0;0;0;7;0;7;1;0;0;3;1;0;0;0;0;0;0;0;0
1391053;338295;539;P;0;0.0;False;True;0;0;0;0;0;0;0;0;0;0;0;0;0;0;0;0;0;0;0;0;0;0;0
1391053;286611;539;P;0;0.0;False;True;0;0;0;0;0;0;0;0;0;0;0;0;0;0;0;0;0;0;0;0;0;0;0
1391053;46941;539;DF;0;0.0;False;True;0;0;0;0;0;0;0;0;0;0;0;0;0;0;0;0;0;0;0;0;0;0;0
1391053;104832;539;DF;0;0.0;False;True;0;0;0;0;0;0;0;0;0;0;0;0;0;0;0;0;0;0;0;0;0;0;0
1391053;106727;539;M;0;0.0;False;True;0;0;0;0;0;0;0;0;0;0;0;0;0;0;0;0;0;0;0;0;0;0;0
1391053;328139;539;DL;0;0.0;False;True;0;0;0;0;0;0;0;0;0;0;0;0;0;0;0;0;0;0;0;0;0;0;0
1391053;47467;539;DL;0;0.0;False;True;0;0;0;0;0;0;0;0;0;0;0;0;0;0;0;0;0;0;0;0;0;0;0
1391054;46990;543;P;90;6.9;False;False;0;0;0;2;1;0;0;35;0;20;0;0;0;1;1;0;1;0;0;0;1;0;0
1391054;47119;543;DF;67;6.5;True;False;0;0;0;0;0;0;0;23;0;19;0;0;4;9;2;1;0;2;0;2;1;0;0
1391054;47302;543;DF;45;7.2;False;False;0;0;0;0;0;0;0;20;0;18;0;0;0;3;3;1;2;1;2;0;1;0;0
1391054;195100;543;DF;90;6.5;False;False;0;0;0;0;0;0;0;30;0;28;0;0;0;6;2;1;0;0;0;0;0;0;0
1391054;1631;543;DF;90;6.6;False;False;0;0;0;0;0;0;0;22;0;17;0;0;0;5;3;0;0;1;0;0;0;0;0
1391054;1697;543;M;90;7.0;False;False;0;0;0;0;0;2;2;41;4;38;0;0;0;4;1;1;0;1;0;1;0;0;0
1391054;47341;543;M;90;7.2;False;False;0;0;0;0;0;1;0;23;0;19;0;0;0;13;7;3;2;1;1;0;0;0;0
1391054;750;543;M;67;6.6;False;False;0;0;0;0;0;0;0;31;2;25;1;1;1;5;2;0;1;0;0;0;0;0;0
1391054;9971;543;DL;90;7.3;False;False;0;0;1;0;0;3;3;43;6;37;0;0;1;4;2;0;1;1;0;2;0;0;0
1391054;3033;543;DL;89;7.2;False;False;1;0;0;0;0;4;1;13;0;9;0;0;0;6;4;0;2;0;0;0;0;0;0
1391054;181421;543;DL;90;7.9;False;False;1;0;0;0;0;2;2;26;0;21;0;0;3;20;9;2;6;3;0;0;0;0;0
1391054;1561;543;DF;45;6.2;False;True;0;0;0;0;0;0;0;17;0;12;0;0;1;3;1;0;0;0;0;1;0;0;0
1391054;334574;543;DF;23;6.6;False;True;0;0;0;0;0;0;0;8;1;7;0;0;0;2;1;1;0;1;0;0;0;0;0
1391054;286084;543;M;23;6.9;False;True;0;0;0;0;0;0;0;9;0;9;1;1;0;2;2;0;0;0;0;0;0;0;0
1391054;300885;543;M;1;0.0;False;True;0;0;0;0;0;1;0;0;0;0;0;0;0;0;0;0;0;0;0;0;0;0;0
1391054;18812;543;P;0;0.0;False;True;0;0;0;0;0;0;0;0;0;0;0;0;0;0;0;0;0;0;0;0;0;0;0
1391054;1557;543;P;0;0.0;False;True;0;0;0;0;0;0;0;0;0;0;0;0;0;0;0;0;0;0;0;0;0;0;0
1391054;355004;543;DF;0;0.0;False;True;0;0;0;0;0;0;0;0;0;0;0;0;0;0;0;0;0;0;0;0;0;0;0
1391054;1564;543;DF;0;0.0;False;True;0;0;0;0;0;0;0;0;0;0;0;0;0;0;0;0;0;0;0;0;0;0;0
1391054;136117;543;M;0;0.0;False;True;0;0;0;0;0;0;0;0;0;0;0;0;0;0;0;0;0;0;0;0;0;0;0
1391054;443163;543;DL;0;0.0;False;True;0;0;0;0;0;0;0;0;0;0;0;0;0;0;0;0;0;0;0;0;0;0;0
1391054;548691;543;DL;0;0.0;False;True;0;0;0;0;0;0;0;0;0;0;0;0;0;0;0;0;0;0;0;0;0;0;0
1391054;179139;798;P;90;6.9;False;False;0;0;0;5;2;0;0;21;0;17;0;0;0;0;0;0;0;0;0;0;0;0;0
1391054;26302;798;DF;90;6.2;False;False;0;0;0;0;0;1;0;40;0;33;2;1;0;10;6;2;0;1;0;1;1;0;0
1391054;335697;798;DF;90;7.3;False;False;0;0;0;0;0;3;0;84;0;75;1;1;0;7;4;1;0;1;3;2;0;0;0
1391054;46738;798;DF;90;6.6;True;False;0;0;0;0;0;0;0;104;1;98;0;0;0;9;4;2;0;1;0;0;0;0;0
1391054;64268;798;DF;82;6.3;False;False;0;0;0;0;0;0;0;64;0;57;0;0;0;2;1;0;0;0;0;0;0;0;0
1391054;414;798;M;45;6.7;False;False;0;0;0;0;0;0;0;42;0;37;0;0;0;4;2;1;0;1;0;0;0;0;0
1391054;190485;798;M;78;6.5;False;False;0;0;0;0;0;0;0;53;0;43;0;0;0;12;6;6;3;1;0;0;1;0;0
1391054;313059;798;M;45;6.2;False;False;0;0;0;0;0;0;0;9;0;5;1;1;1;4;1;0;0;0;0;0;0;0;0
1391054;47336;798;M;78;7.6;False;False;0;0;1;0;0;2;1;39;4;36;2;2;0;4;3;1;1;0;1;1;0;0;0
1391054;491248;798;M;90;6.3;False;False;0;0;0;0;0;1;0;29;1;22;9;5;0;12;7;0;1;1;0;0;0;0;0
1391054;50048;798;DL;90;7.3;False;False;1;0;0;0;0;4;2;15;0;11;0;0;0;11;5;2;0;1;0;0;1;0;0
1391054;1701;798;M;45;7.3;False;True;0;0;0;0;0;0;0;72;1;68;0;0;0;1;0;1;0;0;0;0;1;0;0
1391054;140831;798;DL;45;6.3;False;True;0;0;0;0;0;0;0;8;0;4;1;0;0;4;2;0;2;0;0;0;0;0;0
1391054;285909;798;M;12;6.9;False;True;0;0;0;0;0;0;0;11;1;9;0;0;0;0;0;0;0;0;0;0;0;0;0
1391054;107194;798;M;12;6.6;False;True;0;0;0;0;0;0;0;15;2;12;0;0;0;1;1;0;0;1;0;0;0;0;0
1391054;920;798;DF;8;6.9;False;True;0;0;0;0;0;0;0;10;0;10;0;0;1;2;1;0;1;0;0;0;0;0;0
1391054;47399;798;P;0;0.0;False;True;0;0;0;0;0;0;0;0;0;0;0;0;0;0;0;0;0;0;0;0;0;0;0
1391054;152955;798;P;0;0.0;False;True;0;0;0;0;0;0;0;0;0;0;0;0;0;0;0;0;0;0;0;0;0;0;0
1391054;46733;798;DF;0;0.0;False;True;0;0;0;0;0;0;0;0;0;0;0;0;0;0;0;0;0;0;0;0;0;0;0
1391054;108519;798;DF;0;0.0;False;True;0;0;0;0;0;0;0;0;0;0;0;0;0;0;0;0;0;0;0;0;0;0;0
1391054;293604;798;DL;0;0.0;False;True;0;0;0;0;0;0;0;0;0;0;0;0;0;0;0;0;0;0;0;0;0;0;0
1391054;405074;798;DL;0;0.0;False;True;0;0;0;0;0;0;0;0;0;0;0;0;0;0;0;0;0;0;0;0;0;0;0
1391054;46751;798;DL;0;0.0;False;True;0;0;0;0;0;0;0;0;0;0;0;0;0;0;0;0;0;0;0;0;0;0;0
1391055;29;530;P;90;7.2;True;False;0;0;0;6;3;0;0;28;0;24;0;0;0;1;1;0;1;0;0;0;0;0;0
1391055;6503;530;DF;90;6.7;False;False;0;0;0;0;0;0;0;54;1;43;5;5;0;7;6;1;0;1;0;1;0;0;0
1391055;31;530;DF;90;6.6;False;False;0;0;0;0;0;1;1;61;0;56;1;1;2;9;4;0;1;2;2;1;0;0;0
1391055;133;530;DF;63;6.0;False;False;0;0;0;0;0;0;0;40;0;34;0;0;0;2;1;1;0;1;0;1;0;0;0
1391055;162012;530;DF;56;6.2;False;False;0;0;0;0;0;0;0;22;0;20;0;0;0;2;1;1;0;1;0;1;0;0;0
1391055;133185;530;M;63;6.2;False;False;0;0;0;0;0;0;0;34;0;30;0;0;1;8;3;3;1;1;1;0;1;0;0
1391055;6067;530;M;90;6.9;False;False;0;0;0;0;0;0;0;59;3;52;3;2;1;11;5;1;2;1;0;0;0;0;0
1391055;341371;530;M;56;6.7;False;False;0;0;0;0;0;0;0;25;0;22;0;0;1;6;4;1;1;1;0;0;1;0;0
1391055;182219;530;M;56;6.5;False;False;0;0;0;0;0;1;0;26;0;22;1;1;1;4;1;1;0;0;0;0;0;0;0
1391055;26315;530;M;90;6.0;False;False;0;0;0;0;0;3;2;43;1;32;4;2;0;11;5;1;0;1;0;1;0;0;0
1391055;8492;530;DL;90;6.3;False;False;0;0;0;0;0;0;0;15;0;11;1;0;0;8;2;1;1;0;0;0;0;0;0
1391055;47301;530;DF;34;6.7;False;True;0;0;0;0;0;0;0;37;0;33;0;0;0;4;3;1;1;0;0;1;0;0;0
1391055;313383;530;M;34;6.7;False;True;0;0;0;0;0;0;0;16;0;13;1;0;0;4;3;0;1;2;0;0;0;0;0
1391055;6009;530;DL;34;6.3;False;True;0;0;0;0;0;0;0;9;1;6;1;0;0;2;1;0;1;0;0;0;0;0;0
1391055;753;530;M;27;6.3;False;True;0;0;0;0;0;0;0;13;0;13;0;0;0;1;0;1;0;0;0;0;1;0;0
1391055;18767;530;DL;27;6.7;False;True;0;0;0;0;0;0;0;4;0;2;1;1;0;1;1;0;0;0;0;0;0;0;0
1391055;2465;530;P;0;0.0;False;True;0;0;0;0;0;0;0;0;0;0;0;0;0;0;0;0;0;0;0;0;0;0;0
1391055;393198;530;P;0;0.0;False;True;0;0;0;0;0;0;0;0;0;0;0;0;0;0;0;0;0;0;0;0;0;0;0
1391055;30399;530;DF;0;0.0;False;True;0;0;0;0;0;0;0;0;0;0;0;0;0;0;0;0;0;0;0;0;0;0;0
1391055;295793;530;DF;0;0.0;False;True;0;0;0;0;0;0;0;0;0;0;0;0;0;0;0;0;0;0;0;0;0;0;0
1391055;50;530;M;0;0.0;False;True;0;0;0;0;0;0;0;0;0;0;0;0;0;0;0;0;0;0;0;0;0;0;0
1391055;323935;530;DL;0;0.0;False;True;0;0;0;0;0;0;0;0;0;0;0;0;0;0;0;0;0;0;0;0;0;0;0
1391055;56;530;DL;0;0.0;False;True;0;0;0;0;0;0;0;0;0;0;0;0;0;0;0;0;0;0;0;0;0;0;0
1391055;11379;728;P;90;7.7;False;False;0;0;0;3;0;0;0;30;0;19;0;0;0;2;1;0;0;0;0;0;0;0;0
1391055;1703;728;DF;90;8.2;False;False;0;0;1;0;0;0;0;42;1;32;0;0;1;4;2;0;1;0;0;2;0;0;0
1391055;18895;728;DF;90;7.9;False;False;0;0;0;0;0;2;1;60;0;52;0;0;0;7;5;2;1;1;0;3;0;0;0
1391055;358431;728;DF;90;8.2;False;False;1;0;0;0;0;1;1;41;1;37;0;0;0;3;2;1;0;2;0;2;0;0;0
1391055;46759;728;DF;90;7.3;False;False;0;0;0;0;0;1;1;23;0;16;0;0;3;10;6;0;3;3;1;1;0;0;0
1391055;47109;728;M;90;7.3;True;False;1;0;0;0;0;1;1;36;0;33;0;0;2;9;4;0;0;2;1;2;0;0;0
1391055;290740;728;M;74;7.5;False;False;0;0;0;0;0;1;1;20;1;15;4;3;0;11;8;0;4;1;0;0;0;0;0
1391055;131546;728;M;64;6.9;False;False;0;0;0;0;0;1;1;22;1;19;1;1;2;6;3;0;1;0;0;0;0;0;0
1391055;47414;728;M;83;6.9;False;False;0;0;0;0;0;1;1;29;2;23;2;1;0;5;2;2;0;1;1;0;0;0;0
1391055;162931;728;M;64;7.6;False;False;1;0;0;0;0;2;2;11;0;9;1;1;1;6;2;1;1;0;1;0;0;0;0
1391055;128582;728;DL;64;5.9;False;False;0;0;0;0;0;0;0;8;0;8;0;0;1;5;0;2;0;0;0;0;0;0;0
1391055;314006;728;DF;26;6.6;False;True;0;0;0;0;0;0;0;12;0;10;0;0;0;0;0;0;0;0;0;0;0;0;0
1391055;47543;728;M;26;7.0;False;True;0;0;1;0;0;0;0;6;1;4;0;0;1;3;1;1;1;0;0;0;1;0;0
1391055;46887;728;M;26;6.7;False;True;0;0;0;0;0;0;0;6;0;5;1;0;0;3;1;0;0;1;0;0;0;0;0
1391055;122657;728;M;16;6.3;False;True;0;0;0;0;0;0;0;4;0;3;0;0;1;6;2;1;1;0;0;0;0;0;0
1391055;47285;728;M;12;6.7;False;True;0;0;0;0;0;0;0;4;0;1;0;0;0;1;1;0;0;1;0;0;0;0;0
1391055;285505;728;P;0;0.0;False;True;0;0;0;0;0;0;0;0;0;0;0;0;0;0;0;0;0;0;0;0;0;0;0
1391055;20520;728;DF;0;0.0;False;True;0;0;0;0;0;0;0;0;0;0;0;0;0;0;0;0;0;0;0;0;0;0;0
1391055;1847;728;DF;0;0.0;False;True;0;0;0;0;0;0;0;0;0;0;0;0;0;0;0;0;0;0;0;0;0;0;0
1391055;15900;728;DF;0;0.0;False;True;0;0;0;0;0;0;0;0;0;0;0;0;0;0;0;0;0;0;0;0;0;0;0
1391055;47557;728;M;0;0.0;False;True;0;0;0;0;0;0;0;0;0;0;0;0;0;0;0;0;0;0;0;0;0;0;0
1391055;91745;728;DL;0;0.0;False;True;0;0;0;0;0;0;0;0;0;0;0;0;0;0;0;0;0;0;0;0;0;0;0
1391055;52;728;DL;0;0.0;False;True;0;0;0;0;0;0;0;0;0;0;0;0;0;0;0;0;0;0;0;0;0;0;0
1391056;730;541;P;90;7.0;False;False;0;0;0;2;1;0;0;42;0;35;0;0;0;0;0;0;0;0;0;0;0;0;0
1391056;283;541;DF;60;7.2;False;False;0;0;1;0;0;0;0;48;2;41;2;0;0;2;0;0;0;0;0;1;0;0;0
1391056;2285;541;DF;60;6.2;False;False;0;0;0;0;0;1;0;54;0;49;0;0;0;1;0;1;0;0;0;0;0;0;0
1391056;361497;541;DF;90;6.5;False;False;0;0;0;0;0;0;0;74;0;70;0;0;1;4;2;1;0;2;1;2;1;0;0
1391056;284300;541;DF;90;7.3;False;False;0;0;1;0;0;0;0;55;2;52;0;0;0;4;2;0;0;2;1;1;0;0;0
1391056;756;541;M;73;8.2;True;False;1;0;0;0;0;1;1;42;1;39;1;1;1;3;1;1;0;0;0;4;0;0;0
1391056;291964;541;M;90;6.9;False;False;0;0;0;0;0;1;0;41;1;36;1;1;1;4;2;0;1;0;1;1;0;0;0
1391056;1271;541;M;79;7.7;False;False;0;0;0;0;0;0;0;53;0;51;0;0;1;10;6;1;0;4;0;1;0;0;0
1391056;2207;541;M;73;6.6;False;False;0;0;0;0;0;0;0;54;1;49;1;1;0;9;5;3;2;2;0;1;0;0;0
1391056;336711;541;DL;90;7.2;False;False;1;0;0;0;0;3;2;21;1;19;1;1;0;9;5;0;1;1;0;1;0;0;0
1391056;762;541;DL;90;8.3;False;False;2;2;0;0;0;2;2;39;1;33;3;1;0;9;3;2;2;0;0;0;0;0;0
1391056;733;541;DF;30;6.9;False;True;0;0;0;0;0;0;0;9;0;8;0;0;0;1;0;0;0;0;2;0;0;0;0
1391056;505;541;DF;30;7.2;False;True;0;0;0;0;0;0;0;24;0;24;0;0;0;1;1;0;0;1;0;0;0;0;0
1391056;748;541;M;17;6.6;False;True;0;0;0;0;0;0;0;12;0;12;0;0;0;1;1;0;1;0;0;0;0;0;0
1391056;744;541;M;17;6.3;False;True;0;0;0;0;0;0;0;12;0;11;0;0;0;5;2;1;1;1;0;0;0;0;0
1391056;560905;541;M;11;6.7;False;True;0;0;0;0;0;0;0;5;0;4;0;0;2;3;1;0;0;1;0;0;0;0;0
1391056;47400;541;P;0;0.0;False;True;0;0;0;0;0;0;0;0;0;0;0;0;0;0;0;0;0;0;0;0;0;0;0
1391056;341640;541;DF;0;0.0;False;True;0;0;0;0;0;0;0;0;0;0;0;0;0;0;0;0;0;0;0;0;0;0;0
1391056;736;541;DF;0;0.0;False;True;0;0;0;0;0;0;0;0;0;0;0;0;0;0;0;0;0;0;0;0;0;0;0
1391056;653;541;DF;0;0.0;False;True;0;0;0;0;0;0;0;0;0;0;0;0;0;0;0;0;0;0;0;0;0;0;0
1391056;386306;541;M;0;0.0;False;True;0;0;0;0;0;0;0;0;0;0;0;0;0;0;0;0;0;0;0;0;0;0;0
1391056;449249;541;DL;0;0.0;False;True;0;0;0;0;0;0;0;0;0;0;0;0;0;0;0;0;0;0;0;0;0;0;0
1391056;278;541;DL;0;0.0;False;True;0;0;0;0;0;0;0;0;0;0;0;0;0;0;0;0;0;0;0;0;0;0;0
1391056;47269;548;P;90;6.2;False;False;0;0;0;0;4;0;0;35;0;32;0;0;0;0;0;0;0;0;0;0;0;0;0
1391056;199044;548;DF;90;4.9;False;False;0;0;0;0;0;0;0;45;0;41;0;0;2;11;6;3;3;3;0;0;0;0;0
1391056;405073;548;DF;90;7.2;False;False;0;0;0;0;0;1;1;75;1;70;0;0;0;5;5;0;1;3;2;4;0;0;0
1391056;47314;548;DF;90;6.2;False;False;0;0;0;0;0;0;0;72;0;67;0;0;1;5;3;0;0;2;0;2;0;0;0
1391056;47303;548;DF;90;5.7;False;False;0;0;0;0;0;2;1;39;1;34;0;0;1;2;1;0;0;1;0;1;0;0;0
1391056;2449;548;M;60;7.2;False;False;0;0;0;0;0;1;0;28;0;27;2;1;0;13;9;1;4;1;0;0;0;0;0
1391056;287654;548;M;90;7.3;False;False;0;0;0;0;0;0;0;90;0;87;0;0;1;4;1;0;0;0;2;2;0;0;0
1391056;290106;548;M;73;6.2;False;False;0;0;0;0;0;0;0;15;0;14;5;1;0;6;1;0;0;0;0;0;0;0;0
1391056;930;548;M;90;7.3;False;False;0;0;0;0;0;1;0;60;6;55;1;1;0;5;3;2;1;1;0;0;0;0;0
1391056;365287;548;M;45;6.2;False;False;0;0;0;0;0;0;0;11;0;8;1;1;0;2;1;1;0;0;0;0;0;0;0
1391056;47323;548;DL;60;6.9;True;False;1;1;0;0;0;3;1;10;0;10;0;0;0;4;1;0;1;0;0;0;0;0;0
1391056;925;548;DL;45;6.6;False;True;0;0;0;0;0;0;0;13;1;10;0;0;0;0;0;1;0;0;0;0;0;0;0
1391056;183744;548;M;30;7.0;False;True;0;0;0;0;0;0;0;32;0;27;2;2;0;7;4;1;0;2;0;0;1;0;0
1391056;61774;548;DL;30;6.3;False;True;0;0;0;0;0;0;0;5;0;3;0;0;0;1;0;0;0;0;0;0;0;0;0
1391056;412738;548;DL;17;6.5;False;True;0;0;0;0;0;0;0;4;0;3;1;0;0;1;0;0;0;0;0;0;0;0;0
1391056;189832;548;P;0;0.0;False;True;0;0;0;0;0;0;0;0;0;0;0;0;0;0;0;0;0;0;0;0;0;0;0
1391056;737;548;DF;0;0.0;False;True;0;0;0;0;0;0;0;0;0;0;0;0;0;0;0;0;0;0;0;0;0;0;0
1391056;47298;548;DF;0;0.0;False;True;0;0;0;0;0;0;0;0;0;0;0;0;0;0;0;0;0;0;0;0;0;0;0
1391056;1902;548;DF;0;0.0;False;True;0;0;0;0;0;0;0;0;0;0;0;0;0;0;0;0;0;0;0;0;0;0;0
1391056;23;548;DL;0;0.0;False;True;0;0;0;0;0;0;0;0;0;0;0;0;0;0;0;0;0;0;0;0;0;0;0
1391056;387139;548;DL;0;0.0;False;True;0;0;0;0;0;0;0;0;0;0;0;0;0;0;0;0;0;0;0;0;0;0;0
1391056;469672;548;M;0;0.0;False;True;0;0;0;0;0;0;0;0;0;0;0;0;0;0;0;0;0;0;0;0;0;0;0
1391056;183748;548;DL;0;0.0;False;True;0;0;0;0;0;0;0;0;0;0;0;0;0;0;0;0;0;0;0;0;0;0;0
1391057;47270;531;P;90;6.0;False;False;0;0;0;0;1;0;0;32;0;12;0;0;0;1;1;0;0;0;0;0;0;0;0
1391057;47299;531;DF;66;6.6;False;False;0;0;0;0;0;0;0;25;1;20;3;3;1;11;6;0;0;3;0;2;0;0;0
1391057;183849;531;DF;90;6.5;False;False;0;0;0;0;0;2;0;32;0;27;0;0;0;5;3;1;0;1;0;1;0;0;0
1391057;622;531;DF;90;6.6;False;False;0;0;0;0;0;0;0;45;1;40;0;0;0;4;3;1;0;2;0;1;0;0;0
1391057;47273;531;DF;90;7.2;False;False;0;0;1;0;0;0;0;49;3;39;0;0;1;7;5;1;1;3;0;2;0;0;0
1391057;47007;531;M;66;6.3;False;False;0;0;0;0;0;0;0;39;1;34;0;0;0;9;2;5;0;1;0;1;1;0;0
1391057;383780;531;M;61;7.7;False;False;1;0;0;0;0;2;2;22;0;13;3;1;1;13;6;1;1;3;0;1;0;0;0
1391057;286593;531;M;45;6.5;False;False;0;0;0;0;0;0;0;11;1;10;3;1;0;6;3;1;1;1;0;0;0;0;0
1391057;128398;531;M;89;6.6;False;False;1;1;0;0;0;3;1;26;0;20;1;0;0;6;3;1;1;0;0;0;0;0;0
1391057;47294;531;M;90;5.9;True;False;0;0;0;0;0;1;0;30;1;20;4;0;2;14;2;2;1;0;0;0;0;0;0
1391057;47291;531;DL;90;5.6;False;False;0;0;0;0;0;1;1;11;0;8;0;0;1;15;1;3;0;0;0;0;1;0;0
1391057;84086;531;M;45;6.2;False;True;0;0;0;0;0;0;0;9;1;7;1;0;0;7;2;1;0;2;0;0;0;0;0
1391057;332309;531;M;29;6.7;False;True;0;0;0;0;0;0;0;12;0;6;0;0;0;6;3;3;0;2;0;1;1;0;0
1391057;182181;531;DF;24;7.2;False;True;0;0;0;0;0;0;0;7;1;7;1;0;0;6;4;0;0;2;0;1;0;0;0
1391057;47418;531;M;24;6.6;False;True;0;0;0;0;0;0;0;11;0;7;0;0;0;2;2;0;1;0;0;1;0;0;0
1391057;332308;531;M;1;0.0;False;True;0;0;0;0;0;0;0;1;0;1;0;0;0;1;0;0;0;0;0;0;0;0;0
1391057;312468;531;P;0;0.0;False;True;0;0;0;0;0;0;0;0;0;0;0;0;0;0;0;0;0;0;0;0;0;0;0
1391057;336998;531;DF;0;0.0;False;True;0;0;0;0;0;0;0;0;0;0;0;0;0;0;0;0;0;0;0;0;0;0;0
1391057;47276;531;DF;0;0.0;False;True;0;0;0;0;0;0;0;0;0;0;0;0;0;0;0;0;0;0;0;0;0;0;0
1391057;407677;531;DF;0;0.0;False;True;0;0;0;0;0;0;0;0;0;0;0;0;0;0;0;0;0;0;0;0;0;0;0
1391057;568156;531;M;0;0.0;False;True;0;0;0;0;0;0;0;0;0;0;0;0;0;0;0;0;0;0;0;0;0;0;0
1391057;183776;531;DL;0;0.0;False;True;0;0;0;0;0;0;0;0;0;0;0;0;0;0;0;0;0;0;0;0;0;0;0
1391057;46673;718;P;90;6.0;False;False;0;0;0;2;2;0;0;47;0;28;0;0;0;1;1;0;1;0;0;0;0;0;0
1391057;46657;718;DF;81;6.7;False;False;0;0;0;0;0;0;0;34;0;25;1;0;0;10;8;1;3;3;0;2;0;0;0
1391057;885;718;DF;90;7.0;False;False;0;0;0;0;0;0;0;64;0;53;2;2;0;12;10;1;2;1;0;2;0;0;0
1391057;41970;718;DF;90;6.6;False;False;0;0;0;0;0;0;0;75;2;58;0;0;0;4;3;1;0;1;1;2;0;0;0
1391057;182636;718;DF;90;6.3;False;False;0;0;0;0;0;1;0;30;0;26;0;0;3;11;6;2;2;2;0;1;0;0;0
1391057;3608;718;M;65;6.6;False;False;0;0;0;0;0;0;0;23;0;16;0;0;0;6;4;1;0;3;0;2;0;0;0
1391057;30927;718;M;81;6.5;True;False;0;0;0;0;0;0;0;32;0;28;0;0;0;3;2;0;2;0;1;6;1;0;0
1391057;20844;718;M;57;6.7;False;False;0;0;0;0;0;1;0;14;0;10;2;1;0;5;2;0;0;1;0;0;0;0;0
1391057;182486;718;M;65;6.9;False;False;0;0;0;0;0;0;0;21;0;16;0;0;1;8;6;1;3;1;0;0;0;0;0
1391057;266202;718;M;90;7.3;False;False;1;0;0;0;0;2;1;22;1;15;5;1;1;18;8;0;2;4;0;0;0;0;0
1391057;51530;718;DL;90;6.9;False;False;0;0;1;0;0;1;0;16;1;10;2;1;0;20;9;0;1;3;1;0;0;0;0
1391057;362750;718;DL;33;6.2;False;True;0;0;0;0;0;1;0;8;0;7;4;1;0;7;1;1;0;0;0;0;1;0;0
1391057;30690;718;M;25;6.6;False;True;0;0;0;0;0;0;0;31;0;23;0;0;0;5;4;0;0;2;0;0;0;0;0
1391057;1695;718;M;25;6.7;False;True;0;0;0;0;0;0;0;18;0;14;0;0;0;3;3;0;1;1;0;0;0;0;0
1391057;131548;718;DF;9;6.6;False;True;0;0;0;0;0;0;0;6;1;6;0;0;0;0;0;0;0;0;0;0;0;0;0
1391057;184194;718;DL;9;6.5;False;True;0;0;0;0;0;1;0;3;0;1;0;0;0;0;0;0;0;0;0;0;0;0;0
1391057;42642;718;P;0;0.0;False;True;0;0;0;0;0;0;0;0;0;0;0;0;0;0;0;0;0;0;0;0;0;0;0
1391057;46966;718;DF;0;0.0;False;True;0;0;0;0;0;0;0;0;0;0;0;0;0;0;0;0;0;0;0;0;0;0;0
1391057;295223;718;DF;0;0.0;False;True;0;0;0;0;0;0;0;0;0;0;0;0;0;0;0;0;0;0;0;0;0;0;0
1391057;38699;718;M;0;0.0;False;True;0;0;0;0;0;0;0;0;0;0;0;0;0;0;0;0;0;0;0;0;0;0;0
1391057;600938;718;M;0;0.0;False;True;0;0;0;0;0;0;0;0;0;0;0;0;0;0;0;0;0;0;0;0;0;0;0
1391057;2922;718;M;0;0.0;False;True;0;0;0;0;0;0;0;0;0;0;0;0;0;0;0;0;0;0;0;0;0;0;0
1391057;197513;718;DL;0;0.0;False;True;0;0;0;0;0;0;0;0;0;0;0;0;0;0;0;0;0;0;0;0;0;0;0
1391058;557;536;P;90;6.3;False;False;0;0;0;0;1;0;0;28;0;8;0;0;0;1;1;0;0;0;0;1;0;0;0
1391058;133110;536;DF;70;7.0;False;False;0;0;0;0;0;0;0;11;1;7;1;1;1;7;5;0;2;1;0;1;0;0;0
1391058;1489;536;DF;90;6.7;True;False;0;0;0;0;0;0;0;19;0;13;0;0;0;8;3;4;1;2;2;2;1;0;0
1391058;297311;536;DF;90;6.3;False;False;0;0;0;0;0;0;0;22;1;16;0;0;0;13;5;3;1;2;0;2;0;0;0
1391058;2280;536;M;55;7.0;False;False;0;0;0;0;0;0;0;11;0;9;0;0;0;3;3;0;0;2;0;0;0;0;0
1391058;182772;536;M;16;3.0;False;False;0;0;0;0;0;0;0;5;0;4;0;0;0;3;0;2;0;0;0;0;2;1;0
1391058;21004;536;M;81;6.7;False;False;0;0;0;0;0;0;0;23;0;17;0;0;1;8;3;2;1;1;0;2;0;0;0
1391058;957;536;M;61;7.6;False;False;1;0;0;0;0;1;1;12;0;9;1;1;0;1;1;0;0;0;0;1;0;0;0
1391058;11421;536;M;90;6.7;False;False;0;0;0;0;0;0;0;22;0;11;0;0;1;8;4;1;1;3;0;3;0;0;0
1391058;19364;536;DL;70;6.6;False;False;0;0;0;0;0;0;0;8;1;4;3;1;1;9;5;1;3;1;1;0;0;0;0
1391058;57446;536;DL;81;6.3;False;False;0;0;0;0;0;2;1;13;0;9;0;0;0;12;4;0;0;1;1;0;0;0;0
1391058;195923;536;DF;35;6.2;False;True;0;0;0;0;0;0;0;5;0;2;0;0;1;3;0;1;0;0;0;0;0;0;0
1391058;21087;536;M;29;6.3;False;True;0;0;0;0;0;0;0;4;0;3;0;0;0;1;0;1;0;0;0;3;1;0;0
1391058;39121;536;DL;20;6.2;False;True;0;0;0;0;0;0;0;3;0;1;0;0;0;2;0;0;0;0;0;0;0;0;0
1391058;185398;536;DL;20;6.3;False;True;0;0;0;0;0;0;0;7;0;6;0;0;0;3;1;0;1;0;0;0;0;0;0
1391058;125331;536;DF;9;6.6;False;True;0;0;0;0;0;0;0;1;0;1;0;0;0;1;1;0;0;0;0;0;0;0;0
1391058;162126;536;DL;9;6.5;False;True;0;0;0;0;0;0;0;3;0;2;0;0;0;1;0;1;0;0;0;0;1;0;0
1391058;19172;536;P;0;0.0;False;True;0;0;0;0;0;0;0;0;0;0;0;0;0;0;0;0;0;0;0;0;0;0;0
1391058;41208;536;DF;0;0.0;False;True;0;0;0;0;0;0;0;0;0;0;0;0;0;0;0;0;0;0;0;0;0;0;0
1391058;546798;536;DL;0;0.0;False;True;0;0;0;0;0;0;0;0;0;0;0;0;0;0;0;0;0;0;0;0;0;0;0
1391058;47389;536;M;0;0.0;False;True;0;0;0;0;0;0;0;0;0;0;0;0;0;0;0;0;0;0;0;0;0;1;0
1391058;331607;536;M;0;0.0;False;True;0;0;0;0;0;0;0;0;0;0;0;0;0;0;0;0;0;0;0;0;0;0;0
1391058;910;536;DL;0;0.0;False;True;0;0;0;0;0;0;0;0;0;0;0;0;0;0;0;0;0;0;0;0;0;0;0
1391058;47353;542;P;90;6.3;False;False;0;0;0;1;1;0;0;15;0;12;0;0;0;0;0;0;0;0;0;0;0;0;0
1391058;6233;542;DF;90;6.5;False;False;0;0;0;0;0;0;0;63;1;54;0;0;0;5;1;2;0;0;0;1;0;0;0
1391058;6638;542;DF;90;6.9;False;False;0;0;0;0;0;1;0;79;0;74;0;0;0;4;2;2;1;0;0;2;0;0;0
1391058;182546;542;DF;90;7.5;False;False;0;0;0;0;0;0;0;103;0;96;0;0;0;6;4;0;0;1;1;0;0;0;0
1391058;361384;542;DF;90;6.6;False;False;0;0;0;0;0;0;0;43;1;33;0;0;0;6;5;2;3;0;0;1;0;0;0
1391058;266658;542;M;45;6.5;False;False;0;0;0;0;0;0;0;13;0;11;0;0;0;1;1;1;0;0;0;0;0;0;0
1391058;1461;542;M;45;6.7;False;False;0;0;0;0;0;0;0;22;0;17;1;1;0;3;3;0;0;2;0;0;0;0;0
1391058;162686;542;M;45;6.5;True;False;0;0;0;0;0;0;0;45;0;37;0;0;2;5;2;0;1;1;0;0;0;0;0
1391058;143;542;M;84;6.3;False;False;0;0;1;0;0;2;0;40;2;39;0;0;1;5;0;2;0;0;0;2;0;0;0
1391058;47181;542;DL;90;8.3;False;False;1;0;0;0;0;3;1;22;1;12;0;0;0;16;11;2;2;0;0;0;0;0;0
1391058;608;542;DL;90;6.3;False;False;0;0;0;0;0;1;0;16;0;13;2;2;0;18;9;1;6;0;0;0;0;0;0
1391058;139001;542;M;45;6.9;False;True;0;0;0;0;0;1;0;39;1;36;1;1;0;3;2;0;0;0;0;0;0;0;0
1391058;47309;542;M;45;6.7;False;True;0;0;0;0;0;0;0;46;0;41;0;0;0;2;1;0;0;0;0;2;0;0;0
1391058;551366;542;DF;45;6.9;False;True;0;0;0;0;0;0;0;20;0;15;1;1;0;7;5;1;2;2;0;0;0;0;0
1391058;104821;542;M;19;6.6;False;True;0;0;0;0;0;0;0;3;0;3;0;0;0;3;2;0;1;1;0;0;0;0;0
1391058;46987;542;P;0;0.0;False;True;0;0;0;0;0;0;0;0;0;0;0;0;0;0;0;0;0;0;0;0;0;0;0
1391058;128951;542;DF;0;0.0;False;True;0;0;0;0;0;0;0;0;0;0;0;0;0;0;0;0;0;0;0;0;0;0;0
1391058;183751;542;DL;0;0.0;False;True;0;0;0;0;0;0;0;0;0;0;0;0;0;0;0;0;0;0;0;0;0;0;0
1391058;330440;542;DL;0;0.0;False;True;0;0;0;0;0;0;0;0;0;0;0;0;0;0;0;0;0;0;0;0;0;0;0
1391059;47353;542;P;90;6.5;False;False;0;0;0;3;2;0;0;22;0;12;0;0;1;1;0;0;0;0;0;0;0;0;0
1391059;18740;542;DF;90;6.7;False;False;0;0;0;0;0;0;0;53;0;46;1;1;2;12;7;3;2;4;0;1;0;0;0
1391059;6233;542;DF;90;6.9;False;False;0;0;0;0;0;2;2;47;0;43;1;0;1;7;3;0;0;1;1;1;0;0;0
1391059;128951;542;DF;90;7.0;False;False;0;0;1;0;0;0;0;43;3;41;0;0;0;5;2;2;0;0;1;0;0;0;0
1391059;361384;542;DF;90;7.6;False;False;0;0;1;0;0;1;0;40;3;33;2;2;0;7;5;2;0;2;0;0;1;0;0
1391059;551366;542;M;76;6.2;False;False;0;0;0;0;0;1;0;32;0;24;3;0;1;7;1;0;0;1;0;0;0;0;0
1391059;139001;542;M;76;6.6;False;False;0;0;0;0;0;2;1;41;0;33;3;2;1;7;4;0;0;2;1;0;0;0;0
1391059;162686;542;M;88;7.2;True;False;0;0;0;0;0;1;1;43;1;37;1;1;1;12;8;3;1;3;0;4;0;0;0
1391059;143;542;M;88;5.9;False;False;0;0;0;0;0;1;0;30;3;23;0;0;5;10;2;0;0;2;0;0;0;0;0
1391059;47181;542;DL;90;6.2;False;False;0;0;0;0;0;3;0;20;1;9;1;1;0;10;4;3;1;1;0;0;1;0;0
1391059;608;542;DL;90;8.2;False;False;2;0;0;0;0;3;2;13;1;8;4;2;1;21;7;2;1;1;1;2;0;0;0
1391059;266658;542;M;14;6.6;False;True;0;0;0;0;0;0;0;8;0;7;0;0;0;1;0;2;0;0;0;0;0;0;0
1391059;1461;542;M;14;6.7;False;True;0;0;0;0;0;0;0;14;0;12;0;0;1;3;1;1;0;1;0;0;0;0;0
1391059;47309;542;M;12;6.7;False;True;0;0;0;0;0;0;0;9;0;8;0;0;0;1;0;0;0;0;0;0;0;0;0
1391059;330440;542;DL;12;6.6;False;True;0;0;0;0;0;0;0;2;0;2;0;0;1;3;2;0;0;2;0;0;0;0;0
1391059;46987;542;P;0;0.0;False;True;0;0;0;0;0;0;0;0;0;0;0;0;0;0;0;0;0;0;0;0;0;0;0
1391059;377215;542;P;0;0.0;False;True;0;0;0;0;0;0;0;0;0;0;0;0;0;0;0;0;0;0;0;0;0;0;0
1391059;6638;542;DF;0;0.0;False;True;0;0;0;0;0;0;0;0;0;0;0;0;0;0;0;0;0;0;0;0;0;0;0
1391059;182546;542;DF;0;0.0;False;True;0;0;0;0;0;0;0;0;0;0;0;0;0;0;0;0;0;0;0;0;0;0;0
1391059;183751;542;DL;0;0.0;False;True;0;0;0;0;0;0;0;0;0;0;0;0;0;0;0;0;0;0;0;0;0;0;0
1391059;6085;542;M;0;0.0;False;True;0;0;0;0;0;0;0;0;0;0;0;0;0;0;0;0;0;0;0;0;0;0;0
1391059;104821;542;M;0;0.0;False;True;0;0;0;0;0;0;0;0;0;0;0;0;0;0;0;0;0;0;0;0;0;0;0
1391059;182784;542;DL;0;0.0;False;True;0;0;0;0;0;0;0;0;0;0;0;0;0;0;0;0;0;0;0;0;0;0;0
1391059;158;547;P;90;6.7;False;False;0;0;0;4;2;0;0;34;0;22;0;0;0;2;2;0;1;0;0;0;0;0;0
1391059;313025;547;DF;90;6.3;False;False;0;0;0;0;0;0;0;50;1;41;2;1;0;10;6;0;2;2;0;0;0;0;0
1391059;414359;547;DF;90;6.6;False;False;0;0;0;0;0;0;0;45;1;38;0;0;0;9;7;1;0;3;0;1;0;0;0
1391059;531;547;DF;90;7.0;False;False;0;0;0;0;0;0;0;90;0;77;0;0;0;8;6;0;2;2;1;5;0;0;0
1391059;283668;547;DF;90;6.3;True;False;0;0;0;0;0;0;0;42;0;34;0;0;2;4;2;0;0;1;1;2;0;0;0
1391059;2182;547;M;84;8.2;False;False;1;0;0;0;0;1;1;31;4;26;2;2;2;9;5;0;3;0;0;0;0;0;0
1391059;45;547;M;61;6.6;False;False;0;0;0;0;0;0;0;26;0;22;1;1;1;7;5;0;2;2;0;1;0;0;0
1391059;20;547;M;90;6.9;False;False;0;0;1;0;0;2;1;66;1;60;2;1;3;12;5;2;2;1;0;1;0;0;0
1391059;1700;547;M;61;6.3;False;False;0;0;0;0;0;1;1;40;0;35;2;1;1;9;3;0;1;1;1;0;0;0;0
1391059;2061;547;M;84;6.5;False;False;0;0;0;0;0;0;0;39;1;35;3;2;0;11;5;1;2;1;0;1;0;0;0
1391059;161670;547;DL;68;6.9;False;False;1;0;0;0;0;1;1;10;0;9;1;0;0;2;0;0;0;0;0;0;0;0;0
1391059;414385;547;M;29;7.0;False;True;0;0;0;0;0;0;0;13;1;11;4;3;0;8;5;1;0;2;0;0;1;0;0
1391059;47435;547;M;29;6.9;False;True;0;0;0;0;0;0;0;27;0;25;1;1;0;3;3;0;1;1;0;0;1;0;0
1391059;129678;547;M;22;6.9;False;True;0;0;1;0;0;1;1;19;1;18;3;2;0;6;4;0;1;1;0;1;0;0;0
1391059;162434;547;DF;16;6.3;False;True;0;0;0;0;0;0;0;5;0;3;1;1;1;3;1;0;0;0;0;0;0;0;0
1391059;2617;547;DL;16;6.3;False;True;0;0;0;0;0;0;0;3;0;1;0;0;0;5;2;1;0;1;0;0;0;0;0
1391059;47426;547;P;0;0.0;False;True;0;0;0;0;0;0;0;0;0;0;0;0;0;0;0;0;0;0;0;0;0;0;0
1391059;432476;547;P;0;0.0;False;True;0;0;0;0;0;0;0;0;0;0;0;0;0;0;0;0;0;0;0;0;0;0;0
1391059;47334;547;DF;0;0.0;False;True;0;0;0;0;0;0;0;0;0;0;0;0;0;0;0;0;0;0;0;0;0;0;0
1391059;551459;547;M;0;0.0;False;True;0;0;0;0;0;0;0;0;0;0;0;0;0;0;0;0;0;0;0;0;0;0;0
1391059;155;547;DL;0;0.0;False;True;0;0;0;0;0;0;0;0;0;0;0;0;0;0;0;0;0;0;0;0;0;0;0
1391060;47270;531;P;90;6.9;False;False;0;0;0;1;1;0;0;29;0;18;0;0;0;0;0;0;0;0;0;0;0;0;0
1391060;47276;531;DF;80;5.6;False;False;0;0;0;0;0;0;0;31;0;24;2;0;0;9;1;4;0;1;0;1;1;0;0
1391060;47278;531;DF;90;6.9;False;False;0;0;0;0;0;0;0;33;1;28;0;0;0;11;5;1;0;4;0;3;0;0;0
1391060;622;531;DF;90;7.3;False;False;0;0;0;0;0;0;0;38;1;30;1;1;0;12;7;1;1;3;0;3;0;0;0
1391060;47273;531;DF;90;8.6;False;False;0;0;1;0;0;0;0;46;4;42;3;1;0;11;8;0;3;2;0;2;0;0;0
1391060;47007;531;M;90;7.0;False;False;0;0;0;0;0;0;0;43;2;30;2;0;0;10;5;0;1;2;0;1;0;0;0
1391060;332309;531;M;70;6.5;False;False;0;0;0;0;0;1;1;17;0;14;2;0;0;7;2;1;0;1;0;1;0;0;0
1391060;332308;531;M;70;6.2;False;False;0;0;0;0;0;1;0;15;2;10;2;1;2;10;2;4;0;1;0;0;1;0;0
1391060;128398;531;M;75;6.3;False;False;0;0;0;0;0;3;2;20;2;15;0;0;1;9;3;2;2;1;0;0;0;0;0
1391060;47294;531;M;80;6.2;True;False;0;0;0;0;0;2;1;12;0;8;2;0;1;7;2;0;1;1;0;0;0;0;0
1391060;47291;531;DL;90;7.5;False;False;2;1;0;0;0;4;3;21;1;9;2;0;1;14;4;4;1;0;0;2;0;0;0
1391060;47418;531;M;20;6.7;False;True;0;0;0;0;0;0;0;10;0;7;0;0;1;2;1;0;0;0;0;0;0;0;0
1391060;560978;531;M;20;6.3;False;True;0;0;0;0;0;0;0;10;0;9;0;0;0;1;0;1;0;0;0;0;1;0;0
1391060;84086;531;M;15;6.7;False;True;0;0;0;0;0;0;0;9;0;8;0;0;0;1;0;0;0;0;0;1;0;0;0
1391060;182181;531;DF;10;6.9;False;True;0;0;0;0;0;0;0;8;1;6;0;0;0;3;2;0;0;1;0;0;0;0;0
1391060;183776;531;DL;10;6.3;False;True;0;0;0;0;0;1;1;6;0;6;0;0;0;1;0;0;0;0;0;0;0;0;0
1391060;312468;531;P;0;0.0;False;True;0;0;0;0;0;0;0;0;0;0;0;0;0;0;0;0;0;0;0;0;0;0;0
1391060;47299;531;DF;0;0.0;False;True;0;0;0;0;0;0;0;0;0;0;0;0;0;0;0;0;0;0;0;0;0;0;0
1391060;183849;531;DF;0;0.0;False;True;0;0;0;0;0;0;0;0;0;0;0;0;0;0;0;0;0;0;0;0;0;0;0
1391060;336998;531;DF;0;0.0;False;True;0;0;0;0;0;0;0;0;0;0;0;0;0;0;0;0;0;0;0;0;0;0;0
1391060;407677;531;DF;0;0.0;False;True;0;0;0;0;0;0;0;0;0;0;0;0;0;0;0;0;0;0;0;0;0;0;0
1391060;286593;531;DL;0;0.0;False;True;0;0;0;0;0;0;0;0;0;0;0;0;0;0;0;0;0;0;0;0;0;0;0
1391060;568156;531;M;0;0.0;False;True;0;0;0;0;0;0;0;0;0;0;0;0;0;0;0;0;0;0;0;0;0;0;0
1391060;11346;797;P;90;7.9;False;False;0;0;0;6;2;0;0;71;0;45;0;0;0;1;1;0;1;0;0;0;0;0;0
1391060;157146;797;DF;75;6.7;False;False;0;0;0;0;0;0;0;34;0;29;1;0;0;3;2;0;0;2;1;0;0;0;0
1391060;162058;797;DF;90;6.9;False;False;0;0;0;0;0;0;0;61;0;55;1;1;0;13;8;3;1;3;1;2;0;0;0
1391060;47378;797;DF;89;6.2;True;False;0;0;0;0;0;0;0;57;0;45;0;0;1;7;4;1;2;1;2;0;1;0;0
1391060;187318;797;M;90;6.9;False;False;0;0;0;0;0;0;0;40;0;33;0;0;0;4;4;0;2;2;1;1;0;0;0
1391060;47182;797;M;75;6.3;False;False;0;0;0;0;0;0;0;26;0;18;0;0;1;7;2;3;0;1;1;3;0;0;0
1391060;318592;797;M;90;6.9;False;False;0;0;0;0;0;1;1;30;0;25;2;1;1;7;4;0;0;2;0;1;1;0;0
1391060;46711;797;M;90;6.2;False;False;0;0;0;0;0;0;0;29;0;25;2;0;0;9;5;1;5;0;0;3;1;0;0
1391060;161963;797;M;81;7.3;False;False;0;0;0;0;0;0;0;30;0;22;2;1;0;9;7;0;5;0;0;1;0;0;0
1391060;343202;797;DL;75;7.2;False;False;0;0;0;0;0;0;0;21;0;11;3;1;0;21;13;0;0;2;0;0;0;0;0
1391060;2063;797;DL;90;7.2;False;False;1;1;0;0;0;1;1;24;0;19;1;1;0;9;5;0;1;2;0;0;0;0;0
1391060;446067;797;DF;15;6.3;False;True;0;0;0;0;0;0;0;3;0;2;2;0;0;7;3;1;0;2;0;1;0;0;0
1391060;126640;797;DF;15;6.7;False;True;0;0;0;0;0;0;0;7;0;5;0;0;0;4;4;0;1;2;0;1;0;0;0
1391060;47013;797;DL;15;6.5;False;True;0;0;0;0;0;0;0;2;0;2;0;0;0;1;0;0;0;0;0;0;0;0;0
1391060;47329;797;DF;9;6.2;False;True;0;0;0;0;0;0;0;3;0;2;2;1;0;3;2;0;0;1;0;0;0;0;0
1391060;439293;797;DL;1;0.0;False;True;0;0;0;0;0;0;0;2;0;0;1;0;0;3;2;0;0;1;0;0;0;0;0
1391060;126;797;P;0;0.0;False;True;0;0;0;0;0;0;0;0;0;0;0;0;0;0;0;0;0;0;0;0;0;0;0
1391060;189866;797;DF;0;0.0;False;True;0;0;0;0;0;0;0;0;0;0;0;0;0;0;0;0;0;0;0;0;0;0;0
1391060;46982;797;M;0;0.0;False;True;0;0;0;0;0;0;0;0;0;0;0;0;0;0;0;0;0;0;0;0;0;0;0
1391060;284415;797;DL;0;0.0;False;True;0;0;0;0;0;0;0;0;0;0;0;0;0;0;0;0;0;0;0;0;0;0;0
1391060;311345;797;M;0;0.0;False;True;0;0;0;0;0;0;0;0;0;0;0;0;0;0;0;0;0;0;0;0;0;0;0
1391060;46973;797;M;0;0.0;False;True;0;0;0;0;0;0;0;0;0;0;0;0;0;0;0;0;0;0;0;0;0;0;0
1391060;271580;797;M;0;0.0;False;True;0;0;0;0;0;0;0;0;0;0;0;0;0;0;0;0;0;0;0;0;0;0;0
1391061;29;530;P;90;5.9;True;False;0;0;0;0;2;0;0;24;0;17;0;0;0;0;0;0;0;0;0;0;0;0;0
1391061;753;530;DF;74;7.7;False;False;0;0;1;0;0;0;0;64;2;56;0;0;0;1;1;0;0;0;1;0;0;0;0
1391061;295793;530;DF;90;7.2;False;False;0;0;0;0;0;0;0;98;1;86;0;0;0;8;7;0;1;0;0;2;0;0;0
1391061;30399;530;DF;90;7.2;False;False;0;0;0;0;0;1;1;88;0;85;0;0;0;4;2;1;0;0;1;2;0;0;0
1391061;162012;530;DF;90;8.3;False;False;0;0;2;0;0;1;0;61;3;54;3;2;1;9;5;0;0;1;0;1;0;0;0
1391061;323935;530;M;84;7.6;False;False;1;0;0;0;0;1;1;60;0;47;3;2;0;6;4;1;1;1;0;0;0;0;0
1391061;133185;530;M;90;7.5;False;False;0;0;0;0;0;0;0;65;0;56;1;1;0;12;9;2;2;5;0;3;0;0;0
1391061;182219;530;M;61;7.3;False;False;0;0;1;0;0;2;0;32;5;26;1;0;3;7;2;0;2;0;0;1;0;0;0
1391061;18767;530;M;61;6.9;False;False;1;0;0;0;0;2;1;13;0;11;1;0;0;2;0;1;0;0;0;1;0;0;0
1391061;56;530;DL;74;6.9;False;False;0;0;0;0;0;4;3;52;2;43;1;0;1;4;1;1;0;1;0;1;0;0;0
1391061;8492;530;DL;90;8.9;False;False;2;0;0;0;0;3;2;31;1;26;0;0;0;10;4;0;1;0;0;0;0;0;0
1391061;50;530;M;29;6.9;False;True;0;0;0;0;0;0;0;31;1;30;1;1;0;3;2;1;0;1;0;1;0;0;0
1391061;6009;530;DL;29;6.5;False;True;0;0;0;0;0;0;0;9;0;7;0;0;0;1;0;0;0;0;0;0;0;0;0
1391061;6503;530;DF;16;6.7;False;True;0;0;0;0;0;0;0;16;0;12;0;0;0;2;1;1;0;1;1;0;0;0;0
1391061;6067;530;M;16;6.7;False;True;0;0;0;0;0;1;1;13;1;11;0;0;1;2;1;0;1;0;0;0;0;0;0
1391061;47301;530;DF;12;6.6;False;True;0;0;0;0;0;0;0;5;0;4;0;0;0;0;0;0;0;0;0;0;0;0;0
1391061;189997;530;P;0;0.0;False;True;0;0;0;0;0;0;0;0;0;0;0;0;0;0;0;0;0;0;0;0;0;0;0
1391061;2465;530;P;0;0.0;False;True;0;0;0;0;0;0;0;0;0;0;0;0;0;0;0;0;0;0;0;0;0;0;0
1391061;31;530;DF;0;0.0;False;True;0;0;0;0;0;0;0;0;0;0;0;0;0;0;0;0;0;0;0;0;0;0;0
1391061;133;530;DF;0;0.0;False;True;0;0;0;0;0;0;0;0;0;0;0;0;0;0;0;0;0;0;0;0;0;0;0
1391061;313383;530;M;0;0.0;False;True;0;0;0;0;0;0;0;0;0;0;0;0;0;0;0;0;0;0;0;0;0;0;0
1391061;2813;540;P;90;7.5;False;False;0;0;0;4;4;0;0;28;0;13;0;0;0;1;1;0;1;0;0;0;0;0;0
1391061;286601;540;DF;90;5.9;False;False;0;0;0;0;0;0;0;43;0;31;1;1;0;5;2;1;0;1;1;2;0;0;0
1391061;282054;540;DF;57;6.3;False;False;0;0;0;0;0;0;0;27;0;22;0;0;0;5;3;2;0;2;0;2;0;0;0
1391061;47478;540;DF;90;7.3;False;False;0;0;0;0;0;0;0;47;0;44;1;0;0;6;4;0;0;2;2;1;0;0;0
1391061;47249;540;DF;90;5.9;True;False;0;0;0;0;0;0;0;38;0;29;0;0;0;3;2;1;0;2;0;2;0;0;0
1391061;184420;540;DF;90;5.5;False;False;0;0;0;0;0;0;0;33;0;24;2;1;2;4;1;0;0;0;0;3;0;0;0
1391061;273732;540;M;70;6.9;False;False;0;0;0;0;0;0;0;18;1;17;1;1;1;6;4;0;1;1;0;2;0;0;0
1391061;183699;540;M;90;6.3;False;False;0;0;0;0;0;0;0;44;0;34;2;1;0;7;4;1;0;1;0;0;0;0;0
1391061;127426;540;M;70;6.5;False;False;0;0;0;0;0;0;0;45;0;38;0;0;0;3;1;1;1;0;0;2;0;0;0
1391061;182674;540;M;77;6.9;False;False;1;0;0;0;0;2;1;20;0;15;0;0;0;2;0;1;0;0;0;0;0;0;0
1391061;47396;540;DL;70;5.6;False;False;0;0;0;0;0;0;0;23;1;17;1;1;1;14;5;1;1;0;0;0;0;0;0
1391061;187987;540;M;33;6.5;False;True;0;0;0;0;0;0;0;14;0;12;2;1;0;6;3;0;2;0;0;1;0;0;0
1391061;46799;540;M;20;7.9;False;True;1;0;0;0;0;2;1;14;1;10;0;0;0;3;2;0;1;1;0;0;0;0;0
1391061;85;540;DL;20;6.5;False;True;0;0;0;0;0;1;0;8;0;8;1;0;1;2;0;1;0;0;0;1;1;0;0
1391061;312990;540;DL;20;6.5;False;True;0;0;0;0;0;0;0;6;0;5;0;0;0;3;0;0;0;0;1;0;0;0;0
1391061;47398;540;M;13;6.3;False;True;0;0;0;0;0;0;0;7;0;5;0;0;1;1;0;1;0;0;0;0;0;0;0
1391061;182735;540;P;0;0.0;False;True;0;0;0;0;0;0;0;0;0;0;0;0;0;0;0;0;0;0;0;0;0;0;0
1391061;461502;540;P;0;0.0;False;True;0;0;0;0;0;0;0;0;0;0;0;0;0;0;0;0;0;0;0;0;0;0;0
1391061;184407;540;DF;0;0.0;False;True;0;0;0;0;0;0;0;0;0;0;0;0;0;0;0;0;0;0;0;0;0;0;0
1391061;199824;540;DF;0;0.0;False;True;0;0;0;0;0;0;0;0;0;0;0;0;0;0;0;0;0;0;0;0;0;0;0
1391061;47256;540;DF;0;0.0;False;True;0;0;0;0;0;0;0;0;0;0;0;0;0;0;0;0;0;0;0;0;0;0;0
1391061;297742;540;DL;0;0.0;False;True;0;0;0;0;0;0;0;0;0;0;0;0;0;0;0;0;0;0;0;0;0;0;0
1391061;48555;540;M;0;0.0;False;True;0;0;0;0;0;0;0;0;0;0;0;0;0;0;0;0;0;0;0;0;0;0;0
1391062;182718;529;P;90;7.2;False;False;0;0;0;2;0;0;0;19;0;19;0;0;0;0;0;0;0;0;0;0;0;0;0
1391062;1257;529;DF;90;7.0;False;False;0;0;0;0;0;1;0;103;2;99;0;0;0;4;2;1;0;2;0;0;0;0;0
1391062;619;529;DF;90;8.5;False;False;0;0;1;0;0;1;0;120;1;118;0;0;0;4;2;0;1;0;0;0;0;0;0
1391062;181701;529;DF;88;6.9;False;False;0;0;0;0;0;0;0;67;0;62;0;0;0;2;0;2;0;0;0;0;1;0;0
1391062;855;529;DF;90;7.9;False;False;0;0;1;0;0;1;0;69;3;63;7;2;0;13;4;2;1;1;0;2;0;0;0
1391062;433396;529;M;66;8.0;False;False;1;0;0;0;0;1;1;46;0;46;1;1;2;14;8;3;2;3;1;1;1;0;0
1391062;538;529;M;90;10.0;True;False;1;0;0;0;0;1;1;117;4;114;0;0;0;5;4;0;1;3;0;1;0;0;0
1391062;386828;529;M;88;7.2;False;False;0;0;1;0;0;3;0;65;1;60;10;4;1;17;7;2;2;1;0;0;0;0;0
1391062;1323;529;M;66;6.9;False;False;0;0;0;0;0;1;1;36;0;30;0;0;1;4;2;1;1;0;0;0;0;0;0
1391062;1496;529;M;90;7.5;False;False;0;0;0;0;0;3;2;45;3;41;1;1;0;2;2;0;1;0;0;0;0;0;0
1391062;521;529;DL;66;6.7;False;False;0;0;0;0;0;2;1;12;1;11;0;0;0;1;0;0;0;0;0;0;0;0;0
1391062;340626;529;M;24;7.3;False;True;1;0;0;0;0;2;2;22;0;20;0;0;0;1;0;1;0;0;0;0;0;0;0
1391062;133609;529;M;24;6.9;False;True;0;0;0;0;0;0;0;36;1;32;1;1;1;3;1;0;0;0;0;1;0;0;0
1391062;931;529;DL;24;6.0;False;True;0;0;0;0;0;1;1;4;0;4;0;0;0;1;0;0;0;0;0;0;0;0;0
1391062;101814;529;DF;2;0.0;False;True;0;0;0;0;0;0;0;8;0;8;0;0;0;0;0;0;0;0;0;0;0;0;0
1391062;338958;529;DL;2;0.0;False;True;0;0;0;0;0;0;0;1;1;1;1;1;0;2;2;0;1;0;0;0;0;0;0
1391062;383647;529;P;0;0.0;False;True;0;0;0;0;0;0;0;0;0;0;0;0;0;0;0;0;0;0;0;0;0;0;0
1391062;851;529;P;0;0.0;False;True;0;0;0;0;0;0;0;0;0;0;0;0;0;0;0;0;0;0;0;0;0;0;0
1391062;396623;529;DF;0;0.0;False;True;0;0;0;0;0;0;0;0;0;0;0;0;0;0;0;0;0;0;0;0;0;0;0
1391062;161928;529;DF;0;0.0;False;True;0;0;0;0;0;0;0;0;0;0;0;0;0;0;0;0;0;0;0;0;0;0;0
1391062;491086;529;M;0;0.0;False;True;0;0;0;0;0;0;0;0;0;0;0;0;0;0;0;0;0;0;0;0;0;0;0
1391062;909;529;DL;0;0.0;False;True;0;0;0;0;0;0;0;0;0;0;0;0;0;0;0;0;0;0;0;0;0;0;0
1391062;329728;529;M;0;0.0;False;True;0;0;0;0;0;0;0;0;0;0;0;0;0;0;0;0;0;0;0;0;0;0;0
1391062;2741;539;P;90;7.2;False;False;0;0;0;6;3;0;0;27;0;22;0;0;0;1;1;0;0;0;0;0;0;0;0
1391062;1118;539;DF;88;6.5;False;False;0;0;0;0;0;0;0;23;0;16;0;0;2;10;7;1;1;5;0;0;0;0;0
1391062;734;539;DF;90;6.2;True;False;0;0;0;0;0;0;0;35;0;29;0;0;0;1;1;0;0;1;1;2;0;0;0
1391062;316517;539;DF;90;6.3;False;False;0;0;0;0;0;0;0;35;0;32;0;0;0;2;2;0;1;0;1;1;0;0;0
1391062;64309;539;DF;90;6.7;False;False;0;0;0;0;0;0;0;26;0;21;1;1;4;17;9;3;1;7;0;2;0;0;0
1391062;106727;539;M;90;6.5;False;False;0;0;0;0;0;0;0;22;1;20;0;0;1;2;0;0;0;0;1;0;0;0;0
1391062;46790;539;M;45;6.2;False;False;0;0;0;0;0;0;0;10;0;6;1;0;0;3;2;0;1;1;0;0;0;0;0
1391062;182603;539;M;90;6.6;False;False;0;0;0;0;0;1;1;34;1;24;1;1;1;6;5;0;2;1;1;2;0;0;0
1391062;182770;539;M;84;6.3;False;False;0;0;0;0;0;1;1;24;0;20;1;0;1;11;3;3;3;0;0;1;0;0;0
1391062;579287;539;M;70;6.0;False;False;0;0;0;0;0;1;0;5;0;4;1;0;1;5;0;2;0;0;0;0;1;0;0
1391062;192032;539;DL;70;7.3;False;False;0;0;0;0;0;0;0;17;2;13;3;2;0;8;6;1;2;1;0;1;0;0;0
1391062;463279;539;DL;45;6.7;False;True;0;0;0;0;0;1;0;6;0;6;2;1;0;2;1;0;0;0;0;0;0;0;0
1391062;328139;539;DL;20;6.3;False;True;0;0;0;0;0;0;0;4;0;1;0;0;0;4;2;0;1;1;0;0;0;0;0
1391062;378284;539;DL;20;6.5;False;True;0;0;0;0;0;0;0;1;0;1;0;0;0;1;0;0;0;0;0;0;0;0;0
1391062;128985;539;DL;9;6.6;False;True;0;0;0;0;0;0;0;7;0;5;0;0;0;0;0;0;0;0;1;0;0;0;0
1391062;504605;539;DF;2;0.0;False;True;0;0;0;0;0;0;0;3;0;3;0;0;0;0;0;0;0;0;0;0;0;0;0
1391062;286611;539;P;0;0.0;False;True;0;0;0;0;0;0;0;0;0;0;0;0;0;0;0;0;0;0;0;0;0;0;0
1391062;421807;539;DF;0;0.0;False;True;0;0;0;0;0;0;0;0;0;0;0;0;0;0;0;0;0;0;0;0;0;0;0
1391062;104832;539;DF;0;0.0;False;True;0;0;0;0;0;0;0;0;0;0;0;0;0;0;0;0;0;0;0;0;0;0;0
1391062;182639;539;M;0;0.0;False;True;0;0;0;0;0;0;0;0;0;0;0;0;0;0;0;0;0;0;0;0;0;0;0
1391062;334878;539;M;0;0.0;False;True;0;0;0;0;0;0;0;0;0;0;0;0;0;0;0;0;0;0;0;0;0;0;0
1391062;450497;539;DL;0;0.0;False;True;0;0;0;0;0;0;0;0;0;0;0;0;0;0;0;0;0;0;0;0;0;0;0
1391062;47467;539;DL;0;0.0;False;True;0;0;0;0;0;0;0;0;0;0;0;0;0;0;0;0;0;0;0;0;0;0;0
1391063;46990;543;P;90;6.9;False;False;0;0;0;2;1;0;0;35;0;27;0;0;0;1;1;0;0;0;0;0;0;0;0
1391063;47119;543;DF;69;6.6;True;False;0;0;0;0;0;0;0;20;0;18;2;1;1;11;7;0;1;3;0;1;0;0;0
1391063;47302;543;DF;90;6.0;False;False;0;0;0;0;0;0;0;23;0;21;0;0;2;8;2;2;1;1;0;4;1;0;0
1391063;195100;543;DF;90;6.7;False;False;0;0;0;0;0;0;0;47;0;41;0;0;0;2;1;1;0;1;2;0;0;0;0
1391063;1631;543;DF;70;6.5;False;False;0;0;0;0;0;0;0;27;0;19;0;0;1;5;2;2;0;1;1;0;0;0;0
1391063;1697;543;M;61;6.3;False;False;0;0;0;0;0;0;0;27;1;24;0;0;1;3;0;2;0;0;0;0;1;0;0
1391063;47341;543;M;90;6.6;False;False;0;0;0;0;0;0;0;44;0;40;0;0;1;6;2;2;2;0;0;2;0;0;0
1391063;750;543;M;75;6.9;False;False;0;0;0;0;0;0;0;37;0;36;0;0;2;10;5;1;1;4;0;1;0;0;0
1391063;9971;543;DL;90;7.5;False;False;0;0;0;0;0;2;1;35;1;28;0;0;1;4;2;0;2;0;0;0;0;0;0
1391063;3033;543;DL;45;7.9;False;False;1;0;0;0;0;2;1;14;2;13;1;1;0;7;2;2;1;0;0;0;0;0;0
1391063;181421;543;DL;90;6.9;False;False;0;0;0;0;0;3;1;30;0;26;4;2;3;16;7;0;2;1;0;0;0;0;0
1391063;47582;543;DL;45;6.9;False;True;0;0;0;0;0;2;0;14;1;9;1;1;0;4;3;0;1;1;0;0;0;0;0
1391063;136117;543;M;29;6.9;False;True;0;0;0;0;0;0;0;14;1;12;0;0;0;2;0;0;0;0;0;0;0;0;0
1391063;334574;543;DF;21;7.0;False;True;0;0;0;0;0;0;0;14;1;12;0;0;0;3;2;0;0;2;0;0;0;0;0
1391063;355004;543;DF;20;6.9;False;True;0;0;0;0;0;0;0;15;0;13;0;0;0;3;2;1;0;1;1;0;1;0;0
1391063;300885;543;M;15;7.0;False;True;0;0;0;0;0;0;0;15;0;14;1;1;0;8;5;1;1;2;0;1;1;0;0
1391063;18812;543;P;0;0.0;False;True;0;0;0;0;0;0;0;0;0;0;0;0;0;0;0;0;0;0;0;0;0;0;0
1391063;1557;543;P;0;0.0;False;True;0;0;0;0;0;0;0;0;0;0;0;0;0;0;0;0;0;0;0;0;0;0;0
1391063;1564;543;DF;0;0.0;False;True;0;0;0;0;0;0;0;0;0;0;0;0;0;0;0;0;0;0;0;0;0;0;0
1391063;1561;543;DF;0;0.0;False;True;0;0;0;0;0;0;0;0;0;0;0;0;0;0;0;0;0;0;0;0;0;0;0
1391063;1439;543;DF;0;0.0;False;True;0;0;0;0;0;0;0;0;0;0;0;0;0;0;0;0;0;0;0;0;0;0;0
1391063;286084;543;M;0;0.0;False;True;0;0;0;0;0;0;0;0;0;0;0;0;0;0;0;0;0;0;0;0;0;0;0
1391063;47579;543;DL;0;0.0;False;True;0;0;0;0;0;0;0;0;0;0;0;0;0;0;0;0;0;0;0;0;0;0;0
1391063;11379;728;P;90;7.2;False;False;0;0;0;2;1;0;0;34;0;22;0;0;0;0;0;0;0;0;0;0;0;0;0
1391063;1703;728;DF;90;7.5;False;False;0;0;1;0;0;1;0;54;2;49;5;4;1;13;8;1;1;1;0;2;0;0;0
1391063;18895;728;DF;90;7.2;False;False;0;0;0;0;0;2;2;60;0;53;0;0;1;8;7;0;1;2;1;3;0;0;0
1391063;358431;728;DF;90;6.3;False;False;0;0;0;0;0;0;0;63;0;58;0;0;0;6;3;2;1;2;2;1;1;0;0
1391063;46759;728;DF;89;6.9;False;False;0;0;0;0;0;0;0;41;2;31;4;3;0;9;5;2;1;1;1;3;1;0;0
1391063;47109;728;M;90;6.5;True;False;0;0;0;0;0;0;0;56;1;51;1;0;0;7;3;2;0;1;0;1;0;0;0
1391063;47414;728;M;61;6.6;False;False;0;0;0;0;0;0;0;27;0;25;0;0;0;2;2;0;0;2;1;0;1;0;0
1391063;290740;728;M;89;7.0;False;False;0;0;0;0;0;1;0;31;0;28;7;4;0;14;10;1;6;0;0;0;0;0;0
1391063;131546;728;M;90;7.3;False;False;1;0;0;0;0;1;1;43;3;35;2;0;2;9;3;2;1;2;0;1;0;0;0
1391063;162931;728;M;61;6.2;False;False;0;0;0;0;0;0;0;11;0;10;1;0;1;9;3;2;2;1;0;0;0;0;0
1391063;128582;728;DL;77;6.7;False;False;0;0;0;0;0;1;0;5;0;4;0;0;0;4;3;0;1;1;0;1;0;0;0
1391063;41552;728;M;29;6.2;False;True;0;0;0;0;0;1;0;19;1;18;0;0;0;4;0;1;0;0;0;0;0;0;0
1391063;47543;728;M;29;6.3;False;True;0;0;0;0;0;0;0;11;0;6;2;0;0;4;2;0;0;1;0;0;0;0;0
1391063;181734;728;DF;13;6.6;False;True;0;0;0;0;0;0;0;7;0;7;0;0;0;1;0;0;0;0;0;0;0;0;0
1391063;46887;728;M;8;6.3;False;True;0;0;0;0;0;0;0;3;0;2;1;1;1;3;1;0;0;0;0;0;0;0;0
1391063;122657;728;M;8;6.5;False;True;0;0;0;0;0;0;0;0;0;0;0;0;0;0;0;0;0;0;0;0;0;0;0
1391063;285505;728;P;0;0.0;False;True;0;0;0;0;0;0;0;0;0;0;0;0;0;0;0;0;0;0;0;0;0;0;0
1391063;1847;728;DF;0;0.0;False;True;0;0;0;0;0;0;0;0;0;0;0;0;0;0;0;0;0;0;0;0;0;0;0
1391063;20520;728;DF;0;0.0;False;True;0;0;0;0;0;0;0;0;0;0;0;0;0;0;0;0;0;0;0;0;0;0;0
1391063;47557;728;M;0;0.0;False;True;0;0;0;0;0;0;0;0;0;0;0;0;0;0;0;0;0;0;0;0;0;0;0
1391063;47285;728;M;0;0.0;False;True;0;0;0;0;0;0;0;0;0;0;0;0;0;0;0;0;0;0;0;0;0;0;0
1391063;324750;728;DL;0;0.0;False;True;0;0;0;0;0;0;0;0;0;0;0;0;0;0;0;0;0;0;0;0;0;0;0
1391063;91745;728;DL;0;0.0;False;True;0;0;0;0;0;0;0;0;0;0;0;0;0;0;0;0;0;0;0;0;0;0;0
1391064;30765;538;P;90;6.3;False;False;0;0;0;0;0;0;0;16;0;12;0;0;0;0;0;0;0;0;0;0;0;0;0
1391064;384135;538;DF;90;7.7;False;False;0;0;0;0;0;0;0;71;0;65;0;0;0;4;4;0;3;1;0;1;0;0;0
1391064;1926;538;DF;90;7.2;False;False;0;0;0;0;0;0;0;65;0;63;0;0;0;3;1;0;0;1;0;1;0;0;0
1391064;2278;538;DF;90;7.5;True;False;0;0;0;0;0;2;1;85;1;80;1;1;0;5;3;1;1;0;0;1;0;0;0
1391064;179955;538;M;79;6.6;False;False;0;0;0;0;0;1;0;27;0;22;1;1;1;5;3;1;1;1;0;2;0;0;0
1391064;333502;538;M;90;6.6;False;False;0;0;0;0;0;0;0;55;1;49;2;1;0;3;1;0;0;0;0;0;0;0;0
1391064;211;538;M;69;6.9;False;False;0;0;0;0;0;1;0;40;0;30;0;0;1;9;5;2;0;3;0;2;0;0;0
1391064;329720;538;M;90;7.2;False;False;0;0;0;0;0;0;0;50;6;48;3;1;1;9;2;2;1;0;0;1;0;0;0
1391064;391822;538;DL;69;6.9;False;False;0;0;0;0;0;1;0;31;1;25;1;0;0;4;2;1;1;0;0;0;0;0;0
1391064;122734;538;DL;68;6.2;False;False;0;0;0;0;0;1;0;15;0;10;1;0;0;5;1;2;0;1;0;0;0;0;0
1391064;320517;538;DL;44;6.3;False;False;0;0;0;0;0;1;1;16;1;9;1;0;0;4;1;0;1;0;0;0;0;0;0
1391064;269163;538;M;46;6.9;False;True;0;0;1;0;0;0;0;13;1;9;1;0;1;6;2;1;0;1;0;0;0;0;0
1391064;47348;538;DL;22;7.3;False;True;0;0;0;0;0;2;2;5;1;2;0;0;0;4;3;1;1;1;0;0;1;0;0
1391064;162123;538;M;21;6.9;False;True;0;0;0;0;0;0;0;15;0;14;0;0;0;7;3;0;1;2;0;0;0;0;0
1391064;47445;538;DL;21;9.0;False;True;2;1;0;0;0;2;2;14;2;9;0;0;0;0;0;0;0;0;0;1;0;0;0
1391064;351913;538;DL;11;6.9;False;True;0;0;0;0;0;3;1;4;0;3;0;0;0;1;1;0;0;1;0;1;0;0;0
1391064;47427;538;P;0;0.0;False;True;0;0;0;0;0;0;0;0;0;0;0;0;0;0;0;0;0;0;0;0;0;0;0
1391064;47988;538;DF;0;0.0;False;True;0;0;0;0;0;0;0;0;0;0;0;0;0;0;0;0;0;0;0;0;0;0;0
1391064;286559;538;DF;0;0.0;False;True;0;0;0;0;0;0;0;0;0;0;0;0;0;0;0;0;0;0;0;0;0;0;0
1391064;21584;538;DF;0;0.0;False;True;0;0;0;0;0;0;0;0;0;0;0;0;0;0;0;0;0;0;0;0;0;0;0
1391064;182638;538;DF;0;0.0;False;True;0;0;0;0;0;0;0;0;0;0;0;0;0;0;0;0;0;0;0;0;0;0;0
1391064;162712;538;DF;0;0.0;False;True;0;0;0;0;0;0;0;0;0;0;0;0;0;0;0;0;0;0;0;0;0;0;0
1391064;157988;538;DF;0;0.0;False;True;0;0;0;0;0;0;0;0;0;0;0;0;0;0;0;0;0;0;0;0;0;0;0
1391064;179139;798;P;90;7.3;False;False;0;0;0;4;2;0;0;46;0;28;0;0;0;1;0;0;0;0;0;0;0;0;0
1391064;26302;798;DF;90;7.7;False;False;0;0;0;0;0;0;0;45;0;36;1;1;0;5;4;1;1;2;2;0;0;0;0
1391064;46733;798;DF;90;6.3;True;False;0;0;0;0;0;1;0;59;0;54;0;0;0;9;6;1;2;1;4;0;1;0;0
1391064;46738;798;DF;90;6.2;False;False;0;0;0;0;0;0;0;48;0;43;0;0;0;0;0;0;0;0;0;1;0;0;0
1391064;920;798;DF;68;6.3;False;False;0;0;0;0;0;0;0;22;0;18;1;1;0;3;1;1;0;0;0;0;1;0;0
1391064;190485;798;M;90;6.9;False;False;0;0;0;0;0;0;0;53;0;39;3;1;0;20;13;1;4;4;0;1;0;0;0
1391064;414;798;M;68;7.0;False;False;0;0;0;0;0;0;0;33;0;30;1;1;1;6;4;1;0;3;0;0;1;0;0
1391064;107194;798;M;86;6.7;False;False;0;0;0;0;0;0;0;20;0;14;0;0;2;9;4;0;2;1;1;1;0;0;0
1391064;47336;798;M;90;6.5;False;False;0;0;0;0;0;0;0;15;1;12;1;0;0;2;0;1;0;0;0;1;0;0;0
1391064;491248;798;M;77;6.5;False;False;0;0;0;0;0;0;0;14;0;11;0;0;1;3;1;0;0;0;0;0;0;0;0
1391064;50048;798;DL;77;6.2;False;False;0;0;0;0;0;0;0;15;0;10;0;0;0;3;1;2;0;0;0;1;1;0;0
1391064;64268;798;DF;22;5.9;False;True;0;0;0;0;0;0;0;5;0;3;1;0;0;2;0;1;0;0;0;0;1;0;0
1391064;1701;798;M;21;6.2;False;True;0;0;0;0;0;0;0;10;0;10;0;0;0;1;0;0;0;0;0;0;0;0;0
1391064;285909;798;M;13;6.5;False;True;0;0;0;0;0;0;0;2;0;2;0;0;0;1;1;0;1;0;0;0;0;0;0
1391064;313059;798;DL;13;6.3;False;True;0;0;0;0;0;0;0;2;0;2;0;0;0;2;1;1;0;0;0;1;0;0;0
1391064;293604;798;DL;13;6.3;False;True;0;0;0;0;0;0;0;3;0;3;0;0;0;2;1;0;0;1;0;0;0;0;0
1391064;152955;798;P;0;0.0;False;True;0;0;0;0;0;0;0;0;0;0;0;0;0;0;0;0;0;0;0;0;0;0;0
1391064;47399;798;P;0;0.0;False;True;0;0;0;0;0;0;0;0;0;0;0;0;0;0;0;0;0;0;0;0;0;0;0
1391064;108519;798;DF;0;0.0;False;True;0;0;0;0;0;0;0;0;0;0;0;0;0;0;0;0;0;0;0;0;0;0;0
1391064;335697;798;DF;0;0.0;False;True;0;0;0;0;0;0;0;0;0;0;0;0;0;0;0;0;0;0;0;0;0;0;0
1391064;405074;798;DL;0;0.0;False;True;0;0;0;0;0;0;0;0;0;0;0;0;0;0;0;0;0;0;0;0;0;0;0
1391064;46751;798;DL;0;0.0;False;True;0;0;0;0;0;0;0;0;0;0;0;0;0;0;0;0;0;0;0;0;0;0;0
1391064;140831;798;DL;0;0.0;False;True;0;0;0;0;0;0;0;0;0;0;0;0;0;0;0;0;0;0;0;0;0;0;0
1391065;557;536;P;90;7.7;False;False;0;0;0;3;0;0;0;23;0;18;0;0;0;0;0;0;0;0;0;0;0;0;0
1391065;2280;536;DF;90;7.3;False;False;0;0;0;0;0;0;0;54;0;47;1;0;0;8;4;0;0;1;0;1;0;0;0
1391065;133110;536;DF;55;6.9;False;False;0;0;0;0;0;1;0;59;0;51;2;1;0;10;5;2;0;1;0;2;1;0;0
1391065;1489;536;DF;90;7.6;True;False;0;0;0;0;0;0;0;90;0;81;0;0;0;5;5;0;0;0;2;1;0;0;0
1391065;297311;536;DF;90;7.2;False;False;0;0;0;0;0;0;0;79;1;65;1;1;0;8;6;0;0;1;0;2;0;0;0
1391065;11421;536;DF;45;6.9;False;False;0;0;0;0;0;0;0;16;1;13;1;1;1;8;5;2;1;3;0;0;0;0;0
1391065;21087;536;M;45;6.3;False;False;0;0;0;0;0;0;0;15;0;12;0;0;0;5;2;1;1;0;0;0;0;0;0
1391065;21004;536;M;90;6.5;False;False;0;0;0;0;0;0;0;52;0;36;0;0;3;14;5;4;0;3;0;2;0;0;0
1391065;957;536;M;90;7.9;False;False;1;0;0;0;0;1;1;53;0;49;0;0;0;1;1;0;0;0;0;1;0;0;0
1391065;19364;536;DL;80;6.3;False;False;0;0;0;0;0;0;0;15;0;11;0;0;0;5;3;2;1;1;0;0;0;0;0
1391065;57446;536;DL;89;6.7;False;False;0;0;1;0;0;0;0;14;1;11;1;1;0;7;3;3;1;0;0;0;0;0;0
1391065;39121;536;DL;45;6.3;False;True;0;0;0;0;0;1;0;21;1;18;4;2;1;6;2;0;0;0;0;0;0;0;0
1391065;2924;536;M;45;6.7;False;True;0;0;0;0;0;1;0;20;1;17;3;1;1;7;2;1;0;1;0;0;0;0;0
1391065;195923;536;DF;35;6.9;False;True;0;0;0;0;0;1;0;13;0;13;0;0;1;5;2;1;1;0;0;1;0;0;0
1391065;910;536;DL;10;6.2;False;True;0;0;0;0;0;0;0;8;0;4;1;0;2;5;0;2;0;0;0;0;0;0;0
1391065;162126;536;DL;9;6.3;False;True;0;0;0;0;0;0;0;2;0;1;0;0;1;2;1;0;0;0;0;0;0;0;0
1391065;290686;536;P;0;0.0;False;True;0;0;0;0;0;0;0;0;0;0;0;0;0;0;0;0;0;0;0;0;0;0;0
1391065;19172;536;P;0;0.0;False;True;0;0;0;0;0;0;0;0;0;0;0;0;0;0;0;0;0;0;0;0;0;0;0
1391065;125331;536;DF;0;0.0;False;True;0;0;0;0;0;0;0;0;0;0;0;0;0;0;0;0;0;0;0;0;0;0;0
1391065;41208;536;DF;0;0.0;False;True;0;0;0;0;0;0;0;0;0;0;0;0;0;0;0;0;0;0;0;0;0;0;0
1391065;546798;536;DL;0;0.0;False;True;0;0;0;0;0;0;0;0;0;0;0;0;0;0;0;0;0;0;0;0;0;0;0
1391065;331607;536;M;0;0.0;False;True;0;0;0;0;0;0;0;0;0;0;0;0;0;0;0;0;0;0;0;0;0;0;0
1391065;185398;536;DL;0;0.0;False;True;0;0;0;0;0;0;0;0;0;0;0;0;0;0;0;0;0;0;0;0;0;0;0
1391065;47247;546;P;90;5.6;False;False;0;0;0;0;1;0;0;40;0;10;0;0;0;0;0;0;0;0;0;0;0;0;0
1391065;18794;546;DF;90;6.7;False;False;0;0;0;0;0;0;0;15;2;11;0;0;0;3;1;0;1;0;0;0;0;0;0
1391065;46795;546;DF;90;6.3;False;False;0;0;0;0;0;0;0;33;0;22;0;0;1;6;4;0;0;2;0;1;0;0;0
1391065;46813;546;DF;67;6.3;False;False;0;0;0;0;0;0;0;17;0;12;0;0;0;6;4;1;4;0;0;1;0;0;0
1391065;180927;546;DF;90;7.5;False;False;0;0;0;0;0;0;0;25;0;19;4;4;0;12;10;1;3;3;0;2;0;0;0
1391065;119742;546;DF;67;6.2;False;False;0;0;0;0;0;0;0;9;1;7;1;1;4;11;5;0;1;2;0;0;1;0;0
1391065;47085;546;M;90;6.3;False;False;0;0;0;0;0;0;0;23;1;13;1;1;0;5;1;1;0;0;0;0;0;0;0
1391065;47250;546;M;26;4.5;True;False;0;0;0;0;0;0;0;5;0;4;0;0;0;3;0;1;0;0;0;0;0;1;0
1391065;47258;546;M;76;6.5;False;False;0;0;0;0;0;1;0;13;0;7;2;2;1;5;3;0;0;1;0;1;0;0;0
1391065;6490;546;DL;76;6.6;False;False;0;0;0;0;0;1;1;5;0;1;1;0;0;15;8;0;5;1;0;0;0;0;0
1391065;195512;546;DL;90;7.2;False;False;0;0;0;0;0;2;2;13;0;8;3;2;0;12;7;0;1;3;0;1;0;0;0
1391065;18867;546;DF;23;6.9;False;True;0;0;0;0;0;0;0;9;0;6;0;0;0;3;2;0;1;1;0;0;0;0;0
1391065;394573;546;DL;23;6.7;False;True;0;0;0;0;0;0;0;6;0;4;0;0;1;7;4;1;2;0;0;0;0;0;0
1391065;343205;546;M;14;6.3;False;True;0;0;0;0;0;0;0;6;0;5;0;0;0;5;1;0;0;1;0;1;0;0;0
1391065;45804;546;M;14;6.5;False;True;0;0;0;0;0;0;0;6;1;3;1;0;0;3;0;0;0;0;0;0;0;0;0
1391065;66491;546;P;0;0.0;False;True;0;0;0;0;0;0;0;0;0;0;0;0;0;0;0;0;0;0;0;0;0;0;0
1391065;47407;546;DF;0;0.0;False;True;0;0;0;0;0;0;0;0;0;0;0;0;0;0;0;0;0;0;0;0;0;0;0
1391065;316516;546;DF;0;0.0;False;True;0;0;0;0;0;0;0;0;0;0;0;0;0;0;0;0;0;0;0;0;0;0;0
1391065;631889;546;M;0;0.0;False;True;0;0;0;0;0;0;0;0;0;0;0;0;0;0;0;0;0;0;0;0;0;0;0
1391065;546852;546;DL;0;0.0;False;True;0;0;0;0;0;0;0;0;0;0;0;0;0;0;0;0;0;0;0;0;0;0;0
1391065;46860;546;M;0;0.0;False;True;0;0;0;0;0;0;0;0;0;0;0;0;0;0;0;0;0;0;0;0;0;0;0
1391066;730;541;P;90;5.2;False;False;0;0;0;1;2;0;0;26;0;20;0;0;0;1;0;1;0;0;0;0;1;0;0
1391066;733;541;DF;64;6.6;True;False;0;0;0;0;0;0;0;40;1;40;0;0;2;7;3;0;2;1;1;0;0;0;0
1391066;341640;541;DF;90;6.3;False;False;0;0;0;0;0;1;1;65;0;60;0;0;1;8;4;2;0;1;0;0;0;0;0
1391066;505;541;DF;90;6.9;False;False;0;0;0;0;0;1;0;68;0;63;0;0;1;7;4;1;0;3;2;0;1;0;0
1391066;284300;541;DF;90;6.7;False;False;0;0;0;0;0;0;0;60;2;54;1;1;0;6;6;0;0;2;0;1;0;0;0
1391066;756;541;M;75;7.3;False;False;0;0;1;0;0;1;0;43;1;40;1;0;0;4;2;1;2;0;0;1;0;0;0
1391066;291964;541;M;82;7.0;False;False;0;0;0;0;0;1;0;55;1;51;0;0;4;8;3;0;2;1;1;0;0;0;0
1391066;1271;541;M;90;7.3;False;False;0;0;0;0;0;1;1;54;1;47;0;0;0;8;6;0;2;1;0;3;0;0;0
1391066;2207;541;M;64;7.3;False;False;0;0;0;0;0;0;0;48;0;44;0;0;0;7;4;2;0;3;1;1;0;0;0
1391066;278;541;DL;90;6.3;False;False;0;0;0;0;0;1;1;36;1;29;0;0;0;1;1;0;1;0;0;0;0;0;0
1391066;762;541;DL;90;8.2;False;False;1;0;0;0;0;3;2;38;2;32;3;2;1;14;7;2;5;0;0;0;1;0;0
1391066;283;541;DF;26;5.9;False;True;0;0;0;0;0;1;0;9;1;7;0;0;0;2;0;1;0;0;0;1;1;0;0
1391066;744;541;M;26;6.6;False;True;0;0;0;0;0;0;0;20;0;18;0;0;0;3;3;0;3;0;0;0;0;0;0
1391066;336711;541;DL;15;6.7;False;True;0;0;0;0;0;0;0;3;1;2;0;0;0;1;1;0;0;1;0;0;0;0;0
1391066;748;541;M;8;5.9;False;True;0;0;0;0;0;0;0;5;0;4;0;0;1;2;0;0;0;0;0;1;0;0;0
1391066;47400;541;P;0;0.0;False;True;0;0;0;0;0;0;0;0;0;0;0;0;0;0;0;0;0;0;0;0;0;0;0
1391066;386872;541;P;0;0.0;False;True;0;0;0;0;0;0;0;0;0;0;0;0;0;0;0;0;0;0;0;0;0;0;0
1391066;653;541;DF;0;0.0;False;True;0;0;0;0;0;0;0;0;0;0;0;0;0;0;0;0;0;0;0;0;0;0;0
1391066;2285;541;DF;0;0.0;False;True;0;0;0;0;0;0;0;0;0;0;0;0;0;0;0;0;0;0;0;0;0;0;0
1391066;736;541;DF;0;0.0;False;True;0;0;0;0;0;0;0;0;0;0;0;0;0;0;0;0;0;0;0;0;0;0;0
1391066;509470;541;M;0;0.0;False;True;0;0;0;0;0;0;0;0;0;0;0;0;0;0;0;0;0;0;0;0;0;0;0
1391066;449249;541;DL;0;0.0;False;True;0;0;0;0;0;0;0;0;0;0;0;0;0;0;0;0;0;0;0;0;0;0;0
1391066;46646;727;P;90;7.3;False;False;0;0;0;4;1;0;0;17;0;11;0;0;0;0;0;0;0;0;0;0;0;0;0
1391066;21701;727;DF;83;6.7;False;False;0;0;0;0;0;0;0;33;0;28;2;1;1;8;3;2;0;2;0;3;0;0;0
1391066;47533;727;DF;90;6.6;False;False;0;0;0;0;0;1;0;34;0;28;1;1;1;4;2;1;1;0;1;2;0;0;0
1391066;182592;727;DF;90;6.9;False;False;0;0;0;0;0;0;0;29;0;28;0;0;0;2;1;0;1;0;1;0;0;0;0
1391066;47566;727;DF;90;7.5;False;False;0;0;0;0;0;0;0;47;2;38;2;2;0;7;3;3;0;1;2;1;0;0;0
1391066;46662;727;M;83;6.7;False;False;0;0;0;0;0;0;0;34;0;28;0;0;0;2;1;1;0;1;0;0;1;0;0
1391066;1825;727;M;90;7.0;False;False;0;0;0;0;0;0;0;43;0;38;1;0;0;6;4;2;0;2;0;1;0;0;0
1391066;46658;727;M;66;7.2;True;False;0;0;0;0;0;0;0;27;2;23;0;0;1;3;1;0;0;1;0;0;0;0;0
1391066;67939;727;M;71;6.2;False;False;0;0;0;0;0;1;0;34;3;27;2;0;0;12;4;3;2;0;0;1;1;0;0
1391066;338751;727;M;90;7.5;False;False;0;0;0;0;0;0;0;19;2;15;6;4;0;15;7;3;3;0;0;0;0;0;0
1391066;46746;727;DL;67;7.5;False;False;1;1;0;0;0;4;1;10;0;9;0;0;0;8;4;0;1;0;1;0;0;0;0
1391066;181259;727;DF;24;6.0;False;True;0;0;0;0;0;0;0;5;0;4;0;0;0;3;0;2;0;0;0;0;0;0;0
1391066;146751;727;DL;23;7.9;False;True;1;0;0;0;0;1;1;7;0;7;3;1;0;5;3;0;1;1;0;1;0;0;0
1391066;182621;727;M;19;6.3;False;True;0;0;0;0;0;1;0;7;0;5;0;0;0;2;1;1;1;0;0;0;0;0;0
1391066;421044;727;DF;13;6.7;False;True;0;0;0;0;0;0;0;0;0;0;0;0;0;1;0;1;0;0;0;0;0;0;0
1391066;264470;727;DL;13;7.2;False;True;0;0;1;0;0;0;0;7;1;4;1;1;0;1;1;0;0;0;0;0;0;0;0
1391066;47448;727;P;0;0.0;False;True;0;0;0;0;0;0;0;0;0;0;0;0;0;0;0;0;0;0;0;0;0;0;0
1391066;348029;727;P;0;0.0;False;True;0;0;0;0;0;0;0;0;0;0;0;0;0;0;0;0;0;0;0;0;0;0;0
1391066;46967;727;DF;0;0.0;False;True;0;0;0;0;0;0;0;0;0;0;0;0;0;0;0;0;0;0;0;0;0;0;0
1391066;381197;727;M;0;0.0;False;True;0;0;0;0;0;0;0;0;0;0;0;0;0;0;0;0;0;0;0;0;0;0;0
1391066;47574;727;DL;0;0.0;False;True;0;0;0;0;0;0;0;0;0;0;0;0;0;0;0;0;0;0;0;0;0;0;0
1391066;46667;727;DL;0;0.0;False;True;0;0;0;0;0;0;0;0;0;0;0;0;0;0;0;0;0;0;0;0;0;0;0
1391067;47269;548;P;90;5.3;False;False;0;0;0;3;3;0;0;39;0;32;0;0;0;1;1;0;1;0;0;0;0;0;0
1391067;199044;548;DF;53;6.2;False;False;0;0;0;0;0;0;0;27;0;23;1;1;1;6;4;1;0;2;0;1;0;0;0
1391067;405073;548;DF;90;5.6;False;False;0;0;0;0;0;0;0;56;0;49;0;0;0;9;4;1;0;1;0;2;0;0;0
1391067;1902;548;DF;90;7.9;False;False;1;0;0;0;0;2;1;65;0;58;0;0;0;10;9;0;0;0;2;0;0;0;0
1391067;23;548;DF;90;6.5;False;False;0;0;1;0;0;0;0;52;3;43;3;1;1;8;3;2;0;2;0;2;1;0;0
1391067;287654;548;M;77;6.6;False;False;0;0;0;0;0;0;0;49;0;46;0;0;1;8;4;0;1;1;0;0;0;0;0
1391067;183744;548;M;45;6.3;False;False;0;0;0;0;0;0;0;24;1;21;2;1;1;8;2;0;1;0;0;1;0;0;0
1391067;290106;548;M;53;6.2;False;False;0;0;0;0;0;0;0;11;0;9;1;0;0;3;1;0;1;0;0;0;0;0;0
1391067;47440;548;M;90;6.5;False;False;0;0;0;0;0;1;1;47;2;38;5;3;1;18;10;4;3;4;0;0;1;0;0
1391067;925;548;M;90;6.9;False;False;0;0;1;0;0;1;0;30;2;24;4;0;1;11;3;0;2;1;0;0;0;0;0
1391067;47323;548;DL;90;7.3;True;False;0;0;0;0;0;1;1;43;3;32;0;0;0;7;3;1;2;0;1;0;0;0;0
1391067;2449;548;M;45;6.7;False;True;0;0;0;0;0;0;0;25;0;20;0;0;1;9;4;2;1;1;1;0;0;0;0
1391067;737;548;DF;3;0.0;False;True;0;0;0;0;0;0;0;0;0;0;0;0;0;0;0;0;0;0;0;1;0;0;0
1391067;61774;548;DL;37;8.6;False;True;2;0;0;0;0;2;2;7;1;6;0;0;1;4;1;0;0;1;0;0;0;0;0
1391067;47298;548;DF;34;6.6;False;True;0;0;0;0;0;1;1;19;0;18;2;0;1;8;4;1;2;2;0;1;0;0;0
1391067;268960;548;M;13;6.2;False;True;0;0;0;0;0;3;2;7;0;4;0;0;0;1;1;1;1;0;0;0;0;0;0
1391067;189832;548;P;0;0.0;False;True;0;0;0;0;0;0;0;0;0;0;0;0;0;0;0;0;0;0;0;0;0;0;0
1391067;47303;548;DF;0;0.0;False;True;0;0;0;0;0;0;0;0;0;0;0;0;0;0;0;0;0;0;0;0;0;0;0
1391067;47314;548;DF;0;0.0;False;True;0;0;0;0;0;0;0;0;0;0;0;0;0;0;0;0;0;0;0;0;0;0;0
1391067;387139;548;DL;0;0.0;False;True;0;0;0;0;0;0;0;0;0;0;0;0;0;0;0;0;0;0;0;0;0;0;0
1391067;930;548;M;0;0.0;False;True;0;0;0;0;0;0;0;0;0;0;0;0;0;0;0;0;0;0;0;0;0;0;0
1391067;183748;548;DL;0;0.0;False;True;0;0;0;0;0;0;0;0;0;0;0;0;0;0;0;0;0;0;0;0;0;0;0
1391067;365287;548;DL;0;0.0;False;True;0;0;0;0;0;0;0;0;0;0;0;0;0;0;0;0;0;0;0;0;0;0;0
1391067;46673;718;P;90;5.9;True;False;0;0;0;5;3;0;0;36;0;18;1;1;0;1;1;0;0;0;0;0;0;0;0
1391067;46657;718;DF;90;6.3;False;False;0;0;0;0;0;1;1;22;1;19;1;1;3;12;6;1;0;5;1;1;0;0;0
1391067;885;718;DF;90;7.3;False;False;1;0;0;0;0;2;1;21;0;16;0;0;0;8;6;0;2;0;1;0;0;0;0
1391067;41970;718;DF;90;6.2;False;False;0;0;0;0;0;0;0;33;1;24;1;0;0;6;3;0;0;2;1;1;0;0;0
1391067;182636;718;DF;90;6.3;False;False;0;0;0;0;0;0;0;31;2;20;4;2;0;12;7;3;2;3;0;1;0;0;0
1391067;3608;718;M;76;6.2;False;False;0;0;0;0;0;0;0;30;0;22;0;0;2;8;1;5;0;1;0;0;1;0;0
1391067;30690;718;M;89;6.6;False;False;0;0;0;0;0;0;0;22;0;20;0;0;0;6;5;2;1;4;0;2;0;0;0
1391067;20844;718;M;76;7.3;False;False;0;0;1;0;0;0;0;17;1;15;3;0;0;6;3;0;1;2;0;1;0;0;0
1391067;182486;718;M;76;6.9;False;False;0;0;0;0;0;0;0;29;4;25;0;0;0;6;3;1;1;2;1;0;0;0;0
1391067;266202;718;M;90;5.9;False;False;0;0;0;0;0;3;1;19;0;17;5;1;0;16;5;3;0;4;0;0;0;0;0
1391067;51530;718;DL;84;9.2;False;False;2;0;0;0;0;4;3;18;1;14;4;3;0;20;11;1;4;3;0;2;0;0;0
1391067;2922;718;M;14;6.5;False;True;0;0;0;0;0;0;0;5;0;3;0;0;0;0;0;0;0;0;0;0;0;0;0
1391067;1695;718;M;14;6.3;False;True;0;0;1;0;0;0;0;10;1;7;2;1;0;2;1;0;0;0;0;0;0;0;0
1391067;362750;718;DL;14;6.3;False;True;0;0;0;0;0;0;0;2;0;1;0;0;1;3;1;0;0;1;0;0;0;0;0
1391067;197513;718;DL;15;6.9;False;True;0;0;0;0;0;0;0;6;0;4;0;0;0;5;4;0;1;0;0;0;0;0;0
1391067;184194;718;DL;1;0.0;False;True;0;0;0;0;0;0;0;0;0;0;0;0;0;0;0;0;0;0;0;0;0;0;0
1391067;42642;718;P;0;0.0;False;True;0;0;0;0;0;0;0;0;0;0;0;0;0;0;0;0;0;0;0;0;0;0;0
1391067;295223;718;DF;0;0.0;False;True;0;0;0;0;0;0;0;0;0;0;0;0;0;0;0;0;0;0;0;0;0;0;0
1391067;46966;718;DF;0;0.0;False;True;0;0;0;0;0;0;0;0;0;0;0;0;0;0;0;0;0;0;0;0;0;0;0
1391067;131548;718;DF;0;0.0;False;True;0;0;0;0;0;0;0;0;0;0;0;0;0;0;0;0;0;0;0;0;0;0;0
1391067;38699;718;M;0;0.0;False;True;0;0;0;0;0;0;0;0;0;0;0;0;0;0;0;0;0;0;0;0;0;0;0
1391067;600938;718;M;0;0.0;False;True;0;0;0;0;0;0;0;0;0;0;0;0;0;0;0;0;0;0;0;0;0;0;0
1391068;47527;532;P;90;7.2;False;False;0;0;0;3;2;0;0;25;0;22;0;0;0;0;0;0;0;0;0;0;0;0;0
1391068;47277;532;DF;70;5.9;False;False;0;0;0;0;0;0;0;45;0;38;0;0;1;5;2;2;0;1;0;0;1;0;0
1391068;48372;532;DF;90;6.3;False;False;0;0;0;0;0;0;0;71;0;62;0;0;0;2;2;0;0;1;0;1;0;0;0
1391068;181582;532;DF;90;6.5;False;False;0;0;0;0;0;2;0;66;0;52;0;0;2;8;4;1;1;1;1;0;0;0;0
1391068;46933;532;M;78;6.3;False;False;0;0;0;0;0;0;0;24;1;23;0;0;1;2;1;0;0;1;0;0;0;0;0
1391068;315699;532;M;90;6.9;False;False;0;0;0;0;0;0;0;70;1;62;1;1;0;7;5;2;1;2;0;1;1;0;0
1391068;2476;532;M;88;7.2;False;False;0;0;0;0;0;0;0;52;0;46;1;0;2;13;8;2;1;6;0;0;0;0;0
1391068;918;532;M;78;6.9;True;False;0;0;0;0;0;0;0;32;1;29;3;1;1;13;8;1;0;5;0;0;0;0;0
1391068;48465;532;DL;70;6.3;False;False;0;0;0;0;0;0;0;22;0;21;2;2;3;7;3;1;0;0;0;1;0;0;0
1391068;138776;532;DL;90;6.9;False;False;1;1;0;0;0;1;1;30;1;24;1;0;2;7;1;2;1;0;0;2;1;0;0
1391068;31406;532;DL;90;6.7;False;False;0;0;0;0;0;1;1;16;1;7;1;1;0;12;3;2;1;0;0;0;1;0;0
1391068;1482;532;DF;20;6.7;False;True;0;0;0;0;0;0;0;16;0;15;0;0;0;1;0;1;0;0;0;0;0;0;0
1391068;83;532;DL;20;6.5;False;True;0;0;0;0;0;1;1;11;0;9;2;1;0;6;2;2;1;0;0;0;0;0;0
1391068;162175;532;DF;12;6.6;False;True;0;0;0;0;0;0;0;7;0;6;1;0;0;2;1;0;0;1;0;0;0;0;0
1391068;47264;532;DL;12;6.5;False;True;0;0;0;0;0;0;0;0;0;0;0;0;0;1;0;0;0;0;0;0;0;0;0
1391068;41157;532;M;2;0.0;False;True;0;0;0;0;0;0;0;6;0;5;1;1;0;2;2;0;0;0;0;0;0;0;0
1391068;401983;532;P;0;0.0;False;True;0;0;0;0;0;0;0;0;0;0;0;0;0;0;0;0;0;0;0;0;0;0;0
1391068;913;532;P;0;0.0;False;True;0;0;0;0;0;0;0;0;0;0;0;0;0;0;0;0;0;0;0;0;0;0;0
1391068;333672;532;DF;0;0.0;False;True;0;0;0;0;0;0;0;0;0;0;0;0;0;0;0;0;0;0;0;0;0;0;0
1391068;47463;532;M;0;0.0;False;True;0;0;0;0;0;0;0;0;0;0;0;0;0;0;0;0;0;0;0;0;0;0;0
1391068;21153;532;M;0;0.0;False;True;0;0;0;0;0;0;0;0;0;0;0;0;0;0;0;0;0;0;0;0;0;0;0
1391068;1708;532;DL;0;0.0;False;True;0;0;0;0;0;0;0;0;0;0;0;0;0;0;0;0;0;0;0;0;0;0;0
1391068;439578;532;DL;0;0.0;False;True;0;0;0;0;0;0;0;0;0;0;0;0;0;0;0;0;0;0;0;0;0;0;0
1391068;278619;533;P;90;7.0;False;False;0;0;0;2;1;0;0;23;0;9;0;0;0;3;2;1;2;0;0;0;0;0;0
1391068;311773;533;DF;90;7.3;False;False;0;0;0;0;0;2;1;56;0;44;1;0;1;10;7;1;2;4;1;1;1;0;0
1391068;435552;533;DF;90;6.9;False;False;0;0;0;0;0;0;0;46;1;43;0;0;1;6;4;0;1;1;1;1;0;0;0
1391068;336671;533;DF;90;6.3;False;False;0;0;0;0;0;0;0;40;0;37;0;0;1;2;1;0;0;0;0;1;0;0;0
1391068;70500;533;DF;90;6.9;False;False;0;0;0;0;0;1;0;27;0;20;0;0;0;2;2;0;1;0;1;0;0;0;0
1391068;3246;533;M;83;6.3;False;False;0;0;0;0;0;1;1;25;0;19;7;4;1;18;6;0;2;0;0;0;0;0;0
1391068;47541;533;M;83;7.7;True;False;1;0;0;0;0;1;1;38;1;28;1;0;1;8;3;0;0;1;0;3;0;0;0
1391068;20696;533;M;58;8.2;False;False;1;1;0;0;0;2;2;30;2;26;2;2;0;5;5;0;1;1;0;1;0;0;0
1391068;182519;533;M;70;6.7;False;False;0;0;0;0;0;2;0;26;2;21;4;3;0;9;5;0;2;0;0;0;0;0;0
1391068;18906;533;DL;70;6.6;False;False;0;0;0;0;0;0;0;18;1;14;2;1;0;12;5;1;3;1;0;2;0;0;0
1391068;180496;533;DL;90;6.3;False;False;0;0;0;0;0;2;0;13;0;8;1;1;0;2;2;0;1;0;0;0;1;0;0
1391068;49;533;M;32;6.9;False;True;0;0;0;0;0;0;0;8;0;7;0;0;0;2;2;0;0;2;0;0;0;0;0
1391068;1702;533;DF;20;7.0;False;True;0;0;0;0;0;0;0;2;1;2;0;0;0;1;0;0;0;0;0;0;0;0;0
1391068;51016;533;DL;20;6.3;False;True;0;0;0;0;0;0;0;5;0;4;0;0;1;3;1;2;0;1;0;1;0;0;0
1391068;928;533;M;11;6.9;False;True;0;0;0;0;0;0;0;3;0;2;1;1;0;1;1;0;0;0;0;1;0;0;0
1391068;119213;533;DL;11;6.3;False;True;0;0;0;0;0;0;0;2;0;2;0;0;1;4;0;2;0;0;0;0;0;0;0
1391068;162473;533;P;0;0.0;False;True;0;0;0;0;0;0;0;0;0;0;0;0;0;0;0;0;0;0;0;0;0;0;0
1391068;355994;533;DF;0;0.0;False;True;0;0;0;0;0;0;0;0;0;0;0;0;0;0;0;0;0;0;0;0;0;0;0
1391068;484474;533;DF;0;0.0;False;True;0;0;0;0;0;0;0;0;0;0;0;0;0;0;0;0;0;0;0;0;0;0;0
1391068;351587;533;DL;0;0.0;False;True;0;0;0;0;0;0;0;0;0;0;0;0;0;0;0;0;0;0;0;0;0;0;0
1391068;514913;533;DL;0;0.0;False;True;0;0;0;0;0;0;0;0;0;0;0;0;0;0;0;0;0;0;0;0;0;0;0
