id_jugador;id_equipo;temporada;posicion;partidos;minutos;titular;nota_media;goles;asistencias;tiros_totales;tiros_a_puerta;pases_totales;pases_clave;precision_pases;entradas;bloqueos;intercepciones;duelos_totales;duelos_ganados;faltas_sufridas;faltas_cometidas;regates_intentados;regates_exito;amarillas;rojas;penaltis_marcados;goles_concedidos;paradas;penaltis_parados
2060;529;2015;Delantero;15;825;8;6.778571;3;2;16;6;307;10;0;10;1;14;85;34;12;0;19;6;0;0;0;0;0;0
127;529;2015;Portero;7;542;6;6.766666;0;0;0;0;151;1;0;0;0;0;1;1;0;0;0;0;0;0;0;7;14;3
128;529;2015;Defensa;31;2591;29;7.02258;0;6;6;2;2035;19;62;53;6;61;163;90;17;0;14;4;2;0;0;0;0;0
136;529;2015;Defensa;30;2592;30;7.116666;2;1;13;6;1884;6;81;39;17;54;186;113;8;0;10;8;12;0;0;0;0;0
137;529;2015;Mediocentro;31;1916;21;7.02;0;5;10;3;1220;20;40;54;1;44;208;127;22;0;41;29;1;0;0;0;0;0
140;529;2015;Defensa;10;506;6;7.01;1;0;3;3;325;0;78;7;3;14;37;25;6;0;0;0;2;0;0;0;0;0
142;529;2015;Mediocentro;6;281;3;6.95;1;0;2;2;176;6;60;4;1;5;26;16;5;0;7;3;0;0;0;0;0;0
144;529;2015;Mediocentro;35;2906;34;7.3;0;4;5;2;2377;21;66;103;4;67;359;234;66;0;11;11;6;0;0;0;0;0
149;529;2015;Mediocentro;36;2579;30;7.222222;7;2;39;14;1744;33;48;63;2;51;279;158;50;0;25;13;3;0;0;0;0;0
154;529;2015;Delantero;33;2729;31;8.454545;26;16;124;75;1786;82;51;11;0;6;368;194;61;0;190;117;3;0;3;0;0;0
157;529;2015;Delantero;35;3150;35;7.671428;40;16;126;70;878;57;0;23;2;8;323;136;59;0;117;41;6;0;3;0;0;0
47324;529;2015;Delantero;10;346;4;6.522222;0;1;7;2;85;6;0;2;0;0;32;10;5;0;10;3;0;0;0;0;0;0
256;529;2015;Defensa;29;2147;24;7.003448;0;4;13;4;1526;22;74;54;6;46;259;114;19;0;39;24;6;0;0;0;0;0
276;529;2015;Delantero;34;3057;34;8.023529;24;12;108;61;1777;105;47;28;0;11;600;321;130;0;247;143;6;0;5;0;0;0
47414;529;2015;Mediocentro;3;42;0;6.2;0;0;0;0;19;0;0;2;1;2;4;2;0;0;0;0;0;0;0;0;0;0
33243;529;2015;Mediocentro;28;2247;25;7.367857;1;2;18;6;1802;35;60;57;2;27;249;147;38;0;58;41;2;0;0;0;0;0
33249;529;2015;Mediocentro;1;29;0;6.9;0;0;0;0;27;0;0;2;0;0;4;4;0;0;0;0;0;0;0;0;0;0
18965;529;2015;Defensa;0;0;0;6.907692;0;1;0;0;557;4;0;41;4;43;162;97;22;0;27;14;0;0;0;0;0;0
614;529;2015;Portero;32;2878;32;7.021875;0;0;0;0;759;0;70;1;0;4;7;5;1;0;1;1;0;0;0;22;86;1
49859;529;2015;Mediocentro;18;814;9;6.733333;2;3;11;4;567;8;92;25;0;10;133;53;15;0;24;9;5;0;0;0;0;0
13073;529;2015;Defensa;32;2694;31;7.290625;0;0;3;1;1918;11;90;82;15;69;234;149;21;0;11;9;9;1;0;0;0;0
50085;529;2015;Defensa;1;12;0;6.3;0;0;0;0;2;0;0;0;0;1;1;1;1;0;0;0;0;0;0;0;0;0
1480;529;2015;Defensa;21;1260;12;6.825;0;2;7;3;703;4;87;18;8;38;84;55;6;0;6;6;2;0;0;0;0;0
1561;529;2015;Defensa;13;496;4;6.961538;2;1;5;2;384;2;0;11;8;14;48;34;5;0;7;4;0;0;0;0;0;0
1977;529;2015;Defensa;8;431;4;6.9;0;1;1;0;296;5;79;9;1;10;34;21;6;0;6;4;0;0;0;0;0;0
2047;529;2015;Defensa;9;543;6;6.822222;0;1;1;0;339;6;84;9;0;10;43;19;4;0;7;3;1;0;0;0;0;0
29;530;2015;Portero;38;3420;38;6.944736;0;0;0;0;643;1;0;1;0;3;14;12;4;0;1;1;0;0;0;18;82;0
31;530;2015;Defensa;27;2430;27;7.118518;1;1;11;4;819;8;0;56;18;67;215;132;11;0;14;9;8;0;0;0;0;0
32;530;2015;Defensa;31;2651;31;7.396774;1;1;23;6;951;7;57;71;9;101;304;203;33;0;16;11;6;0;0;0;0;0
33;530;2015;Defensa;10;834;8;7.09;0;0;0;0;289;3;0;19;4;31;72;44;11;0;2;1;0;0;0;0;0;0
34;530;2015;Defensa;32;2834;32;7.328125;1;4;8;2;1453;29;70;126;7;87;421;268;30;0;124;71;11;1;0;0;0;0
39;530;2015;Defensa;12;925;10;7.081818;0;0;2;0;367;0;0;12;5;20;68;44;4;0;1;1;1;0;0;0;0;0
41;530;2015;Defensa;35;3030;34;6.94;1;1;7;3;904;30;76;73;7;68;266;143;18;0;53;33;6;0;0;0;0;0
48;530;2015;Mediocentro;31;2329;26;7.063333;4;2;38;16;1083;19;0;94;11;56;446;229;26;0;66;31;1;0;0;0;0;0
50;530;2015;Mediocentro;35;2972;34;7.391428;5;14;33;12;1936;78;51;101;4;49;364;189;52;0;34;15;4;0;0;0;0;0
49;530;2015;Mediocentro;13;433;3;6.953846;2;1;9;3;189;7;0;22;0;15;78;43;7;0;10;8;3;0;0;0;0;0
53;530;2015;Delantero;26;948;8;6.753846;5;4;27;14;330;15;0;24;3;11;207;85;20;0;80;36;7;0;0;0;0;0
56;530;2015;Delantero;38;3057;36;7.33421;22;5;76;43;1302;54;0;57;3;39;435;179;37;0;73;32;5;0;1;0;0;0
47282;530;2015;Mediocentro;1;9;0;7.113333;0;6;67;20;677;25;48;68;2;34;507;259;76;0;28;11;0;0;0;0;0;0
385;530;2015;Mediocentro;21;813;9;6.665;0;2;6;2;475;17;0;22;1;12;120;48;10;0;19;13;2;0;0;0;0;0
104839;530;2015;Mediocentro;14;1053;12;0.0;1;0;0;0;0;0;0;0;0;0;0;0;0;0;0;0;4;0;0;0;0;0
104851;530;2015;Defensa;1;90;1;6.7;0;0;0;0;38;1;82;3;0;0;13;7;2;0;5;2;1;0;0;0;0;0
41373;530;2015;Delantero;15;657;8;6.893333;2;3;24;9;141;9;66;3;1;6;107;39;11;0;11;6;0;0;0;0;0;0
19036;530;2015;Delantero;19;964;12;6.8;1;3;19;6;352;14;0;13;1;3;120;51;22;0;25;11;3;0;0;0;0;0
33413;530;2015;Delantero;30;1688;17;6.993333;11;4;57;23;236;20;68;0;0;6;341;143;36;0;81;36;3;0;0;0;0;0
13114;530;2015;Mediocentro;13;857;11;6.792307;0;0;4;1;350;1;86;31;0;35;114;53;6;0;11;9;4;0;0;0;0;0
2923;530;2015;Mediocentro;29;1498;16;6.889655;4;1;42;17;680;21;0;23;2;24;291;128;24;0;126;67;5;0;0;0;0;0
42039;530;2015;Mediocentro;35;2883;34;7.151428;1;3;17;3;1753;27;81;51;6;78;418;211;41;0;33;21;12;0;0;0;0;0
1211;530;2015;Mediocentro;8;325;3;6.475;0;0;0;0;131;0;0;10;0;5;38;17;3;0;0;0;1;0;0;0;0;0
83132;530;2015;Defensa;10;725;7;0.0;0;0;0;0;0;0;0;0;0;0;0;0;0;0;0;0;3;0;0;0;0;0
36834;530;2015;Defensa;1;90;1;6.7;0;0;0;0;32;1;0;0;0;2;1;1;0;0;0;0;0;0;0;0;0;0
47150;531;2015;Delantero;9;289;3;6.522222;0;0;7;2;66;2;65;1;2;2;44;17;3;0;9;4;0;0;0;0;0;0
116823;531;2015;Mediocentro;15;1143;12;0.0;0;0;0;0;0;0;0;0;0;0;0;0;0;0;0;0;4;0;0;0;0;0
47267;531;2015;Portero;2;174;1;5.8;0;0;0;0;78;0;0;1;0;0;1;1;0;0;0;0;0;0;0;8;1;1
47272;531;2015;Defensa;34;2906;33;6.829411;0;3;8;0;892;24;63;82;5;69;278;158;25;0;41;20;6;0;0;0;0;0
47275;531;2015;Defensa;34;2886;33;6.882352;1;3;11;4;1105;25;0;91;3;90;329;175;20;0;57;22;6;0;0;0;0;0
47276;531;2015;Defensa;20;1157;12;6.768421;1;0;8;4;455;12;0;49;1;22;165;91;7;0;37;13;2;0;0;0;0;0
47280;531;2015;Mediocentro;36;2900;32;7.183333;1;5;28;9;1650;64;67;77;4;64;319;162;54;0;31;15;8;0;0;0;0;0
47282;531;2015;Mediocentro;30;2375;27;7.113333;7;6;67;20;677;25;48;68;2;34;507;259;76;0;28;11;10;0;0;0;0;0
47283;531;2015;Mediocentro;5;116;1;6.54;0;0;2;0;39;1;0;1;0;1;21;4;0;0;5;3;3;0;0;0;0;0
47287;531;2015;Mediocentro;17;692;8;6.7875;1;1;12;5;290;5;55;26;0;23;98;45;8;0;9;4;2;1;0;0;0;0
47288;531;2015;Mediocentro;34;2691;30;6.9;2;3;25;6;1275;15;65;84;12;92;391;209;21;0;16;10;6;1;0;0;0;0
47289;531;2015;Delantero;28;1920;22;6.785714;3;8;21;10;546;42;56;54;0;27;298;118;30;0;70;20;3;0;0;0;0;0
47290;531;2015;Delantero;34;2776;30;7.15;20;6;93;49;432;33;60;6;1;11;548;259;68;0;63;18;9;0;3;0;0;0
47284;531;2015;Mediocentro;16;699;7;6.79375;0;1;4;1;332;5;79;21;3;32;94;55;6;0;4;2;1;0;0;0;0;0
47294;531;2015;Delantero;25;1639;21;6.772;8;3;33;15;362;15;0;18;1;12;213;92;40;0;56;27;3;0;0;0;0;0
47412;531;2015;Mediocentro;16;778;8;6.46875;2;1;11;5;218;9;48;5;1;5;83;33;15;0;11;3;2;0;0;0;0;0
47423;531;2015;Delantero;22;1129;13;6.619047;5;0;25;15;273;10;0;16;2;7;167;63;8;0;34;8;1;0;0;0;0;0
104825;531;2015;Delantero;5;76;1;6.75;0;0;1;0;8;0;53;0;0;0;20;8;6;0;0;0;0;0;0;0;0;0
47501;531;2015;Portero;37;3244;37;6.8;0;0;0;0;675;2;55;0;0;2;15;10;2;0;1;0;1;1;0;43;93;1
47542;531;2015;Mediocentro;11;465;4;6.7;1;0;3;2;188;2;82;0;0;22;49;19;1;0;2;2;1;0;0;0;0;0
47565;531;2015;Defensa;30;2485;28;6.906666;0;1;10;1;974;7;60;40;22;77;174;97;4;0;4;4;5;0;0;0;0;0
622;531;2015;Defensa;26;2213;25;7.046153;3;1;13;6;1249;6;47;50;16;69;217;137;25;0;18;11;8;1;0;0;0;0
2672;531;2015;Delantero;20;1020;13;6.916666;2;0;16;8;527;17;0;19;0;7;130;79;37;0;27;18;3;0;0;0;0;0
46768;531;2015;Mediocentro;3;186;2;6.533333;0;0;4;1;76;2;0;5;0;2;33;15;2;0;7;4;0;0;0;0;0;0
46786;531;2015;Defensa;23;1462;15;6.872727;0;0;5;0;659;10;63;44;3;64;169;104;9;0;17;12;1;0;0;0;0;0
21;532;2015;Delantero;34;2418;25;6.961764;13;6;51;26;440;33;0;20;1;16;178;56;16;0;19;9;2;0;2;0;0;0
47340;532;2015;Mediocentro;21;790;9;6.55238;0;0;10;4;213;10;48;25;2;9;173;81;39;0;33;12;3;0;0;0;0;0
18765;532;2015;Mediocentro;30;2379;27;6.61;3;3;30;15;1252;28;40;34;3;16;433;168;44;0;109;52;10;0;0;0;0;0
47457;532;2015;Defensa;15;1082;10;6.971428;0;0;2;1;413;3;0;34;8;50;130;73;8;0;10;4;2;0;0;0;0;0
47476;532;2015;Portero;0;0;0;6.666666;0;0;0;0;235;1;0;0;0;3;3;2;2;0;0;0;0;0;0;22;28;1
104851;532;2015;Defensa;14;1097;14;6.7;0;0;0;0;38;1;82;3;0;0;13;7;2;0;5;2;1;0;0;0;0;0
2472;532;2015;Mediocentro;9;522;6;6.833333;0;0;5;2;214;17;41;9;1;4;66;30;10;0;26;10;3;0;0;0;0;0
447;532;2015;Mediocentro;21;1258;13;6.747619;1;1;20;8;381;26;45;16;0;14;154;74;22;0;37;12;4;0;0;0;0;0
104925;532;2015;Mediocentro;1;2;0;0.0;0;0;0;0;1;0;50;0;0;0;1;0;0;0;1;0;0;0;0;0;0;0
2741;532;2015;Portero;8;720;8;6.8875;0;0;0;0;205;0;0;0;0;1;6;4;1;0;0;0;0;0;0;9;23;0
855;532;2015;Defensa;28;2120;25;6.864285;1;4;8;2;841;17;0;63;5;68;336;183;39;0;98;51;6;0;0;0;0;0
911;532;2015;Portero;17;1530;17;7.17647;0;0;0;0;364;1;0;2;0;1;10;10;6;0;0;0;0;0;0;18;64;2
918;532;2015;Defensa;20;1441;15;6.789473;0;0;1;0;593;13;43;56;2;23;147;93;18;0;28;10;6;0;0;0;0;0
923;532;2015;Mediocentro;7;482;6;6.7;3;1;1;0;21;1;0;2;1;2;14;5;1;0;2;2;2;0;0;0;0;0
928;532;2015;Mediocentro;33;2735;30;7.178787;8;5;37;20;1705;43;51;72;5;49;390;204;78;0;47;28;8;0;2;0;0;0
929;532;2015;Mediocentro;1;51;0;6.7;0;0;0;0;5;0;0;2;0;1;8;5;2;0;2;1;0;0;0;0;0;0
934;532;2015;Delantero;26;1579;18;6.628;4;1;22;11;406;10;60;28;2;12;294;123;49;0;58;20;2;0;0;0;0;0
935;532;2015;Delantero;25;1360;15;6.804166;2;3;32;17;473;25;0;18;0;16;183;84;24;0;45;20;1;1;0;0;0;0
50502;532;2015;Delantero;25;1148;12;6.824;5;2;36;12;269;13;50;5;2;5;192;94;11;0;20;12;0;0;0;0;0;0
44419;532;2015;Defensa;17;1520;17;7.111764;0;0;5;2;621;1;41;46;16;40;124;86;6;0;4;4;1;0;0;0;0;0
1421;532;2015;Delantero;16;560;4;6.83125;1;3;7;2;167;13;0;11;0;5;84;43;20;0;22;12;1;0;0;0;0;0
1448;532;2015;Defensa;30;2682;30;7.283333;2;0;22;4;1228;4;66;80;22;133;297;196;22;0;13;7;14;0;0;0;0;0
1560;532;2015;Defensa;24;1660;19;6.608333;0;0;0;0;609;7;63;42;2;54;172;91;21;0;18;6;6;0;0;0;0;0
22167;532;2015;Mediocentro;19;1365;16;6.836842;0;0;11;3;444;8;0;46;4;29;241;138;44;0;37;23;4;0;0;0;0;0
1698;532;2015;Mediocentro;26;2046;23;6.946153;0;0;4;1;1133;10;68;63;10;76;252;129;32;0;12;8;11;0;0;0;0;0
5907;532;2015;Defensa;7;523;6;5.533333;0;0;0;0;72;0;74;10;0;4;49;25;8;0;3;1;4;1;0;0;0;0
51014;532;2015;Mediocentro;2;136;2;6.25;0;0;0;0;43;1;73;3;0;4;26;9;1;0;0;0;1;0;0;0;0;0
1899;532;2015;Defensa;22;1853;22;6.942857;0;0;5;2;715;4;77;41;20;65;173;99;12;0;6;6;4;0;0;0;0;0
6003;532;2015;Mediocentro;20;1266;16;6.9;0;0;4;0;675;9;0;45;6;28;212;117;36;0;31;21;10;0;0;0;0;0
10151;532;2015;Portero;13;1170;13;6.853846;0;0;0;0;216;0;61;0;0;0;6;3;0;0;2;2;1;0;0;21;48;0
44;533;2015;Mediocentro;3;94;1;7.0;0;0;2;1;76;1;0;5;1;3;8;7;1;0;0;0;1;0;0;0;0;0
2230;533;2015;Defensa;18;1346;14;6.711111;0;0;2;0;393;4;62;28;2;35;95;48;5;0;12;5;5;0;0;0;0;0
253;533;2015;Portero;32;2880;32;7.053125;0;0;0;0;608;0;0;0;0;1;25;24;8;0;2;2;1;0;0;26;81;1
47358;533;2015;Defensa;11;925;10;6.981818;0;0;1;1;356;6;0;42;2;28;111;63;4;0;15;9;1;0;0;0;0;0
47365;533;2015;Mediocentro;27;1632;19;6.934615;0;1;7;2;646;7;56;46;4;47;219;128;25;0;9;8;4;0;0;0;0;0
392;533;2015;Delantero;16;792;10;6.80625;4;4;8;6;248;15;56;3;1;2;112;44;8;0;23;11;1;0;0;0;0;0
53702;533;2015;Defensa;2;126;2;6.7;0;0;0;0;52;0;0;4;1;4;13;8;1;0;1;1;1;0;0;0;0;0
13062;533;2015;Delantero;26;1256;12;6.653846;3;1;28;9;356;7;0;15;2;6;240;95;37;0;50;22;1;0;0;0;0;0
2880;533;2015;Mediocentro;26;1762;20;6.907692;0;1;13;6;843;27;0;51;2;53;222;99;20;0;30;12;4;0;0;0;0;0
885;533;2015;Defensa;25;2026;25;6.9;0;0;4;1;745;2;0;44;16;65;198;123;29;0;16;15;10;0;0;0;0;0
3033;533;2015;Delantero;34;1860;21;6.785294;12;3;44;28;451;12;0;16;2;4;297;91;30;0;35;19;4;0;0;0;0;0
1375;533;2015;Delantero;28;2256;27;7.071428;5;10;40;21;616;29;49;22;2;13;285;116;59;0;26;14;12;0;0;0;0;0
1461;533;2015;Mediocentro;33;2371;25;0.0;4;0;0;0;0;0;0;0;0;0;0;0;0;0;0;0;3;0;0;0;0;0
1630;533;2015;Defensa;13;1010;12;7.092307;1;0;2;1;380;2;83;17;7;38;80;41;9;0;4;2;1;0;0;0;0;0
1641;533;2015;Mediocentro;28;1698;19;6.574074;1;1;16;6;545;23;0;26;3;27;294;125;44;0;82;37;4;0;0;0;0;0
1682;533;2015;Portero;4;360;4;6.775;0;0;0;0;49;0;51;1;0;0;3;2;1;0;0;0;1;0;0;5;13;0
1683;533;2015;Portero;2;180;2;6.25;0;0;0;0;27;0;80;0;0;1;1;1;0;0;1;1;0;0;0;4;6;0
1685;533;2015;Defensa;14;973;10;6.75;0;0;3;1;415;0;84;0;0;29;45;22;5;0;0;0;4;0;0;0;0;0
1687;533;2015;Defensa;18;1538;17;6.922222;1;1;4;2;583;6;0;55;3;48;147;92;19;0;6;2;8;0;0;0;0;0
1691;533;2015;Defensa;33;2874;32;6.933333;2;2;25;7;1241;12;0;83;6;85;260;136;12;0;17;6;8;0;0;0;0;0
1693;533;2015;Defensa;35;2988;32;6.945714;0;0;3;1;1320;0;67;21;19;111;187;101;12;0;11;10;9;0;0;0;0;0
1702;533;2015;Defensa;2;107;2;6.3;0;0;1;1;19;1;0;1;1;2;18;5;1;0;8;3;0;0;0;0;0;0
1704;533;2015;Mediocentro;31;2594;28;7.238709;5;1;25;9;1448;17;84;52;13;95;235;141;19;0;20;15;5;1;3;0;0;0
1705;533;2015;Mediocentro;31;2117;24;6.945161;2;1;21;7;1147;16;41;59;4;35;213;111;22;0;12;6;5;0;0;0;0;0
1707;533;2015;Delantero;0;0;0;6.787096;0;3;42;21;628;19;0;26;1;14;351;136;21;0;79;34;0;0;1;0;0;0
46802;533;2015;Mediocentro;20;999;11;6.465;0;1;9;3;335;13;0;16;2;16;160;55;15;0;37;17;4;0;0;0;0;0
2053;534;2015;Mediocentro;34;2839;34;6.841176;1;2;30;7;1991;16;57;57;6;40;322;153;49;0;58;35;12;0;0;0;0;0
116821;534;2015;Mediocentro;13;375;3;0.0;0;0;0;0;0;0;0;0;0;0;0;0;0;0;0;0;0;0;0;0;0;0
114785;534;2015;Defensa;18;1576;18;6.816666;0;1;1;1;737;5;85;12;2;38;88;47;4;0;1;1;2;0;0;0;0;0
116836;534;2015;Defensa;3;30;0;0.0;0;0;0;0;0;0;0;0;0;0;0;0;0;0;0;0;0;0;0;0;0;0
12493;534;2015;Mediocentro;27;2127;26;6.774074;5;4;27;16;1073;34;46;29;2;15;284;113;54;0;58;25;2;0;0;0;0;0
47319;534;2015;Delantero;30;1726;19;6.886206;9;1;43;23;518;22;0;19;0;2;226;96;26;0;22;11;6;0;0;0;0;0
47378;534;2015;Defensa;27;2353;26;7.218518;3;0;11;5;1193;6;40;36;13;121;194;121;23;0;28;21;5;0;0;0;0;0
47411;534;2015;Mediocentro;30;1706;17;6.534482;2;4;26;13;479;21;61;27;1;20;238;89;32;0;52;14;4;0;0;0;0;0
12667;534;2015;Mediocentro;36;3121;36;7.275;10;9;77;36;1798;80;46;70;4;22;447;218;83;0;109;52;4;0;4;0;0;0
27031;534;2015;Mediocentro;8;317;4;6.666666;0;0;4;2;108;8;0;5;0;9;34;11;1;0;7;4;0;0;0;0;0;0
47560;534;2015;Portero;31;2711;31;6.841935;0;0;0;0;606;0;55;0;0;7;29;25;7;0;6;6;1;1;0;43;96;0
104972;534;2015;Delantero;10;242;2;6.577777;0;0;3;0;121;6;57;3;0;4;19;6;2;0;1;1;0;0;0;0;0;0
70752;534;2015;Defensa;6;540;6;7.033333;1;0;1;1;221;2;0;19;6;17;68;40;2;0;2;2;2;0;0;0;0;0
3426;534;2015;Mediocentro;20;924;10;6.744444;1;0;17;6;408;8;58;29;2;16;165;81;30;0;27;12;11;0;0;0;0;0
46687;534;2015;Mediocentro;9;433;5;6.833333;0;0;1;0;266;5;83;10;3;15;49;23;6;0;2;1;2;0;0;0;0;0
46793;534;2015;Defensa;27;2261;24;6.644444;1;2;11;6;1013;20;42;59;8;56;273;128;21;0;34;12;7;0;0;0;0;0
46800;534;2015;Mediocentro;21;1461;16;6.861904;1;1;7;3;896;7;73;39;3;31;219;124;41;0;20;12;3;0;0;0;0;0
46897;534;2015;Mediocentro;18;927;11;6.738888;1;0;6;4;528;2;42;24;0;28;127;66;15;0;8;4;4;0;0;0;0;0
30524;534;2015;Defensa;10;736;8;6.81;0;0;4;2;341;0;0;9;6;20;56;28;0;0;8;5;5;0;0;0;0;0
46935;534;2015;Portero;8;707;7;7.075;0;0;0;0;245;0;0;1;0;1;9;9;2;0;0;0;0;0;0;13;35;1
46991;534;2015;Defensa;31;2643;30;7.009677;0;1;8;2;1518;7;46;46;19;106;248;152;12;0;6;4;11;0;0;0;0;0
46992;534;2015;Defensa;27;2246;25;6.892592;0;0;6;2;1049;11;43;57;6;86;313;184;44;0;68;47;5;0;0;0;0;0
46995;534;2015;Defensa;19;1609;18;7.063157;2;1;7;4;841;9;0;31;11;67;134;83;15;0;6;2;2;0;0;0;0;0
47001;534;2015;Mediocentro;1;90;1;7.3;0;0;0;0;39;0;0;3;0;2;12;9;3;0;0;0;0;0;0;0;0;0
47011;534;2015;Delantero;30;1819;20;6.84;5;3;56;25;478;18;0;23;3;4;315;114;15;0;48;25;4;0;0;0;0;0
42992;534;2015;Mediocentro;12;558;6;6.8;0;1;5;0;331;10;59;18;0;12;115;64;29;0;17;10;2;1;0;0;0;0
2098;535;2015;Portero;11;953;10;6.918181;0;0;0;0;244;0;0;2;0;2;4;4;0;0;0;0;0;0;0;10;29;2
26727;535;2015;Delantero;1;5;0;6.7;0;0;0;0;2;0;0;1;0;0;2;1;0;0;0;0;0;0;0;0;0;0
47238;535;2015;Delantero;3;81;1;6.5;0;0;1;1;21;1;49;0;0;0;10;2;2;0;0;0;0;0;0;0;0;0
41103;535;2015;Delantero;17;780;9;6.50625;0;0;10;1;267;9;0;14;0;14;93;30;6;0;18;7;2;0;0;0;0;0
47336;535;2015;Mediocentro;1;85;1;7.3;0;0;3;1;36;1;0;4;0;0;10;6;1;0;1;1;1;0;0;0;0;0
2304;535;2015;Defensa;8;562;6;6.95;0;0;7;0;168;0;0;13;5;22;43;27;3;0;0;0;1;0;0;0;0;0
47394;535;2015;Delantero;35;3007;33;7.1;12;3;75;42;638;35;53;19;2;15;421;191;43;0;18;7;12;0;1;0;0;0
47413;535;2015;Mediocentro;33;2750;32;7.034375;0;4;27;13;1309;37;41;90;6;44;328;171;37;0;36;22;16;0;0;0;0;0
41307;535;2015;Mediocentro;2;87;0;6.6;0;0;2;1;55;1;0;0;0;0;9;3;0;0;4;1;0;0;0;0;0;0
104809;535;2015;Defensa;29;2553;27;7.007142;2;0;17;7;776;10;56;35;11;102;170;101;12;0;5;4;11;0;0;0;0;0
51564;535;2015;Defensa;13;1112;13;6.9;0;0;3;0;247;2;79;20;5;31;72;38;6;0;1;1;3;0;0;0;0;0
51576;535;2015;Mediocentro;16;1247;15;6.9;1;1;20;8;297;26;70;22;0;13;179;82;19;0;59;34;1;0;0;0;0;0
47493;535;2015;Delantero;31;2062;25;6.806666;7;3;45;26;605;20;0;27;3;17;264;88;16;0;30;8;3;0;1;0;0;0
104838;535;2015;Mediocentro;26;1061;10;0.0;1;0;0;0;0;0;0;0;0;0;0;0;0;0;0;0;5;0;0;0;0;0
2444;535;2015;Defensa;35;3071;35;6.973529;0;5;15;3;1131;21;0;105;5;64;343;202;34;0;40;24;5;0;0;0;0;0
2446;535;2015;Mediocentro;29;1619;18;6.555555;4;1;20;11;629;27;0;23;5;17;294;116;47;0;85;34;6;0;0;0;0;0
104863;535;2015;Defensa;30;2608;30;7.003333;0;2;4;0;813;5;69;55;20;90;252;168;23;0;4;3;5;0;0;0;0;0
41475;535;2015;Mediocentro;12;997;12;6.827272;0;0;5;1;453;9;44;22;1;37;104;45;7;0;8;6;4;0;0;0;0;0
2719;535;2015;Delantero;13;1012;13;6.45;0;1;18;6;189;16;43;9;0;4;153;50;26;0;31;14;5;1;0;0;0;0
105235;535;2015;Defensa;14;1049;12;0.0;0;0;0;0;0;0;0;0;0;0;0;0;0;0;0;0;4;0;0;0;0;0
25409;535;2015;Mediocentro;23;2008;23;7.226086;2;1;23;7;843;13;70;70;6;81;349;196;44;0;15;10;8;0;0;0;0;0
70775;535;2015;Delantero;17;417;3;6.58125;2;1;4;2;172;7;0;4;1;2;74;32;8;0;6;0;0;0;0;0;0;0
1335;535;2015;Portero;28;2467;28;6.918518;0;1;0;0;484;1;42;0;0;2;11;10;1;0;2;2;2;0;0;28;77;2
3423;535;2015;Mediocentro;12;384;3;6.790909;2;0;9;6;103;6;70;7;0;6;63;26;7;0;17;9;0;0;0;0;0;0
15833;535;2015;Mediocentro;10;386;4;6.7625;1;0;15;5;77;5;79;6;0;0;59;22;5;0;21;9;0;0;0;0;0;0
1697;535;2015;Mediocentro;27;1286;12;6.666666;1;0;16;5;664;13;0;35;1;31;171;74;15;0;28;12;1;0;0;0;0;0
46819;535;2015;Defensa;19;1247;14;6.788235;1;2;14;5;366;14;0;21;2;24;146;69;18;0;22;12;1;0;0;0;0;0
46820;535;2015;Defensa;8;640;7;7.2;1;1;1;1;227;5;0;25;1;21;80;53;7;0;2;1;3;0;0;0;0;0
46823;535;2015;Defensa;23;1959;22;6.873913;0;2;1;0;441;7;67;0;0;51;148;87;6;0;4;2;9;0;0;0;0;0
46832;535;2015;Mediocentro;4;56;0;6.4;0;0;1;1;33;2;43;1;0;0;14;2;1;0;2;0;0;0;0;0;0;0
2050;536;2015;Mediocentro;25;1725;20;7.204;5;2;32;19;1127;44;43;52;2;19;295;142;44;0;66;40;7;0;1;0;0;0
30735;536;2015;Defensa;7;555;7;6.742857;0;0;3;0;157;2;80;0;0;11;33;21;4;0;0;0;2;0;0;0;0;0
46;536;2015;Mediocentro;28;2052;23;6.767857;2;4;22;12;638;36;53;46;5;18;354;163;56;0;95;46;5;0;0;0;0;0
47226;536;2015;Mediocentro;1;90;1;6.2;0;0;0;0;46;1;40;1;0;2;12;4;2;0;1;0;0;0;0;0;0;0
41098;536;2015;Defensa;4;279;4;6.625;0;0;0;0;98;3;0;13;0;4;35;21;4;0;2;2;2;0;0;0;0;0
47260;536;2015;Mediocentro;21;1451;17;6.738095;0;1;2;1;807;6;0;60;9;38;238;117;44;0;13;8;5;0;0;0;0;0
185;536;2015;Delantero;23;1161;14;6.817391;4;3;27;12;293;17;42;7;0;5;191;83;7;0;14;6;4;0;0;0;0;0
47451;536;2015;Defensa;21;1740;20;6.623809;1;1;29;9;532;10;46;39;11;40;245;117;31;0;37;17;3;1;0;0;0;0
413;536;2015;Delantero;32;1611;15;6.95;4;4;48;20;426;36;58;18;1;21;205;95;24;0;85;50;4;0;1;0;0;0
434;536;2015;Defensa;23;1685;18;6.890909;0;3;8;1;516;22;0;53;7;49;173;94;14;0;27;12;6;0;0;0;0;0
47545;536;2015;Mediocentro;2;47;1;6.5;0;0;0;0;12;0;0;2;1;0;6;3;0;0;1;1;1;0;0;0;0;0
481;536;2015;Mediocentro;26;2270;25;7.26923;0;0;17;3;1152;6;45;64;16;116;309;203;51;0;20;14;6;0;0;0;0;0
104932;536;2015;Mediocentro;4;300;3;6.15;0;1;2;1;109;4;0;4;0;3;52;22;6;0;15;5;3;0;0;0;0;0
19014;536;2015;Portero;34;3060;34;6.914705;0;0;0;0;806;0;0;0;0;7;21;19;5;0;0;0;2;0;0;42;112;1
2673;536;2015;Portero;4;360;4;6.625;0;0;0;0;104;0;0;0;0;0;5;5;2;0;0;0;1;0;0;8;14;0
768;536;2015;Defensa;4;295;4;6.425;0;0;1;1;78;1;63;4;2;5;28;20;0;0;2;2;1;0;0;0;0;0
780;536;2015;Mediocentro;28;1847;22;6.967857;3;1;19;9;892;12;0;39;6;41;214;134;13;0;16;13;3;0;0;0;0;0
933;536;2015;Delantero;31;2083;22;6.919354;16;4;64;39;339;24;54;21;0;9;209;74;18;0;51;18;2;0;4;0;0;0
113711;536;2015;Defensa;24;2159;24;6.758333;0;3;12;5;639;20;74;24;7;44;143;81;27;0;23;6;3;0;0;0;0;0
1461;536;2015;Mediocentro;0;0;0;0.0;0;0;0;0;0;0;0;0;0;0;0;0;0;0;0;0;0;0;0;0;0;0
22086;536;2015;Defensa;29;2384;26;6.827586;0;0;8;2;1128;3;42;40;7;59;144;82;10;0;9;8;6;1;0;0;0;0
1699;536;2015;Mediocentro;29;1739;21;6.757142;7;2;25;12;582;13;0;26;13;30;257;122;24;0;7;2;9;0;0;0;0;0
46756;536;2015;Defensa;1;90;1;6.7;0;0;0;0;24;0;0;9;0;2;13;9;0;0;0;0;0;0;0;0;0;0
46763;536;2015;Defensa;1;90;1;6.2;0;0;0;0;35;0;0;2;0;0;7;3;1;0;2;0;0;0;0;0;0;0
46801;536;2015;Mediocentro;27;1657;16;6.918518;1;3;25;3;681;36;83;26;5;20;161;66;15;0;26;14;3;0;0;0;0;0
46808;536;2015;Delantero;1;27;0;6.2;0;0;0;0;9;1;0;0;0;0;3;2;1;0;0;0;0;0;0;0;0;0
46817;536;2015;Defensa;2;107;1;6.75;1;0;2;2;41;0;83;3;1;2;9;5;1;0;0;0;0;0;0;0;0;0
1863;536;2015;Delantero;8;332;4;6.6375;2;0;11;6;51;1;0;3;0;0;42;13;5;0;4;1;2;0;0;0;0;0
46957;536;2015;Delantero;8;300;3;6.4875;1;0;6;3;34;0;0;4;0;0;31;8;1;0;4;2;0;0;0;0;0;0
1906;536;2015;Defensa;28;2427;28;6.875;0;1;11;3;866;4;67;18;14;45;142;85;15;0;5;3;8;0;0;0;0;0
47034;536;2015;Mediocentro;24;1185;14;6.65;1;1;21;9;344;33;65;0;0;13;213;93;39;0;41;19;6;0;0;0;0;0
2040;536;2015;Defensa;15;1172;13;6.9;1;1;11;5;432;14;0;34;1;25;158;91;23;0;26;15;2;0;0;0;0;0
2043;536;2015;Defensa;14;1049;11;6.828571;1;1;7;3;396;2;74;17;5;27;96;48;6;0;4;1;4;0;0;0;0;0
2058;538;2015;Delantero;29;2473;27;7.396551;12;7;71;33;924;62;52;48;0;27;411;183;61;0;143;58;9;0;1;0;0;0
108561;538;2015;Defensa;1;90;1;6.3;0;0;0;0;24;0;0;2;2;3;9;5;2;0;0;0;1;0;0;0;0;0
51251;538;2015;Defensa;7;540;6;7.042857;1;0;1;1;460;2;68;17;2;15;45;32;2;0;4;2;1;0;0;0;0;0
116827;538;2015;Portero;1;4;0;0.0;0;0;0;0;2;0;0;0;0;0;0;0;0;0;0;0;0;0;0;0;0;0
47371;538;2015;Delantero;35;1232;12;6.720588;7;0;25;18;296;16;0;10;1;2;151;58;27;0;20;8;3;0;1;0;0;0
47390;538;2015;Delantero;33;2920;33;6.930303;7;7;66;24;1304;60;61;33;5;28;488;215;90;0;164;74;10;0;1;0;0;0
18740;538;2015;Defensa;36;2960;34;6.772222;1;4;12;4;1492;22;42;82;6;105;322;164;21;0;50;29;9;1;0;0;0;0
47425;538;2015;Portero;31;2725;30;6.758064;0;0;0;0;558;0;0;1;0;2;14;10;1;0;0;0;1;0;0;48;82;0
47426;538;2015;Portero;8;690;8;6.625;0;0;0;0;176;0;0;0;0;0;4;3;2;0;0;0;1;1;0;12;18;0
47428;538;2015;Defensa;31;2675;31;7.006451;0;0;6;2;1725;5;55;86;18;106;316;185;19;0;2;1;10;1;0;0;0;0
47432;538;2015;Defensa;34;2943;33;6.972727;1;4;6;4;1396;17;41;90;14;117;277;154;16;0;22;11;9;0;0;0;0;0
47441;538;2015;Mediocentro;30;1449;15;6.814814;0;1;5;1;782;3;0;57;0;39;176;101;15;0;17;11;5;0;0;0;0;0
47445;538;2015;Delantero;35;2667;31;7.145714;14;4;70;34;895;51;0;23;3;14;281;102;36;0;55;27;8;0;1;0;0;0
104828;538;2015;Defensa;1;39;0;6.3;0;0;0;0;6;0;85;0;1;2;2;1;0;0;0;0;0;0;0;0;0;0
104841;538;2015;Mediocentro;8;383;4;6.285714;0;1;2;1;96;2;0;4;0;3;72;30;14;0;18;7;1;0;0;0;0;0
47509;538;2015;Defensa;26;1678;18;6.760869;0;2;3;1;709;9;65;61;4;65;188;103;10;0;3;2;4;0;0;0;0;0
8627;538;2015;Mediocentro;23;1193;14;6.647368;2;1;18;6;270;10;0;19;0;13;170;82;29;0;63;28;5;0;0;0;0;0
2557;538;2015;Mediocentro;33;2311;28;6.903125;2;4;21;6;1467;15;40;65;8;63;567;305;96;0;36;24;15;0;0;0;0;0
62032;538;2015;Mediocentro;1;0;0;0.0;0;0;0;0;2;0;0;0;0;0;1;0;0;0;0;0;0;0;0;0;0;0
660;538;2015;Mediocentro;6;58;0;6.52;0;0;0;0;23;0;61;4;0;2;17;10;4;0;2;2;0;0;0;0;0;0
13114;538;2015;Mediocentro;15;1338;15;6.792307;1;0;4;1;350;1;86;31;0;35;114;53;6;0;11;9;7;0;0;0;0;0
932;538;2015;Mediocentro;36;2704;31;7.05;2;5;41;12;1472;42;41;50;6;49;292;158;40;0;29;17;3;0;0;0;0;0
21648;538;2015;Delantero;10;505;6;6.46;1;0;10;4;114;5;0;11;1;2;97;42;6;0;16;6;1;0;0;0;0;0
40258;538;2015;Mediocentro;4;132;1;6.475;0;0;0;0;47;1;40;2;1;4;15;9;0;0;5;3;0;0;0;0;0;0
61160;538;2015;Mediocentro;6;103;1;6.25;0;0;1;0;30;0;0;0;0;0;12;4;1;0;5;2;1;0;0;0;0;0
5914;538;2015;Mediocentro;14;983;10;6.878571;0;1;6;1;736;2;46;20;2;30;84;39;13;0;7;5;3;0;0;0;0;0
2042;538;2015;Defensa;31;2615;29;6.843333;0;1;1;0;1458;3;48;52;15;100;212;113;5;0;4;4;6;0;0;0;0;0
47108;539;2015;Mediocentro;29;2126;23;6.985714;2;3;24;7;1067;39;68;44;5;31;173;88;29;0;11;6;13;0;1;0;0;0
116819;539;2015;Defensa;20;1518;19;0.0;0;0;0;0;0;0;0;0;0;0;0;0;0;0;0;0;8;1;0;0;0;0
47219;539;2015;Defensa;13;957;10;6.646153;0;0;6;0;220;4;63;32;2;31;113;61;6;0;28;16;3;0;0;0;0;0
47411;539;2015;Mediocentro;0;0;0;6.534482;0;4;26;13;479;21;61;27;1;20;238;89;32;0;52;14;0;0;0;0;0;0
47453;539;2015;Defensa;27;2387;26;6.555555;0;1;9;3;762;19;48;42;2;64;316;164;40;0;80;47;8;0;0;0;0;0
47454;539;2015;Defensa;17;1299;16;6.623529;1;0;6;2;395;4;72;28;3;26;146;75;22;0;29;16;8;0;0;0;0;0
47467;539;2015;Delantero;35;2675;31;6.757142;7;5;54;24;753;55;0;45;2;26;424;170;37;0;168;70;4;0;0;0;0;0
47471;539;2015;Delantero;16;646;7;6.48;0;0;18;8;114;5;0;9;0;3;93;35;9;0;11;6;4;0;0;0;0;0
2490;539;2015;Mediocentro;33;2685;31;6.80625;1;2;26;3;1016;28;0;60;7;63;317;164;26;0;30;14;11;0;0;0;0;0
6588;539;2015;Delantero;13;479;5;6.681818;0;1;11;4;77;7;63;10;0;5;70;36;9;0;33;16;1;0;0;0;0;0
104975;539;2015;Defensa;20;1693;20;0.0;0;0;0;0;0;0;0;0;0;0;0;0;0;0;0;0;4;0;0;0;0;0
18998;539;2015;Mediocentro;34;2110;21;6.624242;2;3;24;8;1007;19;0;44;1;30;283;118;27;0;37;17;4;0;0;0;0;0
33361;539;2015;Defensa;30;2180;26;6.7;1;0;10;4;799;3;61;45;9;72;287;175;35;0;9;8;11;1;0;0;0;0
105049;539;2015;Mediocentro;13;526;5;6.307692;0;0;7;3;95;2;63;2;2;2;76;20;7;0;14;3;5;0;0;0;0;0
88774;539;2015;Defensa;1;90;1;6.2;0;0;0;0;15;0;50;2;0;2;9;2;0;0;1;0;1;0;0;0;0;0
78739;539;2015;Mediocentro;13;907;10;6.846153;1;1;9;2;426;21;83;12;0;10;85;36;12;0;9;5;0;0;0;0;0;0
50187;539;2015;Delantero;20;1009;10;6.47;0;1;16;5;199;10;0;5;1;6;195;62;9;0;37;14;1;0;0;0;0;0
3170;539;2015;Defensa;14;1260;14;6.85;1;0;5;2;387;3;73;12;9;34;66;40;7;0;3;3;1;0;0;0;0;0
91429;539;2015;Delantero;17;1161;15;6.911764;6;2;33;18;242;20;79;8;0;9;143;50;17;0;35;18;1;0;1;0;0;0
1563;539;2015;Defensa;28;2520;28;6.935714;1;1;13;3;925;5;56;31;23;109;183;106;13;0;8;8;10;0;0;0;0;0
46647;539;2015;Portero;15;1350;15;6.52;0;0;0;0;311;0;0;0;0;0;4;3;0;0;0;0;4;0;0;27;41;0
46658;539;2015;Mediocentro;22;1009;9;6.60909;1;0;13;7;335;21;0;23;3;16;177;73;27;0;36;18;5;0;0;0;0;0
46772;539;2015;Mediocentro;12;801;10;6.908333;0;0;9;4;386;3;0;29;0;26;125;70;16;0;6;4;5;0;0;0;0;0
9934;539;2015;Delantero;33;2165;24;6.951515;9;1;61;30;596;25;0;30;3;17;462;250;68;0;29;11;12;0;0;0;0;0
5907;539;2015;Defensa;3;270;3;5.533333;0;0;0;0;72;0;74;10;0;4;49;25;8;0;3;1;1;0;0;0;0;0
46870;539;2015;Portero;23;2070;23;6.843478;0;0;0;0;666;1;0;0;0;1;15;13;6;0;1;1;1;0;0;42;79;0
46915;539;2015;Defensa;8;668;8;6.5875;0;0;2;0;140;0;75;10;9;19;36;15;1;0;1;1;0;0;0;0;0;0
46955;539;2015;Delantero;23;940;8;6.717391;3;1;11;3;307;12;44;13;1;7;190;86;19;0;15;7;4;0;0;0;0;0
42980;539;2015;Portero;0;0;0;6.9;0;0;0;0;42;1;0;0;0;0;0;0;0;0;0;0;0;0;0;2;4;0
82030;540;2015;Defensa;10;759;9;0.0;0;0;0;0;0;0;0;0;0;0;0;0;0;0;0;0;2;0;0;0;0;0
47328;540;2015;Defensa;14;1195;13;6.885714;1;0;7;3;435;1;0;15;9;42;109;59;3;0;2;2;5;0;0;0;0;0
47333;540;2015;Defensa;31;2423;28;6.693548;0;2;3;1;844;7;0;105;7;77;328;185;32;0;31;20;11;0;0;0;0;0
47342;540;2015;Mediocentro;29;2315;28;6.920689;1;6;21;8;866;25;61;99;5;71;351;171;35;0;20;14;13;0;0;0;0;0
53490;540;2015;Defensa;27;1968;25;6.418518;1;2;9;4;591;17;0;52;1;29;291;133;33;0;36;13;6;0;0;0;0;0
47355;540;2015;Defensa;22;1864;21;6.713636;0;1;7;2;612;11;0;62;3;60;197;101;21;0;9;2;5;0;0;0;0;0
47362;540;2015;Mediocentro;26;974;8;6.78;1;3;29;11;284;17;49;22;0;9;153;80;21;0;71;33;0;0;0;0;0;0
47377;540;2015;Defensa;7;630;7;6.857142;0;0;3;2;322;6;0;23;1;15;75;43;7;0;7;5;3;0;0;0;0;0
47387;540;2015;Mediocentro;30;2485;29;6.896551;3;0;21;8;955;3;67;83;11;88;410;212;52;0;18;12;14;0;0;0;0;0
47389;540;2015;Mediocentro;9;623;5;7.0;1;0;9;4;357;9;41;22;2;15;82;39;3;0;13;7;3;0;0;0;0;0
2369;540;2015;Mediocentro;13;689;7;6.616666;0;0;0;0;379;3;45;14;4;19;70;34;11;0;1;0;5;0;0;0;0;0
8518;540;2015;Delantero;14;328;2;6.546153;0;0;6;1;61;3;0;4;0;0;70;27;10;0;12;5;3;0;0;0;0;0
2520;540;2015;Delantero;32;2447;27;6.571875;7;1;39;18;832;30;0;42;2;41;519;216;55;0;147;72;12;0;0;0;0;0
746;540;2015;Delantero;34;2833;33;7.023529;4;10;43;22;1063;67;0;55;1;16;396;176;57;0;106;55;3;0;0;0;0;0
35810;540;2015;Mediocentro;20;1101;13;6.726315;1;1;12;7;499;15;0;23;1;26;88;40;7;0;3;2;1;0;0;0;0;0
87220;540;2015;Defensa;2;136;2;6.05;0;0;0;0;66;0;76;4;0;6;14;9;1;0;0;0;0;0;0;0;0;0
1557;540;2015;Portero;36;3194;35;6.641666;0;0;0;0;741;0;0;1;0;4;21;19;7;0;0;0;4;0;0;62;96;0
46733;540;2015;Defensa;4;360;4;6.95;0;0;4;1;98;1;0;8;0;7;25;21;2;0;0;0;1;0;0;0;0;0
46743;540;2015;Mediocentro;15;526;5;6.672727;1;0;7;4;283;14;70;7;1;3;46;19;9;0;3;1;3;0;0;0;0;0
1689;540;2015;Defensa;36;3227;36;6.816666;0;1;15;6;1376;13;0;44;26;61;232;154;40;0;10;8;10;0;0;0;0;0
46757;540;2015;Defensa;7;468;5;6.428571;0;0;0;0;206;0;0;12;1;14;49;26;4;0;8;4;3;0;0;0;0;0
1707;540;2015;Delantero;32;1913;19;6.787096;7;3;42;21;628;19;0;26;1;14;351;136;21;0;79;34;4;0;1;0;0;0
1861;540;2015;Delantero;31;2145;26;6.812903;8;0;35;18;477;16;0;18;4;6;357;139;36;0;52;32;6;0;0;0;0;0
1983;540;2015;Defensa;33;2460;26;6.6;2;0;10;3;931;2;0;30;13;60;163;79;7;0;7;5;9;0;0;0;0;0
42979;540;2015;Portero;3;226;3;5.966666;0;0;0;0;19;0;0;2;0;0;4;4;0;0;0;0;0;0;0;15;7;0
47086;540;2015;Mediocentro;7;272;2;6.542857;0;0;4;2;50;3;77;0;0;4;41;21;10;0;10;2;1;0;0;0;0;0
47310;541;2015;Mediocentro;0;0;0;7.30606;0;1;18;7;1495;30;66;103;6;114;419;249;65;0;34;25;0;0;0;0;0;0
2291;541;2015;Mediocentro;25;1027;8;6.78;0;2;7;3;746;18;42;37;2;14;128;73;14;0;30;20;4;1;0;0;0;0
47472;541;2015;Delantero;6;282;3;6.68;0;0;3;0;90;1;0;3;0;0;31;11;3;0;2;2;0;0;0;0;0;0
373;541;2015;Defensa;21;1887;21;7.180952;1;1;12;6;1015;7;77;33;20;53;177;119;23;0;11;6;5;0;0;0;0;0
90521;541;2015;Defensa;6;258;2;0.0;0;0;0;0;0;0;0;0;0;0;0;0;0;0;0;0;1;0;0;0;0;0
517;541;2015;Mediocentro;26;1515;17;7.315384;7;8;28;18;1033;62;45;34;0;16;169;76;17;0;44;19;1;0;0;0;0;0
618;541;2015;Defensa;24;2044;23;7.2;2;5;14;6;1203;19;55;70;3;55;212;133;19;0;20;15;6;0;0;0;0;0
19112;541;2015;Portero;4;360;4;7.0;0;0;0;0;54;0;0;0;0;0;0;0;0;0;0;0;0;0;0;6;14;1
731;541;2015;Portero;34;3060;34;7.105882;0;0;0;0;674;0;0;4;0;4;21;21;5;0;0;0;0;0;0;28;95;3
733;541;2015;Defensa;22;1638;19;6.990476;0;4;8;0;983;31;45;33;6;40;195;104;26;0;41;23;6;0;0;0;0;0
735;541;2015;Defensa;16;1153;12;6.925;0;0;3;2;514;3;0;23;9;36;99;64;14;0;6;4;5;0;0;0;0;0
738;541;2015;Defensa;23;1946;23;7.243478;2;2;17;4;1255;7;55;35;20;77;164;103;26;0;5;3;9;0;0;0;0;0
742;541;2015;Defensa;26;2180;23;7.003846;0;0;12;2;1124;1;65;40;20;44;163;107;9;0;9;8;5;0;0;0;0;0
743;541;2015;Defensa;30;2473;28;7.206896;2;3;19;4;1580;51;71;75;5;54;289;170;34;0;98;56;2;0;0;0;0;0
745;541;2015;Mediocentro;31;1826;21;6.941935;3;7;30;12;1177;46;0;31;0;24;300;136;40;0;106;57;2;1;0;0;0;0
747;541;2015;Mediocentro;23;1526;17;7.266666;1;3;14;3;1013;7;47;71;10;45;259;159;36;0;12;9;7;0;0;0;0;0
752;541;2015;Mediocentro;32;2745;32;7.371875;1;10;19;4;2333;57;86;64;2;40;266;146;47;0;33;25;3;0;0;0;0;0
754;541;2015;Mediocentro;32;2629;31;7.434375;2;4;23;10;2142;61;67;49;4;62;261;148;44;0;60;47;5;0;0;0;0;0
753;541;2015;Mediocentro;2;23;0;6.7;0;0;0;0;21;1;0;0;0;1;0;0;0;0;0;0;0;0;0;0;0;0
757;541;2015;Defensa;25;1227;10;7.130434;4;6;18;13;620;30;0;53;1;25;214;121;35;0;51;29;4;0;0;0;0;0
758;541;2015;Delantero;23;1741;21;7.965217;19;10;78;36;589;52;64;11;2;20;193;100;27;0;71;42;2;0;0;0;0;0
759;541;2015;Delantero;27;1994;26;7.555555;24;7;86;51;652;43;0;8;0;3;150;55;21;0;38;17;1;0;0;0;0;0
874;541;2015;Delantero;36;3185;36;7.847222;35;11;199;98;1041;52;0;11;3;8;311;155;38;0;92;51;3;0;6;0;0;0
923;541;2015;Mediocentro;2;33;0;6.7;0;1;1;0;21;1;0;2;1;2;14;5;1;0;2;2;0;0;0;0;0;0
1585;541;2015;Delantero;28;826;7;6.918518;5;6;19;17;355;23;0;13;0;9;99;45;10;0;36;19;0;0;0;0;0;0
47104;543;2015;Defensa;14;909;10;6.715384;0;1;5;2;342;9;0;16;4;19;60;31;4;0;4;1;3;0;0;0;0;0
27;543;2015;Portero;36;3213;36;6.95;0;0;0;0;601;2;0;1;0;5;22;16;4;0;1;1;6;0;0;50;129;1
114799;543;2015;Mediocentro;7;177;2;0.0;0;0;0;0;0;0;0;0;0;0;0;0;0;0;0;0;0;0;0;0;0;0
47252;543;2015;Defensa;32;2807;32;7.03125;0;0;16;4;880;1;57;63;17;91;262;158;16;0;13;11;9;0;0;0;0;0
47262;543;2015;Mediocentro;19;965;11;6.572222;0;0;4;0;536;18;0;12;1;9;117;44;11;0;28;18;4;0;0;0;0;0
47265;543;2015;Delantero;23;916;10;6.704545;1;1;14;6;202;10;42;10;1;4;140;56;23;0;7;3;4;0;0;0;0;0
32970;543;2015;Delantero;3;129;1;6.566666;0;0;6;1;15;4;68;2;0;0;25;9;2;0;3;0;0;0;0;0;0;0
37125;543;2015;Delantero;16;1227;13;6.9625;1;1;10;6;342;13;0;32;0;9;241;142;52;0;95;57;2;0;0;0;0;0
328;543;2015;Mediocentro;12;430;6;6.518181;0;1;3;2;242;6;0;9;0;2;64;20;3;0;13;5;0;0;0;0;0;0
104861;543;2015;Mediocentro;8;293;2;6.614285;0;0;2;1;114;0;68;9;2;6;40;18;4;0;3;1;2;0;0;0;0;0
2469;543;2015;Defensa;25;2165;23;7.064;3;1;17;8;775;3;0;53;15;87;231;141;13;0;0;0;9;0;0;0;0;0
18965;543;2015;Defensa;13;1167;13;6.907692;0;1;0;0;557;4;0;41;4;43;162;97;22;0;27;14;4;0;0;0;0;0
78370;543;2015;Defensa;20;1633;20;7.02;1;0;15;4;469;2;71;39;12;59;185;117;13;0;10;8;5;0;0;0;0;0
90710;543;2015;Defensa;3;167;2;6.8;0;0;0;0;51;0;83;4;3;8;19;11;0;0;1;1;1;0;0;0;0;0
748;543;2015;Mediocentro;34;2133;22;6.711764;0;2;14;3;1185;23;0;70;2;38;458;216;77;0;100;52;10;0;0;0;0;0
921;543;2015;Defensa;16;1421;16;6.7375;0;0;11;3;563;13;41;43;4;41;206;107;12;0;51;24;4;0;0;0;0;0
101283;543;2015;Defensa;20;1719;20;0.0;2;0;0;0;0;0;0;0;0;0;0;0;0;0;0;0;6;0;0;0;0;0
2992;543;2015;Mediocentro;34;3010;34;6.955882;2;0;22;5;984;6;64;93;20;90;417;209;26;0;43;32;6;0;0;0;0;0
48390;543;2015;Delantero;16;614;5;6.7;1;2;13;4;139;7;0;10;3;9;107;39;12;0;4;2;2;0;0;0;0;0
44318;543;2015;Mediocentro;30;2328;27;6.903333;1;1;7;1;1131;15;0;103;8;62;379;209;69;0;35;18;8;0;0;0;0;0
77168;543;2015;Mediocentro;30;1876;21;6.696666;1;2;36;11;483;27;70;61;4;33;350;162;41;0;83;40;10;0;0;0;0;0
1579;543;2015;Mediocentro;30;1961;22;6.82;1;5;26;6;699;50;60;26;2;28;281;133;40;0;91;47;3;0;0;0;0;0
46692;543;2015;Mediocentro;3;85;1;6.5;0;0;1;0;29;2;56;0;0;0;11;6;3;0;3;2;0;0;0;0;0;0
46781;543;2015;Delantero;6;191;2;6.7;1;0;5;2;32;1;60;0;0;1;43;14;5;0;2;0;1;0;0;0;0;0
46784;543;2015;Portero;3;207;2;6.666666;0;0;0;0;40;0;49;0;0;0;0;0;0;0;0;0;0;0;0;3;5;1
104131;543;2015;Mediocentro;8;484;6;6.5375;0;0;5;1;263;8;0;9;0;6;66;24;7;0;11;4;1;0;0;0;0;0
46880;543;2015;Defensa;21;1192;15;6.436842;0;1;4;1;342;7;55;26;2;36;155;59;7;0;22;6;5;0;0;0;0;0
46981;543;2015;Mediocentro;12;633;6;6.458333;0;0;7;2;278;1;46;6;2;16;65;29;12;0;3;2;2;0;0;0;0;0
47012;543;2015;Delantero;38;3378;38;7.021052;19;4;95;48;779;31;58;4;2;14;246;103;60;0;47;13;3;0;3;0;0;0
116822;544;2015;Defensa;3;175;2;0.0;0;0;0;0;0;0;0;0;0;0;0;0;0;0;0;0;0;0;0;0;0;0
47405;544;2015;Defensa;35;2682;30;6.688571;1;2;17;2;862;20;57;58;5;104;269;142;26;0;44;15;4;0;0;0;0;0
104796;544;2015;Defensa;35;2961;35;0.0;0;0;0;0;0;0;0;0;0;0;0;0;0;0;0;0;5;0;0;0;0;0
47460;544;2015;Defensa;2;50;0;6.5;0;0;1;1;35;0;0;1;0;0;4;1;0;0;0;0;0;0;0;0;0;0
18833;544;2015;Delantero;36;3141;35;7.108333;17;8;86;50;866;72;0;18;2;5;271;108;48;0;77;38;3;0;1;0;0;0
53659;544;2015;Mediocentro;3;41;0;6.733333;0;1;4;0;13;1;90;2;0;0;9;3;0;0;4;1;0;0;0;0;0;0
47563;544;2015;Defensa;20;1091;11;6.65;0;0;7;1;290;6;61;31;1;21;156;96;33;0;30;20;6;0;0;0;0;0
2616;544;2015;Delantero;13;566;6;6.5;0;0;17;7;70;3;0;8;0;1;83;23;5;0;12;5;2;0;0;0;0;0
105045;544;2015;Mediocentro;18;891;12;0.0;0;0;0;0;0;0;0;0;0;0;0;0;0;0;0;0;2;0;0;0;0;0
105108;544;2015;Defensa;10;741;8;0.0;0;0;0;0;0;0;0;0;0;0;0;0;0;0;0;0;5;0;0;0;0;0
2715;544;2015;Mediocentro;38;2841;31;6.95;5;3;38;19;1417;58;40;50;0;48;250;119;35;0;34;12;3;0;0;0;0;0
2840;544;2015;Mediocentro;24;1909;21;6.954166;3;2;17;9;959;24;0;37;3;34;246;137;15;0;9;6;4;0;0;0;0;0
6997;544;2015;Delantero;22;786;7;6.671428;2;0;24;6;165;7;58;3;0;3;157;69;17;0;7;4;3;0;0;0;0;0
35903;544;2015;Defensa;31;2737;31;6.848387;2;0;10;4;1043;3;0;56;14;103;297;177;31;0;16;10;10;0;0;0;0;0
115979;544;2015;Portero;2;180;2;0.0;0;0;0;0;0;0;0;0;0;0;0;0;0;0;0;0;0;0;0;0;0;0
7581;544;2015;Mediocentro;5;184;2;6.46;0;0;2;1;56;2;41;8;0;1;32;11;0;0;1;1;0;0;0;0;0;0
1562;544;2015;Defensa;0;0;0;7.024242;0;0;5;0;1167;5;0;53;16;103;214;134;20;0;21;13;0;0;0;0;0;0
46796;544;2015;Mediocentro;22;1750;20;6.966666;2;1;15;3;681;21;75;60;3;40;214;104;6;0;6;3;3;0;0;0;0;0
46797;544;2015;Mediocentro;26;1355;15;6.915384;3;3;44;18;563;23;0;37;0;30;269;139;53;0;74;41;3;0;0;0;0;0
46805;544;2015;Mediocentro;37;3288;37;7.113513;0;2;23;4;1906;22;49;121;9;83;402;213;43;0;12;9;10;0;0;0;0;0
5946;544;2015;Mediocentro;15;390;3;6.478571;0;1;3;0;114;4;54;18;2;19;81;43;5;0;20;10;2;0;0;0;0;0
1859;544;2015;Mediocentro;29;2108;25;6.941379;6;7;61;27;688;32;0;38;0;10;274;110;21;0;79;34;3;0;0;0;0;0
46945;544;2015;Defensa;23;1546;16;6.573913;0;0;1;0;499;6;47;40;6;55;147;69;12;0;12;3;6;0;0;0;0;0
5986;544;2015;Portero;29;2558;29;6.737931;0;0;0;0;632;1;0;1;0;4;18;16;8;0;1;1;5;1;0;38;73;1
89980;544;2015;Portero;8;682;7;0.0;0;0;0;0;0;0;0;0;0;0;0;0;0;0;0;0;2;0;0;0;0;0
116817;545;2015;Delantero;6;56;0;6.74;1;0;1;1;33;0;70;0;0;0;5;3;2;0;0;0;0;0;0;0;0;0
116832;545;2015;Mediocentro;2;3;0;0.0;0;0;0;0;7;1;0;1;0;0;4;2;0;0;0;0;0;0;0;0;0;0
116837;545;2015;Defensa;1;0;0;0.0;0;0;0;0;0;0;0;0;0;0;0;0;0;0;0;0;0;0;0;0;0;0
116840;545;2015;Defensa;1;5;0;6.2;0;0;0;0;5;0;0;0;0;0;1;1;1;0;0;0;0;0;0;0;0;0
47274;545;2015;Defensa;36;3120;34;6.822857;2;5;8;5;1109;22;0;105;5;94;339;198;29;0;67;35;12;0;0;0;0;0
47281;545;2015;Mediocentro;35;3057;35;6.947058;0;0;15;4;1609;13;44;96;5;92;355;201;44;0;11;10;15;0;0;0;0;0
47370;545;2015;Delantero;36;2580;29;6.92647;18;3;81;42;561;17;0;24;1;9;356;119;29;0;19;7;3;0;3;0;0;0
47376;545;2015;Portero;34;3060;34;6.672727;0;0;0;0;533;0;0;1;0;5;31;27;8;0;0;0;1;0;0;54;77;1
47382;545;2015;Defensa;23;1795;21;6.85909;0;1;8;1;550;4;70;18;5;52;141;92;11;0;9;7;7;1;0;0;0;0
47388;545;2015;Mediocentro;17;1472;17;6.960606;1;1;20;5;1140;13;0;116;12;89;461;224;27;0;46;29;10;0;0;0;0;0
47395;545;2015;Delantero;38;2420;25;6.958333;9;6;40;23;811;31;0;40;2;14;474;205;51;0;24;12;4;0;0;0;0;0
47431;545;2015;Defensa;31;2335;25;6.7;0;4;5;0;808;21;0;71;3;56;231;142;33;0;35;17;8;0;0;0;0;0
334;545;2015;Mediocentro;9;290;3;6.666666;0;0;3;1;65;7;0;4;1;5;48;16;8;0;9;3;2;0;0;0;0;0
47455;545;2015;Defensa;15;1003;12;6.792307;0;1;1;1;352;5;0;22;0;30;70;42;7;0;13;6;2;0;0;0;0;0
47488;545;2015;Delantero;29;2316;27;6.735714;3;3;31;13;561;43;54;72;1;25;370;176;58;0;84;37;5;0;0;0;0;0
2600;545;2015;Mediocentro;27;1626;18;6.565384;3;3;28;10;450;23;0;31;0;12;186;72;18;0;42;17;1;0;0;0;0;0
105035;545;2015;Defensa;8;540;6;0.0;0;0;0;0;0;0;0;0;0;0;0;0;0;0;0;0;0;0;0;0;0;0
105084;545;2015;Portero;4;360;4;6.55;0;0;0;0;65;0;0;0;0;0;2;1;0;0;0;0;0;0;0;7;13;0
19533;545;2015;Mediocentro;13;692;8;6.516666;0;0;13;5;166;13;69;12;0;6;107;37;4;0;41;19;1;0;0;0;0;0
15510;545;2015;Defensa;4;189;2;6.2;0;0;0;0;43;0;42;1;0;6;20;6;1;0;0;0;1;0;0;0;0;0
1327;545;2015;Delantero;7;174;2;6.383333;0;0;2;0;50;3;83;2;0;1;21;5;1;0;6;0;0;0;0;0;0;0
15886;545;2015;Mediocentro;8;404;5;6.8;0;0;1;0;187;1;0;13;0;13;52;28;6;0;2;2;2;0;0;0;0;0
46650;545;2015;Defensa;10;549;5;6.622222;0;0;4;0;246;3;42;5;1;25;52;25;5;0;2;1;5;0;0;0;0;0
46765;545;2015;Defensa;20;1677;18;6.725;0;0;8;1;381;1;46;18;4;74;139;75;1;0;2;1;6;0;0;0;0;0
46827;545;2015;Mediocentro;32;2232;26;6.693548;5;0;38;20;744;14;62;28;6;41;255;109;20;0;14;5;6;0;0;0;0;0
46856;545;2015;Delantero;29;1399;16;6.792307;4;4;29;14;407;42;46;31;0;29;202;66;8;0;57;17;1;0;3;0;0;0
46952;545;2015;Mediocentro;6;207;1;6.66;0;0;2;1;70;1;0;11;1;5;40;20;4;0;0;0;2;0;0;0;0;0
47073;545;2015;Defensa;31;2682;30;6.716666;0;1;10;5;854;6;0;49;8;85;267;159;17;0;12;8;7;0;0;0;0;0
2056;546;2015;Mediocentro;31;2535;30;6.86129;7;6;52;33;866;76;0;45;1;32;393;156;58;0;104;46;9;0;0;0;0;0
2083;546;2015;Delantero;20;760;6;6.565;0;0;14;3;224;8;0;15;0;11;135;66;18;0;50;29;2;0;0;0;0;0
63550;546;2015;Mediocentro;18;971;8;6.564705;0;0;5;1;412;9;0;23;1;24;162;88;7;0;78;51;3;0;0;0;0;0
116818;546;2015;Mediocentro;14;1019;12;0.0;3;0;0;0;0;0;0;0;0;0;0;0;0;0;0;0;5;0;0;0;0;0
47257;546;2015;Defensa;31;2635;30;6.677419;0;3;7;1;1146;33;0;64;6;60;264;127;35;0;41;16;7;1;0;0;0;0
47359;546;2015;Defensa;14;1194;14;6.507142;1;0;4;3;336;7;0;38;9;26;126;64;7;0;22;8;6;0;0;0;0;0
47392;546;2015;Mediocentro;31;1849;23;6.653333;2;4;37;11;573;34;0;29;1;21;312;142;32;0;92;46;5;0;0;0;0;0
51570;546;2015;Defensa;6;412;6;6.35;0;0;2;0;82;3;51;16;3;14;49;23;1;0;2;0;3;0;0;0;0;0
18835;546;2015;Portero;38;3420;38;6.773684;0;0;0;0;844;2;0;1;0;8;25;21;2;0;1;1;2;0;0;67;124;1
47538;546;2015;Defensa;11;974;11;6.845454;3;1;7;4;360;3;0;33;7;26;94;58;3;0;9;5;7;0;0;0;0;0
47546;546;2015;Mediocentro;20;1486;16;6.6;2;1;24;13;607;9;0;18;2;20;212;82;23;0;22;11;7;0;0;0;0;0
47574;546;2015;Mediocentro;22;915;9;6.668181;2;3;13;9;396;7;0;14;1;12;94;34;4;0;25;14;3;0;0;0;0;0
105032;546;2015;Mediocentro;32;2516;30;0.0;0;0;0;0;0;0;0;0;0;0;0;0;0;0;0;0;11;0;0;0;0;0
19071;546;2015;Mediocentro;17;739;6;6.605882;1;0;12;4;332;5;0;41;1;21;151;77;16;0;23;12;5;1;0;0;0;0
48153;546;2015;Delantero;2;124;1;6.55;0;0;4;0;19;2;61;0;0;1;19;7;2;0;2;0;0;0;0;0;0;0
50228;546;2015;Defensa;26;2202;24;6.75;0;0;7;3;765;3;61;38;9;69;155;85;5;0;20;17;8;0;0;0;0;0
105583;546;2015;Defensa;17;1371;17;0.0;0;0;0;0;0;0;0;0;0;0;0;0;0;0;0;0;6;0;0;0;0;0
36057;546;2015;Delantero;1;13;0;6.7;0;0;1;0;10;1;0;0;0;0;0;0;0;0;0;0;0;0;0;0;0;0
3424;546;2015;Mediocentro;8;53;0;6.7;0;0;2;0;39;0;0;3;0;0;22;12;2;0;8;6;0;0;0;0;0;0
44423;546;2015;Defensa;15;1350;15;6.933333;1;0;2;1;415;6;76;20;9;45;98;60;7;0;7;4;7;0;0;0;0;0
40487;546;2015;Delantero;34;1808;17;6.624242;6;1;27;16;456;22;0;8;3;6;203;75;37;0;14;3;4;0;0;0;0;0
46829;546;2015;Mediocentro;31;2664;31;6.787096;0;0;13;0;1131;10;80;0;0;68;340;177;32;0;26;19;8;0;0;0;0;0
46878;546;2015;Defensa;1;90;1;6.2;0;0;0;0;32;0;69;4;1;0;15;5;1;0;2;0;1;0;0;0;0;0
46998;546;2015;Defensa;22;1910;21;6.968181;1;1;6;1;582;5;72;49;7;61;171;101;23;0;12;9;11;0;0;0;0;0
51112;546;2015;Mediocentro;33;2309;26;6.651515;2;2;41;12;914;25;66;40;2;21;240;103;33;0;53;23;1;0;0;0;0;0
47066;546;2015;Delantero;34;1991;24;6.664705;5;4;44;17;386;22;0;10;2;12;235;73;32;0;26;10;6;0;1;0;0;0
47259;548;2015;Mediocentro;20;1355;15;6.905;1;0;12;4;446;5;82;0;0;53;170;95;19;0;5;4;7;0;0;0;0;0
47273;548;2015;Defensa;21;1849;21;7.009523;0;4;12;2;803;16;41;48;5;82;230;145;22;0;37;21;10;0;0;0;0;0
47296;548;2015;Portero;36;3192;36;6.888888;0;0;0;0;1017;1;0;3;0;5;24;18;6;0;2;2;5;1;0;43;106;1
47298;548;2015;Defensa;31;2600;30;6.92258;1;0;15;5;1085;10;0;74;8;81;284;162;25;0;35;14;8;0;0;0;0;0
47307;548;2015;Defensa;13;916;10;6.816666;0;0;2;0;311;4;0;31;2;23;140;78;22;0;16;7;5;0;0;0;0;0
47310;548;2015;Mediocentro;33;2847;32;7.30606;1;1;18;7;1495;30;66;103;6;114;419;249;65;0;34;25;15;0;0;0;0;0
47312;548;2015;Mediocentro;28;1786;19;7.157142;0;7;22;7;1009;45;0;25;4;35;127;57;8;0;14;6;7;0;0;0;0;0
47314;548;2015;Defensa;1;6;0;6.2;0;0;0;0;5;0;0;0;0;0;2;0;0;0;0;0;0;0;0;0;0;0
47316;548;2015;Mediocentro;16;1128;14;6.893333;1;3;18;7;430;14;79;37;3;30;217;113;35;0;31;12;1;0;0;0;0;0
47318;548;2015;Delantero;4;116;1;6.866666;1;0;3;2;33;2;0;2;0;1;27;11;3;0;3;1;2;0;0;0;0;0
47323;548;2015;Delantero;22;1500;16;6.757142;6;1;26;10;454;20;0;20;0;18;243;86;33;0;41;13;1;0;0;0;0;0
47337;548;2015;Mediocentro;15;835;9;6.96;0;0;6;3;399;13;76;34;3;29;124;70;18;0;19;12;7;1;0;0;0;0
47449;548;2015;Portero;3;227;2;6.233333;0;0;0;0;76;0;0;0;0;0;2;1;1;0;0;0;1;0;0;3;4;1
104794;548;2015;Mediocentro;36;2380;27;0.0;3;0;0;0;0;0;0;0;0;0;0;0;0;0;0;0;3;0;0;0;0;0
104814;548;2015;Delantero;16;1174;14;0.0;13;0;0;0;0;0;0;0;0;0;0;0;0;0;0;0;0;0;0;0;0;0
51576;548;2015;Mediocentro;8;152;1;6.9;0;1;20;8;297;26;70;22;0;13;179;82;19;0;59;34;0;0;0;0;0;0
104994;548;2015;Mediocentro;1;8;0;6.9;0;0;1;1;3;0;0;0;0;0;1;1;0;0;1;1;0;0;0;0;0;0
105035;548;2015;Defensa;0;0;0;0.0;0;0;0;0;0;0;0;0;0;0;0;0;0;0;0;0;0;0;0;0;0;0
2670;548;2015;Defensa;30;2700;30;7.026666;1;0;10;4;1362;4;45;57;18;93;258;153;27;0;13;6;7;0;0;0;0;0
25390;548;2015;Delantero;27;1603;17;6.830769;7;2;49;26;352;20;0;13;0;4;263;106;34;0;44;11;7;0;0;0;0;0
2875;548;2015;Defensa;27;2313;26;7.211111;2;0;9;2;1037;7;0;58;19;104;245;158;13;0;16;11;4;0;0;0;0;0
1028;548;2015;Defensa;19;1552;17;6.989473;0;0;5;0;448;1;61;25;14;53;108;59;4;0;7;6;1;0;0;0;0;0
1163;548;2015;Delantero;32;1452;14;6.803225;2;1;37;21;580;24;0;15;0;11;206;100;27;0;97;54;0;0;0;0;0;0
1570;548;2015;Mediocentro;16;900;11;6.66;0;0;19;5;406;12;40;13;0;5;87;32;15;0;18;3;3;0;0;0;0;0
46852;548;2015;Defensa;10;536;6;7.15;0;2;3;0;212;6;64;0;0;25;60;42;6;0;9;4;2;0;0;0;0;0
51046;548;2015;Delantero;35;2765;32;6.797142;5;4;56;20;903;50;62;27;1;12;406;177;81;0;133;51;5;0;0;0;0;0
46994;548;2015;Defensa;15;1248;14;6.886666;0;2;3;0;520;11;52;35;2;38;118;71;15;0;9;2;5;0;0;0;0;0
47074;548;2015;Defensa;13;395;4;6.588888;0;1;2;0;147;1;0;8;1;12;43;24;9;0;8;3;1;0;0;0;0;0
2128;715;2015;Defensa;26;1972;23;6.923076;0;1;7;4;691;11;0;86;5;68;263;166;17;0;44;25;9;0;0;0;0;0
116828;715;2015;Defensa;5;404;4;0.0;0;0;0;0;0;0;0;0;0;0;0;0;0;0;0;0;1;0;0;0;0;0
26728;715;2015;Mediocentro;8;415;5;6.8875;2;2;10;5;72;13;56;7;0;4;51;22;4;0;5;4;3;0;0;0;0;0
47230;715;2015;Mediocentro;19;1314;16;6.678947;0;1;21;5;428;12;68;32;3;26;181;76;29;0;6;4;6;0;0;0;0;0
47251;715;2015;Defensa;21;1525;16;6.566666;1;1;5;1;437;11;0;38;4;41;160;78;8;0;45;20;5;0;0;0;0;0
10402;715;2015;Delantero;8;154;1;6.7;0;0;4;0;38;2;0;3;0;2;31;14;6;0;8;5;0;0;0;0;0;0
47415;715;2015;Mediocentro;31;2484;30;6.938709;0;2;13;2;1273;23;0;109;11;68;358;194;32;0;30;22;17;0;0;0;0;0
47468;715;2015;Mediocentro;35;2495;29;7.08;6;6;74;23;898;47;54;52;1;55;438;230;77;0;103;61;10;0;0;0;0;0
18805;715;2015;Mediocentro;15;1156;13;6.78;0;2;5;0;558;11;0;31;6;31;123;57;6;0;9;6;5;0;0;0;0;0
18811;715;2015;Delantero;23;1678;21;6.665217;5;3;19;8;313;18;0;32;2;7;303;110;38;0;54;29;8;0;0;0;0;0
47539;715;2015;Mediocentro;6;255;3;6.583333;0;0;0;0;107;1;0;10;1;9;32;18;2;0;1;1;3;0;0;0;0;0
41439;715;2015;Mediocentro;14;1250;14;7.007142;1;0;9;3;350;3;78;20;7;26;85;52;3;0;0;0;7;0;0;0;0;0
21099;715;2015;Mediocentro;24;1430;16;6.804545;0;0;7;1;469;5;50;38;3;58;201;120;17;0;13;12;3;0;0;0;0;0
33395;715;2015;Mediocentro;12;787;8;6.733333;2;2;10;3;183;6;86;13;0;14;83;37;10;0;24;12;0;0;0;0;0;0
2777;715;2015;Delantero;30;2432;28;6.593333;6;2;53;18;444;29;46;30;0;16;449;201;87;0;155;66;11;0;0;0;0;0
49905;715;2015;Delantero;7;180;0;6.4;0;0;2;1;63;2;0;3;1;0;41;16;5;0;10;2;0;0;0;0;0;0
35575;715;2015;Delantero;15;741;7;6.393333;1;0;9;2;160;6;0;23;0;12;124;48;13;0;20;5;4;0;0;0;0;0
70495;715;2015;Mediocentro;28;1445;15;6.775;2;1;16;5;649;38;74;0;0;31;215;91;20;0;13;6;6;0;0;0;0;0
35777;715;2015;Defensa;8;624;7;6.4125;0;0;1;0;162;0;0;8;1;18;34;13;0;0;0;0;4;0;0;0;0;0
42086;715;2015;Delantero;35;2515;27;7.108823;16;2;59;34;618;23;0;34;3;9;396;170;51;0;36;25;3;0;7;0;0;0
91701;715;2015;Delantero;14;363;3;6.542857;0;0;18;5;86;2;84;4;1;3;59;20;9;0;4;1;3;0;0;0;0;0
46659;715;2015;Mediocentro;18;695;7;6.311111;0;1;9;2;162;8;0;16;0;7;116;53;25;0;23;8;4;0;0;0;0;0
46735;715;2015;Defensa;2;74;1;5.75;0;0;0;0;24;0;0;1;0;1;7;2;1;0;2;0;0;1;0;0;0;0
1684;715;2015;Portero;37;3330;37;6.643243;0;0;0;0;961;2;0;1;0;9;29;25;8;0;1;1;6;1;0;66;103;0
30396;715;2015;Defensa;32;2822;32;6.65625;0;1;11;1;868;17;0;79;9;51;239;135;17;0;22;10;9;0;0;0;0;0
46822;715;2015;Defensa;31;2625;29;6.72;0;0;13;2;795;5;57;28;17;77;141;81;9;0;2;1;6;0;0;0;0;0
46874;715;2015;Defensa;25;2236;25;6.924;3;0;11;5;782;1;0;21;11;58;125;73;5;0;0;0;5;0;0;0;0;0
42980;715;2015;Portero;1;90;1;6.9;0;0;0;0;42;1;0;0;0;0;0;0;0;0;0;0;0;0;0;2;4;0
47153;728;2015;Portero;21;1801;19;6.814285;0;0;0;0;577;1;0;0;0;2;15;10;1;0;1;1;1;0;0;35;67;1
51294;728;2015;Mediocentro;16;801;7;6.325;0;1;15;5;207;13;0;18;0;10;152;60;9;0;68;27;2;0;0;0;0;0
26728;728;2015;Mediocentro;8;337;4;6.8875;0;2;10;5;72;13;56;7;0;4;51;22;4;0;5;4;1;0;0;0;0;0
47302;728;2015;Defensa;33;2877;33;6.863636;2;0;10;6;1374;2;41;60;16;104;381;209;33;0;28;22;11;1;0;0;0;0
2358;728;2015;Defensa;9;718;9;6.833333;0;0;1;1;322;0;80;23;3;27;75;42;7;0;2;1;4;0;0;0;0;0
47442;728;2015;Mediocentro;27;2062;24;6.881481;9;2;43;23;906;30;69;33;1;21;183;69;22;0;21;6;3;0;0;0;0;0
47476;728;2015;Portero;9;810;9;6.666666;0;0;0;0;235;1;0;0;0;3;3;2;2;0;0;0;1;1;0;22;28;1
41333;728;2015;Mediocentro;3;52;0;6.166666;0;0;0;0;18;1;0;2;0;2;12;3;1;0;3;0;0;0;0;0;0;0
47481;728;2015;Defensa;22;1714;22;6.513636;0;0;14;1;751;11;0;44;3;53;175;87;19;0;15;2;7;0;0;0;0;0
47537;728;2015;Defensa;29;2488;29;6.720689;1;3;11;1;764;15;70;45;14;63;252;133;36;0;14;9;5;1;0;0;0;0
47553;728;2015;Delantero;34;2245;27;6.8;3;6;57;21;593;32;0;39;1;22;316;139;22;0;111;50;3;0;0;0;0;0
47554;728;2015;Delantero;28;1832;19;6.539285;2;5;35;15;557;33;0;44;1;25;291;121;26;0;78;24;5;0;0;0;0;0
47555;728;2015;Delantero;30;2091;23;6.876666;12;0;72;30;474;19;71;0;0;9;406;165;63;0;36;7;8;0;0;0;0;0
104904;728;2015;Defensa;17;1030;10;6.61875;1;0;3;2;340;1;67;0;0;38;112;67;7;0;4;4;5;0;0;0;0;0
104905;728;2015;Delantero;28;928;5;6.714285;4;1;25;11;155;10;65;13;3;3;194;104;14;0;6;1;3;0;0;0;0;0
104980;728;2015;Mediocentro;36;3118;35;0.0;3;0;0;0;0;0;0;0;0;0;0;0;0;0;0;0;10;0;0;0;0;0
59937;728;2015;Delantero;22;1548;18;6.904761;9;4;36;20;393;27;0;25;3;9;223;85;23;0;24;7;4;0;0;0;0;0
25131;728;2015;Mediocentro;9;556;7;6.411111;0;0;10;4;234;9;0;4;0;5;46;18;6;0;4;2;3;1;0;0;0;0
105057;728;2015;Defensa;10;734;8;0.0;0;0;0;0;0;0;0;0;0;0;0;0;0;0;0;0;3;0;0;0;0;0
105111;728;2015;Portero;10;808;10;0.0;0;0;0;0;0;0;0;0;0;0;0;0;0;0;0;0;0;1;0;0;0;0
41642;728;2015;Defensa;22;1720;22;6.836363;2;0;10;3;961;8;63;39;12;64;165;98;4;0;7;7;7;0;0;0;0;0
19129;728;2015;Mediocentro;27;1916;24;6.75;3;4;34;12;771;29;66;35;1;23;220;89;22;0;65;26;3;0;0;0;0;0
6855;728;2015;Mediocentro;24;1840;22;6.595833;1;1;10;3;639;11;53;39;6;43;215;104;40;0;12;6;11;0;0;0;0;0
56131;728;2015;Mediocentro;3;99;1;6.333333;0;1;1;0;21;2;81;2;0;0;13;6;2;0;3;1;1;0;0;0;0;0
95590;728;2015;Mediocentro;6;383;4;6.483333;0;0;0;0;131;2;79;11;1;11;49;24;3;0;4;1;2;1;0;0;0;0
46679;728;2015;Defensa;27;2047;22;6.773076;0;1;11;3;679;8;0;103;5;74;285;162;14;0;39;17;7;0;0;0;0;0
46803;728;2015;Mediocentro;8;209;1;6.3125;0;0;1;0;66;2;0;3;0;0;32;10;4;0;6;2;0;0;0;0;0;0
47049;728;2015;Defensa;10;467;4;6.5;0;0;1;1;219;2;57;9;1;9;31;17;2;0;4;3;2;0;0;0;0;0
47171;731;2015;Defensa;4;57;0;6.65;0;0;0;0;24;4;0;0;0;2;13;6;2;0;4;3;1;0;0;0;0;0
2115;731;2015;Mediocentro;36;2347;24;6.755555;3;5;45;14;774;27;0;20;0;11;309;151;48;0;151;81;6;0;0;0;0;0
116820;731;2015;Mediocentro;3;83;1;6.4;0;0;0;0;20;2;0;1;0;0;14;2;1;0;2;0;0;0;0;0;0;0
47191;731;2015;Defensa;21;1033;11;6.6;2;1;12;5;289;13;0;31;2;19;138;68;4;0;35;17;1;0;0;0;0;0
14482;731;2015;Mediocentro;15;752;10;6.466666;1;0;12;4;183;7;0;9;0;8;156;66;36;0;19;13;2;0;0;0;0;0
43184;731;2015;Mediocentro;18;1055;11;6.825;0;2;6;1;355;12;71;36;4;24;150;68;16;0;23;11;2;0;0;0;0;0
24793;731;2015;Defensa;25;2174;24;6.84;0;0;8;1;755;1;0;50;16;69;177;99;11;0;12;12;6;0;0;0;0;0
47366;731;2015;Mediocentro;36;2872;33;6.619444;5;7;54;20;649;48;52;37;2;38;373;151;53;0;149;54;4;0;0;0;0;0
47385;731;2015;Mediocentro;27;2189;26;6.974074;2;2;5;3;1068;15;0;105;6;56;391;211;34;0;20;14;8;0;0;0;0;0
47399;731;2015;Portero;32;2880;32;6.865625;0;2;0;0;772;4;0;1;0;3;18;14;8;0;0;0;4;0;0;49;115;1
47505;731;2015;Defensa;16;1338;16;6.90625;1;0;12;6;478;5;0;24;17;41;174;95;9;0;2;1;6;0;0;0;0;0
414;731;2015;Mediocentro;26;1769;20;6.688;0;1;9;1;759;10;0;46;11;65;236;100;8;0;9;5;5;0;0;0;0;0
47528;731;2015;Portero;6;540;6;6.95;0;0;0;0;177;0;0;1;0;1;3;2;1;0;0;0;0;0;0;13;28;0
2522;731;2015;Delantero;29;2265;27;6.865517;11;1;43;19;575;12;0;16;1;8;377;137;36;0;54;26;4;0;1;0;0;0
2552;731;2015;Defensa;2;180;2;6.3;0;0;0;0;27;0;0;5;1;4;9;7;1;0;2;1;0;0;0;0;0;0
59927;731;2015;Mediocentro;5;57;0;6.58;0;0;1;1;29;0;0;4;0;0;12;7;0;0;0;0;0;0;0;0;0;0
15372;731;2015;Mediocentro;31;2411;26;6.793333;0;4;2;0;1025;22;0;67;4;74;228;123;25;0;11;7;7;0;0;0;0;0
1036;731;2015;Mediocentro;24;1966;21;6.620833;1;0;18;4;830;9;64;43;2;37;207;91;24;0;10;5;11;1;0;0;0;0
1419;731;2015;Defensa;11;916;10;6.827272;0;0;0;0;185;1;68;40;4;37;140;82;19;0;5;4;7;0;0;0;0;0
1616;731;2015;Delantero;23;1090;13;6.604347;2;1;18;9;267;11;0;23;1;10;169;64;12;0;17;8;2;0;0;0;0;0
46818;731;2015;Defensa;36;3224;36;7.008333;0;0;8;3;1289;17;64;38;16;140;166;100;18;0;7;5;5;0;0;0;0;0
40678;731;2015;Delantero;1;29;0;6.2;0;0;1;0;7;0;0;0;0;0;6;2;1;0;0;0;0;0;0;0;0;0
46875;731;2015;Defensa;9;705;8;6.488888;0;0;0;0;195;2;47;23;2;26;58;36;9;0;4;1;4;0;0;0;0;0
46884;731;2015;Mediocentro;20;1223;16;6.815;2;3;14;5;425;26;58;52;3;18;223;105;20;0;27;14;4;0;0;0;0;0
46895;731;2015;Mediocentro;18;747;9;6.435294;0;1;14;8;256;6;0;20;0;10;174;74;9;0;14;4;4;0;0;0;0;0
46983;731;2015;Delantero;25;1006;7;6.636;7;0;24;12;161;5;65;7;0;1;131;42;20;0;25;9;1;0;0;0;0;0
47050;731;2015;Defensa;1;90;1;6.7;0;0;0;0;15;0;57;2;0;2;7;3;0;0;0;0;1;0;0;0;0;0
47076;731;2015;Defensa;31;2502;28;6.690322;2;0;17;5;744;15;60;74;5;40;237;126;21;0;42;20;8;0;0;0;0;0
2060;529;2016;Delantero;1;20;0;6.2;0;0;0;0;4;1;0;0;0;1;1;0;0;0;0;0;0;0;0;0;0;0
21;529;2016;Delantero;20;847;6;6.87;6;3;23;15;189;12;0;5;0;5;49;20;7;0;4;2;1;0;0;0;0;0
124;529;2016;Portero;1;90;1;6.3;0;0;0;0;16;0;0;0;0;0;0;0;0;0;0;0;0;0;0;2;2;0
127;529;2016;Portero;36;3240;36;7.025;0;0;0;0;1198;0;0;0;0;2;10;7;4;0;1;1;1;0;0;33;122;0
128;529;2016;Defensa;26;1965;21;6.892307;1;6;5;1;1476;24;50;32;3;30;145;70;16;0;15;8;4;0;0;0;0;0
136;529;2016;Defensa;25;2193;25;7.304;2;0;20;8;1566;3;89;0;0;38;179;116;8;0;12;10;6;0;0;0;0;0
137;529;2016;Mediocentro;32;2382;26;6.99375;0;6;12;5;1572;35;43;64;6;48;262;160;29;0;54;39;5;0;0;0;0;0
139;529;2016;Defensa;25;2133;24;7.104;1;0;6;2;1707;0;63;28;8;47;155;101;21;0;10;8;4;0;0;0;0;0
142;529;2016;Mediocentro;18;1078;14;7.116666;6;2;25;10;489;14;87;0;0;12;139;76;33;0;26;12;1;0;0;0;0;0
143;529;2016;Mediocentro;3;40;0;6.7;0;0;1;0;33;0;0;0;0;1;5;1;0;0;1;1;1;0;0;0;0;0
144;529;2016;Mediocentro;33;2693;33;7.030303;0;3;2;0;2193;14;59;84;3;47;317;178;35;0;21;18;9;0;0;0;0;0
149;529;2016;Mediocentro;32;2345;26;7.0625;8;5;35;17;1553;26;41;52;2;34;272;145;41;0;38;23;5;0;0;0;0;0
154;529;2016;Delantero;34;2832;32;8.367647;37;9;131;77;1646;83;0;23;0;7;441;234;79;0;205;126;6;0;6;0;0;0
157;529;2016;Delantero;35;2865;34;7.508571;29;13;99;58;873;62;0;17;2;11;247;105;44;0;93;34;8;0;0;0;0;0
276;529;2016;Delantero;30;2652;30;8.006666;13;11;82;42;1522;94;0;40;0;10;594;343;126;0;271;168;7;0;1;0;0;0
18765;529;2016;Mediocentro;30;1590;17;6.696666;3;1;13;7;983;12;0;33;0;11;210;92;17;0;33;18;3;0;0;0;0;0
33243;529;2016;Mediocentro;23;1329;13;7.121739;0;3;14;8;1134;26;43;30;0;12;163;98;31;0;41;33;2;0;0;0;0;0
33249;529;2016;Mediocentro;0;0;0;0.0;0;0;0;0;0;0;0;0;0;0;0;0;0;0;0;0;0;0;0;0;0;0
614;529;2016;Portero;1;90;1;6.0;0;0;0;0;15;0;93;0;0;0;0;0;0;0;0;0;0;0;0;2;0;0
2724;529;2016;Defensa;17;1175;14;6.847058;0;0;3;1;843;10;43;29;4;20;131;75;10;0;26;15;3;0;0;0;0;0
49859;529;2016;Mediocentro;18;1244;14;7.05;3;3;14;5;616;29;88;0;0;12;184;84;22;0;35;21;1;0;0;0;0;0
13073;529;2016;Defensa;25;1916;20;7.248;1;3;10;2;1534;16;89;0;0;43;148;90;19;0;5;3;6;0;1;0;0;0
50085;529;2016;Defensa;0;0;0;6.47619;0;0;15;5;544;21;72;0;0;32;320;157;33;0;83;46;0;0;0;0;0;0
1461;529;2016;Mediocentro;26;1181;12;6.676923;1;3;10;7;715;16;0;18;1;9;131;57;21;0;29;13;1;0;0;0;0;0
1480;529;2016;Defensa;13;1040;12;7.0;1;0;5;1;684;2;87;0;0;15;62;35;4;0;3;2;0;0;0;0;0;0
30529;529;2016;Defensa;2;180;2;7.25;0;0;0;0;178;0;85;3;0;3;7;6;1;0;1;1;0;0;0;0;0;0
2047;529;2016;Defensa;6;475;5;7.25;2;2;9;4;257;5;81;0;0;8;37;19;5;0;10;5;0;0;0;0;0;0
29;530;2016;Portero;30;2650;30;6.83;0;0;0;0;517;0;0;0;0;1;8;8;3;0;1;1;1;0;0;21;63;2
31;530;2016;Defensa;17;1011;12;7.178571;0;0;12;6;460;5;0;40;7;32;173;119;20;0;13;11;5;0;0;0;0;0
32;530;2016;Defensa;31;2706;30;7.312903;3;1;30;7;990;7;75;0;0;77;282;187;31;0;13;13;11;0;0;0;0;0
33;530;2016;Defensa;15;1253;13;6.913333;0;0;1;0;499;0;0;24;6;22;125;84;20;0;8;4;2;0;0;0;0;0
34;530;2016;Defensa;34;3009;34;7.32647;3;6;25;10;1465;34;81;0;0;63;432;268;46;0;129;74;5;0;0;0;0;0
39;530;2016;Defensa;32;2727;30;7.121875;1;1;3;1;972;4;0;47;31;68;196;117;15;0;0;0;6;0;0;0;0;0
41;530;2016;Defensa;23;1978;21;6.869565;0;2;3;1;673;17;75;0;0;32;176;92;19;0;35;19;2;0;0;0;0;0
48;530;2016;Mediocentro;33;2544;29;7.00909;4;3;37;14;1197;25;0;102;7;58;494;247;31;0;64;33;8;0;0;0;0;0
49;530;2016;Mediocentro;16;628;6;6.906666;1;2;5;3;380;11;0;19;2;19;107;54;5;0;19;14;5;0;0;0;0;0
50;530;2016;Mediocentro;36;3171;36;7.138888;4;8;19;10;2519;73;58;94;10;49;351;172;56;0;26;14;7;0;0;0;0;0
53;530;2016;Delantero;31;1213;10;6.663333;4;8;28;16;473;24;0;28;3;11;255;100;15;0;106;49;6;0;0;0;0;0
56;530;2016;Delantero;36;3067;36;7.322222;16;8;69;41;1283;57;0;46;3;18;325;146;33;0;54;26;3;0;0;0;0;0
47295;530;2016;Portero;9;770;8;6.922222;0;0;0;0;100;0;53;0;0;0;5;4;3;0;0;0;0;0;0;8;25;0
199;530;2016;Defensa;14;923;11;6.915384;0;0;3;0;217;5;71;0;0;32;115;65;9;0;12;9;2;0;0;0;0;0
104839;530;2016;Mediocentro;12;449;5;0.0;1;0;0;0;0;0;0;0;0;0;0;0;0;0;0;0;2;0;0;0;0;0
33413;530;2016;Delantero;31;1417;13;6.812903;8;5;45;20;191;20;64;0;0;2;241;94;27;0;44;11;3;0;1;0;0;0
13114;530;2016;Mediocentro;3;142;2;6.933333;0;0;0;0;98;0;91;0;0;8;27;15;4;0;2;1;0;0;0;0;0;0
2923;530;2016;Mediocentro;35;2270;27;6.831428;10;4;60;33;827;34;0;26;1;14;350;158;49;0;147;71;5;0;0;0;0;0
933;530;2016;Delantero;31;1716;21;6.890322;12;5;50;23;272;22;73;0;0;7;189;62;8;0;52;22;0;0;1;0;0;0
50158;530;2016;Delantero;1;14;0;6.7;0;0;0;0;2;0;50;0;0;0;2;2;0;0;1;1;0;0;0;0;0;0
42039;530;2016;Mediocentro;34;2897;33;7.073529;0;0;25;5;1662;25;80;0;0;74;411;206;36;0;25;15;9;0;0;0;0;0
50907;530;2016;Mediocentro;23;1022;11;6.791304;3;2;10;6;441;21;78;0;0;15;161;78;27;0;36;20;1;0;0;0;0;0
47150;531;2016;Delantero;1;26;0;7.5;1;0;1;1;9;2;64;0;0;0;3;2;1;0;0;0;0;0;0;0;0;0
47267;531;2016;Portero;0;0;0;0.0;0;0;0;0;0;0;0;0;0;0;0;0;0;0;0;0;0;0;0;0;0;0
47271;531;2016;Defensa;26;2270;25;7.165384;0;0;11;2;1294;8;0;64;12;96;276;155;27;0;16;14;3;0;0;0;0;0
47272;531;2016;Defensa;33;2851;33;6.721212;1;1;10;1;790;19;75;0;0;36;269;156;25;0;52;25;3;1;0;0;0;0
47275;531;2016;Defensa;27;2150;24;6.734615;1;4;6;3;1078;24;0;55;5;32;214;107;13;0;24;11;3;0;0;0;0;0
47276;531;2016;Defensa;25;1572;17;6.6875;2;1;14;5;579;15;0;53;3;15;235;124;11;0;72;39;1;0;0;0;0;0
47280;531;2016;Mediocentro;32;2410;28;7.2125;1;5;35;11;1255;72;82;0;0;36;208;111;26;0;27;18;9;0;0;0;0;0
47282;531;2016;Mediocentro;36;2884;34;6.936111;10;4;98;40;631;32;61;0;0;32;646;318;82;0;43;15;11;0;3;0;0;0
47284;531;2016;Mediocentro;24;1152;12;6.691666;0;1;4;1;617;11;79;0;0;32;126;61;12;0;5;2;3;0;0;0;0;0
47287;531;2016;Mediocentro;18;468;4;6.653333;1;0;10;2;215;4;74;0;0;8;66;31;9;0;9;6;4;0;0;0;0;0
47288;531;2016;Mediocentro;35;2701;30;6.822857;4;1;27;10;945;15;75;0;0;61;406;188;16;0;18;9;9;0;0;0;0;0
47289;531;2016;Delantero;26;1104;11;6.676923;1;2;15;4;326;28;73;0;0;19;218;110;35;0;50;29;4;0;0;0;0;0
47290;531;2016;Delantero;32;2463;27;7.125806;16;1;85;45;354;23;62;0;0;4;430;220;58;0;43;23;9;0;5;0;0;0
47294;531;2016;Delantero;38;2799;31;6.647368;5;6;51;30;776;39;0;39;0;14;394;169;55;0;113;47;4;0;0;0;0;0
2273;531;2016;Portero;23;2016;23;6.673913;0;0;0;0;714;1;0;0;0;2;11;9;4;0;2;2;1;0;0;22;40;0
47412;531;2016;Mediocentro;7;377;4;6.3;0;1;5;0;108;8;83;0;0;6;49;10;3;0;6;1;2;0;0;0;0;0
47418;531;2016;Mediocentro;6;285;3;6.9;0;0;1;0;181;0;0;10;1;14;36;21;2;0;1;0;1;0;0;0;0;0
47423;531;2016;Delantero;13;435;5;6.683333;1;1;12;4;98;3;0;14;0;2;72;36;5;0;11;3;2;0;0;0;0;0
104808;531;2016;Defensa;9;460;5;6.655555;0;0;3;2;179;1;0;14;0;13;46;26;4;0;6;3;1;0;0;0;0;0
47501;531;2016;Portero;16;1404;15;6.75;0;0;0;0;311;0;58;0;0;0;9;8;4;0;1;1;1;0;0;21;41;2
104853;531;2016;Delantero;6;71;0;6.483333;0;1;1;0;18;2;0;0;0;1;18;6;0;0;3;1;0;0;0;0;0;0
47542;531;2016;Mediocentro;2;104;1;7.2;0;0;1;1;55;3;79;0;0;4;9;8;0;0;0;0;0;0;0;0;0;0
47565;531;2016;Defensa;10;711;7;6.93;0;0;2;0;258;0;80;0;0;15;51;32;4;0;0;0;2;0;0;0;0;0
622;531;2016;Defensa;33;2866;33;7.084848;2;0;14;6;1596;6;40;56;18;63;263;170;34;0;11;7;10;0;0;0;0;0
2672;531;2016;Delantero;35;2412;28;6.922857;7;2;31;18;1055;40;0;40;0;15;394;213;82;0;130;81;5;0;0;0;0;0
46786;531;2016;Defensa;19;1559;18;6.978947;0;0;2;0;621;2;77;0;0;46;157;101;12;0;15;10;1;0;0;0;0;0
2060;532;2016;Delantero;33;2034;22;6.2;6;0;0;0;4;1;0;0;0;1;1;0;0;0;0;0;4;0;0;0;0;0
21;532;2016;Delantero;1;90;1;6.87;0;3;23;15;189;12;0;5;0;5;49;20;7;0;4;2;0;0;0;0;0;0
47390;532;2016;Delantero;16;1143;13;6.957142;1;2;11;6;177;14;73;0;0;9;75;31;8;0;20;13;4;0;0;0;0;0
47457;532;2016;Defensa;1;46;1;6.711111;0;0;7;3;669;6;0;42;10;51;133;79;8;0;4;1;0;0;0;0;0;0
47476;532;2016;Portero;0;0;0;6.792;0;0;0;0;675;2;0;1;0;3;10;8;1;0;0;0;0;0;0;32;74;0
90498;532;2016;Defensa;30;2646;30;6.916666;2;0;8;6;1144;3;0;56;26;67;211;124;12;0;15;11;11;1;0;0;0;0
104851;532;2016;Defensa;10;543;7;6.533333;0;1;0;0;143;4;78;0;0;5;45;21;7;0;6;2;2;0;0;0;0;0
47546;532;2016;Mediocentro;16;947;10;6.678571;2;0;10;4;568;9;0;19;2;9;118;44;13;0;15;8;3;0;0;0;0;0
47550;532;2016;Defensa;21;1498;17;6.905;3;0;11;4;625;5;76;0;0;30;159;92;15;0;21;16;3;0;0;0;0;0
18965;532;2016;Defensa;29;2222;26;6.833333;2;1;8;4;1043;13;0;88;10;63;336;190;30;0;49;27;8;0;0;0;0;0
2741;532;2016;Portero;2;180;2;6.7;0;0;0;0;61;0;0;0;0;0;0;0;0;0;0;0;0;0;0;5;5;0
855;532;2016;Defensa;35;2426;27;6.751428;1;4;17;10;989;24;0;83;4;57;417;221;45;0;120;63;6;0;0;0;0;0
911;532;2016;Portero;3;270;3;6.8;0;0;0;0;85;0;0;1;0;0;2;2;1;0;0;0;0;0;0;4;9;4
917;532;2016;Defensa;27;2341;27;7.014814;4;0;11;7;968;4;77;0;0;58;173;108;16;0;5;4;7;0;0;0;0;0
918;532;2016;Defensa;27;2090;24;6.855555;1;2;12;7;769;24;0;76;7;40;221;136;23;0;46;27;4;0;0;0;0;0
920;532;2016;Defensa;8;479;4;6.775;0;1;0;0;207;5;0;20;1;11;57;33;5;0;7;4;2;0;0;0;0;0
928;532;2016;Mediocentro;36;3195;36;7.158333;5;7;39;26;2203;67;52;96;3;41;454;247;91;0;53;32;12;0;3;0;0;0
929;532;2016;Mediocentro;0;0;0;0.0;0;0;0;0;1;0;0;0;0;0;0;0;0;0;0;0;0;0;0;0;0;0
930;532;2016;Mediocentro;23;1724;19;6.708695;3;1;25;13;792;20;0;34;5;14;204;99;33;0;44;24;4;1;0;0;0;0
934;532;2016;Delantero;29;1402;13;6.796428;6;2;33;15;377;18;73;0;0;7;257;116;39;0;44;16;2;0;0;0;0;0
935;532;2016;Delantero;19;1396;17;6.926315;5;3;27;11;419;22;0;14;1;4;177;70;26;0;26;11;1;0;0;0;0;0
44419;532;2016;Defensa;12;1000;11;6.9;0;0;2;1;395;0;0;24;5;33;78;44;4;0;1;1;1;0;0;0;0;0
1421;532;2016;Delantero;18;274;1;6.628571;1;0;3;2;107;11;0;3;0;1;48;23;12;0;18;8;2;0;0;0;0;0
1448;532;2016;Defensa;1;44;0;6.8;0;0;1;0;25;0;73;0;0;4;8;4;1;0;1;0;0;0;0;0;0;0
46659;532;2016;Mediocentro;0;0;0;6.94;0;1;7;3;46;2;0;2;0;1;37;21;11;0;16;8;0;0;0;0;0;0
1698;532;2016;Mediocentro;0;0;0;6.78;0;0;8;3;1036;6;77;0;0;62;302;136;23;0;11;7;0;0;0;0;0;0
46797;532;2016;Mediocentro;4;152;2;6.625;0;0;1;0;58;0;0;10;0;2;31;16;5;0;3;0;0;0;0;0;0;0
50940;532;2016;Delantero;25;1871;22;6.92;5;7;68;18;488;40;76;0;0;21;340;130;33;0;95;39;6;0;1;0;0;0
30515;532;2016;Delantero;20;1376;15;6.875;6;1;60;17;194;13;64;0;0;3;261;99;13;0;26;11;7;0;0;0;0;0
1899;532;2016;Defensa;13;877;9;6.683333;0;0;2;0;284;2;74;0;0;32;71;41;4;0;4;2;4;0;0;0;0;0
6003;532;2016;Mediocentro;27;2196;26;7.1;0;1;8;2;1242;11;40;86;16;60;328;206;58;0;39;28;14;1;0;0;0;0
46975;532;2016;Mediocentro;2;2;0;0.0;0;0;0;0;0;0;0;0;0;0;1;1;1;0;0;0;0;0;0;0;0;0
47013;532;2016;Delantero;2;5;0;6.3;0;0;0;0;1;0;0;0;0;0;3;0;0;0;0;0;0;0;0;0;0;0
10151;532;2016;Portero;33;2970;33;6.672727;0;0;0;0;520;1;52;0;0;1;12;6;3;0;3;2;4;0;0;56;92;6
44;533;2016;Mediocentro;23;834;8;6.966666;0;1;3;1;574;2;0;49;5;19;136;87;14;0;6;3;1;0;0;0;0;0
2230;533;2016;Defensa;4;271;3;6.666666;0;0;1;0;83;2;78;0;0;5;21;6;0;0;0;0;2;0;0;0;0;0
47384;533;2016;Defensa;7;630;7;7.428571;0;1;7;0;353;9;41;24;3;15;68;43;4;0;14;12;2;0;0;0;0;0
104827;533;2016;Delantero;2;22;0;6.2;0;0;0;0;2;0;0;0;0;0;6;2;1;0;0;0;0;0;0;0;0;0
2880;533;2016;Mediocentro;34;2207;22;6.867647;2;3;32;7;1313;44;0;58;2;34;274;121;19;0;40;27;4;0;0;0;0;0
923;533;2016;Mediocentro;11;333;2;6.33;0;0;7;3;145;3;0;5;0;6;64;21;5;0;13;2;1;0;0;0;0;0
2992;533;2016;Mediocentro;7;110;1;6.633333;0;1;1;0;24;1;64;0;0;2;23;8;0;0;1;1;1;0;0;0;0;0
3033;533;2016;Delantero;26;1570;17;6.853846;11;1;41;25;392;12;0;14;1;2;227;79;28;0;28;13;5;0;0;0;0;0
1375;533;2016;Delantero;10;746;10;7.18;4;3;17;8;173;14;72;0;0;2;92;41;22;0;12;2;8;0;1;0;0;0
1630;533;2016;Defensa;23;2067;23;6.982608;0;2;8;0;696;4;79;0;0;36;159;83;9;0;1;1;6;0;0;0;0;0
1641;533;2016;Mediocentro;33;2050;24;6.775757;2;3;25;15;758;36;0;39;2;47;389;175;78;0;91;39;2;0;0;0;0;0
1682;533;2016;Portero;24;2105;24;7.033333;0;0;0;0;214;0;0;0;0;3;16;14;7;0;1;0;0;0;0;18;68;1
1684;533;2016;Portero;15;1315;14;6.993333;0;0;0;0;345;0;0;0;0;1;9;9;3;0;0;0;2;0;0;18;54;1
1685;533;2016;Defensa;6;540;6;7.1;0;0;0;0;225;1;86;0;0;7;27;17;7;0;0;0;2;0;0;0;0;0
1687;533;2016;Defensa;31;2681;30;7.009677;1;3;4;3;1328;21;0;77;13;43;283;178;44;0;35;21;13;0;0;0;0;0
1689;533;2016;Defensa;23;1883;20;6.1;1;0;2;0;49;0;0;0;1;2;5;3;2;0;0;0;7;0;0;0;0;0
46744;533;2016;Mediocentro;3;16;0;6.45;0;0;0;0;15;0;0;0;0;0;1;1;1;0;0;0;0;0;0;0;0;0
1691;533;2016;Defensa;36;3240;36;7.066666;0;3;24;11;1504;24;0;101;10;70;338;190;16;0;36;16;6;0;0;0;0;0
1693;533;2016;Defensa;28;2367;27;6.932142;1;1;5;2;1111;6;83;0;0;61;187;96;12;0;6;5;4;2;0;0;0;0
1704;533;2016;Mediocentro;34;2984;33;7.320588;5;2;18;9;1942;24;89;0;0;85;232;149;25;0;21;17;5;0;4;0;0;0
1705;533;2016;Mediocentro;37;3043;35;7.102777;5;1;40;20;1887;45;44;73;6;28;364;178;47;0;55;35;4;0;0;0;0;0
9972;533;2016;Delantero;14;882;11;6.728571;2;1;28;9;141;7;69;0;0;6;142;61;24;0;47;19;0;0;0;0;0;0
30483;533;2016;Mediocentro;33;2471;31;6.896969;9;5;30;21;1005;28;0;49;2;34;359;144;47;0;39;22;8;1;0;0;0;0
30490;533;2016;Delantero;32;2126;25;6.728125;8;3;34;19;512;20;0;17;3;7;256;86;42;0;46;22;7;0;1;0;0;0
6011;533;2016;Delantero;17;344;2;6.792857;2;1;10;9;102;7;0;7;0;1;40;20;7;0;8;4;0;0;0;0;0;0
392;533;2016;Delantero;15;674;7;6.65;2;1;10;4;215;8;75;0;0;4;92;37;7;0;16;9;0;0;0;0;0;0
36848;533;2016;Delantero;1;3;0;0.0;0;0;0;0;0;0;0;0;0;0;2;0;0;0;0;0;0;0;0;0;0;0
2053;534;2016;Mediocentro;35;3038;34;6.817142;1;2;18;8;2479;20;64;51;6;37;312;150;53;0;50;36;14;0;0;0;0;0
47111;534;2016;Mediocentro;2;14;0;6.2;0;0;0;0;5;0;0;0;0;1;3;2;0;0;1;1;0;0;0;0;0;0
2115;534;2016;Mediocentro;18;645;6;6.755555;0;2;14;7;326;14;0;8;0;5;89;52;8;0;51;35;2;0;0;0;0;0
152;534;2016;Mediocentro;28;1990;25;6.921428;10;4;77;31;594;21;75;0;0;18;288;127;69;0;13;6;11;1;0;0;0;0
12493;534;2016;Mediocentro;32;2211;25;6.75625;4;4;20;10;1215;44;0;29;2;17;263;106;38;0;50;32;4;0;0;0;0;0
47378;534;2016;Defensa;32;2652;31;6.978125;4;1;17;7;1864;5;50;31;18;84;222;139;30;0;25;16;5;0;0;0;0;0
47411;534;2016;Mediocentro;12;717;8;6.641666;3;2;12;8;159;8;78;0;0;4;74;20;8;0;18;6;1;0;0;0;0;0
104797;534;2016;Delantero;2;167;2;6.25;0;0;1;1;24;1;0;0;0;0;18;2;0;0;0;0;0;0;0;0;0;0
12667;534;2016;Mediocentro;31;2588;30;7.316129;7;7;53;27;1987;86;54;44;0;10;359;190;81;0;93;61;4;0;4;0;0;0
47560;534;2016;Portero;25;2250;25;6.592;0;0;0;0;625;1;68;0;0;5;15;14;6;0;2;2;0;0;0;47;68;0
596;534;2016;Defensa;15;1225;13;6.506666;0;1;3;0;579;9;0;28;3;19;148;75;24;0;30;13;4;0;0;0;0;0
68193;534;2016;Mediocentro;19;721;8;6.80625;2;0;7;3;242;10;0;17;0;12;116;63;19;0;40;25;0;0;0;0;0;0
611;534;2016;Delantero;25;1445;16;6.675;5;3;24;16;327;21;0;16;1;3;220;82;35;0;30;12;12;1;0;0;0;0
77184;534;2016;Delantero;3;31;0;6.233333;0;0;0;0;8;1;0;0;0;0;7;2;1;0;1;1;0;0;0;0;0;0
1585;534;2016;Delantero;16;1160;13;6.93125;3;1;24;19;370;15;0;19;0;7;142;77;24;0;49;33;5;0;1;0;0;0
46687;534;2016;Mediocentro;17;1106;12;6.9125;0;0;4;1;755;6;86;0;0;25;100;48;9;0;5;3;1;0;0;0;0;0
46793;534;2016;Defensa;16;1321;14;6.7;0;1;9;5;631;14;0;46;5;23;163;88;10;0;29;16;3;0;0;0;0;0
46800;534;2016;Mediocentro;29;2321;28;6.817241;2;0;24;10;1262;12;89;0;0;40;307;171;66;0;34;17;3;0;0;0;0;0
46897;534;2016;Mediocentro;10;288;3;6.322222;0;0;3;1;148;1;0;5;0;3;55;23;8;0;7;4;2;0;0;0;0;0
30524;534;2016;Defensa;23;1854;21;7.122727;5;0;17;10;1146;3;43;40;18;40;148;85;8;0;11;9;6;0;0;0;0;0
46935;534;2016;Portero;13;1170;13;6.638461;0;0;0;0;400;0;0;2;0;3;12;10;6;0;1;1;2;0;0;27;35;0
46991;534;2016;Defensa;11;836;8;6.654545;0;0;4;1;597;1;46;10;6;18;65;30;3;0;0;0;5;0;0;0;0;0
46992;534;2016;Defensa;27;2110;25;6.762962;0;1;7;3;1025;12;0;57;14;40;265;167;35;0;77;51;2;0;0;0;0;0
46995;534;2016;Defensa;22;1645;17;6.868181;1;1;9;4;1149;2;44;31;8;37;130;81;16;0;4;4;6;0;0;0;0;0
47001;534;2016;Mediocentro;5;93;0;6.675;0;0;0;0;83;1;0;3;0;3;9;5;1;0;0;0;0;0;0;0;0;0
47011;534;2016;Delantero;11;531;5;6.881818;2;1;13;7;146;7;0;8;1;5;68;28;6;0;13;6;2;0;0;0;0;0
47092;534;2016;Mediocentro;3;42;0;6.4;0;0;0;0;30;1;0;1;0;1;11;3;1;0;1;0;1;0;0;0;0;0
10236;534;2016;Defensa;25;2086;24;6.62;0;4;8;0;1117;15;0;30;6;26;162;91;31;0;15;9;5;0;0;0;0;0
47192;535;2016;Mediocentro;5;381;4;6.56;0;0;1;0;107;1;0;11;0;5;45;27;7;0;8;5;0;0;0;0;0;0
2157;535;2016;Portero;3;270;3;6.233333;0;0;0;0;27;0;66;0;0;0;0;0;0;0;0;0;0;0;0;7;3;0
37019;535;2016;Mediocentro;6;456;6;6.783333;0;0;2;2;231;7;0;15;1;7;56;27;2;0;10;8;1;0;0;0;0;0
47302;535;2016;Defensa;25;2029;23;6.824;2;0;9;5;841;3;0;36;8;77;213;108;16;0;2;1;2;1;0;0;0;0
47324;535;2016;Delantero;30;2316;28;7.15;14;3;68;37;624;32;0;15;0;14;220;103;56;0;51;25;4;0;0;0;0;0
53495;535;2016;Defensa;7;603;7;6.642857;0;0;1;0;207;1;74;0;0;12;34;20;2;0;3;2;2;0;0;0;0;0
47366;535;2016;Mediocentro;24;1250;15;6.3125;2;1;31;9;268;21;65;0;0;16;190;68;23;0;74;26;3;0;1;0;0;0
47394;535;2016;Delantero;21;1135;11;6.868421;3;1;38;15;190;9;67;0;0;4;185;88;24;0;4;1;5;0;0;0;0;0
47413;535;2016;Mediocentro;18;1358;16;6.927777;3;2;13;8;720;15;0;43;2;16;187;94;29;0;11;7;9;0;1;0;0;0
47422;535;2016;Delantero;13;323;0;6.576923;1;1;15;7;55;3;0;4;1;1;57;16;1;0;9;2;2;0;0;0;0;0
47424;535;2016;Delantero;14;738;8;6.6;3;0;18;8;116;9;0;9;0;3;116;35;15;0;7;2;3;0;1;0;0;0
51576;535;2016;Mediocentro;29;1791;21;6.725;1;3;31;13;547;39;73;0;0;17;220;101;25;0;51;26;5;0;0;0;0;0
18811;535;2016;Delantero;3;171;1;6.3;0;0;0;0;37;1;0;7;1;0;36;13;4;0;4;0;1;0;0;0;0;0
47488;535;2016;Delantero;22;1055;13;6.47619;0;3;18;4;292;19;75;0;0;14;227;96;32;0;51;17;6;0;0;0;0;0
104838;535;2016;Mediocentro;16;378;2;0.0;1;0;0;0;0;0;0;0;0;0;0;0;0;0;0;0;3;0;0;0;0;0
2444;535;2016;Defensa;32;2861;32;6.846875;1;2;13;5;1303;39;0;98;6;58;331;181;16;0;43;22;5;0;0;0;0;0
2446;535;2016;Mediocentro;22;1473;16;6.690909;2;0;32;12;632;33;0;29;1;11;260;118;43;0;77;39;5;0;0;0;0;0
2445;535;2016;Defensa;15;1263;14;6.666666;0;0;4;2;487;0;0;15;9;44;85;39;3;0;9;6;4;0;0;0;0;0
104863;535;2016;Defensa;1;90;1;6.3;0;0;0;0;24;0;66;0;0;3;11;7;1;0;1;1;1;0;0;0;0;0
25409;535;2016;Mediocentro;35;3146;35;7.077142;4;2;40;13;1421;14;75;0;0;115;607;323;64;0;12;7;15;0;0;0;0;0
48385;535;2016;Mediocentro;4;216;3;6.65;0;0;4;0;114;1;83;0;0;3;26;9;3;0;1;1;1;0;0;0;0;0
1335;535;2016;Portero;35;3150;35;6.794285;0;0;0;0;453;1;56;0;0;3;20;14;5;0;2;2;2;0;0;48;91;1
1697;535;2016;Mediocentro;32;2674;31;6.81875;6;2;30;10;1370;37;0;60;5;40;344;147;35;0;36;21;6;0;0;0;0;0
46818;535;2016;Defensa;19;1679;19;7.205263;1;1;4;3;744;9;82;0;0;40;105;73;5;0;4;4;3;0;0;0;0;0
46819;535;2016;Defensa;28;2064;23;6.778571;2;4;15;7;810;24;0;53;1;61;265;152;41;0;42;20;8;1;0;0;0;0
46820;535;2016;Defensa;21;1622;19;6.680952;0;1;10;1;706;11;0;46;8;39;189;98;21;0;9;3;6;0;0;0;0;0
46823;535;2016;Defensa;22;1564;18;6.627272;0;0;4;2;446;5;70;0;0;32;110;67;6;0;0;0;4;0;0;0;0;0
46832;535;2016;Mediocentro;18;826;7;6.6;2;3;19;3;297;16;0;21;1;4;177;73;17;0;60;27;4;0;0;0;0;0
2056;536;2016;Mediocentro;34;2133;22;6.767647;8;8;34;22;976;47;0;40;2;25;307;120;46;0;50;22;10;0;1;0;0;0
2057;536;2016;Delantero;30;2092;26;7.07;7;3;47;20;919;32;0;64;6;10;411;202;73;0;60;28;8;0;0;0;0;0
2059;536;2016;Delantero;31;1666;20;6.931034;11;4;39;23;419;26;0;11;1;6;133;48;13;0;16;7;0;0;1;0;0;0
2044;536;2016;Defensa;29;2188;26;6.737931;3;1;8;6;1070;5;0;72;12;48;244;117;15;0;7;4;10;0;0;0;0;0
46;536;2016;Mediocentro;30;2333;25;6.963333;6;6;32;13;999;46;82;0;0;19;414;209;79;0;129;71;6;0;0;0;0;0
10311;536;2016;Mediocentro;10;485;5;6.91;2;1;10;6;329;7;0;16;0;4;64;30;8;0;5;4;0;0;0;0;0;0
121;536;2016;Delantero;21;1203;12;6.919047;6;4;45;22;420;22;0;5;0;1;139;50;16;0;22;11;4;0;0;0;0;0
133;536;2016;Defensa;17;1359;15;6.988235;0;0;1;1;878;2;42;48;7;25;143;82;8;0;4;3;2;0;0;0;0;0
47247;536;2016;Portero;1;90;1;7.0;0;0;0;0;19;0;0;0;0;0;0;0;0;0;0;0;0;0;0;0;2;0
10496;536;2016;Mediocentro;4;110;1;6.525;0;0;1;0;40;1;0;3;0;5;16;9;5;0;3;1;0;0;0;0;0;0
18825;536;2016;Mediocentro;23;1845;22;7.008695;2;3;25;11;1339;38;88;0;0;13;189;78;15;0;60;40;7;0;0;0;0;0
33173;536;2016;Mediocentro;4;285;3;6.775;1;2;1;1;132;6;0;3;0;2;26;13;4;0;6;4;0;0;0;0;0;0
434;536;2016;Defensa;31;2642;29;6.845161;0;2;7;3;1296;37;0;72;4;41;259;141;23;0;51;32;9;0;0;0;0;0
19014;536;2016;Portero;35;3150;35;6.908571;0;0;0;0;989;0;0;1;0;3;17;14;1;0;0;0;0;0;0;45;112;0
19036;536;2016;Delantero;21;1312;14;6.823809;6;3;24;13;412;16;0;9;0;2;124;41;22;0;25;9;3;0;0;0;0;0
780;536;2016;Mediocentro;35;3066;34;7.197142;2;3;28;12;2794;21;71;66;6;37;362;231;32;0;41;30;6;0;0;0;0;0
1211;536;2016;Mediocentro;21;1281;14;6.7;0;0;2;0;670;3;0;35;3;32;131;64;15;0;5;5;6;0;0;0;0;0
22086;536;2016;Defensa;5;328;3;6.94;0;0;2;0;216;1;0;11;0;12;32;19;2;0;5;4;1;0;0;0;0;0
1699;536;2016;Mediocentro;31;1467;12;7.013793;7;2;26;14;956;16;0;25;11;33;222;123;25;0;12;10;9;0;1;0;0;0
46801;536;2016;Mediocentro;2;172;2;6.5;0;0;3;0;157;1;90;0;0;1;13;5;0;0;3;2;0;0;0;0;0;0
46808;536;2016;Delantero;3;88;1;6.75;1;0;2;2;10;0;0;1;0;0;12;2;0;0;0;0;0;0;0;0;0;0
46817;536;2016;Defensa;3;31;0;6.7;0;0;0;0;6;0;80;0;0;2;2;2;0;0;0;0;0;0;0;0;0;0
30495;536;2016;Portero;2;178;2;6.455555;0;0;0;0;560;1;0;0;0;4;9;6;0;0;0;0;0;1;0;51;50;0
1854;536;2016;Delantero;26;1308;15;6.669565;4;0;25;13;470;12;0;25;0;12;254;115;44;0;77;38;6;0;0;0;0;0
1906;536;2016;Defensa;21;1785;21;6.928571;0;0;11;2;805;2;81;0;0;32;136;79;15;0;6;3;4;0;0;0;0;0
2040;536;2016;Defensa;26;2282;25;7.038461;0;3;26;11;1237;24;0;81;7;48;326;195;42;0;42;28;7;0;0;0;0;0
2043;536;2016;Defensa;6;454;6;6.45;0;0;0;0;182;1;80;0;0;10;42;12;2;0;3;2;2;0;0;0;0;0
10323;537;2016;Delantero;25;1170;11;6.696;4;2;20;8;354;13;0;18;2;4;142;48;13;0;11;5;3;0;1;0;0;0
47267;537;2016;Portero;21;1826;21;0.0;0;0;0;0;0;0;0;0;0;0;0;0;0;0;0;0;0;1;0;0;0;0
47285;537;2016;Mediocentro;23;1163;12;6.413043;2;0;9;6;527;12;0;21;1;8;143;46;9;0;24;10;2;0;0;0;0;0
47358;537;2016;Defensa;13;912;11;6.666666;0;0;4;3;274;6;0;23;4;15;91;47;2;0;16;5;3;0;0;0;0;0
47403;537;2016;Defensa;22;1791;21;6.861904;0;1;13;3;526;8;75;0;0;59;230;121;18;0;5;2;10;0;0;0;0;0
47409;537;2016;Defensa;16;1393;16;6.98125;1;0;9;3;399;4;74;0;0;38;148;82;7;0;9;7;4;0;0;0;0;0
47411;537;2016;Mediocentro;14;957;10;6.641666;1;2;12;8;159;8;78;0;0;4;74;20;8;0;18;6;1;0;0;0;0;0
47415;537;2016;Mediocentro;30;2334;26;6.94;0;1;16;4;1304;17;0;80;11;59;362;182;42;0;23;13;11;0;0;0;0;0
47417;537;2016;Delantero;28;2040;24;6.917857;8;2;32;17;521;29;0;35;1;21;195;93;29;0;50;23;1;0;1;0;0;0
41312;537;2016;Delantero;11;375;3;6.646153;1;2;11;5;150;11;73;0;0;2;57;22;15;0;4;1;1;0;0;0;0;0
2459;537;2016;Delantero;27;1046;10;6.530769;1;3;25;13;229;10;0;16;1;12;177;78;37;0;62;22;1;0;0;0;0;0
47537;537;2016;Defensa;11;878;10;6.541666;0;1;3;0;227;6;60;0;0;36;102;55;9;0;10;3;3;0;0;0;0;0
18867;537;2016;Defensa;25;2222;25;6.892;1;0;13;3;897;14;0;76;10;67;255;152;33;0;25;9;6;0;0;0;0;0
47567;537;2016;Defensa;31;2698;30;6.854838;1;0;15;3;741;2;80;0;0;68;287;173;44;0;6;5;10;0;0;0;0;0
90646;537;2016;Defensa;29;1899;20;6.714814;1;0;6;3;644;2;0;28;10;58;163;91;13;0;3;3;3;0;0;0;0;0
568;537;2016;Mediocentro;34;2753;33;6.558823;5;2;40;18;1206;35;0;72;9;25;782;323;67;0;84;36;9;0;0;0;0;0
31538;537;2016;Portero;1;60;0;5.9;0;0;0;0;20;0;0;0;0;0;0;0;0;0;0;0;0;0;0;3;0;0
1042;537;2016;Mediocentro;1;90;1;6.5;0;0;0;0;31;0;91;0;0;1;8;4;0;0;0;0;0;0;0;0;0;0
3170;537;2016;Defensa;8;595;7;6.4375;0;0;3;0;191;2;72;0;0;14;54;34;7;0;1;1;2;0;0;0;0;0
33928;537;2016;Portero;13;1110;13;6.546153;0;0;1;1;377;1;0;1;0;1;7;4;0;0;0;0;2;0;0;22;31;0
104846;537;2016;Portero;1;61;0;6.2;0;0;0;0;25;0;0;0;0;0;1;1;0;0;0;0;0;0;0;1;1;0
46659;537;2016;Mediocentro;5;168;1;6.94;2;1;7;3;46;2;0;2;0;1;37;21;11;0;16;8;0;0;0;0;0;0
1616;537;2016;Delantero;31;2146;25;6.63;5;1;29;16;592;19;0;14;1;7;286;80;28;0;28;16;3;0;1;0;0;0
46677;537;2016;Defensa;23;1811;20;6.67826;1;1;15;6;516;11;69;0;0;55;270;139;15;0;27;12;6;0;0;0;0;0
46690;537;2016;Mediocentro;16;1191;14;6.9;0;0;4;0;425;6;82;0;0;30;136;71;5;0;3;2;6;0;0;0;0;0
46830;537;2016;Mediocentro;12;953;11;6.775;0;1;2;1;435;7;0;25;2;18;104;46;6;0;7;3;7;0;0;0;0;0
46836;537;2016;Delantero;5;169;1;6.62;0;0;3;1;30;2;0;4;0;0;30;11;4;0;5;2;0;0;0;0;0;0
46841;537;2016;Portero;4;360;4;6.775;0;0;0;0;57;0;0;0;0;0;1;1;0;0;0;0;1;0;0;4;12;0
46861;537;2016;Mediocentro;15;974;11;6.626666;0;2;14;2;215;20;73;0;0;8;177;78;18;0;51;27;4;0;0;0;0;0
47010;537;2016;Mediocentro;24;1964;22;6.845833;2;1;14;5;907;24;0;32;5;40;203;102;13;0;10;9;7;1;0;0;0;0
51251;538;2016;Defensa;17;1462;17;6.9;1;1;3;1;809;2;80;0;0;38;134;76;5;0;6;4;7;0;0;0;0;0
47371;538;2016;Delantero;23;1070;14;6.626086;4;1;16;9;269;14;0;8;2;4;108;39;17;0;7;2;8;0;1;0;0;0
47390;538;2016;Delantero;7;522;6;6.957142;2;2;11;6;177;14;73;0;0;9;75;31;8;0;20;13;2;0;0;0;0;0
18740;538;2016;Defensa;30;2206;23;6.775862;0;3;10;5;1204;17;0;76;6;62;251;135;18;0;40;25;8;0;0;0;0;0
47425;538;2016;Portero;26;2340;26;6.711538;0;1;0;0;445;1;53;0;0;2;15;12;3;0;1;1;0;1;0;51;89;0
47428;538;2016;Defensa;25;2179;25;6.84;2;1;14;8;1167;2;0;73;17;52;259;153;20;0;4;4;6;0;0;0;0;0
47429;538;2016;Defensa;1;90;1;6.2;0;1;0;0;58;1;49;0;1;1;2;1;0;0;0;0;1;0;0;0;0;0
47427;538;2016;Portero;1;90;1;6.3;0;0;0;0;21;0;0;0;0;0;0;0;0;0;0;0;0;0;0;3;2;0
47432;538;2016;Defensa;23;1988;22;6.7;2;1;12;5;944;11;0;51;6;65;204;101;12;0;14;5;10;1;0;0;0;0
47437;538;2016;Mediocentro;7;259;3;6.457142;1;0;6;2;81;6;0;3;0;1;32;6;0;0;12;2;0;0;0;0;0;0
47441;538;2016;Mediocentro;31;2420;27;6.787096;1;0;6;4;1310;9;0;72;7;35;321;168;31;0;49;32;3;0;0;0;0;0
47442;538;2016;Mediocentro;19;1094;12;6.858823;2;2;16;9;508;17;72;0;0;9;89;36;13;0;7;1;2;0;0;0;0;0
47445;538;2016;Delantero;32;2319;25;7.19375;19;3;65;37;955;50;0;20;0;11;290;142;71;0;67;36;9;0;6;0;0;0
47447;538;2016;Delantero;30;1664;19;6.672413;3;3;23;13;571;14;0;22;4;10;266;129;47;0;97;57;1;0;0;0;0;0
104841;538;2016;Mediocentro;13;665;8;6.430769;0;2;10;3;274;5;0;8;1;2;107;52;17;0;16;6;1;0;0;0;0;0
47509;538;2016;Defensa;12;947;11;7.063636;0;0;2;0;470;12;78;0;0;24;115;70;9;0;4;3;3;0;0;0;0;0
8627;538;2016;Mediocentro;30;2171;26;6.57;1;3;28;7;602;20;0;31;1;16;303;134;37;0;116;53;3;0;0;0;0;0
2557;538;2016;Mediocentro;26;1897;20;6.7;1;0;10;3;1157;10;0;46;8;49;397;204;60;0;33;22;10;0;0;0;0;0
660;538;2016;Mediocentro;16;562;5;6.607692;1;0;1;1;238;5;90;0;0;5;107;49;18;0;16;8;3;0;0;0;0;0
922;538;2016;Defensa;32;2716;30;6.84375;2;0;13;5;1385;7;0;97;22;77;329;183;30;0;14;10;8;0;0;0;0;0
932;538;2016;Mediocentro;32;2394;29;6.909375;3;4;29;13;1144;47;0;37;4;23;322;154;41;0;25;12;3;0;0;0;0;0
21648;538;2016;Delantero;13;652;5;6.684615;1;2;15;4;168;8;0;3;0;1;129;56;18;0;12;4;1;0;0;0;0;0
91429;538;2016;Delantero;18;791;9;6.829411;4;1;25;10;186;11;81;0;0;1;93;35;15;0;15;8;1;0;0;0;0;0
5914;538;2016;Mediocentro;26;1643;17;6.646153;1;2;7;2;1134;15;0;33;3;33;174;61;11;0;9;5;5;0;0;0;0;0
46996;538;2016;Defensa;5;439;5;6.42;1;0;3;1;170;1;0;11;2;10;53;21;4;0;6;3;2;0;0;0;0;0
2042;538;2016;Defensa;25;1903;21;6.8;0;0;3;1;1132;3;0;50;13;58;170;94;3;0;5;3;4;0;0;0;0;0
47326;540;2016;Portero;4;307;3;6.175;0;0;0;0;32;0;42;0;0;0;2;2;0;0;0;0;0;0;0;13;10;0
47327;540;2016;Portero;35;3113;35;6.891428;0;0;0;0;493;0;53;0;0;0;16;14;5;0;1;1;3;0;0;41;117;0
47328;540;2016;Defensa;15;1123;13;6.785714;0;0;4;0;488;2;0;14;13;22;57;34;2;0;1;1;4;0;0;0;0;0
47333;540;2016;Defensa;19;1525;17;6.615789;0;1;1;0;502;6;0;60;4;32;182;99;20;0;9;4;3;0;0;0;0;0
47334;540;2016;Defensa;36;3240;36;7.191666;3;2;14;9;1720;13;0;92;18;67;293;203;32;0;15;11;3;0;0;0;0;0
47339;540;2016;Mediocentro;11;299;2;6.37;0;0;0;0;98;0;0;6;0;1;37;22;11;0;8;4;0;0;0;0;0;0
47340;540;2016;Mediocentro;30;2351;30;6.836666;10;10;42;18;555;42;74;0;0;28;388;158;61;0;69;23;8;0;1;0;0;0
47341;540;2016;Mediocentro;25;1319;14;6.688;0;1;9;3;750;7;0;39;2;18;168;76;10;0;23;16;4;0;0;0;0;0
47342;540;2016;Mediocentro;26;2281;25;6.915384;1;1;9;2;845;18;72;0;0;74;337;168;23;0;20;8;8;0;0;0;0;0
53490;540;2016;Defensa;4;202;2;6.375;0;0;0;0;70;0;0;9;1;6;41;19;3;0;10;3;2;0;0;0;0;0
47355;540;2016;Defensa;3;101;1;6.5;0;0;0;0;22;0;0;3;0;8;3;3;0;0;0;0;1;0;0;0;0;0
12541;540;2016;Mediocentro;31;2459;27;6.86129;3;3;35;12;1016;29;81;0;0;19;247;138;47;0;73;46;1;0;0;0;0;0
47377;540;2016;Defensa;0;0;0;6.845454;0;2;9;2;765;10;0;44;1;48;195;118;10;0;25;17;0;0;0;0;0;0
47387;540;2016;Mediocentro;18;899;9;6.588888;0;0;4;0;226;2;68;0;0;23;127;64;12;0;4;4;6;0;0;0;0;0
18800;540;2016;Defensa;12;789;10;6.908333;2;1;15;3;288;5;0;20;2;16;89;54;12;0;16;11;0;0;0;0;0;0
2520;540;2016;Delantero;32;1792;20;6.493548;3;1;18;7;536;16;0;47;0;31;328;138;27;0;81;34;8;0;0;0;0;0
13062;540;2016;Delantero;21;1428;16;6.942857;6;4;31;21;358;14;0;19;1;12;228;96;42;0;47;19;1;0;0;0;0;0
2875;540;2016;Defensa;34;2889;32;6.996969;1;0;8;4;1314;1;0;47;17;70;241;149;16;0;11;10;2;0;0;0;0;0
87220;540;2016;Defensa;1;53;0;5.7;0;0;0;0;8;0;66;0;0;0;2;0;0;0;0;0;0;0;0;0;0;0
25914;540;2016;Defensa;30;2586;28;6.673333;0;0;3;1;1044;21;0;69;9;50;309;155;26;0;63;40;5;0;0;0;0;0
46651;540;2016;Defensa;0;0;0;6.456;0;0;7;3;433;21;65;0;0;37;203;103;8;0;76;41;0;0;0;0;0;0
46743;540;2016;Mediocentro;6;268;3;6.35;0;0;1;0;105;1;74;0;0;3;38;12;5;0;1;0;1;0;0;0;0;0
1689;540;2016;Defensa;2;180;2;6.1;0;0;2;0;49;0;0;0;1;2;5;3;2;0;0;0;2;0;0;0;0;0
1698;540;2016;Mediocentro;31;2566;29;6.78;1;0;8;3;1036;6;77;0;0;62;302;136;23;0;11;7;9;0;0;0;0;0
1707;540;2016;Delantero;37;3280;37;7.116216;13;4;70;33;1067;32;0;56;8;30;577;243;49;0;95;47;6;0;0;0;0;0
1861;540;2016;Delantero;27;1287;14;6.525925;2;1;9;6;237;5;0;25;2;2;235;82;17;0;19;10;4;0;0;0;0;0
47034;540;2016;Mediocentro;21;866;10;6.661904;3;4;14;5;252;18;66;0;0;6;158;59;29;0;34;13;1;0;1;0;0;0
47066;540;2016;Delantero;10;313;2;6.51;0;1;3;1;91;4;0;1;0;10;27;10;3;0;9;5;0;0;0;0;0;0
59;541;2016;Delantero;26;1330;14;7.142307;15;4;49;30;358;18;0;15;0;3;205;94;34;0;39;22;8;0;0;0;0;0
41176;541;2016;Defensa;3;169;2;6.966666;0;1;1;0;103;2;95;0;0;1;9;5;1;0;2;1;0;0;0;0;0;0
2291;541;2016;Mediocentro;27;1688;19;7.15;1;3;11;5;1034;17;0;66;2;21;258;166;37;0;74;60;2;0;0;0;0;0
373;541;2016;Defensa;13;1081;13;7.223076;2;1;5;2;569;5;84;0;0;20;119;78;18;0;4;3;1;0;0;0;0;0
517;541;2016;Mediocentro;22;1179;13;7.318181;8;6;28;18;834;45;0;28;0;12;121;67;20;0;21;13;1;0;0;0;0;0
618;541;2016;Defensa;17;1488;17;7.170588;1;2;7;2;770;19;0;51;8;40;178;114;22;0;22;13;2;0;0;0;0;0
19112;541;2016;Portero;11;990;11;6.881818;0;0;0;0;149;0;68;0;0;0;6;6;0;0;0;0;0;0;0;10;23;1
731;541;2016;Portero;27;2430;27;6.877777;0;0;0;0;589;1;0;0;0;2;8;7;3;0;0;0;2;0;0;31;82;1
733;541;2016;Defensa;23;2014;21;6.982608;0;4;8;4;1208;36;45;58;7;45;252;133;24;0;51;23;11;0;0;0;0;0
735;541;2016;Defensa;28;2301;24;6.967857;2;3;6;5;1223;9;40;55;13;46;216;126;23;0;18;7;5;0;0;0;0;0
738;541;2016;Defensa;28;2489;28;7.232142;7;0;29;10;1711;6;54;41;14;57;237;155;37;0;7;7;8;1;0;0;0;0
742;541;2016;Defensa;23;1928;23;7.117391;1;2;12;2;975;8;84;0;0;38;137;93;6;0;7;4;1;0;0;0;0;0
743;541;2016;Defensa;30;2277;26;7.006666;2;10;25;4;1172;45;81;0;0;40;239;122;27;0;65;43;2;0;0;0;0;0
745;541;2016;Mediocentro;30;1637;18;7.196666;10;8;22;15;1212;38;0;47;0;18;280;145;41;0;88;53;4;0;0;0;0;0
746;541;2016;Delantero;23;1077;11;6.931818;3;2;17;11;554;23;0;26;0;10;133;70;15;0;42;24;0;0;0;0;0;0
747;541;2016;Mediocentro;25;1708;20;7.15;4;0;11;4;1059;10;0;100;6;43;343;194;45;0;12;7;9;0;0;0;0;0
752;541;2016;Mediocentro;29;2501;28;7.710344;3;12;33;12;1910;81;91;0;0;31;250;147;34;0;35;28;6;0;0;0;0;0
754;541;2016;Mediocentro;25;1892;22;7.184;1;2;14;10;1366;33;48;37;6;43;207;119;31;0;56;42;2;0;0;0;0;0
757;541;2016;Defensa;33;1385;12;6.88;2;7;25;11;626;42;0;42;5;9;229;119;48;0;53;26;4;0;0;0;0;0
758;541;2016;Delantero;19;1425;17;7.294736;7;2;64;24;441;22;78;0;0;18;176;90;15;0;56;26;3;1;0;0;0;0
760;541;2016;Delantero;8;115;0;6.6375;1;1;5;1;9;5;50;0;0;0;24;8;1;0;3;1;0;0;0;0;0;0
759;541;2016;Delantero;29;1914;23;7.07931;11;5;54;34;642;38;0;18;1;3;159;62;9;0;35;18;0;0;0;0;0;0
874;541;2016;Delantero;29;2544;29;7.541379;25;6;128;61;770;32;0;6;3;8;240;109;45;0;63;25;4;0;6;0;0;0
46709;541;2016;Defensa;1;2;0;0.0;0;0;0;0;1;0;0;0;0;0;1;1;1;0;0;0;0;0;0;0;0;0
47283;542;2016;Mediocentro;29;1828;23;6.878571;5;2;51;21;487;37;73;0;0;11;177;70;14;0;50;28;2;0;0;0;0;0
47300;542;2016;Defensa;32;2726;30;6.896875;1;3;23;8;943;22;0;65;10;41;343;206;55;0;106;65;12;1;0;0;0;0
47352;542;2016;Portero;36;3240;36;6.938888;0;0;0;0;997;1;0;1;0;2;14;13;4;0;1;1;1;0;0;42;115;2
47356;542;2016;Defensa;10;789;8;7.07;1;0;8;1;334;2;0;9;7;10;62;41;6;0;1;1;4;0;0;0;0;0
47357;542;2016;Defensa;26;2148;24;7.007692;2;1;10;3;709;7;74;0;0;56;161;94;13;0;2;2;6;0;0;0;0;0
47359;542;2016;Defensa;19;943;10;6.452941;0;3;1;0;287;7;0;20;1;25;86;37;6;0;13;5;1;0;0;0;0;0
47363;542;2016;Mediocentro;25;2012;23;7.025;3;1;25;7;668;9;77;0;0;32;329;176;44;0;16;8;8;0;1;0;0;0
18794;542;2016;Defensa;31;2502;28;6.803225;0;2;3;1;1166;20;0;50;4;45;200;115;22;0;50;33;6;0;0;0;0;0
47506;542;2016;Defensa;18;1267;14;6.63125;0;0;3;0;342;10;61;0;0;19;128;61;12;0;14;5;6;0;0;0;0;0
2515;542;2016;Mediocentro;13;528;4;6.86923;0;1;18;10;257;16;0;21;0;7;115;59;21;0;20;13;3;0;0;0;0;0
70132;542;2016;Delantero;23;1228;15;6.491304;1;1;9;5;227;15;56;0;0;10;209;94;22;0;30;11;4;0;0;0;0;0
18998;542;2016;Mediocentro;31;2506;28;6.580645;3;1;25;8;954;28;0;32;1;13;270;101;28;0;42;24;4;0;0;0;0;0
605;542;2016;Mediocentro;14;746;9;6.858333;2;0;3;2;194;7;69;0;0;15;107;58;14;0;11;8;3;0;0;0;0;0
753;542;2016;Mediocentro;32;2805;31;7.25625;0;2;10;1;1749;19;47;122;8;86;364;213;34;0;34;27;5;0;0;0;0;0
35575;542;2016;Delantero;27;1616;18;6.507407;4;1;37;15;361;19;0;44;1;18;332;140;43;0;63;29;6;0;1;0;0;0
937;542;2016;Delantero;11;501;5;6.71;2;1;11;5;125;3;0;11;2;5;89;44;15;0;21;14;1;0;0;0;0;0
44423;542;2016;Defensa;24;1815;19;6.695652;2;1;7;2;643;1;75;0;0;33;116;63;8;0;3;3;11;0;0;0;0;0
1563;542;2016;Defensa;27;2246;27;7.118518;2;1;11;4;713;7;74;0;0;63;150;84;11;0;5;4;8;0;0;0;0;0
46720;542;2016;Mediocentro;21;1438;17;6.69;0;0;5;2;681;5;0;38;8;38;173;82;19;0;15;9;7;0;0;0;0;0
46765;542;2016;Defensa;2;154;1;6.75;0;0;1;0;24;0;54;0;0;3;10;6;1;0;0;0;1;0;0;0;0;0
46785;542;2016;Portero;2;180;2;6.95;0;0;0;0;62;1;0;0;0;0;0;0;0;0;0;0;0;0;0;1;6;2
9934;542;2016;Delantero;32;2583;29;7.003125;7;1;52;22;799;26;0;45;5;22;593;333;66;0;27;14;14;0;0;0;0;0
46810;542;2016;Delantero;21;828;8;6.710526;3;1;18;9;258;6;0;15;1;2;170;72;6;0;3;1;2;0;2;0;0;0
50910;542;2016;Mediocentro;20;770;8;6.725;3;3;15;7;228;15;0;18;1;7;151;63;12;0;51;24;3;1;0;0;0;0
51177;542;2016;Mediocentro;6;159;1;6.433333;0;0;2;1;48;3;0;2;0;2;27;8;4;0;5;1;1;0;0;0;0;0
27;543;2016;Portero;37;3330;37;6.848648;0;0;0;0;609;0;52;0;0;5;20;16;3;0;2;2;5;0;0;62;127;1
47161;543;2016;Defensa;6;498;6;6.733333;0;0;0;0;241;1;0;14;2;16;46;25;1;0;3;2;0;0;0;0;0;0
51260;543;2016;Mediocentro;14;756;9;6.96923;1;0;7;2;245;16;73;0;0;17;132;63;17;0;10;6;3;0;0;0;0;0
47252;543;2016;Defensa;16;1331;15;6.91875;1;0;3;1;420;3;75;0;0;41;118;67;6;0;6;5;9;0;0;0;0;0
47312;543;2016;Mediocentro;16;1272;15;7.0125;1;0;10;7;765;10;0;35;4;23;103;57;7;0;16;11;2;0;0;0;0;0
47361;543;2016;Mediocentro;25;1628;19;6.558333;1;1;11;3;552;16;0;47;3;14;240;101;22;0;34;14;7;0;0;0;0;0
37125;543;2016;Delantero;8;278;1;6.6375;0;1;4;2;83;8;0;7;0;2;55;26;11;0;21;8;2;0;0;0;0;0
2366;543;2016;Defensa;17;1503;17;6.7;0;0;1;0;561;1;0;37;5;34;148;78;11;0;13;9;2;0;0;0;0;0
328;543;2016;Mediocentro;4;154;3;6.75;0;0;0;0;96;1;0;6;0;2;15;9;0;0;1;1;0;0;0;0;0;0
104861;543;2016;Mediocentro;0;0;0;6.766666;0;0;1;0;55;1;68;0;0;3;33;20;2;0;1;1;0;0;0;0;0;0
2469;543;2016;Defensa;36;3103;36;6.919444;1;0;14;6;1364;7;0;72;14;100;313;200;26;0;6;5;10;0;0;0;0;0
446;543;2016;Defensa;16;856;9;6.71875;0;1;3;0;254;5;76;0;0;23;104;52;10;0;4;1;3;0;0;0;0;0
2522;543;2016;Delantero;22;1492;16;6.763636;4;1;26;10;405;6;0;11;0;1;305;123;27;0;21;9;2;0;0;0;0;0
20997;543;2016;Defensa;18;1278;14;6.661111;2;2;7;5;389;11;80;0;0;13;118;54;10;0;17;9;4;0;0;0;0;0
748;543;2016;Mediocentro;30;2335;24;7.146666;2;2;31;16;1389;39;0;92;2;57;537;303;118;0;120;81;8;0;0;0;0;0
921;543;2016;Defensa;23;1742;21;6.482608;2;3;11;3;613;17;0;38;3;19;240;110;13;0;62;36;6;1;0;0;0;0
44318;543;2016;Mediocentro;32;2143;24;7.019354;1;2;8;2;1081;23;0;110;11;51;383;222;82;0;24;18;9;0;0;0;0;0
77168;543;2016;Mediocentro;17;805;6;6.725;1;1;16;3;268;12;71;0;0;20;133;64;11;0;18;9;9;0;0;0;0;0
1567;543;2016;Defensa;26;2217;25;6.926923;2;1;12;7;1015;4;0;43;24;60;196;113;10;0;12;9;4;0;0;0;0;0
1579;543;2016;Mediocentro;28;1676;19;6.775;3;4;27;9;637;35;84;0;0;13;199;92;29;0;68;35;2;0;0;0;0;0
46681;543;2016;Defensa;14;967;11;6.666666;0;0;6;3;374;10;0;18;3;19;79;37;5;0;7;2;2;0;0;0;0;0
46726;543;2016;Delantero;6;150;1;6.416666;0;0;3;1;34;3;55;0;0;0;22;7;1;0;1;0;1;0;0;0;0;0
46784;543;2016;Portero;1;90;1;6.3;0;0;0;0;12;0;50;0;0;0;0;0;0;0;0;0;1;0;0;2;3;0
46802;543;2016;Mediocentro;10;147;0;5.925;0;0;1;0;77;1;0;4;0;1;27;12;7;0;6;1;0;1;0;0;0;0
22258;543;2016;Mediocentro;20;1156;15;6.575;2;0;8;5;567;9;0;15;2;13;147;61;17;0;12;9;5;0;0;0;0;0
1839;543;2016;Defensa;27;2387;27;6.737037;1;4;17;4;802;48;0;47;4;29;215;111;31;0;48;26;4;0;0;0;0;0
46898;543;2016;Delantero;25;1434;15;6.78;3;2;38;20;396;8;0;8;1;6;295;137;54;0;16;6;2;0;0;0;0;0
47012;543;2016;Delantero;35;2783;32;7.014285;13;3;117;42;536;27;78;0;0;10;166;66;38;0;34;19;3;0;2;0;0;0
41163;544;2016;Delantero;11;348;3;6.790909;0;1;5;3;113;9;0;6;0;6;40;23;4;0;19;13;1;0;0;0;0;0
47405;544;2016;Defensa;34;2962;34;6.797058;0;6;24;6;934;49;72;0;0;62;283;162;46;0;43;26;3;0;0;0;0;0
104796;544;2016;Defensa;25;2050;22;0.0;0;0;0;0;0;0;0;0;0;0;0;0;0;0;0;0;6;0;0;0;0;0
104809;544;2016;Defensa;27;2335;26;6.903703;1;1;10;4;853;4;79;0;0;42;157;90;8;0;6;4;10;1;0;0;0;0
18833;544;2016;Delantero;1;90;1;8.2;1;1;3;1;25;3;0;0;0;0;10;2;2;0;2;0;0;0;1;0;0;0
104855;544;2016;Mediocentro;1;0;0;0.0;0;0;0;0;0;0;0;0;0;0;0;0;0;0;0;0;0;0;0;0;0;0
47545;544;2016;Mediocentro;10;544;8;6.52;2;1;9;3;174;5;0;10;1;3;88;40;7;0;23;15;0;0;0;0;0;0
47563;544;2016;Defensa;26;1906;20;6.673076;0;2;12;0;529;12;76;0;0;43;225;123;28;0;36;20;6;0;0;0;0;0
18907;544;2016;Delantero;20;892;9;6.825;5;1;28;15;321;6;0;9;0;2;172;92;15;0;12;5;7;0;0;0;0;0
8716;544;2016;Portero;1;90;1;7.7;0;0;0;0;22;0;0;0;0;1;1;1;0;0;0;0;0;0;0;0;4;0
18978;544;2016;Delantero;37;2900;32;6.737837;12;2;75;42;431;16;0;23;3;4;498;151;35;0;112;40;6;0;0;0;0;0
19034;544;2016;Delantero;11;560;5;6.736363;4;1;13;7;133;3;72;0;0;7;89;37;4;0;18;8;3;0;0;0;0;0
68202;544;2016;Delantero;22;1452;18;6.536363;0;0;17;7;414;20;0;40;2;11;246;116;53;0;50;19;3;0;0;0;0;0
2715;544;2016;Mediocentro;24;1203;14;6.655;0;2;14;8;599;24;0;31;0;7;143;68;22;0;13;6;3;0;0;0;0;0
2840;544;2016;Mediocentro;34;2723;30;7.032352;6;0;29;10;1483;19;0;64;7;63;407;233;29;0;14;10;5;0;2;0;0;0
35794;544;2016;Delantero;19;792;9;6.582352;0;0;17;4;166;10;0;22;0;13;160;75;28;0;48;22;0;0;0;0;0;0
35903;544;2016;Defensa;23;1907;20;6.869565;0;0;10;3;723;1;0;41;14;34;180;103;21;0;11;9;7;0;0;0;0;0
44490;544;2016;Mediocentro;33;2475;29;6.8875;3;6;42;13;1000;72;80;0;0;14;322;148;66;0;61;31;5;0;0;0;0;0
1562;544;2016;Defensa;29;2491;29;6.889655;1;0;10;1;1041;3;0;37;21;53;146;94;12;0;17;8;2;0;0;0;0;0
1607;544;2016;Mediocentro;30;2281;26;6.956666;2;1;22;6;1329;11;0;76;4;46;325;185;42;0;26;16;6;0;0;0;0;0
46796;544;2016;Mediocentro;8;552;6;6.8125;1;0;3;1;249;4;82;0;0;10;65;31;1;0;1;1;2;0;0;0;0;0
46799;544;2016;Mediocentro;1;46;1;6.9;0;0;1;0;21;1;0;2;0;0;8;5;0;0;2;2;0;0;0;0;0;0
46805;544;2016;Mediocentro;23;1557;17;7.061904;3;0;8;4;860;5;0;68;8;49;211;114;15;0;9;8;7;0;0;0;0;0
46807;544;2016;Delantero;7;201;1;6.45;0;0;4;1;54;2;0;4;0;2;42;16;6;0;7;3;0;0;0;0;0;0
50974;544;2016;Portero;13;1124;12;6.630769;0;0;0;0;312;1;0;2;0;4;8;6;1;0;0;0;1;0;0;23;31;2
51012;544;2016;Mediocentro;23;1410;16;6.552173;1;4;13;6;618;23;0;21;0;13;169;80;34;0;51;25;7;0;0;0;0;0
46945;544;2016;Defensa;7;425;4;6.5;0;0;0;0;104;2;63;0;0;11;48;22;5;0;3;2;0;1;0;0;0;0
5986;544;2016;Portero;25;2206;25;6.7;0;0;0;0;323;0;50;0;0;2;8;6;4;0;2;1;5;0;0;41;76;0
47274;545;2016;Defensa;31;2553;29;6.725806;0;3;7;2;946;31;0;77;5;65;297;160;24;0;66;34;9;0;0;0;0;0
47281;545;2016;Mediocentro;36;3185;36;7.1;1;1;19;3;1714;23;0;106;5;76;323;182;31;0;16;9;9;1;0;0;0;0
47375;545;2016;Portero;1;45;0;6.9;0;0;0;0;21;0;0;0;0;0;0;0;0;0;0;0;0;0;0;0;2;0
47376;545;2016;Portero;16;1254;16;6.35;0;0;0;0;157;0;41;0;0;0;8;6;3;0;0;0;0;2;0;21;32;0
47377;545;2016;Defensa;22;1572;17;6.845454;0;2;9;2;765;10;0;44;1;48;195;118;10;0;25;17;5;0;0;0;0;0
47382;545;2016;Defensa;22;1722;20;7.154545;3;0;10;6;658;0;80;0;0;49;146;105;22;0;1;1;5;0;0;0;0;0
47388;545;2016;Mediocentro;30;2020;24;6.678571;2;1;21;6;833;8;0;59;3;41;290;147;23;0;20;13;10;1;0;0;0;0
47391;545;2016;Defensa;28;1049;9;6.333333;1;0;14;6;223;6;0;24;1;14;177;63;14;0;43;17;3;0;0;0;0;0
47392;545;2016;Mediocentro;37;3010;34;6.886486;10;5;61;38;916;87;0;41;1;35;372;156;32;0;113;49;6;0;1;0;0;0
47395;545;2016;Delantero;38;2828;31;6.936842;11;7;49;26;905;36;0;32;2;10;524;192;49;0;32;13;5;0;0;0;0;0
47396;545;2016;Delantero;24;1537;18;6.791666;7;1;25;18;393;12;0;15;1;8;228;93;36;0;19;7;8;0;0;0;0;0
47431;545;2016;Defensa;9;683;7;6.966666;0;2;2;0;291;6;0;25;2;15;64;42;3;0;8;3;1;0;0;0;0;0
47455;545;2016;Defensa;26;2117;24;6.86923;1;5;2;1;980;24;0;45;9;67;210;118;20;0;40;26;3;0;0;0;0;0
47476;545;2016;Portero;25;2117;22;6.792;0;0;0;0;675;2;0;1;0;3;10;8;1;0;0;0;1;1;0;32;74;0
47534;545;2016;Defensa;19;1328;14;7.010526;0;0;5;2;457;3;65;0;0;41;114;68;11;0;1;1;4;0;0;0;0;0
47553;545;2016;Delantero;20;683;8;6.594117;3;2;15;9;182;9;0;10;0;11;82;25;4;0;26;8;2;0;0;0;0;0
18895;545;2016;Defensa;34;2970;33;7.097058;1;1;23;11;1414;7;0;44;20;72;252;179;7;0;18;13;7;0;0;0;0;0
47578;545;2016;Mediocentro;17;712;6;6.6;0;0;4;1;281;4;0;18;3;16;79;35;1;0;11;6;3;0;0;0;0;0
2600;545;2016;Mediocentro;28;2087;26;6.781481;3;2;35;20;608;22;0;58;0;25;305;145;42;0;60;30;5;0;0;0;0;0
70495;545;2016;Mediocentro;17;1225;13;6.964705;2;1;13;5;425;10;74;0;0;31;138;70;9;0;6;2;5;0;0;0;0;0
19533;545;2016;Mediocentro;5;204;3;6.2;0;0;3;0;32;2;71;0;0;1;32;9;2;0;12;4;0;0;0;0;0;0
46827;545;2016;Mediocentro;28;1535;19;6.61923;7;1;43;20;395;13;72;0;0;8;256;88;22;0;15;5;3;0;5;0;0;0
47073;545;2016;Defensa;11;761;8;6.636363;0;0;2;0;287;0;0;13;4;17;52;33;4;0;0;0;1;0;0;0;0;0
47095;545;2016;Delantero;6;158;1;6.566666;1;0;7;3;21;2;72;0;0;0;28;7;3;0;1;1;0;0;0;0;0;0
47259;548;2016;Mediocentro;6;286;3;6.62;0;0;0;0;93;1;63;0;0;5;44;22;9;0;2;1;0;0;0;0;0;0
47273;548;2016;Defensa;35;3090;35;6.851428;3;2;29;8;1676;23;0;77;9;62;385;216;42;0;77;36;9;0;0;0;0;0
47296;548;2016;Portero;16;1440;16;6.739473;0;0;0;0;1399;2;0;5;0;7;21;15;8;0;0;0;2;0;0;53;111;0
47298;548;2016;Defensa;9;459;4;6.177777;0;0;4;0;234;1;0;9;1;12;40;19;1;0;2;1;0;1;0;0;0;0
47304;548;2016;Defensa;2;103;1;6.3;0;0;1;1;47;1;0;1;0;2;15;5;2;0;4;2;1;0;0;0;0;0
47305;548;2016;Defensa;32;2799;31;7.00625;1;1;20;4;1619;10;42;39;13;76;223;134;13;0;13;11;5;0;0;0;0;0
47307;548;2016;Defensa;14;1105;12;6.771428;0;1;6;2;447;10;0;34;3;22;126;74;19;0;9;5;2;0;0;0;0;0
47310;548;2016;Mediocentro;34;3004;33;7.32647;1;2;19;5;1975;31;82;0;0;118;402;236;64;0;40;30;13;0;0;0;0;0
47312;548;2016;Mediocentro;3;159;2;7.0125;0;0;10;7;765;10;0;35;4;23;103;57;7;0;16;11;0;0;0;0;0;0
47314;548;2016;Defensa;4;254;3;6.825;0;0;1;0;149;1;0;9;1;1;29;16;1;0;4;3;1;0;0;0;0;0
47316;548;2016;Mediocentro;31;2505;29;6.903225;3;1;25;12;1195;15;82;0;0;85;358;172;51;0;33;12;8;0;0;0;0;0
47318;548;2016;Delantero;12;305;2;6.72;3;0;10;4;60;0;0;11;0;0;51;26;3;0;0;0;0;0;0;0;0;0
47319;548;2016;Delantero;28;2078;27;7.039285;12;4;54;29;682;20;0;8;1;7;246;90;41;0;21;12;4;0;3;0;0;0
47320;548;2016;Delantero;35;1834;19;6.571875;11;0;33;20;426;8;0;20;0;3;188;58;23;0;22;5;7;0;0;0;0;0
47323;548;2016;Delantero;38;2726;30;6.692105;2;7;38;19;1052;34;0;32;3;22;371;155;60;0;101;36;0;0;0;0;0;0
47337;548;2016;Mediocentro;19;691;8;6.80625;0;1;10;3;354;15;81;0;0;19;124;57;13;0;14;12;5;0;0;0;0;0
104794;548;2016;Mediocentro;38;2822;32;0.0;8;0;0;0;0;0;0;0;0;0;0;0;0;0;0;0;2;0;0;0;0;0
104821;548;2016;Mediocentro;1;75;1;6.2;0;0;0;0;35;0;0;1;0;2;10;3;1;0;1;1;0;0;0;0;0;0
33305;548;2016;Delantero;8;109;1;6.333333;0;0;0;0;31;1;0;2;0;2;26;8;3;0;6;2;0;0;0;0;0;0
2670;548;2016;Defensa;34;3000;34;7.047058;3;2;36;13;1869;13;45;42;11;61;263;154;34;0;14;13;10;0;0;0;0;0
737;548;2016;Defensa;15;1285;15;6.413333;0;4;0;0;494;16;0;16;2;11;116;56;13;0;39;18;0;0;0;0;0;0
15320;548;2016;Mediocentro;2;24;0;6.45;0;0;1;0;27;0;0;0;1;0;5;2;2;0;0;0;1;0;0;0;0;0
1028;548;2016;Defensa;9;665;8;6.9;0;0;1;0;292;0;73;0;0;17;57;32;2;0;6;6;2;0;0;0;0;0
1570;548;2016;Mediocentro;31;992;7;6.693103;0;4;11;5;598;35;0;31;0;7;131;55;8;0;28;13;2;0;0;0;0;0
46852;548;2016;Defensa;10;870;10;6.99;0;2;1;1;292;7;74;0;0;22;89;57;12;0;16;9;2;0;0;0;0;0
51046;548;2016;Delantero;35;2562;31;7.114285;9;2;63;27;817;69;78;0;0;10;390;184;90;0;106;59;6;0;3;0;0;0
47074;548;2016;Defensa;4;251;2;6.592307;0;2;2;0;265;8;0;20;1;11;91;51;16;0;21;8;0;0;0;0;0;0
2098;715;2016;Portero;38;3420;38;6.836842;0;0;0;0;1158;2;0;0;0;2;12;9;2;0;0;0;2;0;0;82;162;1
63542;715;2016;Mediocentro;10;794;8;6.46;0;0;5;2;370;3;0;14;4;13;73;31;3;0;10;7;2;0;0;0;0;0
2112;715;2016;Mediocentro;22;1752;20;6.604545;5;1;30;15;326;16;77;0;0;22;303;139;37;0;117;60;6;0;0;0;0;0
47230;715;2016;Mediocentro;7;397;4;6.671428;0;0;11;2;203;3;76;0;0;12;59;30;14;0;5;5;2;0;0;0;0;0
47251;715;2016;Defensa;22;1873;21;6.377272;0;2;3;0;707;9;0;42;4;27;194;89;16;0;49;24;5;0;0;0;0;0
20631;715;2016;Defensa;16;1309;16;6.946666;0;1;0;0;362;2;73;0;0;43;82;50;1;0;8;8;4;0;0;0;0;0
47415;715;2016;Mediocentro;0;0;0;6.94;0;1;16;4;1304;17;0;80;11;59;362;182;42;0;23;13;0;0;0;0;0;0
2361;715;2016;Defensa;17;1473;17;6.811764;1;0;3;1;570;3;0;30;11;32;115;77;8;0;0;0;7;0;0;0;0;0
41312;715;2016;Delantero;13;557;5;6.646153;1;2;11;5;150;11;73;0;0;2;57;22;15;0;4;1;0;0;0;0;0;0
47457;715;2016;Defensa;18;1488;17;6.711111;0;0;7;3;669;6;0;42;10;51;133;79;8;0;4;1;3;0;0;0;0;0
104849;715;2016;Delantero;9;315;3;6.4;0;0;1;0;93;5;0;5;0;1;45;16;7;0;6;2;0;0;0;0;0;0
2459;715;2016;Delantero;0;0;0;6.530769;0;3;25;13;229;10;0;16;1;12;177;78;37;0;62;22;0;0;0;0;0;0
47537;715;2016;Defensa;12;998;11;6.541666;0;1;3;0;227;6;60;0;0;36;102;55;9;0;10;3;1;0;0;0;0;0
47539;715;2016;Mediocentro;31;2385;28;6.670967;0;0;11;2;1309;25;0;77;6;55;382;181;25;0;46;35;13;1;0;0;0;0
41415;715;2016;Defensa;2;73;1;6.6;0;0;0;0;18;3;72;0;0;1;6;2;0;0;1;0;0;0;0;0;0;0
33249;715;2016;Mediocentro;22;1268;13;0.0;0;0;0;0;0;0;0;0;0;0;0;0;0;0;0;0;6;0;0;0;0;0
612;715;2016;Delantero;25;1126;10;6.524;2;0;29;8;266;9;0;6;0;3;215;81;17;0;24;13;5;0;0;0;0;0
21099;715;2016;Mediocentro;12;938;11;6.725;0;0;2;1;364;3;84;0;0;17;86;56;14;0;8;8;0;0;0;0;0;0
33395;715;2016;Mediocentro;25;1740;18;6.476;2;0;17;7;483;20;78;0;0;25;224;100;27;0;54;33;4;0;0;0;0;0
35575;715;2016;Delantero;0;0;0;6.507407;0;1;37;15;361;19;0;44;1;18;332;140;43;0;63;29;0;0;1;0;0;0
70495;715;2016;Mediocentro;0;0;0;6.964705;0;1;13;5;425;10;74;0;0;31;138;70;9;0;6;2;0;0;0;0;0;0
899;715;2016;Mediocentro;35;2830;34;6.728571;5;3;56;26;1111;53;0;43;2;31;426;187;48;0;121;75;10;1;0;0;0;0
50131;715;2016;Delantero;26;1378;16;6.676;5;2;40;13;264;11;69;0;0;5;189;60;18;0;15;6;2;0;0;0;0;0
19426;715;2016;Mediocentro;5;268;4;6.64;0;0;0;0;102;0;0;9;3;3;37;15;2;0;2;0;2;0;0;0;0;0
21494;715;2016;Defensa;6;370;6;6.283333;0;0;2;1;127;0;77;0;0;4;54;30;7;0;8;5;3;0;0;0;0;0
15381;715;2016;Delantero;3;102;1;6.566666;0;0;3;2;21;0;0;2;0;0;12;7;2;0;4;3;0;0;0;0;0;0
91225;715;2016;Mediocentro;2;42;0;6.2;0;0;0;0;8;0;79;0;0;1;10;3;0;0;2;0;0;0;0;0;0;0
104845;715;2016;Mediocentro;1;29;0;6.7;0;0;1;0;8;0;0;1;0;0;2;1;0;0;0;0;0;0;0;0;0;0
3238;715;2016;Mediocentro;10;685;8;6.65;0;0;2;0;401;7;0;27;1;16;90;43;3;0;7;5;4;0;0;0;0;0
3426;715;2016;Mediocentro;11;869;10;6.90909;1;1;17;5;318;7;81;0;0;11;158;75;19;0;19;11;7;0;0;0;0;0
48589;715;2016;Delantero;11;506;6;6.363636;0;0;4;3;89;3;0;11;0;10;88;36;13;0;24;10;2;0;0;0;0;0
91701;715;2016;Delantero;8;310;2;6.7;0;1;10;1;68;4;64;0;0;7;52;26;7;0;5;1;1;0;0;0;0;0
22084;715;2016;Defensa;12;976;11;6.516666;0;0;1;0;240;4;74;0;0;32;92;47;16;0;15;7;3;0;0;0;0;0
46695;715;2016;Delantero;14;1131;13;6.95;4;1;22;12;218;16;69;0;0;3;202;84;19;0;19;8;4;0;0;0;0;0
46731;715;2016;Defensa;2;180;2;6.95;0;0;1;1;91;2;0;6;0;7;20;12;4;0;2;1;1;0;0;0;0;0
46822;715;2016;Defensa;21;1840;20;6.7;2;0;10;2;605;4;78;0;0;40;98;53;2;0;1;1;6;0;0;0;0;0
46874;715;2016;Defensa;0;0;0;6.872727;0;1;7;3;661;4;0;22;17;24;126;72;12;0;1;1;0;0;0;0;0;0
30531;715;2016;Delantero;26;1453;14;6.592307;2;1;17;9;399;13;0;7;0;2;184;97;29;0;98;55;0;0;0;0;0;0
6084;715;2016;Defensa;22;1747;19;6.631818;0;0;5;1;727;7;0;47;8;40;163;98;16;0;10;7;6;0;0;0;0;0
47074;715;2016;Defensa;13;913;11;6.592307;0;2;2;0;265;8;0;20;1;11;91;51;16;0;21;8;2;0;0;0;0;0
20539;727;2016;Delantero;15;799;8;6.573333;0;1;16;6;151;4;66;0;0;3;136;50;9;0;10;5;3;1;0;0;0;0
47188;727;2016;Defensa;12;1036;12;6.608333;1;0;6;2;219;1;74;0;0;29;62;29;4;0;1;1;3;0;0;0;0;0
47201;727;2016;Delantero;28;1795;20;6.642857;0;1;22;6;582;30;80;0;0;18;251;119;26;0;78;42;3;0;0;0;0;0
47203;727;2016;Mediocentro;19;896;8;6.552631;0;4;16;5;208;16;76;0;0;7;186;94;22;0;58;33;1;0;0;0;0;0
82030;727;2016;Defensa;17;1287;16;0.0;0;0;0;0;0;0;0;0;0;0;0;0;0;0;0;0;5;0;0;0;0;0
47227;727;2016;Mediocentro;8;526;6;6.725;0;0;3;0;206;1;0;22;2;21;92;51;7;0;2;2;1;0;0;0;0;0
47292;727;2016;Delantero;28;1465;17;6.737037;7;1;27;15;474;12;0;12;3;3;267;116;26;0;18;5;4;0;0;0;0;0
351;727;2016;Mediocentro;26;2007;22;6.684615;1;2;9;4;799;14;0;39;4;30;217;98;19;0;17;11;4;0;0;0;0;0
104843;727;2016;Defensa;15;1029;10;6.533333;0;0;6;0;320;11;0;33;2;23;114;54;7;0;15;9;3;0;0;0;0;0
104842;727;2016;Portero;7;586;7;6.528571;0;0;0;0;161;0;0;1;0;0;5;3;0;0;0;0;3;0;0;14;20;3
104848;727;2016;Defensa;4;130;2;6.5;0;0;1;0;21;1;64;0;0;4;14;9;1;0;1;0;0;0;0;0;0;0
104854;727;2016;Defensa;11;736;9;6.40909;0;1;0;0;155;3;70;0;0;22;70;37;7;0;3;1;2;0;0;0;0;0
104858;727;2016;Mediocentro;3;44;0;6.266666;0;0;0;0;11;0;0;0;0;1;5;2;1;0;0;0;0;0;0;0;0;0
104861;727;2016;Mediocentro;3;194;3;6.766666;0;0;1;0;55;1;68;0;0;3;33;20;2;0;1;1;1;0;0;0;0;0
39714;727;2016;Defensa;5;429;4;6.92;2;0;4;2;72;0;70;0;0;17;33;20;1;0;0;0;0;0;0;0;0;0
6997;727;2016;Delantero;22;1467;18;6.840909;4;1;38;16;306;20;61;0;0;7;324;132;34;0;19;8;3;0;0;0;0;0
15385;727;2016;Mediocentro;7;569;6;6.542857;0;0;4;2;169;3;77;0;0;22;62;22;2;0;5;4;2;0;0;0;0;0
40201;727;2016;Defensa;4;360;4;6.05;0;1;0;0;97;1;0;4;0;5;24;10;1;0;0;0;4;0;0;0;0;0
1583;727;2016;Delantero;33;2401;27;6.736363;10;0;72;33;208;7;68;0;0;3;261;81;31;0;65;27;4;0;1;0;0;0
46651;727;2016;Defensa;25;1948;22;6.456;1;0;7;3;433;21;65;0;0;37;203;103;8;0;76;41;2;0;0;0;0;0
46652;727;2016;Defensa;22;1870;20;6.7;0;0;7;0;633;1;0;51;7;64;197;115;15;0;8;6;4;0;0;0;0;0
46653;727;2016;Defensa;25;2189;23;6.74;1;0;7;4;701;2;0;44;22;54;203;110;13;0;1;0;8;0;0;0;0;0
46656;727;2016;Defensa;36;3150;36;6.622222;0;2;8;2;859;18;68;0;0;90;409;221;53;0;13;9;11;1;0;0;0;0
46661;727;2016;Mediocentro;15;811;9;6.646666;1;0;16;4;325;7;74;0;0;15;141;60;7;0;19;13;5;0;0;0;0;0
46663;727;2016;Mediocentro;14;489;4;6.571428;1;0;4;1;107;3;70;0;0;8;58;26;6;0;3;2;3;0;0;0;0;0
46664;727;2016;Mediocentro;1;19;0;6.3;0;0;0;0;2;0;0;1;0;0;4;1;0;0;0;0;0;0;0;0;0;0
46666;727;2016;Mediocentro;32;2312;26;6.8625;7;3;50;23;947;62;0;45;0;38;283;125;42;0;53;27;7;0;3;0;0;0
46667;727;2016;Delantero;1;16;0;6.3;0;0;0;0;5;0;0;0;0;0;4;1;0;0;1;1;0;0;0;0;0;0
40553;727;2016;Defensa;10;789;10;6.56;0;0;5;4;201;2;0;10;5;18;55;38;4;0;3;2;0;0;0;0;0;0
30495;727;2016;Portero;18;1620;18;6.455555;0;0;0;0;560;1;0;0;0;4;9;6;0;0;0;0;1;0;0;51;50;0
30510;727;2016;Delantero;29;2117;22;6.572413;1;6;14;5;582;27;0;65;3;51;391;188;35;0;135;65;3;0;0;0;0;0
46989;727;2016;Portero;13;1170;13;6.5;0;0;0;0;340;1;0;0;0;1;5;4;4;0;0;0;1;0;0;29;38;2
47016;727;2016;Portero;1;44;0;6.7;0;0;0;0;12;0;0;0;0;0;0;0;0;0;0;0;0;0;0;0;1;1
47027;727;2016;Mediocentro;2;11;0;6.6;0;0;1;0;0;0;0;0;0;1;5;4;1;0;2;1;0;0;0;0;0;0
47036;727;2016;Mediocentro;19;1232;16;6.672222;0;0;6;6;422;6;0;62;4;32;191;88;12;0;8;5;8;0;0;0;0;0
47150;731;2016;Delantero;16;740;6;7.5;1;0;1;1;9;2;64;0;0;0;3;2;1;0;0;0;2;0;0;0;0;0
55393;731;2016;Defensa;3;197;2;6.166666;1;0;2;1;33;0;71;0;0;4;25;8;4;0;4;1;0;0;0;0;0;0
14482;731;2016;Mediocentro;6;149;1;6.383333;0;0;1;0;50;2;0;6;1;1;45;18;7;0;4;2;0;0;0;0;0;0
43184;731;2016;Mediocentro;8;494;6;6.5625;0;0;5;0;233;3;82;0;0;5;84;42;12;0;10;8;3;0;0;0;0;0
24793;731;2016;Defensa;31;2774;31;6.832258;0;0;5;1;1094;3;0;61;21;66;200;127;16;0;19;16;7;1;0;0;0;0
47362;731;2016;Mediocentro;32;1996;21;6.753125;2;4;50;23;461;32;69;0;0;13;313;153;57;0;110;56;6;0;0;0;0;0
47385;731;2016;Mediocentro;36;3007;34;6.827777;2;1;14;5;1423;20;0;143;14;71;555;267;44;0;24;15;9;0;0;0;0;0
47399;731;2016;Portero;36;3240;36;6.744444;0;0;0;0;1051;1;0;0;0;5;32;24;9;0;0;0;5;0;0;69;127;1
47418;731;2016;Mediocentro;17;1410;16;6.9;1;0;1;0;181;0;0;10;1;14;36;21;2;0;1;0;6;0;0;0;0;0
47493;731;2016;Delantero;31;2280;27;6.793548;9;3;56;27;599;22;0;11;1;9;290;98;26;0;26;7;7;0;3;0;0;0
104856;731;2016;Delantero;2;39;0;6.2;0;0;2;0;17;0;0;0;0;0;12;5;1;0;1;0;0;0;0;0;0;0
47574;731;2016;Mediocentro;26;1878;24;6.66923;2;5;12;6;825;35;0;38;4;11;233;87;10;0;58;35;5;0;1;0;0;0
2544;731;2016;Delantero;9;229;2;6.842857;0;0;1;1;88;5;0;11;1;1;47;25;9;0;4;2;2;0;0;0;0;0
70546;731;2016;Defensa;27;2221;26;6.748148;0;1;9;2;576;5;67;0;0;70;227;129;21;0;7;6;17;0;0;0;0;0
50085;731;2016;Defensa;21;1719;20;6.47619;3;0;15;5;544;21;72;0;0;32;320;157;33;0;83;46;6;0;0;0;0;0
1036;731;2016;Mediocentro;21;1472;16;6.7;2;1;11;4;562;10;80;0;0;22;156;73;28;0;13;10;6;0;0;0;0;0
15372;731;2016;Mediocentro;7;376;4;6.385714;0;0;2;0;169;0;0;9;0;8;36;17;4;0;1;0;1;0;0;0;0;0
46650;731;2016;Defensa;25;2137;24;6.504;0;0;3;2;871;8;0;42;8;57;235;129;38;0;7;0;7;0;0;0;0;0
28406;731;2016;Delantero;8;464;5;6.6375;2;0;20;7;51;5;54;0;0;3;94;34;4;0;5;2;2;0;0;0;0;0
46870;731;2016;Portero;2;180;2;6.8;0;0;0;0;60;1;0;0;0;0;0;0;0;0;0;0;0;1;0;3;9;1
46874;731;2016;Defensa;22;1715;20;6.872727;1;1;7;3;661;4;0;22;17;24;126;72;12;0;1;1;2;0;0;0;0;0
46875;731;2016;Defensa;20;1755;20;6.76;2;1;11;2;391;14;70;0;0;24;136;77;13;0;7;2;4;0;0;0;0;0
46883;731;2016;Defensa;4;230;2;6.7;0;0;0;0;82;1;0;5;5;4;17;9;1;0;0;0;1;0;0;0;0;0
46884;731;2016;Mediocentro;25;1865;21;6.648;8;2;34;15;558;26;68;0;0;25;371;141;34;0;38;12;5;0;0;0;0;0
46888;731;2016;Delantero;0;0;0;6.45;0;0;1;0;7;1;0;0;0;0;1;0;0;0;0;0;0;0;0;0;0;0
46981;731;2016;Mediocentro;17;858;8;6.5;0;0;5;2;234;3;72;0;0;15;89;41;11;0;3;1;6;0;0;0;0;0
46983;731;2016;Delantero;25;1016;10;6.672;4;1;16;10;175;12;78;0;0;1;125;36;14;0;12;6;1;0;0;0;0;0
51112;731;2016;Mediocentro;25;1380;15;6.684;2;1;27;12;382;23;74;0;0;8;189;87;32;0;30;12;1;0;0;0;0;0
47076;731;2016;Defensa;27;1728;19;6.25;0;3;12;3;398;15;62;0;0;29;166;65;15;0;30;14;5;0;0;0;0;0
21;529;2017;Delantero;17;693;8;6.84375;4;3;13;7;223;10;0;4;0;11;62;23;9;0;10;3;0;0;0;0;0;0
124;529;2017;Portero;1;90;1;7.7;0;0;0;0;26;0;0;0;0;0;0;0;0;0;0;0;0;0;0;1;6;1
127;529;2017;Portero;37;3330;37;7.016216;0;0;0;0;1110;0;0;1;0;4;7;5;1;0;1;1;0;0;0;28;98;1
128;529;2017;Defensa;33;2744;30;7.233333;2;8;11;5;2102;38;55;63;5;68;227;122;21;0;33;23;8;0;0;0;0;0
130;529;2017;Defensa;24;1496;17;6.768181;0;0;3;2;978;11;0;34;2;22;164;91;21;0;46;29;1;0;0;0;0;0
136;529;2017;Defensa;30;2633;29;7.213333;2;0;18;5;1657;6;88;8;10;30;203;119;11;0;16;13;9;0;0;0;0;0
137;529;2017;Mediocentro;30;2227;24;7.113333;1;7;7;4;1617;23;48;63;8;39;256;157;26;0;76;54;3;2;0;0;0;0
139;529;2017;Defensa;25;2189;24;7.164;1;0;8;5;1618;1;59;50;17;37;188;130;25;0;11;8;7;0;0;0;0;0
140;529;2017;Defensa;14;1018;12;6.942857;0;1;3;2;601;3;92;2;1;18;63;35;3;0;2;1;3;0;0;0;0;0
144;529;2017;Mediocentro;31;2600;30;7.203225;1;4;4;4;2241;24;65;88;10;51;343;215;58;0;23;18;8;0;0;0;0;0
147;529;2017;Mediocentro;18;1304;16;7.45;8;5;28;20;814;29;0;27;0;6;218;110;32;0;77;46;1;0;0;0;0;0
149;529;2017;Mediocentro;35;2838;31;7.225714;1;5;20;11;2495;31;64;52;7;44;267;148;46;0;34;26;4;0;0;0;0;0
154;529;2017;Delantero;36;2996;32;8.463888;34;12;153;96;1883;89;42;17;1;7;512;290;80;0;257;185;3;0;2;0;0;0
157;529;2017;Delantero;33;2902;32;7.5;25;12;94;56;1054;58;0;17;3;8;289;117;50;0;103;39;9;0;1;0;0;0
153;529;2017;Delantero;17;930;12;6.911764;3;6;15;10;449;28;0;10;0;5;163;69;18;0;68;40;2;0;0;0;0;0
47419;529;2017;Delantero;1;5;0;6.7;0;0;0;0;4;0;0;1;0;0;1;1;0;0;0;0;0;0;0;0;0;0
18765;529;2017;Mediocentro;16;629;6;6.46875;0;0;2;0;351;4;0;19;1;4;107;45;5;0;21;9;1;0;0;0;0;0
18809;529;2017;Delantero;10;503;5;6.82;1;1;8;4;223;10;82;0;0;8;61;22;5;0;21;7;1;0;0;0;0;0
12719;529;2017;Mediocentro;34;1940;21;6.881818;9;2;45;22;1071;13;84;7;0;15;270;126;33;0;43;25;2;0;0;0;0;0
2484;529;2017;Defensa;5;370;4;7.16;0;1;2;1;243;3;45;10;3;6;42;27;6;0;1;1;2;0;0;0;0;0
33243;529;2017;Mediocentro;30;1842;25;7.062068;1;2;13;6;1520;18;44;28;2;10;220;133;40;0;77;63;1;0;0;0;0;0
2724;529;2017;Defensa;12;702;8;6.945454;0;2;2;1;480;6;0;22;3;12;70;42;7;0;7;4;2;0;0;0;0;0
13073;529;2017;Defensa;7;540;6;7.683333;0;0;0;0;401;3;92;0;0;8;32;16;1;0;0;0;0;0;0;0;0;0
1461;529;2017;Mediocentro;18;582;4;6.8875;2;2;9;5;358;14;0;11;0;2;89;44;10;0;36;21;1;0;0;0;0;0
2047;529;2017;Defensa;15;453;4;6.653846;1;1;8;6;198;4;78;0;0;9;54;24;12;0;10;3;0;0;0;0;0;0
29;530;2017;Portero;37;3330;37;7.089189;0;0;0;0;799;2;0;0;0;2;13;10;3;0;3;3;1;0;0;22;109;0
31;530;2017;Defensa;23;1684;17;7.030434;1;1;12;2;736;6;0;38;15;30;179;119;18;0;8;6;6;0;0;0;0;0
32;530;2017;Defensa;30;2553;28;7.09;0;0;13;5;1039;6;83;6;7;59;235;136;26;0;7;6;6;0;0;0;0;0
33;530;2017;Defensa;27;2116;24;7.238461;0;1;5;1;916;6;0;93;10;40;312;210;46;0;38;30;7;0;0;0;0;0
34;530;2017;Defensa;20;1660;19;7.457894;1;2;5;2;791;19;82;6;2;35;223;153;27;0;44;26;4;0;0;0;0;0
36;530;2017;Defensa;1;64;1;6.7;0;0;1;0;32;0;0;1;0;2;10;5;1;0;2;1;1;0;0;0;0;0
39;530;2017;Defensa;27;2299;26;7.003703;0;0;1;1;988;3;0;30;23;45;155;88;8;0;4;4;6;0;0;0;0;0
41;530;2017;Defensa;17;1308;15;6.847058;0;1;3;0;412;7;80;9;2;26;127;54;9;0;14;7;3;0;0;0;0;0
46;530;2017;Mediocentro;14;620;8;6.571428;1;2;8;2;225;3;78;5;1;6;121;56;22;0;22;17;1;1;0;0;0;0
47;530;2017;Mediocentro;1;2;0;0.0;0;0;0;0;1;0;0;0;0;0;0;0;0;0;0;0;0;0;0;0;0;0
48;530;2017;Mediocentro;36;3156;35;7.144444;2;3;39;9;1690;21;0;132;12;55;593;301;35;0;96;59;9;0;0;0;0;0
49;530;2017;Mediocentro;33;2382;28;7.154545;3;0;18;3;1378;13;0;95;7;53;368;226;35;0;53;45;6;0;0;0;0;0
50;530;2017;Mediocentro;35;2764;33;7.162857;4;4;21;14;1989;52;48;75;3;24;326;159;51;0;27;20;3;0;0;0;0;0
53;530;2017;Delantero;37;2264;27;6.675675;8;4;39;27;850;29;0;41;1;25;437;165;49;0;127;69;4;0;0;0;0;0
54;530;2017;Delantero;15;1048;13;6.793333;3;3;25;10;236;13;75;2;1;5;199;76;19;0;32;15;7;0;0;0;0;0
56;530;2017;Delantero;32;2530;30;7.503125;19;9;61;40;1028;45;0;36;1;10;284;133;44;0;46;28;7;1;2;0;0;0
47295;530;2017;Portero;0;0;0;6.855555;0;0;0;0;250;0;72;0;0;2;4;2;0;0;0;0;0;0;0;8;25;1
199;530;2017;Defensa;21;1697;19;7.119047;0;4;4;0;470;13;72;9;2;36;203;115;12;0;23;11;7;0;0;0;0;0
19036;530;2017;Delantero;6;271;4;6.6;0;0;6;1;79;1;0;5;0;3;43;17;7;0;11;4;1;0;0;0;0;0
33413;530;2017;Delantero;27;965;7;6.761538;5;0;30;13;146;5;59;2;1;2;198;97;23;0;34;17;2;0;0;0;0;0
13114;530;2017;Mediocentro;5;104;1;6.675;0;0;1;0;58;1;80;0;0;2;14;8;1;0;2;2;1;0;0;0;0;0
2923;530;2017;Mediocentro;17;897;8;6.911764;3;4;16;9;292;17;0;17;0;4;137;60;8;0;64;35;3;0;0;0;0;0
933;530;2017;Delantero;25;1119;11;6.76;7;2;20;14;179;9;75;2;0;4;108;38;9;0;15;9;0;0;2;0;0;0
42039;530;2017;Mediocentro;34;2346;25;6.870588;0;1;10;1;1463;23;84;8;0;44;286;130;23;0;15;10;8;0;0;0;0;0
14485;530;2017;Mediocentro;1;64;0;6.0;0;0;1;1;15;0;0;1;0;0;11;4;1;0;2;0;0;0;0;0;0;0
50907;530;2017;Mediocentro;6;215;1;6.733333;0;0;6;3;73;5;81;0;0;1;38;19;4;0;4;2;0;0;0;0;0;0
46812;530;2017;Portero;1;90;1;7.2;0;0;0;0;16;0;0;0;0;0;0;0;0;0;0;0;0;0;0;0;3;1
47267;531;2017;Portero;8;720;8;6.95;0;0;0;0;260;0;0;2;0;0;10;7;2;0;0;0;0;0;0;6;25;2
47271;531;2017;Defensa;8;674;7;6.8375;0;0;1;0;456;2;47;12;2;11;69;39;10;0;5;4;2;0;0;0;0;0
47272;531;2017;Defensa;18;1554;18;6.755555;0;2;3;0;448;7;75;7;2;17;147;78;16;0;24;14;1;0;0;0;0;0
47275;531;2017;Defensa;21;1663;20;6.847619;1;2;12;8;710;21;0;27;2;19;137;70;10;0;20;12;5;0;0;0;0;0
47276;531;2017;Defensa;32;2104;22;6.746875;0;1;14;5;948;19;0;71;3;15;275;152;12;0;74;42;3;0;0;0;0;0
47277;531;2017;Defensa;33;2942;33;7.069696;1;0;19;2;1465;3;0;74;27;67;304;185;24;0;20;17;11;0;0;0;0;0
47279;531;2017;Mediocentro;30;1460;18;6.551851;1;1;12;4;462;16;0;44;0;22;320;141;35;0;90;47;3;0;0;0;0;0
47280;531;2017;Mediocentro;24;1115;12;6.972727;0;2;13;3;614;25;87;5;0;28;119;54;15;0;12;6;3;0;0;0;0;0
47282;531;2017;Mediocentro;34;2636;30;7.029411;10;1;79;34;491;23;58;8;0;31;543;287;74;0;20;11;10;0;3;0;0;0
47284;531;2017;Mediocentro;30;1901;20;6.896666;0;0;6;1;990;22;82;8;2;35;203;110;22;0;6;5;7;0;0;0;0;0
47287;531;2017;Mediocentro;17;1169;13;6.8125;0;0;13;1;438;11;76;1;0;24;138;63;23;0;18;10;2;0;0;0;0;0
47288;531;2017;Mediocentro;26;2157;24;6.688461;1;1;20;5;796;12;77;6;3;41;328;147;8;0;32;20;5;0;0;0;0;0
47289;531;2017;Delantero;34;2270;26;6.820588;3;2;27;12;687;54;81;4;0;18;312;138;50;0;71;37;2;0;0;0;0;0
47290;531;2017;Delantero;33;2146;21;6.854545;9;1;61;28;330;11;68;1;0;3;335;168;39;0;24;19;5;0;3;0;0;0
47294;531;2017;Delantero;38;2851;31;6.807894;7;6;59;26;680;33;0;28;2;17;399;168;41;0;121;61;3;0;0;0;0;0
2273;531;2017;Portero;30;2700;30;6.87;0;0;0;0;937;1;0;0;0;2;17;13;7;0;0;0;4;0;0;43;99;2
47418;531;2017;Mediocentro;12;810;11;6.527272;1;1;6;4;389;7;0;17;3;8;134;56;11;0;10;7;6;0;0;0;0;0
47423;531;2017;Delantero;13;369;4;6.533333;0;0;7;3;89;2;0;7;2;1;60;27;6;0;3;2;1;0;0;0;0;0
104808;531;2017;Defensa;19;1429;16;6.931578;0;1;5;2;527;6;0;50;5;24;137;88;13;0;7;3;5;0;0;0;0;0
47565;531;2017;Defensa;5;378;5;6.78;1;0;4;1;136;0;84;1;0;7;32;10;2;0;0;0;2;0;0;0;0;0
622;531;2017;Defensa;19;1710;19;7.18421;0;1;7;2;972;8;42;38;13;27;160;107;18;0;6;4;5;0;0;0;0;0
2670;531;2017;Defensa;16;1440;16;7.03125;0;0;5;2;742;2;0;28;8;30;156;93;18;0;7;7;6;0;0;0;0;0
2672;531;2017;Delantero;14;775;7;7.192857;4;2;16;10;429;15;0;10;0;4;112;63;29;0;36;22;1;0;0;0;0;0
46768;531;2017;Mediocentro;3;34;0;6.5;0;0;1;0;35;0;0;1;0;1;8;1;0;0;1;0;1;0;0;0;0;0
46786;531;2017;Defensa;6;523;6;6.566666;0;1;0;0;152;4;71;0;0;14;52;22;1;0;4;1;1;0;0;0;0;0
46909;531;2017;Defensa;1;90;1;6.3;0;0;1;0;33;0;0;1;0;1;8;4;1;0;1;1;0;0;0;0;0;0
135;532;2017;Defensa;17;1373;15;7.135294;0;0;1;0;751;0;0;31;9;29;143;94;15;0;3;3;4;0;0;0;0;0
47390;532;2017;Delantero;0;0;0;6.523529;0;2;26;5;346;29;72;5;0;7;244;79;20;0;93;33;0;0;0;0;0;0
47457;532;2017;Defensa;19;1554;17;6.836842;0;0;2;1;715;3;0;43;9;23;176;106;13;0;17;11;2;0;0;0;0;0
47546;532;2017;Mediocentro;1;73;1;6.79375;0;0;10;6;454;11;0;20;0;13;122;57;13;0;30;18;0;0;0;0;0;0
18965;532;2017;Defensa;25;2152;24;6.992;0;4;5;5;984;13;0;66;10;53;257;146;28;0;33;19;7;0;0;0;0;0
19036;532;2017;Delantero;14;524;5;6.6;2;0;6;1;79;1;0;5;0;3;43;17;7;0;11;4;1;0;0;0;0;0
2824;532;2017;Mediocentro;15;550;6;6.825;0;0;7;2;252;9;0;21;6;16;81;42;2;0;10;6;1;0;0;0;0;0
855;532;2017;Defensa;1;90;1;7.2;0;0;3;2;41;5;0;1;0;2;15;6;2;0;6;2;0;0;0;0;0;0
899;532;2017;Mediocentro;23;1076;12;6.67826;1;3;10;6;335;21;0;26;1;11;170;77;21;0;37;17;5;0;0;0;0;0
911;532;2017;Portero;5;450;5;7.08;0;0;0;0;109;0;0;0;0;0;2;2;1;0;0;0;2;0;0;5;16;0
912;532;2017;Portero;33;2970;33;6.921212;0;0;1;0;668;0;0;1;0;1;12;11;4;0;0;0;2;0;0;33;112;0
915;532;2017;Defensa;30;2584;29;7.043333;0;0;15;4;1365;4;0;47;14;51;192;130;19;0;5;5;6;0;0;0;0;0
917;532;2017;Defensa;24;2031;23;6.8875;0;0;6;1;936;3;83;4;3;24;125;76;15;0;0;0;5;0;0;0;0;0
918;532;2017;Defensa;34;2918;33;7.079411;0;3;11;3;1353;38;0;77;12;56;314;184;45;0;62;38;11;0;0;0;0;0
920;532;2017;Defensa;16;796;9;6.726666;0;1;1;0;329;6;0;30;3;9;94;54;8;0;9;8;4;0;0;0;0;0
924;532;2017;Mediocentro;9;656;7;6.866666;1;0;3;3;303;2;0;18;2;20;104;59;7;0;18;14;2;0;0;0;0;0
925;532;2017;Delantero;33;2442;27;7.054545;5;9;42;22;892;48;0;38;0;16;375;198;70;0;129;81;2;0;0;0;0;0
926;532;2017;Mediocentro;31;2618;30;7.129032;4;4;19;8;1548;22;43;88;14;62;441;237;53;0;64;55;12;0;0;0;0;0
928;532;2017;Mediocentro;34;3005;34;7.602941;7;7;38;21;2364;70;59;88;10;34;402;217;67;0;60;46;15;1;6;0;0;0
930;532;2017;Mediocentro;33;2375;27;6.70303;1;4;37;17;942;35;0;51;1;5;295;127;42;0;56;26;4;0;0;0;0;0
931;532;2017;Delantero;13;302;2;6.6;0;1;3;2;98;4;0;8;0;3;53;26;6;0;10;8;0;0;0;0;0;0
934;532;2017;Delantero;32;1549;17;6.946666;12;2;43;20;363;10;76;1;0;2;259;107;36;0;28;19;4;0;1;0;0;0
935;532;2017;Delantero;37;2695;31;7.105405;16;4;71;40;892;35;0;23;2;17;321;141;40;0;77;44;4;0;1;0;0;0
46657;532;2017;Defensa;7;446;5;6.785714;1;0;2;2;182;1;0;17;2;10;46;27;3;0;4;3;1;0;0;0;0;0
30515;532;2017;Delantero;33;2078;23;6.878787;13;1;73;24;319;15;72;2;0;8;353;140;32;0;48;13;9;0;0;0;0;0
46975;532;2017;Mediocentro;6;227;2;6.478571;0;0;3;2;257;10;0;10;0;6;101;43;22;0;14;5;0;0;0;0;0;0
44;533;2017;Mediocentro;37;3228;36;7.197297;1;3;24;10;2472;23;60;104;21;52;455;263;35;0;29;26;8;0;0;0;0;0
47228;533;2017;Mediocentro;4;67;0;6.3;0;0;0;0;25;1;74;0;0;0;12;5;2;0;2;0;1;0;0;0;0;0
2230;533;2017;Defensa;17;1270;14;6.7;0;0;2;0;387;8;82;7;0;16;77;38;3;0;3;1;5;0;0;0;0;0
41173;533;2017;Defensa;4;231;3;6.4;0;0;1;0;88;1;0;6;1;5;26;15;1;0;2;1;0;0;0;0;0;0
47358;533;2017;Defensa;3;233;2;6.166666;0;0;0;0;89;1;0;6;0;3;28;10;0;0;5;2;1;0;0;0;0;0
104826;533;2017;Mediocentro;4;86;1;6.633333;0;0;3;0;45;1;0;1;1;1;13;5;2;0;3;2;1;0;0;0;0;0
104827;533;2017;Delantero;2;16;0;6.5;0;0;1;0;7;1;0;0;0;0;2;2;0;0;0;0;0;0;0;0;0;0
104835;533;2017;Delantero;1;1;0;0.0;0;0;0;0;2;0;0;1;0;0;2;1;0;0;0;0;0;0;0;0;0;0
47499;533;2017;Delantero;6;255;2;6.514285;1;1;7;4;140;5;0;6;1;2;91;31;10;0;5;0;0;0;0;0;0;0
35604;533;2017;Delantero;8;225;2;6.628571;1;0;5;3;60;0;0;1;0;0;44;22;10;0;10;6;1;0;0;0;0;0
923;533;2017;Mediocentro;24;920;9;6.7;2;1;25;9;299;17;0;27;1;13;160;69;14;0;33;16;2;0;0;0;0;0
2992;533;2017;Mediocentro;2;100;1;6.75;0;0;0;0;32;0;93;0;0;3;11;7;0;0;1;1;0;0;0;0;0;0
3033;533;2017;Delantero;15;1269;15;7.013333;9;0;27;16;279;15;0;10;1;3;188;56;19;0;23;10;5;0;1;0;0;0
44340;533;2017;Mediocentro;1;33;0;6.3;0;0;0;0;17;0;0;1;0;0;6;2;1;0;1;0;1;0;0;0;0;0
1641;533;2017;Mediocentro;30;2084;25;6.953333;6;5;41;19;886;45;0;41;5;21;406;169;66;0;106;47;4;0;0;0;0;0
1682;533;2017;Portero;23;2070;23;6.865217;0;0;0;0;296;0;55;0;0;0;20;13;3;0;1;1;3;0;0;30;63;3
1683;533;2017;Portero;13;1124;12;6.892307;0;0;0;0;168;0;60;0;0;1;4;4;3;0;0;0;0;0;0;17;34;0
1684;533;2017;Portero;3;226;3;6.733333;0;0;0;0;60;0;0;1;0;0;3;3;0;0;0;0;0;0;0;6;10;0
1685;533;2017;Defensa;15;1191;14;6.88;0;1;2;0;492;3;86;4;4;12;70;43;11;0;1;1;4;1;0;0;0;0
1687;533;2017;Defensa;30;2549;29;6.873333;0;0;9;3;1300;31;0;67;8;46;298;164;37;0;39;27;14;0;0;0;0;0
46744;533;2017;Mediocentro;1;28;0;6.7;0;0;0;0;11;0;0;0;0;0;2;2;1;0;1;1;0;0;0;0;0;0
1689;533;2017;Defensa;33;2899;32;6.887878;0;2;15;3;1435;8;0;38;24;53;234;128;30;0;4;2;14;0;0;0;0;0
1691;533;2017;Defensa;32;2805;31;7.1125;2;3;23;10;1439;31;0;109;11;57;354;203;15;0;46;22;6;0;0;0;0;0
1693;533;2017;Defensa;27;2417;27;6.988888;2;1;5;2;1217;4;84;7;2;58;186;103;6;0;7;5;10;0;0;0;0;0
1697;533;2017;Mediocentro;35;2622;30;6.977142;3;12;33;14;1326;54;0;52;3;22;315;139;32;0;53;27;4;0;0;0;0;0
1698;533;2017;Mediocentro;11;535;6;6.652941;0;0;6;2;492;2;77;0;0;19;166;90;26;0;6;3;2;0;0;0;0;0
1705;533;2017;Mediocentro;34;2709;32;7.093939;3;4;24;8;1813;43;46;61;13;22;322;163;43;0;45;32;10;0;1;0;0;0
1706;533;2017;Delantero;35;2511;30;7.051428;15;6;57;35;520;30;0;10;1;8;200;88;20;0;53;35;9;0;1;0;0;0
1708;533;2017;Delantero;21;1115;14;6.73;2;4;9;5;452;25;0;25;1;17;210;87;27;0;45;27;3;1;0;0;0;0
46815;533;2017;Defensa;2;50;0;6.5;0;0;0;0;31;0;0;0;1;0;9;3;0;0;0;0;0;0;0;0;0;0
30483;533;2017;Mediocentro;22;1135;11;6.65;0;0;17;6;484;13;0;30;0;4;186;88;32;0;21;14;3;0;0;0;0;0
30490;533;2017;Delantero;18;626;5;6.827777;5;1;10;7;216;13;0;8;0;1;76;31;12;0;16;10;1;0;1;0;0;0
47111;534;2017;Mediocentro;4;163;1;6.45;0;0;1;1;55;3;0;6;0;2;25;12;1;0;5;4;0;0;0;0;0;0
46;534;2017;Mediocentro;9;690;8;6.571428;1;2;8;2;225;3;78;5;1;6;121;56;22;0;22;17;0;0;0;0;0;0
2115;534;2017;Mediocentro;20;1307;16;6.835;2;1;29;15;445;20;0;11;1;5;140;70;25;0;50;31;1;1;0;0;0;0
47246;534;2017;Portero;27;2430;27;6.929629;0;0;0;0;962;1;0;2;0;4;31;25;6;0;5;5;2;0;0;47;103;0
12493;534;2017;Mediocentro;24;1552;16;6.63913;1;1;10;6;771;21;0;31;0;23;202;88;36;0;38;19;2;0;0;0;0;0
47360;534;2017;Defensa;31;2607;29;6.858064;0;1;3;1;1338;5;0;63;16;66;277;179;51;0;42;36;12;0;0;0;0;0
47368;534;2017;Delantero;37;3111;34;6.835135;9;3;77;28;710;27;0;24;2;6;551;235;75;0;64;31;7;0;5;0;0;0
47378;534;2017;Defensa;12;896;11;6.818181;0;0;3;1;588;5;46;14;11;16;70;41;6;0;12;10;3;0;0;0;0;0
24886;534;2017;Mediocentro;11;557;6;6.427272;0;0;6;1;141;4;0;9;1;1;78;31;7;0;16;10;1;0;0;0;0;0
37191;534;2017;Mediocentro;10;574;7;6.933333;0;0;12;5;219;8;0;15;0;5;80;41;17;0;14;8;1;0;0;0;0;0
12667;534;2017;Mediocentro;23;1994;23;7.347826;4;3;32;16;1478;63;54;36;0;11;329;178;69;0;99;65;4;0;1;0;0;0
47534;534;2017;Defensa;18;1620;18;6.825;0;0;2;1;156;1;77;0;0;13;38;27;2;0;3;2;5;1;0;0;0;0
33249;534;2017;Mediocentro;2;145;2;7.0;0;0;0;0;82;0;0;10;0;0;21;16;2;0;4;3;0;0;0;0;0;0
6736;534;2017;Mediocentro;15;617;6;6.533333;0;1;1;1;151;6;0;5;0;5;96;41;10;0;48;26;2;0;0;0;0;0
2774;534;2017;Mediocentro;14;1216;14;6.992857;0;1;13;3;628;7;0;24;3;27;188;106;46;0;31;25;3;0;0;0;0;0
104797;534;2017;Delantero;10;462;4;6.44;1;0;7;2;89;4;0;1;0;1;82;29;3;0;8;5;0;0;0;0;0;0
91451;534;2017;Mediocentro;21;1298;15;0.0;0;0;0;0;0;0;0;0;0;0;0;0;0;0;0;0;4;0;0;0;0;0
44503;534;2017;Defensa;15;1156;14;6.64;0;0;6;0;549;6;0;26;1;24;152;75;21;0;23;14;3;0;0;0;0;0
46707;534;2017;Mediocentro;3;242;3;6.166666;0;0;1;0;155;1;45;2;1;3;22;7;1;0;5;2;0;0;0;0;0;0
46793;534;2017;Defensa;11;717;6;6.654545;0;0;3;1;406;10;0;24;4;22;114;55;11;0;26;13;3;0;0;0;0;0
46800;534;2017;Mediocentro;25;1525;17;6.530434;0;0;14;0;773;5;86;2;0;17;184;89;29;0;13;7;3;0;0;0;0;0
22240;534;2017;Delantero;12;760;6;6.772727;5;0;11;6;83;0;64;1;0;1;85;45;12;0;9;8;1;0;1;0;0;0
46897;534;2017;Mediocentro;7;351;4;6.666666;0;0;4;2;236;1;0;18;0;8;54;32;7;0;0;0;1;0;0;0;0;0
30524;534;2017;Defensa;16;1263;14;6.775;0;0;13;2;830;4;45;22;13;25;88;45;3;0;7;6;6;0;0;0;0;0
46935;534;2017;Portero;11;990;11;6.627272;0;0;0;0;318;0;0;1;0;1;7;5;3;0;0;0;0;0;0;27;39;0
46975;534;2017;Mediocentro;14;729;8;6.478571;0;0;3;2;257;10;0;10;0;6;101;43;22;0;14;5;1;0;0;0;0;0
46991;534;2017;Defensa;3;183;2;7.0;0;0;0;0;95;0;0;2;1;2;9;8;1;0;0;0;0;0;0;0;0;0
46992;534;2017;Defensa;24;2027;23;6.654166;0;2;3;0;841;9;0;46;7;42;232;126;30;0;40;24;5;0;0;0;0;0
46995;534;2017;Defensa;11;858;9;6.763636;1;0;5;3;459;4;0;16;8;19;72;49;14;0;5;5;2;0;0;0;0;0
47001;534;2017;Mediocentro;23;1565;17;6.813043;0;0;3;2;1078;3;42;47;6;38;176;107;26;0;12;7;4;0;0;0;0;0
47004;534;2017;Mediocentro;1;65;1;6.2;0;0;0;0;45;1;0;2;0;1;8;3;0;0;1;1;1;0;0;0;0;0
47006;534;2017;Mediocentro;7;572;7;6.671428;0;0;5;0;326;2;85;0;0;8;58;30;4;0;8;6;3;0;0;0;0;0
47011;534;2017;Delantero;2;37;0;6.8;0;0;1;0;20;0;0;3;0;0;8;5;0;0;2;2;0;0;0;0;0;0
8542;534;2017;Delantero;10;468;5;6.477777;0;0;7;3;91;3;76;5;0;3;62;25;7;0;13;7;0;0;0;0;0;0
10236;534;2017;Defensa;28;2137;26;6.757142;0;1;6;3;915;24;0;33;11;39;223;122;43;0;22;14;5;0;0;0;0;0
30783;535;2017;Mediocentro;8;421;6;6.55;0;0;2;0;136;1;0;6;1;9;40;17;4;0;5;4;1;0;0;0;0;0
2116;535;2017;Delantero;12;671;8;6.625;0;1;11;1;200;10;0;8;1;6;57;21;3;0;18;10;1;0;0;0;0;0
47253;535;2017;Defensa;20;1775;20;6.66;0;0;8;1;692;2;0;19;13;33;188;87;14;0;12;10;5;1;0;0;0;0
47326;535;2017;Portero;34;3060;34;6.817647;0;0;1;0;433;2;48;0;0;2;17;16;3;0;0;0;0;0;0;51;100;1
6377;535;2017;Mediocentro;2;28;0;6.75;0;0;1;0;16;0;0;3;0;2;8;4;0;0;1;1;2;0;0;0;0;0
47366;535;2017;Mediocentro;5;213;1;6.42;0;0;5;2;45;5;63;0;0;2;35;10;2;0;16;5;1;0;0;0;0;0
47370;535;2017;Delantero;20;976;8;6.455;2;0;21;10;229;4;0;9;0;3;128;45;7;0;10;3;2;0;1;0;0;0
47373;535;2017;Delantero;26;1945;21;6.684615;5;0;36;17;466;20;80;9;1;12;341;134;48;0;91;42;0;0;0;0;0;0
47401;535;2017;Portero;4;360;4;6.225;0;0;0;0;106;0;0;0;0;0;2;2;0;0;1;1;0;0;0;10;10;2
47413;535;2017;Mediocentro;22;1841;21;6.868181;1;2;17;4;952;24;0;54;3;30;279;136;44;0;28;17;10;0;1;0;0;0
47422;535;2017;Delantero;25;1592;16;6.748;4;0;41;14;320;10;0;31;0;9;398;160;33;0;53;18;2;0;0;0;0;0
51576;535;2017;Mediocentro;26;2077;26;6.973076;4;2;32;9;606;32;72;5;0;23;230;114;28;0;51;28;5;0;1;0;0;0
18811;535;2017;Delantero;13;807;11;6.66923;0;0;17;6;242;10;0;10;1;0;189;69;27;0;29;15;3;0;0;0;0;0
47488;535;2017;Delantero;21;1216;15;6.609523;0;2;18;5;253;14;73;2;0;13;204;90;28;0;18;10;3;0;0;0;0;0
2444;535;2017;Defensa;35;3125;35;7.014285;1;0;13;6;1410;54;0;104;13;58;357;193;22;0;34;18;10;0;0;0;0;0
2446;535;2017;Mediocentro;16;604;5;6.4625;0;2;12;4;209;12;0;11;0;6;105;37;15;0;23;9;1;0;0;0;0;0
2777;535;2017;Delantero;9;496;7;6.777777;0;1;8;1;79;7;57;5;0;5;114;61;26;0;38;23;0;0;0;0;0;0
185202;535;2017;Mediocentro;1;6;0;7.0;0;0;0;0;3;0;0;2;0;0;3;3;0;0;1;1;0;0;0;0;0;0
104807;535;2017;Defensa;1;44;0;6.7;0;0;0;0;15;0;0;1;0;2;4;2;1;0;0;0;0;0;0;0;0;0
41312;535;2017;Delantero;11;217;1;6.572727;0;0;5;1;76;4;84;0;0;1;47;14;7;0;3;2;0;0;0;0;0;0
80957;535;2017;Delantero;13;732;8;6.46923;1;0;9;3;158;4;0;2;0;1;123;43;14;0;12;5;2;0;0;0;0;0
21631;535;2017;Defensa;15;1238;13;6.92;1;0;9;2;547;0;0;25;6;20;119;69;7;0;3;3;1;0;0;0;0;0
48385;535;2017;Mediocentro;8;482;6;6.375;0;1;3;0;301;8;78;0;0;4;40;14;2;0;2;2;2;0;0;0;0;0
95590;535;2017;Mediocentro;20;1584;18;6.705;0;0;2;1;471;7;79;14;0;29;260;132;21;0;26;19;6;0;0;0;0;0
46816;535;2017;Mediocentro;2;107;1;5.95;0;0;0;0;55;2;0;2;1;2;21;6;2;0;5;1;0;0;0;0;0;0
46817;535;2017;Defensa;18;1433;17;6.633333;1;0;13;3;359;3;73;5;8;19;131;65;3;0;3;1;5;0;0;0;0;0
46818;535;2017;Defensa;36;3240;36;6.822222;0;1;4;0;1130;6;79;6;7;77;210;110;10;0;3;3;8;0;0;0;0;0
46819;535;2017;Defensa;10;784;9;6.76;0;0;0;0;316;11;0;23;1;19;78;42;8;0;11;6;2;0;0;0;0;0
46820;535;2017;Defensa;14;1111;13;6.892857;0;1;4;3;434;6;0;43;2;24;129;82;6;0;8;7;4;0;0;0;0;0
46823;535;2017;Defensa;8;675;8;6.85;0;0;2;0;207;2;81;9;5;13;45;21;0;0;1;0;3;0;0;0;0;0
46821;535;2017;Defensa;1;19;0;6.7;0;0;0;0;11;0;0;1;0;1;3;1;0;0;1;0;1;0;0;0;0;0
46827;535;2017;Mediocentro;29;2402;27;6.67931;3;0;35;12;845;18;79;8;4;38;348;142;31;0;13;8;9;1;1;0;0;0
46829;535;2017;Mediocentro;15;1063;12;6.633333;0;0;2;1;21;0;92;0;0;0;6;3;0;0;0;0;2;0;0;0;0;0
46831;535;2017;Delantero;11;562;7;6.427272;0;0;12;6;192;2;0;7;0;6;75;29;4;0;23;15;1;0;0;0;0;0
46832;535;2017;Mediocentro;12;380;1;6.541666;0;0;6;3;146;6;0;10;2;4;89;37;6;0;32;14;4;0;0;0;0;0
135151;535;2017;Defensa;1;90;1;6.8;0;0;0;0;17;0;65;1;0;3;8;5;1;0;0;0;0;0;0;0;0;0
2050;536;2017;Mediocentro;31;2397;25;7.206451;3;3;29;13;2131;68;59;71;1;12;405;215;51;0;121;83;9;1;3;0;0;0
2053;536;2017;Mediocentro;7;342;4;6.7;0;0;0;0;220;5;0;13;2;0;40;23;6;0;3;3;2;0;0;0;0;0
2054;536;2017;Defensa;26;1761;20;6.956;1;0;19;5;602;32;71;4;3;19;164;83;24;0;28;16;2;0;0;0;0;0
2056;536;2017;Mediocentro;34;2400;27;6.882352;6;5;42;27;1008;47;0;27;1;30;279;101;41;0;45;21;8;0;1;0;0;0
2057;536;2017;Delantero;30;1845;22;6.71;4;6;42;13;862;41;0;39;2;11;356;165;61;0;56;32;5;0;0;0;0;0
2058;536;2017;Delantero;30;1599;17;6.927586;4;5;38;18;445;34;72;10;1;10;236;113;24;0;54;27;4;0;0;0;0;0
2059;536;2017;Delantero;25;1699;18;6.772;9;3;39;28;471;28;0;12;0;5;182;63;20;0;30;16;2;0;0;0;0;0
2044;536;2017;Defensa;26;2123;25;6.838461;0;1;14;7;958;9;0;55;20;42;218;114;16;0;7;4;9;0;0;0;0;0
10311;536;2017;Mediocentro;8;523;7;7.028571;2;0;6;3;341;8;40;15;0;2;67;32;11;0;8;4;0;0;0;0;0;0
133;536;2017;Defensa;35;3001;33;6.968571;3;1;12;5;1715;5;41;67;27;35;293;172;23;0;14;12;9;0;0;0;0;0
47247;536;2017;Portero;15;1265;15;6.878571;0;0;0;0;307;0;0;1;0;2;8;7;1;0;0;0;1;0;0;19;41;1
47324;536;2017;Delantero;13;715;7;6.630769;0;1;20;10;237;9;0;8;0;4;100;45;22;0;21;11;0;0;0;0;0;0
24799;536;2017;Mediocentro;14;670;7;6.753846;0;1;5;1;364;5;0;20;5;11;55;27;1;0;1;0;0;0;0;0;0;0
10496;536;2017;Mediocentro;1;77;1;6.9;0;0;1;0;23;1;0;1;0;0;9;4;2;0;0;0;0;0;0;0;0;0
2493;536;2017;Delantero;29;1604;17;6.655172;7;1;45;21;423;20;0;16;2;3;241;83;13;0;59;28;4;0;0;0;0;0
560;536;2017;Defensa;12;823;9;6.741666;0;1;5;3;298;5;0;18;4;16;96;56;22;0;10;5;4;0;0;0;0;0
19014;536;2017;Portero;24;2155;23;6.708333;0;0;0;0;549;0;0;1;0;1;19;15;3;0;0;0;2;0;0;39;55;1
35525;536;2017;Mediocentro;24;1752;19;6.882608;1;0;11;4;1223;8;58;71;7;26;304;169;25;0;31;21;9;0;0;0;0;0
780;536;2017;Mediocentro;27;2216;26;6.951851;1;2;15;5;1851;13;60;39;8;28;245;166;13;0;16;13;2;0;0;0;0;0
2872;536;2017;Defensa;16;1179;11;6.8;2;0;22;5;397;11;75;10;2;15;107;59;9;0;11;8;4;0;0;0;0;0
163447;536;2017;Mediocentro;1;9;0;6.2;0;0;0;0;4;0;0;0;0;0;2;1;0;0;1;1;0;0;0;0;0;0
46801;536;2017;Mediocentro;13;533;5;6.472727;1;0;8;1;295;1;77;6;0;13;58;24;2;0;8;6;0;0;0;0;0;0
46808;536;2017;Delantero;2;139;2;7.0;1;0;5;2;35;3;0;1;0;0;14;4;1;0;0;0;0;0;0;0;0;0
22245;536;2017;Defensa;6;540;6;6.783333;0;1;2;1;294;3;40;12;3;6;66;35;6;0;15;10;0;0;0;0;0;0
1854;536;2017;Delantero;21;1199;15;6.67619;1;1;20;6;460;23;0;15;1;2;230;110;43;0;75;40;5;0;0;0;0;0
47083;536;2017;Mediocentro;1;54;1;7.0;0;0;0;0;26;1;74;0;0;0;10;5;0;0;2;1;0;0;0;0;0;0
2038;536;2017;Defensa;3;192;2;6.733333;0;0;0;0;100;0;0;4;0;5;14;8;2;0;1;0;0;0;0;0;0;0
2040;536;2017;Defensa;27;2332;26;6.974074;0;2;13;4;1323;14;0;78;6;67;327;198;38;0;40;26;10;0;0;0;0;0
2043;536;2017;Defensa;6;459;5;6.833333;0;0;2;0;214;2;71;4;1;10;40;19;0;0;0;0;1;0;0;0;0;0
2045;536;2017;Defensa;20;1571;18;6.978947;2;0;9;2;665;2;83;0;1;32;136;88;9;0;1;1;3;0;0;0;0;0
47307;537;2017;Defensa;30;2560;29;6.88;1;0;8;3;857;15;0;68;5;61;337;208;62;0;58;32;9;1;0;0;0;0
47361;537;2017;Mediocentro;23;1201;13;6.595652;2;0;9;5;402;17;0;32;3;14;165;80;20;0;22;10;3;0;0;0;0;0
47399;537;2017;Portero;35;3150;35;6.84;0;0;0;0;1027;2;0;4;0;3;28;23;7;0;0;0;4;0;0;43;97;1
47403;537;2017;Defensa;20;1636;18;6.875;2;0;15;9;498;4;77;6;4;47;183;95;19;0;6;3;5;0;0;0;0;0
47406;537;2017;Defensa;19;1408;17;6.842105;0;1;5;2;495;5;0;36;11;24;131;81;6;0;3;3;2;0;0;0;0;0
47409;537;2017;Defensa;24;2062;24;6.929166;1;1;18;2;543;2;73;11;2;63;213;133;15;0;11;8;9;0;0;0;0;0
47411;537;2017;Mediocentro;30;1980;20;6.576666;2;2;45;14;445;25;76;0;0;18;262;108;35;0;92;49;2;0;0;0;0;0
47412;537;2017;Mediocentro;34;2541;31;6.627272;4;3;32;13;599;33;72;3;2;23;252;79;25;0;22;10;4;0;0;0;0;0
47415;537;2017;Mediocentro;31;2520;29;7.035483;0;0;13;1;1489;15;0;99;5;77;357;211;47;0;35;27;13;0;0;0;0;0
47414;537;2017;Mediocentro;25;1430;16;6.595238;1;0;12;6;522;5;0;35;4;14;160;67;6;0;7;6;8;0;0;0;0;0
47417;537;2017;Delantero;13;1064;13;6.96923;2;2;15;6;270;20;0;14;0;22;100;41;18;0;17;7;1;0;1;0;0;0
104816;537;2017;Mediocentro;1;22;0;6.7;0;0;0;0;10;0;0;2;0;1;5;2;0;0;0;0;0;0;0;0;0;0
104823;537;2017;Mediocentro;1;44;0;6.2;0;0;0;0;14;0;77;0;0;0;12;6;1;0;1;1;0;0;0;0;0;0
47506;537;2017;Defensa;19;1388;15;6.9;0;2;7;1;332;26;63;7;1;19;128;75;17;0;19;11;1;0;0;0;0;0
47537;537;2017;Defensa;9;607;6;6.422222;0;0;1;0;163;1;72;0;2;12;47;20;6;0;3;1;0;0;0;0;0;0
18867;537;2017;Defensa;26;2229;26;7.092307;2;2;17;8;924;27;0;68;6;76;270;159;43;0;36;20;9;0;0;0;0;0
47567;537;2017;Defensa;14;1018;10;6.807692;1;0;5;1;293;2;72;0;0;22;106;64;15;0;2;2;3;0;0;0;0;0
568;537;2017;Mediocentro;29;2388;28;6.903448;5;2;33;15;1170;21;0;90;4;38;569;299;51;0;78;49;6;1;1;0;0;0
2719;537;2017;Delantero;30;1621;17;6.503333;2;4;29;18;400;23;0;19;0;5;301;106;36;0;70;39;6;0;0;0;0;0
104803;537;2017;Mediocentro;2;26;0;6.3;0;0;0;0;5;0;0;1;0;1;3;1;0;0;0;0;0;0;0;0;0;0
33928;537;2017;Portero;1;90;1;6.3;0;0;0;0;32;0;0;0;0;0;1;0;0;0;0;0;0;0;0;2;6;0
21648;537;2017;Delantero;28;1669;17;0.0;2;0;0;0;0;0;0;0;0;0;0;0;0;0;0;0;4;0;0;0;0;0
1616;537;2017;Delantero;22;1438;15;6.777272;4;3;27;12;370;14;0;7;0;9;197;81;23;0;22;9;3;0;0;0;0;0
46830;537;2017;Mediocentro;6;225;2;6.366666;0;0;0;0;108;0;0;2;1;4;9;3;0;0;0;0;2;0;0;0;0;0
46841;537;2017;Portero;2;180;2;6.0;0;0;0;0;28;0;52;0;0;0;0;0;0;0;0;0;0;0;0;6;3;0
46861;537;2017;Mediocentro;23;1457;18;6.613636;0;1;9;2;336;23;79;1;1;14;202;88;18;0;59;33;3;0;0;0;0;0
47073;537;2017;Defensa;14;980;10;6.753846;0;0;1;1;308;0;0;16;5;12;72;41;3;0;2;1;3;0;0;0;0;0
47093;537;2017;Mediocentro;16;558;6;6.646153;1;0;8;3;140;7;0;17;1;3;84;33;3;0;18;6;2;0;0;0;0;0
51251;538;2017;Defensa;12;884;9;6.666666;0;1;1;0;636;4;84;0;0;14;56;23;0;0;0;0;2;0;0;0;0;0
47371;538;2017;Delantero;8;107;0;6.575;0;0;5;3;38;2;0;0;0;0;13;2;0;0;1;1;0;0;0;0;0;0
18740;538;2017;Defensa;36;3203;36;6.855555;2;1;8;4;1741;22;40;102;8;93;415;219;37;0;74;45;10;0;0;0;0;0
47425;538;2017;Portero;17;1475;16;6.741176;0;0;0;0;377;1;64;0;0;0;13;11;5;0;1;1;0;0;0;29;48;0
47426;538;2017;Portero;22;1942;22;6.704545;0;0;0;0;735;0;0;0;0;3;9;6;0;0;0;0;3;1;0;31;56;0
47428;538;2017;Defensa;26;1890;20;6.764;1;1;7;2;1278;2;43;30;11;42;169;91;4;0;1;1;5;0;0;0;0;0
47432;538;2017;Defensa;34;3004;34;6.973529;0;5;18;8;1746;29;0;84;15;68;335;193;27;0;34;19;12;0;0;0;0;0
47437;538;2017;Mediocentro;2;12;0;6.25;0;0;0;0;6;0;0;0;0;0;2;0;0;0;0;0;0;0;0;0;0;0
47439;538;2017;Mediocentro;38;3061;34;6.847368;0;0;6;3;2069;10;49;64;9;39;331;181;47;0;48;44;2;0;0;0;0;0
47440;538;2017;Mediocentro;20;950;12;6.731578;1;1;17;9;447;10;0;19;0;4;121;48;14;0;16;8;0;0;0;0;0;0
47441;538;2017;Mediocentro;26;1097;11;6.6;0;1;4;2;606;7;0;18;2;10;112;63;15;0;16;11;3;0;0;0;0;0
47442;538;2017;Mediocentro;24;1481;18;6.754545;0;4;18;5;761;21;82;3;1;16;96;39;10;0;10;6;7;0;0;0;0;0
47445;538;2017;Delantero;34;2938;33;7.65;22;5;72;44;1234;69;0;26;1;23;330;161;62;0;92;58;9;0;2;0;0;0
47446;538;2017;Delantero;23;648;4;6.85;1;2;10;5;247;14;0;14;1;4;140;81;22;0;68;44;4;0;0;0;0;0
47447;538;2017;Delantero;34;2535;31;6.985294;5;9;39;19;980;41;0;18;1;12;360;168;74;0;131;75;2;0;0;0;0;0
2557;538;2017;Mediocentro;30;1811;18;6.903333;3;2;14;3;1228;14;0;48;11;40;380;206;62;0;27;18;5;0;0;0;0;0
2615;538;2017;Delantero;36;3077;35;7.030555;17;4;61;38;629;24;0;7;4;3;415;197;93;0;29;14;12;0;0;0;0;0
608;538;2017;Delantero;13;267;2;6.418181;0;0;4;2;117;2;0;12;0;6;65;23;1;0;16;9;2;0;0;0;0;0
31361;538;2017;Defensa;2;82;1;6.45;0;0;2;1;74;1;0;0;0;2;6;2;0;0;2;1;0;0;0;0;0;0
922;538;2017;Defensa;21;1491;17;6.789473;0;0;5;1;1070;2;46;35;6;31;130;75;8;0;9;9;2;0;0;0;0;0
932;538;2017;Mediocentro;35;2941;34;7.068571;4;9;41;11;1485;57;0;30;3;30;279;140;53;0;24;11;4;0;0;0;0;0
104806;538;2017;Mediocentro;1;4;0;0.0;0;0;0;0;3;0;0;0;0;0;0;0;0;0;0;0;0;0;0;0;0;0
21648;538;2017;Delantero;0;0;0;0.0;0;0;0;0;0;0;0;0;0;0;0;0;0;0;0;0;0;0;0;0;0;0
2042;538;2017;Defensa;33;2682;31;6.909375;1;0;11;2;1649;5;45;52;22;56;188;122;6;0;3;1;3;0;0;0;0;0
47219;539;2017;Defensa;3;175;3;7.333333;0;1;1;0;56;1;79;0;0;8;6;6;0;0;4;4;0;0;0;0;0;0
30941;539;2017;Delantero;9;444;5;6.488888;1;0;10;4;43;0;57;0;0;1;53;18;11;0;5;3;1;0;0;0;0;0
47449;539;2017;Portero;26;2340;26;6.75;0;0;0;0;648;0;0;0;0;1;15;10;4;0;2;2;2;0;0;39;86;0
47453;539;2017;Defensa;12;1080;12;6.725;0;1;2;1;331;7;76;0;0;6;78;46;8;0;31;24;2;0;0;0;0;0
47454;539;2017;Defensa;21;1597;18;6.690476;0;0;3;0;437;7;73;5;3;26;154;77;29;0;22;7;4;0;0;0;0;0
47455;539;2017;Defensa;23;2021;22;6.734782;0;2;1;0;730;14;0;39;9;36;148;76;15;0;15;10;5;0;0;0;0;0
47458;539;2017;Defensa;30;2425;27;6.83;1;0;4;2;953;5;0;36;13;40;152;84;15;0;11;9;6;0;0;0;0;0
47459;539;2017;Defensa;25;2017;23;6.72;1;1;7;3;691;5;0;20;27;30;118;63;13;0;1;1;8;1;0;0;0;0
47460;539;2017;Defensa;25;1904;19;6.728;0;0;6;1;672;2;0;35;18;41;133;66;7;0;8;8;4;0;0;0;0;0
47461;539;2017;Mediocentro;26;1578;16;6.81923;9;1;27;13;620;24;0;38;0;16;223;91;25;0;42;24;9;0;0;0;0;0
47462;539;2017;Mediocentro;19;1021;12;6.555555;1;0;12;1;314;4;0;34;4;14;145;60;10;0;2;1;4;0;0;0;0;0
47464;539;2017;Mediocentro;35;2833;33;7.02;1;4;17;8;1571;49;0;57;10;45;305;153;30;0;63;36;9;0;0;0;0;0
47467;539;2017;Delantero;35;3066;35;6.768571;10;8;45;25;791;47;0;37;0;26;462;181;43;0;184;91;7;0;3;0;0;0
47471;539;2017;Delantero;17;961;10;6.764705;3;2;20;8;190;11;0;8;0;1;111;44;14;0;18;13;4;0;1;0;0;0
47473;539;2017;Mediocentro;27;1793;22;6.629629;1;2;23;10;501;26;0;32;1;20;268;102;29;0;71;25;2;0;0;0;0;0
47468;539;2017;Mediocentro;5;148;1;6.84;1;0;7;1;62;1;64;5;0;2;31;17;4;0;8;5;0;1;0;0;0;0
47499;539;2017;Delantero;7;597;7;6.514285;1;1;7;4;140;5;0;6;1;2;91;31;10;0;5;0;0;0;0;0;0;0
2490;539;2017;Mediocentro;26;2138;25;6.95;0;1;18;1;1092;19;0;51;10;49;346;205;51;0;22;19;16;0;0;0;0;0
2823;539;2017;Mediocentro;16;996;12;6.586666;0;1;2;1;337;9;0;21;6;17;130;64;16;0;21;15;4;0;0;0;0;0
64310;539;2017;Defensa;6;425;5;6.533333;0;0;3;2;166;3;0;8;0;13;37;15;3;0;6;2;0;0;0;0;0;0
47450;539;2017;Portero;1;90;1;6.2;0;0;0;0;27;0;0;0;0;0;0;0;0;0;0;0;0;1;0;4;4;0
47451;539;2017;Defensa;17;1386;16;6.735294;3;0;11;5;415;12;73;10;3;34;189;89;12;0;28;19;5;0;0;0;0;0
47452;539;2017;Defensa;14;1040;12;6.707142;0;0;2;2;324;1;0;25;8;17;93;58;12;0;4;2;5;0;0;0;0;0
48418;539;2017;Delantero;6;269;4;6.466666;0;0;2;2;69;1;0;1;2;2;51;14;1;0;4;2;1;0;0;0;0;0
3365;539;2017;Mediocentro;2;81;1;6.7;0;0;0;0;40;0;0;0;2;1;9;5;1;0;0;0;0;0;0;0;0;0
3429;539;2017;Delantero;25;1266;10;6.833333;6;0;35;16;221;7;0;4;1;5;266;129;37;0;24;15;5;0;0;0;0;0
44617;539;2017;Delantero;2;25;0;6.3;0;0;0;0;9;0;0;0;0;1;4;0;0;0;1;0;0;0;0;0;0;0
46892;539;2017;Mediocentro;29;1757;17;6.724137;4;3;27;10;562;23;0;48;1;15;301;111;20;0;66;33;3;0;1;0;0;0
46898;539;2017;Delantero;9;632;8;6.588888;0;0;10;2;161;3;0;8;0;4;117;51;18;0;6;1;1;0;0;0;0;0
46937;539;2017;Defensa;1;78;1;6.7;0;0;0;0;28;1;0;2;0;3;8;4;0;0;1;1;0;0;0;0;0;0
46987;539;2017;Portero;11;990;11;6.927272;0;0;0;0;290;0;0;0;0;0;4;4;2;0;0;0;0;0;0;15;38;0
47095;539;2017;Delantero;9;274;2;6.555555;0;0;6;2;35;1;59;0;0;0;38;16;4;0;4;2;1;0;0;0;0;0
47328;540;2017;Defensa;11;990;11;6.618181;0;0;2;0;481;0;0;12;8;9;81;51;6;0;1;1;1;0;0;0;0;0
47330;540;2017;Defensa;11;921;10;7.027272;0;0;1;0;432;0;0;14;10;16;72;40;0;0;2;2;2;0;0;0;0;0
47327;540;2017;Portero;10;854;10;6.9;0;0;0;0;110;0;46;0;0;0;3;2;1;0;0;0;1;0;0;12;35;1
47333;540;2017;Defensa;14;967;12;6.864285;0;0;2;0;440;7;0;47;2;18;154;89;20;0;14;7;4;0;0;0;0;0
47334;540;2017;Defensa;37;3330;37;6.935135;1;0;13;6;1913;7;42;67;26;68;295;160;25;0;12;7;7;0;0;0;0;0
47335;540;2017;Defensa;14;725;7;6.9;0;0;11;3;266;8;62;18;3;14;97;61;13;0;9;6;3;0;0;0;0;0
47336;540;2017;Mediocentro;35;2789;32;6.914285;1;2;18;8;1446;28;0;64;5;51;282;145;31;0;48;34;7;0;0;0;0;0
47337;540;2017;Mediocentro;25;1222;11;6.8;1;2;13;2;582;17;77;3;0;19;165;75;21;0;17;9;5;0;0;0;0;0
47339;540;2017;Mediocentro;18;680;6;6.55;0;1;5;2;257;9;0;2;0;3;67;34;21;0;15;8;1;0;0;0;0;0
47340;540;2017;Mediocentro;30;1748;22;6.823333;2;3;30;6;384;44;71;9;0;22;320;144;52;0;49;24;0;0;1;0;0;0
47341;540;2017;Mediocentro;8;260;2;6.8;0;0;3;0;168;2;0;8;2;3;23;10;0;0;3;2;0;0;0;0;0;0
47342;540;2017;Mediocentro;30;2463;29;6.81;0;2;13;1;865;6;72;8;4;79;403;216;50;0;19;11;13;0;0;0;0;0
47347;540;2017;Delantero;33;1626;14;6.815625;2;6;39;17;313;27;66;0;2;10;224;88;35;0;47;22;4;0;0;0;0;0
12541;540;2017;Mediocentro;29;1508;20;6.613793;0;3;13;2;501;16;81;2;0;16;156;89;34;0;59;35;1;0;0;0;0;0
47387;540;2017;Mediocentro;5;263;3;6.706666;0;0;14;1;336;4;77;7;0;13;161;84;21;0;11;8;2;0;0;0;0;0
18800;540;2017;Defensa;19;1102;10;6.6;1;0;14;5;392;9;0;20;6;22;122;48;8;0;29;9;3;0;0;0;0;0
18827;540;2017;Mediocentro;14;1123;13;6.735714;0;0;4;0;478;3;76;8;3;18;138;74;14;0;10;9;3;0;0;0;0;0
2520;540;2017;Delantero;4;140;1;6.477777;0;0;6;2;132;6;0;11;0;3;93;33;6;0;24;11;1;0;0;0;0;0
2669;540;2017;Defensa;22;1929;22;6.654545;1;0;10;4;954;5;0;13;8;27;157;84;15;0;8;5;6;0;0;0;0;0
13062;540;2017;Delantero;36;2686;31;6.780555;8;3;63;28;687;25;0;54;1;23;412;179;49;0;79;30;4;0;0;0;0;0
25914;540;2017;Defensa;32;2815;31;6.825;0;0;4;2;975;31;0;56;5;49;269;129;20;0;52;35;6;0;0;0;0;0
1557;540;2017;Portero;29;2566;28;6.882758;0;0;0;0;682;2;0;0;0;1;13;12;5;0;0;0;3;0;0;31;93;0
1698;540;2017;Mediocentro;17;1347;17;6.652941;0;0;6;2;492;2;77;0;0;19;166;90;26;0;6;3;6;0;0;0;0;0
1707;540;2017;Delantero;38;3413;38;7.276315;16;1;85;48;1197;44;0;41;6;19;698;314;78;0;113;63;4;0;1;0;0;0
9;541;2017;Defensa;9;757;8;7.0;2;0;3;3;407;5;0;21;1;10;112;58;6;0;31;22;0;0;0;0;0;0
47300;541;2017;Defensa;13;962;10;6.676923;0;0;2;2;550;8;0;20;2;17;134;67;15;0;40;22;1;0;0;0;0;0
2291;541;2017;Mediocentro;21;988;10;6.9;0;1;6;2;791;11;0;37;4;5;146;93;20;0;39;35;2;0;0;0;0;0
47472;541;2017;Delantero;14;336;3;6.88;3;1;14;12;117;2;0;6;0;0;41;22;5;0;9;7;0;0;0;0;0;0
19112;541;2017;Portero;10;900;10;6.73;0;0;0;0;165;0;76;0;0;2;3;3;0;0;0;0;0;0;0;11;20;0
731;541;2017;Portero;27;2430;27;6.948148;0;0;0;0;570;0;0;2;0;3;11;9;3;0;0;0;1;0;0;31;83;0
732;541;2017;Portero;1;90;1;6.3;0;0;0;0;26;0;0;0;0;0;2;1;0;0;0;0;0;0;0;2;2;0
733;541;2017;Defensa;25;2223;25;7.188;0;2;11;6;1568;36;54;59;15;38;265;142;32;0;46;32;11;1;0;0;0;0
735;541;2017;Defensa;27;2070;22;6.961538;3;0;8;4;1110;5;0;55;9;46;208;123;28;0;10;6;7;0;0;0;0;0
738;541;2017;Defensa;26;2292;26;7.303846;4;1;27;14;1886;14;65;40;12;46;246;153;20;0;11;9;9;0;2;0;0;0
741;541;2017;Defensa;7;630;7;6.971428;0;0;0;0;366;0;45;8;5;16;40;24;2;0;6;5;0;0;0;0;0;0
742;541;2017;Defensa;27;2324;27;6.974074;0;1;10;2;1208;7;90;6;3;33;157;98;12;0;11;9;3;0;0;0;0;0
743;541;2017;Defensa;28;2262;26;7.139285;2;6;33;9;1360;57;85;5;0;30;269;136;41;0;62;33;3;1;0;0;0;0
745;541;2017;Mediocentro;30;1781;21;7.15;7;7;32;20;1521;48;45;22;0;15;278;142;59;0;83;58;1;0;0;0;0;0
746;541;2017;Delantero;32;1838;19;7.2125;6;6;40;23;1134;52;0;26;0;9;153;87;27;0;45;31;2;0;0;0;0;0
747;541;2017;Mediocentro;30;2601;30;7.313333;5;3;26;12;1745;24;51;109;11;63;427;250;72;0;17;11;8;0;0;0;0;0
748;541;2017;Mediocentro;12;396;4;6.872727;2;0;6;4;374;4;0;9;0;5;67;35;15;0;20;11;0;0;0;0;0;0
752;541;2017;Mediocentro;27;2268;26;7.74074;5;7;41;17;1927;65;92;7;0;16;215;128;38;0;32;24;4;0;0;0;0;0
753;541;2017;Mediocentro;13;540;5;6.816666;0;0;6;0;431;3;0;15;0;5;62;33;4;0;9;7;1;0;0;0;0;0
754;541;2017;Mediocentro;26;1976;23;7.357692;1;6;26;8;1547;40;53;33;4;31;212;119;31;0;63;48;3;0;0;0;0;0
757;541;2017;Defensa;33;1667;16;6.959375;4;7;25;17;897;51;0;48;2;7;283;131;42;0;66;36;3;0;0;0;0;0
759;541;2017;Delantero;32;2156;25;7.03125;5;10;48;18;868;46;0;14;0;8;187;67;11;0;49;33;0;0;2;0;0;0
758;541;2017;Delantero;26;1803;20;7.526923;16;2;77;33;573;41;82;6;0;12;207;101;16;0;52;31;5;0;1;0;0;0
874;541;2017;Delantero;27;2298;27;7.888888;26;5;140;77;732;38;0;7;3;6;188;90;18;0;51;31;1;0;3;0;0;0
47114;542;2017;Mediocentro;2;71;1;6.75;0;0;0;0;17;1;60;0;0;0;7;4;0;0;2;2;0;0;0;0;0;0
2060;542;2017;Delantero;33;2456;28;7.090909;10;6;51;23;628;41;0;25;2;9;411;201;114;0;51;28;8;0;0;0;0;0
47283;542;2017;Mediocentro;34;2325;26;6.873529;7;6;54;24;596;40;72;4;1;15;232;84;19;0;80;38;1;0;1;0;0;0
47352;542;2017;Portero;38;3357;37;6.876315;0;0;0;0;952;0;0;0;0;3;8;8;3;0;1;1;2;0;0;50;123;3
47353;542;2017;Portero;1;63;1;6.7;0;0;0;0;13;0;0;0;0;0;0;0;0;0;0;0;0;0;0;0;1;3
47354;542;2017;Defensa;21;1828;20;6.919047;0;4;2;1;618;14;0;50;7;41;179;101;18;0;34;16;4;0;0;0;0;0
47355;542;2017;Defensa;24;2141;24;6.8625;0;2;4;0;654;19;0;76;10;44;257;146;35;0;15;10;9;0;0;0;0;0
47356;542;2017;Defensa;31;2692;30;6.896774;1;0;15;4;1026;2;0;32;36;50;254;163;19;0;3;3;11;0;0;0;0;0
47359;542;2017;Defensa;12;894;9;6.366666;0;0;4;1;240;2;0;27;1;14;91;49;13;0;10;3;6;0;0;0;0;0
47362;542;2017;Mediocentro;23;1034;12;6.760869;1;0;15;4;257;18;76;1;0;7;102;52;19;0;36;21;1;0;0;0;0;0
47363;542;2017;Mediocentro;30;2438;27;6.813333;3;0;26;8;722;16;72;10;1;35;472;254;72;0;27;18;9;0;0;0;0;0
47365;542;2017;Mediocentro;30;2393;28;6.816666;1;0;13;3;794;10;81;15;1;43;341;164;29;0;22;19;8;0;0;0;0;0
47371;542;2017;Delantero;17;1232;15;6.575;3;0;5;3;38;2;0;0;0;0;13;2;0;0;1;1;3;0;0;0;0;0
47546;542;2017;Mediocentro;17;941;9;6.79375;2;0;10;6;454;11;0;20;0;13;122;57;13;0;30;18;2;0;0;0;0;0
47564;542;2017;Defensa;6;438;6;6.533333;0;0;2;0;139;0;0;10;0;11;54;23;1;0;9;9;5;0;0;0;0;0
2515;542;2017;Mediocentro;5;248;2;6.58;0;0;5;3;67;5;0;5;0;3;47;23;10;0;9;2;0;0;0;0;0;0
2520;542;2017;Delantero;10;370;4;6.477777;0;0;6;2;132;6;0;11;0;3;93;33;6;0;24;11;2;0;0;0;0;0
2553;542;2017;Defensa;19;1527;17;6.855555;0;0;3;1;457;1;0;28;10;36;129;71;4;0;11;10;4;0;0;0;0;0
47357;542;2017;Defensa;17;1530;17;7.005882;2;0;5;2;382;1;66;5;7;29;109;71;5;0;1;1;3;0;0;0;0;0
937;542;2017;Delantero;28;1459;15;6.733333;3;2;23;13;389;21;0;33;2;18;319;144;32;0;39;25;5;0;0;0;0;0
104812;542;2017;Defensa;1;61;1;6.9;0;1;0;0;13;2;0;2;0;1;6;2;0;0;2;0;0;0;0;0;0;0
19512;542;2017;Delantero;13;436;4;6.684615;0;0;5;4;109;2;77;0;0;3;49;28;17;0;11;9;0;0;0;0;0;0
3426;542;2017;Mediocentro;21;1096;12;6.752631;0;1;10;1;316;9;66;11;1;35;190;99;22;0;24;17;7;0;0;0;0;0
44423;542;2017;Defensa;28;2183;25;6.714285;1;0;13;3;482;5;69;6;2;30;148;81;14;0;8;6;6;0;0;0;0;0
46720;542;2017;Mediocentro;18;1217;14;6.617647;0;0;4;2;506;7;0;19;7;19;116;53;15;0;10;9;2;0;0;0;0;0
1702;542;2017;Defensa;33;2441;27;6.6;3;5;29;13;595;30;0;57;5;32;335;142;22;0;98;43;5;0;0;0;0;0
46810;542;2017;Delantero;10;433;5;6.466666;2;0;7;5;135;2;0;2;1;2;91;35;0;0;0;0;3;0;0;0;0;0
50910;542;2017;Mediocentro;3;52;0;6.266666;0;0;2;0;9;0;0;1;0;0;16;6;1;0;6;4;0;0;0;0;0;0
46930;542;2017;Delantero;3;181;2;7.0;1;1;3;3;29;1;0;1;0;0;31;8;3;0;3;0;0;0;0;0;0;0
47074;542;2017;Defensa;1;15;0;6.7;0;0;0;0;1;0;0;1;0;0;1;1;0;0;0;0;0;0;0;0;0;0
47119;543;2017;Defensa;2;7;0;6.3;0;0;0;0;4;0;0;0;0;0;4;0;0;0;0;0;0;0;0;0;0;0
27;543;2017;Portero;30;2700;30;6.766666;0;2;0;0;758;4;66;0;0;0;14;13;3;0;5;5;4;0;0;53;85;1
47361;543;2017;Mediocentro;0;0;0;6.595652;0;0;9;5;402;17;0;32;3;14;165;80;20;0;22;10;0;0;0;0;0;0
2366;543;2017;Defensa;6;423;5;6.66;0;0;1;0;182;1;0;12;1;5;35;23;3;0;3;2;0;0;0;0;0;0
328;543;2017;Mediocentro;34;2662;30;7.1;3;6;27;17;2084;34;52;83;3;42;373;212;35;0;91;69;3;0;0;0;0;0
47436;543;2017;Mediocentro;27;1360;15;6.829629;2;3;14;12;803;28;0;32;1;7;208;93;17;0;64;38;2;0;0;0;0;0
104805;543;2017;Mediocentro;2;21;0;6.25;0;0;1;0;21;0;0;0;0;1;3;0;0;0;0;0;0;0;0;0;0;0
47531;543;2017;Defensa;25;2052;24;6.704;0;0;3;1;1598;5;57;32;4;38;175;89;10;0;22;18;7;1;0;0;0;0
2522;543;2017;Delantero;17;847;8;6.858823;8;0;22;13;171;4;0;8;0;4;116;52;15;0;11;6;0;0;0;0;0;0
20997;543;2017;Defensa;3;133;1;6.533333;0;0;1;1;67;2;94;2;0;1;21;10;3;0;4;3;0;0;0;0;0;0
18998;543;2017;Mediocentro;24;1253;14;6.7;1;0;19;4;630;14;0;20;0;15;145;72;31;0;20;11;2;0;0;0;0;0
2845;543;2017;Delantero;8;209;2;6.975;2;1;5;4;89;5;0;6;0;0;50;28;13;0;14;9;1;0;0;0;0;0
104802;543;2017;Portero;5;411;4;6.46;0;0;0;0;159;0;0;0;0;0;0;0;0;0;0;0;0;0;0;8;8;0
1560;543;2017;Defensa;29;2377;28;6.782758;0;6;9;4;1102;22;82;11;1;24;250;136;19;0;37;14;7;0;0;0;0;0
1561;543;2017;Defensa;16;1421;16;7.31875;1;0;11;4;1092;5;58;38;10;32;196;127;16;0;24;22;6;0;0;0;0;0
1563;543;2017;Defensa;15;1257;14;7.026666;3;0;6;3;660;1;81;0;0;36;113;68;16;0;3;3;7;0;0;0;0;0
1564;543;2017;Defensa;14;1190;14;7.021428;2;2;9;4;564;9;0;26;2;20;124;69;16;0;19;8;4;0;0;0;0;0
1567;543;2017;Defensa;34;3025;34;6.985294;1;0;11;2;2127;4;57;54;24;71;254;152;26;0;16;13;9;1;0;0;0;0
1571;543;2017;Mediocentro;32;2410;27;6.6875;1;0;11;1;1538;10;91;2;1;26;241;127;33;0;17;13;7;0;0;0;0;0
1573;543;2017;Mediocentro;29;2267;25;7.072413;2;8;30;9;1461;46;43;41;5;22;257;119;39;0;33;22;7;0;1;0;0;0
1574;543;2017;Defensa;14;992;10;6.785714;1;0;4;1;385;8;77;4;0;21;167;85;26;0;27;17;2;0;0;0;0;0
1579;543;2017;Mediocentro;35;2487;29;7.154285;4;7;33;14;1063;51;85;3;1;15;274;143;40;0;93;64;7;0;0;0;0;0
1583;543;2017;Delantero;31;1981;23;6.745161;11;1;65;28;256;10;63;1;0;6;240;94;39;0;44;20;5;0;0;0;0;0
1584;543;2017;Delantero;15;1064;12;6.953333;7;0;20;14;189;7;0;14;1;1;186;74;28;0;33;19;3;0;0;0;0;0
1586;543;2017;Delantero;32;1684;16;6.91875;4;3;28;17;683;25;0;32;0;16;187;99;20;0;62;42;2;0;0;0;0;0
46784;543;2017;Portero;4;309;4;7.2;0;0;0;0;67;1;66;0;0;0;3;3;1;0;1;1;0;0;0;0;8;0
46802;543;2017;Mediocentro;7;249;3;6.628571;0;0;2;1;118;4;0;4;0;2;38;19;6;0;10;8;2;0;0;0;0;0
1839;543;2017;Defensa;24;2080;23;6.704166;2;3;13;6;826;18;0;39;7;15;118;63;10;0;20;8;4;0;0;0;0;0
46922;543;2017;Delantero;7;304;4;6.628571;0;0;1;0;155;2;0;8;0;8;45;29;16;0;4;3;0;0;0;0;0;0
47012;543;2017;Delantero;10;354;3;6.61;1;1;9;5;48;2;75;0;0;0;18;8;5;0;4;1;0;0;1;0;0;0
47164;544;2017;Mediocentro;3;158;2;6.266666;0;0;1;0;39;0;0;5;0;3;25;10;1;0;4;2;0;0;0;0;0;0
47405;544;2017;Defensa;35;3058;34;6.837142;0;1;24;7;1072;32;75;13;5;63;314;182;32;0;72;47;3;0;0;0;0;0
104796;544;2017;Defensa;15;1042;11;0.0;0;0;0;0;0;0;0;0;0;0;0;0;0;0;0;0;5;0;0;0;0;0
104809;544;2017;Defensa;20;1748;19;6.68;1;0;11;2;606;3;77;2;12;26;115;68;14;0;3;2;5;0;0;0;0;0
392;544;2017;Delantero;30;2347;26;6.926666;9;6;61;20;604;34;70;1;1;10;364;166;29;0;69;38;1;0;0;0;0;0
18833;544;2017;Delantero;35;2796;31;7.144117;8;6;41;26;808;83;0;17;1;9;235;86;33;0;70;32;3;0;3;0;0;0
47563;544;2017;Defensa;30;2622;29;6.993333;1;1;16;4;940;19;78;24;1;55;350;222;49;0;61;43;12;0;0;0;0;0
18978;544;2017;Delantero;29;1629;16;6.533333;7;3;49;22;287;9;0;9;2;3;289;77;19;0;49;17;6;0;0;0;0;0
68202;544;2017;Delantero;6;111;1;6.38;0;0;1;0;37;2;0;1;0;0;21;7;4;0;4;2;1;0;0;0;0;0
756;544;2017;Mediocentro;24;1228;12;6.616666;0;0;14;4;576;11;0;25;1;21;96;50;3;0;13;7;0;0;0;0;0;0
2806;544;2017;Defensa;25;2220;25;6.784;2;2;17;6;944;7;0;59;20;45;252;138;22;0;20;14;10;0;0;0;0;0
2840;544;2017;Mediocentro;32;2304;26;6.859375;3;3;22;8;1211;25;0;61;7;34;373;204;13;0;17;14;4;0;0;0;0;0
19284;544;2017;Portero;6;540;6;6.683333;0;0;0;0;83;0;56;0;0;0;2;1;0;0;1;1;0;0;0;9;18;0
104795;544;2017;Defensa;2;105;1;6.6;0;0;0;0;40;0;0;4;2;1;7;4;0;0;0;0;0;0;0;0;0;0
119740;544;2017;Defensa;1;90;1;5.7;0;0;0;0;22;0;0;1;0;0;3;2;0;0;0;0;0;0;0;0;0;0
15396;544;2017;Portero;2;180;2;7.3;0;0;0;0;42;0;0;0;0;0;2;1;1;0;0;0;0;0;0;2;8;0
35903;544;2017;Defensa;3;270;3;6.3;0;0;1;0;118;0;0;2;3;6;22;7;2;0;1;1;0;0;0;0;0;0
1421;544;2017;Delantero;23;905;10;6.522727;0;0;19;6;261;9;0;12;0;4;124;53;20;0;34;17;5;0;0;0;0;0
44490;544;2017;Mediocentro;26;1455;17;6.792307;1;1;17;8;652;38;82;8;0;7;191;82;24;0;48;33;4;0;0;0;0;0
44502;544;2017;Portero;2;122;2;5.55;0;0;0;0;39;0;0;0;0;0;1;0;0;0;0;0;0;1;0;3;3;0
1562;544;2017;Defensa;21;1780;21;7.038095;1;1;7;2;764;5;0;41;9;31;162;106;11;0;21;16;4;0;0;0;0;0
46647;544;2017;Portero;28;2477;27;6.521428;0;0;0;0;339;0;56;0;0;1;14;11;5;0;0;0;3;0;0;59;79;1
1607;544;2017;Mediocentro;31;2644;31;6.874193;0;0;29;2;1407;16;0;79;9;46;350;189;46;0;35;26;11;0;0;0;0;0
46716;544;2017;Mediocentro;8;409;6;6.75;0;0;4;1;107;1;73;1;1;11;55;27;7;0;0;0;3;0;0;0;0;0
46786;544;2017;Defensa;8;668;7;6.566666;0;1;0;0;152;4;71;0;0;14;52;22;1;0;4;1;2;0;0;0;0;0
46797;544;2017;Mediocentro;20;1333;16;6.931578;2;1;24;9;525;25;0;37;0;18;236;123;47;0;52;35;6;0;0;0;0;0
46799;544;2017;Mediocentro;3;93;0;6.433333;0;0;0;0;52;0;0;1;0;2;8;3;1;0;2;1;1;0;0;0;0;0
46801;544;2017;Mediocentro;11;734;10;6.472727;0;0;8;1;295;1;77;6;0;13;58;24;2;0;8;6;2;0;0;0;0;0
46805;544;2017;Mediocentro;23;1397;16;6.704545;0;2;9;3;707;9;0;48;6;23;204;92;12;0;13;9;7;0;0;0;0;0
46807;544;2017;Delantero;17;473;3;6.646666;3;2;13;7;132;10;0;6;0;3;69;22;8;0;4;0;1;0;0;0;0;0
50974;544;2017;Portero;2;97;1;5.95;0;0;0;0;26;0;0;0;0;0;0;0;0;0;0;0;0;0;0;4;1;0
51012;544;2017;Mediocentro;10;478;6;6.71;0;1;7;2;212;12;0;6;0;4;48;24;16;0;10;2;0;0;0;0;0;0
47274;545;2017;Defensa;33;2246;25;6.732258;0;1;4;1;1059;14;0;57;2;52;237;128;9;0;61;34;4;0;0;0;0;0
47281;545;2017;Mediocentro;32;2781;32;6.921875;0;1;15;1;1614;18;40;80;4;70;292;155;25;0;15;8;14;0;0;0;0;0
47376;545;2017;Portero;1;90;1;6.9;0;0;0;0;11;0;0;0;0;0;2;2;0;0;0;0;0;0;0;1;4;0
47377;545;2017;Defensa;29;2411;26;7.031034;2;1;13;4;1497;8;41;38;10;78;195;113;11;0;21;20;8;0;0;0;0;0
47382;545;2017;Defensa;16;1304;15;7.05625;3;0;14;7;577;1;82;1;1;25;140;85;8;0;4;4;4;0;0;0;0;0
47383;545;2017;Defensa;26;2215;25;6.957692;0;0;10;3;888;5;0;41;9;62;209;125;12;0;2;2;3;0;0;0;0;0
47384;545;2017;Defensa;30;2431;28;7.12;0;8;11;0;1104;46;0;61;1;38;234;141;17;0;38;27;4;0;0;0;0;0
47387;545;2017;Mediocentro;15;943;12;6.706666;0;0;14;1;336;4;77;7;0;13;161;84;21;0;11;8;5;0;0;0;0;0
47388;545;2017;Mediocentro;28;1561;16;6.81923;1;0;17;5;656;10;0;59;3;32;238;136;16;0;21;15;3;0;0;0;0;0
47389;545;2017;Mediocentro;35;2423;25;6.857142;6;4;30;17;1181;39;0;31;0;30;317;126;17;0;64;42;2;0;1;0;0;0
47390;545;2017;Delantero;17;1181;13;6.523529;3;2;26;5;346;29;72;5;0;7;244;79;20;0;93;33;5;0;0;0;0;0
47391;545;2017;Defensa;28;1728;18;6.74074;1;0;9;2;726;17;0;41;6;30;187;93;18;0;40;20;1;0;0;0;0;0
47392;545;2017;Mediocentro;12;929;10;7.191666;0;3;17;8;286;28;0;9;2;9;108;47;10;0;32;18;1;0;0;0;0;0
47394;545;2017;Delantero;30;1579;18;6.948148;8;1;45;16;284;17;67;0;0;7;253;115;29;0;10;4;5;1;1;0;0;0
47395;545;2017;Delantero;19;1331;14;6.836842;3;1;26;11;420;15;0;11;1;6;245;107;28;0;7;4;2;0;0;0;0;0
47396;545;2017;Delantero;35;2465;28;6.797058;8;1;55;27;688;14;0;14;1;10;439;198;76;0;30;13;5;0;0;0;0;0
47431;545;2017;Defensa;15;900;10;6.821428;0;2;3;0;463;15;0;15;1;11;73;37;7;0;13;10;3;0;0;0;0;0
104820;545;2017;Mediocentro;3;37;0;6.5;0;0;0;0;25;0;0;2;0;1;5;2;0;0;0;0;1;0;0;0;0;0
47534;545;2017;Defensa;4;360;4;6.825;1;0;2;1;156;1;77;0;0;13;38;27;2;0;3;2;1;0;0;0;0;0
47553;545;2017;Delantero;9;360;3;6.8;0;1;6;1;96;8;0;9;0;3;56;23;4;0;17;8;0;0;0;0;0;0
47578;545;2017;Mediocentro;7;241;2;6.614285;0;0;1;0;132;2;0;13;2;3;24;17;1;0;2;2;0;0;0;0;0;0
2600;545;2017;Mediocentro;34;2640;31;6.644117;5;2;43;21;841;28;0;39;0;18;339;141;49;0;87;40;4;0;0;0;0;0
2813;545;2017;Portero;36;3240;36;6.655555;0;0;0;0;1065;1;0;4;0;2;37;27;5;0;6;5;1;0;0;49;79;0
47476;545;2017;Portero;1;90;1;7.9;0;0;0;0;39;0;0;0;0;0;0;0;0;0;0;0;0;0;0;0;5;0
122128;545;2017;Delantero;1;0;0;0.0;0;0;0;0;0;0;0;1;0;0;1;1;0;0;0;0;0;0;0;0;0;0
46824;545;2017;Mediocentro;22;1108;14;6.722727;1;3;9;3;218;17;0;20;0;5;212;108;45;0;72;33;5;0;0;0;0;0
46822;545;2017;Defensa;13;995;11;6.938461;1;0;4;1;363;1;76;6;4;29;96;65;5;0;0;0;3;0;0;0;0;0
47095;545;2017;Delantero;0;0;0;6.555555;0;0;6;2;35;1;59;0;0;0;38;16;4;0;4;2;0;0;0;0;0;0
47249;546;2017;Defensa;9;720;8;6.9375;0;0;2;1;214;2;0;19;5;22;84;43;2;0;3;3;3;0;0;0;0;0
47250;546;2017;Defensa;36;3240;36;7.036111;1;0;9;2;967;3;0;87;14;78;351;213;26;0;33;30;9;0;0;0;0;0
47252;546;2017;Defensa;20;1537;17;6.888888;0;0;5;0;223;4;53;8;2;31;136;75;10;0;1;1;5;0;0;0;0;0
47254;546;2017;Defensa;3;101;1;6.65;1;0;1;1;29;1;0;3;0;1;29;11;0;0;3;2;0;0;0;0;0;0
47255;546;2017;Defensa;34;2796;31;6.766666;0;2;19;3;889;29;0;58;3;58;281;130;36;0;39;18;14;0;0;0;0;0
47257;546;2017;Defensa;33;2879;33;6.80303;1;4;8;5;1172;38;0;86;8;46;388;182;41;0;83;34;14;1;0;0;0;0
47258;546;2017;Mediocentro;27;2135;26;6.56923;1;1;13;3;617;9;0;56;3;25;278;128;42;0;24;13;9;0;0;0;0;0
47259;546;2017;Mediocentro;18;1469;18;6.811111;4;1;16;9;278;2;72;0;0;24;170;83;18;0;2;2;5;0;0;0;0;0
47262;546;2017;Mediocentro;33;2468;28;6.593939;2;3;12;8;971;25;0;38;1;22;311;115;29;0;76;36;6;0;1;0;0;0
47261;546;2017;Mediocentro;8;482;6;6.5;0;0;1;1;97;1;61;5;0;8;49;25;1;0;1;1;2;0;0;0;0;0
47265;546;2017;Delantero;36;2792;31;6.752777;7;4;63;26;494;33;60;0;1;7;533;200;61;0;67;24;10;0;3;0;0;0
47266;546;2017;Delantero;33;2299;26;6.915151;13;2;55;31;368;18;0;28;3;6;358;115;36;0;47;22;6;0;0;0;0;0
47264;546;2017;Delantero;2;17;0;6.3;0;0;1;1;6;0;0;0;0;0;7;0;0;0;0;0;0;0;0;0;0;0
47256;546;2017;Defensa;1;28;0;6.2;0;0;0;0;10;0;0;0;0;0;6;4;1;0;0;0;0;0;0;0;0;0
104793;546;2017;Delantero;37;2884;36;6.486486;3;3;30;13;559;23;0;78;3;33;504;202;62;0;98;43;9;0;0;0;0;0
104799;546;2017;Mediocentro;26;797;6;6.525;0;0;6;0;301;6;72;7;0;15;89;39;6;0;1;0;5;0;0;0;0;0
104811;546;2017;Mediocentro;1;3;0;6.7;0;0;0;0;2;0;0;1;0;0;3;1;0;0;0;0;0;0;0;0;0;0
18835;546;2017;Portero;33;2970;33;7.00606;0;0;0;0;925;1;0;0;0;3;18;17;4;0;0;0;1;0;0;26;86;2
2604;546;2017;Mediocentro;22;1004;12;6.571428;1;0;7;3;328;9;0;21;1;19;146;52;13;0;17;12;2;0;0;0;0;0
2715;546;2017;Mediocentro;31;2383;26;6.970967;1;4;17;10;933;35;0;61;4;30;287;139;37;0;27;19;7;0;0;0;0;0
19161;546;2017;Mediocentro;4;54;0;6.566666;0;0;0;0;10;0;100;0;0;0;10;4;0;0;1;1;0;0;0;0;0;0
104798;546;2017;Defensa;1;90;1;6.7;0;0;0;0;21;0;0;4;1;0;14;6;0;0;0;0;0;0;0;0;0;0
104800;546;2017;Defensa;1;62;1;6.7;0;0;0;0;9;0;0;1;0;0;7;2;0;0;0;0;0;0;0;0;0;0
104801;546;2017;Mediocentro;6;62;0;6.5;0;0;0;0;25;0;0;1;0;2;15;8;3;0;2;2;1;0;0;0;0;0
19599;546;2017;Portero;5;450;5;6.8;0;0;0;0;140;0;0;0;0;0;3;2;1;0;0;0;0;0;0;7;13;2
46713;546;2017;Mediocentro;2;112;1;6.6;0;0;1;1;14;0;0;1;1;1;17;6;0;0;3;3;0;0;0;0;0;0
22240;546;2017;Delantero;11;458;6;6.772727;3;0;11;6;83;0;64;1;0;1;85;45;12;0;9;8;3;0;1;0;0;0
46829;546;2017;Mediocentro;4;58;0;6.633333;0;0;2;1;21;0;92;0;0;0;6;3;0;0;0;0;1;0;0;0;0;0
46837;546;2017;Mediocentro;11;164;0;6.722222;0;0;0;0;80;6;0;4;0;2;15;8;0;0;6;4;0;0;0;0;0;0
46880;546;2017;Defensa;10;574;5;6.53;0;0;4;0;138;3;66;1;0;14;68;28;6;0;4;3;5;0;0;0;0;0
46890;546;2017;Delantero;13;524;5;6.530769;1;1;7;4;127;7;0;15;0;1;126;58;25;0;35;13;4;0;0;0;0;0
46998;546;2017;Defensa;20;1800;20;6.955;2;2;16;5;412;6;62;0;0;39;179;101;23;0;2;2;9;0;0;0;0;0
104810;547;2017;Mediocentro;2;14;0;6.45;0;0;2;0;8;0;100;0;0;0;1;0;0;0;0;0;0;0;0;0;0;0
47501;547;2017;Portero;9;764;8;6.755555;0;0;0;0;98;0;49;0;0;1;3;1;0;0;0;0;1;0;0;14;26;0
47504;547;2017;Defensa;8;690;8;6.9125;1;0;7;3;288;1;0;9;3;14;60;36;3;0;5;5;4;0;0;0;0;0
47505;547;2017;Defensa;34;2868;32;6.917647;0;3;19;4;1169;7;0;36;19;66;267;156;16;0;4;2;7;0;0;0;0;0
47508;547;2017;Defensa;13;1129;13;6.9;0;1;2;1;630;1;0;33;5;33;118;71;9;0;7;5;3;0;0;0;0;0
47509;547;2017;Defensa;5;189;2;6.8;0;1;1;0;59;4;68;0;0;5;15;8;0;0;1;0;0;0;0;0;0;0
47510;547;2017;Defensa;26;2297;25;6.75;0;0;7;1;658;5;73;3;3;35;151;88;12;0;16;13;3;0;0;0;0;0
47511;547;2017;Defensa;35;3064;34;6.851428;5;1;17;11;1335;7;0;48;19;53;215;119;7;0;4;4;7;0;0;0;0;0
47513;547;2017;Defensa;31;1831;20;6.755172;2;0;33;14;564;20;79;1;0;25;196;96;15;0;42;27;10;0;1;0;0;0
47515;547;2017;Mediocentro;37;2813;34;7.164864;2;5;51;10;1129;56;84;7;0;30;369;201;110;0;81;40;2;0;0;0;0;0
47516;547;2017;Mediocentro;20;841;7;6.872222;1;0;8;3;527;13;0;24;1;17;72;45;5;0;8;6;3;0;0;0;0;0
47517;547;2017;Mediocentro;34;2855;33;7.247058;1;7;44;8;1329;76;77;20;1;47;399;189;39;0;56;48;11;0;0;0;0;0
47518;547;2017;Mediocentro;31;2564;30;6.596774;0;2;9;4;1025;11;0;80;3;30;391;180;35;0;57;41;8;0;0;0;0;0
47520;547;2017;Delantero;37;3014;35;6.821621;11;5;41;25;587;40;0;30;0;12;448;152;55;0;118;50;5;0;0;0;0;0
47522;547;2017;Mediocentro;15;295;1;6.55;0;0;9;5;132;3;0;10;0;4;56;25;8;0;4;4;4;0;0;0;0;0
47523;547;2017;Delantero;2;17;0;6.25;0;0;0;0;5;0;0;1;0;0;5;3;0;0;2;1;0;0;0;0;0;0
47525;547;2017;Delantero;14;464;4;6.7;1;0;13;8;119;4;0;9;0;3;110;52;10;0;19;11;0;0;0;0;0;0
2617;547;2017;Delantero;33;2723;32;7.030303;21;0;64;37;493;13;0;22;0;5;499;216;67;0;27;15;8;0;5;0;0;0
2701;547;2017;Portero;30;2656;30;6.74;0;0;0;0;790;0;0;1;0;4;11;6;1;0;1;1;2;0;0;46;94;1
700;547;2017;Delantero;12;374;2;6.566666;0;1;4;3;54;5;0;3;0;1;51;22;11;0;6;3;2;0;0;0;0;0
64268;547;2017;Defensa;30;2132;22;6.662068;0;4;11;2;774;23;0;42;3;32;341;162;47;0;116;47;6;0;0;0;0;0
35794;547;2017;Delantero;2;28;0;6.7;0;0;0;0;1;1;0;1;0;0;5;1;0;0;0;0;0;0;0;0;0;0
3199;547;2017;Delantero;14;426;4;6.692307;3;1;12;6;109;6;0;6;0;3;78;31;2;0;6;3;0;0;0;0;0;0
26302;547;2017;Defensa;33;2651;32;6.830303;0;1;20;7;851;29;0;74;7;50;356;201;35;0;61;33;11;0;0;0;0;0
47010;547;2017;Mediocentro;17;921;10;6.84375;2;0;9;5;464;6;0;17;5;20;99;50;10;0;3;1;8;0;0;0;0;0
47295;548;2017;Portero;9;765;9;6.855555;0;0;0;0;250;0;72;0;0;2;4;2;0;0;0;0;0;0;0;8;25;1
47296;548;2017;Portero;26;2340;26;6.611538;0;0;0;0;996;1;0;2;0;0;11;5;2;0;0;0;3;0;0;45;62;1
47298;548;2017;Defensa;19;1598;18;7.110526;3;2;10;5;950;7;42;31;7;45;156;86;11;0;7;3;1;0;0;0;0;0
47299;548;2017;Defensa;2;76;1;6.45;0;0;0;0;38;0;0;3;0;4;9;5;1;0;0;0;0;0;0;0;0;0
47302;548;2017;Defensa;27;2328;26;6.981481;3;0;21;7;1521;0;50;29;18;43;241;135;27;0;18;16;9;0;0;0;0;0
47304;548;2017;Defensa;20;1633;18;6.868421;1;2;10;3;702;15;0;44;6;27;170;91;15;0;23;13;2;0;0;0;0;0
47305;548;2017;Defensa;20;1792;20;6.965;0;1;11;2;1218;5;52;22;13;30;126;74;6;0;6;6;4;0;0;0;0;0
47310;548;2017;Mediocentro;36;3164;35;7.347222;7;5;35;11;2203;34;86;15;1;75;340;206;68;0;39;30;9;0;0;0;0;0
47312;548;2017;Mediocentro;6;222;3;6.516666;0;1;1;0;132;4;0;1;0;5;14;8;1;0;5;3;0;1;0;0;0;0
47314;548;2017;Defensa;25;1576;16;6.813043;1;2;12;3;939;6;0;39;5;32;184;101;15;0;10;9;3;0;0;0;0;0
47316;548;2017;Mediocentro;31;2248;26;6.658064;0;2;14;3;983;11;83;15;3;41;287;140;47;0;22;14;2;0;0;0;0;0
47318;548;2017;Delantero;11;172;1;6.566666;1;0;6;3;35;1;0;0;0;0;26;9;1;0;1;1;0;0;0;0;0;0
47319;548;2017;Delantero;34;2779;32;7.147058;15;4;67;29;844;40;0;10;1;5;299;130;53;0;28;18;4;0;3;0;0;0
47320;548;2017;Delantero;30;1491;18;6.73;8;2;28;13;348;9;0;22;0;10;159;68;23;0;27;11;3;0;0;0;0;0
47323;548;2017;Delantero;35;2781;31;6.962857;12;5;49;32;904;44;0;33;2;18;370;151;46;0;82;40;4;0;0;0;0;0
104794;548;2017;Mediocentro;26;1940;24;0.0;3;0;0;0;0;0;0;0;0;0;0;0;0;0;0;0;1;0;0;0;0;0
104814;548;2017;Delantero;11;224;2;0.0;0;0;0;0;0;0;0;0;0;0;0;0;0;0;0;0;0;0;0;0;0;0
104821;548;2017;Mediocentro;4;50;0;6.325;0;0;0;0;23;0;0;1;0;0;5;2;1;0;0;0;0;0;0;0;0;0
2670;548;2017;Defensa;12;1056;12;7.03125;1;0;5;2;742;2;0;28;8;30;156;93;18;0;7;7;0;0;0;0;0;0
737;548;2017;Defensa;35;2918;32;6.565714;0;4;6;5;1295;46;0;41;7;26;268;109;31;0;87;32;3;0;0;0;0;0
2874;548;2017;Defensa;8;720;8;7.075;1;0;8;4;506;2;54;7;3;10;66;44;13;0;0;0;1;0;0;0;0;0
2924;548;2017;Mediocentro;28;1579;18;6.842857;3;5;40;14;473;35;0;16;0;11;321;148;60;0;125;67;4;0;0;0;0;0
1023;548;2017;Portero;4;315;3;6.125;0;0;0;0;120;0;0;0;0;0;2;1;0;0;0;0;0;0;0;6;5;1
1570;548;2017;Mediocentro;36;1921;20;7.224242;4;5;44;15;1165;57;0;30;0;11;220;107;29;0;67;46;4;0;0;0;0;0
46852;548;2017;Defensa;1;2;0;0.0;0;0;0;0;2;0;50;0;0;0;4;2;1;0;1;0;0;0;0;0;0;0
51046;548;2017;Delantero;13;372;2;7.008333;1;0;11;4;149;9;78;0;0;0;78;54;18;0;22;17;0;0;0;0;0;0
46994;548;2017;Defensa;17;1529;17;7.005882;0;1;6;1;680;16;81;4;1;21;148;87;17;0;15;9;4;0;0;0;0;0
2060;529;2018;Delantero;7;147;1;6.783333;1;1;2;1;58;3;0;3;0;0;17;9;2;0;4;3;0;0;0;0;0;0
124;529;2018;Portero;3;270;3;6.6;0;0;0;0;97;0;0;0;0;0;1;1;0;0;0;0;0;0;0;4;10;0
127;529;2018;Portero;35;3150;35;6.914285;0;0;0;0;886;0;0;0;0;2;11;8;2;0;1;1;0;0;0;32;85;0
128;529;2018;Defensa;36;2987;32;7.080555;2;8;9;5;2360;48;56;42;6;60;210;93;19;0;22;16;6;0;0;0;0;0
130;529;2018;Defensa;26;1601;20;6.784;1;0;4;2;1076;4;0;38;7;22;179;102;27;0;31;19;4;0;0;0;0;0
133;529;2018;Defensa;23;1935;22;6.952173;1;0;5;2;1145;0;44;47;20;21;190;111;14;0;6;6;8;1;0;0;0;0
135;529;2018;Defensa;2;112;1;6.8;0;0;1;1;125;0;58;2;0;0;16;6;0;0;0;0;0;0;0;0;0;0
136;529;2018;Defensa;35;3150;35;7.208823;4;1;17;10;2154;5;90;26;26;35;270;184;21;0;14;12;6;0;0;0;0;0
137;529;2018;Mediocentro;29;2087;23;6.946428;0;7;9;1;1622;31;50;28;3;43;190;104;33;0;27;15;3;0;0;0;0;0
138;529;2018;Defensa;2;158;2;6.75;0;0;0;0;118;0;54;7;0;3;24;12;0;0;4;3;2;0;0;0;0;0
139;529;2018;Defensa;14;1189;13;6.9;0;1;1;0;888;1;59;8;8;18;70;39;16;0;5;4;4;0;0;0;0;0
140;529;2018;Defensa;9;587;7;6.611111;0;0;2;0;342;0;92;4;2;6;45;23;4;0;0;0;2;0;0;0;0;0
142;529;2018;Mediocentro;5;224;3;6.825;0;0;2;0;129;2;90;6;1;1;35;19;8;0;0;0;1;0;0;0;0;0
144;529;2018;Mediocentro;35;2720;30;7.005714;0;1;6;0;2394;15;61;90;8;54;369;202;54;0;15;9;10;0;0;0;0;0
147;529;2018;Mediocentro;34;2020;22;6.978787;5;2;47;32;1388;33;0;16;2;12;255;118;45;0;90;51;2;0;0;0;0;0
149;529;2018;Mediocentro;34;2643;29;7.105882;3;5;31;11;2535;17;68;30;8;51;242;139;53;0;30;19;6;0;0;0;0;0
150;529;2018;Mediocentro;27;1441;19;6.844444;0;1;4;4;1280;14;44;15;0;9;111;68;40;0;17;10;2;0;0;0;0;0
151;529;2018;Mediocentro;33;1928;22;7.042424;3;7;20;9;1499;22;40;78;5;29;294;154;32;0;8;5;7;0;0;0;0;0
153;529;2018;Delantero;29;1670;20;7.267857;8;5;33;17;910;45;0;23;0;5;250;121;22;0;111;68;1;0;0;0;0;0
154;529;2018;Delantero;34;2709;29;8.417647;36;13;140;87;1830;93;43;12;0;3;428;219;66;0;224;134;3;0;4;0;0;0
157;529;2018;Delantero;33;2829;31;7.327272;21;6;93;58;956;51;0;18;4;8;283;133;57;0;90;36;5;0;4;0;0;0
156;529;2018;Delantero;15;608;6;6.814285;1;2;10;6;305;13;0;3;0;1;55;27;9;0;16;11;0;0;0;0;0;0
67955;529;2018;Delantero;1;17;0;6.7;0;0;1;0;7;0;0;0;0;0;2;1;0;0;1;1;0;0;0;0;0;0
141;529;2018;Defensa;3;224;2;6.533333;0;0;1;1;127;5;0;6;0;4;36;14;0;0;9;6;1;0;0;0;0;0
143;529;2018;Mediocentro;17;631;6;6.735714;2;0;8;3;573;9;0;7;0;2;77;38;14;0;18;12;2;0;0;0;0;0
146;529;2018;Mediocentro;1;84;0;6.3;0;0;1;0;30;0;0;1;0;0;4;2;1;0;1;0;0;0;0;0;0;0
148;529;2018;Mediocentro;2;157;2;6.7;0;0;0;0;115;2;53;3;0;0;13;5;1;0;2;0;0;0;0;0;0;0
152;529;2018;Mediocentro;3;240;3;6.633333;0;0;3;1;46;2;76;2;0;1;36;15;9;0;1;0;1;0;0;0;0;0
155;529;2018;Delantero;1;21;0;6.7;0;0;1;1;10;1;0;1;0;0;5;3;0;0;2;2;0;0;0;0;0;0
1461;529;2018;Mediocentro;2;17;0;6.75;0;0;1;1;15;1;0;0;0;0;6;5;1;0;4;3;0;0;0;0;0;0
27;530;2018;Portero;1;90;1;7.0;0;0;0;0;11;0;50;0;0;0;0;0;0;0;0;0;1;0;0;2;5;0
29;530;2018;Portero;37;3330;37;7.059459;0;0;0;0;759;0;0;1;0;1;14;12;2;0;1;1;0;0;0;27;105;0
30;530;2018;Defensa;25;1770;20;6.964;1;1;7;1;790;14;0;48;2;34;211;129;32;0;14;8;4;0;0;0;0;0
31;530;2018;Defensa;21;1772;19;7.128571;0;0;13;3;718;3;0;26;14;44;155;106;18;0;8;7;5;0;0;0;0;0
32;530;2018;Defensa;30;2508;28;6.95;3;1;14;8;843;3;79;30;9;45;275;169;24;0;11;10;7;0;0;0;0;0
33;530;2018;Defensa;14;1119;13;7.085714;1;0;4;1;509;3;0;35;9;14;121;82;20;0;10;6;5;0;0;0;0;0
34;530;2018;Defensa;27;2036;24;6.974074;2;2;10;6;1070;15;81;36;3;44;208;121;14;0;30;23;4;0;0;0;0;0
35;530;2018;Defensa;9;401;4;6.522222;0;0;0;0;160;0;0;8;4;5;22;10;1;0;0;0;2;0;0;0;0;0
36;530;2018;Defensa;1;90;1;7.2;0;0;0;0;41;1;0;0;0;1;7;4;1;0;2;2;0;0;0;0;0;0
39;530;2018;Defensa;18;1400;17;6.811111;0;2;5;0;544;3;0;11;9;22;96;53;6;0;1;1;4;0;0;0;0;0
40;530;2018;Defensa;1;46;1;7.2;0;0;0;0;20;0;76;3;0;0;6;6;1;0;0;0;0;0;0;0;0;0
41;530;2018;Defensa;22;1608;18;6.87619;0;2;0;0;633;20;82;22;5;19;133;70;10;0;21;11;7;0;0;0;0;0
44;530;2018;Mediocentro;34;2742;32;7.185294;3;1;25;7;1927;17;51;103;11;41;404;242;43;0;24;19;5;0;0;0;0;0
45;530;2018;Mediocentro;31;1825;22;6.832258;3;3;19;12;938;40;0;38;1;22;273;127;33;0;79;48;4;0;0;0;0;0
46;530;2018;Mediocentro;20;742;5;6.642105;0;1;8;1;240;8;71;13;1;10;163;89;40;0;45;27;1;0;0;0;0;0
47;530;2018;Mediocentro;1;90;1;6.9;0;0;0;0;49;0;45;2;0;0;7;3;0;0;0;0;0;0;0;0;0;0
48;530;2018;Mediocentro;33;2924;32;6.966666;4;1;40;20;1483;16;0;83;10;42;448;236;26;0;52;34;10;0;0;0;0;0
49;530;2018;Mediocentro;32;2066;22;7.0125;3;4;31;7;1327;20;0;66;5;49;276;162;21;0;42;36;8;0;0;0;0;0
50;530;2018;Mediocentro;30;2588;29;7.156666;3;4;13;6;1941;61;55;84;5;31;294;150;38;0;17;13;9;0;0;0;0;0
52;530;2018;Delantero;1;44;0;7.3;1;0;3;1;9;1;0;1;0;0;2;1;0;0;1;0;0;0;0;0;0;0
53;530;2018;Delantero;36;1918;20;6.630555;3;2;21;11;714;40;0;38;5;17;351;147;36;0;101;63;7;1;0;0;0;0
54;530;2018;Delantero;16;1116;14;6.53125;2;2;16;10;211;9;68;1;0;2;180;58;15;0;21;10;4;1;0;0;0;0
55;530;2018;Delantero;1;19;0;6.9;1;0;1;1;4;0;0;0;0;0;1;0;0;0;0;0;0;0;0;0;0;0
56;530;2018;Delantero;37;3204;37;7.386486;15;9;86;46;1388;74;0;31;1;12;292;127;35;0;44;20;5;0;3;0;0;0
57;530;2018;Delantero;17;640;7;6.63125;2;0;9;5;61;4;53;4;0;2;76;32;9;0;3;0;3;0;0;0;0;0
58;530;2018;Delantero;4;61;0;6.266666;0;0;1;0;23;1;0;0;0;0;20;4;2;0;2;0;0;0;0;0;0;0
59;530;2018;Delantero;15;1089;13;7.04;6;1;24;13;256;5;0;20;0;5;224;116;19;0;25;19;5;0;0;0;0;0
60;530;2018;Delantero;1;0;0;0.0;0;0;0;0;1;0;0;0;0;0;2;1;0;0;1;0;0;0;0;0;0;0
118;530;2018;Mediocentro;8;223;1;6.5875;0;0;3;1;62;2;0;5;0;1;51;22;7;0;17;8;0;0;0;0;0;0
47126;531;2018;Defensa;1;50;1;6.2;0;0;0;0;9;0;0;0;0;1;6;1;1;0;0;0;0;0;0;0;0;0
47267;531;2018;Portero;31;2790;31;6.587096;0;1;0;0;887;2;0;0;0;0;25;21;4;0;0;0;1;0;0;32;57;1
47270;531;2018;Portero;7;630;7;6.414285;0;0;0;0;155;0;0;0;0;1;3;1;0;0;0;0;2;0;0;13;21;1
47271;531;2018;Defensa;30;2614;30;6.83;0;0;7;3;1284;2;0;55;16;63;297;177;24;0;6;5;10;0;0;0;0;0
47272;531;2018;Defensa;11;520;6;6.52;0;0;1;0;131;3;68;6;2;2;36;18;1;0;2;2;0;0;0;0;0;0
47273;531;2018;Defensa;35;3121;35;6.931428;2;2;22;6;1367;20;0;46;9;42;372;232;78;0;56;33;9;1;0;0;0;0
47274;531;2018;Defensa;25;1637;17;6.625;0;0;7;2;685;12;0;43;2;30;226;107;16;0;47;20;9;0;0;0;0;0
47275;531;2018;Defensa;30;2427;28;6.672413;1;2;7;2;1029;28;0;60;4;27;252;118;11;0;26;10;5;1;0;0;0;0
47276;531;2018;Defensa;4;209;2;6.666666;0;0;0;0;85;2;0;5;0;4;29;15;3;0;4;3;1;0;0;0;0;0
47277;531;2018;Defensa;12;1063;11;7.1;0;0;9;3;536;3;0;15;12;28;107;62;2;0;2;2;4;0;0;0;0;0
47279;531;2018;Mediocentro;23;1324;15;6.643478;0;5;16;7;407;18;0;37;0;17;236;111;20;0;63;32;4;0;0;0;0;0
47280;531;2018;Mediocentro;27;2044;25;6.881481;1;2;15;3;991;32;83;24;1;24;208;93;17;0;15;9;8;0;0;0;0;0
47281;531;2018;Mediocentro;29;2482;29;6.727586;0;0;1;0;1396;4;0;56;8;48;269;141;26;0;4;3;13;0;0;0;0;0
47282;531;2018;Mediocentro;33;2376;27;6.927272;9;3;81;35;497;26;54;40;1;21;627;319;60;0;26;12;13;0;2;0;0;0
47283;531;2018;Mediocentro;14;577;6;6.76923;0;2;9;3;175;17;72;3;1;2;55;21;3;0;16;6;0;0;0;0;0;0
47284;531;2018;Mediocentro;3;97;1;6.533333;0;0;0;0;71;0;90;2;0;6;13;8;1;0;1;0;1;0;0;0;0;0
47285;531;2018;Mediocentro;7;326;3;6.616666;0;0;2;2;242;2;0;7;3;1;40;18;4;0;7;5;1;0;0;0;0;0
47286;531;2018;Mediocentro;8;464;4;6.871428;2;0;4;3;276;1;0;11;6;10;51;28;1;0;3;2;2;1;0;0;0;0
47288;531;2018;Mediocentro;33;1717;16;6.60909;0;0;12;3;534;16;75;25;6;21;244;119;8;0;12;5;7;0;0;0;0;0
47289;531;2018;Delantero;22;1380;15;6.772727;1;2;15;6;434;36;78;10;1;12;139;50;13;0;36;16;3;0;0;0;0;0
47290;531;2018;Delantero;20;941;10;6.610526;2;0;19;11;144;8;60;1;1;0;167;66;8;0;8;2;4;0;2;0;0;0
47291;531;2018;Delantero;6;44;0;6.32;0;0;1;0;9;2;0;1;0;2;20;4;0;0;0;0;0;0;0;0;0;0
47292;531;2018;Delantero;11;149;0;6.511111;1;0;3;1;46;2;0;3;0;0;33;13;2;0;2;1;0;0;0;0;0;0
47294;531;2018;Delantero;38;3040;36;6.971052;13;4;56;33;686;31;0;27;1;7;452;210;52;0;95;54;3;0;0;0;0;0
47423;531;2018;Delantero;0;0;0;6.61;0;0;11;4;88;2;0;1;0;0;52;22;4;0;6;2;0;0;0;0;0;0
2670;531;2018;Defensa;33;2903;33;6.969696;0;0;21;4;1440;7;0;53;14;68;330;203;55;0;5;4;12;0;0;0;0;0
2672;531;2018;Delantero;34;2386;27;6.870588;7;4;20;12;1187;29;0;29;3;12;345;176;79;0;104;63;7;0;1;0;0;0
135;532;2018;Defensa;1;90;1;6.8;0;0;1;1;125;0;58;2;0;0;16;6;0;0;0;0;0;0;0;0;0;0
47457;532;2018;Defensa;4;194;2;6.946666;0;1;5;3;496;4;0;26;20;19;120;67;11;0;7;5;2;0;0;0;0;0
2927;532;2018;Delantero;15;519;4;6.48;1;0;11;7;131;10;0;1;2;0;82;23;8;0;10;4;3;0;0;0;0;0
911;532;2018;Portero;4;360;4;7.4;0;0;0;0;73;0;0;0;0;0;4;3;0;0;0;0;0;0;0;1;12;1
912;532;2018;Portero;34;3060;34;6.923529;0;0;0;0;691;1;0;2;0;1;7;6;0;0;0;0;2;0;0;34;109;1
915;532;2018;Defensa;30;2625;30;7.01;0;1;8;2;1298;5;0;29;21;70;191;122;30;0;6;3;6;0;0;0;0;0
916;532;2018;Defensa;22;1574;16;6.827272;2;0;8;4;696;0;0;14;16;20;123;64;9;0;7;5;9;0;0;0;0;0
917;532;2018;Defensa;24;2137;24;7.008333;2;0;13;6;895;4;82;17;23;16;174;105;13;0;2;2;4;0;0;0;0;0
918;532;2018;Defensa;35;3138;35;6.905714;1;1;12;3;1451;25;0;83;6;43;366;211;55;0;68;39;10;0;0;0;0;0
920;532;2018;Defensa;4;270;3;6.45;0;0;2;0;141;1;0;6;3;6;25;9;2;0;2;1;1;0;0;0;0;0
921;532;2018;Defensa;23;1868;21;6.717391;1;0;9;3;771;5;0;32;7;27;190;102;14;0;56;30;3;0;0;0;0;0
922;532;2018;Defensa;7;603;7;6.608333;0;0;1;0;527;2;0;34;5;20;111;63;8;0;3;2;4;0;0;0;0;0
923;532;2018;Mediocentro;27;1708;19;6.822222;2;2;23;6;606;37;0;46;3;15;254;117;19;0;38;19;2;0;0;0;0;0
924;532;2018;Mediocentro;26;1766;20;7.046153;0;1;9;3;967;18;0;46;5;49;227;137;29;0;33;27;5;0;0;0;0;0
925;532;2018;Delantero;25;1471;18;6.984;5;3;27;14;598;21;0;31;0;7;227;126;50;0;56;36;2;0;0;0;0;0
926;532;2018;Mediocentro;19;1244;14;7.042105;1;1;16;5;744;6;0;47;7;27;197;112;19;0;24;22;1;0;0;0;0;0
927;532;2018;Mediocentro;3;21;0;6.45;0;0;1;0;13;1;0;2;0;1;6;2;0;0;0;0;1;0;0;0;0;0
928;532;2018;Mediocentro;36;3063;35;7.536111;9;7;36;21;2215;83;52;73;7;46;333;192;54;0;50;36;6;1;5;0;0;0
930;532;2018;Mediocentro;31;2465;27;6.770967;2;6;29;14;902;35;0;41;6;19;326;138;50;0;55;24;9;0;0;0;0;0
931;532;2018;Delantero;24;841;8;6.817391;2;1;14;6;292;16;0;15;1;10;136;69;10;0;23;14;5;0;0;0;0;0
932;532;2018;Mediocentro;32;2356;26;6.875;1;3;18;4;1148;31;0;35;4;34;246;127;42;0;17;10;4;0;0;0;0;0
933;532;2018;Delantero;33;1604;16;6.778125;6;1;36;15;313;25;79;9;2;5;145;48;12;0;26;12;1;0;0;0;0;0
934;532;2018;Delantero;30;1859;23;6.924137;7;5;43;22;337;16;71;10;2;4;305;109;40;0;31;12;4;0;0;0;0;0
935;532;2018;Delantero;33;2534;29;7.069696;8;6;69;31;829;32;0;21;1;3;333;153;41;0;76;43;4;0;0;0;0;0
937;532;2018;Delantero;4;192;2;6.595;0;1;17;6;234;9;0;16;1;2;178;67;13;0;28;16;1;0;0;0;0;0
2872;533;2018;Defensa;8;504;5;6.7625;0;1;12;2;159;12;75;2;2;1;45;18;4;0;11;5;1;0;0;0;0;0
95590;533;2018;Mediocentro;3;73;1;6.5;0;0;0;0;45;0;85;0;0;2;12;5;1;0;0;0;1;0;0;0;0;0
1682;533;2018;Portero;32;2880;32;7.045161;0;0;0;0;409;0;59;0;0;3;13;10;3;0;0;0;0;0;0;44;120;1
1684;533;2018;Portero;6;540;6;6.883333;0;0;0;0;171;1;0;1;0;0;3;2;0;0;1;0;2;0;0;7;16;1
1685;533;2018;Defensa;5;233;4;6.8;0;0;0;0;84;0;69;2;5;4;8;3;0;0;0;0;1;0;0;0;0;0
1687;533;2018;Defensa;21;1498;18;6.785;1;0;9;2;778;8;0;33;3;21;154;91;23;0;14;10;6;0;0;0;0;0
1688;533;2018;Defensa;31;2627;29;6.91;2;1;15;6;1212;6;0;41;24;42;227;137;22;0;10;7;15;0;0;0;0;0
1689;533;2018;Defensa;33;2966;33;6.90606;1;2;13;2;1496;9;0;49;24;37;247;160;32;0;1;0;15;0;0;0;0;0
1691;533;2018;Defensa;31;2602;30;6.706666;1;2;16;8;1053;16;0;62;11;42;285;138;12;0;27;11;16;0;0;0;0;0
1690;533;2018;Defensa;8;543;5;6.5375;0;0;2;0;163;3;0;21;2;12;83;41;10;0;11;5;1;0;0;0;0;0
1693;533;2018;Defensa;22;1976;22;6.87619;0;0;8;1;976;5;84;18;14;33;151;88;10;0;8;7;10;0;0;0;0;0
1694;533;2018;Mediocentro;23;1589;17;6.782608;0;1;5;1;783;15;82;35;9;14;233;116;13;0;15;11;10;0;0;0;0;0
1695;533;2018;Mediocentro;35;2651;30;7.277142;4;10;22;11;1573;73;0;69;6;28;359;185;58;0;72;49;2;0;2;0;0;0
1696;533;2018;Delantero;26;1709;19;6.723076;5;2;42;23;504;22;0;19;2;10;251;106;20;0;95;52;2;0;0;0;0;0
1697;533;2018;Mediocentro;35;2482;28;6.788571;2;3;43;17;1130;45;0;49;4;24;358;151;43;0;64;39;4;0;0;0;0;0
1698;533;2018;Mediocentro;5;234;3;6.5;0;0;0;0;106;0;49;3;0;3;33;16;5;0;1;1;1;0;0;0;0;0
1699;533;2018;Mediocentro;19;1667;19;6.9;3;1;16;7;791;8;0;31;7;22;292;157;37;0;17;7;7;0;0;0;0;0
1692;533;2018;Defensa;7;628;7;6.685714;0;0;3;0;279;5;0;10;2;8;36;13;0;0;1;0;1;0;0;0;0;0
1701;533;2018;Mediocentro;10;611;7;6.92;0;3;2;0;320;9;0;21;3;5;84;43;6;0;8;7;2;0;0;0;0;0
1702;533;2018;Defensa;34;2088;22;6.759375;3;3;24;13;710;25;0;59;7;29;283;130;12;0;60;32;3;0;0;0;0;0
1705;533;2018;Mediocentro;24;1548;18;6.7375;0;0;11;1;983;19;0;46;6;16;200;90;22;0;8;6;3;0;0;0;0;0
1706;533;2018;Delantero;33;1260;12;6.715625;6;1;22;15;270;23;0;4;0;8;127;46;9;0;19;12;3;0;1;0;0;0
1707;533;2018;Delantero;35;2315;25;6.961764;8;1;54;33;740;38;0;22;9;9;345;150;37;0;64;32;3;0;0;0;0;0
1708;533;2018;Delantero;8;186;2;6.64;0;1;1;0;93;5;0;6;0;1;33;13;4;0;4;1;0;0;0;0;0;0
1709;533;2018;Delantero;34;2147;24;6.879411;10;1;49;32;501;26;0;11;0;11;268;124;29;0;90;52;5;0;0;0;0;0
30490;533;2018;Delantero;3;34;0;6.7;1;1;1;1;13;1;0;0;0;0;8;1;0;0;0;0;1;0;0;0;0;0
2048;536;2018;Defensa;7;536;6;6.857142;0;0;4;1;260;5;0;12;0;7;64;29;1;0;1;1;2;0;0;0;0;0
2049;536;2018;Mediocentro;17;755;7;6.706666;0;0;5;2;352;3;0;27;4;11;110;66;10;0;6;5;2;0;0;0;0;0
2050;536;2018;Mediocentro;32;2681;32;7.09375;3;4;19;10;2091;54;55;71;5;28;419;208;67;0;81;59;16;1;2;0;0;0
2051;536;2018;Mediocentro;10;536;5;6.577777;0;0;1;0;231;3;76;4;2;5;75;34;5;0;8;6;0;0;0;0;0;0
2053;536;2018;Mediocentro;31;1744;20;6.714285;2;2;19;7;914;21;0;46;0;14;238;107;26;0;33;23;10;0;0;0;0;0
2054;536;2018;Defensa;32;2714;31;7.167741;1;5;31;12;1041;42;75;20;5;28;187;106;31;0;43;33;8;0;0;0;0;0
2055;536;2018;Mediocentro;10;355;4;6.69;0;0;1;0;206;4;0;12;0;8;77;43;11;0;14;11;5;0;0;0;0;0
2056;536;2018;Mediocentro;33;2728;30;7.284848;12;13;62;31;1208;68;0;30;3;22;302;116;48;0;64;28;9;0;1;0;0;0
2057;536;2018;Delantero;34;2285;26;6.758823;3;4;33;8;1068;30;0;51;2;23;466;226;71;0;75;44;8;1;0;0;0;0
2058;536;2018;Delantero;4;74;1;6.4;0;0;2;1;17;0;68;2;0;0;14;5;1;0;4;1;0;0;0;0;0;0
2059;536;2018;Delantero;35;2818;31;7.174285;18;9;64;38;755;45;0;18;0;11;327;127;24;0;81;46;4;0;2;0;0;0
2060;536;2018;Delantero;16;1044;12;6.783333;5;1;2;1;58;3;0;3;0;0;17;9;2;0;4;3;2;0;0;0;0;0
2061;536;2018;Delantero;11;156;0;6.6;1;1;2;1;65;2;0;6;0;1;49;23;8;0;21;9;0;0;0;0;0;0
2062;536;2018;Mediocentro;33;1569;15;6.87;2;3;29;6;567;28;75;25;3;25;164;88;11;0;44;26;2;0;0;0;0;0
2063;536;2018;Delantero;27;2164;25;6.94074;9;0;48;27;538;29;0;8;1;3;342;116;28;0;43;14;4;0;0;0;0;0
2493;536;2018;Delantero;6;119;1;6.65;1;1;4;1;47;3;0;0;0;0;29;11;0;0;3;2;0;0;0;0;0;0
2034;536;2018;Portero;1;90;1;6.3;0;0;0;0;21;0;0;0;0;0;0;0;0;0;0;0;0;0;0;1;1;0
2036;536;2018;Portero;4;360;4;7.2;0;0;0;0;119;0;0;0;0;1;4;4;1;0;0;0;1;0;0;2;9;0
2037;536;2018;Portero;33;2970;33;6.669696;0;0;0;0;813;0;0;0;0;0;19;17;3;0;1;1;1;0;0;44;100;0
2038;536;2018;Defensa;9;632;8;6.625;0;0;4;2;220;1;0;11;3;9;42;25;8;0;8;3;3;0;0;0;0;0
2040;536;2018;Defensa;21;1549;18;6.766666;0;1;18;2;744;12;0;43;4;24;189;98;21;0;20;12;7;0;0;0;0;0
2041;536;2018;Defensa;7;444;4;6.828571;0;0;3;1;233;2;89;8;2;10;65;39;7;0;3;3;2;0;0;0;0;0
2042;536;2018;Defensa;32;2766;31;6.9125;0;0;6;3;1457;5;0;49;20;40;248;138;7;0;0;0;1;0;0;0;0;0
2043;536;2018;Defensa;24;2132;24;6.869565;1;1;8;2;765;4;77;18;12;29;187;101;6;0;9;8;10;0;0;0;0;0
2044;536;2018;Defensa;23;1738;19;6.721739;2;1;10;3;744;2;0;35;12;26;191;101;19;0;2;1;10;0;0;0;0;0
2045;536;2018;Defensa;26;2016;25;7.05;0;0;13;3;777;6;85;19;34;27;182;117;14;0;0;0;5;0;0;0;0;0
2047;536;2018;Defensa;11;525;5;6.772727;0;0;8;5;191;15;73;11;0;4;72;31;7;0;13;4;3;0;0;0;0;0
47373;537;2018;Delantero;6;213;2;6.6875;0;0;8;2;65;2;64;4;0;1;58;31;9;0;11;7;0;0;0;0;0;0
47399;537;2018;Portero;34;3056;34;6.714705;0;0;0;0;984;0;0;0;0;2;18;17;7;0;0;0;5;0;0;38;78;1
47400;537;2018;Portero;5;364;4;6.96;0;0;0;0;105;0;0;0;0;0;3;2;1;0;0;0;0;0;0;5;14;1
47403;537;2018;Defensa;25;2028;24;6.904;0;1;6;1;618;10;70;31;13;53;222;127;30;0;4;3;10;0;0;0;0;0
47404;537;2018;Defensa;6;484;6;6.733333;0;0;3;2;165;6;0;16;1;4;66;33;3;0;10;7;2;0;0;0;0;0
47405;537;2018;Defensa;23;1459;17;6.860869;1;1;10;3;332;23;68;12;4;19;125;69;18;0;26;13;0;0;0;0;0;0
47406;537;2018;Defensa;3;211;2;6.4;0;0;2;0;115;0;0;3;1;1;14;7;0;0;0;0;0;0;0;0;0;0
47407;537;2018;Defensa;23;1712;20;6.769565;1;1;4;3;491;27;0;32;2;20;160;84;20;0;21;9;8;1;0;0;0;0
47408;537;2018;Defensa;30;2700;30;6.97;3;6;19;8;887;47;0;51;2;29;222;99;20;0;25;12;9;0;0;0;0;0
47409;537;2018;Defensa;34;2965;34;6.932352;1;0;21;3;976;10;69;32;15;65;285;181;10;0;19;12;5;0;0;0;0;0
47410;537;2018;Defensa;18;1428;15;6.85;0;0;4;0;360;1;76;14;5;31;95;53;7;0;1;1;3;0;0;0;0;0
47411;537;2018;Mediocentro;27;954;9;6.665384;4;0;26;9;194;17;72;4;0;4;135;52;11;0;44;26;0;0;1;0;0;0
47412;537;2018;Mediocentro;13;635;9;6.55;0;0;3;2;169;7;78;3;1;7;80;28;11;0;7;3;2;0;0;0;0;0
47413;537;2018;Mediocentro;18;1287;15;6.7;0;0;8;4;651;7;0;30;2;14;180;92;27;0;15;10;9;0;0;0;0;0
47414;537;2018;Mediocentro;16;1197;13;6.65625;1;1;13;6;399;7;0;22;2;13;119;53;11;0;5;5;5;0;1;0;0;0
47415;537;2018;Mediocentro;31;2472;27;6.819354;0;0;6;3;1347;14;0;71;8;41;304;171;40;0;20;12;7;1;0;0;0;0
47416;537;2018;Mediocentro;31;2515;29;6.867741;4;3;46;22;950;48;0;46;2;16;325;131;27;0;79;36;5;0;0;0;0;0
47417;537;2018;Delantero;1;9;0;6.3;0;0;0;0;5;0;0;1;0;0;2;1;0;0;0;0;0;0;0;0;0;0
47418;537;2018;Mediocentro;26;2075;23;6.665384;1;1;11;3;785;15;0;50;4;39;294;137;24;0;32;19;3;0;0;0;0;0
47419;537;2018;Delantero;6;107;0;6.483333;0;0;1;0;30;1;0;1;0;2;24;12;4;0;5;3;0;0;0;0;0;0
47421;537;2018;Delantero;32;1995;23;6.996774;6;1;51;20;640;21;0;25;1;8;496;273;29;0;13;10;5;0;1;0;0;0
47422;537;2018;Delantero;31;2106;22;6.851612;9;2;64;24;465;17;0;16;3;6;472;224;40;0;63;27;7;0;0;0;0;0
47423;537;2018;Delantero;12;287;2;6.61;0;0;11;4;88;2;0;1;0;0;52;22;4;0;6;2;0;0;0;0;0;0
47424;537;2018;Delantero;16;551;5;6.62;1;3;14;6;94;6;0;12;1;1;98;39;11;0;10;3;4;0;0;0;0;0
47506;537;2018;Defensa;5;380;4;6.9;0;1;5;1;246;6;71;12;4;11;97;54;9;0;13;9;1;0;0;0;0;0
2737;537;2018;Delantero;19;1407;16;6.768421;4;5;26;8;241;14;0;5;0;3;176;67;16;0;33;17;5;0;0;0;0;0
2772;537;2018;Defensa;28;2434;27;6.914285;0;0;3;1;773;2;77;27;11;37;182;121;11;0;9;8;7;0;0;0;0;0
2875;537;2018;Defensa;6;320;4;6.816666;0;0;0;0;168;1;0;7;4;7;26;20;1;0;2;2;1;0;0;0;0;0
46694;537;2018;Delantero;5;192;2;6.6;0;0;2;1;56;2;0;3;0;2;27;12;2;0;3;2;1;0;0;0;0;0
47425;538;2018;Portero;13;1170;13;6.592307;0;0;0;0;257;0;62;0;0;0;6;5;0;0;0;0;1;0;0;22;38;0
47426;538;2018;Portero;25;2250;25;6.704;0;0;0;0;701;2;0;1;0;2;6;4;0;0;0;0;2;0;0;40;69;0
47428;538;2018;Defensa;24;1896;21;6.804545;0;0;10;2;908;5;0;37;11;33;195;114;6;0;2;1;4;0;0;0;0;0
47429;538;2018;Defensa;15;1172;13;6.814285;0;0;2;1;682;0;40;25;6;18;99;61;7;0;3;1;4;0;0;0;0;0
47430;538;2018;Defensa;10;893;9;6.9;0;0;3;1;489;5;41;17;11;11;87;59;6;0;6;4;2;0;0;0;0;0
47431;538;2018;Defensa;21;1758;21;6.78;0;3;4;1;830;16;0;55;6;35;190;114;21;0;24;13;6;0;0;0;0;0
47432;538;2018;Defensa;35;3094;35;6.908571;1;4;19;8;1491;32;0;73;13;50;344;182;27;0;36;22;11;0;0;0;0;0
47433;538;2018;Defensa;10;898;10;6.97;0;2;0;0;372;7;0;29;6;8;62;42;5;0;6;5;2;0;0;0;0;0
47434;538;2018;Defensa;4;218;2;6.666666;0;0;0;0;92;1;0;6;3;2;27;14;7;0;2;1;0;0;0;0;0;0
47435;538;2018;Mediocentro;30;1510;16;6.614814;1;0;12;3;859;10;0;23;2;19;125;54;14;0;15;12;3;0;0;0;0;0
47436;538;2018;Mediocentro;11;720;8;6.90909;1;2;10;5;346;17;0;14;1;3;91;43;9;0;18;13;2;1;0;0;0;0
47437;538;2018;Mediocentro;15;348;2;6.514285;0;3;1;0;109;6;0;16;0;2;74;26;3;0;14;6;1;0;0;0;0;0
47438;538;2018;Mediocentro;6;235;3;6.5;0;0;3;1;78;1;0;4;0;4;33;13;4;0;1;0;0;0;0;0;0;0
47439;538;2018;Mediocentro;31;2491;27;6.667741;0;1;5;2;1404;18;40;30;1;26;214;118;48;0;43;31;1;0;0;0;0;0
47440;538;2018;Mediocentro;31;2353;27;7.041935;6;7;47;26;1113;46;0;61;3;24;376;173;64;0;49;19;5;0;1;0;0;0
47442;538;2018;Mediocentro;20;1156;14;6.661111;0;0;11;3;597;8;73;10;2;9;88;42;12;0;8;5;1;0;0;0;0;0
47443;538;2018;Mediocentro;30;2205;26;6.95;2;0;16;6;1387;11;0;61;11;37;335;199;34;0;40;28;10;0;0;0;0;0
47444;538;2018;Delantero;2;12;0;6.25;0;0;0;0;4;1;0;0;0;0;4;0;0;0;0;0;0;0;0;0;0;0
47445;538;2018;Delantero;27;2262;26;7.64074;20;6;54;33;868;57;0;16;0;16;229;103;43;0;36;20;5;0;5;0;0;0
47446;538;2018;Delantero;10;367;4;6.555555;0;0;6;4;83;2;0;7;0;3;57;27;7;0;16;10;1;0;0;0;0;0
47447;538;2018;Delantero;25;834;8;6.72;2;1;13;9;427;13;0;4;0;3;103;51;21;0;41;26;0;0;0;0;0;0
2499;538;2018;Defensa;9;535;6;6.6875;0;0;3;2;270;5;0;13;3;5;58;34;2;0;4;1;2;0;0;0;0;0
2615;538;2018;Delantero;35;2963;33;6.985714;13;5;62;28;673;31;0;6;0;2;482;220;66;0;30;14;5;0;1;0;0;0
31361;538;2018;Defensa;1;90;1;6.9;0;0;0;0;44;2;0;3;0;3;8;5;0;0;0;0;0;0;0;0;0;0
2710;538;2018;Delantero;35;2098;25;6.78;3;3;32;16;801;40;0;35;0;10;492;256;60;0;224;144;6;0;0;0;0;0
2870;538;2018;Defensa;32;2681;30;6.96129;3;0;11;7;1491;4;41;42;21;35;185;118;4;0;2;2;2;0;0;0;0;0
922;538;2018;Defensa;12;1071;12;6.608333;0;0;1;0;527;2;0;34;5;20;111;63;8;0;3;2;3;0;0;0;0;0
37892;538;2018;Delantero;9;208;1;6.471428;0;0;8;3;38;3;0;3;0;2;49;22;6;0;3;0;0;0;0;0;0;0
47449;539;2018;Portero;21;1890;21;6.923809;0;0;0;0;478;1;0;1;0;1;9;7;2;0;0;0;1;0;0;40;96;0
47451;539;2018;Defensa;27;1814;19;6.711111;4;0;12;6;558;13;74;27;8;40;235;111;31;0;30;12;3;0;0;0;0;0
47452;539;2018;Defensa;21;1639;20;6.509523;2;0;8;3;695;3;0;22;14;29;162;74;13;0;3;1;10;1;0;0;0;0
47453;539;2018;Defensa;21;1767;21;6.675;1;2;14;4;475;15;71;13;5;14;160;76;18;0;65;34;4;0;0;0;0;0
47454;539;2018;Defensa;8;463;4;6.685714;0;1;2;1;149;5;82;3;3;8;49;27;12;0;12;6;1;0;0;0;0;0
47455;539;2018;Defensa;16;1259;14;6.5875;0;2;1;1;477;10;0;14;7;15;99;48;12;0;13;9;4;0;0;0;0;0
47448;539;2018;Portero;16;1440;16;6.88125;0;0;0;0;374;1;0;1;0;1;7;7;4;0;0;0;0;0;0;24;60;0
47457;539;2018;Defensa;15;1340;15;6.946666;2;1;5;3;496;4;0;26;20;19;120;67;11;0;7;5;4;0;0;0;0;0
47458;539;2018;Defensa;21;1451;17;6.755;1;1;3;2;493;4;0;25;12;20;98;49;4;0;2;0;4;1;0;0;0;0
47459;539;2018;Defensa;19;1252;13;6.726315;2;0;5;2;371;3;0;27;11;19;107;65;5;0;2;2;7;0;0;0;0;0
47460;539;2018;Defensa;33;2854;32;6.742424;1;0;7;1;1095;8;0;41;36;51;245;124;13;0;10;10;6;0;0;0;0;0
47461;539;2018;Mediocentro;36;2839;31;6.686111;3;4;50;18;1103;29;0;70;3;31;397;170;47;0;72;43;6;0;0;0;0;0
47462;539;2018;Mediocentro;9;314;3;6.222222;0;0;1;1;109;1;0;13;2;3;65;25;6;0;3;2;1;0;0;0;0;0
47464;539;2018;Mediocentro;36;3213;36;7.077777;4;9;14;9;1857;59;43;65;7;48;397;189;35;0;80;48;12;0;0;0;0;0
47465;539;2018;Mediocentro;4;154;1;6.7;0;0;1;0;67;0;0;7;2;1;18;13;1;0;0;0;0;0;0;0;0;0
47467;539;2018;Delantero;37;3196;35;6.829729;12;5;48;33;695;45;0;21;1;12;429;157;52;0;145;69;7;0;3;0;0;0
47468;539;2018;Mediocentro;27;1902;23;6.837037;4;5;46;12;685;30;72;33;0;21;404;193;53;0;92;65;11;0;0;0;0;0
47469;539;2018;Mediocentro;16;671;9;6.553333;0;1;0;0;201;1;81;18;5;10;103;56;11;0;5;5;4;0;0;0;0;0
47470;539;2018;Delantero;12;211;1;6.53;0;1;4;2;29;3;63;0;1;0;37;14;6;0;6;2;0;0;0;0;0;0
47471;539;2018;Delantero;31;1894;23;6.803225;13;0;56;30;347;16;0;8;1;4;213;72;32;0;27;11;4;0;2;0;0;0
47472;539;2018;Delantero;29;1614;16;6.696428;3;2;21;15;387;20;0;9;1;5;222;86;33;0;42;23;1;0;0;0;0;0
47473;539;2018;Mediocentro;30;2333;26;6.64;2;5;25;9;650;30;0;44;4;46;348;157;51;0;78;29;10;0;0;0;0;0
2781;539;2018;Delantero;19;779;8;6.588888;1;1;10;5;213;8;0;14;1;12;97;43;6;0;35;20;1;0;0;0;0;0
47450;539;2018;Portero;1;90;1;7.3;0;0;0;0;20;0;0;0;0;0;0;0;0;0;0;0;0;0;0;2;6;0
3429;539;2018;Delantero;16;695;7;6.66;1;0;15;3;101;2;0;4;0;1;110;55;19;0;7;4;2;0;0;0;0;0
22259;539;2018;Mediocentro;10;533;6;6.83;0;0;8;1;234;1;80;13;7;11;67;45;10;0;2;2;3;0;0;0;0;0
47327;540;2018;Portero;38;3420;38;6.851351;0;0;0;0;687;1;66;0;0;2;12;11;4;0;1;1;2;0;0;49;119;2
47328;540;2018;Defensa;11;657;7;6.663636;0;0;2;1;333;2;0;12;7;13;59;37;2;0;0;0;0;0;0;0;0;0
47329;540;2018;Defensa;12;759;8;6.754545;1;0;5;1;228;8;0;14;4;8;90;38;7;0;24;13;1;0;0;0;0;0
47330;540;2018;Defensa;16;1366;16;7.0125;1;1;6;1;600;2;0;18;13;26;112;63;4;0;2;2;3;0;0;0;0;0
47332;540;2018;Defensa;6;520;5;6.3;0;0;1;1;244;0;0;5;2;7;41;22;2;0;1;1;0;0;0;0;0;0
47333;540;2018;Defensa;23;1949;21;6.747826;0;0;5;1;850;17;0;63;5;40;261;148;35;0;26;19;4;0;0;0;0;0
47334;540;2018;Defensa;21;1820;21;6.885714;0;0;8;2;1207;5;50;27;12;28;173;101;17;0;9;6;4;0;0;0;0;0
47335;540;2018;Defensa;27;2358;27;6.85;0;2;24;7;782;19;71;30;12;50;260;147;28;0;16;9;10;0;0;0;0;0
47336;540;2018;Mediocentro;34;2718;32;6.936363;4;2;42;16;1235;37;0;60;3;22;283;140;30;0;55;33;7;0;0;0;0;0
47337;540;2018;Mediocentro;28;2020;24;6.966666;3;1;30;7;937;29;84;32;7;26;278;143;41;0;39;33;11;0;0;0;0;0
47339;540;2018;Mediocentro;32;2003;22;6.83125;0;5;5;5;868;34;0;17;1;13;223;114;56;0;49;33;3;0;0;0;0;0
47340;540;2018;Mediocentro;20;732;6;6.745;1;0;15;6;175;13;77;15;0;2;142;69;26;0;23;12;0;0;0;0;0;0
47341;540;2018;Mediocentro;35;3116;35;6.982857;1;2;17;9;1956;23;48;73;21;36;348;172;27;0;40;29;9;0;0;0;0;0
47342;540;2018;Mediocentro;24;1258;13;6.473913;0;2;12;2;434;8;79;30;2;25;242;108;36;0;11;6;9;0;0;0;0;0
47338;540;2018;Mediocentro;4;109;1;6.575;0;0;1;0;75;0;0;3;0;3;16;9;4;0;2;1;1;0;0;0;0;0
47343;540;2018;Mediocentro;3;42;0;6.366666;0;0;2;0;17;1;83;0;1;2;16;5;0;0;2;2;1;0;0;0;0;0
47346;540;2018;Delantero;9;203;1;6.583333;1;0;2;1;31;0;69;1;0;0;32;13;3;0;0;0;2;0;0;0;0;0
47347;540;2018;Delantero;29;1484;17;6.837037;2;1;36;12;301;27;64;9;1;10;204;88;37;0;36;16;3;0;0;0;0;0
47348;540;2018;Delantero;37;3082;35;7.0;17;3;72;39;674;42;0;23;6;7;396;156;51;0;51;23;5;0;3;0;0;0
47349;540;2018;Delantero;15;348;2;6.592857;0;0;7;2;89;4;0;2;1;6;53;19;2;0;10;6;0;0;0;0;0;0
2444;540;2018;Defensa;21;1751;20;6.97619;3;1;17;5;913;13;0;48;7;22;219;123;17;0;22;12;2;0;0;0;0;0
2520;540;2018;Delantero;19;798;10;6.716666;1;2;11;6;222;14;0;13;3;5;151;62;15;0;40;20;1;0;0;0;0;0
2669;540;2018;Defensa;32;2806;31;7.01875;3;0;21;11;1611;6;42;37;25;37;237;145;29;0;12;9;7;0;0;0;0;0
13062;540;2018;Delantero;20;1236;14;6.785;2;1;29;16;369;18;0;22;0;8;170;79;22;0;32;21;3;0;1;0;0;0
47472;541;2018;Delantero;0;0;0;6.696428;0;2;21;15;387;20;0;9;1;5;222;86;33;0;42;23;0;0;0;0;0;0
730;541;2018;Portero;27;2430;27;6.762962;0;0;1;0;672;0;0;0;0;2;15;13;5;0;1;1;2;0;0;36;69;0
731;541;2018;Portero;10;900;10;6.93;0;0;0;0;236;0;0;0;0;1;5;5;2;0;0;0;1;0;0;8;23;0
732;541;2018;Portero;0;0;0;6.3;0;0;0;0;38;0;0;0;0;0;1;1;1;0;0;0;0;0;0;2;1;0
733;541;2018;Defensa;24;2106;23;7.070833;1;2;8;4;1550;30;56;40;7;26;243;128;34;0;56;34;10;0;0;0;0;0
735;541;2018;Defensa;20;1700;19;6.795;0;1;5;0;987;6;44;26;7;32;155;77;12;0;16;9;7;0;0;0;0;0
737;541;2018;Defensa;14;1180;14;6.828571;0;2;1;1;594;18;0;28;1;11;119;55;19;0;28;7;2;0;0;0;0;0
738;541;2018;Defensa;28;2476;28;7.221428;6;1;25;13;1917;9;63;41;15;37;218;138;35;0;5;3;6;0;5;0;0;0
739;541;2018;Defensa;14;1121;13;7.064285;0;2;4;0;666;17;40;25;3;20;141;78;29;0;22;11;3;0;0;0;0;0
740;541;2018;Defensa;1;45;0;6.3;0;0;0;0;8;0;0;1;0;0;7;4;0;0;0;0;1;0;0;0;0;0
741;541;2018;Defensa;5;311;4;6.775;1;0;1;1;156;0;0;6;4;7;21;11;2;0;0;0;1;1;0;0;0;0
742;541;2018;Defensa;32;2756;31;6.96875;2;0;19;4;1519;4;88;18;9;32;198;139;12;0;6;5;0;1;0;0;0;0
743;541;2018;Defensa;23;1854;21;6.922727;2;2;35;12;1106;33;82;19;2;17;184;94;20;0;49;33;6;0;0;0;0;0
744;541;2018;Mediocentro;12;381;8;6.85;1;1;7;5;163;7;0;9;0;0;79;40;14;0;34;17;0;0;0;0;0;0
745;541;2018;Mediocentro;27;1186;11;6.826923;3;2;16;7;928;27;0;29;1;6;199;103;34;0;49;34;3;0;0;0;0;0
746;541;2018;Delantero;30;1778;19;7.003333;1;4;33;18;912;32;0;12;1;14;164;78;21;0;60;41;3;0;0;0;0;0
747;541;2018;Mediocentro;29;2315;27;7.093103;3;0;29;9;1618;14;49;86;12;41;408;235;49;0;21;17;6;0;0;0;0;0
748;541;2018;Mediocentro;23;1246;13;6.93913;3;0;12;5;1015;24;40;32;1;15;194;95;40;0;32;14;3;0;0;0;0;0
752;541;2018;Mediocentro;28;2227;26;7.414285;0;4;30;9;1932;64;92;35;4;14;233;140;55;0;17;14;2;0;0;0;0;0
753;541;2018;Mediocentro;7;540;6;7.042857;0;0;1;1;375;4;49;16;0;7;68;32;7;0;8;7;1;0;0;0;0;0
754;541;2018;Mediocentro;34;2618;31;7.1;3;6;26;12;1891;54;49;49;3;31;306;161;46;0;83;54;6;0;0;0;0;0
756;541;2018;Mediocentro;16;650;6;6.8;0;0;4;1;373;10;0;12;2;21;69;36;2;0;17;13;4;0;0;0;0;0
757;541;2018;Defensa;31;1500;15;6.829032;1;3;18;11;875;30;0;43;1;12;265;121;38;0;58;33;5;0;0;0;0;0
758;541;2018;Delantero;29;1793;21;7.065517;8;3;76;32;540;19;77;8;3;11;203;98;21;0;44;24;4;0;1;0;0;0
759;541;2018;Delantero;36;2963;35;7.35;21;6;85;46;1183;48;0;24;1;8;299;136;22;0;74;47;1;0;3;0;0;0
760;541;2018;Delantero;13;438;3;6.85;3;0;23;8;69;5;73;1;0;0;45;18;4;0;4;1;2;0;0;0;0;0
761;541;2018;Delantero;1;44;0;6.3;0;0;0;0;10;1;0;1;0;1;6;1;0;0;2;0;0;0;0;0;0;0
762;541;2018;Delantero;18;864;9;6.95625;2;0;31;17;285;15;0;10;1;7;152;73;21;0;70;41;0;0;0;0;0;0
47283;542;2018;Mediocentro;18;1457;17;6.76923;3;2;9;3;175;17;72;3;1;2;55;21;3;0;16;6;0;0;0;0;0;0
47352;542;2018;Portero;35;3150;35;6.888571;0;0;0;0;956;3;0;0;0;1;14;12;4;0;0;0;3;0;0;46;112;0
47353;542;2018;Portero;3;270;3;6.466666;0;0;0;0;88;1;0;0;0;0;2;2;0;0;0;0;0;0;0;4;9;0
47354;542;2018;Defensa;27;2033;23;6.66923;0;0;1;0;720;8;0;45;11;26;210;118;28;0;39;26;5;0;0;0;0;0
47355;542;2018;Defensa;33;2777;33;6.763636;0;0;19;8;920;26;0;72;12;57;310;189;61;0;10;5;10;1;0;0;0;0
47356;542;2018;Defensa;5;431;5;6.74;0;0;2;1;160;2;0;8;7;7;51;36;2;0;0;0;1;0;0;0;0;0
47357;542;2018;Defensa;36;3240;36;6.836111;1;2;17;4;893;7;67;33;19;54;247;139;14;0;0;0;12;0;0;0;0;0
47358;542;2018;Defensa;6;286;2;6.366666;0;0;2;0;82;0;0;13;0;7;39;21;3;0;5;1;2;0;0;0;0;0
47359;542;2018;Defensa;8;647;7;6.4875;0;0;1;0;154;5;0;15;1;6;66;35;4;0;6;3;1;0;0;0;0;0
47360;542;2018;Defensa;31;2532;28;6.933333;2;2;7;3;823;11;0;57;11;47;246;154;37;0;21;15;7;0;0;0;0;0
47361;542;2018;Mediocentro;24;1580;17;6.582608;0;1;3;1;619;9;0;32;4;13;188;90;15;0;16;12;5;0;0;0;0;0
47362;542;2018;Mediocentro;16;548;5;6.65625;1;0;8;2;157;12;81;6;0;0;60;36;20;0;13;6;1;0;0;0;0;0
47363;542;2018;Mediocentro;34;2325;25;6.7;1;1;28;6;693;12;71;48;7;23;464;251;53;0;19;13;6;0;0;0;0;0
47365;542;2018;Mediocentro;28;2343;27;6.842857;2;0;12;3;873;23;82;41;4;41;344;182;51;0;16;10;13;0;0;0;0;0
47366;542;2018;Mediocentro;36;2985;34;7.022222;5;10;55;23;508;87;64;13;0;22;344;118;31;0;138;62;3;0;0;0;0;0
47367;542;2018;Mediocentro;2;14;0;6.5;0;0;0;0;6;0;0;1;0;0;4;2;0;0;1;1;0;0;0;0;0;0
47368;542;2018;Delantero;34;2878;33;7.067647;9;2;59;20;689;31;0;20;7;7;747;328;70;0;67;41;6;0;2;0;0;0
47370;542;2018;Delantero;27;1445;18;6.568;5;1;30;10;314;8;0;16;5;4;265;82;13;0;9;5;4;0;0;0;0;0
47371;542;2018;Delantero;22;620;6;6.6;2;1;9;5;143;9;0;4;0;1;71;25;4;0;4;1;2;0;0;0;0;0
47373;542;2018;Delantero;9;295;3;6.6875;0;0;8;2;65;2;64;4;0;1;58;31;9;0;11;7;1;0;0;0;0;0
47374;542;2018;Delantero;11;159;0;6.47;0;0;3;2;55;2;0;3;0;1;33;10;1;0;3;1;2;0;0;0;0;0
47564;542;2018;Defensa;0;0;0;0.0;0;0;0;0;0;0;0;0;0;0;0;0;0;0;0;0;0;0;0;0;0;0
2553;542;2018;Defensa;23;2008;22;7.160869;2;2;11;4;708;3;0;46;19;40;220;152;9;0;4;2;5;0;0;0;0;0
2600;542;2018;Mediocentro;12;834;10;6.725;2;0;10;5;226;4;0;9;0;4;84;43;16;0;23;14;0;0;0;0;0;0
937;542;2018;Delantero;20;962;10;6.595;3;1;17;6;234;9;0;16;1;2;178;67;13;0;28;16;2;0;0;0;0;0
3426;542;2018;Mediocentro;29;1664;18;6.727586;1;1;31;6;491;8;75;30;9;16;235;114;31;0;28;19;9;0;0;0;0;0
46720;542;2018;Mediocentro;2;71;1;6.3;0;0;0;0;15;0;0;2;0;2;9;3;1;0;0;0;1;0;0;0;0;0
47361;543;2018;Mediocentro;0;0;0;6.582608;0;1;3;1;619;9;0;32;4;13;188;90;15;0;16;12;0;0;0;0;0;0
47436;543;2018;Mediocentro;9;540;6;6.90909;0;2;10;5;346;17;0;14;1;3;91;43;9;0;18;13;1;0;0;0;0;0
2522;543;2018;Delantero;15;808;8;6.6;2;0;11;3;137;1;0;8;2;3;94;46;13;0;5;4;2;0;1;0;0;0
2600;543;2018;Mediocentro;8;377;5;6.725;0;0;10;5;226;4;0;9;0;4;84;43;16;0;23;14;0;0;0;0;0;0
1557;543;2018;Portero;33;2970;33;6.781818;0;0;0;0;1071;0;0;0;0;2;14;12;5;0;0;0;3;0;0;47;87;3
1558;543;2018;Portero;5;450;5;7.0;0;0;0;0;163;0;0;1;0;0;3;2;0;0;1;0;0;0;0;5;16;3
1560;543;2018;Defensa;14;937;12;6.592307;0;0;2;0;450;9;86;8;4;5;88;36;9;0;9;3;4;0;0;0;0;0
1561;543;2018;Defensa;33;2930;33;6.948484;1;0;6;4;2266;4;60;86;21;60;346;212;39;0;22;13;3;0;0;0;0;0
1562;543;2018;Defensa;24;1742;20;6.865217;1;0;7;2;1243;2;48;48;8;41;175;109;17;0;15;12;4;0;0;0;0;0
1563;543;2018;Defensa;21;1702;19;7.05238;1;1;16;4;1096;7;85;23;8;31;214;136;9;0;23;18;7;0;0;0;0;0
1564;543;2018;Defensa;24;1937;22;6.875;3;4;15;7;934;20;0;38;2;23;224;129;26;0;45;31;7;0;0;0;0;0
1566;543;2018;Defensa;6;317;4;6.7;0;0;1;1;146;4;0;9;0;7;44;26;14;0;3;0;1;0;0;0;0;0
1567;543;2018;Defensa;35;3060;34;7.037142;1;1;6;3;2577;16;68;52;23;41;252;134;22;0;9;7;10;0;0;0;0;0
1570;543;2018;Mediocentro;32;2658;30;7.178125;7;2;45;25;1736;56;47;44;3;9;321;158;50;0;78;58;7;0;2;0;0;0
1571;543;2018;Mediocentro;13;520;6;6.636363;0;0;0;0;416;0;76;1;1;5;50;25;5;0;4;3;0;1;0;0;0;0
1573;543;2018;Mediocentro;31;2339;27;6.732258;0;4;19;5;1592;31;45;24;1;28;241;101;38;0;35;24;8;0;0;0;0;0
1574;543;2018;Defensa;22;1790;22;6.75909;0;1;10;3;638;14;80;28;1;21;195;113;39;0;31;15;1;0;0;0;0;0
1576;543;2018;Mediocentro;10;776;9;6.6;0;0;3;1;278;2;84;6;1;10;96;53;12;0;27;19;2;0;0;0;0;0
1577;543;2018;Mediocentro;12;347;3;6.6;0;1;4;2;123;7;0;4;0;1;70;38;18;0;33;16;2;0;0;0;0;0
1578;543;2018;Mediocentro;32;2400;27;7.165625;9;4;44;29;1424;30;0;52;1;17;376;198;67;0;103;63;5;0;2;0;0;0
1579;543;2018;Mediocentro;30;1692;17;7.106896;6;0;23;12;693;45;83;3;2;10;170;100;31;0;64;47;5;0;0;0;0;0
1580;543;2018;Mediocentro;30;2387;26;6.913333;0;5;8;2;1904;18;56;45;0;12;266;163;35;0;58;43;7;0;0;0;0;0
1583;543;2018;Delantero;16;633;6;6.4625;0;1;13;2;78;6;76;2;0;2;86;26;15;0;12;4;1;0;0;0;0;0
1584;543;2018;Delantero;33;1958;22;6.74375;6;0;50;28;337;11;0;18;1;6;275;103;47;0;44;15;3;0;0;0;0;0
1585;543;2018;Delantero;14;781;9;6.585714;2;0;15;10;193;7;0;7;0;1;74;26;4;0;22;12;2;0;0;0;0;0
1586;543;2018;Delantero;29;1559;13;7.0;4;6;29;18;778;28;0;32;0;16;147;74;12;0;52;26;4;0;0;0;0;0
47376;545;2018;Portero;14;1260;14;6.507142;0;0;0;0;180;0;51;1;0;0;6;3;0;0;0;0;1;0;0;20;27;0
47377;545;2018;Defensa;25;1950;22;6.783333;1;2;11;1;1116;4;0;31;5;46;170;99;5;0;6;4;5;0;0;0;0;0
47378;545;2018;Defensa;10;585;7;6.55;0;1;3;0;296;1;0;4;2;8;42;23;4;0;1;0;1;0;0;0;0;0
47379;545;2018;Defensa;1;0;0;0.0;0;0;0;0;0;0;0;0;0;0;0;0;0;0;0;0;0;0;0;0;0;0
47380;545;2018;Defensa;31;2356;26;6.674193;1;2;15;2;848;33;0;49;3;20;288;122;16;0;40;17;6;0;0;0;0;0
47382;545;2018;Defensa;21;1682;20;6.905;0;0;16;3;602;1;78;13;5;18;133;94;9;0;4;4;4;0;0;0;0;0
47383;545;2018;Defensa;28;2243;24;6.757142;0;0;8;2;1010;1;0;49;10;36;218;137;12;0;2;1;4;0;0;0;0;0
47384;545;2018;Defensa;35;3034;34;7.094285;1;1;15;4;1488;58;0;66;5;41;291;177;17;0;61;45;9;0;0;0;0;0
47385;545;2018;Mediocentro;19;1065;12;6.772222;0;0;2;0;498;2;0;34;4;17;132;76;6;0;2;1;1;0;0;0;0;0
47386;545;2018;Mediocentro;24;1515;16;6.623809;2;0;10;8;641;22;0;32;0;13;174;78;11;0;18;8;3;1;0;0;0;0
47387;545;2018;Mediocentro;28;2356;27;6.862962;1;1;36;5;794;10;71;38;1;35;392;220;42;0;21;17;11;0;0;0;0;0
47388;545;2018;Mediocentro;32;1782;18;6.684375;4;1;16;10;756;9;0;49;2;21;281;135;18;0;30;23;6;0;0;0;0;0
47389;545;2018;Mediocentro;36;2878;32;7.222222;4;4;44;17;1684;69;0;63;4;32;391;197;37;0;63;47;10;0;0;0;0;0
47390;545;2018;Delantero;33;2738;31;6.646875;3;5;74;24;863;47;76;20;0;18;490;201;57;0;164;77;4;0;1;0;0;0
47391;545;2018;Defensa;31;2674;30;7.025806;1;2;15;4;1349;45;0;63;9;35;317;181;34;0;94;63;3;0;0;0;0;0
47392;545;2018;Mediocentro;9;425;5;6.655555;1;0;7;2;122;5;0;7;0;4;53;25;5;0;5;1;0;0;0;0;0;0
47393;545;2018;Delantero;17;597;6;6.5625;3;1;13;8;165;5;0;7;0;1;102;41;12;0;23;6;1;0;0;0;0;0
47394;545;2018;Delantero;34;1734;17;6.972727;14;1;61;29;366;15;71;5;1;4;314;129;29;0;6;1;4;0;6;0;0;0
47395;545;2018;Delantero;35;2592;30;6.894285;7;4;57;16;925;28;0;27;1;6;587;239;31;0;14;10;4;0;0;0;0;0
47396;545;2018;Delantero;30;1295;15;6.675862;3;0;40;16;394;14;0;7;0;4;278;113;25;0;14;6;0;0;0;0;0;0
47397;545;2018;Mediocentro;2;67;0;6.45;0;0;1;0;40;0;0;0;0;1;8;2;1;0;0;0;0;0;0;0;0;0
47398;545;2018;Mediocentro;5;344;5;6.38;0;0;2;0;114;3;0;7;1;2;60;22;5;0;5;3;0;0;0;0;0;0
47476;545;2018;Portero;0;0;0;0.0;0;0;0;0;0;0;0;0;0;0;0;0;0;0;0;0;0;0;0;0;0;0
47490;545;2018;Mediocentro;3;180;2;6.6;0;1;4;1;47;6;0;1;0;0;31;14;5;0;10;6;0;0;0;0;0;0
47534;545;2018;Defensa;0;0;0;6.71875;0;0;7;3;523;3;79;28;2;42;149;83;11;0;2;1;0;0;0;0;0;0
47553;545;2018;Delantero;2;62;1;6.6;0;0;2;2;23;1;0;0;0;1;6;1;1;0;2;0;0;0;0;0;0;0
2813;545;2018;Portero;24;2160;24;6.633333;0;0;0;0;692;0;0;0;0;2;10;7;0;0;0;0;3;0;0;30;56;1
47246;546;2018;Portero;1;90;1;6.2;0;0;0;0;24;0;0;0;0;0;1;1;1;0;0;0;0;0;0;1;0;1
47247;546;2018;Portero;37;3330;37;6.935135;0;0;0;0;1037;2;0;1;0;1;17;14;2;0;1;1;0;0;0;34;102;1
47249;546;2018;Defensa;32;2794;31;6.9125;2;0;18;7;960;7;0;47;16;52;346;221;14;0;5;2;10;0;0;0;0;0
47250;546;2018;Defensa;34;2981;34;6.77647;0;0;9;1;974;5;0;54;11;74;336;187;30;0;19;16;12;1;0;0;0;0
47252;546;2018;Defensa;23;1697;18;6.772727;0;1;7;1;354;3;67;10;6;22;169;90;13;0;3;3;6;0;0;0;0;0
47255;546;2018;Defensa;28;2182;25;6.928571;1;3;23;6;789;33;0;41;7;43;218;104;20;0;34;22;5;0;0;0;0;0
47257;546;2018;Defensa;36;3240;36;6.875;0;3;9;1;1323;62;0;96;6;46;412;205;55;0;44;23;13;0;0;0;0;0
47258;546;2018;Mediocentro;33;2687;32;6.693939;1;2;23;9;739;18;0;59;9;30;402;203;57;0;50;34;8;0;0;0;0;0
47262;546;2018;Mediocentro;32;1991;19;6.565625;1;4;7;5;749;24;0;26;0;17;269;105;36;0;73;39;3;1;0;0;0;0
47260;546;2018;Mediocentro;15;441;4;6.6;0;2;1;1;143;7;0;15;0;8;94;42;17;0;10;3;3;0;0;0;0;0
47265;546;2018;Delantero;38;2650;28;7.105405;14;5;56;24;477;44;66;9;0;7;463;180;44;0;65;34;2;0;2;0;0;0
47266;546;2018;Delantero;37;1819;20;6.785714;8;3;50;21;317;20;0;16;1;8;255;88;35;0;26;11;4;0;0;0;0;0
47259;546;2018;Mediocentro;3;50;0;6.5;0;0;0;0;13;0;0;2;0;1;9;3;0;0;1;0;0;0;0;0;0;0
47251;546;2018;Defensa;25;1809;23;6.512;3;2;9;4;398;15;0;29;2;20;287;104;25;0;56;26;7;0;0;0;0;0
47253;546;2018;Defensa;7;314;4;6.8;0;0;0;0;91;0;0;1;4;5;25;11;1;0;2;2;1;0;0;0;0;0
47254;546;2018;Defensa;14;1011;12;6.571428;0;1;3;3;315;7;0;24;2;10;197;99;23;0;23;10;5;0;0;0;0;0
47261;546;2018;Mediocentro;10;449;4;6.444444;0;0;0;0;87;1;67;4;1;5;52;29;6;0;1;0;5;0;0;0;0;0
47263;546;2018;Mediocentro;10;299;2;6.6;1;0;6;4;132;3;0;4;0;0;48;24;3;0;24;15;2;0;0;0;0;0
47264;546;2018;Delantero;11;415;5;6.736363;0;0;4;1;59;2;0;6;1;3;67;36;17;0;11;5;0;0;0;0;0;0
104793;546;2018;Delantero;15;1011;13;6.4;1;2;10;6;195;10;0;20;0;10;192;73;21;0;45;20;4;0;0;0;0;0
47495;546;2018;Delantero;3;27;0;6.5;0;0;1;0;11;0;0;1;0;0;10;3;2;0;4;0;0;0;0;0;0;0
2604;546;2018;Mediocentro;7;390;5;6.557142;0;0;4;1;116;3;0;7;0;3;44;18;3;0;7;4;0;0;0;0;0;0
2671;546;2018;Delantero;34;2436;27;6.991176;14;6;49;25;649;19;0;30;0;17;443;190;52;0;34;12;10;0;4;0;0;0
2824;546;2018;Mediocentro;36;3211;36;6.744444;1;0;24;7;769;12;0;77;15;71;350;181;11;0;20;10;5;0;0;0;0;0
46659;546;2018;Mediocentro;7;69;0;6.56;0;0;2;2;19;0;0;2;0;0;15;10;5;0;5;3;1;0;0;0;0;0
46824;546;2018;Mediocentro;4;147;2;5.5;0;0;0;0;32;1;0;2;0;0;42;16;7;0;10;4;2;1;0;0;0;0
47501;547;2018;Portero;7;558;6;7.071428;0;0;0;0;113;0;57;0;0;1;6;5;0;0;1;1;0;0;0;10;31;0
47504;547;2018;Defensa;25;1865;20;6.965217;1;1;12;3;863;5;0;32;18;36;214;133;13;0;5;4;9;0;0;0;0;0
47505;547;2018;Defensa;31;2729;31;6.909677;1;1;15;6;1392;9;0;20;31;40;269;159;6;0;3;3;4;0;0;0;0;0
47506;547;2018;Defensa;10;854;10;6.9;0;1;5;1;246;6;71;12;4;11;97;54;9;0;13;9;1;0;0;0;0;0
47508;547;2018;Defensa;19;1403;15;6.873684;0;0;6;1;765;6;0;49;6;37;179;109;20;0;12;11;6;0;0;0;0;0
47509;547;2018;Defensa;7;418;4;6.7;0;1;1;0;131;2;72;6;0;4;43;21;2;0;3;1;3;0;0;0;0;0
47510;547;2018;Defensa;22;1620;18;6.663636;1;0;7;2;602;2;78;6;11;16;113;53;11;0;11;4;4;0;0;0;0;0
47511;547;2018;Defensa;33;2767;31;6.81875;0;0;18;6;1548;5;0;48;15;57;292;174;10;0;12;10;8;0;0;0;0;0
47513;547;2018;Defensa;10;647;8;6.66;0;2;9;3;177;13;82;8;0;7;41;25;8;0;9;6;2;0;0;0;0;0
47514;547;2018;Defensa;17;885;10;6.547058;0;1;1;1;279;3;0;20;1;8;106;62;15;0;26;19;2;0;0;0;0;0
47515;547;2018;Mediocentro;33;2637;30;7.066666;1;3;32;14;1067;37;81;27;2;38;345;199;103;0;61;37;0;1;0;0;0;0
47516;547;2018;Mediocentro;31;1666;20;6.826666;2;1;13;5;1073;29;0;37;6;21;177;85;19;0;23;13;1;0;0;0;0;0
47517;547;2018;Mediocentro;32;2391;26;7.053125;0;4;39;7;994;51;75;28;5;35;313;163;48;0;31;21;5;0;0;0;0;0
47518;547;2018;Mediocentro;34;2797;32;6.585294;1;2;17;7;1184;17;0;83;12;35;456;207;49;0;53;27;4;0;0;0;0;0
47519;547;2018;Defensa;32;2214;25;6.6875;0;4;17;6;865;26;0;51;2;39;286;134;35;0;58;30;4;0;0;0;0;0
47520;547;2018;Delantero;34;2833;33;6.791176;9;2;33;19;621;34;0;33;1;8;371;131;42;0;70;32;3;0;1;0;0;0
47521;547;2018;Mediocentro;19;594;6;6.47647;0;0;7;5;174;8;0;7;0;3;99;44;9;0;49;27;0;0;0;0;0;0
47522;547;2018;Mediocentro;23;1487;16;6.67826;0;0;10;0;728;10;0;34;7;21;224;113;30;0;25;23;7;0;0;0;0;0
47523;547;2018;Delantero;5;79;1;6.34;0;0;3;1;22;3;0;3;0;1;33;13;2;0;10;6;1;0;0;0;0;0
47524;547;2018;Delantero;17;535;5;6.6;2;0;15;9;50;1;60;1;0;3;95;27;5;0;17;12;2;0;0;0;0;0
47525;547;2018;Delantero;20;724;7;6.465;0;0;19;11;180;4;0;6;1;0;148;45;10;0;14;5;4;1;0;0;0;0
2617;547;2018;Delantero;32;2731;30;7.18125;19;0;67;39;503;14;0;23;1;4;487;225;74;0;29;14;9;0;5;0;0;0
2701;547;2018;Portero;32;2862;32;6.96875;0;0;1;0;849;0;0;0;0;1;12;9;3;0;1;1;2;0;0;43;125;0
64268;547;2018;Defensa;1;19;0;6.7;0;0;0;0;6;0;0;1;0;0;2;2;1;0;0;0;0;0;0;0;0;0
2909;547;2018;Mediocentro;3;57;0;6.2;0;0;0;0;20;0;0;0;0;3;9;3;2;0;1;0;0;0;0;0;0;0
47010;547;2018;Mediocentro;2;164;2;6.8;0;0;2;0;87;0;0;2;1;3;16;10;1;0;0;0;0;0;0;0;0;0
47295;548;2018;Portero;11;990;11;6.736363;0;0;0;0;257;0;78;1;0;1;8;7;1;0;1;1;1;0;0;11;22;0
47296;548;2018;Portero;27;2430;27;6.796296;0;0;0;0;983;1;0;2;0;1;22;17;3;0;0;0;3;0;0;35;77;1
47298;548;2018;Defensa;27;2253;24;6.914814;1;0;9;5;1108;9;0;46;7;39;234;153;27;0;19;16;5;0;0;0;0;0
47299;548;2018;Defensa;7;456;6;6.714285;0;0;2;0;210;4;0;16;1;4;56;28;5;0;7;1;0;0;0;0;0;0
47300;548;2018;Defensa;24;1977;22;6.783333;1;2;19;5;909;18;0;54;5;33;315;188;70;0;83;42;5;1;0;0;0;0
47301;548;2018;Defensa;4;283;3;6.75;0;1;1;0;220;2;48;5;0;4;23;16;2;0;1;1;1;0;0;0;0;0
47302;548;2018;Defensa;21;1754;20;6.9;0;0;6;1;1098;2;44;26;15;26;175;98;13;0;4;2;5;0;0;0;0;0
47303;548;2018;Defensa;11;954;11;6.727272;0;0;1;0;399;7;0;13;9;7;105;54;6;0;31;20;0;0;0;0;0;0
47304;548;2018;Defensa;7;482;5;6.833333;0;0;2;1;181;6;0;21;3;8;79;42;6;0;13;9;1;0;0;0;0;0
47306;548;2018;Mediocentro;1;90;1;7.3;0;0;2;1;52;1;42;4;0;1;18;10;2;0;7;4;0;0;0;0;0;0
47307;548;2018;Defensa;26;2142;25;6.815384;1;2;5;2;899;14;0;36;3;38;270;166;64;0;37;20;7;0;0;0;0;0
47309;548;2018;Mediocentro;1;90;1;7.0;0;0;3;0;42;1;41;3;0;1;15;8;1;0;3;3;0;0;0;0;0;0
47310;548;2018;Mediocentro;23;1822;20;6.926086;1;1;14;4;1051;11;83;24;9;31;236;109;35;0;10;7;8;0;0;0;0;0
47311;548;2018;Mediocentro;29;2060;24;6.75862;3;3;20;10;1089;13;0;50;2;29;406;199;37;0;42;29;9;0;0;0;0;0
47312;548;2018;Mediocentro;24;1373;16;6.975;1;2;11;4;805;38;0;11;6;21;95;38;10;0;13;8;3;0;0;0;0;0
47313;548;2018;Mediocentro;18;1000;12;6.664705;1;3;10;5;361;11;0;19;1;5;134;61;17;0;23;16;0;0;0;0;0;0
47314;548;2018;Defensa;33;2551;29;6.766666;0;1;10;4;1200;8;0;61;6;45;324;171;13;0;44;38;7;0;0;0;0;0
47315;548;2018;Mediocentro;1;6;0;6.9;0;0;0;0;4;1;0;1;0;0;2;1;0;0;0;0;0;0;0;0;0;0
47316;548;2018;Mediocentro;21;1222;13;6.719047;2;0;10;2;487;10;74;16;4;24;199;102;36;0;11;5;2;0;0;0;0;0
47318;548;2018;Delantero;18;585;4;6.706666;1;0;17;5;136;4;0;5;1;5;162;71;9;0;8;5;1;0;0;0;0;0
47319;548;2018;Delantero;31;2374;28;7.025806;11;5;46;26;755;37;0;5;5;1;242;97;31;0;30;19;5;1;5;0;0;0
47320;548;2018;Delantero;30;1520;16;6.725;5;2;35;21;359;10;0;21;0;16;190;83;27;0;19;16;4;0;0;0;0;0
47322;548;2018;Mediocentro;1;5;0;0.0;0;0;0;0;0;0;0;0;0;0;1;0;0;0;1;0;0;0;0;0;0;0
47323;548;2018;Delantero;37;3160;36;6.862162;13;2;50;28;924;47;0;36;3;14;421;164;38;0;95;47;2;0;3;0;0;0
47324;548;2018;Delantero;24;1048;10;6.720833;0;0;33;12;342;19;0;19;1;9;134;64;24;0;32;12;4;0;0;0;0;0
47317;548;2018;Delantero;9;399;5;6.644444;1;0;3;1;105;7;0;7;0;4;80;34;6;0;32;19;0;0;0;0;0;0
47321;548;2018;Mediocentro;1;28;0;6.2;0;0;0;0;3;0;0;0;0;1;4;1;0;0;0;0;0;0;0;0;0;0
2874;548;2018;Defensa;25;1929;21;6.847826;1;0;4;1;1192;4;44;16;19;31;121;68;13;0;4;2;2;0;0;0;0;0
2924;548;2018;Mediocentro;20;1252;13;6.905;1;3;22;6;431;31;0;11;0;6;243;114;35;0;105;65;1;0;0;0;0;0
104792;720;2018;Delantero;1;64;1;6.3;0;0;0;0;10;0;0;1;0;0;22;11;2;0;1;0;0;0;0;0;0;0
47474;720;2018;Portero;35;3150;35;6.82647;0;0;0;0;422;1;46;1;0;1;8;6;1;0;0;0;1;0;0;44;99;3
47476;720;2018;Portero;3;270;3;0.0;0;0;0;0;0;0;0;0;0;0;0;0;0;0;0;0;0;0;0;0;0;0
47478;720;2018;Defensa;36;3130;35;6.788888;1;0;8;2;1450;5;0;51;31;55;286;144;12;0;12;12;7;0;0;0;0;0
47479;720;2018;Defensa;3;270;3;6.6;0;0;2;0;74;3;0;7;1;3;25;15;3;0;2;2;1;0;0;0;0;0
47481;720;2018;Defensa;35;3150;35;7.02;1;3;12;6;1378;43;0;110;10;45;303;188;36;0;23;13;10;0;0;0;0;0
47482;720;2018;Defensa;27;2107;25;6.66923;0;0;5;2;714;10;0;25;9;25;150;80;22;0;9;8;3;0;0;0;0;0
47483;720;2018;Defensa;35;3102;35;6.8;0;0;5;1;1349;4;0;51;18;46;281;170;37;0;19;19;6;0;0;0;0;0
47484;720;2018;Defensa;30;1853;18;6.523333;2;1;6;2;650;23;0;35;8;18;192;81;12;0;40;22;5;0;0;0;0;0
47485;720;2018;Mediocentro;34;2978;34;6.955882;3;2;34;11;1712;21;42;96;10;38;514;277;109;0;30;23;13;0;0;0;0;0
47486;720;2018;Mediocentro;19;837;10;6.582352;0;0;5;1;299;1;62;12;2;14;113;61;6;0;1;1;4;0;0;0;0;0
47487;720;2018;Defensa;13;836;9;6.692307;1;0;7;2;308;1;0;16;7;17;98;61;8;0;0;0;2;0;0;0;0;0
47488;720;2018;Delantero;26;1544;20;6.632;2;1;20;11;287;13;70;17;1;12;221;96;21;0;50;28;3;0;0;0;0;0
47489;720;2018;Mediocentro;35;2553;27;6.952941;1;2;18;5;1604;54;0;60;4;43;301;125;22;0;29;21;9;0;0;0;0;0
47490;720;2018;Mediocentro;3;161;2;6.6;0;1;4;1;47;6;0;1;0;0;31;14;5;0;10;6;1;0;0;0;0;0
47492;720;2018;Delantero;26;1774;21;6.688461;2;2;26;14;551;24;0;51;0;12;315;149;41;0;86;54;3;0;0;0;0;0
47493;720;2018;Delantero;18;678;6;6.511764;0;0;12;5;169;10;0;5;3;3;86;28;8;0;7;1;2;0;0;0;0;0
47494;720;2018;Delantero;2;10;0;7.0;0;0;2;1;6;0;0;0;0;1;5;2;1;0;0;0;0;0;0;0;0;0
47495;720;2018;Delantero;17;1516;17;6.5;3;0;1;0;11;0;0;1;0;0;10;3;2;0;4;0;0;0;0;0;0;0
47496;720;2018;Delantero;33;2697;30;6.784848;3;4;37;14;771;31;0;63;3;22;403;189;66;0;42;26;8;0;0;0;0;0
47497;720;2018;Delantero;2;36;0;6.45;0;0;0;0;6;0;0;0;0;0;8;3;3;0;0;0;0;0;0;0;0;0
47498;720;2018;Delantero;8;493;5;6.7625;1;0;11;7;130;6;0;4;0;1;44;15;2;0;12;7;1;0;0;0;0;0
47499;720;2018;Delantero;33;2152;24;6.74375;6;3;38;16;524;19;0;17;4;2;435;173;39;0;38;18;7;0;3;0;0;0
47500;720;2018;Delantero;22;642;4;6.640909;2;0;20;9;232;12;0;6;0;7;65;27;11;0;21;9;1;0;1;0;0;0
2717;720;2018;Mediocentro;19;1080;12;6.623529;1;0;8;4;395;2;0;33;1;11;158;78;15;0;6;4;6;0;0;0;0;0
3365;720;2018;Mediocentro;1;2;0;6.7;0;0;0;0;2;0;0;0;0;1;1;1;1;0;0;0;0;0;0;0;0;0
46744;720;2018;Mediocentro;12;518;7;6.636363;2;0;6;3;148;2;0;3;1;1;45;18;9;0;8;4;0;0;0;0;0;0
46892;720;2018;Mediocentro;3;17;0;6.233333;0;0;1;0;11;0;0;0;0;0;5;0;0;0;1;0;0;0;0;0;0;0
41173;726;2018;Defensa;11;848;9;6.618181;0;0;5;0;360;1;0;20;9;16;108;62;6;0;8;3;4;0;0;0;0;0
2446;726;2018;Mediocentro;14;672;8;6.685714;2;2;8;3;217;9;0;16;0;6;106;47;15;0;19;8;2;0;1;0;0;0
2449;726;2018;Mediocentro;16;1158;14;6.59375;0;0;10;2;433;4;0;48;1;14;221;117;23;0;29;15;5;0;0;0;0;0
47558;726;2018;Portero;12;1080;12;6.4;0;0;0;0;309;0;0;0;0;1;5;4;2;0;0;0;1;0;0;19;28;0
47559;726;2018;Portero;20;1800;20;6.91;0;0;0;0;273;1;49;0;0;1;3;3;3;0;0;0;1;0;0;30;69;0
47561;726;2018;Defensa;13;1024;12;6.653846;0;0;4;1;348;3;0;28;2;22;121;68;13;0;14;8;2;0;0;0;0;0
47563;726;2018;Defensa;7;508;6;6.516666;0;0;3;1;169;3;72;10;1;16;52;27;8;0;7;5;4;0;0;0;0;0
47564;726;2018;Defensa;9;749;8;0.0;0;0;0;0;0;0;0;0;0;0;0;0;0;0;0;0;3;0;0;0;0;0
47565;726;2018;Defensa;31;2678;30;6.748387;4;0;24;8;663;3;73;23;25;39;250;138;12;0;2;1;11;0;0;0;0;0
47566;726;2018;Defensa;16;1440;16;6.81875;0;2;2;0;396;17;0;61;1;19;224;129;22;0;51;29;7;0;0;0;0;0
47567;726;2018;Defensa;9;698;6;6.855555;2;0;5;3;180;0;78;9;3;22;93;61;16;0;0;0;2;0;0;0;0;0
47568;726;2018;Defensa;30;2496;30;6.946666;1;0;7;4;983;27;0;72;11;44;249;149;13;0;52;34;5;0;0;0;0;0
47569;726;2018;Defensa;32;2790;32;6.80625;3;3;17;7;921;12;0;63;18;49;304;169;32;0;11;5;9;2;0;0;0;0
47571;726;2018;Mediocentro;6;345;4;6.633333;0;0;3;1;164;0;88;2;2;4;25;13;6;0;1;1;1;0;0;0;0;0
47572;726;2018;Mediocentro;3;34;0;6.5;0;0;3;2;12;2;53;1;0;0;10;4;0;0;2;2;0;0;0;0;0;0
47573;726;2018;Mediocentro;35;2274;23;6.81875;1;3;22;13;739;51;0;36;1;24;272;104;36;0;39;25;5;0;0;0;0;0
47574;726;2018;Mediocentro;36;3061;35;6.855555;2;7;17;8;1420;51;0;42;3;28;290;121;25;0;56;33;3;0;0;0;0;0
47577;726;2018;Mediocentro;24;1689;20;6.658333;0;0;11;2;775;8;0;52;11;33;228;117;17;0;2;1;11;0;0;0;0;0
47576;726;2018;Mediocentro;22;1344;14;6.625;2;1;19;7;716;22;0;26;4;2;197;80;17;0;29;13;3;0;1;0;0;0
47580;726;2018;Delantero;25;1002;10;6.795652;4;1;19;10;407;29;0;15;1;9;121;53;16;0;46;19;2;0;1;0;0;0
47579;726;2018;Delantero;34;1995;20;6.917647;10;2;66;24;523;23;0;18;2;13;329;154;46;0;46;22;11;0;1;0;0;0
47582;726;2018;Delantero;34;2155;25;6.855882;4;3;68;24;544;32;0;22;2;9;393;157;40;0;75;37;6;0;2;0;0;0
47578;726;2018;Mediocentro;22;1694;19;6.781818;2;0;11;7;682;12;0;38;4;31;179;90;11;0;25;18;2;0;0;0;0;0
47581;726;2018;Delantero;19;1541;17;6.926315;5;1;28;13;374;15;0;21;2;8;367;160;29;0;40;14;4;0;0;0;0;0
90646;726;2018;Defensa;10;779;10;6.66;0;0;2;1;246;1;0;23;0;12;100;53;4;0;1;1;4;0;0;0;0;0
31626;726;2018;Delantero;15;551;6;6.553333;1;2;9;4;81;6;0;4;0;1;119;39;7;0;16;8;4;0;0;0;0;0
50180;726;2018;Mediocentro;13;478;5;6.392307;0;1;2;2;146;6;0;5;0;1;79;28;11;0;14;7;2;0;0;0;0;0
1042;726;2018;Mediocentro;4;117;1;6.7;0;0;0;0;71;1;63;3;0;1;13;7;2;0;0;0;0;0;0;0;0;0
46812;726;2018;Portero;6;540;6;6.166666;0;0;0;0;162;0;0;0;0;0;1;0;0;0;0;0;0;0;0;16;17;0
46814;726;2018;Defensa;1;66;0;6.2;0;0;0;0;10;0;66;0;0;0;3;3;1;0;0;0;0;0;0;0;0;0
2419;728;2018;Defensa;28;2391;27;6.771428;1;3;13;5;939;17;0;52;2;19;298;161;46;0;53;39;4;0;0;0;0;0
47527;728;2018;Portero;10;900;10;6.680952;0;0;0;0;525;0;0;0;0;0;13;12;4;0;0;0;2;0;0;35;60;1
47528;728;2018;Portero;17;1530;17;6.682352;0;0;0;0;308;0;65;1;0;2;6;4;2;0;0;0;1;0;0;35;54;3
47530;728;2018;Defensa;2;180;2;6.5;0;1;0;0;65;1;0;3;0;1;19;8;2;0;2;2;0;0;0;0;0;0
47531;728;2018;Defensa;31;2764;31;6.580645;0;0;5;1;1282;5;0;54;10;43;258;135;9;0;28;24;10;0;0;0;0;0
47532;728;2018;Defensa;26;2113;25;6.892307;1;0;9;4;1049;2;0;46;18;29;197;131;13;0;5;4;4;2;0;0;0;0
47533;728;2018;Defensa;2;177;2;7.0;0;0;3;1;99;0;42;4;2;8;19;12;2;0;0;0;1;0;0;0;0;0
47534;728;2018;Defensa;17;1418;17;6.71875;1;0;7;3;523;3;79;28;2;42;149;83;11;0;2;1;6;0;0;0;0;0
47537;728;2018;Defensa;15;1097;12;6.407142;0;0;1;1;375;6;71;9;2;17;110;50;14;0;7;2;2;0;0;0;0;0
47538;728;2018;Defensa;18;1275;14;6.872222;0;2;5;3;505;7;0;49;7;47;187;111;6;0;17;15;8;0;0;0;0;0
47539;728;2018;Mediocentro;6;372;5;6.433333;0;0;1;0;202;1;0;7;1;6;47;21;4;0;3;3;2;0;0;0;0;0
47541;728;2018;Mediocentro;25;2032;23;6.658333;1;1;6;1;1067;13;0;56;5;30;303;146;28;0;37;26;6;0;0;0;0;0
47542;728;2018;Mediocentro;5;285;3;6.8;0;0;2;0;115;3;72;5;1;6;36;21;2;0;2;1;1;0;0;0;0;0
47543;728;2018;Mediocentro;35;1759;17;6.622857;4;2;20;10;419;20;0;22;0;19;137;51;17;0;22;10;3;0;0;0;0;0
47544;728;2018;Mediocentro;22;1739;21;6.695238;1;0;21;4;621;20;89;7;3;7;217;114;38;0;66;53;7;0;0;0;0;0
47545;728;2018;Mediocentro;12;720;9;6.45;1;0;4;1;231;5;0;12;1;9;95;38;5;0;30;16;1;0;1;0;0;0
47546;728;2018;Mediocentro;21;1147;12;6.819047;3;0;20;9;727;29;0;15;1;17;141;64;18;0;31;20;7;0;0;0;0;0
47547;728;2018;Defensa;36;3140;36;6.663888;1;1;16;7;1100;34;0;63;9;41;387;192;44;0;106;57;5;0;0;0;0;0
47549;728;2018;Mediocentro;29;1612;16;6.565517;3;0;17;10;707;30;0;13;1;4;232;106;23;0;86;63;4;0;0;0;0;0
47551;728;2018;Delantero;33;2820;32;6.954545;14;1;92;47;460;18;0;8;4;9;365;136;37;0;81;48;5;0;0;0;0;0
47552;728;2018;Delantero;6;169;1;6.516666;0;0;0;0;23;0;56;2;0;0;30;15;4;0;4;1;1;1;0;0;0;0
47553;728;2018;Delantero;27;1295;13;6.6;1;0;2;2;23;1;0;0;0;1;6;1;1;0;2;0;6;0;0;0;0;0
47554;728;2018;Delantero;36;2291;27;6.911111;5;6;36;18;584;55;0;54;2;29;386;158;36;0;100;48;4;0;3;0;0;0
47555;728;2018;Delantero;8;229;1;6.6875;0;1;7;1;58;3;73;3;0;1;39;20;3;0;6;4;0;0;0;0;0;0
47557;728;2018;Mediocentro;26;1773;22;6.630769;1;4;15;6;840;29;0;57;2;18;343;162;43;0;63;34;6;0;1;0;0;0
47556;728;2018;Delantero;1;13;0;6.3;0;0;1;1;2;0;0;0;0;0;1;1;1;0;0;0;0;0;0;0;0;0
47550;728;2018;Defensa;14;1026;11;6.784615;2;0;17;3;413;10;79;23;2;12;168;99;22;0;19;14;5;0;0;0;0;0
46898;728;2018;Delantero;9;131;0;6.5375;0;0;3;2;32;3;0;1;0;0;40;17;4;0;8;6;0;0;0;0;0;0
47049;728;2018;Defensa;1;90;1;6.3;0;0;0;0;47;0;90;0;0;2;8;5;1;0;2;2;0;0;0;0;0;0
56;529;2019;Delantero;35;2561;31;7.005882;9;4;40;23;1117;35;0;33;3;12;200;103;21;0;34;20;2;0;0;0;0;0
127;529;2019;Portero;36;3240;36;6.905555;0;2;0;0;1253;2;0;2;0;2;17;15;2;0;0;0;1;0;0;36;81;0
128;529;2019;Defensa;27;2190;25;7.051851;2;5;6;3;1908;30;62;20;3;37;124;56;18;0;21;12;7;0;0;0;0;0
130;529;2019;Defensa;32;2095;24;6.840625;1;2;7;2;1482;12;41;51;3;22;234;141;30;0;68;48;2;0;0;0;0;0
133;529;2019;Defensa;28;2428;28;6.996428;2;1;10;3;2140;6;70;44;15;35;228;133;25;0;10;5;9;0;0;0;0;0
136;529;2019;Defensa;35;3096;35;7.15;1;0;13;6;2407;5;91;30;21;36;89;61;19;0;8;6;15;0;0;0;0;0
137;529;2019;Mediocentro;30;2342;27;7.013333;1;2;4;2;2014;25;61;35;3;33;197;119;39;0;26;17;7;0;0;0;0;0
138;529;2019;Defensa;2;77;1;6.7;0;0;0;0;51;0;0;1;0;0;9;3;0;0;1;0;0;0;0;0;0;0
139;529;2019;Defensa;13;946;10;6.853846;0;0;0;0;803;0;56;11;2;22;95;56;16;0;10;8;6;0;0;0;0;0
141;529;2019;Defensa;1;90;1;7.3;0;0;0;0;59;0;52;2;0;1;8;6;0;0;3;3;0;0;0;0;0;0
142;529;2019;Mediocentro;3;187;2;7.066666;0;0;6;1;138;5;89;2;0;1;0;0;12;0;10;4;0;0;0;0;0;0
143;529;2019;Mediocentro;4;171;2;6.5;0;0;1;1;152;0;0;2;0;0;19;7;2;0;3;2;0;0;0;0;0;0
144;529;2019;Mediocentro;33;2491;29;7.20606;2;2;7;4;2575;23;70;80;5;44;315;192;51;0;27;23;10;0;0;0;0;0
149;529;2019;Mediocentro;31;1584;16;6.873333;1;3;20;7;1452;18;42;27;6;15;174;92;38;0;17;10;5;0;0;0;0;0
150;529;2019;Mediocentro;21;1185;14;7.028571;3;3;6;5;1017;12;44;15;0;4;138;93;44;0;34;31;1;0;0;0;0;0
151;529;2019;Mediocentro;33;1662;16;6.9;8;2;22;14;1222;23;0;63;7;17;262;126;23;0;14;8;4;0;0;0;0;0
153;529;2019;Delantero;5;356;3;6.9;1;0;4;2;236;8;0;2;0;0;49;22;5;0;30;14;1;1;0;0;0;0
157;529;2019;Delantero;28;2000;22;7.196428;16;8;63;42;654;26;0;4;1;1;142;63;25;0;47;23;4;0;1;0;0;0
154;529;2019;Delantero;33;2880;32;8.40909;25;21;115;71;1975;90;49;21;0;7;482;283;70;0;263;182;4;0;5;0;0;0
67955;529;2019;Delantero;10;474;5;6.66;1;2;9;6;267;7;0;7;2;1;64;20;4;0;17;8;0;0;0;0;0;0
538;529;2019;Mediocentro;29;2121;24;6.996551;2;2;4;4;1636;25;51;26;7;21;213;117;31;0;57;46;2;0;0;0;0;0
135775;529;2019;Delantero;24;1024;11;6.770833;7;1;25;12;502;18;0;16;1;8;158;66;19;0;53;25;2;1;0;0;0;0
2737;529;2019;Delantero;11;403;4;6.572727;1;0;12;8;126;2;0;2;0;1;48;21;7;0;9;7;1;0;0;0;0;0
146;529;2019;Mediocentro;1;5;0;6.7;0;0;0;0;10;0;0;0;0;0;2;1;0;0;0;0;0;0;0;0;0;0
148;529;2019;Mediocentro;11;507;5;6.945454;0;2;7;5;422;10;0;11;0;5;72;35;11;0;13;12;1;0;0;0;0;0
912;529;2019;Portero;2;180;2;6.6;0;0;0;0;56;0;0;0;0;0;1;1;0;0;0;0;0;0;0;2;1;0
101814;529;2019;Defensa;6;235;2;6.82;0;0;1;0;207;0;0;3;2;0;19;11;1;0;1;1;0;1;0;0;0;0
1564;529;2019;Defensa;17;1011;11;6.752941;1;1;1;1;740;10;0;23;3;17;120;59;16;0;17;9;5;0;0;0;0;0
27;530;2019;Portero;1;24;0;6.7;0;0;0;0;3;0;60;0;0;0;0;0;0;0;0;0;0;0;0;2;1;0
29;530;2019;Portero;38;3396;38;6.913157;0;0;0;0;840;0;0;0;0;1;10;9;7;0;1;1;0;0;0;27;89;1
30;530;2019;Defensa;14;1075;11;7.128571;0;1;5;2;510;11;0;36;7;19;119;78;16;0;7;5;1;0;0;0;0;0
31;530;2019;Defensa;21;1753;19;6.980952;0;0;10;2;914;0;0;20;7;23;129;91;15;0;3;3;2;0;0;0;0;0
39;530;2019;Defensa;22;1980;22;6.872727;0;0;3;2;1070;2;0;22;9;24;154;96;10;0;3;2;6;0;0;0;0;0
45;530;2019;Mediocentro;22;922;10;6.609523;0;0;4;3;362;8;0;12;1;6;105;50;11;0;31;20;2;0;0;0;0;0
46;530;2019;Mediocentro;28;1218;11;6.8;3;2;16;10;415;13;82;15;0;10;31;16;43;0;54;33;3;0;0;0;0;0
47;530;2019;Mediocentro;1;3;0;0.0;0;0;0;0;0;0;0;0;0;0;0;0;0;0;0;0;0;0;0;0;0;0
48;530;2019;Mediocentro;35;3076;35;7.014285;6;0;34;12;1668;15;0;95;13;55;520;266;26;0;42;28;10;0;2;0;0;0
49;530;2019;Mediocentro;35;2551;29;7.082857;3;0;20;8;1637;19;0;70;8;48;352;225;32;0;64;57;13;0;0;0;0;0
50;530;2019;Mediocentro;32;2699;30;7.128125;4;5;16;9;1645;58;43;70;8;29;298;141;33;0;22;14;5;0;0;0;0;0
52;530;2019;Delantero;2;23;0;6.2;0;0;0;0;6;0;0;0;0;0;2;2;1;0;0;0;0;0;0;0;0;0
53;530;2019;Delantero;33;2064;22;6.696969;5;6;31;16;549;29;0;25;5;14;290;114;41;0;68;37;5;0;0;0;0;0
54;530;2019;Delantero;23;1350;14;6.863636;5;4;33;10;243;15;67;7;2;3;109;52;19;0;20;10;5;0;2;0;0;0
59;530;2019;Delantero;34;2103;25;6.9;12;2;57;31;497;25;0;17;2;5;436;222;59;0;28;19;5;0;2;0;0;0
169;530;2019;Defensa;25;1981;23;7.18;0;4;0;0;941;41;0;52;7;24;179;104;13;0;18;13;2;0;0;0;0;0
199;530;2019;Defensa;5;363;4;7.14;0;1;0;0;88;3;65;6;3;8;0;0;3;0;0;0;3;0;0;0;0;0
371;530;2019;Defensa;25;2099;23;7.0;1;0;16;5;673;4;72;26;11;42;26;16;14;0;6;4;7;0;0;0;0;0
382;530;2019;Mediocentro;21;1120;12;6.995238;0;2;8;1;750;21;0;31;7;17;150;86;13;0;15;14;1;0;0;0;0;0
583;530;2019;Delantero;27;1757;21;6.785185;6;1;47;18;506;15;0;9;0;10;229;85;39;0;55;20;6;0;0;0;0;0
2669;530;2019;Defensa;17;1220;15;6.717647;0;0;2;2;625;2;0;15;5;12;111;57;9;0;7;7;3;1;0;0;0;0
41595;530;2019;Delantero;2;4;0;6.25;0;0;1;0;1;0;0;0;0;0;2;1;0;0;0;0;0;0;0;0;0;0
753;530;2019;Mediocentro;29;1367;16;6.813793;3;3;9;5;482;16;0;29;4;14;177;86;13;0;32;27;4;0;0;0;0;0
64309;530;2019;Defensa;5;326;4;6.74;0;0;0;0;132;4;0;13;0;7;47;20;3;0;6;2;1;0;0;0;0;0
2923;530;2019;Mediocentro;15;628;6;6.52;1;2;10;6;197;11;0;11;0;5;110;42;13;0;30;16;2;0;0;0;0;0
136117;530;2019;Mediocentro;1;12;0;6.2;0;0;1;0;2;0;0;0;0;0;3;1;1;0;0;0;0;0;0;0;0;0
104835;530;2019;Delantero;1;7;0;6.9;0;0;0;0;5;1;0;1;0;0;4;4;0;0;0;0;0;0;0;0;0;0
163241;530;2019;Mediocentro;1;3;0;0.0;0;0;0;0;2;0;0;0;0;0;0;0;0;0;0;0;0;0;0;0;0;0
161963;530;2019;Delantero;1;3;0;6.9;0;0;0;0;2;1;0;0;0;0;0;0;0;0;0;0;0;0;0;0;0;0
10122;530;2019;Defensa;32;2399;28;6.919354;1;2;15;3;858;20;0;73;7;38;295;160;44;0;30;16;5;0;0;0;0;0
47267;531;2019;Portero;5;424;4;6.32;0;0;0;0;141;0;0;0;0;0;2;2;0;0;0;0;0;0;0;8;10;1
47270;531;2019;Portero;34;2992;34;6.838235;0;0;0;0;961;0;0;0;0;1;15;11;2;0;1;0;2;1;0;29;82;1
47271;531;2019;Defensa;32;2811;32;7.01875;0;0;10;2;1468;5;0;36;22;62;294;186;32;0;17;14;2;0;0;0;0;0
47272;531;2019;Defensa;9;561;6;6.628571;0;0;3;0;138;1;68;15;1;2;17;11;3;0;3;3;1;0;0;0;0;0
47273;531;2019;Defensa;33;2852;32;6.948484;2;1;22;9;1283;29;0;48;4;30;316;194;49;0;70;43;7;0;0;0;0;0
47274;531;2019;Defensa;35;2875;32;6.857142;3;4;10;7;1146;23;0;64;7;28;332;177;15;0;84;56;10;0;0;0;0;0
47275;531;2019;Defensa;13;538;6;6.533333;0;1;1;0;177;8;0;5;0;8;43;17;3;0;5;2;1;0;0;0;0;0
47277;531;2019;Defensa;20;1568;16;6.86;0;0;7;3;723;3;0;13;17;23;146;78;10;0;9;7;7;0;0;0;0;0
47276;531;2019;Defensa;14;617;6;6.478571;0;1;1;0;200;8;0;22;0;3;105;45;2;0;39;13;0;0;0;0;0;0
47279;531;2019;Mediocentro;24;1455;21;6.575;1;4;21;7;418;12;0;33;2;16;192;77;14;0;28;13;4;0;0;0;0;0
47280;531;2019;Mediocentro;11;388;3;6.690909;0;0;5;2;151;10;83;5;1;3;0;0;2;0;1;0;0;0;0;0;0;0
47281;531;2019;Mediocentro;36;3027;33;6.702777;0;1;11;0;1516;14;0;59;7;52;352;167;37;0;16;10;11;0;0;0;0;0
47282;531;2019;Mediocentro;35;2878;33;7.014705;15;1;80;33;514;21;54;51;6;20;184;92;59;0;27;9;11;0;7;0;0;0
47283;531;2019;Mediocentro;17;688;6;6.747058;0;0;14;4;171;15;82;5;0;3;5;1;3;0;16;11;0;0;0;0;0;0
47285;531;2019;Mediocentro;26;1804;24;6.965384;1;4;20;9;1114;34;0;30;2;18;199;82;17;0;19;13;6;0;0;0;0;0
47288;531;2019;Mediocentro;9;354;3;6.6625;0;0;5;1;94;1;64;9;1;9;0;0;1;0;4;1;3;0;0;0;0;0
47290;531;2019;Delantero;14;194;0;6.592307;1;0;7;3;31;0;55;2;0;0;0;0;1;0;1;1;3;0;0;0;0;0
47292;531;2019;Delantero;12;359;4;6.57;1;0;2;2;81;1;0;1;0;0;61;31;6;0;4;3;0;0;0;0;0;0
47294;531;2019;Delantero;38;2958;34;6.757894;6;1;38;23;647;26;0;15;2;5;369;172;47;0;87;47;3;0;1;0;0;0
47418;531;2019;Mediocentro;20;1264;13;6.6;0;1;11;3;527;6;0;25;7;31;178;76;11;0;7;5;3;0;0;0;0;0
104853;531;2019;Delantero;19;523;5;6.611764;3;0;16;6;101;1;0;0;0;1;94;42;11;0;10;5;0;0;0;0;0;0
2670;531;2019;Defensa;33;2970;33;6.951515;1;1;22;4;1510;10;0;48;13;39;315;203;36;0;12;7;10;0;0;0;0;0
2672;531;2019;Delantero;31;2391;26;6.912903;5;2;23;13;1013;38;0;26;0;12;299;149;55;0;94;56;4;1;0;0;0;0
128365;531;2019;Defensa;10;244;2;6.377777;0;0;1;1;62;1;0;2;0;0;34;13;3;0;7;2;0;0;0;0;0;0
182639;531;2019;Mediocentro;1;74;1;6.9;0;0;0;0;36;1;0;0;0;0;3;1;1;0;0;0;1;0;0;0;0;0
128398;531;2019;Mediocentro;17;742;9;6.505882;1;1;7;5;197;10;0;11;0;2;108;50;15;0;27;16;1;0;0;0;0;0
124;532;2019;Portero;24;2097;24;6.966666;0;1;0;0;621;1;0;0;0;3;10;9;2;0;0;0;1;0;0;30;80;2
90498;532;2019;Defensa;8;675;8;6.5125;0;0;1;0;286;0;0;4;6;7;46;22;1;0;2;1;2;0;0;0;0;0
2615;532;2019;Delantero;33;2149;25;6.90606;10;2;33;20;381;16;0;9;1;5;310;162;59;0;13;8;5;0;0;0;0;0
769;532;2019;Defensa;12;755;9;6.791666;0;0;8;1;368;4;0;13;1;14;56;29;5;0;9;7;1;1;0;0;0;0
911;532;2019;Portero;15;1323;14;6.913333;0;0;0;0;393;1;0;0;0;1;4;2;0;0;0;0;1;0;0;23;58;2
915;532;2019;Defensa;33;2802;31;6.960606;1;1;7;2;1755;1;46;22;29;48;215;134;25;0;7;7;5;0;0;0;0;0
916;532;2019;Defensa;21;1439;15;6.794736;0;0;1;1;805;2;0;11;15;11;114;68;14;0;6;6;5;0;0;0;0;0
917;532;2019;Defensa;17;1439;17;6.829411;0;0;6;3;765;3;86;12;16;14;0;0;1;0;0;0;2;0;0;0;0;0
918;532;2019;Defensa;24;1989;23;6.795833;0;1;8;2;793;12;0;44;9;18;216;120;29;0;51;28;5;0;0;0;0;0
919;532;2019;Mediocentro;6;494;5;6.716666;0;0;0;0;319;0;48;8;2;5;52;24;9;0;3;0;3;0;0;0;0;0
921;532;2019;Defensa;2;75;1;6.75;0;0;1;0;46;0;0;5;0;2;9;7;1;0;1;1;0;0;0;0;0;0
923;532;2019;Mediocentro;24;919;9;6.508695;1;2;16;7;300;6;0;16;1;7;124;52;13;0;25;12;5;0;0;0;0;0
924;532;2019;Mediocentro;26;1908;21;6.773076;0;0;7;1;995;6;0;37;8;38;209;109;28;0;29;20;7;0;0;0;0;0
925;532;2019;Delantero;21;1266;14;6.742857;2;2;17;9;438;17;0;19;1;7;207;105;43;0;64;40;3;0;0;0;0;0
926;532;2019;Mediocentro;27;1807;21;6.855555;1;1;16;4;1110;6;0;63;6;57;281;156;31;0;30;22;6;0;0;0;0;0
927;532;2019;Mediocentro;17;445;3;6.57647;2;0;8;4;203;6;0;3;0;3;52;24;8;0;14;11;1;2;0;0;0;0
928;532;2019;Mediocentro;35;3030;35;7.257142;8;3;26;16;2242;59;55;68;11;22;369;214;92;0;53;38;5;0;5;0;0;0
930;532;2019;Mediocentro;28;2074;24;6.564285;2;0;10;4;704;15;0;21;6;9;173;79;25;0;25;15;4;0;0;0;0;0
931;532;2019;Delantero;34;2258;26;6.755882;4;5;21;10;653;25;0;23;3;14;319;157;39;0;95;54;4;0;0;0;0;0
932;532;2019;Mediocentro;35;2731;30;6.725714;1;6;13;4;1306;20;0;44;5;31;256;136;32;0;18;10;7;0;0;0;0;0
933;532;2019;Delantero;29;1582;17;6.689285;6;2;19;9;300;12;74;15;1;4;39;11;11;0;27;16;0;0;0;0;0;0
935;532;2019;Delantero;27;1889;23;6.881481;4;7;33;15;600;27;0;10;1;9;217;87;27;0;35;22;2;1;0;0;0;0
937;532;2019;Delantero;13;160;1;6.7;1;0;6;3;44;3;0;7;0;0;48;21;7;0;5;5;0;0;0;0;0;0
162992;532;2019;Mediocentro;3;12;0;6.25;0;0;0;0;12;0;0;1;0;0;5;2;0;0;1;0;0;0;0;0;0;0
1482;532;2019;Defensa;4;259;3;6.8;0;0;0;0;103;2;0;8;0;2;34;22;8;0;3;2;0;0;0;0;0;0
1687;532;2019;Defensa;19;1390;15;6.763157;0;1;3;2;688;8;0;27;6;24;140;75;20;0;16;12;3;1;0;0;0;0
46782;532;2019;Delantero;11;413;3;6.645454;2;0;6;3;87;4;0;7;0;2;65;27;8;0;10;7;0;0;0;0;0;0
122804;532;2019;Defensa;2;126;1;6.2;0;0;0;0;63;0;0;2;0;2;11;4;1;0;4;1;1;0;0;0;0;0
21;533;2019;Delantero;13;930;11;6.823076;4;1;22;7;225;9;0;3;1;2;67;23;11;0;7;3;1;0;0;0;0;0
47391;533;2019;Defensa;26;1906;21;6.723076;2;2;5;3;1019;18;0;42;8;35;252;109;21;0;56;26;5;0;0;0;0;0
288;533;2019;Defensa;18;1474;17;6.633333;0;0;9;3;760;10;0;27;3;25;135;60;7;0;28;14;6;0;0;0;0;0
1688;533;2019;Defensa;7;451;5;6.58;0;0;2;0;269;2;0;5;2;3;36;19;4;0;1;1;1;0;0;0;0;0
314;533;2019;Defensa;36;3238;36;6.897222;1;0;9;5;1944;4;45;43;21;42;238;145;25;0;3;3;9;0;0;0;0;0
47574;533;2019;Mediocentro;37;2326;26;6.862162;5;4;25;14;1049;29;0;30;2;25;203;88;25;0;45;20;1;0;0;0;0;0
3406;533;2019;Mediocentro;36;2581;28;6.925;2;0;24;9;1461;18;0;76;6;44;478;276;39;0;103;85;6;0;0;0;0;0
1684;533;2019;Portero;4;360;4;6.6;0;1;0;0;139;1;0;0;0;0;5;4;1;0;0;0;1;0;0;8;12;1
1682;533;2019;Portero;34;3060;34;7.081818;0;0;0;0;573;1;67;0;0;1;6;6;6;0;1;1;2;0;0;39;100;1
1691;533;2019;Defensa;25;1962;22;6.754166;0;2;9;1;864;19;0;35;10;26;194;91;11;0;11;4;2;0;0;0;0;0
1692;533;2019;Defensa;19;1573;17;6.742105;0;2;3;1;810;19;0;22;4;12;116;48;12;0;5;4;6;0;0;0;0;0
1695;533;2019;Mediocentro;35;2461;29;7.334285;11;9;40;24;1572;71;0;48;1;19;280;146;37;0;70;50;3;0;8;0;0;0
1696;533;2019;Delantero;37;2037;20;6.748648;3;2;29;11;718;39;0;23;1;10;285;149;50;0;112;63;2;0;0;0;0;0
1699;533;2019;Mediocentro;34;2663;33;6.855882;1;2;17;4;1433;10;0;61;16;40;373;206;46;0;13;8;10;1;0;0;0;0
1701;533;2019;Mediocentro;9;249;3;6.7125;0;1;0;0;186;6;0;7;1;2;35;15;3;0;4;4;0;0;0;0;0;0
1704;533;2019;Mediocentro;7;258;1;6.742857;0;0;1;1;257;0;90;4;0;1;15;8;0;0;2;1;1;0;0;0;0;0
1705;533;2019;Mediocentro;29;1544;17;6.857142;2;4;19;10;880;33;0;34;12;4;220;97;31;0;24;18;6;0;1;0;0;0
1706;533;2019;Delantero;19;683;7;6.583333;2;1;15;6;131;5;0;5;0;0;68;30;6;0;14;6;1;0;0;0;0;0
1707;533;2019;Delantero;35;2754;33;7.217142;18;5;71;35;963;49;0;19;3;10;422;182;50;0;95;60;5;0;1;0;0;0
1709;533;2019;Delantero;18;995;11;6.738888;6;2;32;19;221;9;0;5;0;3;106;42;7;0;32;20;0;0;0;0;0;0
46815;533;2019;Defensa;34;2970;33;6.957575;2;1;10;2;2024;11;50;34;23;27;203;98;9;0;13;10;6;0;0;0;0;0
46832;533;2019;Mediocentro;30;872;7;6.759259;2;1;40;18;446;9;0;29;1;5;197;87;20;0;51;30;2;0;0;0;0;0
122737;533;2019;Defensa;2;180;2;6.2;0;0;1;0;91;0;0;0;1;3;8;3;1;0;0;0;1;0;0;0;0;0
182219;533;2019;Mediocentro;1;13;0;6.2;0;0;0;0;4;0;0;0;0;0;0;0;0;0;0;0;0;0;0;0;0;0
184277;533;2019;Delantero;5;80;1;6.5;1;0;1;1;20;0;0;1;0;0;14;3;0;0;0;0;1;0;0;0;0;0
2050;536;2019;Mediocentro;33;2482;28;7.30909;3;7;24;10;2211;59;57;43;1;15;333;175;57;0;81;59;10;0;2;0;0;0
2054;536;2019;Defensa;38;3370;37;7.116216;0;7;9;2;1601;60;79;23;7;29;52;27;28;0;60;37;4;0;0;0;0;0
2057;536;2019;Delantero;31;1087;11;6.696666;3;0;10;7;617;9;0;25;0;10;236;116;39;0;27;19;5;0;0;0;0;0
2058;536;2019;Delantero;15;904;12;7.0;3;1;7;5;110;6;70;7;1;1;38;13;2;0;8;4;0;0;1;0;0;0
2060;536;2019;Delantero;21;1252;14;7.033333;5;2;33;17;428;17;0;19;0;7;209;106;44;0;29;19;1;0;0;0;0;0
2061;536;2019;Delantero;2;63;0;6.65;0;0;9;4;182;12;0;8;0;3;81;32;12;0;21;10;2;0;0;0;0;0
111;536;2019;Delantero;5;133;2;6.475;0;0;2;1;43;0;0;0;0;2;13;3;1;0;5;2;0;0;0;0;0;0
246;536;2019;Delantero;35;2061;24;6.857142;6;1;51;24;528;23;0;21;1;7;386;208;37;0;16;8;2;0;0;0;0;0
47389;536;2019;Mediocentro;34;2264;27;7.1;2;2;20;7;1659;37;42;64;5;26;354;175;37;0;54;40;8;0;0;0;0;0
47422;536;2019;Delantero;18;790;7;6.75;4;2;33;17;255;9;0;8;2;5;279;113;19;0;34;16;1;0;0;0;0;0
385;536;2019;Mediocentro;28;1608;21;6.810714;3;3;13;10;949;22;0;45;1;13;231;94;19;0;33;21;5;0;0;0;0;0
452;536;2019;Mediocentro;34;2657;30;7.064705;2;3;12;5;1565;10;40;62;15;67;307;172;22;0;18;12;13;0;0;0;0;0
21090;536;2019;Defensa;35;3135;35;7.008571;2;0;18;3;1902;10;45;35;24;37;259;148;11;0;7;7;7;0;0;0;0;0
2701;536;2019;Portero;6;494;5;7.233333;0;1;0;0;144;1;0;0;0;0;3;3;1;0;0;0;1;0;0;3;17;1
739;536;2019;Defensa;31;2509;29;7.0;2;4;16;7;1470;41;0;57;5;33;365;190;46;0;69;49;8;0;0;0;0;0
2886;536;2019;Delantero;9;446;4;6.544444;1;0;12;6;77;3;0;6;0;5;57;28;12;0;3;0;0;0;0;0;0;0
1097;536;2019;Delantero;2;24;0;6.85;0;0;1;0;16;0;0;1;0;0;4;1;0;0;0;0;0;0;0;0;0;0
1257;536;2019;Defensa;29;2306;25;6.972413;1;1;18;5;1448;4;42;23;12;23;229;145;11;0;21;18;6;0;0;0;0;0
1489;536;2019;Mediocentro;24;1200;9;6.654545;0;0;5;1;657;2;0;20;8;12;132;68;18;0;14;9;6;0;0;0;0;0
46688;536;2019;Mediocentro;3;34;0;6.721052;0;2;4;2;648;17;0;38;2;22;152;79;17;0;30;17;0;0;0;0;0;0
1650;536;2019;Mediocentro;17;784;8;6.764705;1;1;13;7;351;19;0;9;0;2;87;40;8;0;30;19;0;0;0;0;0;0
1911;536;2019;Mediocentro;33;2755;31;7.033333;14;3;70;36;839;24;0;54;2;22;482;208;56;0;152;68;9;0;5;0;1;0
2037;536;2019;Portero;33;2926;33;6.845454;0;0;0;0;771;0;0;0;0;0;10;8;3;0;0;0;0;0;0;31;67;1
2040;536;2019;Defensa;11;773;8;6.963636;1;0;7;6;477;6;0;29;1;13;105;65;8;0;6;3;2;0;0;0;0;0
2042;536;2019;Defensa;13;714;8;6.730769;0;0;1;0;495;1;0;9;6;7;57;27;0;0;1;1;4;0;0;0;0;0
2043;536;2019;Defensa;11;849;10;6.681818;0;0;6;0;506;1;89;5;3;8;0;0;2;0;3;3;3;0;0;0;0;0
2049;537;2019;Mediocentro;10;772;9;6.73;0;0;3;1;274;2;0;16;0;12;86;45;6;0;6;4;2;0;0;0;0;0
2053;537;2019;Mediocentro;29;2017;22;6.789655;1;3;23;10;822;29;0;40;4;11;295;143;51;0;65;41;11;0;0;0;0;0
2061;537;2019;Delantero;12;554;4;6.65;1;0;9;4;182;12;0;8;0;3;81;32;12;0;21;10;2;0;0;0;0;0
47119;537;2019;Defensa;25;1216;13;6.548;0;0;10;3;346;12;0;27;1;8;198;79;13;0;60;33;5;0;0;0;0;0
47304;537;2019;Defensa;26;1934;22;6.888461;1;2;18;8;559;33;0;56;3;31;297;142;29;0;51;36;5;0;0;0;0;0
184608;537;2019;Delantero;4;115;2;6.366666;0;0;1;1;28;0;0;0;1;1;24;9;0;0;1;1;1;0;0;0;0;0
47399;537;2019;Portero;27;2430;27;6.785185;0;0;0;0;715;0;0;0;0;0;15;13;6;0;0;0;3;0;0;33;66;1
47403;537;2019;Defensa;33;2691;31;6.828125;0;1;6;3;787;16;67;61;8;63;108;73;55;0;16;7;8;0;0;0;0;0
47408;537;2019;Defensa;33;2787;32;6.742424;1;2;14;4;1010;30;0;60;4;34;296;150;36;0;28;15;13;1;0;0;0;0
47409;537;2019;Defensa;24;1922;23;6.763636;0;0;12;4;520;3;64;37;1;43;53;32;9;0;8;7;7;0;0;0;0;0
47410;537;2019;Defensa;14;952;12;6.557142;0;0;2;0;198;0;74;10;3;8;32;21;7;0;0;0;1;0;0;0;0;0
47412;537;2019;Mediocentro;20;817;11;6.463157;0;0;9;3;197;8;80;10;0;7;27;9;15;0;8;1;3;0;0;0;0;0
47413;537;2019;Mediocentro;25;1571;18;6.624;0;0;12;8;833;10;0;30;3;23;202;93;44;0;19;14;11;0;0;0;0;0
47415;537;2019;Mediocentro;26;2196;25;6.738461;1;1;13;3;1124;7;0;49;4;38;248;140;41;0;26;15;10;0;1;0;0;0
47416;537;2019;Mediocentro;30;1922;22;6.926666;9;2;53;28;704;31;0;24;0;14;273;122;38;0;84;43;6;1;2;0;0;0
47419;537;2019;Delantero;12;328;2;6.572727;0;0;7;4;83;8;0;3;0;2;57;23;7;0;20;12;2;0;0;0;0;0
47420;537;2019;Mediocentro;9;178;1;6.677777;1;1;5;2;52;5;0;9;0;3;37;17;2;0;8;4;1;0;0;0;0;0
47421;537;2019;Delantero;24;1207;13;6.717391;1;2;30;14;355;11;0;13;1;3;309;167;24;0;8;4;2;0;0;0;0;0
47422;537;2019;Delantero;18;1384;15;6.75;4;2;33;17;255;9;0;8;2;5;279;113;19;0;34;16;2;0;0;0;0;0
47423;537;2019;Delantero;2;78;1;6.5;0;0;0;0;21;1;0;0;0;0;8;2;1;0;0;0;0;0;0;0;0;0
18800;537;2019;Defensa;4;220;3;6.375;0;0;2;0;58;1;0;3;1;0;22;7;0;0;2;1;1;0;0;0;0;0
2444;537;2019;Defensa;25;1874;21;6.668;0;1;5;1;643;26;0;42;4;30;200;86;7;0;21;11;7;0;0;0;0;0
47578;537;2019;Mediocentro;5;309;3;6.56;0;0;0;0;120;1;0;6;3;4;35;18;5;0;3;2;3;0;0;0;0;0
2737;537;2019;Delantero;24;1935;21;6.572727;6;0;12;8;126;2;0;2;0;1;48;21;7;0;9;7;3;0;0;0;0;0
2772;537;2019;Defensa;23;1878;22;6.87619;1;0;4;1;468;5;69;26;12;37;29;20;7;0;4;4;5;0;0;0;0;0
50026;537;2019;Defensa;26;1994;21;6.703846;0;0;6;0;748;5;0;34;15;28;189;96;14;0;8;6;10;0;0;0;0;0
959;537;2019;Delantero;14;521;2;6.792857;2;1;9;6;116;6;0;3;0;0;65;28;11;0;17;11;1;0;0;0;0;0
1616;537;2019;Delantero;13;792;9;6.5;1;0;13;6;189;8;0;1;0;2;122;40;8;0;11;8;0;0;0;0;0;0
2036;537;2019;Portero;11;990;11;6.436363;0;0;1;1;239;0;0;0;0;0;4;3;1;0;0;0;2;0;0;18;22;1
2058;538;2019;Delantero;7;318;1;7.0;2;1;7;5;110;6;70;7;1;1;38;13;2;0;8;4;2;0;1;0;0;0
135;538;2019;Defensa;18;1529;17;7.127777;1;0;8;5;717;2;0;37;9;20;184;117;19;0;4;4;5;0;0;0;0;0
142;538;2019;Mediocentro;29;2119;25;7.066666;4;0;6;1;138;5;89;2;0;1;0;0;12;0;10;4;5;0;0;0;0;0
182490;538;2019;Delantero;2;83;1;6.45;0;0;0;0;30;0;0;3;0;0;8;5;1;0;1;1;1;0;0;0;0;0
47425;538;2019;Portero;2;180;2;6.75;0;0;0;0;33;0;67;0;0;0;0;0;0;0;0;0;3;0;0;1;2;0
47426;538;2019;Portero;33;2961;33;6.845454;0;0;0;0;861;0;0;1;0;0;15;13;4;0;0;0;4;0;0;43;94;2
47427;538;2019;Portero;4;279;3;6.575;0;0;0;0;78;0;0;0;0;0;0;0;0;0;0;0;0;0;0;5;6;1
47429;538;2019;Defensa;6;335;3;6.5;0;0;1;0;195;0;0;4;3;8;27;12;2;0;0;0;1;0;0;0;0;0
47431;538;2019;Defensa;3;259;3;6.4;0;0;0;0;117;0;0;6;1;2;26;18;7;0;4;2;1;0;0;0;0;0
47432;538;2019;Defensa;27;1963;22;6.873076;0;1;5;3;986;12;0;62;8;22;223;134;27;0;8;5;7;0;0;0;0;0
47433;538;2019;Defensa;35;3145;35;6.945714;1;3;12;5;1552;36;0;56;10;31;241;129;24;0;25;15;5;0;0;0;0;0
47434;538;2019;Defensa;17;1332;16;6.652941;0;0;1;0;618;6;0;26;1;26;164;93;29;0;22;15;6;0;0;0;0;0
47435;538;2019;Mediocentro;28;1835;22;6.562962;1;0;11;4;852;12;0;31;1;14;168;70;11;0;31;20;2;1;0;0;0;0
47439;538;2019;Mediocentro;17;1391;17;6.705882;0;0;5;3;771;9;40;19;2;8;115;65;21;0;16;12;1;0;0;0;0;0
47440;538;2019;Mediocentro;31;1472;15;6.548275;0;2;14;9;640;18;0;26;0;12;255;116;36;0;41;22;4;0;0;0;0;0
47443;538;2019;Mediocentro;26;1978;24;6.776923;0;2;8;2;1058;10;0;41;5;28;304;159;17;0;28;21;6;0;0;0;0;0
47445;538;2019;Delantero;37;3268;37;7.078378;14;3;65;40;1262;56;0;29;1;22;375;176;66;0;95;52;9;0;5;0;0;0
47447;538;2019;Delantero;21;884;8;6.835;2;0;24;16;398;9;0;17;0;6;132;70;26;0;32;24;2;0;0;0;0;0
51616;538;2019;Delantero;20;553;5;6.388888;1;1;7;3;103;3;0;1;1;2;105;38;8;0;12;7;4;0;0;0;0;0
493;538;2019;Delantero;14;748;10;6.542857;2;0;12;6;187;4;0;2;0;7;110;34;7;0;20;9;4;0;0;0;0;0
660;538;2019;Mediocentro;16;593;6;6.493333;0;1;2;0;231;5;90;10;2;5;10;6;17;0;9;5;5;0;0;0;0;0
107158;538;2019;Delantero;1;4;0;6.7;0;0;0;0;3;0;0;0;0;0;1;1;0;0;1;1;0;0;0;0;0;0
2761;538;2019;Mediocentro;14;705;7;6.383333;0;0;4;4;273;3;70;11;2;16;58;24;5;0;7;3;2;1;0;0;0;0
2870;538;2019;Defensa;34;2891;32;6.87647;1;2;8;3;1551;4;0;44;18;52;225;137;9;0;2;1;10;0;0;0;0;0
934;538;2019;Delantero;34;1942;21;6.815625;6;3;46;14;448;20;70;12;0;10;93;34;40;0;32;14;4;0;0;0;0;0
122231;538;2019;Delantero;5;84;1;6.55;0;0;1;0;18;2;0;0;0;1;11;3;0;0;4;3;0;0;0;0;0;0
1461;538;2019;Mediocentro;26;1636;20;6.761538;1;5;13;9;763;43;0;22;1;14;271;119;32;0;105;60;3;0;0;0;0;0
1926;538;2019;Defensa;32;2499;27;6.809375;0;1;8;1;1239;3;0;43;14;45;213;119;17;0;15;10;4;0;0;0;0;0
128985;538;2019;Delantero;2;11;0;7.0;1;0;1;1;9;0;0;0;0;0;1;1;0;0;0;0;0;0;0;0;0;0
47080;538;2019;Defensa;7;371;5;6.1;0;0;0;0;165;0;0;6;2;10;35;17;2;0;0;0;3;1;0;0;0;0
47252;539;2019;Defensa;6;455;5;6.1;0;0;0;0;56;0;82;2;0;0;0;0;2;0;0;0;0;0;0;0;0;0
47328;539;2019;Defensa;8;484;5;6.5625;0;0;2;1;237;0;0;12;6;6;50;26;3;0;1;1;0;0;0;0;0;0
47441;539;2019;Mediocentro;26;1994;22;6.692307;1;0;1;1;975;5;0;43;4;23;247;131;17;0;38;29;3;0;0;0;0;0
47448;539;2019;Portero;36;3240;36;7.244444;0;0;0;0;912;1;0;1;0;2;19;15;4;0;0;0;2;0;0;51;158;0
47449;539;2019;Portero;0;0;0;7.05;0;0;0;0;48;0;0;0;0;0;0;0;0;0;0;0;0;0;0;0;3;1
47451;539;2019;Defensa;17;986;11;6.68;1;0;9;3;346;6;74;24;1;13;59;29;10;0;24;15;3;0;0;0;0;0
47452;539;2019;Defensa;11;808;9;6.65;0;0;0;0;112;0;0;3;1;3;32;16;1;0;0;0;4;0;0;0;0;0
47453;539;2019;Defensa;20;1590;18;6.68;0;2;2;0;568;18;75;24;3;13;44;26;20;0;41;22;2;0;0;0;0;0
47450;539;2019;Portero;2;180;2;7.5;0;0;0;0;49;0;0;0;0;0;3;2;2;0;0;0;0;0;0;2;8;0
47457;539;2019;Defensa;29;2610;29;6.931034;1;0;10;3;1199;3;0;41;29;42;243;157;26;0;8;7;4;0;0;0;0;0
47458;539;2019;Defensa;28;2375;27;6.818518;1;1;4;3;1024;10;0;32;15;34;159;87;13;0;13;8;6;0;0;0;0;0
47460;539;2019;Defensa;4;189;2;6.525;0;0;0;0;95;0;0;3;0;3;13;9;0;0;1;1;0;0;0;0;0;0
47461;539;2019;Mediocentro;30;2114;23;6.923333;7;2;39;19;788;32;0;24;4;15;252;111;45;0;57;37;5;0;0;0;0;0
47464;539;2019;Mediocentro;37;3159;35;7.121621;2;7;30;8;1951;74;42;38;5;44;364;200;59;0;90;63;3;0;0;0;0;0
47467;539;2019;Delantero;38;2528;29;6.557894;4;2;32;15;598;34;0;17;1;6;239;84;15;0;88;39;3;0;0;0;0;0
47468;539;2019;Mediocentro;28;1886;22;6.935714;4;3;60;14;668;26;72;36;0;12;75;36;47;0;77;51;5;0;0;0;0;0
47469;539;2019;Mediocentro;30;1573;20;6.667857;0;2;4;1;553;7;77;36;5;11;57;26;25;0;9;8;11;0;0;0;0;0
47471;539;2019;Delantero;36;2272;26;6.782857;11;1;44;24;430;25;0;18;0;6;279;99;32;0;22;13;5;0;4;0;0;0
47472;539;2019;Delantero;34;2147;24;6.811764;8;2;32;20;552;25;0;12;0;4;245;98;26;0;47;27;2;0;0;0;0;0
395;539;2019;Delantero;20;643;5;6.67;2;0;20;10;118;11;0;5;0;4;64;30;17;0;19;7;2;0;0;0;0;0
182669;539;2019;Mediocentro;1;1;0;6.2;0;0;0;0;5;0;0;0;0;0;3;0;0;0;0;0;0;0;0;0;0;0
182670;539;2019;Delantero;1;8;0;6.2;0;0;0;0;7;0;0;0;0;0;6;2;2;0;1;0;0;0;0;0;0;0
119225;539;2019;Defensa;1;74;1;5.0;0;0;0;0;23;0;0;0;0;0;5;3;0;0;2;2;1;0;0;0;0;0
47568;539;2019;Defensa;32;2430;27;6.784375;0;3;9;3;958;25;0;52;8;46;209;120;22;0;32;19;4;1;0;0;0;0
47576;539;2019;Mediocentro;25;1238;14;6.613043;2;1;13;8;556;11;0;20;3;9;194;87;29;0;16;11;4;0;1;0;0;0
104949;539;2019;Mediocentro;5;29;0;6.175;0;0;0;0;18;0;0;2;0;0;10;3;1;0;2;0;0;0;0;0;0;0
107160;539;2019;Defensa;1;13;0;6.3;0;0;0;0;6;0;0;1;0;0;1;1;0;0;0;0;0;0;0;0;0;0
119795;539;2019;Mediocentro;1;1;0;0.0;0;0;0;0;0;0;0;0;0;0;2;2;2;0;0;0;0;0;0;0;0;0
1583;539;2019;Delantero;22;662;6;6.475;1;0;21;5;51;2;47;3;0;1;29;13;9;0;8;3;2;0;0;0;0;0
46651;539;2019;Defensa;23;1846;20;6.672727;0;2;4;2;489;9;72;23;9;22;53;29;20;0;32;18;4;0;0;0;0;0
47213;540;2019;Defensa;7;473;5;6.628571;0;0;1;1;152;4;0;9;0;6;48;26;5;0;10;4;2;0;0;0;0;0
47249;540;2019;Defensa;17;1530;17;6.994117;0;1;1;0;777;7;0;27;12;21;134;85;7;0;5;5;2;0;0;0;0;0
47284;540;2019;Mediocentro;8;240;3;6.4375;0;0;0;0;54;0;65;2;0;1;4;0;1;0;1;1;1;0;0;0;0;0
47327;540;2019;Portero;36;3233;36;6.711428;0;0;0;0;535;1;55;2;0;2;3;3;5;0;3;3;4;0;0;57;102;1
47329;540;2019;Defensa;20;1081;11;6.505;1;0;11;5;367;4;0;19;1;11;122;62;18;0;30;16;3;0;0;0;0;0
47330;540;2019;Defensa;18;1332;15;6.583333;0;1;6;0;676;3;0;24;7;21;125;60;4;0;4;3;7;0;0;0;0;0
47332;540;2019;Defensa;4;299;3;6.525;0;0;1;0;239;0;53;4;0;1;18;12;1;0;1;1;1;0;0;0;0;0
47333;540;2019;Defensa;17;1386;16;6.63125;0;0;1;0;538;10;0;47;6;21;196;112;23;0;25;17;4;0;0;0;0;0
47334;540;2019;Defensa;32;2462;29;6.665625;4;2;13;11;1382;14;0;38;13;35;276;143;25;0;6;4;4;0;0;0;0;0
47335;540;2019;Defensa;30;2494;28;6.682758;0;0;16;3;678;17;66;66;5;37;89;45;26;0;16;9;9;0;0;0;0;0
47336;540;2019;Mediocentro;36;2658;29;6.683333;2;1;32;9;1019;32;0;47;1;24;263;119;26;0;42;20;5;0;0;0;0;0
47337;540;2019;Mediocentro;11;472;5;6.681818;1;0;7;7;154;11;77;6;2;3;0;0;6;0;7;6;5;0;0;0;0;0
47339;540;2019;Mediocentro;24;1111;12;6.556521;0;0;2;0;343;13;0;10;2;2;118;65;40;0;15;9;0;0;0;0;0;0
47340;540;2019;Mediocentro;3;53;0;6.666666;0;0;3;0;20;0;92;2;0;0;0;0;2;0;1;1;0;0;0;0;0;0
47341;540;2019;Mediocentro;35;3019;35;6.797142;2;1;16;5;1670;28;0;82;10;31;363;151;23;0;26;15;8;0;2;0;0;0
47342;540;2019;Mediocentro;25;1691;20;6.745833;0;1;10;1;670;23;73;53;8;21;16;11;28;0;14;11;10;0;0;0;0;0
47344;540;2019;Delantero;20;866;9;6.442105;0;0;10;6;141;2;0;12;0;2;157;52;17;0;19;9;2;0;0;0;0;0
47346;540;2019;Delantero;16;566;5;6.575;1;0;7;5;68;4;51;6;0;2;13;5;8;0;3;3;2;0;0;0;0;0
47350;540;2019;Delantero;33;1724;21;6.6;4;0;36;15;282;17;0;13;1;15;195;76;18;0;27;15;3;0;0;0;0;0
47368;540;2019;Delantero;27;1815;20;6.848148;1;3;39;13;340;18;0;12;3;7;441;209;51;0;33;19;5;0;0;0;0;0
47449;540;2019;Portero;2;180;2;7.05;0;0;0;0;48;0;0;0;0;0;0;0;0;0;0;0;0;0;0;0;3;1
47478;540;2019;Defensa;15;1044;12;6.466666;0;0;0;0;593;0;0;14;5;8;73;35;6;0;1;1;4;1;0;0;0;0
47505;540;2019;Defensa;26;2261;26;6.611538;3;0;18;8;1112;4;0;24;11;24;263;160;18;0;4;3;5;1;0;0;0;0
47523;540;2019;Delantero;1;3;0;6.3;0;0;0;0;2;0;0;0;0;0;2;0;0;0;0;0;0;0;0;0;0;0
47551;540;2019;Delantero;14;1074;11;6.992857;4;0;28;14;264;6;0;9;1;10;202;89;24;0;45;30;5;0;1;0;0;0
127426;540;2019;Mediocentro;5;171;2;6.52;0;0;0;0;84;1;0;5;0;1;17;6;0;0;0;0;0;1;0;0;0;0
47554;540;2019;Delantero;18;1381;17;6.966666;2;4;29;15;316;24;0;37;4;16;241;103;27;0;65;29;4;0;1;0;0;0
560;540;2019;Defensa;3;270;3;7.066666;0;0;2;1;122;7;0;2;2;5;27;13;5;0;11;6;1;0;0;0;0;0
128581;540;2019;Mediocentro;6;181;2;6.666666;0;0;3;3;67;5;0;3;0;1;41;17;7;0;10;7;1;0;0;0;0;0
153290;540;2019;Defensa;18;1268;14;6.55;0;0;3;0;495;11;0;13;0;21;122;54;22;0;14;6;2;0;0;0;0;0
6066;540;2019;Mediocentro;21;1020;10;6.595;0;3;11;2;339;17;0;13;2;3;161;62;21;0;47;26;1;0;0;0;0;0
2296;541;2019;Delantero;16;1087;14;7.1;1;3;19;13;493;21;86;7;0;7;50;27;50;0;72;49;0;0;0;0;0;0
253;541;2019;Portero;4;360;4;6.625;0;0;0;0;107;0;0;0;0;0;3;1;0;0;0;0;1;0;0;5;9;0
372;541;2019;Defensa;15;1018;10;6.926666;0;0;1;1;671;2;0;25;6;20;118;77;15;0;3;1;3;0;0;0;0;0
517;541;2019;Mediocentro;8;419;5;7.325;1;1;8;1;271;14;0;17;0;3;49;30;8;0;1;1;1;0;0;0;0;0
653;541;2019;Defensa;25;1804;19;7.088;1;2;7;3;1009;20;0;32;5;22;220;136;29;0;69;49;7;0;0;0;0;0
730;541;2019;Portero;34;3060;34;7.091176;0;0;1;1;882;0;0;0;0;2;11;9;4;0;0;0;1;0;0;20;76;0
733;541;2019;Defensa;31;2741;31;7.277419;1;5;16;9;1995;41;55;65;14;36;289;147;30;0;53;25;11;0;0;0;0;0
735;541;2019;Defensa;6;437;4;7.133333;1;0;5;1;250;3;0;11;3;12;61;32;7;0;5;1;3;0;0;0;0;0
737;541;2019;Defensa;4;344;4;6.525;0;1;0;0;123;5;0;5;0;2;35;15;4;0;8;6;2;0;0;0;0;0
738;541;2019;Defensa;35;3017;35;7.251428;11;0;35;17;2151;5;55;46;9;49;279;152;28;0;13;11;10;0;6;0;0;0
742;541;2019;Defensa;32;2823;32;7.093548;2;1;11;2;1414;7;86;27;16;29;46;25;12;0;12;8;2;0;0;0;0;0
743;541;2019;Defensa;15;1299;15;7.235714;1;2;16;5;724;26;83;17;2;17;37;22;17;0;24;18;2;0;0;0;0;0
744;541;2019;Mediocentro;16;67;7;6.58;0;0;3;2;40;0;0;1;0;0;19;9;6;0;5;2;1;0;0;0;0;0
745;541;2019;Mediocentro;23;1188;15;6.943478;1;2;18;14;810;23;0;13;0;7;154;82;30;0;45;33;2;0;0;0;0;0
747;541;2019;Mediocentro;35;3091;35;7.294285;4;3;36;13;2153;14;51;96;10;68;527;290;65;0;33;29;12;0;0;0;0;0
746;541;2019;Delantero;9;334;3;7.066666;3;1;7;5;145;8;0;4;0;1;33;15;4;0;9;5;0;0;0;0;0;0
752;541;2019;Mediocentro;35;2656;31;7.514705;4;5;57;20;2147;60;92;47;0;23;69;39;43;0;35;31;2;0;0;0;0;0
754;541;2019;Mediocentro;31;1998;22;7.129032;3;7;23;13;1390;44;0;37;2;21;245;119;28;0;62;43;7;1;0;0;0;0
756;541;2019;Mediocentro;33;1906;21;6.875;2;5;17;11;1080;20;0;38;4;21;185;92;10;0;27;19;1;0;0;0;0;0
757;541;2019;Defensa;18;839;8;6.826666;2;1;6;3;491;17;0;23;0;10;127;55;12;0;28;17;1;0;0;0;0;0
758;541;2019;Delantero;16;1092;12;6.9625;2;2;34;12;346;14;77;7;2;6;9;5;10;0;29;18;3;0;0;0;0;0
759;541;2019;Delantero;37;3155;36;7.435135;21;8;107;60;1285;59;0;18;4;7;241;100;15;0;68;38;0;0;5;0;0;0
760;541;2019;Delantero;5;40;0;6.9;1;0;3;1;5;0;0;0;0;0;4;0;0;0;0;0;1;0;0;0;0;0
762;541;2019;Delantero;29;1353;12;6.668965;3;1;29;17;502;23;0;26;0;4;217;104;26;0;102;48;4;0;0;0;0;0
10009;541;2019;Delantero;19;1023;12;6.721052;2;0;13;8;454;15;0;6;0;10;145;61;19;0;55;27;0;0;0;0;0;0
1828;541;2019;Delantero;17;420;4;6.685714;2;1;12;3;134;6;0;2;0;2;46;23;1;0;9;5;2;0;0;0;0;0
38;542;2019;Defensa;6;235;2;6.516666;0;0;0;0;47;0;0;2;4;4;28;9;6;0;1;0;1;0;0;0;0;0
47326;542;2019;Portero;9;789;8;6.833333;0;0;1;0;112;0;48;1;0;0;5;5;2;0;0;0;1;0;0;19;36;0
47352;542;2019;Portero;27;2359;27;6.659259;0;0;0;0;723;2;0;1;0;0;7;5;0;0;0;0;0;1;0;37;65;1
47353;542;2019;Portero;3;270;3;6.4;0;0;0;0;74;0;0;0;0;0;3;2;0;0;0;0;1;0;0;3;2;1
47354;542;2019;Defensa;31;2097;23;6.516666;1;1;2;1;752;10;0;55;7;18;221;117;19;0;29;17;5;1;0;0;0;0
47355;542;2019;Defensa;31;2663;30;6.66129;0;1;17;8;983;14;0;61;8;47;303;159;39;0;12;4;11;0;0;0;0;0
47356;542;2019;Defensa;25;2125;24;6.824;2;0;6;2;889;2;0;22;19;32;215;124;12;0;3;3;9;1;0;0;0;0
47357;542;2019;Defensa;31;2658;31;6.64;1;1;10;2;720;9;69;19;18;37;55;30;7;0;5;4;9;1;0;0;0;0
47358;542;2019;Defensa;12;852;9;6.558333;0;0;2;0;252;6;0;22;4;13;94;44;4;0;21;9;1;0;0;0;0;0
47360;542;2019;Defensa;23;1904;22;6.656521;0;0;6;2;674;3;0;34;7;52;195;108;32;0;14;8;8;0;0;0;0;0
47363;542;2019;Mediocentro;30;1965;22;6.371428;0;0;19;6;505;3;70;45;12;28;39;13;38;0;9;6;10;0;0;0;0;0
47362;542;2019;Mediocentro;2;20;0;6.2;0;0;0;0;4;0;0;0;0;0;0;0;1;0;0;0;0;0;0;0;0;0
47365;542;2019;Mediocentro;20;1349;17;6.783333;1;0;2;1;417;5;76;30;5;16;77;41;19;0;11;10;5;0;0;0;0;0
47369;542;2019;Delantero;3;72;0;6.266666;0;0;0;0;23;0;0;0;0;1;18;9;5;0;3;2;0;0;0;0;0;0
47371;542;2019;Delantero;5;93;1;6.475;0;0;1;0;32;1;0;2;0;0;11;7;1;0;4;3;0;0;0;0;0;0
133453;542;2019;Delantero;19;565;5;6.4;1;0;7;4;101;6;0;16;0;3;127;44;8;0;30;12;1;0;0;0;0;0
182636;542;2019;Defensa;1;90;1;6.3;0;0;0;0;17;0;0;6;1;1;11;8;0;0;3;2;0;0;0;0;0;0
18833;542;2019;Delantero;34;2503;29;6.967647;11;5;34;19;571;65;0;12;2;2;201;64;19;0;51;23;4;0;5;0;0;0
47518;542;2019;Mediocentro;30;1068;7;6.446428;1;1;1;1;377;6;0;28;3;12;138;61;14;0;16;3;3;0;0;0;0;0
18907;542;2019;Delantero;36;2786;31;7.086111;11;2;71;30;967;15;0;26;5;13;697;404;58;0;34;13;6;0;1;0;0;0
2553;542;2019;Defensa;1;90;1;7.3;0;0;0;0;12;0;0;1;0;2;9;6;0;0;0;0;0;0;0;0;0;0
534;542;2019;Defensa;17;1194;13;6.466666;1;1;6;2;444;4;0;22;6;16;115;61;5;0;3;2;4;0;0;0;0;0
18998;542;2019;Mediocentro;17;1300;15;6.7;0;1;7;2;514;14;0;18;3;15;121;56;15;0;30;13;1;0;0;0;0;0
571;542;2019;Mediocentro;13;791;11;6.454545;0;0;1;0;201;1;82;18;1;6;52;20;7;0;1;0;2;0;0;0;0;0
35575;542;2019;Delantero;16;865;10;6.4875;1;0;6;3;176;5;0;11;2;5;137;55;18;0;21;13;3;0;0;0;0;0
2979;542;2019;Mediocentro;1;21;0;6.2;0;0;1;1;4;0;0;0;0;0;5;0;0;0;0;0;0;0;0;0;0;0
1124;542;2019;Delantero;31;1420;14;6.503333;1;2;16;8;316;6;0;19;0;8;205;98;11;0;50;28;2;0;0;0;0;0
146750;542;2019;Mediocentro;0;0;0;0.0;0;0;0;0;0;0;0;0;0;0;0;0;0;0;0;0;0;0;0;0;0;0
3426;542;2019;Mediocentro;16;1289;15;6.775;0;0;14;1;344;5;75;47;5;17;0;0;24;0;37;25;11;0;0;0;0;0
140834;542;2019;Mediocentro;3;150;1;6.366666;0;0;0;0;38;0;0;4;0;5;28;14;4;0;4;3;1;0;0;0;0;0
46860;542;2019;Mediocentro;1;53;1;6.3;0;0;0;0;14;0;0;0;1;0;3;0;0;0;1;0;0;0;0;0;0;0
46933;542;2019;Delantero;28;1641;19;6.489285;0;0;6;2;381;15;0;18;0;16;182;70;16;0;52;25;3;0;0;0;0;0
2047;542;2019;Defensa;29;2177;26;6.851724;2;4;23;10;551;43;75;20;1;23;18;8;47;0;51;24;6;0;0;0;0;0
143;543;2019;Mediocentro;17;730;7;6.5;1;0;1;1;152;0;0;2;0;0;19;7;2;0;3;2;2;0;0;0;0;0
47320;543;2019;Delantero;8;261;2;6.425;1;0;6;3;52;1;0;4;0;0;23;11;1;0;3;2;1;1;0;0;0;0
47348;543;2019;Delantero;35;1920;21;6.597058;3;2;31;12;310;16;0;7;4;5;215;81;20;0;34;16;3;1;0;0;0;0
2476;543;2019;Mediocentro;14;938;11;6.928571;1;0;8;3;512;3;0;24;4;10;126;76;20;0;15;13;5;0;0;0;0;0
47547;543;2019;Defensa;31;2265;25;6.633333;0;4;16;8;976;25;0;37;8;23;271;134;31;0;80;47;5;0;0;0;0;0
668;543;2019;Delantero;32;2649;31;7.115625;7;4;76;41;952;42;0;41;3;10;525;281;113;0;151;98;8;0;1;0;0;0
146750;543;2019;Mediocentro;3;83;1;0.0;0;0;0;0;0;0;0;0;0;0;0;0;0;0;0;0;1;0;0;0;0;0
146751;543;2019;Delantero;3;16;0;6.3;0;0;0;0;7;0;0;0;0;0;5;1;0;0;0;0;0;0;0;0;0;0
1558;543;2019;Portero;33;2888;33;6.645454;0;0;0;0;1009;0;0;0;0;0;9;6;1;0;0;0;3;1;0;48;85;1
1560;543;2019;Defensa;12;638;7;6.718181;0;1;2;0;329;8;85;6;2;7;14;8;13;0;3;2;4;0;0;0;0;0
1561;543;2019;Defensa;30;2527;29;6.95;3;1;18;4;1671;6;47;62;24;35;337;201;27;0;18;14;8;0;0;0;0;0
1562;543;2019;Defensa;14;1178;14;6.992857;1;0;4;2;846;1;54;23;12;21;93;63;4;0;8;5;0;0;0;0;0;0
1563;543;2019;Defensa;17;1433;16;6.917647;1;2;10;3;915;6;83;21;9;23;57;34;9;0;4;4;10;2;0;0;0;0
1565;543;2019;Defensa;10;687;9;6.52;0;0;4;1;354;0;0;8;2;10;77;40;5;0;7;2;3;0;0;0;0;0
1566;543;2019;Defensa;33;2841;32;6.890909;3;6;19;5;1265;29;0;74;9;31;425;246;95;0;44;14;11;0;0;0;0;0
1567;543;2019;Defensa;29;2578;29;6.906896;0;0;10;3;1798;7;55;33;15;38;202;115;18;0;6;5;10;0;0;0;0;0
1570;543;2019;Mediocentro;36;3167;36;7.169444;6;6;37;17;2068;82;50;25;1;13;265;128;46;0;68;51;5;0;3;0;0;0
1571;543;2019;Mediocentro;8;374;4;6.471428;0;0;3;1;167;0;83;0;0;4;2;1;5;0;1;1;2;0;0;0;0;0
1573;543;2019;Mediocentro;28;2055;25;6.657142;0;3;11;4;1023;26;0;30;4;18;200;83;22;0;26;18;9;0;0;0;0;0
1576;543;2019;Mediocentro;5;192;2;6.46;0;0;3;0;56;1;80;3;1;1;0;0;3;0;3;2;1;0;0;0;0;0
1577;543;2019;Mediocentro;15;338;2;6.514285;0;0;3;2;105;4;0;6;0;1;76;38;14;0;24;16;0;0;0;0;0;0
1579;543;2019;Mediocentro;34;2071;25;7.021212;8;3;32;14;856;58;83;13;2;14;35;24;27;0;77;51;4;0;2;0;0;0
1580;543;2019;Mediocentro;13;894;11;6.553846;0;0;6;2;628;9;42;7;5;4;102;54;8;0;25;20;6;1;0;0;0;0
1584;543;2019;Delantero;36;2029;21;6.852777;10;3;41;18;275;18;0;18;6;9;262;118;47;0;35;14;2;1;0;0;0;0
1586;543;2019;Delantero;27;770;5;6.596296;2;0;12;6;345;6;0;8;0;4;59;28;4;0;21;13;1;0;0;0;0;0
1702;543;2019;Defensa;21;1350;15;6.7;1;0;11;7;611;10;0;30;6;16;154;84;22;0;32;20;3;0;0;0;0;0
46871;543;2019;Portero;6;530;5;6.3;0;0;0;0;149;1;0;0;0;0;2;2;1;0;0;0;0;0;0;12;13;0
41149;545;2019;Defensa;6;438;6;6.433333;0;0;0;0;135;7;0;6;0;2;42;15;2;0;2;0;1;0;0;0;0;0
47260;545;2019;Mediocentro;18;872;9;6.658823;0;0;5;3;281;8;0;35;3;8;151;77;24;0;16;9;1;0;0;0;0;0
47377;545;2019;Defensa;24;2007;22;6.691666;1;0;11;2;1086;6;0;33;4;29;193;110;12;0;13;9;5;0;0;0;0;0
47378;545;2019;Defensa;23;1779;21;6.9;3;0;7;5;685;2;0;18;10;36;161;102;19;0;1;0;2;0;0;0;0;0
47382;545;2019;Defensa;7;459;6;6.566666;1;0;4;2;173;1;81;1;0;4;0;0;5;0;3;3;1;0;0;0;0;0
47383;545;2019;Defensa;26;2089;23;6.824;1;0;9;4;837;2;0;31;13;42;218;136;15;0;4;3;6;0;0;0;0;0
47384;545;2019;Defensa;28;2362;27;6.967857;1;1;18;7;1025;28;0;54;7;33;227;144;13;0;35;27;4;0;0;0;0;0
47385;545;2019;Mediocentro;18;1149;14;6.46875;0;0;3;0;433;5;0;37;2;17;156;76;7;0;9;8;6;0;0;0;0;0
47386;545;2019;Mediocentro;30;1593;15;6.61;2;3;13;6;742;20;0;41;0;24;206;89;12;0;22;12;1;0;1;0;0;0
47387;545;2019;Mediocentro;30;2257;25;6.651724;1;0;25;6;543;15;73;34;5;33;79;43;33;0;12;4;7;0;0;0;0;0
47388;545;2019;Mediocentro;23;1672;18;6.621739;0;1;19;5;633;9;0;41;4;29;271;144;30;0;22;16;8;0;0;0;0;0
47390;545;2019;Delantero;29;2398;28;6.766666;8;6;40;19;613;44;76;25;0;20;61;20;53;0;123;61;9;1;4;0;0;0
47392;545;2019;Mediocentro;31;1903;23;6.832258;1;2;29;14;503;41;0;28;1;19;221;98;18;0;31;19;4;0;0;0;0;0
47395;545;2019;Delantero;30;1871;21;6.676666;1;4;22;7;530;11;0;17;2;9;434;161;23;0;13;9;6;0;0;0;0;0
47396;545;2019;Delantero;27;1774;20;6.796296;5;1;45;18;483;11;0;13;1;1;426;162;29;0;22;8;2;0;0;0;0;0
47394;545;2019;Delantero;30;1294;13;6.644444;6;0;20;9;215;11;70;8;2;7;69;24;20;0;6;1;8;0;0;0;0;0
47397;545;2019;Mediocentro;1;6;0;6.2;0;0;0;0;1;0;0;0;0;0;1;1;1;0;0;0;0;0;0;0;0;0
2600;545;2019;Mediocentro;29;1964;23;6.548275;2;3;28;12;521;19;0;20;4;18;211;80;26;0;44;22;2;0;0;0;0;0
2813;545;2019;Portero;35;3150;35;6.754285;0;0;1;1;971;1;0;3;0;3;20;17;1;0;1;1;3;0;0;51;74;3
47476;545;2019;Portero;3;270;3;7.0;0;0;0;0;86;0;0;0;0;1;2;1;0;0;0;0;1;0;0;5;12;3
181867;545;2019;Mediocentro;3;27;0;6.45;0;0;0;0;14;0;0;1;1;2;8;4;1;0;0;0;0;0;0;0;0;0
46709;545;2019;Defensa;18;1448;16;6.822222;0;0;4;1;538;17;0;30;4;28;139;73;18;0;14;6;4;0;0;0;0;0
46757;545;2019;Defensa;12;932;11;6.708333;0;0;4;1;358;5;0;13;4;16;108;57;10;0;7;5;3;0;0;0;0;0
46799;545;2019;Mediocentro;35;2310;24;6.847058;4;1;27;17;906;20;0;52;6;31;286;132;18;0;30;20;3;0;1;0;0;0
46809;545;2019;Delantero;15;481;4;6.7;0;1;9;1;122;6;0;2;0;0;100;49;13;0;8;5;0;0;0;0;0;0
46940;545;2019;Defensa;15;1115;11;6.686666;1;0;2;1;390;1;0;11;6;17;75;49;4;0;5;4;3;0;0;0;0;0
47247;546;2019;Portero;38;3420;38;6.797368;0;0;0;0;1093;0;0;2;0;3;13;9;0;0;0;0;2;0;0;37;75;0
47249;546;2019;Defensa;18;1532;18;6.994117;2;1;1;0;777;7;0;27;12;21;134;85;7;0;5;5;3;0;0;0;0;0
47250;546;2019;Defensa;34;3060;34;6.705882;0;0;5;1;1012;6;0;42;7;34;295;167;25;0;18;14;5;0;0;0;0;0
47252;546;2019;Defensa;2;180;2;6.1;0;0;0;0;56;0;82;2;0;0;0;0;2;0;0;0;1;0;0;0;0;0
47254;546;2019;Defensa;24;1871;21;6.658333;0;1;5;1;603;10;0;64;3;23;324;175;17;0;35;23;6;0;0;0;0;0
47257;546;2019;Defensa;30;2598;30;6.883333;1;4;13;5;1044;33;0;62;2;27;329;169;48;0;39;24;15;1;0;0;0;0
47258;546;2019;Mediocentro;35;3072;34;6.802857;1;1;33;7;896;16;0;72;5;43;461;236;63;0;43;30;10;0;0;0;0;0
47259;546;2019;Mediocentro;2;70;0;6.5;0;0;1;0;9;0;56;0;0;0;0;0;0;0;0;0;2;0;0;0;0;0
47262;546;2019;Mediocentro;16;365;3;6.6375;0;2;2;1;159;8;0;11;0;2;57;25;3;0;12;9;3;0;0;0;0;0
47264;546;2019;Delantero;12;374;4;6.6;1;1;5;3;68;3;0;6;0;1;102;36;16;0;0;0;3;0;0;0;0;0
47265;546;2019;Delantero;34;1893;23;6.775757;5;3;31;10;358;22;65;8;2;5;102;49;45;0;39;22;6;1;2;0;0;0
47266;546;2019;Delantero;32;1388;9;6.803125;10;3;43;23;276;18;0;14;1;3;261;88;26;0;33;20;6;0;1;0;0;0
47255;546;2019;Defensa;1;5;0;6.2;0;0;0;0;0;0;0;0;0;0;0;0;0;0;0;0;0;0;0;0;0;0
47380;546;2019;Defensa;37;3250;37;6.832432;1;5;21;6;1126;53;0;74;8;36;475;210;62;0;50;23;9;0;0;0;0;0
47407;546;2019;Defensa;34;2436;31;6.508823;2;0;9;4;620;10;0;45;5;14;262;119;23;0;34;15;13;2;0;0;0;0
104793;546;2019;Delantero;7;59;0;6.357142;0;0;0;0;17;0;0;2;0;0;27;12;4;0;10;5;0;0;0;0;0;0
47452;546;2019;Defensa;4;268;3;6.65;0;0;0;0;112;0;0;3;1;3;32;16;1;0;0;0;0;0;0;0;0;0
47459;546;2019;Defensa;4;308;3;6.65;0;0;2;0;125;0;0;4;0;5;40;18;1;0;1;1;4;0;0;0;0;0
47473;546;2019;Mediocentro;20;1182;14;6.947368;1;4;16;8;305;25;0;29;3;18;210;100;31;0;52;24;5;0;0;0;0;0
47506;546;2019;Defensa;4;245;3;6.875;0;0;0;0;51;3;63;5;1;4;0;0;4;0;6;4;0;0;0;0;0;0
47565;546;2019;Defensa;17;1446;16;6.75;0;0;6;2;207;2;52;19;5;17;66;38;12;0;1;0;7;1;0;0;0;0
18902;546;2019;Mediocentro;19;573;3;6.641176;1;3;8;3;157;10;0;9;0;11;102;42;9;0;31;18;2;0;0;0;0;0
47581;546;2019;Delantero;5;162;2;6.52;0;0;2;1;49;0;0;3;0;2;44;18;2;0;3;1;0;0;0;0;0;0
86511;546;2019;Defensa;1;0;0;0.0;0;0;0;0;0;0;0;0;0;0;1;0;0;0;0;0;0;0;0;0;0;0
2671;546;2019;Delantero;34;2759;33;6.92647;11;3;50;25;704;29;0;21;1;7;483;190;53;0;32;14;14;0;3;0;0;0
2715;546;2019;Mediocentro;10;401;5;6.7;0;0;7;3;157;9;0;1;0;4;37;16;5;0;1;1;2;0;0;0;0;0
2774;546;2019;Mediocentro;10;574;6;6.7;1;0;8;3;200;3;0;12;1;11;82;45;7;0;6;4;4;0;0;0;0;0
2824;546;2019;Mediocentro;35;2898;33;6.774285;2;0;28;11;726;14;0;49;7;56;283;145;11;0;16;11;5;0;0;0;0;0
9934;546;2019;Delantero;5;205;3;6.52;0;1;4;1;61;2;0;0;1;0;49;20;0;0;5;3;2;0;0;0;0;0
47010;546;2019;Mediocentro;22;937;10;6.673684;3;0;15;7;402;4;0;9;3;18;123;69;14;0;4;4;4;0;0;0;0;0
47269;548;2019;Portero;25;2250;25;6.856;0;0;0;0;837;1;0;0;0;0;11;10;5;0;0;0;0;0;0;32;63;0
47295;548;2019;Portero;13;1170;13;6.953846;0;0;0;0;312;0;77;0;0;1;2;1;0;0;2;2;0;0;0;16;36;0
47298;548;2019;Defensa;22;1502;17;6.813636;0;1;7;1;964;6;0;28;8;15;165;103;9;0;4;2;4;0;0;0;0;0
47299;548;2019;Defensa;14;713;8;6.576923;0;0;1;1;346;5;0;14;1;13;78;35;9;0;5;4;2;0;0;0;0;0
47301;548;2019;Defensa;31;2389;25;6.848387;1;0;11;2;1727;5;48;48;7;20;249;158;22;0;3;2;6;0;0;0;0;0
47302;548;2019;Defensa;29;2330;27;6.682758;1;1;10;4;1630;5;49;30;7;28;211;124;16;0;9;8;6;0;0;0;0;0
47303;548;2019;Defensa;15;980;11;6.607142;0;0;0;0;488;2;0;28;2;2;109;61;9;0;11;5;1;0;0;0;0;0
47304;548;2019;Defensa;1;5;0;6.888461;0;2;18;8;559;33;0;56;3;31;297;142;29;0;51;36;0;0;0;0;0;0
47307;548;2019;Defensa;30;2551;29;6.8;0;2;4;2;1180;18;0;62;7;37;340;211;61;0;36;18;7;0;0;0;0;0
47308;548;2019;Delantero;2;29;0;6.55;0;1;1;0;18;2;0;0;0;0;2;2;0;0;1;1;0;0;0;0;0;0
47309;548;2019;Mediocentro;14;941;11;6.576923;0;0;2;0;675;6;43;27;3;8;130;58;5;0;13;11;4;0;0;0;0;0
47310;548;2019;Mediocentro;3;217;3;6.833333;0;0;1;0;165;1;86;2;1;5;0;0;3;0;1;0;0;0;0;0;0;0
47311;548;2019;Mediocentro;36;3143;35;7.05;5;1;34;14;1934;33;40;79;8;51;690;378;91;0;60;37;9;0;0;0;0;0
47313;548;2019;Mediocentro;11;371;5;6.73;0;1;5;5;186;9;0;1;0;1;43;23;7;0;9;6;0;0;0;0;0;0
47314;548;2019;Defensa;33;2639;29;6.715151;0;1;8;1;1691;5;44;42;21;26;307;149;23;0;24;19;9;0;0;0;0;0
47316;548;2019;Mediocentro;5;156;2;6.44;0;0;0;0;57;0;79;4;0;4;9;5;3;0;0;0;1;0;0;0;0;0
47317;548;2019;Delantero;17;431;3;6.486666;1;0;12;5;155;8;0;12;0;3;96;43;5;0;39;22;1;0;0;0;0;0
47319;548;2019;Delantero;37;2016;24;6.74054;11;1;42;19;557;19;0;5;4;1;174;78;25;0;14;7;4;0;0;0;0;0
47321;548;2019;Mediocentro;3;49;0;6.933333;0;1;0;0;40;1;0;4;0;0;17;12;3;0;3;2;0;0;0;0;0;0
47315;548;2019;Mediocentro;9;571;6;6.777777;0;0;3;0;417;5;40;16;0;9;67;42;6;0;6;3;3;0;0;0;0;0
47323;548;2019;Delantero;37;3063;36;7.108108;10;11;47;22;1036;50;0;36;2;13;419;204;55;0;103;67;4;0;4;0;0;0
37127;548;2019;Mediocentro;31;2533;29;7.164516;4;6;36;16;1494;66;40;27;0;17;289;138;37;0;105;64;3;0;0;0;0;0
182546;548;2019;Defensa;1;78;1;6.3;0;0;0;0;37;0;0;0;0;0;5;2;0;0;1;1;0;0;0;0;0;0
47520;548;2019;Delantero;35;2394;25;6.811428;7;8;30;17;559;34;0;32;3;13;232;85;23;0;30;11;5;0;0;0;0;0
2864;548;2019;Delantero;37;1497;14;6.67027;9;1;36;22;289;14;0;7;0;3;177;62;15;0;30;17;4;0;0;0;0;0
2924;548;2019;Mediocentro;24;1164;13;6.858333;3;3;15;8;423;23;0;8;1;7;198;88;39;0;68;37;3;0;0;0;0;0
1447;548;2019;Defensa;29;2392;27;6.864285;2;0;19;7;879;12;83;36;5;43;67;39;16;0;14;10;3;0;0;0;0;0
2051;715;2019;Mediocentro;19;1509;17;6.838888;0;0;4;2;451;8;80;58;3;18;9;5;25;0;19;13;7;0;0;0;0;0
47251;715;2019;Defensa;17;1114;12;6.764705;1;0;4;2;297;6;0;25;3;16;135;73;17;0;21;16;4;0;0;0;0;0
147797;715;2019;Delantero;8;177;2;6.542857;1;0;2;2;28;2;0;1;0;0;35;12;3;0;9;4;2;0;0;0;0;0
2449;715;2019;Mediocentro;30;2376;28;6.86;2;3;26;4;916;18;0;88;9;34;477;240;56;0;34;18;14;0;0;0;0;0
2459;715;2019;Delantero;36;2126;20;6.972222;7;5;53;28;435;40;0;23;4;31;300;141;43;0;94;54;5;0;1;0;0;0
741;715;2019;Defensa;11;627;7;6.688888;0;0;0;0;234;0;0;6;4;5;35;17;1;0;2;2;1;0;0;0;0;0
1346;715;2019;Defensa;4;232;3;6.6;0;0;1;0;61;0;0;4;0;5;26;11;2;0;4;2;1;0;0;0;0;0
1375;715;2019;Delantero;33;2362;30;6.78125;7;4;31;13;365;28;69;10;4;4;59;20;38;0;28;10;14;0;1;0;0;0
46672;715;2019;Portero;35;3150;35;6.891428;0;0;0;0;1158;2;0;2;0;2;11;11;4;0;1;1;3;0;0;42;100;0
46673;715;2019;Portero;3;270;3;7.266666;0;0;0;0;104;0;0;1;0;0;1;1;0;0;0;0;0;0;0;3;11;0
1615;715;2019;Delantero;12;349;3;6.68;0;1;5;3;117;7;0;19;1;3;75;33;1;0;14;8;1;0;0;0;0;0
46677;715;2019;Defensa;36;2887;33;7.034285;1;5;16;1;742;29;64;64;22;49;70;47;11;0;25;11;4;0;0;0;0;0
46679;715;2019;Defensa;10;716;8;6.5;0;0;5;0;211;7;0;25;1;10;85;45;6;0;17;6;2;0;0;0;0;0
46680;715;2019;Defensa;20;1187;13;6.636842;0;1;2;0;487;1;0;21;4;18;104;69;7;0;5;5;0;0;0;0;0;0
46682;715;2019;Defensa;26;2211;25;6.592307;0;1;7;4;591;10;0;16;2;28;154;81;38;0;15;5;2;0;0;0;0;0
46683;715;2019;Defensa;28;2295;26;6.817857;2;0;9;4;948;5;0;16;23;33;225;121;22;0;1;1;11;0;0;0;0;0
46681;715;2019;Defensa;1;14;0;6.7;0;0;1;0;5;0;0;0;0;0;0;0;0;0;0;0;1;0;0;0;0;0
46685;715;2019;Mediocentro;25;1356;14;6.620833;2;0;20;4;292;6;78;10;2;19;34;16;19;0;10;3;3;0;0;0;0;0
181852;715;2019;Delantero;1;1;0;6.7;0;0;0;0;0;0;0;0;0;0;2;2;2;0;0;0;0;0;0;0;0;0
46687;715;2019;Mediocentro;15;972;11;7.192857;2;5;14;5;429;21;80;15;2;13;7;6;18;0;10;7;6;0;0;0;0;0
46689;715;2019;Mediocentro;36;2562;27;6.619444;7;3;36;18;674;19;0;37;3;12;450;185;37;0;89;48;7;0;0;0;0;0
46692;715;2019;Mediocentro;22;1222;15;6.795454;3;1;17;5;263;22;74;13;0;7;0;0;20;0;39;20;0;0;1;0;0;0
46693;715;2019;Mediocentro;18;879;11;6.705555;2;1;9;3;303;19;0;5;1;5;94;42;16;0;23;13;1;0;1;0;0;0
46695;715;2019;Delantero;7;222;2;6.642857;0;0;6;1;50;2;66;4;0;1;0;0;6;0;1;0;0;0;0;0;0;0
46795;715;2019;Defensa;36;3086;34;6.855555;3;1;10;5;1253;1;0;30;24;34;239;135;22;0;7;5;7;0;0;0;0;0
46808;715;2019;Delantero;34;2195;21;6.773529;10;3;39;20;605;20;0;24;2;11;488;196;45;0;54;30;8;0;1;0;0;0
46920;715;2019;Mediocentro;28;1502;18;6.539285;0;0;6;0;409;4;0;37;4;24;234;113;32;0;30;18;4;0;0;0;0;0
30737;720;2019;Defensa;5;450;5;6.44;0;0;1;1;175;1;0;12;2;8;40;26;5;0;3;2;3;0;0;0;0;0
47324;720;2019;Delantero;24;1307;15;6.775;3;1;37;17;322;12;0;12;1;7;171;79;42;0;34;16;2;0;0;0;0;0
47474;720;2019;Portero;35;3150;35;6.838235;0;0;0;0;422;1;46;1;0;1;3;3;2;0;0;0;2;0;0;35;86;1
47480;720;2019;Defensa;31;2726;30;6.919354;1;1;4;1;1104;2;0;41;26;35;231;141;13;0;10;10;4;0;0;0;0;0
47481;720;2019;Defensa;23;1894;21;6.808695;0;2;6;2;842;26;0;43;8;25;170;76;11;0;23;12;2;0;0;0;0;0
47482;720;2019;Defensa;26;2231;26;6.711538;0;0;5;0;810;13;0;19;5;27;184;102;23;0;20;17;4;0;0;0;0;0
47483;720;2019;Defensa;35;2942;33;6.788571;2;0;8;4;1272;3;0;33;16;61;208;117;29;0;12;9;2;0;0;0;0;0
47484;720;2019;Defensa;15;1027;11;6.707142;0;0;0;0;329;9;0;26;0;15;88;46;7;0;15;6;1;0;0;0;0;0
47485;720;2019;Mediocentro;27;1924;20;7.022222;2;2;21;8;1033;16;0;61;15;15;328;191;58;0;28;23;10;0;0;0;0;0
47487;720;2019;Defensa;20;1661;19;6.77;2;0;9;4;775;4;0;30;10;32;193;99;8;0;9;7;9;0;0;0;0;0
47489;720;2019;Mediocentro;29;2189;27;6.827586;1;2;9;3;1316;30;0;50;4;33;248;100;16;0;27;19;6;0;1;0;0;0
47490;720;2019;Mediocentro;25;1009;9;6.7125;1;0;14;8;308;14;0;24;0;5;160;88;25;0;48;28;1;0;0;0;0;0
47492;720;2019;Delantero;23;1365;18;6.369565;0;1;13;5;419;11;0;31;1;8;265;113;37;0;97;41;4;0;0;0;0;0
47494;720;2019;Delantero;7;229;2;6.566666;0;0;2;1;32;1;0;2;1;0;55;20;8;0;4;3;1;0;0;0;0;0
47495;720;2019;Delantero;35;2665;31;6.742857;8;2;42;20;640;17;0;14;0;6;381;150;65;0;66;41;6;0;0;0;0;0
47496;720;2019;Delantero;36;2510;28;6.755555;4;2;29;13;700;24;0;48;3;35;352;164;62;0;26;17;6;0;0;0;0;0
47498;720;2019;Delantero;21;872;9;6.526315;0;2;12;4;274;16;0;13;0;7;124;40;5;0;38;18;6;0;0;0;0;0
47499;720;2019;Delantero;35;2338;23;6.902857;6;2;49;26;614;26;0;20;5;6;513;227;55;0;40;26;4;0;2;0;0;0
47506;720;2019;Defensa;12;1014;12;6.875;0;0;0;0;51;3;63;5;1;4;0;0;4;0;6;4;2;0;0;0;0;0
47519;720;2019;Defensa;13;734;7;6.5;0;0;1;0;257;4;0;18;0;7;85;48;12;0;20;13;1;0;0;0;0;0
107153;720;2019;Mediocentro;6;215;2;6.68;0;0;4;0;97;4;0;6;0;10;46;22;6;0;13;7;1;0;0;0;0;0
2717;720;2019;Mediocentro;11;181;1;6.481818;0;0;0;0;104;0;0;4;3;5;29;13;5;0;1;1;1;0;0;0;0;0
2205;720;2019;Mediocentro;5;158;2;6.425;0;0;1;0;36;1;74;0;0;0;13;4;0;0;7;3;1;0;0;0;0;0
47475;720;2019;Portero;1;25;0;6.3;0;0;0;0;7;0;0;0;0;0;0;0;0;0;0;0;0;0;0;1;0;2
128582;720;2019;Delantero;3;56;0;6.366666;0;0;1;0;15;1;0;2;0;0;12;3;0;0;2;1;0;0;0;0;0;0
46691;720;2019;Mediocentro;25;1752;20;6.6;0;0;2;1;680;6;0;26;8;28;168;83;25;0;2;2;4;0;0;0;0;0
46698;720;2019;Portero;3;245;3;7.233333;0;0;0;0;89;0;0;1;0;0;3;3;0;0;0;0;0;0;0;3;10;1
9925;720;2019;Mediocentro;3;166;2;6.8;0;0;3;0;57;1;0;6;0;2;27;15;1;0;2;2;0;0;0;0;0;0
46790;720;2019;Defensa;2;88;1;7.3;1;0;2;1;34;3;0;0;0;0;8;4;0;0;4;3;0;0;0;0;0;0
47305;727;2019;Defensa;9;711;8;6.566666;0;0;0;0;272;2;0;10;4;18;60;24;4;0;2;1;2;0;0;0;0;0
47361;727;2019;Mediocentro;31;2251;27;6.596774;0;1;18;8;746;23;0;45;4;20;303;119;21;0;16;8;8;0;0;0;0;0
47393;727;2019;Delantero;19;703;9;6.615789;1;2;11;4;168;10;0;1;1;2;108;32;9;0;19;10;1;0;0;0;0;0
47419;727;2019;Delantero;14;791;8;6.572727;2;0;7;4;83;8;0;3;0;2;57;23;7;0;20;12;2;0;0;0;0;0
67939;727;2019;Mediocentro;1;10;0;6.2;0;0;0;0;5;0;0;0;0;0;2;0;0;0;0;0;0;0;0;0;0;0
392;727;2019;Delantero;26;1453;17;6.603846;2;0;18;8;348;28;71;7;2;4;92;32;6;0;45;23;0;0;1;0;0;0
47579;727;2019;Delantero;20;1593;18;7.115789;9;2;54;28;290;22;0;17;0;3;315;132;43;0;26;16;6;0;0;0;0;0
47581;727;2019;Delantero;14;879;9;6.52;3;0;2;1;49;0;0;3;0;2;44;18;2;0;3;1;5;1;0;0;0;0
920;727;2019;Defensa;8;472;6;6.928571;1;0;4;2;176;4;0;22;1;8;74;39;3;0;5;3;3;0;0;0;0;0
922;727;2019;Defensa;16;1282;15;6.68125;1;0;2;2;514;4;0;24;3;22;144;88;13;0;21;18;3;1;0;0;0;0
46646;727;2019;Portero;19;1655;18;6.821052;0;0;0;0;536;1;0;1;0;1;17;14;7;0;3;3;2;1;0;27;53;0
46647;727;2019;Portero;19;1583;18;6.511111;0;0;0;0;201;0;44;1;0;1;3;3;2;0;2;2;0;0;0;26;30;0
46649;727;2019;Portero;2;180;2;6.8;0;0;0;0;54;0;0;1;0;0;2;1;0;0;0;0;0;0;0;3;7;0
46650;727;2019;Defensa;4;193;2;6.9;0;0;0;0;93;1;0;4;1;2;19;12;2;0;3;3;2;0;0;0;0;0
46652;727;2019;Defensa;8;535;6;6.9625;1;0;2;1;193;1;0;9;9;8;63;37;3;0;4;3;0;0;0;0;0;0
46653;727;2019;Defensa;32;2792;31;6.719354;0;0;16;5;1254;6;0;28;16;48;326;204;14;0;2;1;7;0;0;0;0;0
46654;727;2019;Defensa;29;2610;29;6.906896;3;0;12;3;986;3;0;35;15;34;214;143;12;0;4;3;8;0;0;0;0;0
46656;727;2019;Defensa;29;2327;27;6.75;2;1;17;4;663;15;69;54;8;32;96;58;40;0;13;7;13;0;0;0;0;0
46657;727;2019;Defensa;30;2331;26;6.851724;0;0;16;3;961;22;0;45;6;44;256;154;37;0;37;26;5;0;0;0;0;0
46658;727;2019;Mediocentro;30;2196;25;7.073333;8;2;44;20;869;49;0;55;5;11;324;137;26;0;47;30;6;0;1;0;0;0
46659;727;2019;Mediocentro;14;533;5;6.492857;1;0;6;1;159;4;0;13;0;5;105;52;20;0;22;15;3;0;0;0;0;0
46660;727;2019;Mediocentro;1;10;0;6.2;0;0;0;0;6;0;0;0;0;0;2;1;0;0;0;0;0;0;0;0;0;0
46661;727;2019;Mediocentro;23;1160;12;6.690909;0;1;13;2;577;10;68;23;4;25;29;16;17;0;33;24;8;0;0;0;0;0
46662;727;2019;Mediocentro;27;1489;15;6.738461;1;0;10;4;627;11;0;52;5;16;183;90;7;0;11;10;4;0;0;0;0;0
46664;727;2019;Mediocentro;2;19;0;6.5;0;0;0;0;8;0;0;0;0;0;5;2;1;0;0;0;0;0;0;0;0;0
46665;727;2019;Mediocentro;22;1074;11;6.8;2;1;19;7;388;15;75;15;1;13;49;18;11;0;7;7;4;0;0;0;0;0
46666;727;2019;Mediocentro;36;2722;31;7.038888;7;8;65;24;935;43;0;33;2;31;226;113;32;0;39;20;1;0;5;0;0;0
46667;727;2019;Delantero;8;313;4;6.55;0;1;5;3;73;4;0;1;1;0;50;20;4;0;22;10;0;0;0;0;0;0
46670;727;2019;Delantero;8;408;5;6.425;0;1;8;2;111;4;0;5;0;0;60;20;6;0;8;4;4;0;0;0;0;0
46671;727;2019;Delantero;10;234;2;6.49;1;0;5;3;81;4;0;1;1;1;32;12;2;0;2;1;1;0;1;0;0;0
46731;727;2019;Defensa;36;2977;32;6.802777;1;5;12;2;1279;44;0;84;7;58;433;226;40;0;114;59;9;0;0;0;0;0
32862;798;2019;Delantero;35;2309;23;6.854285;4;4;38;25;679;35;0;34;1;23;366;173;64;0;125;64;4;0;0;0;0;0
104841;798;2019;Mediocentro;6;146;1;6.6;0;0;1;1;85;3;0;2;1;0;18;10;4;0;5;3;0;0;0;0;0;0
18900;798;2019;Mediocentro;1;8;0;5.9;0;0;0;0;3;0;0;0;0;0;3;0;0;0;1;0;0;0;0;0;0;0
47582;798;2019;Delantero;22;1582;17;6.768181;5;1;34;15;418;18;0;15;1;10;287;138;37;0;63;31;4;0;0;0;0;0
19011;798;2019;Portero;1;90;1;5.2;0;0;0;0;19;0;70;0;0;0;0;0;0;0;0;0;1;0;0;3;3;0
31563;798;2019;Delantero;14;319;1;6.692857;0;0;7;4;135;14;0;2;0;3;46;20;9;0;13;8;0;0;0;0;0;0
3415;798;2019;Defensa;23;1807;20;6.591304;1;0;11;2;668;17;0;31;2;21;161;86;9;0;47;29;4;0;0;0;0;0
40419;798;2019;Defensa;12;813;9;6.616666;0;0;1;1;377;1;0;13;11;16;72;38;4;0;4;3;3;1;0;0;0;0
21996;798;2019;Defensa;2;109;2;6.45;0;0;0;0;35;0;0;3;1;1;10;4;0;0;1;0;1;0;0;0;0;0
265722;798;2019;Defensa;1;3;0;6.2;0;0;0;0;1;0;0;0;0;0;3;0;0;0;0;0;0;0;0;0;0;0
22014;798;2019;Delantero;13;199;1;6.525;0;0;5;1;56;2;0;1;1;1;56;25;4;0;2;1;1;0;0;0;0;0
1595;798;2019;Defensa;2;93;1;6.5;0;0;0;0;38;1;0;1;1;1;12;4;0;0;0;0;0;0;0;0;0;0
22104;798;2019;Delantero;4;78;0;6.55;0;0;1;0;32;2;87;0;0;1;7;2;4;0;3;2;0;0;0;0;0;0
46688;798;2019;Mediocentro;19;1498;16;6.721052;1;2;4;2;648;17;0;38;2;22;152;79;17;0;30;17;0;0;0;0;0;0
46711;798;2019;Mediocentro;29;1700;22;6.741379;0;3;6;4;674;22;0;36;0;17;237;128;48;0;62;40;4;0;0;0;0;0
263812;798;2019;Delantero;1;7;0;6.2;0;0;0;0;1;0;0;0;0;0;2;1;1;0;0;0;0;0;0;0;0;0
46728;798;2019;Portero;1;90;1;6.3;0;0;0;0;22;0;0;0;0;0;0;0;0;0;0;0;0;0;0;2;3;0
46729;798;2019;Portero;36;3240;36;6.911428;0;0;0;0;567;0;58;0;0;5;2;2;6;0;0;0;4;0;0;59;121;1
46730;798;2019;Defensa;9;468;4;6.588888;0;1;4;0;149;3;58;6;4;11;14;7;3;0;0;0;2;0;0;0;0;0
46732;798;2019;Defensa;23;1765;18;6.734782;0;1;8;2;626;13;0;64;11;29;199;100;8;0;23;17;5;0;0;0;0;0
46733;798;2019;Defensa;32;2779;32;6.690625;1;0;13;2;1172;6;0;31;26;22;198;120;16;0;7;7;8;0;0;0;0;0
46737;798;2019;Defensa;19;1362;16;6.505263;0;2;13;1;460;16;0;30;2;23;130;63;19;0;13;3;4;0;0;0;0;0
46738;798;2019;Defensa;36;3184;36;6.716666;0;0;14;2;1205;5;0;25;27;37;178;95;9;0;10;6;6;0;0;0;0;0
46739;798;2019;Mediocentro;36;2914;35;6.591666;0;0;12;2;1271;6;0;59;8;39;458;233;59;0;62;53;6;0;0;0;0;0
46742;798;2019;Mediocentro;37;3048;36;6.764864;5;2;34;12;1101;39;0;59;3;38;471;211;73;0;89;47;7;0;1;0;0;0
46743;798;2019;Mediocentro;35;2668;31;7.025714;5;3;34;14;1384;59;85;27;5;29;37;22;20;0;22;9;9;0;2;0;0;0
46741;798;2019;Mediocentro;3;131;2;6.266666;0;0;0;0;29;0;86;1;0;4;4;0;0;0;0;0;0;0;0;0;0;0
46746;798;2019;Delantero;35;2780;33;6.88;13;2;46;22;578;13;0;31;4;8;583;264;60;0;47;20;12;0;2;0;0;0
46749;798;2019;Mediocentro;35;2190;24;6.528571;4;0;31;12;643;19;0;32;5;14;338;155;45;0;68;30;3;0;3;0;0;0
46748;798;2019;Delantero;2;35;0;6.45;0;0;1;1;9;0;0;1;0;0;7;1;0;0;2;0;0;0;0;0;0;0
46751;798;2019;Delantero;20;260;0;6.38;0;0;10;4;69;1;0;1;0;0;55;16;2;0;7;1;1;0;0;0;0;0
46898;798;2019;Delantero;6;103;0;6.4;0;0;0;0;32;0;0;1;0;0;32;14;4;0;2;0;0;0;0;0;0;0
56;529;2020;Delantero;36;2619;32;7.213888;13;7;62;34;1316;42;0;37;1;12;205;115;34;0;37;26;4;0;1;0;0;0
126;529;2020;Portero;0;0;0;0.0;0;0;0;0;0;0;0;0;0;0;0;0;0;0;0;0;0;0;0;0;0;0
128;529;2020;Defensa;35;3029;34;7.168571;3;5;25;10;2569;53;63;45;2;49;162;81;15;0;32;17;9;0;0;0;0;0
127;529;2020;Portero;31;2790;31;6.851612;0;0;1;0;886;1;0;0;0;0;10;7;1;0;0;0;1;0;0;32;78;1
133;529;2020;Defensa;33;2478;29;6.830303;1;0;10;5;2300;9;64;36;12;33;245;134;31;0;11;8;9;0;0;0;0;0
136;529;2020;Defensa;18;1485;18;6.983333;0;0;7;2;1239;2;64;16;4;26;124;84;5;0;2;2;4;0;0;0;0;0
137;529;2020;Mediocentro;15;943;9;7.006666;1;2;3;1;799;13;48;9;6;10;64;37;10;0;9;8;1;0;0;0;0;0
161929;529;2020;Delantero;0;0;0;0.0;0;0;0;0;0;0;0;0;0;0;0;0;0;0;0;0;0;0;0;0;0;0
139;529;2020;Defensa;13;640;6;6.866666;0;0;2;1;614;1;44;5;6;9;54;28;8;0;1;1;1;0;0;0;0;0
142;529;2020;Mediocentro;0;0;0;0.0;0;0;0;0;0;0;0;0;0;0;0;0;0;0;0;0;0;0;0;0;0;0
144;529;2020;Mediocentro;36;2529;32;7.058333;0;5;2;1;2682;30;68;63;4;53;313;171;60;0;9;8;9;0;0;0;0;0
147;529;2020;Mediocentro;12;657;8;6.941666;2;2;21;10;485;7;0;8;0;2;67;34;13;0;15;11;0;0;0;0;0;0
154;529;2020;Delantero;35;3022;33;8.328571;30;9;141;91;2248;81;54;18;0;6;500;283;99;0;247;159;4;0;3;0;0;0
148;529;2020;Mediocentro;14;282;2;6.775;1;0;3;2;345;6;0;5;0;1;32;22;10;0;7;6;1;0;0;0;0;0
153;529;2020;Delantero;30;1776;19;7.05;6;3;40;23;922;40;0;14;0;9;218;114;28;0;99;63;2;0;0;0;0;0
41112;529;2020;Delantero;28;682;3;6.614285;3;2;17;12;372;8;0;4;0;1;101;47;13;0;45;27;1;0;0;0;0;0
162123;529;2020;Mediocentro;14;537;4;6.964285;1;2;10;3;370;7;0;14;1;5;104;63;19;0;19;17;1;0;0;0;0;0
133609;529;2020;Mediocentro;37;2427;28;6.935135;3;3;18;9;1694;39;40;44;1;33;244;120;42;0;41;29;2;0;0;0;0;0
538;529;2020;Mediocentro;37;3158;35;7.178378;3;4;13;6;2785;49;69;44;4;38;292;185;44;0;67;58;5;0;0;0;0;0
135775;529;2020;Delantero;7;437;6;7.257142;4;0;13;7;197;9;0;9;0;3;70;33;11;0;23;11;1;0;0;0;0;0
162473;529;2020;Portero;0;0;0;0.0;0;0;0;0;0;0;0;0;0;0;0;0;0;0;0;0;0;0;0;0;0;1
2737;529;2020;Delantero;29;1162;11;6.568965;2;2;17;7;276;12;0;8;0;6;105;53;20;0;16;9;3;0;0;0;0;0
143;529;2020;Mediocentro;2;46;0;6.5;0;0;1;0;39;0;0;1;0;0;8;2;0;0;0;0;1;0;0;0;0;0
146;529;2020;Mediocentro;0;0;0;0.0;0;0;0;0;0;0;0;0;0;0;0;0;0;0;0;0;0;0;0;0;0;0
129880;529;2020;Defensa;0;0;0;0.0;0;0;0;0;0;0;0;0;0;0;0;0;0;0;0;0;0;0;0;0;0;0
872;529;2020;Mediocentro;19;620;6;6.815789;0;0;12;3;747;12;0;13;1;11;62;40;10;0;7;7;1;0;0;0;0;0
912;529;2020;Portero;7;630;7;6.942857;0;0;0;0;204;0;0;0;0;0;3;0;0;0;0;0;0;0;0;6;18;1
162712;529;2020;Defensa;27;1905;23;6.951851;2;2;11;6;1595;8;54;52;6;20;162;90;16;0;10;8;4;0;0;0;0;0
101814;529;2020;Defensa;24;1507;16;7.029166;2;1;10;4;1065;3;40;22;15;20;134;98;17;0;8;8;3;0;0;0;0;0
1564;529;2020;Defensa;7;286;3;6.783333;1;1;1;1;203;5;0;1;3;4;26;11;6;0;5;1;2;0;0;0;0;0
9925;529;2020;Mediocentro;0;0;0;0.0;0;0;0;0;0;0;0;0;0;0;0;0;0;0;0;0;0;0;0;0;0;0
38735;529;2020;Defensa;30;1918;23;6.73;2;1;10;5;1115;23;0;31;4;10;171;78;11;0;60;29;1;0;0;0;0;0
29;530;2020;Portero;38;3420;38;7.157894;0;0;0;0;872;0;0;0;0;0;13;12;5;0;1;1;0;0;0;25;103;1
31;530;2020;Defensa;21;1766;20;7.019047;0;0;12;5;1102;4;45;20;11;21;138;83;17;0;2;1;5;0;0;0;0;0
37;530;2020;Defensa;0;0;0;0.0;0;0;0;0;0;0;0;0;0;0;0;0;0;0;0;0;0;0;0;0;0;0
39;530;2020;Defensa;33;2954;33;7.021212;1;0;5;2;1740;2;44;40;19;42;240;151;16;0;6;6;15;0;0;0;0;0
45;530;2020;Mediocentro;27;1375;19;7.018518;1;3;18;11;722;21;0;30;1;11;168;102;23;0;49;42;4;0;0;0;0;0
14382;530;2020;Portero;0;0;0;0.0;0;0;0;0;0;0;0;0;0;0;0;0;0;0;0;0;0;0;0;0;0;1
46;530;2020;Mediocentro;10;294;3;6.455555;0;0;2;0;148;3;0;4;0;3;39;17;8;0;4;2;2;0;0;0;0;0
48;530;2020;Mediocentro;33;2033;22;6.857575;2;1;26;13;1118;24;0;57;2;19;305;149;15;0;20;16;10;0;0;0;0;0
49;530;2020;Mediocentro;3;199;2;7.133333;0;0;2;0;220;0;65;7;1;2;29;17;1;0;8;7;1;0;0;0;0;0
50;530;2020;Mediocentro;37;3025;34;7.0;1;2;10;7;2413;38;58;64;6;36;337;160;44;0;36;26;9;0;0;0;0;0
47;530;2020;Mediocentro;0;0;0;0.0;0;0;0;0;0;0;0;0;0;0;0;0;0;0;0;0;0;0;0;0;0;0
52;530;2020;Delantero;0;0;0;0.0;0;0;0;0;0;0;0;0;0;0;0;0;0;0;0;0;0;0;0;0;0;0
53;530;2020;Delantero;38;2409;29;6.936842;9;8;41;23;855;38;0;38;1;22;324;131;30;0;90;53;3;0;0;0;0;0
54;530;2020;Delantero;7;207;2;6.85;2;0;4;3;72;4;0;1;0;0;43;14;3;0;1;1;1;0;1;0;0;0
58;530;2020;Delantero;0;0;0;0.0;0;0;0;0;0;0;0;0;0;0;0;0;0;0;0;0;0;0;0;0;0;0
157;530;2020;Delantero;32;2521;30;7.215625;21;3;87;43;575;27;0;11;0;5;189;90;40;0;33;13;6;0;3;0;0;0
169;530;2020;Defensa;28;2477;28;7.246428;0;6;2;1;1490;35;42;61;4;40;227;135;15;0;25;19;0;0;0;0;0;0
161963;530;2020;Delantero;0;0;0;0.0;0;0;0;0;0;0;0;0;0;0;0;0;0;0;0;0;0;0;0;0;0;0
161965;530;2020;Mediocentro;0;0;0;0.0;0;0;0;0;0;0;0;0;0;0;0;0;0;0;0;0;0;0;0;0;0;0
199;530;2020;Defensa;9;519;6;6.722222;0;0;0;0;226;0;0;18;0;8;67;39;4;0;2;1;2;0;0;0;0;0
182492;530;2020;Defensa;0;0;0;0.0;0;0;0;0;0;0;0;0;0;0;0;0;0;0;0;0;0;0;0;0;0;0
371;530;2020;Defensa;31;2052;23;7.014814;0;0;11;2;1045;4;0;29;15;36;180;121;14;0;3;3;8;0;0;0;0;0
382;530;2020;Mediocentro;16;680;8;6.89375;0;1;6;1;655;6;0;12;2;14;72;37;6;0;6;4;2;0;0;0;0;0
131551;530;2020;Portero;0;0;0;0.0;0;0;0;0;0;0;0;0;0;0;0;0;0;0;0;0;0;0;0;0;0;0
583;530;2020;Delantero;31;1566;14;6.932258;7;5;31;16;667;21;0;8;0;5;229;107;48;0;60;30;6;0;1;0;0;0
2669;530;2020;Defensa;31;2583;30;6.993548;1;1;15;5;1771;10;48;55;10;36;226;127;30;0;11;9;5;0;0;0;0;0
41595;530;2020;Delantero;0;0;0;0.0;0;0;0;0;0;0;0;0;0;0;0;0;0;0;0;0;0;0;0;0;0;0
666;530;2020;Delantero;5;95;0;6.54;0;0;6;2;31;1;0;0;0;1;16;7;0;0;2;2;0;0;0;0;0;0
753;530;2020;Mediocentro;37;2959;33;7.202702;12;11;41;22;1243;45;0;71;3;29;365;167;38;0;66;39;6;0;0;0;0;0
162546;530;2020;Mediocentro;0;0;0;0.0;0;0;0;0;0;0;0;0;0;0;0;0;0;0;0;0;0;0;0;0;0;0
64309;530;2020;Defensa;1;50;1;6.9;0;1;0;0;25;1;0;0;0;0;1;0;0;0;0;0;0;0;0;0;0;0
2923;530;2020;Mediocentro;30;2187;25;7.0;6;10;36;24;846;48;0;27;0;17;290;128;33;0;120;66;6;0;0;0;0;0
926;530;2020;Mediocentro;25;592;4;6.736363;0;0;5;2;386;4;0;30;5;11;98;59;13;0;12;10;4;0;0;0;0;0
162889;530;2020;Defensa;1;29;0;6.3;0;0;1;0;13;0;0;1;0;0;4;1;0;0;0;0;0;0;0;0;0;0
162891;530;2020;Mediocentro;0;0;0;0.0;0;0;0;0;0;0;0;0;0;0;0;0;0;0;0;0;0;0;0;0;0;0
1462;530;2020;Mediocentro;19;505;3;6.694736;1;0;2;1;312;4;0;8;3;12;49;26;13;0;2;1;2;0;0;0;0;0
10122;530;2020;Defensa;23;1123;11;6.971428;1;2;8;3;575;12;0;30;0;16;148;89;27;0;29;22;3;0;0;0;0;0
125;531;2020;Portero;1;90;1;6.3;0;0;0;0;19;0;0;0;0;0;0;0;0;0;0;0;0;0;0;2;1;1
47267;531;2020;Portero;0;0;0;0.0;0;0;0;0;0;0;0;0;0;0;0;0;0;0;0;0;0;0;0;0;0;0
47270;531;2020;Portero;37;3330;37;6.664864;0;0;0;0;858;1;0;1;0;0;14;11;4;0;1;1;1;0;0;40;70;1
47271;531;2020;Defensa;23;1948;22;6.926086;1;0;5;1;1095;6;0;19;5;53;183;103;15;0;12;11;6;0;0;0;0;0
47272;531;2020;Defensa;23;1688;17;6.654545;0;1;3;1;733;8;0;26;7;7;121;65;15;0;15;10;0;0;0;0;0;0
47273;531;2020;Defensa;23;1684;21;6.908695;1;3;12;6;853;17;0;24;0;11;167;95;30;0;35;17;3;0;0;0;0;0
47274;531;2020;Defensa;28;2140;25;6.692857;2;1;11;6;855;16;0;37;8;25;202;96;9;0;55;29;5;0;0;0;0;0
47275;531;2020;Defensa;25;1517;17;6.648;1;2;6;5;595;12;0;28;1;12;103;52;5;0;12;7;2;0;0;0;0;0
47276;531;2020;Defensa;18;633;5;6.57647;0;0;2;1;305;6;0;9;1;4;78;29;3;0;22;13;1;0;0;0;0;0
47277;531;2020;Defensa;25;2108;23;6.928;1;1;11;5;1184;6;40;23;14;32;178;101;11;0;8;6;6;0;0;0;0;0
47279;531;2020;Mediocentro;3;95;1;6.6;0;0;1;0;31;0;0;0;0;2;13;7;3;0;3;2;0;0;0;0;0;0
47281;531;2020;Mediocentro;27;1921;21;6.714814;0;1;5;1;1026;8;0;39;7;33;214;107;22;0;6;6;8;0;0;0;0;0
47282;531;2020;Mediocentro;34;1744;21;6.817647;5;1;36;14;558;15;0;34;1;15;368;206;50;0;13;7;7;1;2;0;0;0
47283;531;2020;Mediocentro;13;421;4;6.646153;0;1;4;0;131;7;0;6;0;2;35;17;1;0;5;4;0;0;0;0;0;0
47285;531;2020;Mediocentro;26;1423;15;6.926923;3;0;16;10;981;18;0;27;5;18;145;69;20;0;22;15;7;0;0;0;0;0
47286;531;2020;Mediocentro;0;0;0;0.0;0;0;0;0;0;0;0;0;0;0;0;0;0;0;0;0;0;0;0;0;0;0
47292;531;2020;Delantero;3;42;0;6.733333;1;0;2;2;9;0;0;0;0;0;5;2;1;0;1;1;2;0;1;0;0;0
47294;531;2020;Delantero;38;2392;27;6.744736;6;6;35;17;516;30;0;11;1;5;281;119;36;0;59;33;1;0;1;0;0;0
47293;531;2020;Delantero;3;49;0;7.0;0;0;1;0;47;4;0;1;0;0;5;4;0;0;4;3;0;0;0;0;0;0
182560;531;2020;Mediocentro;5;97;1;6.65;0;0;1;0;42;2;0;1;0;0;9;5;2;0;4;2;0;0;0;0;0;0
182563;531;2020;Delantero;30;1363;16;6.726666;2;2;18;8;383;26;0;16;0;15;153;57;16;0;25;13;3;0;0;0;0;0
47418;531;2020;Mediocentro;30;1721;20;6.673333;0;1;16;5;902;12;0;28;8;27;223;96;13;0;11;9;7;0;0;0;0;0
182589;531;2020;Mediocentro;0;0;0;0.0;0;0;0;0;0;0;0;0;0;0;0;0;0;0;0;0;0;0;0;0;0;0
182617;531;2020;Mediocentro;0;0;0;0.0;0;0;0;0;0;0;0;0;0;0;0;0;0;0;0;0;0;0;0;0;0;0
182639;531;2020;Mediocentro;28;1701;19;6.610714;0;0;7;0;912;7;0;31;6;18;164;73;22;0;8;8;6;0;0;0;0;0
104853;531;2020;Delantero;35;1583;16;6.708823;4;2;33;14;281;13;0;3;0;2;203;94;32;0;9;3;1;0;0;0;0;0
2670;531;2020;Defensa;28;2520;28;6.814285;1;0;17;7;1446;6;42;22;7;28;232;133;35;0;9;7;9;1;0;0;0;0
2672;531;2020;Delantero;28;1954;23;6.989285;5;3;17;11;946;35;0;20;0;11;242;141;69;0;61;41;1;0;0;0;0;0
128398;531;2020;Mediocentro;24;1034;11;6.679166;2;2;17;6;346;12;0;8;0;5;129;61;17;0;25;18;2;0;0;0;0;0
183799;531;2020;Delantero;2;55;0;6.7;0;0;1;0;16;0;0;1;0;1;9;5;0;0;3;3;0;0;0;0;0;0
183849;531;2020;Defensa;0;0;0;0.0;0;0;0;0;0;0;0;0;0;0;0;0;0;0;0;0;0;0;0;0;0;0
30510;531;2020;Delantero;35;2289;27;6.908571;8;4;34;15;753;38;0;47;3;18;356;151;46;0;73;35;4;0;0;0;0;0
161879;532;2020;Mediocentro;2;13;0;6.5;0;0;0;0;10;0;0;1;0;0;5;2;0;0;0;0;0;0;0;0;0;0
124;532;2020;Portero;10;900;10;7.17;0;0;0;0;278;0;0;0;0;0;2;2;2;0;0;0;0;0;0;11;34;1
47367;532;2020;Mediocentro;13;579;6;6.408333;1;0;4;2;126;8;0;8;0;8;74;22;8;0;12;4;1;0;0;0;0;0
162106;532;2020;Mediocentro;32;1533;17;6.53;1;0;5;2;408;8;0;21;0;15;196;103;29;0;53;33;2;0;0;0;0;0
162108;532;2020;Defensa;2;153;1;6.3;0;0;0;0;56;0;0;1;1;4;26;11;2;0;4;3;1;0;0;0;0;0
47473;532;2020;Mediocentro;17;431;4;6.46875;0;0;2;0;114;7;0;9;1;10;81;37;15;0;20;8;3;0;0;0;0;0
90498;532;2020;Defensa;7;320;4;6.633333;0;0;2;0;108;0;0;0;6;6;38;22;2;0;1;1;1;0;0;0;0;0
921;532;2020;Defensa;3;65;0;6.533333;0;0;1;0;23;0;0;1;0;0;5;2;0;0;1;0;0;0;0;0;0;0
566;532;2020;Defensa;3;180;2;6.25;0;0;0;0;79;0;0;1;0;0;9;1;0;0;0;0;0;0;0;0;0;0
2615;532;2020;Delantero;31;2699;31;6.980645;7;1;39;25;549;13;0;11;3;2;405;211;70;0;25;15;6;1;0;0;0;0
107138;532;2020;Portero;0;0;0;0.0;0;0;0;0;0;0;0;0;0;0;0;0;0;0;0;0;0;0;0;0;0;0
162175;532;2020;Defensa;0;0;0;0.0;0;0;0;0;0;0;0;0;0;0;0;0;0;0;0;0;0;0;0;0;0;0
911;532;2020;Portero;28;2520;28;6.867857;0;0;0;0;786;0;0;1;0;0;7;6;0;0;1;1;1;0;0;40;90;1
913;532;2020;Portero;0;0;0;0.0;0;0;0;0;0;0;0;0;0;0;0;0;0;0;0;0;0;0;0;0;0;0
914;532;2020;Defensa;0;0;0;0.0;0;0;0;0;0;0;0;0;0;0;0;0;0;0;0;0;0;0;0;0;0;0
915;532;2020;Defensa;31;2717;31;7.029032;4;1;13;6;1501;6;42;17;27;59;186;117;26;0;6;5;6;0;0;0;0;0
916;532;2020;Defensa;26;2082;24;6.76923;1;0;8;4;988;1;0;16;21;27;126;76;8;0;9;7;4;1;0;0;0;0
918;532;2020;Defensa;33;2848;32;6.80303;1;7;20;5;1170;36;0;59;3;38;279;149;30;0;50;33;6;0;0;0;0;0
919;532;2020;Mediocentro;25;1989;21;6.824;1;0;7;1;1176;1;41;23;14;27;197;103;28;0;2;1;8;0;0;0;0;0
920;532;2020;Defensa;15;724;8;6.466666;1;0;2;2;293;3;0;13;1;10;68;29;5;0;7;3;3;0;0;0;0;0
923;532;2020;Mediocentro;21;1104;13;6.714285;0;3;18;6;272;16;0;19;1;12;137;54;14;0;20;8;3;0;0;0;0;0
925;532;2020;Delantero;31;2301;27;6.916129;5;5;34;15;739;34;0;18;1;8;315;160;68;0;97;66;3;1;0;0;0;0
926;532;2020;Mediocentro;5;441;5;6.736363;0;0;5;2;386;4;0;30;5;11;98;59;13;0;12;10;1;0;0;0;0;0
927;532;2020;Mediocentro;24;1266;15;6.904347;0;4;16;7;499;22;0;15;0;2;203;99;42;0;45;38;1;0;0;0;0;0
930;532;2020;Mediocentro;32;2737;31;7.3;11;8;27;17;1431;45;0;41;11;23;220;121;37;0;39;25;7;0;7;0;0;0
932;532;2020;Mediocentro;35;2991;35;6.957142;4;1;29;12;1445;39;0;52;13;47;292;153;33;0;17;9;8;0;1;0;0;0
933;532;2020;Delantero;27;1069;10;6.448148;4;1;12;7;260;5;0;7;0;0;91;29;8;0;12;4;0;0;0;0;0;0
937;532;2020;Delantero;5;45;0;6.9;0;0;7;5;245;11;0;29;0;15;200;106;29;0;33;17;0;0;0;0;0;0
162992;532;2020;Mediocentro;4;232;3;6.966666;0;0;1;0;94;2;0;7;2;8;20;9;0;0;4;2;1;0;0;0;0;0
1482;532;2020;Defensa;29;2140;25;6.762068;1;1;8;2;936;18;0;47;6;42;253;143;38;0;45;27;5;0;0;0;0;0
1649;532;2020;Delantero;7;100;0;6.416666;0;0;3;1;21;1;0;0;0;1;14;2;1;0;1;1;0;0;0;0;0;0
46782;532;2020;Delantero;30;937;9;6.625;5;0;17;14;246;7;0;18;0;3;144;55;20;0;30;9;2;0;0;0;0;0
30568;532;2020;Mediocentro;9;192;1;6.714285;0;2;2;1;102;2;0;2;0;6;20;9;3;0;3;3;0;0;0;0;0;0
47087;532;2020;Mediocentro;31;2191;25;6.812903;1;1;26;10;1047;10;0;38;11;26;315;157;25;0;35;24;6;0;0;0;0;0
21;533;2020;Delantero;27;1555;19;6.722222;6;4;28;20;262;15;0;6;0;9;101;35;8;0;11;8;0;0;1;0;0;0
184364;533;2020;Defensa;0;0;0;0.0;0;0;0;0;0;0;0;0;0;0;0;0;0;0;0;0;0;0;0;0;0;0
32862;533;2020;Delantero;13;291;2;6.555555;0;1;11;7;185;9;0;7;0;14;135;49;22;0;34;15;1;0;0;0;0;0
47296;533;2020;Portero;2;180;2;6.25;0;0;0;0;79;0;0;0;0;0;0;0;0;0;0;0;0;1;0;4;4;0
47391;533;2020;Defensa;19;1113;12;6.644444;1;1;4;2;473;6;0;25;1;13;169;89;18;0;47;30;1;0;0;0;0;0
288;533;2020;Defensa;5;192;2;6.625;0;0;1;0;82;0;0;7;1;3;22;14;3;0;6;4;0;0;0;0;0;0
314;533;2020;Defensa;35;3119;35;6.88;0;0;8;1;2051;4;52;22;22;22;175;107;16;0;6;4;7;0;0;0;0;0
182668;533;2020;Delantero;1;1;0;0.0;0;0;0;0;1;0;0;0;0;0;1;0;0;0;0;0;0;0;0;0;0;0
47574;533;2020;Mediocentro;35;2572;29;6.811428;4;0;16;11;1241;33;0;21;3;11;232;96;32;0;67;36;1;0;1;0;0;0
166;533;2020;Defensa;16;1169;13;6.8125;0;0;1;0;692;4;0;40;6;19;173;105;14;0;27;22;5;0;0;0;0;0
924;533;2020;Mediocentro;22;729;7;6.690476;0;0;1;0;501;4;0;19;2;21;100;57;16;0;15;12;4;0;0;0;0;0
928;533;2020;Mediocentro;36;3120;36;7.286111;3;4;22;9;2668;44;66;65;8;45;322;186;60;0;49;37;5;0;0;0;0;0
169256;533;2020;Portero;0;0;0;0.0;0;0;0;0;0;0;0;0;0;0;0;0;0;0;0;0;0;0;0;0;0;0
46731;533;2020;Defensa;25;1161;12;6.84;0;0;9;5;503;17;0;37;2;35;148;76;20;0;21;9;1;0;0;0;0;0
1682;533;2020;Portero;36;3240;36;6.791666;0;0;0;0;1115;0;0;0;0;0;11;9;2;0;0;0;2;0;0;40;80;0
1687;533;2020;Defensa;14;343;3;6.641666;0;1;2;0;192;5;0;10;1;6;49;25;9;0;6;3;1;0;0;0;0;0
1688;533;2020;Defensa;10;726;8;6.75;0;0;4;1;477;0;41;12;5;8;65;38;3;0;1;1;1;0;0;0;0;0
1691;533;2020;Defensa;24;1851;21;6.913043;0;2;13;3;884;12;0;55;4;30;195;110;10;0;19;11;3;1;0;0;0;0
1696;533;2020;Delantero;28;1361;13;6.725;4;2;23;11;497;29;0;12;0;10;192;91;30;0;79;39;0;0;0;0;0;0
1699;533;2020;Mediocentro;13;927;10;6.930769;0;0;2;0;598;2;41;18;7;14;100;50;8;0;5;4;4;0;0;0;0;0
1702;533;2020;Defensa;29;2099;24;6.753571;1;2;15;8;931;27;0;35;5;34;247;113;23;0;43;23;8;0;0;0;0;0
1705;533;2020;Mediocentro;35;2538;30;6.848571;1;7;18;8;1579;35;0;51;2;17;313;131;39;0;33;27;6;1;0;0;0;0
1707;533;2020;Delantero;33;2682;30;7.569696;23;7;78;47;1056;44;0;24;4;15;448;215;58;0;114;71;3;0;10;0;0;0
1708;533;2020;Delantero;5;146;1;6.64;0;0;5;1;75;2;0;2;0;0;35;16;9;0;5;4;0;0;0;0;0;0
1706;533;2020;Delantero;23;781;9;6.677272;5;0;16;12;159;5;0;9;0;3;73;29;6;0;14;5;1;0;0;0;0;0
1703;533;2020;Defensa;0;0;0;0.0;0;0;0;0;0;0;0;0;0;0;0;0;0;0;0;0;0;0;0;0;0;0
46815;533;2020;Defensa;33;2970;33;7.015151;2;2;8;3;2058;6;54;17;25;23;180;113;16;0;30;25;2;0;0;0;0;0
46832;533;2020;Mediocentro;0;0;0;6.87;0;1;28;10;428;18;0;21;0;9;192;96;32;0;61;35;0;0;1;0;0;0
122737;533;2020;Defensa;1;12;0;6.545454;0;0;3;1;244;1;0;12;2;14;88;58;15;0;0;0;0;0;0;0;0;0
184196;533;2020;Mediocentro;0;0;0;0.0;0;0;0;0;0;0;0;0;0;0;0;0;0;0;0;0;0;0;0;0;0;0
182150;533;2020;Mediocentro;0;0;0;0.0;0;0;0;0;0;0;0;0;0;0;0;0;0;0;0;0;0;0;0;0;0;0
286616;533;2020;Portero;0;0;0;0.0;0;0;0;0;0;0;0;0;0;0;0;0;0;0;0;0;0;0;0;0;0;0
184226;533;2020;Mediocentro;24;784;6;6.791304;3;1;9;5;294;10;0;19;1;9;150;69;14;0;45;28;4;0;0;0;0;0
18802;533;2020;Mediocentro;16;1195;15;6.78125;1;0;7;3;761;3;42;20;1;20;139;77;22;0;18;12;5;1;0;0;0;0
182219;533;2020;Mediocentro;6;135;2;6.7;0;0;2;1;51;2;0;4;1;1;20;10;4;0;4;2;0;0;0;0;0;0
184277;533;2020;Delantero;17;593;8;6.4875;3;0;12;7;128;3;0;8;0;2;84;43;14;0;11;8;1;0;0;0;0;0
2054;536;2020;Defensa;34;2836;34;7.12647;0;6;11;2;1640;64;0;27;3;36;136;89;19;0;30;23;4;0;0;0;0;0
2057;536;2020;Delantero;15;152;1;6.54;1;0;3;1;102;2;0;5;1;1;46;24;7;0;3;2;1;0;0;0;0;0
2060;536;2020;Delantero;24;839;9;6.828571;4;2;24;12;324;11;0;12;0;5;136;61;28;0;22;13;2;0;0;0;0;0
2061;536;2020;Delantero;1;12;0;7.053571;0;3;30;16;790;52;0;28;0;17;318;154;47;0;121;67;0;0;0;0;0;0
2040;536;2020;Defensa;9;567;7;7.0;1;0;5;1;328;6;0;12;2;9;54;29;7;0;4;2;3;0;0;0;0;0
2041;536;2020;Defensa;0;0;0;0.0;0;0;0;0;0;0;0;0;0;0;0;0;0;0;0;0;0;0;0;0;0;0
149;536;2020;Mediocentro;37;2239;25;6.816216;4;2;31;10;1677;25;0;32;4;26;221;98;24;0;28;11;5;0;2;0;0;0
246;536;2020;Delantero;34;1261;14;6.743333;4;0;25;11;338;11;0;9;3;5;215;119;32;0;14;9;3;0;0;0;0;0
264469;536;2020;Defensa;0;0;0;0.0;0;0;0;0;0;0;0;0;0;0;0;0;0;0;0;0;0;0;0;0;0;0
47389;536;2020;Mediocentro;35;2418;28;6.991428;1;6;19;4;1973;38;49;52;3;27;301;141;42;0;42;30;7;0;0;0;0;0
47416;536;2020;Mediocentro;20;498;4;6.635;0;0;8;2;296;11;0;15;0;10;89;45;11;0;22;12;1;0;0;0;0;0
47422;536;2020;Delantero;38;2312;23;6.93421;18;0;68;29;377;15;0;17;0;8;325;163;35;0;36;15;2;0;0;0;0;0
452;536;2020;Mediocentro;31;2546;28;7.045161;3;4;5;4;1575;19;45;54;11;41;247;135;16;0;19;11;6;0;0;0;0;0
21090;536;2020;Defensa;33;2791;32;6.993939;1;0;14;5;1879;8;51;22;27;31;201;107;19;0;8;8;9;0;0;0;0;0
2701;536;2020;Portero;33;2970;33;7.00909;1;0;1;1;948;1;0;1;0;0;15;13;4;0;1;1;3;0;0;28;80;0
2723;536;2020;Delantero;3;24;0;6.533333;0;0;1;1;8;0;0;1;0;1;6;1;0;0;0;0;0;0;0;0;0;0
25345;536;2020;Defensa;11;650;6;6.8;0;0;2;0;430;3;0;7;3;6;62;28;4;0;6;4;2;0;0;0;0;0
1257;536;2020;Defensa;34;2976;33;7.085294;2;1;18;6;2357;10;62;27;16;40;300;182;23;0;40;30;4;0;0;0;0;0
1489;536;2020;Mediocentro;30;1024;10;6.704;0;0;8;1;783;2;0;23;6;24;97;49;9;0;3;3;8;0;0;0;0;0
1493;536;2020;Defensa;30;2330;26;6.962068;1;2;11;2;1439;32;41;62;2;23;299;155;32;0;61;41;5;0;0;0;0;0
192032;536;2020;Delantero;0;0;0;0.0;0;0;0;0;0;0;0;0;0;0;0;0;0;0;0;0;0;0;0;0;0;0
46688;536;2020;Mediocentro;0;0;0;6.576666;0;0;9;1;884;12;0;38;2;27;169;78;18;0;27;14;0;0;0;0;0;0
1650;536;2020;Mediocentro;34;2232;28;7.141176;3;4;36;17;1092;46;0;20;0;8;229;119;37;0;69;58;2;0;0;0;0;0
46808;536;2020;Delantero;5;142;2;6.518181;0;2;6;4;111;6;0;3;1;0;87;29;9;0;10;4;0;0;0;0;0;0
30433;536;2020;Mediocentro;18;917;11;6.97647;3;1;14;10;550;17;0;9;2;7;106;47;22;0;23;12;0;0;0;0;0;0
253699;536;2020;Mediocentro;0;0;0;0.0;0;0;0;0;0;0;0;0;0;0;0;0;0;0;0;0;0;0;0;0;0;0
163630;536;2020;Portero;0;0;0;0.0;0;0;0;0;0;0;0;0;0;0;0;0;0;0;0;0;0;0;0;0;0;0
1911;536;2020;Mediocentro;34;2645;30;6.952941;5;4;54;21;883;33;0;36;1;19;393;210;76;0;115;67;3;0;4;0;0;0
385;536;2020;Mediocentro;33;1395;15;6.7875;0;3;8;3;966;27;0;34;0;15;188;88;17;0;41;34;2;0;0;0;0;0
2034;536;2020;Portero;0;0;0;0.0;0;0;0;0;0;0;0;0;0;0;0;0;0;0;0;0;0;0;0;0;0;0
2037;536;2020;Portero;5;450;5;6.7;0;0;0;0;123;0;0;0;0;0;2;1;1;0;0;0;0;0;0;5;9;0
2042;536;2020;Defensa;9;723;9;6.888888;0;0;0;0;543;1;56;4;4;6;51;25;1;0;0;0;2;0;0;0;0;0
2047;536;2020;Defensa;12;588;5;6.890909;0;1;1;0;429;6;0;9;1;12;67;41;14;0;9;4;2;0;0;0;0;0
2058;538;2020;Delantero;36;2627;35;6.908333;7;5;38;23;938;35;0;70;2;22;353;152;41;0;55;30;7;0;0;0;0;0
135;538;2020;Defensa;31;2703;31;6.76129;2;0;6;3;1626;3;46;45;17;36;291;163;30;0;3;2;10;0;0;0;0;0
182480;538;2020;Delantero;1;13;0;6.3;0;0;0;0;3;0;0;0;0;0;3;0;0;0;0;0;0;0;0;0;0;0
182501;538;2020;Defensa;14;650;7;6.584615;0;0;4;3;319;0;0;12;3;13;57;25;3;0;6;5;2;0;0;0;0;0
182504;538;2020;Mediocentro;6;114;1;6.316666;0;0;0;0;30;1;0;3;0;3;20;6;3;0;0;0;1;0;0;0;0;0
47346;538;2020;Delantero;13;293;2;6.484615;1;0;5;2;48;0;0;4;0;2;64;20;6;0;1;0;4;0;0;0;0;0
182528;538;2020;Portero;0;0;0;0.0;0;0;0;0;0;0;0;0;0;0;0;0;0;0;0;0;0;0;0;0;0;0
182538;538;2020;Portero;0;0;0;0.0;0;0;0;0;0;0;0;0;0;0;0;0;0;0;0;0;0;0;0;0;0;0
157988;538;2020;Defensa;3;261;3;6.733333;1;0;2;1;91;1;0;3;0;1;9;5;2;0;1;0;0;0;0;0;0;0
313651;538;2020;Mediocentro;1;0;0;0.0;0;0;0;0;0;0;0;0;0;0;0;0;0;0;0;0;0;0;0;0;0;0
47426;538;2020;Portero;19;1639;19;6.494736;0;0;0;0;584;0;0;0;0;0;4;3;2;0;0;0;0;1;0;27;34;0
47427;538;2020;Portero;21;1779;19;6.785714;0;0;0;0;600;0;0;0;0;0;8;6;1;0;0;0;1;0;0;30;48;0
47431;538;2020;Defensa;0;0;0;0.0;0;0;0;0;0;0;0;0;0;0;0;0;0;0;0;0;1;0;0;0;0;0
47432;538;2020;Defensa;31;2604;30;6.856666;3;1;16;11;1351;17;0;58;11;37;329;167;28;0;29;17;8;0;0;0;0;0
47433;538;2020;Defensa;18;1618;18;6.911111;0;2;9;2;808;14;0;25;1;24;136;75;18;0;12;5;4;0;0;0;0;0
47434;538;2020;Defensa;8;560;5;6.55;0;0;1;0;269;0;0;11;0;9;52;29;11;0;8;3;3;0;0;0;0;0
47435;538;2020;Mediocentro;32;1391;13;6.66129;3;0;15;7;765;4;0;30;1;16;121;53;10;0;11;9;3;0;0;0;0;0
47440;538;2020;Mediocentro;34;2677;30;6.75;9;0;40;22;1145;18;0;59;2;32;424;165;62;0;41;12;8;0;1;0;0;0
47443;538;2020;Mediocentro;12;453;3;6.7;0;0;3;0;274;5;0;14;2;10;75;44;6;0;9;7;4;1;0;0;0;0
47445;538;2020;Delantero;33;2871;33;7.490909;14;13;43;27;1224;64;0;11;2;16;281;140;53;0;85;60;9;0;5;0;0;0
47446;538;2020;Delantero;11;501;6;6.73;0;0;6;2;109;3;0;8;0;5;80;41;13;0;25;16;2;0;0;0;0;0
278896;538;2020;Mediocentro;0;0;0;0.0;0;0;0;0;0;0;0;0;0;0;0;0;0;0;0;0;0;0;0;0;0;0
104832;538;2020;Defensa;0;0;0;0.0;0;0;0;0;0;0;0;0;0;0;0;0;0;0;0;0;0;0;0;0;0;0
2433;538;2020;Mediocentro;32;2710;32;6.925;0;1;14;5;1587;9;40;93;13;53;436;232;47;0;38;28;11;0;0;0;0;0
162212;538;2020;Mediocentro;22;529;4;6.52;1;0;6;3;195;9;0;7;0;3;57;25;8;0;8;2;0;0;0;0;0;0
119213;538;2020;Delantero;2;32;0;6.85;0;0;1;1;16;1;0;0;0;0;8;5;4;0;2;1;0;0;0;0;0;0
129728;538;2020;Mediocentro;5;140;0;6.58;0;0;0;0;101;1;0;6;0;2;20;10;3;0;2;1;0;0;0;0;0;0
2870;538;2020;Defensa;33;2423;26;6.730303;0;0;6;0;1584;4;0;24;18;43;178;94;4;0;5;5;5;0;0;0;0;0
934;538;2020;Delantero;34;2422;29;6.882352;12;3;41;22;600;15;0;31;3;6;452;203;62;0;25;10;4;0;1;0;0;0
25914;538;2020;Defensa;19;1539;17;6.663157;0;3;3;1;672;6;0;34;4;13;163;81;15;0;25;17;1;0;0;0;0;0
1461;538;2020;Mediocentro;35;2863;34;6.925714;0;9;12;3;1902;47;45;64;2;22;328;153;40;0;58;36;10;0;0;0;0;0
46692;538;2020;Mediocentro;0;0;0;0.0;0;0;0;0;0;0;0;0;0;0;0;0;0;0;0;0;0;0;0;0;0;0
5921;538;2020;Mediocentro;16;477;3;6.70625;2;2;5;3;178;10;0;18;1;6;96;38;4;0;12;7;2;0;0;0;0;0
286558;538;2020;Defensa;0;0;0;0.0;0;0;0;0;0;0;0;0;0;0;0;0;0;0;0;0;0;0;0;0;0;0
286559;538;2020;Defensa;4;360;4;6.775;0;0;1;1;157;2;0;5;3;6;40;18;2;0;0;0;2;0;0;0;0;0
1926;538;2020;Defensa;25;1281;14;6.642857;0;0;5;0;622;2;0;26;4;25;148;83;13;0;3;2;3;0;0;0;0;0
192434;538;2020;Delantero;4;26;0;6.533333;0;0;0;0;14;0;0;1;0;0;6;3;1;0;1;1;2;0;0;0;0;0
47080;538;2020;Defensa;0;0;0;0.0;0;0;0;0;0;0;0;0;0;0;0;0;0;0;0;0;0;0;0;0;0;0
135148;538;2020;Portero;0;0;0;0.0;0;0;0;0;0;0;0;0;0;0;0;0;0;0;0;0;0;0;0;0;0;0
47328;539;2020;Defensa;29;2061;23;6.720689;1;0;6;3;1230;4;0;22;15;36;193;102;6;0;3;3;2;0;0;0;0;0
47441;539;2020;Mediocentro;21;1118;13;6.719047;0;2;4;0;679;3;0;23;3;19;120;63;8;0;14;11;1;0;0;0;0;0
47448;539;2020;Portero;29;2610;29;6.751724;0;0;0;0;773;0;0;0;0;2;7;5;2;0;1;0;0;0;0;44;78;2
47450;539;2020;Portero;1;90;1;5.9;0;0;0;0;26;0;0;0;0;0;0;0;0;0;0;0;1;0;0;2;2;2
47451;539;2020;Defensa;17;838;11;6.758823;0;0;8;2;390;5;0;25;1;14;101;53;9;0;7;4;1;0;0;0;0;0
47453;539;2020;Defensa;12;729;9;6.608333;0;2;2;0;324;6;0;4;1;7;58;29;10;0;13;8;2;0;0;0;0;0
47457;539;2020;Defensa;32;2312;25;6.75625;1;0;2;2;1343;3;0;34;11;46;202;115;19;0;14;10;7;0;0;0;0;0
47458;539;2020;Defensa;22;1625;19;6.722727;0;0;0;0;870;3;0;16;10;33;96;54;12;0;3;3;4;0;0;0;0;0
47460;539;2020;Defensa;19;1426;16;6.810526;0;1;5;0;880;4;0;14;16;35;111;42;6;0;8;7;3;1;0;0;0;0
47461;539;2020;Mediocentro;26;1685;19;6.753846;1;2;29;13;801;22;0;28;2;21;222;92;24;0;57;35;4;0;0;0;0;0
47464;539;2020;Mediocentro;9;747;8;7.244444;1;2;10;5;463;14;42;14;0;13;107;54;13;0;40;23;1;0;1;0;0;0
47462;539;2020;Mediocentro;7;96;0;6.642857;0;0;0;0;43;1;0;5;0;3;22;9;3;0;1;1;1;0;0;0;0;0
47467;539;2020;Delantero;38;2454;30;6.907894;13;3;47;27;624;34;0;18;0;11;225;80;18;0;73;31;3;0;0;0;0;0
47469;539;2020;Mediocentro;13;815;11;6.6;0;0;2;0;318;4;0;14;5;8;76;41;7;0;4;3;4;0;0;0;0;0
47468;539;2020;Mediocentro;25;1406;17;6.892;0;1;29;7;787;16;0;38;2;22;232;115;31;0;39;30;5;0;0;0;0;0
47471;539;2020;Delantero;33;2209;26;6.881818;12;4;40;23;502;18;0;11;3;4;201;70;25;0;19;14;4;0;2;0;0;0
395;539;2020;Delantero;0;0;0;0.0;0;0;0;0;0;0;0;0;0;0;0;0;0;0;0;0;0;0;0;0;0;0
182669;539;2020;Mediocentro;1;10;0;6.3;0;0;0;0;12;0;0;0;0;0;2;0;0;0;0;0;0;0;0;0;0;0
127374;539;2020;Defensa;0;0;0;0.0;0;0;0;0;0;0;0;0;0;0;0;0;0;0;0;0;0;0;0;0;0;0
182671;539;2020;Mediocentro;4;239;3;6.625;0;0;2;0;37;3;0;2;0;0;27;10;1;0;6;4;1;0;0;0;0;0
119232;539;2020;Delantero;34;1663;17;6.517647;2;2;22;8;319;11;0;4;0;2;238;87;38;0;59;33;3;0;0;0;0;0
47568;539;2020;Defensa;26;1733;19;6.776;0;3;7;0;797;16;0;32;2;27;142;80;11;0;23;16;1;0;0;0;0;0
131538;539;2020;Defensa;28;1091;10;6.685714;0;0;8;5;463;19;0;18;2;12;100;52;13;0;18;12;3;0;0;0;0;0
47576;539;2020;Mediocentro;29;1857;21;6.893103;7;1;21;9;1032;21;0;24;5;18;234;111;33;0;23;14;4;0;0;0;0;0
104949;539;2020;Mediocentro;0;0;0;0.0;0;0;0;0;0;0;0;0;0;0;0;0;0;0;0;0;0;0;0;0;0;0
156488;539;2020;Portero;8;720;8;6.9125;0;0;0;0;221;0;0;0;0;3;4;3;0;0;0;0;1;0;0;11;28;1
119795;539;2020;Mediocentro;3;21;0;6.7;0;0;1;0;13;1;0;1;0;0;5;3;2;0;0;0;0;0;0;0;0;0
192013;539;2020;Defensa;0;0;0;0.0;0;0;0;0;0;0;0;0;0;0;0;0;0;0;0;0;0;0;0;0;0;0
192015;539;2020;Mediocentro;1;7;0;6.7;0;0;0;0;4;0;0;0;0;0;2;2;1;0;1;1;0;0;0;0;0;0
1583;539;2020;Delantero;28;732;6;6.45;2;0;14;5;135;8;0;6;0;3;83;23;6;0;10;1;1;0;0;0;0;0
46651;539;2020;Defensa;35;2776;30;6.811428;0;3;5;4;1334;23;0;56;4;37;280;168;35;0;55;36;5;0;0;0;0;0
128582;539;2020;Delantero;37;2187;22;6.74054;4;9;23;11;587;41;0;48;2;16;297;135;28;0;93;46;3;0;0;0;0;0
46714;539;2020;Mediocentro;35;2341;25;6.848571;1;0;17;7;1379;12;0;55;9;43;258;132;36;0;31;20;5;0;0;0;0;0
286611;539;2020;Portero;0;0;0;0.0;0;0;0;0;0;0;0;0;0;0;0;0;0;0;0;0;0;0;0;0;0;0
47264;541;2020;Delantero;2;53;0;6.7;0;0;1;0;7;1;0;0;0;0;9;3;1;0;1;1;0;0;0;0;0;0
162026;541;2020;Defensa;4;133;2;6.725;0;1;1;0;70;2;0;3;0;2;21;13;5;0;6;2;0;0;0;0;0;0
162032;541;2020;Defensa;6;314;3;6.75;0;1;0;0;229;4;0;4;0;5;44;23;7;0;11;6;0;0;0;0;0;0
162033;541;2020;Mediocentro;8;127;0;6.671428;0;0;1;1;85;1;0;3;0;4;21;13;2;0;6;6;1;0;0;0;0;0
2296;541;2020;Delantero;14;532;7;6.928571;3;2;9;5;334;6;0;3;0;3;68;38;19;0;22;14;0;0;0;0;0;0
37127;541;2020;Mediocentro;7;233;3;6.766666;0;0;0;0;162;5;0;1;0;1;9;3;1;0;1;1;0;0;0;0;0;0
162058;541;2020;Defensa;2;94;1;7.2;0;0;0;0;75;0;0;1;2;1;10;4;0;0;1;0;0;0;0;0;0;0
47400;541;2020;Portero;0;0;0;0.0;0;0;0;0;0;0;0;0;0;0;0;0;0;0;0;0;0;0;0;0;0;1
47472;541;2020;Delantero;2;21;0;6.3;0;0;0;0;5;0;0;0;0;0;3;0;0;0;0;0;0;0;0;0;0;0
372;541;2020;Defensa;14;1133;13;6.907142;1;0;10;3;778;0;50;20;6;19;99;65;12;0;2;2;3;1;0;0;0;0
653;541;2020;Defensa;26;2207;24;6.946153;1;0;10;2;1266;18;43;26;4;26;208;119;39;0;60;44;3;0;0;0;0;0
730;541;2020;Portero;38;3420;38;7.042105;0;0;0;0;1077;0;0;0;0;1;15;13;3;0;0;0;0;0;0;28;90;1
733;541;2020;Defensa;13;952;11;7.046153;0;2;4;2;668;9;43;27;1;13;101;59;10;0;14;8;5;0;0;0;0;0
735;541;2020;Defensa;24;1999;22;6.941666;1;0;11;3;1199;4;45;27;9;40;188;89;25;0;10;6;8;0;0;0;0;0
737;541;2020;Defensa;13;829;9;6.815384;2;0;2;2;351;8;0;14;3;6;59;29;5;0;18;8;0;0;0;0;0;0
738;541;2020;Defensa;15;1277;15;7.293333;2;0;14;6;1103;4;67;15;5;19;91;55;5;0;7;5;3;0;2;0;0;0
162529;541;2020;Portero;0;0;0;0.0;0;0;0;0;0;0;0;0;0;0;0;0;0;0;0;0;0;0;0;0;0;0
742;541;2020;Defensa;31;2717;31;7.067741;2;0;13;4;1766;4;51;22;18;36;162;110;10;0;5;5;2;0;0;0;0;0
743;541;2020;Defensa;16;1052;12;7.00625;0;2;9;0;732;17;0;25;1;10;103;57;15;0;14;12;3;0;0;0;0;0
162530;541;2020;Defensa;0;0;0;0.0;0;0;0;0;0;0;0;0;0;0;0;0;0;0;0;0;0;0;0;0;0;0
745;541;2020;Mediocentro;25;897;8;6.754166;0;2;13;3;684;19;0;13;1;2;138;67;18;0;44;31;1;0;0;0;0;0
746;541;2020;Delantero;35;1875;21;6.951428;5;2;25;11;891;33;0;12;0;11;145;79;28;0;39;29;1;0;0;0;0;0
747;541;2020;Mediocentro;34;2902;32;7.329411;6;4;36;11;1932;25;47;84;17;70;457;249;55;0;23;13;10;0;0;0;0;0
752;541;2020;Mediocentro;28;2121;24;7.7;3;10;29;12;2021;67;67;41;6;15;179;101;31;0;18;16;6;0;0;0;0;0
754;541;2020;Mediocentro;35;2744;32;7.325714;5;3;29;15;2210;50;55;37;2;48;268;144;33;0;74;55;4;0;0;0;0;0
756;541;2020;Mediocentro;24;1331;15;7.021739;3;1;17;8;743;22;0;25;2;22;114;67;9;0;28;23;0;0;0;0;0;0
757;541;2020;Defensa;24;1851;21;7.229166;2;5;16;8;1223;44;44;61;1;19;235;134;31;0;45;32;3;0;0;0;0;0
759;541;2020;Delantero;34;2902;33;7.452941;23;9;98;55;1209;38;0;8;2;8;223;98;25;0;62;39;2;0;1;0;0;0
760;541;2020;Delantero;16;506;5;6.566666;1;0;13;6;105;2;0;4;1;0;86;36;5;0;12;7;0;0;0;0;0;0
762;541;2020;Delantero;35;1972;22;6.782857;3;3;30;13;739;33;0;32;0;7;279;134;54;0;81;44;3;0;0;0;0;0
162686;541;2020;Mediocentro;4;218;2;6.9;0;0;1;0;167;2;0;7;2;3;25;9;2;0;0;0;0;0;0;0;0;0
206260;541;2020;Portero;0;0;0;0.0;0;0;0;0;0;0;0;0;0;0;0;0;0;0;0;0;0;0;0;0;0;0
237065;541;2020;Delantero;0;0;0;0.0;0;0;0;0;0;0;0;0;0;0;0;0;0;0;0;0;0;0;0;0;0;0
46734;541;2020;Defensa;0;0;0;0.0;0;0;0;0;0;0;0;0;0;0;0;0;0;0;0;0;0;0;0;0;0;0
153308;541;2020;Portero;0;0;0;0.0;0;0;0;0;0;0;0;0;0;0;0;0;0;0;0;0;0;0;0;0;0;1
10009;541;2020;Delantero;22;978;10;6.845454;1;6;15;5;388;19;0;15;0;7;142;61;23;0;40;18;0;0;0;0;0;0
1828;541;2020;Delantero;4;149;2;6.575;0;0;6;1;39;2;0;0;0;0;12;6;1;0;2;2;0;0;0;0;0;0
38;542;2020;Defensa;12;847;8;6.55;0;0;2;0;354;2;0;11;6;11;88;47;16;0;0;0;4;0;0;0;0;0
125026;542;2020;Mediocentro;2;15;0;6.2;0;0;0;0;5;0;0;1;0;0;2;1;0;0;0;0;0;0;0;0;0;0
47279;542;2020;Mediocentro;7;215;3;6.6;0;0;1;0;31;0;0;0;0;2;13;7;3;0;3;2;0;0;0;0;0;0
313562;542;2020;Defensa;0;0;0;0.0;0;0;0;0;0;0;0;0;0;0;0;0;0;0;0;0;0;0;0;0;0;0
47352;542;2020;Portero;38;3348;37;6.663157;0;0;0;0;964;0;0;2;0;2;15;12;3;0;0;0;1;0;0;56;84;1
47353;542;2020;Portero;1;72;1;6.9;0;0;0;0;18;0;0;0;0;0;1;1;0;0;0;0;0;0;0;0;1;1
47354;542;2020;Defensa;26;1553;16;6.588;0;1;1;0;549;12;0;32;3;27;144;76;23;0;6;2;1;0;0;0;0;0
47355;542;2020;Defensa;31;2549;29;6.874193;1;1;12;2;994;29;0;55;6;66;257;144;39;0;13;5;6;0;0;0;0;0
47356;542;2020;Defensa;8;470;6;6.825;1;0;4;2;162;3;0;5;1;7;36;22;2;0;1;1;1;0;0;0;0;0
47357;542;2020;Defensa;32;2634;30;6.61875;0;1;6;3;1073;4;0;20;13;36;161;83;11;0;0;0;4;1;0;0;0;0
47358;542;2020;Defensa;5;91;1;6.266666;0;0;0;0;44;1;0;1;0;2;11;4;0;0;1;0;0;0;0;0;0;0
47360;542;2020;Defensa;31;2380;28;6.75;1;1;7;3;789;8;0;54;4;47;236;123;34;0;29;16;6;0;0;0;0;0
47362;542;2020;Mediocentro;1;20;0;6.7;0;0;0;0;9;0;0;3;0;0;4;4;1;0;0;0;0;0;0;0;0;0
47363;542;2020;Mediocentro;25;1113;10;6.512;0;0;7;1;400;6;0;24;1;12;182;95;27;0;6;4;8;0;0;0;0;0
47365;542;2020;Mediocentro;33;2590;31;6.660606;1;1;7;1;909;7;0;39;8;37;275;128;30;0;19;15;12;0;0;0;0;0
47371;542;2020;Delantero;10;200;1;6.566666;1;0;5;1;67;1;0;2;0;1;21;8;2;0;0;0;1;0;0;0;0;0
133453;542;2020;Delantero;21;437;2;6.368421;1;0;6;4;91;3;0;7;0;6;85;26;7;0;26;10;1;0;0;0;0;0
182636;542;2020;Defensa;9;242;1;6.4875;0;0;1;1;99;3;0;5;0;3;31;14;3;0;8;4;1;1;0;0;0;0
18833;542;2020;Delantero;28;1764;19;6.95;4;4;24;13;515;55;0;6;1;2;134;66;29;0;44;29;1;0;3;0;0;0
47518;542;2020;Mediocentro;22;1180;12;6.55;2;0;7;4;339;8;0;20;2;7;139;60;18;0;28;9;1;0;0;0;0;0
70078;542;2020;Mediocentro;12;540;5;6.325;0;0;5;2;106;2;0;8;0;4;93;40;9;0;23;15;0;0;0;0;0;0
18895;542;2020;Defensa;34;3016;34;6.973529;1;1;19;6;1463;7;0;43;24;51;268;166;17;0;13;10;10;0;0;0;0;0
18907;542;2020;Delantero;37;3037;34;7.1;11;3;71;33;1013;30;0;27;3;15;606;378;74;0;55;28;1;0;2;0;0;0
41576;542;2020;Defensa;3;62;0;6.566666;0;0;0;0;18;0;0;2;0;0;5;3;0;0;0;0;0;0;0;0;0;0
35575;542;2020;Delantero;33;2103;26;6.625;5;1;27;10;386;18;0;39;3;19;343;166;51;0;39;18;11;0;0;0;0;0
19533;542;2020;Mediocentro;23;1406;18;6.523809;0;2;6;2;456;17;0;18;0;9;128;43;4;0;36;17;4;0;0;0;0;0
152843;542;2020;Portero;0;0;0;0.0;0;0;0;0;0;0;0;0;0;0;0;0;0;0;0;0;0;0;0;0;0;0
1484;542;2020;Mediocentro;32;2495;29;6.6375;1;0;9;5;1034;3;0;38;14;29;238;129;30;0;25;18;10;1;0;0;0;0
140834;542;2020;Mediocentro;2;66;1;6.6;0;0;0;0;15;1;0;2;0;1;8;4;1;0;0;0;0;0;0;0;0;0
183859;542;2020;Mediocentro;0;0;0;0.0;0;0;0;0;0;0;0;0;0;0;0;0;0;0;0;0;0;0;0;0;0;0
288334;542;2020;Defensa;0;0;0;0.0;0;0;0;0;0;0;0;0;0;0;0;0;0;0;0;0;0;0;0;0;0;0
9934;542;2020;Delantero;27;868;11;6.660869;1;3;12;2;289;10;0;6;0;9;192;99;24;0;18;9;4;0;0;0;0;0
313039;542;2020;Defensa;0;0;0;0.0;0;0;0;0;0;0;0;0;0;0;0;0;0;0;0;0;0;0;0;0;0;0
46813;542;2020;Defensa;0;0;0;0.0;0;0;0;0;0;0;0;0;0;0;0;0;0;0;0;0;0;0;0;0;0;0
46933;542;2020;Delantero;35;2099;25;6.667647;4;2;16;9;512;26;0;21;1;20;234;107;28;0;72;40;4;0;0;0;0;0
286580;542;2020;Defensa;1;15;0;6.2;0;0;0;0;13;0;0;1;0;0;4;1;0;0;1;0;0;0;0;0;0;0
47119;543;2020;Defensa;28;1605;21;6.646428;2;2;24;14;526;24;0;32;0;11;231;100;17;0;60;37;2;0;0;0;0;0
134;543;2020;Defensa;22;1651;18;6.736363;1;2;7;3;715;12;0;27;2;29;177;79;21;0;10;4;4;0;0;0;0;0
47320;543;2020;Delantero;16;598;5;6.493333;2;0;10;6;145;2;0;13;0;2;88;33;3;0;11;5;1;0;0;0;0;0
47348;543;2020;Delantero;28;1412;15;6.811111;11;0;28;16;271;6;0;1;2;3;155;62;21;0;21;10;2;0;5;0;0;0
104804;543;2020;Portero;0;0;0;0.0;0;0;0;0;0;0;0;0;0;0;0;0;0;0;0;0;0;0;0;0;0;0
2476;543;2020;Mediocentro;35;2872;34;7.031428;1;0;21;9;1631;11;0;98;14;68;411;236;47;0;43;35;10;0;0;0;0;0
47547;543;2020;Defensa;23;1786;20;6.760869;0;2;10;3;946;18;0;42;4;35;207;113;22;0;43;26;4;0;0;0;0;0
2522;543;2020;Delantero;16;935;10;6.65;3;0;22;12;218;3;0;5;1;3;140;70;11;0;19;11;2;0;0;0;0;0
18965;543;2020;Defensa;5;237;2;6.7;0;0;1;0;131;4;0;6;1;2;29;20;1;0;7;5;0;1;0;0;0;0
614;543;2020;Portero;20;1800;20;6.95;0;0;0;0;565;3;0;0;0;0;8;7;0;0;3;3;3;0;0;25;52;0
668;543;2020;Delantero;33;2637;33;6.963636;5;5;59;28;1176;52;0;45;2;8;537;249;93;0;117;85;5;1;1;0;0;0
669;543;2020;Mediocentro;0;0;0;0.0;0;0;0;0;0;0;0;0;0;0;0;0;0;0;0;0;0;0;0;0;0;0
185477;543;2020;Mediocentro;15;533;5;6.592857;0;0;3;0;237;8;0;3;0;2;57;30;16;0;16;9;0;0;0;0;0;0
1558;543;2020;Portero;18;1620;18;6.694444;0;0;0;0;475;1;0;0;0;0;5;3;1;0;0;0;2;0;0;25;38;1
1561;543;2020;Defensa;19;1695;19;6.736842;0;1;8;4;958;3;40;27;5;40;188;107;15;0;8;7;3;0;0;0;0;0
1562;543;2020;Defensa;11;693;7;6.74;0;0;0;0;521;0;47;9;4;16;73;37;8;0;2;1;1;0;0;0;0;0
1566;543;2020;Defensa;34;2993;34;6.938235;1;4;7;3;1529;33;0;91;6;61;428;246;73;0;47;24;9;1;0;0;0;0
1567;543;2020;Defensa;28;2393;27;7.0;3;1;8;7;1521;4;51;30;13;39;138;86;13;0;2;2;6;1;0;0;0;0
1568;543;2020;Mediocentro;10;375;4;6.675;0;0;0;0;185;2;0;11;1;6;51;26;2;0;4;3;4;0;0;0;0;0
1570;543;2020;Mediocentro;31;2502;28;7.187096;8;6;30;13;1655;59;46;16;0;13;170;77;21;0;43;32;4;0;2;0;0;0
1573;543;2020;Mediocentro;24;1321;17;6.75238;1;0;9;5;775;8;0;25;3;18;142;71;10;0;16;13;4;0;0;0;0;0
1577;543;2020;Mediocentro;21;855;8;6.64;0;2;8;4;332;13;0;9;0;11;147;73;28;0;48;30;5;0;0;0;0;0
1579;543;2020;Mediocentro;27;1295;16;6.946153;2;5;6;5;674;32;0;9;0;17;116;54;12;0;29;20;2;0;0;0;0;0
1580;543;2020;Mediocentro;27;1219;12;6.664;2;0;12;6;959;9;0;19;3;11;148;76;10;0;24;18;5;0;0;0;0;0
1584;543;2020;Delantero;26;982;9;6.473076;1;0;13;3;182;7;0;11;0;3;203;77;25;0;23;11;3;0;0;0;0;0
1586;543;2020;Delantero;29;1277;12;6.820689;5;3;25;14;469;21;0;16;0;11;109;53;8;0;35;23;1;0;0;0;0;0
1693;543;2020;Defensa;27;2157;24;6.766666;2;0;4;4;1294;2;41;11;13;46;162;87;5;0;7;6;9;0;0;0;0;0
116438;543;2020;Portero;0;0;0;0.0;0;0;0;0;0;0;0;0;0;0;0;0;0;0;0;0;0;0;0;0;0;1
46871;543;2020;Portero;0;0;0;0.0;0;0;0;0;0;0;0;0;0;0;0;0;0;0;0;0;0;0;0;0;0;1
188408;543;2020;Defensa;0;0;0;0.0;0;0;0;0;0;0;0;0;0;0;0;0;0;0;0;0;0;0;0;0;0;0
188409;543;2020;Defensa;0;0;0;0.0;0;0;0;0;0;0;0;0;0;0;0;0;0;0;0;0;0;0;0;0;0;0
2061;545;2020;Delantero;28;2273;26;7.053571;4;3;30;16;790;52;0;28;0;17;318;154;47;0;121;67;6;0;0;0;0;0
41149;545;2020;Defensa;19;1131;12;6.805263;0;1;1;0;473;15;0;28;4;20;92;51;2;0;8;4;2;0;0;0;0;0
47304;545;2020;Defensa;22;1092;11;6.445454;1;1;8;4;422;11;0;16;1;20;147;56;16;0;21;11;1;0;0;0;0;0
47377;545;2020;Defensa;34;2803;30;6.82647;0;1;18;2;1697;10;0;45;11;69;280;151;13;0;30;25;8;0;0;0;0;0
47378;545;2020;Defensa;21;1530;19;6.647619;0;0;8;0;625;1;0;11;6;23;135;68;6;0;2;1;1;0;0;0;0;0
47383;545;2020;Defensa;31;2640;29;6.812903;0;1;11;3;1219;2;0;42;14;59;257;150;8;0;6;5;4;0;0;0;0;0
47384;545;2020;Defensa;14;904;11;6.735714;0;0;2;0;513;9;0;15;0;13;73;44;4;0;8;8;3;0;0;0;0;0
47385;545;2020;Mediocentro;27;1562;17;6.654166;0;0;6;2;686;6;0;42;5;22;221;111;16;0;10;8;3;0;0;0;0;0
47387;545;2020;Mediocentro;33;2335;28;6.687878;1;1;20;9;866;12;0;43;5;39;311;156;20;0;9;7;8;1;0;0;0;0
47392;545;2020;Mediocentro;24;930;10;6.814285;1;2;16;5;248;19;0;9;0;7;107;51;10;0;20;14;2;0;0;0;0;0
47395;545;2020;Delantero;27;1398;13;6.711111;3;0;34;15;437;16;0;21;0;6;293;134;19;0;15;7;1;0;0;0;0;0
47396;545;2020;Delantero;37;3105;36;7.159459;12;2;75;34;831;26;0;24;1;7;692;337;92;0;54;36;3;0;0;0;0;0
47413;545;2020;Mediocentro;17;729;8;6.75;1;0;7;3;386;14;0;17;0;4;105;54;19;0;13;9;5;0;1;0;0;0
47476;545;2020;Portero;4;299;3;6.5;0;0;0;0;93;0;0;0;0;0;0;0;0;0;0;0;0;0;0;3;3;2
47516;545;2020;Mediocentro;11;436;5;6.754545;0;1;2;1;250;12;0;5;0;8;29;13;1;0;2;1;1;0;0;0;0;0
18905;545;2020;Mediocentro;26;1120;13;6.634615;1;1;17;5;217;11;0;12;0;3;193;81;15;0;23;15;1;0;0;0;0;0
2600;545;2020;Mediocentro;28;1826;22;6.567857;1;0;27;17;424;14;0;13;0;12;176;63;18;0;63;26;0;0;0;0;0;0
178932;545;2020;Portero;0;0;0;0.0;0;0;0;0;0;0;0;0;0;0;0;0;0;0;0;0;0;0;0;0;0;0
2813;545;2020;Portero;35;3121;35;6.728571;1;0;3;2;971;4;0;4;0;0;20;18;4;0;1;1;0;0;1;49;81;2
1328;545;2020;Mediocentro;6;194;2;6.666666;0;0;3;1;47;1;0;1;0;0;21;7;3;0;4;3;0;0;0;0;0;0
183716;545;2020;Delantero;1;62;1;5.9;0;0;1;0;9;0;0;2;1;0;8;2;0;0;0;0;1;0;0;0;0;0
183777;545;2020;Defensa;1;63;1;5.9;0;0;0;0;33;0;0;2;0;1;7;3;0;0;0;0;0;0;0;0;0;0
183891;545;2020;Delantero;4;43;0;6.225;0;0;0;0;7;0;0;1;0;0;8;2;1;0;0;0;1;0;0;0;0;0
46680;545;2020;Defensa;0;0;0;0.0;0;0;0;0;0;0;0;0;0;0;0;0;0;0;0;0;0;0;0;0;0;0
46688;545;2020;Mediocentro;30;2187;24;6.576666;0;0;9;1;884;12;0;38;2;27;169;78;18;0;27;14;4;0;0;0;0;0
181866;545;2020;Defensa;1;0;0;0.0;0;0;0;0;0;0;0;0;0;0;0;0;0;0;0;0;0;0;0;0;0;0
181867;545;2020;Mediocentro;12;837;9;6.625;0;0;3;0;337;4;0;20;1;9;95;48;2;0;3;1;1;0;0;0;0;0
46709;545;2020;Defensa;2;109;1;6.95;0;0;2;1;66;3;0;1;0;3;10;3;0;0;2;1;1;0;0;0;0;0
46757;545;2020;Defensa;15;1139;13;7.02;0;2;6;0;457;11;0;16;1;20;139;94;19;0;17;13;3;0;0;0;0;0
46799;545;2020;Mediocentro;31;2459;27;6.92258;0;3;31;9;1065;43;0;51;4;22;309;152;27;0;56;41;4;0;0;0;0;0
46809;545;2020;Delantero;12;157;0;6.514285;0;0;4;1;49;1;0;0;0;0;27;8;4;0;3;1;0;0;0;0;0;0
46940;545;2020;Defensa;14;1114;12;6.814285;3;1;6;5;554;2;0;7;7;23;99;41;3;0;1;1;5;0;2;0;0;0
47033;545;2020;Mediocentro;0;0;0;0.0;0;0;0;0;0;0;0;0;0;0;0;0;0;0;0;0;0;0;0;0;0;0
14344;546;2020;Mediocentro;2;7;0;6.8;0;0;0;0;7;2;0;0;0;0;1;0;0;0;0;0;0;0;0;0;0;0
58;546;2020;Delantero;4;68;0;0.0;0;0;0;0;0;0;0;0;0;0;0;0;0;0;0;0;0;0;0;0;0;0
186458;546;2020;Mediocentro;3;57;0;6.233333;0;0;0;0;13;0;0;2;0;0;13;5;1;0;2;1;1;0;0;0;0;0
32862;546;2020;Delantero;18;801;8;6.555555;1;1;11;7;185;9;0;7;0;14;135;49;22;0;34;15;2;0;0;0;0;0
47247;546;2020;Portero;28;2520;28;6.764285;0;0;0;0;840;0;0;2;0;1;18;13;3;0;0;0;2;0;0;31;54;1
47248;546;2020;Portero;10;900;10;6.64;0;0;0;0;238;0;0;0;0;2;6;3;2;0;0;0;2;0;0;12;19;1
47250;546;2020;Defensa;34;2945;34;6.823529;0;1;2;0;1006;6;0;61;11;42;271;177;36;0;15;13;7;1;0;0;0;0
47254;546;2020;Defensa;31;2619;30;6.787096;0;0;13;4;831;21;0;61;3;31;340;188;24;0;37;26;6;0;0;0;0;0
47257;546;2020;Defensa;31;2440;28;6.590322;1;0;7;2;933;19;0;59;2;31;316;154;38;0;39;22;13;0;0;0;0;0
47258;546;2020;Mediocentro;34;2989;33;6.891176;3;0;35;9;962;21;0;64;5;42;442;227;73;0;56;36;11;0;0;0;0;0
47262;546;2020;Mediocentro;16;408;3;6.35;0;1;0;0;243;5;0;5;0;5;62;16;4;0;16;6;1;0;0;0;0;0
47266;546;2020;Delantero;33;1360;12;6.57;5;0;28;14;278;6;0;7;0;2;193;62;22;0;26;11;4;0;1;0;0;0
196;546;2020;Defensa;0;0;0;0.0;0;0;0;0;0;0;0;0;0;0;0;0;0;0;0;0;0;0;0;0;0;0
47380;546;2020;Defensa;37;3250;37;6.735135;3;2;18;8;1100;39;0;64;4;40;492;217;60;0;59;24;8;0;0;0;0;0
47407;546;2020;Defensa;31;2333;28;6.54;0;2;7;2;649;17;0;38;2;22;253;120;20;0;24;11;10;1;0;0;0;0
47452;546;2020;Defensa;20;1326;15;6.611111;0;0;3;0;467;0;0;24;6;13;139;84;20;0;2;0;8;0;0;0;0;0
47459;546;2020;Defensa;10;556;7;6.222222;0;0;2;1;167;2;0;11;0;10;55;24;3;0;0;0;3;1;0;0;0;0
47499;546;2020;Delantero;28;1321;15;6.803703;4;2;33;9;339;14;0;11;0;2;366;165;35;0;36;17;4;0;1;0;0;0
293297;546;2020;Mediocentro;6;60;0;6.24;0;0;0;0;15;0;0;2;0;0;13;3;0;0;0;0;0;0;0;0;0;0
47565;546;2020;Defensa;11;881;9;6.563636;0;0;3;0;317;1;0;8;3;13;73;31;2;0;2;1;3;0;0;0;0;0
47582;546;2020;Delantero;23;1474;18;6.804347;2;3;22;11;466;20;0;19;1;6;305;127;32;0;43;30;5;0;0;0;0;0
2671;546;2020;Delantero;33;2040;23;6.578125;5;0;33;19;552;15;0;12;2;6;378;130;36;0;18;4;10;1;1;0;0;0
143;546;2020;Mediocentro;22;1368;15;6.5;2;0;1;0;39;0;0;1;0;0;8;2;0;0;0;0;1;0;0;0;0;0
2824;546;2020;Mediocentro;35;2745;34;6.757142;1;0;12;5;761;19;0;50;9;57;264;122;9;0;19;13;5;0;0;0;0;0
299877;546;2020;Defensa;0;0;0;0.0;0;0;0;0;0;0;0;0;0;0;0;0;0;0;0;0;0;0;0;0;0;0
104800;546;2020;Defensa;0;0;0;0.0;0;0;0;0;0;0;0;0;0;0;0;0;0;0;0;0;0;0;0;0;0;0
119742;546;2020;Defensa;10;604;7;6.9;0;0;4;1;152;4;0;27;1;17;101;58;16;0;10;5;2;0;0;0;0;0
104835;546;2020;Delantero;1;4;0;6.7;0;0;0;0;5;0;0;0;0;0;4;2;0;0;0;0;0;0;0;0;0;0
1495;546;2020;Delantero;1;17;0;6.3;0;0;1;0;8;1;0;2;0;0;6;2;0;0;1;0;0;0;0;0;0;0
122469;546;2020;Delantero;4;22;0;6.5;0;0;1;0;14;0;0;0;0;0;9;4;2;0;0;0;1;0;0;0;0;0
122737;546;2020;Defensa;11;896;9;6.545454;0;0;3;1;244;1;0;12;2;14;88;58;15;0;0;0;5;0;0;0;0;0
294791;546;2020;Delantero;1;21;0;6.7;0;0;1;0;4;0;0;1;0;0;9;4;1;0;1;1;0;0;0;0;0;0
47010;546;2020;Mediocentro;30;1387;15;6.607407;0;0;15;5;594;12;0;13;1;19;140;70;14;0;3;2;5;1;0;0;0;0
286643;546;2020;Defensa;1;44;0;6.2;0;0;0;0;10;0;0;0;0;2;1;0;0;0;0;0;0;0;0;0;0;0
84086;548;2020;Mediocentro;1;34;0;6.3;0;0;0;0;20;1;0;1;0;1;9;3;1;0;1;0;0;0;0;0;0;0
47269;548;2020;Portero;38;3420;38;6.742105;0;0;0;0;1083;0;0;0;0;3;15;14;7;0;1;1;0;0;0;38;68;1
20661;548;2020;Defensa;16;619;7;6.6125;0;0;4;1;384;3;0;12;2;6;60;32;4;0;6;4;3;0;0;0;0;0
47295;548;2020;Portero;0;0;0;0.0;0;0;0;0;0;0;0;0;0;0;0;0;0;0;0;0;0;0;0;0;0;1
47297;548;2020;Portero;0;0;0;0.0;0;0;0;0;0;0;0;0;0;0;0;0;0;0;0;0;0;0;0;0;0;0
47298;548;2020;Defensa;23;1886;22;6.952173;1;0;3;1;1223;3;45;30;5;15;188;123;27;0;8;4;5;0;0;0;0;0
47299;548;2020;Defensa;32;2391;28;6.809375;0;1;7;2;1101;23;0;76;4;23;253;135;29;0;22;9;3;0;0;0;0;0
47301;548;2020;Defensa;33;2747;30;6.836363;0;1;16;1;1700;5;43;34;24;36;313;176;18;0;5;5;5;1;0;0;0;0
47302;548;2020;Defensa;1;90;1;7.2;0;0;0;0;58;0;48;1;1;2;7;4;0;0;0;0;0;0;0;0;0;0
47303;548;2020;Defensa;16;1210;14;6.75625;0;1;4;1;517;6;0;23;2;10;113;56;9;0;17;10;6;0;0;0;0;0
47307;548;2020;Defensa;12;634;6;6.608333;0;0;2;1;282;7;0;15;2;6;71;34;9;0;7;1;3;0;0;0;0;0
47309;548;2020;Mediocentro;31;2088;25;6.8;1;1;8;2;1415;15;0;35;5;25;179;89;14;0;16;14;5;0;0;0;0;0
47310;548;2020;Mediocentro;6;343;6;6.85;0;0;0;0;270;1;41;5;0;5;45;26;10;0;0;0;2;0;0;0;0;0
47311;548;2020;Mediocentro;26;2157;25;7.115384;2;4;23;10;1178;30;0;61;8;32;437;226;54;0;46;31;5;0;0;0;0;0
47314;548;2020;Defensa;24;1958;21;6.841666;1;1;8;3;1201;5;43;23;13;12;169;92;11;0;9;7;5;0;0;0;0;0
47315;548;2020;Mediocentro;31;1869;17;6.85;0;0;5;1;1110;7;0;41;10;40;201;117;17;0;15;12;6;0;0;0;0;0
47317;548;2020;Delantero;31;1298;13;6.590322;3;0;17;7;369;15;0;29;0;6;229;91;20;0;67;39;7;0;0;0;0;0
47318;548;2020;Delantero;21;348;0;6.568421;0;1;7;3;88;6;0;5;1;2;80;38;6;0;6;4;3;0;0;0;0;0
47319;548;2020;Delantero;13;688;8;6.96923;3;1;13;9;230;8;0;3;1;0;63;29;10;0;5;2;0;0;0;0;0;0
47321;548;2020;Mediocentro;17;497;4;6.806666;3;0;9;5;213;7;0;5;0;4;40;20;5;0;7;5;0;0;0;0;0;0
47322;548;2020;Mediocentro;13;541;4;6.753846;0;1;9;4;202;9;0;9;1;3;59;32;13;0;10;6;0;0;0;0;0;0
47323;548;2020;Delantero;33;2430;30;7.181818;11;8;46;27;812;52;0;30;5;15;267;111;40;0;50;23;1;0;6;0;0;0
182547;548;2020;Defensa;0;0;0;0.0;0;0;0;0;0;0;0;0;0;0;0;0;0;0;0;0;0;0;0;0;0;0
182546;548;2020;Defensa;1;31;0;6.9;0;0;1;0;50;0;46;0;0;1;2;1;0;0;1;1;0;0;0;0;0;0
182602;548;2020;Delantero;0;0;0;0.0;0;0;0;0;0;0;0;0;0;0;0;0;0;0;0;0;0;0;0;0;0;0
182603;548;2020;Mediocentro;0;0;0;0.0;0;0;0;0;0;0;0;0;0;0;0;0;0;0;0;0;0;0;0;0;0;0
104821;548;2020;Mediocentro;17;827;8;6.694117;0;1;5;2;357;4;0;19;1;10;118;58;14;0;20;12;2;0;0;0;0;0
182664;548;2020;Portero;0;0;0;0.0;0;0;0;0;0;0;0;0;0;0;0;0;0;0;0;0;0;0;0;0;0;0
47520;548;2020;Delantero;37;2188;24;6.727777;8;3;26;11;505;26;0;18;2;8;207;75;25;0;28;14;3;0;0;0;0;0
131492;548;2020;Defensa;1;25;0;6.3;0;0;0;0;15;0;0;1;0;0;5;2;0;0;1;0;0;0;0;0;0;0
634;548;2020;Mediocentro;21;1408;17;7.142857;2;5;15;3;835;28;0;19;1;13;177;83;21;0;48;32;4;0;0;0;0;0
2864;548;2020;Delantero;34;2361;30;6.988235;17;2;63;42;429;10;0;9;1;3;272;118;33;0;67;38;4;0;0;0;0;0
2924;548;2020;Mediocentro;27;1011;12;7.022222;4;5;22;13;476;23;0;9;2;3;166;98;36;0;67;45;2;0;3;0;0;0
189832;548;2020;Portero;0;0;0;0.0;0;0;0;0;0;0;0;0;0;0;0;0;0;0;0;0;0;0;0;0;0;0
183699;548;2020;Mediocentro;2;47;1;6.7;0;0;0;0;31;1;0;0;1;0;7;1;1;0;0;0;1;0;0;0;0;0
1447;548;2020;Defensa;26;2082;23;6.81923;1;1;9;1;974;11;0;32;3;32;174;88;16;0;11;8;1;0;0;0;0;0
183744;548;2020;Mediocentro;0;0;0;0.0;0;0;0;0;0;0;0;0;0;0;0;0;0;0;0;0;0;0;0;0;0;0
46808;548;2020;Delantero;11;388;4;6.518181;1;2;6;4;111;6;0;3;1;0;87;29;9;0;10;4;5;0;0;0;0;0
2051;715;2020;Mediocentro;25;1482;18;6.644;0;1;4;1;707;7;0;53;0;25;231;132;27;0;27;18;7;1;0;0;0;0
47117;715;2020;Delantero;0;0;0;0.0;0;0;0;0;0;0;0;0;0;0;0;0;0;0;0;0;0;0;0;0;0;0
37;715;2020;Defensa;14;740;9;0.0;0;0;0;0;0;0;0;0;0;0;0;0;0;0;0;0;4;0;0;0;0;0
122918;715;2020;Delantero;1;44;0;6.3;0;0;0;0;3;0;0;0;0;0;4;0;0;0;0;0;0;0;0;0;0;0
47237;715;2020;Delantero;27;1668;18;6.692307;5;1;37;17;276;15;0;19;1;8;257;104;32;0;43;28;6;0;0;0;0;0
47251;715;2020;Defensa;32;2672;32;6.4875;0;4;6;4;748;10;0;35;7;26;226;106;24;0;49;27;7;0;0;0;0;0
47265;715;2020;Delantero;33;1612;17;6.8;8;2;19;12;464;21;0;11;1;3;279;126;27;0;11;5;3;0;0;0;0;0
96476;715;2020;Portero;0;0;0;0.0;0;0;0;0;0;0;0;0;0;0;0;0;0;0;0;0;0;0;0;0;0;0
182495;715;2020;Mediocentro;1;14;0;6.2;0;0;0;0;9;0;0;1;0;1;4;2;0;0;0;0;0;0;0;0;0;0
47358;715;2020;Defensa;9;266;3;6.266666;0;0;0;0;44;1;0;1;0;2;11;4;0;0;1;0;1;0;0;0;0;0
147797;715;2020;Delantero;0;0;0;0.0;0;0;0;0;0;0;0;0;0;0;0;0;0;0;0;0;0;0;0;0;0;0
18807;715;2020;Mediocentro;8;343;5;6.7375;2;0;6;3;89;5;0;5;0;2;48;25;10;0;7;6;1;0;0;0;0;0
2449;715;2020;Mediocentro;32;2312;25;6.78125;3;1;25;7;871;11;0;59;17;26;508;261;59;0;37;21;7;0;0;0;0;0
2459;715;2020;Delantero;32;2028;21;6.79375;5;5;35;21;436;25;0;30;2;22;294;132;45;0;82;45;1;0;0;0;0;0
131532;715;2020;Mediocentro;2;23;0;6.7;0;0;0;0;8;0;0;0;0;0;4;2;0;0;0;0;0;0;0;0;0;0
18902;715;2020;Mediocentro;28;1476;18;6.710714;4;3;29;11;248;17;0;22;4;26;232;92;22;0;70;37;3;0;0;0;0;0
106746;715;2020;Defensa;1;44;0;6.7;0;0;0;0;6;0;0;0;0;1;2;1;1;0;0;0;0;0;0;0;0;0
182795;715;2020;Portero;0;0;0;0.0;0;0;0;0;0;0;0;0;0;0;0;0;0;0;0;0;0;0;0;0;0;0
182857;715;2020;Defensa;1;90;1;7.3;0;0;0;0;23;0;0;1;1;3;6;4;1;0;0;0;1;0;0;0;0;0
741;715;2020;Defensa;21;1347;15;6.515789;0;0;1;0;501;1;0;11;11;13;85;41;5;0;5;4;2;1;0;0;0;0
1375;715;2020;Delantero;29;1440;16;6.717241;9;0;22;12;329;9;0;7;0;4;157;46;13;0;8;4;7;0;2;0;0;0
290215;715;2020;Defensa;0;0;0;0.0;0;0;0;0;0;0;0;0;0;0;0;0;0;0;0;0;0;0;0;0;0;0
48690;715;2020;Mediocentro;0;0;0;0.0;0;0;0;0;0;0;0;0;0;0;0;0;0;0;0;0;0;0;0;0;0;0
46672;715;2020;Portero;32;2880;32;6.6625;0;0;0;0;1005;1;0;1;0;2;13;8;4;0;0;0;1;0;0;55;83;0
46673;715;2020;Portero;5;450;5;6.82;0;0;0;0;145;0;0;1;0;0;2;2;0;0;0;0;1;0;0;8;16;0
46677;715;2020;Defensa;17;820;7;6.59375;0;2;5;1;282;8;0;21;8;16;78;40;1;0;5;1;4;0;0;0;0;0
46679;715;2020;Defensa;19;1185;12;6.555555;1;0;7;3;357;4;0;33;6;15;149;79;9;0;22;13;5;0;0;0;0;0
46682;715;2020;Defensa;22;1800;21;6.681818;0;0;7;1;373;6;0;12;4;27;109;57;25;0;7;5;1;0;0;0;0;0
46683;715;2020;Defensa;34;2637;29;6.691176;3;1;11;5;970;1;0;24;26;38;260;138;30;0;1;1;10;1;0;0;0;0
46685;715;2020;Mediocentro;2;100;1;6.25;0;0;1;0;35;0;0;1;0;1;8;6;1;0;0;0;0;0;0;0;0;0
46687;715;2020;Mediocentro;22;1369;17;6.927272;1;1;11;2;641;22;0;15;3;22;106;47;20;0;6;4;7;0;1;0;0;0
46689;715;2020;Mediocentro;35;2165;22;6.597058;3;5;20;11;551;17;0;27;5;12;345;142;25;0;66;43;6;0;0;0;0;0
46693;715;2020;Mediocentro;20;768;9;6.525;0;0;5;4;280;8;0;10;1;12;85;41;15;0;21;12;1;0;0;0;0;0
46795;715;2020;Defensa;29;2365;27;6.648275;1;0;5;2;954;6;0;32;20;29;167;100;20;0;2;2;5;1;0;0;0;0
46920;715;2020;Mediocentro;25;1324;16;6.416666;0;0;6;3;351;4;0;23;3;13;165;74;20;0;11;9;4;1;0;0;0;0
290685;715;2020;Portero;1;90;1;8.0;0;0;0;0;31;0;0;0;0;0;1;1;0;0;0;0;0;0;0;2;7;1
290686;715;2020;Portero;0;0;0;0.0;0;0;0;0;0;0;0;0;0;0;0;0;0;0;0;0;0;0;0;0;0;1
290687;715;2020;Mediocentro;0;0;0;0.0;0;0;0;0;0;0;0;0;0;0;0;0;0;0;0;0;0;0;0;0;0;0
182164;715;2020;Defensa;3;254;3;6.566666;0;0;0;0;66;2;0;4;2;4;23;9;1;0;0;0;0;0;0;0;0;0
182165;715;2020;Mediocentro;0;0;0;0.0;0;0;0;0;0;0;0;0;0;0;0;0;0;0;0;0;0;0;0;0;0;0
182166;715;2020;Mediocentro;1;67;1;6.3;0;0;0;0;20;0;0;1;0;0;9;3;0;0;0;0;0;0;0;0;0;0
47063;715;2020;Mediocentro;15;384;3;6.466666;1;2;2;2;117;6;0;7;0;1;62;20;9;0;5;2;1;0;0;0;0;0
47085;715;2020;Mediocentro;16;1258;14;6.88125;1;1;9;3;502;17;0;22;0;24;144;76;20;0;26;20;1;0;0;0;0;0
2053;720;2020;Mediocentro;25;1861;21;6.832;1;0;22;5;867;16;0;46;2;14;261;131;36;0;42;34;4;1;1;0;0;0
47120;720;2020;Portero;0;0;0;0.0;0;0;0;0;0;0;0;0;0;0;0;0;0;0;0;0;0;0;0;0;0;0
47252;720;2020;Defensa;27;2261;25;6.688888;1;0;4;2;796;1;0;27;14;37;176;100;16;0;4;3;8;0;0;0;0;0
47256;720;2020;Defensa;2;134;1;6.65;0;0;1;0;53;0;0;0;2;3;20;10;1;0;0;0;0;0;0;0;0;0
47292;720;2020;Delantero;14;453;4;6.733333;0;0;2;2;9;0;0;0;0;0;5;2;1;0;1;1;1;0;1;0;0;0
47326;720;2020;Portero;13;1170;13;6.592307;0;0;0;0;374;0;0;0;0;0;2;1;0;0;0;0;0;1;0;17;29;0
106727;720;2020;Mediocentro;1;14;0;6.7;0;0;0;0;12;0;0;0;0;1;0;0;0;0;0;0;0;0;0;0;0;0
286962;720;2020;Defensa;0;0;0;0.0;0;0;0;0;0;0;0;0;0;0;0;0;0;0;0;0;0;0;0;0;0;0
47390;720;2020;Delantero;30;2153;27;6.606666;6;2;24;16;676;32;0;32;0;15;337;126;57;0;70;29;5;0;4;0;0;0
47433;720;2020;Defensa;14;1260;14;6.911111;1;2;9;2;808;14;0;25;1;24;136;75;18;0;12;5;4;0;0;0;0;0
47474;720;2020;Portero;25;2250;25;6.716;0;0;0;0;701;0;0;0;0;2;9;7;2;0;0;0;3;0;0;40;76;0
47475;720;2020;Portero;0;0;0;0.0;0;0;0;0;0;0;0;0;0;0;0;0;0;0;0;0;0;0;0;0;0;0
47481;720;2020;Defensa;23;1813;21;6.417391;0;1;5;1;794;22;0;43;1;29;172;95;22;0;14;9;3;1;0;0;0;0
47482;720;2020;Defensa;2;104;2;6.45;0;0;0;0;28;0;0;0;0;0;5;4;1;0;0;0;0;0;0;0;0;0
47485;720;2020;Mediocentro;30;2170;25;6.756666;1;0;23;3;1109;9;0;54;8;31;325;164;44;0;19;14;10;0;0;0;0;0
47487;720;2020;Defensa;25;2076;24;6.8;1;0;7;3;776;2;0;30;15;43;185;90;13;0;1;1;8;0;0;0;0;0
47489;720;2020;Mediocentro;22;944;10;6.609523;2;0;7;5;642;11;0;18;1;9;99;42;11;0;18;8;3;0;0;0;0;0
47490;720;2020;Mediocentro;27;1191;10;6.803703;0;5;12;7;525;30;0;19;0;11;129;66;17;0;34;21;1;0;0;0;0;0
47492;720;2020;Delantero;21;969;10;6.67619;2;0;10;5;341;13;0;31;1;5;191;91;31;0;48;23;2;0;0;0;0;0
47491;720;2020;Mediocentro;0;0;0;6.4;0;0;0;0;115;0;0;4;0;4;16;8;1;0;1;1;0;0;0;0;0;0
47495;720;2020;Delantero;29;1794;19;6.586206;1;2;25;11;500;12;0;11;1;7;352;133;40;0;46;25;5;0;1;0;0;0
47496;720;2020;Delantero;36;2530;30;6.841666;5;5;33;10;783;25;0;42;6;34;338;167;60;0;26;14;1;1;0;0;0;0
47498;720;2020;Delantero;10;375;5;6.366666;1;0;8;2;109;1;0;6;0;3;57;13;2;0;11;5;1;0;1;0;0;0
47506;720;2020;Defensa;8;502;5;6.6375;1;0;3;3;187;5;0;10;1;9;83;42;8;0;9;6;2;0;0;0;0;0
581;720;2020;Delantero;17;664;7;6.629411;1;0;9;6;193;2;0;7;0;6;64;34;9;0;23;16;1;0;0;0;0;0
107148;720;2020;Defensa;0;0;0;0.0;0;0;0;0;0;0;0;0;0;0;0;0;0;0;0;0;0;0;0;0;0;0
107153;720;2020;Mediocentro;24;1153;12;6.634782;0;0;11;4;515;12;0;26;1;17;214;93;25;0;25;18;3;0;0;0;0;0
31386;720;2020;Defensa;19;1377;15;7.0;0;1;7;2;628;2;0;21;10;46;122;85;15;0;3;2;6;0;0;0;0;0
70339;720;2020;Delantero;32;2137;24;6.746875;6;1;31;17;331;19;0;12;3;8;194;61;16;0;17;8;3;0;0;0;0;0
107205;720;2020;Delantero;1;1;0;0.0;0;0;0;0;0;0;0;0;0;0;0;0;0;0;0;0;0;0;0;0;0;0
740;720;2020;Defensa;16;920;11;6.664285;0;0;3;0;367;4;0;15;7;15;61;33;2;0;3;3;3;0;0;0;0;0
19291;720;2020;Defensa;19;1224;14;6.652631;0;1;1;1;425;9;0;19;1;18;122;69;2;0;27;20;4;0;0;0;0;0
162719;720;2020;Mediocentro;0;0;0;0.0;0;0;0;0;0;0;0;0;0;0;0;0;0;0;0;0;0;0;0;0;0;0
162722;720;2020;Defensa;0;0;0;0.0;0;0;0;0;0;0;0;0;0;0;0;0;0;0;0;0;0;0;0;0;0;0
47483;720;2020;Defensa;5;173;1;6.46;0;0;0;0;104;0;0;3;2;7;14;6;1;0;0;0;1;0;0;0;0;0
122233;720;2020;Delantero;23;1170;11;6.656521;4;1;25;12;186;6;0;8;2;2;233;87;26;0;26;13;3;0;0;0;0;0
182665;720;2020;Mediocentro;0;0;0;0.0;0;0;0;0;0;0;0;0;0;0;0;0;0;0;0;0;0;0;0;0;0;0
46691;720;2020;Mediocentro;24;1462;17;6.529166;0;0;2;0;540;4;0;25;8;28;169;71;17;0;3;3;7;0;0;0;0;0
122567;720;2020;Delantero;2;28;0;6.7;0;1;0;0;8;1;0;1;0;0;5;2;0;0;0;0;0;0;0;0;0;0
47078;720;2020;Defensa;22;1297;15;6.655;0;0;1;0;448;8;0;33;8;14;129;76;16;0;12;5;1;0;0;0;0;0
180241;724;2020;Delantero;2;12;0;6.85;0;0;1;0;3;1;0;1;0;0;2;2;0;0;0;0;0;0;0;0;0;0
47199;724;2020;Mediocentro;9;245;2;6.355555;0;0;0;0;91;2;0;2;3;8;48;10;3;0;3;0;0;0;0;0;0;0
14444;724;2020;Defensa;0;0;0;0.0;0;0;0;0;0;0;0;0;0;0;0;0;0;0;0;0;0;0;0;0;0;0
47229;724;2020;Defensa;34;2638;29;6.752941;0;0;10;2;704;8;0;42;15;32;188;105;23;0;5;4;11;0;0;0;0;0
6492;724;2020;Portero;32;2880;32;6.725;0;0;0;0;945;0;0;1;0;0;18;15;4;0;2;1;0;0;0;45;83;1
47504;724;2020;Defensa;13;906;8;6.538461;0;0;1;0;280;0;0;8;13;16;70;30;4;0;1;1;2;0;0;0;0;0
47525;724;2020;Delantero;29;1529;18;6.610344;3;1;33;14;246;11;0;12;1;3;321;131;32;0;44;28;5;0;0;0;0;0
119220;724;2020;Defensa;2;95;1;6.25;0;0;0;0;33;0;0;2;1;0;8;4;0;0;0;0;0;0;0;0;0;0
47561;724;2020;Defensa;13;865;10;6.707692;1;0;2;1;234;2;0;18;3;19;69;42;4;0;10;6;2;0;0;0;0;0
125386;724;2020;Portero;0;0;0;0.0;0;0;0;0;0;0;0;0;0;0;0;0;0;0;0;0;0;0;0;0;0;0
182759;724;2020;Delantero;0;0;0;0.0;0;0;0;0;0;0;0;0;0;0;0;0;0;0;0;0;0;0;0;0;0;0
41595;724;2020;Delantero;9;384;3;0.0;1;0;0;0;0;0;0;0;0;0;0;0;0;0;0;0;2;0;0;0;0;0
13114;724;2020;Mediocentro;12;366;4;6.35;0;0;0;0;118;0;0;11;1;9;44;19;2;0;3;2;1;0;0;0;0;0
50009;724;2020;Mediocentro;35;2629;33;6.742857;0;0;12;2;689;12;0;55;7;51;244;134;24;0;21;15;6;0;0;0;0;0
179070;724;2020;Defensa;1;90;1;6.3;0;0;1;1;7;2;0;2;0;2;9;6;3;0;1;1;0;0;0;0;0;0
937;724;2020;Delantero;16;1113;11;6.9;1;0;7;5;245;11;0;29;0;15;200;106;29;0;33;17;3;0;0;0;0;0
113586;724;2020;Delantero;3;33;0;6.35;0;0;1;0;8;0;0;0;0;0;3;1;0;0;1;1;0;0;0;0;0;0
187413;724;2020;Delantero;0;0;0;0.0;0;0;0;0;0;0;0;0;0;0;0;0;0;0;0;0;0;0;0;0;0;0
50502;724;2020;Delantero;35;2217;29;6.894117;8;4;45;21;560;20;0;11;2;3;391;203;37;0;39;29;4;0;0;0;0;0
310683;724;2020;Mediocentro;1;34;0;6.2;0;0;0;0;8;0;0;0;0;0;1;1;0;0;0;0;0;0;0;0;0;0
48573;724;2020;Defensa;0;0;0;0.0;0;0;0;0;0;0;0;0;0;0;0;0;0;0;0;0;0;0;0;0;0;0
46754;724;2020;Portero;2;180;2;6.6;0;0;0;0;65;1;0;0;0;0;1;1;1;0;0;0;0;0;0;0;2;0
46755;724;2020;Portero;4;360;4;6.15;0;0;0;0;113;0;0;0;0;0;2;1;1;0;0;0;0;0;0;10;7;1
46759;724;2020;Defensa;32;2607;31;6.725;0;3;8;4;715;15;0;92;5;41;301;165;21;0;28;16;6;0;0;0;0;0
46760;724;2020;Defensa;1;90;1;6.3;0;0;1;0;30;0;0;1;0;2;10;4;1;0;0;0;0;0;0;0;0;0
46762;724;2020;Defensa;24;1827;22;6.665217;2;0;5;4;489;2;0;23;12;22;107;62;5;0;0;0;2;1;0;0;0;0
46758;724;2020;Defensa;0;0;0;0.0;0;0;0;0;0;0;0;0;0;0;0;0;0;0;0;0;0;0;0;0;0;0
46769;724;2020;Mediocentro;25;1949;21;6.852;4;1;8;4;795;23;0;19;1;22;163;86;31;0;22;15;1;0;2;0;0;0
46770;724;2020;Mediocentro;23;789;7;6.49;0;0;4;1;228;2;0;18;4;14;110;48;6;0;3;2;1;0;0;0;0;0
46771;724;2020;Defensa;30;1264;11;6.541379;1;0;9;3;373;7;0;21;1;14;131;61;16;0;23;14;4;0;0;0;0;0
46772;724;2020;Mediocentro;22;1462;18;6.77619;1;0;15;4;458;8;0;32;7;27;187;94;18;0;25;16;5;0;1;0;0;0
46775;724;2020;Mediocentro;28;1950;25;6.567857;2;0;15;5;399;18;0;18;1;20;184;78;29;0;33;12;5;0;0;0;0;0
46824;724;2020;Mediocentro;22;816;6;6.554545;1;1;11;4;159;10;0;14;1;3;143;62;22;0;25;13;5;0;0;0;0;0
46931;724;2020;Delantero;11;401;3;6.60909;2;1;4;2;97;2;0;4;0;2;75;31;6;0;5;0;0;0;0;0;0;0
46998;724;2020;Defensa;28;2274;26;6.75;3;0;12;5;746;3;0;21;8;35;189;113;30;0;4;4;8;0;0;0;0;0
186265;724;2020;Defensa;0;0;0;0.0;0;0;0;0;0;0;0;0;0;0;0;0;0;0;0;0;0;0;0;0;0;0
47041;724;2020;Delantero;27;1549;16;6.836;2;3;16;6;452;13;0;28;1;21;237;128;33;0;96;63;0;0;0;0;0;0
47061;724;2020;Mediocentro;12;518;5;6.616666;1;0;12;4;165;8;0;7;0;2;77;39;13;0;25;15;1;0;0;0;0;0
122850;724;2020;Portero;0;0;0;0.0;0;0;0;0;0;0;0;0;0;0;0;0;0;0;0;0;0;0;0;0;0;0
47084;724;2020;Delantero;28;846;8;6.432;0;1;7;1;148;4;0;12;0;4;139;46;15;0;13;7;2;0;0;0;0;0
47095;724;2020;Delantero;1;8;0;6.2;0;0;0;0;3;0;0;0;0;0;4;0;0;0;1;0;0;0;0;0;0;0
47100;724;2020;Defensa;32;2587;31;6.803125;0;1;9;3;780;13;0;68;12;49;285;181;51;0;40;34;3;0;0;0;0;0
23;726;2020;Delantero;29;771;4;6.703703;0;1;7;2;337;16;0;29;0;14;98;56;9;0;27;18;1;0;0;0;0;0
60;726;2020;Delantero;3;38;0;6.45;0;0;1;1;11;1;0;0;0;1;14;5;2;0;4;2;0;0;0;0;0;0
47179;726;2020;Delantero;23;848;7;6.468181;1;1;8;1;260;8;0;9;0;8;146;58;16;0;42;16;5;1;0;0;0;0
47287;726;2020;Mediocentro;32;2200;27;6.59375;1;4;16;7;854;20;0;24;3;23;183;76;21;0;39;22;2;0;0;0;0;0
47324;726;2020;Delantero;20;1294;16;6.95;5;1;26;18;300;10;0;13;1;10;184;93;51;0;44;20;2;0;0;0;0;0
47409;726;2020;Defensa;36;3072;34;6.891666;2;0;28;8;1852;6;41;46;17;62;294;184;9;0;10;9;5;0;0;0;0;0
47454;726;2020;Defensa;22;1061;10;6.7;0;1;1;0;487;7;0;23;4;16;106;61;15;0;17;8;2;0;0;0;0;0
18787;726;2020;Delantero;25;1127;14;6.525;1;1;14;5;169;6;0;7;0;4;140;54;14;0;10;4;1;0;0;0;0;0
47515;726;2020;Mediocentro;21;1119;13;6.704761;1;0;9;2;543;20;0;13;0;10;133;76;33;0;26;21;0;0;0;0;0;0
47563;726;2020;Defensa;5;178;2;6.42;0;0;1;0;102;1;0;3;0;4;13;9;4;0;0;0;1;0;0;0;0;0
47566;726;2020;Defensa;37;3067;34;7.143243;1;2;6;1;1311;43;0;88;4;39;502;321;97;0;151;121;5;0;0;0;0;0
47569;726;2020;Defensa;33;2886;32;6.790909;1;0;11;4;1600;5;40;39;18;52;240;132;26;0;10;6;5;1;0;0;0;0
47573;726;2020;Mediocentro;37;2539;29;6.883783;2;4;17;12;823;73;0;25;1;25;281;116;38;0;64;44;5;0;0;0;0;0
90646;726;2020;Defensa;20;1588;17;6.768421;0;0;2;0;744;1;0;37;8;24;160;85;5;0;3;3;9;0;0;0;0;0
107187;726;2020;Mediocentro;0;0;0;0.0;0;0;0;0;0;0;0;0;0;0;0;0;0;0;0;0;0;0;0;0;0;0
285418;726;2020;Portero;0;0;0;0.0;0;0;0;0;0;0;0;0;0;0;0;0;0;0;0;0;0;0;0;0;0;0
755;726;2020;Mediocentro;29;2065;23;6.665517;1;1;19;9;845;11;0;50;6;17;269;129;33;0;35;20;5;0;0;0;0;0
41735;726;2020;Mediocentro;5;138;1;6.3;0;0;0;0;81;1;0;4;0;1;21;9;1;0;4;2;1;0;0;0;0;0
1291;726;2020;Defensa;11;616;9;6.67;0;0;5;2;316;1;0;7;0;11;42;22;4;0;1;0;1;0;0;0;0;0
1488;726;2020;Mediocentro;23;768;7;6.604761;0;0;4;0;415;2;0;15;3;7;71;38;5;0;13;12;4;0;0;0;0;0
46721;726;2020;Mediocentro;3;114;1;6.733333;0;0;0;0;76;2;0;2;0;5;9;6;3;0;0;0;0;0;0;0;0;0
1684;726;2020;Portero;16;1440;16;6.6625;0;0;0;0;494;0;0;0;0;0;10;9;3;0;3;3;0;0;0;21;34;0
26302;726;2020;Defensa;25;1977;25;6.868;1;4;8;5;775;17;0;26;6;35;218;139;43;0;42;30;4;0;0;0;0;0
46805;726;2020;Mediocentro;27;2054;24;6.688888;0;0;7;2;1204;13;0;38;6;31;215;94;21;0;13;10;1;0;0;0;0;0
46832;726;2020;Mediocentro;20;915;10;6.87;2;1;28;10;428;18;0;21;0;9;192;96;32;0;61;35;5;0;1;0;0;0
46927;726;2020;Mediocentro;15;282;3;6.285714;0;1;3;1;93;4;0;5;0;1;61;20;7;0;8;5;0;0;0;0;0;0
188319;726;2020;Delantero;0;0;0;0.0;0;0;0;0;0;0;0;0;0;0;0;0;0;0;0;0;0;0;0;0;0;0
47013;726;2020;Delantero;38;2880;32;6.889473;13;1;104;46;423;9;0;15;2;15;376;153;20;0;27;15;2;0;2;0;0;0
47016;726;2020;Portero;22;1980;22;6.840909;0;0;0;0;694;1;0;1;0;2;11;9;3;0;0;0;0;0;0;32;65;0
6084;726;2020;Defensa;12;598;6;6.590909;0;0;0;0;343;1;0;16;4;11;57;29;2;0;0;0;2;0;0;0;0;0
180239;727;2020;Portero;0;0;0;0.0;0;0;0;0;0;0;0;0;0;0;0;0;0;0;0;0;0;0;0;0;0;0
47305;727;2020;Defensa;2;169;2;6.3;0;0;0;0;54;1;0;6;0;3;12;6;0;0;0;0;0;0;0;0;0;0
47361;727;2020;Mediocentro;16;908;9;6.55;2;0;5;4;296;5;0;10;1;7;121;48;7;0;6;4;4;0;0;0;0;0
47366;727;2020;Mediocentro;22;865;9;6.709523;0;2;8;4;283;19;0;7;0;14;107;36;8;0;41;17;0;0;0;0;0;0
47368;727;2020;Delantero;25;1558;20;6.788;5;2;34;16;343;10;0;15;2;1;354;157;39;0;40;17;4;0;0;0;0;0
47393;727;2020;Delantero;3;50;0;6.366666;0;0;1;1;24;0;0;1;0;0;7;3;1;0;0;0;0;0;0;0;0;0
182618;727;2020;Delantero;0;0;0;0.0;0;0;0;0;0;0;0;0;0;0;0;0;0;0;0;0;0;0;0;0;0;0
67939;727;2020;Mediocentro;0;0;0;0.0;0;0;0;0;0;0;0;0;0;0;0;0;0;0;0;0;0;0;0;0;0;0
392;727;2020;Delantero;17;473;5;6.5375;1;1;7;3;184;4;0;3;0;0;90;33;4;0;21;9;0;0;0;0;0;0
47510;727;2020;Defensa;5;303;3;6.46;0;0;0;0;95;1;0;5;0;2;22;16;2;0;4;3;0;0;0;0;0;0
47579;727;2020;Delantero;8;198;2;6.371428;0;0;5;2;52;0;0;6;0;1;34;14;5;0;2;0;0;0;0;0;0;0
47581;727;2020;Delantero;22;800;8;6.555;0;2;12;4;248;7;0;6;1;1;223;96;11;0;13;6;2;0;0;0;0;0
64309;727;2020;Defensa;16;972;10;6.9;0;1;0;0;25;1;0;0;0;0;1;0;0;0;0;0;4;0;0;0;0;0
922;727;2020;Defensa;17;1234;14;6.81875;1;1;10;2;432;5;0;25;6;25;117;68;6;0;8;6;2;0;0;0;0;0
46646;727;2020;Portero;33;2957;32;6.948484;0;0;0;0;1069;1;0;0;0;3;26;22;10;0;1;1;2;0;0;40;89;1
46647;727;2020;Portero;3;188;3;5.066666;0;0;0;0;57;0;0;0;0;0;1;0;0;0;0;0;0;1;0;5;3;1
46648;727;2020;Portero;0;0;0;0.0;0;0;0;0;0;0;0;0;0;0;0;0;0;0;0;0;0;0;0;0;0;0
46649;727;2020;Portero;3;270;3;6.766666;0;0;0;0;79;0;0;0;0;0;0;0;0;0;0;0;0;0;0;3;5;1
46652;727;2020;Defensa;17;1243;13;6.658823;0;0;3;0;428;3;0;19;8;14;100;50;4;0;5;5;3;0;0;0;0;0
46653;727;2020;Defensa;35;3150;35;6.865714;1;0;13;2;1370;5;0;26;19;59;326;210;23;0;2;2;8;0;0;0;0;0
46654;727;2020;Defensa;24;2028;24;6.8375;0;0;2;0;717;5;0;20;19;34;171;104;20;0;6;5;3;1;0;0;0;0
46656;727;2020;Defensa;32;2086;24;6.535483;0;2;12;4;833;15;0;39;6;29;326;145;40;0;8;5;10;0;0;0;0;0
46657;727;2020;Defensa;34;2343;25;6.812121;0;0;9;2;763;13;0;56;10;43;270;160;35;0;33;15;10;0;0;0;0;0
46658;727;2020;Mediocentro;37;2740;33;6.997297;3;5;25;8;1014;53;0;50;2;29;362;167;41;0;47;25;2;0;1;0;0;0
46660;727;2020;Mediocentro;13;458;6;6.78;1;1;3;1;149;6;0;9;0;5;49;27;7;0;8;6;1;0;0;0;0;0
46662;727;2020;Mediocentro;36;2663;28;6.775;2;0;29;10;1130;18;0;61;9;23;247;114;10;0;15;8;6;0;0;0;0;0
46665;727;2020;Mediocentro;22;1352;16;6.68;0;0;6;2;561;14;0;20;0;15;102;44;11;0;3;2;3;0;0;0;0;0
46666;727;2020;Mediocentro;35;1890;19;6.745454;7;1;38;15;665;19;0;15;0;16;156;71;32;0;30;17;0;0;4;0;0;0
46667;727;2020;Delantero;33;1431;17;6.71;2;3;18;12;426;16;0;10;1;16;224;108;23;0;82;54;2;0;0;0;0;0
46670;727;2020;Delantero;0;0;0;0.0;0;0;0;0;0;0;0;0;0;0;0;0;0;0;0;0;0;0;0;0;0;0
163436;727;2020;Mediocentro;0;0;0;0.0;0;0;0;0;0;0;0;0;0;0;0;0;0;0;0;0;0;0;0;0;0;0
46746;727;2020;Delantero;30;1622;18;6.865517;11;0;38;22;391;9;0;20;4;2;364;198;31;0;26;13;3;0;0;0;0;0
134838;727;2020;Defensa;0;0;0;0.0;0;0;0;0;0;0;0;0;0;0;0;0;0;0;0;0;0;0;0;0;0;0
1825;727;2020;Mediocentro;25;1547;17;6.8;0;1;14;8;667;6;0;32;7;27;263;155;25;0;14;10;4;0;0;0;0;0
46967;727;2020;Defensa;26;1965;23;6.64;0;0;0;0;609;11;0;36;5;15;143;76;4;0;11;8;4;0;0;0;0;0
122888;797;2020;Portero;0;0;0;0.0;0;0;0;0;0;0;0;0;0;0;0;0;0;0;0;0;0;0;0;0;0;0
184345;797;2020;Mediocentro;1;74;1;7.3;0;0;1;0;16;0;0;2;0;1;11;8;2;0;4;4;0;0;0;0;0;0
184348;797;2020;Defensa;0;0;0;0.0;0;0;0;0;0;0;0;0;0;0;0;0;0;0;0;0;0;0;0;0;0;0
47182;797;2020;Delantero;30;2025;23;6.72;2;5;16;3;641;15;0;31;0;13;279;131;34;0;75;45;5;0;0;0;0;0
184407;797;2020;Defensa;0;0;0;0.0;0;0;0;0;0;0;0;0;0;0;0;0;0;0;0;0;0;0;0;0;0;0
47222;797;2020;Defensa;29;1964;21;6.782142;0;1;4;0;876;6;0;43;7;37;176;105;18;0;10;9;4;0;0;0;0;0
158;797;2020;Portero;8;720;8;6.6125;0;0;0;0;219;1;0;1;0;1;3;3;1;0;0;0;3;0;0;9;15;0
47340;797;2020;Mediocentro;9;358;3;6.577777;0;0;4;3;108;3;0;8;0;2;57;21;9;0;6;3;1;0;0;0;0;0
47398;797;2020;Mediocentro;32;1984;22;6.735483;4;3;24;11;577;14;0;24;5;13;283;138;54;0;30;19;6;0;0;0;0;0
47421;797;2020;Delantero;21;1000;11;6.894736;3;2;20;8;300;8;0;9;1;4;224;114;14;0;13;8;3;0;0;0;0;0
47491;797;2020;Mediocentro;11;160;2;6.4;0;0;0;0;115;0;0;4;0;4;16;8;1;0;1;1;0;0;0;0;0;0
2474;797;2020;Mediocentro;33;2650;30;6.672727;0;0;0;0;1513;10;0;64;8;36;227;117;19;0;17;13;9;0;0;0;0;0
2486;797;2020;Defensa;11;741;8;6.663636;0;0;0;0;238;3;0;20;1;5;67;41;7;0;9;6;0;0;0;0;0;0
119223;797;2020;Delantero;0;0;0;0.0;0;0;0;0;0;0;0;0;0;0;0;0;0;0;0;0;0;0;0;0;0;0
21070;797;2020;Mediocentro;20;786;9;6.552941;0;0;3;0;343;2;0;18;1;11;69;34;6;0;3;1;4;0;0;0;0;0
608;797;2020;Delantero;34;2708;32;6.697058;7;2;43;22;631;14;0;47;2;19;546;190;34;0;117;66;8;0;0;0;0;0
129656;797;2020;Mediocentro;0;0;0;0.0;0;0;0;0;0;0;0;0;0;0;0;0;0;0;0;0;0;0;0;0;0;0
135831;797;2020;Portero;0;0;0;0.0;0;0;0;0;0;0;0;0;0;0;0;0;0;0;0;0;0;0;0;0;0;0
107170;797;2020;Delantero;0;0;0;0.0;0;0;0;0;0;0;0;0;0;0;0;0;0;0;0;0;0;0;0;0;0;0
287461;797;2020;Delantero;0;0;0;0.0;0;0;0;0;0;0;0;0;0;0;0;0;0;0;0;0;0;0;0;0;0;0
64268;797;2020;Defensa;17;1204;14;6.605882;0;0;6;2;543;10;0;21;4;15;122;57;12;0;28;13;3;0;0;0;0;0
156514;797;2020;Defensa;0;0;0;0.0;0;0;0;0;0;0;0;0;0;0;0;0;0;0;0;0;0;0;0;0;0;0
13298;797;2020;Mediocentro;2;49;1;6.7;0;0;0;0;11;0;0;1;0;0;7;3;0;0;3;1;0;0;0;0;0;0
1218;797;2020;Mediocentro;23;1139;12;6.55;1;1;14;8;338;11;0;12;1;6;115;38;7;0;31;14;5;0;0;0;0;0
3334;797;2020;Defensa;3;72;1;6.133333;0;0;0;0;17;0;0;2;0;0;11;5;2;0;2;1;0;0;0;0;0;0
189866;797;2020;Defensa;2;50;1;6.25;0;0;0;0;18;0;0;0;0;0;1;0;0;0;0;0;0;0;0;0;0;0
1560;797;2020;Defensa;27;2238;26;6.811111;0;3;5;0;1110;10;0;28;8;32;171;96;25;0;15;10;8;0;0;0;0;0
46816;797;2020;Mediocentro;11;446;4;6.46;0;0;3;0;163;0;0;10;1;8;52;23;6;0;7;2;1;0;0;0;0;0
46817;797;2020;Defensa;19;1279;15;6.666666;1;0;4;2;742;1;0;11;9;20;101;52;3;0;7;7;5;0;0;0;0;0
46858;797;2020;Mediocentro;1;0;0;0.0;0;0;0;0;0;0;0;0;0;0;0;0;0;0;0;0;0;0;0;0;0;0
208670;797;2020;Delantero;0;0;0;0.0;0;0;0;0;0;0;0;0;0;0;0;0;0;0;0;0;0;0;0;0;0;0
46961;797;2020;Portero;30;2700;30;6.86;0;0;0;0;1005;0;0;1;0;0;14;10;3;0;0;0;0;0;0;46;95;0
46965;797;2020;Defensa;33;2945;33;6.884848;0;2;11;4;1583;6;40;34;30;52;231;143;40;0;12;11;11;0;0;0;0;0
46966;797;2020;Defensa;23;1776;19;6.645454;2;0;7;4;771;0;0;20;12;11;135;71;15;0;3;2;3;0;0;0;0;0
46973;797;2020;Mediocentro;33;1933;24;6.724242;4;2;9;8;623;16;0;34;1;21;227;109;29;0;75;40;3;0;0;0;0;0
46984;797;2020;Delantero;16;269;0;6.414285;0;0;2;1;113;2;0;0;0;0;29;10;6;0;4;2;1;0;0;0;0;0
47002;797;2020;Delantero;30;2403;28;6.893333;6;3;14;8;977;47;0;46;2;16;315;149;42;0;88;51;8;0;2;0;0;0
51112;797;2020;Mediocentro;16;415;2;6.53125;0;0;0;0;324;4;0;4;1;5;43;17;8;0;2;1;1;0;0;0;0;0
6090;797;2020;Defensa;9;495;5;6.322222;0;0;0;0;256;1;0;8;0;4;53;22;6;0;8;5;2;0;0;0;0;0
47057;797;2020;Mediocentro;36;2875;33;6.608333;3;1;19;6;1277;7;0;48;3;49;283;144;53;0;47;29;3;1;0;0;0;0
56;529;2021;Delantero;3;264;3;6.96923;0;4;35;14;657;26;0;30;1;7;232;107;27;0;29;19;0;0;0;0;0;0
126;529;2021;Portero;0;0;0;0.0;0;0;0;0;0;0;0;0;0;0;0;0;0;0;0;0;0;0;0;0;0;1
128;529;2021;Defensa;30;2648;30;7.3;2;10;22;6;2392;60;69;47;6;33;172;85;19;0;22;6;11;0;0;0;0;0
127;529;2021;Portero;35;3150;35;6.745714;0;0;0;0;1129;1;0;0;0;1;14;13;6;0;2;2;3;0;0;34;76;1
132;529;2021;Defensa;0;0;0;0.0;0;0;0;0;0;0;0;0;0;0;0;0;0;0;0;0;0;0;0;0;0;0
133;529;2021;Defensa;21;815;7;6.635294;0;1;1;1;813;2;0;20;3;13;93;41;4;0;2;1;4;0;0;0;0;0
136;529;2021;Defensa;27;2096;25;7.111111;1;0;14;3;1677;5;55;22;16;34;200;123;15;0;6;6;9;0;0;0;0;0
137;529;2021;Mediocentro;9;398;4;6.877777;2;1;4;3;238;4;0;5;0;4;21;14;4;0;3;3;1;0;0;0;0;0
161928;529;2021;Defensa;5;187;2;6.5;0;0;1;0;139;1;0;2;2;1;20;7;4;0;5;1;0;0;0;0;0;0
139;529;2021;Defensa;1;90;1;6.9;0;0;0;0;47;0;41;2;1;0;9;6;1;0;0;0;1;0;0;0;0;0
161933;529;2021;Mediocentro;27;1109;12;6.715384;2;1;11;4;673;13;0;31;0;6;181;89;19;0;43;34;6;0;0;0;0;0
144;529;2021;Mediocentro;36;3202;36;7.266666;2;0;10;4;2769;33;67;93;8;45;411;238;67;0;26;21;12;0;0;0;0;0
148;529;2021;Mediocentro;15;473;2;6.593333;1;0;5;3;450;5;0;6;0;3;57;22;10;0;8;5;0;0;0;0;0;0
147;529;2021;Mediocentro;12;499;5;6.733333;2;0;17;7;302;1;0;6;0;4;75;34;13;0;19;13;1;0;1;0;0;0
153;529;2021;Delantero;21;1412;15;7.523809;1;13;37;8;666;46;0;24;0;8;193;104;17;0;90;59;3;0;0;0;0;0
131294;529;2021;Delantero;6;190;2;6.516666;0;0;0;0;75;0;0;3;0;2;24;12;4;0;9;5;0;0;0;0;0;0
246;529;2021;Delantero;21;641;6;6.833333;6;0;22;10;182;5;0;9;0;0;99;57;12;0;4;3;1;0;0;0;0;0
256;529;2021;Defensa;0;0;0;7.278571;0;3;5;2;916;22;57;30;3;11;110;57;6;0;12;12;0;0;0;0;0;0
18753;529;2021;Delantero;11;378;4;6.9;0;2;7;3;128;7;0;4;0;4;66;40;7;0;35;24;0;0;0;0;0;0
162167;529;2021;Mediocentro;2;27;0;6.25;0;0;0;0;12;1;0;0;0;0;3;1;1;0;1;0;0;0;0;0;0;0
133609;529;2021;Mediocentro;12;890;10;7.241666;3;1;9;5;579;15;41;20;0;5;94;56;17;0;19;15;0;0;0;0;0;0
538;529;2021;Mediocentro;32;2486;30;7.134375;3;3;17;8;1638;43;46;35;5;20;231;146;35;0;60;51;6;0;0;0;0;0
135775;529;2021;Delantero;10;332;3;6.93;4;0;13;8;154;2;0;3;0;1;44;20;12;0;14;4;0;0;0;0;0;0
619;529;2021;Defensa;26;2043;23;6.876923;0;0;4;4;1672;4;59;27;12;44;137;66;5;0;3;2;5;1;0;0;0;0
642;529;2021;Delantero;4;151;2;6.9;1;0;5;1;39;1;0;1;0;0;14;7;2;0;2;1;0;0;0;0;0;0
667;529;2021;Delantero;28;1848;20;7.239285;12;2;52;34;809;45;0;10;1;3;216;109;44;0;74;45;3;0;4;0;0;0
162473;529;2021;Portero;0;0;0;0.0;0;0;0;0;0;0;0;0;0;0;0;0;0;0;0;0;0;0;0;0;0;0
162474;529;2021;Mediocentro;0;0;0;0.0;0;0;0;0;0;0;0;0;0;0;0;0;0;0;0;0;0;0;0;0;0;0
162475;529;2021;Defensa;1;0;0;0.0;0;0;0;0;5;0;0;0;0;0;0;0;0;0;0;0;0;0;0;0;0;0
336555;529;2021;Delantero;1;10;0;6.2;0;0;0;0;1;0;0;1;0;0;4;1;0;0;0;0;0;0;0;0;0;0
2737;529;2021;Delantero;4;237;3;7.0;2;1;4;3;54;2;0;1;0;1;25;8;2;0;3;2;0;0;0;0;0;0
146;529;2021;Mediocentro;0;0;0;6.717647;0;1;12;8;314;17;0;27;2;6;157;63;16;0;38;14;0;0;0;0;0;0
872;529;2021;Mediocentro;0;0;0;0.0;0;0;0;0;0;0;0;0;0;0;0;0;0;0;0;0;0;0;0;0;0;0
162695;529;2021;Defensa;0;0;0;0.0;0;0;0;0;0;0;0;0;0;0;0;0;0;0;0;0;0;0;0;0;0;0
912;529;2021;Portero;3;270;3;6.866666;0;0;0;0;112;1;0;0;0;0;0;0;0;0;0;0;0;0;0;4;10;1
162712;529;2021;Defensa;19;890;9;6.761111;0;1;2;1;654;9;0;25;0;9;75;44;4;0;7;6;2;0;0;0;0;0
931;529;2021;Delantero;18;1417;17;7.027777;4;4;40;19;572;12;0;10;3;6;125;55;20;0;37;13;1;0;0;0;0;0
129967;529;2021;Mediocentro;0;0;0;0.0;0;0;0;0;0;0;0;0;0;0;0;0;0;0;0;0;0;0;0;0;0;0
181421;529;2021;Delantero;10;581;6;6.9;1;0;10;4;168;6;0;17;0;9;130;69;15;0;59;34;4;0;0;0;0;0
101814;529;2021;Defensa;30;2270;25;7.096666;4;0;15;10;1607;8;48;41;20;23;180;119;12;0;8;6;6;0;0;0;0;0
1465;529;2021;Delantero;17;1092;13;7.141176;11;1;31;20;233;8;0;2;1;2;54;20;7;0;6;4;0;0;0;0;0;0
1566;529;2021;Defensa;3;90;1;6.533333;0;0;0;0;52;0;0;3;0;2;12;6;3;0;1;0;0;0;0;0;0;0
46725;529;2021;Delantero;0;0;0;0.0;0;0;0;0;0;0;0;0;0;0;0;0;0;0;0;0;0;0;0;0;0;0
163466;529;2021;Portero;0;0;0;0.0;0;0;0;0;0;0;0;0;0;0;0;0;0;0;0;0;0;0;0;0;0;0
296667;529;2021;Mediocentro;34;2330;28;6.858823;2;5;22;8;1196;21;0;38;0;25;392;192;69;0;86;53;10;0;0;0;0;0
38735;529;2021;Defensa;21;1516;17;6.861904;0;3;11;3;816;18;0;32;4;2;182;95;19;0;66;37;2;0;0;0;0;0
122734;529;2021;Delantero;6;302;4;6.78;1;0;9;4;113;2;0;2;0;1;31;16;6;0;5;2;1;0;0;0;0;0
290740;529;2021;Forward;2;125;2;7.3;0;0;2;2;49;4;0;2;0;0;16;8;4;0;3;1;0;0;0;0;0;0
333379;530;2021;Portero;0;0;0;0.0;0;0;0;0;0;0;0;0;0;0;0;0;0;0;0;0;0;0;0;0;0;0
29;530;2021;Portero;38;3420;38;6.644736;0;0;1;0;938;0;0;0;0;1;16;16;7;0;2;2;1;0;0;43;66;0
30;530;2021;Defensa;0;0;0;6.616666;0;0;3;1;152;5;0;12;4;5;61;29;5;0;7;3;0;0;0;0;0;0
31;530;2021;Defensa;24;2047;24;7.008333;1;1;18;7;923;5;0;18;19;25;136;88;21;0;12;8;8;0;0;0;0;0
37;530;2021;Defensa;0;0;0;0.0;0;0;0;0;0;0;0;0;0;0;0;0;0;0;0;0;0;0;0;0;0;0
39;530;2021;Defensa;28;2440;28;6.910714;0;0;14;5;1376;3;40;46;12;37;245;146;22;0;9;8;12;0;0;0;0;0
45;530;2021;Mediocentro;24;1445;17;6.908333;4;5;20;8;680;31;0;24;0;8;180;89;21;0;55;32;2;0;0;0;0;0
48;530;2021;Mediocentro;3;200;2;7.233333;0;1;3;0;91;1;0;7;1;0;24;16;2;0;2;1;0;0;0;0;0;0
14382;530;2021;Portero;0;0;0;0.0;0;0;0;0;0;0;0;0;0;0;0;0;0;0;0;0;0;0;0;0;0;0
50;530;2021;Mediocentro;31;2512;29;6.819354;1;2;10;6;1725;26;48;55;5;24;236;108;27;0;18;13;6;0;0;0;0;0
52;530;2021;Delantero;0;0;0;0.0;0;0;0;0;0;0;0;0;0;0;0;0;0;0;0;0;0;0;0;0;0;0
53;530;2021;Delantero;36;1857;21;6.863888;12;5;33;23;599;25;0;16;2;10;213;80;27;0;55;32;3;1;0;0;0;0
56;530;2021;Delantero;26;1707;21;6.96923;3;4;35;14;657;26;0;30;1;7;232;107;27;0;29;19;3;0;0;0;0;0
157;530;2021;Delantero;35;1834;20;6.877142;11;2;49;26;491;15;0;8;1;1;137;59;26;0;23;6;7;0;2;0;0;0
169;530;2021;Defensa;15;978;12;6.913333;0;0;1;0;630;7;0;22;1;10;107;63;6;0;12;7;1;0;0;0;0;0
199;530;2021;Defensa;21;908;10;6.715789;1;2;4;1;456;3;0;27;1;12;124;70;5;0;7;5;4;0;0;0;0;0
313548;530;2021;Mediocentro;0;0;0;0.0;0;0;0;0;0;0;0;0;0;0;0;0;0;0;0;0;0;0;0;0;0;0
303378;530;2021;Mediocentro;5;66;1;6.35;0;0;0;0;37;0;0;3;0;3;16;8;1;0;1;0;1;1;0;0;0;0
323935;530;2021;Delantero;1;0;0;0.0;0;0;0;0;3;0;0;0;0;0;3;3;2;0;0;0;0;0;0;0;0;0
371;530;2021;Defensa;26;1496;15;6.752173;2;1;11;4;771;5;0;20;11;28;144;81;14;0;3;2;5;1;0;0;0;0
382;530;2021;Mediocentro;21;851;8;6.8;0;0;5;3;653;10;0;16;2;12;124;63;8;0;19;16;4;0;0;0;0;0
2472;530;2021;Mediocentro;36;2154;24;7.074285;3;1;17;9;1289;51;0;55;3;21;291;156;59;0;38;25;7;0;0;0;0;0
119218;530;2021;Defensa;0;0;0;0.0;0;0;0;0;0;0;0;0;0;0;0;0;0;0;0;0;0;0;0;0;0;0
583;530;2021;Delantero;24;1263;13;7.145833;8;4;32;15;420;19;0;5;1;7;187;112;57;0;52;31;2;0;0;0;0;0
2669;530;2021;Defensa;26;1869;21;6.772;2;1;13;5;1183;9;0;30;3;29;170;97;11;0;11;8;6;1;0;0;0;0
41595;530;2021;Delantero;0;0;0;0.0;0;0;0;0;0;0;0;0;0;0;0;0;0;0;0;0;0;0;0;0;0;0
162545;530;2021;Defensa;0;0;0;0.0;0;0;0;0;0;0;0;0;0;0;0;0;0;0;0;0;0;0;0;0;0;0
162138;530;2021;Defensa;0;0;0;0.0;0;0;0;0;0;0;0;0;0;0;0;0;0;0;0;0;0;0;0;0;0;0
336592;530;2021;Defensa;0;0;0;0.0;0;0;0;0;0;0;0;0;0;0;0;0;0;0;0;0;0;0;0;0;0;0
336594;530;2021;Mediocentro;0;0;0;0.0;0;0;0;0;0;0;0;0;0;0;0;0;0;0;0;0;0;0;0;0;0;0
753;530;2021;Mediocentro;29;2456;29;6.889655;0;2;11;2;1090;27;0;51;10;27;201;104;16;0;30;19;5;0;0;0;0;0
336681;530;2021;Defensa;0;0;0;0.0;0;0;0;0;0;0;0;0;0;0;0;0;0;0;0;0;0;0;0;0;0;0
64309;530;2021;Defensa;0;0;0;6.712121;0;3;4;1;859;19;0;72;3;18;270;121;16;0;45;24;0;0;0;0;0;0
2923;530;2021;Mediocentro;34;2591;28;7.094117;6;6;33;12;1022;54;0;34;5;19;331;169;39;0;136;88;5;0;2;0;0;0
926;530;2021;Mediocentro;28;1883;21;7.010714;1;2;10;1;993;11;0;74;5;44;296;178;37;0;33;29;11;0;0;0;0;0
932;530;2021;Mediocentro;1;44;0;6.7;0;0;0;0;17;0;0;0;0;0;5;2;1;0;1;1;1;0;0;0;0;0
21566;530;2021;Portero;0;0;0;0.0;0;0;0;0;0;0;0;0;0;0;0;0;0;0;0;0;1;0;0;0;0;0
1165;530;2021;Delantero;29;1050;8;6.844827;6;4;30;15;207;8;0;19;2;5;198;72;26;0;12;7;3;0;0;0;0;0
324750;530;2021;Delantero;1;5;0;6.7;0;0;0;0;2;0;0;0;0;0;4;2;0;0;1;1;1;0;0;0;0;0
22225;530;2021;Defensa;17;1300;15;6.958823;0;0;2;0;581;3;0;45;9;21;158;92;20;0;7;5;5;0;0;0;0;0
10122;530;2021;Defensa;29;1174;13;6.655555;2;2;9;4;489;11;0;31;4;13;177;97;21;0;31;17;5;0;0;0;0;0
125;531;2021;Portero;0;0;0;0.0;0;0;0;0;0;0;0;0;0;0;0;0;0;0;0;0;0;0;0;0;0;0
47270;531;2021;Portero;34;3060;34;6.914705;0;0;0;0;746;1;0;0;0;1;9;8;1;0;0;0;3;0;0;30;83;1
47272;531;2021;Defensa;26;2026;23;6.708;0;0;5;2;763;8;0;33;4;21;157;84;12;0;12;6;2;0;0;0;0;0
47274;531;2021;Defensa;1;3;0;6.2;0;0;1;0;2;0;0;0;0;0;0;0;0;0;0;0;0;0;0;0;0;0
47275;531;2021;Defensa;22;1684;19;6.927272;1;2;3;3;867;18;0;50;3;19;151;84;8;0;13;4;4;0;0;0;0;0
47276;531;2021;Defensa;25;1928;22;6.764;0;2;2;1;876;13;0;32;12;23;155;72;9;0;29;13;3;0;0;0;0;0
47277;531;2021;Defensa;9;621;7;6.6;0;0;6;1;337;2;0;4;8;8;52;26;7;0;4;3;2;0;0;0;0;0
47278;531;2021;Defensa;24;1985;22;7.008333;2;1;15;8;944;2;0;32;15;26;172;86;20;0;5;4;2;0;0;0;0;0
47281;531;2021;Mediocentro;32;2192;27;6.621875;0;0;8;2;1027;9;0;36;10;24;216;95;22;0;6;4;9;0;0;0;0;0
47282;531;2021;Mediocentro;35;1814;24;6.877142;6;2;33;14;582;18;0;27;4;9;285;125;32;0;12;9;4;0;0;0;0;0
47285;531;2021;Mediocentro;0;0;0;6.651851;0;0;15;7;770;24;0;19;0;10;158;58;17;0;27;14;0;0;0;0;0;0
47286;531;2021;Mediocentro;1;0;0;0.0;0;0;0;0;2;0;0;0;0;0;1;0;0;0;0;0;0;0;0;0;0;0
47294;531;2021;Delantero;38;2787;32;6.9;8;5;69;37;607;33;0;14;3;3;291;131;40;0;56;28;4;0;1;0;0;0
47271;531;2021;Defensa;22;1860;21;7.00909;0;0;4;0;1013;4;0;24;16;45;168;95;13;0;3;2;6;0;0;0;0;0
47273;531;2021;Defensa;14;1015;11;7.057142;1;2;5;3;493;7;0;25;6;13;104;73;19;0;11;8;3;0;0;0;0;0
182560;531;2021;Mediocentro;31;1149;8;6.496774;1;0;13;4;469;5;0;13;10;19;107;39;12;0;8;4;5;0;1;0;0;0
182563;531;2021;Delantero;7;47;0;6.44;0;0;1;0;26;0;0;3;0;0;9;4;1;0;1;0;2;0;0;0;0;0
47418;531;2021;Mediocentro;32;1356;17;6.656666;2;0;11;4;705;12;0;27;5;20;182;92;17;0;15;9;5;0;0;0;0;0
182588;531;2021;Delantero;0;0;0;0.0;0;0;0;0;0;0;0;0;0;0;0;0;0;0;0;0;0;0;0;0;0;0
182627;531;2021;Defensa;17;398;1;6.553333;0;0;1;1;210;1;0;12;2;4;64;33;12;0;9;3;4;0;0;0;0;0
182639;531;2021;Mediocentro;34;2395;29;6.7;0;0;10;2;1254;15;0;26;13;19;227;108;35;0;30;25;4;0;0;0;0;0
104853;531;2021;Delantero;19;536;3;6.55;2;0;14;6;111;3;0;4;1;1;80;40;13;0;5;4;0;0;0;0;0;0
2670;531;2021;Defensa;27;2343;26;7.062962;3;0;19;9;1193;4;0;28;10;39;215;126;27;0;2;2;8;1;0;0;0;0
2672;531;2021;Delantero;35;2803;34;7.331428;4;10;31;21;1373;107;0;32;1;17;329;183;81;0;104;65;3;0;1;0;0;0
182640;531;2021;Portero;0;0;0;0.0;0;0;0;0;0;0;0;0;0;0;0;0;0;0;0;0;0;0;0;0;0;0
128398;531;2021;Mediocentro;27;1424;16;6.933333;6;4;24;14;436;27;0;12;0;5;199;79;27;0;37;23;2;0;0;0;0;0
183799;531;2021;Delantero;34;1324;11;6.566666;0;0;20;10;389;16;0;20;2;5;225;97;23;0;90;44;4;0;0;0;0;0
183848;531;2021;Portero;4;360;4;7.025;0;0;0;0;70;0;0;0;0;0;0;0;0;0;0;0;0;0;0;5;15;1
183849;531;2021;Defensa;0;0;0;0.0;0;0;0;0;0;0;0;0;0;0;0;0;0;0;0;0;0;0;0;0;0;0
313026;531;2021;Delantero;0;0;0;0.0;0;0;0;0;0;0;0;0;0;0;0;0;0;0;0;0;0;0;0;0;0;0
30510;531;2021;Delantero;34;2172;24;6.855882;3;6;34;16;717;43;0;45;2;16;386;173;46;0;71;33;8;0;0;0;0;0
286593;531;2021;Delantero;14;308;3;6.642857;1;0;6;4;103;3;0;9;1;2;48;20;6;0;7;4;0;0;0;0;0;0
2061;532;2021;Delantero;13;755;9;6.658333;0;1;7;2;191;10;0;13;0;1;110;51;20;0;35;17;3;0;0;0;0;0
6168;532;2021;Defensa;29;2411;28;6.837931;2;0;17;5;950;4;0;53;18;35;245;142;7;0;14;13;15;0;0;0;0;0
161873;532;2021;Mediocentro;0;0;0;0.0;0;0;0;0;0;0;0;0;0;0;0;0;0;0;0;0;0;0;0;0;0;0
161875;532;2021;Mediocentro;0;0;0;0.0;0;0;0;0;0;0;0;0;0;0;0;0;0;0;0;0;0;0;0;0;0;0
161879;532;2021;Mediocentro;10;175;1;6.52;0;0;1;0;44;2;0;4;0;4;40;17;6;0;3;2;1;0;0;0;0;0
124;532;2021;Portero;17;1458;17;6.747058;0;1;0;0;376;1;0;0;0;1;3;2;1;0;0;0;1;0;0;29;50;1
47251;532;2021;Defensa;29;2338;25;6.85;0;0;0;0;43;1;0;0;1;1;11;4;3;0;0;0;11;0;0;0;0;0
47264;532;2021;Delantero;30;1845;22;7.0;7;0;2;1;5;0;0;0;0;0;5;3;1;0;0;0;3;0;0;0;0;0
24760;532;2021;Portero;6;540;6;6.944444;0;0;0;0;431;0;0;0;0;0;8;8;2;0;0;0;0;0;0;20;55;1
47367;532;2021;Mediocentro;0;0;0;0.0;0;0;0;0;0;0;0;0;0;0;0;0;0;0;0;0;0;0;0;0;0;0
315699;532;2021;Mediocentro;0;0;0;0.0;0;0;0;0;0;0;0;0;0;0;0;0;0;0;0;0;0;0;0;0;0;0
315701;532;2021;Defensa;4;134;1;6.2;0;0;1;0;47;0;0;3;0;2;11;3;0;0;0;0;2;0;0;0;0;0
162106;532;2021;Mediocentro;29;1256;13;6.572;1;0;4;2;340;10;0;23;1;14;191;91;16;0;64;36;5;0;0;0;0;0
18752;532;2021;Delantero;22;1117;13;6.495454;0;1;6;2;250;17;0;27;1;3;195;72;14;0;58;23;3;0;0;0;0;0
162123;532;2021;Mediocentro;14;819;9;6.671428;0;0;10;5;278;2;0;26;0;12;150;72;25;0;14;7;8;0;0;0;0;0
162127;532;2021;Delantero;0;0;0;0.0;0;0;0;0;0;0;0;0;0;0;0;0;0;0;0;0;0;0;0;0;0;0
47473;532;2021;Mediocentro;5;72;1;6.6;0;1;8;2;153;17;0;11;0;7;98;38;13;0;18;5;2;0;0;0;0;0
162175;532;2021;Defensa;15;811;8;6.678571;0;0;3;1;235;6;0;24;3;9;133;69;8;0;34;25;0;0;0;0;0;0
2615;532;2021;Delantero;29;1959;21;6.827586;5;1;29;14;386;18;0;5;1;3;297;147;55;0;18;5;6;0;0;0;0;0
162449;532;2021;Portero;0;0;0;0.0;0;0;0;0;0;0;0;0;0;0;0;0;0;0;0;0;0;0;0;0;0;0
162559;532;2021;Defensa;0;0;0;0.0;0;0;0;0;0;0;0;0;0;0;0;0;0;0;0;0;0;0;0;0;0;0
911;532;2021;Portero;4;342;3;6.425;0;0;0;0;100;0;0;0;0;0;0;0;0;0;0;0;2;0;0;4;8;1
913;532;2021;Portero;0;0;0;0.0;0;0;0;0;0;0;0;0;0;0;0;0;0;0;0;0;0;0;0;0;0;0
915;532;2021;Defensa;19;1596;19;7.078947;2;1;6;3;636;4;0;21;12;39;112;72;12;0;2;1;2;0;0;0;0;0
916;532;2021;Defensa;29;1944;21;6.692857;0;1;6;2;720;4;0;35;17;30;171;97;16;0;19;13;11;0;0;0;0;0
918;532;2021;Defensa;24;1875;22;6.766666;2;4;17;9;622;25;0;35;3;19;165;80;21;0;29;16;7;1;0;0;0;0
919;532;2021;Mediocentro;31;2370;28;6.641935;1;0;5;2;1099;14;0;43;10;30;324;164;63;0;16;10;9;1;0;0;0;0
920;532;2021;Defensa;11;590;7;6.53;0;1;0;0;234;3;0;17;0;8;82;35;6;0;8;8;5;0;0;0;0;0
921;532;2021;Defensa;6;322;3;6.85;1;0;2;1;99;2;0;14;2;1;44;28;3;0;10;9;1;0;0;0;0;0
923;532;2021;Mediocentro;17;556;5;6.61875;0;1;7;5;141;3;0;14;1;9;76;32;7;0;11;6;1;0;0;0;0;0
925;532;2021;Delantero;36;2614;30;7.077777;11;6;50;28;736;43;0;21;0;9;361;175;74;0;124;64;3;0;1;0;0;0
927;532;2021;Mediocentro;0;0;0;6.651724;0;2;26;15;501;22;0;13;1;5;243;103;36;0;61;38;0;0;0;0;0;0
930;532;2021;Mediocentro;32;2483;28;7.140625;11;5;36;21;825;54;0;29;4;14;202;106;46;0;38;19;4;0;7;0;0;0
932;532;2021;Mediocentro;19;1592;19;6.7;1;0;0;0;17;0;0;0;0;0;5;2;1;0;1;1;6;0;0;0;0;0
937;532;2021;Delantero;1;13;0;6.648484;0;1;27;10;475;13;0;28;1;21;317;132;33;0;56;33;0;0;0;0;0;0
306183;532;2021;Mediocentro;0;0;0;0.0;0;0;0;0;0;0;0;0;0;0;0;0;0;0;0;0;0;0;0;0;0;0
48372;532;2021;Defensa;8;407;5;6.414285;0;0;3;1;200;1;0;5;2;2;19;7;0;0;0;0;2;0;0;0;0;0
122233;532;2021;Delantero;29;958;8;6.678571;1;3;25;9;176;13;0;15;0;7;216;92;22;0;33;14;3;0;0;0;0;0
1482;532;2021;Defensa;19;1424;18;6.863157;0;1;2;1;478;8;0;35;5;19;174;94;29;0;22;11;5;0;0;0;0;0
46782;532;2021;Delantero;9;89;0;6.61;0;1;3;2;99;4;0;8;0;0;56;17;3;0;10;1;3;0;0;0;0;0
313058;532;2021;Mediocentro;0;0;0;0.0;0;0;0;0;0;0;0;0;0;0;0;0;0;0;0;0;0;0;0;0;0;0
333672;532;2021;Defensa;0;0;0;0.0;0;0;0;0;0;0;0;0;0;0;0;0;0;0;0;0;0;0;0;0;0;0
333682;532;2021;Defensa;6;211;3;6.35;0;0;1;0;76;0;0;4;0;3;14;5;0;0;0;0;1;0;0;0;0;0
364414;532;2021;Delantero;2;23;0;6.3;0;0;0;0;3;0;0;0;0;0;3;0;0;0;0;0;0;0;0;0;0;0
364415;532;2021;Mediocentro;3;79;0;6.2;0;0;0;0;35;0;0;2;0;0;8;3;1;0;1;0;0;0;0;0;0;0
47087;532;2021;Mediocentro;28;1289;13;6.642857;0;0;11;1;499;5;0;32;6;16;193;102;25;0;18;14;2;0;0;0;0;0
21;533;2021;Delantero;18;790;10;6.683333;1;3;15;7;170;7;0;9;0;6;75;31;7;0;10;5;1;0;0;0;0;0
184364;533;2021;Defensa;0;0;0;0.0;0;0;0;0;0;0;0;0;0;0;0;0;0;0;0;0;0;0;0;0;0;0
83;533;2021;Delantero;23;1477;17;6.969565;10;3;47;29;348;15;0;7;0;2;120;61;18;0;61;33;2;0;3;0;0;0
131;533;2021;Defensa;0;0;0;6.821875;0;0;14;7;1074;2;0;46;14;39;225;142;14;0;6;3;0;0;0;0;0;0
163;533;2021;Defensa;19;1003;10;6.683333;0;1;7;2;629;6;0;14;7;11;105;55;6;0;19;14;4;0;0;0;0;0
166;533;2021;Defensa;25;1931;22;6.964;1;1;5;2;973;10;0;69;7;20;250;155;22;0;41;28;5;0;0;0;0;0
47296;533;2021;Portero;32;2880;32;6.95625;0;0;0;0;1126;0;0;0;0;1;19;14;2;0;1;1;2;0;0;28;75;0
162053;533;2021;Delantero;1;0;0;0.0;0;0;0;0;2;0;0;0;0;0;1;1;0;0;1;1;0;0;0;0;0;0
47391;533;2021;Defensa;7;127;1;6.542857;0;0;3;2;44;2;0;2;0;5;36;10;4;0;5;2;1;0;0;0;0;0
288;533;2021;Defensa;24;1222;13;6.869565;3;2;14;10;533;16;0;13;1;27;114;51;21;0;17;10;3;0;0;0;0;0
314;533;2021;Defensa;28;2467;28;6.95;0;0;5;1;1555;4;47;26;15;21;138;82;12;0;4;3;8;0;0;0;0;0
18802;533;2021;Mediocentro;30;2297;26;7.03;1;1;11;5;1315;5;0;44;5;35;289;181;44;0;55;41;9;0;0;0;0;0
283058;533;2021;Delantero;9;156;0;6.7375;0;0;3;1;50;3;0;2;0;1;40;24;5;0;6;4;1;0;0;0;0;0
47574;533;2021;Mediocentro;29;1280;13;6.721428;2;2;8;5;557;21;0;15;0;6;124;50;11;0;22;13;2;0;0;0;0;0
264859;533;2021;Mediocentro;0;0;0;0.0;0;0;0;0;0;0;0;0;0;0;0;0;0;0;0;0;0;0;0;0;0;0
734;533;2021;Defensa;0;0;0;0.0;0;0;0;0;0;0;0;0;0;0;0;0;0;0;0;0;0;0;0;0;0;0
924;533;2021;Mediocentro;20;825;8;6.85;2;1;4;2;473;10;0;26;5;19;133;71;13;0;20;17;3;0;0;0;0;0
928;533;2021;Mediocentro;33;2712;32;7.415151;2;10;11;6;1990;67;52;43;7;29;236;140;56;0;33;25;3;0;1;0;0;0
169256;533;2021;Portero;0;0;0;0.0;0;0;0;0;0;0;0;0;0;0;0;0;0;0;0;0;0;0;0;0;0;0
22015;533;2021;Delantero;25;1264;13;6.88;5;5;22;11;251;17;0;8;1;5;154;63;13;0;21;11;3;0;0;0;0;0
1567;533;2021;Defensa;17;1372;14;6.988235;1;0;9;3;988;1;54;11;14;13;81;42;5;0;0;0;3;0;0;0;0;0
1578;533;2021;Mediocentro;16;997;11;7.075;1;1;13;6;513;17;0;22;0;5;159;93;42;0;40;26;2;0;0;0;0;0
46731;533;2021;Defensa;28;1573;17;6.75;0;1;11;4;825;13;0;36;5;25;168;87;11;0;35;17;3;0;0;0;0;0
1682;533;2021;Portero;6;540;6;6.8;0;0;0;0;188;0;0;0;0;1;3;2;0;0;0;0;1;0;0;9;19;0
1691;533;2021;Defensa;12;621;7;6.641666;0;0;1;1;308;5;0;10;3;6;48;23;2;0;4;3;1;0;0;0;0;0
1696;533;2021;Delantero;27;1327;12;6.781481;3;3;23;7;440;29;0;13;0;5;214;103;16;0;126;67;4;0;0;0;0;0
1699;533;2021;Mediocentro;20;1030;12;6.629411;0;1;6;2;635;2;0;19;5;11;108;57;10;0;4;2;4;0;0;0;0;0
1702;533;2021;Defensa;28;1703;19;6.882142;4;4;18;8;732;24;0;34;3;31;221;105;26;0;61;31;2;0;0;0;0;0
1701;533;2021;Mediocentro;0;0;0;6.659259;0;0;4;2;645;6;0;36;5;13;147;77;11;0;15;13;0;0;0;0;0;0
1705;533;2021;Mediocentro;35;2191;27;6.805714;6;4;31;18;1190;25;0;45;3;13;264;114;43;0;15;8;3;0;0;0;0;0
1707;533;2021;Delantero;17;1193;14;7.358823;9;3;29;17;432;30;0;5;1;6;160;76;14;0;61;39;2;0;1;0;0;0
1708;533;2021;Delantero;7;82;0;6.25;0;0;0;0;3;0;0;2;0;1;8;3;1;0;0;0;1;0;0;0;0;0
46815;533;2021;Defensa;33;2858;33;7.10303;5;1;20;9;1979;9;51;32;23;19;199;131;16;0;28;25;5;0;0;0;0;0
184193;533;2021;Delantero;0;0;0;0.0;0;0;0;0;0;0;0;0;0;0;0;0;0;0;0;0;0;0;0;0;0;0
184196;533;2021;Mediocentro;1;6;0;6.7;0;0;0;0;4;0;0;0;0;0;0;0;0;0;0;0;0;0;0;0;0;0
286616;533;2021;Portero;0;0;0;0.0;0;0;0;0;0;0;0;0;0;0;0;0;0;0;0;0;0;0;0;0;0;0
184226;533;2021;Mediocentro;31;1688;21;6.86129;6;4;24;15;512;26;0;32;4;6;229;107;34;0;56;25;2;0;0;0;0;0
184277;533;2021;Delantero;0;0;0;6.690476;0;0;20;13;212;9;0;10;2;3;182;84;19;0;16;9;0;0;0;0;0;0
2054;536;2021;Defensa;25;1786;19;6.976;0;3;8;1;1105;35;0;18;2;17;96;47;10;0;15;6;4;0;0;0;0;0
2060;536;2021;Delantero;16;466;4;6.673333;2;0;9;7;124;7;0;8;1;5;75;31;13;0;8;2;3;0;0;0;0;0
15;536;2021;Mediocentro;26;1544;15;6.880769;2;1;12;4;787;10;0;41;10;13;206;123;21;0;9;6;3;0;0;0;0;0
188445;536;2021;Delantero;2;11;0;6.7;0;0;0;0;6;0;0;0;0;0;1;1;0;0;1;1;0;0;0;0;0;0
149;536;2021;Mediocentro;35;2186;26;7.091428;4;6;25;12;1556;42;0;40;8;23;238;120;35;0;21;8;5;0;1;0;0;0
176;536;2021;Mediocentro;20;1012;10;7.035;5;2;18;12;468;21;0;31;0;5;169;72;13;0;34;18;5;0;0;0;0;0
161962;536;2021;Mediocentro;0;0;0;0.0;0;0;0;0;0;0;0;0;0;0;0;0;0;0;0;0;0;0;0;0;0;0
246;536;2021;Delantero;0;0;0;6.833333;0;0;22;10;182;5;0;9;0;0;99;57;12;0;4;3;0;0;0;0;0;0
264469;536;2021;Defensa;0;0;0;0.0;0;0;0;0;0;0;0;0;0;0;0;0;0;0;0;0;0;0;0;0;0;0
47389;536;2021;Mediocentro;36;2527;31;6.877777;0;1;11;1;1796;24;44;61;6;30;268;121;26;0;37;23;9;0;0;0;0;0
47416;536;2021;Mediocentro;11;414;4;6.847058;0;1;19;8;381;11;0;16;1;11;98;46;11;0;19;10;1;0;0;0;0;0
47422;536;2021;Delantero;23;1281;15;6.756521;5;1;34;14;182;6;0;10;1;4;160;69;10;0;14;4;1;0;1;0;0;0
297311;536;2021;Defensa;0;0;0;0.0;0;0;0;0;0;0;0;0;0;0;0;0;0;0;0;0;0;0;0;0;0;0
385;536;2021;Mediocentro;26;1004;11;6.688;2;3;10;5;616;13;0;22;1;6;143;59;17;0;26;15;2;0;0;0;0;0
389;536;2021;Mediocentro;18;1160;12;6.805555;2;4;10;3;518;26;0;12;0;8;146;65;27;0;44;19;2;0;0;0;0;0
2468;536;2021;Defensa;18;1071;15;6.7;1;2;5;1;556;11;0;15;2;10;78;40;12;0;8;3;7;0;0;0;0;0
119235;536;2021;Mediocentro;1;6;0;7.0;0;0;1;1;14;1;0;0;0;0;1;0;0;0;0;0;0;0;0;0;0;0
452;536;2021;Mediocentro;24;1851;21;6.8625;1;1;4;1;1244;6;46;24;13;29;168;77;11;0;11;7;6;0;0;0;0;0
182772;536;2021;Mediocentro;1;4;0;6.3;0;0;0;0;4;0;0;1;0;0;3;1;0;0;0;0;1;0;0;0;0;0
21090;536;2021;Defensa;34;2961;34;7.055882;3;0;26;10;2181;4;56;35;33;24;220;136;19;0;4;2;3;0;0;0;0;0
2701;536;2021;Portero;31;2790;31;7.016129;0;2;0;0;954;2;0;0;0;0;12;11;3;0;1;1;2;0;0;24;76;1
2723;536;2021;Delantero;5;126;2;6.883333;0;1;17;8;327;21;0;8;0;3;97;34;3;0;42;23;1;0;0;0;0;0
2813;536;2021;Portero;6;540;6;7.05;0;0;0;0;197;0;0;0;0;0;1;1;0;0;0;0;1;0;0;5;15;1
25345;536;2021;Defensa;18;1093;11;6.661111;0;2;4;0;732;5;0;11;6;9;100;47;8;0;8;5;2;0;0;0;0;0
2852;536;2021;Defensa;19;790;9;6.688888;0;1;3;2;421;9;0;18;3;5;74;45;10;0;2;2;3;0;0;0;0;0
908;536;2021;Delantero;9;495;7;6.411111;0;1;6;3;151;2;0;2;0;0;64;26;11;0;16;7;1;0;0;0;0;0
308346;536;2021;Portero;0;0;0;0.0;0;0;0;0;0;0;0;0;0;0;0;0;0;0;0;0;0;0;0;0;0;0
1257;536;2021;Defensa;32;2738;31;7.140625;2;1;10;3;2099;17;58;40;18;21;270;169;28;0;39;24;2;2;0;0;0;0
195923;536;2021;Defensa;1;23;0;6.7;0;0;0;0;9;0;0;0;0;1;3;2;1;0;1;1;0;0;0;0;0;0
1489;536;2021;Mediocentro;21;1038;9;6.85;0;0;4;1;671;2;0;16;9;22;82;54;9;0;0;0;5;0;0;0;0;0
1493;536;2021;Defensa;31;2266;26;7.087096;1;3;10;6;1549;43;42;50;5;14;299;164;48;0;66;44;10;0;0;0;0;0
192032;536;2021;Delantero;5;177;2;6.375;0;0;1;1;34;0;0;2;0;2;38;12;6;0;9;3;0;0;0;0;0;0
46688;536;2021;Mediocentro;0;0;0;0.0;0;0;0;0;0;0;0;0;0;0;0;0;0;0;0;0;0;0;0;0;0;0
1650;536;2021;Mediocentro;8;389;6;6.7125;0;1;3;2;168;4;0;4;0;0;38;18;7;0;12;7;0;0;0;0;0;0
163453;536;2021;Defensa;1;0;0;0.0;0;0;0;0;0;0;0;0;0;0;1;0;0;0;0;0;0;0;0;0;0;0
30433;536;2021;Mediocentro;29;1788;19;6.882758;5;1;24;12;896;24;0;19;2;7;224;105;48;0;54;28;4;0;0;0;0;0
253699;536;2021;Mediocentro;0;0;0;0.0;0;0;0;0;0;0;0;0;0;0;0;0;0;0;0;0;0;0;0;0;0;0
163630;536;2021;Portero;0;0;0;0.0;0;0;0;0;0;0;0;0;0;0;0;0;0;0;0;0;0;0;0;0;0;0
1911;536;2021;Mediocentro;30;2126;23;6.783333;6;4;41;17;723;18;0;45;1;9;351;150;41;0;95;37;7;0;0;0;0;0
47013;536;2021;Delantero;34;1802;18;6.644117;10;0;52;24;343;7;0;4;3;0;213;92;18;0;23;12;6;0;0;0;0;0
2034;536;2021;Portero;1;90;1;6.3;0;0;0;0;32;0;0;0;0;0;0;0;0;0;0;0;0;0;0;1;1;1
2058;538;2021;Delantero;32;1380;15;6.626666;2;0;16;9;528;15;0;26;1;9;156;62;11;0;22;13;1;0;0;0;0;0
47120;538;2021;Portero;0;0;0;0.0;0;0;0;0;0;0;0;0;0;0;0;0;0;0;0;0;0;0;0;0;0;1
329720;538;2021;Mediocentro;1;10;0;6.7;0;0;1;0;3;0;0;1;0;0;1;1;0;0;0;0;0;0;0;0;0;0
286795;538;2021;Portero;0;0;0;0.0;0;0;0;0;0;0;0;0;0;0;0;0;0;0;0;0;0;0;0;0;0;1
286796;538;2021;Mediocentro;0;0;0;0.0;0;0;0;0;0;0;0;0;0;0;0;0;0;0;0;0;0;0;0;0;0;0
135;538;2021;Defensa;19;1116;12;6.547368;0;0;4;1;695;1;0;15;8;17;115;62;13;0;3;3;5;1;0;0;0;0
182501;538;2021;Defensa;9;271;3;6.628571;0;0;1;0;193;2;0;5;1;10;27;10;0;0;1;1;3;0;0;0;0;0
182504;538;2021;Mediocentro;7;101;0;6.542857;0;0;1;0;64;1;0;5;0;4;37;15;3;0;7;6;0;0;0;0;0;0
80166;538;2021;Delantero;31;1130;9;6.68;2;2;27;16;260;12;0;12;2;6;200;81;13;0;20;8;5;0;0;0;0;0
313651;538;2021;Mediocentro;1;1;0;0.0;0;0;0;0;1;0;0;0;0;0;0;0;0;0;0;0;0;0;0;0;0;0
47426;538;2021;Portero;0;0;0;0.0;0;0;0;0;0;0;0;0;0;0;0;0;0;0;0;0;0;0;0;0;0;4
47432;538;2021;Defensa;21;1830;21;6.880952;1;1;13;2;953;20;0;45;9;20;195;98;4;0;16;8;5;0;0;0;0;0
47434;538;2021;Defensa;17;1339;16;6.888235;0;1;3;1;659;10;0;34;7;36;157;82;19;0;16;11;3;0;0;0;0;0
47435;538;2021;Mediocentro;37;2609;31;6.862162;1;0;13;4;1872;11;46;56;5;32;241;116;25;0;27;19;4;0;0;0;0;0
47440;538;2021;Mediocentro;37;3035;36;6.824324;4;5;36;17;1461;35;0;68;6;37;470;201;54;0;70;34;8;0;0;0;0;0
47443;538;2021;Mediocentro;8;133;1;6.842857;0;0;1;0;80;0;0;4;1;2;20;14;2;0;2;2;0;0;0;0;0;0
47445;538;2021;Delantero;37;3094;36;7.327027;18;6;65;41;1237;57;0;14;2;11;270;137;50;0;83;51;8;0;3;0;0;0
184693;538;2021;Defensa;0;0;0;0.0;0;0;0;0;0;0;0;0;0;0;0;0;0;0;0;0;0;0;0;0;0;0
2433;538;2021;Mediocentro;29;1404;13;6.682142;0;0;10;3;851;4;0;50;5;28;222;112;26;0;15;6;10;0;0;0;0;0
162212;538;2021;Mediocentro;1;1;0;6.2;0;0;0;0;4;0;0;0;0;0;0;0;0;0;0;0;0;0;0;0;0;0
119213;538;2021;Delantero;0;0;0;0.0;0;0;0;0;0;0;0;0;0;0;0;0;0;0;0;0;0;0;0;0;0;0
47566;538;2021;Defensa;37;3300;37;6.851351;0;3;16;5;1623;23;0;108;8;45;526;293;75;0;125;85;9;0;0;0;0;0
570;538;2021;Mediocentro;33;1808;21;6.842424;4;3;19;10;673;12;0;73;2;21;286;150;40;0;39;20;6;0;0;0;0;0
162495;538;2021;Defensa;0;0;0;0.0;0;0;0;0;0;0;0;0;0;0;0;0;0;0;0;0;0;0;0;0;0;0
35576;538;2021;Mediocentro;7;94;0;6.7;0;0;4;1;65;1;0;4;0;0;20;10;4;0;2;1;0;0;0;0;0;0
2870;538;2021;Defensa;34;2615;29;6.765625;0;0;7;1;1544;2;0;22;10;27;186;100;10;0;8;5;4;0;0;0;0;0
934;538;2021;Delantero;33;2380;30;6.924242;7;3;49;23;633;21;0;27;2;6;478;204;39;0;21;12;4;0;0;0;0;0
11346;538;2021;Portero;38;3420;38;6.936842;0;0;1;0;1328;1;0;0;0;0;10;10;2;0;0;0;1;0;0;42;96;4
1461;538;2021;Mediocentro;38;2835;33;7.010526;4;6;12;8;1907;47;41;61;4;16;337;155;39;0;82;42;4;0;0;0;0;0
85703;538;2021;Defensa;0;0;0;0.0;0;0;0;0;0;0;0;0;0;0;0;0;0;0;0;0;0;0;0;0;0;0
5921;538;2021;Mediocentro;26;697;4;6.508695;0;0;6;1;371;6;0;24;4;7;124;48;11;0;20;9;5;0;0;0;0;0
286559;538;2021;Defensa;8;340;3;6.8;0;0;1;0;165;0;0;4;1;4;30;19;4;0;1;1;1;0;0;0;0;0
1926;538;2021;Defensa;32;2641;30;6.835483;0;0;5;1;1541;6;0;39;13;38;207;128;18;0;11;9;1;0;0;0;0;0
286623;538;2021;Portero;0;0;0;0.0;0;0;0;0;0;0;0;0;0;0;0;0;0;0;0;0;0;0;0;0;0;1
198656;539;2021;Delantero;1;3;0;6.2;0;0;0;0;2;0;0;1;0;0;3;1;0;0;0;0;0;0;0;0;0;0
184361;539;2021;Defensa;0;0;0;0.0;0;0;0;0;0;0;0;0;0;0;0;0;0;0;0;0;0;0;0;0;0;0
47328;539;2021;Defensa;23;1775;20;6.765217;2;0;17;5;965;3;0;18;9;24;168;90;4;0;2;1;5;0;0;0;0;0
47441;539;2021;Mediocentro;19;1224;17;6.68421;0;0;3;1;454;8;0;25;9;22;133;67;13;0;16;11;3;0;0;0;0;0
47448;539;2021;Portero;13;1167;13;6.9;0;0;0;0;312;0;0;2;0;0;4;4;1;0;0;0;1;1;0;29;52;2
47451;539;2021;Defensa;6;114;1;6.733333;1;0;1;1;57;2;0;3;0;2;19;10;1;0;3;2;1;0;0;0;0;0
47450;539;2021;Portero;0;0;0;0.0;0;0;0;0;0;0;0;0;0;0;0;0;0;0;0;0;0;0;0;0;0;0
47457;539;2021;Defensa;32;2419;27;6.65625;0;0;14;4;1247;6;0;41;25;36;225;127;29;0;8;5;4;0;0;0;0;0
47458;539;2021;Defensa;13;849;10;6.423076;0;0;1;0;363;3;0;11;5;7;49;26;3;0;1;0;3;0;0;0;0;0
47460;539;2021;Defensa;27;2009;21;6.625925;1;0;6;3;1038;4;0;36;15;30;165;79;10;0;6;5;4;0;0;0;0;0
47461;539;2021;Mediocentro;30;1698;17;6.773333;3;3;25;10;640;42;0;29;2;10;248;117;44;0;74;38;3;0;2;0;0;0
47463;539;2021;Mediocentro;29;2015;23;6.824137;0;0;7;2;1208;26;0;46;5;38;211;110;20;0;20;13;9;0;0;0;0;0
47464;539;2021;Mediocentro;20;1509;16;6.955;2;2;9;6;818;24;0;27;2;21;165;87;22;0;35;21;6;1;0;0;0;0
47467;539;2021;Delantero;35;2725;31;6.917142;13;7;61;36;628;36;0;27;0;4;380;147;40;0;156;64;7;0;3;0;0;0
47469;539;2021;Mediocentro;6;112;0;6.583333;0;0;1;0;73;2;0;3;0;2;17;11;1;0;1;1;1;0;0;0;0;0
47471;539;2021;Delantero;29;2124;25;6.724137;7;3;43;20;448;23;0;23;0;2;267;94;28;0;28;14;8;0;1;0;0;0
338295;539;2021;Portero;1;90;1;6.7;0;0;0;0;25;0;0;0;0;0;0;0;0;0;0;0;0;0;0;1;1;0
395;539;2021;Delantero;0;0;0;0.0;0;0;0;0;0;0;0;0;0;0;0;0;0;0;0;0;0;0;0;0;0;0
182669;539;2021;Mediocentro;0;0;0;0.0;0;0;0;0;0;0;0;0;0;0;0;0;0;0;0;0;0;0;0;0;0;0
182671;539;2021;Mediocentro;25;595;4;6.370833;0;1;14;5;120;4;0;6;0;1;69;21;4;0;15;8;1;0;0;0;0;0
119232;539;2021;Delantero;28;1059;11;6.548148;4;2;22;14;188;13;0;7;0;3;154;49;20;0;46;18;1;0;0;0;0;0
182731;539;2021;Portero;0;0;0;0.0;0;0;0;0;0;0;0;0;0;0;0;0;0;0;0;0;0;0;0;0;0;0
47568;539;2021;Defensa;29;1976;22;6.524137;1;0;6;2;784;16;0;36;3;35;212;98;23;0;31;21;5;0;0;0;0;0
131538;539;2021;Defensa;26;1976;22;6.607692;1;0;10;7;822;16;0;28;5;19;148;71;14;0;39;19;5;1;0;0;0;0
47576;539;2021;Mediocentro;29;1697;20;6.693103;7;2;16;11;768;16;0;29;8;7;201;93;27;0;26;12;5;0;2;0;0;0
104949;539;2021;Mediocentro;13;655;7;6.615384;0;1;9;1;239;6;0;15;3;15;93;42;9;0;16;7;2;0;0;0;0;0
129657;539;2021;Defensa;16;617;6;6.413333;0;0;0;0;199;3;0;5;0;7;62;30;7;0;19;10;1;0;0;0;0;0
297740;539;2021;Mediocentro;0;0;0;0.0;0;0;0;0;0;0;0;0;0;0;0;0;0;0;0;0;0;0;0;0;0;0
297744;539;2021;Defensa;0;0;0;0.0;0;0;0;0;0;0;0;0;0;0;0;0;0;0;0;0;0;0;0;0;0;0
156488;539;2021;Portero;24;2160;24;6.691666;0;0;0;0;637;1;0;1;0;1;10;6;3;0;0;0;3;0;0;46;74;2
854;539;2021;Defensa;10;669;9;6.48;0;0;0;0;344;3;0;2;2;11;43;18;8;0;1;1;2;0;0;0;0;0
295793;539;2021;Defensa;11;510;5;6.51;0;1;4;1;202;6;0;12;2;4;54;29;8;0;10;4;1;0;0;0;0;0
119795;539;2021;Mediocentro;0;0;0;0.0;0;0;0;0;0;0;0;0;0;0;0;0;0;0;0;0;0;0;0;0;0;0
1160;539;2021;Defensa;4;186;2;6.925;0;1;0;0;83;6;0;8;0;4;18;11;0;0;2;2;2;0;0;0;0;0
1375;539;2021;Delantero;18;662;7;6.627777;3;2;16;8;145;8;0;3;0;1;53;17;5;0;7;3;6;1;0;0;0;0
189864;539;2021;Defensa;0;0;0;0.0;0;0;0;0;0;0;0;0;0;0;0;0;0;0;0;0;0;0;0;0;0;0
1448;539;2021;Defensa;11;658;8;6.827272;1;0;3;2;365;0;0;9;3;15;56;39;4;0;4;2;1;0;0;0;0;0
192011;539;2021;Defensa;0;0;0;0.0;0;0;0;0;0;0;0;0;0;0;0;0;0;0;0;0;0;0;0;0;0;0
46651;539;2021;Defensa;19;1518;18;6.594736;0;0;1;0;682;11;0;35;3;26;156;89;18;0;33;23;6;0;0;0;0;0
128582;539;2021;Delantero;25;1766;20;6.712;4;7;36;20;410;22;0;33;1;12;248;97;21;0;76;36;4;0;0;0;0;0
46714;539;2021;Mediocentro;26;1134;11;6.684;1;2;7;2;535;10;0;37;8;18;147;69;15;0;8;7;7;0;0;0;0;0
286611;539;2021;Portero;0;0;0;0.0;0;0;0;0;0;0;0;0;0;0;0;0;0;0;0;0;0;0;0;0;0;1
47249;540;2021;Defensa;37;3330;37;6.84054;2;0;15;6;1829;10;0;37;23;44;240;141;21;0;5;1;7;0;0;0;0;0
182492;540;2021;Defensa;0;0;0;0.0;0;0;0;0;0;0;0;0;0;0;0;0;0;0;0;0;0;0;0;0;0;0
47327;540;2021;Portero;36;3179;36;6.986111;0;0;0;0;950;1;0;0;0;1;18;16;6;0;0;0;4;0;0;49;115;0
47329;540;2021;Defensa;31;2723;31;6.7;1;1;18;7;933;23;0;58;7;25;298;168;45;0;82;48;8;0;0;0;0;0
47334;540;2021;Defensa;18;740;8;6.693333;0;0;5;4;426;3;0;18;8;10;82;47;6;0;2;2;1;0;0;0;0;0
47335;540;2021;Defensa;9;196;1;6.428571;0;0;0;0;70;3;0;7;1;3;27;12;1;0;1;1;3;0;0;0;0;0
47336;540;2021;Mediocentro;36;3136;36;6.983333;3;9;33;17;1650;37;0;45;1;26;282;148;38;0;77;53;4;0;0;0;0;0
47339;540;2021;Mediocentro;21;997;14;6.719047;0;0;5;0;426;18;0;11;1;1;118;69;37;0;18;15;0;0;0;0;0;0
47349;540;2021;Delantero;30;2257;26;6.646666;4;1;26;12;609;21;0;24;2;11;233;92;25;0;55;30;5;0;0;0;0;0
47350;540;2021;Delantero;23;457;4;6.442857;1;0;5;5;83;7;0;3;0;4;54;17;5;0;6;1;0;0;0;0;0;0
37157;540;2021;Mediocentro;17;936;13;6.658823;1;1;11;3;304;11;0;16;2;8;104;47;10;0;17;12;4;0;0;0;0;0
47449;540;2021;Portero;2;134;1;7.0;0;0;0;0;38;0;0;0;0;0;1;1;0;0;0;0;0;0;0;1;8;0
47478;540;2021;Defensa;16;1092;13;6.68;0;0;1;0;620;2;0;17;2;16;86;48;6;0;5;4;3;0;0;0;0;0
2449;540;2021;Mediocentro;23;1648;19;6.647826;1;1;13;2;856;12;0;41;5;19;306;149;34;0;30;19;6;0;0;0;0;0
182674;540;2021;Delantero;3;17;0;7.4;0;1;0;0;5;2;0;1;0;0;7;6;4;0;1;0;0;0;0;0;0;0
47551;540;2021;Delantero;34;2927;33;7.1;17;3;86;45;720;25;0;15;3;6;316;154;55;0;72;50;6;1;5;0;0;0
182718;540;2021;Portero;2;107;1;4.75;0;0;0;0;25;0;0;0;0;1;0;0;0;0;0;0;0;0;0;3;0;0
47554;540;2021;Delantero;32;1997;24;6.834375;0;2;36;16;576;38;0;44;3;19;324;145;43;0;80;41;4;0;0;0;0;0
182736;540;2021;Defensa;1;44;0;6.9;0;0;0;0;11;0;0;2;0;2;3;3;0;0;0;0;0;0;0;0;0;0
182742;540;2021;Mediocentro;0;0;0;0.0;0;0;0;0;0;0;0;0;0;0;0;0;0;0;0;0;0;0;0;0;0;0
199824;540;2021;Defensa;4;147;1;6.566666;0;1;1;0;46;1;0;6;0;2;25;15;1;0;3;3;0;0;0;0;0;0
359603;540;2021;Delantero;1;0;0;0.0;0;0;0;0;1;0;0;0;0;0;3;0;0;0;0;0;0;0;0;0;0;0
1434;540;2021;Delantero;17;533;4;6.513333;0;0;6;0;92;5;0;2;0;1;99;45;20;0;10;6;0;0;0;0;0;0
1584;540;2021;Delantero;21;550;4;6.55;1;0;6;2;85;5;0;6;1;2;106;44;15;0;7;4;0;0;0;0;0;0
46661;540;2021;Mediocentro;10;262;3;6.577777;0;0;3;0;168;4;0;7;0;6;42;22;6;0;11;9;2;1;0;0;0;0
128581;540;2021;Mediocentro;31;1099;7;6.558064;2;0;13;4;412;13;0;15;2;7;202;83;36;0;39;23;4;0;0;0;0;0
46692;540;2021;Mediocentro;3;4;0;6.8;0;0;0;0;9;0;0;1;0;0;5;3;1;0;0;0;1;0;0;0;0;0
1690;540;2021;Defensa;2;70;1;6.25;0;0;0;0;38;0;0;2;0;0;8;5;1;0;3;2;0;0;0;0;0;0
1701;540;2021;Mediocentro;27;1168;11;6.659259;2;0;4;2;645;6;0;36;5;13;147;77;11;0;15;13;6;1;0;0;0;0
153290;540;2021;Defensa;1;3;0;0.0;0;0;0;0;1;0;0;0;0;0;0;0;0;0;0;0;0;0;0;0;0;0
46825;540;2021;Mediocentro;25;1486;18;6.728;1;1;2;1;872;8;0;27;10;15;170;78;29;0;16;9;9;0;0;0;0;0
182719;540;2021;Mediocentro;1;22;0;6.2;0;0;0;0;7;0;0;0;0;0;3;2;1;0;1;1;0;0;0;0;0;0
307005;540;2021;Defensa;0;0;0;0.0;0;0;0;0;0;0;0;0;0;0;0;0;0;0;0;0;0;0;0;0;0;0
46968;540;2021;Defensa;22;1698;20;6.722727;0;2;5;1;557;16;0;52;9;19;200;95;24;0;27;13;7;0;0;0;0;0
286604;540;2021;Mediocentro;1;8;0;6.7;0;0;0;0;6;1;0;0;0;0;2;0;0;0;0;0;1;0;0;0;0;0
286605;540;2021;Mediocentro;0;0;0;0.0;0;0;0;0;0;0;0;0;0;0;0;0;0;0;0;0;0;0;0;0;0;0
2042;540;2021;Defensa;31;2724;31;6.796774;1;2;6;3;1368;4;0;33;23;40;150;77;4;0;1;1;1;1;0;0;0;0
2047;540;2021;Defensa;31;1904;21;6.633333;2;0;4;3;903;26;0;31;6;25;168;84;31;0;32;12;10;0;0;0;0;0
2207;541;2021;Mediocentro;26;1230;13;6.973076;2;1;10;5;842;14;0;52;2;17;217;131;29;0;32;22;9;0;0;0;0;0
270516;541;2021;Delantero;3;24;0;6.633333;0;0;2;1;16;2;0;0;0;1;5;3;2;0;1;1;0;0;0;0;0;0
162028;541;2021;Delantero;1;9;0;6.7;0;0;1;0;5;0;0;0;0;0;0;0;0;0;0;0;0;0;0;0;0;0
162032;541;2021;Defensa;3;262;3;7.166666;0;1;0;0;151;3;47;7;0;2;35;23;8;0;9;6;1;0;0;0;0;0
2296;541;2021;Delantero;18;712;7;6.927777;0;1;9;7;385;27;0;6;0;2;98;62;30;0;31;25;2;0;0;0;0;0
47400;541;2021;Portero;2;180;2;7.3;0;0;0;0;67;0;0;0;0;0;1;0;0;0;0;0;0;0;0;2;7;4
372;541;2021;Defensa;34;3033;34;7.12647;1;2;26;8;1993;12;52;50;20;52;291;183;39;0;20;11;5;0;0;0;0;0
505;541;2021;Defensa;30;2645;30;7.013333;2;3;14;7;1889;22;58;23;15;22;104;47;6;0;10;4;2;0;0;0;0;0
653;541;2021;Defensa;22;1739;20;6.990909;2;1;9;5;1186;20;49;24;2;18;157;94;24;0;52;35;4;0;0;0;0;0
730;541;2021;Portero;36;3240;36;6.991666;0;0;0;0;947;0;0;1;0;0;13;10;1;0;0;0;1;0;0;29;93;4
733;541;2021;Defensa;24;1550;17;7.060869;1;3;8;2;1008;25;0;42;8;20;137;77;11;0;18;10;1;0;0;0;0;0
735;541;2021;Defensa;28;1547;17;6.925;3;0;7;4;991;8;0;18;15;34;108;61;13;0;4;2;7;0;0;0;0;0
737;541;2021;Defensa;0;0;0;0.0;0;0;0;0;0;0;0;0;0;0;0;0;0;0;0;0;0;0;0;0;0;0
162529;541;2021;Portero;0;0;0;0.0;0;0;0;0;0;0;0;0;0;0;0;0;0;0;0;0;0;0;0;0;0;0
162530;541;2021;Defensa;1;10;0;6.7;0;0;0;0;6;1;0;0;0;0;0;0;0;0;0;0;0;0;0;0;0;0
162533;541;2021;Portero;0;0;0;0.0;0;0;0;0;0;0;0;0;0;0;0;0;0;0;0;0;0;0;0;0;0;2
741;541;2021;Defensa;5;342;4;7.18;0;0;0;0;209;1;0;7;8;6;32;21;1;0;4;2;1;0;0;0;0;0
743;541;2021;Defensa;12;520;5;7.163636;0;2;5;3;400;9;0;8;2;1;41;28;8;0;10;9;0;0;0;0;0;0
745;541;2021;Mediocentro;14;323;3;6.925;1;0;5;3;259;10;0;9;0;2;67;38;8;0;25;17;1;0;0;0;0;0
746;541;2021;Delantero;31;1729;19;7.086666;10;0;47;34;802;32;0;12;1;12;128;59;20;0;40;27;2;0;0;0;0;0
747;541;2021;Mediocentro;32;2576;31;7.375;1;3;28;9;1962;27;52;79;19;38;397;237;38;0;27;19;11;0;0;0;0;0
748;541;2021;Mediocentro;11;267;2;6.74;0;0;6;4;260;3;0;7;2;4;33;19;7;0;11;5;1;0;0;0;0;0
752;541;2021;Mediocentro;28;2110;25;7.385714;1;3;35;12;2150;51;72;34;3;12;160;90;39;0;17;9;4;0;0;0;0;0
754;541;2021;Mediocentro;28;2049;25;7.153571;2;8;15;11;1639;38;52;18;4;20;182;88;32;0;48;32;5;0;1;0;0;0
334575;541;2021;Portero;0;0;0;0.0;0;0;0;0;0;0;0;0;0;0;0;0;0;0;0;0;0;0;0;0;0;2
756;541;2021;Mediocentro;31;1831;19;6.91;0;1;28;9;1148;24;0;36;5;24;163;92;9;0;50;32;2;0;0;0;0;0
757;541;2021;Defensa;29;1834;20;7.0;3;0;13;5;1342;31;41;43;7;20;180;97;34;0;31;18;3;0;0;0;0;0
758;541;2021;Delantero;5;283;4;6.8;1;0;13;6;59;2;0;2;0;2;26;10;0;0;4;1;2;0;0;0;0;0
759;541;2021;Delantero;32;2603;31;7.6375;27;12;99;59;1220;63;0;11;0;4;161;74;9;0;51;36;0;0;7;0;0;0
760;541;2021;Delantero;9;337;3;6.7125;1;1;12;3;60;6;0;2;0;1;31;17;0;0;10;6;2;0;0;0;0;0
762;541;2021;Delantero;35;2699;30;7.364705;17;10;62;43;1230;68;0;46;0;6;464;218;74;0;209;95;6;0;0;0;0;0
162686;541;2021;Mediocentro;1;30;0;6.9;0;0;0;0;20;0;0;2;1;1;6;3;0;0;1;1;0;0;0;0;0;0
162952;541;2021;Defensa;2;23;0;6.45;0;0;0;0;22;0;0;1;0;1;3;2;0;0;1;1;0;0;0;0;0;0
237066;541;2021;Defensa;0;0;0;0.0;0;0;0;0;0;0;0;0;0;0;0;0;0;0;0;0;0;0;0;0;0;0
10009;541;2021;Delantero;33;1526;17;6.867741;4;4;27;15;626;28;0;18;0;11;191;88;29;0;58;27;3;0;0;0;0;0
1828;541;2021;Delantero;15;357;1;6.684615;1;3;11;4;67;5;0;1;0;1;34;14;3;0;6;3;1;0;0;0;0;0
38;542;2021;Defensa;5;237;2;6.64;0;0;0;0;86;1;0;6;3;1;23;14;4;0;0;0;1;0;0;0;0;0
47;542;2021;Mediocentro;28;1386;17;6.677777;0;1;8;2;509;23;0;23;5;20;154;63;10;0;25;20;2;0;0;0;0;0
6233;542;2021;Defensa;14;1073;12;6.664285;0;0;4;1;347;3;0;42;2;26;130;80;8;0;11;7;2;0;0;0;0;0
32871;542;2021;Delantero;0;0;0;0.0;0;0;0;0;0;0;0;0;0;0;0;0;0;0;0;0;0;0;0;0;0;0
350363;542;2021;Portero;0;0;0;0.0;0;0;0;0;0;0;0;0;0;0;0;0;0;0;0;0;0;0;0;0;0;0
47352;542;2021;Portero;34;3054;34;6.667647;0;0;0;0;944;2;0;2;0;0;8;8;1;0;0;0;1;0;0;57;89;1
47353;542;2021;Portero;4;276;3;6.775;0;0;0;0;98;0;0;0;0;0;1;0;0;0;0;0;1;0;0;4;12;1
47354;542;2021;Defensa;24;1615;17;6.633333;0;1;3;0;572;14;0;34;3;25;182;101;22;0;19;14;4;0;0;0;0;0
47355;542;2021;Defensa;34;2629;31;6.791176;0;4;6;3;923;23;0;76;6;57;309;175;40;0;9;5;11;0;0;0;0;0
47357;542;2021;Defensa;34;3044;34;6.794117;3;2;13;5;1236;5;0;29;24;27;178;97;6;0;0;0;9;0;0;0;0;0
47360;542;2021;Defensa;18;1350;16;6.466666;0;0;7;3;429;4;0;28;5;22;131;67;25;0;12;5;4;1;0;0;0;0
47365;542;2021;Mediocentro;29;1443;16;6.520689;0;0;4;1;577;2;0;28;3;22;177;92;29;0;7;4;4;0;0;0;0;0
47371;542;2021;Delantero;10;273;2;6.55;0;0;5;2;70;4;0;2;0;0;28;10;3;0;6;4;2;0;0;0;0;0
182556;542;2021;Delantero;0;0;0;0.0;0;0;0;0;0;0;0;0;0;0;0;0;0;0;0;0;0;0;0;0;0;0
47388;542;2021;Mediocentro;17;1307;15;6.870588;5;0;13;9;395;7;0;30;2;21;176;94;23;0;9;7;7;0;0;0;0;0
8518;542;2021;Delantero;13;390;4;6.407692;0;0;1;0;63;3;0;2;0;1;49;22;6;0;7;3;1;0;0;0;0;0
182636;542;2021;Defensa;9;458;4;6.35;0;0;0;0;159;5;0;8;1;4;46;22;12;0;6;2;2;0;0;0;0;0
47473;542;2021;Mediocentro;14;683;10;6.6;0;1;8;2;153;17;0;11;0;7;98;38;13;0;18;5;1;0;0;0;0;0
384;542;2021;Mediocentro;32;2316;26;6.76875;2;0;27;8;830;9;0;49;11;37;356;197;22;0;42;26;10;0;0;0;0;0
47494;542;2021;Delantero;22;826;10;6.513636;1;1;15;4;152;5;0;7;0;1;150;54;20;0;25;13;2;0;0;0;0;0
18833;542;2021;Delantero;0;0;0;6.886666;0;2;10;5;315;30;0;3;1;0;65;18;9;0;12;5;0;0;0;0;0;0
47518;542;2021;Mediocentro;27;1374;17;6.528;1;0;13;4;360;12;0;26;1;6;150;64;17;0;8;4;2;0;0;0;0;0
70078;542;2021;Mediocentro;21;663;6;6.395238;0;0;3;2;135;6;0;9;2;6;111;48;20;0;26;11;0;0;0;0;0;0
18895;542;2021;Defensa;30;2700;30;6.766666;0;0;19;2;1162;5;0;33;19;31;199;112;5;0;6;3;8;0;0;0;0;0
18907;542;2021;Delantero;37;3125;35;7.224324;14;4;73;41;1052;35;0;16;4;7;627;372;57;0;51;18;0;0;6;0;0;0
125408;542;2021;Defensa;1;14;0;6.7;0;0;0;0;7;0;0;0;0;0;4;2;0;0;3;2;0;0;0;0;0;0
35575;542;2021;Delantero;32;1612;17;6.590322;1;1;21;8;373;18;0;25;0;4;244;104;31;0;26;14;6;0;0;0;0;0
215810;542;2021;Delantero;0;0;0;0.0;0;0;0;0;0;0;0;0;0;0;0;0;0;0;0;0;0;0;0;0;0;0
19607;542;2021;Defensa;11;831;9;6.827272;0;0;6;3;319;2;0;7;12;11;60;41;2;0;0;0;2;0;0;0;0;0
197800;542;2021;Delantero;1;11;0;6.2;0;0;0;0;1;0;0;0;0;1;2;1;1;0;0;0;0;0;0;0;0;0
163060;542;2021;Portero;0;0;0;0.0;0;0;0;0;0;0;0;0;0;0;0;0;0;0;0;0;0;0;0;0;0;0
182637;542;2021;Mediocentro;0;0;0;0.0;0;0;0;0;0;0;0;0;0;0;0;0;0;0;0;0;0;0;0;0;0;0
350364;542;2021;Portero;0;0;0;0.0;0;0;0;0;0;0;0;0;0;0;0;0;0;0;0;0;0;0;0;0;0;0
122471;542;2021;Portero;1;90;1;6.7;0;0;0;0;21;0;0;0;0;0;0;0;0;0;0;0;0;0;0;1;3;0
22146;542;2021;Mediocentro;24;1072;10;6.8;0;1;3;1;526;20;0;18;2;13;173;86;33;0;45;32;3;0;0;0;0;0
1700;542;2021;Mediocentro;6;165;2;6.2;0;0;0;0;61;0;0;1;0;1;19;5;1;0;2;0;0;0;0;0;0;0
311740;542;2021;Mediocentro;1;8;0;6.2;0;0;0;0;5;0;0;0;0;0;1;0;0;0;0;0;0;0;0;0;0;0
46782;542;2021;Delantero;11;364;2;6.61;1;1;3;2;99;4;0;8;0;0;56;17;3;0;10;1;0;0;0;0;0;0
46789;542;2021;Defensa;1;3;0;6.7;0;0;0;0;3;0;0;1;0;0;1;1;0;0;0;0;0;0;0;0;0;0
46813;542;2021;Defensa;0;0;0;0.0;0;0;0;0;0;0;0;0;0;0;0;0;0;0;0;0;0;0;0;0;0;0
161964;542;2021;Delantero;3;51;0;6.466666;0;0;0;0;19;1;0;1;0;0;8;4;1;0;1;1;2;0;0;0;0;0
46933;542;2021;Delantero;37;3127;36;6.662162;1;3;34;16;738;33;0;28;1;25;351;154;39;0;130;70;3;0;0;0;0;0
47119;543;2021;Defensa;19;855;9;6.473684;0;0;13;3;295;11;0;21;0;8;137;54;15;0;26;13;6;0;0;0;0;0
134;543;2021;Defensa;13;782;9;6.966666;0;2;5;2;388;7;0;21;4;15;97;50;13;0;9;4;3;0;0;0;0;0
47319;543;2021;Delantero;32;1608;19;6.843333;8;4;24;12;530;22;0;15;2;3;164;66;23;0;16;6;1;0;3;0;0;0
47320;543;2021;Delantero;33;2148;26;7.00303;16;4;47;30;480;19;0;39;1;9;261;115;15;0;43;29;5;0;0;0;0;0
47348;543;2021;Delantero;33;1573;18;6.81875;10;0;30;19;332;15;0;6;1;4;177;70;31;0;32;13;4;0;3;0;0;0
104804;543;2021;Portero;0;0;0;0.0;0;0;0;0;0;0;0;0;0;0;0;0;0;0;0;0;0;0;0;0;0;0
2469;543;2021;Defensa;23;1991;22;7.0;1;0;17;6;1023;0;0;21;18;39;157;88;6;0;3;3;5;1;0;0;0;0
2476;543;2021;Mediocentro;32;2532;29;7.051612;1;2;13;8;1451;15;40;97;12;31;329;198;50;0;27;18;8;0;0;0;0;0
47547;543;2021;Defensa;30;2408;28;6.923333;5;3;19;8;1047;21;0;76;6;34;310;161;38;0;61;23;4;1;0;0;0;0
18965;543;2021;Defensa;6;519;6;6.9;0;1;4;2;266;3;0;20;0;11;67;40;10;0;1;0;2;0;0;0;0;0
104986;543;2021;Defensa;1;90;1;7.7;1;0;2;1;60;0;50;2;1;0;12;9;0;0;1;1;0;0;0;0;0;0
18998;543;2021;Mediocentro;7;101;0;6.616666;0;0;1;0;50;0;0;2;1;2;11;7;3;0;1;0;0;0;0;0;0;0
614;543;2021;Portero;17;1457;17;6.7;0;0;0;0;451;1;0;0;0;0;9;7;1;0;0;0;2;0;0;19;39;0
668;543;2021;Delantero;34;2812;33;7.255882;6;8;55;32;1318;86;0;43;0;7;507;243;92;0;123;82;7;1;0;0;0;0
669;543;2021;Mediocentro;0;0;0;0.0;0;0;0;0;0;0;0;0;0;0;0;0;0;0;0;0;0;0;0;0;0;0
185477;543;2021;Mediocentro;21;880;10;6.685;1;2;13;7;403;17;0;10;0;3;88;41;15;0;26;16;0;0;0;0;0;0
1264;543;2021;Defensa;10;788;9;6.855555;0;1;4;1;409;7;0;12;4;13;71;37;9;0;13;6;1;0;0;0;0;0
185599;543;2021;Defensa;1;64;0;7.0;0;0;0;0;38;1;0;2;0;0;8;3;1;0;0;0;0;0;0;0;0;0
292140;543;2021;Mediocentro;0;0;0;0.0;0;0;0;0;0;0;0;0;0;0;0;0;0;0;0;0;0;0;0;0;0;0
146751;543;2021;Delantero;1;0;0;0.0;0;0;0;0;1;0;0;0;0;0;0;0;0;0;0;0;0;0;0;0;0;0
1439;543;2021;Defensa;23;1979;22;6.9;0;2;6;2;821;26;0;52;2;23;196;115;14;0;42;22;2;1;0;0;0;0
1558;543;2021;Portero;0;0;0;0.0;0;0;0;0;0;0;0;0;0;0;0;0;0;0;0;0;0;0;0;0;0;0
1561;543;2021;Defensa;23;1994;23;7.034782;1;0;14;3;1121;4;40;39;22;33;197;121;16;0;8;7;5;0;0;0;0;0
1562;543;2021;Defensa;0;0;0;0.0;0;0;0;0;0;0;0;0;0;0;0;0;0;0;0;0;0;0;0;0;0;0
1565;543;2021;Defensa;21;1457;14;6.890476;1;1;5;1;902;3;0;25;11;23;131;69;8;0;4;4;6;0;0;0;0;0
1568;543;2021;Mediocentro;8;518;6;6.8875;0;0;2;0;323;3;40;14;0;11;54;28;2;0;8;6;2;1;0;0;0;0
1570;543;2021;Mediocentro;34;2803;33;7.132352;5;7;40;25;1788;65;44;24;1;10;239;103;39;0;57;29;7;0;0;0;0;0
1573;543;2021;Mediocentro;28;1393;17;6.74074;0;1;10;3;927;10;0;30;4;21;148;66;18;0;10;6;4;0;0;0;0;0
1577;543;2021;Mediocentro;7;135;1;6.433333;0;0;1;1;54;3;0;1;0;1;27;8;1;0;9;6;0;0;0;0;0;0
1579;543;2021;Mediocentro;21;454;2;6.71;0;1;7;3;234;14;0;6;2;3;73;35;9;0;30;17;0;0;0;0;0;0
1580;543;2021;Mediocentro;33;1804;20;6.93125;2;3;21;10;1312;22;0;49;7;16;289;160;28;0;71;49;6;0;0;0;0;0
1582;543;2021;Mediocentro;4;132;1;6.675;0;0;2;0;35;1;0;5;0;1;20;11;3;0;5;2;0;0;0;0;0;0
1584;543;2021;Delantero;1;3;0;6.55;0;0;6;2;85;5;0;6;1;2;106;44;15;0;7;4;0;0;0;0;0;0
1586;543;2021;Delantero;23;805;5;6.617391;2;2;17;9;342;16;0;17;0;10;99;37;5;0;27;10;2;0;0;0;0;0
46672;543;2021;Portero;22;1963;21;6.936363;0;0;0;0;629;0;0;1;0;1;9;7;3;0;0;0;2;0;0;21;55;0
1693;543;2021;Defensa;18;1425;17;6.905882;0;0;5;1;890;6;43;11;13;29;106;60;2;0;2;1;2;0;0;0;0;0
188409;543;2021;Defensa;0;0;0;0.0;0;0;0;0;0;0;0;0;0;0;0;0;0;0;0;0;0;0;0;0;0;0
46;546;2021;Mediocentro;7;216;1;6.471428;0;0;0;0;106;3;0;3;0;1;40;21;9;0;9;5;0;0;0;0;0;0
122956;546;2021;Portero;1;5;0;6.2;0;0;0;0;6;0;0;0;0;0;0;0;0;0;0;0;0;0;0;0;0;1
131;546;2021;Defensa;32;2686;31;6.821875;1;0;14;7;1074;2;0;46;14;39;225;142;14;0;6;3;6;2;0;0;0;0
47247;546;2021;Portero;38;3415;38;6.897368;0;0;0;0;1079;0;0;1;0;0;20;18;3;0;0;0;4;0;0;41;93;1
143;546;2021;Mediocentro;33;2343;30;6.63125;1;2;31;14;820;20;0;27;2;15;253;94;37;0;35;17;6;1;0;0;0;0
47248;546;2021;Portero;0;0;0;0.0;0;0;0;0;0;0;0;0;0;0;0;0;0;0;0;0;0;0;0;0;0;1
47250;546;2021;Defensa;35;3117;35;6.808571;0;1;2;1;1320;10;0;44;5;59;248;150;36;0;18;18;11;1;0;0;0;0
47253;546;2021;Defensa;0;0;0;0.0;0;0;0;0;0;0;0;0;0;0;0;0;0;0;0;0;0;0;0;0;0;0
47254;546;2021;Defensa;32;2807;32;6.9625;1;3;19;7;1052;31;0;79;4;55;521;263;46;0;54;27;10;0;0;0;0;0
47257;546;2021;Defensa;35;2719;31;6.85;0;3;13;4;1041;47;0;74;5;31;310;147;33;0;42;15;13;0;0;0;0;0
47258;546;2021;Mediocentro;31;2667;31;7.019354;0;5;29;8;1143;45;0;62;5;32;345;169;48;0;50;32;13;0;0;0;0;0
47264;546;2021;Delantero;1;11;0;7.0;0;0;2;1;5;0;0;0;0;0;5;3;1;0;0;0;0;0;0;0;0;0
47324;546;2021;Delantero;29;1470;19;6.637037;3;0;34;14;342;13;0;7;3;2;189;79;45;0;44;13;7;0;0;0;0;0
51449;546;2021;Defensa;0;0;0;0.0;0;0;0;0;0;0;0;0;0;0;0;0;0;0;0;0;0;0;0;0;0;0
47380;546;2021;Defensa;1;22;0;6.9;0;0;0;0;19;1;0;0;0;0;2;2;1;0;1;1;0;0;0;0;0;0
184617;546;2021;Mediocentro;0;0;0;0.0;0;0;0;0;0;0;0;0;0;0;0;0;0;0;0;0;0;0;0;0;0;0
47407;546;2021;Defensa;5;244;3;6.42;0;0;0;0;64;2;0;3;1;2;15;10;3;0;1;0;1;0;0;0;0;0
47408;546;2021;Defensa;9;220;1;6.411111;0;0;1;1;72;2;0;10;0;3;38;17;5;0;1;1;4;0;0;0;0;0
47416;546;2021;Mediocentro;18;942;9;6.847058;0;1;19;8;381;11;0;16;1;11;98;46;11;0;19;10;3;0;0;0;0;0
47443;546;2021;Mediocentro;11;461;5;6.842857;0;0;1;0;80;0;0;4;1;2;20;14;2;0;2;2;1;0;0;0;0;0
47452;546;2021;Defensa;10;403;5;6.477777;0;1;1;0;169;2;0;2;2;4;29;14;4;0;0;0;3;0;0;0;0;0
47459;546;2021;Defensa;1;46;1;6.2;0;0;0;0;15;1;0;0;0;0;4;0;0;0;0;0;1;1;0;0;0;0
104835;546;2021;Delantero;15;370;3;6.56923;1;0;4;4;80;3;0;2;1;1;58;23;2;0;13;7;0;0;0;0;0;0
47499;546;2021;Delantero;37;2811;33;6.981081;16;1;62;28;633;29;0;37;5;5;622;275;71;0;48;25;8;0;2;0;0;0
293297;546;2021;Mediocentro;0;0;0;0.0;0;0;0;0;0;0;0;0;0;0;0;0;0;0;0;0;0;0;0;0;0;0
47540;546;2021;Mediocentro;0;0;0;0.0;0;0;0;0;0;0;0;0;0;0;0;0;0;0;0;0;0;0;0;0;0;0
575;546;2021;Mediocentro;22;983;9;6.757894;0;1;2;1;432;9;0;42;2;21;139;68;2;0;11;7;2;0;0;0;0;0
2671;546;2021;Delantero;22;657;4;6.542857;1;0;8;3;193;8;0;7;1;1;150;53;17;0;9;4;7;0;0;0;0;0
35503;546;2021;Delantero;7;200;2;6.633333;0;0;3;0;41;0;0;1;0;1;36;21;11;0;10;5;1;0;0;0;0;0
2819;546;2021;Defensa;32;2673;31;6.7;0;0;4;1;903;2;0;16;18;22;135;78;4;0;2;2;8;1;0;0;0;0
2824;546;2021;Mediocentro;35;2943;34;6.888571;1;1;22;5;834;19;0;56;13;71;228;126;13;0;16;10;4;0;0;0;0;0
299877;546;2021;Defensa;0;0;0;0.0;0;0;0;0;0;0;0;0;0;0;0;0;0;0;0;0;0;0;0;0;0;0
119742;546;2021;Defensa;20;711;7;6.54;0;1;4;0;194;8;0;19;2;10;102;51;17;0;9;5;1;0;0;0;0;0
47472;546;2021;Delantero;18;1046;11;6.894444;6;1;10;7;253;13;0;7;4;4;135;62;20;0;29;14;3;0;1;0;0;0
30453;546;2021;Mediocentro;14;583;6;6.542857;0;2;2;0;187;5;0;11;0;4;43;24;7;0;6;4;1;1;0;0;0;0
46982;546;2021;Mediocentro;10;291;2;6.71;0;1;2;2;137;1;0;5;1;1;50;29;13;0;8;8;0;0;0;0;0;0
47010;546;2021;Mediocentro;7;339;3;6.314285;0;0;6;0;173;1;0;1;2;1;37;11;2;0;2;1;2;0;0;0;0;0
286643;546;2021;Defensa;3;78;1;6.366666;0;1;1;0;27;1;0;0;0;0;12;6;1;0;4;3;0;0;0;0;0;0
129055;548;2021;Defensa;1;16;0;6.3;0;0;1;0;7;1;0;0;0;0;4;0;0;0;2;0;0;0;0;0;0;0
84086;548;2021;Mediocentro;6;199;3;6.816666;0;0;7;3;88;1;0;5;0;2;33;15;2;0;9;7;0;0;0;0;0;0
142;548;2021;Mediocentro;17;1059;13;6.923529;1;0;11;2;652;9;0;43;2;12;199;112;38;0;36;18;3;0;0;0;0;0
47269;548;2021;Portero;35;3150;35;6.951428;0;0;0;0;1131;0;0;0;0;1;7;7;3;0;0;0;1;0;0;32;80;0
161963;548;2021;Delantero;3;49;0;6.366666;0;0;0;0;17;0;0;3;0;0;16;6;0;0;7;2;0;0;0;0;0;0
47298;548;2021;Defensa;30;2100;22;6.931034;4;1;10;7;1136;1;0;21;13;29;156;103;22;0;7;6;3;1;0;0;0;0
47299;548;2021;Defensa;32;2295;25;6.7375;0;4;5;1;1138;22;0;47;3;18;213;105;18;0;34;18;4;0;0;0;0;0
47301;548;2021;Defensa;37;3330;37;7.059459;1;1;13;5;2153;5;51;49;22;48;294;179;22;0;3;1;7;0;0;0;0;0
47303;548;2021;Defensa;20;1343;15;6.578947;0;0;4;0;593;6;0;28;1;17;166;81;14;0;28;14;3;0;0;0;0;0
47307;548;2021;Defensa;24;1170;14;6.682608;0;0;5;3;459;4;0;31;4;13;129;71;20;0;8;3;6;0;0;0;0;0
47308;548;2021;Delantero;7;214;1;6.542857;0;0;4;2;79;4;0;7;0;2;32;14;2;0;7;3;0;0;0;0;0;0
47309;548;2021;Mediocentro;17;871;11;6.752941;0;0;2;0;607;6;0;18;6;12;90;41;5;0;4;3;2;0;0;0;0;0
47310;548;2021;Mediocentro;8;378;6;6.571428;0;0;0;0;286;4;0;9;1;4;55;25;1;0;7;3;1;0;0;0;0;0
47311;548;2021;Mediocentro;34;2896;33;7.032352;3;2;33;15;1728;31;0;71;10;21;532;275;67;0;47;28;8;0;0;0;0;0
47306;548;2021;Mediocentro;2;39;0;6.8;0;0;1;0;19;1;0;1;0;2;9;5;2;0;3;2;0;0;0;0;0;0
47314;548;2021;Defensa;26;1648;19;6.684;0;1;7;2;1033;2;0;20;6;27;137;68;4;0;6;3;7;0;0;0;0;0
47315;548;2021;Mediocentro;36;2583;26;6.985714;2;1;18;9;1452;15;0;52;13;49;251;153;21;0;24;17;4;0;0;0;0;0
47317;548;2021;Delantero;11;547;6;6.68;1;1;7;3;176;6;0;15;0;2;112;50;16;0;37;15;0;0;0;0;0;0
47318;548;2021;Delantero;1;44;0;7.0;0;0;1;0;7;0;0;3;0;1;10;7;2;0;1;1;0;0;0;0;0;0
47323;548;2021;Delantero;22;1673;19;7.045454;9;3;29;18;511;39;0;18;2;10;200;88;26;0;43;22;0;1;4;0;0;0
182546;548;2021;Defensa;10;376;4;6.72;0;0;0;0;226;0;0;6;4;6;33;19;1;0;0;0;1;0;0;0;0;0
8492;548;2021;Delantero;33;1760;20;6.651515;4;0;26;13;447;23;0;20;1;4;288;123;14;0;66;38;2;0;0;0;0;0
182602;548;2021;Delantero;13;276;2;6.677777;2;0;6;2;55;1;0;4;1;1;49;22;11;0;9;3;0;0;0;0;0;0
182603;548;2021;Mediocentro;0;0;0;0.0;0;0;0;0;0;0;0;0;0;0;0;0;0;0;0;0;0;0;0;0;0;0
104821;548;2021;Mediocentro;8;200;1;6.5625;1;0;2;1;78;1;0;5;1;3;37;14;3;0;9;5;0;0;0;0;0;0
182664;548;2021;Portero;0;0;0;0.0;0;0;0;0;0;0;0;0;0;0;0;0;0;0;0;0;0;0;0;0;0;0
47520;548;2021;Delantero;37;1587;17;6.613513;1;2;16;10;440;18;0;16;3;7;163;64;25;0;18;9;5;0;1;0;0;0
18867;548;2021;Defensa;21;1647;19;6.885714;0;0;7;1;858;15;0;41;4;30;172;96;17;0;29;12;4;0;0;0;0;0
634;548;2021;Mediocentro;25;1734;22;7.092;2;4;16;6;1016;40;0;28;3;7;187;97;25;0;44;29;4;1;0;0;0;0
203426;548;2021;Defensa;0;0;0;0.0;0;0;0;0;0;0;0;0;0;0;0;0;0;0;0;0;0;0;0;0;0;0
2741;548;2021;Portero;3;270;3;7.2;0;0;0;0;93;0;0;0;0;0;1;1;0;0;0;0;0;0;0;5;10;0
2864;548;2021;Delantero;32;2155;26;6.734375;6;2;54;35;417;20;0;7;2;3;262;109;30;0;88;44;6;0;2;0;0;0
2924;548;2021;Mediocentro;33;1625;17;6.80606;3;0;25;15;587;34;0;17;3;12;259;124;51;0;79;46;5;0;2;0;0;0
189832;548;2021;Portero;0;0;0;0.0;0;0;0;0;0;0;0;0;0;0;0;0;0;0;0;0;0;0;0;0;0;0
183699;548;2021;Mediocentro;0;0;0;0.0;0;0;0;0;0;0;0;0;0;0;0;0;0;0;0;0;0;0;0;0;0;0
183706;548;2021;Delantero;5;85;1;6.54;0;0;2;2;43;2;0;1;0;3;14;4;0;0;4;1;0;0;0;0;0;0
183744;548;2021;Mediocentro;8;201;1;6.55;0;0;5;2;90;4;0;0;0;2;27;11;3;0;11;7;1;0;0;0;0;0
183748;548;2021;Delantero;0;0;0;0.0;0;0;0;0;0;0;0;0;0;0;0;0;0;0;0;0;0;0;0;0;0;0
2051;715;2021;Mediocentro;25;1555;20;6.8;0;2;7;2;651;13;0;43;10;18;214;121;31;0;21;14;6;0;0;0;0;0
30;715;2021;Defensa;12;434;4;6.616666;1;0;3;1;152;5;0;12;4;5;61;29;5;0;7;3;1;0;0;0;0;0
14405;715;2021;Delantero;15;858;9;6.606666;1;1;11;2;188;7;0;7;1;10;84;34;12;0;22;9;4;0;0;0;0;0
47237;715;2021;Delantero;37;2857;34;6.851351;8;4;60;25;617;31;0;26;3;6;413;161;36;0;79;44;6;0;0;0;0;0
47251;715;2021;Defensa;2;180;2;6.85;0;0;0;0;43;1;0;0;1;1;11;4;3;0;0;0;0;0;0;0;0;0
47265;715;2021;Delantero;35;1957;19;6.942857;10;5;38;22;507;31;0;4;2;6;300;139;39;0;17;7;2;0;0;0;0;0
291147;715;2021;Defensa;0;0;0;0.0;0;0;0;0;0;0;0;0;0;0;0;0;0;0;0;0;0;0;0;0;0;0
47468;715;2021;Mediocentro;15;739;8;6.85;1;3;10;5;338;13;0;21;1;6;118;57;16;0;19;14;3;0;0;0;0;0
2418;715;2021;Defensa;8;560;6;6.875;0;0;2;1;223;0;0;6;5;5;38;17;4;0;0;0;2;0;0;0;0;0
2459;715;2021;Delantero;25;1379;16;6.884;4;2;26;17;353;19;0;23;0;15;199;99;30;0;60;34;2;0;0;0;0;0
104941;715;2021;Mediocentro;14;665;7;6.485714;0;0;6;1;332;3;0;15;3;4;96;42;11;0;10;6;3;1;0;0;0;0
51756;715;2021;Delantero;8;156;1;6.525;0;0;4;3;33;6;0;5;0;1;34;15;1;0;5;2;1;0;0;0;0;0
182857;715;2021;Defensa;1;77;1;6.3;0;0;0;0;22;0;0;0;1;1;3;1;0;0;0;0;0;0;0;0;0;0
146;715;2021;Mediocentro;17;1026;13;6.717647;2;1;12;8;314;17;0;27;2;6;157;63;16;0;38;14;1;0;0;0;0;0
46090;715;2021;Mediocentro;15;918;10;6.673333;0;1;5;2;330;3;0;24;4;9;107;58;14;0;16;10;5;0;0;0;0;0
290215;715;2021;Defensa;18;1282;15;6.588235;0;0;2;0;598;4;0;31;9;12;125;64;11;0;1;1;5;0;0;0;0;0
1470;715;2021;Portero;35;3137;35;6.914285;0;0;0;0;1024;0;0;3;0;1;21;14;3;0;2;2;2;0;0;55;127;0
181724;715;2021;Portero;0;0;0;0.0;0;0;0;0;0;0;0;0;0;0;0;0;0;0;0;0;0;0;0;0;0;0
46673;715;2021;Portero;4;283;3;6.65;0;0;0;0;115;0;0;0;0;0;2;1;1;0;0;0;1;1;0;6;10;0
46677;715;2021;Defensa;22;1504;18;6.604545;1;0;10;2;644;3;0;23;11;17;123;60;4;0;8;4;5;0;0;0;0;0
46679;715;2021;Defensa;32;2305;27;6.553125;0;1;15;2;671;18;0;73;10;36;271;129;13;0;33;17;11;0;0;0;0;0
46682;715;2021;Defensa;26;2114;24;6.734615;0;0;5;1;632;13;0;31;9;32;146;82;22;0;16;9;1;0;0;0;0;0
46683;715;2021;Defensa;32;2296;25;6.61875;2;1;8;4;1041;5;0;27;16;28;192;114;25;0;2;0;10;0;0;0;0;0
46687;715;2021;Mediocentro;24;1328;13;6.7;1;1;16;5;617;23;0;26;1;11;124;52;18;0;3;0;5;0;0;0;0;0
46689;715;2021;Mediocentro;33;2270;25;6.642424;6;1;24;15;614;18;0;34;3;11;348;143;30;0;56;31;4;0;0;0;0;0
1708;715;2021;Delantero;2;24;0;6.25;0;0;0;0;3;0;0;2;0;1;8;3;1;0;0;0;0;0;0;0;0;0
1706;715;2021;Delantero;17;506;4;6.7125;0;1;6;2;93;7;0;4;0;1;57;27;8;0;11;7;3;0;0;0;0;0
46795;715;2021;Defensa;21;1688;19;6.761904;1;0;4;1;731;3;0;18;20;22;127;74;15;0;3;2;7;1;0;0;0;0
46920;715;2021;Mediocentro;12;336;2;6.341666;0;0;1;0;127;1;0;6;3;4;57;19;5;0;3;1;3;0;0;0;0;0
290685;715;2021;Portero;0;0;0;0.0;0;0;0;0;0;0;0;0;0;0;0;0;0;0;0;0;0;0;0;0;0;0
182164;715;2021;Defensa;0;0;0;0.0;0;0;0;0;0;0;0;0;0;0;0;0;0;0;0;0;0;0;0;0;0;0
182166;715;2021;Mediocentro;8;282;3;6.5125;0;0;3;1;123;2;0;3;2;3;27;11;3;0;2;2;1;0;0;0;0;0
182167;715;2021;Delantero;1;0;0;0.0;0;0;0;0;1;0;0;0;0;0;0;0;0;0;0;0;0;0;0;0;0;0
286639;715;2021;Delantero;0;0;0;0.0;0;0;0;0;0;0;0;0;0;0;0;0;0;0;0;0;0;0;0;0;0;0
47063;715;2021;Mediocentro;16;575;7;6.6625;0;0;7;4;159;8;0;12;2;3;80;33;5;0;11;6;0;0;0;0;0;0
47085;715;2021;Mediocentro;34;2784;33;7.088235;3;3;15;6;1323;42;0;59;4;25;306;181;64;0;38;28;4;0;3;0;0;0
2040;715;2021;Defensa;27;1429;15;6.703703;2;1;14;4;560;13;0;46;3;26;199;102;20;0;12;3;6;0;0;0;0;0
47229;724;2021;Defensa;28;1810;23;6.788888;0;2;10;0;664;7;0;32;16;24;138;75;11;0;1;1;6;0;0;0;0;0
162058;724;2021;Defensa;25;1828;20;6.704;0;0;6;2;796;0;0;19;8;16;119;61;8;0;5;4;2;0;0;0;0;0
6492;724;2021;Portero;38;3420;38;6.994736;0;0;1;1;1034;2;0;3;0;1;27;23;5;0;2;2;4;0;0;51;120;4
53625;724;2021;Defensa;17;1439;16;6.723529;1;0;3;2;431;4;0;31;12;15;122;69;6;0;4;3;9;0;0;0;0;0
47485;724;2021;Mediocentro;14;1105;12;7.157142;2;0;17;6;641;14;0;41;2;13;201;109;35;0;17;11;7;0;0;0;0;0
18833;724;2021;Delantero;15;1061;11;6.886666;3;2;10;5;315;30;0;3;1;0;65;18;9;0;12;5;1;0;0;0;0;0
47525;724;2021;Delantero;31;1679;21;6.809677;7;2;40;20;255;10;0;8;2;2;318;124;38;0;58;35;8;0;0;0;0;0
47561;724;2021;Defensa;25;1847;21;6.832;0;0;8;1;645;7;0;43;7;51;202;117;25;0;21;12;4;0;0;0;0;0
125386;724;2021;Portero;0;0;0;0.0;0;0;0;0;0;0;0;0;0;0;0;0;0;0;0;0;0;0;0;0;0;1
2508;724;2021;Defensa;14;464;5;6.514285;1;0;5;1;136;1;0;14;0;4;77;33;4;0;10;3;2;0;0;0;0;0
182757;724;2021;Delantero;9;398;4;6.511111;0;0;2;0;75;2;0;4;1;4;37;20;9;0;5;3;0;0;0;0;0;0
18978;724;2021;Delantero;5;173;1;6.62;0;0;3;1;38;3;0;1;0;0;30;12;2;0;2;2;1;0;0;0;0;0
2723;724;2021;Delantero;12;909;11;6.883333;1;1;17;8;327;21;0;8;0;3;97;34;3;0;42;23;2;0;0;0;0;0
285356;724;2021;Delantero;1;30;0;6.3;0;0;0;0;4;0;0;0;0;0;8;0;0;0;0;0;0;0;0;0;0;0
50009;724;2021;Mediocentro;22;1314;17;6.813636;0;1;5;0;330;8;0;40;7;34;137;84;8;0;10;8;3;0;0;0;0;0
937;724;2021;Delantero;33;1855;19;6.648484;4;1;27;10;475;13;0;28;1;21;317;132;33;0;56;33;4;0;0;0;0;0
66761;724;2021;Delantero;10;251;2;6.49;0;0;2;0;46;0;0;1;0;1;53;22;7;0;5;2;0;0;0;0;0;0
11471;724;2021;Mediocentro;23;1425;16;6.752173;0;1;13;2;501;15;0;31;7;30;130;59;9;0;8;4;5;0;0;0;0;0
50502;724;2021;Delantero;34;2156;24;6.979411;7;2;58;29;523;22;0;5;5;2;332;174;34;0;34;21;3;0;2;0;0;0
310683;724;2021;Mediocentro;6;195;2;6.6;0;0;0;0;53;0;0;7;0;3;17;8;0;0;0;0;1;0;0;0;0;0
163245;724;2021;Mediocentro;6;111;1;6.533333;0;0;1;0;45;1;0;2;0;1;19;10;1;0;1;1;1;0;0;0;0;0
185810;724;2021;Defensa;2;88;1;6.35;0;0;0;0;25;0;0;2;0;0;6;3;1;0;1;0;0;0;0;0;0;0
353865;724;2021;Portero;0;0;0;0.0;0;0;0;0;0;0;0;0;0;0;0;0;0;0;0;0;0;0;0;0;0;0
46691;724;2021;Mediocentro;12;836;10;6.716666;0;0;0;0;347;3;0;16;0;8;80;37;10;0;2;0;3;0;0;0;0;0
46755;724;2021;Portero;0;0;0;0.0;0;0;0;0;0;0;0;0;0;0;0;0;0;0;0;0;0;0;0;0;0;4
46759;724;2021;Defensa;37;3330;37;6.832432;2;2;24;7;1273;36;0;107;10;54;432;220;43;0;47;24;6;0;0;0;0;0
46762;724;2021;Defensa;3;134;1;6.25;0;0;0;0;25;0;0;1;1;1;10;6;1;0;0;0;1;0;0;0;0;0
46769;724;2021;Mediocentro;32;2049;22;6.78125;3;2;13;8;964;21;0;47;7;28;221;97;23;0;22;9;2;0;1;0;0;0
46772;724;2021;Mediocentro;11;384;4;6.763636;0;0;4;2;187;1;0;14;1;7;44;26;7;0;1;1;2;0;0;0;0;0
46775;724;2021;Mediocentro;23;1401;17;6.604347;2;1;14;8;279;8;0;20;2;6;111;60;16;0;16;9;2;0;0;0;0;0
46818;724;2021;Defensa;16;1365;15;6.975;0;0;6;2;699;5;0;9;3;16;60;30;7;0;0;0;5;0;0;0;0;0
46824;724;2021;Mediocentro;20;1067;11;6.58;2;2;9;4;225;21;0;33;0;8;214;92;33;0;43;15;7;0;0;0;0;0
46890;724;2021;Delantero;9;227;1;6.522222;0;0;3;1;46;2;0;6;0;3;42;23;7;0;15;8;0;0;0;0;0;0
46998;724;2021;Defensa;14;945;10;6.45;0;0;5;0;292;2;0;9;6;12;69;32;7;0;1;1;8;0;0;0;0;0
47041;724;2021;Delantero;18;772;8;6.69375;0;1;9;4;311;12;0;19;1;9;142;70;20;0;53;29;2;0;0;0;0;0
47100;724;2021;Defensa;25;1545;17;6.664;0;1;8;4;560;9;0;43;6;32;188;94;25;0;24;11;2;0;0;0;0;0
288800;727;2021;Delantero;4;116;1;6.5;0;0;3;1;23;1;0;2;0;0;19;8;3;0;6;2;1;0;0;0;0;0
47361;727;2021;Mediocentro;35;2412;27;6.6;1;2;9;5;873;30;0;35;8;25;280;107;24;0;27;15;9;0;0;0;0;0
47384;727;2021;Defensa;23;1081;12;6.704545;1;1;6;3;606;8;0;20;1;10;106;55;5;0;29;20;2;1;0;0;0;0
47396;727;2021;Delantero;33;1858;18;6.684848;5;1;43;20;487;21;0;11;1;3;341;135;36;0;35;13;2;0;1;0;0;0
47510;727;2021;Defensa;3;245;3;6.633333;0;0;1;0;108;0;0;4;1;3;22;11;0;0;2;0;0;0;0;0;0;0
47579;727;2021;Delantero;36;1875;22;6.836111;6;1;50;16;463;19;0;17;2;13;272;125;40;0;32;18;8;0;1;0;0;0
751;727;2021;Mediocentro;1;2;0;0.0;0;0;0;0;4;0;0;1;0;0;3;1;0;0;0;0;0;0;0;0;0;0
64309;727;2021;Defensa;33;2259;25;6.712121;1;3;4;1;859;19;0;72;3;18;270;121;16;0;45;24;5;0;0;0;0;0
289788;727;2021;Portero;0;0;0;0.0;0;0;0;0;0;0;0;0;0;0;0;0;0;0;0;0;0;0;0;0;0;0
183777;727;2021;Defensa;1;90;1;6.7;0;0;1;0;49;0;0;0;0;4;5;2;0;0;0;0;0;0;0;0;0;0
46646;727;2021;Portero;36;3240;36;6.925;0;0;0;0;1080;1;0;3;0;1;23;20;9;0;3;3;3;0;0;44;102;3
46649;727;2021;Portero;2;180;2;6.0;0;0;0;0;35;0;0;0;0;0;1;0;0;0;0;0;0;0;0;3;2;3
46652;727;2021;Defensa;18;1406;15;6.9;0;0;5;0;531;3;0;21;11;22;113;65;7;0;4;3;5;0;0;0;0;0
46653;727;2021;Defensa;35;3106;35;6.98;4;0;26;4;1461;9;0;28;21;52;293;186;21;0;4;3;8;0;0;0;0;0
46654;727;2021;Defensa;15;1157;12;6.606666;0;0;2;0;537;2;0;12;9;20;78;40;4;0;3;2;1;0;0;0;0;0
46656;727;2021;Defensa;25;748;8;6.433333;1;0;8;1;309;2;0;10;3;1;95;39;6;0;3;2;3;0;0;0;0;0
46657;727;2021;Defensa;35;2906;33;6.842857;0;1;12;1;1088;22;0;83;14;58;361;208;33;0;48;23;9;0;0;0;0;0
46658;727;2021;Mediocentro;37;2398;30;6.954054;1;6;24;12;1035;59;0;43;4;24;278;123;28;0;47;24;1;0;0;0;0;0
46659;727;2021;Mediocentro;4;91;1;6.65;0;0;2;0;36;2;0;3;0;1;16;10;5;0;2;2;0;0;0;0;0;0
46660;727;2021;Mediocentro;26;869;9;6.565384;1;1;8;2;361;11;0;21;0;9;114;50;9;0;16;11;1;0;0;0;0;0
46662;727;2021;Mediocentro;36;2923;33;6.897222;2;3;33;12;1289;32;0;40;9;20;174;86;15;0;19;13;3;0;0;0;0;0
46665;727;2021;Mediocentro;10;334;4;6.711111;1;0;2;1;119;8;0;3;0;0;27;8;3;0;3;0;0;0;0;0;0;0
46666;727;2021;Mediocentro;28;798;6;6.753846;2;2;11;6;346;24;0;7;0;8;72;27;11;0;12;5;3;0;2;0;0;0
46667;727;2021;Delantero;21;861;9;6.731578;2;0;11;6;305;5;0;15;1;9;172;81;23;0;57;34;2;0;0;0;0;0
46669;727;2021;Delantero;6;15;0;6.375;0;0;0;0;11;0;0;0;0;0;9;3;1;0;0;0;0;0;0;0;0;0
46700;727;2021;Portero;0;0;0;0.0;0;0;0;0;0;0;0;0;0;0;0;0;0;0;0;0;0;0;0;0;0;0
182695;727;2021;Delantero;0;0;0;0.0;0;0;0;0;0;0;0;0;0;0;0;0;0;0;0;0;0;0;0;0;0;0
46746;727;2021;Delantero;28;1741;20;6.785714;8;2;40;22;343;10;0;24;4;3;368;173;32;0;31;11;3;0;2;0;0;0
46832;727;2021;Mediocentro;3;36;0;6.133333;0;0;2;1;29;0;0;0;0;1;7;3;1;0;1;1;0;0;0;0;0;0
1825;727;2021;Mediocentro;33;2734;32;6.933333;1;0;23;9;1272;9;0;71;11;47;438;272;48;0;25;22;10;0;0;0;0;0
46967;727;2021;Defensa;23;1935;22;6.660869;0;0;2;0;879;3;0;28;12;16;133;66;5;0;13;10;4;0;0;0;0;0
182181;727;2021;Defensa;3;188;2;6.066666;0;0;0;0;38;1;0;3;0;0;25;10;4;0;0;0;1;0;0;0;0;0
47109;728;2021;Mediocentro;35;2579;29;6.9;0;0;8;2;1314;15;0;102;10;39;381;208;55;0;20;16;8;0;0;0;0;0
20520;728;2021;Defensa;35;3148;35;6.76;1;2;9;3;1254;44;0;45;5;39;284;147;57;0;54;22;10;1;0;0;0;0
47209;728;2021;Delantero;7;181;1;6.228571;0;0;3;1;33;0;0;0;0;0;17;5;2;0;3;1;0;0;0;0;0;0
119;728;2021;Delantero;22;831;8;6.757142;6;0;28;15;167;5;0;2;1;2;121;50;18;0;10;3;1;0;0;0;0;0
47285;728;2021;Mediocentro;27;1154;13;6.651851;0;0;15;7;770;24;0;19;0;10;158;58;17;0;27;14;5;0;0;0;0;0
47304;728;2021;Defensa;13;432;5;6.5;0;0;2;0;170;3;0;15;1;7;57;34;7;0;4;2;0;0;0;0;0;0
47322;728;2021;Mediocentro;4;176;3;6.7;0;0;2;0;57;7;0;2;0;0;30;10;2;0;10;3;0;0;0;0;0;0
184605;728;2021;Mediocentro;1;8;0;6.2;0;0;0;0;2;0;0;0;0;0;0;0;0;0;0;0;0;0;0;0;0;0
184609;728;2021;Defensa;0;0;0;0.0;0;0;0;0;0;0;0;0;0;0;0;0;0;0;0;0;0;0;0;0;0;0
201007;728;2021;Portero;0;0;0;0.0;0;0;0;0;0;0;0;0;0;0;0;0;0;0;0;0;0;0;0;0;0;0
8518;728;2021;Delantero;12;245;1;6.407692;0;0;1;0;63;3;0;2;0;1;49;22;6;0;7;3;2;0;0;0;0;0
162135;728;2021;Defensa;0;0;0;0.0;0;0;0;0;0;0;0;0;0;0;0;0;0;0;0;0;0;0;0;0;0;0
47495;728;2021;Delantero;32;1715;20;6.715625;8;2;36;18;384;15;0;10;2;4;207;75;29;0;20;13;3;0;1;0;0;0
47527;728;2021;Portero;31;2771;30;6.938709;0;0;0;0;790;0;0;0;0;1;19;17;6;0;0;0;0;0;0;36;91;2
47529;728;2021;Portero;0;0;0;0.0;0;0;0;0;0;0;0;0;0;0;0;0;0;0;0;0;0;0;0;0;0;0
47533;728;2021;Defensa;36;3240;36;6.955555;2;2;19;6;1712;7;0;39;19;30;263;175;14;0;5;5;8;0;0;0;0;0
2480;728;2021;Portero;0;0;0;0.0;0;0;0;0;0;0;0;0;0;0;0;0;0;0;0;0;0;0;0;0;0;0
47541;728;2021;Mediocentro;35;2697;32;6.885714;1;2;25;5;1464;27;0;87;6;33;484;247;56;0;64;48;11;0;0;0;0;0
47543;728;2021;Mediocentro;36;3006;34;6.997222;7;4;56;24;825;43;0;42;3;42;206;94;25;0;50;22;6;0;0;0;0;0
47548;728;2021;Mediocentro;0;0;0;0.0;0;0;0;0;0;0;0;0;0;0;0;0;0;0;0;0;0;0;0;0;0;0
47549;728;2021;Mediocentro;5;68;0;6.6;0;0;2;0;49;3;0;2;0;0;13;4;2;0;2;0;0;0;0;0;0;0
47550;728;2021;Defensa;14;708;8;6.50909;0;0;6;3;330;1;0;9;4;7;85;47;5;0;6;4;2;0;0;0;0;0
47557;728;2021;Mediocentro;32;2022;24;6.99375;3;9;15;9;916;60;0;42;1;13;446;217;68;0;127;82;13;0;3;0;0;0
47553;728;2021;Delantero;29;850;6;6.703448;1;2;31;8;240;15;0;6;0;3;134;59;16;0;48;29;2;0;0;0;0;0
47556;728;2021;Delantero;0;0;0;0.0;0;0;0;0;0;0;0;0;0;0;0;0;0;0;0;0;0;0;0;0;0;0
41412;728;2021;Defensa;16;1041;11;6.69375;0;0;1;0;455;3;0;13;13;15;90;47;4;0;1;1;4;0;0;0;0;0
131546;728;2021;Mediocentro;34;2300;27;6.741176;2;4;38;13;813;34;0;42;3;13;438;193;69;0;81;36;7;0;0;0;0;0
41552;728;2021;Mediocentro;31;1086;11;6.766666;2;1;13;5;520;4;0;31;6;30;151;84;9;0;15;10;5;0;0;0;0;0
107207;728;2021;Defensa;9;393;5;6.5;1;0;3;1;149;3;0;10;0;4;38;18;4;0;6;2;3;0;0;0;0;0
732;728;2021;Portero;8;646;8;6.0875;0;0;0;0;189;0;0;0;0;0;6;4;1;0;2;2;0;1;0;13;24;2
736;728;2021;Defensa;34;3027;34;6.77647;1;0;13;8;1221;29;0;60;8;45;255;122;15;0;45;22;4;0;0;0;0;0
290495;728;2021;Mediocentro;2;11;0;6.7;0;0;1;1;7;1;0;0;0;0;1;1;0;0;0;0;0;0;0;0;0;0
122657;728;2021;Mediocentro;34;1459;16;6.581818;3;0;27;8;395;14;0;24;1;8;289;125;24;0;30;16;3;0;0;0;0;0
46914;728;2021;Defensa;21;1708;21;6.685714;0;0;8;3;599;1;0;18;12;16;144;76;2;0;1;0;4;0;0;0;0;0
46985;728;2021;Delantero;1;3;0;6.2;0;0;0;0;2;0;0;0;0;0;2;1;0;0;0;0;0;0;0;0;0;0
122888;797;2021;Portero;0;0;0;0.0;0;0;0;0;0;0;0;0;0;0;0;0;0;0;0;0;0;0;0;0;0;0
184345;797;2021;Mediocentro;0;0;0;0.0;0;0;0;0;0;0;0;0;0;0;0;0;0;0;0;0;0;0;0;0;0;0
47182;797;2021;Delantero;32;1633;18;6.621875;3;3;21;8;496;16;0;21;1;12;216;95;22;0;63;30;4;0;0;0;0;0
47222;797;2021;Defensa;6;181;1;6.333333;0;0;0;0;46;1;0;3;1;0;20;10;4;0;0;0;0;0;0;0;0;0
47340;797;2021;Mediocentro;10;307;3;6.644444;0;0;3;2;97;4;0;9;1;2;52;26;8;0;5;2;0;0;0;0;0;0
47378;797;2021;Defensa;19;1556;19;6.905263;1;0;9;3;925;5;42;24;16;18;114;72;11;0;6;2;6;0;0;0;0;0
47398;797;2021;Mediocentro;32;1637;17;6.6875;8;3;23;14;489;12;0;20;1;5;260;117;50;0;33;16;5;0;0;0;0;0
47414;797;2021;Mediocentro;31;1889;20;6.777419;0;4;12;3;962;29;0;46;4;23;202;90;22;0;13;7;8;1;0;0;0;0
47421;797;2021;Delantero;29;1157;11;6.682142;2;0;21;10;295;6;0;7;2;1;242;120;25;0;14;8;3;0;0;0;0;0
47433;797;2021;Defensa;5;293;3;7.0;1;0;2;1;160;6;0;5;1;4;20;12;4;0;2;2;1;0;0;0;0;0
18833;797;2021;Delantero;18;1279;16;6.886666;2;2;10;5;315;30;0;3;1;0;65;18;9;0;12;5;0;0;0;0;0;0
414;797;2021;Mediocentro;32;2504;30;6.778125;0;0;7;1;1227;7;0;46;14;48;248;122;22;0;16;12;6;0;0;0;0;0
2474;797;2021;Mediocentro;20;806;10;6.655;0;0;1;0;430;0;0;24;3;12;76;44;4;0;12;10;5;0;0;0;0;0
2478;797;2021;Delantero;14;585;6;6.714285;2;1;16;7;104;4;0;5;0;1;63;31;6;0;18;10;1;0;0;0;0;0
2486;797;2021;Defensa;26;1932;22;6.853846;0;0;1;0;727;7;0;69;8;18;236;151;30;0;35;27;6;0;0;0;0;0
608;797;2021;Delantero;24;1724;22;6.908333;7;3;35;16;414;22;0;27;1;2;370;155;40;0;88;57;3;0;0;0;0;0
612;797;2021;Delantero;13;662;5;6.346153;1;0;9;5;157;7;0;5;0;1;123;47;11;0;25;14;1;1;0;0;0;0
129656;797;2021;Mediocentro;0;0;0;0.0;0;0;0;0;0;0;0;0;0;0;0;0;0;0;0;0;0;0;0;0;0;0
107153;797;2021;Mediocentro;12;518;5;6.808333;2;0;8;5;235;6;0;8;1;3;91;37;6;0;14;9;1;0;0;0;0;0
19112;797;2021;Portero;14;1260;14;6.871428;0;0;0;0;407;1;0;0;0;1;6;5;1;0;0;0;3;0;0;17;43;1
64268;797;2021;Defensa;33;2857;32;6.848484;2;5;12;3;1383;29;0;46;3;25;278;155;50;0;72;31;4;1;0;0;0;0
781;797;2021;Mediocentro;13;524;6;6.676923;0;0;5;2;270;11;0;7;1;4;62;24;5;0;14;8;2;1;0;0;0;0
295879;797;2021;Mediocentro;0;0;0;0.0;0;0;0;0;0;0;0;0;0;0;0;0;0;0;0;0;0;0;0;0;0;0
162928;797;2021;Defensa;0;0;0;0.0;0;0;0;0;0;0;0;0;0;0;0;0;0;0;0;0;0;0;0;0;0;0
163208;797;2021;Defensa;0;0;0;0.0;0;0;0;0;0;0;0;0;0;0;0;0;0;0;0;0;0;0;0;0;0;0
189866;797;2021;Defensa;2;180;2;7.35;0;0;1;1;84;2;0;7;3;3;19;10;0;0;1;1;0;0;0;0;0;0
1560;797;2021;Defensa;16;1023;12;6.6125;0;0;1;0;428;2;0;21;3;17;72;46;17;0;1;0;5;0;0;0;0;0
311745;797;2021;Delantero;0;0;0;0.0;0;0;0;0;0;0;0;0;0;0;0;0;0;0;0;0;0;0;0;0;0;0
46812;797;2021;Portero;0;0;0;0.0;0;0;0;0;0;0;0;0;0;0;0;0;0;0;0;0;0;0;0;0;0;1
46817;797;2021;Defensa;28;1788;19;6.656;0;0;2;1;718;2;0;25;13;19;115;56;3;0;1;1;3;1;0;0;0;0
208670;797;2021;Delantero;0;0;0;0.0;0;0;0;0;0;0;0;0;0;0;0;0;0;0;0;0;0;0;0;0;0;0
46961;797;2021;Portero;24;2160;24;6.916666;0;0;0;0;722;0;0;0;0;0;12;9;1;0;0;0;2;0;0;35;79;1
46965;797;2021;Defensa;19;1399;16;6.8;0;0;3;0;707;0;0;19;14;13;112;60;14;0;0;0;11;0;0;0;0;0
46973;797;2021;Mediocentro;31;1195;10;6.713333;2;3;8;5;380;18;0;36;4;10;179;96;30;0;46;27;2;0;0;0;0;0
364416;797;2021;Portero;0;0;0;0.0;0;0;0;0;0;0;0;0;0;0;0;0;0;0;0;0;0;0;0;0;0;0
47002;797;2021;Delantero;33;2281;29;6.790909;5;6;13;8;974;40;0;44;1;7;279;123;29;0;75;44;9;0;1;0;0;0
1983;797;2021;Defensa;30;2555;29;6.78;1;0;8;3;1152;3;0;36;27;28;188;109;7;0;10;5;10;0;0;0;0;0
47057;797;2021;Mediocentro;31;1624;17;6.644827;0;0;15;5;777;12;0;25;3;25;156;79;34;0;21;11;3;0;0;0;0;0
58;798;2021;Delantero;0;0;0;0.0;0;0;0;0;0;0;0;0;0;0;0;0;0;0;0;0;0;0;0;0;0;0
32862;798;2021;Delantero;28;1609;17;6.860714;1;0;35;8;443;32;0;31;3;8;226;129;47;0;64;40;4;0;0;0;0;0
122;798;2021;Delantero;11;433;5;6.372727;0;0;4;0;76;3;0;8;1;3;68;34;9;0;15;7;2;0;0;0;0;0
47266;798;2021;Delantero;29;1551;19;6.637931;4;2;25;11;251;13;0;15;1;3;181;70;23;0;23;13;4;0;0;0;0;0
188617;798;2021;Delantero;0;0;0;0.0;0;0;0;0;0;0;0;0;0;0;0;0;0;0;0;0;0;0;0;0;0;0
203014;798;2021;Delantero;5;129;1;6.375;0;1;1;0;34;3;0;1;0;0;28;4;1;0;3;0;0;0;0;0;0;0
104793;798;2021;Delantero;19;883;9;6.48421;0;1;8;4;191;6;0;21;0;7;143;59;18;0;31;15;5;0;0;0;0;0
2610;798;2021;Defensa;9;362;3;6.6875;1;0;3;1;153;6;0;9;2;4;41;21;3;0;4;3;1;0;0;0;0;0
19014;798;2021;Portero;14;1260;14;6.371428;0;0;0;0;310;1;0;0;0;0;3;2;0;0;0;0;0;0;0;29;30;0
107194;798;2021;Mediocentro;29;1622;19;6.637931;1;0;12;4;651;9;0;53;2;32;224;109;27;0;34;18;3;0;0;0;0;0
293604;798;2021;Delantero;5;129;1;6.5;0;0;2;2;58;3;0;2;0;0;12;7;0;0;6;4;0;0;0;0;0;0
2208;798;2021;Mediocentro;5;55;0;6.625;1;0;1;1;39;1;0;0;1;0;7;1;0;0;1;0;1;0;0;0;0;0
50048;798;2021;Delantero;16;1439;16;7.2375;5;3;37;18;450;14;0;6;0;6;301;147;16;0;22;9;6;0;2;0;0;0
927;798;2021;Mediocentro;30;1408;15;6.651724;1;2;26;15;501;22;0;13;1;5;243;103;36;0;61;38;2;0;0;0;0;0
179139;798;2021;Portero;2;180;2;6.8;0;0;0;0;60;0;0;0;0;0;1;1;0;0;1;1;0;0;0;5;10;1
208055;798;2021;Defensa;0;0;0;0.0;0;0;0;0;0;0;0;0;0;0;0;0;0;0;0;0;0;0;0;0;0;0
185715;798;2021;Defensa;1;59;1;5.2;0;0;0;0;28;0;0;0;0;1;0;0;0;0;0;0;0;0;0;0;0;0
349561;798;2021;Portero;0;0;0;0.0;0;0;0;0;0;0;0;0;0;0;0;0;0;0;0;0;0;0;0;0;0;1
1484;798;2021;Mediocentro;26;1172;12;6.591666;0;0;3;1;510;3;0;32;10;10;173;92;18;0;15;10;4;0;0;0;0;0
288220;798;2021;Defensa;0;0;0;0.0;0;0;0;0;0;0;0;0;0;0;0;0;0;0;0;0;0;0;0;0;0;0
40419;798;2021;Defensa;10;398;3;6.45;0;0;0;0;175;2;0;5;4;5;35;19;6;0;0;0;4;0;0;0;0;0
185890;798;2021;Mediocentro;0;0;0;0.0;0;0;0;0;0;0;0;0;0;0;0;0;0;0;0;0;0;0;0;0;0;0
46711;798;2021;Mediocentro;4;115;1;6.45;0;0;0;0;53;1;0;4;0;0;20;11;5;0;3;1;1;0;0;0;0;0
46729;798;2021;Portero;21;1890;21;6.804761;0;0;0;0;574;0;0;0;0;1;11;10;5;0;0;0;5;1;0;26;52;2
46733;798;2021;Defensa;17;1530;17;6.870588;2;0;6;4;620;0;0;16;14;18;107;57;14;0;1;0;8;0;0;0;0;0
46736;798;2021;Defensa;19;1465;17;6.6;1;0;5;2;640;1;0;19;9;27;144;64;11;0;6;5;5;0;0;0;0;0
46737;798;2021;Defensa;7;254;2;6.333333;0;0;1;0;79;0;0;6;0;2;29;19;6;0;5;3;1;0;0;0;0;0
46738;798;2021;Defensa;36;3183;36;6.755555;0;0;3;1;1363;6;0;31;26;31;176;102;8;0;6;4;4;0;0;0;0;0
46739;798;2021;Mediocentro;26;1944;23;6.796153;1;1;17;8;771;10;0;57;5;24;281;158;38;0;31;22;9;0;0;0;0;0
46742;798;2021;Mediocentro;36;2841;33;6.775;3;3;24;10;886;43;0;53;3;20;493;221;69;0;100;60;7;0;0;0;0;0
46743;798;2021;Mediocentro;28;1510;17;6.992857;5;3;18;8;947;27;0;18;6;14;72;34;9;0;7;5;2;0;4;0;0;0
1687;798;2021;Defensa;25;1830;21;6.848;0;4;6;2;732;20;0;35;7;23;165;95;26;0;14;9;5;1;0;0;0;0
46749;798;2021;Mediocentro;6;173;1;6.35;0;0;5;1;40;0;0;3;0;2;45;17;7;0;8;3;0;0;0;0;0;0
46751;798;2021;Delantero;23;631;6;6.695454;3;0;14;6;154;10;0;2;0;1;121;55;15;0;11;7;4;0;0;0;0;0
46764;798;2021;Defensa;28;2189;24;6.739285;1;0;16;8;757;19;0;33;7;28;155;68;7;0;10;7;7;0;0;0;0;0
26302;798;2021;Defensa;35;2952;35;6.817142;1;3;22;7;917;29;0;84;13;46;455;251;59;0;79;49;10;0;0;0;0;0
237252;798;2021;Portero;0;0;0;0.0;0;0;0;0;0;0;0;0;0;0;0;0;0;0;0;0;0;0;0;0;0;0
61142;798;2021;Portero;1;90;1;6.3;0;0;0;0;25;0;0;0;0;0;0;0;0;0;0;0;0;0;0;3;3;1
350073;798;2021;Defensa;0;0;0;0.0;0;0;0;0;0;0;0;0;0;0;0;0;0;0;0;0;0;0;0;0;0;0
47007;798;2021;Mediocentro;22;1388;17;6.904545;0;0;6;3;741;11;0;40;2;20;193;117;33;0;35;26;4;0;0;0;0;0
184277;798;2021;Delantero;23;877;9;6.690476;2;0;20;13;212;9;0;10;2;3;182;84;19;0;16;9;2;0;0;0;0;0
329728;529;2022;Mediocentro;0;0;0;0.0;0;0;0;0;0;0;0;0;0;0;0;0;0;0;0;0;0;0;0;0;0;0
126;529;2022;Portero;38;72;19;6.3;0;0;0;0;22;0;0;0;0;0;0;0;0;0;0;0;0;0;0;2;2;0
128;529;2022;Defensa;24;1418;14;7.17826;2;3;8;4;1227;39;44;25;5;11;94;41;4;0;8;4;5;0;0;0;0;0
136;529;2022;Defensa;6;382;4;7.15;0;0;3;0;383;1;58;5;1;2;42;28;2;0;1;1;3;1;0;0;0;0
161928;529;2022;Defensa;37;2479;33;6.936363;1;6;13;4;1409;22;0;42;3;13;260;140;29;0;86;50;4;0;0;0;0;0
137;529;2022;Mediocentro;23;1312;15;6.908695;4;1;14;6;833;10;0;22;7;11;94;46;12;0;9;5;3;0;0;0;0;0
161933;529;2022;Mediocentro;26;1409;22;6.71923;1;1;9;3;772;12;0;27;7;19;180;95;13;0;34;28;1;0;0;0;0;0
144;529;2022;Mediocentro;30;2347;28;7.23;0;4;5;2;1934;25;57;59;6;27;289;163;40;0;14;11;7;0;0;0;0;0
146;529;2022;Mediocentro;0;0;0;6.892857;0;1;11;6;314;20;0;26;1;2;101;55;10;0;30;15;0;0;0;0;0;0
153;529;2022;Delantero;25;1415;16;7.16;5;7;36;17;734;42;0;19;1;0;200;94;19;0;102;52;4;0;0;0;0;0
2282;529;2022;Defensa;27;1770;25;7.008695;1;1;9;5;1496;7;61;20;12;20;115;69;7;0;2;0;2;0;0;0;0;0
2278;529;2022;Defensa;24;1162;11;6.925;1;0;5;2;964;6;0;15;10;11;75;51;8;0;2;2;3;0;0;0;0;0
278898;529;2022;Defensa;1;1;0;0.0;0;0;0;0;1;0;0;0;0;0;0;0;0;0;0;0;0;0;0;0;0;0
348539;529;2022;Mediocentro;0;0;0;0.0;0;0;0;0;0;0;0;0;0;0;0;0;0;0;0;0;0;0;0;0;0;0
182718;529;2022;Portero;36;90;20;5.9;0;0;0;0;26;0;0;0;0;0;0;0;0;0;0;0;0;0;0;3;1;0
133609;529;2022;Mediocentro;26;1981;25;7.26923;6;1;18;9;1404;43;47;39;0;13;216;119;43;0;57;34;2;0;0;0;0;0
521;529;2022;Delantero;34;2851;34;7.347058;23;7;112;58;763;38;0;17;0;2;307;145;46;0;57;30;4;1;0;0;0;0
538;529;2022;Mediocentro;34;2537;30;7.227272;2;4;16;11;2255;46;62;46;1;35;262;147;34;0;56;35;3;0;0;0;0;0
135775;529;2022;Delantero;37;1389;25;6.764705;7;3;45;18;592;17;0;16;0;5;152;59;13;0;44;23;3;0;0;0;0;0
619;529;2022;Defensa;24;1413;15;6.913043;1;0;4;1;1239;1;49;24;10;19;103;57;8;0;4;2;3;0;0;0;0;0
667;529;2022;Delantero;2;116;2;6.8375;1;0;10;5;83;5;0;1;0;0;35;12;6;0;10;4;0;0;0;0;0;0
162473;529;2022;Portero;0;0;0;0.0;0;0;0;0;0;0;0;0;0;0;0;0;0;0;0;0;1;0;0;0;0;0
336555;529;2022;Delantero;0;0;0;0.0;0;0;0;0;0;0;0;0;0;0;0;0;0;0;0;0;0;0;0;0;0;0
336557;529;2022;Mediocentro;1;6;0;6.7;0;0;0;0;2;0;0;2;0;0;3;2;0;0;1;0;0;0;0;0;0;0
2737;529;2022;Delantero;31;2470;30;6.729032;10;2;41;26;425;12;0;12;0;5;252;119;42;0;43;17;5;1;0;0;0;0
336653;529;2022;Portero;0;0;0;0.0;0;0;0;0;0;0;0;0;0;0;0;0;0;0;0;0;0;0;0;0;0;0
872;529;2022;Mediocentro;0;0;0;0.0;0;0;0;0;0;0;0;0;0;0;0;0;0;0;0;0;0;0;0;0;0;0
162712;529;2022;Defensa;0;0;0;6.7;0;0;4;0;749;11;0;37;4;12;118;67;8;0;21;14;0;0;0;0;0;0
931;529;2022;Delantero;36;1402;24;6.778787;4;2;29;12;505;26;0;13;2;3;169;79;25;0;57;30;5;1;0;0;0;0
392270;529;2022;Delantero;0;0;0;0.0;0;0;0;0;0;0;0;0;0;0;0;0;0;0;0;0;0;0;0;0;0;0
181421;529;2022;Delantero;0;0;0;6.707142;0;2;27;16;451;12;0;30;0;4;256;126;34;0;99;58;0;0;0;0;0;0
371912;529;2022;Delantero;0;0;0;0.0;0;0;0;0;0;0;0;0;0;0;0;0;0;0;0;0;0;0;0;0;0;0
285909;529;2022;Mediocentro;8;138;1;6.585714;0;0;1;0;88;4;0;2;0;2;22;9;3;0;5;3;0;0;0;0;0;0
1257;529;2022;Defensa;31;2428;30;7.113793;1;3;11;2;1854;16;56;37;9;19;188;107;12;0;24;15;2;0;0;0;0;0
396630;529;2022;Mediocentro;0;0;0;0.0;0;0;0;0;0;0;0;0;0;0;0;0;0;0;0;0;0;0;0;0;0;0
1439;529;2022;Defensa;3;141;1;7.1;0;0;0;0;80;1;0;2;0;3;12;8;0;0;4;3;0;0;0;0;0;0
101814;529;2022;Defensa;22;1802;21;7.063636;0;2;15;1;1253;6;50;26;7;12;152;98;17;0;12;9;6;1;0;0;0;0
1465;529;2022;Delantero;1;8;0;6.7;0;0;1;1;3;0;0;0;0;0;0;0;0;0;0;0;0;0;0;0;0;0
1496;529;2022;Delantero;37;2083;31;7.275;7;7;58;25;1043;58;0;29;1;13;251;125;37;0;97;45;8;0;0;0;0;0
1642;529;2022;Mediocentro;28;976;7;6.611538;1;1;9;3;446;8;0;15;2;12;97;47;16;0;15;9;4;0;0;0;0;0
296667;529;2022;Mediocentro;36;2541;34;6.855555;2;4;16;8;1156;38;0;47;5;18;383;186;72;0;53;27;10;0;0;0;0;0
386828;529;2022;Delantero;4;11;1;6.2;0;0;1;1;8;0;0;0;0;0;3;0;0;0;2;0;0;0;0;0;0;0
294797;529;2022;Delantero;4;22;0;0.0;0;0;0;0;0;0;0;0;0;0;0;0;0;0;0;0;0;0;0;0;0;0
20;530;2022;Defensa;33;2255;25;6.74375;0;0;5;0;1323;4;0;36;11;25;169;97;15;0;6;5;2;1;0;0;0;0
29;530;2022;Portero;28;2493;28;6.925;0;0;0;0;699;0;0;0;0;0;6;6;3;0;1;1;1;0;0;20;61;0
31;530;2022;Defensa;31;2427;29;7.103571;2;1;19;8;1326;7;42;44;17;23;166;108;8;0;10;6;9;0;0;0;0;0
39;530;2022;Defensa;23;1946;22;6.85;0;0;2;1;1128;1;45;39;8;33;184;107;8;0;4;4;5;2;0;0;0;0
45;530;2022;Mediocentro;29;1263;23;6.848148;1;3;10;6;759;27;0;30;3;7;139;73;17;0;36;21;1;0;0;0;0;0
14382;530;2022;Portero;12;922;10;6.908333;0;0;0;0;279;0;0;0;0;0;7;5;1;0;0;0;3;0;0;12;36;0
48;530;2022;Mediocentro;31;1086;11;6.803571;3;1;14;9;482;5;0;43;5;15;180;99;5;0;14;12;8;0;0;0;0;0
50;530;2022;Mediocentro;34;2559;32;6.921212;0;3;7;1;1997;28;53;55;13;20;210;106;27;0;21;13;4;0;0;0;0;0
53;530;2022;Delantero;36;1463;24;6.728571;9;1;27;18;491;23;0;13;0;10;169;60;20;0;55;22;2;1;0;0;0;0
56;530;2022;Delantero;38;2861;31;7.697368;15;16;88;45;1456;85;0;48;3;23;325;164;41;0;75;47;2;0;0;0;0;0
59;530;2022;Delantero;36;1906;23;6.908333;13;2;62;33;411;17;0;16;3;0;266;145;56;0;37;20;4;0;0;0;0;0
47301;530;2022;Defensa;34;2794;31;6.915151;0;0;10;2;1734;3;47;36;14;33;277;175;29;0;2;2;6;0;0;0;0;0
313548;530;2022;Mediocentro;0;0;0;0.0;0;0;0;0;0;0;0;0;0;0;0;0;0;0;0;0;0;0;0;0;0;0
315604;530;2022;Portero;0;0;0;0.0;0;0;0;0;0;0;0;0;0;0;0;0;0;0;0;0;0;0;0;0;0;0
8492;530;2022;Delantero;34;2397;31;6.758823;12;3;53;28;468;31;0;18;1;2;315;123;16;0;71;29;4;0;0;0;0;0
18742;530;2022;Defensa;2;16;0;6.2;0;0;0;0;8;0;0;0;0;0;1;0;0;0;0;0;0;0;0;0;0;0
162138;530;2022;Defensa;0;0;0;0.0;0;0;0;0;0;0;0;0;0;0;0;0;0;0;0;0;0;0;0;0;0;0
6503;530;2022;Defensa;34;2878;33;6.833333;4;2;14;6;1506;38;0;68;7;17;267;127;16;0;44;21;7;1;0;0;0;0
371;530;2022;Defensa;3;193;2;6.733333;0;0;1;0;130;1;40;3;2;0;26;13;3;0;2;1;0;0;0;0;0;0
2472;530;2022;Mediocentro;30;1935;24;7.213333;2;7;18;5;1345;48;0;36;3;7;187;108;49;0;28;17;5;0;0;0;0;0
287177;530;2022;Defensa;0;0;0;0.0;0;0;0;0;0;0;0;0;0;0;0;0;0;0;0;0;0;0;0;0;0;0
583;530;2022;Delantero;14;650;7;6.923076;4;3;19;12;216;10;0;10;0;3;100;46;23;0;21;6;5;0;0;0;0;0
338508;530;2022;Defensa;0;0;0;0.0;0;0;0;0;0;0;0;0;0;0;0;0;0;0;0;0;0;0;0;0;0;0
2669;530;2022;Defensa;26;2111;24;6.926923;3;2;10;5;1406;14;47;22;9;19;173;84;13;0;20;13;5;0;0;0;0;0
667;530;2022;Delantero;10;283;7;6.8375;4;0;10;5;83;5;0;1;0;0;35;12;6;0;10;4;1;0;0;0;0;0
336587;530;2022;Delantero;0;0;0;0.0;0;0;0;0;0;0;0;0;0;0;0;0;0;0;0;0;0;0;0;0;0;0
336590;530;2022;Mediocentro;0;0;0;0.0;0;0;0;0;0;0;0;0;0;0;0;0;0;0;0;0;0;0;0;0;0;0
336594;530;2022;Mediocentro;26;716;15;6.65238;0;1;9;3;439;4;0;19;2;9;96;52;12;0;27;15;4;0;0;0;0;0
739;530;2022;Defensa;11;306;2;6.733333;0;0;3;1;123;7;0;7;0;2;39;24;6;0;4;3;2;0;0;0;0;0
753;530;2022;Mediocentro;24;1710;22;6.990909;1;2;17;10;716;30;0;32;2;17;152;67;13;0;25;12;5;0;0;0;0;0
336681;530;2022;Defensa;0;0;0;0.0;0;0;0;0;0;0;0;0;0;0;0;0;0;0;0;0;0;0;0;0;0;0
2923;530;2022;Mediocentro;35;2326;26;6.842857;7;3;41;23;914;48;0;35;1;12;269;121;21;0;111;60;2;0;1;0;0;0
926;530;2022;Mediocentro;34;1006;20;6.952941;0;2;11;0;633;5;0;40;1;26;123;76;19;0;7;5;5;0;0;0;0;0
1165;530;2022;Delantero;11;371;2;6.690909;0;2;11;8;79;6;0;4;1;2;49;19;6;0;7;6;2;0;0;0;0;0
324750;530;2022;Delantero;4;24;0;6.6;0;0;1;1;9;0;0;2;0;1;5;2;0;0;0;0;1;0;0;0;0;0
333379;530;2022;Portero;1;5;0;6.2;0;0;0;0;3;0;0;0;0;0;0;0;0;0;0;0;0;0;0;1;0;0
22225;530;2022;Defensa;23;1860;22;7.013636;0;0;3;1;953;9;0;66;12;30;214;131;30;0;18;6;4;0;0;0;0;0
208670;530;2022;Delantero;0;0;0;0.0;0;0;0;0;0;0;0;0;0;0;0;0;0;0;0;0;0;0;0;0;0;0
386849;530;2022;Delantero;0;0;0;0.0;0;0;0;0;0;0;0;0;0;0;0;0;0;0;0;0;0;0;0;0;0;0
386872;530;2022;Portero;0;0;0;0.0;0;0;0;0;0;0;0;0;0;0;0;0;0;0;0;0;0;0;0;0;0;0
10122;530;2022;Defensa;0;0;0;0.0;0;0;0;0;0;0;0;0;0;0;0;0;0;0;0;0;0;0;0;0;0;0
47270;531;2022;Portero;35;2745;34;6.770967;0;0;0;0;794;0;0;2;0;0;3;3;1;0;0;0;2;0;0;37;70;2
47271;531;2022;Defensa;30;2337;29;6.953571;1;1;5;1;1378;14;41;33;13;48;186;116;22;0;7;6;7;1;0;0;0;0
47273;531;2022;Defensa;30;2406;28;6.962068;1;1;17;8;1242;21;0;57;12;38;259;152;33;0;26;11;9;1;0;0;0;0
47275;531;2022;Defensa;37;2824;32;6.791891;1;6;3;2;1455;38;0;67;6;29;251;118;16;0;27;10;7;0;0;0;0;0
47274;531;2022;Defensa;7;103;1;6.516666;0;0;0;0;64;1;0;1;0;0;18;7;0;0;3;2;1;0;0;0;0;0
47278;531;2022;Defensa;29;2374;26;6.867857;1;0;9;2;1426;6;40;57;14;24;243;122;21;0;10;4;8;1;0;0;0;0
47276;531;2022;Defensa;31;1321;21;6.705;0;1;7;1;643;13;0;24;2;13;100;58;6;0;20;11;1;0;0;0;0;0
47281;531;2022;Mediocentro;31;1502;23;6.7375;0;2;8;0;711;10;0;46;6;19;154;83;14;0;2;2;6;0;0;0;0;0
47282;531;2022;Mediocentro;35;945;6;6.679411;2;3;32;14;297;8;0;12;1;6;148;75;19;0;10;5;4;0;0;0;0;0
47286;531;2022;Mediocentro;0;0;0;0.0;0;0;0;0;0;0;0;0;0;0;0;0;0;0;0;0;0;0;0;0;0;0
47291;531;2022;Delantero;30;1421;17;6.783333;6;1;36;19;383;14;0;24;2;4;197;77;14;0;20;10;2;0;0;0;0;0
47294;531;2022;Delantero;36;2850;36;6.880555;10;3;66;35;710;39;0;22;3;7;303;131;31;0;95;46;2;0;1;0;0;0
47299;531;2022;Defensa;32;1710;27;6.651851;0;0;5;1;822;13;0;41;2;17;173;86;17;0;15;9;3;0;0;0;0;0
47272;531;2022;Defensa;3;114;1;6.25;0;0;0;0;54;0;0;4;0;1;8;4;0;0;0;0;0;0;0;0;0;0
182560;531;2022;Mediocentro;37;843;22;6.552;0;0;14;5;348;12;0;14;0;10;93;41;12;0;7;5;5;0;0;0;0;0
182563;531;2022;Delantero;10;66;0;6.6;0;1;1;0;37;4;0;1;0;1;11;6;1;0;3;3;0;0;0;0;0;0
47418;531;2022;Mediocentro;36;2575;28;6.880555;3;3;21;6;1487;20;0;57;8;35;310;153;21;0;18;10;5;0;2;0;0;0
182639;531;2022;Mediocentro;37;190;18;6.42;0;0;3;2;121;2;0;3;0;1;29;7;2;0;2;1;2;0;0;0;0;0
182640;531;2022;Portero;0;0;0;0.0;0;0;0;0;0;0;0;0;0;0;0;0;0;0;0;0;0;0;0;0;0;1
104853;531;2022;Delantero;5;96;1;6.44;0;0;4;1;18;2;0;0;0;0;9;3;1;0;0;0;0;0;0;0;0;0
332308;531;2022;Mediocentro;0;0;0;0.0;0;0;0;0;0;0;0;0;0;0;0;0;0;0;0;0;0;0;0;0;0;0
2670;531;2022;Defensa;15;1339;15;7.053333;1;0;5;2;764;5;41;18;11;18;91;54;10;0;0;0;1;0;0;0;0;0
2672;531;2022;Delantero;32;1695;27;7.026666;0;3;20;7;982;47;0;21;1;4;205;125;62;0;54;39;2;0;0;0;0;0
898;531;2022;Mediocentro;8;308;4;6.75625;0;1;7;1;447;11;0;18;3;10;91;41;11;0;9;5;3;1;0;0;0;0
384266;531;2022;Mediocentro;0;0;0;0.0;0;0;0;0;0;0;0;0;0;0;0;0;0;0;0;0;0;0;0;0;0;0
128398;531;2022;Mediocentro;36;2554;35;6.794444;10;2;47;22;947;44;0;27;0;4;316;150;54;0;70;45;6;1;2;0;0;0
183799;531;2022;Delantero;36;2673;34;6.780555;6;4;44;20;769;47;0;31;2;8;376;170;35;0;175;84;3;0;0;0;0;0
183848;531;2022;Portero;34;675;20;6.8625;0;0;0;0;208;0;0;0;0;0;1;1;0;0;0;0;0;0;0;6;13;1
183849;531;2022;Defensa;38;858;24;6.691666;0;0;6;3;503;3;0;7;7;14;53;29;2;0;1;0;3;0;0;0;0;0
288525;531;2022;Delantero;8;76;0;6.7875;0;0;1;0;42;3;0;4;0;2;26;19;8;0;6;4;0;0;0;0;0;0
30510;531;2022;Delantero;38;2305;33;6.862162;4;1;44;19;768;52;0;57;4;10;362;154;25;0;81;37;2;0;0;0;0;0
161879;532;2022;Mediocentro;0;0;0;0.0;0;0;0;0;0;0;0;0;0;0;0;0;0;0;0;0;0;0;0;0;0;0
161933;532;2022;Mediocentro;26;1410;18;6.71923;1;1;9;3;772;12;0;27;7;19;180;95;13;0;34;28;1;0;0;0;0;0
47251;532;2022;Defensa;38;1738;26;6.596666;0;2;1;0;649;11;0;30;3;14;163;80;14;0;41;19;4;0;0;0;0;0
47264;532;2022;Delantero;30;1371;12;6.573333;1;1;28;10;272;11;0;15;1;2;201;84;35;0;10;2;5;0;0;0;0;0
24760;532;2022;Portero;38;3420;38;6.847368;0;0;0;0;940;0;0;0;0;1;14;11;3;0;0;0;3;0;0;45;105;1
41157;532;2022;Mediocentro;36;2549;33;6.944117;2;4;16;8;1251;43;0;66;0;20;337;165;40;0;76;45;3;0;0;0;0;0
47267;532;2022;Portero;0;0;0;0.0;0;0;0;0;0;0;0;0;0;0;0;0;0;0;0;0;0;0;0;0;0;1
274;532;2022;Delantero;26;1459;25;6.776;5;2;27;11;348;12;0;7;3;2;110;39;8;0;9;4;6;0;2;0;0;0
315699;532;2022;Mediocentro;17;608;12;6.57;1;0;10;6;228;5;0;16;1;11;108;43;7;0;26;14;0;0;0;0;0;0
315701;532;2022;Defensa;0;0;0;0.0;0;0;0;0;0;0;0;0;0;0;0;0;0;0;0;0;0;0;0;0;0;0
162106;532;2022;Mediocentro;34;2137;31;6.533333;0;2;13;3;720;16;0;48;1;11;288;145;42;0;62;27;10;1;0;0;0;0
162123;532;2022;Mediocentro;24;1006;10;6.779166;0;2;15;5;492;12;0;35;1;4;194;105;33;0;22;12;5;1;0;0;0;0
162127;532;2022;Delantero;10;453;7;6.79;3;1;10;8;137;10;0;3;0;3;65;25;7;0;17;9;0;0;0;0;0;0
162175;532;2022;Defensa;37;318;20;6.5;0;0;4;1;127;3;0;13;0;1;51;25;5;0;14;5;1;0;0;0;0;0
47527;532;2022;Portero;38;3325;38;6.767567;0;0;0;0;916;1;0;1;0;1;15;13;3;0;0;0;4;0;0;49;95;2
2615;532;2022;Delantero;3;106;1;6.233333;0;0;1;0;14;2;0;0;0;0;18;5;3;0;2;0;0;0;0;0;0;0
162449;532;2022;Portero;0;0;0;0.0;0;0;0;0;0;0;0;0;0;0;0;0;0;0;0;0;0;0;0;0;0;0
792;532;2022;Delantero;27;1450;22;6.807692;6;0;33;17;324;23;0;17;0;7;176;74;19;0;60;30;4;0;1;0;0;0
911;532;2022;Portero;0;0;0;0.0;0;0;0;0;0;0;0;0;0;0;0;0;0;0;0;0;0;0;0;0;0;0
913;532;2022;Portero;0;0;0;0.0;0;0;0;0;0;0;0;0;0;0;0;0;0;0;0;0;0;0;0;0;0;1
915;532;2022;Defensa;29;1520;24;6.780952;1;0;11;2;762;5;0;17;14;32;118;70;11;0;0;0;4;2;0;0;0;0
916;532;2022;Defensa;33;2448;32;6.896428;3;0;19;7;1183;5;0;29;17;20;169;95;13;0;10;6;7;1;0;0;0;0
918;532;2022;Defensa;32;2714;32;7.164516;1;3;19;9;1224;58;0;80;9;23;243;156;27;0;36;25;4;0;0;0;0;0
919;532;2022;Mediocentro;36;1646;27;6.752;1;4;2;2;987;25;0;20;2;19;161;75;34;0;4;1;5;0;1;0;0;0
920;532;2022;Defensa;24;907;9;6.621739;1;0;6;1;407;15;0;23;1;6;88;43;9;0;9;7;1;0;0;0;0;0
930;532;2022;Mediocentro;3;243;3;6.966666;1;0;3;2;107;4;0;2;0;0;13;8;4;0;1;1;0;0;1;0;0;0
162931;532;2022;Mediocentro;7;134;0;6.285714;0;0;0;0;65;0;0;1;0;0;29;9;3;0;8;5;2;0;0;0;0;0
48372;532;2022;Defensa;23;1673;19;6.918181;1;0;10;6;943;3;0;35;8;29;159;91;11;0;2;2;5;1;0;0;0;0
288074;532;2022;Delantero;11;85;5;6.44;1;0;2;1;20;0;0;0;0;0;17;5;2;0;4;1;1;0;0;0;0;0
122233;532;2022;Delantero;17;436;3;6.582352;1;0;14;2;63;4;0;4;1;0;68;35;12;0;13;9;2;1;0;0;0;0
163198;532;2022;Portero;0;0;0;0.0;0;0;0;0;0;0;0;0;0;0;0;0;0;0;0;0;0;0;0;0;0;0
1482;532;2022;Defensa;27;2015;25;6.922222;0;0;3;0;1076;15;0;71;2;24;259;152;44;0;28;13;6;0;0;0;0;0
1641;532;2022;Mediocentro;29;1376;24;6.824;4;0;24;11;524;30;0;21;2;9;235;91;40;0;56;23;7;0;0;0;0;0
46782;532;2022;Delantero;0;0;0;6.7;0;1;1;1;81;3;0;4;0;1;29;11;6;0;4;1;0;0;0;0;0;0
333682;532;2022;Defensa;3;143;1;6.7;0;0;2;0;46;0;0;4;0;1;11;8;1;0;0;0;0;0;0;0;0;0
274298;532;2022;Mediocentro;0;0;0;0.0;0;0;0;0;0;0;0;0;0;0;0;0;0;0;0;0;0;0;0;0;0;0
364414;532;2022;Delantero;0;0;0;0.0;0;0;0;0;0;0;0;0;0;0;0;0;0;0;0;0;0;0;0;0;0;0
364415;532;2022;Mediocentro;0;0;0;0.0;0;0;0;0;0;0;0;0;0;0;0;0;0;0;0;0;0;0;0;0;0;0
126936;532;2022;Mediocentro;38;2897;33;6.897368;6;1;62;33;1054;27;0;66;0;18;421;196;60;0;103;53;4;0;0;0;0;0
47087;532;2022;Mediocentro;0;0;0;0.0;0;0;0;0;0;0;0;0;0;0;0;0;0;0;0;0;0;0;0;0;0;0
72048;532;2022;Defensa;36;1363;25;6.83125;0;0;8;2;762;4;0;27;2;12;146;96;10;0;10;10;1;0;0;0;0;0
83;533;2022;Delantero;10;480;6;6.6;2;0;10;5;87;5;0;3;0;0;29;13;7;0;7;3;0;0;1;0;0;0
184420;533;2022;Defensa;0;0;0;0.0;0;0;0;0;0;0;0;0;0;0;0;0;0;0;0;0;0;0;0;0;0;0
131;533;2022;Defensa;10;502;5;6.78;0;0;3;0;380;1;0;9;8;6;39;25;1;0;0;0;1;0;0;0;0;0
166;533;2022;Defensa;24;1960;22;7.025;1;0;11;4;1089;13;0;73;11;20;256;146;9;0;46;28;6;0;0;0;0;0
47296;533;2022;Portero;15;1260;14;7.3;0;0;0;0;473;0;0;0;0;1;4;4;1;0;0;0;1;0;0;10;46;0
288;533;2022;Defensa;30;1305;24;6.6875;0;1;11;3;603;12;0;23;1;23;112;50;9;0;14;6;7;0;0;0;0;0
157988;533;2022;Defensa;0;0;0;0.0;0;0;0;0;0;0;0;0;0;0;0;0;0;0;0;0;0;0;0;0;0;0
314;533;2022;Defensa;27;2119;25;6.948;0;0;2;1;1469;2;52;25;13;14;134;80;13;0;7;4;6;0;0;0;0;0
18794;533;2022;Defensa;20;1135;13;6.794444;0;0;1;0;647;9;0;18;6;20;71;41;8;0;10;6;0;0;0;0;0;0
47467;533;2022;Delantero;29;1201;11;6.653571;7;0;33;21;238;9;0;7;1;2;115;43;10;0;45;18;2;0;0;0;0;0
20844;533;2022;Delantero;2;50;0;6.6;0;0;0;0;20;1;0;0;0;1;8;4;1;0;3;2;0;0;0;0;0;0
18802;533;2022;Mediocentro;28;1958;22;6.842857;3;0;23;12;1030;10;0;21;5;19;196;117;41;0;52;30;4;0;0;0;0;0
182685;533;2022;Delantero;2;4;0;6.7;0;0;0;0;5;0;0;0;0;0;0;0;0;0;0;0;0;0;0;0;0;0
283058;533;2022;Delantero;29;1609;23;6.96923;12;4;37;23;318;22;0;14;2;2;189;75;26;0;34;23;6;1;0;0;0;0
47541;533;2022;Mediocentro;35;2469;32;6.797142;3;2;16;7;1217;41;0;71;3;32;353;166;28;0;53;35;6;0;0;0;0;0
47574;533;2022;Mediocentro;0;0;0;7.066666;0;2;15;9;1432;53;0;26;3;10;171;86;26;0;38;27;0;0;0;0;0;0
162473;533;2022;Portero;36;0;18;0.0;0;0;0;0;0;0;0;0;0;0;0;0;0;0;0;0;1;0;0;0;0;0
64268;533;2022;Defensa;17;631;5;6.766666;0;0;0;0;132;3;0;6;2;4;31;17;3;0;8;4;0;0;0;0;0;0
924;533;2022;Mediocentro;17;748;14;6.7;1;0;3;1;302;6;0;18;2;9;64;33;7;0;4;2;2;0;0;0;0;0
928;533;2022;Mediocentro;37;3289;37;7.24054;3;4;23;11;2410;50;59;71;12;29;331;192;75;0;38;29;6;0;2;0;0;0
181474;533;2022;Mediocentro;1;4;0;6.2;0;0;0;0;1;0;0;0;0;0;0;0;0;0;0;0;0;0;0;0;0;0
169256;533;2022;Portero;0;0;0;0.0;0;0;0;0;0;0;0;0;0;0;0;0;0;0;0;0;0;0;0;0;0;0
1567;533;2022;Defensa;38;1465;29;6.85238;0;0;2;2;884;4;0;17;14;20;92;48;10;0;2;1;1;0;0;0;0;0
1578;533;2022;Mediocentro;22;1130;14;7.080952;2;3;17;7;652;31;0;32;2;6;152;87;31;0;37;22;3;0;0;0;0;0
187987;533;2022;Mediocentro;16;822;11;6.566666;1;0;3;0;91;1;0;4;2;3;31;9;3;0;5;2;1;0;0;0;0;0
1624;533;2022;Portero;22;1980;22;6.827272;0;0;0;0;742;0;0;0;0;1;6;5;1;0;1;1;2;0;0;27;61;0
46731;533;2022;Defensa;0;0;0;0.0;0;0;0;0;0;0;0;0;0;0;0;0;0;0;0;0;0;0;0;0;0;0
1696;533;2022;Delantero;38;2352;34;6.894594;6;5;46;17;860;44;0;14;0;12;304;148;34;0;162;86;1;0;0;0;0;0
1701;533;2022;Mediocentro;4;158;2;6.90909;0;0;4;2;223;3;0;22;5;5;84;45;8;0;12;9;0;1;0;0;0;0
1702;533;2022;Defensa;26;1635;20;6.733333;0;3;18;10;607;18;0;35;1;18;170;83;15;0;53;21;5;0;0;0;0;0
1705;533;2022;Mediocentro;23;818;8;6.495652;0;1;6;2;527;10;0;20;2;5;89;38;10;0;5;2;2;1;0;0;0;0
1707;533;2022;Delantero;21;1227;14;6.985714;7;3;36;22;465;19;0;11;2;5;142;73;14;0;49;29;4;0;1;0;0;0
290482;533;2022;Delantero;2;8;0;7.3;1;0;1;1;8;0;0;0;0;0;3;0;0;0;2;0;0;0;0;0;0;0
46815;533;2022;Defensa;34;3055;34;7.038235;1;0;9;5;2163;14;54;43;27;14;236;145;17;0;33;26;10;0;0;0;0;0
184196;533;2022;Mediocentro;0;0;0;0.0;0;0;0;0;0;0;0;0;0;0;0;0;0;0;0;0;0;0;0;0;0;0
286616;533;2022;Portero;2;180;2;6.5;0;0;0;0;46;0;0;0;0;0;1;0;0;0;0;0;0;0;0;3;3;0
184226;533;2022;Mediocentro;37;2470;34;6.872222;4;5;38;19;809;44;0;62;4;15;393;187;53;0;82;48;7;0;0;0;0;0
182219;533;2022;Mediocentro;35;1945;19;6.896969;6;2;44;23;826;31;0;30;3;7;286;113;56;0;51;26;12;0;0;0;0;0
184277;533;2022;Delantero;3;19;0;6.5;0;0;1;0;5;0;0;0;0;0;3;0;0;0;1;0;0;0;0;0;0;0
317418;533;2022;Defensa;1;29;0;6.3;0;0;0;0;10;0;0;0;0;0;2;0;0;0;1;0;0;0;0;0;0;0
329729;536;2022;Mediocentro;0;0;0;0.0;0;0;0;0;0;0;0;0;0;0;0;0;0;0;0;0;0;0;0;0;0;0
2054;536;2022;Defensa;32;1978;21;6.806451;0;0;7;3;985;26;0;20;7;16;132;76;32;0;15;9;5;0;0;0;0;0
2060;536;2022;Delantero;0;0;0;6.785714;0;1;23;10;346;14;0;13;2;9;176;87;34;0;28;12;0;0;0;0;0;0
2061;536;2022;Delantero;17;919;10;6.588235;2;2;10;4;309;8;0;22;0;8;139;66;21;0;36;19;4;0;0;0;0;0
15;536;2022;Mediocentro;8;305;2;6.6375;0;0;3;1;158;2;0;4;2;4;29;18;5;0;0;0;3;0;0;0;0;0
149;536;2022;Mediocentro;31;1789;21;6.848387;1;3;24;9;1152;28;0;37;1;27;161;89;27;0;8;4;3;1;1;0;0;0
176;536;2022;Mediocentro;34;1844;28;6.709677;6;0;34;23;723;24;0;46;2;7;309;116;21;0;67;33;10;1;0;0;0;0
161962;536;2022;Mediocentro;0;0;0;0.0;0;0;0;0;0;0;0;0;0;0;0;0;0;0;0;0;0;0;0;0;0;0
20696;536;2022;Mediocentro;16;1177;15;6.68125;1;3;17;5;532;10;0;37;5;22;185;104;34;0;20;14;4;1;0;0;0;0
47329;536;2022;Defensa;9;233;7;6.5;0;0;1;0;62;5;0;5;1;5;26;11;4;0;8;1;0;0;0;0;0;0
47389;536;2022;Mediocentro;23;1594;19;6.708695;0;1;9;3;1084;8;41;32;7;16;137;60;12;0;9;5;8;0;0;0;0;0
47422;536;2022;Delantero;37;1656;28;6.776666;8;1;52;23;233;10;0;16;2;4;224;91;11;0;20;4;4;0;0;0;0;0
297311;536;2022;Defensa;6;369;4;6.833333;1;1;3;1;210;1;0;1;3;5;22;11;1;0;0;0;1;1;0;0;0;0
378;536;2022;Defensa;30;1447;23;6.744444;0;2;8;1;545;19;0;21;5;21;141;75;14;0;27;14;6;0;0;0;0;0
385;536;2022;Mediocentro;38;2154;33;6.7125;3;1;19;8;1021;38;0;39;5;10;255;106;45;0;32;15;2;0;0;0;0;0
389;536;2022;Mediocentro;4;110;1;6.575;1;0;1;1;38;3;0;1;0;1;20;9;5;0;7;3;0;0;0;0;0;0
2468;536;2022;Defensa;28;1522;17;6.546428;0;3;7;1;679;21;0;26;7;19;127;59;10;0;22;10;8;1;0;0;0;0
433;536;2022;Defensa;8;374;5;6.8;0;0;0;0;215;0;0;2;3;6;26;17;6;0;1;1;2;0;0;0;0;0
452;536;2022;Mediocentro;24;1583;21;6.881818;0;1;3;0;862;9;0;34;10;24;121;66;9;0;4;3;3;1;0;0;0;0
119235;536;2022;Mediocentro;1;0;0;0.0;0;0;0;0;1;0;0;0;0;0;0;0;0;0;0;0;0;0;0;0;0;0
182770;536;2022;Mediocentro;8;9;5;6.2;0;0;0;0;4;0;0;1;0;0;2;1;0;0;0;0;1;0;0;0;0;0
550;536;2022;Delantero;11;198;7;6.55;0;1;1;1;27;1;0;1;0;0;19;9;4;0;1;1;0;0;0;0;0;0
2701;536;2022;Portero;25;2153;25;6.616;0;0;0;0;855;0;0;2;0;2;13;8;1;0;1;1;2;0;0;41;67;1
162531;536;2022;Defensa;0;0;0;0.0;0;0;0;0;0;0;0;0;0;0;0;0;0;0;0;0;0;0;0;0;0;0
745;536;2022;Mediocentro;12;802;11;6.825;0;2;4;1;393;17;0;15;0;10;127;65;34;0;20;11;5;0;0;0;0;0
2813;536;2022;Portero;36;1268;25;6.98;0;0;0;0;459;0;0;0;0;0;5;5;1;0;0;0;2;0;0;13;44;1
25345;536;2022;Defensa;16;1185;15;6.61875;1;1;7;1;678;4;0;11;5;10;79;40;5;0;6;3;2;0;0;0;0;0
174918;536;2022;Defensa;19;1447;16;7.066666;1;0;4;2;837;2;40;27;13;23;126;70;4;0;8;6;4;0;0;0;0;0
2924;536;2022;Mediocentro;2;47;1;6.7;0;0;0;0;22;0;0;0;0;1;12;6;2;0;7;4;0;0;0;0;0;0
308346;536;2022;Portero;0;0;0;0.0;0;0;0;0;0;0;0;0;0;0;0;0;0;0;0;0;0;0;0;0;0;1
335037;536;2022;Defensa;1;46;1;6.0;0;0;0;0;10;0;0;1;0;0;8;3;1;0;0;0;1;0;0;0;0;0
195923;536;2022;Defensa;10;527;5;6.477777;2;0;4;3;147;4;0;16;2;8;89;38;7;0;17;9;5;0;0;0;0;0
177587;536;2022;Portero;0;0;0;0.0;0;0;0;0;0;0;0;0;0;0;0;0;0;0;0;0;0;0;0;0;0;0
1489;536;2022;Mediocentro;36;2777;34;6.914705;3;1;30;9;1588;5;42;43;29;35;179;113;21;0;5;3;8;0;0;0;0;0
1493;536;2022;Defensa;30;1913;23;7.02;3;2;15;5;984;38;0;57;5;23;250;147;34;0;49;26;9;3;0;0;0;0
192032;536;2022;Delantero;1;10;1;6.2;0;0;0;0;3;0;0;0;0;0;4;2;1;0;0;0;1;0;0;0;0;0
331330;536;2022;Portero;0;0;0;0.0;0;0;0;0;0;0;0;0;0;0;0;0;0;0;0;0;0;0;0;0;0;0
1650;536;2022;Mediocentro;25;1060;10;6.928;2;4;20;10;477;28;0;16;1;2;127;63;19;0;38;25;1;0;0;0;0;0
30433;536;2022;Mediocentro;23;1069;16;6.847368;1;1;19;7;479;14;0;6;1;5;93;46;22;0;29;15;4;0;0;0;0;0
331607;536;2022;Mediocentro;11;150;8;6.9;0;0;1;1;66;2;0;7;0;0;20;11;2;0;3;1;0;0;0;0;0;0
1911;536;2022;Mediocentro;3;132;1;6.721052;0;0;24;9;401;13;0;22;2;8;203;101;24;0;59;25;1;0;3;0;0;0
47013;536;2022;Delantero;26;1297;16;6.556;6;0;41;16;253;9;0;8;1;4;148;55;11;0;13;0;1;0;0;0;0;0
133110;536;2022;Defensa;27;1370;23;6.642105;1;0;4;1;768;1;0;20;5;16;108;76;14;0;12;10;1;1;0;0;0;0
329720;538;2022;Mediocentro;0;0;0;0.0;0;0;0;0;0;0;0;0;0;0;0;0;0;0;0;0;0;0;0;0;0;0
286798;538;2022;Delantero;0;0;0;0.0;0;0;0;0;0;0;0;0;0;0;0;0;0;0;0;0;0;0;0;0;0;0
47277;538;2022;Defensa;37;3151;36;6.908571;0;0;13;5;2012;5;49;46;17;72;255;158;31;0;13;11;8;0;0;0;0;0
182504;538;2022;Mediocentro;36;2321;33;6.944444;11;4;48;29;702;28;0;45;3;21;291;144;41;0;73;39;6;1;0;0;0;0
313651;538;2022;Mediocentro;8;16;3;6.7;0;0;1;0;23;0;0;0;0;0;1;0;0;0;0;0;0;0;0;0;0;0
47416;538;2022;Mediocentro;33;1772;19;6.857575;2;0;36;17;970;24;0;32;2;24;163;80;26;0;24;11;6;0;0;0;0;0
47427;538;2022;Portero;19;1710;19;6.652631;0;0;0;0;496;1;0;0;0;0;6;4;2;0;0;0;0;0;0;24;38;2
47432;538;2022;Defensa;33;2170;30;6.861538;0;1;13;7;1156;20;0;52;7;24;250;133;23;0;15;6;7;1;0;0;0;0
47434;538;2022;Defensa;10;441;6;6.45;0;0;0;0;191;2;0;13;1;2;44;22;5;0;2;2;2;0;0;0;0;0
47435;538;2022;Mediocentro;36;2862;35;6.802777;0;2;13;2;1755;24;43;32;5;53;219;82;16;0;23;16;4;0;0;0;0;0
47445;538;2022;Delantero;37;2867;31;7.191891;12;3;65;33;1164;83;0;8;1;7;269;120;59;0;47;22;5;0;2;0;0;0
67955;538;2022;Delantero;36;2146;29;6.691428;3;5;29;20;647;23;0;39;3;6;323;126;37;0;96;44;4;0;0;0;0;0
2433;538;2022;Mediocentro;33;1471;23;6.646428;0;0;11;3;792;9;0;47;11;19;184;99;16;0;17;10;8;1;0;0;0;0
2464;538;2022;Portero;19;1710;19;6.773684;0;0;0;0;556;0;0;0;0;0;8;7;4;0;0;0;3;0;0;29;44;2
162212;538;2022;Mediocentro;0;0;0;0.0;0;0;0;0;0;0;0;0;0;0;0;0;0;0;0;0;0;0;0;0;0;0
47566;538;2022;Defensa;37;3163;36;6.854054;0;3;9;1;1520;52;0;103;5;41;506;281;73;0;133;72;6;0;0;0;0;0
570;538;2022;Mediocentro;37;1908;28;6.841666;0;4;15;6;712;27;0;77;1;36;276;152;42;0;44;21;2;1;0;0;0;0
582;538;2022;Delantero;18;887;10;6.705555;3;1;10;7;195;6;0;5;1;1;80;39;7;0;15;8;3;0;0;0;0;0
182857;538;2022;Defensa;0;0;0;0.0;0;0;0;0;0;0;0;0;0;0;0;0;0;0;0;0;0;0;0;0;0;0
19026;538;2022;Mediocentro;34;1504;26;6.614814;0;2;10;3;585;13;0;28;1;9;153;57;12;0;20;12;6;0;0;0;0;0
162495;538;2022;Defensa;1;12;0;6.9;0;0;0;0;3;0;0;2;0;1;3;2;0;0;0;0;0;0;0;0;0;0
334573;538;2022;Defensa;0;0;0;0.0;0;0;0;0;0;0;0;0;0;0;0;0;0;0;0;0;0;0;0;0;0;0
185075;538;2022;Portero;0;0;0;0.0;0;0;0;0;0;0;0;0;0;0;0;0;0;0;0;0;0;0;0;0;0;0
162605;538;2022;Defensa;0;0;0;0.0;0;0;0;0;0;0;0;0;0;0;0;0;0;0;0;0;0;0;0;0;0;0
64309;538;2022;Defensa;38;2122;31;6.664516;0;2;9;3;886;28;0;51;5;14;204;92;10;0;39;16;3;0;0;0;0;0
269163;538;2022;Mediocentro;38;52;19;6.6;0;0;0;0;17;0;0;3;0;0;7;5;1;0;2;1;1;0;0;0;0;0
162712;538;2022;Defensa;27;1294;19;6.7;0;0;4;0;749;11;0;37;4;12;118;67;8;0;21;14;2;0;0;0;0;0
320517;538;2022;Delantero;10;50;5;6.35;0;0;0;0;20;0;0;0;1;1;6;2;0;0;3;1;0;0;0;0;0;0
1461;538;2022;Mediocentro;19;952;15;6.572222;0;0;3;3;409;16;0;26;1;6;145;64;14;0;30;20;2;0;0;0;0;0
46872;538;2022;Portero;0;0;0;0.0;0;0;0;0;0;0;0;0;0;0;0;0;0;0;0;0;0;0;0;0;0;0
5921;538;2022;Mediocentro;12;257;3;6.48;0;1;2;0;119;4;0;10;0;4;46;19;4;0;4;1;1;0;0;0;0;0
1830;538;2022;Delantero;34;683;19;6.6;2;0;20;10;160;6;0;9;1;0;134;61;17;0;19;6;2;1;0;0;0;0
286559;538;2022;Defensa;38;107;20;6.8;0;0;1;1;34;0;0;1;1;0;5;3;0;0;1;1;0;0;0;0;0;0
1926;538;2022;Defensa;35;3121;35;6.84;3;0;11;3;1752;2;43;51;14;31;242;141;18;0;10;8;5;0;0;0;0;0
286623;538;2022;Portero;0;0;0;0.0;0;0;0;0;0;0;0;0;0;0;0;0;0;0;0;0;0;0;0;0;0;0
10151;538;2022;Portero;0;0;0;0.0;0;0;0;0;0;0;0;0;0;0;0;0;0;0;0;0;0;0;0;0;0;0
192434;538;2022;Delantero;7;251;3;6.614285;1;1;3;2;78;1;0;7;0;1;50;19;8;0;9;3;0;0;0;0;0;0
2032;538;2022;Delantero;32;1710;20;6.675;4;4;32;15;333;12;0;15;5;3;257;114;43;0;30;14;4;0;0;0;0;0
47170;540;2022;Delantero;10;149;0;6.2;1;0;1;1;4;0;0;0;0;0;3;2;1;0;1;1;0;0;0;0;0;0
99;540;2022;Defensa;17;245;11;6.771428;1;0;2;1;66;2;0;17;2;9;47;29;4;0;8;4;2;1;0;0;0;0
47249;540;2022;Defensa;34;2681;33;6.745161;0;1;19;6;1234;15;0;46;23;43;223;135;20;0;8;6;10;2;0;0;0;0
47329;540;2022;Defensa;7;226;2;6.5;0;0;1;0;62;5;0;5;1;5;26;11;4;0;8;1;0;0;0;0;0;0
47336;540;2022;Mediocentro;38;3325;38;7.178947;6;3;26;13;1426;74;0;69;2;24;392;227;78;0;121;68;4;0;0;0;0;0
47349;540;2022;Delantero;37;2347;25;6.713513;7;2;50;23;543;25;0;20;2;10;218;89;25;0;51;23;4;0;0;0;0;0
47352;540;2022;Portero;16;1440;16;6.9;0;0;0;0;22;0;0;0;0;0;0;0;0;0;0;0;0;0;0;2;3;1
67940;540;2022;Mediocentro;9;460;5;6.922222;1;0;3;1;207;0;0;19;4;7;65;37;6;0;0;0;2;0;0;0;0;0
47478;540;2022;Defensa;36;1625;27;6.715384;0;1;6;2;716;4;0;46;13;13;164;90;9;0;3;1;6;0;0;0;0;0
182718;540;2022;Portero;1;90;1;5.9;0;0;0;0;26;0;0;0;0;0;0;0;0;0;0;0;0;0;0;3;1;0
182719;540;2022;Mediocentro;0;0;0;0.0;0;0;0;0;0;0;0;0;0;0;0;0;0;0;0;0;0;0;0;0;0;0
47554;540;2022;Delantero;1;34;0;6.927586;0;3;38;20;420;33;0;49;0;9;295;132;30;0;101;45;0;0;1;0;0;0
119232;540;2022;Delantero;8;82;0;6.328571;0;0;0;0;14;1;0;2;0;1;14;6;2;0;3;1;1;0;0;0;0;0
127426;540;2022;Mediocentro;4;13;0;6.225;0;0;0;0;7;0;0;0;0;0;3;1;0;0;0;0;1;0;0;0;0;0
182735;540;2022;Portero;0;0;0;0.0;0;0;0;0;0;0;0;0;0;0;0;0;0;0;0;0;0;0;0;0;0;0
18907;540;2022;Delantero;34;2989;33;7.088235;16;2;69;38;740;22;0;13;4;8;484;275;70;0;41;18;3;0;5;0;0;0
2737;540;2022;Delantero;31;2467;29;6.729032;10;2;41;26;425;12;0;12;0;5;252;119;42;0;43;17;5;1;0;0;0;0
2873;540;2022;Defensa;20;1589;18;6.675;3;0;10;6;790;0;0;17;12;14;160;91;6;0;5;2;7;0;0;0;0;0
21566;540;2022;Portero;10;900;10;6.73;0;0;0;0;247;1;0;0;0;0;1;0;0;0;0;0;1;1;0;15;29;0
199824;540;2022;Defensa;18;889;9;6.694444;0;2;6;0;244;7;0;30;4;18;114;64;7;0;22;12;1;0;0;0;0;0
359603;540;2022;Delantero;4;54;0;6.625;1;0;1;1;25;0;0;2;0;0;12;6;0;0;8;4;0;0;0;0;0;0
349397;540;2022;Defensa;7;142;0;6.314285;0;0;0;0;60;0;0;3;4;0;14;5;0;0;0;0;0;0;0;0;0;0
144734;540;2022;Delantero;3;12;1;6.2;0;0;0;0;1;0;0;0;0;0;1;0;0;0;0;0;0;0;0;0;0;0
1461;540;2022;Mediocentro;18;947;11;6.572222;0;0;3;3;409;16;0;26;1;6;145;64;14;0;30;20;2;0;0;0;0;0
128581;540;2022;Mediocentro;32;1248;16;6.516666;1;2;21;11;401;25;0;18;1;5;203;83;33;0;45;20;4;0;0;0;0;0
47551;540;2022;Delantero;0;0;0;6.836842;0;0;33;16;145;9;0;3;0;0;122;55;23;0;25;17;0;0;1;0;0;0
46764;540;2022;Defensa;30;2413;29;6.82;1;7;13;4;750;34;0;47;6;22;173;83;15;0;10;4;7;0;0;0;0;0
46799;540;2022;Mediocentro;37;1173;28;6.91923;2;2;14;7;478;22;0;34;0;12;144;88;29;0;18;11;3;1;0;0;0;0
46825;540;2022;Mediocentro;25;504;13;6.638888;0;1;5;3;261;3;0;15;2;11;67;35;13;0;5;2;0;0;0;0;0;0
46968;540;2022;Defensa;33;2572;32;6.575757;0;1;5;2;715;16;0;63;18;33;292;138;39;0;45;23;14;0;0;0;0;0
286601;540;2022;Defensa;19;109;10;6.44;0;0;0;0;26;1;0;3;0;1;10;7;2;0;1;0;1;0;0;0;0;0
286605;540;2022;Mediocentro;1;6;0;6.2;0;0;1;0;5;0;0;0;0;0;0;0;0;0;0;0;0;0;0;0;0;0
286620;540;2022;Defensa;0;0;0;0.0;0;0;0;0;0;0;0;0;0;0;0;0;0;0;0;0;0;0;0;0;0;0
47016;540;2022;Portero;11;990;11;6.672727;0;0;0;0;318;1;0;0;0;0;6;4;2;0;0;0;1;0;0;18;34;0
10169;540;2022;Mediocentro;36;2438;30;6.851515;1;1;8;4;905;11;0;100;14;48;392;220;38;0;17;10;10;1;0;0;0;0
2042;540;2022;Defensa;33;2341;29;6.737931;0;0;6;3;1120;5;0;29;19;27;129;80;8;0;0;0;0;2;0;0;0;0
2047;540;2022;Defensa;25;1020;10;6.512;0;3;3;2;306;15;0;11;2;15;100;36;17;0;16;5;9;0;0;0;0;0
2207;541;2022;Mediocentro;37;2006;30;6.854054;0;1;11;3;1417;24;0;68;5;17;340;197;69;0;63;38;6;0;0;0;0;0
162028;541;2022;Delantero;0;0;0;6.741176;0;0;11;4;160;6;0;6;1;1;173;87;11;0;6;2;0;0;0;0;0;0
2285;541;2022;Defensa;35;2410;29;6.88387;1;0;17;4;1593;2;44;19;13;19;111;66;7;0;4;3;1;0;0;0;0;0
162032;541;2022;Defensa;0;0;0;6.67647;0;3;12;4;1065;22;0;41;5;18;217;108;24;0;65;34;0;0;0;0;0;0
162033;541;2022;Mediocentro;2;17;0;6.5;0;0;0;0;10;1;0;0;0;0;0;0;0;0;0;0;0;0;0;0;0;0
162034;541;2022;Mediocentro;0;0;0;0.0;0;0;0;0;0;0;0;0;0;0;0;0;0;0;0;0;0;0;0;0;0;0
2296;541;2022;Delantero;6;194;2;6.55;0;1;2;1;106;7;0;0;0;1;19;12;9;0;4;2;0;0;0;0;0;0
47400;541;2022;Portero;7;630;7;6.785714;0;0;0;0;191;0;0;0;0;0;0;0;0;0;0;0;0;0;0;7;12;3
372;541;2022;Defensa;35;2714;31;7.224242;5;0;18;9;1841;6;49;46;39;41;245;159;38;0;17;11;4;0;0;0;0;0
505;541;2022;Defensa;26;1840;25;6.847826;1;3;11;3;1108;16;43;15;9;14;60;32;3;0;4;3;3;0;0;0;0;0
653;541;2022;Defensa;23;1360;21;6.716666;0;1;1;0;772;13;0;21;2;14;110;65;18;0;27;19;2;0;0;0;0;0
730;541;2022;Portero;32;2790;32;7.096774;0;0;0;0;940;2;0;1;0;3;16;16;3;0;2;2;0;0;0;29;90;3
733;541;2022;Defensa;27;1788;20;6.766666;0;2;7;0;1149;22;0;32;6;15;126;66;15;0;15;9;7;0;0;0;0;0
735;541;2022;Defensa;36;1653;28;6.828;1;1;7;4;1095;12;0;24;6;18;151;84;14;0;15;11;7;0;0;0;0;0
162529;541;2022;Portero;0;0;0;0.0;0;0;0;0;0;0;0;0;0;0;0;0;0;0;0;0;0;0;0;0;0;2
737;541;2022;Defensa;3;36;0;6.866666;0;0;1;0;22;2;0;0;0;0;3;2;2;0;0;0;0;0;0;0;0;0
741;541;2022;Defensa;1;21;0;6.2;0;0;1;1;12;0;0;0;0;0;0;0;0;0;0;0;0;0;0;0;0;0
162533;541;2022;Portero;0;0;0;0.0;0;0;0;0;0;0;0;0;0;0;0;0;0;0;0;0;0;0;0;0;0;1
746;541;2022;Delantero;31;1436;15;7.196666;9;6;42;25;710;42;0;16;3;5;98;58;16;0;30;23;1;0;0;0;0;0
747;541;2022;Mediocentro;1;7;0;6.2;0;0;0;0;8;0;0;0;0;0;1;0;0;0;0;0;0;0;0;0;0;0
748;541;2022;Mediocentro;30;1567;19;6.973333;0;4;11;5;1458;30;44;43;2;25;238;126;41;0;61;39;8;0;0;0;0;0
334575;541;2022;Portero;0;0;0;0.0;0;0;0;0;0;0;0;0;0;0;0;0;0;0;0;0;0;0;0;0;0;0
752;541;2022;Mediocentro;30;2163;25;7.44;2;4;24;11;2329;55;73;53;4;24;201;105;36;0;19;9;1;0;0;0;0;0
754;541;2022;Mediocentro;33;1745;19;6.954545;4;3;17;6;1447;42;0;20;5;10;155;66;16;0;41;19;7;0;1;0;0;0
756;541;2022;Mediocentro;34;2509;29;7.273529;7;4;51;21;1590;44;41;31;4;17;160;108;15;0;41;31;2;0;0;0;0;0
757;541;2022;Defensa;23;1140;12;7.05238;4;1;12;7;799;22;0;34;0;7;112;65;16;0;19;14;2;0;0;0;0;0
759;541;2022;Delantero;24;2044;24;7.4875;19;3;78;46;1057;48;0;9;0;2;129;49;6;0;42;20;1;0;7;0;0;0
760;541;2022;Delantero;9;150;1;6.475;0;0;5;0;40;1;0;1;0;0;16;6;0;0;1;0;2;0;0;0;0;0
762;541;2022;Delantero;33;2832;32;7.036363;10;9;56;36;1060;64;0;30;1;6;557;266;122;0;266;112;10;1;0;0;0;0
162686;541;2022;Mediocentro;0;0;0;6.466666;0;0;0;0;61;1;0;6;0;1;18;10;1;0;1;0;0;0;0;0;0;0
343202;541;2022;Delantero;6;75;0;6.74;1;1;2;1;12;1;0;2;0;0;14;4;0;0;0;0;0;0;0;0;0;0
343205;541;2022;Mediocentro;0;0;0;0.0;0;0;0;0;0;0;0;0;0;0;0;0;0;0;0;0;0;0;0;0;0;0
396475;541;2022;Portero;0;0;0;0.0;0;0;0;0;0;0;0;0;0;0;0;0;0;0;0;0;0;0;0;0;0;0
1271;541;2022;Mediocentro;34;2133;28;7.148484;0;4;19;6;1685;22;47;64;6;49;267;175;35;0;36;28;2;0;0;0;0;0
206260;541;2022;Portero;0;0;0;0.0;0;0;0;0;0;0;0;0;0;0;0;0;0;0;0;0;0;0;0;0;0;0
189997;541;2022;Portero;0;0;0;0.0;0;0;0;0;0;0;0;0;0;0;0;0;0;0;0;0;0;0;0;0;0;0
10009;541;2022;Delantero;34;2391;31;7.091176;9;8;72;32;1011;47;0;17;0;8;318;160;49;0;147;80;4;0;1;0;0;0
350037;541;2022;Mediocentro;0;0;0;0.0;0;0;0;0;0;0;0;0;0;0;0;0;0;0;0;0;0;0;0;0;0;0
47119;543;2022;Defensa;26;1450;15;6.672;0;0;11;6;677;16;0;48;2;24;224;115;18;0;65;35;4;1;0;0;0;0
134;543;2022;Defensa;21;1473;16;6.915;3;2;18;8;626;21;0;23;7;20;134;73;20;0;16;9;1;1;0;0;0;0
47319;543;2022;Delantero;28;711;6;6.620833;2;1;17;7;262;8;0;9;0;1;80;33;6;0;6;2;1;0;1;0;0;0
47320;543;2022;Delantero;22;919;9;6.566666;4;0;15;8;240;4;0;14;0;4;138;57;22;0;27;12;3;0;0;0;0;0
47348;543;2022;Delantero;35;2382;29;6.857142;15;3;50;29;517;22;0;8;1;1;243;97;52;0;28;13;2;1;5;0;0;0
2469;543;2022;Defensa;31;2515;29;6.92258;0;0;8;0;1303;4;0;41;15;49;208;135;17;0;6;4;4;3;0;0;0;0
2476;543;2022;Mediocentro;35;2876;35;7.088235;1;0;17;6;1671;11;43;116;14;42;410;246;64;0;30;22;8;0;0;0;0;0
47547;543;2022;Defensa;15;1350;15;6.813333;0;3;9;4;526;9;0;29;4;17;150;71;19;0;35;14;1;0;0;0;0;0
18906;543;2022;Delantero;19;1395;17;6.747368;3;1;24;14;377;13;0;31;0;14;247;110;29;0;72;42;3;0;0;0;0;0
18965;543;2022;Defensa;6;456;6;6.583333;0;0;1;0;194;4;0;12;1;8;43;28;6;0;5;2;1;0;0;0;0;0
614;543;2022;Portero;12;1080;12;7.175;0;0;0;0;347;0;0;0;0;2;3;3;0;0;0;0;2;0;0;9;35;1
668;543;2022;Delantero;15;965;12;6.873333;2;2;18;8;430;23;0;11;2;1;150;75;39;0;36;17;5;1;1;0;0;0
185202;543;2022;Mediocentro;6;174;1;6.466666;1;0;4;2;33;2;0;1;0;0;20;7;2;0;6;3;1;0;0;0;0;0
185477;543;2022;Mediocentro;30;1606;19;6.813333;2;3;11;6;796;23;0;16;0;13;163;86;39;0;60;29;0;0;0;0;0;0
1264;543;2022;Defensa;27;1680;24;6.934782;1;1;10;3;771;12;0;45;8;19;182;102;33;0;32;19;2;0;0;0;0;0
9700;543;2022;Defensa;21;609;14;6.4;0;0;4;2;264;2;0;12;2;8;69;25;2;0;10;3;2;0;0;0;0;0
1565;543;2022;Defensa;25;1768;18;6.691666;0;0;7;3;889;2;0;28;9;21;161;92;13;0;2;2;6;0;0;0;0;0
1568;543;2022;Mediocentro;12;440;3;6.772727;0;0;3;1;170;0;0;16;2;12;52;29;4;0;5;3;3;0;0;0;0;0
1570;543;2022;Mediocentro;31;2414;28;6.964516;4;3;23;11;1316;56;0;25;0;14;210;98;32;0;48;28;3;1;1;0;0;0
1573;543;2022;Mediocentro;35;1380;24;6.78;1;1;7;3;849;12;0;41;5;22;154;73;10;0;9;5;7;0;0;0;0;0
1579;543;2022;Mediocentro;22;478;2;6.754545;0;2;5;3;290;21;0;3;2;3;42;22;8;0;16;10;2;0;0;0;0;0
1580;543;2022;Mediocentro;33;2543;31;6.887878;3;0;21;9;1734;22;45;42;6;16;268;143;40;0;45;29;6;1;0;0;0;0
1582;543;2022;Mediocentro;2;52;0;6.7;0;0;0;0;24;3;0;0;0;1;7;4;4;0;1;0;1;0;0;0;0;0
1584;543;2022;Delantero;2;13;0;6.5;0;0;0;0;4;0;0;2;0;0;6;2;0;0;0;0;1;0;0;0;0;0
265785;543;2022;Delantero;35;1817;26;6.645454;1;3;33;17;521;17;0;48;0;14;371;172;41;0;107;56;6;0;0;0;0;0
46672;543;2022;Portero;26;2340;26;6.923076;0;0;0;0;775;0;0;4;0;0;14;13;2;0;1;1;2;0;0;32;73;0
163447;543;2022;Mediocentro;0;0;0;0.0;0;0;0;0;0;0;0;0;0;0;0;0;0;0;0;0;0;0;0;0;0;0
1693;543;2022;Defensa;10;556;5;6.8875;0;0;1;0;250;2;0;5;7;6;35;24;2;0;0;0;0;0;0;0;0;0
347886;543;2022;Defensa;1;90;1;7.2;0;0;0;0;39;0;0;1;1;1;6;3;1;0;0;0;0;0;0;0;0;0
46871;543;2022;Portero;0;0;0;0.0;0;0;0;0;0;0;0;0;0;0;0;0;0;0;0;0;0;0;0;0;0;1
179996;543;2022;Portero;0;0;0;0.0;0;0;0;0;0;0;0;0;0;0;0;0;0;0;0;0;0;0;0;0;0;1
1847;543;2022;Defensa;23;1768;22;6.786956;0;0;3;1;879;3;0;34;24;27;147;79;10;0;9;5;3;3;0;0;0;0
188409;543;2022;Defensa;1;11;0;6.2;0;0;0;0;6;0;0;0;0;0;0;0;0;0;0;0;0;0;0;0;0;0
188413;543;2022;Defensa;0;0;0;0.0;0;0;0;0;0;0;0;0;0;0;0;0;0;0;0;0;0;0;0;0;0;0
2060;546;2022;Delantero;31;1147;21;6.785714;3;1;23;10;346;14;0;13;2;9;176;87;34;0;28;12;4;0;0;0;0;0
6168;546;2022;Defensa;25;2049;23;6.795833;1;1;12;8;850;5;0;35;16;26;213;123;10;0;22;17;9;0;0;0;0;0
122956;546;2022;Portero;0;0;0;0.0;0;0;0;0;0;0;0;0;0;0;0;0;0;0;0;0;0;0;0;0;0;1
47247;546;2022;Portero;38;3420;38;7.013157;0;0;0;0;1030;4;0;0;0;1;9;7;3;0;0;0;2;0;0;45;124;1
47250;546;2022;Defensa;33;2847;33;6.672727;0;1;7;1;1104;7;0;41;10;42;262;149;38;0;21;18;10;1;0;0;0;0
143;546;2022;Mediocentro;35;2127;26;6.545714;2;2;23;10;759;15;0;19;1;4;267;108;50;0;37;24;11;0;0;0;0;0
47258;546;2022;Mediocentro;13;1000;13;6.830769;0;1;4;0;379;16;0;14;5;16;94;44;11;0;4;4;4;0;0;0;0;0
47257;546;2022;Defensa;33;1957;30;6.761538;1;1;4;1;679;26;0;48;0;15;197;92;17;0;34;13;7;0;0;0;0;0
162028;546;2022;Delantero;18;434;2;6.741176;1;0;11;4;160;6;0;6;1;1;173;87;11;0;6;2;2;0;0;0;0;0
51449;546;2022;Defensa;22;1501;16;6.647619;2;0;4;2;414;4;0;38;5;15;176;89;12;0;17;8;8;1;0;0;0;0
18794;546;2022;Defensa;29;1142;23;6.794444;0;0;1;0;647;9;0;18;6;20;71;41;8;0;10;6;0;0;0;0;0;0
47472;546;2022;Delantero;35;2775;33;6.667647;8;2;40;21;734;22;0;9;0;3;324;110;38;0;62;27;4;0;0;0;0;0
47499;546;2022;Delantero;35;2986;35;7.137142;14;3;65;37;727;29;0;26;2;6;584;280;77;0;40;21;6;0;5;0;0;0
47520;546;2022;Delantero;34;1762;17;6.585294;0;3;10;5;524;27;0;28;3;17;197;86;25;0;35;13;6;0;0;0;0;0
184743;546;2022;Mediocentro;0;0;0;0.0;0;0;0;0;0;0;0;0;0;0;0;0;0;0;0;0;0;0;0;0;0;0
293297;546;2022;Mediocentro;0;0;0;0.0;0;0;0;0;0;0;0;0;0;0;0;0;0;0;0;0;0;0;0;0;0;0
47540;546;2022;Mediocentro;36;1136;25;6.516;0;0;3;1;508;5;0;27;5;3;134;49;10;0;7;5;3;0;0;0;0;0
287175;546;2022;Defensa;0;0;0;0.0;0;0;0;0;0;0;0;0;0;0;0;0;0;0;0;0;0;0;0;0;0;0
2671;546;2022;Delantero;18;428;5;6.6;1;1;12;5;111;6;0;12;2;3;86;31;7;0;5;2;5;0;0;0;0;0
19112;546;2022;Portero;0;0;0;0.0;0;0;0;0;0;0;0;0;0;0;0;0;0;0;0;0;0;0;0;0;0;1
755;546;2022;Mediocentro;38;342;20;6.530769;0;0;1;0;109;6;0;10;3;1;44;18;4;0;5;2;1;0;0;0;0;0
2819;546;2022;Defensa;22;1678;18;6.704545;0;0;0;0;509;0;0;14;10;18;86;55;3;0;1;0;4;0;0;0;0;0
2824;546;2022;Mediocentro;36;2066;30;6.765517;0;0;16;7;553;11;0;42;14;35;179;98;8;0;9;3;3;0;0;0;0;0
119742;546;2022;Defensa;32;2141;21;6.7125;1;0;19;8;603;13;0;61;5;21;227;110;21;0;26;13;8;0;0;0;0;0
185602;546;2022;Defensa;1;0;0;0.0;0;0;0;0;0;0;0;0;0;0;0;0;0;0;0;0;0;0;0;0;0;0
335239;546;2022;Mediocentro;3;9;1;6.7;0;0;0;0;3;0;0;1;0;0;1;1;0;0;0;0;0;0;0;0;0;0
348329;546;2022;Defensa;0;0;0;0.0;0;0;0;0;0;0;0;0;0;0;0;0;0;0;0;0;0;0;0;0;0;0
333373;546;2022;Defensa;0;0;0;0.0;0;0;0;0;0;0;0;0;0;0;0;0;0;0;0;0;0;0;0;0;0;0
46795;546;2022;Defensa;36;2657;33;6.787096;0;2;13;4;958;4;0;26;23;40;168;99;21;0;6;5;11;1;0;0;0;0
278281;546;2022;Portero;0;0;0;0.0;0;0;0;0;0;0;0;0;0;0;0;0;0;0;0;0;0;0;0;0;0;0
5987;546;2022;Defensa;30;593;17;6.376923;0;0;2;0;181;0;0;12;3;7;65;34;1;0;10;4;2;1;0;0;0;0
1901;546;2022;Defensa;5;199;1;6.38;0;0;0;0;64;0;0;3;0;4;22;13;2;0;1;0;2;0;0;0;0;0
46982;546;2022;Mediocentro;16;448;3;6.586666;0;0;1;1;248;3;0;10;2;6;85;42;12;0;17;13;5;0;0;0;0;0
286643;546;2022;Defensa;0;0;0;0.0;0;0;0;0;0;0;0;0;0;0;0;0;0;0;0;0;0;0;0;0;0;0
47085;546;2022;Mediocentro;30;1863;27;6.985185;0;3;6;1;893;29;0;48;1;32;184;99;22;0;14;12;6;1;0;0;0;0
20;547;2022;Defensa;37;2267;31;6.74375;0;0;5;0;1323;4;0;36;11;25;169;97;15;0;6;5;2;1;0;0;0;0
47153;547;2022;Portero;38;900;24;6.6;0;0;0;0;289;0;0;0;0;1;1;1;0;0;0;0;0;0;0;18;26;1
2182;547;2022;Delantero;21;1492;19;7.026315;3;6;13;9;558;36;0;8;2;7;112;53;21;0;27;17;0;0;0;0;0;0
47263;547;2022;Mediocentro;12;236;5;6.6;2;0;4;3;150;3;0;2;0;0;29;12;4;0;10;4;1;0;2;0;0;0
158;547;2022;Portero;28;2520;28;6.889285;0;0;0;0;923;1;0;0;0;1;14;11;6;0;1;1;4;0;0;37;93;1
135334;547;2022;Defensa;34;3012;34;6.844117;0;1;12;3;1798;9;45;63;22;31;263;172;34;0;2;2;7;1;0;0;0;0
47334;547;2022;Defensa;27;1657;23;7.05;3;1;11;8;1197;8;53;31;19;14;138;82;16;0;6;6;5;0;0;0;0;0
323815;547;2022;Delantero;3;99;1;6.533333;0;0;1;1;18;0;0;4;0;1;17;9;1;0;4;4;0;0;0;0;0;0
162032;547;2022;Defensa;37;2397;34;6.67647;2;3;12;4;1065;22;0;41;5;18;217;108;24;0;65;34;6;0;0;0;0;0
332219;547;2022;Defensa;0;0;0;0.0;0;0;0;0;0;0;0;0;0;0;0;0;0;0;0;0;0;0;0;0;0;0
297304;547;2022;Delantero;0;0;0;0.0;0;0;0;0;0;0;0;0;0;0;0;0;0;0;0;0;0;0;0;0;0;0
2421;547;2022;Defensa;6;114;0;6.65;0;0;0;0;83;0;0;3;1;1;9;4;1;0;0;0;1;0;0;0;0;0
348539;547;2022;Mediocentro;0;0;0;0.0;0;0;0;0;0;0;0;0;0;0;0;0;0;0;0;0;0;0;0;0;0;0
47492;547;2022;Delantero;24;895;12;6.5;1;3;13;3;298;15;0;25;0;8;163;68;18;0;67;24;2;0;0;0;0;0
2449;547;2022;Mediocentro;21;965;16;6.74;2;2;21;8;395;11;0;26;1;4;182;78;22;0;20;12;4;0;0;0;0;0
47505;547;2022;Defensa;20;1222;14;6.694117;1;1;9;5;909;1;47;6;10;12;123;72;10;0;4;3;5;0;0;0;0;0
47511;547;2022;Defensa;30;1427;25;6.594444;1;0;5;1;873;3;41;20;9;10;69;41;2;0;1;1;3;0;0;0;0;0
47514;547;2022;Defensa;25;957;7;6.6;0;2;6;0;306;18;0;12;1;10;83;51;16;0;23;13;1;0;0;0;0;0
47515;547;2022;Mediocentro;11;685;10;6.690909;1;0;7;3;263;5;0;10;1;5;75;42;20;0;11;6;1;0;0;0;0;0
47516;547;2022;Mediocentro;30;2340;26;7.44;1;5;26;14;1452;68;43;37;8;31;151;92;29;0;22;13;1;0;0;0;0;0
332217;547;2022;Portero;0;0;0;0.0;0;0;0;0;0;0;0;0;0;0;0;0;0;0;0;0;0;0;0;0;0;0
18949;547;2022;Mediocentro;33;2952;33;6.884848;2;0;16;5;1603;20;42;70;10;37;318;162;33;0;21;20;9;0;0;0;0;0
2617;547;2022;Delantero;33;1089;18;6.7;9;0;32;21;164;8;0;13;0;2;137;57;23;0;3;0;8;0;5;0;0;0
162533;547;2022;Portero;0;0;0;0.0;0;0;0;0;0;0;0;0;0;0;0;0;0;0;0;0;0;0;0;0;0;1
197448;547;2022;Defensa;25;1151;12;6.691666;1;2;6;1;468;19;0;25;2;6;135;69;15;0;55;28;3;0;0;0;0;0
136117;547;2022;Mediocentro;34;2187;25;6.691176;4;4;48;22;625;34;0;20;0;11;286;122;36;0;129;57;1;0;0;0;0;0
181218;547;2022;Mediocentro;0;0;0;0.0;0;0;0;0;0;0;0;0;0;0;0;0;0;0;0;0;0;0;0;0;0;0
283668;547;2022;Defensa;36;2735;33;6.754545;3;4;12;3;1258;40;0;69;10;25;333;191;66;0;43;24;11;0;0;0;0;0
339105;547;2022;Mediocentro;5;80;0;6.52;0;0;4;2;34;1;0;2;1;0;27;12;5;0;13;5;1;0;0;0;0;0
263530;547;2022;Delantero;0;0;0;0.0;0;0;0;0;0;0;0;0;0;0;0;0;0;0;0;0;0;0;0;0;0;0
286074;547;2022;Defensa;0;0;0;0.0;0;0;0;0;0;0;0;0;0;0;0;0;0;0;0;0;0;0;0;0;0;0
187987;547;2022;Mediocentro;14;233;6;6.566666;0;0;3;0;91;1;0;4;2;3;31;9;3;0;5;2;0;0;0;0;0;0
1700;547;2022;Mediocentro;24;1591;18;6.6625;3;3;16;8;646;17;0;9;0;9;164;60;13;0;45;26;2;0;0;0;0;0
50856;547;2022;Delantero;35;2617;35;6.834285;13;0;68;33;382;16;0;13;2;6;297;124;46;0;35;14;11;0;1;0;0;0
46782;547;2022;Delantero;7;203;2;6.7;0;1;1;1;81;3;0;4;0;1;29;11;6;0;4;1;0;0;0;0;0;0
46849;547;2022;Defensa;25;1114;13;6.7;1;2;12;6;649;8;0;21;5;7;102;63;21;0;16;11;3;0;0;0;0;0
10166;547;2022;Mediocentro;22;646;14;6.605882;2;1;8;4;244;7;0;12;0;5;91;42;15;0;17;9;1;1;0;0;0;0
327628;547;2022;Mediocentro;7;125;0;6.6;0;0;4;2;46;0;0;3;0;1;16;9;1;0;3;3;0;0;0;0;0;0
32862;548;2022;Delantero;37;2453;34;7.051428;9;4;57;30;788;39;0;44;1;9;328;157;48;0;99;49;3;0;0;0;0;0
47269;548;2022;Portero;38;3420;38;6.95;0;0;0;0;1168;1;0;1;0;0;15;12;4;0;0;0;1;0;0;35;100;1
47297;548;2022;Portero;0;0;0;0.0;0;0;0;0;0;0;0;0;0;0;0;0;0;0;0;0;0;0;0;0;0;1
47298;548;2022;Defensa;29;1454;23;6.512;0;1;5;0;685;4;0;26;6;20;124;58;9;0;8;5;5;1;0;0;0;0
47299;548;2022;Defensa;27;1711;19;6.651851;0;0;5;1;822;13;0;41;2;17;173;86;17;0;15;9;3;0;0;0;0;0
47301;548;2022;Defensa;33;2794;31;6.915151;0;0;10;2;1734;3;47;36;14;33;277;175;29;0;2;2;6;0;0;0;0;0
47303;548;2022;Defensa;33;1757;27;6.613043;0;1;4;2;786;14;0;38;5;9;208;94;16;0;37;19;2;0;0;0;0;0
47306;548;2022;Mediocentro;10;345;3;6.744444;0;0;4;1;142;2;0;17;2;7;59;39;8;0;12;7;1;0;0;0;0;0
47307;548;2022;Defensa;0;0;0;6.5;0;1;0;0;214;2;0;15;2;11;75;41;4;0;8;3;0;0;0;0;0;0
47309;548;2022;Mediocentro;31;224;17;6.8;0;0;1;0;178;4;0;5;1;2;26;14;3;0;4;3;2;0;0;0;0;0
47310;548;2022;Mediocentro;24;1076;13;6.73913;1;0;8;3;625;10;0;36;8;18;149;72;13;0;7;7;5;0;0;0;0;0
47311;548;2022;Mediocentro;33;2499;28;7.1;2;9;31;17;1464;44;0;77;8;20;474;259;48;0;38;22;6;1;0;0;0;0
47314;548;2022;Defensa;35;2547;31;6.886666;1;1;2;1;1530;3;42;35;17;21;219;113;10;0;8;8;10;0;0;0;0;0
47315;548;2022;Mediocentro;36;3101;35;6.916666;1;3;9;2;1801;20;42;59;17;37;286;157;31;0;19;9;12;0;0;0;0;0
47317;548;2022;Delantero;28;878;18;6.713043;3;1;17;12;337;9;0;21;1;5;174;80;14;0;59;34;4;0;0;0;0;0
47323;548;2022;Delantero;24;1224;19;6.621739;4;1;15;11;359;14;0;13;4;3;139;51;16;0;22;7;1;0;2;0;0;0
182546;548;2022;Defensa;33;1195;24;6.77647;0;1;2;0;898;1;47;16;6;12;106;59;11;0;3;2;2;0;0;0;0;0
8492;548;2022;Delantero;34;2398;28;6.758823;12;3;53;28;468;31;0;18;1;2;315;123;16;0;71;29;4;0;0;0;0;0
182603;548;2022;Mediocentro;5;63;3;6.966666;0;0;3;1;48;0;0;4;0;0;12;10;4;0;0;0;0;0;0;0;0;0
47440;548;2022;Mediocentro;35;2424;31;7.014705;8;4;42;22;1175;49;0;58;3;12;343;152;54;0;49;15;6;0;0;0;0;0
18867;548;2022;Defensa;20;1646;18;6.865;0;0;8;3;745;10;0;35;5;20;170;92;26;0;22;13;3;0;0;0;0;0
634;548;2022;Mediocentro;28;1957;25;7.025;2;5;21;13;1132;36;0;36;2;15;190;98;33;0;38;19;4;0;0;0;0;0
203426;548;2022;Defensa;0;0;0;0.0;0;0;0;0;0;0;0;0;0;0;0;0;0;0;0;0;0;0;0;0;0;0
31406;548;2022;Delantero;2;82;1;6.433333;1;0;6;3;34;3;0;0;0;0;47;10;2;0;12;4;0;0;0;0;0;0
2864;548;2022;Delantero;2;154;2;6.85;1;0;1;1;27;2;0;1;0;0;9;3;0;0;5;2;0;0;0;0;0;0
287652;548;2022;Mediocentro;2;63;0;6.6;0;0;1;1;14;2;0;1;0;0;8;3;1;0;1;1;0;0;0;0;0;0
290106;548;2022;Mediocentro;15;361;10;6.61;0;0;9;4;164;6;0;10;0;4;52;21;2;0;8;5;1;0;0;0;0;0
189832;548;2022;Portero;0;0;0;0.0;0;0;0;0;0;0;0;0;0;0;0;0;0;0;0;0;0;0;0;0;0;1
189831;548;2022;Portero;0;0;0;0.0;0;0;0;0;0;0;0;0;0;0;0;0;0;0;0;0;0;0;0;0;0;0
183699;548;2022;Mediocentro;0;0;0;0.0;0;0;0;0;0;0;0;0;0;0;0;0;0;0;0;0;0;0;0;0;0;0
183706;548;2022;Delantero;3;39;0;6.566666;0;0;0;0;20;2;0;2;0;0;12;4;0;0;1;1;0;0;0;0;0;0
183744;548;2022;Mediocentro;32;108;16;6.55;0;0;0;0;43;2;0;3;0;0;15;5;1;0;2;1;0;0;0;0;0;0
183748;548;2022;Delantero;6;87;0;6.483333;0;0;4;1;17;1;0;1;0;0;19;9;4;0;0;0;1;0;0;0;0;0
46808;548;2022;Delantero;28;643;18;6.504347;1;0;19;5;147;7;0;6;0;1;130;59;15;0;18;13;6;0;0;0;0;0
274312;548;2022;Delantero;24;582;12;6.736842;1;2;20;12;134;7;0;13;0;2;105;46;12;0;34;16;1;0;0;0;0;0
2053;720;2022;Mediocentro;36;1637;30;6.678571;2;1;18;10;943;18;0;27;4;13;198;78;25;0;29;15;11;1;0;0;0;0
325664;720;2022;Delantero;1;10;0;6.2;0;0;0;0;2;0;0;1;0;0;3;2;1;0;0;0;0;0;0;0;0;0
63542;720;2022;Mediocentro;16;1312;15;6.66875;0;0;1;0;621;2;0;18;12;9;87;37;3;0;11;9;6;1;0;0;0;0
47195;720;2022;Mediocentro;34;1882;18;6.9;1;2;15;6;1071;35;0;27;4;13;145;88;33;0;22;13;3;0;0;0;0;0
286961;720;2022;Delantero;1;18;0;6.7;0;0;1;0;6;1;0;0;0;2;4;1;0;0;3;1;0;0;0;0;0;0
47433;720;2022;Defensa;23;1494;16;6.734782;0;1;4;2;571;16;0;24;8;14;139;75;20;0;11;4;3;0;0;0;0;0
47474;720;2022;Portero;28;2508;28;7.025;0;0;0;0;840;0;0;0;0;1;17;12;5;0;0;0;4;0;0;42;105;2
47487;720;2022;Defensa;33;2162;31;6.788888;1;0;9;1;980;2;0;35;22;26;153;98;11;0;2;1;4;0;0;0;0;0
47492;720;2022;Delantero;2;91;1;6.5;0;3;13;3;298;15;0;25;0;8;163;68;18;0;67;24;0;0;0;0;0;0
47495;720;2022;Delantero;14;505;8;6.77647;0;0;23;14;282;9;0;9;0;3;133;54;21;0;21;12;1;0;0;0;0;0
47496;720;2022;Delantero;33;2043;22;6.736363;1;1;26;11;609;16;0;40;2;29;271;136;49;0;27;13;3;0;0;0;0;0
199042;720;2022;Mediocentro;0;0;0;0.0;0;0;0;0;0;0;0;0;0;0;0;0;0;0;0;0;0;0;0;0;0;0
8587;720;2022;Mediocentro;7;268;3;6.771428;2;1;3;2;79;3;0;15;0;5;83;41;8;0;23;11;2;1;0;0;0;0
2459;720;2022;Delantero;11;599;7;6.727272;0;1;13;7;158;9;0;3;0;3;71;28;12;0;27;11;1;0;0;0;0;0
104865;720;2022;Delantero;1;34;0;6.3;0;0;2;0;9;1;0;0;0;0;5;2;0;0;0;0;0;0;0;0;0;0
18902;720;2022;Mediocentro;17;277;10;6.433333;0;1;4;3;78;4;0;6;0;1;42;14;2;0;12;4;3;0;0;0;0;0
104941;720;2022;Mediocentro;33;2030;23;6.890909;3;2;30;10;971;25;0;50;11;18;226;106;28;0;17;10;10;0;0;0;0;0
107153;720;2022;Mediocentro;36;2317;28;6.8;1;2;35;10;1133;32;0;69;7;20;379;188;57;0;58;30;9;0;0;0;0;0
31386;720;2022;Defensa;30;1626;23;6.84;1;0;15;4;905;5;0;17;19;38;129;78;9;0;13;10;2;1;0;0;0;0
309917;720;2022;Portero;1;12;0;7.3;0;0;0;0;5;0;0;0;0;0;2;1;0;0;0;0;0;0;0;0;3;1
2717;720;2022;Mediocentro;3;212;3;6.833333;1;0;2;1;38;4;0;4;2;3;26;14;6;0;2;2;1;0;0;0;0;0
195263;720;2022;Defensa;0;0;0;0.0;0;0;0;0;0;0;0;0;0;0;0;0;0;0;0;0;0;0;0;0;0;0
70339;720;2022;Delantero;15;742;6;6.48;1;0;16;7;89;3;0;2;0;1;57;16;8;0;4;2;0;0;0;0;0;0
740;720;2022;Defensa;32;2395;28;6.734375;1;0;7;2;1163;4;0;43;22;46;196;106;9;0;7;7;11;0;0;0;0;0
285506;720;2022;Delantero;0;0;0;0.0;0;0;0;0;0;0;0;0;0;0;0;0;0;0;0;0;0;0;0;0;0;0
56283;720;2022;Defensa;32;939;23;6.770588;0;1;4;1;303;10;0;39;2;15;128;73;11;0;18;8;3;0;0;0;0;0
336955;720;2022;Defensa;0;0;0;0.0;0;0;0;0;0;0;0;0;0;0;0;0;0;0;0;0;0;0;0;0;0;0
298064;720;2022;Defensa;7;381;2;6.442857;0;0;1;0;225;1;0;1;2;3;25;13;2;0;1;1;1;0;0;0;0;0
331003;720;2022;Delantero;1;14;0;6.2;0;0;0;0;4;0;0;1;0;0;4;2;0;0;1;1;0;0;0;0;0;0
1563;720;2022;Defensa;8;373;4;6.775;0;0;1;0;199;2;0;4;9;5;25;12;2;0;0;0;1;0;0;0;0;0
1583;720;2022;Delantero;29;1330;14;6.634482;6;1;24;17;191;12;0;6;0;0;148;56;22;0;27;10;0;1;1;0;0;0
46714;720;2022;Mediocentro;5;64;0;6.22;0;0;0;0;20;0;0;2;1;2;12;4;0;0;1;1;0;0;0;0;0;0
1682;720;2022;Portero;10;900;10;6.54;0;0;0;0;305;0;0;0;0;0;4;4;4;0;0;0;0;0;0;21;31;1
341700;720;2022;Defensa;34;1775;28;6.686363;0;0;1;0;689;18;0;48;8;15;181;96;25;0;34;15;3;0;0;0;0;0
46922;720;2022;Delantero;5;147;1;6.36;0;0;3;0;34;0;0;1;0;0;27;14;9;0;2;1;0;0;0;0;0;0
46979;720;2022;Mediocentro;25;1120;13;6.796;1;1;14;7;434;17;0;20;1;8;171;101;43;0;53;36;0;0;0;0;0;0
2001;720;2022;Delantero;19;1470;16;6.873684;8;3;42;19;241;16;0;9;3;0;225;87;25;0;25;10;4;0;2;0;0;0
47078;720;2022;Defensa;24;1221;17;6.772222;0;1;3;0;409;13;0;44;4;16;126;75;16;0;18;8;2;0;0;0;0;0
16369;720;2022;Delantero;34;2307;26;6.679411;1;5;26;13;692;37;0;66;0;12;427;190;41;0;153;66;1;0;0;0;0;0
2040;720;2022;Defensa;23;1441;17;6.865217;1;0;21;9;533;16;0;33;6;26;162;84;20;0;15;7;3;0;0;0;0;0
190485;723;2022;Mediocentro;32;1987;22;6.803125;1;2;16;7;1077;13;0;61;7;37;294;162;44;0;20;9;5;0;0;0;0;0
47170;723;2022;Delantero;1;19;0;6.2;0;0;1;1;4;0;0;0;0;0;3;2;1;0;1;1;0;0;0;0;0;0
129;723;2022;Defensa;21;1485;15;6.55238;1;0;2;1;721;2;0;29;7;15;97;50;3;0;16;7;5;0;0;0;0;0
47237;723;2022;Delantero;21;1497;18;6.7;4;4;30;13;369;13;0;17;3;4;249;94;22;0;39;19;4;1;0;0;0;0
20627;723;2022;Defensa;14;889;11;6.221428;0;1;1;0;211;4;0;19;2;7;82;33;4;0;18;9;2;0;0;0;0;0
47262;723;2022;Mediocentro;27;704;4;6.618518;2;1;4;2;435;13;0;13;1;7;66;30;3;0;16;9;1;0;0;0;0;0
194750;723;2022;Delantero;24;1282;20;6.790476;7;2;25;14;253;14;0;4;1;1;151;61;7;0;15;6;0;0;0;0;0;0
47352;723;2022;Portero;1;90;1;6.9;0;0;0;0;22;0;0;0;0;0;0;0;0;0;0;0;0;0;0;2;3;1
47356;723;2022;Defensa;36;3167;36;6.813888;0;1;16;2;1466;6;0;30;33;31;200;127;14;0;6;5;10;1;0;0;0;0
340;723;2022;Defensa;34;2998;33;6.720588;3;0;8;5;1359;7;0;28;22;29;206;114;9;0;8;4;5;0;0;0;0;0
47530;723;2022;Defensa;29;2299;27;6.593103;1;0;17;7;779;21;0;27;6;14;172;86;18;0;45;27;5;0;0;0;0;0
182713;723;2022;Portero;0;0;0;0.0;0;0;0;0;0;0;0;0;0;0;0;0;0;0;0;0;0;0;0;0;0;0
47554;723;2022;Delantero;29;1477;18;6.927586;4;3;38;20;420;33;0;49;0;9;295;132;30;0;101;45;4;0;1;0;0;0
47576;723;2022;Mediocentro;27;1874;24;6.725925;4;3;18;11;751;19;0;32;2;8;199;93;30;0;36;17;5;0;1;0;0;0
104932;723;2022;Mediocentro;2;41;0;6.8;0;0;1;1;26;2;0;2;0;0;6;2;0;0;0;0;1;0;0;0;0;0
2679;723;2022;Delantero;20;513;3;6.636842;0;1;7;5;157;10;0;10;2;1;107;54;12;0;12;5;1;0;0;0;0;0
352905;723;2022;Delantero;0;0;0;0.0;0;0;0;0;0;0;0;0;0;0;0;0;0;0;0;0;0;0;0;0;0;0
305803;723;2022;Defensa;13;579;7;6.58;0;0;1;0;222;0;0;5;10;11;37;16;3;0;3;2;5;0;0;0;0;0
31406;723;2022;Delantero;3;242;3;6.433333;2;0;6;3;34;3;0;0;0;0;47;10;2;0;12;4;1;0;0;0;0;0
13062;723;2022;Delantero;28;1744;24;6.742857;5;2;29;16;512;18;0;32;2;20;219;96;23;0;30;14;7;0;0;0;0;0
162603;723;2022;Delantero;0;0;0;0.0;0;0;0;0;0;0;0;0;0;0;0;0;0;0;0;0;0;0;0;0;0;0
19306;723;2022;Delantero;0;0;0;0.0;0;0;0;0;0;0;0;0;0;0;0;0;0;0;0;0;0;0;0;0;0;0
914;723;2022;Defensa;15;1121;11;6.66;1;2;5;3;426;13;0;22;2;11;82;40;5;0;13;6;0;1;0;0;0;0
418944;723;2022;Mediocentro;0;0;0;0.0;0;0;0;0;0;0;0;0;0;0;0;0;0;0;0;0;0;0;0;0;0;0
312650;723;2022;Delantero;5;21;3;6.3;0;0;0;0;9;0;0;0;0;0;13;5;0;0;0;0;1;0;0;0;0;0
310609;723;2022;Mediocentro;0;0;0;0.0;0;0;0;0;0;0;0;0;0;0;0;0;0;0;0;0;0;0;0;0;0;0
282131;723;2022;Mediocentro;0;0;0;0.0;0;0;0;0;0;0;0;0;0;0;0;0;0;0;0;0;0;0;0;0;0;0
138776;723;2022;Delantero;33;1394;13;6.584848;3;1;31;18;260;13;0;15;0;15;188;67;15;0;64;32;6;0;0;0;0;0
1565;723;2022;Defensa;35;1778;24;6.691666;0;0;7;3;889;2;0;28;9;21;161;92;13;0;2;2;8;2;0;0;0;0
237103;723;2022;Delantero;19;709;7;6.827777;6;0;18;12;207;12;0;4;1;2;93;38;12;0;28;15;1;0;0;0;0;0
138809;723;2022;Mediocentro;22;758;7;6.5;1;0;14;6;228;8;0;22;0;11;97;50;15;0;27;10;4;0;0;0;0;0
46688;723;2022;Mediocentro;33;1890;25;6.64;0;3;6;2;855;24;0;38;5;26;158;75;14;0;22;12;2;0;0;0;0;0
46870;723;2022;Portero;1;44;0;6.2;0;0;0;0;7;0;0;0;0;0;0;0;0;0;0;0;0;0;0;2;3;0
46904;723;2022;Portero;37;3286;37;6.897297;0;0;0;0;1097;0;0;0;0;1;12;9;6;0;1;1;3;0;0;61;133;1
46919;723;2022;Mediocentro;25;1671;18;6.668;1;0;5;1;549;5;0;38;6;14;155;79;12;0;8;4;6;0;0;0;0;0
6065;723;2022;Mediocentro;37;2860;34;7.156756;2;7;26;7;1210;53;0;51;7;45;340;189;89;0;57;28;7;0;0;0;0;0
47056;723;2022;Mediocentro;36;986;23;6.645833;1;1;7;3;535;11;0;11;3;6;56;26;8;0;5;4;6;0;0;0;0;0
337963;724;2022;Portero;0;0;0;0.0;0;0;0;0;0;0;0;0;0;0;0;0;0;0;0;0;0;0;0;0;0;0
14444;724;2022;Defensa;14;754;7;6.671428;0;0;1;0;291;2;0;10;8;7;71;43;2;0;5;5;2;0;0;0;0;0
47307;724;2022;Defensa;10;638;7;6.5;0;1;0;0;214;2;0;15;2;11;75;41;4;0;8;3;4;0;0;0;0;0
24793;724;2022;Defensa;10;600;6;6.71;0;0;2;1;215;0;0;11;6;6;42;29;3;0;0;0;0;0;0;0;0;0
162058;724;2022;Defensa;18;964;13;6.7;1;0;2;2;434;1;0;9;3;11;64;30;4;0;3;1;3;0;0;0;0;0
47388;724;2022;Mediocentro;14;1125;13;7.05;4;1;12;7;424;10;0;35;4;17;153;86;17;0;9;7;4;0;0;0;0;0
104792;724;2022;Delantero;15;706;7;6.833333;1;0;25;6;138;4;0;12;3;1;184;96;12;0;19;8;2;0;0;0;0;0
6492;724;2022;Portero;34;3060;34;7.173529;0;0;0;0;973;1;0;3;0;2;29;22;7;0;4;4;2;0;0;48;135;1
47471;724;2022;Delantero;14;640;8;6.557142;1;0;11;3;126;4;0;6;0;2;100;36;15;0;6;5;1;0;0;0;0;0
47485;724;2022;Mediocentro;31;2044;22;6.696774;3;0;26;7;996;20;0;43;8;19;260;118;33;0;22;12;10;0;2;0;0;0
51588;724;2022;Delantero;19;1128;17;6.588888;1;1;6;2;326;17;0;18;0;3;175;71;27;0;37;19;2;0;0;0;0;0
47495;724;2022;Delantero;17;1176;14;6.77647;3;0;23;14;282;9;0;9;0;3;133;54;21;0;21;12;2;0;0;0;0;0
18833;724;2022;Delantero;14;623;5;6.714285;3;0;13;6;192;4;0;3;0;1;42;13;4;0;10;4;2;0;0;0;0;0
47525;724;2022;Delantero;28;1438;14;6.582142;1;1;23;8;283;11;0;6;1;3;304;118;35;0;39;17;6;0;0;0;0;0
8627;724;2022;Mediocentro;36;1950;31;6.738709;4;3;35;15;410;20;0;28;2;6;236;119;37;0;82;40;2;0;1;0;0;0
2508;724;2022;Defensa;12;478;5;6.26;0;0;4;2;183;6;0;9;1;2;52;19;2;0;6;2;0;0;0;0;0;0
182759;724;2022;Delantero;4;75;1;6.5;0;0;1;0;9;0;0;2;0;0;9;4;1;0;3;1;0;0;0;0;0;0
276995;724;2022;Delantero;1;20;0;6.7;0;0;0;0;4;0;0;1;0;0;1;1;0;0;0;0;0;0;0;0;0;0
2755;724;2022;Mediocentro;5;162;1;6.5;0;0;2;1;44;1;0;2;1;0;18;8;3;0;4;2;0;0;0;0;0;0
162686;724;2022;Mediocentro;3;159;2;6.466666;0;0;0;0;61;1;0;6;0;1;18;10;1;0;1;0;0;0;0;0;0;0
144261;724;2022;Defensa;1;24;0;7.0;0;1;0;0;24;1;0;0;0;0;2;2;0;0;1;1;0;0;0;0;0;0
937;724;2022;Delantero;33;2471;28;6.618181;3;2;23;12;594;24;0;55;3;24;421;197;53;0;65;29;11;0;0;0;0;0
351235;724;2022;Defensa;0;0;0;0.0;0;0;0;0;0;0;0;0;0;0;0;0;0;0;0;0;0;0;0;0;0;0
11471;724;2022;Mediocentro;4;222;2;6.4;0;0;1;1;89;2;0;3;0;2;19;9;3;0;0;0;1;0;0;0;0;0
50502;724;2022;Delantero;21;754;9;6.778947;1;2;18;7;171;10;0;5;1;0;89;47;8;0;8;3;0;0;0;0;0;0
310683;724;2022;Mediocentro;0;0;0;0.0;0;0;0;0;0;0;0;0;0;0;0;0;0;0;0;0;0;0;0;0;0;0
378284;724;2022;Delantero;0;0;0;0.0;0;0;0;0;0;0;0;0;0;0;0;0;0;0;0;0;0;0;0;0;0;0
47100;724;2022;Defensa;27;2204;25;6.988888;0;1;6;1;742;16;0;69;11;20;223;131;27;0;20;14;4;3;0;0;0;0
386491;724;2022;Delantero;2;45;0;7.0;0;1;0;0;9;1;0;2;0;0;9;7;4;0;2;1;0;0;0;0;0;0
185810;724;2022;Defensa;6;312;4;6.366666;0;0;0;0;80;1;0;4;3;1;23;10;3;0;1;0;1;0;0;0;0;0
192024;724;2022;Defensa;0;0;0;0.0;0;0;0;0;0;0;0;0;0;0;0;0;0;0;0;0;0;0;0;0;0;0
46691;724;2022;Mediocentro;33;1855;24;6.6;0;1;4;1;649;6;0;41;14;17;210;88;22;0;4;2;14;0;0;0;0;0
46755;724;2022;Portero;4;360;4;7.3;0;0;0;0;114;0;0;0;0;0;0;0;0;0;0;0;0;0;0;5;18;1
46759;724;2022;Defensa;36;3123;35;6.811111;0;4;16;1;1145;36;0;89;11;47;364;183;36;0;48;25;7;0;0;0;0;0
46769;724;2022;Mediocentro;28;1574;17;6.671428;3;0;15;9;681;17;0;13;1;8;119;44;14;0;9;5;0;0;1;0;0;0
46772;724;2022;Mediocentro;18;385;2;6.616666;0;0;4;2;201;5;0;16;1;5;59;30;7;0;5;2;4;0;0;0;0;0
46818;724;2022;Defensa;35;3150;35;6.902857;0;0;6;1;1279;13;0;33;24;31;149;83;7;0;3;3;7;0;0;0;0;0
347877;724;2022;Mediocentro;0;0;0;0.0;0;0;0;0;0;0;0;0;0;0;0;0;0;0;0;0;0;0;0;0;0;0
46824;724;2022;Mediocentro;31;1303;13;6.509677;0;1;17;6;269;22;0;31;3;5;231;112;44;0;37;12;12;0;0;0;0;0
77623;724;2022;Mediocentro;5;95;1;6.4;0;0;0;0;49;2;0;3;1;2;16;3;0;0;0;0;2;0;0;0;0;0
46931;724;2022;Delantero;1;16;0;6.25;0;0;0;0;2;0;0;0;0;0;3;1;1;0;1;0;0;0;0;0;0;0
327552;724;2022;Portero;0;0;0;0.0;0;0;0;0;0;0;0;0;0;0;0;0;0;0;0;0;0;0;0;0;0;0
46998;724;2022;Defensa;3;136;1;6.766666;0;0;1;0;38;0;0;2;1;1;17;10;5;0;0;0;0;0;0;0;0;0
47041;724;2022;Delantero;1;46;1;6.7;0;0;0;0;11;0;0;2;0;0;12;6;2;0;5;2;0;0;0;0;0;0
288800;727;2022;Delantero;4;176;2;6.675;0;0;0;0;35;3;0;4;0;2;25;10;2;0;8;3;0;0;0;0;0;0
47361;727;2022;Mediocentro;25;1033;9;6.6625;1;1;9;4;365;7;0;29;2;12;117;62;14;0;7;4;5;0;0;0;0;0
47391;727;2022;Defensa;20;1281;14;6.69;0;1;10;2;453;10;0;33;8;18;166;78;14;0;27;18;2;1;0;0;0;0
47396;727;2022;Delantero;37;1009;20;6.652941;2;0;35;12;236;13;0;6;1;1;197;88;26;0;18;12;5;0;1;0;0;0
182592;727;2022;Defensa;1;27;1;4.9;0;0;0;0;5;0;0;0;0;0;4;3;0;0;0;0;0;1;0;0;0;0
47448;727;2022;Portero;38;1890;30;7.104761;0;0;0;0;702;0;0;1;0;2;6;4;0;0;0;0;1;0;0;19;59;0
182621;727;2022;Mediocentro;13;250;7;6.64;0;0;2;1;109;0;0;1;1;3;24;12;4;0;1;1;0;0;0;0;0;0
67939;727;2022;Mediocentro;33;2021;30;6.677419;3;6;19;8;807;32;0;26;1;25;303;135;61;0;52;31;6;0;1;0;0;0
182657;727;2022;Portero;0;0;0;0.0;0;0;0;0;0;0;0;0;0;0;0;0;0;0;0;0;0;0;0;0;0;0
47533;727;2022;Defensa;35;3105;35;6.9;1;1;12;5;1811;7;42;29;25;28;215;126;15;0;2;2;14;1;0;0;0;0
47574;727;2022;Mediocentro;34;2465;32;7.066666;3;2;15;9;1432;53;0;26;3;10;171;86;26;0;38;27;5;0;0;0;0;0
47579;727;2022;Delantero;33;1723;26;6.865517;8;2;49;24;432;18;0;8;1;8;215;94;35;0;31;17;7;1;2;0;0;0
64309;727;2022;Defensa;31;2116;22;6.664516;0;2;9;3;886;28;0;51;5;14;204;92;10;0;39;16;3;0;0;0;0;0
289788;727;2022;Portero;0;0;0;0.0;0;0;0;0;0;0;0;0;0;0;0;0;0;0;0;0;0;0;0;0;0;0
181421;727;2022;Delantero;28;1512;19;6.707142;4;2;27;16;451;12;0;30;0;4;256;126;34;0;99;58;3;1;0;0;0;0
195918;727;2022;Defensa;11;636;7;6.51;0;0;4;1;228;3;0;4;4;5;43;16;4;0;11;3;1;0;0;0;0;0
46646;727;2022;Portero;36;1530;26;6.823529;0;0;0;0;552;1;0;2;0;1;12;10;4;0;2;2;3;0;0;23;49;0
46649;727;2022;Portero;0;0;0;0.0;0;0;0;0;0;0;0;0;0;0;0;0;0;0;0;0;0;0;0;0;0;0
46652;727;2022;Defensa;21;1717;20;6.73;0;1;5;2;791;3;0;23;14;19;132;70;4;0;7;5;6;1;0;0;0;0
46653;727;2022;Defensa;32;2683;31;6.903225;2;0;12;3;1419;5;0;34;13;45;230;137;15;0;4;4;8;1;0;0;0;0
46654;727;2022;Defensa;23;1791;20;6.913043;0;1;4;1;880;3;0;21;21;28;115;69;12;0;6;6;1;0;0;0;0;0
46657;727;2022;Defensa;20;1249;15;6.525;0;0;8;2;456;3;0;27;4;19;167;86;17;0;25;13;4;0;0;0;0;0
46660;727;2022;Mediocentro;0;0;0;0.0;0;0;0;0;0;0;0;0;0;0;0;0;0;0;0;0;0;0;0;0;0;0
46662;727;2022;Mediocentro;37;2444;31;6.781081;1;3;25;9;1316;28;0;55;5;16;201;93;17;0;7;4;6;0;0;0;0;0
46658;727;2022;Mediocentro;29;1152;11;6.782758;2;2;17;4;482;26;0;20;1;11;139;55;17;0;15;6;2;0;0;0;0;0
46666;727;2022;Mediocentro;2;9;0;6.7;0;0;0;0;11;2;0;0;0;0;3;1;0;0;2;1;0;0;0;0;0;0
46667;727;2022;Delantero;27;1315;15;6.781481;1;6;15;6;365;28;0;15;0;4;189;78;15;0;83;39;1;0;0;0;0;0
46700;727;2022;Portero;0;0;0;0.0;0;0;0;0;0;0;0;0;0;0;0;0;0;0;0;0;0;0;0;0;0;0
46746;727;2022;Delantero;31;1808;22;6.906451;8;0;49;21;309;10;0;19;0;5;350;156;23;0;32;17;5;0;0;0;0;0
139001;727;2022;Mediocentro;38;1081;22;6.556;0;1;15;6;377;11;0;30;2;8;181;78;16;0;14;8;1;0;0;0;0;0
1825;727;2022;Mediocentro;33;2489;31;6.796969;1;0;19;4;1162;9;0;48;3;42;332;175;31;0;18;11;10;0;0;0;0;0
46967;727;2022;Defensa;36;2064;27;6.707692;0;0;1;0;776;15;0;24;8;13;114;57;9;0;11;6;7;0;0;0;0;0
47109;728;2022;Mediocentro;34;2563;34;6.720588;0;0;7;1;1168;19;0;92;9;44;392;176;50;0;18;7;11;0;0;0;0;0
20520;728;2022;Defensa;37;3237;37;6.708108;0;0;5;1;1325;32;0;53;3;25;233;126;34;0;23;11;6;0;0;0;0;0
52;728;2022;Delantero;38;2412;27;6.831578;6;5;61;19;512;28;0;16;1;2;210;80;19;0;43;18;2;0;0;0;0;0
47209;728;2022;Delantero;9;203;3;6.5;0;0;4;3;61;1;0;4;0;1;27;14;2;0;5;3;1;0;0;0;0;0
47285;728;2022;Mediocentro;34;1244;12;6.682352;1;2;18;10;859;22;0;31;1;15;164;67;17;0;26;12;2;0;0;0;0;0
47327;728;2022;Portero;2;95;1;5.65;0;0;0;0;24;0;0;0;0;0;0;0;0;0;0;0;0;0;0;4;1;2
377197;728;2022;Mediocentro;2;10;0;6.3;0;0;0;0;2;0;0;0;0;0;6;1;1;0;1;0;0;0;0;0;0;0
47527;728;2022;Portero;37;3325;37;6.767567;0;0;0;0;916;1;0;1;0;1;15;13;3;0;0;0;4;0;0;49;95;2
47529;728;2022;Portero;0;0;0;0.0;0;0;0;0;0;0;0;0;0;0;0;0;0;0;0;0;0;0;0;0;0;0
47533;728;2022;Defensa;35;3105;35;6.9;1;1;12;5;1811;7;42;29;25;28;215;126;15;0;2;2;13;0;0;0;0;0
47543;728;2022;Mediocentro;35;2885;34;6.988571;5;5;38;21;817;48;0;49;4;34;222;115;33;0;46;21;7;0;0;0;0;0
47541;728;2022;Mediocentro;35;2467;29;6.797142;3;2;16;7;1217;41;0;71;3;32;353;166;28;0;53;35;6;0;0;0;0;0
47549;728;2022;Mediocentro;8;82;1;6.425;0;0;0;0;41;2;0;2;0;1;22;10;4;0;6;2;0;0;0;0;0;0
47550;728;2022;Defensa;2;10;0;6.2;0;0;0;0;3;0;0;0;0;0;1;0;0;0;0;0;0;1;0;0;0;0
47553;728;2022;Delantero;4;56;0;6.466666;0;0;2;0;19;2;0;0;0;0;17;5;2;0;7;3;1;0;0;0;0;0
47557;728;2022;Mediocentro;34;2164;28;6.608823;3;4;18;8;962;43;0;48;3;8;457;181;65;0;99;57;9;0;1;0;0;0
18895;728;2022;Defensa;31;2570;31;6.706451;4;0;30;14;1395;8;0;28;16;15;165;100;9;0;6;4;5;2;0;0;0;0
131546;728;2022;Mediocentro;37;2989;37;7.086486;9;5;65;24;1161;66;0;45;3;17;505;229;104;0;101;50;4;0;1;0;0;0
41552;728;2022;Mediocentro;38;1274;22;6.612903;1;0;15;5;693;6;0;39;10;22;193;91;13;0;10;5;4;0;0;0;0;0
107207;728;2022;Defensa;3;102;1;6.1;0;0;1;0;31;0;0;3;0;2;13;4;1;0;1;0;1;0;0;0;0;0
736;728;2022;Defensa;38;3409;38;6.781578;2;3;24;11;1556;29;0;86;8;44;273;150;26;0;61;31;1;0;0;0;0;0
162931;728;2022;Mediocentro;29;146;14;6.285714;0;0;0;0;65;0;0;1;0;0;29;9;3;0;8;5;2;0;0;0;0;0
181734;728;2022;Defensa;34;381;17;6.507142;0;2;1;0;146;11;0;6;0;2;55;25;4;0;15;7;1;0;0;0;0;0
15900;728;2022;Defensa;34;935;20;6.473333;0;0;4;1;381;1;0;11;5;9;75;37;8;0;9;5;2;0;0;0;0;0
333378;728;2022;Mediocentro;6;1;3;0.0;0;0;0;0;2;0;0;0;0;1;1;1;0;0;0;0;0;0;0;0;0;0
47551;728;2022;Delantero;19;804;9;6.836842;4;0;33;16;145;9;0;3;0;0;122;55;23;0;25;17;2;0;1;0;0;0
46759;728;2022;Defensa;37;3123;36;6.811111;0;4;16;1;1145;36;0;89;11;47;364;183;36;0;48;25;7;0;0;0;0;0
46775;728;2022;Mediocentro;24;474;4;6.483333;0;0;7;3;153;7;0;13;0;2;64;29;10;0;8;2;2;0;0;0;0;0
122657;728;2022;Mediocentro;10;109;0;6.585714;0;0;11;4;168;6;0;15;3;4;145;59;17;0;23;12;0;1;0;0;0;0
1847;728;2022;Defensa;26;1768;23;6.786956;0;0;3;1;879;3;0;34;24;27;147;79;10;0;9;5;3;3;0;0;0;0
46914;728;2022;Defensa;1;0;0;0.0;0;0;0;0;0;0;0;0;0;0;0;0;0;0;0;0;1;0;0;0;0;0
47182;797;2022;Delantero;36;2090;30;6.693548;4;0;37;14;631;16;0;33;3;25;254;121;21;0;72;32;5;0;0;0;0;0
146;797;2022;Mediocentro;27;720;18;6.892857;1;1;11;6;314;20;0;26;1;2;101;55;10;0;30;15;1;0;0;0;0;0
47378;797;2022;Defensa;32;2026;27;6.710714;0;0;16;8;1026;0;0;37;14;33;152;100;16;0;8;5;3;2;0;0;0;0
47398;797;2022;Mediocentro;32;1877;25;6.748387;6;1;26;11;563;14;0;31;3;9;244;120;44;0;40;17;7;0;3;0;0;0
47414;797;2022;Mediocentro;35;2744;31;7.134285;1;6;36;18;1267;73;0;45;8;28;228;95;21;0;16;7;11;0;0;0;0;0
47471;797;2022;Delantero;12;657;8;6.557142;0;0;11;3;126;4;0;6;0;2;100;36;15;0;6;5;2;0;0;0;0;0
18807;797;2022;Mediocentro;13;269;8;6.33;0;0;4;0;136;3;0;3;0;3;40;19;11;0;8;5;3;1;0;0;0;0
414;797;2022;Mediocentro;28;2450;28;6.917857;0;1;8;3;1241;20;0;53;19;43;213;117;17;0;31;21;6;0;0;0;0;0
2486;797;2022;Defensa;26;1919;23;6.658333;0;0;4;3;673;7;0;38;12;20;171;92;19;0;24;14;7;0;0;0;0;0
311746;797;2022;Mediocentro;0;0;0;0.0;0;0;0;0;0;0;0;0;0;0;0;0;0;0;0;0;0;0;0;0;0;0
18893;797;2022;Defensa;1;90;1;6.9;0;0;0;0;14;0;0;1;0;2;4;2;0;0;0;0;0;0;0;0;0;0
534;797;2022;Defensa;14;903;11;6.785714;0;0;4;2;388;2;0;20;5;13;76;43;5;0;1;1;0;1;0;0;0;0
332315;797;2022;Mediocentro;1;14;0;6.2;0;0;0;0;1;0;0;0;0;0;3;0;0;0;1;0;0;0;0;0;0;0
608;797;2022;Delantero;35;2475;29;6.731428;7;2;56;21;632;29;0;36;5;15;471;207;45;0;126;78;7;1;0;0;0;0
612;797;2022;Delantero;34;1110;8;6.503333;4;0;20;9;288;11;0;9;1;1;179;58;9;0;14;5;2;1;0;0;0;0
189051;797;2022;Portero;0;0;0;0.0;0;0;0;0;0;0;0;0;0;0;0;0;0;0;0;0;0;0;0;0;0;0
660;797;2022;Mediocentro;2;35;0;6.3;0;0;0;0;19;0;0;0;0;0;7;0;0;0;1;0;1;1;0;0;0;0
289444;797;2022;Defensa;17;872;9;6.529411;0;2;1;1;248;12;0;16;1;2;76;28;2;0;23;10;2;0;0;0;0;0
64268;797;2022;Defensa;3;270;3;6.766666;0;0;0;0;132;3;0;6;2;4;31;17;3;0;8;4;2;0;0;0;0;0
781;797;2022;Mediocentro;1;4;0;6.3;0;0;0;0;7;0;0;0;0;0;2;0;0;0;0;0;0;0;0;0;0;0
195923;797;2022;Defensa;9;593;8;6.477777;1;0;4;3;147;4;0;16;2;8;89;38;7;0;17;9;4;0;0;0;0;0
341371;797;2022;Mediocentro;0;0;0;0.0;0;0;0;0;0;0;0;0;0;0;0;0;0;0;0;0;0;0;0;0;0;0
163208;797;2022;Defensa;0;0;0;0.0;0;0;0;0;0;0;0;0;0;0;0;0;0;0;0;0;0;0;0;0;0;0
189866;797;2022;Defensa;24;1094;18;6.45;0;0;2;0;423;2;0;20;7;14;113;61;8;0;7;5;3;1;0;0;0;0
348328;797;2022;Portero;0;0;0;0.0;0;0;0;0;0;0;0;0;0;0;0;0;0;0;0;0;0;0;0;0;0;2
46651;797;2022;Defensa;32;2647;31;6.803125;0;1;8;3;1068;16;0;75;7;27;257;151;31;0;48;25;5;0;0;0;0;0
75414;797;2022;Mediocentro;30;515;18;6.566666;0;1;2;2;184;13;0;23;0;5;77;36;9;0;10;3;2;0;0;0;0;0
46812;797;2022;Portero;2;180;2;6.3;0;0;0;0;60;0;0;0;0;0;2;1;0;0;1;1;0;0;0;4;5;3
46817;797;2022;Defensa;16;952;8;6.4;0;0;6;0;369;0;0;12;12;7;71;37;5;0;3;1;5;0;0;0;0;0
122657;797;2022;Mediocentro;14;730;10;6.585714;0;0;11;4;168;6;0;15;3;4;145;59;17;0;23;12;1;0;0;0;0;0
30525;797;2022;Defensa;12;627;7;6.525;1;0;1;1;234;7;0;13;2;7;61;31;3;0;17;7;1;0;0;0;0;0
339804;797;2022;Mediocentro;0;0;0;0.0;0;0;0;0;0;0;0;0;0;0;0;0;0;0;0;0;0;0;0;0;0;0
46961;797;2022;Portero;36;3240;36;6.966666;0;0;0;0;902;0;0;1;0;0;19;16;6;0;0;0;2;0;0;63;139;3
46965;797;2022;Defensa;16;702;9;6.386666;1;0;8;2;338;0;0;10;6;10;72;43;5;0;0;0;0;2;0;0;0;0
46973;797;2022;Mediocentro;36;1088;23;6.603846;1;3;5;3;411;15;0;25;0;7;129;69;18;0;31;21;3;0;0;0;0;0
364416;797;2022;Portero;0;0;0;0.0;0;0;0;0;0;0;0;0;0;0;0;0;0;0;0;0;0;0;0;0;0;1
47002;797;2022;Delantero;27;1727;21;6.644444;3;2;9;3;825;28;0;15;0;5;180;69;19;0;67;32;6;0;1;0;0;0
1983;797;2022;Defensa;22;1656;19;6.645454;0;0;7;3;709;1;0;33;15;18;152;92;10;0;5;3;5;0;0;0;0;0
47057;797;2022;Mediocentro;28;1082;12;6.428571;0;0;14;8;397;2;0;18;3;8;104;51;22;0;13;5;1;0;0;0;0;0
190485;798;2022;Mediocentro;38;2016;28;6.803125;1;2;16;7;1077;13;0;61;7;37;294;162;44;0;20;9;5;0;0;0;0;0
2208;798;2022;Mediocentro;21;708;6;6.65;0;0;3;2;319;12;0;21;1;6;87;40;13;0;5;3;7;0;0;0;0;0
47266;798;2022;Delantero;17;381;2;6.494117;1;0;12;7;79;3;0;1;0;1;46;19;6;0;6;2;1;0;0;0;0;0
47336;798;2022;Mediocentro;38;3335;38;7.178947;6;3;26;13;1426;74;0;69;2;24;392;227;78;0;121;68;4;0;0;0;0;0
53517;798;2022;Defensa;16;616;11;6.6;0;0;5;1;177;0;0;9;4;3;46;27;2;0;0;0;1;0;0;0;0;0
104793;798;2022;Delantero;28;1219;12;6.485714;2;0;15;7;274;2;0;29;1;5;173;75;24;0;30;14;2;1;0;0;0;0
403;798;2022;Defensa;14;904;10;6.65;1;0;3;2;294;0;0;10;4;18;40;19;0;0;0;0;3;0;0;0;0;0
127377;798;2022;Defensa;0;0;0;0.0;0;0;0;0;0;0;0;0;0;0;0;0;0;0;0;0;0;0;0;0;0;0
414;798;2022;Mediocentro;28;2450;28;6.917857;0;1;8;3;1241;20;0;53;19;43;213;117;17;0;31;21;6;0;0;0;0;0
170541;798;2022;Mediocentro;0;0;0;0.0;0;0;0;0;0;0;0;0;0;0;0;0;0;0;0;0;0;0;0;0;0;0
2610;798;2022;Defensa;31;926;21;6.685714;0;2;2;0;345;5;0;16;2;7;101;53;17;0;14;8;5;0;0;0;0;0
107194;798;2022;Mediocentro;32;1065;11;6.415625;0;0;8;5;389;6;0;19;0;22;152;53;15;0;26;12;5;0;0;0;0;0
293604;798;2022;Delantero;1;16;0;6.2;0;0;0;0;4;0;0;0;0;0;1;0;0;0;0;0;0;0;0;0;0;0
2814;798;2022;Portero;38;3240;37;6.844444;0;0;0;0;1083;4;0;0;0;0;18;13;3;0;6;5;3;0;0;40;94;2
64268;798;2022;Defensa;3;270;3;6.766666;0;0;0;0;132;3;0;6;2;4;31;17;3;0;8;4;2;0;0;0;0;0
2852;798;2022;Defensa;4;130;1;6.35;0;0;0;0;54;1;0;2;0;1;11;7;1;0;0;0;0;0;0;0;0;0
50048;798;2022;Delantero;35;2953;34;7.017142;15;3;63;30;816;21;0;12;7;12;541;261;39;0;27;12;6;1;4;0;0;0
927;798;2022;Mediocentro;36;2840;35;7.108333;6;6;31;14;877;55;0;42;2;11;443;216;61;0;124;90;10;0;0;0;0;0
179139;798;2022;Portero;1;90;1;7.7;0;0;0;0;39;0;0;0;0;0;0;0;0;0;0;0;0;0;0;0;4;2
3084;798;2022;Delantero;15;538;5;6.673333;1;0;14;6;141;3;0;6;2;2;92;47;3;0;13;8;1;0;0;0;0;0
208055;798;2022;Defensa;0;0;0;0.0;0;0;0;0;0;0;0;0;0;0;0;0;0;0;0;0;0;0;0;0;0;0
181582;798;2022;Defensa;34;2214;31;6.892857;1;0;6;1;856;3;0;53;17;44;216;135;24;0;21;19;7;1;0;0;0;0
185715;798;2022;Defensa;2;53;1;6.45;0;0;0;0;7;0;0;0;2;1;3;1;0;0;0;0;0;0;0;0;0;0
1484;798;2022;Mediocentro;15;684;8;6.564285;0;0;1;0;229;1;0;12;7;5;67;34;11;0;1;0;5;0;0;0;0;0
333439;798;2022;Mediocentro;1;3;0;0.0;0;0;0;0;2;0;0;0;0;0;0;0;0;0;0;0;0;0;0;0;0;0
46733;798;2022;Defensa;31;2766;31;7.070967;2;3;11;5;1081;7;0;34;29;31;249;149;21;0;3;2;11;1;0;0;0;0
46736;798;2022;Defensa;3;146;2;6.8;0;0;0;0;59;0;0;2;0;3;11;7;2;0;0;0;0;0;0;0;0;0
46738;798;2022;Defensa;30;2659;30;6.903333;0;0;4;2;1071;3;0;35;21;29;152;80;11;0;2;0;8;0;0;0;0;0
46739;798;2022;Mediocentro;29;1751;20;6.603448;0;0;10;2;580;5;0;31;8;11;205;109;30;0;16;11;5;0;0;0;0;0
46742;798;2022;Mediocentro;35;2115;29;6.773529;3;6;16;10;646;27;0;42;8;21;285;114;33;0;52;28;8;0;0;0;0;0
1687;798;2022;Defensa;32;2608;30;6.703125;0;1;10;6;883;31;0;50;5;22;232;122;32;0;22;10;11;0;0;0;0;0
46749;798;2022;Mediocentro;5;48;0;6.48;0;0;2;1;16;0;0;1;0;0;12;7;1;0;1;1;0;0;0;0;0;0
46751;798;2022;Delantero;26;395;2;6.4625;1;1;5;4;91;7;0;1;0;0;86;24;6;0;8;3;1;0;0;0;0;0
1701;798;2022;Mediocentro;12;712;9;6.90909;1;0;4;2;223;3;0;22;5;5;84;45;8;0;12;9;3;0;0;0;0;0
26302;798;2022;Defensa;35;3066;34;6.811428;2;4;16;5;851;35;0;75;11;26;370;202;45;0;70;35;6;1;0;0;0;0
237252;798;2022;Portero;0;0;0;0.0;0;0;0;0;0;0;0;0;0;0;0;0;0;0;0;0;0;0;0;0;0;0
61142;798;2022;Portero;25;90;12;6.9;0;0;0;0;36;0;0;0;0;0;0;0;0;0;0;0;0;0;0;3;5;1
350073;798;2022;Defensa;0;0;0;0.0;0;0;0;0;0;0;0;0;0;0;0;0;0;0;0;0;0;0;0;0;0;0
47007;798;2022;Mediocentro;30;2456;28;6.856666;0;1;6;2;1180;21;0;54;9;30;282;139;46;0;32;19;12;0;0;0;0;0
6048;798;2022;Defensa;5;217;2;6.54;0;0;1;0;67;1;0;5;1;2;20;10;3;0;2;2;0;0;0;0;0;0
2001;798;2022;Delantero;20;1475;18;6.873684;8;3;42;19;241;16;0;9;3;0;225;87;25;0;25;10;4;0;2;0;0;0
329728;529;2023;Mediocentro;21;18;10;6.9;0;0;0;0;8;0;0;1;0;1;3;3;2;0;0;0;0;0;0;0;0;0
126;529;2023;Portero;35;900;22;6.61;0;0;0;0;251;0;0;0;0;0;6;5;1;0;0;0;0;0;0;17;22;0
127;529;2023;Portero;28;2520;28;7.157142;0;0;0;0;920;1;0;0;0;0;5;5;1;0;0;0;3;0;0;27;75;0
161928;529;2023;Defensa;20;1378;16;6.85;0;1;2;1;669;13;0;19;1;5;130;69;18;0;40;20;1;0;0;0;0;0
137;529;2023;Mediocentro;28;863;18;7.042857;3;2;10;4;629;9;40;15;2;8;70;37;7;0;4;3;4;0;0;0;0;0
391311;529;2023;Portero;0;0;0;0.0;0;0;0;0;0;0;0;0;0;0;0;0;0;0;0;0;0;0;0;0;0;0
2278;529;2023;Defensa;5;251;3;7.06;0;0;3;2;172;5;0;5;0;4;32;16;6;0;5;3;0;0;0;0;0;0
2282;529;2023;Defensa;36;1990;33;6.893333;2;2;9;4;1564;7;49;23;10;21;162;90;10;0;6;3;4;0;0;0;0;0
340279;529;2023;Delantero;14;319;2;6.485714;2;0;10;6;64;1;0;3;0;0;59;21;11;0;13;4;3;0;0;0;0;0
348539;529;2023;Mediocentro;0;0;0;0.0;0;0;0;0;0;0;0;0;0;0;0;0;0;0;0;0;0;0;0;0;0;0
133609;529;2023;Mediocentro;24;1487;20;7.220833;4;2;11;7;1166;37;42;33;3;14;144;74;22;0;36;16;3;0;0;0;0;0
18949;529;2023;Mediocentro;28;929;11;6.807692;0;1;6;2;798;8;0;35;2;11;118;63;11;0;5;4;4;0;0;0;0;0
521;529;2023;Delantero;35;2758;33;7.254285;19;8;69;43;566;27;0;8;4;9;275;137;55;0;53;23;5;0;4;0;0;0
538;529;2023;Mediocentro;21;1637;21;7.395;2;0;5;4;1639;22;76;43;8;14;173;101;22;0;21;13;7;0;0;0;0;0
583;529;2023;Delantero;30;1544;18;0.0;7;0;0;0;0;0;0;0;0;0;0;0;0;0;0;0;3;0;0;0;0;0
135775;529;2023;Delantero;3;47;2;6.566666;0;0;6;1;27;0;0;0;0;0;10;6;4;0;2;1;0;0;0;0;0;0
619;529;2023;Defensa;2;55;0;6.7;0;0;1;0;44;0;0;0;1;0;2;1;0;0;0;0;1;0;0;0;0;0
2670;529;2023;Defensa;20;1290;13;7.035;0;0;5;1;1118;1;49;10;10;11;94;54;11;0;1;0;5;0;0;0;0;0
633;529;2023;Mediocentro;36;2998;33;7.458333;5;9;32;17;2336;97;58;31;4;21;223;114;42;0;54;34;5;0;1;0;0;0
340626;529;2023;Mediocentro;37;1451;26;6.92;8;0;42;25;606;18;0;41;1;4;216;87;17;0;33;21;2;0;0;0;0;0
383647;529;2023;Portero;0;0;0;0.0;0;0;0;0;0;0;0;0;0;0;0;0;0;0;0;0;0;0;0;0;0;0
336557;529;2023;Mediocentro;0;0;0;0.0;0;0;0;0;0;0;0;0;0;0;0;0;0;0;0;0;0;0;0;0;0;0
336653;529;2023;Portero;0;0;0;0.0;0;0;0;0;0;0;0;0;0;0;0;0;0;0;0;0;0;0;0;0;0;0
855;529;2023;Defensa;32;2507;31;7.271875;2;4;18;10;1556;35;41;65;6;29;323;176;26;0;99;61;7;0;0;0;0;0
931;529;2023;Delantero;31;1213;20;6.953571;7;2;25;15;418;26;0;9;1;5;94;39;16;0;22;10;2;0;0;0;0;0
392270;529;2023;Delantero;3;73;1;6.833333;1;0;2;1;8;1;0;1;0;0;10;5;2;0;0;0;1;0;0;0;0;0
181421;529;2023;Delantero;2;66;0;6.75;0;0;4;1;26;2;0;1;0;0;15;7;3;0;4;2;0;0;0;0;0;0
285909;529;2023;Mediocentro;0;0;0;6.682608;0;2;5;1;420;12;0;5;2;4;76;32;21;0;16;6;0;0;0;0;0;0
1257;529;2023;Defensa;37;2899;35;7.114285;1;2;15;7;2518;23;65;38;12;26;259;143;16;0;35;18;4;0;0;0;0;0
396623;529;2023;Defensa;26;1562;22;7.0;0;0;3;0;1479;5;71;22;16;13;106;55;2;0;4;3;4;0;0;0;0;0
396630;529;2023;Mediocentro;0;0;0;0.0;0;0;0;0;0;0;0;0;0;0;0;0;0;0;0;0;0;0;0;0;0;0
263530;529;2023;Delantero;0;0;0;0.0;0;0;0;0;0;0;0;0;0;0;0;0;0;0;0;0;0;0;0;0;0;0
101814;529;2023;Defensa;25;1994;21;7.056;1;2;17;9;1587;8;56;27;11;11;160;104;9;0;10;8;6;0;0;0;0;0
1496;529;2023;Delantero;30;1379;25;7.282142;6;9;47;22;587;41;0;14;1;13;135;72;25;0;43;24;4;1;1;0;0;0
237249;529;2023;Defensa;0;0;0;0.0;0;0;0;0;0;0;0;0;0;0;0;0;0;0;0;0;0;0;0;0;0;0
296667;529;2023;Mediocentro;12;943;11;7.133333;1;1;8;4;527;11;40;39;3;8;177;87;23;0;20;12;5;0;0;0;0;0
386828;529;2023;Delantero;38;2197;30;7.367567;5;5;44;21;1026;38;0;61;0;19;328;185;52;0;129;70;3;0;0;0;0;0
386859;529;2023;Defensa;24;330;13;6.685714;0;2;1;0;204;3;0;6;0;2;33;10;1;0;7;3;0;0;0;0;0;0
20;530;2023;Defensa;35;2782;30;6.957142;2;0;6;3;1818;3;47;36;21;16;191;125;29;0;8;5;5;0;0;0;0;0
29;530;2023;Portero;38;3420;38;6.965789;0;0;0;0;842;0;0;0;0;0;12;11;2;0;1;1;1;0;0;43;102;0
31;530;2023;Defensa;24;1322;18;6.827272;0;0;7;1;652;2;0;18;12;10;100;53;2;0;3;2;5;0;0;0;0;0
39;530;2023;Defensa;32;1635;27;6.786363;0;0;5;1;971;1;0;27;15;27;150;87;6;0;8;8;7;1;0;0;0;0
45;530;2023;Mediocentro;5;167;4;6.633333;0;0;1;0;77;1;0;3;0;0;15;6;2;0;2;1;0;0;0;0;0;0
14382;530;2023;Portero;0;0;0;0.0;0;0;0;0;0;0;0;0;0;0;0;0;0;0;0;0;0;0;0;0;0;0
48;530;2023;Mediocentro;34;1364;14;6.954545;1;4;13;4;659;13;0;65;9;14;242;133;14;0;13;8;9;0;0;0;0;0
50;530;2023;Mediocentro;35;2502;33;7.067647;0;4;6;2;2237;27;58;64;12;15;205;103;19;0;11;5;5;0;0;0;0;0
52;530;2023;Delantero;0;0;0;0.0;0;0;0;0;0;0;0;0;0;0;0;0;0;0;0;0;0;0;0;0;0;0
53;530;2023;Delantero;35;1532;26;7.015625;9;2;34;20;469;32;0;22;0;2;193;85;32;0;53;26;3;0;1;0;0;0
56;530;2023;Delantero;33;2653;31;7.457575;16;6;56;34;1243;43;0;33;3;10;203;95;26;0;37;22;5;0;4;0;0;0
59;530;2023;Delantero;32;1909;21;6.953125;15;3;60;34;373;15;0;16;3;1;223;112;35;0;33;17;3;0;0;0;0;0
133185;530;2023;Mediocentro;19;1331;17;7.123529;1;2;10;3;633;8;0;48;5;32;194;116;19;0;19;11;3;0;0;0;0;0
340154;530;2023;Mediocentro;5;160;2;6.42;0;0;0;0;89;2;0;1;0;6;19;3;1;0;1;0;2;0;0;0;0;0
47301;530;2023;Defensa;35;2473;32;6.996551;2;0;8;5;1762;3;53;30;15;28;274;163;23;0;1;1;13;0;0;0;0;0
2280;530;2023;Defensa;29;1421;22;6.870833;0;2;2;2;907;15;0;25;6;16;124;59;12;0;4;1;4;0;0;0;0;0
18776;530;2023;Defensa;6;111;1;6.14;0;0;0;0;81;0;0;1;0;1;9;4;1;0;1;1;0;1;0;0;0;0
162138;530;2023;Defensa;0;0;0;0.0;0;0;0;0;0;0;0;0;0;0;0;0;0;0;0;0;0;0;0;0;0;0
6503;530;2023;Defensa;32;1857;27;6.81;2;3;8;5;1017;19;0;38;3;9;163;78;16;0;30;16;4;1;0;0;0;0
2472;530;2023;Mediocentro;34;2086;25;7.244117;3;5;24;12;1475;39;0;31;1;11;207;124;59;0;49;29;7;0;0;0;0;0
47566;530;2023;Defensa;5;84;0;6.8;0;0;0;0;45;2;0;4;0;1;19;13;4;0;2;2;1;0;0;0;0;0
583;530;2023;Delantero;0;0;0;0.0;0;0;0;0;0;0;0;0;0;0;0;0;0;0;0;0;0;0;0;0;0;0
338508;530;2023;Defensa;0;0;0;0.0;0;0;0;0;0;0;0;0;0;0;0;0;0;0;0;0;0;0;0;0;0;0
2669;530;2023;Defensa;31;2558;29;7.038709;0;1;13;4;1782;17;50;45;9;29;228;124;23;0;18;11;9;0;0;0;0;0
667;530;2023;Delantero;26;894;17;6.781818;5;1;31;15;246;13;0;5;0;1;109;43;16;0;35;18;2;0;0;0;0;0
336587;530;2023;Delantero;1;12;0;6.2;0;0;0;0;3;0;0;1;0;0;5;1;0;0;0;0;0;0;0;0;0;0
336590;530;2023;Mediocentro;0;0;0;0.0;0;0;0;0;0;0;0;0;0;0;0;0;0;0;0;0;0;0;0;0;0;0
336594;530;2023;Mediocentro;24;1556;19;7.020833;0;1;12;7;840;16;0;45;3;28;214;119;24;0;45;36;5;0;0;0;0;0
753;530;2023;Mediocentro;37;2570;32;6.97027;6;4;27;19;1068;27;0;40;11;13;212;95;27;0;23;12;5;0;0;0;0;0
451311;530;2023;Mediocentro;0;0;0;0.0;0;0;0;0;0;0;0;0;0;0;0;0;0;0;0;0;0;0;0;0;0;0
2923;530;2023;Mediocentro;3;223;3;7.0;0;1;2;1;75;4;0;4;0;1;22;11;2;0;6;5;0;0;0;0;0;0
915;530;2023;Defensa;14;405;10;6.82;0;0;1;1;273;2;48;7;3;4;32;20;0;0;0;0;1;0;0;0;0;0
136117;530;2023;Mediocentro;34;1523;17;6.87647;3;5;29;16;578;29;0;30;0;9;193;86;29;0;60;22;1;0;0;0;0;0
333379;530;2023;Portero;0;0;0;0.0;0;0;0;0;0;0;0;0;0;0;0;0;0;0;0;0;0;0;0;0;0;0
42642;530;2023;Portero;0;0;0;0.0;0;0;0;0;0;0;0;0;0;0;0;0;0;0;0;0;0;0;0;0;0;0
22225;530;2023;Defensa;24;728;16;6.9;2;1;4;3;360;5;0;30;2;15;93;58;8;0;15;8;2;0;0;0;0;0
386850;530;2023;Delantero;0;0;0;0.0;0;0;0;0;0;0;0;0;0;0;0;0;0;0;0;0;0;0;0;0;0;0
386849;530;2023;Delantero;1;9;0;6.3;0;0;0;0;0;0;0;0;0;0;2;1;1;0;0;0;0;0;0;0;0;0
386872;530;2023;Portero;0;0;0;0.0;0;0;0;0;0;0;0;0;0;0;0;0;0;0;0;0;0;0;0;0;0;0
126936;530;2023;Mediocentro;34;2090;25;7.223529;4;5;33;21;927;35;0;62;1;14;303;167;56;0;68;40;0;0;0;0;0;0
440413;531;2023;Delantero;1;8;0;6.2;0;0;0;0;3;0;0;0;0;0;0;0;0;0;0;0;0;0;0;0;0;0
84086;531;2023;Mediocentro;32;1906;29;6.775;1;1;24;9;629;41;0;46;0;19;287;139;27;0;109;54;0;1;0;0;0;0
47270;531;2023;Portero;37;3184;37;7.108333;0;0;0;0;1079;1;0;1;0;1;23;21;8;0;0;0;2;0;0;33;95;2
47273;531;2023;Defensa;27;1931;25;7.155555;3;1;14;6;1051;14;0;34;9;21;182;109;33;0;12;9;5;0;0;0;0;0
47275;531;2023;Defensa;28;2263;26;7.057142;1;5;4;2;1172;21;0;57;6;14;177;89;12;0;22;7;5;0;0;0;0;0
47276;531;2023;Defensa;36;2001;28;6.733333;0;2;2;0;1024;17;0;39;6;16;166;79;7;0;44;18;4;0;0;0;0;0
47278;531;2023;Defensa;33;2878;31;6.927272;0;0;7;1;1697;6;43;42;25;31;213;107;26;0;9;5;6;0;0;0;0;0
47271;531;2023;Defensa;22;1155;18;6.789473;0;0;6;2;702;3;0;18;5;11;111;77;14;0;3;2;1;1;0;0;0;0
47281;531;2023;Mediocentro;28;742;17;6.635294;1;0;6;3;330;2;0;17;3;8;65;34;7;0;3;3;4;0;0;0;0;0
47282;531;2023;Mediocentro;20;402;1;6.53;1;0;6;1;130;0;0;9;1;3;99;48;10;0;5;2;4;0;0;0;0;0
47286;531;2023;Mediocentro;2;8;0;6.7;0;0;0;0;8;0;0;1;0;0;3;3;0;0;0;0;0;0;0;0;0;0
47291;531;2023;Delantero;32;2240;30;7.1625;14;5;46;31;601;27;0;34;2;17;341;146;23;0;32;19;2;0;0;0;0;0
47294;531;2023;Delantero;34;2855;34;7.32647;12;3;75;43;856;44;0;24;8;14;333;149;45;0;110;48;4;0;0;0;0;0
47299;531;2023;Defensa;37;2863;34;6.844117;1;0;9;6;957;15;0;60;8;28;315;151;41;0;42;25;6;0;0;0;0;0
47418;531;2023;Mediocentro;27;1536;18;6.807407;3;1;15;7;813;7;0;40;7;31;189;79;6;0;12;2;2;0;2;0;0;0
182617;531;2023;Mediocentro;26;1450;16;6.826923;0;0;6;4;782;10;0;45;5;23;210;108;23;0;18;12;1;0;0;0;0;0
182641;531;2023;Defensa;9;523;5;6.655555;0;0;0;0;260;2;0;7;0;8;49;23;2;0;5;4;2;0;0;0;0;0
104853;531;2023;Delantero;18;503;4;6.65;2;1;12;6;122;9;0;2;1;0;84;38;11;0;10;4;0;0;0;0;0;0
332305;531;2023;Defensa;0;0;0;0.0;0;0;0;0;0;0;0;0;0;0;0;0;0;0;0;0;0;0;0;0;0;0
332308;531;2023;Mediocentro;37;890;23;6.708;2;0;11;8;239;12;0;12;2;2;122;56;20;0;25;11;1;0;0;0;0;0
2672;531;2023;Delantero;35;607;21;6.745;2;0;13;7;378;13;0;5;1;0;71;29;11;0;28;12;1;0;0;0;0;0
383780;531;2023;Mediocentro;15;158;8;6.414285;0;0;2;0;72;2;0;0;0;0;27;3;1;0;3;1;0;0;0;0;0;0
898;531;2023;Mediocentro;23;1022;10;6.913043;0;3;8;2;736;13;0;44;6;15;145;74;11;0;9;5;4;0;0;0;0;0
179153;531;2023;Delantero;0;0;0;0.0;0;0;0;0;0;0;0;0;0;0;0;0;0;0;0;0;0;0;0;0;0;0
312468;531;2023;Portero;0;0;0;0.0;0;0;0;0;0;0;0;0;0;0;0;0;0;0;0;0;0;0;0;0;0;0
128398;531;2023;Mediocentro;31;1991;27;6.913333;4;5;33;12;766;42;0;19;1;9;228;104;35;0;49;26;5;2;0;0;0;0
183799;531;2023;Delantero;31;2281;30;7.1;5;11;38;19;661;47;0;31;2;3;352;160;37;0;176;84;6;1;0;0;0;0
183848;531;2023;Portero;38;236;20;6.85;0;0;0;0;80;0;0;0;0;0;1;1;0;0;0;0;0;0;0;4;8;2
183849;531;2023;Defensa;36;2716;33;6.788235;1;0;12;3;1551;4;0;19;11;31;176;92;11;0;3;2;9;1;0;0;0;0
313025;531;2023;Defensa;0;0;0;0.0;0;0;0;0;0;0;0;0;0;0;0;0;0;0;0;0;0;0;0;0;0;0
288525;531;2023;Delantero;12;257;2;6.675;0;0;2;0;93;1;0;8;0;1;58;36;12;0;23;15;2;0;0;0;0;0
30510;531;2023;Delantero;36;1579;24;6.82647;7;3;21;12;445;33;0;23;0;5;247;88;22;0;58;22;4;0;1;0;0;0
47007;531;2023;Mediocentro;29;2105;25;6.996551;1;1;9;2;1170;27;0;50;5;12;272;135;41;0;30;22;7;0;0;0;0;0
161875;532;2023;Mediocentro;9;79;0;6.557142;0;1;0;0;30;4;0;2;0;0;14;5;2;0;1;0;0;0;0;0;0;0
161877;532;2023;Mediocentro;31;114;16;6.18;0;0;1;0;30;0;0;1;0;1;22;4;2;0;3;0;0;0;0;0;0;0
47251;532;2023;Defensa;33;1833;24;6.609375;0;0;4;1;771;14;0;38;1;16;176;97;28;0;37;21;3;0;0;0;0;0
47264;532;2023;Delantero;37;2997;35;6.994594;13;2;56;29;556;14;0;16;5;5;425;183;95;0;36;13;4;0;0;0;0;0
348326;532;2023;Delantero;0;0;0;0.0;0;0;0;0;0;0;0;0;0;0;0;0;0;0;0;0;0;0;0;0;0;0
270516;532;2023;Delantero;15;644;5;6.666666;0;0;14;6;136;7;0;5;0;7;89;39;11;0;27;13;1;0;0;0;0;0
24760;532;2023;Portero;37;3285;37;7.121621;0;0;0;0;969;2;0;4;0;1;19;17;4;0;0;0;3;1;0;42;108;0
41157;532;2023;Mediocentro;21;969;14;6.911111;2;1;6;4;381;13;0;25;1;6;128;63;20;0;25;13;0;0;0;0;0;0
8493;532;2023;Delantero;25;925;11;6.534782;3;0;16;9;202;5;0;5;0;1;130;48;13;0;14;5;2;0;0;0;0;0
315699;532;2023;Mediocentro;36;2502;31;6.688888;4;1;29;14;942;12;0;55;7;18;340;147;30;0;72;37;3;1;0;0;0;0
315701;532;2023;Defensa;18;10;9;6.9;0;0;0;0;6;0;0;1;0;0;1;1;0;0;0;0;0;0;0;0;0;0
162127;532;2023;Delantero;36;2671;31;6.863888;3;6;28;15;706;39;0;38;1;20;329;137;31;0;69;28;2;0;0;0;0;0
47463;532;2023;Mediocentro;37;3305;37;7.229729;7;1;28;12;1969;56;43;82;10;48;348;191;40;0;22;12;4;0;7;0;0;0
72048;532;2023;Defensa;36;1604;27;6.760869;0;0;4;3;832;1;0;26;7;18;126;68;8;0;7;3;3;0;0;0;0;0
162175;532;2023;Defensa;27;727;16;6.575;1;0;5;2;179;3;0;23;4;3;106;48;7;0;18;6;1;0;0;0;0;0
8587;532;2023;Mediocentro;20;597;7;6.621052;0;1;8;5;159;4;0;17;0;10;139;69;24;0;33;17;4;0;0;0;0;0
47527;532;2023;Portero;38;3330;37;6.951351;0;0;0;0;1025;2;0;1;0;0;12;11;3;0;1;1;2;0;0;47;107;0
401983;532;2023;Portero;0;0;0;0.0;0;0;0;0;0;0;0;0;0;0;0;0;0;0;0;0;0;0;0;0;0;0
911;532;2023;Portero;2;79;1;7.3;0;0;0;0;29;0;0;0;0;0;2;1;1;0;0;0;0;0;0;3;9;0
913;532;2023;Portero;1;56;0;6.7;0;0;0;0;14;0;0;0;0;0;1;1;0;0;0;0;0;0;0;1;2;0
915;532;2023;Defensa;18;1400;16;6.82;0;0;1;1;273;2;48;7;3;4;32;20;0;0;0;0;5;0;0;0;0;0
916;532;2023;Defensa;16;1071;15;6.871428;1;0;5;3;544;2;0;18;7;11;78;49;2;0;5;4;6;0;0;0;0;0
918;532;2023;Defensa;25;1797;23;6.941666;1;2;7;1;792;25;0;70;3;11;169;102;12;0;16;8;2;0;0;0;0;0
919;532;2023;Mediocentro;37;1311;24;6.608;1;0;3;2;685;9;0;24;3;12;129;66;25;0;2;2;7;0;0;0;0;0
19352;532;2023;Mediocentro;28;1243;23;6.826923;1;2;36;17;358;12;0;22;2;11;140;68;16;0;38;18;1;0;0;0;0;0
361385;532;2023;Defensa;31;737;19;6.733333;0;0;0;0;239;0;0;22;8;15;62;39;2;0;3;1;1;0;0;0;0;0
162931;532;2023;Mediocentro;32;2069;27;6.6125;1;4;13;2;529;19;0;30;0;14;266;98;23;0;87;40;4;0;0;0;0;0
439578;532;2023;Delantero;0;0;0;0.0;0;0;0;0;0;0;0;0;0;0;0;0;0;0;0;0;0;0;0;0;0;0
288074;532;2023;Delantero;22;299;12;6.553333;1;1;5;3;59;6;0;4;0;0;57;21;6;0;5;3;0;0;1;0;0;0
1482;532;2023;Defensa;32;2173;28;6.851612;0;2;3;2;1018;18;0;63;16;32;261;141;41;0;42;21;4;1;0;0;0;0
196290;532;2023;Mediocentro;0;0;0;0.0;0;0;0;0;0;0;0;0;0;0;0;0;0;0;0;0;0;0;0;0;0;0
333672;532;2023;Defensa;1;7;0;0.0;0;0;0;0;5;0;0;0;0;0;0;0;0;0;0;0;0;0;0;0;0;0
333682;532;2023;Defensa;36;3072;33;6.894444;0;0;9;2;1621;1;0;57;23;36;251;142;27;0;7;6;2;0;0;0;0;0
364414;532;2023;Delantero;3;22;0;6.6;0;0;3;1;4;0;0;0;0;0;1;0;0;0;0;0;0;0;0;0;0;0
364415;532;2023;Mediocentro;0;0;0;0.0;0;0;0;0;0;0;0;0;0;0;0;0;0;0;0;0;0;0;0;0;0;0
184420;533;2023;Defensa;14;259;6;6.55;0;0;1;1;119;0;0;12;0;1;35;22;6;0;6;3;1;0;0;0;0;0
131;533;2023;Defensa;29;1960;21;6.803448;3;1;19;7;1089;6;0;41;15;21;205;122;12;0;14;8;7;0;0;0;0;0
188571;533;2023;Defensa;0;0;0;0.0;0;0;0;0;0;0;0;0;0;0;0;0;0;0;0;0;0;0;0;0;0;0
166;533;2023;Defensa;12;1062;12;7.05;1;1;4;2;576;5;0;26;4;12;141;79;7;0;26;20;1;0;0;0;0;0
288;533;2023;Defensa;30;1497;25;6.755555;2;2;11;5;593;16;0;31;2;22;124;60;14;0;9;5;5;2;0;0;0;0
8492;533;2023;Delantero;35;2491;33;7.197058;23;6;59;36;461;33;0;6;4;0;312;135;19;0;71;30;3;0;0;0;0;0
314;533;2023;Defensa;30;2035;26;6.803846;0;1;5;1;1262;3;41;25;24;16;140;79;8;0;0;0;6;0;0;0;0;0
162122;533;2023;Defensa;18;779;13;6.436363;0;0;1;0;398;2;0;16;5;5;73;32;4;0;14;10;3;0;0;0;0;0
18794;533;2023;Defensa;23;1580;16;6.813043;0;0;1;0;937;7;0;34;6;31;112;53;3;0;11;6;7;0;0;0;0;0
47467;533;2023;Delantero;29;1037;8;6.644827;7;0;19;12;201;5;0;5;1;7;80;20;4;0;31;9;0;0;0;0;0;0
18802;533;2023;Mediocentro;32;1443;15;6.7125;1;1;10;5;797;9;0;33;4;22;208;117;41;0;42;22;8;0;0;0;0;0
47529;533;2023;Portero;0;0;0;0.0;0;0;0;0;0;0;0;0;0;0;0;0;0;0;0;0;0;0;0;0;0;0
47541;533;2023;Mediocentro;33;1662;25;6.785185;2;0;13;7;856;12;0;44;9;22;221;117;22;0;32;21;8;2;0;0;0;0
18906;533;2023;Delantero;32;2307;31;7.051612;9;1;52;26;710;30;0;59;4;22;377;177;48;0;104;50;4;0;0;0;0;0
671;533;2023;Delantero;11;567;6;6.918181;1;0;15;7;201;6;0;5;0;1;76;38;21;0;27;8;4;0;0;0;0;0
455356;533;2023;Defensa;0;0;0;0.0;0;0;0;0;0;0;0;0;0;0;0;0;0;0;0;0;0;0;0;0;0;0
340726;533;2023;Defensa;1;28;0;6.2;0;0;0;0;14;0;0;0;1;0;0;0;0;0;0;0;0;0;0;0;0;0
64268;533;2023;Defensa;0;0;0;0.0;0;0;0;0;0;0;0;0;0;0;0;0;0;0;0;0;0;0;0;0;0;0
885;533;2023;Defensa;10;839;9;6.66;0;0;1;0;383;0;0;5;8;9;48;32;5;0;7;7;4;0;0;0;0;0
924;533;2023;Mediocentro;19;919;16;6.752941;0;0;1;0;433;1;0;20;4;15;91;43;8;0;8;3;4;0;0;0;0;0
925;533;2023;Delantero;17;948;9;7.047058;3;2;17;8;300;19;0;6;0;2;70;34;16;0;16;10;0;0;0;0;0;0
928;533;2023;Mediocentro;34;2586;32;7.133333;3;5;10;6;1774;34;48;43;9;21;221;137;51;0;28;19;4;0;3;0;0;0
19485;533;2023;Delantero;14;260;2;6.446153;0;0;3;1;69;2;0;2;0;0;31;9;4;0;10;2;2;0;0;0;0;0
195717;533;2023;Defensa;16;1228;14;7.0875;2;1;10;4;695;5;0;27;2;18;118;84;27;0;9;4;4;0;0;0;0;0
56473;533;2023;Defensa;7;479;6;6.885714;0;0;0;0;297;1;0;10;2;7;47;30;3;0;0;0;2;0;0;0;0;0
169256;533;2023;Portero;0;0;0;0.0;0;0;0;0;0;0;0;0;0;0;0;0;0;0;0;0;0;0;0;0;0;0
1461;533;2023;Mediocentro;4;131;1;6.65;0;0;0;0;89;3;0;0;2;0;19;7;2;0;8;5;0;0;0;0;0;0
1567;533;2023;Defensa;32;1118;23;6.76875;1;0;4;2;729;2;44;13;7;8;56;30;5;0;0;0;3;0;0;0;0;0
187987;533;2023;Mediocentro;26;801;16;6.6;0;2;5;1;411;8;0;18;1;2;97;50;16;0;20;11;4;0;0;0;0;0
1624;533;2023;Portero;2;180;2;7.2;0;0;0;0;57;0;0;0;0;0;1;1;0;0;0;0;2;1;0;2;7;0
1700;533;2023;Mediocentro;0;0;0;0.0;0;0;0;0;0;0;0;0;0;0;0;0;0;0;0;0;0;0;0;0;0;0
1702;533;2023;Defensa;19;1120;14;6.621052;1;3;6;4;437;20;0;25;7;12;109;58;17;0;29;10;4;1;0;0;0;0
1705;533;2023;Mediocentro;14;298;2;6.638461;0;0;6;3;160;5;0;8;1;3;32;15;3;0;1;0;0;0;0;0;0;0
1707;533;2023;Delantero;30;2231;28;7.37;10;6;44;21;959;55;0;25;7;10;278;133;38;0;77;43;0;0;2;0;0;0
290482;533;2023;Delantero;1;13;0;6.7;0;0;0;0;5;0;0;0;0;0;2;1;0;0;1;1;0;0;0;0;0;0
286616;533;2023;Portero;36;3240;36;7.211111;0;0;0;0;1122;0;0;3;0;2;24;20;5;0;1;1;4;0;0;63;143;0
184226;533;2023;Mediocentro;8;479;7;6.971428;0;0;7;4;158;5;0;25;1;5;104;51;9;0;15;9;4;0;0;0;0;0
290740;533;2023;Forward;31;1521;24;6.751612;2;2;17;7;443;21;0;36;2;13;281;131;35;0;115;57;4;0;0;0;0;0
182219;533;2023;Mediocentro;34;2599;33;7.235294;2;14;51;26;1052;86;0;34;2;12;271;125;57;0;51;26;11;1;0;0;0;0
47111;534;2023;Mediocentro;20;368;2;6.6;1;1;7;3;151;2;0;5;1;3;43;13;4;0;11;2;0;0;0;0;0;0
2060;534;2023;Delantero;38;2478;34;6.805263;3;2;33;12;714;24;0;40;1;11;326;153;73;0;56;21;3;0;0;0;0;0
47180;534;2023;Delantero;8;158;1;6.6;1;0;1;1;98;1;0;1;0;0;13;5;3;0;2;1;1;0;0;0;0;0
47324;534;2023;Delantero;27;1818;21;6.918518;1;3;37;19;592;32;0;12;1;4;163;77;36;0;47;22;3;0;0;0;0;0
162026;534;2023;Defensa;31;1851;17;6.664516;0;2;10;3;638;13;0;39;2;14;237;99;26;0;40;19;5;0;0;0;0;0
182519;534;2023;Mediocentro;28;1807;26;6.835714;3;3;25;10;694;27;0;15;0;7;229;91;18;0;112;57;1;0;0;0;0;0
47393;534;2023;Delantero;26;724;6;6.828;4;1;20;11;222;8;0;9;0;2;121;51;19;0;33;14;4;0;1;0;0;0
47464;534;2023;Mediocentro;8;165;1;6.728571;0;0;1;0;156;0;0;2;2;2;16;10;5;0;3;1;0;0;0;0;0;0
12667;534;2023;Mediocentro;9;620;7;7.041666;2;3;9;5;533;28;0;19;0;4;91;47;16;0;19;9;1;0;0;0;0;0
440748;534;2023;Portero;0;0;0;0.0;0;0;0;0;0;0;0;0;0;0;0;0;0;0;0;0;0;0;0;0;0;0
131535;534;2023;Defensa;32;2568;30;6.9;2;0;5;5;1465;6;41;53;14;18;226;138;28;0;12;10;7;0;0;0;0;0
536;534;2023;Defensa;28;377;17;6.466666;0;0;0;0;235;0;0;11;3;6;37;21;5;0;3;0;0;1;0;0;0;0
21070;534;2023;Mediocentro;5;78;1;6.68;0;0;0;0;60;0;0;4;1;2;15;10;2;0;1;1;1;0;0;0;0;0
70315;534;2023;Mediocentro;37;3216;36;7.116216;6;2;26;14;3012;37;72;52;3;27;300;136;37;0;35;26;7;0;0;0;0;0
162475;534;2023;Defensa;36;3181;36;6.880555;0;1;2;0;2538;5;62;70;19;44;251;151;34;0;31;17;5;0;0;0;0;0
338750;534;2023;Delantero;0;0;0;0.0;0;0;0;0;0;0;0;0;0;0;0;0;0;0;0;0;0;0;0;0;0;0
70500;534;2023;Defensa;35;2816;33;7.082857;1;2;17;5;1730;39;40;90;7;46;384;219;60;0;33;17;10;0;0;0;0;0
297869;534;2023;Mediocentro;1;4;0;6.7;0;0;0;0;4;0;0;1;0;0;1;1;0;0;0;0;0;0;0;0;0;0
21709;534;2023;Mediocentro;34;1790;19;6.8625;0;1;11;6;1101;19;0;62;2;12;297;155;38;0;49;28;2;0;0;0;0;0
21714;534;2023;Delantero;17;719;9;6.51875;1;1;8;1;157;6;0;2;0;0;139;59;15;0;22;11;2;0;0;0;0;0
208198;534;2023;Portero;0;0;0;0.0;0;0;0;0;0;0;0;0;0;0;0;0;0;0;0;0;0;0;0;0;0;1
157194;534;2023;Delantero;17;500;6;6.717647;2;0;13;8;196;9;0;12;0;2;85;35;4;0;33;15;1;0;0;0;0;0
46673;534;2023;Portero;36;152;19;6.15;0;0;0;0;75;0;0;0;0;0;0;0;0;0;0;0;0;1;0;3;1;2
122468;534;2023;Defensa;33;2293;30;6.662068;1;0;15;4;1413;1;41;32;15;20;191;117;24;0;6;3;6;1;0;0;0;0
46860;534;2023;Mediocentro;37;2661;34;6.783783;2;3;24;9;1233;25;0;43;4;20;207;81;16;0;36;16;6;0;0;0;0;0
431890;534;2023;Defensa;4;291;3;7.175;2;0;3;3;220;0;48;6;1;2;19;12;1;0;1;1;1;0;0;0;0;0
51051;534;2023;Defensa;26;1462;21;7.029166;1;0;7;2;689;16;0;41;16;10;143;90;9;0;18;12;5;0;0;0;0;0
46990;534;2023;Portero;37;3264;37;7.156756;0;0;0;0;1717;0;0;3;0;0;26;18;6;0;1;1;2;1;0;44;113;2
46993;534;2023;Defensa;2;101;1;6.9;0;0;0;0;58;0;0;4;1;2;6;4;0;0;0;0;0;0;0;0;0;0
46996;534;2023;Defensa;22;251;12;6.525;0;0;1;0;145;0;0;4;1;2;20;12;3;0;2;0;1;0;0;0;0;0
47004;534;2023;Mediocentro;6;119;1;6.55;0;0;0;0;126;0;0;2;0;0;11;5;1;0;1;1;1;0;0;0;0;0
288699;534;2023;Mediocentro;29;1630;20;6.710344;0;0;7;3;1305;9;40;41;4;24;173;74;16;0;22;11;6;0;0;0;0;0
329729;536;2023;Mediocentro;0;0;0;0.0;0;0;0;0;0;0;0;0;0;0;0;0;0;0;0;0;0;0;0;0;0;0
2054;536;2023;Defensa;29;2012;25;6.855172;0;2;5;2;939;22;0;37;7;22;124;73;12;0;20;13;6;1;0;0;0;0
311344;536;2023;Delantero;6;29;0;6.325;0;0;2;2;6;0;0;1;0;0;10;5;1;0;0;0;0;0;0;0;0;0
149;536;2023;Mediocentro;18;1426;16;7.433333;2;1;21;8;934;49;42;30;5;14;120;69;19;0;17;8;6;0;0;0;0;0
176;536;2023;Mediocentro;20;491;13;6.833333;2;0;8;4;156;12;0;20;0;1;85;34;6;0;16;6;3;0;0;0;0;0
340152;536;2023;Mediocentro;0;0;0;0.0;0;0;0;0;0;0;0;0;0;0;0;0;0;0;0;0;0;0;0;0;0;0
47329;536;2023;Defensa;35;1770;26;6.91;1;4;12;4;665;27;0;46;6;15;179;100;32;0;30;12;1;0;0;0;0;0
47389;536;2023;Mediocentro;8;377;4;6.8;0;0;4;1;237;2;0;8;2;4;33;16;3;0;1;1;1;0;0;0;0;0
47416;536;2023;Mediocentro;0;0;0;6.85;0;1;24;10;421;21;0;24;1;5;142;63;15;0;30;14;0;0;0;0;0;0
47422;536;2023;Delantero;33;2573;32;6.966666;16;2;65;30;310;9;0;10;1;7;272;110;22;0;36;11;4;0;1;0;0;0
180560;536;2023;Mediocentro;17;107;10;6.76;0;0;1;0;48;4;0;3;0;0;23;10;4;0;4;3;2;0;0;0;0;0
297311;536;2023;Defensa;23;1608;19;6.926086;3;0;16;5;967;5;0;41;14;26;218;117;10;0;7;0;10;0;0;0;0;0
385;536;2023;Mediocentro;30;1628;24;6.8;0;1;7;3;825;22;0;37;4;6;205;82;23;0;23;11;3;0;0;0;0;0
389;536;2023;Mediocentro;2;15;0;6.7;0;0;0;0;12;0;0;0;0;1;2;1;0;0;1;1;0;0;0;0;0;0
125331;536;2023;Defensa;2;8;0;6.25;0;0;0;0;8;0;0;1;0;0;6;3;0;0;0;0;0;0;0;0;0;0
2468;536;2023;Defensa;0;0;0;0.0;0;0;0;0;0;0;0;0;0;0;0;0;0;0;0;0;0;0;0;0;0;0
433;536;2023;Defensa;20;354;12;6.783333;0;0;0;0;195;1;0;9;6;4;34;21;6;0;2;1;2;0;0;0;0;0
452;536;2023;Mediocentro;11;459;9;6.85;0;0;0;0;237;2;0;9;0;7;47;25;3;0;5;4;0;0;0;0;0;0
182772;536;2023;Mediocentro;26;1172;11;6.883333;0;2;10;2;552;17;0;56;7;12;194;118;23;0;49;25;2;0;0;0;0;0
21004;536;2023;Mediocentro;12;778;9;6.883333;0;0;5;2;358;9;0;23;1;7;73;41;2;0;8;7;3;0;0;0;0;0
285290;536;2023;Delantero;0;0;0;0.0;0;0;0;0;0;0;0;0;0;0;0;0;0;0;0;0;0;0;0;0;0;0
2701;536;2023;Portero;1;90;1;6.3;0;0;0;0;27;0;0;0;0;0;0;0;0;0;0;0;0;0;0;2;1;0
738;536;2023;Defensa;28;2518;28;7.307142;3;0;22;11;1516;4;48;45;30;41;239;154;22;0;9;6;7;1;0;0;0;0
162531;536;2023;Defensa;0;0;0;0.0;0;0;0;0;0;0;0;0;0;0;0;0;0;0;0;0;0;0;0;0;0;0
19172;536;2023;Portero;28;2160;26;7.15;0;0;0;0;676;2;0;0;0;0;13;12;2;0;0;0;1;0;0;27;78;0
760;536;2023;Delantero;9;239;2;6.7;0;0;13;2;51;2;0;1;0;0;36;12;1;0;2;1;1;0;0;0;0;0
2813;536;2023;Portero;36;1170;25;6.96923;0;0;0;0;323;0;0;1;0;1;6;5;1;0;1;1;1;0;0;25;44;0
174918;536;2023;Defensa;28;2284;27;6.975;0;1;13;3;1335;9;0;66;15;37;257;162;10;0;21;11;5;1;0;0;0;0
2924;536;2023;Mediocentro;8;185;0;6.625;0;0;6;1;77;2;0;3;0;1;30;20;9;0;9;5;0;0;0;0;0;0
25458;536;2023;Delantero;24;1134;18;6.83913;5;1;37;17;311;13;0;5;2;2;155;69;22;0;56;30;0;0;0;0;0;0
957;536;2023;Mediocentro;27;1472;23;6.804166;1;1;10;5;674;15;0;28;3;17;132;66;19;0;7;5;5;0;0;0;0;0
185398;536;2023;Delantero;14;1050;14;6.814285;4;4;34;17;191;11;0;6;0;0;125;52;17;0;29;13;2;0;0;0;0;0
308346;536;2023;Portero;0;0;0;0.0;0;0;0;0;0;0;0;0;0;0;0;0;0;0;0;0;0;0;0;0;0;0
335037;536;2023;Defensa;1;36;0;6.7;0;0;0;0;9;0;0;0;1;0;2;1;0;0;1;1;0;0;0;0;0;0
335057;536;2023;Defensa;0;0;0;0.0;0;0;0;0;0;0;0;0;0;0;0;0;0;0;0;0;0;0;0;0;0;0
386270;536;2023;Delantero;0;0;0;0.0;0;0;0;0;0;0;0;0;0;0;0;0;0;0;0;0;0;0;0;0;0;0
195923;536;2023;Defensa;0;0;0;0.0;0;0;0;0;0;0;0;0;0;0;0;0;0;0;0;0;0;0;0;0;0;0
1489;536;2023;Mediocentro;24;1744;22;6.927272;1;1;13;3;1051;7;41;30;9;27;156;86;11;0;6;4;7;0;0;0;0;0
1493;536;2023;Defensa;23;1296;21;6.909523;1;2;8;4;640;24;0;33;2;4;131;73;17;0;18;10;7;0;0;0;0;0
331330;536;2023;Portero;0;0;0;0.0;0;0;0;0;0;0;0;0;0;0;0;0;0;0;0;0;0;0;0;0;0;0
1650;536;2023;Mediocentro;29;1512;15;7.024137;1;4;17;6;755;41;0;24;0;5;178;94;35;0;43;27;5;1;0;0;0;0
22233;536;2023;Mediocentro;28;2288;26;6.857142;0;1;1;0;1225;8;0;39;7;26;181;107;29;0;24;19;10;0;0;0;0;0
30433;536;2023;Mediocentro;0;0;0;0.0;0;0;0;0;0;0;0;0;0;0;0;0;0;0;0;0;0;0;0;0;0;0
331607;536;2023;Mediocentro;14;120;6;6.633333;0;0;1;0;49;2;0;4;0;0;11;7;2;0;2;1;1;0;0;0;0;0
1911;536;2023;Mediocentro;35;2886;34;7.111428;4;3;54;24;1001;36;0;66;1;21;485;247;71;0;114;47;9;0;1;0;0;0
290686;536;2023;Portero;0;0;0;0.0;0;0;0;0;0;0;0;0;0;0;0;0;0;0;0;0;0;0;0;0;0;0
47013;536;2023;Delantero;15;381;3;6.6;2;0;11;7;84;5;0;2;0;1;55;21;5;0;5;2;1;0;0;0;0;0
133110;536;2023;Defensa;23;331;12;6.4125;0;0;1;0;151;0;0;12;0;3;38;22;4;0;2;2;3;0;0;0;0;0
286795;538;2023;Portero;0;0;0;0.0;0;0;0;0;0;0;0;0;0;0;0;0;0;0;0;0;0;0;0;0;0;0
286796;538;2023;Mediocentro;9;257;8;6.9;0;2;1;0;204;6;0;5;2;1;16;6;1;0;0;0;1;0;0;0;0;0
47277;538;2023;Defensa;38;2802;33;6.923529;1;0;18;5;1628;10;0;50;24;51;297;172;24;0;12;10;4;0;0;0;0;0
26845;538;2023;Delantero;35;942;21;6.773333;7;1;19;15;164;8;0;15;3;2;168;88;30;0;19;9;2;0;0;0;0;0
2278;538;2023;Defensa;21;250;12;7.06;0;0;3;2;172;5;0;5;0;4;32;16;6;0;5;3;0;0;0;0;0;0
182504;538;2023;Mediocentro;2;17;1;6.3;0;0;0;0;4;0;0;0;0;0;3;0;0;0;1;0;0;0;0;0;0;0
162034;538;2023;Mediocentro;17;702;7;6.585714;0;0;3;0;335;1;0;14;2;4;70;32;10;0;3;3;2;0;0;0;0;0
313651;538;2023;Mediocentro;37;727;22;6.80625;0;1;6;1;554;15;0;20;1;2;86;34;3;0;15;9;1;0;0;0;0;0
47427;538;2023;Portero;12;1015;12;6.6;0;0;0;0;273;1;0;0;0;0;6;3;2;0;0;0;0;2;0;18;28;2
47434;538;2023;Defensa;12;706;10;6.558333;0;0;2;1;314;3;0;15;3;5;70;38;10;0;7;3;3;0;0;0;0;0
47435;538;2023;Mediocentro;38;2444;33;6.721875;0;0;11;3;1341;18;0;56;2;19;228;98;16;0;24;12;2;0;0;0;0;0
47445;538;2023;Delantero;35;2715;31;7.542857;9;10;61;28;1144;91;0;11;3;8;215;105;59;0;40;28;6;1;3;0;0;0
67955;538;2023;Delantero;29;768;18;6.66875;1;1;14;6;236;10;0;13;1;5;116;43;12;0;32;14;3;0;0;0;0;0
2433;538;2023;Mediocentro;30;1347;21;7.0;0;0;15;1;699;7;0;41;7;19;223;136;27;0;35;26;5;1;0;0;0;0
18835;538;2023;Portero;27;2402;26;7.1;0;0;0;0;668;0;0;1;0;0;20;17;5;0;0;0;2;0;0;39;83;1
2464;538;2023;Portero;0;0;0;0.0;0;0;0;0;0;0;0;0;0;0;0;0;0;0;0;0;0;0;0;0;0;2
18896;538;2023;Defensa;12;747;10;6.645454;0;1;1;0;360;1;0;16;3;2;76;37;4;0;8;4;3;0;0;0;0;0
570;538;2023;Mediocentro;29;562;19;6.823529;0;1;5;1;240;10;0;25;0;9;83;50;19;0;5;0;2;0;0;0;0;0
19026;538;2023;Mediocentro;33;1957;26;6.666666;1;4;14;8;746;17;0;40;4;11;226;83;19;0;29;10;4;1;0;0;0;0
185075;538;2023;Portero;0;0;0;0.0;0;0;0;0;0;0;0;0;0;0;0;0;0;0;0;0;0;0;0;0;0;1
162605;538;2023;Defensa;0;0;0;0.0;0;0;0;0;0;0;0;0;0;0;0;0;0;0;0;0;0;0;0;0;0;0
64309;538;2023;Defensa;37;1786;28;6.788;0;5;4;2;639;20;0;53;3;18;169;79;5;0;26;11;3;0;0;0;0;0
269163;538;2023;Mediocentro;31;449;18;6.764285;5;0;10;6;104;3;0;9;1;1;62;32;11;0;13;7;1;0;0;0;0;0
47988;538;2023;Defensa;34;2218;31;7.029629;1;0;11;5;1033;2;0;36;28;34;178;117;10;0;1;0;4;0;0;0;0;0
162712;538;2023;Defensa;38;3002;36;7.015789;2;2;23;13;1571;50;0;62;7;17;299;159;44;0;71;37;4;0;0;0;0;0
21584;538;2023;Defensa;19;808;14;6.733333;0;0;6;4;387;6;0;15;2;11;86;46;14;0;18;7;2;0;0;0;0;0
384135;538;2023;Defensa;0;0;0;0.0;0;0;0;0;0;0;0;0;0;0;0;0;0;0;0;0;0;0;0;0;0;0
304383;538;2023;Delantero;10;330;2;6.49;1;0;6;2;88;2;0;6;0;3;37;17;3;0;7;3;1;0;0;0;0;0
1364;538;2023;Mediocentro;19;893;12;6.8;0;1;5;3;483;2;0;27;5;12;125;63;13;0;10;6;1;0;0;0;0;0
22235;538;2023;Delantero;30;1993;28;6.966666;3;2;25;16;704;38;0;13;0;18;253;126;65;0;94;41;0;0;0;0;0;0
179955;538;2023;Defensa;1;19;0;6.2;0;0;0;0;13;0;0;0;0;0;2;1;1;0;1;0;0;0;0;0;0;0
1830;538;2023;Delantero;0;0;0;0.0;0;0;0;0;0;0;0;0;0;0;0;0;0;0;0;0;0;0;0;0;0;0
286559;538;2023;Defensa;37;1605;28;6.704545;0;0;5;0;855;3;0;33;12;22;140;78;8;0;2;2;2;0;0;0;0;0
1926;538;2023;Defensa;6;406;4;6.75;0;0;2;0;181;1;0;8;1;4;43;24;0;0;2;2;0;0;0;0;0;0
286623;538;2023;Portero;0;0;0;0.0;0;0;0;0;0;0;0;0;0;0;0;0;0;0;0;0;0;0;0;0;0;0
192434;538;2023;Delantero;15;288;2;6.392307;0;0;4;0;93;2;0;6;0;4;66;21;11;0;14;3;2;0;0;0;0;0
2032;538;2023;Delantero;37;2888;36;6.905405;13;3;67;35;596;24;0;21;1;5;433;168;48;0;68;28;5;0;0;0;0;0
329720;538;2023;Mediocentro;15;781;10;7.133333;1;1;8;4;371;19;0;14;1;5;93;44;9;0;26;16;1;0;0;0;0;0
329722;538;2023;Defensa;1;90;1;6.7;0;0;0;0;87;0;82;1;0;0;4;3;2;0;0;0;0;0;0;0;0;0
2207;541;2023;Mediocentro;31;1824;28;7.193548;0;2;12;7;1297;20;0;78;8;29;319;200;68;0;54;36;9;0;0;0;0;0
2273;541;2023;Portero;35;1197;23;7.035714;0;0;0;0;399;0;0;0;0;0;5;4;2;0;0;0;1;0;0;9;30;1
162028;541;2023;Delantero;0;0;0;0.0;0;0;0;0;0;0;0;0;0;0;0;0;0;0;0;0;0;0;0;0;0;0
2285;541;2023;Defensa;34;2707;32;6.939393;1;0;13;2;1799;5;49;25;20;11;137;80;5;0;3;1;7;0;0;0;0;0
47400;541;2023;Portero;21;1890;21;7.15238;0;0;0;0;569;1;0;0;0;0;12;11;3;0;0;0;2;0;0;17;48;1
372;541;2023;Defensa;10;497;7;6.8625;0;0;2;2;326;0;0;7;3;5;46;24;5;0;0;0;0;0;0;0;0;0
18907;541;2023;Delantero;34;1674;15;6.838235;10;2;48;29;347;12;0;6;1;6;134;68;14;0;13;6;1;0;0;0;0;0
505;541;2023;Defensa;15;1156;15;7.135714;0;1;10;4;878;10;57;14;7;16;42;24;0;0;0;0;2;0;0;0;0;0
653;541;2023;Defensa;28;1734;26;6.891304;0;0;3;2;1134;11;46;15;2;13;101;49;15;0;26;13;5;0;0;0;0;0
129718;541;2023;Mediocentro;32;2324;30;8.035714;19;6;49;35;1500;48;48;43;5;21;345;189;72;0;85;50;5;1;1;0;0;0
330438;541;2023;Defensa;0;0;0;0.0;0;0;0;0;0;0;0;0;0;0;0;0;0;0;0;0;0;0;0;0;0;0
730;541;2023;Portero;5;333;5;8.05;0;0;0;0;98;1;0;1;0;0;3;3;1;0;0;0;0;0;0;0;16;0
733;541;2023;Defensa;28;2176;25;7.218518;4;3;16;10;1270;22;41;48;9;22;185;96;19;0;20;9;4;0;0;0;0;0
735;541;2023;Defensa;34;1765;28;6.872413;0;1;4;1;1267;5;40;18;13;18;108;59;13;0;5;2;4;2;0;0;0;0
736;541;2023;Defensa;25;1395;15;6.933333;1;5;8;1;810;16;0;25;3;19;117;56;15;0;17;8;2;0;0;0;0;0
737;541;2023;Defensa;0;0;0;0.0;0;0;0;0;0;0;0;0;0;0;0;0;0;0;0;0;0;0;0;0;0;0
744;541;2023;Mediocentro;38;1582;28;7.226666;8;6;27;17;697;30;0;29;1;5;257;129;42;0;105;55;0;0;0;0;0;0
748;541;2023;Mediocentro;20;584;5;6.682352;0;2;3;1;528;11;0;10;2;0;76;36;19;0;13;5;2;0;0;0;0;0
334575;541;2023;Portero;0;0;0;0.0;0;0;0;0;0;0;0;0;0;0;0;0;0;0;0;0;0;0;0;0;0;1
752;541;2023;Mediocentro;33;2129;24;7.639393;1;8;25;13;2369;63;67;53;4;17;168;104;38;0;8;5;3;0;0;0;0;0
754;541;2023;Mediocentro;32;1686;18;7.33125;2;6;19;10;1562;57;44;21;4;21;149;71;21;0;37;21;2;0;0;0;0;0
756;541;2023;Mediocentro;37;2911;33;7.386486;2;7;42;19;2073;49;51;47;2;42;183;105;15;0;43;22;2;0;0;0;0;0
757;541;2023;Defensa;29;1409;14;7.239285;3;6;11;7;917;30;0;37;5;12;158;89;24;0;43;24;0;0;0;0;0;0
162547;541;2023;Mediocentro;0;0;0;0.0;0;0;0;0;0;0;0;0;0;0;0;0;0;0;0;0;0;0;0;0;0;0
762;541;2023;Delantero;29;1872;26;7.307692;15;5;62;39;623;32;0;18;0;1;311;138;54;0;160;65;7;0;1;0;0;0
336711;541;2023;Delantero;6;21;3;6.6;0;0;1;1;7;0;0;0;1;0;3;1;1;0;1;0;0;0;0;0;0;0
291964;541;2023;Mediocentro;21;390;10;7.23;6;0;10;6;203;2;0;6;0;2;53;25;8;0;20;11;1;0;0;0;0;0
343202;541;2023;Delantero;1;0;0;0.0;0;0;0;0;0;0;0;0;0;0;3;2;0;0;2;2;0;0;0;0;0;0
343205;541;2023;Mediocentro;5;16;2;6.8;0;0;0;0;15;0;0;5;1;0;8;6;1;0;0;0;0;0;0;0;0;0
396475;541;2023;Portero;0;0;0;0.0;0;0;0;0;0;0;0;0;0;0;0;0;0;0;0;0;0;0;0;0;0;0
279792;541;2023;Defensa;0;0;0;0.0;0;0;0;0;0;0;0;0;0;0;0;0;0;0;0;0;0;0;0;0;0;0
1271;541;2023;Mediocentro;28;1991;25;7.185185;3;1;15;7;1492;11;50;37;13;28;183;116;22;0;9;6;7;0;0;0;0;0
386305;541;2023;Defensa;0;0;0;0.0;0;0;0;0;0;0;0;0;0;0;0;0;0;0;0;0;0;0;0;0;0;0
206260;541;2023;Portero;0;0;0;0.0;0;0;0;0;0;0;0;0;0;0;0;0;0;0;0;0;0;0;0;0;0;0
189997;541;2023;Portero;0;0;0;0.0;0;0;0;0;0;0;0;0;0;0;0;0;0;0;0;0;0;0;0;0;0;0
237174;541;2023;Defensa;0;0;0;0.0;0;0;0;0;0;0;0;0;0;0;0;0;0;0;0;0;0;0;0;0;0;0
10009;541;2023;Delantero;37;2389;34;7.302941;10;5;67;36;961;46;0;17;0;8;271;128;46;0;128;60;2;0;0;0;0;0
350037;541;2023;Mediocentro;12;26;5;6.5;0;0;1;0;23;0;0;0;0;1;4;1;0;0;2;0;0;0;0;0;0;0
401419;542;2023;Mediocentro;0;0;0;0.0;0;0;0;0;0;0;0;0;0;0;0;0;0;0;0;0;0;0;0;0;0;0
43084;542;2023;Mediocentro;22;798;8;6.861904;0;2;24;9;229;24;0;17;0;5;113;63;19;0;22;14;3;0;0;0;0;0
6233;542;2023;Defensa;25;1128;11;6.782608;1;0;4;1;380;7;0;29;8;12;125;75;14;0;9;7;5;0;0;0;0;0
47299;542;2023;Defensa;36;2864;33;6.844117;1;0;9;6;957;15;0;60;8;28;315;151;41;0;42;25;6;0;0;0;0;0
47306;542;2023;Mediocentro;35;1274;23;6.844827;0;3;18;7;305;27;0;27;2;11;199;113;28;0;68;42;2;0;0;0;0;0
47309;542;2023;Mediocentro;37;2936;34;6.778378;1;0;9;3;1451;21;0;59;12;13;307;153;30;0;29;19;7;0;0;0;0;0
313562;542;2023;Defensa;1;13;0;6.2;0;0;0;0;1;0;0;0;0;0;0;0;0;0;0;0;0;0;0;0;0;0
358628;542;2023;Delantero;35;1922;26;6.652941;8;1;55;25;314;16;0;6;2;1;304;116;30;0;54;21;6;0;0;0;0;0
47353;542;2023;Portero;34;3060;34;6.985294;0;0;0;0;982;4;0;0;0;0;11;9;2;0;0;0;3;0;0;38;87;2
47355;542;2023;Defensa;34;1892;25;6.835714;2;1;13;5;641;17;0;39;5;22;170;99;30;0;6;4;7;0;0;0;0;0
47396;542;2023;Delantero;37;1437;30;6.815625;3;2;51;26;289;18;0;8;5;1;235;109;36;0;32;15;3;0;0;0;0;0
8518;542;2023;Delantero;2;16;0;6.45;0;0;0;0;7;0;0;0;1;0;11;5;2;0;1;0;0;0;0;0;0;0
323935;542;2023;Delantero;14;628;6;6.646153;1;2;10;3;154;11;0;7;0;5;77;24;6;0;21;9;1;0;0;0;0;0
182636;542;2023;Defensa;37;2387;32;6.838709;1;3;13;3;775;14;0;23;9;10;225;120;29;0;70;41;3;0;0;0;0;0
104821;542;2023;Mediocentro;37;2698;36;6.877777;3;4;25;8;800;32;0;42;3;22;281;132;30;0;35;14;2;0;0;0;0;0
47494;542;2023;Delantero;3;65;1;6.366666;0;0;2;1;15;0;0;0;0;0;12;4;3;0;0;0;0;0;0;0;0;0
311740;542;2023;Mediocentro;9;12;4;6.3;0;0;0;0;6;0;0;0;0;0;1;0;0;0;0;0;0;0;0;0;0;0
41412;542;2023;Defensa;0;0;0;0.0;0;0;0;0;0;0;0;0;0;0;0;0;0;0;0;0;0;0;0;0;0;0
18895;542;2023;Defensa;0;0;0;0.0;0;0;0;0;0;0;0;0;0;0;0;0;0;0;0;0;0;0;0;0;0;0
608;542;2023;Delantero;31;2555;30;6.78387;6;3;43;15;608;26;0;50;5;10;527;204;43;0;128;53;8;1;0;0;0;0
107217;542;2023;Delantero;10;297;3;6.75;0;0;4;0;83;6;0;5;1;1;35;10;0;0;7;3;1;0;0;0;0;0
760;542;2023;Delantero;14;259;8;6.7;0;0;13;2;51;2;0;1;0;0;36;12;1;0;2;1;1;0;0;0;0;0
439032;542;2023;Portero;0;0;0;0.0;0;0;0;0;0;0;0;0;0;0;0;0;0;0;0;0;0;0;0;0;0;0
215810;542;2023;Delantero;0;0;0;0.0;0;0;0;0;0;0;0;0;0;0;0;0;0;0;0;0;0;0;0;0;0;0
187214;542;2023;Delantero;19;1118;16;6.972222;2;4;13;8;259;34;0;16;0;4;169;77;25;0;37;15;1;0;0;0;0;0
162686;542;2023;Mediocentro;33;2435;29;6.778125;0;1;10;3;1024;20;0;61;2;34;277;141;40;0;27;19;5;1;0;0;0;0
297973;542;2023;Mediocentro;0;0;0;0.0;0;0;0;0;0;0;0;0;0;0;0;0;0;0;0;0;0;0;0;0;0;0
197800;542;2023;Delantero;2;14;0;6.3;0;0;0;0;4;0;0;0;0;0;3;0;0;0;2;0;0;0;0;0;0;0
163060;542;2023;Portero;0;0;0;0.0;0;0;0;0;0;0;0;0;0;0;0;0;0;0;0;0;0;0;0;0;0;1
1461;542;2023;Mediocentro;5;138;2;6.65;0;0;0;0;89;3;0;0;2;0;19;7;2;0;8;5;0;0;0;0;0;0
183748;542;2023;Delantero;2;14;0;6.2;0;0;0;0;4;0;0;0;0;0;1;0;0;0;0;0;0;0;0;0;0;0
183751;542;2023;Delantero;23;713;6;6.668181;1;0;13;4;148;18;0;9;1;3;100;36;10;0;26;10;1;0;0;0;0;0
40419;542;2023;Defensa;12;948;12;6.745454;1;0;4;1;402;2;0;14;4;13;76;36;4;0;2;2;2;0;0;0;0;0
237066;542;2023;Defensa;36;2460;32;6.838709;0;0;12;3;1019;5;0;31;21;33;192;106;16;0;4;3;6;0;0;0;0;0
192011;542;2023;Defensa;0;0;0;0.0;0;0;0;0;0;0;0;0;0;0;0;0;0;0;0;0;0;0;0;0;0;0
390742;542;2023;Delantero;8;222;2;6.65;0;0;7;2;44;2;0;3;0;1;43;24;4;0;0;0;0;0;0;0;0;0
122471;542;2023;Portero;35;360;19;7.3;0;0;0;0;110;0;0;0;0;0;2;2;0;0;0;0;1;0;0;8;16;2
442058;542;2023;Defensa;0;0;0;0.0;0;0;0;0;0;0;0;0;0;0;0;0;0;0;0;0;0;0;0;0;0;0
46813;542;2023;Defensa;31;2314;29;6.803703;0;0;8;3;748;3;0;35;26;23;184;100;23;0;4;3;10;0;0;0;0;0
139001;542;2023;Mediocentro;37;1173;25;6.6625;1;2;21;7;434;12;0;18;3;9;186;77;16;0;28;7;5;0;0;0;0;0
403241;542;2023;Portero;0;0;0;0.0;0;0;0;0;0;0;0;0;0;0;0;0;0;0;0;0;0;0;0;0;0;0
46933;542;2023;Delantero;38;2532;34;7.005555;5;4;34;19;655;42;0;27;1;16;212;96;18;0;65;41;4;0;3;0;0;0
438131;542;2023;Defensa;0;0;0;0.0;0;0;0;0;0;0;0;0;0;0;0;0;0;0;0;0;0;0;0;0;0;0
128951;542;2023;Defensa;2;1;0;6.7;0;0;0;0;0;0;0;1;0;0;1;1;0;0;0;0;0;0;0;0;0;0
6085;542;2023;Mediocentro;33;1150;22;6.782758;3;1;10;7;452;6;0;55;5;19;191;101;9;0;4;2;5;0;0;0;0;0
47119;543;2023;Defensa;18;1015;11;6.858823;2;1;9;2;473;11;0;46;1;14;165;90;13;0;41;27;5;0;0;0;0;0
358431;543;2023;Defensa;0;0;0;0.0;0;0;0;0;0;0;0;0;0;0;0;0;0;0;0;0;0;0;0;0;0;0
133185;543;2023;Mediocentro;17;1332;15;7.123529;1;2;10;3;633;8;0;48;5;32;194;116;19;0;19;11;3;0;0;0;0;0
134;543;2023;Defensa;25;1862;21;7.028;1;1;12;6;920;24;0;38;6;19;179;105;34;0;15;7;8;0;0;0;0;0
47319;543;2023;Delantero;33;1981;25;7.012121;10;5;40;24;529;27;0;7;2;2;145;64;20;0;13;6;0;1;0;0;0;0
47320;543;2023;Delantero;0;0;0;6.74375;0;1;12;7;222;11;0;9;0;6;122;37;11;0;22;9;0;0;0;0;0;0
47341;543;2023;Mediocentro;26;1988;24;7.026923;2;2;14;7;1160;19;0;52;6;17;215;96;23;0;20;11;5;0;0;0;0;0
47348;543;2023;Delantero;11;404;4;6.690909;0;1;5;0;100;11;0;0;0;2;33;12;5;0;2;1;2;0;0;0;0;0
278898;543;2023;Defensa;26;2164;24;6.838461;0;0;10;5;1195;2;41;36;14;22;151;88;7;0;0;0;1;0;0;0;0;0
2469;543;2023;Defensa;32;2771;32;6.978125;1;0;16;5;1480;4;0;34;18;32;216;134;13;0;6;3;7;0;0;0;0;0
2476;543;2023;Mediocentro;24;1849;24;7.045833;2;0;12;7;1032;4;0;53;6;29;196;118;35;0;13;10;6;0;0;0;0;0
47579;543;2023;Delantero;6;301;4;6.894117;1;3;19;6;279;21;0;3;0;5;85;38;20;0;15;5;3;0;0;0;0;0
18906;543;2023;Delantero;31;2309;29;7.051612;9;1;52;26;710;30;0;59;4;22;377;177;48;0;104;50;4;0;0;0;0;0
614;543;2023;Portero;7;630;7;7.1;0;0;0;0;199;1;0;0;0;0;4;3;1;0;0;0;0;0;0;5;16;0
305797;543;2023;Mediocentro;0;0;0;0.0;0;0;0;0;0;0;0;0;0;0;0;0;0;0;0;0;0;0;0;0;0;0
668;543;2023;Delantero;19;1047;10;7.144444;1;2;18;9;548;30;0;15;0;7;144;81;35;0;27;21;1;0;0;0;0;0
745;543;2023;Mediocentro;29;2338;29;7.534482;8;5;44;26;1335;81;0;41;1;10;423;212;79;0;128;76;10;0;2;0;0;0
185202;543;2023;Mediocentro;5;71;0;6.56;0;0;2;0;20;1;0;0;0;0;13;7;2;0;7;4;0;0;0;0;0;0
351131;543;2023;Mediocentro;0;0;0;0.0;0;0;0;0;0;0;0;0;0;0;0;0;0;0;0;0;0;0;0;0;0;0
351127;543;2023;Defensa;0;0;0;0.0;0;0;0;0;0;0;0;0;0;0;0;0;0;0;0;0;0;0;0;0;0;0
3033;543;2023;Delantero;4;195;2;6.6;0;0;3;1;40;3;0;1;0;0;25;8;3;0;3;1;1;0;0;0;0;0
185477;543;2023;Mediocentro;29;1038;9;6.713793;0;0;10;5;519;15;0;17;0;8;140;70;29;0;48;24;0;0;0;0;0;0
181421;543;2023;Delantero;3;67;2;6.75;0;0;4;1;26;2;0;1;0;0;15;7;3;0;4;2;0;0;0;0;0;0
1264;543;2023;Defensa;17;1048;13;6.725;0;1;4;0;539;4;0;17;3;11;92;45;6;0;20;12;2;0;0;0;0;0
286084;543;2023;Mediocentro;14;563;6;6.691666;1;0;3;2;314;4;0;15;1;9;69;31;8;0;11;6;1;0;0;0;0;0
1439;543;2023;Defensa;23;1713;20;6.556521;0;1;2;0;768;15;0;34;5;22;211;77;10;0;47;17;0;1;0;0;0;0
1450;543;2023;Defensa;15;1134;12;6.806666;0;0;2;1;573;1;0;21;9;6;87;52;6;0;0;0;6;0;0;0;0;0
9700;543;2023;Defensa;33;1418;22;6.7;0;1;1;0;609;8;0;25;5;15;105;47;2;0;11;6;3;0;0;0;0;0
1561;543;2023;Defensa;3;226;3;6.566666;0;0;1;0;116;0;0;4;1;3;22;11;1;0;2;2;1;0;0;0;0;0
1568;543;2023;Mediocentro;2;25;0;6.9;0;0;0;0;17;0;0;5;1;1;7;6;1;0;0;0;0;0;0;0;0;0
1573;543;2023;Mediocentro;18;458;11;6.8;0;0;2;0;284;5;0;17;2;6;58;30;3;0;7;6;2;0;0;0;0;0
1580;543;2023;Mediocentro;22;666;4;6.75;1;3;6;3;627;10;0;20;1;8;77;37;5;0;12;4;2;0;0;0;0;0
400948;543;2023;Delantero;29;1056;21;6.583333;2;0;15;3;254;10;0;20;4;7;181;73;22;0;45;17;4;0;0;0;0;0
265785;543;2023;Delantero;16;618;11;6.985714;0;3;12;4;185;11;0;15;0;5;126;71;15;0;39;26;1;0;0;0;0;0
46672;543;2023;Portero;28;2476;28;7.142857;0;0;0;0;837;0;0;0;0;1;26;18;7;0;1;1;4;0;0;36;87;0
1697;543;2023;Mediocentro;15;1153;14;7.173333;3;2;9;6;605;23;0;24;0;22;118;60;14;0;25;11;2;0;0;0;0;0
439994;543;2023;Defensa;2;42;0;6.75;0;0;1;0;21;1;0;1;0;1;4;3;1;0;1;1;0;0;0;0;0;0
179996;543;2023;Portero;4;314;3;7.2;0;0;0;0;99;0;0;1;0;0;2;2;0;0;0;0;0;0;0;4;14;0
1847;543;2023;Defensa;4;360;4;6.875;0;0;2;0;167;1;0;7;4;4;19;10;1;0;0;0;1;0;0;0;0;0
329663;543;2023;Portero;0;0;0;0.0;0;0;0;0;0;0;0;0;0;0;0;0;0;0;0;0;0;0;0;0;0;0
188413;543;2023;Defensa;3;164;1;6.8;0;0;0;0;62;0;0;2;2;2;14;5;1;0;0;0;0;0;0;0;0;0
6168;546;2023;Defensa;31;2191;24;6.727586;0;1;18;5;1037;13;0;28;18;14;204;103;11;0;12;9;8;1;0;0;0;0
47247;546;2023;Portero;38;3414;38;7.094736;0;0;0;0;1168;0;0;0;0;0;8;4;2;0;0;0;3;0;0;52;124;0
143;546;2023;Mediocentro;29;1011;10;6.575862;1;1;11;5;357;18;0;24;3;4;149;59;18;0;25;6;6;0;0;0;0;0
47250;546;2023;Defensa;33;2490;32;6.730303;0;0;4;1;1038;6;0;34;15;23;232;125;37;0;21;18;14;1;0;0;0;0
47257;546;2023;Defensa;18;1306;18;6.675;0;2;3;1;478;17;0;37;3;10;135;66;12;0;19;9;7;1;0;0;0;0
47258;546;2023;Mediocentro;7;337;3;6.528571;0;0;8;2;135;2;0;6;0;2;55;16;3;0;6;2;2;0;0;0;0;0
270516;546;2023;Delantero;16;646;10;6.666666;0;0;14;6;136;7;0;5;0;7;89;39;11;0;27;13;1;0;0;0;0;0
194782;546;2023;Mediocentro;0;0;0;0.0;0;0;0;0;0;0;0;0;0;0;0;0;0;0;0;0;0;0;0;0;0;0
162028;546;2023;Delantero;32;1551;15;6.790322;2;0;36;15;361;19;0;9;0;4;419;196;39;0;11;6;6;0;0;0;0;0
162030;546;2023;Defensa;13;572;5;6.508333;0;0;5;3;211;7;0;16;2;8;106;40;6;0;17;7;1;0;0;0;0;0
51449;546;2023;Defensa;34;2537;29;6.788235;2;0;9;3;890;8;0;68;11;35;251;138;10;0;20;9;7;0;0;0;0;0
184617;546;2023;Mediocentro;0;0;0;0.0;0;0;0;0;0;0;0;0;0;0;0;0;0;0;0;0;0;0;0;0;0;0
47416;546;2023;Mediocentro;24;961;9;6.85;2;1;24;10;421;21;0;24;1;5;142;63;15;0;30;14;9;0;0;0;0;0
18794;546;2023;Defensa;36;1587;27;6.813043;0;0;1;0;937;7;0;34;6;31;112;53;3;0;11;6;8;1;0;0;0;0
47472;546;2023;Delantero;27;2164;25;7.062962;15;1;34;27;532;20;0;9;0;4;272;106;32;0;40;18;2;0;4;0;0;0
47499;546;2023;Delantero;3;138;1;6.8;0;1;1;0;34;3;0;0;0;0;29;10;5;0;3;2;0;0;0;0;0;0
47520;546;2023;Delantero;3;94;0;6.766666;0;0;1;1;21;2;0;5;0;0;14;6;0;0;3;0;1;0;0;0;0;0
47525;546;2023;Delantero;6;87;0;6.792307;0;0;20;9;131;7;0;7;1;2;147;50;20;0;15;4;1;0;0;0;0;0
184743;546;2023;Mediocentro;2;24;1;6.3;0;0;0;0;7;0;0;1;0;0;6;2;1;0;3;0;0;0;0;0;0;0
293297;546;2023;Mediocentro;0;0;0;0.0;0;0;0;0;0;0;0;0;0;0;0;0;0;0;0;0;0;0;0;0;0;0
18867;546;2023;Defensa;32;2537;28;6.953125;0;7;16;5;1042;39;0;64;8;41;286;159;55;0;31;11;10;0;0;0;0;0
162123;546;2023;Mediocentro;14;607;8;6.7;0;2;3;1;201;5;0;20;1;4;109;57;23;0;12;4;4;0;0;0;0;0
2671;546;2023;Delantero;35;1791;22;6.727272;5;1;24;12;472;18;0;25;1;17;274;107;25;0;15;8;9;0;0;0;0;0
348885;546;2023;Mediocentro;1;1;0;6.2;0;0;0;0;0;0;0;0;0;0;0;0;0;0;0;0;0;0;0;0;0;0
763;546;2023;Portero;38;21;19;6.2;0;0;0;0;9;0;0;0;0;0;0;0;0;0;0;0;0;0;0;2;0;0
2819;546;2023;Defensa;11;701;9;6.672727;1;0;1;1;251;2;0;9;2;5;60;24;2;0;3;2;3;0;0;0;0;0
2824;546;2023;Mediocentro;37;3272;37;6.945945;4;0;28;15;1023;20;0;65;23;46;271;155;13;0;16;7;4;0;0;0;0;0
897;546;2023;Delantero;33;2667;31;7.148484;8;6;72;35;917;36;0;11;0;4;305;130;42;0;124;72;6;1;2;0;0;0
465838;546;2023;Mediocentro;8;135;5;6.65;0;0;1;1;43;4;0;2;0;0;14;5;1;0;3;2;0;0;0;0;0;0
119742;546;2023;Defensa;23;1417;16;6.856521;0;2;11;6;457;11;0;41;7;16;122;70;10;0;14;6;4;0;0;0;0;0
439414;546;2023;Defensa;0;0;0;0.0;0;0;0;0;0;0;0;0;0;0;0;0;0;0;0;0;0;0;0;0;0;0
439616;546;2023;Mediocentro;1;2;0;6.3;0;0;0;0;2;0;0;0;0;0;3;1;0;0;0;0;0;0;0;0;0;0
195923;546;2023;Defensa;30;1308;15;6.528571;1;1;5;3;466;10;0;30;2;21;182;79;23;0;24;8;9;0;0;0;0;0
286084;546;2023;Mediocentro;35;572;20;6.691666;1;0;3;2;314;4;0;15;1;9;69;31;8;0;11;6;1;0;0;0;0;0
333373;546;2023;Defensa;1;2;0;6.7;0;0;0;0;5;0;0;0;0;0;0;0;0;0;0;0;0;0;0;0;0;0
46795;546;2023;Defensa;27;920;20;6.446666;0;0;1;0;376;2;0;7;5;8;52;30;8;0;2;1;5;2;0;0;0;0
325415;546;2023;Defensa;5;180;3;6.25;0;0;0;0;79;0;0;0;0;0;14;5;1;0;0;0;0;0;0;0;0;0
454491;546;2023;Portero;0;0;0;0.0;0;0;0;0;0;0;0;0;0;0;0;0;0;0;0;0;0;0;0;0;0;0
5987;546;2023;Defensa;34;184;17;6.6375;0;0;0;0;89;4;0;1;0;4;19;10;1;0;3;2;2;1;0;0;0;0
364415;546;2023;Mediocentro;19;662;13;6.6;1;0;2;2;184;6;0;17;0;0;74;38;12;0;8;3;4;0;0;0;0;0
198558;546;2023;Defensa;0;0;0;0.0;0;0;0;0;0;0;0;0;0;0;0;0;0;0;0;0;0;0;0;0;0;0
432080;546;2023;Portero;0;0;0;0.0;0;0;0;0;0;0;0;0;0;0;0;0;0;0;0;0;0;0;0;0;0;0
47085;546;2023;Mediocentro;27;2123;26;7.05;0;1;14;5;1160;30;0;57;1;32;244;126;29;0;29;11;6;0;0;0;0;0
20;547;2023;Defensa;36;2783;32;6.957142;2;0;6;3;1818;3;47;36;21;16;191;125;29;0;8;5;5;0;0;0;0;0
47153;547;2023;Portero;31;0;16;0.0;0;0;0;0;0;0;0;0;0;0;0;0;0;0;0;0;1;0;0;0;0;1
2182;547;2023;Delantero;30;2068;29;7.206666;8;7;32;16;839;34;0;29;1;12;203;105;41;0;46;22;0;0;0;0;0;0
158;547;2023;Portero;38;3420;38;7.252631;0;0;0;0;1209;3;0;2;0;0;27;24;8;0;6;6;2;0;0;46;125;1
135334;547;2023;Defensa;0;0;0;0.0;0;0;0;0;0;0;0;0;0;0;0;0;0;0;0;0;0;0;0;0;0;0
47334;547;2023;Defensa;27;1975;26;6.908;3;0;14;6;1578;4;58;34;19;20;150;86;15;0;7;5;4;0;0;0;0;0
162032;547;2023;Defensa;36;3037;35;7.048571;2;7;23;5;1514;42;0;29;11;23;230;103;26;0;54;25;4;0;0;0;0;0
47492;547;2023;Delantero;2;11;0;6.45;0;0;1;1;8;0;0;0;0;0;2;1;1;0;1;0;0;0;0;0;0;0
2449;547;2023;Mediocentro;29;2121;27;7.086206;5;0;40;18;1098;19;0;65;8;24;398;208;62;0;29;22;9;0;0;0;0;0
47505;547;2023;Defensa;2;0;0;6.7;0;0;0;0;8;0;0;1;0;0;4;3;1;0;0;0;0;0;0;0;0;0
47511;547;2023;Defensa;36;748;18;6.713333;0;0;4;0;548;0;0;11;11;7;54;34;0;0;2;1;4;0;0;0;0;0
47514;547;2023;Defensa;27;484;2;6.64;2;0;5;2;198;6;0;11;1;1;57;33;13;0;13;7;1;0;0;0;0;0
47516;547;2023;Mediocentro;37;3201;36;7.462162;3;6;27;12;2724;59;67;50;17;35;215;118;36;0;21;15;4;1;0;0;0;0
47515;547;2023;Mediocentro;0;0;0;0.0;0;0;0;0;0;0;0;0;0;0;0;0;0;0;0;0;0;0;0;0;0;0
47520;547;2023;Delantero;33;1178;11;6.766666;7;0;1;1;21;2;0;5;0;0;14;6;0;0;3;0;3;0;0;0;0;0
266657;547;2023;Delantero;37;2989;36;7.318918;9;10;34;20;928;54;0;42;0;19;406;216;66;0;195;104;5;0;0;0;0;0
389600;547;2023;Delantero;3;30;0;6.8;0;0;0;0;10;0;0;1;0;0;5;4;2;0;2;1;0;0;0;0;0;0
389602;547;2023;Delantero;0;0;0;0.0;0;0;0;0;0;0;0;0;0;0;0;0;0;0;0;0;0;0;0;0;0;0
18949;547;2023;Mediocentro;0;0;0;0.0;0;0;0;0;0;0;0;0;0;0;0;0;0;0;0;0;0;0;0;0;0;0
531;547;2023;Defensa;35;2978;35;7.070588;1;2;12;6;2523;17;67;47;19;21;195;115;12;0;25;17;6;0;0;0;0;0
2617;547;2023;Delantero;32;807;20;6.841935;9;3;30;17;114;10;0;14;2;5;107;47;7;0;5;1;6;0;0;0;0;0
619;547;2023;Defensa;30;2641;30;6.7;5;0;1;0;44;0;0;0;1;0;2;1;0;0;0;0;4;0;0;0;0;0
162533;547;2023;Portero;0;0;0;0.0;0;0;0;0;0;0;0;0;0;0;0;0;0;0;0;0;0;0;0;0;0;1
197448;547;2023;Defensa;34;2245;24;6.902941;1;8;25;11;1097;28;0;44;2;10;290;138;42;0;97;48;8;0;0;0;0;0
402280;547;2023;Defensa;7;60;4;7.3;0;0;0;0;42;1;0;2;0;3;7;4;0;0;0;0;0;0;0;0;0;0
402281;547;2023;Mediocentro;1;0;0;6.7;0;0;0;0;5;0;0;2;0;0;3;2;0;0;0;0;0;0;0;0;0;0
349046;547;2023;Delantero;0;0;0;0.0;0;0;0;0;0;0;0;0;0;0;0;0;0;0;0;0;0;0;0;0;0;0
283668;547;2023;Defensa;36;1249;22;6.75238;0;2;1;0;751;11;0;23;5;10;114;58;22;0;7;3;5;0;0;0;0;0
285909;547;2023;Mediocentro;26;687;4;6.682608;0;2;5;1;420;12;0;5;2;4;76;32;21;0;16;6;1;0;0;0;0;0
263529;547;2023;Mediocentro;2;7;0;6.45;0;0;0;0;8;0;0;1;0;1;11;6;2;0;0;0;1;0;0;0;0;0
263530;547;2023;Delantero;0;0;0;0.0;0;0;0;0;0;0;0;0;0;0;0;0;0;0;0;0;0;0;0;0;0;0
286074;547;2023;Defensa;0;0;0;0.0;0;0;0;0;0;0;0;0;0;0;0;0;0;0;0;0;0;0;0;0;0;0
15811;547;2023;Delantero;36;2605;34;7.202777;24;8;77;46;387;27;0;4;1;0;186;73;13;0;25;17;2;0;7;0;0;0
306727;547;2023;Mediocentro;29;412;14;6.517647;0;0;7;3;224;3;0;10;3;8;74;27;5;0;12;6;0;0;0;0;0;0
1700;547;2023;Mediocentro;36;2747;33;6.958333;5;4;15;11;1605;29;42;45;3;22;273;126;34;0;59;39;5;0;0;0;0;0
46782;547;2023;Delantero;0;0;0;0.0;0;0;0;0;0;0;0;0;0;0;0;0;0;0;0;0;0;0;0;0;0;0
327628;547;2023;Mediocentro;0;0;0;0.0;0;0;0;0;0;0;0;0;0;0;0;0;0;0;0;0;0;0;0;0;0;0
2063;548;2023;Delantero;19;728;9;6.594444;3;0;15;6;160;5;0;2;0;1;96;28;8;0;21;5;1;0;1;0;0;0
32862;548;2023;Delantero;34;2155;31;7.372413;7;4;34;21;713;59;0;27;2;10;265;145;52;0;98;55;2;0;0;0;0;0
84086;548;2023;Mediocentro;0;0;0;6.775;0;1;24;9;629;41;0;46;0;19;287;139;27;0;109;54;0;0;0;0;0;0
2202;548;2023;Defensa;32;2296;29;6.893548;0;2;15;2;1222;29;0;44;8;25;209;108;18;0;25;16;7;0;0;0;0;0
47269;548;2023;Portero;37;3276;37;7.14054;0;0;0;0;1142;1;0;0;0;0;11;11;4;0;0;0;2;1;0;36;97;0
47298;548;2023;Defensa;25;816;15;6.9;0;1;6;2;430;7;0;12;10;5;87;53;10;0;3;2;2;0;0;0;0;0
47299;548;2023;Defensa;0;0;0;6.844117;0;0;9;6;957;15;0;60;8;28;315;151;41;0;42;25;0;0;0;0;0;0
47301;548;2023;Defensa;29;2473;28;6.996551;2;0;8;5;1762;3;53;30;15;28;274;163;23;0;1;1;13;0;0;0;0;0
47303;548;2023;Defensa;21;1131;17;6.833333;0;2;6;2;508;12;0;35;8;8;136;75;7;0;18;10;2;0;0;0;0;0
47306;548;2023;Mediocentro;2;28;0;6.844827;0;3;18;7;305;27;0;27;2;11;199;113;28;0;68;42;0;0;0;0;0;0
47311;548;2023;Mediocentro;32;2484;27;7.184375;5;3;25;11;1379;20;0;78;11;16;580;327;61;0;37;24;10;0;0;0;0;0
47314;548;2023;Defensa;31;2523;30;6.843333;0;2;5;0;1737;10;49;32;19;32;265;129;9;0;8;4;11;1;0;0;0;0
47315;548;2023;Mediocentro;31;2655;30;7.06129;4;1;15;11;1526;17;42;50;9;38;230;127;21;0;17;12;5;0;0;0;0;0
47317;548;2023;Delantero;30;1446;25;6.785714;4;1;29;12;501;14;0;32;1;6;245;106;22;0;69;38;1;0;0;0;0;0
47323;548;2023;Delantero;34;2158;27;6.815151;9;3;27;19;493;21;0;23;4;4;204;78;20;0;25;9;3;0;2;0;0;0
182546;548;2023;Defensa;36;1530;25;6.863636;1;1;5;3;1164;3;46;26;6;10;161;89;1;0;4;4;8;0;0;0;0;0
182603;548;2023;Mediocentro;37;370;19;6.707692;0;0;6;0;167;6;0;17;0;3;64;35;7;0;10;7;3;0;0;0;0;0
47440;548;2023;Mediocentro;33;2419;29;7.23125;5;6;43;17;1128;41;0;41;4;12;323;145;56;0;54;23;7;0;0;0;0;0
199044;548;2023;Defensa;18;541;11;6.6;0;0;2;0;256;0;0;24;3;7;76;38;5;0;6;2;3;0;0;0;0;0
182664;548;2023;Portero;0;0;0;0.0;0;0;0;0;0;0;0;0;0;0;0;0;0;0;0;0;0;0;0;0;0;0
2449;548;2023;Mediocentro;30;2120;29;7.086206;5;0;40;18;1098;19;0;65;8;24;398;208;62;0;29;22;9;0;0;0;0;0
18867;548;2023;Defensa;0;0;0;6.953125;0;7;16;5;1042;39;0;64;8;41;286;159;55;0;31;11;0;0;0;0;0;0
47566;548;2023;Defensa;14;1076;13;6.8;0;0;0;0;45;2;0;4;0;1;19;13;4;0;2;2;3;0;0;0;0;0
268960;548;2023;Mediocentro;31;1243;24;6.803448;1;2;26;9;455;26;0;22;0;4;128;54;11;0;25;10;1;0;0;0;0;0
381599;548;2023;Defensa;0;0;0;0.0;0;0;0;0;0;0;0;0;0;0;0;0;0;0;0;0;0;0;0;0;0;0
31406;548;2023;Delantero;36;1106;22;6.707692;3;1;28;10;179;10;0;15;0;0;248;94;19;0;48;31;4;0;0;0;0;0
737;548;2023;Defensa;9;396;6;0.0;0;0;0;0;0;0;0;0;0;0;0;0;0;0;0;0;0;0;0;0;0;0
125675;548;2023;Delantero;0;0;0;0.0;0;0;0;0;0;0;0;0;0;0;0;0;0;0;0;0;0;0;0;0;0;0
287652;548;2023;Mediocentro;5;119;1;6.78;0;0;3;0;42;1;0;6;0;0;25;12;3;0;5;2;0;0;0;0;0;0
287653;548;2023;Delantero;1;27;0;6.3;0;0;0;0;6;0;0;1;0;0;6;1;0;0;1;0;0;0;0;0;0;0
37938;548;2023;Delantero;15;772;8;6.866666;2;2;17;10;195;8;0;2;0;1;48;16;5;0;7;4;1;0;0;0;0;0
1117;548;2023;Defensa;20;1242;14;6.905;0;2;1;0;728;8;0;37;8;10;115;69;8;0;16;8;1;0;0;0;0;0
290106;548;2023;Mediocentro;0;0;0;0.0;0;0;0;0;0;0;0;0;0;0;0;0;0;0;0;0;0;0;0;0;0;0
189832;548;2023;Portero;38;141;19;6.7;0;0;0;0;40;0;0;0;0;0;0;0;0;0;0;0;0;0;0;3;3;0
183699;548;2023;Mediocentro;5;155;2;6.38;0;0;1;0;89;0;0;4;0;1;21;12;2;0;2;1;1;0;0;0;0;0
183744;548;2023;Mediocentro;37;1704;28;6.724137;0;1;17;10;684;9;0;32;8;6;214;105;36;0;34;20;4;0;0;0;0;0
183748;548;2023;Delantero;0;0;0;6.2;0;0;0;0;4;0;0;0;0;0;1;0;0;0;0;0;0;0;0;0;0;0
405073;548;2023;Defensa;9;23;4;6.7;0;0;0;0;7;0;0;0;0;0;1;1;0;0;0;0;0;0;0;0;0;0
46808;548;2023;Delantero;17;411;11;6.65;2;1;8;4;82;1;0;11;0;0;87;33;3;0;10;3;3;0;1;0;0;0
274312;548;2023;Delantero;17;247;7;6.436363;0;0;3;0;56;1;0;4;0;1;45;20;6;0;16;7;0;0;0;0;0;0
337843;548;2023;Portero;0;0;0;0.0;0;0;0;0;0;0;0;0;0;0;0;0;0;0;0;0;0;0;0;0;0;0
403498;715;2023;Delantero;3;123;2;6.766666;0;1;0;0;26;2;0;3;0;0;15;5;1;0;4;1;0;0;0;0;0;0
63542;715;2023;Mediocentro;13;562;6;6.36923;0;0;2;1;277;0;0;7;3;6;39;11;1;0;3;0;0;0;0;0;0;0
190530;715;2023;Delantero;1;18;0;6.9;0;0;0;0;6;0;0;3;0;0;6;4;1;0;0;0;0;0;0;0;0;0
14405;715;2023;Delantero;35;2459;33;6.75;11;1;49;28;285;18;0;18;3;4;211;60;19;0;25;12;3;0;4;0;0;0
280688;715;2023;Delantero;9;195;2;6.55;1;0;4;2;48;0;0;5;0;2;23;11;1;0;8;2;2;0;0;0;0;0
47253;715;2023;Defensa;34;2992;33;6.761764;1;1;18;8;1536;12;0;47;16;45;251;137;26;0;15;8;5;0;0;0;0;0
47256;715;2023;Defensa;30;1559;23;6.78421;1;0;8;2;774;2;0;22;18;27;157;97;11;0;6;5;5;0;0;0;0;0
116909;715;2023;Portero;3;270;3;6.9;0;0;0;0;89;0;0;0;0;0;1;0;0;0;0;0;0;0;0;11;12;0
358628;715;2023;Delantero;1;81;1;6.652941;1;1;55;25;314;16;0;6;2;1;304;116;30;0;54;21;0;0;0;0;0;0
47339;715;2023;Mediocentro;36;1134;25;6.564;0;0;2;2;396;11;0;14;0;5;121;68;37;0;19;11;2;0;0;0;0;0
47414;715;2023;Mediocentro;35;2683;31;6.814705;0;3;29;9;1335;42;0;54;5;25;258;113;26;0;15;10;12;0;0;0;0;0
330;715;2023;Delantero;25;794;7;6.668;0;1;9;4;320;16;0;13;1;5;88;44;21;0;7;3;2;0;0;0;0;0
291146;715;2023;Mediocentro;0;0;0;0.0;0;0;0;0;0;0;0;0;0;0;0;0;0;0;0;0;0;0;0;0;0;0
41320;715;2023;Portero;15;1339;14;6.74;0;0;0;0;410;0;0;0;0;0;14;9;2;0;0;0;1;0;0;29;49;1
383;715;2023;Defensa;18;241;9;6.375;0;0;1;0;98;1;0;6;0;1;27;14;0;0;9;6;1;0;0;0;0;0
104836;715;2023;Portero;0;0;0;0.0;0;0;0;0;0;0;0;0;0;0;0;0;0;0;0;0;0;0;0;0;0;1
70078;715;2023;Mediocentro;15;1220;15;6.753333;2;1;10;6;260;18;0;29;0;4;165;72;21;0;27;13;2;1;0;0;0;0
291147;715;2023;Defensa;1;30;0;6.2;0;0;0;0;8;0;0;1;0;0;2;2;0;0;1;1;0;0;0;0;0;0
51756;715;2023;Delantero;14;359;3;6.528571;0;0;10;4;77;2;0;7;1;1;51;20;1;0;1;1;1;0;0;0;0;0
608;715;2023;Delantero;31;2554;30;6.78387;6;3;43;15;608;26;0;50;5;10;527;204;43;0;128;53;8;1;0;0;0;0
70339;715;2023;Delantero;5;78;0;6.54;0;0;1;0;12;0;0;1;0;0;14;4;1;0;2;1;0;0;0;0;0;0
741;715;2023;Defensa;3;106;1;6.4;0;0;0;0;81;0;0;3;2;0;8;5;1;0;1;1;1;0;0;0;0;0
162585;715;2023;Portero;0;0;0;0.0;0;0;0;0;0;0;0;0;0;0;0;0;0;0;0;0;0;0;0;0;0;0
162587;715;2023;Defensa;1;25;0;6.3;0;0;0;0;14;0;0;1;0;0;2;1;0;0;0;0;0;0;0;0;0;0
19278;715;2023;Delantero;8;82;0;6.7125;0;1;4;3;38;1;0;1;0;0;35;20;3;0;5;4;1;0;0;0;0;0
21441;715;2023;Defensa;6;245;2;6.65;0;1;3;0;58;5;0;9;0;1;24;16;3;0;3;1;0;0;0;0;0;0
119762;715;2023;Defensa;9;504;6;6.325;0;0;4;2;227;2;0;18;5;8;51;33;3;0;1;1;1;1;0;0;0;0
306183;715;2023;Mediocentro;0;0;0;0.0;0;0;0;0;0;0;0;0;0;0;0;0;0;0;0;0;0;0;0;0;0;0
46090;715;2023;Mediocentro;10;148;0;6.57;0;0;1;1;78;2;0;5;0;1;16;11;1;0;5;3;0;0;0;0;0;0
412739;715;2023;Portero;0;0;0;0.0;0;0;0;0;0;0;0;0;0;0;0;0;0;0;0;0;0;0;0;0;0;0
162889;715;2023;Defensa;33;2299;25;6.624242;3;0;9;5;778;22;0;29;4;13;171;86;21;0;31;17;8;0;0;0;0;0
11379;715;2023;Portero;17;1530;17;7.058823;0;0;0;0;610;1;0;0;0;0;9;8;2;0;3;3;3;0;0;28;59;0
290215;715;2023;Defensa;30;1252;21;6.59375;0;0;3;0;759;3;0;29;10;11;99;59;8;0;1;0;4;0;0;0;0;0
46677;715;2023;Defensa;4;161;2;6.275;0;0;0;0;69;0;0;5;0;1;12;9;0;0;1;1;1;0;0;0;0;0
46682;715;2023;Defensa;36;3154;36;6.65;0;2;2;0;1263;20;0;31;14;30;207;110;44;0;18;7;4;0;0;0;0;0
46689;715;2023;Mediocentro;27;717;6;6.484;0;2;14;5;185;10;0;12;0;6;131;52;12;0;30;15;3;1;0;0;0;0
40559;715;2023;Delantero;11;572;7;6.645454;0;1;1;1;172;5;0;13;0;2;98;46;12;0;14;8;2;0;0;0;0;0
284300;715;2023;Defensa;13;473;5;6.623076;0;0;6;1;192;7;0;12;1;7;70;40;11;0;11;7;1;0;0;0;0;0
122756;715;2023;Mediocentro;35;2503;30;6.817142;0;4;7;1;1257;12;0;83;6;27;353;203;66;0;40;23;9;0;0;0;0;0
46982;715;2023;Mediocentro;35;1785;27;6.822857;1;3;14;5;910;14;0;51;10;6;288;170;66;0;39;23;7;0;0;0;0;0
46987;715;2023;Portero;4;281;4;6.425;0;0;0;0;95;0;0;0;0;0;1;0;0;0;0;0;0;0;0;11;8;0
286639;715;2023;Delantero;21;1640;20;6.995238;6;2;29;19;337;24;0;17;0;3;217;105;33;0;116;51;5;0;1;0;0;0
47041;715;2023;Delantero;2;0;0;6.7;0;0;0;0;6;1;0;0;0;0;4;2;2;0;0;0;0;0;0;0;0;0
47063;715;2023;Mediocentro;1;7;0;6.7;0;0;0;0;3;1;0;0;0;0;2;1;1;0;0;0;0;0;0;0;0;0
436202;715;2023;Delantero;0;0;0;0.0;0;0;0;0;0;0;0;0;0;0;0;0;0;0;0;0;0;0;0;0;0;0
10233;715;2023;Defensa;18;1336;18;6.741176;2;0;8;5;543;4;0;36;6;26;113;62;0;0;7;6;4;0;0;0;0;0
190485;723;2023;Mediocentro;0;0;0;6.890909;0;1;16;3;1058;13;0;91;14;39;381;213;49;0;20;12;0;0;0;0;0;0
129;723;2023;Defensa;31;2431;26;6.606451;0;1;4;1;1176;4;0;34;23;14;159;90;8;0;6;5;4;0;0;0;0;0
47237;723;2023;Delantero;15;917;10;7.08;6;0;33;14;194;7;0;7;0;0;121;47;18;0;21;12;3;0;1;0;0;0
20627;723;2023;Defensa;7;395;4;6.5;0;0;0;0;118;1;0;17;2;2;62;36;10;0;5;2;0;0;0;0;0;0
20660;723;2023;Defensa;9;572;8;6.822222;0;0;0;0;196;1;0;8;8;11;41;24;2;0;1;0;2;0;0;0;0;0
162033;723;2023;Mediocentro;34;2053;22;6.973529;9;4;46;22;678;42;0;32;1;16;210;110;42;0;47;16;1;0;0;0;0;0
354550;723;2023;Portero;0;0;0;0.0;0;0;0;0;0;0;0;0;0;0;0;0;0;0;0;0;0;0;0;0;0;0
39245;723;2023;Delantero;15;295;7;6.522222;0;0;4;2;52;2;0;1;0;0;31;15;4;0;3;1;0;0;0;0;0;0
340;723;2023;Defensa;1;90;1;6.9;0;0;1;0;62;0;58;2;1;0;8;5;0;0;0;0;0;0;0;0;0;0
12667;723;2023;Mediocentro;12;923;12;7.041666;0;3;9;5;533;28;0;19;0;4;91;47;16;0;19;9;2;0;0;0;0;0
47525;723;2023;Delantero;13;778;10;6.792307;3;0;20;9;131;7;0;7;1;2;147;50;20;0;15;4;1;0;0;0;0;0
47530;723;2023;Defensa;19;1676;19;6.605263;2;0;9;5;594;17;0;27;4;10;141;74;17;0;39;21;2;0;0;0;0;0
47554;723;2023;Delantero;36;2485;29;6.880555;3;2;45;25;732;53;0;55;1;15;368;166;40;0;110;46;5;0;1;0;0;0
47576;723;2023;Mediocentro;28;1093;10;6.557142;1;1;13;4;456;11;0;14;4;4;132;57;17;0;17;7;3;0;0;0;0;0
352905;723;2023;Delantero;12;67;6;6.34;0;0;0;0;23;1;0;0;0;0;9;4;0;0;0;0;0;0;0;0;0;0
305803;723;2023;Defensa;8;520;5;6.525;1;0;2;1;261;1;0;7;7;3;42;21;0;0;4;3;2;0;0;0;0;0
344745;723;2023;Delantero;1;16;0;6.7;0;0;1;0;5;1;0;1;0;0;3;2;0;0;0;0;0;0;0;0;0;0
203468;723;2023;Mediocentro;35;1927;27;6.866666;0;0;16;8;865;13;0;62;5;15;259;161;40;0;44;29;5;0;0;0;0;0
13062;723;2023;Delantero;32;1932;22;6.84375;6;0;39;18;532;19;0;25;1;11;250;114;29;0;26;12;6;1;0;0;0;0
2873;723;2023;Defensa;21;1792;21;6.657142;0;0;8;2;963;5;0;23;9;11;152;96;11;0;3;3;5;0;0;0;0;0
19306;723;2023;Delantero;0;0;0;0.0;0;0;0;0;0;0;0;0;0;0;0;0;0;0;0;0;0;0;0;0;0;0
295793;723;2023;Defensa;24;1889;23;6.834782;1;3;14;5;701;21;0;47;8;15;233;138;34;0;56;33;2;0;0;0;0;0
914;723;2023;Defensa;14;980;11;6.642857;0;1;2;1;410;11;0;11;2;17;84;43;13;0;9;4;2;0;0;0;0;0
418944;723;2023;Mediocentro;12;439;9;6.814285;0;0;4;1;217;1;0;19;3;13;48;26;4;0;1;0;3;0;0;0;0;0
312650;723;2023;Delantero;25;316;14;6.518181;1;0;5;1;67;2;0;4;0;0;68;24;6;0;3;1;0;0;0;0;0;0
310609;723;2023;Mediocentro;0;0;0;0.0;0;0;0;0;0;0;0;0;0;0;0;0;0;0;0;0;0;0;0;0;0;0
437600;723;2023;Defensa;1;23;0;6.2;0;0;0;0;10;0;0;0;0;0;2;1;0;0;0;0;0;0;0;0;0;0
1470;723;2023;Portero;33;2970;33;7.012121;0;0;0;0;1113;0;0;0;0;0;12;10;3;0;3;3;1;0;0;63;114;1
282131;723;2023;Mediocentro;0;0;0;0.0;0;0;0;0;0;0;0;0;0;0;0;0;0;0;0;0;0;0;0;0;0;0
138776;723;2023;Delantero;29;1557;16;6.693103;3;5;28;13;303;25;0;12;2;34;213;72;24;0;69;31;9;0;0;0;0;0
1565;723;2023;Defensa;32;2528;30;6.741935;2;0;12;3;1345;7;0;45;28;38;248;129;7;0;10;7;7;1;0;0;0;0
237103;723;2023;Delantero;14;275;2;6.5;0;0;6;4;84;6;0;4;0;1;54;20;7;0;15;5;0;0;0;0;0;0
138809;723;2023;Mediocentro;11;249;3;6.427272;0;0;0;0;74;3;0;2;0;3;27;9;4;0;6;2;3;0;0;0;0;0
46688;723;2023;Mediocentro;36;992;22;6.5;0;0;4;3;448;13;0;19;4;7;79;31;6;0;13;1;3;0;0;0;0;0
263812;723;2023;Delantero;17;440;10;6.708333;3;0;7;3;145;2;0;5;1;1;58;25;11;0;15;7;2;0;0;0;0;0
46739;723;2023;Mediocentro;25;1426;14;6.688;0;0;6;2;648;6;0;46;6;11;202;124;34;0;17;14;5;0;0;0;0;0
46870;723;2023;Portero;1;90;1;6.9;0;0;0;0;21;0;0;0;0;0;0;0;0;0;0;0;0;0;0;2;2;1
46904;723;2023;Portero;4;360;4;6.85;0;0;0;0;131;0;0;0;0;0;2;2;0;0;0;0;0;0;0;10;13;1
6065;723;2023;Mediocentro;33;2391;29;7.118181;0;5;30;13;1281;34;0;61;9;51;275;162;54;0;17;8;11;0;0;0;0;0
126901;723;2023;Defensa;15;819;13;6.8;1;0;8;2;317;7;0;17;4;4;69;44;12;0;18;13;1;1;0;0;0;0
438293;724;2023;Defensa;0;0;0;0.0;0;0;0;0;0;0;0;0;0;0;0;0;0;0;0;0;0;0;0;0;0;0
337963;724;2023;Portero;0;0;0;0.0;0;0;0;0;0;0;0;0;0;0;0;0;0;0;0;0;0;0;0;0;0;0
14444;724;2023;Defensa;4;286;2;6.8;0;0;1;1;83;0;0;6;7;5;28;15;0;0;0;0;2;0;0;0;0;0
84086;724;2023;Mediocentro;28;1904;24;6.775;1;1;24;9;629;41;0;46;0;19;287;139;27;0;109;54;0;1;0;0;0;0
47229;724;2023;Defensa;30;2552;30;6.863333;0;0;10;3;1035;4;0;41;24;27;180;101;19;0;3;2;12;0;0;0;0;0
20608;724;2023;Mediocentro;21;829;15;6.753333;0;0;3;0;408;4;0;15;2;14;84;50;9;0;8;7;2;0;0;0;0;0
47307;724;2023;Defensa;13;709;9;6.583333;0;0;1;0;186;5;0;20;4;2;68;36;4;0;4;2;3;0;0;0;0;0
47320;724;2023;Delantero;16;872;9;6.74375;3;1;12;7;222;11;0;9;0;6;122;37;11;0;22;9;3;0;0;0;0;0
24793;724;2023;Defensa;10;677;8;6.59;0;0;3;1;225;0;0;8;3;8;38;21;4;0;1;1;0;0;0;0;0;0
162058;724;2023;Defensa;28;1869;25;6.80909;0;1;3;0;1028;6;0;29;21;11;116;60;4;0;2;1;3;2;0;0;0;0
47388;724;2023;Mediocentro;25;1701;18;6.592;1;2;11;3;698;11;0;39;5;26;198;87;14;0;8;3;2;1;0;0;0;0
104792;724;2023;Delantero;37;2626;30;6.759459;5;1;64;27;468;14;0;28;7;9;599;265;46;0;62;18;5;0;0;0;0;0
6492;724;2023;Portero;34;3049;34;7.214705;0;0;0;0;1066;1;0;1;0;0;21;14;5;0;2;2;0;0;0;47;105;0
47471;724;2023;Delantero;23;1369;18;6.917391;2;3;28;12;332;11;0;12;1;7;156;61;28;0;10;4;3;0;0;0;0;0
47485;724;2023;Mediocentro;36;3141;36;6.961111;3;1;35;12;1523;22;0;98;14;33;465;225;71;0;21;10;14;0;2;0;0;0
47495;724;2023;Delantero;22;474;1;6.645454;1;1;10;5;190;4;0;10;0;0;93;44;22;0;13;7;1;0;0;0;0;0
51588;724;2023;Delantero;22;242;11;6.584615;1;0;4;2;107;2;0;4;0;3;59;27;9;0;18;10;2;0;0;0;0;0
2459;724;2023;Delantero;21;785;10;6.638095;4;0;16;10;219;11;0;23;1;4;97;46;14;0;15;6;0;1;1;0;0;0
330238;724;2023;Defensa;37;1545;25;6.660714;1;0;10;4;585;22;0;48;4;16;171;80;6;0;29;15;6;0;0;0;0;0
2615;724;2023;Delantero;34;1174;22;6.645161;0;0;12;6;233;10;0;6;3;2;225;113;32;0;11;4;2;0;0;0;0;0
48014;724;2023;Defensa;6;430;5;6.583333;0;0;1;0;179;0;0;9;0;6;35;24;6;0;1;1;0;0;0;0;0;0
937;724;2023;Delantero;32;1648;18;6.63125;0;1;12;3;497;22;0;52;2;17;268;121;31;0;39;16;8;1;0;0;0;0
1094;724;2023;Mediocentro;4;87;0;6.85;0;0;1;1;47;1;0;5;0;3;14;10;0;0;2;2;0;0;0;0;0;0
353463;724;2023;Mediocentro;1;0;0;0.0;0;0;0;0;0;0;0;0;0;0;1;0;0;0;1;0;0;0;0;0;0;0
66761;724;2023;Delantero;1;4;0;6.9;0;0;1;0;3;1;0;0;0;0;1;1;0;0;0;0;0;0;0;0;0;0
50502;724;2023;Delantero;7;47;0;6.616666;0;0;1;1;17;1;0;0;0;1;8;7;2;0;2;2;0;0;0;0;0;0
310683;724;2023;Mediocentro;0;0;0;0.0;0;0;0;0;0;0;0;0;0;0;0;0;0;0;0;0;0;0;0;0;0;0
378284;724;2023;Delantero;1;20;1;6.2;0;0;0;0;2;0;0;1;0;0;3;1;0;0;0;0;0;0;0;0;0;0
386490;724;2023;Delantero;0;0;0;0.0;0;0;0;0;0;0;0;0;0;0;0;0;0;0;0;0;0;0;0;0;0;0
386491;724;2023;Delantero;0;0;0;0.0;0;0;0;0;0;0;0;0;0;0;0;0;0;0;0;0;0;0;0;0;0;0
46691;724;2023;Mediocentro;4;155;3;6.55;1;0;1;1;50;1;0;3;2;2;24;9;3;0;0;0;1;1;0;0;0;0
46755;724;2023;Portero;5;371;4;7.16;0;0;0;0;144;0;0;0;0;0;6;5;2;0;0;0;1;0;0;8;17;0
46769;724;2023;Mediocentro;26;1282;14;6.757692;0;1;3;1;604;13;0;18;5;15;97;52;16;0;6;4;3;0;0;0;0;0
46772;724;2023;Mediocentro;3;11;0;6.7;0;0;0;0;20;2;0;2;0;0;4;3;1;0;0;0;1;0;0;0;0;0
46818;724;2023;Defensa;9;722;8;6.788888;1;0;1;1;303;6;0;7;2;8;30;16;0;0;0;0;4;0;0;0;0;0
46824;724;2023;Mediocentro;30;1702;21;6.556666;0;2;9;2;304;16;0;39;0;7;291;127;49;0;56;24;17;0;0;0;0;0
46849;724;2023;Defensa;30;2516;28;6.765517;1;2;19;8;968;33;0;43;9;19;229;106;19;0;31;13;10;0;0;0;0;0
327552;724;2023;Portero;0;0;0;0.0;0;0;0;0;0;0;0;0;0;0;0;0;0;0;0;0;0;0;0;0;0;0
456612;724;2023;Delantero;1;3;0;0.0;0;0;0;0;1;1;0;1;0;0;1;1;0;0;0;0;0;0;0;0;0;0
47100;724;2023;Defensa;35;2609;29;6.758823;0;0;8;3;858;18;0;51;7;24;229;130;44;0;22;13;2;0;0;0;0;0
47361;727;2023;Mediocentro;2;46;0;6.5;0;0;0;0;14;1;0;1;0;0;4;2;0;0;0;0;0;0;0;0;0;0
381197;727;2023;Mediocentro;3;9;2;6.7;0;0;0;0;5;0;0;2;0;0;8;4;0;0;0;0;0;0;0;0;0;0
47391;727;2023;Defensa;29;2105;26;6.782758;0;2;11;5;691;28;0;46;8;29;280;119;24;0;65;34;3;0;0;0;0;0
184609;727;2023;Defensa;1;13;0;6.3;0;0;0;0;6;0;0;0;0;0;2;1;0;0;0;0;0;0;0;0;0;0
47396;727;2023;Delantero;0;0;0;6.815625;0;2;51;26;289;18;0;8;5;1;235;109;36;0;32;15;0;0;0;0;0;0
47419;727;2023;Delantero;26;921;9;6.786956;2;1;20;9;270;14;0;14;2;3;129;54;19;0;26;10;3;0;0;0;0;0
182592;727;2023;Defensa;19;1644;18;6.652631;0;0;3;0;739;2;0;29;11;14;128;68;10;0;3;3;4;0;0;0;0;0
47448;727;2023;Portero;38;550;24;6.614285;0;0;0;0;177;0;0;0;0;0;2;0;0;0;0;0;2;0;0;9;11;0
182621;727;2023;Mediocentro;38;1856;30;6.877777;4;0;16;6;970;5;0;32;5;11;248;147;55;0;13;4;5;0;0;0;0;0
67939;727;2023;Mediocentro;33;2350;31;6.851515;2;1;18;6;1008;26;0;43;2;16;293;131;46;0;42;25;3;0;1;0;0;0
182657;727;2023;Portero;0;0;0;0.0;0;0;0;0;0;0;0;0;0;0;0;0;0;0;0;0;0;0;0;0;0;0
47533;727;2023;Defensa;36;2536;32;6.776666;1;3;17;5;1329;6;0;36;15;17;211;113;14;0;7;3;8;1;0;0;0;0
47574;727;2023;Mediocentro;33;2010;28;6.892857;3;0;12;8;1110;24;0;30;1;11;176;90;30;0;28;17;3;0;0;0;0;0
47579;727;2023;Delantero;17;870;14;6.894117;1;3;19;6;279;21;0;3;0;5;85;38;20;0;15;5;3;2;0;0;0;0
64268;727;2023;Defensa;30;2040;22;6.724137;0;3;10;1;904;25;0;30;1;21;159;80;18;0;42;17;1;0;0;0;0;0
37938;727;2023;Delantero;16;772;12;6.866666;2;2;17;10;195;8;0;2;0;1;48;16;5;0;7;4;1;0;0;0;0;0
197799;727;2023;Mediocentro;1;8;0;6.3;0;0;0;0;2;0;0;0;0;0;1;0;0;0;0;0;0;0;0;0;0;0
421044;727;2023;Defensa;1;16;0;6.2;0;0;0;0;3;0;0;1;0;0;3;2;0;0;0;0;0;0;0;0;0;0
146751;727;2023;Delantero;37;1373;23;6.682857;6;1;27;12;294;10;0;10;1;5;197;78;12;0;19;6;4;0;0;0;0;0
46646;727;2023;Portero;38;2870;33;6.95625;0;0;0;0;1082;1;0;1;0;0;20;19;7;0;0;0;2;0;0;47;86;0
46652;727;2023;Defensa;9;559;6;6.511111;1;0;2;1;194;1;0;12;1;8;42;17;1;0;1;0;5;0;0;0;0;0
46653;727;2023;Defensa;27;2336;27;6.996296;0;1;14;2;1325;5;40;29;19;18;217;137;13;0;4;3;5;0;0;0;0;0
46657;727;2023;Defensa;7;89;0;6.6375;1;0;6;3;159;3;0;12;2;3;62;30;3;0;10;2;0;0;0;0;0;0
46658;727;2023;Mediocentro;30;1549;19;6.993103;3;2;21;10;665;31;0;31;3;12;217;106;27;0;28;18;1;0;0;0;0;0
46660;727;2023;Mediocentro;0;0;0;0.0;0;0;0;0;0;0;0;0;0;0;0;0;0;0;0;0;0;0;0;0;0;0
46662;727;2023;Mediocentro;35;1816;26;6.772727;1;3;13;5;925;21;0;27;5;15;136;56;8;0;12;6;2;1;0;0;0;0
46667;727;2023;Delantero;16;293;3;6.56;0;0;3;2;91;5;0;6;1;2;57;24;4;0;19;11;3;0;0;0;0;0
46746;727;2023;Delantero;33;2448;29;7.196969;17;2;60;35;427;12;0;21;4;5;431;216;26;0;31;10;4;0;3;0;0;0
139001;727;2023;Mediocentro;33;1140;12;6.6625;1;2;21;7;434;12;0;18;3;9;186;77;16;0;28;7;5;0;0;0;0;0
1825;727;2023;Mediocentro;28;1793;21;6.810714;1;0;23;7;793;9;0;25;3;33;230;118;16;0;8;7;5;0;0;0;0;0
46967;727;2023;Defensa;35;1663;26;6.576923;0;1;2;0;753;5;0;27;6;12;113;58;4;0;10;3;3;0;0;0;0;0
348029;727;2023;Portero;0;0;0;0.0;0;0;0;0;0;0;0;0;0;0;0;0;0;0;0;0;0;0;0;0;0;0
286606;727;2023;Delantero;5;2;3;0.0;0;0;0;0;0;0;0;1;0;0;1;1;0;0;0;0;0;0;0;0;0;0
182181;727;2023;Defensa;37;2661;29;6.87027;1;6;6;2;941;36;0;45;16;19;254;137;20;0;78;44;3;0;0;0;0;0
47109;728;2023;Mediocentro;36;2701;34;6.847058;1;0;11;7;1228;11;0;107;10;35;381;187;41;0;11;7;7;1;0;0;0;0
20520;728;2023;Defensa;37;2857;34;6.830303;0;1;7;4;1036;24;0;44;11;28;216;109;30;0;17;7;4;0;0;0;0;0
52;728;2023;Delantero;31;1668;20;6.674193;3;1;21;13;372;20;0;16;2;3;180;59;11;0;47;16;3;0;0;0;0;0
119;728;2023;Delantero;35;403;20;6.540909;1;0;13;7;107;4;0;7;0;3;88;33;10;0;7;3;4;0;1;0;0;0
47285;728;2023;Mediocentro;35;2126;28;6.834285;1;2;25;5;1365;31;0;49;3;16;258;109;22;0;38;22;9;0;0;0;0;0
184609;728;2023;Defensa;0;0;0;6.3;0;0;0;0;6;0;0;0;0;0;2;1;0;0;0;0;0;0;0;0;0;0
377197;728;2023;Mediocentro;0;0;0;0.0;0;0;0;0;0;0;0;0;0;0;0;0;0;0;0;0;0;0;0;0;0;0
47527;728;2023;Portero;37;3330;37;6.951351;0;0;0;0;1025;2;0;1;0;0;12;11;3;0;1;1;2;0;0;47;107;0
47529;728;2023;Portero;0;0;0;0.0;0;0;0;0;0;0;0;0;0;0;0;0;0;0;0;0;0;0;0;0;0;0
47536;728;2023;Defensa;0;0;0;0.0;0;0;0;0;0;0;0;0;0;0;0;0;0;0;0;0;0;0;0;0;0;0
47543;728;2023;Mediocentro;32;2493;31;6.940625;6;1;37;17;687;39;0;34;0;36;186;81;23;0;24;10;8;1;0;0;0;0
47549;728;2023;Mediocentro;2;18;0;6.7;0;0;0;0;11;0;0;1;0;0;4;2;1;0;0;0;0;0;0;0;0;0
47551;728;2023;Delantero;25;1277;15;6.7;1;2;27;12;258;8;0;9;0;1;188;78;26;0;39;20;5;0;1;0;0;0
47553;728;2023;Delantero;19;194;0;6.657894;2;0;11;5;68;3;0;2;0;0;37;17;2;0;21;12;1;0;1;0;0;0
47557;728;2023;Mediocentro;31;1383;19;6.564516;0;0;11;3;747;23;0;27;1;5;286;115;40;0;76;34;4;1;0;0;0;0
18895;728;2023;Defensa;37;3328;37;7.054054;3;1;53;21;2004;9;44;39;18;22;225;135;13;0;4;4;5;0;0;0;0;0
131546;728;2023;Mediocentro;37;2810;36;6.918918;4;1;56;33;1055;35;0;46;2;17;442;197;76;0;80;35;8;0;2;0;0;0
41552;728;2023;Mediocentro;34;1658;21;6.880645;1;0;19;8;878;11;0;44;10;29;241;140;29;0;20;17;10;0;0;0;0;0
107153;728;2023;Mediocentro;24;830;9;6.5875;1;0;9;5;341;7;0;28;0;8;194;82;34;0;28;9;7;0;0;0;0;0
156488;728;2023;Portero;37;90;19;6.3;0;0;0;0;35;0;0;0;0;0;0;0;0;0;0;0;0;0;0;1;0;0
41973;728;2023;Mediocentro;17;521;9;6.806666;0;0;1;0;269;6;0;17;6;10;110;60;22;0;17;12;4;0;0;0;0;0
162931;728;2023;Mediocentro;32;2069;31;6.6125;1;4;13;2;529;19;0;30;0;14;266;98;23;0;87;40;4;0;0;0;0;0
181734;728;2023;Defensa;36;1175;27;6.690909;1;1;8;2;644;13;0;23;3;7;110;69;22;0;21;11;5;1;0;0;0;0
15900;728;2023;Defensa;35;1705;28;6.89;1;0;5;1;767;4;0;19;19;22;128;76;16;0;3;2;5;1;0;0;0;0
46654;728;2023;Defensa;19;1691;19;6.847368;0;0;4;0;783;3;0;10;14;13;93;58;12;0;1;1;3;0;0;0;0;0
333378;728;2023;Mediocentro;14;9;8;6.9;0;0;0;0;2;0;0;1;0;1;3;2;0;0;0;0;0;0;0;0;0;0
128582;728;2023;Delantero;36;1540;14;6.602777;2;0;23;11;419;17;0;19;0;7;161;73;25;0;40;15;1;0;0;0;0;0
46759;728;2023;Defensa;37;2513;31;6.725806;0;1;13;5;1110;28;0;67;4;39;306;145;41;0;49;24;9;0;0;0;0;0
1703;728;2023;Defensa;34;640;19;6.558333;0;0;3;1;239;6;0;12;1;1;71;34;4;0;26;12;1;0;0;0;0;0
46775;728;2023;Mediocentro;1;27;0;6.2;0;0;0;0;12;0;0;0;0;1;8;2;1;0;1;1;0;0;0;0;0;0
122657;728;2023;Mediocentro;16;561;3;6.45625;1;1;10;6;173;9;0;11;1;2;133;59;14;0;15;7;2;0;1;0;0;0
1847;728;2023;Defensa;4;360;4;6.875;0;0;2;0;167;1;0;7;4;4;19;10;1;0;0;0;1;0;0;0;0;0
190485;798;2023;Mediocentro;37;2305;33;6.890909;1;1;16;3;1058;13;0;91;14;39;381;213;49;0;20;12;8;0;0;0;0;0
47336;798;2023;Mediocentro;36;2154;27;7.047222;2;5;20;12;828;52;0;39;4;16;213;116;35;0;55;34;4;0;0;0;0;0
47399;798;2023;Portero;31;90;15;7.3;0;0;0;0;27;0;0;0;0;0;0;0;0;0;0;0;0;0;0;1;5;0
104793;798;2023;Delantero;15;386;3;6.535714;0;0;7;3;105;3;0;9;0;3;76;30;7;0;23;8;2;0;0;0;0;0
403;798;2023;Defensa;26;2257;25;6.892307;2;0;6;2;982;5;0;34;20;29;155;85;7;0;0;0;8;0;0;0;0;0
414;798;2023;Mediocentro;34;1578;24;6.665517;0;0;4;0;775;3;0;33;8;31;165;85;14;0;9;8;8;1;0;0;0;0
440735;798;2023;Defensa;0;0;0;0.0;0;0;0;0;0;0;0;0;0;0;0;0;0;0;0;0;0;0;0;0;0;0
2610;798;2023;Defensa;37;2463;33;6.784848;1;1;9;4;998;21;0;73;3;30;283;145;20;0;27;15;7;0;0;0;0;0
297646;798;2023;Mediocentro;0;0;0;0.0;0;0;0;0;0;0;0;0;0;0;0;0;0;0;0;0;0;0;0;0;0;0
107194;798;2023;Mediocentro;29;1464;21;6.624137;3;1;16;9;491;12;0;26;5;13;164;60;13;0;26;14;3;0;0;0;0;0
293604;798;2023;Delantero;16;233;1;6.653333;1;0;6;4;76;5;0;3;0;3;30;11;1;0;8;5;1;0;0;0;0;0
2814;798;2023;Portero;38;3240;38;7.088888;0;0;0;0;1128;4;0;2;0;0;16;13;4;0;3;3;2;0;0;43;99;0
37639;798;2023;Defensa;6;287;4;6.633333;0;0;1;0;92;0;0;10;1;7;34;18;1;0;0;0;2;1;0;0;0;0
64268;798;2023;Defensa;33;2041;28;6.724137;0;3;10;1;904;25;0;30;1;21;159;80;18;0;42;17;1;0;0;0;0;0
50048;798;2023;Delantero;29;2329;25;7.072413;7;2;56;25;638;34;0;11;4;6;431;209;43;0;27;13;5;0;1;0;0;0
920;798;2023;Defensa;35;1558;26;6.807407;0;1;5;2;571;10;0;38;3;17;137;76;18;0;15;10;3;0;0;0;0;0
289826;798;2023;Portero;0;0;0;0.0;0;0;0;0;0;0;0;0;0;0;0;0;0;0;0;0;0;0;0;0;0;0
208055;798;2023;Defensa;0;0;0;0.0;0;0;0;0;0;0;0;0;0;0;0;0;0;0;0;0;0;0;0;0;0;0
181582;798;2023;Defensa;35;1335;24;6.794736;1;1;5;1;572;4;0;45;6;32;154;82;13;0;8;4;7;0;0;0;0;0
46657;798;2023;Defensa;8;417;5;6.6375;0;0;6;3;159;3;0;12;2;3;62;30;3;0;10;2;2;0;0;0;0;0
335426;798;2023;Delantero;0;0;0;0.0;0;0;0;0;0;0;0;0;0;0;0;0;0;0;0;0;0;0;0;0;0;0
333439;798;2023;Mediocentro;0;0;0;0.0;0;0;0;0;0;0;0;0;0;0;0;0;0;0;0;0;0;0;0;0;0;0
46733;798;2023;Defensa;29;2202;28;7.2;3;2;21;9;1153;8;0;30;30;37;268;161;8;0;2;1;6;1;0;0;0;0
46738;798;2023;Defensa;28;2355;28;6.771428;0;1;4;0;983;7;0;36;11;28;161;93;10;0;3;1;5;0;0;0;0;0
46739;798;2023;Mediocentro;0;0;0;6.688;0;0;6;2;648;6;0;46;6;11;202;124;34;0;17;14;0;0;0;0;0;0
46742;798;2023;Mediocentro;37;2638;36;6.883333;2;4;21;4;817;50;0;47;5;16;380;148;43;0;73;33;9;0;0;0;0;0
1687;798;2023;Defensa;30;1683;19;6.676666;0;1;5;2;585;19;0;37;4;16;146;80;22;0;17;8;7;0;0;0;0;0
46751;798;2023;Delantero;34;1255;11;6.788235;6;1;25;14;233;14;0;7;3;2;171;72;18;0;18;8;3;0;0;0;0;0
1701;798;2023;Mediocentro;35;1610;16;6.820588;0;2;5;4;779;16;0;49;1;20;192;111;24;0;27;21;2;0;0;0;0;0
26302;798;2023;Defensa;22;1545;17;6.714285;1;2;7;4;418;10;0;35;2;10;194;103;20;0;28;15;3;1;0;0;0;0
237252;798;2023;Portero;0;0;0;0.0;0;0;0;0;0;0;0;0;0;0;0;0;0;0;0;0;0;0;0;0;0;0
61142;798;2023;Portero;38;90;19;7.9;0;0;0;0;29;0;0;0;0;0;0;0;0;0;0;0;0;0;0;0;4;0
335697;798;2023;Defensa;0;0;0;0.0;0;0;0;0;0;0;0;0;0;0;0;0;0;0;0;0;0;0;0;0;0;0
350073;798;2023;Defensa;0;0;0;0.0;0;0;0;0;0;0;0;0;0;0;0;0;0;0;0;0;0;0;0;0;0;0
1920;798;2023;Mediocentro;11;350;4;6.827272;0;0;8;7;96;7;0;4;0;3;54;33;5;0;32;21;0;0;0;0;0;0
2001;798;2023;Delantero;37;1830;30;6.654285;3;2;59;26;284;11;0;17;5;3;333;148;34;0;37;14;8;0;0;0;0;0
329728;529;2024;Mediocentro;30;1623;26;6.995652;1;3;8;1;1352;9;52;46;5;24;177;94;36;0;9;4;4;1;0;0;0;0
126;529;2024;Portero;37;1395;25;7.05;0;0;0;0;551;0;0;0;0;0;3;1;0;0;0;0;1;0;0;18;36;0
127;529;2024;Portero;11;675;10;6.825;0;0;0;0;211;0;0;0;0;0;4;3;2;0;0;0;0;0;0;9;14;0
133;529;2024;Defensa;0;0;0;7.1;0;1;7;4;1356;5;51;27;18;21;159;86;19;0;3;3;0;0;0;0;0;0
161928;529;2024;Defensa;34;2209;30;6.909677;0;3;9;3;1206;24;0;19;5;6;216;118;35;0;96;48;2;0;0;0;0;0
391311;529;2024;Portero;0;0;0;0.0;0;0;0;0;0;0;0;0;0;0;0;0;0;0;0;0;0;0;0;0;0;0
2278;529;2024;Defensa;0;0;0;0.0;0;0;0;0;0;0;0;0;0;0;0;0;0;0;0;0;0;0;0;0;0;0
2282;529;2024;Defensa;12;252;6;6.74;0;0;1;0;220;1;40;6;0;4;25;17;0;0;0;0;3;0;0;0;0;0
340279;529;2024;Delantero;0;0;0;6.672727;0;0;31;19;188;12;0;11;0;7;187;66;30;0;35;10;0;0;0;0;0;0
182718;529;2024;Portero;38;3420;38;7.392105;0;0;1;1;1060;0;0;0;0;0;30;27;7;0;0;0;2;0;0;51;145;0
133609;529;2024;Mediocentro;36;2808;35;7.619444;4;5;17;11;2574;67;63;57;3;26;266;151;51;0;58;37;3;0;0;0;0;0
18949;529;2024;Mediocentro;0;0;0;6.696;0;0;3;1;876;8;0;36;8;13;145;71;18;0;7;4;0;0;0;0;0;0
521;529;2024;Delantero;35;2659;33;7.284848;26;2;88;47;500;18;0;9;2;3;231;101;39;0;31;18;1;0;3;0;0;0
538;529;2024;Mediocentro;28;1105;18;6.996;2;2;3;3;1085;21;41;17;1;14;82;47;18;0;7;4;3;0;0;0;0;0
135775;529;2024;Delantero;22;236;11;6.866666;0;0;8;5;121;4;0;4;0;1;33;12;2;0;9;4;1;0;0;0;0;0
619;529;2024;Defensa;29;1555;14;6.978571;2;3;11;8;1197;6;0;36;7;16;130;73;8;0;9;4;4;0;0;0;0;0
2670;529;2024;Defensa;28;2493;28;7.277777;0;4;7;2;2323;16;78;25;7;20;162;108;27;0;3;3;5;0;0;0;0;0
340626;529;2024;Mediocentro;30;1193;20;6.996153;6;4;30;16;572;27;0;16;0;5;173;68;20;0;47;23;4;1;0;0;0;0
383647;529;2024;Portero;0;0;0;0.0;0;0;0;0;0;0;0;0;0;0;0;0;0;0;0;0;0;0;0;0;0;0
336560;529;2024;Defensa;0;0;0;0.0;0;0;0;0;0;0;0;0;0;0;0;0;0;0;0;0;0;0;0;0;0;0
336653;529;2024;Portero;0;0;0;0.0;0;0;0;0;0;0;0;0;0;0;0;0;0;0;0;0;0;0;0;0;0;0
851;529;2024;Portero;28;1260;22;6.935714;0;0;0;0;363;0;0;1;0;0;3;2;1;0;0;0;0;0;0;12;21;0
441232;529;2024;Mediocentro;0;0;0;0.0;0;0;0;0;0;0;0;0;0;0;0;0;0;0;0;0;0;0;0;0;0;0
441244;529;2024;Defensa;0;0;0;0.0;0;0;0;0;0;0;0;0;0;0;0;0;0;0;0;0;0;0;0;0;0;0
931;529;2024;Delantero;28;1042;19;7.084;9;6;35;20;317;19;0;9;1;4;72;36;12;0;18;11;1;1;0;0;0;0
412699;529;2024;Defensa;0;0;0;0.0;0;0;0;0;0;0;0;0;0;0;0;0;0;0;0;0;0;0;0;0;0;0
412704;529;2024;Mediocentro;0;0;0;0.0;0;0;0;0;0;0;0;0;0;0;0;0;0;0;0;0;0;0;0;0;0;0
371912;529;2024;Delantero;1;38;1;6.7;0;0;2;0;17;0;0;0;0;0;1;0;0;0;0;0;0;0;0;0;0;0
285909;529;2024;Mediocentro;10;308;4;7.1875;3;1;4;4;164;7;0;5;0;2;33;15;7;0;5;2;0;0;0;0;0;0
1257;529;2024;Defensa;32;2516;29;7.190322;2;3;14;6;1732;31;49;61;5;19;233;127;17;0;45;20;4;0;0;0;0;0
433395;529;2024;Defensa;0;0;0;0.0;0;0;0;0;0;0;0;0;0;0;0;0;0;0;0;0;0;0;0;0;0;0
433396;529;2024;Mediocentro;3;244;3;7.033333;0;0;1;1;161;1;49;8;1;1;28;14;3;0;3;2;2;0;0;0;0;0
1323;529;2024;Mediocentro;26;1194;20;7.25;9;3;32;16;610;27;0;16;3;5;154;73;25;0;40;23;1;0;1;0;0;0
396623;529;2024;Defensa;37;2620;34;6.962857;0;3;6;0;2594;9;69;33;9;17;190;107;9;0;7;5;3;0;0;0;0;0
396624;529;2024;Defensa;19;173;11;6.533333;0;0;0;0;178;0;56;1;0;4;7;2;0;0;0;0;1;0;0;0;0;0
263530;529;2024;Delantero;21;304;2;6.8;2;1;10;7;114;8;0;3;1;2;43;16;3;0;13;7;2;0;0;0;0;0
101814;529;2024;Defensa;12;759;11;7.1;1;1;4;2;718;4;55;12;4;9;81;48;4;0;1;0;3;0;0;0;0;0
181701;529;2024;Defensa;37;1034;24;6.804545;1;3;5;2;653;12;0;21;2;15;84;48;9;0;12;4;2;0;0;0;0;0
1496;529;2024;Delantero;37;2844;34;7.802777;18;9;87;43;1249;91;0;34;2;10;244;136;37;0;100;55;4;0;2;0;0;0
445973;529;2024;Delantero;0;0;0;0.0;0;0;0;0;0;0;0;0;0;0;0;0;0;0;0;0;0;0;0;0;0;0
446061;529;2024;Defensa;0;0;0;0.0;0;0;0;0;0;0;0;0;0;0;0;0;0;0;0;0;0;0;0;0;0;0
296667;529;2024;Mediocentro;28;1014;21;6.913043;1;1;4;1;724;15;0;30;1;10;157;79;25;0;12;6;4;0;0;0;0;0
386828;529;2024;Delantero;34;2771;32;7.785294;9;13;95;47;1365;60;0;42;0;16;463;247;60;0;260;144;3;0;0;0;0;0
386859;529;2024;Defensa;35;596;21;6.73125;0;0;2;0;432;10;0;13;0;8;52;19;1;0;10;2;2;0;0;0;0;0
20;530;2024;Defensa;14;847;9;7.038461;0;1;0;0;543;2;0;16;8;11;69;46;5;0;2;1;1;0;0;0;0;0
29;530;2024;Portero;36;3240;36;7.061111;0;0;0;0;765;0;0;0;0;0;7;7;2;0;2;2;0;0;0;30;86;0
31;530;2024;Defensa;35;1994;26;6.97037;0;1;5;1;1356;2;46;26;19;27;144;79;12;0;3;2;5;0;0;0;0;0
45;530;2024;Mediocentro;26;87;13;6.54;0;0;2;1;64;2;0;2;0;0;11;4;2;0;2;0;0;0;0;0;0;0
50;530;2024;Mediocentro;33;1927;26;6.903125;1;1;7;4;1602;16;44;46;2;22;151;79;16;0;20;9;4;0;0;0;0;0
48;530;2024;Mediocentro;0;0;0;7.008333;0;6;31;9;632;22;0;47;2;20;225;107;11;0;22;10;0;0;0;0;0;0
53;530;2024;Delantero;34;796;20;6.716129;4;1;22;14;252;15;0;9;0;4;110;34;11;0;37;13;3;1;0;0;0;0
56;530;2024;Delantero;38;2478;29;7.192105;8;7;36;18;1306;50;0;30;1;6;185;91;26;0;32;15;2;0;1;0;0;0
133185;530;2024;Mediocentro;31;2145;27;6.957142;3;1;17;7;1101;9;0;55;12;49;257;136;27;0;41;26;4;0;0;0;0;0
133;530;2024;Defensa;23;1976;23;7.1;2;1;7;4;1356;5;51;27;18;21;159;86;19;0;3;3;9;0;0;0;0;0
161963;530;2024;Delantero;0;0;0;0.0;0;0;0;0;0;0;0;0;0;0;0;0;0;0;0;0;0;0;0;0;0;0
340154;530;2024;Mediocentro;0;0;0;0.0;0;0;0;0;0;0;0;0;0;0;0;0;0;0;0;0;0;0;0;0;0;0
47301;530;2024;Defensa;30;2153;27;6.866666;1;0;8;3;1292;4;46;27;9;10;195;106;24;0;4;2;8;0;0;0;0;0
315604;530;2024;Portero;0;0;0;0.0;0;0;0;0;0;0;0;0;0;0;0;0;0;0;0;0;0;0;0;0;0;0
2280;530;2024;Defensa;31;877;20;7.007142;1;0;3;2;583;3;0;25;2;5;76;46;6;0;2;1;1;0;0;0;0;0
303378;530;2024;Mediocentro;0;0;0;0.0;0;0;0;0;0;0;0;0;0;0;0;0;0;0;0;0;0;0;0;0;0;0
8492;530;2024;Delantero;37;1560;27;7.008571;20;2;65;42;348;13;0;9;1;1;263;134;13;0;36;14;4;0;1;0;0;0
323935;530;2024;Delantero;33;1942;26;6.936363;2;6;19;7;715;25;0;27;3;14;224;110;42;0;62;30;3;0;0;0;0;0
6503;530;2024;Defensa;36;1581;25;6.84;0;3;8;1;967;13;0;44;3;14;143;77;8;0;28;15;1;0;0;0;0;0
67972;530;2024;Mediocentro;37;1637;25;6.853125;3;3;17;4;814;13;0;46;5;20;227;111;39;0;35;17;2;0;0;0;0;0
2465;530;2024;Portero;2;180;2;7.3;0;0;0;0;48;0;0;0;0;0;1;1;1;0;0;0;0;0;0;0;2;0
2472;530;2024;Mediocentro;34;2111;23;7.123529;3;5;12;4;1684;42;41;33;2;6;183;100;49;0;29;14;7;0;0;0;0;0
47566;530;2024;Defensa;25;1791;21;6.832;0;3;7;0;799;15;0;51;3;11;273;139;35;0;66;28;8;0;0;0;0;0
311773;530;2024;Defensa;0;0;0;6.965217;0;1;13;4;663;7;0;42;12;27;197;107;23;0;9;4;0;0;0;0;0;0
449058;530;2024;Delantero;0;0;0;0.0;0;0;0;0;0;0;0;0;0;0;0;0;0;0;0;0;0;0;0;0;0;0
338508;530;2024;Defensa;0;0;0;0.0;0;0;0;0;0;0;0;0;0;0;0;0;0;0;0;0;0;0;0;0;0;0
336590;530;2024;Mediocentro;0;0;0;0.0;0;0;0;0;0;0;0;0;0;0;0;0;0;0;0;0;0;0;0;0;0;0
336594;530;2024;Mediocentro;31;2336;30;6.896774;1;4;26;8;1478;27;41;46;5;34;240;133;27;0;39;25;4;1;0;0;0;0
753;530;2024;Mediocentro;33;2513;29;7.175757;2;4;10;5;1322;28;0;69;7;27;201;123;25;0;27;14;0;1;0;0;0;0
136117;530;2024;Mediocentro;16;508;4;6.68125;0;1;9;4;227;15;0;11;0;2;65;28;8;0;22;6;0;0;0;0;0;0
441280;530;2024;Defensa;0;0;0;0.0;0;0;0;0;0;0;0;0;0;0;0;0;0;0;0;0;0;0;0;0;0;0
324750;530;2024;Delantero;0;0;0;6.624;0;2;19;12;372;13;0;43;1;5;225;94;28;0;34;9;0;0;0;0;0;0
443668;530;2024;Delantero;0;0;0;0.0;0;0;0;0;0;0;0;0;0;0;0;0;0;0;0;0;0;0;0;0;0;0
333379;530;2024;Portero;0;0;0;0.0;0;0;0;0;0;0;0;0;0;0;0;0;0;0;0;0;0;0;0;0;0;0
42642;530;2024;Portero;0;0;0;0.0;0;0;0;0;0;0;0;0;0;0;0;0;0;0;0;0;0;0;0;0;0;0
22225;530;2024;Defensa;38;950;23;6.668421;0;0;1;1;518;2;0;18;5;16;103;49;18;0;13;3;4;0;0;0;0;0
386850;530;2024;Delantero;1;11;0;6.9;0;0;2;0;0;0;0;0;0;0;1;0;0;0;0;0;0;0;0;0;0;0
386872;530;2024;Portero;0;0;0;0.0;0;0;0;0;0;0;0;0;0;0;0;0;0;0;0;0;0;0;0;0;0;1
6009;530;2024;Delantero;37;2518;33;7.235135;17;4;61;40;890;42;0;25;0;2;227;80;9;0;62;33;5;0;4;0;0;0
182219;530;2024;Mediocentro;32;2602;30;7.5;7;9;49;18;1043;99;0;28;2;22;259;112;47;0;48;21;9;0;0;0;0;0
126936;530;2024;Mediocentro;31;1563;21;6.96129;3;4;29;18;757;22;0;32;4;9;201;103;30;0;53;27;3;0;0;0;0;0
190489;531;2024;Delantero;29;657;20;6.611764;1;0;9;3;113;4;0;8;0;1;114;46;14;0;33;14;2;0;0;0;0;0
440413;531;2024;Delantero;1;55;1;6.3;0;0;0;0;14;0;0;0;0;1;7;2;0;0;4;1;0;0;0;0;0;0
440428;531;2024;Defensa;0;0;0;0.0;0;0;0;0;0;0;0;0;0;0;0;0;0;0;0;0;0;0;0;0;0;0
84086;531;2024;Mediocentro;25;1286;21;6.847826;1;0;14;6;433;13;0;30;0;20;179;91;21;0;57;35;3;0;0;0;0;0
47271;531;2024;Defensa;30;1788;25;7.104761;1;0;8;2;1177;4;49;24;6;34;168;94;15;0;9;6;4;0;0;0;0;0
47273;531;2024;Defensa;35;2048;30;6.975;0;2;8;4;1133;18;0;33;5;27;145;85;19;0;13;6;5;0;0;0;0;0
47270;531;2024;Portero;25;1890;22;7.090476;0;0;0;0;559;0;0;0;0;1;10;9;3;0;0;0;0;0;0;14;48;3
47275;531;2024;Defensa;26;1562;17;6.868;0;4;7;2;759;19;0;33;1;16;108;50;5;0;15;4;0;0;0;0;0;0
47276;531;2024;Defensa;38;768;21;6.671428;0;0;1;0;343;8;0;15;2;9;56;29;2;0;14;6;1;0;0;0;0;0
47277;531;2024;Defensa;10;644;7;7.011111;0;0;1;0;325;1;0;10;4;16;56;31;5;0;2;2;4;0;0;0;0;0
47278;531;2024;Defensa;32;2604;28;7.128125;4;0;16;5;1739;10;47;40;10;48;200;112;21;0;16;10;3;0;0;0;0;0
47291;531;2024;Delantero;36;1842;21;6.852777;7;2;49;19;402;15;0;16;4;9;241;84;21;0;19;11;2;0;0;0;0;0
47294;531;2024;Delantero;35;2653;32;7.014285;6;8;48;24;686;43;0;18;5;11;269;117;39;0;87;31;1;0;0;0;0;0
47299;531;2024;Defensa;37;1490;24;6.91;0;2;2;1;664;15;0;47;2;18;163;78;4;0;14;7;5;0;0;0;0;0
47418;531;2024;Mediocentro;25;980;10;6.695833;0;0;5;3;523;12;0;21;1;15;119;58;4;0;13;8;1;0;0;0;0;0
182617;531;2024;Mediocentro;30;1721;21;6.78;1;0;12;5;774;11;0;55;2;28;232;112;15;0;26;14;7;0;0;0;0;0
104853;531;2024;Delantero;0;0;0;0.0;0;0;0;0;0;0;0;0;0;0;0;0;0;0;0;0;0;0;0;0;0;0
377257;531;2024;Delantero;1;6;0;6.2;0;0;0;0;4;0;0;0;0;0;3;1;0;0;2;1;0;0;0;0;0;0
354762;531;2024;Mediocentro;0;0;0;0.0;0;0;0;0;0;0;0;0;0;0;0;0;0;0;0;0;0;0;0;0;0;0
332302;531;2024;Portero;0;0;0;0.0;0;0;0;0;0;0;0;0;0;0;0;0;0;0;0;0;0;0;0;0;0;2
332305;531;2024;Defensa;0;0;0;0.0;0;0;0;0;0;0;0;0;0;0;0;0;0;0;0;0;0;0;0;0;0;0
332308;531;2024;Mediocentro;36;1276;21;6.5625;1;3;13;4;281;10;0;12;1;2;147;69;18;0;21;10;1;0;0;0;0;0
332309;531;2024;Mediocentro;0;0;0;0.0;0;0;0;0;0;0;0;0;0;0;0;0;0;0;0;0;0;0;0;0;0;0
383780;531;2024;Mediocentro;36;2243;32;6.944117;2;1;16;8;1090;23;0;85;4;29;341;180;42;0;37;20;4;1;0;0;0;0
898;531;2024;Mediocentro;8;268;2;6.6625;0;0;6;4;198;2;0;8;0;2;30;16;3;0;3;2;2;0;0;0;0;0
287680;531;2024;Delantero;17;751;14;6.78125;1;1;16;7;154;7;0;4;0;1;133;59;30;0;25;12;0;0;0;0;0;0
179153;531;2024;Delantero;3;49;0;6.2;0;0;0;0;7;0;0;0;0;0;4;2;0;0;0;0;1;0;0;0;0;0
336998;531;2024;Defensa;36;1104;26;6.588888;0;0;3;0;372;5;0;19;3;11;109;51;8;0;24;8;3;0;0;0;0;0
312468;531;2024;Portero;5;319;3;6.78;0;0;0;0;105;0;0;0;0;0;2;2;1;0;0;0;0;0;0;6;12;2
437643;531;2024;Mediocentro;8;255;2;6.6375;0;0;2;0;96;6;0;3;0;1;22;9;2;0;9;4;0;0;0;0;0;0
128398;531;2024;Mediocentro;30;1628;25;7.051724;15;1;38;20;544;21;0;13;0;5;176;73;24;0;46;24;2;0;3;0;0;0
183799;531;2024;Delantero;29;1998;24;6.965517;5;5;40;19;579;40;0;28;1;7;347;143;35;0;174;70;1;0;0;0;0;0
183848;531;2024;Portero;36;1207;27;6.914285;0;0;0;0;356;0;0;0;0;0;10;6;1;0;0;0;1;1;0;9;25;3
183849;531;2024;Defensa;34;1814;26;6.830434;3;0;6;3;945;2;0;14;15;21;112;51;6;0;1;0;4;1;0;0;0;0
288525;531;2024;Delantero;1;18;0;6.2;0;0;0;0;8;0;0;0;0;0;4;0;0;0;1;0;0;0;0;0;0;0
30510;531;2024;Delantero;37;2351;32;6.983333;6;7;39;19;754;47;0;30;2;10;306;119;30;0;74;32;5;0;0;0;0;0
286593;531;2024;Delantero;4;110;1;6.475;0;0;2;1;30;1;0;1;0;1;21;6;2;0;9;3;0;0;0;0;0;0
47007;531;2024;Mediocentro;26;1488;18;6.946153;0;4;6;1;810;28;0;36;4;16;165;77;17;0;21;16;5;0;0;0;0;0
161873;532;2024;Mediocentro;0;0;0;0.0;0;0;0;0;0;0;0;0;0;0;0;0;0;0;0;0;0;0;0;0;0;0
47251;532;2024;Defensa;33;2297;28;6.703125;0;1;9;2;989;10;0;48;5;16;187;100;31;0;25;8;6;0;0;0;0;0
47264;532;2024;Delantero;31;2171;25;6.870967;11;2;38;18;420;13;0;13;2;9;319;129;50;0;20;7;5;0;1;0;0;0
270498;532;2024;Delantero;0;0;0;0.0;0;0;0;0;0;0;0;0;0;0;0;0;0;0;0;0;0;0;0;0;0;0
348326;532;2024;Delantero;4;44;0;6.45;0;0;1;1;25;1;0;2;0;0;15;5;1;0;4;2;0;0;0;0;0;0
161963;532;2024;Delantero;8;142;1;6.571428;0;0;2;2;40;1;0;1;0;3;18;9;4;0;6;3;0;0;0;0;0;0
270516;532;2024;Delantero;0;0;0;0.0;0;0;0;0;0;0;0;0;0;0;0;0;0;0;0;0;0;0;0;0;0;0
24760;532;2024;Portero;2;180;2;6.864705;0;0;0;0;943;2;0;2;0;0;16;12;6;0;0;0;0;0;0;48;93;0
41157;532;2024;Mediocentro;36;1998;31;6.967647;0;4;12;5;861;43;0;49;3;8;242;114;38;0;44;22;2;0;0;0;0;0
315699;532;2024;Mediocentro;37;2593;34;6.755555;3;3;27;10;1255;23;0;49;3;20;301;126;30;0;74;30;5;0;0;0;0;0
315701;532;2024;Defensa;0;0;0;0.0;0;0;0;0;0;0;0;0;0;0;0;0;0;0;0;0;0;0;0;0;0;0
162127;532;2024;Delantero;38;2760;36;6.771052;8;5;31;14;838;38;0;31;0;14;288;101;33;0;76;23;3;0;0;0;0;0
47463;532;2024;Mediocentro;35;1742;25;7.033333;2;2;11;6;1121;32;0;44;6;19;169;94;19;0;11;8;7;1;2;0;0;0
72048;532;2024;Defensa;28;756;19;6.75;0;0;2;0;391;1;0;9;6;18;51;22;1;0;0;0;1;0;0;0;0;0
162175;532;2024;Defensa;35;928;21;6.617647;0;0;3;1;319;3;0;23;5;10;123;60;11;0;31;13;3;0;0;0;0;0
8587;532;2024;Mediocentro;0;0;0;0.0;0;0;0;0;0;0;0;0;0;0;0;0;0;0;0;0;0;0;0;0;0;0
47527;532;2024;Portero;38;360;21;6.35;0;0;0;0;108;0;0;0;0;0;0;0;0;0;0;0;1;0;0;6;6;0
119232;532;2024;Delantero;14;526;5;6.476923;2;0;12;6;81;1;0;3;0;3;63;21;8;0;11;3;0;0;0;0;0;0
8718;532;2024;Defensa;1;90;1;6.3;0;0;0;0;14;0;0;1;1;1;10;3;0;0;0;0;0;0;0;0;0;0
406043;532;2024;Mediocentro;0;0;0;0.0;0;0;0;0;0;0;0;0;0;0;0;0;0;0;0;0;0;0;0;0;0;0
401983;532;2024;Portero;0;0;0;0.0;0;0;0;0;0;0;0;0;0;0;0;0;0;0;0;0;0;0;0;0;0;0
19070;532;2024;Defensa;18;124;9;6.325;0;0;0;0;50;1;0;4;0;0;14;9;2;0;3;1;2;0;0;0;0;0
158378;532;2024;Mediocentro;30;2207;26;6.966666;1;2;14;3;1341;15;0;57;8;28;247;150;46;0;27;11;6;0;0;0;0;0
31406;532;2024;Delantero;16;825;9;6.457142;5;0;2;0;45;1;0;2;1;1;47;17;1;0;9;5;4;0;0;0;0;0
406266;532;2024;Mediocentro;0;0;0;0.0;0;0;0;0;0;0;0;0;0;0;0;0;0;0;0;0;0;0;0;0;0;0
911;532;2024;Portero;0;0;0;0.0;0;0;0;0;0;0;0;0;0;0;0;0;0;0;0;0;0;0;0;0;0;0
916;532;2024;Defensa;18;659;11;7.066666;2;0;10;4;330;1;0;8;6;10;46;33;4;0;5;3;0;0;0;0;0;0
918;532;2024;Defensa;24;1810;23;6.969565;0;1;10;4;751;24;0;57;2;25;160;88;14;0;19;7;7;0;0;0;0;0
919;532;2024;Mediocentro;38;392;20;6.554545;0;0;1;1;185;2;0;11;1;5;36;21;4;0;1;1;2;0;0;0;0;0
19352;532;2024;Mediocentro;34;380;17;6.552941;0;1;9;3;136;4;0;11;1;6;65;23;6;0;13;1;3;0;0;0;0;0
361385;532;2024;Defensa;38;956;24;6.813333;0;0;3;0;462;3;0;20;6;27;68;46;2;0;0;0;1;0;0;0;0;0
412737;532;2024;Portero;0;0;0;0.0;0;0;0;0;0;0;0;0;0;0;0;0;0;0;0;0;0;0;0;0;0;0
162931;532;2024;Mediocentro;26;553;4;6.572;0;0;5;1;196;7;0;17;1;3;89;42;12;0;22;8;1;0;0;0;0;0
48372;532;2024;Defensa;0;0;0;0.0;0;0;0;0;0;0;0;0;0;0;0;0;0;0;0;0;0;0;0;0;0;0
439578;532;2024;Delantero;2;13;1;6.2;0;0;0;0;4;0;0;0;0;0;0;0;0;0;0;0;0;0;0;0;0;0
288074;532;2024;Delantero;3;12;2;6.2;0;0;0;0;4;0;0;0;0;0;1;0;0;0;0;0;0;0;0;0;0;0
1482;532;2024;Defensa;11;771;11;6.73;0;0;7;3;338;5;0;26;1;3;99;54;14;0;22;10;1;0;0;0;0;0
376416;532;2024;Delantero;0;0;0;0.0;0;0;0;0;0;0;0;0;0;0;0;0;0;0;0;0;0;0;0;0;0;0
46828;532;2024;Mediocentro;10;292;6;6.733333;0;0;3;3;98;4;0;8;0;2;53;27;10;0;12;5;0;0;0;0;0;0
327496;532;2024;Defensa;1;66;1;6.2;0;0;1;0;20;0;0;3;0;1;9;4;0;0;1;1;1;0;0;0;0;0
442188;532;2024;Defensa;2;13;0;6.45;0;0;0;0;10;1;0;0;0;0;1;1;0;0;0;0;0;0;0;0;0;0
46933;532;2024;Delantero;36;2846;33;6.9;5;0;0;0;4;1;0;2;0;0;5;3;1;0;0;0;6;0;0;0;0;0
333672;532;2024;Defensa;34;3027;34;6.9;2;0;15;7;1688;3;42;50;20;22;300;163;15;0;13;11;7;0;0;0;0;0
333682;532;2024;Defensa;37;3320;37;6.848648;1;0;4;2;1998;0;49;55;24;35;210;124;25;0;8;4;6;0;0;0;0;0
47013;532;2024;Delantero;20;743;5;6.58;1;2;21;8;191;4;0;10;0;5;89;31;7;0;13;2;3;0;0;0;0;0
411702;533;2024;Delantero;10;153;0;6.45;1;0;2;1;68;1;0;8;0;0;41;18;5;0;11;4;0;0;0;0;0;0
122956;533;2024;Portero;33;1963;28;6.922727;0;1;0;0;528;2;0;2;0;1;6;4;1;0;0;0;2;0;0;33;63;0
83;533;2024;Delantero;3;203;3;6.792;2;0;28;14;355;23;0;8;1;2;120;49;16;0;56;23;1;0;0;0;0;0
278619;533;2024;Portero;37;1457;27;7.188235;0;0;0;0;395;0;0;0;0;0;13;12;6;0;0;0;2;0;0;18;51;0
184420;533;2024;Defensa;36;2560;31;6.9;2;1;19;6;758;30;0;73;15;27;259;130;21;0;45;22;7;0;0;0;0;0
161931;533;2024;Defensa;11;12;6;6.7;0;0;0;0;2;0;0;0;1;0;3;0;0;0;0;0;0;0;0;0;0;0
20696;533;2024;Mediocentro;34;2231;28;7.038235;4;0;41;17;1110;17;0;54;13;27;255;157;62;0;27;11;6;2;0;0;0;0
258;533;2024;Defensa;10;203;1;6.507142;0;1;1;0;169;7;0;19;3;2;102;48;6;0;23;12;0;0;0;0;0;0
8492;533;2024;Delantero;0;0;0;7.008571;0;2;65;42;348;13;0;9;1;1;263;134;13;0;36;14;0;0;1;0;0;0
314;533;2024;Defensa;28;1199;21;6.686666;0;0;0;0;812;0;48;10;9;6;74;45;6;0;0;0;4;0;0;0;0;0
162122;533;2024;Defensa;0;0;0;6.727272;0;0;5;2;491;11;0;41;6;15;170;91;28;0;22;10;0;0;0;0;0;0
18794;533;2024;Defensa;28;2232;27;6.892857;0;1;2;0;1255;16;40;48;10;41;156;83;13;0;23;17;7;0;0;0;0;0
307565;533;2024;Mediocentro;1;7;0;6.7;0;0;1;0;7;0;0;0;0;0;1;0;0;0;0;0;1;0;0;0;0;0
47529;533;2024;Portero;0;0;0;0.0;0;0;0;0;0;0;0;0;0;0;0;0;0;0;0;0;0;0;0;0;0;0
463280;533;2024;Mediocentro;0;0;0;0.0;0;0;0;0;0;0;0;0;0;0;0;0;0;0;0;0;0;0;0;0;0;0
47541;533;2024;Mediocentro;37;2582;31;7.082857;4;2;30;8;1346;28;0;84;21;20;337;161;27;0;32;18;8;0;0;0;0;0
18906;533;2024;Delantero;30;1976;27;7.24;19;2;57;31;397;32;0;27;1;8;253;113;39;0;69;34;4;0;0;0;0;0
336637;533;2024;Defensa;0;0;0;0.0;0;0;0;0;0;0;0;0;0;0;0;0;0;0;0;0;0;0;0;0;0;0
64268;533;2024;Defensa;0;0;0;0.0;0;0;0;0;0;0;0;0;0;0;0;0;0;0;0;0;0;0;0;0;0;0
166;533;2024;Defensa;19;1517;17;7.194736;1;0;14;5;923;7;42;25;17;18;130;75;5;0;8;4;4;0;0;0;0;0
70500;533;2024;Defensa;36;2955;34;7.108571;1;7;15;6;1118;46;0;71;7;40;269;149;28;0;27;10;11;0;0;0;0;0
885;533;2024;Defensa;12;618;8;6.545454;0;0;2;0;317;0;0;12;6;6;43;27;1;0;3;3;2;1;0;0;0;0
928;533;2024;Mediocentro;36;2277;33;7.05;3;3;11;4;1503;23;0;52;7;25;190;121;37;0;11;8;8;0;1;0;0;0
3246;533;2024;Delantero;28;1495;21;7.103571;3;6;29;17;576;33;0;22;1;5;189;90;25;0;57;27;3;0;0;0;0;0
302277;533;2024;Portero;0;0;0;0.0;0;0;0;0;0;0;0;0;0;0;0;0;0;0;0;0;0;0;0;0;0;0
169256;533;2024;Portero;0;0;0;0.0;0;0;0;0;0;0;0;0;0;0;0;0;0;0;0;0;0;0;0;0;0;0
435552;533;2024;Defensa;38;917;23;6.65625;0;0;1;0;514;1;0;23;6;4;93;43;8;0;7;3;1;0;0;0;0;0
288112;533;2024;Defensa;30;1114;18;6.663157;0;0;3;1;576;1;0;18;7;10;68;38;0;0;5;5;1;1;0;0;0;0
378284;533;2024;Delantero;12;46;6;6.75;1;0;2;2;1;0;0;0;0;0;3;2;1;0;0;0;0;0;0;0;0;0
1461;533;2024;Mediocentro;21;601;7;6.747619;1;1;7;3;259;14;0;12;1;3;56;30;7;0;15;10;0;0;0;0;0;0
21997;533;2024;Defensa;35;2585;33;6.915625;2;1;12;5;1532;4;42;38;14;21;150;87;3;0;2;0;3;0;0;0;0;0
187987;533;2024;Mediocentro;11;123;1;7.053333;0;1;17;9;309;16;0;21;2;8;159;80;22;0;43;23;1;0;0;0;0;0
343684;533;2024;Delantero;35;2322;25;6.968571;11;4;64;25;328;24;0;12;2;0;326;179;51;0;42;18;4;0;1;0;0;0
1702;533;2024;Defensa;12;453;4;6.781818;0;2;2;2;164;9;0;3;1;6;37;19;2;0;17;9;0;0;0;0;0;0
1707;533;2024;Delantero;17;716;6;7.123529;3;2;21;12;291;17;0;7;0;2;96;53;11;0;31;18;0;0;3;0;0;0
51016;533;2024;Delantero;13;413;4;6.753846;1;2;5;2;121;5;0;10;0;1;74;43;20;0;17;10;2;0;0;0;0;0
184226;533;2024;Mediocentro;35;1949;30;6.92647;4;7;17;9;654;38;0;60;3;8;269;127;30;0;50;25;11;0;0;0;0;0
290740;533;2024;Forward;11;587;9;6.972727;1;0;14;6;164;9;0;12;0;2;105;57;21;0;34;18;1;0;0;0;0;0
182219;533;2024;Mediocentro;32;2607;30;7.5;7;9;49;18;1043;99;0;28;2;22;259;112;47;0;48;21;9;0;0;0;0;0
391131;533;2024;Mediocentro;1;9;0;6.3;0;0;0;0;5;0;0;0;0;0;0;0;0;0;0;0;0;0;0;0;0;0
47111;534;2024;Mediocentro;19;463;2;6.58421;0;0;5;1;252;13;0;10;3;1;64;26;8;0;12;3;2;1;0;0;0;0
2060;534;2024;Delantero;0;0;0;0.0;0;0;0;0;0;0;0;0;0;0;0;0;0;0;0;0;0;0;0;0;0;0
124;534;2024;Portero;27;2337;27;7.059259;0;0;0;0;857;0;0;1;0;0;13;8;5;0;0;0;1;0;0;42;91;0
47324;534;2024;Delantero;31;2046;25;6.967741;9;3;40;21;543;28;0;27;0;16;208;98;43;0;43;16;6;0;1;0;0;0
162026;534;2024;Defensa;23;1029;9;6.565217;0;0;3;0;384;6;0;25;6;15;127;54;17;0;16;2;4;0;0;0;0;0
182519;534;2024;Mediocentro;36;2727;34;6.814285;6;1;47;24;992;41;0;27;0;18;344;136;40;0;143;64;5;0;0;0;0;0
47393;534;2024;Delantero;11;121;0;6.41;0;0;1;0;46;0;0;4;0;0;27;8;3;0;7;1;2;0;0;0;0;0
47464;534;2024;Mediocentro;25;1196;15;6.824;0;3;4;3;792;14;0;21;1;19;107;64;20;0;16;8;5;0;0;0;0;0
522648;534;2024;Mediocentro;1;10;0;6.3;0;0;0;0;9;0;0;0;0;0;0;0;0;0;0;0;0;0;0;0;0;0
522649;534;2024;Delantero;1;20;0;6.3;0;0;0;0;5;0;0;0;0;0;2;0;0;0;1;0;0;0;0;0;0;0
182694;534;2024;Mediocentro;0;0;0;0.0;0;0;0;0;0;0;0;0;0;0;0;0;0;0;0;0;0;0;0;0;0;0
440748;534;2024;Portero;0;0;0;0.0;0;0;0;0;0;0;0;0;0;0;0;0;0;0;0;0;0;0;0;0;0;0
131535;534;2024;Defensa;30;2469;30;6.656666;0;0;4;3;1322;3;0;40;24;13;168;86;21;0;2;0;12;0;0;0;0;0
536;534;2024;Defensa;5;90;4;6.8;0;0;0;0;57;1;0;5;0;1;14;9;2;0;1;1;0;0;0;0;0;0
406123;534;2024;Delantero;0;0;0;0.0;0;0;0;0;0;0;0;0;0;0;0;0;0;0;0;0;0;0;0;0;0;0
2671;534;2024;Delantero;30;637;4;6.503333;0;0;13;6;176;3;0;7;1;3;112;52;14;0;8;5;9;0;0;0;0;0
162475;534;2024;Defensa;30;2399;27;6.78;0;1;5;0;1241;16;0;61;14;37;189;105;8;0;15;7;5;0;0;0;0;0
70315;534;2024;Mediocentro;21;1768;21;6.966666;0;3;17;9;1179;16;48;33;4;10;140;75;18;0;16;11;2;0;0;0;0;0
486068;534;2024;Portero;0;0;0;0.0;0;0;0;0;0;0;0;0;0;0;0;0;0;0;0;0;0;0;0;0;0;0
481993;534;2024;Defensa;1;5;0;4.2;0;0;0;0;5;0;0;0;0;0;0;0;0;0;0;0;0;0;0;0;0;0
129791;534;2024;Delantero;24;1876;22;7.0875;10;3;44;24;439;16;0;13;0;4;283;128;43;0;49;21;7;0;2;0;0;0
64256;534;2024;Defensa;9;205;5;6.9;0;0;0;0;98;1;0;5;1;2;14;10;3;0;1;1;1;0;0;0;0;0
336645;534;2024;Portero;0;0;0;0.0;0;0;0;0;0;0;0;0;0;0;0;0;0;0;0;0;0;0;0;0;0;0
70500;534;2024;Defensa;0;0;0;0.0;0;0;0;0;0;0;0;0;0;0;0;0;0;0;0;0;0;0;0;0;0;0
2924;534;2024;Mediocentro;18;589;5;6.894117;2;1;8;5;273;18;0;10;0;2;105;50;22;0;36;14;5;0;0;0;0;0
19337;534;2024;Delantero;38;1861;30;6.80606;3;6;28;13;410;24;0;15;5;6;308;139;19;0;34;16;3;0;0;0;0;0
310187;534;2024;Mediocentro;14;976;12;6.728571;1;0;3;2;409;7;0;29;4;15;135;70;14;0;20;11;4;0;0;0;0;0
404471;534;2024;Delantero;2;38;0;6.55;0;0;1;0;11;0;0;1;0;0;5;2;1;0;0;0;0;0;0;0;0;0
21709;534;2024;Mediocentro;17;678;7;6.482352;0;0;6;4;432;5;0;17;1;10;78;34;6;0;12;4;3;0;0;0;0;0
453885;534;2024;Mediocentro;1;3;0;6.3;0;0;0;0;4;0;0;0;0;0;2;0;0;0;0;0;0;0;0;0;0;0
505100;534;2024;Portero;0;0;0;0.0;0;0;0;0;0;0;0;0;0;0;0;0;0;0;0;0;0;0;0;0;0;0
1304;534;2024;Portero;13;1083;11;6.938461;0;0;0;0;468;0;0;0;0;0;3;2;1;0;1;1;1;0;0;19;37;0
490848;534;2024;Mediocentro;2;96;1;6.8;0;0;1;0;51;0;0;1;0;1;9;4;1;0;2;1;1;0;0;0;0;0
122230;534;2024;Mediocentro;28;990;8;6.864285;2;1;15;7;540;28;0;19;3;4;126;64;37;0;14;5;2;0;0;0;0;0
308678;534;2024;Mediocentro;28;1952;27;6.87037;1;0;16;4;947;13;0;59;11;43;243;131;30;0;17;12;11;2;0;0;0;0
157194;534;2024;Delantero;1;15;0;6.7;0;0;1;0;6;0;0;1;0;0;2;1;0;0;0;0;0;0;0;0;0;0
46854;534;2024;Mediocentro;29;1988;23;6.834482;0;2;3;2;694;12;0;73;7;27;203;130;31;0;16;9;5;0;0;0;0;0
44811;534;2024;Defensa;30;2467;29;6.703448;0;0;5;0;1461;4;43;21;28;9;181;117;8;0;3;3;5;1;0;0;0;0
46860;534;2024;Mediocentro;36;2589;32;6.885714;1;3;20;6;1071;30;0;43;4;31;221;105;26;0;34;21;5;0;0;0;0;0
431890;534;2024;Defensa;19;1316;15;6.805263;0;0;10;2;640;0;0;11;11;19;102;63;7;0;1;0;1;0;0;0;0;0
440133;534;2024;Delantero;0;0;0;0.0;0;0;0;0;0;0;0;0;0;0;0;0;0;0;0;0;0;0;0;0;0;0
47004;534;2024;Mediocentro;2;51;0;6.45;0;0;2;0;52;0;0;0;0;0;3;1;0;0;0;0;0;0;0;0;0;0
47052;534;2024;Defensa;21;1420;18;6.804761;3;0;8;5;627;7;0;39;11;16;153;78;14;0;8;2;3;0;0;0;0;0
329729;536;2024;Mediocentro;0;0;0;0.0;0;0;0;0;0;0;0;0;0;0;0;0;0;0;0;0;0;0;0;0;0;0
2054;536;2024;Defensa;15;415;3;6.714285;1;0;3;2;209;10;0;4;0;4;31;17;4;0;6;4;0;0;0;0;0;0
311344;536;2024;Delantero;0;0;0;0.0;0;0;0;0;0;0;0;0;0;0;0;0;0;0;0;0;0;0;0;0;0;0
48;536;2024;Mediocentro;24;1555;17;7.008333;1;6;31;9;632;22;0;47;2;20;225;107;11;0;22;10;8;1;0;0;0;0
319572;536;2024;Mediocentro;7;286;3;6.685714;0;0;5;0;134;6;0;15;0;2;45;23;5;0;12;3;0;0;0;0;0;0
57446;536;2024;Delantero;4;135;3;6.475;0;0;2;2;27;0;0;0;0;0;18;7;0;0;1;1;0;0;0;0;0;0
340152;536;2024;Mediocentro;36;290;19;6.625;1;1;3;2;72;6;0;9;1;4;49;26;7;0;18;9;0;0;0;0;0;0
39121;536;2024;Delantero;29;969;20;6.875;2;1;18;8;410;21;0;18;0;5;167;86;16;0;81;48;0;0;0;0;0;0
47329;536;2024;Defensa;34;2303;29;6.841935;1;1;19;8;893;20;0;56;11;24;223;102;19;0;32;16;7;0;0;0;0;0
47389;536;2024;Mediocentro;0;0;0;7.052;0;2;12;8;805;32;0;32;0;10;127;65;11;0;7;6;0;0;3;0;0;0
47416;536;2024;Mediocentro;0;0;0;6.734482;0;4;23;6;490;19;0;32;1;21;186;90;25;0;47;21;0;0;0;0;0;0
162126;536;2024;Delantero;37;1164;27;6.623076;1;1;10;4;338;12;0;18;0;8;158;62;26;0;23;11;1;0;0;0;0;0
297311;536;2024;Defensa;31;2236;25;6.97;3;2;18;7;1332;6;0;47;14;32;219;142;15;0;5;3;6;0;0;0;0;0
2468;536;2024;Defensa;6;109;1;6.68;0;0;0;0;64;0;0;4;0;2;10;6;1;0;0;0;1;0;0;0;0;0
119213;536;2024;Delantero;35;1372;25;6.9;5;2;31;21;332;24;0;8;0;4;152;66;31;0;54;24;1;1;0;0;0;0
433;536;2024;Defensa;34;565;20;6.54;0;0;0;0;314;0;0;10;6;7;56;36;10;0;3;2;5;1;0;0;0;0
119235;536;2024;Mediocentro;0;0;0;0.0;0;0;0;0;0;0;0;0;0;0;0;0;0;0;0;0;0;0;0;0;0;0
182772;536;2024;Mediocentro;32;1720;18;6.836666;4;4;11;6;598;25;0;50;2;16;181;91;12;0;26;10;5;0;0;0;0;0
21004;536;2024;Mediocentro;35;2114;24;6.948387;1;3;7;2;1204;27;0;70;11;40;260;140;6;0;29;22;6;1;0;0;0;0
197196;536;2024;Defensa;18;261;10;6.92;1;0;3;3;122;1;0;6;1;2;22;16;1;0;1;1;0;0;0;0;0;0
2778;536;2024;Delantero;9;401;5;6.55;0;0;4;2;79;5;0;1;0;0;27;6;1;0;4;2;0;0;0;0;0;0
19172;536;2024;Portero;34;2674;33;6.793333;0;0;0;0;887;4;0;3;0;0;14;12;2;0;0;0;2;0;0;39;74;2
2813;536;2024;Portero;0;0;0;7.009375;0;0;0;0;933;1;0;1;0;0;23;21;6;0;1;1;0;0;0;49;104;0
174918;536;2024;Defensa;32;2687;31;6.85;1;1;12;4;1801;4;48;47;13;28;211;138;10;0;17;15;7;1;0;0;0;0
2924;536;2024;Mediocentro;0;0;0;6.894117;0;1;8;5;273;18;0;10;0;2;105;50;22;0;36;14;0;0;0;0;0;0
25458;536;2024;Delantero;38;3098;37;7.065789;11;2;75;39;914;55;0;22;1;11;377;177;55;0;156;82;3;1;1;0;0;0
957;536;2024;Mediocentro;31;2068;26;6.936666;2;1;14;6;983;21;0;25;3;28;175;100;41;0;21;10;5;0;0;0;0;0
338900;536;2024;Delantero;8;26;4;6.35;0;0;1;1;4;1;0;0;0;0;2;0;0;0;1;0;0;0;0;0;0;0
338902;536;2024;Defensa;0;0;0;0.0;0;0;0;0;0;0;0;0;0;0;0;0;0;0;0;0;0;0;0;0;0;0
185398;536;2024;Delantero;32;2167;29;6.490322;4;2;42;20;414;20;0;13;1;7;297;99;37;0;58;20;10;1;0;0;0;0
486472;536;2024;Delantero;8;409;4;6.7625;1;0;9;4;66;2;0;5;0;2;59;21;5;0;2;1;1;0;0;0;0;0
308346;536;2024;Portero;0;0;0;0.0;0;0;0;0;0;0;0;0;0;0;0;0;0;0;0;0;0;0;0;0;0;0
335034;536;2024;Mediocentro;0;0;0;0.0;0;0;0;0;0;0;0;0;0;0;0;0;0;0;0;0;0;0;0;0;0;0
335037;536;2024;Defensa;1;38;1;6.2;0;0;1;0;7;0;0;0;0;1;4;2;1;0;1;0;0;0;0;0;0;0
335057;536;2024;Defensa;1;13;0;6.2;0;0;0;0;0;0;0;0;0;0;0;0;0;0;0;0;1;0;0;0;0;0
195923;536;2024;Defensa;35;2954;35;6.871428;0;0;15;4;1440;19;0;82;11;66;320;176;43;0;43;18;11;0;0;0;0;0
48471;536;2024;Mediocentro;12;677;10;6.790909;2;1;12;5;201;13;0;7;0;3;78;35;9;0;28;12;0;0;0;0;0;0
1427;536;2024;Mediocentro;22;1473;16;6.831818;0;2;10;5;885;19;0;22;1;9;131;74;21;0;8;4;4;0;0;0;0;0
341453;536;2024;Defensa;0;0;0;0.0;0;0;0;0;0;0;0;0;0;0;0;0;0;0;0;0;0;0;0;0;0;0
1489;536;2024;Mediocentro;35;2495;28;6.816129;1;1;18;6;1333;14;0;42;10;28;177;108;14;0;8;6;6;0;1;0;0;0
286271;536;2024;Delantero;1;17;0;6.7;0;0;0;0;1;0;0;0;0;0;2;1;1;0;0;0;0;0;0;0;0;0
331330;536;2024;Portero;0;0;0;0.0;0;0;0;0;0;0;0;0;0;0;0;0;0;0;0;0;0;0;0;0;0;1
284241;536;2024;Delantero;1;10;0;6.7;0;0;0;0;1;0;0;0;0;0;2;2;1;0;0;0;0;0;0;0;0;0
1650;536;2024;Mediocentro;16;597;4;6.906666;0;2;10;4;318;22;0;10;0;3;88;42;16;0;29;14;3;0;0;0;0;0
331607;536;2024;Mediocentro;18;144;11;6.6875;1;0;4;1;73;0;0;4;0;0;15;8;3;0;2;1;0;0;0;0;0;0
1911;536;2024;Mediocentro;2;176;2;6.95;0;1;3;2;83;3;0;3;0;0;25;11;2;0;7;2;0;0;0;0;0;0
290686;536;2024;Portero;0;0;0;0.0;0;0;0;0;0;0;0;0;0;0;0;0;0;0;0;0;0;0;0;0;0;0
47013;536;2024;Delantero;0;0;0;0.0;0;0;0;0;0;0;0;0;0;0;0;0;0;0;0;0;0;0;0;0;0;0
47016;536;2024;Portero;38;746;23;6.655555;0;0;0;0;291;1;0;0;0;0;4;3;2;0;0;0;2;0;0;16;20;2
360411;536;2024;Mediocentro;0;0;0;0.0;0;0;0;0;0;0;0;0;0;0;0;0;0;0;0;0;0;0;0;0;0;0
133110;536;2024;Defensa;10;520;7;6.966666;0;0;2;0;314;0;47;7;0;7;45;32;5;0;3;3;3;1;0;0;0;0
2060;537;2024;Delantero;32;877;21;6.736;4;0;19;9;248;8;0;12;1;1;151;68;39;0;19;7;1;1;0;0;0;0
337955;537;2024;Defensa;0;0;0;0.0;0;0;0;0;0;0;0;0;0;0;0;0;0;0;0;0;0;0;0;0;0;0
122956;537;2024;Portero;0;0;0;0.0;0;0;0;0;0;0;0;0;0;0;0;0;0;0;0;0;0;0;0;0;0;0
184481;537;2024;Delantero;28;1190;13;6.577777;3;0;22;9;184;6;0;1;1;3;199;70;23;0;9;3;2;0;0;0;0;0
123047;537;2024;Defensa;36;2961;33;6.872222;2;0;10;5;1510;5;0;40;29;38;222;120;12;0;4;4;2;1;0;0;0;0
47321;537;2024;Mediocentro;13;387;3;6.572727;0;1;5;1;178;10;0;7;0;1;37;13;3;0;4;2;0;0;0;0;0;0
47361;537;2024;Mediocentro;30;1612;15;6.6;1;2;8;3;486;9;0;27;11;17;158;62;13;0;6;2;4;0;0;0;0;0
47407;537;2024;Defensa;0;0;0;6.655555;0;2;7;4;270;5;0;18;2;5;83;39;9;0;9;4;0;0;0;0;0;0
47416;537;2024;Mediocentro;29;1319;12;6.734482;1;4;23;6;490;19;0;32;1;21;186;90;25;0;47;21;6;1;0;0;0;0
162122;537;2024;Defensa;36;1646;28;6.727272;0;0;5;2;491;11;0;41;6;15;170;91;28;0;22;10;6;0;0;0;0;0
385389;537;2024;Mediocentro;0;0;0;0.0;0;0;0;0;0;0;0;0;0;0;0;0;0;0;0;0;0;0;0;0;0;0
2433;537;2024;Mediocentro;34;2433;31;6.848484;1;0;13;6;1037;8;0;61;23;29;261;147;34;0;35;20;8;0;0;0;0;0
47494;537;2024;Delantero;34;1719;17;6.458823;1;3;27;16;225;7;0;16;4;3;264;83;30;0;33;8;3;0;1;0;0;0
403;537;2024;Defensa;26;2112;24;6.842307;1;0;2;1;847;2;0;25;30;21;113;73;8;0;1;1;3;0;0;0;0;0
131492;537;2024;Defensa;2;178;2;6.6;0;0;0;0;67;0;0;1;2;3;15;7;0;0;0;0;0;0;0;0;0;0
2575;537;2024;Defensa;0;0;0;0.0;0;0;0;0;0;0;0;0;0;0;0;0;0;0;0;0;0;0;0;0;0;0
129657;537;2024;Defensa;12;614;7;6.65;1;0;3;1;164;2;0;18;1;4;64;38;6;0;16;9;1;0;0;0;0;0
2813;537;2024;Portero;38;2880;35;7.009375;0;0;0;0;933;1;0;1;0;0;23;21;6;0;1;1;0;0;0;49;104;0
185202;537;2024;Mediocentro;34;2265;26;6.882352;5;4;25;14;557;25;0;31;2;14;216;109;23;0;72;40;2;0;0;0;0;0
388032;537;2024;Mediocentro;0;0;0;0.0;0;0;0;0;0;0;0;0;0;0;0;0;0;0;0;0;0;0;0;0;0;0
302051;537;2024;Mediocentro;36;2451;34;6.744117;3;1;17;5;1127;17;0;59;1;13;283;139;25;0;40;30;3;1;0;0;0;0
41976;537;2024;Defensa;30;2321;27;6.856666;1;1;14;3;1101;13;0;52;5;26;254;142;50;0;35;18;14;0;0;0;0;0
162944;537;2024;Delantero;10;170;1;6.7;0;0;2;1;41;5;0;8;0;1;57;33;13;0;18;10;1;0;0;0;0;0
386187;537;2024;Mediocentro;0;0;0;0.0;0;0;0;0;0;0;0;0;0;0;0;0;0;0;0;0;0;0;0;0;0;0
21701;537;2024;Defensa;34;2592;29;6.934375;1;2;10;4;957;11;0;72;15;52;265;138;18;0;43;22;8;0;0;0;0;0
163013;537;2024;Defensa;0;0;0;0.0;0;0;0;0;0;0;0;0;0;0;0;0;0;0;0;0;0;0;0;0;0;0
1708;537;2024;Delantero;34;1896;31;7.193103;8;6;31;17;545;47;0;37;3;13;296;143;56;0;83;45;6;0;4;0;0;0
1738;537;2024;Defensa;1;10;1;6.2;0;0;0;0;2;0;0;0;0;0;0;0;0;0;0;0;0;0;0;0;0;0
513776;537;2024;Delantero;10;551;9;7.12;2;1;7;3;177;14;0;14;0;8;114;56;16;0;37;23;1;0;0;0;0;0
46849;537;2024;Defensa;31;2391;27;6.658064;2;1;15;6;822;17;0;27;5;23;214;79;16;0;28;16;6;0;0;0;0;0
1826;537;2024;Delantero;8;405;5;6.5375;0;0;3;1;90;1;0;2;0;0;64;34;5;0;3;1;0;0;0;0;0;0
327495;537;2024;Portero;0;0;0;0.0;0;0;0;0;0;0;0;0;0;0;0;0;0;0;0;0;0;0;0;0;0;0
327496;537;2024;Defensa;0;0;0;0.0;0;0;0;0;0;0;0;0;0;0;0;0;0;0;0;0;0;0;0;0;0;0
5974;537;2024;Mediocentro;37;316;18;6.525;0;1;1;1;134;2;0;11;0;4;38;19;3;0;4;3;0;0;0;0;0;0
313196;537;2024;Defensa;0;0;0;0.0;0;0;0;0;0;0;0;0;0;0;0;0;0;0;0;0;0;0;0;0;0;0
327622;537;2024;Delantero;0;0;0;0.0;0;0;0;0;0;0;0;0;0;0;0;0;0;0;0;0;0;0;0;0;0;0
47080;537;2024;Defensa;23;1691;19;7.021739;1;0;8;3;893;2;0;37;17;24;177;95;15;0;6;4;4;1;0;0;0;0
2036;537;2024;Portero;6;540;6;7.066666;0;0;0;0;165;0;0;1;0;0;4;4;3;0;0;0;1;1;0;7;19;0
329722;538;2024;Defensa;16;583;13;6.6625;0;1;0;0;423;1;55;12;4;5;53;27;9;0;4;3;2;0;0;0;0;0
286795;538;2024;Portero;0;0;0;0.0;0;0;0;0;0;0;0;0;0;0;0;0;0;0;0;0;0;0;0;0;0;0
286796;538;2024;Mediocentro;36;944;25;6.782352;0;0;0;0;785;17;42;14;1;7;57;23;9;0;2;0;3;0;0;0;0;0
47277;538;2024;Defensa;33;645;21;7.011111;0;0;1;0;325;1;0;10;4;16;56;31;5;0;2;2;4;0;0;0;0;0
26845;538;2024;Delantero;22;692;15;6.573684;3;1;15;9;105;3;0;8;2;3;115;53;27;0;11;4;2;0;0;0;0;0
2278;538;2024;Defensa;31;2655;30;7.077419;3;0;24;13;2291;21;66;36;7;34;258;150;28;0;24;16;10;2;3;0;0;0
47348;538;2024;Delantero;37;1964;24;6.835135;11;3;39;28;473;19;0;10;2;7;197;67;34;0;31;11;2;0;0;0;0;0
157988;538;2024;Defensa;23;1657;19;6.852173;0;4;7;3;711;16;0;29;2;17;121;53;7;0;27;14;1;0;0;0;0;0
313651;538;2024;Mediocentro;36;1269;28;6.772727;0;0;2;0;967;19;0;28;1;5;115;48;9;0;17;8;5;0;0;0;0;0
47427;538;2024;Portero;4;360;4;6.75;0;0;0;0;103;0;0;0;0;0;2;1;0;0;0;0;0;0;0;9;11;0
47435;538;2024;Mediocentro;38;2427;33;6.855882;2;1;16;4;1473;17;0;51;6;25;213;92;12;0;18;10;3;0;0;0;0;0
162123;538;2024;Mediocentro;33;2129;22;6.948484;1;1;26;12;967;21;0;67;4;13;290;164;58;0;36;15;8;0;0;0;0;0
47445;538;2024;Delantero;30;1745;19;7.283333;10;5;44;24;843;38;0;13;1;8;130;68;34;0;21;14;5;0;5;0;0;0
67955;538;2024;Delantero;0;0;0;6.629629;0;0;18;9;292;17;0;33;2;6;217;78;11;0;47;21;0;0;0;0;0;0
2433;538;2024;Mediocentro;0;0;0;6.848484;0;0;13;6;1037;8;0;61;23;29;261;147;34;0;35;20;0;0;0;0;0;0
18835;538;2024;Portero;34;3060;34;6.911764;0;0;0;0;776;0;0;0;0;0;15;14;5;0;0;0;0;0;0;48;81;0
119213;538;2024;Delantero;26;1371;14;6.9;5;2;31;21;332;24;0;8;0;4;152;66;31;0;54;24;1;1;0;0;0;0
182730;538;2024;Portero;0;0;0;0.0;0;0;0;0;0;0;0;0;0;0;0;0;0;0;0;0;0;0;0;0;0;0
18896;538;2024;Defensa;10;520;7;6.47;0;0;0;0;364;0;0;7;3;7;40;13;1;0;1;0;1;0;0;0;0;0
570;538;2024;Mediocentro;32;278;17;6.585714;0;0;0;0;108;5;0;8;0;8;31;14;1;0;2;1;1;0;0;0;0;0
19026;538;2024;Mediocentro;4;11;2;6.2;0;0;0;0;5;0;0;0;0;0;3;0;0;0;1;0;0;0;0;0;0;0
391822;538;2024;Delantero;20;690;14;6.770588;2;0;11;6;255;14;0;9;0;2;103;37;8;0;31;18;2;0;0;0;0;0
334573;538;2024;Defensa;0;0;0;0.0;0;0;0;0;0;0;0;0;0;0;0;0;0;0;0;0;0;0;0;0;0;0
64309;538;2024;Defensa;0;0;0;6.696969;0;0;6;2;767;16;0;85;12;30;277;121;21;0;31;7;0;0;0;0;0;0
269163;538;2024;Mediocentro;33;1347;26;6.70625;4;5;24;15;343;16;0;23;1;3;159;72;32;0;38;9;1;0;0;0;0;0
47988;538;2024;Defensa;30;2271;27;6.964285;1;0;3;1;1641;6;54;40;21;29;194;113;11;0;1;1;5;0;0;0;0;0
162712;538;2024;Defensa;34;2741;33;7.115151;4;6;22;10;1779;35;43;38;5;23;229;106;31;0;59;27;6;1;0;0;0;0
320517;538;2024;Delantero;37;1411;27;6.796153;4;4;21;10;372;17;0;17;3;8;179;60;18;0;40;12;3;0;0;0;0;0
21584;538;2024;Defensa;27;446;17;6.54;0;1;0;0;186;4;0;7;0;2;46;14;2;0;12;2;1;0;0;0;0;0
384135;538;2024;Defensa;37;2513;30;6.891666;3;2;11;5;1637;13;0;54;10;31;223;125;22;0;19;10;7;0;0;0;0;0
304383;538;2024;Delantero;9;1;3;0.0;0;0;0;0;3;0;0;0;0;0;1;0;0;0;1;0;1;0;0;0;0;0
1364;538;2024;Mediocentro;23;630;14;6.733333;0;0;2;2;475;1;0;13;4;9;68;39;4;0;4;3;2;0;0;0;0;0
351913;538;2024;Delantero;0;0;0;0.0;0;0;0;0;0;0;0;0;0;0;0;0;0;0;0;0;0;0;0;0;0;0
333502;538;2024;Mediocentro;0;0;0;0.0;0;0;0;0;0;0;0;0;0;0;0;0;0;0;0;0;0;0;0;0;0;0
22235;538;2024;Delantero;16;814;12;6.783333;0;1;11;6;324;12;0;12;0;5;103;50;17;0;34;15;1;0;0;0;0;0
286559;538;2024;Defensa;37;1187;26;6.88125;0;0;3;1;961;2;53;24;11;12;93;64;10;0;3;2;1;0;0;0;0;0
1926;538;2024;Defensa;1;1;0;6.3;0;0;0;0;7;0;0;1;0;0;2;1;0;0;0;0;0;0;0;0;0;0
128985;538;2024;Delantero;12;354;4;6.6;1;0;3;2;122;5;0;4;1;1;28;8;0;0;5;2;2;0;0;0;0;0
329720;538;2024;Mediocentro;34;1570;27;6.8;4;3;16;9;851;18;0;25;2;8;175;79;16;0;70;32;6;0;0;0;0;0
438284;540;2024;Mediocentro;17;182;8;6.28;0;0;1;0;54;0;0;5;1;0;23;9;0;0;2;1;1;0;0;0;0;0
311344;540;2024;Delantero;27;1118;10;6.544;1;0;19;6;185;2;0;1;2;4;181;88;33;0;4;1;3;0;0;0;0;0
419912;540;2024;Delantero;0;0;0;0.0;0;0;0;0;0;0;0;0;0;0;0;0;0;0;0;0;0;0;0;0;0;0
47195;540;2024;Mediocentro;16;435;4;6.65;0;1;5;1;232;4;0;5;1;4;37;21;8;0;7;5;3;0;0;0;0;0
184420;540;2024;Defensa;34;2557;28;6.9;2;1;19;6;758;30;0;73;15;27;259;130;21;0;45;22;7;0;0;0;0;0
161894;540;2024;Delantero;2;30;0;6.85;0;0;1;0;16;1;0;2;0;0;5;3;1;0;1;0;0;0;0;0;0;0
47249;540;2024;Defensa;33;2870;33;6.987878;4;2;13;6;1401;9;0;39;25;31;202;125;8;0;2;1;4;1;0;0;0;0
450716;540;2024;Defensa;12;8;6;6.2;0;0;0;0;7;0;0;0;0;0;2;0;0;0;0;0;0;0;0;0;0;0
30924;540;2024;Defensa;35;2975;35;6.965714;3;0;11;5;1395;1;0;50;35;34;254;152;29;0;6;4;9;0;0;0;0;0
47349;540;2024;Delantero;35;2989;35;6.865714;12;4;59;24;639;22;0;22;3;5;207;79;27;0;55;21;7;0;5;0;0;0
47352;540;2024;Portero;0;0;0;0.0;0;0;0;0;0;0;0;0;0;0;0;0;0;0;0;0;0;0;0;0;0;0
47398;540;2024;Mediocentro;37;459;19;6.638888;3;0;8;5;145;5;0;6;2;3;70;31;12;0;6;2;3;0;0;0;0;0
67940;540;2024;Mediocentro;10;572;7;6.68;0;0;1;0;216;1;0;25;1;5;79;44;8;0;2;0;0;0;0;0;0;0
47478;540;2024;Defensa;31;738;17;6.742857;1;0;2;1;374;3;0;18;9;16;65;39;8;0;0;0;1;0;0;0;0;0
182674;540;2024;Delantero;37;2175;26;6.64054;3;3;23;11;456;24;0;22;0;15;270;122;59;0;96;36;5;0;0;0;0;0
182718;540;2024;Portero;38;3420;38;7.392105;0;0;1;1;1060;0;0;0;0;0;30;27;7;0;0;0;2;0;0;51;145;0
127426;540;2024;Mediocentro;30;1960;27;6.67;0;1;5;2;799;17;0;53;6;22;214;82;14;0;17;5;13;0;0;0;0;0
182735;540;2024;Portero;0;0;0;0.0;0;0;0;0;0;0;0;0;0;0;0;0;0;0;0;0;0;0;0;0;0;0
8683;540;2024;Delantero;16;599;5;6.675;1;1;9;3;143;9;0;10;1;4;67;29;8;0;9;3;1;0;0;0;0;0
461502;540;2024;Portero;0;0;0;0.0;0;0;0;0;0;0;0;0;0;0;0;0;0;0;0;0;0;0;0;0;0;0
297742;540;2024;Delantero;35;1042;24;6.672;0;1;6;4;195;7;0;22;2;8;157;80;23;0;46;29;3;0;0;0;0;0
162585;540;2024;Portero;0;0;0;0.0;0;0;0;0;0;0;0;0;0;0;0;0;0;0;0;0;0;0;0;0;0;0
404415;540;2024;Defensa;0;0;0;0.0;0;0;0;0;0;0;0;0;0;0;0;0;0;0;0;0;0;0;0;0;0;0
388057;540;2024;Delantero;0;0;0;0.0;0;0;0;0;0;0;0;0;0;0;0;0;0;0;0;0;0;0;0;0;0;0
355327;540;2024;Defensa;0;0;0;0.0;0;0;0;0;0;0;0;0;0;0;0;0;0;0;0;0;0;0;0;0;0;0
1234;540;2024;Mediocentro;37;2710;29;6.694594;0;1;9;2;790;12;0;55;14;28;263;144;23;0;51;29;1;0;0;0;0;0
183699;540;2024;Mediocentro;17;1383;16;6.811764;0;2;3;2;427;10;0;46;12;8;151;83;11;0;17;6;2;0;0;0;0;0
128478;540;2024;Delantero;34;641;19;6.62;1;1;10;4;102;6;0;5;0;1;122;51;27;0;19;4;3;0;0;0;0;0
325140;540;2024;Mediocentro;5;210;3;6.66;0;0;0;0;60;1;0;9;1;4;25;15;2;0;3;1;0;0;0;0;0;0
46709;540;2024;Defensa;37;1257;24;6.803846;1;4;15;4;448;33;0;14;1;12;104;46;19;0;13;3;2;0;0;0;0;0
46734;540;2024;Defensa;0;0;0;0.0;0;0;0;0;0;0;0;0;0;0;0;0;0;0;0;0;0;0;0;0;0;0
312990;540;2024;Delantero;19;1507;18;6.873684;6;0;15;9;257;8;0;4;1;3;191;74;25;0;27;11;1;0;0;0;0;0
46764;540;2024;Defensa;17;1016;12;6.7;0;1;5;1;330;15;0;13;2;11;57;23;6;0;4;1;2;0;0;0;0;0
46775;540;2024;Mediocentro;0;0;0;0.0;0;0;0;0;0;0;0;0;0;0;0;0;0;0;0;0;0;0;0;0;0;0
46799;540;2024;Mediocentro;24;1052;16;6.978947;0;2;15;6;413;28;0;23;0;15;140;71;22;0;28;15;3;0;0;0;0;0
286601;540;2024;Defensa;36;3159;36;6.958333;0;2;1;0;1224;8;0;110;13;47;317;192;30;0;24;17;10;0;0;0;0;0
2042;540;2024;Defensa;37;670;19;6.691666;0;0;1;1;349;0;0;8;8;7;47;19;1;0;0;0;1;0;0;0;0;0
2207;541;2024;Mediocentro;20;1096;16;7.157894;1;2;4;2;762;11;0;42;8;18;180;107;31;0;24;14;2;0;0;0;0;0
270516;541;2024;Delantero;0;0;0;0.0;0;0;0;0;0;0;0;0;0;0;0;0;0;0;0;0;0;0;0;0;0;0
162028;541;2024;Delantero;0;0;0;6.685714;0;0;29;13;254;13;0;4;1;0;255;135;36;0;15;8;0;0;0;0;0;0
2285;541;2024;Defensa;30;2298;28;7.003448;0;0;18;4;1839;6;58;20;14;9;119;72;15;0;5;3;3;0;0;0;0;0
278;541;2024;Delantero;34;2917;34;7.717647;31;3;122;85;1093;52;0;9;0;1;307;135;40;0;172;82;3;1;7;0;0;0
377122;541;2024;Delantero;37;402;20;6.6;1;0;19;7;72;5;0;1;0;4;45;20;9;0;10;4;1;0;0;0;0;0
47400;541;2024;Portero;7;630;7;7.057142;0;1;0;0;171;1;0;1;0;0;4;4;1;0;0;0;0;0;0;7;13;1
372;541;2024;Defensa;12;940;11;7.166666;1;1;7;3;706;6;52;19;8;12;94;53;8;0;8;5;2;0;0;0;0;0
505;541;2024;Defensa;12;316;8;6.714285;0;0;0;0;222;1;0;1;5;6;8;5;0;0;0;0;1;0;0;0;0;0
653;541;2024;Defensa;25;1009;18;6.807142;0;1;0;0;599;3;40;17;4;9;53;31;7;0;6;3;1;1;0;0;0;0
129718;541;2024;Mediocentro;31;2493;31;7.48387;9;8;46;23;1510;42;42;62;2;28;344;196;64;0;68;40;5;1;1;0;0;0
330436;541;2024;Defensa;0;0;0;0.0;0;0;0;0;0;0;0;0;0;0;0;0;0;0;0;0;0;0;0;0;0;0
730;541;2024;Portero;32;2700;31;7.11;0;0;0;0;847;1;0;0;0;1;11;10;2;0;1;0;1;0;0;29;77;1
733;541;2024;Defensa;8;611;7;7.25;1;0;2;1;402;5;44;12;3;10;47;27;6;0;5;2;2;0;0;0;0;0
736;541;2024;Defensa;31;2171;24;7.072413;0;2;9;3;1312;24;0;51;5;29;180;98;22;0;23;8;0;0;0;0;0;0
741;541;2024;Defensa;4;136;1;6.7;0;1;0;0;67;2;0;0;0;2;6;3;0;0;0;0;0;0;0;0;0;0
744;541;2024;Mediocentro;31;1405;23;6.86;4;2;22;17;638;23;0;23;1;5;170;85;34;0;44;25;0;0;0;0;0;0
748;541;2024;Mediocentro;23;1218;15;7.154545;0;0;5;3;1328;22;54;41;4;14;124;81;30;0;11;8;4;0;0;0;0;0
754;541;2024;Mediocentro;35;1818;17;7.385714;2;6;14;6;1847;68;48;31;5;27;144;70;19;0;23;14;7;0;0;0;0;0
756;541;2024;Mediocentro;36;3034;34;7.472222;6;4;43;22;2163;39;54;50;8;55;161;108;15;0;27;16;4;0;0;0;0;0
757;541;2024;Defensa;32;2192;25;7.054838;1;5;8;3;1404;33;40;59;6;15;205;116;32;0;33;19;4;0;0;0;0;0
762;541;2024;Delantero;30;2257;27;7.373333;11;8;60;28;824;59;0;21;0;3;365;172;70;0;176;80;8;1;2;0;0;0
451355;541;2024;Defensa;0;0;0;0.0;0;0;0;0;0;0;0;0;0;0;0;0;0;0;0;0;0;0;0;0;0;0
338751;541;2024;Delantero;2;34;0;6.25;0;0;1;0;10;1;0;0;0;0;5;0;0;0;2;0;0;0;0;0;0;0
336711;541;2024;Delantero;6;53;3;6.633333;0;1;1;0;20;1;0;0;0;0;4;1;0;0;0;0;0;0;0;0;0;0
361384;541;2024;Defensa;0;0;0;0.0;0;0;0;0;0;0;0;0;0;0;0;0;0;0;0;0;0;0;0;0;0;0
336988;541;2024;Defensa;2;3;0;0.0;0;0;0;0;0;0;0;0;0;0;1;0;0;0;0;0;0;0;0;0;0;0
291964;541;2024;Mediocentro;38;1274;25;7.221428;3;4;25;17;815;39;0;30;0;7;153;87;31;0;39;19;1;0;0;0;0;0
441497;541;2024;Delantero;1;1;1;0.0;0;0;0;0;0;0;0;0;0;0;1;1;1;0;0;0;0;0;0;0;0;0
343202;541;2024;Delantero;0;0;0;6.885;0;0;19;10;229;5;0;10;0;3;300;150;19;0;31;16;0;0;0;0;0;0
343205;541;2024;Mediocentro;33;1761;26;6.646666;0;1;19;13;788;12;0;61;7;21;303;155;44;0;35;19;8;3;0;0;0;0
396475;541;2024;Portero;25;90;10;6.3;0;0;0;0;17;0;0;0;0;0;0;0;0;0;0;0;0;0;0;2;0;0
1271;541;2024;Mediocentro;32;2692;31;7.13125;0;0;15;3;2003;5;58;46;25;47;236;155;24;0;13;10;5;0;0;0;0;0
386305;541;2024;Defensa;16;203;8;6.966666;1;0;1;1;91;1;0;7;0;3;26;16;1;0;0;0;1;0;0;0;0;0
490779;541;2024;Defensa;0;0;0;0.0;0;0;0;0;0;0;0;0;0;0;0;0;0;0;0;0;0;0;0;0;0;0
456014;541;2024;Defensa;0;0;0;0.0;0;0;0;0;0;0;0;0;0;0;0;0;0;0;0;0;0;0;0;0;0;0
341640;541;2024;Defensa;26;1671;23;6.995454;0;1;3;1;979;6;0;22;6;16;112;77;19;0;6;6;3;0;0;0;0;0
46734;541;2024;Defensa;0;0;0;0.0;0;0;0;0;0;0;0;0;0;0;0;0;0;0;0;0;0;0;0;0;0;0
388871;541;2024;Mediocentro;7;13;3;6.2;0;0;0;0;1;0;0;0;0;0;3;1;0;0;0;0;0;0;0;0;0;0
10009;541;2024;Delantero;31;1937;28;7.4;6;5;38;20;992;49;0;21;1;11;214;114;37;0;95;49;0;0;0;0;0;0
386872;541;2024;Portero;0;0;0;0.0;0;0;0;0;0;0;0;0;0;0;0;0;0;0;0;0;0;0;0;0;0;1
51241;542;2024;Delantero;31;851;20;6.605;1;0;17;10;283;7;0;15;1;6;135;55;11;0;13;6;8;0;0;0;0;0
411702;542;2024;Delantero;17;204;10;6.45;0;0;2;1;68;1;0;8;0;0;41;18;5;0;11;4;1;0;0;0;0;0
161842;542;2024;Defensa;0;0;0;0.0;0;0;0;0;0;0;0;0;0;0;0;0;0;0;0;0;0;0;0;0;0;0
47181;542;2024;Delantero;36;1013;23;6.876;4;0;37;15;230;11;0;10;2;0;211;109;13;0;14;9;1;0;0;0;0;0
6233;542;2024;Defensa;34;2924;33;7.141176;2;1;23;9;976;19;0;96;9;47;352;201;45;0;29;16;11;0;0;0;0;0
143;542;2024;Mediocentro;14;1096;13;7.157142;0;2;9;4;439;19;0;19;0;2;110;64;24;0;17;12;1;0;0;0;0;0
47299;542;2024;Defensa;0;0;0;0.0;0;0;0;0;0;0;0;0;0;0;0;0;0;0;0;0;0;0;0;0;0;0
315586;542;2024;Mediocentro;0;0;0;0.0;0;0;0;0;0;0;0;0;0;0;0;0;0;0;0;0;0;0;0;0;0;0
47306;542;2024;Mediocentro;0;0;0;0.0;0;0;0;0;0;0;0;0;0;0;0;0;0;0;0;0;0;0;0;0;0;0
47309;542;2024;Mediocentro;38;1951;28;6.624242;0;1;10;3;978;12;0;48;6;13;230;102;18;0;12;7;3;0;0;0;0;0
313562;542;2024;Defensa;0;0;0;0.0;0;0;0;0;0;0;0;0;0;0;0;0;0;0;0;0;0;0;0;0;0;0
47353;542;2024;Portero;32;2812;32;7.009375;0;0;0;0;895;1;0;2;0;0;17;13;5;0;0;0;6;1;0;39;76;0
47389;542;2024;Mediocentro;25;1415;15;7.052;5;2;12;8;805;32;0;32;0;10;127;65;11;0;7;6;4;0;3;0;0;0
47396;542;2024;Delantero;37;2561;34;7.022857;13;0;53;27;569;13;0;19;4;1;406;199;59;0;33;13;5;1;3;0;0;0
323935;542;2024;Delantero;0;0;0;0.0;0;0;0;0;0;0;0;0;0;0;0;0;0;0;0;0;0;0;0;0;0;0
182636;542;2024;Defensa;0;0;0;0.0;0;0;0;0;0;0;0;0;0;0;0;0;0;0;0;0;0;0;0;0;0;0
104821;542;2024;Mediocentro;36;2097;31;6.734375;3;1;21;12;710;17;0;39;1;14;267;109;14;0;24;9;6;0;1;0;0;0
162170;542;2024;Delantero;25;234;12;6.5;0;0;1;0;52;2;0;8;1;0;30;13;1;0;9;3;0;0;0;0;0;0
377215;542;2024;Portero;0;0;0;0.0;0;0;0;0;0;0;0;0;0;0;0;0;0;0;0;0;0;0;0;0;0;0
104853;542;2024;Delantero;16;321;2;6.6;1;1;7;2;67;1;0;2;0;1;70;33;7;0;11;2;2;0;1;0;0;0
295383;542;2024;Defensa;9;496;5;6.788888;0;0;3;1;197;1;0;9;6;9;53;30;3;0;1;1;1;0;0;0;0;0
311773;542;2024;Defensa;32;1847;26;6.965217;0;1;13;4;663;7;0;42;12;27;197;107;23;0;9;4;7;0;0;0;0;0
6638;542;2024;Defensa;20;676;13;6.77;0;0;2;1;196;3;0;6;6;5;44;22;2;0;0;0;2;0;0;0;0;0
64309;542;2024;Defensa;35;2646;33;6.696969;1;0;6;2;767;16;0;85;12;30;277;121;21;0;31;7;6;1;0;0;0;0
70476;542;2024;Defensa;34;1879;24;6.604;0;0;0;0;717;3;0;39;5;20;189;100;24;0;12;7;6;0;0;0;0;0
187214;542;2024;Delantero;38;3097;36;6.924324;5;5;29;14;813;63;0;47;2;14;420;175;62;0;95;33;3;0;1;0;0;0
162686;542;2024;Mediocentro;35;2736;32;6.758823;0;1;16;3;1234;15;0;65;7;42;316;136;27;0;21;15;10;0;0;0;0;0
324750;542;2024;Delantero;26;1335;16;6.624;2;2;19;12;372;13;0;43;1;5;225;94;28;0;34;9;3;0;0;0;0;0
353444;542;2024;Mediocentro;0;0;0;0.0;0;0;0;0;0;0;0;0;0;0;0;0;0;0;0;0;0;0;0;0;0;0
163060;542;2024;Portero;2;121;1;6.6;0;0;0;0;50;0;0;0;0;0;4;3;3;0;0;0;1;0;0;2;4;0
384273;542;2024;Delantero;0;0;0;0.0;0;0;0;0;0;0;0;0;0;0;0;0;0;0;0;0;0;0;0;0;0;0
1461;542;2024;Mediocentro;31;619;19;6.747619;1;1;7;3;259;14;0;12;1;3;56;30;7;0;15;10;0;0;0;0;0;0
183751;542;2024;Delantero;8;384;4;6.4875;0;0;3;1;100;6;0;3;0;0;49;13;6;0;12;3;1;0;0;0;0;0
40419;542;2024;Defensa;34;600;21;6.666666;0;0;1;0;234;0;0;18;1;10;50;32;5;0;1;0;1;1;0;0;0;0
390742;542;2024;Delantero;0;0;0;0.0;0;0;0;0;0;0;0;0;0;0;0;0;0;0;0;0;0;0;0;0;0;0
122471;542;2024;Portero;32;486;20;6.65;0;0;0;0;150;0;0;1;0;0;5;4;2;0;1;1;0;0;0;7;7;0
263812;542;2024;Delantero;18;197;10;6.616666;0;0;1;0;39;4;0;4;0;1;24;10;3;0;2;1;0;0;0;0;0;0
46740;542;2024;Delantero;16;695;6;6.74375;0;1;8;3;199;7;0;13;0;1;84;40;16;0;15;6;1;0;0;0;0;0
46813;542;2024;Defensa;29;2467;29;6.772413;0;1;10;1;924;8;0;36;18;39;208;111;32;0;4;3;13;0;0;0;0;0
139001;542;2024;Mediocentro;37;1217;25;6.680769;1;1;16;5;465;6;0;18;7;18;164;74;27;0;23;13;4;0;0;0;0;0
46933;542;2024;Delantero;1;22;1;6.9;0;0;0;0;4;1;0;2;0;0;5;3;1;0;0;0;0;0;0;0;0;0
438131;542;2024;Defensa;0;0;0;0.0;0;0;0;0;0;0;0;0;0;0;0;0;0;0;0;0;0;0;0;0;0;0
6085;542;2024;Mediocentro;31;515;19;6.75;1;1;5;2;228;3;0;19;2;8;67;37;6;0;5;4;3;0;0;0;0;0
47119;543;2024;Defensa;29;1307;13;6.748275;1;3;11;4;493;21;0;34;5;14;145;72;18;0;26;13;5;0;0;0;0;0
358431;543;2024;Defensa;13;107;6;6.2;0;0;0;0;53;0;0;0;0;4;2;2;1;0;0;0;1;0;0;0;0;0
133185;543;2024;Mediocentro;28;2143;24;6.957142;3;1;17;7;1101;9;0;55;12;49;257;136;27;0;41;26;5;0;0;0;0;0
20600;543;2024;Defensa;28;1998;22;6.660714;2;2;13;5;876;16;0;36;4;22;199;100;44;0;29;11;7;1;0;0;0;0
325785;543;2024;Defensa;0;0;0;0.0;0;0;0;0;0;0;0;0;0;0;0;0;0;0;0;0;0;0;0;0;0;0
47302;543;2024;Defensa;31;2521;31;7.0;2;0;7;5;1586;6;45;36;20;43;221;139;23;0;7;5;4;0;0;0;0;0
47320;543;2024;Delantero;11;237;2;6.523076;0;0;12;7;134;4;0;14;0;3;84;34;10;0;10;4;2;0;0;0;0;0
47341;543;2024;Mediocentro;14;909;11;7.05;2;2;8;4;526;12;0;20;5;14;78;34;5;0;5;4;4;0;0;0;0;0
47348;543;2024;Delantero;0;0;0;6.835135;0;3;39;28;473;19;0;10;2;7;197;67;34;0;31;11;0;0;0;0;0;0
340279;543;2024;Delantero;22;1237;18;6.672727;4;0;31;19;188;12;0;11;0;7;187;66;30;0;35;10;4;0;0;0;0;0
18812;543;2024;Portero;19;1710;19;6.873684;0;0;0;0;525;0;0;0;0;0;10;6;4;0;0;0;3;0;0;27;50;0
47579;543;2024;Delantero;24;687;17;6.831578;2;0;16;10;197;16;0;8;0;2;77;37;18;0;10;5;5;1;0;0;0;0
18906;543;2024;Delantero;0;0;0;7.24;0;2;57;31;397;32;0;27;1;8;253;113;39;0;69;34;0;0;0;0;0;0
47582;543;2024;Delantero;16;1149;16;7.246666;5;1;28;11;295;14;0;15;1;7;142;69;9;0;27;16;0;0;0;0;0;0
195100;543;2024;Defensa;31;2168;23;6.875;1;1;5;4;1249;5;0;35;14;27;175;115;13;0;2;2;5;1;0;0;0;0
270973;543;2024;Defensa;0;0;0;0.0;0;0;0;0;0;0;0;0;0;0;0;0;0;0;0;0;0;0;0;0;0;0
668;543;2024;Delantero;2;180;2;6.9;0;1;5;1;72;6;0;3;0;0;26;10;7;0;4;0;0;0;0;0;0;0
330443;543;2024;Defensa;0;0;0;0.0;0;0;0;0;0;0;0;0;0;0;0;0;0;0;0;0;0;0;0;0;0;0
745;543;2024;Mediocentro;22;1551;20;7.513636;9;8;23;15;1072;61;42;20;0;11;222;104;44;0;55;27;5;0;5;0;0;0
334574;543;2024;Delantero;7;353;6;7.0;0;1;2;0;170;3;0;12;0;5;54;27;6;0;8;4;0;0;0;0;0;0
443162;543;2024;Delantero;24;1128;22;6.77619;2;0;15;8;307;8;0;17;0;6;192;88;38;0;77;30;0;0;0;0;0;0
443163;543;2024;Delantero;7;36;2;6.366666;0;0;0;0;11;0;0;0;0;0;3;1;0;0;2;1;0;0;0;0;0;0
351127;543;2024;Defensa;0;0;0;0.0;0;0;0;0;0;0;0;0;0;0;0;0;0;0;0;0;0;0;0;0;0;0
388032;543;2024;Mediocentro;2;112;2;0.0;0;0;0;0;0;0;0;0;0;0;0;0;0;0;0;0;0;0;0;0;0;0
3033;543;2024;Delantero;33;710;19;6.608;2;2;22;11;125;9;0;6;2;0;94;26;7;0;6;1;4;0;0;0;0;0
185477;543;2024;Mediocentro;3;117;1;6.766666;0;0;2;2;59;2;0;2;1;1;17;6;2;0;6;2;0;0;0;0;0;0
181421;543;2024;Delantero;33;1995;27;6.93125;2;2;52;26;692;28;0;37;3;7;304;147;38;0;82;46;2;0;0;0;0;0
1264;543;2024;Defensa;29;1589;23;6.838095;0;1;4;0;788;11;0;40;4;14;129;69;12;0;18;8;1;0;0;0;0;0
392455;543;2024;Portero;0;0;0;0.0;0;0;0;0;0;0;0;0;0;0;0;0;0;0;0;0;0;0;0;0;0;0
286084;543;2024;Mediocentro;38;1977;30;6.935483;0;1;15;4;1248;22;0;61;1;23;229;122;33;0;24;16;4;0;0;0;0;0
1439;543;2024;Defensa;9;578;6;6.855555;0;2;1;1;273;8;0;13;3;6;48;25;0;0;8;6;1;0;0;0;0;0
1561;543;2024;Defensa;25;2101;23;7.068;2;1;14;5;1150;4;0;35;25;33;183;106;14;0;15;7;2;0;0;0;0;0
1578;543;2024;Mediocentro;25;1456;15;7.388;8;3;31;19;862;43;0;35;2;5;209;123;63;0;47;21;4;0;2;0;0;0
1580;543;2024;Mediocentro;14;481;6;6.714285;0;0;3;1;391;6;0;9;2;3;42;21;3;0;4;3;1;0;0;0;0;0
400948;543;2024;Delantero;18;281;10;6.75;1;2;6;1;60;8;0;5;0;0;45;19;4;0;11;2;0;0;0;0;0;0
46672;543;2024;Portero;15;1350;15;7.033333;0;0;0;0;452;2;0;0;0;0;6;4;2;0;0;0;1;0;0;18;37;0
1631;543;2024;Defensa;35;1279;26;6.852941;0;1;3;1;615;7;0;29;1;8;110;66;6;0;7;4;0;0;0;0;0;0
1697;543;2024;Mediocentro;28;1836;23;7.0;2;0;16;4;1039;38;0;21;4;24;148;60;14;0;28;7;2;0;0;0;0;0
439994;543;2024;Defensa;0;0;0;0.0;0;0;0;0;0;0;0;0;0;0;0;0;0;0;0;0;0;0;0;0;0;0
347885;543;2024;Delantero;0;0;0;0.0;0;0;0;0;0;0;0;0;0;0;0;0;0;0;0;0;0;0;0;0;0;0
9971;543;2024;Delantero;17;1364;15;7.435294;5;2;30;17;707;38;0;25;1;9;178;79;27;0;57;23;2;0;0;0;0;0
179996;543;2024;Portero;4;360;4;6.875;0;0;1;1;103;0;0;0;0;0;3;3;2;0;0;0;0;0;0;5;7;0
413502;543;2024;Mediocentro;21;153;12;6.333333;0;0;0;0;68;0;0;4;0;2;14;5;1;0;0;0;1;0;0;0;0;0
286561;543;2024;Defensa;1;90;1;7.7;0;0;0;0;41;0;0;7;2;3;9;8;0;0;0;0;0;0;0;0;0;0
456619;543;2024;Portero;0;0;0;0.0;0;0;0;0;0;0;0;0;0;0;0;0;0;0;0;0;0;0;0;0;0;0
329663;543;2024;Portero;0;0;0;0.0;0;0;0;0;0;0;0;0;0;0;0;0;0;0;0;0;0;0;0;0;0;0
128985;543;2024;Delantero;17;377;11;6.6;1;0;3;2;122;5;0;4;1;1;28;8;0;0;5;2;2;0;0;0;0;0
6168;546;2024;Defensa;34;2978;34;7.032352;1;0;27;10;1097;11;0;41;22;38;284;171;12;0;28;18;8;0;0;0;0;0
403554;546;2024;Mediocentro;33;2501;32;6.851515;4;6;35;14;566;29;0;35;2;10;524;224;68;0;79;30;8;2;0;0;0;0
309364;546;2024;Delantero;30;1014;22;6.742105;1;1;14;8;259;9;0;29;0;8;173;76;10;0;51;18;4;0;0;0;0;0
47247;546;2024;Portero;38;3420;38;7.05;0;0;0;0;956;0;0;4;0;1;13;12;2;0;0;0;2;0;0;39;90;0
143;546;2024;Mediocentro;10;451;5;7.157142;0;2;9;4;439;19;0;19;0;2;110;64;24;0;17;12;1;0;0;0;0;0
47250;546;2024;Defensa;32;2553;31;6.72258;0;0;6;0;797;9;0;25;8;21;210;100;26;0;13;6;10;1;0;0;0;0
47258;546;2024;Mediocentro;35;2665;31;6.908571;10;0;42;19;784;18;0;48;6;15;343;175;52;0;29;17;10;0;3;0;0;0
270516;546;2024;Delantero;38;466;19;6.46875;0;0;8;4;105;4;0;11;0;2;82;34;10;0;13;3;1;0;0;0;0;0
47306;546;2024;Mediocentro;35;1036;24;6.477777;0;1;9;2;222;9;0;21;0;7;207;86;26;0;55;21;4;0;0;0;0;0
47320;546;2024;Delantero;13;698;8;6.523076;0;0;12;7;134;4;0;14;0;3;84;34;10;0;10;4;2;0;0;0;0;0
162028;546;2024;Delantero;0;0;0;0.0;0;0;0;0;0;0;0;0;0;0;0;0;0;0;0;0;0;0;0;0;0;0
258;546;2024;Defensa;14;701;9;6.507142;0;1;1;0;169;7;0;19;3;2;102;48;6;0;23;12;0;0;0;0;0;0
200999;546;2024;Delantero;3;94;1;6.233333;0;0;1;0;25;0;0;2;0;0;22;6;0;0;3;1;0;0;0;0;0;0
47407;546;2024;Defensa;20;882;10;6.655555;1;2;7;4;270;5;0;18;2;5;83;39;9;0;9;4;4;0;0;0;0;0
47416;546;2024;Mediocentro;0;0;0;0.0;0;0;0;0;0;0;0;0;0;0;0;0;0;0;0;0;0;0;0;0;0;0
162123;546;2024;Mediocentro;0;0;0;0.0;0;0;0;0;0;0;0;0;0;0;0;0;0;0;0;0;0;0;0;0;0;0
18794;546;2024;Defensa;30;2229;29;6.892857;0;1;2;0;1255;16;40;48;10;41;156;83;13;0;23;17;7;0;0;0;0;0
47472;546;2024;Delantero;24;1100;7;6.75;5;1;14;9;242;8;0;5;0;2;127;43;15;0;16;6;0;0;1;0;0;0
67955;546;2024;Delantero;38;1436;28;6.629629;3;0;18;9;292;17;0;33;2;6;217;78;11;0;47;21;2;0;0;0;0;0
293297;546;2024;Mediocentro;4;44;0;6.6;0;0;1;0;20;0;0;0;1;0;13;6;2;0;5;2;1;0;0;0;0;0
18867;546;2024;Defensa;33;2820;32;6.957575;0;3;11;3;1004;36;0;81;3;33;279;169;56;0;12;6;9;1;0;0;0;0
352859;546;2024;Defensa;0;0;0;0.0;0;0;0;0;0;0;0;0;0;0;0;0;0;0;0;0;0;0;0;0;0;0
2671;546;2024;Delantero;0;0;0;0.0;0;0;0;0;0;0;0;0;0;0;0;0;0;0;0;0;0;0;0;0;0;0
482071;546;2024;Portero;0;0;0;0.0;0;0;0;0;0;0;0;0;0;0;0;0;0;0;0;0;0;0;0;0;0;0
68483;546;2024;Delantero;22;1087;14;6.672727;1;0;15;7;178;9;0;10;2;1;228;108;18;0;13;7;7;0;0;0;0;0
465838;546;2024;Mediocentro;11;79;6;6.54;0;0;1;1;31;4;0;4;0;0;26;8;2;0;6;1;0;0;0;0;0;0
66491;546;2024;Portero;0;0;0;0.0;0;0;0;0;0;0;0;0;0;0;0;0;0;0;0;0;0;0;0;0;0;0
119742;546;2024;Defensa;37;2890;32;6.87027;0;1;14;3;787;20;0;81;8;48;324;170;41;0;29;13;4;0;0;0;0;0
41976;546;2024;Defensa;31;2321;28;6.856666;1;1;14;3;1101;13;0;52;5;26;254;142;50;0;35;18;14;0;0;0;0;0
343202;546;2024;Delantero;30;852;18;6.885;2;0;19;10;229;5;0;10;0;3;300;150;19;0;31;16;6;0;0;0;0;0
504998;546;2024;Delantero;0;0;0;0.0;0;0;0;0;0;0;0;0;0;0;0;0;0;0;0;0;0;0;0;0;0;0
439617;546;2024;Defensa;11;77;6;6.325;0;0;0;0;20;0;0;1;1;2;13;7;3;0;3;2;2;0;0;0;0;0
195923;546;2024;Defensa;0;0;0;0.0;0;0;0;0;0;0;0;0;0;0;0;0;0;0;0;0;0;0;0;0;0;0
333373;546;2024;Defensa;1;19;0;6.2;0;0;0;0;6;0;0;2;0;0;6;3;1;0;1;0;0;0;0;0;0;0
187987;546;2024;Mediocentro;15;1229;15;7.053333;4;1;17;9;309;16;0;21;2;8;159;80;22;0;43;23;1;0;0;0;0;0
351874;546;2024;Defensa;0;0;0;0.0;0;0;0;0;0;0;0;0;0;0;0;0;0;0;0;0;0;0;0;0;0;0
46795;546;2024;Defensa;37;1869;28;6.863636;1;0;2;1;629;2;0;28;16;16;117;69;13;0;0;0;4;2;0;0;0;0
325415;546;2024;Defensa;14;270;7;6.64;0;0;1;0;60;1;0;6;0;0;36;24;6;0;3;2;1;0;0;0;0;0
454491;546;2024;Portero;0;0;0;0.0;0;0;0;0;0;0;0;0;0;0;0;0;0;0;0;0;0;0;0;0;0;0
364415;546;2024;Mediocentro;36;424;19;6.422222;0;0;0;0;131;0;0;14;2;1;51;22;6;0;7;1;5;0;0;0;0;0
192439;546;2024;Defensa;1;6;0;6.7;0;0;0;0;5;0;0;0;0;0;0;0;0;0;0;0;0;0;0;0;0;0
432080;546;2024;Portero;0;0;0;0.0;0;0;0;0;0;0;0;0;0;0;0;0;0;0;0;0;0;0;0;0;0;0
47085;546;2024;Mediocentro;33;2878;33;7.130303;1;4;21;8;1324;70;0;60;0;25;297;159;48;0;35;20;6;0;1;0;0;0
2039;546;2024;Defensa;33;1076;23;6.557894;0;0;3;0;382;1;0;14;3;15;83;46;1;0;0;0;8;1;0;0;0;0
2061;547;2024;Delantero;25;1733;21;6.972;3;3;24;15;668;21;0;34;0;11;243;113;40;0;91;39;4;0;0;0;0;0
20;547;2024;Defensa;38;858;23;7.038461;0;1;0;0;543;2;0;16;8;11;69;46;5;0;2;1;1;0;0;0;0;0
47153;547;2024;Portero;34;0;17;0.0;0;0;0;0;0;0;0;0;0;0;0;0;0;0;0;0;0;1;0;0;0;3
83;547;2024;Delantero;30;1345;21;6.792;2;0;28;14;355;23;0;8;1;2;120;49;16;0;56;23;2;0;0;0;0;0
2182;547;2024;Delantero;28;1920;26;7.077777;2;5;23;10;729;33;0;19;1;15;159;70;28;0;34;14;1;0;0;0;0;0
150;547;2024;Mediocentro;15;942;10;6.866666;0;0;3;1;711;5;44;25;1;8;103;60;27;0;11;8;2;0;0;0;0;0
155;547;2024;Delantero;27;1357;22;6.6;4;0;16;9;264;8;0;6;2;4;91;35;13;0;17;7;3;0;1;0;0;0
158;547;2024;Portero;36;3196;36;6.972222;0;0;0;0;1069;0;0;1;0;0;12;9;3;0;5;4;4;0;0;51;93;3
47334;547;2024;Defensa;38;2429;33;6.913793;1;1;8;3;2025;4;64;33;12;15;145;83;15;0;8;6;4;0;0;0;0;0
162032;547;2024;Defensa;30;2464;30;7.05862;1;5;21;9;1145;41;0;37;7;17;218;105;34;0;54;30;4;0;0;0;0;0
297304;547;2024;Delantero;0;0;0;0.0;0;0;0;0;0;0;0;0;0;0;0;0;0;0;0;0;0;0;0;0;0;0
432476;547;2024;Portero;15;180;8;6.9;0;0;0;0;57;0;0;0;0;0;0;0;0;0;0;0;0;0;0;7;12;0
47492;547;2024;Delantero;0;0;0;0.0;0;0;0;0;0;0;0;0;0;0;0;0;0;0;0;0;0;0;0;0;0;0
2449;547;2024;Mediocentro;29;2266;27;7.006896;4;3;33;14;1017;16;0;66;8;30;399;202;68;0;38;19;10;1;0;0;0;0
47511;547;2024;Defensa;38;739;21;6.781818;0;0;2;0;575;3;45;8;10;8;51;35;2;0;0;0;2;0;0;0;0;0
47514;547;2024;Defensa;0;0;0;6.5875;0;0;3;3;95;1;0;8;1;0;28;11;1;0;6;1;0;0;0;0;0;0
47520;547;2024;Delantero;27;766;6;6.608;1;2;6;4;207;14;0;13;0;0;73;37;10;0;9;4;4;0;0;0;0;0
389600;547;2024;Delantero;0;0;0;0.0;0;0;0;0;0;0;0;0;0;0;0;0;0;0;0;0;0;0;0;0;0;0
389602;547;2024;Delantero;2;46;2;7.0;0;1;1;0;26;2;0;0;0;0;5;3;1;0;3;2;0;0;0;0;0;0
442861;547;2024;Portero;0;0;0;0.0;0;0;0;0;0;0;0;0;0;0;0;0;0;0;0;0;0;0;0;0;0;0
18949;547;2024;Mediocentro;25;1358;17;6.696;0;0;3;1;876;8;0;36;8;13;145;71;18;0;7;4;5;0;0;0;0;0
531;547;2024;Defensa;35;2779;34;7.005882;0;2;6;4;2437;19;64;49;9;31;179;97;16;0;26;15;2;0;0;0;0;0
547;547;2024;Mediocentro;32;1438;24;6.828;2;2;10;5;436;18;0;29;3;10;118;52;8;0;13;6;5;0;0;0;0;0
2617;547;2024;Delantero;38;1068;23;6.815625;11;2;30;19;151;6;0;9;1;7;100;39;7;0;4;2;4;0;3;0;0;0
352859;547;2024;Defensa;0;0;0;0.0;0;0;0;0;0;0;0;0;0;0;0;0;0;0;0;0;0;0;0;0;0;0
619;547;2024;Defensa;0;0;0;0.0;0;0;0;0;0;0;0;0;0;0;0;0;0;0;0;0;0;0;0;0;0;0
397941;547;2024;Delantero;3;19;0;6.2;0;0;0;0;10;0;0;1;0;0;6;2;1;0;2;0;0;0;0;0;0;0
162434;547;2024;Defensa;36;1183;24;6.817647;0;0;1;0;690;4;0;36;8;17;115;63;14;0;13;7;2;0;0;0;0;0
455366;547;2024;Delantero;3;47;2;6.7;0;0;0;0;12;0;0;1;0;0;9;6;4;0;2;1;0;0;0;0;0;0
336674;547;2024;Mediocentro;28;260;14;6.666666;1;0;4;2;95;4;0;1;0;0;29;13;5;0;11;7;0;0;0;0;0;0
66407;547;2024;Defensa;34;2439;30;6.892857;2;0;14;5;2109;9;68;23;19;34;172;102;17;0;11;7;9;0;0;0;0;0
402280;547;2024;Defensa;0;0;0;0.0;0;0;0;0;0;0;0;0;0;0;0;0;0;0;0;0;0;0;0;0;0;0
402281;547;2024;Mediocentro;4;163;2;6.8;0;0;1;1;93;1;0;8;0;2;28;16;0;0;4;2;0;0;0;0;0;0
388057;547;2024;Delantero;0;0;0;0.0;0;0;0;0;0;0;0;0;0;0;0;0;0;0;0;0;0;0;0;0;0;0
109564;547;2024;Delantero;30;881;21;6.66875;2;1;8;4;109;4;0;7;0;2;81;33;11;0;4;2;0;0;0;0;0;0
283668;547;2024;Defensa;37;2640;34;6.946875;2;2;16;6;1576;19;43;51;6;31;235;135;37;0;32;18;3;0;0;0;0;0
339105;547;2024;Mediocentro;0;0;0;0.0;0;0;0;0;0;0;0;0;0;0;0;0;0;0;0;0;0;0;0;0;0;0
281795;547;2024;Mediocentro;30;1415;22;6.87037;3;1;25;11;543;26;0;22;0;7;147;75;23;0;51;26;2;0;0;0;0;0
285909;547;2024;Mediocentro;0;0;0;0.0;0;0;0;0;0;0;0;0;0;0;0;0;0;0;0;0;0;0;0;0;0;0
439700;547;2024;Mediocentro;0;0;0;0.0;0;0;0;0;0;0;0;0;0;0;0;0;0;0;0;0;0;0;0;0;0;0
1557;547;2024;Portero;1;44;0;6.9;0;0;0;0;22;0;0;0;0;0;1;1;1;0;0;0;0;0;0;2;1;3
306727;547;2024;Mediocentro;32;524;18;6.44;1;0;2;1;291;2;0;13;1;4;62;26;6;0;10;4;3;0;0;0;0;0
333447;547;2024;Mediocentro;0;0;0;0.0;0;0;0;0;0;0;0;0;0;0;0;0;0;0;0;0;0;0;0;0;0;0
1700;547;2024;Mediocentro;32;2044;24;6.809375;1;1;6;3;1358;22;0;31;6;11;176;75;14;0;42;26;1;0;0;0;0;0
313168;547;2024;Defensa;1;17;0;6.9;0;0;0;0;6;0;0;0;1;1;1;0;0;0;0;0;0;0;0;0;0;0
327628;547;2024;Mediocentro;0;0;0;0.0;0;0;0;0;0;0;0;0;0;0;0;0;0;0;0;0;0;0;0;0;0;0
23;548;2024;Delantero;38;2743;33;7.113513;2;5;14;10;1153;57;0;74;3;19;247;132;16;0;48;22;4;0;0;0;0;0
32862;548;2024;Delantero;37;2381;34;7.105555;5;0;27;14;862;45;0;29;1;17;363;186;73;0;138;73;5;0;0;0;0;0
84086;548;2024;Mediocentro;0;0;0;0.0;0;0;0;0;0;0;0;0;0;0;0;0;0;0;0;0;0;0;0;0;0;0
2202;548;2024;Defensa;17;706;15;6.790909;0;1;0;0;374;3;0;19;2;9;68;36;3;0;10;5;2;0;0;0;0;0
47269;548;2024;Portero;38;3240;37;6.972222;0;0;0;0;1177;1;0;1;0;0;13;12;6;0;0;0;0;0;0;43;88;0
47298;548;2024;Defensa;30;1463;24;6.640909;0;0;3;0;878;4;0;20;12;12;134;70;18;0;7;3;2;1;0;0;0;0
47303;548;2024;Defensa;35;1104;25;6.695;0;0;4;0;459;3;0;24;6;14;119;65;12;0;11;7;5;0;0;0;0;0
47301;548;2024;Defensa;0;0;0;6.866666;0;0;8;3;1292;4;46;27;9;10;195;106;24;0;4;2;0;0;0;0;0;0
47306;548;2024;Mediocentro;0;0;0;6.477777;0;1;9;2;222;9;0;21;0;7;207;86;26;0;55;21;0;0;0;0;0;0
47314;548;2024;Defensa;29;2273;29;6.789285;0;0;10;4;1474;4;45;34;18;31;246;117;11;0;6;6;6;1;0;0;0;0
47315;548;2024;Mediocentro;36;2962;34;7.041666;2;1;18;8;1754;19;41;73;16;44;282;164;19;0;29;19;6;0;0;0;0;0
47317;548;2024;Delantero;33;1258;21;6.686666;1;3;18;8;461;16;0;26;0;11;199;72;13;0;66;26;6;0;0;0;0;0
47321;548;2024;Mediocentro;0;0;0;0.0;0;0;0;0;0;0;0;0;0;0;0;0;0;0;0;0;0;0;0;0;0;0
47323;548;2024;Delantero;37;2262;33;6.794285;9;3;35;18;492;15;0;25;1;4;228;89;22;0;18;9;4;1;4;0;0;0
182546;548;2024;Defensa;29;851;17;6.65;0;0;0;0;491;1;0;15;6;9;77;39;5;0;2;1;3;0;0;0;0;0
182603;548;2024;Mediocentro;38;852;22;6.681818;1;1;8;2;394;6;0;21;2;15;101;43;7;0;11;3;2;0;0;0;0;0
47440;548;2024;Mediocentro;32;1548;25;6.757692;3;2;22;9;745;23;0;24;1;7;244;100;45;0;44;13;4;0;0;0;0;0
61774;548;2024;Delantero;25;949;17;6.556521;3;0;17;7;185;5;0;6;1;2;128;45;6;0;7;2;1;0;0;0;0;0
182636;548;2024;Defensa;36;1939;28;6.565517;0;0;5;1;745;5;0;40;7;10;191;91;27;0;33;15;4;0;0;0;0;0
199044;548;2024;Defensa;37;2471;31;6.828571;1;1;8;3;1199;15;0;100;8;29;344;190;42;0;34;8;8;0;0;0;0;0
2449;548;2024;Mediocentro;30;2265;29;7.006896;4;3;33;14;1017;16;0;66;8;30;399;202;68;0;38;19;10;1;0;0;0;0
18867;548;2024;Defensa;0;0;0;6.957575;0;3;11;3;1004;36;0;81;3;33;279;169;56;0;12;6;0;0;0;0;0;0
47566;548;2024;Defensa;0;0;0;0.0;0;0;0;0;0;0;0;0;0;0;0;0;0;0;0;0;0;0;0;0;0;0
449063;548;2024;Delantero;0;0;0;0.0;0;0;0;0;0;0;0;0;0;0;0;0;0;0;0;0;0;0;0;0;0;0
381599;548;2024;Defensa;0;0;0;0.0;0;0;0;0;0;0;0;0;0;0;0;0;0;0;0;0;0;0;0;0;0;0
268960;548;2024;Mediocentro;7;71;4;7.166666;1;0;4;2;32;1;0;1;1;1;3;2;0;0;1;1;0;0;0;0;0;0
31406;548;2024;Delantero;18;224;10;6.457142;0;0;2;0;45;1;0;2;1;1;47;17;1;0;9;5;1;0;0;0;0;0
737;548;2024;Defensa;2;41;0;6.45;0;0;0;0;24;0;0;1;0;0;6;3;1;0;0;0;1;0;0;0;0;0
402168;548;2024;Delantero;14;244;8;6.722222;2;0;7;5;63;2;0;1;1;1;36;9;1;0;5;3;1;0;0;0;0;0
349063;548;2024;Defensa;1;7;0;6.9;0;0;0;0;5;0;0;1;0;0;2;2;0;0;0;0;0;0;0;0;0;0
287652;548;2024;Mediocentro;2;5;0;7.2;0;0;0;0;13;1;0;1;0;0;6;5;1;0;0;0;0;0;0;0;0;0
37938;548;2024;Delantero;22;993;11;6.772727;2;1;18;13;244;8;0;3;0;1;61;28;15;0;6;3;1;1;0;0;0;0
412738;548;2024;Delantero;1;9;0;6.2;0;0;0;0;3;0;0;1;0;0;4;2;0;0;1;0;0;0;0;0;0;0
7332;548;2024;Mediocentro;32;1810;25;6.9;1;1;25;11;856;25;0;25;2;15;184;91;15;0;50;25;4;0;0;0;0;0
21694;548;2024;Defensa;21;1764;21;7.166666;0;0;13;5;1377;6;57;30;15;14;168;115;19;0;7;5;5;0;0;0;0;0
290106;548;2024;Mediocentro;34;1265;25;6.763636;1;2;14;7;451;14;0;25;3;5;161;79;16;0;31;20;3;0;0;0;0;0
189831;548;2024;Portero;0;0;0;0.0;0;0;0;0;0;0;0;0;0;0;0;0;0;0;0;0;0;0;0;0;0;0
189832;548;2024;Portero;38;180;20;7.8;0;0;0;0;45;0;0;0;0;0;0;0;0;0;0;0;0;0;0;3;9;0
183699;548;2024;Mediocentro;1;46;1;6.811764;0;2;3;2;427;10;0;46;12;8;151;83;11;0;17;6;1;0;0;0;0;0
183744;548;2024;Mediocentro;34;940;21;6.7;0;0;6;2;432;3;0;15;3;5;120;61;23;0;20;13;4;0;0;0;0;0
405073;548;2024;Defensa;37;900;21;6.984615;0;1;8;2;539;4;0;11;9;7;96;64;0;0;0;0;2;0;0;0;0;0
288384;548;2024;Mediocentro;0;0;0;0.0;0;0;0;0;0;0;0;0;0;0;0;0;0;0;0;0;0;0;0;0;0;0
296757;548;2024;Defensa;0;0;0;0.0;0;0;0;0;0;0;0;0;0;0;0;0;0;0;0;0;0;0;0;0;0;0
337843;548;2024;Portero;0;0;0;0.0;0;0;0;0;0;0;0;0;0;0;0;0;0;0;0;0;0;0;0;0;0;0
14341;720;2024;Mediocentro;26;1734;19;6.546153;0;0;6;2;753;4;0;47;11;23;218;113;9;0;10;6;6;0;0;0;0;0
440339;720;2024;Delantero;5;44;0;6.475;0;0;2;0;10;0;0;1;0;0;6;4;2;0;1;0;0;0;0;0;0;0
30770;720;2024;Defensa;16;910;15;6.383333;0;0;1;0;356;6;0;9;6;5;59;25;7;0;15;6;1;0;0;0;0;0
162028;720;2024;Delantero;28;1393;14;6.685714;3;0;29;13;254;13;0;4;1;0;255;135;36;0;15;8;6;1;0;0;0;0
264470;720;2024;Delantero;33;2345;26;6.830303;4;5;30;16;610;44;0;22;0;10;218;101;16;0;126;56;2;0;0;0;0;0
10561;720;2024;Defensa;7;354;5;6.36;0;0;1;0;175;2;0;6;0;3;35;19;9;0;6;3;0;0;0;0;0;0
8518;720;2024;Delantero;29;1581;17;6.7;5;1;18;7;265;13;0;9;0;3;195;88;32;0;13;5;5;0;4;0;0;0
104793;720;2024;Delantero;13;373;5;6.561538;0;1;5;1;99;6;0;2;1;2;44;15;7;0;14;5;0;0;0;0;0;0
41320;720;2024;Portero;6;540;6;6.516666;0;0;0;0;169;0;0;0;0;0;1;0;0;0;0;0;0;0;0;20;20;0
72048;720;2024;Defensa;11;755;8;6.75;0;0;2;0;391;1;0;9;6;18;51;22;1;0;0;0;1;0;0;0;0;0
199042;720;2024;Mediocentro;2;62;0;6.6;0;1;0;0;39;1;0;0;0;2;7;2;0;0;1;1;0;0;0;0;0;0
8587;720;2024;Mediocentro;24;1387;18;6.779166;3;1;19;8;369;13;0;31;2;14;206;101;28;0;63;37;6;0;1;0;0;0
506254;720;2024;Mediocentro;3;158;1;6.8;0;0;1;0;84;0;0;12;1;1;28;21;5;0;1;1;0;0;0;0;0;0
2459;720;2024;Delantero;18;635;7;6.605555;0;1;8;2;192;8;0;5;0;5;59;30;14;0;17;5;0;0;0;0;0;0
387519;720;2024;Delantero;1;46;1;6.2;0;0;0;0;8;0;0;0;0;0;4;2;1;0;1;0;0;0;0;0;0;0
18902;720;2024;Mediocentro;9;14;4;6.2;0;0;1;0;2;0;0;0;0;0;2;0;0;0;1;0;0;0;0;0;0;0
332304;720;2024;Defensa;2;129;1;6.3;0;0;0;0;40;1;0;4;0;2;13;5;0;0;2;0;0;0;0;0;0;0
107153;720;2024;Mediocentro;19;1198;14;6.789473;2;0;14;5;522;17;0;37;4;7;160;78;21;0;20;8;6;0;0;0;0;0
2717;720;2024;Mediocentro;26;1729;21;6.761538;2;0;10;6;458;8;0;38;8;18;218;116;48;0;18;7;7;0;0;0;0;0
309917;720;2024;Portero;0;0;0;0.0;0;0;0;0;0;0;0;0;0;0;0;0;0;0;0;0;0;0;0;0;0;0
719;720;2024;Mediocentro;13;624;7;6.761538;0;0;4;2;343;8;0;11;2;4;64;38;12;0;12;10;1;0;0;0;0;0
740;720;2024;Defensa;25;2033;25;6.768;2;0;10;5;1150;6;40;26;28;22;120;65;3;0;2;2;6;0;0;0;0;0
361386;720;2024;Defensa;0;0;0;0.0;0;0;0;0;0;0;0;0;0;0;0;0;0;0;0;0;0;0;0;0;0;0
56283;720;2024;Defensa;21;1890;21;6.714285;0;1;5;3;643;13;0;55;9;28;192;106;19;0;30;14;6;0;0;0;0;0
449509;720;2024;Defensa;15;873;14;6.766666;0;0;3;1;405;1;0;10;8;12;74;48;6;0;4;3;1;0;0;0;0;0
298064;720;2024;Defensa;18;1386;15;6.594444;0;0;1;1;698;1;0;14;17;11;80;39;3;0;3;2;5;0;0;0;0;0
343205;720;2024;Mediocentro;30;1751;20;6.646666;0;1;19;13;788;12;0;61;7;21;303;155;44;0;35;19;7;2;0;0;0;0
181463;720;2024;Mediocentro;14;407;2;6.453846;0;0;3;0;185;1;0;10;0;3;55;26;5;0;5;1;1;0;0;0;0;0
48372;720;2024;Defensa;25;1782;21;6.5;0;0;7;1;918;0;0;28;15;21;116;67;16;0;4;4;6;0;0;0;0;0
331004;720;2024;Mediocentro;18;726;9;6.488235;2;0;14;7;137;8;0;8;1;0;53;24;10;0;9;4;1;0;0;0;0;0
279822;720;2024;Defensa;3;270;3;6.893939;0;0;9;3;1365;4;0;67;19;42;211;112;8;0;12;8;0;0;0;0;0;0
439614;720;2024;Defensa;1;72;1;6.7;0;0;0;0;36;1;0;0;0;0;1;1;1;0;0;0;0;0;0;0;0;0
169295;720;2024;Portero;33;2790;32;6.851612;0;0;0;0;1029;0;0;0;0;1;11;9;2;0;0;0;0;0;0;68;96;0
122233;720;2024;Delantero;22;1192;14;6.631818;1;2;17;2;205;10;0;10;2;3;205;102;28;0;36;18;5;0;0;0;0;0
292219;720;2024;Delantero;0;0;0;0.0;0;0;0;0;0;0;0;0;0;0;0;0;0;0;0;0;0;0;0;0;0;0
333376;720;2024;Mediocentro;0;0;0;0.0;0;0;0;0;0;0;0;0;0;0;0;0;0;0;0;0;0;0;0;0;0;0
28373;720;2024;Mediocentro;17;855;14;6.623076;0;0;2;1;311;2;0;18;4;11;89;48;9;0;7;6;2;0;0;0;0;0
431921;720;2024;Defensa;13;876;10;6.623076;0;0;3;1;264;6;0;28;8;10;140;76;17;0;36;20;2;0;0;0;0;0
46919;720;2024;Mediocentro;0;0;0;0.0;0;0;0;0;0;0;0;0;0;0;0;0;0;0;0;0;0;0;0;0;0;0
333672;720;2024;Defensa;0;0;0;0.0;0;0;0;0;0;0;0;0;0;0;0;0;0;0;0;0;0;0;0;0;0;0
46979;720;2024;Mediocentro;32;1389;11;6.912903;2;1;11;6;455;24;0;37;3;14;196;124;48;0;38;28;4;0;0;0;0;0
1926;720;2024;Defensa;8;583;6;6.3;0;0;0;0;7;0;0;1;0;0;2;1;0;0;0;0;0;0;0;0;0;0
47078;720;2024;Defensa;34;2558;30;6.736666;0;0;5;2;881;27;0;41;9;28;165;93;25;0;18;12;2;0;0;0;0;0
329725;720;2024;Portero;1;90;1;6.0;0;0;0;0;38;0;0;0;0;0;0;0;0;0;0;0;0;0;0;2;0;0
288800;727;2024;Delantero;2;35;0;6.2;0;0;0;0;11;1;0;0;0;1;5;1;1;0;1;0;0;0;0;0;0;0
405719;727;2024;Delantero;0;0;0;0.0;0;0;0;0;0;0;0;0;0;0;0;0;0;0;0;0;0;0;0;0;0;0
381197;727;2024;Mediocentro;0;0;0;0.0;0;0;0;0;0;0;0;0;0;0;0;0;0;0;0;0;0;0;0;0;0;0
47391;727;2024;Defensa;25;763;7;6.508333;0;0;9;3;230;13;0;12;0;7;110;37;7;0;26;11;1;0;0;0;0;0
47419;727;2024;Delantero;15;122;1;6.7;0;0;3;3;48;3;0;4;0;3;20;10;5;0;2;0;0;0;0;0;0;0
182592;727;2024;Defensa;18;1363;15;6.794117;1;0;9;3;700;0;0;14;12;12;83;46;2;0;1;1;3;0;0;0;0;0
47448;727;2024;Portero;37;90;18;8.3;0;0;0;0;41;0;0;0;0;0;0;0;0;0;0;0;0;0;0;0;5;0
182621;727;2024;Mediocentro;27;584;13;6.585714;0;1;7;0;286;6;0;5;2;4;63;29;14;0;4;2;2;0;0;0;0;0
67939;727;2024;Mediocentro;36;2919;35;6.975;5;4;30;16;1071;41;0;34;2;20;334;164;63;0;89;49;8;0;1;0;0;0
182657;727;2024;Portero;0;0;0;0.0;0;0;0;0;0;0;0;0;0;0;0;0;0;0;0;0;0;0;0;0;0;0
47533;727;2024;Defensa;35;2986;35;7.085294;1;3;16;5;1494;10;0;44;24;32;220;131;14;0;10;8;10;0;0;0;0;0
47574;727;2024;Mediocentro;35;789;17;6.48;0;0;1;1;450;10;0;12;2;6;81;36;6;0;23;12;1;0;0;0;0;0
332304;727;2024;Defensa;23;129;11;6.3;0;0;0;0;40;1;0;4;0;2;13;5;0;0;2;0;0;0;0;0;0;0
330443;727;2024;Defensa;0;0;0;0.0;0;0;0;0;0;0;0;0;0;0;0;0;0;0;0;0;0;0;0;0;0;0
64268;727;2024;Defensa;0;0;0;0.0;0;0;0;0;0;0;0;0;0;0;0;0;0;0;0;0;0;0;0;0;0;0
338751;727;2024;Delantero;4;42;3;6.25;0;0;1;0;10;1;0;0;0;0;5;0;0;0;2;0;0;0;0;0;0;0
338872;727;2024;Mediocentro;0;0;0;0.0;0;0;0;0;0;0;0;0;0;0;0;0;0;0;0;0;0;0;0;0;0;0
181259;727;2024;Defensa;37;2075;27;6.72647;2;0;10;4;775;16;0;60;4;19;228;130;32;0;31;18;3;0;0;0;0;0
37938;727;2024;Delantero;26;994;21;6.772727;2;1;18;13;244;8;0;3;0;1;61;28;15;0;6;3;1;1;0;0;0;0
421044;727;2024;Defensa;0;0;0;0.0;0;0;0;0;0;0;0;0;0;0;0;0;0;0;0;0;0;0;0;0;0;0
279822;727;2024;Defensa;33;2943;33;6.893939;2;0;9;3;1365;4;0;67;19;42;211;112;8;0;12;8;5;0;0;0;0;0
146751;727;2024;Delantero;33;704;16;6.637037;4;0;20;12;153;3;0;12;0;1;106;52;10;0;19;11;1;0;0;0;0;0
429554;727;2024;Delantero;0;0;0;0.0;0;0;0;0;0;0;0;0;0;0;0;0;0;0;0;0;0;0;0;0;0;0
400901;727;2024;Portero;0;0;0;0.0;0;0;0;0;0;0;0;0;0;0;0;0;0;0;0;0;0;0;0;0;0;0
46646;727;2024;Portero;36;3240;36;7.288888;0;0;0;0;1064;0;0;2;0;0;18;13;4;0;1;1;4;0;0;49;130;0
46652;727;2024;Defensa;3;64;1;6.3;0;0;0;0;38;0;0;0;0;0;12;4;3;0;0;0;0;0;0;0;0;0
46657;727;2024;Defensa;5;120;1;6.38;0;0;0;0;35;0;0;2;0;0;16;8;1;0;2;2;0;0;0;0;0;0
46658;727;2024;Mediocentro;36;2435;30;7.125714;5;5;16;10;1040;48;0;51;3;15;259;118;30;0;31;12;2;0;0;0;0;0
46660;727;2024;Mediocentro;1;5;0;6.3;0;0;0;0;9;0;0;0;0;0;0;0;0;0;0;0;0;0;0;0;0;0
46662;727;2024;Mediocentro;32;2022;28;6.93;0;0;17;9;852;34;0;65;3;11;179;91;9;0;10;3;8;0;0;0;0;0
46667;727;2024;Delantero;15;308;3;6.721428;0;1;3;1;71;10;0;5;0;3;51;21;4;0;14;7;3;0;0;0;0;0
46746;727;2024;Delantero;38;2966;34;7.175675;21;4;78;37;409;16;0;19;4;1;449;197;35;0;40;10;4;0;8;0;0;0
139001;727;2024;Mediocentro;28;1289;13;6.680769;1;1;16;5;465;6;0;18;7;18;164;74;27;0;23;13;4;0;0;0;0;0
1825;727;2024;Mediocentro;35;2965;35;6.882857;3;0;22;7;1352;10;0;77;9;46;470;276;37;0;9;6;10;0;0;0;0;0
46967;727;2024;Defensa;36;1424;28;6.626086;0;0;4;0;503;2;0;22;3;6;70;34;2;0;3;1;3;0;0;0;0;0
348029;727;2024;Portero;0;0;0;0.0;0;0;0;0;0;0;0;0;0;0;0;0;0;0;0;0;0;0;0;0;0;0
182181;727;2024;Defensa;36;3088;35;6.782857;0;3;6;0;1018;29;0;54;3;8;250;124;20;0;54;23;9;0;0;0;0;0
286639;727;2024;Delantero;28;1856;25;6.944444;1;6;32;13;434;36;0;13;0;4;238;111;39;0;126;57;4;0;0;0;0;0
47109;728;2024;Mediocentro;37;1844;25;6.658823;0;0;2;1;826;13;0;55;8;22;268;125;31;0;9;5;5;0;0;0;0;0
303115;728;2024;Delantero;10;44;5;6.25;0;0;0;0;5;0;0;0;0;0;11;6;0;0;2;0;0;0;0;0;0;0
20520;728;2024;Defensa;38;1225;24;6.668;0;0;0;0;466;7;0;17;4;13;109;49;15;0;4;3;3;0;0;0;0;0
52;728;2024;Delantero;23;1138;14;6.830434;3;2;23;9;254;19;0;10;1;4;114;44;10;0;22;13;2;0;0;0;0;0
47285;728;2024;Mediocentro;32;1720;23;6.878125;3;1;19;11;1186;19;0;31;6;20;155;77;21;0;20;16;9;1;0;0;0;0
47414;728;2024;Mediocentro;22;841;7;6.681818;0;1;11;5;376;17;0;17;4;5;101;46;11;0;3;1;4;0;0;0;0;0
47495;728;2024;Delantero;16;348;1;6.55;0;0;11;3;80;5;0;5;0;1;47;18;7;0;2;0;1;0;0;0;0;0
469405;728;2024;Defensa;0;0;0;0.0;0;0;0;0;0;0;0;0;0;0;0;0;0;0;0;0;0;0;0;0;0;0
47527;728;2024;Portero;0;0;0;0.0;0;0;0;0;0;0;0;0;0;0;0;0;0;0;0;0;0;0;0;0;0;0
47529;728;2024;Portero;0;0;0;0.0;0;0;0;0;0;0;0;0;0;0;0;0;0;0;0;0;0;0;0;0;0;0
47543;728;2024;Mediocentro;36;2565;33;7.047222;4;5;55;26;721;49;0;34;0;33;158;73;19;0;25;10;4;0;0;0;0;0
47551;728;2024;Delantero;2;20;0;6.5;0;0;0;0;6;0;0;2;0;0;7;4;2;0;1;0;0;0;0;0;0;0
47554;728;2024;Delantero;35;1607;18;6.68;1;1;27;12;468;20;0;42;1;14;235;98;21;0;52;22;4;0;0;0;0;0
47557;728;2024;Mediocentro;19;489;6;6.568421;1;0;5;2;295;9;0;8;0;4;101;33;12;0;21;8;1;0;0;0;0;0
18895;728;2024;Defensa;37;3326;37;7.113513;2;3;44;17;2046;15;46;47;32;41;292;160;19;0;5;4;8;0;0;0;0;0
131546;728;2024;Mediocentro;35;2189;31;6.945714;4;4;40;18;889;48;0;22;3;8;297;117;53;0;57;23;5;0;0;0;0;0
517;728;2024;Mediocentro;11;143;6;6.816666;0;0;2;2;83;2;0;3;0;1;20;11;1;0;7;5;1;0;0;0;0;0
41552;728;2024;Mediocentro;36;2159;32;6.863636;4;1;16;6;1163;16;0;47;10;37;255;134;25;0;23;14;12;0;0;0;0;0
107153;728;2024;Mediocentro;0;0;0;0.0;0;0;0;0;0;0;0;0;0;0;0;0;0;0;0;0;0;0;0;0;0;0
285505;728;2024;Portero;0;0;0;0.0;0;0;0;0;0;0;0;0;0;0;0;0;0;0;0;0;0;0;0;0;0;0
156488;728;2024;Portero;38;540;22;6.8;0;0;0;0;157;0;0;0;0;0;1;1;1;0;0;0;0;0;0;6;14;1
478243;728;2024;Defensa;0;0;0;0.0;0;0;0;0;0;0;0;0;0;0;0;0;0;0;0;0;0;0;0;0;0;0
11379;728;2024;Portero;32;2880;32;7.09375;0;0;0;0;1044;1;0;5;0;0;31;28;6;0;6;6;6;0;0;39;95;1
162931;728;2024;Mediocentro;31;604;16;6.572;0;0;5;1;196;7;0;17;1;3;89;42;12;0;22;8;1;0;0;0;0;0
181734;728;2024;Defensa;36;2589;35;6.897058;0;1;8;3;1214;24;0;48;9;29;204;105;25;0;29;10;3;0;0;0;0;0
333292;728;2024;Defensa;25;104;12;6.8;0;0;0;0;28;0;0;0;0;2;9;3;0;0;0;0;1;0;0;0;0;0
15900;728;2024;Defensa;24;2020;24;6.875;2;1;10;4;1077;1;0;37;29;23;150;84;12;0;8;4;6;1;0;0;0;0
46654;728;2024;Defensa;14;1024;11;6.942857;0;0;8;2;527;2;0;13;8;5;94;66;10;0;5;3;1;0;0;0;0;0
128582;728;2024;Delantero;36;2512;30;6.736111;6;3;41;19;579;32;0;38;0;18;314;117;33;0;94;31;3;1;0;0;0;0
333378;728;2024;Mediocentro;0;0;0;0.0;0;0;0;0;0;0;0;0;0;0;0;0;0;0;0;0;0;0;0;0;0;0
46759;728;2024;Defensa;29;841;16;6.75625;0;1;8;2;388;5;0;41;6;12;139;75;15;0;11;5;4;0;0;0;0;0
1703;728;2024;Defensa;36;3067;35;6.96;2;3;20;8;1380;36;0;73;5;26;386;191;21;0;142;77;5;0;0;0;0;0
46803;728;2024;Mediocentro;0;0;0;0.0;0;0;0;0;0;0;0;0;0;0;0;0;0;0;0;0;0;0;0;0;0;0
122657;728;2024;Mediocentro;24;1137;16;6.683333;3;0;14;8;217;9;0;16;2;4;196;77;15;0;13;6;6;0;0;0;0;0
46887;728;2024;Mediocentro;38;1220;25;6.788461;3;0;22;8;517;26;0;23;0;7;113;53;6;0;32;19;2;0;0;0;0;0
190485;798;2024;Mediocentro;32;2654;31;6.859375;0;2;22;8;1413;15;0;89;15;32;425;233;63;0;28;11;10;1;0;0;0;0
84086;798;2024;Mediocentro;23;1285;15;6.847826;1;0;14;6;433;13;0;30;0;20;179;91;21;0;57;35;3;0;0;0;0;0
47336;798;2024;Mediocentro;38;2770;37;7.039473;2;6;27;9;1116;55;0;40;1;16;244;124;37;0;63;34;4;0;0;0;0;0
47399;798;2024;Portero;0;0;0;0.0;0;0;0;0;0;0;0;0;0;0;0;0;0;0;0;0;0;0;0;0;0;0
403;798;2024;Defensa;0;0;0;6.842307;0;0;2;1;847;2;0;25;30;21;113;73;8;0;1;1;0;0;0;0;0;0
47514;798;2024;Defensa;18;294;1;6.5875;2;0;3;3;95;1;0;8;1;0;28;11;1;0;6;1;1;0;0;0;0;0
414;798;2024;Mediocentro;37;2009;28;6.775;1;0;6;2;951;3;0;27;21;51;182;93;13;0;15;10;5;1;0;0;0;0
297646;798;2024;Mediocentro;21;23;11;6.55;0;0;0;0;9;0;0;0;0;0;3;2;1;0;2;1;0;0;0;0;0;0
107194;798;2024;Mediocentro;33;1384;12;6.6375;0;0;11;2;475;5;0;28;2;18;131;59;11;0;22;14;3;0;0;0;0;0
293604;798;2024;Delantero;1;58;1;6.7;0;0;0;0;20;1;0;0;0;0;4;2;1;0;0;0;0;0;0;0;0;0
37639;798;2024;Defensa;2;96;1;6.55;0;0;1;0;63;1;57;1;0;2;10;4;0;0;2;1;0;0;0;0;0;0
64268;798;2024;Defensa;37;2753;36;6.763888;1;2;12;3;1183;40;0;37;5;29;233;103;24;0;80;33;5;0;0;0;0;0
25375;798;2024;Delantero;23;1067;17;6.623809;2;1;23;8;199;6;0;13;0;6;104;40;15;0;23;6;0;0;0;0;0;0
50048;798;2024;Delantero;29;2068;24;6.903448;7;2;50;19;475;26;0;7;1;7;355;192;41;0;23;9;1;2;2;0;0;0
920;798;2024;Defensa;30;650;19;6.685714;0;0;0;0;235;7;0;16;4;6;55;26;3;0;4;0;1;1;0;0;0;0
179139;798;2024;Portero;7;630;7;7.785714;0;0;0;0;222;0;0;0;0;0;2;2;1;0;1;1;0;0;0;10;40;0
343001;798;2024;Defensa;0;0;0;0.0;0;0;0;0;0;0;0;0;0;0;0;0;0;0;0;0;0;0;0;0;0;0
482473;798;2024;Delantero;22;305;14;6.56;0;0;5;2;46;5;0;4;0;0;34;15;1;0;2;1;0;0;0;0;0;0
181582;798;2024;Defensa;34;1537;23;6.83913;0;0;5;2;755;0;0;30;16;17;118;73;13;0;4;4;6;0;0;0;0;0
195962;798;2024;Delantero;8;141;1;6.514285;0;0;4;2;23;3;0;1;0;1;46;14;8;0;12;5;2;0;0;0;0;0
46657;798;2024;Defensa;0;0;0;0.0;0;0;0;0;0;0;0;0;0;0;0;0;0;0;0;0;0;0;0;0;0;0
46733;798;2024;Defensa;36;3209;36;7.136111;2;0;28;8;1766;13;43;29;38;28;315;170;9;0;3;2;7;1;0;0;0;0
46738;798;2024;Defensa;31;2765;31;6.967741;3;0;9;5;1328;4;0;30;21;17;166;97;13;0;6;5;4;0;0;0;0;0
46742;798;2024;Mediocentro;37;2175;30;6.932432;4;7;22;10;593;33;0;49;3;12;286;133;40;0;30;16;5;0;0;0;0;0
46751;798;2024;Delantero;24;435;3;6.563636;2;0;12;6;88;3;0;2;1;1;94;40;19;0;3;1;4;0;1;0;0;0
1701;798;2024;Mediocentro;23;1341;15;6.913636;0;0;7;1;692;10;0;45;8;23;129;71;13;0;8;3;7;0;0;0;0;0
26302;798;2024;Defensa;30;2376;28;6.973333;0;2;5;1;718;29;0;60;11;25;278;159;37;0;74;41;7;0;0;0;0;0
237252;798;2024;Portero;0;0;0;0.0;0;0;0;0;0;0;0;0;0;0;0;0;0;0;0;0;0;0;0;0;0;0
61142;798;2024;Portero;38;2790;35;7.08387;0;0;0;0;913;0;0;0;0;0;14;12;3;0;2;2;1;0;0;34;85;0
411424;798;2024;Mediocentro;15;44;8;6.6;0;0;0;0;25;0;0;3;0;0;7;7;3;0;0;0;0;0;0;0;0;0
335697;798;2024;Defensa;0;0;0;6.95;0;0;0;0;52;0;0;3;2;1;10;5;0;0;0;0;0;0;0;0;0;0
2001;798;2024;Delantero;36;1779;26;6.6875;7;2;31;15;308;8;0;12;3;1;313;114;31;0;29;8;4;0;1;0;0;0
108519;798;2024;Defensa;34;763;19;6.526666;0;0;1;1;316;4;0;22;0;18;96;49;10;0;15;9;1;0;0;0;0;0
329728;529;2025;Mediocentro;14;634;7;6.69;0;1;1;0;594;9;41;8;2;5;55;25;10;0;4;2;0;0;0;0;0;0
126;529;2025;Portero;0;0;0;0.0;0;0;0;0;0;0;0;0;0;0;0;0;0;0;0;0;0;0;0;0;0;0
127;529;2025;Portero;0;0;0;0.0;0;0;0;0;0;0;0;0;0;0;0;0;0;0;0;0;0;0;0;0;0;0
161928;529;2025;Defensa;17;1222;15;6.75;0;2;7;1;724;17;0;27;7;5;109;69;18;0;27;16;2;0;0;0;0;0
2282;529;2025;Defensa;12;407;3;6.72;0;0;0;0;326;1;0;5;3;2;33;21;4;0;0;0;1;0;0;0;0;0
182718;529;2025;Portero;15;1350;15;7.38;0;0;0;0;414;0;0;2;0;1;14;13;4;0;1;1;1;0;0;11;39;0
133609;529;2025;Mediocentro;16;1218;14;7.63;2;5;13;9;1219;38;69;28;1;14;135;84;26;0;29;24;1;0;0;0;0;0
521;529;2025;Delantero;16;813;8;6.83;9;1;30;21;155;7;0;3;0;2;73;28;11;0;11;6;2;0;1;0;0;0
538;529;2025;Mediocentro;16;1226;13;7.28;0;3;4;1;1110;21;65;34;4;15;98;64;21;0;5;3;4;0;0;0;0;0
619;529;2025;Defensa;21;1652;19;6.89;1;1;13;5;1333;22;57;45;6;29;160;89;14;0;6;2;2;0;0;0;0;0
340626;529;2025;Mediocentro;15;812;8;7.08;4;4;26;13;402;17;0;18;0;3;111;52;9;0;33;19;2;0;0;0;0;0
383647;529;2025;Portero;0;0;0;0.0;0;0;0;0;0;0;0;0;0;0;0;0;0;0;0;0;0;0;0;0;0;0
568001;529;2025;Defensa;0;0;0;0.0;0;0;0;0;0;0;0;0;0;0;0;0;0;0;0;0;0;0;0;0;0;0
543468;529;2025;Portero;0;0;0;0.0;0;0;0;0;0;0;0;0;0;0;0;0;0;0;0;0;0;0;0;0;0;0
851;529;2025;Portero;6;540;6;7.18;0;0;0;0;185;0;0;0;0;0;0;0;0;0;0;0;0;0;0;11;17;1
855;529;2025;Defensa;2;88;1;6.9;0;0;0;0;47;1;0;3;0;1;11;5;1;0;4;1;0;0;0;0;0;0
909;529;2025;Delantero;19;1138;12;6.73;3;6;33;19;490;30;0;7;1;1;110;43;15;0;59;18;2;0;0;0;0;0
441232;529;2025;Mediocentro;0;0;0;0.0;0;0;0;0;0;0;0;0;0;0;0;0;0;0;0;0;0;0;0;0;0;0
931;529;2025;Delantero;19;1220;15;6.95;11;1;35;23;265;17;0;4;1;3;75;32;9;0;14;4;2;0;0;0;0;0
338958;529;2025;Mediocentro;11;279;3;6.87;1;1;12;9;135;8;0;2;0;0;33;17;1;0;25;14;0;0;0;0;0;0
1257;529;2025;Defensa;20;1467;15;6.89;1;1;6;3;1133;10;51;32;9;15;169;98;22;0;23;14;3;0;0;0;0;0
433396;529;2025;Mediocentro;8;138;1;6.78;0;1;0;0;142;1;0;4;0;0;21;9;1;0;1;1;1;0;0;0;0;0
1323;529;2025;Mediocentro;16;1000;10;7.25;6;3;32;15;606;27;0;22;0;6;108;61;23;0;19;4;0;0;0;0;0;0
396623;529;2025;Defensa;17;1476;17;7.15;0;0;3;0;1431;4;79;25;8;17;109;71;4;0;1;1;1;0;0;0;0;0
101814;529;2025;Defensa;11;652;7;6.94;2;0;6;4;472;1;0;10;4;8;64;34;1;0;0;0;2;0;0;0;0;0
181701;529;2025;Defensa;19;1044;13;7.04;0;0;1;0;911;10;45;25;4;13;83;57;7;0;7;4;4;0;0;0;0;0
1496;529;2025;Mediocentro;13;828;11;7.47;8;3;28;11;398;28;0;7;0;0;63;25;7;0;21;9;2;0;1;0;0;0
445973;529;2025;Delantero;1;45;1;6.5;0;0;0;0;9;1;0;0;0;0;0;0;0;0;0;0;0;0;0;0;0;0
491086;529;2025;Mediocentro;0;0;0;0.0;0;0;0;0;0;0;0;0;0;0;0;0;0;0;0;0;0;0;0;0;0;0
491087;529;2025;Mediocentro;4;90;1;6.6;0;0;0;0;47;2;0;1;0;0;13;8;1;0;4;4;0;0;0;0;0;0
579244;529;2025;Mediocentro;0;0;0;0.0;0;0;0;0;0;0;0;0;0;0;0;0;0;0;0;0;0;0;0;0;0;0
296667;529;2025;Mediocentro;2;66;0;7.1;0;1;0;0;67;3;0;2;0;0;10;4;1;0;1;0;0;0;0;0;0;0
491250;529;2025;Defensa;3;47;0;6.5;0;0;0;0;34;0;0;2;0;0;8;3;0;0;1;0;0;0;0;0;0;0
386828;529;2025;Mediocentro;17;1430;16;7.89;8;8;53;24;844;45;40;24;0;6;282;153;35;0;168;94;0;0;2;0;0;0
548867;530;2025;Mediocentro;0;0;0;0.0;0;0;0;0;0;0;0;0;0;0;0;0;0;0;0;0;0;0;0;0;0;0
29;530;2025;Portero;20;1800;20;7.1;0;0;0;0;605;0;0;0;0;0;8;5;3;0;0;0;0;0;0;17;40;0
31;530;2025;Defensa;8;633;7;7.11;0;0;6;0;408;0;45;10;5;9;73;35;6;0;1;0;3;0;0;0;0;0
50;530;2025;Mediocentro;20;1313;14;7.18;2;2;5;3;1075;15;49;30;1;11;113;56;12;0;6;1;4;0;0;0;0;0
56;530;2025;Delantero;20;727;5;6.94;6;0;24;14;371;12;0;7;1;2;44;20;5;0;9;3;0;0;0;0;0;0
133185;530;2025;Mediocentro;7;380;6;6.93;0;0;1;0;214;2;0;16;2;5;62;30;3;0;6;2;3;0;0;0;0;0
133;530;2025;Defensa;9;732;9;6.84;0;0;2;0;490;3;48;5;5;11;52;22;4;0;2;2;2;0;0;0;0;0
47301;530;2025;Defensa;15;1019;10;6.79;1;0;3;1;595;1;0;16;4;6;87;49;10;0;2;0;2;0;0;0;0;0
162012;530;2025;Defensa;14;864;10;6.79;0;0;2;2;434;11;0;24;1;8;90;40;1;0;12;2;2;0;0;0;0;0
8492;530;2025;Delantero;20;1061;11;6.75;7;0;30;21;255;8;0;8;1;0;170;85;8;0;19;9;3;1;0;0;0;0
323935;530;2025;Mediocentro;20;1507;17;6.83;2;5;24;9;649;21;0;31;1;14;221;109;34;0;52;23;1;0;0;0;0;0
6503;530;2025;Defensa;14;551;6;6.65;0;1;1;0;288;9;0;15;3;5;57;21;1;0;10;4;1;0;0;0;0;0
67972;530;2025;Mediocentro;19;666;4;6.61;2;0;12;5;359;4;0;17;3;11;94;39;9;0;16;3;2;0;0;0;0;0
2465;530;2025;Portero;1;90;1;7.0;0;0;0;0;26;0;0;0;0;0;0;0;0;0;0;0;1;0;0;0;1;0
47566;530;2025;Defensa;5;147;1;6.52;0;0;0;0;55;2;0;2;0;1;19;10;3;0;4;2;0;0;0;0;0;0
338508;530;2025;Defensa;0;0;0;0.0;0;0;0;0;0;0;0;0;0;0;0;0;0;0;0;0;0;0;0;0;0;0
336594;530;2025;Mediocentro;20;1530;18;7.09;1;1;12;6;971;20;43;28;2;23;173;97;21;0;51;32;0;0;0;0;0;0
753;530;2025;Defensa;17;1442;17;7.09;0;3;9;5;977;15;51;39;1;9;109;60;8;0;16;9;3;0;0;0;0;0
428799;530;2025;Defensa;0;0;0;0.0;0;0;0;0;0;0;0;0;0;0;0;0;0;0;0;0;0;0;0;0;0;0
336685;530;2025;Defensa;0;0;0;0.0;0;0;0;0;0;0;0;0;0;0;0;0;0;0;0;0;0;0;0;0;0;0
295793;530;2025;Defensa;9;654;7;7.39;0;1;3;1;420;2;41;12;10;14;68;52;6;0;2;1;1;0;0;0;0;0
451594;530;2025;Mediocentro;0;0;0;0.0;0;0;0;0;0;0;0;0;0;0;0;0;0;0;0;0;0;0;0;0;0;0
324750;530;2025;Delantero;0;0;0;0.0;0;0;0;0;0;0;0;0;0;0;0;0;0;0;0;0;0;0;0;0;0;0
443668;530;2025;Delantero;0;0;0;0.0;0;0;0;0;0;0;0;0;0;0;0;0;0;0;0;0;0;0;0;0;0;0
189997;530;2025;Portero;0;0;0;0.0;0;0;0;0;0;0;0;0;0;0;0;0;0;0;0;0;0;0;0;0;0;0
491091;530;2025;Delantero;0;0;0;0.0;0;0;0;0;0;0;0;0;0;0;0;0;0;0;0;0;0;0;0;0;0;0
30399;530;2025;Defensa;21;1714;19;6.84;0;2;12;3;961;11;41;36;5;14;137;74;3;0;11;5;0;0;0;0;0;0
26315;530;2025;Mediocentro;16;969;13;6.78;1;0;21;11;356;7;0;14;2;9;160;80;16;0;32;14;3;0;0;0;0;0
386869;530;2025;Defensa;0;0;0;0.0;0;0;0;0;0;0;0;0;0;0;0;0;0;0;0;0;0;0;0;0;0;0
386870;530;2025;Mediocentro;0;0;0;0.0;0;0;0;0;0;0;0;0;0;0;0;0;0;0;0;0;0;0;0;0;0;0
30543;530;2025;Delantero;12;251;1;6.44;0;1;6;3;91;4;0;2;0;0;31;13;7;0;4;1;1;0;0;0;0;0
548706;530;2025;Delantero;0;0;0;0.0;0;0;0;0;0;0;0;0;0;0;0;0;0;0;0;0;0;0;0;0;0;0
6009;530;2025;Delantero;21;1535;20;7.02;7;3;33;20;543;41;0;14;0;2;144;56;16;0;42;21;2;0;2;0;0;0
6067;530;2025;Mediocentro;13;509;5;6.99;3;1;12;9;290;11;0;8;1;3;57;28;6;0;17;11;1;0;0;0;0;0
182219;530;2025;Mediocentro;13;703;10;7.09;2;1;10;5;311;20;0;11;2;6;91;36;15;0;20;7;2;0;0;0;0;0
393198;530;2025;Portero;0;0;0;0.0;0;0;0;0;0;0;0;0;0;0;0;0;0;0;0;0;0;0;0;0;0;0
84086;531;2025;Mediocentro;17;651;6;6.71;4;1;10;6;206;13;0;6;1;4;96;35;13;0;22;10;1;0;0;0;0;0
407677;531;2025;Defensa;0;0;0;0.0;0;0;0;0;0;0;0;0;0;0;0;0;0;0;0;0;0;0;0;0;0;0
47270;531;2025;Portero;21;1890;21;7.01;0;0;0;0;621;0;0;1;0;0;10;10;5;0;0;0;0;0;0;30;62;1
47273;531;2025;Defensa;18;1536;17;6.96;0;0;11;3;821;14;0;25;1;21;143;89;22;0;9;5;2;0;0;0;0;0
47276;531;2025;Defensa;6;354;5;6.5;0;0;1;1;163;0;0;12;0;2;44;16;0;0;9;3;1;2;0;0;0;0
47278;531;2025;Defensa;19;1648;18;6.62;0;0;8;4;872;3;0;31;10;23;134;63;10;0;3;2;6;1;0;0;0;0
47291;531;2025;Delantero;18;1143;14;6.38;2;1;31;12;262;14;0;9;0;4;183;73;19;0;24;5;2;0;0;0;0;0
47294;531;2025;Mediocentro;13;892;10;6.55;1;0;17;11;193;9;0;4;0;1;76;26;12;0;19;3;1;0;1;0;0;0
47299;531;2025;Defensa;10;498;6;6.5;0;1;3;1;218;6;0;13;0;2;51;29;6;0;6;2;2;0;0;0;0;0
47418;531;2025;Mediocentro;13;264;1;6.59;0;0;2;0;152;1;0;10;0;7;48;23;5;0;3;2;0;0;0;0;0;0
182617;531;2025;Mediocentro;2;85;1;6.5;0;0;1;0;49;2;0;3;0;2;14;6;0;0;2;1;1;0;0;0;0;0
182639;531;2025;Mediocentro;0;0;0;0.0;0;0;0;0;0;0;0;0;0;0;0;0;0;0;0;0;0;0;0;0;0;0
377257;531;2025;Delantero;0;0;0;0.0;0;0;0;0;0;0;0;0;0;0;0;0;0;0;0;0;0;0;0;0;0;0
332308;531;2025;Mediocentro;13;418;3;6.61;1;1;5;3;113;4;0;7;1;0;47;18;4;0;7;2;0;0;0;0;0;0
332309;531;2025;Mediocentro;13;425;2;6.76;1;0;4;2;203;5;0;19;2;7;49;25;1;0;4;1;2;0;0;0;0;0
622;531;2025;Defensa;11;860;10;6.99;0;1;3;1;530;2;43;8;11;11;71;48;7;0;1;1;2;0;0;0;0;0
383780;531;2025;Mediocentro;21;1811;21;6.86;1;0;10;5;882;19;0;45;1;35;205;100;26;0;15;5;2;0;0;0;0;0
568156;531;2025;Mediocentro;4;130;1;6.38;0;0;4;1;43;3;0;2;0;1;17;7;4;0;3;1;0;0;0;0;0;0
287680;531;2025;Delantero;8;254;2;6.5;1;0;5;4;64;2;0;0;0;1;36;15;5;0;4;1;1;0;0;0;0;0
336998;531;2025;Defensa;6;362;4;6.32;0;0;0;0;178;2;0;6;1;6;34;14;2;0;6;2;1;0;0;0;0;0
312468;531;2025;Portero;0;0;0;0.0;0;0;0;0;0;0;0;0;0;0;0;0;0;0;0;0;0;1;0;0;0;0
384267;531;2025;Mediocentro;0;0;0;0.0;0;0;0;0;0;0;0;0;0;0;0;0;0;0;0;0;0;0;0;0;0;0
437637;531;2025;Portero;0;0;0;0.0;0;0;0;0;0;0;0;0;0;0;0;0;0;0;0;0;0;0;0;0;0;0
128398;531;2025;Mediocentro;16;1063;14;6.44;1;0;22;7;367;16;0;10;2;3;115;45;16;0;16;7;2;1;1;0;0;0
183776;531;2025;Delantero;8;123;1;6.4;0;0;4;2;41;2;0;2;0;0;18;6;1;0;3;1;1;0;0;0;0;0
183799;531;2025;Mediocentro;17;1168;13;7.01;4;2;26;12;396;24;0;11;0;6;191;78;20;0;99;43;1;0;1;0;0;0
183848;531;2025;Portero;5;450;5;6.36;0;0;0;0;157;1;0;0;0;0;3;3;0;0;0;0;0;0;0;8;17;0
183849;531;2025;Defensa;14;1179;13;6.82;1;0;6;2;699;1;43;19;4;22;84;52;7;0;2;2;2;0;0;0;0;0
335490;531;2025;Defensa;0;0;0;0.0;0;0;0;0;0;0;0;0;0;0;0;0;0;0;0;0;0;0;0;0;0;0
313025;531;2025;Defensa;5;194;2;6.275;0;0;2;0;61;3;0;1;2;2;20;8;2;0;3;3;1;0;0;0;0;0
30510;531;2025;Mediocentro;19;1385;17;6.78;2;2;20;15;513;34;0;17;0;7;202;85;32;0;36;19;3;0;0;0;0;0
560954;531;2025;Delantero;1;33;0;6.5;0;0;1;0;9;1;0;0;0;0;3;1;0;0;0;0;0;0;0;0;0;0
560978;531;2025;Mediocentro;0;0;0;0.0;0;0;0;0;0;0;0;0;0;0;0;0;0;0;0;0;0;0;0;0;0;0
286593;531;2025;Delantero;9;177;2;6.5;0;0;1;0;66;3;0;3;0;0;33;11;4;0;9;3;0;0;0;0;0;0
47007;531;2025;Mediocentro;19;1239;18;6.93;0;0;8;1;656;9;0;36;3;10;171;96;23;0;29;22;9;0;0;0;0;0
182181;531;2025;Defensa;18;1168;11;6.71;0;1;1;0;446;16;0;14;6;13;91;51;4;0;20;12;2;0;0;0;0;0
83;532;2025;Delantero;20;1249;15;6.82;3;2;24;11;288;9;0;10;1;0;112;50;18;0;43;18;0;0;0;0;0;0
47251;532;2025;Defensa;14;1067;11;6.44;0;0;4;1;484;6;0;13;1;8;79;39;7;0;17;9;0;0;0;0;0;0
47264;532;2025;Delantero;20;1206;13;6.78;7;0;19;10;260;12;0;10;4;3;151;60;19;0;11;3;5;0;0;0;0;0
41157;532;2025;Mediocentro;13;797;9;6.96;0;1;5;2;437;11;0;15;1;8;84;43;18;0;19;9;0;0;0;0;0;0
315699;532;2025;Mediocentro;21;1053;13;6.61;0;2;7;4;517;11;0;12;3;13;102;40;9;0;26;12;2;0;0;0;0;0
315701;532;2025;Defensa;1;12;0;6.6;0;0;0;0;2;0;0;1;0;0;3;1;0;0;0;0;0;0;0;0;0;0
162127;532;2025;Mediocentro;21;1285;15;6.71;3;0;12;5;338;9;0;12;2;8;148;63;29;0;22;6;2;0;0;0;0;0
47463;532;2025;Mediocentro;19;1507;17;7.14;2;0;12;2;998;17;45;46;5;12;133;83;8;0;9;7;2;0;1;0;0;0
162175;532;2025;Defensa;13;640;5;6.67;0;0;5;2;241;7;0;14;3;1;87;42;6;0;25;16;1;0;0;0;0;0
47527;532;2025;Portero;3;270;3;7.17;0;0;0;0;84;0;0;0;0;0;1;1;1;0;0;0;0;0;0;3;8;0
551365;532;2025;Delantero;0;0;0;0.0;0;0;0;0;0;0;0;0;0;0;0;0;0;0;0;0;0;0;0;0;0;0
584165;532;2025;Defensa;0;0;0;0.0;0;0;0;0;0;0;0;0;0;0;0;0;0;0;0;0;0;0;0;0;0;0
406043;532;2025;Mediocentro;0;0;0;0.0;0;0;0;0;0;0;0;0;0;0;0;0;0;0;0;0;0;0;0;0;0;0
406045;532;2025;Delantero;0;0;0;0.0;0;0;0;0;0;0;0;0;0;0;0;0;0;0;0;0;0;0;0;0;0;0
406046;532;2025;Delantero;0;0;0;0.0;0;0;0;0;0;0;0;0;0;0;0;0;0;0;0;0;0;0;0;0;0;0
401983;532;2025;Portero;0;0;0;0.0;0;0;0;0;0;0;0;0;0;0;0;0;0;0;0;0;0;0;0;0;0;0
21153;532;2025;Mediocentro;17;747;7;6.81;1;1;4;2;391;4;0;10;2;5;77;41;8;0;11;5;2;0;0;0;0;0
31406;532;2025;Delantero;3;80;0;6.63;0;0;3;1;15;2;0;0;0;0;27;10;3;0;4;2;1;0;0;0;0;0
297743;532;2025;Mediocentro;0;0;0;0.0;0;0;0;0;0;0;0;0;0;0;0;0;0;0;0;0;0;0;0;0;0;0
913;532;2025;Portero;0;0;0;0.0;0;0;0;0;0;0;0;0;0;0;0;0;0;0;0;0;0;1;0;0;0;0
916;532;2025;Defensa;8;544;7;6.8;1;0;4;3;320;1;0;8;2;10;43;28;3;0;3;1;3;0;0;0;0;0
918;532;2025;Defensa;17;1281;16;6.46;1;1;5;1;489;12;0;31;5;10;99;58;9;0;13;5;5;1;0;0;0;0
623732;532;2025;Defensa;0;0;0;0.0;0;0;0;0;0;0;0;0;0;0;0;0;0;0;0;0;0;0;0;0;0;0
48372;532;2025;Defensa;4;206;2;6.9;1;0;1;1;115;0;0;8;1;5;18;11;2;0;0;0;0;0;0;0;0;0
439578;532;2025;Delantero;0;0;0;0.0;0;0;0;0;0;0;0;0;0;0;0;0;0;0;0;0;0;0;0;0;0;0
181582;532;2025;Defensa;18;1508;16;6.71;0;0;8;0;860;5;40;23;14;20;121;70;9;0;8;6;4;0;0;0;0;0
48465;532;2025;Mediocentro;11;534;5;6.73;0;3;2;0;258;7;0;9;0;4;44;25;3;0;6;5;2;0;0;0;0;0
1482;532;2025;Defensa;14;939;12;6.5;0;1;2;1;414;7;0;18;0;12;103;52;16;0;13;7;3;0;0;0;0;0
138776;532;2025;Delantero;11;207;0;6.76;1;1;8;4;59;2;0;3;0;1;46;19;6;0;17;9;2;0;1;0;0;0
183848;532;2025;Portero;18;1620;18;6.93;0;0;0;0;493;1;0;2;0;0;12;10;1;0;0;0;1;0;0;30;54;1
1708;532;2025;Delantero;11;275;3;6.5;0;1;4;1;99;2;0;7;0;4;33;11;1;0;10;3;0;0;0;0;0;0
417560;532;2025;Defensa;0;0;0;0.0;0;0;0;0;0;0;0;0;0;0;0;0;0;0;0;0;0;0;0;0;0;0
46933;532;2025;Mediocentro;20;1387;16;6.75;1;3;13;3;452;20;0;17;0;10;123;59;21;0;37;21;1;0;0;0;0;0
333672;532;2025;Defensa;19;1584;18;6.68;0;0;5;1;902;2;40;29;16;17;134;73;5;0;8;7;5;0;0;0;0;0
6010;532;2025;Mediocentro;18;855;10;6.59;1;1;16;8;232;9;0;10;1;3;152;71;27;0;21;14;0;0;0;0;0;0
49;533;2025;Mediocentro;14;673;7;6.6;0;0;6;1;381;5;0;14;2;11;62;34;4;0;5;3;0;0;0;0;0;0
411702;533;2025;Delantero;0;0;0;0.0;0;0;0;0;0;0;0;0;0;0;0;0;0;0;0;0;0;0;0;0;0;0
122956;533;2025;Portero;0;0;0;0.0;0;0;0;0;0;0;0;0;0;0;0;0;0;0;0;0;0;0;0;0;0;0
278619;533;2025;Portero;17;1530;17;7.09;0;0;0;0;364;0;0;0;0;1;7;5;1;0;0;0;3;0;0;15;44;1
184420;533;2025;Defensa;5;450;5;7.2;1;1;2;1;140;4;0;14;3;5;50;26;3;0;16;8;0;0;0;0;0;0
166;533;2025;Defensa;13;936;12;7.18;0;0;1;0;566;0;0;20;10;16;51;33;1;0;4;3;2;0;0;0;0;0
20696;533;2025;Mediocentro;14;868;10;6.97;2;1;16;5;460;11;0;12;4;11;90;48;22;0;11;5;5;0;0;0;0;0
182519;533;2025;Mediocentro;20;1340;17;7.02;8;3;28;16;364;21;0;13;3;6;134;49;15;0;36;19;2;0;0;0;0;0
180496;533;2025;Delantero;15;919;10;6.75;5;3;24;15;163;10;0;1;1;3;93;39;20;0;28;12;0;0;0;0;0;0
162122;533;2025;Defensa;1;8;0;7.0;0;0;0;0;8;0;0;1;0;0;1;1;0;0;0;0;0;0;0;0;0;0
418188;533;2025;Delantero;0;0;0;0.0;0;0;0;0;0;0;0;0;0;0;0;0;0;0;0;0;0;0;0;0;0;0
463280;533;2025;Mediocentro;0;0;0;0.0;0;0;0;0;0;0;0;0;0;0;0;0;0;0;0;0;0;0;0;0;0;0
47541;533;2025;Mediocentro;18;1322;16;6.86;2;2;17;4;663;12;0;31;10;11;161;82;17;0;11;6;3;1;0;0;0;0
311773;533;2025;Defensa;13;1102;12;7.02;0;1;4;0;569;3;0;53;5;16;151;89;13;0;8;7;6;0;0;0;0;0
18906;533;2025;Delantero;13;540;6;6.78;2;3;6;4;129;10;0;13;0;1;88;39;10;0;16;9;2;0;0;0;0;0
162473;533;2025;Portero;3;270;3;6.33;0;0;0;0;84;0;0;1;0;0;1;1;0;0;0;0;0;0;0;6;6;0
697;533;2025;Delantero;6;153;1;6.85;1;1;1;1;49;2;0;1;0;0;19;9;2;0;11;6;0;0;0;0;0;0
330443;533;2025;Defensa;0;0;0;0.0;0;0;0;0;0;0;0;0;0;0;0;0;0;0;0;0;0;0;0;0;0;0
336671;533;2025;Mediocentro;17;1289;14;6.81;0;0;5;3;794;1;40;11;16;10;75;42;4;0;2;0;1;1;0;0;0;0
514913;533;2025;Delantero;0;0;0;0.0;0;0;0;0;0;0;0;0;0;0;0;0;0;0;0;0;0;0;0;0;0;0
70500;533;2025;Defensa;16;1003;10;6.68;0;3;8;3;389;12;0;22;3;21;86;37;6;0;6;2;2;0;0;0;0;0
928;533;2025;Mediocentro;17;815;9;6.9;0;0;1;0;484;15;0;23;5;7;73;46;14;0;12;4;2;0;0;0;0;0
484474;533;2025;Defensa;0;0;0;0.0;0;0;0;0;0;0;0;0;0;0;0;0;0;0;0;0;0;0;0;0;0;0
3246;533;2025;Mediocentro;19;1073;11;7.15;2;2;21;10;400;32;0;23;0;10;150;71;16;0;58;27;2;0;0;0;0;0
302277;533;2025;Portero;0;0;0;0.0;0;0;0;0;0;0;0;0;0;0;0;0;0;0;0;0;0;0;0;0;0;0
435552;533;2025;Defensa;9;733;9;6.74;0;0;1;1;369;2;0;34;7;7;113;56;8;0;5;3;3;0;0;0;0;0
351587;533;2025;Delantero;16;512;4;6.55;2;1;10;7;68;4;0;4;1;0;70;26;5;0;11;7;0;0;0;0;0;0
378284;533;2025;Delantero;3;257;3;6.83;1;2;6;3;28;3;0;4;0;0;20;9;4;0;3;0;0;0;0;0;0;0
1461;533;2025;Mediocentro;0;0;0;0.0;0;0;0;0;0;0;0;0;0;0;0;0;0;0;0;0;0;0;0;0;0;0
237066;533;2025;Defensa;14;1226;13;7.15;1;0;3;1;724;3;46;26;11;14;86;53;2;0;1;1;1;0;0;0;0;0
187987;533;2025;Mediocentro;5;88;3;6.575;0;0;1;0;25;1;0;4;0;0;23;11;2;0;4;3;0;0;0;0;0;0
1702;533;2025;Defensa;15;925;10;6.87;1;2;4;1;326;11;0;25;5;11;98;50;12;0;20;13;4;0;0;0;0;0
1707;533;2025;Delantero;11;647;9;7.27;5;0;13;7;255;18;0;10;1;3;71;34;5;0;17;8;0;0;1;0;0;0
51016;533;2025;Delantero;19;1205;13;6.95;5;0;14;8;331;13;0;23;1;18;149;71;29;0;50;18;6;0;0;0;0;0
548734;533;2025;Mediocentro;4;77;0;6.6;0;0;1;0;38;0;0;5;0;2;8;6;0;0;1;1;1;0;0;0;0;0
184194;533;2025;Delantero;4;77;2;6.45;0;0;2;2;17;0;0;0;0;0;4;2;0;0;2;2;0;0;0;0;0;0
184226;533;2025;Mediocentro;2;160;2;7.2;0;1;2;1;88;7;0;2;1;2;10;2;0;0;3;0;0;0;0;0;0;0
290740;533;2025;Delantero;9;185;2;6.54;0;0;5;2;61;5;0;8;2;0;42;16;7;0;9;0;1;0;0;0;0;0
548807;533;2025;Delantero;0;0;0;0.0;0;0;0;0;0;0;0;0;0;0;0;0;0;0;0;0;0;0;0;0;0;0
546857;536;2025;Defensa;0;0;0;0.0;0;0;0;0;0;0;0;0;0;0;0;0;0;0;0;0;0;0;0;0;0;0
546872;536;2025;Delantero;0;0;0;0.0;0;0;0;0;0;0;0;0;0;0;0;0;0;0;0;0;0;0;0;0;0;0
546881;536;2025;Mediocentro;0;0;0;0.0;0;0;0;0;0;0;0;0;0;0;0;0;0;0;0;0;0;0;0;0;0;0
57446;536;2025;Delantero;16;981;9;6.76;6;2;28;20;159;4;0;4;1;0;111;43;4;0;15;8;1;0;2;0;0;0
340152;536;2025;Mediocentro;1;45;1;6.5;0;0;0;0;11;1;0;1;0;0;4;1;0;0;1;0;0;0;0;0;0;0
39121;536;2025;Delantero;14;450;4;6.82;1;1;7;1;168;7;0;9;0;3;79;46;8;0;45;26;0;0;0;0;0;0
47329;536;2025;Defensa;1;13;0;6.9;0;0;0;0;6;1;0;1;0;0;2;2;1;0;0;0;0;0;0;0;0;0
2280;536;2025;Defensa;9;678;9;6.83;0;0;0;0;411;1;40;16;6;16;73;35;6;0;2;1;3;0;0;0;0;0
41208;536;2025;Defensa;3;219;3;6.77;0;0;0;0;80;0;0;5;1;3;24;10;0;0;0;0;0;0;0;0;0;0
47389;536;2025;Mediocentro;3;22;0;6.35;0;0;0;0;27;0;0;0;0;0;7;0;0;0;0;0;1;0;0;0;0;0
162126;536;2025;Delantero;17;771;9;6.77;2;0;9;5;286;14;0;8;0;1;133;72;37;0;37;14;5;0;0;0;0;0
297311;536;2025;Defensa;10;768;8;7.15;0;0;6;4;588;2;48;20;8;19;94;65;7;0;3;1;0;0;0;0;0;0
125331;536;2025;Defensa;0;0;0;0.0;0;0;0;0;0;0;0;0;0;0;0;0;0;0;0;0;0;0;0;0;0;0
119213;536;2025;Mediocentro;10;321;4;6.58;1;0;7;7;73;6;0;1;0;1;40;13;6;0;15;4;0;0;0;0;0;0
433;536;2025;Defensa;13;943;11;6.66;0;0;6;2;466;0;0;13;5;5;111;62;21;0;1;1;3;0;0;0;0;0
182772;536;2025;Defensa;17;1224;14;6.68;0;2;5;1;470;15;0;35;0;8;172;91;27;0;31;15;1;0;0;0;0;0
21004;536;2025;Mediocentro;18;1409;16;6.89;1;2;7;2;716;18;0;35;3;21;150;77;6;0;10;6;7;0;0;0;0;0
557;536;2025;Portero;17;1530;17;7.14;0;0;0;0;528;0;0;0;0;0;1;0;0;0;0;0;2;0;0;26;57;0
197196;536;2025;Defensa;2;100;0;6.3;0;0;0;0;64;0;0;0;0;1;6;2;1;0;0;0;0;0;0;0;0;0
21087;536;2025;Mediocentro;16;1240;15;6.71;1;0;8;4;507;7;0;25;4;11;135;64;21;0;13;7;5;0;0;0;0;0
19172;536;2025;Portero;4;360;4;6.68;0;0;0;0;117;0;0;0;0;0;1;1;0;0;0;0;1;0;0;7;9;0
2924;536;2025;Mediocentro;10;259;2;6.78;0;0;0;0;108;10;0;4;0;1;39;20;9;0;16;7;1;0;0;0;0;0
25458;536;2025;Mediocentro;2;180;2;7.3;1;0;2;1;72;9;0;0;0;1;11;4;3;0;3;1;0;0;0;0;0;0
910;536;2025;Delantero;14;737;6;6.68;2;1;10;5;247;14;0;10;0;4;82;36;16;0;12;3;1;0;1;0;0;0
957;536;2025;Mediocentro;17;1210;16;6.68;2;0;9;4;505;13;0;24;1;13;111;53;17;0;9;3;3;0;0;0;0;0
338902;536;2025;Defensa;9;649;7;7.01;0;0;4;1;447;1;43;15;9;9;69;40;7;0;4;2;3;0;0;0;0;0
185398;536;2025;Delantero;16;966;12;6.44;3;0;22;11;198;7;0;11;0;1;140;47;16;0;29;7;4;1;0;0;0;0
308346;536;2025;Portero;0;0;0;0.0;0;0;0;0;0;0;0;0;0;0;0;0;0;0;0;0;0;0;0;0;0;0
11421;536;2025;Defensa;14;1069;12;6.93;0;1;2;1;528;27;0;46;3;14;118;63;5;0;16;8;3;0;0;0;0;0
443593;536;2025;Mediocentro;0;0;0;0.0;0;0;0;0;0;0;0;0;0;0;0;0;0;0;0;0;0;0;0;0;0;0
195923;536;2025;Defensa;19;1629;18;6.78;1;3;7;2;778;10;0;48;6;25;210;118;29;0;24;11;8;0;0;0;0;0
48471;536;2025;Mediocentro;13;878;11;6.78;3;4;13;5;323;11;0;10;0;4;83;40;9;0;22;9;1;0;1;0;0;0
437594;536;2025;Delantero;0;0;0;0.0;0;0;0;0;0;0;0;0;0;0;0;0;0;0;0;0;0;0;0;0;0;0
341453;536;2025;Defensa;7;508;5;6.69;0;1;4;2;181;10;0;8;1;1;43;21;2;0;10;6;1;0;0;0;0;0
1489;536;2025;Mediocentro;18;1230;13;6.69;1;0;11;5;598;2;0;23;8;11;117;57;8;0;9;4;5;0;0;0;0;0
331607;536;2025;Mediocentro;4;88;0;6.8;0;0;1;0;48;2;0;2;0;0;5;4;1;0;0;0;0;0;0;0;0;0
290686;536;2025;Portero;0;0;0;0.0;0;0;0;0;0;0;0;0;0;0;0;0;0;0;0;0;0;0;0;0;0;0
47013;536;2025;Delantero;5;317;4;7.06;3;0;8;5;74;0;0;2;1;2;36;12;7;0;3;1;0;0;0;0;0;0
548843;536;2025;Portero;0;0;0;0.0;0;0;0;0;0;0;0;0;0;0;0;0;0;0;0;0;0;0;0;0;0;0
546798;536;2025;Delantero;4;63;0;6.65;0;0;4;1;24;0;0;4;0;0;13;9;3;0;2;2;0;0;0;0;0;0
133110;536;2025;Defensa;7;325;3;6.56;0;0;3;0;174;0;0;10;1;0;43;25;4;0;2;0;4;0;0;0;0;0
438263;536;2025;Delantero;0;0;0;0.0;0;0;0;0;0;0;0;0;0;0;0;0;0;0;0;0;0;0;0;0;0;0
30765;538;2025;Portero;21;1890;21;7.18;0;0;0;0;496;0;0;0;0;0;9;8;5;0;0;0;0;0;0;23;67;2
286796;538;2025;Mediocentro;2;151;2;6.4;0;0;3;0;114;2;53;0;0;1;5;0;0;0;1;0;1;0;0;0;0;0
161875;538;2025;Delantero;0;0;0;0.0;0;0;0;0;0;0;0;0;0;0;0;0;0;0;0;0;0;0;0;0;0;0
2278;538;2025;Defensa;18;1524;17;7.08;1;0;7;2;1262;8;63;24;9;19;124;72;13;0;9;6;2;0;1;0;0;0
47348;538;2025;Delantero;19;1083;12;6.78;8;2;23;14;264;14;0;4;4;0;99;40;15;0;16;9;3;0;2;0;0;0
157988;538;2025;Defensa;18;1450;16;6.89;2;1;6;3;796;7;0;24;0;14;122;67;21;0;32;16;1;0;0;0;0;0
313651;538;2025;Mediocentro;14;911;11;7.06;0;1;2;1;679;20;44;23;7;12;67;33;9;0;2;0;2;0;0;0;0;0
47427;538;2025;Portero;0;0;0;0.0;0;0;0;0;0;0;0;0;0;0;0;0;0;0;0;0;0;0;0;0;0;0
162123;538;2025;Mediocentro;21;1388;15;6.74;0;1;8;3;569;11;0;51;3;13;182;105;34;0;19;7;3;0;0;0;0;0
47435;538;2025;Mediocentro;10;542;7;6.63;0;0;4;1;317;1;0;7;2;7;37;14;3;0;3;2;0;0;0;0;0;0
47445;538;2025;Delantero;18;759;8;6.81;2;3;14;8;438;22;0;8;0;9;53;24;6;0;13;7;3;0;1;0;0;0
182638;538;2025;Defensa;12;709;9;6.73;0;0;2;0;489;3;0;13;3;7;44;27;7;0;2;1;2;0;0;0;0;0
570;538;2025;Mediocentro;0;0;0;0.0;0;0;0;0;0;0;0;0;0;0;0;0;0;0;0;0;0;0;0;0;0;0
269163;538;2025;Delantero;14;546;6;6.69;3;0;10;7;107;2;0;13;1;1;81;34;16;0;10;4;1;0;0;0;0;0
47988;538;2025;Defensa;14;1043;12;6.89;0;0;3;1;677;1;45;19;7;15;73;45;5;0;2;1;2;0;0;0;0;0
162712;538;2025;Mediocentro;18;1148;13;7.06;1;2;9;4;741;20;0;30;5;4;118;66;18;0;18;9;3;0;0;0;0;0
320517;538;2025;Delantero;17;885;10;6.64;2;1;11;8;211;5;0;10;1;3;84;32;7;0;17;5;0;0;0;0;0;0
21584;538;2025;Mediocentro;4;255;4;6.73;0;0;0;0;143;2;0;1;2;2;18;9;1;0;9;6;0;0;0;0;0;0
384135;538;2025;Defensa;17;1228;13;6.75;0;0;4;2;864;6;46;24;5;12;110;54;15;0;6;2;3;0;0;0;0;0
554287;538;2025;Delantero;0;0;0;0.0;0;0;0;0;0;0;0;0;0;0;0;0;0;0;0;0;0;0;0;0;0;0
351913;538;2025;Delantero;12;376;2;6.73;2;0;8;3;84;6;0;2;0;1;45;17;3;0;17;9;0;0;0;0;0;0
333502;538;2025;Mediocentro;13;772;8;6.88;1;0;4;1;408;10;0;19;6;8;78;35;9;0;9;2;3;0;0;0;0;0
179955;538;2025;Defensa;14;724;7;6.91;2;3;6;3;289;4;0;9;4;12;71;31;10;0;18;9;3;0;0;0;0;0
560930;538;2025;Mediocentro;1;12;0;6.6;0;0;0;0;5;0;0;1;0;0;1;1;0;0;0;0;0;0;0;0;0;0
286559;538;2025;Defensa;6;435;4;6.87;0;0;1;0;320;1;48;11;4;3;35;23;1;0;2;0;1;0;0;0;0;0
122734;538;2025;Delantero;14;738;10;6.69;2;1;18;11;177;9;0;5;1;2;80;30;13;0;18;5;3;0;0;0;0;0
1926;538;2025;Defensa;3;197;2;6.3;0;0;2;0;84;0;0;2;1;4;14;8;0;0;1;1;0;0;0;0;0;0
286639;538;2025;Delantero;19;1135;13;6.9;1;1;20;12;334;18;0;10;0;2;129;55;17;0;70;27;1;0;1;0;0;0
329720;538;2025;Mediocentro;13;562;5;6.75;2;1;3;2;270;8;0;8;0;4;43;19;7;0;10;3;2;0;0;0;0;0
329722;538;2025;Defensa;4;335;4;6.7;0;0;0;0;201;1;46;7;4;3;25;14;3;0;1;1;2;0;0;0;0;0
450562;539;2025;Portero;0;0;0;0.0;0;0;0;0;0;0;0;0;0;0;0;0;0;0;0;0;0;0;0;0;0;0
407597;539;2025;Defensa;0;0;0;0.0;0;0;0;0;0;0;0;0;0;0;0;0;0;0;0;0;0;0;0;0;0;0
47225;539;2025;Mediocentro;15;900;10;6.33;0;1;13;5;208;6;0;10;1;4;108;40;8;0;20;9;1;0;0;0;0;0
106727;539;2025;Mediocentro;12;754;8;6.71;0;0;4;1;322;2;0;15;2;6;46;25;6;0;1;1;2;0;0;0;0;0
125239;539;2025;Mediocentro;15;983;11;6.88;1;1;4;3;470;3;0;25;9;9;129;67;14;0;12;4;4;0;0;0;0;0
182603;539;2025;Mediocentro;16;510;4;6.7;0;2;1;0;239;6;0;12;2;5;60;32;8;0;4;2;2;0;0;0;0;0
20817;539;2025;Delantero;11;239;2;6.56;1;0;5;4;54;1;0;4;0;1;49;21;1;0;15;9;1;0;0;0;0;0
47467;539;2025;Delantero;17;322;1;6.65;1;1;6;4;108;6;0;7;1;3;36;20;2;0;14;9;1;0;1;0;0;0
182639;539;2025;Mediocentro;13;769;11;6.72;0;0;0;0;381;10;0;21;5;6;103;43;8;0;6;3;3;1;0;0;0;0
338295;539;2025;Portero;0;0;0;0.0;0;0;0;0;0;0;0;0;0;0;0;0;0;0;0;0;0;0;0;0;0;0
104832;539;2025;Defensa;5;278;3;6.46;0;0;0;0;119;1;0;7;0;3;30;16;3;0;5;4;2;0;0;0;0;0
463279;539;2025;Delantero;2;57;0;6.25;0;0;0;0;12;0;0;1;0;0;8;3;0;0;5;2;0;0;0;0;0;0
182770;539;2025;Mediocentro;20;1460;17;6.92;3;1;13;9;501;33;0;20;0;8;166;71;36;0;42;14;3;0;0;0;0;0
104949;539;2025;Mediocentro;14;942;10;6.86;1;2;12;4;318;15;0;11;8;13;77;31;4;0;16;8;2;0;0;0;0;0
2741;539;2025;Portero;18;1620;18;7.33;0;0;0;0;541;0;0;1;0;1;12;11;0;0;0;0;2;0;0;29;71;1
734;539;2025;Defensa;17;1309;14;6.78;2;1;7;3;636;6;0;14;11;21;84;47;7;0;2;2;3;0;1;0;0;0
408320;539;2025;Defensa;5;364;4;6.36;0;0;0;0;123;0;0;7;4;0;30;18;3;0;2;2;1;0;0;0;0;0
504605;539;2025;Defensa;0;0;0;0.0;0;0;0;0;0;0;0;0;0;0;0;0;0;0;0;0;0;0;0;0;0;0
64309;539;2025;Defensa;17;1486;17;6.54;1;1;6;2;460;10;0;45;3;19;144;77;13;0;20;8;5;0;0;0;0;0
338871;539;2025;Mediocentro;0;0;0;0.0;0;0;0;0;0;0;0;0;0;0;0;0;0;0;0;0;0;0;0;0;0;0
334878;539;2025;Mediocentro;2;114;1;6.75;0;0;0;0;42;0;0;4;0;2;16;10;2;0;1;1;0;0;0;0;0;0
1118;539;2025;Defensa;20;1712;20;6.53;1;3;4;1;546;18;0;36;12;20;115;54;11;0;7;0;4;0;0;0;0;0
316517;539;2025;Defensa;8;383;4;6.75;1;0;1;1;199;0;0;12;3;4;33;20;4;0;2;0;0;0;0;0;0;0
378284;539;2025;Delantero;15;1116;14;6.8;5;1;28;13;187;9;0;20;0;3;164;75;25;0;19;7;2;0;0;0;0;0
609795;539;2025;Defensa;0;0;0;0.0;0;0;0;0;0;0;0;0;0;0;0;0;0;0;0;0;0;0;0;0;0;0
192032;539;2025;Delantero;17;1324;16;6.95;4;1;23;9;303;12;0;19;2;7;214;105;45;0;38;20;3;0;0;0;0;0
46790;539;2025;Mediocentro;10;363;4;6.69;0;0;3;2;117;4;0;7;1;7;47;24;5;0;16;8;0;0;0;0;0;0
579287;539;2025;Delantero;4;252;3;6.33;0;0;3;1;41;2;0;5;0;1;32;14;5;0;7;2;0;0;0;0;0;0
46941;539;2025;Defensa;11;933;11;6.56;0;0;2;0;393;2;0;8;16;3;73;43;5;0;0;0;2;0;0;0;0;0
182150;539;2025;Mediocentro;1;11;0;6.5;0;0;0;0;7;0;0;2;0;0;5;2;0;0;2;0;0;0;0;0;0;0
286611;539;2025;Portero;2;180;2;7.75;0;0;0;0;57;0;0;0;0;0;2;2;0;0;0;0;0;0;0;5;11;0
421807;539;2025;Defensa;13;1047;12;6.85;0;0;1;0;450;2;0;17;11;20;83;48;6;0;5;2;3;0;0;0;0;0
450497;539;2025;Delantero;9;178;0;6.6;1;0;3;2;39;0;0;2;1;0;43;21;7;0;4;2;0;0;0;0;0;0
128985;539;2025;Delantero;9;286;3;6.62;2;0;8;3;73;4;0;1;0;7;25;8;3;0;5;3;0;0;0;0;0;0
438284;540;2025;Mediocentro;0;0;0;0.0;0;0;0;0;0;0;0;0;0;0;0;0;0;0;0;0;0;0;0;0;0;0
184407;540;2025;Defensa;8;154;1;6.71;0;0;0;0;62;3;0;2;1;0;16;8;3;0;2;2;1;0;0;0;0;0
184420;540;2025;Defensa;21;1867;21;7.05;4;2;14;6;577;15;0;66;8;25;211;111;11;0;50;26;2;0;0;0;0;0
47249;540;2025;Defensa;21;1897;21;6.85;2;0;21;8;871;6;0;19;13;15;167;98;7;0;4;4;1;0;0;0;0;0
47256;540;2025;Defensa;8;172;1;6.91;1;0;1;1;63;0;0;1;4;0;16;12;1;0;1;1;0;0;0;0;0;0
450716;540;2025;Defensa;0;0;0;0.0;0;0;0;0;0;0;0;0;0;0;0;0;0;0;0;0;0;0;0;0;0;0
47349;540;2025;Mediocentro;10;678;8;6.53;2;0;15;9;199;10;0;4;1;3;56;17;6;0;14;5;2;0;1;0;0;0
47396;540;2025;Delantero;21;881;8;6.62;3;1;25;15;193;15;0;7;1;2;175;82;24;0;17;6;3;0;1;0;0;0
47398;540;2025;Mediocentro;20;1386;18;6.77;6;0;41;17;359;25;0;25;3;11;160;71;23;0;12;6;4;1;0;0;0;0
47478;540;2025;Defensa;18;1450;16;6.88;0;0;8;1;866;3;42;20;25;22;96;50;4;0;5;2;3;0;0;0;0;0
182674;540;2025;Mediocentro;15;619;7;6.62;0;0;8;3;140;10;0;6;0;4;85;43;19;0;30;15;1;0;0;0;0;0
127426;540;2025;Mediocentro;20;1395;18;6.64;1;0;4;3;580;13;0;23;2;14;138;49;18;0;7;1;6;0;0;0;0;0
182735;540;2025;Portero;0;0;0;0.0;0;0;0;0;0;0;0;0;0;0;0;0;0;0;0;0;0;0;0;0;0;0
461502;540;2025;Portero;0;0;0;0.0;0;0;0;0;0;0;0;0;0;0;0;0;0;0;0;0;0;0;0;0;0;0
2813;540;2025;Portero;22;1987;22;7.09;0;0;0;0;581;1;0;3;0;0;10;9;2;0;0;0;0;0;0;27;70;0
297742;540;2025;Delantero;7;108;1;6.41;0;0;0;0;29;2;0;4;0;0;24;12;3;0;6;4;1;0;0;0;0;0
162585;540;2025;Portero;0;0;0;0.0;0;0;0;0;0;0;0;0;0;0;0;0;0;0;0;0;0;0;0;0;0;0
199824;540;2025;Defensa;13;491;4;6.63;0;0;3;0;217;2;0;5;4;9;59;32;9;0;15;11;2;0;0;0;0;0
359603;540;2025;Delantero;3;60;0;6.6;0;0;0;0;24;1;0;1;0;1;13;5;0;0;7;4;0;0;0;0;0;0
273732;540;2025;Delantero;21;1431;16;6.74;0;3;12;6;352;20;0;39;0;6;198;97;31;0;52;19;3;0;0;0;0;0
388495;540;2025;Mediocentro;0;0;0;0.0;0;0;0;0;0;0;0;0;0;0;0;0;0;0;0;0;0;0;0;0;0;0
183699;540;2025;Mediocentro;20;1331;14;6.63;0;1;6;1;489;6;0;29;4;18;142;67;21;0;8;4;3;0;0;0;0;0
48555;540;2025;Mediocentro;13;378;2;6.58;0;0;4;2;139;1;0;8;2;3;49;22;1;0;5;4;1;0;0;0;0;0
282054;540;2025;Defensa;9;599;7;6.99;0;1;2;1;347;1;0;14;3;4;55;32;2;0;1;1;2;0;0;0;0;0
187987;540;2025;Mediocentro;15;469;5;6.64;1;0;5;1;111;5;0;16;2;7;68;33;8;0;8;3;0;0;0;0;0;0
46734;540;2025;Defensa;0;0;0;0.0;0;0;0;0;0;0;0;0;0;0;0;0;0;0;0;0;0;0;0;0;0;0
312990;540;2025;Delantero;22;1597;17;6.69;5;2;29;16;236;16;0;7;2;3;218;80;31;0;20;6;1;0;1;0;0;0
46799;540;2025;Mediocentro;21;1474;18;7.13;0;5;15;7;618;56;0;31;1;13;155;83;23;0;24;17;3;0;0;0;0;0
601891;540;2025;Mediocentro;0;0;0;0.0;0;0;0;0;0;0;0;0;0;0;0;0;0;0;0;0;0;0;0;0;0;0
286601;540;2025;Defensa;20;1492;17;6.81;0;2;1;0;685;9;0;43;6;21;133;72;13;0;3;2;5;0;0;0;0;0
2207;541;2025;Mediocentro;15;735;7;7.12;1;0;6;2;523;8;0;34;3;5;100;66;15;0;15;11;0;0;0;0;0;0
2285;541;2025;Defensa;7;605;6;6.99;0;0;3;0;460;2;61;9;2;2;34;22;1;0;1;0;0;0;0;0;0;0
278;541;2025;Delantero;20;1756;20;7.94;21;4;75;45;692;51;0;2;0;2;172;90;25;0;100;57;3;0;7;0;0;0
283;541;2025;Defensa;8;398;5;7.0;0;1;2;0;277;9;0;8;1;8;26;12;0;0;4;2;0;0;0;0;0;0
377122;541;2025;Delantero;1;11;0;6.6;0;0;0;0;0;0;0;0;0;0;2;2;1;0;1;1;0;1;0;0;0;0
47400;541;2025;Portero;0;0;0;0.0;0;0;0;0;0;0;0;0;0;0;0;0;0;0;0;0;0;1;0;0;0;0
372;541;2025;Defensa;13;1002;12;7.35;1;1;15;8;675;7;47;20;10;10;93;57;11;0;3;1;2;0;0;0;0;0
505;541;2025;Defensa;4;63;1;6.8;0;0;1;1;55;0;0;0;2;0;4;2;0;0;0;0;0;0;0;0;0;0
653;541;2025;Defensa;1;1;0;0.0;0;0;0;0;3;0;0;0;0;0;0;0;0;0;0;0;0;0;0;0;0;0
129718;541;2025;Mediocentro;17;1281;14;7.4;4;3;23;19;817;30;43;41;1;12;208;117;34;0;43;23;1;0;0;0;0;0
330436;541;2025;Defensa;1;1;0;0.0;0;0;0;0;0;0;0;0;0;0;0;0;0;0;0;0;0;0;0;0;0;0
730;541;2025;Portero;21;1890;21;7.0;0;0;0;0;627;0;0;1;0;0;10;6;2;0;0;0;0;0;0;17;46;0
733;541;2025;Defensa;7;376;4;6.93;0;0;1;0;228;2;0;9;1;2;30;18;4;0;2;1;0;0;0;0;0;0
736;541;2025;Defensa;7;418;5;6.57;1;0;3;2;199;2;0;9;3;4;33;17;5;0;4;1;1;0;0;0;0;0
449249;541;2025;Delantero;13;690;8;6.78;1;0;16;4;345;9;0;18;0;2;126;54;18;0;39;15;4;0;0;0;0;0
744;541;2025;Delantero;13;346;3;6.59;0;2;2;1;135;10;0;6;0;1;46;18;3;0;14;9;1;0;0;0;0;0
748;541;2025;Mediocentro;12;412;4;7.05;0;0;2;0;371;7;0;17;4;6;57;32;11;0;13;3;0;0;0;0;0;0
756;541;2025;Mediocentro;20;1654;18;7.18;0;6;21;8;1115;28;49;31;6;15;102;62;5;0;20;11;2;0;0;0;0;0
762;541;2025;Delantero;21;1588;18;7.28;5;5;44;24;657;39;0;20;0;1;235;115;43;0;120;52;4;0;1;0;0;0
451355;541;2025;Defensa;0;0;0;0.0;0;0;0;0;0;0;0;0;0;0;0;0;0;0;0;0;0;0;0;0;0;0
336711;541;2025;Delantero;16;349;3;6.73;3;0;8;5;91;3;0;6;0;1;35;19;2;0;6;1;1;0;0;0;0;0
361497;541;2025;Defensa;15;1117;14;7.32;1;1;12;3;896;7;52;19;9;11;91;60;8;0;1;1;3;1;0;0;0;0
291964;541;2025;Mediocentro;21;1283;16;7.16;3;7;26;14;837;52;0;26;0;7;114;62;16;0;26;16;1;0;0;0;0;0
396475;541;2025;Portero;0;0;0;0.0;0;0;0;0;0;0;0;0;0;0;0;0;0;0;0;0;0;0;0;0;0;0
1271;541;2025;Mediocentro;18;1476;17;7.18;0;0;15;3;1067;15;54;36;9;22;139;95;14;0;4;0;5;0;0;0;0;0
386306;541;2025;Mediocentro;0;0;0;0.0;0;0;0;0;0;0;0;0;0;0;0;0;0;0;0;0;0;0;0;0;0;0
490779;541;2025;Defensa;0;78;0;6.6;0;0;0;0;34;1;0;5;0;0;12;7;1;0;1;1;0;0;0;0;0;0
509470;541;2025;Mediocentro;0;0;0;0.0;0;0;0;0;0;0;0;0;0;0;0;0;0;0;0;0;0;0;0;0;0;0
341640;541;2025;Defensa;15;1031;10;7.0;2;0;10;3;648;4;40;12;8;6;71;43;15;0;2;1;2;0;0;0;0;0
284300;541;2025;Defensa;19;1611;18;7.08;1;1;4;1;1185;19;56;27;4;29;159;81;25;0;28;12;3;1;0;0;0;0
308998;541;2025;Mediocentro;0;0;0;0.0;0;0;0;0;0;0;0;0;0;0;0;0;0;0;0;0;0;0;0;0;0;0
560905;541;2025;Mediocentro;0;0;0;0.0;0;0;0;0;0;0;0;0;0;0;0;0;0;0;0;0;0;0;0;0;0;0
10009;541;2025;Delantero;17;632;6;6.91;1;3;16;9;297;15;0;9;0;3;92;47;21;0;34;17;3;0;0;0;0;0
386872;541;2025;Portero;0;0;0;0.0;0;0;0;0;0;0;0;0;0;0;0;0;0;0;0;0;0;0;0;0;0;0
561033;541;2025;Defensa;0;0;0;0.0;0;0;0;0;0;0;0;0;0;0;0;0;0;0;0;0;0;0;0;0;0;0
47181;542;2025;Delantero;21;1391;16;6.79;4;2;36;15;325;11;0;16;1;4;281;140;21;0;22;11;0;0;0;0;0;0
6233;542;2025;Defensa;20;1800;20;6.86;1;0;10;2;776;4;0;35;16;22;150;89;22;0;14;8;2;0;0;0;0;0
143;542;2025;Mediocentro;22;1312;15;6.67;0;3;11;4;581;19;0;27;2;5;149;73;26;0;20;10;3;0;0;0;0;0
315586;542;2025;Mediocentro;1;2;0;0.0;0;0;0;0;1;0;0;0;0;0;1;0;0;0;0;0;0;0;0;0;0;0
47309;542;2025;Mediocentro;15;481;2;6.67;1;0;3;1;286;2;0;7;1;5;66;28;3;0;8;5;2;0;0;0;0;0
47353;542;2025;Portero;22;1987;22;7.03;0;0;0;0;589;0;0;2;0;0;9;8;0;0;0;0;0;0;0;27;57;0
182546;542;2025;Defensa;16;1327;15;6.87;0;0;3;0;683;3;0;33;17;10;104;69;4;0;3;2;3;0;0;0;0;0
18740;542;2025;Defensa;22;1938;22;6.71;0;0;5;2;1170;11;45;44;8;30;188;100;17;0;25;18;4;0;0;0;0;0
565586;542;2025;Delantero;1;9;0;6.2;0;0;1;0;4;0;0;0;0;0;2;1;1;0;0;0;0;0;0;0;0;0
104821;542;2025;Mediocentro;15;570;7;6.33;0;0;5;2;244;1;0;8;0;3;66;24;2;0;11;4;0;0;0;0;0;0
377215;542;2025;Portero;0;0;0;0.0;0;0;0;0;0;0;0;0;0;0;0;0;0;0;0;0;0;0;0;0;0;0
266658;542;2025;Mediocentro;14;615;11;6.69;0;0;2;1;255;9;0;22;1;6;104;53;16;0;37;14;2;0;0;0;0;0
41412;542;2025;Defensa;0;0;0;0.0;0;0;0;0;0;0;0;0;0;0;0;0;0;0;0;0;0;0;0;0;0;0
551366;542;2025;Defensa;0;0;0;0.0;0;0;0;0;0;0;0;0;0;0;0;0;0;0;0;0;0;0;0;0;0;0
387530;542;2025;Defensa;0;0;0;0.0;0;0;0;0;0;0;0;0;0;0;0;0;0;0;0;0;0;0;0;0;0;0
6638;542;2025;Defensa;7;592;6;6.69;0;0;5;3;221;0;0;9;8;5;52;26;2;0;0;0;2;0;0;0;0;0
551461;542;2025;Portero;0;0;0;0.0;0;0;0;0;0;0;0;0;0;0;0;0;0;0;0;0;0;0;0;0;0;0
608;542;2025;Delantero;16;1180;12;6.68;5;1;29;12;261;18;0;24;3;4;229;85;15;0;47;25;1;0;1;0;0;0
330440;542;2025;Defensa;0;33;0;6.27;0;0;0;0;10;2;0;1;0;0;10;1;0;0;4;0;0;0;0;0;0;0
760;542;2025;Delantero;9;277;3;6.39;0;0;5;3;39;2;0;3;1;0;55;16;0;0;2;1;1;0;0;0;0;0
439032;542;2025;Portero;0;0;0;0.0;0;0;0;0;0;0;0;0;0;0;0;0;0;0;0;0;0;0;0;0;0;0
70476;542;2025;Defensa;3;219;3;6.43;0;0;0;0;64;1;0;6;0;1;27;13;1;0;3;1;1;0;0;0;0;0
187214;542;2025;Mediocentro;21;1256;11;6.95;5;0;10;6;473;27;0;28;2;7;168;92;42;0;37;11;1;0;3;0;0;0
162686;542;2025;Mediocentro;20;1746;20;6.95;1;1;15;9;1151;11;49;57;5;35;236;114;21;0;18;14;5;0;0;0;0;0
361384;542;2025;Defensa;16;842;8;6.62;0;0;5;2;363;7;0;11;1;9;79;34;7;0;19;6;2;0;0;0;0;0
625744;542;2025;Delantero;0;0;0;0.0;0;0;0;0;0;0;0;0;0;0;0;0;0;0;0;0;0;0;0;0;0;0
1461;542;2025;Mediocentro;17;920;10;6.79;1;0;2;2;576;12;0;14;2;5;113;48;18;0;30;13;4;0;0;0;0;0
183751;542;2025;Delantero;18;785;8;6.63;0;0;17;8;256;16;0;21;0;7;131;53;18;0;30;8;4;0;0;0;0;0
139001;542;2025;Mediocentro;22;1358;17;6.71;1;1;20;9;621;11;0;29;7;13;233;112;42;0;55;26;4;0;0;0;0;0
626494;542;2025;Defensa;0;0;0;0.0;0;0;0;0;0;0;0;0;0;0;0;0;0;0;0;0;0;0;0;0;0;0
438131;542;2025;Defensa;0;0;0;0.0;0;0;0;0;0;0;0;0;0;0;0;0;0;0;0;0;0;0;0;0;0;0
46987;542;2025;Portero;0;0;0;0.0;0;0;0;0;0;0;0;0;0;0;0;0;0;0;0;0;0;0;0;0;0;0
128951;542;2025;Defensa;17;1100;12;6.43;0;1;3;1;390;9;0;15;4;4;100;50;9;0;8;5;6;0;0;0;0;0
6085;542;2025;Mediocentro;7;217;2;6.61;0;0;2;2;106;2;0;3;3;2;21;8;2;0;1;0;1;0;0;0;0;0
47119;543;2025;Mediocentro;16;944;10;6.94;4;1;15;9;332;14;0;17;2;10;99;42;16;0;16;5;2;0;0;0;0;0
477231;543;2025;Mediocentro;0;0;0;0.0;0;0;0;0;0;0;0;0;0;0;0;0;0;0;0;0;0;0;0;0;0;0
74;543;2025;Mediocentro;8;602;6;7.09;0;0;2;1;434;4;49;11;2;6;52;30;13;0;2;2;3;0;0;0;0;0
450714;543;2025;Mediocentro;1;14;0;6.3;0;0;0;0;7;0;0;0;0;0;5;1;1;0;0;0;0;0;0;0;0;0
47302;543;2025;Defensa;4;112;2;7.03;1;0;1;1;73;0;0;4;1;6;8;5;0;0;0;0;0;0;0;0;0;0
47341;543;2025;Mediocentro;16;1087;13;6.7;0;1;7;4;574;9;0;24;3;12;106;47;11;0;10;7;1;0;0;0;0;0
18812;543;2025;Portero;0;0;0;0.0;0;0;0;0;0;0;0;0;0;0;0;0;0;0;0;0;0;0;0;0;0;0
47579;543;2025;Delantero;9;178;1;6.47;0;0;2;0;38;3;0;0;0;2;24;8;5;0;1;0;4;0;0;0;0;0
47582;543;2025;Delantero;19;1651;19;6.92;8;3;40;15;441;27;0;21;2;7;193;85;19;0;36;17;2;0;1;0;0;0
195100;543;2025;Defensa;20;1717;20;6.76;0;0;6;1;889;5;0;18;12;24;148;82;10;0;3;2;5;0;0;0;0;0
355004;543;2025;Defensa;16;1106;11;6.86;1;0;9;3;576;5;0;33;8;16;130;74;6;0;9;8;4;0;0;0;0;0
745;543;2025;Mediocentro;1;30;0;7.2;0;1;0;0;19;2;0;0;0;0;3;2;2;0;0;0;0;0;0;0;0;0
334574;543;2025;Delantero;8;402;5;6.64;0;0;0;0;156;3;0;16;3;3;55;26;6;0;14;4;1;0;0;0;0;0
443163;543;2025;Delantero;13;351;2;6.44;0;0;9;4;84;2;0;10;0;4;59;24;9;0;17;5;1;0;0;0;0;0
351131;543;2025;Mediocentro;1;1;0;0.0;0;0;0;0;1;0;0;0;0;0;3;2;1;0;2;1;0;0;0;0;0;0
136117;543;2025;Mediocentro;16;596;7;6.55;0;1;10;4;233;13;0;8;0;3;78;27;8;0;25;7;1;0;0;0;0;0
3033;543;2025;Delantero;8;172;1;6.55;1;0;7;3;24;1;0;0;0;1;19;6;3;0;2;0;0;0;0;0;0;0
181421;543;2025;Delantero;12;873;10;7.23;4;3;25;11;320;13;0;22;0;6;174;90;33;0;39;18;1;0;0;0;0;0
392455;543;2025;Portero;0;0;0;0.0;0;0;0;0;0;0;0;0;0;0;0;0;0;0;0;0;0;0;0;0;0;0
286084;543;2025;Mediocentro;13;711;8;7.0;1;1;2;1;462;8;0;32;3;15;84;54;11;0;3;2;2;0;0;0;0;0
1439;543;2025;Defensa;16;1100;12;6.61;0;2;3;3;579;18;0;14;1;7;71;33;1;0;8;5;1;0;0;0;0;0
1557;543;2025;Portero;8;720;8;7.15;0;0;0;0;221;0;0;0;0;0;5;4;2;0;0;0;1;0;0;9;26;1
1561;543;2025;Defensa;17;1448;15;7.04;1;0;7;4;798;4;40;40;19;22;134;83;8;0;7;5;3;0;0;0;0;0
1564;543;2025;Defensa;8;541;6;6.69;0;1;3;0;263;7;0;19;1;6;64;42;7;0;5;3;2;0;0;0;0;0
1578;543;2025;Mediocentro;17;1098;11;7.1;2;2;18;10;680;25;0;14;0;5;131;75;38;0;27;14;3;0;0;0;0;0
1631;543;2025;Defensa;13;783;9;6.7;0;1;2;0;337;4;0;10;2;6;44;24;5;0;2;1;0;0;0;0;0;0
1697;543;2025;Mediocentro;21;1743;21;7.15;5;4;18;12;1032;47;42;26;2;21;166;66;16;0;32;16;1;0;0;0;0;0
9971;543;2025;Mediocentro;16;1329;16;7.27;5;4;38;20;664;31;0;20;1;10;122;63;24;0;31;15;1;1;0;0;0;0
300885;543;2025;Mediocentro;11;420;5;6.82;0;0;7;0;159;3;0;8;0;3;85;50;15;0;21;15;2;0;0;0;0;0
46990;543;2025;Portero;13;1170;13;6.95;0;0;0;0;410;0;0;0;0;0;11;8;2;0;1;1;0;0;0;18;40;0
456619;543;2025;Portero;0;0;0;0.0;0;0;0;0;0;0;0;0;0;0;0;0;0;0;0;0;0;0;0;0;0;0
128985;543;2025;Mediocentro;0;0;0;0.0;0;0;0;0;0;0;0;0;0;0;0;0;0;0;0;0;0;0;0;0;0;0
548853;543;2025;Defensa;0;0;0;0.0;0;0;0;0;0;0;0;0;0;0;0;0;0;0;0;0;0;0;0;0;0;0
546852;546;2025;Delantero;14;633;5;6.49;0;1;8;4;166;7;0;9;0;2;80;25;11;0;9;4;2;0;0;0;0;0
403554;546;2025;Delantero;3;270;3;7.17;1;1;4;1;43;4;0;2;0;0;59;25;8;0;16;7;1;0;0;0;0;0
309364;546;2025;Delantero;14;361;2;6.63;0;0;4;1;132;4;0;10;0;1;83;44;6;0;20;10;1;0;0;0;0;0
47247;546;2025;Portero;21;1890;21;6.93;0;0;0;0;609;1;0;0;0;0;3;3;1;0;0;0;2;0;0;27;68;0
47250;546;2025;Defensa;20;1494;18;6.69;0;0;2;0;487;1;0;20;8;13;112;68;12;0;4;4;5;0;0;0;0;0
47258;546;2025;Mediocentro;21;1860;21;6.79;3;1;28;11;480;10;0;40;3;13;267;136;42;0;27;14;3;0;0;0;0;0
270516;546;2025;Delantero;0;0;0;0.0;0;0;0;0;0;0;0;0;0;0;0;0;0;0;0;0;0;0;0;0;0;0
47306;546;2025;Mediocentro;1;12;0;6.7;0;0;0;0;0;0;0;0;0;0;5;2;2;0;2;0;0;0;0;0;0;0
47320;546;2025;Delantero;8;176;0;6.61;1;0;2;1;37;3;0;2;0;0;26;9;1;0;2;1;0;0;0;0;0;0
579838;546;2025;Mediocentro;3;79;1;6.57;0;0;1;0;21;0;0;2;0;0;9;6;2;0;2;2;0;0;0;0;0;0
297235;546;2025;Defensa;0;0;0;0.0;0;0;0;0;0;0;0;0;0;0;0;0;0;0;0;0;0;0;0;0;0;0
47407;546;2025;Defensa;7;273;4;6.33;0;0;2;1;100;3;0;5;0;1;34;18;3;0;3;1;4;1;0;0;0;0
6490;546;2025;Delantero;1;86;1;7.2;1;0;1;1;18;1;0;1;0;0;11;4;1;0;1;0;0;0;0;0;0;0
18794;546;2025;Defensa;16;1140;14;6.69;0;1;3;1;376;10;0;28;2;22;101;55;10;0;8;4;2;0;0;0;0;0
47472;546;2025;Delantero;14;1043;12;6.71;4;1;10;7;255;4;0;5;2;5;95;33;7;0;9;6;0;0;0;0;0;0
18867;546;2025;Defensa;19;1530;16;6.63;0;0;7;1;532;10;0;43;3;26;171;95;27;0;15;6;2;0;0;0;0;0
471478;546;2025;Defensa;7;429;4;6.44;0;0;2;1;147;2;0;14;1;3;59;29;1;0;13;8;1;0;0;0;0;0
551460;546;2025;Mediocentro;0;0;0;0.0;0;0;0;0;0;0;0;0;0;0;0;0;0;0;0;0;0;0;0;0;0;0
551462;546;2025;Delantero;0;0;0;0.0;0;0;0;0;0;0;0;0;0;0;0;0;0;0;0;0;0;0;0;0;0;0
180927;546;2025;Defensa;1;90;1;6.3;0;0;0;0;31;0;0;2;0;4;6;4;0;0;0;0;0;0;0;0;0;0
482071;546;2025;Portero;0;0;0;0.0;0;0;0;0;0;0;0;0;0;0;0;0;0;0;0;0;0;0;0;0;0;0
465838;546;2025;Mediocentro;0;0;0;0.0;0;0;0;0;0;0;0;0;0;0;0;0;0;0;0;0;0;0;0;0;0;0
195512;546;2025;Delantero;2;180;2;6.6;0;0;2;1;47;2;0;1;0;3;33;15;3;0;6;2;1;0;0;0;0;0
66491;546;2025;Portero;0;0;0;0.0;0;0;0;0;0;0;0;0;0;0;0;0;0;0;0;0;0;0;0;0;0;0
119742;546;2025;Defensa;20;1686;19;6.71;1;1;6;3;519;7;0;57;6;11;230;129;41;0;34;17;2;0;0;0;0;0
625636;546;2025;Defensa;1;26;0;6.5;0;0;0;0;9;1;0;3;0;0;9;5;0;0;2;2;0;0;0;0;0;0
41976;546;2025;Defensa;5;73;0;6.43;0;0;0;0;18;0;0;0;0;0;10;2;2;0;1;0;2;0;0;0;0;0
631889;546;2025;Mediocentro;0;0;0;0.0;0;0;0;0;0;0;0;0;0;0;0;0;0;0;0;0;0;0;0;0;0;0
316516;546;2025;Defensa;1;11;0;6.2;0;0;1;1;0;0;0;0;0;0;1;0;0;0;0;0;0;0;0;0;0;0
386187;546;2025;Mediocentro;1;10;0;6.3;0;0;0;0;5;0;0;0;0;0;2;0;0;0;0;0;0;0;0;0;0;0
343205;546;2025;Mediocentro;20;1356;18;6.48;2;0;10;4;379;7;0;35;2;5;283;108;18;0;28;10;7;0;0;0;0;0
439616;546;2025;Delantero;0;0;0;0.0;0;0;0;0;0;0;0;0;0;0;0;0;0;0;0;0;0;0;0;0;0;0
439617;546;2025;Defensa;4;120;1;6.7;0;1;0;0;19;1;0;6;0;2;27;11;3;0;3;2;2;0;0;0;0;0
394573;546;2025;Delantero;17;1312;17;6.51;3;0;13;7;215;3;0;16;2;2;232;80;27;0;34;12;2;0;0;0;0;0
609740;546;2025;Defensa;0;0;0;0.0;0;0;0;0;0;0;0;0;0;0;0;0;0;0;0;0;0;0;0;0;0;0
333369;546;2025;Delantero;2;20;0;6.6;0;0;1;0;4;0;0;0;0;0;8;4;2;0;0;0;0;0;0;0;0;0
46795;546;2025;Defensa;18;1536;18;6.53;0;0;6;1;492;0;0;14;8;18;128;77;18;0;0;0;7;0;0;0;0;0
46813;546;2025;Defensa;10;691;8;6.88;0;1;5;1;243;3;0;23;4;9;79;56;18;0;6;2;5;0;0;0;0;0
46860;546;2025;Mediocentro;11;461;4;6.58;0;0;12;6;154;5;0;6;1;4;34;14;2;0;6;4;0;0;0;0;0;0
284441;546;2025;Delantero;9;198;1;6.48;0;0;2;1;61;2;0;4;1;2;29;11;2;0;7;2;1;0;0;0;0;0
432080;546;2025;Portero;0;0;0;0.0;0;0;0;0;0;0;0;0;0;0;0;0;0;0;0;0;0;0;0;0;0;0
47085;546;2025;Mediocentro;20;1755;20;7.0;0;7;7;1;814;43;0;28;5;21;173;95;31;0;22;10;2;1;0;0;0;0
2061;547;2025;Delantero;18;1010;12;6.51;0;3;9;3;297;12;0;16;0;7;162;66;27;0;51;19;4;0;0;0;0;0
20;547;2025;Defensa;15;1245;15;6.8;1;0;7;2;676;7;40;17;2;13;126;67;18;0;3;2;1;0;0;0;0;0
45;547;2025;Mediocentro;12;550;5;6.53;0;1;5;4;309;9;0;11;2;1;75;30;12;0;14;5;2;0;0;0;0;0
47153;547;2025;Portero;0;0;0;0.0;0;0;0;0;0;0;0;0;0;0;0;0;0;0;0;0;0;0;0;0;0;0
127;547;2025;Portero;1;90;1;6.9;0;0;0;0;30;0;0;0;0;0;0;0;0;0;0;0;0;0;0;1;1;0
2182;547;2025;Delantero;15;1131;14;6.93;4;2;14;10;434;18;0;21;1;8;120;61;16;0;25;10;0;0;0;0;0;0
158;547;2025;Portero;19;1663;19;6.97;0;0;0;0;637;0;0;0;0;0;9;6;2;0;1;0;3;1;0;28;62;0
155;547;2025;Delantero;3;39;0;6.47;0;0;0;0;10;0;0;1;0;1;6;2;0;0;0;0;0;0;0;0;0;0
47334;547;2025;Defensa;3;202;2;6.53;0;0;1;1;173;0;50;2;1;0;9;6;0;0;1;1;0;0;0;0;0;0
47435;547;2025;Mediocentro;1;90;1;7.0;0;0;1;0;86;1;78;3;0;0;9;4;0;0;0;0;1;0;0;0;0;0
297304;547;2025;Delantero;2;71;1;6.5;0;0;1;1;10;2;0;1;0;1;8;2;0;0;0;0;0;0;0;0;0;0
432476;547;2025;Portero;2;136;1;7.2;0;0;0;0;39;0;0;0;0;0;1;1;1;0;0;0;0;0;0;5;4;0
553313;547;2025;Delantero;0;0;0;0.0;0;0;0;0;0;0;0;0;0;0;0;0;0;0;0;0;0;0;0;0;0;0
2449;547;2025;Mediocentro;2;112;2;6.45;0;0;1;0;43;0;0;2;0;1;15;8;3;0;2;1;0;0;0;0;0;0
47520;547;2025;Delantero;10;473;4;6.56;0;0;6;5;78;3;0;4;1;2;37;12;4;0;3;0;1;0;0;0;0;0
47547;547;2025;Defensa;20;1755;19;6.63;0;3;9;4;721;10;0;24;7;20;157;75;12;0;49;24;4;0;0;0;0;0
442861;547;2025;Portero;0;0;0;0.0;0;0;0;0;0;0;0;0;0;0;0;0;0;0;0;0;0;0;0;0;0;0
531;547;2025;Defensa;19;1583;18;6.91;0;0;0;0;1180;8;56;39;11;22;127;74;7;0;8;5;1;0;0;0;0;0
547;547;2025;Mediocentro;2;41;1;6.7;0;0;2;1;13;0;0;0;1;0;0;0;0;0;0;0;0;0;0;0;0;0
551459;547;2025;Mediocentro;5;64;0;6.3;0;0;0;0;13;0;0;0;0;1;7;1;1;0;0;0;0;1;0;0;0;0
2617;547;2025;Delantero;10;210;1;6.7;3;0;4;4;32;1;0;3;0;1;31;17;6;0;2;2;2;0;3;0;0;0
162434;547;2025;Defensa;12;466;5;6.67;0;0;3;3;279;4;0;10;1;7;41;29;9;0;4;3;1;1;0;0;0;0
129678;547;2025;Mediocentro;10;784;9;7.35;3;1;13;7;362;13;0;11;0;12;139;75;34;0;56;30;6;0;0;0;0;0
414359;547;2025;Defensa;20;1698;19;6.99;1;1;6;2;1031;5;46;20;28;16;153;92;11;0;5;4;4;1;0;0;0;0
414385;547;2025;Mediocentro;1;27;0;6.9;0;0;0;0;15;0;0;0;0;0;2;1;1;0;0;0;0;0;0;0;0;0
455366;547;2025;Delantero;0;0;0;0.0;0;0;0;0;0;0;0;0;0;0;0;0;0;0;0;0;0;0;0;0;0;0
414409;547;2025;Delantero;0;19;0;6.45;0;0;0;0;3;0;0;0;0;0;4;2;0;0;2;2;1;0;0;0;0;0
66407;547;2025;Defensa;2;180;2;5.6;0;0;1;0;104;0;46;2;1;1;11;5;0;0;0;0;1;0;0;0;0;0
109564;547;2025;Delantero;1;44;1;6.5;0;0;0;0;3;0;0;0;0;0;1;0;0;0;1;0;0;0;0;0;0;0
283668;547;2025;Defensa;18;1286;16;6.79;1;1;6;1;704;4;0;37;5;25;137;79;17;0;14;7;5;0;0;0;0;0
339105;547;2025;Mediocentro;18;804;9;6.57;1;0;13;7;203;9;0;12;1;1;140;65;24;0;58;25;3;0;0;0;0;0
281795;547;2025;Delantero;15;605;6;6.71;0;0;10;5;151;12;0;8;1;5;68;31;8;0;22;13;0;0;0;0;0;0
1305;547;2025;Portero;0;0;0;0.0;0;0;0;0;0;0;0;0;0;0;0;0;0;0;0;0;0;0;0;0;0;0
439709;547;2025;Defensa;0;0;0;0.0;0;0;0;0;0;0;0;0;0;0;0;0;0;0;0;0;0;0;0;0;0;0
306727;547;2025;Mediocentro;12;384;3;6.46;0;0;3;2;164;1;0;3;1;4;41;15;7;0;11;3;0;0;0;0;0;0
491106;547;2025;Defensa;0;0;0;0.0;0;0;0;0;0;0;0;0;0;0;0;0;0;0;0;0;0;0;0;0;0;0
1700;547;2025;Mediocentro;19;1553;18;6.94;0;1;4;2;887;14;41;43;2;10;176;99;23;0;30;18;3;0;0;0;0;0
429757;547;2025;Defensa;0;0;0;0.0;0;0;0;0;0;0;0;0;0;0;0;0;0;0;0;0;0;0;0;0;0;0
313025;547;2025;Defensa;18;1022;9;6.58;0;0;3;0;432;7;0;22;6;4;118;64;28;0;11;5;2;0;0;0;0;0
161670;547;2025;Delantero;18;1364;18;6.69;7;0;15;13;199;8;0;3;1;2;104;35;12;0;13;7;4;0;3;0;0;0
23;548;2025;Delantero;20;1435;16;6.88;0;0;3;0;830;22;0;64;3;18;162;90;9;0;9;5;1;0;0;0;0;0
387139;548;2025;Delantero;0;0;0;0.0;0;0;0;0;0;0;0;0;0;0;0;0;0;0;0;0;0;0;0;0;0;0
32862;548;2025;Mediocentro;18;1183;13;7.13;2;3;18;12;375;27;0;26;0;7;154;94;37;0;50;26;0;0;0;0;0;0
403561;548;2025;Delantero;1;13;0;6.3;0;0;0;0;2;0;0;0;0;0;3;1;1;0;0;0;0;0;0;0;0;0
2202;548;2025;Defensa;0;0;0;0.0;0;0;0;0;0;0;0;0;0;0;0;0;0;0;0;0;0;0;0;0;0;0
47269;548;2025;Portero;21;1890;21;6.88;0;0;0;0;709;3;0;1;0;1;10;9;2;0;1;1;0;0;0;29;49;0
47298;548;2025;Defensa;8;343;4;6.44;0;0;2;1;168;0;0;6;2;5;37;14;3;0;1;0;0;0;0;0;0;0
47303;548;2025;Defensa;14;599;6;6.61;0;0;3;0;207;3;0;24;0;4;67;34;3;0;8;2;1;0;0;0;0;0
47314;548;2025;Defensa;16;1395;15;6.64;0;1;3;1;727;5;0;20;10;15;117;52;3;0;4;1;6;0;0;0;0;0
47317;548;2025;Mediocentro;19;1099;13;6.88;3;3;18;7;429;29;0;11;2;10;167;67;16;0;71;35;2;0;0;0;0;0
47323;548;2025;Delantero;18;1585;18;7.18;8;3;40;23;378;28;0;18;1;1;203;86;27;0;33;19;2;0;3;0;0;0
182546;548;2025;Defensa;0;0;0;0.0;0;0;0;0;0;0;0;0;0;0;0;0;0;0;0;0;0;0;0;0;0;0
61774;548;2025;Delantero;5;125;1;6.68;1;0;4;3;22;1;0;3;0;0;12;7;0;0;1;1;0;0;0;0;0;0
47440;548;2025;Mediocentro;20;1221;15;7.0;5;2;19;13;614;18;0;20;1;5;156;76;21;0;33;15;4;0;1;0;0;0
199044;548;2025;Defensa;19;1615;18;6.73;1;0;12;5;742;7;0;61;6;23;223;123;25;0;11;4;7;0;0;0;0;0
2449;548;2025;Mediocentro;2;90;2;6.65;0;0;2;1;24;0;0;3;0;0;16;10;4;0;0;0;1;0;0;0;0;0
449063;548;2025;Delantero;0;0;0;0.0;0;0;0;0;0;0;0;0;0;0;0;0;0;0;0;0;0;0;0;0;0;0
268960;548;2025;Mediocentro;12;282;1;6.48;0;0;3;1;137;8;0;8;0;0;32;10;1;0;9;0;1;0;0;0;0;0
469672;548;2025;Mediocentro;0;0;0;0.0;0;0;0;0;0;0;0;0;0;0;0;0;0;0;0;0;0;0;0;0;0;0
31406;548;2025;Delantero;5;159;2;6.4;0;0;2;0;22;1;0;1;0;0;26;7;2;0;5;1;1;0;0;0;0;0
737;548;2025;Defensa;3;134;1;7.23;1;0;1;1;16;2;0;4;2;0;13;8;3;0;2;0;0;0;0;0;0;0
402168;548;2025;Delantero;1;1;0;0.0;0;0;0;0;0;0;0;0;0;0;2;0;0;0;0;0;0;0;0;0;0;0
349063;548;2025;Defensa;0;0;0;0.0;0;0;0;0;0;0;0;0;0;0;0;0;0;0;0;0;0;0;0;0;0;0
925;548;2025;Delantero;21;1143;15;6.81;5;2;15;11;343;15;0;16;0;3;130;59;19;0;27;14;1;0;0;0;0;0
930;548;2025;Mediocentro;17;1039;11;6.88;2;2;17;12;480;19;0;20;3;6;90;39;10;0;7;5;2;1;0;0;0;0
287654;548;2025;Mediocentro;19;1463;16;6.8;1;2;5;1;820;10;0;35;7;26;158;78;17;0;11;7;5;0;0;0;0;0
431160;548;2025;Portero;0;0;0;0.0;0;0;0;0;0;0;0;0;0;0;0;0;0;0;0;0;0;0;0;0;0;0
412738;548;2025;Delantero;0;0;0;0.0;0;0;0;0;0;0;0;0;0;0;0;0;0;0;0;0;0;0;0;0;0;0
7332;548;2025;Mediocentro;8;313;3;6.49;0;0;2;2;137;3;0;4;0;1;35;14;1;0;8;4;1;0;0;0;0;0
410841;548;2025;Defensa;0;0;0;0.0;0;0;0;0;0;0;0;0;0;0;0;0;0;0;0;0;0;0;0;0;0;0
290106;548;2025;Mediocentro;18;721;7;6.51;0;0;6;3;231;6;0;11;1;2;85;33;8;0;21;9;1;0;0;0;0;0
353634;548;2025;Mediocentro;0;0;0;0.0;0;0;0;0;0;0;0;0;0;0;0;0;0;0;0;0;0;0;0;0;0;0
189832;548;2025;Portero;0;0;0;0.0;0;0;0;0;0;0;0;0;0;0;0;0;0;0;0;0;0;0;0;0;0;0
183699;548;2025;Mediocentro;1;10;0;6.6;0;0;0;0;4;0;0;0;1;0;0;0;0;0;0;0;0;0;0;0;0;0
445881;548;2025;Mediocentro;1;1;0;0.0;0;0;1;0;3;0;0;0;0;0;1;0;0;0;0;0;0;0;0;0;0;0
183744;548;2025;Mediocentro;12;526;7;6.82;0;1;8;3;232;3;0;21;3;2;74;44;9;0;11;8;3;0;0;0;0;0
183748;548;2025;Delantero;6;127;0;6.43;0;0;4;2;16;1;0;1;0;0;21;7;4;0;1;0;0;0;0;0;0;0
405073;548;2025;Defensa;13;1170;13;6.88;0;0;6;1;650;1;45;13;16;15;111;74;7;0;9;6;3;0;0;0;0;0
288384;548;2025;Mediocentro;4;81;1;6.03;0;0;1;0;29;0;0;0;1;0;21;5;0;0;3;2;0;0;0;0;0;0
1902;548;2025;Defensa;14;1057;12;6.77;0;0;5;1;683;3;43;9;10;12;91;51;6;0;0;0;4;1;0;0;0;0
337843;548;2025;Portero;0;0;0;0.0;0;0;0;0;0;0;0;0;0;0;0;0;0;0;0;0;0;0;0;0;0;0
30927;718;2025;Mediocentro;17;1307;15;6.81;0;1;9;2;613;17;0;24;3;6;119;63;27;0;5;4;4;0;0;0;0;0
182486;718;2025;Mediocentro;20;1117;14;6.61;2;0;10;5;462;11;0;22;1;8;109;59;20;0;12;9;3;0;0;0;0;0
297243;718;2025;Portero;0;0;0;0.0;0;0;0;0;0;0;0;0;0;0;0;0;0;0;0;0;0;0;0;0;0;0
295223;718;2025;Defensa;19;1413;15;6.67;0;0;0;0;592;14;0;29;6;23;93;57;6;0;16;7;1;0;0;0;0;0
47429;718;2025;Defensa;16;1351;15;6.78;0;0;1;0;648;4;0;21;10;19;96;58;6;0;9;7;2;0;0;0;0;0
51530;718;2025;Delantero;17;1097;12;6.72;3;0;18;10;228;15;0;27;1;7;213;110;24;0;34;24;3;2;1;0;0;0
20844;718;2025;Mediocentro;20;1186;12;6.83;0;2;17;5;308;15;0;19;0;3;141;72;9;0;74;43;1;0;0;0;0;0
182636;718;2025;Defensa;9;496;6;6.57;0;0;0;0;175;7;0;13;1;3;66;32;13;0;10;3;0;0;0;0;0;0
385405;718;2025;Defensa;1;13;0;6.6;0;0;0;0;7;0;0;0;0;0;1;0;0;0;1;0;0;0;0;0;0;0
2461;718;2025;Delantero;16;1037;13;6.58;2;0;20;5;206;5;0;3;1;1;160;77;21;0;19;9;2;0;0;0;0;0
131548;718;2025;Defensa;11;839;9;6.84;0;1;5;2;320;5;0;38;3;11;83;58;3;0;17;10;2;0;0;0;0;0
107140;718;2025;Defensa;3;225;3;6.43;0;1;1;0;88;1;0;6;2;2;16;9;1;0;0;0;1;0;0;0;0;0
2762;718;2025;Mediocentro;14;483;6;6.61;0;0;8;3;209;11;0;12;0;3;48;22;6;0;11;4;1;0;0;0;0;0
191184;718;2025;Mediocentro;0;0;0;0.0;0;0;0;0;0;0;0;0;0;0;0;0;0;0;0;0;0;0;0;0;0;0
443152;718;2025;Mediocentro;0;0;0;0.0;0;0;0;0;0;0;0;0;0;0;0;0;0;0;0;0;0;0;0;0;0;0
2922;718;2025;Mediocentro;17;1322;15;6.78;1;0;7;4;549;6;0;36;7;12;123;66;3;0;8;4;2;0;0;0;0;0
600938;718;2025;Mediocentro;4;66;0;6.35;0;0;1;0;12;0;0;0;0;0;7;2;1;0;1;1;0;0;0;0;0;0
885;718;2025;Defensa;5;414;5;6.94;0;0;1;0;205;0;0;3;8;8;33;18;2;0;0;0;1;0;0;0;0;0
197513;718;2025;Delantero;3;23;0;6.45;0;0;0;0;11;0;0;0;0;0;6;3;0;0;0;0;1;0;0;0;0;0
41970;718;2025;Defensa;15;1182;13;6.85;1;0;8;3;706;3;40;23;13;13;121;76;3;0;2;2;6;0;0;0;0;0
402580;718;2025;Defensa;1;45;0;6.3;0;0;0;0;13;0;0;0;0;0;0;0;0;0;0;0;0;0;0;0;0;0
19613;718;2025;Delantero;7;177;2;6.66;0;0;2;1;94;1;0;4;0;2;35;16;5;0;4;2;1;0;0;0;0;0
562472;718;2025;Mediocentro;0;0;0;0.0;0;0;0;0;0;0;0;0;0;0;0;0;0;0;0;0;0;0;0;0;0;0
3608;718;2025;Mediocentro;12;724;8;6.54;0;0;4;2;297;2;0;12;2;5;58;23;4;0;3;2;1;0;0;0;0;0
46657;718;2025;Defensa;13;1005;12;6.65;0;0;4;2;401;2;0;19;3;15;86;50;16;0;16;6;2;0;0;0;0;0
46673;718;2025;Portero;21;1890;21;7.5;0;0;0;0;711;1;0;0;0;0;7;7;3;0;1;1;2;0;0;34;101;2
42642;718;2025;Portero;0;0;0;0.0;0;0;0;0;0;0;0;0;0;0;0;0;0;0;0;0;0;0;0;0;0;0
1695;718;2025;Mediocentro;12;445;4;6.85;0;0;4;0;246;9;0;10;1;1;36;22;8;0;5;3;0;1;0;0;0;0
46862;718;2025;Mediocentro;1;13;0;6.7;0;0;0;0;12;0;0;0;0;0;0;0;0;0;0;0;0;0;0;0;0;0
38699;718;2025;Mediocentro;14;563;6;6.46;1;0;5;3;164;1;0;9;3;5;65;19;7;0;9;1;3;0;0;0;0;0
286564;718;2025;Mediocentro;0;0;0;0.0;0;0;0;0;0;0;0;0;0;0;0;0;0;0;0;0;0;0;0;0;0;0
438123;718;2025;Delantero;0;0;0;0.0;0;0;0;0;0;0;0;0;0;0;0;0;0;0;0;0;0;0;0;0;0;0
46966;718;2025;Defensa;9;704;7;6.97;0;0;0;0;349;0;0;11;4;5;49;33;3;0;1;0;3;0;0;0;0;0
184194;718;2025;Delantero;12;291;2;6.46;0;1;4;2;49;1;0;1;0;1;25;10;4;0;5;3;0;0;0;0;0;0
266202;718;2025;Mediocentro;19;1226;16;6.49;1;1;24;14;351;8;0;24;4;5;183;63;15;0;62;18;1;1;0;0;0;0
30690;718;2025;Mediocentro;4;92;0;6.38;0;0;2;0;43;1;0;6;3;1;16;7;0;0;1;1;2;0;0;0;0;0
288800;727;2025;Delantero;5;163;1;6.96;1;0;2;1;75;2;0;1;1;2;17;6;3;0;3;1;1;0;0;0;0;0
381197;727;2025;Mediocentro;8;246;2;6.77;1;0;2;1;115;2;0;3;1;4;33;15;0;0;2;0;0;0;0;0;0;0
264470;727;2025;Delantero;0;0;0;0.0;0;0;0;0;0;0;0;0;0;0;0;0;0;0;0;0;0;0;0;0;0;0
182592;727;2025;Defensa;17;925;10;6.65;0;1;1;0;369;2;0;22;7;12;78;46;6;0;2;2;2;0;0;0;0;0
47448;727;2025;Portero;0;0;0;0.0;0;0;0;0;0;0;0;0;0;0;0;0;0;0;0;0;2;0;0;0;0;0
182621;727;2025;Mediocentro;8;364;2;6.59;0;0;3;1;161;0;0;6;1;5;46;18;5;0;5;2;3;0;0;0;0;0
67939;727;2025;Delantero;15;1122;13;6.91;0;2;8;2;441;21;0;22;1;5;168;86;33;0;35;16;4;0;0;0;0;0
47533;727;2025;Defensa;19;1710;19;6.98;2;1;9;2;918;7;40;22;18;19;153;82;9;0;4;2;7;1;0;0;0;0
47566;727;2025;Defensa;4;345;4;7.1;0;1;2;1;139;8;0;14;0;5;58;35;9;0;17;10;1;0;0;0;0;0
47574;727;2025;Mediocentro;16;912;10;6.91;0;0;4;2;632;7;0;12;1;8;80;44;19;0;12;4;1;0;0;0;0;0
332304;727;2025;Defensa;0;0;0;0.0;0;0;0;0;0;0;0;0;0;0;0;0;0;0;0;0;0;0;0;0;0;0
391819;727;2025;Delantero;0;0;0;0.0;0;0;0;0;0;0;0;0;0;0;0;0;0;0;0;0;0;0;0;0;0;0
311972;727;2025;Defensa;0;0;0;0.0;0;0;0;0;0;0;0;0;0;0;0;0;0;0;0;0;0;0;0;0;0;0
338751;727;2025;Delantero;21;1582;19;6.72;3;1;32;17;334;13;0;15;0;4;251;99;31;0;112;48;2;0;0;0;0;0
181259;727;2025;Mediocentro;17;1362;15;6.86;1;0;10;3;400;9;0;30;5;15;126;71;17;0;25;13;5;1;0;0;0;0
37938;727;2025;Delantero;9;171;0;6.58;0;0;1;0;45;2;0;2;0;3;16;3;1;0;2;0;0;0;0;0;0;0
421044;727;2025;Defensa;5;183;2;6.48;0;0;0;0;38;1;0;3;1;2;12;3;0;0;2;0;0;1;0;0;0;0
21701;727;2025;Mediocentro;14;1043;13;6.61;0;1;3;0;425;6;0;20;1;13;102;50;10;0;19;8;2;0;0;0;0;0
279822;727;2025;Defensa;18;1524;17;6.89;1;1;1;1;680;7;0;42;12;9;129;72;3;0;6;3;4;0;0;0;0;0
146751;727;2025;Delantero;20;657;5;6.72;3;0;17;11;146;5;0;11;1;6;108;56;9;0;20;9;1;0;0;0;0;0
429553;727;2025;Mediocentro;0;0;0;0.0;0;0;0;0;0;0;0;0;0;0;0;0;0;0;0;0;0;0;0;0;0;0
46646;727;2025;Portero;21;1890;21;7.31;0;0;0;0;602;0;0;0;0;0;11;10;4;0;0;0;2;0;0;25;77;0
46658;727;2025;Delantero;19;1126;13;6.92;2;4;13;5;437;23;0;29;0;8;144;66;17;0;17;7;2;0;0;0;0;0
46662;727;2025;Mediocentro;20;1733;20;6.92;0;3;7;3;860;25;0;29;3;15;130;56;8;0;10;6;5;0;0;0;0;0
46667;727;2025;Delantero;15;233;1;6.45;0;0;0;0;47;2;0;4;1;0;33;12;4;0;9;2;2;0;0;0;0;0
46746;727;2025;Delantero;20;1565;18;6.85;9;0;49;21;243;8;0;12;3;2;233;103;22;0;12;3;0;0;3;0;0;0
1825;727;2025;Mediocentro;20;1419;19;6.77;0;1;12;4;622;8;0;22;3;18;166;113;20;0;6;4;4;0;0;0;0;0
46967;727;2025;Defensa;12;593;7;6.54;0;0;1;0;203;2;0;4;4;3;22;10;1;0;3;2;0;0;0;0;0;0
348029;727;2025;Portero;0;0;0;0.0;0;0;0;0;0;0;0;0;0;0;0;0;0;0;0;0;0;0;0;0;0;0
47109;728;2025;Mediocentro;18;1181;14;6.85;0;0;7;2;489;2;0;43;6;14;139;72;13;0;4;1;1;1;0;0;0;0
358431;728;2025;Defensa;12;949;11;6.63;1;0;8;2;517;1;0;10;10;11;69;32;6;0;4;3;3;1;0;0;0;0
20520;728;2025;Defensa;9;265;2;6.71;0;0;2;0;144;1;0;5;1;3;25;12;2;0;5;3;2;0;0;0;0;0
52;728;2025;Delantero;13;461;4;6.42;0;0;8;4;127;6;0;2;0;2;47;20;9;0;13;7;2;1;0;0;0;0
47285;728;2025;Mediocentro;16;1038;14;6.81;0;3;8;3;706;22;0;19;3;13;89;41;8;0;9;7;6;0;0;0;0;0
47414;728;2025;Mediocentro;14;361;3;6.58;0;1;4;3;166;7;0;9;1;2;47;20;3;0;5;4;2;0;0;0;0;0
47543;728;2025;Mediocentro;21;1505;17;6.66;3;2;24;12;387;27;0;19;2;9;95;35;6;0;9;2;2;0;0;0;0;0
47557;728;2025;Mediocentro;5;52;0;6.54;0;0;1;1;57;3;0;1;0;0;9;3;2;0;1;0;2;0;0;0;0;0
18895;728;2025;Defensa;21;1881;21;6.83;0;0;23;7;1279;9;53;37;17;23;165;88;5;0;7;5;3;0;0;0;0;0
131546;728;2025;Mediocentro;20;1506;18;6.7;2;3;25;11;584;24;0;15;5;1;180;83;36;0;35;19;6;0;2;0;0;0
41552;728;2025;Mediocentro;15;1058;11;7.11;1;0;8;6;694;6;41;31;8;15;101;55;4;0;8;4;4;1;0;0;0;0
314006;728;2025;Defensa;6;244;1;6.25;0;0;1;0;136;2;0;4;3;3;12;6;2;0;1;0;0;0;0;0;0;0
285505;728;2025;Portero;0;0;0;0.0;0;0;0;0;0;0;0;0;0;0;0;0;0;0;0;0;0;0;0;0;0;0
156488;728;2025;Portero;0;0;0;0.0;0;0;0;0;0;0;0;0;0;0;0;0;0;0;0;0;0;0;0;0;0;0
478243;728;2025;Defensa;0;0;0;0.0;0;0;0;0;0;0;0;0;0;0;0;0;0;0;0;0;0;0;0;0;0;0
478244;728;2025;Portero;0;0;0;0.0;0;0;0;0;0;0;0;0;0;0;0;0;0;0;0;0;0;0;0;0;0;0
11379;728;2025;Portero;21;1890;21;7.04;0;0;0;0;760;2;0;1;0;0;14;12;3;0;3;3;3;0;0;28;58;0
162931;728;2025;Mediocentro;18;714;5;6.54;1;0;8;5;194;11;0;9;1;2;67;25;7;0;14;8;2;0;0;0;0;0
324750;728;2025;Mediocentro;3;192;3;6.57;0;0;2;0;56;1;0;5;1;0;28;13;3;0;2;1;1;0;0;0;0;0
439633;728;2025;Mediocentro;3;11;0;6.6;0;0;0;0;12;1;0;0;0;0;1;0;0;0;0;0;0;0;0;0;0;0
181734;728;2025;Defensa;21;1822;20;6.81;1;2;8;2;891;15;0;35;12;24;173;95;29;0;29;12;4;0;0;0;0;0
333292;728;2025;Defensa;1;45;0;6.5;0;0;1;0;35;0;0;1;0;0;8;4;0;0;0;0;0;0;0;0;0;0
128582;728;2025;Delantero;19;1401;19;7.06;6;1;25;14;234;17;0;20;0;4;158;68;23;0;32;14;2;0;0;0;0;0
91745;728;2025;Delantero;13;636;6;6.49;1;0;10;6;103;4;0;4;2;1;76;31;14;0;5;3;1;0;0;0;0;0
1703;728;2025;Defensa;18;1568;18;6.78;0;1;17;6;740;19;0;38;2;23;198;95;13;0;69;33;6;0;0;0;0;0
46759;728;2025;Defensa;15;548;5;6.65;1;0;6;4;246;5;0;16;0;2;83;40;11;0;9;4;0;0;0;0;0;0
122657;728;2025;Mediocentro;6;82;0;6.52;0;0;1;0;27;1;0;2;1;0;17;11;2;0;1;1;0;0;0;0;0;0
46887;728;2025;Mediocentro;18;1086;13;6.52;0;0;16;4;456;16;0;23;0;2;97;45;6;0;12;5;1;0;0;0;0;0
1847;728;2025;Defensa;7;289;5;6.59;0;0;2;1;170;0;0;5;1;5;16;8;0;0;0;0;1;0;0;0;0;0
290740;728;2025;Delantero;1;45;0;6.6;0;0;1;0;14;0;0;4;0;0;16;8;3;0;3;1;0;0;0;0;0;0
2063;797;2025;Delantero;15;797;9;6.79;4;0;16;8;231;14;0;4;1;2;108;42;17;0;17;11;1;0;0;0;0;0
307224;797;2025;Delantero;0;0;0;0.0;0;0;0;0;0;0;0;0;0;0;0;0;0;0;0;0;0;0;0;0;0;0
311345;797;2025;Mediocentro;6;73;0;6.55;0;0;0;0;24;0;0;1;0;3;5;4;2;0;0;0;0;0;0;0;0;0
126;797;2025;Portero;14;1260;14;7.35;0;0;0;0;753;2;40;0;0;0;4;2;1;0;0;0;0;0;0;22;51;0
161963;797;2025;Delantero;20;1532;18;7.01;4;2;10;7;670;23;0;36;6;8;187;102;41;0;44;20;2;0;0;0;0;0
315604;797;2025;Portero;0;0;0;0.0;0;0;0;0;0;0;0;0;0;0;0;0;0;0;0;0;0;0;0;0;0;0
47329;797;2025;Mediocentro;13;601;5;6.59;1;1;5;2;258;15;0;23;1;9;79;35;5;0;15;3;4;0;0;0;0;0
162058;797;2025;Defensa;15;1137;12;6.93;0;0;3;0;797;2;47;34;9;11;101;62;8;0;5;3;6;0;0;0;0;0
47378;797;2025;Defensa;15;1223;15;7.02;0;2;4;1;991;8;59;24;9;19;97;62;12;0;5;3;2;0;0;0;0;0
635179;797;2025;Delantero;1;14;0;6.7;0;1;0;0;6;1;0;1;0;0;3;1;0;0;2;0;0;0;0;0;0;0
508284;797;2025;Mediocentro;0;0;0;0.0;0;0;0;0;0;0;0;0;0;0;0;0;0;0;0;0;0;0;0;0;0;0
182661;797;2025;Defensa;19;1652;19;6.97;0;2;1;0;989;21;47;24;6;16;123;64;17;0;22;14;2;0;0;0;0;0
18821;797;2025;Delantero;11;470;7;6.58;1;0;2;1;153;5;0;5;3;3;60;24;11;0;15;4;1;0;0;0;0;0
119223;797;2025;Delantero;2;50;0;6.65;0;0;0;0;15;1;0;4;0;0;9;7;1;0;0;0;0;0;0;0;0;0
8746;797;2025;Defensa;4;107;1;6.18;0;0;0;0;62;0;0;0;0;1;15;5;3;0;0;0;1;0;0;0;0;0
187318;797;2025;Mediocentro;20;1426;17;6.8;0;1;0;0;765;2;0;31;15;31;80;51;15;0;0;0;1;0;0;0;0;0
439293;797;2025;Delantero;5;75;0;6.85;1;0;2;1;31;1;0;3;0;0;13;6;1;0;2;1;0;0;0;0;0;0
580677;797;2025;Defensa;0;0;0;0.0;0;0;0;0;0;0;0;0;0;0;0;0;0;0;0;0;0;0;0;0;0;0
11346;797;2025;Portero;7;630;7;7.56;0;0;0;0;411;2;44;0;0;0;5;4;2;0;0;0;1;0;0;7;18;0
343202;797;2025;Delantero;18;1091;12;7.05;4;4;34;14;272;19;0;7;1;1;228;116;30;0;42;23;0;0;0;0;0;0
271580;797;2025;Mediocentro;17;982;11;6.88;2;4;10;4;448;17;0;13;1;2;91;39;5;0;26;17;1;0;0;0;0;0
439640;797;2025;Defensa;0;0;0;0.0;0;0;0;0;0;0;0;0;0;0;0;0;0;0;0;0;0;0;0;0;0;0
341371;797;2025;Delantero;15;700;5;6.6;1;0;5;2;362;9;0;10;0;3;97;36;13;0;23;11;3;0;0;0;0;0
189866;797;2025;Defensa;11;310;3;6.66;1;0;3;2;139;0;0;8;1;2;37;18;4;0;5;2;1;0;0;0;0;0
157146;797;2025;Defensa;18;789;8;6.54;0;0;2;0;460;2;0;18;5;6;64;37;1;0;4;2;1;0;0;0;0;0
46711;797;2025;Mediocentro;21;1880;21;7.22;2;1;11;7;1239;17;53;42;1;12;243;145;66;0;54;36;5;0;0;0;0;0
126640;797;2025;Defensa;20;1652;18;6.88;0;0;5;1;1141;5;50;40;16;31;154;98;20;0;5;5;4;1;0;0;0;0
46771;797;2025;Defensa;1;25;0;6.7;0;0;0;0;13;0;0;0;0;0;1;0;0;0;0;0;0;0;0;0;0;0
448243;797;2025;Mediocentro;2;125;2;6.4;0;0;1;0;53;0;0;4;0;1;22;7;2;0;3;1;0;0;0;0;0;0
284415;797;2025;Delantero;7;266;3;6.39;0;0;0;0;100;2;0;2;0;1;29;10;2;0;10;4;1;0;0;0;0;0
386859;797;2025;Defensa;9;328;5;6.76;1;2;5;4;115;4;0;8;1;5;44;21;0;0;16;8;0;0;0;0;0;0
497515;797;2025;Defensa;0;0;0;0.0;0;0;0;0;0;0;0;0;0;0;0;0;0;0;0;0;0;0;0;0;0;0
46973;797;2025;Mediocentro;12;423;4;6.75;0;2;2;1;166;11;0;7;1;1;33;16;4;0;10;5;2;0;0;0;0;0
47013;797;2025;Delantero;18;1314;15;6.73;6;0;43;24;327;6;0;9;1;5;128;40;12;0;18;5;1;0;0;0;0;0
190485;798;2025;Mediocentro;18;1363;15;6.94;3;0;15;8;643;8;0;31;6;13;229;118;36;0;26;8;7;0;0;0;0;0
30924;798;2025;Defensa;7;420;5;6.59;0;0;3;0;287;1;0;3;2;2;28;20;5;0;1;1;1;0;0;0;0;0
47336;798;2025;Mediocentro;21;1476;17;6.85;0;2;19;6;597;29;0;15;4;13;113;64;19;0;41;25;3;0;0;0;0;0
47399;798;2025;Portero;0;0;0;0.0;0;0;0;0;0;0;0;0;0;0;0;0;0;0;0;0;0;0;0;0;0;0
414;798;2025;Mediocentro;14;934;10;6.88;1;1;1;1;419;5;0;21;7;15;79;43;6;0;3;2;2;0;0;0;0;0
551463;798;2025;Defensa;0;0;0;0.0;0;0;0;0;0;0;0;0;0;0;0;0;0;0;0;0;0;0;0;0;0;0
297646;798;2025;Mediocentro;0;0;0;0.0;0;0;0;0;0;0;0;0;0;0;0;0;0;0;0;0;0;0;0;0;0;0
107194;798;2025;Mediocentro;17;707;7;6.56;0;0;3;1;239;5;0;7;1;7;66;23;7;0;11;5;3;0;0;0;0;0
293604;798;2025;Delantero;11;164;1;6.51;0;0;3;1;40;1;0;3;0;0;19;7;2;0;5;1;0;0;0;0;0;0
64268;798;2025;Defensa;21;1597;17;6.77;0;3;11;2;713;21;0;41;2;9;157;82;18;0;28;11;3;0;0;0;0;0
25375;798;2025;Mediocentro;14;446;5;6.56;1;0;8;2;71;2;0;3;0;1;53;19;10;0;9;2;2;0;0;0;0;0
50048;798;2025;Delantero;20;1631;19;7.24;14;0;48;30;369;8;0;2;1;2;249;138;35;0;19;12;1;1;4;0;0;0
920;798;2025;Defensa;6;309;4;6.44;0;1;0;0;95;3;0;7;3;4;26;9;0;0;2;1;1;0;0;0;0;0
179139;798;2025;Portero;16;1440;16;7.12;0;0;0;0;481;0;0;1;0;1;4;3;1;0;0;0;2;0;0;26;56;1
181210;798;2025;Portero;0;0;0;0.0;0;0;0;0;0;0;0;0;0;0;0;0;0;0;0;0;0;0;0;0;0;0
482473;798;2025;Delantero;7;218;2;6.59;0;1;1;0;32;2;0;3;0;0;20;9;3;0;4;1;0;0;0;0;0;0
285909;798;2025;Mediocentro;19;722;7;6.58;0;2;4;3;350;19;0;5;2;5;86;32;20;0;11;4;2;0;0;0;0;0
152955;798;2025;Portero;5;450;5;7.1;0;0;0;0;145;0;0;0;0;0;6;5;0;0;0;0;1;0;0;7;15;0
462277;798;2025;Defensa;0;0;0;0.0;0;0;0;0;0;0;0;0;0;0;0;0;0;0;0;0;0;0;0;0;0;0
405074;798;2025;Delantero;0;0;0;0.0;0;0;0;0;0;0;0;0;0;0;0;0;0;0;0;0;0;0;0;0;0;0
46733;798;2025;Defensa;18;1620;18;6.87;0;1;9;1;842;6;40;18;25;14;135;83;11;0;0;0;2;0;0;0;0;0
46738;798;2025;Defensa;21;1890;21;6.6;0;0;10;6;917;1;0;27;11;11;113;66;8;0;5;4;2;0;0;0;0;0
46742;798;2025;Mediocentro;2;68;0;6.6;0;0;0;0;18;1;0;2;0;0;15;7;3;0;1;1;0;0;0;0;0;0
46751;798;2025;Delantero;8;88;0;6.5;0;0;1;1;14;2;0;0;0;0;14;5;2;0;1;1;0;0;0;0;0;0
1701;798;2025;Mediocentro;15;897;12;6.75;1;0;3;1;426;9;0;33;1;11;89;52;7;0;6;4;2;0;0;0;0;0
26302;798;2025;Defensa;16;1356;15;6.81;1;0;2;1;459;6;0;36;12;19;144;91;12;0;32;22;5;0;0;0;0;0
313059;798;2025;Delantero;20;1254;14;6.65;2;1;21;10;217;9;0;21;3;7;152;58;20;0;24;11;2;0;0;0;0;0
491248;798;2025;Delantero;16;1055;12;6.53;0;4;11;7;256;22;0;7;2;4;161;61;16;0;73;31;0;0;0;0;0;0
411424;798;2025;Mediocentro;2;17;0;6.75;0;0;0;0;10;0;0;0;0;0;4;3;1;0;1;1;0;0;0;0;0;0
335697;798;2025;Defensa;2;152;2;5.95;0;0;0;0;60;0;0;1;2;1;17;8;3;0;0;0;1;0;0;0;0;0
108519;798;2025;Defensa;13;569;7;6.51;1;0;3;2;181;3;0;14;2;6;68;28;7;0;6;4;2;0;0;0;0;0
