id_jugador;nombre;id_equipo;posicion;temporada_base;temporada_objetivo;minutos;nota_media;score_temporada_base;score_real_temporada_siguiente;clase_real_temporada_siguiente;prediccion_randomforest;prediccion_svm;prediccion_mlp;probabilidad_bajo;probabilidad_medio;probabilidad_alto;modelo_recomendado
31;José María Giménez;530;Defensa;2015;2016;2430;7.118518;72.49;77.59;ALTO;ALTO;MEDIO;MEDIO;0.1618;0.3183;0.5198;RandomForest
32;Diego Godín;530;Defensa;2015;2016;2651;7.396774;79.68;81.49;ALTO;ALTO;ALTO;ALTO;0.0964;0.2225;0.681;RandomForest
33;Lucas Hernández;530;Defensa;2015;2016;834;7.089999999999999;63.89;55.96;MEDIO;MEDIO;BAJO;BAJO;0.2865;0.5493;0.1642;RandomForest
34;Filipe Luís;530;Defensa;2015;2016;2834;7.328125;85.66;88.07;ALTO;ALTO;ALTO;ALTO;0.0719;0.1222;0.8059;RandomForest
39;Stefan Savić;530;Defensa;2015;2016;925;7.081818;58.82;62.31;MEDIO;MEDIO;BAJO;MEDIO;0.3516;0.4932;0.1553;RandomForest
41;Juanfran;530;Defensa;2015;2016;3030;6.94;68.59;59.95;MEDIO;MEDIO;MEDIO;MEDIO;0.1802;0.4968;0.323;RandomForest
128;Jordi Alba;529;Defensa;2015;2016;2591;7.02258;65.81;58.85;MEDIO;MEDIO;ALTO;MEDIO;0.0938;0.5503;0.3559;RandomForest
136;Gerard Piqué;529;Defensa;2015;2016;2592;7.116666000000001;74.8;79.71;ALTO;ALTO;ALTO;ALTO;0.0789;0.1804;0.7407;RandomForest
140;Thomas Vermaelen;529;Defensa;2015;2016;506;7.01;63.64;;;MEDIO;MEDIO;MEDIO;0.3622;0.447;0.1908;RandomForest
256;Dani Alves;529;Defensa;2015;2016;2147;7.003448;70.92;;;ALTO;ALTO;ALTO;0.1338;0.3428;0.5234;RandomForest
373;Pepe;541;Defensa;2015;2016;1887;7.180952;78.72;77.86;ALTO;ALTO;ALTO;ALTO;0.0959;0.1989;0.7051;RandomForest
434;Mariano;536;Defensa;2015;2016;1685;6.890909;61.28;62.11;MEDIO;MEDIO;MEDIO;BAJO;0.2738;0.4848;0.2414;RandomForest
618;Danilo;541;Defensa;2015;2016;2044;7.2;83.46;82.21;ALTO;ALTO;ALTO;ALTO;0.0572;0.1385;0.8043;RandomForest
622;Aymeric Laporte;531;Defensa;2015;2016;2213;7.046153;76.49;72.15;ALTO;ALTO;ALTO;ALTO;0.0941;0.2154;0.6906;RandomForest
733;Daniel Carvajal;541;Defensa;2015;2016;1638;6.990476;70.24;74.54;ALTO;ALTO;ALTO;ALTO;0.1062;0.2291;0.6647;RandomForest
735;Nacho Fernández;541;Defensa;2015;2016;1153;6.925;62.54;67.63;ALTO;ALTO;MEDIO;ALTO;0.3266;0.3316;0.3418;RandomForest
738;Sergio Ramos;541;Defensa;2015;2016;1946;7.243478;78.4;82.42;ALTO;ALTO;ALTO;MEDIO;0.0757;0.2056;0.7187;RandomForest
742;Raphaël Varane;541;Defensa;2015;2016;2180;7.003846;66.22;71.09;ALTO;ALTO;MEDIO;ALTO;0.1738;0.2639;0.5624;RandomForest
743;Marcelo;541;Defensa;2015;2016;2473;7.206896000000001;83.47;74.71;ALTO;ALTO;ALTO;ALTO;0.0131;0.0492;0.9377;RandomForest
757;Lucas Vázquez;541;Defensa;2015;2016;1227;7.130434;81.7;62.09;MEDIO;MEDIO;ALTO;MEDIO;0.0898;0.4578;0.4524;RandomForest
768;Federico Fazio;536;Defensa;2015;2016;295;6.425;25.77;;;BAJO;BAJO;BAJO;0.6419;0.2384;0.1196;RandomForest
855;João Cancelo;532;Defensa;2015;2016;2120;6.864285;68.83;63.72;MEDIO;MEDIO;MEDIO;MEDIO;0.1996;0.5645;0.2359;RandomForest
885;Eric Bailly;533;Defensa;2015;2016;2026;6.9;63.09;;;MEDIO;MEDIO;MEDIO;0.304;0.4613;0.2347;RandomForest
918;José Luis Gayà;532;Defensa;2015;2016;1441;6.789473;50.8;66.37;MEDIO;MEDIO;MEDIO;MEDIO;0.3054;0.513;0.1815;RandomForest
921;Cristiano Piccini;543;Defensa;2015;2016;1421;6.7375;62.11;47.65;BAJO;MEDIO;MEDIO;BAJO;0.3243;0.3982;0.2775;RandomForest
1028;Mikel González;548;Defensa;2015;2016;1552;6.989473;58.91;52.72;MEDIO;MEDIO;BAJO;MEDIO;0.3939;0.4062;0.2;RandomForest
1419;Ognjen Vranješ;731;Defensa;2015;2016;916;6.827272;55.04;;;MEDIO;MEDIO;MEDIO;0.3275;0.4678;0.2046;RandomForest
1448;Shkodran Mustafi;532;Defensa;2015;2016;2682;7.283333000000001;77.24;31.46;;ALTO;ALTO;ALTO;0.0809;0.2251;0.694;RandomForest
1480;Jérémy Mathieu;529;Defensa;2015;2016;1260;6.825;56.98;62.23;MEDIO;BAJO;BAJO;BAJO;0.4406;0.3917;0.1677;RandomForest
1560;Antonio Barragán;532;Defensa;2015;2016;1660;6.608333;40.16;;;BAJO;BAJO;MEDIO;0.5181;0.343;0.1389;RandomForest
1561;Marc Bartra;529;Defensa;2015;2016;496;6.961538;65.44;;;MEDIO;MEDIO;BAJO;0.2862;0.4384;0.2754;RandomForest
1562;Sidnei;544;Defensa;2015;2016;0;;55.63;56.23;MEDIO;MEDIO;MEDIO;MEDIO;0.2357;0.5444;0.2199;RandomForest
1563;Zouhair Feddal;539;Defensa;2015;2016;2520;6.935714;65.95;67.98;ALTO;ALTO;ALTO;ALTO;0.1878;0.3425;0.4697;RandomForest
1630;Mateo Musacchio;533;Defensa;2015;2016;1010;7.092307;66.4;56.38;MEDIO;MEDIO;MEDIO;MEDIO;0.324;0.5223;0.1537;RandomForest
1685;Daniele Bonera;533;Defensa;2015;2016;973;6.75;41.16;50.88;BAJO;BAJO;BAJO;BAJO;0.5896;0.2836;0.1268;RandomForest
1687;Jaume Costa;533;Defensa;2015;2016;1538;6.922222;62.9;73.07;ALTO;ALTO;MEDIO;ALTO;0.2333;0.3545;0.4122;RandomForest
1689;Álvaro González;540;Defensa;2015;2016;3227;6.816665999999999;57.35;22.13;BAJO;MEDIO;BAJO;BAJO;0.3813;0.4035;0.2152;RandomForest
1691;Mario Gaspar;533;Defensa;2015;2016;2874;6.933333;63.47;73.78;ALTO;ALTO;MEDIO;MEDIO;0.1839;0.3462;0.4699;RandomForest
1693;Víctor Ruiz;533;Defensa;2015;2016;2988;6.945714;61.56;62.27;MEDIO;MEDIO;MEDIO;MEDIO;0.1478;0.5094;0.3428;RandomForest
1702;Alfonso Pedraza;533;Defensa;2015;2016;107;6.3;21.84;;;BAJO;BAJO;BAJO;0.6229;0.261;0.1162;RandomForest
1899;Aymen Abdennour;532;Defensa;2015;2016;1853;6.942857;65.21;40.54;BAJO;BAJO;MEDIO;BAJO;0.3583;0.3423;0.2994;RandomForest
1906;Adil Rami;536;Defensa;2015;2016;2427;6.875;53.34;57.46;MEDIO;BAJO;BAJO;BAJO;0.4288;0.4096;0.1616;RandomForest
1977;Adriano;529;Defensa;2015;2016;431;6.9;52.76;;;MEDIO;MEDIO;MEDIO;0.3732;0.4103;0.2165;RandomForest
1983;Enzo Roco;540;Defensa;2015;2016;2460;6.6;39.75;;;BAJO;BAJO;BAJO;0.5226;0.3492;0.1282;RandomForest
2040;Sergio Escudero;536;Defensa;2015;2016;1172;6.9;71.95;80.82;ALTO;ALTO;ALTO;ALTO;0.1754;0.3918;0.4328;RandomForest
2042;Sergi Gómez;538;Defensa;2015;2016;2615;6.843333000000001;54.08;51.02;MEDIO;MEDIO;MEDIO;MEDIO;0.2716;0.5614;0.167;RandomForest
2043;Daniel Carriço;536;Defensa;2015;2016;1049;6.828571;52.07;25.31;BAJO;BAJO;BAJO;BAJO;0.5087;0.3547;0.1366;RandomForest
2047;Aleix Vidal;529;Defensa;2015;2016;543;6.822222;46.29;68.93;ALTO;MEDIO;BAJO;MEDIO;0.3549;0.3768;0.2683;RandomForest
2128;Miguel Lopes;715;Defensa;2015;2016;1972;6.923076;68.6;;;MEDIO;MEDIO;MEDIO;0.2317;0.437;0.3313;RandomForest
2230;Antonio Rukavina;533;Defensa;2015;2016;1346;6.711111;40.45;25.3;;BAJO;BAJO;BAJO;0.6388;0.2617;0.0995;RandomForest
2304;Yegor Filipenko;535;Defensa;2015;2016;562;6.95;48.6;;;BAJO;BAJO;MEDIO;0.4524;0.4072;0.1405;RandomForest
2358;José Ángel Crespo;728;Defensa;2015;2016;718;6.833333;50.95;;;BAJO;BAJO;BAJO;0.5367;0.3271;0.1363;RandomForest
2444;Roberto Rosales;535;Defensa;2015;2016;3071;6.973528999999999;70.62;64.78;MEDIO;MEDIO;MEDIO;MEDIO;0.1095;0.4727;0.4178;RandomForest
2469;Germán Pezzella;543;Defensa;2015;2016;2165;7.064;70.35;64.76;MEDIO;MEDIO;MEDIO;MEDIO;0.1211;0.5459;0.333;RandomForest
2552;Igor Lichnovsky;731;Defensa;2015;2016;180;6.3;19.72;;;BAJO;BAJO;BAJO;0.6205;0.2661;0.1134;RandomForest
2670;Iñigo Martínez;548;Defensa;2015;2016;2700;7.026666;69.66;77.31;ALTO;ALTO;ALTO;MEDIO;0.0989;0.2861;0.615;RandomForest
2875;Diego Reyes;548;Defensa;2015;2016;2313;7.211111;78.18;67.67;ALTO;ALTO;ALTO;MEDIO;0.0837;0.2727;0.6435;RandomForest
3170;Carl Medjani;539;Defensa;2015;2016;1260;6.85;56.04;28.87;BAJO;BAJO;BAJO;BAJO;0.5373;0.3257;0.137;RandomForest
5907;Lucas Orbán;532;Defensa;2015;2016;793;5.533333;21.67;;;BAJO;BAJO;BAJO;0.674;0.228;0.098;RandomForest
13073;Javier Mascherano;529;Defensa;2015;2016;2694;7.290625000000001;76.73;73.63;ALTO;ALTO;ALTO;ALTO;0.0803;0.205;0.7146;RandomForest
15510;Borja Ekiza;545;Defensa;2015;2016;189;6.2;18.68;;;BAJO;BAJO;BAJO;0.6269;0.258;0.1152;RandomForest
18740;Jonny Otto;538;Defensa;2015;2016;2960;6.772221999999999;61.21;60.56;MEDIO;MEDIO;MEDIO;MEDIO;0.2186;0.5461;0.2352;RandomForest
18965;Martín Montoya;543;Defensa;2015;2016;1167;6.907692;66.94;64.36;MEDIO;MEDIO;ALTO;BAJO;0.1504;0.5826;0.267;RandomForest
22086;Timothée Kolodziejczak;536;Defensa;2015;2016;2384;6.827586;53.23;49.21;;BAJO;MEDIO;MEDIO;0.4286;0.3789;0.1925;RandomForest
24793;Jorge Meré;731;Defensa;2015;2016;2174;6.84;56.95;56.91;MEDIO;MEDIO;MEDIO;MEDIO;0.35;0.484;0.166;RandomForest
30396;Cristiano Biraghi;715;Defensa;2015;2016;2822;6.65625;44.83;;;BAJO;MEDIO;MEDIO;0.4226;0.3996;0.1778;RandomForest
30524;Mauricio Lemos;534;Defensa;2015;2016;736;6.81;49.67;74.81;ALTO;BAJO;BAJO;BAJO;0.4799;0.3147;0.2055;RandomForest
30735;Marco Andreolli;536;Defensa;2015;2016;555;6.742857;35.27;;;BAJO;BAJO;BAJO;0.6033;0.2734;0.1233;RandomForest
33361;Simao Mate;539;Defensa;2015;2016;2180;6.7;53.74;;;MEDIO;MEDIO;BAJO;0.3684;0.4358;0.1958;RandomForest
35777;Doria;715;Defensa;2015;2016;624;6.4125;23.55;;;BAJO;BAJO;MEDIO;0.6158;0.2619;0.1223;RandomForest
35903;Alejandro Arribas;544;Defensa;2015;2016;2737;6.848386999999999;61.7;57.1;MEDIO;MEDIO;MEDIO;MEDIO;0.1961;0.562;0.2419;RandomForest
36834;Nacho Monsalve;530;Defensa;2015;2016;90;6.7;24.51;;;BAJO;BAJO;MEDIO;0.5995;0.2556;0.1449;RandomForest
41098;Diogo Figueiras;536;Defensa;2015;2016;279;6.625;27.46;;;BAJO;BAJO;BAJO;0.567;0.2916;0.1414;RandomForest
41642;Zé Castro;728;Defensa;2015;2016;1720;6.8363629999999995;63.74;;;MEDIO;MEDIO;MEDIO;0.2979;0.4021;0.3;RandomForest
44419;Aderllan Santos;532;Defensa;2015;2016;1520;7.111764;70.29;54.19;MEDIO;MEDIO;MEDIO;BAJO;0.2315;0.4991;0.2694;RandomForest
44423;Alexis Ruano;546;Defensa;2015;2016;1350;6.933333;63.43;42.74;BAJO;BAJO;MEDIO;BAJO;0.5324;0.2957;0.1719;RandomForest
46650;Lillo Castellano;545;Defensa;2015;2016;549;6.622222;36.2;39.3;BAJO;BAJO;BAJO;BAJO;0.5893;0.2993;0.1114;RandomForest
46679;Quini;728;Defensa;2015;2016;2047;6.773076;56.51;;;MEDIO;MEDIO;MEDIO;0.3055;0.4544;0.2401;RandomForest
46733;Antonio Raíllo;540;Defensa;2015;2016;360;6.95;46.41;;;BAJO;BAJO;MEDIO;0.4804;0.3504;0.1693;RandomForest
46735;Salvador Ruiz;715;Defensa;2015;2016;74;5.75;13.55;;;BAJO;BAJO;BAJO;0.6389;0.2404;0.1207;RandomForest
46756;David Carmona;536;Defensa;2015;2016;90;6.7;23.96;;;BAJO;BAJO;BAJO;0.5843;0.2922;0.1235;RandomForest
46757;Róber;540;Defensa;2015;2016;468;6.428571;28.79;;;BAJO;BAJO;BAJO;0.6419;0.2501;0.1079;RandomForest
46763;Matos;536;Defensa;2015;2016;90;6.2;13.45;;;BAJO;BAJO;BAJO;0.6494;0.2384;0.1123;RandomForest
46765;Aleksandar Pantić;545;Defensa;2015;2016;1677;6.725;44.28;28.42;;BAJO;BAJO;BAJO;0.4618;0.4005;0.1377;RandomForest
46786;Eneko Bóveda;531;Defensa;2015;2016;1462;6.872727;60.82;64.75;MEDIO;MEDIO;MEDIO;MEDIO;0.2978;0.4617;0.2405;RandomForest
46793;David Simón;534;Defensa;2015;2016;2261;6.644444;51.8;57.95;MEDIO;MEDIO;MEDIO;MEDIO;0.3357;0.4461;0.2182;RandomForest
46817;Diego González;536;Defensa;2015;2016;107;6.75;34.06;25.17;;BAJO;BAJO;BAJO;0.6028;0.241;0.1561;RandomForest
46818;Luis Hernández;731;Defensa;2015;2016;3224;7.008333;66.25;74.95;ALTO;ALTO;MEDIO;MEDIO;0.1204;0.3389;0.5407;RandomForest
46819;Juankar;535;Defensa;2015;2016;1247;6.788235;57.94;63.89;MEDIO;MEDIO;MEDIO;MEDIO;0.3797;0.4455;0.1748;RandomForest
46820;Federico Ricca;535;Defensa;2015;2016;640;7.2;69.0;46.61;BAJO;BAJO;MEDIO;BAJO;0.4746;0.3596;0.1659;RandomForest
46822;David Lombán;715;Defensa;2015;2016;2625;6.72;42.92;43.63;BAJO;BAJO;MEDIO;BAJO;0.5499;0.3245;0.1256;RandomForest
46823;Miguel Torres;535;Defensa;2015;2016;1959;6.873913;51.52;35.9;BAJO;BAJO;BAJO;BAJO;0.5244;0.3158;0.1599;RandomForest
46852;Carlos Martínez;548;Defensa;2015;2016;536;7.15;70.52;73.3;ALTO;ALTO;MEDIO;ALTO;0.2838;0.2777;0.4385;RandomForest
46874;Jean-Sylvain Babin;715;Defensa;2015;2016;2236;6.924;56.82;52.52;MEDIO;MEDIO;MEDIO;MEDIO;0.3075;0.511;0.1815;RandomForest
46875;Roberto Canella;731;Defensa;2015;2016;705;6.488888;34.15;50.51;BAJO;BAJO;BAJO;BAJO;0.6674;0.2328;0.0998;RandomForest
46878;Javier Noblejas;546;Defensa;2015;2016;90;6.2;13.66;;;BAJO;BAJO;BAJO;0.6603;0.2285;0.1112;RandomForest
46880;Francisco Molinero;543;Defensa;2015;2016;1192;6.436842;35.34;;;BAJO;BAJO;BAJO;0.6481;0.2542;0.0977;RandomForest
46915;Angel Trujillo;539;Defensa;2015;2016;668;6.5874999999999995;29.83;;;BAJO;BAJO;BAJO;0.6268;0.2682;0.1049;RandomForest
46945;Laure;544;Defensa;2015;2016;1546;6.573913;35.5;27.58;;BAJO;BAJO;BAJO;0.6229;0.28;0.0971;RandomForest
46991;Aythami Artiles;534;Defensa;2015;2016;2643;7.009677;68.8;38.16;BAJO;ALTO;ALTO;MEDIO;0.2174;0.3477;0.4349;RandomForest
46992;Dani Castellano;534;Defensa;2015;2016;2246;6.892592;69.25;61.2;MEDIO;MEDIO;MEDIO;MEDIO;0.178;0.5744;0.2476;RandomForest
46994;Alberto de la Bella;548;Defensa;2015;2016;1248;6.886666;58.74;;;MEDIO;MEDIO;BAJO;0.2722;0.4435;0.2843;RandomForest
46995;David García;534;Defensa;2015;2016;1609;7.063157;73.44;59.61;MEDIO;MEDIO;MEDIO;MEDIO;0.1644;0.4864;0.3492;RandomForest
46998;Juan Cala;546;Defensa;2015;2016;1910;6.968181;67.44;;;ALTO;MEDIO;MEDIO;0.2507;0.3372;0.412;RandomForest
47049;Dorado;728;Defensa;2015;2016;467;6.5;35.3;;;BAJO;BAJO;BAJO;0.5564;0.3031;0.1405;RandomForest
47050;Alberto Guitian;731;Defensa;2015;2016;90;6.7;23.32;;;BAJO;BAJO;BAJO;0.603;0.2784;0.1186;RandomForest
47073;Mauro Dos Santos;545;Defensa;2015;2016;2682;6.716666;53.16;33.41;BAJO;BAJO;MEDIO;BAJO;0.4455;0.3776;0.1769;RandomForest
47074;Héctor Hernández;548;Defensa;2015;2016;395;6.588888;32.39;30.05;BAJO;BAJO;BAJO;BAJO;0.6048;0.2766;0.1186;RandomForest
47076;Isma López;731;Defensa;2015;2016;2502;6.690322;48.57;33.07;BAJO;BAJO;BAJO;BAJO;0.4804;0.3586;0.161;RandomForest
47104;Francisco Varela;543;Defensa;2015;2016;909;6.715384;43.82;;;BAJO;BAJO;MEDIO;0.5164;0.3479;0.1357;RandomForest
47171;Juan Muñiz;731;Defensa;2015;2016;57;6.65;28.57;;;BAJO;BAJO;BAJO;0.5887;0.2678;0.1436;RandomForest
47191;Álex Menéndez;731;Defensa;2015;2016;1033;6.6;45.56;;;BAJO;BAJO;BAJO;0.5747;0.3274;0.0979;RandomForest
47219;Ivan Lopez;539;Defensa;2015;2016;957;6.646153;46.54;;;BAJO;BAJO;MEDIO;0.5813;0.2988;0.1198;RandomForest
47251;Dimitri Foulquier;715;Defensa;2015;2016;1525;6.566666;45.56;37.61;BAJO;BAJO;BAJO;BAJO;0.6241;0.2682;0.1078;RandomForest
47252;Bruno González;543;Defensa;2015;2016;2807;7.03125;70.36;61.61;MEDIO;MEDIO;MEDIO;MEDIO;0.1588;0.5007;0.3405;RandomForest
47257;Damián Suárez;546;Defensa;2015;2016;2635;6.6774189999999995;49.21;;;MEDIO;MEDIO;MEDIO;0.3381;0.436;0.2259;RandomForest
47272;Mikel Balenziaga;531;Defensa;2015;2016;2906;6.829411;57.31;51.43;MEDIO;MEDIO;MEDIO;MEDIO;0.2685;0.537;0.1945;RandomForest
47273;Yuri Berchiche;548;Defensa;2015;2016;1849;7.009523;77.77;67.46;ALTO;ALTO;ALTO;ALTO;0.1256;0.3142;0.5602;RandomForest
47274;Ander Capa;545;Defensa;2015;2016;3120;6.822857;64.25;57.99;MEDIO;MEDIO;MEDIO;MEDIO;0.1999;0.572;0.2281;RandomForest
47275;Óscar de Marcos;531;Defensa;2015;2016;2886;6.882352;64.69;52.41;MEDIO;MEDIO;MEDIO;MEDIO;0.2051;0.5665;0.2284;RandomForest
47276;Íñigo Lekue;531;Defensa;2015;2016;1157;6.768421;53.63;53.9;MEDIO;MEDIO;MEDIO;MEDIO;0.4083;0.438;0.1536;RandomForest
47298;Aritz Elustondo;548;Defensa;2015;2016;2600;6.922579999999999;64.82;23.85;BAJO;MEDIO;MEDIO;ALTO;0.3238;0.3653;0.3109;RandomForest
47302;Diego Llorente;728;Defensa;2015;2016;2877;6.863636;66.83;53.98;MEDIO;MEDIO;MEDIO;MEDIO;0.1808;0.5864;0.2327;RandomForest
47307;Joseba Zaldúa;548;Defensa;2015;2016;916;6.816666;51.48;56.34;MEDIO;MEDIO;MEDIO;MEDIO;0.3056;0.5124;0.182;RandomForest
47314;Igor Zubeldia;548;Defensa;2015;2016;6;6.2;12.79;33.0;;BAJO;BAJO;BAJO;0.5693;0.2838;0.1469;RandomForest
47328;Óscar Duarte;540;Defensa;2015;2016;1195;6.885713999999999;58.18;42.59;BAJO;BAJO;BAJO;MEDIO;0.5191;0.3229;0.158;RandomForest
47333;Javi López;540;Defensa;2015;2016;2423;6.693548;51.44;40.11;BAJO;BAJO;MEDIO;MEDIO;0.4485;0.3694;0.1821;RandomForest
47355;Rubén Duarte;540;Defensa;2015;2016;1864;6.713636;49.02;20.47;;MEDIO;MEDIO;BAJO;0.3633;0.4363;0.2003;RandomForest
47358;Adrián Marín;533;Defensa;2015;2016;925;6.981818;69.25;42.11;BAJO;BAJO;MEDIO;BAJO;0.4065;0.3235;0.27;RandomForest
47359;Carlos Vigaray;546;Defensa;2015;2016;1194;6.507142;44.95;31.61;BAJO;BAJO;BAJO;BAJO;0.6389;0.2595;0.1016;RandomForest
47377;Anaitz Arbilla;540;Defensa;2015;2016;630;6.857142;54.04;62.11;MEDIO;MEDIO;MEDIO;MEDIO;0.401;0.4303;0.1687;RandomForest
47378;Pedro Bigas;534;Defensa;2015;2016;2353;7.218518;81.42;73.4;ALTO;ALTO;ALTO;ALTO;0.0953;0.2004;0.7043;RandomForest
47382;Iván Ramis;545;Defensa;2015;2016;1795;6.85909;57.73;71.76;ALTO;BAJO;BAJO;ALTO;0.3659;0.3495;0.2846;RandomForest
47405;Juanfran;544;Defensa;2015;2016;2682;6.6885710000000005;50.29;63.83;MEDIO;MEDIO;MEDIO;MEDIO;0.3096;0.5046;0.1858;RandomForest
47428;Gustavo Cabral;538;Defensa;2015;2016;2675;7.006451;67.21;61.27;MEDIO;MEDIO;ALTO;MEDIO;0.1201;0.4657;0.4142;RandomForest
47431;David Juncà;545;Defensa;2015;2016;2335;6.7;50.76;58.99;MEDIO;MEDIO;MEDIO;MEDIO;0.3645;0.4608;0.1747;RandomForest
47432;Hugo Mallo;538;Defensa;2015;2016;2943;6.972727000000001;69.62;52.52;MEDIO;MEDIO;ALTO;MEDIO;0.1315;0.4957;0.3729;RandomForest
47451;Coke;536;Defensa;2015;2016;1740;6.623809;53.78;;;MEDIO;MEDIO;BAJO;0.404;0.4046;0.1915;RandomForest
47453;Toño;539;Defensa;2015;2016;2387;6.555555;53.96;;;MEDIO;MEDIO;BAJO;0.3668;0.4436;0.1896;RandomForest
47454;Pedro López;539;Defensa;2015;2016;1299;6.623529000000001;47.81;;;BAJO;BAJO;BAJO;0.5215;0.344;0.1345;RandomForest
47455;Antonio Luna;545;Defensa;2015;2016;1003;6.792307;50.59;67.46;ALTO;BAJO;BAJO;BAJO;0.4983;0.3221;0.1796;RandomForest
47457;Rúben Vezo;532;Defensa;2015;2016;1082;6.971428;62.46;37.66;BAJO;BAJO;MEDIO;BAJO;0.4454;0.3586;0.196;RandomForest
47460;Róber Pier;544;Defensa;2015;2016;50;6.5;19.45;;;BAJO;BAJO;MEDIO;0.6449;0.2301;0.125;RandomForest
47481;Nacho Martinez;728;Defensa;2015;2016;1714;6.513636;40.17;;;BAJO;MEDIO;ALTO;0.473;0.3734;0.1537;RandomForest
47505;Bernardo Espinosa;731;Defensa;2015;2016;1338;6.90625;62.91;;;MEDIO;MEDIO;BAJO;0.2932;0.4577;0.2492;RandomForest
47509;Carles Planas;538;Defensa;2015;2016;1678;6.760869;49.95;70.05;ALTO;MEDIO;MEDIO;MEDIO;0.3601;0.3828;0.2571;RandomForest
47537;Tito;728;Defensa;2015;2016;2488;6.720688999999999;54.71;38.63;BAJO;BAJO;MEDIO;BAJO;0.4627;0.3552;0.1821;RandomForest
47538;Emiliano Velazquez;546;Defensa;2015;2016;974;6.845453999999999;62.23;;;BAJO;BAJO;BAJO;0.3868;0.3761;0.2371;RandomForest
47563;Luisinho;544;Defensa;2015;2016;1091;6.65;47.55;48.18;BAJO;BAJO;BAJO;BAJO;0.5342;0.3584;0.1074;RandomForest
47565;Xabier Etxeita;531;Defensa;2015;2016;2485;6.906666;57.9;51.02;MEDIO;MEDIO;MEDIO;MEDIO;0.3118;0.4833;0.2049;RandomForest
50085;Douglas;529;Defensa;2015;2016;12;6.3;15.45;54.28;MEDIO;BAJO;BAJO;BAJO;0.5846;0.288;0.1274;RandomForest
50228;Santiago Vergini;546;Defensa;2015;2016;2202;6.75;53.45;;;BAJO;BAJO;MEDIO;0.4909;0.3525;0.1566;RandomForest
51251;Andreu Fontàs;538;Defensa;2015;2016;540;7.042857;63.21;60.95;MEDIO;MEDIO;MEDIO;BAJO;0.3172;0.5121;0.1707;RandomForest
51564;Marcos Angeleri;535;Defensa;2015;2016;1112;6.9;50.84;;;BAJO;BAJO;BAJO;0.5704;0.3015;0.1281;RandomForest
51570;Álvaro Pereira;546;Defensa;2015;2016;412;6.35;24.13;;;BAJO;BAJO;BAJO;0.6092;0.2665;0.1243;RandomForest
53490;Víctor Álvarez;540;Defensa;2015;2016;1968;6.418518;43.02;20.11;;BAJO;BAJO;BAJO;0.478;0.377;0.145;RandomForest
53702;Bojan Jokić;533;Defensa;2015;2016;126;6.7;26.65;;;BAJO;BAJO;BAJO;0.6054;0.2573;0.1373;RandomForest
70752;Antolín Alcaraz;534;Defensa;2015;2016;540;7.033333;59.26;;;BAJO;BAJO;BAJO;0.4579;0.4019;0.1402;RandomForest
78370;Heiko Westermann;543;Defensa;2015;2016;1633;7.02;72.24;;;MEDIO;MEDIO;MEDIO;0.1931;0.4238;0.3831;RandomForest
82030;Juan Rafael Fuentes;540;Defensa;2015;2016;759;0.0;33.42;28.95;BAJO;BAJO;BAJO;BAJO;0.6756;0.2026;0.1218;RandomForest
83132;Jesús Gámez;530;Defensa;2015;2016;725;0.0;31.14;;;BAJO;BAJO;BAJO;0.6423;0.2253;0.1324;RandomForest
87220;Michael Ciani;540;Defensa;2015;2016;136;6.05;18.45;9.45;;BAJO;BAJO;BAJO;0.64;0.2341;0.1259;RandomForest
88774;Nikos Karabelas;539;Defensa;2015;2016;90;6.2;14.47;;;BAJO;BAJO;BAJO;0.6228;0.265;0.1122;RandomForest
90521;Álvaro Arbeloa;541;Defensa;2015;2016;258;0.0;20.74;;;BAJO;BAJO;BAJO;0.5739;0.2638;0.1623;RandomForest
90710;Jordi Figueras;543;Defensa;2015;2016;167;6.8;33.92;;;BAJO;BAJO;BAJO;0.599;0.2458;0.1552;RandomForest
101283;Juan Manuel Vargas;543;Defensa;2015;2016;1719;0.0;45.9;;;BAJO;BAJO;BAJO;0.5947;0.2385;0.1667;RandomForest
104796;Fernando Navarro;544;Defensa;2015;2016;2961;0.0;38.42;34.82;BAJO;BAJO;BAJO;BAJO;0.6328;0.217;0.1501;RandomForest
104809;Raúl Albentosa;535;Defensa;2015;2016;2553;7.007142;68.44;56.79;MEDIO;MEDIO;MEDIO;MEDIO;0.1738;0.5343;0.2919;RandomForest
104828;Diego Alende;538;Defensa;2015;2016;39;6.3;16.28;;;BAJO;BAJO;BAJO;0.6022;0.2756;0.1222;RandomForest
104851;Guilherme Siqueira;532;Defensa;2015;2016;1187;6.7;35.89;29.42;BAJO;BAJO;BAJO;BAJO;0.6946;0.2064;0.099;RandomForest
104863;Weligton;535;Defensa;2015;2016;2608;7.003333;63.75;16.07;;ALTO;MEDIO;MEDIO;0.2098;0.3874;0.4028;RandomForest
104904;Antonio Amaya;728;Defensa;2015;2016;1030;6.61875;45.21;;;BAJO;BAJO;MEDIO;0.6243;0.2591;0.1166;RandomForest
104975;David Navarro;539;Defensa;2015;2016;1693;0.0;30.3;;;BAJO;BAJO;BAJO;0.6519;0.2095;0.1386;RandomForest
105035;Ion Ansotegi;545;Defensa;2015;2016;540;0.0;25.44;;;BAJO;BAJO;ALTO;0.6228;0.2255;0.1517;RandomForest
105057;Razvan Rat;728;Defensa;2015;2016;734;0.0;41.45;;;BAJO;BAJO;ALTO;0.5522;0.2684;0.1793;RandomForest
105108;Alberto Lopo;544;Defensa;2015;2016;741;0.0;26.42;;;BAJO;BAJO;BAJO;0.6356;0.2278;0.1365;RandomForest
105235;Arthur Boka;535;Defensa;2015;2016;1049;0.0;38.82;;;BAJO;BAJO;BAJO;0.6225;0.2295;0.1481;RandomForest
105583;Roberto Lago;546;Defensa;2015;2016;1371;0.0;41.36;;;BAJO;BAJO;BAJO;0.5784;0.2863;0.1353;RandomForest
108561;David Goldar;538;Defensa;2015;2016;90;6.3;17.36;;;BAJO;BAJO;BAJO;0.6426;0.252;0.1054;RandomForest
113711;Benoît Trémoulinas;536;Defensa;2015;2016;2159;6.758333;53.39;;;BAJO;MEDIO;MEDIO;0.409;0.3996;0.1914;RandomForest
114785;Javier Garrido;534;Defensa;2015;2016;1576;6.816666;48.85;;;BAJO;BAJO;BAJO;0.5037;0.3478;0.1485;RandomForest
116819;Juanfran;539;Defensa;2015;2016;1518;0.0;34.53;;;BAJO;BAJO;BAJO;0.6427;0.2163;0.141;RandomForest
116822;Manuel Pablo;544;Defensa;2015;2016;175;0.0;16.18;;;BAJO;ALTO;ALTO;0.5859;0.2484;0.1657;RandomForest
116828;Diego Mainz;715;Defensa;2015;2016;404;0.0;24.14;;;BAJO;BAJO;ALTO;0.6326;0.2246;0.1429;RandomForest
116836;Angel;534;Defensa;2015;2016;30;0.0;15.22;;;BAJO;ALTO;ALTO;0.5713;0.2526;0.1761;RandomForest
116837;Imanol Corral Matellan;545;Defensa;2015;2016;0;;12.08;;;BAJO;BAJO;BAJO;0.5906;0.2722;0.1372;RandomForest
116840;Ander Gayoso Reina;545;Defensa;2015;2016;5;6.2;12.74;;;BAJO;BAJO;BAJO;0.6016;0.2727;0.1256;RandomForest
21;Paco Alcácer;532;Delantero;2015;2016;2418;6.961763999999999;65.5;49.23;BAJO;MEDIO;MEDIO;BAJO;0.3572;0.3635;0.2793;RandomForest
53;Ángel Correa;530;Delantero;2015;2016;948;6.753846;55.47;53.25;MEDIO;MEDIO;MEDIO;MEDIO;0.2779;0.5582;0.164;RandomForest
56;Antoine Griezmann;530;Delantero;2015;2016;3057;7.334209999999999;80.34;78.0;ALTO;ALTO;ALTO;ALTO;0.0273;0.0812;0.8915;RandomForest
154;Lionel Messi;529;Delantero;2015;2016;2729;8.454545;84.11;83.79;ALTO;ALTO;ALTO;ALTO;0.0051;0.01;0.9848;RandomForest
157;Luis Suárez;529;Delantero;2015;2016;3150;7.671428;76.69;75.84;ALTO;ALTO;ALTO;ALTO;0.0161;0.0408;0.9431;RandomForest
185;Fernando Llorente;536;Delantero;2015;2016;1161;6.817391;56.47;;;BAJO;BAJO;BAJO;0.4643;0.4083;0.1274;RandomForest
276;Neymar;529;Delantero;2015;2016;3057;8.023529;84.89;84.94;ALTO;ALTO;ALTO;ALTO;0.0035;0.0309;0.9656;RandomForest
392;Adrián López;533;Delantero;2015;2016;792;6.80625;57.92;47.25;BAJO;BAJO;BAJO;BAJO;0.5231;0.3381;0.1388;RandomForest
413;Yevhen Konoplyanka;536;Delantero;2015;2016;1611;6.95;71.52;;;MEDIO;MEDIO;MEDIO;0.1948;0.455;0.3502;RandomForest
746;Marco Asensio;540;Delantero;2015;2016;2833;7.023529;75.66;70.28;ALTO;ALTO;ALTO;ALTO;0.0469;0.1327;0.8204;RandomForest
758;Gareth Bale;541;Delantero;2015;2016;1741;7.965217;84.41;81.81;ALTO;ALTO;ALTO;ALTO;0.0197;0.0804;0.9;RandomForest
759;Karim Benzema;541;Delantero;2015;2016;1994;7.555555;71.64;68.28;MEDIO;ALTO;ALTO;MEDIO;0.0755;0.3401;0.5844;RandomForest
874;Cristiano Ronaldo;541;Delantero;2015;2016;3185;7.847222;79.81;76.47;ALTO;ALTO;ALTO;ALTO;0.0065;0.0307;0.9627;RandomForest
933;Kévin Gameiro;536;Delantero;2015;2016;2083;6.919354;62.11;60.37;MEDIO;MEDIO;MEDIO;MEDIO;0.2781;0.5022;0.2197;RandomForest
934;Santi Mina;532;Delantero;2015;2016;1579;6.628000000000001;48.32;58.22;MEDIO;MEDIO;BAJO;MEDIO;0.4042;0.4644;0.1314;RandomForest
935;Rodrigo;532;Delantero;2015;2016;1360;6.8041659999999995;62.35;66.01;MEDIO;MEDIO;MEDIO;MEDIO;0.2921;0.5117;0.1962;RandomForest
1163;Bruma;548;Delantero;2015;2016;1452;6.803224999999999;61.76;;;MEDIO;MEDIO;MEDIO;0.2653;0.5284;0.2064;RandomForest
1327;Izet Hajrović;545;Delantero;2015;2016;174;6.3833329999999995;16.62;;;BAJO;BAJO;BAJO;0.6012;0.2331;0.1656;RandomForest
1375;Roberto Soldado;533;Delantero;2015;2016;2256;7.071428;73.35;69.34;ALTO;ALTO;MEDIO;ALTO;0.0887;0.316;0.5953;RandomForest
1421;Zakaria Bakkali;532;Delantero;2015;2016;560;6.83125;59.39;36.82;;MEDIO;MEDIO;ALTO;0.4048;0.4388;0.1563;RandomForest
1585;Jesé Rodríguez;541;Delantero;2015;2016;826;6.918518;65.16;74.42;ALTO;ALTO;ALTO;ALTO;0.2492;0.3398;0.4111;RandomForest
1616;Miguel Ángel Guerrero;731;Delantero;2015;2016;1090;6.604347;41.16;45.43;BAJO;BAJO;BAJO;BAJO;0.6272;0.2928;0.08;RandomForest
1707;Gerard Moreno;540;Delantero;2015;2016;1913;6.787096;59.79;79.79;ALTO;ALTO;ALTO;ALTO;0.1926;0.2905;0.5169;RandomForest
1861;Felipe Caicedo;540;Delantero;2015;2016;2145;6.812903;60.87;32.56;BAJO;MEDIO;MEDIO;BAJO;0.3784;0.4367;0.1849;RandomForest
1863;Ciro Immobile;536;Delantero;2015;2016;332;6.6375;32.04;;;BAJO;BAJO;BAJO;0.6143;0.2724;0.1133;RandomForest
2058;Nolito;538;Delantero;2015;2016;2473;7.396551;85.08;;;ALTO;ALTO;ALTO;0.0414;0.1187;0.8399;RandomForest
2060;Munir El Haddadi;529;Delantero;2015;2016;825;6.7785709999999995;54.33;28.32;BAJO;BAJO;MEDIO;BAJO;0.5388;0.3298;0.1314;RandomForest
2083;Wanderson;546;Delantero;2015;2016;760;6.565;41.5;;;BAJO;BAJO;MEDIO;0.4805;0.4057;0.1138;RandomForest
2520;Hernán Pérez;540;Delantero;2015;2016;2447;6.571875;57.13;43.89;BAJO;BAJO;ALTO;BAJO;0.3913;0.3372;0.2715;RandomForest
2522;Antonio Sanabria;731;Delantero;2015;2016;2265;6.865517;63.18;53.89;MEDIO;MEDIO;MEDIO;MEDIO;0.3012;0.4961;0.2027;RandomForest
2616;Jonathan Rodriguez;544;Delantero;2015;2016;566;6.5;28.1;;;BAJO;BAJO;MEDIO;0.6774;0.2223;0.1003;RandomForest
2672;Iker Muniain;531;Delantero;2015;2016;1020;6.916666;70.12;75.0;ALTO;ALTO;MEDIO;ALTO;0.1845;0.3742;0.4413;RandomForest
2719;Nordin Amrabat;535;Delantero;2015;2016;1012;6.45;42.68;;;BAJO;BAJO;MEDIO;0.5465;0.3153;0.1383;RandomForest
2777;Isaac Success;715;Delantero;2015;2016;2432;6.593333;55.9;;;MEDIO;ALTO;BAJO;0.2776;0.3821;0.3403;RandomForest
3033;Cédric Bakambu;533;Delantero;2015;2016;1860;6.785294;51.23;56.18;MEDIO;MEDIO;MEDIO;MEDIO;0.32;0.5474;0.1326;RandomForest
6588;Mauricio Cuero;539;Delantero;2015;2016;479;6.681818;47.1;;;BAJO;BAJO;MEDIO;0.532;0.3384;0.1297;RandomForest
6997;Oriol Riera;544;Delantero;2015;2016;786;6.671428;39.86;64.4;MEDIO;BAJO;BAJO;MEDIO;0.5488;0.37;0.0812;RandomForest
8518;Mamadou Sylla;540;Delantero;2015;2016;328;6.5461529999999994;26.14;;;BAJO;BAJO;BAJO;0.6636;0.2357;0.1007;RandomForest
9934;Deyverson;539;Delantero;2015;2016;2165;6.951515;69.3;73.95;ALTO;ALTO;ALTO;ALTO;0.1543;0.3258;0.52;RandomForest
10402;Nico López;715;Delantero;2015;2016;154;6.699999999999999;32.17;;;BAJO;BAJO;BAJO;0.6051;0.259;0.136;RandomForest
13062;Léo Baptistão;533;Delantero;2015;2016;1256;6.653846;44.26;71.58;ALTO;BAJO;BAJO;BAJO;0.4337;0.4004;0.1659;RandomForest
18811;Adalberto Peñaranda;715;Delantero;2015;2016;1678;6.665216999999999;52.67;14.26;;MEDIO;MEDIO;BAJO;0.3391;0.4586;0.2023;RandomForest
18833;Lucas Pérez;544;Delantero;2015;2016;3141;7.108333;72.18;50.66;;ALTO;ALTO;ALTO;0.0295;0.1034;0.8671;RandomForest
19036;Luciano Vietto;530;Delantero;2015;2016;964;6.8;53.21;54.82;MEDIO;MEDIO;MEDIO;BAJO;0.384;0.4454;0.1706;RandomForest
21648;Claudio Beauvue;538;Delantero;2015;2016;505;6.46;33.5;47.84;BAJO;BAJO;BAJO;BAJO;0.6732;0.2405;0.0863;RandomForest
25390;Jonathas;548;Delantero;2015;2016;1603;6.830769;56.74;;;MEDIO;MEDIO;MEDIO;0.3086;0.5406;0.1508;RandomForest
26727;Hachim Mastour;535;Delantero;2015;2016;5;6.7;21.83;;;BAJO;BAJO;BAJO;0.5847;0.2804;0.1349;RandomForest
32970;Leandro Damião;543;Delantero;2015;2016;129;6.566666;23.04;;;BAJO;BAJO;BAJO;0.6048;0.2525;0.1428;RandomForest
33413;Fernando Torres;530;Delantero;2015;2016;1688;6.993333;71.04;53.76;MEDIO;MEDIO;MEDIO;MEDIO;0.2651;0.5505;0.1844;RandomForest
35575;Edgar Méndez;715;Delantero;2015;2016;741;6.393333;29.82;47.82;BAJO;BAJO;BAJO;BAJO;0.6953;0.2276;0.0771;RandomForest
36057;Ian Gonzalez Nieto;546;Delantero;2015;2016;13;6.700000000000001;23.6;;;BAJO;BAJO;MEDIO;0.5543;0.2779;0.1678;RandomForest
37125;Charly Musonda Jr;543;Delantero;2015;2016;1227;6.962500000000001;76.47;40.68;;MEDIO;MEDIO;ALTO;0.1798;0.4672;0.353;RandomForest
40487;Stefan Šćepović;546;Delantero;2015;2016;1808;6.624242000000001;38.23;;;BAJO;MEDIO;BAJO;0.4442;0.4398;0.1161;RandomForest
40678;Mendi;731;Delantero;2015;2016;29;6.2;9.77;;;BAJO;BAJO;BAJO;0.6518;0.2434;0.1048;RandomForest
41103;Ricardo Horta;535;Delantero;2015;2016;780;6.50625;32.8;;;BAJO;BAJO;MEDIO;0.6086;0.2845;0.1069;RandomForest
41373;Jackson Martínez;530;Delantero;2015;2016;657;6.893333000000001;61.38;;;BAJO;BAJO;MEDIO;0.4365;0.4113;0.1521;RandomForest
42086;Youssef El Arabi;715;Delantero;2015;2016;2515;7.108823;74.41;;;MEDIO;ALTO;ALTO;0.1854;0.4321;0.3826;RandomForest
46781;Vincenzo Rennella;543;Delantero;2015;2016;191;6.7;33.38;;;BAJO;BAJO;BAJO;0.6455;0.232;0.1226;RandomForest
46808;Carlos Fernández;536;Delantero;2015;2016;27;6.2;10.73;34.92;;BAJO;BAJO;BAJO;0.6534;0.2368;0.1099;RandomForest
46856;Saúl;545;Delantero;2015;2016;1399;6.792306999999999;58.38;;;MEDIO;MEDIO;MEDIO;0.3342;0.4234;0.2424;RandomForest
46955;Víctor Casadesús;539;Delantero;2015;2016;940;6.717391;48.1;;;MEDIO;BAJO;BAJO;0.4299;0.4482;0.1219;RandomForest
46957;Juan Muñoz;536;Delantero;2015;2016;300;6.4875;23.41;;;BAJO;BAJO;BAJO;0.6422;0.2313;0.1265;RandomForest
46983;Carlos Castro;731;Delantero;2015;2016;1006;6.636;36.31;41.03;BAJO;BAJO;BAJO;BAJO;0.7192;0.2174;0.0634;RandomForest
47011;Sergio Araujo;534;Delantero;2015;2016;1819;6.84;60.23;59.85;MEDIO;MEDIO;MEDIO;MEDIO;0.2805;0.5267;0.1928;RandomForest
47012;Rubén Castro;543;Delantero;2015;2016;3378;7.021052;66.6;67.45;MEDIO;MEDIO;MEDIO;MEDIO;0.2069;0.5051;0.288;RandomForest
47066;Álvaro Vázquez;546;Delantero;2015;2016;1991;6.664705;43.85;34.8;;MEDIO;MEDIO;BAJO;0.4021;0.4703;0.1276;RandomForest
47150;Borja Viguera;531;Delantero;2015;2016;289;6.522222;28.57;53.6;MEDIO;BAJO;BAJO;BAJO;0.5733;0.2956;0.1311;RandomForest
47238;Ikechukwu Uche;535;Delantero;2015;2016;81;6.5;17.86;;;BAJO;BAJO;BAJO;0.6601;0.2208;0.1191;RandomForest
47265;Jorge Molina;543;Delantero;2015;2016;916;6.704545;40.94;;;BAJO;BAJO;BAJO;0.5339;0.3627;0.1034;RandomForest
47289;Markel Susaeta;531;Delantero;2015;2016;1920;6.785714;61.23;56.9;MEDIO;MEDIO;MEDIO;MEDIO;0.2038;0.543;0.2532;RandomForest
47290;Aritz Aduriz;531;Delantero;2015;2016;2776;7.15;76.89;73.07;ALTO;ALTO;ALTO;ALTO;0.0835;0.2781;0.6384;RandomForest
47294;Iñaki Williams;531;Delantero;2015;2016;1639;6.772;57.86;56.32;MEDIO;MEDIO;MEDIO;MEDIO;0.2843;0.549;0.1667;RandomForest
47318;Jon Bautista;548;Delantero;2015;2016;116;6.866666;43.49;39.16;;BAJO;BAJO;BAJO;0.5853;0.2563;0.1584;RandomForest
47319;Willian José;534;Delantero;2015;2016;1726;6.886206;59.02;68.76;MEDIO;MEDIO;MEDIO;MEDIO;0.2725;0.5695;0.158;RandomForest
47323;Mikel Oyarzabal;548;Delantero;2015;2016;1500;6.757142;57.97;58.19;MEDIO;MEDIO;MEDIO;MEDIO;0.327;0.5223;0.1507;RandomForest
47324;Sandro Ramírez;529;Delantero;2015;2016;346;6.522221999999999;29.09;75.35;ALTO;BAJO;BAJO;BAJO;0.4953;0.2952;0.2095;RandomForest
47370;Borja Bastón;545;Delantero;2015;2016;2580;6.92647;58.82;;;MEDIO;MEDIO;MEDIO;0.3112;0.4634;0.2254;RandomForest
47371;John Guidetti;538;Delantero;2015;2016;1232;6.720588;43.08;37.19;BAJO;BAJO;BAJO;BAJO;0.6077;0.3176;0.0747;RandomForest
47390;Fabián Orellana;538;Delantero;2015;2016;2920;6.930302999999999;79.8;70.02;ALTO;ALTO;ALTO;ALTO;0.0521;0.1248;0.823;RandomForest
47394;Charles Días;535;Delantero;2015;2016;3007;7.1000000000000005;72.45;53.95;MEDIO;MEDIO;MEDIO;MEDIO;0.1106;0.507;0.3823;RandomForest
47395;Sergi Enrich;545;Delantero;2015;2016;2420;6.9583330000000005;72.31;68.94;ALTO;ALTO;MEDIO;ALTO;0.1495;0.3436;0.5069;RandomForest
47423;Sabin Merino;531;Delantero;2015;2016;1129;6.619047;39.91;40.12;;BAJO;BAJO;BAJO;0.5827;0.3284;0.0889;RandomForest
47445;Iago Aspas;538;Delantero;2015;2016;2667;7.145714;73.09;78.05;ALTO;ALTO;ALTO;ALTO;0.0478;0.126;0.8262;RandomForest
47467;José Luis Morales;539;Delantero;2015;2016;2675;6.757142;65.67;;;MEDIO;ALTO;ALTO;0.1874;0.4356;0.377;RandomForest
47471;Roger Martí;539;Delantero;2015;2016;646;6.4799999999999995;29.22;;;BAJO;BAJO;BAJO;0.6801;0.228;0.0919;RandomForest
47472;Borja Mayoral;541;Delantero;2015;2016;282;6.68;26.72;;;BAJO;BAJO;BAJO;0.6052;0.2535;0.1413;RandomForest
47488;Keko;545;Delantero;2015;2016;2316;6.735714;64.62;40.79;BAJO;MEDIO;MEDIO;BAJO;0.3039;0.3604;0.3357;RandomForest
47493;Duje Čop;535;Delantero;2015;2016;2062;6.806666;56.68;55.71;MEDIO;MEDIO;MEDIO;MEDIO;0.2971;0.5422;0.1606;RandomForest
47553;Bebé;728;Delantero;2015;2016;2245;6.8;64.32;40.57;BAJO;MEDIO;MEDIO;MEDIO;0.2925;0.4472;0.2603;RandomForest
47554;Adrián Embarba;728;Delantero;2015;2016;1832;6.539285;48.43;;;MEDIO;MEDIO;BAJO;0.3211;0.4615;0.2174;RandomForest
47555;Javi Guerra;728;Delantero;2015;2016;2091;6.876666;62.67;;;MEDIO;MEDIO;MEDIO;0.2703;0.4807;0.249;RandomForest
48153;Henok Goitom;546;Delantero;2015;2016;124;6.55;19.83;;;BAJO;BAJO;MEDIO;0.6237;0.2486;0.1277;RandomForest
48390;Ricky van Wolfswinkel;543;Delantero;2015;2016;614;6.7;43.53;;;BAJO;BAJO;BAJO;0.5674;0.3147;0.1179;RandomForest
49905;Thievy Bifouma;715;Delantero;2015;2016;180;6.4;19.79;;;BAJO;BAJO;BAJO;0.6068;0.2513;0.1418;RandomForest
50187;Nabil Ghilas;539;Delantero;2015;2016;1009;6.47;33.47;;;BAJO;BAJO;BAJO;0.6264;0.2914;0.0823;RandomForest
50502;Álvaro Negredo;532;Delantero;2015;2016;1148;6.824;59.04;;;BAJO;BAJO;MEDIO;0.4805;0.3891;0.1304;RandomForest
51046;Carlos Vela;548;Delantero;2015;2016;2765;6.797142;65.44;78.34;ALTO;ALTO;ALTO;MEDIO;0.1515;0.3312;0.5173;RandomForest
59937;Miku Fedor;728;Delantero;2015;2016;1548;6.904761;64.33;;;MEDIO;MEDIO;ALTO;0.2192;0.527;0.2538;RandomForest
70775;Roque Santa Cruz;535;Delantero;2015;2016;417;6.58125;33.63;;;BAJO;BAJO;BAJO;0.5813;0.2949;0.1238;RandomForest
91429;Giuseppe Rossi;539;Delantero;2015;2016;1161;6.911764;67.96;54.23;MEDIO;MEDIO;MEDIO;MEDIO;0.292;0.4805;0.2275;RandomForest
91701;David Barral;715;Delantero;2015;2016;363;6.542856999999999;27.22;42.18;;BAJO;BAJO;MEDIO;0.6024;0.2903;0.1073;RandomForest
104814;Imanol Agirretxe;548;Delantero;2015;2016;1174;0.0;32.72;;;BAJO;BAJO;BAJO;0.5897;0.2633;0.147;RandomForest
104825;Kike Sola;531;Delantero;2015;2016;76;6.75;27.92;;;BAJO;BAJO;BAJO;0.6378;0.24;0.1222;RandomForest
104905;Manucho;728;Delantero;2015;2016;928;6.714285;42.36;;;BAJO;MEDIO;MEDIO;0.4682;0.423;0.1088;RandomForest
104972;Nauzet Aleman;534;Delantero;2015;2016;242;6.577777;30.78;;;BAJO;BAJO;MEDIO;0.5033;0.3128;0.1838;RandomForest
116817;Mikel Arruabarrena;545;Delantero;2015;2016;56;6.74;34.24;;;BAJO;BAJO;BAJO;0.6191;0.2431;0.1378;RandomForest
44;Rodrigo;533;Mediocentro;2015;2016;94;7.0;48.19;61.47;MEDIO;BAJO;BAJO;MEDIO;0.4857;0.349;0.1652;RandomForest
46;Vitolo;536;Mediocentro;2015;2016;2052;6.767857;63.89;77.18;ALTO;ALTO;MEDIO;BAJO;0.2125;0.3406;0.4468;RandomForest
48;Saúl Ñíguez;530;Mediocentro;2015;2016;2329;7.063333;79.46;78.62;ALTO;ALTO;ALTO;ALTO;0.0763;0.1804;0.7433;RandomForest
49;Thomas Partey;530;Mediocentro;2015;2016;433;6.953846;69.25;67.35;MEDIO;MEDIO;MEDIO;MEDIO;0.2923;0.5008;0.2069;RandomForest
50;Koke;530;Mediocentro;2015;2016;2972;7.391428;81.93;77.4;ALTO;ALTO;ALTO;ALTO;0.0197;0.0686;0.9117;RandomForest
137;Sergi Roberto;529;Mediocentro;2015;2016;1916;7.02;73.75;76.27;ALTO;ALTO;ALTO;ALTO;0.1204;0.2897;0.5899;RandomForest
142;Rafinha Alcântara;529;Mediocentro;2015;2016;281;6.95;58.23;76.62;ALTO;BAJO;BAJO;ALTO;0.3447;0.3397;0.3156;RandomForest
144;Sergio Busquets;529;Mediocentro;2015;2016;2906;7.3;80.3;72.49;ALTO;ALTO;ALTO;ALTO;0.0459;0.1527;0.8014;RandomForest
149;Ivan Rakitić;529;Mediocentro;2015;2016;2579;7.222222;78.32;78.44;ALTO;ALTO;ALTO;ALTO;0.0458;0.1632;0.791;RandomForest
328;Fabián Ruiz;543;Mediocentro;2015;2016;430;6.518181;34.72;33.94;;BAJO;BAJO;BAJO;0.5584;0.2875;0.1541;RandomForest
334;Simone Verdi;545;Mediocentro;2015;2016;290;6.666666;39.85;;;BAJO;BAJO;ALTO;0.5086;0.3393;0.152;RandomForest
385;Óliver Torres;530;Mediocentro;2015;2016;813;6.665000000000001;47.01;;;BAJO;MEDIO;ALTO;0.4424;0.3506;0.207;RandomForest
414;Omar Mascarell;731;Mediocentro;2015;2016;1769;6.688;48.33;;;BAJO;BAJO;BAJO;0.4415;0.4031;0.1554;RandomForest
447;Sofiane Feghouli;532;Mediocentro;2015;2016;1258;6.747619;55.88;;;MEDIO;MEDIO;ALTO;0.3817;0.4547;0.1636;RandomForest
481;Grzegorz Krychowiak;536;Mediocentro;2015;2016;2270;7.269229999999999;79.88;;;ALTO;ALTO;ALTO;0.1216;0.2711;0.6073;RandomForest
517;James Rodríguez;541;Mediocentro;2015;2016;1515;7.315384;75.73;78.44;ALTO;ALTO;ALTO;ALTO;0.049;0.1847;0.7663;RandomForest
660;Pape Cheikh;538;Mediocentro;2015;2016;58;6.52;24.94;37.65;BAJO;BAJO;BAJO;BAJO;0.6843;0.2135;0.1022;RandomForest
745;Isco;541;Mediocentro;2015;2016;1826;6.941935;74.47;81.88;ALTO;ALTO;ALTO;ALTO;0.0678;0.2283;0.7039;RandomForest
747;Casemiro;541;Mediocentro;2015;2016;1526;7.266666;78.71;77.38;ALTO;ALTO;ALTO;ALTO;0.0793;0.2024;0.7183;RandomForest
748;Dani Ceballos;543;Mediocentro;2015;2016;2133;6.711764;58.83;85.33;ALTO;ALTO;ALTO;BAJO;0.229;0.3283;0.4427;RandomForest
752;Toni Kroos;541;Mediocentro;2015;2016;2745;7.371875;79.73;84.25;ALTO;ALTO;ALTO;ALTO;0.0151;0.0782;0.9067;RandomForest
753;Marcos Llorente;541;Mediocentro;2015;2016;23;6.7;27.31;81.73;ALTO;BAJO;BAJO;MEDIO;0.5484;0.262;0.1897;RandomForest
754;Luka Modrić;541;Mediocentro;2015;2016;2629;7.434374999999999;85.7;84.44;ALTO;ALTO;ALTO;ALTO;0.0049;0.0225;0.9726;RandomForest
780;Steven​ N'Zonzi;536;Mediocentro;2015;2016;1847;6.967857;74.15;83.02;ALTO;ALTO;MEDIO;ALTO;0.1925;0.3424;0.4652;RandomForest
923;Denis Cheryshev;532;Mediocentro;2015;2016;515;6.7;42.22;28.38;;BAJO;BAJO;BAJO;0.5769;0.2661;0.157;RandomForest
928;Dani Parejo;532;Mediocentro;2015;2016;2735;7.178786999999999;83.68;84.49;ALTO;ALTO;ALTO;ALTO;0.0301;0.0605;0.9094;RandomForest
929;Sito;532;Mediocentro;2015;2016;51;6.7;27.15;14.7;;BAJO;BAJO;BAJO;0.6399;0.2492;0.1109;RandomForest
932;Daniel Wass;538;Mediocentro;2015;2016;2704;7.050000000000001;76.4;69.75;MEDIO;ALTO;ALTO;MEDIO;0.0842;0.3685;0.5474;RandomForest
1036;Nacho Cases;731;Mediocentro;2015;2016;1966;6.620833;46.5;55.44;MEDIO;BAJO;BAJO;MEDIO;0.4447;0.4179;0.1374;RandomForest
1211;Matías Kranevitter;530;Mediocentro;2015;2016;325;6.475;24.0;47.45;BAJO;BAJO;BAJO;BAJO;0.6237;0.2546;0.1217;RandomForest
1461;Denis Suárez;533;Mediocentro;2015;2016;2371;0.0;46.51;47.55;BAJO;BAJO;BAJO;BAJO;0.6891;0.1766;0.1343;RandomForest
1570;Sergio Canales;548;Mediocentro;2015;2016;900;6.66;41.6;44.58;BAJO;BAJO;MEDIO;BAJO;0.5296;0.3422;0.1282;RandomForest
1579;Joaquín;543;Mediocentro;2015;2016;1961;6.82;67.02;62.21;MEDIO;MEDIO;MEDIO;MEDIO;0.1993;0.5228;0.2779;RandomForest
1641;Samu Castillejo;533;Mediocentro;2015;2016;1698;6.574074;51.05;68.3;MEDIO;BAJO;BAJO;MEDIO;0.427;0.4184;0.1546;RandomForest
1697;Pablo Fornals;535;Mediocentro;2015;2016;1286;6.666665999999999;47.64;67.49;MEDIO;BAJO;MEDIO;MEDIO;0.4402;0.4263;0.1335;RandomForest
1698;Javi Fuego;532;Mediocentro;2015;2016;2046;6.946153;68.55;55.86;MEDIO;MEDIO;MEDIO;MEDIO;0.1763;0.4457;0.378;RandomForest
1699;Vicente Iborra;536;Mediocentro;2015;2016;1739;6.757141999999999;53.43;73.59;ALTO;MEDIO;BAJO;BAJO;0.3365;0.4533;0.2102;RandomForest
1704;Bruno Soriano;533;Mediocentro;2015;2016;2594;7.238709000000001;82.78;85.67;ALTO;ALTO;ALTO;ALTO;0.0652;0.1536;0.7812;RandomForest
1705;Manu Trigueros;533;Mediocentro;2015;2016;2117;6.945161;64.23;79.0;ALTO;ALTO;MEDIO;BAJO;0.1828;0.3404;0.4768;RandomForest
1859;Luis Alberto;544;Mediocentro;2015;2016;2108;6.941379;68.86;;;MEDIO;MEDIO;MEDIO;0.1816;0.4678;0.3506;RandomForest
2050;Éver Banega;536;Mediocentro;2015;2016;1725;7.204;81.85;;;ALTO;ALTO;ALTO;0.061;0.1521;0.787;RandomForest
2053;Roque Mesa;534;Mediocentro;2015;2016;2839;6.841176;65.99;65.47;MEDIO;MEDIO;ALTO;BAJO;0.2773;0.4752;0.2475;RandomForest
2056;Pablo Sarabia;546;Mediocentro;2015;2016;2535;6.861290000000001;72.43;61.24;MEDIO;MEDIO;ALTO;MEDIO;0.0993;0.5036;0.3971;RandomForest
2115;Alen Halilović;731;Mediocentro;2015;2016;2347;6.755555;59.19;58.51;MEDIO;MEDIO;MEDIO;MEDIO;0.2677;0.5176;0.2147;RandomForest
2291;Mateo Kovačić;541;Mediocentro;2015;2016;1027;6.78;57.46;79.63;ALTO;ALTO;MEDIO;ALTO;0.2796;0.3184;0.402;RandomForest
2369;José Alberto Cañas;540;Mediocentro;2015;2016;689;6.6166659999999995;36.83;;;BAJO;BAJO;BAJO;0.5503;0.3329;0.1168;RandomForest
2446;Juanpi Añor;535;Mediocentro;2015;2016;1619;6.555555;50.75;61.86;MEDIO;MEDIO;MEDIO;MEDIO;0.3438;0.4881;0.168;RandomForest
2472;Rodrigo de Paul;532;Mediocentro;2015;2016;522;6.833333;56.93;;;MEDIO;MEDIO;MEDIO;0.3656;0.3806;0.2538;RandomForest
2490;Jefferson Lerma;539;Mediocentro;2015;2016;2685;6.80625;62.28;;;MEDIO;MEDIO;MEDIO;0.3111;0.4738;0.2151;RandomForest
2557;Pablo Hernández;538;Mediocentro;2015;2016;2311;6.903125;73.68;61.47;MEDIO;MEDIO;ALTO;MEDIO;0.1495;0.5034;0.3471;RandomForest
2600;Takashi Inui;545;Mediocentro;2015;2016;1626;6.565384;45.22;65.5;MEDIO;MEDIO;BAJO;BAJO;0.4271;0.4545;0.1184;RandomForest
2715;Fayçal Fajr;544;Mediocentro;2015;2016;2841;6.95;69.03;43.76;BAJO;ALTO;MEDIO;MEDIO;0.2869;0.3449;0.3682;RandomForest
2840;Celso Borges;544;Mediocentro;2015;2016;1909;6.954166;74.14;77.49;ALTO;ALTO;MEDIO;ALTO;0.1505;0.3151;0.5344;RandomForest
2880;Jonathan dos Santos;533;Mediocentro;2015;2016;1762;6.907692;65.73;65.92;MEDIO;MEDIO;MEDIO;MEDIO;0.2585;0.4923;0.2492;RandomForest
2923;Yannick Carrasco;530;Mediocentro;2015;2016;1498;6.889655;70.04;68.36;MEDIO;MEDIO;MEDIO;MEDIO;0.2021;0.5344;0.2635;RandomForest
2992;Alfred N'Diaye;543;Mediocentro;2015;2016;3010;6.955882;73.7;27.01;;ALTO;MEDIO;MEDIO;0.1803;0.4012;0.4184;RandomForest
3423;Christian Atsu;535;Mediocentro;2015;2016;384;6.790909;54.49;;;BAJO;BAJO;BAJO;0.5081;0.3514;0.1405;RandomForest
3424;Bernard Mensah;546;Mediocentro;2015;2016;53;6.7;34.58;;;BAJO;BAJO;MEDIO;0.5704;0.2842;0.1454;RandomForest
3426;Mubarak Wakaso;534;Mediocentro;2015;2016;924;6.744444;54.39;67.68;MEDIO;MEDIO;BAJO;MEDIO;0.4127;0.4447;0.1426;RandomForest
5914;Marcelo Díaz;538;Mediocentro;2015;2016;983;6.878571;58.77;44.56;BAJO;BAJO;MEDIO;MEDIO;0.4449;0.3837;0.1714;RandomForest
5946;Jonás Gutiérrez;544;Mediocentro;2015;2016;390;6.478570999999999;35.41;;;BAJO;BAJO;BAJO;0.6591;0.2489;0.092;RandomForest
6003;Enzo Pérez;532;Mediocentro;2015;2016;1266;6.8999999999999995;64.08;77.74;ALTO;MEDIO;MEDIO;MEDIO;0.2396;0.3946;0.3658;RandomForest
6855;Raul Baena;728;Mediocentro;2015;2016;1840;6.595833;47.94;;;BAJO;BAJO;BAJO;0.5029;0.3507;0.1464;RandomForest
7581;Juan Dominguez;544;Mediocentro;2015;2016;184;6.460000000000001;22.02;;;BAJO;BAJO;BAJO;0.6126;0.2384;0.1491;RandomForest
8627;Theo Bongonda;538;Mediocentro;2015;2016;1193;6.647368;49.04;49.01;BAJO;BAJO;BAJO;BAJO;0.566;0.3422;0.0917;RandomForest
12493;Tana;534;Mediocentro;2015;2016;2127;6.774074;62.42;61.38;MEDIO;MEDIO;MEDIO;MEDIO;0.2031;0.5092;0.2877;RandomForest
12667;Jonathan Viera;534;Mediocentro;2015;2016;3121;7.275;83.81;81.74;ALTO;ALTO;ALTO;ALTO;0.0063;0.0296;0.964;RandomForest
13114;Augusto Fernández;538;Mediocentro;2015;2016;2195;6.792307;65.04;45.74;;MEDIO;MEDIO;MEDIO;0.3572;0.4301;0.2127;RandomForest
14482;Dani Ndi;731;Mediocentro;2015;2016;752;6.466666000000001;45.14;21.1;;BAJO;BAJO;BAJO;0.532;0.3574;0.1106;RandomForest
15372;Alberto Lora;731;Mediocentro;2015;2016;2411;6.793333;56.72;21.34;;MEDIO;MEDIO;MEDIO;0.3465;0.4189;0.2345;RandomForest
15833;Adnane Tighadouini;535;Mediocentro;2015;2016;386;6.762500000000001;47.17;;;BAJO;BAJO;BAJO;0.5806;0.3021;0.1173;RandomForest
15886;Josip Radošević;545;Mediocentro;2015;2016;404;6.8;43.69;;;BAJO;BAJO;MEDIO;0.536;0.3241;0.1399;RandomForest
18765;André Gomes;532;Mediocentro;2015;2016;2379;6.61;56.63;51.11;BAJO;BAJO;BAJO;BAJO;0.4369;0.2871;0.276;RandomForest
18805;Abdoulaye Doucouré;715;Mediocentro;2015;2016;1156;6.78;54.82;;;BAJO;BAJO;BAJO;0.4538;0.3572;0.1891;RandomForest
18998;Víctor Camarasa;539;Mediocentro;2015;2016;2110;6.624242;49.81;46.82;BAJO;BAJO;BAJO;BAJO;0.4895;0.3543;0.1562;RandomForest
19071;Emiliano Buendia;546;Mediocentro;2015;2016;739;6.605882;49.47;;;BAJO;MEDIO;MEDIO;0.4922;0.383;0.1248;RandomForest
19129;Pablo Hernández;728;Mediocentro;2015;2016;1916;6.75;58.69;;;MEDIO;MEDIO;MEDIO;0.2751;0.4686;0.2563;RandomForest
19533;Jota Peleteiro;545;Mediocentro;2015;2016;692;6.516666;44.65;17.67;;BAJO;BAJO;BAJO;0.5277;0.3126;0.1597;RandomForest
21099;Rene Krhin;715;Mediocentro;2015;2016;1430;6.804545;59.96;57.76;MEDIO;MEDIO;MEDIO;MEDIO;0.3442;0.466;0.1897;RandomForest
22167;Danilo;532;Mediocentro;2015;2016;1365;6.836842;65.61;;;MEDIO;MEDIO;MEDIO;0.2912;0.4506;0.2582;RandomForest
25131;Patrick Ebert;728;Mediocentro;2015;2016;556;6.411111;35.12;;;BAJO;BAJO;BAJO;0.5498;0.303;0.1472;RandomForest
25409;Ignacio Camacho;535;Mediocentro;2015;2016;2008;7.226086;82.97;79.2;ALTO;ALTO;ALTO;ALTO;0.1083;0.2427;0.649;RandomForest
26728;Piti;715;Mediocentro;2015;2016;752;6.887499999999999;55.81;;;BAJO;BAJO;MEDIO;0.4602;0.3829;0.1569;RandomForest
27031;Nili;534;Mediocentro;2015;2016;317;6.666666;43.6;;;BAJO;BAJO;ALTO;0.4815;0.338;0.1804;RandomForest
33243;Andrés Iniesta;529;Mediocentro;2015;2016;2247;7.367857000000001;81.89;77.37;ALTO;ALTO;ALTO;ALTO;0.044;0.071;0.8851;RandomForest
33249;Sergi Samper;529;Mediocentro;2015;2016;29;6.9;33.96;33.26;BAJO;BAJO;BAJO;MEDIO;0.6143;0.2582;0.1275;RandomForest
33395;Isaac Cuenca;715;Mediocentro;2015;2016;787;6.733333;56.74;47.68;BAJO;BAJO;BAJO;BAJO;0.5911;0.2917;0.1171;RandomForest
35810;Abraham González;540;Mediocentro;2015;2016;1101;6.726315;50.88;;;BAJO;MEDIO;MEDIO;0.4959;0.3735;0.1306;RandomForest
40258;Borja Fernández;538;Mediocentro;2015;2016;132;6.475;23.43;;;BAJO;BAJO;BAJO;0.6311;0.2403;0.1286;RandomForest
41307;Fábio Espinho;535;Mediocentro;2015;2016;87;6.6;25.33;;;BAJO;BAJO;BAJO;0.5885;0.2636;0.148;RandomForest
41333;Luis Farina;728;Mediocentro;2015;2016;52;6.166666;15.95;;;BAJO;BAJO;BAJO;0.6235;0.2491;0.1274;RandomForest
41439;Ricardo Costa;715;Mediocentro;2015;2016;1250;7.007142;62.52;;;MEDIO;BAJO;BAJO;0.3904;0.4434;0.1663;RandomForest
41475;Fernando Tissone;535;Mediocentro;2015;2016;997;6.827272;62.92;;;BAJO;MEDIO;BAJO;0.4178;0.3892;0.193;RandomForest
42039;Gabi;530;Mediocentro;2015;2016;2883;7.151427999999999;77.73;75.67;ALTO;ALTO;ALTO;ALTO;0.0487;0.1701;0.7812;RandomForest
42992;Emmanuel Culio;534;Mediocentro;2015;2016;558;6.8;60.62;;;MEDIO;MEDIO;MEDIO;0.2912;0.4466;0.2623;RandomForest
43184;Rachid Aït-Atmane;731;Mediocentro;2015;2016;1055;6.825;57.46;33.28;BAJO;BAJO;BAJO;BAJO;0.4838;0.3674;0.1488;RandomForest
44318;Petros;543;Mediocentro;2015;2016;2328;6.903333;68.55;74.99;ALTO;ALTO;ALTO;MEDIO;0.1868;0.3974;0.4158;RandomForest
46658;Rubén García;539;Mediocentro;2015;2016;1009;6.60909;49.48;;;BAJO;MEDIO;MEDIO;0.4454;0.4141;0.1405;RandomForest
46659;Robert Ibáñez;715;Mediocentro;2015;2016;695;6.311111000000001;32.82;54.47;;BAJO;BAJO;BAJO;0.5898;0.3215;0.0887;RandomForest
46687;Ángel Montoro;534;Mediocentro;2015;2016;433;6.833333;49.67;59.75;MEDIO;MEDIO;MEDIO;MEDIO;0.4176;0.4291;0.1534;RandomForest
46692;Álvaro Vadillo;543;Mediocentro;2015;2016;85;6.5;20.1;;;BAJO;BAJO;BAJO;0.6431;0.2355;0.1214;RandomForest
46743;Salva Sevilla;540;Mediocentro;2015;2016;526;6.672727;42.14;18.39;;BAJO;BAJO;BAJO;0.5173;0.345;0.1377;RandomForest
46768;Ager Aketxe;531;Mediocentro;2015;2016;186;6.533333;27.5;;;BAJO;BAJO;BAJO;0.5857;0.2674;0.147;RandomForest
46772;José Mari;539;Mediocentro;2015;2016;801;6.908332999999999;66.51;;;MEDIO;MEDIO;BAJO;0.2931;0.436;0.2709;RandomForest
46796;Álex Bergantiños;544;Mediocentro;2015;2016;1750;6.966665999999999;69.22;50.17;BAJO;MEDIO;MEDIO;BAJO;0.3407;0.3753;0.284;RandomForest
46797;Federico Cartabia;544;Mediocentro;2015;2016;1355;6.915384;75.51;25.02;;MEDIO;MEDIO;MEDIO;0.1735;0.4623;0.3642;RandomForest
46800;Vicente Gómez;534;Mediocentro;2015;2016;1461;6.861904000000001;67.7;67.75;MEDIO;MEDIO;MEDIO;MEDIO;0.2608;0.5061;0.2331;RandomForest
46801;Michael Krohn-Dehli;536;Mediocentro;2015;2016;1657;6.918518;62.96;20.15;;ALTO;MEDIO;ALTO;0.1835;0.4046;0.412;RandomForest
46802;Matías Nahuel;533;Mediocentro;2015;2016;999;6.465;39.57;17.47;;BAJO;BAJO;ALTO;0.5601;0.3277;0.1122;RandomForest
46803;Joni Montiel;728;Mediocentro;2015;2016;209;6.3125;19.61;;;BAJO;BAJO;BAJO;0.6192;0.2277;0.1531;RandomForest
46805;Pedro Mosquera;544;Mediocentro;2015;2016;3288;7.113513;75.16;73.49;ALTO;ALTO;ALTO;ALTO;0.0774;0.2116;0.711;RandomForest
46827;Adrián González;545;Mediocentro;2015;2016;2232;6.693548;51.38;42.81;BAJO;MEDIO;MEDIO;BAJO;0.4307;0.433;0.1363;RandomForest
46829;Mehdi Lacen;546;Mediocentro;2015;2016;2664;6.787096;58.71;;;MEDIO;BAJO;MEDIO;0.3655;0.4012;0.2333;RandomForest
46832;Javier Ontiveros;535;Mediocentro;2015;2016;56;6.4;20.08;46.23;BAJO;BAJO;BAJO;BAJO;0.5999;0.2495;0.1507;RandomForest
46884;Carlos Carmona;731;Mediocentro;2015;2016;1223;6.815;65.04;54.38;MEDIO;MEDIO;MEDIO;MEDIO;0.2101;0.5215;0.2685;RandomForest
46895;Pablo Pérez;731;Mediocentro;2015;2016;747;6.435294;36.75;;;BAJO;BAJO;MEDIO;0.5973;0.3159;0.0868;RandomForest
46897;Hernán;534;Mediocentro;2015;2016;927;6.738888;52.29;26.22;;BAJO;BAJO;BAJO;0.4791;0.3611;0.1598;RandomForest
46952;Eddy Silvestre;545;Mediocentro;2015;2016;207;6.66;32.18;;;BAJO;BAJO;MEDIO;0.5907;0.2887;0.1206;RandomForest
46981;Xavi Torres;543;Mediocentro;2015;2016;633;6.458333;34.1;30.66;BAJO;BAJO;BAJO;BAJO;0.6841;0.2278;0.088;RandomForest
47001;Javi Castellano;534;Mediocentro;2015;2016;90;7.3;46.73;31.89;;BAJO;BAJO;ALTO;0.566;0.2908;0.1432;RandomForest
47034;José Antonio Reyes;536;Mediocentro;2015;2016;1185;6.65;52.45;45.57;BAJO;BAJO;BAJO;BAJO;0.4817;0.3451;0.1732;RandomForest
47086;Paco Montañés;540;Mediocentro;2015;2016;272;6.542857;31.46;;;BAJO;BAJO;BAJO;0.5974;0.2769;0.1257;RandomForest
47108;Verza;539;Mediocentro;2015;2016;2126;6.985714;68.27;;;MEDIO;MEDIO;MEDIO;0.1503;0.434;0.4157;RandomForest
47226;Antonio Cotan;536;Mediocentro;2015;2016;90;6.2;15.54;;;BAJO;BAJO;BAJO;0.6393;0.2186;0.1421;RandomForest
47230;Javi Marquez;715;Mediocentro;2015;2016;1314;6.678947;50.86;44.3;;BAJO;MEDIO;MEDIO;0.4388;0.4215;0.1397;RandomForest
47259;Markel Bergara;548;Mediocentro;2015;2016;1355;6.904999999999999;65.36;28.39;;MEDIO;MEDIO;MEDIO;0.355;0.4442;0.2009;RandomForest
47260;Sebastián Cristóforo;536;Mediocentro;2015;2016;1451;6.738095;56.25;;;MEDIO;MEDIO;MEDIO;0.3663;0.4371;0.1966;RandomForest
47262;Francisco Portillo;543;Mediocentro;2015;2016;965;6.572222;40.93;;;BAJO;BAJO;MEDIO;0.4814;0.3113;0.2073;RandomForest
47280;Beñat Etxebarria;531;Mediocentro;2015;2016;2900;7.183333;76.82;77.24;ALTO;ALTO;ALTO;ALTO;0.02;0.0862;0.8938;RandomForest
47281;Dani García;545;Mediocentro;2015;2016;3057;6.947058;71.54;73.03;ALTO;ALTO;ALTO;ALTO;0.1129;0.3247;0.5624;RandomForest
47282;Raúl García;531;Mediocentro;2015;2016;2384;7.113332999999999;61.55;73.19;ALTO;ALTO;ALTO;ALTO;0.1335;0.2192;0.6473;RandomForest
47283;Ibai Gómez;531;Mediocentro;2015;2016;116;6.54;22.13;64.53;MEDIO;BAJO;BAJO;BAJO;0.6281;0.256;0.1158;RandomForest
47284;Ander Iturraspe;531;Mediocentro;2015;2016;699;6.79375;53.94;46.38;BAJO;BAJO;BAJO;BAJO;0.5263;0.3303;0.1434;RandomForest
47287;Mikel Rico;531;Mediocentro;2015;2016;692;6.7875;53.46;40.94;BAJO;BAJO;BAJO;BAJO;0.5579;0.324;0.1181;RandomForest
47288;Mikel San José;531;Mediocentro;2015;2016;2691;6.9;69.62;63.26;MEDIO;MEDIO;MEDIO;MEDIO;0.1992;0.5244;0.2764;RandomForest
47310;Asier Illarramendi;548;Mediocentro;2015;2016;2847;7.30606;85.93;86.52;ALTO;ALTO;ALTO;ALTO;0.063;0.0995;0.8375;RandomForest
47312;Rubén Pardo;548;Mediocentro;2015;2016;1786;7.157142;68.03;58.13;MEDIO;MEDIO;MEDIO;MEDIO;0.0837;0.5272;0.3891;RandomForest
47316;David Zurutuza;548;Mediocentro;2015;2016;1128;6.893333;73.58;71.51;MEDIO;MEDIO;MEDIO;MEDIO;0.1788;0.4916;0.3296;RandomForest
47336;Sergi Darder;535;Mediocentro;2015;2016;85;7.3;47.93;;;BAJO;BAJO;BAJO;0.5694;0.2374;0.1931;RandomForest
47337;Esteban Granero;548;Mediocentro;2015;2016;835;6.960000000000001;72.94;59.38;MEDIO;MEDIO;MEDIO;MEDIO;0.1969;0.4572;0.3458;RandomForest
47340;Pablo Piatti;532;Mediocentro;2015;2016;790;6.55238;39.79;69.08;MEDIO;BAJO;BAJO;MEDIO;0.4942;0.4166;0.0892;RandomForest
47342;Víctor Sánchez;540;Mediocentro;2015;2016;2315;6.920689;74.5;68.62;MEDIO;MEDIO;MEDIO;MEDIO;0.1748;0.4875;0.3377;RandomForest
47362;Burgui;540;Mediocentro;2015;2016;974;6.78;57.97;63.27;MEDIO;MEDIO;MEDIO;MEDIO;0.322;0.5224;0.1556;RandomForest
47365;Tomás Pina;533;Mediocentro;2015;2016;1632;6.934615;65.21;;;MEDIO;MEDIO;MEDIO;0.273;0.3879;0.3391;RandomForest
47366;Jony;731;Mediocentro;2015;2016;2872;6.619444;57.82;39.58;BAJO;MEDIO;MEDIO;BAJO;0.3498;0.3876;0.2626;RandomForest
47385;Sergio Álvarez;731;Mediocentro;2015;2016;2189;6.974074;74.95;65.97;MEDIO;MEDIO;ALTO;MEDIO;0.127;0.452;0.4209;RandomForest
47387;Papakouli Diop;540;Mediocentro;2015;2016;2485;6.896551;69.81;36.84;BAJO;BAJO;MEDIO;BAJO;0.3918;0.3778;0.2303;RandomForest
47388;Gonzalo Escalante;545;Mediocentro;2015;2016;1472;6.960606;75.2;52.88;BAJO;ALTO;ALTO;MEDIO;0.2669;0.3256;0.4075;RandomForest
47389;Joan Jordán;540;Mediocentro;2015;2016;623;7.0;70.53;;;MEDIO;MEDIO;ALTO;0.2405;0.4532;0.3063;RandomForest
47392;Pedro León;546;Mediocentro;2015;2016;1849;6.653333;57.55;72.4;ALTO;MEDIO;MEDIO;MEDIO;0.2752;0.4202;0.3045;RandomForest
47411;Nabil El Zhar;534;Mediocentro;2015;2016;1706;6.534482;44.21;48.32;BAJO;BAJO;BAJO;BAJO;0.4732;0.3198;0.207;RandomForest
47412;Javier Eraso;531;Mediocentro;2015;2016;778;6.46875;35.85;25.27;;BAJO;BAJO;BAJO;0.6266;0.2727;0.1007;RandomForest
47413;Recio;535;Mediocentro;2015;2016;2750;7.034375;77.51;70.58;MEDIO;ALTO;MEDIO;MEDIO;0.0922;0.4461;0.4617;RandomForest
47414;Gerard Gumbau;529;Mediocentro;2015;2016;42;6.200000000000001;15.14;;;BAJO;BAJO;BAJO;0.6436;0.2368;0.1196;RandomForest
47415;Rubén Pérez;715;Mediocentro;2015;2016;2484;6.938708999999999;71.45;69.06;MEDIO;MEDIO;MEDIO;MEDIO;0.1451;0.5007;0.3542;RandomForest
47441;Nemanja Radoja;538;Mediocentro;2015;2016;1449;6.814814;54.79;62.37;MEDIO;MEDIO;BAJO;BAJO;0.4044;0.4333;0.1623;RandomForest
47442;Jozabed Sánchez;728;Mediocentro;2015;2016;2062;6.881481;61.29;55.49;MEDIO;MEDIO;MEDIO;MEDIO;0.1914;0.5627;0.246;RandomForest
47468;Ruben Rochina;715;Mediocentro;2015;2016;2495;7.079999999999999;84.03;;;ALTO;ALTO;ALTO;0.083;0.2722;0.6447;RandomForest
47539;Uche Agbo;715;Mediocentro;2015;2016;255;6.583333;29.96;57.57;MEDIO;BAJO;BAJO;BAJO;0.5329;0.3204;0.1467;RandomForest
47542;Gorka Elustondo;531;Mediocentro;2015;2016;465;6.7;47.84;52.54;;BAJO;BAJO;MEDIO;0.5453;0.3227;0.132;RandomForest
47545;Gaël Kakuta;536;Mediocentro;2015;2016;47;6.5;17.57;45.53;BAJO;BAJO;BAJO;BAJO;0.6753;0.227;0.0977;RandomForest
47546;Álvaro Medrán;546;Mediocentro;2015;2016;1486;6.6000000000000005;50.56;48.86;BAJO;BAJO;BAJO;BAJO;0.4702;0.3955;0.1343;RandomForest
47574;Moi Gómez;546;Mediocentro;2015;2016;915;6.668181000000001;48.85;52.23;BAJO;BAJO;BAJO;BAJO;0.5523;0.3046;0.1431;RandomForest
49859;Arda Turan;529;Mediocentro;2015;2016;814;6.733333;53.03;77.26;ALTO;ALTO;MEDIO;ALTO;0.3284;0.3238;0.3478;RandomForest
51014;Wilfried Zahibo;532;Mediocentro;2015;2016;136;6.25;17.26;;;BAJO;BAJO;BAJO;0.6715;0.223;0.1055;RandomForest
51112;Víctor Rodríguez;546;Mediocentro;2015;2016;2309;6.651515;50.92;49.5;BAJO;BAJO;BAJO;BAJO;0.4815;0.3683;0.1502;RandomForest
51294;Lass Bangoura;728;Mediocentro;2015;2016;801;6.325;43.05;;;BAJO;BAJO;BAJO;0.5269;0.3612;0.112;RandomForest
51576;Chori Castro;535;Mediocentro;2015;2016;1399;6.9;64.02;58.17;MEDIO;MEDIO;MEDIO;MEDIO;0.2287;0.5468;0.2245;RandomForest
53659;Miguel Cardoso;544;Mediocentro;2015;2016;41;6.733332999999999;28.8;;;BAJO;BAJO;BAJO;0.6111;0.2602;0.1286;RandomForest
56131;Aras Özbiliz;728;Mediocentro;2015;2016;99;6.333333;18.02;;;BAJO;BAJO;BAJO;0.642;0.2326;0.1254;RandomForest
59927;Alex Barrera;731;Mediocentro;2015;2016;57;6.58;23.69;;;BAJO;BAJO;MEDIO;0.644;0.235;0.121;RandomForest
61160;Dejan Dražić;538;Mediocentro;2015;2016;103;6.25;16.31;;;BAJO;BAJO;BAJO;0.6723;0.2201;0.1076;RandomForest
62032;Lévy Madinda;538;Mediocentro;2015;2016;0;;15.12;;;BAJO;BAJO;MEDIO;0.5795;0.2535;0.167;RandomForest
63550;Karim Yoda;546;Mediocentro;2015;2016;971;6.564705;49.25;;;BAJO;BAJO;BAJO;0.4814;0.3724;0.1462;RandomForest
70495;Fran Rico;715;Mediocentro;2015;2016;1445;6.775;56.13;67.15;MEDIO;MEDIO;MEDIO;MEDIO;0.2421;0.5545;0.2034;RandomForest
77168;Álvaro Cejudo;543;Mediocentro;2015;2016;1876;6.696666;60.17;54.42;MEDIO;MEDIO;BAJO;MEDIO;0.2946;0.4952;0.2102;RandomForest
78739;Joan Verdu;539;Mediocentro;2015;2016;907;6.846153;59.91;;;MEDIO;MEDIO;MEDIO;0.2657;0.4663;0.2679;RandomForest
95590;Manuel Iturra;728;Mediocentro;2015;2016;383;6.483333;27.26;;;BAJO;BAJO;BAJO;0.6005;0.273;0.1266;RandomForest
104131;Foued Kadir;543;Mediocentro;2015;2016;484;6.5375;36.77;;;BAJO;BAJO;BAJO;0.5472;0.3141;0.1386;RandomForest
104794;Xabi Prieto;548;Mediocentro;2015;2016;2380;0.0;43.97;48.16;BAJO;BAJO;BAJO;BAJO;0.705;0.1652;0.1299;RandomForest
104838;Duda;535;Mediocentro;2015;2016;1061;0.0;40.28;31.23;;BAJO;BAJO;BAJO;0.5691;0.2555;0.1754;RandomForest
104839;Tiago;530;Mediocentro;2015;2016;1053;0.0;42.14;32.75;;BAJO;BAJO;BAJO;0.5784;0.2501;0.1714;RandomForest
104841;Josep Señé;538;Mediocentro;2015;2016;383;6.285714;28.15;35.73;BAJO;BAJO;BAJO;BAJO;0.6728;0.2301;0.0971;RandomForest
104861;Didier Digard;543;Mediocentro;2015;2016;293;6.614285;32.61;33.89;;BAJO;BAJO;BAJO;0.5935;0.2844;0.1221;RandomForest
104925;Tropi;532;Mediocentro;2015;2016;2;0.0;9.68;;;BAJO;ALTO;BAJO;0.5737;0.271;0.1553;RandomForest
104932;Curro;536;Mediocentro;2015;2016;300;6.15;24.94;;;BAJO;BAJO;BAJO;0.5654;0.2906;0.144;RandomForest
104980;Roberto Trashorras;728;Mediocentro;2015;2016;3118;0.0;49.94;;;BAJO;BAJO;BAJO;0.5865;0.1966;0.2168;RandomForest
104994;Eneko Capilla;548;Mediocentro;2015;2016;8;6.9;37.42;;;BAJO;BAJO;BAJO;0.6191;0.2554;0.1256;RandomForest
105032;Juan Rodriguez;546;Mediocentro;2015;2016;2516;0.0;39.84;;;BAJO;BAJO;BAJO;0.6461;0.222;0.1319;RandomForest
105045;Cani;544;Mediocentro;2015;2016;891;0.0;33.57;;;BAJO;BAJO;ALTO;0.6197;0.2273;0.153;RandomForest
105049;Jordi Xumetra;539;Mediocentro;2015;2016;526;6.307692;23.79;;;BAJO;BAJO;BAJO;0.6626;0.2376;0.0998;RandomForest
114799;Rafael van der Vaart;543;Mediocentro;2015;2016;177;0.0;21.44;;;BAJO;BAJO;ALTO;0.565;0.2465;0.1885;RandomForest
116818;Angel Lafita;546;Mediocentro;2015;2016;1019;0.0;42.7;;;BAJO;BAJO;BAJO;0.6018;0.26;0.1382;RandomForest
116820;Hugo Fraile Martin;731;Mediocentro;2015;2016;83;6.4;15.75;;;BAJO;BAJO;BAJO;0.649;0.2269;0.1241;RandomForest
116821;Juan Carlos Valerón;534;Mediocentro;2015;2016;375;0.0;32.82;;;BAJO;BAJO;BAJO;0.5772;0.2518;0.1711;RandomForest
116823;Carlos Gurpegi;531;Mediocentro;2015;2016;1143;0.0;32.32;;;BAJO;BAJO;BAJO;0.6629;0.2151;0.122;RandomForest
116832;Íñigo Barrenetxea;545;Mediocentro;2015;2016;3;0.0;12.12;;;BAJO;ALTO;BAJO;0.6005;0.2477;0.1518;RandomForest
27;Antonio Adán;543;Portero;2015;2016;3213;6.950000000000001;51.14;48.95;ALTO;ALTO;MEDIO;ALTO;0.1918;0.3391;0.469;RandomForest
29;Jan Oblak;530;Portero;2015;2016;3420;6.944736;50.1;45.44;MEDIO;MEDIO;ALTO;MEDIO;0.1828;0.4774;0.3398;RandomForest
127;Marc-André Ter Stegen;529;Portero;2015;2016;542;6.766666;32.7;56.08;ALTO;ALTO;ALTO;ALTO;0.3752;0.223;0.4018;RandomForest
253;Alphonse Aréola;533;Portero;2015;2016;2880;7.053125;57.74;;;MEDIO;ALTO;BAJO;0.2289;0.4016;0.3695;RandomForest
614;Claudio Bravo;529;Portero;2015;2016;2878;7.021875;53.81;15.91;;ALTO;ALTO;ALTO;0.1833;0.292;0.5246;RandomForest
731;Keylor Navas;541;Portero;2015;2016;3060;7.105882;58.55;46.52;MEDIO;MEDIO;ALTO;MEDIO;0.1778;0.438;0.3842;RandomForest
911;Jaume Doménech;532;Portero;2015;2016;1530;7.176470000000001;56.64;38.35;;ALTO;ALTO;ALTO;0.2919;0.3441;0.3639;RandomForest
1335;Carlos Kameni;535;Portero;2015;2016;2467;6.918517999999999;51.19;44.56;MEDIO;MEDIO;ALTO;MEDIO;0.2412;0.4296;0.3293;RandomForest
1557;Pau López;540;Portero;2015;2016;3194;6.641666;31.63;;;BAJO;MEDIO;BAJO;0.4025;0.3756;0.2218;RandomForest
1682;Sergio Asenjo;533;Portero;2015;2016;360;6.775;33.09;56.49;ALTO;ALTO;BAJO;ALTO;0.3472;0.2532;0.3997;RandomForest
1683;Mariano Barbosa;533;Portero;2015;2016;180;6.25;23.51;;;BAJO;BAJO;BAJO;0.505;0.258;0.237;RandomForest
1684;Andrés Fernández;715;Portero;2015;2016;3330;6.643243;35.63;51.46;ALTO;BAJO;MEDIO;ALTO;0.3396;0.334;0.3263;RandomForest
2098;Guillermo Ochoa;535;Portero;2015;2016;953;6.918181;46.06;44.17;MEDIO;MEDIO;BAJO;MEDIO;0.3418;0.4355;0.2227;RandomForest
2673;Beto;536;Portero;2015;2016;360;6.625;25.52;;;BAJO;BAJO;MEDIO;0.5061;0.2899;0.204;RandomForest
2741;Mathew Ryan;532;Portero;2015;2016;720;6.8875;41.46;29.66;;BAJO;BAJO;BAJO;0.4628;0.2645;0.2727;RandomForest
5986;Germán Lux;544;Portero;2015;2016;2558;6.737930999999999;37.34;34.83;BAJO;MEDIO;MEDIO;MEDIO;0.351;0.3731;0.2759;RandomForest
10151;Diego Alves;532;Portero;2015;2016;1170;6.853846;41.87;33.65;BAJO;BAJO;BAJO;ALTO;0.5548;0.2112;0.234;RandomForest
18835;Vicente Guaita;546;Portero;2015;2016;3420;6.773684;40.79;;;MEDIO;MEDIO;MEDIO;0.2631;0.4219;0.315;RandomForest
19014;Sergio Rico;536;Portero;2015;2016;3060;6.914705;49.28;50.41;ALTO;ALTO;ALTO;ALTO;0.1887;0.3712;0.4401;RandomForest
19112;Kiko Casilla;541;Portero;2015;2016;360;7.0;44.6;44.81;MEDIO;MEDIO;BAJO;MEDIO;0.3645;0.4374;0.1982;RandomForest
42979;Giedrius Arlauskis;540;Portero;2015;2016;226;5.966666;18.91;;;BAJO;BAJO;MEDIO;0.5132;0.3318;0.155;RandomForest
42980;Jesús Fernández;715;Portero;2015;2016;90;6.9;39.05;;;BAJO;BAJO;MEDIO;0.4728;0.2959;0.2314;RandomForest
46647;Rubén Martínez;539;Portero;2015;2016;1350;6.52;23.1;;;BAJO;BAJO;BAJO;0.4965;0.281;0.2225;RandomForest
46784;Dani Giménez;543;Portero;2015;2016;207;6.666666;26.18;19.44;;BAJO;BAJO;BAJO;0.4132;0.3075;0.2793;RandomForest
46870;Diego Mariño;539;Portero;2015;2016;2070;6.843478;43.56;37.17;;MEDIO;BAJO;BAJO;0.3463;0.3871;0.2665;RandomForest
46935;Raúl Lizoain;534;Portero;2015;2016;707;7.075000000000001;53.18;36.67;BAJO;BAJO;BAJO;BAJO;0.5182;0.2728;0.209;RandomForest
47153;Juan Carlos;728;Portero;2015;2016;1801;6.814285;41.08;;;ALTO;ALTO;ALTO;0.3029;0.3466;0.3506;RandomForest
47267;Iago Herrerín;531;Portero;2015;2016;174;5.8;17.59;23.97;BAJO;BAJO;BAJO;BAJO;0.5564;0.2748;0.1688;RandomForest
47296;Gerónimo Rulli;548;Portero;2015;2016;3192;6.888888;47.52;40.56;MEDIO;MEDIO;MEDIO;MEDIO;0.2657;0.5102;0.2241;RandomForest
47376;Asier Riesgo;545;Portero;2015;2016;3060;6.672727;36.7;25.02;BAJO;BAJO;MEDIO;BAJO;0.4276;0.3533;0.219;RandomForest
47399;Iván Cuéllar;731;Portero;2015;2016;2880;6.865625;42.88;39.79;MEDIO;MEDIO;MEDIO;MEDIO;0.291;0.5033;0.2057;RandomForest
47425;Sergio Álvarez;538;Portero;2015;2016;2725;6.758064;34.03;39.84;MEDIO;MEDIO;MEDIO;MEDIO;0.259;0.4929;0.2481;RandomForest
47426;Rubén Blanco;538;Portero;2015;2016;690;6.625;25.88;;;BAJO;BAJO;ALTO;0.4801;0.2595;0.2604;RandomForest
47449;Oier Olazábal;548;Portero;2015;2016;227;6.233333000000001;20.02;;;BAJO;BAJO;BAJO;0.4859;0.2646;0.2495;RandomForest
47476;Yoel Rodríguez;728;Portero;2015;2016;810;6.666666;33.22;40.96;MEDIO;BAJO;MEDIO;MEDIO;0.4356;0.3678;0.1965;RandomForest
47501;Gorka Iraizoz;531;Portero;2015;2016;3244;6.8;36.96;40.17;MEDIO;MEDIO;MEDIO;MEDIO;0.3;0.5207;0.1794;RandomForest
47528;Alberto Garcia;731;Portero;2015;2016;540;6.95;46.01;;;BAJO;BAJO;MEDIO;0.4323;0.3601;0.2077;RandomForest
47560;Javi Varas;534;Portero;2015;2016;2711;6.841935;49.88;37.92;MEDIO;MEDIO;MEDIO;MEDIO;0.2404;0.5134;0.2462;RandomForest
89980;Manu;544;Portero;2015;2016;682;0.0;18.41;;;BAJO;ALTO;ALTO;0.5577;0.2503;0.1919;RandomForest
105084;Xabier Irureta;545;Portero;2015;2016;360;6.55;22.05;;;BAJO;BAJO;ALTO;0.3872;0.3102;0.3026;RandomForest
105111;Toño;728;Portero;2015;2016;808;0.0;19.92;;;BAJO;ALTO;ALTO;0.4945;0.2165;0.289;RandomForest
115979;Stipe Pletikosa;544;Portero;2015;2016;180;0.0;15.23;;;BAJO;ALTO;ALTO;0.539;0.2958;0.1652;RandomForest
116827;Nestor Díaz;538;Portero;2015;2016;4;0.0;15.65;;;BAJO;ALTO;ALTO;0.5061;0.3119;0.182;RandomForest
31;José María Giménez;530;Defensa;2016;2017;1011;7.178571;77.59;68.18;ALTO;ALTO;ALTO;ALTO;0.1274;0.2795;0.5932;RandomForest
32;Diego Godín;530;Defensa;2016;2017;2706;7.312903;81.49;70.63;ALTO;ALTO;ALTO;ALTO;0.1126;0.231;0.6564;RandomForest
33;Lucas Hernández;530;Defensa;2016;2017;1253;6.913333;55.96;78.19;ALTO;ALTO;BAJO;MEDIO;0.2458;0.3232;0.431;RandomForest
34;Filipe Luís;530;Defensa;2016;2017;3009;7.32647;88.07;84.87;ALTO;ALTO;ALTO;ALTO;0.0313;0.1052;0.8635;RandomForest
39;Stefan Savić;530;Defensa;2016;2017;2727;7.121875;62.31;61.05;MEDIO;MEDIO;MEDIO;MEDIO;0.2262;0.4779;0.2959;RandomForest
41;Juanfran;530;Defensa;2016;2017;1978;6.869565;59.95;50.35;BAJO;BAJO;BAJO;BAJO;0.4928;0.3252;0.182;RandomForest
128;Jordi Alba;529;Defensa;2016;2017;1965;6.892307;58.85;80.84;ALTO;ALTO;ALTO;ALTO;0.1834;0.3339;0.4827;RandomForest
133;Clément Lenglet;536;Defensa;2016;2017;1359;6.988235;62.88;67.35;MEDIO;MEDIO;MEDIO;MEDIO;0.3482;0.3946;0.2572;RandomForest
136;Gerard Piqué;529;Defensa;2016;2017;2193;7.304;79.71;75.91;ALTO;ALTO;ALTO;ALTO;0.0948;0.1813;0.7238;RandomForest
139;Samuel Umtiti;529;Defensa;2016;2017;2133;7.104;73.36;76.92;ALTO;ALTO;ALTO;ALTO;0.1108;0.2666;0.6226;RandomForest
199;Šime Vrsaljko;530;Defensa;2016;2017;923;6.915384;60.76;71.0;ALTO;BAJO;BAJO;ALTO;0.3973;0.3014;0.3012;RandomForest
373;Pepe;541;Defensa;2016;2017;1081;7.223076;77.86;;;ALTO;MEDIO;ALTO;0.1713;0.3481;0.4806;RandomForest
434;Mariano;536;Defensa;2016;2017;2642;6.845161;62.11;;;MEDIO;MEDIO;MEDIO;0.2941;0.4152;0.2907;RandomForest
446;Ryan Donk;543;Defensa;2016;2017;856;6.71875;40.37;;;BAJO;BAJO;BAJO;0.604;0.2933;0.1028;RandomForest
596;Hélder Lopes;534;Defensa;2016;2017;1225;6.506666;43.67;;;BAJO;BAJO;BAJO;0.5052;0.3404;0.1543;RandomForest
618;Danilo;541;Defensa;2016;2017;1488;7.170588;82.21;;;ALTO;ALTO;ALTO;0.0789;0.3349;0.5862;RandomForest
622;Aymeric Laporte;531;Defensa;2016;2017;2866;7.084848;72.15;72.5;ALTO;ALTO;ALTO;ALTO;0.0949;0.2528;0.6523;RandomForest
733;Daniel Carvajal;541;Defensa;2016;2017;2014;6.982608;74.54;83.33;ALTO;ALTO;ALTO;ALTO;0.0638;0.1817;0.7545;RandomForest
735;Nacho Fernández;541;Defensa;2016;2017;2301;6.967857;67.63;66.55;MEDIO;MEDIO;ALTO;MEDIO;0.1504;0.436;0.4136;RandomForest
737;Álvaro Odriozola;548;Defensa;2016;2017;1285;6.413333000000001;40.18;40.91;BAJO;BAJO;BAJO;BAJO;0.5474;0.2646;0.188;RandomForest
738;Sergio Ramos;541;Defensa;2016;2017;2489;7.232142;82.42;84.48;ALTO;ALTO;ALTO;ALTO;0.0571;0.1575;0.7854;RandomForest
742;Raphaël Varane;541;Defensa;2016;2017;1928;7.117391;71.09;65.11;MEDIO;MEDIO;MEDIO;MEDIO;0.2387;0.4278;0.3335;RandomForest
743;Marcelo;541;Defensa;2016;2017;2277;7.006666;74.71;80.05;ALTO;ALTO;ALTO;ALTO;0.065;0.1883;0.7467;RandomForest
757;Lucas Vázquez;541;Defensa;2016;2017;1385;6.88;62.09;69.02;ALTO;ALTO;ALTO;ALTO;0.1448;0.4005;0.4548;RandomForest
855;João Cancelo;532;Defensa;2016;2017;2426;6.751428;63.72;53.49;;MEDIO;ALTO;BAJO;0.2476;0.4269;0.3255;RandomForest
917;Ezequiel Garay;532;Defensa;2016;2017;2341;7.014814;69.78;50.44;BAJO;MEDIO;MEDIO;BAJO;0.3235;0.3524;0.3241;RandomForest
918;José Luis Gayà;532;Defensa;2016;2017;2090;6.855555;66.37;78.3;ALTO;MEDIO;MEDIO;BAJO;0.2601;0.4184;0.3214;RandomForest
920;Toni Lato;532;Defensa;2016;2017;479;6.775;45.14;41.13;BAJO;BAJO;BAJO;BAJO;0.557;0.3157;0.1273;RandomForest
921;Cristiano Piccini;543;Defensa;2016;2017;1742;6.482608;47.65;;;BAJO;BAJO;BAJO;0.4253;0.4073;0.1674;RandomForest
922;Facundo Roncaglia;538;Defensa;2016;2017;2716;6.84375;61.61;52.17;MEDIO;MEDIO;ALTO;BAJO;0.2927;0.4747;0.2326;RandomForest
1028;Mikel González;548;Defensa;2016;2017;665;6.9;52.72;;;BAJO;BAJO;BAJO;0.5143;0.3334;0.1523;RandomForest
1448;Shkodran Mustafi;532;Defensa;2016;2017;44;6.8;31.46;;;BAJO;BAJO;BAJO;0.6161;0.2493;0.1346;RandomForest
1480;Jérémy Mathieu;529;Defensa;2016;2017;1040;7.0;62.23;;;MEDIO;MEDIO;ALTO;0.3885;0.4198;0.1917;RandomForest
1562;Sidnei;544;Defensa;2016;2017;2491;6.889655000000001;56.23;72.57;ALTO;MEDIO;MEDIO;MEDIO;0.3609;0.3718;0.2673;RandomForest
1563;Zouhair Feddal;542;Defensa;2016;2017;2246;7.118518;67.98;70.73;ALTO;MEDIO;MEDIO;ALTO;0.2458;0.394;0.3603;RandomForest
1567;Aïssa Mandi;543;Defensa;2016;2017;2217;6.926923;67.13;70.34;ALTO;ALTO;MEDIO;MEDIO;0.2145;0.3558;0.4298;RandomForest
1630;Mateo Musacchio;533;Defensa;2016;2017;2067;6.982608;56.38;;;MEDIO;BAJO;MEDIO;0.3683;0.4007;0.231;RandomForest
1685;Daniele Bonera;533;Defensa;2016;2017;540;7.1;50.88;49.26;BAJO;BAJO;BAJO;BAJO;0.5688;0.2914;0.1398;RandomForest
1687;Jaume Costa;533;Defensa;2016;2017;2681;7.009677000000001;73.07;64.98;MEDIO;MEDIO;ALTO;MEDIO;0.108;0.4561;0.4359;RandomForest
1689;Álvaro González;533;Defensa;2016;2017;2063;6.1;22.13;55.38;MEDIO;BAJO;BAJO;BAJO;0.5855;0.2725;0.142;RandomForest
1691;Mario Gaspar;533;Defensa;2016;2017;3240;7.066666;73.78;80.03;ALTO;ALTO;ALTO;ALTO;0.0837;0.2864;0.6298;RandomForest
1693;Víctor Ruiz;533;Defensa;2016;2017;2367;6.932142;62.27;66.0;MEDIO;MEDIO;ALTO;BAJO;0.2351;0.5099;0.255;RandomForest
1839;Riza Durmisi;543;Defensa;2016;2017;2387;6.737037;58.16;45.22;BAJO;MEDIO;MEDIO;BAJO;0.3639;0.3718;0.2643;RandomForest
1899;Aymen Abdennour;532;Defensa;2016;2017;877;6.683333000000001;40.54;;;BAJO;BAJO;BAJO;0.6109;0.2783;0.1108;RandomForest
1906;Adil Rami;536;Defensa;2016;2017;1785;6.928571;57.46;;;BAJO;BAJO;MEDIO;0.3801;0.362;0.2578;RandomForest
2040;Sergio Escudero;536;Defensa;2016;2017;2282;7.038461;80.82;74.86;ALTO;ALTO;ALTO;ALTO;0.0541;0.1541;0.7919;RandomForest
2042;Sergi Gómez;538;Defensa;2016;2017;1903;6.8;51.02;58.56;MEDIO;MEDIO;MEDIO;MEDIO;0.3724;0.4762;0.1514;RandomForest
2043;Daniel Carriço;536;Defensa;2016;2017;454;6.45;25.31;38.74;BAJO;BAJO;BAJO;BAJO;0.6964;0.2066;0.097;RandomForest
2044;Gabriel Mercado;536;Defensa;2016;2017;2188;6.737931;50.64;56.13;MEDIO;MEDIO;MEDIO;MEDIO;0.3361;0.4854;0.1786;RandomForest
2047;Aleix Vidal;529;Defensa;2016;2017;475;7.25;68.93;36.55;BAJO;BAJO;BAJO;BAJO;0.43;0.322;0.2481;RandomForest
2230;Antonio Rukavina;533;Defensa;2016;2017;271;6.666666;25.3;34.36;BAJO;BAJO;BAJO;BAJO;0.6134;0.2602;0.1263;RandomForest
2361;Sverrir Ingi Ingason;715;Defensa;2016;2017;1473;6.811764;50.99;;;BAJO;MEDIO;MEDIO;0.4887;0.3671;0.1441;RandomForest
2366;Alin Toșca;543;Defensa;2016;2017;1503;6.7;46.27;26.24;;BAJO;BAJO;MEDIO;0.5806;0.301;0.1184;RandomForest
2444;Roberto Rosales;535;Defensa;2016;2017;2861;6.846875;64.78;74.41;ALTO;ALTO;ALTO;ALTO;0.1668;0.3541;0.4791;RandomForest
2445;Mikel Villanueva;535;Defensa;2016;2017;1263;6.666666;42.14;;;BAJO;BAJO;MEDIO;0.5205;0.3313;0.1482;RandomForest
2469;Germán Pezzella;543;Defensa;2016;2017;3103;6.919444;64.76;;;MEDIO;MEDIO;ALTO;0.1676;0.4726;0.3597;RandomForest
2670;Iñigo Martínez;548;Defensa;2016;2017;3000;7.047058;77.31;74.0;ALTO;ALTO;ALTO;ALTO;0.0657;0.1643;0.7701;RandomForest
2724;Lucas Digne;529;Defensa;2016;2017;1175;6.847058;60.28;61.08;MEDIO;MEDIO;MEDIO;ALTO;0.3652;0.4423;0.1925;RandomForest
2875;Diego Reyes;540;Defensa;2016;2017;2889;6.996969;67.67;;;MEDIO;MEDIO;MEDIO;0.1618;0.4276;0.4106;RandomForest
3170;Carl Medjani;537;Defensa;2016;2017;595;6.4375;28.87;;;BAJO;BAJO;BAJO;0.6849;0.2178;0.0973;RandomForest
6084;Gastón Silva;715;Defensa;2016;2017;1747;6.631818;44.75;;;BAJO;BAJO;MEDIO;0.448;0.3779;0.1741;RandomForest
10236;Michel Macedo;534;Defensa;2016;2017;2086;6.62;43.44;53.67;MEDIO;MEDIO;BAJO;MEDIO;0.3792;0.4336;0.1872;RandomForest
13073;Javier Mascherano;529;Defensa;2016;2017;1916;7.248;73.63;59.17;MEDIO;MEDIO;ALTO;ALTO;0.095;0.5601;0.3448;RandomForest
18740;Jonny Otto;538;Defensa;2016;2017;2206;6.775862;60.56;68.45;ALTO;MEDIO;MEDIO;MEDIO;0.2956;0.3637;0.3408;RandomForest
18794;Kiko Femenía;542;Defensa;2016;2017;2502;6.803224999999999;58.59;;;BAJO;BAJO;BAJO;0.4182;0.3685;0.2133;RandomForest
18800;Marc Navarro;540;Defensa;2016;2017;789;6.908333000000001;67.37;37.26;BAJO;BAJO;MEDIO;BAJO;0.4402;0.3544;0.2054;RandomForest
18867;Diego Rico;537;Defensa;2016;2017;2222;6.892;63.81;82.17;ALTO;MEDIO;MEDIO;MEDIO;0.1844;0.4089;0.4067;RandomForest
18895;Florian Lejeune;545;Defensa;2016;2017;2970;7.097058;74.14;;;ALTO;ALTO;ALTO;0.107;0.2964;0.5966;RandomForest
18965;Martín Montoya;532;Defensa;2016;2017;2222;6.833333;64.36;73.34;ALTO;MEDIO;MEDIO;MEDIO;0.2437;0.3926;0.3637;RandomForest
20631;Matthieu Saunier;715;Defensa;2016;2017;1309;6.946666;60.53;;;BAJO;BAJO;BAJO;0.4188;0.368;0.2132;RandomForest
20997;Rafa Navarro;543;Defensa;2016;2017;1278;6.661111000000001;46.16;23.97;;BAJO;BAJO;BAJO;0.5597;0.3219;0.1184;RandomForest
21494;Franck Tabanou;715;Defensa;2016;2017;370;6.283333;23.55;;;BAJO;BAJO;BAJO;0.6918;0.2151;0.0931;RandomForest
22084;Gabriel Silva;715;Defensa;2016;2017;976;6.516666;39.6;;;BAJO;BAJO;BAJO;0.5561;0.3163;0.1275;RandomForest
22086;Timothée Kolodziejczak;536;Defensa;2016;2017;328;6.94;49.21;;;BAJO;BAJO;BAJO;0.4827;0.3531;0.1641;RandomForest
24793;Jorge Meré;731;Defensa;2016;2017;2774;6.832258000000001;56.91;;;MEDIO;MEDIO;BAJO;0.3591;0.4459;0.195;RandomForest
25914;Aarón Martin Caricol;540;Defensa;2016;2017;2586;6.673333;53.47;57.8;MEDIO;MEDIO;BAJO;MEDIO;0.3535;0.4717;0.1748;RandomForest
30524;Mauricio Lemos;534;Defensa;2016;2017;1854;7.122727;74.81;48.38;BAJO;ALTO;ALTO;BAJO;0.2843;0.327;0.3887;RandomForest
30529;Marlon;529;Defensa;2016;2017;180;7.25;50.45;;;BAJO;BAJO;BAJO;0.599;0.2417;0.1593;RandomForest
35903;Alejandro Arribas;544;Defensa;2016;2017;1907;6.869565;57.1;19.14;;BAJO;BAJO;ALTO;0.4049;0.3664;0.2287;RandomForest
39714;Jhon Steven;727;Defensa;2016;2017;429;6.92;51.4;;;BAJO;BAJO;MEDIO;0.4891;0.348;0.1628;RandomForest
40201;Iván Márquez;727;Defensa;2016;2017;360;6.05;16.77;;;BAJO;BAJO;BAJO;0.6114;0.2497;0.1388;RandomForest
40553;Nikola Vujadinović;727;Defensa;2016;2017;789;6.5600000000000005;42.48;;;BAJO;BAJO;MEDIO;0.6185;0.2721;0.1094;RandomForest
41176;Fábio Coentrão;541;Defensa;2016;2017;169;6.966666;42.91;;;BAJO;BAJO;BAJO;0.5241;0.2904;0.1855;RandomForest
41415;Luis Martins;715;Defensa;2016;2017;73;6.6;20.26;;;BAJO;BAJO;BAJO;0.6041;0.2452;0.1507;RandomForest
44419;Aderllan Santos;532;Defensa;2016;2017;1000;6.9;54.19;;;BAJO;BAJO;MEDIO;0.4399;0.4101;0.15;RandomForest
44423;Alexis Ruano;542;Defensa;2016;2017;1815;6.695652;42.74;40.49;BAJO;BAJO;BAJO;BAJO;0.6158;0.2808;0.1034;RandomForest
46650;Lillo Castellano;731;Defensa;2016;2017;2137;6.504;39.3;;;BAJO;MEDIO;BAJO;0.4642;0.3769;0.1589;RandomForest
46651;Carlos Clerc;727;Defensa;2016;2017;1948;6.456;46.4;;;BAJO;MEDIO;MEDIO;0.4468;0.3428;0.2104;RandomForest
46652;Unai García;727;Defensa;2016;2017;1870;6.7;47.0;;;MEDIO;MEDIO;MEDIO;0.3193;0.4458;0.2349;RandomForest
46653;David García;727;Defensa;2016;2017;2189;6.74;46.81;;;BAJO;MEDIO;BAJO;0.4334;0.4191;0.1475;RandomForest
46656;Oier;727;Defensa;2016;2017;3150;6.622222;49.33;;;BAJO;MEDIO;BAJO;0.4052;0.4046;0.1902;RandomForest
46677;Víctor Díaz;537;Defensa;2016;2017;1811;6.67826;53.78;;;MEDIO;MEDIO;MEDIO;0.3953;0.4016;0.2031;RandomForest
46681;Álex Martínez;543;Defensa;2016;2017;967;6.666666;42.46;;;BAJO;BAJO;MEDIO;0.5226;0.346;0.1313;RandomForest
46709;Álvaro Tejero;541;Defensa;2016;2017;2;0.0;9.5;;;BAJO;ALTO;BAJO;0.5971;0.2705;0.1323;RandomForest
46731;Pervis Estupiñán;715;Defensa;2016;2017;180;6.95;46.42;;;BAJO;BAJO;BAJO;0.5232;0.3132;0.1636;RandomForest
46765;Aleksandar Pantić;542;Defensa;2016;2017;154;6.75;28.42;;;BAJO;BAJO;BAJO;0.5976;0.2676;0.1348;RandomForest
46786;Eneko Bóveda;531;Defensa;2016;2017;1559;6.978946999999999;64.75;28.4;BAJO;BAJO;MEDIO;BAJO;0.3525;0.3336;0.3139;RandomForest
46793;David Simón;534;Defensa;2016;2017;1321;6.7;57.95;49.64;BAJO;BAJO;MEDIO;BAJO;0.4146;0.3877;0.1977;RandomForest
46817;Diego González;536;Defensa;2016;2017;31;6.7;25.17;36.91;BAJO;BAJO;BAJO;BAJO;0.6416;0.2432;0.1151;RandomForest
46818;Luis Hernández;535;Defensa;2016;2017;1679;7.205263;74.95;47.05;BAJO;BAJO;MEDIO;ALTO;0.4023;0.3222;0.2755;RandomForest
46819;Juankar;535;Defensa;2016;2017;2064;6.778571;63.89;49.3;BAJO;MEDIO;MEDIO;BAJO;0.3411;0.4054;0.2535;RandomForest
46820;Federico Ricca;535;Defensa;2016;2017;1622;6.680952;46.61;62.93;MEDIO;MEDIO;MEDIO;MEDIO;0.3723;0.4419;0.1858;RandomForest
46822;David Lombán;715;Defensa;2016;2017;1840;6.7;43.63;60.85;MEDIO;BAJO;BAJO;BAJO;0.5385;0.3353;0.1261;RandomForest
46823;Miguel Torres;535;Defensa;2016;2017;1564;6.627272;35.9;42.8;BAJO;BAJO;BAJO;BAJO;0.6459;0.2574;0.0966;RandomForest
46852;Carlos Martínez;548;Defensa;2016;2017;870;6.99;73.3;10.63;;ALTO;ALTO;ALTO;0.2725;0.3599;0.3676;RandomForest
46874;Jean-Sylvain Babin;731;Defensa;2016;2017;1715;6.872727;52.52;;;MEDIO;MEDIO;BAJO;0.3417;0.4616;0.1966;RandomForest
46875;Roberto Canella;731;Defensa;2016;2017;1755;6.76;50.51;;;BAJO;BAJO;MEDIO;0.4795;0.3707;0.1499;RandomForest
46883;Juan Rodríguez;731;Defensa;2016;2017;230;6.7;28.08;;;BAJO;BAJO;BAJO;0.6045;0.2566;0.1389;RandomForest
46945;Laure;544;Defensa;2016;2017;425;6.5;27.58;;;BAJO;BAJO;BAJO;0.6273;0.2422;0.1305;RandomForest
46991;Aythami Artiles;534;Defensa;2016;2017;836;6.654545;38.16;43.01;;BAJO;BAJO;BAJO;0.5399;0.3329;0.1272;RandomForest
46992;Dani Castellano;534;Defensa;2016;2017;2110;6.762962;61.2;45.35;BAJO;MEDIO;MEDIO;BAJO;0.3701;0.3983;0.2315;RandomForest
46995;David García;534;Defensa;2016;2017;1645;6.868181;59.61;56.55;MEDIO;MEDIO;MEDIO;MEDIO;0.3209;0.4566;0.2225;RandomForest
46996;Álvaro Lemos;538;Defensa;2016;2017;439;6.42;28.38;;;BAJO;BAJO;BAJO;0.6288;0.252;0.1192;RandomForest
47073;Mauro Dos Santos;545;Defensa;2016;2017;761;6.636363;33.41;37.4;BAJO;BAJO;BAJO;BAJO;0.6298;0.2704;0.0998;RandomForest
47074;Héctor Hernández;715;Defensa;2016;2017;1164;6.592307;30.05;16.48;;BAJO;BAJO;BAJO;0.4826;0.4002;0.1172;RandomForest
47076;Isma López;731;Defensa;2016;2017;1728;6.25;33.07;;;BAJO;BAJO;BAJO;0.5399;0.3331;0.127;RandomForest
47161;José Carlos Ramírez;543;Defensa;2016;2017;498;6.733333;37.01;;;BAJO;BAJO;BAJO;0.575;0.2981;0.1269;RandomForest
47188;Miguel Flaño;727;Defensa;2016;2017;1036;6.608333;38.31;;;BAJO;BAJO;MEDIO;0.5716;0.3128;0.1156;RandomForest
47251;Dimitri Foulquier;715;Defensa;2016;2017;1873;6.377272;37.61;;;BAJO;BAJO;BAJO;0.5894;0.2912;0.1195;RandomForest
47252;Bruno González;543;Defensa;2016;2017;1331;6.91875;61.61;49.4;BAJO;BAJO;BAJO;BAJO;0.5421;0.3006;0.1573;RandomForest
47271;Yeray Álvarez;531;Defensa;2016;2017;2270;7.165384;76.5;48.17;BAJO;ALTO;ALTO;ALTO;0.2132;0.2792;0.5076;RandomForest
47272;Mikel Balenziaga;531;Defensa;2016;2017;2851;6.721212;51.43;47.21;BAJO;BAJO;BAJO;BAJO;0.5153;0.3445;0.1402;RandomForest
47273;Yuri Berchiche;548;Defensa;2016;2017;3090;6.851428;67.46;;;MEDIO;ALTO;ALTO;0.1595;0.4232;0.4173;RandomForest
47274;Ander Capa;545;Defensa;2016;2017;2553;6.7258059999999995;57.99;47.92;BAJO;MEDIO;MEDIO;BAJO;0.3811;0.3957;0.2232;RandomForest
47275;Óscar de Marcos;531;Defensa;2016;2017;2150;6.734615;52.41;60.26;MEDIO;MEDIO;MEDIO;MEDIO;0.3433;0.4541;0.2025;RandomForest
47276;Íñigo Lekue;531;Defensa;2016;2017;1572;6.6875;53.9;50.68;BAJO;BAJO;MEDIO;BAJO;0.4221;0.3992;0.1787;RandomForest
47298;Aritz Elustondo;548;Defensa;2016;2017;459;6.177777;23.85;75.14;ALTO;BAJO;BAJO;ALTO;0.5707;0.258;0.1713;RandomForest
47300;Theo Hernández;542;Defensa;2016;2017;2726;6.896875;69.2;52.06;MEDIO;MEDIO;MEDIO;MEDIO;0.1771;0.5486;0.2743;RandomForest
47302;Diego Llorente;535;Defensa;2016;2017;2029;6.824;53.98;72.83;ALTO;MEDIO;MEDIO;MEDIO;0.2616;0.4259;0.3125;RandomForest
47304;Kévin Rodrigues;548;Defensa;2016;2017;103;6.3;19.4;63.46;MEDIO;BAJO;BAJO;ALTO;0.6196;0.2503;0.1302;RandomForest
47305;Raúl Navas;548;Defensa;2016;2017;2799;7.00625;71.37;65.48;MEDIO;ALTO;ALTO;MEDIO;0.1321;0.3968;0.4711;RandomForest
47307;Joseba Zaldúa;548;Defensa;2016;2017;1105;6.771428;56.34;65.7;MEDIO;MEDIO;MEDIO;MEDIO;0.3434;0.455;0.2016;RandomForest
47314;Igor Zubeldia;548;Defensa;2016;2017;254;6.825;33.0;55.13;MEDIO;BAJO;BAJO;BAJO;0.5085;0.3166;0.1748;RandomForest
47328;Óscar Duarte;540;Defensa;2016;2017;1123;6.785714;42.59;33.38;BAJO;BAJO;BAJO;BAJO;0.5808;0.2983;0.1209;RandomForest
47333;Javi López;540;Defensa;2016;2017;1525;6.615789;40.11;58.09;MEDIO;MEDIO;BAJO;MEDIO;0.3736;0.4736;0.1528;RandomForest
47334;David López;540;Defensa;2016;2017;3240;7.191666;78.67;62.59;MEDIO;ALTO;ALTO;MEDIO;0.0712;0.3296;0.5992;RandomForest
47355;Rubén Duarte;540;Defensa;2016;2017;101;6.5;20.47;59.33;MEDIO;BAJO;BAJO;MEDIO;0.591;0.2981;0.1109;RandomForest
47356;Rodrigo Ely;542;Defensa;2016;2017;789;7.07;63.34;58.26;MEDIO;MEDIO;BAJO;MEDIO;0.3256;0.5261;0.1483;RandomForest
47357;Víctor Laguardia;542;Defensa;2016;2017;2148;7.007692;64.78;64.58;MEDIO;MEDIO;MEDIO;MEDIO;0.2876;0.4607;0.2517;RandomForest
47358;Adrián Marín;537;Defensa;2016;2017;912;6.666666000000001;42.11;16.24;;BAJO;BAJO;BAJO;0.6263;0.2731;0.1006;RandomForest
47359;Carlos Vigaray;542;Defensa;2016;2017;943;6.452941;31.61;31.26;BAJO;BAJO;BAJO;BAJO;0.6797;0.2306;0.0897;RandomForest
47377;Anaitz Arbilla;545;Defensa;2016;2017;1572;6.845454;62.11;75.12;ALTO;ALTO;ALTO;ALTO;0.252;0.3738;0.3742;RandomForest
47378;Pedro Bigas;534;Defensa;2016;2017;2652;6.9781249999999995;73.4;54.22;MEDIO;ALTO;ALTO;MEDIO;0.1085;0.3746;0.5169;RandomForest
47382;Iván Ramis;545;Defensa;2016;2017;1722;7.154545;71.76;72.09;ALTO;ALTO;MEDIO;ALTO;0.1751;0.3629;0.462;RandomForest
47384;José Ángel;533;Defensa;2016;2017;630;7.428570999999999;71.19;75.02;ALTO;ALTO;ALTO;ALTO;0.1939;0.3183;0.4877;RandomForest
47391;Rubén Peña;545;Defensa;2016;2017;1049;6.333333;30.36;47.6;BAJO;BAJO;BAJO;BAJO;0.6814;0.2444;0.0742;RandomForest
47403;Unai Bustinza;537;Defensa;2016;2017;1791;6.861904;58.31;60.61;MEDIO;MEDIO;MEDIO;MEDIO;0.29;0.4887;0.2213;RandomForest
47405;Juanfran;544;Defensa;2016;2017;2962;6.797058;63.83;65.68;MEDIO;MEDIO;MEDIO;MEDIO;0.2125;0.53;0.2574;RandomForest
47409;Dimitrios Siovas;537;Defensa;2016;2017;1393;6.98125;68.32;63.36;MEDIO;MEDIO;MEDIO;MEDIO;0.3257;0.4262;0.2481;RandomForest
47428;Gustavo Cabral;538;Defensa;2016;2017;2179;6.84;61.27;47.33;BAJO;MEDIO;MEDIO;BAJO;0.343;0.3668;0.2902;RandomForest
47429;David Costas;538;Defensa;2016;2017;90;6.2;13.65;;;BAJO;BAJO;BAJO;0.596;0.2502;0.1538;RandomForest
47431;David Juncà;545;Defensa;2016;2017;683;6.966666;58.99;49.71;BAJO;BAJO;BAJO;BAJO;0.4857;0.3286;0.1857;RandomForest
47432;Hugo Mallo;538;Defensa;2016;2017;1988;6.7;52.52;73.13;ALTO;MEDIO;MEDIO;ALTO;0.2766;0.3636;0.3598;RandomForest
47455;Antonio Luna;545;Defensa;2016;2017;2117;6.86923;67.46;44.45;BAJO;BAJO;ALTO;BAJO;0.3746;0.3716;0.2538;RandomForest
47457;Rúben Vezo;715;Defensa;2016;2017;1534;6.711111000000001;37.66;54.66;MEDIO;MEDIO;MEDIO;MEDIO;0.3077;0.5102;0.1821;RandomForest
47506;Raúl García;542;Defensa;2016;2017;1267;6.631249999999999;36.1;61.84;MEDIO;BAJO;BAJO;MEDIO;0.5552;0.331;0.1138;RandomForest
47509;Carles Planas;538;Defensa;2016;2017;947;7.063636;70.05;34.04;;ALTO;MEDIO;MEDIO;0.2278;0.3848;0.3874;RandomForest
47534;Alejandro Gálvez;545;Defensa;2016;2017;1328;7.010526;61.51;50.87;BAJO;BAJO;BAJO;BAJO;0.4873;0.3411;0.1716;RandomForest
47537;Tito;715;Defensa;2016;2017;1876;6.541666;38.63;24.76;BAJO;BAJO;BAJO;BAJO;0.5364;0.3328;0.1309;RandomForest
47550;Mario Suárez;532;Defensa;2016;2017;1498;6.905;66.03;;;MEDIO;BAJO;MEDIO;0.4024;0.4031;0.1944;RandomForest
47563;Luisinho;544;Defensa;2016;2017;1906;6.673076;48.18;76.72;ALTO;BAJO;BAJO;BAJO;0.4328;0.3447;0.2225;RandomForest
47565;Xabier Etxeita;531;Defensa;2016;2017;711;6.93;51.02;37.56;;BAJO;BAJO;BAJO;0.5131;0.3482;0.1388;RandomForest
47567;Martín Mantovani;537;Defensa;2016;2017;2698;6.854838;58.7;50.6;BAJO;BAJO;BAJO;BAJO;0.4839;0.3378;0.1783;RandomForest
50085;Douglas;731;Defensa;2016;2017;1719;6.476190000000001;54.28;;;ALTO;ALTO;MEDIO;0.3332;0.3144;0.3524;RandomForest
51251;Andreu Fontàs;538;Defensa;2016;2017;1462;6.9;60.95;32.53;BAJO;BAJO;BAJO;BAJO;0.5298;0.3168;0.1534;RandomForest
53490;Víctor Álvarez;540;Defensa;2016;2017;202;6.375;20.11;;;BAJO;BAJO;BAJO;0.642;0.2394;0.1185;RandomForest
53495;Bakary Koné;535;Defensa;2016;2017;603;6.642857;31.06;;;BAJO;BAJO;BAJO;0.6513;0.2391;0.1096;RandomForest
55393;Elderson Echiejile;731;Defensa;2016;2017;197;6.166666;21.18;;;BAJO;BAJO;BAJO;0.6356;0.2434;0.121;RandomForest
70546;Fernando Amorebieta;731;Defensa;2016;2017;2221;6.748148;52.62;;;BAJO;BAJO;BAJO;0.4102;0.3683;0.2215;RandomForest
82030;Juan Rafael Fuentes;727;Defensa;2016;2017;1287;0.0;28.95;;;BAJO;BAJO;BAJO;0.6291;0.2242;0.1468;RandomForest
87220;Michael Ciani;540;Defensa;2016;2017;53;5.7;9.45;;;BAJO;BAJO;BAJO;0.5853;0.2748;0.1399;RandomForest
90498;Eliaquim Mangala;532;Defensa;2016;2017;2646;6.916666;64.23;;;MEDIO;MEDIO;BAJO;0.2702;0.425;0.3048;RandomForest
90646;Pablo Insúa;537;Defensa;2016;2017;1899;6.714814;45.67;;;BAJO;BAJO;MEDIO;0.5217;0.345;0.1333;RandomForest
104796;Fernando Navarro;544;Defensa;2016;2017;2050;0.0;34.82;37.73;BAJO;BAJO;BAJO;BAJO;0.6568;0.2094;0.1338;RandomForest
104808;Enric Saborit;531;Defensa;2016;2017;460;6.655555;37.35;57.82;MEDIO;BAJO;BAJO;BAJO;0.5804;0.3063;0.1133;RandomForest
104809;Raúl Albentosa;544;Defensa;2016;2017;2335;6.903703;56.79;41.0;BAJO;BAJO;BAJO;BAJO;0.4897;0.3558;0.1545;RandomForest
104843;Aitor Buñuel;727;Defensa;2016;2017;1029;6.533333;39.42;;;BAJO;BAJO;MEDIO;0.5801;0.3129;0.107;RandomForest
104848;Javier Flaño;727;Defensa;2016;2017;130;6.5;20.54;;;BAJO;BAJO;BAJO;0.6552;0.2333;0.1115;RandomForest
104851;Guilherme Siqueira;532;Defensa;2016;2017;543;6.533333;29.42;;;BAJO;BAJO;BAJO;0.5923;0.2816;0.1261;RandomForest
104854;Tano Bonnin;727;Defensa;2016;2017;736;6.409089999999999;31.58;;;BAJO;BAJO;BAJO;0.6535;0.2472;0.0994;RandomForest
104863;Weligton;535;Defensa;2016;2017;90;6.3;16.07;;;BAJO;BAJO;BAJO;0.6528;0.2399;0.1072;RandomForest
21;Paco Alcácer;529;Delantero;2016;2017;937;6.87;49.23;57.91;MEDIO;MEDIO;MEDIO;MEDIO;0.3522;0.4927;0.1551;RandomForest
53;Ángel Correa;530;Delantero;2016;2017;1213;6.663333;53.25;58.69;MEDIO;MEDIO;MEDIO;MEDIO;0.2533;0.5636;0.1831;RandomForest
56;Antoine Griezmann;530;Delantero;2016;2017;3067;7.322221999999999;78.0;77.71;ALTO;ALTO;ALTO;ALTO;0.0221;0.068;0.9099;RandomForest
59;Álvaro Morata;541;Delantero;2016;2017;1330;7.142307;70.44;;;MEDIO;MEDIO;ALTO;0.2404;0.4754;0.2842;RandomForest
121;Stevan Jovetić;536;Delantero;2016;2017;1203;6.919047000000001;61.78;;;MEDIO;MEDIO;ALTO;0.2957;0.4066;0.2977;RandomForest
154;Lionel Messi;529;Delantero;2016;2017;2832;8.367647;83.79;85.66;ALTO;ALTO;ALTO;ALTO;0.0018;0.0078;0.9904;RandomForest
157;Luis Suárez;529;Delantero;2016;2017;2865;7.508571;75.84;75.45;ALTO;ALTO;ALTO;ALTO;0.018;0.0524;0.9296;RandomForest
276;Neymar;529;Delantero;2016;2017;2652;8.006666;84.94;;;ALTO;ALTO;ALTO;0.0042;0.036;0.9598;RandomForest
392;Adrián López;533;Delantero;2016;2017;674;6.65;47.25;73.05;ALTO;BAJO;BAJO;BAJO;0.5385;0.3099;0.1516;RandomForest
611;Marko Livaja;534;Delantero;2016;2017;1445;6.675;48.92;;;MEDIO;MEDIO;BAJO;0.427;0.4529;0.1201;RandomForest
612;Ezequiel Ponce;715;Delantero;2016;2017;1126;6.524;34.91;;;BAJO;BAJO;BAJO;0.5982;0.3363;0.0655;RandomForest
746;Marco Asensio;541;Delantero;2016;2017;1077;6.931818;70.28;77.25;ALTO;ALTO;ALTO;ALTO;0.1568;0.3231;0.52;RandomForest
758;Gareth Bale;541;Delantero;2016;2017;1425;7.294736000000001;81.81;80.69;ALTO;ALTO;ALTO;ALTO;0.1174;0.2438;0.6388;RandomForest
759;Karim Benzema;541;Delantero;2016;2017;1914;7.07931;68.28;71.59;ALTO;ALTO;ALTO;ALTO;0.1401;0.2475;0.6123;RandomForest
760;Mariano Díaz;541;Delantero;2016;2017;115;6.6375;32.41;;;BAJO;BAJO;BAJO;0.5294;0.2967;0.1739;RandomForest
874;Cristiano Ronaldo;541;Delantero;2016;2017;2544;7.541379000000001;76.47;78.0;ALTO;ALTO;ALTO;ALTO;0.0585;0.1661;0.7754;RandomForest
933;Kévin Gameiro;530;Delantero;2016;2017;1716;6.890322;60.37;48.22;BAJO;BAJO;BAJO;BAJO;0.5175;0.3571;0.1254;RandomForest
934;Santi Mina;532;Delantero;2016;2017;1402;6.796428;58.22;61.04;MEDIO;MEDIO;MEDIO;MEDIO;0.3721;0.5019;0.126;RandomForest
935;Rodrigo;532;Delantero;2016;2017;1396;6.926315;66.01;75.92;ALTO;ALTO;MEDIO;MEDIO;0.1991;0.3915;0.4094;RandomForest
937;Rubén Sobrino;542;Delantero;2016;2017;501;6.71;55.94;60.65;MEDIO;BAJO;BAJO;BAJO;0.4737;0.4012;0.1251;RandomForest
1375;Roberto Soldado;533;Delantero;2016;2017;746;7.18;69.34;;;MEDIO;MEDIO;MEDIO;0.214;0.4893;0.2967;RandomForest
1421;Zakaria Bakkali;532;Delantero;2016;2017;274;6.628571;36.82;35.3;BAJO;BAJO;BAJO;BAJO;0.5903;0.2808;0.129;RandomForest
1583;Sergio León;727;Delantero;2016;2017;2401;6.736363;47.95;48.85;BAJO;BAJO;BAJO;BAJO;0.6365;0.2873;0.0762;RandomForest
1585;Jesé Rodríguez;534;Delantero;2016;2017;1160;6.93125;74.42;;;MEDIO;MEDIO;ALTO;0.2103;0.4175;0.3722;RandomForest
1616;Miguel Ángel Guerrero;537;Delantero;2016;2017;2146;6.63;45.43;55.44;MEDIO;MEDIO;BAJO;MEDIO;0.4136;0.4644;0.1221;RandomForest
1707;Gerard Moreno;540;Delantero;2016;2017;3280;7.116215999999999;79.79;83.36;ALTO;ALTO;ALTO;ALTO;0.0449;0.1874;0.7677;RandomForest
1854;Joaquín Correa;536;Delantero;2016;2017;1308;6.669565;53.66;54.66;BAJO;MEDIO;BAJO;BAJO;0.4211;0.433;0.1459;RandomForest
1861;Felipe Caicedo;540;Delantero;2016;2017;1287;6.525925;32.56;;;BAJO;BAJO;BAJO;0.597;0.3312;0.0717;RandomForest
2057;Franco Vázquez;536;Delantero;2016;2017;2092;7.07;75.12;62.74;MEDIO;MEDIO;ALTO;MEDIO;0.1163;0.4512;0.4325;RandomForest
2059;Wissam Ben Yedder;536;Delantero;2016;2017;1666;6.931034;61.4;56.27;MEDIO;MEDIO;MEDIO;BAJO;0.2957;0.4941;0.2102;RandomForest
2060;Munir El Haddadi;532;Delantero;2016;2017;2054;6.2;28.32;79.99;ALTO;BAJO;BAJO;BAJO;0.5738;0.2058;0.2204;RandomForest
2459;Darwin Machís;537;Delantero;2016;2017;1046;6.530769;40.78;;;MEDIO;MEDIO;MEDIO;0.4094;0.427;0.1635;RandomForest
2520;Hernán Pérez;540;Delantero;2016;2017;1792;6.493548;43.89;26.01;BAJO;BAJO;BAJO;BAJO;0.5516;0.3229;0.1255;RandomForest
2522;Antonio Sanabria;543;Delantero;2016;2017;1492;6.763636;53.89;57.37;MEDIO;MEDIO;BAJO;BAJO;0.3469;0.5018;0.1513;RandomForest
2544;Akram Afif;731;Delantero;2016;2017;229;6.842857;46.37;;;BAJO;BAJO;BAJO;0.4724;0.3664;0.1612;RandomForest
2672;Iker Muniain;531;Delantero;2016;2017;2412;6.922857;75.0;80.5;ALTO;ALTO;ALTO;ALTO;0.111;0.2444;0.6446;RandomForest
3033;Cédric Bakambu;533;Delantero;2016;2017;1570;6.853846;56.18;66.4;MEDIO;MEDIO;MEDIO;MEDIO;0.3212;0.5502;0.1286;RandomForest
6011;Rafael Santos Borré;533;Delantero;2016;2017;344;6.792857;49.69;;;BAJO;BAJO;BAJO;0.5383;0.3217;0.14;RandomForest
6997;Oriol Riera;727;Delantero;2016;2017;1467;6.840909;64.4;;;MEDIO;MEDIO;MEDIO;0.3735;0.4636;0.1629;RandomForest
9934;Deyverson;542;Delantero;2016;2017;2583;7.003124999999999;73.95;;;ALTO;ALTO;MEDIO;0.1764;0.3468;0.4768;RandomForest
9972;Alexandre Pato;533;Delantero;2016;2017;882;6.728571;59.07;;;BAJO;BAJO;MEDIO;0.5027;0.3751;0.1222;RandomForest
10323;Luciano;537;Delantero;2016;2017;1170;6.696;44.3;;;BAJO;BAJO;BAJO;0.501;0.3675;0.1316;RandomForest
13062;Léo Baptistão;540;Delantero;2016;2017;1428;6.942857;71.58;61.5;MEDIO;MEDIO;MEDIO;MEDIO;0.2461;0.5074;0.2465;RandomForest
15381;Juanan Entrena;715;Delantero;2016;2017;102;6.566666000000001;23.63;;;BAJO;BAJO;MEDIO;0.6257;0.2621;0.1122;RandomForest
18811;Adalberto Peñaranda;535;Delantero;2016;2017;171;6.3;14.26;51.5;BAJO;BAJO;BAJO;BAJO;0.6802;0.2098;0.11;RandomForest
18833;Lucas Pérez;544;Delantero;2016;2017;90;8.2;50.66;70.8;ALTO;BAJO;BAJO;ALTO;0.453;0.2232;0.3238;RandomForest
18907;Joselu;544;Delantero;2016;2017;892;6.825;55.44;;;BAJO;BAJO;BAJO;0.4578;0.4077;0.1345;RandomForest
18978;Florin Andone;544;Delantero;2016;2017;2900;6.737837;55.08;36.88;BAJO;BAJO;MEDIO;BAJO;0.4293;0.3932;0.1775;RandomForest
19034;Ryan Babel;544;Delantero;2016;2017;560;6.736363;54.64;;;BAJO;BAJO;BAJO;0.5711;0.3201;0.1087;RandomForest
19036;Luciano Vietto;536;Delantero;2016;2017;1312;6.823809;54.82;37.95;BAJO;BAJO;MEDIO;BAJO;0.4847;0.3701;0.1451;RandomForest
20539;Emmanuel Rivière;727;Delantero;2016;2017;799;6.573333;35.25;;;BAJO;BAJO;MEDIO;0.6014;0.2982;0.1004;RandomForest
21648;Claudio Beauvue;538;Delantero;2016;2017;652;6.684615;47.84;30.52;BAJO;BAJO;BAJO;BAJO;0.5676;0.332;0.1004;RandomForest
28406;Lacina Traoré;731;Delantero;2016;2017;464;6.6375;40.81;;;BAJO;BAJO;MEDIO;0.6052;0.2977;0.0971;RandomForest
30490;Nicola Sansone;533;Delantero;2016;2017;2126;6.728125;51.96;54.88;MEDIO;MEDIO;MEDIO;MEDIO;0.3479;0.5065;0.1456;RandomForest
30510;Álex Berenguer;727;Delantero;2016;2017;2117;6.572413;57.05;;;MEDIO;MEDIO;MEDIO;0.3187;0.4114;0.2699;RandomForest
30515;Simone Zaza;532;Delantero;2016;2017;1376;6.875;61.02;56.82;MEDIO;MEDIO;MEDIO;MEDIO;0.3843;0.4885;0.1271;RandomForest
30531;Jérémie Boga;715;Delantero;2016;2017;1453;6.592307;47.01;;;BAJO;BAJO;MEDIO;0.4298;0.3725;0.1976;RandomForest
33305;David Concha;548;Delantero;2016;2017;109;6.3333330000000005;20.25;;;BAJO;BAJO;BAJO;0.6755;0.2168;0.1078;RandomForest
33413;Fernando Torres;530;Delantero;2016;2017;1417;6.812903;53.76;49.7;BAJO;BAJO;MEDIO;MEDIO;0.517;0.395;0.0881;RandomForest
35575;Edgar Méndez;542;Delantero;2016;2017;1616;6.507407;47.82;;;MEDIO;ALTO;ALTO;0.3376;0.3489;0.3135;RandomForest
35794;Marlos Moreno;544;Delantero;2016;2017;792;6.582352;45.15;24.4;;BAJO;BAJO;MEDIO;0.5295;0.3599;0.1105;RandomForest
36848;Aitor Cantalapiedra;533;Delantero;2016;2017;3;0.0;8.71;;;BAJO;ALTO;ALTO;0.56;0.2903;0.1498;RandomForest
37125;Charly Musonda Jr;543;Delantero;2016;2017;278;6.6375;40.68;;;BAJO;BAJO;BAJO;0.5683;0.2981;0.1336;RandomForest
41163;Ola John;544;Delantero;2016;2017;348;6.790909;58.77;;;MEDIO;MEDIO;BAJO;0.4021;0.4026;0.1954;RandomForest
41312;Alberto Bueno;715;Delantero;2016;2017;932;6.646153;42.66;30.65;;BAJO;BAJO;BAJO;0.516;0.3617;0.1224;RandomForest
46667;Kike Barja;727;Delantero;2016;2017;16;6.3;12.32;;;BAJO;BAJO;BAJO;0.6295;0.254;0.1165;RandomForest
46695;Adrián Ramos;715;Delantero;2016;2017;1131;6.95;69.91;;;MEDIO;MEDIO;MEDIO;0.2729;0.4324;0.2947;RandomForest
46726;Roman Zozulya;543;Delantero;2016;2017;150;6.416666;19.17;;;BAJO;BAJO;BAJO;0.6369;0.2208;0.1423;RandomForest
46807;Borja Valle;544;Delantero;2016;2017;201;6.45;23.78;41.05;BAJO;BAJO;BAJO;MEDIO;0.6542;0.2207;0.1251;RandomForest
46808;Carlos Fernández;536;Delantero;2016;2017;88;6.75;34.92;49.02;;BAJO;BAJO;BAJO;0.6084;0.248;0.1436;RandomForest
46810;Christian Santos;542;Delantero;2016;2017;828;6.710526;43.6;27.91;;BAJO;BAJO;BAJO;0.5672;0.3455;0.0872;RandomForest
46836;Mamadou Koné;537;Delantero;2016;2017;169;6.62;26.34;;;BAJO;BAJO;BAJO;0.6444;0.2351;0.1205;RandomForest
46888;Pablo Fernández;731;Delantero;2016;2017;0;;14.63;;;BAJO;BAJO;MEDIO;0.5762;0.283;0.1408;RandomForest
46898;Álex Alegría;543;Delantero;2016;2017;1434;6.78;57.42;38.3;BAJO;BAJO;MEDIO;BAJO;0.4399;0.4131;0.147;RandomForest
46983;Carlos Castro;731;Delantero;2016;2017;1016;6.672;41.03;;;BAJO;BAJO;BAJO;0.6236;0.2932;0.0832;RandomForest
47011;Sergio Araujo;534;Delantero;2016;2017;531;6.881818;59.85;33.36;;BAJO;BAJO;BAJO;0.4473;0.4017;0.151;RandomForest
47012;Rubén Castro;543;Delantero;2016;2017;2783;7.014284999999999;67.45;34.09;;MEDIO;MEDIO;MEDIO;0.2716;0.4245;0.304;RandomForest
47013;Rafa Mir;532;Delantero;2016;2017;5;6.3;10.8;;;BAJO;BAJO;BAJO;0.5672;0.2928;0.14;RandomForest
47066;Álvaro Vázquez;540;Delantero;2016;2017;313;6.51;34.8;;;BAJO;BAJO;MEDIO;0.5574;0.2925;0.1501;RandomForest
47095;Nano Mesa;545;Delantero;2016;2017;158;6.566666;26.93;27.67;;BAJO;BAJO;BAJO;0.6584;0.2348;0.1068;RandomForest
47150;Borja Viguera;731;Delantero;2016;2017;766;7.5;53.6;;;BAJO;BAJO;BAJO;0.4832;0.2723;0.2445;RandomForest
47201;Miguel De las Cuevas;727;Delantero;2016;2017;1795;6.642857;54.14;;;BAJO;BAJO;BAJO;0.4278;0.3987;0.1735;RandomForest
47289;Markel Susaeta;531;Delantero;2016;2017;1104;6.676923;56.9;64.03;MEDIO;MEDIO;BAJO;MEDIO;0.3838;0.4338;0.1825;RandomForest
47290;Aritz Aduriz;531;Delantero;2016;2017;2463;7.125806;73.07;61.79;MEDIO;MEDIO;ALTO;MEDIO;0.1488;0.5341;0.3171;RandomForest
47292;Kenan Kodro;727;Delantero;2016;2017;1465;6.737037;50.43;;;MEDIO;MEDIO;BAJO;0.3814;0.4928;0.1258;RandomForest
47294;Iñaki Williams;531;Delantero;2016;2017;2799;6.647368;56.32;65.53;MEDIO;MEDIO;MEDIO;MEDIO;0.2274;0.512;0.2606;RandomForest
47318;Jon Bautista;548;Delantero;2016;2017;305;6.72;39.16;29.17;;BAJO;BAJO;BAJO;0.5737;0.3009;0.1254;RandomForest
47319;Willian José;548;Delantero;2016;2017;2078;7.039285;68.76;74.25;ALTO;MEDIO;MEDIO;MEDIO;0.222;0.406;0.3719;RandomForest
47320;Juanmi;548;Delantero;2016;2017;1834;6.571875;33.09;47.29;BAJO;BAJO;BAJO;BAJO;0.5585;0.3628;0.0787;RandomForest
47323;Mikel Oyarzabal;548;Delantero;2016;2017;2726;6.692104999999999;58.19;73.62;ALTO;MEDIO;MEDIO;MEDIO;0.2616;0.3845;0.3539;RandomForest
47324;Sandro Ramírez;535;Delantero;2016;2017;2316;7.15;75.35;52.83;BAJO;ALTO;ALTO;BAJO;0.3067;0.3142;0.3791;RandomForest
47371;John Guidetti;538;Delantero;2016;2017;1070;6.626086;37.19;37.16;BAJO;BAJO;BAJO;BAJO;0.6172;0.305;0.0778;RandomForest
47390;Fabián Orellana;532;Delantero;2016;2017;1665;6.957142;70.02;51.91;BAJO;BAJO;BAJO;BAJO;0.3719;0.3381;0.29;RandomForest
47394;Charles Días;535;Delantero;2016;2017;1135;6.868421;53.95;59.76;MEDIO;MEDIO;MEDIO;BAJO;0.3968;0.5039;0.0993;RandomForest
47395;Sergi Enrich;545;Delantero;2016;2017;2828;6.936842;68.94;62.81;MEDIO;MEDIO;MEDIO;MEDIO;0.1532;0.4806;0.3662;RandomForest
47396;Kike García;545;Delantero;2016;2017;1537;6.791666;54.24;59.36;MEDIO;MEDIO;BAJO;MEDIO;0.3382;0.5385;0.1234;RandomForest
47417;Alexander Szymanowski;537;Delantero;2016;2017;2040;6.917857;68.12;70.87;ALTO;ALTO;MEDIO;ALTO;0.2296;0.3755;0.3949;RandomForest
47422;Youssef En-Nesyri;535;Delantero;2016;2017;323;6.576923;31.5;56.16;MEDIO;BAJO;BAJO;MEDIO;0.5705;0.3156;0.1139;RandomForest
47423;Sabin Merino;531;Delantero;2016;2017;435;6.683333;40.12;29.42;;BAJO;BAJO;BAJO;0.6149;0.2812;0.1039;RandomForest
47424;Michael Santos;535;Delantero;2016;2017;738;6.6000000000000005;37.33;;;BAJO;BAJO;BAJO;0.6089;0.3087;0.0824;RandomForest
47445;Iago Aspas;538;Delantero;2016;2017;2319;7.193749999999999;78.05;84.33;ALTO;ALTO;ALTO;ALTO;0.031;0.0956;0.8734;RandomForest
47447;Pione Sisto;538;Delantero;2016;2017;1664;6.672413;56.23;75.59;ALTO;MEDIO;MEDIO;ALTO;0.3294;0.3947;0.2759;RandomForest
47488;Keko;535;Delantero;2016;2017;1055;6.47619;40.79;45.23;BAJO;BAJO;BAJO;BAJO;0.6439;0.2654;0.0907;RandomForest
47493;Duje Čop;731;Delantero;2016;2017;2280;6.793548;55.71;;;MEDIO;MEDIO;BAJO;0.3124;0.5232;0.1644;RandomForest
47553;Bebé;545;Delantero;2016;2017;683;6.594117;40.57;49.35;;BAJO;BAJO;BAJO;0.6008;0.3022;0.097;RandomForest
48589;Aly Mallé;715;Delantero;2016;2017;506;6.363636;34.9;;;BAJO;BAJO;MEDIO;0.6551;0.2427;0.1022;RandomForest
50131;Artem Kravets;715;Delantero;2016;2017;1378;6.676;43.04;;;BAJO;BAJO;BAJO;0.5116;0.394;0.0944;RandomForest
50158;Alessio Cerci;530;Delantero;2016;2017;14;6.7;26.97;;;BAJO;BAJO;BAJO;0.6242;0.2623;0.1135;RandomForest
50940;Nani;532;Delantero;2016;2017;1871;6.92;76.58;;;ALTO;MEDIO;MEDIO;0.1674;0.396;0.4366;RandomForest
51046;Carlos Vela;548;Delantero;2016;2017;2562;7.114284999999999;78.34;69.23;;ALTO;ALTO;ALTO;0.0591;0.2357;0.7052;RandomForest
68202;Bruno Gama;544;Delantero;2016;2017;1452;6.536363;47.21;17.16;;BAJO;BAJO;BAJO;0.4659;0.3885;0.1456;RandomForest
70132;Gaizka Toquero;542;Delantero;2016;2017;1228;6.491304;36.5;;;BAJO;BAJO;BAJO;0.59;0.3354;0.0746;RandomForest
77184;Asdrubal Padron;534;Delantero;2016;2017;31;6.233333;13.25;;;BAJO;BAJO;BAJO;0.6622;0.2319;0.1059;RandomForest
91429;Giuseppe Rossi;538;Delantero;2016;2017;791;6.829411;54.23;;;BAJO;BAJO;MEDIO;0.5282;0.3477;0.124;RandomForest
91701;David Barral;715;Delantero;2016;2017;310;6.7;42.18;;;BAJO;BAJO;MEDIO;0.5193;0.3295;0.1512;RandomForest
104797;Erik Expósito;534;Delantero;2016;2017;167;6.25;14.29;29.46;BAJO;BAJO;BAJO;BAJO;0.6475;0.2303;0.1222;RandomForest
104827;Mario González;533;Delantero;2016;2017;22;6.2;10.32;15.96;;BAJO;BAJO;BAJO;0.6416;0.2525;0.1059;RandomForest
104849;Omer Atzili;715;Delantero;2016;2017;315;6.4;21.02;;;BAJO;BAJO;BAJO;0.5822;0.2709;0.1469;RandomForest
104853;Asier Villalibre;531;Delantero;2016;2017;71;6.483333;20.25;;;BAJO;BAJO;BAJO;0.6442;0.2303;0.1255;RandomForest
104856;Rubén Sánchez Pérez-Cejuela;731;Delantero;2016;2017;39;6.2;10.9;;;BAJO;BAJO;BAJO;0.6516;0.2387;0.1097;RandomForest
44;Rodrigo;533;Mediocentro;2016;2017;834;6.966666;61.47;84.07;ALTO;ALTO;MEDIO;MEDIO;0.2817;0.3451;0.3732;RandomForest
46;Vitolo;536;Mediocentro;2016;2017;2333;6.963333;77.18;51.32;BAJO;ALTO;ALTO;ALTO;0.2633;0.2494;0.4872;RandomForest
48;Saúl Ñíguez;530;Mediocentro;2016;2017;2544;7.009089999999999;78.62;82.08;ALTO;ALTO;ALTO;ALTO;0.0617;0.1707;0.7676;RandomForest
49;Thomas Partey;530;Mediocentro;2016;2017;628;6.906666000000001;67.35;80.72;ALTO;MEDIO;MEDIO;ALTO;0.243;0.3815;0.3755;RandomForest
50;Koke;530;Mediocentro;2016;2017;3171;7.138888;77.4;78.18;ALTO;ALTO;ALTO;ALTO;0.025;0.1029;0.8721;RandomForest
137;Sergi Roberto;529;Mediocentro;2016;2017;2382;6.9937499999999995;76.27;79.83;ALTO;ALTO;ALTO;ALTO;0.097;0.1939;0.7091;RandomForest
142;Rafinha Alcântara;529;Mediocentro;2016;2017;1078;7.116666;76.62;;;MEDIO;MEDIO;MEDIO;0.2174;0.4587;0.3239;RandomForest
143;Carles Aleñá;529;Mediocentro;2016;2017;40;6.7;28.33;;;BAJO;BAJO;BAJO;0.6434;0.2273;0.1293;RandomForest
144;Sergio Busquets;529;Mediocentro;2016;2017;2693;7.030303;72.49;82.29;ALTO;ALTO;ALTO;ALTO;0.0989;0.2714;0.6297;RandomForest
149;Ivan Rakitić;529;Mediocentro;2016;2017;2345;7.0625;78.44;80.75;ALTO;ALTO;ALTO;MEDIO;0.0904;0.2414;0.6682;RandomForest
152;Kevin-Prince Boateng;534;Mediocentro;2016;2017;1990;6.921428;68.51;;;MEDIO;MEDIO;MEDIO;0.2879;0.4013;0.3109;RandomForest
328;Fabián Ruiz;543;Mediocentro;2016;2017;154;6.75;33.94;84.58;ALTO;BAJO;BAJO;BAJO;0.5421;0.2593;0.1985;RandomForest
351;Goran Čaušić;727;Mediocentro;2016;2017;2007;6.684615;51.94;;;BAJO;BAJO;BAJO;0.4461;0.3823;0.1716;RandomForest
517;James Rodríguez;541;Mediocentro;2016;2017;1179;7.318181000000001;78.44;;;ALTO;ALTO;ALTO;0.0643;0.2997;0.636;RandomForest
568;Gabriel Pires;537;Mediocentro;2016;2017;2753;6.558823;54.25;76.81;ALTO;ALTO;ALTO;ALTO;0.2035;0.2518;0.5447;RandomForest
605;Nenad Krstičić;542;Mediocentro;2016;2017;746;6.858333;61.22;;;BAJO;BAJO;BAJO;0.4793;0.3587;0.162;RandomForest
660;Pape Cheikh;538;Mediocentro;2016;2017;562;6.607692;37.65;;;BAJO;BAJO;BAJO;0.5637;0.3287;0.1076;RandomForest
745;Isco;541;Mediocentro;2016;2017;1637;7.196666;81.88;79.7;ALTO;ALTO;ALTO;ALTO;0.0363;0.1203;0.8433;RandomForest
747;Casemiro;541;Mediocentro;2016;2017;1708;7.15;77.38;86.85;ALTO;ALTO;ALTO;ALTO;0.0948;0.2524;0.6529;RandomForest
748;Dani Ceballos;543;Mediocentro;2016;2017;2335;7.146666000000001;85.33;64.06;;ALTO;ALTO;ALTO;0.0314;0.1395;0.8291;RandomForest
752;Toni Kroos;541;Mediocentro;2016;2017;2501;7.710344;84.25;83.71;ALTO;ALTO;ALTO;ALTO;0.0155;0.0619;0.9226;RandomForest
753;Marcos Llorente;542;Mediocentro;2016;2017;2805;7.25625;81.73;51.74;BAJO;ALTO;ALTO;ALTO;0.2267;0.2395;0.5338;RandomForest
754;Luka Modrić;541;Mediocentro;2016;2017;1892;7.184;84.44;83.18;ALTO;ALTO;ALTO;ALTO;0.0384;0.1064;0.8552;RandomForest
780;Steven​ N'Zonzi;536;Mediocentro;2016;2017;3066;7.197142;83.02;74.69;ALTO;ALTO;ALTO;ALTO;0.0352;0.0951;0.8697;RandomForest
899;Andreas Pereira;715;Mediocentro;2016;2017;2830;6.728571;67.87;50.02;BAJO;ALTO;ALTO;BAJO;0.303;0.33;0.367;RandomForest
923;Denis Cheryshev;533;Mediocentro;2016;2017;333;6.329999999999999;28.38;50.98;BAJO;BAJO;BAJO;BAJO;0.6287;0.2603;0.111;RandomForest
928;Dani Parejo;532;Mediocentro;2016;2017;3195;7.158333;84.49;87.14;ALTO;ALTO;ALTO;ALTO;0.0107;0.0273;0.962;RandomForest
929;Sito;532;Mediocentro;2016;2017;0;;14.7;;;BAJO;BAJO;BAJO;0.5969;0.2596;0.1434;RandomForest
930;Carlos Soler;532;Mediocentro;2016;2017;1724;6.708695;60.77;55.28;MEDIO;MEDIO;MEDIO;MEDIO;0.3076;0.5029;0.1894;RandomForest
932;Daniel Wass;538;Mediocentro;2016;2017;2394;6.909375000000001;69.75;73.68;MEDIO;MEDIO;MEDIO;MEDIO;0.1972;0.5022;0.3007;RandomForest
1036;Nacho Cases;731;Mediocentro;2016;2017;1472;6.7;55.44;;;BAJO;BAJO;BAJO;0.4579;0.3994;0.1427;RandomForest
1042;Lluis Sastre;537;Mediocentro;2016;2017;90;6.5;17.09;;;BAJO;BAJO;BAJO;0.6632;0.2294;0.1074;RandomForest
1211;Matías Kranevitter;536;Mediocentro;2016;2017;1281;6.7;47.45;;;BAJO;BAJO;BAJO;0.5443;0.3304;0.1252;RandomForest
1461;Denis Suárez;529;Mediocentro;2016;2017;1181;6.676923;47.55;64.38;MEDIO;MEDIO;MEDIO;MEDIO;0.3965;0.4347;0.1688;RandomForest
1570;Sergio Canales;548;Mediocentro;2016;2017;992;6.693103;44.58;76.79;ALTO;ALTO;MEDIO;ALTO;0.2781;0.299;0.4229;RandomForest
1579;Joaquín;543;Mediocentro;2016;2017;1676;6.775000000000001;62.21;78.37;ALTO;ALTO;BAJO;BAJO;0.2078;0.3524;0.4398;RandomForest
1607;Guilherme;544;Mediocentro;2016;2017;2281;6.956666;72.04;69.36;MEDIO;ALTO;ALTO;MEDIO;0.1652;0.3987;0.4361;RandomForest
1641;Samu Castillejo;533;Mediocentro;2016;2017;2050;6.775757;68.3;78.06;ALTO;ALTO;MEDIO;ALTO;0.2053;0.371;0.4238;RandomForest
1697;Pablo Fornals;535;Mediocentro;2016;2017;2674;6.818749999999999;67.49;70.84;MEDIO;MEDIO;MEDIO;MEDIO;0.2575;0.4564;0.2861;RandomForest
1698;Javi Fuego;540;Mediocentro;2016;2017;2566;6.78;55.86;42.18;BAJO;BAJO;BAJO;BAJO;0.4724;0.342;0.1856;RandomForest
1699;Vicente Iborra;536;Mediocentro;2016;2017;1467;7.013793;73.59;;;ALTO;ALTO;ALTO;0.2276;0.3542;0.4182;RandomForest
1704;Bruno Soriano;533;Mediocentro;2016;2017;2984;7.320588;85.67;;;ALTO;ALTO;ALTO;0.0632;0.1942;0.7425;RandomForest
1705;Manu Trigueros;533;Mediocentro;2016;2017;3043;7.102776999999999;79.0;76.39;ALTO;ALTO;ALTO;ALTO;0.0624;0.1429;0.7946;RandomForest
2053;Roque Mesa;534;Mediocentro;2016;2017;3038;6.817142;65.47;43.35;;MEDIO;ALTO;BAJO;0.2733;0.4528;0.2739;RandomForest
2056;Pablo Sarabia;536;Mediocentro;2016;2017;2133;6.767647;61.24;67.22;MEDIO;MEDIO;MEDIO;MEDIO;0.1987;0.5317;0.2695;RandomForest
2112;Mehdi Carcela-González;715;Mediocentro;2016;2017;1752;6.604545;58.25;;;MEDIO;BAJO;MEDIO;0.3581;0.4081;0.2338;RandomForest
2115;Alen Halilović;534;Mediocentro;2016;2017;645;6.755555;58.51;65.73;MEDIO;MEDIO;MEDIO;MEDIO;0.2994;0.5004;0.2001;RandomForest
2291;Mateo Kovačić;541;Mediocentro;2016;2017;1688;7.15;79.63;69.66;MEDIO;ALTO;ALTO;MEDIO;0.0984;0.4351;0.4666;RandomForest
2446;Juanpi Añor;535;Mediocentro;2016;2017;1473;6.690909;61.86;37.47;BAJO;MEDIO;MEDIO;BAJO;0.3291;0.3871;0.2837;RandomForest
2515;Óscar Romero;542;Mediocentro;2016;2017;528;6.86923;68.86;34.26;;MEDIO;MEDIO;MEDIO;0.2875;0.4654;0.2471;RandomForest
2557;Pablo Hernández;538;Mediocentro;2016;2017;1897;6.7;61.47;73.67;MEDIO;MEDIO;MEDIO;MEDIO;0.2476;0.5078;0.2446;RandomForest
2600;Takashi Inui;545;Mediocentro;2016;2017;2087;6.781481;65.5;54.18;MEDIO;MEDIO;MEDIO;MEDIO;0.2898;0.4957;0.2145;RandomForest
2715;Fayçal Fajr;544;Mediocentro;2016;2017;1203;6.655;43.76;72.46;MEDIO;MEDIO;MEDIO;MEDIO;0.3722;0.4794;0.1484;RandomForest
2840;Celso Borges;544;Mediocentro;2016;2017;2723;7.032352;77.49;69.8;MEDIO;ALTO;ALTO;MEDIO;0.0944;0.3367;0.5689;RandomForest
2880;Jonathan dos Santos;533;Mediocentro;2016;2017;2207;6.867647;65.92;;;MEDIO;ALTO;MEDIO;0.2435;0.425;0.3315;RandomForest
2923;Yannick Carrasco;530;Mediocentro;2016;2017;2270;6.831428;68.36;68.45;MEDIO;MEDIO;MEDIO;MEDIO;0.2396;0.4965;0.2639;RandomForest
2992;Alfred N'Diaye;533;Mediocentro;2016;2017;110;6.633333;27.01;34.15;;BAJO;BAJO;BAJO;0.63;0.2381;0.1318;RandomForest
3238;Victorien Angban;715;Mediocentro;2016;2017;685;6.65;47.2;;;BAJO;MEDIO;MEDIO;0.4723;0.372;0.1557;RandomForest
3426;Mubarak Wakaso;715;Mediocentro;2016;2017;869;6.90909;67.68;58.38;MEDIO;MEDIO;MEDIO;MEDIO;0.2229;0.5433;0.2338;RandomForest
5914;Marcelo Díaz;538;Mediocentro;2016;2017;1643;6.646153;44.56;;;BAJO;MEDIO;BAJO;0.4256;0.3927;0.1817;RandomForest
6003;Enzo Pérez;532;Mediocentro;2016;2017;2196;7.1;77.74;;;ALTO;MEDIO;MEDIO;0.0917;0.36;0.5483;RandomForest
8627;Theo Bongonda;538;Mediocentro;2016;2017;2171;6.57;49.01;;;BAJO;BAJO;MEDIO;0.4651;0.3676;0.1673;RandomForest
10311;Ganso;536;Mediocentro;2016;2017;485;6.91;63.3;60.93;MEDIO;MEDIO;MEDIO;MEDIO;0.227;0.5354;0.2376;RandomForest
10496;Walter Montoya;536;Mediocentro;2016;2017;110;6.525;24.16;37.45;;BAJO;BAJO;ALTO;0.635;0.2459;0.1192;RandomForest
12493;Tana;534;Mediocentro;2016;2017;2211;6.75625;61.38;53.26;BAJO;BAJO;MEDIO;BAJO;0.3505;0.3503;0.2992;RandomForest
12541;José Jurado;540;Mediocentro;2016;2017;2459;6.86129;69.62;48.02;BAJO;BAJO;BAJO;BAJO;0.4069;0.355;0.2381;RandomForest
12667;Jonathan Viera;534;Mediocentro;2016;2017;2588;7.316129;81.74;83.75;ALTO;ALTO;ALTO;ALTO;0.0178;0.0283;0.9539;RandomForest
13114;Augusto Fernández;530;Mediocentro;2016;2017;142;6.933333;45.74;31.5;;BAJO;BAJO;BAJO;0.5439;0.3035;0.1526;RandomForest
14482;Dani Ndi;731;Mediocentro;2016;2017;149;6.383333;21.1;;;BAJO;BAJO;BAJO;0.6462;0.2195;0.1343;RandomForest
15320;Jon Gaztañaga;548;Mediocentro;2016;2017;24;6.45;15.98;;;BAJO;BAJO;BAJO;0.6736;0.209;0.1174;RandomForest
15372;Alberto Lora;731;Mediocentro;2016;2017;376;6.385714;21.34;;;BAJO;BAJO;BAJO;0.6051;0.2643;0.1306;RandomForest
15385;Raoul Loé;727;Mediocentro;2016;2017;569;6.542857;37.02;;;BAJO;BAJO;MEDIO;0.597;0.2791;0.1239;RandomForest
18765;André Gomes;529;Mediocentro;2016;2017;1590;6.696665999999999;51.11;30.54;BAJO;BAJO;BAJO;BAJO;0.4353;0.4124;0.1524;RandomForest
18825;Samir Nasri;536;Mediocentro;2016;2017;1845;7.0086949999999995;72.82;;;ALTO;ALTO;MEDIO;0.0911;0.272;0.637;RandomForest
18998;Víctor Camarasa;542;Mediocentro;2016;2017;2506;6.580645;46.82;51.4;BAJO;BAJO;BAJO;BAJO;0.503;0.343;0.154;RandomForest
19426;Jon Toral;715;Mediocentro;2016;2017;268;6.64;24.86;;;BAJO;BAJO;MEDIO;0.6022;0.2531;0.1447;RandomForest
19533;Jota Peleteiro;545;Mediocentro;2016;2017;204;6.2;17.67;;;BAJO;BAJO;BAJO;0.6651;0.2118;0.1231;RandomForest
21099;Rene Krhin;715;Mediocentro;2016;2017;938;6.725;57.76;;;BAJO;BAJO;MEDIO;0.4986;0.3542;0.1472;RandomForest
22258;Jonas Martin;543;Mediocentro;2016;2017;1156;6.575;44.69;;;BAJO;BAJO;BAJO;0.5145;0.3598;0.1257;RandomForest
25409;Ignacio Camacho;535;Mediocentro;2016;2017;3146;7.077142000000001;79.2;;;ALTO;ALTO;ALTO;0.0874;0.242;0.6705;RandomForest
30483;Roberto Soriano;533;Mediocentro;2016;2017;2471;6.896969;70.58;48.42;BAJO;MEDIO;MEDIO;MEDIO;0.327;0.4033;0.2697;RandomForest
33173;Hiroshi Kiyotake;536;Mediocentro;2016;2017;285;6.775;45.21;;;BAJO;BAJO;BAJO;0.4389;0.3371;0.2241;RandomForest
33243;Andrés Iniesta;529;Mediocentro;2016;2017;1329;7.121739;77.37;73.4;MEDIO;ALTO;ALTO;MEDIO;0.0777;0.4222;0.5001;RandomForest
33249;Sergi Samper;715;Mediocentro;2016;2017;1268;0.0;33.26;42.47;;BAJO;BAJO;BAJO;0.6264;0.229;0.1446;RandomForest
33395;Isaac Cuenca;715;Mediocentro;2016;2017;1740;6.476;47.68;;;BAJO;BAJO;BAJO;0.5116;0.343;0.1455;RandomForest
37019;José Rodríguez;535;Mediocentro;2016;2017;456;6.783333;50.14;;;BAJO;BAJO;ALTO;0.4895;0.347;0.1635;RandomForest
42039;Gabi;530;Mediocentro;2016;2017;2897;7.073529;75.67;60.24;MEDIO;ALTO;MEDIO;MEDIO;0.0924;0.3754;0.5322;RandomForest
43184;Rachid Aït-Atmane;731;Mediocentro;2016;2017;494;6.5625;33.28;;;BAJO;BAJO;MEDIO;0.5581;0.3226;0.1193;RandomForest
44318;Petros;543;Mediocentro;2016;2017;2143;7.019354;74.99;;;ALTO;ALTO;ALTO;0.1013;0.3828;0.5158;RandomForest
44490;Emre Çolak;544;Mediocentro;2016;2017;2475;6.8875;66.07;61.27;MEDIO;MEDIO;MEDIO;MEDIO;0.1361;0.5501;0.3138;RandomForest
46659;Robert Ibáñez;537;Mediocentro;2016;2017;168;6.94;54.47;;;BAJO;BAJO;BAJO;0.4289;0.4081;0.163;RandomForest
46661;Fran Mérida;727;Mediocentro;2016;2017;811;6.646666;49.4;;;BAJO;BAJO;BAJO;0.5109;0.3639;0.1253;RandomForest
46663;Miguel Olavide;727;Mediocentro;2016;2017;489;6.571428;33.13;;;BAJO;BAJO;BAJO;0.6326;0.2621;0.1053;RandomForest
46664;Luis Perea;727;Mediocentro;2016;2017;19;6.3;11.02;;;BAJO;BAJO;BAJO;0.612;0.2696;0.1184;RandomForest
46666;Roberto Torres;727;Mediocentro;2016;2017;2312;6.8625;69.89;;;ALTO;ALTO;ALTO;0.1864;0.3982;0.4153;RandomForest
46687;Ángel Montoro;534;Mediocentro;2016;2017;1106;6.9125;59.75;;;BAJO;MEDIO;MEDIO;0.4061;0.3923;0.2015;RandomForest
46690;Alberto Martín;537;Mediocentro;2016;2017;1191;6.8999999999999995;56.2;;;BAJO;BAJO;MEDIO;0.5429;0.3198;0.1373;RandomForest
46720;Daniel Torres;542;Mediocentro;2016;2017;1438;6.69;49.97;46.04;BAJO;BAJO;BAJO;BAJO;0.5383;0.3272;0.1345;RandomForest
46743;Salva Sevilla;540;Mediocentro;2016;2017;268;6.35;18.39;;;BAJO;BAJO;BAJO;0.6612;0.2147;0.1241;RandomForest
46744;Leonardo Suárez;533;Mediocentro;2016;2017;16;6.45;16.19;25.98;;BAJO;BAJO;BAJO;0.6382;0.2344;0.1273;RandomForest
46796;Álex Bergantiños;544;Mediocentro;2016;2017;552;6.8125;50.17;;;BAJO;BAJO;BAJO;0.5113;0.3449;0.1438;RandomForest
46797;Federico Cartabia;532;Mediocentro;2016;2017;152;6.625;25.02;76.51;ALTO;BAJO;BAJO;MEDIO;0.5911;0.244;0.1649;RandomForest
46799;Edu Expósito;544;Mediocentro;2016;2017;46;6.9;36.43;19.32;;BAJO;BAJO;BAJO;0.6102;0.2506;0.1392;RandomForest
46800;Vicente Gómez;534;Mediocentro;2016;2017;2321;6.817241;67.75;36.05;BAJO;BAJO;BAJO;BAJO;0.4448;0.3033;0.2519;RandomForest
46801;Michael Krohn-Dehli;536;Mediocentro;2016;2017;172;6.5;20.15;38.51;BAJO;BAJO;BAJO;BAJO;0.6371;0.2073;0.1556;RandomForest
46802;Matías Nahuel;543;Mediocentro;2016;2017;147;5.925;17.47;36.71;;BAJO;BAJO;BAJO;0.5842;0.2414;0.1744;RandomForest
46805;Pedro Mosquera;544;Mediocentro;2016;2017;1557;7.061904;73.49;53.57;MEDIO;MEDIO;MEDIO;MEDIO;0.2029;0.4397;0.3574;RandomForest
46827;Adrián González;545;Mediocentro;2016;2017;1535;6.61923;42.81;56.77;MEDIO;MEDIO;MEDIO;BAJO;0.3973;0.502;0.1007;RandomForest
46830;Erik Morán;537;Mediocentro;2016;2017;953;6.775;51.74;18.42;;BAJO;BAJO;MEDIO;0.5255;0.3359;0.1386;RandomForest
46832;Javier Ontiveros;535;Mediocentro;2016;2017;826;6.6;46.23;38.6;;BAJO;MEDIO;MEDIO;0.4409;0.4184;0.1407;RandomForest
46861;Omar Ramos;537;Mediocentro;2016;2017;974;6.626666;52.88;48.99;BAJO;BAJO;BAJO;BAJO;0.5556;0.2467;0.1977;RandomForest
46884;Carlos Carmona;731;Mediocentro;2016;2017;1865;6.648;54.38;;;MEDIO;MEDIO;MEDIO;0.3204;0.4747;0.2048;RandomForest
46897;Hernán;534;Mediocentro;2016;2017;288;6.322222;26.22;40.67;;BAJO;BAJO;BAJO;0.6102;0.2757;0.1141;RandomForest
46975;Nacho Gil;532;Mediocentro;2016;2017;2;0.0;9.81;31.43;BAJO;BAJO;ALTO;BAJO;0.6245;0.2493;0.1262;RandomForest
46981;Xavi Torres;731;Mediocentro;2016;2017;858;6.5;30.66;;;BAJO;BAJO;BAJO;0.6528;0.2523;0.0949;RandomForest
47001;Javi Castellano;534;Mediocentro;2016;2017;93;6.675;31.89;60.38;MEDIO;BAJO;BAJO;MEDIO;0.4749;0.3418;0.1833;RandomForest
47010;David Timor;537;Mediocentro;2016;2017;1964;6.845833;66.78;57.69;MEDIO;MEDIO;MEDIO;MEDIO;0.3117;0.4499;0.2384;RandomForest
47027;Javi Alamo;727;Mediocentro;2016;2017;11;6.6;21.68;;;BAJO;BAJO;BAJO;0.6227;0.2663;0.111;RandomForest
47034;José Antonio Reyes;540;Mediocentro;2016;2017;866;6.661904;45.57;;;BAJO;BAJO;BAJO;0.5338;0.351;0.1151;RandomForest
47036;Fausto Tienza;727;Mediocentro;2016;2017;1232;6.672222;48.84;;;BAJO;BAJO;MEDIO;0.4712;0.3954;0.1335;RandomForest
47092;Tyronne;534;Mediocentro;2016;2017;42;6.4;17.14;;;BAJO;BAJO;BAJO;0.6552;0.2231;0.1217;RandomForest
47111;Benito Ramírez;534;Mediocentro;2016;2017;14;6.2;13.78;27.36;;BAJO;BAJO;BAJO;0.6435;0.2448;0.1118;RandomForest
47192;Luis Muñoz;535;Mediocentro;2016;2017;381;6.559999999999999;27.87;;;BAJO;BAJO;MEDIO;0.5961;0.2843;0.1195;RandomForest
47203;Jaime Romero;727;Mediocentro;2016;2017;896;6.552631;49.62;;;BAJO;BAJO;BAJO;0.4891;0.3475;0.1635;RandomForest
47227;Imanol García;727;Mediocentro;2016;2017;526;6.725;46.25;;;BAJO;BAJO;BAJO;0.6105;0.2821;0.1074;RandomForest
47230;Javi Marquez;715;Mediocentro;2016;2017;397;6.671428;44.3;;;BAJO;BAJO;MEDIO;0.5406;0.3413;0.1181;RandomForest
47259;Markel Bergara;548;Mediocentro;2016;2017;286;6.62;28.39;56.82;MEDIO;BAJO;BAJO;BAJO;0.5793;0.3002;0.1205;RandomForest
47280;Beñat Etxebarria;531;Mediocentro;2016;2017;2410;7.2125;77.24;63.87;MEDIO;ALTO;ALTO;MEDIO;0.0382;0.392;0.5699;RandomForest
47281;Dani García;545;Mediocentro;2016;2017;3185;7.1;73.03;66.08;MEDIO;ALTO;MEDIO;MEDIO;0.1249;0.4227;0.4524;RandomForest
47282;Raúl García;531;Mediocentro;2016;2017;2884;6.936111;73.19;74.9;ALTO;ALTO;ALTO;ALTO;0.0921;0.2963;0.6116;RandomForest
47283;Ibai Gómez;542;Mediocentro;2016;2017;1828;6.878571;64.53;65.47;MEDIO;MEDIO;MEDIO;MEDIO;0.2687;0.4697;0.2616;RandomForest
47284;Ander Iturraspe;531;Mediocentro;2016;2017;1152;6.691666;46.38;62.22;MEDIO;BAJO;BAJO;MEDIO;0.4996;0.3752;0.1252;RandomForest
47285;Unai López;537;Mediocentro;2016;2017;1163;6.413043;32.97;;;BAJO;BAJO;BAJO;0.6034;0.2944;0.1022;RandomForest
47287;Mikel Rico;531;Mediocentro;2016;2017;468;6.653333;40.94;56.51;MEDIO;BAJO;BAJO;BAJO;0.5463;0.3403;0.1134;RandomForest
47288;Mikel San José;531;Mediocentro;2016;2017;2701;6.822857000000001;63.26;57.5;MEDIO;MEDIO;MEDIO;MEDIO;0.3297;0.4752;0.1951;RandomForest
47310;Asier Illarramendi;548;Mediocentro;2016;2017;3004;7.32647;86.52;87.73;ALTO;ALTO;ALTO;ALTO;0.041;0.1645;0.7945;RandomForest
47312;Rubén Pardo;543;Mediocentro;2016;2017;1431;7.012499999999999;58.13;29.44;;MEDIO;MEDIO;MEDIO;0.2337;0.384;0.3823;RandomForest
47316;David Zurutuza;548;Mediocentro;2016;2017;2505;6.903224999999999;71.51;53.46;MEDIO;MEDIO;MEDIO;MEDIO;0.2484;0.4901;0.2615;RandomForest
47337;Esteban Granero;548;Mediocentro;2016;2017;691;6.80625;59.38;55.27;MEDIO;MEDIO;MEDIO;MEDIO;0.3466;0.4533;0.2001;RandomForest
47339;Óscar Melendo;540;Mediocentro;2016;2017;299;6.37;23.71;36.41;BAJO;BAJO;BAJO;MEDIO;0.6624;0.2232;0.1143;RandomForest
47340;Pablo Piatti;540;Mediocentro;2016;2017;2351;6.836666;69.08;66.08;MEDIO;MEDIO;MEDIO;MEDIO;0.1956;0.5385;0.266;RandomForest
47341;Marc Roca;540;Mediocentro;2016;2017;1319;6.688;48.34;43.95;;BAJO;BAJO;MEDIO;0.5155;0.3329;0.1516;RandomForest
47342;Víctor Sánchez;540;Mediocentro;2016;2017;2281;6.915384;68.62;60.72;MEDIO;MEDIO;MEDIO;MEDIO;0.2018;0.5358;0.2624;RandomForest
47361;Darko Brašanac;543;Mediocentro;2016;2017;1628;6.558333;40.27;46.33;BAJO;BAJO;BAJO;BAJO;0.5451;0.344;0.1108;RandomForest
47362;Burgui;731;Mediocentro;2016;2017;1996;6.753125;63.27;54.32;MEDIO;MEDIO;MEDIO;MEDIO;0.2637;0.5415;0.1947;RandomForest
47363;Manu García;542;Mediocentro;2016;2017;2012;7.025;71.9;65.93;MEDIO;MEDIO;MEDIO;MEDIO;0.1833;0.466;0.3507;RandomForest
47366;Jony;535;Mediocentro;2016;2017;1250;6.3125;39.58;26.14;;BAJO;BAJO;BAJO;0.5609;0.3508;0.0883;RandomForest
47385;Sergio Álvarez;731;Mediocentro;2016;2017;3007;6.827777;65.97;;;MEDIO;ALTO;MEDIO;0.2228;0.4515;0.3257;RandomForest
47387;Papakouli Diop;540;Mediocentro;2016;2017;899;6.588888;36.84;42.97;BAJO;BAJO;BAJO;MEDIO;0.6698;0.237;0.0932;RandomForest
47388;Gonzalo Escalante;545;Mediocentro;2016;2017;2020;6.678571;52.88;62.22;MEDIO;BAJO;MEDIO;MEDIO;0.4318;0.4152;0.153;RandomForest
47392;Pedro León;545;Mediocentro;2016;2017;3010;6.886486;72.4;79.34;ALTO;ALTO;ALTO;ALTO;0.0897;0.2678;0.6426;RandomForest
47411;Nabil El Zhar;537;Mediocentro;2016;2017;1674;6.641666;48.32;50.94;BAJO;BAJO;BAJO;BAJO;0.591;0.3156;0.0934;RandomForest
47412;Javier Eraso;531;Mediocentro;2016;2017;377;6.3;25.27;47.93;BAJO;BAJO;BAJO;BAJO;0.5632;0.2935;0.1433;RandomForest
47413;Recio;535;Mediocentro;2016;2017;1358;6.927777;70.58;69.49;MEDIO;MEDIO;MEDIO;MEDIO;0.1912;0.4432;0.3656;RandomForest
47415;Rubén Pérez;537;Mediocentro;2016;2017;2334;6.94;69.06;75.41;ALTO;ALTO;ALTO;ALTO;0.1338;0.2877;0.5785;RandomForest
47418;Mikel Vesga;731;Mediocentro;2016;2017;1695;6.9;56.8;42.61;BAJO;BAJO;BAJO;BAJO;0.561;0.2991;0.14;RandomForest
47437;Andrew Hjulsager;538;Mediocentro;2016;2017;259;6.457142;27.78;11.36;;BAJO;BAJO;BAJO;0.5406;0.2772;0.1822;RandomForest
47441;Nemanja Radoja;538;Mediocentro;2016;2017;2420;6.787096;62.37;42.2;BAJO;BAJO;BAJO;BAJO;0.4784;0.3382;0.1833;RandomForest
47442;Jozabed Sánchez;538;Mediocentro;2016;2017;1094;6.858823;55.49;53.38;MEDIO;MEDIO;MEDIO;MEDIO;0.3414;0.4991;0.1595;RandomForest
47539;Uche Agbo;715;Mediocentro;2016;2017;2385;6.670967;57.57;;;MEDIO;MEDIO;MEDIO;0.3022;0.4469;0.251;RandomForest
47542;Gorka Elustondo;531;Mediocentro;2016;2017;104;7.200000000000001;52.54;;;BAJO;BAJO;MEDIO;0.5216;0.2807;0.1978;RandomForest
47545;Gaël Kakuta;544;Mediocentro;2016;2017;544;6.52;45.53;;;BAJO;BAJO;BAJO;0.5427;0.3263;0.1309;RandomForest
47546;Álvaro Medrán;532;Mediocentro;2016;2017;947;6.678571;48.86;47.18;BAJO;BAJO;MEDIO;BAJO;0.5356;0.3315;0.133;RandomForest
47574;Moi Gómez;731;Mediocentro;2016;2017;1878;6.66923;52.23;;;MEDIO;MEDIO;MEDIO;0.3015;0.3831;0.3154;RandomForest
47578;Cristian Rivera;545;Mediocentro;2016;2017;712;6.6;36.01;32.09;;BAJO;BAJO;BAJO;0.6275;0.2681;0.1044;RandomForest
48385;Zdravko Kuzmanović;535;Mediocentro;2016;2017;216;6.65;28.09;25.95;BAJO;BAJO;BAJO;BAJO;0.6232;0.2384;0.1384;RandomForest
49859;Arda Turan;529;Mediocentro;2016;2017;1244;7.049999999999999;77.26;;;ALTO;ALTO;MEDIO;0.0967;0.3678;0.5355;RandomForest
50907;Nicolás Gaitán;530;Mediocentro;2016;2017;1022;6.791304;62.26;40.93;;MEDIO;BAJO;BAJO;0.3558;0.4005;0.2437;RandomForest
50910;Aleksandar Katai;542;Mediocentro;2016;2017;770;6.725;54.34;15.39;;BAJO;MEDIO;MEDIO;0.4391;0.4197;0.1412;RandomForest
51012;Carles Gil;544;Mediocentro;2016;2017;1410;6.552173;46.67;49.37;BAJO;BAJO;BAJO;BAJO;0.4655;0.3126;0.222;RandomForest
51112;Víctor Rodríguez;731;Mediocentro;2016;2017;1380;6.684;49.5;;;MEDIO;BAJO;BAJO;0.4109;0.4432;0.146;RandomForest
51177;Cristian Espinoza;542;Mediocentro;2016;2017;159;6.433333;21.37;;;BAJO;BAJO;BAJO;0.5983;0.2391;0.1626;RandomForest
51260;Felipe Gutiérrez;543;Mediocentro;2016;2017;756;6.96923;68.7;;;MEDIO;MEDIO;MEDIO;0.3051;0.4125;0.2824;RandomForest
51576;Chori Castro;535;Mediocentro;2016;2017;1791;6.724999999999999;58.17;73.83;ALTO;ALTO;BAJO;BAJO;0.274;0.3584;0.3676;RandomForest
63542;Martin Hongla;715;Mediocentro;2016;2017;794;6.46;39.16;;;BAJO;BAJO;BAJO;0.5725;0.3021;0.1254;RandomForest
68193;Mateo García;534;Mediocentro;2016;2017;721;6.80625;59.28;;;BAJO;BAJO;MEDIO;0.4242;0.4211;0.1547;RandomForest
70495;Fran Rico;545;Mediocentro;2016;2017;1225;6.9647049999999995;67.15;;;MEDIO;MEDIO;MEDIO;0.262;0.4653;0.2726;RandomForest
77168;Álvaro Cejudo;543;Mediocentro;2016;2017;805;6.725;54.42;;;BAJO;BAJO;BAJO;0.5572;0.329;0.1138;RandomForest
91225;Panagiotis Kone;715;Mediocentro;2016;2017;42;6.200000000000001;13.61;;;BAJO;BAJO;BAJO;0.6497;0.243;0.1073;RandomForest
104794;Xabi Prieto;548;Mediocentro;2016;2017;2822;0.0;48.16;44.29;BAJO;BAJO;BAJO;BAJO;0.6719;0.1768;0.1513;RandomForest
104821;Jon Guridi;548;Mediocentro;2016;2017;75;6.2;15.24;15.32;;BAJO;BAJO;BAJO;0.6533;0.2335;0.1132;RandomForest
104838;Duda;535;Mediocentro;2016;2017;378;0.0;31.23;;;BAJO;BAJO;BAJO;0.5814;0.2562;0.1624;RandomForest
104839;Tiago;530;Mediocentro;2016;2017;449;0.0;32.75;;;BAJO;BAJO;ALTO;0.563;0.2771;0.1598;RandomForest
104841;Josep Señé;538;Mediocentro;2016;2017;665;6.430769;35.73;;;BAJO;BAJO;BAJO;0.6044;0.2987;0.097;RandomForest
104845;Jean Carlos;715;Mediocentro;2016;2017;29;6.7;24.98;;;BAJO;BAJO;BAJO;0.6134;0.2655;0.1211;RandomForest
104855;Óscar Pinchi;544;Mediocentro;2016;2017;0;;12.68;;;BAJO;BAJO;MEDIO;0.6017;0.2677;0.1305;RandomForest
104858;Antonio Otegui;727;Mediocentro;2016;2017;44;6.266666;13.73;;;BAJO;BAJO;BAJO;0.6631;0.2299;0.107;RandomForest
104861;Didier Digard;727;Mediocentro;2016;2017;194;6.766666;33.89;;;BAJO;BAJO;MEDIO;0.6032;0.2719;0.1249;RandomForest
27;Antonio Adán;543;Portero;2016;2017;3330;6.848648;48.95;43.23;MEDIO;MEDIO;MEDIO;MEDIO;0.2217;0.5304;0.2478;RandomForest
29;Jan Oblak;530;Portero;2016;2017;2650;6.83;45.44;55.04;ALTO;ALTO;ALTO;ALTO;0.2549;0.3198;0.4253;RandomForest
124;Jasper Cillessen;529;Portero;2016;2017;90;6.3;19.71;47.98;;BAJO;BAJO;ALTO;0.5632;0.297;0.1398;RandomForest
127;Marc-André Ter Stegen;529;Portero;2016;2017;3240;7.025;56.08;53.16;ALTO;ALTO;ALTO;ALTO;0.1329;0.2945;0.5726;RandomForest
614;Claudio Bravo;529;Portero;2016;2017;90;6.0;15.91;;;BAJO;BAJO;BAJO;0.5774;0.2824;0.1401;RandomForest
731;Keylor Navas;541;Portero;2016;2017;2430;6.877777;46.52;49.87;ALTO;ALTO;ALTO;ALTO;0.2504;0.3156;0.434;RandomForest
911;Jaume Doménech;532;Portero;2016;2017;270;6.8;38.35;47.47;ALTO;ALTO;ALTO;ALTO;0.3507;0.2401;0.4091;RandomForest
1335;Carlos Kameni;535;Portero;2016;2017;3150;6.794285;44.56;;;MEDIO;MEDIO;MEDIO;0.2043;0.504;0.2918;RandomForest
1682;Sergio Asenjo;533;Portero;2016;2017;2105;7.033333;56.49;40.93;MEDIO;MEDIO;ALTO;MEDIO;0.2843;0.4274;0.2884;RandomForest
1684;Andrés Fernández;533;Portero;2016;2017;1315;6.993333;51.46;28.42;;BAJO;BAJO;BAJO;0.3753;0.3439;0.2807;RandomForest
2098;Guillermo Ochoa;715;Portero;2016;2017;3420;6.836842;44.17;;;MEDIO;MEDIO;MEDIO;0.3697;0.4054;0.2249;RandomForest
2157;Denys Boyko;535;Portero;2016;2017;270;6.233333;18.34;;;BAJO;BAJO;BAJO;0.4953;0.3126;0.1921;RandomForest
2273;Kepa Arrizabalaga;531;Portero;2016;2017;2016;6.673913;37.69;41.89;MEDIO;MEDIO;BAJO;ALTO;0.3422;0.4058;0.252;RandomForest
2741;Mathew Ryan;532;Portero;2016;2017;180;6.7;29.66;;;BAJO;BAJO;MEDIO;0.4729;0.3072;0.2199;RandomForest
5986;Germán Lux;544;Portero;2016;2017;2206;6.7;34.83;;;MEDIO;MEDIO;MEDIO;0.3497;0.402;0.2482;RandomForest
8716;Davy Roef;544;Portero;2016;2017;90;7.7;51.25;;;BAJO;BAJO;MEDIO;0.4241;0.3376;0.2383;RandomForest
10151;Diego Alves;532;Portero;2016;2017;2970;6.672726999999999;33.65;;;MEDIO;ALTO;ALTO;0.3714;0.4278;0.2008;RandomForest
19014;Sergio Rico;536;Portero;2016;2017;3150;6.908571;50.41;32.15;BAJO;MEDIO;MEDIO;BAJO;0.324;0.3871;0.2889;RandomForest
19112;Kiko Casilla;541;Portero;2016;2017;990;6.881818;44.81;33.29;BAJO;BAJO;BAJO;MEDIO;0.5304;0.2467;0.223;RandomForest
30495;Salvatore Sirigu;727;Portero;2016;2017;1798;6.455555;26.09;;;BAJO;MEDIO;ALTO;0.4775;0.3306;0.1919;RandomForest
31538;Alberto Brignoli;537;Portero;2016;2017;60;5.9;9.99;;;BAJO;BAJO;ALTO;0.522;0.2982;0.1798;RandomForest
33928;Jon Ander Serantes;537;Portero;2016;2017;1110;6.546153;29.04;18.7;;BAJO;BAJO;BAJO;0.4987;0.2701;0.2313;RandomForest
46784;Dani Giménez;543;Portero;2016;2017;90;6.3;19.44;51.12;;BAJO;BAJO;ALTO;0.5569;0.2921;0.151;RandomForest
46785;Adrián Ortolá;542;Portero;2016;2017;180;6.95;45.83;;;BAJO;BAJO;BAJO;0.4575;0.318;0.2246;RandomForest
46841;Nereo Champagne;537;Portero;2016;2017;360;6.775;34.8;15.62;;ALTO;BAJO;ALTO;0.3529;0.2906;0.3565;RandomForest
46870;Diego Mariño;731;Portero;2016;2017;180;6.8;37.17;;;BAJO;BAJO;ALTO;0.406;0.2942;0.2998;RandomForest
46935;Raúl Lizoain;534;Portero;2016;2017;1170;6.638461;36.67;29.01;BAJO;BAJO;BAJO;BAJO;0.509;0.2782;0.2128;RandomForest
46989;Nauzet Pérez;727;Portero;2016;2017;1170;6.5;27.92;;;BAJO;BAJO;BAJO;0.487;0.2667;0.2463;RandomForest
47016;Álvaro Fernández;727;Portero;2016;2017;44;6.7;29.04;;;BAJO;BAJO;BAJO;0.562;0.3003;0.1377;RandomForest
47247;David Soria;536;Portero;2016;2017;90;7.0;46.56;43.4;MEDIO;BAJO;BAJO;MEDIO;0.4679;0.3942;0.1379;RandomForest
47267;Iago Herrerín;537;Portero;2016;2017;1826;0.0;23.97;47.45;ALTO;BAJO;ALTO;ALTO;0.4365;0.2265;0.337;RandomForest
47295;Miguel Ángel Moyà;530;Portero;2016;2017;770;6.922222;47.37;40.5;MEDIO;BAJO;BAJO;ALTO;0.4413;0.3668;0.1919;RandomForest
47296;Gerónimo Rulli;548;Portero;2016;2017;1440;6.739473;40.56;27.05;BAJO;BAJO;BAJO;BAJO;0.4551;0.2913;0.2536;RandomForest
47326;Roberto Jiménez;540;Portero;2016;2017;307;6.175;17.76;40.93;MEDIO;BAJO;BAJO;MEDIO;0.4567;0.361;0.1823;RandomForest
47327;Diego López;540;Portero;2016;2017;3113;6.891428000000001;48.81;42.24;MEDIO;MEDIO;MEDIO;MEDIO;0.2418;0.5492;0.209;RandomForest
47352;Fernando Pacheco;542;Portero;2016;2017;3240;6.938888;53.9;44.29;MEDIO;MEDIO;ALTO;MEDIO;0.1843;0.4478;0.368;RandomForest
47375;Markel Areitio;545;Portero;2016;2017;45;6.9;41.88;;;BAJO;BAJO;MEDIO;0.5423;0.3087;0.149;RandomForest
47376;Asier Riesgo;545;Portero;2016;2017;1254;6.35;25.02;38.69;;BAJO;BAJO;MEDIO;0.5024;0.2471;0.2504;RandomForest
47399;Iván Cuéllar;731;Portero;2016;2017;3240;6.744444;39.79;41.5;MEDIO;MEDIO;MEDIO;MEDIO;0.2996;0.4827;0.2178;RandomForest
47425;Sergio Álvarez;538;Portero;2016;2017;2340;6.711538;39.84;37.09;MEDIO;MEDIO;MEDIO;MEDIO;0.3538;0.422;0.2242;RandomForest
47427;Iván Villar;538;Portero;2016;2017;90;6.3;19.26;;;BAJO;BAJO;MEDIO;0.5265;0.3;0.1735;RandomForest
47476;Yoel Rodríguez;545;Portero;2016;2017;2117;6.792;40.96;48.47;;MEDIO;MEDIO;ALTO;0.3595;0.4145;0.226;RandomForest
47501;Gorka Iraizoz;531;Portero;2016;2017;1404;6.75;40.17;33.2;BAJO;BAJO;BAJO;BAJO;0.4879;0.2133;0.2988;RandomForest
47560;Javi Varas;534;Portero;2016;2017;2250;6.592;37.92;;;BAJO;BAJO;BAJO;0.416;0.4028;0.1812;RandomForest
50974;Przemysław Tytoń;544;Portero;2016;2017;1124;6.630769;32.86;14.77;;BAJO;BAJO;BAJO;0.4519;0.3001;0.248;RandomForest
104842;Mario Fernández;727;Portero;2016;2017;586;6.528571;25.18;;;BAJO;ALTO;MEDIO;0.4395;0.3038;0.2567;RandomForest
104846;Diego Barrios;537;Portero;2016;2017;61;6.2;17.45;;;BAJO;BAJO;ALTO;0.5516;0.2975;0.1509;RandomForest
9;Achraf Hakimi;541;Defensa;2017;2018;757;7.0;75.05;;;MEDIO;ALTO;ALTO;0.3055;0.3802;0.3143;RandomForest
31;José María Giménez;530;Defensa;2017;2018;1684;7.030434;68.18;74.44;ALTO;ALTO;MEDIO;MEDIO;0.169;0.3379;0.4931;RandomForest
32;Diego Godín;530;Defensa;2017;2018;2553;7.09;70.63;72.41;ALTO;ALTO;MEDIO;ALTO;0.1388;0.3099;0.5512;RandomForest
33;Lucas Hernández;530;Defensa;2017;2018;2116;7.238461;78.19;75.61;ALTO;ALTO;ALTO;ALTO;0.1198;0.31;0.5702;RandomForest
34;Filipe Luís;530;Defensa;2017;2018;1660;7.4578940000000005;84.87;78.11;ALTO;ALTO;ALTO;ALTO;0.0922;0.2278;0.68;RandomForest
36;Carlos Isaac;530;Defensa;2017;2018;64;6.7;20.91;46.33;;BAJO;BAJO;BAJO;0.6501;0.2419;0.1081;RandomForest
39;Stefan Savić;530;Defensa;2017;2018;2299;7.003703;61.05;46.79;BAJO;BAJO;MEDIO;BAJO;0.4111;0.3536;0.2353;RandomForest
41;Juanfran;530;Defensa;2017;2018;1308;6.847057999999999;50.35;57.75;MEDIO;BAJO;BAJO;BAJO;0.4631;0.4075;0.1293;RandomForest
128;Jordi Alba;529;Defensa;2017;2018;2744;7.233333;80.84;74.98;ALTO;ALTO;ALTO;ALTO;0.028;0.1169;0.855;RandomForest
130;Nélson Semedo;529;Defensa;2017;2018;1496;6.768181000000001;53.86;56.78;MEDIO;MEDIO;MEDIO;ALTO;0.3805;0.4012;0.2183;RandomForest
133;Clément Lenglet;536;Defensa;2017;2018;3001;6.968571000000001;67.35;69.31;ALTO;ALTO;ALTO;ALTO;0.1387;0.2847;0.5766;RandomForest
135;Jeison Murillo;532;Defensa;2017;2018;1373;7.135294;67.81;32.12;;MEDIO;MEDIO;MEDIO;0.1852;0.4097;0.4051;RandomForest
136;Gerard Piqué;529;Defensa;2017;2018;2633;7.2133329999999996;75.91;83.01;ALTO;ALTO;ALTO;ALTO;0.0859;0.2041;0.71;RandomForest
139;Samuel Umtiti;529;Defensa;2017;2018;2189;7.164;76.92;57.85;MEDIO;ALTO;ALTO;ALTO;0.0902;0.3193;0.5905;RandomForest
140;Thomas Vermaelen;529;Defensa;2017;2018;1018;6.942857;57.93;28.37;BAJO;BAJO;MEDIO;MEDIO;0.4361;0.3677;0.1961;RandomForest
199;Šime Vrsaljko;530;Defensa;2017;2018;1697;7.119047;71.0;;;ALTO;BAJO;ALTO;0.2045;0.3642;0.4313;RandomForest
560;Sébastien Corchia;536;Defensa;2017;2018;823;6.741666;49.08;;;BAJO;BAJO;MEDIO;0.4952;0.3515;0.1534;RandomForest
622;Aymeric Laporte;531;Defensa;2017;2018;1710;7.18421;72.5;;;ALTO;ALTO;MEDIO;0.1348;0.3122;0.553;RandomForest
733;Daniel Carvajal;541;Defensa;2017;2018;2223;7.188;83.33;81.12;ALTO;ALTO;ALTO;ALTO;0.0282;0.0815;0.8904;RandomForest
735;Nacho Fernández;541;Defensa;2017;2018;2070;6.961538;66.55;52.62;MEDIO;MEDIO;ALTO;MEDIO;0.1602;0.4498;0.39;RandomForest
737;Álvaro Odriozola;548;Defensa;2017;2018;2918;6.565714000000001;40.91;58.68;MEDIO;MEDIO;MEDIO;MEDIO;0.277;0.5102;0.2127;RandomForest
738;Sergio Ramos;541;Defensa;2017;2018;2292;7.303846;84.48;81.55;ALTO;ALTO;ALTO;ALTO;0.0348;0.0927;0.8725;RandomForest
741;Jesús Vallejo;541;Defensa;2017;2018;630;6.971428;54.03;39.28;;MEDIO;BAJO;BAJO;0.3537;0.4507;0.1956;RandomForest
742;Raphaël Varane;541;Defensa;2017;2018;2324;6.974074;65.11;68.86;ALTO;ALTO;MEDIO;MEDIO;0.1883;0.2887;0.523;RandomForest
743;Marcelo;541;Defensa;2017;2018;2262;7.139285;80.05;74.7;ALTO;ALTO;ALTO;ALTO;0.0261;0.1;0.8738;RandomForest
757;Lucas Vázquez;541;Defensa;2017;2018;1667;6.959375;69.02;63.16;MEDIO;MEDIO;ALTO;MEDIO;0.0882;0.4669;0.4449;RandomForest
855;João Cancelo;532;Defensa;2017;2018;90;7.2;53.49;;;BAJO;BAJO;BAJO;0.5499;0.2539;0.1963;RandomForest
915;Gabriel Paulista;532;Defensa;2017;2018;2584;7.043332999999999;69.6;67.85;MEDIO;ALTO;ALTO;ALTO;0.1203;0.411;0.4687;RandomForest
917;Ezequiel Garay;532;Defensa;2017;2018;2031;6.8875;50.44;68.97;ALTO;BAJO;BAJO;MEDIO;0.4144;0.3694;0.2162;RandomForest
918;José Luis Gayà;532;Defensa;2017;2018;2918;7.079411;78.3;72.63;ALTO;ALTO;ALTO;ALTO;0.075;0.2372;0.6878;RandomForest
920;Toni Lato;532;Defensa;2017;2018;796;6.726666;41.13;20.08;;BAJO;BAJO;MEDIO;0.558;0.3178;0.1242;RandomForest
922;Facundo Roncaglia;538;Defensa;2017;2018;1491;6.789473;52.17;34.55;BAJO;BAJO;MEDIO;MEDIO;0.5273;0.2989;0.1738;RandomForest
1560;Antonio Barragán;543;Defensa;2017;2018;2377;6.782758;53.32;32.59;BAJO;BAJO;BAJO;BAJO;0.4086;0.3449;0.2466;RandomForest
1561;Marc Bartra;543;Defensa;2017;2018;1421;7.3187500000000005;86.51;74.03;ALTO;ALTO;ALTO;ALTO;0.0562;0.1808;0.7631;RandomForest
1562;Sidnei;544;Defensa;2017;2018;1780;7.038095;72.57;66.09;MEDIO;MEDIO;ALTO;MEDIO;0.2012;0.41;0.3888;RandomForest
1563;Zouhair Feddal;543;Defensa;2017;2018;1257;7.026665999999999;70.73;81.15;ALTO;ALTO;MEDIO;MEDIO;0.2804;0.3375;0.3821;RandomForest
1564;Junior Firpo;543;Defensa;2017;2018;1190;7.021428000000001;74.57;72.54;ALTO;ALTO;ALTO;ALTO;0.1604;0.3313;0.5083;RandomForest
1567;Aïssa Mandi;543;Defensa;2017;2018;3025;6.985293999999999;70.34;73.33;ALTO;ALTO;ALTO;ALTO;0.101;0.2717;0.6273;RandomForest
1574;Francis Guerrero;543;Defensa;2017;2018;992;6.785714;60.01;55.32;MEDIO;MEDIO;MEDIO;MEDIO;0.2837;0.5223;0.194;RandomForest
1685;Daniele Bonera;533;Defensa;2017;2018;1191;6.88;49.26;33.09;;BAJO;BAJO;ALTO;0.487;0.3578;0.1552;RandomForest
1687;Jaume Costa;533;Defensa;2017;2018;2549;6.873333;64.98;56.4;MEDIO;MEDIO;MEDIO;MEDIO;0.2107;0.5207;0.2685;RandomForest
1689;Álvaro González;533;Defensa;2017;2018;2899;6.887878;55.38;62.08;MEDIO;MEDIO;MEDIO;MEDIO;0.3327;0.468;0.1992;RandomForest
1691;Mario Gaspar;533;Defensa;2017;2018;2805;7.1125;80.03;50.62;BAJO;ALTO;ALTO;ALTO;0.1701;0.1834;0.6465;RandomForest
1693;Víctor Ruiz;533;Defensa;2017;2018;2417;6.988888000000001;66.0;63.36;MEDIO;MEDIO;MEDIO;MEDIO;0.1982;0.5163;0.2855;RandomForest
1702;Alfonso Pedraza;542;Defensa;2017;2018;2441;6.6;47.38;57.02;MEDIO;MEDIO;MEDIO;MEDIO;0.3567;0.4449;0.1984;RandomForest
1839;Riza Durmisi;543;Defensa;2017;2018;2080;6.704166;45.22;;;BAJO;MEDIO;ALTO;0.4525;0.3651;0.1823;RandomForest
2038;Guilherme Arana;536;Defensa;2017;2018;192;6.733332999999999;28.68;34.84;BAJO;BAJO;BAJO;BAJO;0.6282;0.2385;0.1333;RandomForest
2040;Sergio Escudero;536;Defensa;2017;2018;2332;6.974074;74.86;54.43;MEDIO;ALTO;ALTO;ALTO;0.1124;0.4336;0.454;RandomForest
2042;Sergi Gómez;538;Defensa;2017;2018;2682;6.909375;58.56;59.88;MEDIO;MEDIO;MEDIO;MEDIO;0.2421;0.5721;0.1859;RandomForest
2043;Daniel Carriço;536;Defensa;2017;2018;459;6.833333;38.74;60.69;MEDIO;BAJO;BAJO;MEDIO;0.4778;0.3728;0.1494;RandomForest
2044;Gabriel Mercado;536;Defensa;2017;2018;2123;6.838461;56.13;46.85;BAJO;MEDIO;MEDIO;BAJO;0.3895;0.3968;0.2137;RandomForest
2045;Simon Kjær;536;Defensa;2017;2018;1571;6.978947;63.67;67.46;MEDIO;MEDIO;MEDIO;MEDIO;0.2863;0.4959;0.2178;RandomForest
2047;Aleix Vidal;529;Defensa;2017;2018;453;6.653846000000001;36.55;51.68;MEDIO;BAJO;BAJO;MEDIO;0.5121;0.3645;0.1234;RandomForest
2054;Jesús Navas;536;Defensa;2017;2018;1761;6.956;64.5;80.48;ALTO;ALTO;MEDIO;ALTO;0.2239;0.3282;0.4479;RandomForest
2230;Antonio Rukavina;533;Defensa;2017;2018;1270;6.7;34.36;;;BAJO;BAJO;BAJO;0.5851;0.3047;0.1102;RandomForest
2366;Alin Toșca;543;Defensa;2017;2018;423;6.659999999999999;26.24;;;BAJO;BAJO;BAJO;0.5603;0.3028;0.1369;RandomForest
2444;Roberto Rosales;535;Defensa;2017;2018;3125;7.014285;74.41;77.37;ALTO;ALTO;ALTO;ALTO;0.0766;0.2472;0.6762;RandomForest
2484;Yerry Mina;529;Defensa;2017;2018;370;7.160000000000001;61.24;;;MEDIO;BAJO;MEDIO;0.3777;0.4255;0.1968;RandomForest
2553;Guillermo Maripán;542;Defensa;2017;2018;1527;6.855555;54.54;74.81;ALTO;BAJO;BAJO;BAJO;0.4108;0.3311;0.2582;RandomForest
2669;Mario Hermoso;540;Defensa;2017;2018;1929;6.654545;40.82;75.1;ALTO;BAJO;BAJO;MEDIO;0.4264;0.3463;0.2273;RandomForest
2670;Iñigo Martínez;531;Defensa;2017;2018;2496;7.03125;74.0;70.06;ALTO;ALTO;ALTO;ALTO;0.0978;0.306;0.5962;RandomForest
2724;Lucas Digne;529;Defensa;2017;2018;702;6.945454;61.08;;;MEDIO;MEDIO;MEDIO;0.2883;0.4086;0.3031;RandomForest
2806;Fabian Schär;544;Defensa;2017;2018;2220;6.784;58.59;;;MEDIO;MEDIO;BAJO;0.3368;0.4031;0.2601;RandomForest
2872;Miguel Layún;536;Defensa;2017;2018;1179;6.8;56.12;43.56;BAJO;BAJO;MEDIO;BAJO;0.4948;0.3556;0.1496;RandomForest
2874;Héctor Moreno;548;Defensa;2017;2018;720;7.075;66.56;53.86;MEDIO;MEDIO;MEDIO;MEDIO;0.2614;0.5529;0.1857;RandomForest
10236;Michel Macedo;534;Defensa;2017;2018;2137;6.757142;53.67;;;MEDIO;MEDIO;BAJO;0.3863;0.3875;0.2262;RandomForest
13073;Javier Mascherano;529;Defensa;2017;2018;540;7.683333;59.17;;;BAJO;MEDIO;MEDIO;0.4029;0.3664;0.2306;RandomForest
18740;Jonny Otto;538;Defensa;2017;2018;3203;6.855555;68.45;;;MEDIO;ALTO;MEDIO;0.1666;0.4812;0.3522;RandomForest
18800;Marc Navarro;540;Defensa;2017;2018;1102;6.6;37.26;;;BAJO;BAJO;MEDIO;0.5468;0.3387;0.1146;RandomForest
18867;Diego Rico;537;Defensa;2017;2018;2229;7.092307;82.17;;;ALTO;ALTO;ALTO;0.1044;0.2664;0.6292;RandomForest
18965;Martín Montoya;532;Defensa;2017;2018;2152;6.992;73.34;;;MEDIO;ALTO;ALTO;0.1651;0.4217;0.4132;RandomForest
20997;Rafa Navarro;543;Defensa;2017;2018;133;6.533333;23.97;;;BAJO;BAJO;BAJO;0.6102;0.2435;0.1463;RandomForest
21631;Paul Baysse;535;Defensa;2017;2018;1238;6.919999999999999;58.41;;;BAJO;MEDIO;MEDIO;0.4076;0.3742;0.2182;RandomForest
22245;Lionel Carole;536;Defensa;2017;2018;540;6.783333;43.49;;;BAJO;BAJO;BAJO;0.5062;0.3436;0.1503;RandomForest
25914;Aarón Martin Caricol;540;Defensa;2017;2018;2815;6.825;57.8;;;MEDIO;MEDIO;BAJO;0.3537;0.4234;0.2229;RandomForest
26302;Pablo Maffeo;547;Defensa;2017;2018;2651;6.830303;62.79;;;MEDIO;MEDIO;MEDIO;0.2579;0.4685;0.2736;RandomForest
30524;Mauricio Lemos;534;Defensa;2017;2018;1263;6.775;48.38;;;BAJO;MEDIO;BAJO;0.4687;0.3767;0.1547;RandomForest
31361;Róbert Mazáň;538;Defensa;2017;2018;82;6.449999999999999;20.73;38.22;;BAJO;BAJO;ALTO;0.6097;0.244;0.1463;RandomForest
35903;Alejandro Arribas;544;Defensa;2017;2018;270;6.3;19.14;;;BAJO;BAJO;BAJO;0.6262;0.2371;0.1367;RandomForest
41173;Ruben Semedo;533;Defensa;2017;2018;231;6.4;20.47;40.14;BAJO;BAJO;BAJO;BAJO;0.6339;0.2328;0.1333;RandomForest
44423;Alexis Ruano;542;Defensa;2017;2018;2183;6.714285;40.49;;;BAJO;BAJO;BAJO;0.5921;0.298;0.1099;RandomForest
44503;Matías Aguirregaray;534;Defensa;2017;2018;1156;6.64;42.74;;;BAJO;BAJO;BAJO;0.483;0.3548;0.1623;RandomForest
46657;Nacho Vidal;532;Defensa;2017;2018;446;6.785714;44.12;;;BAJO;BAJO;BAJO;0.5427;0.3092;0.148;RandomForest
46786;Eneko Bóveda;544;Defensa;2017;2018;1191;6.566666;28.4;;;BAJO;BAJO;BAJO;0.6562;0.2544;0.0894;RandomForest
46793;David Simón;534;Defensa;2017;2018;717;6.654545;49.64;;;BAJO;MEDIO;ALTO;0.3708;0.3672;0.262;RandomForest
46815;Pau Torres;533;Defensa;2017;2018;50;6.5;12.56;;;BAJO;BAJO;BAJO;0.6588;0.2335;0.1076;RandomForest
46817;Diego González;535;Defensa;2017;2018;1433;6.633333;36.91;;;BAJO;BAJO;BAJO;0.6138;0.2838;0.1024;RandomForest
46818;Luis Hernández;535;Defensa;2017;2018;3240;6.822222;47.05;;;MEDIO;MEDIO;BAJO;0.3209;0.4931;0.186;RandomForest
46819;Juankar;535;Defensa;2017;2018;784;6.76;49.3;;;BAJO;MEDIO;MEDIO;0.426;0.3722;0.2018;RandomForest
46820;Federico Ricca;535;Defensa;2017;2018;1111;6.892857;62.93;;;MEDIO;MEDIO;BAJO;0.311;0.4264;0.2625;RandomForest
46821;Ivan Rodríguez;535;Defensa;2017;2018;19;6.7;19.69;;;BAJO;BAJO;MEDIO;0.625;0.2529;0.1221;RandomForest
46822;David Lombán;545;Defensa;2017;2018;995;6.938461000000001;60.85;;;MEDIO;MEDIO;BAJO;0.3287;0.4791;0.1923;RandomForest
46823;Miguel Torres;535;Defensa;2017;2018;675;6.85;42.8;;;MEDIO;BAJO;BAJO;0.4051;0.4484;0.1465;RandomForest
46852;Carlos Martínez;548;Defensa;2017;2018;2;0.0;10.63;;;BAJO;ALTO;BAJO;0.6416;0.2374;0.121;RandomForest
46880;Francisco Molinero;546;Defensa;2017;2018;574;6.53;29.05;;;BAJO;BAJO;BAJO;0.658;0.2485;0.0936;RandomForest
46909;Andoni López;531;Defensa;2017;2018;90;6.3;14.23;;;BAJO;BAJO;BAJO;0.645;0.2489;0.1061;RandomForest
46937;Aly Abeid;539;Defensa;2017;2018;78;6.7;23.62;;;BAJO;BAJO;ALTO;0.6408;0.24;0.1192;RandomForest
46991;Aythami Artiles;534;Defensa;2017;2018;183;7.0;43.01;;;BAJO;BAJO;BAJO;0.5639;0.2927;0.1434;RandomForest
46992;Dani Castellano;534;Defensa;2017;2018;2027;6.654166;45.35;;;BAJO;BAJO;BAJO;0.4185;0.406;0.1754;RandomForest
46994;Alberto de la Bella;548;Defensa;2017;2018;1529;7.005882;69.53;;;ALTO;MEDIO;ALTO;0.2008;0.3867;0.4126;RandomForest
46995;David García;534;Defensa;2017;2018;858;6.763636;56.55;;;MEDIO;MEDIO;MEDIO;0.3777;0.3981;0.2242;RandomForest
46998;Juan Cala;546;Defensa;2017;2018;1800;6.955;63.83;;;MEDIO;BAJO;ALTO;0.2569;0.427;0.3161;RandomForest
47073;Mauro Dos Santos;537;Defensa;2017;2018;980;6.753846;37.4;;;BAJO;BAJO;BAJO;0.6149;0.2792;0.1059;RandomForest
47074;Héctor Hernández;542;Defensa;2017;2018;15;6.7;16.48;;;BAJO;BAJO;BAJO;0.5948;0.2765;0.1286;RandomForest
47119;Aitor Ruibal;543;Defensa;2017;2018;7;6.3;11.54;;;BAJO;BAJO;BAJO;0.5799;0.2646;0.1555;RandomForest
47219;Ivan Lopez;539;Defensa;2017;2018;175;7.333333;55.73;;;BAJO;BAJO;BAJO;0.5483;0.2693;0.1824;RandomForest
47249;Leandro Cabrera;546;Defensa;2017;2018;720;6.9375;56.59;64.6;MEDIO;MEDIO;BAJO;MEDIO;0.3901;0.4762;0.1336;RandomForest
47250;Djené;546;Defensa;2017;2018;3240;7.036111000000001;72.91;54.85;MEDIO;MEDIO;MEDIO;MEDIO;0.0963;0.5376;0.3661;RandomForest
47252;Bruno González;546;Defensa;2017;2018;1537;6.888888;49.4;44.16;BAJO;BAJO;BAJO;BAJO;0.6016;0.2844;0.114;RandomForest
47253;Ignasi Miquel;535;Defensa;2017;2018;1775;6.66;42.01;35.29;;BAJO;BAJO;MEDIO;0.499;0.3345;0.1664;RandomForest
47254;Mathías Olivera;546;Defensa;2017;2018;101;6.650000000000001;24.73;44.2;BAJO;BAJO;BAJO;BAJO;0.6677;0.2125;0.1197;RandomForest
47255;Vitorino Antunes;546;Defensa;2017;2018;2796;6.766666;50.22;71.13;ALTO;MEDIO;MEDIO;ALTO;0.3151;0.3748;0.3102;RandomForest
47256;Miguel Rubio;546;Defensa;2017;2018;28;6.2;10.62;;;BAJO;BAJO;BAJO;0.6552;0.2367;0.1081;RandomForest
47257;Damián Suárez;546;Defensa;2017;2018;2879;6.803030000000001;59.78;67.31;MEDIO;MEDIO;MEDIO;MEDIO;0.2026;0.5457;0.2518;RandomForest
47271;Yeray Álvarez;531;Defensa;2017;2018;674;6.8375;48.17;59.52;MEDIO;BAJO;BAJO;MEDIO;0.425;0.4107;0.1643;RandomForest
47272;Mikel Balenziaga;531;Defensa;2017;2018;1554;6.755555;47.21;25.32;BAJO;BAJO;BAJO;BAJO;0.5349;0.321;0.1442;RandomForest
47274;Ander Capa;545;Defensa;2017;2018;2246;6.732258;47.92;41.88;BAJO;BAJO;BAJO;BAJO;0.5051;0.339;0.1558;RandomForest
47275;Óscar de Marcos;531;Defensa;2017;2018;1663;6.847619;60.26;44.65;BAJO;MEDIO;MEDIO;MEDIO;0.3919;0.4031;0.2051;RandomForest
47276;Íñigo Lekue;531;Defensa;2017;2018;2104;6.746875;50.68;24.63;;MEDIO;BAJO;MEDIO;0.37;0.4008;0.2292;RandomForest
47277;Unai Núñez;531;Defensa;2017;2018;2942;7.069696;73.71;74.12;ALTO;ALTO;ALTO;ALTO;0.075;0.283;0.642;RandomForest
47298;Aritz Elustondo;548;Defensa;2017;2018;1598;7.110526;75.14;72.21;ALTO;ALTO;MEDIO;MEDIO;0.15;0.3563;0.4937;RandomForest
47299;Andoni Gorosabel;548;Defensa;2017;2018;76;6.45;17.71;33.53;BAJO;BAJO;BAJO;BAJO;0.6701;0.2219;0.108;RandomForest
47300;Theo Hernández;541;Defensa;2017;2018;962;6.676923;52.06;67.17;MEDIO;MEDIO;MEDIO;BAJO;0.3671;0.4321;0.2008;RandomForest
47302;Diego Llorente;548;Defensa;2017;2018;2328;6.981481;72.83;58.94;MEDIO;ALTO;ALTO;MEDIO;0.1501;0.4052;0.4446;RandomForest
47304;Kévin Rodrigues;548;Defensa;2017;2018;1633;6.868421;63.46;53.69;MEDIO;MEDIO;ALTO;MEDIO;0.2709;0.4815;0.2477;RandomForest
47305;Raúl Navas;548;Defensa;2017;2018;1792;6.964999999999999;65.48;;;ALTO;MEDIO;MEDIO;0.2298;0.3659;0.4043;RandomForest
47307;Joseba Zaldúa;537;Defensa;2017;2018;2560;6.88;65.7;63.68;MEDIO;MEDIO;MEDIO;MEDIO;0.2007;0.5187;0.2806;RandomForest
47314;Igor Zubeldia;548;Defensa;2017;2018;1576;6.813043;55.13;57.38;MEDIO;MEDIO;MEDIO;MEDIO;0.3419;0.4215;0.2366;RandomForest
47328;Óscar Duarte;540;Defensa;2017;2018;990;6.618181;33.38;37.12;BAJO;BAJO;BAJO;BAJO;0.5918;0.2955;0.1127;RandomForest
47330;Naldo;540;Defensa;2017;2018;921;7.027272;59.0;67.18;MEDIO;MEDIO;BAJO;BAJO;0.3727;0.4846;0.1427;RandomForest
47333;Javi López;540;Defensa;2017;2018;967;6.864285;58.09;57.83;MEDIO;MEDIO;MEDIO;MEDIO;0.194;0.5655;0.2405;RandomForest
47334;David López;540;Defensa;2017;2018;3330;6.935135;62.59;62.93;MEDIO;MEDIO;ALTO;MEDIO;0.1642;0.4743;0.3615;RandomForest
47335;Dídac Vila;540;Defensa;2017;2018;725;6.9;63.16;66.76;MEDIO;MEDIO;MEDIO;MEDIO;0.3231;0.4974;0.1794;RandomForest
47354;Martín Aguirregabiria;542;Defensa;2017;2018;1828;6.919047;64.67;42.97;BAJO;MEDIO;ALTO;BAJO;0.3196;0.3656;0.3148;RandomForest
47355;Rubén Duarte;542;Defensa;2017;2018;2141;6.8625;59.33;56.84;MEDIO;MEDIO;MEDIO;MEDIO;0.222;0.5203;0.2577;RandomForest
47356;Rodrigo Ely;542;Defensa;2017;2018;2692;6.896774;58.26;35.58;;MEDIO;MEDIO;BAJO;0.3289;0.4289;0.2422;RandomForest
47357;Víctor Laguardia;542;Defensa;2017;2018;1530;7.005882;64.58;53.46;MEDIO;MEDIO;MEDIO;MEDIO;0.3041;0.5301;0.1658;RandomForest
47358;Adrián Marín;533;Defensa;2017;2018;233;6.166666;16.24;19.63;;BAJO;BAJO;BAJO;0.6352;0.232;0.1328;RandomForest
47359;Carlos Vigaray;542;Defensa;2017;2018;894;6.366666;31.26;26.96;BAJO;BAJO;BAJO;BAJO;0.6903;0.2239;0.0858;RandomForest
47360;Ximo Navarro;534;Defensa;2017;2018;2607;6.858063999999999;63.64;71.14;ALTO;MEDIO;MEDIO;ALTO;0.1834;0.4358;0.3808;RandomForest
47377;Anaitz Arbilla;545;Defensa;2017;2018;2411;7.031033999999999;75.12;52.98;MEDIO;ALTO;ALTO;MEDIO;0.1108;0.4094;0.4798;RandomForest
47378;Pedro Bigas;534;Defensa;2017;2018;896;6.818181;54.22;27.91;BAJO;BAJO;BAJO;BAJO;0.4616;0.3806;0.1578;RandomForest
47382;Iván Ramis;545;Defensa;2017;2018;1304;7.05625;72.09;60.55;MEDIO;MEDIO;MEDIO;MEDIO;0.2264;0.4565;0.3171;RandomForest
47383;Paulo Oliveira;545;Defensa;2017;2018;2215;6.957692;61.84;46.4;BAJO;MEDIO;MEDIO;BAJO;0.3017;0.4368;0.2615;RandomForest
47384;José Ángel;545;Defensa;2017;2018;2431;7.12;75.02;81.17;ALTO;ALTO;ALTO;ALTO;0.0588;0.2103;0.7309;RandomForest
47391;Rubén Peña;545;Defensa;2017;2018;1728;6.74074;47.6;82.47;ALTO;BAJO;BAJO;ALTO;0.3939;0.3724;0.2337;RandomForest
47403;Unai Bustinza;537;Defensa;2017;2018;1636;6.875;60.61;62.49;MEDIO;MEDIO;MEDIO;MEDIO;0.2579;0.5324;0.2097;RandomForest
47405;Juanfran;544;Defensa;2017;2018;3058;6.837142;65.68;59.42;MEDIO;MEDIO;MEDIO;MEDIO;0.2066;0.5697;0.2237;RandomForest
47406;Ezequiel Muñoz;537;Defensa;2017;2018;1408;6.842105;53.29;14.47;;BAJO;BAJO;MEDIO;0.4822;0.3537;0.1641;RandomForest
47409;Dimitrios Siovas;537;Defensa;2017;2018;2062;6.929166;63.36;67.95;ALTO;ALTO;MEDIO;ALTO;0.1933;0.3571;0.4496;RandomForest
47428;Gustavo Cabral;538;Defensa;2017;2018;1890;6.764;47.33;52.62;MEDIO;MEDIO;MEDIO;MEDIO;0.3783;0.4454;0.1763;RandomForest
47431;David Juncà;545;Defensa;2017;2018;900;6.821428;49.71;59.5;MEDIO;MEDIO;MEDIO;MEDIO;0.3594;0.4548;0.1858;RandomForest
47432;Hugo Mallo;538;Defensa;2017;2018;3004;6.973529;73.13;72.1;ALTO;ALTO;ALTO;ALTO;0.0954;0.2999;0.6047;RandomForest
47451;Coke;539;Defensa;2017;2018;1386;6.735294000000001;59.35;50.82;MEDIO;MEDIO;MEDIO;MEDIO;0.2862;0.4912;0.2226;RandomForest
47452;Erick Cabaco;539;Defensa;2017;2018;1040;6.707142;41.35;34.88;BAJO;BAJO;BAJO;BAJO;0.6128;0.2785;0.1087;RandomForest
47453;Toño;539;Defensa;2017;2018;1080;6.725;47.6;49.24;BAJO;BAJO;BAJO;BAJO;0.5686;0.2915;0.1399;RandomForest
47454;Pedro López;539;Defensa;2017;2018;1597;6.690476;36.79;39.87;BAJO;BAJO;BAJO;BAJO;0.6001;0.2879;0.112;RandomForest
47455;Antonio Luna;539;Defensa;2017;2018;2021;6.734782;44.45;39.39;BAJO;BAJO;BAJO;BAJO;0.5568;0.2957;0.1475;RandomForest
47457;Rúben Vezo;532;Defensa;2017;2018;1554;6.836842;54.66;57.49;MEDIO;MEDIO;MEDIO;MEDIO;0.3169;0.4729;0.2102;RandomForest
47458;Sergio Postigo;539;Defensa;2017;2018;2425;6.83;50.94;41.38;BAJO;BAJO;BAJO;BAJO;0.5072;0.3417;0.1512;RandomForest
47459;Chema;539;Defensa;2017;2018;2017;6.72;39.62;45.36;BAJO;BAJO;BAJO;BAJO;0.5615;0.3108;0.1277;RandomForest
47460;Róber Pier;539;Defensa;2017;2018;1904;6.728;43.33;49.68;BAJO;BAJO;BAJO;BAJO;0.567;0.298;0.1351;RandomForest
47504;Pedro Alcalá;547;Defensa;2017;2018;690;6.9125;56.25;68.99;ALTO;BAJO;BAJO;BAJO;0.4301;0.3242;0.2457;RandomForest
47505;Bernardo Espinosa;547;Defensa;2017;2018;2868;6.917647;59.33;66.38;MEDIO;MEDIO;MEDIO;MEDIO;0.2241;0.5056;0.2703;RandomForest
47506;Raúl García;537;Defensa;2017;2018;1388;6.9;61.84;53.84;MEDIO;MEDIO;MEDIO;MEDIO;0.3125;0.4718;0.2158;RandomForest
47508;Marc Muniesa;547;Defensa;2017;2018;1129;6.9;61.38;66.38;MEDIO;MEDIO;MEDIO;ALTO;0.2774;0.508;0.2146;RandomForest
47509;Carles Planas;547;Defensa;2017;2018;189;6.8;34.04;29.69;;BAJO;BAJO;BAJO;0.4845;0.3286;0.1868;RandomForest
47510;Jonas Ramalho;547;Defensa;2017;2018;2297;6.75;46.38;35.49;BAJO;BAJO;BAJO;BAJO;0.5687;0.2848;0.1465;RandomForest
47511;Juanpe;547;Defensa;2017;2018;3064;6.851428;56.67;60.95;MEDIO;MEDIO;MEDIO;MEDIO;0.3025;0.5172;0.1804;RandomForest
47513;Aday Benítez;547;Defensa;2017;2018;1831;6.755172;51.28;46.05;BAJO;BAJO;BAJO;BAJO;0.4676;0.3584;0.174;RandomForest
47531;Jordi Amat;543;Defensa;2017;2018;2052;6.704;48.03;42.66;BAJO;BAJO;MEDIO;BAJO;0.488;0.3184;0.1935;RandomForest
47534;Alejandro Gálvez;534;Defensa;2017;2018;1980;6.825;50.87;50.33;BAJO;BAJO;BAJO;BAJO;0.5927;0.2821;0.1252;RandomForest
47537;Tito;537;Defensa;2017;2018;607;6.422222;24.76;31.1;BAJO;BAJO;BAJO;BAJO;0.6799;0.2156;0.1045;RandomForest
47563;Luisinho;544;Defensa;2017;2018;2622;6.993333;76.72;32.22;BAJO;ALTO;ALTO;ALTO;0.3041;0.3465;0.3494;RandomForest
47564;Adrián Diéguez;542;Defensa;2017;2018;438;6.533333;26.89;34.12;BAJO;BAJO;BAJO;MEDIO;0.6322;0.2563;0.1115;RandomForest
47565;Xabier Etxeita;531;Defensa;2017;2018;378;6.78;37.56;48.55;BAJO;BAJO;BAJO;BAJO;0.6378;0.2269;0.1354;RandomForest
47567;Martín Mantovani;537;Defensa;2017;2018;1018;6.807692;50.6;60.07;MEDIO;BAJO;BAJO;MEDIO;0.4889;0.3759;0.1353;RandomForest
51251;Andreu Fontàs;538;Defensa;2017;2018;884;6.666666;32.53;;;BAJO;BAJO;MEDIO;0.48;0.3588;0.1612;RandomForest
64268;Johan Mojica;547;Defensa;2017;2018;2132;6.662068;48.57;19.95;;MEDIO;BAJO;MEDIO;0.366;0.4214;0.2126;RandomForest
64310;Shaquell Kwame Moore;539;Defensa;2017;2018;425;6.533333;30.16;;;BAJO;BAJO;MEDIO;0.5618;0.2978;0.1404;RandomForest
104795;Mujaid Sadick;544;Defensa;2017;2018;105;6.6;19.32;;;BAJO;BAJO;BAJO;0.6331;0.2542;0.1127;RandomForest
104796;Fernando Navarro;544;Defensa;2017;2018;1042;0.0;37.73;;;BAJO;BAJO;BAJO;0.544;0.2878;0.1681;RandomForest
104798;Alberto Redondo;546;Defensa;2017;2018;90;6.7;21.06;;;BAJO;BAJO;BAJO;0.6047;0.2798;0.1155;RandomForest
104800;David Alba;546;Defensa;2017;2018;62;6.7;18.97;;;BAJO;BAJO;BAJO;0.6197;0.2667;0.1136;RandomForest
104807;Alberto Lopez;535;Defensa;2017;2018;44;6.7;21.37;;;BAJO;BAJO;ALTO;0.6254;0.2598;0.1148;RandomForest
104808;Enric Saborit;531;Defensa;2017;2018;1429;6.931578;57.82;;;MEDIO;MEDIO;MEDIO;0.3011;0.3761;0.3228;RandomForest
104809;Raúl Albentosa;544;Defensa;2017;2018;1748;6.68;41.0;;;BAJO;BAJO;BAJO;0.5546;0.3189;0.1266;RandomForest
104812;Víctor López;542;Defensa;2017;2018;61;6.9;35.54;;;BAJO;BAJO;BAJO;0.5844;0.2641;0.1515;RandomForest
119740;Aldo One Esteve;544;Defensa;2017;2018;90;5.7;9.55;;;BAJO;BAJO;BAJO;0.6367;0.2497;0.1136;RandomForest
135151;Álex Robles;535;Defensa;2017;2018;90;6.8;29.31;;;BAJO;BAJO;BAJO;0.6069;0.256;0.1371;RandomForest
21;Paco Alcácer;529;Delantero;2017;2018;693;6.84375;57.91;;;BAJO;BAJO;BAJO;0.4749;0.381;0.1441;RandomForest
53;Ángel Correa;530;Delantero;2017;2018;2264;6.675675;58.69;55.28;MEDIO;MEDIO;MEDIO;MEDIO;0.2498;0.4969;0.2533;RandomForest
54;Diego Costa;530;Delantero;2017;2018;1048;6.793333;60.73;39.99;BAJO;BAJO;BAJO;BAJO;0.5218;0.312;0.1662;RandomForest
56;Antoine Griezmann;530;Delantero;2017;2018;2530;7.503125;77.71;76.93;ALTO;ALTO;ALTO;ALTO;0.0309;0.0979;0.8712;RandomForest
153;Ousmane Dembélé;529;Delantero;2017;2018;930;6.911764;72.48;80.53;ALTO;ALTO;ALTO;ALTO;0.0801;0.2787;0.6412;RandomForest
154;Lionel Messi;529;Delantero;2017;2018;2996;8.463888;85.66;84.26;ALTO;ALTO;ALTO;ALTO;0.0047;0.0199;0.9753;RandomForest
157;Luis Suárez;529;Delantero;2017;2018;2902;7.5;75.45;78.81;ALTO;ALTO;ALTO;ALTO;0.013;0.0354;0.9516;RandomForest
392;Adrián López;544;Delantero;2017;2018;2347;6.926666;73.05;;;MEDIO;MEDIO;MEDIO;0.1846;0.4655;0.35;RandomForest
608;Lucas Boyé;538;Delantero;2017;2018;267;6.418181;30.66;;;BAJO;BAJO;MEDIO;0.634;0.256;0.11;RandomForest
700;Olarenwaju Kayode;547;Delantero;2017;2018;374;6.566666;32.2;;;BAJO;BAJO;BAJO;0.5956;0.2707;0.1337;RandomForest
746;Marco Asensio;541;Delantero;2017;2018;1838;7.2125;77.25;72.76;ALTO;ALTO;ALTO;ALTO;0.0196;0.102;0.8783;RandomForest
758;Gareth Bale;541;Delantero;2017;2018;1803;7.526923;80.69;72.19;ALTO;ALTO;ALTO;ALTO;0.0751;0.1227;0.8022;RandomForest
759;Karim Benzema;541;Delantero;2017;2018;2156;7.03125;71.59;78.95;ALTO;ALTO;ALTO;ALTO;0.0778;0.2109;0.7112;RandomForest
874;Cristiano Ronaldo;541;Delantero;2017;2018;2298;7.888888000000001;78.0;;;ALTO;ALTO;ALTO;0.0531;0.1899;0.757;RandomForest
925;Gonçalo Guedes;532;Delantero;2017;2018;2442;7.054545;81.74;74.6;ALTO;ALTO;ALTO;ALTO;0.0746;0.1993;0.7261;RandomForest
931;Ferran Torres;532;Delantero;2017;2018;302;6.6;39.49;59.05;MEDIO;BAJO;BAJO;MEDIO;0.5071;0.357;0.1359;RandomForest
933;Kévin Gameiro;530;Delantero;2017;2018;1119;6.76;48.22;53.09;MEDIO;BAJO;BAJO;MEDIO;0.5429;0.3485;0.1085;RandomForest
934;Santi Mina;532;Delantero;2017;2018;1549;6.9466660000000005;61.04;62.34;MEDIO;MEDIO;MEDIO;MEDIO;0.3048;0.5449;0.1503;RandomForest
935;Rodrigo;532;Delantero;2017;2018;2695;7.105405;75.92;75.94;ALTO;ALTO;ALTO;ALTO;0.1211;0.2538;0.6251;RandomForest
937;Rubén Sobrino;542;Delantero;2017;2018;1459;6.733333;60.65;35.18;BAJO;MEDIO;MEDIO;BAJO;0.3654;0.4297;0.2049;RandomForest
1421;Zakaria Bakkali;544;Delantero;2017;2018;905;6.522727;35.3;;;BAJO;BAJO;MEDIO;0.5631;0.3378;0.0991;RandomForest
1583;Sergio León;543;Delantero;2017;2018;1981;6.745161;48.85;25.71;BAJO;BAJO;BAJO;BAJO;0.551;0.3668;0.0822;RandomForest
1584;Loren Morón;543;Delantero;2017;2018;1064;6.953333;66.14;50.46;BAJO;BAJO;BAJO;BAJO;0.4869;0.3391;0.174;RandomForest
1586;Cristian Tello;543;Delantero;2017;2018;1684;6.918750000000001;68.16;72.09;ALTO;ALTO;MEDIO;ALTO;0.2037;0.3928;0.4035;RandomForest
1616;Miguel Ángel Guerrero;537;Delantero;2017;2018;1438;6.777271999999999;55.44;;;MEDIO;MEDIO;BAJO;0.3969;0.4683;0.1348;RandomForest
1706;Carlos Bacca;533;Delantero;2017;2018;2511;7.051428;69.57;48.77;BAJO;MEDIO;ALTO;BAJO;0.3387;0.3654;0.2958;RandomForest
1707;Gerard Moreno;540;Delantero;2017;2018;3413;7.276315;83.36;71.59;ALTO;ALTO;ALTO;ALTO;0.031;0.124;0.845;RandomForest
1708;Dani Raba;533;Delantero;2017;2018;1115;6.73;58.6;34.67;;MEDIO;MEDIO;MEDIO;0.2688;0.4363;0.295;RandomForest
1854;Joaquín Correa;536;Delantero;2017;2018;1199;6.67619;54.66;;;MEDIO;MEDIO;MEDIO;0.3456;0.3919;0.2625;RandomForest
2057;Franco Vázquez;536;Delantero;2017;2018;1845;6.71;62.74;67.82;MEDIO;MEDIO;ALTO;MEDIO;0.2047;0.5063;0.289;RandomForest
2058;Nolito;536;Delantero;2017;2018;1599;6.927586;69.27;18.16;;MEDIO;MEDIO;ALTO;0.2393;0.4246;0.3361;RandomForest
2059;Wissam Ben Yedder;536;Delantero;2017;2018;1699;6.772;56.27;77.65;ALTO;MEDIO;MEDIO;BAJO;0.2873;0.4346;0.2781;RandomForest
2060;Munir El Haddadi;542;Delantero;2017;2018;2456;7.090909;79.99;54.23;MEDIO;MEDIO;MEDIO;MEDIO;0.1274;0.5018;0.3707;RandomForest
2116;Maxime Lestienne;535;Delantero;2017;2018;671;6.625;42.54;;;BAJO;BAJO;BAJO;0.5322;0.3321;0.1357;RandomForest
2493;Luis Muriel;536;Delantero;2017;2018;1604;6.655172;45.91;35.27;;MEDIO;MEDIO;BAJO;0.3717;0.4967;0.1316;RandomForest
2520;Hernán Pérez;542;Delantero;2017;2018;510;6.477777;26.01;53.98;MEDIO;BAJO;BAJO;MEDIO;0.5048;0.4074;0.0878;RandomForest
2522;Antonio Sanabria;543;Delantero;2017;2018;847;6.858823;57.37;38.61;BAJO;BAJO;BAJO;BAJO;0.5658;0.3187;0.1156;RandomForest
2615;Maximiliano Gómez;538;Delantero;2017;2018;3077;7.030555;69.47;69.84;MEDIO;MEDIO;MEDIO;MEDIO;0.141;0.5504;0.3086;RandomForest
2617;Cristhian Stuani;547;Delantero;2017;2018;2723;7.030303;67.83;72.91;ALTO;ALTO;ALTO;ALTO;0.1428;0.325;0.5322;RandomForest
2672;Iker Muniain;531;Delantero;2017;2018;775;7.192857;80.5;72.78;ALTO;ALTO;ALTO;ALTO;0.0938;0.3271;0.5791;RandomForest
2719;Nordin Amrabat;537;Delantero;2017;2018;1621;6.503333;43.18;;;MEDIO;MEDIO;BAJO;0.3823;0.4752;0.1425;RandomForest
2777;Isaac Success;535;Delantero;2017;2018;496;6.7777769999999995;61.61;;;MEDIO;MEDIO;BAJO;0.3982;0.4206;0.1813;RandomForest
2845;Joel Campbell;543;Delantero;2017;2018;209;6.975;60.44;;;MEDIO;BAJO;BAJO;0.3523;0.4396;0.2081;RandomForest
3033;Cédric Bakambu;533;Delantero;2017;2018;1269;7.013333;66.4;;;MEDIO;MEDIO;ALTO;0.3439;0.4375;0.2186;RandomForest
3199;Michael Olunga;547;Delantero;2017;2018;426;6.692307;45.54;;;BAJO;BAJO;BAJO;0.569;0.3193;0.1118;RandomForest
3429;Emmanuel Boateng;539;Delantero;2017;2018;1266;6.833333;60.27;40.12;BAJO;BAJO;BAJO;BAJO;0.5793;0.3107;0.11;RandomForest
8542;Imoh Ezekiel;534;Delantero;2017;2018;468;6.477777;36.5;;;BAJO;BAJO;MEDIO;0.6201;0.2661;0.1139;RandomForest
13062;Léo Baptistão;540;Delantero;2017;2018;2686;6.780555;61.5;64.65;MEDIO;MEDIO;MEDIO;MEDIO;0.2806;0.4951;0.2242;RandomForest
18809;Gerard Deulofeu;529;Delantero;2017;2018;503;6.82;59.12;;;BAJO;BAJO;BAJO;0.4256;0.3822;0.1921;RandomForest
18811;Adalberto Peñaranda;535;Delantero;2017;2018;807;6.669230000000001;51.5;;;BAJO;BAJO;MEDIO;0.4301;0.4248;0.1452;RandomForest
18833;Lucas Pérez;544;Delantero;2017;2018;2796;7.144117;70.8;;;ALTO;ALTO;ALTO;0.0434;0.2056;0.751;RandomForest
18978;Florin Andone;544;Delantero;2017;2018;1629;6.533333;36.88;;;BAJO;BAJO;BAJO;0.518;0.4069;0.0752;RandomForest
19036;Luciano Vietto;532;Delantero;2017;2018;795;6.6;37.95;;;BAJO;BAJO;ALTO;0.5806;0.3026;0.1168;RandomForest
19512;Bojan Krkić;542;Delantero;2017;2018;436;6.684615;45.38;;;BAJO;BAJO;MEDIO;0.5426;0.3283;0.1291;RandomForest
21648;Claudio Beauvue;537;Delantero;2017;2018;1669;0.0;30.52;;;BAJO;BAJO;BAJO;0.6285;0.2346;0.1369;RandomForest
22240;Loïc Rémy;534;Delantero;2017;2018;1218;6.772727;53.82;;;BAJO;BAJO;MEDIO;0.5302;0.3485;0.1213;RandomForest
30490;Nicola Sansone;533;Delantero;2017;2018;626;6.827776999999999;54.88;31.88;;BAJO;BAJO;ALTO;0.4665;0.3921;0.1414;RandomForest
30515;Simone Zaza;532;Delantero;2017;2018;2078;6.878787;56.82;;;MEDIO;MEDIO;BAJO;0.3998;0.4626;0.1376;RandomForest
30941;Giampaolo Pazzini;539;Delantero;2017;2018;444;6.488888;29.06;;;BAJO;BAJO;MEDIO;0.6532;0.2394;0.1074;RandomForest
33413;Fernando Torres;530;Delantero;2017;2018;965;6.761538000000001;49.7;;;BAJO;BAJO;MEDIO;0.5686;0.3415;0.0899;RandomForest
35604;Roger Martínez;533;Delantero;2017;2018;225;6.628571;35.18;;;BAJO;BAJO;MEDIO;0.622;0.2518;0.1262;RandomForest
35794;Marlos Moreno;547;Delantero;2017;2018;28;6.7;24.4;;;BAJO;BAJO;BAJO;0.6159;0.2631;0.121;RandomForest
41312;Alberto Bueno;535;Delantero;2017;2018;217;6.572727000000001;30.65;;;BAJO;BAJO;BAJO;0.5628;0.2781;0.1592;RandomForest
44617;Fahad Al-Muwallad;539;Delantero;2017;2018;25;6.3;12.27;;;BAJO;BAJO;MEDIO;0.5903;0.2774;0.1323;RandomForest
46807;Borja Valle;544;Delantero;2017;2018;473;6.646666;41.05;;;BAJO;BAJO;MEDIO;0.5277;0.3564;0.1158;RandomForest
46808;Carlos Fernández;536;Delantero;2017;2018;139;7.0;49.02;;;BAJO;BAJO;BAJO;0.4967;0.303;0.2003;RandomForest
46810;Christian Santos;542;Delantero;2017;2018;433;6.466666;27.91;;;BAJO;BAJO;BAJO;0.629;0.2751;0.096;RandomForest
46831;Alex Mula;535;Delantero;2017;2018;562;6.427272;36.36;;;BAJO;BAJO;BAJO;0.5877;0.2864;0.1258;RandomForest
46890;Álvaro Jiménez;546;Delantero;2017;2018;524;6.530769;40.35;;;BAJO;BAJO;BAJO;0.5544;0.3447;0.1009;RandomForest
46898;Álex Alegría;539;Delantero;2017;2018;632;6.588888;38.3;29.98;;BAJO;BAJO;MEDIO;0.5829;0.311;0.1061;RandomForest
46922;Juan Narváez;543;Delantero;2017;2018;304;6.628571;36.71;;;BAJO;BAJO;MEDIO;0.548;0.3292;0.1227;RandomForest
46930;Ermedin Demirović;542;Delantero;2017;2018;181;7.0;50.42;;;BAJO;BAJO;BAJO;0.4868;0.3196;0.1936;RandomForest
47011;Sergio Araujo;534;Delantero;2017;2018;37;6.8;33.36;;;BAJO;BAJO;BAJO;0.6147;0.2623;0.123;RandomForest
47012;Rubén Castro;543;Delantero;2017;2018;354;6.61;34.09;;;BAJO;BAJO;BAJO;0.6024;0.2676;0.13;RandomForest
47095;Nano Mesa;539;Delantero;2017;2018;274;6.555555;27.67;;;BAJO;BAJO;MEDIO;0.6307;0.2612;0.108;RandomForest
47264;Hugo Duro;546;Delantero;2017;2018;17;6.3;14.32;44.48;;BAJO;BAJO;MEDIO;0.6073;0.2533;0.1394;RandomForest
47265;Jorge Molina;546;Delantero;2017;2018;2792;6.752777;56.48;75.78;ALTO;ALTO;ALTO;ALTO;0.2355;0.2952;0.4693;RandomForest
47266;Ángel Rodríguez;546;Delantero;2017;2018;2299;6.915151;61.16;52.99;BAJO;BAJO;MEDIO;MEDIO;0.4019;0.3827;0.2155;RandomForest
47289;Markel Susaeta;531;Delantero;2017;2018;2270;6.820588;64.03;57.1;MEDIO;MEDIO;MEDIO;MEDIO;0.2104;0.5249;0.2647;RandomForest
47290;Aritz Aduriz;531;Delantero;2017;2018;2146;6.854545;61.79;37.91;BAJO;BAJO;MEDIO;MEDIO;0.5061;0.3426;0.1513;RandomForest
47294;Iñaki Williams;531;Delantero;2017;2018;2851;6.807894;65.53;74.19;ALTO;MEDIO;MEDIO;ALTO;0.2123;0.4125;0.3752;RandomForest
47318;Jon Bautista;548;Delantero;2017;2018;172;6.566665999999999;29.17;46.11;BAJO;BAJO;BAJO;BAJO;0.6573;0.225;0.1176;RandomForest
47319;Willian José;548;Delantero;2017;2018;2779;7.147058000000001;74.25;70.58;MEDIO;MEDIO;ALTO;MEDIO;0.1462;0.4969;0.3568;RandomForest
47320;Juanmi;548;Delantero;2017;2018;1491;6.73;47.29;55.38;MEDIO;MEDIO;BAJO;MEDIO;0.42;0.4694;0.1106;RandomForest
47323;Mikel Oyarzabal;548;Delantero;2017;2018;2781;6.962857;73.62;70.06;MEDIO;MEDIO;ALTO;MEDIO;0.1341;0.4939;0.372;RandomForest
47324;Sandro Ramírez;536;Delantero;2017;2018;715;6.630769;52.83;52.35;BAJO;BAJO;MEDIO;BAJO;0.5811;0.3193;0.0996;RandomForest
47347;Sergio García;540;Delantero;2017;2018;1626;6.815625;57.22;60.0;MEDIO;MEDIO;MEDIO;MEDIO;0.3625;0.4984;0.1392;RandomForest
47368;Jonathan Calleri;534;Delantero;2017;2018;3111;6.835135;65.47;78.83;ALTO;ALTO;ALTO;ALTO;0.1534;0.2971;0.5495;RandomForest
47370;Borja Bastón;535;Delantero;2017;2018;976;6.455;27.98;37.22;BAJO;BAJO;BAJO;BAJO;0.7296;0.1977;0.0727;RandomForest
47371;John Guidetti;542;Delantero;2017;2018;1339;6.575000000000001;37.16;32.51;BAJO;BAJO;BAJO;BAJO;0.6427;0.2471;0.1101;RandomForest
47373;Diego Rolán;535;Delantero;2017;2018;1945;6.684615;59.49;39.89;BAJO;BAJO;MEDIO;MEDIO;0.4303;0.4127;0.1571;RandomForest
47390;Fabián Orellana;545;Delantero;2017;2018;1181;6.523529;51.91;64.48;MEDIO;MEDIO;MEDIO;MEDIO;0.2051;0.5472;0.2477;RandomForest
47394;Charles Días;545;Delantero;2017;2018;1579;6.948148;59.76;60.33;MEDIO;MEDIO;MEDIO;MEDIO;0.321;0.5295;0.1495;RandomForest
47395;Sergi Enrich;545;Delantero;2017;2018;1331;6.836842000000001;62.81;67.66;MEDIO;MEDIO;MEDIO;MEDIO;0.2942;0.5287;0.1771;RandomForest
47396;Kike García;545;Delantero;2017;2018;2465;6.797058;59.36;46.28;BAJO;MEDIO;MEDIO;BAJO;0.3463;0.3893;0.2644;RandomForest
47417;Alexander Szymanowski;537;Delantero;2017;2018;1064;6.96923;70.87;9.64;;MEDIO;MEDIO;ALTO;0.2207;0.4858;0.2935;RandomForest
47419;José Manuel Arnáiz;529;Delantero;2017;2018;5;6.7;23.84;20.89;;BAJO;BAJO;BAJO;0.6035;0.2715;0.1249;RandomForest
47422;Youssef En-Nesyri;535;Delantero;2017;2018;1592;6.748;56.16;64.88;MEDIO;MEDIO;MEDIO;MEDIO;0.2931;0.5475;0.1594;RandomForest
47423;Sabin Merino;531;Delantero;2017;2018;369;6.533333;29.42;34.23;;BAJO;BAJO;BAJO;0.6407;0.2473;0.112;RandomForest
47445;Iago Aspas;538;Delantero;2017;2018;2938;7.65;84.33;80.25;ALTO;ALTO;ALTO;ALTO;0.0119;0.025;0.9631;RandomForest
47446;Emre Mor;538;Delantero;2017;2018;648;6.8500000000000005;61.93;38.5;;MEDIO;MEDIO;MEDIO;0.3404;0.4912;0.1683;RandomForest
47447;Pione Sisto;538;Delantero;2017;2018;2535;6.985293999999999;75.59;53.48;MEDIO;ALTO;ALTO;MEDIO;0.1318;0.4269;0.4413;RandomForest
47467;José Luis Morales;539;Delantero;2017;2018;3066;6.768571;67.03;68.16;MEDIO;MEDIO;ALTO;MEDIO;0.176;0.5085;0.3155;RandomForest
47471;Roger Martí;539;Delantero;2017;2018;961;6.764705;51.49;53.17;MEDIO;BAJO;BAJO;MEDIO;0.5041;0.3823;0.1137;RandomForest
47472;Borja Mayoral;541;Delantero;2017;2018;336;6.88;57.65;51.54;BAJO;BAJO;BAJO;BAJO;0.4932;0.36;0.1468;RandomForest
47488;Keko;535;Delantero;2017;2018;1216;6.609523;45.23;51.46;BAJO;BAJO;BAJO;MEDIO;0.6082;0.3105;0.0813;RandomForest
47499;Enes Ünal;539;Delantero;2017;2018;852;6.514285;36.48;57.55;MEDIO;BAJO;BAJO;MEDIO;0.4991;0.4216;0.0793;RandomForest
47520;Portu;547;Delantero;2017;2018;3014;6.821621;65.82;63.59;MEDIO;MEDIO;MEDIO;MEDIO;0.2039;0.5208;0.2753;RandomForest
47523;Kévin Soni;547;Delantero;2017;2018;17;6.25;14.34;22.13;;BAJO;BAJO;BAJO;0.6367;0.2558;0.1075;RandomForest
47525;Anthony Lozano;547;Delantero;2017;2018;464;6.7;50.49;29.1;BAJO;BAJO;BAJO;BAJO;0.6291;0.2781;0.0928;RandomForest
47553;Bebé;545;Delantero;2017;2018;360;6.8;49.35;36.55;BAJO;BAJO;BAJO;BAJO;0.5061;0.3192;0.1747;RandomForest
48418;Armando Sadiku;539;Delantero;2017;2018;269;6.466666;26.9;;;BAJO;BAJO;BAJO;0.6312;0.2497;0.1191;RandomForest
51046;Carlos Vela;548;Delantero;2017;2018;372;7.008333;69.23;;;MEDIO;MEDIO;MEDIO;0.3278;0.4614;0.2108;RandomForest
68202;Bruno Gama;544;Delantero;2017;2018;111;6.38;17.16;;;BAJO;BAJO;BAJO;0.6753;0.2112;0.1134;RandomForest
80957;Brown Ideye;535;Delantero;2017;2018;732;6.46923;31.66;;;BAJO;BAJO;BAJO;0.688;0.2282;0.0838;RandomForest
104793;Amath Ndiaye;546;Delantero;2017;2018;2884;6.486486;47.97;45.32;BAJO;BAJO;BAJO;BAJO;0.5006;0.2895;0.2099;RandomForest
104797;Erik Expósito;534;Delantero;2017;2018;462;6.44;29.46;;;BAJO;BAJO;BAJO;0.6388;0.2577;0.1035;RandomForest
104814;Imanol Agirretxe;548;Delantero;2017;2018;224;0.0;21.15;;;BAJO;BAJO;BAJO;0.6269;0.225;0.1481;RandomForest
104827;Mario González;533;Delantero;2017;2018;16;6.5;15.96;;;BAJO;BAJO;BAJO;0.6345;0.2504;0.1151;RandomForest
104835;Darío Poveda;533;Delantero;2017;2018;1;0.0;10.01;;;BAJO;ALTO;ALTO;0.6129;0.2626;0.1246;RandomForest
122128;Francesc Regis;545;Delantero;2017;2018;0;;16.22;;;BAJO;BAJO;BAJO;0.5909;0.2792;0.1299;RandomForest
44;Rodrigo;533;Mediocentro;2017;2018;3228;7.197297;84.07;85.08;ALTO;ALTO;ALTO;ALTO;0.0272;0.0992;0.8736;RandomForest
46;Vitolo;534;Mediocentro;2017;2018;1310;6.571428000000001;51.32;48.96;BAJO;BAJO;BAJO;BAJO;0.5142;0.342;0.1438;RandomForest
47;Toni Moya;530;Mediocentro;2017;2018;2;0.0;9.56;36.05;;BAJO;ALTO;BAJO;0.5907;0.2619;0.1474;RandomForest
48;Saúl Ñíguez;530;Mediocentro;2017;2018;3156;7.144444;82.08;79.79;ALTO;ALTO;ALTO;ALTO;0.0368;0.1175;0.8457;RandomForest
49;Thomas Partey;530;Mediocentro;2017;2018;2382;7.154545;80.72;80.43;ALTO;ALTO;ALTO;MEDIO;0.0831;0.2541;0.6627;RandomForest
50;Koke;530;Mediocentro;2017;2018;2764;7.162857000000001;78.18;81.09;ALTO;ALTO;ALTO;ALTO;0.0342;0.1047;0.8611;RandomForest
137;Sergi Roberto;529;Mediocentro;2017;2018;2227;7.113333;79.83;68.13;MEDIO;ALTO;ALTO;MEDIO;0.0656;0.3562;0.5782;RandomForest
144;Sergio Busquets;529;Mediocentro;2017;2018;2600;7.203225;82.29;71.88;MEDIO;ALTO;ALTO;ALTO;0.0555;0.3216;0.6228;RandomForest
147;Philippe Coutinho;529;Mediocentro;2017;2018;1304;7.450000000000001;85.31;74.12;ALTO;ALTO;ALTO;ALTO;0.0476;0.1609;0.7915;RandomForest
149;Ivan Rakitić;529;Mediocentro;2017;2018;2838;7.225714;80.75;80.05;ALTO;ALTO;ALTO;ALTO;0.0446;0.1303;0.8251;RandomForest
328;Fabián Ruiz;543;Mediocentro;2017;2018;2662;7.1000000000000005;84.58;;;ALTO;ALTO;ALTO;0.0311;0.1233;0.8457;RandomForest
568;Gabriel Pires;537;Mediocentro;2017;2018;2388;6.903448;76.81;;;ALTO;ALTO;ALTO;0.1809;0.363;0.456;RandomForest
745;Isco;541;Mediocentro;2017;2018;1781;7.150000000000001;79.7;66.31;MEDIO;ALTO;ALTO;MEDIO;0.0361;0.2616;0.7023;RandomForest
747;Casemiro;541;Mediocentro;2017;2018;2601;7.313333;86.85;84.08;ALTO;ALTO;ALTO;ALTO;0.0452;0.0751;0.8796;RandomForest
748;Dani Ceballos;541;Mediocentro;2017;2018;396;6.872727;64.06;71.07;MEDIO;MEDIO;MEDIO;MEDIO;0.2694;0.5209;0.2097;RandomForest
752;Toni Kroos;541;Mediocentro;2017;2018;2268;7.74074;83.71;82.11;ALTO;ALTO;ALTO;ALTO;0.0189;0.063;0.9181;RandomForest
753;Marcos Llorente;541;Mediocentro;2017;2018;540;6.816666;51.74;63.88;MEDIO;MEDIO;MEDIO;MEDIO;0.3316;0.4829;0.1855;RandomForest
754;Luka Modrić;541;Mediocentro;2017;2018;1976;7.357692;83.18;81.93;ALTO;ALTO;ALTO;ALTO;0.0267;0.0752;0.8981;RandomForest
756;Federico Valverde;544;Mediocentro;2017;2018;1228;6.616666;42.96;57.0;MEDIO;BAJO;BAJO;MEDIO;0.5285;0.3483;0.1231;RandomForest
780;Steven​ N'Zonzi;536;Mediocentro;2017;2018;2216;6.951851;74.69;;;ALTO;ALTO;MEDIO;0.1022;0.2598;0.638;RandomForest
899;Andreas Pereira;532;Mediocentro;2017;2018;1076;6.67826;50.02;;;BAJO;BAJO;BAJO;0.4438;0.4018;0.1544;RandomForest
923;Denis Cheryshev;533;Mediocentro;2017;2018;920;6.7;50.98;64.85;MEDIO;BAJO;MEDIO;MEDIO;0.4612;0.4273;0.1115;RandomForest
924;Francis Coquelin;532;Mediocentro;2017;2018;656;6.866666000000001;68.85;79.07;ALTO;BAJO;MEDIO;ALTO;0.3606;0.33;0.3094;RandomForest
926;Geoffrey Kondogbia;532;Mediocentro;2017;2018;2618;7.129031999999999;84.83;81.12;ALTO;ALTO;ALTO;ALTO;0.0458;0.0959;0.8583;RandomForest
928;Dani Parejo;532;Mediocentro;2017;2018;3005;7.602941;87.14;87.95;ALTO;ALTO;ALTO;ALTO;0.0049;0.0281;0.9669;RandomForest
930;Carlos Soler;532;Mediocentro;2017;2018;2375;6.70303;55.28;63.47;MEDIO;MEDIO;MEDIO;MEDIO;0.3131;0.4816;0.2053;RandomForest
932;Daniel Wass;538;Mediocentro;2017;2018;2941;7.068571;73.68;65.31;MEDIO;ALTO;MEDIO;MEDIO;0.0997;0.4444;0.4559;RandomForest
1461;Denis Suárez;529;Mediocentro;2017;2018;582;6.8875;64.38;34.44;;MEDIO;MEDIO;ALTO;0.2755;0.46;0.2645;RandomForest
1570;Sergio Canales;548;Mediocentro;2017;2018;1921;7.224242;76.79;83.38;ALTO;ALTO;ALTO;ALTO;0.0379;0.1175;0.8445;RandomForest
1571;Javi García;543;Mediocentro;2017;2018;2410;6.6875;52.56;36.29;BAJO;BAJO;BAJO;BAJO;0.5204;0.3057;0.1739;RandomForest
1573;Andrés Guardado;543;Mediocentro;2017;2018;2267;7.072413;75.1;57.79;MEDIO;ALTO;ALTO;MEDIO;0.0699;0.3649;0.5652;RandomForest
1579;Joaquín;543;Mediocentro;2017;2018;2487;7.154284999999999;78.37;78.73;ALTO;ALTO;ALTO;ALTO;0.0402;0.1492;0.8106;RandomForest
1607;Guilherme;544;Mediocentro;2017;2018;2644;6.874192999999999;69.36;;;MEDIO;MEDIO;MEDIO;0.2279;0.459;0.3131;RandomForest
1641;Samu Castillejo;533;Mediocentro;2017;2018;2084;6.953333;78.06;;;ALTO;ALTO;ALTO;0.1686;0.3589;0.4725;RandomForest
1697;Pablo Fornals;533;Mediocentro;2017;2018;2622;6.977142;70.84;66.64;MEDIO;MEDIO;ALTO;MEDIO;0.1003;0.4594;0.4403;RandomForest
1698;Javi Fuego;540;Mediocentro;2017;2018;1882;6.652941;42.18;20.31;;BAJO;BAJO;MEDIO;0.4892;0.3805;0.1304;RandomForest
1705;Manu Trigueros;533;Mediocentro;2017;2018;2709;7.093939;76.39;55.14;BAJO;ALTO;ALTO;ALTO;0.1809;0.1864;0.6327;RandomForest
2050;Éver Banega;536;Mediocentro;2017;2018;2397;7.206451000000001;80.7;84.87;ALTO;ALTO;ALTO;ALTO;0.0326;0.0692;0.8982;RandomForest
2053;Roque Mesa;536;Mediocentro;2017;2018;342;6.7;43.35;57.58;MEDIO;BAJO;BAJO;MEDIO;0.4763;0.3825;0.1411;RandomForest
2056;Pablo Sarabia;536;Mediocentro;2017;2018;2400;6.882352000000001;67.22;78.25;ALTO;ALTO;MEDIO;ALTO;0.1893;0.3553;0.4554;RandomForest
2115;Alen Halilović;534;Mediocentro;2017;2018;1307;6.834999999999999;65.73;;;MEDIO;MEDIO;MEDIO;0.2574;0.5126;0.23;RandomForest
2291;Mateo Kovačić;541;Mediocentro;2017;2018;988;6.9;69.66;;;MEDIO;MEDIO;MEDIO;0.2418;0.4191;0.3391;RandomForest
2446;Juanpi Añor;535;Mediocentro;2017;2018;604;6.4625;37.47;50.25;BAJO;BAJO;BAJO;MEDIO;0.6131;0.2876;0.0993;RandomForest
2490;Jefferson Lerma;539;Mediocentro;2017;2018;2138;6.95;74.42;;;MEDIO;MEDIO;MEDIO;0.1485;0.4314;0.4201;RandomForest
2515;Óscar Romero;542;Mediocentro;2017;2018;248;6.58;34.26;;;BAJO;BAJO;MEDIO;0.5306;0.3212;0.1482;RandomForest
2557;Pablo Hernández;538;Mediocentro;2017;2018;1811;6.903333;73.67;;;MEDIO;ALTO;MEDIO;0.1771;0.424;0.3988;RandomForest
2600;Takashi Inui;545;Mediocentro;2017;2018;2640;6.6441170000000005;54.18;50.58;BAJO;MEDIO;MEDIO;BAJO;0.4055;0.4179;0.1766;RandomForest
2604;Gaku Shibasaki;546;Mediocentro;2017;2018;1004;6.571428;42.19;28.19;;BAJO;BAJO;MEDIO;0.5477;0.3229;0.1294;RandomForest
2715;Fayçal Fajr;546;Mediocentro;2017;2018;2383;6.970967;72.46;;;MEDIO;MEDIO;BAJO;0.1991;0.4136;0.3873;RandomForest
2774;Oghenekaro Etebo;534;Mediocentro;2017;2018;1216;6.992857;79.52;;;ALTO;ALTO;MEDIO;0.1484;0.4159;0.4357;RandomForest
2823;Saša Lukić;539;Mediocentro;2017;2018;996;6.586666;47.56;;;BAJO;BAJO;ALTO;0.5303;0.3463;0.1235;RandomForest
2824;Nemanja Maksimović;532;Mediocentro;2017;2018;550;6.825;56.69;57.21;MEDIO;BAJO;BAJO;MEDIO;0.4399;0.409;0.1512;RandomForest
2840;Celso Borges;544;Mediocentro;2017;2018;2304;6.859375;69.8;;;ALTO;ALTO;ALTO;0.2206;0.3735;0.4059;RandomForest
2923;Yannick Carrasco;530;Mediocentro;2017;2018;897;6.911764;68.45;;;MEDIO;MEDIO;MEDIO;0.2607;0.4372;0.3021;RandomForest
2924;Adnan Januzaj;548;Mediocentro;2017;2018;1579;6.842857;70.57;73.26;MEDIO;MEDIO;MEDIO;MEDIO;0.165;0.528;0.3071;RandomForest
2992;Alfred N'Diaye;533;Mediocentro;2017;2018;100;6.75;34.15;;;BAJO;BAJO;BAJO;0.6498;0.2303;0.1199;RandomForest
3365;Hacen;539;Mediocentro;2017;2018;81;6.7;28.2;25.89;;BAJO;BAJO;BAJO;0.6354;0.248;0.1167;RandomForest
3426;Mubarak Wakaso;542;Mediocentro;2017;2018;1096;6.752631;58.38;55.67;BAJO;BAJO;BAJO;BAJO;0.4777;0.3712;0.1511;RandomForest
6377;Emanuel Cecchini;535;Mediocentro;2017;2018;28;6.75;32.2;;;BAJO;BAJO;BAJO;0.6233;0.2526;0.124;RandomForest
6736;Hernán Toledo;534;Mediocentro;2017;2018;617;6.533333;36.85;;;BAJO;BAJO;MEDIO;0.5498;0.3236;0.1266;RandomForest
10311;Ganso;536;Mediocentro;2017;2018;523;7.028571;60.93;;;MEDIO;MEDIO;ALTO;0.2993;0.465;0.2357;RandomForest
10496;Walter Montoya;536;Mediocentro;2017;2018;77;6.900000000000001;37.45;;;BAJO;BAJO;BAJO;0.6292;0.2403;0.1305;RandomForest
12493;Tana;534;Mediocentro;2017;2018;1552;6.63913;53.26;;;BAJO;MEDIO;MEDIO;0.4449;0.4094;0.1457;RandomForest
12541;José Jurado;540;Mediocentro;2017;2018;1508;6.613793;48.02;;;BAJO;BAJO;BAJO;0.5343;0.3357;0.1299;RandomForest
12667;Jonathan Viera;534;Mediocentro;2017;2018;1994;7.347826;83.75;;;ALTO;ALTO;ALTO;0.038;0.1012;0.8608;RandomForest
12719;Paulinho;529;Mediocentro;2017;2018;1940;6.881818;67.01;;;MEDIO;MEDIO;MEDIO;0.3403;0.4263;0.2335;RandomForest
13114;Augusto Fernández;530;Mediocentro;2017;2018;104;6.674999999999999;31.5;;;BAJO;BAJO;BAJO;0.6156;0.2399;0.1445;RandomForest
14485;Arona Sane;530;Mediocentro;2017;2018;64;6.0;14.05;;;BAJO;BAJO;BAJO;0.6523;0.2287;0.1189;RandomForest
18765;André Gomes;529;Mediocentro;2017;2018;629;6.46875;30.54;;;BAJO;BAJO;BAJO;0.5927;0.2903;0.117;RandomForest
18827;Carlos Sánchez;540;Mediocentro;2017;2018;1123;6.735714;55.79;;;BAJO;BAJO;BAJO;0.4713;0.3538;0.1749;RandomForest
18998;Víctor Camarasa;543;Mediocentro;2017;2018;1253;6.7;51.4;;;BAJO;MEDIO;MEDIO;0.4485;0.4057;0.1458;RandomForest
19161;Jefferson Montero;546;Mediocentro;2017;2018;54;6.566666;20.83;;;BAJO;BAJO;BAJO;0.6707;0.2234;0.1059;RandomForest
24799;Johannes Geis;536;Mediocentro;2017;2018;670;6.753846;46.12;;;BAJO;BAJO;MEDIO;0.4846;0.3601;0.1553;RandomForest
24886;Jairo Samperio;534;Mediocentro;2017;2018;557;6.427272;32.38;;;BAJO;BAJO;BAJO;0.6332;0.2538;0.113;RandomForest
30483;Roberto Soriano;533;Mediocentro;2017;2018;1135;6.65;48.42;;;MEDIO;MEDIO;MEDIO;0.4254;0.4414;0.1332;RandomForest
30783;Esteban Rolón;535;Mediocentro;2017;2018;421;6.549999999999999;30.08;;;BAJO;BAJO;MEDIO;0.6235;0.2545;0.122;RandomForest
33243;Andrés Iniesta;529;Mediocentro;2017;2018;1842;7.062068000000001;73.4;;;ALTO;ALTO;MEDIO;0.1384;0.3407;0.5209;RandomForest
33249;Sergi Samper;534;Mediocentro;2017;2018;145;7.0;42.47;;;BAJO;BAJO;MEDIO;0.5357;0.3114;0.1529;RandomForest
35525;Guido Pizarro;536;Mediocentro;2017;2018;1752;6.882608;70.26;;;MEDIO;MEDIO;ALTO;0.241;0.4272;0.3318;RandomForest
37191;Oussama Tannane;534;Mediocentro;2017;2018;574;6.933333;66.52;;;MEDIO;MEDIO;MEDIO;0.3327;0.4744;0.1929;RandomForest
42039;Gabi;530;Mediocentro;2017;2018;2346;6.870588;60.24;;;MEDIO;MEDIO;MEDIO;0.3694;0.4218;0.2088;RandomForest
44340;Salem Al-Dawsari;533;Mediocentro;2017;2018;33;6.3;13.29;;;BAJO;BAJO;BAJO;0.687;0.2138;0.0992;RandomForest
44490;Emre Çolak;544;Mediocentro;2017;2018;1455;6.792307;61.27;;;MEDIO;BAJO;MEDIO;0.2392;0.3825;0.3783;RandomForest
46707;Borja Herrera;534;Mediocentro;2017;2018;242;6.166666;18.0;;;BAJO;BAJO;BAJO;0.5946;0.2444;0.161;RandomForest
46713;Barri;546;Mediocentro;2017;2018;112;6.6;26.79;;;BAJO;BAJO;BAJO;0.6226;0.2673;0.1101;RandomForest
46716;Sulley Muntari;544;Mediocentro;2017;2018;409;6.75;43.2;;;BAJO;BAJO;BAJO;0.6048;0.2787;0.1165;RandomForest
46720;Daniel Torres;542;Mediocentro;2017;2018;1217;6.617647;46.04;12.38;;BAJO;BAJO;BAJO;0.5351;0.3376;0.1273;RandomForest
46744;Leonardo Suárez;533;Mediocentro;2017;2018;28;6.7;25.98;38.97;BAJO;BAJO;BAJO;BAJO;0.6621;0.2328;0.1051;RandomForest
46768;Ager Aketxe;531;Mediocentro;2017;2018;34;6.5;18.77;;;BAJO;BAJO;BAJO;0.6257;0.2315;0.1428;RandomForest
46797;Federico Cartabia;544;Mediocentro;2017;2018;1333;6.931578;76.51;;;MEDIO;MEDIO;ALTO;0.1721;0.4207;0.4072;RandomForest
46799;Edu Expósito;544;Mediocentro;2017;2018;93;6.433333;19.32;;;BAJO;BAJO;BAJO;0.6359;0.2418;0.1223;RandomForest
46800;Vicente Gómez;534;Mediocentro;2017;2018;1525;6.530433999999999;36.05;;;BAJO;BAJO;BAJO;0.529;0.3581;0.113;RandomForest
46801;Michael Krohn-Dehli;544;Mediocentro;2017;2018;1267;6.472727;38.51;;;BAJO;BAJO;BAJO;0.5945;0.2799;0.1256;RandomForest
46802;Matías Nahuel;543;Mediocentro;2017;2018;249;6.628571;36.71;;;BAJO;BAJO;BAJO;0.5282;0.3315;0.1403;RandomForest
46805;Pedro Mosquera;544;Mediocentro;2017;2018;1397;6.704545000000001;53.57;;;BAJO;BAJO;BAJO;0.4397;0.3882;0.1722;RandomForest
46816;Miguel Cifuentes;535;Mediocentro;2017;2018;107;5.95;16.26;;;BAJO;BAJO;BAJO;0.6248;0.2315;0.1437;RandomForest
46824;Iván Alejo;545;Mediocentro;2017;2018;1108;6.722727;56.61;13.67;;BAJO;BAJO;BAJO;0.455;0.3942;0.1508;RandomForest
46827;Adrián González;535;Mediocentro;2017;2018;2402;6.67931;56.77;;;BAJO;MEDIO;BAJO;0.422;0.3799;0.1981;RandomForest
46829;Mehdi Lacen;535;Mediocentro;2017;2018;1121;6.633333;36.6;;;BAJO;BAJO;BAJO;0.6569;0.2346;0.1085;RandomForest
46830;Erik Morán;537;Mediocentro;2017;2018;225;6.366666;18.42;;;BAJO;BAJO;BAJO;0.6293;0.2421;0.1286;RandomForest
46832;Javier Ontiveros;535;Mediocentro;2017;2018;380;6.541665999999999;38.6;;;BAJO;BAJO;BAJO;0.5636;0.3151;0.1213;RandomForest
46837;Dani Pacheco;546;Mediocentro;2017;2018;164;6.722222;40.81;;;BAJO;BAJO;BAJO;0.5121;0.3156;0.1722;RandomForest
46861;Omar Ramos;537;Mediocentro;2017;2018;1457;6.613636;48.99;;;BAJO;BAJO;BAJO;0.522;0.3361;0.1419;RandomForest
46892;Ivi;539;Mediocentro;2017;2018;1757;6.724137;57.25;10.93;;MEDIO;MEDIO;MEDIO;0.3592;0.4726;0.1681;RandomForest
46897;Hernán;534;Mediocentro;2017;2018;351;6.666665999999999;40.67;;;BAJO;BAJO;MEDIO;0.5076;0.3568;0.1356;RandomForest
46975;Nacho Gil;534;Mediocentro;2017;2018;956;6.478571;31.43;;;BAJO;BAJO;BAJO;0.4772;0.4105;0.1123;RandomForest
47001;Javi Castellano;534;Mediocentro;2017;2018;1565;6.813043;60.38;;;MEDIO;MEDIO;BAJO;0.3252;0.4017;0.273;RandomForest
47004;Fabio González;534;Mediocentro;2017;2018;65;6.2;13.61;;;BAJO;BAJO;BAJO;0.644;0.2227;0.1332;RandomForest
47006;Gabriel Peñalba;534;Mediocentro;2017;2018;572;6.671428;39.1;;;BAJO;BAJO;BAJO;0.5147;0.3524;0.1329;RandomForest
47010;David Timor;547;Mediocentro;2017;2018;921;6.84375;57.69;35.14;;BAJO;BAJO;MEDIO;0.4296;0.4164;0.1541;RandomForest
47083;Borja Lasso;536;Mediocentro;2017;2018;54;7.0;41.11;;;BAJO;BAJO;BAJO;0.5895;0.2614;0.1491;RandomForest
47093;José Naranjo;537;Mediocentro;2017;2018;558;6.646153;40.57;;;BAJO;BAJO;BAJO;0.5852;0.3019;0.1129;RandomForest
47111;Benito Ramírez;534;Mediocentro;2017;2018;163;6.450000000000001;27.36;;;BAJO;BAJO;ALTO;0.5954;0.2498;0.1549;RandomForest
47114;Enzo Zidane;542;Mediocentro;2017;2018;71;6.75;30.87;;;BAJO;BAJO;BAJO;0.6267;0.245;0.1282;RandomForest
47164;Gerard Valentín;544;Mediocentro;2017;2018;158;6.266666;18.72;;;BAJO;BAJO;BAJO;0.6207;0.2604;0.1189;RandomForest
47228;Ramiro Guerra;533;Mediocentro;2017;2018;67;6.3;16.07;;;BAJO;BAJO;BAJO;0.6847;0.2013;0.114;RandomForest
47258;Mauro Arambarri;546;Mediocentro;2017;2018;2135;6.56923;42.47;60.14;MEDIO;BAJO;BAJO;BAJO;0.482;0.3895;0.1285;RandomForest
47259;Markel Bergara;546;Mediocentro;2017;2018;1469;6.811111;56.82;15.32;;BAJO;BAJO;MEDIO;0.5484;0.331;0.1205;RandomForest
47261;Mathieu Flamini;546;Mediocentro;2017;2018;482;6.5;30.51;22.83;;BAJO;BAJO;BAJO;0.6335;0.2504;0.1161;RandomForest
47262;Francisco Portillo;546;Mediocentro;2017;2018;2468;6.593939;48.38;44.38;BAJO;BAJO;BAJO;BAJO;0.5132;0.3338;0.1531;RandomForest
47279;Iñigo Cordoba;531;Mediocentro;2017;2018;1460;6.551851;47.6;55.15;BAJO;BAJO;BAJO;BAJO;0.5834;0.2906;0.126;RandomForest
47280;Beñat Etxebarria;531;Mediocentro;2017;2018;1115;6.972727;63.87;63.03;MEDIO;MEDIO;MEDIO;MEDIO;0.1978;0.5591;0.2431;RandomForest
47281;Dani García;545;Mediocentro;2017;2018;2781;6.921875;66.08;51.0;BAJO;MEDIO;MEDIO;BAJO;0.3402;0.3942;0.2656;RandomForest
47282;Raúl García;531;Mediocentro;2017;2018;2636;7.029410999999999;74.9;73.36;ALTO;ALTO;ALTO;ALTO;0.1064;0.2688;0.6248;RandomForest
47283;Ibai Gómez;542;Mediocentro;2017;2018;2325;6.873529;65.47;55.02;BAJO;BAJO;MEDIO;BAJO;0.395;0.3726;0.2324;RandomForest
47284;Ander Iturraspe;531;Mediocentro;2017;2018;1901;6.896666000000001;62.22;21.43;;MEDIO;MEDIO;MEDIO;0.3458;0.4578;0.1965;RandomForest
47287;Mikel Rico;531;Mediocentro;2017;2018;1169;6.8125;56.51;;;BAJO;BAJO;MEDIO;0.4596;0.3803;0.1601;RandomForest
47288;Mikel San José;531;Mediocentro;2017;2018;2157;6.688461;57.5;39.5;BAJO;BAJO;BAJO;MEDIO;0.4898;0.3344;0.1758;RandomForest
47310;Asier Illarramendi;548;Mediocentro;2017;2018;3164;7.347222;87.73;69.74;MEDIO;ALTO;ALTO;ALTO;0.037;0.2732;0.6898;RandomForest
47312;Rubén Pardo;548;Mediocentro;2017;2018;222;6.516666;29.44;65.28;MEDIO;BAJO;BAJO;ALTO;0.4726;0.3383;0.189;RandomForest
47316;David Zurutuza;548;Mediocentro;2017;2018;2248;6.658064;53.46;56.18;MEDIO;BAJO;BAJO;BAJO;0.4372;0.405;0.1578;RandomForest
47336;Sergi Darder;540;Mediocentro;2017;2018;2789;6.9142850000000005;72.31;72.53;MEDIO;MEDIO;MEDIO;MEDIO;0.2003;0.4862;0.3136;RandomForest
47337;Esteban Granero;540;Mediocentro;2017;2018;1222;6.800000000000001;55.27;78.3;ALTO;MEDIO;BAJO;MEDIO;0.3867;0.4086;0.2047;RandomForest
47339;Óscar Melendo;540;Mediocentro;2017;2018;680;6.55;36.41;62.46;MEDIO;BAJO;BAJO;MEDIO;0.5256;0.3579;0.1165;RandomForest
47340;Pablo Piatti;540;Mediocentro;2017;2018;1748;6.823333;66.08;55.32;BAJO;BAJO;MEDIO;BAJO;0.4029;0.361;0.2362;RandomForest
47341;Marc Roca;540;Mediocentro;2017;2018;260;6.8;43.95;76.83;ALTO;BAJO;BAJO;ALTO;0.4282;0.3402;0.2316;RandomForest
47342;Víctor Sánchez;540;Mediocentro;2017;2018;2463;6.81;60.72;38.27;BAJO;BAJO;MEDIO;BAJO;0.4118;0.3685;0.2196;RandomForest
47361;Darko Brašanac;537;Mediocentro;2017;2018;1201;6.595652;46.33;40.08;BAJO;BAJO;MEDIO;BAJO;0.5337;0.3278;0.1384;RandomForest
47362;Burgui;542;Mediocentro;2017;2018;1034;6.760869;54.32;43.8;BAJO;BAJO;BAJO;BAJO;0.5646;0.319;0.1163;RandomForest
47363;Manu García;542;Mediocentro;2017;2018;2438;6.813333;65.93;58.0;MEDIO;MEDIO;BAJO;MEDIO;0.2828;0.4679;0.2493;RandomForest
47365;Tomás Pina;542;Mediocentro;2017;2018;2393;6.816666;64.32;69.78;MEDIO;MEDIO;BAJO;BAJO;0.3833;0.4511;0.1656;RandomForest
47366;Jony;535;Mediocentro;2017;2018;213;6.42;26.14;74.89;ALTO;BAJO;BAJO;BAJO;0.5632;0.2452;0.1916;RandomForest
47387;Papakouli Diop;545;Mediocentro;2017;2018;1206;6.706666;42.97;70.37;MEDIO;MEDIO;MEDIO;MEDIO;0.4256;0.4554;0.119;RandomForest
47388;Gonzalo Escalante;545;Mediocentro;2017;2018;1561;6.81923;62.22;55.81;BAJO;BAJO;MEDIO;BAJO;0.4341;0.3802;0.1858;RandomForest
47389;Joan Jordán;545;Mediocentro;2017;2018;2423;6.857142;68.2;85.89;ALTO;ALTO;ALTO;ALTO;0.2009;0.336;0.463;RandomForest
47392;Pedro León;545;Mediocentro;2017;2018;929;7.191666;79.34;39.77;;ALTO;ALTO;ALTO;0.1419;0.4203;0.4379;RandomForest
47411;Nabil El Zhar;537;Mediocentro;2017;2018;1980;6.576666;50.94;47.81;BAJO;BAJO;BAJO;BAJO;0.4839;0.3707;0.1454;RandomForest
47412;Javier Eraso;537;Mediocentro;2017;2018;2541;6.627272;47.93;33.42;BAJO;BAJO;BAJO;BAJO;0.5348;0.3222;0.143;RandomForest
47413;Recio;535;Mediocentro;2017;2018;1841;6.868181;69.49;56.17;MEDIO;MEDIO;MEDIO;MEDIO;0.1998;0.4753;0.3249;RandomForest
47414;Gerard Gumbau;537;Mediocentro;2017;2018;1430;6.595238000000001;40.86;49.48;BAJO;BAJO;BAJO;MEDIO;0.5957;0.3107;0.0935;RandomForest
47415;Rubén Pérez;537;Mediocentro;2017;2018;2520;7.035483;75.41;62.49;MEDIO;MEDIO;ALTO;MEDIO;0.1224;0.452;0.4255;RandomForest
47418;Mikel Vesga;531;Mediocentro;2017;2018;810;6.527272;42.61;55.83;BAJO;BAJO;BAJO;BAJO;0.5504;0.2983;0.1513;RandomForest
47436;Ryad Boudebouz;543;Mediocentro;2017;2018;1360;6.829629;63.89;66.44;MEDIO;MEDIO;MEDIO;MEDIO;0.2171;0.5053;0.2775;RandomForest
47437;Andrew Hjulsager;538;Mediocentro;2017;2018;12;6.25;11.36;29.03;;BAJO;BAJO;BAJO;0.6025;0.2593;0.1383;RandomForest
47439;Stanislav Lobotka;538;Mediocentro;2017;2018;3061;6.847368;66.0;53.58;BAJO;BAJO;BAJO;BAJO;0.4404;0.3528;0.2067;RandomForest
47440;Brais Méndez;538;Mediocentro;2017;2018;950;6.731578;51.69;79.03;ALTO;BAJO;MEDIO;MEDIO;0.4776;0.3531;0.1693;RandomForest
47441;Nemanja Radoja;538;Mediocentro;2017;2018;1097;6.6;42.2;;;BAJO;BAJO;BAJO;0.5411;0.3332;0.1257;RandomForest
47442;Jozabed Sánchez;538;Mediocentro;2017;2018;1481;6.754545;53.38;43.7;BAJO;BAJO;BAJO;BAJO;0.4874;0.3307;0.182;RandomForest
47461;Enis Bardhi;539;Mediocentro;2017;2018;1578;6.81923;63.46;61.7;MEDIO;MEDIO;MEDIO;MEDIO;0.2765;0.5374;0.1861;RandomForest
47462;Cheick Doukouré;539;Mediocentro;2017;2018;1021;6.555555;35.12;25.25;;BAJO;BAJO;BAJO;0.6085;0.3037;0.0879;RandomForest
47464;José Campaña;539;Mediocentro;2017;2018;2833;7.02;75.66;82.34;ALTO;ALTO;ALTO;ALTO;0.067;0.2495;0.6835;RandomForest
47468;Ruben Rochina;539;Mediocentro;2017;2018;148;6.84;49.42;74.43;ALTO;BAJO;BAJO;ALTO;0.4822;0.2692;0.2486;RandomForest
47473;Jason;539;Mediocentro;2017;2018;1793;6.629629;50.82;56.76;MEDIO;MEDIO;BAJO;BAJO;0.4197;0.4337;0.1466;RandomForest
47515;Borja García;547;Mediocentro;2017;2018;2813;7.164864;80.69;82.24;ALTO;ALTO;ALTO;ALTO;0.0419;0.1305;0.8276;RandomForest
47516;Aleix García;547;Mediocentro;2017;2018;841;6.872222;60.97;60.3;MEDIO;MEDIO;MEDIO;MEDIO;0.3269;0.4904;0.1827;RandomForest
47517;Alex Granell;547;Mediocentro;2017;2018;2855;7.247057999999999;84.06;77.01;ALTO;ALTO;ALTO;ALTO;0.0182;0.069;0.9127;RandomForest
47518;Pere Pons;547;Mediocentro;2017;2018;2564;6.596774;51.96;52.22;BAJO;BAJO;BAJO;BAJO;0.5461;0.2832;0.1707;RandomForest
47522;Douglas Luiz;547;Mediocentro;2017;2018;295;6.55;33.33;52.7;BAJO;BAJO;BAJO;BAJO;0.596;0.2985;0.1055;RandomForest
47546;Álvaro Medrán;542;Mediocentro;2017;2018;1014;6.79375;47.18;64.28;MEDIO;MEDIO;MEDIO;MEDIO;0.3392;0.5105;0.1502;RandomForest
47578;Cristian Rivera;545;Mediocentro;2017;2018;241;6.614285;32.09;64.26;MEDIO;BAJO;BAJO;BAJO;0.4848;0.3464;0.1688;RandomForest
48385;Zdravko Kuzmanović;535;Mediocentro;2017;2018;482;6.375;25.95;;;BAJO;BAJO;BAJO;0.5175;0.321;0.1615;RandomForest
50907;Nicolás Gaitán;530;Mediocentro;2017;2018;215;6.733333;40.93;;;BAJO;BAJO;BAJO;0.5202;0.3095;0.1703;RandomForest
50910;Aleksandar Katai;542;Mediocentro;2017;2018;52;6.266666;15.39;;;BAJO;BAJO;BAJO;0.66;0.2387;0.1013;RandomForest
51012;Carles Gil;544;Mediocentro;2017;2018;478;6.71;49.37;;;BAJO;MEDIO;MEDIO;0.4019;0.3891;0.209;RandomForest
51576;Chori Castro;535;Mediocentro;2017;2018;2077;6.973076;73.83;;;ALTO;MEDIO;ALTO;0.2336;0.378;0.3884;RandomForest
91451;Alberto Aquilani;534;Mediocentro;2017;2018;1298;0.0;38.1;;;BAJO;BAJO;BAJO;0.6187;0.2302;0.1511;RandomForest
95590;Manuel Iturra;535;Mediocentro;2017;2018;1584;6.704999999999999;58.13;16.96;;MEDIO;BAJO;BAJO;0.3299;0.4834;0.1867;RandomForest
104794;Xabi Prieto;548;Mediocentro;2017;2018;1940;0.0;44.29;;;BAJO;BAJO;BAJO;0.5684;0.2219;0.2097;RandomForest
104799;Sergio Mora;546;Mediocentro;2017;2018;797;6.525;28.43;;;BAJO;BAJO;MEDIO;0.5811;0.3128;0.106;RandomForest
104801;Merveil Ndockyt;546;Mediocentro;2017;2018;62;6.5;22.31;;;BAJO;BAJO;BAJO;0.6891;0.2117;0.0992;RandomForest
104803;Jaime Sierra;537;Mediocentro;2017;2018;26;6.299999999999999;13.25;;;BAJO;BAJO;BAJO;0.6279;0.2553;0.1167;RandomForest
104805;Julio Gracia;543;Mediocentro;2017;2018;21;6.25;14.57;;;BAJO;BAJO;BAJO;0.59;0.2513;0.1587;RandomForest
104806;Dani Molina;538;Mediocentro;2017;2018;4;0.0;9.32;;;BAJO;ALTO;BAJO;0.581;0.2753;0.1437;RandomForest
104810;Eloi Amagat;547;Mediocentro;2017;2018;14;6.45;14.54;;;BAJO;BAJO;BAJO;0.6104;0.2474;0.1422;RandomForest
104811;Carlos Calderón;546;Mediocentro;2017;2018;3;6.7;25.1;;;BAJO;BAJO;BAJO;0.6212;0.2514;0.1275;RandomForest
104816;Sergio Arribas;537;Mediocentro;2017;2018;22;6.7;28.44;;;BAJO;BAJO;BAJO;0.6257;0.2592;0.1151;RandomForest
104820;Imanol Sarriegui;545;Mediocentro;2017;2018;37;6.5;18.01;;;BAJO;BAJO;BAJO;0.6572;0.2241;0.1187;RandomForest
104821;Jon Guridi;548;Mediocentro;2017;2018;50;6.325;15.32;;;BAJO;BAJO;BAJO;0.6711;0.2179;0.1111;RandomForest
104823;Álex Mozo;537;Mediocentro;2017;2018;44;6.2;12.77;;;BAJO;BAJO;BAJO;0.6847;0.2109;0.1044;RandomForest
104826;Chuca;533;Mediocentro;2017;2018;86;6.6333329999999995;26.2;;;BAJO;BAJO;BAJO;0.6143;0.2446;0.1411;RandomForest
163447;José Lara;536;Mediocentro;2017;2018;9;6.2;12.09;;;BAJO;BAJO;BAJO;0.633;0.2534;0.1137;RandomForest
185202;Juan Cruz;535;Mediocentro;2017;2018;6;7.0;43.1;;;BAJO;BAJO;BAJO;0.5791;0.3026;0.1183;RandomForest
27;Antonio Adán;543;Portero;2017;2018;2700;6.766665999999999;43.23;42.19;;BAJO;MEDIO;MEDIO;0.4028;0.3941;0.2031;RandomForest
29;Jan Oblak;530;Portero;2017;2018;3330;7.089189;55.04;52.43;ALTO;ALTO;ALTO;ALTO;0.1584;0.287;0.5546;RandomForest
124;Jasper Cillessen;529;Portero;2017;2018;90;7.7;47.98;23.29;;BAJO;BAJO;BAJO;0.4594;0.3228;0.2178;RandomForest
127;Marc-André Ter Stegen;529;Portero;2017;2018;3330;7.016216;53.16;44.48;ALTO;ALTO;ALTO;ALTO;0.1346;0.2362;0.6292;RandomForest
731;Keylor Navas;541;Portero;2017;2018;2430;6.948147999999999;49.87;45.53;ALTO;ALTO;ALTO;ALTO;0.2253;0.2938;0.4809;RandomForest
732;Luca Zidane;541;Portero;2017;2018;90;6.3;19.27;21.06;;BAJO;BAJO;ALTO;0.5937;0.2739;0.1324;RandomForest
911;Jaume Doménech;532;Portero;2017;2018;450;7.08;47.47;49.22;;BAJO;BAJO;BAJO;0.4812;0.3152;0.2036;RandomForest
912;Neto;532;Portero;2017;2018;2970;6.921212;45.84;40.79;MEDIO;MEDIO;MEDIO;MEDIO;0.2301;0.4831;0.2869;RandomForest
1023;Toño Ramírez;548;Portero;2017;2018;315;6.125;18.13;;;BAJO;BAJO;BAJO;0.493;0.2628;0.2442;RandomForest
1557;Pau López;540;Portero;2017;2018;2566;6.882758000000001;43.94;37.3;MEDIO;MEDIO;ALTO;MEDIO;0.3083;0.4662;0.2255;RandomForest
1682;Sergio Asenjo;533;Portero;2017;2018;2070;6.865217;40.93;50.06;ALTO;ALTO;ALTO;ALTO;0.2779;0.2922;0.4299;RandomForest
1683;Mariano Barbosa;533;Portero;2017;2018;1124;6.892307;44.61;;;BAJO;BAJO;MEDIO;0.4231;0.2653;0.3115;RandomForest
1684;Andrés Fernández;533;Portero;2017;2018;226;6.733333;28.42;36.45;MEDIO;BAJO;BAJO;MEDIO;0.4235;0.376;0.2005;RandomForest
2273;Kepa Arrizabalaga;531;Portero;2017;2018;2700;6.87;41.89;;;MEDIO;ALTO;ALTO;0.3162;0.439;0.2449;RandomForest
2701;Bono;547;Portero;2017;2018;2656;6.740000000000001;35.02;48.3;ALTO;ALTO;ALTO;ALTO;0.2468;0.3544;0.3988;RandomForest
2813;Marko Dmitrović;545;Portero;2017;2018;3240;6.655555;33.79;26.52;BAJO;BAJO;MEDIO;BAJO;0.426;0.3709;0.2031;RandomForest
15396;Francis Uzoho;544;Portero;2017;2018;180;7.3;48.35;;;BAJO;BAJO;MEDIO;0.5039;0.2833;0.2128;RandomForest
18835;Vicente Guaita;546;Portero;2017;2018;2970;7.00606;52.52;;;ALTO;ALTO;ALTO;0.19;0.3494;0.4606;RandomForest
19014;Sergio Rico;536;Portero;2017;2018;2155;6.708333;32.15;;;MEDIO;BAJO;BAJO;0.3726;0.3755;0.2519;RandomForest
19112;Kiko Casilla;541;Portero;2017;2018;900;6.73;33.29;;;BAJO;BAJO;BAJO;0.4679;0.2577;0.2744;RandomForest
19284;Costel Pantilimon;544;Portero;2017;2018;540;6.683333;27.2;;;BAJO;BAJO;ALTO;0.4244;0.2718;0.3038;RandomForest
19599;Emiliano Martínez;546;Portero;2017;2018;450;6.8;33.7;;;BAJO;BAJO;ALTO;0.4241;0.297;0.279;RandomForest
33928;Jon Ander Serantes;537;Portero;2017;2018;90;6.3;18.7;;;BAJO;BAJO;ALTO;0.5456;0.2931;0.1613;RandomForest
44502;Maksym Koval;544;Portero;2017;2018;122;5.55;14.69;;;BAJO;BAJO;ALTO;0.495;0.2922;0.2128;RandomForest
46647;Rubén Martínez;544;Portero;2017;2018;2477;6.521428;26.18;;;BAJO;BAJO;BAJO;0.4509;0.3663;0.1829;RandomForest
46784;Dani Giménez;543;Portero;2017;2018;309;7.2;51.12;;;BAJO;BAJO;ALTO;0.5389;0.2369;0.2242;RandomForest
46812;Axel Werner;530;Portero;2017;2018;90;7.2;45.93;14.84;BAJO;BAJO;BAJO;BAJO;0.5425;0.3204;0.1371;RandomForest
46841;Nereo Champagne;537;Portero;2017;2018;180;6.0;15.62;;;BAJO;BAJO;BAJO;0.516;0.2938;0.1902;RandomForest
46935;Raúl Lizoain;534;Portero;2017;2018;990;6.627272;29.01;;;BAJO;BAJO;BAJO;0.4901;0.2724;0.2374;RandomForest
46987;Raúl Fernández;539;Portero;2017;2018;990;6.927272;45.06;;;BAJO;BAJO;ALTO;0.43;0.3152;0.2548;RandomForest
47246;Leandro Chichizola;534;Portero;2017;2018;2430;6.929629000000001;54.86;15.85;;MEDIO;MEDIO;ALTO;0.2825;0.3733;0.3442;RandomForest
47247;David Soria;536;Portero;2017;2018;1265;6.878570999999999;43.4;47.84;ALTO;ALTO;BAJO;BAJO;0.331;0.2319;0.4371;RandomForest
47267;Iago Herrerín;531;Portero;2017;2018;720;6.95;47.45;28.27;BAJO;BAJO;BAJO;BAJO;0.5359;0.2664;0.1976;RandomForest
47295;Miguel Ángel Moyà;548;Portero;2017;2018;765;6.855555;40.5;37.5;MEDIO;MEDIO;BAJO;MEDIO;0.2969;0.4309;0.2722;RandomForest
47296;Gerónimo Rulli;548;Portero;2017;2018;2340;6.611538;27.05;37.99;MEDIO;MEDIO;BAJO;MEDIO;0.3971;0.414;0.1889;RandomForest
47326;Roberto Jiménez;535;Portero;2017;2018;3060;6.817647;40.93;;;MEDIO;MEDIO;MEDIO;0.2713;0.4667;0.262;RandomForest
47327;Diego López;540;Portero;2017;2018;854;6.9;42.24;41.54;MEDIO;BAJO;BAJO;MEDIO;0.4152;0.3497;0.2351;RandomForest
47352;Fernando Pacheco;542;Portero;2017;2018;3357;6.876314999999999;44.29;40.95;MEDIO;MEDIO;MEDIO;MEDIO;0.2209;0.4593;0.3198;RandomForest
47353;Antonio Sivera;542;Portero;2017;2018;63;6.7;23.8;20.07;;BAJO;ALTO;ALTO;0.562;0.2826;0.1554;RandomForest
47376;Asier Riesgo;545;Portero;2017;2018;90;6.9;38.69;22.51;BAJO;BAJO;BAJO;MEDIO;0.5967;0.2757;0.1276;RandomForest
47399;Iván Cuéllar;537;Portero;2017;2018;3150;6.84;41.5;34.93;MEDIO;MEDIO;MEDIO;MEDIO;0.2844;0.4991;0.2165;RandomForest
47401;Andrés Prieto;535;Portero;2017;2018;360;6.225;20.77;;;BAJO;BAJO;BAJO;0.5146;0.3084;0.177;RandomForest
47425;Sergio Álvarez;538;Portero;2017;2018;1475;6.741176;37.09;25.12;BAJO;BAJO;BAJO;BAJO;0.4946;0.2483;0.2571;RandomForest
47426;Rubén Blanco;538;Portero;2017;2018;1942;6.704545;30.2;30.64;BAJO;BAJO;BAJO;BAJO;0.5025;0.299;0.1985;RandomForest
47449;Oier Olazábal;539;Portero;2017;2018;2340;6.75;35.95;43.53;MEDIO;MEDIO;MEDIO;ALTO;0.3042;0.4395;0.2563;RandomForest
47450;Koke;539;Portero;2017;2018;90;6.2;16.84;46.89;;BAJO;BAJO;ALTO;0.5123;0.2847;0.203;RandomForest
47476;Yoel Rodríguez;545;Portero;2017;2018;90;7.9;48.47;13.7;;BAJO;BAJO;MEDIO;0.4727;0.3034;0.2239;RandomForest
47501;Gorka Iraizoz;547;Portero;2017;2018;764;6.755555;33.2;51.47;ALTO;ALTO;BAJO;BAJO;0.3686;0.2557;0.3757;RandomForest
50974;Przemysław Tytoń;544;Portero;2017;2018;97;5.95;14.77;;;BAJO;BAJO;MEDIO;0.5329;0.2844;0.1827;RandomForest
104802;Pedro López;543;Portero;2017;2018;411;6.46;21.57;;;BAJO;BAJO;ALTO;0.4612;0.253;0.2858;RandomForest
30;Santiago Arias;530;Defensa;2018;2019;1770;6.964;70.6;77.0;ALTO;ALTO;ALTO;ALTO;0.196;0.3476;0.4564;RandomForest
31;José María Giménez;530;Defensa;2018;2019;1772;7.128571;74.44;65.81;MEDIO;MEDIO;MEDIO;MEDIO;0.1332;0.4892;0.3777;RandomForest
32;Diego Godín;530;Defensa;2018;2019;2508;6.950000000000001;72.41;;;ALTO;MEDIO;BAJO;0.2481;0.3501;0.4019;RandomForest
33;Lucas Hernández;530;Defensa;2018;2019;1119;7.085714;75.61;;;ALTO;ALTO;MEDIO;0.179;0.3983;0.4227;RandomForest
34;Filipe Luís;530;Defensa;2018;2019;2036;6.974074;78.11;;;ALTO;ALTO;ALTO;0.1662;0.3439;0.4898;RandomForest
35;Francisco Montero;530;Defensa;2018;2019;401;6.522222;20.65;;;BAJO;BAJO;BAJO;0.5995;0.2549;0.1456;RandomForest
36;Carlos Isaac;530;Defensa;2018;2019;90;7.2;46.33;;;BAJO;BAJO;BAJO;0.6251;0.2178;0.1571;RandomForest
39;Stefan Savić;530;Defensa;2018;2019;1400;6.811111;46.79;60.59;MEDIO;BAJO;BAJO;MEDIO;0.4738;0.3874;0.1388;RandomForest
40;Andrés Solano;530;Defensa;2018;2019;46;7.2;46.2;;;BAJO;BAJO;BAJO;0.5785;0.2898;0.1316;RandomForest
41;Juanfran;530;Defensa;2018;2019;1608;6.87619;57.75;;;BAJO;BAJO;BAJO;0.4136;0.3927;0.1937;RandomForest
128;Jordi Alba;529;Defensa;2018;2019;2987;7.080555;74.98;73.66;ALTO;ALTO;ALTO;ALTO;0.0224;0.1526;0.825;RandomForest
130;Nélson Semedo;529;Defensa;2018;2019;1601;6.784;56.78;70.02;ALTO;BAJO;MEDIO;ALTO;0.3559;0.3497;0.2944;RandomForest
133;Clément Lenglet;529;Defensa;2018;2019;1935;6.952173;69.31;73.91;ALTO;ALTO;ALTO;ALTO;0.1654;0.3233;0.5113;RandomForest
135;Jeison Murillo;529;Defensa;2018;2019;202;6.8;32.12;77.54;ALTO;BAJO;BAJO;BAJO;0.52;0.247;0.2331;RandomForest
136;Gerard Piqué;529;Defensa;2018;2019;3150;7.208823000000001;83.01;78.65;ALTO;ALTO;ALTO;ALTO;0.0337;0.093;0.8733;RandomForest
138;Jean-Clair Todibo;529;Defensa;2018;2019;158;6.75;27.98;26.65;;BAJO;BAJO;BAJO;0.5875;0.2527;0.1599;RandomForest
139;Samuel Umtiti;529;Defensa;2018;2019;1189;6.9;57.85;57.43;MEDIO;MEDIO;MEDIO;MEDIO;0.3381;0.4622;0.1998;RandomForest
140;Thomas Vermaelen;529;Defensa;2018;2019;587;6.611111;28.37;;;BAJO;BAJO;BAJO;0.519;0.3463;0.1346;RandomForest
141;Moussa Wagué;529;Defensa;2018;2019;224;6.533333;27.19;49.14;;BAJO;BAJO;ALTO;0.4928;0.3219;0.1853;RandomForest
733;Daniel Carvajal;541;Defensa;2018;2019;2106;7.070833;81.12;83.24;ALTO;ALTO;ALTO;ALTO;0.0456;0.1353;0.8191;RandomForest
735;Nacho Fernández;541;Defensa;2018;2019;1700;6.795;52.62;66.71;;BAJO;MEDIO;BAJO;0.4578;0.3469;0.1952;RandomForest
737;Álvaro Odriozola;541;Defensa;2018;2019;1180;6.828571;58.68;26.47;;MEDIO;ALTO;MEDIO;0.2927;0.3662;0.3411;RandomForest
738;Sergio Ramos;541;Defensa;2018;2019;2476;7.221428;81.55;82.46;ALTO;ALTO;ALTO;ALTO;0.0545;0.1687;0.7768;RandomForest
739;Sergio Reguilón;541;Defensa;2018;2019;1121;7.064285;75.29;83.32;ALTO;ALTO;ALTO;ALTO;0.0892;0.2757;0.6351;RandomForest
740;Javi Sánchez;541;Defensa;2018;2019;45;6.3;9.2;;;BAJO;BAJO;BAJO;0.6392;0.2472;0.1136;RandomForest
741;Jesús Vallejo;541;Defensa;2018;2019;311;6.775;39.28;36.92;BAJO;BAJO;BAJO;ALTO;0.612;0.2317;0.1562;RandomForest
742;Raphaël Varane;541;Defensa;2018;2019;2756;6.96875;68.86;72.43;ALTO;ALTO;ALTO;ALTO;0.1738;0.2784;0.5478;RandomForest
743;Marcelo;541;Defensa;2018;2019;1854;6.922727;74.7;82.7;ALTO;ALTO;ALTO;ALTO;0.0989;0.2377;0.6633;RandomForest
757;Lucas Vázquez;541;Defensa;2018;2019;1500;6.829031999999999;63.16;65.25;MEDIO;MEDIO;ALTO;MEDIO;0.2585;0.4992;0.2423;RandomForest
915;Gabriel Paulista;532;Defensa;2018;2019;2625;7.01;67.85;73.43;ALTO;ALTO;MEDIO;ALTO;0.1719;0.3086;0.5195;RandomForest
916;Mouctar Diakhaby;532;Defensa;2018;2019;1574;6.827272;52.95;58.33;MEDIO;BAJO;BAJO;MEDIO;0.4492;0.4033;0.1475;RandomForest
917;Ezequiel Garay;532;Defensa;2018;2019;2137;7.008333;68.97;51.6;BAJO;MEDIO;MEDIO;BAJO;0.3308;0.3777;0.2915;RandomForest
918;José Luis Gayà;532;Defensa;2018;2019;3138;6.905714;72.63;55.79;MEDIO;MEDIO;ALTO;MEDIO;0.1549;0.5576;0.2875;RandomForest
920;Toni Lato;532;Defensa;2018;2019;270;6.45;20.08;67.93;ALTO;BAJO;BAJO;BAJO;0.6057;0.2405;0.1538;RandomForest
921;Cristiano Piccini;532;Defensa;2018;2019;1868;6.717391;50.66;34.0;;BAJO;BAJO;BAJO;0.4193;0.3768;0.2039;RandomForest
922;Facundo Roncaglia;538;Defensa;2018;2019;1674;6.608332999999999;34.55;57.68;MEDIO;MEDIO;MEDIO;MEDIO;0.3674;0.4751;0.1575;RandomForest
1560;Antonio Barragán;543;Defensa;2018;2019;937;6.592307;32.59;48.54;BAJO;BAJO;BAJO;BAJO;0.6024;0.2837;0.1138;RandomForest
1561;Marc Bartra;543;Defensa;2018;2019;2930;6.948484;74.03;76.16;ALTO;ALTO;ALTO;ALTO;0.1077;0.2705;0.6218;RandomForest
1562;Sidnei;543;Defensa;2018;2019;1742;6.8652169999999995;66.09;75.0;ALTO;MEDIO;ALTO;ALTO;0.2132;0.4087;0.3781;RandomForest
1563;Zouhair Feddal;543;Defensa;2018;2019;1702;7.05238;81.15;73.51;ALTO;ALTO;ALTO;ALTO;0.072;0.1777;0.7503;RandomForest
1564;Junior Firpo;543;Defensa;2018;2019;1937;6.875;72.54;57.16;MEDIO;MEDIO;ALTO;MEDIO;0.2175;0.4468;0.3356;RandomForest
1566;Emerson Royal;543;Defensa;2018;2019;317;6.7;34.28;74.81;ALTO;BAJO;BAJO;MEDIO;0.4827;0.3357;0.1816;RandomForest
1567;Aïssa Mandi;543;Defensa;2018;2019;3060;7.037142;73.33;66.66;MEDIO;ALTO;ALTO;MEDIO;0.0908;0.4268;0.4825;RandomForest
1574;Francis Guerrero;543;Defensa;2018;2019;1790;6.75909;55.32;;;MEDIO;MEDIO;BAJO;0.3766;0.4068;0.2166;RandomForest
1685;Daniele Bonera;533;Defensa;2018;2019;233;6.8;33.09;;;BAJO;BAJO;BAJO;0.5866;0.2569;0.1565;RandomForest
1687;Jaume Costa;533;Defensa;2018;2019;1498;6.785;56.4;59.17;MEDIO;MEDIO;MEDIO;MEDIO;0.3753;0.4274;0.1973;RandomForest
1688;Ramiro Funes Mori;533;Defensa;2018;2019;2627;6.91;66.62;28.19;BAJO;MEDIO;MEDIO;MEDIO;0.3731;0.3786;0.2482;RandomForest
1689;Álvaro González;533;Defensa;2018;2019;2966;6.90606;62.08;;;MEDIO;MEDIO;MEDIO;0.2998;0.4577;0.2424;RandomForest
1690;Miguelón;533;Defensa;2018;2019;543;6.5375;32.49;;;BAJO;BAJO;MEDIO;0.6128;0.2782;0.109;RandomForest
1691;Mario Gaspar;533;Defensa;2018;2019;2602;6.706666;50.62;55.23;MEDIO;MEDIO;MEDIO;MEDIO;0.3138;0.4835;0.2027;RandomForest
1692;Xavier Quintilla;533;Defensa;2018;2019;628;6.685713999999999;28.92;52.24;MEDIO;BAJO;BAJO;MEDIO;0.4806;0.3663;0.153;RandomForest
1693;Víctor Ruiz;533;Defensa;2018;2019;1976;6.87619;63.36;;;MEDIO;MEDIO;BAJO;0.3345;0.4004;0.2651;RandomForest
1702;Alfonso Pedraza;533;Defensa;2018;2019;2088;6.759375;57.02;59.39;MEDIO;MEDIO;MEDIO;MEDIO;0.3281;0.4448;0.2272;RandomForest
2038;Guilherme Arana;536;Defensa;2018;2019;632;6.625;34.84;;;BAJO;BAJO;MEDIO;0.5989;0.2888;0.1123;RandomForest
2040;Sergio Escudero;536;Defensa;2018;2019;1549;6.766666000000001;54.43;72.25;ALTO;MEDIO;MEDIO;ALTO;0.3125;0.4071;0.2804;RandomForest
2041;Joris Gnagnon;536;Defensa;2018;2019;444;6.828571;50.1;;;BAJO;BAJO;BAJO;0.4829;0.3842;0.133;RandomForest
2042;Sergi Gómez;536;Defensa;2018;2019;2766;6.9125;59.88;45.34;BAJO;MEDIO;MEDIO;MEDIO;0.3897;0.4191;0.1912;RandomForest
2043;Daniel Carriço;536;Defensa;2018;2019;2132;6.869565;60.69;38.99;BAJO;BAJO;BAJO;BAJO;0.4548;0.353;0.1921;RandomForest
2044;Gabriel Mercado;536;Defensa;2018;2019;1738;6.7217389999999995;46.85;;;BAJO;BAJO;MEDIO;0.4266;0.3965;0.1769;RandomForest
2045;Simon Kjær;536;Defensa;2018;2019;2016;7.05;67.46;;;MEDIO;MEDIO;BAJO;0.239;0.4396;0.3214;RandomForest
2047;Aleix Vidal;536;Defensa;2018;2019;525;6.772727;51.68;67.05;MEDIO;MEDIO;MEDIO;MEDIO;0.4163;0.4331;0.1506;RandomForest
2048;Maximilian Wöber;536;Defensa;2018;2019;536;6.857142;49.3;;;BAJO;BAJO;MEDIO;0.4635;0.3795;0.157;RandomForest
2054;Jesús Navas;536;Defensa;2018;2019;2714;7.1677409999999995;80.48;74.76;ALTO;ALTO;ALTO;ALTO;0.0557;0.1771;0.7672;RandomForest
2419;Luis Advíncula;728;Defensa;2018;2019;2391;6.771428;61.83;;;MEDIO;MEDIO;MEDIO;0.3389;0.4265;0.2346;RandomForest
2444;Roberto Rosales;540;Defensa;2018;2019;1751;6.97619;77.37;49.39;BAJO;ALTO;ALTO;ALTO;0.2206;0.3215;0.4578;RandomForest
2499;Junior Alonso;538;Defensa;2018;2019;535;6.6875;40.38;;;BAJO;BAJO;MEDIO;0.5399;0.3386;0.1215;RandomForest
2553;Guillermo Maripán;542;Defensa;2018;2019;2008;7.160869;74.81;46.23;;MEDIO;MEDIO;MEDIO;0.1223;0.4598;0.4179;RandomForest
2669;Mario Hermoso;540;Defensa;2018;2019;2806;7.01875;75.1;48.38;BAJO;ALTO;ALTO;ALTO;0.2224;0.2652;0.5124;RandomForest
2670;Iñigo Martínez;531;Defensa;2018;2019;2903;6.969696;70.06;70.67;ALTO;ALTO;ALTO;ALTO;0.1013;0.323;0.5757;RandomForest
2772;Kenneth Omeruo;537;Defensa;2018;2019;2434;6.914285;62.28;54.96;MEDIO;MEDIO;BAJO;BAJO;0.352;0.4026;0.2454;RandomForest
2870;Néstor Araujo;538;Defensa;2018;2019;2681;6.96129;66.93;58.6;MEDIO;MEDIO;MEDIO;MEDIO;0.2227;0.4805;0.2967;RandomForest
2872;Miguel Layún;533;Defensa;2018;2019;504;6.7625;43.56;;;BAJO;BAJO;BAJO;0.4853;0.3395;0.1752;RandomForest
2874;Héctor Moreno;548;Defensa;2018;2019;1929;6.8478259999999995;53.86;;;BAJO;MEDIO;BAJO;0.4189;0.4065;0.1746;RandomForest
2875;Diego Reyes;537;Defensa;2018;2019;320;6.816666;40.95;;;BAJO;BAJO;BAJO;0.5109;0.3188;0.1702;RandomForest
31361;Róbert Mazáň;538;Defensa;2018;2019;90;6.9;38.22;;;BAJO;BAJO;MEDIO;0.5501;0.2798;0.1701;RandomForest
41173;Ruben Semedo;726;Defensa;2018;2019;848;6.618181;40.14;;;MEDIO;BAJO;BAJO;0.406;0.4374;0.1566;RandomForest
46814;Rajko Brežančić;726;Defensa;2018;2019;66;6.2;9.17;;;BAJO;BAJO;BAJO;0.6408;0.2362;0.123;RandomForest
47049;Dorado;728;Defensa;2018;2019;90;6.3;12.97;;;BAJO;BAJO;BAJO;0.6389;0.2311;0.13;RandomForest
47126;Cristian Ganea;531;Defensa;2018;2019;50;6.2;9.79;;;BAJO;BAJO;BAJO;0.6486;0.2357;0.1157;RandomForest
47249;Leandro Cabrera;546;Defensa;2018;2019;2794;6.9125;64.6;65.61;MEDIO;MEDIO;MEDIO;MEDIO;0.2054;0.5634;0.2312;RandomForest
47250;Djené;546;Defensa;2018;2019;2981;6.776470000000001;54.85;54.03;MEDIO;MEDIO;MEDIO;MEDIO;0.213;0.5864;0.2006;RandomForest
47251;Dimitri Foulquier;546;Defensa;2018;2019;1809;6.512;41.51;59.84;MEDIO;BAJO;BAJO;BAJO;0.4668;0.3913;0.1419;RandomForest
47252;Bruno González;546;Defensa;2018;2019;1697;6.772726999999999;44.16;17.25;BAJO;BAJO;BAJO;BAJO;0.5772;0.3006;0.1222;RandomForest
47253;Ignasi Miquel;546;Defensa;2018;2019;314;6.8;35.29;;;BAJO;BAJO;BAJO;0.5688;0.2692;0.162;RandomForest
47254;Mathías Olivera;546;Defensa;2018;2019;1011;6.571428;44.2;54.68;MEDIO;MEDIO;BAJO;MEDIO;0.3264;0.5123;0.1613;RandomForest
47255;Vitorino Antunes;546;Defensa;2018;2019;2182;6.928571;71.13;10.24;;ALTO;MEDIO;ALTO;0.2272;0.3846;0.3882;RandomForest
47257;Damián Suárez;546;Defensa;2018;2019;3240;6.875;67.31;71.55;ALTO;ALTO;ALTO;ALTO;0.106;0.3344;0.5595;RandomForest
47271;Yeray Álvarez;531;Defensa;2018;2019;2614;6.829999999999999;59.52;72.86;ALTO;ALTO;MEDIO;ALTO;0.1846;0.3945;0.4209;RandomForest
47272;Mikel Balenziaga;531;Defensa;2018;2019;520;6.52;25.32;36.55;BAJO;BAJO;BAJO;BAJO;0.6455;0.2327;0.1218;RandomForest
47273;Yuri Berchiche;531;Defensa;2018;2019;3121;6.931428;74.39;77.14;ALTO;ALTO;ALTO;ALTO;0.0922;0.315;0.5927;RandomForest
47274;Ander Capa;531;Defensa;2018;2019;1637;6.625;41.88;74.03;ALTO;BAJO;BAJO;BAJO;0.437;0.3553;0.2077;RandomForest
47275;Óscar de Marcos;531;Defensa;2018;2019;2427;6.672413;44.65;33.57;BAJO;BAJO;MEDIO;BAJO;0.4351;0.383;0.1819;RandomForest
47276;Íñigo Lekue;531;Defensa;2018;2019;209;6.666666;24.63;35.94;BAJO;BAJO;BAJO;BAJO;0.6123;0.2454;0.1423;RandomForest
47277;Unai Núñez;531;Defensa;2018;2019;1063;7.1;74.12;64.19;MEDIO;MEDIO;MEDIO;MEDIO;0.2529;0.5386;0.2085;RandomForest
47298;Aritz Elustondo;548;Defensa;2018;2019;2253;6.914814;72.21;56.01;MEDIO;MEDIO;ALTO;MEDIO;0.2023;0.4813;0.3164;RandomForest
47299;Andoni Gorosabel;548;Defensa;2018;2019;456;6.714285;33.53;40.08;BAJO;BAJO;BAJO;BAJO;0.5713;0.2951;0.1336;RandomForest
47300;Theo Hernández;548;Defensa;2018;2019;1977;6.783333;67.17;;;MEDIO;ALTO;ALTO;0.205;0.4656;0.3294;RandomForest
47301;Robin Le Normand;548;Defensa;2018;2019;283;6.75;31.99;64.35;MEDIO;BAJO;BAJO;BAJO;0.4529;0.3685;0.1786;RandomForest
47302;Diego Llorente;548;Defensa;2018;2019;1754;6.9;58.94;55.96;MEDIO;MEDIO;MEDIO;MEDIO;0.2924;0.4728;0.2348;RandomForest
47303;Aihen Muñoz;548;Defensa;2018;2019;954;6.727271999999999;50.63;42.33;BAJO;BAJO;BAJO;BAJO;0.5391;0.3235;0.1373;RandomForest
47304;Kévin Rodrigues;548;Defensa;2018;2019;482;6.833333;53.69;57.9;MEDIO;BAJO;BAJO;BAJO;0.4518;0.4014;0.1468;RandomForest
47307;Joseba Zaldúa;548;Defensa;2018;2019;2142;6.815384;63.68;62.44;MEDIO;MEDIO;ALTO;MEDIO;0.2684;0.4899;0.2417;RandomForest
47314;Igor Zubeldia;548;Defensa;2018;2019;2551;6.766666;57.38;58.58;MEDIO;MEDIO;MEDIO;MEDIO;0.3314;0.4746;0.194;RandomForest
47328;Óscar Duarte;540;Defensa;2018;2019;657;6.663636;37.12;36.94;BAJO;BAJO;BAJO;BAJO;0.5639;0.3139;0.1221;RandomForest
47329;Adrià Pedrosa;540;Defensa;2018;2019;759;6.754545;50.08;39.87;BAJO;BAJO;BAJO;BAJO;0.5682;0.315;0.1169;RandomForest
47330;Naldo;540;Defensa;2018;2019;1366;7.0125;67.18;36.4;BAJO;BAJO;MEDIO;BAJO;0.4303;0.3907;0.179;RandomForest
47332;Lluis López;540;Defensa;2018;2019;520;6.3;22.88;22.55;;BAJO;BAJO;MEDIO;0.5998;0.2618;0.1384;RandomForest
47333;Javi López;540;Defensa;2018;2019;1949;6.747826;57.83;48.08;BAJO;MEDIO;MEDIO;MEDIO;0.3096;0.4676;0.2228;RandomForest
47334;David López;540;Defensa;2018;2019;1820;6.885714;62.93;57.5;MEDIO;MEDIO;MEDIO;MEDIO;0.2361;0.4722;0.2916;RandomForest
47335;Dídac Vila;540;Defensa;2018;2019;2358;6.85;66.76;54.01;MEDIO;MEDIO;MEDIO;MEDIO;0.2409;0.5181;0.241;RandomForest
47354;Martín Aguirregabiria;542;Defensa;2018;2019;2033;6.66923;42.97;43.14;BAJO;BAJO;BAJO;BAJO;0.5359;0.3265;0.1376;RandomForest
47355;Rubén Duarte;542;Defensa;2018;2019;2777;6.763635999999999;56.84;52.7;MEDIO;MEDIO;MEDIO;BAJO;0.2207;0.5576;0.2217;RandomForest
47356;Rodrigo Ely;542;Defensa;2018;2019;431;6.74;35.58;56.07;MEDIO;BAJO;BAJO;MEDIO;0.532;0.3459;0.1221;RandomForest
47357;Víctor Laguardia;542;Defensa;2018;2019;3240;6.836111;53.46;47.52;BAJO;BAJO;MEDIO;BAJO;0.4412;0.4073;0.1515;RandomForest
47358;Adrián Marín;542;Defensa;2018;2019;286;6.366666;19.63;44.95;BAJO;BAJO;BAJO;BAJO;0.6492;0.2347;0.1161;RandomForest
47359;Carlos Vigaray;542;Defensa;2018;2019;647;6.487499999999999;26.96;;;BAJO;BAJO;BAJO;0.6343;0.2592;0.1065;RandomForest
47360;Ximo Navarro;542;Defensa;2018;2019;2532;6.933332999999999;71.14;44.41;BAJO;MEDIO;MEDIO;MEDIO;0.2811;0.3756;0.3432;RandomForest
47377;Anaitz Arbilla;545;Defensa;2018;2019;1950;6.783333;52.98;48.56;BAJO;BAJO;MEDIO;ALTO;0.4034;0.3888;0.2078;RandomForest
47378;Pedro Bigas;545;Defensa;2018;2019;585;6.55;27.91;65.48;MEDIO;BAJO;BAJO;BAJO;0.5317;0.3494;0.119;RandomForest
47379;Jordi Calavera;545;Defensa;2018;2019;0;;11.46;;;BAJO;BAJO;BAJO;0.5862;0.2772;0.1366;RandomForest
47380;Marc Cucurella;545;Defensa;2018;2019;2356;6.674193;46.51;68.3;ALTO;MEDIO;MEDIO;ALTO;0.3726;0.3727;0.2547;RandomForest
47382;Iván Ramis;545;Defensa;2018;2019;1682;6.905;60.55;32.32;BAJO;BAJO;BAJO;BAJO;0.4561;0.3455;0.1984;RandomForest
47383;Paulo Oliveira;545;Defensa;2018;2019;2243;6.757142;46.4;60.62;MEDIO;MEDIO;MEDIO;MEDIO;0.2947;0.5526;0.1527;RandomForest
47384;José Ángel;545;Defensa;2018;2019;3034;7.094285000000001;81.17;81.03;ALTO;ALTO;ALTO;ALTO;0.0549;0.2175;0.7276;RandomForest
47391;Rubén Peña;545;Defensa;2018;2019;2674;7.025806;82.47;63.23;MEDIO;ALTO;ALTO;MEDIO;0.0855;0.4057;0.5088;RandomForest
47403;Unai Bustinza;537;Defensa;2018;2019;2028;6.904;62.49;64.9;MEDIO;MEDIO;MEDIO;ALTO;0.2446;0.5352;0.2202;RandomForest
47404;Vasyl Kravets;537;Defensa;2018;2019;484;6.733333;41.7;;;BAJO;BAJO;BAJO;0.5696;0.3008;0.1296;RandomForest
47405;Juanfran;537;Defensa;2018;2019;1459;6.860869;59.42;;;MEDIO;BAJO;MEDIO;0.3819;0.4134;0.2047;RandomForest
47406;Ezequiel Muñoz;537;Defensa;2018;2019;211;6.4;14.47;;;BAJO;BAJO;BAJO;0.6108;0.2539;0.1352;RandomForest
47407;Allan Nyom;537;Defensa;2018;2019;1712;6.769564999999999;52.97;39.29;BAJO;BAJO;MEDIO;ALTO;0.4459;0.3611;0.193;RandomForest
47408;Jonathan Silva;537;Defensa;2018;2019;2700;6.97;71.93;59.86;MEDIO;MEDIO;MEDIO;MEDIO;0.138;0.5339;0.3281;RandomForest
47409;Dimitrios Siovas;537;Defensa;2018;2019;2965;6.932352;67.95;59.9;MEDIO;MEDIO;MEDIO;MEDIO;0.1544;0.5006;0.345;RandomForest
47410;Rodrigo Tarín;537;Defensa;2018;2019;1428;6.85;48.67;34.51;BAJO;BAJO;BAJO;BAJO;0.5894;0.2909;0.1196;RandomForest
47428;Gustavo Cabral;538;Defensa;2018;2019;1896;6.804545;52.62;;;MEDIO;MEDIO;ALTO;0.3452;0.4531;0.2017;RandomForest
47429;David Costas;538;Defensa;2018;2019;1172;6.814285;50.89;23.38;;BAJO;MEDIO;BAJO;0.5145;0.3362;0.1493;RandomForest
47430;Wesley Hoedt;538;Defensa;2018;2019;893;6.900000000000001;66.51;;;MEDIO;MEDIO;BAJO;0.3013;0.4267;0.272;RandomForest
47431;David Juncà;538;Defensa;2018;2019;1758;6.78;59.5;19.81;;MEDIO;ALTO;ALTO;0.2569;0.4665;0.2766;RandomForest
47432;Hugo Mallo;538;Defensa;2018;2019;3094;6.908571;72.1;66.95;MEDIO;MEDIO;ALTO;MEDIO;0.1804;0.5048;0.3148;RandomForest
47433;Lucas Olaza;538;Defensa;2018;2019;898;6.97;69.41;75.06;ALTO;ALTO;ALTO;BAJO;0.2592;0.3072;0.4336;RandomForest
47434;Kevin Vázquez;538;Defensa;2018;2019;218;6.666666;25.04;49.25;BAJO;BAJO;BAJO;BAJO;0.6182;0.2407;0.1411;RandomForest
47451;Coke;539;Defensa;2018;2019;1814;6.711111;50.82;56.25;MEDIO;MEDIO;MEDIO;MEDIO;0.3601;0.4726;0.1673;RandomForest
47452;Erick Cabaco;539;Defensa;2018;2019;1639;6.509523;34.88;33.47;BAJO;BAJO;BAJO;BAJO;0.6116;0.2876;0.1008;RandomForest
47453;Toño;539;Defensa;2018;2019;1767;6.675;49.24;49.79;BAJO;BAJO;BAJO;BAJO;0.4714;0.3738;0.1548;RandomForest
47454;Pedro López;539;Defensa;2018;2019;463;6.685714;39.87;;;BAJO;BAJO;BAJO;0.5388;0.3406;0.1207;RandomForest
47455;Antonio Luna;539;Defensa;2018;2019;1259;6.5875;39.39;;;BAJO;BAJO;BAJO;0.5806;0.2956;0.1239;RandomForest
47457;Rúben Vezo;539;Defensa;2018;2019;1534;6.946666;57.49;67.67;ALTO;ALTO;BAJO;ALTO;0.2296;0.374;0.3963;RandomForest
47458;Sergio Postigo;539;Defensa;2018;2019;1451;6.754999999999999;41.38;63.06;MEDIO;BAJO;BAJO;MEDIO;0.5361;0.3439;0.12;RandomForest
47459;Chema;539;Defensa;2018;2019;1252;6.726315;45.36;29.29;;BAJO;BAJO;BAJO;0.5952;0.2916;0.1132;RandomForest
47460;Róber Pier;539;Defensa;2018;2019;2854;6.742424;49.68;25.56;;MEDIO;BAJO;BAJO;0.3559;0.436;0.2081;RandomForest
47478;Fernando Calero;720;Defensa;2018;2019;3130;6.788888;56.23;30.03;BAJO;BAJO;MEDIO;BAJO;0.4036;0.3995;0.1969;RandomForest
47479;Moises Delgado;720;Defensa;2018;2019;270;6.6;23.66;;;BAJO;BAJO;BAJO;0.5912;0.2622;0.1467;RandomForest
47481;Nacho Martinez;720;Defensa;2018;2019;3150;7.02;78.6;61.82;MEDIO;ALTO;ALTO;MEDIO;0.0858;0.3992;0.515;RandomForest
47482;Javi Moyano;720;Defensa;2018;2019;2107;6.66923;39.51;53.17;MEDIO;BAJO;BAJO;BAJO;0.5208;0.3483;0.1309;RandomForest
47483;Kiko Olivas;720;Defensa;2018;2019;3102;6.8;58.42;59.43;MEDIO;MEDIO;MEDIO;MEDIO;0.2992;0.5336;0.1672;RandomForest
47484;Antoñito;720;Defensa;2018;2019;1853;6.523332999999999;39.45;49.89;BAJO;BAJO;BAJO;BAJO;0.5655;0.3035;0.1311;RandomForest
47487;Joaquín Fernández;720;Defensa;2018;2019;836;6.692307;43.24;60.16;MEDIO;BAJO;BAJO;MEDIO;0.5172;0.3575;0.1253;RandomForest
47504;Pedro Alcalá;547;Defensa;2018;2019;1865;6.965217;68.99;;;ALTO;MEDIO;ALTO;0.2128;0.3876;0.3996;RandomForest
47505;Bernardo Espinosa;547;Defensa;2018;2019;2729;6.909677;66.38;49.73;BAJO;BAJO;MEDIO;MEDIO;0.3882;0.3803;0.2315;RandomForest
47506;Raúl García;547;Defensa;2018;2019;1234;6.9;53.84;55.57;MEDIO;MEDIO;BAJO;MEDIO;0.3428;0.4798;0.1774;RandomForest
47508;Marc Muniesa;547;Defensa;2018;2019;1403;6.873683999999999;66.38;;;MEDIO;ALTO;ALTO;0.1878;0.5004;0.3118;RandomForest
47509;Carles Planas;547;Defensa;2018;2019;418;6.7;29.69;;;BAJO;BAJO;BAJO;0.5458;0.3196;0.1346;RandomForest
47510;Jonas Ramalho;547;Defensa;2018;2019;1620;6.663636;35.49;;;BAJO;BAJO;BAJO;0.5877;0.2984;0.1139;RandomForest
47511;Juanpe;547;Defensa;2018;2019;2767;6.8187500000000005;60.95;;;MEDIO;MEDIO;MEDIO;0.2841;0.4674;0.2485;RandomForest
47513;Aday Benítez;547;Defensa;2018;2019;647;6.660000000000001;46.05;;;BAJO;BAJO;BAJO;0.4161;0.39;0.1939;RandomForest
47514;Valery Fernández;547;Defensa;2018;2019;885;6.547058;38.44;;;BAJO;BAJO;BAJO;0.5791;0.3102;0.1108;RandomForest
47519;Pedro Porro;547;Defensa;2018;2019;2214;6.6875;50.22;31.03;BAJO;BAJO;BAJO;ALTO;0.4573;0.3657;0.177;RandomForest
47530;Sergio Akieme;728;Defensa;2018;2019;180;6.5;17.93;;;BAJO;BAJO;BAJO;0.6051;0.2447;0.1502;RandomForest
47531;Jordi Amat;728;Defensa;2018;2019;2764;6.5806450000000005;42.66;;;BAJO;BAJO;MEDIO;0.4777;0.3808;0.1415;RandomForest
47532;Abdoulaye Ba;728;Defensa;2018;2019;2113;6.892307;63.24;;;MEDIO;ALTO;ALTO;0.2349;0.4806;0.2845;RandomForest
47533;Alejandro Catena;728;Defensa;2018;2019;177;7.0;50.44;;;BAJO;BAJO;BAJO;0.547;0.2941;0.1588;RandomForest
47534;Alejandro Gálvez;728;Defensa;2018;2019;1418;6.71875;50.33;;;MEDIO;MEDIO;MEDIO;0.2505;0.4697;0.2799;RandomForest
47537;Tito;728;Defensa;2018;2019;1097;6.407142;31.1;;;BAJO;BAJO;BAJO;0.6114;0.2785;0.1101;RandomForest
47538;Emiliano Velazquez;728;Defensa;2018;2019;1275;6.872222;68.73;;;MEDIO;ALTO;ALTO;0.1797;0.5172;0.3031;RandomForest
47547;Álex Moreno;728;Defensa;2018;2019;3140;6.663888;53.69;54.56;MEDIO;MEDIO;MEDIO;MEDIO;0.2379;0.5409;0.2212;RandomForest
47550;Mario Suárez;728;Defensa;2018;2019;1026;6.784615;67.94;;;MEDIO;ALTO;MEDIO;0.2261;0.4469;0.327;RandomForest
47561;Carlos Akapo;726;Defensa;2018;2019;1024;6.653846;43.09;;;BAJO;BAJO;MEDIO;0.5137;0.33;0.1564;RandomForest
47563;Luisinho;726;Defensa;2018;2019;508;6.516666;32.22;;;BAJO;BAJO;BAJO;0.6006;0.2816;0.1178;RandomForest
47564;Adrián Diéguez;726;Defensa;2018;2019;749;0.0;34.12;;;BAJO;BAJO;BAJO;0.616;0.2437;0.1403;RandomForest
47565;Xabier Etxeita;726;Defensa;2018;2019;2678;6.748387;48.55;49.55;BAJO;BAJO;BAJO;BAJO;0.5287;0.3406;0.1307;RandomForest
47566;Javi Galán;726;Defensa;2018;2019;1440;6.81875;65.55;;;MEDIO;ALTO;MEDIO;0.184;0.4992;0.3167;RandomForest
47567;Martín Mantovani;726;Defensa;2018;2019;698;6.855555;60.07;;;MEDIO;MEDIO;MEDIO;0.3649;0.4396;0.1955;RandomForest
47568;Jorge Miramón;726;Defensa;2018;2019;2496;6.946666;75.11;63.76;MEDIO;MEDIO;MEDIO;MEDIO;0.1686;0.4907;0.3408;RandomForest
47569;Jorge Pulido;726;Defensa;2018;2019;2790;6.80625;60.43;;;MEDIO;ALTO;BAJO;0.2485;0.4525;0.299;RandomForest
64268;Johan Mojica;547;Defensa;2018;2019;19;6.7;19.95;;;BAJO;BAJO;BAJO;0.618;0.2679;0.1141;RandomForest
90646;Pablo Insúa;726;Defensa;2018;2019;779;6.66;37.85;;;BAJO;BAJO;BAJO;0.5941;0.3022;0.1037;RandomForest
52;Sergio Camello;530;Delantero;2018;2019;44;7.3;47.6;10.6;;BAJO;BAJO;BAJO;0.5125;0.2943;0.1932;RandomForest
53;Ángel Correa;530;Delantero;2018;2019;1918;6.630555;55.28;60.79;MEDIO;MEDIO;MEDIO;MEDIO;0.2829;0.4864;0.2308;RandomForest
54;Diego Costa;530;Delantero;2018;2019;1116;6.53125;39.99;68.15;MEDIO;BAJO;BAJO;MEDIO;0.5245;0.3955;0.08;RandomForest
55;Borja Garcés;530;Delantero;2018;2019;19;6.8999999999999995;38.95;;;BAJO;BAJO;BAJO;0.5881;0.2701;0.1417;RandomForest
56;Antoine Griezmann;530;Delantero;2018;2019;3204;7.386485999999999;76.93;76.39;ALTO;ALTO;ALTO;ALTO;0.033;0.1299;0.8371;RandomForest
57;Nikola Kalinić;530;Delantero;2018;2019;640;6.63125;35.68;;;BAJO;BAJO;BAJO;0.6261;0.2776;0.0963;RandomForest
58;Víctor Mollejo;530;Delantero;2018;2019;61;6.266666;12.25;;;BAJO;BAJO;BAJO;0.6474;0.2249;0.1277;RandomForest
59;Álvaro Morata;530;Delantero;2018;2019;1089;7.04;76.92;70.92;ALTO;ALTO;MEDIO;BAJO;0.2102;0.3288;0.461;RandomForest
60;Joaquín Muñoz;530;Delantero;2018;2019;0;;11.9;;;BAJO;BAJO;BAJO;0.5834;0.2824;0.1342;RandomForest
153;Ousmane Dembélé;529;Delantero;2018;2019;1670;7.267857;80.53;57.61;;ALTO;ALTO;ALTO;0.0472;0.1925;0.7603;RandomForest
154;Lionel Messi;529;Delantero;2018;2019;2709;8.417647;84.26;86.06;ALTO;ALTO;ALTO;ALTO;0.0098;0.0322;0.958;RandomForest
155;Abel Ruíz;529;Delantero;2018;2019;21;6.700000000000001;30.91;;;BAJO;BAJO;MEDIO;0.627;0.2507;0.1222;RandomForest
156;Malcom;529;Delantero;2018;2019;608;6.814285000000001;59.08;;;BAJO;MEDIO;ALTO;0.4082;0.4065;0.1854;RandomForest
157;Luis Suárez;529;Delantero;2018;2019;2829;7.327272;78.81;72.56;ALTO;ALTO;ALTO;ALTO;0.0161;0.0258;0.9581;RandomForest
746;Marco Asensio;541;Delantero;2018;2019;1778;7.003333;72.76;73.16;;ALTO;ALTO;MEDIO;0.174;0.3734;0.4526;RandomForest
758;Gareth Bale;541;Delantero;2018;2019;1793;7.065516999999999;72.19;68.72;MEDIO;MEDIO;MEDIO;MEDIO;0.206;0.5001;0.2939;RandomForest
759;Karim Benzema;541;Delantero;2018;2019;2963;7.35;78.95;78.77;ALTO;ALTO;ALTO;ALTO;0.0163;0.0625;0.9212;RandomForest
760;Mariano Díaz;541;Delantero;2018;2019;438;6.85;48.37;48.63;;BAJO;BAJO;MEDIO;0.5215;0.3508;0.1277;RandomForest
761;Cristo González;541;Delantero;2018;2019;44;6.3;11.45;;;BAJO;BAJO;BAJO;0.6267;0.2508;0.1225;RandomForest
762;Vinícius Júnior;541;Delantero;2018;2019;864;6.95625;71.32;59.18;MEDIO;MEDIO;MEDIO;MEDIO;0.2057;0.5852;0.2091;RandomForest
925;Gonçalo Guedes;532;Delantero;2018;2019;1471;6.984;74.6;67.2;MEDIO;MEDIO;MEDIO;MEDIO;0.1876;0.4841;0.3283;RandomForest
931;Ferran Torres;532;Delantero;2018;2019;841;6.817391;59.05;65.86;MEDIO;MEDIO;MEDIO;MEDIO;0.4046;0.4603;0.135;RandomForest
933;Kévin Gameiro;532;Delantero;2018;2019;1604;6.778125000000001;53.09;52.97;BAJO;BAJO;BAJO;BAJO;0.5608;0.3132;0.126;RandomForest
934;Santi Mina;532;Delantero;2018;2019;1859;6.924137;62.34;61.46;MEDIO;MEDIO;MEDIO;MEDIO;0.2524;0.5681;0.1795;RandomForest
935;Rodrigo;532;Delantero;2018;2019;2534;7.0696959999999995;75.94;67.33;MEDIO;MEDIO;ALTO;MEDIO;0.1478;0.52;0.3322;RandomForest
937;Rubén Sobrino;542;Delantero;2018;2019;1154;6.594999999999999;35.18;49.5;;BAJO;MEDIO;MEDIO;0.4643;0.4349;0.1008;RandomForest
1583;Sergio León;543;Delantero;2018;2019;633;6.4625;25.71;28.06;BAJO;BAJO;BAJO;BAJO;0.6803;0.2316;0.088;RandomForest
1584;Loren Morón;543;Delantero;2018;2019;1958;6.74375;50.46;64.74;MEDIO;MEDIO;MEDIO;MEDIO;0.377;0.5064;0.1167;RandomForest
1585;Jesé Rodríguez;543;Delantero;2018;2019;781;6.585714;40.1;;;BAJO;BAJO;BAJO;0.6098;0.2837;0.1065;RandomForest
1586;Cristian Tello;543;Delantero;2018;2019;1559;7.0;72.09;43.48;BAJO;ALTO;ALTO;ALTO;0.2688;0.3255;0.4058;RandomForest
1696;Samuel Chukwueze;533;Delantero;2018;2019;1709;6.723076;62.04;63.93;MEDIO;MEDIO;MEDIO;MEDIO;0.2341;0.5771;0.1888;RandomForest
1706;Carlos Bacca;533;Delantero;2018;2019;1260;6.715625;48.77;39.74;BAJO;BAJO;BAJO;BAJO;0.6066;0.2932;0.1002;RandomForest
1707;Gerard Moreno;533;Delantero;2018;2019;2315;6.961764;71.59;79.78;ALTO;ALTO;ALTO;ALTO;0.1748;0.377;0.4483;RandomForest
1708;Dani Raba;533;Delantero;2018;2019;186;6.64;34.67;;;BAJO;BAJO;MEDIO;0.4866;0.3279;0.1854;RandomForest
1709;Karl Toko Ekambi;533;Delantero;2018;2019;2147;6.879411;66.42;55.63;MEDIO;MEDIO;MEDIO;MEDIO;0.2489;0.5626;0.1884;RandomForest
2057;Franco Vázquez;536;Delantero;2018;2019;2285;6.758823;67.82;55.94;MEDIO;MEDIO;ALTO;MEDIO;0.1919;0.4417;0.3664;RandomForest
2058;Nolito;536;Delantero;2018;2019;74;6.4;18.16;67.45;MEDIO;BAJO;BAJO;BAJO;0.6253;0.2753;0.0994;RandomForest
2059;Wissam Ben Yedder;536;Delantero;2018;2019;2818;7.174285000000001;77.65;;;ALTO;ALTO;ALTO;0.0732;0.1753;0.7515;RandomForest
2060;Munir El Haddadi;536;Delantero;2018;2019;1191;6.783333;54.23;78.9;ALTO;BAJO;BAJO;BAJO;0.5005;0.2727;0.2267;RandomForest
2061;Bryan Gil;536;Delantero;2018;2019;156;6.6;38.26;42.78;BAJO;BAJO;BAJO;BAJO;0.6012;0.2739;0.1249;RandomForest
2063;André Silva;536;Delantero;2018;2019;2164;6.94074;65.48;;;MEDIO;MEDIO;MEDIO;0.2771;0.4526;0.2703;RandomForest
2493;Luis Muriel;536;Delantero;2018;2019;119;6.65;35.27;;;BAJO;BAJO;BAJO;0.5414;0.2745;0.184;RandomForest
2520;Hernán Pérez;540;Delantero;2018;2019;798;6.716665999999999;53.98;;;BAJO;BAJO;BAJO;0.4625;0.4032;0.1343;RandomForest
2522;Antonio Sanabria;543;Delantero;2018;2019;808;6.599999999999999;38.61;;;BAJO;BAJO;MEDIO;0.636;0.2609;0.103;RandomForest
2615;Maximiliano Gómez;538;Delantero;2018;2019;2963;6.985714;69.84;68.78;MEDIO;MEDIO;MEDIO;MEDIO;0.1366;0.5021;0.3613;RandomForest
2617;Cristhian Stuani;547;Delantero;2018;2019;2731;7.18125;72.91;;;ALTO;ALTO;ALTO;0.1421;0.3821;0.4758;RandomForest
2671;Jaime Mata;546;Delantero;2018;2019;2436;6.991175999999999;71.42;69.84;ALTO;ALTO;ALTO;ALTO;0.179;0.3387;0.4823;RandomForest
2672;Iker Muniain;531;Delantero;2018;2019;2386;6.870588;72.78;78.8;ALTO;ALTO;ALTO;ALTO;0.1654;0.2659;0.5687;RandomForest
2710;Sofiane Boufal;538;Delantero;2018;2019;2098;6.78;69.39;;;MEDIO;ALTO;ALTO;0.2157;0.4028;0.3815;RandomForest
2737;Martin Braithwaite;537;Delantero;2018;2019;1407;6.768421000000001;57.35;47.43;BAJO;BAJO;BAJO;BAJO;0.5471;0.3487;0.1042;RandomForest
2781;Moses Simon;539;Delantero;2018;2019;779;6.588888000000001;42.69;;;BAJO;BAJO;ALTO;0.5384;0.3259;0.1357;RandomForest
2927;Michy Batshuayi;532;Delantero;2018;2019;519;6.48;32.65;;;BAJO;BAJO;BAJO;0.609;0.2834;0.1076;RandomForest
3429;Emmanuel Boateng;539;Delantero;2018;2019;695;6.66;40.12;;;BAJO;BAJO;MEDIO;0.6352;0.271;0.0938;RandomForest
13062;Léo Baptistão;540;Delantero;2018;2019;1236;6.785;64.65;;;MEDIO;MEDIO;MEDIO;0.3055;0.4969;0.1976;RandomForest
30490;Nicola Sansone;533;Delantero;2018;2019;34;6.7;31.88;;;BAJO;BAJO;BAJO;0.5825;0.2609;0.1566;RandomForest
31626;Samuele Longo;726;Delantero;2018;2019;551;6.553333;34.4;;;BAJO;BAJO;BAJO;0.6115;0.281;0.1075;RandomForest
37892;Dennis Eckert;538;Delantero;2018;2019;208;6.471428000000001;26.91;;;BAJO;BAJO;MEDIO;0.6084;0.2666;0.125;RandomForest
46694;Daniel Ojeda;537;Delantero;2018;2019;192;6.599999999999999;28.35;;;BAJO;BAJO;MEDIO;0.6082;0.2505;0.1414;RandomForest
46898;Álex Alegría;728;Delantero;2018;2019;131;6.5375;29.98;15.4;;BAJO;BAJO;BAJO;0.5757;0.286;0.1383;RandomForest
47264;Hugo Duro;546;Delantero;2018;2019;415;6.736363;44.48;44.48;;BAJO;BAJO;MEDIO;0.5929;0.2841;0.123;RandomForest
47265;Jorge Molina;546;Delantero;2018;2019;2650;7.105405;75.78;63.68;MEDIO;MEDIO;MEDIO;MEDIO;0.1418;0.5505;0.3077;RandomForest
47266;Ángel Rodríguez;546;Delantero;2018;2019;1819;6.785714;52.99;62.22;MEDIO;MEDIO;MEDIO;MEDIO;0.3357;0.5562;0.1081;RandomForest
47289;Markel Susaeta;531;Delantero;2018;2019;1380;6.772727;57.1;;;MEDIO;MEDIO;BAJO;0.2794;0.3765;0.3441;RandomForest
47290;Aritz Aduriz;531;Delantero;2018;2019;941;6.610526;37.91;32.13;;BAJO;BAJO;BAJO;0.5945;0.3219;0.0836;RandomForest
47291;Gorka Guruzeta;531;Delantero;2018;2019;44;6.320000000000001;14.84;;;BAJO;BAJO;BAJO;0.6135;0.2633;0.1232;RandomForest
47292;Kenan Kodro;531;Delantero;2018;2019;149;6.511111;26.49;34.5;;BAJO;BAJO;BAJO;0.6119;0.2443;0.1438;RandomForest
47294;Iñaki Williams;531;Delantero;2018;2019;3040;6.971052;74.19;62.3;MEDIO;MEDIO;MEDIO;MEDIO;0.1526;0.5648;0.2825;RandomForest
47317;Ander Barrenetxea;548;Delantero;2018;2019;399;6.644444;48.88;48.05;;BAJO;BAJO;BAJO;0.5214;0.3293;0.1493;RandomForest
47318;Jon Bautista;548;Delantero;2018;2019;585;6.706666;46.11;;;BAJO;BAJO;MEDIO;0.6006;0.3019;0.0975;RandomForest
47319;Willian José;548;Delantero;2018;2019;2374;7.025806;70.58;54.04;MEDIO;MEDIO;MEDIO;MEDIO;0.1828;0.5273;0.29;RandomForest
47320;Juanmi;548;Delantero;2018;2019;1520;6.725;55.38;29.98;;MEDIO;MEDIO;MEDIO;0.3735;0.487;0.1396;RandomForest
47323;Mikel Oyarzabal;548;Delantero;2018;2019;3160;6.862162;70.06;83.33;ALTO;ALTO;ALTO;ALTO;0.179;0.35;0.4709;RandomForest
47324;Sandro Ramírez;548;Delantero;2018;2019;1048;6.720833;52.35;59.79;MEDIO;MEDIO;MEDIO;MEDIO;0.3806;0.4886;0.1308;RandomForest
47346;Facundo Ferreyra;540;Delantero;2018;2019;203;6.583333;26.82;36.62;BAJO;BAJO;BAJO;BAJO;0.6846;0.2101;0.1053;RandomForest
47347;Sergio García;540;Delantero;2018;2019;1484;6.8370370000000005;60.0;;;MEDIO;MEDIO;BAJO;0.4141;0.4442;0.1417;RandomForest
47348;Borja Iglesias;540;Delantero;2018;2019;3082;7.0;72.12;46.77;BAJO;ALTO;ALTO;BAJO;0.2998;0.343;0.3572;RandomForest
47349;Javi Puado;540;Delantero;2018;2019;348;6.592857;32.88;;;BAJO;BAJO;MEDIO;0.5681;0.3066;0.1253;RandomForest
47368;Jonathan Calleri;542;Delantero;2018;2019;2878;7.067647;78.83;64.04;MEDIO;MEDIO;ALTO;MEDIO;0.0776;0.5523;0.3701;RandomForest
47370;Borja Bastón;542;Delantero;2018;2019;1445;6.5680000000000005;37.22;;;BAJO;BAJO;BAJO;0.5402;0.3761;0.0836;RandomForest
47371;John Guidetti;542;Delantero;2018;2019;620;6.6;32.51;21.1;;BAJO;BAJO;BAJO;0.5827;0.311;0.1063;RandomForest
47373;Diego Rolán;542;Delantero;2018;2019;508;6.6875;39.89;;;BAJO;BAJO;MEDIO;0.5869;0.3109;0.1022;RandomForest
47374;Patrick Twumasi;542;Delantero;2018;2019;159;6.47;24.19;;;BAJO;BAJO;BAJO;0.6079;0.2423;0.1497;RandomForest
47390;Fabián Orellana;545;Delantero;2018;2019;2738;6.646875;64.48;65.45;MEDIO;MEDIO;ALTO;MEDIO;0.178;0.4953;0.3267;RandomForest
47393;Marc Cardona;545;Delantero;2018;2019;597;6.5625;37.26;43.29;BAJO;BAJO;BAJO;BAJO;0.6411;0.2753;0.0837;RandomForest
47394;Charles Días;545;Delantero;2018;2019;1734;6.972727;60.33;43.07;BAJO;MEDIO;MEDIO;BAJO;0.3866;0.4461;0.1672;RandomForest
47395;Sergi Enrich;545;Delantero;2018;2019;2592;6.894285;67.66;50.33;BAJO;BAJO;MEDIO;BAJO;0.3357;0.3316;0.3327;RandomForest
47396;Kike García;545;Delantero;2018;2019;1295;6.6758619999999995;46.28;59.5;MEDIO;MEDIO;MEDIO;MEDIO;0.3878;0.4946;0.1177;RandomForest
47417;Alexander Szymanowski;537;Delantero;2018;2019;9;6.3;9.64;;;BAJO;BAJO;BAJO;0.5878;0.2858;0.1264;RandomForest
47419;José Manuel Arnáiz;537;Delantero;2018;2019;107;6.483333;20.89;44.1;BAJO;BAJO;BAJO;BAJO;0.6817;0.2102;0.1081;RandomForest
47421;Guido Carrillo;537;Delantero;2018;2019;1995;6.996774;72.73;48.43;BAJO;ALTO;ALTO;BAJO;0.2782;0.35;0.3718;RandomForest
47422;Youssef En-Nesyri;537;Delantero;2018;2019;2106;6.851612;64.88;53.71;MEDIO;MEDIO;MEDIO;BAJO;0.2308;0.5033;0.2659;RandomForest
47423;Sabin Merino;537;Delantero;2018;2019;287;6.61;34.23;18.66;;BAJO;BAJO;MEDIO;0.6348;0.2647;0.1005;RandomForest
47424;Michael Santos;537;Delantero;2018;2019;551;6.62;40.24;;;BAJO;BAJO;BAJO;0.565;0.3227;0.1123;RandomForest
47444;Emmanuel Apeh;538;Delantero;2018;2019;12;6.25;8.67;;;BAJO;BAJO;BAJO;0.5655;0.2869;0.1476;RandomForest
47445;Iago Aspas;538;Delantero;2018;2019;2262;7.640739999999999;80.25;80.79;ALTO;ALTO;ALTO;ALTO;0.0253;0.0964;0.8783;RandomForest
47446;Emre Mor;538;Delantero;2018;2019;367;6.555555;38.5;;;BAJO;BAJO;MEDIO;0.5776;0.294;0.1284;RandomForest
47447;Pione Sisto;538;Delantero;2018;2019;834;6.72;53.48;69.37;ALTO;MEDIO;MEDIO;ALTO;0.3501;0.3932;0.2567;RandomForest
47467;José Luis Morales;539;Delantero;2018;2019;3196;6.829729000000001;68.16;46.91;BAJO;MEDIO;ALTO;BAJO;0.3007;0.4101;0.2892;RandomForest
47470;Raphael Dwamena;539;Delantero;2018;2019;211;6.530000000000001;26.93;;;BAJO;BAJO;BAJO;0.6058;0.2615;0.1327;RandomForest
47471;Roger Martí;539;Delantero;2018;2019;1894;6.803225;53.17;61.8;MEDIO;MEDIO;MEDIO;MEDIO;0.3182;0.5568;0.125;RandomForest
47472;Borja Mayoral;539;Delantero;2018;2019;1614;6.696428;51.54;64.69;MEDIO;MEDIO;MEDIO;MEDIO;0.2418;0.5479;0.2102;RandomForest
47488;Keko;720;Delantero;2018;2019;1544;6.632;51.46;;;BAJO;BAJO;MEDIO;0.4834;0.4172;0.0993;RandomForest
47492;Toni Villa;720;Delantero;2018;2019;1774;6.688461;64.33;40.17;BAJO;MEDIO;MEDIO;BAJO;0.3321;0.402;0.266;RandomForest
47493;Duje Čop;720;Delantero;2018;2019;678;6.511764000000001;29.77;;;BAJO;BAJO;BAJO;0.6004;0.3048;0.0948;RandomForest
47494;Miguel de la Fuente;720;Delantero;2018;2019;10;7.0;43.32;33.05;;BAJO;BAJO;BAJO;0.5675;0.3009;0.1316;RandomForest
47495;Sergi Guardiola;720;Delantero;2018;2019;1543;6.5;32.96;61.37;MEDIO;BAJO;BAJO;BAJO;0.6285;0.2534;0.1181;RandomForest
47496;Óscar Plano;720;Delantero;2018;2019;2697;6.784848;69.68;66.92;MEDIO;MEDIO;ALTO;MEDIO;0.2141;0.4486;0.3373;RandomForest
47497;Stiven Plaza;720;Delantero;2018;2019;36;6.45;12.78;;;BAJO;BAJO;BAJO;0.6689;0.2244;0.1068;RandomForest
47498;Waldo Rubio Marin;720;Delantero;2018;2019;493;6.7625;48.35;42.48;BAJO;BAJO;BAJO;BAJO;0.5707;0.2939;0.1353;RandomForest
47499;Enes Ünal;720;Delantero;2018;2019;2152;6.74375;57.55;73.58;ALTO;MEDIO;MEDIO;ALTO;0.3134;0.3767;0.31;RandomForest
47500;Daniele Verde;720;Delantero;2018;2019;642;6.640909;43.16;;;BAJO;BAJO;MEDIO;0.5786;0.314;0.1074;RandomForest
47520;Portu;547;Delantero;2018;2019;2833;6.791176;63.59;65.37;MEDIO;MEDIO;MEDIO;MEDIO;0.2562;0.5076;0.2362;RandomForest
47523;Kévin Soni;547;Delantero;2018;2019;79;6.34;22.13;11.0;;BAJO;BAJO;MEDIO;0.6232;0.2495;0.1273;RandomForest
47524;Seydou Doumbia;547;Delantero;2018;2019;535;6.6;38.0;;;BAJO;BAJO;MEDIO;0.6273;0.2544;0.1183;RandomForest
47525;Anthony Lozano;547;Delantero;2018;2019;724;6.465;29.1;;;BAJO;BAJO;BAJO;0.7034;0.2219;0.0748;RandomForest
47551;Raúl de Tomás;728;Delantero;2018;2019;2820;6.954545;67.79;77.66;ALTO;ALTO;MEDIO;BAJO;0.2424;0.3713;0.3863;RandomForest
47552;Franco di Santo;728;Delantero;2018;2019;169;6.516666;18.48;;;BAJO;BAJO;BAJO;0.6554;0.2183;0.1262;RandomForest
47553;Bebé;728;Delantero;2018;2019;1357;6.6000000000000005;36.55;;;BAJO;BAJO;BAJO;0.6217;0.2541;0.1242;RandomForest
47554;Adrián Embarba;728;Delantero;2018;2019;2291;6.911111;72.43;84.64;ALTO;ALTO;ALTO;ALTO;0.1414;0.3542;0.5044;RandomForest
47555;Javi Guerra;728;Delantero;2018;2019;229;6.6875;38.37;;;BAJO;BAJO;MEDIO;0.5294;0.3179;0.1527;RandomForest
47556;Sergio Moreno;728;Delantero;2018;2019;13;6.299999999999999;12.01;;;BAJO;BAJO;MEDIO;0.6037;0.2648;0.1315;RandomForest
47579;Chimy Ávila;726;Delantero;2018;2019;1995;6.917647;65.33;72.7;ALTO;MEDIO;MEDIO;BAJO;0.2545;0.4099;0.3356;RandomForest
47580;Álex Gallar;726;Delantero;2018;2019;1002;6.795652;59.81;;;MEDIO;MEDIO;ALTO;0.3719;0.4168;0.2113;RandomForest
47581;Enric Gallego;726;Delantero;2018;2019;1541;6.926315;71.19;36.17;BAJO;MEDIO;MEDIO;ALTO;0.3047;0.4322;0.2631;RandomForest
47582;Cucho Hernández;726;Delantero;2018;2019;2155;6.855882;67.35;70.13;ALTO;MEDIO;MEDIO;ALTO;0.228;0.4225;0.3496;RandomForest
67955;Carles Pérez;529;Delantero;2018;2019;17;6.7;25.48;50.25;BAJO;BAJO;BAJO;BAJO;0.6246;0.258;0.1174;RandomForest
104792;Chris Ramos;720;Delantero;2018;2019;64;6.3;12.26;;;BAJO;BAJO;BAJO;0.6632;0.2317;0.1052;RandomForest
104793;Amath Ndiaye;546;Delantero;2018;2019;1011;6.4;45.32;19.41;;BAJO;BAJO;BAJO;0.5043;0.3672;0.1286;RandomForest
44;Rodrigo;530;Mediocentro;2018;2019;2742;7.185294;85.08;;;ALTO;ALTO;ALTO;0.0555;0.1309;0.8136;RandomForest
45;Thomas Lemar;530;Mediocentro;2018;2019;1825;6.832258;69.71;44.11;BAJO;MEDIO;MEDIO;ALTO;0.2872;0.4138;0.299;RandomForest
46;Vitolo;530;Mediocentro;2018;2019;742;6.642104999999999;48.96;66.63;MEDIO;BAJO;BAJO;MEDIO;0.449;0.4483;0.1026;RandomForest
47;Toni Moya;530;Mediocentro;2018;2019;90;6.9;36.05;9.71;;BAJO;BAJO;BAJO;0.5615;0.2855;0.153;RandomForest
48;Saúl Ñíguez;530;Mediocentro;2018;2019;2924;6.966666000000001;79.79;76.82;ALTO;ALTO;ALTO;ALTO;0.0794;0.2291;0.6914;RandomForest
49;Thomas Partey;530;Mediocentro;2018;2019;2066;7.0125;80.43;85.31;ALTO;ALTO;ALTO;ALTO;0.1006;0.2622;0.6372;RandomForest
50;Koke;530;Mediocentro;2018;2019;2588;7.1566659999999995;81.09;83.49;ALTO;ALTO;ALTO;ALTO;0.0206;0.0895;0.8899;RandomForest
118;Gelson Martins;530;Mediocentro;2018;2019;223;6.5875;31.24;;;BAJO;BAJO;MEDIO;0.5989;0.2648;0.1363;RandomForest
137;Sergi Roberto;529;Mediocentro;2018;2019;2087;6.946428;68.13;76.19;ALTO;ALTO;ALTO;ALTO;0.075;0.2322;0.6928;RandomForest
142;Rafinha Alcântara;529;Mediocentro;2018;2019;224;6.825;41.72;73.19;MEDIO;BAJO;BAJO;MEDIO;0.4471;0.3694;0.1835;RandomForest
143;Carles Aleñá;529;Mediocentro;2018;2019;631;6.735713999999999;54.66;34.3;BAJO;BAJO;MEDIO;ALTO;0.4639;0.3321;0.204;RandomForest
144;Sergio Busquets;529;Mediocentro;2018;2019;2720;7.005713999999999;71.88;85.14;ALTO;ALTO;ALTO;ALTO;0.0784;0.2866;0.635;RandomForest
146;Alex Collado;529;Mediocentro;2018;2019;84;6.299999999999999;10.3;27.85;;BAJO;BAJO;BAJO;0.6635;0.2205;0.1159;RandomForest
147;Philippe Coutinho;529;Mediocentro;2018;2019;2020;6.978787;74.12;;;ALTO;ALTO;MEDIO;0.1495;0.3433;0.5071;RandomForest
148;Riqui Puig;529;Mediocentro;2018;2019;157;6.7;30.39;75.65;ALTO;BAJO;BAJO;BAJO;0.5334;0.2597;0.2069;RandomForest
149;Ivan Rakitić;529;Mediocentro;2018;2019;2643;7.105882;80.05;69.36;MEDIO;ALTO;ALTO;MEDIO;0.0665;0.3104;0.6231;RandomForest
150;Arthur;529;Mediocentro;2018;2019;1441;6.844444;59.81;70.88;MEDIO;MEDIO;MEDIO;MEDIO;0.2657;0.5163;0.218;RandomForest
151;Arturo Vidal;529;Mediocentro;2018;2019;1928;7.042424;74.6;74.16;ALTO;ALTO;ALTO;ALTO;0.1027;0.2897;0.6076;RandomForest
152;Kevin-Prince Boateng;529;Mediocentro;2018;2019;240;6.633333000000001;28.21;;;BAJO;BAJO;BAJO;0.6231;0.2501;0.1268;RandomForest
744;Brahim Díaz;541;Mediocentro;2018;2019;381;6.85;65.23;32.09;;MEDIO;MEDIO;MEDIO;0.3794;0.429;0.1916;RandomForest
745;Isco;541;Mediocentro;2018;2019;1186;6.826923;66.31;78.13;ALTO;ALTO;ALTO;ALTO;0.1953;0.3594;0.4453;RandomForest
747;Casemiro;541;Mediocentro;2018;2019;2315;7.093103;84.08;88.28;ALTO;ALTO;ALTO;ALTO;0.0529;0.1392;0.8079;RandomForest
748;Dani Ceballos;541;Mediocentro;2018;2019;1246;6.93913;71.07;;;ALTO;MEDIO;MEDIO;0.1636;0.3978;0.4386;RandomForest
752;Toni Kroos;541;Mediocentro;2018;2019;2227;7.414285;82.11;85.88;ALTO;ALTO;ALTO;ALTO;0.0204;0.0661;0.9135;RandomForest
753;Marcos Llorente;541;Mediocentro;2018;2019;540;7.042857;63.88;66.62;MEDIO;MEDIO;MEDIO;MEDIO;0.2988;0.4816;0.2196;RandomForest
754;Luka Modrić;541;Mediocentro;2018;2019;2618;7.1;81.93;84.99;ALTO;ALTO;ALTO;ALTO;0.0129;0.0665;0.9206;RandomForest
756;Federico Valverde;541;Mediocentro;2018;2019;650;6.8;57.0;71.02;MEDIO;BAJO;MEDIO;MEDIO;0.4163;0.4128;0.1708;RandomForest
923;Denis Cheryshev;532;Mediocentro;2018;2019;1708;6.822221999999999;64.85;38.85;BAJO;MEDIO;MEDIO;BAJO;0.3795;0.3864;0.2342;RandomForest
924;Francis Coquelin;532;Mediocentro;2018;2019;1766;7.046153;79.07;63.94;MEDIO;MEDIO;ALTO;MEDIO;0.1333;0.4464;0.4203;RandomForest
926;Geoffrey Kondogbia;532;Mediocentro;2018;2019;1244;7.042104999999999;81.12;73.85;ALTO;ALTO;ALTO;ALTO;0.1114;0.3008;0.5877;RandomForest
927;Kang-in Lee;532;Mediocentro;2018;2019;21;6.450000000000001;13.12;44.79;;BAJO;BAJO;BAJO;0.6365;0.2401;0.1234;RandomForest
928;Dani Parejo;532;Mediocentro;2018;2019;3063;7.536111000000001;87.95;87.82;ALTO;ALTO;ALTO;ALTO;0.0074;0.0272;0.9654;RandomForest
930;Carlos Soler;532;Mediocentro;2018;2019;2465;6.770967000000001;63.47;48.0;BAJO;MEDIO;MEDIO;BAJO;0.3529;0.4172;0.2299;RandomForest
932;Daniel Wass;532;Mediocentro;2018;2019;2356;6.875;65.31;55.82;MEDIO;MEDIO;MEDIO;MEDIO;0.308;0.4405;0.2514;RandomForest
1042;Lluis Sastre;726;Mediocentro;2018;2019;117;6.7;31.53;;;BAJO;BAJO;BAJO;0.5933;0.2465;0.1602;RandomForest
1461;Denis Suárez;529;Mediocentro;2018;2019;17;6.75;34.44;61.82;MEDIO;BAJO;BAJO;BAJO;0.5718;0.29;0.1383;RandomForest
1570;Sergio Canales;543;Mediocentro;2018;2019;2658;7.178125;83.38;82.46;ALTO;ALTO;ALTO;ALTO;0.0214;0.0434;0.9351;RandomForest
1571;Javi García;543;Mediocentro;2018;2019;520;6.636363;36.29;27.98;;BAJO;BAJO;BAJO;0.541;0.3258;0.1332;RandomForest
1573;Andrés Guardado;543;Mediocentro;2018;2019;2339;6.732258;57.79;55.5;MEDIO;MEDIO;MEDIO;MEDIO;0.2837;0.4657;0.2507;RandomForest
1576;Wilfrid Kaptoum;543;Mediocentro;2018;2019;776;6.6;48.02;22.59;;BAJO;BAJO;BAJO;0.5449;0.3308;0.1243;RandomForest
1577;Diego Lainez;543;Mediocentro;2018;2019;347;6.6;43.12;41.14;;BAJO;BAJO;MEDIO;0.5388;0.3409;0.1203;RandomForest
1578;Giovani Lo Celso;543;Mediocentro;2018;2019;2400;7.165625;85.08;;;ALTO;ALTO;ALTO;0.0557;0.1803;0.764;RandomForest
1579;Joaquín;543;Mediocentro;2018;2019;1692;7.106896;78.73;78.98;ALTO;ALTO;ALTO;ALTO;0.0765;0.2396;0.6839;RandomForest
1580;William Carvalho;543;Mediocentro;2018;2019;2387;6.913333;70.48;49.17;BAJO;ALTO;ALTO;BAJO;0.3097;0.2929;0.3974;RandomForest
1694;Santiago Cáseres;533;Mediocentro;2018;2019;1589;6.782608;60.27;;;MEDIO;BAJO;MEDIO;0.3603;0.4223;0.2174;RandomForest
1695;Santi Cazorla;533;Mediocentro;2018;2019;2651;7.277142;84.76;85.65;ALTO;ALTO;ALTO;ALTO;0.0084;0.0325;0.9592;RandomForest
1697;Pablo Fornals;533;Mediocentro;2018;2019;2482;6.788570999999999;66.64;;;MEDIO;MEDIO;BAJO;0.2631;0.4666;0.2703;RandomForest
1698;Javi Fuego;533;Mediocentro;2018;2019;234;6.5;20.31;;;BAJO;BAJO;BAJO;0.644;0.2279;0.1281;RandomForest
1699;Vicente Iborra;533;Mediocentro;2018;2019;1667;6.9;71.24;69.41;MEDIO;MEDIO;MEDIO;ALTO;0.2354;0.495;0.2697;RandomForest
1701;Manu Morlanes;533;Mediocentro;2018;2019;611;6.92;64.72;50.03;;MEDIO;MEDIO;MEDIO;0.259;0.428;0.313;RandomForest
1705;Manu Trigueros;533;Mediocentro;2018;2019;1548;6.7375;55.14;70.52;MEDIO;MEDIO;MEDIO;MEDIO;0.3365;0.4685;0.1949;RandomForest
2049;Ibrahim Amadou;536;Mediocentro;2018;2019;755;6.706666;51.87;58.53;MEDIO;BAJO;BAJO;MEDIO;0.5115;0.346;0.1425;RandomForest
2050;Éver Banega;536;Mediocentro;2018;2019;2681;7.09375;84.87;82.6;ALTO;ALTO;ALTO;ALTO;0.0103;0.0588;0.9309;RandomForest
2051;Maxime Gonalons;536;Mediocentro;2018;2019;536;6.577777;40.17;62.46;MEDIO;BAJO;BAJO;MEDIO;0.5427;0.3411;0.1162;RandomForest
2053;Roque Mesa;536;Mediocentro;2018;2019;1744;6.714285;57.58;66.83;MEDIO;MEDIO;MEDIO;MEDIO;0.3687;0.4498;0.1815;RandomForest
2055;Marko Rog;536;Mediocentro;2018;2019;355;6.69;51.8;;;BAJO;MEDIO;MEDIO;0.5041;0.3696;0.1263;RandomForest
2056;Pablo Sarabia;536;Mediocentro;2018;2019;2728;7.284848000000001;78.25;;;ALTO;ALTO;ALTO;0.0201;0.1104;0.8694;RandomForest
2062;Quincy Promes;536;Mediocentro;2018;2019;1569;6.87;65.66;;;MEDIO;MEDIO;ALTO;0.3362;0.4354;0.2284;RandomForest
2446;Juanpi Añor;726;Mediocentro;2018;2019;672;6.685714;50.25;;;BAJO;BAJO;MEDIO;0.5321;0.3475;0.1203;RandomForest
2449;Yangel Herrera;726;Mediocentro;2018;2019;1158;6.59375;48.03;73.2;MEDIO;MEDIO;MEDIO;MEDIO;0.3085;0.522;0.1695;RandomForest
2600;Takashi Inui;542;Mediocentro;2018;2019;1211;6.725;50.58;49.62;BAJO;BAJO;BAJO;BAJO;0.4919;0.3744;0.1338;RandomForest
2604;Gaku Shibasaki;546;Mediocentro;2018;2019;390;6.557142;28.19;;;BAJO;BAJO;BAJO;0.556;0.3081;0.1359;RandomForest
2717;Anuar;720;Mediocentro;2018;2019;1080;6.623529;43.07;27.26;;BAJO;BAJO;MEDIO;0.5506;0.3442;0.1052;RandomForest
2824;Nemanja Maksimović;546;Mediocentro;2018;2019;3211;6.744444;57.21;62.93;MEDIO;MEDIO;MEDIO;MEDIO;0.2238;0.5833;0.1929;RandomForest
2909;Seung-Ho Paik;547;Mediocentro;2018;2019;57;6.2;13.11;;;BAJO;BAJO;BAJO;0.6567;0.2291;0.1143;RandomForest
2924;Adnan Januzaj;548;Mediocentro;2018;2019;1252;6.904999999999999;73.26;69.16;MEDIO;MEDIO;MEDIO;MEDIO;0.1397;0.49;0.3703;RandomForest
3365;Hacen;720;Mediocentro;2018;2019;2;6.7;25.89;;;BAJO;BAJO;BAJO;0.5996;0.2675;0.1329;RandomForest
3426;Mubarak Wakaso;542;Mediocentro;2018;2019;1664;6.7275860000000005;55.67;57.52;MEDIO;BAJO;BAJO;MEDIO;0.4392;0.4214;0.1393;RandomForest
22259;Sanjin Prcić;539;Mediocentro;2018;2019;533;6.83;58.73;;;BAJO;MEDIO;MEDIO;0.4623;0.3943;0.1434;RandomForest
46659;Robert Ibáñez;546;Mediocentro;2018;2019;69;6.56;26.13;36.9;BAJO;BAJO;BAJO;MEDIO;0.66;0.2325;0.1075;RandomForest
46720;Daniel Torres;542;Mediocentro;2018;2019;71;6.3;12.38;;;BAJO;BAJO;BAJO;0.6431;0.2493;0.1076;RandomForest
46744;Leonardo Suárez;720;Mediocentro;2018;2019;518;6.636363;38.97;;;BAJO;BAJO;ALTO;0.599;0.2846;0.1164;RandomForest
46824;Iván Alejo;546;Mediocentro;2018;2019;147;5.5;13.67;;;BAJO;BAJO;BAJO;0.6489;0.2088;0.1422;RandomForest
46892;Ivi;720;Mediocentro;2018;2019;17;6.233333;10.93;;;BAJO;BAJO;BAJO;0.5854;0.2529;0.1617;RandomForest
47010;David Timor;547;Mediocentro;2018;2019;164;6.800000000000001;35.14;51.95;BAJO;BAJO;BAJO;BAJO;0.5831;0.2515;0.1654;RandomForest
47258;Mauro Arambarri;546;Mediocentro;2018;2019;2687;6.693939;60.14;69.41;MEDIO;MEDIO;BAJO;MEDIO;0.3237;0.4426;0.2337;RandomForest
47259;Markel Bergara;546;Mediocentro;2018;2019;50;6.5;15.32;16.48;;BAJO;BAJO;BAJO;0.6295;0.2598;0.1106;RandomForest
47260;Sebastián Cristóforo;546;Mediocentro;2018;2019;441;6.6;36.97;55.33;MEDIO;BAJO;BAJO;BAJO;0.4956;0.392;0.1124;RandomForest
47261;Mathieu Flamini;546;Mediocentro;2018;2019;449;6.444444;22.83;;;BAJO;BAJO;MEDIO;0.6442;0.2488;0.107;RandomForest
47262;Francisco Portillo;546;Mediocentro;2018;2019;1991;6.565625;44.38;44.52;;BAJO;BAJO;BAJO;0.4765;0.3795;0.144;RandomForest
47263;Samu Sáiz;546;Mediocentro;2018;2019;299;6.6;41.48;;;BAJO;BAJO;BAJO;0.5358;0.3295;0.1347;RandomForest
47279;Iñigo Cordoba;531;Mediocentro;2018;2019;1324;6.643478;55.15;51.78;BAJO;BAJO;BAJO;BAJO;0.4434;0.3802;0.1763;RandomForest
47280;Beñat Etxebarria;531;Mediocentro;2018;2019;2044;6.881481;63.03;42.89;;MEDIO;MEDIO;MEDIO;0.2457;0.4696;0.2847;RandomForest
47281;Dani García;531;Mediocentro;2018;2019;2482;6.727586;51.0;52.3;BAJO;BAJO;MEDIO;BAJO;0.4756;0.3675;0.1569;RandomForest
47282;Raúl García;531;Mediocentro;2018;2019;2376;6.927272;73.36;72.68;MEDIO;MEDIO;ALTO;MEDIO;0.1581;0.4467;0.3952;RandomForest
47283;Ibai Gómez;542;Mediocentro;2018;2019;2034;6.76923;55.02;53.81;BAJO;BAJO;BAJO;BAJO;0.535;0.2966;0.1684;RandomForest
47284;Ander Iturraspe;531;Mediocentro;2018;2019;97;6.533333;21.43;19.12;;BAJO;BAJO;BAJO;0.6258;0.2344;0.1398;RandomForest
47285;Unai López;531;Mediocentro;2018;2019;326;6.616666;37.16;73.0;MEDIO;BAJO;BAJO;ALTO;0.4814;0.3736;0.145;RandomForest
47286;Peru Nolaskoain Esnal;531;Mediocentro;2018;2019;464;6.871428;58.96;;;BAJO;BAJO;ALTO;0.4534;0.3636;0.183;RandomForest
47288;Mikel San José;531;Mediocentro;2018;2019;1717;6.60909;39.5;37.44;;BAJO;BAJO;BAJO;0.5193;0.3677;0.1131;RandomForest
47306;Álex Sola;548;Mediocentro;2018;2019;90;7.3;51.84;;;BAJO;BAJO;ALTO;0.5211;0.2645;0.2143;RandomForest
47309;Ander Guevara;548;Mediocentro;2018;2019;90;7.0;42.29;43.55;BAJO;BAJO;BAJO;BAJO;0.5964;0.2651;0.1385;RandomForest
47310;Asier Illarramendi;548;Mediocentro;2018;2019;1822;6.926086;69.74;42.34;;ALTO;MEDIO;MEDIO;0.2078;0.3475;0.4447;RandomForest
47311;Mikel Merino;548;Mediocentro;2018;2019;2060;6.75862;67.37;85.74;ALTO;ALTO;MEDIO;BAJO;0.2244;0.3186;0.457;RandomForest
47312;Rubén Pardo;548;Mediocentro;2018;2019;1373;6.975;65.28;;;MEDIO;MEDIO;MEDIO;0.1919;0.4603;0.3478;RandomForest
47313;Luca Sangalli;548;Mediocentro;2018;2019;1000;6.664705;52.61;49.72;;MEDIO;BAJO;MEDIO;0.4015;0.424;0.1746;RandomForest
47315;Martín Zubimendi;548;Mediocentro;2018;2019;6;6.900000000000001;34.49;60.29;MEDIO;BAJO;BAJO;MEDIO;0.5683;0.3057;0.126;RandomForest
47316;David Zurutuza;548;Mediocentro;2018;2019;1222;6.719046999999999;56.18;21.45;;MEDIO;MEDIO;MEDIO;0.402;0.44;0.158;RandomForest
47321;Roberto López;548;Mediocentro;2018;2019;28;6.2;9.61;47.61;;BAJO;BAJO;BAJO;0.6136;0.2579;0.1285;RandomForest
47322;Martín Merquelanz;548;Mediocentro;2018;2019;5;0.0;7.73;;;BAJO;ALTO;BAJO;0.5572;0.2792;0.1636;RandomForest
47336;Sergi Darder;540;Mediocentro;2018;2019;2718;6.936363;72.53;56.13;MEDIO;MEDIO;MEDIO;MEDIO;0.1576;0.4249;0.4174;RandomForest
47337;Esteban Granero;540;Mediocentro;2018;2019;2020;6.966666;78.3;52.1;BAJO;ALTO;MEDIO;BAJO;0.2841;0.2901;0.4258;RandomForest
47338;Alejandro López;540;Mediocentro;2018;2019;109;6.575000000000001;22.3;;;BAJO;BAJO;BAJO;0.6138;0.2413;0.145;RandomForest
47339;Óscar Melendo;540;Mediocentro;2018;2019;2003;6.83125;62.46;42.05;BAJO;BAJO;BAJO;BAJO;0.391;0.3776;0.2314;RandomForest
47340;Pablo Piatti;540;Mediocentro;2018;2019;732;6.745;55.32;29.25;;BAJO;BAJO;MEDIO;0.5008;0.3854;0.1138;RandomForest
47341;Marc Roca;540;Mediocentro;2018;2019;3116;6.982857;76.83;66.18;MEDIO;ALTO;ALTO;MEDIO;0.1184;0.3882;0.4934;RandomForest
47342;Víctor Sánchez;540;Mediocentro;2018;2019;1258;6.473913;38.27;59.97;MEDIO;BAJO;BAJO;MEDIO;0.4894;0.3993;0.1113;RandomForest
47343;Alfa Semedo;540;Mediocentro;2018;2019;42;6.3666659999999995;16.04;;;BAJO;BAJO;BAJO;0.6475;0.24;0.1125;RandomForest
47361;Darko Brašanac;542;Mediocentro;2018;2019;1580;6.582608;40.08;50.21;BAJO;BAJO;BAJO;BAJO;0.5903;0.2827;0.127;RandomForest
47362;Burgui;542;Mediocentro;2018;2019;548;6.65625;43.8;12.17;;BAJO;BAJO;ALTO;0.5424;0.3369;0.1207;RandomForest
47363;Manu García;542;Mediocentro;2018;2019;2325;6.7;58.0;37.05;BAJO;BAJO;BAJO;BAJO;0.4585;0.367;0.1745;RandomForest
47365;Tomás Pina;542;Mediocentro;2018;2019;2343;6.842857;69.78;63.15;MEDIO;MEDIO;MEDIO;MEDIO;0.2708;0.4944;0.2348;RandomForest
47366;Jony;542;Mediocentro;2018;2019;2985;7.022222;74.89;;;ALTO;ALTO;MEDIO;0.0766;0.2958;0.6276;RandomForest
47367;Álex Blanco;542;Mediocentro;2018;2019;14;6.5;15.25;;;BAJO;BAJO;BAJO;0.6545;0.2385;0.107;RandomForest
47385;Sergio Álvarez;545;Mediocentro;2018;2019;1065;6.772222;48.73;41.25;BAJO;BAJO;BAJO;BAJO;0.5931;0.29;0.1169;RandomForest
47386;Pablo De Blasis;545;Mediocentro;2018;2019;1515;6.623809;47.49;54.14;MEDIO;BAJO;MEDIO;MEDIO;0.4397;0.4312;0.1292;RandomForest
47387;Papakouli Diop;545;Mediocentro;2018;2019;2356;6.862962;70.37;52.96;BAJO;MEDIO;MEDIO;ALTO;0.4003;0.4078;0.1919;RandomForest
47388;Gonzalo Escalante;545;Mediocentro;2018;2019;1782;6.684375;55.81;49.0;BAJO;BAJO;BAJO;BAJO;0.4651;0.3858;0.149;RandomForest
47389;Joan Jordán;545;Mediocentro;2018;2019;2878;7.222222;85.89;82.58;ALTO;ALTO;ALTO;ALTO;0.0118;0.0328;0.9554;RandomForest
47392;Pedro León;545;Mediocentro;2018;2019;425;6.655555;39.77;68.28;MEDIO;BAJO;BAJO;MEDIO;0.5143;0.3486;0.1371;RandomForest
47397;Miguel Marí;545;Mediocentro;2018;2019;67;6.45;13.77;13.61;;BAJO;BAJO;BAJO;0.6785;0.2054;0.1161;RandomForest
47398;Pere Milla;545;Mediocentro;2018;2019;344;6.379999999999999;21.67;;;BAJO;BAJO;BAJO;0.6236;0.252;0.1244;RandomForest
47411;Nabil El Zhar;537;Mediocentro;2018;2019;954;6.665384;47.81;;;BAJO;BAJO;MEDIO;0.5295;0.343;0.1275;RandomForest
47412;Javier Eraso;537;Mediocentro;2018;2019;635;6.55;33.42;31.73;BAJO;BAJO;BAJO;BAJO;0.6189;0.2726;0.1084;RandomForest
47413;Recio;537;Mediocentro;2018;2019;1287;6.699999999999999;56.17;53.95;BAJO;BAJO;BAJO;BAJO;0.443;0.39;0.167;RandomForest
47414;Gerard Gumbau;537;Mediocentro;2018;2019;1197;6.65625;49.48;;;BAJO;BAJO;MEDIO;0.5407;0.34;0.1193;RandomForest
47415;Rubén Pérez;537;Mediocentro;2018;2019;2472;6.819354;62.49;64.3;MEDIO;MEDIO;MEDIO;MEDIO;0.3235;0.4572;0.2193;RandomForest
47416;Óscar Rodríguez;537;Mediocentro;2018;2019;2515;6.867741;69.8;70.12;MEDIO;MEDIO;MEDIO;MEDIO;0.1875;0.5236;0.2889;RandomForest
47418;Mikel Vesga;537;Mediocentro;2018;2019;2075;6.665384;55.83;49.46;BAJO;BAJO;BAJO;MEDIO;0.453;0.3607;0.1863;RandomForest
47435;Fran Beltrán;538;Mediocentro;2018;2019;1510;6.614814000000001;43.13;50.32;BAJO;BAJO;BAJO;MEDIO;0.5435;0.3185;0.138;RandomForest
47436;Ryad Boudebouz;538;Mediocentro;2018;2019;1260;6.909089999999999;66.44;;;MEDIO;MEDIO;MEDIO;0.2127;0.4096;0.3777;RandomForest
47437;Andrew Hjulsager;538;Mediocentro;2018;2019;348;6.514285;29.03;;;BAJO;BAJO;BAJO;0.5778;0.3086;0.1136;RandomForest
47438;Mathias Jensen;538;Mediocentro;2018;2019;235;6.5;22.71;;;BAJO;BAJO;BAJO;0.6152;0.2474;0.1374;RandomForest
47439;Stanislav Lobotka;538;Mediocentro;2018;2019;2491;6.667741;53.58;52.67;BAJO;BAJO;BAJO;BAJO;0.5232;0.3117;0.1651;RandomForest
47440;Brais Méndez;538;Mediocentro;2018;2019;2353;7.041935;79.03;48.18;BAJO;ALTO;ALTO;BAJO;0.2734;0.2385;0.4882;RandomForest
47442;Jozabed Sánchez;538;Mediocentro;2018;2019;1156;6.661111;43.7;;;BAJO;BAJO;BAJO;0.527;0.3414;0.1316;RandomForest
47443;Okay Yokuşlu;538;Mediocentro;2018;2019;2205;6.95;76.75;67.27;MEDIO;MEDIO;ALTO;MEDIO;0.1346;0.4344;0.431;RandomForest
47461;Enis Bardhi;539;Mediocentro;2018;2019;2839;6.686111000000001;61.7;74.45;ALTO;ALTO;MEDIO;BAJO;0.257;0.3487;0.3943;RandomForest
47462;Cheick Doukouré;539;Mediocentro;2018;2019;314;6.222222;25.25;;;BAJO;BAJO;BAJO;0.6287;0.2599;0.1114;RandomForest
47464;José Campaña;539;Mediocentro;2018;2019;3213;7.077777;82.34;84.13;ALTO;ALTO;ALTO;ALTO;0.021;0.0706;0.9084;RandomForest
47465;Francisco De La Manzanara;539;Mediocentro;2018;2019;154;6.699999999999999;31.32;;;BAJO;BAJO;BAJO;0.606;0.2484;0.1455;RandomForest
47468;Ruben Rochina;539;Mediocentro;2018;2019;1902;6.837037;74.43;76.16;ALTO;ALTO;ALTO;ALTO;0.1587;0.337;0.5042;RandomForest
47469;Nikola Vukčević;539;Mediocentro;2018;2019;671;6.553333;35.22;49.69;BAJO;BAJO;BAJO;BAJO;0.6607;0.2436;0.0957;RandomForest
47473;Jason;539;Mediocentro;2018;2019;2333;6.64;56.76;79.25;ALTO;MEDIO;MEDIO;ALTO;0.3349;0.3703;0.2948;RandomForest
47485;Rubén Alcaraz;720;Mediocentro;2018;2019;2978;6.955882;79.81;81.49;ALTO;ALTO;ALTO;ALTO;0.0643;0.1589;0.7768;RandomForest
47486;Borja;720;Mediocentro;2018;2019;837;6.582352;33.24;;;BAJO;BAJO;BAJO;0.6517;0.2602;0.0881;RandomForest
47489;Míchel Herrero;720;Mediocentro;2018;2019;2553;6.952941;71.31;64.51;MEDIO;MEDIO;ALTO;MEDIO;0.1217;0.4651;0.4132;RandomForest
47490;Pablo Hervias;545;Mediocentro;2018;2019;341;6.6;27.06;62.42;MEDIO;BAJO;BAJO;BAJO;0.5036;0.3756;0.1208;RandomForest
47515;Borja García;547;Mediocentro;2018;2019;2637;7.066666000000001;82.24;;;ALTO;ALTO;ALTO;0.0809;0.2312;0.6879;RandomForest
47516;Aleix García;547;Mediocentro;2018;2019;1666;6.826666;60.3;;;MEDIO;MEDIO;ALTO;0.3329;0.4315;0.2356;RandomForest
47517;Alex Granell;547;Mediocentro;2018;2019;2391;7.053125;77.01;;;ALTO;MEDIO;MEDIO;0.1078;0.2773;0.6149;RandomForest
47518;Pere Pons;547;Mediocentro;2018;2019;2797;6.585294;52.22;31.13;BAJO;BAJO;BAJO;BAJO;0.4164;0.3562;0.2274;RandomForest
47521;Patrick Roberts;547;Mediocentro;2018;2019;594;6.47647;35.19;;;BAJO;BAJO;BAJO;0.5655;0.2944;0.1401;RandomForest
47522;Douglas Luiz;547;Mediocentro;2018;2019;1487;6.678259999999999;52.7;;;BAJO;BAJO;BAJO;0.4255;0.4002;0.1743;RandomForest
47539;Uche Agbo;728;Mediocentro;2018;2019;372;6.433333;23.51;;;BAJO;BAJO;BAJO;0.5981;0.2752;0.1267;RandomForest
47541;Santi Comesaña;728;Mediocentro;2018;2019;2032;6.658333;58.09;;;MEDIO;BAJO;BAJO;0.376;0.4043;0.2198;RandomForest
47542;Gorka Elustondo;728;Mediocentro;2018;2019;285;6.8;40.7;;;BAJO;BAJO;BAJO;0.5284;0.3105;0.1611;RandomForest
47543;Álvaro García;728;Mediocentro;2018;2019;1759;6.622857;41.71;;;BAJO;BAJO;MEDIO;0.485;0.4018;0.1133;RandomForest
47544;Giannelli Imbula;728;Mediocentro;2018;2019;1739;6.695238;60.1;;;MEDIO;BAJO;BAJO;0.3695;0.4086;0.2219;RandomForest
47545;Gaël Kakuta;728;Mediocentro;2018;2019;720;6.45;37.81;;;BAJO;BAJO;MEDIO;0.6178;0.2659;0.1163;RandomForest
47546;Álvaro Medrán;728;Mediocentro;2018;2019;1147;6.819047;64.28;;;MEDIO;MEDIO;ALTO;0.2182;0.4374;0.3443;RandomForest
47549;José Pozo;728;Mediocentro;2018;2019;1612;6.565517;47.92;;;MEDIO;MEDIO;BAJO;0.3157;0.4626;0.2217;RandomForest
47557;Óscar Trejo;728;Mediocentro;2018;2019;1773;6.630769;59.55;;;MEDIO;MEDIO;MEDIO;0.2998;0.3844;0.3159;RandomForest
47571;Juan Aguilera;726;Mediocentro;2018;2019;345;6.633333;32.34;;;BAJO;BAJO;BAJO;0.6213;0.2467;0.132;RandomForest
47572;Camacho;726;Mediocentro;2018;2019;34;6.5;22.33;;;BAJO;BAJO;ALTO;0.6239;0.2496;0.1265;RandomForest
47573;David Ferreiro;726;Mediocentro;2018;2019;2274;6.81875;62.08;;;MEDIO;MEDIO;MEDIO;0.275;0.4551;0.2699;RandomForest
47574;Moi Gómez;726;Mediocentro;2018;2019;3061;6.855555000000001;66.87;66.77;MEDIO;MEDIO;MEDIO;MEDIO;0.157;0.5418;0.3012;RandomForest
47576;Gonzalo Melero;726;Mediocentro;2018;2019;1344;6.625;49.53;53.29;BAJO;BAJO;MEDIO;BAJO;0.471;0.3796;0.1494;RandomForest
47577;Damian Musto;726;Mediocentro;2018;2019;1689;6.658333;48.05;;;MEDIO;MEDIO;BAJO;0.399;0.4257;0.1753;RandomForest
47578;Cristian Rivera;726;Mediocentro;2018;2019;1694;6.781818;64.26;28.52;;BAJO;MEDIO;MEDIO;0.3896;0.3896;0.2207;RandomForest
50180;Serdar Gürler;726;Mediocentro;2018;2019;478;6.392307000000001;29.19;;;BAJO;BAJO;BAJO;0.6352;0.2573;0.1076;RandomForest
95590;Manuel Iturra;533;Mediocentro;2018;2019;73;6.5;16.96;;;BAJO;BAJO;BAJO;0.6484;0.2195;0.1321;RandomForest
27;Antonio Adán;530;Portero;2018;2019;90;7.0;42.19;26.37;;BAJO;BAJO;MEDIO;0.5214;0.3596;0.1189;RandomForest
29;Jan Oblak;530;Portero;2018;2019;3330;7.059459;52.43;45.16;MEDIO;MEDIO;ALTO;MEDIO;0.2207;0.4576;0.3217;RandomForest
124;Jasper Cillessen;529;Portero;2018;2019;270;6.6;23.29;50.82;ALTO;BAJO;BAJO;ALTO;0.393;0.2648;0.3422;RandomForest
127;Marc-André Ter Stegen;529;Portero;2018;2019;3150;6.914285;44.48;47.26;ALTO;ALTO;MEDIO;ALTO;0.2172;0.2808;0.502;RandomForest
730;Thibaut Courtois;541;Portero;2018;2019;2430;6.762962000000001;37.88;56.63;ALTO;MEDIO;BAJO;BAJO;0.3264;0.3389;0.3346;RandomForest
731;Keylor Navas;541;Portero;2018;2019;900;6.93;45.53;;;BAJO;BAJO;ALTO;0.4568;0.3027;0.2404;RandomForest
732;Luca Zidane;541;Portero;2018;2019;0;;21.06;;;BAJO;BAJO;MEDIO;0.5615;0.2739;0.1645;RandomForest
911;Jaume Doménech;532;Portero;2018;2019;360;7.4;49.22;44.03;MEDIO;BAJO;BAJO;MEDIO;0.4089;0.3964;0.1947;RandomForest
912;Neto;532;Portero;2018;2019;3060;6.923528999999999;40.79;23.66;;MEDIO;ALTO;BAJO;0.2944;0.3916;0.3139;RandomForest
1557;Pau López;543;Portero;2018;2019;2970;6.781818000000001;37.3;;;MEDIO;ALTO;MEDIO;0.3716;0.408;0.2203;RandomForest
1558;Joel Robles;543;Portero;2018;2019;450;7.0;44.89;27.97;BAJO;BAJO;BAJO;BAJO;0.5089;0.2632;0.2279;RandomForest
1682;Sergio Asenjo;533;Portero;2018;2019;2880;7.045160999999999;50.06;53.2;ALTO;ALTO;MEDIO;ALTO;0.176;0.3056;0.5184;RandomForest
1684;Andrés Fernández;533;Portero;2018;2019;540;6.883333;36.45;26.48;;BAJO;BAJO;MEDIO;0.4918;0.2541;0.2541;RandomForest
2034;Javier Díaz;536;Portero;2018;2019;90;6.3;15.96;;;BAJO;BAJO;ALTO;0.5451;0.2984;0.1565;RandomForest
2036;Juan Soriano;536;Portero;2018;2019;360;7.2;48.33;24.4;BAJO;BAJO;BAJO;BAJO;0.536;0.305;0.1589;RandomForest
2037;Tomáš Vaclík;536;Portero;2018;2019;2970;6.669696;32.07;39.54;MEDIO;MEDIO;MEDIO;MEDIO;0.3142;0.4758;0.21;RandomForest
2701;Bono;547;Portero;2018;2019;2862;6.96875;48.3;53.26;ALTO;ALTO;MEDIO;ALTO;0.2055;0.2871;0.5074;RandomForest
2813;Marko Dmitrović;545;Portero;2018;2019;2160;6.633333;26.52;38.79;MEDIO;MEDIO;BAJO;MEDIO;0.3674;0.4095;0.2232;RandomForest
46812;Axel Werner;726;Portero;2018;2019;540;6.166666;14.84;;;BAJO;BAJO;ALTO;0.4533;0.3093;0.2375;RandomForest
47246;Leandro Chichizola;546;Portero;2018;2019;90;6.2;15.85;;;BAJO;BAJO;BAJO;0.5913;0.2645;0.1442;RandomForest
47247;David Soria;546;Portero;2018;2019;3330;6.935135;47.84;35.86;BAJO;MEDIO;ALTO;BAJO;0.3124;0.3779;0.3098;RandomForest
47267;Iago Herrerín;531;Portero;2018;2019;2790;6.587096;28.27;19.47;;MEDIO;BAJO;MEDIO;0.3922;0.4143;0.1934;RandomForest
47270;Unai Simón;531;Portero;2018;2019;630;6.414285;19.2;37.88;BAJO;BAJO;BAJO;BAJO;0.5337;0.2317;0.2346;RandomForest
47295;Miguel Ángel Moyà;548;Portero;2018;2019;990;6.736363;37.5;50.83;ALTO;BAJO;BAJO;ALTO;0.4057;0.2195;0.3748;RandomForest
47296;Gerónimo Rulli;548;Portero;2018;2019;2430;6.796296;37.99;;;MEDIO;ALTO;MEDIO;0.366;0.3945;0.2395;RandomForest
47327;Diego López;540;Portero;2018;2019;3420;6.851351;41.54;36.18;BAJO;MEDIO;MEDIO;ALTO;0.3768;0.4175;0.2057;RandomForest
47352;Fernando Pacheco;542;Portero;2018;2019;3150;6.888570999999999;40.95;28.77;BAJO;BAJO;MEDIO;BAJO;0.4142;0.3803;0.2055;RandomForest
47353;Antonio Sivera;542;Portero;2018;2019;270;6.466666;20.07;19.68;;BAJO;BAJO;ALTO;0.4592;0.2477;0.2931;RandomForest
47376;Asier Riesgo;545;Portero;2018;2019;1260;6.507142;22.51;;;BAJO;BAJO;BAJO;0.5267;0.2422;0.2311;RandomForest
47399;Iván Cuéllar;537;Portero;2018;2019;3056;6.714705;34.93;35.62;BAJO;BAJO;MEDIO;MEDIO;0.4317;0.3663;0.2019;RandomForest
47400;Andriy Lunin;537;Portero;2018;2019;364;6.96;42.48;;;BAJO;BAJO;MEDIO;0.462;0.3186;0.2194;RandomForest
47425;Sergio Álvarez;538;Portero;2018;2019;1170;6.592307;25.12;28.41;;BAJO;BAJO;BAJO;0.546;0.2312;0.2229;RandomForest
47426;Rubén Blanco;538;Portero;2018;2019;2250;6.704;30.64;38.5;BAJO;BAJO;BAJO;BAJO;0.5282;0.2959;0.176;RandomForest
47448;Aitor Fernández;539;Portero;2018;2019;1440;6.88125;40.01;53.69;ALTO;ALTO;BAJO;BAJO;0.3287;0.2437;0.4276;RandomForest
47449;Oier Olazábal;539;Portero;2018;2019;1890;6.923809;43.53;44.61;;ALTO;BAJO;BAJO;0.33;0.2846;0.3854;RandomForest
47450;Koke;539;Portero;2018;2019;90;7.3;46.89;52.77;;BAJO;BAJO;MEDIO;0.4753;0.3596;0.1651;RandomForest
47474;Jordi Masip;720;Portero;2018;2019;3150;6.82647;36.18;39.56;MEDIO;MEDIO;ALTO;MEDIO;0.3018;0.46;0.2382;RandomForest
47476;Yoel Rodríguez;720;Portero;2018;2019;270;0.0;13.7;46.36;;BAJO;ALTO;ALTO;0.4893;0.3184;0.1923;RandomForest
47501;Gorka Iraizoz;547;Portero;2018;2019;558;7.071428;51.47;;;BAJO;BAJO;BAJO;0.5101;0.2821;0.2078;RandomForest
47527;Stole Dimitrievski;728;Portero;2018;2019;900;6.680952;31.12;;;BAJO;BAJO;BAJO;0.4662;0.2934;0.2403;RandomForest
47528;Alberto Garcia;728;Portero;2018;2019;1530;6.682352;31.24;;;BAJO;ALTO;BAJO;0.4596;0.2482;0.2922;RandomForest
47558;Aleksandar Jovanović;726;Portero;2018;2019;1080;6.4;21.4;;;BAJO;BAJO;BAJO;0.5226;0.2567;0.2206;RandomForest
47559;Roberto Santamaria;726;Portero;2018;2019;1800;6.91;40.36;;;BAJO;BAJO;BAJO;0.4337;0.2379;0.3284;RandomForest
30;Santiago Arias;530;Defensa;2019;2020;1075;7.128571;77.0;;;ALTO;ALTO;MEDIO;0.1868;0.3629;0.4503;RandomForest
31;José María Giménez;530;Defensa;2019;2020;1753;6.980952;65.81;74.76;ALTO;ALTO;MEDIO;ALTO;0.2294;0.3299;0.4407;RandomForest
38;Alberto Rodríguez;542;Defensa;2019;2020;235;6.516666;24.73;33.04;BAJO;BAJO;BAJO;BAJO;0.6361;0.2363;0.1275;RandomForest
39;Stefan Savić;530;Defensa;2019;2020;1980;6.872727;60.59;79.21;ALTO;ALTO;MEDIO;ALTO;0.3173;0.3408;0.3419;RandomForest
128;Jordi Alba;529;Defensa;2019;2020;2190;7.051851;73.66;82.82;ALTO;ALTO;ALTO;ALTO;0.0511;0.2641;0.6848;RandomForest
130;Nélson Semedo;529;Defensa;2019;2020;2095;6.840625;70.02;;;MEDIO;ALTO;ALTO;0.2911;0.4254;0.2835;RandomForest
133;Clément Lenglet;529;Defensa;2019;2020;2428;6.996427999999999;73.91;73.04;ALTO;ALTO;ALTO;MEDIO;0.1029;0.2625;0.6346;RandomForest
135;Jeison Murillo;538;Defensa;2019;2020;1529;7.127777;77.54;64.99;MEDIO;MEDIO;ALTO;ALTO;0.1159;0.476;0.4081;RandomForest
136;Gerard Piqué;529;Defensa;2019;2020;3096;7.15;78.65;75.81;ALTO;ALTO;ALTO;ALTO;0.0656;0.1564;0.778;RandomForest
138;Jean-Clair Todibo;529;Defensa;2019;2020;77;6.699999999999999;26.65;;;BAJO;BAJO;BAJO;0.6055;0.2578;0.1368;RandomForest
139;Samuel Umtiti;529;Defensa;2019;2020;946;6.853846;57.43;58.35;MEDIO;MEDIO;MEDIO;MEDIO;0.333;0.4783;0.1887;RandomForest
141;Moussa Wagué;529;Defensa;2019;2020;90;7.3;49.14;;;BAJO;BAJO;BAJO;0.5815;0.252;0.1665;RandomForest
169;Kieran Trippier;530;Defensa;2019;2020;1981;7.18;73.56;85.63;ALTO;ALTO;ALTO;MEDIO;0.1266;0.2482;0.6251;RandomForest
199;Šime Vrsaljko;530;Defensa;2019;2020;363;7.139999999999999;54.14;43.01;BAJO;BAJO;BAJO;BAJO;0.5813;0.2644;0.1543;RandomForest
288;Alberto Moreno;533;Defensa;2019;2020;1474;6.633333;50.27;38.93;;BAJO;MEDIO;MEDIO;0.4799;0.3445;0.1757;RandomForest
314;Raúl Albiol;533;Defensa;2019;2020;3238;6.897222;65.59;67.33;MEDIO;MEDIO;ALTO;MEDIO;0.2369;0.5434;0.2197;RandomForest
371;Felipe;530;Defensa;2019;2020;2099;7.0;70.08;72.63;MEDIO;MEDIO;MEDIO;MEDIO;0.2466;0.4981;0.2553;RandomForest
372;Éder Militão;541;Defensa;2019;2020;1018;6.926666;67.7;67.89;MEDIO;MEDIO;MEDIO;MEDIO;0.2002;0.5069;0.2928;RandomForest
534;Lisandro Magallán;542;Defensa;2019;2020;1194;6.466666;37.11;;;BAJO;BAJO;MEDIO;0.6181;0.2827;0.0992;RandomForest
560;Sébastien Corchia;540;Defensa;2019;2020;270;7.066666;56.49;;;BAJO;BAJO;BAJO;0.4046;0.3423;0.2531;RandomForest
653;Ferland Mendy;541;Defensa;2019;2020;1804;7.088;82.11;79.1;ALTO;ALTO;ALTO;ALTO;0.0714;0.2282;0.7004;RandomForest
733;Daniel Carvajal;541;Defensa;2019;2020;2741;7.277419;83.24;83.15;ALTO;ALTO;ALTO;ALTO;0.0245;0.0736;0.9019;RandomForest
735;Nacho Fernández;541;Defensa;2019;2020;437;7.133333;66.71;71.02;MEDIO;MEDIO;MEDIO;MEDIO;0.3425;0.502;0.1554;RandomForest
737;Álvaro Odriozola;541;Defensa;2019;2020;344;6.5249999999999995;26.47;60.19;MEDIO;BAJO;BAJO;MEDIO;0.4969;0.3462;0.1569;RandomForest
738;Sergio Ramos;541;Defensa;2019;2020;3017;7.251428;82.46;84.39;ALTO;ALTO;ALTO;ALTO;0.0454;0.1343;0.8204;RandomForest
739;Sergio Reguilón;536;Defensa;2019;2020;2509;7.0;83.32;;;ALTO;ALTO;ALTO;0.0857;0.2437;0.6706;RandomForest
741;Jesús Vallejo;715;Defensa;2019;2020;627;6.688888000000001;36.92;35.29;BAJO;BAJO;BAJO;BAJO;0.6442;0.2355;0.1203;RandomForest
742;Raphaël Varane;541;Defensa;2019;2020;2823;7.093548;72.43;80.4;ALTO;ALTO;ALTO;ALTO;0.1185;0.2674;0.6141;RandomForest
743;Marcelo;541;Defensa;2019;2020;1299;7.235714;82.7;70.42;MEDIO;MEDIO;ALTO;MEDIO;0.0869;0.4943;0.4187;RandomForest
757;Lucas Vázquez;541;Defensa;2019;2020;839;6.826666;65.25;90.38;ALTO;ALTO;ALTO;ALTO;0.2456;0.3263;0.4282;RandomForest
769;Alessandro Florenzi;532;Defensa;2019;2020;755;6.791666;59.7;;;BAJO;MEDIO;MEDIO;0.4133;0.3884;0.1983;RandomForest
915;Gabriel Paulista;532;Defensa;2019;2020;2802;6.960606000000001;73.43;82.13;ALTO;ALTO;ALTO;MEDIO;0.0794;0.2872;0.6334;RandomForest
916;Mouctar Diakhaby;532;Defensa;2019;2020;1439;6.794736;58.33;62.26;MEDIO;MEDIO;BAJO;MEDIO;0.3152;0.4647;0.2201;RandomForest
917;Ezequiel Garay;532;Defensa;2019;2020;1439;6.829411;51.6;;;BAJO;BAJO;BAJO;0.4384;0.3815;0.1801;RandomForest
918;José Luis Gayà;532;Defensa;2019;2020;1989;6.795833;55.79;73.96;ALTO;MEDIO;ALTO;ALTO;0.3243;0.3666;0.3091;RandomForest
920;Toni Lato;727;Defensa;2019;2020;472;6.928571;67.93;35.18;BAJO;BAJO;BAJO;BAJO;0.47;0.3615;0.1684;RandomForest
921;Cristiano Piccini;532;Defensa;2019;2020;75;6.75;34.0;22.66;;BAJO;BAJO;BAJO;0.6067;0.2486;0.1447;RandomForest
922;Facundo Roncaglia;727;Defensa;2019;2020;1282;6.681250000000001;57.68;64.73;MEDIO;MEDIO;MEDIO;MEDIO;0.3013;0.5168;0.1818;RandomForest
1257;Jules Koundé;536;Defensa;2019;2020;2306;6.972413;75.63;86.06;ALTO;ALTO;ALTO;ALTO;0.1254;0.2506;0.6239;RandomForest
1346;İsmail Köybaşı;715;Defensa;2019;2020;232;6.6;27.1;;;BAJO;BAJO;BAJO;0.6174;0.2478;0.1348;RandomForest
1447;Nacho Monreal;548;Defensa;2019;2020;2392;6.864285;67.3;67.11;MEDIO;MEDIO;MEDIO;MEDIO;0.3306;0.4729;0.1965;RandomForest
1482;Thierry Correia;532;Defensa;2019;2020;259;6.8;42.54;68.09;MEDIO;BAJO;BAJO;MEDIO;0.502;0.3352;0.1628;RandomForest
1560;Antonio Barragán;543;Defensa;2019;2020;638;6.718181;48.54;63.31;MEDIO;BAJO;BAJO;MEDIO;0.4468;0.3889;0.1643;RandomForest
1561;Marc Bartra;543;Defensa;2019;2020;2527;6.95;76.16;64.32;MEDIO;ALTO;ALTO;ALTO;0.1153;0.3906;0.494;RandomForest
1562;Sidnei;543;Defensa;2019;2020;1178;6.992857;75.0;45.39;BAJO;BAJO;MEDIO;BAJO;0.398;0.3242;0.2778;RandomForest
1563;Zouhair Feddal;543;Defensa;2019;2020;1433;6.917647;73.51;;;ALTO;ALTO;ALTO;0.2016;0.3658;0.4326;RandomForest
1564;Junior Firpo;529;Defensa;2019;2020;1011;6.752941;57.16;48.41;;BAJO;MEDIO;MEDIO;0.3942;0.3742;0.2317;RandomForest
1565;Edgar González;543;Defensa;2019;2020;687;6.52;37.16;;;BAJO;BAJO;MEDIO;0.5859;0.286;0.1282;RandomForest
1566;Emerson Royal;543;Defensa;2019;2020;2841;6.890909;74.81;81.7;ALTO;ALTO;ALTO;ALTO;0.1341;0.2749;0.5909;RandomForest
1567;Aïssa Mandi;543;Defensa;2019;2020;2578;6.906895999999999;66.66;76.29;ALTO;ALTO;ALTO;MEDIO;0.2531;0.3648;0.3821;RandomForest
1595;Leonardo Koutris;798;Defensa;2019;2020;93;6.5;16.92;;;BAJO;BAJO;BAJO;0.6355;0.2484;0.1162;RandomForest
1687;Jaume Costa;532;Defensa;2019;2020;1390;6.763157;59.17;37.7;;BAJO;MEDIO;MEDIO;0.4282;0.3774;0.1943;RandomForest
1688;Ramiro Funes Mori;533;Defensa;2019;2020;451;6.58;28.19;48.08;BAJO;BAJO;BAJO;BAJO;0.5779;0.2904;0.1317;RandomForest
1691;Mario Gaspar;533;Defensa;2019;2020;1962;6.754166;55.23;76.41;ALTO;MEDIO;MEDIO;BAJO;0.3457;0.3634;0.2909;RandomForest
1692;Xavier Quintilla;533;Defensa;2019;2020;1573;6.742105;52.24;;;BAJO;MEDIO;MEDIO;0.3927;0.3851;0.2222;RandomForest
1702;Alfonso Pedraza;543;Defensa;2019;2020;1350;6.7;59.39;66.55;MEDIO;MEDIO;MEDIO;MEDIO;0.3305;0.4707;0.1988;RandomForest
1926;Joseph Aidoo;538;Defensa;2019;2020;2499;6.809374999999999;59.18;42.65;BAJO;BAJO;MEDIO;BAJO;0.4023;0.3836;0.2142;RandomForest
2040;Sergio Escudero;536;Defensa;2019;2020;773;6.963636;72.25;66.98;MEDIO;MEDIO;MEDIO;MEDIO;0.2528;0.5345;0.2127;RandomForest
2042;Sergi Gómez;536;Defensa;2019;2020;714;6.730769;45.34;51.83;BAJO;BAJO;BAJO;BAJO;0.5457;0.3204;0.1339;RandomForest
2043;Daniel Carriço;536;Defensa;2019;2020;849;6.681818;38.99;;;BAJO;BAJO;BAJO;0.5;0.3249;0.1751;RandomForest
2047;Aleix Vidal;542;Defensa;2019;2020;2177;6.851724;67.05;58.57;MEDIO;MEDIO;MEDIO;MEDIO;0.2206;0.5641;0.2153;RandomForest
2054;Jesús Navas;536;Defensa;2019;2020;3370;7.116216;74.76;81.89;ALTO;ALTO;ALTO;ALTO;0.0397;0.23;0.7303;RandomForest
2444;Roberto Rosales;537;Defensa;2019;2020;1874;6.668;49.39;;;BAJO;BAJO;ALTO;0.4464;0.3579;0.1956;RandomForest
2553;Guillermo Maripán;542;Defensa;2019;2020;90;7.3;46.23;;;BAJO;BAJO;BAJO;0.552;0.3143;0.1337;RandomForest
2669;Mario Hermoso;530;Defensa;2019;2020;1220;6.717647;48.38;79.63;ALTO;BAJO;BAJO;ALTO;0.5298;0.2943;0.1759;RandomForest
2670;Iñigo Martínez;531;Defensa;2019;2020;2970;6.9515150000000006;70.67;70.11;MEDIO;MEDIO;ALTO;MEDIO;0.1379;0.4449;0.4172;RandomForest
2772;Kenneth Omeruo;537;Defensa;2019;2020;1878;6.87619;54.96;;;BAJO;BAJO;BAJO;0.4264;0.3696;0.204;RandomForest
2870;Néstor Araujo;538;Defensa;2019;2020;2891;6.876470000000001;58.6;54.57;MEDIO;MEDIO;MEDIO;MEDIO;0.2792;0.5588;0.162;RandomForest
3415;Lumor Agbenyenu;798;Defensa;2019;2020;1807;6.591304;52.59;;;BAJO;BAJO;MEDIO;0.43;0.394;0.176;RandomForest
10122;Renan Lodi;530;Defensa;2019;2020;2399;6.919354000000001;73.23;75.26;ALTO;ALTO;ALTO;ALTO;0.1902;0.363;0.4467;RandomForest
18800;Marc Navarro;537;Defensa;2019;2020;220;6.375;17.54;;;BAJO;BAJO;BAJO;0.6289;0.2402;0.1309;RandomForest
21090;Diego Carlos;536;Defensa;2019;2020;3135;7.008571;72.83;78.07;ALTO;ALTO;ALTO;ALTO;0.0963;0.2232;0.6805;RandomForest
21996;Baba Rahman;798;Defensa;2019;2020;109;6.450000000000001;14.15;;;BAJO;BAJO;BAJO;0.6132;0.2833;0.1035;RandomForest
30737;Federico Barba;720;Defensa;2019;2020;450;6.44;25.9;;;BAJO;BAJO;BAJO;0.6139;0.2765;0.1097;RandomForest
40419;Aleksandar Sedlar;798;Defensa;2019;2020;813;6.616666;47.91;;;MEDIO;BAJO;MEDIO;0.3965;0.4677;0.1358;RandomForest
41149;Rafa Soares;545;Defensa;2019;2020;438;6.433332999999999;25.05;55.45;MEDIO;BAJO;BAJO;MEDIO;0.5445;0.3237;0.1319;RandomForest
46650;Lillo Castellano;727;Defensa;2019;2020;193;6.9;44.73;;;BAJO;BAJO;BAJO;0.5393;0.2841;0.1765;RandomForest
46651;Carlos Clerc;539;Defensa;2019;2020;1846;6.672727;52.91;73.02;ALTO;BAJO;BAJO;ALTO;0.4297;0.3308;0.2394;RandomForest
46652;Unai García;727;Defensa;2019;2020;535;6.9625;58.84;43.23;BAJO;BAJO;BAJO;BAJO;0.5063;0.3343;0.1594;RandomForest
46653;David García;727;Defensa;2019;2020;2792;6.719353999999999;51.41;69.18;MEDIO;MEDIO;MEDIO;MEDIO;0.3174;0.5143;0.1683;RandomForest
46654;Aridane Hernández;727;Defensa;2019;2020;2610;6.906896;67.45;65.37;MEDIO;MEDIO;MEDIO;MEDIO;0.2025;0.531;0.2665;RandomForest
46656;Oier;727;Defensa;2019;2020;2327;6.75;63.79;49.21;BAJO;BAJO;MEDIO;BAJO;0.4229;0.3635;0.2136;RandomForest
46657;Nacho Vidal;727;Defensa;2019;2020;2331;6.851724;69.35;67.57;MEDIO;MEDIO;MEDIO;MEDIO;0.2568;0.5092;0.234;RandomForest
46677;Víctor Díaz;715;Defensa;2019;2020;2887;7.034285;75.4;43.8;BAJO;BAJO;MEDIO;BAJO;0.3445;0.3283;0.3272;RandomForest
46679;Quini;715;Defensa;2019;2020;716;6.5;32.15;50.44;BAJO;BAJO;BAJO;MEDIO;0.6224;0.2724;0.1052;RandomForest
46680;José Antonio Martinez;715;Defensa;2019;2020;1187;6.636842;41.72;18.88;;BAJO;BAJO;MEDIO;0.6021;0.2861;0.1118;RandomForest
46681;Álex Martínez;715;Defensa;2019;2020;14;6.7;24.63;;;BAJO;BAJO;BAJO;0.5952;0.2747;0.1301;RandomForest
46682;Carlos Neva;715;Defensa;2019;2020;2211;6.592307;44.99;51.22;BAJO;BAJO;BAJO;BAJO;0.4746;0.3661;0.1593;RandomForest
46683;Germán Sánchez;715;Defensa;2019;2020;2295;6.817857;57.6;55.82;MEDIO;MEDIO;BAJO;BAJO;0.3525;0.466;0.1815;RandomForest
46709;Álvaro Tejero;545;Defensa;2019;2020;1448;6.822222000000001;62.54;57.96;;MEDIO;MEDIO;ALTO;0.3075;0.4418;0.2507;RandomForest
46730;Francisco Javier Campos;798;Defensa;2019;2020;468;6.588888;35.4;;;BAJO;BAJO;BAJO;0.5552;0.306;0.1388;RandomForest
46731;Pervis Estupiñán;727;Defensa;2019;2020;2977;6.802777;69.3;68.7;MEDIO;MEDIO;MEDIO;MEDIO;0.1388;0.6089;0.2523;RandomForest
46732;Fran Gámez;798;Defensa;2019;2020;1765;6.734782000000001;58.75;;;MEDIO;MEDIO;MEDIO;0.3323;0.4055;0.2621;RandomForest
46733;Antonio Raíllo;798;Defensa;2019;2020;2779;6.690625;54.26;;;MEDIO;BAJO;BAJO;0.3237;0.4086;0.2677;RandomForest
46737;Joan Sastre;798;Defensa;2019;2020;1362;6.505263;37.17;;;BAJO;BAJO;MEDIO;0.4727;0.3714;0.1559;RandomForest
46738;Martin Valjent;798;Defensa;2019;2020;3184;6.716666;49.65;;;BAJO;BAJO;BAJO;0.4099;0.4086;0.1814;RandomForest
46757;Róber;545;Defensa;2019;2020;932;6.708333;52.21;76.24;ALTO;BAJO;BAJO;ALTO;0.5232;0.3172;0.1596;RandomForest
46790;Víctor García;720;Defensa;2019;2020;88;7.3;56.98;;;BAJO;BAJO;BAJO;0.5451;0.2652;0.1897;RandomForest
46795;Domingos Duarte;715;Defensa;2019;2020;3086;6.855554999999999;60.99;53.4;BAJO;BAJO;BAJO;BAJO;0.4218;0.3587;0.2195;RandomForest
46815;Pau Torres;533;Defensa;2019;2020;2970;6.957575000000001;70.27;80.48;ALTO;ALTO;ALTO;ALTO;0.1087;0.2122;0.6791;RandomForest
46940;Esteban Burgos;545;Defensa;2019;2020;1115;6.686666;50.59;57.27;MEDIO;MEDIO;BAJO;MEDIO;0.374;0.4981;0.1279;RandomForest
47080;Jorge Sáenz;538;Defensa;2019;2020;371;6.1;22.42;18.88;;BAJO;BAJO;BAJO;0.5943;0.2571;0.1486;RandomForest
47119;Aitor Ruibal;537;Defensa;2019;2020;1216;6.548;43.53;57.99;MEDIO;BAJO;BAJO;BAJO;0.4464;0.4241;0.1295;RandomForest
47213;Pipa;540;Defensa;2019;2020;473;6.628571000000001;38.63;;;BAJO;BAJO;BAJO;0.5771;0.2951;0.1278;RandomForest
47249;Leandro Cabrera;546;Defensa;2019;2020;3062;6.994117;65.61;;;MEDIO;MEDIO;MEDIO;0.2038;0.41;0.3861;RandomForest
47250;Djené;546;Defensa;2019;2020;3060;6.705881999999999;54.03;68.0;MEDIO;MEDIO;MEDIO;MEDIO;0.297;0.5255;0.1775;RandomForest
47251;Dimitri Foulquier;715;Defensa;2019;2020;1114;6.764705;59.84;49.67;BAJO;BAJO;BAJO;MEDIO;0.4972;0.3468;0.1559;RandomForest
47252;Bruno González;539;Defensa;2019;2020;635;6.1;17.25;51.68;BAJO;BAJO;BAJO;BAJO;0.6574;0.2079;0.1347;RandomForest
47254;Mathías Olivera;546;Defensa;2019;2020;1871;6.658333;54.68;71.55;MEDIO;MEDIO;MEDIO;MEDIO;0.241;0.5873;0.1716;RandomForest
47255;Vitorino Antunes;546;Defensa;2019;2020;5;6.2;10.24;;;BAJO;BAJO;BAJO;0.5764;0.2825;0.1411;RandomForest
47257;Damián Suárez;546;Defensa;2019;2020;2598;6.8833329999999995;71.55;55.5;MEDIO;MEDIO;MEDIO;MEDIO;0.2234;0.5159;0.2608;RandomForest
47271;Yeray Álvarez;531;Defensa;2019;2020;2811;7.01875;72.86;76.51;ALTO;ALTO;ALTO;ALTO;0.1228;0.2721;0.6051;RandomForest
47272;Mikel Balenziaga;531;Defensa;2019;2020;561;6.628571;36.55;49.12;BAJO;BAJO;BAJO;BAJO;0.6332;0.2541;0.1126;RandomForest
47273;Yuri Berchiche;531;Defensa;2019;2020;2852;6.948484;77.14;75.84;ALTO;ALTO;ALTO;ALTO;0.1151;0.2566;0.6283;RandomForest
47274;Ander Capa;531;Defensa;2019;2020;2875;6.8571420000000005;74.03;62.62;MEDIO;MEDIO;MEDIO;MEDIO;0.1756;0.4929;0.3315;RandomForest
47275;Óscar de Marcos;531;Defensa;2019;2020;538;6.533333;33.57;51.8;BAJO;BAJO;BAJO;BAJO;0.5726;0.3097;0.1177;RandomForest
47276;Íñigo Lekue;531;Defensa;2019;2020;617;6.478571;35.94;38.47;BAJO;BAJO;BAJO;BAJO;0.6563;0.2507;0.093;RandomForest
47277;Unai Núñez;531;Defensa;2019;2020;1568;6.860000000000001;64.19;71.51;MEDIO;MEDIO;MEDIO;MEDIO;0.3017;0.4789;0.2194;RandomForest
47298;Aritz Elustondo;548;Defensa;2019;2020;1502;6.813636;56.01;75.42;ALTO;MEDIO;MEDIO;MEDIO;0.3098;0.3943;0.2959;RandomForest
47299;Andoni Gorosabel;548;Defensa;2019;2020;713;6.576923000000001;40.08;66.83;MEDIO;BAJO;BAJO;MEDIO;0.5483;0.3323;0.1194;RandomForest
47301;Robin Le Normand;548;Defensa;2019;2020;2389;6.848387;64.35;69.28;MEDIO;MEDIO;ALTO;ALTO;0.2091;0.506;0.2849;RandomForest
47302;Diego Llorente;548;Defensa;2019;2020;2330;6.682758;55.96;53.22;;MEDIO;ALTO;ALTO;0.3271;0.3757;0.2972;RandomForest
47303;Aihen Muñoz;548;Defensa;2019;2020;980;6.607142;42.33;56.16;MEDIO;MEDIO;BAJO;MEDIO;0.3805;0.4851;0.1345;RandomForest
47304;Kévin Rodrigues;537;Defensa;2019;2020;1939;6.888461;57.9;42.86;BAJO;BAJO;BAJO;BAJO;0.4418;0.3482;0.2099;RandomForest
47305;Raúl Navas;727;Defensa;2019;2020;711;6.566666000000001;37.41;24.13;;BAJO;BAJO;BAJO;0.5765;0.3048;0.1187;RandomForest
47307;Joseba Zaldúa;548;Defensa;2019;2020;2551;6.8;62.44;42.39;BAJO;BAJO;ALTO;BAJO;0.4077;0.3776;0.2147;RandomForest
47314;Igor Zubeldia;548;Defensa;2019;2020;2639;6.715150999999999;58.58;70.25;MEDIO;MEDIO;ALTO;MEDIO;0.3353;0.4645;0.2002;RandomForest
47328;Óscar Duarte;539;Defensa;2019;2020;484;6.5625;36.94;56.19;MEDIO;BAJO;BAJO;BAJO;0.5404;0.3376;0.122;RandomForest
47329;Adrià Pedrosa;540;Defensa;2019;2020;1081;6.505;39.87;;;BAJO;BAJO;BAJO;0.5729;0.3138;0.1133;RandomForest
47330;Naldo;540;Defensa;2019;2020;1332;6.583332999999999;36.4;;;BAJO;BAJO;MEDIO;0.5707;0.3109;0.1184;RandomForest
47332;Lluis López;540;Defensa;2019;2020;299;6.525;22.55;;;BAJO;BAJO;BAJO;0.5802;0.264;0.1558;RandomForest
47333;Javi López;540;Defensa;2019;2020;1386;6.6312500000000005;48.08;;;MEDIO;BAJO;BAJO;0.3527;0.4573;0.19;RandomForest
47334;David López;540;Defensa;2019;2020;2462;6.6656249999999995;57.5;;;MEDIO;ALTO;BAJO;0.2861;0.3813;0.3326;RandomForest
47335;Dídac Vila;540;Defensa;2019;2020;2494;6.682758;54.01;;;MEDIO;MEDIO;MEDIO;0.3833;0.4034;0.2133;RandomForest
47354;Martín Aguirregabiria;542;Defensa;2019;2020;2097;6.516666;43.14;41.07;BAJO;BAJO;BAJO;BAJO;0.5135;0.3447;0.1418;RandomForest
47355;Rubén Duarte;542;Defensa;2019;2020;2663;6.66129;52.7;73.77;ALTO;MEDIO;MEDIO;ALTO;0.2788;0.405;0.3162;RandomForest
47356;Rodrigo Ely;542;Defensa;2019;2020;2125;6.824;56.07;61.36;MEDIO;MEDIO;BAJO;MEDIO;0.3734;0.4749;0.1517;RandomForest
47357;Víctor Laguardia;542;Defensa;2019;2020;2658;6.64;47.52;44.71;BAJO;BAJO;BAJO;BAJO;0.5525;0.3059;0.1415;RandomForest
47358;Adrián Marín;542;Defensa;2019;2020;852;6.558333;44.95;26.59;;MEDIO;BAJO;BAJO;0.4197;0.4363;0.1439;RandomForest
47360;Ximo Navarro;542;Defensa;2019;2020;1904;6.656521;44.41;62.95;MEDIO;MEDIO;BAJO;MEDIO;0.3502;0.4719;0.1779;RandomForest
47377;Anaitz Arbilla;545;Defensa;2019;2020;2007;6.691666;48.56;74.13;ALTO;BAJO;MEDIO;ALTO;0.3836;0.3332;0.2833;RandomForest
47378;Pedro Bigas;545;Defensa;2019;2020;1779;6.9;65.48;42.06;BAJO;MEDIO;MEDIO;MEDIO;0.4011;0.4038;0.1951;RandomForest
47380;Marc Cucurella;546;Defensa;2019;2020;3250;6.832432;68.3;68.91;MEDIO;MEDIO;MEDIO;MEDIO;0.1535;0.5623;0.2843;RandomForest
47382;Iván Ramis;545;Defensa;2019;2020;459;6.566666;32.32;;;BAJO;BAJO;BAJO;0.6167;0.246;0.1373;RandomForest
47383;Paulo Oliveira;545;Defensa;2019;2020;2089;6.824;60.62;66.84;MEDIO;MEDIO;MEDIO;BAJO;0.2172;0.5603;0.2225;RandomForest
47384;José Ángel;545;Defensa;2019;2020;2362;6.967857;81.03;56.71;MEDIO;ALTO;ALTO;MEDIO;0.1362;0.3949;0.4689;RandomForest
47391;Rubén Peña;533;Defensa;2019;2020;1906;6.723076;63.23;55.27;MEDIO;MEDIO;ALTO;BAJO;0.2987;0.4617;0.2396;RandomForest
47403;Unai Bustinza;537;Defensa;2019;2020;2691;6.828125;64.9;;;MEDIO;MEDIO;ALTO;0.2867;0.4778;0.2355;RandomForest
47407;Allan Nyom;546;Defensa;2019;2020;2436;6.508823;39.29;47.66;BAJO;BAJO;BAJO;BAJO;0.6031;0.2899;0.107;RandomForest
47408;Jonathan Silva;537;Defensa;2019;2020;2787;6.742424;59.86;;;MEDIO;MEDIO;MEDIO;0.352;0.4078;0.2402;RandomForest
47409;Dimitrios Siovas;537;Defensa;2019;2020;1922;6.763636;59.9;77.73;ALTO;MEDIO;MEDIO;MEDIO;0.2788;0.3745;0.3467;RandomForest
47410;Rodrigo Tarín;537;Defensa;2019;2020;952;6.557142;34.51;;;BAJO;BAJO;BAJO;0.5041;0.3784;0.1175;RandomForest
47429;David Costas;538;Defensa;2019;2020;335;6.5;23.38;;;BAJO;BAJO;ALTO;0.5934;0.259;0.1475;RandomForest
47431;David Juncà;538;Defensa;2019;2020;259;6.4;19.81;18.88;;BAJO;BAJO;ALTO;0.6268;0.2437;0.1295;RandomForest
47432;Hugo Mallo;538;Defensa;2019;2020;1963;6.873076;66.95;78.2;ALTO;MEDIO;ALTO;MEDIO;0.1665;0.4218;0.4117;RandomForest
47433;Lucas Olaza;538;Defensa;2019;2020;3145;6.945714;75.06;75.78;ALTO;ALTO;ALTO;ALTO;0.0957;0.2713;0.633;RandomForest
47434;Kevin Vázquez;538;Defensa;2019;2020;1332;6.652941;49.25;34.38;BAJO;BAJO;BAJO;BAJO;0.5506;0.3178;0.1315;RandomForest
47451;Coke;539;Defensa;2019;2020;986;6.68;56.25;52.73;BAJO;BAJO;BAJO;BAJO;0.5231;0.3218;0.1551;RandomForest
47452;Erick Cabaco;539;Defensa;2019;2020;1076;6.65;33.47;40.44;BAJO;BAJO;BAJO;BAJO;0.6882;0.2226;0.0892;RandomForest
47453;Toño;539;Defensa;2019;2020;1590;6.68;49.79;37.55;BAJO;BAJO;BAJO;BAJO;0.5127;0.3098;0.1775;RandomForest
47457;Rúben Vezo;539;Defensa;2019;2020;2610;6.931034000000001;67.67;63.56;MEDIO;MEDIO;MEDIO;MEDIO;0.1474;0.4341;0.4185;RandomForest
47458;Sergio Postigo;539;Defensa;2019;2020;2375;6.818518;63.06;50.41;BAJO;MEDIO;MEDIO;BAJO;0.3735;0.3937;0.2328;RandomForest
47459;Chema;546;Defensa;2019;2020;308;6.650000000000001;29.29;27.87;BAJO;BAJO;BAJO;BAJO;0.6255;0.2553;0.1192;RandomForest
47460;Róber Pier;539;Defensa;2019;2020;189;6.525;25.56;57.17;MEDIO;BAJO;BAJO;BAJO;0.58;0.2739;0.1461;RandomForest
47478;Fernando Calero;540;Defensa;2019;2020;1044;6.466666;30.03;;;BAJO;BAJO;MEDIO;0.6098;0.2785;0.1117;RandomForest
47480;Mohammed Salisu;720;Defensa;2019;2020;2726;6.919354;64.2;;;MEDIO;BAJO;BAJO;0.294;0.4119;0.2941;RandomForest
47481;Nacho Martinez;720;Defensa;2019;2020;1894;6.808695;61.82;45.83;BAJO;BAJO;MEDIO;ALTO;0.4378;0.3206;0.2416;RandomForest
47482;Javi Moyano;720;Defensa;2019;2020;2231;6.711538;53.17;20.8;;BAJO;BAJO;MEDIO;0.4364;0.3944;0.1692;RandomForest
47483;Kiko Olivas;720;Defensa;2019;2020;2942;6.788570999999999;59.43;29.24;;MEDIO;MEDIO;MEDIO;0.3159;0.4426;0.2416;RandomForest
47484;Antoñito;720;Defensa;2019;2020;1027;6.707142;49.89;;;BAJO;BAJO;BAJO;0.5211;0.3346;0.1443;RandomForest
47487;Joaquín Fernández;720;Defensa;2019;2020;1661;6.77;60.16;60.18;MEDIO;MEDIO;MEDIO;MEDIO;0.315;0.4764;0.2086;RandomForest
47505;Bernardo Espinosa;540;Defensa;2019;2020;2261;6.611538;49.73;;;MEDIO;ALTO;ALTO;0.3417;0.3843;0.2741;RandomForest
47506;Raúl García;720;Defensa;2019;2020;1259;6.875;55.57;51.3;BAJO;BAJO;BAJO;BAJO;0.5755;0.2713;0.1532;RandomForest
47519;Pedro Porro;720;Defensa;2019;2020;734;6.5;31.03;;;BAJO;BAJO;MEDIO;0.5921;0.2771;0.1308;RandomForest
47547;Álex Moreno;543;Defensa;2019;2020;2265;6.633333;54.56;65.11;MEDIO;MEDIO;MEDIO;MEDIO;0.3478;0.4551;0.1972;RandomForest
47565;Xabier Etxeita;546;Defensa;2019;2020;1446;6.75;49.55;31.47;BAJO;BAJO;BAJO;BAJO;0.5889;0.2875;0.1236;RandomForest
47568;Jorge Miramón;539;Defensa;2019;2020;2430;6.784375;63.76;61.7;MEDIO;MEDIO;MEDIO;MEDIO;0.2727;0.4917;0.2355;RandomForest
50026;Chidozie Awaziem;537;Defensa;2019;2020;1994;6.703846;49.04;;;BAJO;BAJO;ALTO;0.4373;0.3737;0.1889;RandomForest
64309;Manuel Sánchez;530;Defensa;2019;2020;326;6.740000000000001;40.83;60.76;MEDIO;BAJO;BAJO;BAJO;0.5293;0.3461;0.1246;RandomForest
86511;Florent Poulolo;546;Defensa;2019;2020;0;;16.26;;;BAJO;BAJO;BAJO;0.6177;0.2632;0.1191;RandomForest
90498;Eliaquim Mangala;532;Defensa;2019;2020;675;6.5125;30.1;33.52;;BAJO;BAJO;BAJO;0.607;0.2745;0.1185;RandomForest
101814;Ronald Araújo;529;Defensa;2019;2020;235;6.82;44.99;80.83;ALTO;BAJO;BAJO;BAJO;0.4248;0.306;0.2692;RandomForest
107160;Gonzalo Pereira;539;Defensa;2019;2020;13;6.299999999999999;12.94;;;BAJO;BAJO;BAJO;0.6137;0.2672;0.119;RandomForest
119225;Eliseo;539;Defensa;2019;2020;74;5.0;11.56;;;BAJO;BAJO;BAJO;0.644;0.2497;0.1063;RandomForest
122737;Soufiane Chakla;533;Defensa;2019;2020;180;6.2;16.33;34.0;BAJO;BAJO;BAJO;BAJO;0.6631;0.2166;0.1203;RandomForest
122804;Adriá Guerrero;532;Defensa;2019;2020;126;6.2;17.01;;;BAJO;BAJO;BAJO;0.6684;0.2127;0.1189;RandomForest
128365;Gaizka Larrazabal;531;Defensa;2019;2020;244;6.377777;20.07;;;BAJO;BAJO;BAJO;0.6331;0.2368;0.1301;RandomForest
153290;Victor Gómez;540;Defensa;2019;2020;1268;6.55;30.98;;;BAJO;BAJO;MEDIO;0.5711;0.3205;0.1084;RandomForest
182546;Jon Pacheco;548;Defensa;2019;2020;78;6.3;12.96;49.29;;BAJO;BAJO;BAJO;0.6525;0.2449;0.1026;RandomForest
182636;Javi López;542;Defensa;2019;2020;90;6.3;16.68;32.36;;BAJO;BAJO;BAJO;0.6192;0.2745;0.1063;RandomForest
265722;Rafael Obrador;798;Defensa;2019;2020;3;6.2;11.88;;;BAJO;BAJO;BAJO;0.5846;0.2782;0.1372;RandomForest
21;Paco Alcácer;533;Delantero;2019;2020;930;6.823076;60.0;60.84;MEDIO;MEDIO;BAJO;BAJO;0.4193;0.4354;0.1454;RandomForest
52;Sergio Camello;530;Delantero;2019;2020;23;6.2;10.6;18.88;;BAJO;BAJO;BAJO;0.6259;0.262;0.1121;RandomForest
53;Ángel Correa;530;Delantero;2019;2020;2064;6.696969;60.79;81.29;ALTO;MEDIO;MEDIO;ALTO;0.2562;0.4793;0.2646;RandomForest
54;Diego Costa;530;Delantero;2019;2020;1350;6.863635999999999;68.15;56.02;;BAJO;BAJO;MEDIO;0.424;0.4105;0.1656;RandomForest
56;Antoine Griezmann;529;Delantero;2019;2020;2561;7.005882000000001;76.39;84.54;ALTO;ALTO;ALTO;MEDIO;0.1001;0.2623;0.6376;RandomForest
59;Álvaro Morata;530;Delantero;2019;2020;2103;6.9;70.92;;;MEDIO;MEDIO;BAJO;0.26;0.4702;0.2698;RandomForest
111;Rony Lopes;536;Delantero;2019;2020;133;6.475;24.05;;;BAJO;BAJO;BAJO;0.6125;0.2666;0.1209;RandomForest
153;Ousmane Dembélé;529;Delantero;2019;2020;356;6.9;57.61;82.6;ALTO;BAJO;ALTO;ALTO;0.3723;0.3253;0.3024;RandomForest
154;Lionel Messi;529;Delantero;2019;2020;2880;8.40909;86.06;88.83;ALTO;ALTO;ALTO;ALTO;0.0033;0.0128;0.9839;RandomForest
157;Luis Suárez;529;Delantero;2019;2020;2000;7.196428;72.56;78.0;ALTO;ALTO;ALTO;ALTO;0.1126;0.2425;0.6449;RandomForest
246;Luuk de Jong;536;Delantero;2019;2020;2061;6.857142;67.54;61.77;MEDIO;MEDIO;MEDIO;MEDIO;0.2582;0.5303;0.2115;RandomForest
392;Adrián López;727;Delantero;2019;2020;1453;6.603846;52.59;40.08;BAJO;BAJO;BAJO;BAJO;0.5974;0.2886;0.114;RandomForest
395;Hernani;539;Delantero;2019;2020;643;6.670000000000001;48.32;18.88;;BAJO;BAJO;MEDIO;0.5908;0.3268;0.0823;RandomForest
493;Fedor Smolov;538;Delantero;2019;2020;748;6.542857000000001;40.77;;;BAJO;BAJO;BAJO;0.6424;0.2673;0.0903;RandomForest
583;João Félix;530;Delantero;2019;2020;1757;6.785185;59.72;75.65;ALTO;MEDIO;MEDIO;MEDIO;0.306;0.4795;0.2145;RandomForest
668;Nabil Fekir;543;Delantero;2019;2020;2649;7.115624999999999;85.54;85.95;ALTO;ALTO;ALTO;ALTO;0.0511;0.1438;0.8051;RandomForest
746;Marco Asensio;541;Delantero;2019;2020;334;7.066666;73.16;77.33;ALTO;ALTO;MEDIO;ALTO;0.2458;0.3495;0.4047;RandomForest
758;Gareth Bale;541;Delantero;2019;2020;1092;6.9625;68.72;;;MEDIO;ALTO;MEDIO;0.276;0.4286;0.2953;RandomForest
759;Karim Benzema;541;Delantero;2019;2020;3155;7.435135;78.77;82.66;ALTO;ALTO;ALTO;ALTO;0.017;0.0591;0.924;RandomForest
760;Mariano Díaz;541;Delantero;2019;2020;40;6.9;48.63;42.06;BAJO;BAJO;BAJO;BAJO;0.6302;0.2344;0.1354;RandomForest
762;Vinícius Júnior;541;Delantero;2019;2020;1353;6.668965;59.18;71.0;MEDIO;MEDIO;MEDIO;MEDIO;0.274;0.5543;0.1717;RandomForest
925;Gonçalo Guedes;532;Delantero;2019;2020;1266;6.742857;67.2;79.13;ALTO;MEDIO;MEDIO;ALTO;0.2154;0.4295;0.3551;RandomForest
931;Ferran Torres;532;Delantero;2019;2020;2258;6.755882;65.86;;;MEDIO;MEDIO;MEDIO;0.2768;0.4811;0.2421;RandomForest
933;Kévin Gameiro;532;Delantero;2019;2020;1582;6.689285;52.97;37.57;BAJO;BAJO;BAJO;BAJO;0.5837;0.312;0.1044;RandomForest
934;Santi Mina;538;Delantero;2019;2020;1942;6.815625;61.46;74.03;MEDIO;MEDIO;MEDIO;MEDIO;0.369;0.501;0.13;RandomForest
935;Rodrigo;532;Delantero;2019;2020;1889;6.881481000000001;67.33;;;MEDIO;MEDIO;MEDIO;0.1881;0.465;0.347;RandomForest
937;Rubén Sobrino;532;Delantero;2019;2020;160;6.7;49.5;65.89;MEDIO;BAJO;BAJO;MEDIO;0.5339;0.3118;0.1543;RandomForest
959;Roger Assalé;537;Delantero;2019;2020;521;6.792857;58.19;;;BAJO;BAJO;BAJO;0.5137;0.359;0.1273;RandomForest
1097;Munas Dabbur;536;Delantero;2019;2020;24;6.849999999999999;38.26;;;BAJO;BAJO;MEDIO;0.6036;0.2669;0.1295;RandomForest
1124;Oliver Burke;542;Delantero;2019;2020;1420;6.5033330000000005;43.08;;;BAJO;BAJO;BAJO;0.5397;0.3439;0.1163;RandomForest
1375;Roberto Soldado;715;Delantero;2019;2020;2362;6.78125;58.68;53.75;BAJO;BAJO;BAJO;BAJO;0.4973;0.3504;0.1523;RandomForest
1583;Sergio León;539;Delantero;2019;2020;662;6.475;28.06;35.44;BAJO;BAJO;BAJO;BAJO;0.6889;0.2086;0.1025;RandomForest
1584;Loren Morón;543;Delantero;2019;2020;2029;6.852777;64.74;39.61;BAJO;BAJO;MEDIO;BAJO;0.4808;0.3891;0.13;RandomForest
1586;Cristian Tello;543;Delantero;2019;2020;770;6.596295999999999;43.48;68.14;MEDIO;BAJO;BAJO;BAJO;0.5115;0.3728;0.1157;RandomForest
1615;Gil Dias;715;Delantero;2019;2020;349;6.679999999999999;56.48;;;BAJO;BAJO;BAJO;0.5233;0.3479;0.1287;RandomForest
1616;Miguel Ángel Guerrero;537;Delantero;2019;2020;792;6.5;40.01;;;BAJO;BAJO;BAJO;0.6214;0.282;0.0966;RandomForest
1696;Samuel Chukwueze;533;Delantero;2019;2020;2037;6.748648;63.93;67.83;MEDIO;MEDIO;MEDIO;MEDIO;0.2027;0.5602;0.2371;RandomForest
1706;Carlos Bacca;533;Delantero;2019;2020;683;6.583333;39.74;49.56;BAJO;BAJO;BAJO;BAJO;0.665;0.2458;0.0892;RandomForest
1707;Gerard Moreno;533;Delantero;2019;2020;2754;7.217142;79.78;89.31;ALTO;ALTO;ALTO;ALTO;0.0351;0.0732;0.8917;RandomForest
1709;Karl Toko Ekambi;533;Delantero;2019;2020;995;6.738888;55.63;;;BAJO;BAJO;MEDIO;0.4593;0.3621;0.1786;RandomForest
1828;Luka Jović;541;Delantero;2019;2020;420;6.685714;46.87;37.29;;BAJO;BAJO;BAJO;0.5306;0.3422;0.1272;RandomForest
2057;Franco Vázquez;536;Delantero;2019;2020;1087;6.696666;55.94;37.23;;MEDIO;MEDIO;ALTO;0.357;0.4545;0.1885;RandomForest
2058;Nolito;536;Delantero;2019;2020;1222;7.0;67.45;81.02;ALTO;BAJO;BAJO;ALTO;0.3427;0.3387;0.3186;RandomForest
2060;Munir El Haddadi;536;Delantero;2019;2020;1252;7.033332999999999;78.9;64.49;MEDIO;MEDIO;MEDIO;MEDIO;0.2031;0.5224;0.2745;RandomForest
2061;Bryan Gil;537;Delantero;2019;2020;617;6.65;42.78;74.27;MEDIO;MEDIO;MEDIO;MEDIO;0.3907;0.4686;0.1407;RandomForest
2296;Eden Hazard;541;Delantero;2019;2020;1087;7.1;83.14;74.79;MEDIO;MEDIO;MEDIO;MEDIO;0.0758;0.5357;0.3885;RandomForest
2459;Darwin Machís;715;Delantero;2019;2020;2126;6.972222;78.91;75.11;MEDIO;MEDIO;ALTO;MEDIO;0.1568;0.5356;0.3076;RandomForest
2615;Maximiliano Gómez;532;Delantero;2019;2020;2149;6.90606;68.78;77.82;ALTO;MEDIO;MEDIO;MEDIO;0.2768;0.3809;0.3423;RandomForest
2671;Jaime Mata;546;Delantero;2019;2020;2759;6.92647;69.84;52.08;BAJO;MEDIO;ALTO;BAJO;0.3372;0.3779;0.285;RandomForest
2672;Iker Muniain;531;Delantero;2019;2020;2391;6.912903;78.8;84.6;ALTO;ALTO;ALTO;ALTO;0.135;0.2852;0.5798;RandomForest
2737;Martin Braithwaite;537;Delantero;2019;2020;2338;6.572727;47.43;49.95;BAJO;BAJO;BAJO;BAJO;0.6021;0.2892;0.1087;RandomForest
2864;Alexander Isak;548;Delantero;2019;2020;1497;6.67027;49.84;74.98;MEDIO;BAJO;BAJO;MEDIO;0.4636;0.4547;0.0817;RandomForest
2886;Javier Hernández;536;Delantero;2019;2020;446;6.544444;36.28;;;BAJO;BAJO;MEDIO;0.5793;0.3131;0.1075;RandomForest
9934;Deyverson;546;Delantero;2019;2020;205;6.52;25.87;51.62;BAJO;BAJO;BAJO;BAJO;0.5946;0.2629;0.1425;RandomForest
10009;Rodrygo;541;Delantero;2019;2020;1023;6.721052;63.85;67.05;MEDIO;MEDIO;MEDIO;MEDIO;0.2824;0.5029;0.2147;RandomForest
18833;Lucas Pérez;542;Delantero;2019;2020;2503;6.967647;70.59;75.36;ALTO;ALTO;ALTO;ALTO;0.1215;0.2614;0.6171;RandomForest
18907;Joselu;542;Delantero;2019;2020;2786;7.086111;75.14;85.14;ALTO;ALTO;ALTO;ALTO;0.1021;0.2303;0.6676;RandomForest
22014;Pablo Chavarria;798;Delantero;2019;2020;199;6.525;31.42;;;BAJO;BAJO;MEDIO;0.6313;0.2555;0.1133;RandomForest
22104;Yannis Salibur;798;Delantero;2019;2020;78;6.55;24.67;;;BAJO;BAJO;MEDIO;0.6396;0.2366;0.1238;RandomForest
31563;Aleksandar Trajkovski;798;Delantero;2019;2020;319;6.692857000000001;53.07;;;BAJO;MEDIO;MEDIO;0.4793;0.3502;0.1705;RandomForest
32862;Takefusa Kubo;798;Delantero;2019;2020;2309;6.854285;75.49;51.21;BAJO;MEDIO;ALTO;ALTO;0.2433;0.4356;0.3211;RandomForest
35575;Edgar Méndez;542;Delantero;2019;2020;865;6.4875;45.12;61.75;MEDIO;BAJO;BAJO;BAJO;0.4933;0.4088;0.0978;RandomForest
41595;Ivan Šaponjić;530;Delantero;2019;2020;4;6.25;11.57;27.04;;BAJO;BAJO;BAJO;0.6057;0.2709;0.1234;RandomForest
46667;Kike Barja;727;Delantero;2019;2020;313;6.550000000000001;43.18;63.74;MEDIO;BAJO;BAJO;BAJO;0.513;0.3663;0.1207;RandomForest
46670;Brandon;727;Delantero;2019;2020;408;6.425;28.06;18.88;;BAJO;BAJO;BAJO;0.5692;0.3112;0.1196;RandomForest
46671;Juan Villar;727;Delantero;2019;2020;234;6.49;30.93;;;BAJO;BAJO;ALTO;0.5918;0.2643;0.1439;RandomForest
46695;Adrián Ramos;715;Delantero;2019;2020;222;6.642857;33.83;;;BAJO;BAJO;BAJO;0.5793;0.2604;0.1603;RandomForest
46746;Ante Budimir;798;Delantero;2019;2020;2780;6.880000000000001;68.05;71.38;MEDIO;MEDIO;ALTO;MEDIO;0.2343;0.4971;0.2687;RandomForest
46748;Ariday;798;Delantero;2019;2020;35;6.45;18.67;;;BAJO;BAJO;MEDIO;0.6198;0.2584;0.1219;RandomForest
46751;Abdón Prats;798;Delantero;2019;2020;260;6.38;22.45;;;BAJO;BAJO;BAJO;0.622;0.2643;0.1137;RandomForest
46782;Manu Vallejo;532;Delantero;2019;2020;413;6.645454;52.08;48.55;BAJO;BAJO;BAJO;BAJO;0.6354;0.2658;0.0988;RandomForest
46808;Carlos Fernández;715;Delantero;2019;2020;2195;6.773529;67.1;42.65;BAJO;MEDIO;MEDIO;BAJO;0.3305;0.4043;0.2652;RandomForest
46809;Quique;545;Delantero;2019;2020;481;6.7;47.97;28.87;;BAJO;BAJO;MEDIO;0.5174;0.3421;0.1405;RandomForest
46898;Álex Alegría;798;Delantero;2019;2020;103;6.4;15.4;;;BAJO;BAJO;BAJO;0.6704;0.2212;0.1084;RandomForest
46933;Luis Rioja;542;Delantero;2019;2020;1641;6.489285;40.22;61.74;MEDIO;BAJO;BAJO;MEDIO;0.4823;0.3991;0.1186;RandomForest
47264;Hugo Duro;546;Delantero;2019;2020;374;6.6000000000000005;44.48;36.04;;BAJO;BAJO;BAJO;0.5587;0.3211;0.1201;RandomForest
47265;Jorge Molina;546;Delantero;2019;2020;1893;6.775756999999999;63.68;64.0;MEDIO;MEDIO;MEDIO;MEDIO;0.327;0.4967;0.1763;RandomForest
47266;Ángel Rodríguez;546;Delantero;2019;2020;1388;6.803125;62.22;45.09;BAJO;BAJO;MEDIO;BAJO;0.4599;0.4227;0.1174;RandomForest
47290;Aritz Aduriz;531;Delantero;2019;2020;194;6.592306999999999;32.13;;;BAJO;BAJO;BAJO;0.6085;0.2578;0.1337;RandomForest
47292;Kenan Kodro;531;Delantero;2019;2020;359;6.57;34.5;49.47;BAJO;BAJO;BAJO;BAJO;0.6764;0.219;0.1045;RandomForest
47294;Iñaki Williams;531;Delantero;2019;2020;2958;6.757894000000001;62.3;67.74;MEDIO;MEDIO;MEDIO;MEDIO;0.2586;0.5497;0.1917;RandomForest
47308;Näis Djouahra;548;Delantero;2019;2020;29;6.55;25.66;;;BAJO;BAJO;BAJO;0.6073;0.263;0.1297;RandomForest
47317;Ander Barrenetxea;548;Delantero;2019;2020;431;6.486666;48.05;55.88;BAJO;BAJO;BAJO;BAJO;0.5261;0.3432;0.1307;RandomForest
47319;Willian José;548;Delantero;2019;2020;2016;6.74054;54.04;68.19;MEDIO;MEDIO;MEDIO;MEDIO;0.3525;0.5218;0.1257;RandomForest
47320;Juanmi;543;Delantero;2019;2020;261;6.425;29.98;38.69;BAJO;BAJO;BAJO;BAJO;0.6374;0.2336;0.129;RandomForest
47323;Mikel Oyarzabal;548;Delantero;2019;2020;3063;7.108107999999999;83.33;83.33;ALTO;ALTO;ALTO;ALTO;0.0331;0.0748;0.8921;RandomForest
47324;Sandro Ramírez;720;Delantero;2019;2020;1307;6.775000000000001;59.79;78.46;ALTO;MEDIO;MEDIO;MEDIO;0.3729;0.4367;0.1904;RandomForest
47344;Víctor Campuzano;540;Delantero;2019;2020;866;6.442105000000001;32.84;;;BAJO;BAJO;BAJO;0.6602;0.2634;0.0764;RandomForest
47346;Facundo Ferreyra;540;Delantero;2019;2020;566;6.575;36.62;33.62;;BAJO;BAJO;BAJO;0.6121;0.2641;0.1238;RandomForest
47348;Borja Iglesias;543;Delantero;2019;2020;1920;6.597058;46.77;58.97;BAJO;BAJO;BAJO;BAJO;0.5583;0.3559;0.0857;RandomForest
47350;Wu Lei;540;Delantero;2019;2020;1724;6.6;48.62;;;BAJO;BAJO;MEDIO;0.5079;0.4035;0.0886;RandomForest
47368;Jonathan Calleri;540;Delantero;2019;2020;1815;6.848148;64.04;68.6;MEDIO;MEDIO;MEDIO;MEDIO;0.2815;0.5471;0.1713;RandomForest
47369;Paulino De la Fuente;542;Delantero;2019;2020;72;6.266666;15.72;;;BAJO;BAJO;BAJO;0.6776;0.2203;0.1022;RandomForest
47371;John Guidetti;542;Delantero;2019;2020;93;6.475;21.1;34.03;;BAJO;BAJO;BAJO;0.6388;0.2498;0.1113;RandomForest
47390;Fabián Orellana;545;Delantero;2019;2020;2398;6.766666;65.45;62.92;MEDIO;MEDIO;MEDIO;MEDIO;0.1518;0.5817;0.2665;RandomForest
47393;Marc Cardona;727;Delantero;2019;2020;703;6.615789000000001;43.29;26.84;;BAJO;BAJO;BAJO;0.5684;0.3217;0.1099;RandomForest
47394;Charles Días;545;Delantero;2019;2020;1294;6.644443999999999;43.07;;;BAJO;BAJO;BAJO;0.5938;0.3297;0.0765;RandomForest
47395;Sergi Enrich;545;Delantero;2019;2020;1871;6.676666;50.33;62.71;MEDIO;MEDIO;BAJO;MEDIO;0.3808;0.482;0.1372;RandomForest
47396;Kike García;545;Delantero;2019;2020;1774;6.796296;59.5;85.05;ALTO;MEDIO;MEDIO;MEDIO;0.3193;0.4671;0.2137;RandomForest
47419;José Manuel Arnáiz;727;Delantero;2019;2020;1119;6.572727;44.1;;;BAJO;BAJO;BAJO;0.5967;0.3169;0.0863;RandomForest
47421;Guido Carrillo;537;Delantero;2019;2020;1207;6.717391;48.43;72.7;MEDIO;MEDIO;MEDIO;MEDIO;0.3424;0.518;0.1395;RandomForest
47422;Youssef En-Nesyri;537;Delantero;2019;2020;2174;6.75;53.71;73.66;MEDIO;MEDIO;MEDIO;MEDIO;0.3046;0.5341;0.1613;RandomForest
47423;Sabin Merino;537;Delantero;2019;2020;78;6.5;18.66;;;BAJO;BAJO;BAJO;0.646;0.2393;0.1147;RandomForest
47445;Iago Aspas;538;Delantero;2019;2020;3268;7.078378;80.79;86.52;ALTO;ALTO;ALTO;ALTO;0.029;0.0739;0.8971;RandomForest
47447;Pione Sisto;538;Delantero;2019;2020;884;6.835;69.37;;;MEDIO;MEDIO;MEDIO;0.3085;0.4733;0.2182;RandomForest
47467;José Luis Morales;539;Delantero;2019;2020;2528;6.557894;46.91;72.05;MEDIO;MEDIO;MEDIO;MEDIO;0.346;0.4928;0.1613;RandomForest
47471;Roger Martí;539;Delantero;2019;2020;2272;6.782857;61.8;68.68;MEDIO;MEDIO;MEDIO;MEDIO;0.3434;0.5079;0.1487;RandomForest
47472;Borja Mayoral;539;Delantero;2019;2020;2147;6.811764;64.69;15.65;;MEDIO;MEDIO;MEDIO;0.3008;0.5114;0.1878;RandomForest
47492;Toni Villa;720;Delantero;2019;2020;1365;6.369565;40.17;56.97;BAJO;BAJO;BAJO;BAJO;0.5551;0.3101;0.1348;RandomForest
47494;Miguel de la Fuente;720;Delantero;2019;2020;229;6.566666;33.05;;;BAJO;BAJO;BAJO;0.6244;0.2577;0.1179;RandomForest
47495;Sergi Guardiola;720;Delantero;2019;2020;2665;6.742857;61.37;55.68;BAJO;MEDIO;MEDIO;BAJO;0.3892;0.4268;0.1841;RandomForest
47496;Óscar Plano;720;Delantero;2019;2020;2510;6.755555000000001;66.92;75.63;ALTO;MEDIO;MEDIO;MEDIO;0.2762;0.4043;0.3195;RandomForest
47498;Waldo Rubio Marin;720;Delantero;2019;2020;872;6.526315;42.48;30.69;;BAJO;BAJO;MEDIO;0.5564;0.3168;0.1268;RandomForest
47499;Enes Ünal;720;Delantero;2019;2020;2338;6.902857;73.58;68.14;MEDIO;MEDIO;MEDIO;MEDIO;0.2166;0.5478;0.2356;RandomForest
47520;Portu;548;Delantero;2019;2020;2394;6.811428;65.37;62.12;MEDIO;MEDIO;MEDIO;MEDIO;0.2738;0.5242;0.202;RandomForest
47523;Kévin Soni;540;Delantero;2019;2020;3;6.3;11.0;;;BAJO;BAJO;BAJO;0.5808;0.2873;0.1319;RandomForest
47551;Raúl de Tomás;540;Delantero;2019;2020;1074;6.992857;77.66;;;MEDIO;MEDIO;ALTO;0.2713;0.4239;0.3047;RandomForest
47554;Adrián Embarba;540;Delantero;2019;2020;1381;6.966666;84.64;;;ALTO;ALTO;MEDIO;0.1535;0.4028;0.4437;RandomForest
47579;Chimy Ávila;727;Delantero;2019;2020;1593;7.115789000000001;72.7;33.78;;MEDIO;ALTO;ALTO;0.2872;0.4201;0.2927;RandomForest
47581;Enric Gallego;727;Delantero;2019;2020;1041;6.52;36.17;42.25;BAJO;BAJO;BAJO;BAJO;0.6688;0.2287;0.1025;RandomForest
47582;Cucho Hernández;798;Delantero;2019;2020;1582;6.768181;70.13;75.05;MEDIO;MEDIO;MEDIO;MEDIO;0.2383;0.5399;0.2219;RandomForest
51616;Gabriel Fernández;538;Delantero;2019;2020;553;6.388888;27.53;;;BAJO;BAJO;BAJO;0.6894;0.2143;0.0964;RandomForest
67955;Carles Pérez;529;Delantero;2019;2020;474;6.66;50.25;;;BAJO;MEDIO;ALTO;0.4497;0.349;0.2012;RandomForest
104793;Amath Ndiaye;546;Delantero;2019;2020;59;6.357142;19.41;;;BAJO;BAJO;MEDIO;0.6576;0.2394;0.103;RandomForest
104835;Darío Poveda;530;Delantero;2019;2020;7;6.9;40.35;31.93;;BAJO;BAJO;MEDIO;0.5907;0.2777;0.1316;RandomForest
104853;Asier Villalibre;531;Delantero;2019;2020;523;6.611764;41.86;55.18;BAJO;BAJO;BAJO;BAJO;0.6834;0.2312;0.0854;RandomForest
107158;Sergio Bermejo Lillo;538;Delantero;2019;2020;4;6.7;29.9;;;BAJO;BAJO;BAJO;0.6197;0.2551;0.1252;RandomForest
122231;Juan Hernández García;538;Delantero;2019;2020;84;6.549999999999999;25.81;;;BAJO;BAJO;BAJO;0.6442;0.2487;0.1071;RandomForest
128582;Jorge de Frutos;720;Delantero;2019;2020;56;6.366666;16.77;71.8;MEDIO;BAJO;BAJO;BAJO;0.6136;0.278;0.1084;RandomForest
128985;Iker Losada;538;Delantero;2019;2020;11;7.0;47.59;;;BAJO;BAJO;BAJO;0.5401;0.3117;0.1481;RandomForest
133453;Borja Sainz;542;Delantero;2019;2020;565;6.4;32.78;33.43;;BAJO;BAJO;MEDIO;0.6469;0.2662;0.0869;RandomForest
135775;Ansu Fati;529;Delantero;2019;2020;1024;6.770833;63.79;79.67;;MEDIO;MEDIO;MEDIO;0.3378;0.465;0.1972;RandomForest
146751;Raúl García de Haro;543;Delantero;2019;2020;16;6.3;11.47;;;BAJO;BAJO;BAJO;0.6146;0.271;0.1145;RandomForest
147797;Antoñin;715;Delantero;2019;2020;177;6.542857;35.73;18.88;;BAJO;BAJO;BAJO;0.6173;0.2575;0.1251;RandomForest
161963;Germán Valera;530;Delantero;2019;2020;3;6.900000000000001;39.49;18.88;;BAJO;BAJO;MEDIO;0.5977;0.2759;0.1264;RandomForest
181852;Mario Rodriguez;715;Delantero;2019;2020;1;6.7;30.45;;;BAJO;BAJO;MEDIO;0.6383;0.2549;0.1068;RandomForest
182490;Jacobo;538;Delantero;2019;2020;83;6.45;20.32;;;BAJO;BAJO;BAJO;0.6743;0.2299;0.0958;RandomForest
182670;Joan Monterde;539;Delantero;2019;2020;8;6.2;14.24;;;BAJO;BAJO;BAJO;0.6677;0.2291;0.1032;RandomForest
184277;Fernando Niño;533;Delantero;2019;2020;80;6.5;25.17;41.12;BAJO;BAJO;BAJO;BAJO;0.6998;0.2;0.1002;RandomForest
184608;Manu Garrido;537;Delantero;2019;2020;115;6.366666;19.53;;;BAJO;BAJO;BAJO;0.6787;0.2156;0.1057;RandomForest
263812;Luka Romero;798;Delantero;2019;2020;7;6.2;10.72;;;BAJO;BAJO;BAJO;0.6185;0.2613;0.1202;RandomForest
45;Thomas Lemar;530;Mediocentro;2019;2020;922;6.609523;44.11;83.14;ALTO;BAJO;BAJO;ALTO;0.4454;0.3111;0.2436;RandomForest
46;Vitolo;530;Mediocentro;2019;2020;1218;6.8;66.63;27.48;;MEDIO;BAJO;MEDIO;0.3745;0.4243;0.2011;RandomForest
47;Toni Moya;530;Mediocentro;2019;2020;3;0.0;9.71;18.88;;BAJO;ALTO;BAJO;0.5825;0.273;0.1445;RandomForest
48;Saúl Ñíguez;530;Mediocentro;2019;2020;3076;7.014285;76.82;77.87;ALTO;ALTO;ALTO;ALTO;0.0893;0.2419;0.6688;RandomForest
49;Thomas Partey;530;Mediocentro;2019;2020;2551;7.082857;85.31;61.52;;ALTO;ALTO;MEDIO;0.0644;0.1773;0.7583;RandomForest
50;Koke;530;Mediocentro;2019;2020;2699;7.128125000000001;83.49;83.36;ALTO;ALTO;ALTO;ALTO;0.015;0.0875;0.8975;RandomForest
137;Sergi Roberto;529;Mediocentro;2019;2020;2342;7.013333;76.19;77.44;ALTO;ALTO;ALTO;ALTO;0.0639;0.1857;0.7504;RandomForest
142;Rafinha Alcântara;538;Mediocentro;2019;2020;2306;7.066666;73.19;18.88;;MEDIO;BAJO;BAJO;0.3373;0.387;0.2756;RandomForest
143;Carles Aleñá;543;Mediocentro;2019;2020;901;6.5;34.3;41.1;BAJO;BAJO;BAJO;BAJO;0.6347;0.2448;0.1205;RandomForest
144;Sergio Busquets;529;Mediocentro;2019;2020;2491;7.206060000000001;85.14;82.36;ALTO;ALTO;ALTO;ALTO;0.0336;0.1343;0.8322;RandomForest
146;Alex Collado;529;Mediocentro;2019;2020;5;6.7;27.85;18.88;;BAJO;BAJO;BAJO;0.6152;0.2505;0.1344;RandomForest
148;Riqui Puig;529;Mediocentro;2019;2020;507;6.945454;75.65;55.66;;MEDIO;ALTO;MEDIO;0.1244;0.4822;0.3934;RandomForest
149;Ivan Rakitić;529;Mediocentro;2019;2020;1584;6.873333;69.36;70.04;MEDIO;MEDIO;ALTO;MEDIO;0.2045;0.5244;0.2711;RandomForest
150;Arthur;529;Mediocentro;2019;2020;1185;7.028571;70.88;;;ALTO;ALTO;ALTO;0.1534;0.3776;0.469;RandomForest
151;Arturo Vidal;529;Mediocentro;2019;2020;1662;6.9;74.16;;;MEDIO;ALTO;ALTO;0.199;0.4338;0.3671;RandomForest
382;Héctor Herrera;530;Mediocentro;2019;2020;1120;6.995238;72.61;65.39;MEDIO;MEDIO;ALTO;MEDIO;0.1472;0.507;0.3458;RandomForest
385;Óliver Torres;536;Mediocentro;2019;2020;1608;6.810714;67.92;67.32;MEDIO;MEDIO;MEDIO;MEDIO;0.275;0.4823;0.2427;RandomForest
452;Fernando;536;Mediocentro;2019;2020;2657;7.064705;79.01;81.81;ALTO;ALTO;ALTO;ALTO;0.0637;0.2051;0.7312;RandomForest
517;James Rodríguez;541;Mediocentro;2019;2020;419;7.325;67.48;;;MEDIO;MEDIO;MEDIO;0.2448;0.485;0.2703;RandomForest
538;Frenkie de Jong;529;Mediocentro;2019;2020;2121;6.996551;77.62;88.36;ALTO;ALTO;ALTO;ALTO;0.0899;0.2107;0.6994;RandomForest
571;Ljubomir Fejsa;542;Mediocentro;2019;2020;791;6.454545;31.07;;;BAJO;BAJO;BAJO;0.6821;0.2216;0.0963;RandomForest
660;Pape Cheikh;538;Mediocentro;2019;2020;593;6.493333;32.11;;;BAJO;BAJO;BAJO;0.5356;0.3357;0.1286;RandomForest
744;Brahim Díaz;541;Mediocentro;2019;2020;67;6.58;32.09;;;BAJO;BAJO;BAJO;0.6264;0.2531;0.1205;RandomForest
745;Isco;541;Mediocentro;2019;2020;1188;6.943478;78.13;61.94;MEDIO;MEDIO;ALTO;MEDIO;0.1182;0.4703;0.4116;RandomForest
747;Casemiro;541;Mediocentro;2019;2020;3091;7.294285;88.28;89.48;ALTO;ALTO;ALTO;ALTO;0.028;0.0745;0.8975;RandomForest
752;Toni Kroos;541;Mediocentro;2019;2020;2656;7.514704999999999;85.88;87.0;ALTO;ALTO;ALTO;ALTO;0.0122;0.108;0.8797;RandomForest
753;Marcos Llorente;530;Mediocentro;2019;2020;1367;6.813793000000001;66.62;89.1;ALTO;MEDIO;BAJO;ALTO;0.312;0.4385;0.2495;RandomForest
754;Luka Modrić;541;Mediocentro;2019;2020;1998;7.129032;84.99;89.83;ALTO;ALTO;ALTO;ALTO;0.0193;0.0668;0.9139;RandomForest
756;Federico Valverde;541;Mediocentro;2019;2020;1906;6.875;71.02;83.43;ALTO;ALTO;MEDIO;ALTO;0.2312;0.3417;0.4271;RandomForest
919;Hugo Guillamón;532;Mediocentro;2019;2020;494;6.716666;42.07;63.44;MEDIO;BAJO;BAJO;BAJO;0.5029;0.3654;0.1317;RandomForest
923;Denis Cheryshev;532;Mediocentro;2019;2020;919;6.508695;38.85;59.38;MEDIO;BAJO;BAJO;MEDIO;0.5421;0.3586;0.0992;RandomForest
924;Francis Coquelin;532;Mediocentro;2019;2020;1908;6.773076;63.94;53.31;BAJO;BAJO;BAJO;BAJO;0.4251;0.3761;0.1988;RandomForest
926;Geoffrey Kondogbia;532;Mediocentro;2019;2020;1807;6.855555;73.85;59.01;MEDIO;MEDIO;ALTO;MEDIO;0.1632;0.5245;0.3122;RandomForest
927;Kang-in Lee;532;Mediocentro;2019;2020;445;6.57647;44.79;72.06;MEDIO;BAJO;MEDIO;MEDIO;0.4737;0.3946;0.1316;RandomForest
928;Dani Parejo;532;Mediocentro;2019;2020;3030;7.257142;87.82;89.95;ALTO;ALTO;ALTO;ALTO;0.0082;0.0156;0.9762;RandomForest
930;Carlos Soler;532;Mediocentro;2019;2020;2074;6.564285;48.0;87.72;ALTO;BAJO;BAJO;BAJO;0.4748;0.3642;0.161;RandomForest
932;Daniel Wass;532;Mediocentro;2019;2020;2731;6.725714;55.82;80.69;ALTO;MEDIO;BAJO;BAJO;0.3286;0.3806;0.2908;RandomForest
1461;Denis Suárez;538;Mediocentro;2019;2020;1636;6.761537999999999;61.82;77.99;ALTO;ALTO;ALTO;ALTO;0.1522;0.3352;0.5127;RandomForest
1489;Nemanja Gudelj;536;Mediocentro;2019;2020;1200;6.654545;49.86;51.61;BAJO;BAJO;BAJO;BAJO;0.5052;0.3381;0.1567;RandomForest
1570;Sergio Canales;543;Mediocentro;2019;2020;3167;7.169444;82.46;82.8;ALTO;ALTO;ALTO;ALTO;0.0101;0.0349;0.955;RandomForest
1571;Javi García;543;Mediocentro;2019;2020;374;6.471428;27.98;;;BAJO;BAJO;BAJO;0.6429;0.2207;0.1364;RandomForest
1573;Andrés Guardado;543;Mediocentro;2019;2020;2055;6.657142;55.5;66.02;MEDIO;MEDIO;BAJO;MEDIO;0.3329;0.4392;0.2279;RandomForest
1576;Wilfrid Kaptoum;543;Mediocentro;2019;2020;192;6.46;22.59;;;BAJO;BAJO;ALTO;0.6179;0.229;0.1532;RandomForest
1577;Diego Lainez;543;Mediocentro;2019;2020;338;6.514284999999999;41.14;52.86;BAJO;BAJO;BAJO;BAJO;0.6305;0.264;0.1055;RandomForest
1579;Joaquín;543;Mediocentro;2019;2020;2071;7.021212;78.98;72.74;MEDIO;ALTO;MEDIO;MEDIO;0.0551;0.4656;0.4793;RandomForest
1580;William Carvalho;543;Mediocentro;2019;2020;894;6.553846000000001;49.17;57.17;BAJO;BAJO;BAJO;BAJO;0.5514;0.268;0.1807;RandomForest
1650;Suso;536;Mediocentro;2019;2020;784;6.764705;62.91;83.11;ALTO;ALTO;MEDIO;ALTO;0.2723;0.3382;0.3895;RandomForest
1695;Santi Cazorla;533;Mediocentro;2019;2020;2461;7.334285000000001;85.65;;;ALTO;ALTO;ALTO;0.0119;0.0715;0.9166;RandomForest
1699;Vicente Iborra;533;Mediocentro;2019;2020;2663;6.855882;69.41;69.82;MEDIO;MEDIO;MEDIO;MEDIO;0.2139;0.5517;0.2344;RandomForest
1701;Manu Morlanes;533;Mediocentro;2019;2020;249;6.7125;50.03;;;BAJO;MEDIO;MEDIO;0.4617;0.3588;0.1794;RandomForest
1704;Bruno Soriano;533;Mediocentro;2019;2020;258;6.742857;48.3;;;BAJO;BAJO;BAJO;0.4672;0.3189;0.2139;RandomForest
1705;Manu Trigueros;533;Mediocentro;2019;2020;1544;6.857142;70.52;75.51;MEDIO;MEDIO;MEDIO;MEDIO;0.1934;0.5175;0.2891;RandomForest
1911;Lucas Ocampos;536;Mediocentro;2019;2020;2755;7.033333;81.0;84.36;ALTO;ALTO;ALTO;ALTO;0.1008;0.3028;0.5963;RandomForest
2049;Ibrahim Amadou;537;Mediocentro;2019;2020;772;6.73;58.53;;;MEDIO;BAJO;BAJO;0.4026;0.4252;0.1721;RandomForest
2050;Éver Banega;536;Mediocentro;2019;2020;2482;7.30909;82.6;;;ALTO;ALTO;ALTO;0.0193;0.1025;0.8783;RandomForest
2051;Maxime Gonalons;715;Mediocentro;2019;2020;1509;6.838888000000001;62.46;58.53;MEDIO;MEDIO;MEDIO;MEDIO;0.3139;0.4873;0.1987;RandomForest
2053;Roque Mesa;537;Mediocentro;2019;2020;2017;6.789655;66.83;75.2;MEDIO;MEDIO;MEDIO;MEDIO;0.2483;0.5166;0.2351;RandomForest
2205;Hatem Ben Arfa;720;Mediocentro;2019;2020;158;6.425;21.26;;;BAJO;BAJO;BAJO;0.6907;0.2124;0.0969;RandomForest
2449;Yangel Herrera;715;Mediocentro;2019;2020;2376;6.86;73.2;73.97;MEDIO;MEDIO;MEDIO;MEDIO;0.2132;0.4931;0.2937;RandomForest
2476;Guido Rodríguez;543;Mediocentro;2019;2020;938;6.928571;76.26;86.09;ALTO;ALTO;ALTO;ALTO;0.1596;0.3812;0.4592;RandomForest
2600;Takashi Inui;545;Mediocentro;2019;2020;1964;6.548275;49.62;46.24;BAJO;BAJO;BAJO;BAJO;0.4992;0.3773;0.1235;RandomForest
2715;Fayçal Fajr;546;Mediocentro;2019;2020;401;6.700000000000001;46.16;;;BAJO;BAJO;MEDIO;0.4893;0.3476;0.1631;RandomForest
2717;Anuar;720;Mediocentro;2019;2020;181;6.481818;27.26;;;BAJO;BAJO;ALTO;0.5947;0.2615;0.1438;RandomForest
2761;Filip Bradarić;538;Mediocentro;2019;2020;705;6.383333;37.93;;;BAJO;BAJO;BAJO;0.6264;0.2688;0.1049;RandomForest
2774;Oghenekaro Etebo;546;Mediocentro;2019;2020;574;6.7;47.84;;;BAJO;BAJO;MEDIO;0.6017;0.2878;0.1105;RandomForest
2824;Nemanja Maksimović;546;Mediocentro;2019;2020;2898;6.774285;62.93;68.38;MEDIO;MEDIO;MEDIO;MEDIO;0.3102;0.5233;0.1666;RandomForest
2923;Yannick Carrasco;530;Mediocentro;2019;2020;628;6.52;51.14;84.57;ALTO;BAJO;BAJO;BAJO;0.4508;0.3412;0.208;RandomForest
2924;Adnan Januzaj;548;Mediocentro;2019;2020;1164;6.858333;69.16;80.29;ALTO;MEDIO;MEDIO;MEDIO;0.2288;0.4478;0.3234;RandomForest
2979;José Luis Rodríguez;542;Mediocentro;2019;2020;21;6.200000000000001;16.34;;;BAJO;BAJO;BAJO;0.6202;0.2553;0.1245;RandomForest
3406;André Zambo Anguissa;533;Mediocentro;2019;2020;2581;6.925;79.26;;;ALTO;ALTO;MEDIO;0.1239;0.3404;0.5358;RandomForest
3426;Mubarak Wakaso;542;Mediocentro;2019;2020;1289;6.775;57.52;;;MEDIO;MEDIO;MEDIO;0.3446;0.4262;0.2292;RandomForest
6066;Matías Vargas;540;Mediocentro;2019;2020;1020;6.595;47.86;;;BAJO;BAJO;MEDIO;0.4309;0.3897;0.1794;RandomForest
9925;Matheus Fernandes;720;Mediocentro;2019;2020;166;6.8;43.65;18.88;;BAJO;BAJO;BAJO;0.5519;0.2707;0.1774;RandomForest
18900;Sung-Yueng Ki;798;Mediocentro;2019;2020;8;5.9;10.31;;;BAJO;BAJO;BAJO;0.5872;0.273;0.1398;RandomForest
18902;Kenedy;546;Mediocentro;2019;2020;573;6.641176;46.58;66.26;MEDIO;BAJO;BAJO;MEDIO;0.4649;0.3867;0.1483;RandomForest
18998;Víctor Camarasa;542;Mediocentro;2019;2020;1300;6.7;58.11;;;MEDIO;BAJO;BAJO;0.3914;0.4008;0.2078;RandomForest
37127;Martin Ødegaard;548;Mediocentro;2019;2020;2533;7.164516;80.61;47.33;;ALTO;ALTO;ALTO;0.025;0.1415;0.8335;RandomForest
46658;Rubén García;727;Mediocentro;2019;2020;2196;7.073333;81.81;82.36;ALTO;ALTO;ALTO;ALTO;0.067;0.227;0.706;RandomForest
46659;Robert Ibáñez;727;Mediocentro;2019;2020;533;6.492857;36.9;;;BAJO;BAJO;MEDIO;0.5227;0.3407;0.1366;RandomForest
46660;Javi Martínez;727;Mediocentro;2019;2020;10;6.2;13.55;54.82;BAJO;BAJO;BAJO;BAJO;0.6658;0.23;0.1042;RandomForest
46661;Fran Mérida;727;Mediocentro;2019;2020;1160;6.690909;57.08;;;BAJO;BAJO;MEDIO;0.4452;0.3761;0.1787;RandomForest
46662;Jon Moncayola;727;Mediocentro;2019;2020;1489;6.738461000000001;62.93;67.66;MEDIO;MEDIO;MEDIO;MEDIO;0.3051;0.5073;0.1876;RandomForest
46664;Luis Perea;727;Mediocentro;2019;2020;19;6.5;17.57;;;BAJO;BAJO;BAJO;0.6515;0.2415;0.107;RandomForest
46665;Iñigo Pérez;727;Mediocentro;2019;2020;1074;6.8;65.51;50.68;BAJO;BAJO;BAJO;BAJO;0.4882;0.3557;0.1561;RandomForest
46666;Roberto Torres;727;Mediocentro;2019;2020;2722;7.038888000000001;77.65;63.62;MEDIO;MEDIO;ALTO;MEDIO;0.1254;0.447;0.4275;RandomForest
46685;Ramon Azeez;715;Mediocentro;2019;2020;1356;6.620833;43.78;23.09;;BAJO;BAJO;BAJO;0.6084;0.2986;0.093;RandomForest
46687;Ángel Montoro;715;Mediocentro;2019;2020;972;7.192857;80.02;70.63;MEDIO;MEDIO;ALTO;MEDIO;0.093;0.572;0.335;RandomForest
46688;Alejandro Pozo;798;Mediocentro;2019;2020;1532;6.721051999999999;49.61;38.5;BAJO;BAJO;BAJO;BAJO;0.4775;0.3448;0.1776;RandomForest
46689;Antonio Puertas;715;Mediocentro;2019;2020;2562;6.619444;53.4;57.48;MEDIO;MEDIO;MEDIO;MEDIO;0.3472;0.4975;0.1553;RandomForest
46691;Fede San Emeterio;720;Mediocentro;2019;2020;1752;6.6;44.05;38.36;BAJO;BAJO;BAJO;BAJO;0.6027;0.2902;0.1071;RandomForest
46692;Álvaro Vadillo;715;Mediocentro;2019;2020;1222;6.795454000000001;59.36;18.88;;BAJO;BAJO;ALTO;0.4706;0.3457;0.1837;RandomForest
46693;Fede Vico;715;Mediocentro;2019;2020;879;6.705555;57.62;41.69;BAJO;BAJO;BAJO;BAJO;0.55;0.3067;0.1433;RandomForest
46711;Aleix Febas;798;Mediocentro;2019;2020;1700;6.741379;66.13;;;MEDIO;BAJO;MEDIO;0.3046;0.4479;0.2475;RandomForest
46739;Iddrisu Baba;798;Mediocentro;2019;2020;2914;6.591666;53.0;;;MEDIO;BAJO;MEDIO;0.3722;0.3764;0.2513;RandomForest
46741;Marc Pedraza;798;Mediocentro;2019;2020;131;6.266666;16.2;;;BAJO;BAJO;BAJO;0.6355;0.2357;0.1288;RandomForest
46742;Dani Rodríguez;798;Mediocentro;2019;2020;3048;6.764864;72.52;;;ALTO;ALTO;ALTO;0.1911;0.3776;0.4313;RandomForest
46743;Salva Sevilla;798;Mediocentro;2019;2020;2668;7.025713999999999;72.08;;;ALTO;MEDIO;ALTO;0.1181;0.3884;0.4935;RandomForest
46749;Lago Júnior;798;Mediocentro;2019;2020;2190;6.528571;48.95;;;BAJO;BAJO;BAJO;0.4852;0.3626;0.1522;RandomForest
46799;Edu Expósito;545;Mediocentro;2019;2020;2310;6.847058;70.71;81.42;ALTO;MEDIO;MEDIO;ALTO;0.3217;0.3762;0.302;RandomForest
46832;Javier Ontiveros;533;Mediocentro;2019;2020;872;6.759259;63.24;62.0;MEDIO;MEDIO;MEDIO;MEDIO;0.3199;0.5046;0.1756;RandomForest
46860;Javier Muñoz;542;Mediocentro;2019;2020;53;6.3;14.25;;;BAJO;BAJO;BAJO;0.6048;0.2778;0.1174;RandomForest
46920;Yan Eteki;715;Mediocentro;2019;2020;1502;6.539285;41.6;40.08;BAJO;BAJO;BAJO;BAJO;0.6492;0.2495;0.1013;RandomForest
47010;David Timor;546;Mediocentro;2019;2020;937;6.673684;51.95;46.16;BAJO;BAJO;BAJO;BAJO;0.5578;0.3144;0.1279;RandomForest
47258;Mauro Arambarri;546;Mediocentro;2019;2020;3072;6.802857;69.41;80.33;ALTO;MEDIO;MEDIO;MEDIO;0.2368;0.4155;0.3477;RandomForest
47259;Markel Bergara;546;Mediocentro;2019;2020;70;6.5;16.48;;;BAJO;BAJO;BAJO;0.6159;0.2652;0.1189;RandomForest
47260;Sebastián Cristóforo;545;Mediocentro;2019;2020;872;6.658823;55.33;;;BAJO;BAJO;BAJO;0.432;0.4114;0.1567;RandomForest
47262;Francisco Portillo;546;Mediocentro;2019;2020;365;6.6375;44.52;27.84;;BAJO;BAJO;MEDIO;0.5002;0.3573;0.1425;RandomForest
47279;Iñigo Cordoba;531;Mediocentro;2019;2020;1455;6.575;51.78;36.1;;BAJO;BAJO;MEDIO;0.4515;0.3815;0.1671;RandomForest
47280;Beñat Etxebarria;531;Mediocentro;2019;2020;388;6.690909;42.89;;;BAJO;BAJO;BAJO;0.4685;0.3471;0.1844;RandomForest
47281;Dani García;531;Mediocentro;2019;2020;3027;6.702777;52.3;60.07;MEDIO;MEDIO;BAJO;MEDIO;0.3384;0.4607;0.2009;RandomForest
47282;Raúl García;531;Mediocentro;2019;2020;2878;7.014705;72.68;72.51;MEDIO;MEDIO;MEDIO;MEDIO;0.1776;0.4833;0.3392;RandomForest
47283;Ibai Gómez;531;Mediocentro;2019;2020;688;6.747058;53.81;40.73;;BAJO;BAJO;BAJO;0.5136;0.3222;0.1642;RandomForest
47284;Ander Iturraspe;540;Mediocentro;2019;2020;240;6.4375;19.12;;;BAJO;BAJO;BAJO;0.625;0.2338;0.1412;RandomForest
47285;Unai López;531;Mediocentro;2019;2020;1804;6.965384;73.0;73.87;MEDIO;ALTO;MEDIO;MEDIO;0.1239;0.4327;0.4433;RandomForest
47288;Mikel San José;531;Mediocentro;2019;2020;354;6.6625000000000005;37.44;;;BAJO;BAJO;BAJO;0.5719;0.2822;0.1459;RandomForest
47309;Ander Guevara;548;Mediocentro;2019;2020;941;6.576923;43.55;67.58;MEDIO;BAJO;MEDIO;MEDIO;0.4544;0.4032;0.1424;RandomForest
47310;Asier Illarramendi;548;Mediocentro;2019;2020;217;6.833333;42.34;56.32;;BAJO;BAJO;ALTO;0.5544;0.2667;0.1788;RandomForest
47311;Mikel Merino;548;Mediocentro;2019;2020;3143;7.049999999999999;85.74;89.15;ALTO;ALTO;ALTO;ALTO;0.0248;0.0723;0.9029;RandomForest
47313;Luca Sangalli;548;Mediocentro;2019;2020;371;6.730000000000001;49.72;;;BAJO;MEDIO;MEDIO;0.4721;0.3288;0.1991;RandomForest
47315;Martín Zubimendi;548;Mediocentro;2019;2020;571;6.777777;60.29;71.04;MEDIO;MEDIO;MEDIO;MEDIO;0.2574;0.5351;0.2076;RandomForest
47316;David Zurutuza;548;Mediocentro;2019;2020;156;6.44;21.45;;;BAJO;BAJO;BAJO;0.6597;0.2191;0.1212;RandomForest
47321;Roberto López;548;Mediocentro;2019;2020;49;6.933333;47.61;57.55;MEDIO;BAJO;BAJO;BAJO;0.4858;0.3708;0.1434;RandomForest
47336;Sergi Darder;540;Mediocentro;2019;2020;2658;6.683333;56.13;;;BAJO;MEDIO;MEDIO;0.4278;0.3647;0.2074;RandomForest
47337;Esteban Granero;540;Mediocentro;2019;2020;472;6.681818;52.1;;;BAJO;BAJO;BAJO;0.4859;0.3378;0.1763;RandomForest
47339;Óscar Melendo;540;Mediocentro;2019;2020;1111;6.556521;42.05;;;BAJO;BAJO;MEDIO;0.5016;0.3636;0.1348;RandomForest
47340;Pablo Piatti;540;Mediocentro;2019;2020;53;6.666666;29.25;44.5;;BAJO;BAJO;BAJO;0.632;0.2475;0.1206;RandomForest
47341;Marc Roca;540;Mediocentro;2019;2020;3019;6.797142;66.18;;;MEDIO;BAJO;BAJO;0.276;0.4184;0.3056;RandomForest
47342;Víctor Sánchez;540;Mediocentro;2019;2020;1691;6.745833;59.97;;;MEDIO;MEDIO;MEDIO;0.3845;0.3965;0.2191;RandomForest
47361;Darko Brašanac;727;Mediocentro;2019;2020;2251;6.596774;50.21;43.98;BAJO;BAJO;BAJO;MEDIO;0.5077;0.3302;0.162;RandomForest
47362;Burgui;542;Mediocentro;2019;2020;20;6.2;12.17;36.41;;BAJO;BAJO;BAJO;0.6088;0.2607;0.1305;RandomForest
47363;Manu García;542;Mediocentro;2019;2020;1965;6.371428;37.05;41.3;BAJO;BAJO;BAJO;BAJO;0.6413;0.2633;0.0953;RandomForest
47365;Tomás Pina;542;Mediocentro;2019;2020;1349;6.783333;63.15;57.54;MEDIO;MEDIO;BAJO;MEDIO;0.3679;0.454;0.1781;RandomForest
47385;Sergio Álvarez;545;Mediocentro;2019;2020;1149;6.46875;41.25;51.91;BAJO;BAJO;BAJO;BAJO;0.645;0.2438;0.1112;RandomForest
47386;Pablo De Blasis;545;Mediocentro;2019;2020;1593;6.610000000000001;54.14;;;BAJO;BAJO;BAJO;0.4347;0.3883;0.1769;RandomForest
47387;Papakouli Diop;545;Mediocentro;2019;2020;2257;6.651724;52.96;62.13;MEDIO;MEDIO;BAJO;MEDIO;0.3739;0.4668;0.1593;RandomForest
47388;Gonzalo Escalante;545;Mediocentro;2019;2020;1672;6.621738999999999;49.0;;;BAJO;MEDIO;MEDIO;0.4078;0.3907;0.2016;RandomForest
47389;Joan Jordán;536;Mediocentro;2019;2020;2264;7.1;82.58;81.57;ALTO;ALTO;ALTO;ALTO;0.0415;0.1124;0.8462;RandomForest
47392;Pedro León;545;Mediocentro;2019;2020;1903;6.832258;68.28;62.98;MEDIO;MEDIO;MEDIO;MEDIO;0.3024;0.4776;0.22;RandomForest
47397;Miguel Marí;545;Mediocentro;2019;2020;6;6.2;13.61;;;BAJO;BAJO;BAJO;0.6477;0.2397;0.1127;RandomForest
47412;Javier Eraso;537;Mediocentro;2019;2020;817;6.463157;31.73;;;BAJO;BAJO;BAJO;0.575;0.3166;0.1084;RandomForest
47413;Recio;537;Mediocentro;2019;2020;1571;6.624;53.95;59.25;MEDIO;MEDIO;BAJO;MEDIO;0.3895;0.4529;0.1575;RandomForest
47415;Rubén Pérez;537;Mediocentro;2019;2020;2196;6.738461;64.3;;;MEDIO;MEDIO;ALTO;0.2926;0.4456;0.2618;RandomForest
47416;Óscar Rodríguez;537;Mediocentro;2019;2020;1922;6.926665999999999;70.12;46.66;BAJO;MEDIO;MEDIO;BAJO;0.323;0.3532;0.3238;RandomForest
47418;Mikel Vesga;531;Mediocentro;2019;2020;1264;6.6;49.46;55.46;BAJO;BAJO;BAJO;BAJO;0.5514;0.3125;0.1361;RandomForest
47420;Javier Avilés;537;Mediocentro;2019;2020;178;6.677777;47.68;;;BAJO;BAJO;ALTO;0.4932;0.3259;0.1809;RandomForest
47435;Fran Beltrán;538;Mediocentro;2019;2020;1835;6.562962;50.32;52.15;BAJO;BAJO;BAJO;BAJO;0.5679;0.2987;0.1334;RandomForest
47439;Stanislav Lobotka;538;Mediocentro;2019;2020;1391;6.705882;52.67;;;BAJO;MEDIO;MEDIO;0.4403;0.3801;0.1796;RandomForest
47440;Brais Méndez;538;Mediocentro;2019;2020;1472;6.548275000000001;48.18;69.0;MEDIO;BAJO;BAJO;MEDIO;0.4802;0.3907;0.1291;RandomForest
47441;Nemanja Radoja;539;Mediocentro;2019;2020;1994;6.692307;57.2;57.24;BAJO;BAJO;BAJO;BAJO;0.5315;0.3111;0.1574;RandomForest
47443;Okay Yokuşlu;538;Mediocentro;2019;2020;1978;6.776923;67.27;52.18;BAJO;MEDIO;MEDIO;BAJO;0.3347;0.4078;0.2575;RandomForest
47461;Enis Bardhi;539;Mediocentro;2019;2020;2114;6.923333;74.45;70.49;MEDIO;MEDIO;MEDIO;MEDIO;0.1892;0.5145;0.2963;RandomForest
47464;José Campaña;539;Mediocentro;2019;2020;3159;7.121621;84.13;89.77;ALTO;ALTO;ALTO;ALTO;0.0087;0.0481;0.9432;RandomForest
47468;Ruben Rochina;539;Mediocentro;2019;2020;1886;6.935714;76.16;75.92;MEDIO;MEDIO;MEDIO;MEDIO;0.1765;0.5424;0.2811;RandomForest
47469;Nikola Vukčević;539;Mediocentro;2019;2020;1573;6.667857;49.69;42.94;BAJO;BAJO;BAJO;BAJO;0.6024;0.2827;0.1149;RandomForest
47473;Jason;546;Mediocentro;2019;2020;1182;6.947368;79.25;32.49;;ALTO;ALTO;MEDIO;0.1413;0.3802;0.4785;RandomForest
47485;Rubén Alcaraz;720;Mediocentro;2019;2020;1924;7.022222;81.49;70.07;MEDIO;ALTO;ALTO;MEDIO;0.1005;0.3958;0.5037;RandomForest
47489;Míchel Herrero;720;Mediocentro;2019;2020;2189;6.827586;64.51;46.15;BAJO;BAJO;MEDIO;BAJO;0.4082;0.326;0.2658;RandomForest
47490;Pablo Hervias;720;Mediocentro;2019;2020;1009;6.7125;62.42;68.38;MEDIO;MEDIO;MEDIO;MEDIO;0.265;0.5488;0.1862;RandomForest
47518;Pere Pons;542;Mediocentro;2019;2020;1068;6.446428;31.13;44.84;BAJO;BAJO;BAJO;BAJO;0.6406;0.2639;0.0956;RandomForest
47574;Moi Gómez;533;Mediocentro;2019;2020;2326;6.862162;66.77;71.14;MEDIO;MEDIO;MEDIO;MEDIO;0.2918;0.4756;0.2326;RandomForest
47576;Gonzalo Melero;539;Mediocentro;2019;2020;1238;6.613043;53.29;76.18;MEDIO;MEDIO;BAJO;MEDIO;0.4013;0.4566;0.1421;RandomForest
47578;Cristian Rivera;537;Mediocentro;2019;2020;309;6.56;28.52;;;BAJO;BAJO;ALTO;0.5987;0.2675;0.1338;RandomForest
67939;Aimar Oroz;727;Mediocentro;2019;2020;10;6.2;13.18;18.88;;BAJO;BAJO;BAJO;0.6046;0.2695;0.1259;RandomForest
104841;Josep Señé;798;Mediocentro;2019;2020;146;6.6;35.61;;;BAJO;BAJO;BAJO;0.5405;0.288;0.1715;RandomForest
104949;Pablo Martínez;539;Mediocentro;2019;2020;29;6.175;15.1;18.88;;BAJO;BAJO;BAJO;0.6351;0.244;0.1208;RandomForest
107153;Kike Pérez;720;Mediocentro;2019;2020;215;6.680000000000001;44.08;52.53;BAJO;BAJO;BAJO;MEDIO;0.569;0.3048;0.1262;RandomForest
119795;Giorgi Kochorashvili;539;Mediocentro;2019;2020;1;0.0;12.45;38.18;;BAJO;BAJO;BAJO;0.6543;0.2341;0.1117;RandomForest
127426;Pol Lozano;540;Mediocentro;2019;2020;171;6.519999999999999;25.3;;;BAJO;BAJO;MEDIO;0.5924;0.2529;0.1547;RandomForest
128398;Oihan Sancet;531;Mediocentro;2019;2020;742;6.505882;46.31;52.89;BAJO;BAJO;BAJO;BAJO;0.5996;0.2979;0.1024;RandomForest
128581;Nicolás Melamed;540;Mediocentro;2019;2020;181;6.666665999999999;44.63;;;BAJO;BAJO;BAJO;0.5446;0.309;0.1463;RandomForest
136117;Rodrigo Riquelme;530;Mediocentro;2019;2020;12;6.2;11.96;;;BAJO;BAJO;BAJO;0.6298;0.2511;0.1191;RandomForest
140834;Abdallahi Mahmoud;542;Mediocentro;2019;2020;150;6.366666;22.45;31.08;;BAJO;BAJO;BAJO;0.6942;0.208;0.0979;RandomForest
146750;Ismael Gutiérrez;543;Mediocentro;2019;2020;83;0.0;14.45;;;BAJO;BAJO;ALTO;0.6242;0.2407;0.1351;RandomForest
162992;Vicente Esquerdo;532;Mediocentro;2019;2020;12;6.25;15.07;57.24;;BAJO;BAJO;BAJO;0.6342;0.2526;0.1132;RandomForest
163241;Oscar Clemente;530;Mediocentro;2019;2020;3;0.0;11.04;;;BAJO;ALTO;BAJO;0.5972;0.2581;0.1447;RandomForest
181867;Miguel Atienza;545;Mediocentro;2019;2020;27;6.45;19.91;43.33;BAJO;BAJO;BAJO;BAJO;0.6837;0.2229;0.0934;RandomForest
182219;Alejandro Baena;533;Mediocentro;2019;2020;13;6.200000000000001;12.5;41.42;;BAJO;BAJO;BAJO;0.5935;0.2749;0.1316;RandomForest
182639;Unai Vencedor;531;Mediocentro;2019;2020;74;6.9;38.72;45.51;BAJO;BAJO;BAJO;BAJO;0.6275;0.2435;0.129;RandomForest
182669;Alex Blesa;539;Mediocentro;2019;2020;1;6.2;12.96;17.16;;BAJO;BAJO;BAJO;0.5991;0.2744;0.1266;RandomForest
27;Antonio Adán;530;Portero;2019;2020;24;6.7;26.37;;;BAJO;BAJO;MEDIO;0.5476;0.3167;0.1357;RandomForest
29;Jan Oblak;530;Portero;2019;2020;3396;6.913156999999999;45.16;62.46;ALTO;ALTO;ALTO;ALTO;0.2387;0.2706;0.4907;RandomForest
124;Jasper Cillessen;532;Portero;2019;2020;2097;6.966666;50.82;58.67;ALTO;ALTO;ALTO;ALTO;0.2233;0.2777;0.499;RandomForest
127;Marc-André Ter Stegen;529;Portero;2019;2020;3240;6.905555;47.26;51.03;MEDIO;MEDIO;MEDIO;MEDIO;0.2888;0.5014;0.2098;RandomForest
253;Alphonse Aréola;541;Portero;2019;2020;360;6.625;25.46;;;BAJO;BAJO;ALTO;0.4568;0.2724;0.2709;RandomForest
730;Thibaut Courtois;541;Portero;2019;2020;3060;7.091176;56.63;62.6;ALTO;ALTO;ALTO;MEDIO;0.2073;0.2686;0.5242;RandomForest
911;Jaume Doménech;532;Portero;2019;2020;1323;6.913333;44.03;54.75;ALTO;ALTO;BAJO;ALTO;0.3588;0.2499;0.3913;RandomForest
912;Neto;529;Portero;2019;2020;180;6.6;23.66;50.39;MEDIO;BAJO;BAJO;MEDIO;0.4966;0.3217;0.1817;RandomForest
1558;Joel Robles;543;Portero;2019;2020;2888;6.645454;27.97;37.72;BAJO;BAJO;BAJO;BAJO;0.5512;0.2817;0.1671;RandomForest
1682;Sergio Asenjo;533;Portero;2019;2020;3060;7.081818;53.2;49.34;MEDIO;MEDIO;MEDIO;BAJO;0.2606;0.4359;0.3035;RandomForest
1684;Andrés Fernández;533;Portero;2019;2020;360;6.6;26.48;39.73;BAJO;BAJO;BAJO;BAJO;0.5289;0.2656;0.2055;RandomForest
2036;Juan Soriano;537;Portero;2019;2020;990;6.436363;24.4;;;BAJO;BAJO;BAJO;0.4886;0.256;0.2553;RandomForest
2037;Tomáš Vaclík;536;Portero;2019;2020;2926;6.845454;39.54;37.53;BAJO;BAJO;BAJO;BAJO;0.451;0.2843;0.2648;RandomForest
2701;Bono;536;Portero;2019;2020;494;7.233333;53.26;65.06;ALTO;BAJO;BAJO;ALTO;0.396;0.2472;0.3568;RandomForest
2813;Marko Dmitrović;545;Portero;2019;2020;3150;6.754285;38.79;54.43;ALTO;ALTO;ALTO;ALTO;0.2385;0.3755;0.386;RandomForest
19011;Fabri;798;Portero;2019;2020;90;5.2;15.44;;;BAJO;BAJO;BAJO;0.5366;0.2957;0.1677;RandomForest
46646;Sergio Herrera;727;Portero;2019;2020;1655;6.821052000000001;41.73;62.42;ALTO;ALTO;BAJO;ALTO;0.3491;0.2721;0.3788;RandomForest
46647;Rubén Martínez;727;Portero;2019;2020;1583;6.511111;29.07;21.51;;BAJO;BAJO;ALTO;0.5031;0.2368;0.2601;RandomForest
46649;Juan Pérez;727;Portero;2019;2020;180;6.8;32.45;40.03;;BAJO;BAJO;MEDIO;0.4463;0.3223;0.2313;RandomForest
46672;Rui Silva;715;Portero;2019;2020;3150;6.891428;45.87;38.8;BAJO;MEDIO;MEDIO;MEDIO;0.3843;0.3843;0.2314;RandomForest
46673;Aarón Escandell;715;Portero;2019;2020;270;7.266666;50.69;46.33;MEDIO;MEDIO;BAJO;MEDIO;0.3656;0.4175;0.2169;RandomForest
46698;José Antonio Caro;720;Portero;2019;2020;245;7.233333;50.01;;;BAJO;BAJO;BAJO;0.4267;0.3782;0.1951;RandomForest
46728;Miguel Parera;798;Portero;2019;2020;90;6.3;16.97;;;BAJO;BAJO;ALTO;0.5494;0.3082;0.1424;RandomForest
46729;Manolo Reina;798;Portero;2019;2020;3240;6.911427999999999;46.86;;;MEDIO;MEDIO;MEDIO;0.3183;0.4037;0.278;RandomForest
46871;Dani Martín;543;Portero;2019;2020;530;6.3;21.74;26.72;;BAJO;BAJO;ALTO;0.5334;0.2237;0.2429;RandomForest
47247;David Soria;546;Portero;2019;2020;3420;6.797368;35.86;47.79;MEDIO;MEDIO;MEDIO;MEDIO;0.2678;0.5039;0.2283;RandomForest
47267;Iago Herrerín;531;Portero;2019;2020;424;6.32;19.47;26.61;;BAJO;BAJO;ALTO;0.4407;0.2984;0.2609;RandomForest
47269;Álex Remiro;548;Portero;2019;2020;2250;6.856;40.91;49.72;MEDIO;MEDIO;BAJO;BAJO;0.3734;0.3768;0.2498;RandomForest
47270;Unai Simón;531;Portero;2019;2020;2992;6.838235;37.88;42.22;BAJO;BAJO;BAJO;BAJO;0.494;0.3002;0.2058;RandomForest
47295;Miguel Ángel Moyà;548;Portero;2019;2020;1170;6.953846;50.83;27.08;;BAJO;BAJO;ALTO;0.4119;0.3009;0.2872;RandomForest
47326;Roberto Jiménez;542;Portero;2019;2020;789;6.8333330000000005;40.42;28.4;BAJO;BAJO;BAJO;BAJO;0.4731;0.2498;0.2771;RandomForest
47327;Diego López;540;Portero;2019;2020;3233;6.711428;36.18;;;MEDIO;MEDIO;MEDIO;0.3967;0.4289;0.1744;RandomForest
47352;Fernando Pacheco;542;Portero;2019;2020;2359;6.659259;28.77;40.51;BAJO;BAJO;BAJO;BAJO;0.4955;0.3122;0.1924;RandomForest
47353;Antonio Sivera;542;Portero;2019;2020;270;6.4;19.68;46.99;;BAJO;BAJO;BAJO;0.4854;0.32;0.1946;RandomForest
47399;Iván Cuéllar;537;Portero;2019;2020;2430;6.785185;35.62;;;MEDIO;BAJO;BAJO;0.33;0.3988;0.2712;RandomForest
47425;Sergio Álvarez;538;Portero;2019;2020;180;6.75;28.41;;;BAJO;BAJO;ALTO;0.5286;0.3113;0.1601;RandomForest
47426;Rubén Blanco;538;Portero;2019;2020;2961;6.845454;38.5;29.92;BAJO;BAJO;ALTO;BAJO;0.4891;0.3126;0.1982;RandomForest
47427;Iván Villar;538;Portero;2019;2020;279;6.575;22.46;46.18;MEDIO;BAJO;BAJO;MEDIO;0.4039;0.3443;0.2519;RandomForest
47448;Aitor Fernández;539;Portero;2019;2020;3240;7.244444;53.69;45.26;MEDIO;ALTO;MEDIO;MEDIO;0.1793;0.3863;0.4344;RandomForest
47449;Oier Olazábal;540;Portero;2019;2020;180;7.05;44.61;;;BAJO;BAJO;BAJO;0.4779;0.3655;0.1566;RandomForest
47450;Koke;539;Portero;2019;2020;180;7.5;52.77;20.96;;BAJO;BAJO;MEDIO;0.4771;0.3008;0.2221;RandomForest
47474;Jordi Masip;720;Portero;2019;2020;3150;6.838235;39.56;40.48;BAJO;BAJO;BAJO;MEDIO;0.4761;0.3323;0.1917;RandomForest
47475;Samuel Pérez;720;Portero;2019;2020;25;6.3;16.67;26.67;;BAJO;BAJO;BAJO;0.5378;0.3167;0.1455;RandomForest
47476;Yoel Rodríguez;545;Portero;2019;2020;270;7.0;46.36;25.36;;MEDIO;ALTO;ALTO;0.3939;0.412;0.1942;RandomForest
31;José María Giménez;530;Defensa;2020;2021;1766;7.019047;74.76;77.67;ALTO;ALTO;MEDIO;ALTO;0.1508;0.3183;0.5309;RandomForest
37;Nehuén Pérez;715;Defensa;2020;2021;740;0.0;23.97;19.2;;BAJO;BAJO;BAJO;0.6427;0.214;0.1433;RandomForest
38;Alberto Rodríguez;542;Defensa;2020;2021;847;6.549999999999999;33.04;35.34;;BAJO;BAJO;BAJO;0.5865;0.3035;0.1101;RandomForest
39;Stefan Savić;530;Defensa;2020;2021;2954;7.021212;79.21;75.71;ALTO;ALTO;ALTO;ALTO;0.0835;0.233;0.6835;RandomForest
128;Jordi Alba;529;Defensa;2020;2021;3029;7.168571;82.82;81.93;ALTO;ALTO;ALTO;ALTO;0.0277;0.1218;0.8506;RandomForest
133;Clément Lenglet;529;Defensa;2020;2021;2478;6.830303;73.04;43.18;BAJO;BAJO;ALTO;MEDIO;0.4;0.3142;0.2859;RandomForest
134;Juan Miranda;543;Defensa;2020;2021;1651;6.736363;57.19;66.38;MEDIO;BAJO;BAJO;BAJO;0.4439;0.4064;0.1497;RandomForest
135;Jeison Murillo;538;Defensa;2020;2021;2703;6.76129;64.99;43.09;BAJO;BAJO;ALTO;BAJO;0.3649;0.3464;0.2887;RandomForest
136;Gerard Piqué;529;Defensa;2020;2021;1485;6.983333;75.81;82.64;ALTO;ALTO;ALTO;ALTO;0.1412;0.3204;0.5384;RandomForest
139;Samuel Umtiti;529;Defensa;2020;2021;640;6.866666;58.35;47.6;;BAJO;BAJO;BAJO;0.4568;0.3722;0.171;RandomForest
166;Juan Foyth;533;Defensa;2020;2021;1169;6.8125;67.23;79.61;ALTO;MEDIO;MEDIO;ALTO;0.2637;0.4041;0.3322;RandomForest
169;Kieran Trippier;530;Defensa;2020;2021;2477;7.246428;85.63;69.33;MEDIO;ALTO;ALTO;ALTO;0.0761;0.3852;0.5387;RandomForest
196;Ryan Nolan;546;Defensa;2020;2021;0;;18.88;;;BAJO;BAJO;BAJO;0.6352;0.2391;0.1257;RandomForest
199;Šime Vrsaljko;530;Defensa;2020;2021;519;6.722222;43.01;54.75;BAJO;BAJO;BAJO;BAJO;0.6173;0.2787;0.104;RandomForest
288;Alberto Moreno;533;Defensa;2020;2021;192;6.625;38.93;69.59;MEDIO;BAJO;BAJO;BAJO;0.5462;0.3129;0.1409;RandomForest
314;Raúl Albiol;533;Defensa;2020;2021;3119;6.880000000000001;67.33;68.87;MEDIO;MEDIO;ALTO;MEDIO;0.2851;0.4655;0.2494;RandomForest
371;Felipe;530;Defensa;2020;2021;2052;7.014814;72.63;58.21;MEDIO;MEDIO;MEDIO;ALTO;0.1732;0.4582;0.3685;RandomForest
372;Éder Militão;541;Defensa;2020;2021;1133;6.907142;67.89;84.69;ALTO;BAJO;ALTO;ALTO;0.3759;0.3418;0.2823;RandomForest
566;Ferro;532;Defensa;2020;2021;180;6.25;18.55;;;BAJO;BAJO;BAJO;0.6229;0.2276;0.1495;RandomForest
653;Ferland Mendy;541;Defensa;2020;2021;2207;6.946153;79.1;82.84;ALTO;ALTO;ALTO;ALTO;0.1611;0.2586;0.5803;RandomForest
733;Daniel Carvajal;541;Defensa;2020;2021;952;7.046153;83.15;80.01;ALTO;ALTO;ALTO;ALTO;0.1101;0.2576;0.6323;RandomForest
735;Nacho Fernández;541;Defensa;2020;2021;1999;6.941666;71.02;68.79;MEDIO;MEDIO;MEDIO;MEDIO;0.228;0.4411;0.3309;RandomForest
737;Álvaro Odriozola;541;Defensa;2020;2021;829;6.815384;60.19;19.2;;BAJO;BAJO;BAJO;0.4987;0.3309;0.1704;RandomForest
738;Sergio Ramos;541;Defensa;2020;2021;1277;7.293333;84.39;;;ALTO;ALTO;ALTO;0.1428;0.3567;0.5004;RandomForest
740;Javi Sánchez;720;Defensa;2020;2021;920;6.664285;45.46;;;BAJO;BAJO;BAJO;0.611;0.284;0.105;RandomForest
741;Jesús Vallejo;715;Defensa;2020;2021;1347;6.515789;35.29;62.56;;BAJO;BAJO;BAJO;0.648;0.2571;0.095;RandomForest
742;Raphaël Varane;541;Defensa;2020;2021;2717;7.067741;80.4;;;ALTO;ALTO;MEDIO;0.094;0.234;0.672;RandomForest
743;Marcelo;541;Defensa;2020;2021;1052;7.00625;70.42;74.99;ALTO;ALTO;MEDIO;ALTO;0.2291;0.3323;0.4386;RandomForest
757;Lucas Vázquez;541;Defensa;2020;2021;1851;7.229166;90.38;79.35;ALTO;ALTO;ALTO;ALTO;0.0128;0.0771;0.9101;RandomForest
914;Álex Centelles;532;Defensa;2020;2021;0;;18.88;;;BAJO;BAJO;BAJO;0.6352;0.2391;0.1257;RandomForest
915;Gabriel Paulista;532;Defensa;2020;2021;2717;7.029032;82.13;77.71;ALTO;ALTO;ALTO;MEDIO;0.0847;0.2081;0.7072;RandomForest
916;Mouctar Diakhaby;532;Defensa;2020;2021;2082;6.76923;62.26;56.55;MEDIO;BAJO;BAJO;BAJO;0.4405;0.4063;0.1533;RandomForest
918;José Luis Gayà;532;Defensa;2020;2021;2848;6.80303;73.96;69.96;MEDIO;MEDIO;ALTO;MEDIO;0.2056;0.5231;0.2713;RandomForest
920;Toni Lato;532;Defensa;2020;2021;724;6.466666000000001;35.18;43.72;BAJO;BAJO;BAJO;BAJO;0.657;0.2447;0.0983;RandomForest
921;Cristiano Piccini;532;Defensa;2020;2021;65;6.533333;22.66;68.72;;BAJO;BAJO;BAJO;0.6506;0.2386;0.1108;RandomForest
922;Facundo Roncaglia;727;Defensa;2020;2021;1234;6.81875;64.73;;;BAJO;BAJO;MEDIO;0.5037;0.3462;0.1501;RandomForest
1257;Jules Koundé;536;Defensa;2020;2021;2976;7.085294000000001;86.06;85.95;ALTO;ALTO;ALTO;ALTO;0.0385;0.1093;0.8522;RandomForest
1291;Denis Vavro;726;Defensa;2020;2021;616;6.670000000000001;45.82;;;BAJO;BAJO;BAJO;0.5518;0.3131;0.135;RandomForest
1447;Nacho Monreal;548;Defensa;2020;2021;2082;6.81923;67.11;;;BAJO;BAJO;MEDIO;0.4227;0.3829;0.1944;RandomForest
1482;Thierry Correia;532;Defensa;2020;2021;2140;6.762068;68.09;70.88;MEDIO;MEDIO;MEDIO;BAJO;0.3306;0.4204;0.2489;RandomForest
1493;Marcos Acuña;536;Defensa;2020;2021;2330;6.962068;82.53;85.95;ALTO;ALTO;ALTO;ALTO;0.1253;0.2753;0.5994;RandomForest
1560;Antonio Barragán;797;Defensa;2020;2021;2238;6.811111;63.31;39.05;BAJO;BAJO;BAJO;BAJO;0.4533;0.33;0.2167;RandomForest
1561;Marc Bartra;543;Defensa;2020;2021;1695;6.736842;64.32;78.61;ALTO;ALTO;MEDIO;ALTO;0.2764;0.3457;0.378;RandomForest
1562;Sidnei;543;Defensa;2020;2021;693;6.739999999999999;45.39;19.2;;BAJO;BAJO;BAJO;0.5651;0.3079;0.127;RandomForest
1564;Junior Firpo;529;Defensa;2020;2021;286;6.783333;48.41;;;BAJO;BAJO;BAJO;0.5381;0.2996;0.1622;RandomForest
1566;Emerson Royal;543;Defensa;2020;2021;2993;6.938235;81.7;29.4;;ALTO;ALTO;ALTO;0.0983;0.278;0.6238;RandomForest
1567;Aïssa Mandi;543;Defensa;2020;2021;2393;7.0;76.29;64.3;MEDIO;MEDIO;ALTO;MEDIO;0.1437;0.503;0.3533;RandomForest
1687;Jaume Costa;533;Defensa;2020;2021;343;6.641666;37.7;68.67;MEDIO;BAJO;BAJO;BAJO;0.5607;0.3229;0.1164;RandomForest
1688;Ramiro Funes Mori;533;Defensa;2020;2021;726;6.75;48.08;;;BAJO;BAJO;BAJO;0.5569;0.3084;0.1347;RandomForest
1691;Mario Gaspar;533;Defensa;2020;2021;1851;6.913043;76.41;41.06;BAJO;MEDIO;ALTO;ALTO;0.3144;0.3439;0.3416;RandomForest
1693;Víctor Ruiz;543;Defensa;2020;2021;2157;6.766666;62.26;64.15;MEDIO;MEDIO;BAJO;MEDIO;0.4001;0.4487;0.1512;RandomForest
1702;Alfonso Pedraza;533;Defensa;2020;2021;2099;6.753571;66.55;74.02;ALTO;MEDIO;MEDIO;MEDIO;0.3132;0.3684;0.3184;RandomForest
1703;Andrei Rațiu;533;Defensa;2020;2021;0;;18.88;;;BAJO;BAJO;BAJO;0.6352;0.2391;0.1257;RandomForest
1926;Joseph Aidoo;538;Defensa;2020;2021;1281;6.642857;42.65;66.46;MEDIO;BAJO;BAJO;MEDIO;0.5614;0.3292;0.1094;RandomForest
2040;Sergio Escudero;536;Defensa;2020;2021;567;7.0;66.98;58.94;MEDIO;MEDIO;BAJO;MEDIO;0.3142;0.5152;0.1706;RandomForest
2041;Joris Gnagnon;536;Defensa;2020;2021;0;;18.88;;;BAJO;BAJO;BAJO;0.6352;0.2391;0.1257;RandomForest
2042;Sergi Gómez;536;Defensa;2020;2021;723;6.888888000000001;51.83;60.3;MEDIO;BAJO;BAJO;BAJO;0.4232;0.4118;0.165;RandomForest
2047;Aleix Vidal;536;Defensa;2020;2021;588;6.890909;58.57;54.52;BAJO;BAJO;BAJO;MEDIO;0.4864;0.3393;0.1742;RandomForest
2054;Jesús Navas;536;Defensa;2020;2021;2836;7.12647;81.89;70.61;MEDIO;ALTO;ALTO;ALTO;0.0393;0.3423;0.6184;RandomForest
2486;Helibelton Palacios;797;Defensa;2020;2021;741;6.663636;47.56;68.08;MEDIO;BAJO;BAJO;MEDIO;0.5934;0.3033;0.1033;RandomForest
2669;Mario Hermoso;530;Defensa;2020;2021;2583;6.993548;79.63;64.83;MEDIO;ALTO;ALTO;MEDIO;0.1456;0.3712;0.4832;RandomForest
2670;Iñigo Martínez;531;Defensa;2020;2021;2520;6.814284999999999;70.11;80.09;ALTO;ALTO;ALTO;ALTO;0.3156;0.3037;0.3807;RandomForest
2870;Néstor Araujo;538;Defensa;2020;2021;2423;6.730303;54.57;57.91;MEDIO;MEDIO;MEDIO;MEDIO;0.3871;0.4605;0.1524;RandomForest
3334;Youssouf Koné;797;Defensa;2020;2021;72;6.133333;22.19;;;BAJO;BAJO;BAJO;0.6602;0.2283;0.1115;RandomForest
6084;Gastón Silva;726;Defensa;2020;2021;598;6.590909;35.7;;;BAJO;BAJO;BAJO;0.5786;0.3011;0.1203;RandomForest
6090;Juan Sánchez Miño;797;Defensa;2020;2021;495;6.322222;32.08;;;BAJO;BAJO;BAJO;0.5839;0.2909;0.1252;RandomForest
10122;Renan Lodi;530;Defensa;2020;2021;1123;6.971428;75.26;54.32;BAJO;MEDIO;ALTO;ALTO;0.3276;0.3679;0.3045;RandomForest
14444;Mamadou Mbaye;724;Defensa;2020;2021;0;;18.88;;;BAJO;BAJO;BAJO;0.6352;0.2391;0.1257;RandomForest
18895;Florian Lejeune;542;Defensa;2020;2021;3016;6.973529;79.46;60.29;MEDIO;ALTO;ALTO;MEDIO;0.1073;0.4198;0.4729;RandomForest
18965;Martín Montoya;543;Defensa;2020;2021;237;6.7;43.4;66.71;MEDIO;BAJO;BAJO;MEDIO;0.5309;0.323;0.1461;RandomForest
19291;Saidy Janko;720;Defensa;2020;2021;1224;6.652631;55.98;;;BAJO;BAJO;MEDIO;0.5115;0.3489;0.1396;RandomForest
20661;Modibo Sagnan;548;Defensa;2020;2021;619;6.6125;39.91;;;BAJO;BAJO;BAJO;0.5582;0.3224;0.1194;RandomForest
21090;Diego Carlos;536;Defensa;2020;2021;2791;6.993939;78.07;80.0;ALTO;ALTO;ALTO;ALTO;0.1127;0.2357;0.6515;RandomForest
25345;Karim Rekik;536;Defensa;2020;2021;650;6.8;48.89;47.54;BAJO;BAJO;BAJO;BAJO;0.5206;0.3314;0.148;RandomForest
25914;Aarón Martin Caricol;538;Defensa;2020;2021;1539;6.663157;58.94;;;BAJO;BAJO;BAJO;0.4223;0.3935;0.1842;RandomForest
26302;Pablo Maffeo;726;Defensa;2020;2021;1977;6.868;78.93;75.25;ALTO;ALTO;ALTO;ALTO;0.1803;0.3447;0.475;RandomForest
31386;Jawad El Yamiq;720;Defensa;2020;2021;1377;7.0;73.71;;;MEDIO;MEDIO;ALTO;0.2052;0.4173;0.3775;RandomForest
38735;Sergiño Dest;529;Defensa;2020;2021;1918;6.73;60.27;73.02;ALTO;BAJO;BAJO;ALTO;0.3579;0.3281;0.3141;RandomForest
41149;Rafa Soares;545;Defensa;2020;2021;1131;6.805263;55.45;;;BAJO;BAJO;MEDIO;0.5313;0.3334;0.1353;RandomForest
41576;Tomás Tavares;542;Defensa;2020;2021;62;6.566666;25.61;;;BAJO;BAJO;BAJO;0.6395;0.2496;0.111;RandomForest
46651;Carlos Clerc;539;Defensa;2020;2021;2776;6.811428;73.02;52.52;BAJO;BAJO;ALTO;MEDIO;0.404;0.3395;0.2565;RandomForest
46652;Unai García;727;Defensa;2020;2021;1243;6.658823;43.23;58.82;MEDIO;BAJO;BAJO;BAJO;0.5943;0.2981;0.1076;RandomForest
46653;David García;727;Defensa;2020;2021;3150;6.865713999999999;69.18;77.47;ALTO;ALTO;ALTO;ALTO;0.1926;0.3688;0.4386;RandomForest
46654;Aridane Hernández;727;Defensa;2020;2021;2028;6.8375;65.37;42.03;BAJO;BAJO;MEDIO;MEDIO;0.4401;0.35;0.2099;RandomForest
46656;Oier;727;Defensa;2020;2021;2086;6.535483;49.21;32.18;BAJO;BAJO;BAJO;BAJO;0.4988;0.3166;0.1846;RandomForest
46657;Nacho Vidal;727;Defensa;2020;2021;2343;6.812121;67.57;70.92;MEDIO;MEDIO;MEDIO;ALTO;0.2689;0.5231;0.208;RandomForest
46677;Víctor Díaz;715;Defensa;2020;2021;820;6.59375;43.8;44.59;BAJO;BAJO;BAJO;BAJO;0.6201;0.2707;0.1092;RandomForest
46679;Quini;715;Defensa;2020;2021;1185;6.555555;50.44;52.7;BAJO;BAJO;BAJO;BAJO;0.6092;0.2754;0.1155;RandomForest
46680;José Antonio Martinez;545;Defensa;2020;2021;0;;18.88;;;BAJO;BAJO;BAJO;0.6352;0.2391;0.1257;RandomForest
46682;Carlos Neva;715;Defensa;2020;2021;1800;6.681818;51.22;60.56;MEDIO;BAJO;BAJO;MEDIO;0.5478;0.3278;0.1244;RandomForest
46683;Germán Sánchez;715;Defensa;2020;2021;2637;6.691176;55.82;50.37;BAJO;BAJO;BAJO;BAJO;0.5618;0.3064;0.1319;RandomForest
46709;Álvaro Tejero;545;Defensa;2020;2021;109;6.950000000000001;57.96;;;BAJO;BAJO;BAJO;0.5267;0.3033;0.1701;RandomForest
46731;Pervis Estupiñán;533;Defensa;2020;2021;1161;6.84;68.7;59.89;MEDIO;MEDIO;MEDIO;MEDIO;0.3776;0.4451;0.1772;RandomForest
46734;Pablo Ramón;541;Defensa;2020;2021;0;;18.88;;;BAJO;BAJO;BAJO;0.6352;0.2391;0.1257;RandomForest
46757;Róber;545;Defensa;2020;2021;1139;7.02;76.24;;;ALTO;ALTO;ALTO;0.1781;0.3541;0.4678;RandomForest
46758;Saturday Erimuya;724;Defensa;2020;2021;0;;18.88;;;BAJO;BAJO;BAJO;0.6352;0.2391;0.1257;RandomForest
46759;Alfonso Espino;724;Defensa;2020;2021;2607;6.7250000000000005;64.49;74.98;ALTO;ALTO;MEDIO;BAJO;0.2298;0.3626;0.4076;RandomForest
46760;Sergio González;724;Defensa;2020;2021;90;6.3;22.72;;;BAJO;BAJO;ALTO;0.6537;0.23;0.1164;RandomForest
46762;Marcos Mauro;724;Defensa;2020;2021;1827;6.665217;49.62;21.84;;BAJO;BAJO;MEDIO;0.5462;0.3332;0.1206;RandomForest
46771;Jairo Izquierdo;724;Defensa;2020;2021;1264;6.541379000000001;43.84;;;BAJO;BAJO;MEDIO;0.601;0.3069;0.0921;RandomForest
46795;Domingos Duarte;715;Defensa;2020;2021;2365;6.648275;53.4;59.33;MEDIO;MEDIO;MEDIO;MEDIO;0.3993;0.4357;0.165;RandomForest
46813;Abdelkabir Abqar;542;Defensa;2020;2021;0;;18.88;19.2;;BAJO;BAJO;BAJO;0.6352;0.2391;0.1257;RandomForest
46815;Pau Torres;533;Defensa;2020;2021;2970;7.015151;80.48;86.24;ALTO;ALTO;ALTO;ALTO;0.087;0.2219;0.691;RandomForest
46817;Diego González;797;Defensa;2020;2021;1279;6.666666;52.41;44.01;BAJO;BAJO;BAJO;BAJO;0.6219;0.2739;0.1043;RandomForest
46940;Esteban Burgos;545;Defensa;2020;2021;1114;6.814285;57.27;;;BAJO;BAJO;BAJO;0.4975;0.3646;0.1379;RandomForest
46965;Gonzalo Verdú;797;Defensa;2020;2021;2945;6.884848;75.04;50.99;BAJO;BAJO;ALTO;BAJO;0.3743;0.3653;0.2604;RandomForest
46966;Dani Calvo;797;Defensa;2020;2021;1776;6.645454;46.42;;;BAJO;BAJO;BAJO;0.5397;0.3339;0.1264;RandomForest
46967;Juan Cruz;727;Defensa;2020;2021;1965;6.64;45.39;48.0;BAJO;BAJO;BAJO;BAJO;0.6365;0.2707;0.0928;RandomForest
46998;Juan Cala;724;Defensa;2020;2021;2274;6.75;62.13;30.25;BAJO;BAJO;BAJO;BAJO;0.4976;0.3175;0.185;RandomForest
47078;Luis Pérez;720;Defensa;2020;2021;1297;6.655;45.94;;;BAJO;BAJO;MEDIO;0.5856;0.3056;0.1088;RandomForest
47080;Jorge Sáenz;538;Defensa;2020;2021;0;;18.88;;;BAJO;BAJO;BAJO;0.6352;0.2391;0.1257;RandomForest
47100;Iza Carcelén;724;Defensa;2020;2021;2587;6.8031250000000005;72.05;56.25;MEDIO;MEDIO;MEDIO;MEDIO;0.1925;0.5559;0.2516;RandomForest
47119;Aitor Ruibal;543;Defensa;2020;2021;1605;6.646427999999999;57.99;39.94;BAJO;MEDIO;MEDIO;BAJO;0.3917;0.4389;0.1694;RandomForest
47222;Josema;797;Defensa;2020;2021;1964;6.782142;60.29;24.55;;BAJO;BAJO;BAJO;0.4538;0.3494;0.1968;RandomForest
47229;Fali;724;Defensa;2020;2021;2638;6.752941;57.99;54.88;BAJO;BAJO;BAJO;BAJO;0.543;0.3152;0.1418;RandomForest
47250;Djené;546;Defensa;2020;2021;2945;6.823529;68.0;68.68;MEDIO;MEDIO;MEDIO;MEDIO;0.1813;0.6278;0.1909;RandomForest
47251;Dimitri Foulquier;715;Defensa;2020;2021;2672;6.4875;49.67;58.78;MEDIO;BAJO;BAJO;MEDIO;0.4384;0.3917;0.1699;RandomForest
47252;Bruno González;720;Defensa;2020;2021;2261;6.688888;51.68;;;BAJO;BAJO;BAJO;0.4973;0.3697;0.133;RandomForest
47254;Mathías Olivera;546;Defensa;2020;2021;2619;6.787096;71.55;82.9;ALTO;ALTO;MEDIO;MEDIO;0.2268;0.3746;0.3986;RandomForest
47256;Miguel Rubio;720;Defensa;2020;2021;134;6.65;33.98;;;BAJO;BAJO;BAJO;0.5773;0.2832;0.1395;RandomForest
47257;Damián Suárez;546;Defensa;2020;2021;2440;6.590322;55.5;70.94;ALTO;BAJO;BAJO;BAJO;0.4091;0.3382;0.2527;RandomForest
47271;Yeray Álvarez;531;Defensa;2020;2021;1948;6.926086;76.51;70.2;MEDIO;MEDIO;ALTO;MEDIO;0.1924;0.426;0.3816;RandomForest
47272;Mikel Balenziaga;531;Defensa;2020;2021;1688;6.654545000000001;49.12;53.9;BAJO;BAJO;BAJO;BAJO;0.6184;0.2804;0.1012;RandomForest
47273;Yuri Berchiche;531;Defensa;2020;2021;1684;6.908695;75.84;82.69;ALTO;ALTO;ALTO;ALTO;0.2216;0.3296;0.4488;RandomForest
47274;Ander Capa;531;Defensa;2020;2021;2140;6.692857;62.62;13.33;;MEDIO;MEDIO;MEDIO;0.3812;0.3909;0.2279;RandomForest
47275;Óscar de Marcos;531;Defensa;2020;2021;1517;6.648;51.8;70.46;MEDIO;BAJO;BAJO;BAJO;0.5408;0.3442;0.115;RandomForest
47276;Íñigo Lekue;531;Defensa;2020;2021;633;6.57647;38.47;58.72;MEDIO;BAJO;BAJO;BAJO;0.5517;0.3426;0.1057;RandomForest
47277;Unai Núñez;531;Defensa;2020;2021;2108;6.928;71.51;39.1;BAJO;MEDIO;MEDIO;MEDIO;0.2877;0.3724;0.3399;RandomForest
47298;Aritz Elustondo;548;Defensa;2020;2021;1886;6.952173;75.42;74.13;ALTO;ALTO;ALTO;ALTO;0.107;0.2524;0.6405;RandomForest
47299;Andoni Gorosabel;548;Defensa;2020;2021;2391;6.809375;66.83;60.84;MEDIO;MEDIO;ALTO;MEDIO;0.3159;0.4517;0.2324;RandomForest
47301;Robin Le Normand;548;Defensa;2020;2021;2747;6.836363;69.28;78.04;ALTO;ALTO;ALTO;ALTO;0.2434;0.3254;0.4312;RandomForest
47302;Diego Llorente;548;Defensa;2020;2021;90;7.2;53.22;;;BAJO;BAJO;BAJO;0.6268;0.2356;0.1376;RandomForest
47303;Aihen Muñoz;548;Defensa;2020;2021;1210;6.75625;56.16;43.57;BAJO;BAJO;BAJO;BAJO;0.6026;0.2767;0.1207;RandomForest
47304;Kévin Rodrigues;545;Defensa;2020;2021;1092;6.445454;42.86;33.28;;BAJO;BAJO;BAJO;0.5836;0.3148;0.1016;RandomForest
47305;Raúl Navas;727;Defensa;2020;2021;169;6.300000000000001;24.13;;;BAJO;BAJO;BAJO;0.6068;0.2662;0.127;RandomForest
47307;Joseba Zaldúa;548;Defensa;2020;2021;634;6.608333000000001;42.39;48.62;BAJO;BAJO;BAJO;BAJO;0.6129;0.2893;0.0978;RandomForest
47314;Igor Zubeldia;548;Defensa;2020;2021;1958;6.841666;70.25;49.91;BAJO;BAJO;ALTO;BAJO;0.4011;0.3561;0.2428;RandomForest
47328;Óscar Duarte;539;Defensa;2020;2021;2061;6.720689;56.19;57.88;MEDIO;MEDIO;MEDIO;MEDIO;0.3825;0.4624;0.1551;RandomForest
47354;Martín Aguirregabiria;542;Defensa;2020;2021;1553;6.588;41.07;50.01;BAJO;BAJO;BAJO;BAJO;0.6227;0.287;0.0904;RandomForest
47355;Rubén Duarte;542;Defensa;2020;2021;2549;6.874193;73.77;67.92;MEDIO;MEDIO;ALTO;MEDIO;0.1775;0.4872;0.3353;RandomForest
47356;Rodrigo Ely;542;Defensa;2020;2021;470;6.825;61.36;;;BAJO;BAJO;BAJO;0.5251;0.3052;0.1696;RandomForest
47357;Víctor Laguardia;542;Defensa;2020;2021;2634;6.618750000000001;44.71;60.86;MEDIO;BAJO;BAJO;MEDIO;0.4533;0.4215;0.1251;RandomForest
47358;Adrián Marín;715;Defensa;2020;2021;357;6.266666000000001;26.59;;;BAJO;BAJO;BAJO;0.6072;0.2547;0.1382;RandomForest
47360;Ximo Navarro;542;Defensa;2020;2021;2380;6.75;62.95;44.99;BAJO;BAJO;MEDIO;BAJO;0.4685;0.3518;0.1797;RandomForest
47377;Anaitz Arbilla;545;Defensa;2020;2021;2803;6.82647;74.13;;;MEDIO;ALTO;MEDIO;0.2799;0.4421;0.278;RandomForest
47378;Pedro Bigas;545;Defensa;2020;2021;1530;6.647619;42.06;70.2;MEDIO;BAJO;BAJO;MEDIO;0.5517;0.3334;0.115;RandomForest
47380;Marc Cucurella;546;Defensa;2020;2021;3250;6.735135;68.91;45.93;;ALTO;ALTO;ALTO;0.2118;0.34;0.4482;RandomForest
47383;Paulo Oliveira;545;Defensa;2020;2021;2640;6.812903;66.84;;;MEDIO;MEDIO;MEDIO;0.2478;0.4488;0.3034;RandomForest
47384;José Ángel;545;Defensa;2020;2021;904;6.735714;56.71;55.89;MEDIO;BAJO;BAJO;MEDIO;0.4716;0.3766;0.1518;RandomForest
47391;Rubén Peña;533;Defensa;2020;2021;1113;6.644444;55.27;33.9;;BAJO;BAJO;BAJO;0.5034;0.3561;0.1405;RandomForest
47407;Allan Nyom;546;Defensa;2020;2021;2333;6.54;47.66;28.05;;BAJO;BAJO;BAJO;0.5004;0.3427;0.1569;RandomForest
47409;Dimitrios Siovas;726;Defensa;2020;2021;3072;6.891666;77.73;;;MEDIO;ALTO;ALTO;0.1831;0.4122;0.4047;RandomForest
47431;David Juncà;538;Defensa;2020;2021;0;;18.88;;;BAJO;BAJO;BAJO;0.6424;0.2335;0.1241;RandomForest
47432;Hugo Mallo;538;Defensa;2020;2021;2604;6.856666;78.2;74.04;ALTO;ALTO;ALTO;ALTO;0.1796;0.3007;0.5196;RandomForest
47433;Lucas Olaza;538;Defensa;2020;2021;2878;6.911110999999999;75.78;66.85;;MEDIO;ALTO;ALTO;0.2594;0.3918;0.3488;RandomForest
47434;Kevin Vázquez;538;Defensa;2020;2021;560;6.55;34.38;67.26;MEDIO;BAJO;BAJO;BAJO;0.5728;0.314;0.1132;RandomForest
47451;Coke;539;Defensa;2020;2021;838;6.758823;52.73;43.75;;BAJO;BAJO;MEDIO;0.5357;0.3273;0.137;RandomForest
47452;Erick Cabaco;546;Defensa;2020;2021;1326;6.611111;40.44;29.15;;BAJO;BAJO;BAJO;0.5198;0.3435;0.1367;RandomForest
47453;Toño;539;Defensa;2020;2021;729;6.608333;37.55;;;BAJO;BAJO;BAJO;0.5788;0.2994;0.1218;RandomForest
47454;Pedro López;726;Defensa;2020;2021;1061;6.7;48.86;;;BAJO;BAJO;MEDIO;0.5868;0.3009;0.1123;RandomForest
47457;Rúben Vezo;539;Defensa;2020;2021;2312;6.75625;63.56;55.88;BAJO;BAJO;MEDIO;BAJO;0.4339;0.3396;0.2265;RandomForest
47458;Sergio Postigo;539;Defensa;2020;2021;1625;6.722727;50.41;32.57;BAJO;BAJO;BAJO;BAJO;0.626;0.2712;0.1028;RandomForest
47459;Chema;546;Defensa;2020;2021;556;6.222222;27.87;17.27;;BAJO;BAJO;MEDIO;0.6011;0.2747;0.1242;RandomForest
47460;Róber Pier;539;Defensa;2020;2021;1426;6.810525999999999;57.17;49.85;BAJO;BAJO;BAJO;MEDIO;0.5461;0.3243;0.1296;RandomForest
47481;Nacho Martinez;720;Defensa;2020;2021;1813;6.417391;45.83;;;BAJO;BAJO;MEDIO;0.5336;0.3191;0.1472;RandomForest
47482;Javi Moyano;720;Defensa;2020;2021;104;6.450000000000001;20.8;;;BAJO;BAJO;BAJO;0.6599;0.2151;0.1249;RandomForest
47483;Kiko Olivas;720;Defensa;2020;2021;173;6.46;29.24;;;BAJO;BAJO;BAJO;0.6298;0.2362;0.134;RandomForest
47487;Joaquín Fernández;720;Defensa;2020;2021;2076;6.8;60.18;;;MEDIO;MEDIO;MEDIO;0.3596;0.4674;0.173;RandomForest
47504;Pedro Alcalá;724;Defensa;2020;2021;906;6.538461;31.3;;;BAJO;BAJO;BAJO;0.6436;0.2599;0.0965;RandomForest
47506;Raúl García;720;Defensa;2020;2021;502;6.6375;51.3;;;BAJO;BAJO;ALTO;0.6034;0.2857;0.1109;RandomForest
47510;Jonas Ramalho;727;Defensa;2020;2021;303;6.46;32.01;30.89;;BAJO;BAJO;BAJO;0.5961;0.2634;0.1405;RandomForest
47547;Álex Moreno;543;Defensa;2020;2021;1786;6.760869;65.11;80.17;ALTO;MEDIO;MEDIO;MEDIO;0.3388;0.3612;0.3001;RandomForest
47561;Carlos Akapo;724;Defensa;2020;2021;865;6.707692;50.76;66.2;MEDIO;BAJO;BAJO;BAJO;0.5987;0.295;0.1063;RandomForest
47563;Luisinho;726;Defensa;2020;2021;178;6.42;27.81;;;BAJO;BAJO;BAJO;0.5939;0.2658;0.1403;RandomForest
47565;Xabier Etxeita;546;Defensa;2020;2021;881;6.563636;31.47;;;BAJO;BAJO;BAJO;0.593;0.299;0.108;RandomForest
47566;Javi Galán;726;Defensa;2020;2021;3067;7.143243000000001;86.93;77.1;ALTO;ALTO;ALTO;ALTO;0.0489;0.165;0.7861;RandomForest
47568;Jorge Miramón;539;Defensa;2020;2021;1733;6.776;61.7;51.74;BAJO;BAJO;BAJO;BAJO;0.4994;0.3162;0.1843;RandomForest
47569;Jorge Pulido;726;Defensa;2020;2021;2886;6.790909;66.05;;;MEDIO;ALTO;BAJO;0.3002;0.4026;0.2972;RandomForest
48573;Jean-Pierre Rhyner;724;Defensa;2020;2021;0;;18.88;;;BAJO;BAJO;BAJO;0.6352;0.2391;0.1257;RandomForest
64268;Johan Mojica;797;Defensa;2020;2021;1204;6.605882;53.55;73.64;ALTO;BAJO;BAJO;ALTO;0.4907;0.3268;0.1824;RandomForest
64309;Manuel Sánchez;727;Defensa;2020;2021;1022;6.9;60.76;62.2;MEDIO;BAJO;BAJO;BAJO;0.5048;0.3332;0.1619;RandomForest
90498;Eliaquim Mangala;532;Defensa;2020;2021;320;6.633333;33.52;;;BAJO;BAJO;BAJO;0.5772;0.2979;0.1249;RandomForest
90646;Pablo Insúa;726;Defensa;2020;2021;1588;6.768421;54.34;;;BAJO;BAJO;MEDIO;0.5491;0.3297;0.1212;RandomForest
101814;Ronald Araújo;529;Defensa;2020;2021;1507;7.029166;80.83;84.22;ALTO;ALTO;ALTO;ALTO;0.1148;0.2276;0.6577;RandomForest
104800;David Alba;546;Defensa;2020;2021;0;;18.88;;;BAJO;BAJO;BAJO;0.6352;0.2391;0.1257;RandomForest
104832;Diego Pampín;538;Defensa;2020;2021;0;;18.88;;;BAJO;BAJO;BAJO;0.6352;0.2391;0.1257;RandomForest
106746;Kingsley Fobi;715;Defensa;2020;2021;44;6.7;32.07;;;BAJO;BAJO;BAJO;0.6442;0.2401;0.1157;RandomForest
107148;Ignasi Vilarrasa;720;Defensa;2020;2021;0;;18.88;;;BAJO;BAJO;BAJO;0.6352;0.2391;0.1257;RandomForest
119220;Álex Martín;724;Defensa;2020;2021;95;6.25;20.63;;;BAJO;BAJO;BAJO;0.6537;0.2381;0.1082;RandomForest
119742;Juan Iglesias;546;Defensa;2020;2021;604;6.9;68.54;37.88;BAJO;BAJO;BAJO;ALTO;0.5366;0.3068;0.1566;RandomForest
122737;Soufiane Chakla;546;Defensa;2020;2021;908;6.545454;34.0;;;BAJO;BAJO;BAJO;0.5089;0.3787;0.1125;RandomForest
127374;Alfredo Pedraza;539;Defensa;2020;2021;0;;18.88;;;BAJO;BAJO;BAJO;0.6352;0.2391;0.1257;RandomForest
129880;Santiago Ramos Mingo;529;Defensa;2020;2021;0;;18.88;;;BAJO;BAJO;BAJO;0.6352;0.2391;0.1257;RandomForest
131492;Aritz Arambarri;548;Defensa;2020;2021;25;6.3;20.13;;;BAJO;BAJO;BAJO;0.668;0.2272;0.1048;RandomForest
131538;Son;539;Defensa;2020;2021;1091;6.685714;52.63;51.4;BAJO;BAJO;BAJO;MEDIO;0.5398;0.3321;0.1282;RandomForest
134838;Gorka Zabarte;727;Defensa;2020;2021;0;;18.88;;;BAJO;BAJO;BAJO;0.6352;0.2391;0.1257;RandomForest
156514;Ignacio Pastor;797;Defensa;2020;2021;0;;18.88;;;BAJO;BAJO;BAJO;0.6352;0.2391;0.1257;RandomForest
157988;Sergio Carreira;538;Defensa;2020;2021;261;6.733333;44.09;;;BAJO;BAJO;BAJO;0.5672;0.2787;0.1542;RandomForest
162026;Marvin Park;541;Defensa;2020;2021;133;6.725;42.41;;;BAJO;BAJO;BAJO;0.5627;0.2751;0.1622;RandomForest
162032;Miguel Gutiérrez;541;Defensa;2020;2021;314;6.75;54.14;70.96;;BAJO;BAJO;MEDIO;0.4785;0.3691;0.1524;RandomForest
162058;Víctor Chust;541;Defensa;2020;2021;94;7.200000000000001;53.79;50.21;BAJO;BAJO;BAJO;BAJO;0.6523;0.2186;0.1291;RandomForest
162108;Guillem Molina;532;Defensa;2020;2021;153;6.3;26.26;;;BAJO;BAJO;BAJO;0.6195;0.2537;0.1268;RandomForest
162175;Jesús Vázquez;532;Defensa;2020;2021;0;;18.88;50.29;BAJO;BAJO;BAJO;BAJO;0.6352;0.2391;0.1257;RandomForest
162530;Sergio Santos Fernandez;541;Defensa;2020;2021;0;;18.88;29.9;;BAJO;BAJO;BAJO;0.6352;0.2391;0.1257;RandomForest
162712;Óscar Mingueza;529;Defensa;2020;2021;1905;6.951851;77.74;56.24;MEDIO;ALTO;ALTO;MEDIO;0.1494;0.3844;0.4663;RandomForest
162722;Sergio López;720;Defensa;2020;2021;0;;18.88;;;BAJO;BAJO;BAJO;0.6352;0.2391;0.1257;RandomForest
162889;Ricard Sánchez;530;Defensa;2020;2021;29;6.3;19.65;;;BAJO;BAJO;BAJO;0.6523;0.2314;0.1163;RandomForest
179070;Marc Baró;724;Defensa;2020;2021;90;6.3;31.05;;;BAJO;BAJO;BAJO;0.6222;0.2549;0.1229;RandomForest
181866;Sergio Cubero;545;Defensa;2020;2021;0;;18.88;;;BAJO;BAJO;BAJO;0.6351;0.2383;0.1266;RandomForest
182164;Pepe Sánchez;715;Defensa;2020;2021;254;6.566666;29.77;19.2;;BAJO;BAJO;BAJO;0.5762;0.2777;0.146;RandomForest
182492;Álvaro García;530;Defensa;2020;2021;0;;18.88;19.2;;BAJO;BAJO;BAJO;0.6352;0.2391;0.1257;RandomForest
182501;Jose Fontán;538;Defensa;2020;2021;650;6.584615;39.01;34.3;;BAJO;BAJO;BAJO;0.5636;0.3112;0.1252;RandomForest
182546;Jon Pacheco;548;Defensa;2020;2021;31;6.9;49.29;40.67;;BAJO;BAJO;BAJO;0.6092;0.2477;0.1431;RandomForest
182547;Jérémy Blasco;548;Defensa;2020;2021;0;;18.88;;;BAJO;BAJO;BAJO;0.6352;0.2391;0.1257;RandomForest
182636;Javi López;542;Defensa;2020;2021;242;6.4875;32.36;28.91;BAJO;BAJO;BAJO;BAJO;0.5839;0.2638;0.1524;RandomForest
182857;Sergio Barcia;715;Defensa;2020;2021;90;7.3;56.06;19.93;;BAJO;BAJO;BAJO;0.6094;0.2427;0.1479;RandomForest
183777;Unai Dufur;545;Defensa;2020;2021;63;5.9;19.51;34.64;;BAJO;BAJO;BAJO;0.661;0.227;0.112;RandomForest
183849;Aitor Paredes;531;Defensa;2020;2021;0;;18.88;19.2;;BAJO;BAJO;BAJO;0.6352;0.2391;0.1257;RandomForest
184348;Gerard Barri;797;Defensa;2020;2021;0;;18.88;;;BAJO;BAJO;BAJO;0.6352;0.2391;0.1257;RandomForest
184364;Lanchi;533;Defensa;2020;2021;0;;18.88;19.2;;BAJO;BAJO;BAJO;0.6352;0.2391;0.1257;RandomForest
184407;Jose Salinas;797;Defensa;2020;2021;0;;18.88;;;BAJO;BAJO;BAJO;0.6352;0.2391;0.1257;RandomForest
186265;Kike Carrasco;724;Defensa;2020;2021;0;;18.88;;;BAJO;BAJO;BAJO;0.6352;0.2391;0.1257;RandomForest
188408;Geovanni Barba;543;Defensa;2020;2021;0;;18.88;;;BAJO;BAJO;BAJO;0.6352;0.2391;0.1257;RandomForest
188409;Fran Delgado;543;Defensa;2020;2021;0;;18.88;19.2;;BAJO;BAJO;BAJO;0.6352;0.2391;0.1257;RandomForest
189866;John Donald;797;Defensa;2020;2021;50;6.25;16.35;66.79;;BAJO;BAJO;BAJO;0.5757;0.2453;0.179;RandomForest
192013;Eusebio Monzó;539;Defensa;2020;2021;0;;18.88;;;BAJO;BAJO;BAJO;0.6352;0.2391;0.1257;RandomForest
264469;Pablo Pérez;536;Defensa;2020;2021;0;;18.88;19.2;;BAJO;BAJO;BAJO;0.6352;0.2391;0.1257;RandomForest
286558;Gael Alonso;538;Defensa;2020;2021;0;;18.88;;;BAJO;BAJO;BAJO;0.6352;0.2391;0.1257;RandomForest
286559;Carlos Domínguez;538;Defensa;2020;2021;360;6.775;51.08;45.56;;BAJO;BAJO;BAJO;0.5675;0.2921;0.1404;RandomForest
286580;Stephane Keller;542;Defensa;2020;2021;15;6.2;18.49;;;BAJO;BAJO;BAJO;0.6288;0.2337;0.1375;RandomForest
286643;Amankwaa Akurugu;546;Defensa;2020;2021;44;6.2;18.1;26.63;;BAJO;BAJO;BAJO;0.579;0.256;0.165;RandomForest
286962;Lucas Freitas;720;Defensa;2020;2021;0;;18.88;;;BAJO;BAJO;BAJO;0.6352;0.2391;0.1257;RandomForest
288334;Hugo Pérez;542;Defensa;2020;2021;0;;18.88;;;BAJO;BAJO;BAJO;0.6352;0.2391;0.1257;RandomForest
290215;Raúl Torrente;715;Defensa;2020;2021;0;;18.88;40.68;BAJO;BAJO;BAJO;BAJO;0.6352;0.2391;0.1257;RandomForest
299877;Chinchu;546;Defensa;2020;2021;0;;18.88;19.2;;BAJO;BAJO;BAJO;0.6352;0.2391;0.1257;RandomForest
313039;Robert Vallribera;542;Defensa;2020;2021;0;;18.88;;;BAJO;BAJO;BAJO;0.6352;0.2391;0.1257;RandomForest
313562;Eneko Ortiz;542;Defensa;2020;2021;0;;18.88;;;BAJO;BAJO;BAJO;0.6352;0.2391;0.1257;RandomForest
21;Paco Alcácer;533;Delantero;2020;2021;1555;6.722222;60.84;52.77;BAJO;BAJO;BAJO;BAJO;0.6129;0.2904;0.0967;RandomForest
23;Sergio Gómez;726;Delantero;2020;2021;771;6.703703;57.76;;;BAJO;BAJO;MEDIO;0.5216;0.3446;0.1338;RandomForest
52;Sergio Camello;530;Delantero;2020;2021;0;;18.88;19.2;;BAJO;BAJO;MEDIO;0.6255;0.2471;0.1274;RandomForest
53;Ángel Correa;530;Delantero;2020;2021;2409;6.9368419999999995;81.29;70.51;MEDIO;MEDIO;ALTO;MEDIO;0.1331;0.5137;0.3532;RandomForest
54;Diego Costa;530;Delantero;2020;2021;207;6.849999999999999;56.02;;;BAJO;BAJO;BAJO;0.5262;0.3062;0.1675;RandomForest
56;Antoine Griezmann;529;Delantero;2020;2021;2619;7.213888;84.54;71.09;MEDIO;ALTO;ALTO;ALTO;0.0638;0.2864;0.6498;RandomForest
58;Víctor Mollejo;546;Delantero;2020;2021;68;0.0;22.06;19.2;;BAJO;BAJO;BAJO;0.609;0.2334;0.1576;RandomForest
60;Joaquín Muñoz;726;Delantero;2020;2021;38;6.45;30.34;;;BAJO;BAJO;ALTO;0.6655;0.2286;0.1059;RandomForest
153;Ousmane Dembélé;529;Delantero;2020;2021;1776;7.05;82.6;87.51;ALTO;ALTO;ALTO;ALTO;0.0862;0.2541;0.6597;RandomForest
154;Lionel Messi;529;Delantero;2020;2021;3022;8.328571;88.83;;;ALTO;ALTO;ALTO;0.0052;0.0279;0.9669;RandomForest
157;Luis Suárez;530;Delantero;2020;2021;2521;7.215625;78.0;62.29;MEDIO;MEDIO;MEDIO;MEDIO;0.1719;0.5149;0.3132;RandomForest
246;Luuk de Jong;536;Delantero;2020;2021;1261;6.743333000000001;61.77;51.36;BAJO;BAJO;BAJO;BAJO;0.5436;0.3438;0.1126;RandomForest
392;Adrián López;727;Delantero;2020;2021;473;6.5375;40.08;;;BAJO;BAJO;BAJO;0.6267;0.2716;0.1017;RandomForest
395;Hernani;539;Delantero;2020;2021;0;;18.88;19.2;;BAJO;BAJO;MEDIO;0.6255;0.2471;0.1274;RandomForest
581;Jota;720;Delantero;2020;2021;664;6.629411;51.02;;;BAJO;BAJO;BAJO;0.5423;0.3292;0.1284;RandomForest
583;João Félix;530;Delantero;2020;2021;1566;6.932258;75.65;82.85;ALTO;ALTO;MEDIO;ALTO;0.177;0.4114;0.4115;RandomForest
608;Lucas Boyé;797;Delantero;2020;2021;2708;6.697058;68.95;80.92;ALTO;ALTO;ALTO;ALTO;0.1771;0.3563;0.4666;RandomForest
666;Moussa Dembélé;530;Delantero;2020;2021;95;6.539999999999999;35.72;;;BAJO;BAJO;MEDIO;0.6234;0.2527;0.1238;RandomForest
668;Nabil Fekir;543;Delantero;2020;2021;2637;6.963636;85.95;87.96;ALTO;ALTO;ALTO;ALTO;0.0508;0.1731;0.776;RandomForest
746;Marco Asensio;541;Delantero;2020;2021;1875;6.951428;77.33;78.01;ALTO;ALTO;ALTO;ALTO;0.1396;0.3122;0.5482;RandomForest
759;Karim Benzema;541;Delantero;2020;2021;2902;7.452941;82.66;83.34;ALTO;ALTO;ALTO;ALTO;0.0227;0.0717;0.9056;RandomForest
760;Mariano Díaz;541;Delantero;2020;2021;506;6.566666;42.06;51.62;;BAJO;BAJO;BAJO;0.6304;0.2605;0.1091;RandomForest
762;Vinícius Júnior;541;Delantero;2020;2021;1972;6.782857;71.0;89.35;ALTO;MEDIO;ALTO;ALTO;0.2303;0.4038;0.3659;RandomForest
925;Gonçalo Guedes;532;Delantero;2020;2021;2301;6.916129;79.13;83.15;ALTO;ALTO;ALTO;ALTO;0.1165;0.3442;0.5392;RandomForest
933;Kévin Gameiro;532;Delantero;2020;2021;1069;6.448148;37.57;;;BAJO;BAJO;BAJO;0.673;0.2381;0.089;RandomForest
934;Santi Mina;538;Delantero;2020;2021;2422;6.882352;74.03;77.52;ALTO;ALTO;MEDIO;MEDIO;0.2119;0.3403;0.4478;RandomForest
937;Rubén Sobrino;724;Delantero;2020;2021;1158;6.9;65.89;48.7;BAJO;BAJO;MEDIO;BAJO;0.4742;0.3773;0.1485;RandomForest
1375;Roberto Soldado;715;Delantero;2020;2021;1440;6.7172410000000005;53.75;43.11;BAJO;BAJO;BAJO;BAJO;0.5823;0.3236;0.0941;RandomForest
1495;Abdoulay Diaby;546;Delantero;2020;2021;17;6.3;22.38;;;BAJO;BAJO;MEDIO;0.6176;0.2625;0.1199;RandomForest
1583;Sergio León;539;Delantero;2020;2021;732;6.450000000000001;35.44;;;BAJO;BAJO;BAJO;0.6459;0.2614;0.0927;RandomForest
1584;Loren Morón;543;Delantero;2020;2021;982;6.473076;39.61;34.23;BAJO;BAJO;BAJO;BAJO;0.646;0.2829;0.0711;RandomForest
1586;Cristian Tello;543;Delantero;2020;2021;1277;6.820689;68.14;48.29;BAJO;BAJO;MEDIO;BAJO;0.4347;0.3904;0.1749;RandomForest
1649;Patrick Cutrone;532;Delantero;2020;2021;100;6.416666;29.41;;;BAJO;BAJO;BAJO;0.6673;0.2247;0.108;RandomForest
1696;Samuel Chukwueze;533;Delantero;2020;2021;1361;6.7250000000000005;67.83;71.03;MEDIO;MEDIO;MEDIO;MEDIO;0.2317;0.5168;0.2515;RandomForest
1706;Carlos Bacca;533;Delantero;2020;2021;781;6.677272;49.56;49.53;BAJO;BAJO;BAJO;BAJO;0.6537;0.2552;0.0911;RandomForest
1707;Gerard Moreno;533;Delantero;2020;2021;2682;7.569696;89.31;86.14;ALTO;ALTO;ALTO;ALTO;0.0207;0.0738;0.9055;RandomForest
1708;Dani Raba;533;Delantero;2020;2021;146;6.64;41.81;24.24;;BAJO;BAJO;MEDIO;0.5444;0.3041;0.1515;RandomForest
1828;Luka Jović;541;Delantero;2020;2021;149;6.575;37.29;47.18;;BAJO;BAJO;BAJO;0.6077;0.2602;0.1321;RandomForest
2057;Franco Vázquez;536;Delantero;2020;2021;152;6.54;37.23;;;BAJO;BAJO;BAJO;0.5975;0.2655;0.137;RandomForest
2058;Nolito;538;Delantero;2020;2021;2627;6.908333000000001;81.02;51.29;BAJO;MEDIO;ALTO;BAJO;0.2488;0.4193;0.3319;RandomForest
2060;Munir El Haddadi;536;Delantero;2020;2021;839;6.828571;64.49;46.88;BAJO;BAJO;MEDIO;MEDIO;0.4669;0.3956;0.1375;RandomForest
2061;Bryan Gil;545;Delantero;2020;2021;2285;7.053571000000001;74.27;58.12;MEDIO;ALTO;MEDIO;MEDIO;0.123;0.3553;0.5217;RandomForest
2296;Eden Hazard;541;Delantero;2020;2021;532;6.928571;74.79;73.1;MEDIO;MEDIO;MEDIO;MEDIO;0.257;0.5376;0.2053;RandomForest
2459;Darwin Machís;715;Delantero;2020;2021;2028;6.79375;75.11;75.04;MEDIO;MEDIO;MEDIO;MEDIO;0.2246;0.5351;0.2403;RandomForest
2522;Antonio Sanabria;543;Delantero;2020;2021;935;6.65;56.09;;;BAJO;BAJO;BAJO;0.578;0.3239;0.098;RandomForest
2615;Maximiliano Gómez;532;Delantero;2020;2021;2699;6.980645;77.82;65.76;MEDIO;MEDIO;MEDIO;MEDIO;0.1706;0.5517;0.2777;RandomForest
2671;Jaime Mata;546;Delantero;2020;2021;2040;6.578125;52.08;41.06;BAJO;BAJO;BAJO;BAJO;0.4982;0.3764;0.1254;RandomForest
2672;Iker Muniain;531;Delantero;2020;2021;1954;6.989285;84.6;87.59;ALTO;ALTO;ALTO;ALTO;0.1015;0.2658;0.6327;RandomForest
2723;Oussama Idrissi;536;Delantero;2020;2021;24;6.533333;29.3;65.95;MEDIO;BAJO;BAJO;BAJO;0.6118;0.27;0.1182;RandomForest
2737;Martin Braithwaite;529;Delantero;2020;2021;1162;6.568965;49.95;61.0;;BAJO;BAJO;BAJO;0.5905;0.3187;0.0908;RandomForest
2864;Alexander Isak;548;Delantero;2020;2021;2361;6.988235;74.98;65.77;MEDIO;MEDIO;MEDIO;MEDIO;0.2961;0.5119;0.192;RandomForest
9934;Deyverson;542;Delantero;2020;2021;868;6.660869;51.62;;;BAJO;BAJO;BAJO;0.5327;0.3628;0.1045;RandomForest
10009;Rodrygo;541;Delantero;2020;2021;978;6.845454;67.05;70.93;MEDIO;MEDIO;BAJO;MEDIO;0.318;0.442;0.24;RandomForest
18787;Shinji Okazaki;726;Delantero;2020;2021;1127;6.525;40.6;;;BAJO;BAJO;BAJO;0.6646;0.2567;0.0787;RandomForest
18833;Lucas Pérez;542;Delantero;2020;2021;1764;6.95;75.36;61.1;MEDIO;MEDIO;ALTO;MEDIO;0.1436;0.4439;0.4125;RandomForest
18907;Joselu;542;Delantero;2020;2021;3037;7.1000000000000005;85.14;82.14;ALTO;ALTO;ALTO;ALTO;0.0462;0.1963;0.7575;RandomForest
30510;Álex Berenguer;531;Delantero;2020;2021;2289;6.908571;80.7;75.64;ALTO;ALTO;ALTO;ALTO;0.1546;0.395;0.4504;RandomForest
32862;Takefusa Kubo;546;Delantero;2020;2021;1092;6.555555;51.21;75.56;ALTO;MEDIO;BAJO;ALTO;0.399;0.4115;0.1895;RandomForest
35575;Edgar Méndez;542;Delantero;2020;2021;2103;6.625;61.75;52.84;BAJO;BAJO;BAJO;BAJO;0.4641;0.3379;0.1979;RandomForest
41112;Francisco Trincão;529;Delantero;2020;2021;682;6.614285;51.05;;;BAJO;BAJO;MEDIO;0.4903;0.3781;0.1316;RandomForest
41595;Ivan Šaponjić;724;Delantero;2020;2021;384;0.0;27.04;19.2;;BAJO;BAJO;BAJO;0.6339;0.212;0.1541;RandomForest
46667;Kike Barja;727;Delantero;2020;2021;1431;6.71;63.74;62.33;MEDIO;MEDIO;MEDIO;MEDIO;0.3267;0.4795;0.1939;RandomForest
46670;Brandon;727;Delantero;2020;2021;0;;18.88;;;BAJO;BAJO;MEDIO;0.6255;0.2471;0.1274;RandomForest
46746;Ante Budimir;727;Delantero;2020;2021;1622;6.865517;71.38;67.3;MEDIO;MEDIO;MEDIO;MEDIO;0.2602;0.5651;0.1747;RandomForest
46782;Manu Vallejo;532;Delantero;2020;2021;937;6.625;48.55;38.82;BAJO;BAJO;BAJO;BAJO;0.6128;0.3107;0.0764;RandomForest
46808;Carlos Fernández;548;Delantero;2020;2021;530;6.518181;42.65;;;BAJO;BAJO;BAJO;0.6083;0.3126;0.079;RandomForest
46809;Quique;545;Delantero;2020;2021;157;6.514285;28.87;;;BAJO;BAJO;BAJO;0.6505;0.2263;0.1232;RandomForest
46931;Álvaro Giménez;724;Delantero;2020;2021;401;6.60909;45.97;;;BAJO;BAJO;MEDIO;0.5964;0.2796;0.124;RandomForest
46933;Luis Rioja;542;Delantero;2020;2021;2099;6.667647;61.74;64.88;MEDIO;MEDIO;MEDIO;MEDIO;0.3555;0.4819;0.1626;RandomForest
46984;Nino;797;Delantero;2020;2021;269;6.414285;27.4;;;BAJO;BAJO;BAJO;0.6501;0.2273;0.1226;RandomForest
47002;Fidel;797;Delantero;2020;2021;2403;6.893333000000001;81.23;72.07;MEDIO;MEDIO;ALTO;MEDIO;0.168;0.442;0.3901;RandomForest
47013;Rafa Mir;726;Delantero;2020;2021;2880;6.889473;70.41;51.17;BAJO;BAJO;MEDIO;BAJO;0.4953;0.3296;0.1751;RandomForest
47041;Alberto Perea;724;Delantero;2020;2021;1549;6.836;73.77;58.46;MEDIO;MEDIO;MEDIO;MEDIO;0.2632;0.4395;0.2974;RandomForest
47084;Filip Malbašić;724;Delantero;2020;2021;846;6.432;34.62;;;BAJO;BAJO;BAJO;0.6405;0.2732;0.0864;RandomForest
47095;Nano Mesa;724;Delantero;2020;2021;8;6.2;15.04;;;BAJO;BAJO;BAJO;0.5933;0.2591;0.1476;RandomForest
47117;Jesus Rodriguez Ortuno;715;Delantero;2020;2021;0;;18.88;;;BAJO;BAJO;MEDIO;0.6255;0.2471;0.1274;RandomForest
47179;Dani Escriche;726;Delantero;2020;2021;848;6.468181;38.65;;;BAJO;BAJO;ALTO;0.625;0.2932;0.0818;RandomForest
47182;Tete Morente;797;Delantero;2020;2021;2025;6.72;66.55;54.53;BAJO;BAJO;BAJO;BAJO;0.4392;0.3757;0.1851;RandomForest
47237;Luis Javier Suárez;715;Delantero;2020;2021;1668;6.692306999999999;64.98;74.24;MEDIO;MEDIO;MEDIO;MEDIO;0.3785;0.4939;0.1276;RandomForest
47264;Hugo Duro;541;Delantero;2020;2021;53;6.7;36.04;64.73;MEDIO;BAJO;BAJO;MEDIO;0.6041;0.2708;0.1251;RandomForest
47265;Jorge Molina;715;Delantero;2020;2021;1612;6.8;64.0;72.9;MEDIO;MEDIO;MEDIO;MEDIO;0.3537;0.5081;0.1382;RandomForest
47266;Ángel Rodríguez;546;Delantero;2020;2021;1360;6.57;45.09;53.1;BAJO;BAJO;BAJO;BAJO;0.6582;0.2843;0.0575;RandomForest
47292;Kenan Kodro;720;Delantero;2020;2021;495;6.733333;49.47;;;BAJO;BAJO;BAJO;0.6234;0.2454;0.1313;RandomForest
47293;Iñigo Vicente;531;Delantero;2020;2021;49;7.0;56.17;;;BAJO;BAJO;BAJO;0.5217;0.3233;0.155;RandomForest
47294;Iñaki Williams;531;Delantero;2020;2021;2392;6.744736;67.74;74.16;MEDIO;MEDIO;MEDIO;MEDIO;0.2249;0.5205;0.2545;RandomForest
47317;Ander Barrenetxea;548;Delantero;2020;2021;1298;6.590322;55.88;63.4;MEDIO;MEDIO;BAJO;MEDIO;0.3984;0.4763;0.1254;RandomForest
47318;Jon Bautista;548;Delantero;2020;2021;348;6.568421;40.56;51.49;;BAJO;BAJO;BAJO;0.6281;0.2689;0.103;RandomForest
47319;Willian José;548;Delantero;2020;2021;688;6.969229999999999;68.19;64.57;MEDIO;MEDIO;BAJO;MEDIO;0.3133;0.5411;0.1456;RandomForest
47320;Juanmi;543;Delantero;2020;2021;598;6.493333;38.69;79.47;ALTO;BAJO;BAJO;BAJO;0.6143;0.2574;0.1283;RandomForest
47323;Mikel Oyarzabal;548;Delantero;2020;2021;2430;7.181818;83.33;83.23;ALTO;ALTO;ALTO;ALTO;0.0405;0.1556;0.8039;RandomForest
47324;Sandro Ramírez;726;Delantero;2020;2021;1294;6.950000000000001;78.46;51.88;BAJO;MEDIO;MEDIO;MEDIO;0.3853;0.3874;0.2273;RandomForest
47346;Facundo Ferreyra;538;Delantero;2020;2021;293;6.484615;33.62;;;BAJO;BAJO;BAJO;0.6254;0.2613;0.1133;RandomForest
47348;Borja Iglesias;543;Delantero;2020;2021;1412;6.811111;58.97;60.7;MEDIO;BAJO;MEDIO;MEDIO;0.511;0.399;0.09;RandomForest
47368;Jonathan Calleri;727;Delantero;2020;2021;1558;6.788;68.6;;;MEDIO;MEDIO;MEDIO;0.3319;0.4491;0.219;RandomForest
47371;John Guidetti;542;Delantero;2020;2021;200;6.566666000000001;34.03;36.53;;BAJO;BAJO;BAJO;0.6437;0.2346;0.1217;RandomForest
47390;Fabián Orellana;720;Delantero;2020;2021;2153;6.606666;62.92;;;MEDIO;MEDIO;MEDIO;0.299;0.4295;0.2715;RandomForest
47393;Marc Cardona;727;Delantero;2020;2021;50;6.366666;26.84;;;BAJO;BAJO;BAJO;0.6706;0.2137;0.1157;RandomForest
47395;Sergi Enrich;545;Delantero;2020;2021;1398;6.711111;62.71;;;MEDIO;MEDIO;BAJO;0.3808;0.4473;0.1719;RandomForest
47396;Kike García;545;Delantero;2020;2021;3105;7.159459;85.05;60.24;MEDIO;MEDIO;ALTO;MEDIO;0.0727;0.4836;0.4436;RandomForest
47421;Guido Carrillo;797;Delantero;2020;2021;1000;6.894736;72.7;54.47;BAJO;BAJO;MEDIO;BAJO;0.4229;0.3656;0.2115;RandomForest
47422;Youssef En-Nesyri;536;Delantero;2020;2021;2312;6.93421;73.66;59.05;MEDIO;MEDIO;MEDIO;MEDIO;0.2591;0.546;0.195;RandomForest
47445;Iago Aspas;538;Delantero;2020;2021;2871;7.490909;86.52;84.85;ALTO;ALTO;ALTO;ALTO;0.0054;0.0212;0.9734;RandomForest
47446;Emre Mor;538;Delantero;2020;2021;501;6.73;59.27;;;BAJO;BAJO;MEDIO;0.5908;0.2957;0.1135;RandomForest
47467;José Luis Morales;539;Delantero;2020;2021;2454;6.907894;72.05;78.79;ALTO;ALTO;MEDIO;ALTO;0.1819;0.3493;0.4688;RandomForest
47471;Roger Martí;539;Delantero;2020;2021;2209;6.881818;68.68;65.29;MEDIO;MEDIO;MEDIO;MEDIO;0.2887;0.5324;0.1789;RandomForest
47472;Borja Mayoral;541;Delantero;2020;2021;21;6.299999999999999;15.65;73.87;MEDIO;BAJO;BAJO;BAJO;0.5915;0.2677;0.1408;RandomForest
47492;Toni Villa;720;Delantero;2020;2021;969;6.67619;56.97;;;BAJO;BAJO;BAJO;0.4933;0.3946;0.1121;RandomForest
47495;Sergi Guardiola;720;Delantero;2020;2021;1794;6.586206;55.68;60.51;MEDIO;MEDIO;BAJO;BAJO;0.377;0.4595;0.1635;RandomForest
47496;Óscar Plano;720;Delantero;2020;2021;2530;6.841666000000001;75.63;;;MEDIO;MEDIO;BAJO;0.2654;0.3842;0.3504;RandomForest
47498;Waldo Rubio Marin;720;Delantero;2020;2021;375;6.3666659999999995;30.69;;;BAJO;BAJO;BAJO;0.6457;0.2353;0.119;RandomForest
47499;Enes Ünal;546;Delantero;2020;2021;1321;6.803703;68.14;80.93;ALTO;MEDIO;MEDIO;BAJO;0.3087;0.3748;0.3164;RandomForest
47520;Portu;548;Delantero;2020;2021;2188;6.727777;62.12;49.33;BAJO;BAJO;MEDIO;MEDIO;0.4452;0.4139;0.1409;RandomForest
47525;Anthony Lozano;724;Delantero;2020;2021;1529;6.610344;58.06;66.41;MEDIO;BAJO;BAJO;BAJO;0.4589;0.4399;0.1012;RandomForest
47579;Chimy Ávila;727;Delantero;2020;2021;198;6.371428000000001;33.78;69.35;MEDIO;BAJO;BAJO;BAJO;0.5663;0.2904;0.1433;RandomForest
47581;Enric Gallego;727;Delantero;2020;2021;800;6.555;42.25;;;BAJO;BAJO;BAJO;0.5889;0.3242;0.0868;RandomForest
47582;Cucho Hernández;546;Delantero;2020;2021;1474;6.804347;75.05;;;ALTO;MEDIO;ALTO;0.1779;0.4014;0.4206;RandomForest
50502;Álvaro Negredo;724;Delantero;2020;2021;2217;6.894117;76.22;76.21;ALTO;ALTO;MEDIO;MEDIO;0.198;0.3812;0.4207;RandomForest
70339;Shon Weissman;720;Delantero;2020;2021;2137;6.746875;60.97;;;MEDIO;BAJO;ALTO;0.4266;0.4408;0.1325;RandomForest
104835;Darío Poveda;546;Delantero;2020;2021;4;6.7;31.93;42.96;;BAJO;BAJO;MEDIO;0.6168;0.2624;0.1208;RandomForest
104853;Asier Villalibre;531;Delantero;2020;2021;1583;6.708823;55.18;44.71;BAJO;BAJO;BAJO;BAJO;0.5795;0.3431;0.0774;RandomForest
107170;Claudio Medina;797;Delantero;2020;2021;0;;18.88;;;BAJO;BAJO;MEDIO;0.6255;0.2471;0.1274;RandomForest
107205;Sergio Benito;720;Delantero;2020;2021;1;0.0;12.91;;;BAJO;ALTO;ALTO;0.5774;0.2569;0.1657;RandomForest
113586;Bobby Adekanye;724;Delantero;2020;2021;33;6.35;20.82;;;BAJO;BAJO;BAJO;0.6391;0.2431;0.1178;RandomForest
119213;Alfon González;538;Delantero;2020;2021;32;6.85;48.91;19.2;;BAJO;BAJO;MEDIO;0.6053;0.2631;0.1316;RandomForest
119223;Mourad El Ghezouani;797;Delantero;2020;2021;0;;18.88;;;BAJO;BAJO;MEDIO;0.6255;0.2471;0.1274;RandomForest
119232;Dani Gómez;539;Delantero;2020;2021;1663;6.517647000000001;46.02;46.29;BAJO;BAJO;BAJO;BAJO;0.5917;0.3147;0.0936;RandomForest
122233;Marcos André;720;Delantero;2020;2021;1170;6.656521;57.04;56.31;MEDIO;BAJO;BAJO;BAJO;0.5273;0.3839;0.0888;RandomForest
122469;Josete Miranda;546;Delantero;2020;2021;22;6.5;25.01;;;BAJO;BAJO;BAJO;0.6684;0.2315;0.1001;RandomForest
122567;Jose Luis Zalazar;720;Delantero;2020;2021;28;6.7;37.04;;;BAJO;BAJO;MEDIO;0.6133;0.2606;0.1261;RandomForest
122918;Daniel Plomer;715;Delantero;2020;2021;44;6.3;16.19;;;BAJO;BAJO;BAJO;0.6122;0.2539;0.1339;RandomForest
128582;Jorge de Frutos;539;Delantero;2020;2021;2187;6.74054;71.8;69.97;MEDIO;MEDIO;MEDIO;MEDIO;0.2083;0.5347;0.257;RandomForest
133453;Borja Sainz;542;Delantero;2020;2021;437;6.368421;33.43;;;BAJO;BAJO;BAJO;0.6594;0.2425;0.0981;RandomForest
135775;Ansu Fati;529;Delantero;2020;2021;437;7.257142;79.67;66.24;;MEDIO;MEDIO;MEDIO;0.2677;0.429;0.3033;RandomForest
147797;Antoñin;715;Delantero;2020;2021;0;;18.88;;;BAJO;BAJO;MEDIO;0.6255;0.2471;0.1274;RandomForest
161929;Konrad de la Fuente;529;Delantero;2020;2021;0;;18.88;;;BAJO;BAJO;MEDIO;0.6255;0.2471;0.1274;RandomForest
161963;Germán Valera;530;Delantero;2020;2021;0;;18.88;24.35;;BAJO;BAJO;MEDIO;0.6255;0.2471;0.1274;RandomForest
180241;Manuel Nieto;724;Delantero;2020;2021;12;6.849999999999999;43.94;;;BAJO;BAJO;MEDIO;0.5931;0.2693;0.1377;RandomForest
182480;Lautaro De León;538;Delantero;2020;2021;13;6.299999999999999;15.65;;;BAJO;BAJO;BAJO;0.5848;0.2689;0.1463;RandomForest
182563;Jon Morcillo;531;Delantero;2020;2021;1363;6.726666;59.93;24.23;;BAJO;BAJO;BAJO;0.4539;0.3981;0.148;RandomForest
182602;Julen Lobete;548;Delantero;2020;2021;0;;18.88;45.67;;BAJO;BAJO;MEDIO;0.6255;0.2471;0.1274;RandomForest
182618;Asier Cordoba Querejeta;727;Delantero;2020;2021;0;;18.88;;;BAJO;BAJO;MEDIO;0.6255;0.2471;0.1274;RandomForest
182668;Alex Millan;533;Delantero;2020;2021;1;0.0;14.06;;;BAJO;ALTO;BAJO;0.5771;0.2617;0.1612;RandomForest
182759;Mamady Diarra;724;Delantero;2020;2021;0;;18.88;;;BAJO;BAJO;MEDIO;0.6255;0.2471;0.1274;RandomForest
183716;Eñaut Mendia;545;Delantero;2020;2021;62;5.9;17.43;;;BAJO;BAJO;BAJO;0.6739;0.222;0.1041;RandomForest
183799;Nico Williams;531;Delantero;2020;2021;55;6.7;38.33;52.48;BAJO;BAJO;BAJO;BAJO;0.6538;0.2358;0.1103;RandomForest
183891;Unai Arieta;545;Delantero;2020;2021;43;6.2250000000000005;18.92;;;BAJO;BAJO;BAJO;0.6969;0.2095;0.0937;RandomForest
184277;Fernando Niño;533;Delantero;2020;2021;593;6.4875;41.12;55.28;BAJO;BAJO;BAJO;BAJO;0.6656;0.2442;0.0902;RandomForest
187413;Javi Martín;724;Delantero;2020;2021;0;;18.88;;;BAJO;BAJO;MEDIO;0.6255;0.2471;0.1274;RandomForest
188319;Kevin Omoruyi;726;Delantero;2020;2021;0;;18.88;;;BAJO;BAJO;MEDIO;0.6255;0.2471;0.1274;RandomForest
192032;Iván Romero;536;Delantero;2020;2021;0;;18.88;28.15;;BAJO;BAJO;MEDIO;0.6255;0.2471;0.1274;RandomForest
192434;Miguel Rodríguez;538;Delantero;2020;2021;26;6.533333;27.21;;;BAJO;BAJO;BAJO;0.6585;0.2405;0.101;RandomForest
208670;Diego Bri;797;Delantero;2020;2021;0;;18.88;19.2;;BAJO;BAJO;MEDIO;0.6255;0.2471;0.1274;RandomForest
237065;Óscar Aranda;541;Delantero;2020;2021;0;;18.88;;;BAJO;BAJO;MEDIO;0.6255;0.2471;0.1274;RandomForest
287461;Cheikh Diamanka;797;Delantero;2020;2021;0;;18.88;;;BAJO;BAJO;MEDIO;0.6255;0.2471;0.1274;RandomForest
294791;Mamor Niang;546;Delantero;2020;2021;21;6.700000000000001;37.41;;;BAJO;BAJO;BAJO;0.6609;0.2351;0.104;RandomForest
45;Thomas Lemar;530;Mediocentro;2020;2021;1375;7.018518;83.14;79.62;ALTO;ALTO;ALTO;ALTO;0.115;0.3183;0.5667;RandomForest
46;Vitolo;530;Mediocentro;2020;2021;294;6.455555;27.48;30.99;;BAJO;BAJO;BAJO;0.6316;0.2493;0.1191;RandomForest
47;Toni Moya;530;Mediocentro;2020;2021;0;;18.88;54.05;BAJO;BAJO;BAJO;BAJO;0.6388;0.2327;0.1286;RandomForest
48;Saúl Ñíguez;530;Mediocentro;2020;2021;2033;6.857575;77.87;61.2;;ALTO;ALTO;MEDIO;0.2757;0.355;0.3692;RandomForest
49;Thomas Partey;530;Mediocentro;2020;2021;199;7.133333;61.52;;;BAJO;BAJO;MEDIO;0.4459;0.3662;0.1879;RandomForest
50;Koke;530;Mediocentro;2020;2021;3025;7.0;83.36;72.79;MEDIO;ALTO;ALTO;MEDIO;0.1103;0.3833;0.5063;RandomForest
137;Sergi Roberto;529;Mediocentro;2020;2021;943;7.006666;77.44;68.62;;MEDIO;ALTO;MEDIO;0.2021;0.4716;0.3263;RandomForest
142;Rafinha Alcântara;529;Mediocentro;2020;2021;0;;18.88;80.9;ALTO;BAJO;BAJO;BAJO;0.6388;0.2327;0.1286;RandomForest
143;Carles Aleñá;546;Mediocentro;2020;2021;1414;6.5;41.1;54.39;BAJO;BAJO;BAJO;BAJO;0.6344;0.2426;0.123;RandomForest
144;Sergio Busquets;529;Mediocentro;2020;2021;2529;7.058333;82.36;88.89;ALTO;ALTO;ALTO;ALTO;0.0414;0.2064;0.7522;RandomForest
146;Alex Collado;529;Mediocentro;2020;2021;0;;18.88;65.33;MEDIO;BAJO;BAJO;BAJO;0.6388;0.2327;0.1286;RandomForest
147;Philippe Coutinho;529;Mediocentro;2020;2021;657;6.941666000000001;77.22;59.26;MEDIO;MEDIO;MEDIO;MEDIO;0.1885;0.6182;0.1933;RandomForest
148;Riqui Puig;529;Mediocentro;2020;2021;282;6.775;55.66;39.15;BAJO;BAJO;BAJO;BAJO;0.5159;0.3127;0.1714;RandomForest
149;Ivan Rakitić;536;Mediocentro;2020;2021;2239;6.816216;70.04;81.14;ALTO;ALTO;ALTO;ALTO;0.2833;0.3345;0.3822;RandomForest
382;Héctor Herrera;530;Mediocentro;2020;2021;680;6.89375;65.39;63.2;MEDIO;MEDIO;BAJO;MEDIO;0.399;0.4241;0.1769;RandomForest
385;Óliver Torres;536;Mediocentro;2020;2021;1395;6.7875;67.32;57.23;BAJO;BAJO;BAJO;BAJO;0.3995;0.3548;0.2457;RandomForest
452;Fernando;536;Mediocentro;2020;2021;2546;7.045161;81.81;71.01;MEDIO;ALTO;ALTO;MEDIO;0.1023;0.3746;0.5231;RandomForest
538;Frenkie de Jong;529;Mediocentro;2020;2021;3158;7.178378;88.36;86.96;ALTO;ALTO;ALTO;ALTO;0.0084;0.0425;0.9491;RandomForest
634;David Silva;548;Mediocentro;2020;2021;1408;7.142857;83.96;84.11;ALTO;ALTO;ALTO;ALTO;0.0807;0.2719;0.6474;RandomForest
669;Yassin Fekir;543;Mediocentro;2020;2021;0;;18.88;19.2;;BAJO;BAJO;BAJO;0.6388;0.2327;0.1286;RandomForest
745;Isco;541;Mediocentro;2020;2021;897;6.754166;61.94;67.41;;MEDIO;BAJO;MEDIO;0.3494;0.4388;0.2117;RandomForest
747;Casemiro;541;Mediocentro;2020;2021;2902;7.329411;89.48;89.18;ALTO;ALTO;ALTO;ALTO;0.0323;0.0712;0.8965;RandomForest
752;Toni Kroos;541;Mediocentro;2020;2021;2121;7.7;87.0;84.2;ALTO;ALTO;ALTO;ALTO;0.0105;0.0581;0.9314;RandomForest
753;Marcos Llorente;530;Mediocentro;2020;2021;2959;7.202702000000001;89.1;76.1;MEDIO;ALTO;ALTO;MEDIO;0.0714;0.283;0.6456;RandomForest
754;Luka Modrić;541;Mediocentro;2020;2021;2744;7.325714;89.83;84.15;ALTO;ALTO;ALTO;ALTO;0.0126;0.0518;0.9356;RandomForest
755;Jaime Seoane;726;Mediocentro;2020;2021;2065;6.665517;58.96;;;BAJO;BAJO;BAJO;0.4287;0.373;0.1983;RandomForest
756;Federico Valverde;541;Mediocentro;2020;2021;1331;7.021739;83.43;77.51;MEDIO;MEDIO;ALTO;MEDIO;0.1326;0.5311;0.3363;RandomForest
872;Miralem Pjanić;529;Mediocentro;2020;2021;620;6.815789;64.51;19.2;;MEDIO;MEDIO;MEDIO;0.3966;0.4153;0.1882;RandomForest
919;Hugo Guillamón;532;Mediocentro;2020;2021;1989;6.824;63.44;57.57;MEDIO;MEDIO;BAJO;MEDIO;0.3569;0.4746;0.1685;RandomForest
923;Denis Cheryshev;532;Mediocentro;2020;2021;1104;6.714285;59.38;43.14;BAJO;BAJO;BAJO;BAJO;0.6041;0.2917;0.1042;RandomForest
924;Francis Coquelin;533;Mediocentro;2020;2021;729;6.690476;53.31;74.5;MEDIO;BAJO;BAJO;MEDIO;0.5087;0.3632;0.1281;RandomForest
926;Geoffrey Kondogbia;530;Mediocentro;2020;2021;1033;6.736363;59.01;82.72;ALTO;BAJO;BAJO;ALTO;0.4348;0.3765;0.1887;RandomForest
927;Kang-in Lee;532;Mediocentro;2020;2021;1266;6.904346999999999;72.06;57.11;BAJO;MEDIO;MEDIO;BAJO;0.3785;0.4014;0.2201;RandomForest
928;Dani Parejo;533;Mediocentro;2020;2021;3120;7.286111;89.95;87.97;ALTO;ALTO;ALTO;ALTO;0.0108;0.0485;0.9407;RandomForest
930;Carlos Soler;532;Mediocentro;2020;2021;2737;7.3;87.72;84.65;ALTO;ALTO;ALTO;ALTO;0.0425;0.1157;0.8419;RandomForest
932;Daniel Wass;532;Mediocentro;2020;2021;2991;6.957142000000001;80.69;52.21;BAJO;ALTO;ALTO;BAJO;0.2294;0.3073;0.4632;RandomForest
1218;Emiliano Rigoni;797;Mediocentro;2020;2021;1139;6.55;43.71;;;BAJO;BAJO;BAJO;0.5815;0.3136;0.1049;RandomForest
1328;Damian Kądzior;545;Mediocentro;2020;2021;194;6.666666;37.32;;;BAJO;BAJO;BAJO;0.6186;0.2458;0.1356;RandomForest
1461;Denis Suárez;538;Mediocentro;2020;2021;2863;6.925714;77.99;82.9;ALTO;ALTO;ALTO;ALTO;0.1027;0.2399;0.6573;RandomForest
1462;Lucas Torreira;530;Mediocentro;2020;2021;505;6.694736;46.41;;;BAJO;BAJO;BAJO;0.5355;0.337;0.1275;RandomForest
1484;Rodrigo Battaglia;542;Mediocentro;2020;2021;2495;6.6375;56.27;45.0;BAJO;BAJO;BAJO;BAJO;0.5922;0.2721;0.1357;RandomForest
1488;Idrissa Doumbia;726;Mediocentro;2020;2021;768;6.604761;41.47;;;BAJO;BAJO;MEDIO;0.528;0.3385;0.1335;RandomForest
1489;Nemanja Gudelj;536;Mediocentro;2020;2021;1024;6.704;51.61;58.91;MEDIO;BAJO;BAJO;MEDIO;0.5514;0.334;0.1146;RandomForest
1568;Paul Akouokou;543;Mediocentro;2020;2021;375;6.675;40.84;58.32;MEDIO;BAJO;BAJO;BAJO;0.5738;0.3091;0.1171;RandomForest
1570;Sergio Canales;543;Mediocentro;2020;2021;2502;7.187096;82.8;82.47;ALTO;ALTO;ALTO;ALTO;0.0196;0.0967;0.8837;RandomForest
1573;Andrés Guardado;543;Mediocentro;2020;2021;1321;6.75238;66.02;57.29;BAJO;BAJO;BAJO;BAJO;0.4634;0.3724;0.1642;RandomForest
1577;Diego Lainez;543;Mediocentro;2020;2021;855;6.64;52.86;30.72;;MEDIO;BAJO;BAJO;0.422;0.423;0.155;RandomForest
1579;Joaquín;543;Mediocentro;2020;2021;1295;6.946153;72.74;52.84;BAJO;BAJO;BAJO;BAJO;0.35;0.3364;0.3136;RandomForest
1580;William Carvalho;543;Mediocentro;2020;2021;1219;6.664;57.17;81.55;ALTO;BAJO;BAJO;BAJO;0.4098;0.366;0.2242;RandomForest
1650;Suso;536;Mediocentro;2020;2021;2232;7.141176;83.11;53.58;;ALTO;ALTO;ALTO;0.0651;0.2037;0.7312;RandomForest
1699;Vicente Iborra;533;Mediocentro;2020;2021;927;6.930769;69.82;42.21;BAJO;BAJO;MEDIO;BAJO;0.4326;0.344;0.2234;RandomForest
1705;Manu Trigueros;533;Mediocentro;2020;2021;2538;6.848571;75.51;70.22;MEDIO;MEDIO;MEDIO;MEDIO;0.2082;0.5262;0.2657;RandomForest
1825;Lucas Torró;727;Mediocentro;2020;2021;1547;6.8;72.6;81.21;ALTO;MEDIO;MEDIO;ALTO;0.2467;0.3812;0.3721;RandomForest
1911;Lucas Ocampos;536;Mediocentro;2020;2021;2645;6.952941000000001;84.36;72.21;MEDIO;MEDIO;ALTO;MEDIO;0.0943;0.4731;0.4327;RandomForest
2051;Maxime Gonalons;715;Mediocentro;2020;2021;1482;6.643999999999999;58.53;70.0;MEDIO;MEDIO;MEDIO;MEDIO;0.2879;0.5014;0.2107;RandomForest
2053;Roque Mesa;720;Mediocentro;2020;2021;1861;6.832;75.2;;;MEDIO;MEDIO;BAJO;0.3259;0.4248;0.2493;RandomForest
2433;Renato Tapia;538;Mediocentro;2020;2021;2710;6.925;80.5;55.45;BAJO;ALTO;ALTO;ALTO;0.2853;0.3053;0.4094;RandomForest
2449;Yangel Herrera;715;Mediocentro;2020;2021;2312;6.78125;73.97;61.53;MEDIO;MEDIO;ALTO;MEDIO;0.2264;0.5117;0.2619;RandomForest
2474;Iván Marcone;797;Mediocentro;2020;2021;2650;6.672727;56.79;44.83;BAJO;BAJO;BAJO;BAJO;0.4847;0.3136;0.2017;RandomForest
2476;Guido Rodríguez;543;Mediocentro;2020;2021;2872;7.031428;86.09;84.64;ALTO;ALTO;ALTO;ALTO;0.0734;0.1456;0.781;RandomForest
2600;Takashi Inui;545;Mediocentro;2020;2021;1826;6.567857;46.24;;;BAJO;BAJO;BAJO;0.5289;0.3673;0.1038;RandomForest
2824;Nemanja Maksimović;546;Mediocentro;2020;2021;2745;6.757142000000001;68.38;74.59;MEDIO;MEDIO;MEDIO;MEDIO;0.2943;0.5109;0.1948;RandomForest
2923;Yannick Carrasco;530;Mediocentro;2020;2021;2187;7.0;84.57;87.43;ALTO;ALTO;ALTO;ALTO;0.0815;0.2168;0.7016;RandomForest
2924;Adnan Januzaj;548;Mediocentro;2020;2021;1011;7.022222;80.29;72.65;MEDIO;MEDIO;MEDIO;MEDIO;0.1377;0.5707;0.2916;RandomForest
5921;Augusto Solari;538;Mediocentro;2020;2021;477;6.70625;61.04;37.12;BAJO;BAJO;BAJO;BAJO;0.5901;0.2894;0.1205;RandomForest
9925;Matheus Fernandes;529;Mediocentro;2020;2021;0;;18.88;;;BAJO;BAJO;BAJO;0.6388;0.2327;0.1286;RandomForest
13114;Augusto Fernández;724;Mediocentro;2020;2021;366;6.35;28.13;;;BAJO;BAJO;BAJO;0.6161;0.2614;0.1226;RandomForest
13298;Jeison Lucumí;797;Mediocentro;2020;2021;49;6.7;35.49;;;BAJO;BAJO;BAJO;0.6633;0.2274;0.1093;RandomForest
14344;Ante Palaversa;546;Mediocentro;2020;2021;7;6.8;40.03;;;BAJO;BAJO;BAJO;0.5708;0.2574;0.1718;RandomForest
18802;Étienne Capoue;533;Mediocentro;2020;2021;1195;6.78125;71.25;82.07;ALTO;MEDIO;MEDIO;BAJO;0.2998;0.3779;0.3224;RandomForest
18807;Domingos Quina;715;Mediocentro;2020;2021;343;6.7375;57.81;;;BAJO;BAJO;BAJO;0.5574;0.3038;0.1388;RandomForest
18902;Kenedy;715;Mediocentro;2020;2021;1476;6.710714;66.26;;;MEDIO;MEDIO;MEDIO;0.3794;0.4621;0.1585;RandomForest
18905;Yoshinori Muto;545;Mediocentro;2020;2021;1120;6.634615;50.86;;;BAJO;BAJO;BAJO;0.5327;0.3745;0.0929;RandomForest
19533;Jota Peleteiro;542;Mediocentro;2020;2021;1406;6.523809;41.94;;;BAJO;BAJO;BAJO;0.5789;0.2941;0.1271;RandomForest
21070;Omenuke Mfulu;797;Mediocentro;2020;2021;786;6.552941;34.21;;;BAJO;BAJO;BAJO;0.6024;0.2923;0.1054;RandomForest
30433;Papu Gómez;536;Mediocentro;2020;2021;917;6.97647;76.64;75.36;MEDIO;MEDIO;MEDIO;MEDIO;0.178;0.5518;0.2702;RandomForest
30568;Christian Oliva;532;Mediocentro;2020;2021;192;6.714285;49.65;;;BAJO;BAJO;MEDIO;0.5448;0.3011;0.1541;RandomForest
37127;Martin Ødegaard;541;Mediocentro;2020;2021;233;6.766666;47.33;;;BAJO;BAJO;BAJO;0.5287;0.3061;0.1651;RandomForest
41735;Kelechi Nwakali;726;Mediocentro;2020;2021;138;6.3;25.78;;;BAJO;BAJO;BAJO;0.6125;0.2492;0.1383;RandomForest
46658;Rubén García;727;Mediocentro;2020;2021;2740;6.997297;82.36;78.7;ALTO;ALTO;ALTO;ALTO;0.1321;0.2677;0.6002;RandomForest
46660;Javi Martínez;727;Mediocentro;2020;2021;458;6.78;54.82;42.9;BAJO;BAJO;BAJO;BAJO;0.5699;0.2879;0.1422;RandomForest
46662;Jon Moncayola;727;Mediocentro;2020;2021;2663;6.775;67.66;75.09;MEDIO;MEDIO;MEDIO;MEDIO;0.3362;0.4456;0.2182;RandomForest
46665;Iñigo Pérez;727;Mediocentro;2020;2021;1352;6.679999999999999;50.68;42.5;;BAJO;BAJO;MEDIO;0.5341;0.3487;0.1171;RandomForest
46666;Roberto Torres;727;Mediocentro;2020;2021;1890;6.745454;63.62;54.61;BAJO;BAJO;MEDIO;MEDIO;0.434;0.4174;0.1485;RandomForest
46685;Ramon Azeez;715;Mediocentro;2020;2021;100;6.25;23.09;;;BAJO;BAJO;BAJO;0.6213;0.2646;0.1141;RandomForest
46687;Ángel Montoro;715;Mediocentro;2020;2021;1369;6.927272;70.63;54.53;BAJO;MEDIO;BAJO;BAJO;0.3408;0.3955;0.2636;RandomForest
46688;Alejandro Pozo;545;Mediocentro;2020;2021;2187;6.576666;38.5;19.2;;BAJO;BAJO;BAJO;0.4893;0.3733;0.1374;RandomForest
46689;Antonio Puertas;715;Mediocentro;2020;2021;2165;6.597058;57.48;57.6;MEDIO;MEDIO;BAJO;MEDIO;0.3603;0.4514;0.1883;RandomForest
46691;Fede San Emeterio;720;Mediocentro;2020;2021;1462;6.529166000000001;38.36;51.01;BAJO;BAJO;BAJO;BAJO;0.6662;0.2549;0.079;RandomForest
46692;Álvaro Vadillo;538;Mediocentro;2020;2021;0;;18.88;41.31;;BAJO;BAJO;BAJO;0.6388;0.2327;0.1286;RandomForest
46693;Fede Vico;715;Mediocentro;2020;2021;768;6.525000000000001;41.69;;;BAJO;BAJO;ALTO;0.6101;0.3018;0.0881;RandomForest
46714;Mickaël Malsa;539;Mediocentro;2020;2021;2341;6.848571;74.69;55.52;BAJO;MEDIO;MEDIO;BAJO;0.368;0.3771;0.2548;RandomForest
46721;Eugeni Valderrama;726;Mediocentro;2020;2021;114;6.733333;43.86;;;BAJO;BAJO;BAJO;0.5542;0.2899;0.1559;RandomForest
46769;Álex Fernández;724;Mediocentro;2020;2021;1949;6.852;75.8;66.05;MEDIO;MEDIO;BAJO;MEDIO;0.2432;0.4714;0.2853;RandomForest
46770;Jon Ander Garrido;724;Mediocentro;2020;2021;789;6.490000000000001;34.44;;;BAJO;BAJO;BAJO;0.6615;0.2384;0.1002;RandomForest
46772;José Mari;724;Mediocentro;2020;2021;1462;6.77619;69.07;54.88;;MEDIO;BAJO;MEDIO;0.3817;0.4107;0.2075;RandomForest
46775;Salvi Sánchez;724;Mediocentro;2020;2021;1950;6.567857;49.68;48.32;BAJO;BAJO;BAJO;BAJO;0.5415;0.3434;0.1151;RandomForest
46799;Edu Expósito;545;Mediocentro;2020;2021;2459;6.922580000000001;81.42;;;ALTO;ALTO;ALTO;0.1654;0.3218;0.5128;RandomForest
46805;Pedro Mosquera;726;Mediocentro;2020;2021;2054;6.688888;59.34;;;BAJO;BAJO;MEDIO;0.4518;0.3396;0.2086;RandomForest
46816;Miguel Cifuentes;797;Mediocentro;2020;2021;446;6.46;28.33;;;BAJO;BAJO;BAJO;0.6147;0.2651;0.1202;RandomForest
46824;Iván Alejo;724;Mediocentro;2020;2021;816;6.554545;42.59;52.02;BAJO;BAJO;BAJO;BAJO;0.6195;0.3038;0.0767;RandomForest
46832;Javier Ontiveros;726;Mediocentro;2020;2021;915;6.87;62.0;25.37;;MEDIO;MEDIO;BAJO;0.3988;0.4047;0.1965;RandomForest
46858;Ramon Folch;797;Mediocentro;2020;2021;0;;18.88;;;BAJO;BAJO;BAJO;0.638;0.2325;0.1295;RandomForest
46920;Yan Eteki;715;Mediocentro;2020;2021;1324;6.416666;40.08;26.07;;BAJO;BAJO;MEDIO;0.646;0.2666;0.0873;RandomForest
46927;Juan Carlos;726;Mediocentro;2020;2021;282;6.285714;28.62;;;BAJO;BAJO;BAJO;0.6523;0.2378;0.11;RandomForest
46973;Josan;797;Mediocentro;2020;2021;1933;6.724242;65.83;61.77;MEDIO;MEDIO;BAJO;MEDIO;0.3736;0.4609;0.1655;RandomForest
47010;David Timor;546;Mediocentro;2020;2021;1387;6.607406999999999;46.16;26.66;;BAJO;BAJO;MEDIO;0.5696;0.3301;0.1003;RandomForest
47033;Roberto Olabe;545;Mediocentro;2020;2021;0;;18.88;;;BAJO;BAJO;BAJO;0.6388;0.2327;0.1286;RandomForest
47057;Raúl Guti;797;Mediocentro;2020;2021;2875;6.608333000000001;58.81;51.63;BAJO;BAJO;BAJO;BAJO;0.4697;0.3365;0.1938;RandomForest
47061;Jorge Pombo;724;Mediocentro;2020;2021;518;6.616666;44.15;;;BAJO;BAJO;MEDIO;0.6072;0.2972;0.0956;RandomForest
47063;Alberto Soro;715;Mediocentro;2020;2021;384;6.466666;34.31;44.72;BAJO;BAJO;BAJO;BAJO;0.636;0.255;0.1091;RandomForest
47085;Luis Milla;715;Mediocentro;2020;2021;1258;6.88125;79.69;86.58;ALTO;ALTO;ALTO;ALTO;0.1585;0.3309;0.5106;RandomForest
47087;Uroš Račić;532;Mediocentro;2020;2021;2191;6.812903;73.71;49.91;BAJO;BAJO;MEDIO;BAJO;0.3853;0.3292;0.2855;RandomForest
47199;Yann Bodiger;724;Mediocentro;2020;2021;245;6.355555;27.14;;;BAJO;BAJO;BAJO;0.6147;0.2548;0.1305;RandomForest
47258;Mauro Arambarri;546;Mediocentro;2020;2021;2989;6.891176;80.33;84.89;ALTO;ALTO;ALTO;ALTO;0.1444;0.3054;0.5502;RandomForest
47262;Francisco Portillo;546;Mediocentro;2020;2021;408;6.35;27.84;;;BAJO;BAJO;BAJO;0.6469;0.2404;0.1127;RandomForest
47279;Iñigo Cordoba;542;Mediocentro;2020;2021;310;6.6;36.1;;;BAJO;BAJO;BAJO;0.5804;0.2818;0.1378;RandomForest
47281;Dani García;531;Mediocentro;2020;2021;1921;6.714814;60.07;48.7;BAJO;BAJO;BAJO;BAJO;0.5003;0.3264;0.1733;RandomForest
47282;Raúl García;531;Mediocentro;2020;2021;1744;6.817647;72.51;72.41;MEDIO;MEDIO;MEDIO;MEDIO;0.306;0.4558;0.2382;RandomForest
47283;Ibai Gómez;531;Mediocentro;2020;2021;421;6.646153;40.73;;;BAJO;BAJO;BAJO;0.5597;0.3047;0.1356;RandomForest
47285;Unai López;531;Mediocentro;2020;2021;1423;6.926923;73.87;53.86;BAJO;MEDIO;MEDIO;BAJO;0.3023;0.3489;0.3488;RandomForest
47286;Peru Nolaskoain Esnal;531;Mediocentro;2020;2021;0;;18.88;23.12;;BAJO;BAJO;BAJO;0.6388;0.2327;0.1286;RandomForest
47287;Mikel Rico;726;Mediocentro;2020;2021;2200;6.59375;53.1;;;BAJO;BAJO;MEDIO;0.5263;0.3348;0.1389;RandomForest
47309;Ander Guevara;548;Mediocentro;2020;2021;2088;6.8;67.58;49.49;BAJO;BAJO;BAJO;BAJO;0.4519;0.3439;0.2043;RandomForest
47310;Asier Illarramendi;548;Mediocentro;2020;2021;343;6.85;56.32;35.9;;BAJO;BAJO;MEDIO;0.5039;0.3473;0.1487;RandomForest
47311;Mikel Merino;548;Mediocentro;2020;2021;2157;7.115384;89.15;87.15;ALTO;ALTO;ALTO;ALTO;0.0422;0.1097;0.8481;RandomForest
47315;Martín Zubimendi;548;Mediocentro;2020;2021;1869;6.85;71.04;81.61;ALTO;MEDIO;MEDIO;BAJO;0.3281;0.3557;0.3162;RandomForest
47321;Roberto López;548;Mediocentro;2020;2021;497;6.806666;57.55;;;BAJO;BAJO;ALTO;0.512;0.3306;0.1575;RandomForest
47322;Martín Merquelanz;548;Mediocentro;2020;2021;541;6.753846;55.86;41.71;;BAJO;BAJO;MEDIO;0.5672;0.3118;0.1211;RandomForest
47340;Pablo Piatti;797;Mediocentro;2020;2021;358;6.577776999999999;44.5;40.17;;BAJO;BAJO;ALTO;0.5853;0.2835;0.1313;RandomForest
47361;Darko Brašanac;727;Mediocentro;2020;2021;908;6.55;43.98;53.26;BAJO;BAJO;BAJO;BAJO;0.6424;0.2643;0.0933;RandomForest
47362;Burgui;542;Mediocentro;2020;2021;20;6.7;36.41;;;BAJO;BAJO;BAJO;0.5949;0.2799;0.1252;RandomForest
47363;Manu García;542;Mediocentro;2020;2021;1113;6.512;41.3;;;BAJO;BAJO;BAJO;0.5716;0.3278;0.1006;RandomForest
47365;Tomás Pina;542;Mediocentro;2020;2021;2590;6.660606;57.54;41.24;BAJO;BAJO;BAJO;BAJO;0.5458;0.3093;0.1449;RandomForest
47366;Jony;727;Mediocentro;2020;2021;865;6.709523;56.27;;;BAJO;BAJO;ALTO;0.5497;0.3149;0.1354;RandomForest
47367;Álex Blanco;532;Mediocentro;2020;2021;579;6.408333;33.06;19.2;;BAJO;BAJO;ALTO;0.6453;0.2478;0.1069;RandomForest
47385;Sergio Álvarez;545;Mediocentro;2020;2021;1562;6.654166;51.91;;;BAJO;BAJO;BAJO;0.5154;0.3597;0.1248;RandomForest
47387;Papakouli Diop;545;Mediocentro;2020;2021;2335;6.687878;62.13;;;BAJO;MEDIO;ALTO;0.3937;0.3601;0.2462;RandomForest
47389;Joan Jordán;536;Mediocentro;2020;2021;2418;6.991428000000001;81.57;71.94;MEDIO;ALTO;ALTO;ALTO;0.1204;0.3924;0.4872;RandomForest
47392;Pedro León;545;Mediocentro;2020;2021;930;6.814284999999999;62.98;;;BAJO;BAJO;MEDIO;0.4855;0.3777;0.1368;RandomForest
47398;Pere Milla;797;Mediocentro;2020;2021;1984;6.735483;65.5;57.65;MEDIO;MEDIO;BAJO;MEDIO;0.3698;0.4429;0.1873;RandomForest
47413;Recio;545;Mediocentro;2020;2021;729;6.75;59.25;;;BAJO;BAJO;MEDIO;0.4836;0.371;0.1455;RandomForest
47416;Óscar Rodríguez;536;Mediocentro;2020;2021;498;6.635;46.66;65.49;MEDIO;BAJO;BAJO;MEDIO;0.5371;0.3544;0.1084;RandomForest
47418;Mikel Vesga;531;Mediocentro;2020;2021;1721;6.673333;55.46;53.05;BAJO;BAJO;BAJO;BAJO;0.4969;0.3594;0.1436;RandomForest
47435;Fran Beltrán;538;Mediocentro;2020;2021;1391;6.66129;52.15;72.9;MEDIO;BAJO;BAJO;MEDIO;0.5647;0.3369;0.0984;RandomForest
47440;Brais Méndez;538;Mediocentro;2020;2021;2677;6.75;69.0;78.06;MEDIO;MEDIO;ALTO;ALTO;0.2823;0.4125;0.3052;RandomForest
47441;Nemanja Radoja;539;Mediocentro;2020;2021;1118;6.719047;57.24;53.2;BAJO;BAJO;BAJO;BAJO;0.5674;0.3079;0.1248;RandomForest
47443;Okay Yokuşlu;538;Mediocentro;2020;2021;453;6.7;52.18;56.63;BAJO;BAJO;BAJO;BAJO;0.6142;0.2837;0.1022;RandomForest
47461;Enis Bardhi;539;Mediocentro;2020;2021;1685;6.753846000000001;70.49;70.5;MEDIO;MEDIO;MEDIO;MEDIO;0.2534;0.4851;0.2615;RandomForest
47462;Cheick Doukouré;539;Mediocentro;2020;2021;96;6.642857;35.66;;;BAJO;BAJO;BAJO;0.6238;0.2544;0.1218;RandomForest
47464;José Campaña;539;Mediocentro;2020;2021;747;7.244444;89.77;82.68;ALTO;ALTO;ALTO;ALTO;0.0506;0.2211;0.7282;RandomForest
47468;Ruben Rochina;539;Mediocentro;2020;2021;1406;6.892;75.92;71.9;MEDIO;MEDIO;MEDIO;MEDIO;0.3093;0.4633;0.2274;RandomForest
47469;Nikola Vukčević;539;Mediocentro;2020;2021;815;6.6;42.94;30.86;;BAJO;BAJO;BAJO;0.6289;0.2718;0.0994;RandomForest
47473;Jason;532;Mediocentro;2020;2021;431;6.46875;32.49;42.66;BAJO;BAJO;BAJO;BAJO;0.6448;0.2699;0.0853;RandomForest
47485;Rubén Alcaraz;720;Mediocentro;2020;2021;2170;6.756666;70.07;90.0;ALTO;MEDIO;MEDIO;BAJO;0.2902;0.3673;0.3426;RandomForest
47489;Míchel Herrero;720;Mediocentro;2020;2021;944;6.609523;46.15;;;BAJO;BAJO;BAJO;0.567;0.3175;0.1155;RandomForest
47490;Pablo Hervias;720;Mediocentro;2020;2021;1191;6.803703;68.38;;;MEDIO;BAJO;MEDIO;0.3334;0.3848;0.2818;RandomForest
47491;Luismi;797;Mediocentro;2020;2021;160;6.4;23.52;;;BAJO;BAJO;BAJO;0.6269;0.2264;0.1468;RandomForest
47515;Borja García;726;Mediocentro;2020;2021;1119;6.704761;60.09;;;BAJO;BAJO;MEDIO;0.4235;0.3789;0.1976;RandomForest
47516;Aleix García;545;Mediocentro;2020;2021;436;6.754545;53.77;;;BAJO;BAJO;MEDIO;0.4484;0.3856;0.166;RandomForest
47518;Pere Pons;542;Mediocentro;2020;2021;1180;6.55;44.84;42.82;BAJO;BAJO;BAJO;BAJO;0.6157;0.2944;0.0899;RandomForest
47573;David Ferreiro;726;Mediocentro;2020;2021;2539;6.883783;76.38;;;MEDIO;MEDIO;MEDIO;0.1693;0.4331;0.3976;RandomForest
47574;Moi Gómez;533;Mediocentro;2020;2021;2572;6.811428;71.14;56.97;BAJO;BAJO;BAJO;BAJO;0.3749;0.3491;0.276;RandomForest
47576;Gonzalo Melero;539;Mediocentro;2020;2021;1857;6.893103;76.18;61.09;MEDIO;MEDIO;MEDIO;ALTO;0.2677;0.4264;0.3059;RandomForest
48690;Eris Abedini;715;Mediocentro;2020;2021;0;;18.88;;;BAJO;BAJO;BAJO;0.6388;0.2327;0.1286;RandomForest
50009;Jens Jønsson;724;Mediocentro;2020;2021;2629;6.742857000000001;64.37;62.3;MEDIO;MEDIO;BAJO;MEDIO;0.3282;0.4853;0.1865;RandomForest
51112;Víctor Rodríguez;797;Mediocentro;2020;2021;415;6.53125;30.54;;;BAJO;BAJO;BAJO;0.5512;0.321;0.1278;RandomForest
67939;Aimar Oroz;727;Mediocentro;2020;2021;0;;18.88;;;BAJO;BAJO;BAJO;0.6388;0.2327;0.1286;RandomForest
70078;Facundo Pellistri;542;Mediocentro;2020;2021;540;6.325;41.64;35.4;BAJO;BAJO;BAJO;BAJO;0.6345;0.2639;0.1016;RandomForest
84086;Robert Navarro;548;Mediocentro;2020;2021;34;6.3;22.89;56.03;;BAJO;BAJO;BAJO;0.6494;0.228;0.1226;RandomForest
104821;Jon Guridi;548;Mediocentro;2020;2021;827;6.694117;52.71;35.71;;BAJO;BAJO;MEDIO;0.5647;0.3153;0.12;RandomForest
104949;Pablo Martínez;539;Mediocentro;2020;2021;0;;18.88;47.66;BAJO;BAJO;BAJO;BAJO;0.6388;0.2327;0.1286;RandomForest
106727;Oriol Rey;720;Mediocentro;2020;2021;14;6.7;31.83;;;BAJO;BAJO;BAJO;0.5828;0.2463;0.1709;RandomForest
107153;Kike Pérez;720;Mediocentro;2020;2021;1153;6.634782;52.53;64.4;MEDIO;BAJO;BAJO;MEDIO;0.4459;0.4192;0.1349;RandomForest
107187;Juan Peñaloza Ragga;726;Mediocentro;2020;2021;0;;18.88;;;BAJO;BAJO;BAJO;0.6388;0.2327;0.1286;RandomForest
119795;Giorgi Kochorashvili;539;Mediocentro;2020;2021;21;6.700000000000001;38.18;19.2;;BAJO;BAJO;BAJO;0.6361;0.241;0.123;RandomForest
125026;Sergi García;542;Mediocentro;2020;2021;15;6.2;16.04;;;BAJO;BAJO;BAJO;0.6448;0.2343;0.1209;RandomForest
128398;Oihan Sancet;531;Mediocentro;2020;2021;1034;6.679166;52.89;76.41;MEDIO;MEDIO;BAJO;MEDIO;0.4145;0.448;0.1375;RandomForest
129656;César Moreno;797;Mediocentro;2020;2021;0;;18.88;19.2;;BAJO;BAJO;BAJO;0.6388;0.2327;0.1286;RandomForest
129728;Jordan Holsgrove;538;Mediocentro;2020;2021;140;6.58;34.9;;;BAJO;BAJO;BAJO;0.5675;0.28;0.1525;RandomForest
131532;Juan Ignacio Brunet Bordin;715;Mediocentro;2020;2021;23;6.7;30.77;;;BAJO;BAJO;BAJO;0.6194;0.2492;0.1314;RandomForest
133609;Pedri;529;Mediocentro;2020;2021;2427;6.935135;80.16;88.75;ALTO;ALTO;ALTO;BAJO;0.1527;0.29;0.5574;RandomForest
140834;Abdallahi Mahmoud;542;Mediocentro;2020;2021;66;6.6;31.08;;;BAJO;BAJO;BAJO;0.6312;0.2498;0.119;RandomForest
161879;Koba Koindredi;532;Mediocentro;2020;2021;13;6.5;21.82;29.22;;BAJO;BAJO;BAJO;0.6654;0.2264;0.1082;RandomForest
161965;Mario Soriano;530;Mediocentro;2020;2021;0;;18.88;;;BAJO;BAJO;BAJO;0.6388;0.2327;0.1286;RandomForest
162033;Sergio Arribas;541;Mediocentro;2020;2021;127;6.671428;47.67;;;BAJO;BAJO;BAJO;0.5161;0.3127;0.1711;RandomForest
162106;Yunus Musah;532;Mediocentro;2020;2021;1533;6.53;46.68;47.6;BAJO;BAJO;BAJO;BAJO;0.6404;0.2617;0.0979;RandomForest
162123;Ilaix Moriba;529;Mediocentro;2020;2021;537;6.964285;79.63;58.92;MEDIO;MEDIO;MEDIO;MEDIO;0.2026;0.5264;0.271;RandomForest
162212;Miguel Baeza;538;Mediocentro;2020;2021;529;6.52;34.95;14.92;;BAJO;BAJO;ALTO;0.6145;0.2849;0.1006;RandomForest
162546;Óscar Castro;530;Mediocentro;2020;2021;0;;18.88;;;BAJO;BAJO;BAJO;0.6388;0.2327;0.1286;RandomForest
162686;Antonio Blanco;541;Mediocentro;2020;2021;218;6.9;54.94;50.18;;BAJO;BAJO;MEDIO;0.5307;0.3022;0.1671;RandomForest
162719;Mohamed Aiman Moukhliss;720;Mediocentro;2020;2021;0;;18.88;;;BAJO;BAJO;BAJO;0.6388;0.2327;0.1286;RandomForest
162891;Juan Manuel Sanabria;530;Mediocentro;2020;2021;0;;18.88;;;BAJO;BAJO;BAJO;0.6388;0.2327;0.1286;RandomForest
162992;Vicente Esquerdo;532;Mediocentro;2020;2021;232;6.966666;57.24;;;BAJO;BAJO;BAJO;0.5166;0.3265;0.1569;RandomForest
163436;Kike Saverio;727;Mediocentro;2020;2021;0;;18.88;;;BAJO;BAJO;BAJO;0.6388;0.2327;0.1286;RandomForest
181867;Miguel Atienza;545;Mediocentro;2020;2021;837;6.625;43.33;;;BAJO;BAJO;BAJO;0.6028;0.2886;0.1086;RandomForest
182150;Sergio Lozano;533;Mediocentro;2020;2021;0;;18.88;;;BAJO;BAJO;BAJO;0.6388;0.2327;0.1286;RandomForest
182165;Antonio Aranda;715;Mediocentro;2020;2021;0;;18.88;;;BAJO;BAJO;BAJO;0.6388;0.2327;0.1286;RandomForest
182166;Isma Ruiz;715;Mediocentro;2020;2021;67;6.3;18.89;31.07;;BAJO;BAJO;BAJO;0.6619;0.2198;0.1183;RandomForest
182219;Alejandro Baena;533;Mediocentro;2020;2021;135;6.7;41.42;;;BAJO;BAJO;BAJO;0.5596;0.2925;0.1479;RandomForest
182495;Álvaro Bravo;715;Mediocentro;2020;2021;14;6.2;18.23;;;BAJO;BAJO;BAJO;0.6254;0.2443;0.1303;RandomForest
182504;Gabri Veiga;538;Mediocentro;2020;2021;114;6.316666;24.38;35.68;;BAJO;BAJO;BAJO;0.6548;0.2318;0.1134;RandomForest
182560;Oier Zarraga;531;Mediocentro;2020;2021;97;6.65;34.9;38.44;BAJO;BAJO;BAJO;BAJO;0.6378;0.2451;0.1171;RandomForest
182589;Julen Bernaola;531;Mediocentro;2020;2021;0;;18.88;;;BAJO;BAJO;BAJO;0.6388;0.2327;0.1286;RandomForest
182603;Jon Ander Olasagasti;548;Mediocentro;2020;2021;0;;18.88;19.2;;BAJO;BAJO;BAJO;0.6388;0.2327;0.1286;RandomForest
182617;Beñat Prados;531;Mediocentro;2020;2021;0;;18.88;;;BAJO;BAJO;BAJO;0.6388;0.2327;0.1286;RandomForest
182639;Unai Vencedor;531;Mediocentro;2020;2021;1701;6.610714;45.51;60.62;MEDIO;BAJO;BAJO;BAJO;0.5305;0.3448;0.1248;RandomForest
182665;Fran Álvarez;720;Mediocentro;2020;2021;0;;18.88;;;BAJO;BAJO;BAJO;0.6388;0.2327;0.1286;RandomForest
182669;Alex Blesa;539;Mediocentro;2020;2021;10;6.3;17.16;19.2;;BAJO;BAJO;BAJO;0.571;0.249;0.18;RandomForest
182671;Álejandro Cantero;539;Mediocentro;2020;2021;239;6.625;35.04;33.19;BAJO;BAJO;BAJO;BAJO;0.6328;0.2425;0.1248;RandomForest
183699;Urko González;548;Mediocentro;2020;2021;47;6.700000000000001;35.25;19.2;;BAJO;BAJO;BAJO;0.6303;0.2417;0.128;RandomForest
183744;Beñat Turrientes;548;Mediocentro;2020;2021;0;;18.88;35.72;;BAJO;BAJO;BAJO;0.6388;0.2327;0.1286;RandomForest
183859;Pepe Blanco;542;Mediocentro;2020;2021;0;;18.88;;;BAJO;BAJO;BAJO;0.6388;0.2327;0.1286;RandomForest
184196;Carlo Adriano García;533;Mediocentro;2020;2021;0;;18.88;29.05;;BAJO;BAJO;BAJO;0.6388;0.2327;0.1286;RandomForest
184226;Yéremy Pino;533;Mediocentro;2020;2021;784;6.791304000000001;66.19;73.68;MEDIO;MEDIO;BAJO;MEDIO;0.4008;0.4607;0.1385;RandomForest
184345;Jonathan Carmona;797;Mediocentro;2020;2021;74;7.299999999999999;59.24;19.2;;BAJO;BAJO;MEDIO;0.511;0.299;0.19;RandomForest
185477;Rodri Sánchez;543;Mediocentro;2020;2021;533;6.592857;37.45;53.29;BAJO;BAJO;BAJO;BAJO;0.6188;0.2811;0.1001;RandomForest
186458;Sabit Abdulai;546;Mediocentro;2020;2021;57;6.233333;20.74;;;BAJO;BAJO;BAJO;0.6897;0.2123;0.098;RandomForest
192015;Edgar Sevikyan;539;Mediocentro;2020;2021;7;6.7;34.01;;;BAJO;BAJO;BAJO;0.6342;0.2503;0.1155;RandomForest
253699;Antonio Zarzana;536;Mediocentro;2020;2021;0;;18.88;19.2;;BAJO;BAJO;BAJO;0.6388;0.2327;0.1286;RandomForest
278896;Raúl Garcia Gonzalez;538;Mediocentro;2020;2021;0;;26.56;;;BAJO;BAJO;BAJO;0.6278;0.2278;0.1444;RandomForest
290687;Carlos León;715;Mediocentro;2020;2021;0;;18.88;;;BAJO;BAJO;BAJO;0.6388;0.2327;0.1286;RandomForest
293297;John Patrick;546;Mediocentro;2020;2021;60;6.24;18.73;19.2;;BAJO;BAJO;BAJO;0.6699;0.2259;0.1042;RandomForest
310683;Álvaro Bastida;724;Mediocentro;2020;2021;34;6.2;15.14;28.83;;BAJO;BAJO;BAJO;0.6348;0.2309;0.1343;RandomForest
313651;Hugo Sotelo;538;Mediocentro;2020;2021;0;;18.88;14.03;;BAJO;BAJO;BAJO;0.638;0.2325;0.1295;RandomForest
29;Jan Oblak;530;Portero;2020;2021;3420;7.157894;62.46;40.61;BAJO;BAJO;ALTO;BAJO;0.3526;0.3335;0.3139;RandomForest
124;Jasper Cillessen;532;Portero;2020;2021;900;7.17;58.67;38.49;BAJO;BAJO;BAJO;BAJO;0.5505;0.2712;0.1783;RandomForest
125;Jokin Ezkieta;531;Portero;2020;2021;90;6.3;23.28;27.51;;BAJO;BAJO;MEDIO;0.5093;0.1932;0.2975;RandomForest
126;Iñaki Peña;529;Portero;2020;2021;0;;27.08;27.51;;BAJO;BAJO;ALTO;0.5772;0.2366;0.1862;RandomForest
127;Marc-André Ter Stegen;529;Portero;2020;2021;2790;6.851612;51.03;44.86;MEDIO;MEDIO;BAJO;ALTO;0.3273;0.4128;0.2599;RandomForest
158;Paulo Gazzaniga;797;Portero;2020;2021;720;6.6125;34.86;;;BAJO;BAJO;ALTO;0.4402;0.2823;0.2774;RandomForest
614;Claudio Bravo;543;Portero;2020;2021;1800;6.95;60.9;36.9;BAJO;BAJO;ALTO;BAJO;0.4488;0.2572;0.294;RandomForest
730;Thibaut Courtois;541;Portero;2020;2021;3420;7.042105;62.6;57.94;ALTO;ALTO;ALTO;BAJO;0.1491;0.3068;0.5441;RandomForest
911;Jaume Doménech;532;Portero;2020;2021;2520;6.867856999999999;54.75;26.14;;MEDIO;ALTO;ALTO;0.2795;0.3894;0.3311;RandomForest
912;Neto;529;Portero;2020;2021;630;6.942857000000001;50.39;37.86;;BAJO;BAJO;BAJO;0.5203;0.302;0.1777;RandomForest
913;Cristian Rivero;532;Portero;2020;2021;0;;27.08;26.92;;BAJO;BAJO;ALTO;0.5772;0.2366;0.1862;RandomForest
1558;Joel Robles;543;Portero;2020;2021;1620;6.694444;37.72;27.51;;BAJO;BAJO;BAJO;0.4505;0.3074;0.2421;RandomForest
1682;Sergio Asenjo;533;Portero;2020;2021;3240;6.791666;49.34;39.21;BAJO;MEDIO;MEDIO;MEDIO;0.3748;0.4213;0.2039;RandomForest
1684;Andrés Fernández;726;Portero;2020;2021;1440;6.6625;39.73;;;BAJO;BAJO;MEDIO;0.4277;0.2862;0.2861;RandomForest
2034;Javier Díaz;536;Portero;2020;2021;0;;27.08;23.88;;BAJO;BAJO;ALTO;0.5772;0.2366;0.1862;RandomForest
2037;Tomáš Vaclík;536;Portero;2020;2021;450;6.7;37.53;;;BAJO;BAJO;BAJO;0.4446;0.2669;0.2885;RandomForest
2701;Bono;536;Portero;2020;2021;2970;7.00909;65.06;63.29;ALTO;ALTO;ALTO;MEDIO;0.2092;0.2659;0.5249;RandomForest
2813;Marko Dmitrović;545;Portero;2020;2021;3121;6.728570999999999;54.43;55.53;MEDIO;MEDIO;MEDIO;MEDIO;0.2452;0.4832;0.2715;RandomForest
6492;Jeremías Ledesma;724;Portero;2020;2021;2880;6.725;46.42;66.91;ALTO;MEDIO;MEDIO;ALTO;0.2723;0.4008;0.3269;RandomForest
14382;Ivo Grbić;530;Portero;2020;2021;0;;27.08;26.69;;BAJO;BAJO;MEDIO;0.579;0.2347;0.1863;RandomForest
46646;Sergio Herrera;727;Portero;2020;2021;2957;6.948484;62.42;57.85;ALTO;ALTO;ALTO;BAJO;0.1344;0.2848;0.5809;RandomForest
46647;Rubén Martínez;727;Portero;2020;2021;188;5.066666;21.51;;;BAJO;BAJO;ALTO;0.4198;0.2094;0.3708;RandomForest
46648;Iván Martínez;727;Portero;2020;2021;0;;26.82;;;BAJO;BAJO;ALTO;0.6073;0.2444;0.1483;RandomForest
46649;Juan Pérez;727;Portero;2020;2021;270;6.766666;40.03;22.1;;BAJO;BAJO;MEDIO;0.4182;0.2253;0.3565;RandomForest
46672;Rui Silva;715;Portero;2020;2021;2880;6.6625;38.8;51.4;MEDIO;MEDIO;MEDIO;MEDIO;0.2445;0.5219;0.2336;RandomForest
46673;Aarón Escandell;715;Portero;2020;2021;450;6.82;46.33;31.35;;BAJO;BAJO;BAJO;0.5007;0.267;0.2322;RandomForest
46754;Alberto;724;Portero;2020;2021;180;6.6;31.12;;;BAJO;BAJO;ALTO;0.5497;0.2516;0.1986;RandomForest
46755;David Gil;724;Portero;2020;2021;360;6.15;24.85;27.51;;BAJO;BAJO;ALTO;0.4836;0.2323;0.2841;RandomForest
46871;Dani Martín;543;Portero;2020;2021;0;;26.72;;;BAJO;BAJO;MEDIO;0.6058;0.2439;0.1504;RandomForest
46961;Édgar Badía;797;Portero;2020;2021;2700;6.86;54.08;48.39;MEDIO;MEDIO;MEDIO;MEDIO;0.2353;0.4618;0.303;RandomForest
47016;Álvaro Fernández;726;Portero;2020;2021;1980;6.840909;52.4;;;MEDIO;BAJO;ALTO;0.3189;0.347;0.334;RandomForest
47120;Gaizka Campos;720;Portero;2020;2021;0;;26.28;27.07;;BAJO;BAJO;MEDIO;0.6094;0.2544;0.1362;RandomForest
47247;David Soria;546;Portero;2020;2021;2520;6.764285000000001;47.79;48.47;MEDIO;MEDIO;BAJO;MEDIO;0.2802;0.4403;0.2795;RandomForest
47248;Rubén Yáñez;546;Portero;2020;2021;900;6.64;34.38;27.51;;BAJO;BAJO;BAJO;0.5005;0.276;0.2235;RandomForest
47267;Iago Herrerín;531;Portero;2020;2021;0;;26.61;;;BAJO;BAJO;ALTO;0.6055;0.245;0.1494;RandomForest
47269;Álex Remiro;548;Portero;2020;2021;3420;6.742105;49.72;56.47;ALTO;ALTO;MEDIO;ALTO;0.2481;0.3687;0.3832;RandomForest
47270;Unai Simón;531;Portero;2020;2021;3330;6.664864;42.22;48.04;MEDIO;MEDIO;MEDIO;MEDIO;0.2805;0.4907;0.2288;RandomForest
47295;Miguel Ángel Moyà;548;Portero;2020;2021;0;;27.08;;;BAJO;BAJO;MEDIO;0.579;0.2347;0.1863;RandomForest
47296;Gerónimo Rulli;533;Portero;2020;2021;180;6.25;22.99;57.12;ALTO;ALTO;ALTO;ALTO;0.3847;0.1812;0.4341;RandomForest
47297;Andoni Zubiaurre;548;Portero;2020;2021;0;;26.4;;;BAJO;BAJO;MEDIO;0.6104;0.253;0.1365;RandomForest
47326;Roberto Jiménez;720;Portero;2020;2021;1170;6.592307;28.4;;;BAJO;BAJO;ALTO;0.4475;0.2705;0.2821;RandomForest
47352;Fernando Pacheco;542;Portero;2020;2021;3348;6.663157;40.51;38.69;BAJO;BAJO;MEDIO;BAJO;0.4541;0.3413;0.2046;RandomForest
47353;Antonio Sivera;542;Portero;2020;2021;72;6.9;46.99;35.54;;BAJO;BAJO;MEDIO;0.5534;0.241;0.2056;RandomForest
47400;Andriy Lunin;541;Portero;2020;2021;0;;27.08;56.41;;BAJO;BAJO;MEDIO;0.579;0.2347;0.1863;RandomForest
47426;Rubén Blanco;538;Portero;2020;2021;1639;6.494735999999999;29.92;27.51;;BAJO;BAJO;BAJO;0.5617;0.2645;0.1737;RandomForest
47427;Iván Villar;538;Portero;2020;2021;1779;6.785714;46.18;;;BAJO;BAJO;ALTO;0.3631;0.3512;0.2857;RandomForest
47448;Aitor Fernández;539;Portero;2020;2021;2610;6.751724;45.26;46.24;MEDIO;MEDIO;ALTO;ALTO;0.3351;0.3772;0.2877;RandomForest
47450;Koke;539;Portero;2020;2021;90;5.9;20.96;26.69;;BAJO;BAJO;ALTO;0.4983;0.1895;0.3121;RandomForest
47474;Jordi Masip;720;Portero;2020;2021;2250;6.716;40.48;;;BAJO;BAJO;BAJO;0.4173;0.3555;0.2271;RandomForest
47475;Samuel Pérez;720;Portero;2020;2021;0;;26.67;;;BAJO;BAJO;ALTO;0.6055;0.245;0.1494;RandomForest
47476;Yoel Rodríguez;545;Portero;2020;2021;299;6.5;25.36;;;ALTO;BAJO;MEDIO;0.3938;0.209;0.3972;RandomForest
96476;João Costa;715;Portero;2020;2021;0;;27.08;;;BAJO;BAJO;ALTO;0.5772;0.2366;0.1862;RandomForest
104804;Daniel Rebollo;543;Portero;2020;2021;0;;27.08;26.69;;BAJO;BAJO;ALTO;0.5772;0.2366;0.1862;RandomForest
107138;Unai Etxebarria;532;Portero;2020;2021;0;;26.72;;;BAJO;BAJO;ALTO;0.6055;0.245;0.1494;RandomForest
116438;Carlos Marin;543;Portero;2020;2021;0;;26.82;;;BAJO;BAJO;MEDIO;0.6075;0.2432;0.1493;RandomForest
122850;Juanjo Garrancho;724;Portero;2020;2021;0;;26.61;;;BAJO;BAJO;ALTO;0.6055;0.245;0.1494;RandomForest
122888;Lluis Andreu;797;Portero;2020;2021;0;;27.08;27.51;;BAJO;BAJO;ALTO;0.5772;0.2366;0.1862;RandomForest
125386;Juan Flere;724;Portero;2020;2021;0;;27.08;27.25;;BAJO;BAJO;ALTO;0.5772;0.2366;0.1862;RandomForest
131551;Miguel San Roman;530;Portero;2020;2021;0;;27.08;;;BAJO;BAJO;ALTO;0.5772;0.2366;0.1862;RandomForest
135148;Patrick Sequeira;538;Portero;2020;2021;0;;27.08;;;BAJO;BAJO;ALTO;0.5772;0.2366;0.1862;RandomForest
135831;Luis Castillo;797;Portero;2020;2021;0;;26.56;;;BAJO;BAJO;ALTO;0.6054;0.2467;0.1479;RandomForest
152843;Aritz Castro;542;Portero;2020;2021;0;;26.48;;;BAJO;BAJO;MEDIO;0.606;0.249;0.145;RandomForest
153308;Diego Altube;541;Portero;2020;2021;0;;27.08;;;BAJO;BAJO;MEDIO;0.579;0.2347;0.1863;RandomForest
156488;Dani Cárdenas;539;Portero;2020;2021;720;6.9125;52.5;34.27;BAJO;BAJO;BAJO;BAJO;0.54;0.2924;0.1676;RandomForest
162473;Arnau Tenas;529;Portero;2020;2021;0;;27.08;27.51;;BAJO;BAJO;MEDIO;0.579;0.2347;0.1863;RandomForest
162529;Luis López;541;Portero;2020;2021;0;;26.28;27.25;;BAJO;BAJO;MEDIO;0.6094;0.2544;0.1362;RandomForest
163630;Alfonso Pastor;536;Portero;2020;2021;0;;27.08;27.18;;BAJO;BAJO;ALTO;0.5772;0.2366;0.1862;RandomForest
169256;Iker Álvarez;533;Portero;2020;2021;0;;26.48;27.51;;BAJO;BAJO;MEDIO;0.606;0.249;0.145;RandomForest
178932;Jon Mikel Magunagoitia;545;Portero;2020;2021;0;;26.4;;;BAJO;BAJO;MEDIO;0.6104;0.253;0.1365;RandomForest
180239;Iñaki Álvarez;727;Portero;2020;2021;0;;27.08;;;BAJO;BAJO;ALTO;0.5772;0.2366;0.1862;RandomForest
182528;Álvaro Fernández;538;Portero;2020;2021;0;;26.67;;;BAJO;BAJO;ALTO;0.6055;0.245;0.1494;RandomForest
182538;Iago Domínguez;538;Portero;2020;2021;0;;26.67;;;BAJO;BAJO;ALTO;0.6055;0.245;0.1494;RandomForest
182664;Gaizka Ayesa;548;Portero;2020;2021;0;;27.08;27.09;;BAJO;BAJO;ALTO;0.5772;0.2366;0.1862;RandomForest
182795;Arnau Fàbrega;715;Portero;2020;2021;0;;27.08;;;BAJO;BAJO;ALTO;0.5772;0.2366;0.1862;RandomForest
189832;Unai Marrero;548;Portero;2020;2021;0;;27.08;26.69;;BAJO;BAJO;ALTO;0.5772;0.2366;0.1862;RandomForest
206260;Lucas Cañizares;541;Portero;2020;2021;0;;26.28;;;BAJO;BAJO;MEDIO;0.6094;0.2544;0.1362;RandomForest
285418;Javier Rafael Gasca Biarge;726;Portero;2020;2021;0;;26.48;;;BAJO;BAJO;MEDIO;0.606;0.249;0.145;RandomForest
286611;Pablo Cuñat;539;Portero;2020;2021;0;;26.28;27.12;;BAJO;BAJO;MEDIO;0.6094;0.2544;0.1362;RandomForest
286616;Filip Jörgensen;533;Portero;2020;2021;0;;26.4;27.51;;BAJO;BAJO;MEDIO;0.6104;0.253;0.1365;RandomForest
290685;Ángel Jiménez;715;Portero;2020;2021;90;8.0;54.93;26.69;;BAJO;BAJO;ALTO;0.5529;0.2221;0.225;RandomForest
290686;Rafael Romero;715;Portero;2020;2021;0;;26.28;;;BAJO;BAJO;BAJO;0.6096;0.2532;0.1372;RandomForest
30;Santiago Arias;715;Defensa;2021;2022;434;6.616666;44.52;;;BAJO;BAJO;BAJO;0.5849;0.3122;0.1029;RandomForest
31;José María Giménez;530;Defensa;2021;2022;2047;7.008333;77.67;81.83;ALTO;ALTO;ALTO;ALTO;0.175;0.297;0.528;RandomForest
37;Nehuén Pérez;530;Defensa;2021;2022;0;;19.2;;;BAJO;BAJO;BAJO;0.6461;0.2388;0.1152;RandomForest
38;Alberto Rodríguez;542;Defensa;2021;2022;237;6.64;35.34;;;BAJO;BAJO;BAJO;0.571;0.2846;0.1443;RandomForest
39;Stefan Savić;530;Defensa;2021;2022;2440;6.910714;75.71;69.37;MEDIO;MEDIO;ALTO;ALTO;0.1935;0.4631;0.3434;RandomForest
128;Jordi Alba;529;Defensa;2021;2022;2648;7.299999999999999;81.93;75.87;ALTO;ALTO;ALTO;ALTO;0.0266;0.2502;0.7231;RandomForest
131;Jorge Cuenca;546;Defensa;2021;2022;2686;6.821875;53.78;46.27;BAJO;BAJO;BAJO;BAJO;0.4308;0.4035;0.1657;RandomForest
132;Guillem Jaime;529;Defensa;2021;2022;0;;21.15;;;BAJO;BAJO;BAJO;0.6472;0.2384;0.1143;RandomForest
133;Clément Lenglet;529;Defensa;2021;2022;815;6.635294;43.18;;;BAJO;BAJO;BAJO;0.5705;0.3128;0.1166;RandomForest
134;Juan Miranda;543;Defensa;2021;2022;782;6.966666;66.38;72.92;ALTO;BAJO;BAJO;BAJO;0.3547;0.3302;0.3151;RandomForest
135;Jeison Murillo;538;Defensa;2021;2022;1116;6.547368;43.09;;;BAJO;BAJO;MEDIO;0.6185;0.2769;0.1046;RandomForest
136;Gerard Piqué;529;Defensa;2021;2022;2096;7.111111;82.64;66.08;;ALTO;ALTO;ALTO;0.0675;0.1992;0.7334;RandomForest
139;Samuel Umtiti;529;Defensa;2021;2022;90;6.9;47.6;;;BAJO;BAJO;BAJO;0.5935;0.2668;0.1397;RandomForest
163;Serge Aurier;533;Defensa;2021;2022;1003;6.683333;56.48;;;BAJO;BAJO;BAJO;0.4749;0.3724;0.1526;RandomForest
166;Juan Foyth;533;Defensa;2021;2022;1931;6.964;79.61;84.45;ALTO;ALTO;ALTO;MEDIO;0.122;0.3863;0.4917;RandomForest
169;Kieran Trippier;530;Defensa;2021;2022;978;6.913333;69.33;;;MEDIO;MEDIO;MEDIO;0.3204;0.3427;0.3368;RandomForest
199;Šime Vrsaljko;530;Defensa;2021;2022;908;6.715789;54.75;;;BAJO;BAJO;BAJO;0.5796;0.2922;0.1282;RandomForest
256;Dani Alves;529;Defensa;2021;2022;0;;79.07;;;ALTO;ALTO;BAJO;0.2063;0.3696;0.4241;RandomForest
288;Alberto Moreno;533;Defensa;2021;2022;1222;6.869565000000001;69.59;50.44;BAJO;BAJO;MEDIO;MEDIO;0.4112;0.399;0.1898;RandomForest
314;Raúl Albiol;533;Defensa;2021;2022;2467;6.95;68.87;72.75;ALTO;ALTO;MEDIO;ALTO;0.22;0.3721;0.4079;RandomForest
371;Felipe;530;Defensa;2021;2022;1496;6.752173000000001;58.21;42.59;;BAJO;BAJO;MEDIO;0.5122;0.3589;0.1289;RandomForest
372;Éder Militão;541;Defensa;2021;2022;3033;7.12647;84.69;87.15;ALTO;ALTO;ALTO;ALTO;0.0412;0.1231;0.8357;RandomForest
505;David Alaba;541;Defensa;2021;2022;2645;7.013333;75.58;66.2;MEDIO;MEDIO;ALTO;MEDIO;0.1177;0.5567;0.3256;RandomForest
619;Eric García;529;Defensa;2021;2022;2043;6.876923;66.4;65.2;MEDIO;MEDIO;MEDIO;MEDIO;0.3324;0.5048;0.1628;RandomForest
653;Ferland Mendy;541;Defensa;2021;2022;1739;6.990909;82.84;58.93;MEDIO;ALTO;ALTO;MEDIO;0.1034;0.3667;0.5299;RandomForest
733;Daniel Carvajal;541;Defensa;2021;2022;1550;7.060869;80.01;58.16;MEDIO;MEDIO;ALTO;MEDIO;0.1326;0.4681;0.3993;RandomForest
734;Adrián de la Fuente;533;Defensa;2021;2022;0;;19.2;;;BAJO;BAJO;BAJO;0.6461;0.2388;0.1152;RandomForest
735;Nacho Fernández;541;Defensa;2021;2022;1547;6.925;68.79;67.67;MEDIO;MEDIO;MEDIO;MEDIO;0.2652;0.4948;0.24;RandomForest
736;Fran García;728;Defensa;2021;2022;3027;6.77647;68.86;72.77;ALTO;ALTO;MEDIO;MEDIO;0.2517;0.3672;0.3812;RandomForest
737;Álvaro Odriozola;541;Defensa;2021;2022;0;;19.2;44.95;;BAJO;BAJO;BAJO;0.6461;0.2388;0.1152;RandomForest
741;Jesús Vallejo;541;Defensa;2021;2022;342;7.18;62.56;17.6;;BAJO;BAJO;BAJO;0.4912;0.3565;0.1524;RandomForest
743;Marcelo;541;Defensa;2021;2022;520;7.163636;74.99;;;MEDIO;MEDIO;MEDIO;0.2354;0.4593;0.3053;RandomForest
757;Lucas Vázquez;541;Defensa;2021;2022;1834;7.0;79.35;80.06;ALTO;ALTO;ALTO;ALTO;0.1292;0.2568;0.614;RandomForest
854;Martín Cáceres;539;Defensa;2021;2022;669;6.4799999999999995;35.38;;;BAJO;BAJO;BAJO;0.6003;0.2789;0.1207;RandomForest
915;Gabriel Paulista;532;Defensa;2021;2022;1596;7.078947;77.71;59.06;MEDIO;MEDIO;MEDIO;MEDIO;0.1891;0.535;0.2758;RandomForest
916;Mouctar Diakhaby;532;Defensa;2021;2022;1944;6.692857;56.55;71.8;ALTO;BAJO;BAJO;BAJO;0.4553;0.3459;0.1989;RandomForest
918;José Luis Gayà;532;Defensa;2021;2022;1875;6.766665999999999;69.96;89.18;ALTO;ALTO;ALTO;ALTO;0.2148;0.3919;0.3933;RandomForest
920;Toni Lato;532;Defensa;2021;2022;590;6.53;43.72;47.23;BAJO;BAJO;BAJO;BAJO;0.6139;0.2828;0.1032;RandomForest
921;Cristiano Piccini;532;Defensa;2021;2022;322;6.85;68.72;;;BAJO;BAJO;BAJO;0.4761;0.3489;0.175;RandomForest
1160;Marcelo Saracchi;539;Defensa;2021;2022;186;6.925;61.97;;;BAJO;BAJO;BAJO;0.4101;0.4095;0.1804;RandomForest
1257;Jules Koundé;536;Defensa;2021;2022;2738;7.140625;85.95;82.93;ALTO;ALTO;ALTO;ALTO;0.0543;0.1462;0.7995;RandomForest
1264;Youssouf Sabaly;543;Defensa;2021;2022;788;6.855555;64.55;79.42;ALTO;BAJO;BAJO;BAJO;0.4054;0.3842;0.2105;RandomForest
1439;Héctor Bellerín;543;Defensa;2021;2022;1979;6.9;75.53;61.72;;ALTO;ALTO;MEDIO;0.2224;0.3677;0.4099;RandomForest
1448;Shkodran Mustafi;539;Defensa;2021;2022;658;6.827271999999999;64.26;;;BAJO;BAJO;BAJO;0.4574;0.3203;0.2223;RandomForest
1482;Thierry Correia;532;Defensa;2021;2022;1424;6.863157;70.88;74.89;ALTO;ALTO;MEDIO;ALTO;0.2056;0.3942;0.4003;RandomForest
1493;Marcos Acuña;536;Defensa;2021;2022;2266;7.087096;85.95;85.53;ALTO;ALTO;ALTO;ALTO;0.0497;0.1321;0.8182;RandomForest
1560;Antonio Barragán;797;Defensa;2021;2022;1023;6.6125;39.05;;;BAJO;BAJO;BAJO;0.5873;0.3029;0.1098;RandomForest
1561;Marc Bartra;543;Defensa;2021;2022;1994;7.034782;78.61;;;ALTO;ALTO;ALTO;0.1003;0.3106;0.5891;RandomForest
1562;Sidnei;543;Defensa;2021;2022;0;;19.2;;;BAJO;BAJO;BAJO;0.6461;0.2388;0.1152;RandomForest
1565;Edgar González;543;Defensa;2021;2022;1457;6.890476;64.54;50.75;BAJO;BAJO;BAJO;BAJO;0.5308;0.3289;0.1404;RandomForest
1566;Emerson Royal;529;Defensa;2021;2022;90;6.533333;29.4;;;BAJO;BAJO;ALTO;0.6148;0.2503;0.135;RandomForest
1567;Aïssa Mandi;533;Defensa;2021;2022;1372;6.988235;64.3;58.99;MEDIO;MEDIO;MEDIO;MEDIO;0.2942;0.4879;0.2179;RandomForest
1687;Jaume Costa;798;Defensa;2021;2022;1830;6.848;68.67;61.71;MEDIO;MEDIO;MEDIO;ALTO;0.3227;0.4455;0.2318;RandomForest
1690;Miguelón;540;Defensa;2021;2022;70;6.25;23.36;;;BAJO;BAJO;BAJO;0.6588;0.2271;0.1141;RandomForest
1691;Mario Gaspar;533;Defensa;2021;2022;621;6.641666000000001;41.06;;;BAJO;BAJO;BAJO;0.5428;0.3153;0.1419;RandomForest
1693;Víctor Ruiz;543;Defensa;2021;2022;1425;6.905882;64.15;54.88;MEDIO;MEDIO;MEDIO;MEDIO;0.4263;0.4288;0.1449;RandomForest
1702;Alfonso Pedraza;533;Defensa;2021;2022;1703;6.882142;74.02;63.8;MEDIO;MEDIO;MEDIO;MEDIO;0.2748;0.4794;0.2458;RandomForest
1926;Joseph Aidoo;538;Defensa;2021;2022;2641;6.835483;66.46;72.6;ALTO;ALTO;MEDIO;MEDIO;0.3194;0.3321;0.3485;RandomForest
1983;Enzo Roco;797;Defensa;2021;2022;2555;6.78;62.28;48.14;BAJO;BAJO;BAJO;BAJO;0.4374;0.3947;0.1679;RandomForest
2040;Sergio Escudero;715;Defensa;2021;2022;1429;6.703703000000001;58.94;69.63;MEDIO;MEDIO;MEDIO;MEDIO;0.3637;0.44;0.1963;RandomForest
2042;Sergi Gómez;540;Defensa;2021;2022;2724;6.796774;60.3;56.58;MEDIO;MEDIO;MEDIO;MEDIO;0.3773;0.4624;0.1604;RandomForest
2047;Aleix Vidal;540;Defensa;2021;2022;1904;6.633333;54.52;39.88;BAJO;BAJO;BAJO;BAJO;0.5305;0.3292;0.1402;RandomForest
2054;Jesús Navas;536;Defensa;2021;2022;1786;6.976;70.61;65.44;MEDIO;MEDIO;ALTO;MEDIO;0.1443;0.5678;0.2879;RandomForest
2418;Luis Abram;715;Defensa;2021;2022;560;6.875;53.05;;;BAJO;BAJO;BAJO;0.526;0.3166;0.1574;RandomForest
2468;Gonzalo Montiel;536;Defensa;2021;2022;1071;6.7;50.45;46.06;BAJO;BAJO;BAJO;BAJO;0.5526;0.3179;0.1295;RandomForest
2469;Germán Pezzella;543;Defensa;2021;2022;1991;7.0;73.73;70.74;MEDIO;MEDIO;ALTO;MEDIO;0.2147;0.5172;0.2681;RandomForest
2486;Helibelton Palacios;797;Defensa;2021;2022;1932;6.853846;68.08;55.9;MEDIO;MEDIO;MEDIO;MEDIO;0.1853;0.6143;0.2004;RandomForest
2508;Santiago Arzamendia;724;Defensa;2021;2022;464;6.514285;35.0;29.96;BAJO;BAJO;BAJO;BAJO;0.6364;0.2576;0.106;RandomForest
2610;Giovanni González;798;Defensa;2021;2022;362;6.6875;49.64;44.56;BAJO;BAJO;BAJO;BAJO;0.5789;0.2854;0.1357;RandomForest
2669;Mario Hermoso;530;Defensa;2021;2022;1869;6.772;64.83;75.05;ALTO;BAJO;ALTO;ALTO;0.3448;0.3438;0.3114;RandomForest
2670;Iñigo Martínez;531;Defensa;2021;2022;2343;7.062962;80.09;74.94;ALTO;ALTO;ALTO;ALTO;0.0703;0.2242;0.7055;RandomForest
2819;Stefan Mitrović;546;Defensa;2021;2022;2673;6.700000000000001;50.61;42.92;BAJO;BAJO;BAJO;BAJO;0.6093;0.2825;0.1082;RandomForest
2852;Ludwig Augustinsson;536;Defensa;2021;2022;790;6.688888;48.47;26.3;;BAJO;BAJO;BAJO;0.5633;0.3154;0.1213;RandomForest
2870;Néstor Araujo;538;Defensa;2021;2022;2615;6.765625;57.91;;;MEDIO;BAJO;MEDIO;0.3984;0.4212;0.1804;RandomForest
6168;Omar Alderete;532;Defensa;2021;2022;2411;6.837930999999999;70.29;69.46;MEDIO;MEDIO;MEDIO;MEDIO;0.2346;0.5595;0.2059;RandomForest
6233;Nahuel Tenaglia;542;Defensa;2021;2022;1073;6.664285;56.7;;;MEDIO;MEDIO;ALTO;0.3245;0.4406;0.2349;RandomForest
10122;Renan Lodi;530;Defensa;2021;2022;1174;6.655555;54.32;19.05;;BAJO;BAJO;BAJO;0.4381;0.3978;0.1641;RandomForest
18867;Diego Rico;548;Defensa;2021;2022;1647;6.885714000000001;71.12;68.93;MEDIO;MEDIO;ALTO;ALTO;0.2578;0.4575;0.2847;RandomForest
18895;Florian Lejeune;542;Defensa;2021;2022;2700;6.766665999999999;60.29;60.0;MEDIO;MEDIO;MEDIO;MEDIO;0.3345;0.4801;0.1854;RandomForest
18965;Martín Montoya;543;Defensa;2021;2022;519;6.9;66.71;35.47;BAJO;BAJO;BAJO;MEDIO;0.526;0.3342;0.1398;RandomForest
19607;Matthew Miazga;542;Defensa;2021;2022;831;6.827272;54.41;;;BAJO;BAJO;BAJO;0.483;0.3629;0.1541;RandomForest
20520;Iván Balliu;728;Defensa;2021;2022;3148;6.76;67.88;60.59;MEDIO;MEDIO;MEDIO;MEDIO;0.227;0.5211;0.2519;RandomForest
21090;Diego Carlos;536;Defensa;2021;2022;2961;7.055882;80.0;;;ALTO;ALTO;ALTO;0.0677;0.2193;0.713;RandomForest
22225;Reinildo Mandava;530;Defensa;2021;2022;1300;6.958823;71.44;77.41;ALTO;ALTO;MEDIO;MEDIO;0.1592;0.3318;0.509;RandomForest
25345;Karim Rekik;536;Defensa;2021;2022;1093;6.661111;47.54;46.51;BAJO;BAJO;BAJO;BAJO;0.5709;0.2934;0.1357;RandomForest
26302;Pablo Maffeo;798;Defensa;2021;2022;2952;6.817142;75.25;76.49;ALTO;ALTO;ALTO;ALTO;0.1375;0.2714;0.591;RandomForest
38735;Sergiño Dest;529;Defensa;2021;2022;1516;6.861904;73.02;;;MEDIO;ALTO;ALTO;0.2378;0.4092;0.3529;RandomForest
40419;Aleksandar Sedlar;798;Defensa;2021;2022;398;6.45;30.15;;;BAJO;BAJO;BAJO;0.5932;0.2762;0.1305;RandomForest
41412;Nikola Maraš;728;Defensa;2021;2022;1041;6.69375;43.53;;;BAJO;BAJO;BAJO;0.6327;0.2694;0.0979;RandomForest
46651;Carlos Clerc;539;Defensa;2021;2022;1518;6.594736;52.52;70.0;MEDIO;MEDIO;BAJO;MEDIO;0.3419;0.481;0.177;RandomForest
46652;Unai García;727;Defensa;2021;2022;1406;6.8999999999999995;58.82;53.01;BAJO;BAJO;BAJO;BAJO;0.5289;0.3342;0.1369;RandomForest
46653;David García;727;Defensa;2021;2022;3106;6.98;77.47;73.98;ALTO;ALTO;ALTO;ALTO;0.0854;0.264;0.6506;RandomForest
46654;Aridane Hernández;727;Defensa;2021;2022;1157;6.606666;42.03;69.0;MEDIO;BAJO;BAJO;BAJO;0.6185;0.2823;0.0991;RandomForest
46656;Oier;727;Defensa;2021;2022;748;6.433333;32.18;;;BAJO;BAJO;BAJO;0.615;0.2785;0.1065;RandomForest
46657;Nacho Vidal;727;Defensa;2021;2022;2906;6.842857;70.92;47.02;BAJO;MEDIO;ALTO;ALTO;0.2933;0.3838;0.3229;RandomForest
46677;Víctor Díaz;715;Defensa;2021;2022;1504;6.604545;44.59;;;BAJO;BAJO;BAJO;0.6008;0.297;0.1022;RandomForest
46679;Quini;715;Defensa;2021;2022;2305;6.553125;52.7;;;MEDIO;MEDIO;MEDIO;0.3717;0.4017;0.2265;RandomForest
46682;Carlos Neva;715;Defensa;2021;2022;2114;6.734615;60.56;;;BAJO;BAJO;BAJO;0.4613;0.3572;0.1815;RandomForest
46683;Germán Sánchez;715;Defensa;2021;2022;2296;6.61875;50.37;;;BAJO;BAJO;BAJO;0.4468;0.3757;0.1775;RandomForest
46731;Pervis Estupiñán;533;Defensa;2021;2022;1573;6.75;59.89;19.05;;BAJO;BAJO;BAJO;0.4938;0.349;0.1572;RandomForest
46733;Antonio Raíllo;798;Defensa;2021;2022;1530;6.870588;66.91;79.89;ALTO;MEDIO;MEDIO;BAJO;0.3324;0.3647;0.3029;RandomForest
46736;Franco Russo;798;Defensa;2021;2022;1465;6.6;46.14;45.01;;BAJO;BAJO;BAJO;0.6173;0.2827;0.1;RandomForest
46737;Joan Sastre;798;Defensa;2021;2022;254;6.333333;29.51;;;BAJO;BAJO;BAJO;0.6009;0.2627;0.1363;RandomForest
46738;Martin Valjent;798;Defensa;2021;2022;3183;6.755554999999999;58.09;65.64;MEDIO;MEDIO;BAJO;MEDIO;0.3665;0.4755;0.1579;RandomForest
46759;Alfonso Espino;724;Defensa;2021;2022;3330;6.832432;74.98;72.23;ALTO;ALTO;ALTO;ALTO;0.142;0.2775;0.5805;RandomForest
46762;Marcos Mauro;724;Defensa;2021;2022;134;6.25;21.84;;;BAJO;BAJO;BAJO;0.648;0.2428;0.1091;RandomForest
46764;Brian Oliván;798;Defensa;2021;2022;2189;6.739285;60.11;68.47;MEDIO;BAJO;BAJO;MEDIO;0.4262;0.4189;0.1549;RandomForest
46789;Saúl García;542;Defensa;2021;2022;3;6.7;30.67;;;BAJO;BAJO;BAJO;0.6448;0.2399;0.1153;RandomForest
46795;Domingos Duarte;715;Defensa;2021;2022;1688;6.761904;59.33;64.0;MEDIO;BAJO;BAJO;MEDIO;0.4558;0.395;0.1492;RandomForest
46813;Abdelkabir Abqar;542;Defensa;2021;2022;0;;19.2;;;BAJO;BAJO;BAJO;0.6461;0.2388;0.1152;RandomForest
46815;Pau Torres;533;Defensa;2021;2022;2858;7.10303;86.24;83.84;ALTO;ALTO;ALTO;ALTO;0.0506;0.1257;0.8237;RandomForest
46817;Diego González;797;Defensa;2021;2022;1788;6.656;44.01;30.53;BAJO;BAJO;BAJO;MEDIO;0.6266;0.2747;0.0987;RandomForest
46818;Luis Hernández;724;Defensa;2021;2022;1365;6.975;67.64;68.56;MEDIO;MEDIO;MEDIO;MEDIO;0.3359;0.4616;0.2025;RandomForest
46914;Esteban Saveljich;728;Defensa;2021;2022;1708;6.685714;48.44;19.05;;BAJO;BAJO;MEDIO;0.5304;0.3454;0.1242;RandomForest
46965;Gonzalo Verdú;797;Defensa;2021;2022;1399;6.799999999999999;50.99;34.84;BAJO;BAJO;BAJO;BAJO;0.5739;0.2976;0.1286;RandomForest
46967;Juan Cruz;727;Defensa;2021;2022;1935;6.660869;48.0;49.47;BAJO;BAJO;BAJO;BAJO;0.6632;0.2347;0.1021;RandomForest
46968;Óscar Gil;540;Defensa;2021;2022;1698;6.722727;63.87;54.37;MEDIO;MEDIO;MEDIO;MEDIO;0.2693;0.5041;0.2266;RandomForest
46998;Juan Cala;724;Defensa;2021;2022;945;6.45;30.25;42.64;;BAJO;BAJO;BAJO;0.6597;0.2443;0.096;RandomForest
47100;Iza Carcelén;724;Defensa;2021;2022;1545;6.664;56.25;79.11;ALTO;BAJO;BAJO;BAJO;0.3818;0.3777;0.2405;RandomForest
47119;Aitor Ruibal;543;Defensa;2021;2022;855;6.473684;39.94;57.07;MEDIO;BAJO;BAJO;MEDIO;0.5683;0.3497;0.0819;RandomForest
47222;Josema;797;Defensa;2021;2022;181;6.333333;24.55;;;BAJO;BAJO;BAJO;0.6028;0.269;0.1281;RandomForest
47229;Fali;724;Defensa;2021;2022;1810;6.788888;54.88;;;BAJO;BAJO;MEDIO;0.5195;0.3329;0.1476;RandomForest
47249;Leandro Cabrera;540;Defensa;2021;2022;3330;6.84054;67.27;65.98;MEDIO;MEDIO;MEDIO;MEDIO;0.2342;0.512;0.2539;RandomForest
47250;Djené;546;Defensa;2021;2022;3117;6.808571;68.68;57.94;MEDIO;MEDIO;MEDIO;MEDIO;0.2264;0.5869;0.1867;RandomForest
47251;Dimitri Foulquier;532;Defensa;2021;2022;2518;6.85;58.78;44.7;BAJO;BAJO;BAJO;BAJO;0.6085;0.25;0.1415;RandomForest
47253;Ignasi Miquel;546;Defensa;2021;2022;0;;19.2;;;BAJO;BAJO;BAJO;0.6461;0.2388;0.1152;RandomForest
47254;Mathías Olivera;546;Defensa;2021;2022;2807;6.9624999999999995;82.9;;;ALTO;ALTO;ALTO;0.1271;0.2571;0.6158;RandomForest
47257;Damián Suárez;546;Defensa;2021;2022;2719;6.849999999999999;70.94;61.1;MEDIO;MEDIO;MEDIO;MEDIO;0.2092;0.5341;0.2567;RandomForest
47271;Yeray Álvarez;531;Defensa;2021;2022;1860;7.00909;70.2;78.68;ALTO;ALTO;MEDIO;ALTO;0.1901;0.365;0.4449;RandomForest
47272;Mikel Balenziaga;531;Defensa;2021;2022;2026;6.708;53.9;20.97;;BAJO;BAJO;BAJO;0.5691;0.3158;0.1151;RandomForest
47273;Yuri Berchiche;531;Defensa;2021;2022;1015;7.057142;82.69;82.25;ALTO;ALTO;ALTO;ALTO;0.1335;0.2513;0.6152;RandomForest
47274;Ander Capa;531;Defensa;2021;2022;3;6.2;13.33;28.34;;BAJO;BAJO;BAJO;0.596;0.2564;0.1476;RandomForest
47275;Óscar de Marcos;531;Defensa;2021;2022;1684;6.927271999999999;70.46;67.21;MEDIO;MEDIO;MEDIO;MEDIO;0.3082;0.441;0.2508;RandomForest
47276;Íñigo Lekue;531;Defensa;2021;2022;1928;6.764;58.72;54.28;BAJO;BAJO;BAJO;BAJO;0.5552;0.2982;0.1466;RandomForest
47277;Unai Núñez;531;Defensa;2021;2022;621;6.599999999999999;39.1;77.66;ALTO;BAJO;BAJO;BAJO;0.516;0.3194;0.1647;RandomForest
47278;Daniel Vivian;531;Defensa;2021;2022;1985;7.008333;76.54;69.55;MEDIO;MEDIO;MEDIO;MEDIO;0.2174;0.4604;0.3222;RandomForest
47298;Aritz Elustondo;548;Defensa;2021;2022;2100;6.931034;74.13;40.33;BAJO;ALTO;ALTO;MEDIO;0.3273;0.3137;0.3589;RandomForest
47299;Andoni Gorosabel;548;Defensa;2021;2022;2295;6.7375;60.84;51.98;BAJO;BAJO;BAJO;BAJO;0.4871;0.3117;0.2012;RandomForest
47301;Robin Le Normand;548;Defensa;2021;2022;3330;7.059459;78.04;73.12;ALTO;ALTO;ALTO;ALTO;0.0473;0.2232;0.7295;RandomForest
47303;Aihen Muñoz;548;Defensa;2021;2022;1343;6.578947000000001;43.57;50.75;BAJO;BAJO;BAJO;BAJO;0.6552;0.2585;0.0863;RandomForest
47304;Kévin Rodrigues;728;Defensa;2021;2022;432;6.5;33.28;;;BAJO;BAJO;MEDIO;0.6255;0.2624;0.1121;RandomForest
47307;Joseba Zaldúa;548;Defensa;2021;2022;1170;6.682608;48.62;43.84;BAJO;BAJO;BAJO;BAJO;0.5892;0.3063;0.1045;RandomForest
47314;Igor Zubeldia;548;Defensa;2021;2022;1648;6.684;49.91;71.37;MEDIO;BAJO;BAJO;MEDIO;0.5122;0.3665;0.1214;RandomForest
47328;Óscar Duarte;539;Defensa;2021;2022;1775;6.765217;57.88;;;BAJO;MEDIO;MEDIO;0.431;0.411;0.158;RandomForest
47329;Adrià Pedrosa;540;Defensa;2021;2022;2723;6.700000000000001;68.14;34.77;BAJO;MEDIO;MEDIO;BAJO;0.3327;0.3371;0.3301;RandomForest
47334;David López;540;Defensa;2021;2022;740;6.693333;51.3;82.51;ALTO;BAJO;BAJO;BAJO;0.5552;0.3045;0.1404;RandomForest
47335;Dídac Vila;540;Defensa;2021;2022;196;6.428571;27.65;;;BAJO;BAJO;BAJO;0.6134;0.249;0.1376;RandomForest
47354;Martín Aguirregabiria;542;Defensa;2021;2022;1615;6.633333;50.01;;;BAJO;BAJO;BAJO;0.4541;0.3807;0.1653;RandomForest
47355;Rubén Duarte;542;Defensa;2021;2022;2629;6.791176000000001;67.92;;;MEDIO;ALTO;ALTO;0.2296;0.462;0.3084;RandomForest
47357;Víctor Laguardia;542;Defensa;2021;2022;3044;6.794117;60.86;;;MEDIO;MEDIO;BAJO;0.3964;0.4207;0.1829;RandomForest
47360;Ximo Navarro;542;Defensa;2021;2022;1350;6.466666000000001;44.99;;;BAJO;BAJO;MEDIO;0.6041;0.2819;0.114;RandomForest
47378;Pedro Bigas;797;Defensa;2021;2022;1556;6.905263;70.2;59.75;MEDIO;MEDIO;MEDIO;MEDIO;0.3046;0.4452;0.2503;RandomForest
47380;Marc Cucurella;546;Defensa;2021;2022;22;6.9;45.93;;;BAJO;BAJO;BAJO;0.6129;0.2541;0.133;RandomForest
47384;José Ángel;727;Defensa;2021;2022;1081;6.704545;55.89;;;BAJO;BAJO;MEDIO;0.5369;0.3198;0.1433;RandomForest
47391;Rubén Peña;533;Defensa;2021;2022;127;6.542857;33.9;59.54;MEDIO;BAJO;BAJO;ALTO;0.5953;0.2679;0.1368;RandomForest
47407;Allan Nyom;546;Defensa;2021;2022;244;6.42;28.05;;;BAJO;BAJO;BAJO;0.5925;0.268;0.1395;RandomForest
47408;Jonathan Silva;546;Defensa;2021;2022;220;6.411111;31.16;;;BAJO;BAJO;BAJO;0.59;0.2763;0.1337;RandomForest
47432;Hugo Mallo;538;Defensa;2021;2022;1830;6.880952;74.04;72.42;ALTO;ALTO;ALTO;ALTO;0.1796;0.315;0.5054;RandomForest
47433;Lucas Olaza;797;Defensa;2021;2022;293;7.0;66.85;55.87;MEDIO;MEDIO;BAJO;BAJO;0.3751;0.4313;0.1936;RandomForest
47434;Kevin Vázquez;538;Defensa;2021;2022;1339;6.888234999999999;67.26;30.18;;BAJO;BAJO;MEDIO;0.4431;0.3686;0.1883;RandomForest
47451;Coke;539;Defensa;2021;2022;114;6.733333;43.75;;;BAJO;BAJO;BAJO;0.5702;0.275;0.1548;RandomForest
47452;Erick Cabaco;546;Defensa;2021;2022;403;6.477776999999999;29.15;;;BAJO;BAJO;BAJO;0.5966;0.2736;0.1298;RandomForest
47457;Rúben Vezo;539;Defensa;2021;2022;2419;6.65625;55.88;;;MEDIO;MEDIO;MEDIO;0.3278;0.3833;0.289;RandomForest
47458;Sergio Postigo;539;Defensa;2021;2022;849;6.423076;32.57;;;BAJO;BAJO;BAJO;0.6034;0.284;0.1126;RandomForest
47459;Chema;546;Defensa;2021;2022;46;6.2;17.27;;;BAJO;BAJO;BAJO;0.5965;0.2342;0.1693;RandomForest
47460;Róber Pier;539;Defensa;2021;2022;2009;6.625925;49.85;;;BAJO;BAJO;MEDIO;0.5081;0.3428;0.1491;RandomForest
47478;Fernando Calero;540;Defensa;2021;2022;1092;6.68;44.66;52.37;BAJO;BAJO;BAJO;BAJO;0.6335;0.2657;0.1008;RandomForest
47510;Jonas Ramalho;727;Defensa;2021;2022;245;6.633333;30.89;;;BAJO;BAJO;BAJO;0.5601;0.2972;0.1426;RandomForest
47533;Alejandro Catena;728;Defensa;2021;2022;3240;6.955555;77.36;72.08;ALTO;ALTO;ALTO;ALTO;0.0899;0.2074;0.7027;RandomForest
47547;Álex Moreno;543;Defensa;2021;2022;2408;6.9233329999999995;80.17;73.76;ALTO;ALTO;ALTO;ALTO;0.1286;0.2812;0.5902;RandomForest
47550;Mario Suárez;728;Defensa;2021;2022;708;6.50909;37.86;14.63;;BAJO;BAJO;BAJO;0.5903;0.2886;0.1212;RandomForest
47561;Carlos Akapo;724;Defensa;2021;2022;1847;6.832;66.2;;;MEDIO;MEDIO;MEDIO;0.2665;0.4972;0.2364;RandomForest
47566;Javi Galán;538;Defensa;2021;2022;3300;6.851351;77.1;77.77;ALTO;ALTO;ALTO;ALTO;0.1023;0.2804;0.6173;RandomForest
47568;Jorge Miramón;539;Defensa;2021;2022;1976;6.524137;51.74;;;BAJO;BAJO;BAJO;0.4806;0.3606;0.1589;RandomForest
48372;Eray Cömert;532;Defensa;2021;2022;407;6.414285;28.89;70.36;MEDIO;BAJO;BAJO;BAJO;0.5669;0.2807;0.1524;RandomForest
51449;Gastón Álvarez;546;Defensa;2021;2022;0;;19.2;47.95;BAJO;BAJO;BAJO;BAJO;0.6461;0.2388;0.1152;RandomForest
53625;Varazdat Haroyan;724;Defensa;2021;2022;1439;6.723528999999999;56.98;;;BAJO;BAJO;BAJO;0.5754;0.2991;0.1255;RandomForest
64268;Johan Mojica;797;Defensa;2021;2022;2857;6.848484;73.64;50.37;BAJO;MEDIO;ALTO;BAJO;0.3134;0.3622;0.3244;RandomForest
64309;Manuel Sánchez;727;Defensa;2021;2022;2259;6.712121;62.2;52.71;BAJO;BAJO;BAJO;BAJO;0.4295;0.3122;0.2582;RandomForest
85703;Thomas Carrique;538;Defensa;2021;2022;0;;19.2;;;BAJO;BAJO;BAJO;0.6461;0.2388;0.1152;RandomForest
101814;Ronald Araújo;529;Defensa;2021;2022;2270;7.096666;84.22;79.59;ALTO;ALTO;ALTO;ALTO;0.0533;0.1573;0.7894;RandomForest
104986;Kike Hermoso;543;Defensa;2021;2022;90;7.7;63.43;;;BAJO;BAJO;BAJO;0.5328;0.2409;0.2263;RandomForest
107207;Mario Hernández;728;Defensa;2021;2022;393;6.5;33.96;20.01;;BAJO;BAJO;BAJO;0.5825;0.2809;0.1366;RandomForest
119218;Joan Rojas Castilla;530;Defensa;2021;2022;0;;19.2;;;BAJO;BAJO;BAJO;0.6461;0.2388;0.1152;RandomForest
119742;Juan Iglesias;546;Defensa;2021;2022;711;6.539999999999999;37.88;59.63;MEDIO;BAJO;BAJO;MEDIO;0.5816;0.3187;0.0997;RandomForest
125408;Alexandru Tirlea;542;Defensa;2021;2022;14;6.7;32.66;;;BAJO;BAJO;BAJO;0.6344;0.2504;0.1152;RandomForest
129055;Cristo Romero;548;Defensa;2021;2022;16;6.3;18.27;;;BAJO;BAJO;BAJO;0.5789;0.2593;0.1619;RandomForest
129657;Enric Franquesa;539;Defensa;2021;2022;617;6.413333;31.06;;;BAJO;BAJO;BAJO;0.6527;0.2427;0.1046;RandomForest
131538;Son;539;Defensa;2021;2022;1976;6.607692;51.4;;;BAJO;BAJO;BAJO;0.5155;0.3451;0.1394;RandomForest
153290;Victor Gómez;540;Defensa;2021;2022;3;0.0;12.65;;;BAJO;ALTO;ALTO;0.5895;0.2553;0.1552;RandomForest
161928;Alejandro Balde;529;Defensa;2021;2022;187;6.5;29.54;79.69;ALTO;BAJO;BAJO;BAJO;0.5878;0.2488;0.1634;RandomForest
162032;Miguel Gutiérrez;541;Defensa;2021;2022;262;7.166666;70.96;58.97;MEDIO;MEDIO;MEDIO;MEDIO;0.331;0.4742;0.1948;RandomForest
162058;Víctor Chust;724;Defensa;2021;2022;1828;6.704;50.21;48.5;BAJO;BAJO;BAJO;BAJO;0.6026;0.2857;0.1118;RandomForest
162135;Iker Recio;728;Defensa;2021;2022;0;;19.2;;;BAJO;BAJO;BAJO;0.6461;0.2388;0.1152;RandomForest
162138;Marco Moreno;530;Defensa;2021;2022;0;;19.2;19.05;;BAJO;BAJO;BAJO;0.6461;0.2388;0.1152;RandomForest
162175;Jesús Vázquez;532;Defensa;2021;2022;811;6.678571;50.29;34.24;;BAJO;BAJO;MEDIO;0.5524;0.3265;0.1211;RandomForest
162475;Mika Mármol;529;Defensa;2021;2022;0;;22.43;;;BAJO;BAJO;BAJO;0.6067;0.2545;0.1389;RandomForest
162495;Fernando Medrano;538;Defensa;2021;2022;0;;19.2;47.03;;BAJO;BAJO;BAJO;0.6461;0.2388;0.1152;RandomForest
162530;Sergio Santos Fernandez;541;Defensa;2021;2022;10;6.7;29.9;;;BAJO;BAJO;BAJO;0.5657;0.2762;0.1581;RandomForest
162545;Manuel Lama Maroto;530;Defensa;2021;2022;0;;19.2;;;BAJO;BAJO;BAJO;0.6461;0.2388;0.1152;RandomForest
162559;Joseda;532;Defensa;2021;2022;0;;19.2;;;BAJO;BAJO;BAJO;0.6461;0.2388;0.1152;RandomForest
162695;Arnau Comas;529;Defensa;2021;2022;0;;19.2;;;BAJO;BAJO;BAJO;0.6461;0.2388;0.1152;RandomForest
162712;Óscar Mingueza;529;Defensa;2021;2022;890;6.761111;56.24;54.45;MEDIO;BAJO;BAJO;MEDIO;0.5256;0.3386;0.1358;RandomForest
162928;Sergio Bono;797;Defensa;2021;2022;0;;19.2;;;BAJO;BAJO;BAJO;0.6461;0.2388;0.1152;RandomForest
162952;Mario Gila Fuentes;541;Defensa;2021;2022;23;6.45;25.38;;;BAJO;BAJO;BAJO;0.6405;0.2403;0.1192;RandomForest
163208;Carles Marco;797;Defensa;2021;2022;0;;19.2;19.05;;BAJO;BAJO;BAJO;0.6461;0.2388;0.1152;RandomForest
163453;Valentino Fattore Scotta;536;Defensa;2021;2022;0;;21.15;;;BAJO;BAJO;BAJO;0.6481;0.2373;0.1147;RandomForest
182164;Pepe Sánchez;715;Defensa;2021;2022;0;;19.2;;;BAJO;BAJO;BAJO;0.6461;0.2388;0.1152;RandomForest
182181;Jesús Areso;727;Defensa;2021;2022;188;6.066665999999999;22.15;;;BAJO;BAJO;BAJO;0.6515;0.2294;0.1191;RandomForest
182492;Álvaro García;540;Defensa;2021;2022;0;;19.2;;;BAJO;BAJO;BAJO;0.6461;0.2388;0.1152;RandomForest
182501;Jose Fontán;538;Defensa;2021;2022;271;6.628571;34.3;;;BAJO;BAJO;BAJO;0.5935;0.2656;0.1408;RandomForest
182546;Jon Pacheco;548;Defensa;2021;2022;376;6.72;40.67;52.45;BAJO;BAJO;BAJO;BAJO;0.5778;0.2875;0.1346;RandomForest
182627;Álex Petxa;531;Defensa;2021;2022;398;6.553332999999999;36.11;;;BAJO;BAJO;BAJO;0.5953;0.2968;0.1079;RandomForest
182636;Javi López;542;Defensa;2021;2022;458;6.35;28.91;;;BAJO;BAJO;BAJO;0.6162;0.2712;0.1125;RandomForest
182736;Lluís Recasens;540;Defensa;2021;2022;44;6.9;45.77;;;BAJO;BAJO;ALTO;0.6187;0.2542;0.1272;RandomForest
182857;Sergio Barcia;715;Defensa;2021;2022;77;6.3;19.93;19.05;;BAJO;BAJO;BAJO;0.6316;0.2383;0.1301;RandomForest
183777;Unai Dufur;727;Defensa;2021;2022;90;6.7;34.64;;;BAJO;BAJO;ALTO;0.6115;0.2553;0.1332;RandomForest
183849;Aitor Paredes;531;Defensa;2021;2022;0;;19.2;42.69;BAJO;BAJO;BAJO;BAJO;0.6461;0.2388;0.1152;RandomForest
184361;Antonio Leal;539;Defensa;2021;2022;0;;19.2;;;BAJO;BAJO;BAJO;0.6461;0.2388;0.1152;RandomForest
184364;Lanchi;533;Defensa;2021;2022;0;;19.2;;;BAJO;BAJO;BAJO;0.6461;0.2388;0.1152;RandomForest
184609;Jorge Moreno;728;Defensa;2021;2022;0;;19.2;;;BAJO;BAJO;BAJO;0.6461;0.2388;0.1152;RandomForest
184693;Javier Castro;538;Defensa;2021;2022;0;;19.2;;;BAJO;BAJO;BAJO;0.6461;0.2388;0.1152;RandomForest
185599;Jose Calderon;543;Defensa;2021;2022;64;7.0;52.49;;;BAJO;BAJO;BAJO;0.5827;0.2851;0.1322;RandomForest
185715;Josep Gayá;798;Defensa;2021;2022;59;5.2;16.42;20.84;;BAJO;BAJO;BAJO;0.5819;0.24;0.178;RandomForest
185810;Raúl Parra;724;Defensa;2021;2022;88;6.35;23.07;25.17;;BAJO;BAJO;BAJO;0.6775;0.2141;0.1084;RandomForest
188409;Fran Delgado;543;Defensa;2021;2022;0;;19.2;15.11;;BAJO;BAJO;BAJO;0.6461;0.2388;0.1152;RandomForest
189864;José Manuel;539;Defensa;2021;2022;0;;19.2;;;BAJO;BAJO;BAJO;0.6461;0.2388;0.1152;RandomForest
189866;John Donald;797;Defensa;2021;2022;180;7.35;66.79;39.08;BAJO;BAJO;BAJO;BAJO;0.5367;0.2778;0.1855;RandomForest
192011;Joseda Álvarez;539;Defensa;2021;2022;0;;19.2;;;BAJO;BAJO;BAJO;0.6461;0.2388;0.1152;RandomForest
195923;José Ángel Carmona;536;Defensa;2021;2022;23;6.7;35.28;47.23;BAJO;BAJO;BAJO;BAJO;0.6454;0.2415;0.1131;RandomForest
199824;Rubén Sánchez;540;Defensa;2021;2022;147;6.566666;37.38;52.8;BAJO;BAJO;BAJO;BAJO;0.578;0.2716;0.1504;RandomForest
203426;Jonathan Gómez;548;Defensa;2021;2022;0;;19.2;19.05;;BAJO;BAJO;BAJO;0.6461;0.2388;0.1152;RandomForest
208055;Miguelito;798;Defensa;2021;2022;0;;19.2;19.05;;BAJO;BAJO;BAJO;0.6461;0.2388;0.1152;RandomForest
237066;Rafa Marín;541;Defensa;2021;2022;0;;19.2;;;BAJO;BAJO;BAJO;0.6461;0.2388;0.1152;RandomForest
264469;Pablo Pérez;536;Defensa;2021;2022;0;;19.2;;;BAJO;BAJO;BAJO;0.6461;0.2388;0.1152;RandomForest
286559;Carlos Domínguez;538;Defensa;2021;2022;340;6.8;45.56;45.52;;BAJO;BAJO;BAJO;0.5476;0.2965;0.156;RandomForest
286643;Amankwaa Akurugu;546;Defensa;2021;2022;78;6.366666;26.63;19.05;;BAJO;BAJO;BAJO;0.6347;0.2472;0.118;RandomForest
288220;Marc Carmona;798;Defensa;2021;2022;0;;19.2;;;BAJO;BAJO;BAJO;0.6461;0.2388;0.1152;RandomForest
290215;Raúl Torrente;715;Defensa;2021;2022;1282;6.588235;40.68;;;BAJO;BAJO;BAJO;0.6483;0.2625;0.0891;RandomForest
291147;Miguel Ángel Brau;715;Defensa;2021;2022;0;;19.2;;;BAJO;BAJO;BAJO;0.6461;0.2388;0.1152;RandomForest
295793;Marc Pubill;539;Defensa;2021;2022;510;6.51;41.11;;;BAJO;BAJO;MEDIO;0.6182;0.2802;0.1015;RandomForest
297311;Kike Salas;536;Defensa;2021;2022;0;;19.2;54.73;;BAJO;BAJO;BAJO;0.6461;0.2388;0.1152;RandomForest
297744;Carlos Gimenez;539;Defensa;2021;2022;0;;19.2;;;BAJO;BAJO;BAJO;0.6461;0.2388;0.1152;RandomForest
299877;Chinchu;546;Defensa;2021;2022;0;;19.2;;;BAJO;BAJO;BAJO;0.6461;0.2388;0.1152;RandomForest
307005;Aleix Gorjón;540;Defensa;2021;2022;0;;19.2;;;BAJO;BAJO;BAJO;0.6461;0.2388;0.1152;RandomForest
315701;Rubén Iranzo;532;Defensa;2021;2022;134;6.2;20.22;19.05;;BAJO;BAJO;BAJO;0.6418;0.2364;0.1218;RandomForest
333672;César Tárrega;532;Defensa;2021;2022;0;;19.2;;;BAJO;BAJO;BAJO;0.6461;0.2388;0.1152;RandomForest
333682;Cristhian Mosquera;532;Defensa;2021;2022;211;6.35;22.06;35.78;;BAJO;BAJO;BAJO;0.6378;0.2443;0.118;RandomForest
336592;Ibrahima Camara;530;Defensa;2021;2022;0;;19.2;;;BAJO;BAJO;BAJO;0.6461;0.2388;0.1152;RandomForest
336681;Sergio Diez Roldán;530;Defensa;2021;2022;0;;19.2;19.05;;BAJO;BAJO;BAJO;0.6461;0.2388;0.1152;RandomForest
350073;Marcos Fernández;798;Defensa;2021;2022;0;;19.2;19.05;;BAJO;BAJO;BAJO;0.6461;0.2388;0.1152;RandomForest
21;Paco Alcácer;533;Delantero;2021;2022;790;6.683333000000001;52.77;;;BAJO;BAJO;BAJO;0.586;0.3107;0.1032;RandomForest
52;Sergio Camello;530;Delantero;2021;2022;0;;19.2;68.59;MEDIO;BAJO;BAJO;MEDIO;0.6339;0.2481;0.1179;RandomForest
53;Ángel Correa;530;Delantero;2021;2022;1857;6.863888;70.51;62.1;MEDIO;MEDIO;MEDIO;MEDIO;0.2753;0.5131;0.2116;RandomForest
56;Antoine Griezmann;530;Delantero;2021;2022;1971;6.96923;71.09;90.09;ALTO;ALTO;ALTO;ALTO;0.1667;0.2494;0.5839;RandomForest
58;Víctor Mollejo;798;Delantero;2021;2022;0;;19.2;;;BAJO;BAJO;MEDIO;0.6339;0.2481;0.1179;RandomForest
83;Arnaut Danjuma;533;Delantero;2021;2022;1477;6.969565;76.19;46.86;BAJO;MEDIO;BAJO;BAJO;0.3812;0.3887;0.2301;RandomForest
119;Radamel Falcao;728;Delantero;2021;2022;831;6.757142;55.34;;;BAJO;BAJO;BAJO;0.5741;0.3344;0.0915;RandomForest
122;Jordi Mboula;798;Delantero;2021;2022;433;6.372727;32.3;;;BAJO;BAJO;BAJO;0.6502;0.2513;0.0984;RandomForest
153;Ousmane Dembélé;529;Delantero;2021;2022;1412;7.523808999999999;87.51;83.69;ALTO;ALTO;ALTO;ALTO;0.037;0.1324;0.8306;RandomForest
157;Luis Suárez;530;Delantero;2021;2022;1834;6.877141999999999;62.29;;;MEDIO;MEDIO;BAJO;0.3881;0.4785;0.1334;RandomForest
246;Luuk de Jong;529;Delantero;2021;2022;641;6.833333;51.36;;;MEDIO;MEDIO;MEDIO;0.4093;0.4784;0.1123;RandomForest
395;Hernani;539;Delantero;2021;2022;0;;19.2;;;BAJO;BAJO;MEDIO;0.6339;0.2481;0.1179;RandomForest
583;João Félix;530;Delantero;2021;2022;1263;7.145833;82.85;75.29;MEDIO;MEDIO;MEDIO;MEDIO;0.0988;0.5205;0.3807;RandomForest
608;Lucas Boyé;797;Delantero;2021;2022;1724;6.908333000000001;80.92;74.62;MEDIO;MEDIO;MEDIO;MEDIO;0.1217;0.5416;0.3367;RandomForest
612;Ezequiel Ponce;797;Delantero;2021;2022;662;6.346152999999999;46.53;41.91;BAJO;BAJO;BAJO;BAJO;0.6242;0.2847;0.0911;RandomForest
642;Sergio Agüero;529;Delantero;2021;2022;151;6.9;54.5;;;BAJO;BAJO;BAJO;0.575;0.2737;0.1514;RandomForest
667;Memphis Depay;529;Delantero;2021;2022;1848;7.239285;83.55;61.97;;ALTO;ALTO;ALTO;0.0778;0.1726;0.7496;RandomForest
668;Nabil Fekir;543;Delantero;2021;2022;2812;7.255881999999999;87.96;79.59;ALTO;ALTO;ALTO;ALTO;0.0078;0.0223;0.9699;RandomForest
746;Marco Asensio;541;Delantero;2021;2022;1729;7.086666;78.01;81.87;ALTO;ALTO;ALTO;ALTO;0.1332;0.255;0.6118;RandomForest
758;Gareth Bale;541;Delantero;2021;2022;283;6.8;52.89;;;BAJO;BAJO;MEDIO;0.4978;0.3376;0.1646;RandomForest
759;Karim Benzema;541;Delantero;2021;2022;2603;7.637500000000001;83.34;80.28;ALTO;ALTO;ALTO;ALTO;0.019;0.049;0.9321;RandomForest
760;Mariano Díaz;541;Delantero;2021;2022;337;6.7125;51.62;21.8;;BAJO;BAJO;BAJO;0.549;0.2955;0.1554;RandomForest
762;Vinícius Júnior;541;Delantero;2021;2022;2699;7.364705;89.35;86.61;ALTO;ALTO;ALTO;ALTO;0.0023;0.0162;0.9816;RandomForest
908;Anthony Martial;536;Delantero;2021;2022;495;6.411111;40.32;;;BAJO;BAJO;MEDIO;0.6332;0.2588;0.108;RandomForest
925;Gonçalo Guedes;532;Delantero;2021;2022;2614;7.077777000000001;83.15;;;ALTO;ALTO;ALTO;0.0792;0.3024;0.6184;RandomForest
931;Ferran Torres;529;Delantero;2021;2022;1417;7.027777;77.97;67.43;MEDIO;MEDIO;MEDIO;MEDIO;0.1641;0.5319;0.304;RandomForest
934;Santi Mina;538;Delantero;2021;2022;2380;6.924241999999999;77.52;;;ALTO;MEDIO;BAJO;0.1795;0.3593;0.4612;RandomForest
937;Rubén Sobrino;724;Delantero;2021;2022;1868;6.648483999999999;48.7;64.9;MEDIO;MEDIO;MEDIO;MEDIO;0.3512;0.4823;0.1665;RandomForest
1165;Matheus Cunha;530;Delantero;2021;2022;1050;6.844827;65.61;57.64;;BAJO;MEDIO;MEDIO;0.4462;0.4295;0.1243;RandomForest
1375;Roberto Soldado;539;Delantero;2021;2022;662;6.627777;43.11;;;BAJO;BAJO;BAJO;0.5872;0.3052;0.1076;RandomForest
1434;Landry Dimata;540;Delantero;2021;2022;533;6.513333;33.71;;;BAJO;BAJO;MEDIO;0.6227;0.2762;0.1011;RandomForest
1465;Pierre-Emerick Aubameyang;529;Delantero;2021;2022;1092;7.141176;70.52;35.63;;MEDIO;BAJO;MEDIO;0.3232;0.4381;0.2387;RandomForest
1584;Loren Morón;540;Delantero;2021;2022;553;6.55;34.23;23.05;;BAJO;BAJO;BAJO;0.5467;0.3661;0.0872;RandomForest
1586;Cristian Tello;543;Delantero;2021;2022;805;6.617391;48.29;;;BAJO;BAJO;MEDIO;0.5227;0.3596;0.1177;RandomForest
1696;Samuel Chukwueze;533;Delantero;2021;2022;1327;6.781481;71.03;79.75;ALTO;ALTO;MEDIO;ALTO;0.1643;0.3629;0.4727;RandomForest
1706;Carlos Bacca;715;Delantero;2021;2022;506;6.7125;49.53;;;BAJO;BAJO;MEDIO;0.6114;0.2688;0.1198;RandomForest
1707;Gerard Moreno;533;Delantero;2021;2022;1193;7.358823000000001;86.14;81.18;ALTO;ALTO;ALTO;ALTO;0.0561;0.1561;0.7877;RandomForest
1708;Dani Raba;533;Delantero;2021;2022;106;6.25;24.24;;;BAJO;BAJO;BAJO;0.6619;0.2263;0.1117;RandomForest
1828;Luka Jović;541;Delantero;2021;2022;357;6.684614999999999;47.18;;;BAJO;BAJO;BAJO;0.5728;0.2951;0.1321;RandomForest
2058;Nolito;538;Delantero;2021;2022;1380;6.626666;51.29;;;BAJO;BAJO;MEDIO;0.5309;0.3588;0.1103;RandomForest
2060;Munir El Haddadi;536;Delantero;2021;2022;466;6.673333;46.88;56.86;BAJO;BAJO;BAJO;BAJO;0.6072;0.2992;0.0936;RandomForest
2061;Bryan Gil;532;Delantero;2021;2022;755;6.658333;58.12;58.45;BAJO;BAJO;BAJO;BAJO;0.5672;0.3139;0.1188;RandomForest
2296;Eden Hazard;541;Delantero;2021;2022;712;6.927777;73.1;36.48;;MEDIO;MEDIO;MEDIO;0.2405;0.4424;0.3172;RandomForest
2459;Darwin Machís;715;Delantero;2021;2022;1379;6.884;75.04;61.97;MEDIO;MEDIO;MEDIO;MEDIO;0.2631;0.5081;0.2288;RandomForest
2478;Darío Benedetto;797;Delantero;2021;2022;585;6.714285;58.21;;;BAJO;BAJO;BAJO;0.5877;0.3067;0.1057;RandomForest
2615;Maximiliano Gómez;532;Delantero;2021;2022;1959;6.827586;65.76;22.19;;MEDIO;MEDIO;MEDIO;0.3744;0.4318;0.1938;RandomForest
2671;Jaime Mata;546;Delantero;2021;2022;657;6.542856999999999;41.06;42.88;;BAJO;BAJO;BAJO;0.6195;0.2968;0.0837;RandomForest
2672;Iker Muniain;531;Delantero;2021;2022;2803;7.331428;87.59;81.34;ALTO;ALTO;ALTO;ALTO;0.0065;0.0382;0.9553;RandomForest
2723;Oussama Idrissi;724;Delantero;2021;2022;1035;6.8833329999999995;65.95;;;MEDIO;MEDIO;MEDIO;0.3134;0.4654;0.2212;RandomForest
2737;Martin Braithwaite;529;Delantero;2021;2022;237;7.0;61.0;65.53;MEDIO;BAJO;BAJO;BAJO;0.4359;0.3702;0.194;RandomForest
2864;Alexander Isak;548;Delantero;2021;2022;2155;6.734375;65.77;55.92;;MEDIO;MEDIO;BAJO;0.3752;0.4255;0.1993;RandomForest
8492;Alexander Sørloth;548;Delantero;2021;2022;1760;6.651515;61.38;70.35;MEDIO;MEDIO;MEDIO;MEDIO;0.2959;0.5388;0.1652;RandomForest
8518;Mamadou Sylla;542;Delantero;2021;2022;635;6.407692;32.73;;;BAJO;BAJO;BAJO;0.6636;0.2427;0.0937;RandomForest
10009;Rodrygo;541;Delantero;2021;2022;1526;6.867741;70.93;85.11;ALTO;MEDIO;MEDIO;ALTO;0.223;0.4261;0.3509;RandomForest
14405;Myrto Uzuni;715;Delantero;2021;2022;858;6.606666;49.98;;;BAJO;BAJO;ALTO;0.6093;0.2906;0.1001;RandomForest
18752;Hélder Costa;532;Delantero;2021;2022;1117;6.495454;43.11;;;BAJO;BAJO;ALTO;0.583;0.3238;0.0932;RandomForest
18753;Adama Traoré;529;Delantero;2021;2022;378;6.9;70.51;;;MEDIO;MEDIO;MEDIO;0.3912;0.436;0.1728;RandomForest
18833;Lucas Pérez;797;Delantero;2021;2022;2340;6.886665999999999;61.1;53.49;BAJO;BAJO;BAJO;BAJO;0.4579;0.3398;0.2023;RandomForest
18907;Joselu;542;Delantero;2021;2022;3125;7.224324;82.14;81.87;ALTO;ALTO;ALTO;ALTO;0.0452;0.1676;0.7872;RandomForest
18978;Florin Andone;724;Delantero;2021;2022;173;6.62;37.88;;;BAJO;BAJO;MEDIO;0.6226;0.2514;0.126;RandomForest
22015;Boulaye Dia;533;Delantero;2021;2022;1264;6.88;67.64;;;BAJO;BAJO;MEDIO;0.4765;0.3728;0.1506;RandomForest
30510;Álex Berenguer;531;Delantero;2021;2022;2172;6.855882;75.64;79.72;ALTO;ALTO;ALTO;ALTO;0.1654;0.3748;0.4598;RandomForest
32862;Takefusa Kubo;798;Delantero;2021;2022;1609;6.860714000000001;75.56;84.99;ALTO;ALTO;ALTO;ALTO;0.1859;0.3343;0.4798;RandomForest
32871;Taichi Hara;542;Delantero;2021;2022;0;;19.2;;;BAJO;BAJO;MEDIO;0.6339;0.2481;0.1179;RandomForest
35503;José Macías;546;Delantero;2021;2022;200;6.633333;39.14;;;BAJO;BAJO;MEDIO;0.5946;0.2818;0.1236;RandomForest
35575;Edgar Méndez;542;Delantero;2021;2022;1612;6.590322;52.84;;;BAJO;BAJO;BAJO;0.4791;0.3939;0.127;RandomForest
41595;Ivan Šaponjić;530;Delantero;2021;2022;0;;19.2;;;BAJO;BAJO;MEDIO;0.6339;0.2481;0.1179;RandomForest
46667;Kike Barja;727;Delantero;2021;2022;861;6.731578;62.33;66.25;MEDIO;MEDIO;BAJO;MEDIO;0.3968;0.4831;0.1201;RandomForest
46669;Barbero;727;Delantero;2021;2022;15;6.375;19.11;;;BAJO;BAJO;BAJO;0.6954;0.2089;0.0957;RandomForest
46725;Rey Manaj;529;Delantero;2021;2022;0;;19.2;;;BAJO;BAJO;MEDIO;0.6339;0.2481;0.1179;RandomForest
46746;Ante Budimir;727;Delantero;2021;2022;1741;6.785714;67.3;73.29;MEDIO;MEDIO;MEDIO;MEDIO;0.2616;0.5259;0.2125;RandomForest
46751;Abdón Prats;798;Delantero;2021;2022;631;6.695454;49.79;32.5;;BAJO;BAJO;BAJO;0.6166;0.2951;0.0883;RandomForest
46782;Manu Vallejo;542;Delantero;2021;2022;453;6.609999999999999;38.82;44.06;;BAJO;BAJO;BAJO;0.5929;0.2944;0.1127;RandomForest
46890;Álvaro Jiménez;724;Delantero;2021;2022;227;6.522222;38.97;;;BAJO;BAJO;MEDIO;0.5516;0.301;0.1474;RandomForest
46933;Luis Rioja;542;Delantero;2021;2022;3127;6.6621619999999995;64.88;;;MEDIO;MEDIO;MEDIO;0.247;0.4156;0.3374;RandomForest
46985;Yacine Qasmi;728;Delantero;2021;2022;3;6.2;14.73;;;BAJO;BAJO;BAJO;0.6468;0.2377;0.1155;RandomForest
47002;Fidel;797;Delantero;2021;2022;2281;6.790909;72.07;57.81;BAJO;MEDIO;ALTO;BAJO;0.3069;0.3799;0.3133;RandomForest
47013;Rafa Mir;536;Delantero;2021;2022;1802;6.644117;51.17;42.12;BAJO;BAJO;BAJO;BAJO;0.5851;0.3319;0.083;RandomForest
47041;Alberto Perea;724;Delantero;2021;2022;772;6.69375;58.46;38.84;;MEDIO;BAJO;MEDIO;0.3992;0.4418;0.1591;RandomForest
47182;Tete Morente;797;Delantero;2021;2022;1633;6.621875;54.53;64.03;MEDIO;MEDIO;BAJO;MEDIO;0.3829;0.4769;0.1402;RandomForest
47209;Andrés Martín;728;Delantero;2021;2022;181;6.228571;22.65;34.82;;BAJO;BAJO;BAJO;0.6939;0.2004;0.1057;RandomForest
47237;Luis Javier Suárez;715;Delantero;2021;2022;2857;6.851351;74.24;68.1;MEDIO;MEDIO;MEDIO;MEDIO;0.2107;0.4696;0.3197;RandomForest
47264;Hugo Duro;532;Delantero;2021;2022;1856;7.0;64.73;45.55;BAJO;BAJO;BAJO;BAJO;0.5403;0.2836;0.1761;RandomForest
47265;Jorge Molina;715;Delantero;2021;2022;1957;6.942857;72.9;;;MEDIO;MEDIO;MEDIO;0.2372;0.4672;0.2956;RandomForest
47266;Ángel Rodríguez;798;Delantero;2021;2022;1551;6.637931;53.1;34.53;;BAJO;BAJO;BAJO;0.4658;0.4386;0.0956;RandomForest
47294;Iñaki Williams;531;Delantero;2021;2022;2787;6.8999999999999995;74.16;79.64;ALTO;ALTO;MEDIO;BAJO;0.1782;0.3102;0.5116;RandomForest
47308;Näis Djouahra;548;Delantero;2021;2022;214;6.542857;37.7;;;BAJO;BAJO;MEDIO;0.5442;0.3084;0.1473;RandomForest
47317;Ander Barrenetxea;548;Delantero;2021;2022;547;6.68;63.4;64.71;MEDIO;BAJO;MEDIO;MEDIO;0.4203;0.4121;0.1675;RandomForest
47318;Jon Bautista;548;Delantero;2021;2022;44;7.0;51.49;;;BAJO;BAJO;BAJO;0.5749;0.2961;0.1289;RandomForest
47319;Willian José;543;Delantero;2021;2022;1608;6.843333;64.57;45.62;BAJO;BAJO;MEDIO;BAJO;0.4391;0.4162;0.1447;RandomForest
47320;Juanmi;543;Delantero;2021;2022;2148;7.00303;79.47;47.41;BAJO;MEDIO;MEDIO;BAJO;0.3483;0.3607;0.291;RandomForest
47323;Mikel Oyarzabal;548;Delantero;2021;2022;1673;7.045454000000001;83.23;53.72;BAJO;ALTO;ALTO;BAJO;0.2057;0.2663;0.528;RandomForest
47324;Sandro Ramírez;546;Delantero;2021;2022;1470;6.637037;51.88;;;BAJO;BAJO;BAJO;0.4853;0.4025;0.1122;RandomForest
47348;Borja Iglesias;543;Delantero;2021;2022;1573;6.81875;60.7;70.72;MEDIO;MEDIO;MEDIO;MEDIO;0.3968;0.4903;0.113;RandomForest
47349;Javi Puado;540;Delantero;2021;2022;2257;6.646666;60.76;64.29;MEDIO;MEDIO;MEDIO;MEDIO;0.3539;0.5005;0.1457;RandomForest
47350;Wu Lei;540;Delantero;2021;2022;457;6.442857;33.08;;;BAJO;BAJO;BAJO;0.6373;0.2529;0.1098;RandomForest
47371;John Guidetti;542;Delantero;2021;2022;273;6.55;36.53;;;BAJO;BAJO;MEDIO;0.6125;0.2519;0.1356;RandomForest
47396;Kike García;727;Delantero;2021;2022;1858;6.684848;60.24;53.87;BAJO;BAJO;MEDIO;BAJO;0.4477;0.4081;0.1442;RandomForest
47421;Guido Carrillo;797;Delantero;2021;2022;1157;6.682142;54.47;;;BAJO;BAJO;BAJO;0.5582;0.3448;0.097;RandomForest
47422;Youssef En-Nesyri;536;Delantero;2021;2022;1281;6.756521;59.05;61.25;BAJO;BAJO;BAJO;BAJO;0.6286;0.2852;0.0862;RandomForest
47445;Iago Aspas;538;Delantero;2021;2022;3094;7.327027;84.85;81.27;ALTO;ALTO;ALTO;ALTO;0.0065;0.0312;0.9623;RandomForest
47467;José Luis Morales;539;Delantero;2021;2022;2725;6.917142;78.79;52.72;BAJO;ALTO;ALTO;BAJO;0.2794;0.2847;0.4359;RandomForest
47471;Roger Martí;539;Delantero;2021;2022;2124;6.724137;65.29;44.91;BAJO;BAJO;MEDIO;BAJO;0.4513;0.3971;0.1516;RandomForest
47472;Borja Mayoral;546;Delantero;2021;2022;1046;6.894444;73.87;57.17;BAJO;BAJO;BAJO;MEDIO;0.4556;0.3705;0.1739;RandomForest
47494;Miguel de la Fuente;542;Delantero;2021;2022;826;6.513636;39.47;;;BAJO;BAJO;MEDIO;0.6433;0.2842;0.0725;RandomForest
47495;Sergi Guardiola;728;Delantero;2021;2022;1715;6.715625;60.51;62.22;MEDIO;MEDIO;BAJO;MEDIO;0.3419;0.5336;0.1246;RandomForest
47499;Enes Ünal;546;Delantero;2021;2022;2811;6.9810810000000005;80.93;84.74;ALTO;ALTO;ALTO;ALTO;0.1021;0.3026;0.5953;RandomForest
47520;Portu;548;Delantero;2021;2022;1587;6.613513000000001;49.33;52.18;BAJO;BAJO;BAJO;BAJO;0.5041;0.3792;0.1167;RandomForest
47525;Anthony Lozano;724;Delantero;2021;2022;1679;6.809677;66.41;50.26;BAJO;BAJO;MEDIO;BAJO;0.529;0.3449;0.126;RandomForest
47551;Raúl de Tomás;540;Delantero;2021;2022;2927;7.1000000000000005;82.46;69.49;MEDIO;MEDIO;ALTO;MEDIO;0.1;0.5344;0.3657;RandomForest
47553;Bebé;728;Delantero;2021;2022;850;6.703448;56.17;26.13;;BAJO;BAJO;MEDIO;0.4522;0.4159;0.1319;RandomForest
47554;Adrián Embarba;540;Delantero;2021;2022;1997;6.834375;73.15;68.58;MEDIO;MEDIO;MEDIO;MEDIO;0.2206;0.5112;0.2682;RandomForest
47556;Sergio Moreno;728;Delantero;2021;2022;0;;19.2;;;BAJO;BAJO;MEDIO;0.6339;0.2481;0.1179;RandomForest
47579;Chimy Ávila;727;Delantero;2021;2022;1875;6.836111;69.35;72.42;MEDIO;MEDIO;MEDIO;BAJO;0.345;0.485;0.17;RandomForest
50048;Vedat Muriqi;798;Delantero;2021;2022;1439;7.237499999999999;82.77;80.1;ALTO;ALTO;ALTO;ALTO;0.0944;0.2814;0.6242;RandomForest
50502;Álvaro Negredo;724;Delantero;2021;2022;2156;6.979411;76.21;58.34;BAJO;MEDIO;MEDIO;MEDIO;0.3629;0.3828;0.2544;RandomForest
51756;Matías Arezo;715;Delantero;2021;2022;156;6.525;39.24;;;BAJO;BAJO;MEDIO;0.5858;0.275;0.1392;RandomForest
66761;Milutin Osmajić;724;Delantero;2021;2022;251;6.49;28.31;;;BAJO;BAJO;BAJO;0.6065;0.2696;0.1239;RandomForest
80166;Thiago Galhardo;538;Delantero;2021;2022;1130;6.68;54.87;;;BAJO;BAJO;BAJO;0.5265;0.3778;0.0957;RandomForest
104793;Amath Ndiaye;798;Delantero;2021;2022;883;6.48421;45.05;44.53;BAJO;BAJO;BAJO;MEDIO;0.6316;0.2851;0.0832;RandomForest
104835;Darío Poveda;546;Delantero;2021;2022;370;6.56923;42.96;;;BAJO;BAJO;BAJO;0.6098;0.2734;0.1168;RandomForest
104853;Asier Villalibre;531;Delantero;2021;2022;536;6.55;44.71;26.2;;BAJO;BAJO;BAJO;0.6184;0.2872;0.0944;RandomForest
119213;Alfon González;538;Delantero;2021;2022;0;;19.2;;;BAJO;BAJO;MEDIO;0.6339;0.2481;0.1179;RandomForest
119232;Dani Gómez;539;Delantero;2021;2022;1059;6.548148;46.29;23.67;;BAJO;BAJO;BAJO;0.5741;0.3479;0.078;RandomForest
122233;Marcos André;532;Delantero;2021;2022;958;6.678571;56.31;45.06;;BAJO;BAJO;MEDIO;0.4964;0.3965;0.1071;RandomForest
122734;Ferran Jutglà;529;Delantero;2021;2022;302;6.78;54.33;;;BAJO;BAJO;MEDIO;0.519;0.3167;0.1643;RandomForest
128582;Jorge de Frutos;539;Delantero;2021;2022;1766;6.712;69.97;;;MEDIO;MEDIO;MEDIO;0.207;0.5121;0.2809;RandomForest
131294;Yusuf Demir;529;Delantero;2021;2022;190;6.516666;32.43;;;BAJO;BAJO;BAJO;0.5832;0.2783;0.1385;RandomForest
135775;Ansu Fati;529;Delantero;2021;2022;332;6.93;66.24;64.7;MEDIO;MEDIO;BAJO;MEDIO;0.3469;0.4829;0.1701;RandomForest
146751;Raúl García de Haro;543;Delantero;2021;2022;0;;19.2;;;BAJO;BAJO;MEDIO;0.6331;0.248;0.1188;RandomForest
161963;Germán Valera;548;Delantero;2021;2022;49;6.366666;24.35;;;BAJO;BAJO;BAJO;0.6487;0.2421;0.1092;RandomForest
161964;Marc Tenas;542;Delantero;2021;2022;51;6.466666;23.94;;;BAJO;BAJO;MEDIO;0.6739;0.2225;0.1036;RandomForest
162028;Juanmi Latasa;541;Delantero;2021;2022;9;6.7;31.34;54.82;;BAJO;BAJO;MEDIO;0.5762;0.2676;0.1562;RandomForest
162053;Nikita Iosifov;533;Delantero;2021;2022;0;;27.88;;;BAJO;BAJO;MEDIO;0.6115;0.2604;0.1281;RandomForest
162127;Diego López;532;Delantero;2021;2022;0;;19.2;70.24;MEDIO;BAJO;BAJO;MEDIO;0.6339;0.2481;0.1179;RandomForest
181421;Abdessamad Ezzalzouli;529;Delantero;2021;2022;581;6.9;78.18;69.34;MEDIO;MEDIO;MEDIO;MEDIO;0.2122;0.5247;0.2631;RandomForest
182167;Adrián Butzke;715;Delantero;2021;2022;0;;19.2;;;BAJO;BAJO;MEDIO;0.6331;0.248;0.1188;RandomForest
182556;Alan Godoy;542;Delantero;2021;2022;0;;19.2;;;BAJO;BAJO;MEDIO;0.6339;0.2481;0.1179;RandomForest
182563;Jon Morcillo;531;Delantero;2021;2022;47;6.44;24.23;37.84;;BAJO;BAJO;BAJO;0.6984;0.2042;0.0973;RandomForest
182588;Juan Artola;531;Delantero;2021;2022;0;;19.2;;;BAJO;BAJO;MEDIO;0.6339;0.2481;0.1179;RandomForest
182602;Julen Lobete;548;Delantero;2021;2022;276;6.677777;45.67;;;BAJO;BAJO;BAJO;0.555;0.3077;0.1373;RandomForest
182674;Jofre Carreras;540;Delantero;2021;2022;17;7.4;59.28;;;BAJO;BAJO;MEDIO;0.4737;0.3179;0.2084;RandomForest
182695;Pau Martínez;727;Delantero;2021;2022;0;;19.2;;;BAJO;BAJO;MEDIO;0.6339;0.2481;0.1179;RandomForest
182757;Ivan Chapela;724;Delantero;2021;2022;398;6.511111;34.13;;;BAJO;BAJO;MEDIO;0.5898;0.2828;0.1274;RandomForest
183706;Ander Martín;548;Delantero;2021;2022;85;6.54;36.27;32.79;;BAJO;BAJO;ALTO;0.6275;0.2503;0.1222;RandomForest
183748;Jon Karrikaburu;548;Delantero;2021;2022;0;;19.2;30.0;;BAJO;BAJO;MEDIO;0.6339;0.2481;0.1179;RandomForest
183799;Nico Williams;531;Delantero;2021;2022;1324;6.566666;52.48;77.09;ALTO;MEDIO;BAJO;MEDIO;0.3904;0.4124;0.1972;RandomForest
184193;Juan Carlos Arana;533;Delantero;2021;2022;0;;19.2;;;BAJO;BAJO;MEDIO;0.6339;0.2481;0.1179;RandomForest
184277;Fernando Niño;798;Delantero;2021;2022;877;6.690476000000001;55.28;21.78;;MEDIO;MEDIO;MEDIO;0.4272;0.4423;0.1305;RandomForest
188445;Luismi Cruz;536;Delantero;2021;2022;11;6.7;34.56;;;BAJO;BAJO;MEDIO;0.6296;0.2521;0.1183;RandomForest
188617;Pablo Gálvez;798;Delantero;2021;2022;0;;19.2;;;BAJO;BAJO;MEDIO;0.6339;0.2481;0.1179;RandomForest
192032;Iván Romero;536;Delantero;2021;2022;177;6.375;28.15;16.79;;BAJO;BAJO;BAJO;0.6472;0.2395;0.1133;RandomForest
197800;Unai Ropero;542;Delantero;2021;2022;11;6.2;18.5;;;BAJO;BAJO;BAJO;0.627;0.251;0.122;RandomForest
198656;Omar Faraj;539;Delantero;2021;2022;3;6.2;16.67;;;BAJO;BAJO;BAJO;0.6379;0.2423;0.1198;RandomForest
203014;Matthew Hoppe;798;Delantero;2021;2022;129;6.375;24.38;;;BAJO;BAJO;BAJO;0.6552;0.2175;0.1273;RandomForest
208670;Diego Bri;797;Delantero;2021;2022;0;;19.2;19.05;;BAJO;BAJO;MEDIO;0.6339;0.2481;0.1179;RandomForest
215810;Giorgi Gagua;542;Delantero;2021;2022;0;;19.2;;;BAJO;BAJO;MEDIO;0.6339;0.2481;0.1179;RandomForest
270516;Peter González;541;Delantero;2021;2022;24;6.633333;38.56;;;BAJO;BAJO;MEDIO;0.6197;0.2562;0.1242;RandomForest
283058;Nicolas Jackson;533;Delantero;2021;2022;156;6.7375;55.06;77.47;ALTO;BAJO;BAJO;BAJO;0.509;0.2931;0.1979;RandomForest
285356;Pedro Alberto Benito;724;Delantero;2021;2022;30;6.3;15.68;;;BAJO;BAJO;BAJO;0.6446;0.2352;0.1202;RandomForest
286593;Nico Serrano;531;Delantero;2021;2022;308;6.642857;43.67;;;BAJO;BAJO;BAJO;0.5643;0.3104;0.1253;RandomForest
286639;Bryan Zaragoza;715;Delantero;2021;2022;0;;19.2;;;BAJO;BAJO;MEDIO;0.6339;0.2481;0.1179;RandomForest
288800;Iker Benito;727;Delantero;2021;2022;116;6.5;33.17;43.39;;BAJO;BAJO;MEDIO;0.6238;0.249;0.1272;RandomForest
290740;Ilias Akhomach;529;Delantero;2021;2022;125;7.3;63.76;;;BAJO;BAJO;MEDIO;0.4663;0.3094;0.2243;RandomForest
293604;Javi Llabrés;798;Delantero;2021;2022;129;6.5;35.48;16.06;;BAJO;BAJO;MEDIO;0.5665;0.2725;0.161;RandomForest
311745;José Luis Friaza;797;Delantero;2021;2022;0;;19.2;;;BAJO;BAJO;MEDIO;0.6339;0.2481;0.1179;RandomForest
313026;Luis Bilbao;531;Delantero;2021;2022;0;;19.2;;;BAJO;BAJO;MEDIO;0.6339;0.2481;0.1179;RandomForest
323935;Giuliano Simeone;530;Delantero;2021;2022;0;;27.97;;;BAJO;BAJO;MEDIO;0.6053;0.2651;0.1296;RandomForest
324750;Carlos Martín;530;Delantero;2021;2022;5;6.7;34.8;33.12;;BAJO;BAJO;MEDIO;0.6556;0.239;0.1054;RandomForest
336555;Estanis Pedrola;529;Delantero;2021;2022;10;6.2;16.64;19.05;;BAJO;BAJO;BAJO;0.6301;0.2477;0.1222;RandomForest
359603;Luca Koleosho;540;Delantero;2021;2022;0;;23.22;44.0;;BAJO;BAJO;MEDIO;0.6151;0.2534;0.1315;RandomForest
364414;Mario Dominguez;532;Delantero;2021;2022;23;6.3;15.6;19.05;;BAJO;BAJO;BAJO;0.6057;0.2595;0.1348;RandomForest
15;Thomas Delaney;536;Mediocentro;2021;2022;1544;6.880769;74.03;42.71;;MEDIO;MEDIO;BAJO;0.2927;0.3746;0.3327;RandomForest
45;Thomas Lemar;530;Mediocentro;2021;2022;1445;6.908333;79.62;71.5;MEDIO;MEDIO;ALTO;MEDIO;0.1558;0.4229;0.4213;RandomForest
46;Vitolo;546;Mediocentro;2021;2022;216;6.4714279999999995;30.99;;;BAJO;BAJO;BAJO;0.607;0.2681;0.1249;RandomForest
47;Toni Moya;542;Mediocentro;2021;2022;1386;6.677777;54.05;;;BAJO;BAJO;BAJO;0.4792;0.3597;0.1611;RandomForest
48;Saúl Ñíguez;530;Mediocentro;2021;2022;200;7.233333;61.2;67.26;MEDIO;BAJO;BAJO;MEDIO;0.4271;0.3931;0.1798;RandomForest
50;Koke;530;Mediocentro;2021;2022;2512;6.819354000000001;72.79;75.14;MEDIO;MEDIO;ALTO;MEDIO;0.2711;0.4742;0.2547;RandomForest
137;Sergi Roberto;529;Mediocentro;2021;2022;398;6.877777;68.62;69.78;MEDIO;MEDIO;BAJO;MEDIO;0.3822;0.4375;0.1803;RandomForest
142;Rafinha Alcântara;548;Mediocentro;2021;2022;1059;6.923529;80.9;;;ALTO;ALTO;ALTO;0.1842;0.3881;0.4277;RandomForest
143;Carles Aleñá;546;Mediocentro;2021;2022;2343;6.63125;54.39;49.77;BAJO;BAJO;BAJO;BAJO;0.4794;0.3778;0.1427;RandomForest
144;Sergio Busquets;529;Mediocentro;2021;2022;3202;7.266666;88.89;84.17;ALTO;ALTO;ALTO;ALTO;0.0287;0.0851;0.8863;RandomForest
146;Alex Collado;715;Mediocentro;2021;2022;1026;6.717647;65.33;70.66;MEDIO;MEDIO;MEDIO;MEDIO;0.3234;0.482;0.1946;RandomForest
147;Philippe Coutinho;529;Mediocentro;2021;2022;499;6.733333;59.26;;;BAJO;BAJO;MEDIO;0.5331;0.3599;0.1069;RandomForest
148;Riqui Puig;529;Mediocentro;2021;2022;473;6.593333;39.15;;;BAJO;BAJO;MEDIO;0.5576;0.3171;0.1253;RandomForest
149;Ivan Rakitić;536;Mediocentro;2021;2022;2186;7.091428;81.14;69.78;MEDIO;MEDIO;ALTO;MEDIO;0.1079;0.465;0.4271;RandomForest
176;Erik Lamela;536;Mediocentro;2021;2022;1012;7.035;82.11;65.81;MEDIO;MEDIO;MEDIO;MEDIO;0.1478;0.5235;0.3287;RandomForest
382;Héctor Herrera;530;Mediocentro;2021;2022;851;6.8;63.2;;;BAJO;BAJO;MEDIO;0.4552;0.3701;0.1747;RandomForest
384;Mamadou Loum;542;Mediocentro;2021;2022;2316;6.76875;70.3;;;MEDIO;MEDIO;MEDIO;0.2381;0.4591;0.3028;RandomForest
385;Óliver Torres;536;Mediocentro;2021;2022;1004;6.688;57.23;63.09;MEDIO;MEDIO;BAJO;MEDIO;0.4066;0.4357;0.1577;RandomForest
389;Jesús Corona;536;Mediocentro;2021;2022;1160;6.805555;71.64;39.53;;ALTO;ALTO;MEDIO;0.2125;0.3471;0.4404;RandomForest
414;Omar Mascarell;797;Mediocentro;2021;2022;2504;6.778124999999999;65.1;79.06;ALTO;MEDIO;BAJO;BAJO;0.3106;0.3668;0.3226;RandomForest
452;Fernando;536;Mediocentro;2021;2022;1851;6.8625;71.01;65.78;MEDIO;MEDIO;MEDIO;MEDIO;0.3171;0.4424;0.2404;RandomForest
538;Frenkie de Jong;529;Mediocentro;2021;2022;2486;7.134375;86.96;88.02;ALTO;ALTO;ALTO;ALTO;0.0305;0.0936;0.876;RandomForest
570;Franco Cervi;538;Mediocentro;2021;2022;1808;6.842424;73.81;73.03;MEDIO;MEDIO;MEDIO;BAJO;0.301;0.4478;0.2512;RandomForest
575;Florentino Luís;546;Mediocentro;2021;2022;983;6.757894;57.29;;;BAJO;BAJO;BAJO;0.5814;0.2984;0.1202;RandomForest
634;David Silva;548;Mediocentro;2021;2022;1734;7.0920000000000005;84.11;82.79;ALTO;ALTO;ALTO;ALTO;0.0636;0.1727;0.7638;RandomForest
669;Yassin Fekir;543;Mediocentro;2021;2022;0;;19.2;;;BAJO;BAJO;BAJO;0.6515;0.2312;0.1173;RandomForest
745;Isco;541;Mediocentro;2021;2022;323;6.925000000000001;67.41;73.66;MEDIO;MEDIO;MEDIO;MEDIO;0.3176;0.4931;0.1893;RandomForest
747;Casemiro;541;Mediocentro;2021;2022;2576;7.375;89.18;16.3;;ALTO;ALTO;ALTO;0.0439;0.1008;0.8553;RandomForest
748;Dani Ceballos;541;Mediocentro;2021;2022;267;6.74;55.2;81.19;ALTO;BAJO;BAJO;MEDIO;0.5086;0.286;0.2055;RandomForest
751;Jaume Grau;727;Mediocentro;2021;2022;2;0.0;17.96;;;BAJO;BAJO;ALTO;0.6282;0.234;0.1378;RandomForest
752;Toni Kroos;541;Mediocentro;2021;2022;2110;7.385714;84.2;84.77;ALTO;ALTO;ALTO;ALTO;0.019;0.1169;0.8641;RandomForest
753;Marcos Llorente;530;Mediocentro;2021;2022;2456;6.889654999999999;76.1;79.57;ALTO;ALTO;MEDIO;BAJO;0.2405;0.3348;0.4247;RandomForest
754;Luka Modrić;541;Mediocentro;2021;2022;2049;7.153571;84.15;74.64;MEDIO;ALTO;ALTO;MEDIO;0.0386;0.2568;0.7046;RandomForest
756;Federico Valverde;541;Mediocentro;2021;2022;1831;6.91;77.51;87.39;ALTO;ALTO;ALTO;ALTO;0.2037;0.3168;0.4795;RandomForest
781;Javier Pastore;797;Mediocentro;2021;2022;524;6.676923;46.83;17.61;;BAJO;BAJO;BAJO;0.5516;0.328;0.1204;RandomForest
872;Miralem Pjanić;529;Mediocentro;2021;2022;0;;19.2;19.05;;BAJO;BAJO;BAJO;0.6515;0.2312;0.1173;RandomForest
919;Hugo Guillamón;532;Mediocentro;2021;2022;2370;6.641935;57.57;57.65;BAJO;BAJO;BAJO;BAJO;0.4349;0.3358;0.2293;RandomForest
923;Denis Cheryshev;532;Mediocentro;2021;2022;556;6.61875;43.14;;;BAJO;BAJO;BAJO;0.6095;0.2855;0.105;RandomForest
924;Francis Coquelin;533;Mediocentro;2021;2022;825;6.85;74.5;54.48;BAJO;BAJO;MEDIO;MEDIO;0.3734;0.3728;0.2538;RandomForest
926;Geoffrey Kondogbia;530;Mediocentro;2021;2022;1883;7.010714;82.72;67.68;MEDIO;MEDIO;ALTO;MEDIO;0.1356;0.4756;0.3887;RandomForest
927;Kang-in Lee;798;Mediocentro;2021;2022;1408;6.651724000000001;57.11;86.62;ALTO;ALTO;ALTO;ALTO;0.2268;0.3429;0.4303;RandomForest
928;Dani Parejo;533;Mediocentro;2021;2022;2712;7.415150999999999;87.97;90.06;ALTO;ALTO;ALTO;ALTO;0.01;0.0318;0.9582;RandomForest
930;Carlos Soler;532;Mediocentro;2021;2022;2483;7.140625;84.65;61.96;;ALTO;ALTO;MEDIO;0.0568;0.214;0.7292;RandomForest
932;Daniel Wass;532;Mediocentro;2021;2022;1636;6.699999999999999;52.21;;;BAJO;BAJO;BAJO;0.6188;0.259;0.1222;RandomForest
1461;Denis Suárez;538;Mediocentro;2021;2022;2835;7.010526;82.9;54.53;BAJO;ALTO;ALTO;BAJO;0.189;0.2585;0.5524;RandomForest
1484;Rodrigo Battaglia;798;Mediocentro;2021;2022;1172;6.591666;45.0;34.44;BAJO;BAJO;BAJO;BAJO;0.6324;0.2647;0.1029;RandomForest
1489;Nemanja Gudelj;536;Mediocentro;2021;2022;1038;6.85;58.91;74.79;MEDIO;BAJO;BAJO;BAJO;0.5024;0.3609;0.1367;RandomForest
1568;Paul Akouokou;543;Mediocentro;2021;2022;518;6.8875;58.32;50.89;;BAJO;BAJO;MEDIO;0.4404;0.3933;0.1664;RandomForest
1570;Sergio Canales;543;Mediocentro;2021;2022;2803;7.132352;82.47;79.97;ALTO;ALTO;ALTO;ALTO;0.0152;0.0826;0.9022;RandomForest
1573;Andrés Guardado;543;Mediocentro;2021;2022;1393;6.74074;57.29;61.08;MEDIO;BAJO;BAJO;MEDIO;0.4517;0.3979;0.1504;RandomForest
1577;Diego Lainez;543;Mediocentro;2021;2022;135;6.433333;30.72;;;BAJO;BAJO;BAJO;0.6127;0.239;0.1483;RandomForest
1578;Giovani Lo Celso;533;Mediocentro;2021;2022;997;7.075;85.95;84.38;ALTO;ALTO;ALTO;MEDIO;0.0644;0.2932;0.6425;RandomForest
1579;Joaquín;543;Mediocentro;2021;2022;454;6.71;52.84;55.67;BAJO;BAJO;BAJO;MEDIO;0.5668;0.3074;0.1258;RandomForest
1580;William Carvalho;543;Mediocentro;2021;2022;1804;6.93125;81.55;78.53;ALTO;ALTO;ALTO;ALTO;0.1255;0.2653;0.6092;RandomForest
1582;Rober González;543;Mediocentro;2021;2022;132;6.675;39.78;39.08;;BAJO;BAJO;BAJO;0.5865;0.2812;0.1323;RandomForest
1650;Suso;536;Mediocentro;2021;2022;389;6.712500000000001;53.58;73.9;MEDIO;BAJO;BAJO;MEDIO;0.448;0.4044;0.1476;RandomForest
1699;Vicente Iborra;533;Mediocentro;2021;2022;1030;6.629411;42.21;;;BAJO;BAJO;BAJO;0.587;0.309;0.104;RandomForest
1700;Iván Martín;542;Mediocentro;2021;2022;165;6.2;21.09;55.93;BAJO;BAJO;BAJO;BAJO;0.6629;0.2163;0.1208;RandomForest
1701;Manu Morlanes;540;Mediocentro;2021;2022;1168;6.659259;55.68;61.03;MEDIO;MEDIO;MEDIO;MEDIO;0.3775;0.4633;0.1593;RandomForest
1705;Manu Trigueros;533;Mediocentro;2021;2022;2191;6.805714;70.22;38.6;BAJO;BAJO;MEDIO;BAJO;0.4071;0.3333;0.2596;RandomForest
1825;Lucas Torró;727;Mediocentro;2021;2022;2734;6.933333;81.21;68.86;MEDIO;MEDIO;ALTO;MEDIO;0.1277;0.475;0.3973;RandomForest
1911;Lucas Ocampos;536;Mediocentro;2021;2022;2126;6.783333;72.21;66.7;;MEDIO;MEDIO;MEDIO;0.2691;0.4112;0.3197;RandomForest
2051;Maxime Gonalons;715;Mediocentro;2021;2022;1555;6.8;70.0;;;MEDIO;MEDIO;BAJO;0.2858;0.44;0.2743;RandomForest
2207;Eduardo Camavinga;541;Mediocentro;2021;2022;1230;6.973076000000001;78.78;75.53;MEDIO;MEDIO;ALTO;MEDIO;0.1977;0.4443;0.3581;RandomForest
2208;Clément Grenier;798;Mediocentro;2021;2022;55;6.625;34.4;45.93;BAJO;BAJO;BAJO;ALTO;0.6545;0.2262;0.1192;RandomForest
2433;Renato Tapia;538;Mediocentro;2021;2022;1404;6.682142;55.45;55.73;BAJO;BAJO;BAJO;BAJO;0.5085;0.3361;0.1554;RandomForest
2449;Yangel Herrera;540;Mediocentro;2021;2022;1648;6.647826;61.53;66.81;MEDIO;MEDIO;MEDIO;MEDIO;0.283;0.4907;0.2263;RandomForest
2472;Rodrigo de Paul;530;Mediocentro;2021;2022;2154;7.074285;84.94;83.44;ALTO;ALTO;ALTO;ALTO;0.0487;0.1265;0.8248;RandomForest
2474;Iván Marcone;797;Mediocentro;2021;2022;806;6.655;44.83;;;BAJO;BAJO;MEDIO;0.5989;0.2808;0.1203;RandomForest
2476;Guido Rodríguez;543;Mediocentro;2021;2022;2532;7.051612;84.64;85.1;ALTO;ALTO;ALTO;ALTO;0.066;0.1718;0.7621;RandomForest
2824;Nemanja Maksimović;546;Mediocentro;2021;2022;2943;6.888571;74.59;60.53;MEDIO;MEDIO;MEDIO;MEDIO;0.2126;0.5409;0.2464;RandomForest
2923;Yannick Carrasco;530;Mediocentro;2021;2022;2591;7.094117;87.43;75.1;MEDIO;ALTO;ALTO;MEDIO;0.057;0.3163;0.6267;RandomForest
2924;Adnan Januzaj;548;Mediocentro;2021;2022;1625;6.8060599999999996;72.65;40.17;;MEDIO;MEDIO;ALTO;0.2603;0.4424;0.2973;RandomForest
5921;Augusto Solari;538;Mediocentro;2021;2022;697;6.5086949999999995;37.12;29.72;;BAJO;BAJO;MEDIO;0.5779;0.3218;0.1002;RandomForest
11471;Tomás Alarcón;724;Mediocentro;2021;2022;1425;6.752173000000001;59.01;31.4;;BAJO;BAJO;BAJO;0.4881;0.3622;0.1498;RandomForest
18802;Étienne Capoue;533;Mediocentro;2021;2022;2297;7.03;82.07;74.28;MEDIO;ALTO;ALTO;MEDIO;0.1234;0.4207;0.4559;RandomForest
18998;Víctor Camarasa;543;Mediocentro;2021;2022;101;6.616666;32.46;;;BAJO;BAJO;BAJO;0.5811;0.2826;0.1363;RandomForest
22146;Manu García;542;Mediocentro;2021;2022;1072;6.8;63.06;;;BAJO;BAJO;BAJO;0.4191;0.3875;0.1934;RandomForest
30433;Papu Gómez;536;Mediocentro;2021;2022;1788;6.882758;75.36;66.59;MEDIO;MEDIO;MEDIO;MEDIO;0.2353;0.4905;0.2742;RandomForest
30453;Jakub Jankto;546;Mediocentro;2021;2022;583;6.542857;35.98;;;BAJO;BAJO;BAJO;0.5814;0.2993;0.1193;RandomForest
35576;Orbelín Pineda;538;Mediocentro;2021;2022;94;6.700000000000001;42.8;;;BAJO;BAJO;ALTO;0.5572;0.2886;0.1543;RandomForest
37157;Tonny Vilhena;540;Mediocentro;2021;2022;936;6.658823;57.39;;;BAJO;BAJO;BAJO;0.5045;0.3554;0.1402;RandomForest
41552;Pathé Ismaël Ciss;728;Mediocentro;2021;2022;1086;6.766666;62.13;50.18;BAJO;BAJO;BAJO;BAJO;0.5605;0.32;0.1196;RandomForest
46090;Njegoš Petrović;715;Mediocentro;2021;2022;918;6.673333;58.4;;;BAJO;BAJO;ALTO;0.4594;0.356;0.1846;RandomForest
46658;Rubén García;727;Mediocentro;2021;2022;2398;6.954053999999999;78.7;59.89;BAJO;ALTO;MEDIO;BAJO;0.2277;0.3214;0.4509;RandomForest
46659;Robert Ibáñez;727;Mediocentro;2021;2022;91;6.6499999999999995;37.98;;;BAJO;BAJO;BAJO;0.5924;0.2695;0.138;RandomForest
46660;Javi Martínez;727;Mediocentro;2021;2022;869;6.565384;42.9;19.05;;BAJO;BAJO;MEDIO;0.5664;0.3152;0.1184;RandomForest
46661;Fran Mérida;540;Mediocentro;2021;2022;262;6.577777;36.0;;;BAJO;BAJO;BAJO;0.5351;0.3117;0.1532;RandomForest
46662;Jon Moncayola;727;Mediocentro;2021;2022;2923;6.897221999999999;75.09;65.37;MEDIO;MEDIO;MEDIO;MEDIO;0.2662;0.4268;0.307;RandomForest
46665;Iñigo Pérez;727;Mediocentro;2021;2022;334;6.711111;42.5;;;BAJO;BAJO;ALTO;0.5884;0.2636;0.1481;RandomForest
46666;Roberto Torres;727;Mediocentro;2021;2022;798;6.753846000000001;54.61;35.93;;BAJO;BAJO;MEDIO;0.4886;0.369;0.1424;RandomForest
46687;Ángel Montoro;715;Mediocentro;2021;2022;1328;6.7;54.53;;;BAJO;MEDIO;MEDIO;0.4211;0.4055;0.1734;RandomForest
46688;Alejandro Pozo;536;Mediocentro;2021;2022;0;;19.2;55.25;BAJO;BAJO;BAJO;BAJO;0.6515;0.2312;0.1173;RandomForest
46689;Antonio Puertas;715;Mediocentro;2021;2022;2270;6.642424;57.6;;;MEDIO;BAJO;MEDIO;0.3899;0.4426;0.1675;RandomForest
46691;Fede San Emeterio;724;Mediocentro;2021;2022;836;6.716666;51.01;45.77;BAJO;BAJO;BAJO;BAJO;0.6035;0.2844;0.1121;RandomForest
46692;Álvaro Vadillo;540;Mediocentro;2021;2022;4;6.8;41.31;;;BAJO;BAJO;BAJO;0.6387;0.237;0.1243;RandomForest
46711;Aleix Febas;798;Mediocentro;2021;2022;115;6.45;26.87;;;BAJO;BAJO;BAJO;0.6156;0.2501;0.1343;RandomForest
46714;Mickaël Malsa;539;Mediocentro;2021;2022;1134;6.684;55.52;23.8;;BAJO;BAJO;BAJO;0.5081;0.3583;0.1337;RandomForest
46739;Iddrisu Baba;798;Mediocentro;2021;2022;1944;6.796153;71.91;49.61;BAJO;MEDIO;MEDIO;BAJO;0.3267;0.4086;0.2647;RandomForest
46742;Dani Rodríguez;798;Mediocentro;2021;2022;2841;6.775;74.3;69.76;MEDIO;MEDIO;ALTO;MEDIO;0.1437;0.4794;0.3769;RandomForest
46743;Salva Sevilla;798;Mediocentro;2021;2022;1510;6.992857;72.08;;;MEDIO;BAJO;BAJO;0.2444;0.4456;0.31;RandomForest
46749;Lago Júnior;798;Mediocentro;2021;2022;173;6.35;31.03;29.4;;BAJO;BAJO;BAJO;0.6054;0.2692;0.1254;RandomForest
46769;Álex Fernández;724;Mediocentro;2021;2022;2049;6.78125;66.05;53.26;BAJO;BAJO;BAJO;BAJO;0.412;0.3758;0.2122;RandomForest
46772;José Mari;724;Mediocentro;2021;2022;384;6.763636000000001;54.88;42.52;;BAJO;BAJO;MEDIO;0.5765;0.2916;0.1319;RandomForest
46775;Salvi Sánchez;724;Mediocentro;2021;2022;1401;6.604347;48.32;34.64;BAJO;BAJO;BAJO;BAJO;0.6614;0.2641;0.0745;RandomForest
46824;Iván Alejo;724;Mediocentro;2021;2022;1067;6.58;52.02;47.54;BAJO;BAJO;BAJO;BAJO;0.5668;0.3236;0.1096;RandomForest
46825;Keidi Bare;540;Mediocentro;2021;2022;1486;6.728;60.47;46.58;BAJO;BAJO;BAJO;BAJO;0.5456;0.3198;0.1346;RandomForest
46832;Javier Ontiveros;727;Mediocentro;2021;2022;36;6.133333;25.37;;;BAJO;BAJO;BAJO;0.6785;0.2119;0.1096;RandomForest
46920;Yan Eteki;715;Mediocentro;2021;2022;336;6.341665999999999;26.07;;;BAJO;BAJO;BAJO;0.643;0.2482;0.1088;RandomForest
46973;Josan;797;Mediocentro;2021;2022;1195;6.713333;61.77;51.92;BAJO;BAJO;BAJO;BAJO;0.4417;0.3953;0.163;RandomForest
46982;Gonzalo Villar;546;Mediocentro;2021;2022;291;6.71;53.36;45.88;;BAJO;BAJO;MEDIO;0.5256;0.3375;0.1369;RandomForest
47007;Iñigo Ruiz de Galarreta;798;Mediocentro;2021;2022;1388;6.904545;78.98;74.83;MEDIO;MEDIO;MEDIO;MEDIO;0.185;0.4934;0.3216;RandomForest
47010;David Timor;546;Mediocentro;2021;2022;339;6.314285;26.66;;;BAJO;BAJO;BAJO;0.6143;0.2527;0.133;RandomForest
47057;Raúl Guti;797;Mediocentro;2021;2022;1624;6.644827;51.63;37.35;BAJO;BAJO;BAJO;BAJO;0.5453;0.3383;0.1164;RandomForest
47063;Alberto Soro;715;Mediocentro;2021;2022;575;6.6625;44.72;;;BAJO;BAJO;ALTO;0.6119;0.2809;0.1072;RandomForest
47085;Luis Milla;715;Mediocentro;2021;2022;2784;7.088235000000001;86.58;78.91;ALTO;ALTO;ALTO;ALTO;0.0484;0.127;0.8246;RandomForest
47087;Uroš Račić;532;Mediocentro;2021;2022;1289;6.642857;49.91;19.05;;BAJO;BAJO;MEDIO;0.5272;0.3498;0.123;RandomForest
47109;Óscar Valentín;728;Mediocentro;2021;2022;2579;6.900000000000001;77.04;63.45;MEDIO;MEDIO;ALTO;MEDIO;0.1817;0.5204;0.298;RandomForest
47258;Mauro Arambarri;546;Mediocentro;2021;2022;2667;7.019353999999999;84.89;66.35;MEDIO;ALTO;ALTO;MEDIO;0.0837;0.396;0.5203;RandomForest
47281;Dani García;531;Mediocentro;2021;2022;2192;6.621875;48.7;55.31;BAJO;BAJO;BAJO;BAJO;0.5282;0.3377;0.1341;RandomForest
47282;Raúl García;531;Mediocentro;2021;2022;1814;6.877142000000001;72.41;52.49;BAJO;MEDIO;MEDIO;MEDIO;0.3634;0.4392;0.1974;RandomForest
47285;Unai López;728;Mediocentro;2021;2022;1154;6.651851;53.86;56.68;BAJO;BAJO;MEDIO;BAJO;0.4786;0.321;0.2004;RandomForest
47286;Peru Nolaskoain Esnal;531;Mediocentro;2021;2022;0;;23.12;19.05;;BAJO;BAJO;BAJO;0.6365;0.2345;0.1291;RandomForest
47306;Álex Sola;548;Mediocentro;2021;2022;39;6.8;45.05;54.33;;BAJO;BAJO;BAJO;0.5967;0.2632;0.1401;RandomForest
47309;Ander Guevara;548;Mediocentro;2021;2022;871;6.752941;49.49;48.42;;BAJO;BAJO;BAJO;0.5801;0.3015;0.1184;RandomForest
47310;Asier Illarramendi;548;Mediocentro;2021;2022;378;6.571428;35.9;59.19;BAJO;BAJO;BAJO;BAJO;0.6027;0.2854;0.112;RandomForest
47311;Mikel Merino;548;Mediocentro;2021;2022;2896;7.032352;87.15;88.35;ALTO;ALTO;ALTO;ALTO;0.0385;0.0847;0.8769;RandomForest
47315;Martín Zubimendi;548;Mediocentro;2021;2022;2583;6.985714;81.61;76.48;ALTO;ALTO;ALTO;ALTO;0.1132;0.2522;0.6346;RandomForest
47322;Martín Merquelanz;728;Mediocentro;2021;2022;176;6.7;41.71;;;BAJO;BAJO;MEDIO;0.498;0.3199;0.1821;RandomForest
47336;Sergi Darder;540;Mediocentro;2021;2022;3136;6.983333;83.57;89.61;ALTO;ALTO;ALTO;ALTO;0.0923;0.2274;0.6803;RandomForest
47339;Óscar Melendo;540;Mediocentro;2021;2022;997;6.719047;53.67;;;BAJO;BAJO;MEDIO;0.4677;0.3792;0.1531;RandomForest
47340;Pablo Piatti;797;Mediocentro;2021;2022;307;6.644444;40.17;;;BAJO;BAJO;BAJO;0.5687;0.2984;0.133;RandomForest
47361;Darko Brašanac;727;Mediocentro;2021;2022;2412;6.6;53.26;53.22;BAJO;BAJO;BAJO;BAJO;0.5347;0.3113;0.1541;RandomForest
47365;Tomás Pina;542;Mediocentro;2021;2022;1443;6.520689;41.24;;;BAJO;BAJO;BAJO;0.6122;0.3005;0.0873;RandomForest
47367;Álex Blanco;532;Mediocentro;2021;2022;0;;19.2;;;BAJO;BAJO;BAJO;0.6515;0.2312;0.1173;RandomForest
47388;Gonzalo Escalante;542;Mediocentro;2021;2022;1307;6.870588000000001;76.96;85.93;ALTO;ALTO;MEDIO;MEDIO;0.2095;0.3388;0.4517;RandomForest
47389;Joan Jordán;536;Mediocentro;2021;2022;2527;6.877776999999999;71.94;58.02;BAJO;BAJO;MEDIO;BAJO;0.4267;0.3273;0.246;RandomForest
47398;Pere Milla;797;Mediocentro;2021;2022;1637;6.6875;57.65;64.58;MEDIO;MEDIO;BAJO;MEDIO;0.3649;0.4958;0.1393;RandomForest
47414;Gerard Gumbau;797;Mediocentro;2021;2022;1889;6.777419;64.51;80.82;ALTO;ALTO;MEDIO;ALTO;0.3061;0.3384;0.3555;RandomForest
47416;Óscar Rodríguez;546;Mediocentro;2021;2022;1356;6.847058;65.49;70.39;MEDIO;MEDIO;MEDIO;MEDIO;0.375;0.4604;0.1646;RandomForest
47418;Mikel Vesga;531;Mediocentro;2021;2022;1356;6.656666;53.05;75.35;MEDIO;BAJO;BAJO;BAJO;0.4688;0.4026;0.1287;RandomForest
47435;Fran Beltrán;538;Mediocentro;2021;2022;2609;6.862162;72.9;66.83;MEDIO;MEDIO;MEDIO;MEDIO;0.3476;0.412;0.2404;RandomForest
47440;Brais Méndez;538;Mediocentro;2021;2022;3035;6.824324;78.06;82.46;ALTO;ALTO;ALTO;ALTO;0.1109;0.2667;0.6224;RandomForest
47441;Nemanja Radoja;539;Mediocentro;2021;2022;1224;6.68421;53.2;;;BAJO;BAJO;BAJO;0.598;0.2897;0.1123;RandomForest
47443;Okay Yokuşlu;546;Mediocentro;2021;2022;594;6.842857000000001;56.63;;;BAJO;BAJO;BAJO;0.5406;0.3067;0.1527;RandomForest
47461;Enis Bardhi;539;Mediocentro;2021;2022;1698;6.773333;70.5;;;MEDIO;MEDIO;MEDIO;0.2248;0.4152;0.3599;RandomForest
47463;Pepelu;539;Mediocentro;2021;2022;2015;6.824137;70.1;;;BAJO;MEDIO;BAJO;0.3761;0.3453;0.2786;RandomForest
47464;José Campaña;539;Mediocentro;2021;2022;1509;6.954999999999999;82.68;;;ALTO;ALTO;ALTO;0.1109;0.3724;0.5166;RandomForest
47468;Ruben Rochina;715;Mediocentro;2021;2022;739;6.85;71.9;;;MEDIO;MEDIO;MEDIO;0.3334;0.4402;0.2264;RandomForest
47469;Nikola Vukčević;539;Mediocentro;2021;2022;112;6.5833330000000005;30.86;;;BAJO;BAJO;BAJO;0.5873;0.271;0.1417;RandomForest
47473;Jason;542;Mediocentro;2021;2022;755;6.6;42.66;;;BAJO;BAJO;MEDIO;0.4997;0.3727;0.1276;RandomForest
47485;Rubén Alcaraz;724;Mediocentro;2021;2022;1105;7.157142;90.0;63.3;MEDIO;ALTO;ALTO;ALTO;0.0743;0.4523;0.4735;RandomForest
47518;Pere Pons;542;Mediocentro;2021;2022;1374;6.528;42.82;;;BAJO;BAJO;BAJO;0.5725;0.3359;0.0916;RandomForest
47540;Ángel Algobia;546;Mediocentro;2021;2022;0;;19.2;37.92;BAJO;BAJO;BAJO;BAJO;0.6515;0.2312;0.1173;RandomForest
47541;Santi Comesaña;728;Mediocentro;2021;2022;2697;6.885714;80.42;75.7;MEDIO;ALTO;ALTO;MEDIO;0.1225;0.4206;0.4569;RandomForest
47543;Álvaro García;728;Mediocentro;2021;2022;3006;6.997222000000001;80.45;82.98;ALTO;ALTO;ALTO;ALTO;0.0994;0.314;0.5866;RandomForest
47548;Manuel Navarro;728;Mediocentro;2021;2022;0;;19.2;;;BAJO;BAJO;BAJO;0.6515;0.2312;0.1173;RandomForest
47549;José Pozo;728;Mediocentro;2021;2022;68;6.6;30.7;26.24;;BAJO;BAJO;BAJO;0.6052;0.2473;0.1475;RandomForest
47557;Óscar Trejo;728;Mediocentro;2021;2022;2022;6.99375;84.23;63.39;MEDIO;ALTO;ALTO;MEDIO;0.1068;0.3972;0.496;RandomForest
47574;Moi Gómez;533;Mediocentro;2021;2022;1280;6.721428;56.97;80.55;ALTO;BAJO;BAJO;BAJO;0.475;0.3601;0.1649;RandomForest
47576;Gonzalo Melero;539;Mediocentro;2021;2022;1697;6.693103;61.09;65.41;MEDIO;MEDIO;BAJO;BAJO;0.3673;0.4562;0.1766;RandomForest
50009;Jens Jønsson;724;Mediocentro;2021;2022;1314;6.813636;62.3;;;BAJO;BAJO;BAJO;0.5119;0.3201;0.1679;RandomForest
70078;Facundo Pellistri;542;Mediocentro;2021;2022;663;6.395238;35.4;;;BAJO;BAJO;BAJO;0.6323;0.2763;0.0914;RandomForest
84086;Robert Navarro;548;Mediocentro;2021;2022;199;6.816666;56.03;;;BAJO;BAJO;MEDIO;0.4649;0.3304;0.2046;RandomForest
104821;Jon Guridi;548;Mediocentro;2021;2022;200;6.5625;35.71;;;BAJO;BAJO;ALTO;0.5573;0.3011;0.1416;RandomForest
104941;Monchu;715;Mediocentro;2021;2022;665;6.485714000000001;39.21;74.08;MEDIO;BAJO;BAJO;BAJO;0.5823;0.3078;0.11;RandomForest
104949;Pablo Martínez;539;Mediocentro;2021;2022;655;6.615384;47.66;;;BAJO;BAJO;MEDIO;0.5966;0.2983;0.1051;RandomForest
107153;Kike Pérez;797;Mediocentro;2021;2022;518;6.808333;64.4;74.29;MEDIO;BAJO;BAJO;MEDIO;0.4707;0.4084;0.1209;RandomForest
107194;Antonio Sánchez;798;Mediocentro;2021;2022;1622;6.637931;53.25;37.78;BAJO;BAJO;BAJO;MEDIO;0.539;0.3274;0.1336;RandomForest
119235;Pedro Ortiz;536;Mediocentro;2021;2022;6;7.0;51.59;21.13;;BAJO;BAJO;MEDIO;0.5661;0.2848;0.1492;RandomForest
119795;Giorgi Kochorashvili;539;Mediocentro;2021;2022;0;;19.2;;;BAJO;BAJO;BAJO;0.6515;0.2312;0.1173;RandomForest
122657;Randy Nteka;728;Mediocentro;2021;2022;1459;6.581817999999999;51.06;45.12;BAJO;BAJO;BAJO;BAJO;0.5404;0.3482;0.1114;RandomForest
128398;Oihan Sancet;531;Mediocentro;2021;2022;1424;6.933333;76.41;72.25;MEDIO;MEDIO;MEDIO;MEDIO;0.147;0.5662;0.2868;RandomForest
128581;Nicolás Melamed;540;Mediocentro;2021;2022;1099;6.558064;46.03;46.96;BAJO;BAJO;BAJO;BAJO;0.5389;0.359;0.1021;RandomForest
129656;César Moreno;797;Mediocentro;2021;2022;0;;19.2;;;BAJO;BAJO;BAJO;0.6515;0.2312;0.1173;RandomForest
129967;Lucas de Vega;529;Mediocentro;2021;2022;0;;19.2;;;BAJO;BAJO;BAJO;0.6515;0.2312;0.1173;RandomForest
131546;Isi Palazón;728;Mediocentro;2021;2022;2300;6.741176;70.45;87.39;ALTO;ALTO;ALTO;ALTO;0.1888;0.312;0.4992;RandomForest
133609;Pedri;529;Mediocentro;2021;2022;890;7.241666000000001;88.75;88.6;ALTO;ALTO;ALTO;ALTO;0.062;0.2329;0.7051;RandomForest
161873;Pedro Alemañ Serna;532;Mediocentro;2021;2022;0;;19.2;;;BAJO;BAJO;BAJO;0.6515;0.2312;0.1173;RandomForest
161875;Hugo González;532;Mediocentro;2021;2022;0;;19.2;;;BAJO;BAJO;BAJO;0.6515;0.2312;0.1173;RandomForest
161879;Koba Koindredi;532;Mediocentro;2021;2022;175;6.52;29.22;19.05;;BAJO;BAJO;BAJO;0.61;0.255;0.135;RandomForest
161933;Nicolás González;529;Mediocentro;2021;2022;1109;6.715384;62.93;66.42;MEDIO;MEDIO;MEDIO;MEDIO;0.3671;0.4665;0.1664;RandomForest
161962;Nacho Quintana;536;Mediocentro;2021;2022;0;;19.2;19.05;;BAJO;BAJO;BAJO;0.6515;0.2312;0.1173;RandomForest
162106;Yunus Musah;532;Mediocentro;2021;2022;1256;6.572000000000001;47.6;52.13;BAJO;BAJO;BAJO;BAJO;0.6158;0.2902;0.0941;RandomForest
162123;Ilaix Moriba;532;Mediocentro;2021;2022;819;6.671428;58.92;64.98;MEDIO;MEDIO;BAJO;MEDIO;0.3407;0.4849;0.1744;RandomForest
162167;Álvaro Sanz Catalán;529;Mediocentro;2021;2022;27;6.25;20.47;;;BAJO;BAJO;BAJO;0.6435;0.228;0.1284;RandomForest
162212;Miguel Baeza;538;Mediocentro;2021;2022;1;6.2;14.92;19.05;;BAJO;BAJO;BAJO;0.5827;0.2532;0.1641;RandomForest
162474;Jandro Orellana;529;Mediocentro;2021;2022;0;;19.2;;;BAJO;BAJO;BAJO;0.6515;0.2312;0.1173;RandomForest
162686;Antonio Blanco;541;Mediocentro;2021;2022;30;6.9;50.18;28.75;;BAJO;BAJO;BAJO;0.6161;0.2589;0.125;RandomForest
163245;Martín Calderón;724;Mediocentro;2021;2022;111;6.533333;29.16;;;BAJO;BAJO;BAJO;0.5905;0.2647;0.1448;RandomForest
182166;Isma Ruiz;715;Mediocentro;2021;2022;282;6.5125;31.07;;;BAJO;BAJO;BAJO;0.6053;0.2561;0.1386;RandomForest
182504;Gabri Veiga;538;Mediocentro;2021;2022;101;6.542857;35.68;81.83;ALTO;BAJO;BAJO;MEDIO;0.5128;0.2947;0.1925;RandomForest
182560;Oier Zarraga;531;Mediocentro;2021;2022;1149;6.496774;38.44;42.23;BAJO;BAJO;BAJO;BAJO;0.6434;0.2692;0.0874;RandomForest
182603;Jon Ander Olasagasti;548;Mediocentro;2021;2022;0;;19.2;57.3;;BAJO;BAJO;BAJO;0.6515;0.2312;0.1173;RandomForest
182637;Alex Balboa;542;Mediocentro;2021;2022;0;;19.2;;;BAJO;BAJO;BAJO;0.6515;0.2312;0.1173;RandomForest
182639;Unai Vencedor;531;Mediocentro;2021;2022;2395;6.7;60.62;27.82;;BAJO;BAJO;BAJO;0.4367;0.3616;0.2017;RandomForest
182669;Alex Blesa;539;Mediocentro;2021;2022;0;;19.2;;;BAJO;BAJO;BAJO;0.6515;0.2312;0.1173;RandomForest
182671;Álejandro Cantero;539;Mediocentro;2021;2022;595;6.370833;33.19;;;BAJO;BAJO;MEDIO;0.683;0.2251;0.0919;RandomForest
182719;Daniel Villahermosa;540;Mediocentro;2021;2022;22;6.2;18.82;19.05;;BAJO;BAJO;BAJO;0.6613;0.2248;0.114;RandomForest
182742;Alejandro Pérez;540;Mediocentro;2021;2022;0;;19.2;;;BAJO;BAJO;BAJO;0.6515;0.2312;0.1173;RandomForest
182772;Juanlu Sánchez;536;Mediocentro;2021;2022;4;6.3;19.06;;;BAJO;BAJO;BAJO;0.6505;0.2294;0.12;RandomForest
183699;Urko González;548;Mediocentro;2021;2022;0;;19.2;19.05;;BAJO;BAJO;BAJO;0.6515;0.2312;0.1173;RandomForest
183744;Beñat Turrientes;548;Mediocentro;2021;2022;201;6.55;35.72;28.95;;BAJO;BAJO;MEDIO;0.5522;0.2858;0.1619;RandomForest
184196;Carlo Adriano García;533;Mediocentro;2021;2022;6;6.7;29.05;19.05;;BAJO;BAJO;BAJO;0.5965;0.2542;0.1493;RandomForest
184226;Yéremy Pino;533;Mediocentro;2021;2022;1688;6.861290000000001;73.68;80.35;ALTO;MEDIO;MEDIO;MEDIO;0.2372;0.4312;0.3316;RandomForest
184345;Jonathan Carmona;797;Mediocentro;2021;2022;0;;19.2;;;BAJO;BAJO;BAJO;0.6515;0.2312;0.1173;RandomForest
184605;Álvaro Aguirre;728;Mediocentro;2021;2022;8;6.2;13.64;;;BAJO;BAJO;BAJO;0.5986;0.253;0.1484;RandomForest
184617;Diego López;546;Mediocentro;2021;2022;0;;19.2;;;BAJO;BAJO;BAJO;0.6515;0.2312;0.1173;RandomForest
185477;Rodri Sánchez;543;Mediocentro;2021;2022;880;6.685;53.29;66.89;MEDIO;MEDIO;BAJO;MEDIO;0.4046;0.4231;0.1723;RandomForest
185890;Tomás Giaquinto;798;Mediocentro;2021;2022;0;;19.2;;;BAJO;BAJO;BAJO;0.6515;0.2312;0.1173;RandomForest
253699;Antonio Zarzana;536;Mediocentro;2021;2022;0;;19.2;;;BAJO;BAJO;BAJO;0.6515;0.2312;0.1173;RandomForest
264859;Antonio Pacheco;533;Mediocentro;2021;2022;0;;19.2;;;BAJO;BAJO;BAJO;0.6515;0.2312;0.1173;RandomForest
286604;Gori;540;Mediocentro;2021;2022;8;6.7;31.96;;;BAJO;BAJO;BAJO;0.5899;0.2609;0.1493;RandomForest
286605;Roger Martínez;540;Mediocentro;2021;2022;0;;19.2;14.63;;BAJO;BAJO;BAJO;0.6515;0.2312;0.1173;RandomForest
286796;Damián Rodríguez;538;Mediocentro;2021;2022;0;;19.2;;;BAJO;BAJO;BAJO;0.6515;0.2312;0.1173;RandomForest
290495;Alejandro Asensio;728;Mediocentro;2021;2022;11;6.7;36.06;;;BAJO;BAJO;ALTO;0.5957;0.2583;0.146;RandomForest
292140;Antonio Marchena;543;Mediocentro;2021;2022;0;;19.2;;;BAJO;BAJO;BAJO;0.6515;0.2312;0.1173;RandomForest
293297;John Patrick;546;Mediocentro;2021;2022;0;;19.2;19.05;;BAJO;BAJO;BAJO;0.6515;0.2312;0.1173;RandomForest
295879;John Nwankwo Donald;797;Mediocentro;2021;2022;0;;19.2;;;BAJO;BAJO;BAJO;0.6515;0.2312;0.1173;RandomForest
296667;Pablo Gavi;529;Mediocentro;2021;2022;2330;6.858823;76.78;76.81;ALTO;ALTO;ALTO;ALTO;0.1389;0.2586;0.6025;RandomForest
297740;Carlos Benítez;539;Mediocentro;2021;2022;0;;19.2;;;BAJO;BAJO;BAJO;0.6515;0.2312;0.1173;RandomForest
303378;Javier Serrano;530;Mediocentro;2021;2022;66;6.35;24.08;;;BAJO;BAJO;BAJO;0.6311;0.2484;0.1204;RandomForest
306183;Lassina Sangare;532;Mediocentro;2021;2022;0;;19.2;;;BAJO;BAJO;BAJO;0.6515;0.2312;0.1173;RandomForest
310683;Álvaro Bastida;724;Mediocentro;2021;2022;195;6.6;28.83;19.05;;BAJO;BAJO;BAJO;0.5784;0.2889;0.1327;RandomForest
311740;Tomás Mendes;542;Mediocentro;2021;2022;8;6.2;16.37;;;BAJO;BAJO;BAJO;0.5737;0.2477;0.1786;RandomForest
313058;Alessandro Burlamaqui;532;Mediocentro;2021;2022;0;;19.2;;;BAJO;BAJO;BAJO;0.6515;0.2312;0.1173;RandomForest
313548;Alberto Moreno;530;Mediocentro;2021;2022;0;;19.2;19.05;;BAJO;BAJO;BAJO;0.6515;0.2312;0.1173;RandomForest
313651;Hugo Sotelo;538;Mediocentro;2021;2022;1;0.0;14.03;31.76;;BAJO;ALTO;ALTO;0.5762;0.2521;0.1717;RandomForest
315699;Javier Guerra;532;Mediocentro;2021;2022;0;;19.2;51.44;BAJO;BAJO;BAJO;BAJO;0.6515;0.2312;0.1173;RandomForest
329720;Hugo Álvarez;538;Mediocentro;2021;2022;10;6.7;31.49;19.05;;BAJO;BAJO;BAJO;0.6378;0.2419;0.1203;RandomForest
336594;Pablo Barrios;530;Mediocentro;2021;2022;0;;19.2;52.89;BAJO;BAJO;BAJO;BAJO;0.6515;0.2312;0.1173;RandomForest
364415;Yellu Santiago;532;Mediocentro;2021;2022;79;6.2;21.71;19.05;;BAJO;BAJO;BAJO;0.6747;0.2175;0.1077;RandomForest
29;Jan Oblak;530;Portero;2021;2022;3420;6.644736;40.61;52.0;MEDIO;MEDIO;MEDIO;MEDIO;0.2867;0.4528;0.2604;RandomForest
124;Jasper Cillessen;532;Portero;2021;2022;1458;6.747058000000001;38.49;;;BAJO;BAJO;MEDIO;0.437;0.262;0.301;RandomForest
125;Jokin Ezkieta;531;Portero;2021;2022;0;;27.51;;;BAJO;BAJO;ALTO;0.5856;0.2399;0.1745;RandomForest
126;Iñaki Peña;529;Portero;2021;2022;0;;27.51;23.88;;BAJO;BAJO;MEDIO;0.5889;0.24;0.1711;RandomForest
127;Marc-André Ter Stegen;529;Portero;2021;2022;3150;6.745714;44.86;;;MEDIO;ALTO;BAJO;0.2964;0.4384;0.2653;RandomForest
614;Claudio Bravo;543;Portero;2021;2022;1457;6.7;36.9;56.39;ALTO;BAJO;BAJO;ALTO;0.3978;0.2616;0.3406;RandomForest
730;Thibaut Courtois;541;Portero;2021;2022;3240;6.991666;57.94;65.12;ALTO;ALTO;ALTO;ALTO;0.196;0.3146;0.4894;RandomForest
732;Luca Zidane;728;Portero;2021;2022;646;6.0875;28.49;;;BAJO;BAJO;ALTO;0.5129;0.2562;0.2309;RandomForest
911;Jaume Doménech;532;Portero;2021;2022;342;6.425;26.14;27.2;;BAJO;BAJO;MEDIO;0.4457;0.2285;0.3258;RandomForest
912;Neto;529;Portero;2021;2022;270;6.866666;37.86;;;BAJO;BAJO;MEDIO;0.4771;0.251;0.2719;RandomForest
913;Cristian Rivero;532;Portero;2021;2022;0;;26.92;27.2;;BAJO;BAJO;MEDIO;0.6197;0.2536;0.1268;RandomForest
1470;Luís Maximiano;715;Portero;2021;2022;3137;6.914285;51.24;;;MEDIO;MEDIO;MEDIO;0.1858;0.4139;0.4003;RandomForest
1558;Joel Robles;543;Portero;2021;2022;0;;27.51;;;BAJO;BAJO;ALTO;0.5856;0.2399;0.1745;RandomForest
1682;Sergio Asenjo;533;Portero;2021;2022;540;6.8;39.21;31.82;BAJO;BAJO;BAJO;BAJO;0.5138;0.2562;0.23;RandomForest
2034;Javier Díaz;536;Portero;2021;2022;90;6.3;23.88;;;BAJO;BAJO;MEDIO;0.5189;0.2086;0.2726;RandomForest
2480;Mauricio Arboleda;728;Portero;2021;2022;0;;27.25;;;BAJO;BAJO;ALTO;0.6157;0.2464;0.1379;RandomForest
2701;Bono;536;Portero;2021;2022;2790;7.016129000000001;63.29;35.75;BAJO;BAJO;ALTO;BAJO;0.407;0.2679;0.325;RandomForest
2741;Mathew Ryan;548;Portero;2021;2022;270;7.2;55.85;;;BAJO;BAJO;BAJO;0.5611;0.2562;0.1827;RandomForest
2813;Marko Dmitrović;536;Portero;2021;2022;540;7.05;55.53;52.14;MEDIO;BAJO;BAJO;BAJO;0.5284;0.3179;0.1537;RandomForest
6492;Jeremías Ledesma;724;Portero;2021;2022;3420;6.994736;66.91;64.42;ALTO;ALTO;ALTO;ALTO;0.1284;0.2934;0.5782;RandomForest
11346;Matías Dituro;538;Portero;2021;2022;3420;6.936842;54.19;;;MEDIO;ALTO;ALTO;0.251;0.4728;0.2763;RandomForest
14382;Ivo Grbić;530;Portero;2021;2022;0;;26.69;47.08;MEDIO;BAJO;BAJO;MEDIO;0.6186;0.255;0.1264;RandomForest
19014;Sergio Rico;798;Portero;2021;2022;1260;6.371428;28.35;;;BAJO;BAJO;ALTO;0.4989;0.2433;0.2578;RandomForest
19112;Kiko Casilla;797;Portero;2021;2022;1260;6.871428;43.38;27.2;;BAJO;BAJO;ALTO;0.3925;0.2915;0.3159;RandomForest
21566;Benjamin Lecomte;530;Portero;2021;2022;0;;27.51;33.06;BAJO;BAJO;BAJO;ALTO;0.5932;0.2377;0.1691;RandomForest
24760;Giorgi Mamardashvili;532;Portero;2021;2022;540;6.944444;53.09;44.26;MEDIO;MEDIO;BAJO;MEDIO;0.3724;0.4049;0.2228;RandomForest
46646;Sergio Herrera;727;Portero;2021;2022;3240;6.925;57.85;44.97;MEDIO;MEDIO;ALTO;MEDIO;0.1582;0.4399;0.4019;RandomForest
46649;Juan Pérez;727;Portero;2021;2022;180;6.0;22.1;27.2;;BAJO;BAJO;ALTO;0.4615;0.1987;0.3398;RandomForest
46672;Rui Silva;543;Portero;2021;2022;1963;6.936363;51.4;54.99;ALTO;ALTO;ALTO;ALTO;0.3191;0.2829;0.398;RandomForest
46673;Aarón Escandell;715;Portero;2021;2022;283;6.65;31.35;;;BAJO;ALTO;MEDIO;0.4469;0.2726;0.2804;RandomForest
46700;Dario Ramos;727;Portero;2021;2022;0;;27.18;26.44;;BAJO;BAJO;ALTO;0.6155;0.2477;0.1368;RandomForest
46729;Manolo Reina;798;Portero;2021;2022;1890;6.804761;44.28;;;MEDIO;ALTO;BAJO;0.3534;0.3604;0.2862;RandomForest
46755;David Gil;724;Portero;2021;2022;0;;27.51;53.54;;BAJO;ALTO;BAJO;0.5768;0.2404;0.1828;RandomForest
46812;Axel Werner;797;Portero;2021;2022;0;;27.51;28.99;;BAJO;BAJO;MEDIO;0.5889;0.24;0.1711;RandomForest
46961;Édgar Badía;797;Portero;2021;2022;2160;6.916666;48.39;54.93;ALTO;ALTO;ALTO;ALTO;0.2879;0.2964;0.4157;RandomForest
47120;Gaizka Campos;538;Portero;2021;2022;0;;27.07;;;BAJO;BAJO;BAJO;0.6157;0.2481;0.1362;RandomForest
47247;David Soria;546;Portero;2021;2022;3415;6.897368000000001;48.47;54.73;MEDIO;MEDIO;MEDIO;MEDIO;0.258;0.4926;0.2495;RandomForest
47248;Rubén Yáñez;546;Portero;2021;2022;0;;27.51;;;BAJO;BAJO;MEDIO;0.5889;0.24;0.1711;RandomForest
47269;Álex Remiro;548;Portero;2021;2022;3150;6.951427999999999;56.47;53.37;MEDIO;MEDIO;MEDIO;MEDIO;0.179;0.4379;0.3831;RandomForest
47270;Unai Simón;531;Portero;2021;2022;3060;6.914705;48.04;38.73;BAJO;BAJO;ALTO;BAJO;0.3737;0.3323;0.2941;RandomForest
47296;Gerónimo Rulli;533;Portero;2021;2022;2880;6.95625;57.12;61.63;ALTO;ALTO;ALTO;MEDIO;0.1921;0.2788;0.529;RandomForest
47327;Diego López;540;Portero;2021;2022;3179;6.986111;58.09;20.04;;ALTO;MEDIO;BAJO;0.2605;0.3627;0.3767;RandomForest
47352;Fernando Pacheco;542;Portero;2021;2022;3054;6.667647;38.69;48.11;MEDIO;MEDIO;MEDIO;MEDIO;0.2445;0.514;0.2414;RandomForest
47353;Antonio Sivera;542;Portero;2021;2022;276;6.775;35.54;;;BAJO;BAJO;MEDIO;0.456;0.2429;0.3012;RandomForest
47400;Andriy Lunin;541;Portero;2021;2022;180;7.3;56.41;34.35;BAJO;BAJO;BAJO;BAJO;0.5709;0.2004;0.2287;RandomForest
47426;Rubén Blanco;538;Portero;2021;2022;0;;27.51;;;BAJO;ALTO;BAJO;0.5768;0.2404;0.1828;RandomForest
47448;Aitor Fernández;539;Portero;2021;2022;1167;6.9;46.24;55.16;ALTO;ALTO;ALTO;ALTO;0.3108;0.2884;0.4008;RandomForest
47449;Oier Olazábal;540;Portero;2021;2022;134;7.0;52.8;;;BAJO;ALTO;BAJO;0.5867;0.2412;0.1721;RandomForest
47450;Koke;539;Portero;2021;2022;0;;26.69;;;BAJO;BAJO;MEDIO;0.6186;0.255;0.1264;RandomForest
47527;Stole Dimitrievski;728;Portero;2021;2022;2771;6.938709000000001;56.44;39.56;BAJO;ALTO;ALTO;ALTO;0.3249;0.3362;0.3389;RandomForest
47529;Miguel Ángel Morro;728;Portero;2021;2022;0;;26.92;27.2;;BAJO;BAJO;MEDIO;0.6197;0.2536;0.1268;RandomForest
61142;Dominik Greif;798;Portero;2021;2022;90;6.3;23.89;40.98;;BAJO;BAJO;MEDIO;0.4645;0.2096;0.3259;RandomForest
104804;Daniel Rebollo;543;Portero;2021;2022;0;;26.69;;;BAJO;BAJO;MEDIO;0.6186;0.255;0.1264;RandomForest
122471;Jesús Owono;542;Portero;2021;2022;90;6.7;30.19;;;BAJO;BAJO;ALTO;0.5834;0.244;0.1726;RandomForest
122888;Lluis Andreu;797;Portero;2021;2022;0;;27.51;;;BAJO;BAJO;ALTO;0.5856;0.2399;0.1745;RandomForest
122956;Diego Conde;546;Portero;2021;2022;5;6.2;21.07;27.2;;BAJO;BAJO;ALTO;0.5565;0.2425;0.201;RandomForest
125386;Juan Flere;724;Portero;2021;2022;0;;27.25;;;BAJO;BAJO;MEDIO;0.616;0.2452;0.1388;RandomForest
156488;Dani Cárdenas;539;Portero;2021;2022;2160;6.691666;34.27;;;BAJO;ALTO;BAJO;0.4665;0.3423;0.1912;RandomForest
162449;Carlos Perez;532;Portero;2021;2022;0;;26.92;26.6;;BAJO;BAJO;MEDIO;0.6197;0.2536;0.1268;RandomForest
162473;Arnau Tenas;529;Portero;2021;2022;0;;27.51;27.2;;BAJO;BAJO;ALTO;0.5856;0.2399;0.1745;RandomForest
162529;Luis López;541;Portero;2021;2022;0;;27.25;27.2;;BAJO;BAJO;ALTO;0.6157;0.2464;0.1379;RandomForest
162533;Toni Fuidias;541;Portero;2021;2022;0;;27.51;27.2;;BAJO;BAJO;BAJO;0.5847;0.2418;0.1735;RandomForest
163060;Adrián Rodríguez;542;Portero;2021;2022;0;;26.69;;;BAJO;BAJO;MEDIO;0.6186;0.255;0.1264;RandomForest
163466;Lazar Carević;529;Portero;2021;2022;0;;27.18;;;BAJO;BAJO;ALTO;0.6155;0.2477;0.1368;RandomForest
163630;Alfonso Pastor;536;Portero;2021;2022;0;;27.18;;;BAJO;BAJO;ALTO;0.6155;0.2477;0.1368;RandomForest
169256;Iker Álvarez;533;Portero;2021;2022;0;;27.51;27.2;;BAJO;BAJO;ALTO;0.5856;0.2399;0.1745;RandomForest
179139;Leo Román;798;Portero;2021;2022;180;6.8;40.14;55.22;;BAJO;BAJO;MEDIO;0.4689;0.2381;0.2929;RandomForest
181724;Cheikh Kané Sarr;715;Portero;2021;2022;0;;27.12;;;BAJO;BAJO;ALTO;0.6155;0.2477;0.1368;RandomForest
182640;Ander Iru;531;Portero;2021;2022;0;;26.69;27.2;;BAJO;BAJO;MEDIO;0.6186;0.255;0.1264;RandomForest
182664;Gaizka Ayesa;548;Portero;2021;2022;0;;27.09;;;BAJO;BAJO;ALTO;0.6155;0.2477;0.1368;RandomForest
182718;Joan García;540;Portero;2021;2022;107;4.75;21.62;20.88;;BAJO;BAJO;ALTO;0.5278;0.2297;0.2425;RandomForest
182731;Pablo Picón;539;Portero;2021;2022;0;;26.69;;;BAJO;BAJO;MEDIO;0.6186;0.255;0.1264;RandomForest
183848;Julen Agirrezabala;531;Portero;2021;2022;360;7.025;52.66;40.37;BAJO;BAJO;BAJO;BAJO;0.5628;0.269;0.1682;RandomForest
189832;Unai Marrero;548;Portero;2021;2022;0;;26.69;27.2;;BAJO;BAJO;MEDIO;0.6186;0.255;0.1264;RandomForest
201007;Adrian Quintela Moya;728;Portero;2021;2022;0;;26.69;;;BAJO;BAJO;MEDIO;0.6186;0.255;0.1264;RandomForest
237252;Pere García;798;Portero;2021;2022;0;;27.0;26.83;;BAJO;BAJO;MEDIO;0.6152;0.2495;0.1352;RandomForest
286611;Pablo Cuñat;539;Portero;2021;2022;0;;27.12;;;BAJO;BAJO;MEDIO;0.6158;0.2465;0.1377;RandomForest
286616;Filip Jörgensen;533;Portero;2021;2022;0;;27.51;26.73;;BAJO;BAJO;ALTO;0.5856;0.2399;0.1745;RandomForest
286623;Coke Carrillo;538;Portero;2021;2022;0;;27.51;27.2;;BAJO;BAJO;MEDIO;0.5889;0.24;0.1711;RandomForest
286795;César Fernández;538;Portero;2021;2022;0;;26.92;;;BAJO;BAJO;BAJO;0.6199;0.2524;0.1277;RandomForest
289788;Yoel Ramírez;727;Portero;2021;2022;0;;26.69;26.76;;BAJO;BAJO;MEDIO;0.6186;0.255;0.1264;RandomForest
290685;Ángel Jiménez;715;Portero;2021;2022;0;;26.69;;;BAJO;BAJO;MEDIO;0.6186;0.255;0.1264;RandomForest
308346;Alberto Flores;536;Portero;2021;2022;0;;27.0;27.2;;BAJO;BAJO;MEDIO;0.6152;0.2495;0.1352;RandomForest
333379;Antonio Gomis;530;Portero;2021;2022;0;;26.69;20.42;;BAJO;BAJO;MEDIO;0.6186;0.255;0.1264;RandomForest
334575;Diego Piñeiro;541;Portero;2021;2022;0;;27.29;26.44;;BAJO;BAJO;BAJO;0.6117;0.2457;0.1427;RandomForest
338295;Alejandro Primo;539;Portero;2021;2022;90;6.7;30.29;;;BAJO;BAJO;MEDIO;0.5816;0.2541;0.1642;RandomForest
349561;Ferrán Quetglas;798;Portero;2021;2022;0;;27.0;;;BAJO;BAJO;BAJO;0.6154;0.2484;0.1362;RandomForest
350363;Oscar Medina;542;Portero;2021;2022;0;;26.69;;;BAJO;BAJO;MEDIO;0.6186;0.255;0.1264;RandomForest
350364;Iván Sanz;542;Portero;2021;2022;0;;26.69;;;BAJO;BAJO;MEDIO;0.6186;0.255;0.1264;RandomForest
353865;Victor Wehbi Aznar;724;Portero;2021;2022;0;;26.69;;;BAJO;BAJO;MEDIO;0.6186;0.255;0.1264;RandomForest
364416;Jesus Lopez;797;Portero;2021;2022;0;;26.69;27.2;;BAJO;BAJO;MEDIO;0.6186;0.255;0.1264;RandomForest
20;Axel Witsel;547;Defensa;2022;2023;4522;6.74375;56.16;75.86;ALTO;MEDIO;ALTO;ALTO;0.322;0.3836;0.2945;RandomForest
31;José María Giménez;530;Defensa;2022;2023;2427;7.103571;81.83;56.48;MEDIO;ALTO;ALTO;MEDIO;0.1145;0.38;0.5055;RandomForest
39;Stefan Savić;530;Defensa;2022;2023;1946;6.85;69.37;59.47;MEDIO;MEDIO;ALTO;MEDIO;0.1538;0.5504;0.2958;RandomForest
99;Ronaël Pierre-Gabriel;540;Defensa;2022;2023;245;6.771428;56.64;;;BAJO;BAJO;MEDIO;0.5757;0.2828;0.1415;RandomForest
128;Jordi Alba;529;Defensa;2022;2023;1418;7.17826;75.87;;;MEDIO;ALTO;ALTO;0.151;0.4532;0.3958;RandomForest
129;Chumi;723;Defensa;2022;2023;1485;6.552380000000001;44.21;46.6;BAJO;BAJO;BAJO;BAJO;0.6734;0.2395;0.0871;RandomForest
131;Jorge Cuenca;533;Defensa;2022;2023;502;6.78;46.27;65.76;MEDIO;BAJO;BAJO;BAJO;0.4799;0.3695;0.1506;RandomForest
134;Juan Miranda;543;Defensa;2022;2023;1473;6.915;72.92;76.5;ALTO;ALTO;MEDIO;ALTO;0.2774;0.3559;0.3667;RandomForest
136;Gerard Piqué;529;Defensa;2022;2023;382;7.15;66.08;;;MEDIO;BAJO;MEDIO;0.3679;0.437;0.1951;RandomForest
166;Juan Foyth;533;Defensa;2022;2023;1960;7.025;84.45;86.15;ALTO;ALTO;ALTO;ALTO;0.0729;0.2434;0.6837;RandomForest
288;Alberto Moreno;533;Defensa;2022;2023;1305;6.6875;50.44;57.63;MEDIO;BAJO;BAJO;MEDIO;0.5105;0.3569;0.1325;RandomForest
314;Raúl Albiol;533;Defensa;2022;2023;2119;6.948;72.75;57.88;MEDIO;MEDIO;ALTO;ALTO;0.1811;0.4297;0.3892;RandomForest
340;Srđan Babić;723;Defensa;2022;2023;2998;6.720587999999999;59.83;46.47;;MEDIO;MEDIO;BAJO;0.3508;0.3882;0.261;RandomForest
371;Felipe;530;Defensa;2022;2023;193;6.733333;42.59;;;BAJO;BAJO;BAJO;0.5648;0.2742;0.161;RandomForest
372;Éder Militão;541;Defensa;2022;2023;2714;7.224242;87.15;60.2;MEDIO;ALTO;ALTO;ALTO;0.0639;0.2689;0.6672;RandomForest
378;Alex Telles;536;Defensa;2022;2023;1447;6.744444;59.69;;;BAJO;BAJO;BAJO;0.4678;0.3519;0.1803;RandomForest
403;Matija Nastasić;798;Defensa;2022;2023;904;6.65;39.17;64.93;MEDIO;BAJO;BAJO;MEDIO;0.5521;0.335;0.1129;RandomForest
433;Marcão;536;Defensa;2022;2023;374;6.8;50.92;45.16;;BAJO;BAJO;BAJO;0.5641;0.2879;0.148;RandomForest
505;David Alaba;541;Defensa;2022;2023;1840;6.847826;66.2;73.86;ALTO;MEDIO;BAJO;ALTO;0.3065;0.3486;0.3449;RandomForest
534;Lisandro Magallán;797;Defensa;2022;2023;903;6.785714;57.51;;;BAJO;BAJO;MEDIO;0.5566;0.3014;0.142;RandomForest
619;Eric García;529;Defensa;2022;2023;1413;6.913043;65.2;50.04;BAJO;BAJO;MEDIO;MEDIO;0.4285;0.3672;0.2043;RandomForest
653;Ferland Mendy;541;Defensa;2022;2023;1360;6.716666;58.93;65.47;MEDIO;MEDIO;BAJO;MEDIO;0.3699;0.4531;0.177;RandomForest
733;Daniel Carvajal;541;Defensa;2022;2023;1788;6.766666;58.16;82.61;ALTO;BAJO;BAJO;ALTO;0.3377;0.3366;0.3257;RandomForest
735;Nacho Fernández;541;Defensa;2022;2023;1653;6.828;67.67;61.33;MEDIO;MEDIO;BAJO;MEDIO;0.371;0.4034;0.2256;RandomForest
736;Fran García;728;Defensa;2022;2023;3409;6.781578;72.77;67.44;MEDIO;MEDIO;ALTO;MEDIO;0.2118;0.494;0.2942;RandomForest
737;Álvaro Odriozola;541;Defensa;2022;2023;36;6.866666;44.95;23.07;;BAJO;BAJO;BAJO;0.615;0.2546;0.1303;RandomForest
739;Sergio Reguilón;530;Defensa;2022;2023;306;6.733333;50.0;;;BAJO;BAJO;MEDIO;0.5638;0.2978;0.1384;RandomForest
740;Javi Sánchez;720;Defensa;2022;2023;2395;6.734375;62.3;;;MEDIO;MEDIO;MEDIO;0.3485;0.4086;0.2429;RandomForest
741;Jesús Vallejo;541;Defensa;2022;2023;21;6.200000000000001;17.6;25.9;;BAJO;BAJO;ALTO;0.5766;0.2535;0.1699;RandomForest
757;Lucas Vázquez;541;Defensa;2022;2023;1140;7.05238;80.06;81.96;ALTO;ALTO;ALTO;ALTO;0.2046;0.3449;0.4504;RandomForest
914;Álex Centelles;723;Defensa;2022;2023;1121;6.66;49.76;41.7;BAJO;BAJO;BAJO;BAJO;0.5658;0.3038;0.1304;RandomForest
915;Gabriel Paulista;532;Defensa;2022;2023;1520;6.780952;59.06;55.21;BAJO;BAJO;MEDIO;BAJO;0.5193;0.3454;0.1353;RandomForest
916;Mouctar Diakhaby;532;Defensa;2022;2023;2448;6.896427999999999;71.8;69.36;MEDIO;MEDIO;ALTO;BAJO;0.3214;0.4409;0.2376;RandomForest
918;José Luis Gayà;532;Defensa;2022;2023;2714;7.164516;89.18;78.25;ALTO;ALTO;ALTO;ALTO;0.0252;0.0878;0.887;RandomForest
920;Toni Lato;532;Defensa;2022;2023;907;6.621739;47.23;60.32;MEDIO;BAJO;BAJO;MEDIO;0.5371;0.3463;0.1166;RandomForest
1257;Jules Koundé;529;Defensa;2022;2023;2428;7.113792999999999;82.93;83.07;ALTO;ALTO;ALTO;ALTO;0.0589;0.1885;0.7526;RandomForest
1264;Youssouf Sabaly;543;Defensa;2022;2023;1680;6.934782;79.42;52.51;BAJO;MEDIO;ALTO;MEDIO;0.2737;0.3671;0.3592;RandomForest
1439;Héctor Bellerín;529;Defensa;2022;2023;141;7.1;61.72;43.48;BAJO;BAJO;BAJO;BAJO;0.543;0.2781;0.1789;RandomForest
1482;Thierry Correia;532;Defensa;2022;2023;2015;6.922222;74.89;72.32;ALTO;ALTO;ALTO;ALTO;0.14;0.3524;0.5076;RandomForest
1493;Marcos Acuña;536;Defensa;2022;2023;1913;7.02;85.53;76.02;ALTO;ALTO;ALTO;ALTO;0.1061;0.2282;0.6657;RandomForest
1563;Zouhair Feddal;720;Defensa;2022;2023;373;6.775;48.23;;;BAJO;BAJO;BAJO;0.5586;0.2954;0.1461;RandomForest
1565;Edgar González;723;Defensa;2022;2023;3546;6.691666000000001;50.75;62.02;MEDIO;MEDIO;MEDIO;MEDIO;0.3447;0.4894;0.166;RandomForest
1567;Aïssa Mandi;533;Defensa;2022;2023;1465;6.852379999999999;58.99;48.04;BAJO;BAJO;BAJO;BAJO;0.5431;0.3301;0.1267;RandomForest
1687;Jaume Costa;798;Defensa;2022;2023;2608;6.703125;61.71;50.53;BAJO;BAJO;BAJO;BAJO;0.4694;0.3204;0.2102;RandomForest
1693;Víctor Ruiz;543;Defensa;2022;2023;556;6.8875;54.88;;;BAJO;BAJO;MEDIO;0.4946;0.3502;0.1553;RandomForest
1702;Alfonso Pedraza;533;Defensa;2022;2023;1635;6.733332999999999;63.8;55.25;BAJO;BAJO;MEDIO;MEDIO;0.445;0.3709;0.1841;RandomForest
1847;Luiz Felipe;543;Defensa;2022;2023;3536;6.786956;61.55;51.76;BAJO;BAJO;BAJO;BAJO;0.4187;0.3914;0.1898;RandomForest
1901;Jordan Amavi;546;Defensa;2022;2023;199;6.38;25.02;;;BAJO;BAJO;BAJO;0.6172;0.267;0.1158;RandomForest
1926;Joseph Aidoo;538;Defensa;2022;2023;3121;6.84;72.6;45.83;;MEDIO;ALTO;MEDIO;0.326;0.3796;0.2944;RandomForest
1983;Enzo Roco;797;Defensa;2022;2023;1656;6.645454;48.14;;;BAJO;BAJO;BAJO;0.5017;0.3538;0.1445;RandomForest
2040;Sergio Escudero;720;Defensa;2022;2023;1441;6.865217000000001;69.63;;;MEDIO;MEDIO;ALTO;0.3905;0.428;0.1815;RandomForest
2042;Sergi Gómez;540;Defensa;2022;2023;2341;6.737931;56.58;;;BAJO;MEDIO;BAJO;0.4145;0.413;0.1725;RandomForest
2047;Aleix Vidal;540;Defensa;2022;2023;1020;6.512;39.88;;;BAJO;BAJO;BAJO;0.5574;0.329;0.1136;RandomForest
2054;Jesús Navas;536;Defensa;2022;2023;1978;6.806451;65.44;68.9;MEDIO;MEDIO;BAJO;MEDIO;0.3984;0.4108;0.1908;RandomForest
2278;Marcos Alonso;529;Defensa;2022;2023;1162;6.925;68.84;64.52;MEDIO;MEDIO;MEDIO;MEDIO;0.3165;0.4288;0.2547;RandomForest
2282;Andreas Christensen;529;Defensa;2022;2023;1770;7.008695;75.03;68.0;MEDIO;MEDIO;MEDIO;MEDIO;0.1396;0.4965;0.3639;RandomForest
2285;Antonio Rüdiger;541;Defensa;2022;2023;2410;6.88387;66.93;68.64;MEDIO;MEDIO;MEDIO;MEDIO;0.3556;0.4483;0.1961;RandomForest
2421;Alexander Callens;547;Defensa;2022;2023;114;6.65;32.53;;;BAJO;BAJO;BAJO;0.6152;0.2533;0.1315;RandomForest
2468;Gonzalo Montiel;536;Defensa;2022;2023;1522;6.546428;46.06;18.67;;BAJO;BAJO;ALTO;0.5544;0.3038;0.1419;RandomForest
2469;Germán Pezzella;543;Defensa;2022;2023;2515;6.92258;70.74;74.86;ALTO;ALTO;ALTO;MEDIO;0.1312;0.3308;0.5381;RandomForest
2486;Helibelton Palacios;797;Defensa;2022;2023;1919;6.658333;55.9;;;BAJO;BAJO;BAJO;0.4359;0.3798;0.1843;RandomForest
2508;Santiago Arzamendia;724;Defensa;2022;2023;478;6.26;29.96;;;BAJO;BAJO;BAJO;0.6025;0.2694;0.1281;RandomForest
2610;Giovanni González;798;Defensa;2022;2023;926;6.685714;44.56;65.41;MEDIO;BAJO;BAJO;MEDIO;0.5479;0.3331;0.119;RandomForest
2669;Mario Hermoso;530;Defensa;2022;2023;2111;6.926923;75.05;79.14;ALTO;ALTO;ALTO;ALTO;0.1966;0.3072;0.4963;RandomForest
2670;Iñigo Martínez;531;Defensa;2022;2023;1339;7.053333;74.94;66.71;MEDIO;MEDIO;MEDIO;MEDIO;0.2719;0.5187;0.2094;RandomForest
2819;Stefan Mitrović;546;Defensa;2022;2023;1678;6.704545;42.92;41.82;BAJO;BAJO;BAJO;BAJO;0.6376;0.2662;0.0961;RandomForest
2852;Ludwig Augustinsson;798;Defensa;2022;2023;130;6.35;26.3;;;BAJO;BAJO;BAJO;0.5968;0.2624;0.1408;RandomForest
2873;César Montes;540;Defensa;2022;2023;1589;6.674999999999999;55.58;50.19;BAJO;BAJO;BAJO;BAJO;0.481;0.3362;0.1828;RandomForest
5987;Fabrizio Angileri;546;Defensa;2022;2023;593;6.376923;29.67;31.73;;BAJO;BAJO;MEDIO;0.6647;0.2362;0.0991;RandomForest
6048;Brian Cufré;798;Defensa;2022;2023;217;6.54;32.6;;;BAJO;BAJO;BAJO;0.5781;0.2754;0.1465;RandomForest
6168;Omar Alderete;546;Defensa;2022;2023;2049;6.795833;69.46;56.79;MEDIO;MEDIO;MEDIO;BAJO;0.3196;0.4586;0.2217;RandomForest
6503;Nahuel Molina;530;Defensa;2022;2023;2878;6.833333;74.97;65.24;MEDIO;MEDIO;ALTO;MEDIO;0.2233;0.444;0.3327;RandomForest
9700;Abner Vinícius;543;Defensa;2022;2023;609;6.4;34.97;44.13;BAJO;BAJO;BAJO;BAJO;0.6708;0.2324;0.0968;RandomForest
10122;Renan Lodi;530;Defensa;2022;2023;0;;19.05;;;BAJO;BAJO;BAJO;0.6402;0.2325;0.1273;RandomForest
14444;Mamadou Mbaye;724;Defensa;2022;2023;754;6.671427999999999;43.74;42.94;;BAJO;BAJO;MEDIO;0.6078;0.2922;0.0999;RandomForest
15900;Abdul Mumin;728;Defensa;2022;2023;935;6.473333;35.19;62.79;MEDIO;BAJO;BAJO;BAJO;0.6114;0.2861;0.1025;RandomForest
18742;Matt Doherty;530;Defensa;2022;2023;16;6.2;16.01;;;BAJO;BAJO;BAJO;0.5843;0.2495;0.1662;RandomForest
18794;Kiko Femenía;546;Defensa;2022;2023;2277;6.794444;57.4;54.84;BAJO;BAJO;BAJO;BAJO;0.4854;0.3574;0.1572;RandomForest
18867;Diego Rico;548;Defensa;2022;2023;1646;6.865;68.93;66.39;MEDIO;MEDIO;MEDIO;ALTO;0.3603;0.432;0.2078;RandomForest
18893;Federico Fernández;797;Defensa;2022;2023;90;6.9;46.38;;;BAJO;BAJO;BAJO;0.6293;0.2464;0.1243;RandomForest
18895;Florian Lejeune;728;Defensa;2022;2023;2570;6.7064509999999995;60.0;81.48;ALTO;ALTO;ALTO;ALTO;0.3074;0.3092;0.3834;RandomForest
18965;Martín Montoya;543;Defensa;2022;2023;456;6.583333;35.47;;;BAJO;BAJO;BAJO;0.5941;0.2887;0.1172;RandomForest
20520;Iván Balliu;728;Defensa;2022;2023;3237;6.708108000000001;60.59;64.99;MEDIO;MEDIO;MEDIO;MEDIO;0.3221;0.4421;0.2358;RandomForest
20627;Houboulang Mendes;723;Defensa;2022;2023;889;6.221428;30.92;35.94;;BAJO;BAJO;BAJO;0.6631;0.2439;0.0931;RandomForest
22225;Reinildo Mandava;530;Defensa;2022;2023;1860;7.013636;77.41;70.49;MEDIO;MEDIO;ALTO;MEDIO;0.1251;0.4615;0.4133;RandomForest
24793;Jorge Meré;724;Defensa;2022;2023;600;6.71;48.72;35.07;BAJO;BAJO;BAJO;BAJO;0.6087;0.278;0.1134;RandomForest
25345;Karim Rekik;536;Defensa;2022;2023;1185;6.61875;46.51;;;BAJO;BAJO;MEDIO;0.5776;0.3087;0.1137;RandomForest
26302;Pablo Maffeo;798;Defensa;2022;2023;3066;6.811428;76.49;58.54;MEDIO;MEDIO;MEDIO;MEDIO;0.1842;0.4661;0.3497;RandomForest
30525;Pol Lirola;797;Defensa;2022;2023;627;6.525;40.17;;;BAJO;BAJO;BAJO;0.6179;0.2737;0.1084;RandomForest
31386;Jawad El Yamiq;720;Defensa;2022;2023;1626;6.84;70.09;;;BAJO;MEDIO;MEDIO;0.3902;0.376;0.2337;RandomForest
46651;Carlos Clerc;797;Defensa;2022;2023;2647;6.8031250000000005;70.0;;;MEDIO;MEDIO;MEDIO;0.2684;0.4373;0.2943;RandomForest
46652;Unai García;727;Defensa;2022;2023;1717;6.7299999999999995;53.01;31.31;BAJO;BAJO;BAJO;MEDIO;0.6056;0.2892;0.1051;RandomForest
46653;David García;727;Defensa;2022;2023;2683;6.903224999999999;73.98;74.43;ALTO;ALTO;ALTO;ALTO;0.2179;0.3411;0.441;RandomForest
46654;Aridane Hernández;727;Defensa;2022;2023;1791;6.913043000000001;69.0;54.73;BAJO;BAJO;BAJO;BAJO;0.4673;0.3109;0.2218;RandomForest
46657;Nacho Vidal;727;Defensa;2022;2023;1249;6.525;47.02;38.44;BAJO;BAJO;BAJO;ALTO;0.59;0.2966;0.1134;RandomForest
46731;Pervis Estupiñán;533;Defensa;2022;2023;0;;19.05;;;BAJO;BAJO;BAJO;0.6402;0.2325;0.1273;RandomForest
46733;Antonio Raíllo;798;Defensa;2022;2023;2766;7.070967;79.89;81.74;ALTO;ALTO;ALTO;ALTO;0.073;0.1951;0.7319;RandomForest
46736;Franco Russo;798;Defensa;2022;2023;146;6.8;45.01;;;BAJO;BAJO;BAJO;0.5402;0.2886;0.1712;RandomForest
46738;Martin Valjent;798;Defensa;2022;2023;2659;6.903332999999999;65.64;53.74;BAJO;BAJO;MEDIO;BAJO;0.4769;0.3601;0.163;RandomForest
46759;Alfonso Espino;724;Defensa;2022;2023;6246;6.811111;72.23;62.21;MEDIO;MEDIO;MEDIO;MEDIO;0.1201;0.6195;0.2605;RandomForest
46764;Brian Oliván;540;Defensa;2022;2023;2413;6.82;68.47;;;MEDIO;ALTO;MEDIO;0.2638;0.4196;0.3166;RandomForest
46795;Domingos Duarte;546;Defensa;2022;2023;2657;6.787096;64.0;30.91;BAJO;BAJO;BAJO;BAJO;0.4905;0.3421;0.1674;RandomForest
46815;Pau Torres;533;Defensa;2022;2023;3055;7.038235;83.84;;;ALTO;ALTO;ALTO;0.0801;0.2176;0.7023;RandomForest
46817;Diego González;797;Defensa;2022;2023;952;6.4;30.53;;;BAJO;BAJO;BAJO;0.6134;0.2817;0.1049;RandomForest
46818;Luis Hernández;724;Defensa;2022;2023;3150;6.902857;68.56;53.79;BAJO;BAJO;BAJO;BAJO;0.4452;0.3737;0.1811;RandomForest
46849;Javier Hernández;547;Defensa;2022;2023;1114;6.7;56.58;63.64;MEDIO;BAJO;BAJO;BAJO;0.4241;0.4192;0.1567;RandomForest
46914;Esteban Saveljich;728;Defensa;2022;2023;0;;19.05;;;BAJO;BAJO;BAJO;0.6444;0.2289;0.1267;RandomForest
46965;Gonzalo Verdú;797;Defensa;2022;2023;702;6.386666000000001;34.84;;;BAJO;BAJO;MEDIO;0.5749;0.3059;0.1192;RandomForest
46967;Juan Cruz;727;Defensa;2022;2023;2064;6.707692;49.47;36.78;BAJO;BAJO;BAJO;BAJO;0.6181;0.2752;0.1066;RandomForest
46968;Óscar Gil;540;Defensa;2022;2023;2572;6.575756999999999;54.37;;;MEDIO;BAJO;BAJO;0.3508;0.443;0.2061;RandomForest
46998;Juan Cala;724;Defensa;2022;2023;136;6.766666;42.64;;;BAJO;BAJO;BAJO;0.5828;0.2783;0.1388;RandomForest
47078;Luis Pérez;720;Defensa;2022;2023;1221;6.772222000000001;60.78;;;BAJO;BAJO;MEDIO;0.399;0.383;0.218;RandomForest
47100;Iza Carcelén;724;Defensa;2022;2023;2204;6.988888;79.11;60.62;MEDIO;MEDIO;ALTO;ALTO;0.1334;0.4839;0.3827;RandomForest
47119;Aitor Ruibal;543;Defensa;2022;2023;1450;6.672;57.07;69.42;MEDIO;MEDIO;MEDIO;MEDIO;0.3568;0.4468;0.1964;RandomForest
47249;Leandro Cabrera;540;Defensa;2022;2023;2681;6.745161;65.98;;;MEDIO;ALTO;ALTO;0.2471;0.4159;0.337;RandomForest
47250;Djené;546;Defensa;2022;2023;2847;6.672727;57.94;58.08;MEDIO;MEDIO;MEDIO;MEDIO;0.2642;0.5601;0.1757;RandomForest
47251;Dimitri Foulquier;532;Defensa;2022;2023;1738;6.596666;44.7;50.15;BAJO;BAJO;BAJO;BAJO;0.6381;0.2706;0.0912;RandomForest
47257;Damián Suárez;546;Defensa;2022;2023;1957;6.761538;61.1;57.07;MEDIO;BAJO;BAJO;MEDIO;0.4211;0.4065;0.1725;RandomForest
47271;Yeray Álvarez;531;Defensa;2022;2023;2337;6.953571;78.68;58.89;MEDIO;ALTO;ALTO;MEDIO;0.1171;0.4138;0.4691;RandomForest
47272;Mikel Balenziaga;531;Defensa;2022;2023;114;6.25;20.97;;;BAJO;BAJO;BAJO;0.6435;0.2317;0.1248;RandomForest
47273;Yuri Berchiche;531;Defensa;2022;2023;2406;6.962068000000001;82.25;85.37;ALTO;ALTO;ALTO;ALTO;0.0975;0.2389;0.6636;RandomForest
47274;Ander Capa;531;Defensa;2022;2023;103;6.516666;28.34;;;BAJO;BAJO;BAJO;0.6525;0.2229;0.1246;RandomForest
47275;Óscar de Marcos;531;Defensa;2022;2023;2824;6.791891;67.21;76.11;ALTO;ALTO;MEDIO;MEDIO;0.2395;0.3581;0.4024;RandomForest
47276;Íñigo Lekue;531;Defensa;2022;2023;1321;6.705;54.28;51.34;BAJO;BAJO;BAJO;BAJO;0.5678;0.3098;0.1225;RandomForest
47277;Unai Núñez;538;Defensa;2022;2023;3151;6.908571;77.66;78.22;ALTO;ALTO;ALTO;ALTO;0.1413;0.3758;0.4829;RandomForest
47278;Daniel Vivian;531;Defensa;2022;2023;2374;6.867857;69.55;71.24;ALTO;ALTO;ALTO;ALTO;0.2482;0.3681;0.3837;RandomForest
47298;Aritz Elustondo;548;Defensa;2022;2023;1454;6.511999999999999;40.33;63.9;MEDIO;BAJO;BAJO;MEDIO;0.6239;0.2845;0.0916;RandomForest
47299;Andoni Gorosabel;548;Defensa;2022;2023;3421;6.651851000000001;51.98;71.37;ALTO;MEDIO;MEDIO;MEDIO;0.3392;0.356;0.3048;RandomForest
47301;Robin Le Normand;530;Defensa;2022;2023;5588;6.915151000000001;73.12;75.04;ALTO;ALTO;ALTO;ALTO;0.1186;0.3357;0.5457;RandomForest
47303;Aihen Muñoz;548;Defensa;2022;2023;1757;6.613043;50.75;68.23;MEDIO;BAJO;BAJO;BAJO;0.4582;0.4026;0.1392;RandomForest
47307;Joseba Zaldúa;724;Defensa;2022;2023;638;6.5;43.84;33.92;BAJO;BAJO;BAJO;BAJO;0.5493;0.2942;0.1565;RandomForest
47314;Igor Zubeldia;548;Defensa;2022;2023;2547;6.886666;71.37;64.5;MEDIO;MEDIO;BAJO;MEDIO;0.3193;0.4491;0.2315;RandomForest
47329;Adrià Pedrosa;536;Defensa;2022;2023;459;6.5;34.77;73.92;ALTO;BAJO;BAJO;ALTO;0.5742;0.2746;0.1512;RandomForest
47334;David López;547;Defensa;2022;2023;1657;7.05;82.51;77.18;ALTO;ALTO;ALTO;ALTO;0.0956;0.2024;0.702;RandomForest
47356;Rodrigo Ely;723;Defensa;2022;2023;3167;6.813888;67.41;;;MEDIO;ALTO;BAJO;0.2954;0.4339;0.2707;RandomForest
47378;Pedro Bigas;797;Defensa;2022;2023;2026;6.710714;59.75;;;MEDIO;ALTO;BAJO;0.3668;0.4292;0.204;RandomForest
47391;Rubén Peña;727;Defensa;2022;2023;1281;6.690000000000001;59.54;67.03;MEDIO;MEDIO;MEDIO;MEDIO;0.3567;0.443;0.2003;RandomForest
47432;Hugo Mallo;538;Defensa;2022;2023;2170;6.861538;72.42;;;MEDIO;ALTO;ALTO;0.2807;0.4046;0.3147;RandomForest
47433;Lucas Olaza;720;Defensa;2022;2023;1494;6.734782;55.87;;;BAJO;BAJO;BAJO;0.4904;0.3601;0.1495;RandomForest
47434;Kevin Vázquez;538;Defensa;2022;2023;441;6.45;30.18;35.28;BAJO;BAJO;BAJO;BAJO;0.6336;0.2488;0.1176;RandomForest
47478;Fernando Calero;540;Defensa;2022;2023;1625;6.715384;52.37;;;BAJO;BAJO;MEDIO;0.5214;0.3584;0.1202;RandomForest
47487;Joaquín Fernández;720;Defensa;2022;2023;2162;6.788888;60.75;;;MEDIO;MEDIO;MEDIO;0.3672;0.4532;0.1796;RandomForest
47505;Bernardo Espinosa;547;Defensa;2022;2023;1222;6.694117;51.06;30.74;;BAJO;BAJO;BAJO;0.5157;0.344;0.1403;RandomForest
47511;Juanpe;547;Defensa;2022;2023;1427;6.594443999999999;43.92;41.13;BAJO;BAJO;BAJO;BAJO;0.6373;0.271;0.0917;RandomForest
47514;Valery Fernández;547;Defensa;2022;2023;957;6.6;44.81;42.11;BAJO;BAJO;BAJO;BAJO;0.5756;0.3107;0.1138;RandomForest
47530;Sergio Akieme;723;Defensa;2022;2023;2299;6.593103;54.09;57.94;MEDIO;MEDIO;BAJO;MEDIO;0.3904;0.444;0.1656;RandomForest
47533;Alejandro Catena;727;Defensa;2022;2023;6210;6.9;72.08;58.33;MEDIO;MEDIO;MEDIO;MEDIO;0.2174;0.5523;0.2302;RandomForest
47547;Álex Moreno;543;Defensa;2022;2023;1350;6.813333;73.76;;;MEDIO;ALTO;ALTO;0.281;0.3826;0.3364;RandomForest
47550;Mario Suárez;728;Defensa;2022;2023;10;6.2;14.63;;;BAJO;BAJO;BAJO;0.5835;0.2501;0.1664;RandomForest
47566;Javi Galán;538;Defensa;2022;2023;3163;6.854054;77.77;61.61;MEDIO;MEDIO;ALTO;MEDIO;0.0779;0.5188;0.4033;RandomForest
48372;Eray Cömert;532;Defensa;2022;2023;1673;6.918180999999999;70.36;;;MEDIO;MEDIO;MEDIO;0.2906;0.4129;0.2965;RandomForest
51449;Gastón Álvarez;546;Defensa;2022;2023;1501;6.647619;47.95;62.46;MEDIO;BAJO;BAJO;MEDIO;0.54;0.3575;0.1025;RandomForest
53517;Dennis Hadžikadunić;798;Defensa;2022;2023;616;6.6;39.19;;;BAJO;BAJO;BAJO;0.602;0.2895;0.1085;RandomForest
56283;Lucas Rosa;720;Defensa;2022;2023;939;6.770588;58.19;;;BAJO;BAJO;MEDIO;0.604;0.2821;0.1139;RandomForest
64268;Johan Mojica;533;Defensa;2022;2023;1171;6.766666;50.37;54.87;BAJO;BAJO;BAJO;BAJO;0.5958;0.2901;0.114;RandomForest
64309;Manuel Sánchez;538;Defensa;2022;2023;4238;6.664516;52.71;58.23;MEDIO;MEDIO;MEDIO;MEDIO;0.2464;0.5117;0.2419;RandomForest
72048;Cenk Özkaçar;532;Defensa;2022;2023;1363;6.83125;65.49;50.51;BAJO;BAJO;BAJO;BAJO;0.4949;0.3378;0.1673;RandomForest
101814;Ronald Araújo;529;Defensa;2022;2023;1802;7.063636;79.59;80.64;ALTO;ALTO;ALTO;ALTO;0.0799;0.1926;0.7275;RandomForest
107207;Mario Hernández;728;Defensa;2022;2023;102;6.1;20.01;;;BAJO;BAJO;BAJO;0.6963;0.2039;0.0998;RandomForest
119742;Juan Iglesias;546;Defensa;2022;2023;2141;6.7125;59.63;65.31;MEDIO;BAJO;MEDIO;MEDIO;0.4277;0.4163;0.156;RandomForest
127377;Benjamín Garay;798;Defensa;2022;2023;0;;19.05;;;BAJO;BAJO;BAJO;0.6402;0.2325;0.1273;RandomForest
133110;Tanguy Nianzou;536;Defensa;2022;2023;1370;6.642105;53.06;30.09;;BAJO;BAJO;MEDIO;0.4908;0.3428;0.1664;RandomForest
135334;Santiago Bueno;547;Defensa;2022;2023;3012;6.844117;71.14;18.67;;MEDIO;ALTO;MEDIO;0.1876;0.4283;0.3842;RandomForest
144261;Carlos García;724;Defensa;2022;2023;24;7.0;53.33;;;BAJO;BAJO;BAJO;0.5565;0.3017;0.1418;RandomForest
157988;Sergio Carreira;533;Defensa;2022;2023;0;;19.05;;;BAJO;BAJO;BAJO;0.6402;0.2325;0.1273;RandomForest
161928;Alejandro Balde;529;Defensa;2022;2023;2479;6.936363;79.69;67.97;MEDIO;MEDIO;ALTO;MEDIO;0.1662;0.4268;0.407;RandomForest
162032;Miguel Gutiérrez;547;Defensa;2022;2023;2397;6.67647;58.97;79.16;ALTO;ALTO;ALTO;ALTO;0.2521;0.3286;0.4192;RandomForest
162058;Víctor Chust;724;Defensa;2022;2023;964;6.7;48.5;55.04;BAJO;BAJO;BAJO;BAJO;0.617;0.273;0.11;RandomForest
162138;Marco Moreno;530;Defensa;2022;2023;0;;19.05;18.67;;BAJO;BAJO;BAJO;0.6402;0.2325;0.1273;RandomForest
162175;Jesús Vázquez;532;Defensa;2022;2023;318;6.5;34.24;39.35;BAJO;BAJO;BAJO;BAJO;0.6517;0.2307;0.1176;RandomForest
162495;Fernando Medrano;538;Defensa;2022;2023;12;6.900000000000001;47.03;;;BAJO;BAJO;BAJO;0.623;0.2508;0.1262;RandomForest
162531;Xavi Sintes;536;Defensa;2022;2023;0;;19.05;18.67;;BAJO;BAJO;BAJO;0.6402;0.2325;0.1273;RandomForest
162605;Javi Domínguez;538;Defensa;2022;2023;0;;19.05;18.67;;BAJO;BAJO;BAJO;0.6402;0.2325;0.1273;RandomForest
162712;Óscar Mingueza;538;Defensa;2022;2023;1294;6.700000000000001;54.45;83.9;ALTO;BAJO;ALTO;ALTO;0.3542;0.3312;0.3146;RandomForest
163208;Carles Marco;797;Defensa;2022;2023;0;;19.05;;;BAJO;BAJO;BAJO;0.6402;0.2325;0.1273;RandomForest
174918;Loïc Badé;536;Defensa;2022;2023;1447;7.066666;79.27;78.23;ALTO;ALTO;ALTO;ALTO;0.2476;0.3131;0.4393;RandomForest
181582;José Copete;798;Defensa;2022;2023;2214;6.892857;73.85;57.14;MEDIO;MEDIO;MEDIO;MEDIO;0.1723;0.6304;0.1973;RandomForest
181734;Josep Chavarría;728;Defensa;2022;2023;381;6.507142;33.75;51.32;BAJO;BAJO;BAJO;BAJO;0.6494;0.2479;0.1027;RandomForest
182546;Jon Pacheco;548;Defensa;2022;2023;1195;6.77647;52.45;64.07;MEDIO;BAJO;BAJO;MEDIO;0.5385;0.3377;0.1238;RandomForest
182592;Jorge Herrando;727;Defensa;2022;2023;27;4.9;15.01;41.37;BAJO;BAJO;BAJO;BAJO;0.6793;0.205;0.1157;RandomForest
182857;Sergio Barcia;538;Defensa;2022;2023;0;;19.05;;;BAJO;BAJO;BAJO;0.6402;0.2325;0.1273;RandomForest
183849;Aitor Paredes;531;Defensa;2022;2023;858;6.691666;42.69;57.0;MEDIO;BAJO;BAJO;BAJO;0.5176;0.3579;0.1244;RandomForest
184420;Carlos Romero;533;Defensa;2022;2023;0;;19.05;36.99;;BAJO;BAJO;BAJO;0.6402;0.2325;0.1273;RandomForest
185602;Álex Revuelta;546;Defensa;2022;2023;0;;19.05;;;BAJO;BAJO;BAJO;0.6389;0.2329;0.1282;RandomForest
185715;Josep Gayá;798;Defensa;2022;2023;53;6.45;20.84;;;BAJO;BAJO;BAJO;0.6631;0.2242;0.1127;RandomForest
185810;Raúl Parra;724;Defensa;2022;2023;312;6.366666;25.17;;;BAJO;BAJO;BAJO;0.6123;0.2625;0.1252;RandomForest
188409;Fran Delgado;543;Defensa;2022;2023;11;6.2;15.11;;;BAJO;BAJO;BAJO;0.5601;0.2539;0.186;RandomForest
188413;Ricardo Visus;543;Defensa;2022;2023;0;;19.05;41.62;;BAJO;BAJO;BAJO;0.6402;0.2325;0.1273;RandomForest
189866;John Donald;797;Defensa;2022;2023;1094;6.45;39.08;;;BAJO;BAJO;MEDIO;0.6579;0.2479;0.0943;RandomForest
192024;Lautaro Spatz;724;Defensa;2022;2023;0;;19.05;;;BAJO;BAJO;BAJO;0.6402;0.2325;0.1273;RandomForest
195263;Diego Moreno;720;Defensa;2022;2023;0;;19.05;;;BAJO;BAJO;BAJO;0.6402;0.2325;0.1273;RandomForest
195918;Diego Moreno;727;Defensa;2022;2023;636;6.51;35.79;;;BAJO;BAJO;BAJO;0.6111;0.2714;0.1175;RandomForest
195923;José Ángel Carmona;797;Defensa;2022;2023;1120;6.477777;47.23;43.4;BAJO;BAJO;BAJO;BAJO;0.6435;0.2773;0.0792;RandomForest
197448;Yan Couto;547;Defensa;2022;2023;1151;6.691666;56.35;78.38;ALTO;BAJO;BAJO;BAJO;0.4125;0.3653;0.2223;RandomForest
199824;Rubén Sánchez;540;Defensa;2022;2023;889;6.694444;52.8;;;BAJO;BAJO;BAJO;0.5687;0.2913;0.14;RandomForest
203426;Jonathan Gómez;548;Defensa;2022;2023;0;;19.05;;;BAJO;BAJO;BAJO;0.6402;0.2325;0.1273;RandomForest
208055;Miguelito;798;Defensa;2022;2023;0;;19.05;18.67;;BAJO;BAJO;BAJO;0.6402;0.2325;0.1273;RandomForest
278898;Chadi Riad;529;Defensa;2022;2023;1;0.0;13.91;60.94;MEDIO;BAJO;ALTO;ALTO;0.5624;0.2586;0.179;RandomForest
283668;Arnau Martínez;547;Defensa;2022;2023;2735;6.754545000000001;70.75;47.82;BAJO;ALTO;ALTO;ALTO;0.3011;0.3361;0.3628;RandomForest
286074;Eric Monjonell;547;Defensa;2022;2023;0;;19.05;18.67;;BAJO;BAJO;BAJO;0.6402;0.2325;0.1273;RandomForest
286559;Carlos Domínguez;538;Defensa;2022;2023;107;6.8;45.52;45.92;BAJO;BAJO;BAJO;BAJO;0.6736;0.211;0.1154;RandomForest
286601;Omar El Hilali;540;Defensa;2022;2023;109;6.44;26.37;;;BAJO;BAJO;BAJO;0.6471;0.2373;0.1156;RandomForest
286620;Joan Puig;540;Defensa;2022;2023;0;;19.05;;;BAJO;BAJO;BAJO;0.6402;0.2325;0.1273;RandomForest
286643;Amankwaa Akurugu;546;Defensa;2022;2023;0;;19.05;;;BAJO;BAJO;BAJO;0.6402;0.2325;0.1273;RandomForest
287175;Alejandro Rodriguez;546;Defensa;2022;2023;0;;19.05;;;BAJO;BAJO;BAJO;0.6402;0.2325;0.1273;RandomForest
287177;Adrián Corral;530;Defensa;2022;2023;0;;19.05;;;BAJO;BAJO;BAJO;0.6402;0.2325;0.1273;RandomForest
289444;Lautaro Blanco;797;Defensa;2022;2023;872;6.529411;41.52;;;BAJO;BAJO;BAJO;0.5787;0.3012;0.1201;RandomForest
297311;Kike Salas;536;Defensa;2022;2023;369;6.833333;54.73;71.9;ALTO;BAJO;BAJO;ALTO;0.4688;0.3023;0.2289;RandomForest
298064;David Torres;720;Defensa;2022;2023;381;6.442857;27.88;;;BAJO;BAJO;BAJO;0.6198;0.2478;0.1324;RandomForest
305803;Kaiky;723;Defensa;2022;2023;579;6.58;33.86;36.54;BAJO;BAJO;BAJO;BAJO;0.6325;0.2557;0.1118;RandomForest
315701;Rubén Iranzo;532;Defensa;2022;2023;0;;19.05;44.15;;BAJO;BAJO;BAJO;0.6402;0.2325;0.1273;RandomForest
317418;Mamadou Fall;533;Defensa;2022;2023;29;6.3;17.48;;;BAJO;BAJO;BAJO;0.5888;0.2427;0.1685;RandomForest
332219;Biel Farrés;547;Defensa;2022;2023;0;;19.05;;;BAJO;BAJO;BAJO;0.6402;0.2325;0.1273;RandomForest
333373;Gorka Rivera;546;Defensa;2022;2023;0;;19.05;25.27;;BAJO;BAJO;BAJO;0.6402;0.2325;0.1273;RandomForest
333682;Cristhian Mosquera;532;Defensa;2022;2023;143;6.7;35.78;71.19;MEDIO;BAJO;BAJO;MEDIO;0.5677;0.2936;0.1387;RandomForest
334573;Tincho Conde;538;Defensa;2022;2023;0;;19.05;;;BAJO;BAJO;BAJO;0.6402;0.2325;0.1273;RandomForest
335037;Diego Hormigo;536;Defensa;2022;2023;46;6.0;17.74;31.48;;BAJO;BAJO;BAJO;0.6758;0.2138;0.1104;RandomForest
336681;Sergio Diez Roldán;530;Defensa;2022;2023;0;;19.05;;;BAJO;BAJO;BAJO;0.6402;0.2325;0.1273;RandomForest
336955;Víctor Rofino;720;Defensa;2022;2023;0;;19.05;;;BAJO;BAJO;BAJO;0.6402;0.2325;0.1273;RandomForest
338508;Ilias Kostis;530;Defensa;2022;2023;0;;19.05;18.67;;BAJO;BAJO;BAJO;0.6402;0.2325;0.1273;RandomForest
341700;Iván Fresneda;720;Defensa;2022;2023;1775;6.686363;51.94;;;BAJO;BAJO;MEDIO;0.4616;0.3773;0.1611;RandomForest
347886;Félix Garreta;543;Defensa;2022;2023;90;7.2;56.22;;;BAJO;BAJO;BAJO;0.6131;0.2517;0.1352;RandomForest
348329;Pablo Ramirez;546;Defensa;2022;2023;0;;19.05;;;BAJO;BAJO;BAJO;0.6402;0.2325;0.1273;RandomForest
349397;Wassim Keddari;540;Defensa;2022;2023;142;6.314285;22.25;;;BAJO;BAJO;BAJO;0.6369;0.2367;0.1264;RandomForest
350073;Marcos Fernández;798;Defensa;2022;2023;0;;19.05;18.67;;BAJO;BAJO;BAJO;0.6402;0.2325;0.1273;RandomForest
351235;Kikín;724;Defensa;2022;2023;0;;19.05;;;BAJO;BAJO;BAJO;0.6402;0.2325;0.1273;RandomForest
52;Sergio Camello;728;Delantero;2022;2023;2412;6.831578000000001;68.59;52.74;BAJO;BAJO;MEDIO;BAJO;0.4374;0.4032;0.1594;RandomForest
53;Ángel Correa;530;Delantero;2022;2023;1463;6.7285710000000005;62.1;75.4;MEDIO;MEDIO;MEDIO;MEDIO;0.3784;0.4896;0.1319;RandomForest
56;Antoine Griezmann;530;Delantero;2022;2023;2861;7.697368000000001;90.09;84.59;ALTO;ALTO;ALTO;ALTO;0.0149;0.0252;0.9598;RandomForest
59;Álvaro Morata;530;Delantero;2022;2023;1906;6.908333;77.07;72.79;MEDIO;MEDIO;MEDIO;MEDIO;0.2425;0.5427;0.2148;RandomForest
83;Arnaut Danjuma;533;Delantero;2022;2023;480;6.6;46.86;;;BAJO;BAJO;MEDIO;0.5581;0.3113;0.1306;RandomForest
153;Ousmane Dembélé;529;Delantero;2022;2023;1415;7.16;83.69;;;ALTO;ALTO;ALTO;0.0646;0.2384;0.697;RandomForest
274;Edinson Cavani;532;Delantero;2022;2023;1459;6.776;61.04;;;BAJO;BAJO;BAJO;0.4986;0.3883;0.1131;RandomForest
521;Robert Lewandowski;529;Delantero;2022;2023;2851;7.3470580000000005;84.99;81.65;ALTO;ALTO;ALTO;ALTO;0.0603;0.1598;0.7799;RandomForest
550;Kasper Dolberg;536;Delantero;2022;2023;198;6.549999999999999;36.22;;;BAJO;BAJO;BAJO;0.6225;0.2481;0.1295;RandomForest
582;Haris Seferović;538;Delantero;2022;2023;887;6.705555;58.33;;;BAJO;BAJO;BAJO;0.627;0.2801;0.0928;RandomForest
583;João Félix;530;Delantero;2022;2023;650;6.923075999999999;75.29;36.14;BAJO;BAJO;MEDIO;BAJO;0.4385;0.3848;0.1767;RandomForest
608;Lucas Boyé;797;Delantero;2022;2023;2475;6.731427999999999;74.62;74.47;MEDIO;MEDIO;ALTO;MEDIO;0.1864;0.4468;0.3668;RandomForest
612;Ezequiel Ponce;797;Delantero;2022;2023;1110;6.503333;41.91;;;BAJO;BAJO;BAJO;0.6098;0.314;0.0762;RandomForest
667;Memphis Depay;530;Delantero;2022;2023;399;6.837500000000001;61.97;60.67;MEDIO;BAJO;BAJO;MEDIO;0.4855;0.4016;0.1129;RandomForest
668;Nabil Fekir;543;Delantero;2022;2023;965;6.873333;79.59;82.4;ALTO;ALTO;ALTO;ALTO;0.1315;0.3047;0.5637;RandomForest
746;Marco Asensio;541;Delantero;2022;2023;1436;7.1966660000000005;81.87;;;ALTO;ALTO;ALTO;0.0831;0.3404;0.5765;RandomForest
759;Karim Benzema;541;Delantero;2022;2023;2044;7.4875;80.28;;;ALTO;ALTO;ALTO;0.0576;0.1776;0.7648;RandomForest
760;Mariano Díaz;541;Delantero;2022;2023;150;6.475;21.8;42.9;BAJO;BAJO;BAJO;BAJO;0.6878;0.2106;0.1016;RandomForest
762;Vinícius Júnior;541;Delantero;2022;2023;2832;7.036362999999999;86.61;85.25;ALTO;ALTO;ALTO;ALTO;0.0263;0.118;0.8556;RandomForest
792;Justin Kluivert;532;Delantero;2022;2023;1450;6.807692;72.65;;;MEDIO;MEDIO;MEDIO;0.3068;0.5106;0.1826;RandomForest
931;Ferran Torres;529;Delantero;2022;2023;1402;6.7787869999999995;67.43;68.13;MEDIO;MEDIO;MEDIO;MEDIO;0.2908;0.5502;0.159;RandomForest
937;Rubén Sobrino;724;Delantero;2022;2023;2471;6.618181;64.9;53.82;BAJO;BAJO;MEDIO;BAJO;0.391;0.3032;0.3058;RandomForest
1165;Matheus Cunha;530;Delantero;2022;2023;371;6.690909;57.64;;;BAJO;BAJO;BAJO;0.4903;0.3892;0.1205;RandomForest
1465;Pierre-Emerick Aubameyang;529;Delantero;2022;2023;8;6.7;35.63;;;BAJO;BAJO;BAJO;0.5801;0.2601;0.1598;RandomForest
1496;Raphinha;529;Delantero;2022;2023;2083;7.275;85.15;81.6;ALTO;ALTO;ALTO;ALTO;0.0255;0.0844;0.8901;RandomForest
1583;Sergio León;720;Delantero;2022;2023;1330;6.634482000000001;50.42;;;BAJO;BAJO;MEDIO;0.6086;0.317;0.0744;RandomForest
1584;Loren Morón;543;Delantero;2022;2023;13;6.5;23.05;;;BAJO;BAJO;BAJO;0.6799;0.2235;0.0966;RandomForest
1696;Samuel Chukwueze;533;Delantero;2022;2023;2352;6.894594;79.75;;;MEDIO;ALTO;ALTO;0.1575;0.4237;0.4188;RandomForest
1707;Gerard Moreno;533;Delantero;2022;2023;1227;6.985714000000001;81.18;87.71;ALTO;ALTO;ALTO;ALTO;0.1577;0.3431;0.4992;RandomForest
1830;Gonçalo Paciência;538;Delantero;2022;2023;683;6.6000000000000005;46.43;18.67;;BAJO;BAJO;BAJO;0.6189;0.3112;0.07;RandomForest
2001;Cyle Larin;798;Delantero;2022;2023;2945;6.873684000000001;76.75;56.27;BAJO;BAJO;ALTO;BAJO;0.3576;0.3056;0.3368;RandomForest
2032;Jørgen Strand Larsen;538;Delantero;2022;2023;1710;6.675;59.63;74.44;MEDIO;MEDIO;BAJO;MEDIO;0.3913;0.4594;0.1493;RandomForest
2060;Munir El Haddadi;546;Delantero;2022;2023;1147;6.785714;56.86;69.85;MEDIO;MEDIO;MEDIO;MEDIO;0.3561;0.5233;0.1206;RandomForest
2061;Bryan Gil;536;Delantero;2022;2023;919;6.588235;58.45;;;MEDIO;BAJO;BAJO;0.4115;0.4207;0.1678;RandomForest
2182;Viktor Tsygankov;547;Delantero;2022;2023;1492;7.026315000000001;79.62;83.76;ALTO;ALTO;ALTO;ALTO;0.0849;0.2766;0.6385;RandomForest
2296;Eden Hazard;541;Delantero;2022;2023;194;6.55;36.48;;;BAJO;BAJO;MEDIO;0.5837;0.2735;0.1428;RandomForest
2459;Darwin Machís;720;Delantero;2022;2023;599;6.727272;61.97;48.01;BAJO;BAJO;BAJO;BAJO;0.5579;0.329;0.1131;RandomForest
2615;Maximiliano Gómez;532;Delantero;2022;2023;106;6.233333;22.19;47.1;BAJO;BAJO;BAJO;BAJO;0.6744;0.2146;0.1111;RandomForest
2617;Cristhian Stuani;547;Delantero;2022;2023;1089;6.7;52.42;60.87;MEDIO;MEDIO;MEDIO;MEDIO;0.4524;0.4738;0.0738;RandomForest
2671;Jaime Mata;546;Delantero;2022;2023;428;6.6;42.88;60.62;MEDIO;BAJO;BAJO;BAJO;0.58;0.3214;0.0986;RandomForest
2672;Iker Muniain;531;Delantero;2022;2023;1695;7.0266660000000005;81.34;52.95;BAJO;ALTO;ALTO;MEDIO;0.2294;0.2531;0.5176;RandomForest
2679;Dyego Sousa;723;Delantero;2022;2023;513;6.636842;48.44;;;BAJO;BAJO;BAJO;0.601;0.2939;0.105;RandomForest
2737;Martin Braithwaite;529;Delantero;2022;2023;4937;6.729032;65.53;;;MEDIO;ALTO;BAJO;0.2589;0.4213;0.3198;RandomForest
2864;Alexander Isak;548;Delantero;2022;2023;154;6.849999999999999;55.92;;;BAJO;BAJO;BAJO;0.5834;0.2633;0.1532;RandomForest
3084;Tino Kadewere;798;Delantero;2022;2023;538;6.673333;51.93;;;BAJO;BAJO;BAJO;0.5955;0.2974;0.1071;RandomForest
8492;Alexander Sørloth;548;Delantero;2022;2023;4795;6.758823;70.35;79.14;ALTO;ALTO;ALTO;ALTO;0.1515;0.2631;0.5854;RandomForest
10009;Rodrygo;541;Delantero;2022;2023;2391;7.091176;85.11;83.46;ALTO;ALTO;ALTO;ALTO;0.0444;0.106;0.8497;RandomForest
13062;Léo Baptistão;723;Delantero;2022;2023;1744;6.742857;70.17;70.1;MEDIO;MEDIO;MEDIO;MEDIO;0.3336;0.4671;0.1994;RandomForest
16369;Gonzalo Plata;720;Delantero;2022;2023;2307;6.679411;70.29;;;MEDIO;ALTO;MEDIO;0.235;0.3928;0.3722;RandomForest
18833;Lucas Pérez;724;Delantero;2022;2023;623;6.714285;53.49;;;BAJO;BAJO;BAJO;0.5853;0.301;0.1137;RandomForest
18906;Ayoze Pérez;543;Delantero;2022;2023;1395;6.747368;76.75;85.65;ALTO;ALTO;MEDIO;MEDIO;0.1851;0.3673;0.4476;RandomForest
18907;Joselu;540;Delantero;2022;2023;2989;7.088235;81.87;62.66;MEDIO;MEDIO;ALTO;MEDIO;0.09;0.51;0.4;RandomForest
19306;Arvin Appiah;723;Delantero;2022;2023;0;;19.05;18.67;;BAJO;BAJO;MEDIO;0.6341;0.2367;0.1292;RandomForest
20844;Haissem Hassan;533;Delantero;2022;2023;50;6.6;34.47;;;BAJO;BAJO;MEDIO;0.6474;0.2428;0.1098;RandomForest
30510;Álex Berenguer;531;Delantero;2022;2023;2305;6.862162;79.72;67.14;MEDIO;MEDIO;ALTO;MEDIO;0.1635;0.5109;0.3256;RandomForest
31406;Umar Sadiq;723;Delantero;2022;2023;324;6.433333000000001;32.76;57.47;BAJO;BAJO;BAJO;MEDIO;0.6781;0.2288;0.0931;RandomForest
32862;Takefusa Kubo;548;Delantero;2022;2023;2453;7.051428;84.99;87.64;ALTO;ALTO;ALTO;ALTO;0.0896;0.2834;0.6269;RandomForest
46667;Kike Barja;727;Delantero;2022;2023;1315;6.781481;66.25;40.84;;MEDIO;BAJO;BAJO;0.3592;0.4482;0.1925;RandomForest
46746;Ante Budimir;727;Delantero;2022;2023;1808;6.906451;73.29;77.14;MEDIO;MEDIO;MEDIO;MEDIO;0.2936;0.5193;0.1871;RandomForest
46751;Abdón Prats;798;Delantero;2022;2023;395;6.4625;32.5;58.45;BAJO;BAJO;BAJO;BAJO;0.6896;0.2178;0.0927;RandomForest
46782;Manu Vallejo;547;Delantero;2022;2023;203;6.700000000000001;44.06;18.67;;BAJO;BAJO;BAJO;0.5708;0.299;0.1302;RandomForest
46808;Carlos Fernández;548;Delantero;2022;2023;643;6.504347;41.92;46.35;;BAJO;BAJO;BAJO;0.6206;0.3078;0.0715;RandomForest
46922;Juan Narváez;720;Delantero;2022;2023;147;6.36;26.45;;;BAJO;BAJO;MEDIO;0.655;0.2392;0.1058;RandomForest
46931;Álvaro Giménez;724;Delantero;2022;2023;16;6.25;18.11;;;BAJO;BAJO;BAJO;0.6552;0.2308;0.114;RandomForest
47002;Fidel;797;Delantero;2022;2023;1727;6.644444000000001;57.81;;;MEDIO;BAJO;BAJO;0.3033;0.4289;0.2678;RandomForest
47013;Rafa Mir;536;Delantero;2022;2023;1297;6.556;42.12;40.56;;BAJO;BAJO;MEDIO;0.5497;0.3727;0.0776;RandomForest
47041;Alberto Perea;724;Delantero;2022;2023;46;6.7;38.84;28.71;;BAJO;BAJO;BAJO;0.6294;0.252;0.1186;RandomForest
47170;José Carlos Lazo;540;Delantero;2022;2023;168;6.200000000000001;27.28;;;BAJO;BAJO;ALTO;0.6711;0.2187;0.1102;RandomForest
47182;Tete Morente;797;Delantero;2022;2023;2090;6.693548;64.03;;;MEDIO;MEDIO;MEDIO;0.3494;0.4661;0.1845;RandomForest
47209;Andrés Martín;728;Delantero;2022;2023;203;6.5;34.82;;;BAJO;BAJO;MEDIO;0.592;0.2698;0.1382;RandomForest
47237;Luis Javier Suárez;723;Delantero;2022;2023;1497;6.7;68.1;74.57;MEDIO;MEDIO;MEDIO;MEDIO;0.2413;0.525;0.2337;RandomForest
47264;Hugo Duro;532;Delantero;2022;2023;1371;6.573332999999999;45.55;74.86;MEDIO;BAJO;BAJO;MEDIO;0.5145;0.4159;0.0696;RandomForest
47266;Ángel Rodríguez;798;Delantero;2022;2023;381;6.494117;34.53;;;BAJO;BAJO;BAJO;0.6119;0.2769;0.1112;RandomForest
47291;Gorka Guruzeta;531;Delantero;2022;2023;1421;6.783333;65.35;83.55;ALTO;BAJO;MEDIO;BAJO;0.4244;0.4108;0.1648;RandomForest
47294;Iñaki Williams;531;Delantero;2022;2023;2850;6.880555;79.64;86.65;ALTO;ALTO;ALTO;ALTO;0.1515;0.2684;0.5801;RandomForest
47317;Ander Barrenetxea;548;Delantero;2022;2023;878;6.713043;64.71;68.47;MEDIO;MEDIO;MEDIO;MEDIO;0.3633;0.4996;0.137;RandomForest
47319;Willian José;543;Delantero;2022;2023;711;6.620833;45.62;70.25;MEDIO;BAJO;BAJO;BAJO;0.5672;0.3378;0.0949;RandomForest
47320;Juanmi;543;Delantero;2022;2023;919;6.566666;47.41;60.8;MEDIO;BAJO;BAJO;BAJO;0.5252;0.3971;0.0778;RandomForest
47323;Mikel Oyarzabal;548;Delantero;2022;2023;1224;6.621739;53.72;64.86;MEDIO;BAJO;BAJO;MEDIO;0.4556;0.4344;0.11;RandomForest
47348;Borja Iglesias;543;Delantero;2022;2023;2382;6.857142;70.72;41.24;;MEDIO;MEDIO;MEDIO;0.3837;0.4362;0.1801;RandomForest
47349;Javi Puado;540;Delantero;2022;2023;2347;6.713513;64.29;;;MEDIO;MEDIO;MEDIO;0.3739;0.4814;0.1447;RandomForest
47396;Kike García;727;Delantero;2022;2023;1009;6.652941;53.87;65.66;MEDIO;BAJO;BAJO;MEDIO;0.4766;0.4453;0.0781;RandomForest
47422;Youssef En-Nesyri;536;Delantero;2022;2023;1656;6.776666;61.25;68.58;MEDIO;MEDIO;MEDIO;MEDIO;0.4441;0.4732;0.0827;RandomForest
47445;Iago Aspas;538;Delantero;2022;2023;2867;7.191891;81.27;84.3;ALTO;ALTO;ALTO;ALTO;0.028;0.0628;0.9092;RandomForest
47467;José Luis Morales;533;Delantero;2022;2023;1201;6.653571;52.72;42.93;BAJO;BAJO;BAJO;BAJO;0.6167;0.3006;0.0827;RandomForest
47471;Roger Martí;797;Delantero;2022;2023;1297;6.557142;44.91;67.14;MEDIO;BAJO;BAJO;MEDIO;0.5479;0.3774;0.0748;RandomForest
47472;Borja Mayoral;546;Delantero;2022;2023;2775;6.667647;57.17;76.72;MEDIO;MEDIO;MEDIO;MEDIO;0.3257;0.5117;0.1626;RandomForest
47492;Toni Villa;547;Delantero;2022;2023;986;6.5;40.48;24.93;;BAJO;BAJO;MEDIO;0.5255;0.3345;0.1401;RandomForest
47495;Sergi Guardiola;724;Delantero;2022;2023;1681;6.77647;62.22;45.14;BAJO;BAJO;MEDIO;BAJO;0.4758;0.4123;0.1119;RandomForest
47496;Óscar Plano;720;Delantero;2022;2023;2043;6.736363;66.59;;;BAJO;MEDIO;BAJO;0.4002;0.3911;0.2087;RandomForest
47499;Enes Ünal;546;Delantero;2022;2023;2986;7.137141999999999;84.74;44.88;;ALTO;ALTO;MEDIO;0.0722;0.3717;0.5561;RandomForest
47520;Portu;546;Delantero;2022;2023;1762;6.585294;52.18;52.44;BAJO;BAJO;BAJO;BAJO;0.5433;0.336;0.1207;RandomForest
47525;Anthony Lozano;724;Delantero;2022;2023;1438;6.582142;50.26;54.75;BAJO;BAJO;BAJO;BAJO;0.6363;0.2843;0.0794;RandomForest
47551;Raúl de Tomás;728;Delantero;2022;2023;804;6.836842;69.49;53.5;BAJO;BAJO;MEDIO;BAJO;0.5253;0.3699;0.1048;RandomForest
47553;Bebé;728;Delantero;2022;2023;56;6.466665999999999;26.13;44.74;;BAJO;BAJO;MEDIO;0.6762;0.2212;0.1025;RandomForest
47554;Adrián Embarba;723;Delantero;2022;2023;1511;6.927586;68.58;78.24;ALTO;ALTO;ALTO;ALTO;0.2018;0.2819;0.5163;RandomForest
47579;Chimy Ávila;727;Delantero;2022;2023;1723;6.8655170000000005;72.42;62.16;MEDIO;MEDIO;MEDIO;MEDIO;0.3089;0.5328;0.1582;RandomForest
50048;Vedat Muriqi;798;Delantero;2022;2023;2953;7.017142;80.1;80.47;ALTO;ALTO;ALTO;ALTO;0.1007;0.2675;0.6318;RandomForest
50502;Álvaro Negredo;724;Delantero;2022;2023;754;6.7789470000000005;58.34;36.69;;BAJO;BAJO;BAJO;0.5381;0.3471;0.1148;RandomForest
50856;Valentin Castellanos;547;Delantero;2022;2023;2617;6.834285000000001;70.02;;;MEDIO;MEDIO;MEDIO;0.4149;0.4161;0.1689;RandomForest
51588;Brian Ocampo;724;Delantero;2022;2023;1128;6.588888;57.71;41.12;;BAJO;BAJO;BAJO;0.4519;0.3886;0.1595;RandomForest
67955;Carles Pérez;538;Delantero;2022;2023;2146;6.691428;65.96;51.3;BAJO;MEDIO;MEDIO;MEDIO;0.3561;0.4344;0.2095;RandomForest
70339;Shon Weissman;720;Delantero;2022;2023;742;6.480000000000001;37.03;26.51;;BAJO;BAJO;BAJO;0.6324;0.2758;0.0918;RandomForest
104792;Chris Ramos;724;Delantero;2022;2023;706;6.833333;70.21;65.46;MEDIO;MEDIO;MEDIO;MEDIO;0.3042;0.5445;0.1512;RandomForest
104793;Amath Ndiaye;798;Delantero;2022;2023;1219;6.485714;44.53;37.98;;BAJO;BAJO;BAJO;0.6058;0.3169;0.0773;RandomForest
104853;Asier Villalibre;531;Delantero;2022;2023;96;6.44;26.2;43.63;BAJO;BAJO;BAJO;BAJO;0.6906;0.2047;0.1047;RandomForest
104865;Sekou Gassama;720;Delantero;2022;2023;34;6.3;19.56;;;BAJO;BAJO;MEDIO;0.6371;0.2388;0.1241;RandomForest
119232;Dani Gómez;540;Delantero;2022;2023;82;6.328571;23.67;;;BAJO;BAJO;BAJO;0.6932;0.21;0.0968;RandomForest
122233;Marcos André;532;Delantero;2022;2023;436;6.582352;45.06;;;BAJO;BAJO;BAJO;0.6009;0.3029;0.0962;RandomForest
135775;Ansu Fati;529;Delantero;2022;2023;1389;6.764705;64.7;29.81;;MEDIO;MEDIO;MEDIO;0.4048;0.4383;0.1569;RandomForest
138776;Largie Ramazani;723;Delantero;2022;2023;1394;6.584848;51.48;61.8;MEDIO;MEDIO;BAJO;BAJO;0.4401;0.4789;0.0809;RandomForest
144734;Nabil Touaizi;540;Delantero;2022;2023;12;6.2;14.7;;;BAJO;BAJO;BAJO;0.5942;0.2516;0.1543;RandomForest
162028;Juanmi Latasa;546;Delantero;2022;2023;434;6.741176;54.82;64.37;MEDIO;MEDIO;MEDIO;MEDIO;0.4017;0.4866;0.1117;RandomForest
162127;Diego López;532;Delantero;2022;2023;453;6.79;70.24;74.13;MEDIO;MEDIO;BAJO;BAJO;0.33;0.4871;0.183;RandomForest
162603;Carlos Rojas;723;Delantero;2022;2023;0;;19.05;;;BAJO;BAJO;MEDIO;0.6341;0.2367;0.1292;RandomForest
181421;Abdessamad Ezzalzouli;727;Delantero;2022;2023;1512;6.707142;69.34;50.57;;MEDIO;ALTO;ALTO;0.2351;0.4158;0.3491;RandomForest
182563;Jon Morcillo;531;Delantero;2022;2023;66;6.6;37.84;;;BAJO;BAJO;BAJO;0.6146;0.2582;0.1272;RandomForest
182685;Diego Collado;533;Delantero;2022;2023;4;6.7;31.71;;;BAJO;BAJO;MEDIO;0.5815;0.2653;0.1532;RandomForest
182759;Mamady Diarra;724;Delantero;2022;2023;75;6.5;27.36;;;BAJO;BAJO;BAJO;0.6529;0.2362;0.1109;RandomForest
183706;Ander Martín;548;Delantero;2022;2023;39;6.566666;32.79;;;BAJO;BAJO;MEDIO;0.6596;0.228;0.1124;RandomForest
183748;Jon Karrikaburu;548;Delantero;2022;2023;87;6.483333;30.0;14.47;;BAJO;BAJO;BAJO;0.6512;0.2416;0.1072;RandomForest
183799;Nico Williams;531;Delantero;2022;2023;2673;6.780555;77.09;84.06;ALTO;ALTO;ALTO;MEDIO;0.1404;0.3506;0.509;RandomForest
184277;Fernando Niño;533;Delantero;2022;2023;19;6.5;21.78;;;BAJO;BAJO;BAJO;0.5797;0.2644;0.1559;RandomForest
192032;Iván Romero;536;Delantero;2022;2023;10;6.2;16.79;;;BAJO;BAJO;BAJO;0.6686;0.2244;0.107;RandomForest
192434;Miguel Rodríguez;538;Delantero;2022;2023;251;6.614285;43.34;26.43;;BAJO;BAJO;BAJO;0.5565;0.3024;0.1411;RandomForest
194750;El Bilal Touré;723;Delantero;2022;2023;1282;6.790476;66.45;;;BAJO;BAJO;MEDIO;0.5157;0.364;0.1203;RandomForest
208670;Diego Bri;530;Delantero;2022;2023;0;;19.05;;;BAJO;BAJO;MEDIO;0.6341;0.2367;0.1292;RandomForest
237103;Lázaro;723;Delantero;2022;2023;709;6.827777;63.22;35.46;;BAJO;BAJO;BAJO;0.5364;0.3466;0.117;RandomForest
263530;Pau Víctor;547;Delantero;2022;2023;0;;19.05;18.67;;BAJO;BAJO;MEDIO;0.6341;0.2367;0.1292;RandomForest
265785;Luiz Henrique;543;Delantero;2022;2023;1817;6.645454;65.79;77.95;ALTO;ALTO;MEDIO;ALTO;0.2429;0.3386;0.4186;RandomForest
274312;Mohamed-Ali Cho;548;Delantero;2022;2023;582;6.736842;62.13;29.73;;BAJO;BAJO;MEDIO;0.5641;0.328;0.1079;RandomForest
276995;Francisco Mwepu;724;Delantero;2022;2023;20;6.7;35.28;;;BAJO;BAJO;MEDIO;0.6128;0.2533;0.1339;RandomForest
283058;Nicolas Jackson;533;Delantero;2022;2023;1609;6.96923;77.47;;;MEDIO;MEDIO;MEDIO;0.3116;0.4382;0.2502;RandomForest
285506;Ivan Bikoue;720;Delantero;2022;2023;0;;19.05;;;BAJO;BAJO;MEDIO;0.6341;0.2367;0.1292;RandomForest
286798;Francisco Lopez Fernandez;538;Delantero;2022;2023;0;;19.05;;;BAJO;BAJO;MEDIO;0.6341;0.2367;0.1292;RandomForest
286961;Manuel Pozo;720;Delantero;2022;2023;18;6.7;39.9;;;BAJO;BAJO;BAJO;0.6071;0.2606;0.1323;RandomForest
288074;Alberto Mari;532;Delantero;2022;2023;85;6.4399999999999995;28.29;39.26;;BAJO;BAJO;BAJO;0.6843;0.2106;0.1051;RandomForest
288525;Malcom Ares;531;Delantero;2022;2023;76;6.7875000000000005;56.74;44.28;;BAJO;BAJO;MEDIO;0.5436;0.2982;0.1583;RandomForest
288800;Iker Benito;727;Delantero;2022;2023;176;6.675;43.39;;;BAJO;BAJO;MEDIO;0.588;0.2733;0.1387;RandomForest
290482;Jorge Pascual;533;Delantero;2022;2023;8;7.3;55.52;33.62;;BAJO;BAJO;BAJO;0.5721;0.2415;0.1864;RandomForest
293604;Javi Llabrés;798;Delantero;2022;2023;16;6.2;16.06;42.48;;BAJO;BAJO;BAJO;0.5767;0.257;0.1663;RandomForest
294797;Ángel Alarcón;529;Delantero;2022;2023;22;0.0;20.61;;;BAJO;ALTO;ALTO;0.5879;0.2513;0.1608;RandomForest
297304;Dawda Camara;547;Delantero;2022;2023;0;;19.05;;;BAJO;BAJO;MEDIO;0.6341;0.2367;0.1292;RandomForest
312650;Marko Milovanović;723;Delantero;2022;2023;21;6.299999999999999;18.26;31.94;;BAJO;BAJO;BAJO;0.6872;0.2118;0.101;RandomForest
320517;Pablo Durán;538;Delantero;2022;2023;50;6.35;25.07;;;BAJO;BAJO;BAJO;0.67;0.221;0.109;RandomForest
323815;Oscar Ureña;547;Delantero;2022;2023;99;6.533333000000001;37.21;;;BAJO;BAJO;BAJO;0.6078;0.2653;0.1269;RandomForest
324750;Carlos Martín;530;Delantero;2022;2023;24;6.599999999999999;33.12;;;BAJO;BAJO;BAJO;0.6334;0.2558;0.1108;RandomForest
325664;Babatunde Akinsola;720;Delantero;2022;2023;10;6.2;19.31;;;BAJO;BAJO;BAJO;0.6629;0.2337;0.1034;RandomForest
331003;Roberto Arroyo;720;Delantero;2022;2023;14;6.2;19.73;;;BAJO;BAJO;BAJO;0.6696;0.2294;0.1009;RandomForest
336555;Estanis Pedrola;529;Delantero;2022;2023;0;;19.05;;;BAJO;BAJO;MEDIO;0.6341;0.2367;0.1292;RandomForest
336587;Salim El Jebari;530;Delantero;2022;2023;0;;19.05;18.48;;BAJO;BAJO;MEDIO;0.6341;0.2367;0.1292;RandomForest
343202;Álvaro Rodriguez;541;Delantero;2022;2023;75;6.74;49.26;24.53;;BAJO;BAJO;MEDIO;0.5845;0.258;0.1575;RandomForest
352905;Marciano Sanca;723;Delantero;2022;2023;0;;19.05;19.84;;BAJO;BAJO;MEDIO;0.6341;0.2367;0.1292;RandomForest
359603;Luca Koleosho;540;Delantero;2022;2023;54;6.625;44.0;;;BAJO;BAJO;BAJO;0.5632;0.2983;0.1386;RandomForest
364414;Mario Dominguez;532;Delantero;2022;2023;0;;19.05;26.07;;BAJO;BAJO;MEDIO;0.6341;0.2367;0.1292;RandomForest
371912;Dani Rodríguez;529;Delantero;2022;2023;0;;19.05;;;BAJO;BAJO;MEDIO;0.6341;0.2367;0.1292;RandomForest
378284;Etta Eyong;724;Delantero;2022;2023;0;;19.05;16.93;;BAJO;BAJO;MEDIO;0.6341;0.2367;0.1292;RandomForest
386491;Jose Antonio de la Rosa;724;Delantero;2022;2023;45;7.0;55.62;18.67;;BAJO;BAJO;BAJO;0.5149;0.3257;0.1594;RandomForest
386828;Lamine Yamal;529;Delantero;2022;2023;11;6.2;20.6;88.95;ALTO;BAJO;BAJO;BAJO;0.5655;0.2376;0.1969;RandomForest
386849;Abde Raihani;530;Delantero;2022;2023;0;;19.05;17.33;;BAJO;BAJO;MEDIO;0.6341;0.2367;0.1292;RandomForest
392270;Marc Guiu;529;Delantero;2022;2023;0;;19.05;49.05;;BAJO;BAJO;MEDIO;0.6341;0.2367;0.1292;RandomForest
15;Thomas Delaney;536;Mediocentro;2022;2023;305;6.6375;42.71;;;BAJO;BAJO;BAJO;0.553;0.3083;0.1387;RandomForest
45;Thomas Lemar;530;Mediocentro;2022;2023;1263;6.848148000000001;71.5;31.14;;MEDIO;MEDIO;BAJO;0.2724;0.4451;0.2824;RandomForest
48;Saúl Ñíguez;530;Mediocentro;2022;2023;1086;6.803571;67.26;72.28;MEDIO;MEDIO;MEDIO;MEDIO;0.4092;0.4233;0.1675;RandomForest
50;Koke;530;Mediocentro;2022;2023;2559;6.921212;75.14;73.97;MEDIO;MEDIO;ALTO;MEDIO;0.1864;0.474;0.3396;RandomForest
137;Sergi Roberto;529;Mediocentro;2022;2023;1312;6.908694999999999;69.78;67.97;MEDIO;MEDIO;MEDIO;BAJO;0.3539;0.4369;0.2091;RandomForest
143;Carles Aleñá;546;Mediocentro;2022;2023;2127;6.545714;49.77;41.97;BAJO;BAJO;BAJO;BAJO;0.5132;0.3475;0.1392;RandomForest
144;Sergio Busquets;529;Mediocentro;2022;2023;2347;7.23;84.17;;;ALTO;ALTO;ALTO;0.0822;0.2243;0.6935;RandomForest
146;Alex Collado;797;Mediocentro;2022;2023;720;6.892857;70.66;;;MEDIO;MEDIO;BAJO;0.3642;0.4249;0.2109;RandomForest
149;Ivan Rakitić;536;Mediocentro;2022;2023;1789;6.848387;69.78;85.79;ALTO;ALTO;MEDIO;ALTO;0.292;0.3525;0.3555;RandomForest
176;Erik Lamela;536;Mediocentro;2022;2023;1844;6.709677;65.81;59.19;MEDIO;MEDIO;MEDIO;BAJO;0.2922;0.5243;0.1835;RandomForest
385;Óliver Torres;536;Mediocentro;2022;2023;2154;6.7125;63.09;58.62;BAJO;BAJO;BAJO;BAJO;0.446;0.3261;0.2279;RandomForest
389;Jesús Corona;536;Mediocentro;2022;2023;110;6.575;39.53;31.41;;BAJO;BAJO;ALTO;0.6034;0.2607;0.1359;RandomForest
414;Omar Mascarell;797;Mediocentro;2022;2023;4900;6.917856999999999;79.06;46.6;BAJO;MEDIO;MEDIO;BAJO;0.3101;0.3602;0.3298;RandomForest
452;Fernando;536;Mediocentro;2022;2023;1583;6.881818;65.78;55.9;BAJO;BAJO;BAJO;BAJO;0.4534;0.3708;0.1758;RandomForest
538;Frenkie de Jong;529;Mediocentro;2022;2023;2537;7.227272;88.02;88.25;ALTO;ALTO;ALTO;ALTO;0.0103;0.0506;0.9392;RandomForest
570;Franco Cervi;538;Mediocentro;2022;2023;1908;6.841666;73.03;53.44;BAJO;BAJO;MEDIO;BAJO;0.3876;0.3741;0.2384;RandomForest
634;David Silva;548;Mediocentro;2022;2023;1957;7.025;82.79;;;ALTO;ALTO;MEDIO;0.0965;0.2361;0.6673;RandomForest
660;Pape Cheikh;797;Mediocentro;2022;2023;35;6.3;17.82;;;BAJO;BAJO;BAJO;0.6199;0.2196;0.1604;RandomForest
745;Isco;536;Mediocentro;2022;2023;802;6.825000000000001;73.66;90.15;ALTO;ALTO;ALTO;ALTO;0.1618;0.2881;0.5501;RandomForest
747;Casemiro;541;Mediocentro;2022;2023;7;6.2;16.3;;;BAJO;BAJO;BAJO;0.5764;0.239;0.1846;RandomForest
748;Dani Ceballos;541;Mediocentro;2022;2023;1567;6.973333000000001;81.19;43.35;BAJO;ALTO;ALTO;ALTO;0.2591;0.2902;0.4507;RandomForest
752;Toni Kroos;541;Mediocentro;2022;2023;2163;7.44;84.77;83.63;ALTO;ALTO;ALTO;ALTO;0.0261;0.1129;0.861;RandomForest
753;Marcos Llorente;530;Mediocentro;2022;2023;1710;6.990909;79.57;73.97;MEDIO;MEDIO;MEDIO;MEDIO;0.1569;0.4672;0.3759;RandomForest
754;Luka Modrić;541;Mediocentro;2022;2023;1745;6.9545449999999995;74.64;79.91;ALTO;ALTO;ALTO;ALTO;0.1188;0.273;0.6082;RandomForest
755;Jaime Seoane;546;Mediocentro;2022;2023;342;6.530768999999999;31.54;;;BAJO;BAJO;BAJO;0.6372;0.2449;0.1178;RandomForest
756;Federico Valverde;541;Mediocentro;2022;2023;2509;7.273529;87.39;85.36;ALTO;ALTO;ALTO;ALTO;0.0358;0.1177;0.8466;RandomForest
781;Javier Pastore;797;Mediocentro;2022;2023;4;6.3;17.61;;;BAJO;BAJO;BAJO;0.5838;0.2396;0.1766;RandomForest
872;Miralem Pjanić;529;Mediocentro;2022;2023;0;;19.05;;;BAJO;BAJO;BAJO;0.6458;0.2226;0.1316;RandomForest
898;Ander Herrera;531;Mediocentro;2022;2023;308;6.756249999999999;57.71;67.09;MEDIO;BAJO;MEDIO;MEDIO;0.4248;0.4157;0.1594;RandomForest
919;Hugo Guillamón;532;Mediocentro;2022;2023;1646;6.752;57.65;42.61;BAJO;BAJO;BAJO;BAJO;0.501;0.3443;0.1547;RandomForest
924;Francis Coquelin;533;Mediocentro;2022;2023;748;6.7;54.48;46.56;BAJO;BAJO;BAJO;BAJO;0.6435;0.259;0.0975;RandomForest
926;Geoffrey Kondogbia;530;Mediocentro;2022;2023;1006;6.952941;67.68;;;MEDIO;BAJO;ALTO;0.3325;0.342;0.3255;RandomForest
927;Kang-in Lee;798;Mediocentro;2022;2023;2840;7.108333;86.62;;;ALTO;ALTO;MEDIO;0.0662;0.2743;0.6594;RandomForest
928;Dani Parejo;533;Mediocentro;2022;2023;3289;7.24054;90.06;84.14;ALTO;ALTO;ALTO;ALTO;0.0122;0.0419;0.9459;RandomForest
930;Carlos Soler;532;Mediocentro;2022;2023;243;6.966666;61.96;;;BAJO;BAJO;ALTO;0.4235;0.3601;0.2164;RandomForest
1271;Aurélien Tchouaméni;541;Mediocentro;2022;2023;2133;7.148484;86.8;83.29;ALTO;ALTO;ALTO;ALTO;0.047;0.1588;0.7942;RandomForest
1461;Denis Suárez;538;Mediocentro;2022;2023;1899;6.572222;54.53;34.58;;BAJO;BAJO;BAJO;0.4673;0.3636;0.1692;RandomForest
1484;Rodrigo Battaglia;798;Mediocentro;2022;2023;684;6.564285;34.44;;;BAJO;BAJO;BAJO;0.6478;0.26;0.0922;RandomForest
1489;Nemanja Gudelj;536;Mediocentro;2022;2023;2777;6.914705;74.79;72.24;MEDIO;MEDIO;MEDIO;MEDIO;0.2021;0.4681;0.3298;RandomForest
1568;Paul Akouokou;543;Mediocentro;2022;2023;440;6.772727;50.89;46.87;;BAJO;BAJO;BAJO;0.5659;0.304;0.1301;RandomForest
1570;Sergio Canales;543;Mediocentro;2022;2023;2414;6.964516000000001;79.97;;;ALTO;ALTO;BAJO;0.0899;0.2154;0.6947;RandomForest
1573;Andrés Guardado;543;Mediocentro;2022;2023;1380;6.779999999999999;61.08;51.61;BAJO;BAJO;BAJO;BAJO;0.529;0.343;0.128;RandomForest
1578;Giovani Lo Celso;533;Mediocentro;2022;2023;1130;7.080952;84.38;;;ALTO;ALTO;MEDIO;0.0757;0.3281;0.5962;RandomForest
1579;Joaquín;543;Mediocentro;2022;2023;478;6.754545000000001;55.67;;;BAJO;BAJO;ALTO;0.4984;0.3372;0.1644;RandomForest
1580;William Carvalho;543;Mediocentro;2022;2023;2543;6.887878;78.53;52.21;BAJO;ALTO;ALTO;BAJO;0.3432;0.2969;0.3599;RandomForest
1582;Rober González;543;Mediocentro;2022;2023;52;6.700000000000001;39.08;;;BAJO;BAJO;BAJO;0.6348;0.2362;0.129;RandomForest
1641;Samu Castillejo;532;Mediocentro;2022;2023;1376;6.824000000000001;69.83;;;MEDIO;MEDIO;BAJO;0.2888;0.4619;0.2493;RandomForest
1642;Franck Kessié;529;Mediocentro;2022;2023;976;6.611538;47.32;;;BAJO;BAJO;BAJO;0.5433;0.3423;0.1144;RandomForest
1650;Suso;536;Mediocentro;2022;2023;1060;6.928;73.9;76.01;MEDIO;MEDIO;MEDIO;MEDIO;0.2314;0.4971;0.2715;RandomForest
1700;Iván Martín;547;Mediocentro;2022;2023;1591;6.662499999999999;55.93;77.83;MEDIO;MEDIO;BAJO;MEDIO;0.3684;0.4714;0.1602;RandomForest
1701;Manu Morlanes;798;Mediocentro;2022;2023;870;6.90909;61.03;65.33;MEDIO;MEDIO;BAJO;MEDIO;0.3633;0.4503;0.1864;RandomForest
1705;Manu Trigueros;533;Mediocentro;2022;2023;818;6.495651999999999;38.6;35.04;;BAJO;BAJO;BAJO;0.5655;0.3185;0.1159;RandomForest
1825;Lucas Torró;727;Mediocentro;2022;2023;2489;6.796969;68.86;61.6;MEDIO;MEDIO;MEDIO;MEDIO;0.2594;0.4828;0.2579;RandomForest
1911;Lucas Ocampos;536;Mediocentro;2022;2023;132;6.721052;66.7;85.29;ALTO;MEDIO;MEDIO;ALTO;0.241;0.3859;0.3731;RandomForest
2053;Roque Mesa;720;Mediocentro;2022;2023;1637;6.678571;56.82;;;BAJO;BAJO;MEDIO;0.4386;0.4025;0.1589;RandomForest
2207;Eduardo Camavinga;541;Mediocentro;2022;2023;2006;6.854054;75.53;86.05;ALTO;ALTO;ALTO;ALTO;0.1554;0.2983;0.5462;RandomForest
2208;Clément Grenier;798;Mediocentro;2022;2023;708;6.6499999999999995;45.93;;;BAJO;BAJO;MEDIO;0.5684;0.3156;0.116;RandomForest
2433;Renato Tapia;538;Mediocentro;2022;2023;1471;6.646428000000001;55.73;73.87;MEDIO;BAJO;BAJO;MEDIO;0.422;0.4113;0.1667;RandomForest
2449;Yangel Herrera;547;Mediocentro;2022;2023;965;6.74;66.81;85.57;ALTO;MEDIO;MEDIO;MEDIO;0.3201;0.3929;0.287;RandomForest
2472;Rodrigo de Paul;530;Mediocentro;2022;2023;1935;7.213333;83.44;84.76;ALTO;ALTO;ALTO;ALTO;0.0417;0.1414;0.8169;RandomForest
2476;Guido Rodríguez;543;Mediocentro;2022;2023;2876;7.088235;85.1;80.69;ALTO;ALTO;ALTO;ALTO;0.0787;0.1363;0.785;RandomForest
2717;Anuar;720;Mediocentro;2022;2023;212;6.8333330000000005;58.47;;;BAJO;BAJO;MEDIO;0.515;0.3041;0.1809;RandomForest
2755;Awer Mabil;724;Mediocentro;2022;2023;162;6.5;32.67;;;BAJO;BAJO;BAJO;0.5807;0.275;0.1443;RandomForest
2824;Nemanja Maksimović;546;Mediocentro;2022;2023;2066;6.765517;60.53;75.33;MEDIO;MEDIO;BAJO;MEDIO;0.3942;0.4707;0.135;RandomForest
2923;Yannick Carrasco;530;Mediocentro;2022;2023;2326;6.842857;75.1;59.3;;MEDIO;ALTO;ALTO;0.1979;0.4333;0.3688;RandomForest
2924;Adnan Januzaj;536;Mediocentro;2022;2023;47;6.700000000000001;40.17;38.75;;BAJO;BAJO;BAJO;0.5997;0.2731;0.1272;RandomForest
5921;Augusto Solari;538;Mediocentro;2022;2023;257;6.48;29.72;;;BAJO;BAJO;BAJO;0.6109;0.2703;0.1188;RandomForest
6065;Lucas Robertone;723;Mediocentro;2022;2023;2860;7.156756;86.77;83.2;ALTO;ALTO;ALTO;ALTO;0.0323;0.1021;0.8656;RandomForest
8587;Selim Amallah;720;Mediocentro;2022;2023;268;6.771428;67.63;46.91;BAJO;BAJO;BAJO;BAJO;0.5177;0.3211;0.1612;RandomForest
8627;Theo Bongonda;724;Mediocentro;2022;2023;1950;6.738709;65.83;;;MEDIO;MEDIO;MEDIO;0.3572;0.446;0.1969;RandomForest
10166;Reinier;547;Mediocentro;2022;2023;646;6.605881999999999;50.01;;;BAJO;BAJO;MEDIO;0.5913;0.3167;0.092;RandomForest
10169;Vinícius Souza;540;Mediocentro;2022;2023;2438;6.851514999999999;72.97;;;MEDIO;MEDIO;MEDIO;0.2508;0.4933;0.2559;RandomForest
11471;Tomás Alarcón;724;Mediocentro;2022;2023;222;6.400000000000001;31.4;;;BAJO;BAJO;ALTO;0.5875;0.277;0.1355;RandomForest
18802;Étienne Capoue;533;Mediocentro;2022;2023;1958;6.842857;74.28;57.29;BAJO;MEDIO;MEDIO;BAJO;0.3562;0.3958;0.2481;RandomForest
18807;Domingos Quina;797;Mediocentro;2022;2023;269;6.33;30.53;;;BAJO;BAJO;BAJO;0.6192;0.2572;0.1237;RandomForest
18902;Kenedy;720;Mediocentro;2022;2023;277;6.433333;35.39;;;BAJO;BAJO;BAJO;0.6201;0.2476;0.1323;RandomForest
18949;Oriol Romeu;547;Mediocentro;2022;2023;2952;6.884847999999999;79.5;55.65;BAJO;ALTO;ALTO;BAJO;0.3025;0.3209;0.3766;RandomForest
19026;Luca De La Torre;538;Mediocentro;2022;2023;1504;6.614814;49.45;51.66;BAJO;BAJO;BAJO;BAJO;0.5625;0.3311;0.1063;RandomForest
20696;Pape Gueye;536;Mediocentro;2022;2023;1177;6.68125;69.83;;;ALTO;ALTO;ALTO;0.2058;0.3888;0.4054;RandomForest
30433;Papu Gómez;536;Mediocentro;2022;2023;1069;6.847368;66.59;18.67;;MEDIO;BAJO;MEDIO;0.3694;0.4235;0.2071;RandomForest
41157;André Almeida;532;Mediocentro;2022;2023;2549;6.944117000000001;82.62;71.23;MEDIO;ALTO;ALTO;MEDIO;0.1354;0.4108;0.4538;RandomForest
41552;Pathé Ismaël Ciss;728;Mediocentro;2022;2023;1274;6.612903;50.18;72.95;MEDIO;BAJO;BAJO;BAJO;0.509;0.3832;0.1078;RandomForest
46658;Rubén García;727;Mediocentro;2022;2023;1152;6.782758;59.89;74.89;MEDIO;MEDIO;BAJO;MEDIO;0.4139;0.4226;0.1635;RandomForest
46660;Javi Martínez;727;Mediocentro;2022;2023;0;;19.05;18.67;;BAJO;BAJO;BAJO;0.6458;0.2226;0.1316;RandomForest
46662;Jon Moncayola;727;Mediocentro;2022;2023;2444;6.781081;65.37;54.39;BAJO;MEDIO;MEDIO;MEDIO;0.3692;0.3725;0.2583;RandomForest
46666;Roberto Torres;727;Mediocentro;2022;2023;9;6.7;35.93;;;BAJO;BAJO;BAJO;0.6165;0.2533;0.1302;RandomForest
46688;Alejandro Pozo;723;Mediocentro;2022;2023;1890;6.639999999999999;55.25;34.58;BAJO;BAJO;BAJO;BAJO;0.5773;0.2926;0.1301;RandomForest
46691;Fede San Emeterio;724;Mediocentro;2022;2023;1855;6.6;45.77;34.03;;BAJO;BAJO;BAJO;0.5987;0.2927;0.1086;RandomForest
46714;Mickaël Malsa;720;Mediocentro;2022;2023;64;6.22;23.8;;;BAJO;BAJO;BAJO;0.6779;0.214;0.1081;RandomForest
46739;Iddrisu Baba;798;Mediocentro;2022;2023;1751;6.603447999999999;49.61;54.49;BAJO;BAJO;BAJO;BAJO;0.6;0.2881;0.112;RandomForest
46742;Dani Rodríguez;798;Mediocentro;2022;2023;2115;6.773529;69.76;73.07;MEDIO;MEDIO;MEDIO;MEDIO;0.2952;0.4634;0.2414;RandomForest
46749;Lago Júnior;798;Mediocentro;2022;2023;48;6.48;29.4;;;BAJO;BAJO;BAJO;0.6446;0.247;0.1084;RandomForest
46769;Álex Fernández;724;Mediocentro;2022;2023;1574;6.671428;53.26;49.88;BAJO;BAJO;BAJO;BAJO;0.5368;0.3434;0.1198;RandomForest
46772;José Mari;724;Mediocentro;2022;2023;385;6.616666;42.52;32.23;;BAJO;BAJO;BAJO;0.5967;0.301;0.1023;RandomForest
46775;Salvi Sánchez;728;Mediocentro;2022;2023;474;6.483333;34.64;18.01;;BAJO;BAJO;BAJO;0.6503;0.2593;0.0904;RandomForest
46799;Edu Expósito;540;Mediocentro;2022;2023;1173;6.91923;73.92;;;MEDIO;MEDIO;MEDIO;0.2964;0.3886;0.315;RandomForest
46824;Iván Alejo;724;Mediocentro;2022;2023;1303;6.509676999999999;47.54;45.88;BAJO;BAJO;BAJO;BAJO;0.6246;0.2766;0.0988;RandomForest
46825;Keidi Bare;540;Mediocentro;2022;2023;504;6.638888;46.58;;;BAJO;BAJO;BAJO;0.623;0.2779;0.099;RandomForest
46919;César de la Hoz;723;Mediocentro;2022;2023;1671;6.668;50.47;;;BAJO;BAJO;BAJO;0.6069;0.2964;0.0967;RandomForest
46973;Josan;797;Mediocentro;2022;2023;1088;6.603846;51.92;;;BAJO;BAJO;BAJO;0.4906;0.3552;0.1543;RandomForest
46979;Iván Sánchez;720;Mediocentro;2022;2023;1120;6.796;66.25;;;MEDIO;BAJO;BAJO;0.3542;0.4386;0.2073;RandomForest
46982;Gonzalo Villar;546;Mediocentro;2022;2023;448;6.586666;45.88;68.58;MEDIO;BAJO;BAJO;BAJO;0.5222;0.3737;0.1041;RandomForest
47007;Iñigo Ruiz de Galarreta;798;Mediocentro;2022;2023;2456;6.856666000000001;74.83;78.57;ALTO;MEDIO;MEDIO;BAJO;0.2307;0.3884;0.3809;RandomForest
47056;Íñigo Eguaras;723;Mediocentro;2022;2023;986;6.645833;47.3;;;BAJO;BAJO;BAJO;0.5602;0.3117;0.1281;RandomForest
47057;Raúl Guti;797;Mediocentro;2022;2023;1082;6.428571;37.35;;;BAJO;BAJO;BAJO;0.5933;0.3187;0.088;RandomForest
47085;Luis Milla;546;Mediocentro;2022;2023;1863;6.985185;78.91;79.49;ALTO;ALTO;MEDIO;MEDIO;0.151;0.3238;0.5252;RandomForest
47087;Uroš Račić;532;Mediocentro;2022;2023;0;;19.05;;;BAJO;BAJO;BAJO;0.6458;0.2226;0.1316;RandomForest
47109;Óscar Valentín;728;Mediocentro;2022;2023;2563;6.720588000000001;63.45;69.82;MEDIO;MEDIO;MEDIO;MEDIO;0.2188;0.4956;0.2856;RandomForest
47195;Álvaro Aguado;720;Mediocentro;2022;2023;1882;6.9;73.43;;;MEDIO;MEDIO;ALTO;0.2945;0.3874;0.3181;RandomForest
47258;Mauro Arambarri;546;Mediocentro;2022;2023;1000;6.830769;66.35;35.6;;MEDIO;MEDIO;MEDIO;0.3244;0.4029;0.2727;RandomForest
47262;Francisco Portillo;723;Mediocentro;2022;2023;704;6.618518;47.2;;;BAJO;BAJO;BAJO;0.5431;0.3362;0.1207;RandomForest
47263;Samu Sáiz;547;Mediocentro;2022;2023;236;6.6;42.63;;;BAJO;BAJO;BAJO;0.6104;0.2665;0.1231;RandomForest
47281;Dani García;531;Mediocentro;2022;2023;1502;6.7375;55.31;42.89;BAJO;BAJO;BAJO;BAJO;0.5186;0.3381;0.1434;RandomForest
47282;Raúl García;531;Mediocentro;2022;2023;945;6.679411;52.49;32.08;;BAJO;BAJO;MEDIO;0.5242;0.3886;0.0872;RandomForest
47285;Unai López;728;Mediocentro;2022;2023;1244;6.682352;56.68;66.62;MEDIO;BAJO;BAJO;MEDIO;0.4449;0.4161;0.139;RandomForest
47286;Peru Nolaskoain Esnal;531;Mediocentro;2022;2023;0;;19.05;29.56;;BAJO;BAJO;BAJO;0.6458;0.2226;0.1316;RandomForest
47306;Álex Sola;548;Mediocentro;2022;2023;345;6.7444440000000005;54.33;55.16;BAJO;BAJO;BAJO;BAJO;0.6059;0.2764;0.1177;RandomForest
47309;Ander Guevara;548;Mediocentro;2022;2023;224;6.8;48.42;63.89;MEDIO;BAJO;BAJO;BAJO;0.5739;0.2823;0.1438;RandomForest
47310;Asier Illarramendi;548;Mediocentro;2022;2023;1076;6.73913;59.19;;;BAJO;BAJO;MEDIO;0.4959;0.3544;0.1497;RandomForest
47311;Mikel Merino;548;Mediocentro;2022;2023;2499;7.099999999999999;88.35;86.27;ALTO;ALTO;ALTO;ALTO;0.0303;0.1361;0.8336;RandomForest
47315;Martín Zubimendi;548;Mediocentro;2022;2023;3101;6.916666;76.48;82.49;ALTO;ALTO;ALTO;BAJO;0.135;0.3101;0.5549;RandomForest
47336;Sergi Darder;798;Mediocentro;2022;2023;6660;7.178947000000001;89.61;80.18;ALTO;ALTO;ALTO;ALTO;0.0187;0.1098;0.8715;RandomForest
47361;Darko Brašanac;727;Mediocentro;2022;2023;1033;6.6625;53.22;21.93;;BAJO;BAJO;BAJO;0.5569;0.3326;0.1105;RandomForest
47388;Gonzalo Escalante;724;Mediocentro;2022;2023;1125;7.05;85.93;47.42;BAJO;ALTO;ALTO;ALTO;0.2199;0.3059;0.4742;RandomForest
47389;Joan Jordán;536;Mediocentro;2022;2023;1594;6.708694999999999;58.02;44.5;;BAJO;BAJO;BAJO;0.4344;0.3881;0.1775;RandomForest
47398;Pere Milla;797;Mediocentro;2022;2023;1877;6.748387;64.58;;;MEDIO;MEDIO;MEDIO;0.3926;0.4102;0.1972;RandomForest
47414;Gerard Gumbau;797;Mediocentro;2022;2023;2744;7.134285;80.82;67.26;MEDIO;MEDIO;MEDIO;MEDIO;0.0565;0.4758;0.4677;RandomForest
47416;Óscar Rodríguez;538;Mediocentro;2022;2023;1772;6.857575;70.39;62.92;MEDIO;MEDIO;MEDIO;MEDIO;0.3334;0.4559;0.2106;RandomForest
47418;Mikel Vesga;531;Mediocentro;2022;2023;2575;6.880554999999999;75.35;57.91;BAJO;BAJO;ALTO;BAJO;0.355;0.327;0.318;RandomForest
47435;Fran Beltrán;538;Mediocentro;2022;2023;2862;6.802777;66.83;54.85;BAJO;BAJO;BAJO;BAJO;0.4371;0.3352;0.2277;RandomForest
47440;Brais Méndez;548;Mediocentro;2022;2023;2424;7.014704999999999;82.46;84.94;ALTO;ALTO;ALTO;ALTO;0.1078;0.1985;0.6937;RandomForest
47485;Rubén Alcaraz;724;Mediocentro;2022;2023;2044;6.696774;63.3;79.24;ALTO;BAJO;BAJO;ALTO;0.3707;0.3405;0.2888;RandomForest
47515;Borja García;547;Mediocentro;2022;2023;685;6.690909;55.84;18.67;;BAJO;BAJO;MEDIO;0.5872;0.2983;0.1145;RandomForest
47516;Aleix García;547;Mediocentro;2022;2023;2340;7.440000000000001;87.56;87.69;ALTO;ALTO;ALTO;ALTO;0.0187;0.1018;0.8795;RandomForest
47540;Ángel Algobia;546;Mediocentro;2022;2023;1136;6.516;37.92;;;BAJO;BAJO;BAJO;0.6419;0.2669;0.0912;RandomForest
47541;Santi Comesaña;533;Mediocentro;2022;2023;4936;6.797142;75.7;64.7;MEDIO;MEDIO;MEDIO;MEDIO;0.1227;0.5483;0.329;RandomForest
47543;Álvaro García;728;Mediocentro;2022;2023;2885;6.988571000000001;82.98;73.35;MEDIO;ALTO;ALTO;MEDIO;0.1207;0.4276;0.4517;RandomForest
47549;José Pozo;728;Mediocentro;2022;2023;82;6.425000000000001;26.24;30.15;;BAJO;BAJO;BAJO;0.6485;0.2369;0.1146;RandomForest
47557;Óscar Trejo;728;Mediocentro;2022;2023;2164;6.608823;63.39;49.41;BAJO;BAJO;ALTO;BAJO;0.3788;0.2968;0.3245;RandomForest
47574;Moi Gómez;727;Mediocentro;2022;2023;2465;7.066666;80.55;70.81;MEDIO;ALTO;ALTO;MEDIO;0.0839;0.3806;0.5355;RandomForest
47576;Gonzalo Melero;723;Mediocentro;2022;2023;1874;6.725925000000001;65.41;41.2;BAJO;BAJO;BAJO;BAJO;0.4094;0.4048;0.1858;RandomForest
63542;Martin Hongla;720;Mediocentro;2022;2023;1312;6.668749999999999;51.72;29.05;BAJO;BAJO;BAJO;BAJO;0.6227;0.259;0.1183;RandomForest
67939;Aimar Oroz;727;Mediocentro;2022;2023;2021;6.677419;64.66;71.5;MEDIO;MEDIO;MEDIO;MEDIO;0.262;0.4835;0.2545;RandomForest
67940;José Gragera;540;Mediocentro;2022;2023;460;6.922222;67.7;;;BAJO;BAJO;BAJO;0.4589;0.3847;0.1564;RandomForest
75414;Nicolás Fernández;797;Mediocentro;2022;2023;515;6.566666;41.87;;;BAJO;BAJO;BAJO;0.6113;0.2852;0.1035;RandomForest
77623;Youba Diarra;724;Mediocentro;2022;2023;95;6.4;22.73;;;BAJO;BAJO;BAJO;0.6342;0.2387;0.1271;RandomForest
104932;Curro;723;Mediocentro;2022;2023;41;6.800000000000001;46.2;;;BAJO;BAJO;ALTO;0.602;0.2507;0.1473;RandomForest
104941;Monchu;720;Mediocentro;2022;2023;2030;6.890909;74.08;;;MEDIO;MEDIO;MEDIO;0.3537;0.4011;0.2452;RandomForest
107153;Kike Pérez;720;Mediocentro;2022;2023;2317;6.8;74.29;43.66;BAJO;ALTO;ALTO;ALTO;0.3101;0.3087;0.3812;RandomForest
107194;Antonio Sánchez;798;Mediocentro;2022;2023;1065;6.415625;37.78;47.02;BAJO;BAJO;BAJO;MEDIO;0.6314;0.2952;0.0734;RandomForest
119235;Pedro Ortiz;536;Mediocentro;2022;2023;0;;21.13;;;BAJO;BAJO;BAJO;0.6267;0.2307;0.1426;RandomForest
122657;Randy Nteka;797;Mediocentro;2022;2023;839;6.585714;45.12;39.72;BAJO;BAJO;BAJO;BAJO;0.588;0.3321;0.0799;RandomForest
126936;Samuel Lino;532;Mediocentro;2022;2023;2897;6.897367999999999;81.18;86.78;ALTO;ALTO;ALTO;ALTO;0.1263;0.2715;0.6021;RandomForest
127426;Pol Lozano;540;Mediocentro;2022;2023;13;6.225;17.09;;;BAJO;BAJO;BAJO;0.6586;0.2212;0.1202;RandomForest
128398;Oihan Sancet;531;Mediocentro;2022;2023;2554;6.794444;72.25;73.97;MEDIO;MEDIO;MEDIO;MEDIO;0.1791;0.517;0.3039;RandomForest
128581;Nicolás Melamed;540;Mediocentro;2022;2023;1248;6.516666;46.96;;;BAJO;BAJO;BAJO;0.4904;0.401;0.1086;RandomForest
131546;Isi Palazón;728;Mediocentro;2022;2023;2989;7.086486;87.39;78.07;MEDIO;ALTO;ALTO;MEDIO;0.0411;0.2643;0.6946;RandomForest
133609;Pedri;529;Mediocentro;2022;2023;1981;7.26923;88.6;82.55;ALTO;ALTO;ALTO;ALTO;0.0225;0.0738;0.9038;RandomForest
136117;Rodrigo Riquelme;547;Mediocentro;2022;2023;2187;6.691176;64.57;66.6;MEDIO;MEDIO;MEDIO;MEDIO;0.2219;0.5251;0.253;RandomForest
138809;Arnau Puigmal;723;Mediocentro;2022;2023;758;6.5;41.03;26.52;;BAJO;BAJO;MEDIO;0.6213;0.3034;0.0752;RandomForest
139001;Pablo Ibáñez;727;Mediocentro;2022;2023;1081;6.556;45.29;45.14;BAJO;BAJO;BAJO;BAJO;0.6066;0.3114;0.082;RandomForest
161879;Koba Koindredi;532;Mediocentro;2022;2023;0;;19.05;;;BAJO;BAJO;BAJO;0.6458;0.2226;0.1316;RandomForest
161933;Nicolás González;532;Mediocentro;2022;2023;2819;6.71923;66.42;;;MEDIO;MEDIO;MEDIO;0.3226;0.3901;0.2873;RandomForest
161962;Nacho Quintana;536;Mediocentro;2022;2023;0;;19.05;;;BAJO;BAJO;BAJO;0.6458;0.2226;0.1316;RandomForest
162033;Sergio Arribas;541;Mediocentro;2022;2023;17;6.5;20.53;74.75;MEDIO;BAJO;BAJO;BAJO;0.5535;0.2679;0.1786;RandomForest
162034;Carlos Dotor;541;Mediocentro;2022;2023;0;;19.05;35.02;BAJO;BAJO;BAJO;BAJO;0.6458;0.2226;0.1316;RandomForest
162106;Yunus Musah;532;Mediocentro;2022;2023;2137;6.533333;52.13;;;BAJO;BAJO;MEDIO;0.4531;0.3455;0.2014;RandomForest
162123;Ilaix Moriba;532;Mediocentro;2022;2023;1006;6.779166;64.98;53.74;BAJO;BAJO;MEDIO;ALTO;0.43;0.3727;0.1973;RandomForest
162212;Miguel Baeza;538;Mediocentro;2022;2023;0;;19.05;;;BAJO;BAJO;BAJO;0.6458;0.2226;0.1316;RandomForest
162686;Antonio Blanco;724;Mediocentro;2022;2023;159;6.466666000000001;28.75;63.53;MEDIO;BAJO;BAJO;BAJO;0.5523;0.3113;0.1364;RandomForest
162931;Fran Pérez;728;Mediocentro;2022;2023;280;6.285713999999999;23.5;51.36;BAJO;BAJO;BAJO;BAJO;0.7188;0.1895;0.0917;RandomForest
163447;José Lara;543;Mediocentro;2022;2023;0;;19.05;;;BAJO;BAJO;BAJO;0.6458;0.2226;0.1316;RandomForest
170541;Miguel Llabrés;798;Mediocentro;2022;2023;0;;19.05;;;BAJO;BAJO;BAJO;0.6458;0.2226;0.1316;RandomForest
181218;Alex Sala;547;Mediocentro;2022;2023;0;;19.05;;;BAJO;BAJO;BAJO;0.6458;0.2226;0.1316;RandomForest
181474;Alberto del Moral;533;Mediocentro;2022;2023;4;6.2;13.28;;;BAJO;BAJO;BAJO;0.596;0.2477;0.1564;RandomForest
182219;Alejandro Baena;533;Mediocentro;2022;2023;1945;6.896969000000001;75.3;84.45;ALTO;MEDIO;MEDIO;ALTO;0.2268;0.4164;0.3569;RandomForest
182504;Gabri Veiga;538;Mediocentro;2022;2023;2321;6.944444;81.83;14.4;;MEDIO;MEDIO;MEDIO;0.1763;0.4194;0.4043;RandomForest
182560;Oier Zarraga;531;Mediocentro;2022;2023;843;6.552;42.23;;;BAJO;BAJO;MEDIO;0.5835;0.3176;0.0989;RandomForest
182603;Jon Ander Olasagasti;548;Mediocentro;2022;2023;63;6.966666;57.3;42.44;;BAJO;BAJO;ALTO;0.5155;0.3151;0.1695;RandomForest
182621;Iker Muñoz;727;Mediocentro;2022;2023;250;6.64;40.25;64.5;MEDIO;BAJO;BAJO;BAJO;0.5683;0.2938;0.138;RandomForest
182639;Unai Vencedor;531;Mediocentro;2022;2023;190;6.42;27.82;;;BAJO;BAJO;BAJO;0.6923;0.1961;0.1115;RandomForest
182719;Daniel Villahermosa;540;Mediocentro;2022;2023;0;;19.05;;;BAJO;BAJO;BAJO;0.6458;0.2226;0.1316;RandomForest
182770;Carlos Álvarez;536;Mediocentro;2022;2023;9;6.2;18.12;;;BAJO;BAJO;BAJO;0.6514;0.2195;0.1291;RandomForest
183699;Urko González;548;Mediocentro;2022;2023;0;;19.05;24.32;;BAJO;BAJO;BAJO;0.6458;0.2226;0.1316;RandomForest
183744;Beñat Turrientes;548;Mediocentro;2022;2023;108;6.55;28.95;56.38;BAJO;BAJO;BAJO;BAJO;0.6984;0.2037;0.0979;RandomForest
184196;Carlo Adriano García;533;Mediocentro;2022;2023;0;;19.05;;;BAJO;BAJO;BAJO;0.6458;0.2226;0.1316;RandomForest
184226;Yéremy Pino;533;Mediocentro;2022;2023;2470;6.872222000000001;80.35;76.26;MEDIO;MEDIO;ALTO;MEDIO;0.1402;0.4949;0.3649;RandomForest
184743;Santi García;546;Mediocentro;2022;2023;0;;19.05;20.06;;BAJO;BAJO;BAJO;0.6458;0.2226;0.1316;RandomForest
185202;Juan Cruz;543;Mediocentro;2022;2023;174;6.466666000000001;30.23;26.84;;BAJO;BAJO;BAJO;0.6775;0.2082;0.1144;RandomForest
185477;Rodri Sánchez;543;Mediocentro;2022;2023;1606;6.813333;66.89;52.08;BAJO;MEDIO;BAJO;BAJO;0.4014;0.4067;0.1919;RandomForest
187987;Ramón Terrats;533;Mediocentro;2022;2023;1055;6.566665999999999;46.02;44.31;BAJO;BAJO;BAJO;BAJO;0.6626;0.242;0.0954;RandomForest
190485;Samú Costa;798;Mediocentro;2022;2023;4003;6.803124999999999;69.89;72.61;MEDIO;MEDIO;MEDIO;MEDIO;0.1523;0.5706;0.277;RandomForest
199042;Mario Maroto;720;Mediocentro;2022;2023;0;;19.05;;;BAJO;BAJO;BAJO;0.6458;0.2226;0.1316;RandomForest
269163;Williot Swedberg;538;Mediocentro;2022;2023;52;6.6;30.52;49.31;;BAJO;BAJO;BAJO;0.6808;0.2208;0.0984;RandomForest
274298;Tiago Ribeiro;532;Mediocentro;2022;2023;0;;19.05;;;BAJO;BAJO;BAJO;0.6458;0.2226;0.1316;RandomForest
282131;Martin Svidersky;723;Mediocentro;2022;2023;0;;19.05;18.67;;BAJO;BAJO;BAJO;0.6458;0.2226;0.1316;RandomForest
285909;Pablo Torre;529;Mediocentro;2022;2023;138;6.585714;33.03;41.21;BAJO;BAJO;BAJO;BAJO;0.6113;0.2439;0.1447;RandomForest
286605;Roger Martínez;540;Mediocentro;2022;2023;6;6.2;14.63;;;BAJO;BAJO;BAJO;0.5749;0.2524;0.1727;RandomForest
287652;Jon Magunazelaia;548;Mediocentro;2022;2023;63;6.6;35.45;39.56;;BAJO;BAJO;ALTO;0.6443;0.2333;0.1223;RandomForest
290106;Pablo Marín;548;Mediocentro;2022;2023;361;6.61;48.65;18.67;;BAJO;BAJO;ALTO;0.5527;0.3123;0.1349;RandomForest
293297;John Patrick;546;Mediocentro;2022;2023;0;;19.05;18.67;;BAJO;BAJO;BAJO;0.6458;0.2226;0.1316;RandomForest
296667;Pablo Gavi;529;Mediocentro;2022;2023;2541;6.855555;76.81;86.71;ALTO;ALTO;ALTO;MEDIO;0.154;0.2904;0.5556;RandomForest
310609;Gui;723;Mediocentro;2022;2023;0;;19.05;18.67;;BAJO;BAJO;BAJO;0.6458;0.2226;0.1316;RandomForest
310683;Álvaro Bastida;724;Mediocentro;2022;2023;0;;19.05;18.67;;BAJO;BAJO;BAJO;0.6458;0.2226;0.1316;RandomForest
311746;Javi Pamies;797;Mediocentro;2022;2023;0;;19.05;;;BAJO;BAJO;BAJO;0.6458;0.2226;0.1316;RandomForest
313548;Alberto Moreno;530;Mediocentro;2022;2023;0;;19.05;;;BAJO;BAJO;BAJO;0.6458;0.2226;0.1316;RandomForest
313651;Hugo Sotelo;538;Mediocentro;2022;2023;16;6.7;31.76;52.43;BAJO;BAJO;BAJO;BAJO;0.6114;0.2345;0.1541;RandomForest
315699;Javier Guerra;532;Mediocentro;2022;2023;608;6.57;51.44;60.02;MEDIO;BAJO;BAJO;MEDIO;0.5464;0.3464;0.1072;RandomForest
327628;Ricard Artero;547;Mediocentro;2022;2023;125;6.6;37.25;18.67;;BAJO;BAJO;BAJO;0.5607;0.2944;0.1449;RandomForest
329720;Hugo Álvarez;538;Mediocentro;2022;2023;0;;19.05;79.03;ALTO;BAJO;BAJO;BAJO;0.6458;0.2226;0.1316;RandomForest
329728;Marc Casadó;529;Mediocentro;2022;2023;0;;19.05;44.4;;BAJO;BAJO;BAJO;0.6458;0.2226;0.1316;RandomForest
329729;Lulo Dasilva;536;Mediocentro;2022;2023;0;;19.05;18.67;;BAJO;BAJO;BAJO;0.6458;0.2226;0.1316;RandomForest
331607;Manu Bueno;536;Mediocentro;2022;2023;150;6.9;58.0;32.9;;BAJO;BAJO;BAJO;0.5116;0.302;0.1864;RandomForest
332308;Unai Gómez;531;Mediocentro;2022;2023;0;;19.05;48.8;BAJO;BAJO;BAJO;BAJO;0.6458;0.2226;0.1316;RandomForest
332315;Alejandro Alfaro;797;Mediocentro;2022;2023;14;6.2;14.62;;;BAJO;BAJO;BAJO;0.6113;0.2413;0.1475;RandomForest
333378;Diego Mendez;728;Mediocentro;2022;2023;1;0.0;17.75;41.12;;BAJO;BAJO;ALTO;0.6341;0.2234;0.1426;RandomForest
333439;Ruben Quintanilla;798;Mediocentro;2022;2023;3;0.0;14.0;18.67;;BAJO;ALTO;ALTO;0.5705;0.2504;0.1791;RandomForest
335239;Moi Parra;546;Mediocentro;2022;2023;9;6.7;33.23;;;BAJO;BAJO;BAJO;0.6219;0.2404;0.1377;RandomForest
336557;Aleix Garrido;529;Mediocentro;2022;2023;6;6.7;32.62;18.67;;BAJO;BAJO;BAJO;0.6423;0.2449;0.1128;RandomForest
336590;Aitor Gismera;530;Mediocentro;2022;2023;0;;19.05;18.67;;BAJO;BAJO;BAJO;0.6458;0.2226;0.1316;RandomForest
336594;Pablo Barrios;530;Mediocentro;2022;2023;716;6.65238;52.89;81.68;ALTO;BAJO;BAJO;MEDIO;0.5121;0.3289;0.159;RandomForest
339105;Joel Roca;547;Mediocentro;2022;2023;80;6.519999999999999;34.14;;;BAJO;BAJO;BAJO;0.6051;0.2623;0.1326;RandomForest
339804;Manuel Cocca;797;Mediocentro;2022;2023;0;;19.05;;;BAJO;BAJO;BAJO;0.6458;0.2226;0.1316;RandomForest
341371;Rodrigo Mendoza;797;Mediocentro;2022;2023;0;;19.05;;;BAJO;BAJO;BAJO;0.6458;0.2226;0.1316;RandomForest
343205;Mario Martín;541;Mediocentro;2022;2023;0;;19.05;39.15;;BAJO;BAJO;BAJO;0.6458;0.2226;0.1316;RandomForest
347877;Curro Muñoz;724;Mediocentro;2022;2023;0;;19.05;;;BAJO;BAJO;BAJO;0.6458;0.2226;0.1316;RandomForest
348539;Unai Hernández;529;Mediocentro;2022;2023;0;;19.05;18.67;;BAJO;BAJO;BAJO;0.6458;0.2226;0.1316;RandomForest
350037;Nico Paz;541;Mediocentro;2022;2023;0;;19.05;20.98;;BAJO;BAJO;BAJO;0.6458;0.2226;0.1316;RandomForest
364415;Yellu Santiago;532;Mediocentro;2022;2023;0;;19.05;42.85;BAJO;BAJO;BAJO;BAJO;0.6458;0.2226;0.1316;RandomForest
377197;Pablo Muñoz;728;Mediocentro;2022;2023;10;6.3;18.0;18.67;;BAJO;BAJO;BAJO;0.6702;0.2159;0.1139;RandomForest
384266;Wibuala Junior Bita;531;Mediocentro;2022;2023;0;;19.05;;;BAJO;BAJO;BAJO;0.6458;0.2226;0.1316;RandomForest
396630;Pau Prim Coma;529;Mediocentro;2022;2023;0;;19.05;18.67;;BAJO;BAJO;BAJO;0.6458;0.2226;0.1316;RandomForest
418944;Marcos Pena;723;Mediocentro;2022;2023;0;;19.05;54.58;;BAJO;BAJO;BAJO;0.6458;0.2226;0.1316;RandomForest
29;Jan Oblak;530;Portero;2022;2023;2493;6.924999999999999;52.0;42.28;BAJO;BAJO;ALTO;ALTO;0.4232;0.3132;0.2636;RandomForest
126;Iñaki Peña;529;Portero;2022;2023;72;6.3;23.88;29.62;BAJO;BAJO;BAJO;BAJO;0.5688;0.1839;0.2473;RandomForest
158;Paulo Gazzaniga;547;Portero;2022;2023;2520;6.889285000000001;47.03;69.24;ALTO;MEDIO;ALTO;ALTO;0.2739;0.37;0.3561;RandomForest
614;Claudio Bravo;543;Portero;2022;2023;1080;7.175;56.39;44.41;MEDIO;BAJO;BAJO;BAJO;0.3954;0.3593;0.2453;RandomForest
730;Thibaut Courtois;541;Portero;2022;2023;2790;7.096774;65.12;61.78;;ALTO;ALTO;MEDIO;0.2139;0.3095;0.4765;RandomForest
911;Jaume Doménech;532;Portero;2022;2023;0;;27.2;54.37;;BAJO;BAJO;ALTO;0.6047;0.2352;0.1601;RandomForest
913;Cristian Rivero;532;Portero;2022;2023;0;;27.2;26.83;;BAJO;BAJO;MEDIO;0.6049;0.234;0.161;RandomForest
1624;Pepe Reina;533;Portero;2022;2023;1980;6.827272;42.84;50.03;;BAJO;BAJO;ALTO;0.3722;0.3099;0.3179;RandomForest
1682;Sergio Asenjo;720;Portero;2022;2023;900;6.54;31.82;;;BAJO;BAJO;BAJO;0.4656;0.273;0.2614;RandomForest
2464;Agustín Marchesín;538;Portero;2022;2023;1710;6.773684;40.8;26.89;;BAJO;ALTO;ALTO;0.3526;0.3223;0.3251;RandomForest
2701;Bono;536;Portero;2022;2023;2153;6.616;35.75;21.21;;MEDIO;BAJO;ALTO;0.319;0.4045;0.2765;RandomForest
2813;Marko Dmitrović;536;Portero;2022;2023;1268;6.980000000000001;52.14;42.04;BAJO;BAJO;BAJO;BAJO;0.4823;0.2705;0.2472;RandomForest
2814;Predrag Rajković;798;Portero;2022;2023;3240;6.844444;47.41;51.45;MEDIO;MEDIO;ALTO;MEDIO;0.2675;0.533;0.1995;RandomForest
6492;Jeremías Ledesma;724;Portero;2022;2023;3060;7.173528999999999;64.42;59.19;ALTO;ALTO;ALTO;ALTO;0.1476;0.316;0.5364;RandomForest
10151;Diego Alves;538;Portero;2022;2023;0;;26.83;;;BAJO;BAJO;ALTO;0.6118;0.2421;0.146;RandomForest
14382;Ivo Grbić;530;Portero;2022;2023;922;6.908333;47.08;26.89;;BAJO;BAJO;BAJO;0.4587;0.3139;0.2274;RandomForest
19112;Kiko Casilla;546;Portero;2022;2023;0;;27.2;;;BAJO;BAJO;MEDIO;0.6049;0.234;0.161;RandomForest
21566;Benjamin Lecomte;540;Portero;2022;2023;900;6.73;33.06;;;BAJO;BAJO;ALTO;0.4543;0.2593;0.2864;RandomForest
24760;Giorgi Mamardashvili;532;Portero;2022;2023;3420;6.847368;44.26;53.42;ALTO;MEDIO;MEDIO;MEDIO;0.328;0.3753;0.2966;RandomForest
46646;Sergio Herrera;727;Portero;2022;2023;1530;6.823529;44.97;43.78;MEDIO;MEDIO;ALTO;MEDIO;0.2751;0.4692;0.2556;RandomForest
46649;Juan Pérez;727;Portero;2022;2023;0;;27.2;;;BAJO;BAJO;ALTO;0.6047;0.2352;0.1601;RandomForest
46672;Rui Silva;543;Portero;2022;2023;2340;6.923076;54.99;52.21;MEDIO;MEDIO;ALTO;ALTO;0.2774;0.4221;0.3005;RandomForest
46700;Dario Ramos;727;Portero;2022;2023;0;;26.44;;;BAJO;BAJO;MEDIO;0.6149;0.2494;0.1357;RandomForest
46755;David Gil;724;Portero;2022;2023;360;7.3;53.54;51.82;;BAJO;BAJO;BAJO;0.5306;0.2532;0.2163;RandomForest
46812;Axel Werner;797;Portero;2022;2023;180;6.3;28.99;;;BAJO;BAJO;MEDIO;0.4444;0.2092;0.3463;RandomForest
46870;Diego Mariño;723;Portero;2022;2023;44;6.2;20.95;30.07;;BAJO;BAJO;ALTO;0.4774;0.2242;0.2983;RandomForest
46871;Dani Martín;543;Portero;2022;2023;0;;27.2;;;BAJO;BAJO;MEDIO;0.6049;0.234;0.161;RandomForest
46872;Christian Sanchez;538;Portero;2022;2023;0;;27.2;;;BAJO;BAJO;ALTO;0.6047;0.2352;0.1601;RandomForest
46904;Fernando Martínez;723;Portero;2022;2023;3286;6.897297;47.65;31.44;;MEDIO;MEDIO;ALTO;0.2833;0.4289;0.2878;RandomForest
46961;Édgar Badía;797;Portero;2022;2023;3240;6.966666;54.93;;;ALTO;MEDIO;ALTO;0.2549;0.3704;0.3747;RandomForest
47016;Álvaro Fernández;540;Portero;2022;2023;990;6.672727;34.59;;;BAJO;BAJO;ALTO;0.4586;0.2893;0.2521;RandomForest
47153;Juan Carlos;547;Portero;2022;2023;900;6.6;31.13;26.89;;BAJO;BAJO;BAJO;0.4717;0.2933;0.235;RandomForest
47247;David Soria;546;Portero;2022;2023;3420;7.013157;54.73;43.45;BAJO;MEDIO;ALTO;BAJO;0.3338;0.3781;0.2881;RandomForest
47267;Iago Herrerín;532;Portero;2022;2023;0;;27.2;;;BAJO;BAJO;MEDIO;0.6049;0.234;0.161;RandomForest
47269;Álex Remiro;548;Portero;2022;2023;3420;6.95;53.37;52.38;MEDIO;MEDIO;ALTO;BAJO;0.1991;0.4963;0.3046;RandomForest
47270;Unai Simón;531;Portero;2022;2023;2745;6.770967;38.73;53.62;ALTO;ALTO;ALTO;MEDIO;0.3256;0.3105;0.3639;RandomForest
47296;Gerónimo Rulli;533;Portero;2022;2023;1260;7.3;61.63;;;BAJO;ALTO;BAJO;0.3726;0.2938;0.3337;RandomForest
47297;Andoni Zubiaurre;548;Portero;2022;2023;0;;27.2;;;BAJO;BAJO;MEDIO;0.6049;0.234;0.161;RandomForest
47327;Diego López;728;Portero;2022;2023;95;5.65;20.04;;;BAJO;BAJO;ALTO;0.4972;0.2063;0.2965;RandomForest
47352;Fernando Pacheco;540;Portero;2022;2023;1530;6.9;48.11;;;BAJO;BAJO;BAJO;0.4571;0.2382;0.3048;RandomForest
47400;Andriy Lunin;541;Portero;2022;2023;630;6.785714;34.35;52.8;MEDIO;BAJO;BAJO;MEDIO;0.4234;0.295;0.2816;RandomForest
47427;Iván Villar;538;Portero;2022;2023;1710;6.652631;33.68;28.52;BAJO;BAJO;BAJO;ALTO;0.4888;0.2711;0.24;RandomForest
47448;Aitor Fernández;727;Portero;2022;2023;1890;7.104761;55.16;26.83;BAJO;BAJO;ALTO;BAJO;0.4546;0.26;0.2855;RandomForest
47474;Jordi Masip;720;Portero;2022;2023;2508;7.025;55.8;;;MEDIO;ALTO;ALTO;0.3105;0.3531;0.3365;RandomForest
47527;Stole Dimitrievski;532;Portero;2022;2023;6650;6.767567;39.56;41.72;BAJO;BAJO;BAJO;BAJO;0.429;0.3518;0.2192;RandomForest
47529;Miguel Ángel Morro;728;Portero;2022;2023;0;;27.2;26.09;;BAJO;BAJO;ALTO;0.6047;0.2352;0.1601;RandomForest
61142;Dominik Greif;798;Portero;2022;2023;90;6.9;40.98;53.73;;BAJO;BAJO;BAJO;0.5071;0.221;0.2719;RandomForest
122956;Diego Conde;546;Portero;2022;2023;0;;27.2;;;BAJO;BAJO;MEDIO;0.6049;0.234;0.161;RandomForest
162449;Carlos Perez;532;Portero;2022;2023;0;;26.6;;;BAJO;BAJO;MEDIO;0.616;0.248;0.136;RandomForest
162473;Arnau Tenas;529;Portero;2022;2023;0;;27.2;;;BAJO;BAJO;BAJO;0.6319;0.2108;0.1574;RandomForest
162529;Luis López;541;Portero;2022;2023;0;;27.2;;;BAJO;BAJO;BAJO;0.6007;0.2359;0.1634;RandomForest
162533;Toni Fuidias;541;Portero;2022;2023;0;;27.2;26.89;;BAJO;BAJO;BAJO;0.6007;0.2359;0.1634;RandomForest
163198;Emilio Bernad;532;Portero;2022;2023;0;;26.6;;;BAJO;BAJO;MEDIO;0.616;0.248;0.136;RandomForest
169256;Iker Álvarez;533;Portero;2022;2023;0;;27.2;26.47;;BAJO;BAJO;ALTO;0.6047;0.2352;0.1601;RandomForest
177587;Marius Herzig;536;Portero;2022;2023;0;;26.44;;;BAJO;BAJO;MEDIO;0.6149;0.2494;0.1357;RandomForest
179139;Leo Román;798;Portero;2022;2023;90;7.7;55.22;;;BAJO;BAJO;MEDIO;0.5172;0.1906;0.2922;RandomForest
179996;Francisco Vieites;543;Portero;2022;2023;0;;26.44;52.32;;BAJO;BAJO;BAJO;0.6151;0.2483;0.1366;RandomForest
182640;Ander Iru;531;Portero;2022;2023;0;;27.2;;;BAJO;BAJO;MEDIO;0.6049;0.234;0.161;RandomForest
182657;Pablo Valencia;727;Portero;2022;2023;0;;26.69;26.89;;BAJO;BAJO;MEDIO;0.6115;0.244;0.1445;RandomForest
182713;Diego Fuoli;723;Portero;2022;2023;0;;27.2;;;BAJO;BAJO;ALTO;0.6047;0.2352;0.1601;RandomForest
182718;Joan García;529;Portero;2022;2023;180;5.9;20.88;;;BAJO;BAJO;BAJO;0.54;0.2055;0.2545;RandomForest
182735;Angel Fortuno;540;Portero;2022;2023;0;;26.76;;;BAJO;BAJO;ALTO;0.6118;0.2421;0.146;RandomForest
183848;Julen Agirrezabala;531;Portero;2022;2023;675;6.8625;40.37;30.81;;BAJO;BAJO;BAJO;0.529;0.2856;0.1855;RandomForest
185075;Raúl García;538;Portero;2022;2023;0;;26.6;26.35;;BAJO;BAJO;MEDIO;0.616;0.248;0.136;RandomForest
189051;Juanpe Navarro;797;Portero;2022;2023;0;;26.44;;;BAJO;BAJO;MEDIO;0.6149;0.2494;0.1357;RandomForest
189831;Egoitz Arana;548;Portero;2022;2023;0;;26.76;;;BAJO;BAJO;ALTO;0.6118;0.2421;0.146;RandomForest
189832;Unai Marrero;548;Portero;2022;2023;0;;27.2;26.28;;BAJO;BAJO;MEDIO;0.6049;0.234;0.161;RandomForest
189997;Mario de Luis;541;Portero;2022;2023;0;;26.44;26.29;;BAJO;BAJO;MEDIO;0.6149;0.2494;0.1357;RandomForest
206260;Lucas Cañizares;541;Portero;2022;2023;0;;26.83;26.35;;BAJO;BAJO;ALTO;0.6118;0.2421;0.146;RandomForest
237252;Pere García;798;Portero;2022;2023;0;;26.83;26.29;;BAJO;BAJO;ALTO;0.6118;0.2421;0.146;RandomForest
278281;Vicente Bellmunt;546;Portero;2022;2023;0;;26.44;;;BAJO;BAJO;MEDIO;0.6149;0.2494;0.1357;RandomForest
286616;Filip Jörgensen;533;Portero;2022;2023;180;6.5;26.73;61.85;ALTO;BAJO;BAJO;ALTO;0.4201;0.2074;0.3725;RandomForest
286623;Coke Carrillo;538;Portero;2022;2023;0;;27.2;26.89;;BAJO;BAJO;ALTO;0.6047;0.2352;0.1601;RandomForest
289788;Yoel Ramírez;727;Portero;2022;2023;0;;26.76;;;BAJO;BAJO;ALTO;0.6118;0.2421;0.146;RandomForest
308346;Alberto Flores;536;Portero;2022;2023;0;;27.2;26.89;;BAJO;BAJO;MEDIO;0.6049;0.234;0.161;RandomForest
309917;Alvaro Aceves Catalina;720;Portero;2022;2023;12;7.3;54.82;;;BAJO;BAJO;MEDIO;0.5719;0.2219;0.2062;RandomForest
315604;Alejandro Iturbe;530;Portero;2022;2023;0;;26.9;;;BAJO;BAJO;ALTO;0.6136;0.2415;0.145;RandomForest
327552;Nando Almodóvar;724;Portero;2022;2023;0;;26.44;26.09;;BAJO;BAJO;MEDIO;0.6149;0.2494;0.1357;RandomForest
331330;Matías Árbol;536;Portero;2022;2023;0;;27.2;26.89;;BAJO;BAJO;ALTO;0.6047;0.2352;0.1601;RandomForest
332217;Lluc Matas;547;Portero;2022;2023;0;;26.69;;;BAJO;BAJO;MEDIO;0.6115;0.244;0.1445;RandomForest
333379;Antonio Gomis;530;Portero;2022;2023;5;6.2;20.42;26.89;;BAJO;BAJO;ALTO;0.577;0.2492;0.1738;RandomForest
334575;Diego Piñeiro;541;Portero;2022;2023;0;;26.44;26.89;;BAJO;BAJO;MEDIO;0.6149;0.2494;0.1357;RandomForest
336653;Ander Astralaga;529;Portero;2022;2023;0;;26.6;26.89;;BAJO;BAJO;MEDIO;0.616;0.248;0.136;RandomForest
337963;Victor Wehbi Aznar;724;Portero;2022;2023;0;;27.2;26.42;;BAJO;BAJO;ALTO;0.6047;0.2352;0.1601;RandomForest
348328;Jesus Lopez;797;Portero;2022;2023;0;;26.88;;;BAJO;BAJO;BAJO;0.6078;0.2428;0.1494;RandomForest
364416;Jesus Lopez;797;Portero;2022;2023;0;;27.2;;;BAJO;BAJO;MEDIO;0.6049;0.234;0.161;RandomForest
386872;Sergio Mestre;530;Portero;2022;2023;0;;26.6;26.09;;BAJO;BAJO;MEDIO;0.616;0.248;0.136;RandomForest
396475;Fran González;541;Portero;2022;2023;0;;26.44;26.89;;BAJO;BAJO;MEDIO;0.6149;0.2494;0.1357;RandomForest
20;Axel Witsel;547;Defensa;2023;2024;5565;6.957142;75.86;62.19;MEDIO;MEDIO;MEDIO;MEDIO;0.1069;0.4678;0.4253;RandomForest
31;José María Giménez;530;Defensa;2023;2024;1322;6.827272;56.48;67.64;MEDIO;BAJO;BAJO;BAJO;0.4798;0.3769;0.1433;RandomForest
39;Stefan Savić;530;Defensa;2023;2024;1635;6.786363;59.47;;;BAJO;BAJO;MEDIO;0.4916;0.3437;0.1648;RandomForest
129;Chumi;723;Defensa;2023;2024;2431;6.606451;46.6;;;BAJO;BAJO;BAJO;0.5162;0.3437;0.1401;RandomForest
131;Jorge Cuenca;533;Defensa;2023;2024;1960;6.803448;65.76;;;MEDIO;ALTO;MEDIO;0.3393;0.3426;0.3182;RandomForest
134;Juan Miranda;543;Defensa;2023;2024;1862;7.028;76.5;;;ALTO;ALTO;ALTO;0.1906;0.3409;0.4685;RandomForest
166;Juan Foyth;533;Defensa;2023;2024;1062;7.05;86.15;81.9;ALTO;ALTO;ALTO;ALTO;0.1185;0.2537;0.6277;RandomForest
288;Alberto Moreno;533;Defensa;2023;2024;1497;6.755554999999999;57.63;;;BAJO;MEDIO;MEDIO;0.4411;0.3922;0.1667;RandomForest
314;Raúl Albiol;533;Defensa;2023;2024;2035;6.803846;57.88;41.32;BAJO;BAJO;MEDIO;BAJO;0.5059;0.3301;0.164;RandomForest
340;Srđan Babić;723;Defensa;2023;2024;90;6.9;46.47;;;BAJO;BAJO;BAJO;0.5845;0.2616;0.1539;RandomForest
372;Éder Militão;541;Defensa;2023;2024;497;6.8625;60.2;86.1;ALTO;BAJO;BAJO;BAJO;0.4288;0.3309;0.2402;RandomForest
383;Wilson Manafá;715;Defensa;2023;2024;241;6.375;30.15;;;BAJO;BAJO;BAJO;0.6037;0.2555;0.1408;RandomForest
403;Matija Nastasić;798;Defensa;2023;2024;2257;6.892307;64.93;60.06;MEDIO;MEDIO;MEDIO;MEDIO;0.3797;0.468;0.1523;RandomForest
433;Marcão;536;Defensa;2023;2024;354;6.783333;45.16;33.97;BAJO;BAJO;BAJO;MEDIO;0.5847;0.2769;0.1385;RandomForest
505;David Alaba;541;Defensa;2023;2024;1156;7.135713999999999;73.86;38.7;;MEDIO;MEDIO;MEDIO;0.1728;0.5352;0.292;RandomForest
531;Daley Blind;547;Defensa;2023;2024;2978;7.070588;84.02;78.47;ALTO;ALTO;ALTO;ALTO;0.0565;0.1625;0.781;RandomForest
536;Daley Sinkgraven;534;Defensa;2023;2024;377;6.466666;28.78;42.82;;BAJO;BAJO;MEDIO;0.6174;0.2575;0.125;RandomForest
619;Eric García;547;Defensa;2023;2024;2696;6.7;50.04;74.47;ALTO;BAJO;BAJO;ALTO;0.5154;0.2428;0.2418;RandomForest
653;Ferland Mendy;541;Defensa;2023;2024;1734;6.891304;65.47;51.93;BAJO;BAJO;BAJO;BAJO;0.4406;0.3502;0.2092;RandomForest
733;Daniel Carvajal;541;Defensa;2023;2024;2176;7.218518;82.61;77.81;ALTO;ALTO;ALTO;ALTO;0.0866;0.2258;0.6876;RandomForest
735;Nacho Fernández;541;Defensa;2023;2024;1765;6.872413000000001;61.33;;;BAJO;ALTO;MEDIO;0.4304;0.3805;0.1891;RandomForest
736;Fran García;541;Defensa;2023;2024;1395;6.933333;67.44;75.55;ALTO;ALTO;BAJO;ALTO;0.2599;0.3312;0.4089;RandomForest
737;Álvaro Odriozola;548;Defensa;2023;2024;396;0.0;23.07;23.63;;BAJO;BAJO;BAJO;0.6315;0.2215;0.1471;RandomForest
738;Sergio Ramos;536;Defensa;2023;2024;2518;7.307142000000001;85.67;;;ALTO;ALTO;ALTO;0.0526;0.2087;0.7387;RandomForest
741;Jesús Vallejo;715;Defensa;2023;2024;106;6.400000000000001;25.9;31.74;;BAJO;BAJO;ALTO;0.6354;0.2328;0.1318;RandomForest
757;Lucas Vázquez;541;Defensa;2023;2024;1409;7.239285000000001;81.96;81.1;ALTO;ALTO;ALTO;ALTO;0.1178;0.258;0.6242;RandomForest
855;João Cancelo;529;Defensa;2023;2024;2507;7.2718750000000005;90.32;;;ALTO;ALTO;ALTO;0.0294;0.103;0.8675;RandomForest
885;Eric Bailly;533;Defensa;2023;2024;839;6.66;48.06;35.19;BAJO;BAJO;BAJO;BAJO;0.6014;0.2799;0.1188;RandomForest
914;Álex Centelles;723;Defensa;2023;2024;980;6.642857;41.7;;;BAJO;BAJO;BAJO;0.5752;0.308;0.1167;RandomForest
915;Gabriel Paulista;532;Defensa;2023;2024;1805;6.82;55.21;;;BAJO;BAJO;BAJO;0.5247;0.3486;0.1267;RandomForest
916;Mouctar Diakhaby;532;Defensa;2023;2024;1071;6.871428;69.36;72.98;ALTO;BAJO;BAJO;ALTO;0.4151;0.3091;0.2758;RandomForest
918;José Luis Gayà;532;Defensa;2023;2024;1797;6.941666;78.25;76.19;ALTO;ALTO;ALTO;BAJO;0.1426;0.2879;0.5695;RandomForest
920;Toni Lato;798;Defensa;2023;2024;1558;6.807407;60.32;38.17;BAJO;BAJO;BAJO;MEDIO;0.5317;0.3275;0.1409;RandomForest
1117;Kieran Tierney;548;Defensa;2023;2024;1242;6.905;68.63;;;BAJO;BAJO;BAJO;0.4324;0.3537;0.2139;RandomForest
1257;Jules Koundé;529;Defensa;2023;2024;2899;7.114285;83.07;86.38;ALTO;ALTO;ALTO;ALTO;0.0375;0.1312;0.8313;RandomForest
1264;Youssouf Sabaly;543;Defensa;2023;2024;1048;6.725;52.51;58.31;MEDIO;BAJO;BAJO;BAJO;0.5162;0.3561;0.1277;RandomForest
1439;Héctor Bellerín;543;Defensa;2023;2024;1713;6.556521;43.48;60.31;MEDIO;BAJO;BAJO;MEDIO;0.5334;0.3411;0.1255;RandomForest
1450;Sokratis;543;Defensa;2023;2024;1134;6.806666;53.8;;;BAJO;BAJO;BAJO;0.5542;0.3191;0.1268;RandomForest
1482;Thierry Correia;532;Defensa;2023;2024;2173;6.851612;72.32;63.7;MEDIO;MEDIO;MEDIO;MEDIO;0.2221;0.5207;0.2572;RandomForest
1493;Marcos Acuña;536;Defensa;2023;2024;1296;6.909523;76.02;;;MEDIO;ALTO;ALTO;0.2071;0.4022;0.3907;RandomForest
1561;Marc Bartra;543;Defensa;2023;2024;226;6.566666;30.56;78.12;ALTO;BAJO;BAJO;BAJO;0.5951;0.2456;0.1593;RandomForest
1565;Edgar González;723;Defensa;2023;2024;2528;6.741934999999999;62.02;;;MEDIO;ALTO;BAJO;0.2866;0.4074;0.306;RandomForest
1567;Aïssa Mandi;533;Defensa;2023;2024;1118;6.76875;48.04;;;BAJO;BAJO;BAJO;0.5456;0.3133;0.141;RandomForest
1687;Jaume Costa;798;Defensa;2023;2024;1683;6.676666;50.53;;;BAJO;BAJO;BAJO;0.5163;0.3501;0.1336;RandomForest
1702;Alfonso Pedraza;533;Defensa;2023;2024;1120;6.621052;55.25;56.85;MEDIO;MEDIO;ALTO;MEDIO;0.3132;0.4723;0.2145;RandomForest
1703;Andrei Rațiu;728;Defensa;2023;2024;640;6.558333;36.57;81.3;ALTO;BAJO;BAJO;BAJO;0.6265;0.2646;0.1089;RandomForest
1847;Luiz Felipe;543;Defensa;2023;2024;720;6.875;51.76;;;BAJO;BAJO;BAJO;0.4719;0.3605;0.1677;RandomForest
1926;Joseph Aidoo;538;Defensa;2023;2024;406;6.75;45.83;28.96;BAJO;BAJO;BAJO;BAJO;0.5578;0.307;0.1352;RandomForest
2054;Jesús Navas;536;Defensa;2023;2024;2012;6.855172;68.9;50.07;;BAJO;MEDIO;MEDIO;0.4035;0.3679;0.2286;RandomForest
2202;Hamari Traoré;548;Defensa;2023;2024;2296;6.893548;73.96;53.09;BAJO;BAJO;ALTO;MEDIO;0.3601;0.339;0.3008;RandomForest
2278;Marcos Alonso;529;Defensa;2023;2024;501;7.06;64.52;86.79;ALTO;MEDIO;BAJO;ALTO;0.3286;0.3554;0.316;RandomForest
2280;César Azpilicueta;530;Defensa;2023;2024;1421;6.870832999999999;62.29;66.04;MEDIO;MEDIO;BAJO;MEDIO;0.4005;0.4102;0.1893;RandomForest
2282;Andreas Christensen;529;Defensa;2023;2024;1990;6.893332999999999;68.0;42.02;;MEDIO;MEDIO;MEDIO;0.3081;0.4347;0.2572;RandomForest
2285;Antonio Rüdiger;541;Defensa;2023;2024;2707;6.939392999999999;68.64;73.32;ALTO;ALTO;MEDIO;ALTO;0.1735;0.3558;0.4707;RandomForest
2468;Gonzalo Montiel;536;Defensa;2023;2024;0;;18.67;33.09;;BAJO;BAJO;BAJO;0.6104;0.2564;0.1332;RandomForest
2469;Germán Pezzella;543;Defensa;2023;2024;2771;6.978125;74.86;;;ALTO;ALTO;ALTO;0.1447;0.3368;0.5185;RandomForest
2610;Giovanni González;798;Defensa;2023;2024;2463;6.784848000000001;65.41;;;MEDIO;MEDIO;MEDIO;0.2901;0.4442;0.2658;RandomForest
2669;Mario Hermoso;530;Defensa;2023;2024;2558;7.038709;79.14;;;ALTO;ALTO;MEDIO;0.1015;0.2541;0.6444;RandomForest
2670;Iñigo Martínez;529;Defensa;2023;2024;1290;7.035;66.71;81.0;ALTO;ALTO;MEDIO;ALTO;0.2573;0.3509;0.3918;RandomForest
2819;Stefan Mitrović;546;Defensa;2023;2024;701;6.672727000000001;41.82;;;BAJO;BAJO;BAJO;0.6064;0.2705;0.1231;RandomForest
2873;César Montes;723;Defensa;2023;2024;1792;6.657142;50.19;;;BAJO;BAJO;MEDIO;0.4074;0.3413;0.2513;RandomForest
5987;Fabrizio Angileri;546;Defensa;2023;2024;184;6.6375;31.73;;;BAJO;BAJO;MEDIO;0.6127;0.2538;0.1335;RandomForest
6168;Omar Alderete;546;Defensa;2023;2024;2191;6.727586;56.79;81.33;ALTO;BAJO;BAJO;ALTO;0.3879;0.3293;0.2827;RandomForest
6233;Nahuel Tenaglia;542;Defensa;2023;2024;1128;6.782608;56.07;86.34;ALTO;BAJO;BAJO;ALTO;0.5178;0.3163;0.1659;RandomForest
6503;Nahuel Molina;530;Defensa;2023;2024;1857;6.81;65.24;61.91;MEDIO;MEDIO;MEDIO;MEDIO;0.3841;0.4153;0.2006;RandomForest
9700;Abner Vinícius;543;Defensa;2023;2024;1418;6.7;44.13;;;BAJO;BAJO;BAJO;0.6151;0.278;0.1069;RandomForest
10233;Bruno Méndez;715;Defensa;2023;2024;1336;6.741176;62.04;;;MEDIO;MEDIO;ALTO;0.3528;0.4085;0.2387;RandomForest
14444;Mamadou Mbaye;724;Defensa;2023;2024;286;6.8;42.94;;;BAJO;BAJO;BAJO;0.5338;0.3065;0.1597;RandomForest
15900;Abdul Mumin;728;Defensa;2023;2024;1705;6.89;62.79;69.11;MEDIO;BAJO;BAJO;MEDIO;0.4364;0.4098;0.1538;RandomForest
18776;Çağlar Söyüncü;530;Defensa;2023;2024;111;6.14;22.59;;;BAJO;BAJO;BAJO;0.646;0.2129;0.1411;RandomForest
18794;Kiko Femenía;546;Defensa;2023;2024;3167;6.813043;54.84;68.27;MEDIO;MEDIO;MEDIO;MEDIO;0.3115;0.5333;0.1552;RandomForest
18867;Diego Rico;546;Defensa;2023;2024;2537;6.953125;66.39;75.84;ALTO;ALTO;ALTO;ALTO;0.1393;0.2564;0.6043;RandomForest
18895;Florian Lejeune;728;Defensa;2023;2024;3328;7.054054;81.48;84.6;ALTO;ALTO;ALTO;ALTO;0.0499;0.1509;0.7992;RandomForest
18896;Javier Manquillo;538;Defensa;2023;2024;747;6.645454;41.82;31.02;BAJO;BAJO;BAJO;BAJO;0.6092;0.2748;0.116;RandomForest
20520;Iván Balliu;728;Defensa;2023;2024;2857;6.830303000000001;64.99;40.22;BAJO;BAJO;BAJO;BAJO;0.3975;0.3959;0.2066;RandomForest
20627;Houboulang Mendes;723;Defensa;2023;2024;395;6.5;35.94;;;BAJO;BAJO;MEDIO;0.6108;0.2816;0.1077;RandomForest
20660;Aleksandar Radovanović;723;Defensa;2023;2024;572;6.822222;52.84;;;BAJO;BAJO;BAJO;0.5214;0.3341;0.1445;RandomForest
21441;Faitout Maouassa;715;Defensa;2023;2024;245;6.65;38.08;;;BAJO;BAJO;BAJO;0.5401;0.3031;0.1568;RandomForest
21584;Mihailo Ristić;538;Defensa;2023;2024;808;6.733333;54.36;30.32;;BAJO;BAJO;BAJO;0.5409;0.3189;0.1402;RandomForest
22225;Reinildo Mandava;530;Defensa;2023;2024;728;6.8999999999999995;70.49;41.91;BAJO;BAJO;BAJO;BAJO;0.5125;0.3013;0.1861;RandomForest
24793;Jorge Meré;724;Defensa;2023;2024;677;6.590000000000001;35.07;;;BAJO;BAJO;BAJO;0.5907;0.2819;0.1273;RandomForest
26302;Pablo Maffeo;798;Defensa;2023;2024;1545;6.714285;58.54;79.41;ALTO;MEDIO;BAJO;MEDIO;0.356;0.3974;0.2465;RandomForest
37639;Siebe Van Der Heyden;798;Defensa;2023;2024;287;6.633333;30.68;29.06;;BAJO;BAJO;MEDIO;0.5436;0.3142;0.1421;RandomForest
40419;Aleksandar Sedlar;542;Defensa;2023;2024;948;6.745454;56.38;36.94;BAJO;BAJO;BAJO;ALTO;0.5748;0.2859;0.1393;RandomForest
41412;Nikola Maraš;542;Defensa;2023;2024;0;;18.67;;;BAJO;BAJO;BAJO;0.6104;0.2564;0.1332;RandomForest
46652;Unai García;727;Defensa;2023;2024;559;6.511111;31.31;20.42;;BAJO;BAJO;BAJO;0.5853;0.2924;0.1223;RandomForest
46653;David García;727;Defensa;2023;2024;2336;6.996296;74.43;;;ALTO;ALTO;ALTO;0.1137;0.3204;0.566;RandomForest
46654;Aridane Hernández;728;Defensa;2023;2024;1691;6.847368;54.73;61.93;MEDIO;BAJO;BAJO;MEDIO;0.5171;0.3518;0.131;RandomForest
46657;Nacho Vidal;798;Defensa;2023;2024;506;6.6375;38.44;26.56;;BAJO;BAJO;BAJO;0.5404;0.3532;0.1064;RandomForest
46677;Víctor Díaz;715;Defensa;2023;2024;161;6.275;26.28;;;BAJO;BAJO;BAJO;0.613;0.2563;0.1307;RandomForest
46682;Carlos Neva;715;Defensa;2023;2024;3154;6.65;48.09;;;BAJO;BAJO;BAJO;0.4012;0.3811;0.2177;RandomForest
46733;Antonio Raíllo;798;Defensa;2023;2024;2202;7.2;81.74;80.98;ALTO;ALTO;ALTO;ALTO;0.0791;0.1969;0.724;RandomForest
46738;Martin Valjent;798;Defensa;2023;2024;2355;6.771428;53.74;72.35;MEDIO;MEDIO;MEDIO;MEDIO;0.3417;0.4722;0.1861;RandomForest
46759;Alfonso Espino;728;Defensa;2023;2024;2513;6.725806000000001;62.21;54.52;BAJO;BAJO;MEDIO;BAJO;0.4094;0.3828;0.2077;RandomForest
46795;Domingos Duarte;546;Defensa;2023;2024;920;6.446666;30.91;56.25;MEDIO;BAJO;BAJO;MEDIO;0.5754;0.3096;0.115;RandomForest
46813;Abdelkabir Abqar;542;Defensa;2023;2024;2314;6.803703;60.42;59.66;MEDIO;MEDIO;BAJO;MEDIO;0.4215;0.4323;0.1462;RandomForest
46818;Luis Hernández;724;Defensa;2023;2024;722;6.788888;53.79;;;BAJO;BAJO;MEDIO;0.4507;0.3679;0.1814;RandomForest
46849;Javier Hernández;724;Defensa;2023;2024;2516;6.765517;63.64;51.64;BAJO;BAJO;MEDIO;BAJO;0.4047;0.3398;0.2555;RandomForest
46967;Juan Cruz;727;Defensa;2023;2024;1663;6.576923;36.78;35.07;BAJO;BAJO;BAJO;BAJO;0.6676;0.2527;0.0797;RandomForest
46993;Eric Curbelo;534;Defensa;2023;2024;101;6.900000000000001;47.69;;;BAJO;BAJO;BAJO;0.5739;0.2717;0.1545;RandomForest
46996;Álvaro Lemos;534;Defensa;2023;2024;251;6.525;27.38;;;BAJO;BAJO;BAJO;0.6143;0.2641;0.1217;RandomForest
47100;Iza Carcelén;724;Defensa;2023;2024;2609;6.758822999999999;60.62;;;MEDIO;BAJO;BAJO;0.371;0.4067;0.2224;RandomForest
47119;Aitor Ruibal;543;Defensa;2023;2024;1015;6.858823;69.42;59.22;MEDIO;MEDIO;MEDIO;MEDIO;0.3248;0.4764;0.1987;RandomForest
47229;Fali;724;Defensa;2023;2024;2552;6.863332999999999;64.09;;;MEDIO;BAJO;MEDIO;0.3837;0.4167;0.1996;RandomForest
47250;Djené;546;Defensa;2023;2024;2490;6.730303;58.08;50.04;BAJO;BAJO;BAJO;BAJO;0.5209;0.3404;0.1387;RandomForest
47251;Dimitri Foulquier;532;Defensa;2023;2024;1833;6.609375;50.15;54.23;BAJO;BAJO;BAJO;BAJO;0.5525;0.3172;0.1303;RandomForest
47253;Ignasi Miquel;715;Defensa;2023;2024;2992;6.761764000000001;64.54;;;MEDIO;ALTO;MEDIO;0.2509;0.4238;0.3253;RandomForest
47256;Miguel Rubio;715;Defensa;2023;2024;1559;6.78421;60.26;;;BAJO;BAJO;MEDIO;0.4656;0.3515;0.1828;RandomForest
47257;Damián Suárez;546;Defensa;2023;2024;1306;6.675;57.07;;;BAJO;MEDIO;MEDIO;0.3872;0.3434;0.2694;RandomForest
47271;Yeray Álvarez;531;Defensa;2023;2024;1155;6.789473;58.89;77.33;ALTO;BAJO;MEDIO;MEDIO;0.3594;0.3452;0.2954;RandomForest
47273;Yuri Berchiche;531;Defensa;2023;2024;1931;7.155555;85.37;72.54;MEDIO;ALTO;ALTO;MEDIO;0.0991;0.2637;0.6372;RandomForest
47275;Óscar de Marcos;531;Defensa;2023;2024;2263;7.057142;76.11;59.08;MEDIO;MEDIO;ALTO;MEDIO;0.1271;0.494;0.3788;RandomForest
47276;Íñigo Lekue;531;Defensa;2023;2024;2001;6.733333;51.34;40.21;BAJO;BAJO;BAJO;BAJO;0.5704;0.2917;0.1379;RandomForest
47277;Unai Núñez;538;Defensa;2023;2024;2802;6.923528999999999;78.22;59.8;MEDIO;MEDIO;ALTO;MEDIO;0.147;0.4661;0.387;RandomForest
47278;Daniel Vivian;531;Defensa;2023;2024;2878;6.927272;71.24;83.01;ALTO;ALTO;ALTO;MEDIO;0.1819;0.2889;0.5292;RandomForest
47298;Aritz Elustondo;548;Defensa;2023;2024;816;6.9;63.9;42.58;BAJO;BAJO;BAJO;ALTO;0.4731;0.3562;0.1707;RandomForest
47299;Andoni Gorosabel;542;Defensa;2023;2024;5727;6.844117;71.37;64.6;MEDIO;MEDIO;MEDIO;MEDIO;0.1613;0.592;0.2467;RandomForest
47301;Robin Le Normand;530;Defensa;2023;2024;4946;6.996551;75.04;63.88;MEDIO;MEDIO;MEDIO;MEDIO;0.091;0.4773;0.4317;RandomForest
47303;Aihen Muñoz;548;Defensa;2023;2024;1131;6.833333;68.23;44.79;BAJO;BAJO;MEDIO;BAJO;0.4229;0.3507;0.2264;RandomForest
47307;Joseba Zaldúa;724;Defensa;2023;2024;709;6.583333;33.92;;;BAJO;BAJO;BAJO;0.6322;0.2641;0.1037;RandomForest
47314;Igor Zubeldia;548;Defensa;2023;2024;2523;6.843333000000001;64.5;64.59;MEDIO;MEDIO;ALTO;MEDIO;0.2824;0.4829;0.2347;RandomForest
47329;Adrià Pedrosa;536;Defensa;2023;2024;1770;6.91;73.92;67.63;MEDIO;MEDIO;BAJO;BAJO;0.2963;0.4402;0.2636;RandomForest
47334;David López;547;Defensa;2023;2024;1975;6.908;77.18;69.3;MEDIO;MEDIO;ALTO;MEDIO;0.2204;0.4579;0.3216;RandomForest
47355;Rubén Duarte;542;Defensa;2023;2024;1892;6.835714;66.65;;;MEDIO;MEDIO;MEDIO;0.3942;0.4073;0.1985;RandomForest
47391;Rubén Peña;727;Defensa;2023;2024;2105;6.782758;67.03;37.94;BAJO;MEDIO;MEDIO;BAJO;0.3536;0.3961;0.2503;RandomForest
47434;Kevin Vázquez;538;Defensa;2023;2024;706;6.558333;35.28;;;BAJO;BAJO;BAJO;0.5811;0.3065;0.1124;RandomForest
47505;Bernardo Espinosa;547;Defensa;2023;2024;0;;30.74;;;BAJO;BAJO;BAJO;0.6015;0.2658;0.1328;RandomForest
47511;Juanpe;547;Defensa;2023;2024;748;6.713333;41.13;45.44;BAJO;BAJO;BAJO;ALTO;0.6217;0.269;0.1093;RandomForest
47514;Valery Fernández;547;Defensa;2023;2024;484;6.64;42.11;34.53;;BAJO;BAJO;BAJO;0.6111;0.2831;0.1058;RandomForest
47530;Sergio Akieme;723;Defensa;2023;2024;1676;6.605263;57.94;;;MEDIO;MEDIO;BAJO;0.3678;0.4061;0.2261;RandomForest
47533;Alejandro Catena;727;Defensa;2023;2024;2536;6.776666;58.33;81.0;ALTO;MEDIO;MEDIO;ALTO;0.3259;0.3865;0.2876;RandomForest
47536;Martín Pascual;728;Defensa;2023;2024;0;;18.67;;;BAJO;BAJO;BAJO;0.6104;0.2564;0.1332;RandomForest
47566;Javi Galán;548;Defensa;2023;2024;1160;6.8;61.61;61.8;MEDIO;BAJO;BAJO;BAJO;0.4784;0.3774;0.1442;RandomForest
47988;Carl Starfelt;538;Defensa;2023;2024;2218;7.029629;72.91;71.5;MEDIO;MEDIO;MEDIO;MEDIO;0.1242;0.5568;0.3191;RandomForest
48014;Aiham Ousou;724;Defensa;2023;2024;430;6.583333;37.26;;;BAJO;BAJO;MEDIO;0.5806;0.2822;0.1373;RandomForest
51051;Julian Araujo;534;Defensa;2023;2024;1462;7.029166000000001;79.86;;;ALTO;ALTO;MEDIO;0.1714;0.352;0.4766;RandomForest
51449;Gastón Álvarez;546;Defensa;2023;2024;2537;6.788235;62.46;;;MEDIO;MEDIO;MEDIO;0.2925;0.4732;0.2342;RandomForest
56473;Matteo Gabbia;533;Defensa;2023;2024;479;6.885714000000001;56.05;;;BAJO;BAJO;MEDIO;0.4949;0.3579;0.1472;RandomForest
64268;Johan Mojica;798;Defensa;2023;2024;4081;6.724137;54.87;61.87;MEDIO;MEDIO;MEDIO;MEDIO;0.2424;0.5698;0.1877;RandomForest
64309;Manuel Sánchez;538;Defensa;2023;2024;1786;6.788;58.23;54.49;BAJO;BAJO;BAJO;BAJO;0.523;0.325;0.152;RandomForest
70500;Sergi Cardona;534;Defensa;2023;2024;2816;7.082857000000001;86.27;82.83;ALTO;ALTO;ALTO;ALTO;0.0358;0.1106;0.8537;RandomForest
72048;Cenk Özkaçar;532;Defensa;2023;2024;1604;6.760869;50.51;37.53;BAJO;BAJO;BAJO;BAJO;0.6007;0.2874;0.1119;RandomForest
101814;Ronald Araújo;529;Defensa;2023;2024;1994;7.056;80.64;72.57;ALTO;ALTO;ALTO;ALTO;0.0777;0.1541;0.7682;RandomForest
119742;Juan Iglesias;546;Defensa;2023;2024;1417;6.856521;65.31;69.04;MEDIO;BAJO;BAJO;MEDIO;0.4236;0.4104;0.166;RandomForest
119762;Kamil Piątkowski;715;Defensa;2023;2024;504;6.325;39.31;;;BAJO;BAJO;MEDIO;0.6174;0.2634;0.1192;RandomForest
122468;Saul Coco;534;Defensa;2023;2024;2293;6.662068;52.97;;;BAJO;ALTO;BAJO;0.3658;0.3522;0.282;RandomForest
125331;Federico Gattoni;536;Defensa;2023;2024;8;6.25;19.2;;;BAJO;BAJO;BAJO;0.6623;0.2302;0.1075;RandomForest
126901;Bruno Langa;723;Defensa;2023;2024;819;6.8;66.03;;;BAJO;MEDIO;BAJO;0.4194;0.3618;0.2188;RandomForest
128951;Victor Parada;542;Defensa;2023;2024;1;6.7;28.05;;;BAJO;BAJO;BAJO;0.6225;0.258;0.1194;RandomForest
131535;Alex Suárez;534;Defensa;2023;2024;2568;6.9;75.65;46.38;BAJO;BAJO;ALTO;BAJO;0.3736;0.3506;0.2758;RandomForest
133110;Tanguy Nianzou;536;Defensa;2023;2024;331;6.4125;30.09;65.45;MEDIO;BAJO;BAJO;BAJO;0.6193;0.2718;0.109;RandomForest
135334;Santiago Bueno;547;Defensa;2023;2024;0;;18.67;;;BAJO;BAJO;BAJO;0.6104;0.2564;0.1332;RandomForest
161928;Alejandro Balde;529;Defensa;2023;2024;1378;6.85;67.97;71.67;MEDIO;MEDIO;BAJO;ALTO;0.3222;0.4641;0.2137;RandomForest
162026;Marvin Park;534;Defensa;2023;2024;1851;6.664516;52.96;38.86;BAJO;BAJO;BAJO;BAJO;0.4588;0.3737;0.1674;RandomForest
162030;Jordi Martín;546;Defensa;2023;2024;572;6.508333;38.7;;;BAJO;BAJO;BAJO;0.6548;0.2536;0.0916;RandomForest
162032;Miguel Gutiérrez;547;Defensa;2023;2024;3037;7.048571000000001;79.16;83.59;ALTO;ALTO;ALTO;ALTO;0.0716;0.1985;0.7298;RandomForest
162058;Víctor Chust;724;Defensa;2023;2024;1869;6.80909;55.04;;;BAJO;MEDIO;MEDIO;0.481;0.3661;0.1528;RandomForest
162122;Adrià Altimira;533;Defensa;2023;2024;779;6.436362999999999;37.46;53.76;BAJO;BAJO;BAJO;BAJO;0.6178;0.2783;0.1039;RandomForest
162138;Marco Moreno;530;Defensa;2023;2024;0;;18.67;;;BAJO;BAJO;BAJO;0.6104;0.2564;0.1332;RandomForest
162175;Jesús Vázquez;532;Defensa;2023;2024;727;6.575000000000001;39.35;41.98;BAJO;BAJO;BAJO;BAJO;0.688;0.2282;0.0838;RandomForest
162475;Mika Mármol;534;Defensa;2023;2024;3181;6.880555;71.29;57.83;MEDIO;MEDIO;ALTO;MEDIO;0.176;0.5534;0.2707;RandomForest
162531;Xavi Sintes;536;Defensa;2023;2024;0;;18.67;;;BAJO;BAJO;BAJO;0.6104;0.2564;0.1332;RandomForest
162587;Adria Miquel Bosch Sanchis;715;Defensa;2023;2024;25;6.3;19.88;;;BAJO;BAJO;BAJO;0.6284;0.2416;0.1299;RandomForest
162605;Javi Domínguez;538;Defensa;2023;2024;0;;18.67;;;BAJO;BAJO;BAJO;0.6104;0.2564;0.1332;RandomForest
162712;Óscar Mingueza;538;Defensa;2023;2024;3002;7.015789;83.9;83.99;ALTO;ALTO;ALTO;ALTO;0.0684;0.1489;0.7828;RandomForest
162889;Ricard Sánchez;715;Defensa;2023;2024;2299;6.624242;51.2;;;BAJO;BAJO;BAJO;0.4582;0.3891;0.1526;RandomForest
174918;Loïc Badé;536;Defensa;2023;2024;2284;6.975;78.23;71.32;MEDIO;ALTO;ALTO;MEDIO;0.1063;0.4201;0.4736;RandomForest
179955;Javier Rueda;538;Defensa;2023;2024;19;6.2;18.09;;;BAJO;BAJO;BAJO;0.616;0.2355;0.1486;RandomForest
181582;José Copete;798;Defensa;2023;2024;1335;6.794736;57.14;59.42;MEDIO;BAJO;BAJO;MEDIO;0.4924;0.3702;0.1374;RandomForest
181734;Josep Chavarría;728;Defensa;2023;2024;1175;6.690909;51.32;68.14;MEDIO;BAJO;BAJO;MEDIO;0.475;0.3877;0.1373;RandomForest
182181;Jesús Areso;727;Defensa;2023;2024;2661;6.87027;74.07;59.11;MEDIO;MEDIO;MEDIO;MEDIO;0.2519;0.4973;0.2507;RandomForest
182546;Jon Pacheco;548;Defensa;2023;2024;1530;6.863636;64.07;37.53;BAJO;BAJO;BAJO;MEDIO;0.4712;0.3576;0.1711;RandomForest
182592;Jorge Herrando;727;Defensa;2023;2024;1644;6.652631;41.37;51.35;BAJO;BAJO;BAJO;BAJO;0.6412;0.264;0.0948;RandomForest
182636;Javi López;542;Defensa;2023;2024;2387;6.838709;67.03;44.76;BAJO;BAJO;BAJO;BAJO;0.4234;0.3841;0.1926;RandomForest
182641;Imanol García de Albéniz;531;Defensa;2023;2024;523;6.655555;35.97;;;BAJO;BAJO;BAJO;0.5496;0.3135;0.1368;RandomForest
183849;Aitor Paredes;531;Defensa;2023;2024;2716;6.788235000000001;57.0;54.87;BAJO;BAJO;MEDIO;ALTO;0.4234;0.4078;0.1688;RandomForest
184420;Carlos Romero;533;Defensa;2023;2024;259;6.55;36.99;74.64;ALTO;BAJO;BAJO;BAJO;0.5665;0.2768;0.1567;RandomForest
184609;Jorge Moreno;727;Defensa;2023;2024;13;6.299999999999999;15.57;;;BAJO;BAJO;BAJO;0.6337;0.2478;0.1185;RandomForest
188413;Ricardo Visus;543;Defensa;2023;2024;164;6.800000000000001;41.62;;;BAJO;BAJO;BAJO;0.5895;0.2577;0.1527;RandomForest
188571;Abraham Rando;533;Defensa;2023;2024;0;;18.67;;;BAJO;BAJO;BAJO;0.6104;0.2564;0.1332;RandomForest
192011;Joseda Álvarez;542;Defensa;2023;2024;0;;18.67;;;BAJO;BAJO;BAJO;0.6104;0.2564;0.1332;RandomForest
195717;Yerson Mosquera;533;Defensa;2023;2024;1228;7.0875;83.1;;;ALTO;ALTO;ALTO;0.1326;0.3358;0.5316;RandomForest
195923;José Ángel Carmona;546;Defensa;2023;2024;1308;6.528571;43.4;72.04;MEDIO;BAJO;BAJO;BAJO;0.5419;0.3591;0.099;RandomForest
197448;Yan Couto;547;Defensa;2023;2024;2245;6.902941;78.38;;;MEDIO;ALTO;ALTO;0.2366;0.3968;0.3666;RandomForest
198558;Sergio Gimeno;546;Defensa;2023;2024;0;;18.67;;;BAJO;BAJO;BAJO;0.6104;0.2564;0.1332;RandomForest
199044;Jon Aramburu;548;Defensa;2023;2024;541;6.6;37.26;65.64;MEDIO;BAJO;BAJO;BAJO;0.6247;0.2821;0.0932;RandomForest
208055;Miguelito;798;Defensa;2023;2024;0;;18.67;;;BAJO;BAJO;BAJO;0.6104;0.2564;0.1332;RandomForest
237066;Rafa Marín;542;Defensa;2023;2024;2460;6.838709;62.49;;;BAJO;MEDIO;MEDIO;0.4193;0.4128;0.1679;RandomForest
237174;Álvaro Carrillo;541;Defensa;2023;2024;0;;18.67;;;BAJO;BAJO;BAJO;0.6104;0.2564;0.1332;RandomForest
237249;Mikayil Faye;529;Defensa;2023;2024;0;;18.67;;;BAJO;BAJO;BAJO;0.6104;0.2564;0.1332;RandomForest
278898;Chadi Riad;543;Defensa;2023;2024;2164;6.838461;60.94;;;MEDIO;MEDIO;MEDIO;0.3799;0.4499;0.1702;RandomForest
279792;Vinícius Tobias;541;Defensa;2023;2024;0;;18.67;;;BAJO;BAJO;BAJO;0.6104;0.2564;0.1332;RandomForest
283668;Arnau Martínez;547;Defensa;2023;2024;1249;6.752379999999999;47.82;76.57;ALTO;BAJO;BAJO;ALTO;0.4988;0.334;0.1672;RandomForest
284300;Álvaro Carreras;715;Defensa;2023;2024;473;6.623076;48.38;;;BAJO;BAJO;MEDIO;0.5651;0.3199;0.115;RandomForest
286074;Eric Monjonell;547;Defensa;2023;2024;0;;18.67;;;BAJO;BAJO;BAJO;0.6104;0.2564;0.1332;RandomForest
286559;Carlos Domínguez;538;Defensa;2023;2024;1605;6.704545000000001;45.92;60.91;MEDIO;BAJO;BAJO;MEDIO;0.5916;0.3102;0.0982;RandomForest
290215;Raúl Torrente;715;Defensa;2023;2024;1252;6.59375;38.5;;;BAJO;BAJO;MEDIO;0.6375;0.2678;0.0948;RandomForest
291147;Miguel Ángel Brau;715;Defensa;2023;2024;30;6.2;20.41;;;BAJO;BAJO;BAJO;0.6547;0.2277;0.1176;RandomForest
295793;Marc Pubill;723;Defensa;2023;2024;1889;6.834782;75.87;;;ALTO;ALTO;MEDIO;0.1781;0.3975;0.4244;RandomForest
297311;Kike Salas;536;Defensa;2023;2024;1608;6.926086;71.9;75.11;ALTO;ALTO;MEDIO;MEDIO;0.1994;0.3606;0.44;RandomForest
305803;Kaiky;723;Defensa;2023;2024;520;6.525;36.54;;;BAJO;BAJO;BAJO;0.5625;0.2934;0.1442;RandomForest
313025;Hugo Rincón;531;Defensa;2023;2024;0;;18.67;;;BAJO;BAJO;BAJO;0.6104;0.2564;0.1332;RandomForest
313562;Eneko Ortiz;542;Defensa;2023;2024;13;6.200000000000001;13.68;19.61;;BAJO;BAJO;BAJO;0.5721;0.2637;0.1643;RandomForest
315701;Rubén Iranzo;532;Defensa;2023;2024;10;6.9;44.15;19.61;;BAJO;BAJO;ALTO;0.6065;0.2613;0.1322;RandomForest
325415;Nabil Aberdin;546;Defensa;2023;2024;180;6.25;19.85;36.94;;BAJO;BAJO;BAJO;0.6508;0.2217;0.1275;RandomForest
329722;Yoel Lago;538;Defensa;2023;2024;90;6.7;32.93;43.95;BAJO;BAJO;BAJO;BAJO;0.6445;0.2251;0.1304;RandomForest
330238;Lucas Pires;724;Defensa;2023;2024;1545;6.6607140000000005;52.36;;;BAJO;BAJO;MEDIO;0.4949;0.3538;0.1513;RandomForest
330438;Edgar Puyol;541;Defensa;2023;2024;0;;18.67;;;BAJO;BAJO;BAJO;0.6104;0.2564;0.1332;RandomForest
332305;Unai Eguíluz;531;Defensa;2023;2024;0;;18.67;19.61;;BAJO;BAJO;BAJO;0.6104;0.2564;0.1332;RandomForest
333373;Gorka Rivera;546;Defensa;2023;2024;2;6.7;25.27;19.95;;BAJO;BAJO;BAJO;0.5746;0.2574;0.168;RandomForest
333672;César Tárrega;532;Defensa;2023;2024;7;0.0;13.95;73.28;ALTO;BAJO;ALTO;ALTO;0.539;0.2564;0.2046;RandomForest
333682;Cristhian Mosquera;532;Defensa;2023;2024;3072;6.894444;71.19;64.94;MEDIO;MEDIO;MEDIO;MEDIO;0.2407;0.5155;0.2438;RandomForest
335037;Diego Hormigo;536;Defensa;2023;2024;36;6.7;31.48;20.91;;BAJO;BAJO;BAJO;0.6387;0.2413;0.1201;RandomForest
335057;Darío Benavides;536;Defensa;2023;2024;0;;18.67;14.35;;BAJO;BAJO;BAJO;0.6104;0.2564;0.1332;RandomForest
335697;David López;798;Defensa;2023;2024;0;;18.67;31.95;;BAJO;BAJO;BAJO;0.6104;0.2564;0.1332;RandomForest
338508;Ilias Kostis;530;Defensa;2023;2024;0;;18.67;19.61;;BAJO;BAJO;BAJO;0.6104;0.2564;0.1332;RandomForest
340726;Stefan Leković;533;Defensa;2023;2024;28;6.2;17.17;;;BAJO;BAJO;ALTO;0.5633;0.2464;0.1902;RandomForest
350073;Marcos Fernández;798;Defensa;2023;2024;0;;18.67;;;BAJO;BAJO;BAJO;0.6104;0.2564;0.1332;RandomForest
351127;Xavier Pleguezuelo;543;Defensa;2023;2024;0;;18.67;19.61;;BAJO;BAJO;BAJO;0.6104;0.2564;0.1332;RandomForest
358431;Nobel Mendy;543;Defensa;2023;2024;0;;18.67;23.02;;BAJO;BAJO;BAJO;0.6104;0.2564;0.1332;RandomForest
361385;Yarek Gasiorowski;532;Defensa;2023;2024;737;6.733333;42.79;49.33;BAJO;BAJO;BAJO;BAJO;0.6579;0.2535;0.0886;RandomForest
381599;Iñaki Rupérez;548;Defensa;2023;2024;0;;18.67;19.61;;BAJO;BAJO;BAJO;0.6104;0.2564;0.1332;RandomForest
384135;Javi Rodríguez;538;Defensa;2023;2024;0;;18.67;71.76;MEDIO;BAJO;BAJO;BAJO;0.6104;0.2564;0.1332;RandomForest
386305;Jacobo Ramón;541;Defensa;2023;2024;0;;18.67;58.55;;BAJO;BAJO;BAJO;0.6104;0.2564;0.1332;RandomForest
386859;Hector Fort;529;Defensa;2023;2024;330;6.685714;36.84;41.69;BAJO;BAJO;BAJO;BAJO;0.6272;0.2522;0.1206;RandomForest
396623;Pau Cubarsí;529;Defensa;2023;2024;1562;7.0;68.75;68.34;MEDIO;MEDIO;MEDIO;MEDIO;0.2286;0.4904;0.2811;RandomForest
402280;Antal Yaakobishvili;547;Defensa;2023;2024;60;7.3;56.4;19.61;;BAJO;BAJO;ALTO;0.5643;0.2594;0.1763;RandomForest
405073;Jon Martin;548;Defensa;2023;2024;23;6.7;26.98;61.08;MEDIO;BAJO;BAJO;BAJO;0.6036;0.264;0.1324;RandomForest
421044;Iñigo Arguibide;727;Defensa;2023;2024;16;6.2;16.97;19.61;;BAJO;BAJO;BAJO;0.6372;0.252;0.1108;RandomForest
431890;Juanma Herzog;534;Defensa;2023;2024;291;7.174999999999999;65.47;51.33;BAJO;BAJO;BAJO;BAJO;0.5286;0.2915;0.1799;RandomForest
437600;Paco Sanz;723;Defensa;2023;2024;23;6.2;16.32;;;BAJO;BAJO;BAJO;0.6122;0.2494;0.1384;RandomForest
438131;Egoitz Muñoz;542;Defensa;2023;2024;0;;18.67;19.61;;BAJO;BAJO;BAJO;0.6104;0.2564;0.1332;RandomForest
438293;Alejandro Morata;724;Defensa;2023;2024;0;;18.67;;;BAJO;BAJO;BAJO;0.6104;0.2564;0.1332;RandomForest
439414;Alejandro Herranz;546;Defensa;2023;2024;0;;18.67;;;BAJO;BAJO;BAJO;0.6104;0.2564;0.1332;RandomForest
439994;Pablo Busto;543;Defensa;2023;2024;42;6.75;37.44;19.61;;BAJO;BAJO;BAJO;0.6078;0.2599;0.1323;RandomForest
440735;Yuzún Ley;798;Defensa;2023;2024;0;;18.67;;;BAJO;BAJO;BAJO;0.6104;0.2564;0.1332;RandomForest
442058;Álvaro García;542;Defensa;2023;2024;0;;18.67;;;BAJO;BAJO;BAJO;0.6104;0.2564;0.1332;RandomForest
455356;Daniel Budesca;533;Defensa;2023;2024;0;;18.67;;;BAJO;BAJO;BAJO;0.6104;0.2564;0.1332;RandomForest
52;Sergio Camello;728;Delantero;2023;2024;1668;6.674193;52.74;67.16;MEDIO;BAJO;BAJO;BAJO;0.4518;0.4304;0.1178;RandomForest
53;Ángel Correa;530;Delantero;2023;2024;1532;7.015625;75.4;55.62;BAJO;MEDIO;MEDIO;BAJO;0.3598;0.3903;0.2499;RandomForest
56;Antoine Griezmann;530;Delantero;2023;2024;2653;7.457575;84.59;79.81;ALTO;ALTO;ALTO;ALTO;0.0307;0.1159;0.8534;RandomForest
59;Álvaro Morata;530;Delantero;2023;2024;1909;6.953125;72.79;;;MEDIO;MEDIO;MEDIO;0.3167;0.4581;0.2253;RandomForest
119;Radamel Falcao;728;Delantero;2023;2024;403;6.540909;37.03;;;BAJO;BAJO;BAJO;0.6531;0.2578;0.0891;RandomForest
330;José Callejón;715;Delantero;2023;2024;794;6.668;47.32;;;BAJO;BAJO;MEDIO;0.4962;0.3794;0.1244;RandomForest
521;Robert Lewandowski;529;Delantero;2023;2024;2758;7.254285000000001;81.65;79.1;ALTO;ALTO;ALTO;ALTO;0.0945;0.2609;0.6446;RandomForest
583;João Félix;529;Delantero;2023;2024;1544;0.0;36.14;;;BAJO;BAJO;BAJO;0.6206;0.2245;0.1549;RandomForest
608;Lucas Boyé;542;Delantero;2023;2024;5109;6.78387;74.47;;;ALTO;ALTO;MEDIO;0.1172;0.3624;0.5204;RandomForest
667;Memphis Depay;530;Delantero;2023;2024;894;6.781818;60.67;;;BAJO;BAJO;MEDIO;0.4655;0.4005;0.1339;RandomForest
668;Nabil Fekir;543;Delantero;2023;2024;1047;7.144444;82.4;56.33;;ALTO;ALTO;MEDIO;0.0752;0.3451;0.5797;RandomForest
671;Bertrand Traoré;533;Delantero;2023;2024;567;6.918181;67.81;;;MEDIO;BAJO;MEDIO;0.3778;0.4532;0.169;RandomForest
760;Mariano Díaz;542;Delantero;2023;2024;498;6.7;42.9;;;BAJO;BAJO;MEDIO;0.5824;0.3057;0.1118;RandomForest
762;Vinícius Júnior;541;Delantero;2023;2024;1872;7.307692000000001;85.25;87.34;ALTO;ALTO;ALTO;ALTO;0.0919;0.2068;0.7013;RandomForest
897;Mason Greenwood;546;Delantero;2023;2024;2667;7.148483999999999;80.86;;;ALTO;ALTO;ALTO;0.0931;0.2305;0.6764;RandomForest
925;Gonçalo Guedes;533;Delantero;2023;2024;948;7.047058;74.06;;;MEDIO;MEDIO;MEDIO;0.2298;0.4931;0.2772;RandomForest
931;Ferran Torres;529;Delantero;2023;2024;1213;6.953571;68.13;75.38;MEDIO;MEDIO;MEDIO;ALTO;0.2969;0.4748;0.2283;RandomForest
937;Rubén Sobrino;724;Delantero;2023;2024;1648;6.63125;53.82;;;BAJO;MEDIO;ALTO;0.4691;0.3602;0.1708;RandomForest
1496;Raphinha;529;Delantero;2023;2024;1379;7.282142;81.6;88.92;ALTO;ALTO;ALTO;ALTO;0.0613;0.1499;0.7888;RandomForest
1707;Gerard Moreno;533;Delantero;2023;2024;2231;7.37;87.71;78.85;ALTO;ALTO;ALTO;ALTO;0.0311;0.0893;0.8796;RandomForest
1830;Gonçalo Paciência;538;Delantero;2023;2024;0;;18.67;;;BAJO;BAJO;MEDIO;0.6111;0.2551;0.1338;RandomForest
2001;Cyle Larin;798;Delantero;2023;2024;1830;6.654285;56.27;56.18;BAJO;BAJO;BAJO;BAJO;0.566;0.335;0.099;RandomForest
2032;Jørgen Strand Larsen;538;Delantero;2023;2024;2888;6.905405;74.44;;;MEDIO;MEDIO;MEDIO;0.2191;0.4057;0.3752;RandomForest
2060;Munir El Haddadi;534;Delantero;2023;2024;2478;6.805263;69.85;57.27;MEDIO;MEDIO;MEDIO;BAJO;0.2995;0.442;0.2585;RandomForest
2063;André Silva;548;Delantero;2023;2024;728;6.594444;38.95;;;BAJO;BAJO;BAJO;0.6761;0.2379;0.086;RandomForest
2182;Viktor Tsygankov;547;Delantero;2023;2024;2068;7.206666;83.76;77.6;MEDIO;ALTO;ALTO;MEDIO;0.0915;0.4224;0.4861;RandomForest
2459;Darwin Machís;724;Delantero;2023;2024;785;6.638095;48.01;43.65;BAJO;BAJO;BAJO;BAJO;0.6417;0.2774;0.0809;RandomForest
2615;Maximiliano Gómez;724;Delantero;2023;2024;1174;6.645161;47.1;;;BAJO;BAJO;BAJO;0.6098;0.3054;0.0848;RandomForest
2617;Cristhian Stuani;547;Delantero;2023;2024;807;6.841935;60.87;58.77;MEDIO;MEDIO;BAJO;MEDIO;0.431;0.4633;0.1057;RandomForest
2671;Jaime Mata;546;Delantero;2023;2024;1791;6.727272;60.62;39.4;BAJO;BAJO;BAJO;BAJO;0.4611;0.4068;0.1322;RandomForest
2672;Iker Muniain;531;Delantero;2023;2024;607;6.745;52.95;;;BAJO;BAJO;BAJO;0.5422;0.3281;0.1297;RandomForest
3033;Cédric Bakambu;543;Delantero;2023;2024;195;6.6;35.63;44.26;BAJO;BAJO;BAJO;MEDIO;0.6592;0.2161;0.1247;RandomForest
8492;Alexander Sørloth;533;Delantero;2023;2024;2491;7.197058;79.14;72.9;MEDIO;MEDIO;MEDIO;MEDIO;0.1243;0.4825;0.3932;RandomForest
8493;Roman Yaremchuk;532;Delantero;2023;2024;925;6.534782;39.41;;;BAJO;BAJO;BAJO;0.6624;0.2596;0.0779;RandomForest
8518;Mamadou Sylla;542;Delantero;2023;2024;16;6.45;23.46;55.5;BAJO;BAJO;BAJO;BAJO;0.6714;0.2196;0.109;RandomForest
10009;Rodrygo;541;Delantero;2023;2024;2389;7.302941000000001;83.46;86.92;ALTO;ALTO;ALTO;ALTO;0.0485;0.1066;0.845;RandomForest
13062;Léo Baptistão;723;Delantero;2023;2024;1932;6.84375;70.1;;;MEDIO;MEDIO;BAJO;0.3592;0.4744;0.1664;RandomForest
14405;Myrto Uzuni;715;Delantero;2023;2024;2459;6.75;58.95;;;BAJO;MEDIO;MEDIO;0.4575;0.4242;0.1183;RandomForest
15811;Artem Dovbyk;547;Delantero;2023;2024;2605;7.202777;75.91;;;ALTO;ALTO;MEDIO;0.1754;0.3893;0.4352;RandomForest
18906;Ayoze Pérez;543;Delantero;2023;2024;4616;7.0516119999999995;85.65;84.93;ALTO;ALTO;ALTO;ALTO;0.0265;0.1513;0.8222;RandomForest
18907;Joselu;541;Delantero;2023;2024;1674;6.838235000000001;62.66;;;BAJO;MEDIO;MEDIO;0.4431;0.411;0.1459;RandomForest
19278;Famara Diédhiou;715;Delantero;2023;2024;82;6.712500000000001;49.15;;;BAJO;BAJO;MEDIO;0.5698;0.2782;0.152;RandomForest
19306;Arvin Appiah;723;Delantero;2023;2024;0;;18.67;;;BAJO;BAJO;MEDIO;0.6111;0.2551;0.1338;RandomForest
19485;Ben Brereton Díaz;533;Delantero;2023;2024;260;6.446153;28.47;;;BAJO;BAJO;BAJO;0.6546;0.2229;0.1225;RandomForest
21714;Sory Kaba;534;Delantero;2023;2024;719;6.51875;35.19;;;BAJO;BAJO;BAJO;0.6438;0.2729;0.0832;RandomForest
22235;Jonathan Bamba;538;Delantero;2023;2024;1993;6.966666;79.07;69.28;MEDIO;MEDIO;ALTO;MEDIO;0.1357;0.4876;0.3768;RandomForest
25458;Dodi Lukebakio;536;Delantero;2023;2024;1134;6.83913;69.3;83.36;ALTO;MEDIO;MEDIO;MEDIO;0.3232;0.4279;0.2489;RandomForest
26845;Anastasios Douvikas;538;Delantero;2023;2024;942;6.773333;60.23;48.51;BAJO;BAJO;BAJO;BAJO;0.6119;0.3003;0.0878;RandomForest
30510;Álex Berenguer;531;Delantero;2023;2024;1579;6.82647;67.14;78.69;MEDIO;MEDIO;MEDIO;MEDIO;0.3009;0.5036;0.1955;RandomForest
31406;Umar Sadiq;548;Delantero;2023;2024;1106;6.707692;57.47;42.38;BAJO;BAJO;BAJO;BAJO;0.5505;0.3538;0.0958;RandomForest
32862;Takefusa Kubo;548;Delantero;2023;2024;2155;7.372413;87.64;84.33;ALTO;ALTO;ALTO;ALTO;0.031;0.1033;0.8657;RandomForest
37938;Sheraldo Becker;548;Delantero;2023;2024;1544;6.866666;62.37;56.93;BAJO;BAJO;BAJO;BAJO;0.4743;0.38;0.1457;RandomForest
39245;Ibrahima Kone;723;Delantero;2023;2024;295;6.522222;33.16;;;BAJO;BAJO;BAJO;0.5972;0.2636;0.1392;RandomForest
40559;Kamil Jóźwiak;715;Delantero;2023;2024;572;6.645454;54.19;;;BAJO;BAJO;BAJO;0.5085;0.3395;0.152;RandomForest
46667;Kike Barja;727;Delantero;2023;2024;293;6.56;40.84;51.32;;BAJO;BAJO;MEDIO;0.5594;0.3059;0.1346;RandomForest
46746;Ante Budimir;727;Delantero;2023;2024;2448;7.196969000000001;77.14;77.95;MEDIO;MEDIO;MEDIO;MEDIO;0.1367;0.5603;0.303;RandomForest
46751;Abdón Prats;798;Delantero;2023;2024;1255;6.788235;58.45;39.81;;BAJO;BAJO;BAJO;0.5683;0.334;0.0976;RandomForest
46782;Manu Vallejo;547;Delantero;2023;2024;0;;18.67;;;BAJO;BAJO;MEDIO;0.6111;0.2551;0.1338;RandomForest
46808;Carlos Fernández;548;Delantero;2023;2024;411;6.65;46.35;;;BAJO;BAJO;BAJO;0.6185;0.2794;0.1021;RandomForest
46933;Luis Rioja;542;Delantero;2023;2024;2532;7.005555;77.14;64.9;MEDIO;MEDIO;MEDIO;MEDIO;0.1212;0.4844;0.3944;RandomForest
47013;Rafa Mir;536;Delantero;2023;2024;381;6.6;40.56;45.01;BAJO;BAJO;BAJO;BAJO;0.6226;0.2764;0.101;RandomForest
47041;Alberto Perea;715;Delantero;2023;2024;0;;28.71;;;BAJO;BAJO;MEDIO;0.5935;0.2763;0.1302;RandomForest
47180;Cristian Herrera;534;Delantero;2023;2024;158;6.6;33.67;;;BAJO;BAJO;BAJO;0.6343;0.2328;0.1329;RandomForest
47237;Luis Javier Suárez;723;Delantero;2023;2024;917;7.08;74.57;;;MEDIO;BAJO;BAJO;0.3564;0.4331;0.2105;RandomForest
47264;Hugo Duro;532;Delantero;2023;2024;2997;6.994594;74.86;69.85;MEDIO;MEDIO;MEDIO;MEDIO;0.1547;0.5824;0.2629;RandomForest
47291;Gorka Guruzeta;531;Delantero;2023;2024;2240;7.1625;83.55;67.05;MEDIO;MEDIO;MEDIO;MEDIO;0.1361;0.4583;0.4056;RandomForest
47294;Iñaki Williams;531;Delantero;2023;2024;2855;7.3264700000000005;86.65;79.77;ALTO;ALTO;ALTO;ALTO;0.0442;0.122;0.8338;RandomForest
47317;Ander Barrenetxea;548;Delantero;2023;2024;1446;6.785714;68.47;58.63;MEDIO;MEDIO;MEDIO;MEDIO;0.301;0.5156;0.1834;RandomForest
47319;Willian José;543;Delantero;2023;2024;1981;7.012121;70.25;;;MEDIO;MEDIO;MEDIO;0.3044;0.4186;0.2771;RandomForest
47320;Juanmi;724;Delantero;2023;2024;872;6.74375;60.8;44.45;BAJO;BAJO;MEDIO;BAJO;0.429;0.4155;0.1555;RandomForest
47323;Mikel Oyarzabal;548;Delantero;2023;2024;2158;6.815151;64.86;65.02;MEDIO;MEDIO;MEDIO;MEDIO;0.3429;0.5062;0.1509;RandomForest
47324;Sandro Ramírez;534;Delantero;2023;2024;1818;6.918518;72.65;76.86;MEDIO;MEDIO;MEDIO;MEDIO;0.158;0.4825;0.3595;RandomForest
47348;Borja Iglesias;543;Delantero;2023;2024;404;6.690909;41.24;64.91;MEDIO;BAJO;BAJO;MEDIO;0.5032;0.3554;0.1414;RandomForest
47393;Marc Cardona;534;Delantero;2023;2024;724;6.828000000000001;58.9;25.42;;BAJO;BAJO;MEDIO;0.5698;0.3321;0.0981;RandomForest
47396;Kike García;542;Delantero;2023;2024;1437;6.815625;65.66;76.35;MEDIO;MEDIO;MEDIO;MEDIO;0.2397;0.5213;0.239;RandomForest
47419;José Manuel Arnáiz;727;Delantero;2023;2024;921;6.786956;57.92;45.88;;BAJO;BAJO;MEDIO;0.5339;0.3566;0.1095;RandomForest
47422;Youssef En-Nesyri;536;Delantero;2023;2024;2573;6.966666000000001;68.58;;;MEDIO;MEDIO;MEDIO;0.3625;0.441;0.1965;RandomForest
47445;Iago Aspas;538;Delantero;2023;2024;2715;7.542857000000001;84.3;81.12;ALTO;ALTO;ALTO;ALTO;0.0136;0.0483;0.9381;RandomForest
47467;José Luis Morales;533;Delantero;2023;2024;1037;6.644827;42.93;;;BAJO;BAJO;BAJO;0.6742;0.238;0.0878;RandomForest
47471;Roger Martí;724;Delantero;2023;2024;1369;6.917391000000001;67.14;;;MEDIO;MEDIO;MEDIO;0.3247;0.4341;0.2411;RandomForest
47472;Borja Mayoral;546;Delantero;2023;2024;2164;7.062962;76.72;57.18;BAJO;MEDIO;MEDIO;BAJO;0.3365;0.3841;0.2794;RandomForest
47492;Toni Villa;547;Delantero;2023;2024;11;6.45;24.93;19.61;;BAJO;BAJO;BAJO;0.626;0.236;0.1379;RandomForest
47494;Miguel de la Fuente;542;Delantero;2023;2024;65;6.366666;24.05;42.69;BAJO;BAJO;BAJO;BAJO;0.6846;0.2064;0.109;RandomForest
47495;Sergi Guardiola;724;Delantero;2023;2024;474;6.645454;45.14;35.84;;BAJO;BAJO;MEDIO;0.602;0.301;0.097;RandomForest
47499;Enes Ünal;546;Delantero;2023;2024;138;6.8;44.88;;;BAJO;BAJO;MEDIO;0.5559;0.2847;0.1595;RandomForest
47520;Portu;547;Delantero;2023;2024;1272;6.766665999999999;52.44;48.15;BAJO;BAJO;BAJO;BAJO;0.6006;0.2457;0.1537;RandomForest
47525;Anthony Lozano;723;Delantero;2023;2024;865;6.792307;54.75;;;BAJO;MEDIO;MEDIO;0.4608;0.4504;0.0888;RandomForest
47551;Raúl de Tomás;728;Delantero;2023;2024;1277;6.699999999999999;53.5;26.2;;BAJO;BAJO;BAJO;0.5284;0.3766;0.095;RandomForest
47553;Bebé;728;Delantero;2023;2024;194;6.657894;44.74;;;BAJO;BAJO;MEDIO;0.571;0.2959;0.1331;RandomForest
47554;Adrián Embarba;723;Delantero;2023;2024;2485;6.880555;78.24;59.77;MEDIO;MEDIO;ALTO;MEDIO;0.1407;0.501;0.3583;RandomForest
47579;Chimy Ávila;727;Delantero;2023;2024;1171;6.894117;62.16;63.37;MEDIO;MEDIO;MEDIO;MEDIO;0.3425;0.4993;0.1582;RandomForest
50048;Vedat Muriqi;798;Delantero;2023;2024;2329;7.072413;80.47;75.51;MEDIO;MEDIO;ALTO;MEDIO;0.1059;0.501;0.3931;RandomForest
50502;Álvaro Negredo;724;Delantero;2023;2024;47;6.616666;36.69;;;BAJO;BAJO;MEDIO;0.6047;0.2775;0.1178;RandomForest
51588;Brian Ocampo;724;Delantero;2023;2024;242;6.584615;41.12;;;BAJO;BAJO;BAJO;0.6202;0.2661;0.1137;RandomForest
51756;Matías Arezo;715;Delantero;2023;2024;359;6.528571;35.6;;;BAJO;BAJO;MEDIO;0.5586;0.3051;0.1363;RandomForest
66761;Milutin Osmajić;724;Delantero;2023;2024;4;6.9;42.02;;;BAJO;BAJO;MEDIO;0.585;0.2765;0.1385;RandomForest
67955;Carles Pérez;538;Delantero;2023;2024;768;6.66875;51.3;54.85;BAJO;BAJO;BAJO;BAJO;0.6441;0.272;0.0839;RandomForest
70339;Shon Weissman;715;Delantero;2023;2024;78;6.54;26.51;;;BAJO;BAJO;BAJO;0.6815;0.22;0.0985;RandomForest
104792;Chris Ramos;724;Delantero;2023;2024;2626;6.759459;65.46;;;MEDIO;MEDIO;ALTO;0.2646;0.4444;0.291;RandomForest
104793;Amath Ndiaye;798;Delantero;2023;2024;386;6.535714;37.98;37.95;;BAJO;BAJO;MEDIO;0.6178;0.2729;0.1093;RandomForest
104853;Asier Villalibre;531;Delantero;2023;2024;503;6.65;43.63;38.38;;BAJO;BAJO;BAJO;0.6023;0.297;0.1007;RandomForest
107217;Xeber Alkain;542;Delantero;2023;2024;297;6.75;42.48;;;BAJO;BAJO;BAJO;0.5821;0.2578;0.16;RandomForest
125675;Bryan Fiabema;548;Delantero;2023;2024;0;;18.67;;;BAJO;BAJO;MEDIO;0.6111;0.2551;0.1338;RandomForest
128582;Jorge de Frutos;728;Delantero;2023;2024;1540;6.602777;49.1;68.17;MEDIO;BAJO;BAJO;MEDIO;0.4921;0.4019;0.106;RandomForest
135775;Ansu Fati;529;Delantero;2023;2024;47;6.566665999999999;29.81;56.19;;BAJO;BAJO;BAJO;0.6413;0.2366;0.1221;RandomForest
138776;Largie Ramazani;723;Delantero;2023;2024;1557;6.693103;61.8;;;MEDIO;MEDIO;BAJO;0.3476;0.4704;0.1819;RandomForest
146751;Raúl García de Haro;727;Delantero;2023;2024;1373;6.682857;51.08;51.89;BAJO;BAJO;BAJO;BAJO;0.5885;0.3289;0.0827;RandomForest
157194;Pejiño;534;Delantero;2023;2024;500;6.717647;53.03;35.29;;BAJO;BAJO;MEDIO;0.5937;0.2979;0.1085;RandomForest
162028;Juanmi Latasa;546;Delantero;2023;2024;1551;6.790322;64.37;56.46;BAJO;BAJO;MEDIO;BAJO;0.4326;0.3849;0.1824;RandomForest
162127;Diego López;532;Delantero;2023;2024;2671;6.863887999999999;74.13;67.11;MEDIO;MEDIO;MEDIO;MEDIO;0.1771;0.52;0.3029;RandomForest
179153;Javier Martón Ansó;531;Delantero;2023;2024;0;;18.67;16.14;;BAJO;BAJO;MEDIO;0.6111;0.2551;0.1338;RandomForest
181421;Abdessamad Ezzalzouli;543;Delantero;2023;2024;133;6.75;50.57;80.26;ALTO;BAJO;BAJO;MEDIO;0.4768;0.295;0.2282;RandomForest
183748;Jon Karrikaburu;542;Delantero;2023;2024;14;6.2;14.47;;;BAJO;BAJO;BAJO;0.592;0.2602;0.1478;RandomForest
183751;Abderrahman Rebbach;542;Delantero;2023;2024;713;6.668181000000001;46.96;35.18;;BAJO;BAJO;MEDIO;0.6033;0.2937;0.103;RandomForest
183799;Nico Williams;531;Delantero;2023;2024;2281;7.1;84.06;81.97;ALTO;ALTO;ALTO;ALTO;0.0463;0.1591;0.7946;RandomForest
185398;Isaac Romero;536;Delantero;2023;2024;1050;6.814285;70.15;50.8;BAJO;BAJO;BAJO;BAJO;0.4774;0.3238;0.1988;RandomForest
187214;Carlos Vicente;542;Delantero;2023;2024;1118;6.972222;77.51;79.77;ALTO;ALTO;ALTO;ALTO;0.1499;0.2602;0.5898;RandomForest
190530;Pablo Sáenz;715;Delantero;2023;2024;18;6.9;45.44;;;BAJO;BAJO;BAJO;0.6028;0.2648;0.1324;RandomForest
192434;Miguel Rodríguez;538;Delantero;2023;2024;288;6.392307;26.43;;;BAJO;BAJO;BAJO;0.657;0.2382;0.1048;RandomForest
197800;Unai Ropero;542;Delantero;2023;2024;14;6.3;16.71;;;BAJO;BAJO;BAJO;0.5673;0.2691;0.1636;RandomForest
215810;Giorgi Gagua;542;Delantero;2023;2024;0;;18.67;;;BAJO;BAJO;MEDIO;0.6111;0.2551;0.1338;RandomForest
237103;Lázaro;723;Delantero;2023;2024;275;6.5;35.46;;;BAJO;BAJO;MEDIO;0.6003;0.2796;0.1202;RandomForest
263530;Pau Víctor;529;Delantero;2023;2024;0;;18.67;56.27;;BAJO;BAJO;MEDIO;0.6111;0.2551;0.1338;RandomForest
263812;Luka Romero;723;Delantero;2023;2024;440;6.708333;52.52;38.01;;BAJO;BAJO;BAJO;0.6005;0.2877;0.1118;RandomForest
265785;Luiz Henrique;543;Delantero;2023;2024;618;6.985714;77.95;;;MEDIO;ALTO;MEDIO;0.2212;0.445;0.3339;RandomForest
266657;Sávio;547;Delantero;2023;2024;2989;7.318917999999999;88.82;;;ALTO;ALTO;ALTO;0.0385;0.2144;0.7471;RandomForest
270516;Peter González;546;Delantero;2023;2024;1290;6.666666;54.49;34.95;BAJO;BAJO;BAJO;MEDIO;0.5248;0.3744;0.1008;RandomForest
274312;Mohamed-Ali Cho;548;Delantero;2023;2024;247;6.436363;29.73;;;BAJO;BAJO;BAJO;0.6236;0.2499;0.1265;RandomForest
280688;Theo Corbeanu;715;Delantero;2023;2024;195;6.55;36.02;;;BAJO;BAJO;BAJO;0.5705;0.2846;0.145;RandomForest
285290;Miguel Capitas;536;Delantero;2023;2024;0;;18.67;;;BAJO;BAJO;MEDIO;0.6111;0.2551;0.1338;RandomForest
286606;Max Svensson;727;Delantero;2023;2024;2;0.0;16.34;;;BAJO;BAJO;ALTO;0.6183;0.2434;0.1383;RandomForest
286639;Bryan Zaragoza;715;Delantero;2023;2024;1640;6.995238;80.88;77.96;MEDIO;MEDIO;MEDIO;MEDIO;0.1171;0.5324;0.3506;RandomForest
287653;Alberto Dadie;548;Delantero;2023;2024;27;6.3;17.77;;;BAJO;BAJO;BAJO;0.6526;0.2349;0.1126;RandomForest
288074;Alberto Mari;532;Delantero;2023;2024;299;6.553333;39.26;15.38;;BAJO;BAJO;BAJO;0.6039;0.2777;0.1184;RandomForest
288525;Malcom Ares;531;Delantero;2023;2024;257;6.675;44.28;17.09;;BAJO;BAJO;BAJO;0.5709;0.3029;0.1262;RandomForest
290482;Jorge Pascual;533;Delantero;2023;2024;13;6.700000000000001;33.62;;;BAJO;BAJO;BAJO;0.6135;0.2574;0.1292;RandomForest
290740;Ilias Akhomach;533;Delantero;2023;2024;1521;6.751612;66.5;79.98;ALTO;MEDIO;MEDIO;MEDIO;0.2838;0.3948;0.3214;RandomForest
293604;Javi Llabrés;798;Delantero;2023;2024;233;6.653332999999999;42.48;36.85;;BAJO;BAJO;MEDIO;0.5825;0.264;0.1535;RandomForest
304383;Tadeo Allende;538;Delantero;2023;2024;330;6.490000000000001;37.46;15.87;;BAJO;BAJO;MEDIO;0.5852;0.2729;0.142;RandomForest
311344;Alejo Véliz;536;Delantero;2023;2024;29;6.325;25.3;39.31;BAJO;BAJO;BAJO;BAJO;0.6872;0.2079;0.105;RandomForest
312650;Marko Milovanović;723;Delantero;2023;2024;316;6.518180999999999;31.94;;;BAJO;BAJO;BAJO;0.6513;0.2349;0.1138;RandomForest
323935;Giuliano Simeone;542;Delantero;2023;2024;628;6.646153;48.69;74.87;MEDIO;BAJO;BAJO;BAJO;0.5269;0.3561;0.117;RandomForest
335426;Pau Mascaró;798;Delantero;2023;2024;0;;18.67;;;BAJO;BAJO;MEDIO;0.6111;0.2551;0.1338;RandomForest
336587;Salim El Jebari;530;Delantero;2023;2024;12;6.2;18.48;;;BAJO;BAJO;BAJO;0.629;0.2445;0.1266;RandomForest
336711;Gonzalo García;541;Delantero;2023;2024;21;6.6;31.38;32.63;;BAJO;BAJO;BAJO;0.6357;0.2397;0.1246;RandomForest
338750;Pau;534;Delantero;2023;2024;0;;18.67;;;BAJO;BAJO;MEDIO;0.6111;0.2551;0.1338;RandomForest
340279;Vitor Roque;529;Delantero;2023;2024;319;6.485714000000001;33.01;58.68;MEDIO;BAJO;BAJO;BAJO;0.5915;0.3023;0.1063;RandomForest
343202;Álvaro Rodriguez;541;Delantero;2023;2024;0;;24.53;68.69;MEDIO;BAJO;BAJO;BAJO;0.6079;0.2733;0.1188;RandomForest
344745;Rachad Dhimi;723;Delantero;2023;2024;16;6.7;34.99;;;BAJO;BAJO;MEDIO;0.6119;0.2618;0.1263;RandomForest
348326;Martín Tejón;532;Delantero;2023;2024;0;;18.67;32.41;;BAJO;BAJO;MEDIO;0.6111;0.2551;0.1338;RandomForest
349046;Carles Garrido;547;Delantero;2023;2024;0;;18.67;;;BAJO;BAJO;MEDIO;0.6111;0.2551;0.1338;RandomForest
352905;Marciano Sanca;723;Delantero;2023;2024;67;6.34;19.84;;;BAJO;BAJO;BAJO;0.6694;0.2175;0.113;RandomForest
358628;Samuel Omorodion;542;Delantero;2023;2024;2003;6.652941;46.11;;;MEDIO;MEDIO;BAJO;0.3707;0.4404;0.1889;RandomForest
364414;Mario Dominguez;532;Delantero;2023;2024;22;6.6;26.07;;;BAJO;BAJO;BAJO;0.5825;0.2746;0.1429;RandomForest
378284;Etta Eyong;724;Delantero;2023;2024;20;6.2;16.93;42.8;;BAJO;BAJO;BAJO;0.6157;0.2576;0.1267;RandomForest
386270;Ibrahima Sow;536;Delantero;2023;2024;0;;18.67;;;BAJO;BAJO;MEDIO;0.6111;0.2551;0.1338;RandomForest
386490;Aristide Njalla;724;Delantero;2023;2024;0;;18.67;;;BAJO;BAJO;MEDIO;0.6111;0.2551;0.1338;RandomForest
386491;Jose Antonio de la Rosa;724;Delantero;2023;2024;0;;18.67;;;BAJO;BAJO;MEDIO;0.6111;0.2551;0.1338;RandomForest
386828;Lamine Yamal;529;Delantero;2023;2024;2197;7.367567;88.95;91.05;ALTO;ALTO;ALTO;ALTO;0.055;0.1964;0.7486;RandomForest
386849;Abde Raihani;530;Delantero;2023;2024;9;6.3;17.33;;;BAJO;BAJO;BAJO;0.624;0.2502;0.1258;RandomForest
386850;Adrián Niño;530;Delantero;2023;2024;0;;18.67;40.41;;BAJO;BAJO;MEDIO;0.6111;0.2551;0.1338;RandomForest
389600;Jastin García;547;Delantero;2023;2024;30;6.8;42.93;19.61;;BAJO;BAJO;BAJO;0.5995;0.2688;0.1317;RandomForest
389602;Iker Almena;547;Delantero;2023;2024;0;;18.67;51.54;;BAJO;BAJO;MEDIO;0.6111;0.2551;0.1338;RandomForest
390742;Joaquin Panichelli;542;Delantero;2023;2024;222;6.650000000000001;41.33;19.61;;BAJO;BAJO;MEDIO;0.5421;0.3126;0.1453;RandomForest
392270;Marc Guiu;529;Delantero;2023;2024;73;6.833333;49.05;;;BAJO;BAJO;BAJO;0.6107;0.2458;0.1435;RandomForest
400948;Assane Diao;543;Delantero;2023;2024;1056;6.583333;47.32;53.13;;BAJO;BAJO;MEDIO;0.5976;0.3315;0.0709;RandomForest
403498;Sergio Rodelas;715;Delantero;2023;2024;123;6.766666;43.48;;;BAJO;BAJO;BAJO;0.5731;0.272;0.1549;RandomForest
436202;Eghosa Bello;715;Delantero;2023;2024;0;;18.67;;;BAJO;BAJO;MEDIO;0.6111;0.2551;0.1338;RandomForest
439578;David Otorbi;532;Delantero;2023;2024;0;;18.67;15.08;;BAJO;BAJO;MEDIO;0.6111;0.2551;0.1338;RandomForest
440413;Aingeru Olabarrieta;531;Delantero;2023;2024;8;6.2;14.72;23.86;;BAJO;BAJO;MEDIO;0.5612;0.2583;0.1805;RandomForest
456612;Borja Vázquez;724;Delantero;2023;2024;3;0.0;18.76;;;BAJO;ALTO;ALTO;0.5786;0.2612;0.1603;RandomForest
45;Thomas Lemar;530;Mediocentro;2023;2024;167;6.633333;31.14;28.44;;BAJO;BAJO;BAJO;0.5947;0.2492;0.1561;RandomForest
48;Saúl Ñíguez;530;Mediocentro;2023;2024;1364;6.954545;72.28;79.44;ALTO;ALTO;MEDIO;BAJO;0.2213;0.338;0.4407;RandomForest
50;Koke;530;Mediocentro;2023;2024;2502;7.067647;73.97;68.7;MEDIO;MEDIO;ALTO;MEDIO;0.0847;0.5388;0.3765;RandomForest
137;Sergi Roberto;529;Mediocentro;2023;2024;863;7.042857;67.97;;;MEDIO;BAJO;BAJO;0.3072;0.4307;0.2622;RandomForest
143;Carles Aleñá;546;Mediocentro;2023;2024;1011;6.575862;41.97;76.44;MEDIO;BAJO;BAJO;MEDIO;0.4937;0.3964;0.1099;RandomForest
149;Ivan Rakitić;536;Mediocentro;2023;2024;1426;7.433333;85.79;;;ALTO;ALTO;ALTO;0.0655;0.2596;0.6748;RandomForest
176;Erik Lamela;536;Mediocentro;2023;2024;491;6.833333;59.19;;;BAJO;BAJO;ALTO;0.5129;0.3531;0.1339;RandomForest
385;Óliver Torres;536;Mediocentro;2023;2024;1628;6.8;58.62;;;BAJO;BAJO;BAJO;0.4422;0.3886;0.1692;RandomForest
389;Jesús Corona;536;Mediocentro;2023;2024;15;6.7;31.41;;;BAJO;BAJO;BAJO;0.6245;0.2359;0.1396;RandomForest
414;Omar Mascarell;798;Mediocentro;2023;2024;1578;6.665517;46.6;58.26;BAJO;BAJO;BAJO;BAJO;0.6206;0.2734;0.106;RandomForest
452;Fernando;536;Mediocentro;2023;2024;459;6.85;55.9;;;BAJO;BAJO;BAJO;0.5281;0.3209;0.151;RandomForest
538;Frenkie de Jong;529;Mediocentro;2023;2024;1637;7.395;88.25;71.73;MEDIO;ALTO;ALTO;MEDIO;0.0503;0.3519;0.5978;RandomForest
570;Franco Cervi;538;Mediocentro;2023;2024;562;6.823529;53.44;32.21;;BAJO;BAJO;BAJO;0.5479;0.3271;0.125;RandomForest
633;İlkay Gündoğan;529;Mediocentro;2023;2024;2998;7.458333;85.58;;;ALTO;ALTO;ALTO;0.0117;0.0489;0.9394;RandomForest
744;Brahim Díaz;541;Mediocentro;2023;2024;1582;7.226665999999999;82.58;69.42;MEDIO;MEDIO;MEDIO;MEDIO;0.1147;0.5344;0.3509;RandomForest
745;Isco;543;Mediocentro;2023;2024;2338;7.534482;90.15;88.95;ALTO;ALTO;ALTO;ALTO;0.018;0.0453;0.9367;RandomForest
748;Dani Ceballos;541;Mediocentro;2023;2024;584;6.682352;43.35;80.84;ALTO;BAJO;BAJO;MEDIO;0.4464;0.3676;0.186;RandomForest
752;Toni Kroos;541;Mediocentro;2023;2024;2129;7.639393;83.63;;;ALTO;ALTO;ALTO;0.025;0.1793;0.7957;RandomForest
753;Marcos Llorente;530;Mediocentro;2023;2024;2570;6.97027;73.97;84.48;ALTO;ALTO;MEDIO;ALTO;0.1641;0.2654;0.5705;RandomForest
754;Luka Modrić;541;Mediocentro;2023;2024;1686;7.33125;79.91;81.05;ALTO;ALTO;ALTO;ALTO;0.0266;0.1516;0.8217;RandomForest
756;Federico Valverde;541;Mediocentro;2023;2024;2911;7.386486;85.36;88.79;ALTO;ALTO;ALTO;ALTO;0.0267;0.0789;0.8944;RandomForest
898;Ander Herrera;531;Mediocentro;2023;2024;1022;6.913043;67.09;44.48;;MEDIO;MEDIO;BAJO;0.3317;0.4162;0.2521;RandomForest
919;Hugo Guillamón;532;Mediocentro;2023;2024;1311;6.608;42.61;33.89;;BAJO;BAJO;BAJO;0.6124;0.2977;0.0899;RandomForest
924;Francis Coquelin;533;Mediocentro;2023;2024;919;6.752941;46.56;;;BAJO;BAJO;BAJO;0.6122;0.2748;0.113;RandomForest
928;Dani Parejo;533;Mediocentro;2023;2024;2586;7.133333000000001;84.14;80.94;ALTO;ALTO;ALTO;ALTO;0.0515;0.1132;0.8353;RandomForest
957;Djibril Sow;536;Mediocentro;2023;2024;1472;6.804166;61.33;73.74;MEDIO;MEDIO;BAJO;BAJO;0.4128;0.4217;0.1655;RandomForest
1094;Diadié Samassékou;724;Mediocentro;2023;2024;87;6.85;51.76;;;BAJO;BAJO;BAJO;0.523;0.2971;0.1799;RandomForest
1271;Aurélien Tchouaméni;541;Mediocentro;2023;2024;1991;7.185185;83.29;82.7;ALTO;ALTO;ALTO;ALTO;0.0546;0.1592;0.7863;RandomForest
1364;Jailson;538;Mediocentro;2023;2024;893;6.8;60.07;49.97;BAJO;BAJO;BAJO;BAJO;0.5217;0.312;0.1663;RandomForest
1461;Denis Suárez;542;Mediocentro;2023;2024;269;6.65;34.58;52.41;BAJO;BAJO;BAJO;BAJO;0.6218;0.2489;0.1293;RandomForest
1489;Nemanja Gudelj;536;Mediocentro;2023;2024;1744;6.927272;72.24;65.66;MEDIO;MEDIO;MEDIO;MEDIO;0.2016;0.4217;0.3766;RandomForest
1568;Paul Akouokou;543;Mediocentro;2023;2024;25;6.9;46.87;;;BAJO;BAJO;ALTO;0.6008;0.2697;0.1295;RandomForest
1573;Andrés Guardado;543;Mediocentro;2023;2024;458;6.8;51.61;;;BAJO;BAJO;MEDIO;0.5585;0.3142;0.1273;RandomForest
1580;William Carvalho;543;Mediocentro;2023;2024;666;6.75;52.21;49.81;BAJO;BAJO;BAJO;MEDIO;0.5014;0.3501;0.1485;RandomForest
1650;Suso;536;Mediocentro;2023;2024;1512;7.024136999999999;76.01;62.75;MEDIO;MEDIO;ALTO;ALTO;0.1318;0.4819;0.3863;RandomForest
1697;Pablo Fornals;543;Mediocentro;2023;2024;1153;7.173333;84.85;72.08;MEDIO;MEDIO;ALTO;MEDIO;0.0812;0.4944;0.4244;RandomForest
1700;Iván Martín;547;Mediocentro;2023;2024;2747;6.9583330000000005;77.83;63.6;MEDIO;ALTO;ALTO;MEDIO;0.1405;0.3995;0.46;RandomForest
1701;Manu Morlanes;798;Mediocentro;2023;2024;1610;6.820588;65.33;66.24;MEDIO;MEDIO;BAJO;MEDIO;0.3802;0.435;0.1848;RandomForest
1705;Manu Trigueros;533;Mediocentro;2023;2024;298;6.638461;35.04;;;BAJO;BAJO;BAJO;0.5568;0.3022;0.1411;RandomForest
1825;Lucas Torró;727;Mediocentro;2023;2024;1793;6.810714;61.6;72.39;MEDIO;MEDIO;MEDIO;MEDIO;0.4093;0.4154;0.1752;RandomForest
1911;Lucas Ocampos;536;Mediocentro;2023;2024;2886;7.111428;85.29;57.52;;ALTO;ALTO;MEDIO;0.0749;0.2304;0.6948;RandomForest
1920;Nemanja Radonjić;798;Mediocentro;2023;2024;350;6.827272;63.51;;;BAJO;MEDIO;MEDIO;0.4359;0.39;0.1741;RandomForest
2207;Eduardo Camavinga;541;Mediocentro;2023;2024;1824;7.193548;86.05;85.57;ALTO;ALTO;ALTO;ALTO;0.0414;0.1641;0.7945;RandomForest
2433;Renato Tapia;538;Mediocentro;2023;2024;1347;7.0;73.87;68.96;MEDIO;MEDIO;MEDIO;MEDIO;0.1896;0.5167;0.2937;RandomForest
2449;Yangel Herrera;547;Mediocentro;2023;2024;4241;7.086206;85.57;83.82;ALTO;ALTO;ALTO;ALTO;0.0296;0.1151;0.8553;RandomForest
2472;Rodrigo de Paul;530;Mediocentro;2023;2024;2086;7.244117;84.76;79.53;ALTO;ALTO;ALTO;ALTO;0.0401;0.1103;0.8496;RandomForest
2476;Guido Rodríguez;543;Mediocentro;2023;2024;1849;7.045833;80.69;;;ALTO;ALTO;MEDIO;0.1107;0.3354;0.554;RandomForest
2824;Nemanja Maksimović;546;Mediocentro;2023;2024;3272;6.945945;75.33;;;ALTO;MEDIO;MEDIO;0.1533;0.3639;0.4828;RandomForest
2923;Yannick Carrasco;530;Mediocentro;2023;2024;223;7.0;59.3;;;BAJO;BAJO;MEDIO;0.3963;0.3831;0.2207;RandomForest
2924;Adnan Januzaj;536;Mediocentro;2023;2024;185;6.625;38.75;64.78;MEDIO;BAJO;BAJO;BAJO;0.5232;0.326;0.1507;RandomForest
6065;Lucas Robertone;723;Mediocentro;2023;2024;2391;7.118181;83.2;;;ALTO;ALTO;ALTO;0.0549;0.2118;0.7334;RandomForest
6085;Carlos Benavídez;542;Mediocentro;2023;2024;1150;6.782758;57.75;50.07;BAJO;BAJO;BAJO;BAJO;0.5024;0.3633;0.1343;RandomForest
8587;Selim Amallah;532;Mediocentro;2023;2024;597;6.621052;46.91;64.03;MEDIO;BAJO;BAJO;MEDIO;0.5098;0.3771;0.1132;RandomForest
12667;Jonathan Viera;723;Mediocentro;2023;2024;1543;7.041666;77.46;;;ALTO;ALTO;ALTO;0.0795;0.2247;0.6958;RandomForest
18802;Étienne Capoue;533;Mediocentro;2023;2024;1443;6.7125;57.29;;;BAJO;BAJO;BAJO;0.44;0.3948;0.1652;RandomForest
18949;Oriol Romeu;529;Mediocentro;2023;2024;929;6.807692;55.65;51.45;BAJO;BAJO;BAJO;BAJO;0.5206;0.3354;0.144;RandomForest
19026;Luca De La Torre;538;Mediocentro;2023;2024;1957;6.666666;51.66;15.96;;BAJO;BAJO;MEDIO;0.4477;0.3955;0.1568;RandomForest
19352;Sergi Canós;532;Mediocentro;2023;2024;1243;6.826923;64.14;33.86;;MEDIO;MEDIO;MEDIO;0.3825;0.4405;0.1769;RandomForest
20608;Rominigue Kouamé;724;Mediocentro;2023;2024;829;6.753332999999999;50.86;;;BAJO;BAJO;MEDIO;0.5393;0.3189;0.1418;RandomForest
21004;Lucien Agoumé;536;Mediocentro;2023;2024;778;6.883333000000001;71.11;77.25;ALTO;MEDIO;MEDIO;ALTO;0.3289;0.3463;0.3247;RandomForest
21070;Omenuke Mfulu;534;Mediocentro;2023;2024;78;6.68;33.59;;;BAJO;BAJO;BAJO;0.5854;0.2749;0.1397;RandomForest
21709;Enzo Loiodice;534;Mediocentro;2023;2024;1790;6.8625;70.66;36.31;BAJO;MEDIO;BAJO;BAJO;0.344;0.3653;0.2907;RandomForest
22233;Boubakary Soumaré;536;Mediocentro;2023;2024;2288;6.857142;65.88;;;BAJO;BAJO;BAJO;0.3839;0.3747;0.2413;RandomForest
30433;Papu Gómez;536;Mediocentro;2023;2024;0;;18.67;;;BAJO;BAJO;BAJO;0.6233;0.2423;0.1343;RandomForest
41157;André Almeida;532;Mediocentro;2023;2024;969;6.911111;71.23;75.14;MEDIO;MEDIO;MEDIO;MEDIO;0.2846;0.4599;0.2555;RandomForest
41552;Pathé Ismaël Ciss;728;Mediocentro;2023;2024;1658;6.880645;72.95;71.16;MEDIO;MEDIO;MEDIO;MEDIO;0.2569;0.455;0.288;RandomForest
41973;Miguel Crespo;728;Mediocentro;2023;2024;521;6.806666;59.23;;;BAJO;BAJO;BAJO;0.4374;0.3871;0.1755;RandomForest
43084;Ianis Hagi;542;Mediocentro;2023;2024;798;6.861904;64.23;;;BAJO;MEDIO;MEDIO;0.419;0.4148;0.1662;RandomForest
46090;Njegoš Petrović;715;Mediocentro;2023;2024;148;6.57;34.94;;;BAJO;BAJO;BAJO;0.5703;0.2798;0.1499;RandomForest
46658;Rubén García;727;Mediocentro;2023;2024;1549;6.993102999999999;74.89;81.07;ALTO;ALTO;MEDIO;ALTO;0.2157;0.3528;0.4315;RandomForest
46660;Javi Martínez;727;Mediocentro;2023;2024;0;;18.67;15.92;;BAJO;BAJO;BAJO;0.6233;0.2423;0.1343;RandomForest
46662;Jon Moncayola;727;Mediocentro;2023;2024;1816;6.772727;54.39;70.45;MEDIO;BAJO;BAJO;MEDIO;0.4339;0.3994;0.1668;RandomForest
46688;Alejandro Pozo;723;Mediocentro;2023;2024;992;6.5;34.58;;;BAJO;BAJO;BAJO;0.6275;0.2632;0.1093;RandomForest
46689;Antonio Puertas;715;Mediocentro;2023;2024;717;6.484;38.86;;;BAJO;BAJO;BAJO;0.6292;0.2753;0.0955;RandomForest
46691;Fede San Emeterio;724;Mediocentro;2023;2024;155;6.55;34.03;;;BAJO;BAJO;ALTO;0.5696;0.2698;0.1606;RandomForest
46739;Iddrisu Baba;723;Mediocentro;2023;2024;1426;6.688;54.49;;;MEDIO;ALTO;BAJO;0.3474;0.387;0.2657;RandomForest
46742;Dani Rodríguez;798;Mediocentro;2023;2024;2638;6.883333;73.07;75.31;MEDIO;MEDIO;MEDIO;MEDIO;0.1909;0.5117;0.2974;RandomForest
46769;Álex Fernández;724;Mediocentro;2023;2024;1282;6.757691999999999;49.88;;;BAJO;BAJO;BAJO;0.5132;0.3467;0.1401;RandomForest
46772;José Mari;724;Mediocentro;2023;2024;11;6.7;32.23;;;BAJO;BAJO;BAJO;0.6357;0.2447;0.1195;RandomForest
46775;Salvi Sánchez;728;Mediocentro;2023;2024;27;6.2;18.01;19.61;;BAJO;BAJO;BAJO;0.6691;0.2102;0.1207;RandomForest
46824;Iván Alejo;724;Mediocentro;2023;2024;1702;6.556666;45.88;;;BAJO;BAJO;BAJO;0.5218;0.3612;0.117;RandomForest
46860;Javier Muñoz;534;Mediocentro;2023;2024;2661;6.783783;60.2;71.19;MEDIO;MEDIO;BAJO;MEDIO;0.3687;0.4174;0.2139;RandomForest
46982;Gonzalo Villar;715;Mediocentro;2023;2024;1785;6.822857;68.58;;;MEDIO;ALTO;BAJO;0.2584;0.3929;0.3488;RandomForest
47004;Fabio González;534;Mediocentro;2023;2024;119;6.55;26.93;19.18;;BAJO;BAJO;BAJO;0.6348;0.231;0.1342;RandomForest
47007;Iñigo Ruiz de Galarreta;531;Mediocentro;2023;2024;2105;6.996551;78.57;72.95;MEDIO;ALTO;ALTO;MEDIO;0.1273;0.4324;0.4403;RandomForest
47063;Alberto Soro;715;Mediocentro;2023;2024;7;6.7;29.32;;;BAJO;BAJO;BAJO;0.6023;0.2563;0.1414;RandomForest
47085;Luis Milla;546;Mediocentro;2023;2024;2123;7.05;79.49;85.59;ALTO;ALTO;ALTO;ALTO;0.0746;0.229;0.6964;RandomForest
47109;Óscar Valentín;728;Mediocentro;2023;2024;2701;6.847058;69.82;50.54;BAJO;MEDIO;MEDIO;MEDIO;0.3277;0.3874;0.2849;RandomForest
47111;Benito Ramírez;534;Mediocentro;2023;2024;368;6.6;35.0;37.58;BAJO;BAJO;BAJO;ALTO;0.6252;0.2474;0.1274;RandomForest
47258;Mauro Arambarri;546;Mediocentro;2023;2024;337;6.528571;35.6;75.36;MEDIO;BAJO;BAJO;ALTO;0.5281;0.3393;0.1326;RandomForest
47281;Dani García;531;Mediocentro;2023;2024;742;6.635294;42.89;;;BAJO;BAJO;BAJO;0.5879;0.2968;0.1153;RandomForest
47282;Raúl García;531;Mediocentro;2023;2024;402;6.53;32.08;;;BAJO;BAJO;BAJO;0.6219;0.2777;0.1004;RandomForest
47285;Unai López;728;Mediocentro;2023;2024;2126;6.834285;66.62;71.03;MEDIO;MEDIO;MEDIO;MEDIO;0.3257;0.4088;0.2654;RandomForest
47286;Peru Nolaskoain Esnal;531;Mediocentro;2023;2024;8;6.7;29.56;;;BAJO;BAJO;BAJO;0.6096;0.2653;0.1251;RandomForest
47306;Álex Sola;542;Mediocentro;2023;2024;1302;6.844827;55.16;40.03;BAJO;BAJO;BAJO;MEDIO;0.5085;0.3222;0.1693;RandomForest
47309;Ander Guevara;542;Mediocentro;2023;2024;2936;6.778378;63.89;48.46;BAJO;BAJO;BAJO;BAJO;0.416;0.3603;0.2237;RandomForest
47311;Mikel Merino;548;Mediocentro;2023;2024;2484;7.184374999999999;86.27;;;ALTO;ALTO;ALTO;0.0493;0.1698;0.7809;RandomForest
47315;Martín Zubimendi;548;Mediocentro;2023;2024;2655;7.06129;82.49;83.19;ALTO;ALTO;ALTO;ALTO;0.0632;0.1545;0.7823;RandomForest
47336;Sergi Darder;798;Mediocentro;2023;2024;2154;7.047222;80.18;80.34;ALTO;ALTO;ALTO;ALTO;0.0936;0.253;0.6534;RandomForest
47339;Óscar Melendo;715;Mediocentro;2023;2024;1134;6.564;41.78;;;BAJO;BAJO;BAJO;0.5803;0.3115;0.1082;RandomForest
47341;Marc Roca;543;Mediocentro;2023;2024;1988;7.026923;76.05;78.05;ALTO;ALTO;MEDIO;MEDIO;0.1428;0.2816;0.5755;RandomForest
47361;Darko Brašanac;727;Mediocentro;2023;2024;46;6.5;21.93;43.83;BAJO;BAJO;BAJO;BAJO;0.6662;0.2268;0.107;RandomForest
47388;Gonzalo Escalante;724;Mediocentro;2023;2024;1701;6.5920000000000005;47.42;;;BAJO;BAJO;MEDIO;0.4905;0.3584;0.1511;RandomForest
47389;Joan Jordán;536;Mediocentro;2023;2024;377;6.8;44.5;78.77;ALTO;BAJO;BAJO;BAJO;0.5134;0.3077;0.1789;RandomForest
47414;Gerard Gumbau;715;Mediocentro;2023;2024;2683;6.814705;67.26;44.77;BAJO;MEDIO;MEDIO;BAJO;0.3661;0.3705;0.2634;RandomForest
47416;Óscar Rodríguez;546;Mediocentro;2023;2024;961;6.85;62.92;58.4;BAJO;BAJO;MEDIO;MEDIO;0.4221;0.3965;0.1814;RandomForest
47418;Mikel Vesga;531;Mediocentro;2023;2024;1536;6.807407;57.91;49.62;BAJO;BAJO;BAJO;BAJO;0.4672;0.3952;0.1376;RandomForest
47435;Fran Beltrán;538;Mediocentro;2023;2024;2444;6.721875000000001;54.85;65.01;MEDIO;MEDIO;BAJO;MEDIO;0.3936;0.408;0.1984;RandomForest
47440;Brais Méndez;548;Mediocentro;2023;2024;2419;7.231249999999999;84.94;59.3;BAJO;ALTO;ALTO;ALTO;0.1647;0.1994;0.6358;RandomForest
47463;Pepelu;532;Mediocentro;2023;2024;3305;7.229729000000001;87.27;77.56;ALTO;ALTO;ALTO;ALTO;0.023;0.0931;0.8839;RandomForest
47464;José Campaña;534;Mediocentro;2023;2024;165;6.728571;39.83;61.16;BAJO;BAJO;BAJO;BAJO;0.5949;0.2613;0.1438;RandomForest
47485;Rubén Alcaraz;724;Mediocentro;2023;2024;3141;6.961111;79.24;;;ALTO;ALTO;ALTO;0.0844;0.2175;0.6981;RandomForest
47515;Borja García;547;Mediocentro;2023;2024;0;;18.67;;;BAJO;BAJO;BAJO;0.6233;0.2423;0.1343;RandomForest
47516;Aleix García;547;Mediocentro;2023;2024;3201;7.462162000000001;87.69;;;ALTO;ALTO;ALTO;0.0185;0.0802;0.9014;RandomForest
47541;Santi Comesaña;533;Mediocentro;2023;2024;1662;6.785185;64.7;84.14;ALTO;MEDIO;MEDIO;ALTO;0.3139;0.3983;0.2878;RandomForest
47543;Álvaro García;728;Mediocentro;2023;2024;2493;6.940624999999999;73.35;77.5;ALTO;ALTO;MEDIO;ALTO;0.1534;0.3457;0.5009;RandomForest
47549;José Pozo;728;Mediocentro;2023;2024;18;6.7;30.15;;;BAJO;BAJO;BAJO;0.6571;0.2326;0.1103;RandomForest
47557;Óscar Trejo;728;Mediocentro;2023;2024;1383;6.564516;49.41;36.97;BAJO;BAJO;BAJO;BAJO;0.5282;0.3445;0.1272;RandomForest
47574;Moi Gómez;727;Mediocentro;2023;2024;2010;6.892857;70.81;38.71;BAJO;BAJO;MEDIO;BAJO;0.3916;0.3813;0.2271;RandomForest
47576;Gonzalo Melero;723;Mediocentro;2023;2024;1093;6.557142;41.2;;;BAJO;BAJO;BAJO;0.5477;0.3482;0.1041;RandomForest
63542;Martin Hongla;715;Mediocentro;2023;2024;562;6.36923;29.05;;;BAJO;BAJO;BAJO;0.6054;0.2633;0.1313;RandomForest
67939;Aimar Oroz;727;Mediocentro;2023;2024;2350;6.851515;71.5;80.86;ALTO;MEDIO;BAJO;BAJO;0.3035;0.3738;0.3228;RandomForest
70078;Facundo Pellistri;715;Mediocentro;2023;2024;1220;6.753333;67.09;;;ALTO;ALTO;ALTO;0.2707;0.3562;0.3731;RandomForest
70315;Kirian Rodríguez;534;Mediocentro;2023;2024;3216;7.116216;83.52;79.0;ALTO;ALTO;ALTO;ALTO;0.0239;0.0912;0.8849;RandomForest
84086;Robert Navarro;531;Mediocentro;2023;2024;3810;6.775;52.53;69.18;MEDIO;MEDIO;MEDIO;MEDIO;0.2111;0.5654;0.2235;RandomForest
104821;Jon Guridi;542;Mediocentro;2023;2024;2698;6.877777;70.12;56.77;BAJO;BAJO;MEDIO;BAJO;0.3714;0.3613;0.2673;RandomForest
107153;Kike Pérez;728;Mediocentro;2023;2024;830;6.5875;43.66;66.31;MEDIO;BAJO;BAJO;MEDIO;0.5123;0.4077;0.08;RandomForest
107194;Antonio Sánchez;798;Mediocentro;2023;2024;1464;6.624137;47.02;45.63;BAJO;BAJO;BAJO;BAJO;0.5793;0.3224;0.0983;RandomForest
122657;Randy Nteka;728;Mediocentro;2023;2024;561;6.45625;39.72;48.88;BAJO;BAJO;BAJO;MEDIO;0.651;0.2681;0.0809;RandomForest
122756;Sergio Ruiz Alonso;715;Mediocentro;2023;2024;2503;6.817142;67.45;;;MEDIO;ALTO;MEDIO;0.2372;0.4217;0.3412;RandomForest
126936;Samuel Lino;530;Mediocentro;2023;2024;2090;7.223529;86.78;75.36;MEDIO;ALTO;ALTO;ALTO;0.0817;0.4563;0.462;RandomForest
128398;Oihan Sancet;531;Mediocentro;2023;2024;1991;6.913333;73.97;76.67;ALTO;ALTO;ALTO;ALTO;0.1213;0.3418;0.537;RandomForest
129718;Jude Bellingham;541;Mediocentro;2023;2024;2324;8.035714;91.62;92.04;ALTO;ALTO;ALTO;ALTO;0.0136;0.0394;0.947;RandomForest
131546;Isi Palazón;728;Mediocentro;2023;2024;2810;6.918918;78.07;74.5;MEDIO;ALTO;ALTO;MEDIO;0.1217;0.3991;0.4792;RandomForest
133185;Johnny Cardoso;543;Mediocentro;2023;2024;2663;7.123529;82.53;78.96;ALTO;ALTO;ALTO;ALTO;0.075;0.1336;0.7913;RandomForest
133609;Pedri;529;Mediocentro;2023;2024;1487;7.220833;82.55;89.83;ALTO;ALTO;ALTO;ALTO;0.047;0.1691;0.784;RandomForest
136117;Rodrigo Riquelme;530;Mediocentro;2023;2024;1523;6.87647;66.6;43.45;BAJO;MEDIO;MEDIO;MEDIO;0.3995;0.4013;0.1993;RandomForest
138809;Arnau Puigmal;723;Mediocentro;2023;2024;249;6.427272;26.52;;;BAJO;BAJO;BAJO;0.6468;0.2245;0.1287;RandomForest
139001;Pablo Ibáñez;542;Mediocentro;2023;2024;2313;6.6625;45.14;49.69;BAJO;BAJO;BAJO;BAJO;0.5187;0.3562;0.1251;RandomForest
161875;Hugo González;532;Mediocentro;2023;2024;79;6.557142000000001;26.94;;;BAJO;BAJO;BAJO;0.6373;0.2305;0.1322;RandomForest
161877;Pablo Gozálbez;532;Mediocentro;2023;2024;114;6.18;18.58;;;BAJO;BAJO;BAJO;0.699;0.1949;0.1061;RandomForest
162033;Sergio Arribas;723;Mediocentro;2023;2024;2053;6.973529;74.75;;;ALTO;MEDIO;MEDIO;0.1767;0.3898;0.4336;RandomForest
162034;Carlos Dotor;538;Mediocentro;2023;2024;702;6.585714;35.02;;;BAJO;BAJO;BAJO;0.5708;0.3048;0.1245;RandomForest
162123;Ilaix Moriba;546;Mediocentro;2023;2024;607;6.7;53.74;76.55;ALTO;BAJO;BAJO;BAJO;0.3986;0.3222;0.2793;RandomForest
162547;Théo Zidane;541;Mediocentro;2023;2024;0;;18.67;;;BAJO;BAJO;BAJO;0.6233;0.2423;0.1343;RandomForest
162686;Antonio Blanco;542;Mediocentro;2023;2024;2435;6.778125;63.53;62.05;MEDIO;MEDIO;MEDIO;MEDIO;0.3274;0.4698;0.2028;RandomForest
162931;Fran Pérez;532;Mediocentro;2023;2024;4138;6.6125;51.36;38.74;BAJO;BAJO;BAJO;BAJO;0.4466;0.3554;0.1979;RandomForest
180560;Hannibal Mejbri;536;Mediocentro;2023;2024;107;6.76;40.41;;;BAJO;BAJO;BAJO;0.5714;0.2618;0.1668;RandomForest
182219;Alejandro Baena;533;Mediocentro;2023;2024;2599;7.235294;84.45;86.37;ALTO;ALTO;ALTO;ALTO;0.0215;0.0699;0.9086;RandomForest
182504;Gabri Veiga;538;Mediocentro;2023;2024;17;6.3;14.4;;;BAJO;BAJO;BAJO;0.5964;0.264;0.1396;RandomForest
182519;Alberto Moleiro;534;Mediocentro;2023;2024;1807;6.835714;68.43;69.75;MEDIO;MEDIO;MEDIO;MEDIO;0.1921;0.538;0.27;RandomForest
182603;Jon Ander Olasagasti;548;Mediocentro;2023;2024;370;6.707692;42.44;43.9;BAJO;BAJO;BAJO;MEDIO;0.654;0.2562;0.0898;RandomForest
182617;Beñat Prados;531;Mediocentro;2023;2024;1450;6.826922999999999;62.19;61.44;MEDIO;MEDIO;BAJO;BAJO;0.3859;0.4483;0.1657;RandomForest
182621;Iker Muñoz;727;Mediocentro;2023;2024;1856;6.877777;64.5;34.71;BAJO;BAJO;BAJO;BAJO;0.4755;0.3219;0.2025;RandomForest
182772;Juanlu Sánchez;536;Mediocentro;2023;2024;1172;6.883333;68.4;64.92;MEDIO;MEDIO;MEDIO;MEDIO;0.3028;0.4653;0.2319;RandomForest
183699;Urko González;548;Mediocentro;2023;2024;155;6.38;24.32;53.49;BAJO;BAJO;BAJO;BAJO;0.634;0.2432;0.1228;RandomForest
183744;Beñat Turrientes;548;Mediocentro;2023;2024;1704;6.724137;56.38;48.51;BAJO;BAJO;BAJO;BAJO;0.5239;0.3514;0.1247;RandomForest
184226;Yéremy Pino;533;Mediocentro;2023;2024;479;6.971428;76.26;75.72;MEDIO;MEDIO;MEDIO;BAJO;0.2404;0.4927;0.2669;RandomForest
184617;Diego López;546;Mediocentro;2023;2024;0;;18.67;;;BAJO;BAJO;BAJO;0.6233;0.2423;0.1343;RandomForest
184743;Santi García;546;Mediocentro;2023;2024;24;6.3;20.06;;;BAJO;BAJO;BAJO;0.6702;0.2167;0.1131;RandomForest
185202;Juan Cruz;543;Mediocentro;2023;2024;71;6.56;26.84;71.15;MEDIO;BAJO;BAJO;BAJO;0.5799;0.2949;0.1252;RandomForest
185477;Rodri Sánchez;543;Mediocentro;2023;2024;1038;6.713793;52.08;45.03;;BAJO;BAJO;MEDIO;0.4382;0.4046;0.1572;RandomForest
187987;Ramón Terrats;533;Mediocentro;2023;2024;801;6.6;44.31;75.32;MEDIO;BAJO;BAJO;BAJO;0.5169;0.367;0.1161;RandomForest
190485;Samú Costa;798;Mediocentro;2023;2024;2305;6.890909;72.61;71.96;MEDIO;MEDIO;MEDIO;MEDIO;0.1433;0.5277;0.329;RandomForest
194782;Facundo Esnaider;546;Mediocentro;2023;2024;0;;18.67;;;BAJO;BAJO;BAJO;0.6233;0.2423;0.1343;RandomForest
196290;Marco Camús;532;Mediocentro;2023;2024;0;;18.67;;;BAJO;BAJO;BAJO;0.6233;0.2423;0.1343;RandomForest
197799;Xabi Huarte;727;Mediocentro;2023;2024;8;6.3;14.36;;;BAJO;BAJO;BAJO;0.5896;0.263;0.1474;RandomForest
203468;Dion Lopy;723;Mediocentro;2023;2024;1927;6.866666;71.95;;;MEDIO;MEDIO;MEDIO;0.268;0.447;0.285;RandomForest
263529;Ibrahima Kébé;547;Mediocentro;2023;2024;7;6.45;22.75;;;BAJO;BAJO;BAJO;0.6599;0.2386;0.1015;RandomForest
268960;Arsen Zakharyan;548;Mediocentro;2023;2024;1243;6.803448;57.83;63.04;;BAJO;BAJO;MEDIO;0.4604;0.3787;0.1609;RandomForest
269163;Williot Swedberg;538;Mediocentro;2023;2024;449;6.764285;49.31;54.27;BAJO;BAJO;BAJO;BAJO;0.6625;0.2404;0.0971;RandomForest
282131;Martin Svidersky;723;Mediocentro;2023;2024;0;;18.67;;;BAJO;BAJO;BAJO;0.6233;0.2423;0.1343;RandomForest
285909;Pablo Torre;547;Mediocentro;2023;2024;687;6.682608;41.21;65.69;;BAJO;BAJO;ALTO;0.4573;0.4114;0.1313;RandomForest
286084;Sergi Altimira;546;Mediocentro;2023;2024;1135;6.691666;43.39;73.21;MEDIO;BAJO;BAJO;BAJO;0.5227;0.3721;0.1053;RandomForest
286796;Damián Rodríguez;538;Mediocentro;2023;2024;257;6.9;53.99;45.58;BAJO;BAJO;BAJO;MEDIO;0.4859;0.3418;0.1723;RandomForest
287652;Jon Magunazelaia;548;Mediocentro;2023;2024;119;6.78;39.56;55.49;;BAJO;BAJO;BAJO;0.5607;0.2839;0.1554;RandomForest
288699;Máximo Perrone;534;Mediocentro;2023;2024;1630;6.710344;54.3;;;BAJO;BAJO;BAJO;0.4446;0.3756;0.1798;RandomForest
290106;Pablo Marín;548;Mediocentro;2023;2024;0;;18.67;58.66;BAJO;BAJO;BAJO;BAJO;0.6233;0.2423;0.1343;RandomForest
291146;Mario González;715;Mediocentro;2023;2024;0;;18.67;;;BAJO;BAJO;BAJO;0.6233;0.2423;0.1343;RandomForest
291964;Arda Güler;541;Mediocentro;2023;2024;390;7.23;70.23;81.31;ALTO;ALTO;BAJO;ALTO;0.3093;0.3132;0.3775;RandomForest
293297;John Patrick;546;Mediocentro;2023;2024;0;;18.67;29.41;;BAJO;BAJO;BAJO;0.6233;0.2423;0.1343;RandomForest
296667;Pablo Gavi;529;Mediocentro;2023;2024;943;7.133333;86.71;68.34;MEDIO;ALTO;ALTO;MEDIO;0.0672;0.423;0.5098;RandomForest
297646;Daniel Luna;798;Mediocentro;2023;2024;0;;18.67;23.64;;BAJO;BAJO;BAJO;0.6233;0.2423;0.1343;RandomForest
297869;Iñaki González;534;Mediocentro;2023;2024;4;6.7;28.67;;;BAJO;BAJO;BAJO;0.62;0.2459;0.1341;RandomForest
297973;Selu Diallo;542;Mediocentro;2023;2024;0;;18.67;;;BAJO;BAJO;BAJO;0.6233;0.2423;0.1343;RandomForest
305797;Enrique Fernández López;543;Mediocentro;2023;2024;0;;18.67;;;BAJO;BAJO;BAJO;0.6233;0.2423;0.1343;RandomForest
306183;Lassina Sangare;715;Mediocentro;2023;2024;0;;18.67;;;BAJO;BAJO;BAJO;0.6233;0.2423;0.1343;RandomForest
306727;Jhon Solís;547;Mediocentro;2023;2024;412;6.517647;35.57;33.42;BAJO;BAJO;BAJO;BAJO;0.6583;0.2353;0.1064;RandomForest
310609;Gui;723;Mediocentro;2023;2024;0;;18.67;;;BAJO;BAJO;BAJO;0.6233;0.2423;0.1343;RandomForest
310683;Álvaro Bastida;724;Mediocentro;2023;2024;0;;18.67;;;BAJO;BAJO;BAJO;0.6233;0.2423;0.1343;RandomForest
311740;Tomás Mendes;542;Mediocentro;2023;2024;12;6.3;15.65;;;BAJO;BAJO;BAJO;0.5851;0.2493;0.1656;RandomForest
313651;Hugo Sotelo;538;Mediocentro;2023;2024;727;6.80625;52.43;49.54;BAJO;BAJO;BAJO;BAJO;0.5351;0.3158;0.1491;RandomForest
315699;Javier Guerra;532;Mediocentro;2023;2024;2502;6.688888000000001;60.02;63.42;MEDIO;MEDIO;MEDIO;MEDIO;0.3304;0.453;0.2166;RandomForest
327628;Ricard Artero;547;Mediocentro;2023;2024;0;;18.67;19.61;;BAJO;BAJO;BAJO;0.6233;0.2423;0.1343;RandomForest
329720;Hugo Álvarez;538;Mediocentro;2023;2024;781;7.133333;79.03;63.26;MEDIO;MEDIO;ALTO;MEDIO;0.1263;0.568;0.3057;RandomForest
329728;Marc Casadó;529;Mediocentro;2023;2024;18;6.9;44.4;73.34;MEDIO;BAJO;BAJO;BAJO;0.5759;0.2868;0.1373;RandomForest
329729;Lulo Dasilva;536;Mediocentro;2023;2024;0;;18.67;19.61;;BAJO;BAJO;BAJO;0.6233;0.2423;0.1343;RandomForest
331607;Manu Bueno;536;Mediocentro;2023;2024;120;6.633333000000001;32.9;39.49;;BAJO;BAJO;BAJO;0.5987;0.2553;0.146;RandomForest
332308;Unai Gómez;531;Mediocentro;2023;2024;890;6.708;48.8;42.53;BAJO;BAJO;BAJO;BAJO;0.6136;0.3048;0.0816;RandomForest
333378;Diego Mendez;728;Mediocentro;2023;2024;9;6.9;41.12;19.61;;BAJO;BAJO;BAJO;0.5982;0.2737;0.1281;RandomForest
333439;Ruben Quintanilla;798;Mediocentro;2023;2024;0;;18.67;;;BAJO;BAJO;BAJO;0.6233;0.2423;0.1343;RandomForest
336557;Aleix Garrido;529;Mediocentro;2023;2024;0;;18.67;;;BAJO;BAJO;BAJO;0.6233;0.2423;0.1343;RandomForest
336590;Aitor Gismera;530;Mediocentro;2023;2024;0;;18.67;19.61;;BAJO;BAJO;BAJO;0.6233;0.2423;0.1343;RandomForest
336594;Pablo Barrios;530;Mediocentro;2023;2024;1556;7.0208330000000005;81.68;76.46;MEDIO;MEDIO;ALTO;MEDIO;0.0972;0.4582;0.4446;RandomForest
340152;Stanis Idumbo Muzambo;536;Mediocentro;2023;2024;0;;18.67;41.49;;BAJO;BAJO;BAJO;0.6233;0.2423;0.1343;RandomForest
340154;Arthur Vermeeren;530;Mediocentro;2023;2024;160;6.42;24.5;19.61;;BAJO;BAJO;BAJO;0.6073;0.2414;0.1513;RandomForest
340626;Fermín López;529;Mediocentro;2023;2024;1451;6.92;70.79;74.76;MEDIO;MEDIO;MEDIO;MEDIO;0.2818;0.4927;0.2255;RandomForest
343205;Mario Martín;541;Mediocentro;2023;2024;16;6.8;39.15;58.99;BAJO;BAJO;BAJO;BAJO;0.6238;0.2414;0.1348;RandomForest
348539;Unai Hernández;529;Mediocentro;2023;2024;0;;18.67;;;BAJO;BAJO;BAJO;0.6233;0.2423;0.1343;RandomForest
348885;Jeremy Jorge;546;Mediocentro;2023;2024;1;6.2;12.59;;;BAJO;BAJO;BAJO;0.5842;0.2542;0.1616;RandomForest
350037;Nico Paz;541;Mediocentro;2023;2024;26;6.5;20.98;;;BAJO;BAJO;BAJO;0.649;0.2232;0.1279;RandomForest
351131;Dani Pérez;543;Mediocentro;2023;2024;0;;18.67;;;BAJO;BAJO;BAJO;0.6233;0.2423;0.1343;RandomForest
353463;Moussa Diakité;724;Mediocentro;2023;2024;0;;20.41;;;BAJO;BAJO;BAJO;0.6355;0.2404;0.1241;RandomForest
364415;Yellu Santiago;546;Mediocentro;2023;2024;662;6.6;42.85;26.33;;BAJO;BAJO;BAJO;0.6367;0.2598;0.1035;RandomForest
377197;Pablo Muñoz;728;Mediocentro;2023;2024;0;;18.67;;;BAJO;BAJO;BAJO;0.6233;0.2423;0.1343;RandomForest
381197;Asier Osambela;727;Mediocentro;2023;2024;9;6.7;29.1;19.61;;BAJO;BAJO;BAJO;0.6249;0.2482;0.1268;RandomForest
383780;Mikel Jauregizar;531;Mediocentro;2023;2024;158;6.414285;22.1;77.88;ALTO;BAJO;BAJO;BAJO;0.6199;0.2249;0.1551;RandomForest
396630;Pau Prim Coma;529;Mediocentro;2023;2024;0;;18.67;;;BAJO;BAJO;BAJO;0.6233;0.2423;0.1343;RandomForest
401419;Ander Sánchez;542;Mediocentro;2023;2024;0;;18.67;;;BAJO;BAJO;BAJO;0.6233;0.2423;0.1343;RandomForest
402281;Silvi Clúa;547;Mediocentro;2023;2024;0;;27.61;50.44;;BAJO;BAJO;BAJO;0.6012;0.2578;0.141;RandomForest
418944;Marcos Pena;723;Mediocentro;2023;2024;439;6.814285;54.58;;;BAJO;BAJO;BAJO;0.4733;0.3666;0.16;RandomForest
439616;Yassin Tallal;546;Mediocentro;2023;2024;2;6.3;14.57;;;BAJO;BAJO;BAJO;0.6354;0.241;0.1236;RandomForest
451311;Rayane Belaid Khellil;530;Mediocentro;2023;2024;0;;18.67;;;BAJO;BAJO;BAJO;0.6233;0.2423;0.1343;RandomForest
465838;Alberto Risco;546;Mediocentro;2023;2024;135;6.65;37.54;33.61;;BAJO;BAJO;ALTO;0.617;0.2431;0.1399;RandomForest
29;Jan Oblak;530;Portero;2023;2024;3420;6.965789;42.28;55.41;MEDIO;MEDIO;MEDIO;MEDIO;0.243;0.4693;0.2877;RandomForest
126;Iñaki Peña;529;Portero;2023;2024;900;6.61;29.62;45.86;MEDIO;BAJO;BAJO;MEDIO;0.4485;0.33;0.2215;RandomForest
127;Marc-André Ter Stegen;529;Portero;2023;2024;2520;7.157142;53.41;35.23;BAJO;BAJO;ALTO;BAJO;0.4686;0.2645;0.2669;RandomForest
158;Paulo Gazzaniga;547;Portero;2023;2024;3420;7.252631;69.24;50.28;MEDIO;MEDIO;ALTO;MEDIO;0.1335;0.4685;0.398;RandomForest
614;Claudio Bravo;543;Portero;2023;2024;630;7.1;44.41;;;BAJO;ALTO;BAJO;0.4903;0.2922;0.2175;RandomForest
730;Thibaut Courtois;541;Portero;2023;2024;333;8.05;61.78;60.0;ALTO;BAJO;ALTO;ALTO;0.4038;0.2329;0.3633;RandomForest
763;Daniel Fuzato;546;Portero;2023;2024;21;6.200000000000001;18.83;;;BAJO;BAJO;BAJO;0.6009;0.2181;0.181;RandomForest
911;Jaume Doménech;532;Portero;2023;2024;79;7.299999999999999;54.37;27.87;;BAJO;ALTO;BAJO;0.5339;0.2275;0.2386;RandomForest
913;Cristian Rivero;532;Portero;2023;2024;56;6.7;26.83;;;BAJO;BAJO;BAJO;0.4984;0.2461;0.2555;RandomForest
1470;Luís Maximiano;723;Portero;2023;2024;2970;7.012121;45.97;;;MEDIO;MEDIO;ALTO;0.2059;0.3974;0.3967;RandomForest
1624;Pepe Reina;533;Portero;2023;2024;180;7.2;50.03;;;BAJO;ALTO;ALTO;0.6033;0.2137;0.183;RandomForest
2273;Kepa Arrizabalaga;541;Portero;2023;2024;1197;7.035713999999999;41.41;;;BAJO;BAJO;BAJO;0.4792;0.2666;0.2542;RandomForest
2464;Agustín Marchesín;538;Portero;2023;2024;0;;26.89;;;BAJO;BAJO;BAJO;0.5575;0.2454;0.197;RandomForest
2701;Bono;536;Portero;2023;2024;90;6.3;21.21;;;BAJO;BAJO;MEDIO;0.5689;0.2347;0.1964;RandomForest
2813;Marko Dmitrović;536;Portero;2023;2024;1170;6.96923;42.04;54.54;MEDIO;MEDIO;BAJO;MEDIO;0.3502;0.3783;0.2715;RandomForest
2814;Predrag Rajković;798;Portero;2023;2024;3240;7.088888;51.45;;;MEDIO;MEDIO;MEDIO;0.1663;0.4206;0.4132;RandomForest
6492;Jeremías Ledesma;724;Portero;2023;2024;3049;7.214705;59.19;;;MEDIO;MEDIO;ALTO;0.218;0.404;0.3781;RandomForest
11379;Augusto Batalla;715;Portero;2023;2024;1530;7.058823;48.23;68.02;ALTO;ALTO;BAJO;ALTO;0.3276;0.2439;0.4285;RandomForest
14382;Ivo Grbić;530;Portero;2023;2024;0;;26.89;;;BAJO;BAJO;ALTO;0.5592;0.2442;0.1966;RandomForest
18835;Vicente Guaita;538;Portero;2023;2024;2402;7.1000000000000005;48.69;43.84;BAJO;BAJO;ALTO;BAJO;0.3991;0.3585;0.2425;RandomForest
19172;Ørjan Nyland;536;Portero;2023;2024;2160;7.15;53.09;39.19;BAJO;BAJO;ALTO;ALTO;0.4452;0.3079;0.2469;RandomForest
24760;Giorgi Mamardashvili;532;Portero;2023;2024;3285;7.121621;53.42;41.61;;ALTO;MEDIO;MEDIO;0.1734;0.3342;0.4923;RandomForest
41320;André Ferreira;715;Portero;2023;2024;1339;6.74;33.34;24.58;BAJO;BAJO;BAJO;BAJO;0.5141;0.258;0.2279;RandomForest
42642;Horațiu Moldovan;530;Portero;2023;2024;0;;26.89;27.02;;BAJO;BAJO;ALTO;0.5592;0.2442;0.1966;RandomForest
46646;Sergio Herrera;727;Portero;2023;2024;2870;6.95625;43.78;60.05;ALTO;ALTO;MEDIO;ALTO;0.1847;0.3307;0.4846;RandomForest
46672;Rui Silva;543;Portero;2023;2024;2476;7.142857000000001;52.21;49.43;MEDIO;MEDIO;ALTO;MEDIO;0.2866;0.4045;0.3089;RandomForest
46673;Aarón Escandell;534;Portero;2023;2024;152;6.15;20.25;;;BAJO;BAJO;BAJO;0.4835;0.1797;0.3368;RandomForest
46755;David Gil;724;Portero;2023;2024;371;7.16;51.82;;;BAJO;BAJO;BAJO;0.5076;0.2905;0.2018;RandomForest
46870;Diego Mariño;723;Portero;2023;2024;90;6.9;30.07;;;BAJO;BAJO;MEDIO;0.5339;0.202;0.2641;RandomForest
46904;Fernando Martínez;723;Portero;2023;2024;360;6.85;31.44;;;BAJO;BAJO;MEDIO;0.5209;0.2477;0.2314;RandomForest
46987;Raúl Fernández;715;Portero;2023;2024;281;6.425;24.17;;;BAJO;BAJO;ALTO;0.4974;0.2504;0.2523;RandomForest
46990;Álvaro Valles;534;Portero;2023;2024;3264;7.156756;56.54;;;MEDIO;MEDIO;BAJO;0.1844;0.4359;0.3797;RandomForest
47153;Juan Carlos;547;Portero;2023;2024;0;;26.89;27.87;;BAJO;BAJO;BAJO;0.5828;0.2252;0.192;RandomForest
47247;David Soria;546;Portero;2023;2024;3414;7.094736;43.45;53.72;MEDIO;MEDIO;MEDIO;MEDIO;0.2741;0.4772;0.2486;RandomForest
47269;Álex Remiro;548;Portero;2023;2024;3276;7.14054;52.38;51.01;MEDIO;MEDIO;MEDIO;MEDIO;0.2135;0.4919;0.2946;RandomForest
47270;Unai Simón;531;Portero;2023;2024;3184;7.108333000000001;53.62;58.25;ALTO;ALTO;ALTO;ALTO;0.1202;0.2725;0.6073;RandomForest
47353;Antonio Sivera;542;Portero;2023;2024;3060;6.985294;42.52;48.64;MEDIO;MEDIO;ALTO;MEDIO;0.2828;0.4407;0.2765;RandomForest
47399;Iván Cuéllar;798;Portero;2023;2024;90;7.3;52.51;27.87;;BAJO;BAJO;BAJO;0.499;0.2043;0.2966;RandomForest
47400;Andriy Lunin;541;Portero;2023;2024;1890;7.15238;52.8;51.83;MEDIO;BAJO;BAJO;MEDIO;0.3894;0.3669;0.2437;RandomForest
47427;Iván Villar;538;Portero;2023;2024;1015;6.6;28.52;28.46;;BAJO;ALTO;BAJO;0.4933;0.2941;0.2126;RandomForest
47448;Aitor Fernández;727;Portero;2023;2024;550;6.614285;26.83;55.34;;BAJO;BAJO;BAJO;0.5098;0.2398;0.2504;RandomForest
47527;Stole Dimitrievski;532;Portero;2023;2024;6660;6.951351;41.72;22.29;;MEDIO;ALTO;MEDIO;0.186;0.4445;0.3695;RandomForest
47529;Miguel Ángel Morro;533;Portero;2023;2024;0;;26.09;27.02;;BAJO;BAJO;MEDIO;0.5948;0.2615;0.1437;RandomForest
61142;Dominik Greif;798;Portero;2023;2024;90;7.9;53.73;57.96;ALTO;BAJO;ALTO;ALTO;0.4483;0.1752;0.3765;RandomForest
104836;Adri López;715;Portero;2023;2024;0;;26.89;;;BAJO;BAJO;MEDIO;0.5618;0.2436;0.1946;RandomForest
116909;Marc Martínez;715;Portero;2023;2024;270;6.9;31.75;;;BAJO;BAJO;MEDIO;0.471;0.2502;0.2788;RandomForest
122471;Jesús Owono;542;Portero;2023;2024;360;7.3;55.0;32.97;BAJO;BAJO;BAJO;BAJO;0.5802;0.2079;0.2119;RandomForest
156488;Dani Cárdenas;728;Portero;2023;2024;90;6.3;21.54;32.3;BAJO;BAJO;BAJO;BAJO;0.6279;0.1909;0.1811;RandomForest
162533;Toni Fuidias;547;Portero;2023;2024;0;;26.89;;;BAJO;BAJO;MEDIO;0.5618;0.2436;0.1946;RandomForest
162585;Pol Tristan Jimenez;715;Portero;2023;2024;0;;26.09;27.4;;BAJO;BAJO;MEDIO;0.5948;0.2615;0.1437;RandomForest
163060;Adrián Rodríguez;542;Portero;2023;2024;0;;26.89;28.58;;BAJO;BAJO;MEDIO;0.5618;0.2436;0.1946;RandomForest
169256;Iker Álvarez;533;Portero;2023;2024;0;;26.47;27.02;;BAJO;BAJO;ALTO;0.587;0.2521;0.1609;RandomForest
179996;Francisco Vieites;543;Portero;2023;2024;314;7.2;52.32;39.72;;BAJO;ALTO;BAJO;0.5148;0.2667;0.2185;RandomForest
182657;Pablo Valencia;727;Portero;2023;2024;0;;26.89;27.87;;BAJO;BAJO;ALTO;0.5592;0.2442;0.1966;RandomForest
182664;Gaizka Ayesa;548;Portero;2023;2024;0;;26.52;;;BAJO;BAJO;ALTO;0.5888;0.2515;0.1598;RandomForest
183848;Julen Agirrezabala;531;Portero;2023;2024;236;6.85;30.81;40.92;BAJO;BAJO;BAJO;BAJO;0.5644;0.2034;0.2321;RandomForest
185075;Raúl García;538;Portero;2023;2024;0;;26.35;;;BAJO;BAJO;BAJO;0.588;0.2538;0.1582;RandomForest
189832;Unai Marrero;548;Portero;2023;2024;141;6.7;26.28;54.57;;BAJO;BAJO;BAJO;0.4833;0.1888;0.3279;RandomForest
189997;Mario de Luis;541;Portero;2023;2024;0;;26.29;;;BAJO;BAJO;MEDIO;0.5874;0.2561;0.1565;RandomForest
206260;Lucas Cañizares;541;Portero;2023;2024;0;;26.35;;;BAJO;BAJO;ALTO;0.5869;0.2537;0.1593;RandomForest
208198;Alex González;534;Portero;2023;2024;0;;26.89;;;BAJO;BAJO;MEDIO;0.5618;0.2436;0.1946;RandomForest
237252;Pere García;798;Portero;2023;2024;0;;26.29;27.25;;BAJO;BAJO;MEDIO;0.5874;0.2561;0.1565;RandomForest
286616;Filip Jörgensen;533;Portero;2023;2024;3240;7.211111;61.85;;;ALTO;MEDIO;ALTO;0.1807;0.3125;0.5068;RandomForest
286623;Coke Carrillo;538;Portero;2023;2024;0;;26.89;;;BAJO;BAJO;ALTO;0.5592;0.2442;0.1966;RandomForest
286795;César Fernández;538;Portero;2023;2024;0;;26.09;27.4;;BAJO;BAJO;MEDIO;0.5948;0.2615;0.1437;RandomForest
289826;Alejandro Quevedo;798;Portero;2023;2024;0;;26.09;;;BAJO;BAJO;MEDIO;0.5948;0.2615;0.1437;RandomForest
290686;Rafael Romero;536;Portero;2023;2024;0;;26.35;27.02;;BAJO;BAJO;ALTO;0.5869;0.2537;0.1593;RandomForest
308346;Alberto Flores;536;Portero;2023;2024;0;;26.89;27.87;;BAJO;BAJO;ALTO;0.5592;0.2442;0.1966;RandomForest
312468;Alex Padilla;531;Portero;2023;2024;0;;26.23;31.71;;BAJO;BAJO;MEDIO;0.5919;0.2641;0.144;RandomForest
327552;Nando Almodóvar;724;Portero;2023;2024;0;;26.09;;;BAJO;BAJO;MEDIO;0.5948;0.2615;0.1437;RandomForest
329663;Guilherme Fernandes;543;Portero;2023;2024;0;;26.52;27.87;;BAJO;BAJO;ALTO;0.5888;0.2515;0.1598;RandomForest
331330;Matías Árbol;536;Portero;2023;2024;0;;26.89;27.87;;BAJO;BAJO;ALTO;0.5592;0.2442;0.1966;RandomForest
333379;Antonio Gomis;530;Portero;2023;2024;0;;26.89;27.87;;BAJO;BAJO;ALTO;0.5592;0.2442;0.1966;RandomForest
334575;Diego Piñeiro;541;Portero;2023;2024;0;;26.89;;;BAJO;BAJO;MEDIO;0.5618;0.2436;0.1946;RandomForest
336653;Ander Astralaga;529;Portero;2023;2024;0;;26.89;27.87;;BAJO;BAJO;ALTO;0.5592;0.2442;0.1966;RandomForest
337843;Aitor Fraga;548;Portero;2023;2024;0;;26.89;27.87;;BAJO;BAJO;ALTO;0.5592;0.2442;0.1966;RandomForest
337963;Victor Wehbi Aznar;724;Portero;2023;2024;0;;26.42;;;BAJO;BAJO;ALTO;0.587;0.2521;0.1609;RandomForest
348029;Dimitrios Stamatakis;727;Portero;2023;2024;0;;26.58;27.57;;BAJO;BAJO;ALTO;0.5888;0.2515;0.1598;RandomForest
354550;Bruno Alemán;723;Portero;2023;2024;0;;26.09;;;BAJO;BAJO;MEDIO;0.5948;0.2615;0.1437;RandomForest
383647;Diego Kochen;529;Portero;2023;2024;0;;26.89;27.87;;BAJO;BAJO;ALTO;0.5592;0.2442;0.1966;RandomForest
386872;Sergio Mestre;530;Portero;2023;2024;0;;26.09;27.87;;BAJO;BAJO;MEDIO;0.5948;0.2615;0.1437;RandomForest
391311;Áron Yaakobishvili;529;Portero;2023;2024;0;;26.09;27.25;;BAJO;BAJO;MEDIO;0.5948;0.2615;0.1437;RandomForest
396475;Fran González;541;Portero;2023;2024;0;;26.89;20.85;;BAJO;BAJO;ALTO;0.5592;0.2442;0.1966;RandomForest
401983;Vicent Abril;532;Portero;2023;2024;0;;26.42;27.02;;BAJO;BAJO;ALTO;0.587;0.2521;0.1609;RandomForest
403241;Gaizka García;542;Portero;2023;2024;0;;26.23;;;BAJO;BAJO;MEDIO;0.5919;0.2641;0.144;RandomForest
412739;Fran Árbol;715;Portero;2023;2024;0;;26.23;;;BAJO;BAJO;MEDIO;0.5919;0.2641;0.144;RandomForest
432080;Jorge Benito;546;Portero;2023;2024;0;;26.89;27.25;;BAJO;BAJO;ALTO;0.5592;0.2442;0.1966;RandomForest
439032;Ruben Montero;542;Portero;2023;2024;0;;26.42;;;BAJO;BAJO;ALTO;0.587;0.2521;0.1609;RandomForest
440748;Alvaro Killane;534;Portero;2023;2024;0;;26.09;27.87;;BAJO;BAJO;MEDIO;0.5948;0.2615;0.1437;RandomForest
454491;Djordjije Medenica;546;Portero;2023;2024;0;;26.47;27.25;;BAJO;BAJO;ALTO;0.587;0.2521;0.1609;RandomForest
20;Axel Witsel;547;Defensa;2024;2025;1705;7.038460999999999;62.19;67.85;MEDIO;MEDIO;BAJO;MEDIO;0.2949;0.3878;0.3173;RandomForest
31;José María Giménez;530;Defensa;2024;2025;1994;6.97037;67.64;69.29;MEDIO;MEDIO;MEDIO;MEDIO;0.2569;0.386;0.3571;RandomForest
133;Clément Lenglet;530;Defensa;2024;2025;1976;7.1;76.57;56.95;BAJO;ALTO;ALTO;ALTO;0.1289;0.3031;0.568;RandomForest
166;Juan Foyth;533;Defensa;2024;2025;1517;7.194736;81.9;73.45;ALTO;ALTO;ALTO;ALTO;0.1819;0.3495;0.4686;RandomForest
258;Juan Bernat;546;Defensa;2024;2025;904;6.507142;42.63;;;BAJO;BAJO;BAJO;0.5534;0.3243;0.1223;RandomForest
314;Raúl Albiol;533;Defensa;2024;2025;1199;6.686666;41.32;;;BAJO;BAJO;MEDIO;0.6137;0.2772;0.1091;RandomForest
372;Éder Militão;541;Defensa;2024;2025;940;7.166666;86.1;83.31;ALTO;ALTO;ALTO;ALTO;0.1551;0.3341;0.5108;RandomForest
403;Matija Nastasić;537;Defensa;2024;2025;2112;6.842307;60.06;;;MEDIO;ALTO;BAJO;0.3714;0.4389;0.1897;RandomForest
433;Marcão;536;Defensa;2024;2025;565;6.54;33.97;53.43;BAJO;BAJO;BAJO;MEDIO;0.606;0.2823;0.1117;RandomForest
505;David Alaba;541;Defensa;2024;2025;316;6.714285000000001;38.7;45.18;;BAJO;BAJO;BAJO;0.5721;0.287;0.1409;RandomForest
531;Daley Blind;547;Defensa;2024;2025;2779;7.005882;78.47;72.56;MEDIO;ALTO;ALTO;MEDIO;0.092;0.3287;0.5793;RandomForest
536;Daley Sinkgraven;534;Defensa;2024;2025;90;6.8;42.82;;;BAJO;BAJO;ALTO;0.5632;0.2635;0.1732;RandomForest
619;Eric García;529;Defensa;2024;2025;1555;6.978570999999999;74.47;76.77;ALTO;ALTO;ALTO;MEDIO;0.2035;0.392;0.4044;RandomForest
653;Ferland Mendy;541;Defensa;2024;2025;1009;6.807142;51.93;15.55;;BAJO;BAJO;MEDIO;0.5398;0.3203;0.1399;RandomForest
733;Daniel Carvajal;541;Defensa;2024;2025;611;7.25;77.81;61.68;;MEDIO;MEDIO;BAJO;0.3011;0.4445;0.2544;RandomForest
736;Fran García;541;Defensa;2024;2025;2171;7.072413;75.55;42.67;;ALTO;ALTO;MEDIO;0.1327;0.3602;0.5071;RandomForest
737;Álvaro Odriozola;548;Defensa;2024;2025;41;6.449999999999999;23.63;64.75;;BAJO;BAJO;BAJO;0.6906;0.212;0.0974;RandomForest
740;Javi Sánchez;720;Defensa;2024;2025;2033;6.768;59.91;;;MEDIO;MEDIO;BAJO;0.3543;0.4213;0.2243;RandomForest
741;Jesús Vallejo;541;Defensa;2024;2025;136;6.7;31.74;;;BAJO;BAJO;BAJO;0.6079;0.2483;0.1438;RandomForest
757;Lucas Vázquez;541;Defensa;2024;2025;2192;7.054838;81.1;;;ALTO;ALTO;ALTO;0.1005;0.2893;0.6102;RandomForest
885;Eric Bailly;533;Defensa;2024;2025;618;6.545454;35.19;57.54;;BAJO;BAJO;MEDIO;0.5627;0.3029;0.1344;RandomForest
916;Mouctar Diakhaby;532;Defensa;2024;2025;659;7.066666;72.98;63.93;MEDIO;MEDIO;BAJO;BAJO;0.3102;0.4032;0.2865;RandomForest
918;José Luis Gayà;532;Defensa;2024;2025;1810;6.969565;76.19;50.62;BAJO;ALTO;ALTO;ALTO;0.1598;0.3772;0.4629;RandomForest
920;Toni Lato;798;Defensa;2024;2025;650;6.685714;38.17;34.55;;BAJO;BAJO;MEDIO;0.611;0.2845;0.1045;RandomForest
1257;Jules Koundé;529;Defensa;2024;2025;2516;7.190321999999999;86.38;78.67;ALTO;ALTO;ALTO;ALTO;0.0693;0.1405;0.7902;RandomForest
1264;Youssouf Sabaly;543;Defensa;2024;2025;1589;6.838095;58.31;;;BAJO;BAJO;BAJO;0.4988;0.3429;0.1583;RandomForest
1439;Héctor Bellerín;543;Defensa;2024;2025;578;6.855555;60.31;54.93;BAJO;BAJO;BAJO;BAJO;0.432;0.3987;0.1693;RandomForest
1482;Thierry Correia;532;Defensa;2024;2025;771;6.7299999999999995;63.7;50.66;BAJO;MEDIO;ALTO;ALTO;0.3144;0.3951;0.2905;RandomForest
1561;Marc Bartra;543;Defensa;2024;2025;2101;7.068;78.12;82.62;ALTO;ALTO;ALTO;MEDIO;0.1125;0.3283;0.5592;RandomForest
1631;Ricardo Rodríguez;543;Defensa;2024;2025;1279;6.852941;58.13;48.17;BAJO;BAJO;BAJO;BAJO;0.5265;0.3268;0.1467;RandomForest
1702;Alfonso Pedraza;533;Defensa;2024;2025;453;6.781818;56.85;71.86;MEDIO;BAJO;BAJO;BAJO;0.4621;0.3661;0.1718;RandomForest
1703;Andrei Rațiu;728;Defensa;2024;2025;3067;6.96;81.3;74.65;ALTO;ALTO;ALTO;MEDIO;0.1055;0.2809;0.6136;RandomForest
1738;Borna Barišić;537;Defensa;2024;2025;10;6.2;13.73;;;BAJO;BAJO;BAJO;0.5903;0.2512;0.1585;RandomForest
1926;Joseph Aidoo;720;Defensa;2024;2025;584;6.300000000000001;28.96;29.86;;BAJO;BAJO;BAJO;0.6283;0.2442;0.1274;RandomForest
2039;Juan Berrocal;546;Defensa;2024;2025;1076;6.557894;32.55;;;BAJO;BAJO;MEDIO;0.6324;0.2706;0.097;RandomForest
2042;Sergi Gómez;540;Defensa;2024;2025;670;6.691666;37.54;;;BAJO;BAJO;BAJO;0.5642;0.3059;0.1299;RandomForest
2054;Jesús Navas;536;Defensa;2024;2025;415;6.714285;50.07;;;BAJO;BAJO;MEDIO;0.4887;0.345;0.1663;RandomForest
2202;Hamari Traoré;548;Defensa;2024;2025;706;6.790909;53.09;20.75;;BAJO;BAJO;MEDIO;0.5494;0.2979;0.1527;RandomForest
2278;Marcos Alonso;538;Defensa;2024;2025;2655;7.077419;86.79;83.83;ALTO;ALTO;ALTO;ALTO;0.0475;0.1196;0.8329;RandomForest
2280;César Azpilicueta;530;Defensa;2024;2025;877;7.007142;66.04;60.97;MEDIO;BAJO;BAJO;MEDIO;0.3991;0.3975;0.2034;RandomForest
2282;Andreas Christensen;529;Defensa;2024;2025;252;6.74;42.02;48.2;;BAJO;BAJO;BAJO;0.5517;0.2969;0.1514;RandomForest
2285;Antonio Rüdiger;541;Defensa;2024;2025;2298;7.003448;73.32;63.75;MEDIO;ALTO;ALTO;MEDIO;0.137;0.3564;0.5067;RandomForest
2468;Gonzalo Montiel;536;Defensa;2024;2025;109;6.68;33.09;;;BAJO;BAJO;BAJO;0.5766;0.2855;0.1379;RandomForest
2575;Jackson Porozo;537;Defensa;2024;2025;0;;19.61;;;BAJO;BAJO;BAJO;0.6416;0.2363;0.1221;RandomForest
2670;Iñigo Martínez;529;Defensa;2024;2025;2493;7.277777;81.0;;;ALTO;ALTO;ALTO;0.0741;0.3054;0.6205;RandomForest
6168;Omar Alderete;546;Defensa;2024;2025;2978;7.032352;81.33;;;ALTO;ALTO;MEDIO;0.0855;0.303;0.6115;RandomForest
6233;Nahuel Tenaglia;542;Defensa;2024;2025;2924;7.141176;86.34;72.05;MEDIO;ALTO;ALTO;ALTO;0.0989;0.2272;0.6738;RandomForest
6503;Nahuel Molina;530;Defensa;2024;2025;1581;6.839999999999999;61.91;45.85;BAJO;BAJO;BAJO;BAJO;0.4499;0.352;0.1981;RandomForest
6638;Facundo Garcés;542;Defensa;2024;2025;676;6.77;45.73;51.3;BAJO;BAJO;BAJO;BAJO;0.5754;0.3041;0.1205;RandomForest
8718;Maximiliano Caufriez;532;Defensa;2024;2025;90;6.3;21.18;;;BAJO;BAJO;BAJO;0.6714;0.2275;0.101;RandomForest
10561;Henrique;720;Defensa;2024;2025;354;6.36;33.42;;;BAJO;BAJO;BAJO;0.5953;0.2645;0.1402;RandomForest
15900;Abdul Mumin;728;Defensa;2024;2025;2020;6.875;69.11;;;MEDIO;ALTO;MEDIO;0.2184;0.4317;0.3499;RandomForest
18794;Kiko Femenía;533;Defensa;2024;2025;4461;6.892857;68.27;60.09;MEDIO;MEDIO;MEDIO;MEDIO;0.2693;0.4698;0.2609;RandomForest
18867;Diego Rico;546;Defensa;2024;2025;2820;6.957574999999999;75.84;57.21;BAJO;ALTO;ALTO;ALTO;0.0802;0.3445;0.5753;RandomForest
18895;Florian Lejeune;728;Defensa;2024;2025;3326;7.113513000000001;84.6;73.57;ALTO;ALTO;ALTO;ALTO;0.0674;0.1757;0.7568;RandomForest
18896;Javier Manquillo;538;Defensa;2024;2025;520;6.47;31.02;;;BAJO;BAJO;BAJO;0.5545;0.3058;0.1397;RandomForest
19070;Max Aarons;532;Defensa;2024;2025;124;6.325;26.74;;;BAJO;BAJO;BAJO;0.6306;0.2393;0.1302;RandomForest
20520;Iván Balliu;728;Defensa;2024;2025;1225;6.668;40.22;45.79;;BAJO;BAJO;BAJO;0.5725;0.3211;0.1065;RandomForest
20600;Romain Perraud;543;Defensa;2024;2025;1998;6.660714;53.0;;;BAJO;BAJO;BAJO;0.4234;0.3944;0.1821;RandomForest
21584;Mihailo Ristić;538;Defensa;2024;2025;446;6.54;30.32;48.17;;BAJO;BAJO;BAJO;0.6241;0.2593;0.1165;RandomForest
21694;Nayef Aguerd;548;Defensa;2024;2025;1764;7.166666;83.71;;;ALTO;ALTO;ALTO;0.0641;0.2173;0.7186;RandomForest
21701;Valentin Rosier;537;Defensa;2024;2025;2592;6.934375;74.74;52.42;BAJO;ALTO;MEDIO;MEDIO;0.1613;0.4063;0.4324;RandomForest
21997;Logan Costa;533;Defensa;2024;2025;2585;6.915625;66.19;;;MEDIO;MEDIO;MEDIO;0.2496;0.4512;0.2991;RandomForest
22225;Reinildo Mandava;530;Defensa;2024;2025;950;6.668421;41.91;;;BAJO;BAJO;BAJO;0.5957;0.2959;0.1084;RandomForest
26302;Pablo Maffeo;798;Defensa;2024;2025;2376;6.973333;79.41;72.45;MEDIO;ALTO;MEDIO;MEDIO;0.1721;0.3995;0.4284;RandomForest
30770;Antonio Candela;720;Defensa;2024;2025;910;6.383333;37.04;;;BAJO;BAJO;BAJO;0.6134;0.2769;0.1096;RandomForest
30924;Marash Kumbulla;540;Defensa;2024;2025;2975;6.965714;74.34;42.13;;ALTO;ALTO;MEDIO;0.1364;0.361;0.5026;RandomForest
37639;Siebe Van Der Heyden;798;Defensa;2024;2025;96;6.55;29.06;;;BAJO;BAJO;BAJO;0.6105;0.2512;0.1383;RandomForest
40419;Aleksandar Sedlar;542;Defensa;2024;2025;600;6.666666;36.94;;;BAJO;BAJO;MEDIO;0.624;0.2736;0.1024;RandomForest
41976;Yvan Neyou;537;Defensa;2024;2025;4642;6.856666;70.86;22.72;;MEDIO;MEDIO;MEDIO;0.1404;0.466;0.3936;RandomForest
44811;Scott McKenna;534;Defensa;2024;2025;2467;6.703448;52.89;;;MEDIO;ALTO;BAJO;0.2871;0.405;0.3078;RandomForest
46652;Unai García;727;Defensa;2024;2025;64;6.3;20.42;;;BAJO;BAJO;BAJO;0.6989;0.2015;0.0996;RandomForest
46654;Aridane Hernández;728;Defensa;2024;2025;1024;6.942857;61.93;;;MEDIO;BAJO;MEDIO;0.3512;0.3792;0.2696;RandomForest
46657;Nacho Vidal;727;Defensa;2024;2025;120;6.38;26.56;56.59;BAJO;BAJO;BAJO;BAJO;0.6419;0.2442;0.1139;RandomForest
46709;Álvaro Tejero;540;Defensa;2024;2025;1257;6.803846;55.08;;;BAJO;BAJO;MEDIO;0.3981;0.385;0.2169;RandomForest
46733;Antonio Raíllo;798;Defensa;2024;2025;3209;7.136110999999999;80.98;67.38;MEDIO;ALTO;ALTO;ALTO;0.0812;0.2179;0.7009;RandomForest
46734;Pablo Ramón;540;Defensa;2024;2025;0;;19.61;20.75;;BAJO;BAJO;BAJO;0.6416;0.2363;0.1221;RandomForest
46738;Martin Valjent;798;Defensa;2024;2025;2765;6.967741;72.35;55.06;BAJO;ALTO;MEDIO;BAJO;0.2091;0.3506;0.4403;RandomForest
46759;Alfonso Espino;728;Defensa;2024;2025;841;6.75625;54.52;52.16;BAJO;BAJO;BAJO;MEDIO;0.5072;0.352;0.1408;RandomForest
46764;Brian Oliván;540;Defensa;2024;2025;1016;6.7;45.65;;;BAJO;BAJO;BAJO;0.5288;0.3405;0.1307;RandomForest
46795;Domingos Duarte;546;Defensa;2024;2025;1869;6.863636;56.25;44.79;BAJO;BAJO;BAJO;BAJO;0.5024;0.3378;0.1598;RandomForest
46813;Abdelkabir Abqar;542;Defensa;2024;2025;2467;6.772413;59.66;72.42;MEDIO;MEDIO;BAJO;ALTO;0.2823;0.4436;0.2741;RandomForest
46849;Javier Hernández;537;Defensa;2024;2025;2391;6.658064;51.64;;;BAJO;BAJO;MEDIO;0.4452;0.4056;0.1492;RandomForest
46967;Juan Cruz;727;Defensa;2024;2025;1424;6.626085999999999;35.07;36.78;BAJO;BAJO;BAJO;MEDIO;0.6014;0.2941;0.1046;RandomForest
47052;Álex Muñoz;534;Defensa;2024;2025;1420;6.804761000000001;57.38;;;BAJO;MEDIO;MEDIO;0.4743;0.3878;0.138;RandomForest
47078;Luis Pérez;720;Defensa;2024;2025;2558;6.736665999999999;60.55;;;MEDIO;BAJO;MEDIO;0.3837;0.4037;0.2126;RandomForest
47080;Jorge Sáenz;537;Defensa;2024;2025;1691;7.021739;72.03;;;MEDIO;MEDIO;MEDIO;0.2484;0.4052;0.3464;RandomForest
47119;Aitor Ruibal;543;Defensa;2024;2025;1307;6.748275;59.22;73.58;MEDIO;BAJO;BAJO;ALTO;0.4162;0.4029;0.1809;RandomForest
47249;Leandro Cabrera;540;Defensa;2024;2025;2870;6.987877999999999;75.6;72.66;MEDIO;ALTO;ALTO;BAJO;0.1355;0.3166;0.5479;RandomForest
47250;Djené;546;Defensa;2024;2025;2553;6.72258;50.04;53.61;BAJO;BAJO;BAJO;MEDIO;0.5156;0.3301;0.1543;RandomForest
47251;Dimitri Foulquier;532;Defensa;2024;2025;2297;6.703125;54.23;46.29;BAJO;BAJO;BAJO;BAJO;0.4152;0.3744;0.2104;RandomForest
47271;Yeray Álvarez;531;Defensa;2024;2025;1788;7.104761;77.33;;;ALTO;ALTO;ALTO;0.1258;0.3028;0.5714;RandomForest
47273;Yuri Berchiche;531;Defensa;2024;2025;2048;6.975;72.54;78.57;ALTO;ALTO;MEDIO;MEDIO;0.1634;0.3847;0.452;RandomForest
47275;Óscar de Marcos;531;Defensa;2024;2025;1562;6.868;59.08;;;BAJO;BAJO;BAJO;0.4242;0.37;0.2058;RandomForest
47276;Íñigo Lekue;531;Defensa;2024;2025;768;6.671428;40.21;37.54;;BAJO;BAJO;MEDIO;0.5895;0.2892;0.1213;RandomForest
47277;Unai Núñez;538;Defensa;2024;2025;1289;7.011111;59.8;;;BAJO;BAJO;MEDIO;0.4256;0.3386;0.2357;RandomForest
47278;Daniel Vivian;531;Defensa;2024;2025;2604;7.128125000000001;83.01;55.34;BAJO;ALTO;ALTO;ALTO;0.0864;0.2262;0.6873;RandomForest
47298;Aritz Elustondo;548;Defensa;2024;2025;1463;6.640909;42.58;33.4;;BAJO;BAJO;MEDIO;0.5921;0.3026;0.1053;RandomForest
47299;Andoni Gorosabel;531;Defensa;2024;2025;1490;6.91;64.6;41.22;BAJO;BAJO;BAJO;MEDIO;0.4439;0.3582;0.198;RandomForest
47301;Robin Le Normand;530;Defensa;2024;2025;2153;6.866666;63.88;59.68;MEDIO;MEDIO;ALTO;ALTO;0.3038;0.3961;0.3001;RandomForest
47302;Diego Llorente;543;Defensa;2024;2025;2521;7.0;79.19;60.66;;ALTO;ALTO;ALTO;0.0986;0.2793;0.6221;RandomForest
47303;Aihen Muñoz;548;Defensa;2024;2025;1104;6.695;44.79;42.15;BAJO;BAJO;BAJO;MEDIO;0.6164;0.2801;0.1035;RandomForest
47314;Igor Zubeldia;548;Defensa;2024;2025;2273;6.789285;64.59;52.99;BAJO;MEDIO;ALTO;ALTO;0.2579;0.3902;0.3518;RandomForest
47329;Adrià Pedrosa;536;Defensa;2024;2025;2303;6.841935;67.63;44.71;BAJO;MEDIO;MEDIO;MEDIO;0.3358;0.4241;0.2401;RandomForest
47334;David López;547;Defensa;2024;2025;2429;6.913793;69.3;36.97;;MEDIO;ALTO;MEDIO;0.2444;0.3863;0.3693;RandomForest
47391;Rubén Peña;727;Defensa;2024;2025;763;6.508333;37.94;;;BAJO;BAJO;MEDIO;0.6257;0.2761;0.0981;RandomForest
47407;Allan Nyom;546;Defensa;2024;2025;882;6.655555;46.5;34.18;;BAJO;BAJO;BAJO;0.5001;0.3849;0.115;RandomForest
47478;Fernando Calero;540;Defensa;2024;2025;738;6.742856999999999;48.76;66.25;MEDIO;BAJO;BAJO;BAJO;0.5956;0.2901;0.1143;RandomForest
47511;Juanpe;547;Defensa;2024;2025;739;6.781818000000001;45.44;;;BAJO;BAJO;MEDIO;0.5117;0.3437;0.1446;RandomForest
47514;Valery Fernández;798;Defensa;2024;2025;294;6.5875;34.53;;;BAJO;BAJO;BAJO;0.578;0.2948;0.1273;RandomForest
47533;Alejandro Catena;727;Defensa;2024;2025;2986;7.085293999999999;81.0;77.78;ALTO;ALTO;ALTO;MEDIO;0.0749;0.2538;0.6713;RandomForest
47566;Javi Galán;530;Defensa;2024;2025;1791;6.832;61.8;65.33;MEDIO;MEDIO;BAJO;ALTO;0.3151;0.4231;0.2619;RandomForest
47988;Carl Starfelt;538;Defensa;2024;2025;2271;6.964285;71.5;69.4;MEDIO;ALTO;ALTO;MEDIO;0.1196;0.3739;0.5065;RandomForest
48372;Eray Cömert;720;Defensa;2024;2025;1782;6.5;43.51;58.64;;BAJO;BAJO;BAJO;0.5463;0.3211;0.1326;RandomForest
56283;Lucas Rosa;720;Defensa;2024;2025;1890;6.714285;63.11;;;MEDIO;ALTO;ALTO;0.2381;0.449;0.3129;RandomForest
64256;Andy Pelmard;534;Defensa;2024;2025;205;6.9;52.66;;;BAJO;BAJO;BAJO;0.5333;0.3009;0.1658;RandomForest
64268;Johan Mojica;798;Defensa;2024;2025;2753;6.763888;61.87;67.39;MEDIO;MEDIO;MEDIO;BAJO;0.3105;0.4016;0.2879;RandomForest
64309;Manuel Sánchez;542;Defensa;2024;2025;2646;6.696968999999999;54.49;55.99;BAJO;MEDIO;MEDIO;MEDIO;0.2911;0.4352;0.2737;RandomForest
66407;Ladislav Krejčí;547;Defensa;2024;2025;2439;6.892856999999999;71.63;21.75;;ALTO;ALTO;ALTO;0.2679;0.3335;0.3986;RandomForest
70476;Moussa Diarra;542;Defensa;2024;2025;1879;6.604000000000001;44.15;29.99;;BAJO;BAJO;MEDIO;0.5611;0.3135;0.1254;RandomForest
70500;Sergi Cardona;533;Defensa;2024;2025;2955;7.108571;82.83;55.91;BAJO;ALTO;ALTO;ALTO;0.0638;0.315;0.6212;RandomForest
72048;Cenk Özkaçar;532;Defensa;2024;2025;1511;6.75;37.53;;;BAJO;BAJO;BAJO;0.5664;0.3118;0.1218;RandomForest
101814;Ronald Araújo;529;Defensa;2024;2025;759;7.1;72.57;68.55;MEDIO;MEDIO;MEDIO;MEDIO;0.2793;0.4774;0.2433;RandomForest
108519;Mateu Morey;798;Defensa;2024;2025;763;6.526665999999999;40.49;43.96;BAJO;BAJO;BAJO;MEDIO;0.6208;0.2851;0.0942;RandomForest
119742;Juan Iglesias;546;Defensa;2024;2025;2890;6.87027;69.04;67.8;MEDIO;MEDIO;MEDIO;ALTO;0.1926;0.5009;0.3066;RandomForest
123047;Sergio González;537;Defensa;2024;2025;2961;6.872222;68.02;;;MEDIO;MEDIO;MEDIO;0.2801;0.4443;0.2756;RandomForest
129657;Enric Franquesa;537;Defensa;2024;2025;614;6.65;51.6;;;BAJO;BAJO;BAJO;0.5854;0.291;0.1236;RandomForest
131492;Aritz Arambarri;537;Defensa;2024;2025;178;6.6;27.72;;;BAJO;BAJO;BAJO;0.6077;0.2622;0.1301;RandomForest
131535;Alex Suárez;534;Defensa;2024;2025;2469;6.656666;46.38;;;BAJO;BAJO;MEDIO;0.4676;0.3746;0.1578;RandomForest
133110;Tanguy Nianzou;536;Defensa;2024;2025;520;6.966666;65.45;37.49;;MEDIO;BAJO;MEDIO;0.3196;0.4472;0.2332;RandomForest
157988;Sergio Carreira;538;Defensa;2024;2025;1657;6.852173;62.43;75.78;ALTO;BAJO;BAJO;BAJO;0.4562;0.3586;0.1851;RandomForest
161842;Alejandro Jay;542;Defensa;2024;2025;0;;19.61;;;BAJO;BAJO;BAJO;0.6416;0.2363;0.1221;RandomForest
161928;Alejandro Balde;529;Defensa;2024;2025;2209;6.909677;71.67;68.49;MEDIO;ALTO;ALTO;MEDIO;0.2822;0.3526;0.3653;RandomForest
161931;Arnau Solà;533;Defensa;2024;2025;12;6.7;27.53;;;BAJO;BAJO;BAJO;0.6175;0.241;0.1415;RandomForest
162026;Marvin Park;534;Defensa;2024;2025;1029;6.565217;38.86;;;BAJO;BAJO;BAJO;0.6174;0.2885;0.0941;RandomForest
162032;Miguel Gutiérrez;547;Defensa;2024;2025;2464;7.0586199999999995;83.59;;;ALTO;ALTO;ALTO;0.0688;0.199;0.7322;RandomForest
162122;Adrià Altimira;537;Defensa;2024;2025;1646;6.727272;53.76;50.3;;MEDIO;BAJO;BAJO;0.4066;0.4224;0.171;RandomForest
162175;Jesús Vázquez;532;Defensa;2024;2025;928;6.617647;41.98;54.21;BAJO;BAJO;BAJO;BAJO;0.613;0.2907;0.0963;RandomForest
162434;Alejandro Francés;547;Defensa;2024;2025;1183;6.817647;54.35;55.16;BAJO;BAJO;BAJO;MEDIO;0.5648;0.3099;0.1253;RandomForest
162475;Mika Mármol;534;Defensa;2024;2025;2399;6.78;57.83;;;MEDIO;MEDIO;MEDIO;0.2837;0.4751;0.2412;RandomForest
162712;Óscar Mingueza;538;Defensa;2024;2025;2741;7.115151;83.99;78.27;ALTO;ALTO;ALTO;ALTO;0.0635;0.1791;0.7574;RandomForest
163013;Iker Bachiller;537;Defensa;2024;2025;0;;19.61;;;BAJO;BAJO;BAJO;0.6416;0.2363;0.1221;RandomForest
174918;Loïc Badé;536;Defensa;2024;2025;2687;6.8500000000000005;71.32;;;MEDIO;ALTO;ALTO;0.2503;0.4101;0.3395;RandomForest
181259;Abel Bretones;727;Defensa;2024;2025;2075;6.72647;60.61;72.48;MEDIO;MEDIO;BAJO;BAJO;0.3936;0.4025;0.2039;RandomForest
181582;José Copete;798;Defensa;2024;2025;1537;6.83913;59.42;59.47;MEDIO;BAJO;BAJO;MEDIO;0.4751;0.3488;0.1761;RandomForest
181701;Gerard Martín;529;Defensa;2024;2025;1034;6.804545;55.75;75.27;ALTO;BAJO;BAJO;BAJO;0.5178;0.3311;0.1511;RandomForest
181734;Josep Chavarría;728;Defensa;2024;2025;2589;6.897058;68.14;73.56;ALTO;MEDIO;MEDIO;MEDIO;0.3222;0.3984;0.2794;RandomForest
182181;Jesús Areso;727;Defensa;2024;2025;3088;6.782857;59.11;58.81;BAJO;MEDIO;BAJO;MEDIO;0.3264;0.4295;0.2441;RandomForest
182546;Jon Pacheco;548;Defensa;2024;2025;851;6.65;37.53;55.3;BAJO;BAJO;BAJO;BAJO;0.6184;0.2769;0.1047;RandomForest
182592;Jorge Herrando;727;Defensa;2024;2025;1363;6.794117000000001;51.35;48.71;BAJO;BAJO;BAJO;BAJO;0.5176;0.3466;0.1358;RandomForest
182636;Javi López;548;Defensa;2024;2025;1939;6.565517000000001;44.76;43.67;BAJO;BAJO;BAJO;BAJO;0.6089;0.2946;0.0965;RandomForest
183849;Aitor Paredes;531;Defensa;2024;2025;1814;6.830434;54.87;64.93;MEDIO;BAJO;BAJO;MEDIO;0.4493;0.4034;0.1473;RandomForest
184420;Carlos Romero;533;Defensa;2024;2025;5117;6.9;74.64;87.44;ALTO;MEDIO;MEDIO;MEDIO;0.178;0.4796;0.3424;RandomForest
192439;David Arguelles;546;Defensa;2024;2025;6;6.7;24.35;;;BAJO;BAJO;BAJO;0.6059;0.2574;0.1367;RandomForest
195100;Natan;543;Defensa;2024;2025;2168;6.875;66.42;62.02;MEDIO;MEDIO;ALTO;MEDIO;0.2829;0.4028;0.3143;RandomForest
195923;José Ángel Carmona;536;Defensa;2024;2025;2954;6.871428;72.04;72.16;MEDIO;ALTO;ALTO;ALTO;0.2142;0.3842;0.4017;RandomForest
197196;Ramón Martínez;536;Defensa;2024;2025;261;6.92;59.37;24.14;;BAJO;BAJO;BAJO;0.4693;0.3293;0.2014;RandomForest
199044;Jon Aramburu;548;Defensa;2024;2025;2471;6.828571;65.64;67.71;MEDIO;MEDIO;ALTO;ALTO;0.2145;0.4366;0.3489;RandomForest
270973;Lucas Alcazar;543;Defensa;2024;2025;0;;19.61;;;BAJO;BAJO;BAJO;0.6416;0.2363;0.1221;RandomForest
279822;Flavien Boyomo;727;Defensa;2024;2025;3213;6.893939;60.94;72.79;ALTO;MEDIO;ALTO;MEDIO;0.3574;0.4432;0.1994;RandomForest
283668;Arnau Martínez;547;Defensa;2024;2025;2640;6.946875;76.57;68.12;MEDIO;ALTO;ALTO;MEDIO;0.1574;0.3012;0.5414;RandomForest
286559;Carlos Domínguez;538;Defensa;2024;2025;1187;6.88125;60.91;56.93;;BAJO;BAJO;MEDIO;0.4256;0.3623;0.212;RandomForest
286561;Sergio Arribas;543;Defensa;2024;2025;90;7.7;57.94;;;BAJO;BAJO;BAJO;0.549;0.2623;0.1887;RandomForest
286601;Omar El Hilali;540;Defensa;2024;2025;3159;6.958333;72.28;63.47;MEDIO;ALTO;MEDIO;MEDIO;0.1357;0.4246;0.4398;RandomForest
288112;Willy Kambwala;533;Defensa;2024;2025;1114;6.663157;45.96;;;BAJO;BAJO;MEDIO;0.6045;0.2835;0.112;RandomForest
295383;Adrián Pica;542;Defensa;2024;2025;496;6.788888000000001;46.53;;;BAJO;BAJO;BAJO;0.5408;0.324;0.1352;RandomForest
296757;Jon Balda;548;Defensa;2024;2025;0;;19.61;;;BAJO;BAJO;BAJO;0.6416;0.2363;0.1221;RandomForest
297311;Kike Salas;536;Defensa;2024;2025;2236;6.97;75.11;78.33;ALTO;ALTO;ALTO;MEDIO;0.123;0.2945;0.5824;RandomForest
298064;David Torres;720;Defensa;2024;2025;1386;6.594444;39.58;;;BAJO;BAJO;BAJO;0.6471;0.2566;0.0963;RandomForest
311773;Santiago Mouriño;542;Defensa;2024;2025;1847;6.965217;69.82;78.12;ALTO;ALTO;ALTO;MEDIO;0.1886;0.3757;0.4357;RandomForest
313168;Ferrán Ruiz;547;Defensa;2024;2025;17;6.9;42.35;;;BAJO;BAJO;BAJO;0.6153;0.2471;0.1375;RandomForest
313196;Joao Urbáez;537;Defensa;2024;2025;0;;19.61;;;BAJO;BAJO;BAJO;0.6416;0.2363;0.1221;RandomForest
313562;Eneko Ortiz;542;Defensa;2024;2025;0;;19.61;;;BAJO;BAJO;BAJO;0.6416;0.2363;0.1221;RandomForest
315701;Rubén Iranzo;532;Defensa;2024;2025;0;;19.61;26.77;;BAJO;BAJO;BAJO;0.6416;0.2363;0.1221;RandomForest
325415;Nabil Aberdin;546;Defensa;2024;2025;270;6.64;36.94;;;BAJO;BAJO;MEDIO;0.5898;0.2753;0.135;RandomForest
325785;Rudy Kohon;543;Defensa;2024;2025;0;;19.61;;;BAJO;BAJO;BAJO;0.6416;0.2363;0.1221;RandomForest
327496;Rodrigo Abajas;532;Defensa;2024;2025;66;6.2;24.24;;;BAJO;BAJO;BAJO;0.6633;0.226;0.1107;RandomForest
329722;Yoel Lago;538;Defensa;2024;2025;583;6.6625;43.95;45.94;;BAJO;BAJO;BAJO;0.5753;0.2973;0.1274;RandomForest
330436;David Jiménez;541;Defensa;2024;2025;0;;19.61;13.78;;BAJO;BAJO;BAJO;0.6416;0.2363;0.1221;RandomForest
330443;Ismael Sierra Arnal;543;Defensa;2024;2025;0;;19.61;20.75;;BAJO;BAJO;BAJO;0.6416;0.2363;0.1221;RandomForest
332304;Raúl Chasco;720;Defensa;2024;2025;258;6.3;22.17;20.75;;BAJO;BAJO;BAJO;0.6213;0.2635;0.1151;RandomForest
332305;Unai Eguíluz;531;Defensa;2024;2025;0;;19.61;;;BAJO;BAJO;BAJO;0.6416;0.2363;0.1221;RandomForest
333292;Pelayo Fernández;728;Defensa;2024;2025;104;6.799999999999999;35.61;25.42;;BAJO;BAJO;BAJO;0.6425;0.2354;0.1221;RandomForest
333373;Gorka Rivera;546;Defensa;2024;2025;19;6.2;19.95;;;BAJO;BAJO;BAJO;0.6607;0.2359;0.1035;RandomForest
333672;César Tárrega;532;Defensa;2024;2025;3027;6.8999999999999995;73.28;60.52;MEDIO;MEDIO;ALTO;ALTO;0.2528;0.4021;0.3451;RandomForest
333682;Cristhian Mosquera;532;Defensa;2024;2025;3320;6.848648;64.94;;;MEDIO;ALTO;MEDIO;0.2463;0.4516;0.3021;RandomForest
334573;Tincho Conde;538;Defensa;2024;2025;0;;19.61;;;BAJO;BAJO;BAJO;0.6416;0.2363;0.1221;RandomForest
335037;Diego Hormigo;536;Defensa;2024;2025;38;6.2;20.91;;;BAJO;BAJO;BAJO;0.666;0.2197;0.1143;RandomForest
335057;Darío Benavides;536;Defensa;2024;2025;13;6.200000000000001;14.35;;;BAJO;BAJO;BAJO;0.5985;0.2475;0.1541;RandomForest
335697;David López;798;Defensa;2024;2025;0;;31.95;23.96;;BAJO;BAJO;BAJO;0.5576;0.2818;0.1605;RandomForest
336560;Alex Valle;529;Defensa;2024;2025;0;;19.61;;;BAJO;BAJO;BAJO;0.6416;0.2363;0.1221;RandomForest
336637;Antonio Espigares;533;Defensa;2024;2025;0;;19.61;;;BAJO;BAJO;BAJO;0.6416;0.2363;0.1221;RandomForest
336988;Lorenzo Aguado;541;Defensa;2024;2025;3;0.0;14.18;;;BAJO;ALTO;BAJO;0.5944;0.2453;0.1603;RandomForest
336998;Adama Boiro;531;Defensa;2024;2025;1104;6.588888;36.77;30.96;;BAJO;BAJO;BAJO;0.6393;0.27;0.0907;RandomForest
337955;Lalo Aguilar;537;Defensa;2024;2025;0;;19.61;;;BAJO;BAJO;BAJO;0.6416;0.2363;0.1221;RandomForest
338508;Ilias Kostis;530;Defensa;2024;2025;0;;19.61;20.75;;BAJO;BAJO;BAJO;0.6416;0.2363;0.1221;RandomForest
338902;Andres Castrin;536;Defensa;2024;2025;0;;19.61;69.75;MEDIO;BAJO;BAJO;BAJO;0.6416;0.2363;0.1221;RandomForest
341453;Oso;536;Defensa;2024;2025;0;;19.61;53.48;BAJO;BAJO;BAJO;BAJO;0.6416;0.2363;0.1221;RandomForest
341640;Raúl Asencio;541;Defensa;2024;2025;1671;6.9954540000000005;74.99;73.11;ALTO;ALTO;ALTO;ALTO;0.1853;0.3233;0.4914;RandomForest
343001;Sebas Wade;798;Defensa;2024;2025;0;;19.61;;;BAJO;BAJO;BAJO;0.6416;0.2363;0.1221;RandomForest
349063;Luken Beitia;548;Defensa;2024;2025;7;6.9;42.57;20.75;;BAJO;BAJO;BAJO;0.6281;0.2561;0.1158;RandomForest
351127;Xavier Pleguezuelo;543;Defensa;2024;2025;0;;19.61;;;BAJO;BAJO;BAJO;0.6416;0.2363;0.1221;RandomForest
351874;Luca Lohr;546;Defensa;2024;2025;0;;19.61;;;BAJO;BAJO;BAJO;0.6416;0.2363;0.1221;RandomForest
352859;Guillem Trilla;546;Defensa;2024;2025;0;;19.61;;;BAJO;BAJO;BAJO;0.6416;0.2363;0.1221;RandomForest
355327;Jose Luis Catala;540;Defensa;2024;2025;0;;19.61;;;BAJO;BAJO;BAJO;0.6416;0.2363;0.1221;RandomForest
358431;Nobel Mendy;543;Defensa;2024;2025;107;6.2;23.02;53.07;BAJO;BAJO;BAJO;BAJO;0.648;0.2294;0.1225;RandomForest
361384;Youssef Enriquez Lekhedim;541;Defensa;2024;2025;0;;19.61;47.67;BAJO;BAJO;BAJO;BAJO;0.6416;0.2363;0.1221;RandomForest
361385;Yarek Gasiorowski;532;Defensa;2024;2025;956;6.813333;49.33;;;BAJO;BAJO;MEDIO;0.5336;0.3244;0.1419;RandomForest
361386;Koke Iglesias;720;Defensa;2024;2025;0;;19.61;;;BAJO;BAJO;BAJO;0.6416;0.2363;0.1221;RandomForest
381599;Iñaki Rupérez;548;Defensa;2024;2025;0;;19.61;;;BAJO;BAJO;BAJO;0.6416;0.2363;0.1221;RandomForest
384135;Javi Rodríguez;538;Defensa;2024;2025;2513;6.891665999999999;71.76;60.62;MEDIO;MEDIO;ALTO;MEDIO;0.2911;0.363;0.3459;RandomForest
386305;Jacobo Ramón;541;Defensa;2024;2025;203;6.966665999999999;58.55;;;BAJO;BAJO;BAJO;0.4517;0.3604;0.188;RandomForest
386859;Hector Fort;529;Defensa;2024;2025;596;6.73125;41.69;64.91;;BAJO;BAJO;MEDIO;0.551;0.3116;0.1374;RandomForest
396623;Pau Cubarsí;529;Defensa;2024;2025;2620;6.962857;68.34;75.15;ALTO;ALTO;ALTO;MEDIO;0.1253;0.3652;0.5095;RandomForest
396624;Sergi Domínguez;529;Defensa;2024;2025;173;6.533333;25.67;;;BAJO;BAJO;BAJO;0.6124;0.2508;0.1368;RandomForest
402280;Antal Yaakobishvili;547;Defensa;2024;2025;0;;19.61;;;BAJO;BAJO;BAJO;0.6416;0.2363;0.1221;RandomForest
404415;José Ángel López;540;Defensa;2024;2025;0;;19.61;;;BAJO;BAJO;BAJO;0.6416;0.2363;0.1221;RandomForest
405073;Jon Martin;548;Defensa;2024;2025;900;6.984615;61.08;70.65;MEDIO;MEDIO;BAJO;MEDIO;0.3556;0.4193;0.2252;RandomForest
412699;Alexis Olmedo;529;Defensa;2024;2025;0;;19.61;;;BAJO;BAJO;BAJO;0.6416;0.2363;0.1221;RandomForest
421044;Iñigo Arguibide;727;Defensa;2024;2025;0;;19.61;27.76;;BAJO;BAJO;BAJO;0.6416;0.2363;0.1221;RandomForest
431890;Juanma Herzog;534;Defensa;2024;2025;1316;6.805263000000001;51.33;;;BAJO;BAJO;MEDIO;0.5051;0.3525;0.1425;RandomForest
431921;Adam Aznou;720;Defensa;2024;2025;876;6.623075999999999;55.42;;;MEDIO;MEDIO;BAJO;0.3001;0.4525;0.2475;RandomForest
433395;Álvaro Cortés;529;Defensa;2024;2025;0;;19.61;;;BAJO;BAJO;BAJO;0.6416;0.2363;0.1221;RandomForest
435552;Pau Navarro;533;Defensa;2024;2025;917;6.65625;37.0;59.46;MEDIO;BAJO;BAJO;BAJO;0.5945;0.2969;0.1086;RandomForest
438131;Egoitz Muñoz;542;Defensa;2024;2025;0;;19.61;20.75;;BAJO;BAJO;BAJO;0.6416;0.2363;0.1221;RandomForest
439614;Iago Parente;720;Defensa;2024;2025;72;6.7;31.11;;;BAJO;BAJO;BAJO;0.6264;0.2405;0.1331;RandomForest
439617;Ismael Bekhoucha;546;Defensa;2024;2025;77;6.325;27.27;45.8;;BAJO;BAJO;BAJO;0.6563;0.236;0.1077;RandomForest
439994;Pablo Busto;543;Defensa;2024;2025;0;;19.61;;;BAJO;BAJO;BAJO;0.6416;0.2363;0.1221;RandomForest
440428;Ander Izagirre;531;Defensa;2024;2025;0;;19.61;;;BAJO;BAJO;BAJO;0.6416;0.2363;0.1221;RandomForest
441244;Andrés Cuenca;529;Defensa;2024;2025;0;;19.61;;;BAJO;BAJO;BAJO;0.6416;0.2363;0.1221;RandomForest
441280;Gerónimo Spina;530;Defensa;2024;2025;0;;19.61;;;BAJO;BAJO;BAJO;0.6416;0.2363;0.1221;RandomForest
442188;Iker Cordoba;532;Defensa;2024;2025;13;6.450000000000001;20.84;;;BAJO;BAJO;BAJO;0.6379;0.2384;0.1237;RandomForest
446061;Landry Farré;529;Defensa;2024;2025;0;;19.61;;;BAJO;BAJO;BAJO;0.6416;0.2363;0.1221;RandomForest
449509;Abdulay Juma Bah;720;Defensa;2024;2025;873;6.766666;56.32;;;BAJO;BAJO;BAJO;0.4921;0.3453;0.1626;RandomForest
450716;Roger Hinojo;540;Defensa;2024;2025;8;6.2;16.59;20.75;;BAJO;BAJO;BAJO;0.5945;0.2284;0.1771;RandomForest
451355;Diego Aguado;541;Defensa;2024;2025;0;;19.61;20.75;;BAJO;BAJO;BAJO;0.6416;0.2363;0.1221;RandomForest
456014;Mario Rivas;541;Defensa;2024;2025;0;;19.61;;;BAJO;BAJO;BAJO;0.6416;0.2363;0.1221;RandomForest
469405;Sergio Lozano;728;Defensa;2024;2025;0;;19.61;;;BAJO;BAJO;BAJO;0.6416;0.2363;0.1221;RandomForest
478243;Marco de las Sias;728;Defensa;2024;2025;0;;19.61;20.75;;BAJO;BAJO;BAJO;0.6416;0.2363;0.1221;RandomForest
481993;Valentin Pezzolesi;534;Defensa;2024;2025;5;4.2;13.1;;;BAJO;BAJO;BAJO;0.5879;0.2535;0.1586;RandomForest
490779;Víctor Valdepeñas;541;Defensa;2024;2025;0;;19.61;34.68;;BAJO;BAJO;BAJO;0.6416;0.2363;0.1221;RandomForest
23;Sergio Gómez;548;Delantero;2024;2025;2743;7.113513;83.03;74.52;MEDIO;ALTO;ALTO;ALTO;0.0731;0.2108;0.7161;RandomForest
52;Sergio Camello;728;Delantero;2024;2025;1138;6.830434;67.16;39.35;BAJO;BAJO;MEDIO;BAJO;0.4762;0.3774;0.1465;RandomForest
53;Ángel Correa;530;Delantero;2024;2025;796;6.7161290000000005;55.62;;;BAJO;BAJO;MEDIO;0.6044;0.31;0.0856;RandomForest
56;Antoine Griezmann;530;Delantero;2024;2025;2478;7.192105;79.81;70.78;MEDIO;ALTO;ALTO;ALTO;0.0812;0.2479;0.671;RandomForest
83;Arnaut Danjuma;547;Delantero;2024;2025;1548;6.792;57.16;71.85;MEDIO;MEDIO;MEDIO;MEDIO;0.3716;0.4399;0.1886;RandomForest
155;Abel Ruíz;547;Delantero;2024;2025;1357;6.599999999999999;47.7;25.56;;BAJO;BAJO;BAJO;0.6469;0.2771;0.076;RandomForest
278;Kylian Mbappé;541;Delantero;2024;2025;2917;7.7176469999999995;85.09;85.61;ALTO;ALTO;ALTO;ALTO;0.0321;0.0853;0.8826;RandomForest
521;Robert Lewandowski;529;Delantero;2024;2025;2659;7.284848;79.1;68.15;MEDIO;MEDIO;MEDIO;MEDIO;0.2216;0.4452;0.3333;RandomForest
668;Nabil Fekir;543;Delantero;2024;2025;180;6.9;56.33;;;BAJO;BAJO;MEDIO;0.4803;0.3398;0.1799;RandomForest
762;Vinícius Júnior;541;Delantero;2024;2025;2257;7.373332999999999;87.34;88.73;ALTO;ALTO;ALTO;ALTO;0.0434;0.1257;0.8309;RandomForest
931;Ferran Torres;529;Delantero;2024;2025;1042;7.084;75.38;73.08;MEDIO;MEDIO;MEDIO;MEDIO;0.2737;0.4478;0.2784;RandomForest
1496;Raphinha;529;Delantero;2024;2025;2844;7.802777;88.92;80.18;ALTO;ALTO;ALTO;ALTO;0.0061;0.0175;0.9764;RandomForest
1707;Gerard Moreno;533;Delantero;2024;2025;716;7.123529;78.85;83.77;ALTO;MEDIO;MEDIO;MEDIO;0.2592;0.4614;0.2794;RandomForest
1708;Dani Raba;537;Delantero;2024;2025;1896;7.193103;86.39;39.29;;ALTO;ALTO;MEDIO;0.0796;0.2915;0.6289;RandomForest
1826;Sébastien Haller;537;Delantero;2024;2025;405;6.5375;38.91;;;BAJO;BAJO;BAJO;0.6;0.2837;0.1163;RandomForest
2001;Cyle Larin;798;Delantero;2024;2025;1779;6.6875;56.18;;;BAJO;BAJO;MEDIO;0.5073;0.3863;0.1064;RandomForest
2060;Munir El Haddadi;537;Delantero;2024;2025;877;6.736;57.27;;;BAJO;BAJO;BAJO;0.5737;0.3429;0.0834;RandomForest
2061;Bryan Gil;547;Delantero;2024;2025;1733;6.972;82.22;56.9;BAJO;ALTO;ALTO;ALTO;0.1415;0.4215;0.437;RandomForest
2182;Viktor Tsygankov;547;Delantero;2024;2025;1920;7.077777;77.6;82.88;ALTO;ALTO;ALTO;MEDIO;0.1129;0.3501;0.537;RandomForest
2459;Darwin Machís;720;Delantero;2024;2025;635;6.605555000000001;43.65;;;BAJO;BAJO;MEDIO;0.5881;0.3112;0.1007;RandomForest
2617;Cristhian Stuani;547;Delantero;2024;2025;1068;6.815625;58.77;55.85;;BAJO;BAJO;MEDIO;0.4825;0.4198;0.0977;RandomForest
2671;Jaime Mata;534;Delantero;2024;2025;637;6.503333;39.4;;;BAJO;BAJO;BAJO;0.65;0.2687;0.0813;RandomForest
2778;Kelechi Iheanacho;536;Delantero;2024;2025;401;6.549999999999999;36.71;;;BAJO;BAJO;BAJO;0.6086;0.2551;0.1364;RandomForest
3033;Cédric Bakambu;543;Delantero;2024;2025;710;6.607999999999999;44.26;38.86;;BAJO;BAJO;BAJO;0.6012;0.3185;0.0803;RandomForest
3246;Nicolas Pépé;533;Delantero;2024;2025;1495;7.103571;81.4;83.99;ALTO;ALTO;ALTO;MEDIO;0.1108;0.3775;0.5117;RandomForest
6009;Julián Alvarez;530;Delantero;2024;2025;2518;7.235134999999999;79.84;81.52;ALTO;ALTO;ALTO;ALTO;0.0937;0.1769;0.7295;RandomForest
8492;Alexander Sørloth;530;Delantero;2024;2025;1560;7.008571;72.9;67.65;MEDIO;MEDIO;ALTO;BAJO;0.1954;0.4799;0.3246;RandomForest
8518;Mamadou Sylla;720;Delantero;2024;2025;1581;6.7;55.5;;;BAJO;BAJO;MEDIO;0.5428;0.3718;0.0853;RandomForest
8683;Irvin Cardona;540;Delantero;2024;2025;599;6.675;52.77;;;BAJO;BAJO;MEDIO;0.5614;0.327;0.1116;RandomForest
9971;Antony;543;Delantero;2024;2025;1364;7.435294;89.78;87.66;ALTO;ALTO;ALTO;ALTO;0.0596;0.1754;0.765;RandomForest
10009;Rodrygo;541;Delantero;2024;2025;1937;7.4;86.92;75.72;ALTO;ALTO;ALTO;ALTO;0.0341;0.1276;0.8382;RandomForest
18906;Ayoze Pérez;533;Delantero;2024;2025;1976;7.24;84.93;73.22;MEDIO;ALTO;ALTO;ALTO;0.0624;0.2199;0.7177;RandomForest
19337;Oliver McBurnie;534;Delantero;2024;2025;1861;6.80606;68.93;;;MEDIO;BAJO;MEDIO;0.3657;0.432;0.2022;RandomForest
22235;Jonathan Bamba;538;Delantero;2024;2025;814;6.783333;69.28;;;MEDIO;MEDIO;BAJO;0.3769;0.4149;0.2082;RandomForest
25375;Takuma Asano;798;Delantero;2024;2025;1067;6.623809;51.08;38.31;;BAJO;BAJO;BAJO;0.6212;0.3033;0.0755;RandomForest
25458;Dodi Lukebakio;536;Delantero;2024;2025;3098;7.065789;83.36;65.71;;ALTO;ALTO;ALTO;0.0573;0.1825;0.7602;RandomForest
26845;Anastasios Douvikas;538;Delantero;2024;2025;692;6.573683999999999;48.51;;;BAJO;BAJO;BAJO;0.6273;0.2964;0.0763;RandomForest
30510;Álex Berenguer;531;Delantero;2024;2025;2351;6.983333;78.69;72.86;MEDIO;ALTO;ALTO;ALTO;0.1192;0.3821;0.4987;RandomForest
31406;Umar Sadiq;532;Delantero;2024;2025;1049;6.457142000000001;42.38;32.91;;BAJO;BAJO;BAJO;0.6713;0.2311;0.0975;RandomForest
32862;Takefusa Kubo;548;Delantero;2024;2025;2381;7.105554999999999;84.33;86.34;ALTO;ALTO;ALTO;ALTO;0.0895;0.3189;0.5916;RandomForest
37938;Sheraldo Becker;727;Delantero;2024;2025;1987;6.772727;56.93;35.68;;BAJO;MEDIO;MEDIO;0.4742;0.4057;0.1201;RandomForest
39121;Chidera Ejuke;536;Delantero;2024;2025;969;6.875;73.09;71.93;MEDIO;MEDIO;MEDIO;MEDIO;0.2599;0.4589;0.2812;RandomForest
46667;Kike Barja;727;Delantero;2024;2025;308;6.721428000000001;51.32;29.88;;BAJO;BAJO;MEDIO;0.5633;0.3;0.1367;RandomForest
46740;Stoichkov;542;Delantero;2024;2025;695;6.74375;57.33;;;BAJO;BAJO;MEDIO;0.564;0.3194;0.1166;RandomForest
46746;Ante Budimir;727;Delantero;2024;2025;2966;7.175674999999999;77.95;73.75;MEDIO;MEDIO;ALTO;ALTO;0.1348;0.4998;0.3654;RandomForest
46751;Abdón Prats;798;Delantero;2024;2025;435;6.563636;39.81;33.16;;BAJO;BAJO;BAJO;0.5952;0.3185;0.0863;RandomForest
46933;Luis Rioja;532;Delantero;2024;2025;2868;6.9;64.9;66.26;MEDIO;BAJO;BAJO;BAJO;0.5386;0.2717;0.1897;RandomForest
47013;Rafa Mir;532;Delantero;2024;2025;743;6.579999999999999;45.01;67.71;MEDIO;BAJO;BAJO;MEDIO;0.5751;0.337;0.0879;RandomForest
47181;Toni Martínez;542;Delantero;2024;2025;1013;6.876;67.69;75.44;ALTO;BAJO;MEDIO;BAJO;0.4583;0.4134;0.1283;RandomForest
47264;Hugo Duro;532;Delantero;2024;2025;2171;6.870967;69.85;67.83;MEDIO;MEDIO;MEDIO;MEDIO;0.3184;0.4609;0.2207;RandomForest
47291;Gorka Guruzeta;531;Delantero;2024;2025;1842;6.852777;67.05;45.29;BAJO;MEDIO;MEDIO;MEDIO;0.3837;0.4679;0.1484;RandomForest
47294;Iñaki Williams;531;Delantero;2024;2025;2653;7.014285;79.77;46.59;BAJO;ALTO;MEDIO;ALTO;0.1109;0.3485;0.5406;RandomForest
47317;Ander Barrenetxea;548;Delantero;2024;2025;1258;6.686665999999999;58.63;75.95;MEDIO;MEDIO;BAJO;BAJO;0.4114;0.4348;0.1538;RandomForest
47320;Juanmi;546;Delantero;2024;2025;935;6.523076;44.45;45.68;;BAJO;BAJO;MEDIO;0.5783;0.3457;0.076;RandomForest
47323;Mikel Oyarzabal;548;Delantero;2024;2025;2262;6.794285;65.02;86.96;ALTO;MEDIO;MEDIO;MEDIO;0.3745;0.4742;0.1513;RandomForest
47324;Sandro Ramírez;534;Delantero;2024;2025;2046;6.967741;76.86;;;MEDIO;MEDIO;MEDIO;0.2011;0.4126;0.3863;RandomForest
47348;Borja Iglesias;538;Delantero;2024;2025;1964;6.835135;64.91;69.19;MEDIO;MEDIO;MEDIO;BAJO;0.2973;0.4098;0.2929;RandomForest
47349;Javi Puado;540;Delantero;2024;2025;2989;6.865713999999999;69.25;49.05;BAJO;MEDIO;MEDIO;BAJO;0.3483;0.4359;0.2157;RandomForest
47393;Marc Cardona;534;Delantero;2024;2025;121;6.41;25.42;;;BAJO;BAJO;BAJO;0.6677;0.2106;0.1218;RandomForest
47396;Kike García;542;Delantero;2024;2025;2561;7.022857;76.35;59.9;BAJO;MEDIO;MEDIO;MEDIO;0.1493;0.52;0.3308;RandomForest
47419;José Manuel Arnáiz;727;Delantero;2024;2025;122;6.7;45.88;;;BAJO;BAJO;MEDIO;0.5589;0.2861;0.155;RandomForest
47445;Iago Aspas;538;Delantero;2024;2025;1745;7.283332999999999;81.12;70.61;MEDIO;ALTO;ALTO;ALTO;0.0862;0.2915;0.6223;RandomForest
47472;Borja Mayoral;546;Delantero;2024;2025;1100;6.75;57.18;63.22;BAJO;BAJO;BAJO;BAJO;0.5925;0.308;0.0995;RandomForest
47492;Toni Villa;547;Delantero;2024;2025;0;;19.61;;;BAJO;BAJO;MEDIO;0.6359;0.2403;0.1238;RandomForest
47494;Miguel de la Fuente;537;Delantero;2024;2025;1719;6.458823;42.69;;;BAJO;BAJO;BAJO;0.6124;0.3283;0.0592;RandomForest
47495;Sergi Guardiola;728;Delantero;2024;2025;348;6.55;35.84;;;BAJO;BAJO;MEDIO;0.5735;0.3048;0.1217;RandomForest
47520;Portu;547;Delantero;2024;2025;766;6.608;48.15;45.09;BAJO;BAJO;BAJO;BAJO;0.5769;0.3148;0.1083;RandomForest
47551;Raúl de Tomás;728;Delantero;2024;2025;20;6.5;26.2;;;BAJO;BAJO;BAJO;0.6653;0.2343;0.1004;RandomForest
47554;Adrián Embarba;728;Delantero;2024;2025;1607;6.68;59.77;;;MEDIO;MEDIO;BAJO;0.4074;0.4289;0.1637;RandomForest
47579;Chimy Ávila;543;Delantero;2024;2025;687;6.8315779999999995;63.37;27.45;;BAJO;MEDIO;MEDIO;0.4935;0.3965;0.11;RandomForest
47582;Cucho Hernández;543;Delantero;2024;2025;1149;7.246666000000001;86.05;83.39;ALTO;ALTO;ALTO;ALTO;0.2051;0.3636;0.4313;RandomForest
50048;Vedat Muriqi;798;Delantero;2024;2025;2068;6.903448;75.51;81.5;ALTO;MEDIO;ALTO;ALTO;0.2374;0.4051;0.3575;RandomForest
51016;Tajon Buchanan;533;Delantero;2024;2025;413;6.753846000000001;65.79;81.83;ALTO;BAJO;BAJO;BAJO;0.4386;0.383;0.1784;RandomForest
51241;Tomás Conechny;542;Delantero;2024;2025;851;6.605;47.98;;;BAJO;BAJO;BAJO;0.5951;0.3212;0.0837;RandomForest
57446;Akor Adams;536;Delantero;2024;2025;135;6.475;29.46;66.51;MEDIO;BAJO;BAJO;BAJO;0.6818;0.2042;0.114;RandomForest
61774;Orri Steinn Óskarsson;548;Delantero;2024;2025;949;6.556521;43.01;49.69;;BAJO;BAJO;BAJO;0.6288;0.2964;0.0749;RandomForest
67955;Carles Pérez;546;Delantero;2024;2025;1436;6.6296289999999996;54.85;;;MEDIO;MEDIO;MEDIO;0.4022;0.4205;0.1773;RandomForest
68483;Bertuğ Yıldırım;546;Delantero;2024;2025;1087;6.672727;53.47;;;BAJO;BAJO;BAJO;0.5496;0.3418;0.1085;RandomForest
104793;Amath Ndiaye;720;Delantero;2024;2025;373;6.561538;37.95;;;BAJO;BAJO;BAJO;0.5929;0.2802;0.1269;RandomForest
104853;Asier Villalibre;542;Delantero;2024;2025;321;6.6;38.38;;;BAJO;BAJO;BAJO;0.61;0.2729;0.1171;RandomForest
109564;Bojan Miovski;547;Delantero;2024;2025;881;6.66875;46.66;22.95;;BAJO;BAJO;BAJO;0.6078;0.2928;0.0995;RandomForest
119213;Alfon González;536;Delantero;2024;2025;2743;6.9;69.36;45.76;;MEDIO;MEDIO;MEDIO;0.2335;0.434;0.3326;RandomForest
119232;Dani Gómez;532;Delantero;2024;2025;526;6.476923;37.82;;;BAJO;BAJO;BAJO;0.6024;0.2879;0.1096;RandomForest
122233;Marcos André;720;Delantero;2024;2025;1192;6.631818;53.01;;;BAJO;BAJO;BAJO;0.5713;0.3308;0.0979;RandomForest
128478;Walid Cheddira;540;Delantero;2024;2025;641;6.62;44.27;;;BAJO;BAJO;BAJO;0.6238;0.2946;0.0816;RandomForest
128582;Jorge de Frutos;728;Delantero;2024;2025;2512;6.736111000000001;68.17;81.96;ALTO;MEDIO;MEDIO;MEDIO;0.2823;0.4671;0.2506;RandomForest
128985;Iker Losada;543;Delantero;2024;2025;731;6.6000000000000005;43.02;44.36;;BAJO;BAJO;BAJO;0.6064;0.2881;0.1055;RandomForest
129791;Fábio Silva;534;Delantero;2024;2025;1876;7.0875;81.51;;;MEDIO;ALTO;MEDIO;0.1971;0.4176;0.3853;RandomForest
135775;Ansu Fati;529;Delantero;2024;2025;236;6.866666;56.19;;;BAJO;BAJO;ALTO;0.4676;0.3332;0.1992;RandomForest
146751;Raúl García de Haro;727;Delantero;2024;2025;704;6.637037;51.89;64.35;BAJO;BAJO;BAJO;BAJO;0.6066;0.3062;0.0872;RandomForest
157194;Pejiño;534;Delantero;2024;2025;15;6.7;35.29;;;BAJO;BAJO;MEDIO;0.6246;0.2499;0.1254;RandomForest
161894;Naci Ünüvar;540;Delantero;2024;2025;30;6.85;46.35;;;BAJO;BAJO;BAJO;0.5789;0.2728;0.1484;RandomForest
161963;Germán Valera;532;Delantero;2024;2025;142;6.571428;39.38;86.57;ALTO;BAJO;BAJO;MEDIO;0.5887;0.2878;0.1235;RandomForest
162028;Juanmi Latasa;720;Delantero;2024;2025;1393;6.685714000000001;56.46;;;MEDIO;MEDIO;BAJO;0.3499;0.4266;0.2235;RandomForest
162126;Peque Fernández;536;Delantero;2024;2025;1164;6.623076;50.25;69.51;MEDIO;BAJO;BAJO;BAJO;0.54;0.3619;0.0981;RandomForest
162127;Diego López;532;Delantero;2024;2025;2760;6.771052;67.11;59.33;BAJO;MEDIO;MEDIO;MEDIO;0.2532;0.4209;0.3258;RandomForest
162170;Hugo Novoa Ramos;542;Delantero;2024;2025;234;6.5;32.35;;;BAJO;BAJO;BAJO;0.6199;0.249;0.1311;RandomForest
162944;Duk;537;Delantero;2024;2025;170;6.7;55.42;;;BAJO;BAJO;MEDIO;0.5913;0.2922;0.1164;RandomForest
179153;Javier Martón Ansó;531;Delantero;2024;2025;49;6.2;16.14;;;BAJO;BAJO;BAJO;0.6995;0.2077;0.0928;RandomForest
181421;Abdessamad Ezzalzouli;543;Delantero;2024;2025;1995;6.93125;80.26;90.09;ALTO;MEDIO;ALTO;MEDIO;0.1465;0.4327;0.4208;RandomForest
182674;Jofre Carreras;540;Delantero;2024;2025;2175;6.64054;61.73;52.14;BAJO;MEDIO;BAJO;BAJO;0.3798;0.4117;0.2085;RandomForest
183751;Abderrahman Rebbach;542;Delantero;2024;2025;384;6.4875;35.18;59.34;BAJO;BAJO;BAJO;BAJO;0.6038;0.2643;0.1319;RandomForest
183799;Nico Williams;531;Delantero;2024;2025;1998;6.965517;81.97;81.41;ALTO;ALTO;ALTO;MEDIO;0.1149;0.3423;0.5429;RandomForest
184481;Diego Garcia;537;Delantero;2024;2025;1190;6.577777;43.73;;;BAJO;BAJO;BAJO;0.5916;0.3392;0.0693;RandomForest
185398;Isaac Romero;536;Delantero;2024;2025;2167;6.490322;50.8;45.4;BAJO;BAJO;BAJO;BAJO;0.4488;0.4157;0.1355;RandomForest
187214;Carlos Vicente;542;Delantero;2024;2025;3097;6.924324;79.77;78.58;ALTO;ALTO;ALTO;ALTO;0.1015;0.3356;0.5629;RandomForest
190489;Álvaro Djaló;531;Delantero;2024;2025;657;6.611764;46.2;;;BAJO;BAJO;BAJO;0.6388;0.2746;0.0866;RandomForest
195962;Chiquinho;798;Delantero;2024;2025;141;6.514285;33.08;;;BAJO;BAJO;MEDIO;0.6237;0.2524;0.1239;RandomForest
200999;Abdoulaye Keita;546;Delantero;2024;2025;94;6.233333;24.42;;;BAJO;BAJO;BAJO;0.6798;0.2137;0.1064;RandomForest
263530;Pau Víctor;529;Delantero;2024;2025;304;6.8;56.27;;;BAJO;BAJO;BAJO;0.5314;0.3181;0.1505;RandomForest
263812;Luka Romero;542;Delantero;2024;2025;197;6.616666;38.01;;;BAJO;BAJO;BAJO;0.6041;0.2642;0.1317;RandomForest
264470;Raúl Moro;720;Delantero;2024;2025;2345;6.830303;73.2;20.75;;MEDIO;MEDIO;MEDIO;0.1808;0.419;0.4002;RandomForest
270498;Warren Madrigal;532;Delantero;2024;2025;0;;19.61;;;BAJO;BAJO;MEDIO;0.6359;0.2403;0.1238;RandomForest
270516;Peter González;546;Delantero;2024;2025;466;6.46875;34.95;20.75;;BAJO;BAJO;BAJO;0.6651;0.2454;0.0895;RandomForest
284241;Mateo Mejia;536;Delantero;2024;2025;10;6.7;33.58;;;BAJO;BAJO;MEDIO;0.6442;0.2457;0.1101;RandomForest
286271;Isra Dominguez;536;Delantero;2024;2025;17;6.7;33.35;;;BAJO;BAJO;BAJO;0.6388;0.244;0.1172;RandomForest
286593;Nico Serrano;531;Delantero;2024;2025;110;6.475;31.72;34.31;;BAJO;BAJO;BAJO;0.6734;0.2192;0.1074;RandomForest
286639;Bryan Zaragoza;727;Delantero;2024;2025;1856;6.944443999999999;77.96;74.94;MEDIO;ALTO;MEDIO;MEDIO;0.1517;0.3666;0.4817;RandomForest
287680;Maroan Sannadi;531;Delantero;2024;2025;751;6.78125;65.57;39.83;;BAJO;BAJO;BAJO;0.476;0.3749;0.1491;RandomForest
288074;Alberto Mari;532;Delantero;2024;2025;12;6.2;15.38;;;BAJO;BAJO;BAJO;0.5897;0.25;0.1603;RandomForest
288525;Malcom Ares;531;Delantero;2024;2025;18;6.2;17.09;;;BAJO;BAJO;BAJO;0.5929;0.2409;0.1662;RandomForest
288800;Iker Benito;727;Delantero;2024;2025;35;6.2;21.79;63.72;;BAJO;BAJO;BAJO;0.6483;0.2352;0.1165;RandomForest
290740;Ilias Akhomach;533;Delantero;2024;2025;587;6.972727;79.98;40.73;;MEDIO;MEDIO;ALTO;0.2591;0.4452;0.2957;RandomForest
292219;Stipe Biuk;720;Delantero;2024;2025;0;;19.61;;;BAJO;BAJO;MEDIO;0.6359;0.2403;0.1238;RandomForest
293604;Javi Llabrés;798;Delantero;2024;2025;58;6.7;36.85;36.12;;BAJO;BAJO;MEDIO;0.6501;0.2341;0.1158;RandomForest
297304;Dawda Camara;547;Delantero;2024;2025;0;;19.61;33.49;;BAJO;BAJO;MEDIO;0.6359;0.2403;0.1238;RandomForest
297742;Antoniu Roca;540;Delantero;2024;2025;1042;6.672;55.46;30.84;;BAJO;BAJO;BAJO;0.556;0.3496;0.0944;RandomForest
303115;Etienne Eto'o Pineda;728;Delantero;2024;2025;44;6.25;18.62;;;BAJO;BAJO;BAJO;0.6429;0.2392;0.1179;RandomForest
304383;Tadeo Allende;538;Delantero;2024;2025;1;0.0;15.87;;;BAJO;ALTO;BAJO;0.585;0.2338;0.1812;RandomForest
309364;Coba da Costa;546;Delantero;2024;2025;1014;6.742105;60.87;52.94;;BAJO;BAJO;MEDIO;0.5729;0.3354;0.0918;RandomForest
311344;Alejo Véliz;540;Delantero;2024;2025;1118;6.544;39.31;;;BAJO;BAJO;BAJO;0.5451;0.3806;0.0744;RandomForest
312990;Roberto Fernández;540;Delantero;2024;2025;1507;6.873683999999999;69.86;65.14;MEDIO;BAJO;BAJO;MEDIO;0.42;0.3946;0.1854;RandomForest
320517;Pablo Durán;538;Delantero;2024;2025;1411;6.7961529999999994;61.98;55.38;BAJO;MEDIO;BAJO;MEDIO;0.4226;0.4402;0.1371;RandomForest
323935;Giuliano Simeone;530;Delantero;2024;2025;1942;6.936363;74.87;76.46;MEDIO;ALTO;MEDIO;ALTO;0.2411;0.3779;0.3809;RandomForest
324750;Carlos Martín;542;Delantero;2024;2025;1335;6.624;54.48;30.82;;MEDIO;BAJO;MEDIO;0.3921;0.4365;0.1714;RandomForest
327622;Naim García;537;Delantero;2024;2025;0;;19.61;;;BAJO;BAJO;MEDIO;0.6359;0.2403;0.1238;RandomForest
334574;Angel Ortiz;543;Delantero;2024;2025;353;7.0;63.83;48.65;;MEDIO;BAJO;BAJO;0.3816;0.4228;0.1956;RandomForest
336711;Gonzalo García;541;Delantero;2024;2025;53;6.633333;32.63;55.82;;BAJO;BAJO;BAJO;0.6146;0.2472;0.1382;RandomForest
338751;Victor Muñoz;727;Delantero;2024;2025;76;6.25;19.93;71.84;MEDIO;BAJO;BAJO;BAJO;0.6023;0.2393;0.1584;RandomForest
338900;Leandro Antonetti;536;Delantero;2024;2025;26;6.35;24.29;;;BAJO;BAJO;BAJO;0.5922;0.2376;0.1702;RandomForest
340279;Vitor Roque;543;Delantero;2024;2025;1237;6.672727;58.68;;;MEDIO;MEDIO;MEDIO;0.3768;0.4607;0.1625;RandomForest
343202;Álvaro Rodriguez;546;Delantero;2024;2025;852;6.885;68.69;83.61;ALTO;MEDIO;MEDIO;MEDIO;0.2753;0.5027;0.222;RandomForest
343684;Thierno Barry;533;Delantero;2024;2025;2322;6.968571;76.84;;;MEDIO;MEDIO;MEDIO;0.2349;0.4468;0.3183;RandomForest
347885;Marcos Fernández;543;Delantero;2024;2025;0;;19.61;;;BAJO;BAJO;MEDIO;0.6359;0.2403;0.1238;RandomForest
348326;Martín Tejón;532;Delantero;2024;2025;44;6.45;32.41;;;BAJO;BAJO;BAJO;0.6469;0.2405;0.1126;RandomForest
351913;Jones El-Abdellaoui;538;Delantero;2024;2025;0;;19.61;58.56;;BAJO;BAJO;MEDIO;0.6359;0.2403;0.1238;RandomForest
371912;Dani Rodríguez;529;Delantero;2024;2025;38;6.7;32.98;;;BAJO;BAJO;MEDIO;0.5962;0.2485;0.1553;RandomForest
376416;Hamza Bellari;532;Delantero;2024;2025;0;;19.61;;;BAJO;BAJO;MEDIO;0.6359;0.2403;0.1238;RandomForest
377122;Endrick;541;Delantero;2024;2025;402;6.6;41.63;33.58;;BAJO;BAJO;BAJO;0.6144;0.2816;0.104;RandomForest
377257;Endika Buján;531;Delantero;2024;2025;6;6.2;19.47;20.75;;BAJO;BAJO;BAJO;0.6219;0.2383;0.1398;RandomForest
378284;Etta Eyong;533;Delantero;2024;2025;46;6.75;42.8;68.48;MEDIO;BAJO;BAJO;BAJO;0.6394;0.221;0.1397;RandomForest
384273;Julen Lartitegi;542;Delantero;2024;2025;0;;19.61;;;BAJO;BAJO;MEDIO;0.6359;0.2403;0.1238;RandomForest
386828;Lamine Yamal;529;Delantero;2024;2025;2771;7.785294;91.05;91.64;ALTO;ALTO;ALTO;ALTO;0.0097;0.034;0.9563;RandomForest
386850;Adrián Niño;530;Delantero;2024;2025;11;6.9;40.41;;;BAJO;BAJO;MEDIO;0.6299;0.2501;0.12;RandomForest
387519;Xavi Moreno;720;Delantero;2024;2025;46;6.2;17.67;;;BAJO;BAJO;BAJO;0.6818;0.2127;0.1054;RandomForest
388057;Alex Almansa;540;Delantero;2024;2025;0;;19.61;;;BAJO;BAJO;MEDIO;0.6359;0.2403;0.1238;RandomForest
389600;Jastin García;547;Delantero;2024;2025;0;;19.61;;;BAJO;BAJO;MEDIO;0.6359;0.2403;0.1238;RandomForest
389602;Iker Almena;547;Delantero;2024;2025;46;7.0;51.54;;;BAJO;BAJO;MEDIO;0.5253;0.3212;0.1534;RandomForest
390742;Joaquin Panichelli;542;Delantero;2024;2025;0;;19.61;;;BAJO;BAJO;MEDIO;0.6359;0.2403;0.1238;RandomForest
391822;Fer López;538;Delantero;2024;2025;690;6.770588;63.66;;;BAJO;BAJO;MEDIO;0.4641;0.3863;0.1497;RandomForest
397941;Min-su Kim;547;Delantero;2024;2025;19;6.2;21.8;;;BAJO;BAJO;BAJO;0.6546;0.2341;0.1113;RandomForest
400948;Assane Diao;543;Delantero;2024;2025;281;6.75;53.13;;;BAJO;BAJO;BAJO;0.4866;0.3393;0.1741;RandomForest
402168;Arkaitz Mariezkurrena;548;Delantero;2024;2025;244;6.722222;51.34;15.22;;BAJO;BAJO;BAJO;0.5955;0.2721;0.1324;RandomForest
404471;Diego Martín;534;Delantero;2024;2025;38;6.55;28.5;;;BAJO;BAJO;BAJO;0.6426;0.2426;0.1147;RandomForest
405719;Sixtus Ogbuehi;727;Delantero;2024;2025;0;;19.61;;;BAJO;BAJO;MEDIO;0.6359;0.2403;0.1238;RandomForest
406123;Sergio Ruiz;534;Delantero;2024;2025;0;;19.61;;;BAJO;BAJO;MEDIO;0.6359;0.2403;0.1238;RandomForest
411702;Pau Cabanes;542;Delantero;2024;2025;357;6.45;37.5;20.75;;BAJO;BAJO;ALTO;0.6749;0.2322;0.0929;RandomForest
412738;Dani Díaz;548;Delantero;2024;2025;9;6.2;17.83;20.75;;BAJO;BAJO;BAJO;0.6583;0.2364;0.1053;RandomForest
419912;Omar Sadik;540;Delantero;2024;2025;0;;19.61;;;BAJO;BAJO;MEDIO;0.6359;0.2403;0.1238;RandomForest
429554;Carlos Lumbreras;727;Delantero;2024;2025;0;;19.61;;;BAJO;BAJO;MEDIO;0.6359;0.2403;0.1238;RandomForest
439578;David Otorbi;532;Delantero;2024;2025;13;6.200000000000001;15.08;20.75;;BAJO;BAJO;BAJO;0.5904;0.2533;0.1563;RandomForest
440133;Elías Romero;534;Delantero;2024;2025;0;;19.61;;;BAJO;BAJO;MEDIO;0.6359;0.2403;0.1238;RandomForest
440339;Adrián Arnu;720;Delantero;2024;2025;44;6.475;26.6;;;BAJO;BAJO;BAJO;0.6413;0.2516;0.1071;RandomForest
440413;Aingeru Olabarrieta;531;Delantero;2024;2025;55;6.3;23.86;;;BAJO;BAJO;BAJO;0.6621;0.2259;0.1121;RandomForest
441497;Daniel Yañez;541;Delantero;2024;2025;1;0.0;16.55;;;BAJO;ALTO;BAJO;0.6274;0.2375;0.1351;RandomForest
443162;Jesús Rodriguez;543;Delantero;2024;2025;1128;6.77619;67.66;;;MEDIO;BAJO;MEDIO;0.3827;0.4395;0.1778;RandomForest
443163;Pablo García;543;Delantero;2024;2025;36;6.366666;22.52;39.5;;BAJO;BAJO;BAJO;0.6492;0.2265;0.1244;RandomForest
443668;Rayane Belaid;530;Delantero;2024;2025;0;;19.61;20.75;;BAJO;BAJO;MEDIO;0.6359;0.2403;0.1238;RandomForest
445973;Toni Fernández;529;Delantero;2024;2025;0;;19.61;24.05;;BAJO;BAJO;MEDIO;0.6359;0.2403;0.1238;RandomForest
449058;Omar Janneh;530;Delantero;2024;2025;0;;19.61;;;BAJO;BAJO;MEDIO;0.6359;0.2403;0.1238;RandomForest
449063;Alex Marchal;548;Delantero;2024;2025;0;;19.61;20.75;;BAJO;BAJO;MEDIO;0.6359;0.2403;0.1238;RandomForest
455366;Papa Ba;547;Delantero;2024;2025;47;6.700000000000001;38.77;20.75;;BAJO;BAJO;BAJO;0.6642;0.2221;0.1137;RandomForest
482473;Marc Domenech;798;Delantero;2024;2025;305;6.56;37.9;38.87;;BAJO;BAJO;BAJO;0.5994;0.2688;0.1318;RandomForest
486472;Alvaro Garcia-Pascual;536;Delantero;2024;2025;409;6.7625;56.49;;;BAJO;BAJO;MEDIO;0.5397;0.3277;0.1326;RandomForest
504998;Martin Cuellar;546;Delantero;2024;2025;0;;19.61;;;BAJO;BAJO;MEDIO;0.6359;0.2403;0.1238;RandomForest
513776;Yan Diomande;537;Delantero;2024;2025;551;7.12;87.43;;;ALTO;ALTO;ALTO;0.1248;0.313;0.5622;RandomForest
522649;Arturo Rodríguez;534;Delantero;2024;2025;20;6.3;18.71;;;BAJO;BAJO;BAJO;0.5798;0.2531;0.1671;RandomForest
45;Thomas Lemar;530;Mediocentro;2024;2025;87;6.54;28.44;49.21;BAJO;BAJO;BAJO;BAJO;0.6479;0.2244;0.1278;RandomForest
48;Saúl Ñíguez;536;Mediocentro;2024;2025;1555;7.0083329999999995;79.44;;;ALTO;ALTO;ALTO;0.1227;0.2997;0.5776;RandomForest
50;Koke;530;Mediocentro;2024;2025;1927;6.903125;68.7;77.07;MEDIO;MEDIO;MEDIO;MEDIO;0.3156;0.3933;0.2911;RandomForest
143;Carles Aleñá;542;Mediocentro;2024;2025;1547;7.157142;76.44;60.5;MEDIO;MEDIO;ALTO;ALTO;0.2427;0.3918;0.3655;RandomForest
150;Arthur;547;Mediocentro;2024;2025;942;6.866666;70.02;;;MEDIO;MEDIO;ALTO;0.2563;0.4037;0.3401;RandomForest
414;Omar Mascarell;798;Mediocentro;2024;2025;2009;6.775;58.26;67.28;MEDIO;BAJO;BAJO;MEDIO;0.4253;0.411;0.1636;RandomForest
517;James Rodríguez;728;Mediocentro;2024;2025;143;6.816666;53.3;;;BAJO;BAJO;BAJO;0.4806;0.3025;0.2169;RandomForest
538;Frenkie de Jong;529;Mediocentro;2024;2025;1105;6.996;71.73;83.33;ALTO;MEDIO;MEDIO;ALTO;0.1708;0.4542;0.375;RandomForest
547;Donny van de Beek;547;Mediocentro;2024;2025;1438;6.828;59.72;35.68;;BAJO;BAJO;BAJO;0.4463;0.3992;0.1545;RandomForest
570;Franco Cervi;538;Mediocentro;2024;2025;278;6.585714;32.21;20.75;;BAJO;BAJO;BAJO;0.6221;0.256;0.1219;RandomForest
719;Florian Grillitsch;720;Mediocentro;2024;2025;624;6.761538;60.7;;;BAJO;MEDIO;MEDIO;0.403;0.378;0.219;RandomForest
744;Brahim Díaz;541;Mediocentro;2024;2025;1405;6.860000000000001;69.42;51.22;;MEDIO;MEDIO;MEDIO;0.2788;0.4967;0.2244;RandomForest
745;Isco;543;Mediocentro;2024;2025;1551;7.513636;88.95;54.64;;ALTO;ALTO;ALTO;0.0277;0.1122;0.8601;RandomForest
748;Dani Ceballos;541;Mediocentro;2024;2025;1218;7.154545;80.84;65.01;;ALTO;ALTO;ALTO;0.1046;0.341;0.5543;RandomForest
753;Marcos Llorente;530;Mediocentro;2024;2025;2513;7.175756999999999;84.48;84.68;ALTO;ALTO;ALTO;ALTO;0.0779;0.2369;0.6851;RandomForest
754;Luka Modrić;541;Mediocentro;2024;2025;1818;7.385714;81.05;;;ALTO;ALTO;ALTO;0.0319;0.2122;0.7559;RandomForest
756;Federico Valverde;541;Mediocentro;2024;2025;3034;7.472222;88.79;84.56;ALTO;ALTO;ALTO;ALTO;0.037;0.1308;0.8322;RandomForest
898;Ander Herrera;531;Mediocentro;2024;2025;268;6.6625;44.48;;;BAJO;BAJO;MEDIO;0.5417;0.3;0.1583;RandomForest
919;Hugo Guillamón;532;Mediocentro;2024;2025;392;6.554545;33.89;;;BAJO;BAJO;BAJO;0.6355;0.2522;0.1123;RandomForest
928;Dani Parejo;533;Mediocentro;2024;2025;2277;7.05;80.94;65.59;MEDIO;ALTO;ALTO;ALTO;0.0835;0.245;0.6715;RandomForest
957;Djibril Sow;536;Mediocentro;2024;2025;2068;6.936666;73.74;59.21;BAJO;ALTO;MEDIO;ALTO;0.1965;0.337;0.4665;RandomForest
1234;Alex Král;540;Mediocentro;2024;2025;2710;6.694594;57.81;;;MEDIO;BAJO;BAJO;0.3402;0.4665;0.1933;RandomForest
1271;Aurélien Tchouaméni;541;Mediocentro;2024;2025;2692;7.1312500000000005;82.7;80.47;ALTO;ALTO;ALTO;MEDIO;0.0931;0.1969;0.7101;RandomForest
1323;Dani Olmo;529;Mediocentro;2024;2025;1194;7.25;83.12;84.38;ALTO;ALTO;ALTO;MEDIO;0.117;0.3896;0.4934;RandomForest
1364;Jailson;538;Mediocentro;2024;2025;630;6.733333;49.97;;;BAJO;BAJO;BAJO;0.5944;0.2799;0.1258;RandomForest
1427;Albert Sambi Lokonga;536;Mediocentro;2024;2025;1473;6.831818;64.36;;;MEDIO;MEDIO;MEDIO;0.3098;0.4073;0.2829;RandomForest
1461;Denis Suárez;542;Mediocentro;2024;2025;1220;6.747619;52.41;55.03;BAJO;BAJO;BAJO;BAJO;0.4804;0.3793;0.1402;RandomForest
1489;Nemanja Gudelj;536;Mediocentro;2024;2025;2495;6.816129;65.66;56.9;BAJO;MEDIO;BAJO;BAJO;0.3635;0.3781;0.2584;RandomForest
1578;Giovani Lo Celso;543;Mediocentro;2024;2025;1456;7.388;89.39;81.69;ALTO;ALTO;ALTO;MEDIO;0.0693;0.2172;0.7135;RandomForest
1580;William Carvalho;543;Mediocentro;2024;2025;481;6.714285;49.81;;;BAJO;BAJO;ALTO;0.4667;0.3706;0.1626;RandomForest
1650;Suso;536;Mediocentro;2024;2025;597;6.906666000000001;62.75;;;MEDIO;MEDIO;MEDIO;0.3631;0.4208;0.2162;RandomForest
1697;Pablo Fornals;543;Mediocentro;2024;2025;1836;7.0;72.08;84.61;ALTO;MEDIO;MEDIO;ALTO;0.1393;0.4553;0.4055;RandomForest
1700;Iván Martín;547;Mediocentro;2024;2025;2044;6.809375;63.6;77.84;ALTO;BAJO;BAJO;BAJO;0.3682;0.35;0.2818;RandomForest
1701;Manu Morlanes;798;Mediocentro;2024;2025;1341;6.9136359999999994;66.24;63.84;MEDIO;MEDIO;MEDIO;BAJO;0.3;0.4002;0.2998;RandomForest
1825;Lucas Torró;727;Mediocentro;2024;2025;2965;6.8828570000000004;72.39;66.93;MEDIO;MEDIO;ALTO;MEDIO;0.208;0.4351;0.3569;RandomForest
1911;Lucas Ocampos;536;Mediocentro;2024;2025;176;6.95;57.52;;;BAJO;BAJO;ALTO;0.4106;0.3806;0.2088;RandomForest
2207;Eduardo Camavinga;541;Mediocentro;2024;2025;1096;7.157894;85.57;82.84;ALTO;ALTO;ALTO;ALTO;0.0937;0.3729;0.5334;RandomForest
2433;Renato Tapia;537;Mediocentro;2024;2025;2433;6.848484000000001;68.96;;;MEDIO;ALTO;ALTO;0.2008;0.4836;0.3156;RandomForest
2449;Yangel Herrera;547;Mediocentro;2024;2025;4531;7.006896000000001;83.82;31.71;;ALTO;ALTO;MEDIO;0.0657;0.1952;0.7391;RandomForest
2472;Rodrigo de Paul;530;Mediocentro;2024;2025;2111;7.123529;79.53;;;ALTO;ALTO;ALTO;0.0419;0.1914;0.7667;RandomForest
2717;Anuar;720;Mediocentro;2024;2025;1729;6.761538;61.26;;;MEDIO;BAJO;BAJO;0.3892;0.4226;0.1882;RandomForest
2924;Adnan Januzaj;534;Mediocentro;2024;2025;589;6.894117;64.78;54.55;;MEDIO;MEDIO;ALTO;0.3566;0.439;0.2043;RandomForest
5974;Julián Chicco;537;Mediocentro;2024;2025;316;6.525;33.85;;;BAJO;BAJO;BAJO;0.6079;0.2718;0.1202;RandomForest
6085;Carlos Benavídez;542;Mediocentro;2024;2025;515;6.75;50.07;39.79;;BAJO;BAJO;BAJO;0.6385;0.2579;0.1036;RandomForest
7332;Luka Sučić;548;Mediocentro;2024;2025;1810;6.9;70.94;36.36;;MEDIO;MEDIO;ALTO;0.3112;0.4385;0.2503;RandomForest
8587;Selim Amallah;720;Mediocentro;2024;2025;1387;6.779166;64.03;;;MEDIO;MEDIO;MEDIO;0.3322;0.4389;0.2289;RandomForest
14341;Stanko Jurić;720;Mediocentro;2024;2025;1734;6.546153;45.62;;;BAJO;BAJO;BAJO;0.5389;0.315;0.1461;RandomForest
18902;Kenedy;720;Mediocentro;2024;2025;14;6.2;14.58;;;BAJO;BAJO;BAJO;0.6016;0.2369;0.1615;RandomForest
18949;Oriol Romeu;547;Mediocentro;2024;2025;1358;6.696;51.45;;;MEDIO;MEDIO;MEDIO;0.3878;0.4018;0.2105;RandomForest
19026;Luca De La Torre;538;Mediocentro;2024;2025;11;6.2;15.96;;;BAJO;BAJO;BAJO;0.5775;0.2377;0.1848;RandomForest
19352;Sergi Canós;532;Mediocentro;2024;2025;380;6.552941000000001;33.86;;;BAJO;BAJO;BAJO;0.6202;0.2818;0.098;RandomForest
20696;Pape Gueye;533;Mediocentro;2024;2025;2231;7.038235;81.25;76.53;MEDIO;ALTO;ALTO;ALTO;0.0998;0.2563;0.6438;RandomForest
21004;Lucien Agoumé;536;Mediocentro;2024;2025;2114;6.948387;77.25;75.35;MEDIO;ALTO;MEDIO;MEDIO;0.1417;0.4062;0.4521;RandomForest
21709;Enzo Loiodice;534;Mediocentro;2024;2025;678;6.482352;36.31;;;BAJO;BAJO;BAJO;0.5965;0.3028;0.1007;RandomForest
28373;Tamás Nikitscher;720;Mediocentro;2024;2025;855;6.623076;48.55;;;BAJO;BAJO;BAJO;0.5481;0.3215;0.1304;RandomForest
41157;André Almeida;532;Mediocentro;2024;2025;1998;6.967647;75.14;71.15;MEDIO;ALTO;BAJO;BAJO;0.1878;0.364;0.4482;RandomForest
41552;Pathé Ismaël Ciss;728;Mediocentro;2024;2025;2159;6.863636;71.16;80.66;ALTO;MEDIO;MEDIO;MEDIO;0.3089;0.371;0.32;RandomForest
46658;Rubén García;727;Mediocentro;2024;2025;2435;7.125714;81.07;79.0;ALTO;ALTO;ALTO;ALTO;0.094;0.2983;0.6077;RandomForest
46660;Javi Martínez;727;Mediocentro;2024;2025;5;6.3;15.92;;;BAJO;BAJO;BAJO;0.5614;0.2494;0.1892;RandomForest
46662;Jon Moncayola;727;Mediocentro;2024;2025;2022;6.93;70.45;72.73;MEDIO;MEDIO;MEDIO;MEDIO;0.2498;0.3955;0.3547;RandomForest
46742;Dani Rodríguez;798;Mediocentro;2024;2025;2175;6.932432;75.31;34.07;;MEDIO;MEDIO;BAJO;0.2114;0.4152;0.3734;RandomForest
46775;Salvi Sánchez;540;Mediocentro;2024;2025;0;;19.61;;;BAJO;BAJO;BAJO;0.6417;0.2312;0.1271;RandomForest
46799;Edu Expósito;540;Mediocentro;2024;2025;1052;6.978947;75.8;83.8;ALTO;MEDIO;MEDIO;MEDIO;0.1875;0.4406;0.3718;RandomForest
46803;Joni Montiel;728;Mediocentro;2024;2025;0;;19.61;;;BAJO;BAJO;BAJO;0.6417;0.2312;0.1271;RandomForest
46828;Iván Jaime;532;Mediocentro;2024;2025;292;6.733333;54.56;;;BAJO;BAJO;ALTO;0.5638;0.2921;0.144;RandomForest
46854;Viti Rozada;534;Mediocentro;2024;2025;1988;6.834482;66.72;;;MEDIO;MEDIO;BAJO;0.2097;0.4957;0.2946;RandomForest
46860;Javier Muñoz;534;Mediocentro;2024;2025;2589;6.885714;71.19;46.67;BAJO;MEDIO;MEDIO;ALTO;0.3116;0.3883;0.3001;RandomForest
46887;Pedro Díaz;728;Mediocentro;2024;2025;1220;6.788460999999999;58.71;49.18;BAJO;BAJO;BAJO;MEDIO;0.4214;0.403;0.1755;RandomForest
46919;César de la Hoz;720;Mediocentro;2024;2025;0;;19.61;;;BAJO;BAJO;BAJO;0.6417;0.2312;0.1271;RandomForest
46979;Iván Sánchez;720;Mediocentro;2024;2025;1389;6.912903;72.68;;;MEDIO;MEDIO;MEDIO;0.264;0.406;0.3301;RandomForest
47004;Fabio González;534;Mediocentro;2024;2025;51;6.45;19.18;;;BAJO;BAJO;BAJO;0.6418;0.2275;0.1307;RandomForest
47007;Iñigo Ruiz de Galarreta;531;Mediocentro;2024;2025;1488;6.946153;72.95;75.43;MEDIO;ALTO;ALTO;ALTO;0.2023;0.3895;0.4083;RandomForest
47085;Luis Milla;546;Mediocentro;2024;2025;2878;7.130303;85.59;78.77;ALTO;ALTO;ALTO;ALTO;0.0314;0.1258;0.8428;RandomForest
47109;Óscar Valentín;728;Mediocentro;2024;2025;1844;6.658823;50.54;63.65;MEDIO;BAJO;BAJO;BAJO;0.4684;0.3651;0.1666;RandomForest
47111;Benito Ramírez;534;Mediocentro;2024;2025;463;6.58421;37.58;;;BAJO;BAJO;BAJO;0.5619;0.3079;0.1302;RandomForest
47195;Álvaro Aguado;540;Mediocentro;2024;2025;435;6.65;39.94;;;BAJO;BAJO;BAJO;0.5544;0.3161;0.1295;RandomForest
47258;Mauro Arambarri;546;Mediocentro;2024;2025;2665;6.908571000000001;75.36;73.05;MEDIO;MEDIO;ALTO;MEDIO;0.2086;0.4226;0.3688;RandomForest
47285;Unai López;728;Mediocentro;2024;2025;1720;6.878125;71.03;69.14;MEDIO;MEDIO;MEDIO;ALTO;0.3071;0.4188;0.2741;RandomForest
47306;Álex Sola;546;Mediocentro;2024;2025;1036;6.477777;40.03;32.55;;BAJO;BAJO;BAJO;0.5581;0.344;0.0979;RandomForest
47309;Ander Guevara;542;Mediocentro;2024;2025;1951;6.624242;48.46;48.29;BAJO;BAJO;BAJO;BAJO;0.4921;0.3528;0.1551;RandomForest
47315;Martín Zubimendi;548;Mediocentro;2024;2025;2962;7.041666000000001;83.19;;;ALTO;ALTO;MEDIO;0.0703;0.1647;0.765;RandomForest
47321;Roberto López;537;Mediocentro;2024;2025;387;6.572727000000001;34.45;;;BAJO;BAJO;BAJO;0.586;0.2882;0.1258;RandomForest
47336;Sergi Darder;798;Mediocentro;2024;2025;2770;7.039472999999999;80.34;73.4;MEDIO;ALTO;ALTO;MEDIO;0.1044;0.2488;0.6467;RandomForest
47341;Marc Roca;543;Mediocentro;2024;2025;909;7.05;78.05;62.02;MEDIO;MEDIO;MEDIO;MEDIO;0.227;0.4862;0.2868;RandomForest
47361;Darko Brašanac;537;Mediocentro;2024;2025;1612;6.6;43.83;;;BAJO;BAJO;BAJO;0.5897;0.3053;0.1051;RandomForest
47389;Joan Jordán;542;Mediocentro;2024;2025;1415;7.052;78.77;19.09;;ALTO;ALTO;ALTO;0.1348;0.3311;0.5341;RandomForest
47398;Pere Milla;540;Mediocentro;2024;2025;459;6.638888;39.32;68.87;MEDIO;BAJO;BAJO;BAJO;0.6296;0.2869;0.0835;RandomForest
47414;Gerard Gumbau;728;Mediocentro;2024;2025;841;6.681818;44.77;45.47;;BAJO;BAJO;MEDIO;0.5109;0.3709;0.1182;RandomForest
47416;Óscar Rodríguez;537;Mediocentro;2024;2025;1319;6.734481999999999;58.4;;;MEDIO;MEDIO;ALTO;0.3749;0.3807;0.2444;RandomForest
47418;Mikel Vesga;531;Mediocentro;2024;2025;980;6.695833;49.62;39.68;;BAJO;BAJO;BAJO;0.5678;0.3091;0.1231;RandomForest
47435;Fran Beltrán;538;Mediocentro;2024;2025;2427;6.855881999999999;65.01;43.24;BAJO;MEDIO;BAJO;MEDIO;0.3524;0.3984;0.2491;RandomForest
47440;Brais Méndez;548;Mediocentro;2024;2025;1548;6.757692;59.3;79.46;ALTO;MEDIO;BAJO;BAJO;0.3981;0.4227;0.1791;RandomForest
47463;Pepelu;532;Mediocentro;2024;2025;1742;7.033332999999999;77.56;83.55;ALTO;ALTO;ALTO;MEDIO;0.1304;0.3174;0.5522;RandomForest
47464;José Campaña;534;Mediocentro;2024;2025;1196;6.824;61.16;;;BAJO;BAJO;BAJO;0.4114;0.3994;0.1892;RandomForest
47541;Santi Comesaña;533;Mediocentro;2024;2025;2582;7.082856999999999;84.14;74.28;MEDIO;ALTO;ALTO;MEDIO;0.0809;0.2001;0.7191;RandomForest
47543;Álvaro García;728;Mediocentro;2024;2025;2565;7.047222;77.5;56.43;BAJO;ALTO;MEDIO;MEDIO;0.1103;0.4175;0.4722;RandomForest
47557;Óscar Trejo;728;Mediocentro;2024;2025;489;6.568421;36.97;31.08;;BAJO;BAJO;ALTO;0.5938;0.3057;0.1005;RandomForest
47574;Moi Gómez;727;Mediocentro;2024;2025;789;6.48;38.71;67.44;MEDIO;BAJO;BAJO;BAJO;0.6165;0.2808;0.1027;RandomForest
48471;Ruben Vargas;536;Mediocentro;2024;2025;677;6.790909;64.19;68.27;MEDIO;MEDIO;MEDIO;ALTO;0.3869;0.4208;0.1923;RandomForest
67939;Aimar Oroz;727;Mediocentro;2024;2025;2919;6.975;80.86;80.58;ALTO;ALTO;ALTO;MEDIO;0.1255;0.3293;0.5452;RandomForest
67940;José Gragera;540;Mediocentro;2024;2025;572;6.68;44.15;;;BAJO;BAJO;BAJO;0.5496;0.3217;0.1287;RandomForest
67972;Conor Gallagher;530;Mediocentro;2024;2025;1637;6.853125;66.52;51.75;BAJO;MEDIO;BAJO;BAJO;0.3535;0.4161;0.2303;RandomForest
70315;Kirian Rodríguez;534;Mediocentro;2024;2025;1768;6.966666;79.0;;;ALTO;ALTO;MEDIO;0.1078;0.3058;0.5863;RandomForest
84086;Robert Navarro;531;Mediocentro;2024;2025;2571;6.847826000000001;69.18;60.2;MEDIO;MEDIO;MEDIO;BAJO;0.2529;0.4482;0.2989;RandomForest
104821;Jon Guridi;542;Mediocentro;2024;2025;2097;6.734375;56.77;33.92;BAJO;BAJO;BAJO;BAJO;0.415;0.413;0.1721;RandomForest
107153;Kike Pérez;720;Mediocentro;2024;2025;1198;6.789473;66.31;;;MEDIO;MEDIO;ALTO;0.3218;0.4144;0.2638;RandomForest
107194;Antonio Sánchez;798;Mediocentro;2024;2025;1384;6.637500000000001;45.63;41.57;BAJO;BAJO;BAJO;MEDIO;0.576;0.3199;0.1042;RandomForest
119235;Pedro Ortiz;536;Mediocentro;2024;2025;0;;19.61;;;BAJO;BAJO;BAJO;0.6417;0.2312;0.1271;RandomForest
122230;Manuel Fuster;534;Mediocentro;2024;2025;990;6.864285;61.28;;;MEDIO;MEDIO;MEDIO;0.3847;0.4235;0.1918;RandomForest
122657;Randy Nteka;728;Mediocentro;2024;2025;1137;6.683333;48.88;32.83;;BAJO;BAJO;BAJO;0.5367;0.3795;0.0838;RandomForest
126936;Samuel Lino;530;Mediocentro;2024;2025;1563;6.96129;75.36;;;MEDIO;MEDIO;MEDIO;0.2439;0.4025;0.3536;RandomForest
127426;Pol Lozano;540;Mediocentro;2024;2025;1960;6.67;49.11;53.83;BAJO;BAJO;BAJO;MEDIO;0.5184;0.3457;0.1359;RandomForest
128398;Oihan Sancet;531;Mediocentro;2024;2025;1628;7.051724;76.67;49.15;BAJO;MEDIO;MEDIO;MEDIO;0.2875;0.4031;0.3094;RandomForest
129718;Jude Bellingham;541;Mediocentro;2024;2025;2493;7.48387;92.04;92.1;ALTO;ALTO;ALTO;ALTO;0.0293;0.0992;0.8715;RandomForest
131546;Isi Palazón;728;Mediocentro;2024;2025;2189;6.945714;74.5;65.75;MEDIO;ALTO;MEDIO;MEDIO;0.1502;0.3573;0.4925;RandomForest
133185;Johnny Cardoso;530;Mediocentro;2024;2025;4288;6.957142;78.96;61.04;;ALTO;ALTO;MEDIO;0.1064;0.3448;0.5488;RandomForest
133609;Pedri;529;Mediocentro;2024;2025;2808;7.619443999999999;89.83;90.86;ALTO;ALTO;ALTO;ALTO;0.0085;0.0307;0.9608;RandomForest
136117;Rodrigo Riquelme;530;Mediocentro;2024;2025;508;6.68125;43.45;44.84;BAJO;BAJO;BAJO;ALTO;0.5579;0.3336;0.1085;RandomForest
139001;Pablo Ibáñez;727;Mediocentro;2024;2025;2506;6.680769;49.69;67.99;MEDIO;BAJO;BAJO;BAJO;0.4915;0.3745;0.134;RandomForest
158378;Enzo Barrenechea;532;Mediocentro;2024;2025;2207;6.966666;76.5;;;ALTO;ALTO;ALTO;0.1313;0.319;0.5497;RandomForest
161873;Pedro Alemañ Serna;532;Mediocentro;2024;2025;0;;19.61;;;BAJO;BAJO;BAJO;0.6417;0.2312;0.1271;RandomForest
162123;Ilaix Moriba;538;Mediocentro;2024;2025;2129;6.948484;76.55;65.91;MEDIO;ALTO;ALTO;ALTO;0.1647;0.3527;0.4826;RandomForest
162686;Antonio Blanco;542;Mediocentro;2024;2025;2736;6.758823;62.05;82.37;ALTO;MEDIO;MEDIO;MEDIO;0.3045;0.4544;0.2411;RandomForest
162931;Fran Pérez;728;Mediocentro;2024;2025;1157;6.572;38.74;46.64;BAJO;BAJO;BAJO;BAJO;0.5702;0.3439;0.0859;RandomForest
181463;Víctor Meseguer;720;Mediocentro;2024;2025;407;6.453846;29.7;;;BAJO;BAJO;BAJO;0.6119;0.2749;0.1132;RandomForest
182219;Alejandro Baena;533;Mediocentro;2024;2025;5209;7.5;86.37;77.47;ALTO;ALTO;ALTO;ALTO;0.0246;0.0933;0.8821;RandomForest
182519;Alberto Moleiro;534;Mediocentro;2024;2025;2727;6.814285;69.75;77.5;ALTO;MEDIO;MEDIO;MEDIO;0.2124;0.4581;0.3295;RandomForest
182603;Jon Ander Olasagasti;548;Mediocentro;2024;2025;852;6.681818;43.9;50.04;BAJO;BAJO;BAJO;BAJO;0.5752;0.318;0.1068;RandomForest
182617;Beñat Prados;531;Mediocentro;2024;2025;1721;6.78;61.44;30.32;;MEDIO;BAJO;MEDIO;0.391;0.4055;0.2034;RandomForest
182621;Iker Muñoz;727;Mediocentro;2024;2025;584;6.585714;34.71;38.8;;BAJO;BAJO;BAJO;0.6271;0.2788;0.0941;RandomForest
182694;Iván Gil;534;Mediocentro;2024;2025;0;;19.61;;;BAJO;BAJO;BAJO;0.6417;0.2312;0.1271;RandomForest
182772;Juanlu Sánchez;536;Mediocentro;2024;2025;1720;6.836666;64.92;62.02;MEDIO;MEDIO;BAJO;BAJO;0.3755;0.4323;0.1923;RandomForest
183699;Urko González;540;Mediocentro;2024;2025;1429;6.811764;53.49;45.62;BAJO;MEDIO;BAJO;BAJO;0.3886;0.4347;0.1767;RandomForest
183744;Beñat Turrientes;548;Mediocentro;2024;2025;940;6.7;48.51;64.29;MEDIO;BAJO;BAJO;BAJO;0.5278;0.353;0.1192;RandomForest
184226;Yéremy Pino;533;Mediocentro;2024;2025;1949;6.92647;75.72;61.58;;ALTO;MEDIO;MEDIO;0.1815;0.4043;0.4142;RandomForest
185202;Juan Cruz;537;Mediocentro;2024;2025;2265;6.882352;71.15;;;MEDIO;MEDIO;MEDIO;0.3014;0.4555;0.2431;RandomForest
185477;Rodri Sánchez;543;Mediocentro;2024;2025;117;6.766666;45.03;;;BAJO;BAJO;ALTO;0.5547;0.2778;0.1674;RandomForest
187987;Ramón Terrats;546;Mediocentro;2024;2025;1352;7.053333;75.32;50.57;BAJO;MEDIO;MEDIO;BAJO;0.234;0.3975;0.3685;RandomForest
190485;Samú Costa;798;Mediocentro;2024;2025;2654;6.859375;71.96;78.24;ALTO;ALTO;ALTO;ALTO;0.2235;0.3668;0.4097;RandomForest
199042;Mario Maroto;720;Mediocentro;2024;2025;62;6.6;31.57;;;BAJO;BAJO;BAJO;0.6355;0.2461;0.1184;RandomForest
268960;Arsen Zakharyan;548;Mediocentro;2024;2025;71;7.166666;63.04;33.86;;BAJO;BAJO;ALTO;0.5459;0.2713;0.1828;RandomForest
269163;Williot Swedberg;538;Mediocentro;2024;2025;1347;6.706250000000001;54.27;60.01;BAJO;BAJO;BAJO;BAJO;0.4422;0.4275;0.1303;RandomForest
281795;Yáser Asprilla;547;Mediocentro;2024;2025;1415;6.87037;69.22;63.42;BAJO;MEDIO;MEDIO;MEDIO;0.2919;0.462;0.2461;RandomForest
285909;Pablo Torre;529;Mediocentro;2024;2025;308;7.1875;65.69;47.48;BAJO;BAJO;BAJO;ALTO;0.3893;0.3643;0.2464;RandomForest
286084;Sergi Altimira;543;Mediocentro;2024;2025;1977;6.935483;73.21;73.25;MEDIO;ALTO;ALTO;MEDIO;0.2194;0.3636;0.417;RandomForest
286796;Damián Rodríguez;538;Mediocentro;2024;2025;944;6.782352;45.58;23.51;;BAJO;BAJO;MEDIO;0.4861;0.3638;0.1501;RandomForest
287652;Jon Magunazelaia;548;Mediocentro;2024;2025;5;7.2;55.49;;;BAJO;BAJO;MEDIO;0.5575;0.2903;0.1523;RandomForest
288384;Mikel Goti;548;Mediocentro;2024;2025;0;;19.61;24.56;;BAJO;BAJO;BAJO;0.6417;0.2312;0.1271;RandomForest
290106;Pablo Marín;548;Mediocentro;2024;2025;1265;6.763636000000001;58.66;42.28;BAJO;MEDIO;BAJO;BAJO;0.4038;0.4081;0.1881;RandomForest
291964;Arda Güler;541;Mediocentro;2024;2025;1274;7.221428000000001;81.31;84.21;ALTO;ALTO;ALTO;ALTO;0.1003;0.3773;0.5224;RandomForest
293297;John Patrick;546;Mediocentro;2024;2025;44;6.6;29.41;;;BAJO;BAJO;BAJO;0.6257;0.2607;0.1135;RandomForest
296667;Pablo Gavi;529;Mediocentro;2024;2025;1014;6.913043;68.34;56.07;;MEDIO;BAJO;ALTO;0.2857;0.4132;0.3011;RandomForest
297646;Daniel Luna;798;Mediocentro;2024;2025;23;6.55;23.64;20.75;;BAJO;BAJO;BAJO;0.6666;0.2205;0.113;RandomForest
302051;Seydouba Cisse;537;Mediocentro;2024;2025;2451;6.744117;63.62;;;MEDIO;MEDIO;MEDIO;0.3537;0.3812;0.2651;RandomForest
303378;Javier Serrano;530;Mediocentro;2024;2025;0;;19.61;;;BAJO;BAJO;BAJO;0.6417;0.2312;0.1271;RandomForest
306727;Jhon Solís;547;Mediocentro;2024;2025;524;6.44;33.42;34.88;;BAJO;BAJO;BAJO;0.6739;0.23;0.0961;RandomForest
307565;Thiago Ojeda;533;Mediocentro;2024;2025;7;6.7;27.56;;;BAJO;BAJO;BAJO;0.5936;0.2486;0.1578;RandomForest
308678;Dário Essugo;534;Mediocentro;2024;2025;1952;6.87037;72.8;;;MEDIO;MEDIO;ALTO;0.218;0.4502;0.3318;RandomForest
310187;Stefan Bajčetić;534;Mediocentro;2024;2025;976;6.728571;62.55;;;MEDIO;MEDIO;ALTO;0.2794;0.421;0.2996;RandomForest
313651;Hugo Sotelo;538;Mediocentro;2024;2025;1269;6.772727;49.54;69.92;MEDIO;BAJO;BAJO;MEDIO;0.4874;0.3551;0.1575;RandomForest
315586;Lander Pinillos;542;Mediocentro;2024;2025;0;;19.61;15.26;;BAJO;BAJO;BAJO;0.6417;0.2312;0.1271;RandomForest
315699;Javier Guerra;532;Mediocentro;2024;2025;2593;6.755555;63.42;55.05;BAJO;MEDIO;BAJO;MEDIO;0.3203;0.4017;0.2779;RandomForest
319572;Valentín Barco;536;Mediocentro;2024;2025;286;6.685714;43.81;;;BAJO;BAJO;BAJO;0.549;0.3176;0.1334;RandomForest
325140;Justin Smith;540;Mediocentro;2024;2025;210;6.660000000000001;37.6;;;BAJO;BAJO;BAJO;0.5632;0.2958;0.1411;RandomForest
327628;Ricard Artero;547;Mediocentro;2024;2025;0;;19.61;;;BAJO;BAJO;BAJO;0.6417;0.2312;0.1271;RandomForest
329720;Hugo Álvarez;538;Mediocentro;2024;2025;1570;6.8;63.26;56.28;BAJO;MEDIO;BAJO;MEDIO;0.3486;0.4745;0.1769;RandomForest
329728;Marc Casadó;529;Mediocentro;2024;2025;1623;6.995652;73.34;48.43;BAJO;ALTO;ALTO;MEDIO;0.1259;0.3601;0.5139;RandomForest
329729;Lulo Dasilva;536;Mediocentro;2024;2025;0;;19.61;;;BAJO;BAJO;BAJO;0.6417;0.2312;0.1271;RandomForest
331004;Chuky;720;Mediocentro;2024;2025;726;6.488235;37.45;;;BAJO;BAJO;BAJO;0.6151;0.2814;0.1036;RandomForest
331607;Manu Bueno;536;Mediocentro;2024;2025;144;6.6875;39.49;44.55;;BAJO;BAJO;BAJO;0.5784;0.2721;0.1495;RandomForest
332308;Unai Gómez;531;Mediocentro;2024;2025;1276;6.5625;42.53;45.62;;BAJO;BAJO;BAJO;0.6205;0.3007;0.0788;RandomForest
332309;Alejandro Rego;531;Mediocentro;2024;2025;0;;19.61;55.47;;BAJO;BAJO;BAJO;0.6417;0.2312;0.1271;RandomForest
333376;Adrián Verde;720;Mediocentro;2024;2025;0;;19.61;;;BAJO;BAJO;BAJO;0.6417;0.2312;0.1271;RandomForest
333378;Diego Mendez;728;Mediocentro;2024;2025;0;;19.61;;;BAJO;BAJO;BAJO;0.6417;0.2312;0.1271;RandomForest
333447;Raúl Martínez;547;Mediocentro;2024;2025;0;;19.61;;;BAJO;BAJO;BAJO;0.6417;0.2312;0.1271;RandomForest
333502;Miguel Román;538;Mediocentro;2024;2025;0;;19.61;64.35;MEDIO;BAJO;BAJO;BAJO;0.6417;0.2312;0.1271;RandomForest
335034;Pablo Rivera;536;Mediocentro;2024;2025;0;;19.61;;;BAJO;BAJO;BAJO;0.6417;0.2312;0.1271;RandomForest
336590;Aitor Gismera;530;Mediocentro;2024;2025;0;;19.61;;;BAJO;BAJO;BAJO;0.6417;0.2312;0.1271;RandomForest
336594;Pablo Barrios;530;Mediocentro;2024;2025;2336;6.896774;76.46;84.58;ALTO;ALTO;ALTO;MEDIO;0.2201;0.3434;0.4364;RandomForest
336674;Gabriel Misehouy;547;Mediocentro;2024;2025;260;6.666666;40.88;;;BAJO;BAJO;BAJO;0.6193;0.2535;0.1272;RandomForest
338872;Jon Garcia;727;Mediocentro;2024;2025;0;;19.61;;;BAJO;BAJO;BAJO;0.6417;0.2312;0.1271;RandomForest
339105;Joel Roca;547;Mediocentro;2024;2025;0;;19.61;54.04;BAJO;BAJO;BAJO;BAJO;0.6417;0.2312;0.1271;RandomForest
340152;Stanis Idumbo Muzambo;536;Mediocentro;2024;2025;290;6.625;41.49;24.21;;BAJO;BAJO;BAJO;0.6292;0.2659;0.1049;RandomForest
340154;Arthur Vermeeren;530;Mediocentro;2024;2025;0;;19.61;;;BAJO;BAJO;BAJO;0.6417;0.2312;0.1271;RandomForest
340626;Fermín López;529;Mediocentro;2024;2025;1193;6.996152999999999;74.76;81.07;ALTO;MEDIO;MEDIO;MEDIO;0.1608;0.4891;0.3502;RandomForest
343205;Mario Martín;541;Mediocentro;2024;2025;3512;6.646666;58.99;50.94;BAJO;MEDIO;ALTO;MEDIO;0.2154;0.4292;0.3554;RandomForest
353444;Daouda Doumbia;542;Mediocentro;2024;2025;0;;19.61;;;BAJO;BAJO;BAJO;0.6417;0.2312;0.1271;RandomForest
354762;Iker Varela;531;Mediocentro;2024;2025;0;;19.61;;;BAJO;BAJO;BAJO;0.6417;0.2312;0.1271;RandomForest
360411;Alberto Collado;536;Mediocentro;2024;2025;0;;19.61;;;BAJO;BAJO;BAJO;0.6417;0.2312;0.1271;RandomForest
364415;Yellu Santiago;546;Mediocentro;2024;2025;424;6.4222220000000005;26.33;;;BAJO;BAJO;BAJO;0.6708;0.2282;0.101;RandomForest
381197;Asier Osambela;727;Mediocentro;2024;2025;0;;19.61;46.85;;BAJO;BAJO;BAJO;0.6417;0.2312;0.1271;RandomForest
383780;Mikel Jauregizar;531;Mediocentro;2024;2025;2243;6.944117;77.88;74.67;MEDIO;ALTO;ALTO;ALTO;0.1476;0.3159;0.5365;RandomForest
385389;Alex Gil;537;Mediocentro;2024;2025;0;;19.61;;;BAJO;BAJO;BAJO;0.6417;0.2312;0.1271;RandomForest
386187;Hugo Solozábal;537;Mediocentro;2024;2025;0;;19.61;17.6;;BAJO;BAJO;BAJO;0.6417;0.2312;0.1271;RandomForest
388032;Carlos Guirao;543;Mediocentro;2024;2025;112;0.0;22.76;;;BAJO;BAJO;ALTO;0.5948;0.2392;0.166;RandomForest
388871;Chema Andrés;541;Mediocentro;2024;2025;13;6.200000000000001;15.16;;;BAJO;BAJO;BAJO;0.6481;0.2246;0.1272;RandomForest
391131;Dani Requena;533;Mediocentro;2024;2025;9;6.3;15.74;;;BAJO;BAJO;BAJO;0.5618;0.2517;0.1865;RandomForest
402281;Silvi Clúa;547;Mediocentro;2024;2025;163;6.799999999999999;50.44;;;BAJO;BAJO;BAJO;0.5176;0.3026;0.1798;RandomForest
403554;Christantus Uche;546;Mediocentro;2024;2025;2501;6.851515;72.88;68.81;;ALTO;ALTO;MEDIO;0.165;0.3699;0.4651;RandomForest
406043;Lucas Núñez;532;Mediocentro;2024;2025;0;;19.61;20.75;;BAJO;BAJO;BAJO;0.6417;0.2312;0.1271;RandomForest
406266;Ali Fadal;532;Mediocentro;2024;2025;0;;19.61;;;BAJO;BAJO;BAJO;0.6417;0.2312;0.1271;RandomForest
411424;Jan Salas;798;Mediocentro;2024;2025;44;6.6;31.04;37.32;;BAJO;BAJO;BAJO;0.6227;0.2594;0.1179;RandomForest
412704;Noah Darvich;529;Mediocentro;2024;2025;0;;19.61;;;BAJO;BAJO;BAJO;0.6417;0.2312;0.1271;RandomForest
413502;Mateo Flores;543;Mediocentro;2024;2025;153;6.333333;23.53;;;BAJO;BAJO;BAJO;0.6517;0.2332;0.1151;RandomForest
433396;Marc Bernal;529;Mediocentro;2024;2025;244;7.033333;60.53;46.49;;BAJO;BAJO;ALTO;0.4577;0.3715;0.1708;RandomForest
437643;Peio Canales;531;Mediocentro;2024;2025;255;6.6375;34.89;;;BAJO;BAJO;BAJO;0.5652;0.2893;0.1454;RandomForest
438284;Rafael Bauza;540;Mediocentro;2024;2025;182;6.28;24.53;20.75;;BAJO;BAJO;BAJO;0.6328;0.2419;0.1253;RandomForest
439700;Enric Garcia;547;Mediocentro;2024;2025;0;;19.61;;;BAJO;BAJO;BAJO;0.6417;0.2312;0.1271;RandomForest
441232;Guillermo Fernández;529;Mediocentro;2024;2025;0;;19.61;20.75;;BAJO;BAJO;BAJO;0.6417;0.2312;0.1271;RandomForest
453885;Aboubacar Bassinga;534;Mediocentro;2024;2025;3;6.3;16.87;;;BAJO;BAJO;BAJO;0.5792;0.2454;0.1754;RandomForest
463280;Alassane Diatta;533;Mediocentro;2024;2025;0;;19.61;20.75;;BAJO;BAJO;BAJO;0.6417;0.2312;0.1271;RandomForest
465838;Alberto Risco;546;Mediocentro;2024;2025;79;6.54;33.61;20.75;;BAJO;BAJO;ALTO;0.6101;0.2562;0.1336;RandomForest
490848;Sergio Vieira;534;Mediocentro;2024;2025;96;6.8;40.08;;;BAJO;BAJO;BAJO;0.5948;0.2485;0.1566;RandomForest
506254;Ibrahim Alani;720;Mediocentro;2024;2025;158;6.799999999999999;43.79;;;BAJO;BAJO;ALTO;0.5551;0.2865;0.1584;RandomForest
522648;José Carlos González;534;Mediocentro;2024;2025;10;6.3;16.09;;;BAJO;BAJO;BAJO;0.56;0.2505;0.1895;RandomForest
29;Jan Oblak;530;Portero;2024;2025;3240;7.061111;55.41;46.45;MEDIO;MEDIO;ALTO;MEDIO;0.2843;0.3853;0.3304;RandomForest
124;Jasper Cillessen;534;Portero;2024;2025;2337;7.059258999999999;52.23;;;ALTO;MEDIO;MEDIO;0.2856;0.332;0.3824;RandomForest
126;Iñaki Peña;529;Portero;2024;2025;1395;7.05;45.86;56.51;ALTO;BAJO;BAJO;BAJO;0.4757;0.2525;0.2718;RandomForest
127;Marc-André Ter Stegen;529;Portero;2024;2025;675;6.825;35.23;25.8;;BAJO;BAJO;BAJO;0.4556;0.2604;0.284;RandomForest
158;Paulo Gazzaniga;547;Portero;2024;2025;3196;6.972222;50.28;37.02;BAJO;ALTO;ALTO;MEDIO;0.1899;0.3802;0.4299;RandomForest
730;Thibaut Courtois;541;Portero;2024;2025;2700;7.11;60.0;40.34;BAJO;ALTO;ALTO;ALTO;0.2648;0.3415;0.3937;RandomForest
851;Wojciech Szczęsny;529;Portero;2024;2025;1260;6.935714;45.44;46.98;MEDIO;BAJO;BAJO;MEDIO;0.4252;0.3187;0.2561;RandomForest
911;Jaume Doménech;532;Portero;2024;2025;0;;27.87;;;BAJO;BAJO;ALTO;0.5885;0.2425;0.169;RandomForest
1304;Dinko Horkaš;534;Portero;2024;2025;1083;6.938461;44.44;;;BAJO;BAJO;BAJO;0.4311;0.2904;0.2785;RandomForest
1557;Pau López;547;Portero;2024;2025;44;6.9;37.17;49.74;MEDIO;BAJO;BAJO;BAJO;0.5504;0.2404;0.2092;RandomForest
2036;Juan Soriano;537;Portero;2024;2025;540;7.066666;52.09;;;BAJO;ALTO;ALTO;0.4779;0.3126;0.2095;RandomForest
2465;Juan Musso;530;Portero;2024;2025;180;7.3;55.39;31.66;;BAJO;ALTO;BAJO;0.5595;0.2217;0.2188;RandomForest
2813;Marko Dmitrović;537;Portero;2024;2025;2880;7.009375;54.54;48.84;MEDIO;ALTO;MEDIO;ALTO;0.1729;0.3397;0.4873;RandomForest
11379;Augusto Batalla;728;Portero;2024;2025;2880;7.09375;68.02;49.77;MEDIO;ALTO;ALTO;ALTO;0.1355;0.3357;0.5288;RandomForest
18812;Adrián;543;Portero;2024;2025;1710;6.873684;37.32;29.09;;BAJO;BAJO;ALTO;0.3555;0.2971;0.3473;RandomForest
18835;Vicente Guaita;538;Portero;2024;2025;3060;6.911764;43.84;;;MEDIO;MEDIO;BAJO;0.354;0.3947;0.2513;RandomForest
19172;Ørjan Nyland;536;Portero;2024;2025;2674;6.793333;39.19;25.5;;MEDIO;ALTO;ALTO;0.2952;0.4329;0.2719;RandomForest
24760;Giorgi Mamardashvili;532;Portero;2024;2025;180;6.864705;41.61;;;MEDIO;ALTO;MEDIO;0.2616;0.4305;0.3079;RandomForest
41320;André Ferreira;720;Portero;2024;2025;540;6.516666;24.58;;;BAJO;BAJO;MEDIO;0.4704;0.2505;0.2791;RandomForest
42642;Horațiu Moldovan;530;Portero;2024;2025;0;;27.02;29.09;;BAJO;BAJO;MEDIO;0.6149;0.2556;0.1295;RandomForest
46646;Sergio Herrera;727;Portero;2024;2025;3240;7.288888;60.05;58.39;ALTO;ALTO;MEDIO;ALTO;0.1929;0.399;0.4081;RandomForest
46672;Rui Silva;543;Portero;2024;2025;1350;7.033333000000001;49.43;;;BAJO;BAJO;BAJO;0.4316;0.2568;0.3116;RandomForest
47016;Álvaro Fernández;536;Portero;2024;2025;746;6.655555;30.28;;;BAJO;BAJO;BAJO;0.4961;0.2914;0.2126;RandomForest
47153;Juan Carlos;547;Portero;2024;2025;0;;27.87;28.32;;BAJO;ALTO;BAJO;0.5821;0.2287;0.1891;RandomForest
47247;David Soria;546;Portero;2024;2025;3420;7.05;53.72;33.63;BAJO;ALTO;MEDIO;MEDIO;0.1978;0.3913;0.4109;RandomForest
47269;Álex Remiro;548;Portero;2024;2025;3240;6.972222;51.01;38.8;BAJO;ALTO;MEDIO;MEDIO;0.1917;0.3885;0.4198;RandomForest
47270;Unai Simón;531;Portero;2024;2025;1890;7.090476;58.25;44.86;MEDIO;BAJO;ALTO;ALTO;0.3491;0.3255;0.3254;RandomForest
47352;Fernando Pacheco;540;Portero;2024;2025;0;;27.87;;;BAJO;BAJO;ALTO;0.5885;0.2425;0.169;RandomForest
47353;Antonio Sivera;542;Portero;2024;2025;2812;7.0093749999999995;48.64;42.15;BAJO;ALTO;MEDIO;MEDIO;0.2766;0.3486;0.3747;RandomForest
47399;Iván Cuéllar;798;Portero;2024;2025;0;;27.87;29.09;;BAJO;BAJO;ALTO;0.5885;0.2425;0.169;RandomForest
47400;Andriy Lunin;541;Portero;2024;2025;630;7.057142;51.83;29.09;;BAJO;BAJO;BAJO;0.4249;0.3046;0.2705;RandomForest
47427;Iván Villar;538;Portero;2024;2025;360;6.75;28.46;29.09;;BAJO;BAJO;MEDIO;0.4665;0.2737;0.2599;RandomForest
47448;Aitor Fernández;727;Portero;2024;2025;90;8.3;55.34;29.09;;BAJO;ALTO;ALTO;0.4777;0.1929;0.3294;RandomForest
47527;Stole Dimitrievski;532;Portero;2024;2025;360;6.35;22.29;48.86;;BAJO;BAJO;BAJO;0.5244;0.2166;0.259;RandomForest
47529;Miguel Ángel Morro;533;Portero;2024;2025;0;;27.02;;;BAJO;BAJO;MEDIO;0.6149;0.2556;0.1295;RandomForest
61142;Dominik Greif;798;Portero;2024;2025;2790;7.08387;57.96;;;MEDIO;MEDIO;MEDIO;0.2498;0.3896;0.3606;RandomForest
66491;Jiří Letáček;546;Portero;2024;2025;0;;27.87;29.09;;BAJO;BAJO;ALTO;0.5885;0.2425;0.169;RandomForest
122471;Jesús Owono;542;Portero;2024;2025;486;6.65;32.97;;;BAJO;BAJO;MEDIO;0.472;0.3006;0.2274;RandomForest
122956;Diego Conde;533;Portero;2024;2025;1963;6.922727;44.29;29.09;;BAJO;BAJO;MEDIO;0.371;0.3107;0.3183;RandomForest
156488;Dani Cárdenas;728;Portero;2024;2025;540;6.8;32.3;29.09;;BAJO;BAJO;BAJO;0.5268;0.2559;0.2173;RandomForest
162585;Pol Tristan Jimenez;540;Portero;2024;2025;0;;27.4;28.72;;BAJO;BAJO;ALTO;0.6119;0.2483;0.1399;RandomForest
163060;Adrián Rodríguez;542;Portero;2024;2025;121;6.6;28.58;;;BAJO;BAJO;MEDIO;0.5028;0.261;0.2362;RandomForest
169256;Iker Álvarez;533;Portero;2024;2025;0;;27.02;;;BAJO;BAJO;MEDIO;0.6149;0.2556;0.1295;RandomForest
169295;Karl Hein;720;Portero;2024;2025;2790;6.851612;38.9;;;MEDIO;MEDIO;ALTO;0.3582;0.3907;0.2512;RandomForest
179139;Leo Román;798;Portero;2024;2025;630;7.785714;59.65;49.06;MEDIO;BAJO;ALTO;BAJO;0.4526;0.2821;0.2653;RandomForest
179996;Francisco Vieites;543;Portero;2024;2025;360;6.875;39.72;;;BAJO;BAJO;BAJO;0.4686;0.2841;0.2473;RandomForest
182657;Pablo Valencia;727;Portero;2024;2025;0;;27.87;;;BAJO;BAJO;ALTO;0.5885;0.2425;0.169;RandomForest
182718;Joan García;529;Portero;2024;2025;6840;7.392105;67.17;67.43;ALTO;ALTO;ALTO;MEDIO;0.1516;0.3737;0.4747;RandomForest
182730;Marc Vidal;538;Portero;2024;2025;0;;27.51;;;BAJO;BAJO;ALTO;0.6119;0.2483;0.1399;RandomForest
182735;Angel Fortuno;540;Portero;2024;2025;0;;27.87;29.09;;BAJO;BAJO;ALTO;0.5885;0.2425;0.169;RandomForest
183848;Julen Agirrezabala;531;Portero;2024;2025;1207;6.914285;40.92;34.95;BAJO;BAJO;ALTO;BAJO;0.437;0.2873;0.2757;RandomForest
189831;Egoitz Arana;548;Portero;2024;2025;0;;27.47;;;BAJO;BAJO;ALTO;0.6119;0.2483;0.1399;RandomForest
189832;Unai Marrero;548;Portero;2024;2025;180;7.8;54.57;29.09;;BAJO;ALTO;ALTO;0.4738;0.2037;0.3225;RandomForest
237252;Pere García;798;Portero;2024;2025;0;;27.25;;;BAJO;BAJO;MEDIO;0.6115;0.2502;0.1383;RandomForest
278619;Luiz Júnior;533;Portero;2024;2025;1457;7.188234999999999;59.27;42.54;BAJO;BAJO;ALTO;MEDIO;0.3949;0.3501;0.255;RandomForest
285505;Juanpe;728;Portero;2024;2025;0;;27.51;28.58;;BAJO;BAJO;ALTO;0.6119;0.2483;0.1399;RandomForest
286795;César Fernández;538;Portero;2024;2025;0;;27.4;;;BAJO;BAJO;ALTO;0.6119;0.2483;0.1399;RandomForest
290686;Rafael Romero;536;Portero;2024;2025;0;;27.02;28.32;;BAJO;BAJO;MEDIO;0.6149;0.2556;0.1295;RandomForest
302277;Rubén Gómez;533;Portero;2024;2025;0;;27.57;28.32;;BAJO;BAJO;ALTO;0.6136;0.2476;0.1388;RandomForest
308346;Alberto Flores;536;Portero;2024;2025;0;;27.87;29.09;;BAJO;BAJO;ALTO;0.5885;0.2425;0.169;RandomForest
309917;Alvaro Aceves Catalina;720;Portero;2024;2025;0;;27.02;;;BAJO;BAJO;MEDIO;0.6149;0.2556;0.1295;RandomForest
312468;Alex Padilla;531;Portero;2024;2025;319;6.78;31.71;29.09;;BAJO;BAJO;MEDIO;0.4553;0.268;0.2767;RandomForest
315604;Alejandro Iturbe;530;Portero;2024;2025;0;;27.02;29.09;;BAJO;BAJO;MEDIO;0.6149;0.2556;0.1295;RandomForest
327495;Alvin Abajas;537;Portero;2024;2025;0;;27.87;;;BAJO;BAJO;ALTO;0.5885;0.2425;0.169;RandomForest
329663;Guilherme Fernandes;543;Portero;2024;2025;0;;27.87;;;BAJO;BAJO;ALTO;0.5885;0.2425;0.169;RandomForest
329725;Arnau Rafús;720;Portero;2024;2025;90;6.0;20.77;;;BAJO;BAJO;ALTO;0.5576;0.2369;0.2055;RandomForest
331330;Matías Árbol;536;Portero;2024;2025;0;;27.87;;;BAJO;BAJO;MEDIO;0.5918;0.2426;0.1656;RandomForest
332302;Oier Gastesi;531;Portero;2024;2025;0;;27.25;;;BAJO;BAJO;ALTO;0.6075;0.2508;0.1416;RandomForest
333379;Antonio Gomis;530;Portero;2024;2025;0;;27.87;;;BAJO;BAJO;ALTO;0.5885;0.2425;0.169;RandomForest
336645;Nacho Nicolau;534;Portero;2024;2025;0;;27.02;;;BAJO;BAJO;MEDIO;0.6149;0.2556;0.1295;RandomForest
336653;Ander Astralaga;529;Portero;2024;2025;0;;27.87;;;BAJO;BAJO;ALTO;0.5885;0.2425;0.169;RandomForest
337843;Aitor Fraga;548;Portero;2024;2025;0;;27.87;28.32;;BAJO;BAJO;ALTO;0.5885;0.2425;0.169;RandomForest
348029;Dimitrios Stamatakis;727;Portero;2024;2025;0;;27.57;28.72;;BAJO;BAJO;ALTO;0.6136;0.2476;0.1388;RandomForest
377215;Grégoire Swiderski;542;Portero;2024;2025;0;;27.34;28.65;;BAJO;BAJO;ALTO;0.6118;0.2499;0.1383;RandomForest
383647;Diego Kochen;529;Portero;2024;2025;0;;27.87;29.09;;BAJO;BAJO;ALTO;0.5885;0.2425;0.169;RandomForest
386872;Sergio Mestre;530;Portero;2024;2025;0;;27.87;29.09;;BAJO;BAJO;BAJO;0.5875;0.2445;0.168;RandomForest
391311;Áron Yaakobishvili;529;Portero;2024;2025;0;;27.25;;;BAJO;BAJO;MEDIO;0.6115;0.2502;0.1383;RandomForest
392455;Germán García;543;Portero;2024;2025;0;;27.47;28.32;;BAJO;BAJO;ALTO;0.6119;0.2483;0.1399;RandomForest
396475;Fran González;541;Portero;2024;2025;90;6.3;20.85;28.49;;BAJO;BAJO;BAJO;0.5922;0.225;0.1829;RandomForest
400901;Rafael Fernández;727;Portero;2024;2025;0;;27.02;;;BAJO;BAJO;MEDIO;0.6149;0.2556;0.1295;RandomForest
401983;Vicent Abril;532;Portero;2024;2025;0;;27.02;28.65;;BAJO;BAJO;MEDIO;0.6149;0.2556;0.1295;RandomForest
412737;Raúl Jiménez Latorre;532;Portero;2024;2025;0;;27.34;;;BAJO;BAJO;ALTO;0.6118;0.2499;0.1383;RandomForest
432080;Jorge Benito;546;Portero;2024;2025;0;;27.25;28.16;;BAJO;BAJO;MEDIO;0.6115;0.2502;0.1383;RandomForest
432476;Vladyslav Krapyvtsov;547;Portero;2024;2025;180;6.9;34.02;51.95;;BAJO;BAJO;BAJO;0.4872;0.2518;0.261;RandomForest
440748;Alvaro Killane;534;Portero;2024;2025;0;;27.87;;;BAJO;BAJO;ALTO;0.5885;0.2425;0.169;RandomForest
442861;Aleksandar Andreev;547;Portero;2024;2025;0;;27.02;28.78;;BAJO;BAJO;MEDIO;0.6149;0.2556;0.1295;RandomForest
454491;Djordjije Medenica;546;Portero;2024;2025;0;;27.25;;;BAJO;BAJO;MEDIO;0.6115;0.2502;0.1383;RandomForest
456619;Manu González;543;Portero;2024;2025;0;;27.57;28.32;;BAJO;BAJO;ALTO;0.6136;0.2476;0.1388;RandomForest
461502;Llorenç Serred;540;Portero;2024;2025;0;;27.02;28.16;;BAJO;BAJO;MEDIO;0.6149;0.2556;0.1295;RandomForest
482071;Diego Ferrer;546;Portero;2024;2025;0;;27.18;28.32;;BAJO;BAJO;MEDIO;0.616;0.2542;0.1298;RandomForest
486068;Víctor Puig;534;Portero;2024;2025;0;;27.02;;;BAJO;BAJO;MEDIO;0.6149;0.2556;0.1295;RandomForest
505100;Israel Mora;534;Portero;2024;2025;0;;27.87;;;BAJO;BAJO;ALTO;0.5885;0.2425;0.169;RandomForest
20;Axel Witsel;547;Defensa;2025;2026;1245;6.8;67.85;;;MEDIO;MEDIO;ALTO;0.3377;0.4012;0.2611;RandomForest
31;José María Giménez;530;Defensa;2025;2026;633;7.11;69.29;;;MEDIO;MEDIO;ALTO;0.3575;0.4505;0.192;RandomForest
133;Clément Lenglet;530;Defensa;2025;2026;732;6.84;56.95;;;BAJO;BAJO;ALTO;0.4693;0.3747;0.156;RandomForest
166;Juan Foyth;533;Defensa;2025;2026;936;7.18;73.45;;;MEDIO;BAJO;ALTO;0.3811;0.3843;0.2346;RandomForest
283;Trent Alexander-Arnold;541;Defensa;2025;2026;398;7.0;68.0;;;MEDIO;MEDIO;ALTO;0.3505;0.4308;0.2187;RandomForest
372;Éder Militão;541;Defensa;2025;2026;1002;7.35;83.31;;;ALTO;ALTO;MEDIO;0.1823;0.3767;0.441;RandomForest
433;Marcão;536;Defensa;2025;2026;943;6.66;53.43;;;BAJO;BAJO;MEDIO;0.4525;0.3482;0.1993;RandomForest
505;David Alaba;541;Defensa;2025;2026;63;6.8;45.18;;;BAJO;BAJO;BAJO;0.582;0.2569;0.1611;RandomForest
531;Daley Blind;547;Defensa;2025;2026;1583;6.91;72.56;;;MEDIO;ALTO;ALTO;0.2407;0.4032;0.3561;RandomForest
619;Eric García;529;Defensa;2025;2026;1652;6.89;76.77;;;ALTO;ALTO;ALTO;0.1295;0.4136;0.457;RandomForest
622;Aymeric Laporte;531;Defensa;2025;2026;860;6.99;75.77;;;MEDIO;MEDIO;ALTO;0.2444;0.407;0.3486;RandomForest
653;Ferland Mendy;541;Defensa;2025;2026;1;0.0;15.55;;;BAJO;ALTO;ALTO;0.5544;0.2517;0.1939;RandomForest
733;Daniel Carvajal;541;Defensa;2025;2026;376;6.93;61.68;;;BAJO;BAJO;ALTO;0.4597;0.3821;0.1582;RandomForest
734;Adrián de la Fuente;539;Defensa;2025;2026;1309;6.78;66.2;;;BAJO;BAJO;BAJO;0.441;0.379;0.18;RandomForest
736;Fran García;541;Defensa;2025;2026;418;6.57;42.67;;;BAJO;BAJO;BAJO;0.5628;0.2891;0.148;RandomForest
737;Álvaro Odriozola;548;Defensa;2025;2026;134;7.23;64.75;;;BAJO;BAJO;BAJO;0.5307;0.2805;0.1888;RandomForest
753;Marcos Llorente;530;Defensa;2025;2026;1442;7.090000000000001;84.68;;;ALTO;ALTO;ALTO;0.105;0.4035;0.4914;RandomForest
855;João Cancelo;529;Defensa;2025;2026;88;6.9;51.83;;;BAJO;BAJO;BAJO;0.5834;0.2604;0.1562;RandomForest
885;Eric Bailly;718;Defensa;2025;2026;414;6.94;57.54;;;BAJO;BAJO;BAJO;0.5006;0.3488;0.1506;RandomForest
916;Mouctar Diakhaby;532;Defensa;2025;2026;544;6.8;63.93;;;BAJO;BAJO;ALTO;0.4993;0.3217;0.1791;RandomForest
918;José Luis Gayà;532;Defensa;2025;2026;1281;6.46;50.62;;;BAJO;BAJO;MEDIO;0.5063;0.3205;0.1732;RandomForest
920;Toni Lato;798;Defensa;2025;2026;309;6.44;34.55;;;BAJO;BAJO;BAJO;0.5959;0.2563;0.1478;RandomForest
1118;Jeremy Toljan;539;Defensa;2025;2026;1712;6.53;50.73;;;BAJO;BAJO;MEDIO;0.4373;0.3442;0.2185;RandomForest
1257;Jules Koundé;529;Defensa;2025;2026;1467;6.89;78.67;;;ALTO;ALTO;ALTO;0.1742;0.3957;0.4301;RandomForest
1439;Héctor Bellerín;543;Defensa;2025;2026;1100;6.61;54.93;;;BAJO;BAJO;ALTO;0.4305;0.3656;0.2039;RandomForest
1482;Thierry Correia;532;Defensa;2025;2026;939;6.5;50.66;;;BAJO;BAJO;BAJO;0.4946;0.3544;0.1509;RandomForest
1561;Marc Bartra;543;Defensa;2025;2026;1448;7.04;82.62;;;ALTO;ALTO;ALTO;0.198;0.3733;0.4288;RandomForest
1564;Junior Firpo;543;Defensa;2025;2026;541;6.69;54.72;;;BAJO;BAJO;BAJO;0.4966;0.3445;0.1589;RandomForest
1631;Ricardo Rodríguez;543;Defensa;2025;2026;783;6.7;48.17;;;BAJO;BAJO;BAJO;0.5714;0.3026;0.126;RandomForest
1702;Alfonso Pedraza;533;Defensa;2025;2026;925;6.87;71.86;;;MEDIO;ALTO;BAJO;0.3715;0.3915;0.237;RandomForest
1703;Andrei Rațiu;728;Defensa;2025;2026;1568;6.78;74.65;;;ALTO;ALTO;ALTO;0.1619;0.3886;0.4495;RandomForest
1847;Luiz Felipe;728;Defensa;2025;2026;289;6.59;38.36;;;BAJO;BAJO;MEDIO;0.5629;0.2837;0.1535;RandomForest
1902;Duje Ćaleta-Car;548;Defensa;2025;2026;1057;6.77;56.55;;;BAJO;BAJO;MEDIO;0.5333;0.3336;0.1331;RandomForest
1926;Joseph Aidoo;538;Defensa;2025;2026;197;6.3;29.86;;;BAJO;BAJO;BAJO;0.5792;0.2776;0.1432;RandomForest
2202;Hamari Traoré;548;Defensa;2025;2026;0;;20.75;;;BAJO;BAJO;BAJO;0.6505;0.233;0.1165;RandomForest
2278;Marcos Alonso;538;Defensa;2025;2026;1524;7.08;83.83;;;ALTO;ALTO;ALTO;0.0822;0.2676;0.6502;RandomForest
2280;César Azpilicueta;536;Defensa;2025;2026;678;6.83;60.97;;;MEDIO;BAJO;BAJO;0.4017;0.4287;0.1696;RandomForest
2282;Andreas Christensen;529;Defensa;2025;2026;407;6.72;48.2;;;BAJO;BAJO;ALTO;0.549;0.3078;0.1432;RandomForest
2285;Antonio Rüdiger;541;Defensa;2025;2026;605;6.989999999999999;63.75;;;MEDIO;MEDIO;MEDIO;0.3552;0.4595;0.1853;RandomForest
6233;Nahuel Tenaglia;542;Defensa;2025;2026;1800;6.86;72.05;;;MEDIO;MEDIO;MEDIO;0.2337;0.4662;0.3;RandomForest
6503;Nahuel Molina;530;Defensa;2025;2026;551;6.65;45.85;;;BAJO;BAJO;ALTO;0.573;0.3042;0.1228;RandomForest
6638;Facundo Garcés;542;Defensa;2025;2026;592;6.69;51.3;;;BAJO;BAJO;BAJO;0.5621;0.292;0.1459;RandomForest
8746;Bambo Diaby;797;Defensa;2025;2026;107;6.18;21.2;;;BAJO;BAJO;BAJO;0.6465;0.2294;0.1241;RandomForest
11421;Gabriel Suazo;536;Defensa;2025;2026;1069;6.93;79.07;;;ALTO;ALTO;ALTO;0.1823;0.3264;0.4912;RandomForest
18740;Jonny Otto;542;Defensa;2025;2026;1938;6.71;67.69;;;MEDIO;ALTO;ALTO;0.2505;0.396;0.3535;RandomForest
18794;Kiko Femenía;546;Defensa;2025;2026;1140;6.69;60.09;;;BAJO;BAJO;ALTO;0.4376;0.3611;0.2014;RandomForest
18867;Diego Rico;546;Defensa;2025;2026;1530;6.63;57.21;;;MEDIO;MEDIO;MEDIO;0.2823;0.4476;0.2702;RandomForest
18895;Florian Lejeune;728;Defensa;2025;2026;1881;6.83;73.57;;;MEDIO;ALTO;ALTO;0.2449;0.38;0.3751;RandomForest
20520;Iván Balliu;728;Defensa;2025;2026;265;6.71;45.79;;;BAJO;BAJO;BAJO;0.554;0.2967;0.1493;RandomForest
26302;Pablo Maffeo;798;Defensa;2025;2026;1356;6.809999999999999;72.45;;;MEDIO;MEDIO;ALTO;0.2271;0.4734;0.2995;RandomForest
30399;Dávid Hancko;530;Defensa;2025;2026;1714;6.84;69.92;;;MEDIO;MEDIO;ALTO;0.3491;0.3856;0.2654;RandomForest
30924;Marash Kumbulla;798;Defensa;2025;2026;420;6.589999999999999;42.13;;;BAJO;BAJO;MEDIO;0.5697;0.3023;0.128;RandomForest
41208;Fábio Cardoso;536;Defensa;2025;2026;219;6.77;42.05;;;BAJO;BAJO;BAJO;0.5503;0.2943;0.1553;RandomForest
41412;Nikola Maraš;542;Defensa;2025;2026;0;;20.75;;;BAJO;BAJO;BAJO;0.6505;0.233;0.1165;RandomForest
41970;David Carmo;718;Defensa;2025;2026;1182;6.85;71.31;;;MEDIO;MEDIO;ALTO;0.3428;0.3605;0.2967;RandomForest
41976;Yvan Neyou;546;Defensa;2025;2026;73;6.43;22.72;;;BAJO;BAJO;BAJO;0.695;0.2079;0.0971;RandomForest
46657;Nacho Vidal;718;Defensa;2025;2026;1005;6.65;56.59;;;BAJO;BAJO;ALTO;0.5086;0.3134;0.178;RandomForest
46733;Antonio Raíllo;798;Defensa;2025;2026;1620;6.87;67.38;;;MEDIO;MEDIO;MEDIO;0.2854;0.385;0.3296;RandomForest
46734;Pablo Ramón;540;Defensa;2025;2026;0;;20.75;;;BAJO;BAJO;BAJO;0.6505;0.233;0.1165;RandomForest
46738;Martin Valjent;798;Defensa;2025;2026;1890;6.6;55.06;;;BAJO;BAJO;MEDIO;0.516;0.3104;0.1736;RandomForest
46759;Alfonso Espino;728;Defensa;2025;2026;548;6.65;52.16;;;BAJO;BAJO;MEDIO;0.5929;0.2975;0.1096;RandomForest
46771;Jairo Izquierdo;797;Defensa;2025;2026;25;6.7;32.27;;;BAJO;BAJO;BAJO;0.5924;0.2556;0.152;RandomForest
46795;Domingos Duarte;546;Defensa;2025;2026;1536;6.53;44.79;;;BAJO;BAJO;MEDIO;0.4998;0.3271;0.1731;RandomForest
46813;Abdelkabir Abqar;546;Defensa;2025;2026;691;6.88;72.42;;;MEDIO;ALTO;ALTO;0.2691;0.4079;0.3231;RandomForest
46941;Unai Elgezabal;539;Defensa;2025;2026;933;6.56;43.2;;;BAJO;BAJO;BAJO;0.5874;0.2954;0.1173;RandomForest
46966;Dani Calvo;718;Defensa;2025;2026;704;6.97;60.32;;;MEDIO;BAJO;MEDIO;0.4057;0.4112;0.183;RandomForest
46967;Juan Cruz;727;Defensa;2025;2026;593;6.54;36.78;;;BAJO;BAJO;BAJO;0.5886;0.2713;0.1401;RandomForest
47249;Leandro Cabrera;540;Defensa;2025;2026;1897;6.85;72.66;;;MEDIO;ALTO;ALTO;0.3312;0.3728;0.2959;RandomForest
47250;Djené;546;Defensa;2025;2026;1494;6.69;53.61;;;BAJO;BAJO;MEDIO;0.5348;0.316;0.1492;RandomForest
47251;Dimitri Foulquier;532;Defensa;2025;2026;1067;6.44;46.29;;;BAJO;BAJO;BAJO;0.5861;0.2995;0.1144;RandomForest
47256;Miguel Rubio;540;Defensa;2025;2026;172;6.91;58.61;;;BAJO;BAJO;BAJO;0.5218;0.3053;0.1728;RandomForest
47273;Yuri Berchiche;531;Defensa;2025;2026;1536;6.96;78.57;;;ALTO;ALTO;ALTO;0.1703;0.3361;0.4936;RandomForest
47276;Íñigo Lekue;531;Defensa;2025;2026;354;6.5;37.54;;;BAJO;BAJO;MEDIO;0.5658;0.2883;0.1459;RandomForest
47278;Daniel Vivian;531;Defensa;2025;2026;1648;6.62;55.34;;;BAJO;MEDIO;MEDIO;0.4464;0.3582;0.1953;RandomForest
47298;Aritz Elustondo;548;Defensa;2025;2026;343;6.44;33.4;;;BAJO;BAJO;BAJO;0.5866;0.2712;0.1422;RandomForest
47299;Andoni Gorosabel;531;Defensa;2025;2026;498;6.5;41.22;;;BAJO;BAJO;BAJO;0.6106;0.2763;0.1131;RandomForest
47301;Robin Le Normand;530;Defensa;2025;2026;1019;6.79;59.68;;;BAJO;BAJO;MEDIO;0.5146;0.3342;0.1512;RandomForest
47302;Diego Llorente;543;Defensa;2025;2026;112;7.03;60.66;;;BAJO;BAJO;BAJO;0.5378;0.3033;0.1589;RandomForest
47303;Aihen Muñoz;548;Defensa;2025;2026;599;6.61;42.15;;;BAJO;BAJO;MEDIO;0.6328;0.2699;0.0973;RandomForest
47314;Igor Zubeldia;548;Defensa;2025;2026;1395;6.64;52.99;;;BAJO;BAJO;ALTO;0.5285;0.3387;0.1328;RandomForest
47334;David López;547;Defensa;2025;2026;202;6.529999999999999;36.97;;;BAJO;BAJO;ALTO;0.5774;0.2668;0.1557;RandomForest
47378;Pedro Bigas;797;Defensa;2025;2026;1223;7.02;78.18;;;ALTO;ALTO;ALTO;0.2133;0.3866;0.4001;RandomForest
47407;Allan Nyom;546;Defensa;2025;2026;273;6.33;34.18;;;BAJO;BAJO;BAJO;0.5792;0.2824;0.1383;RandomForest
47429;David Costas;718;Defensa;2025;2026;1351;6.78;62.78;;;BAJO;BAJO;BAJO;0.4463;0.3638;0.19;RandomForest
47478;Fernando Calero;540;Defensa;2025;2026;1450;6.88;66.25;;;MEDIO;MEDIO;BAJO;0.3839;0.442;0.1741;RandomForest
47533;Alejandro Catena;727;Defensa;2025;2026;1710;6.98;77.78;;;ALTO;ALTO;ALTO;0.1843;0.3707;0.445;RandomForest
47547;Álex Moreno;547;Defensa;2025;2026;1755;6.63;61.09;;;BAJO;BAJO;MEDIO;0.3976;0.3937;0.2087;RandomForest
47566;Javi Galán;727;Defensa;2025;2026;492;6.926707317073171;65.33;;;MEDIO;BAJO;BAJO;0.3928;0.4057;0.2015;RandomForest
47988;Carl Starfelt;538;Defensa;2025;2026;1043;6.89;69.4;;;BAJO;MEDIO;ALTO;0.4058;0.3881;0.206;RandomForest
48372;Eray Cömert;532;Defensa;2025;2026;206;6.9;58.64;;;BAJO;BAJO;BAJO;0.5199;0.3029;0.1772;RandomForest
64268;Johan Mojica;798;Defensa;2025;2026;1597;6.77;67.39;;;MEDIO;ALTO;ALTO;0.2691;0.3913;0.3396;RandomForest
64309;Manuel Sánchez;539;Defensa;2025;2026;1486;6.54;55.99;;;MEDIO;BAJO;ALTO;0.3908;0.3908;0.2184;RandomForest
66407;Ladislav Krejčí;547;Defensa;2025;2026;180;5.6;21.75;;;BAJO;BAJO;BAJO;0.626;0.2405;0.1335;RandomForest
70476;Moussa Diarra;542;Defensa;2025;2026;219;6.43;29.99;;;BAJO;BAJO;BAJO;0.5955;0.2624;0.1421;RandomForest
70500;Sergi Cardona;533;Defensa;2025;2026;1003;6.68;55.91;;;BAJO;BAJO;BAJO;0.5045;0.3337;0.1618;RandomForest
101814;Ronald Araújo;529;Defensa;2025;2026;652;6.94;68.55;;;MEDIO;BAJO;MEDIO;0.3372;0.4708;0.192;RandomForest
104832;Diego Pampín;539;Defensa;2025;2026;278;6.46;35.63;;;BAJO;BAJO;BAJO;0.5723;0.2881;0.1396;RandomForest
107140;Oier Luengo;718;Defensa;2025;2026;225;6.43;30.63;;;BAJO;BAJO;BAJO;0.5831;0.274;0.143;RandomForest
108519;Mateu Morey;798;Defensa;2025;2026;569;6.51;43.96;;;BAJO;BAJO;BAJO;0.6519;0.2475;0.1006;RandomForest
119742;Juan Iglesias;546;Defensa;2025;2026;1686;6.71;67.8;;;MEDIO;ALTO;BAJO;0.2306;0.5099;0.2595;RandomForest
125331;Federico Gattoni;536;Defensa;2025;2026;0;;20.75;;;BAJO;BAJO;BAJO;0.6505;0.233;0.1165;RandomForest
126640;David Affengruber;797;Defensa;2025;2026;1652;6.88;75.26;;;MEDIO;ALTO;MEDIO;0.1627;0.4335;0.4038;RandomForest
128951;Victor Parada;542;Defensa;2025;2026;1100;6.43;43.72;;;BAJO;BAJO;BAJO;0.5979;0.2901;0.112;RandomForest
131548;Lucas Ahijado;718;Defensa;2025;2026;839;6.84;70.07;;;MEDIO;MEDIO;ALTO;0.3731;0.3732;0.2537;RandomForest
133110;Tanguy Nianzou;536;Defensa;2025;2026;325;6.56;37.49;;;BAJO;BAJO;BAJO;0.5764;0.3026;0.1211;RandomForest
157146;Léo Pétrot;797;Defensa;2025;2026;789;6.540000000000001;42.28;;;BAJO;BAJO;BAJO;0.6025;0.2857;0.1118;RandomForest
157988;Sergio Carreira;538;Defensa;2025;2026;1450;6.89;75.78;;;MEDIO;ALTO;BAJO;0.3176;0.4219;0.2605;RandomForest
161928;Alejandro Balde;529;Defensa;2025;2026;1222;6.75;68.49;;;ALTO;ALTO;MEDIO;0.2216;0.3302;0.4482;RandomForest
162012;Matteo Ruggeri;530;Defensa;2025;2026;864;6.79;58.96;;;BAJO;BAJO;BAJO;0.488;0.3436;0.1684;RandomForest
162058;Víctor Chust;797;Defensa;2025;2026;1137;6.93;69.77;;;BAJO;MEDIO;ALTO;0.3675;0.3363;0.2962;RandomForest
162122;Adrià Altimira;533;Defensa;2025;2026;8;7.0;50.3;;;BAJO;BAJO;BAJO;0.597;0.2864;0.1167;RandomForest
162175;Jesús Vázquez;532;Defensa;2025;2026;640;6.67;54.21;;;BAJO;BAJO;BAJO;0.5646;0.3191;0.1164;RandomForest
162434;Alejandro Francés;547;Defensa;2025;2026;466;6.67;55.16;;;BAJO;BAJO;MEDIO;0.5597;0.3203;0.1201;RandomForest
179955;Javier Rueda;538;Defensa;2025;2026;724;6.91;71.44;;;BAJO;BAJO;BAJO;0.4199;0.3769;0.2032;RandomForest
180927;Zaid Romero;546;Defensa;2025;2026;90;6.3;23.45;;;BAJO;BAJO;ALTO;0.64;0.2413;0.1187;RandomForest
181582;José Copete;532;Defensa;2025;2026;1508;6.71;59.47;;;BAJO;MEDIO;ALTO;0.4284;0.3666;0.2049;RandomForest
181701;Gerard Martín;529;Defensa;2025;2026;1044;7.04;75.27;;;MEDIO;ALTO;ALTO;0.2708;0.368;0.3612;RandomForest
181734;Josep Chavarría;728;Defensa;2025;2026;1822;6.81;73.56;;;MEDIO;ALTO;MEDIO;0.2368;0.4056;0.3576;RandomForest
182181;Jesús Areso;531;Defensa;2025;2026;1168;6.71;58.81;;;BAJO;BAJO;BAJO;0.495;0.3556;0.1493;RandomForest
182546;Jon Pacheco;542;Defensa;2025;2026;1327;6.87;55.3;;;BAJO;BAJO;BAJO;0.5211;0.3381;0.1408;RandomForest
182592;Jorge Herrando;727;Defensa;2025;2026;925;6.65;48.71;;;BAJO;BAJO;BAJO;0.5891;0.2989;0.112;RandomForest
182636;Javi López;718;Defensa;2025;2026;496;6.57;43.67;;;BAJO;BAJO;MEDIO;0.6115;0.2843;0.1042;RandomForest
182638;Manu Fernández;538;Defensa;2025;2026;709;6.730000000000001;51.78;;;BAJO;BAJO;ALTO;0.571;0.3022;0.1267;RandomForest
182661;Alvaro Núñez;797;Defensa;2025;2026;1652;6.969999999999999;75.23;;;ALTO;ALTO;MEDIO;0.187;0.3511;0.4619;RandomForest
182772;Juanlu Sánchez;536;Defensa;2025;2026;1224;6.68;62.02;;;MEDIO;ALTO;BAJO;0.2897;0.4277;0.2826;RandomForest
183849;Aitor Paredes;531;Defensa;2025;2026;1179;6.82;64.93;;;BAJO;MEDIO;ALTO;0.4881;0.3429;0.169;RandomForest
184407;Jose Salinas;540;Defensa;2025;2026;154;6.709999999999999;43.3;;;BAJO;BAJO;BAJO;0.5714;0.2684;0.1602;RandomForest
184420;Carlos Romero;540;Defensa;2025;2026;2317;7.079132498921018;87.44;;;ALTO;ALTO;MEDIO;0.102;0.3314;0.5666;RandomForest
189866;John Donald;797;Defensa;2025;2026;310;6.66;46.04;;;BAJO;BAJO;BAJO;0.5619;0.3017;0.1363;RandomForest
195100;Natan;543;Defensa;2025;2026;1717;6.76;62.02;;;BAJO;MEDIO;ALTO;0.4006;0.3764;0.223;RandomForest
195923;José Ángel Carmona;536;Defensa;2025;2026;1629;6.78;72.16;;;MEDIO;ALTO;ALTO;0.2139;0.4369;0.3493;RandomForest
197196;Ramón Martínez;536;Defensa;2025;2026;100;6.3;24.14;;;BAJO;BAJO;BAJO;0.6468;0.2325;0.1206;RandomForest
199044;Jon Aramburu;548;Defensa;2025;2026;1615;6.73;67.71;;;MEDIO;ALTO;ALTO;0.2181;0.455;0.3269;RandomForest
199824;Rubén Sánchez;540;Defensa;2025;2026;491;6.63;46.24;;;BAJO;BAJO;MEDIO;0.5822;0.3088;0.109;RandomForest
237066;Rafa Marín;533;Defensa;2025;2026;1226;7.1499999999999995;75.94;;;MEDIO;MEDIO;MEDIO;0.3533;0.4227;0.2241;RandomForest
279822;Flavien Boyomo;727;Defensa;2025;2026;1524;6.889999999999999;72.79;;;MEDIO;MEDIO;MEDIO;0.3081;0.4247;0.2672;RandomForest
282054;Clemens Riedel;540;Defensa;2025;2026;599;6.99;66.54;;;MEDIO;BAJO;BAJO;0.379;0.4263;0.1946;RandomForest
283668;Arnau Martínez;547;Defensa;2025;2026;1286;6.79;68.12;;;MEDIO;ALTO;ALTO;0.289;0.4235;0.2874;RandomForest
284300;Álvaro Carreras;541;Defensa;2025;2026;1611;7.080000000000001;84.43;;;ALTO;ALTO;ALTO;0.0758;0.2832;0.641;RandomForest
286559;Carlos Domínguez;538;Defensa;2025;2026;435;6.870000000000001;56.93;;;BAJO;BAJO;BAJO;0.4493;0.3827;0.168;RandomForest
286601;Omar El Hilali;540;Defensa;2025;2026;1492;6.809999999999999;63.47;;;MEDIO;ALTO;MEDIO;0.3279;0.4486;0.2235;RandomForest
295223;Abdel Rahim;718;Defensa;2025;2026;1413;6.669999999999999;55.85;;;BAJO;BAJO;BAJO;0.4503;0.3497;0.2;RandomForest
295793;Marc Pubill;530;Defensa;2025;2026;654;7.389999999999999;74.91;;;MEDIO;MEDIO;ALTO;0.281;0.4342;0.2849;RandomForest
297235;Marc Vilaplana;546;Defensa;2025;2026;0;;20.75;;;BAJO;BAJO;BAJO;0.6505;0.233;0.1165;RandomForest
297311;Kike Salas;536;Defensa;2025;2026;768;7.150000000000001;78.33;;;MEDIO;MEDIO;ALTO;0.2226;0.409;0.3684;RandomForest
311773;Santiago Mouriño;533;Defensa;2025;2026;1102;7.02;78.12;;;ALTO;ALTO;ALTO;0.1344;0.3693;0.4963;RandomForest
311972;Mikel Serrano;727;Defensa;2025;2026;0;;20.75;;;BAJO;BAJO;BAJO;0.6505;0.233;0.1165;RandomForest
313025;Hugo Rincón;547;Defensa;2025;2026;1216;6.531340460526316;45.82;;;BAJO;BAJO;MEDIO;0.5681;0.3132;0.1187;RandomForest
314006;Jozhua Vertrouwd;728;Defensa;2025;2026;244;6.25;27.18;;;BAJO;BAJO;BAJO;0.5839;0.2655;0.1506;RandomForest
315701;Rubén Iranzo;532;Defensa;2025;2026;12;6.599999999999999;26.77;;;BAJO;BAJO;BAJO;0.6465;0.2407;0.1127;RandomForest
316516;Sebastián Boselli;546;Defensa;2025;2026;11;6.2;19.86;;;BAJO;BAJO;BAJO;0.6056;0.2443;0.1501;RandomForest
316517;Alan Matturro;539;Defensa;2025;2026;383;6.75;54.53;;;BAJO;BAJO;BAJO;0.5574;0.2873;0.1553;RandomForest
329722;Yoel Lago;538;Defensa;2025;2026;335;6.7;45.94;;;BAJO;BAJO;BAJO;0.576;0.2878;0.1362;RandomForest
330436;David Jiménez;541;Defensa;2025;2026;1;0.0;13.78;;;BAJO;ALTO;ALTO;0.5943;0.2473;0.1584;RandomForest
330440;Aitor Mañas;542;Defensa;2025;2026;33;6.27;22.71;;;BAJO;BAJO;BAJO;0.6326;0.2413;0.1261;RandomForest
330443;Ismael Sierra Arnal;533;Defensa;2025;2026;0;;20.75;;;BAJO;BAJO;BAJO;0.6505;0.233;0.1165;RandomForest
332304;Raúl Chasco;727;Defensa;2025;2026;0;;20.75;;;BAJO;BAJO;BAJO;0.6505;0.233;0.1165;RandomForest
333292;Pelayo Fernández;728;Defensa;2025;2026;45;6.5;25.42;;;BAJO;BAJO;BAJO;0.669;0.2256;0.1054;RandomForest
333672;César Tárrega;532;Defensa;2025;2026;1584;6.68;60.52;;;BAJO;MEDIO;ALTO;0.4005;0.3714;0.228;RandomForest
335490;Jon de Luis;531;Defensa;2025;2026;0;;20.75;;;BAJO;BAJO;BAJO;0.6505;0.233;0.1165;RandomForest
335697;David López;798;Defensa;2025;2026;152;5.95;23.96;;;BAJO;BAJO;BAJO;0.6162;0.2533;0.1305;RandomForest
336685;Javier Boñar;530;Defensa;2025;2026;0;;20.75;;;BAJO;BAJO;BAJO;0.6505;0.233;0.1165;RandomForest
336998;Adama Boiro;531;Defensa;2025;2026;362;6.32;30.96;;;BAJO;BAJO;BAJO;0.5848;0.2727;0.1424;RandomForest
338508;Ilias Kostis;530;Defensa;2025;2026;0;;20.75;;;BAJO;BAJO;BAJO;0.6505;0.233;0.1165;RandomForest
338902;Andres Castrin;536;Defensa;2025;2026;649;7.01;69.75;;;MEDIO;BAJO;BAJO;0.3684;0.4459;0.1857;RandomForest
341453;Oso;536;Defensa;2025;2026;508;6.69;53.48;;;BAJO;BAJO;BAJO;0.4897;0.3687;0.1416;RandomForest
341640;Raúl Asencio;541;Defensa;2025;2026;1031;7.0;73.11;;;MEDIO;MEDIO;BAJO;0.2862;0.4375;0.2764;RandomForest
349063;Luken Beitia;548;Defensa;2025;2026;0;;20.75;;;BAJO;BAJO;BAJO;0.6505;0.233;0.1165;RandomForest
355004;Valentín Gómez;543;Defensa;2025;2026;1106;6.86;72.16;;;BAJO;ALTO;ALTO;0.3685;0.3618;0.2697;RandomForest
358431;Nobel Mendy;728;Defensa;2025;2026;949;6.63;53.07;;;BAJO;BAJO;ALTO;0.5781;0.2866;0.1352;RandomForest
361384;Youssef Enriquez Lekhedim;542;Defensa;2025;2026;842;6.62;47.67;;;BAJO;BAJO;BAJO;0.5795;0.3017;0.1187;RandomForest
361497;Dean Huijsen;541;Defensa;2025;2026;1117;7.32;83.11;;;ALTO;ALTO;ALTO;0.1385;0.3356;0.5259;RandomForest
384135;Javi Rodríguez;538;Defensa;2025;2026;1228;6.75;60.62;;;BAJO;MEDIO;MEDIO;0.4482;0.3794;0.1724;RandomForest
385405;Omar Falah;718;Defensa;2025;2026;13;6.6;26.16;;;BAJO;BAJO;BAJO;0.578;0.2595;0.1624;RandomForest
386859;Hector Fort;797;Defensa;2025;2026;328;6.759999999999999;64.91;;;BAJO;BAJO;BAJO;0.4629;0.3694;0.1676;RandomForest
386869;Dani Martinez;530;Defensa;2025;2026;0;;20.75;;;BAJO;BAJO;BAJO;0.6505;0.233;0.1165;RandomForest
387530;Carlos Ballestero;542;Defensa;2025;2026;0;;20.75;;;BAJO;BAJO;BAJO;0.6505;0.233;0.1165;RandomForest
396623;Pau Cubarsí;529;Defensa;2025;2026;1476;7.1499999999999995;75.15;;;ALTO;ALTO;MEDIO;0.1706;0.4124;0.4169;RandomForest
402580;Marco Esteban;718;Defensa;2025;2026;45;6.3;17.1;;;BAJO;BAJO;BAJO;0.5863;0.2469;0.1669;RandomForest
405073;Jon Martin;548;Defensa;2025;2026;1170;6.88;70.65;;;MEDIO;MEDIO;ALTO;0.3411;0.366;0.2929;RandomForest
407597;Martín Krug;539;Defensa;2025;2026;0;;20.75;;;BAJO;BAJO;BAJO;0.6505;0.233;0.1165;RandomForest
407677;Iker Monreal Agundez;531;Defensa;2025;2026;0;;20.75;;;BAJO;BAJO;BAJO;0.6505;0.233;0.1165;RandomForest
408320;Jorge Cabello;539;Defensa;2025;2026;364;6.36;33.37;;;BAJO;BAJO;BAJO;0.586;0.2703;0.1437;RandomForest
410841;Kazunari Kita;548;Defensa;2025;2026;0;;20.75;;;BAJO;BAJO;BAJO;0.6505;0.233;0.1165;RandomForest
414359;Vitor Reis;547;Defensa;2025;2026;1698;6.99;80.03;;;ALTO;ALTO;ALTO;0.1431;0.34;0.5169;RandomForest
417560;Marcos Navarro;532;Defensa;2025;2026;0;;20.75;;;BAJO;BAJO;BAJO;0.6505;0.233;0.1165;RandomForest
421044;Iñigo Arguibide;727;Defensa;2025;2026;183;6.48;27.76;;;BAJO;BAJO;ALTO;0.6107;0.2508;0.1385;RandomForest
421807;Matias Moreno;539;Defensa;2025;2026;1047;6.85;61.01;;;BAJO;BAJO;BAJO;0.496;0.3559;0.1481;RandomForest
428799;Aleksa Puric;530;Defensa;2025;2026;0;;20.75;;;BAJO;BAJO;BAJO;0.6505;0.233;0.1165;RandomForest
429757;Pol Arnau;547;Defensa;2025;2026;0;;20.75;;;BAJO;BAJO;BAJO;0.6505;0.233;0.1165;RandomForest
435552;Pau Navarro;533;Defensa;2025;2026;733;6.74;59.46;;;BAJO;BAJO;BAJO;0.5323;0.3287;0.139;RandomForest
438131;Egoitz Muñoz;542;Defensa;2025;2026;0;;20.75;;;BAJO;BAJO;BAJO;0.6505;0.233;0.1165;RandomForest
439617;Ismael Bekhoucha;546;Defensa;2025;2026;120;6.7;45.8;;;BAJO;BAJO;BAJO;0.5895;0.2758;0.1347;RandomForest
439640;Bema Sina;797;Defensa;2025;2026;0;;20.75;;;BAJO;BAJO;BAJO;0.6505;0.233;0.1165;RandomForest
439709;Antonio Salguero;547;Defensa;2025;2026;0;;20.75;;;BAJO;BAJO;BAJO;0.6505;0.233;0.1165;RandomForest
450716;Roger Hinojo;540;Defensa;2025;2026;0;;20.75;;;BAJO;BAJO;BAJO;0.6505;0.233;0.1165;RandomForest
451355;Diego Aguado;541;Defensa;2025;2026;0;;20.75;;;BAJO;BAJO;BAJO;0.6505;0.233;0.1165;RandomForest
462277;Iliesse Salhi;798;Defensa;2025;2026;0;;20.75;;;BAJO;BAJO;BAJO;0.6505;0.233;0.1165;RandomForest
471478;Davinchi;546;Defensa;2025;2026;429;6.44;45.03;;;BAJO;BAJO;ALTO;0.5988;0.2892;0.112;RandomForest
478243;Marco de las Sias;728;Defensa;2025;2026;0;;20.75;;;BAJO;BAJO;BAJO;0.6505;0.233;0.1165;RandomForest
484474;Jean Ives Valou;533;Defensa;2025;2026;0;;20.75;;;BAJO;BAJO;BAJO;0.6505;0.233;0.1165;RandomForest
490779;Víctor Valdepeñas;541;Defensa;2025;2026;78;6.6;34.68;;;BAJO;BAJO;ALTO;0.6253;0.2481;0.1266;RandomForest
491106;Gilbert Jordana;547;Defensa;2025;2026;0;;20.75;;;BAJO;BAJO;BAJO;0.6505;0.233;0.1165;RandomForest
491250;Jofre Torrents;529;Defensa;2025;2026;47;6.5;26.17;;;BAJO;BAJO;BAJO;0.6484;0.2431;0.1086;RandomForest
497515;Albert Niculaesei;797;Defensa;2025;2026;0;;20.75;;;BAJO;BAJO;BAJO;0.6505;0.233;0.1165;RandomForest
504605;Nacho Pérez;539;Defensa;2025;2026;0;;20.75;;;BAJO;BAJO;BAJO;0.6505;0.233;0.1165;RandomForest
546857;Iker Muñoz;536;Defensa;2025;2026;0;;20.75;;;BAJO;BAJO;BAJO;0.6505;0.233;0.1165;RandomForest
548853;Darling Bladi;543;Defensa;2025;2026;0;;20.75;;;BAJO;BAJO;BAJO;0.6505;0.233;0.1165;RandomForest
551366;Ángel Pérez;542;Defensa;2025;2026;0;;20.75;;;BAJO;BAJO;BAJO;0.6505;0.233;0.1165;RandomForest
551463;Javier Olaizola;798;Defensa;2025;2026;0;;20.75;;;BAJO;BAJO;BAJO;0.6505;0.233;0.1165;RandomForest
561033;Joan Martínez;541;Defensa;2025;2026;0;;20.75;;;BAJO;BAJO;BAJO;0.6505;0.233;0.1165;RandomForest
568001;Xavi Espart;529;Defensa;2025;2026;0;;20.75;;;BAJO;BAJO;BAJO;0.6505;0.233;0.1165;RandomForest
580677;David Delgado;797;Defensa;2025;2026;0;;20.75;;;BAJO;BAJO;BAJO;0.6505;0.233;0.1165;RandomForest
584165;Alejandro Panach Olmo;532;Defensa;2025;2026;0;;20.75;;;BAJO;BAJO;BAJO;0.6505;0.233;0.1165;RandomForest
609740;Lucas Laso;546;Defensa;2025;2026;0;;20.75;;;BAJO;BAJO;BAJO;0.6505;0.233;0.1165;RandomForest
609795;Huseini Nakoha;539;Defensa;2025;2026;0;;20.75;;;BAJO;BAJO;BAJO;0.6505;0.233;0.1165;RandomForest
623732;Joel Fontanet Paredes;532;Defensa;2025;2026;0;;20.75;;;BAJO;BAJO;BAJO;0.6505;0.233;0.1165;RandomForest
625636;Jorge Montes;546;Defensa;2025;2026;26;6.5;32.28;;;BAJO;BAJO;BAJO;0.6135;0.2596;0.1268;RandomForest
626494;Xanet Olaiz;542;Defensa;2025;2026;0;;20.75;;;BAJO;BAJO;BAJO;0.6505;0.233;0.1165;RandomForest
23;Sergio Gómez;548;Delantero;2025;2026;1435;6.88;74.52;;;MEDIO;ALTO;MEDIO;0.2005;0.4046;0.3949;RandomForest
52;Sergio Camello;728;Delantero;2025;2026;461;6.42;39.35;;;BAJO;BAJO;BAJO;0.6158;0.2668;0.1174;RandomForest
56;Antoine Griezmann;530;Delantero;2025;2026;727;6.94;70.78;;;MEDIO;MEDIO;BAJO;0.2853;0.4828;0.2318;RandomForest
83;Arnaut Danjuma;532;Delantero;2025;2026;1249;6.82;71.85;;;BAJO;BAJO;MEDIO;0.4903;0.3708;0.1389;RandomForest
155;Abel Ruíz;547;Delantero;2025;2026;39;6.47;25.56;;;BAJO;BAJO;BAJO;0.6439;0.2529;0.1033;RandomForest
278;Kylian Mbappé;541;Delantero;2025;2026;1756;7.94;85.61;;;ALTO;ALTO;ALTO;0.0403;0.1448;0.8149;RandomForest
521;Robert Lewandowski;529;Delantero;2025;2026;813;6.83;68.15;;;BAJO;BAJO;BAJO;0.4967;0.3818;0.1215;RandomForest
608;Lucas Boyé;542;Delantero;2025;2026;1180;6.68;72.9;;;MEDIO;MEDIO;BAJO;0.2313;0.3987;0.37;RandomForest
697;Manor Solomon;533;Delantero;2025;2026;153;6.85;63.56;;;BAJO;BAJO;BAJO;0.5122;0.2899;0.198;RandomForest
744;Brahim Díaz;541;Delantero;2025;2026;346;6.59;51.22;;;BAJO;BAJO;BAJO;0.4742;0.3738;0.152;RandomForest
760;Mariano Díaz;542;Delantero;2025;2026;277;6.39;32.87;;;BAJO;BAJO;BAJO;0.6104;0.2649;0.1247;RandomForest
762;Vinícius Júnior;541;Delantero;2025;2026;1588;7.280000000000001;88.73;;;ALTO;ALTO;ALTO;0.0467;0.1569;0.7964;RandomForest
909;Marcus Rashford;529;Delantero;2025;2026;1138;6.73;68.53;;;MEDIO;ALTO;BAJO;0.2708;0.3709;0.3583;RandomForest
910;Alexis Sánchez;536;Delantero;2025;2026;737;6.68;62.87;;;BAJO;BAJO;MEDIO;0.5288;0.3377;0.1335;RandomForest
925;Gonçalo Guedes;548;Delantero;2025;2026;1143;6.81;74.0;;;MEDIO;MEDIO;MEDIO;0.3639;0.4409;0.1952;RandomForest
931;Ferran Torres;529;Delantero;2025;2026;1220;6.95;73.08;;;MEDIO;MEDIO;ALTO;0.3492;0.4645;0.1862;RandomForest
1707;Gerard Moreno;533;Delantero;2025;2026;647;7.27;83.77;;;MEDIO;ALTO;ALTO;0.2049;0.4358;0.3592;RandomForest
1708;Dani Raba;532;Delantero;2025;2026;275;6.5;39.29;;;BAJO;BAJO;ALTO;0.5787;0.283;0.1383;RandomForest
2061;Bryan Gil;547;Delantero;2025;2026;1010;6.51;56.9;;;BAJO;BAJO;BAJO;0.4865;0.3761;0.1373;RandomForest
2063;André Silva;797;Delantero;2025;2026;797;6.79;70.73;;;BAJO;MEDIO;BAJO;0.4443;0.4187;0.137;RandomForest
2182;Viktor Tsygankov;547;Delantero;2025;2026;1131;6.93;82.88;;;ALTO;ALTO;ALTO;0.1637;0.4176;0.4187;RandomForest
2461;Salomón Rondón;718;Delantero;2025;2026;1037;6.58;55.49;;;BAJO;BAJO;BAJO;0.5092;0.3734;0.1174;RandomForest
2617;Cristhian Stuani;547;Delantero;2025;2026;210;6.7;55.85;;;BAJO;BAJO;BAJO;0.5742;0.2863;0.1395;RandomForest
3033;Cédric Bakambu;543;Delantero;2025;2026;172;6.55;38.86;;;BAJO;BAJO;BAJO;0.6259;0.2588;0.1152;RandomForest
6009;Julián Alvarez;530;Delantero;2025;2026;1535;7.02;81.52;;;ALTO;ALTO;MEDIO;0.1281;0.2722;0.5997;RandomForest
6490;Luis Vázquez;546;Delantero;2025;2026;86;7.2;61.47;;;BAJO;BAJO;BAJO;0.5792;0.246;0.1748;RandomForest
8492;Alexander Sørloth;530;Delantero;2025;2026;1061;6.75;67.65;;;BAJO;MEDIO;BAJO;0.4446;0.4017;0.1537;RandomForest
10009;Rodrygo;541;Delantero;2025;2026;632;6.91;75.72;;;MEDIO;MEDIO;MEDIO;0.3608;0.417;0.2223;RandomForest
18821;Grady Diangana;797;Delantero;2025;2026;470;6.58;50.24;;;BAJO;BAJO;BAJO;0.6108;0.2752;0.114;RandomForest
18906;Ayoze Pérez;533;Delantero;2025;2026;540;6.78;73.22;;;BAJO;BAJO;BAJO;0.4682;0.3692;0.1626;RandomForest
19613;Ovie Ejaria;718;Delantero;2025;2026;177;6.659999999999999;50.44;;;BAJO;BAJO;ALTO;0.5518;0.2896;0.1586;RandomForest
20817;Goduine Koyalipou;539;Delantero;2025;2026;239;6.56;48.78;;;BAJO;BAJO;BAJO;0.5604;0.2951;0.1445;RandomForest
30543;Giacomo Raspadori;530;Delantero;2025;2026;251;6.44;34.9;;;BAJO;BAJO;BAJO;0.6227;0.2528;0.1245;RandomForest
31406;Umar Sadiq;548;Delantero;2025;2026;239;6.476987447698745;32.91;;;BAJO;BAJO;BAJO;0.6474;0.2446;0.108;RandomForest
37938;Sheraldo Becker;727;Delantero;2025;2026;171;6.58;35.68;;;BAJO;BAJO;BAJO;0.588;0.2692;0.1429;RandomForest
39121;Chidera Ejuke;536;Delantero;2025;2026;450;6.82;71.93;;;BAJO;MEDIO;BAJO;0.4468;0.3904;0.1628;RandomForest
46658;Rubén García;727;Delantero;2025;2026;1126;6.92;79.0;;;MEDIO;ALTO;ALTO;0.1637;0.4315;0.4048;RandomForest
46667;Kike Barja;727;Delantero;2025;2026;233;6.45;29.88;;;BAJO;BAJO;BAJO;0.6253;0.2424;0.1323;RandomForest
46746;Ante Budimir;727;Delantero;2025;2026;1565;6.85;73.75;;;MEDIO;MEDIO;MEDIO;0.3542;0.4559;0.1899;RandomForest
46751;Abdón Prats;798;Delantero;2025;2026;88;6.5;33.16;;;BAJO;BAJO;BAJO;0.6479;0.242;0.1101;RandomForest
47013;Rafa Mir;797;Delantero;2025;2026;1631;6.794138565297365;67.71;;;BAJO;MEDIO;BAJO;0.4603;0.4019;0.1379;RandomForest
47181;Toni Martínez;542;Delantero;2025;2026;1391;6.789999999999999;75.44;;;MEDIO;MEDIO;MEDIO;0.2698;0.4584;0.2718;RandomForest
47264;Hugo Duro;532;Delantero;2025;2026;1206;6.78;67.83;;;BAJO;BAJO;BAJO;0.5263;0.356;0.1176;RandomForest
47291;Gorka Guruzeta;531;Delantero;2025;2026;1143;6.38;45.29;;;BAJO;BAJO;BAJO;0.5213;0.3709;0.1078;RandomForest
47320;Juanmi;546;Delantero;2025;2026;176;6.61;45.68;;;BAJO;BAJO;BAJO;0.6102;0.2545;0.1352;RandomForest
47323;Mikel Oyarzabal;548;Delantero;2025;2026;1585;7.18;86.96;;;ALTO;ALTO;MEDIO;0.0979;0.2864;0.6157;RandomForest
47348;Borja Iglesias;538;Delantero;2025;2026;1083;6.78;69.19;;;BAJO;BAJO;BAJO;0.5051;0.3606;0.1343;RandomForest
47396;Kike García;540;Delantero;2025;2026;881;6.62;59.9;;;BAJO;BAJO;BAJO;0.4823;0.3924;0.1253;RandomForest
47445;Iago Aspas;538;Delantero;2025;2026;759;6.81;70.61;;;MEDIO;BAJO;ALTO;0.322;0.4079;0.2701;RandomForest
47467;José Luis Morales;539;Delantero;2025;2026;322;6.65;57.41;;;BAJO;BAJO;BAJO;0.5583;0.31;0.1317;RandomForest
47472;Borja Mayoral;546;Delantero;2025;2026;1043;6.71;63.22;;;BAJO;BAJO;BAJO;0.5863;0.304;0.1097;RandomForest
47520;Portu;547;Delantero;2025;2026;473;6.56;45.09;;;BAJO;BAJO;BAJO;0.578;0.293;0.129;RandomForest
47579;Chimy Ávila;543;Delantero;2025;2026;178;6.469999999999999;27.45;;;BAJO;BAJO;BAJO;0.6594;0.2257;0.115;RandomForest
47582;Cucho Hernández;543;Delantero;2025;2026;1651;6.92;83.39;;;ALTO;ALTO;MEDIO;0.1387;0.3825;0.4788;RandomForest
50048;Vedat Muriqi;798;Delantero;2025;2026;1631;7.24;81.5;;;MEDIO;MEDIO;ALTO;0.1953;0.4556;0.3491;RandomForest
51016;Tajon Buchanan;533;Delantero;2025;2026;1205;6.95;81.83;;;MEDIO;MEDIO;BAJO;0.2726;0.3966;0.3308;RandomForest
51530;Federico Viñas;718;Delantero;2025;2026;1097;6.72;75.15;;;ALTO;ALTO;ALTO;0.2492;0.3713;0.3795;RandomForest
57446;Akor Adams;536;Delantero;2025;2026;981;6.76;66.51;;;BAJO;BAJO;BAJO;0.5675;0.3196;0.113;RandomForest
61774;Orri Steinn Óskarsson;548;Delantero;2025;2026;125;6.68;49.69;;;BAJO;BAJO;BAJO;0.6032;0.2571;0.1397;RandomForest
67939;Aimar Oroz;727;Delantero;2025;2026;1122;6.91;80.58;;;ALTO;ALTO;ALTO;0.1394;0.3145;0.5461;RandomForest
91745;Alemão;728;Delantero;2025;2026;636;6.49;45.9;;;BAJO;BAJO;BAJO;0.6612;0.2507;0.0881;RandomForest
109564;Bojan Miovski;547;Delantero;2025;2026;44;6.5;22.95;;;BAJO;BAJO;BAJO;0.615;0.2496;0.1354;RandomForest
119223;Mourad El Ghezouani;797;Delantero;2025;2026;50;6.65;41.09;;;BAJO;BAJO;BAJO;0.6093;0.2676;0.123;RandomForest
122734;Ferran Jutglà;538;Delantero;2025;2026;738;6.69;59.4;;;BAJO;BAJO;BAJO;0.6023;0.3081;0.0895;RandomForest
128582;Jorge de Frutos;728;Delantero;2025;2026;1401;7.06;81.96;;;MEDIO;MEDIO;BAJO;0.3115;0.4233;0.2652;RandomForest
128985;Iker Losada;539;Delantero;2025;2026;286;6.62;44.36;;;BAJO;BAJO;BAJO;0.5642;0.2913;0.1445;RandomForest
138776;Largie Ramazani;532;Delantero;2025;2026;207;6.76;62.58;;;BAJO;BAJO;MEDIO;0.5276;0.3034;0.169;RandomForest
146751;Raúl García de Haro;727;Delantero;2025;2026;657;6.72;64.35;;;BAJO;BAJO;BAJO;0.6057;0.2944;0.0999;RandomForest
161670;Vladyslav Vanat;547;Delantero;2025;2026;1364;6.6899999999999995;59.76;;;BAJO;BAJO;MEDIO;0.592;0.3245;0.0835;RandomForest
161875;Hugo González;538;Delantero;2025;2026;0;;20.75;;;BAJO;BAJO;MEDIO;0.6383;0.2424;0.1193;RandomForest
161963;Germán Valera;797;Delantero;2025;2026;1532;7.01;86.57;;;ALTO;ALTO;ALTO;0.1177;0.3382;0.544;RandomForest
162126;Peque Fernández;536;Delantero;2025;2026;771;6.7700000000000005;69.51;;;BAJO;MEDIO;ALTO;0.4435;0.3644;0.1922;RandomForest
180496;Georges Mikautadze;533;Delantero;2025;2026;919;6.75;68.7;;;BAJO;BAJO;MEDIO;0.5134;0.3537;0.1329;RandomForest
181421;Abdessamad Ezzalzouli;543;Delantero;2025;2026;873;7.2299999999999995;90.09;;;ALTO;ALTO;ALTO;0.0776;0.3075;0.6149;RandomForest
183748;Jon Karrikaburu;548;Delantero;2025;2026;127;6.43;30.41;;;BAJO;BAJO;ALTO;0.6552;0.2341;0.1106;RandomForest
183751;Abderrahman Rebbach;542;Delantero;2025;2026;785;6.63;59.34;;;BAJO;BAJO;BAJO;0.564;0.3331;0.1029;RandomForest
183776;Urko Izeta;531;Delantero;2025;2026;123;6.4;30.4;;;BAJO;BAJO;ALTO;0.6623;0.2258;0.1119;RandomForest
184194;Álex Forés;718;Delantero;2025;2026;368;6.457907608695652;35.85;;;BAJO;BAJO;BAJO;0.6024;0.259;0.1386;RandomForest
185398;Isaac Romero;536;Delantero;2025;2026;966;6.44;45.4;;;BAJO;BAJO;BAJO;0.6434;0.2804;0.0762;RandomForest
192032;Iván Romero;539;Delantero;2025;2026;1324;6.950000000000001;83.33;;;ALTO;MEDIO;ALTO;0.2339;0.3732;0.3929;RandomForest
195512;Martín Satriano;546;Delantero;2025;2026;180;6.6;43.53;;;BAJO;BAJO;MEDIO;0.5847;0.2727;0.1425;RandomForest
197513;Thiago Borbas;718;Delantero;2025;2026;23;6.45;21.5;;;BAJO;BAJO;BAJO;0.6696;0.2289;0.1015;RandomForest
264470;Raúl Moro;727;Delantero;2025;2026;0;;20.75;;;BAJO;BAJO;MEDIO;0.6383;0.2424;0.1193;RandomForest
269163;Williot Swedberg;538;Delantero;2025;2026;546;6.69;60.01;;;BAJO;BAJO;BAJO;0.617;0.2888;0.0942;RandomForest
270516;Peter González;546;Delantero;2025;2026;0;;20.75;;;BAJO;BAJO;MEDIO;0.6383;0.2424;0.1193;RandomForest
273732;Tyrhys Dolan;540;Delantero;2025;2026;1431;6.74;73.79;;;ALTO;MEDIO;BAJO;0.246;0.3721;0.382;RandomForest
281795;Yáser Asprilla;547;Delantero;2025;2026;605;6.71;63.42;;;BAJO;BAJO;BAJO;0.5171;0.367;0.116;RandomForest
284415;Yago Santiago;797;Delantero;2025;2026;266;6.39;30.1;;;BAJO;BAJO;BAJO;0.6053;0.2628;0.1319;RandomForest
284441;Abu Kamara;546;Delantero;2025;2026;198;6.480000000000001;37.89;;;BAJO;BAJO;ALTO;0.5915;0.2667;0.1418;RandomForest
286593;Nico Serrano;531;Delantero;2025;2026;177;6.5;34.31;;;BAJO;BAJO;BAJO;0.6115;0.2495;0.139;RandomForest
286639;Bryan Zaragoza;538;Delantero;2025;2026;1135;6.9;74.94;;;MEDIO;MEDIO;MEDIO;0.3385;0.4483;0.2132;RandomForest
287680;Maroan Sannadi;531;Delantero;2025;2026;254;6.5;39.83;;;BAJO;BAJO;BAJO;0.6116;0.2652;0.1233;RandomForest
288800;Iker Benito;727;Delantero;2025;2026;163;6.96;63.72;;;BAJO;BAJO;BAJO;0.4814;0.3337;0.1848;RandomForest
290740;Ilias Akhomach;533;Delantero;2025;2026;230;6.551739130434783;40.73;;;BAJO;BAJO;BAJO;0.6011;0.277;0.1219;RandomForest
293604;Javi Llabrés;798;Delantero;2025;2026;164;6.509999999999999;36.12;;;BAJO;BAJO;BAJO;0.6419;0.2422;0.1159;RandomForest
297304;Dawda Camara;547;Delantero;2025;2026;71;6.5;33.49;;;BAJO;BAJO;MEDIO;0.6307;0.2469;0.1224;RandomForest
297742;Antoniu Roca;540;Delantero;2025;2026;108;6.41;30.84;;;BAJO;BAJO;BAJO;0.6245;0.2511;0.1244;RandomForest
307224;Piri;797;Delantero;2025;2026;0;;20.75;;;BAJO;BAJO;MEDIO;0.6383;0.2424;0.1193;RandomForest
309364;Coba da Costa;546;Delantero;2025;2026;361;6.63;52.94;;;BAJO;BAJO;BAJO;0.5896;0.2966;0.1138;RandomForest
312990;Roberto Fernández;540;Delantero;2025;2026;1597;6.69;65.14;;;BAJO;BAJO;MEDIO;0.4857;0.4018;0.1126;RandomForest
313059;Mateo Joseph;798;Delantero;2025;2026;1254;6.65;63.04;;;BAJO;BAJO;BAJO;0.5376;0.3611;0.1013;RandomForest
320517;Pablo Durán;538;Delantero;2025;2026;885;6.64;55.38;;;BAJO;BAJO;BAJO;0.6394;0.2675;0.0932;RandomForest
333369;José Luis Pérez;546;Delantero;2025;2026;20;6.6;32.24;;;BAJO;BAJO;MEDIO;0.6528;0.242;0.1053;RandomForest
334574;Angel Ortiz;543;Delantero;2025;2026;402;6.64;48.65;;;BAJO;BAJO;BAJO;0.5923;0.2963;0.1114;RandomForest
336711;Gonzalo García;541;Delantero;2025;2026;349;6.7299999999999995;55.82;;;BAJO;BAJO;BAJO;0.5519;0.3085;0.1396;RandomForest
338751;Victor Muñoz;727;Delantero;2025;2026;1582;6.72;71.84;;;MEDIO;MEDIO;MEDIO;0.2431;0.4638;0.2931;RandomForest
341371;Rodrigo Mendoza;797;Delantero;2025;2026;700;6.6;55.62;;;BAJO;BAJO;BAJO;0.479;0.3747;0.1463;RandomForest
343202;Álvaro Rodriguez;797;Delantero;2025;2026;1091;7.05;83.61;;;MEDIO;ALTO;ALTO;0.1667;0.4316;0.4017;RandomForest
351587;Tani Oluwaseyi;533;Delantero;2025;2026;512;6.55;49.42;;;BAJO;BAJO;BAJO;0.615;0.2826;0.1024;RandomForest
351913;Jones El-Abdellaoui;538;Delantero;2025;2026;376;6.73;58.56;;;BAJO;BAJO;BAJO;0.5543;0.295;0.1507;RandomForest
359603;Luca Koleosho;540;Delantero;2025;2026;60;6.6;40.38;;;BAJO;BAJO;BAJO;0.6132;0.2652;0.1216;RandomForest
377122;Endrick;541;Delantero;2025;2026;11;6.6;33.58;;;BAJO;BAJO;BAJO;0.6192;0.2569;0.1239;RandomForest
377257;Endika Buján;531;Delantero;2025;2026;0;;20.75;;;BAJO;BAJO;MEDIO;0.6383;0.2424;0.1193;RandomForest
378284;Etta Eyong;539;Delantero;2025;2026;1373;6.805615440640933;68.48;;;BAJO;MEDIO;MEDIO;0.4387;0.4258;0.1355;RandomForest
387139;Job Ochieng;548;Delantero;2025;2026;0;;20.75;;;BAJO;BAJO;MEDIO;0.6383;0.2424;0.1193;RandomForest
391819;Martin Pedroarena;727;Delantero;2025;2026;0;;20.75;;;BAJO;BAJO;MEDIO;0.6383;0.2424;0.1193;RandomForest
394573;Adrian Liso;546;Delantero;2025;2026;1312;6.509999999999999;55.04;;;BAJO;BAJO;BAJO;0.4581;0.4153;0.1266;RandomForest
402168;Arkaitz Mariezkurrena;548;Delantero;2025;2026;1;0.0;15.22;;;BAJO;ALTO;BAJO;0.6015;0.2475;0.151;RandomForest
403554;Christantus Uche;546;Delantero;2025;2026;270;7.17;68.81;;;MEDIO;BAJO;MEDIO;0.3801;0.3847;0.2352;RandomForest
403561;Gorka  Carrera Zarranz;548;Delantero;2025;2026;13;6.299999999999999;18.08;;;BAJO;BAJO;BAJO;0.6385;0.2403;0.1212;RandomForest
405074;Justin-Noel Kalumba;798;Delantero;2025;2026;0;;20.75;;;BAJO;BAJO;MEDIO;0.6383;0.2424;0.1193;RandomForest
406045;Aimar Blázquez;532;Delantero;2025;2026;0;;20.75;;;BAJO;BAJO;MEDIO;0.6383;0.2424;0.1193;RandomForest
406046;Pablo López Gómez;532;Delantero;2025;2026;0;;20.75;;;BAJO;BAJO;MEDIO;0.6383;0.2424;0.1193;RandomForest
411702;Pau Cabanes;533;Delantero;2025;2026;0;;20.75;;;BAJO;BAJO;MEDIO;0.6383;0.2424;0.1193;RandomForest
412738;Dani Díaz;548;Delantero;2025;2026;0;;20.75;;;BAJO;BAJO;MEDIO;0.6383;0.2424;0.1193;RandomForest
414409;Juan Arango;547;Delantero;2025;2026;19;6.45;24.55;;;BAJO;BAJO;BAJO;0.666;0.2345;0.0995;RandomForest
418188;Mahamoud Barry;533;Delantero;2025;2026;0;;20.75;;;BAJO;BAJO;MEDIO;0.6383;0.2424;0.1193;RandomForest
437594;Alex Costa;536;Delantero;2025;2026;0;;20.75;;;BAJO;BAJO;MEDIO;0.6383;0.2424;0.1193;RandomForest
438123;Lamine Gueye;718;Delantero;2025;2026;0;;20.75;;;BAJO;BAJO;MEDIO;0.6383;0.2424;0.1193;RandomForest
438263;Miguel Sierra;536;Delantero;2025;2026;0;;20.75;;;BAJO;BAJO;MEDIO;0.6383;0.2424;0.1193;RandomForest
439293;Adam Boayar;797;Delantero;2025;2026;75;6.85;57.09;;;BAJO;BAJO;BAJO;0.5721;0.2691;0.1588;RandomForest
439578;David Otorbi;532;Delantero;2025;2026;0;;20.75;;;BAJO;BAJO;MEDIO;0.6383;0.2424;0.1193;RandomForest
439616;Yassin Tallal;546;Delantero;2025;2026;0;;20.75;;;BAJO;BAJO;MEDIO;0.6383;0.2424;0.1193;RandomForest
443163;Pablo García;543;Delantero;2025;2026;351;6.44;39.5;;;BAJO;BAJO;MEDIO;0.6144;0.2662;0.1194;RandomForest
443668;Rayane Belaid;530;Delantero;2025;2026;0;;20.75;;;BAJO;BAJO;MEDIO;0.6383;0.2424;0.1193;RandomForest
445973;Toni Fernández;529;Delantero;2025;2026;45;6.5;24.05;;;BAJO;BAJO;MEDIO;0.5722;0.2591;0.1687;RandomForest
449063;Alex Marchal;548;Delantero;2025;2026;0;;20.75;;;BAJO;BAJO;MEDIO;0.6383;0.2424;0.1193;RandomForest
449249;Franco Mastantuono;541;Delantero;2025;2026;690;6.779999999999999;68.9;;;BAJO;MEDIO;BAJO;0.4134;0.3976;0.189;RandomForest
450497;Carlos Espí;539;Delantero;2025;2026;178;6.6;45.85;;;BAJO;BAJO;BAJO;0.5869;0.2868;0.1263;RandomForest
455366;Papa Ba;547;Delantero;2025;2026;0;;20.75;;;BAJO;BAJO;MEDIO;0.6383;0.2424;0.1193;RandomForest
463279;Paco Cortés;539;Delantero;2025;2026;57;6.25;23.51;;;BAJO;BAJO;BAJO;0.6534;0.2416;0.1051;RandomForest
482473;Marc Domenech;798;Delantero;2025;2026;218;6.59;38.87;;;BAJO;BAJO;BAJO;0.5937;0.2751;0.1311;RandomForest
491091;Sergio Esteban;530;Delantero;2025;2026;0;;20.75;;;BAJO;BAJO;MEDIO;0.6383;0.2424;0.1193;RandomForest
491248;Jan Virgili;798;Delantero;2025;2026;1055;6.53;59.98;;;BAJO;MEDIO;MEDIO;0.367;0.333;0.3;RandomForest
514913;Hugo Lopez;533;Delantero;2025;2026;0;;20.75;;;BAJO;BAJO;MEDIO;0.6383;0.2424;0.1193;RandomForest
546798;Miguel Sierra;536;Delantero;2025;2026;63;6.65;47.94;;;BAJO;BAJO;BAJO;0.5721;0.2846;0.1433;RandomForest
546852;Álex Sancris;546;Delantero;2025;2026;633;6.49;44.9;;;BAJO;BAJO;MEDIO;0.6238;0.2738;0.1024;RandomForest
546872;Alex Costa;536;Delantero;2025;2026;0;;20.75;;;BAJO;BAJO;MEDIO;0.6383;0.2424;0.1193;RandomForest
548706;Iker Luque;530;Delantero;2025;2026;0;;20.75;;;BAJO;BAJO;MEDIO;0.6383;0.2424;0.1193;RandomForest
548807;Joselillo;533;Delantero;2025;2026;0;;20.75;;;BAJO;BAJO;MEDIO;0.6383;0.2424;0.1193;RandomForest
551365;Pablo López Gómez;532;Delantero;2025;2026;0;;20.75;;;BAJO;BAJO;MEDIO;0.6383;0.2424;0.1193;RandomForest
551462;Mykyta Aleksandrov;546;Delantero;2025;2026;0;;20.75;;;BAJO;BAJO;MEDIO;0.6383;0.2424;0.1193;RandomForest
553313;Javier Sarasa;547;Delantero;2025;2026;0;;20.75;;;BAJO;BAJO;MEDIO;0.6383;0.2424;0.1193;RandomForest
554287;Angel Arcos;538;Delantero;2025;2026;0;;20.75;;;BAJO;BAJO;MEDIO;0.6383;0.2424;0.1193;RandomForest
560954;Asier Hierro;531;Delantero;2025;2026;33;6.5;25.8;;;BAJO;BAJO;MEDIO;0.6233;0.246;0.1307;RandomForest
565586;Diego Morcillo;542;Delantero;2025;2026;9;6.2;19.19;;;BAJO;BAJO;BAJO;0.6356;0.2394;0.125;RandomForest
579287;Kareem Tunde;539;Delantero;2025;2026;252;6.33;32.25;;;BAJO;BAJO;ALTO;0.6172;0.2624;0.1204;RandomForest
625744;Izei Hernandez;542;Delantero;2025;2026;0;;20.75;;;BAJO;BAJO;MEDIO;0.6383;0.2424;0.1193;RandomForest
635179;Alex Sanchez;797;Delantero;2025;2026;14;6.7;41.66;;;BAJO;BAJO;MEDIO;0.5971;0.2622;0.1408;RandomForest
45;Thomas Lemar;547;Mediocentro;2025;2026;550;6.53;49.21;;;BAJO;BAJO;ALTO;0.5427;0.3286;0.1286;RandomForest
49;Thomas Partey;533;Mediocentro;2025;2026;673;6.6000000000000005;50.85;;;BAJO;BAJO;BAJO;0.5662;0.3086;0.1252;RandomForest
50;Koke;530;Mediocentro;2025;2026;1313;7.18;77.07;;;MEDIO;MEDIO;MEDIO;0.139;0.4555;0.4055;RandomForest
74;Sofyan Amrabat;543;Mediocentro;2025;2026;602;7.090000000000001;72.99;;;MEDIO;MEDIO;MEDIO;0.2692;0.4646;0.2662;RandomForest
143;Carles Aleñá;542;Mediocentro;2025;2026;1312;6.669999999999999;60.5;;;MEDIO;BAJO;MEDIO;0.3542;0.4046;0.2412;RandomForest
414;Omar Mascarell;798;Mediocentro;2025;2026;934;6.88;67.28;;;BAJO;BAJO;BAJO;0.4628;0.3727;0.1646;RandomForest
538;Frenkie de Jong;529;Mediocentro;2025;2026;1226;7.28;83.33;;;ALTO;ALTO;ALTO;0.0727;0.3406;0.5866;RandomForest
547;Donny van de Beek;547;Mediocentro;2025;2026;41;6.699999999999999;35.68;;;BAJO;BAJO;ALTO;0.5968;0.2403;0.1629;RandomForest
570;Franco Cervi;538;Mediocentro;2025;2026;0;;20.75;;;BAJO;BAJO;BAJO;0.6483;0.2302;0.1214;RandomForest
745;Isco;543;Mediocentro;2025;2026;30;7.2;54.64;;;BAJO;BAJO;BAJO;0.5693;0.2673;0.1634;RandomForest
748;Dani Ceballos;541;Mediocentro;2025;2026;412;7.05;65.01;;;MEDIO;BAJO;ALTO;0.3393;0.4159;0.2448;RandomForest
756;Federico Valverde;541;Mediocentro;2025;2026;1654;7.18;84.56;;;ALTO;ALTO;MEDIO;0.0689;0.3253;0.6058;RandomForest
928;Dani Parejo;533;Mediocentro;2025;2026;815;6.9;65.59;;;MEDIO;MEDIO;ALTO;0.3837;0.4116;0.2047;RandomForest
930;Carlos Soler;548;Mediocentro;2025;2026;1039;6.88;73.12;;;MEDIO;ALTO;ALTO;0.2597;0.4997;0.2406;RandomForest
957;Djibril Sow;536;Mediocentro;2025;2026;1210;6.68;59.21;;;BAJO;BAJO;BAJO;0.4611;0.3803;0.1586;RandomForest
1271;Aurélien Tchouaméni;541;Mediocentro;2025;2026;1476;7.180000000000001;80.47;;;ALTO;MEDIO;ALTO;0.0701;0.3368;0.593;RandomForest
1323;Dani Olmo;529;Mediocentro;2025;2026;1000;7.25;84.38;;;ALTO;ALTO;MEDIO;0.0917;0.4498;0.4585;RandomForest
1461;Denis Suárez;542;Mediocentro;2025;2026;920;6.79;55.03;;;BAJO;BAJO;BAJO;0.4866;0.3575;0.1558;RandomForest
1489;Nemanja Gudelj;536;Mediocentro;2025;2026;1230;6.69;56.9;;;BAJO;BAJO;BAJO;0.553;0.3168;0.1302;RandomForest
1496;Raphinha;529;Mediocentro;2025;2026;828;7.47;80.18;;;ALTO;ALTO;ALTO;0.1223;0.421;0.4567;RandomForest
1578;Giovani Lo Celso;543;Mediocentro;2025;2026;1098;7.1;81.69;;;ALTO;ALTO;ALTO;0.0845;0.4047;0.5108;RandomForest
1695;Santi Cazorla;718;Mediocentro;2025;2026;445;6.85;58.79;;;BAJO;BAJO;MEDIO;0.4194;0.4038;0.1768;RandomForest
1697;Pablo Fornals;543;Mediocentro;2025;2026;1743;7.15;84.61;;;ALTO;ALTO;MEDIO;0.0469;0.2377;0.7155;RandomForest
1700;Iván Martín;547;Mediocentro;2025;2026;1553;6.9399999999999995;77.84;;;ALTO;ALTO;ALTO;0.1623;0.3685;0.4692;RandomForest
1701;Manu Morlanes;798;Mediocentro;2025;2026;897;6.75;63.84;;;BAJO;BAJO;BAJO;0.4678;0.3412;0.191;RandomForest
1825;Lucas Torró;727;Mediocentro;2025;2026;1419;6.77;66.93;;;MEDIO;MEDIO;ALTO;0.2965;0.3978;0.3057;RandomForest
2207;Eduardo Camavinga;541;Mediocentro;2025;2026;735;7.12;82.84;;;ALTO;ALTO;ALTO;0.1333;0.3097;0.557;RandomForest
2449;Yangel Herrera;547;Mediocentro;2025;2026;202;6.539108910891089;31.71;;;BAJO;BAJO;ALTO;0.5954;0.2639;0.1407;RandomForest
2762;Josip Brekalo;718;Mediocentro;2025;2026;483;6.61;50.74;;;BAJO;BAJO;ALTO;0.5393;0.3388;0.1219;RandomForest
2922;Leander Dendoncker;718;Mediocentro;2025;2026;1322;6.78;64.98;;;BAJO;BAJO;BAJO;0.4611;0.3555;0.1835;RandomForest
2924;Adnan Januzaj;536;Mediocentro;2025;2026;259;6.78;54.55;;;BAJO;BAJO;MEDIO;0.4788;0.3654;0.1558;RandomForest
3246;Nicolas Pépé;533;Mediocentro;2025;2026;1073;7.15;83.99;;;ALTO;ALTO;MEDIO;0.0871;0.3387;0.5741;RandomForest
3608;Kwasi Sibo;718;Mediocentro;2025;2026;724;6.54;40.71;;;BAJO;BAJO;BAJO;0.588;0.298;0.114;RandomForest
6010;Lucas Beltrán;532;Mediocentro;2025;2026;855;6.59;57.09;;;BAJO;BAJO;BAJO;0.4395;0.4055;0.155;RandomForest
6067;Thiago Almada;530;Mediocentro;2025;2026;509;6.99;73.95;;;MEDIO;MEDIO;MEDIO;0.2777;0.5272;0.1951;RandomForest
6085;Carlos Benavídez;542;Mediocentro;2025;2026;217;6.61;39.79;;;BAJO;BAJO;ALTO;0.5769;0.2774;0.1457;RandomForest
7332;Luka Sučić;548;Mediocentro;2025;2026;313;6.49;36.36;;;BAJO;BAJO;BAJO;0.5658;0.2937;0.1405;RandomForest
9971;Antony;543;Mediocentro;2025;2026;1329;7.27;87.66;;;ALTO;ALTO;ALTO;0.0711;0.2469;0.682;RandomForest
20696;Pape Gueye;533;Mediocentro;2025;2026;868;6.97;76.53;;;MEDIO;MEDIO;MEDIO;0.2556;0.4407;0.3038;RandomForest
20844;Haissem Hassan;718;Mediocentro;2025;2026;1186;6.83;70.33;;;MEDIO;MEDIO;MEDIO;0.3506;0.4244;0.225;RandomForest
21004;Lucien Agoumé;536;Mediocentro;2025;2026;1409;6.890000000000001;75.35;;;ALTO;ALTO;ALTO;0.2303;0.3746;0.3951;RandomForest
21087;Batista Mendy;536;Mediocentro;2025;2026;1240;6.71;65.04;;;BAJO;BAJO;ALTO;0.3836;0.3765;0.2398;RandomForest
21153;Baptiste Santamaria;532;Mediocentro;2025;2026;747;6.81;61.15;;;BAJO;BAJO;BAJO;0.5099;0.3304;0.1597;RandomForest
21584;Mihailo Ristić;538;Mediocentro;2025;2026;255;6.73;48.17;;;BAJO;BAJO;BAJO;0.5311;0.3018;0.1671;RandomForest
21701;Valentin Rosier;727;Mediocentro;2025;2026;1043;6.61;52.42;;;BAJO;BAJO;BAJO;0.5277;0.319;0.1533;RandomForest
25375;Takuma Asano;798;Mediocentro;2025;2026;446;6.56;38.31;;;BAJO;BAJO;BAJO;0.5855;0.2943;0.1202;RandomForest
25458;Dodi Lukebakio;536;Mediocentro;2025;2026;180;7.3;65.71;;;BAJO;BAJO;MEDIO;0.4737;0.3112;0.2151;RandomForest
26315;Nicolás González;530;Mediocentro;2025;2026;969;6.78;69.04;;;MEDIO;MEDIO;MEDIO;0.288;0.4357;0.2763;RandomForest
30510;Álex Berenguer;531;Mediocentro;2025;2026;1385;6.780000000000001;72.86;;;ALTO;MEDIO;MEDIO;0.1885;0.3456;0.4659;RandomForest
30690;Nicolas Fonseca;718;Mediocentro;2025;2026;92;6.380000000000001;29.42;;;BAJO;BAJO;ALTO;0.6413;0.2355;0.1232;RandomForest
30927;Santiago Colombatto;718;Mediocentro;2025;2026;1307;6.8100000000000005;67.52;;;MEDIO;MEDIO;MEDIO;0.3602;0.4204;0.2194;RandomForest
32862;Takefusa Kubo;548;Mediocentro;2025;2026;1183;7.129999999999999;86.34;;;ALTO;ALTO;MEDIO;0.0717;0.3367;0.5916;RandomForest
38699;Luka Ilić;718;Mediocentro;2025;2026;563;6.46;35.47;;;BAJO;BAJO;BAJO;0.636;0.246;0.1181;RandomForest
41157;André Almeida;532;Mediocentro;2025;2026;797;6.96;71.15;;;MEDIO;MEDIO;ALTO;0.2849;0.4184;0.2967;RandomForest
41552;Pathé Ismaël Ciss;728;Mediocentro;2025;2026;1058;7.11;80.66;;;ALTO;ALTO;ALTO;0.232;0.3827;0.3853;RandomForest
46662;Jon Moncayola;727;Mediocentro;2025;2026;1733;6.92;72.73;;;MEDIO;MEDIO;MEDIO;0.2038;0.4908;0.3054;RandomForest
46711;Aleix Febas;797;Mediocentro;2025;2026;1880;7.22;88.34;;;ALTO;ALTO;ALTO;0.0554;0.187;0.7577;RandomForest
46742;Dani Rodríguez;798;Mediocentro;2025;2026;68;6.6;34.07;;;BAJO;BAJO;BAJO;0.6322;0.2496;0.1182;RandomForest
46790;Víctor García;539;Mediocentro;2025;2026;363;6.69;53.02;;;BAJO;BAJO;ALTO;0.5692;0.2945;0.1363;RandomForest
46799;Edu Expósito;540;Mediocentro;2025;2026;1474;7.129999999999999;83.8;;;ALTO;ALTO;MEDIO;0.0703;0.2698;0.6598;RandomForest
46860;Javier Muñoz;546;Mediocentro;2025;2026;461;6.58;46.67;;;BAJO;BAJO;ALTO;0.5652;0.2977;0.1371;RandomForest
46862;Borja Sánchez;718;Mediocentro;2025;2026;13;6.700000000000001;30.82;;;BAJO;BAJO;BAJO;0.5841;0.2508;0.1652;RandomForest
46887;Pedro Díaz;728;Mediocentro;2025;2026;1086;6.52;49.18;;;BAJO;BAJO;ALTO;0.5756;0.3113;0.1131;RandomForest
46933;Luis Rioja;532;Mediocentro;2025;2026;1387;6.75;66.26;;;MEDIO;MEDIO;MEDIO;0.3324;0.415;0.2526;RandomForest
46973;Josan;797;Mediocentro;2025;2026;423;6.75;55.27;;;BAJO;BAJO;BAJO;0.4472;0.3702;0.1825;RandomForest
47007;Iñigo Ruiz de Galarreta;531;Mediocentro;2025;2026;1239;6.930000000000001;75.43;;;ALTO;MEDIO;MEDIO;0.1912;0.3954;0.4134;RandomForest
47085;Luis Milla;546;Mediocentro;2025;2026;1755;7.0;78.77;;;ALTO;ALTO;MEDIO;0.0939;0.2488;0.6572;RandomForest
47109;Óscar Valentín;728;Mediocentro;2025;2026;1181;6.85;63.65;;;MEDIO;BAJO;MEDIO;0.3961;0.4142;0.1897;RandomForest
47119;Aitor Ruibal;543;Mediocentro;2025;2026;944;6.94;73.58;;;MEDIO;MEDIO;MEDIO;0.3005;0.4468;0.2527;RandomForest
47225;Roger Brugué;539;Mediocentro;2025;2026;900;6.33;44.93;;;BAJO;BAJO;BAJO;0.6146;0.2836;0.1018;RandomForest
47258;Mauro Arambarri;546;Mediocentro;2025;2026;1860;6.79;73.05;;;MEDIO;MEDIO;MEDIO;0.2879;0.4183;0.2937;RandomForest
47285;Unai López;728;Mediocentro;2025;2026;1038;6.81;69.14;;;MEDIO;MEDIO;ALTO;0.2744;0.4499;0.2757;RandomForest
47294;Iñaki Williams;531;Mediocentro;2025;2026;892;6.55;46.59;;;BAJO;BAJO;BAJO;0.5825;0.3315;0.086;RandomForest
47306;Álex Sola;546;Mediocentro;2025;2026;12;6.7;32.55;;;BAJO;BAJO;BAJO;0.6556;0.2338;0.1106;RandomForest
47309;Ander Guevara;542;Mediocentro;2025;2026;481;6.67;48.29;;;BAJO;BAJO;BAJO;0.5862;0.2929;0.121;RandomForest
47317;Ander Barrenetxea;548;Mediocentro;2025;2026;1099;6.88;75.95;;;ALTO;ALTO;MEDIO;0.1466;0.3742;0.4792;RandomForest
47329;Adrià Pedrosa;797;Mediocentro;2025;2026;614;6.596563517915309;44.71;;;BAJO;BAJO;ALTO;0.578;0.3126;0.1094;RandomForest
47336;Sergi Darder;798;Mediocentro;2025;2026;1476;6.8500000000000005;73.4;;;MEDIO;MEDIO;MEDIO;0.2256;0.4007;0.3737;RandomForest
47341;Marc Roca;543;Mediocentro;2025;2026;1087;6.7;62.02;;;BAJO;BAJO;ALTO;0.4764;0.3584;0.1651;RandomForest
47349;Javi Puado;540;Mediocentro;2025;2026;678;6.53;49.05;;;BAJO;BAJO;BAJO;0.5416;0.3503;0.1082;RandomForest
47389;Joan Jordán;536;Mediocentro;2025;2026;22;6.35;19.09;;;BAJO;BAJO;BAJO;0.6394;0.2263;0.1342;RandomForest
47398;Pere Milla;540;Mediocentro;2025;2026;1386;6.77;68.87;;;MEDIO;MEDIO;ALTO;0.2932;0.443;0.2638;RandomForest
47414;Gerard Gumbau;728;Mediocentro;2025;2026;361;6.58;45.47;;;BAJO;BAJO;BAJO;0.5389;0.3241;0.1371;RandomForest
47418;Mikel Vesga;531;Mediocentro;2025;2026;264;6.59;39.68;;;BAJO;BAJO;BAJO;0.5729;0.3011;0.126;RandomForest
47435;Fran Beltrán;538;Mediocentro;2025;2026;632;6.682689873417721;43.24;;;BAJO;BAJO;ALTO;0.5364;0.3303;0.1332;RandomForest
47440;Brais Méndez;548;Mediocentro;2025;2026;1221;7.0;79.46;;;MEDIO;MEDIO;MEDIO;0.1656;0.4553;0.379;RandomForest
47463;Pepelu;532;Mediocentro;2025;2026;1507;7.14;83.55;;;ALTO;ALTO;ALTO;0.13;0.3046;0.5653;RandomForest
47541;Santi Comesaña;533;Mediocentro;2025;2026;1322;6.86;74.28;;;MEDIO;ALTO;ALTO;0.2774;0.3866;0.336;RandomForest
47543;Álvaro García;728;Mediocentro;2025;2026;1505;6.660000000000001;56.43;;;BAJO;MEDIO;MEDIO;0.422;0.411;0.1669;RandomForest
47557;Óscar Trejo;728;Mediocentro;2025;2026;52;6.54;31.08;;;BAJO;BAJO;BAJO;0.6032;0.2555;0.1413;RandomForest
47574;Moi Gómez;727;Mediocentro;2025;2026;912;6.91;67.44;;;MEDIO;MEDIO;ALTO;0.3554;0.4005;0.244;RandomForest
48465;Filip Ugrinić;532;Mediocentro;2025;2026;534;6.73;55.32;;;BAJO;BAJO;MEDIO;0.4989;0.3631;0.138;RandomForest
48471;Ruben Vargas;536;Mediocentro;2025;2026;878;6.78;68.27;;;MEDIO;BAJO;ALTO;0.3464;0.4159;0.2377;RandomForest
48555;Charles Pickel;540;Mediocentro;2025;2026;378;6.580000000000001;43.52;;;BAJO;BAJO;ALTO;0.559;0.3005;0.1405;RandomForest
67972;Conor Gallagher;530;Mediocentro;2025;2026;666;6.61;51.75;;;BAJO;BAJO;BAJO;0.5529;0.3363;0.1108;RandomForest
84086;Robert Navarro;531;Mediocentro;2025;2026;651;6.71;60.2;;;BAJO;BAJO;BAJO;0.5426;0.3443;0.113;RandomForest
104821;Jon Guridi;542;Mediocentro;2025;2026;570;6.33;33.92;;;BAJO;BAJO;BAJO;0.6185;0.2564;0.1251;RandomForest
104949;Pablo Martínez;539;Mediocentro;2025;2026;942;6.86;70.94;;;MEDIO;MEDIO;BAJO;0.3226;0.4305;0.2468;RandomForest
106727;Oriol Rey;539;Mediocentro;2025;2026;754;6.71;51.9;;;BAJO;BAJO;BAJO;0.5731;0.2961;0.1308;RandomForest
107194;Antonio Sánchez;798;Mediocentro;2025;2026;707;6.5600000000000005;41.57;;;BAJO;BAJO;BAJO;0.6158;0.2694;0.1148;RandomForest
119213;Alfon González;536;Mediocentro;2025;2026;321;6.579999999999999;45.76;;;BAJO;BAJO;BAJO;0.5395;0.3298;0.1307;RandomForest
122657;Randy Nteka;728;Mediocentro;2025;2026;82;6.52;32.83;;;BAJO;BAJO;BAJO;0.6056;0.2631;0.1312;RandomForest
125239;Kervin Arriaga;539;Mediocentro;2025;2026;983;6.88;70.17;;;BAJO;BAJO;BAJO;0.396;0.3292;0.2748;RandomForest
127426;Pol Lozano;540;Mediocentro;2025;2026;1395;6.64;53.83;;;BAJO;BAJO;BAJO;0.4896;0.3774;0.133;RandomForest
128398;Oihan Sancet;531;Mediocentro;2025;2026;1063;6.44;49.15;;;BAJO;BAJO;BAJO;0.5473;0.3369;0.1158;RandomForest
129678;Azzedine Ounahi;547;Mediocentro;2025;2026;784;7.35;90.0;;;ALTO;ALTO;ALTO;0.0651;0.3077;0.6272;RandomForest
129718;Jude Bellingham;541;Mediocentro;2025;2026;1281;7.3999999999999995;92.1;;;ALTO;ALTO;MEDIO;0.0497;0.2134;0.7369;RandomForest
131546;Isi Palazón;728;Mediocentro;2025;2026;1506;6.7;65.75;;;MEDIO;MEDIO;MEDIO;0.2833;0.3779;0.3388;RandomForest
133185;Johnny Cardoso;530;Mediocentro;2025;2026;380;6.930000000000001;61.04;;;BAJO;BAJO;BAJO;0.4859;0.3697;0.1444;RandomForest
133609;Pedri;529;Mediocentro;2025;2026;1218;7.63;90.86;;;ALTO;ALTO;ALTO;0.0295;0.1561;0.8143;RandomForest
136117;Rodrigo Riquelme;543;Mediocentro;2025;2026;596;6.55;44.84;;;BAJO;BAJO;ALTO;0.5862;0.3086;0.1053;RandomForest
139001;Pablo Ibáñez;542;Mediocentro;2025;2026;1358;6.71;67.99;;;MEDIO;MEDIO;MEDIO;0.2676;0.38;0.3525;RandomForest
162123;Ilaix Moriba;538;Mediocentro;2025;2026;1388;6.74;65.91;;;MEDIO;MEDIO;ALTO;0.277;0.4111;0.312;RandomForest
162127;Diego López;532;Mediocentro;2025;2026;1285;6.71;59.33;;;BAJO;BAJO;BAJO;0.5085;0.3575;0.134;RandomForest
162686;Antonio Blanco;542;Mediocentro;2025;2026;1746;6.95;82.37;;;ALTO;ALTO;ALTO;0.105;0.284;0.611;RandomForest
162712;Óscar Mingueza;538;Mediocentro;2025;2026;1148;7.06;78.27;;;ALTO;ALTO;ALTO;0.1309;0.4187;0.4504;RandomForest
162931;Fran Pérez;728;Mediocentro;2025;2026;714;6.540000000000001;46.64;;;BAJO;BAJO;BAJO;0.5512;0.3354;0.1134;RandomForest
181259;Abel Bretones;727;Mediocentro;2025;2026;1362;6.859999999999999;72.48;;;MEDIO;MEDIO;ALTO;0.3161;0.3783;0.3056;RandomForest
182150;Sergio Lozano;539;Mediocentro;2025;2026;11;6.5;24.09;;;BAJO;BAJO;BAJO;0.6365;0.2493;0.1142;RandomForest
182219;Alejandro Baena;530;Mediocentro;2025;2026;703;7.089999999999999;77.47;;;MEDIO;MEDIO;MEDIO;0.1868;0.5157;0.2975;RandomForest
182486;Alberto Reina;718;Mediocentro;2025;2026;1117;6.61;59.17;;;BAJO;BAJO;BAJO;0.4354;0.3988;0.1659;RandomForest
182519;Alberto Moleiro;533;Mediocentro;2025;2026;1340;7.02;77.5;;;MEDIO;MEDIO;MEDIO;0.1751;0.481;0.3439;RandomForest
182603;Jon Ander Olasagasti;539;Mediocentro;2025;2026;510;6.7;50.04;;;BAJO;BAJO;BAJO;0.5707;0.3148;0.1145;RandomForest
182617;Beñat Prados;531;Mediocentro;2025;2026;85;6.5;30.32;;;BAJO;BAJO;BAJO;0.6158;0.2461;0.1382;RandomForest
182621;Iker Muñoz;727;Mediocentro;2025;2026;364;6.589999999999999;38.8;;;BAJO;BAJO;BAJO;0.5627;0.3026;0.1347;RandomForest
182639;Unai Vencedor;539;Mediocentro;2025;2026;769;6.719999999999999;46.7;;;BAJO;BAJO;MEDIO;0.5796;0.2944;0.126;RandomForest
182674;Jofre Carreras;540;Mediocentro;2025;2026;619;6.619999999999999;52.14;;;BAJO;BAJO;BAJO;0.5554;0.3265;0.118;RandomForest
182770;Carlos Álvarez;539;Mediocentro;2025;2026;1460;6.920000000000001;76.5;;;ALTO;MEDIO;MEDIO;0.1498;0.3822;0.4679;RandomForest
183699;Urko González;540;Mediocentro;2025;2026;1341;6.629776286353468;45.62;;;BAJO;BAJO;BAJO;0.5618;0.3396;0.0986;RandomForest
183744;Beñat Turrientes;548;Mediocentro;2025;2026;526;6.82;64.29;;;BAJO;BAJO;BAJO;0.5187;0.3376;0.1437;RandomForest
183799;Nico Williams;531;Mediocentro;2025;2026;1168;7.01;81.41;;;ALTO;MEDIO;ALTO;0.0977;0.4279;0.4744;RandomForest
184226;Yéremy Pino;533;Mediocentro;2025;2026;160;7.2;61.58;;;BAJO;BAJO;MEDIO;0.4985;0.3087;0.1928;RandomForest
187214;Carlos Vicente;542;Mediocentro;2025;2026;1256;6.95;78.58;;;ALTO;ALTO;MEDIO;0.1403;0.3779;0.4818;RandomForest
187318;Marc Aguado;797;Mediocentro;2025;2026;1426;6.8;59.0;;;MEDIO;BAJO;BAJO;0.3861;0.4198;0.1941;RandomForest
187987;Ramón Terrats;540;Mediocentro;2025;2026;557;6.6297307001795325;50.57;;;BAJO;BAJO;BAJO;0.6205;0.2752;0.1043;RandomForest
190485;Samú Costa;798;Mediocentro;2025;2026;1363;6.940000000000001;78.24;;;ALTO;ALTO;ALTO;0.1864;0.3516;0.4619;RandomForest
191184;Brandon Domingues;718;Mediocentro;2025;2026;0;;20.75;;;BAJO;BAJO;BAJO;0.6483;0.2302;0.1214;RandomForest
266202;Ilyas Chaira;718;Mediocentro;2025;2026;1226;6.49;51.49;;;BAJO;BAJO;ALTO;0.4609;0.3968;0.1423;RandomForest
266658;Calebe Gonçalves;542;Mediocentro;2025;2026;615;6.69;55.73;;;BAJO;BAJO;ALTO;0.5548;0.3261;0.119;RandomForest
268960;Arsen Zakharyan;548;Mediocentro;2025;2026;282;6.48;33.86;;;BAJO;BAJO;ALTO;0.5545;0.2865;0.159;RandomForest
271580;Martim Neto;797;Mediocentro;2025;2026;982;6.88;71.24;;;MEDIO;MEDIO;ALTO;0.2545;0.463;0.2826;RandomForest
285909;Pablo Torre;798;Mediocentro;2025;2026;722;6.58;47.48;;;BAJO;BAJO;ALTO;0.4704;0.3522;0.1774;RandomForest
286084;Sergi Altimira;543;Mediocentro;2025;2026;711;7.0;73.25;;;MEDIO;MEDIO;BAJO;0.3164;0.4052;0.2784;RandomForest
286564;Álex Cardero;718;Mediocentro;2025;2026;0;;20.75;;;BAJO;BAJO;BAJO;0.6483;0.2302;0.1214;RandomForest
286796;Damián Rodríguez;538;Mediocentro;2025;2026;151;6.4;23.51;;;BAJO;BAJO;BAJO;0.5901;0.2375;0.1724;RandomForest
287654;Jon Gorrotxategi;548;Mediocentro;2025;2026;1463;6.8;70.9;;;MEDIO;ALTO;BAJO;0.3048;0.4286;0.2667;RandomForest
288384;Mikel Goti;548;Mediocentro;2025;2026;81;6.03;24.56;;;BAJO;BAJO;BAJO;0.6635;0.2221;0.1144;RandomForest
290106;Pablo Marín;548;Mediocentro;2025;2026;721;6.51;42.28;;;BAJO;BAJO;ALTO;0.6446;0.2566;0.0989;RandomForest
291964;Arda Güler;541;Mediocentro;2025;2026;1283;7.16;84.21;;;ALTO;ALTO;ALTO;0.0571;0.3184;0.6244;RandomForest
296667;Pablo Gavi;529;Mediocentro;2025;2026;66;7.1;56.07;;;BAJO;BAJO;MEDIO;0.5143;0.314;0.1717;RandomForest
297646;Daniel Luna;798;Mediocentro;2025;2026;0;;20.75;;;BAJO;BAJO;BAJO;0.6483;0.2302;0.1214;RandomForest
297743;Javier Navarro;532;Mediocentro;2025;2026;0;;20.75;;;BAJO;BAJO;BAJO;0.6483;0.2302;0.1214;RandomForest
300885;Nelson Deossa;543;Mediocentro;2025;2026;420;6.82;61.11;;;BAJO;BAJO;BAJO;0.4587;0.3842;0.1571;RandomForest
306727;Jhon Solís;547;Mediocentro;2025;2026;384;6.46;34.88;;;BAJO;BAJO;ALTO;0.6145;0.2554;0.1301;RandomForest
308998;Alvaro Leiva;541;Mediocentro;2025;2026;0;;20.75;;;BAJO;BAJO;BAJO;0.6483;0.2302;0.1214;RandomForest
311345;Federico Redondo;797;Mediocentro;2025;2026;73;6.55;29.83;;;BAJO;BAJO;BAJO;0.6057;0.2787;0.1156;RandomForest
313651;Hugo Sotelo;538;Mediocentro;2025;2026;911;7.06;69.92;;;MEDIO;MEDIO;MEDIO;0.251;0.4871;0.2619;RandomForest
315586;Lander Pinillos;542;Mediocentro;2025;2026;2;0.0;15.26;;;BAJO;BAJO;BAJO;0.5985;0.2445;0.157;RandomForest
315699;Javier Guerra;532;Mediocentro;2025;2026;1053;6.61;55.05;;;BAJO;BAJO;BAJO;0.5283;0.3338;0.1379;RandomForest
323935;Giuliano Simeone;530;Mediocentro;2025;2026;1507;6.83;76.46;;;ALTO;ALTO;MEDIO;0.1549;0.3894;0.4557;RandomForest
324750;Carlos Martín;728;Mediocentro;2025;2026;192;6.57;30.82;;;BAJO;BAJO;BAJO;0.6037;0.2514;0.1449;RandomForest
329720;Hugo Álvarez;538;Mediocentro;2025;2026;562;6.75;56.28;;;BAJO;BAJO;ALTO;0.5143;0.3366;0.1491;RandomForest
329728;Marc Casadó;529;Mediocentro;2025;2026;634;6.69;48.43;;;BAJO;BAJO;MEDIO;0.4941;0.3584;0.1476;RandomForest
331607;Manu Bueno;536;Mediocentro;2025;2026;88;6.8;44.55;;;BAJO;BAJO;BAJO;0.542;0.2773;0.1807;RandomForest
332308;Unai Gómez;531;Mediocentro;2025;2026;418;6.61;45.62;;;BAJO;BAJO;ALTO;0.5643;0.2998;0.1359;RandomForest
332309;Alejandro Rego;531;Mediocentro;2025;2026;425;6.76;55.47;;;BAJO;BAJO;BAJO;0.569;0.3038;0.1272;RandomForest
333502;Miguel Román;538;Mediocentro;2025;2026;772;6.88;64.35;;;BAJO;BAJO;ALTO;0.4268;0.399;0.1742;RandomForest
334878;Ugo Raghouber;539;Mediocentro;2025;2026;114;6.75;42.53;;;BAJO;BAJO;ALTO;0.629;0.2366;0.1344;RandomForest
336594;Pablo Barrios;530;Mediocentro;2025;2026;1530;7.089999999999999;84.58;;;ALTO;ALTO;ALTO;0.0727;0.2988;0.6285;RandomForest
336671;Renato Veiga;533;Mediocentro;2025;2026;1289;6.8100000000000005;61.39;;;BAJO;BAJO;MEDIO;0.4881;0.3546;0.1573;RandomForest
338871;Joan Ruiz;539;Mediocentro;2025;2026;0;;20.75;;;BAJO;BAJO;BAJO;0.6483;0.2302;0.1214;RandomForest
338958;Roony Bardghji;529;Mediocentro;2025;2026;279;6.87;64.94;;;MEDIO;BAJO;BAJO;0.3803;0.4221;0.1976;RandomForest
339105;Joel Roca;547;Mediocentro;2025;2026;804;6.570000000000001;54.04;;;BAJO;BAJO;BAJO;0.4766;0.3962;0.1272;RandomForest
340152;Stanis Idumbo Muzambo;536;Mediocentro;2025;2026;45;6.5;24.21;;;BAJO;BAJO;BAJO;0.64;0.2286;0.1314;RandomForest
340626;Fermín López;529;Mediocentro;2025;2026;812;7.08;81.07;;;MEDIO;ALTO;MEDIO;0.1283;0.4669;0.4048;RandomForest
343205;Mario Martín;546;Mediocentro;2025;2026;1356;6.48;50.94;;;MEDIO;BAJO;BAJO;0.4043;0.4181;0.1777;RandomForest
351131;Dani Pérez;543;Mediocentro;2025;2026;1;0.0;20.12;;;BAJO;BAJO;BAJO;0.6477;0.2302;0.1221;RandomForest
353634;Alex Lebarbier;548;Mediocentro;2025;2026;0;;20.75;;;BAJO;BAJO;BAJO;0.6483;0.2302;0.1214;RandomForest
381197;Asier Osambela;727;Mediocentro;2025;2026;246;6.77;46.85;;;BAJO;BAJO;BAJO;0.5226;0.2953;0.1821;RandomForest
383780;Mikel Jauregizar;531;Mediocentro;2025;2026;1811;6.86;74.67;;;ALTO;ALTO;ALTO;0.2105;0.3763;0.4132;RandomForest
384267;Ibon Sánchez;531;Mediocentro;2025;2026;0;;20.75;;;BAJO;BAJO;BAJO;0.6483;0.2302;0.1214;RandomForest
386187;Hugo Solozábal;546;Mediocentro;2025;2026;10;6.3;17.6;;;BAJO;BAJO;BAJO;0.5861;0.2464;0.1675;RandomForest
386306;César Palacios;541;Mediocentro;2025;2026;0;;20.75;;;BAJO;BAJO;BAJO;0.6483;0.2302;0.1214;RandomForest
386828;Lamine Yamal;529;Mediocentro;2025;2026;1430;7.89;91.64;;;ALTO;ALTO;ALTO;0.0458;0.1779;0.7763;RandomForest
386870;Julio Díaz;530;Mediocentro;2025;2026;0;;20.75;;;BAJO;BAJO;BAJO;0.6483;0.2302;0.1214;RandomForest
388495;Javier Hernandez;540;Mediocentro;2025;2026;0;;20.75;;;BAJO;BAJO;BAJO;0.6483;0.2302;0.1214;RandomForest
406043;Lucas Núñez;532;Mediocentro;2025;2026;0;;20.75;;;BAJO;BAJO;BAJO;0.6483;0.2302;0.1214;RandomForest
411424;Jan Salas;798;Mediocentro;2025;2026;17;6.75;37.32;;;BAJO;BAJO;BAJO;0.6374;0.2361;0.1265;RandomForest
414385;Claudio Echeverri;547;Mediocentro;2025;2026;27;6.9;44.4;;;BAJO;BAJO;BAJO;0.6381;0.2401;0.1218;RandomForest
429553;Mauro Echegoyen;727;Mediocentro;2025;2026;0;;20.75;;;BAJO;BAJO;BAJO;0.6483;0.2302;0.1214;RandomForest
433396;Marc Bernal;529;Mediocentro;2025;2026;138;6.78;46.49;;;BAJO;BAJO;BAJO;0.5586;0.2754;0.166;RandomForest
438284;Rafael Bauza;540;Mediocentro;2025;2026;0;;20.75;;;BAJO;BAJO;BAJO;0.6483;0.2302;0.1214;RandomForest
439633;Samu Becerra;728;Mediocentro;2025;2026;11;6.6;27.3;;;BAJO;BAJO;BAJO;0.5768;0.2625;0.1607;RandomForest
441232;Guillermo Fernández;529;Mediocentro;2025;2026;0;;20.75;;;BAJO;BAJO;BAJO;0.6483;0.2302;0.1214;RandomForest
443152;Cheli;718;Mediocentro;2025;2026;0;;20.75;;;BAJO;BAJO;BAJO;0.6483;0.2302;0.1214;RandomForest
443593;Edu Altozano;536;Mediocentro;2025;2026;0;;20.75;;;BAJO;BAJO;BAJO;0.6483;0.2302;0.1214;RandomForest
445881;Lander Astiazaran;548;Mediocentro;2025;2026;1;0.0;15.26;;;BAJO;BAJO;BAJO;0.5985;0.2445;0.157;RandomForest
448243;Ali Houary;797;Mediocentro;2025;2026;125;6.4;28.21;;;BAJO;BAJO;BAJO;0.6184;0.2441;0.1375;RandomForest
450714;Ivan Corralejo;543;Mediocentro;2025;2026;14;6.3;19.75;;;BAJO;BAJO;BAJO;0.6541;0.2218;0.1241;RandomForest
451594;Jano Monserrate;530;Mediocentro;2025;2026;0;;20.75;;;BAJO;BAJO;BAJO;0.6483;0.2302;0.1214;RandomForest
463280;Alassane Diatta;533;Mediocentro;2025;2026;0;;20.75;;;BAJO;BAJO;BAJO;0.6483;0.2302;0.1214;RandomForest
465838;Alberto Risco;546;Mediocentro;2025;2026;0;;20.75;;;BAJO;BAJO;BAJO;0.6483;0.2302;0.1214;RandomForest
469672;Ibai Aguirre;548;Mediocentro;2025;2026;0;;20.75;;;BAJO;BAJO;BAJO;0.6483;0.2302;0.1214;RandomForest
477231;Mawuli Mensah;543;Mediocentro;2025;2026;0;;20.75;;;BAJO;BAJO;BAJO;0.6483;0.2302;0.1214;RandomForest
491086;Tomás Marqués;529;Mediocentro;2025;2026;0;;20.75;;;BAJO;BAJO;BAJO;0.6483;0.2302;0.1214;RandomForest
491087;Dro Fernández;529;Mediocentro;2025;2026;90;6.6;38.98;;;BAJO;BAJO;BAJO;0.5587;0.2858;0.1555;RandomForest
508284;Antonio Martínez;797;Mediocentro;2025;2026;0;;20.75;;;BAJO;BAJO;BAJO;0.6483;0.2302;0.1214;RandomForest
509470;Thiago Pitarch;541;Mediocentro;2025;2026;0;;20.75;;;BAJO;BAJO;BAJO;0.6483;0.2302;0.1214;RandomForest
546881;Edu Altozano;536;Mediocentro;2025;2026;0;;20.75;;;BAJO;BAJO;BAJO;0.6483;0.2302;0.1214;RandomForest
548734;Carlos Maciá;533;Mediocentro;2025;2026;77;6.6;35.74;;;BAJO;BAJO;BAJO;0.6272;0.2477;0.1251;RandomForest
548867;Taufik Seidu;530;Mediocentro;2025;2026;0;;20.75;;;BAJO;BAJO;BAJO;0.6483;0.2302;0.1214;RandomForest
551459;Lancinet Kourouma;547;Mediocentro;2025;2026;64;6.3;19.86;;;BAJO;BAJO;BAJO;0.6659;0.2112;0.1229;RandomForest
551460;Alberto Risco;546;Mediocentro;2025;2026;0;;20.75;;;BAJO;BAJO;BAJO;0.6483;0.2302;0.1214;RandomForest
560905;Jorge Cestero;541;Mediocentro;2025;2026;0;;20.75;;;BAJO;BAJO;BAJO;0.6483;0.2302;0.1214;RandomForest
560930;Hugo Burcio;538;Mediocentro;2025;2026;12;6.599999999999999;28.39;;;BAJO;BAJO;BAJO;0.6213;0.2453;0.1333;RandomForest
560978;Eder Garcia;531;Mediocentro;2025;2026;0;;20.75;;;BAJO;BAJO;BAJO;0.6483;0.2302;0.1214;RandomForest
562472;Diego Menendez;718;Mediocentro;2025;2026;0;;20.75;;;BAJO;BAJO;BAJO;0.6483;0.2302;0.1214;RandomForest
568156;Selton Sanchez;531;Mediocentro;2025;2026;130;6.38;32.92;;;BAJO;BAJO;ALTO;0.6107;0.2549;0.1344;RandomForest
579244;Juan Hernández;529;Mediocentro;2025;2026;0;;20.75;;;BAJO;BAJO;BAJO;0.6483;0.2302;0.1214;RandomForest
579838;Alejandro Mestanza;546;Mediocentro;2025;2026;79;6.569999999999999;30.63;;;BAJO;BAJO;BAJO;0.6465;0.2388;0.1146;RandomForest
600938;Pablo Agudín;718;Mediocentro;2025;2026;66;6.35;22.89;;;BAJO;BAJO;BAJO;0.6822;0.2178;0.1;RandomForest
601891;Ferran Gomez;540;Mediocentro;2025;2026;0;;20.75;;;BAJO;BAJO;BAJO;0.6483;0.2302;0.1214;RandomForest
631889;Adrián Riquelme;546;Mediocentro;2025;2026;0;;20.75;;;BAJO;BAJO;BAJO;0.6483;0.2302;0.1214;RandomForest
29;Jan Oblak;530;Portero;2025;2026;1800;7.1;46.45;;;BAJO;BAJO;BAJO;0.4015;0.2744;0.3241;RandomForest
126;Iñaki Peña;797;Portero;2025;2026;1260;7.35;56.51;;;BAJO;BAJO;MEDIO;0.449;0.247;0.304;RandomForest
127;Marc-André Ter Stegen;547;Portero;2025;2026;90;6.9;25.8;;;BAJO;BAJO;MEDIO;0.6085;0.2441;0.1475;RandomForest
158;Paulo Gazzaniga;547;Portero;2025;2026;1663;6.969999999999999;37.02;;;ALTO;BAJO;MEDIO;0.3545;0.263;0.3824;RandomForest
557;Odysseas Vlachodimos;536;Portero;2025;2026;1530;7.14;44.85;;;BAJO;BAJO;BAJO;0.416;0.2509;0.3331;RandomForest
730;Thibaut Courtois;541;Portero;2025;2026;1890;7.0;40.34;;;BAJO;ALTO;ALTO;0.3646;0.2986;0.3368;RandomForest
851;Wojciech Szczęsny;529;Portero;2025;2026;540;7.18;46.98;;;BAJO;BAJO;BAJO;0.5087;0.2998;0.1915;RandomForest
913;Cristian Rivero;532;Portero;2025;2026;0;;29.09;;;BAJO;ALTO;ALTO;0.5561;0.2295;0.2144;RandomForest
1305;Dominik Livaković;547;Portero;2025;2026;0;;29.09;;;BAJO;BAJO;ALTO;0.5668;0.2322;0.201;RandomForest
1557;Pau López;543;Portero;2025;2026;720;7.15;49.74;;;BAJO;BAJO;MEDIO;0.4933;0.2907;0.216;RandomForest
2465;Juan Musso;530;Portero;2025;2026;90;7.0;31.66;;;BAJO;BAJO;BAJO;0.5582;0.2511;0.1907;RandomForest
2741;Mathew Ryan;539;Portero;2025;2026;1620;7.33;59.53;;;ALTO;ALTO;ALTO;0.3082;0.3112;0.3806;RandomForest
2813;Marko Dmitrović;540;Portero;2025;2026;1987;7.09;48.84;;;ALTO;ALTO;ALTO;0.3124;0.3034;0.3842;RandomForest
11346;Matías Dituro;797;Portero;2025;2026;630;7.5600000000000005;62.66;;;BAJO;ALTO;MEDIO;0.3754;0.3105;0.3141;RandomForest
11379;Augusto Batalla;728;Portero;2025;2026;1890;7.04;49.77;;;ALTO;ALTO;ALTO;0.3458;0.2832;0.371;RandomForest
18812;Adrián;543;Portero;2025;2026;0;;29.09;;;BAJO;BAJO;ALTO;0.5668;0.2322;0.201;RandomForest
19172;Ørjan Nyland;536;Portero;2025;2026;360;6.679999999999999;25.5;;;BAJO;BAJO;ALTO;0.4688;0.2573;0.274;RandomForest
30765;Ionuț Radu;538;Portero;2025;2026;1890;7.18;54.67;;;BAJO;ALTO;BAJO;0.3567;0.3073;0.336;RandomForest
42642;Horațiu Moldovan;718;Portero;2025;2026;0;;29.09;;;BAJO;BAJO;ALTO;0.5668;0.2322;0.201;RandomForest
46646;Sergio Herrera;727;Portero;2025;2026;1890;7.31;58.39;;;BAJO;ALTO;ALTO;0.3425;0.3158;0.3417;RandomForest
46673;Aarón Escandell;718;Portero;2025;2026;1890;7.5;64.71;;;ALTO;ALTO;ALTO;0.3128;0.2869;0.4004;RandomForest
46987;Raúl Fernández;542;Portero;2025;2026;0;;29.09;;;BAJO;BAJO;ALTO;0.5668;0.2322;0.201;RandomForest
46990;Álvaro Valles;543;Portero;2025;2026;1170;6.95;37.46;;;BAJO;BAJO;ALTO;0.3678;0.3191;0.3131;RandomForest
47153;Juan Carlos;547;Portero;2025;2026;0;;28.32;;;BAJO;BAJO;MEDIO;0.6166;0.2516;0.1318;RandomForest
47247;David Soria;546;Portero;2025;2026;1890;6.93;33.63;;;BAJO;BAJO;ALTO;0.394;0.2699;0.3361;RandomForest
47269;Álex Remiro;548;Portero;2025;2026;1890;6.879999999999999;38.8;;;BAJO;BAJO;ALTO;0.4222;0.3132;0.2646;RandomForest
47270;Unai Simón;531;Portero;2025;2026;1890;7.01;44.86;;;ALTO;ALTO;ALTO;0.313;0.3138;0.3732;RandomForest
47353;Antonio Sivera;542;Portero;2025;2026;1987;7.03;42.15;;;BAJO;BAJO;BAJO;0.3526;0.2961;0.3513;RandomForest
47399;Iván Cuéllar;798;Portero;2025;2026;0;;29.09;;;BAJO;BAJO;ALTO;0.5668;0.2322;0.201;RandomForest
47400;Andriy Lunin;541;Portero;2025;2026;0;;29.09;;;BAJO;ALTO;ALTO;0.5561;0.2295;0.2144;RandomForest
47427;Iván Villar;538;Portero;2025;2026;0;;29.09;;;BAJO;BAJO;ALTO;0.5668;0.2322;0.201;RandomForest
47448;Aitor Fernández;727;Portero;2025;2026;0;;29.09;;;BAJO;BAJO;ALTO;0.5756;0.2293;0.1951;RandomForest
47527;Stole Dimitrievski;532;Portero;2025;2026;270;7.17;48.86;;;BAJO;ALTO;BAJO;0.5199;0.2707;0.2093;RandomForest
66491;Jiří Letáček;546;Portero;2025;2026;0;;29.09;;;BAJO;BAJO;ALTO;0.5668;0.2322;0.201;RandomForest
122956;Diego Conde;533;Portero;2025;2026;0;;29.09;;;BAJO;BAJO;ALTO;0.5668;0.2322;0.201;RandomForest
152955;Lucas Bergström;798;Portero;2025;2026;450;7.1;43.64;;;BAJO;BAJO;BAJO;0.5105;0.3032;0.1863;RandomForest
156488;Dani Cárdenas;728;Portero;2025;2026;0;;29.09;;;BAJO;BAJO;ALTO;0.5668;0.2322;0.201;RandomForest
162473;Arnau Tenas;533;Portero;2025;2026;270;6.33;26.12;;;BAJO;BAJO;ALTO;0.4524;0.2395;0.3081;RandomForest
162585;Pol Tristan Jimenez;540;Portero;2025;2026;0;;28.72;;;BAJO;BAJO;ALTO;0.6142;0.2451;0.1407;RandomForest
179139;Leo Román;798;Portero;2025;2026;1440;7.119999999999999;49.06;;;BAJO;BAJO;BAJO;0.3778;0.302;0.3203;RandomForest
181210;Nil Torreguitart;798;Portero;2025;2026;0;;28.58;;;BAJO;BAJO;ALTO;0.6124;0.2473;0.1403;RandomForest
182718;Joan García;529;Portero;2025;2026;1350;7.38;67.43;;;MEDIO;ALTO;MEDIO;0.3267;0.3495;0.3238;RandomForest
182735;Angel Fortuno;540;Portero;2025;2026;0;;29.09;;;BAJO;BAJO;ALTO;0.5668;0.2322;0.201;RandomForest
183848;Julen Agirrezabala;532;Portero;2025;2026;2070;6.80608695652174;34.95;;;MEDIO;ALTO;ALTO;0.3068;0.3994;0.2938;RandomForest
189832;Unai Marrero;548;Portero;2025;2026;0;;29.09;;;BAJO;BAJO;ALTO;0.5668;0.2322;0.201;RandomForest
189997;Mario de Luis;530;Portero;2025;2026;0;;28.32;;;BAJO;BAJO;MEDIO;0.6166;0.2516;0.1318;RandomForest
278619;Luiz Júnior;533;Portero;2025;2026;1530;7.089999999999999;42.54;;;BAJO;BAJO;MEDIO;0.4135;0.2857;0.3008;RandomForest
285505;Juanpe;728;Portero;2025;2026;0;;28.58;;;BAJO;BAJO;ALTO;0.6124;0.2473;0.1403;RandomForest
286611;Pablo Cuñat;539;Portero;2025;2026;180;7.75;58.52;;;BAJO;ALTO;BAJO;0.4833;0.2431;0.2736;RandomForest
290686;Rafael Romero;536;Portero;2025;2026;0;;28.32;;;BAJO;BAJO;MEDIO;0.6166;0.2516;0.1318;RandomForest
297243;Miguel Narvaez;718;Portero;2025;2026;0;;28.58;;;BAJO;BAJO;ALTO;0.6124;0.2473;0.1403;RandomForest
302277;Rubén Gómez;533;Portero;2025;2026;0;;28.32;;;BAJO;BAJO;MEDIO;0.6166;0.2516;0.1318;RandomForest
308346;Alberto Flores;536;Portero;2025;2026;0;;29.09;;;BAJO;BAJO;ALTO;0.5668;0.2322;0.201;RandomForest
312468;Alex Padilla;531;Portero;2025;2026;0;;29.09;;;BAJO;ALTO;ALTO;0.5561;0.2295;0.2144;RandomForest
315604;Alejandro Iturbe;797;Portero;2025;2026;0;;29.09;;;BAJO;BAJO;ALTO;0.5668;0.2322;0.201;RandomForest
337843;Aitor Fraga;548;Portero;2025;2026;0;;28.32;;;BAJO;BAJO;MEDIO;0.6166;0.2516;0.1318;RandomForest
338295;Alejandro Primo;539;Portero;2025;2026;0;;29.09;;;BAJO;BAJO;ALTO;0.5668;0.2322;0.201;RandomForest
348029;Dimitrios Stamatakis;727;Portero;2025;2026;0;;28.72;;;BAJO;BAJO;ALTO;0.6142;0.2451;0.1407;RandomForest
377215;Grégoire Swiderski;542;Portero;2025;2026;0;;28.65;;;BAJO;BAJO;ALTO;0.6125;0.2457;0.1418;RandomForest
383647;Diego Kochen;529;Portero;2025;2026;0;;29.09;;;BAJO;BAJO;ALTO;0.5668;0.2322;0.201;RandomForest
386872;Sergio Mestre;541;Portero;2025;2026;0;;29.09;;;BAJO;BAJO;ALTO;0.5668;0.2322;0.201;RandomForest
392455;Germán García;543;Portero;2025;2026;0;;28.32;;;BAJO;BAJO;MEDIO;0.6166;0.2516;0.1318;RandomForest
393198;Salvi Esquivel;530;Portero;2025;2026;0;;29.09;;;BAJO;BAJO;ALTO;0.5668;0.2322;0.201;RandomForest
396475;Fran González;541;Portero;2025;2026;0;;28.49;;;BAJO;BAJO;MEDIO;0.6121;0.2476;0.1403;RandomForest
401983;Vicent Abril;532;Portero;2025;2026;0;;28.65;;;BAJO;BAJO;ALTO;0.6125;0.2457;0.1418;RandomForest
431160;Theo Folgado;548;Portero;2025;2026;0;;28.49;;;BAJO;BAJO;MEDIO;0.6121;0.2476;0.1403;RandomForest
432080;Jorge Benito;546;Portero;2025;2026;0;;28.16;;;BAJO;BAJO;MEDIO;0.6155;0.253;0.1314;RandomForest
432476;Vladyslav Krapyvtsov;547;Portero;2025;2026;136;7.2;51.95;;;BAJO;BAJO;MEDIO;0.5285;0.2488;0.2227;RandomForest
437637;Mikel Santos;531;Portero;2025;2026;0;;28.49;;;BAJO;BAJO;MEDIO;0.6121;0.2476;0.1403;RandomForest
439032;Ruben Montero;542;Portero;2025;2026;0;;28.16;;;BAJO;BAJO;MEDIO;0.6155;0.253;0.1314;RandomForest
442861;Aleksandar Andreev;547;Portero;2025;2026;0;;28.78;;;BAJO;BAJO;ALTO;0.6126;0.243;0.1443;RandomForest
450562;Cayetano;539;Portero;2025;2026;0;;28.32;;;BAJO;BAJO;MEDIO;0.6166;0.2516;0.1318;RandomForest
456619;Manu González;543;Portero;2025;2026;0;;28.32;;;BAJO;BAJO;MEDIO;0.6166;0.2516;0.1318;RandomForest
461502;Llorenç Serred;540;Portero;2025;2026;0;;28.16;;;BAJO;BAJO;MEDIO;0.6155;0.253;0.1314;RandomForest
478244;Adrián Molina;728;Portero;2025;2026;0;;29.09;;;BAJO;BAJO;ALTO;0.5668;0.2322;0.201;RandomForest
482071;Diego Ferrer;546;Portero;2025;2026;0;;28.32;;;BAJO;BAJO;MEDIO;0.6166;0.2516;0.1318;RandomForest
543468;Eder Aller;529;Portero;2025;2026;0;;28.78;;;BAJO;BAJO;ALTO;0.6126;0.243;0.1443;RandomForest
548843;Lorenzo Luchino;536;Portero;2025;2026;0;;28.16;;;BAJO;BAJO;MEDIO;0.6155;0.253;0.1314;RandomForest
551461;Ruben Montero;542;Portero;2025;2026;0;;28.58;;;BAJO;BAJO;ALTO;0.6124;0.2473;0.1403;RandomForest
