id_jugador;temporada;nombre;ataque;creacion;defensa;porteros;duelos;regates;percentil_ataque;percentil_creacion;percentil_defensa;percentil_porteros;percentil_duelos;percentil_regates
9;2017;Achraf Hakimi;1.47;4.46;2.97;0.0;6.8;6.9;83.66;65.71;65.53;45.6;80.07;94.61
15;2021;Thomas Delaney;0.86;2.5;5.12;0.0;6.93;3.79;76.34;74.13;87.27;43.97;91.82;67.09
15;2022;Thomas Delaney;0.21;0.91;1.28;0.0;5.17;0.19;51.4;47.41;53.85;43.77;54.83;34.73
20;2022;Axel Witsel;0.0;1.78;4.04;0.0;6.31;3.32;21.22;62.11;82.77;43.77;75.77;67.86
20;2023;Axel Witsel;0.74;2.46;4.49;0.0;6.82;3.35;66.74;71.92;85.55;43.85;91.42;65.21
20;2024;Axel Witsel;0.0;0.95;2.06;0.0;6.14;0.96;22.46;49.12;64.45;43.69;67.16;41.99
20;2025;Axel Witsel;0.57;3.15;3.73;0.0;6.82;2.25;74.71;79.04;79.41;44.26;87.5;65.0
21;2015;Paco Alcácer;3.27;5.66;0.87;0.0;4.12;2.88;96.01;80.06;41.28;46.1;24.4;48.52
21;2016;Paco Alcácer;1.63;2.2;0.42;0.0;1.72;0.83;81.24;31.89;33.73;45.75;13.03;20.7
21;2017;Paco Alcácer;1.85;4.86;1.82;0.0;3.67;1.73;88.06;70.56;55.57;45.6;25.31;31.42
21;2019;Paco Alcácer;3.15;4.26;0.77;0.0;1.97;3.0;95.2;70.02;29.36;46.17;31.23;45.82
21;2020;Paco Alcácer;2.56;2.99;1.08;0.0;3.63;3.55;96.71;81.71;52.21;44.14;40.29;67.29
21;2021;Paco Alcácer;1.01;1.87;1.24;0.0;3.9;2.79;80.23;65.75;54.76;43.97;42.56;54.76
23;2020;Sergio Gómez;0.12;2.03;2.36;0.0;4.95;4.2;50.29;68.79;68.86;44.14;59.43;76.57
23;2024;Sergio Gómez;0.85;7.46;5.25;0.0;7.04;3.57;80.53;97.83;89.96;43.69;83.99;78.7
23;2025;Sergio Gómez;0.0;5.73;8.61;0.0;7.12;2.74;24.41;91.91;98.97;44.26;91.84;71.47
27;2015;Antonio Adán;0.0;0.55;0.08;8.02;4.81;1.1;14.66;10.02;16.79;98.52;30.33;23.75
27;2016;Antonio Adán;0.0;0.67;0.15;6.67;4.66;1.84;14.7;12.01;25.14;97.97;34.94;33.36
27;2017;Antonio Adán;0.0;2.26;0.0;3.83;5.17;3.3;14.99;35.91;9.25;94.97;41.74;47.13
27;2018;Antonio Adán;0.0;0.04;0.0;0.35;0.0;0.0;13.09;1.69;4.99;92.47;0.56;3.58
27;2019;Antonio Adán;0.0;0.05;0.0;0.15;0.0;0.0;15.48;2.49;6.58;92.53;11.57;4.63
29;2015;Jan Oblak;0.0;0.42;0.17;10.0;5.03;1.09;14.66;7.88;20.22;99.72;33.67;23.38
29;2016;Jan Oblak;0.0;0.44;0.04;10.0;4.41;1.1;14.7;8.96;20.89;99.72;31.79;23.38
29;2017;Jan Oblak;0.0;0.65;0.13;10.0;4.19;2.41;14.99;14.99;21.81;99.73;29.17;36.62
29;2018;Jan Oblak;0.0;0.39;0.06;9.23;4.7;1.07;13.09;6.78;11.3;99.44;35.03;25.99
29;2019;Jan Oblak;0.0;0.52;0.06;8.29;0.0;1.13;15.48;13.79;14.86;99.11;11.57;27.05
29;2020;Jan Oblak;0.0;0.24;0.0;10.0;5.15;1.11;22.64;31.21;13.07;99.64;63.36;39.29
29;2021;Jan Oblak;0.0;0.25;0.03;6.99;5.94;2.18;21.72;32.37;29.22;96.11;80.5;48.86
29;2022;Jan Oblak;0.0;0.3;0.0;7.93;4.63;1.18;21.22;34.45;14.57;97.34;48.32;41.04
29;2023;Jan Oblak;0.0;0.27;0.0;6.21;5.2;1.23;21.85;32.09;13.69;96.13;59.47;40.66
29;2024;Jan Oblak;0.0;0.27;0.0;7.49;5.19;1.83;22.46;33.79;15.2;97.56;53.53;51.97
29;2025;Jan Oblak;0.0;0.52;0.0;6.63;3.23;0.08;24.41;41.99;15.81;97.79;40.59;36.18
30;2018;Santiago Arias;0.26;4.52;5.8;0.0;6.96;3.65;42.75;66.67;86.35;46.05;84.09;55.37
30;2019;Santiago Arias;0.39;5.49;10.0;0.0;7.22;3.0;47.69;82.03;100.0;46.17;83.01;45.82
30;2021;Santiago Arias;0.44;1.12;2.29;0.0;4.34;2.13;64.48;53.89;65.42;43.97;49.06;47.92
31;2015;José María Giménez;0.48;2.68;4.95;0.0;7.31;3.55;55.19;39.8;84.88;46.1;82.1;60.67
31;2016;José María Giménez;0.8;2.56;4.24;0.0;7.77;5.23;63.22;36.6;83.73;45.75;97.41;86.04
31;2017;José María Giménez;0.36;3.13;4.31;0.0;7.2;3.55;50.27;45.87;76.48;45.6;88.15;50.9
31;2018;José María Giménez;0.31;2.36;7.35;0.0;7.11;4.16;44.73;34.93;96.99;46.05;87.38;64.5
31;2019;José María Giménez;0.26;2.6;5.05;0.0;6.99;2.82;39.32;42.26;77.94;46.17;77.67;43.59
31;2020;José María Giménez;0.46;2.31;3.92;0.0;6.18;1.26;69.64;73.0;83.71;44.14;81.5;41.43
31;2021;José María Giménez;0.91;1.79;4.65;0.0;6.29;4.15;78.02;63.54;85.25;43.97;85.32;71.51
31;2022;José María Giménez;1.11;2.54;5.66;0.0;7.21;2.99;79.83;72.27;93.35;43.77;89.43;63.59
31;2023;José María Giménez;0.17;1.14;3.38;0.0;5.38;1.92;47.3;50.62;74.0;43.85;62.79;46.4
31;2024;José María Giménez;0.06;2.09;4.38;0.0;6.2;1.76;46.27;67.23;85.41;43.69;68.79;50.88
31;2025;José María Giménez;0.0;1.64;4.81;0.0;6.12;0.3;24.41;60.29;85.59;44.26;76.84;39.78
32;2015;Diego Godín;0.55;2.81;7.11;0.0;8.37;4.21;57.88;41.74;97.96;46.1;95.73;73.01
32;2016;Diego Godín;0.94;3.01;6.03;0.0;7.33;5.46;67.38;42.24;95.19;45.75;93.81;88.35
32;2017;Diego Godín;0.35;3.15;7.06;0.0;6.63;3.73;49.73;46.41;93.54;45.6;74.6;53.05
32;2018;Diego Godín;1.0;2.49;5.69;0.0;7.24;4.65;74.01;36.72;84.84;46.05;90.02;71.66
33;2015;Lucas Hernández;0.0;2.38;7.09;0.0;6.84;1.56;14.66;36.36;97.77;46.1;70.5;30.98
33;2016;Lucas Hernández;0.0;1.69;3.51;0.0;7.06;2.91;14.7;24.86;75.88;45.75;89.56;46.21
33;2017;Lucas Hernández;0.08;3.14;6.56;0.0;8.5;6.7;31.87;46.14;91.02;45.6;98.65;93.9
33;2018;Lucas Hernández;0.46;2.94;7.38;0.0;7.42;3.76;53.67;44.07;97.18;46.05;91.81;57.91
34;2015;Filipe Luís;0.26;7.11;5.6;0.0;9.27;7.1;46.29;88.5;91.0;46.1;99.26;98.24
34;2016;Filipe Luís;1.06;7.82;4.57;0.0;8.14;7.25;70.98;91.87;86.6;45.75;98.71;97.78
34;2017;Filipe Luís;0.42;7.11;6.25;0.0;8.44;5.81;53.23;87.97;89.59;45.6;98.2;87.43
34;2018;Filipe Luís;0.8;5.65;6.28;0.0;6.52;5.48;68.64;78.44;91.43;46.05;72.5;83.05
35;2018;Francisco Montero;0.0;0.99;2.72;0.0;3.1;0.05;13.09;16.57;55.74;46.05;19.96;9.32
36;2017;Carlos Isaac;0.0;0.27;0.29;0.0;0.56;0.29;14.99;6.82;26.48;45.6;9.25;17.59
36;2018;Carlos Isaac;0.0;0.62;0.09;0.0;0.46;0.52;13.09;11.58;12.81;46.05;6.12;19.3
37;2020;Nehuén Pérez;0.04;0.04;0.52;0.0;1.74;0.91;45.36;25.43;40.93;44.14;27.86;35.86
37;2021;Nehuén Pérez;0.0;0.0;0.0;0.0;0.0;0.0;21.72;10.86;14.28;43.97;10.99;13.4
38;2019;Alberto Rodríguez;0.0;0.42;2.1;0.0;3.48;0.3;15.48;11.65;50.0;46.17;38.43;18.06
38;2020;Alberto Rodríguez;0.0;0.48;1.23;0.0;4.71;0.25;22.64;38.93;53.86;44.14;55.86;33.5
38;2021;Alberto Rodríguez;0.0;0.24;0.99;0.0;4.15;0.1;21.72;31.97;50.4;43.97;46.98;32.37
39;2015;Stefan Savić;0.0;1.8;3.5;0.0;6.57;1.29;14.66;26.62;72.63;46.1;63.82;27.46
39;2016;Stefan Savić;0.21;2.16;5.16;0.0;5.94;0.23;35.95;30.96;90.02;45.75;63.68;14.33
39;2017;Stefan Savić;0.08;2.37;6.38;0.0;5.84;3.04;31.87;37.07;90.22;45.6;54.76;43.9
39;2018;Stefan Savić;0.0;3.16;4.66;0.0;5.47;1.25;13.09;47.93;75.42;46.05;48.12;29.19
39;2019;Stefan Savić;0.24;2.77;5.38;0.0;7.22;1.86;38.26;45.91;81.41;46.17;83.01;33.27
39;2020;Stefan Savić;0.27;2.03;5.74;0.0;6.94;3.77;60.57;68.79;94.93;44.14;93.14;69.64
39;2021;Stefan Savić;0.49;1.88;6.85;0.0;7.12;4.84;65.55;66.09;95.98;43.97;93.3;79.89
39;2022;Stefan Savić;0.13;1.92;7.09;0.0;7.55;2.78;46.78;64.85;97.34;43.77;93.49;60.92
39;2023;Stefan Savić;0.13;1.18;4.45;0.0;6.01;4.77;46.06;50.9;84.99;43.85;75.52;84.51
40;2018;Andrés Solano;0.0;0.24;0.69;0.0;0.58;0.05;13.09;5.08;27.12;46.05;7.16;9.32
41;2015;Juanfran;0.31;5.13;3.95;0.0;6.63;5.09;47.59;73.75;76.44;46.1;65.86;85.9
41;2016;Juanfran;0.1;5.25;3.17;0.0;5.88;4.5;30.59;74.49;71.9;45.75;61.09;74.12
41;2017;Juanfran;0.0;3.77;6.38;0.0;5.35;3.09;14.99;55.03;90.22;45.6;45.42;45.15
41;2018;Juanfran;0.0;6.4;4.03;0.0;5.56;3.52;13.09;84.09;69.3;46.05;50.19;53.48
44;2015;Rodrigo;0.21;1.6;0.59;0.0;1.52;0.05;41.19;24.12;36.27;46.1;12.62;8.44
44;2016;Rodrigo;0.1;4.49;1.9;0.0;6.12;2.14;30.59;64.33;59.8;45.75;68.67;37.71
44;2017;Rodrigo;0.67;7.27;5.21;0.0;8.07;6.12;66.52;88.87;84.02;45.6;96.95;91.2
44;2018;Rodrigo;0.82;6.2;7.41;0.0;8.0;5.4;68.93;82.49;97.36;46.05;96.23;82.49
45;2018;Thomas Lemar;1.25;8.28;2.62;0.0;6.06;6.28;82.02;92.66;54.43;46.05;61.68;92.47
45;2019;Thomas Lemar;0.38;2.98;1.48;0.0;2.76;4.95;47.24;49.02;40.93;46.17;34.52;79.18
45;2020;Thomas Lemar;1.04;4.27;2.77;0.0;6.34;7.32;85.29;89.57;72.86;44.14;85.57;98.71
45;2021;Thomas Lemar;1.95;7.18;2.68;0.0;6.12;6.51;90.68;96.11;69.37;43.97;82.84;92.9
45;2022;Thomas Lemar;0.79;5.27;2.68;0.0;5.93;4.6;74.09;91.6;70.8;43.77;68.21;85.01
45;2023;Thomas Lemar;0.0;0.61;0.63;0.0;1.69;0.78;21.85;41.91;41.84;43.85;27.59;36.79
45;2024;Thomas Lemar;0.09;0.41;0.12;0.0;2.36;0.04;49.19;38.13;33.04;43.69;30.94;31.14
45;2025;Thomas Lemar;0.7;4.0;1.92;0.0;5.01;2.62;77.79;85.0;64.26;44.26;61.76;70.51
46;2015;Vitolo;1.23;7.34;0.19;0.0;7.74;6.22;80.98;89.42;20.87;46.1;88.87;95.36
46;2016;Vitolo;1.88;9.74;0.35;0.0;7.67;8.05;84.75;96.67;32.07;45.75;97.04;99.08
46;2017;Vitolo;0.93;4.42;1.21;0.0;6.54;6.58;71.72;64.09;46.59;45.6;71.63;93.36
46;2018;Vitolo;0.11;3.5;2.27;0.0;6.38;6.26;29.19;54.61;51.51;46.05;69.68;92.0
46;2019;Vitolo;1.56;4.23;1.62;0.0;6.2;5.79;81.49;69.4;43.42;46.17;68.86;89.15
46;2020;Vitolo;0.0;0.45;0.29;0.0;3.27;1.53;22.64;38.14;35.29;44.14;37.07;42.86
46;2021;Vitolo;0.0;0.66;0.34;0.0;4.15;3.1;21.72;44.24;37.8;43.97;46.98;58.58
47;2017;Toni Moya;0.0;0.35;0.0;0.0;0.0;0.0;14.99;8.53;9.25;45.6;0.99;4.67
47;2018;Toni Moya;0.0;0.32;0.4;0.0;0.39;0.0;13.09;6.03;21.19;46.05;5.18;3.58
47;2019;Toni Moya;0.0;0.0;0.0;0.0;0.0;0.0;15.48;0.71;6.58;46.17;11.57;4.63
47;2020;Toni Moya;0.0;0.0;0.0;0.0;0.0;0.0;22.64;10.43;13.07;44.14;10.07;12.93
47;2021;Toni Moya;0.16;2.86;2.5;0.0;4.39;5.71;50.74;78.02;67.16;43.97;49.8;87.87
48;2015;Saúl Ñíguez;1.65;4.81;3.41;0.0;8.73;4.54;85.16;69.67;71.71;46.1;98.14;77.55
48;2016;Saúl Ñíguez;1.5;5.45;3.76;0.0;8.0;4.84;79.76;75.69;79.48;45.75;98.06;79.48
48;2017;Saúl Ñíguez;0.76;5.33;5.28;0.0;8.89;6.45;67.77;76.3;84.2;45.6;99.64;93.0
48;2018;Saúl Ñíguez;1.82;4.24;6.19;0.0;8.01;5.52;88.89;64.03;90.21;46.05;96.42;84.18
48;2019;Saúl Ñíguez;1.86;4.01;9.23;0.0;5.24;4.93;84.96;65.84;99.64;46.17;57.74;78.65
48;2020;Saúl Ñíguez;1.16;4.01;4.32;0.0;6.54;4.77;86.71;87.29;86.21;44.14;88.36;83.36
48;2021;Saúl Ñíguez;0.0;1.29;1.86;0.0;2.05;0.59;21.72;56.64;61.8;43.97;30.29;35.66
48;2022;Saúl Ñíguez;1.16;1.13;3.33;0.0;6.22;4.61;80.67;51.4;76.75;43.77;73.25;85.22
48;2023;Saúl Ñíguez;0.62;2.56;4.91;0.0;6.45;3.65;63.35;73.31;88.87;43.85;84.79;70.33
48;2024;Saúl Ñíguez;0.98;5.36;5.17;0.0;7.33;3.01;83.18;92.27;89.69;43.69;88.2;69.95
49;2015;Thomas Partey;1.15;4.67;2.21;0.0;6.03;4.39;78.94;68.0;59.55;46.1;50.46;75.7
49;2016;Thomas Partey;0.7;6.46;2.44;0.0;5.41;4.97;59.8;84.94;65.43;45.75;49.17;82.07
49;2017;Thomas Partey;0.57;4.29;5.84;0.0;7.96;7.23;62.03;61.94;87.25;45.6;96.14;95.96
49;2018;Thomas Partey;0.87;6.39;5.96;0.0;6.87;6.61;71.0;83.71;87.76;46.05;81.26;94.63
49;2019;Thomas Partey;1.09;5.36;6.98;0.0;9.08;7.76;72.69;80.6;93.59;46.17;97.86;98.75
49;2020;Thomas Partey;0.0;1.52;1.73;0.0;2.07;2.07;22.64;59.93;61.5;44.14;28.71;48.0
49;2025;Thomas Partey;0.14;1.91;3.44;0.0;5.34;2.18;54.78;64.04;77.28;44.26;66.84;64.19
50;2015;Koke;1.35;10.0;2.21;0.0;7.45;3.69;83.12;98.24;59.55;46.1;84.6;63.27
50;2016;Koke;1.13;10.0;1.82;0.0;6.34;4.07;72.83;98.61;58.78;45.75;75.79;65.71
50;2017;Koke;1.31;10.0;1.35;0.0;6.46;5.34;80.7;98.03;48.92;45.6;70.65;79.89
50;2018;Koke;0.86;10.0;4.68;0.0;6.69;4.83;70.06;98.59;75.71;46.05;76.37;75.61
50;2019;Koke;1.45;10.0;6.18;0.0;7.05;4.67;80.52;98.58;88.79;46.17;78.91;74.47
50;2020;Koke;0.57;7.61;4.65;0.0;6.49;5.45;73.5;96.86;89.57;44.14;87.57;90.79
50;2021;Koke;0.73;5.82;5.3;0.0;5.82;4.94;71.65;94.37;88.61;43.97;77.41;81.1
50;2022;Koke;0.08;6.64;4.8;0.0;6.34;4.21;43.63;95.38;88.17;43.77;76.19;80.04
50;2023;Koke;0.21;7.39;5.17;0.0;5.84;2.71;48.76;96.96;90.94;43.85;72.54;55.19
50;2024;Koke;0.42;4.61;4.29;0.0;6.17;2.81;66.69;89.42;84.6;43.69;67.77;67.16
50;2025;Koke;0.77;6.13;3.68;0.0;5.67;0.9;79.56;92.94;78.97;44.26;71.18;44.63
52;2018;Sergio Camello;0.64;0.5;0.0;0.0;0.17;0.0;62.81;8.38;4.99;46.05;3.2;3.58
52;2019;Sergio Camello;0.0;0.03;0.0;0.0;0.0;0.05;15.48;1.69;6.58;46.17;11.57;11.74
52;2020;Sergio Camello;0.0;0.0;0.0;0.0;0.0;0.0;22.64;10.43;13.07;44.14;10.07;12.93
52;2021;Sergio Camello;0.0;0.0;0.0;0.0;0.0;0.0;21.72;10.86;14.28;43.97;10.99;13.4
52;2022;Sergio Camello;2.33;3.89;0.89;0.0;5.01;3.15;92.23;84.45;49.09;43.77;52.52;65.48
52;2023;Sergio Camello;1.96;2.4;1.07;0.0;4.16;3.03;85.13;71.23;49.38;43.85;42.95;60.72
52;2024;Sergio Camello;1.39;3.61;1.23;0.0;4.96;3.87;89.08;82.77;53.6;43.69;49.86;83.58
52;2025;Sergio Camello;0.51;1.41;0.2;0.0;4.0;3.17;72.65;57.06;35.66;44.26;48.53;77.35
53;2015;Ángel Correa;1.98;4.34;0.33;0.0;5.77;5.0;89.89;63.91;27.83;46.1;44.06;84.79
53;2016;Ángel Correa;1.74;6.2;0.1;0.0;5.19;5.26;82.99;83.18;23.29;45.75;45.1;86.32
53;2017;Ángel Correa;2.43;5.12;1.19;0.0;6.46;6.6;93.0;74.15;46.32;45.6;70.65;93.54
53;2018;Ángel Correa;1.01;6.09;1.53;0.0;6.04;6.69;74.67;81.07;42.94;46.05;61.21;94.92
53;2019;Ángel Correa;2.15;5.79;2.34;0.0;3.76;5.26;87.54;84.88;52.67;46.17;41.1;83.81
53;2020;Ángel Correa;2.5;5.71;2.96;0.0;5.78;5.83;96.21;93.71;74.71;44.14;74.71;93.36
53;2021;Ángel Correa;3.81;3.9;1.31;0.0;4.72;5.61;97.18;85.66;55.43;43.97;54.89;87.33
53;2022;Ángel Correa;2.86;2.93;1.15;0.0;4.53;3.49;94.19;76.54;51.96;43.77;46.99;69.47
53;2023;Ángel Correa;4.15;4.17;1.28;0.0;5.25;4.89;95.44;86.45;52.97;43.85;60.17;85.75
53;2024;Ángel Correa;1.49;2.04;0.52;0.0;3.81;2.59;90.43;66.42;41.18;43.69;39.62;63.64
54;2017;Diego Costa;2.23;5.86;0.0;0.0;6.92;4.57;91.47;80.43;9.25;45.6;82.85;67.95
54;2018;Diego Costa;1.88;3.91;0.0;0.0;5.78;3.71;89.55;59.32;4.99;46.05;54.24;56.5
54;2019;Diego Costa;2.38;4.54;0.83;0.0;6.73;3.9;89.5;73.67;30.87;46.17;74.56;62.28
54;2020;Diego Costa;1.62;1.7;0.0;0.0;2.94;1.0;91.93;63.71;13.07;44.14;35.0;37.0
55;2018;Borja Garcés;0.64;0.04;0.0;0.0;0.03;0.0;62.81;1.69;4.99;46.05;1.32;3.58
56;2015;Antoine Griezmann;4.9;8.28;1.76;0.0;6.97;4.21;98.24;93.69;54.55;46.1;74.3;73.01
56;2016;Antoine Griezmann;4.57;9.41;0.84;0.0;5.84;4.19;98.52;95.93;44.09;45.75;60.26;68.67
56;2017;Antoine Griezmann;5.1;9.0;0.18;0.0;6.17;5.29;99.1;94.08;22.53;45.6;64.99;78.73
56;2018;Antoine Griezmann;4.39;10.0;1.47;0.0;5.56;3.73;98.68;98.59;41.53;46.05;50.19;57.06
56;2019;Antoine Griezmann;3.2;6.63;2.3;0.0;5.32;4.23;95.55;89.68;52.4;46.17;58.54;67.26
56;2020;Antoine Griezmann;3.66;6.57;2.31;0.0;5.9;5.19;98.86;95.36;68.14;44.14;76.14;88.79
56;2021;Antoine Griezmann;1.09;2.74;3.17;0.0;4.43;3.46;81.84;77.01;74.26;43.97;50.27;62.94
56;2022;Antoine Griezmann;5.63;10.0;3.56;0.0;7.21;6.28;99.58;99.65;78.85;43.77;89.43;97.27
56;2023;Antoine Griezmann;7.43;7.07;2.5;0.0;5.62;5.16;98.89;96.4;65.21;43.85;66.87;88.73
56;2024;Antoine Griezmann;2.07;7.35;1.78;0.0;6.03;3.37;94.23;97.69;60.38;43.69;66.08;75.1
56;2025;Antoine Griezmann;2.99;2.9;0.95;0.0;4.04;1.64;95.96;76.1;49.41;44.26;49.12;55.81
57;2018;Nikola Kalinić;1.13;1.28;0.52;0.0;4.26;0.26;79.0;20.9;24.01;46.05;30.32;17.14
58;2018;Víctor Mollejo;0.0;1.09;0.0;0.0;1.09;0.1;13.09;18.83;4.99;46.05;10.92;14.12
58;2020;Víctor Mollejo;0.0;0.43;0.2;0.0;1.34;0.73;22.64;37.36;32.71;44.14;26.14;34.79
58;2021;Víctor Mollejo;0.0;0.0;0.0;0.0;0.0;0.0;21.72;10.86;14.28;43.97;10.99;13.4
59;2016;Álvaro Morata;5.19;4.84;0.0;0.0;5.53;4.92;99.08;69.04;9.98;45.75;52.22;80.96
59;2018;Álvaro Morata;3.56;2.31;2.22;0.0;8.33;6.33;97.74;33.9;50.94;46.05;98.12;93.31
59;2019;Álvaro Morata;4.41;3.94;0.97;0.0;6.35;4.91;98.22;64.77;34.79;46.17;70.2;78.11
59;2022;Álvaro Morata;4.56;2.25;1.01;0.0;7.06;4.69;98.32;68.63;51.05;43.77;87.18;85.85
59;2023;Álvaro Morata;7.21;2.4;1.15;0.0;6.09;4.53;98.76;71.23;50.35;43.85;77.39;80.5
60;2018;Joaquín Muñoz;0.0;0.0;0.0;0.0;0.17;0.0;13.09;0.47;4.99;46.05;3.2;3.58
60;2020;Joaquín Muñoz;0.23;0.4;0.09;0.0;1.45;1.07;57.5;36.07;28.43;44.14;26.57;37.86
74;2025;Sofyan Amrabat;0.23;3.55;3.45;0.0;5.18;2.32;59.26;82.06;77.5;44.26;64.26;66.32
83;2021;Arnaut Danjuma;6.22;3.58;0.78;0.0;5.42;6.39;99.46;84.18;47.05;43.97;68.3;92.23
83;2022;Arnaut Danjuma;2.14;1.69;0.51;0.0;3.88;1.73;90.9;60.43;42.58;43.77;39.36;45.94
83;2024;Arnaut Danjuma;1.5;1.79;0.46;0.0;3.1;1.86;90.71;62.89;39.62;43.69;34.67;52.37
83;2025;Arnaut Danjuma;1.86;2.46;1.04;0.0;5.27;3.96;90.59;71.91;51.84;44.26;65.59;87.94
99;2022;Ronaël Pierre-Gabriel;0.51;0.52;3.24;0.0;5.64;2.46;65.41;39.71;75.77;43.77;62.96;55.32
111;2019;Rony Lopes;0.27;0.94;0.39;0.0;0.0;1.4;41.64;20.55;21.89;46.17;11.57;29.8
118;2018;Gelson Martins;0.21;1.64;0.86;0.0;3.87;3.3;37.85;26.27;30.23;46.05;26.55;50.0
119;2021;Radamel Falcao;3.04;0.82;0.34;0.0;4.48;1.98;94.77;48.06;37.8;43.97;51.07;46.11
119;2022;Radamel Falcao;0.81;0.44;0.23;0.0;4.34;0.97;74.3;37.75;34.8;43.77;45.24;38.38
119;2023;Radamel Falcao;0.98;0.49;0.51;0.0;3.65;2.03;72.61;37.21;39.35;43.85;38.66;47.72
121;2016;Stevan Jovetić;3.64;6.5;0.0;0.0;4.44;3.61;96.86;85.49;9.98;45.75;32.16;58.41
122;2021;Jordi Mboula;0.0;0.59;1.13;0.0;4.6;3.24;21.72;42.02;53.49;43.97;52.82;59.92
124;2016;Jasper Cillessen;0.0;0.12;0.0;0.2;0.0;0.0;14.7;5.27;9.98;92.05;1.39;3.6
124;2017;Jasper Cillessen;0.0;0.12;0.0;0.75;0.0;0.0;14.99;3.59;9.25;92.82;0.99;4.67
124;2018;Jasper Cillessen;0.0;0.56;0.0;1.61;0.39;0.0;13.09;9.89;4.99;93.6;5.18;3.58
124;2019;Jasper Cillessen;0.0;1.11;0.21;10.0;3.8;0.06;15.48;23.13;17.97;99.82;42.08;13.61
124;2020;Jasper Cillessen;0.0;0.22;0.0;9.78;2.2;0.07;22.64;30.71;13.07;99.0;29.86;31.07
124;2021;Jasper Cillessen;0.0;0.5;0.0;7.5;1.94;0.02;21.72;40.08;14.28;96.65;29.49;28.28
124;2024;Jasper Cillessen;0.0;0.44;0.0;10.0;4.05;0.08;22.46;39.15;15.2;99.53;41.38;34.67
125;2020;Jokin Ezkieta;0.0;0.01;0.0;5.39;0.0;0.0;22.64;21.64;13.07;95.14;10.07;12.93
125;2021;Jokin Ezkieta;0.0;0.0;0.0;5.0;0.0;0.0;21.72;10.86;14.28;93.83;10.99;13.4
126;2020;Iñaki Peña;0.0;0.0;0.0;5.0;0.0;0.0;22.64;10.43;13.07;93.36;10.07;12.93
126;2021;Iñaki Peña;0.0;0.0;0.0;5.0;0.0;0.0;21.72;10.86;14.28;93.83;10.99;13.4
126;2022;Iñaki Peña;0.0;0.01;0.0;5.89;0.0;0.0;21.22;22.9;14.57;95.17;10.71;13.59
126;2023;Iñaki Peña;0.0;0.12;0.0;5.86;3.64;0.01;21.85;29.25;13.69;95.44;38.24;25.8
126;2024;Iñaki Peña;0.0;0.35;0.0;6.89;1.13;0.0;22.46;36.16;15.2;97.01;27.0;13.7
126;2025;Iñaki Peña;0.0;0.82;0.0;3.51;0.93;0.01;24.41;47.79;15.81;91.91;29.85;30.44
127;2015;Marc-André Ter Stegen;0.0;1.37;0.0;3.94;0.94;0.0;14.66;20.78;7.61;95.73;9.83;2.97
127;2016;Marc-André Ter Stegen;0.0;1.72;0.1;8.55;3.37;1.1;14.7;26.16;23.29;98.8;22.0;23.38
127;2017;Marc-André Ter Stegen;0.0;1.49;0.31;10.0;3.12;1.05;14.99;25.49;27.2;99.73;21.36;24.06
127;2018;Marc-André Ter Stegen;0.0;1.36;0.08;7.09;3.72;1.07;13.09;21.75;11.96;97.74;24.67;25.99
127;2019;Marc-André Ter Stegen;0.0;2.59;0.2;8.28;2.2;0.03;15.48;41.73;17.7;98.93;32.21;9.88
127;2020;Marc-André Ter Stegen;0.0;0.68;0.0;6.48;3.63;0.02;22.64;43.5;13.07;96.57;40.29;26.5
127;2021;Marc-André Ter Stegen;0.0;0.8;0.0;8.31;5.34;2.18;21.72;47.72;14.28;97.72;66.35;48.86
127;2022;Marc-André Ter Stegen;0.0;0.99;0.06;10.0;4.26;0.03;21.22;48.88;30.11;99.72;43.28;28.71
127;2023;Marc-André Ter Stegen;0.0;0.88;0.0;7.09;4.0;0.02;21.85;46.89;13.69;96.82;41.7;26.28
127;2024;Marc-André Ter Stegen;0.0;0.38;0.0;5.46;3.06;0.09;22.46;36.91;15.2;94.98;34.26;35.28
127;2025;Marc-André Ter Stegen;0.0;0.03;0.0;1.19;0.0;0.0;24.41;27.87;15.81;90.44;12.28;15.22
128;2015;Jordi Alba;0.14;7.85;4.04;0.0;5.92;1.73;34.69;91.93;76.72;46.1;47.77;32.56
128;2016;Jordi Alba;0.26;9.19;2.53;0.0;4.96;3.17;40.02;95.56;66.64;45.75;39.93;50.09
128;2017;Jordi Alba;0.57;10.0;6.97;0.0;6.02;5.0;62.03;98.03;92.82;45.6;59.87;74.96
128;2018;Jordi Alba;0.53;10.0;4.92;0.0;4.96;4.49;56.78;98.59;77.4;46.05;39.27;68.55
128;2019;Jordi Alba;0.71;10.0;4.26;0.0;4.59;3.77;60.41;98.58;69.84;46.17;49.47;59.61
128;2020;Jordi Alba;1.03;10.0;5.14;0.0;5.13;3.67;84.93;99.64;91.0;44.14;62.71;68.86
128;2021;Jordi Alba;0.94;10.0;6.07;0.0;5.55;2.28;78.89;99.46;93.16;43.97;71.11;49.73
128;2022;Jordi Alba;0.63;6.55;2.25;0.0;4.59;2.56;70.17;95.1;66.11;43.77;47.97;57.49
129;2022;Chumi;0.29;0.93;3.38;0.0;5.25;2.55;57.42;48.04;77.38;43.77;56.16;57.07
129;2023;Chumi;0.11;1.53;4.23;0.0;5.78;3.49;44.54;56.36;82.09;43.85;70.95;67.43
130;2017;Nélson Semedo;0.17;5.11;3.78;0.0;6.11;5.66;37.79;73.97;71.27;45.6;62.75;85.1
130;2018;Nélson Semedo;0.33;4.28;4.65;0.0;6.17;4.78;46.14;64.78;75.05;46.05;64.69;74.67
130;2019;Nélson Semedo;0.33;5.69;4.83;0.0;7.22;6.79;45.55;84.07;75.71;46.17;83.01;95.91
131;2021;Jorge Cuenca;0.41;0.44;3.49;0.0;3.5;1.15;63.2;38.4;76.88;43.97;38.14;38.2
131;2022;Jorge Cuenca;0.0;0.56;1.28;0.0;5.12;0.01;21.22;40.13;53.85;43.77;54.13;27.52
131;2023;Jorge Cuenca;1.43;1.86;4.76;0.0;6.55;3.49;79.05;62.03;87.07;43.85;87.0;67.43
132;2021;Guillem Jaime;0.0;0.0;0.0;0.0;0.03;0.0;21.72;10.86;14.28;43.97;22.65;13.4
133;2016;Clément Lenglet;0.14;3.52;3.4;0.0;6.43;2.5;31.98;50.83;74.31;45.75;78.37;42.14
133;2017;Clément Lenglet;0.66;3.54;3.51;0.0;6.87;4.63;66.25;51.44;69.48;45.6;82.14;68.76
133;2018;Clément Lenglet;0.37;3.3;6.23;0.0;6.7;3.97;48.21;50.38;90.77;46.05;76.65;60.83
133;2019;Clément Lenglet;0.68;6.25;6.07;0.0;6.43;2.86;58.72;87.54;88.35;46.17;71.53;44.31
133;2020;Clément Lenglet;0.46;4.92;4.12;0.0;6.35;3.79;69.64;92.07;84.86;44.14;85.93;70.14
133;2021;Clément Lenglet;0.08;1.86;2.18;0.0;4.0;1.11;45.17;65.48;64.41;43.97;44.44;37.87
133;2024;Clément Lenglet;0.57;2.51;4.22;0.0;6.42;2.67;70.69;72.32;83.99;43.69;72.32;64.59
133;2025;Clément Lenglet;0.0;1.88;2.4;0.0;4.16;2.01;24.41;63.6;68.97;44.26;50.15;61.4
134;2020;Juan Miranda;0.35;2.31;3.54;0.0;5.06;2.1;65.64;73.0;80.21;44.14;61.79;48.21
134;2021;Juan Miranda;0.19;1.69;2.88;0.0;4.82;2.46;53.15;62.33;71.58;43.97;57.31;51.47
134;2022;Juan Miranda;1.08;2.95;2.7;0.0;5.68;3.41;79.55;76.82;71.01;43.77;63.66;68.49
134;2023;Juan Miranda;0.87;3.61;3.71;0.0;6.23;3.31;70.26;82.09;78.01;43.85;80.84;64.45
135;2017;Jeison Murillo;0.0;3.03;6.13;0.0;7.31;2.96;14.99;44.52;89.05;45.6;90.13;42.37
135;2018;Jeison Murillo;0.11;0.73;0.45;0.0;0.81;0.08;29.19;13.56;22.22;46.05;8.76;12.52
135;2019;Jeison Murillo;1.06;2.86;7.52;0.0;8.7;3.53;71.35;46.98;96.44;46.17;96.17;54.27
135;2020;Jeison Murillo;0.5;2.25;5.61;0.0;7.11;2.06;71.43;71.79;93.86;44.14;94.5;47.86
135;2021;Jeison Murillo;0.1;0.97;2.76;0.0;5.1;2.99;47.59;50.6;70.24;43.97;62.4;57.1
136;2015;Gerard Piqué;0.71;5.43;3.48;0.0;6.66;3.73;65.49;77.18;72.26;46.1;66.88;63.91
136;2016;Gerard Piqué;1.08;4.93;3.59;0.0;6.59;4.29;71.63;70.7;77.73;45.75;81.61;70.61
136;2017;Gerard Piqué;0.63;4.7;4.22;0.0;6.33;4.55;64.72;68.58;75.4;45.6;67.86;67.41
136;2018;Gerard Piqué;1.1;5.43;5.49;0.0;7.35;4.6;77.68;76.74;83.05;46.05;90.96;70.43
136;2019;Gerard Piqué;0.7;5.6;5.06;0.0;8.8;3.3;59.7;83.19;78.2;46.17;96.62;50.98
136;2020;Gerard Piqué;0.23;3.8;4.68;0.0;6.93;1.99;57.5;86.43;89.86;44.14;93.0;47.0
136;2021;Gerard Piqué;0.52;3.71;5.48;0.0;6.88;4.45;66.55;84.85;89.48;43.97;91.42;76.07
136;2022;Gerard Piqué;0.0;2.04;0.92;0.0;6.05;1.25;21.22;66.04;49.58;43.77;71.01;41.95
137;2015;Sergi Roberto;0.2;6.99;2.94;0.0;6.87;5.54;38.22;87.94;66.6;46.1;71.24;90.45
137;2016;Sergi Roberto;0.35;9.03;3.61;0.0;6.68;6.25;42.98;95.38;78.28;45.75;83.55;94.09
137;2017;Sergi Roberto;0.42;8.68;4.25;0.0;7.1;7.13;53.23;93.0;75.76;45.6;86.09;95.51
137;2018;Sergi Roberto;0.07;10.0;4.95;0.0;5.91;4.16;26.93;98.59;77.68;46.05;57.82;64.5
137;2019;Sergi Roberto;0.36;8.67;4.86;0.0;7.74;4.76;46.8;95.2;75.98;46.17;88.52;76.25
137;2020;Sergi Roberto;0.44;6.65;2.52;0.0;5.35;4.49;68.64;95.71;70.14;44.14;66.86;79.71
137;2021;Sergi Roberto;2.05;3.12;1.68;0.0;4.79;3.34;91.42;80.29;59.12;43.97;56.64;60.86
137;2022;Sergi Roberto;1.38;2.76;2.75;0.0;5.04;2.77;84.8;74.65;71.29;43.77;52.87;60.29
137;2023;Sergi Roberto;1.36;2.75;1.74;0.0;4.73;2.63;78.42;74.55;58.58;43.85;51.24;54.63
138;2018;Jean-Clair Todibo;0.0;0.88;0.86;0.0;1.35;0.85;13.09;14.88;30.23;46.05;12.43;23.07
138;2019;Jean-Clair Todibo;0.0;0.83;0.15;0.0;0.0;0.0;15.48;18.77;16.73;46.17;11.57;4.63
139;2016;Samuel Umtiti;0.36;4.77;5.01;0.0;6.31;4.1;43.9;67.56;89.46;45.75;75.05;66.27
139;2017;Samuel Umtiti;0.58;4.44;5.51;0.0;7.31;3.98;62.84;64.81;85.28;45.6;90.13;57.0
139;2018;Samuel Umtiti;0.0;5.38;4.69;0.0;5.33;3.4;13.09;76.27;75.89;46.05;45.2;51.88
139;2019;Samuel Umtiti;0.0;4.86;5.42;0.0;0.0;4.74;15.48;76.16;82.12;46.17;11.57;75.89
139;2020;Samuel Umtiti;0.09;1.58;1.37;0.0;4.23;1.2;49.07;61.79;55.86;44.14;47.64;41.14
139;2021;Samuel Umtiti;0.0;0.07;0.23;0.0;3.39;0.02;21.72;28.22;33.65;43.97;37.33;28.28
140;2015;Thomas Vermaelen;1.07;3.96;2.95;0.0;5.86;0.3;77.64;59.18;66.79;46.1;46.1;17.44
140;2017;Thomas Vermaelen;0.3;5.13;4.27;0.0;5.19;1.07;47.49;74.33;76.12;45.6;42.28;24.51
140;2018;Thomas Vermaelen;0.0;3.38;2.27;0.0;4.41;0.2;13.09;51.79;51.51;46.05;32.02;16.48
141;2018;Moussa Wagué;0.21;2.85;1.7;0.0;1.87;1.67;37.85;42.09;45.1;46.05;13.84;32.67
141;2019;Moussa Wagué;0.0;0.36;0.68;0.0;0.0;0.68;15.48;10.68;26.42;46.17;11.57;21.89
142;2015;Rafinha Alcântara;0.86;4.33;1.17;0.0;3.27;1.6;70.59;63.64;47.96;46.1;19.67;31.54
142;2016;Rafinha Alcântara;2.75;6.55;1.4;0.0;6.04;4.24;92.79;85.95;53.7;45.75;66.36;69.13
142;2018;Rafinha Alcântara;0.0;2.6;1.73;0.0;2.81;0.4;13.09;38.61;45.86;46.05;18.46;18.27
142;2019;Rafinha Alcântara;0.98;4.75;3.88;0.0;3.53;5.3;69.48;74.91;67.26;46.17;38.97;84.61
142;2020;Rafinha Alcântara;0.0;0.0;0.0;0.0;0.0;0.0;22.64;10.43;13.07;44.14;10.07;12.93
142;2021;Rafinha Alcântara;0.68;3.53;7.4;0.0;8.0;6.16;70.64;83.65;97.25;43.97;97.99;90.88
143;2016;Carles Aleñá;0.0;1.45;0.0;0.0;0.36;0.45;14.7;21.44;9.98;45.75;5.18;16.82
143;2018;Carles Aleñá;0.88;7.48;0.43;0.0;4.77;4.6;71.56;89.08;21.94;46.05;36.44;70.43
143;2019;Carles Aleñá;0.62;2.86;0.86;0.0;1.79;2.64;56.49;46.98;31.58;46.17;30.6;41.64
143;2020;Carles Aleñá;0.63;2.79;0.67;0.0;3.29;2.76;75.79;79.14;44.64;44.14;37.29;55.71
143;2021;Carles Aleñá;1.38;3.16;2.04;0.0;5.2;4.43;85.66;80.83;63.34;43.97;64.14;75.6
143;2022;Carles Aleñá;1.14;2.47;0.57;0.0;5.97;5.05;80.46;71.22;43.35;43.77;69.12;89.92
143;2023;Carles Aleñá;0.77;2.4;1.63;0.0;4.46;1.96;67.7;71.23;56.71;43.85;47.51;46.82
143;2024;Carles Aleñá;0.37;3.62;1.58;0.0;6.45;3.93;64.72;83.04;58.55;43.69;72.93;84.46
143;2025;Carles Aleñá;0.42;4.94;3.07;0.0;6.14;3.67;68.53;88.82;74.19;44.26;77.35;85.0
144;2015;Sergio Busquets;0.12;7.75;3.48;0.0;8.41;5.54;33.3;91.47;72.26;46.1;96.1;90.45
144;2016;Sergio Busquets;0.0;6.78;2.92;0.0;6.78;5.5;14.7;87.62;70.06;45.75;86.32;88.54
144;2017;Sergio Busquets;0.41;8.74;5.1;0.0;8.02;5.66;51.44;93.18;82.94;45.6;96.77;85.1
144;2018;Sergio Busquets;0.0;6.75;6.85;0.0;7.2;3.86;13.09;85.69;93.97;46.05;89.08;59.51
144;2019;Sergio Busquets;0.67;8.94;7.69;0.0;7.41;6.23;58.19;95.55;96.98;46.17;84.88;91.9
144;2020;Sergio Busquets;0.06;9.2;6.12;0.0;6.9;4.61;46.93;98.71;96.86;44.14;92.5;81.43
144;2021;Sergio Busquets;0.65;7.65;8.74;0.0;8.12;6.77;69.97;96.78;98.93;43.97;98.26;94.44
144;2022;Sergio Busquets;0.17;6.54;5.51;0.0;7.72;4.83;49.79;94.96;92.44;43.77;94.12;87.11
146;2018;Alex Collado;0.0;0.17;0.0;0.0;0.29;0.05;13.09;3.95;4.99;46.05;4.52;9.32
146;2019;Alex Collado;0.0;0.63;0.0;0.0;0.0;0.0;15.48;15.66;6.58;46.17;11.57;4.63
146;2020;Alex Collado;0.0;0.0;0.0;0.0;0.0;0.0;22.64;10.43;13.07;44.14;10.07;12.93
146;2021;Alex Collado;1.85;4.12;3.67;0.0;5.66;4.01;89.81;87.0;77.88;43.97;73.86;69.84
146;2022;Alex Collado;0.84;3.43;2.26;0.0;5.67;3.81;74.72;80.81;66.46;43.77;63.38;75.0
147;2017;Philippe Coutinho;4.19;10.0;0.67;0.0;7.44;8.09;98.29;98.03;35.37;45.6;91.74;98.74
147;2018;Philippe Coutinho;2.64;7.89;1.33;0.0;5.63;6.13;94.35;90.77;39.74;46.05;52.35;90.4
147;2020;Philippe Coutinho;2.5;4.82;1.44;0.0;5.24;5.07;96.21;91.64;57.14;44.14;65.36;87.14
147;2021;Philippe Coutinho;2.01;0.93;1.11;0.0;4.77;5.47;91.29;50.27;52.82;43.97;55.97;85.46
148;2018;Riqui Puig;0.0;1.64;0.63;0.0;0.81;0.05;13.09;26.27;25.8;46.05;8.76;9.32
148;2019;Riqui Puig;1.24;9.23;2.25;0.0;6.43;6.14;75.98;96.09;51.96;46.17;71.53;91.28
148;2020;Riqui Puig;0.24;1.29;0.26;0.0;4.77;3.38;58.29;55.43;34.43;44.14;57.07;64.43
148;2021;Riqui Puig;0.39;1.23;0.34;0.0;3.19;3.04;62.27;54.89;37.8;43.97;35.92;57.64
149;2015;Ivan Rakitić;1.67;7.64;2.53;0.0;6.9;3.84;85.34;90.54;63.17;46.1;72.08;65.68
149;2016;Ivan Rakitić;2.33;7.56;2.11;0.0;6.24;4.93;88.63;90.76;61.92;45.75;72.74;81.15
149;2017;Ivan Rakitić;0.78;9.34;3.66;0.0;6.4;5.77;68.31;95.15;70.74;45.6;68.94;87.07
149;2018;Ivan Rakitić;1.07;8.49;4.85;0.0;6.3;4.87;76.37;94.07;76.65;46.05;67.33;76.08
149;2019;Ivan Rakitić;0.79;7.84;2.98;0.0;6.67;3.82;62.9;93.06;57.83;46.17;74.02;60.77
149;2020;Ivan Rakitić;1.13;5.05;2.95;0.0;5.22;2.77;86.29;93.07;74.43;44.14;65.0;55.93
149;2021;Ivan Rakitić;1.62;7.49;4.07;0.0;5.89;3.08;88.0;96.65;81.43;43.97;79.22;57.98
149;2022;Ivan Rakitić;0.87;4.78;3.48;0.0;6.05;2.54;76.4;89.92;78.08;43.77;71.01;56.79
149;2023;Ivan Rakitić;2.3;10.0;5.17;0.0;6.37;3.74;87.48;99.59;90.94;43.85;83.26;72.06
150;2018;Arthur;0.32;7.6;1.36;0.0;5.54;4.02;45.39;89.64;40.21;46.05;49.72;61.3
150;2019;Arthur;1.42;8.18;1.3;0.0;0.0;8.13;79.63;94.22;38.26;46.17;11.57;99.29
150;2024;Arthur;0.15;3.64;4.52;0.0;7.46;4.7;53.12;83.65;86.02;43.69;89.76;93.08
151;2018;Arturo Vidal;0.97;8.22;4.4;0.0;6.51;3.02;73.35;92.47;73.63;46.05;72.22;45.39
151;2019;Arturo Vidal;2.48;7.03;4.83;0.0;7.18;3.24;90.21;91.28;75.71;46.17;81.85;49.38
152;2016;Kevin-Prince Boateng;4.11;5.42;0.73;0.0;6.15;3.55;97.6;75.42;41.77;45.75;69.41;57.58
152;2018;Kevin-Prince Boateng;0.21;1.09;0.51;0.0;1.92;0.45;37.85;18.83;23.63;46.05;14.12;18.46
153;2017;Ousmane Dembélé;1.97;10.0;1.08;0.0;6.03;7.35;89.23;98.03;44.7;45.6;60.5;96.77
153;2018;Ousmane Dembélé;2.43;9.52;1.27;0.0;6.13;7.41;93.03;96.61;38.14;46.05;63.65;98.02
153;2019;Ousmane Dembélé;1.09;4.51;0.0;0.0;0.0;3.75;72.69;73.4;6.58;46.17;11.57;58.99
153;2020;Ousmane Dembélé;2.46;6.19;1.29;0.0;6.0;6.92;95.93;94.71;54.43;44.14;78.14;98.0
153;2021;Ousmane Dembélé;1.27;10.0;2.75;0.0;6.75;9.16;84.65;99.46;70.04;43.97;89.41;99.33
153;2022;Ousmane Dembélé;3.08;9.26;1.27;0.0;6.38;6.05;95.52;98.88;53.43;43.77;77.1;96.22
154;2015;Lionel Messi;8.25;10.0;0.17;0.0;7.76;9.84;99.63;98.24;20.22;46.1;89.52;99.63
154;2016;Lionel Messi;10.0;10.0;0.0;0.0;7.6;10.0;100.0;98.61;9.98;45.75;96.12;99.91
154;2017;Lionel Messi;9.53;10.0;0.25;0.0;8.59;10.0;99.82;98.03;25.22;45.6;98.92;100.0
154;2018;Lionel Messi;10.0;10.0;0.23;0.0;7.59;10.0;100.0;98.59;16.57;46.05;93.6;99.91
154;2019;Lionel Messi;10.0;10.0;1.28;0.0;7.8;10.0;100.0;98.58;37.81;46.17;88.97;99.82
154;2020;Lionel Messi;10.0;10.0;1.23;0.0;8.9;10.0;100.0;99.64;53.86;44.14;99.29;99.93
155;2018;Abel Ruíz;0.21;0.6;0.23;0.0;0.37;0.47;37.85;11.11;16.57;46.05;4.9;18.74
155;2024;Abel Ruíz;1.45;1.27;0.82;0.0;4.46;2.54;89.82;56.24;47.63;43.69;44.23;62.75
155;2025;Abel Ruíz;0.0;0.01;0.46;0.0;1.38;0.0;24.41;25.44;41.25;44.26;32.35;15.22
156;2018;Malcom;1.14;6.91;0.42;0.0;4.41;4.54;79.47;85.88;21.56;46.05;32.02;69.21
157;2015;Luis Suárez;9.18;10.0;0.08;0.0;6.29;4.62;99.81;98.24;16.79;46.1;57.24;78.85
157;2016;Luis Suárez;7.47;10.0;0.4;0.0;5.06;4.17;99.63;98.61;33.18;45.75;42.33;68.39
157;2017;Luis Suárez;6.72;10.0;0.11;0.0;5.68;4.7;99.64;98.03;21.18;45.6;51.26;71.1
157;2018;Luis Suárez;6.47;8.54;1.31;0.0;6.03;4.77;99.81;94.44;39.17;46.05;60.92;74.2
157;2019;Luis Suárez;7.21;6.78;0.0;0.0;3.8;4.33;99.64;90.39;6.58;46.17;42.08;68.68
157;2020;Luis Suárez;6.15;4.11;0.73;0.0;5.42;3.29;99.57;88.0;46.0;44.14;68.0;63.0
157;2021;Luis Suárez;3.8;2.11;0.27;0.0;4.37;2.17;97.05;69.3;35.66;43.97;49.53;48.66
158;2020;Paulo Gazzaniga;0.0;0.35;0.06;6.3;2.88;0.03;22.64;34.86;27.57;96.29;34.29;27.36
158;2022;Paulo Gazzaniga;0.0;0.58;0.0;8.56;4.77;0.1;21.22;40.55;14.57;98.18;49.44;33.26
158;2023;Paulo Gazzaniga;0.0;0.91;0.03;8.57;6.15;4.14;21.85;47.72;28.15;98.89;78.56;76.0
158;2024;Paulo Gazzaniga;0.0;0.52;0.0;10.0;4.76;2.6;22.46;40.77;15.2;99.53;46.47;63.77
158;2025;Paulo Gazzaniga;0.0;0.56;0.0;5.41;3.61;0.05;24.41;43.09;15.81;96.32;45.22;33.53
163;2021;Serge Aurier;0.28;2.55;3.28;0.0;5.41;5.35;57.31;75.34;75.2;43.97;68.03;83.91
166;2020;Juan Foyth;0.0;1.76;5.29;0.0;6.9;5.86;22.64;64.71;92.07;44.14;92.5;93.57
166;2021;Juan Foyth;0.39;2.48;7.24;0.0;7.34;6.25;62.27;73.99;96.92;43.97;94.84;91.55
166;2022;Juan Foyth;0.63;3.25;7.89;0.0;8.07;5.33;70.17;79.55;99.16;43.77;96.64;92.16
166;2023;Juan Foyth;1.28;3.67;7.3;0.0;8.23;7.64;77.46;82.64;97.51;43.85;98.76;98.82
166;2024;Juan Foyth;0.77;2.93;6.22;0.0;7.21;2.25;78.7;76.66;93.83;43.69;87.18;57.8
166;2025;Juan Foyth;0.0;1.43;6.82;0.0;5.9;2.33;24.41;57.28;95.15;44.26;74.41;66.76
169;2019;Kieran Trippier;0.0;9.34;5.98;0.0;4.68;4.43;15.48;96.35;87.19;46.17;50.71;70.28
169;2020;Kieran Trippier;0.08;8.05;7.75;0.0;7.03;5.09;48.57;97.29;99.14;44.14;94.07;87.43
169;2021;Kieran Trippier;0.0;3.1;4.51;0.0;6.46;3.82;21.72;80.03;84.05;43.97;87.13;67.43
176;2021;Erik Lamela;3.07;5.14;3.21;0.0;5.78;5.03;94.91;92.36;74.8;43.97;76.68;81.7
176;2022;Erik Lamela;2.94;3.22;2.84;0.0;6.31;4.66;94.82;79.27;71.85;43.77;75.77;85.5
176;2023;Erik Lamela;1.53;2.49;2.13;0.0;4.41;2.65;81.19;72.27;61.83;43.85;46.61;54.77
185;2015;Fernando Llorente;1.87;4.66;0.16;0.0;6.06;2.44;88.31;67.72;19.39;46.1;50.93;41.56
196;2020;Ryan Nolan;0.0;0.0;0.0;0.0;0.0;0.0;22.64;10.43;13.07;44.14;10.07;12.93
199;2016;Šime Vrsaljko;0.0;2.57;5.76;0.0;6.29;4.46;14.7;36.97;94.27;45.75;74.31;73.57
199;2017;Šime Vrsaljko;0.0;5.06;6.31;0.0;7.1;3.43;14.99;73.07;89.95;45.6;86.09;49.82
199;2019;Šime Vrsaljko;0.0;2.37;3.44;0.0;0.0;0.15;15.48;37.63;62.81;46.17;11.57;16.64
199;2020;Šime Vrsaljko;0.0;0.19;2.01;0.0;4.9;0.99;22.64;29.93;64.71;44.14;58.71;36.79
199;2021;Šime Vrsaljko;0.28;1.19;2.78;0.0;5.44;3.25;57.31;54.42;70.51;43.97;68.5;60.12
246;2019;Luuk de Jong;2.8;3.74;1.6;0.0;7.12;3.27;91.99;61.83;43.15;46.17;80.16;50.36
246;2020;Luuk de Jong;1.16;1.25;0.64;0.0;5.92;3.62;86.71;54.79;43.79;44.14;76.64;68.36
246;2021;Luuk de Jong;0.94;0.32;0.26;0.0;2.5;1.33;78.89;33.85;35.12;43.97;32.44;41.02
253;2015;Alphonse Aréola;0.0;0.38;0.03;9.88;6.47;1.93;14.66;7.24;15.4;99.07;60.95;35.16
253;2019;Alphonse Aréola;0.0;0.53;0.0;1.9;0.0;0.0;15.48;14.06;6.58;94.57;11.57;4.63
256;2015;Dani Alves;0.3;7.95;2.88;0.0;6.33;4.84;46.85;92.76;66.33;46.1;57.88;82.75
256;2021;Dani Alves;0.68;8.94;5.51;0.0;5.89;6.31;70.64;98.53;90.08;43.97;79.22;91.96
258;2024;Juan Bernat;0.06;1.85;2.38;0.0;5.98;2.82;46.27;64.18;68.79;43.69;65.06;67.64
274;2022;Edinson Cavani;2.3;2.47;0.59;0.0;4.42;2.23;91.88;71.22;43.7;43.77;46.01;52.24
276;2015;Neymar;6.87;10.0;0.17;0.0;10.0;10.0;99.07;98.24;20.22;46.1;100.0;99.91
276;2016;Neymar;5.11;10.0;0.1;0.0;10.0;10.0;98.89;98.61;23.29;45.75;100.0;99.91
278;2024;Kylian Mbappé;10.0;7.26;0.45;0.0;7.19;6.99;100.0;97.42;39.01;43.69;86.84;99.32
278;2025;Kylian Mbappé;10.0;10.0;0.12;0.0;7.05;8.16;100.0;99.41;33.31;44.26;90.44;99.71
283;2025;Trent Alexander-Arnold;0.0;5.34;3.56;0.0;4.01;1.63;24.41;90.59;77.79;44.26;48.75;55.51
288;2019;Alberto Moreno;0.45;4.99;6.22;0.0;4.0;3.99;49.56;77.4;89.15;46.17;43.86;63.52
288;2020;Alberto Moreno;0.0;0.19;2.1;0.0;4.57;2.86;22.64;29.93;65.71;44.14;53.43;57.79
288;2021;Alberto Moreno;1.74;3.3;3.1;0.0;4.65;4.23;89.14;82.31;73.26;43.97;53.75;72.52
288;2022;Alberto Moreno;0.29;2.33;2.91;0.0;4.9;2.48;57.42;69.68;72.83;43.77;51.05;55.95
288;2023;Alberto Moreno;1.15;2.97;3.54;0.0;5.07;3.02;75.93;76.49;76.21;43.85;56.5;60.44
314;2019;Raúl Albiol;0.53;3.33;5.85;0.0;7.42;2.14;52.85;54.89;85.41;46.17;85.14;36.12
314;2020;Raúl Albiol;0.06;2.69;3.15;0.0;6.03;2.56;46.93;78.36;75.86;44.14;79.0;53.29
314;2021;Raúl Albiol;0.08;2.19;4.12;0.0;5.76;2.66;45.17;70.24;81.84;43.97;75.94;53.55
314;2022;Raúl Albiol;0.11;2.63;4.12;0.0;6.65;2.61;46.22;72.9;83.12;43.77;82.35;58.4
314;2023;Raúl Albiol;0.13;2.19;4.68;0.0;5.87;0.15;46.06;67.08;86.58;43.85;73.17;33.82
314;2024;Raúl Albiol;0.0;1.24;1.8;0.0;5.99;0.11;22.46;55.56;60.85;43.69;65.54;36.09
328;2015;Fabián Ruiz;0.36;4.94;0.16;0.0;4.03;2.42;49.91;70.87;19.39;46.1;23.75;41.28
328;2016;Fabián Ruiz;0.0;1.59;0.4;0.0;1.72;0.55;14.7;23.48;33.18;45.75;13.03;18.11
328;2017;Fabián Ruiz;1.42;9.09;4.61;0.0;7.58;7.87;82.85;94.61;79.08;45.6;93.99;98.56
330;2023;José Callejón;0.4;2.01;0.85;0.0;4.52;2.17;57.26;64.66;46.54;43.85;48.13;49.24
334;2015;Simone Verdi;0.21;3.84;0.72;0.0;3.71;2.01;41.19;57.88;38.59;46.1;21.43;36.55
340;2022;Srđan Babić;0.86;1.74;4.34;0.0;6.55;2.26;75.49;61.34;85.99;43.77;81.44;52.66
340;2023;Srđan Babić;0.0;0.28;0.71;0.0;0.57;0.0;21.85;32.37;43.91;43.85;23.1;12.86
351;2016;Goran Čaušić;0.53;4.43;2.63;0.0;5.62;4.0;52.22;63.68;68.02;45.75;54.07;63.68
371;2019;Felipe;0.76;2.33;6.84;0.0;7.01;2.7;61.65;37.28;93.06;46.17;78.2;42.35
371;2020;Felipe;0.13;1.27;4.16;0.0;6.52;2.56;51.14;55.14;85.36;44.14;88.0;53.29
371;2021;Felipe;0.68;1.43;3.83;0.0;5.53;2.32;70.64;58.31;79.02;43.97;70.51;50.2
371;2022;Felipe;0.0;0.68;0.71;0.0;4.16;1.14;21.22;42.16;46.36;43.77;42.09;40.2
372;2019;Éder Militão;0.18;3.96;7.16;0.0;8.63;1.35;35.5;65.3;94.66;46.17;95.64;29.18
372;2020;Éder Militão;0.42;1.25;3.37;0.0;5.92;2.05;68.29;54.79;78.0;44.14;76.64;47.71
372;2021;Éder Militão;0.81;3.93;7.72;0.0;7.36;4.2;74.93;86.19;97.45;43.97;95.11;72.05
372;2022;Éder Militão;1.56;2.89;7.95;0.0;7.83;4.26;85.92;76.05;99.3;43.77;95.31;81.02
372;2023;Éder Militão;0.77;1.36;3.33;0.0;5.26;0.29;67.7;53.73;73.31;43.85;60.44;34.92
372;2024;Éder Militão;0.96;5.27;7.02;0.0;7.64;3.27;82.84;91.72;97.15;43.69;91.25;74.08
372;2025;Éder Militão;1.53;4.18;5.86;0.0;6.81;1.22;88.16;85.66;91.84;44.26;87.21;50.66
373;2015;Pepe;0.82;4.81;5.3;0.0;7.89;3.23;68.92;69.67;88.22;46.1;92.58;55.57
373;2016;Pepe;1.04;5.11;3.92;0.0;7.19;3.04;70.43;73.11;80.78;45.75;91.68;48.15
378;2022;Alex Telles;0.1;3.29;3.14;0.0;5.98;3.61;45.38;79.83;74.72;43.77;69.61;71.15
382;2019;Héctor Herrera;0.14;8.04;4.92;0.0;6.05;5.17;33.81;93.77;76.33;46.17;67.35;82.12
382;2020;Héctor Herrera;0.1;2.88;2.2;0.0;4.6;2.56;49.64;80.43;67.43;44.14;54.21;53.29
382;2021;Héctor Herrera;0.29;2.28;1.94;0.0;5.03;5.54;58.11;71.72;62.33;43.97;61.06;86.13
383;2023;Wilson Manafá;0.0;0.34;0.74;0.0;3.95;3.52;21.85;33.2;44.74;43.85;40.8;68.53
384;2021;Mamadou Loum;1.1;1.57;6.17;0.0;7.79;5.63;82.24;60.32;93.9;43.97;97.32;87.53
385;2015;Óliver Torres;0.2;6.59;0.48;0.0;4.88;4.42;38.22;85.06;34.6;46.1;31.63;76.35
385;2019;Óliver Torres;1.56;6.5;3.43;0.0;4.81;4.65;81.49;88.7;62.63;46.17;52.22;73.75
385;2020;Óliver Torres;0.18;4.34;2.26;0.0;5.09;6.17;53.21;89.86;67.86;44.14;62.14;95.0
385;2021;Óliver Torres;0.91;3.16;1.94;0.0;4.7;4.58;78.02;80.83;62.33;43.97;54.69;77.21
385;2022;Óliver Torres;1.05;4.8;2.52;0.0;5.79;3.91;79.2;90.13;69.05;43.77;65.97;76.05
385;2023;Óliver Torres;0.38;3.89;2.76;0.0;5.38;3.77;56.02;83.68;68.19;43.85;62.79;72.54
389;2021;Jesús Corona;1.14;7.81;2.57;0.0;5.93;5.37;82.77;97.39;67.83;43.97;80.16;84.18
389;2022;Jesús Corona;0.67;0.96;0.3;0.0;3.56;2.17;71.08;48.25;37.04;43.77;36.62;51.54
389;2023;Jesús Corona;0.0;0.05;0.24;0.0;0.41;0.52;21.85;26.97;34.51;43.85;22.48;35.62
392;2015;Adrián López;1.88;6.72;0.09;0.0;5.25;3.64;88.68;86.27;17.72;46.1;35.81;61.97
392;2016;Adrián López;1.2;4.19;0.6;0.0;4.53;3.7;74.77;61.28;38.26;45.75;33.27;60.63
392;2017;Adrián López;2.65;6.99;0.7;0.0;7.12;5.46;94.61;86.89;36.09;45.6;86.8;82.05
392;2019;Adrián López;1.26;5.25;0.77;0.0;5.51;4.2;76.33;80.07;29.36;46.17;60.59;66.9
392;2020;Adrián López;0.41;0.92;0.15;0.0;3.67;2.63;68.07;49.14;30.86;44.14;40.86;54.36
395;2019;Hernani;1.91;2.54;0.66;0.0;5.24;2.78;85.41;40.66;26.16;46.17;57.74;43.24
395;2020;Hernani;0.0;0.0;0.0;0.0;0.0;0.0;22.64;10.43;13.07;44.14;10.07;12.93
395;2021;Hernani;0.0;0.0;0.0;0.0;0.0;0.0;21.72;10.86;14.28;43.97;10.99;13.4
403;2022;Matija Nastasić;0.48;0.23;2.73;0.0;4.19;0.0;64.15;32.28;71.15;43.77;42.58;13.59
403;2023;Matija Nastasić;0.7;1.31;5.5;0.0;5.78;0.13;65.35;52.84;92.46;43.85;70.95;33.2
403;2024;Matija Nastasić;0.23;0.91;5.54;0.0;6.84;1.18;57.46;48.91;91.72;43.69;81.0;45.32
413;2015;Yevhen Konoplyanka;1.88;6.55;1.04;0.0;5.65;6.05;88.68;84.79;44.99;46.1;42.12;94.43
414;2015;Omar Mascarell;0.08;3.61;4.71;0.0;6.25;2.59;30.98;54.27;82.28;46.1;55.66;43.32
414;2021;Omar Mascarell;0.08;1.85;6.72;0.0;6.03;4.74;45.17;65.21;95.24;43.97;81.77;79.36
414;2022;Omar Mascarell;0.3;4.38;8.25;0.0;7.15;4.96;58.54;87.68;99.58;43.77;88.38;88.73
414;2023;Omar Mascarell;0.0;0.99;4.31;0.0;5.59;4.58;21.85;48.13;83.26;43.85;65.98;81.67
414;2024;Omar Mascarell;0.24;1.04;5.57;0.0;6.22;3.58;58.68;51.42;91.99;43.69;69.27;78.97
414;2025;Omar Mascarell;0.38;2.05;5.04;0.0;5.63;1.83;66.84;66.4;86.84;44.26;70.44;58.53
433;2022;Marcão;0.0;0.76;2.26;0.0;4.59;1.33;21.22;43.42;66.46;43.77;47.97;42.37
433;2023;Marcão;0.0;0.53;1.99;0.0;4.82;1.24;21.85;38.93;60.65;43.85;52.21;41.01
433;2024;Marcão;0.0;0.32;1.29;0.0;5.8;1.74;22.46;35.41;54.21;43.69;61.87;50.61
433;2025;Marcão;0.31;0.94;2.85;0.0;6.84;1.8;62.28;50.0;72.43;44.26;88.01;57.79
434;2015;Mariano;0.1;5.88;3.93;0.0;6.6;3.34;31.82;81.45;76.07;46.1;65.03;57.33
434;2016;Mariano;0.21;7.29;2.25;0.0;6.28;5.35;35.95;90.2;63.59;45.75;73.75;87.34
446;2016;Ryan Donk;0.0;3.22;3.05;0.0;5.32;1.07;14.7;46.58;70.61;45.75;47.32;22.74
447;2015;Sofiane Feghouli;1.02;6.26;1.09;0.0;6.06;3.1;76.35;83.3;46.38;46.1;50.93;52.88
452;2019;Fernando;0.73;4.78;8.22;0.0;8.16;4.0;61.03;75.27;98.13;46.17;92.44;63.88
452;2020;Fernando;0.66;4.61;5.73;0.0;6.34;3.45;76.5;90.71;94.5;44.14;85.57;65.79
452;2021;Fernando;0.36;3.42;5.72;0.0;5.68;3.79;60.79;83.24;91.22;43.97;74.66;67.09
452;2022;Fernando;0.0;2.95;5.88;0.0;6.21;2.53;21.22;76.82;94.54;43.77;72.83;56.58
452;2023;Fernando;0.0;1.39;3.19;0.0;5.24;3.53;21.85;54.43;71.02;43.85;60.03;68.95
481;2015;Grzegorz Krychowiak;0.25;3.49;9.78;0.0;8.98;5.15;45.45;53.15;99.81;46.1;98.89;87.38
493;2019;Fedor Smolov;1.95;1.93;0.74;0.0;4.15;3.37;86.03;32.92;28.83;46.17;45.2;52.4
505;2021;David Alaba;1.07;6.42;4.6;0.0;4.4;2.19;81.43;95.44;84.45;43.97;50.0;49.06
505;2022;David Alaba;0.56;4.75;3.02;0.0;4.94;2.37;67.09;89.64;73.6;43.77;51.4;54.06
505;2023;David Alaba;1.02;5.88;5.5;0.0;4.97;0.0;73.93;93.5;92.46;43.85;54.77;12.86
505;2024;David Alaba;0.0;1.16;2.22;0.0;3.62;0.0;22.46;54.07;66.49;43.69;38.13;13.7
505;2025;David Alaba;0.17;0.23;0.32;0.0;1.88;0.0;55.96;33.09;38.31;44.26;33.82;15.22
517;2015;James Rodríguez;2.64;10.0;0.72;0.0;5.56;3.75;93.88;98.24;38.59;46.1;41.37;64.38
517;2016;James Rodríguez;3.48;10.0;0.92;0.0;5.4;4.34;95.56;98.61;46.03;45.75;48.98;71.26
517;2019;James Rodríguez;0.82;8.0;3.04;0.0;0.0;1.35;64.41;93.42;58.63;46.17;11.57;29.18
517;2024;James Rodríguez;0.42;0.98;0.62;0.0;4.55;3.23;66.69;49.73;43.28;43.69;44.71;73.47
521;2022;Robert Lewandowski;8.75;6.03;0.97;0.0;7.11;5.16;99.86;93.49;50.35;43.77;87.96;90.48
521;2023;Robert Lewandowski;8.87;4.66;1.07;0.0;6.51;4.76;99.59;88.66;49.38;43.85;86.31;84.37
521;2024;Robert Lewandowski;6.56;2.56;0.75;0.0;6.15;4.29;99.86;72.93;46.13;43.69;67.37;88.87
521;2025;Robert Lewandowski;4.98;1.97;0.32;0.0;4.28;3.06;99.34;65.0;38.31;44.26;51.91;75.37
531;2023;Daley Blind;0.87;6.13;5.31;0.0;6.42;4.93;70.26;94.33;92.12;43.85;84.09;86.86
531;2024;Daley Blind;0.27;6.35;5.46;0.0;6.54;3.77;60.38;94.84;91.32;43.69;75.71;81.48
531;2025;Daley Blind;0.0;4.57;8.26;0.0;6.81;2.89;24.41;87.21;98.68;44.26;87.21;72.87
534;2019;Lisandro Magallán;0.64;2.61;5.23;0.0;5.0;1.82;57.21;42.7;79.89;46.17;54.18;32.65
534;2022;Lisandro Magallán;0.29;0.87;4.13;0.0;5.8;1.27;57.42;46.5;83.33;43.77;66.18;42.16
536;2023;Daley Sinkgraven;0.0;0.32;1.47;0.0;4.39;0.1;21.85;32.92;55.26;43.85;46.06;32.43
536;2024;Daley Sinkgraven;0.0;0.59;1.25;0.0;2.61;0.75;22.46;42.13;53.73;43.69;32.56;39.15
538;2019;Frenkie de Jong;0.76;8.31;3.22;0.0;7.24;7.44;61.65;94.48;60.14;46.17;83.45;98.04
538;2020;Frenkie de Jong;0.75;10.0;4.53;0.0;7.25;7.78;80.43;99.64;88.43;44.14;95.43;99.57
538;2021;Frenkie de Jong;1.23;7.76;3.78;0.0;6.95;8.7;84.05;97.05;78.42;43.97;91.96;98.93
538;2022;Frenkie de Jong;1.25;9.81;4.9;0.0;7.32;5.64;82.56;99.02;89.08;43.77;90.9;94.12
538;2023;Frenkie de Jong;1.47;9.18;6.57;0.0;7.25;5.1;79.94;98.76;95.85;43.85;94.81;88.38
538;2024;Frenkie de Jong;0.55;5.85;2.49;0.0;5.91;2.52;70.42;93.42;69.95;43.69;63.64;61.8
538;2025;Frenkie de Jong;0.14;10.0;6.81;0.0;7.11;2.74;54.78;99.41;94.93;44.26;91.54;71.47
547;2024;Donny van de Beek;0.66;2.84;2.57;0.0;5.1;2.41;74.63;75.58;70.76;43.69;52.31;60.31
547;2025;Donny van de Beek;0.23;0.03;0.23;0.0;0.0;0.0;59.26;27.87;36.4;44.26;12.28;15.22
550;2022;Kasper Dolberg;0.25;0.96;0.08;0.0;3.75;1.4;54.69;48.25;30.74;43.77;38.38;43.28
557;2025;Odysseas Vlachodimos;0.0;0.45;0.0;5.43;0.02;0.0;24.41;39.41;15.81;96.47;24.63;15.22
560;2017;Sébastien Corchia;0.52;3.75;3.35;0.0;6.59;3.54;59.07;54.4;68.13;45.6;73.16;50.63
560;2019;Sébastien Corchia;0.27;3.0;1.56;0.0;0.0;1.82;41.64;49.56;42.26;46.17;11.57;32.65
566;2020;Ferro;0.0;0.12;0.02;0.0;0.71;0.0;22.64;29.14;26.36;44.14;22.86;12.93
568;2016;Gabriel Pires;1.85;5.77;0.77;0.0;9.82;5.0;84.29;78.19;42.42;45.75;99.82;82.53
568;2017;Gabriel Pires;1.8;4.79;3.33;0.0;10.0;6.96;87.25;69.66;67.68;45.6;100.0;94.88
570;2021;Franco Cervi;1.51;2.3;5.53;0.0;6.59;4.8;87.13;72.12;90.35;43.97;88.4;79.56
570;2022;Franco Cervi;0.46;3.94;6.27;0.0;7.17;4.07;63.66;84.66;95.24;43.77;88.73;78.22
570;2023;Franco Cervi;0.13;1.78;2.43;0.0;5.45;0.38;46.06;60.86;64.38;43.85;63.76;35.27
570;2024;Franco Cervi;0.0;0.67;1.02;0.0;3.77;0.92;22.46;44.1;50.81;43.69;39.35;41.04
570;2025;Franco Cervi;0.0;0.0;0.0;0.0;0.0;0.0;24.41;12.5;15.81;44.26;12.28;15.22
571;2019;Ljubomir Fejsa;0.0;1.98;3.41;0.0;5.04;1.24;15.48;33.45;62.28;46.17;54.8;27.67
575;2021;Florentino Luís;0.08;1.49;4.05;0.0;4.9;3.4;45.17;59.38;81.1;43.97;58.58;61.86
581;2020;Jota;0.71;0.41;0.96;0.0;4.52;4.52;78.21;36.57;50.29;44.14;52.0;80.07
582;2022;Haris Seferović;1.95;1.68;0.48;0.0;5.33;3.42;89.71;60.22;42.09;43.77;57.0;68.63
583;2019;João Félix;3.03;3.66;1.09;0.0;1.88;3.99;94.48;60.41;35.94;46.17;30.78;63.52
583;2020;João Félix;2.24;4.23;0.46;0.0;5.85;5.0;95.14;89.14;39.07;44.14;75.57;86.43
583;2021;João Félix;3.77;4.47;0.95;0.0;6.99;7.37;96.78;89.34;49.53;43.97;92.23;96.25
583;2022;João Félix;3.81;4.16;1.36;0.0;6.05;2.92;97.2;86.41;54.83;43.77;71.01;62.96
583;2023;João Félix;2.4;1.75;1.04;0.0;3.12;2.48;88.66;60.3;48.96;43.85;34.44;53.11
596;2016;Hélder Lopes;0.0;5.08;2.57;0.0;6.42;4.33;14.7;72.83;67.19;45.75;78.1;70.98
605;2016;Nenad Krstičić;0.96;3.21;1.84;0.0;5.95;4.36;68.02;46.4;58.96;45.75;64.05;71.72
608;2017;Lucas Boyé;0.33;1.75;2.31;0.0;3.99;3.65;48.56;28.1;60.23;45.6;27.02;51.97
608;2020;Lucas Boyé;2.46;2.22;3.43;0.0;7.79;6.56;95.93;71.21;79.21;44.14;97.86;97.14
608;2021;Lucas Boyé;3.65;4.6;2.42;0.0;8.18;9.31;96.38;89.81;66.22;43.97;98.39;99.46
608;2022;Lucas Boyé;2.86;3.86;3.02;0.0;8.42;7.96;94.19;84.24;73.6;43.77;98.53;99.72
608;2023;Lucas Boyé;3.34;4.14;4.14;0.0;8.76;6.48;93.36;85.96;81.05;43.85;99.45;96.33
608;2025;Lucas Boyé;3.17;4.98;3.79;0.0;7.84;5.7;96.47;88.97;79.85;44.26;97.06;97.21
611;2016;Marko Livaja;2.34;4.83;0.0;0.0;5.22;3.48;89.0;68.48;9.98;45.75;46.03;56.56
612;2016;Ezequiel Ponce;1.08;2.15;0.0;0.0;5.19;3.81;71.63;30.68;9.98;45.75;45.1;62.11
612;2021;Ezequiel Ponce;1.57;2.26;0.48;0.0;5.89;5.58;87.67;71.25;40.82;43.97;79.22;86.8
612;2022;Ezequiel Ponce;1.35;1.3;0.45;0.0;4.42;2.03;84.24;54.13;40.97;43.77;46.01;49.16
614;2015;Claudio Bravo;0.0;1.5;0.25;10.0;3.31;1.06;14.66;21.99;24.68;99.72;19.85;22.82
614;2016;Claudio Bravo;0.0;0.11;0.0;0.1;0.0;0.0;14.7;4.71;9.98;91.87;1.39;3.6
614;2020;Claudio Bravo;0.0;0.77;0.0;8.0;4.18;2.43;22.64;45.93;13.07;98.71;46.64;51.5
614;2021;Claudio Bravo;0.0;0.36;0.0;6.57;3.92;0.02;21.72;35.19;14.28;95.58;42.76;28.28
614;2022;Claudio Bravo;0.0;0.13;0.08;9.7;3.16;0.0;21.22;29.76;30.74;99.16;33.75;13.59
614;2023;Claudio Bravo;0.0;0.37;0.0;8.5;2.69;0.02;21.85;34.23;13.69;98.76;32.5;26.28
618;2015;Danilo;0.89;7.56;4.56;0.0;7.7;4.93;72.45;90.35;81.08;46.1;88.03;84.14
618;2016;Danilo;0.53;7.81;5.95;0.0;7.54;4.68;52.22;91.68;95.01;45.75;95.01;77.54
619;2021;Eric García;0.36;3.17;5.59;0.0;4.92;1.93;60.79;81.1;90.62;43.97;58.85;45.44
619;2022;Eric García;0.22;1.91;2.81;0.0;5.41;1.61;52.03;64.57;71.57;43.77;58.47;44.96
619;2023;Eric García;0.98;2.6;3.82;0.0;3.75;1.5;72.61;73.79;78.7;43.85;39.83;43.85
619;2024;Eric García;0.87;3.58;4.06;0.0;6.33;2.36;81.28;82.16;83.04;43.69;70.69;59.5
619;2025;Eric García;0.77;7.65;8.15;0.0;6.96;1.57;79.56;97.21;98.38;44.26;89.41;54.78
622;2015;Aymeric Laporte;0.99;3.76;5.16;0.0;7.57;3.98;75.6;56.31;86.83;46.1;85.71;69.11
622;2016;Aymeric Laporte;0.69;3.43;4.41;0.0;6.86;3.46;59.06;49.54;85.03;45.75;87.06;55.73
622;2017;Aymeric Laporte;0.22;4.71;3.75;0.0;7.42;2.97;43.72;68.76;71.01;45.6;91.56;42.55
622;2025;Aymeric Laporte;0.2;3.19;5.73;0.0;7.3;1.45;56.76;79.26;91.32;44.26;93.46;53.46
633;2023;İlkay Gündoğan;2.79;10.0;2.91;0.0;5.98;6.19;90.94;99.59;69.29;43.85;74.62;95.3
634;2020;David Silva;0.73;7.78;2.71;0.0;6.06;6.28;79.57;97.14;72.43;44.14;79.93;95.5
634;2021;David Silva;1.12;8.26;2.81;0.0;6.19;6.57;82.57;98.39;70.91;43.97;83.91;93.23
634;2022;David Silva;1.68;7.32;3.83;0.0;6.54;4.46;87.11;96.22;81.09;43.77;81.09;83.47
642;2021;Sergio Agüero;0.88;0.44;0.1;0.0;1.58;0.68;77.21;38.4;31.03;43.97;28.15;35.92
653;2019;Ferland Mendy;0.55;6.54;4.62;0.0;9.25;7.46;53.91;89.06;72.69;46.17;98.58;98.22
653;2020;Ferland Mendy;0.31;3.87;3.57;0.0;6.47;6.91;63.36;86.57;80.57;44.14;87.43;97.71
653;2021;Ferland Mendy;1.1;5.69;3.89;0.0;6.54;7.35;82.24;94.03;79.69;43.97;87.94;96.05
653;2022;Ferland Mendy;0.0;3.72;3.3;0.0;6.38;5.36;21.22;83.12;76.26;43.77;77.1;92.58
653;2023;Ferland Mendy;0.28;3.28;2.24;0.0;4.86;3.99;51.04;80.01;62.59;43.85;53.25;74.48
653;2024;Ferland Mendy;0.0;1.67;2.57;0.0;5.49;1.96;22.46;61.33;70.76;43.69;57.33;54.0
653;2025;Ferland Mendy;0.0;0.04;0.0;0.0;0.0;0.0;24.41;28.82;15.81;44.26;12.28;15.22
660;2015;Pape Cheikh;0.0;1.01;0.47;0.0;2.69;1.53;14.66;17.63;33.77;46.1;16.88;30.33
660;2016;Pape Cheikh;0.43;3.89;0.0;0.0;5.1;3.6;46.86;55.36;9.98;45.75;42.88;58.13
660;2019;Pape Cheikh;0.0;4.03;1.3;0.0;0.04;3.14;15.48;66.28;38.26;46.17;23.49;47.15
660;2022;Pape Cheikh;0.0;0.04;0.0;0.0;0.19;0.0;21.22;27.8;14.57;43.77;23.53;13.59
666;2020;Moussa Dembélé;0.27;0.26;0.09;0.0;2.83;1.89;60.57;31.86;28.43;44.14;33.71;46.14
667;2021;Memphis Depay;5.84;7.2;0.79;0.0;6.19;7.5;99.2;96.25;47.39;43.97;83.91;97.18
667;2022;Memphis Depay;2.57;1.73;0.26;0.0;3.22;2.05;93.28;60.92;35.85;43.77;34.31;49.44
667;2023;Memphis Depay;3.68;2.34;0.38;0.0;4.39;4.64;94.61;69.85;37.69;43.85;46.06;82.71
668;2019;Nabil Fekir;4.68;7.61;2.61;0.0;7.5;10.0;98.4;92.7;54.98;46.17;85.94;99.82
668;2020;Nabil Fekir;2.66;8.08;2.83;0.0;8.75;9.42;96.86;97.43;73.14;44.14;99.14;99.71
668;2021;Nabil Fekir;3.67;10.0;2.57;0.0;8.35;10.0;96.51;99.46;67.83;43.97;98.66;100.0
668;2022;Nabil Fekir;2.29;7.6;1.3;0.0;7.41;5.18;91.53;96.78;54.27;43.77;92.02;90.76
668;2023;Nabil Fekir;2.0;6.99;2.26;0.0;6.6;7.19;85.75;96.13;62.86;43.85;87.62;97.93
668;2024;Nabil Fekir;0.23;2.0;0.63;0.0;1.54;0.35;57.46;65.81;43.76;43.69;28.36;37.11
669;2020;Yassin Fekir;0.0;0.0;0.0;0.0;0.0;0.0;22.64;10.43;13.07;44.14;10.07;12.93
669;2021;Yassin Fekir;0.0;0.0;0.0;0.0;0.0;0.0;21.72;10.86;14.28;43.97;10.99;13.4
671;2023;Bertrand Traoré;2.66;2.11;0.57;0.0;5.68;3.7;90.18;66.04;40.18;43.85;68.53;71.65
697;2025;Manor Solomon;0.57;1.27;0.08;0.0;3.56;3.08;74.71;55.96;32.06;44.26;44.04;75.74
700;2017;Olarenwaju Kayode;0.52;2.55;0.0;0.0;4.23;2.47;59.07;38.6;9.25;45.6;29.44;37.16
719;2024;Florian Grillitsch;0.33;3.03;2.32;0.0;6.55;5.03;63.36;77.75;68.05;43.69;76.12;95.52
730;2018;Thibaut Courtois;0.0;1.02;0.03;5.17;4.9;1.15;13.09;17.42;10.26;96.33;38.23;28.15
730;2019;Thibaut Courtois;0.08;1.13;0.06;9.25;4.98;0.06;31.14;23.49;14.86;99.47;53.83;13.61
730;2020;Thibaut Courtois;0.0;0.49;0.05;10.0;5.04;0.04;22.64;39.36;27.21;99.64;61.21;28.36
730;2021;Thibaut Courtois;0.0;0.41;0.02;10.0;4.34;0.01;21.72;36.8;28.69;99.6;49.06;27.28
730;2022;Thibaut Courtois;0.0;0.82;0.29;9.64;6.54;1.96;21.22;44.96;36.69;99.02;81.09;48.88
730;2023;Thibaut Courtois;0.0;0.57;0.24;5.0;1.58;0.06;21.85;40.32;34.51;93.15;27.39;30.01
730;2024;Thibaut Courtois;0.0;0.59;0.03;7.04;5.61;0.03;22.46;42.13;30.46;97.15;59.23;29.58
730;2025;Thibaut Courtois;0.0;0.55;0.02;7.21;3.38;0.05;24.41;42.87;31.69;98.53;42.35;33.53
731;2015;Keylor Navas;0.0;0.67;0.28;10.0;6.48;0.07;14.66;12.52;25.97;99.72;61.22;10.85
731;2016;Keylor Navas;0.0;0.93;0.08;8.55;3.88;0.06;14.7;15.9;22.37;98.8;26.16;10.91
731;2017;Keylor Navas;0.0;0.95;0.31;6.59;4.26;0.06;14.99;19.03;27.2;97.31;30.16;13.2
731;2018;Keylor Navas;0.0;1.0;0.12;7.28;3.79;0.1;13.09;16.95;13.75;97.93;25.99;14.12
732;2017;Luca Zidane;0.0;0.17;0.0;0.2;0.17;0.0;14.99;4.85;9.25;91.74;3.95;4.67
732;2018;Luca Zidane;0.0;0.21;0.0;0.15;0.16;0.05;13.09;4.61;4.99;92.09;2.26;9.32
732;2021;Luca Zidane;0.0;0.07;0.0;6.87;2.82;2.09;21.72;28.22;14.28;95.98;33.51;47.25
733;2015;Daniel Carvajal;0.0;9.92;3.28;0.0;6.99;5.16;14.66;96.29;70.22;46.1;74.95;87.66
733;2016;Daniel Carvajal;0.39;10.0;4.09;0.0;6.94;4.49;44.92;98.61;82.62;45.75;87.89;73.94
733;2017;Daniel Carvajal;0.5;9.86;4.97;0.0;7.2;6.32;58.08;95.69;81.78;45.6;88.15;92.1
733;2018;Daniel Carvajal;0.53;9.31;4.35;0.0;6.9;6.18;56.78;96.23;72.88;46.05;82.11;90.96
733;2019;Daniel Carvajal;0.97;10.0;7.37;0.0;6.5;4.33;68.95;98.58;95.73;46.17;72.24;68.68
733;2020;Daniel Carvajal;0.36;5.84;6.11;0.0;6.73;3.83;66.14;94.0;96.71;44.14;91.07;70.5
733;2021;Daniel Carvajal;0.42;5.61;5.74;0.0;5.77;3.85;64.01;93.7;91.42;43.97;76.34;67.96
733;2022;Daniel Carvajal;0.0;4.47;3.14;0.0;5.64;3.57;21.22;88.66;74.72;43.77;62.96;70.66
733;2023;Daniel Carvajal;2.09;4.56;5.02;0.0;5.88;3.28;86.51;88.38;89.7;43.85;73.37;63.97
733;2024;Daniel Carvajal;0.69;3.59;5.45;0.0;5.41;1.56;76.26;82.36;91.11;43.69;56.45;48.64
733;2025;Daniel Carvajal;0.0;1.51;2.18;0.0;5.07;1.18;24.41;58.24;67.21;44.26;62.5;50.22
734;2021;Adrián de la Fuente;0.0;0.0;0.0;0.0;0.0;0.0;21.72;10.86;14.28;43.97;10.99;13.4
734;2025;Adrián de la Fuente;0.89;2.63;5.54;0.0;5.86;2.08;81.54;73.38;90.22;44.26;74.19;63.01
735;2015;Nacho Fernández;0.26;3.35;4.71;0.0;6.84;2.99;46.29;50.56;82.28;46.1;70.5;51.02
735;2016;Nacho Fernández;0.73;5.04;3.9;0.0;6.34;2.61;60.72;71.63;80.41;45.75;75.79;43.62
735;2017;Nacho Fernández;0.78;3.78;6.0;0.0;6.66;3.25;68.31;55.3;88.15;45.6;75.58;46.68
735;2018;Nacho Fernández;0.0;4.74;5.77;0.0;5.9;3.55;13.09;69.68;85.88;46.05;57.34;53.86
735;2019;Nacho Fernández;0.82;2.95;5.21;0.0;4.23;0.86;64.41;48.75;79.54;46.17;45.91;23.22
735;2020;Nacho Fernández;0.35;1.85;4.09;0.0;5.33;3.05;65.64;65.86;84.57;44.14;66.57;60.14
735;2021;Nacho Fernández;0.81;2.01;4.07;0.0;5.09;1.85;74.93;68.23;81.43;43.97;62.2;44.64
735;2022;Nacho Fernández;0.48;2.79;2.53;0.0;6.01;4.38;64.15;75.07;69.4;43.77;70.52;81.93
735;2023;Nacho Fernández;0.11;2.5;3.02;0.0;5.19;1.7;44.54;72.48;69.85;43.85;59.06;45.16
736;2021;Fran García;0.81;3.91;6.72;0.0;5.91;4.34;74.93;85.79;95.24;43.97;79.76;73.99
736;2022;Fran García;1.13;4.56;7.45;0.0;7.03;4.47;80.18;89.29;98.18;43.77;86.83;83.61
736;2023;Fran García;0.3;3.26;2.53;0.0;4.66;3.08;51.8;79.67;65.42;43.85;50.55;61.96
736;2024;Fran García;0.18;4.1;4.74;0.0;6.43;2.32;53.87;87.38;87.79;43.69;72.59;58.68
736;2025;Fran García;0.46;0.69;1.53;0.0;4.17;0.87;70.51;45.44;59.49;44.26;50.37;43.97
737;2016;Álvaro Odriozola;0.0;7.66;1.65;0.0;5.59;4.69;14.7;90.94;56.19;45.75;53.33;77.82
737;2017;Álvaro Odriozola;0.3;8.23;2.09;0.0;5.34;3.9;47.49;91.92;59.43;45.6;45.15;55.75
737;2018;Álvaro Odriozola;0.15;8.81;5.76;0.0;5.86;2.7;31.73;95.29;85.5;46.05;56.03;41.81
737;2019;Álvaro Odriozola;0.0;3.42;0.63;0.0;0.0;2.21;15.48;56.32;25.71;46.17;11.57;36.39
737;2020;Álvaro Odriozola;0.54;1.56;1.61;0.0;4.08;2.64;72.93;60.79;60.07;44.14;45.43;54.64
737;2021;Álvaro Odriozola;0.0;0.0;0.0;0.0;0.0;0.0;21.72;10.86;14.28;43.97;10.99;13.4
737;2022;Álvaro Odriozola;0.0;0.27;0.0;0.0;2.41;0.03;21.22;33.12;14.57;43.77;30.39;28.71
737;2023;Álvaro Odriozola;0.0;0.29;0.93;0.0;1.72;0.7;21.85;32.64;47.72;43.85;27.94;36.58
737;2024;Álvaro Odriozola;0.0;0.04;0.06;0.0;2.51;0.03;22.46;28.36;31.34;43.69;31.41;29.58
737;2025;Álvaro Odriozola;0.38;0.44;0.76;0.0;3.82;0.08;66.84;38.97;46.47;44.26;47.43;36.18
738;2015;Sergio Ramos;0.75;5.45;6.84;0.0;7.11;2.56;66.33;77.46;96.29;46.1;78.57;42.86
738;2016;Sergio Ramos;1.93;4.66;4.84;0.0;7.06;4.54;85.58;65.9;88.72;45.75;89.56;74.68
738;2017;Sergio Ramos;1.77;7.0;6.11;0.0;7.46;4.28;86.54;87.07;88.6;45.6;92.37;63.38
738;2018;Sergio Ramos;1.91;6.04;6.17;0.0;6.92;2.59;90.11;80.79;89.92;46.05;82.77;40.02
738;2019;Sergio Ramos;3.05;4.62;5.88;0.0;6.77;4.36;94.66;74.02;86.03;46.17;74.82;69.22
738;2020;Sergio Ramos;1.44;4.81;4.74;0.0;6.18;3.12;89.5;91.43;90.0;44.14;81.5;61.0
738;2023;Sergio Ramos;2.11;2.34;8.25;0.0;7.58;3.69;86.72;69.85;99.31;43.85;96.61;71.37
739;2018;Sergio Reguilón;0.0;8.71;5.32;0.0;7.01;4.66;13.09;95.1;81.64;46.05;85.12;71.94
739;2019;Sergio Reguilón;0.97;8.44;5.77;0.0;7.88;7.09;68.95;94.66;84.43;46.17;90.04;96.62
739;2022;Sergio Reguilón;0.14;1.44;0.66;0.0;5.23;2.51;47.41;56.3;44.75;43.77;55.74;56.23
740;2018;Javi Sánchez;0.0;0.09;0.0;0.0;0.46;0.0;13.09;2.35;4.99;46.05;6.12;3.58
740;2020;Javi Sánchez;0.0;1.08;3.34;0.0;4.63;2.5;22.64;51.64;77.29;44.14;54.64;52.29
740;2022;Javi Sánchez;0.33;1.42;6.85;0.0;6.47;4.18;59.87;55.53;96.92;43.77;79.48;79.62
740;2024;Javi Sánchez;0.8;2.44;6.26;0.0;6.29;1.89;79.44;71.3;94.03;43.69;69.88;52.92
741;2017;Jesús Vallejo;0.0;2.15;7.78;0.0;4.0;2.76;14.99;33.84;97.04;45.6;27.29;40.22
741;2018;Jesús Vallejo;0.64;1.06;3.33;0.0;2.19;0.1;62.81;17.98;62.9;46.05;14.78;14.12
741;2019;Jesús Vallejo;0.0;1.36;2.93;0.0;2.56;2.03;15.48;24.56;57.47;46.17;34.34;35.23
741;2020;Jesús Vallejo;0.0;0.53;2.08;0.0;4.55;2.74;22.64;40.79;65.36;44.14;52.86;55.43
741;2021;Jesús Vallejo;0.0;0.37;1.66;0.0;4.76;1.67;21.72;35.66;58.85;43.97;55.5;43.36
741;2022;Jesús Vallejo;0.08;0.01;0.0;0.0;0.0;0.0;43.63;22.9;14.57;43.77;10.71;13.59
741;2023;Jesús Vallejo;0.0;0.36;1.07;0.0;1.49;0.69;21.85;33.68;49.38;43.85;27.04;36.31
741;2024;Jesús Vallejo;0.0;0.53;0.15;0.0;2.47;0.0;22.46;40.98;33.85;43.69;31.14;13.7
742;2015;Raphaël Varane;0.17;3.18;3.36;0.0;7.04;4.06;36.55;47.5;71.15;46.1;75.97;70.32
742;2016;Raphaël Varane;0.39;4.93;4.47;0.0;6.4;2.39;44.92;70.7;85.58;45.75;77.45;40.85
742;2017;Raphaël Varane;0.15;4.53;4.79;0.0;6.27;4.1;36.27;66.7;80.7;45.6;67.15;60.59
742;2018;Raphaël Varane;0.53;3.88;4.12;0.0;6.9;3.15;56.78;58.95;69.87;46.05;82.11;47.93
742;2019;Raphaël Varane;0.52;4.16;5.0;0.0;6.03;3.61;52.4;68.06;77.76;46.17;67.08;56.14
742;2020;Raphaël Varane;0.57;2.65;4.38;0.0;6.57;3.38;73.5;77.93;86.93;44.14;88.64;64.43
743;2015;Marcelo;0.57;10.0;3.36;0.0;7.7;6.63;59.28;98.24;71.15;46.1;88.03;96.85
743;2016;Marcelo;0.6;10.0;2.61;0.0;5.92;6.29;54.25;98.61;67.65;45.75;62.94;94.45
743;2017;Marcelo;0.98;10.0;2.63;0.0;6.67;5.46;73.61;98.03;62.66;45.6;76.03;82.05
743;2018;Marcelo;1.48;9.65;2.79;0.0;6.1;6.25;84.65;96.8;56.4;46.05;62.9;91.62
743;2019;Marcelo;1.27;10.0;4.27;0.0;5.83;6.43;76.51;98.58;70.11;46.17;64.06;93.42
743;2020;Marcelo;0.0;3.3;2.11;0.0;5.0;4.56;22.64;84.43;66.07;44.14;60.21;80.79
743;2021;Marcelo;0.36;2.77;0.95;0.0;5.19;4.99;60.79;77.35;49.53;43.97;63.81;81.5
744;2018;Brahim Díaz;1.5;5.33;1.27;0.0;5.57;5.6;85.12;75.71;38.14;46.05;50.66;84.84
744;2019;Brahim Díaz;0.55;1.52;0.0;0.0;3.2;1.32;53.91;26.87;6.58;46.17;36.39;28.83
744;2023;Brahim Díaz;3.32;4.6;2.05;0.0;6.17;6.56;93.08;88.52;61.0;43.85;79.32;96.89
744;2024;Brahim Díaz;1.86;3.89;1.89;0.0;6.33;4.82;93.01;85.62;62.21;43.69;70.69;93.89
744;2025;Brahim Díaz;0.13;3.08;0.82;0.0;3.72;3.68;53.6;78.16;47.79;44.26;46.32;85.29
745;2015;Isco;1.25;10.0;1.14;0.0;6.68;6.48;81.54;98.24;47.31;46.1;67.25;96.47
745;2016;Isco;2.63;10.0;0.61;0.0;6.39;6.75;91.68;98.61;39.0;45.75;77.08;96.21
745;2017;Isco;2.37;10.0;0.63;0.0;6.6;7.84;92.64;98.03;34.38;45.6;73.88;98.38
745;2018;Isco;1.03;8.63;1.16;0.0;5.96;6.3;75.42;94.73;35.4;46.05;59.13;92.84
745;2019;Isco;1.89;8.0;1.8;0.0;7.86;6.85;85.23;93.42;46.8;46.17;89.77;96.26
745;2020;Isco;0.21;3.53;0.74;0.0;4.87;5.43;55.93;85.93;46.36;44.14;58.14;90.43
745;2021;Isco;0.52;1.85;0.65;0.0;4.74;5.13;66.55;65.21;44.71;43.97;55.16;82.57
745;2022;Isco;0.24;7.58;3.91;0.0;7.9;5.76;53.01;96.64;81.51;43.77;95.66;94.54
745;2023;Isco;5.55;10.0;3.25;0.0;8.83;10.0;97.37;99.59;71.85;43.85;99.72;100.0
745;2024;Isco;3.47;10.0;2.32;0.0;7.81;5.54;98.24;99.53;68.05;43.69;93.42;96.88
745;2025;Isco;0.0;1.0;0.0;0.0;0.3;0.1;24.41;50.88;15.81;44.26;26.99;36.99
746;2015;Marco Asensio;1.89;10.0;0.0;0.0;7.29;6.24;89.05;98.24;7.61;46.1;81.45;95.55
746;2016;Marco Asensio;1.66;7.23;0.88;0.0;5.32;4.96;81.79;89.65;44.82;45.75;47.32;81.52
746;2017;Marco Asensio;2.29;10.0;0.9;0.0;5.55;5.6;91.74;98.03;41.29;45.6;48.38;83.84
746;2018;Marco Asensio;1.43;7.68;1.16;0.0;5.05;6.18;84.09;89.92;35.4;46.05;40.3;90.96
746;2019;Marco Asensio;3.0;5.4;0.94;0.0;6.33;3.26;94.04;80.96;34.07;46.17;69.93;50.0
746;2020;Marco Asensio;1.35;4.64;1.03;0.0;5.28;5.55;88.86;90.86;51.5;44.14;65.86;91.93
746;2021;Marco Asensio;4.79;4.35;1.45;0.0;4.59;5.89;98.32;88.54;56.84;43.97;52.35;89.95
746;2022;Marco Asensio;3.32;6.06;1.24;0.0;5.69;5.51;96.08;93.84;52.87;43.77;64.01;93.14
747;2015;Casemiro;0.46;5.54;3.11;0.0;8.42;4.55;54.64;78.29;68.37;46.1;96.38;77.83
747;2016;Casemiro;1.08;4.66;2.8;0.0;8.06;3.79;71.63;65.9;69.5;45.75;98.52;61.65
747;2017;Casemiro;1.53;7.41;8.02;0.0;8.73;4.75;84.65;89.5;97.67;45.6;99.1;72.17
747;2018;Casemiro;1.1;5.63;6.7;0.0;8.51;5.65;77.68;78.15;93.13;46.05;98.87;85.5
747;2019;Casemiro;1.64;5.5;9.46;0.0;8.21;6.59;82.65;82.21;99.82;46.17;93.06;95.11
747;2020;Casemiro;1.57;5.86;9.65;0.0;8.42;4.17;91.21;94.21;99.86;44.14;99.0;76.14
747;2021;Casemiro;0.94;6.31;8.66;0.0;8.28;5.72;78.89;95.17;98.79;43.97;98.53;88.07
747;2022;Casemiro;0.0;0.03;0.0;0.0;0.04;0.0;21.22;26.82;14.57;43.77;22.2;13.59
748;2015;Dani Ceballos;0.19;5.63;0.93;0.0;8.11;6.4;37.38;79.78;42.95;46.1;94.06;96.1
748;2016;Dani Ceballos;1.5;8.18;3.15;0.0;9.33;9.9;79.76;92.79;71.53;45.75;99.45;99.63
748;2017;Dani Ceballos;1.4;6.74;0.76;0.0;5.33;4.64;82.5;85.01;38.42;45.6;44.88;69.39
748;2018;Dani Ceballos;1.02;8.93;2.96;0.0;6.09;4.05;75.05;95.48;59.04;46.05;62.62;62.34
748;2021;Dani Ceballos;0.68;1.58;1.62;0.0;4.44;2.91;70.64;60.52;58.45;43.97;50.47;56.57
748;2022;Dani Ceballos;0.43;6.96;3.82;0.0;6.92;6.31;62.89;95.66;80.95;43.77;85.57;97.48
748;2023;Dani Ceballos;0.13;2.94;0.68;0.0;4.39;2.58;46.06;76.35;43.22;43.85;46.06;54.22
748;2024;Dani Ceballos;0.24;6.26;4.06;0.0;7.12;3.93;58.68;94.57;83.04;43.69;85.35;84.46
748;2025;Dani Ceballos;0.0;2.45;2.85;0.0;5.13;1.5;24.41;71.69;72.43;44.26;63.38;54.12
751;2021;Jaume Grau;0.0;0.03;0.16;0.0;1.04;0.0;21.72;25.47;32.51;43.97;26.27;13.4
752;2015;Toni Kroos;0.4;10.0;1.65;0.0;6.95;5.85;51.39;98.24;53.53;46.1;73.38;93.51
752;2016;Toni Kroos;1.4;10.0;1.5;0.0;6.65;6.23;78.19;98.61;55.08;45.75;83.18;93.81
752;2017;Toni Kroos;2.09;10.0;1.24;0.0;6.78;5.93;90.31;98.03;46.95;45.6;79.35;89.41
752;2018;Toni Kroos;0.69;10.0;3.23;0.0;6.86;5.55;65.35;98.59;61.39;46.05;80.79;84.56
752;2019;Toni Kroos;2.18;10.0;3.7;0.0;6.86;6.59;88.26;98.58;65.84;46.17;75.71;95.11
752;2020;Toni Kroos;1.35;10.0;3.37;0.0;6.02;5.45;88.86;99.64;78.0;44.14;78.57;90.79
752;2021;Toni Kroos;1.36;10.0;3.26;0.0;5.9;4.23;85.39;99.46;74.93;43.97;79.49;72.52
752;2022;Toni Kroos;1.3;10.0;4.54;0.0;6.44;3.4;83.47;99.65;87.11;43.77;78.71;68.35
752;2023;Toni Kroos;1.51;10.0;3.87;0.0;6.23;3.45;80.64;99.59;79.18;43.85;80.84;66.46
753;2015;Marcos Llorente;0.0;1.53;0.23;0.0;0.0;0.0;14.66;22.63;23.01;46.1;0.93;2.97
753;2016;Marcos Llorente;0.08;5.93;6.41;0.0;7.49;5.95;29.67;80.31;96.67;45.75;94.82;92.79
753;2017;Marcos Llorente;0.0;5.78;1.03;0.0;5.12;3.96;14.99;79.71;43.9;45.6;41.11;56.28
753;2018;Marcos Llorente;0.21;4.51;3.6;0.0;4.35;3.66;37.85;66.1;65.63;46.05;31.07;55.56
753;2019;Marcos Llorente;1.03;4.16;3.05;0.0;5.3;5.79;70.46;68.06;59.07;46.17;58.27;89.15
753;2020;Marcos Llorente;2.88;7.51;5.5;0.0;6.61;5.39;97.57;96.71;93.07;44.14;89.36;90.29
753;2021;Marcos Llorente;0.19;5.07;6.85;0.0;6.14;5.21;53.15;91.96;95.98;43.97;83.38;83.11
753;2022;Marcos Llorente;1.43;6.17;4.21;0.0;5.84;3.63;85.08;94.19;84.8;43.77;66.46;72.13
753;2023;Marcos Llorente;3.21;4.25;3.41;0.0;5.38;3.92;92.67;87.14;74.62;43.85;62.79;74.0
753;2024;Marcos Llorente;0.63;5.39;6.77;0.0;7.53;3.64;73.07;92.4;96.07;43.69;90.5;80.53
753;2025;Marcos Llorente;0.68;7.03;5.95;0.0;6.44;3.6;76.54;95.88;92.06;44.26;82.57;83.75
754;2015;Luka Modrić;0.94;10.0;3.86;0.0;7.04;7.23;73.84;98.24;74.95;46.1;75.97;98.89
754;2016;Luka Modrić;1.08;9.65;4.15;0.0;6.44;7.27;71.63;96.49;83.27;45.75;78.65;97.97
754;2017;Luka Modrić;0.8;10.0;3.08;0.0;6.59;7.6;69.21;98.03;66.34;45.6;73.16;97.49
754;2018;Luka Modrić;1.13;10.0;3.46;0.0;6.56;6.74;79.0;98.59;63.56;46.05;73.26;95.29
754;2019;Luka Modrić;1.67;10.0;3.55;0.0;8.33;6.44;83.1;98.58;63.88;46.17;94.13;93.59
754;2020;Luka Modrić;1.61;9.01;4.82;0.0;6.4;6.93;91.64;98.57;90.29;44.14;86.57;98.29
754;2021;Luka Modrić;1.46;9.43;2.71;0.0;5.61;6.64;86.66;98.66;69.84;43.97;72.18;93.83
754;2022;Luka Modrić;1.17;7.62;1.87;0.0;5.07;3.77;81.16;96.99;62.46;43.77;53.71;74.44
754;2023;Luka Modrić;1.45;9.56;2.58;0.0;5.0;4.75;79.46;99.03;66.11;43.85;55.26;84.23
754;2024;Luka Modrić;0.63;10.0;3.37;0.0;5.59;3.82;73.07;99.53;78.15;43.69;58.68;82.63
755;2020;Jaime Seoane;0.71;1.9;3.54;0.0;5.98;4.37;78.21;66.43;80.21;44.14;77.57;78.86
755;2022;Jaime Seoane;0.0;0.67;0.71;0.0;3.53;1.41;21.22;41.95;46.36;43.77;36.06;43.49
756;2017;Federico Valverde;0.35;3.59;3.08;0.0;4.9;2.83;49.73;53.05;66.34;45.6;38.06;41.11
756;2018;Federico Valverde;0.13;5.32;3.94;0.0;4.88;4.83;30.13;75.52;68.27;46.05;38.04;75.61
756;2019;Federico Valverde;1.24;6.36;3.66;0.0;5.39;4.59;75.98;88.26;65.39;46.17;59.25;73.22
756;2020;Federico Valverde;1.35;4.92;4.01;0.0;5.78;5.81;88.86;92.07;84.29;44.14;74.71;93.14
756;2021;Federico Valverde;0.8;4.4;4.3;0.0;5.77;5.76;74.2;88.74;83.11;43.97;76.34;88.34
756;2022;Federico Valverde;2.63;6.83;2.88;0.0;7.03;5.8;93.42;95.52;72.48;43.77;86.83;94.89
756;2023;Federico Valverde;2.32;8.71;5.28;0.0;6.02;4.38;87.69;98.2;91.91;43.85;75.86;79.11
756;2024;Federico Valverde;2.12;7.47;6.66;0.0;7.34;3.85;94.71;97.96;95.79;43.69;88.33;83.18
756;2025;Federico Valverde;0.92;9.76;5.57;0.0;6.42;3.59;81.99;98.38;90.51;44.26;81.99;83.53
757;2015;Lucas Vázquez;1.8;8.83;1.7;0.0;7.15;5.55;87.29;94.62;53.9;46.1;79.41;90.72
757;2016;Lucas Vázquez;1.03;8.56;0.35;0.0;5.67;4.6;69.96;94.27;32.07;45.75;55.36;75.79
757;2017;Lucas Vázquez;1.58;10.0;0.67;0.0;6.04;5.31;84.92;98.03;35.37;45.6;61.13;79.08
757;2018;Lucas Vázquez;0.89;7.31;2.05;0.0;5.91;5.35;72.13;88.14;49.72;46.05;57.82;81.26
757;2019;Lucas Vázquez;1.06;6.85;3.23;0.0;4.38;4.84;71.35;91.1;60.5;46.17;46.98;77.05
757;2020;Lucas Vázquez;1.07;9.76;6.19;0.0;7.15;6.28;85.71;98.86;97.14;44.14;94.79;95.5
757;2021;Lucas Vázquez;0.88;4.92;4.2;0.0;5.61;4.93;77.21;91.15;82.44;43.97;72.18;80.9
757;2022;Lucas Vázquez;1.33;3.95;2.59;0.0;5.89;4.68;83.89;84.87;69.96;43.77;67.72;85.71
757;2023;Lucas Vázquez;1.32;5.06;3.24;0.0;5.71;4.89;77.87;90.32;71.51;43.85;68.95;85.75
757;2024;Lucas Vázquez;0.33;6.2;4.72;0.0;7.04;4.27;63.36;94.44;87.65;43.69;83.99;88.67
758;2015;Gareth Bale;6.89;10.0;1.62;0.0;6.71;6.64;99.26;98.24;53.06;46.1;68.46;97.03
758;2016;Gareth Bale;4.51;6.9;2.11;0.0;6.29;5.0;98.34;88.26;61.92;45.75;74.31;82.53
758;2017;Gareth Bale;5.23;8.48;1.57;0.0;6.0;5.36;99.28;92.64;52.78;45.6;59.25;80.25
758;2018;Gareth Bale;3.54;4.85;1.27;0.0;5.6;4.54;97.36;71.56;38.14;46.05;51.51;69.21
758;2019;Gareth Bale;2.73;5.93;1.25;0.0;0.0;5.18;91.55;85.59;37.54;46.17;11.57;82.38
758;2021;Gareth Bale;1.8;0.65;0.39;0.0;3.11;0.9;89.61;44.03;38.81;43.97;35.12;36.66
759;2015;Karim Benzema;7.86;9.44;0.17;0.0;4.61;3.71;99.44;95.73;20.22;46.1;28.48;63.45
759;2016;Karim Benzema;4.36;7.76;0.04;0.0;4.31;3.79;97.97;91.22;20.89;45.75;30.41;61.65
759;2017;Karim Benzema;1.84;9.55;0.72;0.0;4.41;5.39;87.7;95.42;36.89;45.6;31.69;80.88
759;2018;Karim Benzema;5.23;8.17;0.96;0.0;5.83;5.83;99.44;92.28;32.11;46.05;55.37;88.04
759;2019;Karim Benzema;7.52;9.82;1.56;0.0;3.67;5.07;99.82;96.98;42.26;46.17;40.39;80.69
759;2020;Karim Benzema;6.89;6.96;0.81;0.0;5.35;5.58;99.86;96.07;47.86;44.14;66.86;92.21
759;2021;Karim Benzema;10.0;10.0;0.95;0.0;4.98;6.49;100.0;99.46;49.53;43.97;60.46;92.76
759;2022;Karim Benzema;10.0;10.0;0.8;0.0;4.98;4.02;100.0;99.65;47.41;43.77;51.82;77.52
760;2016;Mariano Díaz;0.68;2.82;0.0;0.0;2.27;0.8;57.86;40.2;9.98;45.75;16.27;20.52
760;2018;Mariano Díaz;2.3;2.3;0.0;0.0;3.69;0.94;92.28;33.43;4.99;46.05;23.63;24.76
760;2019;Mariano Díaz;1.09;0.64;0.0;0.0;0.11;0.58;72.69;15.93;6.58;46.17;24.56;20.64
760;2020;Mariano Díaz;0.71;0.34;0.2;0.0;4.06;2.97;78.21;34.43;32.71;44.14;45.14;59.29
760;2021;Mariano Díaz;0.62;1.27;0.19;0.0;4.02;3.21;69.17;55.7;33.11;43.97;44.84;59.38
760;2022;Mariano Díaz;0.0;0.15;0.0;0.0;2.59;0.0;21.22;30.25;14.57;43.77;31.37;13.59
760;2023;Mariano Díaz;0.55;0.59;0.03;0.0;3.18;1.15;61.41;41.08;28.15;43.85;34.65;39.28
760;2025;Mariano Díaz;0.43;0.5;0.5;0.0;3.33;0.95;69.34;41.47;42.28;44.26;41.84;45.29
761;2018;Cristo González;0.0;0.55;0.23;0.0;0.25;0.0;13.09;9.6;16.57;46.05;4.05;3.58
762;2018;Vinícius Júnior;2.49;4.38;1.3;0.0;6.01;7.28;93.22;65.44;38.79;46.05;60.36;97.55
762;2019;Vinícius Júnior;2.17;4.95;1.47;0.0;5.75;5.57;87.81;77.22;40.75;46.17;62.9;87.1
762;2020;Vinícius Júnior;1.18;4.46;1.73;0.0;5.99;5.54;87.29;90.14;61.5;44.14;77.86;91.64
762;2021;Vinícius Júnior;6.43;10.0;2.6;0.0;7.85;8.94;99.6;99.46;68.36;43.97;97.72;99.2
762;2022;Vinícius Júnior;4.84;10.0;1.75;0.0;10.0;10.0;99.02;99.65;60.5;43.77;100.0;100.0
762;2023;Vinícius Júnior;9.11;5.82;1.07;0.0;7.06;7.64;99.86;93.22;49.38;43.85;93.78;98.82
762;2024;Vinícius Júnior;3.86;9.96;1.17;0.0;8.65;7.82;98.71;98.91;52.85;43.69;98.91;99.86
762;2025;Vinícius Júnior;3.72;9.54;1.74;0.0;7.7;7.23;97.87;98.24;62.5;44.26;96.4;99.26
763;2023;Daniel Fuzato;0.0;0.0;0.0;4.89;0.0;0.0;21.85;10.1;13.69;91.56;9.68;12.86
768;2015;Federico Fazio;0.21;0.86;0.68;0.0;2.82;0.99;41.19;15.03;38.13;46.1;17.63;22.17
769;2019;Alessandro Florenzi;0.23;3.75;4.67;0.0;7.26;4.08;37.1;62.1;73.84;46.17;83.63;64.59
780;2015;Steven​ N'Zonzi;1.14;4.05;3.06;0.0;7.3;4.64;78.66;60.39;67.9;46.1;81.82;79.22
780;2016;Steven​ N'Zonzi;1.03;8.01;2.25;0.0;7.55;5.66;69.96;92.24;63.59;45.75;95.29;90.3
780;2017;Steven​ N'Zonzi;0.55;6.83;4.36;0.0;7.73;4.68;60.23;85.82;76.75;45.6;94.79;70.47
781;2021;Javier Pastore;0.23;1.94;0.69;0.0;3.39;3.55;54.22;67.16;45.51;43.97;37.33;64.34
781;2022;Javier Pastore;0.0;0.03;0.0;0.0;0.07;0.0;21.22;26.82;14.57;43.77;22.62;13.59
792;2022;Justin Kluivert;3.06;3.47;1.61;0.0;5.62;4.85;95.38;81.23;58.96;43.77;62.54;87.54
851;2024;Wojciech Szczęsny;0.0;0.24;0.08;6.6;2.97;1.07;22.46;33.24;31.75;96.47;33.72;43.89
851;2025;Wojciech Szczęsny;0.0;0.2;0.0;7.9;0.0;0.0;24.41;32.21;15.81;99.26;12.28;15.22
854;2021;Martín Cáceres;0.0;1.68;2.39;0.0;3.94;1.64;21.72;61.86;65.95;43.97;43.1;42.96
855;2015;João Cancelo;0.31;5.05;4.84;0.0;8.17;6.4;47.59;71.99;83.58;46.1;94.43;96.1
855;2016;João Cancelo;0.78;4.92;3.65;0.0;7.28;6.37;62.38;70.33;78.93;45.75;93.16;94.82
855;2017;João Cancelo;0.42;1.0;0.67;0.0;0.69;0.51;53.23;19.66;35.37;45.6;10.5;19.93
855;2023;João Cancelo;1.68;6.87;6.68;0.0;7.64;7.78;82.16;95.57;96.33;43.85;96.89;99.03
855;2025;João Cancelo;0.0;0.54;0.78;0.0;0.88;0.33;24.41;42.5;46.84;44.26;29.56;40.29
872;2020;Miralem Pjanić;0.19;2.86;1.37;0.0;5.08;3.93;54.5;80.0;55.86;44.14;62.0;73.0
872;2021;Miralem Pjanić;0.0;0.0;0.0;0.0;0.0;0.0;21.72;10.86;14.28;43.97;10.99;13.4
872;2022;Miralem Pjanić;0.0;0.0;0.0;0.0;0.0;0.0;21.22;10.43;14.57;43.77;10.71;13.59
874;2015;Cristiano Ronaldo;10.0;9.1;0.19;0.0;6.69;5.81;100.0;94.99;20.87;46.1;67.53;93.32
874;2016;Cristiano Ronaldo;8.62;6.99;0.38;0.0;5.63;4.27;99.82;88.72;32.53;45.75;54.44;69.69
874;2017;Cristiano Ronaldo;10.0;8.17;0.49;0.0;5.61;5.38;100.0;91.74;32.14;45.6;49.55;80.61
885;2015;Eric Bailly;0.08;1.84;5.3;0.0;7.35;5.77;30.98;27.46;88.22;46.1;82.93;92.76
885;2023;Eric Bailly;0.0;0.83;3.65;0.0;6.0;5.16;21.85;46.27;77.52;43.85;75.17;88.73
885;2024;Eric Bailly;0.0;0.31;1.58;0.0;5.44;2.41;22.46;35.07;58.55;43.69;56.99;60.31
885;2025;Eric Bailly;0.0;0.37;2.49;0.0;4.48;0.06;24.41;36.03;69.93;44.26;54.41;35.0
897;2023;Mason Greenwood;5.91;5.98;0.46;0.0;6.43;8.33;97.93;93.78;38.17;43.85;84.44;99.59
898;2022;Ander Herrera;0.13;3.01;2.53;0.0;5.05;2.9;46.78;77.24;69.4;43.77;53.08;62.61
898;2023;Ander Herrera;0.26;3.53;4.76;0.0;5.57;2.97;50.35;81.74;87.07;43.85;65.63;59.68
898;2024;Ander Herrera;0.66;1.22;1.34;0.0;4.81;1.82;74.63;55.02;54.88;43.69;47.35;51.56
899;2016;Andreas Pereira;2.32;8.0;1.4;0.0;6.72;7.47;88.35;92.05;53.7;45.75;85.03;98.34
899;2017;Andreas Pereira;0.73;5.56;0.65;0.0;5.56;3.99;67.32;78.01;34.83;45.6;48.65;57.72
908;2021;Anthony Martial;0.88;1.7;0.06;0.0;4.67;3.92;77.21;62.67;30.29;43.97;54.22;68.7
909;2025;Marcus Rashford;2.87;8.42;0.81;0.0;4.9;3.41;95.59;97.65;47.65;44.26;60.07;81.69
910;2025;Alexis Sánchez;1.48;4.68;1.91;0.0;5.34;1.95;87.57;88.01;64.12;44.26;66.84;60.44
911;2015;Jaume Doménech;0.0;0.78;0.14;9.93;5.37;0.18;14.66;13.54;18.92;99.26;38.22;15.12
911;2016;Jaume Doménech;0.0;0.32;0.0;1.51;0.66;0.05;14.7;7.76;9.98;94.09;8.5;9.33
911;2017;Jaume Doménech;0.0;0.4;0.0;3.5;1.11;0.05;14.99;9.43;9.25;94.79;14.0;11.4
911;2018;Jaume Doménech;0.0;0.17;0.0;4.03;1.09;0.0;13.09;3.95;4.99;94.73;10.92;3.58
911;2019;Jaume Doménech;0.0;1.02;0.03;5.01;0.0;0.0;15.48;22.24;13.79;96.44;11.57;4.63
911;2020;Jaume Doménech;0.0;0.29;0.02;9.93;3.84;1.04;22.64;32.79;26.36;99.14;42.64;37.57
911;2021;Jaume Doménech;0.0;0.04;0.0;6.69;0.0;0.0;21.72;26.47;14.28;95.71;10.99;13.4
911;2022;Jaume Doménech;0.0;0.0;0.0;5.0;0.0;0.0;21.22;10.43;14.57;92.65;10.71;13.59
911;2023;Jaume Doménech;0.0;0.01;0.0;8.2;1.15;0.01;21.85;22.06;13.69;98.34;25.17;25.8
911;2024;Jaume Doménech;0.0;0.0;0.0;5.0;0.0;0.0;22.46;11.53;15.2;93.28;11.06;13.7
912;2017;Neto;0.0;0.42;0.0;7.94;4.87;0.06;14.99;9.96;9.25;98.74;37.88;13.2
912;2018;Neto;0.0;0.5;0.0;9.74;3.69;0.0;13.09;8.38;4.99;99.81;23.63;3.58
912;2019;Neto;0.0;0.34;0.0;0.7;0.0;0.0;15.48;9.96;6.58;93.06;11.57;4.63
912;2020;Neto;0.0;0.11;0.0;8.51;0.03;0.0;22.64;29.0;13.07;98.86;20.71;12.93
912;2021;Neto;0.0;0.18;0.0;7.78;0.0;0.0;21.72;30.63;14.28;96.92;10.99;13.4
913;2020;Cristian Rivero;0.0;0.0;0.0;5.0;0.0;0.0;22.64;10.43;13.07;93.36;10.07;12.93
913;2021;Cristian Rivero;0.0;0.0;0.0;1.0;0.0;0.0;21.72;10.86;14.28;90.28;10.99;13.4
913;2022;Cristian Rivero;0.0;0.0;0.0;5.0;0.0;0.0;21.22;10.43;14.57;92.65;10.71;13.59
913;2023;Cristian Rivero;0.0;0.0;0.0;6.45;1.32;0.0;21.85;10.1;13.69;96.68;25.8;12.86
913;2025;Cristian Rivero;0.0;0.0;0.0;5.0;0.0;0.0;24.41;12.5;15.81;94.34;12.28;15.22
914;2020;Álex Centelles;0.0;0.0;0.0;0.0;0.0;0.0;22.64;10.43;13.07;44.14;10.07;12.93
914;2022;Álex Centelles;0.51;2.58;2.59;0.0;4.86;2.56;65.41;72.41;69.96;43.77;50.35;57.49
914;2023;Álex Centelles;0.11;1.63;1.71;0.0;4.59;2.36;44.54;58.09;57.81;43.85;49.52;51.94
915;2017;Gabriel Paulista;0.28;3.26;6.02;0.0;6.86;3.57;46.68;48.29;88.33;45.6;81.87;51.17
915;2018;Gabriel Paulista;0.14;3.44;7.7;0.0;6.47;2.29;30.98;53.3;98.21;46.05;71.37;38.42
915;2019;Gabriel Paulista;0.33;3.67;6.42;0.0;8.57;4.2;45.55;60.85;90.93;46.17;95.37;66.9
915;2020;Gabriel Paulista;1.04;2.62;6.0;0.0;6.58;3.39;85.29;77.0;96.29;44.14;88.86;64.86
915;2021;Gabriel Paulista;0.97;1.71;7.98;0.0;6.43;1.4;79.56;62.94;97.99;43.97;86.8;41.82
915;2022;Gabriel Paulista;0.4;1.45;4.49;0.0;6.21;0.2;62.04;56.79;86.69;43.77;72.83;34.87
915;2023;Gabriel Paulista;0.13;1.69;3.46;0.0;5.27;0.07;46.06;59.2;75.03;43.85;60.86;31.4
916;2018;Mouctar Diakhaby;0.77;2.2;4.0;0.0;5.37;3.05;67.8;31.54;68.83;46.05;46.05;45.86
916;2019;Mouctar Diakhaby;0.14;3.27;3.63;0.0;7.89;4.03;33.81;53.56;65.04;46.17;90.3;64.23
916;2020;Mouctar Diakhaby;0.48;1.1;3.84;0.0;5.79;3.5;70.64;52.21;83.21;44.14;75.0;66.5
916;2021;Mouctar Diakhaby;0.18;1.09;5.48;0.0;5.87;4.71;52.14;53.62;89.48;43.97;78.62;78.69
916;2022;Mouctar Diakhaby;1.13;1.59;4.15;0.0;6.43;3.05;80.18;59.1;83.61;43.77;78.22;64.78
916;2023;Mouctar Diakhaby;1.19;1.54;4.8;0.0;6.31;3.26;76.69;56.64;87.55;43.85;82.57;63.35
916;2024;Mouctar Diakhaby;1.03;0.76;3.0;0.0;6.64;2.16;84.19;46.47;74.36;43.69;78.09;56.78
916;2025;Mouctar Diakhaby;1.15;1.54;4.17;0.0;6.17;1.05;84.19;58.68;82.13;44.26;77.79;46.62
917;2016;Ezequiel Garay;1.25;2.82;5.49;0.0;6.2;2.92;75.51;40.2;92.14;45.75;70.98;46.49
917;2017;Ezequiel Garay;0.09;3.19;3.84;0.0;5.93;0.31;32.59;47.31;71.81;45.6;57.81;18.31
917;2018;Ezequiel Garay;0.89;3.06;4.95;0.0;6.51;2.11;72.13;45.76;77.68;46.05;72.22;36.63
917;2019;Ezequiel Garay;0.48;3.92;5.3;0.0;0.0;0.03;51.07;64.06;81.05;46.17;11.57;9.88
918;2015;José Luis Gayà;0.0;4.44;1.98;0.0;7.2;3.02;14.66;64.94;57.88;46.1;80.24;51.39
918;2016;José Luis Gayà;0.75;5.46;3.34;0.0;6.7;5.1;61.55;75.97;73.48;45.75;84.2;84.29
918;2017;José Luis Gayà;0.19;7.07;6.25;0.0;7.15;5.74;39.05;87.43;89.59;45.6;87.25;86.45
918;2018;José Luis Gayà;0.31;5.11;6.2;0.0;7.44;5.82;44.73;73.54;90.49;46.05;92.56;87.76
918;2019;José Luis Gayà;0.23;3.98;5.44;0.0;0.0;5.35;37.1;65.66;82.38;46.17;11.57;85.05
918;2020;José Luis Gayà;0.48;6.28;5.73;0.0;6.62;5.5;70.64;94.86;94.5;44.14;89.64;91.14
918;2021;José Luis Gayà;1.59;5.6;4.54;0.0;5.83;4.91;87.8;93.57;84.18;43.97;77.68;80.56
918;2022;José Luis Gayà;0.98;8.66;7.13;0.0;7.94;5.23;78.36;97.9;97.55;43.77;96.08;91.46
918;2023;José Luis Gayà;0.47;5.19;7.22;0.0;6.9;3.45;59.06;91.01;97.37;43.85;92.19;66.46
918;2024;José Luis Gayà;0.39;4.92;7.25;0.0;7.18;2.48;65.6;90.23;97.49;43.69;86.43;61.06
918;2025;José Luis Gayà;0.36;3.36;4.82;0.0;6.28;2.3;65.74;80.66;85.74;44.26;80.15;65.74
919;2019;Hugo Guillamón;0.0;2.21;3.11;0.0;3.68;0.45;15.48;35.77;59.43;46.17;40.57;19.48
919;2020;Hugo Guillamón;0.22;1.46;3.37;0.0;5.85;1.34;56.71;58.5;78.0;44.14;75.57;41.71
919;2021;Hugo Guillamón;0.36;2.53;5.04;0.0;7.0;4.93;60.79;74.73;86.8;43.97;92.36;80.9
919;2022;Hugo Guillamón;0.32;4.4;2.11;0.0;5.37;1.25;59.17;87.89;64.99;43.77;57.84;41.95
919;2023;Hugo Guillamón;0.4;1.51;2.16;0.0;5.06;2.44;57.26;56.02;62.31;43.85;56.29;52.35
919;2024;Hugo Guillamón;0.06;0.34;0.94;0.0;4.85;1.09;46.27;35.82;50.07;43.69;48.03;44.57
920;2016;Toni Lato;0.0;4.17;2.71;0.0;4.71;2.45;14.7;60.72;68.21;45.75;35.95;41.4
920;2017;Toni Lato;0.0;3.56;1.84;0.0;5.86;4.43;14.99;51.89;56.1;45.6;55.03;65.89
920;2018;Toni Lato;0.0;1.32;2.62;0.0;1.65;0.59;13.09;21.28;54.43;46.05;13.37;19.59
920;2019;Toni Lato;1.09;2.45;7.3;0.0;6.99;2.04;72.69;39.5;95.46;46.17;77.67;35.41
920;2020;Toni Lato;0.27;0.53;1.31;0.0;3.65;1.71;60.57;40.79;54.71;44.14;40.57;44.43
920;2021;Toni Lato;0.0;1.54;3.3;0.0;4.85;5.41;21.72;59.92;75.47;43.97;58.04;84.85
920;2022;Toni Lato;0.25;2.09;1.78;0.0;4.82;3.66;54.69;66.88;61.2;43.77;50.0;72.83
920;2023;Toni Lato;0.21;1.63;3.6;0.0;5.54;4.23;48.76;58.09;77.11;43.85;65.01;77.11
920;2024;Toni Lato;0.0;1.06;1.82;0.0;4.49;0.05;22.46;52.31;61.26;43.69;44.37;32.63
920;2025;Toni Lato;0.0;1.52;2.21;0.0;3.02;0.97;24.41;58.38;67.65;44.26;39.12;45.66
921;2015;Cristiano Piccini;0.4;4.96;5.1;0.0;8.22;5.2;51.39;71.24;86.46;46.1;94.99;88.68
921;2016;Cristiano Piccini;0.69;5.05;1.21;0.0;6.3;5.85;59.06;72.09;51.76;45.75;74.77;91.77
921;2018;Cristiano Piccini;0.46;2.56;5.29;0.0;6.37;5.21;53.67;38.04;81.17;46.05;69.3;79.28
921;2019;Cristiano Piccini;0.0;0.45;1.36;0.0;0.0;0.69;15.48;12.54;39.41;46.17;11.57;22.06
921;2020;Cristiano Piccini;0.0;0.05;0.15;0.0;1.37;0.0;22.64;26.14;30.86;44.14;26.29;12.93
921;2021;Cristiano Piccini;0.88;0.92;3.84;0.0;5.79;5.88;77.21;49.93;79.22;43.97;77.01;89.75
922;2016;Facundo Roncaglia;0.64;3.18;5.43;0.0;6.95;4.1;56.1;45.75;91.68;45.75;88.26;66.27
922;2017;Facundo Roncaglia;0.1;3.93;4.63;0.0;6.03;4.69;33.57;57.45;79.35;45.6;60.5;70.74
922;2018;Facundo Roncaglia;0.0;2.23;6.28;0.0;5.81;1.62;13.09;32.11;91.43;46.05;54.9;32.2
922;2019;Facundo Roncaglia;0.68;2.54;5.77;0.0;7.99;6.25;58.72;40.66;84.43;46.17;91.19;92.26
922;2020;Facundo Roncaglia;0.33;1.2;3.74;0.0;5.57;3.2;64.93;53.93;82.14;44.14;71.29;61.86
923;2015;Denis Cheryshev;1.18;1.87;0.81;0.0;3.24;1.92;79.31;28.11;40.26;46.1;19.29;34.88
923;2016;Denis Cheryshev;0.61;2.29;1.06;0.0;3.9;1.17;54.9;32.81;49.08;45.75;26.43;25.23
923;2017;Denis Cheryshev;1.14;4.09;1.53;0.0;5.17;3.82;76.66;59.52;51.53;45.6;41.74;54.22
923;2018;Denis Cheryshev;0.8;7.0;3.69;0.0;6.2;4.0;68.64;87.01;67.04;46.05;66.01;61.02
923;2019;Denis Cheryshev;1.03;2.67;1.42;0.0;3.21;3.4;70.46;43.77;40.3;46.17;36.65;52.67
923;2020;Denis Cheryshev;0.58;3.54;2.23;0.0;4.72;2.71;74.07;86.14;67.57;44.14;56.21;55.14
923;2021;Denis Cheryshev;0.5;0.69;1.74;0.0;3.86;3.09;66.02;45.38;60.46;43.97;42.16;58.24
924;2017;Francis Coquelin;1.05;2.8;5.69;0.0;6.85;5.74;74.87;41.74;86.71;45.6;81.42;86.45
924;2018;Francis Coquelin;0.25;5.76;6.96;0.0;7.0;6.38;41.53;79.66;95.1;46.05;84.65;93.6
924;2019;Francis Coquelin;0.11;3.77;5.86;0.0;7.01;5.57;32.21;62.28;85.68;46.17;78.2;87.1
924;2020;Francis Coquelin;0.0;1.54;3.39;0.0;5.45;4.68;22.64;60.29;78.36;44.14;68.86;82.21
924;2021;Francis Coquelin;0.83;2.94;5.17;0.0;6.0;6.66;75.54;78.82;87.73;43.97;81.3;93.97
924;2022;Francis Coquelin;0.51;1.82;3.73;0.0;5.35;1.83;65.41;62.54;80.25;43.77;57.28;47.13
924;2023;Francis Coquelin;0.0;0.87;4.31;0.0;5.15;2.1;21.85;46.54;83.26;43.85;58.37;48.69
925;2017;Gonçalo Guedes;2.03;9.02;1.17;0.0;7.41;8.37;90.13;94.25;45.96;45.6;91.38;99.1
925;2018;Gonçalo Guedes;2.05;5.71;0.96;0.0;6.77;6.7;90.96;79.19;32.11;46.05;78.06;95.1
925;2019;Gonçalo Guedes;1.68;5.19;1.87;0.0;7.11;7.19;83.45;79.18;47.78;46.17;79.8;97.15
925;2020;Gonçalo Guedes;1.61;4.93;0.9;0.0;6.61;7.58;91.64;92.29;49.71;44.14;89.36;99.14
925;2021;Gonçalo Guedes;3.94;5.85;1.47;0.0;6.79;7.4;97.45;94.5;57.1;43.97;89.88;96.72
925;2023;Gonçalo Guedes;2.98;5.14;0.85;0.0;4.89;4.74;91.42;90.53;46.54;43.85;53.67;84.09
925;2025;Gonçalo Guedes;2.3;3.65;1.36;0.0;5.65;4.08;93.68;82.65;56.62;44.26;70.74;89.04
926;2017;Geoffrey Kondogbia;1.08;6.74;6.43;0.0;8.38;8.3;75.76;85.01;90.48;45.6;97.85;98.92
926;2018;Geoffrey Kondogbia;0.78;4.52;7.55;0.0;7.25;6.79;68.27;66.67;97.93;46.05;90.21;96.05
926;2019;Geoffrey Kondogbia;0.61;4.15;8.63;0.0;8.7;5.17;56.14;67.7;98.75;46.17;96.17;82.12
926;2020;Geoffrey Kondogbia;0.31;0.72;3.78;0.0;4.92;4.1;63.36;44.36;82.71;44.14;59.07;75.29
926;2021;Geoffrey Kondogbia;0.31;3.01;8.92;0.0;7.82;7.75;58.78;79.42;99.2;43.97;97.45;97.72
926;2022;Geoffrey Kondogbia;0.0;1.69;4.19;0.0;6.25;3.18;21.22;60.43;84.31;43.77;74.37;65.83
927;2018;Kang-in Lee;0.0;0.97;0.0;0.0;0.58;0.0;13.09;16.2;4.99;46.05;7.16;3.58
927;2019;Kang-in Lee;1.29;3.69;0.39;0.0;3.52;4.68;76.69;61.21;21.89;46.17;38.79;74.82
927;2020;Kang-in Lee;0.46;3.53;0.53;0.0;5.46;6.7;69.64;85.93;41.14;44.14;69.07;97.43
927;2021;Kang-in Lee;1.51;3.29;0.69;0.0;5.57;6.61;87.13;82.17;45.51;43.97;71.58;93.5
927;2022;Kang-in Lee;2.06;7.46;2.34;0.0;8.41;9.27;90.41;96.5;67.65;43.77;98.32;99.86
928;2015;Dani Parejo;2.33;9.29;2.13;0.0;7.95;5.69;92.02;95.36;58.44;46.1;93.32;92.12
928;2016;Dani Parejo;2.25;10.0;1.57;0.0;7.59;5.91;87.52;98.61;55.64;45.75;95.84;92.61
928;2017;Dani Parejo;2.15;10.0;1.98;0.0;7.64;7.26;90.48;98.03;58.08;45.6;94.52;96.23
928;2018;Dani Parejo;2.32;10.0;4.72;0.0;7.0;6.18;92.47;98.59;76.08;46.05;84.65;90.96
928;2019;Dani Parejo;2.5;10.0;4.65;0.0;8.1;6.81;90.39;98.58;73.4;46.17;91.99;96.09
928;2020;Dani Parejo;0.97;9.78;6.08;0.0;7.19;6.49;84.07;99.0;96.57;44.14;95.14;96.71
928;2021;Dani Parejo;0.86;10.0;4.85;0.0;6.69;6.77;76.34;99.46;85.52;43.97;89.21;94.44
928;2022;Dani Parejo;1.32;9.0;5.9;0.0;7.92;6.43;83.75;98.74;94.68;43.77;95.94;98.04
928;2023;Dani Parejo;1.36;7.12;4.41;0.0;6.97;5.78;78.42;96.68;84.37;43.85;92.95;92.46
928;2024;Dani Parejo;0.64;4.75;4.65;0.0;7.43;3.85;73.95;89.96;87.31;43.69;89.48;83.18
928;2025;Dani Parejo;0.0;3.81;3.69;0.0;5.99;2.06;24.41;83.82;79.19;44.26;74.78;62.65
929;2015;Sito;0.0;0.04;0.23;0.0;0.57;0.34;14.66;0.93;23.01;46.1;6.31;17.81
929;2016;Sito;0.0;0.7;0.0;0.0;0.0;0.0;14.7;12.75;9.98;45.75;1.39;3.6
930;2016;Carlos Soler;1.86;6.06;0.88;0.0;6.01;5.22;84.47;81.79;44.82;45.75;65.53;85.77
930;2017;Carlos Soler;1.21;6.88;0.38;0.0;5.93;4.38;77.92;86.0;29.89;45.6;57.81;64.99
930;2018;Carlos Soler;1.25;7.26;2.53;0.0;6.3;4.37;82.02;87.76;53.86;46.05;67.33;66.67
930;2019;Carlos Soler;0.77;3.6;2.02;0.0;6.07;4.25;62.28;60.05;49.02;46.17;67.7;67.62
930;2020;Carlos Soler;2.74;8.26;3.77;0.0;6.22;5.11;97.14;97.86;82.57;44.14;82.21;87.71
930;2021;Carlos Soler;3.93;8.04;2.79;0.0;5.95;4.91;97.32;98.12;70.78;43.97;80.7;80.56
930;2022;Carlos Soler;1.14;1.84;0.39;0.0;1.58;0.69;80.46;62.96;39.15;43.77;27.87;37.11
930;2025;Carlos Soler;2.16;5.92;3.34;0.0;5.12;3.24;92.5;92.35;76.69;44.26;63.24;78.24
931;2017;Ferran Torres;0.33;2.65;0.99;0.0;4.58;4.35;48.56;39.23;42.37;45.6;33.93;64.63
931;2018;Ferran Torres;0.89;4.26;1.42;0.0;5.32;4.08;72.13;64.22;41.05;46.05;44.63;63.28
931;2019;Ferran Torres;1.44;4.92;2.04;0.0;6.02;6.08;80.07;77.05;49.56;46.17;66.9;91.1
931;2021;Ferran Torres;4.38;5.01;2.05;0.0;5.48;4.04;97.86;91.62;63.54;43.97;69.24;69.97
931;2022;Ferran Torres;1.59;3.47;0.63;0.0;5.48;4.72;86.13;81.23;43.98;43.77;59.8;86.2
931;2023;Ferran Torres;3.57;3.95;0.82;0.0;4.13;3.39;94.33;84.09;46.13;43.85;42.74;65.77
931;2024;Ferran Torres;3.35;4.09;0.89;0.0;5.24;3.59;98.1;87.11;49.32;43.69;54.34;79.38
931;2025;Ferran Torres;5.44;3.99;0.73;0.0;4.57;1.82;99.71;84.71;45.81;44.26;55.59;58.01
932;2015;Daniel Wass;0.95;7.85;2.72;0.0;6.84;4.26;74.4;91.93;65.12;46.1;70.5;73.65
932;2016;Daniel Wass;1.34;8.4;1.5;0.0;6.35;3.6;77.26;93.53;55.08;45.75;76.16;58.13
932;2017;Daniel Wass;1.14;10.0;2.88;0.0;6.13;3.5;76.66;98.03;64.72;45.6;63.64;50.45
932;2018;Daniel Wass;0.4;6.44;3.94;0.0;6.07;3.85;49.91;84.37;68.27;46.05;62.05;59.32
932;2019;Daniel Wass;0.47;5.46;4.05;0.0;4.19;3.19;50.18;81.67;68.06;46.17;45.37;48.75
932;2020;Daniel Wass;1.25;5.32;5.55;0.0;6.45;3.27;88.0;93.43;93.29;44.14;87.07;62.71
932;2021;Daniel Wass;0.76;2.02;1.78;0.0;3.97;3.01;72.92;68.63;61.06;43.97;43.63;57.24
933;2015;Kévin Gameiro;4.9;4.63;0.31;0.0;4.93;3.09;98.24;67.35;26.81;46.1;32.28;52.6
933;2016;Kévin Gameiro;3.42;4.63;0.29;0.0;4.09;3.51;95.29;65.16;30.31;45.75;27.63;56.93
933;2017;Kévin Gameiro;2.35;2.77;0.45;0.0;3.83;3.42;92.37;41.38;31.42;45.6;26.03;49.46
933;2018;Kévin Gameiro;1.75;4.27;0.99;0.0;3.71;3.05;88.23;64.5;32.96;46.05;24.2;45.86
933;2019;Kévin Gameiro;1.97;3.25;1.45;0.0;3.59;4.1;86.48;53.11;40.57;46.17;39.32;65.21
933;2020;Kévin Gameiro;1.16;0.98;0.35;0.0;3.26;1.75;86.71;50.43;36.64;44.14;36.86;44.86
934;2015;Santi Mina;1.57;3.03;0.53;0.0;6.96;4.0;84.6;45.36;35.16;46.1;73.84;69.57
934;2016;Santi Mina;2.1;4.25;0.15;0.0;5.79;3.46;86.88;61.74;25.14;45.75;58.6;55.73
934;2017;Santi Mina;2.88;2.89;0.0;0.0;5.53;4.91;95.69;43.45;9.25;45.6;47.76;73.97
934;2018;Santi Mina;2.57;4.06;0.57;0.0;5.75;3.28;93.41;61.02;25.05;46.05;53.48;49.72
934;2019;Santi Mina;2.17;4.03;0.79;0.0;4.66;3.42;87.81;66.28;30.07;46.17;50.36;52.94
934;2020;Santi Mina;3.05;2.44;1.87;0.0;7.54;3.31;97.86;74.93;63.71;44.14;96.57;63.21
934;2021;Santi Mina;3.28;3.31;1.83;0.0;7.94;4.51;95.78;82.51;61.39;43.97;97.86;76.94
935;2015;Rodrigo;1.8;5.94;1.12;0.0;5.9;4.08;87.29;81.82;47.03;46.1;47.4;70.87
935;2016;Rodrigo;2.49;6.65;0.12;0.0;5.52;3.68;90.2;87.15;24.31;45.75;51.94;60.17
935;2017;Rodrigo;4.07;5.74;1.06;0.0;5.91;5.54;98.03;79.17;44.34;45.6;56.91;83.3
935;2018;Rodrigo;3.04;6.19;0.46;0.0;6.43;5.76;95.48;82.3;22.5;46.05;70.43;86.63
935;2019;Rodrigo;2.32;6.81;0.71;0.0;2.2;4.94;89.06;90.93;27.49;46.17;32.21;79.0
937;2016;Rubén Sobrino;1.84;2.68;0.63;0.0;5.73;5.82;84.01;38.35;39.83;45.75;56.84;91.4
937;2017;Rubén Sobrino;1.42;4.37;2.07;0.0;6.85;5.32;82.85;63.29;59.16;45.6;81.42;79.44
937;2018;Rubén Sobrino;0.64;1.81;1.14;0.0;3.92;2.68;62.81;28.91;34.65;46.05;26.93;41.43
937;2019;Rubén Sobrino;1.05;1.56;1.16;0.0;3.85;3.85;71.0;27.31;37.19;46.17;43.06;61.48
937;2020;Rubén Sobrino;0.5;1.44;2.86;0.0;4.54;2.59;71.43;58.21;73.57;44.14;52.43;53.71
937;2021;Rubén Sobrino;0.78;0.93;1.74;0.0;3.5;3.25;73.53;50.27;60.46;43.97;38.14;60.12
937;2022;Rubén Sobrino;1.51;3.35;4.4;0.0;8.26;4.72;85.43;80.11;86.27;43.77;97.76;86.2
937;2023;Rubén Sobrino;0.32;2.87;3.89;0.0;6.08;3.8;52.97;75.52;79.46;43.85;77.11;73.1
957;2023;Djibril Sow;1.0;3.09;3.57;0.0;5.45;3.59;73.24;78.15;76.63;43.85;63.76;69.78
957;2024;Djibril Sow;0.75;3.8;3.78;0.0;6.99;3.45;77.88;85.14;81.14;43.69;83.04;77.2
957;2025;Djibril Sow;0.97;3.36;4.26;0.0;5.68;1.97;82.65;80.66;82.87;44.26;71.54;60.81
959;2019;Roger Assalé;1.95;3.15;0.06;0.0;3.78;4.68;86.03;51.6;14.86;46.17;41.37;74.82
1023;2017;Toño Ramírez;0.0;0.45;0.0;1.23;0.48;0.0;14.99;10.86;9.25;93.54;8.17;4.67
1028;2015;Mikel González;0.0;1.6;5.93;0.0;5.95;3.58;14.66;24.12;92.39;46.1;48.7;61.13
1028;2016;Mikel González;0.0;2.04;4.09;0.0;4.98;3.95;14.7;29.21;82.62;45.75;40.3;63.4
1036;2015;Nacho Cases;0.54;3.77;2.16;0.0;6.2;2.81;57.24;56.77;58.91;46.1;54.27;47.12
1036;2016;Nacho Cases;0.86;4.32;2.23;0.0;5.43;4.71;64.51;62.85;63.12;45.75;49.72;78.19
1042;2016;Lluis Sastre;0.0;0.22;0.19;0.0;0.46;0.0;14.7;6.28;26.8;45.75;6.75;3.6
1042;2018;Lluis Sastre;0.0;1.47;0.86;0.0;1.54;0.1;13.09;23.16;30.23;46.05;13.18;14.12
1094;2023;Diadié Samassékou;0.28;0.4;1.3;0.0;4.48;2.21;51.04;35.34;53.39;43.85;47.86;50.48
1097;2019;Munas Dabbur;0.0;0.51;0.23;0.0;0.0;0.0;15.48;13.52;18.95;46.17;11.57;4.63
1117;2023;Kieran Tierney;0.0;2.83;5.12;0.0;6.15;3.38;21.85;75.38;90.25;43.85;78.56;65.49
1118;2025;Jeremy Toljan;0.34;4.93;7.18;0.0;5.6;0.28;64.71;88.68;96.18;44.26;70.0;39.26
1124;2019;Oliver Burke;0.88;1.98;1.71;0.0;5.71;4.53;66.99;33.45;45.37;46.17;62.54;72.15
1160;2021;Marcelo Saracchi;0.0;3.2;2.52;0.0;4.23;2.32;21.72;81.43;67.36;43.97;47.79;50.2
1163;2015;Bruma;1.68;5.01;0.47;0.0;5.83;6.13;85.71;71.8;33.77;46.1;45.55;95.18
1165;2021;Matheus Cunha;2.63;1.97;1.62;0.0;4.85;3.75;93.7;67.36;58.45;43.97;58.04;66.49
1165;2022;Matheus Cunha;1.76;2.87;0.89;0.0;4.28;4.16;87.82;75.56;49.09;43.77;43.77;79.41
1211;2015;Matías Kranevitter;0.0;1.32;1.06;0.0;3.72;0.15;14.66;20.5;45.45;46.1;21.71;14.56
1211;2016;Matías Kranevitter;0.0;3.45;3.36;0.0;5.2;3.71;14.7;49.72;73.75;45.75;45.47;61.0
1218;2020;Emiliano Rigoni;0.8;1.9;0.94;0.0;3.68;3.18;81.43;66.43;50.14;44.14;41.07;61.71
1234;2024;Alex Král;0.13;1.77;5.8;0.0;7.38;4.59;50.61;62.42;92.54;43.69;88.74;92.67
1257;2019;Jules Koundé;0.65;3.91;4.37;0.0;9.3;5.15;57.92;63.88;70.73;46.17;98.93;81.67
1257;2020;Jules Koundé;0.66;4.55;4.42;0.0;7.29;5.61;76.5;90.36;87.14;44.14;95.57;92.43
1257;2021;Jules Koundé;0.63;5.41;5.56;0.0;7.43;5.58;69.57;92.76;90.48;43.97;96.11;86.8
1257;2022;Jules Koundé;0.37;5.48;4.48;0.0;6.86;4.43;60.78;91.74;86.55;43.77;85.01;82.91
1257;2023;Jules Koundé;0.94;6.54;4.3;0.0;6.63;4.19;71.16;95.16;82.99;43.85;88.17;76.63
1257;2024;Jules Koundé;0.71;6.73;5.48;0.0;7.52;3.78;77.0;96.47;91.45;43.69;90.37;81.89
1257;2025;Jules Koundé;0.55;4.79;5.48;0.0;7.3;4.52;73.68;88.38;89.41;44.26;93.46;91.91
1264;2021;Youssouf Sabaly;0.18;2.73;3.81;0.0;5.07;3.22;52.14;76.74;78.75;43.97;61.93;59.65
1264;2022;Youssouf Sabaly;0.52;2.73;5.67;0.0;6.93;4.89;66.25;74.37;93.63;43.77;85.71;87.96
1264;2023;Youssouf Sabaly;0.0;2.28;4.01;0.0;5.48;4.72;21.85;68.6;80.29;43.85;64.32;83.82
1264;2024;Youssouf Sabaly;0.0;2.54;4.38;0.0;6.19;2.71;22.46;72.52;85.41;43.69;68.45;66.08
1271;2022;Aurélien Tchouaméni;0.51;5.86;7.56;0.0;8.19;6.21;65.41;92.65;98.6;43.77;97.34;97.06
1271;2023;Aurélien Tchouaméni;1.79;4.34;6.08;0.0;7.07;3.77;83.47;87.69;94.47;43.85;93.91;72.54
1271;2024;Aurélien Tchouaméni;0.22;3.64;7.89;0.0;8.41;4.18;56.72;83.65;98.91;43.69;98.3;87.45
1271;2025;Aurélien Tchouaméni;0.38;6.0;7.82;0.0;7.96;0.39;66.84;92.65;98.24;44.26;97.65;40.74
1291;2020;Denis Vavro;0.27;0.74;2.33;0.0;4.38;0.12;60.57;45.14;68.57;44.14;50.0;32.57
1304;2024;Dinko Horkaš;0.0;0.29;0.0;8.72;2.23;1.06;22.46;34.6;15.2;98.64;30.53;43.69
1305;2025;Dominik Livaković;0.0;0.0;0.0;5.0;0.0;0.0;24.41;12.5;15.81;94.34;12.28;15.22
1323;2024;Dani Olmo;3.17;5.3;1.78;0.0;6.2;4.83;97.63;91.99;60.38;43.69;68.79;94.1
1323;2025;Dani Olmo;3.88;9.15;3.83;0.0;6.66;2.09;98.24;98.09;80.29;44.26;85.44;63.24
1327;2015;Izet Hajrović;0.0;2.34;0.23;0.0;1.74;0.05;14.66;35.25;23.01;46.1;13.73;8.44
1328;2020;Damian Kądzior;0.14;0.28;0.0;0.0;2.46;2.38;52.07;32.43;13.07;44.14;31.71;50.57
1335;2015;Carlos Kameni;0.0;1.04;0.09;10.0;4.99;1.84;14.66;18.37;17.72;99.72;33.02;33.58
1335;2016;Carlos Kameni;0.0;0.68;0.1;9.04;4.11;1.87;14.7;12.38;23.29;99.26;28.37;34.01
1346;2019;İsmail Köybaşı;0.0;0.29;1.8;0.0;0.94;0.93;15.48;8.27;46.8;46.17;27.76;24.02
1364;2023;Jailson;0.6;1.56;5.01;0.0;6.05;3.69;62.45;56.98;89.49;43.85;76.35;71.37
1364;2024;Jailson;0.21;1.16;2.45;0.0;5.8;2.28;55.77;54.07;69.47;43.69;61.87;58.34
1375;2015;Roberto Soldado;2.37;7.52;0.28;0.0;6.49;4.51;92.67;90.17;25.97;46.1;61.5;77.18
1375;2016;Roberto Soldado;3.6;8.58;0.0;0.0;5.75;2.11;96.49;94.45;9.98;45.75;57.67;37.06
1375;2019;Roberto Soldado;2.32;4.87;0.51;0.0;4.42;2.71;89.06;76.42;24.38;46.17;47.6;42.62
1375;2020;Roberto Soldado;2.32;1.28;0.26;0.0;3.84;2.26;95.43;55.29;34.43;44.14;42.64;49.71
1375;2021;Roberto Soldado;1.64;1.83;0.0;0.0;2.95;2.05;88.4;64.75;14.28;43.97;33.98;47.05
1419;2015;Ognjen Vranješ;0.0;1.32;6.0;0.0;8.63;3.81;14.66;20.5;92.95;46.1;97.77;64.94
1421;2015;Zakaria Bakkali;0.54;5.85;0.39;0.0;5.5;4.42;57.24;80.89;30.8;46.1;40.45;76.35
1421;2016;Zakaria Bakkali;0.5;4.03;0.0;0.0;3.86;3.09;51.02;57.95;9.98;45.75;25.69;49.08
1421;2017;Zakaria Bakkali;0.55;2.91;0.07;0.0;4.71;4.16;60.23;43.63;20.38;45.6;35.28;61.49
1427;2024;Albert Sambi Lokonga;0.49;5.02;2.77;0.0;6.83;2.53;68.66;90.71;72.25;43.69;80.8;62.28
1434;2021;Landry Dimata;0.0;0.65;0.16;0.0;4.32;3.47;21.72;44.03;32.51;43.97;48.66;63.14
1439;2021;Héctor Bellerín;0.21;4.75;6.17;0.0;6.62;4.87;53.55;90.62;93.9;43.97;88.74;80.23
1439;2022;Héctor Bellerín;0.0;0.59;0.97;0.0;4.32;2.56;21.22;40.76;50.35;43.77;44.75;57.49
1439;2023;Héctor Bellerín;0.0;3.01;4.25;0.0;5.36;3.5;21.85;77.25;82.43;43.85;62.24;67.84
1439;2024;Héctor Bellerín;0.12;2.72;2.35;0.0;5.09;3.24;49.8;74.49;68.59;43.69;51.9;73.74
1439;2025;Héctor Bellerín;0.43;6.36;2.64;0.0;5.02;2.81;69.34;93.97;70.88;44.26;61.99;72.06
1447;2019;Nacho Monreal;1.03;3.93;6.21;0.0;5.86;3.67;70.46;64.32;88.97;46.17;64.77;57.03
1447;2020;Nacho Monreal;0.22;2.36;4.32;0.0;5.48;3.62;56.71;73.86;86.21;44.14;69.36;68.36
1448;2015;Shkodran Mustafi;0.57;2.9;9.3;0.0;8.34;3.05;59.28;43.04;99.63;46.1;95.36;51.76
1448;2016;Shkodran Mustafi;0.0;0.28;0.98;0.0;0.46;0.05;14.7;7.21;46.95;45.75;6.75;9.33
1448;2021;Shkodran Mustafi;0.97;0.93;5.11;0.0;6.4;2.02;79.56;50.27;87.0;43.97;86.46;46.72
1450;2023;Sokratis;0.17;0.9;3.14;0.0;5.68;0.14;47.3;47.44;70.68;43.85;68.53;33.54
1461;2015;Denis Suárez;1.62;7.71;1.06;0.0;6.68;4.85;84.79;91.09;45.45;46.1;67.25;83.12
1461;2016;Denis Suárez;0.78;6.22;0.44;0.0;4.47;3.45;62.38;83.64;34.1;45.75;32.72;55.27
1461;2017;Denis Suárez;1.05;6.62;0.74;0.0;4.99;5.1;74.87;84.47;37.7;45.6;39.41;76.66
1461;2018;Denis Suárez;0.21;1.11;0.0;0.0;0.85;0.9;37.85;19.4;4.99;46.05;9.04;24.01
1461;2019;Denis Suárez;1.15;9.76;2.22;0.0;0.0;7.15;74.82;96.8;51.25;46.17;11.57;96.89
1461;2020;Denis Suárez;0.19;8.79;3.74;0.0;6.43;5.48;54.5;98.43;82.14;44.14;86.86;91.0
1461;2021;Denis Suárez;1.23;7.82;3.94;0.0;6.32;5.76;84.05;97.59;80.29;43.97;85.66;88.34
1461;2022;Denis Suárez;0.44;3.78;2.67;0.0;6.24;5.54;63.24;83.54;70.59;43.77;74.02;93.28
1461;2023;Denis Suárez;0.0;1.51;0.33;0.0;1.79;2.29;21.85;56.02;36.72;43.85;28.15;51.45
1461;2024;Denis Suárez;0.37;2.18;1.06;0.0;4.99;3.6;64.72;67.98;51.29;43.69;50.34;79.72
1461;2025;Denis Suárez;0.27;2.02;0.96;0.0;2.78;1.95;61.69;66.03;49.85;44.26;37.57;60.44
1462;2020;Lucas Torreira;0.22;0.85;1.37;0.0;4.14;1.11;56.71;47.57;55.86;44.14;45.93;39.29
1465;2021;Pierre-Emerick Aubameyang;7.22;2.37;0.5;0.0;3.62;3.16;99.87;72.59;41.35;43.97;39.54;59.12
1465;2022;Pierre-Emerick Aubameyang;0.29;0.01;0.0;0.0;0.0;0.0;57.42;22.9;14.57;43.77;10.71;13.59
1470;2021;Luís Maximiano;0.0;0.3;0.15;9.43;4.29;2.12;21.72;33.45;32.1;98.79;48.32;47.65
1470;2023;Luís Maximiano;0.0;0.49;0.0;6.27;4.74;2.76;21.85;37.21;13.69;96.4;51.52;56.22
1480;2015;Jérémy Mathieu;0.31;4.77;3.9;0.0;6.14;3.84;47.59;69.2;75.42;46.1;52.6;65.68
1480;2016;Jérémy Mathieu;0.53;4.63;3.13;0.0;5.12;1.88;52.22;65.16;71.16;45.75;43.53;34.2
1482;2019;Thierry Correia;0.0;1.4;2.21;0.0;3.36;1.3;15.48;24.91;50.8;46.17;37.37;28.38
1482;2020;Thierry Correia;0.27;2.8;5.32;0.0;6.53;4.94;60.57;79.43;92.43;44.14;88.14;85.79
1482;2021;Thierry Correia;0.15;2.28;6.33;0.0;6.84;4.6;49.46;71.72;94.64;43.97;90.95;77.68
1482;2022;Thierry Correia;0.0;3.21;7.33;0.0;8.22;3.96;21.22;79.13;98.04;43.77;97.62;76.75
1482;2023;Thierry Correia;0.23;3.4;7.58;0.0;6.94;4.94;49.72;80.98;97.93;43.85;92.6;87.07
1482;2024;Thierry Correia;0.63;2.46;5.55;0.0;7.93;4.22;73.07;71.71;91.86;43.69;94.44;87.92
1482;2025;Thierry Correia;0.14;2.75;3.91;0.0;6.08;3.49;54.78;74.49;80.88;44.26;76.32;82.72
1484;2020;Rodrigo Battaglia;0.48;1.08;3.81;0.0;6.29;4.84;70.64;51.64;82.86;44.14;84.14;83.86
1484;2021;Rodrigo Battaglia;0.08;0.67;2.97;0.0;5.51;4.23;45.17;44.44;72.32;43.97;69.77;72.52
1484;2022;Rodrigo Battaglia;0.0;0.34;1.83;0.0;4.99;0.24;21.22;35.22;61.9;43.77;52.1;35.43
1488;2020;Idrissa Doumbia;0.0;0.71;1.29;0.0;4.52;4.66;22.64;44.07;54.43;44.14;52.0;81.86
1489;2019;Nemanja Gudelj;0.12;3.11;3.34;0.0;7.44;3.54;33.01;51.16;61.65;46.17;85.5;54.63
1489;2020;Nemanja Gudelj;0.06;1.24;2.66;0.0;4.48;2.49;46.93;54.5;71.86;44.14;51.29;52.0
1489;2021;Nemanja Gudelj;0.08;1.02;3.1;0.0;5.52;0.15;45.17;51.94;73.26;43.97;70.17;32.98
1489;2022;Nemanja Gudelj;1.19;2.32;6.33;0.0;6.99;2.36;81.72;69.47;95.66;43.77;86.27;53.71
1489;2023;Nemanja Gudelj;0.81;3.01;5.78;0.0;6.41;3.05;68.74;77.25;94.12;43.85;83.82;61.34
1489;2024;Nemanja Gudelj;0.53;3.01;4.8;0.0;7.11;3.23;69.74;77.34;88.13;43.69;85.07;73.47
1489;2025;Nemanja Gudelj;0.77;1.24;3.91;0.0;5.67;2.19;79.56;55.07;80.88;44.26;71.18;64.56
1493;2020;Marcos Acuña;0.3;6.14;5.74;0.0;6.98;6.23;62.57;94.57;94.93;44.14;93.36;95.29
1493;2021;Marcos Acuña;0.73;7.81;4.38;0.0;7.14;7.53;71.65;97.39;83.65;43.97;93.57;97.32
1493;2022;Marcos Acuña;1.05;6.33;5.52;0.0;7.74;4.94;79.2;94.68;92.58;43.77;94.4;88.45
1493;2023;Marcos Acuña;1.0;5.4;3.51;0.0;6.16;4.16;73.24;92.39;75.66;43.85;78.84;76.42
1495;2020;Abdoulay Diaby;0.0;0.41;0.46;0.0;1.44;0.0;22.64;36.57;39.07;44.14;26.43;12.93
1496;2022;Raphinha;3.02;8.13;2.01;0.0;6.49;5.2;95.17;97.48;63.94;43.77;80.39;91.04
1496;2023;Raphinha;4.34;7.75;1.66;0.0;5.57;5.3;96.27;97.1;57.26;43.85;65.63;89.42
1496;2024;Raphinha;4.94;10.0;2.43;0.0;7.29;5.87;99.46;99.53;69.27;43.69;87.79;97.96
1496;2025;Raphinha;4.43;9.98;0.69;0.0;4.5;3.29;98.68;98.68;45.0;44.26;54.85;78.97
1557;2015;Pau López;0.0;0.39;0.09;3.66;5.87;0.1;14.66;7.51;17.72;95.55;46.47;12.34
1557;2017;Pau López;0.0;0.73;0.0;7.22;5.04;0.09;14.99;15.8;9.25;98.29;40.22;13.82
1557;2018;Pau López;0.0;1.59;0.0;8.93;4.72;0.08;13.09;24.86;4.99;99.25;35.78;12.52
1557;2024;Pau López;0.0;0.03;0.0;5.26;1.48;0.03;22.46;27.54;15.2;94.71;28.02;29.58
1557;2025;Pau López;0.0;0.24;0.0;9.7;3.33;0.07;24.41;33.46;15.81;99.71;41.84;35.51
1558;2018;Joel Robles;0.0;0.75;0.0;4.53;1.0;0.0;13.09;13.84;4.99;95.86;9.89;3.58
1558;2019;Joel Robles;0.0;1.18;0.0;4.5;0.0;0.02;15.48;23.67;6.58;96.09;11.57;9.34
1558;2020;Joel Robles;0.0;0.25;0.0;7.88;2.31;0.01;22.64;31.57;13.07;98.29;30.57;26.0
1558;2021;Joel Robles;0.0;0.0;0.0;5.0;0.0;0.0;21.72;10.86;14.28;93.83;10.99;13.4
1560;2015;Antonio Barragán;0.0;3.01;4.45;0.0;6.38;2.38;14.66;44.99;80.8;46.1;59.37;41.0
1560;2017;Antonio Barragán;0.29;6.97;3.35;0.0;6.63;3.05;47.04;86.71;68.13;45.6;74.6;44.25
1560;2018;Antonio Barragán;0.0;5.41;1.99;0.0;4.77;1.93;13.09;76.46;49.25;46.05;36.44;33.9
1560;2019;Antonio Barragán;0.0;6.16;2.57;0.0;5.11;2.29;15.48;87.01;54.54;46.17;56.05;37.46
1560;2020;Antonio Barragán;0.0;2.86;4.09;0.0;5.85;3.86;22.64;80.0;84.57;44.14;75.57;71.43
1560;2021;Antonio Barragán;0.0;0.55;2.7;0.0;5.27;0.3;21.72;40.88;69.64;43.97;65.62;33.91
1561;2015;Marc Bartra;0.99;5.2;2.41;0.0;6.22;2.65;75.6;74.95;61.87;46.1;54.73;44.53
1561;2017;Marc Bartra;0.79;5.1;8.56;0.0;8.5;7.11;68.67;73.79;98.56;45.6;98.65;95.33
1561;2018;Marc Bartra;0.39;4.58;8.77;0.0;7.65;4.07;48.96;68.08;99.44;46.05;94.35;63.09
1561;2019;Marc Bartra;0.91;4.17;7.39;0.0;7.52;4.48;67.88;68.42;96.0;46.17;86.3;71.26
1561;2020;Marc Bartra;0.37;1.95;5.88;0.0;6.63;3.95;66.79;66.93;95.86;44.14;89.86;73.57
1561;2021;Marc Bartra;0.47;1.68;6.79;0.0;6.65;4.42;65.15;61.86;95.44;43.97;89.01;75.4
1561;2023;Marc Bartra;0.0;0.36;1.71;0.0;2.35;1.39;21.85;33.68;57.81;43.85;30.84;43.36
1561;2024;Marc Bartra;0.67;1.88;6.63;0.0;7.17;2.66;75.24;64.31;95.52;43.69;86.16;64.45
1561;2025;Marc Bartra;0.77;2.33;9.44;0.0;7.36;3.14;79.56;69.93;99.71;44.26;94.19;76.69
1562;2015;Sidnei;0.0;2.37;6.98;0.0;6.91;3.89;14.66;36.09;97.03;46.1;72.54;67.35
1562;2016;Sidnei;0.24;2.55;4.99;0.0;5.9;2.8;39.09;36.14;89.28;45.75;62.29;44.82
1562;2017;Sidnei;0.4;3.33;5.12;0.0;7.09;5.1;51.08;48.92;83.3;45.6;85.46;76.66
1562;2018;Sidnei;0.36;4.14;6.96;0.0;6.72;4.88;47.46;62.71;95.1;46.05;77.02;76.27
1562;2019;Sidnei;0.77;4.26;8.82;0.0;7.12;3.36;62.28;70.02;99.29;46.17;80.16;52.14
1562;2020;Sidnei;0.0;0.77;1.78;0.0;4.32;1.03;22.64;45.93;62.5;44.14;48.14;37.43
1562;2021;Sidnei;0.0;0.0;0.0;0.0;0.0;0.0;21.72;10.86;14.28;43.97;10.99;13.4
1563;2015;Zouhair Feddal;0.38;2.62;8.27;0.0;6.56;4.35;50.65;39.05;99.07;46.1;63.36;74.77
1563;2016;Zouhair Feddal;0.66;2.91;5.85;0.0;5.49;2.83;56.84;41.04;94.45;45.75;51.11;45.56
1563;2017;Zouhair Feddal;1.26;3.24;6.97;0.0;6.6;3.08;79.08;48.03;92.82;45.6;73.88;44.79
1563;2018;Zouhair Feddal;0.61;5.47;6.05;0.0;7.68;5.36;60.55;77.02;89.08;46.05;94.54;81.54
1563;2019;Zouhair Feddal;0.8;5.62;6.33;0.0;7.89;3.31;63.26;83.45;90.39;46.17;90.3;51.6
1563;2022;Zouhair Feddal;0.0;1.06;2.99;0.0;4.03;0.08;21.22;50.28;73.18;43.77;40.62;32.91
1564;2017;Junior Firpo;1.2;5.72;6.65;0.0;6.72;3.43;77.47;78.99;91.65;45.6;77.83;49.82
1564;2018;Junior Firpo;1.16;6.64;4.07;0.0;6.99;6.2;79.94;84.93;69.68;46.05;84.37;91.34
1564;2019;Junior Firpo;0.48;6.54;4.09;0.0;4.06;3.72;51.07;89.06;68.51;46.17;44.31;58.45
1564;2020;Junior Firpo;0.19;1.0;0.44;0.0;2.93;0.73;54.5;50.71;38.36;44.14;34.79;34.79
1564;2025;Junior Firpo;0.0;2.75;3.59;0.0;6.36;2.33;24.41;74.49;78.16;44.26;81.18;66.76
1565;2019;Edgar González;0.27;2.66;3.61;0.0;5.85;1.64;41.64;43.59;64.59;46.17;64.5;31.49
1565;2021;Edgar González;0.24;1.42;3.54;0.0;4.96;3.39;55.36;58.11;77.28;43.97;59.58;61.53
1565;2022;Edgar González;0.24;1.01;3.15;0.0;6.29;2.11;53.01;49.16;74.93;43.77;75.21;50.77
1565;2023;Edgar González;0.83;2.19;7.36;0.0;6.63;3.72;69.36;67.08;97.65;43.85;88.17;71.78
1566;2018;Emerson Royal;0.21;2.87;2.64;0.0;3.68;0.7;37.85;42.56;54.8;46.05;23.35;20.53
1566;2019;Emerson Royal;0.91;6.5;6.34;0.0;8.97;3.64;67.88;88.7;90.57;46.17;97.42;56.67
1566;2020;Emerson Royal;0.33;5.86;9.27;0.0;8.37;4.9;64.93;94.21;99.71;44.14;98.86;85.29
1566;2021;Emerson Royal;0.0;0.18;1.13;0.0;1.2;0.17;21.72;30.63;53.49;43.97;27.08;33.31
1567;2016;Aïssa Mandi;0.95;3.14;6.12;0.0;6.23;3.89;67.74;44.92;95.56;45.75;72.18;63.22
1567;2017;Aïssa Mandi;0.24;4.56;7.46;0.0;6.66;4.67;44.88;67.15;96.05;45.6;75.58;70.11
1567;2018;Aïssa Mandi;0.31;6.97;5.82;0.0;6.03;3.61;44.73;86.82;86.72;46.05;60.92;54.9
1567;2019;Aïssa Mandi;0.29;4.78;5.98;0.0;5.66;3.3;43.77;75.27;87.19;46.17;62.01;50.98
1567;2020;Aïssa Mandi;0.91;2.53;4.56;0.0;5.9;2.0;83.36;76.36;88.57;44.14;76.14;47.14
1567;2021;Aïssa Mandi;0.41;1.39;2.54;0.0;4.45;0.08;63.2;57.64;67.56;43.97;50.67;31.37
1567;2022;Aïssa Mandi;0.14;1.3;2.9;0.0;5.0;1.09;47.41;54.13;72.69;43.77;52.31;39.36
1567;2023;Aïssa Mandi;0.47;1.2;1.8;0.0;4.47;0.09;59.06;51.11;59.2;43.85;47.72;32.09
1568;2020;Paul Akouokou;0.0;0.44;1.02;0.0;4.04;2.18;22.64;37.79;51.21;44.14;44.57;49.43
1568;2021;Paul Akouokou;0.0;0.89;1.97;0.0;4.27;3.62;21.72;49.26;62.8;43.97;48.06;64.88
1568;2022;Paul Akouokou;0.1;0.13;1.95;0.0;4.92;2.13;45.38;29.76;63.59;43.77;51.26;51.12
1568;2023;Paul Akouokou;0.0;0.07;1.66;0.0;1.42;0.06;21.85;27.66;57.26;43.85;26.83;30.01
1570;2015;Sergio Canales;0.67;5.4;0.16;0.0;4.52;1.53;64.19;76.81;19.39;46.1;27.64;30.33
1570;2016;Sergio Canales;0.36;8.27;0.0;0.0;4.12;3.12;43.9;92.98;9.98;45.75;28.65;49.54
1570;2017;Sergio Canales;1.34;9.98;0.85;0.0;5.41;6.15;81.06;95.87;40.66;45.6;46.14;91.56
1570;2018;Sergio Canales;2.6;10.0;1.87;0.0;6.64;7.69;93.97;98.59;47.65;46.05;74.76;98.68
1570;2019;Sergio Canales;2.27;10.0;1.66;0.0;7.07;6.67;88.79;98.58;44.22;46.17;79.27;95.46
1570;2020;Sergio Canales;2.16;10.0;1.6;0.0;5.11;5.89;94.71;99.64;59.86;44.14;62.43;93.86
1570;2021;Sergio Canales;3.0;10.0;1.7;0.0;5.55;5.54;94.57;99.46;59.38;43.97;71.11;86.13
1570;2022;Sergio Canales;1.75;8.99;2.22;0.0;6.21;5.24;87.61;98.53;65.62;43.77;72.83;91.74
1571;2017;Javi García;0.2;5.29;1.84;0.0;6.16;4.67;40.04;75.76;56.1;45.6;64.63;70.11
1571;2018;Javi García;0.0;4.27;1.05;0.0;4.5;2.54;13.09;64.5;33.9;46.05;33.52;39.64
1571;2019;Javi García;0.27;2.04;0.62;0.0;1.62;1.2;41.64;33.81;25.27;46.17;29.89;27.31
1573;2017;Andrés Guardado;0.94;10.0;1.57;0.0;6.13;5.28;72.08;98.03;52.78;45.6;63.64;78.37
1573;2018;Andrés Guardado;0.34;8.41;2.18;0.0;5.4;5.47;46.7;93.22;50.66;46.05;46.8;82.86
1573;2019;Andrés Guardado;0.39;6.73;3.16;0.0;5.81;4.7;47.69;90.12;59.61;46.17;63.52;75.27
1573;2020;Andrés Guardado;0.64;2.3;3.42;0.0;5.48;4.69;76.14;72.64;78.86;44.14;69.36;82.43
1573;2021;Andrés Guardado;0.24;2.34;3.1;0.0;4.59;3.36;55.36;72.25;73.26;43.97;52.35;61.06
1573;2022;Andrés Guardado;0.41;2.42;3.67;0.0;5.41;2.65;62.54;70.38;79.55;43.77;58.47;59.24
1573;2023;Andrés Guardado;0.0;1.68;2.88;0.0;4.84;4.11;21.85;58.99;69.09;43.85;52.9;75.73
1574;2017;Francis Guerrero;0.45;4.33;4.47;0.0;7.39;5.94;55.92;62.3;77.83;45.6;90.93;89.59
1574;2018;Francis Guerrero;0.3;4.79;4.65;0.0;6.86;4.41;44.26;71.0;75.05;46.05;80.79;67.04
1576;2018;Wilfrid Kaptoum;0.21;2.89;3.29;0.0;6.79;7.01;37.85;42.84;62.24;46.05;78.63;96.8
1576;2019;Wilfrid Kaptoum;0.0;1.22;1.03;0.0;0.0;1.2;15.48;24.02;35.23;46.17;11.57;27.31
1577;2018;Diego Lainez;0.36;4.55;0.77;0.0;5.5;5.28;47.46;67.7;28.44;46.05;48.78;80.7
1577;2019;Diego Lainez;0.36;2.16;0.92;0.0;6.0;5.07;46.8;35.41;33.72;46.17;66.55;80.69
1577;2020;Diego Lainez;0.3;2.29;1.06;0.0;5.16;5.24;62.57;72.43;51.93;44.14;63.57;89.5
1577;2021;Diego Lainez;0.1;0.46;0.1;0.0;2.22;3.36;47.59;39.14;31.03;43.97;31.23;61.06
1578;2018;Giovani Lo Celso;3.14;7.32;2.79;0.0;7.43;7.5;95.86;88.32;56.4;46.05;92.18;98.49
1578;2021;Giovani Lo Celso;1.46;5.52;3.34;0.0;7.56;8.33;86.66;93.36;75.74;43.97;96.51;98.66
1578;2022;Giovani Lo Celso;1.37;7.09;3.51;0.0;6.99;5.57;84.59;95.8;78.36;43.77;86.27;93.7
1578;2024;Giovani Lo Celso;3.24;8.7;3.49;0.0;8.18;4.94;97.83;98.64;78.97;43.69;96.81;94.98
1578;2025;Giovani Lo Celso;1.7;7.18;1.68;0.0;6.81;4.73;88.97;96.18;61.84;44.26;87.21;92.94
1579;2015;Joaquín;0.57;9.35;1.94;0.0;6.74;5.95;59.28;95.55;57.42;46.1;68.83;93.69
1579;2016;Joaquín;1.2;8.04;1.02;0.0;5.32;5.27;74.77;92.42;48.61;45.75;47.32;86.51
1579;2017;Joaquín;1.31;9.55;1.15;0.0;6.23;7.23;80.7;95.42;45.51;45.6;65.71;95.96
1579;2018;Joaquín;1.71;8.44;1.27;0.0;6.0;7.05;87.76;93.69;38.14;46.05;59.79;96.99
1579;2019;Joaquín;2.41;10.0;1.77;0.0;6.67;6.55;89.77;98.58;46.09;46.17;74.02;94.66
1579;2020;Joaquín;0.58;4.95;1.43;0.0;4.42;4.53;74.07;92.5;56.86;44.14;50.57;80.43
1579;2021;Joaquín;0.26;2.18;0.69;0.0;4.13;4.41;56.43;70.04;45.51;43.97;46.58;75.2
1579;2022;Joaquín;0.25;3.18;0.44;0.0;4.37;3.64;54.69;78.85;40.13;43.77;45.59;72.62
1580;2018;William Carvalho;0.14;7.82;2.44;0.0;7.13;6.83;30.98;90.58;52.92;46.05;87.76;96.23
1580;2019;William Carvalho;0.42;6.38;0.91;0.0;5.41;6.57;48.84;88.43;33.01;46.17;59.52;94.84
1580;2020;William Carvalho;0.75;2.57;1.58;0.0;5.3;4.76;80.43;76.79;59.71;44.14;66.36;83.07
1580;2021;William Carvalho;1.17;4.68;4.26;0.0;6.84;7.35;83.24;90.08;82.77;43.97;90.95;96.05
1580;2022;William Carvalho;1.3;4.86;3.59;0.0;7.27;5.56;83.47;90.48;78.99;43.77;89.92;93.49
1580;2023;William Carvalho;0.77;3.77;2.48;0.0;4.59;2.01;67.7;82.99;65.01;43.85;49.52;47.3
1580;2024;William Carvalho;0.15;2.85;1.98;0.0;4.97;2.4;53.12;75.71;63.43;43.69;50.14;60.11
1582;2021;Rober González;0.0;0.44;1.31;0.0;4.0;1.9;21.72;38.4;55.43;43.97;44.44;45.17
1582;2022;Rober González;0.0;1.24;0.05;0.0;1.09;0.21;21.22;52.87;29.62;43.77;25.84;35.08
1583;2016;Sergio León;3.62;1.24;0.0;0.0;4.52;4.01;96.67;18.11;9.98;45.75;32.9;64.05
1583;2017;Sergio León;3.37;2.04;0.22;0.0;5.26;4.05;96.59;31.78;24.24;45.6;43.09;58.89
1583;2018;Sergio León;0.26;2.53;0.25;0.0;3.74;2.26;42.75;37.38;17.7;46.05;25.05;37.85
1583;2019;Sergio León;0.86;0.59;0.24;0.0;2.01;1.36;66.19;15.21;20.02;46.17;31.49;29.54
1583;2020;Sergio León;0.59;0.93;0.47;0.0;2.74;0.53;74.64;49.5;39.79;44.14;33.14;34.07
1583;2022;Sergio León;2.3;1.52;0.29;0.0;4.53;2.76;91.88;57.91;36.69;43.77;46.99;59.8
1584;2017;Loren Morón;3.91;2.48;0.0;0.0;6.75;5.83;97.85;38.06;9.25;45.6;78.9;87.79
1584;2018;Loren Morón;2.59;2.01;0.79;0.0;5.27;3.23;93.69;30.32;28.81;46.05;43.6;49.06
1584;2019;Loren Morón;2.88;2.89;1.5;0.0;6.41;3.45;92.88;47.6;41.19;46.17;71.0;53.56
1584;2020;Loren Morón;0.31;0.78;0.49;0.0;4.58;3.14;63.36;46.14;40.29;44.14;53.86;61.21
1584;2021;Loren Morón;0.16;0.28;0.31;0.0;2.14;1.37;50.74;33.11;36.66;43.97;30.83;41.55
1584;2022;Loren Morón;0.0;0.0;0.2;0.0;1.65;0.0;21.22;10.43;33.54;43.77;28.29;13.59
1585;2015;Jesé Rodríguez;2.07;6.51;0.61;0.0;4.54;3.98;90.45;84.32;36.83;46.1;27.83;69.11
1585;2016;Jesé Rodríguez;3.52;5.57;0.6;0.0;6.36;7.51;95.75;77.08;38.26;45.75;76.43;98.52
1585;2018;Jesé Rodríguez;2.14;2.95;0.37;0.0;4.04;4.1;91.62;44.26;20.53;46.05;27.87;63.47
1586;2017;Cristian Tello;1.64;5.34;0.94;0.0;5.62;6.04;85.64;76.48;41.83;45.6;49.73;90.31
1586;2018;Cristian Tello;1.91;7.68;2.36;0.0;5.11;4.29;90.11;89.92;52.17;46.05;41.43;65.91
1586;2019;Cristian Tello;1.02;2.6;0.79;0.0;3.61;3.62;69.84;42.26;30.07;46.17;39.77;56.41
1586;2020;Cristian Tello;1.63;3.27;1.32;0.0;4.56;4.58;92.21;84.14;55.0;44.14;53.14;81.07
1586;2021;Cristian Tello;1.09;2.38;1.36;0.0;3.63;2.75;81.84;72.92;55.97;43.97;39.95;54.36
1595;2019;Leonardo Koutris;0.0;0.67;0.62;0.0;0.0;0.0;15.48;16.46;25.27;46.17;11.57;4.63
1607;2016;Guilherme;0.75;4.46;2.96;0.0;7.21;4.6;61.55;63.96;70.24;45.75;92.33;75.79
1607;2017;Guilherme;0.14;4.69;4.76;0.0;7.46;5.9;35.64;68.4;80.34;45.6;92.37;89.05
1615;2019;Gil Dias;0.68;3.9;3.69;0.0;7.01;3.57;58.72;63.61;65.66;46.17;78.2;55.43
1616;2015;Miguel Ángel Guerrero;1.21;2.98;0.73;0.0;5.31;2.96;80.52;44.71;38.96;46.1;37.01;50.37
1616;2016;Miguel Ángel Guerrero;1.89;3.68;0.23;0.0;4.71;4.13;85.03;53.79;28.56;45.75;35.95;67.1
1616;2017;Miguel Ángel Guerrero;1.91;4.39;0.83;0.0;5.76;3.14;88.78;63.64;39.95;45.6;53.14;45.6
1616;2019;Miguel Ángel Guerrero;1.68;3.33;0.0;0.0;4.55;3.92;83.45;54.89;6.58;46.17;49.11;62.72
1624;2022;Pepe Reina;0.0;0.44;0.0;6.68;3.85;1.13;21.22;37.75;14.57;96.64;39.22;39.92
1624;2023;Pepe Reina;0.0;0.03;0.0;8.38;1.33;0.0;21.85;25.45;13.69;98.48;26.07;12.86
1630;2015;Mateo Musacchio;0.5;2.8;6.45;0.0;5.79;1.91;56.22;41.37;94.81;46.1;44.62;34.69
1630;2016;Mateo Musacchio;0.0;3.12;3.8;0.0;5.65;1.26;14.7;44.73;79.67;45.75;54.81;26.43
1631;2024;Ricardo Rodríguez;0.06;1.47;2.32;0.0;6.22;2.26;46.27;58.41;68.05;43.69;69.27;58.07
1631;2025;Ricardo Rodríguez;0.0;1.72;2.02;0.0;4.78;1.08;24.41;61.03;65.44;44.26;57.94;47.5
1641;2015;Samu Castillejo;0.61;4.58;1.48;0.0;6.75;5.32;60.58;66.51;51.11;46.1;69.02;88.87
1641;2016;Samu Castillejo;1.3;6.37;3.15;0.0;6.68;5.39;76.43;84.66;71.53;45.75;83.55;87.89
1641;2017;Samu Castillejo;2.16;8.92;1.62;0.0;7.28;5.99;90.66;93.72;53.59;45.6;89.59;89.95
1641;2022;Samu Castillejo;1.87;4.44;1.48;0.0;6.06;4.39;89.22;88.31;56.79;43.77;71.29;82.07
1642;2022;Franck Kessié;0.41;1.42;1.55;0.0;4.79;3.29;62.54;55.53;58.26;43.77;49.58;67.23
1649;2020;Patrick Cutrone;0.19;0.34;0.14;0.0;1.18;1.17;54.5;34.43;29.86;44.14;25.71;40.36
1650;2019;Suso;1.44;6.59;0.97;0.0;5.17;4.91;80.07;89.5;34.79;46.17;57.12;78.11
1650;2020;Suso;1.57;6.99;1.19;0.0;6.0;7.74;91.21;96.29;53.29;44.14;78.14;99.43
1650;2021;Suso;0.58;2.62;0.24;0.0;4.11;4.18;68.43;75.74;34.25;43.97;46.18;71.85
1650;2022;Suso;1.17;4.36;1.01;0.0;5.38;5.17;81.16;87.54;51.05;43.77;58.26;90.62
1650;2023;Suso;1.02;6.95;1.56;0.0;6.06;6.09;73.93;95.99;56.02;43.85;76.69;93.98
1650;2024;Suso;0.31;3.62;0.72;0.0;5.06;3.44;61.94;83.04;45.66;43.69;51.29;77.0
1682;2015;Sergio Asenjo;0.0;0.2;0.0;2.3;0.88;0.05;14.66;5.19;7.61;94.81;9.46;8.44
1682;2016;Sergio Asenjo;0.0;0.27;0.33;10.0;4.89;0.15;14.7;7.02;31.7;99.72;39.0;13.12
1682;2017;Sergio Asenjo;0.0;0.56;0.0;9.44;4.09;1.13;14.99;13.29;9.25;99.1;27.92;25.85
1682;2018;Sergio Asenjo;0.0;0.6;0.2;8.23;4.16;0.05;13.09;11.11;15.63;99.06;29.28;9.32
1682;2019;Sergio Asenjo;0.0;1.01;0.0;8.34;3.8;1.12;15.48;21.98;6.58;99.29;42.08;26.6
1682;2020;Sergio Asenjo;0.0;0.53;0.0;7.82;4.34;0.03;22.64;40.79;13.07;98.0;48.71;27.36
1682;2021;Sergio Asenjo;0.0;0.1;0.02;7.35;1.94;0.0;21.72;28.95;28.69;96.51;29.49;13.4
1682;2022;Sergio Asenjo;0.0;0.15;0.0;5.71;3.76;0.07;21.22;30.25;14.57;94.96;38.66;32.49
1683;2015;Mariano Barbosa;0.0;0.17;0.23;0.56;0.29;0.35;14.66;3.99;23.01;93.14;3.9;18.18
1683;2017;Mariano Barbosa;0.0;0.63;0.27;7.22;3.36;0.12;14.99;14.36;25.94;98.29;22.89;15.62
1684;2015;Andrés Fernández;0.0;0.83;0.26;3.65;5.97;1.15;14.66;14.56;25.23;95.36;49.54;24.4
1684;2016;Andrés Fernández;0.0;0.47;0.0;6.86;4.7;0.1;14.7;9.43;9.98;98.15;35.58;11.55
1684;2017;Andrés Fernández;0.0;0.17;0.0;0.94;0.92;0.0;14.99;4.85;9.25;93.0;12.84;4.67
1684;2018;Andrés Fernández;0.0;1.0;0.0;3.42;1.18;0.0;13.09;16.95;4.99;94.26;11.3;3.58
1684;2019;Andrés Fernández;0.0;1.62;0.0;1.2;0.0;0.05;15.48;28.2;6.58;93.77;11.57;11.74
1684;2020;Andrés Fernández;0.0;0.22;0.0;6.12;4.63;2.42;22.64;30.71;13.07;96.0;54.64;51.21
1685;2015;Daniele Bonera;0.15;2.58;4.09;0.0;4.48;0.18;35.9;38.31;77.46;46.1;27.37;15.12
1685;2016;Daniele Bonera;0.0;1.91;1.73;0.0;3.06;0.35;14.7;28.19;57.3;45.75;20.15;16.17
1685;2017;Daniele Bonera;0.0;3.71;3.53;0.0;5.68;1.47;14.99;54.04;69.93;45.6;51.26;29.26
1685;2018;Daniele Bonera;0.0;0.87;2.44;0.0;1.09;0.0;13.09;14.69;52.92;46.05;10.92;3.58
1687;2015;Jaume Costa;0.48;3.34;5.32;0.0;7.43;1.79;55.19;50.09;88.5;46.1;84.32;32.84
1687;2016;Jaume Costa;0.36;5.48;2.76;0.0;7.11;4.88;43.9;76.16;68.85;45.75;90.2;80.13
1687;2017;Jaume Costa;0.21;6.46;3.96;0.0;7.1;5.65;41.83;82.76;73.43;45.6;86.09;84.74
1687;2018;Jaume Costa;0.4;3.92;4.2;0.0;6.44;4.42;49.91;59.51;70.9;46.05;70.72;67.23
1687;2019;Jaume Costa;0.29;4.17;6.0;0.0;4.55;4.9;43.77;68.42;87.54;46.17;49.11;77.76
1687;2020;Jaume Costa;0.0;0.89;1.0;0.0;3.94;1.89;22.64;48.29;50.93;44.14;43.57;46.14
1687;2021;Jaume Costa;0.19;3.84;4.64;0.0;6.01;4.27;53.15;85.25;84.99;43.97;81.5;73.32
1687;2022;Jaume Costa;0.52;4.33;4.45;0.0;6.81;3.35;66.25;87.32;86.41;43.77;84.59;68.07
1687;2023;Jaume Costa;0.21;2.54;3.3;0.0;5.55;3.23;48.76;72.75;72.89;43.85;65.21;63.21
1688;2018;Ramiro Funes Mori;0.69;3.09;5.97;0.0;6.57;3.49;65.35;46.61;88.04;46.05;73.45;53.11
1688;2019;Ramiro Funes Mori;0.0;2.52;2.01;0.0;0.0;1.05;15.48;40.12;48.58;46.17;11.57;25.18
1688;2020;Ramiro Funes Mori;0.06;0.52;1.41;0.0;4.69;1.08;46.93;40.21;56.64;44.14;55.43;38.07
1689;2015;Álvaro González;0.36;3.34;3.39;0.0;7.19;4.09;49.91;50.09;71.43;46.1;79.96;71.24
1689;2016;Álvaro González;0.2;1.69;1.32;0.0;3.11;0.23;35.03;24.86;53.23;45.75;20.33;14.33
1689;2017;Álvaro González;0.19;3.74;4.9;0.0;6.17;1.88;39.05;54.22;81.51;45.6;64.99;31.96
1689;2018;Álvaro González;0.26;3.66;5.85;0.0;6.94;0.48;42.75;57.44;87.19;46.05;83.52;19.02
1690;2018;Miguelón;0.0;2.23;5.82;0.0;5.29;2.75;13.09;32.11;86.72;46.05;44.26;42.56
1690;2021;Miguelón;0.0;0.04;0.16;0.0;3.03;1.87;21.72;26.47;32.51;43.97;34.32;44.91
1691;2015;Mario Gaspar;0.71;3.4;5.15;0.0;6.61;2.09;65.49;51.48;86.64;46.1;65.49;37.57
1691;2016;Mario Gaspar;0.69;5.05;4.76;0.0;6.72;3.23;59.06;72.09;88.17;45.75;85.03;50.74
1691;2017;Mario Gaspar;0.92;6.58;7.19;0.0;7.64;3.85;71.36;83.84;94.43;45.6;94.52;54.85
1691;2018;Mario Gaspar;0.69;4.07;6.02;0.0;6.32;2.79;65.35;61.39;88.61;46.05;68.08;42.94
1691;2019;Mario Gaspar;0.11;5.13;5.94;0.0;5.49;1.96;32.21;78.47;86.65;46.17;60.14;34.43
1691;2020;Mario Gaspar;0.27;3.24;6.84;0.0;6.59;3.58;60.57;83.79;98.14;44.14;89.0;67.57
1691;2021;Mario Gaspar;0.08;0.73;1.1;0.0;3.62;2.47;45.17;45.98;52.35;43.97;39.54;51.61
1692;2018;Xavier Quintilla;0.0;3.27;2.72;0.0;2.73;0.0;13.09;50.0;55.74;46.05;17.7;3.58
1692;2019;Xavier Quintilla;0.14;7.22;3.85;0.0;3.05;3.03;33.81;91.64;66.81;46.17;35.41;46.8
1693;2015;Víctor Ruiz;0.06;2.29;6.87;0.0;5.87;4.35;29.31;34.14;96.47;46.1;46.47;74.77
1693;2016;Víctor Ruiz;0.33;3.8;5.72;0.0;5.53;3.21;42.33;54.71;93.9;45.75;52.22;50.28
1693;2017;Víctor Ruiz;0.47;3.8;7.12;0.0;6.13;2.89;56.64;55.66;94.17;45.6;63.64;41.83
1693;2018;Víctor Ruiz;0.1;3.97;6.99;0.0;6.42;4.44;27.97;60.45;95.48;46.05;70.24;67.8
1693;2020;Víctor Ruiz;0.54;1.61;3.74;0.0;5.49;3.34;72.93;62.57;82.14;44.14;69.71;63.57
1693;2021;Víctor Ruiz;0.1;1.84;3.99;0.0;5.23;1.08;47.59;64.95;80.76;43.97;64.75;37.6
1693;2022;Víctor Ruiz;0.0;0.6;1.69;0.0;5.54;0.04;21.22;41.04;59.8;43.77;60.92;30.04
1694;2018;Santiago Cáseres;0.1;5.67;4.37;0.0;6.69;4.3;27.97;78.81;73.07;46.05;76.37;66.2
1695;2018;Santi Cazorla;1.16;10.0;3.53;0.0;6.88;6.75;79.94;98.59;65.07;46.05;81.54;95.67
1695;2019;Santi Cazorla;3.59;10.0;3.25;0.0;6.56;6.5;96.98;98.58;60.85;46.17;72.78;93.95
1695;2025;Santi Cazorla;0.0;2.9;1.34;0.0;5.14;2.37;24.41;76.1;56.25;44.26;63.6;67.5
1696;2018;Samuel Chukwueze;2.71;4.88;1.37;0.0;6.01;6.5;94.54;71.94;40.49;46.05;60.36;93.97
1696;2019;Samuel Chukwueze;1.33;5.66;1.6;0.0;5.11;6.4;77.76;83.72;43.15;46.17;56.05;93.06
1696;2020;Samuel Chukwueze;1.52;4.68;1.4;0.0;5.64;5.32;90.64;91.0;56.43;44.14;72.5;89.86
1696;2021;Samuel Chukwueze;1.41;5.19;1.44;0.0;6.24;8.26;86.06;92.49;56.64;43.97;84.72;98.39
1696;2022;Samuel Chukwueze;2.17;5.82;1.24;0.0;6.83;7.26;91.04;92.44;52.87;43.77;84.73;99.16
1697;2015;Pablo Fornals;0.56;4.14;2.15;0.0;5.37;3.13;58.44;61.41;58.63;46.1;38.22;53.34
1697;2016;Pablo Fornals;1.55;7.08;2.09;0.0;6.2;4.6;80.22;89.09;61.37;45.75;70.98;75.79
1697;2017;Pablo Fornals;1.2;10.0;1.01;0.0;6.02;4.41;77.47;98.03;43.18;45.6;59.87;65.62
1697;2018;Pablo Fornals;1.28;7.49;2.67;0.0;6.2;5.68;82.96;89.27;54.99;46.05;66.01;86.16
1697;2023;Pablo Fornals;3.06;8.01;6.64;0.0;6.5;4.32;91.7;97.65;96.06;43.85;85.82;78.56
1697;2024;Pablo Fornals;0.66;6.51;3.46;0.0;5.43;1.9;74.63;95.66;78.7;43.69;56.72;53.19
1697;2025;Pablo Fornals;2.41;10.0;4.64;0.0;5.82;4.12;94.41;99.41;85.0;44.26;73.82;89.41
1698;2015;Javi Fuego;0.08;4.56;5.38;0.0;7.13;3.9;30.98;65.96;89.24;46.1;79.04;67.63
1698;2016;Javi Fuego;0.36;2.96;4.05;0.0;6.05;3.33;43.9;41.77;82.07;45.75;66.64;53.14
1698;2017;Javi Fuego;0.13;2.23;1.89;0.0;6.08;2.04;34.83;34.92;56.73;45.6;62.03;34.11
1698;2018;Javi Fuego;0.0;0.77;0.99;0.0;2.55;0.9;13.09;14.12;32.96;46.05;16.85;24.01
1699;2015;Vicente Iborra;1.92;3.17;1.51;0.0;6.57;1.52;89.24;47.31;51.95;46.1;63.82;29.96
1699;2016;Vicente Iborra;2.04;5.39;2.26;0.0;5.97;4.42;86.14;75.23;64.05;45.75;64.42;72.74
1699;2018;Vicente Iborra;1.46;4.11;4.46;0.0;8.59;3.53;84.37;62.43;74.2;46.05;99.25;53.67
1699;2019;Vicente Iborra;0.48;4.39;6.25;0.0;7.65;3.7;51.07;72.15;89.32;46.17;87.72;57.83
1699;2020;Vicente Iborra;0.0;2.47;5.29;0.0;6.09;3.17;22.64;75.71;92.07;44.14;80.57;61.57
1699;2021;Vicente Iborra;0.15;0.99;1.74;0.0;4.65;1.78;49.46;51.21;60.46;43.97;53.75;43.83
1700;2021;Iván Martín;0.0;0.06;0.19;0.0;1.88;0.02;21.72;27.75;33.11;43.97;29.22;28.28
1700;2022;Iván Martín;1.29;3.27;0.94;0.0;4.87;4.87;83.12;79.69;49.79;43.77;50.7;87.68
1700;2023;Iván Martín;2.17;5.39;3.65;0.0;6.07;6.54;86.86;92.25;77.52;43.85;76.9;96.68
1700;2024;Iván Martín;0.35;4.55;2.92;0.0;5.64;4.71;63.98;89.15;74.08;43.69;59.57;93.28
1700;2025;Iván Martín;0.23;4.62;5.6;0.0;7.43;5.01;59.26;87.57;90.81;44.26;94.56;94.56
1701;2018;Manu Morlanes;0.0;8.0;3.33;0.0;6.2;4.58;13.09;91.53;62.9;46.05;66.01;69.87
1701;2019;Manu Morlanes;0.0;6.66;2.02;0.0;4.1;3.15;15.48;89.86;49.02;46.17;44.84;47.69
1701;2021;Manu Morlanes;0.58;1.52;3.44;0.0;5.46;5.46;68.43;59.72;76.41;43.97;68.7;85.19
1701;2022;Manu Morlanes;0.32;0.46;2.08;0.0;4.53;2.22;59.17;38.73;64.5;43.77;46.99;52.1
1701;2023;Manu Morlanes;0.4;2.64;3.84;0.0;6.19;5.86;57.26;74.07;78.84;43.85;80.15;93.08
1701;2024;Manu Morlanes;0.09;2.46;6.35;0.0;6.59;1.82;49.19;71.71;94.71;43.69;76.93;51.56
1701;2025;Manu Morlanes;0.41;2.8;5.19;0.0;6.25;2.74;67.87;74.85;87.65;44.26;79.12;71.47
1702;2015;Alfonso Pedraza;0.21;0.51;0.33;0.0;0.93;0.78;41.19;9.28;27.83;46.1;9.65;20.41
1702;2017;Alfonso Pedraza;1.21;5.3;2.38;0.0;6.26;4.79;77.92;75.94;61.04;45.6;66.61;72.8
1702;2018;Alfonso Pedraza;1.2;4.77;4.52;0.0;5.87;4.54;80.98;70.81;74.58;46.05;56.5;69.21
1702;2019;Alfonso Pedraza;1.17;3.66;4.38;0.0;7.03;5.11;75.18;60.41;71.09;46.17;78.65;81.49
1702;2020;Alfonso Pedraza;0.68;4.16;4.16;0.0;5.75;4.23;77.14;88.43;85.36;44.14;74.0;77.07
1702;2021;Alfonso Pedraza;1.27;3.69;4.1;0.0;5.54;5.11;84.65;84.72;81.64;43.97;70.78;82.24
1702;2022;Alfonso Pedraza;1.02;3.66;3.92;0.0;6.13;3.79;78.78;82.91;81.79;43.77;72.13;74.65
1702;2023;Alfonso Pedraza;1.21;5.63;4.83;0.0;5.95;3.44;76.97;92.95;87.76;43.85;74.2;66.18
1702;2024;Alfonso Pedraza;0.33;3.67;1.55;0.0;4.96;3.49;63.36;83.85;57.67;43.69;49.86;78.02
1702;2025;Alfonso Pedraza;0.36;3.27;4.31;0.0;5.68;4.46;65.74;79.71;83.09;44.26;71.54;91.32
1703;2020;Andrei Rațiu;0.0;0.0;0.0;0.0;0.0;0.0;22.64;10.43;13.07;44.14;10.07;12.93
1703;2023;Andrei Rațiu;0.11;0.83;0.79;0.0;4.23;3.34;44.54;46.27;45.64;43.85;43.91;65.01
1703;2024;Andrei Rațiu;0.77;5.45;5.98;0.0;8.32;6.62;78.7;92.67;92.94;43.69;97.63;99.19
1703;2025;Andrei Rațiu;0.77;5.6;7.21;0.0;7.55;5.79;79.56;91.32;96.4;44.26;95.59;97.43
1704;2015;Bruno Soriano;1.31;5.67;6.56;0.0;7.09;4.63;82.75;80.33;94.99;46.1;77.64;79.04
1704;2016;Bruno Soriano;1.26;7.22;6.58;0.0;6.48;5.04;75.97;89.46;97.23;45.75;79.57;83.18
1704;2019;Bruno Soriano;0.27;4.21;0.73;0.0;4.08;1.5;41.64;68.77;28.29;46.17;44.57;30.52
1705;2015;Manu Trigueros;0.76;4.71;1.93;0.0;6.25;2.76;67.35;68.27;56.96;46.1;55.66;46.38
1705;2016;Manu Trigueros;1.83;8.15;1.07;0.0;6.36;5.55;83.73;92.61;49.54;45.75;76.43;89.37
1705;2017;Manu Trigueros;0.86;9.2;1.17;0.0;6.64;5.88;70.74;94.97;45.96;45.6;74.87;88.6
1705;2018;Manu Trigueros;0.1;6.22;4.29;0.0;5.78;3.6;27.97;82.86;72.32;46.05;54.24;54.61
1705;2019;Manu Trigueros;1.32;8.18;2.9;0.0;5.06;5.19;77.4;94.22;57.12;46.17;55.25;82.56
1705;2020;Manu Trigueros;0.64;6.41;2.99;0.0;5.93;5.93;76.14;95.14;75.14;44.14;77.0;94.29
1705;2021;Manu Trigueros;2.44;4.44;3.2;0.0;5.63;3.84;93.3;89.14;74.6;43.97;72.79;67.76
1705;2022;Manu Trigueros;0.19;2.21;1.54;0.0;4.44;1.56;50.84;68.14;57.84;43.77;46.36;44.4
1705;2023;Manu Trigueros;0.3;0.63;0.63;0.0;3.48;0.05;51.8;42.25;41.84;43.85;36.65;28.35
1706;2017;Carlos Bacca;3.88;5.24;0.02;0.0;4.95;5.41;97.67;75.04;18.85;45.6;38.33;81.33
1706;2018;Carlos Bacca;1.75;3.61;0.49;0.0;3.72;3.68;88.23;56.87;23.16;46.05;24.67;56.03
1706;2019;Carlos Bacca;1.44;1.85;0.32;0.0;3.61;2.22;80.07;31.14;20.64;46.17;39.77;36.74
1706;2020;Carlos Bacca;1.6;0.65;0.78;0.0;3.55;1.91;91.43;43.07;47.0;44.14;39.07;46.57
1706;2021;Carlos Bacca;0.18;1.02;0.18;0.0;3.86;3.52;52.14;51.94;32.84;43.97;42.16;63.81
1707;2015;Gerard Moreno;2.35;4.09;0.56;0.0;6.61;4.35;92.3;60.85;35.62;46.1;65.49;74.77
1707;2016;Gerard Moreno;3.59;5.23;1.0;0.0;7.64;5.39;96.3;74.31;47.87;45.75;96.58;87.89
1707;2017;Gerard Moreno;4.41;5.87;1.03;0.0;9.07;6.72;98.56;80.61;43.9;45.6;99.82;94.08
1707;2018;Gerard Moreno;2.99;5.53;1.64;0.0;6.2;4.68;95.29;77.5;44.26;46.05;66.01;72.22
1707;2019;Gerard Moreno;5.53;7.73;0.76;0.0;5.0;7.08;99.29;92.88;29.0;46.17;54.18;96.44
1707;2020;Gerard Moreno;6.53;7.19;2.1;0.0;7.99;7.69;99.71;96.43;65.71;44.14;98.36;99.29
1707;2021;Gerard Moreno;5.68;8.01;1.24;0.0;6.41;8.28;99.06;97.92;54.76;43.97;86.6;98.53
1707;2022;Gerard Moreno;4.68;4.49;1.55;0.0;6.46;5.86;98.6;88.8;58.26;43.77;79.13;95.31
1707;2023;Gerard Moreno;4.91;8.64;2.8;0.0;6.64;6.61;96.68;98.06;68.67;43.85;88.45;97.3
1707;2024;Gerard Moreno;1.98;4.09;0.69;0.0;6.32;4.55;93.62;87.11;44.98;43.69;70.35;92.47
1707;2025;Gerard Moreno;3.26;6.31;2.34;0.0;5.64;3.39;96.62;93.82;68.53;44.26;70.59;81.4
1708;2017;Dani Raba;0.9;7.66;0.79;0.0;6.12;5.81;71.1;90.66;38.96;45.6;63.11;87.43
1708;2018;Dani Raba;0.0;4.52;1.11;0.0;3.02;0.88;13.09;66.67;34.27;46.05;19.4;23.54
1708;2020;Dani Raba;0.1;0.43;0.02;0.0;3.52;2.86;49.64;37.36;26.36;44.14;38.57;57.79
1708;2021;Dani Raba;0.0;0.48;0.34;0.0;2.36;0.6;21.72;39.48;37.8;43.97;31.77;35.79
1708;2024;Dani Raba;2.25;6.77;2.91;0.0;7.42;5.8;95.05;96.61;73.95;43.69;89.21;97.42
1708;2025;Dani Raba;0.11;0.81;1.22;0.0;2.89;1.45;51.18;47.57;53.38;44.26;38.38;53.46
1709;2018;Karl Toko Ekambi;3.27;4.1;0.9;0.0;5.78;6.08;96.05;62.15;30.98;46.05;54.24;89.64
1709;2019;Karl Toko Ekambi;4.7;3.83;0.89;0.0;0.0;5.1;98.58;62.63;32.3;46.17;11.57;81.23
1738;2024;Borna Barišić;0.0;0.0;0.0;0.0;0.0;0.0;22.46;11.53;15.2;43.69;11.06;13.7
1825;2020;Lucas Torró;0.75;1.8;5.12;0.0;7.78;4.26;80.43;65.21;90.86;44.14;97.71;77.5
1825;2021;Lucas Torró;0.93;1.92;8.0;0.0;8.75;6.84;78.42;66.89;98.12;43.97;99.2;94.91
1825;2022;Lucas Torró;0.51;1.93;5.41;0.0;7.84;3.84;65.41;65.13;92.09;43.77;95.52;75.56
1825;2023;Lucas Torró;0.94;1.45;3.41;0.0;6.06;4.28;71.16;55.05;74.62;43.85;76.69;78.15
1825;2024;Lucas Torró;0.84;1.99;7.6;0.0;10.0;3.34;80.12;65.54;98.37;43.69;100.0;74.56
1825;2025;Lucas Torró;0.46;2.6;4.43;0.0;8.17;2.98;70.51;72.94;84.12;44.26;98.24;74.19
1826;2024;Sébastien Haller;0.19;0.4;0.32;0.0;6.33;1.08;54.61;37.79;37.72;43.69;70.69;44.17
1828;2019;Luka Jović;1.12;3.09;0.36;0.0;2.8;3.26;73.93;50.71;21.26;46.17;34.79;50.0
1828;2020;Luka Jović;0.19;0.7;0.0;0.0;2.99;2.01;54.5;43.79;13.07;44.14;35.29;47.29
1828;2021;Luka Jović;0.65;1.47;0.11;0.0;3.14;2.15;69.97;58.98;31.5;43.97;35.52;48.32
1830;2022;Gonçalo Paciência;1.17;0.73;0.45;0.0;5.06;2.13;81.16;43.14;40.97;43.77;53.36;51.12
1830;2023;Gonçalo Paciência;0.0;0.0;0.0;0.0;0.0;0.0;21.85;10.1;13.69;43.85;9.68;12.86
1839;2016;Riza Durmisi;0.5;9.25;2.36;0.0;5.95;4.96;51.02;95.75;64.88;45.75;64.05;81.52
1839;2017;Riza Durmisi;0.87;5.75;1.91;0.0;5.31;2.63;70.92;79.35;57.09;45.6;44.17;38.69
1847;2022;Luiz Felipe;0.11;1.45;6.64;0.0;6.38;2.41;46.22;56.79;96.36;43.77;77.1;54.69
1847;2023;Luiz Felipe;0.0;0.88;3.36;0.0;1.96;0.06;21.85;46.89;73.58;43.85;28.77;30.01
1847;2025;Luiz Felipe;0.2;0.58;2.06;0.0;3.56;0.0;56.76;43.31;66.1;44.26;44.04;15.22
1854;2016;Joaquín Correa;1.81;3.15;0.46;0.0;6.07;5.82;83.55;45.1;34.57;45.75;67.38;91.4
1854;2017;Joaquín Correa;0.8;6.33;0.0;0.0;6.88;6.88;69.21;82.59;9.25;45.6;82.41;94.34
1859;2015;Luis Alberto;2.88;6.95;0.3;0.0;6.2;4.55;94.43;87.57;26.53;46.1;54.27;77.83
1861;2015;Felipe Caicedo;2.35;2.93;0.05;0.0;6.81;5.5;92.3;43.78;15.68;46.1;69.94;89.89
1861;2016;Felipe Caicedo;0.84;1.71;0.0;0.0;5.03;3.37;63.96;25.69;9.98;45.75;41.5;53.97
1863;2015;Ciro Immobile;2.14;0.77;0.0;0.0;3.12;0.93;91.09;13.36;7.61;46.1;18.55;21.52
1899;2015;Aymen Abdennour;0.19;2.91;6.21;0.0;6.94;3.95;37.38;43.32;94.06;46.1;73.1;68.74
1899;2016;Aymen Abdennour;0.0;2.28;6.18;0.0;5.44;1.72;14.7;32.16;95.75;45.75;50.18;32.16
1901;2022;Jordan Amavi;0.0;0.02;0.33;0.0;4.31;0.04;21.22;25.63;37.61;43.77;44.33;30.04
1902;2025;Duje Ćaleta-Car;0.11;1.87;3.04;0.0;5.76;0.14;51.18;63.31;73.97;44.26;73.09;38.16
1906;2015;Adil Rami;0.23;2.65;3.16;0.0;6.18;2.23;44.16;39.52;69.02;46.1;53.43;39.33
1906;2016;Adil Rami;0.21;2.95;3.47;0.0;5.89;2.21;35.95;41.4;74.95;45.75;61.65;38.63
1911;2019;Lucas Ocampos;5.38;4.78;4.2;0.0;6.92;6.54;99.11;75.27;69.31;46.17;76.42;94.4
1911;2020;Lucas Ocampos;2.11;5.02;3.18;0.0;7.73;7.42;94.57;92.86;76.29;44.14;97.43;98.86
1911;2021;Lucas Ocampos;2.73;3.56;3.28;0.0;6.91;5.39;93.97;83.78;75.2;43.97;91.69;84.45
1911;2022;Lucas Ocampos;2.21;2.64;2.22;0.0;7.36;4.84;91.18;73.18;65.62;43.77;91.39;87.32
1911;2023;Lucas Ocampos;3.4;4.94;4.93;0.0;8.52;6.09;93.78;89.63;89.14;43.85;99.03;93.98
1911;2024;Lucas Ocampos;0.46;2.0;0.63;0.0;1.58;0.6;67.84;65.81;43.76;43.69;28.63;37.99
1920;2023;Nemanja Radonjić;1.79;1.91;0.96;0.0;5.63;6.5;83.47;62.79;48.27;43.85;67.22;96.54
1926;2019;Joseph Aidoo;0.09;3.01;6.62;0.0;6.64;3.69;31.58;49.91;92.17;46.17;73.31;57.56
1926;2020;Joseph Aidoo;0.0;0.7;3.16;0.0;5.43;1.76;22.64;43.79;76.0;44.14;68.21;45.0
1926;2021;Joseph Aidoo;0.08;2.02;5.91;0.0;6.49;4.11;45.17;68.63;92.09;43.97;87.33;70.84
1926;2022;Joseph Aidoo;0.73;1.93;5.73;0.0;7.24;4.03;72.62;65.13;93.98;43.77;89.64;77.73
1926;2023;Joseph Aidoo;0.0;0.82;2.8;0.0;5.0;2.11;21.85;45.99;68.67;43.85;55.26;48.82
1926;2024;Joseph Aidoo;0.0;0.79;1.78;0.0;3.1;0.58;22.46;46.95;60.38;43.69;34.67;37.72
1926;2025;Joseph Aidoo;0.0;0.21;1.45;0.0;3.82;1.14;24.41;32.57;58.24;44.26;47.43;49.41
1977;2015;Adriano;0.0;5.87;2.19;0.0;4.48;2.65;14.66;81.26;59.18;46.1;27.37;44.53
1983;2015;Enzo Roco;0.45;1.81;3.72;0.0;5.29;2.83;54.17;26.9;74.21;46.1;36.73;47.59
1983;2021;Enzo Roco;0.42;1.23;5.95;0.0;6.1;2.68;64.01;54.89;92.23;43.97;82.44;53.82
1983;2022;Enzo Roco;0.25;0.63;3.95;0.0;6.49;2.21;54.69;41.6;82.07;43.77;80.39;51.96
2001;2022;Cyle Larin;5.0;4.19;1.0;0.0;7.18;3.59;99.3;86.76;50.77;43.77;89.08;71.01
2001;2023;Cyle Larin;3.32;1.56;1.25;0.0;6.5;3.47;93.08;56.98;52.21;43.85;85.82;66.87
2001;2024;Cyle Larin;1.86;1.3;0.78;0.0;6.42;2.18;93.01;56.65;46.81;43.69;72.32;57.26
2032;2022;Jørgen Strand Larsen;1.94;2.23;0.97;0.0;6.29;3.87;89.5;68.49;50.35;43.77;75.21;75.91
2032;2023;Jørgen Strand Larsen;6.32;3.22;0.98;0.0;6.98;4.69;98.06;79.25;48.48;43.85;93.08;83.2
2034;2018;Javier Díaz;0.0;0.04;0.0;0.38;0.0;0.0;13.09;1.69;4.99;92.66;0.56;3.58
2034;2020;Javier Díaz;0.0;0.0;0.0;5.0;0.0;0.0;22.64;10.43;13.07;93.36;10.07;12.93
2034;2021;Javier Díaz;0.0;0.02;0.0;5.69;0.0;0.0;21.72;24.46;14.28;95.17;10.99;13.4
2036;2018;Juan Soriano;0.0;0.17;0.0;3.42;1.41;0.05;13.09;3.95;4.99;94.26;12.81;9.32
2036;2019;Juan Soriano;0.24;0.34;0.0;3.46;0.0;0.05;38.26;9.96;6.58;95.73;11.57;11.74
2036;2024;Juan Soriano;0.0;0.05;0.0;8.18;3.93;0.04;22.46;29.1;15.2;98.3;40.5;31.14
2037;2018;Tomáš Vaclík;0.0;0.53;0.0;5.71;5.32;1.09;13.09;9.32;4.99;96.99;44.63;27.02
2037;2019;Tomáš Vaclík;0.0;0.8;0.05;8.26;0.0;0.05;15.48;18.51;14.32;98.75;11.57;11.74
2037;2020;Tomáš Vaclík;0.0;0.07;0.0;6.87;1.1;0.02;22.64;27.57;13.07;97.29;25.36;26.5
2038;2017;Guilherme Arana;0.0;0.86;2.36;0.0;1.36;0.1;14.99;18.13;60.59;45.6;15.44;14.72
2038;2018;Guilherme Arana;0.43;1.76;3.75;0.0;4.78;2.1;51.6;27.87;67.61;46.05;36.82;36.35
2039;2024;Juan Berrocal;0.0;0.34;1.82;0.0;5.53;0.02;22.46;35.82;61.26;43.69;57.8;28.36
2040;2015;Sergio Escudero;1.0;5.66;3.17;0.0;7.85;5.17;75.97;80.06;69.2;46.1;90.91;88.03
2040;2016;Sergio Escudero;0.95;6.85;3.65;0.0;7.93;6.0;67.74;87.99;78.93;45.75;97.6;93.16
2040;2017;Sergio Escudero;0.31;5.06;8.99;0.0;8.2;5.61;47.94;73.07;99.1;45.6;97.31;84.02
2040;2018;Sergio Escudero;0.2;4.75;5.19;0.0;6.47;4.24;34.18;70.15;80.41;46.05;71.37;65.07
2040;2019;Sergio Escudero;1.98;4.89;7.63;0.0;4.23;2.41;86.65;76.78;96.62;46.17;45.91;39.32
2040;2020;Sergio Escudero;0.32;1.59;1.93;0.0;4.51;1.63;64.21;62.21;64.14;44.14;51.71;43.43
2040;2021;Sergio Escudero;0.78;2.27;5.14;0.0;5.97;1.78;73.53;71.45;87.53;43.97;81.03;43.83
2040;2022;Sergio Escudero;0.95;2.2;4.01;0.0;5.94;2.78;77.73;67.79;82.63;43.77;68.42;60.92
2041;2018;Joris Gnagnon;0.21;3.08;4.2;0.0;4.85;2.38;37.85;46.23;70.9;46.05;37.57;38.61
2041;2020;Joris Gnagnon;0.0;0.0;0.0;0.0;0.0;0.0;22.64;10.43;13.07;44.14;10.07;12.93
2042;2015;Sergi Gómez;0.0;3.35;6.97;0.0;6.33;2.94;14.66;50.56;96.75;46.1;57.88;49.91
2042;2016;Sergi Gómez;0.09;3.25;5.49;0.0;5.83;2.04;30.13;47.23;92.14;45.75;59.61;36.32
2042;2017;Sergi Gómez;0.26;3.81;7.08;0.0;6.43;0.89;45.6;55.92;93.81;45.6;69.57;22.62
2042;2018;Sergi Gómez;0.2;3.23;6.84;0.0;6.37;0.11;34.18;49.25;93.79;46.05;69.3;15.25
2042;2019;Sergi Gómez;0.0;3.44;3.66;0.0;4.76;1.12;15.48;56.94;65.39;46.17;51.51;26.6
2042;2020;Sergi Gómez;0.0;0.93;0.68;0.0;3.88;0.02;22.64;49.5;45.07;44.14;43.29;26.5
2042;2021;Sergi Gómez;0.39;1.88;6.03;0.0;5.1;1.26;62.27;66.09;92.69;43.97;62.4;39.41
2042;2022;Sergi Gómez;0.25;1.57;4.98;0.0;6.44;0.13;54.69;58.54;89.57;43.77;78.71;33.75
2042;2024;Sergi Gómez;0.06;0.31;1.4;0.0;3.68;0.01;46.27;35.07;56.17;43.69;38.67;27.75
2043;2015;Daniel Carriço;0.76;3.06;3.81;0.0;5.97;0.99;67.35;46.47;74.4;46.1;49.54;22.17
2043;2016;Daniel Carriço;0.0;1.75;2.42;0.0;2.34;1.3;14.7;26.62;65.25;45.75;16.64;27.17
2043;2017;Daniel Carriço;0.0;2.17;4.58;0.0;3.12;0.0;14.99;34.11;78.73;45.6;21.36;4.67
2043;2018;Daniel Carriço;0.36;3.13;5.17;0.0;6.39;4.05;47.46;47.36;79.94;46.05;69.87;62.34
2043;2019;Daniel Carriço;0.0;4.1;2.67;0.0;0.0;2.75;15.48;67.17;55.87;46.17;11.57;42.88
2044;2016;Gabriel Mercado;0.93;3.06;3.38;0.0;5.84;2.47;67.1;43.16;73.94;45.75;60.26;41.59
2044;2017;Gabriel Mercado;0.56;3.79;5.35;0.0;6.39;2.54;61.04;55.48;84.56;45.6;68.76;37.7
2044;2018;Gabriel Mercado;0.75;2.56;5.12;0.0;6.36;1.34;67.14;38.04;78.72;46.05;68.83;30.13
2045;2017;Simon Kjær;0.63;2.86;4.85;0.0;6.73;1.3;64.72;43.27;81.33;45.6;78.28;27.92
2045;2018;Simon Kjær;0.25;3.21;6.71;0.0;6.72;0.27;41.53;48.87;93.41;46.05;77.02;17.33
2047;2015;Aleix Vidal;0.0;6.32;1.8;0.0;4.2;2.0;14.66;83.49;55.38;46.1;25.42;36.36
2047;2016;Aleix Vidal;1.8;5.11;2.03;0.0;3.03;2.2;83.36;73.11;60.72;45.75;19.96;38.35
2047;2017;Aleix Vidal;1.12;3.86;1.42;0.0;4.12;1.9;76.3;57.0;50.27;45.6;28.37;32.23
2047;2018;Aleix Vidal;0.97;7.17;2.27;0.0;4.96;2.2;73.35;87.38;51.51;46.05;39.27;37.29
2047;2019;Aleix Vidal;1.32;8.0;2.52;0.0;4.87;4.67;77.4;93.42;53.91;46.17;53.38;74.47
2047;2020;Aleix Vidal;0.0;1.57;1.32;0.0;5.0;2.13;22.64;61.21;55.0;44.14;60.21;48.57
2047;2021;Aleix Vidal;0.63;3.94;3.78;0.0;5.41;3.45;69.57;86.46;78.42;43.97;68.03;62.67
2047;2022;Aleix Vidal;0.19;2.67;1.25;0.0;4.02;2.06;50.84;73.53;53.15;43.77;40.41;49.79
2048;2018;Maximilian Wöber;0.21;3.4;3.49;0.0;4.13;0.9;37.85;52.54;64.12;46.05;28.63;24.01
2049;2018;Ibrahim Amadou;0.25;3.0;4.34;0.0;6.18;3.46;41.53;44.73;72.69;46.05;64.97;52.92
2049;2019;Ibrahim Amadou;0.27;2.69;5.86;0.0;8.44;3.3;41.64;44.22;85.68;46.17;94.75;50.98
2050;2015;Éver Banega;2.49;10.0;0.58;0.0;7.6;6.66;93.32;98.24;35.81;46.1;86.46;97.22
2050;2017;Éver Banega;1.28;10.0;0.04;0.0;7.96;8.79;79.71;98.03;19.57;45.6;96.14;99.64
2050;2018;Éver Banega;1.07;10.0;4.18;0.0;7.63;7.93;76.37;98.59;70.53;46.05;94.16;99.06
2050;2019;Éver Banega;1.32;10.0;2.63;0.0;6.18;7.64;77.4;98.58;55.43;46.17;68.68;98.58
2051;2018;Maxime Gonalons;0.0;4.34;2.04;0.0;6.01;4.7;13.09;65.16;49.53;46.05;60.36;72.79
2051;2019;Maxime Gonalons;0.58;3.4;8.22;0.0;0.0;4.93;54.98;56.05;98.13;46.17;11.57;78.65
2051;2020;Maxime Gonalons;0.09;1.98;5.67;0.0;7.0;4.88;49.07;67.5;94.14;44.14;93.57;84.71
2051;2021;Maxime Gonalons;0.23;3.07;5.64;0.0;6.9;5.49;54.22;79.83;90.88;43.97;91.55;85.66
2053;2015;Roque Mesa;0.57;6.05;1.59;0.0;6.79;5.6;59.28;82.56;52.6;46.1;69.57;91.37
2053;2016;Roque Mesa;0.64;7.35;1.61;0.0;6.02;6.23;56.1;90.39;56.01;45.75;65.99;93.81
2053;2017;Roque Mesa;0.0;4.53;3.51;0.0;3.88;2.32;14.99;66.7;69.48;45.6;26.48;35.55
2053;2018;Roque Mesa;0.76;5.94;2.08;0.0;5.59;5.16;67.42;80.41;50.0;46.05;51.13;78.72
2053;2019;Roque Mesa;1.12;6.57;2.87;0.0;4.51;6.34;73.93;89.32;56.85;46.17;48.58;92.7
2053;2020;Roque Mesa;0.53;2.79;3.68;0.0;6.45;6.57;72.36;79.14;81.5;44.14;87.07;97.29
2053;2022;Roque Mesa;1.11;3.01;1.92;0.0;5.18;3.76;79.83;77.24;62.89;43.77;55.04;74.16
2054;2017;Jesús Navas;0.56;6.51;2.7;0.0;5.59;4.29;61.04;83.03;63.46;45.6;49.1;63.64
2054;2018;Jesús Navas;0.94;8.4;3.52;0.0;5.88;6.32;73.07;93.03;64.78;46.05;56.87;93.03
2054;2019;Jesús Navas;0.14;10.0;3.23;0.0;6.0;5.16;33.81;98.58;60.5;46.17;66.55;81.85
2054;2020;Jesús Navas;0.13;9.8;3.91;0.0;6.03;5.2;51.14;99.14;83.57;44.14;79.0;89.07
2054;2021;Jesús Navas;0.11;7.79;3.13;0.0;4.82;2.83;48.32;97.18;73.93;43.97;57.31;55.09
2054;2022;Jesús Navas;0.24;3.63;2.59;0.0;5.91;3.96;53.01;82.77;69.96;43.77;67.93;76.75
2054;2023;Jesús Navas;0.26;4.1;4.49;0.0;5.86;4.55;50.35;85.48;85.55;43.85;72.89;80.91
2054;2024;Jesús Navas;0.51;2.49;0.91;0.0;4.79;2.63;69.47;72.12;49.73;43.69;47.08;63.91
2055;2018;Marko Rog;0.0;4.52;3.24;0.0;6.2;5.67;13.09;66.67;61.58;46.05;66.01;85.78
2056;2015;Pablo Sarabia;3.25;10.0;1.03;0.0;7.27;5.69;95.64;98.24;44.62;46.1;80.89;92.12
2056;2016;Pablo Sarabia;2.52;8.86;0.9;0.0;5.43;4.05;90.39;94.92;45.47;45.75;49.72;65.34
2056;2017;Pablo Sarabia;2.4;8.15;1.91;0.0;5.19;4.05;92.82;91.56;57.09;45.6;42.28;58.89
2056;2018;Pablo Sarabia;3.56;10.0;1.62;0.0;5.59;4.43;97.74;98.59;43.88;46.05;51.13;67.51
2057;2016;Franco Vázquez;2.55;6.59;0.0;0.0;7.55;5.2;90.94;86.51;9.98;45.75;95.29;85.3
2057;2017;Franco Vázquez;1.47;8.42;1.12;0.0;7.09;5.76;83.66;92.46;45.06;45.6;85.46;86.89
2057;2018;Franco Vázquez;0.88;6.22;3.01;0.0;7.75;6.29;71.56;82.86;59.7;46.05;95.1;92.66
2057;2019;Franco Vázquez;1.14;4.02;1.5;0.0;3.7;5.35;74.47;66.01;41.19;46.17;40.75;85.05
2057;2020;Franco Vázquez;0.19;0.31;0.26;0.0;3.96;1.89;54.5;33.36;34.43;44.14;43.86;46.14
2058;2015;Nolito;4.21;10.0;1.21;0.0;8.14;6.4;97.59;98.24;48.24;46.1;94.25;96.1
2058;2017;Nolito;1.81;6.91;1.48;0.0;5.92;4.5;87.43;86.54;51.17;45.6;57.27;66.43
2058;2018;Nolito;0.21;0.45;0.4;0.0;1.2;0.47;37.85;7.91;21.19;46.05;11.68;18.74
2058;2019;Nolito;2.86;4.15;1.56;0.0;1.69;3.31;92.53;67.7;42.26;46.17;30.25;51.6
2058;2020;Nolito;2.32;5.05;4.47;0.0;6.3;4.77;95.43;93.07;87.93;44.14;84.5;83.36
2058;2021;Nolito;1.06;1.82;1.73;0.0;4.35;4.13;81.03;64.48;59.99;43.97;49.33;71.31
2059;2016;Wissam Ben Yedder;3.27;5.04;0.48;0.0;3.74;2.55;94.82;71.63;34.94;45.75;24.49;42.61
2059;2017;Wissam Ben Yedder;3.85;6.31;0.31;0.0;4.76;4.1;97.49;82.41;27.2;45.6;36.54;60.59
2059;2018;Wissam Ben Yedder;4.52;7.71;1.45;0.0;5.71;5.6;98.87;90.21;41.24;46.05;52.82;84.84
2060;2015;Munir El Haddadi;1.71;5.06;1.85;0.0;4.82;2.5;86.46;72.17;56.22;46.1;30.8;42.12
2060;2016;Munir El Haddadi;0.99;2.68;0.94;0.0;2.91;1.89;69.04;38.35;46.4;45.75;19.22;34.47
2060;2017;Munir El Haddadi;2.73;6.9;0.72;0.0;7.47;6.0;95.51;86.36;36.89;45.6;93.09;90.13
2060;2018;Munir El Haddadi;1.72;3.6;1.25;0.0;4.39;3.13;87.95;56.69;37.57;46.05;31.64;47.36
2060;2019;Munir El Haddadi;3.38;5.16;2.13;0.0;6.54;5.49;96.35;79.0;50.18;46.17;72.6;86.12
2060;2020;Munir El Haddadi;1.36;1.85;0.87;0.0;4.57;3.87;89.14;65.86;49.36;44.14;53.43;71.71
2060;2021;Munir El Haddadi;0.97;0.88;0.71;0.0;3.69;1.4;79.56;48.93;45.91;43.97;40.68;41.82
2060;2022;Munir El Haddadi;0.73;1.07;0.71;0.0;3.01;1.76;72.62;50.49;46.36;43.77;32.91;46.36
2060;2023;Munir El Haddadi;1.81;3.11;2.75;0.0;6.54;4.43;83.82;78.35;67.84;43.85;86.72;79.53
2060;2024;Munir El Haddadi;1.23;1.1;0.69;0.0;5.6;2.69;87.92;53.39;44.98;43.69;58.96;65.4
2061;2018;Bryan Gil;0.58;2.43;0.8;0.0;4.48;3.67;59.32;35.78;29.19;46.05;32.96;55.74
2061;2019;Bryan Gil;0.68;2.73;0.88;0.0;2.52;2.39;58.72;45.11;32.03;46.17;34.16;38.97
2061;2020;Bryan Gil;0.95;4.1;1.57;0.0;3.73;3.73;83.86;87.79;59.43;44.14;41.57;69.29
2061;2021;Bryan Gil;0.39;3.2;1.49;0.0;5.77;5.67;62.27;81.43;57.37;43.97;76.34;87.67
2061;2022;Bryan Gil;1.21;2.64;2.87;0.0;6.44;5.06;82.0;73.18;72.13;43.77;78.71;90.2
2061;2024;Bryan Gil;1.94;4.7;3.55;0.0;7.66;5.58;93.42;89.69;79.38;43.69;91.45;97.01
2061;2025;Bryan Gil;0.38;3.96;2.21;0.0;6.28;4.37;66.84;84.41;67.65;44.26;80.15;91.03
2062;2018;Quincy Promes;0.65;6.13;3.5;0.0;5.41;4.74;64.12;81.54;64.5;46.05;47.18;73.54
2063;2018;André Silva;3.56;5.11;0.34;0.0;6.37;3.05;97.74;73.54;20.06;46.05;69.3;45.86
2063;2023;André Silva;1.64;0.77;0.11;0.0;3.34;1.79;82.02;45.16;29.53;43.85;35.75;45.71
2063;2025;André Silva;2.16;3.44;0.47;0.0;5.18;4.47;92.5;81.4;41.76;44.26;64.26;91.47
2083;2015;Wanderson;0.32;2.91;0.86;0.0;5.9;5.79;48.42;43.32;40.82;46.1;47.4;93.04
2098;2015;Guillermo Ochoa;0.0;0.5;0.42;7.14;3.57;0.0;14.66;9.09;32.19;97.4;20.96;2.97
2098;2016;Guillermo Ochoa;0.0;0.91;0.04;5.61;3.82;0.03;14.7;15.71;20.89;96.86;25.14;7.58
2112;2016;Mehdi Carcela-González;2.57;4.15;2.09;0.0;7.33;7.88;91.13;60.07;61.37;45.75;93.81;98.71
2115;2015;Alen Halilović;1.19;5.3;0.12;0.0;6.59;7.16;79.59;75.7;18.65;46.1;64.66;98.52
2115;2016;Alen Halilović;0.88;6.02;0.44;0.0;5.39;6.89;65.06;81.52;34.1;45.75;48.71;96.49
2115;2017;Alen Halilović;1.99;5.81;0.81;0.0;5.75;6.33;89.77;79.89;39.32;45.6;52.87;92.28
2116;2017;Maxime Lestienne;0.17;4.93;1.66;0.0;3.99;3.98;37.79;71.36;54.31;45.6;27.02;57.0
2128;2015;Miguel Lopes;0.33;3.26;4.99;0.0;8.18;4.83;49.07;48.7;85.53;46.1;94.62;82.19
2157;2016;Denys Boyko;0.0;0.14;0.0;0.27;0.0;0.0;14.7;5.73;9.98;92.61;1.39;3.6
2182;2022;Viktor Tsygankov;2.05;8.86;1.42;0.0;5.69;5.2;90.13;98.18;55.74;43.77;64.01;91.04
2182;2023;Viktor Tsygankov;4.09;6.6;3.03;0.0;6.26;5.01;95.3;95.3;69.99;43.85;81.88;87.48
2182;2024;Viktor Tsygankov;1.16;6.32;2.55;0.0;5.88;3.4;86.5;94.71;70.49;43.69;62.82;76.12
2182;2025;Viktor Tsygankov;2.76;6.17;4.35;0.0;6.68;3.53;95.37;93.38;83.38;44.26;85.59;82.94
2202;2023;Hamari Traoré;0.23;5.14;5.04;0.0;6.18;4.85;49.72;90.53;89.9;43.85;79.81;84.99
2202;2024;Hamari Traoré;0.0;1.78;3.69;0.0;5.83;2.53;22.46;62.62;80.12;43.69;62.28;62.28
2202;2025;Hamari Traoré;0.0;0.0;0.0;0.0;0.0;0.0;24.41;12.5;15.81;44.26;12.28;15.22
2205;2019;Hatem Ben Arfa;0.0;1.01;0.0;0.0;0.96;2.53;15.48;21.98;6.58;46.17;28.11;40.04
2207;2021;Eduardo Camavinga;0.78;2.86;4.28;0.0;6.53;5.59;73.53;78.02;82.98;43.97;87.73;87.13
2207;2022;Eduardo Camavinga;0.24;4.43;4.66;0.0;8.04;6.1;53.01;88.1;87.54;43.77;96.5;96.78
2207;2023;Eduardo Camavinga;0.87;4.84;8.1;0.0;8.34;7.45;70.26;89.21;98.96;43.85;98.89;98.48
2207;2024;Eduardo Camavinga;0.46;4.44;7.25;0.0;8.46;4.72;67.84;88.81;97.49;43.69;98.58;93.49
2207;2025;Eduardo Camavinga;0.57;3.44;5.62;0.0;7.21;4.8;74.71;81.4;91.03;44.26;92.72;93.53
2208;2021;Clément Grenier;0.88;0.5;0.13;0.0;0.86;0.0;77.21;40.08;31.84;43.97;25.74;13.4
2208;2022;Clément Grenier;0.16;1.56;1.43;0.0;4.52;2.24;48.39;58.33;56.23;43.77;46.57;52.45
2230;2015;Antonio Rukavina;0.0;2.3;3.9;0.0;5.48;2.32;14.66;34.32;75.42;46.1;40.17;40.45
2230;2016;Antonio Rukavina;0.0;1.46;0.9;0.0;1.29;0.0;14.7;21.72;45.47;45.75;11.28;3.6
2230;2017;Antonio Rukavina;0.0;3.6;3.6;0.0;4.83;0.93;14.99;53.5;70.47;45.6;37.16;23.16
2273;2016;Kepa Arrizabalaga;0.0;1.12;0.15;5.7;4.1;1.93;14.7;17.19;25.14;97.23;28.0;35.03
2273;2017;Kepa Arrizabalaga;0.0;1.07;0.0;9.51;4.52;0.12;14.99;20.47;9.25;99.28;33.21;15.62
2273;2023;Kepa Arrizabalaga;0.0;0.22;0.0;8.99;3.2;0.03;21.85;30.71;13.69;99.38;34.85;27.25
2278;2022;Marcos Alonso;0.33;2.18;2.1;0.0;6.11;2.04;59.87;67.58;64.85;43.77;71.99;49.3
2278;2023;Marcos Alonso;0.36;1.28;0.98;0.0;3.92;2.48;54.84;52.14;48.48;43.85;40.66;53.11
2278;2024;Marcos Alonso;1.41;6.68;4.8;0.0;8.13;4.54;89.48;96.2;88.13;43.69;96.47;92.13
2278;2025;Marcos Alonso;0.51;5.39;6.11;0.0;6.85;3.43;72.65;90.74;92.65;44.26;88.31;82.28
2280;2023;César Azpilicueta;0.26;3.67;3.51;0.0;5.05;1.07;50.35;82.64;75.66;43.85;55.95;38.45
2280;2024;César Azpilicueta;0.3;1.14;2.22;0.0;5.9;1.0;61.26;53.87;66.49;43.69;63.3;42.4
2280;2025;César Azpilicueta;0.0;1.93;7.68;0.0;5.76;1.22;24.41;64.26;97.79;44.26;73.09;50.66
2282;2022;Andreas Christensen;0.75;4.33;4.21;0.0;6.37;0.14;72.97;87.32;84.8;43.77;76.61;34.03
2282;2023;Andreas Christensen;0.85;3.37;3.19;0.0;5.77;2.18;69.78;80.57;71.02;43.85;70.47;49.65
2282;2024;Andreas Christensen;0.0;1.35;1.63;0.0;5.75;0.0;22.46;57.33;59.16;43.69;61.33;13.7
2282;2025;Andreas Christensen;0.0;1.43;1.36;0.0;5.2;0.13;24.41;57.28;56.62;44.26;64.71;37.94
2285;2022;Antonio Rüdiger;0.49;2.16;3.09;0.0;5.88;2.37;64.71;67.23;74.09;43.77;67.51;54.06
2285;2023;Antonio Rüdiger;0.45;2.79;3.55;0.0;5.8;1.0;58.3;75.1;76.42;43.85;71.78;37.34
2285;2024;Antonio Rüdiger;0.31;3.95;3.09;0.0;6.58;2.2;61.94;86.16;75.51;43.69;76.59;57.67
2285;2025;Antonio Rüdiger;0.0;3.07;2.9;0.0;4.8;0.05;24.41;77.94;72.87;44.26;58.24;33.53
2291;2015;Mateo Kovačić;0.26;7.36;0.82;0.0;5.97;4.91;46.29;89.61;40.45;46.1;49.54;83.67
2291;2016;Mateo Kovačić;0.59;6.72;1.4;0.0;7.32;8.58;53.79;87.43;53.7;45.75;93.53;99.45
2291;2017;Mateo Kovačić;0.2;7.14;1.66;0.0;6.72;7.75;40.04;88.15;54.31;45.6;77.83;98.11
2296;2019;Eden Hazard;2.56;9.1;1.33;0.0;7.76;10.0;90.75;95.91;38.97;46.17;88.79;99.82
2296;2020;Eden Hazard;1.7;3.29;0.78;0.0;5.4;5.14;92.71;84.29;47.0;44.14;67.71;88.07
2296;2021;Eden Hazard;0.7;4.3;0.48;0.0;5.72;7.15;71.11;88.27;40.82;43.97;75.54;95.71
2296;2022;Eden Hazard;0.08;1.13;0.03;0.0;4.38;1.66;43.63;51.4;29.34;43.77;45.8;45.31
2304;2015;Yegor Filipenko;0.0;0.82;4.81;0.0;4.93;0.15;14.66;14.29;83.12;46.1;32.28;14.56
2358;2015;José Ángel Crespo;0.21;2.28;5.55;0.0;6.17;1.27;41.19;33.86;90.72;46.1;53.06;27.27
2361;2016;Sverrir Ingi Ingason;0.4;2.41;4.53;0.0;6.55;0.24;45.56;34.2;86.14;45.75;80.22;14.6
2366;2016;Alin Toșca;0.0;1.79;4.63;0.0;6.21;4.12;14.7;26.99;87.06;45.75;71.44;66.91
2366;2017;Alin Toșca;0.0;1.51;1.28;0.0;3.63;1.35;14.99;25.67;47.85;45.6;24.96;28.73
2369;2015;José Alberto Cañas;0.0;3.61;2.53;0.0;5.32;0.42;14.66;54.27;63.17;46.1;37.38;18.92
2418;2021;Luis Abram;0.15;0.26;1.74;0.0;3.63;0.12;49.46;32.71;60.46;43.97;39.95;32.57
2419;2018;Luis Advíncula;0.53;4.91;4.24;0.0;7.17;6.95;56.78;72.32;71.47;46.05;88.89;96.52
2421;2022;Alexander Callens;0.0;0.25;0.72;0.0;2.64;0.04;21.22;32.84;46.85;43.77;31.51;30.04
2433;2020;Renato Tapia;0.35;2.86;9.19;0.0;8.26;5.89;65.64;80.0;99.57;44.14;98.71;93.86
2433;2021;Renato Tapia;0.28;1.44;5.48;0.0;6.13;2.9;57.31;58.58;89.48;43.97;83.24;56.23
2433;2022;Renato Tapia;0.25;1.84;4.59;0.0;6.38;3.63;54.69;62.96;87.25;43.77;77.1;72.13
2433;2023;Renato Tapia;0.13;1.56;4.77;0.0;7.22;6.48;46.06;56.98;87.34;43.85;94.4;96.33
2433;2024;Renato Tapia;0.54;1.64;6.86;0.0;7.73;4.38;70.08;61.06;96.54;43.69;92.54;89.82
2444;2015;Roberto Rosales;0.19;4.89;3.5;0.0;7.87;4.76;37.38;70.5;72.63;46.1;91.74;80.33
2444;2016;Roberto Rosales;0.49;7.05;3.9;0.0;6.9;4.03;50.18;88.91;80.41;45.75;87.62;64.79
2444;2017;Roberto Rosales;0.48;7.74;5.66;0.0;7.12;3.85;57.09;90.84;86.45;45.6;86.8;54.85
2444;2018;Roberto Rosales;1.12;4.87;5.74;0.0;7.23;3.93;78.53;71.75;85.31;46.05;89.74;60.08
2444;2019;Roberto Rosales;0.11;5.54;5.5;0.0;4.66;3.24;32.21;82.38;83.19;46.17;50.36;49.38
2445;2016;Mikel Villanueva;0.3;1.61;7.6;0.0;4.75;3.27;41.22;23.94;99.35;45.75;36.6;51.11
2446;2015;Juanpi Añor;1.4;5.53;0.59;0.0;6.39;4.84;83.3;78.11;36.27;46.1;59.55;82.75
2446;2016;Juanpi Añor;1.64;7.78;0.52;0.0;6.69;6.49;81.52;91.5;35.77;45.75;83.92;95.38
2446;2017;Juanpi Añor;0.52;5.43;0.85;0.0;4.53;3.24;59.07;77.02;40.66;45.6;33.39;46.41
2446;2018;Juanpi Añor;1.07;4.72;1.25;0.0;5.44;3.39;76.37;69.3;37.57;46.05;47.74;51.6
2449;2018;Yangel Herrera;0.26;2.44;4.41;0.0;8.06;4.77;42.75;36.25;73.92;46.05;96.89;74.2
2449;2019;Yangel Herrera;0.73;4.45;8.11;0.0;7.27;4.53;61.03;72.78;97.86;46.17;83.81;72.15
2449;2020;Yangel Herrera;0.94;2.03;5.73;0.0;8.98;4.91;83.64;68.79;94.5;44.14;99.43;85.57
2449;2021;Yangel Herrera;0.49;3.28;5.32;0.0;7.83;5.94;65.55;82.04;88.74;43.97;97.59;90.08
2449;2022;Yangel Herrera;1.63;3.11;3.08;0.0;6.55;4.31;86.48;78.15;73.95;43.77;81.44;81.37
2449;2023;Yangel Herrera;3.57;3.63;6.68;0.0;8.55;6.9;94.33;82.3;96.33;43.85;99.17;97.72
2449;2024;Yangel Herrera;1.7;3.63;6.92;0.0;9.39;4.73;92.2;83.38;96.88;43.69;99.46;93.62
2449;2025;Yangel Herrera;0.11;0.06;0.56;0.0;1.24;0.34;51.18;29.85;42.94;44.26;30.74;40.44
2459;2016;Darwin Machís;1.25;2.94;1.0;0.0;4.99;3.88;75.51;41.22;47.87;45.75;40.76;62.85
2459;2019;Darwin Machís;3.18;6.27;2.81;0.0;5.88;6.05;95.37;87.9;56.58;46.17;65.21;90.75
2459;2020;Darwin Machís;2.03;4.2;3.47;0.0;6.32;5.92;94.0;88.71;79.64;44.14;85.14;94.14
2459;2021;Darwin Machís;2.44;3.05;2.65;0.0;5.87;6.16;93.3;79.62;68.97;43.97;78.62;90.88
2459;2022;Darwin Machís;1.54;3.37;0.59;0.0;5.04;4.02;85.71;80.39;43.7;43.77;52.87;77.52
2459;2023;Darwin Machís;2.09;1.39;1.72;0.0;4.55;2.61;86.51;54.43;58.23;43.85;48.69;54.5
2459;2024;Darwin Machís;0.15;1.35;0.6;0.0;4.85;1.85;53.12;57.33;42.81;43.69;48.03;52.24
2461;2025;Salomón Rondón;1.21;1.27;0.46;0.0;6.99;3.66;85.15;55.96;41.25;44.26;89.85;84.71
2464;2022;Agustín Marchesín;0.0;0.45;0.0;8.15;4.65;0.12;21.22;38.24;14.57;97.48;48.53;33.47
2464;2023;Agustín Marchesín;0.0;0.0;0.0;5.0;0.0;0.0;21.85;10.1;13.69;93.15;9.68;12.86
2465;2024;Juan Musso;0.0;0.02;0.0;8.0;1.47;0.01;22.46;25.85;15.2;97.96;27.68;27.75
2465;2025;Juan Musso;0.0;0.03;0.0;6.5;0.0;0.0;24.41;27.87;15.81;97.65;12.28;15.22
2468;2021;Gonzalo Montiel;0.29;2.39;1.62;0.0;4.52;2.0;58.11;73.19;58.45;43.97;51.61;46.31
2468;2022;Gonzalo Montiel;0.08;3.48;2.88;0.0;5.07;2.98;43.63;81.51;72.48;43.77;53.71;63.45
2468;2023;Gonzalo Montiel;0.0;0.0;0.0;0.0;0.0;0.0;21.85;10.1;13.69;43.85;9.68;12.86
2468;2024;Gonzalo Montiel;0.0;0.13;0.71;0.0;3.73;0.03;22.46;31.28;45.39;43.69;39.08;29.58
2469;2015;Germán Pezzella;1.2;2.04;7.08;0.0;7.71;0.26;79.96;30.52;97.59;46.1;88.4;16.88
2469;2016;Germán Pezzella;0.5;2.45;7.04;0.0;7.05;3.3;51.02;34.75;98.34;45.75;89.19;52.03
2469;2021;Germán Pezzella;0.78;1.07;5.72;0.0;5.84;2.88;73.53;53.22;91.22;43.97;77.95;56.03
2469;2022;Germán Pezzella;0.0;1.71;6.65;0.0;7.55;2.78;21.22;60.64;96.5;43.77;93.49;60.92
2469;2023;Germán Pezzella;0.81;1.92;5.45;0.0;6.99;2.26;68.74;63.07;92.25;43.85;93.22;51.18
2472;2015;Rodrigo de Paul;0.43;8.23;0.37;0.0;5.15;3.74;52.69;93.51;30.24;46.1;35.25;64.19
2472;2021;Rodrigo de Paul;1.19;6.75;4.49;0.0;6.61;6.21;83.51;95.84;83.91;43.97;88.61;91.35
2472;2022;Rodrigo de Paul;0.78;8.72;2.65;0.0;6.73;4.99;73.67;98.04;70.38;43.77;83.54;89.36
2472;2023;Rodrigo de Paul;2.02;7.27;2.27;0.0;6.67;6.16;86.1;96.82;63.14;43.85;89.49;95.02
2472;2024;Rodrigo de Paul;0.68;8.1;2.15;0.0;6.69;3.81;75.64;98.37;65.54;43.69;79.1;82.43
2474;2020;Iván Marcone;0.0;2.78;5.97;0.0;6.04;4.42;22.64;78.86;96.14;44.14;79.43;79.14
2474;2021;Iván Marcone;0.0;0.39;2.49;0.0;4.98;4.66;21.72;35.92;66.96;43.97;60.46;78.15
2476;2019;Guido Rodríguez;0.97;3.55;5.38;0.0;9.85;6.01;68.95;59.07;81.41;46.17;99.64;90.57
2476;2020;Guido Rodríguez;0.73;2.79;10.0;0.0;8.09;6.55;79.57;79.14;100.0;44.14;98.57;97.0
2476;2021;Guido Rodríguez;0.83;3.57;8.55;0.0;7.62;5.61;75.54;83.98;98.39;43.97;96.92;87.33
2476;2022;Guido Rodríguez;0.65;2.92;9.91;0.0;9.13;5.98;70.8;76.26;99.86;43.77;99.16;95.94
2476;2023;Guido Rodríguez;1.74;2.09;7.77;0.0;7.39;5.38;83.26;65.77;98.34;43.85;95.92;89.83
2478;2021;Darío Benedetto;1.88;1.35;0.66;0.0;4.68;4.23;90.35;57.31;45.04;43.97;54.49;72.52
2480;2021;Mauricio Arboleda;0.0;0.0;0.0;4.0;0.0;0.0;21.72;10.86;14.28;92.23;10.99;13.4
2484;2017;Yerry Mina;0.21;3.81;3.84;0.0;3.43;0.95;41.83;55.92;71.81;45.6;24.06;23.43
2486;2020;Helibelton Palacios;0.0;0.89;3.1;0.0;5.51;3.27;22.64;48.29;75.57;44.14;70.29;62.71
2486;2021;Helibelton Palacios;0.0;1.37;6.85;0.0;7.26;6.62;21.72;57.51;95.98;43.97;94.37;93.7
2486;2022;Helibelton Palacios;0.33;1.54;5.69;0.0;6.72;4.14;59.87;58.12;93.84;43.77;83.12;79.06
2490;2015;Jefferson Lerma;0.32;5.21;3.67;0.0;7.16;3.43;48.42;75.14;73.93;46.1;79.68;58.72
2490;2017;Jefferson Lerma;0.08;5.47;5.91;0.0;8.48;6.3;31.87;77.29;87.79;45.6;98.38;91.92
2493;2017;Luis Muriel;2.52;3.9;0.0;0.0;5.09;4.3;93.72;57.27;9.25;45.6;40.93;63.91
2493;2018;Luis Muriel;0.64;2.73;0.0;0.0;2.31;1.2;62.81;39.92;4.99;46.05;16.01;28.63
2499;2018;Junior Alonso;0.43;3.79;3.36;0.0;5.33;0.85;51.6;58.38;63.28;46.05;45.2;23.07
2508;2021;Santiago Arzamendia;0.26;0.17;1.07;0.0;3.81;1.6;56.43;30.43;51.68;43.97;41.55;42.56
2508;2022;Santiago Arzamendia;0.14;0.7;0.51;0.0;3.48;1.74;47.41;42.51;42.58;43.77;35.71;46.22
2515;2016;Óscar Romero;1.73;7.25;0.69;0.0;6.13;5.43;82.72;89.83;41.22;45.75;69.04;88.17
2515;2017;Óscar Romero;0.63;2.36;0.72;0.0;3.11;1.23;64.72;36.8;36.89;45.6;21.01;27.11
2520;2015;Hernán Pérez;2.14;5.11;1.48;0.0;8.6;7.08;91.09;73.38;51.11;46.1;97.59;97.96
2520;2016;Hernán Pérez;0.91;3.27;1.79;0.0;6.01;4.39;66.82;47.78;58.23;45.75;65.53;72.18
2520;2017;Hernán Pérez;0.21;2.0;0.02;0.0;3.59;2.35;41.83;31.24;18.85;45.6;24.78;36.09
2520;2018;Hernán Pérez;0.9;4.5;1.48;0.0;5.36;4.49;72.5;65.91;41.9;46.05;45.67;68.55
2522;2015;Antonio Sanabria;3.02;2.77;0.22;0.0;7.11;4.61;94.81;41.19;21.43;46.1;78.57;78.57
2522;2016;Antonio Sanabria;1.84;2.08;0.0;0.0;6.97;3.3;84.01;29.85;9.98;45.75;88.54;52.03
2522;2017;Antonio Sanabria;3.57;1.68;1.01;0.0;5.31;3.22;96.95;27.38;43.18;45.6;44.17;46.14
2522;2018;Antonio Sanabria;1.0;0.92;1.31;0.0;5.32;3.23;74.01;15.73;39.17;46.05;44.63;49.06
2522;2020;Antonio Sanabria;2.2;0.75;0.78;0.0;6.04;3.91;94.86;45.43;47.0;44.14;79.43;72.43
2544;2016;Akram Afif;0.23;3.24;0.0;0.0;4.46;1.95;37.62;46.86;9.98;45.75;32.53;35.4
2552;2015;Igor Lichnovsky;0.0;0.1;0.93;0.0;1.08;0.37;14.66;2.6;42.95;46.1;10.02;18.55
2553;2017;Guillermo Maripán;0.1;1.29;7.37;0.0;6.03;4.64;33.57;22.8;95.6;45.6;60.5;69.39
2553;2018;Guillermo Maripán;0.75;2.44;7.95;0.0;7.88;1.66;67.14;36.25;98.78;46.05;95.67;32.39
2553;2019;Guillermo Maripán;0.0;0.04;0.62;0.0;0.0;0.0;15.48;2.22;25.27;46.17;11.57;4.63
2557;2015;Pablo Hernández;0.65;5.38;3.0;0.0;9.87;6.06;63.45;76.44;67.16;46.1;99.81;94.71
2557;2016;Pablo Hernández;0.44;4.16;3.47;0.0;8.17;5.9;47.41;60.35;74.95;45.75;98.89;92.42
2557;2017;Pablo Hernández;0.63;5.52;4.13;0.0;7.92;5.31;64.72;77.56;75.04;45.6;95.69;79.08
2575;2024;Jackson Porozo;0.0;0.0;0.0;0.0;0.0;0.0;22.46;11.53;15.2;43.69;11.06;13.7
2600;2015;Takashi Inui;1.27;5.16;0.48;0.0;5.23;3.45;82.0;74.4;34.6;46.1;35.44;59.18
2600;2016;Takashi Inui;2.09;4.79;1.46;0.0;6.57;5.13;86.6;67.84;54.71;45.75;80.96;84.66
2600;2017;Takashi Inui;1.91;5.03;0.72;0.0;6.15;5.09;88.78;72.17;36.89;45.6;64.36;76.21
2600;2018;Takashi Inui;1.22;2.36;0.82;0.0;4.92;4.81;81.26;34.93;29.38;46.05;38.7;75.05
2600;2019;Takashi Inui;1.5;4.36;2.54;0.0;5.11;4.39;80.96;71.53;54.27;46.17;56.05;69.66
2600;2020;Takashi Inui;1.16;1.57;1.34;0.0;4.14;3.56;86.71;61.21;55.29;44.14;45.93;67.43
2604;2017;Gaku Shibasaki;0.48;2.81;2.99;0.0;4.62;4.39;57.09;42.1;65.89;45.6;34.47;65.17
2604;2018;Gaku Shibasaki;0.21;1.77;1.17;0.0;3.24;2.15;37.85;28.25;36.16;46.05;20.53;36.91
2610;2021;Giovanni González;0.52;1.56;1.99;0.0;4.27;2.71;66.55;60.12;63.0;43.97;48.06;54.16
2610;2022;Giovanni González;0.0;1.28;1.37;0.0;5.37;3.39;21.22;53.64;55.11;43.77;57.84;68.21
2610;2023;Giovanni González;0.62;2.98;5.78;0.0;6.55;4.23;63.35;76.83;94.12;43.85;87.0;77.11
2615;2017;Maximiliano Gómez;4.19;4.05;0.0;0.0;7.07;4.35;98.29;58.53;9.25;45.6;84.92;64.63
2615;2018;Maximiliano Gómez;3.3;5.23;0.0;0.0;7.56;3.94;96.42;74.11;4.99;46.05;93.22;60.26
2615;2019;Maximiliano Gómez;3.3;2.77;0.73;0.0;7.22;3.92;96.09;45.91;28.29;46.17;83.01;62.72
2615;2020;Maximiliano Gómez;2.82;1.95;0.49;0.0;7.99;4.8;97.36;66.93;40.29;44.14;98.36;83.57
2615;2021;Maximiliano Gómez;2.42;2.76;0.32;0.0;7.05;2.9;93.03;77.21;37.06;43.97;92.9;56.23
2615;2022;Maximiliano Gómez;0.0;0.79;0.0;0.0;1.19;0.16;21.22;44.12;14.57;43.77;26.89;34.38
2615;2023;Maximiliano Gómez;0.68;1.2;0.68;0.0;6.1;2.47;64.8;51.11;43.22;43.85;77.73;52.84
2616;2015;Jonathan Rodriguez;1.15;1.42;0.0;0.0;4.15;2.53;78.94;21.15;7.61;46.1;25.05;42.39
2617;2017;Cristhian Stuani;5.01;2.1;0.0;0.0;7.91;4.51;98.92;32.85;9.25;45.6;95.51;66.7
2617;2018;Cristhian Stuani;5.14;2.31;0.65;0.0;8.06;4.28;99.25;33.9;25.99;46.05;96.89;65.63
2617;2022;Cristhian Stuani;3.38;0.98;0.57;0.0;4.8;0.37;96.71;48.53;43.35;43.77;49.72;35.85
2617;2023;Cristhian Stuani;4.19;1.85;1.26;0.0;4.44;0.87;95.71;61.76;52.7;43.85;46.82;37.07
2617;2024;Cristhian Stuani;2.49;0.99;0.86;0.0;4.25;1.5;95.93;50.0;48.51;43.69;42.74;48.17
2617;2025;Cristhian Stuani;1.76;0.32;0.43;0.0;4.62;2.18;89.71;35.15;40.44;44.26;56.25;64.19
2669;2017;Mario Hermoso;0.57;2.77;3.8;0.0;6.05;2.99;62.03;41.38;71.45;45.6;61.58;42.91
2669;2018;Mario Hermoso;1.14;3.53;5.57;0.0;6.66;4.05;79.47;54.9;83.62;46.05;75.42;62.34
2669;2019;Mario Hermoso;0.32;2.69;3.46;0.0;1.48;4.38;44.75;44.22;62.99;46.17;29.45;69.4
2669;2020;Mario Hermoso;0.46;3.34;5.56;0.0;6.25;4.19;69.64;84.79;93.43;44.14;83.14;76.43
2669;2021;Mario Hermoso;0.8;2.65;3.83;0.0;5.84;3.78;74.2;76.07;79.02;43.97;77.95;66.82
2669;2022;Mario Hermoso;0.87;3.46;2.38;0.0;5.67;4.24;76.4;80.95;67.93;43.77;63.38;80.53
2669;2023;Mario Hermoso;0.45;4.24;4.85;0.0;6.4;4.21;58.3;86.93;88.04;43.85;83.68;76.76
2670;2015;Iñigo Martínez;0.43;2.69;6.61;0.0;7.38;2.75;52.69;40.07;95.18;46.1;83.4;46.2
2670;2016;Iñigo Martínez;1.26;4.89;4.24;0.0;6.37;5.18;75.97;69.87;83.73;45.75;76.8;84.84
2670;2017;Iñigo Martínez;0.57;4.25;6.94;0.0;7.16;4.05;62.03;61.31;92.37;45.6;87.43;58.89
2670;2018;Iñigo Martínez;0.26;2.89;6.87;0.0;7.51;3.42;42.75;42.84;94.16;46.05;93.03;52.17
2670;2019;Iñigo Martínez;0.5;3.46;6.06;0.0;7.73;3.33;51.96;57.3;88.08;46.17;88.17;51.96
2670;2020;Iñigo Martínez;0.67;2.3;3.25;0.0;6.66;3.9;76.79;72.64;76.86;44.14;90.21;72.21
2670;2021;Iñigo Martínez;1.62;1.82;6.3;0.0;6.96;2.66;88.0;64.48;94.5;43.97;92.09;53.55
2670;2022;Iñigo Martínez;0.6;2.34;5.31;0.0;6.41;0.28;68.77;69.89;91.18;43.77;77.66;35.71
2670;2023;Iñigo Martínez;0.15;2.35;2.45;0.0;5.47;0.23;46.89;70.26;64.59;43.85;64.11;34.72
2670;2024;Iñigo Martínez;0.14;7.0;3.23;0.0;7.49;2.79;51.9;97.01;76.73;43.69;90.09;66.82
2671;2018;Jaime Mata;3.34;4.04;1.85;0.0;7.14;3.14;96.99;60.83;47.36;46.05;88.14;47.65
2671;2019;Jaime Mata;3.77;4.67;0.95;0.0;5.36;3.58;97.51;74.56;34.43;46.17;58.99;55.78
2671;2020;Jaime Mata;1.92;1.87;0.64;0.0;6.07;1.73;93.43;66.14;43.79;44.14;80.21;44.57
2671;2021;Jaime Mata;0.57;1.3;0.29;0.0;4.49;2.62;67.76;56.9;36.13;43.97;51.27;52.68
2671;2022;Jaime Mata;0.59;0.91;0.66;0.0;3.75;1.48;68.21;47.41;44.75;43.77;38.38;43.77
2671;2023;Jaime Mata;2.34;2.3;2.15;0.0;5.6;3.53;88.04;68.88;62.1;43.85;66.25;68.95
2671;2024;Jaime Mata;0.37;0.38;0.29;0.0;5.04;2.7;64.72;36.91;37.11;43.69;50.81;65.81
2672;2015;Iker Muniain;1.29;5.86;0.47;0.0;6.71;5.65;82.37;81.08;33.77;46.1;68.46;91.65
2672;2016;Iker Muniain;2.07;6.9;0.46;0.0;7.15;8.24;86.32;88.26;34.57;45.75;91.13;99.26
2672;2017;Iker Muniain;2.69;7.88;1.12;0.0;6.47;6.61;95.15;91.02;45.06;45.6;71.01;93.72
2672;2018;Iker Muniain;1.64;6.67;1.68;0.0;6.8;7.41;87.29;85.31;44.73;46.05;78.91;98.02
2672;2019;Iker Muniain;2.03;7.27;1.99;0.0;7.16;7.36;87.01;91.99;48.4;46.17;81.14;97.69
2672;2020;Iker Muniain;1.67;6.33;1.98;0.0;7.02;7.04;92.57;95.0;64.5;44.14;93.86;98.43
2672;2021;Iker Muniain;2.29;10.0;2.63;0.0;7.07;8.47;92.49;99.46;68.7;43.97;93.03;98.79
2672;2022;Iker Muniain;0.62;7.41;1.55;0.0;7.26;7.09;69.47;96.36;58.26;43.77;89.78;98.88
2672;2023;Iker Muniain;1.21;1.87;0.33;0.0;3.69;3.27;76.97;62.31;36.72;43.85;39.42;63.62
2673;2015;Beto;0.0;0.39;0.0;1.33;1.72;0.1;14.66;7.51;7.61;93.51;13.54;12.34
2679;2022;Dyego Sousa;0.41;1.4;0.81;0.0;5.16;2.29;62.54;55.04;47.76;43.77;54.55;52.94
2701;2017;Bono;0.0;0.44;0.27;6.93;2.88;1.07;14.99;10.5;25.94;97.85;20.2;24.51
2701;2018;Bono;0.0;0.83;0.0;6.47;3.96;1.09;13.09;14.31;4.99;97.55;27.31;27.02
2701;2019;Bono;0.0;1.6;0.0;6.0;3.12;0.05;15.48;27.67;6.58;97.15;35.59;11.74
2701;2020;Bono;0.19;0.57;0.0;10.0;5.05;1.1;54.5;41.64;13.07;99.64;61.5;38.64
2701;2021;Bono;0.0;1.14;0.0;10.0;5.05;1.26;21.72;54.09;14.28;99.6;61.39;39.41
2701;2022;Bono;0.0;0.46;0.12;7.23;3.56;0.01;21.22;38.73;31.93;97.06;36.62;27.52
2701;2023;Bono;0.0;0.03;0.0;0.15;0.0;0.0;21.85;25.45;13.69;87.69;9.68;12.86
2710;2018;Sofiane Boufal;1.34;6.7;1.22;0.0;8.11;10.0;83.71;85.5;37.19;46.05;97.36;99.91
2715;2015;Fayçal Fajr;1.63;8.85;2.4;0.0;5.82;2.78;84.97;94.81;61.6;46.1;44.99;46.75
2715;2016;Fayçal Fajr;0.75;6.61;0.0;0.0;5.03;2.83;61.55;86.69;9.98;45.75;41.5;45.56
2715;2017;Fayçal Fajr;0.81;6.77;2.81;0.0;6.41;5.08;69.75;85.28;64.0;45.6;69.12;75.94
2715;2019;Fayçal Fajr;0.82;4.49;0.69;0.0;0.17;1.4;64.41;73.13;26.87;46.17;25.09;29.8
2717;2018;Anuar;0.71;1.81;3.27;0.0;5.94;2.9;66.2;28.91;61.86;46.05;58.66;43.88
2717;2019;Anuar;0.0;2.54;1.71;0.0;0.0;2.21;15.48;40.66;45.37;46.17;11.57;36.39
2717;2022;Anuar;0.86;1.6;1.92;0.0;3.2;1.73;75.49;59.31;62.89;43.77;34.17;45.94
2717;2024;Anuar;0.82;1.37;4.66;0.0;7.49;3.06;79.78;57.73;87.52;43.69;90.09;70.83
2719;2015;Nordin Amrabat;1.07;6.62;0.0;0.0;6.7;5.17;77.64;85.34;7.61;46.1;67.9;88.03
2719;2017;Nordin Amrabat;1.53;4.68;0.0;0.0;5.7;5.67;84.65;68.04;9.25;45.6;51.71;85.46
2723;2020;Oussama Idrissi;0.18;0.01;0.3;0.0;0.83;0.0;53.21;21.64;35.64;44.14;23.93;12.93
2723;2021;Oussama Idrissi;1.01;2.92;0.55;0.0;4.1;5.17;80.23;78.55;42.23;43.97;45.91;82.71
2724;2016;Lucas Digne;0.14;6.07;2.78;0.0;6.2;4.52;31.98;82.07;69.22;45.75;70.98;74.4
2724;2017;Lucas Digne;0.17;6.69;3.6;0.0;5.95;2.79;37.79;84.74;70.47;45.6;58.53;40.57
2737;2018;Martin Braithwaite;1.81;5.24;0.28;0.0;5.57;4.45;88.61;74.39;18.55;46.05;50.66;67.98
2737;2019;Martin Braithwaite;2.94;2.79;0.63;0.0;2.44;5.48;93.24;46.35;25.71;46.17;33.9;85.94
2737;2020;Martin Braithwaite;0.8;1.98;0.79;0.0;4.71;3.31;81.43;67.5;47.5;44.14;55.86;63.21
2737;2021;Martin Braithwaite;1.07;0.79;0.26;0.0;2.46;1.97;81.43;47.52;35.12;43.97;32.17;45.98
2737;2022;Martin Braithwaite;4.24;2.04;0.8;0.0;6.75;3.7;97.76;66.04;47.41;43.77;84.03;73.32
2741;2015;Mathew Ryan;0.0;0.62;0.09;4.96;2.46;0.05;14.66;11.6;17.72;96.47;15.96;8.44
2741;2016;Mathew Ryan;0.0;0.29;0.0;0.25;0.0;0.0;14.7;7.39;9.98;92.33;1.39;3.6
2741;2021;Mathew Ryan;0.0;0.04;0.0;7.21;1.28;0.0;21.72;26.47;14.28;96.38;27.55;13.4
2741;2025;Mathew Ryan;0.0;0.46;0.09;7.33;5.43;0.0;24.41;39.71;32.28;98.82;68.09;15.22
2755;2022;Awer Mabil;0.22;0.35;0.42;0.0;3.4;1.78;52.03;35.71;39.78;43.77;35.36;46.64
2761;2019;Filip Bradarić;0.77;2.99;4.76;0.0;4.38;2.0;62.28;49.29;74.38;46.17;46.98;34.96
2762;2025;Josip Brekalo;0.41;2.79;1.71;0.0;4.31;2.03;67.87;74.71;62.35;44.26;52.21;62.13
2772;2018;Kenneth Omeruo;0.07;2.0;5.69;0.0;6.72;4.05;26.93;30.13;84.84;46.05;77.02;62.34
2772;2019;Kenneth Omeruo;0.35;1.87;7.16;0.0;0.0;2.6;46.26;31.58;94.66;46.17;11.57;40.75
2774;2017;Oghenekaro Etebo;0.45;5.05;7.78;0.0;8.26;8.49;55.92;72.62;97.04;45.6;97.49;99.46
2774;2019;Oghenekaro Etebo;1.36;2.1;4.65;0.0;0.0;2.6;78.38;34.34;73.4;46.17;11.57;40.75
2777;2015;Isaac Success;2.14;4.93;0.47;0.0;8.42;7.22;91.09;70.69;33.77;46.1;96.38;98.7
2777;2017;Isaac Success;0.21;3.96;2.88;0.0;6.98;7.64;41.83;57.63;64.72;45.6;83.57;97.67
2778;2024;Kelechi Iheanacho;0.24;1.07;0.05;0.0;2.18;1.52;58.68;52.58;30.87;43.69;30.33;48.3
2781;2018;Moses Simon;0.78;2.81;2.35;0.0;4.65;4.74;68.27;40.96;51.98;46.05;34.37;73.54
2806;2017;Fabian Schär;0.84;3.5;6.11;0.0;7.11;4.64;70.29;51.17;88.6;45.6;86.54;69.39
2813;2017;Marko Dmitrović;0.0;0.59;0.04;4.65;5.05;3.01;14.99;13.82;19.57;95.87;40.39;43.27
2813;2018;Marko Dmitrović;0.0;0.43;0.0;7.46;3.76;0.0;13.09;7.44;4.99;98.12;25.24;3.58
2813;2019;Marko Dmitrović;0.0;0.48;0.32;6.32;4.98;1.06;15.48;13.17;20.64;97.33;53.83;25.44
2813;2020;Marko Dmitrović;0.26;0.73;0.21;6.71;5.63;1.1;59.14;44.71;33.07;97.14;72.14;38.64
2813;2021;Marko Dmitrović;0.0;0.11;0.0;8.48;1.27;0.0;21.72;29.36;14.28;98.26;27.21;13.4
2813;2022;Marko Dmitrović;0.0;0.16;0.0;8.99;4.22;0.01;21.22;30.53;14.57;98.46;42.86;27.52
2813;2023;Marko Dmitrović;0.0;0.12;0.08;6.15;3.64;1.22;21.85;29.25;29.11;95.85;38.24;40.32
2813;2024;Marko Dmitrović;0.0;0.32;0.05;5.54;6.8;1.12;22.46;35.41;30.87;95.25;80.53;45.05
2813;2025;Marko Dmitrović;0.0;0.48;0.27;6.3;4.98;0.05;24.41;40.44;37.35;97.35;61.4;33.53
2814;2022;Predrag Rajković;0.0;0.78;0.0;8.33;4.52;2.76;21.22;43.84;14.57;97.76;46.57;59.8
2814;2023;Predrag Rajković;0.0;0.81;0.06;8.11;5.02;2.78;21.85;45.78;28.77;97.99;55.46;56.5
2819;2021;Stefan Mitrović;0.08;0.68;3.41;0.0;5.47;2.13;45.17;44.84;75.94;43.97;68.97;47.92
2819;2022;Stefan Mitrović;0.0;0.22;2.31;0.0;5.86;0.04;21.22;31.93;67.3;43.77;67.02;30.04
2819;2023;Stefan Mitrović;0.55;0.6;1.5;0.0;3.87;1.94;61.41;41.63;55.53;43.85;40.39;46.61
2823;2017;Saša Lukić;0.13;4.25;3.53;0.0;6.04;5.37;34.83;61.31;69.93;45.6;61.13;80.43
2824;2017;Nemanja Maksimović;0.28;4.44;4.07;0.0;5.29;3.07;46.68;64.81;74.42;45.6;43.63;44.52
2824;2018;Nemanja Maksimović;0.53;2.25;7.48;0.0;6.73;2.97;56.78;32.67;97.74;46.05;77.4;44.63
2824;2019;Nemanja Maksimović;1.17;2.41;6.31;0.0;6.37;3.77;75.18;38.97;90.04;46.17;70.55;59.61
2824;2020;Nemanja Maksimović;0.46;2.43;6.47;0.0;5.86;3.94;69.64;74.71;97.71;44.14;75.86;73.29
2824;2021;Nemanja Maksimović;0.57;2.6;8.63;0.0;6.19;3.98;67.76;75.6;98.66;43.97;83.91;69.37
2824;2022;Nemanja Maksimović;0.56;1.42;5.38;0.0;6.24;1.61;67.09;55.53;91.88;43.77;74.02;44.96
2824;2023;Nemanja Maksimović;2.38;2.6;8.1;0.0;6.9;2.82;88.45;73.79;98.96;43.85;92.19;57.05
2840;2015;Celso Borges;1.33;6.68;2.61;0.0;7.66;3.26;82.93;85.9;63.64;46.1;87.38;56.31
2840;2016;Celso Borges;1.45;4.77;4.28;0.0;7.59;4.03;79.11;67.56;84.29;45.75;95.84;64.79
2840;2017;Celso Borges;0.92;5.84;2.97;0.0;7.63;4.68;71.36;80.07;65.53;45.6;94.25;70.47
2845;2017;Joel Campbell;1.67;4.07;0.0;0.0;4.56;4.27;85.82;59.25;9.25;45.6;33.75;63.11
2852;2021;Ludwig Augustinsson;0.16;1.56;1.6;0.0;5.03;2.24;50.74;60.12;58.18;43.97;61.06;49.46
2852;2022;Ludwig Augustinsson;0.0;0.49;0.54;0.0;4.05;0.05;21.22;39.36;43.0;43.77;40.76;31.37
2864;2019;Alexander Isak;2.95;2.4;0.41;0.0;4.49;3.89;93.51;38.61;22.51;46.17;48.22;62.1
2864;2020;Alexander Isak;4.63;1.47;0.52;0.0;5.56;5.1;99.43;58.93;40.93;44.14;71.07;87.57
2864;2021;Alexander Isak;4.16;2.88;0.44;0.0;5.67;6.1;97.72;78.28;39.81;43.97;74.33;90.62
2864;2022;Alexander Isak;0.86;0.8;0.23;0.0;0.68;0.57;75.49;44.54;34.8;43.77;24.3;36.55
2870;2018;Néstor Araujo;0.87;3.21;5.39;0.0;6.31;1.87;71.0;48.87;81.92;46.05;67.61;33.71
2870;2019;Néstor Araujo;0.39;3.47;6.4;0.0;3.14;1.03;47.69;57.56;90.75;46.17;35.77;24.91
2870;2020;Néstor Araujo;0.0;2.11;4.38;0.0;5.49;3.26;22.64;69.57;86.93;44.14;69.71;62.36
2870;2021;Néstor Araujo;0.08;1.69;3.49;0.0;5.63;3.06;45.17;62.33;76.88;43.97;72.79;57.77
2872;2017;Miguel Layún;1.17;4.46;4.07;0.0;5.97;4.03;77.2;65.71;74.42;45.6;58.89;58.44
2872;2018;Miguel Layún;0.43;6.65;0.76;0.0;3.5;2.45;51.6;85.12;28.15;46.05;22.41;38.79
2873;2022;César Montes;1.71;1.07;4.27;0.0;7.53;1.59;87.32;50.49;85.43;43.77;93.21;44.61
2873;2023;César Montes;0.28;1.7;3.21;0.0;6.66;2.99;51.04;59.34;71.23;43.85;88.93;60.17
2874;2017;Héctor Moreno;1.26;3.7;4.36;0.0;5.72;0.65;79.08;53.86;76.75;45.6;52.06;21.36
2874;2018;Héctor Moreno;0.26;3.47;5.15;0.0;5.4;1.71;42.75;54.05;79.66;46.05;46.8;32.96
2875;2015;Diego Reyes;0.48;3.05;8.57;0.0;7.94;3.99;55.19;46.1;99.26;46.1;93.04;69.39
2875;2016;Diego Reyes;0.4;2.05;5.51;0.0;6.4;4.43;45.56;29.39;92.61;45.75;77.45;73.29
2875;2018;Diego Reyes;0.0;1.63;3.29;0.0;3.62;1.38;13.09;25.71;62.24;46.05;23.07;30.51
2880;2015;Jonathan dos Santos;0.5;6.63;3.61;0.0;6.23;3.13;56.22;85.53;73.28;46.1;54.92;53.34
2880;2016;Jonathan dos Santos;0.73;8.74;1.59;0.0;5.48;5.07;60.72;94.64;55.82;45.75;50.83;83.64
2886;2019;Javier Hernández;2.18;1.75;2.22;0.0;0.0;0.6;88.26;29.54;51.25;46.17;11.57;21.0
2909;2018;Seung-Ho Paik;0.0;0.43;0.62;0.0;0.75;0.1;13.09;7.44;25.52;46.05;8.19;14.12
2922;2025;Leander Dendoncker;0.69;1.86;5.6;0.0;6.26;2.22;77.21;63.01;90.81;44.26;79.41;64.71
2923;2015;Yannick Carrasco;1.85;5.33;1.49;0.0;6.7;6.95;87.94;75.97;51.58;46.1;67.9;97.77
2923;2016;Yannick Carrasco;3.42;6.26;0.52;0.0;6.15;6.55;95.29;84.1;35.77;45.75;69.41;95.75
2923;2017;Yannick Carrasco;1.85;6.89;0.2;0.0;5.65;6.37;88.06;86.18;23.25;45.6;50.45;92.64
2923;2019;Yannick Carrasco;1.45;5.04;1.63;0.0;6.28;5.05;80.52;78.02;43.59;46.17;69.48;80.25
2923;2020;Yannick Carrasco;2.69;8.73;2.6;0.0;6.31;6.92;97.0;98.29;71.29;44.14;84.86;98.0
2923;2021;Yannick Carrasco;2.06;8.01;3.44;0.0;7.03;9.46;91.55;97.92;76.41;43.97;92.56;99.6
2923;2022;Yannick Carrasco;2.86;6.22;2.31;0.0;6.28;6.08;94.19;94.4;67.3;43.77;74.79;96.43
2923;2023;Yannick Carrasco;0.38;2.35;0.82;0.0;1.71;1.92;56.02;70.26;46.13;43.85;27.8;46.4
2924;2017;Adnan Januzaj;1.5;7.39;0.85;0.0;6.95;7.75;84.29;89.23;40.66;45.6;83.21;98.11
2924;2018;Adnan Januzaj;0.86;8.42;1.22;0.0;7.12;9.3;70.06;93.41;37.19;46.05;87.57;99.62
2924;2019;Adnan Januzaj;1.92;5.42;0.91;0.0;5.49;6.25;85.59;81.14;33.01;46.17;60.14;92.26
2924;2020;Adnan Januzaj;1.52;4.19;0.82;0.0;6.02;6.42;90.64;88.57;48.14;44.14;78.57;96.43
2924;2021;Adnan Januzaj;1.87;4.35;1.84;0.0;6.12;7.0;90.08;88.54;61.6;43.97;82.84;95.31
2924;2022;Adnan Januzaj;0.0;0.04;0.12;0.0;3.26;2.65;21.22;27.8;31.93;43.77;34.45;59.24
2924;2023;Adnan Januzaj;0.19;0.5;0.46;0.0;5.03;3.18;47.79;37.62;38.17;43.85;55.6;62.66
2924;2024;Adnan Januzaj;0.87;3.48;0.8;0.0;5.63;3.38;81.28;81.48;47.08;43.69;59.43;75.51
2924;2025;Adnan Januzaj;0.0;2.98;0.73;0.0;4.62;3.07;24.41;76.76;45.81;44.26;56.25;75.59
2927;2018;Michy Batshuayi;1.28;3.68;0.09;0.0;3.62;2.27;82.96;57.63;12.81;46.05;23.07;38.14
2979;2019;José Luis Rodríguez;0.27;0.03;0.0;0.0;0.28;0.0;41.64;1.69;6.58;46.17;25.71;4.63
2992;2015;Alfred N'Diaye;0.57;2.34;5.46;0.0;7.94;5.79;59.28;35.25;89.89;46.1;93.04;93.04
2992;2016;Alfred N'Diaye;0.0;1.72;0.25;0.0;2.1;0.85;14.7;26.16;29.21;45.75;15.34;20.89
2992;2017;Alfred N'Diaye;0.0;0.42;1.01;0.0;0.99;0.35;14.99;9.96;43.18;45.6;13.29;19.12
3033;2015;Cédric Bakambu;3.27;2.95;0.0;0.0;5.25;4.13;96.01;44.34;7.61;46.1;35.81;72.36
3033;2016;Cédric Bakambu;4.07;2.96;0.0;0.0;5.03;3.65;97.41;41.77;9.98;45.75;41.5;59.52
3033;2017;Cédric Bakambu;4.74;4.72;0.0;0.0;6.08;3.78;98.74;69.03;9.25;45.6;62.03;53.68
3033;2023;Cédric Bakambu;0.38;1.21;0.13;0.0;1.69;0.69;56.02;51.31;29.81;43.85;27.59;36.31
3033;2024;Cédric Bakambu;1.05;1.49;0.34;0.0;3.37;0.7;84.67;58.89;38.06;43.69;36.77;38.74
3033;2025;Cédric Bakambu;0.72;0.26;0.11;0.0;2.42;0.09;78.01;33.97;32.72;44.26;35.96;36.62
3084;2022;Tino Kadewere;0.87;0.52;0.72;0.0;5.31;3.63;76.4;39.71;46.85;43.77;56.65;72.13
3170;2015;Carl Medjani;0.61;2.41;5.38;0.0;5.95;2.82;60.58;36.73;89.24;46.1;48.7;47.31
3170;2016;Carl Medjani;0.0;2.09;3.4;0.0;4.87;1.3;14.7;30.13;74.31;45.75;38.72;27.17
3199;2017;Michael Olunga;1.79;2.95;1.3;0.0;4.5;2.03;86.98;43.81;48.29;45.6;32.59;33.84
3238;2016;Victorien Angban;0.0;5.84;2.99;0.0;5.9;3.4;14.7;79.3;70.43;45.75;62.29;54.62
3246;2024;Nicolas Pépé;1.9;6.45;1.91;0.0;6.6;4.51;93.22;95.25;62.42;43.69;77.2;91.79
3246;2025;Nicolas Pépé;1.61;7.33;3.39;0.0;6.27;5.0;88.68;96.76;76.91;44.26;79.63;94.34
3334;2020;Youssouf Koné;0.0;0.02;0.4;0.0;2.72;1.11;22.64;23.29;37.64;44.14;32.86;39.29
3365;2017;Hacen;0.0;0.26;0.34;0.0;0.81;0.05;14.99;6.55;28.46;45.6;11.94;11.4
3365;2018;Hacen;0.0;0.0;0.23;0.0;0.16;0.05;13.09;0.47;16.57;46.05;2.26;9.32
3406;2019;André Zambo Anguissa;0.94;4.66;6.48;0.0;8.98;8.53;68.33;74.38;91.1;46.17;97.69;99.47
3415;2019;Lumor Agbenyenu;0.47;4.32;4.03;0.0;7.29;5.66;50.18;70.91;67.7;46.17;83.99;88.26
3423;2015;Christian Atsu;1.79;3.27;0.93;0.0;4.72;3.87;86.92;49.07;42.95;46.1;29.68;66.98
3424;2015;Bernard Mensah;0.0;2.23;0.0;0.0;3.5;3.22;14.66;33.12;7.61;46.1;20.78;55.19
3426;2015;Mubarak Wakaso;0.86;3.64;1.01;0.0;6.45;3.9;70.59;54.73;44.25;46.1;60.48;67.63
3426;2016;Mubarak Wakaso;1.44;5.15;0.0;0.0;7.57;5.11;78.74;74.03;9.98;45.75;95.56;84.47
3426;2017;Mubarak Wakaso;0.1;3.33;5.73;0.0;6.58;5.26;33.57;48.92;86.89;45.6;72.53;78.1
3426;2018;Mubarak Wakaso;0.59;2.86;3.46;0.0;5.98;4.97;59.79;42.37;63.56;46.05;59.51;77.31
3426;2019;Mubarak Wakaso;0.17;2.63;8.08;0.0;0.0;6.67;34.88;43.06;97.69;46.17;11.57;95.46
3429;2017;Emmanuel Boateng;2.35;1.57;0.36;0.0;6.84;4.74;92.37;26.21;29.35;45.6;80.88;71.9
3429;2018;Emmanuel Boateng;0.67;0.85;0.31;0.0;5.61;2.97;64.6;14.5;19.02;46.05;51.79;44.63
3608;2025;Kwasi Sibo;0.23;0.76;1.94;0.0;3.94;1.75;59.26;46.54;64.41;44.26;48.09;57.35
5907;2015;Lucas Orbán;0.0;0.8;1.04;0.0;4.13;1.31;14.66;13.82;44.99;46.1;24.68;27.83
5914;2015;Marcelo Díaz;0.15;5.1;3.84;0.0;5.41;3.5;35.9;72.91;74.77;46.1;38.59;59.93
5914;2016;Marcelo Díaz;0.35;6.34;1.92;0.0;4.41;2.64;42.98;84.29;60.07;45.75;31.79;43.99
5921;2020;Augusto Solari;1.02;3.47;2.57;0.0;4.78;3.25;84.64;85.5;70.71;44.14;57.36;62.07
5921;2021;Augusto Solari;0.08;0.88;1.94;0.0;4.06;3.16;45.17;48.93;62.33;43.97;45.44;59.12
5921;2022;Augusto Solari;0.0;0.8;0.89;0.0;3.64;0.83;21.22;44.54;49.09;43.77;37.54;37.39
5946;2015;Jonás Gutiérrez;0.0;2.54;2.61;0.0;5.68;3.57;14.66;37.57;63.64;46.1;43.04;60.85
5974;2024;Julián Chicco;0.06;0.47;0.88;0.0;4.35;2.16;46.27;39.76;48.85;43.69;43.35;56.78
5986;2015;Germán Lux;0.0;0.74;0.08;7.19;5.62;1.19;14.66;13.17;16.79;97.59;41.74;25.51
5986;2016;Germán Lux;0.0;0.51;0.0;8.43;3.35;1.0;14.7;9.89;9.98;98.52;21.81;22.27
5987;2022;Fabrizio Angileri;0.0;0.07;1.36;0.0;4.83;1.93;21.22;28.78;54.83;43.77;50.14;48.46
5987;2023;Fabrizio Angileri;0.0;0.52;0.17;0.0;3.47;1.83;21.85;38.52;31.05;43.85;36.45;45.99
6003;2015;Enzo Pérez;0.0;4.62;1.91;0.0;7.71;5.98;14.66;67.16;56.77;46.1;88.4;94.25
6003;2016;Enzo Pérez;0.16;4.85;4.57;0.0;8.01;6.45;32.99;69.5;86.6;45.75;98.34;95.19
6009;2024;Julián Alvarez;4.63;5.6;1.14;0.0;5.33;4.41;99.19;92.94;52.17;43.69;55.09;90.43
6009;2025;Julián Alvarez;3.72;9.07;1.28;0.0;5.38;4.56;97.87;97.79;55.37;44.26;67.35;92.06
6010;2025;Lucas Beltrán;1.28;2.49;1.56;0.0;6.54;5.15;85.74;72.43;60.15;44.26;83.82;95.51
6011;2016;Rafael Santos Borré;1.73;3.06;0.08;0.0;3.84;2.4;82.72;43.16;22.37;45.75;25.42;41.04
6048;2022;Brian Cufré;0.0;0.28;0.89;0.0;3.74;2.08;21.22;33.54;49.09;43.77;38.1;50.21
6065;2022;Lucas Robertone;0.86;7.62;5.29;0.0;7.79;5.2;75.49;96.99;90.83;43.77;94.75;91.04
6065;2023;Lucas Robertone;1.51;6.23;7.76;0.0;7.38;3.85;80.64;94.47;98.2;43.85;95.71;73.86
6066;2019;Matías Vargas;0.26;5.04;1.13;0.0;5.23;5.21;39.32;78.02;36.92;46.17;57.38;82.92
6067;2025;Thiago Almada;2.16;3.71;1.25;0.0;4.86;4.22;92.5;82.94;54.34;44.26;59.04;90.0
6084;2016;Gastón Silva;0.1;2.78;4.26;0.0;6.34;3.64;30.59;39.37;84.1;45.75;75.79;58.96
6084;2020;Gastón Silva;0.0;0.64;2.58;0.0;4.31;0.04;22.64;42.79;71.07;44.14;48.0;28.36
6085;2023;Carlos Benavídez;1.51;1.17;5.17;0.0;6.01;1.79;80.64;50.76;90.94;43.85;75.52;45.71
6085;2024;Carlos Benavídez;0.3;0.75;1.94;0.0;5.33;2.69;61.26;46.2;62.69;43.69;55.09;65.4
6085;2025;Carlos Benavídez;0.23;0.55;0.67;0.0;2.84;0.05;59.26;42.87;44.41;44.26;38.16;33.53
6090;2020;Juan Sánchez Miño;0.0;0.73;1.23;0.0;3.94;2.96;22.64;44.71;53.86;44.14;43.57;59.14
6168;2021;Omar Alderete;0.83;0.99;7.03;0.0;6.8;5.39;75.54;51.21;96.45;43.97;90.15;84.45
6168;2022;Omar Alderete;0.92;1.31;5.05;0.0;7.1;4.77;77.17;54.41;90.06;43.77;87.82;86.41
6168;2023;Omar Alderete;0.55;2.27;3.41;0.0;5.86;4.27;61.41;68.46;74.62;43.85;72.89;77.87
6168;2024;Omar Alderete;0.82;1.81;6.29;0.0;8.33;4.24;79.78;63.23;94.3;43.69;97.9;88.33
6233;2021;Nahuel Tenaglia;0.18;1.03;9.85;0.0;7.13;4.07;52.14;52.35;99.87;43.97;93.43;70.24
6233;2023;Nahuel Tenaglia;0.34;0.99;2.99;0.0;5.79;4.03;54.08;48.13;69.64;43.85;71.44;75.24
6233;2024;Nahuel Tenaglia;0.86;2.79;8.98;0.0;8.72;4.15;80.94;75.03;99.59;43.69;99.05;87.18
6233;2025;Nahuel Tenaglia;0.42;1.63;7.22;0.0;6.96;3.57;68.53;59.93;96.62;44.26;89.41;83.31
6377;2017;Emanuel Cecchini;0.0;0.28;0.4;0.0;0.7;0.35;14.99;7.09;30.52;45.6;10.77;19.12
6490;2025;Luis Vázquez;0.69;0.41;0.23;0.0;0.57;0.05;77.21;37.65;36.4;44.26;27.94;33.53
6492;2020;Jeremías Ledesma;0.0;0.28;0.06;7.14;5.1;0.96;22.64;32.43;27.57;97.43;62.29;36.43
6492;2021;Jeremías Ledesma;0.08;0.48;0.11;9.78;5.7;2.15;45.17;39.48;31.5;99.06;75.07;48.32
6492;2022;Jeremías Ledesma;0.0;0.41;0.18;8.31;5.61;2.64;21.22;36.9;33.12;97.62;62.32;58.89
6492;2023;Jeremías Ledesma;0.0;0.52;0.0;5.6;4.45;2.14;21.85;38.52;13.69;95.16;47.16;49.03
6503;2022;Nahuel Molina;1.17;6.03;4.89;0.0;6.74;3.96;81.16;93.49;88.94;43.77;83.89;76.75
6503;2023;Nahuel Molina;1.09;3.86;2.88;0.0;5.38;4.29;74.83;83.33;69.09;43.85;62.79;78.28
6503;2024;Nahuel Molina;0.06;2.89;3.4;0.0;6.05;3.46;46.27;76.53;78.29;43.69;66.21;77.48
6503;2025;Nahuel Molina;0.0;2.39;2.03;0.0;3.66;1.91;24.41;70.74;65.74;44.26;45.66;59.49
6588;2015;Mauricio Cuero;0.65;3.32;0.75;0.0;5.53;4.72;63.45;49.54;39.24;46.1;40.63;79.96
6638;2024;Facundo Garcés;0.12;0.74;1.78;0.0;4.76;0.05;49.8;45.73;60.38;43.69;46.47;32.63
6638;2025;Facundo Garcés;0.69;0.49;4.67;0.0;4.36;0.1;77.21;40.96;85.15;44.26;53.09;36.99
6736;2017;Hernán Toledo;0.14;2.84;0.22;0.0;4.99;5.88;35.64;42.73;24.24;45.6;39.41;88.6
6855;2015;Raul Baena;0.45;3.65;3.2;0.0;6.66;3.33;54.17;55.01;69.39;46.1;66.88;57.05
6997;2015;Oriol Riera;0.98;2.11;0.09;0.0;5.68;2.66;75.23;31.17;17.72;46.1;43.04;44.99
6997;2016;Oriol Riera;2.45;4.74;0.25;0.0;7.27;3.32;89.65;66.91;29.21;45.75;92.98;52.77
7332;2024;Luka Sučić;0.94;4.0;2.54;0.0;6.39;4.13;82.5;86.7;70.28;43.69;71.91;86.7
7332;2025;Luka Sučić;0.23;0.76;0.49;0.0;3.41;2.17;59.26;46.54;41.99;44.26;42.79;63.82
7581;2015;Juan Dominguez;0.21;1.5;0.0;0.0;2.22;0.65;41.19;21.99;7.61;46.1;15.21;20.04
8492;2021;Alexander Sørloth;1.87;2.89;1.53;0.0;6.02;5.85;90.08;78.42;57.71;43.97;81.64;89.48
8492;2022;Alexander Sørloth;4.37;4.26;1.19;0.0;6.53;4.0;97.97;87.11;52.31;43.77;80.81;77.17
8492;2023;Alexander Sørloth;8.98;4.92;0.49;0.0;6.37;4.51;99.72;89.49;39.0;43.85;83.26;80.15
8492;2024;Alexander Sørloth;5.13;1.82;0.51;0.0;7.06;2.79;99.59;63.57;40.84;43.69;84.26;66.82
8492;2025;Alexander Sørloth;4.02;1.7;0.63;0.0;6.83;3.12;98.38;60.81;43.82;44.26;87.72;76.18
8493;2023;Roman Yaremchuk;1.98;0.75;0.33;0.0;4.31;2.36;85.48;44.67;36.72;43.85;45.09;51.94
8518;2015;Mamadou Sylla;0.15;1.44;0.0;0.0;4.46;2.66;35.9;21.71;7.61;46.1;27.09;44.99
8518;2021;Mamadou Sylla;0.1;0.57;0.42;0.0;4.11;2.36;47.59;41.42;39.48;43.97;46.18;50.54
8518;2023;Mamadou Sylla;0.0;0.01;0.24;0.0;0.87;0.11;21.85;22.06;34.51;43.85;23.79;32.78
8518;2024;Mamadou Sylla;1.12;1.69;0.49;0.0;5.95;2.34;85.55;61.47;40.71;43.69;64.25;59.02
8542;2017;Imoh Ezekiel;0.63;2.21;2.61;0.0;4.69;3.73;64.72;34.47;62.48;45.6;34.83;53.05
8587;2022;Selim Amallah;1.71;1.95;3.92;0.0;6.48;4.43;87.32;65.41;81.79;43.77;79.9;82.91
8587;2023;Selim Amallah;0.7;0.9;1.93;0.0;5.52;4.67;65.35;47.44;60.24;43.85;64.66;82.85
8587;2024;Selim Amallah;1.04;2.03;3.09;0.0;6.69;5.51;84.46;66.15;75.51;43.69;79.1;96.61
8627;2015;Theo Bongonda;0.93;2.92;0.89;0.0;6.1;4.93;73.38;43.6;41.65;46.1;51.76;84.14
8627;2016;Theo Bongonda;0.68;4.38;1.23;0.0;6.11;5.89;57.86;63.22;52.13;45.75;68.21;92.24
8627;2022;Theo Bongonda;1.83;2.84;1.76;0.0;6.47;5.24;88.38;75.35;60.78;43.77;79.48;91.74
8683;2024;Irvin Cardona;0.64;2.4;1.55;0.0;4.94;1.76;73.95;70.76;57.67;43.69;49.19;50.88
8716;2016;Davy Roef;0.0;0.09;0.29;1.0;0.15;0.0;14.7;3.97;30.31;93.72;3.7;3.6
8718;2024;Maximiliano Caufriez;0.0;0.01;0.63;0.0;2.09;0.0;22.46;23.81;43.76;43.69;29.99;13.7
8746;2025;Bambo Diaby;0.0;0.13;0.0;0.0;2.28;0.08;24.41;31.18;15.81;44.26;34.71;36.18
9700;2022;Abner Vinícius;0.27;0.66;2.01;0.0;4.02;1.55;56.16;41.74;63.94;43.77;40.41;44.26
9700;2023;Abner Vinícius;0.0;1.59;2.76;0.0;4.45;2.92;21.85;57.68;68.19;43.85;47.16;59.34
9925;2019;Matheus Fernandes;0.0;0.77;1.9;0.0;2.88;0.86;15.48;18.15;48.22;46.17;35.05;23.22
9925;2020;Matheus Fernandes;0.0;0.0;0.0;0.0;0.0;0.0;22.64;10.43;13.07;44.14;10.07;12.93
9934;2015;Deyverson;3.12;3.79;0.22;0.0;8.82;3.47;94.99;57.05;21.43;46.1;98.52;59.46
9934;2016;Deyverson;2.53;4.04;0.92;0.0;9.51;4.31;90.67;58.23;46.03;45.75;99.63;70.79
9934;2019;Deyverson;0.27;1.7;0.0;0.0;0.0;1.35;41.64;29.18;6.58;46.17;11.57;29.18
9934;2020;Deyverson;0.26;1.72;0.61;0.0;5.5;2.85;59.14;64.14;42.36;44.14;70.0;57.57
9971;2024;Antony;3.68;10.0;3.89;0.0;7.72;5.05;98.37;99.53;82.02;43.69;92.27;95.66
9971;2025;Antony;4.32;10.0;3.65;0.0;6.61;4.66;98.53;99.41;78.68;44.26;84.56;92.72
9972;2016;Alexandre Pato;2.09;3.19;0.98;0.0;5.98;5.09;86.6;46.12;46.95;45.75;64.7;84.1
10009;2019;Rodrygo;1.73;5.22;1.1;0.0;7.14;5.29;83.9;79.54;36.21;46.17;80.6;84.25
10009;2020;Rodrygo;0.55;4.21;1.46;0.0;4.77;3.73;73.29;88.86;57.57;44.14;57.07;69.29
10009;2021;Rodrygo;1.98;4.43;1.63;0.0;5.22;4.72;91.09;89.01;58.71;43.97;64.41;78.95
10009;2022;Rodrygo;4.21;7.7;1.1;0.0;7.45;7.69;97.62;97.2;51.82;43.77;92.58;99.44
10009;2023;Rodrygo;5.79;6.38;1.26;0.0;6.13;6.61;97.79;94.88;52.7;43.85;78.08;97.3
10009;2024;Rodrygo;2.39;8.25;2.09;0.0;7.16;5.91;95.79;98.51;64.99;43.69;85.82;98.3
10009;2025;Rodrygo;1.26;4.34;0.99;0.0;5.48;4.42;85.59;86.62;50.96;44.26;69.04;91.18
10122;2019;Renan Lodi;0.42;4.33;7.3;0.0;7.86;4.26;48.84;71.17;95.46;46.17;89.77;67.79
10122;2020;Renan Lodi;0.33;2.19;2.72;0.0;5.77;5.21;64.93;70.64;72.71;44.14;74.43;89.29
10122;2021;Renan Lodi;0.65;1.87;2.75;0.0;5.67;4.42;69.97;65.75;70.04;43.97;74.33;75.4
10122;2022;Renan Lodi;0.0;0.0;0.0;0.0;0.0;0.0;21.22;10.43;14.57;43.77;10.71;13.59
10151;2015;Diego Alves;0.0;0.8;0.0;5.04;2.28;1.95;14.66;13.82;7.61;96.66;15.4;35.44
10151;2016;Diego Alves;0.0;0.76;0.0;10.0;2.59;1.64;14.7;13.49;9.98;99.72;17.56;31.42
10151;2022;Diego Alves;0.0;0.0;0.0;3.0;0.0;0.0;21.22;10.43;14.57;90.48;10.71;13.59
10166;2022;Reinier;1.03;1.77;1.43;0.0;5.13;3.62;78.99;61.9;56.23;43.77;54.34;71.5
10169;2022;Vinícius Souza;0.48;1.89;9.47;0.0;8.53;3.68;64.15;64.08;99.72;43.77;98.88;73.11
10233;2023;Bruno Méndez;1.91;1.48;8.06;0.0;6.26;4.01;84.72;55.46;98.69;43.85;81.88;75.03
10236;2016;Michel Macedo;0.0;6.14;2.4;0.0;5.79;3.86;14.7;82.99;65.06;45.75;58.6;62.48
10236;2017;Michel Macedo;0.22;5.56;4.45;0.0;6.43;4.63;43.72;78.01;77.56;45.6;69.57;68.76
10311;2016;Ganso;2.25;6.98;0.21;0.0;4.98;3.4;87.52;88.54;27.91;45.75;40.3;54.62
10311;2017;Ganso;1.47;5.27;0.0;0.0;4.72;2.63;83.66;75.4;9.25;45.6;35.55;38.69
10323;2016;Luciano;1.44;3.79;0.0;0.0;4.01;2.43;78.74;54.44;9.98;45.75;26.8;41.22
10402;2015;Nico López;0.0;1.55;0.26;0.0;3.45;2.9;14.66;22.82;25.23;46.1;20.22;49.07
10496;2016;Walter Montoya;0.0;1.07;1.44;0.0;1.69;0.7;14.7;16.82;54.44;45.75;12.57;19.69
10496;2017;Walter Montoya;0.0;0.49;0.0;0.0;0.49;0.1;14.99;11.85;9.25;45.6;8.62;14.72
10561;2024;Henrique;0.0;1.3;1.86;0.0;4.24;2.05;22.46;56.65;61.94;43.69;42.54;54.88
11346;2021;Matías Dituro;0.0;0.67;0.0;10.0;5.17;0.03;21.72;44.44;14.28;99.6;63.47;29.09
11346;2025;Matías Dituro;0.0;1.05;0.0;7.71;3.3;0.05;24.41;51.76;15.81;99.12;41.1;33.53
11379;2023;Augusto Batalla;0.0;0.71;0.0;5.25;4.66;2.89;21.85;44.12;13.69;95.02;50.55;58.44
11379;2024;Augusto Batalla;0.0;0.59;0.09;10.0;7.16;3.62;22.46;42.13;32.23;99.53;85.82;80.05
11379;2025;Augusto Batalla;0.0;1.05;0.0;5.33;5.3;2.54;24.41;51.76;15.81;96.18;66.1;69.71
11421;2025;Gabriel Suazo;0.17;9.08;9.33;0.0;7.01;3.32;55.96;97.94;99.56;44.26;90.07;79.56
11471;2021;Tomás Alarcón;0.21;2.66;5.12;0.0;4.84;2.56;53.55;76.27;87.27;43.97;57.71;52.08
11471;2022;Tomás Alarcón;0.29;0.99;0.66;0.0;3.19;0.16;57.42;48.88;44.75;43.77;34.03;34.38
12493;2015;Tana;2.06;8.41;0.44;0.0;6.54;4.77;90.17;94.25;32.84;46.1;62.43;80.61
12493;2016;Tana;1.26;8.96;0.81;0.0;5.26;5.58;75.97;95.19;43.25;45.75;46.58;89.65
12493;2017;Tana;0.7;6.29;2.36;0.0;5.77;4.59;66.97;82.23;60.59;45.6;53.41;68.4
12541;2016;José Jurado;1.31;6.65;1.13;0.0;6.25;6.52;76.89;87.15;50.55;45.75;73.11;95.56
12541;2017;José Jurado;0.14;4.72;1.73;0.0;5.75;5.68;35.64;69.03;55.12;45.6;52.87;85.73
12667;2015;Jonathan Viera;3.33;10.0;0.67;0.0;7.88;6.06;96.29;98.24;37.76;46.1;92.3;94.71
12667;2016;Jonathan Viera;2.98;10.0;0.0;0.0;7.17;7.99;93.9;98.61;9.98;45.75;91.31;98.89
12667;2017;Jonathan Viera;2.19;10.0;0.22;0.0;8.42;9.49;91.02;98.03;24.24;45.6;98.03;99.82
12667;2023;Jonathan Viera;2.6;9.5;1.9;0.0;5.81;4.9;89.7;98.89;59.96;43.85;72.06;86.1
12719;2017;Paulinho;2.47;5.14;1.28;0.0;5.87;4.71;93.18;74.51;47.85;45.6;55.48;71.45
13062;2015;Léo Baptistão;1.24;2.22;0.2;0.0;6.08;4.38;81.26;32.75;21.15;46.1;51.3;75.42
13062;2016;Léo Baptistão;3.54;4.69;0.84;0.0;6.17;4.55;96.12;66.45;44.09;45.75;70.15;74.86
13062;2017;Léo Baptistão;2.56;4.04;1.44;0.0;6.76;4.07;93.9;58.17;50.81;45.6;79.17;59.69
13062;2018;Léo Baptistão;2.14;4.93;1.71;0.0;5.92;5.53;91.62;72.6;45.39;46.05;58.29;84.37
13062;2022;Léo Baptistão;2.56;3.12;3.45;0.0;6.29;3.74;93.14;78.29;77.87;43.77;75.21;73.67
13062;2023;Léo Baptistão;3.49;2.46;2.04;0.0;6.08;3.8;94.05;71.92;60.86;43.85;77.11;73.1
13073;2015;Javier Mascherano;0.07;5.83;4.23;0.0;7.28;4.12;29.96;80.71;78.85;46.1;81.08;71.99
13073;2016;Javier Mascherano;0.36;8.29;3.95;0.0;5.92;2.36;43.9;93.16;81.05;45.75;62.94;40.48
13073;2017;Javier Mascherano;0.0;4.53;2.58;0.0;3.23;0.05;14.99;66.7;62.3;45.6;22.08;11.4
13114;2015;Augusto Fernández;0.44;4.59;4.2;0.0;7.56;5.11;53.8;66.79;78.66;46.1;85.53;86.55
13114;2016;Augusto Fernández;0.0;1.32;2.03;0.0;1.8;0.61;14.7;19.41;60.72;45.75;14.23;19.04
13114;2017;Augusto Fernández;0.0;1.94;0.31;0.0;1.98;1.21;14.99;30.25;27.2;45.6;17.95;26.93
13114;2020;Augusto Fernández;0.0;0.09;1.5;0.0;3.44;1.67;22.64;28.29;58.43;44.14;38.14;43.71
13298;2020;Jeison Lucumí;0.0;0.01;0.14;0.0;2.03;0.84;22.64;21.64;29.86;44.14;28.43;35.29
14341;2024;Stanko Jurić;0.14;1.03;4.63;0.0;6.85;2.8;51.9;51.22;87.04;43.69;81.21;67.03
14344;2020;Ante Palaversa;0.0;0.61;0.0;0.0;0.02;0.0;22.64;42.21;13.07;44.14;20.29;12.93
14382;2020;Ivo Grbić;0.0;0.0;0.0;5.0;0.0;0.0;22.64;10.43;13.07;93.36;10.07;12.93
14382;2021;Ivo Grbić;0.0;0.0;0.0;0.5;0.0;0.0;21.72;10.86;14.28;88.87;10.99;13.4
14382;2022;Ivo Grbić;0.0;0.09;0.0;8.52;3.54;0.01;21.22;29.2;14.57;98.04;36.34;27.52
14382;2023;Ivo Grbić;0.0;0.0;0.0;5.0;0.0;0.0;21.85;10.1;13.69;93.15;9.68;12.86
14405;2021;Myrto Uzuni;0.73;2.24;2.33;0.0;4.62;3.71;71.65;70.91;65.62;43.97;53.28;65.82
14405;2023;Myrto Uzuni;5.47;2.24;1.17;0.0;4.22;3.66;97.23;67.84;50.69;43.85;43.71;70.68
14444;2020;Mamadou Mbaye;0.0;0.0;0.0;0.0;0.0;0.0;22.64;10.43;13.07;44.14;10.07;12.93
14444;2022;Mamadou Mbaye;0.0;0.49;1.92;0.0;5.68;3.5;21.22;39.36;62.89;43.77;63.66;69.61
14444;2023;Mamadou Mbaye;0.13;0.03;1.23;0.0;3.89;0.0;46.06;25.45;51.8;43.85;40.53;12.86
14482;2015;Dani Ndi;0.86;2.7;1.09;0.0;6.65;5.75;70.59;40.26;46.38;46.1;66.42;92.49
14482;2016;Dani Ndi;0.0;1.55;0.29;0.0;2.87;1.45;14.7;22.92;30.31;45.75;18.85;29.21
14485;2017;Arona Sane;0.21;0.07;0.0;0.0;0.52;0.05;41.83;2.69;9.25;45.6;8.8;11.4
15320;2016;Jon Gaztañaga;0.0;0.9;0.0;0.0;0.43;0.1;14.7;15.34;9.98;45.75;5.91;11.55
15372;2015;Alberto Lora;0.0;5.35;4.59;0.0;6.55;3.37;14.66;76.25;81.26;46.1;62.89;57.79
15372;2016;Alberto Lora;0.0;0.84;1.27;0.0;3.13;0.2;14.7;14.79;52.4;45.75;20.7;13.86
15381;2016;Juanan Entrena;0.45;0.3;0.0;0.0;1.23;1.15;48.52;7.58;9.98;45.75;10.91;24.77
15385;2016;Raoul Loé;0.45;2.29;5.11;0.0;3.49;2.38;48.52;32.81;89.83;45.75;23.38;40.67
15396;2017;Francis Uzoho;0.0;0.04;0.0;1.4;0.27;0.05;14.99;1.62;9.25;93.72;5.21;11.4
15510;2015;Borja Ekiza;0.0;0.3;1.15;0.0;1.41;0.05;14.66;6.12;47.59;46.1;11.97;8.44
15811;2023;Artem Dovbyk;10.0;4.45;0.22;0.0;4.76;4.92;100.0;88.24;33.06;43.85;51.8;86.51
15833;2015;Adnane Tighadouini;1.5;2.97;0.0;0.0;4.37;3.47;84.32;44.53;7.61;46.1;26.9;59.46
15886;2015;Josip Radošević;0.0;1.89;2.21;0.0;4.78;1.97;14.66;28.57;59.55;46.1;29.87;35.81
15900;2022;Abdul Mumin;0.08;0.36;1.52;0.0;4.58;2.27;43.63;36.06;57.63;43.77;47.62;52.8
15900;2023;Abdul Mumin;0.32;1.0;3.79;0.0;5.74;2.08;52.97;48.55;78.49;43.85;70.12;48.06
15900;2024;Abdul Mumin;0.77;1.83;7.88;0.0;7.11;2.35;78.7;63.98;98.78;43.69;85.07;59.23
16369;2022;Gonzalo Plata;1.25;5.54;4.25;0.0;8.15;6.34;82.56;92.02;85.29;43.77;97.06;97.69
18740;2015;Jonny Otto;0.36;5.51;5.77;0.0;6.87;4.66;49.91;77.92;92.02;46.1;71.24;79.41
18740;2016;Jonny Otto;0.38;5.37;5.09;0.0;6.23;4.88;44.55;75.05;89.65;45.75;72.18;80.13
18740;2017;Jonny Otto;0.47;5.21;8.94;0.0;7.46;5.81;56.64;74.87;98.92;45.6;92.37;87.43
18740;2025;Jonny Otto;0.2;3.89;7.71;0.0;7.11;5.21;56.76;84.12;97.94;44.26;91.54;96.03
18742;2022;Matt Doherty;0.0;0.01;0.0;0.0;0.02;0.0;21.22;22.9;14.57;43.77;21.78;13.59
18752;2021;Hélder Costa;0.18;2.29;1.57;0.0;4.67;3.98;52.14;71.98;57.91;43.97;54.22;69.37
18753;2021;Adama Traoré;0.52;2.52;1.05;0.0;5.56;6.83;66.55;74.53;51.27;43.97;71.38;94.77
18765;2015;André Gomes;1.5;6.76;0.11;0.0;7.78;6.07;84.32;86.55;18.37;46.1;90.17;94.99
18765;2016;André Gomes;0.98;5.06;0.42;0.0;5.13;4.03;68.48;72.55;33.73;45.75;44.09;64.79
18765;2017;André Gomes;0.0;4.06;0.45;0.0;5.06;3.08;14.99;58.98;31.42;45.6;40.66;44.79
18776;2023;Çağlar Söyüncü;0.0;0.26;0.21;0.0;2.47;1.31;21.85;31.81;32.71;43.85;31.05;42.53
18787;2020;Shinji Okazaki;0.48;0.92;0.61;0.0;4.15;1.98;70.64;49.14;42.36;44.14;46.21;46.86
18794;2016;Kiko Femenía;0.08;5.14;3.61;0.0;5.89;5.55;29.67;73.66;78.28;45.75;61.65;89.37
18794;2022;Kiko Femenía;0.0;2.0;3.33;0.0;5.43;3.03;21.22;65.55;76.75;43.77;58.82;63.94
18794;2023;Kiko Femenía;0.0;1.68;4.06;0.0;4.62;2.91;21.85;58.99;80.71;43.85;50.14;59.06
18794;2024;Kiko Femenía;0.0;3.79;6.77;0.0;6.48;4.71;22.46;84.87;96.07;43.69;73.88;93.28
18794;2025;Kiko Femenía;0.14;3.08;6.47;0.0;6.21;2.49;54.78;78.16;94.19;44.26;78.46;68.97
18800;2016;Marc Navarro;1.31;3.61;3.26;0.0;6.28;5.02;76.89;52.03;72.92;45.75;73.75;82.81
18800;2017;Marc Navarro;0.77;3.04;4.0;0.0;4.8;2.51;68.04;44.88;73.79;45.6;36.8;37.43
18800;2019;Marc Navarro;0.0;0.65;0.79;0.0;0.0;0.9;15.48;16.19;30.07;46.17;11.57;23.75
18802;2020;Étienne Capoue;0.64;2.35;4.27;0.0;6.54;4.74;76.14;73.64;85.86;44.14;88.36;82.86
18802;2021;Étienne Capoue;0.62;2.2;5.48;0.0;7.57;7.65;69.17;70.44;89.48;43.97;96.65;97.59
18802;2022;Étienne Capoue;1.78;2.5;3.2;0.0;7.28;5.75;87.96;71.5;75.49;43.77;90.2;94.4
18802;2023;Étienne Capoue;0.72;1.84;3.38;0.0;6.23;4.87;66.04;61.41;74.0;43.85;80.84;85.48
18805;2015;Abdoulaye Doucouré;0.0;6.0;4.06;0.0;6.19;3.37;14.66;82.0;76.99;46.1;53.8;57.79
18807;2020;Domingos Quina;1.02;1.3;0.79;0.0;4.54;3.88;84.64;55.57;47.5;44.14;52.43;71.93
18807;2022;Domingos Quina;0.0;1.22;0.54;0.0;4.26;2.41;21.22;52.52;43.0;43.77;43.28;54.69
18809;2017;Gerard Deulofeu;1.26;7.09;2.43;0.0;4.37;2.92;79.08;87.7;61.4;45.6;30.7;42.01
18811;2015;Adalberto Peñaranda;1.68;4.73;0.0;0.0;7.16;5.67;85.71;68.55;7.61;46.1;79.68;91.84
18811;2016;Adalberto Peñaranda;0.0;0.66;0.0;0.0;1.76;0.2;14.7;11.83;9.98;45.75;13.77;13.86
18811;2017;Adalberto Peñaranda;0.97;4.34;0.0;0.0;7.19;5.42;72.98;62.66;9.25;45.6;87.61;81.51
18812;2024;Adrián;0.0;0.22;0.0;6.26;3.61;0.05;22.46;32.5;15.2;96.07;37.92;32.63
18812;2025;Adrián;0.0;0.0;0.0;5.0;0.0;0.0;24.41;12.5;15.81;94.34;12.28;15.22
18821;2025;Grady Diangana;0.5;1.61;1.62;0.0;4.44;2.02;71.99;59.56;60.96;44.26;54.12;61.76
18825;2016;Samir Nasri;1.46;10.0;0.63;0.0;5.31;6.63;79.39;98.61;39.83;45.75;46.95;95.93
18827;2017;Carlos Sánchez;0.0;3.11;5.53;0.0;6.9;5.06;14.99;45.6;85.73;45.6;82.59;75.58
18833;2015;Lucas Pérez;5.0;10.0;0.0;0.0;5.55;5.03;98.52;98.24;7.61;46.1;41.0;85.25
18833;2016;Lucas Pérez;0.68;1.0;0.0;0.0;0.39;0.1;57.86;16.54;9.98;45.75;5.55;11.55
18833;2017;Lucas Pérez;2.51;10.0;0.02;0.0;4.74;4.4;93.54;98.03;18.85;45.6;36.0;65.35
18833;2019;Lucas Pérez;3.21;9.08;0.65;0.0;4.08;3.76;95.73;95.73;25.98;46.17;44.57;59.25
18833;2020;Lucas Pérez;1.52;7.62;0.44;0.0;4.95;5.36;90.64;97.0;38.36;44.14;59.43;90.14
18833;2021;Lucas Pérez;1.15;3.89;0.24;0.0;2.42;1.96;82.98;85.52;34.25;43.97;31.97;45.71
18833;2022;Lucas Pérez;2.29;1.27;0.36;0.0;3.16;1.83;91.53;53.43;38.31;43.77;33.75;47.13
18835;2015;Vicente Guaita;0.0;0.58;0.37;6.21;5.66;1.07;14.66;11.22;30.24;97.03;42.49;23.1
18835;2017;Vicente Guaita;0.0;0.45;0.25;10.0;5.6;0.06;14.99;10.86;25.22;99.73;49.37;13.2
18835;2023;Vicente Guaita;0.0;0.25;0.0;5.75;5.56;0.09;21.85;31.47;13.69;95.3;65.42;32.09
18835;2024;Vicente Guaita;0.0;0.29;0.0;4.88;6.29;0.07;22.46;34.6;15.2;91.99;69.88;34.12
18867;2016;Diego Rico;0.45;3.73;6.72;0.0;7.19;3.0;48.52;54.16;97.78;45.75;91.68;47.6
18867;2017;Diego Rico;0.97;5.98;10.0;0.0;7.51;4.91;72.98;81.51;100.0;45.6;93.63;73.97
18867;2021;Diego Rico;0.13;3.26;6.64;0.0;6.43;3.51;48.66;81.77;94.91;43.97;86.8;63.54
18867;2022;Diego Rico;0.27;1.86;3.98;0.0;6.31;3.81;56.16;63.45;82.28;43.77;75.77;75.0
18867;2023;Diego Rico;0.3;3.4;3.62;0.0;3.66;1.83;51.8;80.98;77.32;43.85;38.93;45.99
18867;2024;Diego Rico;0.21;5.21;6.85;0.0;8.31;3.21;55.77;91.38;96.34;43.69;97.42;73.2
18867;2025;Diego Rico;0.11;2.26;7.05;0.0;7.14;2.87;51.18;68.6;95.88;44.26;92.21;72.28
18893;2022;Federico Fernández;0.0;0.01;0.68;0.0;1.07;0.0;21.22;22.9;45.38;43.77;25.63;13.59
18895;2016;Florian Lejeune;0.86;2.85;5.36;0.0;7.14;4.07;64.51;40.57;91.31;45.75;90.94;65.71
18895;2020;Florian Lejeune;0.54;2.12;6.43;0.0;7.15;4.02;72.93;69.71;97.57;44.14;94.79;74.14
18895;2021;Florian Lejeune;0.18;1.46;5.7;0.0;6.21;2.15;52.14;58.85;91.02;43.97;84.18;48.32
18895;2022;Florian Lejeune;1.79;2.09;3.3;0.0;6.6;2.63;88.1;66.88;76.26;43.77;81.93;58.68
18895;2023;Florian Lejeune;2.79;2.98;4.69;0.0;6.68;3.44;90.94;76.83;86.79;43.85;89.76;66.18
18895;2024;Florian Lejeune;1.31;4.11;6.86;0.0;7.69;2.82;88.47;87.58;96.54;43.69;92.06;67.64
18895;2025;Florian Lejeune;0.77;4.23;7.74;0.0;6.87;2.98;79.56;86.1;98.09;44.26;88.53;74.19
18896;2023;Javier Manquillo;0.0;1.38;2.75;0.0;5.32;2.73;21.85;54.08;67.84;43.85;61.89;55.74
18896;2024;Javier Manquillo;0.0;1.08;2.17;0.0;3.53;0.03;22.46;52.92;65.74;43.69;37.31;29.58
18900;2019;Sung-Yueng Ki;0.0;0.03;0.0;0.0;0.0;0.0;15.48;1.69;6.58;46.17;11.57;4.63
18902;2019;Kenedy;0.71;3.74;2.04;0.0;0.0;4.74;60.41;61.83;49.56;46.17;11.57;75.89
18902;2020;Kenedy;1.47;2.93;3.3;0.0;5.44;5.18;89.79;81.07;77.14;44.14;68.57;88.57
18902;2022;Kenedy;0.51;1.36;0.65;0.0;3.38;1.93;65.41;54.76;44.19;43.77;35.08;48.46
18902;2024;Kenedy;0.0;0.0;0.0;0.0;0.08;0.0;22.46;11.53;15.2;43.69;23.54;13.7
18905;2020;Yoshinori Muto;0.54;1.71;0.99;0.0;5.17;4.21;72.93;63.93;50.64;44.14;63.93;76.79
18906;2022;Ayoze Pérez;3.0;3.32;4.18;0.0;8.31;7.8;94.96;79.97;84.03;43.77;98.18;99.58
18906;2023;Ayoze Pérez;5.28;4.24;5.55;0.0;7.64;6.71;97.1;86.93;92.67;43.85;96.89;97.51
18906;2024;Ayoze Pérez;5.32;4.74;2.2;0.0;7.02;5.11;99.73;89.82;66.01;43.69;83.38;95.93
18906;2025;Ayoze Pérez;1.42;4.62;2.14;0.0;5.71;3.99;87.21;87.57;66.76;44.26;72.06;88.31
18907;2016;Joselu;2.82;2.52;0.0;0.0;6.25;2.51;93.16;35.67;9.98;45.75;73.11;42.33
18907;2019;Joselu;3.94;2.74;1.77;0.0;8.82;3.64;97.69;45.46;46.09;46.17;96.8;56.67
18907;2020;Joselu;3.45;4.06;2.31;0.0;10.0;4.94;98.43;87.57;68.14;44.14;100.0;85.79
18907;2021;Joselu;5.45;4.8;1.44;0.0;10.0;3.96;98.93;90.88;56.64;43.97;100.0;68.9
18907;2022;Joselu;5.71;3.05;1.28;0.0;9.61;4.23;99.72;77.52;53.85;43.77;99.58;80.32
18907;2023;Joselu;5.21;1.76;0.68;0.0;5.11;2.8;96.96;60.65;43.22;43.85;57.26;56.78
18949;2022;Oriol Romeu;0.78;3.97;6.95;0.0;7.6;6.28;73.67;85.08;97.2;43.77;93.7;97.27
18949;2023;Oriol Romeu;0.21;2.16;2.72;0.0;5.11;3.11;48.76;66.74;67.63;43.85;57.26;62.1
18949;2024;Oriol Romeu;0.08;2.22;3.91;0.0;5.96;2.5;48.24;68.32;82.29;43.69;64.59;61.33
18965;2015;Martín Montoya;0.0;3.69;6.72;0.0;8.66;5.09;14.66;55.84;95.64;46.1;97.96;85.9
18965;2016;Martín Montoya;0.63;4.08;4.66;0.0;7.42;4.91;55.45;58.96;87.34;45.75;94.64;80.59
18965;2017;Martín Montoya;0.42;5.01;6.61;0.0;7.32;4.7;53.23;71.81;91.38;45.6;90.48;71.1
18965;2020;Martín Montoya;0.0;0.73;0.64;0.0;4.68;2.8;22.64;44.71;43.79;44.14;55.21;56.57
18965;2021;Martín Montoya;0.42;1.86;4.62;0.0;5.79;0.42;64.01;65.48;84.65;43.97;77.01;34.45
18965;2022;Martín Montoya;0.0;0.6;1.33;0.0;5.24;0.85;21.22;41.04;54.62;43.77;55.95;37.54
18978;2016;Florin Andone;4.02;2.49;0.0;0.0;6.17;4.15;97.23;35.4;9.98;45.75;70.15;68.02
18978;2017;Florin Andone;2.59;2.35;0.0;0.0;5.06;3.1;94.25;36.62;9.25;45.6;40.66;45.42
18978;2021;Florin Andone;0.15;0.63;0.03;0.0;3.12;2.21;49.46;43.57;29.22;43.97;35.25;49.26
18998;2015;Víctor Camarasa;0.76;5.14;1.49;0.0;5.96;3.58;67.35;74.03;51.58;46.1;49.17;61.13
18998;2016;Víctor Camarasa;1.01;5.6;0.6;0.0;5.21;4.68;69.5;77.26;38.26;45.75;45.75;77.54
18998;2017;Víctor Camarasa;0.52;4.81;1.82;0.0;5.42;3.97;59.07;69.93;55.57;45.6;46.41;56.55
18998;2019;Víctor Camarasa;0.32;5.45;4.15;0.0;7.14;3.68;44.75;81.49;69.04;46.17;80.6;57.3
18998;2021;Víctor Camarasa;0.0;0.13;1.13;0.0;3.36;0.17;21.72;29.89;53.49;43.97;36.86;33.31
19011;2019;Fabri;0.0;0.1;0.0;0.11;0.0;0.0;15.48;4.54;6.58;92.35;11.57;4.63
19014;2015;Sergio Rico;0.0;0.73;0.37;8.44;5.88;0.07;14.66;12.99;30.24;98.89;46.85;10.85
19014;2016;Sergio Rico;0.0;0.81;0.23;6.08;4.62;0.01;14.7;14.6;28.56;97.6;34.57;7.21
19014;2017;Sergio Rico;0.0;0.65;0.0;5.81;4.84;0.06;14.99;14.99;9.25;96.95;37.52;13.2
19014;2021;Sergio Rico;0.0;0.4;0.0;5.28;1.96;0.0;21.72;36.13;14.28;94.91;29.89;13.4
19026;2022;Luca De La Torre;0.25;2.28;1.93;0.0;4.58;3.81;54.69;68.84;63.31;43.77;47.62;75.0
19026;2023;Luca De La Torre;1.17;3.3;3.3;0.0;5.15;2.88;76.42;80.22;72.89;43.85;58.37;58.02
19026;2024;Luca De La Torre;0.0;0.01;0.0;0.0;0.11;0.0;22.46;23.81;15.2;43.69;24.02;13.7
19034;2016;Ryan Babel;3.07;2.86;1.06;0.0;5.21;3.36;94.27;40.85;49.08;45.75;45.75;53.6
19036;2015;Luciano Vietto;0.9;5.55;0.0;0.0;5.27;3.65;72.82;78.57;7.61;46.1;36.27;62.34
19036;2016;Luciano Vietto;2.68;5.34;0.0;0.0;4.02;2.97;92.24;74.86;9.98;45.75;26.99;47.13
19036;2017;Luciano Vietto;0.63;3.64;0.83;0.0;3.4;1.93;64.72;53.68;39.95;45.6;23.52;32.68
19070;2024;Max Aarons;0.0;0.28;0.34;0.0;4.45;0.89;22.46;34.12;38.06;43.69;44.03;40.57
19071;2015;Emiliano Buendia;0.76;3.21;1.8;0.0;6.79;4.1;67.35;47.87;55.38;46.1;69.57;71.43
19112;2015;Kiko Casilla;0.0;0.22;0.0;2.0;0.0;0.0;14.66;5.57;7.61;94.43;0.93;2.97
19112;2016;Kiko Casilla;0.0;0.72;0.0;8.32;4.0;0.0;14.7;12.94;9.98;98.34;26.62;3.6
19112;2017;Kiko Casilla;0.0;0.98;0.67;5.3;2.85;0.0;14.99;19.39;35.37;96.59;19.93;4.67
19112;2021;Kiko Casilla;0.0;0.28;0.0;7.58;3.51;0.01;21.72;33.11;14.28;96.78;38.4;27.28
19112;2022;Kiko Casilla;0.0;0.0;0.0;5.0;0.0;0.0;21.22;10.43;14.57;92.65;10.71;13.59
19129;2015;Pablo Hernández;1.43;7.21;1.1;0.0;5.78;4.08;83.49;88.68;46.75;46.1;44.34;70.87
19161;2017;Jefferson Montero;0.0;0.51;0.0;0.0;1.1;0.55;14.99;12.39;9.25;45.6;13.82;20.47
19172;2023;Ørjan Nyland;0.0;0.58;0.0;7.25;5.42;0.05;21.85;40.66;13.69;97.37;63.42;28.35
19172;2024;Ørjan Nyland;0.0;0.82;0.09;7.48;5.69;0.03;22.46;47.35;32.23;97.42;60.92;29.58
19172;2025;Ørjan Nyland;0.0;0.09;0.0;5.99;1.35;0.0;24.41;30.51;15.81;96.91;31.69;15.22
19278;2023;Famara Diédhiou;0.72;0.68;0.03;0.0;4.68;3.29;66.04;43.5;28.15;43.85;50.76;64.18
19284;2017;Costel Pantilimon;0.0;0.36;0.0;2.82;0.69;0.75;14.99;9.16;9.25;94.61;10.5;22.08
19291;2020;Saidy Janko;0.1;2.25;3.43;0.0;5.91;5.16;49.64;71.79;79.21;44.14;76.43;88.43
19306;2022;Arvin Appiah;0.0;0.0;0.0;0.0;0.0;0.0;21.22;10.43;14.57;43.77;10.71;13.59
19306;2023;Arvin Appiah;0.0;0.0;0.0;0.0;0.0;0.0;21.85;10.1;13.69;43.85;9.68;12.86
19337;2024;Oliver McBurnie;1.16;3.6;1.35;0.0;6.94;3.34;86.5;82.56;55.09;43.69;82.43;74.56
19352;2023;Sergi Canós;2.6;2.31;2.56;0.0;5.38;4.31;89.7;69.16;65.7;43.85;62.79;78.42
19352;2024;Sergi Canós;0.21;0.71;1.0;0.0;3.6;0.47;55.77;44.84;50.47;43.69;37.72;37.45
19426;2016;Jon Toral;0.0;0.74;0.23;0.0;2.37;0.1;14.7;13.12;28.56;45.75;16.82;11.55
19485;2023;Ben Brereton Díaz;0.19;0.46;0.05;0.0;2.52;1.22;47.79;36.31;28.56;43.85;31.54;40.32
19512;2017;Bojan Krkić;0.64;1.96;0.7;0.0;4.99;5.07;65.8;31.06;36.09;45.6;39.41;75.76
19533;2015;Jota Peleteiro;0.82;5.07;0.72;0.0;5.31;4.82;68.92;72.36;38.59;46.1;37.01;81.63
19533;2016;Jota Peleteiro;0.0;1.17;0.21;0.0;1.82;1.41;14.7;17.56;27.91;45.75;14.6;28.65
19533;2020;Jota Peleteiro;0.15;2.9;1.22;0.0;3.82;3.4;52.64;80.71;53.5;44.14;42.43;65.14
19599;2017;Emiliano Martínez;0.0;0.19;0.0;2.32;1.01;0.05;14.99;6.01;9.25;94.25;13.64;11.4
19607;2021;Matthew Miazga;0.28;0.44;2.08;0.0;5.47;0.03;57.31;38.4;63.74;43.97;68.97;29.09
19613;2025;Ovie Ejaria;0.23;0.69;0.98;0.0;3.78;1.62;59.26;45.44;50.44;44.26;46.91;55.22
20520;2021;Iván Balliu;0.42;6.04;5.51;0.0;6.55;4.63;64.01;94.64;90.08;43.97;88.07;78.02
20520;2022;Iván Balliu;0.08;4.19;4.63;0.0;6.73;3.64;43.63;86.76;87.39;43.77;83.54;72.62
20520;2023;Iván Balliu;0.4;3.25;4.87;0.0;5.86;2.98;57.26;79.53;88.45;43.85;72.89;59.96
20520;2024;Iván Balliu;0.0;0.97;1.75;0.0;4.85;2.32;22.46;49.46;59.91;43.69;48.03;58.68
20520;2025;Iván Balliu;0.0;0.47;0.98;0.0;3.7;2.11;24.41;40.07;50.44;44.26;45.96;63.38
20539;2016;Emmanuel Rivière;0.9;2.35;0.0;0.0;5.23;2.8;66.08;33.83;9.98;45.75;46.21;44.82
20600;2024;Romain Perraud;0.58;2.71;3.18;0.0;6.38;3.01;71.1;74.22;76.26;43.69;71.57;69.95
20608;2023;Rominigue Kouamé;0.0;1.32;3.11;0.0;5.78;4.53;21.85;53.11;70.33;43.85;70.95;80.5
20627;2022;Houboulang Mendes;0.0;0.73;1.52;0.0;4.08;2.97;21.22;43.14;57.63;43.77;41.39;63.31
20627;2023;Houboulang Mendes;0.0;0.44;3.4;0.0;5.84;2.09;21.85;35.96;74.27;43.85;72.54;48.41
20631;2016;Matthieu Saunier;0.0;2.31;7.1;0.0;5.59;4.47;14.7;33.55;98.52;45.75;53.33;73.75
20660;2023;Aleksandar Radovanović;0.0;0.69;5.13;0.0;5.27;0.09;21.85;43.78;90.53;43.85;60.86;32.09
20661;2020;Modibo Sagnan;0.06;0.74;1.03;0.0;4.21;2.41;46.93;45.14;51.5;44.14;47.36;50.93
20696;2022;Pape Gueye;1.25;4.54;7.57;0.0;8.71;6.09;82.56;88.94;98.74;43.77;99.02;96.64
20696;2024;Pape Gueye;1.7;2.88;5.88;0.0;8.12;3.46;92.2;76.19;92.67;43.69;96.2;77.48
20696;2025;Pape Gueye;1.38;4.23;3.65;0.0;6.13;3.11;86.62;86.1;78.68;44.26;77.13;75.88
20817;2025;Goduine Koyalipou;0.98;0.31;0.69;0.0;4.33;3.7;82.94;35.0;45.0;44.26;52.5;85.81
20844;2022;Haissem Hassan;0.0;0.29;0.06;0.0;2.76;1.84;21.22;34.1;30.11;43.77;32.07;47.34
20844;2025;Haissem Hassan;0.55;3.62;1.76;0.0;6.28;6.55;73.68;82.5;62.72;44.26;80.15;98.82
20997;2016;Rafa Navarro;1.13;4.81;1.29;0.0;5.07;3.48;72.83;68.21;52.77;45.75;42.51;56.56
20997;2017;Rafa Navarro;0.21;1.77;0.61;0.0;1.51;1.2;41.83;28.37;33.93;45.6;15.98;26.66
21004;2023;Lucien Agoumé;0.6;3.44;5.21;0.0;6.04;4.72;62.45;81.33;91.29;43.85;76.07;83.82
21004;2024;Lucien Agoumé;0.26;4.57;7.28;0.0;7.36;4.88;59.7;89.28;97.76;43.69;88.53;94.44
21004;2025;Lucien Agoumé;0.49;5.46;6.47;0.0;6.72;3.03;71.47;90.88;94.19;44.26;86.18;74.85
21070;2020;Omenuke Mfulu;0.0;0.54;1.84;0.0;4.19;0.9;22.64;41.21;63.29;44.14;46.93;35.64
21070;2023;Omenuke Mfulu;0.0;0.1;0.63;0.0;4.17;1.27;21.85;28.77;41.84;43.85;43.22;41.84
21087;2025;Batista Mendy;0.87;2.49;4.85;0.0;6.58;3.65;81.32;72.43;85.88;44.26;84.12;84.56
21090;2019;Diego Carlos;0.55;4.06;5.21;0.0;6.5;3.96;53.91;66.64;79.54;46.17;72.24;62.99
21090;2020;Diego Carlos;0.48;3.26;3.84;0.0;5.84;4.32;70.64;84.0;83.21;44.14;75.29;78.21
21090;2021;Diego Carlos;1.38;3.36;6.19;0.0;6.76;1.96;85.66;82.98;94.17;43.97;89.54;45.71
21099;2015;Rene Krhin;0.1;2.16;4.88;0.0;7.31;5.1;31.82;31.73;84.23;46.1;82.1;86.27
21099;2016;Rene Krhin;0.19;3.27;3.86;0.0;6.49;5.28;34.1;47.78;80.04;45.75;79.85;86.69
21153;2025;Baptiste Santamaria;0.43;1.62;1.59;0.0;5.28;2.42;69.34;59.71;60.59;44.26;65.81;68.01
21441;2023;Faitout Maouassa;0.0;1.57;1.36;0.0;4.83;1.07;21.85;57.26;54.36;43.85;52.56;38.45
21494;2016;Franck Tabanou;0.23;1.13;0.29;0.0;3.78;2.48;37.62;17.38;30.31;45.75;24.95;41.77
21566;2021;Benjamin Lecomte;0.0;0.0;0.0;5.0;0.0;0.0;21.72;10.86;14.28;93.83;10.99;13.4
21566;2022;Benjamin Lecomte;0.0;0.49;0.0;5.58;0.02;0.0;21.22;39.36;14.57;94.68;21.78;13.59
21584;2023;Mihailo Ristić;0.81;1.75;3.25;0.0;5.52;3.15;68.74;60.3;71.85;43.85;64.66;62.52
21584;2024;Mihailo Ristić;0.0;0.98;0.68;0.0;3.05;0.85;22.46;49.73;44.64;43.69;34.06;39.96
21584;2025;Mihailo Ristić;0.0;0.96;0.72;0.0;3.62;3.3;24.41;50.29;45.44;44.26;45.44;79.26
21631;2017;Paul Baysse;0.56;2.06;3.91;0.0;6.59;2.78;61.04;32.05;72.71;45.6;73.16;40.39
21648;2015;Claudio Beauvue;1.29;2.64;0.0;0.0;6.43;2.91;82.37;39.33;7.61;46.1;60.02;49.44
21648;2016;Claudio Beauvue;1.04;4.3;0.0;0.0;5.93;2.57;70.43;62.38;9.98;45.75;63.31;43.16
21648;2017;Claudio Beauvue;0.98;1.81;0.0;0.0;6.1;3.96;73.61;29.08;9.25;45.6;62.48;56.28
21694;2024;Nayef Aguerd;0.49;3.73;5.26;0.0;8.46;3.21;68.66;84.33;90.23;43.69;98.58;73.2
21701;2024;Valentin Rosier;0.41;2.23;8.57;0.0;7.42;3.99;66.28;68.66;99.46;43.69;89.21;85.28
21701;2025;Valentin Rosier;0.0;2.61;4.47;0.0;6.1;3.13;24.41;73.16;84.26;44.26;76.47;76.47
21709;2023;Enzo Loiodice;0.6;3.17;4.27;0.0;6.69;5.41;62.45;79.11;82.57;43.85;89.9;90.18
21709;2024;Enzo Loiodice;0.26;0.99;1.57;0.0;4.41;1.66;59.7;50.0;58.14;43.69;43.83;49.66
21714;2023;Sory Kaba;0.32;0.88;0.0;0.0;4.54;3.57;52.97;46.89;13.69;43.85;48.48;69.43
21996;2019;Baba Rahman;0.0;0.1;0.33;0.0;0.0;0.0;15.48;4.54;21.0;46.17;11.57;4.63
21997;2024;Logan Costa;0.59;2.23;4.62;0.0;6.53;0.04;71.37;68.66;86.77;43.69;75.31;31.14
22014;2019;Pablo Chavarria;0.21;1.26;0.23;0.0;4.85;1.88;36.39;24.2;18.95;46.17;52.94;33.45
22015;2021;Boulaye Dia;2.11;3.5;0.89;0.0;4.76;3.84;92.02;83.51;48.66;43.97;55.5;67.76
22084;2016;Gabriel Silva;0.0;2.58;6.66;0.0;5.72;3.64;14.7;37.15;97.41;45.75;56.28;58.96
22086;2015;Timothée Kolodziejczak;0.14;2.71;4.29;0.0;5.93;4.01;34.69;40.45;79.31;46.1;48.14;69.76
22086;2016;Timothée Kolodziejczak;0.0;2.12;3.3;0.0;2.77;1.9;14.7;30.31;73.2;45.75;18.11;34.75
22104;2019;Yannis Salibur;0.0;1.71;0.0;0.0;0.0;1.1;15.48;29.36;6.58;46.17;11.57;25.8
22146;2021;Manu García;0.08;2.67;1.71;0.0;5.2;6.44;45.17;76.41;59.65;43.97;64.14;92.63
22167;2015;Danilo;0.33;3.01;2.88;0.0;8.58;6.26;49.07;44.99;66.33;46.1;97.4;95.73
22225;2021;Reinildo Mandava;0.0;1.58;10.0;0.0;7.34;4.07;21.72;60.52;100.0;43.97;94.84;70.24
22225;2022;Reinildo Mandava;0.13;2.82;10.0;0.0;8.29;2.48;46.78;75.21;100.0;43.77;98.04;55.95
22225;2023;Reinildo Mandava;1.11;1.53;4.45;0.0;5.98;3.52;75.24;56.36;84.99;43.85;74.62;68.53
22225;2024;Reinildo Mandava;0.06;0.64;2.11;0.0;5.0;1.36;46.27;43.42;65.26;43.69;50.54;47.01
22233;2023;Boubakary Soumaré;0.0;2.55;4.85;0.0;6.51;6.1;21.85;73.03;88.04;43.85;86.31;94.19
22235;2023;Jonathan Bamba;2.81;5.84;2.1;0.0;6.7;6.44;91.15;93.36;61.41;43.85;90.04;95.92
22235;2024;Jonathan Bamba;0.87;3.8;2.12;0.0;6.48;4.25;81.28;85.14;65.4;43.69;73.88;88.47
22240;2017;Loïc Rémy;3.41;1.91;0.02;0.0;5.66;5.49;96.77;29.8;18.85;45.6;50.72;82.76
22245;2017;Lionel Carole;0.21;3.38;1.82;0.0;4.25;3.6;41.83;49.64;55.57;45.6;29.8;51.44
22258;2016;Jonas Martin;1.01;3.99;1.21;0.0;5.04;4.28;69.5;56.93;51.76;45.75;42.05;70.15
22259;2018;Sanjin Prcić;0.21;2.85;6.42;0.0;6.62;2.51;37.85;42.09;92.09;46.05;74.29;39.36
24760;2021;Giorgi Mamardashvili;0.0;0.12;0.0;7.79;4.77;0.03;21.72;29.62;14.28;97.05;55.97;29.09
24760;2022;Giorgi Mamardashvili;0.0;0.29;0.0;6.06;4.96;0.04;21.22;34.1;14.57;95.52;51.54;30.04
24760;2023;Giorgi Mamardashvili;0.0;0.47;0.17;10.0;5.75;0.06;21.85;36.51;31.05;99.79;70.26;30.01
24760;2024;Giorgi Mamardashvili;0.0;0.61;0.05;9.02;5.19;0.09;22.46;42.67;30.87;98.78;53.53;35.28
24793;2015;Jorge Meré;0.08;1.56;5.68;0.0;6.58;5.18;30.98;23.1;91.28;46.1;64.29;88.31
24793;2016;Jorge Meré;0.08;2.2;5.28;0.0;6.3;5.03;29.67;31.89;90.67;45.75;74.77;82.99
24793;2022;Jorge Meré;0.17;0.28;3.12;0.0;6.1;0.1;49.79;33.54;74.37;43.77;71.78;33.26
24793;2023;Jorge Meré;0.15;0.15;1.64;0.0;4.35;1.3;46.89;29.6;56.98;43.85;45.44;42.32
24799;2017;Johannes Geis;0.15;4.22;2.9;0.0;4.54;0.04;36.27;60.5;65.08;45.6;33.57;9.69
24886;2017;Jairo Samperio;0.19;2.1;0.76;0.0;4.97;4.54;39.05;32.85;38.42;45.6;38.96;66.97
25131;2015;Patrick Ebert;0.86;5.1;0.42;0.0;4.0;1.8;70.59;72.91;32.19;46.1;23.19;33.02
25345;2020;Karim Rekik;0.0;0.84;0.85;0.0;3.77;2.41;22.64;47.43;48.86;44.14;42.0;50.93
25345;2021;Karim Rekik;0.0;2.86;2.52;0.0;4.93;3.26;21.72;78.02;67.36;43.97;59.12;60.46
25345;2022;Karim Rekik;0.37;2.05;2.43;0.0;5.2;2.06;60.78;66.32;68.42;43.77;55.32;49.79
25375;2024;Takuma Asano;1.21;1.38;1.75;0.0;4.92;2.0;87.31;57.94;59.91;43.69;48.85;54.41
25375;2025;Takuma Asano;0.49;0.44;0.26;0.0;3.59;1.28;71.47;38.97;37.06;44.26;44.85;51.69
25390;2015;Jonathas;3.18;4.07;0.0;0.0;6.32;2.59;95.18;60.67;7.61;46.1;57.51;43.32
25409;2015;Ignacio Camacho;1.02;4.58;7.01;0.0;9.36;4.61;76.35;66.51;97.22;46.1;99.44;78.57
25409;2016;Ignacio Camacho;1.35;4.31;7.54;0.0;8.94;3.68;77.54;62.66;99.08;45.75;99.26;60.17
25458;2023;Dodi Lukebakio;4.3;2.59;0.74;0.0;5.59;6.06;96.13;73.58;44.74;43.85;65.98;93.57
25458;2024;Dodi Lukebakio;3.71;6.39;1.71;0.0;7.79;7.0;98.51;94.98;59.63;43.69;93.22;99.46
25458;2025;Dodi Lukebakio;0.69;2.0;0.15;0.0;0.78;0.45;77.21;65.51;34.85;44.26;29.12;41.1
25914;2016;Aarón Martin Caricol;0.08;4.41;4.07;0.0;6.58;5.96;29.67;63.4;82.26;45.75;81.33;92.98
25914;2017;Aarón Martin Caricol;0.13;5.28;4.49;0.0;6.11;5.64;34.83;75.58;78.1;45.6;62.75;84.47
25914;2020;Aarón Martin Caricol;0.12;2.85;4.62;0.0;6.16;4.97;50.29;79.71;88.93;44.14;81.21;86.0
26302;2017;Pablo Maffeo;0.44;4.85;5.15;0.0;7.48;5.03;55.12;70.29;83.48;45.6;93.36;75.31
26302;2020;Pablo Maffeo;0.6;3.98;4.8;0.0;7.33;6.29;74.93;87.14;90.14;44.14;95.86;95.71
26302;2021;Pablo Maffeo;0.75;4.19;8.87;0.0;8.38;7.43;72.25;87.47;99.06;43.97;98.93;96.92
26302;2022;Pablo Maffeo;0.73;4.99;6.35;0.0;8.28;5.24;72.62;90.9;95.94;43.77;97.9;91.74
26302;2023;Pablo Maffeo;0.85;2.13;3.48;0.0;6.51;4.51;69.78;66.25;75.24;43.85;86.31;80.15
26302;2024;Pablo Maffeo;0.08;4.3;6.42;0.0;8.2;5.61;48.24;88.33;94.84;43.69;97.01;97.15
26302;2025;Pablo Maffeo;0.41;1.84;8.24;0.0;7.83;5.86;67.87;62.5;98.53;44.26;96.91;97.65
26315;2025;Nicolás González;1.86;2.14;2.81;0.0;7.34;4.08;90.59;67.06;71.91;44.26;93.97;89.04
26727;2015;Hachim Mastour;0.0;0.07;0.0;0.0;0.18;0.0;14.66;1.86;7.61;46.1;3.34;2.97
26728;2015;Piti;1.18;4.47;0.23;0.0;4.17;3.43;79.31;65.21;23.01;46.1;25.23;58.72
26845;2023;Anastasios Douvikas;3.17;1.11;1.18;0.0;5.63;3.51;92.53;50.14;51.04;43.85;67.22;68.12
26845;2024;Anastasios Douvikas;1.58;0.86;1.14;0.0;5.84;2.39;91.45;48.1;52.17;43.69;62.42;59.91
27031;2015;Nili;0.43;4.41;1.82;0.0;2.89;2.25;52.69;64.47;55.66;46.1;17.81;39.61
28373;2024;Tamás Nikitscher;0.14;0.88;4.14;0.0;6.45;3.79;51.9;48.3;83.58;43.69;72.93;82.09
28406;2016;Lacina Traoré;2.48;2.29;0.4;0.0;4.76;1.46;90.02;32.81;33.18;45.75;36.78;29.57
30396;2015;Cristiano Biraghi;0.07;3.37;2.83;0.0;6.78;2.96;29.96;51.02;65.86;46.1;69.2;50.37
30399;2025;Dávid Hancko;0.33;4.2;5.57;0.0;6.44;2.3;63.53;85.88;90.51;44.26;82.57;65.74
30406;2022;Luis Montiel;0.0;0.0;0.0;0.0;0.0;0.0;21.22;10.43;14.57;43.77;10.71;13.59
30433;2020;Papu Gómez;1.96;4.91;1.69;0.0;5.01;4.1;93.71;91.86;60.71;44.14;60.5;75.29
30433;2021;Papu Gómez;2.14;4.27;1.47;0.0;5.93;5.88;92.23;88.07;57.1;43.97;80.16;89.75
30433;2022;Papu Gómez;1.11;3.23;0.75;0.0;5.37;4.35;79.83;79.41;47.2;43.77;57.84;81.79
30433;2023;Papu Gómez;0.0;0.0;0.0;0.0;0.0;0.0;21.85;10.1;13.69;43.85;9.68;12.86
30453;2021;Jakub Jankto;0.0;1.42;1.13;0.0;4.37;2.95;21.72;58.11;53.49;43.97;49.53;56.9
30483;2016;Roberto Soriano;2.67;6.1;1.98;0.0;6.06;4.71;92.05;82.26;60.44;45.75;67.01;78.19
30483;2017;Roberto Soriano;0.57;4.09;0.25;0.0;6.04;4.91;62.03;59.52;25.22;45.6;61.13;73.97
30490;2016;Nicola Sansone;2.47;4.09;0.0;0.0;4.73;4.28;89.83;59.33;9.98;45.75;36.23;70.15
30490;2017;Nicola Sansone;1.98;4.68;0.0;0.0;4.14;4.02;89.5;68.04;9.25;45.6;28.73;58.17
30490;2018;Nicola Sansone;0.64;1.6;0.0;0.0;0.41;0.0;62.81;25.14;4.99;46.05;5.46;3.58
30495;2016;Salvatore Sirigu;0.0;0.55;0.23;0.97;1.81;0.0;14.7;10.44;28.56;93.53;14.42;3.6
30510;2016;Álex Berenguer;0.54;5.74;4.15;0.0;7.41;6.75;52.96;78.0;83.27;45.75;94.45;96.21
30510;2020;Álex Berenguer;2.05;5.35;3.48;0.0;6.46;4.85;94.21;93.57;79.86;44.14;87.29;84.07
30510;2021;Álex Berenguer;1.79;6.07;3.1;0.0;6.87;5.33;89.41;94.77;73.26;43.97;91.22;83.65
30510;2022;Álex Berenguer;2.03;5.86;3.53;0.0;6.9;4.55;89.92;92.65;78.57;43.77;85.29;84.59
30510;2023;Álex Berenguer;2.77;4.29;1.37;0.0;5.07;3.81;90.73;87.41;54.7;43.85;56.5;73.31
30510;2024;Álex Berenguer;1.94;6.54;2.09;0.0;6.47;4.13;93.42;95.93;64.99;43.69;73.41;86.7
30510;2025;Álex Berenguer;2.3;8.2;2.17;0.0;6.96;5.12;93.68;97.5;66.99;44.26;89.41;95.15
30515;2016;Simone Zaza;3.27;3.5;0.0;0.0;6.55;3.28;94.82;50.37;9.98;45.75;80.22;51.39
30515;2017;Simone Zaza;3.17;2.74;0.0;0.0;6.24;2.55;96.05;40.75;9.25;45.6;66.07;37.97
30524;2015;Mauricio Lemos;0.43;2.21;4.07;0.0;5.43;3.06;52.69;32.47;77.18;46.1;39.05;52.04
30524;2016;Mauricio Lemos;1.96;3.38;4.45;0.0;5.85;4.14;85.77;49.17;85.4;45.75;60.72;67.47
30524;2017;Mauricio Lemos;0.26;4.44;3.87;0.0;5.29;3.66;45.6;64.81;72.26;45.6;43.63;52.24
30525;2022;Pol Lirola;0.27;1.03;1.46;0.0;4.7;2.44;56.16;49.51;56.58;43.77;49.02;54.97
30529;2016;Marlon;0.0;1.26;0.86;0.0;0.91;0.4;14.7;18.85;44.36;45.75;10.35;16.64
30531;2016;Jérémie Boga;1.13;3.52;0.1;0.0;5.75;6.93;72.83;50.83;23.29;45.75;57.67;96.67
30543;2025;Giacomo Raspadori;0.36;1.26;0.11;0.0;3.47;0.93;65.74;55.59;32.72;44.26;43.53;45.0
30568;2020;Christian Oliva;0.14;1.41;0.87;0.0;3.1;2.6;52.07;57.86;49.36;44.14;36.14;53.86
30690;2025;Nicolas Fonseca;0.0;0.49;1.98;0.0;1.62;0.55;24.41;40.96;64.93;44.26;33.24;41.47
30735;2015;Marco Andreolli;0.0;1.89;2.26;0.0;4.11;0.2;14.66;28.57;60.2;46.1;24.12;15.68
30737;2019;Federico Barba;0.27;0.96;3.61;0.0;0.0;1.3;41.64;21.26;64.59;46.17;11.57;28.38
30765;2025;Ionuț Radu;0.0;0.29;0.0;10.0;4.74;0.12;24.41;34.71;15.81;99.93;57.65;37.65
30770;2024;Antonio Candela;0.0;1.95;2.51;0.0;4.81;2.58;22.46;65.13;70.15;43.69;47.35;63.5
30783;2017;Esteban Rolón;0.0;1.28;2.67;0.0;3.48;2.72;14.99;22.53;63.11;45.6;24.6;39.5
30924;2024;Marash Kumbulla;0.73;1.22;7.22;0.0;7.88;2.77;77.54;55.02;97.29;43.69;93.89;66.62
30924;2025;Marash Kumbulla;0.0;1.34;1.3;0.0;5.75;1.36;24.41;56.76;55.66;44.26;72.72;52.5
30927;2025;Santiago Colombatto;0.23;4.5;3.18;0.0;6.13;3.38;59.26;86.91;74.71;44.26;77.13;80.81
30941;2017;Giampaolo Pazzini;1.26;0.35;0.18;0.0;3.73;2.62;79.08;8.53;22.53;45.6;25.67;38.42
31361;2017;Róbert Mazáň;0.21;1.36;0.58;0.0;0.45;0.32;41.83;23.88;33.39;45.6;7.63;18.58
31361;2018;Róbert Mazáň;0.0;1.0;1.39;0.0;0.53;0.0;13.09;16.95;40.77;46.05;6.69;3.58
31386;2020;Jawad El Yamiq;0.21;1.31;6.75;0.0;6.78;1.96;55.93;55.71;97.86;44.14;91.57;46.71
31386;2022;Jawad El Yamiq;0.57;1.61;5.34;0.0;6.37;4.23;67.79;59.59;91.6;43.77;76.61;80.32
31406;2022;Umar Sadiq;1.43;0.6;0.08;0.0;1.6;0.97;85.08;41.04;30.74;43.77;28.01;38.38
31406;2023;Umar Sadiq;1.7;1.3;0.77;0.0;5.26;5.8;82.57;52.49;45.5;43.85;60.44;92.74
31406;2024;Umar Sadiq;1.09;0.82;0.74;0.0;5.2;3.15;85.21;47.35;45.86;43.69;53.73;72.25
31406;2025;Umar Sadiq;0.11;0.58;0.02;0.0;2.16;0.84;51.18;43.31;31.69;44.26;34.56;43.24
31538;2016;Alberto Brignoli;0.0;0.07;0.0;0.0;0.0;0.0;14.7;3.05;9.98;45.75;1.39;3.6
31563;2019;Aleksandar Trajkovski;0.77;5.69;0.68;0.0;4.55;3.85;62.28;84.07;26.42;46.17;49.11;61.48
31626;2018;Samuele Longo;0.86;2.82;0.03;0.0;4.75;3.32;70.06;41.34;10.26;46.05;35.97;50.28
32862;2019;Takefusa Kubo;2.58;5.75;2.93;0.0;6.9;6.54;90.93;84.34;57.47;46.17;76.07;94.4
32862;2020;Takefusa Kubo;0.84;2.31;0.84;0.0;4.61;4.36;81.93;73.0;48.5;44.14;54.43;78.71
32862;2021;Takefusa Kubo;1.01;4.52;2.99;0.0;6.81;7.39;80.23;89.54;72.65;43.97;90.42;96.51
32862;2022;Takefusa Kubo;3.71;5.18;2.82;0.0;7.09;5.69;97.06;91.32;71.71;43.77;87.68;94.26
32862;2023;Takefusa Kubo;3.94;7.92;2.35;0.0;6.87;7.34;94.95;97.51;63.9;43.85;91.77;98.2
32862;2024;Takefusa Kubo;1.5;5.2;2.28;0.0;8.11;7.01;90.71;91.18;67.64;43.69;95.86;99.59
32862;2025;Takefusa Kubo;2.04;7.3;3.82;0.0;7.7;6.03;91.91;96.62;80.15;44.26;96.4;98.09
32871;2021;Taichi Hara;0.0;0.0;0.0;0.0;0.0;0.0;21.72;10.86;14.28;43.97;10.99;13.4
32970;2015;Leandro Damião;0.21;1.73;0.0;0.0;1.53;0.1;41.19;25.6;7.61;46.1;12.8;12.34
33173;2016;Hiroshi Kiyotake;0.68;4.0;0.4;0.0;1.96;1.67;57.86;57.3;33.18;45.75;14.97;31.98
33243;2015;Andrés Iniesta;0.61;9.75;1.59;0.0;7.46;6.78;60.58;96.1;52.6;46.1;84.79;97.59
33243;2016;Andrés Iniesta;0.79;9.88;0.81;0.0;6.24;7.13;62.85;97.04;43.25;45.75;72.74;97.23
33243;2017;Andrés Iniesta;0.56;7.25;0.34;0.0;6.65;8.43;61.04;88.69;28.46;45.6;75.13;99.28
33249;2015;Sergi Samper;0.0;0.43;0.0;0.0;0.48;0.0;14.66;8.16;7.61;46.1;5.66;2.97
33249;2016;Sergi Samper;0.31;4.02;2.13;0.0;4.87;3.46;41.77;57.58;62.29;45.75;38.72;55.73
33249;2017;Sergi Samper;0.0;0.54;0.0;0.0;1.56;0.95;14.99;12.84;9.25;45.6;16.7;23.43
33305;2016;David Concha;0.0;1.19;0.58;0.0;2.24;1.32;14.7;17.93;37.62;45.75;16.08;27.73
33361;2015;Simao Mate;0.43;2.16;4.82;0.0;7.85;4.41;52.69;31.73;83.3;46.1;90.91;76.07
33395;2015;Isaac Cuenca;1.25;4.43;2.38;0.0;5.57;4.4;81.54;64.75;61.41;46.1;41.56;75.88
33395;2016;Isaac Cuenca;0.99;4.65;1.88;0.0;5.77;5.88;69.04;65.53;59.33;45.75;58.04;92.05
33413;2015;Fernando Torres;3.21;4.13;0.17;0.0;6.99;4.91;95.36;61.13;20.22;46.1;74.95;83.67
33413;2016;Fernando Torres;2.62;4.17;0.0;0.0;5.04;2.31;91.5;60.72;9.98;45.75;42.05;39.93
33413;2017;Fernando Torres;1.78;1.35;0.36;0.0;5.81;3.99;86.71;23.61;29.35;45.6;54.22;57.72
33928;2016;Jon Ander Serantes;0.18;0.68;0.0;2.94;2.5;0.0;33.46;12.38;9.98;95.01;17.38;3.6
33928;2017;Jon Ander Serantes;0.0;0.03;0.0;0.4;0.03;0.0;14.99;1.17;9.25;91.92;2.15;4.67
35503;2021;José Macías;0.0;0.04;0.26;0.0;4.97;3.67;21.72;26.47;35.12;43.97;60.05;65.21
35525;2017;Guido Pizarro;0.52;4.74;2.83;0.0;8.01;5.33;59.07;69.39;64.36;45.6;96.5;79.71
35575;2015;Edgar Méndez;0.57;2.23;0.89;0.0;5.64;2.13;59.28;33.12;41.65;46.1;41.93;37.94
35575;2016;Edgar Méndez;1.91;3.64;0.67;0.0;6.63;4.97;85.4;52.77;40.94;45.75;82.9;82.07
35575;2019;Edgar Méndez;1.03;1.77;1.86;0.0;7.14;5.3;70.46;29.98;47.42;46.17;80.6;84.61
35575;2020;Edgar Méndez;1.33;2.28;2.89;0.0;6.78;3.95;88.57;72.21;73.79;44.14;91.57;73.57
35575;2021;Edgar Méndez;0.91;2.51;1.47;0.0;5.65;4.26;78.02;74.33;57.1;43.97;73.39;73.06
35576;2021;Orbelín Pineda;0.16;0.36;0.5;0.0;3.41;1.21;50.74;35.19;41.35;43.97;37.6;38.61
35604;2017;Roger Martínez;1.05;0.75;0.0;0.0;4.02;3.32;74.87;16.25;9.25;45.6;27.56;47.58
35777;2015;Doria;0.0;0.56;3.28;0.0;3.21;0.0;14.66;10.3;70.22;46.1;19.02;2.97
35794;2016;Marlos Moreno;0.48;2.96;1.69;0.0;5.74;4.96;49.72;41.77;56.56;45.75;57.3;81.52
35794;2017;Marlos Moreno;0.0;0.42;0.0;0.0;0.3;0.0;14.99;9.96;9.25;45.6;6.19;4.67
35810;2015;Abraham González;0.96;5.13;2.52;0.0;4.81;1.82;74.86;73.75;62.89;46.1;30.33;33.4
35834;2015;Nicolás Pareja;0.0;0.92;1.28;0.0;1.41;0.2;14.66;16.14;48.7;46.1;11.97;15.68
35834;2016;Nicolás Pareja;0.41;3.48;7.39;0.0;5.9;3.88;46.21;50.09;98.89;45.75;62.29;62.85
35834;2017;Nicolás Pareja;0.0;1.84;5.19;0.0;3.41;0.1;14.99;29.44;83.84;45.6;23.7;14.72
35903;2015;Alejandro Arribas;0.55;1.86;6.78;0.0;7.75;3.84;57.88;27.74;96.1;46.1;89.15;65.68
35903;2016;Alejandro Arribas;0.29;1.74;3.19;0.0;6.28;4.42;40.85;26.43;72.09;45.75;73.75;72.74
35903;2017;Alejandro Arribas;0.0;0.65;1.62;0.0;1.26;0.55;14.99;14.99;53.59;45.6;15.17;20.47
36057;2015;Ian Gonzalez Nieto;0.0;0.83;0.0;0.0;0.0;0.0;14.66;14.56;7.61;46.1;0.93;2.97
36834;2015;Nacho Monsalve;0.0;0.57;0.47;0.0;0.17;0.0;14.66;10.76;33.77;46.1;2.69;2.97
36848;2016;Aitor Cantalapiedra;0.0;0.0;0.0;0.0;0.06;0.0;14.7;0.65;9.98;45.75;3.05;3.6
37019;2016;José Rodríguez;0.45;4.19;0.98;0.0;3.56;3.22;48.52;61.28;46.95;45.75;24.03;50.46
37125;2015;Charly Musonda Jr;1.07;4.77;0.9;0.0;9.5;10.0;77.64;69.2;42.12;46.1;99.63;99.91
37125;2016;Charly Musonda Jr;0.45;4.75;0.19;0.0;4.1;3.23;48.52;67.1;26.8;45.75;28.0;50.74
37127;2019;Martin Ødegaard;2.11;10.0;1.71;0.0;5.75;7.15;87.37;98.58;45.37;46.17;62.9;96.89
37127;2020;Martin Ødegaard;0.0;2.03;0.3;0.0;1.85;1.15;22.64;68.79;35.64;44.14;28.0;40.14
37157;2021;Tonny Vilhena;0.86;3.2;2.86;0.0;5.23;5.09;76.34;81.43;71.31;43.97;64.75;82.04
37191;2017;Oussama Tannane;1.05;4.68;1.01;0.0;6.07;4.58;74.87;68.04;43.18;45.6;61.76;68.22
37639;2023;Siebe Van Der Heyden;0.0;0.04;1.15;0.0;4.0;0.02;21.85;26.28;50.35;43.85;41.7;26.28
37639;2024;Siebe Van Der Heyden;0.0;0.43;0.46;0.0;2.59;0.96;22.46;38.74;39.62;43.69;32.29;41.99
37892;2018;Dennis Eckert;0.64;1.61;0.79;0.0;4.19;0.3;62.81;25.42;28.81;46.05;29.57;17.61
37938;2023;Sheraldo Becker;3.36;2.93;0.33;0.0;3.39;2.9;93.5;76.21;36.72;43.85;36.17;58.78
37938;2024;Sheraldo Becker;1.52;1.57;0.18;0.0;4.6;2.1;90.91;60.11;34.26;43.69;45.18;55.56
37938;2025;Sheraldo Becker;0.0;0.49;0.67;0.0;1.47;0.03;24.41;40.96;44.41;44.26;32.79;31.47
38699;2025;Luka Ilić;0.64;0.37;1.34;0.0;3.42;0.71;75.51;36.03;56.25;44.26;42.94;42.35
38735;2020;Sergiño Dest;0.59;3.92;2.55;0.0;4.9;4.08;74.64;86.86;70.43;44.14;58.71;74.86
38735;2021;Sergiño Dest;0.36;4.72;3.44;0.0;6.24;6.61;60.79;90.35;76.41;43.97;84.72;93.5
39121;2024;Chidera Ejuke;0.95;3.4;1.57;0.0;6.55;6.11;82.63;80.46;58.14;43.69;76.12;98.64
39121;2025;Chidera Ejuke;0.41;2.21;1.62;0.0;6.0;5.65;67.87;67.72;60.96;44.26;75.0;97.06
39245;2023;Ibrahima Kone;0.51;0.55;0.16;0.0;3.99;1.12;60.03;39.56;30.43;43.85;41.49;39.07
39714;2016;Jhon Steven;1.35;0.41;4.55;0.0;2.84;0.05;77.54;8.69;86.32;45.75;18.39;9.33
40201;2016;Iván Márquez;0.0;1.4;0.79;0.0;1.7;0.05;14.7;20.52;42.79;45.75;12.75;9.33
40258;2015;Borja Fernández;0.0;0.95;0.87;0.0;1.9;1.17;14.66;16.88;41.28;46.1;14.1;24.77
40419;2019;Aleksandar Sedlar;0.23;2.54;7.08;0.0;8.89;2.54;37.1;40.66;94.31;46.17;97.06;40.21
40419;2021;Aleksandar Sedlar;0.0;0.55;1.11;0.0;4.13;0.16;21.72;40.88;52.82;43.97;46.58;33.11
40419;2023;Aleksandar Sedlar;0.96;1.5;5.58;0.0;5.64;2.44;71.85;55.74;92.95;43.85;67.5;52.35
40419;2024;Aleksandar Sedlar;0.0;0.16;1.85;0.0;5.65;0.07;22.46;31.82;61.67;43.69;59.84;34.12
40487;2015;Stefan Šćepović;1.76;3.57;0.06;0.0;4.79;1.62;86.64;53.8;16.14;46.1;30.06;31.73
40553;2016;Nikola Vujadinović;0.9;1.71;4.76;0.0;6.11;2.0;66.08;25.69;88.17;45.75;68.21;35.77
40559;2023;Kamil Jóźwiak;0.32;2.38;2.29;0.0;6.28;4.62;52.97;70.89;63.42;43.85;82.16;82.5
40678;2015;Mendi;0.0;0.06;0.0;0.0;0.34;0.05;14.66;1.3;7.61;46.1;4.45;8.44
41098;2015;Diogo Figueiras;0.0;1.7;0.42;0.0;2.8;1.19;14.66;25.05;32.19;46.1;17.44;25.51
41103;2015;Ricardo Horta;0.13;3.82;1.46;0.0;4.32;2.67;33.86;57.51;50.83;46.1;26.53;45.27
41112;2020;Francisco Trincão;1.09;1.48;0.2;0.0;4.19;4.48;85.86;59.36;32.71;44.14;46.93;79.57
41149;2019;Rafa Soares;0.0;3.37;1.07;0.0;3.55;0.1;15.48;55.78;35.68;46.17;39.15;15.12
41149;2020;Rafa Soares;0.0;1.97;2.71;0.0;4.76;2.03;22.64;67.14;72.43;44.14;56.86;47.5
41157;2022;André Almeida;0.95;6.28;4.72;0.0;7.36;6.04;77.73;94.54;87.68;43.77;91.39;96.08
41157;2023;André Almeida;1.47;3.13;3.27;0.0;5.79;4.59;79.94;78.63;72.27;43.85;71.44;82.02
41157;2024;André Almeida;0.32;6.02;3.31;0.0;6.58;4.14;62.69;93.89;77.68;43.69;76.59;86.97
41157;2025;André Almeida;0.23;3.24;2.53;0.0;5.33;3.38;59.26;79.56;70.37;44.26;66.47;80.81
41163;2016;Ola John;0.61;5.15;1.44;0.0;4.69;5.2;54.9;74.03;54.44;45.75;35.3;85.3
41173;2017;Ruben Semedo;0.0;1.21;1.48;0.0;2.24;0.54;14.99;21.54;51.17;45.6;18.58;20.11
41173;2018;Ruben Semedo;0.0;2.56;8.02;0.0;7.04;2.07;13.09;38.04;99.06;46.05;85.59;36.06
41176;2016;Fábio Coentrão;0.0;2.65;0.19;0.0;1.03;0.46;14.7;37.62;26.8;45.75;10.54;17.01
41208;2025;Fábio Cardoso;0.0;0.12;1.25;0.0;3.28;0.0;24.41;31.03;54.34;44.26;40.88;15.22
41307;2015;Fábio Espinho;0.21;1.13;0.0;0.0;0.63;0.28;41.19;19.2;7.61;46.1;7.05;17.07
41312;2016;Alberto Bueno;1.01;5.67;0.29;0.0;3.55;1.52;69.5;77.45;30.31;45.75;23.75;30.31
41312;2017;Alberto Bueno;0.19;3.49;0.0;0.0;3.33;2.09;39.05;50.99;9.25;45.6;22.62;34.65
41320;2023;André Ferreira;0.0;0.28;0.0;4.69;3.96;0.06;21.85;32.37;13.69;91.42;41.15;30.01
41320;2024;André Ferreira;0.0;0.07;0.0;5.22;0.01;0.0;22.46;30.12;15.2;94.57;22.12;13.7
41333;2015;Luis Farina;0.0;0.95;0.33;0.0;0.81;0.05;14.66;16.88;27.83;46.1;8.63;8.44
41373;2015;Jackson Martínez;1.86;4.67;0.79;0.0;5.08;3.22;88.13;68.0;39.98;46.1;34.51;55.19
41412;2021;Nikola Maraš;0.0;0.69;2.67;0.0;4.6;1.28;21.72;45.38;69.17;43.97;52.82;40.15
41412;2023;Nikola Maraš;0.0;0.0;0.0;0.0;0.0;0.0;21.85;10.1;13.69;43.85;9.68;12.86
41412;2025;Nikola Maraš;0.0;0.0;0.0;0.0;0.0;0.0;24.41;12.5;15.81;44.26;12.28;15.22
41415;2016;Luis Martins;0.0;1.42;0.29;0.0;0.43;0.0;14.7;20.7;30.31;45.75;5.91;3.6
41439;2015;Ricardo Costa;0.76;2.37;3.59;0.0;6.51;0.11;67.35;36.09;73.1;46.1;62.15;13.73
41475;2015;Fernando Tissone;0.19;5.33;6.17;0.0;6.36;3.91;37.38;75.97;93.69;46.1;58.63;67.9
41552;2021;Pathé Ismaël Ciss;0.75;1.04;4.15;0.0;5.5;4.11;72.25;52.68;82.24;43.97;69.5;70.84
41552;2022;Pathé Ismaël Ciss;0.52;1.19;3.71;0.0;5.66;2.52;66.25;51.96;80.04;43.77;63.17;56.44
41552;2023;Pathé Ismaël Ciss;1.13;2.06;5.17;0.0;6.88;6.03;75.52;65.15;90.94;43.85;91.98;93.36
41552;2024;Pathé Ismaël Ciss;0.9;2.96;5.26;0.0;7.18;3.93;81.75;76.8;90.23;43.69;86.43;84.46
41552;2025;Pathé Ismaël Ciss;1.23;3.45;7.45;0.0;6.49;2.38;85.37;81.62;97.06;44.26;83.31;67.65
41576;2020;Tomás Tavares;0.0;0.03;0.38;0.0;2.4;0.0;22.64;24.64;37.14;44.14;31.43;12.93
41595;2019;Ivan Šaponjić;0.0;0.0;0.0;0.0;0.06;0.0;15.48;0.71;6.58;46.17;24.02;4.63
41595;2020;Ivan Šaponjić;0.51;0.02;0.03;0.0;2.79;1.68;71.86;23.29;26.86;44.14;33.5;44.07
41595;2021;Ivan Šaponjić;0.0;0.0;0.0;0.0;0.0;0.0;21.72;10.86;14.28;43.97;10.99;13.4
41642;2015;Zé Castro;0.68;4.04;5.99;0.0;6.98;4.07;64.66;60.02;92.67;46.1;74.58;70.5
41735;2020;Kelechi Nwakali;0.0;0.42;0.47;0.0;3.05;1.55;22.64;36.93;39.79;44.14;35.57;43.0
41970;2025;David Carmo;0.72;2.3;6.02;0.0;7.45;2.0;78.01;69.34;92.28;44.26;94.85;61.1
41973;2023;Miguel Crespo;0.0;1.87;4.03;0.0;6.3;5.71;21.85;62.31;80.5;43.85;82.37;91.84
41976;2024;Yvan Neyou;0.37;2.88;5.12;0.0;7.89;4.38;64.72;76.19;89.42;43.69;94.1;89.82
41976;2025;Yvan Neyou;0.0;0.02;0.0;0.0;1.3;0.07;24.41;26.62;15.81;44.26;30.96;35.51
42039;2015;Gabi;0.31;7.03;3.41;0.0;7.85;4.8;47.59;88.31;71.71;46.1;90.91;81.17
42039;2016;Gabi;0.33;6.11;4.24;0.0;7.13;4.19;42.33;82.44;83.73;45.75;90.67;68.67
42039;2017;Gabi;0.06;6.51;2.79;0.0;5.93;3.78;30.07;83.03;63.73;45.6;57.81;53.68
42086;2015;Youssef El Arabi;4.04;3.67;0.34;0.0;7.06;5.46;97.22;55.47;29.13;46.1;76.72;89.61
42642;2023;Horațiu Moldovan;0.0;0.0;0.0;5.0;0.0;0.0;21.85;10.1;13.69;93.15;9.68;12.86
42642;2024;Horațiu Moldovan;0.0;0.0;0.0;0.5;0.0;0.0;22.46;11.53;15.2;88.2;11.06;13.7
42642;2025;Horațiu Moldovan;0.0;0.0;0.0;5.0;0.0;0.0;24.41;12.5;15.81;94.34;12.28;15.22
42979;2015;Giedrius Arlauskis;0.0;0.06;0.0;0.2;1.17;0.0;14.66;1.3;7.61;92.39;10.58;2.97
42980;2015;Jesús Fernández;0.0;0.44;0.0;0.3;0.0;0.0;14.66;8.53;7.61;92.86;0.93;2.97
42992;2015;Emmanuel Culio;0.0;6.64;1.63;0.0;7.34;5.19;14.66;85.71;53.25;46.1;82.65;88.5
43084;2023;Ianis Hagi;0.98;3.14;1.25;0.0;5.3;4.56;72.61;78.84;52.21;43.85;61.55;81.26
43184;2015;Rachid Aït-Atmane;0.12;5.11;2.36;0.0;6.18;3.72;33.3;73.38;61.13;46.1;53.43;63.64
43184;2016;Rachid Aït-Atmane;0.0;3.34;0.0;0.0;5.19;4.36;14.7;48.71;9.98;45.75;45.1;71.72
44318;2015;Petros;0.21;4.61;3.03;0.0;8.44;4.75;41.19;66.98;67.53;46.1;96.75;80.15
44318;2016;Petros;0.28;5.83;2.5;0.0;7.64;5.85;40.57;79.02;65.8;45.75;96.58;91.77
44340;2017;Salem Al-Dawsari;0.0;0.28;0.0;0.0;0.33;0.05;14.99;7.09;9.25;45.6;6.55;11.4
44419;2015;Aderllan Santos;0.25;2.26;5.04;0.0;7.6;3.2;45.45;33.58;85.81;46.1;86.46;54.55
44419;2016;Aderllan Santos;0.19;1.95;7.22;0.0;5.69;1.29;34.1;28.47;98.71;45.75;55.82;26.71
44423;2015;Alexis Ruano;0.43;3.21;6.17;0.0;6.7;2.63;52.69;47.87;93.69;46.1;67.9;44.16
44423;2016;Alexis Ruano;0.56;2.29;2.74;0.0;5.12;2.6;53.33;32.81;68.58;45.75;43.53;43.44
44423;2017;Alexis Ruano;0.37;1.78;3.3;0.0;5.55;3.34;50.45;28.64;67.41;45.6;48.38;48.29
44490;2016;Emre Çolak;1.3;10.0;0.0;0.0;6.13;5.23;76.43;98.61;9.98;45.75;69.04;86.04
44490;2017;Emre Çolak;0.8;8.55;0.88;0.0;5.38;6.1;69.21;92.82;41.11;45.6;45.96;90.84
44502;2017;Maksym Koval;0.0;0.18;0.0;0.62;0.03;0.0;14.99;5.48;9.25;92.64;2.15;4.67
44503;2017;Matías Aguirregaray;0.0;3.48;5.51;0.0;6.69;5.1;14.99;50.81;85.28;45.6;76.93;76.66
44617;2017;Fahad Al-Muwallad;0.0;0.19;0.22;0.0;0.13;0.0;14.99;6.01;24.24;45.6;2.96;4.67
44811;2024;Scott McKenna;0.0;2.28;4.14;0.0;7.78;2.53;22.46;69.4;83.58;43.69;93.08;62.28
46090;2021;Njegoš Petrović;0.39;1.66;5.28;0.0;6.27;4.98;62.27;61.46;88.47;43.97;85.12;81.37
46090;2023;Njegoš Petrović;0.19;0.5;0.68;0.0;4.4;2.35;47.79;37.62;43.22;43.85;46.4;51.73
46646;2019;Sergio Herrera;0.0;0.57;0.0;5.0;4.51;2.67;15.48;14.68;6.58;96.26;48.58;42.08
46646;2020;Sergio Herrera;0.0;0.47;0.09;10.0;5.51;1.18;22.64;38.64;28.43;99.64;70.29;40.71
46646;2021;Sergio Herrera;0.0;0.48;0.1;10.0;5.65;2.87;21.72;39.48;31.03;99.6;73.39;55.83
46646;2022;Sergio Herrera;0.0;0.34;0.09;8.78;4.81;1.17;21.22;35.22;31.3;98.32;49.86;40.76
46646;2023;Sergio Herrera;0.0;0.57;0.0;7.21;6.17;0.1;21.85;40.32;13.69;97.16;79.32;32.43
46646;2024;Sergio Herrera;0.0;0.46;0.0;5.93;4.95;1.09;22.46;39.48;15.2;95.79;49.59;44.57
46646;2025;Sergio Herrera;0.0;0.43;0.0;7.06;5.2;0.1;24.41;38.46;15.81;98.09;64.71;36.99
46647;2015;Rubén Martínez;0.0;0.44;0.0;3.6;2.67;0.0;14.66;8.53;7.61;95.18;16.7;2.97
46647;2017;Rubén Martínez;0.0;0.54;0.0;2.76;4.41;0.09;14.99;12.84;9.25;94.43;31.69;13.82
46647;2019;Rubén Martínez;0.0;0.41;0.24;4.39;2.22;1.92;15.48;11.39;20.02;95.91;33.01;33.81
46647;2020;Rubén Martínez;0.0;0.06;0.0;5.08;0.02;0.0;22.64;26.93;13.07;94.86;20.29;12.93
46648;2020;Iván Martínez;0.0;0.0;0.0;4.5;0.0;0.0;22.64;10.43;13.07;91.79;10.07;12.93
46649;2019;Juan Pérez;0.0;0.08;0.15;0.92;0.0;0.0;15.48;3.65;16.73;93.24;11.57;4.63
46649;2020;Juan Pérez;0.0;0.03;0.0;6.66;0.0;0.0;22.64;24.64;13.07;97.0;10.07;12.93
46649;2021;Juan Pérez;0.0;0.01;0.0;5.57;0.01;0.0;21.72;22.72;14.28;95.04;22.12;13.4
46649;2022;Juan Pérez;0.0;0.0;0.0;5.0;0.0;0.0;21.22;10.43;14.57;92.65;10.71;13.59
46650;2015;Lillo Castellano;0.0;2.84;4.6;0.0;5.14;1.26;14.66;42.49;81.45;46.1;35.06;27.09
46650;2016;Lillo Castellano;0.18;2.63;5.49;0.0;6.61;0.76;33.46;37.34;92.14;45.75;82.16;20.15
46650;2019;Lillo Castellano;0.0;1.06;1.36;0.0;0.0;1.45;15.48;22.69;39.41;46.17;11.57;30.16
46651;2016;Carlos Clerc;0.45;4.3;3.55;0.0;5.93;5.66;48.52;62.38;76.99;45.75;63.31;90.3
46651;2019;Carlos Clerc;0.24;3.33;4.98;0.0;7.44;4.53;38.26;54.89;77.49;46.17;85.5;72.15
46651;2020;Carlos Clerc;0.24;3.89;5.5;0.0;6.92;5.53;58.29;86.71;93.07;44.14;92.79;91.36
46651;2021;Carlos Clerc;0.0;2.47;5.8;0.0;6.37;6.42;21.72;73.86;91.55;43.97;85.92;92.49
46651;2022;Carlos Clerc;0.24;2.5;6.17;0.0;7.3;4.52;53.01;71.5;95.1;43.77;90.55;84.03
46652;2016;Unai García;0.0;1.25;7.6;0.0;6.7;3.52;14.7;18.48;99.35;45.75;84.2;57.12
46652;2019;Unai García;0.82;1.41;5.47;0.0;0.0;2.4;64.41;25.18;82.92;46.17;11.57;39.15
46652;2020;Unai García;0.0;0.54;2.07;0.0;4.5;3.26;22.64;41.21;65.07;44.14;51.57;62.36
46652;2021;Unai García;0.0;0.62;3.41;0.0;5.22;2.56;21.72;43.3;75.94;43.97;64.41;52.08
46652;2022;Unai García;0.16;1.08;3.18;0.0;5.53;2.55;48.39;50.77;75.35;43.77;60.78;57.07
46652;2023;Unai García;0.43;0.28;1.37;0.0;3.38;0.02;57.88;32.37;54.7;43.85;35.96;26.28
46652;2024;Unai García;0.0;0.03;0.0;0.0;2.18;0.04;22.46;27.54;15.2;43.69;30.33;31.14
46653;2016;David García;0.54;1.33;5.28;0.0;6.17;0.26;52.96;19.59;90.67;45.75;70.15;15.53
46653;2019;David García;0.42;2.27;5.71;0.0;7.09;1.12;48.84;36.57;83.81;46.17;79.54;26.6
46653;2020;David García;0.26;1.37;5.81;0.0;7.74;2.12;59.14;56.79;95.14;44.14;97.57;48.43
46653;2021;David García;0.97;2.04;6.19;0.0;7.41;2.79;79.56;69.03;94.17;43.97;95.98;54.76
46653;2022;David García;0.6;1.88;5.85;0.0;7.3;2.77;68.77;63.8;94.26;43.77;90.55;60.29
46653;2023;David García;0.26;2.41;4.94;0.0;7.39;2.73;50.35;71.51;89.35;43.85;95.92;55.74
46654;2019;Aridane Hernández;0.85;1.9;6.31;0.0;9.1;2.36;65.75;32.47;90.04;46.17;98.22;38.35
46654;2020;Aridane Hernández;0.0;1.34;5.58;0.0;6.7;3.43;22.64;56.29;93.57;44.14;90.64;65.36
46654;2021;Aridane Hernández;0.0;1.03;4.33;0.0;4.89;2.01;21.72;52.35;83.38;43.97;58.45;46.51
46654;2022;Aridane Hernández;0.08;1.24;4.16;0.0;5.94;3.93;43.63;52.87;83.89;43.77;68.42;76.19
46654;2023;Aridane Hernández;0.0;1.08;2.56;0.0;5.68;1.42;21.85;49.31;65.7;43.85;68.53;43.71
46654;2024;Aridane Hernández;0.13;0.66;1.62;0.0;6.8;2.06;50.61;43.83;58.89;43.69;80.53;55.09
46656;2016;Oier;0.13;3.61;5.87;0.0;7.19;4.11;31.42;52.03;94.64;45.75;91.68;66.64
46656;2019;Oier;0.85;3.7;6.5;0.0;8.97;3.79;65.75;61.48;91.28;46.17;97.42;60.05
46656;2020;Oier;0.27;2.49;3.47;0.0;6.33;3.09;60.57;76.14;79.64;44.14;85.29;60.71
46656;2021;Oier;0.23;0.37;0.47;0.0;3.79;1.91;54.22;35.66;40.42;43.97;41.35;45.31
46657;2017;Nacho Vidal;0.84;1.57;3.75;0.0;4.17;2.0;70.29;26.21;71.01;45.6;28.9;33.48
46657;2019;Nacho Vidal;0.36;4.06;5.88;0.0;7.39;5.82;46.8;66.64;86.03;46.17;84.61;89.68
46657;2020;Nacho Vidal;0.13;1.75;6.03;0.0;6.83;3.48;51.14;64.57;96.43;44.14;92.14;66.0
46657;2021;Nacho Vidal;0.08;3.12;9.43;0.0;7.63;4.69;45.17;80.29;99.6;43.97;97.05;78.42
46657;2022;Nacho Vidal;0.24;0.85;4.1;0.0;6.49;3.31;53.01;45.59;82.91;43.77;80.39;67.58
46657;2023;Nacho Vidal;0.62;0.55;1.22;0.0;4.02;1.16;63.35;39.56;51.45;43.85;41.98;39.42
46657;2024;Nacho Vidal;0.0;0.02;0.14;0.0;3.66;1.9;22.46;25.85;33.51;43.69;38.47;53.19
46657;2025;Nacho Vidal;0.33;1.22;5.5;0.0;6.53;2.93;63.53;54.85;89.71;44.26;83.6;73.53
46658;2015;Rubén García;0.88;5.09;0.98;0.0;5.79;4.48;72.08;72.54;43.97;46.1;44.62;76.9
46658;2019;Rubén García;3.27;8.46;4.11;0.0;5.9;5.61;95.91;95.02;68.68;46.17;65.66;87.72
46658;2020;Rubén García;0.88;6.96;4.24;0.0;6.57;4.35;82.57;96.07;85.71;44.14;88.64;78.5
46658;2021;Rubén García;1.07;7.72;3.88;0.0;5.7;4.72;81.43;96.92;79.49;43.97;75.07;78.95
46658;2022;Rubén García;0.7;3.81;1.7;0.0;4.65;2.19;71.43;83.89;60.22;43.77;48.53;51.82
46658;2023;Rubén García;1.7;4.12;2.62;0.0;5.8;5.05;82.57;85.75;66.6;43.85;71.78;87.97
46658;2024;Rubén García;1.29;7.04;3.71;0.0;6.69;2.93;88.2;97.15;80.39;43.69;79.1;68.66
46658;2025;Rubén García;1.09;6.58;3.69;0.0;6.17;2.91;83.75;94.56;79.19;44.26;77.79;73.31
46659;2015;Robert Ibáñez;0.24;3.44;0.37;0.0;5.55;3.08;44.71;52.32;30.24;46.1;41.0;52.32
46659;2016;Robert Ibáñez;1.58;2.16;0.21;0.0;2.87;2.89;80.68;30.96;27.91;45.75;18.85;45.93
46659;2018;Robert Ibáñez;0.43;0.9;0.28;0.0;3.01;1.96;51.6;15.07;18.55;46.05;19.21;34.37
46659;2019;Robert Ibáñez;0.59;2.43;1.56;0.0;0.0;5.65;55.52;39.23;42.26;46.17;11.57;88.08
46659;2021;Robert Ibáñez;0.0;0.61;0.65;0.0;4.0;2.43;21.72;42.9;44.71;43.97;44.44;51.14
46660;2019;Javi Martínez;0.0;0.32;0.0;0.0;0.3;0.0;15.48;9.07;6.58;46.17;25.98;4.63
46660;2020;Javi Martínez;0.21;0.97;0.79;0.0;4.18;2.83;55.93;50.21;47.5;44.14;46.64;57.36
46660;2021;Javi Martínez;0.31;1.51;1.52;0.0;4.18;4.27;58.78;59.52;57.51;43.97;47.18;73.32
46660;2022;Javi Martínez;0.0;0.0;0.0;0.0;0.0;0.0;21.22;10.43;14.57;43.77;10.71;13.59
46660;2023;Javi Martínez;0.0;0.0;0.0;0.0;0.0;0.0;21.85;10.1;13.69;43.85;9.68;12.86
46660;2024;Javi Martínez;0.0;0.03;0.0;0.0;0.0;0.0;22.46;27.54;15.2;43.69;11.06;13.7
46661;2016;Fran Mérida;0.9;3.9;1.02;0.0;5.73;4.78;66.08;55.64;48.61;45.75;56.84;78.84
46661;2019;Fran Mérida;0.24;4.31;4.03;0.0;5.94;5.6;38.26;70.64;67.7;46.17;65.84;87.54
46661;2021;Fran Mérida;0.0;0.59;0.65;0.0;3.96;4.44;21.72;42.02;44.71;43.97;43.43;75.8
46662;2019;Jon Moncayola;0.61;3.26;5.26;0.0;8.14;4.44;56.14;53.38;80.25;46.17;92.17;70.46
46662;2020;Jon Moncayola;0.9;2.71;4.48;0.0;5.64;2.87;83.14;78.57;88.14;44.14;72.5;58.07
46662;2021;Jon Moncayola;1.27;4.78;3.93;0.0;5.19;4.59;84.65;90.75;80.03;43.97;63.81;77.41
46662;2022;Jon Moncayola;0.86;4.56;3.8;0.0;5.78;2.54;75.49;89.29;80.81;43.77;65.76;56.79
46662;2023;Jon Moncayola;0.77;3.66;2.58;0.0;4.45;2.86;67.7;82.43;66.11;43.85;47.16;57.54
46662;2024;Jon Moncayola;0.63;4.63;4.94;0.0;6.57;1.82;73.07;89.55;88.87;43.69;76.39;51.56
46662;2025;Jon Moncayola;0.34;7.02;4.03;0.0;5.57;3.05;64.71;95.74;81.47;44.26;69.56;75.07
46663;2016;Miguel Olavide;0.49;1.91;0.79;0.0;4.15;1.93;50.18;28.19;42.79;45.75;29.21;35.03
46664;2016;Luis Perea;0.0;0.02;0.0;0.0;0.2;0.0;14.7;1.48;9.98;45.75;4.53;3.6
46664;2019;Luis Perea;0.0;0.24;0.0;0.0;0.0;0.05;15.48;7.47;6.58;46.17;11.57;11.74
46665;2019;Iñigo Pérez;1.36;4.89;2.37;0.0;5.7;4.51;78.38;76.78;52.85;46.17;62.28;71.62
46665;2020;Iñigo Pérez;0.17;2.47;2.57;0.0;4.33;1.81;52.86;75.71;70.71;44.14;48.36;45.5
46665;2021;Iñigo Pérez;0.23;0.88;0.15;0.0;2.13;0.05;54.22;48.93;32.1;43.97;30.7;29.89
46666;2016;Roberto Torres;2.6;9.5;2.11;0.0;5.72;4.71;91.31;96.3;61.92;45.75;56.28;78.19
46666;2019;Roberto Torres;2.88;7.17;3.17;0.0;6.65;4.01;92.88;91.46;59.88;46.17;73.58;64.06
46666;2020;Roberto Torres;1.92;2.64;1.57;0.0;4.75;4.1;93.43;77.57;59.43;44.14;56.64;75.29
46666;2021;Roberto Torres;0.76;2.99;0.61;0.0;3.26;2.43;72.92;79.22;43.36;43.97;36.33;51.14
46666;2022;Roberto Torres;0.0;0.56;0.0;0.0;1.12;1.02;21.22;40.13;14.57;43.77;26.33;39.08
46667;2016;Kike Barja;0.0;0.03;0.0;0.0;0.2;0.25;14.7;1.94;9.98;45.75;4.53;15.06
46667;2019;Kike Barja;0.82;2.9;0.45;0.0;5.62;3.74;64.41;47.86;23.49;46.17;61.74;58.72
46667;2020;Kike Barja;0.98;2.33;1.22;0.0;5.44;6.05;84.36;73.36;53.5;44.14;68.57;94.64
46667;2021;Kike Barja;1.04;0.9;1.71;0.0;5.48;6.37;80.7;49.46;59.65;43.97;69.24;92.09
46667;2022;Kike Barja;0.6;3.94;0.83;0.0;5.06;4.59;68.77;84.66;48.18;43.77;53.36;84.87
46667;2023;Kike Barja;0.36;1.0;0.68;0.0;3.96;4.16;54.84;48.55;43.22;43.85;41.15;76.42
46667;2024;Kike Barja;0.09;1.78;0.52;0.0;4.02;2.69;49.19;62.62;41.18;43.69;41.25;65.4
46667;2025;Kike Barja;0.0;0.39;0.4;0.0;3.08;1.1;24.41;36.62;40.0;44.26;39.71;47.87
46669;2021;Barbero;0.0;0.0;0.0;0.0;1.74;0.02;21.72;10.86;14.28;43.97;28.69;28.28
46670;2019;Brandon;0.55;2.91;0.41;0.0;0.0;2.38;53.91;48.22;22.51;46.17;11.57;38.79
46670;2020;Brandon;0.0;0.0;0.0;0.0;0.0;0.0;22.64;10.43;13.07;44.14;10.07;12.93
46671;2019;Juan Villar;1.36;2.4;0.42;0.0;0.0;1.11;78.38;38.61;22.78;46.17;11.57;26.16
46672;2019;Rui Silva;0.0;0.93;0.17;8.09;2.22;1.1;15.48;20.28;17.35;98.58;33.01;25.8
46672;2020;Rui Silva;0.0;0.48;0.12;10.0;3.48;0.06;22.64;38.93;29.21;99.64;38.36;30.86
46672;2021;Rui Silva;0.0;0.26;0.05;8.07;3.9;0.05;21.72;32.71;29.83;97.45;42.56;29.89
46672;2022;Rui Silva;0.0;0.31;0.18;6.59;5.85;1.14;21.22;34.73;33.12;96.22;66.74;40.2
46672;2023;Rui Silva;0.0;0.38;0.0;8.41;4.83;1.32;21.85;34.58;13.69;98.62;52.56;42.88
46672;2024;Rui Silva;0.0;1.05;0.0;5.52;3.35;0.07;22.46;51.83;15.2;95.12;36.5;34.12
46673;2019;Aarón Escandell;0.0;0.2;0.23;2.02;0.0;0.0;15.48;6.58;18.95;94.93;11.57;4.63
46673;2020;Aarón Escandell;0.0;0.04;0.03;7.22;2.18;0.0;22.64;25.43;26.86;97.57;29.43;12.93
46673;2021;Aarón Escandell;0.0;0.05;0.0;9.22;1.11;0.01;21.72;27.35;14.28;98.53;26.81;27.28
46673;2023;Aarón Escandell;0.0;0.05;0.0;5.21;0.0;0.0;21.85;26.97;13.69;94.81;9.68;12.86
46673;2025;Aarón Escandell;0.0;0.8;0.0;10.0;4.8;1.14;24.41;47.28;15.81;99.93;58.24;49.41
46677;2016;Víctor Díaz;0.79;3.53;5.57;0.0;7.1;3.36;62.85;51.29;92.98;45.75;90.02;53.6
46677;2019;Víctor Díaz;0.23;5.32;7.89;0.0;9.1;2.71;37.1;80.43;97.33;46.17;98.22;42.62
46677;2020;Víctor Díaz;0.1;2.03;3.36;0.0;4.7;0.68;49.64;68.79;77.57;44.14;55.57;34.43
46677;2021;Víctor Díaz;0.34;0.77;3.18;0.0;4.76;2.4;59.85;47.05;74.4;43.97;55.5;50.8
46677;2023;Víctor Díaz;0.0;0.08;0.65;0.0;4.4;1.24;21.85;27.94;42.53;43.85;46.4;41.01
46679;2015;Quini;0.24;2.57;5.6;0.0;7.86;3.52;44.71;38.03;91.0;46.1;91.28;60.3
46679;2019;Quini;0.0;3.7;5.29;0.0;0.0;2.91;15.48;61.48;80.69;46.17;11.57;44.84
46679;2020;Quini;0.53;0.94;4.29;0.0;6.07;3.98;72.36;49.71;86.0;44.14;80.21;73.86
46679;2021;Quini;0.16;2.4;6.82;0.0;6.04;4.27;50.74;73.39;95.71;43.97;81.9;73.32
46680;2019;José Antonio Martinez;0.0;1.86;4.38;0.0;6.22;3.55;15.48;31.32;71.09;46.17;69.04;55.07
46680;2020;José Antonio Martinez;0.0;0.0;0.0;0.0;0.0;0.0;22.64;10.43;13.07;44.14;10.07;12.93
46681;2016;Álex Martínez;0.49;4.27;3.57;0.0;4.8;1.39;50.18;61.92;77.45;45.75;37.15;28.47
46681;2019;Álex Martínez;0.0;0.25;0.0;0.0;0.0;0.0;15.48;7.74;6.58;46.17;11.57;4.63
46682;2019;Carlos Neva;0.42;2.65;3.78;0.0;7.99;2.45;48.84;43.33;66.19;46.17;91.19;39.68
46682;2020;Carlos Neva;0.09;1.04;3.42;0.0;5.14;3.27;49.07;51.36;78.86;44.14;63.0;62.71
46682;2021;Carlos Neva;0.1;2.15;5.88;0.0;5.85;3.98;47.59;69.5;91.96;43.97;78.22;69.37
46682;2023;Carlos Neva;0.0;3.11;4.12;0.0;5.93;3.07;21.85;78.35;80.91;43.85;74.0;61.83
46683;2019;Germán Sánchez;0.77;2.39;4.95;0.0;7.07;1.45;62.28;38.08;76.78;46.17;79.27;30.16
46683;2020;Germán Sánchez;0.73;0.82;4.47;0.0;6.34;1.47;79.57;47.14;87.93;44.14;85.57;42.36
46683;2021;Germán Sánchez;0.68;1.48;4.43;0.0;6.25;0.43;70.64;59.18;83.78;43.97;84.99;34.58
46685;2019;Ramon Azeez;0.88;2.13;2.46;0.0;4.81;1.85;66.99;34.96;53.38;46.17;52.22;33.1
46685;2020;Ramon Azeez;0.0;0.06;0.41;0.0;3.73;0.05;22.64;26.93;38.0;44.14;41.57;29.79
46687;2015;Ángel Montoro;0.0;5.18;2.64;0.0;4.61;1.22;14.66;74.77;64.38;46.1;28.48;26.53
46687;2016;Ángel Montoro;0.14;5.5;3.49;0.0;4.98;2.33;31.98;76.34;75.51;45.75;40.3;40.2
46687;2019;Ángel Montoro;1.64;10.0;3.63;0.0;6.37;4.1;82.65;98.58;65.04;46.17;70.55;65.21
46687;2020;Ángel Montoro;0.37;4.34;2.9;0.0;4.58;2.82;66.79;89.86;74.0;44.14;53.86;57.14
46687;2021;Ángel Montoro;0.76;4.14;2.92;0.0;4.58;0.38;72.92;87.13;71.92;43.97;52.01;34.32
46688;2019;Alejandro Pozo;0.29;3.18;3.61;0.0;3.78;2.27;43.77;51.78;64.59;46.17;41.37;37.01
46688;2020;Alejandro Pozo;0.04;1.09;2.19;0.0;2.6;1.81;45.36;51.93;67.14;44.14;32.71;45.5
46688;2021;Alejandro Pozo;0.0;0.0;0.0;0.0;0.0;0.0;21.72;10.86;14.28;43.97;10.99;13.4
46688;2022;Alejandro Pozo;0.17;4.03;4.22;0.0;5.6;3.63;49.79;85.43;85.15;43.77;62.18;72.13
46688;2023;Alejandro Pozo;0.32;1.71;1.72;0.0;3.65;0.53;52.97;59.54;58.23;43.85;38.66;35.82
46689;2019;Antonio Puertas;2.42;3.54;1.66;0.0;4.85;5.37;90.04;58.54;44.22;46.17;52.94;85.5
46689;2020;Antonio Puertas;1.12;3.01;1.98;0.0;6.26;5.83;86.14;81.93;64.5;44.14;83.5;93.36
46689;2021;Antonio Puertas;2.08;2.24;2.49;0.0;6.07;5.12;91.69;70.91;66.96;43.97;82.24;82.44
46689;2023;Antonio Puertas;0.57;1.65;0.93;0.0;4.36;3.94;61.83;58.58;47.72;43.85;45.64;74.27
46690;2016;Alberto Martín;0.0;3.53;3.61;0.0;6.1;1.84;14.7;51.29;78.28;45.75;67.84;33.36
46691;2019;Fede San Emeterio;0.11;2.79;4.65;0.0;5.83;2.33;32.21;46.35;73.4;46.17;64.06;37.9
46691;2020;Fede San Emeterio;0.0;0.8;3.28;0.0;4.78;2.64;22.64;46.43;77.0;44.14;57.36;54.64
46691;2021;Fede San Emeterio;0.0;1.66;3.94;0.0;5.5;0.48;21.72;61.46;80.29;43.97;69.5;34.85
46691;2022;Fede San Emeterio;0.08;1.29;4.0;0.0;5.7;1.87;43.63;53.85;82.49;43.77;64.29;47.83
46691;2023;Fede San Emeterio;1.15;0.48;1.14;0.0;3.02;0.17;75.93;36.79;50.07;43.85;34.02;34.16
46692;2015;Álvaro Vadillo;0.0;1.19;0.0;0.0;1.24;0.9;14.66;19.85;7.61;46.1;11.13;21.06
46692;2019;Álvaro Vadillo;1.36;5.31;1.87;0.0;0.0;4.55;78.38;80.25;47.78;46.17;11.57;72.6
46692;2020;Álvaro Vadillo;0.0;0.0;0.0;0.0;0.0;0.0;22.64;10.43;13.07;44.14;10.07;12.93
46692;2021;Álvaro Vadillo;0.0;0.02;0.03;0.0;2.42;0.05;21.72;24.46;29.22;43.97;31.97;29.89
46693;2019;Fede Vico;1.06;5.6;0.86;0.0;5.88;4.42;71.35;83.19;31.58;46.17;65.21;70.11
46693;2020;Fede Vico;0.3;1.17;1.5;0.0;4.33;3.59;62.57;53.36;58.43;44.14;48.36;67.79
46694;2018;Daniel Ojeda;0.21;1.18;0.68;0.0;2.2;1.15;37.85;20.06;26.65;46.05;15.16;28.15
46695;2016;Adrián Ramos;3.22;5.86;0.0;0.0;7.21;3.54;94.45;79.48;9.98;45.75;92.33;57.3
46695;2019;Adrián Ramos;0.27;1.48;1.06;0.0;0.0;0.3;41.64;26.51;35.41;46.17;11.57;18.06
46698;2019;José Antonio Caro;0.0;0.07;0.23;2.02;0.71;0.0;15.48;3.2;18.95;94.93;27.05;4.63
46700;2021;Dario Ramos;0.0;0.0;0.0;3.5;0.0;0.0;21.72;10.86;14.28;91.82;10.99;13.4
46700;2022;Dario Ramos;0.0;0.0;0.0;0.5;0.0;0.0;21.22;10.43;14.57;88.1;10.71;13.59
46707;2017;Borja Herrera;0.0;1.43;0.49;0.0;1.26;0.71;14.99;24.78;32.14;45.6;15.17;21.72
46709;2016;Álvaro Tejero;0.0;0.0;0.0;0.0;0.15;0.05;14.7;0.65;9.98;45.75;3.7;9.33
46709;2019;Álvaro Tejero;0.15;5.03;6.62;0.0;7.01;2.89;34.43;77.76;92.17;46.17;78.2;44.48
46709;2020;Álvaro Tejero;0.23;1.4;0.67;0.0;1.08;0.58;57.5;57.5;44.64;44.14;25.0;34.29
46709;2024;Álvaro Tejero;0.37;4.42;1.32;0.0;4.76;1.38;64.72;88.47;54.68;43.69;46.47;47.22
46711;2019;Aleix Febas;0.38;5.58;3.5;0.0;8.18;6.53;47.24;82.83;63.26;46.17;92.7;94.13
46711;2021;Aleix Febas;0.0;0.3;0.39;0.0;3.71;1.12;21.72;33.45;38.81;43.97;40.88;38.07
46711;2025;Aleix Febas;1.2;5.93;5.1;0.0;8.68;7.8;84.78;92.5;87.21;44.26;99.56;99.56
46713;2017;Barri;0.21;0.09;0.27;0.0;0.93;0.9;41.83;2.96;25.94;45.6;13.11;22.8
46714;2020;Mickaël Malsa;0.58;2.64;5.84;0.0;6.11;4.67;74.07;77.57;95.57;44.14;80.86;82.0
46714;2021;Mickaël Malsa;0.36;2.06;3.89;0.0;4.96;4.37;60.79;69.17;79.69;43.97;59.58;74.66
46714;2022;Mickaël Malsa;0.0;0.02;0.66;0.0;2.27;1.18;21.22;25.63;44.75;43.77;29.97;41.04
46716;2017;Sulley Muntari;0.21;1.47;3.28;0.0;4.38;0.35;41.83;25.13;66.97;45.6;30.97;19.12
46720;2016;Daniel Torres;0.21;3.08;3.99;0.0;5.73;3.8;35.95;43.99;81.33;45.75;56.84;61.92
46720;2017;Daniel Torres;0.23;3.39;2.97;0.0;5.25;4.77;44.34;49.91;65.53;45.6;42.82;72.44
46720;2018;Daniel Torres;0.0;0.11;0.37;0.0;0.59;0.05;13.09;2.73;20.53;46.05;7.53;9.32
46721;2020;Eugeni Valderrama;0.0;0.72;1.02;0.0;3.43;0.1;22.64;44.36;51.21;44.14;38.0;32.07
46725;2021;Rey Manaj;0.0;0.0;0.0;0.0;0.0;0.0;21.72;10.86;14.28;43.97;10.99;13.4
46726;2016;Roman Zozulya;0.23;1.7;0.0;0.0;1.76;0.05;37.62;25.23;9.98;45.75;13.77;9.33
46728;2019;Miguel Parera;0.0;0.08;0.0;0.25;0.0;0.0;15.48;3.65;6.58;92.7;11.57;4.63
46729;2019;Manolo Reina;0.0;0.72;0.17;6.64;3.8;0.1;15.48;17.17;17.35;97.69;42.08;15.12
46729;2021;Manolo Reina;0.0;0.2;0.0;8.44;4.86;0.08;21.72;30.9;14.28;97.99;58.31;31.37
46730;2019;Francisco Javier Campos;0.0;2.93;4.59;0.0;4.74;0.15;15.48;48.58;72.24;46.17;51.16;16.64
46731;2016;Pervis Estupiñán;0.23;1.25;1.71;0.0;1.28;0.52;37.62;18.48;56.84;45.75;11.09;17.74
46731;2019;Pervis Estupiñán;0.3;7.39;8.28;0.0;6.92;5.96;44.22;92.17;98.4;46.17;76.42;90.21
46731;2020;Pervis Estupiñán;0.37;2.53;5.06;0.0;5.3;2.83;66.79;76.36;90.71;44.14;66.36;57.36
46731;2021;Pervis Estupiñán;0.31;2.21;4.15;0.0;5.27;3.91;58.78;70.64;82.24;43.97;65.62;68.5
46731;2022;Pervis Estupiñán;0.0;0.0;0.0;0.0;0.0;0.0;21.22;10.43;14.57;43.77;10.71;13.59
46732;2019;Fran Gámez;0.24;3.93;8.88;0.0;5.08;5.06;38.26;64.32;99.47;46.17;55.52;80.43
46733;2015;Antonio Raíllo;0.21;0.85;1.52;0.0;3.01;0.1;41.19;14.84;52.13;46.1;18.18;12.34
46733;2019;Antonio Raíllo;0.33;2.72;5.09;0.0;8.06;4.08;45.55;44.75;78.74;46.17;91.81;64.59
46733;2021;Antonio Raíllo;1.38;0.87;6.24;0.0;6.0;0.47;85.66;48.59;94.37;43.97;81.3;34.72
46733;2022;Antonio Raíllo;0.83;2.3;6.29;0.0;7.8;2.06;74.51;69.19;95.38;43.77;95.03;49.79
46733;2023;Antonio Raíllo;1.98;2.78;7.47;0.0;7.77;1.2;85.48;74.9;97.79;43.85;97.44;39.9
46733;2024;Antonio Raíllo;0.77;3.09;5.69;0.0;7.94;1.71;78.7;78.02;92.33;43.69;94.64;50.2
46733;2025;Antonio Raíllo;0.11;2.83;6.31;0.0;7.1;0.28;51.18;75.15;93.24;44.26;91.25;39.26
46734;2020;Pablo Ramón;0.0;0.0;0.0;0.0;0.0;0.0;22.64;10.43;13.07;44.14;10.07;12.93
46734;2024;Pablo Ramón;0.0;0.0;0.0;0.0;0.0;0.0;22.46;11.53;15.2;43.69;11.06;13.7
46734;2025;Pablo Ramón;0.0;0.0;0.0;0.0;0.0;0.0;24.41;12.5;15.81;44.26;12.28;15.22
46735;2015;Salvador Ruiz;0.0;0.18;0.05;0.0;0.49;0.05;14.66;4.55;15.68;46.1;5.94;8.44
46736;2021;Franco Russo;0.37;0.6;3.55;0.0;4.8;3.63;61.6;42.49;77.48;43.97;56.9;65.01
46736;2022;Franco Russo;0.0;0.08;0.66;0.0;3.9;0.06;21.22;28.99;44.75;43.77;39.78;32.14
46737;2019;Joan Sastre;0.14;5.14;5.09;0.0;1.94;1.74;33.81;78.74;78.74;46.17;30.96;32.21
46737;2021;Joan Sastre;0.0;0.07;1.03;0.0;4.81;2.58;21.72;28.22;51.01;43.97;57.1;52.35
46738;2019;Martin Valjent;0.23;2.32;5.08;0.0;6.17;2.78;37.1;37.01;78.47;46.17;68.42;43.24
46738;2021;Martin Valjent;0.08;1.52;5.41;0.0;5.79;2.83;45.17;59.72;89.01;43.97;77.01;55.09
46738;2022;Martin Valjent;0.17;1.12;5.63;0.0;6.01;0.18;49.79;51.05;93.07;43.77;70.52;34.59
46738;2023;Martin Valjent;0.0;1.97;5.62;0.0;6.3;1.11;21.85;63.9;93.22;43.85;82.37;38.87
46738;2024;Martin Valjent;0.69;1.47;3.91;0.0;6.67;3.11;76.26;58.41;82.29;43.69;78.36;71.71
46738;2025;Martin Valjent;0.65;1.46;5.04;0.0;6.35;2.88;76.03;57.57;86.84;44.26;81.03;72.57
46739;2019;Iddrisu Baba;0.15;2.6;5.3;0.0;7.59;7.85;34.43;42.26;81.05;46.17;87.1;98.93
46739;2021;Iddrisu Baba;0.94;2.01;6.03;0.0;7.17;6.16;78.89;68.23;92.69;43.97;93.97;90.88
46739;2022;Iddrisu Baba;0.16;0.87;2.76;0.0;6.41;4.1;48.39;46.5;71.43;43.77;77.66;78.57
46739;2023;Iddrisu Baba;0.23;1.26;4.0;0.0;6.86;5.75;49.72;52.01;80.01;43.85;91.56;92.12
46740;2024;Stoichkov;0.35;1.82;1.38;0.0;5.53;2.65;63.98;63.57;55.77;43.69;57.8;64.25
46741;2019;Marc Pedraza;0.0;0.4;0.86;0.0;0.0;0.0;15.48;11.21;31.58;46.17;11.57;4.63
46742;2019;Dani Rodríguez;1.62;6.14;5.29;0.0;7.63;5.79;82.3;86.83;80.69;46.17;87.54;89.15
46742;2021;Dani Rodríguez;1.27;5.47;4.14;0.0;7.73;7.83;84.65;93.03;82.04;43.97;97.18;97.99
46742;2022;Dani Rodríguez;1.3;4.45;3.86;0.0;6.23;4.8;83.47;88.52;81.37;43.77;73.6;86.69
46742;2023;Dani Rodríguez;0.83;6.34;3.6;0.0;6.5;5.11;69.36;94.74;77.11;43.85;85.82;88.52
46742;2024;Dani Rodríguez;1.13;4.94;3.62;0.0;6.92;3.93;85.89;90.37;79.58;43.69;82.16;84.46
46742;2025;Dani Rodríguez;0.0;0.41;0.46;0.0;1.35;0.6;24.41;37.65;41.25;44.26;31.69;41.62
46743;2015;Salva Sevilla;0.86;6.85;0.0;0.0;3.92;1.15;70.59;87.01;7.61;46.1;23.01;24.4
46743;2016;Salva Sevilla;0.0;1.61;0.12;0.0;2.32;0.25;14.7;23.94;24.31;45.75;16.45;15.06
46743;2019;Salva Sevilla;1.86;10.0;3.34;0.0;4.64;2.6;84.96;98.58;61.65;46.17;49.91;40.75
46743;2021;Salva Sevilla;1.54;4.57;2.33;0.0;3.99;2.87;87.47;89.68;65.62;43.97;44.03;55.83
46744;2016;Leonardo Suárez;0.0;1.35;0.0;0.0;0.38;0.05;14.7;20.06;9.98;45.75;5.36;9.33
46744;2017;Leonardo Suárez;0.0;0.18;0.0;0.0;0.27;0.3;14.99;5.48;9.25;45.6;5.21;17.95
46744;2018;Leonardo Suárez;1.25;1.97;0.85;0.0;3.78;2.72;82.02;29.76;29.66;46.05;25.8;42.18
46746;2019;Ante Budimir;3.74;2.4;1.8;0.0;7.2;3.91;97.33;38.61;46.8;46.17;82.47;62.46
46746;2020;Ante Budimir;3.28;1.26;1.41;0.0;7.86;3.65;98.14;55.0;56.64;44.14;98.14;68.64
46746;2021;Ante Budimir;3.7;1.82;1.97;0.0;7.5;3.37;96.65;64.48;62.8;43.97;96.38;61.33
46746;2022;Ante Budimir;2.86;1.22;1.16;0.0;6.99;3.7;94.19;52.52;52.1;43.77;86.27;73.32
46746;2023;Ante Budimir;7.77;1.84;1.74;0.0;8.19;2.86;99.17;61.41;58.58;43.85;98.62;57.54
46746;2024;Ante Budimir;4.81;2.39;1.22;0.0;8.32;2.19;99.32;70.42;53.39;43.69;97.63;57.46
46746;2025;Ante Budimir;4.48;1.64;1.88;0.0;7.49;1.83;98.82;60.29;63.75;44.26;95.15;58.53
46748;2019;Ariday;0.27;0.21;0.15;0.0;0.0;0.0;41.64;6.94;16.73;46.17;11.57;4.63
46749;2019;Lago Júnior;1.56;3.23;2.61;0.0;6.41;4.39;81.49;52.76;54.98;46.17;71.0;69.66
46749;2021;Lago Júnior;0.23;0.03;0.82;0.0;3.72;2.31;54.22;25.47;47.86;43.97;41.09;50.0
46749;2022;Lago Júnior;0.21;0.01;0.17;0.0;3.75;1.21;51.4;22.9;32.84;43.77;38.38;41.32
46751;2019;Abdón Prats;0.55;0.84;0.03;0.0;0.19;0.62;53.91;19.04;13.79;46.17;25.44;21.35
46751;2021;Abdón Prats;0.93;1.07;0.0;0.0;4.34;3.58;78.42;53.22;14.28;43.97;49.06;64.61
46751;2022;Abdón Prats;0.44;0.91;0.03;0.0;2.94;1.23;63.24;47.41;29.34;43.77;32.49;41.67
46751;2023;Abdón Prats;2.62;1.65;0.62;0.0;4.74;3.03;89.97;58.58;41.08;43.85;51.52;60.72
46751;2024;Abdón Prats;0.72;0.39;0.12;0.0;4.65;1.09;77.34;37.38;33.04;43.69;45.32;44.57
46751;2025;Abdón Prats;0.11;0.38;0.0;0.0;2.34;1.12;51.18;36.47;15.81;44.26;35.37;48.53
46754;2020;Alberto;0.0;0.45;0.0;1.7;0.54;0.05;22.64;38.14;13.07;90.0;22.71;29.79
46755;2020;David Gil;0.0;0.02;0.0;5.43;1.1;0.01;22.64;23.29;13.07;95.36;25.36;26.0
46755;2021;David Gil;0.0;0.0;0.0;5.0;0.0;0.0;21.72;10.86;14.28;93.83;10.99;13.4
46755;2022;David Gil;0.0;0.04;0.0;9.13;0.0;0.0;21.22;27.8;14.57;98.6;10.71;13.59
46755;2023;David Gil;0.0;0.05;0.0;7.4;3.64;0.03;21.85;26.97;13.69;97.51;38.24;27.25
46756;2015;David Carmona;0.0;0.07;0.4;0.0;0.82;0.0;14.66;1.86;31.35;46.1;9.0;2.97
46757;2015;Róber;0.0;1.43;2.33;0.0;4.25;2.09;14.66;21.43;60.67;46.1;25.97;37.57
46757;2019;Róber;0.23;3.29;5.73;0.0;5.79;3.54;37.1;54.09;83.99;46.17;63.17;54.63
46757;2020;Róber;0.0;2.95;3.45;0.0;6.98;4.86;22.64;81.43;79.43;44.14;93.36;84.36
46758;2020;Saturday Erimuya;0.0;0.0;0.0;0.0;0.0;0.0;22.64;10.43;13.07;44.14;10.07;12.93
46759;2020;Alfonso Espino;0.28;2.63;8.18;0.0;7.03;3.95;61.93;77.21;99.29;44.14;94.07;73.57
46759;2021;Alfonso Espino;0.88;4.74;9.63;0.0;7.6;4.86;77.21;90.48;99.73;43.97;96.78;80.03
46759;2022;Alfonso Espino;0.08;5.03;7.87;0.0;7.65;4.49;43.63;91.04;99.02;43.77;93.98;83.82
46759;2023;Alfonso Espino;0.51;3.82;5.73;0.0;6.46;4.81;60.03;83.13;93.91;43.85;85.06;84.72
46759;2024;Alfonso Espino;0.15;1.23;4.06;0.0;6.37;2.39;53.12;55.36;83.04;43.69;71.3;59.91
46759;2025;Alfonso Espino;0.73;1.32;1.51;0.0;5.15;2.32;78.46;56.62;59.12;44.26;63.82;66.32
46760;2020;Sergio González;0.0;0.05;0.62;0.0;0.53;0.05;22.64;26.14;43.0;44.14;22.57;29.79
46762;2020;Marcos Mauro;0.62;0.51;3.62;0.0;5.38;0.08;75.36;39.86;81.14;44.14;67.43;31.43
46762;2021;Marcos Mauro;0.0;0.01;0.29;0.0;3.25;0.03;21.72;22.72;36.13;43.97;36.19;29.09
46763;2015;Matos;0.0;0.18;0.0;0.0;0.42;0.05;14.66;4.55;7.61;46.1;5.29;8.44
46764;2021;Brian Oliván;0.81;2.4;4.12;0.0;4.65;3.68;74.93;73.39;81.84;43.97;53.75;65.42
46764;2022;Brian Oliván;0.56;6.12;5.02;0.0;5.89;2.17;67.09;93.98;89.78;43.77;67.72;51.54
46764;2024;Brian Oliván;0.09;2.82;2.06;0.0;4.11;0.85;49.19;75.31;64.45;43.69;41.66;39.96
46765;2015;Aleksandar Pantić;0.11;1.03;8.02;0.0;6.36;0.96;32.56;18.09;98.7;46.1;58.63;21.89
46765;2016;Aleksandar Pantić;0.0;0.12;0.54;0.0;0.86;0.05;14.7;5.27;36.41;45.75;9.89;9.33
46767;2017;Sergio Sánchez;0.0;0.18;0.74;0.0;0.91;0.0;14.99;5.48;37.7;45.6;12.57;4.67
46768;2015;Ager Aketxe;0.21;1.31;0.4;0.0;2.02;1.3;41.19;20.22;31.35;46.1;14.84;27.64
46768;2017;Ager Aketxe;0.0;1.68;0.07;0.0;0.42;0.0;14.99;27.38;20.38;45.6;7.27;4.67
46769;2020;Álex Fernández;1.11;4.59;3.18;0.0;5.98;4.85;86.0;90.57;76.29;44.14;77.57;84.07
46769;2021;Álex Fernández;1.14;3.35;4.62;0.0;5.24;3.1;82.77;82.77;84.65;43.97;65.08;58.58
46769;2022;Álex Fernández;1.38;2.71;1.39;0.0;4.34;2.77;84.8;73.95;55.39;43.77;45.24;60.29
46769;2023;Álex Fernández;0.11;2.0;2.13;0.0;4.91;2.94;44.54;64.45;61.83;43.85;54.01;59.47
46770;2020;Jon Ander Garrido;0.06;0.32;1.82;0.0;4.15;1.67;46.93;33.64;63.14;44.14;46.21;43.71
46771;2020;Jairo Izquierdo;0.35;1.0;1.96;0.0;4.68;3.88;65.64;50.71;64.29;44.14;55.21;71.93
46771;2025;Jairo Izquierdo;0.0;0.04;0.0;0.0;0.03;0.0;24.41;28.82;15.81;44.26;25.22;15.22
46772;2015;José Mari;0.71;3.04;3.51;0.0;7.65;3.35;65.49;45.73;72.91;46.1;87.2;57.51
46772;2020;José Mari;0.58;1.59;5.17;0.0;6.22;4.58;74.07;62.21;91.29;44.14;82.21;81.07
46772;2021;José Mari;0.39;0.61;3.13;0.0;4.99;1.53;62.27;42.9;73.93;43.97;60.79;42.36
46772;2022;José Mari;0.19;0.85;1.37;0.0;4.62;1.51;50.84;45.59;55.11;43.77;48.18;44.05
46772;2023;José Mari;0.0;0.48;0.16;0.0;2.7;0.03;21.85;36.79;30.43;43.85;32.71;27.25
46775;2020;Salvi Sánchez;0.72;2.55;2.37;0.0;5.17;3.02;79.0;76.57;69.07;44.14;63.93;59.71
46775;2021;Salvi Sánchez;1.1;1.26;1.68;0.0;5.07;3.74;82.24;55.43;59.12;43.97;61.93;66.29
46775;2022;Salvi Sánchez;0.25;0.86;0.81;0.0;4.19;1.23;54.69;46.01;47.76;43.77;42.58;41.67
46775;2023;Salvi Sánchez;0.0;0.03;0.0;0.0;0.39;0.34;21.85;25.45;13.69;43.85;22.13;35.13
46775;2024;Salvi Sánchez;0.0;0.0;0.0;0.0;0.0;0.0;22.46;11.53;15.2;43.69;11.06;13.7
46781;2015;Vincenzo Rennella;0.86;0.81;0.12;0.0;2.79;0.25;70.59;14.1;18.65;46.1;17.25;16.51
46782;2019;Manu Vallejo;1.74;2.14;1.66;0.0;6.07;4.12;84.16;35.23;44.22;46.17;67.7;65.75
46782;2020;Manu Vallejo;1.47;0.81;0.82;0.0;4.02;2.16;89.79;46.79;48.14;44.14;44.21;48.93
46782;2021;Manu Vallejo;0.45;0.97;0.44;0.0;2.56;0.36;64.75;50.6;39.81;43.97;32.71;34.18
46782;2022;Manu Vallejo;0.1;0.67;0.27;0.0;1.69;0.51;45.38;41.95;36.27;43.77;28.43;36.13
46782;2023;Manu Vallejo;0.0;0.0;0.0;0.0;0.0;0.0;21.85;10.1;13.69;43.85;9.68;12.86
46784;2015;Dani Giménez;0.0;0.2;0.0;1.46;0.0;0.0;14.66;5.19;7.61;93.88;0.93;2.97
46784;2016;Dani Giménez;0.0;0.05;0.0;0.25;0.0;0.0;14.7;2.5;9.98;92.33;1.39;3.6
46784;2017;Dani Giménez;0.0;0.79;0.0;4.0;1.2;0.6;14.99;16.7;9.25;95.33;14.36;20.83
46785;2016;Adrián Ortolá;0.0;0.55;0.0;1.7;0.0;0.0;14.7;10.44;9.98;94.27;1.39;3.6
46786;2015;Eneko Bóveda;0.0;3.98;5.99;0.0;7.09;4.25;14.66;59.55;92.67;46.1;77.64;73.47
46786;2016;Eneko Bóveda;0.0;2.56;6.45;0.0;6.87;4.11;14.7;36.6;96.86;45.75;87.25;66.64
46786;2017;Eneko Bóveda;0.0;2.14;4.25;0.0;4.51;1.12;14.99;33.39;75.76;45.6;33.03;25.4
46789;2021;Saúl García;0.0;0.0;0.11;0.0;1.28;0.0;21.72;10.86;31.5;43.97;27.55;13.4
46790;2019;Víctor García;0.82;1.41;0.15;0.0;1.45;0.85;64.41;25.18;16.73;46.17;29.18;22.95
46790;2025;Víctor García;0.28;1.09;2.11;0.0;4.72;3.19;61.99;52.13;66.47;44.26;57.21;77.65
46793;2015;David Simón;0.63;5.29;4.17;0.0;6.95;2.9;61.32;75.51;78.48;46.1;73.38;49.07
46793;2016;David Simón;0.7;6.06;3.11;0.0;6.75;4.64;59.8;81.79;70.98;45.75;85.67;76.71
46793;2017;David Simón;0.19;6.1;6.85;0.0;6.65;4.79;39.05;81.69;92.1;45.6;75.13;72.8
46795;2019;Domingos Duarte;0.83;1.95;4.77;0.0;6.6;3.01;65.48;33.1;74.64;46.17;73.04;46.09
46795;2020;Domingos Duarte;0.31;1.47;5.29;0.0;6.2;2.15;63.36;58.93;92.07;44.14;81.86;48.71
46795;2021;Domingos Duarte;0.36;1.15;5.25;0.0;5.93;2.21;60.79;54.29;88.27;43.97;80.16;49.26
46795;2022;Domingos Duarte;0.32;1.31;5.08;0.0;6.47;3.43;59.17;54.41;90.2;43.77;79.48;68.91
46795;2023;Domingos Duarte;0.0;0.6;1.34;0.0;4.8;1.22;21.85;41.63;54.01;43.85;52.01;40.32
46795;2024;Domingos Duarte;0.19;0.52;3.45;0.0;6.15;0.18;54.61;40.77;78.49;43.69;67.37;36.5
46795;2025;Domingos Duarte;0.11;0.44;4.26;0.0;6.97;0.47;51.18;38.97;82.87;44.26;89.71;41.32
46796;2015;Álex Bergantiños;0.68;6.15;3.03;0.0;6.93;1.98;64.66;83.02;67.53;46.1;72.91;36.09
46796;2016;Álex Bergantiños;0.68;3.65;1.73;0.0;4.45;1.0;57.86;53.05;57.3;45.75;32.35;22.27
46797;2015;Federico Cartabia;1.98;6.04;1.99;0.0;7.38;6.5;89.89;82.28;58.07;46.1;83.4;96.66
46797;2016;Federico Cartabia;0.0;0.57;0.5;0.0;2.18;0.25;14.7;10.72;35.21;45.75;15.71;15.06
46797;2017;Federico Cartabia;1.36;6.8;1.57;0.0;7.46;7.48;81.87;85.64;52.78;45.6;92.37;97.31
46799;2016;Edu Expósito;0.0;0.6;0.0;0.0;0.51;0.47;14.7;11.28;9.98;45.75;7.21;17.19
46799;2017;Edu Expósito;0.0;0.8;0.4;0.0;0.76;0.46;14.99;17.15;30.52;45.6;11.67;19.75
46799;2019;Edu Expósito;1.95;4.21;5.24;0.0;6.15;4.45;86.03;68.77;80.07;46.17;68.15;70.64
46799;2020;Edu Expósito;0.67;6.85;4.35;0.0;6.89;6.45;76.79;95.86;86.43;44.14;92.29;96.57
46799;2022;Edu Expósito;0.86;2.96;2.49;0.0;6.32;3.94;75.49;77.03;68.84;43.77;76.05;76.4
46799;2024;Edu Expósito;0.58;5.43;3.11;0.0;6.49;4.12;71.1;92.54;75.98;43.69;74.36;86.43
46799;2025;Edu Expósito;0.73;10.0;4.12;0.0;6.6;5.2;78.46;99.41;81.62;44.26;84.34;95.88
46800;2015;Vicente Gómez;0.51;5.16;2.74;0.0;7.77;4.71;56.77;74.4;65.31;46.1;89.89;79.78
46800;2016;Vicente Gómez;1.09;5.0;3.21;0.0;7.05;4.63;72.27;71.35;72.27;45.75;89.19;76.52
46800;2017;Vicente Gómez;0.0;3.85;1.55;0.0;5.77;3.33;14.99;56.73;51.89;45.6;53.41;47.85
46801;2015;Michael Krohn-Dehli;0.39;8.31;1.31;0.0;5.07;3.77;51.02;93.88;48.98;46.1;34.32;64.56
46801;2016;Michael Krohn-Dehli;0.0;1.54;0.04;0.0;0.78;0.6;14.7;22.64;20.89;45.75;9.43;18.76
46801;2017;Michael Krohn-Dehli;0.42;3.58;2.49;0.0;4.5;4.22;53.23;52.33;61.94;45.6;32.59;62.66
46802;2015;Matías Nahuel;0.32;4.21;1.32;0.0;5.25;4.08;48.42;62.15;49.17;46.1;35.81;70.87
46802;2016;Matías Nahuel;0.0;2.46;0.0;0.0;3.46;1.05;14.7;34.94;9.98;45.75;22.92;22.55
46802;2017;Matías Nahuel;0.21;3.15;0.04;0.0;3.47;3.74;41.83;46.41;19.57;45.6;24.42;53.32
46803;2015;Joni Montiel;0.0;1.9;0.0;0.0;2.74;1.37;14.66;28.94;7.61;46.1;17.07;28.76
46803;2024;Joni Montiel;0.0;0.0;0.0;0.0;0.0;0.0;22.46;11.53;15.2;43.69;11.06;13.7
46805;2015;Pedro Mosquera;0.23;5.47;3.93;0.0;7.68;4.12;44.16;77.74;76.07;46.1;87.57;71.99
46805;2016;Pedro Mosquera;0.98;3.19;4.61;0.0;6.48;4.28;68.48;46.12;86.88;45.75;79.57;70.15
46805;2017;Pedro Mosquera;0.27;4.23;4.4;0.0;6.02;3.85;46.23;60.77;77.38;45.6;59.87;54.85
46805;2020;Pedro Mosquera;0.15;3.1;4.44;0.0;5.55;4.18;52.64;82.57;87.43;44.14;70.79;76.29
46807;2016;Borja Valle;0.23;1.36;0.15;0.0;2.94;1.8;37.62;20.33;25.14;45.75;19.59;33.09
46807;2017;Borja Valle;1.6;4.11;0.72;0.0;3.46;0.24;85.28;59.96;36.89;45.6;24.24;16.61
46808;2015;Carlos Fernández;0.0;0.57;0.0;0.0;0.29;0.05;14.66;10.76;7.61;46.1;3.9;8.44
46808;2016;Carlos Fernández;0.9;0.1;0.0;0.0;0.61;0.0;66.08;4.34;9.98;45.75;7.95;3.6
46808;2017;Carlos Fernández;0.84;1.38;0.13;0.0;0.75;0.05;70.29;24.15;21.81;45.6;11.4;11.4
46808;2019;Carlos Fernández;3.45;3.58;1.33;0.0;7.84;5.04;96.62;59.7;38.97;46.17;89.32;80.07
46808;2020;Carlos Fernández;0.69;1.99;0.17;0.0;4.36;2.31;77.5;67.93;31.71;44.14;49.29;50.0
46808;2022;Carlos Fernández;0.71;1.03;0.0;0.0;5.21;4.25;71.92;49.51;14.57;43.77;55.6;80.74
46808;2023;Carlos Fernández;1.81;0.65;1.25;0.0;4.56;1.78;83.82;42.81;52.21;43.85;48.82;45.44
46809;2019;Quique;0.18;2.65;0.3;0.0;6.97;3.24;35.5;43.33;20.28;46.17;77.4;49.38
46809;2020;Quique;0.06;0.14;0.0;0.0;2.16;0.86;46.93;29.43;13.07;44.14;29.14;35.43
46810;2016;Christian Santos;1.61;2.31;0.0;0.0;5.34;0.96;80.96;33.55;9.98;45.75;47.69;21.63
46810;2017;Christian Santos;1.88;1.72;0.0;0.0;5.54;0.0;88.51;27.83;9.25;45.6;48.11;4.67
46812;2017;Axel Werner;0.0;0.01;0.0;1.0;0.0;0.0;14.99;0.36;9.25;93.27;0.99;4.67
46812;2018;Axel Werner;0.0;0.25;0.0;0.91;0.03;0.0;13.09;5.37;4.99;93.22;1.32;3.58
46812;2021;Axel Werner;0.0;0.0;0.0;5.0;0.0;0.0;21.72;10.86;14.28;93.83;10.99;13.4
46812;2022;Axel Werner;0.0;0.03;0.0;6.29;1.22;1.1;21.22;26.82;14.57;96.08;27.03;39.57
46813;2020;Abdelkabir Abqar;0.0;0.0;0.0;0.0;0.0;0.0;22.64;10.43;13.07;44.14;10.07;12.93
46813;2021;Abdelkabir Abqar;0.0;0.0;0.0;0.0;0.0;0.0;21.72;10.86;14.28;43.97;10.99;13.4
46813;2023;Abdelkabir Abqar;0.36;0.78;5.72;0.0;6.17;2.89;54.84;45.44;93.71;43.85;79.32;58.44
46813;2024;Abdelkabir Abqar;0.08;1.94;6.55;0.0;7.27;2.71;48.24;64.86;95.25;43.69;87.52;66.08
46813;2025;Abdelkabir Abqar;0.23;2.25;7.47;0.0;8.08;2.29;59.26;68.31;97.21;44.26;98.09;65.44
46814;2018;Rajko Brežančić;0.0;0.07;0.0;0.0;0.36;0.05;13.09;2.07;4.99;46.05;4.71;9.32
46815;2017;Pau Torres;0.0;0.34;0.0;0.0;0.6;0.0;14.99;7.9;9.25;45.6;9.69;4.67
46815;2019;Pau Torres;0.48;4.84;4.98;0.0;6.28;3.72;51.07;75.62;77.49;46.17;69.48;58.45
46815;2020;Pau Torres;0.45;3.44;2.96;0.0;6.24;5.55;69.0;85.21;74.71;44.14;82.86;91.93
46815;2021;Pau Torres;1.64;3.64;4.88;0.0;6.78;6.78;88.4;84.45;85.92;43.97;89.68;94.64
46815;2022;Pau Torres;0.57;4.17;4.87;0.0;7.43;5.8;67.79;86.55;88.8;43.77;92.3;94.89
46816;2017;Miguel Cifuentes;0.0;1.23;0.27;0.0;1.0;0.37;14.99;22.08;25.94;45.6;13.46;19.57
46816;2020;Miguel Cifuentes;0.0;0.09;1.05;0.0;3.54;1.18;22.64;28.29;51.71;44.14;38.86;40.71
46817;2015;Diego González;0.86;0.45;0.4;0.0;0.85;0.05;70.59;8.91;31.35;46.1;9.28;8.44
46817;2016;Diego González;0.0;0.33;0.58;0.0;0.66;0.0;14.7;7.95;37.62;45.75;8.5;3.6
46817;2017;Diego González;0.58;1.94;5.08;0.0;5.8;0.92;62.84;30.25;82.5;45.6;54.04;22.98
46817;2020;Diego González;0.33;1.09;2.58;0.0;4.88;3.93;64.93;51.93;71.07;44.14;58.36;73.0
46817;2021;Diego González;0.08;0.68;3.54;0.0;4.59;1.25;45.17;44.84;77.28;43.97;52.35;39.14
46817;2022;Diego González;0.0;0.25;1.93;0.0;4.86;0.93;21.22;32.84;63.31;43.77;50.35;37.82
46818;2015;Luis Hernández;0.18;3.91;8.69;0.0;6.08;2.96;36.73;58.63;99.44;46.1;51.3;50.37
46818;2016;Luis Hernández;0.59;4.76;5.6;0.0;6.33;3.11;53.79;67.28;93.35;45.75;75.32;49.35
46818;2017;Luis Hernández;0.0;2.76;7.6;0.0;5.59;2.51;14.99;41.11;96.41;45.6;49.1;37.43
46818;2021;Luis Hernández;0.36;2.55;3.73;0.0;4.85;0.25;60.79;75.34;78.15;43.97;58.04;33.65
46818;2022;Luis Hernández;0.08;2.21;4.96;0.0;5.98;2.62;43.63;68.14;89.36;43.77;69.61;58.54
46818;2023;Luis Hernández;1.15;3.03;3.27;0.0;4.26;0.0;75.93;77.66;72.27;43.85;44.47;12.86
46819;2015;Juankar;0.83;5.16;2.69;0.0;6.25;4.17;69.29;74.4;64.94;46.1;55.66;72.54
46819;2016;Juankar;0.89;5.68;4.88;0.0;6.81;4.36;65.43;77.63;89.09;45.75;86.6;71.72
46819;2017;Juankar;0.0;5.88;5.17;0.0;6.17;3.55;14.99;80.97;83.66;45.6;64.99;50.9
46820;2015;Federico Ricca;0.64;3.41;4.42;0.0;6.54;1.19;62.24;52.04;80.33;46.1;62.43;25.51
46820;2016;Federico Ricca;0.11;3.96;4.49;0.0;6.27;2.0;31.15;56.56;85.86;45.75;73.38;35.77
46820;2017;Federico Ricca;0.45;3.21;4.81;0.0;7.4;4.2;55.92;47.76;81.06;45.6;91.2;62.12
46821;2017;Ivan Rodríguez;0.0;0.33;0.49;0.0;0.19;0.0;14.99;7.72;32.14;45.6;4.4;4.67
46822;2015;David Lombán;0.14;2.05;5.23;0.0;5.83;1.05;34.69;30.8;87.2;46.1;45.55;22.63
46822;2016;David Lombán;0.64;2.55;4.38;0.0;5.03;1.12;56.1;36.14;84.66;45.75;41.5;24.31
46822;2017;David Lombán;0.49;2.24;9.33;0.0;7.05;0.19;57.63;35.37;99.64;45.6;84.38;16.34
46823;2015;Miguel Torres;0.0;2.81;4.29;0.0;6.56;1.59;14.66;41.74;79.31;46.1;63.36;31.35
46823;2016;Miguel Torres;0.2;2.29;3.53;0.0;5.61;0.14;35.03;32.81;76.34;45.75;53.79;12.66
46823;2017;Miguel Torres;0.0;2.19;7.8;0.0;3.88;0.0;14.99;34.29;97.31;45.6;26.48;4.67
46824;2017;Iván Alejo;0.48;4.52;0.43;0.0;6.68;5.84;57.09;66.25;30.97;45.6;76.39;88.06
46824;2018;Iván Alejo;0.0;0.58;0.0;0.0;2.29;1.59;13.09;10.73;4.99;46.05;15.82;31.73
46824;2020;Iván Alejo;0.41;1.38;0.59;0.0;4.52;3.5;68.07;57.0;41.86;44.14;52.0;66.5
46824;2021;Iván Alejo;0.86;3.6;2.58;0.0;5.79;3.88;76.34;84.32;68.16;43.97;77.01;68.1
46824;2022;Iván Alejo;0.52;2.88;1.76;0.0;6.43;2.87;66.25;75.84;60.78;43.77;78.22;62.32
46824;2023;Iván Alejo;0.21;2.22;1.72;0.0;6.19;4.69;48.76;67.5;58.23;43.85;80.15;83.2
46825;2021;Keidi Bare;0.31;2.46;3.59;0.0;5.38;4.12;58.78;73.73;77.61;43.97;67.29;71.18
46825;2022;Keidi Bare;0.35;1.05;2.37;0.0;5.02;1.68;60.36;49.93;67.79;43.77;52.66;45.52
46827;2015;Adrián González;2.07;3.41;2.47;0.0;5.99;2.14;90.45;52.04;62.43;46.1;49.91;38.22
46827;2016;Adrián González;2.74;3.34;0.52;0.0;5.13;2.16;92.61;48.71;35.77;45.75;44.09;37.89
46827;2017;Adrián González;1.3;4.43;3.87;0.0;6.74;3.61;80.34;64.36;72.26;45.6;78.55;51.71
46828;2024;Iván Jaime;0.69;1.75;2.25;0.0;6.08;3.01;76.26;62.01;67.16;43.69;66.55;69.95
46829;2015;Mehdi Lacen;0.0;3.65;3.83;0.0;7.64;5.11;14.66;55.01;74.58;46.1;87.01;86.55
46829;2017;Mehdi Lacen;0.1;2.25;1.66;0.0;3.69;1.59;33.57;35.64;54.31;45.6;25.49;30.52
46830;2016;Erik Morán;0.19;4.69;2.32;0.0;5.58;2.12;34.1;66.45;64.51;45.75;53.05;37.43
46830;2017;Erik Morán;0.0;1.23;0.7;0.0;1.23;0.0;14.99;22.08;36.09;45.6;14.63;4.67
46831;2017;Alex Mula;1.14;2.06;0.76;0.0;4.81;5.44;76.66;32.05;38.42;45.6;36.98;81.69
46832;2015;Javier Ontiveros;0.21;2.03;0.0;0.0;0.79;0.05;41.19;30.15;7.61;46.1;8.16;8.44
46832;2016;Javier Ontiveros;0.88;5.78;0.0;0.0;5.79;5.21;65.06;78.37;9.98;45.75;58.6;85.58
46832;2017;Javier Ontiveros;0.52;3.43;0.38;0.0;5.23;4.27;59.07;50.45;29.89;45.6;42.55;63.11
46832;2019;Javier Ontiveros;2.0;3.58;1.66;0.0;6.45;5.24;86.83;59.7;44.22;46.17;71.89;83.63
46832;2020;Javier Ontiveros;0.62;1.69;0.99;0.0;3.03;2.91;75.36;63.57;50.64;44.14;35.43;58.79
46832;2021;Javier Ontiveros;0.23;0.1;0.08;0.0;2.08;1.33;54.22;28.95;30.63;43.97;30.5;41.02
46836;2016;Mamadou Koné;0.23;0.98;0.0;0.0;2.01;1.1;37.62;16.27;9.98;45.75;15.16;23.38
46837;2017;Dani Pacheco;0.0;3.55;1.12;0.0;3.37;2.73;14.99;51.71;45.06;45.6;23.16;39.68
46841;2016;Nereo Champagne;0.0;0.18;0.0;2.64;0.5;0.0;14.7;5.91;9.98;94.45;7.02;3.6
46841;2017;Nereo Champagne;0.0;0.11;0.0;0.13;0.0;0.0;14.99;3.32;9.25;91.56;0.99;4.67
46849;2022;Javier Hernández;0.67;1.93;1.96;0.0;6.03;4.18;71.08;65.13;63.73;43.77;70.73;79.62
46849;2023;Javier Hernández;1.19;5.03;4.42;0.0;5.99;3.52;76.69;90.04;84.58;43.85;74.9;68.53
46849;2024;Javier Hernández;0.63;2.38;2.74;0.0;5.34;3.77;73.07;70.08;72.05;43.69;55.5;81.48
46852;2015;Carlos Martínez;0.0;5.42;5.46;0.0;7.01;2.61;14.66;76.99;89.89;46.1;75.51;43.97
46852;2016;Carlos Martínez;0.23;5.79;5.7;0.0;6.94;4.52;37.62;78.56;93.62;45.75;87.89;74.4
46852;2017;Carlos Martínez;0.0;0.35;0.0;0.0;0.29;0.05;14.99;8.53;9.25;45.6;5.83;11.4
46854;2024;Viti Rozada;0.15;2.39;7.46;0.0;7.94;3.51;53.12;70.42;98.1;43.69;94.64;78.43
46856;2015;Saúl;1.68;7.9;1.94;0.0;4.88;2.7;85.71;92.58;57.42;46.1;31.63;45.64
46858;2020;Ramon Folch;0.0;0.0;0.0;0.0;0.0;0.0;22.64;10.43;13.07;44.14;10.07;12.93
46860;2019;Javier Muñoz;0.0;0.09;0.23;0.0;0.0;0.0;15.48;4.09;18.95;46.17;11.57;4.63
46860;2023;Javier Muñoz;1.34;4.05;3.55;0.0;4.9;3.68;78.15;85.06;76.42;43.85;53.8;71.09
46860;2024;Javier Muñoz;0.51;4.48;4.25;0.0;6.38;4.47;69.47;89.01;84.26;43.69;71.57;91.45
46860;2025;Javier Muñoz;0.82;1.29;1.4;0.0;3.57;2.59;80.88;56.18;57.5;44.26;44.41;70.22
46861;2016;Omar Ramos;0.3;7.19;0.75;0.0;6.57;6.19;41.22;89.28;42.05;45.75;80.96;93.35
46861;2017;Omar Ramos;0.19;5.47;1.55;0.0;5.89;5.64;39.05;77.29;51.89;45.6;56.28;84.47
46862;2025;Borja Sánchez;0.0;0.06;0.0;0.0;0.0;0.0;24.41;29.85;15.81;44.26;12.28;15.22
46870;2015;Diego Mariño;0.0;1.08;0.02;3.95;5.27;1.2;14.66;18.65;15.21;95.92;36.27;26.07
46870;2016;Diego Mariño;0.0;0.51;0.0;1.08;0.0;0.0;14.7;9.89;9.98;93.9;1.39;3.6
46870;2022;Diego Mariño;0.0;0.0;0.0;6.28;0.0;0.0;21.22;10.43;14.57;95.94;10.71;13.59
46870;2023;Diego Mariño;0.0;0.01;0.0;5.89;0.0;0.0;21.85;22.06;13.69;95.57;9.68;12.86
46871;2019;Dani Martín;0.0;0.97;0.0;1.57;1.37;0.05;15.48;21.53;6.58;94.31;29.0;11.74
46871;2020;Dani Martín;0.0;0.0;0.0;3.5;0.0;0.0;22.64;10.43;13.07;91.21;10.07;12.93
46871;2022;Dani Martín;0.0;0.0;0.0;5.0;0.0;0.0;21.22;10.43;14.57;92.65;10.71;13.59
46872;2022;Christian Sanchez;0.0;0.0;0.0;5.0;0.0;0.0;21.22;10.43;14.57;92.65;10.71;13.59
46874;2015;Jean-Sylvain Babin;0.94;1.82;5.04;0.0;6.03;0.1;73.84;27.18;85.81;46.1;50.46;12.34
46874;2016;Jean-Sylvain Babin;0.51;2.66;2.86;0.0;5.6;1.34;51.57;37.99;69.87;45.75;53.6;27.91
46875;2015;Roberto Canella;0.0;1.87;5.38;0.0;5.93;1.2;14.66;28.11;89.24;46.1;48.14;26.07
46875;2016;Roberto Canella;0.68;4.16;2.51;0.0;5.89;1.48;57.86;60.35;66.08;45.75;61.65;29.94
46878;2015;Javier Noblejas;0.0;0.17;0.0;0.0;0.69;0.05;14.66;3.99;7.61;46.1;7.79;8.44
46880;2015;Francisco Molinero;0.11;2.94;3.22;0.0;5.33;1.93;32.56;44.06;69.57;46.1;37.66;35.16
46880;2017;Francisco Molinero;0.0;2.29;3.3;0.0;4.95;2.75;14.99;36.36;67.41;45.6;38.33;39.95
46883;2016;Juan Rodríguez;0.0;0.85;1.0;0.0;1.67;0.05;14.7;14.97;47.87;45.75;12.38;9.33
46884;2015;Carlos Carmona;0.96;7.73;0.67;0.0;7.29;4.18;74.86;91.28;37.76;46.1;81.45;72.73
46884;2016;Carlos Carmona;2.79;6.0;0.56;0.0;7.12;3.07;92.98;81.33;36.97;45.75;90.39;48.61
46887;2024;Pedro Díaz;0.85;3.01;1.29;0.0;5.06;3.91;80.53;77.34;54.21;43.69;51.29;83.99
46887;2025;Pedro Díaz;0.51;4.12;2.47;0.0;5.4;2.35;72.65;85.29;69.71;44.26;67.5;67.28
46888;2016;Pablo Fernández;0.0;0.59;0.0;0.0;0.03;0.0;14.7;11.0;9.98;45.75;2.77;3.6
46890;2017;Álvaro Jiménez;0.97;3.16;0.0;0.0;6.31;4.41;72.98;46.68;9.25;45.6;67.68;65.62
46890;2021;Álvaro Jiménez;0.15;0.41;0.99;0.0;4.42;3.67;49.46;36.8;50.4;43.97;50.13;65.21
46892;2017;Ivi;1.3;5.01;0.83;0.0;5.93;4.84;80.34;71.81;39.95;45.6;57.81;73.07
46892;2018;Ivi;0.0;1.15;0.0;0.0;0.16;0.0;13.09;19.68;4.99;46.05;2.26;3.58
46895;2015;Pablo Pérez;0.95;2.62;0.68;0.0;6.43;1.85;74.4;39.05;38.13;46.1;60.02;33.77
46897;2015;Hernán;0.71;3.4;2.63;0.0;6.24;2.6;65.49;51.48;64.1;46.1;55.19;43.69
46897;2016;Hernán;0.23;3.08;0.0;0.0;4.35;3.0;37.62;43.99;9.98;45.75;31.05;47.6
46897;2017;Hernán;0.42;3.09;1.82;0.0;4.49;0.35;53.23;45.24;55.57;45.6;32.14;19.12
46898;2016;Álex Alegría;2.34;2.66;0.31;0.0;6.77;3.15;89.0;37.99;31.33;45.75;86.04;49.91
46898;2017;Álex Alegría;0.42;1.94;0.76;0.0;6.44;1.54;53.23;30.25;38.42;45.6;70.11;29.8
46898;2018;Álex Alegría;0.43;1.9;0.03;0.0;3.71;3.59;51.6;29.19;10.26;46.05;24.2;54.43
46898;2019;Álex Alegría;0.0;0.43;0.0;0.0;0.0;0.2;15.48;12.01;6.58;46.17;11.57;17.08
46904;2022;Fernando Martínez;0.0;0.44;0.0;7.01;4.28;1.18;21.22;37.75;14.57;96.92;43.77;41.04
46904;2023;Fernando Martínez;0.0;0.06;0.0;6.25;2.27;0.0;21.85;27.46;13.69;96.27;30.29;12.86
46909;2017;Andoni López;0.0;0.16;0.34;0.0;0.48;0.3;14.99;4.31;28.46;45.6;8.17;17.95
46914;2021;Esteban Saveljich;0.32;0.59;3.78;0.0;5.63;0.05;59.32;42.02;78.42;43.97;72.79;29.89
46914;2022;Esteban Saveljich;0.0;0.0;0.0;0.0;0.0;0.0;21.22;10.43;14.57;43.77;10.71;13.59
46915;2015;Angel Trujillo;0.0;0.88;4.29;0.0;3.47;1.0;14.66;15.49;79.31;46.1;20.5;22.45
46919;2022;César de la Hoz;0.25;0.89;3.33;0.0;5.76;2.35;54.69;46.92;76.75;43.77;65.34;53.5
46919;2024;César de la Hoz;0.0;0.0;0.0;0.0;0.0;0.0;22.46;11.53;15.2;43.69;11.06;13.7
46920;2019;Yan Eteki;0.0;1.63;4.52;0.0;6.6;4.48;15.48;28.56;71.89;46.17;73.04;71.26
46920;2020;Yan Eteki;0.19;0.59;2.08;0.0;4.82;4.05;54.5;41.93;65.36;44.14;57.64;74.57
46920;2021;Yan Eteki;0.0;0.24;0.95;0.0;3.05;1.04;21.72;31.97;49.53;43.97;34.79;37.33
46922;2017;Juan Narváez;0.0;2.85;2.38;0.0;4.4;2.65;14.99;43.0;61.04;45.6;31.42;39.14
46922;2022;Juan Narváez;0.0;0.03;0.15;0.0;4.3;1.34;21.22;26.82;32.49;43.77;43.98;42.72
46927;2020;Juan Carlos;0.06;0.68;0.14;0.0;2.85;2.62;46.93;43.5;29.86;44.14;33.86;54.14
46930;2017;Ermedin Demirović;1.05;1.11;0.22;0.0;1.47;0.15;74.87;20.83;24.24;45.6;15.8;16.16
46931;2020;Álvaro Giménez;0.88;0.95;0.73;0.0;4.45;0.19;82.57;49.86;46.0;44.14;51.0;32.86
46931;2022;Álvaro Giménez;0.0;0.0;0.0;0.0;1.12;0.03;21.22;10.43;14.57;43.77;26.33;28.71
46933;2019;Luis Rioja;0.2;3.01;1.78;0.0;6.0;4.19;36.03;49.91;46.44;46.17;66.55;66.55
46933;2020;Luis Rioja;1.04;3.18;1.75;0.0;5.35;5.06;85.29;83.36;61.93;44.14;66.86;86.86
46933;2021;Luis Rioja;1.43;4.23;2.57;0.0;6.39;7.47;86.33;87.67;67.83;43.97;86.33;97.05
46933;2023;Luis Rioja;2.91;5.23;2.07;0.0;5.37;6.16;91.29;91.36;61.13;43.85;62.38;95.02
46933;2024;Luis Rioja;0.77;2.55;1.62;0.0;3.65;2.55;78.7;72.73;58.89;43.69;38.26;63.03
46933;2025;Luis Rioja;0.57;5.28;2.44;0.0;5.82;5.1;74.71;90.29;69.49;44.26;73.82;94.93
46935;2015;Raúl Lizoain;0.0;0.56;0.23;4.4;4.3;0.1;14.66;10.3;23.01;96.29;26.25;12.34
46935;2016;Raúl Lizoain;0.0;1.34;0.38;2.72;4.41;1.35;14.7;19.78;32.53;94.73;31.79;28.1
46935;2017;Raúl Lizoain;0.0;1.22;0.11;2.18;3.26;0.14;14.99;21.72;21.18;94.08;22.26;15.98
46937;2017;Aly Abeid;0.0;0.53;1.26;0.0;0.48;0.25;14.99;12.57;47.31;45.6;8.17;17.15
46940;2019;Esteban Burgos;0.55;1.43;4.73;0.0;8.63;2.93;53.91;25.89;74.2;46.17;95.64;45.37
46940;2020;Esteban Burgos;0.71;0.8;1.79;0.0;3.87;1.08;78.21;46.43;62.86;44.14;43.0;38.07
46941;2025;Unai Elgezabal;0.0;1.26;3.91;0.0;6.22;0.18;24.41;55.59;80.88;44.26;78.75;38.68
46945;2015;Laure;0.0;2.33;4.91;0.0;5.66;1.52;14.66;34.88;84.51;46.1;42.49;29.96
46945;2016;Laure;0.0;1.54;2.76;0.0;3.49;1.6;14.7;22.64;68.85;45.75;23.38;31.05
46952;2015;Eddy Silvestre;0.21;0.94;0.78;0.0;3.06;0.2;41.19;16.51;39.7;46.1;18.37;15.68
46955;2015;Víctor Casadesús;0.83;3.76;0.33;0.0;6.18;2.97;69.29;56.31;27.83;46.1;53.43;50.83
46957;2015;Juan Muñoz;1.07;0.34;0.0;0.0;2.41;1.42;77.64;6.49;7.61;46.1;15.58;29.13
46961;2020;Édgar Badía;0.0;0.5;0.03;10.0;4.09;0.04;22.64;39.71;26.86;99.64;45.57;28.36
46961;2021;Édgar Badía;0.0;0.28;0.0;8.45;4.13;0.01;21.72;33.11;14.28;98.12;46.58;27.28
46961;2022;Édgar Badía;0.0;0.34;0.0;10.0;5.75;0.08;21.22;35.22;14.57;99.72;64.99;32.91
46965;2020;Gonzalo Verdú;0.26;2.4;5.62;0.0;6.66;4.9;59.14;74.29;94.0;44.14;90.21;85.29
46965;2021;Gonzalo Verdú;0.0;0.68;2.97;0.0;5.13;0.27;21.72;44.84;72.32;43.97;62.73;33.78
46965;2022;Gonzalo Verdú;0.37;0.29;1.69;0.0;5.5;0.08;60.78;34.1;59.8;43.77;60.29;32.91
46966;2020;Dani Calvo;0.51;0.53;2.25;0.0;5.05;1.79;71.86;40.79;67.71;44.14;61.5;45.21
46966;2025;Dani Calvo;0.0;0.52;1.98;0.0;5.72;0.07;24.41;41.99;64.93;44.26;72.21;35.51
46967;2020;Juan Cruz;0.0;1.46;2.89;0.0;5.18;3.39;22.64;58.5;73.79;44.14;64.36;64.86
46967;2021;Juan Cruz;0.0;1.08;3.91;0.0;4.99;4.48;21.72;53.49;79.89;43.97;60.79;76.54
46967;2022;Juan Cruz;0.0;2.08;2.49;0.0;5.2;2.78;21.22;66.67;68.84;43.77;55.32;60.92
46967;2023;Juan Cruz;0.0;1.3;2.78;0.0;4.97;1.59;21.85;52.49;68.46;43.85;54.77;44.26
46967;2024;Juan Cruz;0.0;0.49;2.02;0.0;4.74;0.82;22.46;40.37;63.98;43.69;46.07;39.55
46967;2025;Juan Cruz;0.0;0.67;1.33;0.0;3.4;1.69;24.41;45.07;55.96;44.26;42.65;56.47
46968;2021;Óscar Gil;0.13;3.75;7.4;0.0;6.37;4.39;48.66;85.05;97.25;43.97;85.92;75.0
46968;2022;Óscar Gil;0.17;2.42;6.76;0.0;7.03;4.54;49.79;70.38;96.78;43.77;86.83;84.38
46973;2020;Josan;1.03;2.42;2.96;0.0;5.59;5.07;84.93;74.5;74.71;44.14;71.5;87.14
46973;2021;Josan;0.7;2.53;2.78;0.0;5.52;5.35;71.11;74.73;70.51;43.97;70.17;83.91
46973;2022;Josan;0.4;2.42;1.69;0.0;5.58;4.9;62.04;70.38;59.8;43.77;61.83;88.17
46973;2025;Josan;0.13;3.33;0.95;0.0;4.02;2.53;53.6;80.37;49.41;44.26;48.97;69.49
46975;2016;Nacho Gil;0.0;0.0;0.0;0.0;0.26;0.05;14.7;0.65;9.98;45.75;4.9;9.33
46975;2017;Nacho Gil;0.26;3.41;0.31;0.0;4.39;2.85;45.6;50.18;27.2;45.6;31.24;41.47
46979;2022;Iván Sánchez;0.71;2.3;1.48;0.0;6.41;5.91;71.92;69.19;56.79;43.77;77.66;95.66
46979;2024;Iván Sánchez;0.6;2.86;2.89;0.0;7.36;5.64;71.57;75.85;73.81;43.69;88.53;97.29
46981;2015;Xavi Torres;0.36;2.28;2.44;0.0;5.03;2.25;49.91;33.86;62.15;46.1;33.67;39.61
46981;2016;Xavi Torres;0.26;2.07;1.42;0.0;4.64;1.16;40.02;29.57;54.16;45.75;34.75;24.95
46982;2021;Gonzalo Villar;0.32;0.79;0.82;0.0;4.92;5.44;59.32;47.52;47.86;43.97;58.85;84.99
46982;2022;Gonzalo Villar;0.14;0.92;1.42;0.0;5.35;5.05;47.41;47.83;55.74;43.77;57.28;89.92
46982;2023;Gonzalo Villar;0.77;2.9;4.0;0.0;7.35;5.8;67.7;75.86;80.01;43.85;95.44;92.74
46983;2015;Carlos Castro;2.23;1.62;0.0;0.0;4.14;2.74;91.65;24.49;7.61;46.1;24.86;46.01
46983;2016;Carlos Castro;1.63;3.08;0.0;0.0;3.46;2.76;81.24;43.99;9.98;45.75;22.92;44.55
46984;2020;Nino;0.06;0.33;0.0;0.0;2.51;1.52;46.93;33.93;13.07;44.14;32.07;42.71
46985;2021;Yacine Qasmi;0.0;0.0;0.0;0.0;1.04;0.0;21.72;10.86;14.28;43.97;26.27;13.4
46987;2017;Raúl Fernández;0.0;0.49;0.0;5.84;3.38;0.09;14.99;11.85;9.25;97.13;23.34;13.82
46987;2023;Raúl Fernández;0.0;0.1;0.0;4.43;0.02;0.0;21.85;28.77;13.69;91.15;19.64;12.86
46987;2025;Raúl Fernández;0.0;0.0;0.0;5.0;0.0;0.0;24.41;12.5;15.81;94.34;12.28;15.22
46989;2016;Nauzet Pérez;0.0;0.63;0.04;4.44;2.93;0.15;14.7;11.55;20.89;95.56;19.41;13.12
46990;2023;Álvaro Valles;0.0;1.35;0.0;10.0;4.82;1.28;21.85;53.46;13.69;99.79;52.21;42.12
46990;2025;Álvaro Valles;0.0;0.35;0.0;6.44;4.2;1.12;24.41;35.44;15.81;97.5;51.1;48.53
46991;2015;Aythami Artiles;0.14;3.93;7.05;0.0;7.34;2.57;34.69;58.81;97.4;46.1;82.65;43.04
46991;2016;Aythami Artiles;0.2;4.07;3.69;0.0;4.79;0.14;35.03;58.6;79.3;45.75;36.97;12.66
46991;2017;Aythami Artiles;0.0;0.83;0.58;0.0;1.54;0.05;14.99;17.68;33.39;45.6;16.34;11.4
46992;2015;Dani Castellano;0.15;3.83;6.63;0.0;8.36;7.29;35.9;57.7;95.36;46.1;95.55;99.07
46992;2016;Dani Castellano;0.25;4.65;3.55;0.0;7.31;7.21;39.46;65.53;76.99;45.75;93.35;97.5
46992;2017;Dani Castellano;0.0;3.86;6.13;0.0;6.95;5.32;14.99;57.0;89.05;45.6;83.21;79.44
46993;2023;Eric Curbelo;0.0;0.1;0.73;0.0;2.96;0.0;21.85;28.77;44.26;43.85;33.61;12.86
46994;2015;Alberto de la Bella;0.0;5.57;5.24;0.0;7.1;1.56;14.66;78.94;87.38;46.1;78.11;30.98
46994;2017;Alberto de la Bella;0.13;6.6;4.04;0.0;6.92;3.99;34.83;84.11;73.97;45.6;82.85;57.72
46995;2015;David García;0.9;4.53;7.56;0.0;6.99;1.64;72.82;65.68;98.33;46.1;74.95;31.91
46995;2016;David García;0.61;4.14;4.01;0.0;6.0;3.3;54.9;59.8;81.7;45.75;65.06;52.03
46995;2017;David García;0.95;3.58;6.99;0.0;6.74;4.32;72.44;52.33;93.18;45.6;78.55;64.27
46996;2016;Álvaro Lemos;0.68;0.95;1.9;0.0;2.87;1.47;57.86;16.08;59.8;45.75;18.85;29.76
46996;2023;Álvaro Lemos;0.0;0.22;0.63;0.0;4.09;0.08;21.85;30.71;41.84;43.85;42.39;31.74
46998;2015;Juan Cala;0.3;2.74;5.49;0.0;7.05;4.31;46.85;40.91;90.26;46.1;76.35;74.03
46998;2017;Juan Cala;0.94;2.82;5.1;0.0;6.85;2.44;72.08;42.46;82.94;45.6;81.42;36.8
46998;2020;Juan Cala;0.88;0.82;4.09;0.0;6.51;3.39;82.57;47.14;84.57;44.14;87.86;64.86
46998;2021;Juan Cala;0.0;0.36;1.31;0.0;3.94;1.31;21.72;35.19;55.43;43.97;43.1;40.62
46998;2022;Juan Cala;0.0;0.05;0.69;0.0;4.31;0.22;21.22;28.36;45.8;43.77;44.33;35.29
47001;2015;Javi Castellano;0.0;0.18;0.4;0.0;0.81;0.15;14.66;4.55;31.35;46.1;8.63;14.56
47001;2016;Javi Castellano;0.0;3.25;0.77;0.0;1.53;0.05;14.7;47.23;42.42;45.75;11.65;9.33
47001;2017;Javi Castellano;0.19;4.34;6.13;0.0;6.75;3.49;39.05;62.66;89.05;45.6;78.9;50.27
47002;2020;Fidel;1.54;7.48;3.6;0.0;6.92;6.54;91.0;96.57;80.86;44.14;92.79;96.86
47002;2021;Fidel;1.54;6.41;2.47;0.0;5.97;6.54;87.47;95.31;66.69;43.97;81.03;93.03
47002;2022;Fidel;0.92;5.09;0.47;0.0;5.37;4.97;77.17;91.18;41.81;43.77;57.84;89.08
47003;2015;Momo;0.46;7.68;2.41;0.0;6.6;5.6;54.64;90.91;61.87;46.1;65.03;91.37
47003;2016;Momo;0.98;5.94;1.07;0.0;5.65;3.68;68.48;80.59;49.54;45.75;54.81;60.17
47003;2017;Momo;0.16;7.24;0.99;0.0;5.89;4.24;36.89;88.51;42.37;45.6;56.28;62.84
47004;2017;Fabio González;0.0;0.75;0.0;0.0;0.42;0.25;14.99;16.25;9.25;45.6;7.27;17.15
47004;2023;Fabio González;0.0;0.51;0.17;0.0;2.68;1.28;21.85;38.04;31.05;43.85;32.37;42.12
47004;2024;Fabio González;0.0;0.16;0.0;0.0;1.17;0.0;22.46;31.82;15.2;43.69;27.14;13.7
47006;2017;Gabriel Peñalba;0.0;3.18;1.57;0.0;4.27;3.04;14.99;46.95;52.78;45.6;30.52;43.9
47007;2021;Iñigo Ruiz de Galarreta;0.41;2.98;6.07;0.0;7.37;7.4;63.2;79.09;93.16;43.97;95.44;96.72
47007;2022;Iñigo Ruiz de Galarreta;0.19;4.07;5.84;0.0;7.39;5.04;50.84;85.78;94.12;43.77;91.74;89.64
47007;2023;Iñigo Ruiz de Galarreta;0.53;5.16;4.58;0.0;7.02;6.44;60.86;90.73;86.1;43.85;93.36;95.92
47007;2024;Iñigo Ruiz de Galarreta;0.09;5.96;4.29;0.0;6.27;4.9;49.19;93.76;84.6;43.69;69.61;94.71
47007;2025;Iñigo Ruiz de Galarreta;0.11;2.91;4.9;0.0;7.49;6.22;51.18;76.4;86.03;44.26;95.15;98.38
47010;2016;David Timor;0.85;6.13;3.55;0.0;6.0;4.43;64.14;82.81;76.99;45.75;65.06;73.29
47010;2017;David Timor;1.1;3.76;3.91;0.0;5.36;1.13;76.03;54.67;72.71;45.6;45.6;25.85
47010;2018;David Timor;0.0;0.53;1.33;0.0;1.19;0.05;13.09;9.32;39.74;46.05;11.49;9.32
47010;2019;David Timor;1.61;1.66;2.73;0.0;6.86;3.26;82.03;28.83;56.05;46.17;75.71;50.0
47010;2020;David Timor;0.4;1.66;1.7;0.0;4.95;1.79;67.71;63.21;61.0;44.14;59.43;45.21
47010;2021;David Timor;0.0;0.59;0.34;0.0;2.95;2.04;21.72;42.02;37.8;43.97;33.98;46.92
47011;2015;Sergio Araujo;2.5;3.95;0.0;0.0;6.26;4.33;93.51;59.0;7.61;46.1;56.12;74.21
47011;2016;Sergio Araujo;2.25;4.28;0.65;0.0;4.56;3.09;87.52;62.11;40.48;45.75;34.01;49.08
47011;2017;Sergio Araujo;0.0;0.65;0.0;0.0;0.82;0.64;14.99;14.99;9.25;45.6;12.21;21.1
47012;2015;Rubén Castro;4.85;4.96;0.62;0.0;5.34;2.8;97.96;71.24;37.29;46.1;37.85;46.94
47012;2016;Rubén Castro;4.38;4.62;0.65;0.0;4.14;4.28;98.15;64.88;40.48;45.75;29.02;70.15
47012;2017;Rubén Castro;1.47;2.14;0.0;0.0;3.12;1.07;83.66;33.39;9.25;45.6;21.36;24.51
47013;2016;Rafa Mir;0.0;0.0;0.0;0.0;0.09;0.0;14.7;0.65;9.98;45.75;3.33;3.6
47013;2020;Rafa Mir;4.39;1.16;1.55;0.0;6.22;3.53;99.29;53.0;59.0;44.14;82.21;67.0
47013;2021;Rafa Mir;3.78;0.89;0.05;0.0;5.26;3.89;96.92;49.26;29.83;43.97;65.35;68.3
47013;2022;Rafa Mir;2.11;0.99;0.71;0.0;4.34;0.15;90.76;48.88;46.36;43.77;45.24;34.17
47013;2023;Rafa Mir;1.83;0.89;0.22;0.0;3.57;1.65;84.09;47.16;33.06;43.85;37.34;44.88
47013;2024;Rafa Mir;1.0;1.35;1.12;0.0;4.35;0.95;83.72;57.33;51.83;43.69;43.35;41.59
47013;2025;Rafa Mir;4.6;1.56;1.62;0.0;4.87;2.05;99.04;59.04;60.96;44.26;59.49;62.43
47016;2016;Álvaro Fernández;0.0;0.05;0.0;0.04;0.0;0.0;14.7;2.5;9.98;91.5;1.39;3.6
47016;2020;Álvaro Fernández;0.0;0.43;0.14;6.27;4.34;0.04;22.64;37.36;29.86;96.14;48.71;28.36
47016;2022;Álvaro Fernández;0.0;0.24;0.0;6.66;3.1;0.03;21.22;32.56;14.57;96.5;33.47;28.71
47016;2024;Álvaro Fernández;0.0;0.23;0.0;5.92;2.96;0.03;22.46;32.84;15.2;95.66;33.51;29.58
47027;2016;Javi Alamo;0.0;0.0;0.29;0.0;0.71;0.37;14.7;0.65;30.31;45.75;8.87;16.45
47033;2020;Roberto Olabe;0.0;0.0;0.0;0.0;0.0;0.0;22.64;10.43;13.07;44.14;10.07;12.93
47034;2015;José Antonio Reyes;0.98;6.96;0.33;0.0;6.27;4.48;75.23;87.76;27.83;46.1;56.59;76.9
47034;2016;José Antonio Reyes;1.18;5.93;0.0;0.0;4.81;3.62;74.03;80.31;9.98;45.75;37.34;58.6
47036;2016;Fausto Tienza;0.71;2.49;2.78;0.0;6.19;3.02;60.35;35.4;69.22;45.75;70.61;47.87
47041;2020;Alberto Perea;0.72;2.42;2.93;0.0;6.39;7.21;79.0;74.5;74.29;44.14;86.43;98.57
47041;2021;Alberto Perea;0.39;2.01;1.92;0.0;5.17;5.51;62.27;68.23;62.06;43.97;63.47;85.79
47041;2022;Alberto Perea;0.0;0.02;0.45;0.0;0.73;0.55;21.22;25.63;40.97;43.77;24.58;36.41
47041;2023;Alberto Perea;0.0;0.3;0.0;0.0;1.85;0.08;21.85;32.78;13.69;43.85;28.35;31.74
47049;2015;Dorado;0.21;3.12;1.73;0.0;4.71;2.55;41.19;46.75;54.27;46.1;29.41;42.67
47049;2018;Dorado;0.0;0.33;0.32;0.0;0.53;0.52;13.09;6.21;19.59;46.05;6.69;19.3
47050;2015;Alberto Guitian;0.0;0.07;0.34;0.0;0.42;0.0;14.66;1.86;29.13;46.1;5.29;2.97
47052;2024;Álex Muñoz;0.69;1.17;3.71;0.0;5.89;1.19;76.26;54.34;80.39;43.69;63.09;45.45
47056;2022;Íñigo Eguaras;0.4;1.85;0.84;0.0;4.16;2.85;62.04;63.24;48.53;43.77;42.09;62.04
47057;2020;Raúl Guti;0.75;1.82;5.29;0.0;6.27;5.33;80.43;65.43;92.07;44.14;83.79;90.0
47057;2021;Raúl Guti;0.41;1.91;2.91;0.0;5.15;4.0;63.2;66.69;71.72;43.97;62.94;69.71
47057;2022;Raúl Guti;0.62;0.43;1.49;0.0;4.87;2.3;69.47;37.32;57.07;43.77;50.7;53.15
47061;2020;Jorge Pombo;0.37;0.92;0.4;0.0;4.27;3.78;66.79;49.14;37.64;44.14;47.86;69.93
47063;2020;Alberto Soro;0.32;1.32;0.44;0.0;2.95;1.46;64.21;55.93;38.36;44.14;35.14;42.07
47063;2021;Alberto Soro;0.34;0.98;1.08;0.0;3.63;2.64;59.85;50.87;52.08;43.97;39.95;52.88
47063;2023;Alberto Soro;0.0;0.39;0.0;0.0;0.29;0.06;21.85;34.92;13.69;43.85;21.72;30.01
47066;2015;Álvaro Vázquez;1.7;3.98;0.42;0.0;4.66;2.85;86.18;59.55;32.19;46.1;29.04;48.05
47066;2016;Álvaro Vázquez;0.23;3.37;2.53;0.0;3.02;3.04;37.62;48.98;66.64;45.75;19.78;48.15
47073;2015;Mauro Dos Santos;0.36;2.04;5.75;0.0;7.5;3.51;49.91;30.52;91.65;46.1;84.97;60.11
47073;2016;Mauro Dos Santos;0.0;1.43;4.01;0.0;5.5;0.18;14.7;21.07;81.7;45.75;51.39;13.49
47073;2017;Mauro Dos Santos;0.15;1.16;2.65;0.0;5.53;1.07;36.27;21.1;62.84;45.6;47.76;24.51
47074;2015;Héctor Hernández;0.0;2.25;1.85;0.0;4.98;2.08;14.66;33.4;56.22;46.1;32.75;37.29
47074;2016;Héctor Hernández;0.0;2.79;1.55;0.0;3.77;1.79;14.7;39.56;55.45;45.75;24.77;32.9
47074;2017;Héctor Hernández;0.0;0.05;0.0;0.0;0.16;0.0;14.99;1.89;9.25;45.6;3.41;4.67
47076;2015;Isma López;0.62;3.25;1.79;0.0;6.59;3.86;61.04;48.42;55.01;46.1;64.66;66.6
47076;2016;Isma López;0.25;3.89;1.77;0.0;4.53;3.46;39.46;55.36;57.86;45.75;33.27;55.73
47078;2020;Luis Pérez;0.0;1.11;2.99;0.0;5.49;2.21;22.64;52.43;75.14;44.14;69.71;49.57
47078;2022;Luis Pérez;0.0;2.7;5.63;0.0;6.66;3.1;21.22;73.81;93.07;43.77;82.49;65.13
47078;2024;Luis Pérez;0.14;3.6;4.91;0.0;6.63;4.03;51.9;82.56;88.74;43.69;77.68;85.82
47080;2019;Jorge Sáenz;0.0;1.2;3.41;0.0;3.61;0.1;15.48;23.84;62.28;46.17;39.77;15.12
47080;2020;Jorge Sáenz;0.0;0.0;0.0;0.0;0.0;0.0;22.64;10.43;13.07;44.14;10.07;12.93
47080;2024;Jorge Sáenz;0.33;1.02;4.78;0.0;6.48;2.57;63.36;50.81;87.92;43.69;73.88;63.36
47083;2017;Borja Lasso;0.0;0.64;0.0;0.0;0.56;0.24;14.99;14.54;9.25;45.6;9.25;16.61
47084;2020;Filip Malbašić;0.06;0.61;0.68;0.0;3.6;2.81;46.93;42.21;45.07;44.14;39.57;56.86
47085;2020;Luis Milla;0.68;4.95;5.21;0.0;6.6;6.22;77.14;92.5;91.5;44.14;89.14;95.14
47085;2021;Luis Milla;1.04;6.47;5.25;0.0;7.36;7.01;80.7;95.58;88.27;43.97;95.11;95.44
47085;2022;Luis Milla;0.1;5.24;5.31;0.0;6.6;5.05;45.38;91.46;91.18;43.77;81.93;89.92
47085;2023;Luis Milla;0.7;5.96;7.11;0.0;7.04;3.54;65.35;93.64;97.1;43.85;93.5;69.16
47085;2024;Luis Milla;0.71;10.0;4.98;0.0;8.01;4.64;77.0;99.53;89.01;43.69;95.05;92.88
47085;2025;Luis Milla;0.11;10.0;5.5;0.0;7.27;3.75;51.18;99.41;89.71;44.26;93.24;86.4
47086;2015;Paco Montañés;0.43;1.86;0.47;0.0;3.85;1.36;52.69;27.74;33.77;46.1;22.45;28.57
47087;2020;Uroš Račić;0.84;2.1;3.84;0.0;6.8;5.07;81.93;69.43;83.21;44.14;91.93;87.14
47087;2021;Uroš Račić;0.08;0.81;2.97;0.0;5.63;5.26;45.17;47.86;72.32;43.97;72.79;83.45
47087;2022;Uroš Račić;0.0;0.0;0.0;0.0;0.0;0.0;21.22;10.43;14.57;43.77;10.71;13.59
47092;2016;Tyronne;0.0;1.43;0.06;0.0;0.72;0.05;14.7;21.07;21.81;45.75;9.06;9.33
47093;2017;José Naranjo;0.65;2.73;0.76;0.0;4.38;2.22;66.07;40.48;38.42;45.6;30.97;35.19
47095;2016;Nano Mesa;1.13;1.18;0.0;0.0;1.74;0.9;72.83;17.74;9.98;45.75;13.31;21.07
47095;2017;Nano Mesa;0.42;0.87;0.0;0.0;3.65;1.7;53.23;18.31;9.25;45.6;25.13;31.24
47095;2020;Nano Mesa;0.0;0.0;0.0;0.0;0.13;0.0;22.64;10.43;13.07;44.14;21.5;12.93
47100;2020;Iza Carcelén;0.22;2.17;8.22;0.0;7.61;6.92;56.71;70.29;99.43;44.14;97.07;98.0
47100;2021;Iza Carcelén;0.41;1.81;6.07;0.0;5.85;3.78;63.2;64.08;93.16;43.97;78.22;66.82
47100;2022;Iza Carcelén;0.1;2.87;6.94;0.0;7.53;4.66;45.38;75.56;97.06;43.77;93.21;85.5
47100;2023;Iza Carcelén;0.3;2.23;4.69;0.0;6.42;4.56;51.8;67.63;86.79;43.85;84.09;81.26
47104;2015;Francisco Varela;0.31;4.47;2.61;0.0;5.13;0.92;47.59;65.21;63.64;46.1;34.88;21.34
47108;2015;Verza;0.81;8.66;1.42;0.0;5.83;3.06;68.55;94.43;49.91;46.1;45.55;52.04
47109;2021;Óscar Valentín;0.16;2.64;8.43;0.0;7.44;6.03;50.74;75.87;98.26;43.97;96.25;90.21
47109;2022;Óscar Valentín;0.08;3.08;7.83;0.0;7.83;3.05;43.63;77.8;98.88;43.77;95.31;64.78
47109;2023;Óscar Valentín;0.96;2.08;8.64;0.0;7.4;4.0;71.85;65.49;99.86;43.85;96.13;74.76
47109;2024;Óscar Valentín;0.06;1.95;4.38;0.0;6.74;2.76;46.27;65.13;85.41;43.69;79.72;66.42
47109;2025;Óscar Valentín;0.23;1.01;6.38;0.0;6.41;1.07;59.26;51.18;93.6;44.26;81.62;47.13
47111;2016;Benito Ramírez;0.0;0.08;0.19;0.0;0.44;0.35;14.7;3.51;26.8;45.75;6.38;16.17
47111;2017;Benito Ramírez;0.21;1.58;1.28;0.0;1.96;1.61;41.83;26.57;47.85;45.6;17.77;30.88
47111;2023;Benito Ramírez;0.64;0.59;0.63;0.0;2.62;1.06;64.04;41.08;41.84;43.85;32.23;38.11
47111;2024;Benito Ramírez;0.08;2.0;0.8;0.0;4.14;1.35;48.24;65.81;47.08;43.69;41.99;46.81
47114;2017;Enzo Zidane;0.0;0.59;0.0;0.0;0.71;0.64;14.99;13.82;9.25;45.6;11.04;21.1
47117;2020;Jesus Rodriguez Ortuno;0.0;0.0;0.0;0.0;0.0;0.0;22.64;10.43;13.07;44.14;10.07;12.93
47119;2017;Aitor Ruibal;0.0;0.8;0.0;0.0;0.13;0.0;14.99;17.15;9.25;45.6;2.96;4.67
47119;2019;Aitor Ruibal;0.33;3.02;2.19;0.0;6.35;5.01;45.55;50.18;50.44;46.17;70.2;79.72
47119;2020;Aitor Ruibal;1.16;3.22;2.19;0.0;5.29;5.19;86.71;83.57;67.14;44.14;66.07;88.79
47119;2021;Aitor Ruibal;0.24;1.35;1.26;0.0;4.13;3.77;55.36;57.31;54.96;43.97;46.58;66.62
47119;2022;Aitor Ruibal;0.48;2.21;3.98;0.0;6.37;4.82;64.15;68.14;82.28;43.77;76.61;86.97
47119;2023;Aitor Ruibal;0.74;1.98;3.85;0.0;5.97;5.78;66.74;64.18;78.98;43.85;74.41;92.46
47119;2024;Aitor Ruibal;0.45;3.63;3.29;0.0;5.96;3.44;67.23;83.38;77.27;43.69;64.59;77.0
47119;2025;Aitor Ruibal;2.3;3.99;3.21;0.0;5.25;2.34;93.68;84.71;75.07;44.26;65.22;67.06
47120;2020;Gaizka Campos;0.0;0.0;0.0;0.5;0.0;0.0;22.64;10.43;13.07;88.57;10.07;12.93
47120;2021;Gaizka Campos;0.0;0.0;0.0;2.0;0.0;0.0;21.72;10.86;14.28;91.15;10.99;13.4
47126;2018;Cristian Ganea;0.0;0.13;0.03;0.0;0.25;0.05;13.09;3.2;10.26;46.05;4.05;9.32
47150;2015;Borja Viguera;0.43;1.72;0.33;0.0;3.9;2.29;52.69;25.42;27.83;46.1;22.82;40.07
47150;2016;Borja Viguera;0.61;1.84;0.0;0.0;2.84;1.44;54.9;27.45;9.98;45.75;18.39;28.84
47153;2015;Juan Carlos;0.0;1.15;0.09;8.12;4.12;1.1;14.66;19.67;17.72;98.7;24.4;23.75
47153;2022;Juan Carlos;0.0;0.14;0.06;6.11;1.4;0.0;21.22;29.97;30.11;95.8;27.45;13.59
47153;2023;Juan Carlos;0.0;0.0;0.0;5.0;0.0;0.0;21.85;10.1;13.69;93.15;9.68;12.86
47153;2024;Juan Carlos;0.0;0.0;0.0;5.0;0.0;0.0;22.46;11.53;15.2;93.28;11.06;13.7
47153;2025;Juan Carlos;0.0;0.0;0.0;1.0;0.0;0.0;24.41;12.5;15.81;89.71;12.28;15.22
47161;2016;José Carlos Ramírez;0.0;1.28;4.09;0.0;3.46;1.25;14.7;19.13;82.62;45.75;22.92;26.25
47164;2017;Gerard Valentín;0.0;0.16;1.24;0.0;1.52;0.75;14.99;4.31;46.95;45.6;16.16;22.08
47170;2022;José Carlos Lazo;0.27;0.22;0.27;0.0;1.98;0.59;56.16;31.93;36.27;43.77;29.13;36.83
47171;2015;Juan Muñiz;0.0;2.31;0.34;0.0;1.47;1.35;14.66;34.6;29.13;46.1;12.24;28.29
47179;2020;Dani Escriche;0.19;1.19;0.76;0.0;4.2;2.79;54.5;53.71;46.64;44.14;47.14;56.43
47180;2023;Cristian Herrera;0.36;0.24;0.02;0.0;2.33;1.09;54.84;31.12;27.59;43.85;30.71;38.73
47181;2024;Toni Martínez;1.48;1.25;0.66;0.0;6.63;3.4;90.23;55.83;44.37;43.69;77.68;76.12
47181;2025;Toni Martínez;2.4;2.68;2.03;0.0;8.34;3.67;94.26;73.82;65.74;44.26;98.53;85.0
47182;2020;Tete Morente;0.48;3.01;2.17;0.0;6.12;5.78;70.64;81.93;66.71;44.14;81.0;93.0
47182;2021;Tete Morente;1.1;2.43;1.68;0.0;5.19;4.8;82.24;73.59;59.12;43.97;63.81;79.56
47182;2022;Tete Morente;1.75;2.03;3.32;0.0;6.44;4.34;87.61;65.76;76.47;43.77;78.71;81.58
47188;2016;Miguel Flaño;0.75;1.43;6.31;0.0;4.6;1.29;61.55;21.07;96.49;45.75;34.2;26.71
47191;2015;Álex Menéndez;0.92;3.49;1.65;0.0;5.88;3.86;73.1;53.15;53.53;46.1;46.85;66.6
47192;2016;Luis Muñoz;0.0;0.8;1.27;0.0;3.26;2.25;14.7;14.23;52.4;45.75;21.44;39.28
47195;2022;Álvaro Aguado;0.6;4.89;2.41;0.0;6.24;4.08;68.77;90.62;68.21;43.77;74.02;78.43
47195;2024;Álvaro Aguado;0.06;0.8;0.45;0.0;4.77;2.82;46.27;47.08;39.01;43.69;46.88;67.64
47199;2020;Yann Bodiger;0.0;0.52;1.32;0.0;2.29;0.08;22.64;40.21;55.0;44.14;30.29;31.43
47201;2016;Miguel De las Cuevas;0.49;6.24;1.17;0.0;5.97;5.75;50.18;83.92;50.92;45.75;64.42;90.57
47203;2016;Jaime Romero;0.59;5.89;0.75;0.0;6.41;6.33;53.79;79.67;42.05;45.75;77.82;94.64
47209;2021;Andrés Martín;0.15;0.01;0.0;0.0;2.08;1.01;49.46;22.72;14.28;43.97;30.5;37.13
47209;2022;Andrés Martín;0.35;0.19;0.36;0.0;4.06;1.61;60.36;31.09;38.31;43.77;40.97;44.96
47213;2019;Pipa;0.27;2.33;3.04;0.0;4.47;1.97;41.64;37.28;58.63;46.17;48.04;34.7
47219;2015;Ivan Lopez;0.0;2.22;4.76;0.0;6.91;4.99;14.66;32.75;82.93;46.1;72.54;84.6
47219;2017;Ivan Lopez;0.0;1.57;2.7;0.0;1.4;1.4;14.99;26.21;63.46;45.6;15.62;28.9
47222;2020;Josema;0.0;1.4;4.97;0.0;5.93;4.21;22.64;57.5;90.57;44.14;77.0;76.79
47222;2021;Josema;0.0;0.25;0.45;0.0;3.41;0.13;21.72;32.37;40.15;43.97;37.6;32.77
47225;2025;Roger Brugué;0.77;2.17;1.76;0.0;5.33;3.33;79.56;67.35;62.72;44.26;66.47;79.78
47226;2015;Antonio Cotan;0.0;0.66;0.26;0.0;0.58;0.1;14.66;12.15;25.23;46.1;6.59;12.34
47227;2016;Imanol García;0.0;1.46;5.57;0.0;5.73;2.02;14.7;21.72;92.98;45.75;56.84;36.04
47228;2017;Ramiro Guerra;0.0;1.16;0.0;0.0;1.24;0.1;14.99;21.1;9.25;45.6;14.9;14.72
47229;2020;Fali;0.13;1.12;4.44;0.0;5.8;2.89;51.14;52.57;87.43;44.14;75.14;58.43
47229;2021;Fali;0.0;1.62;4.81;0.0;5.4;1.4;21.72;60.86;85.39;43.97;67.76;41.82
47229;2022;Fali;0.1;0.83;3.44;0.0;5.99;1.82;45.38;45.24;77.73;43.77;69.96;46.85
47229;2023;Fali;0.34;1.13;5.69;0.0;6.09;2.14;54.08;50.41;93.5;43.85;77.39;49.03
47230;2015;Javi Marquez;0.56;4.36;1.73;0.0;6.35;3.26;58.44;64.19;54.27;46.1;58.26;56.31
47230;2016;Javi Marquez;0.45;3.08;2.48;0.0;4.09;3.55;48.52;43.99;65.62;45.75;27.63;57.58
47237;2020;Luis Javier Suárez;2.32;2.48;1.78;0.0;6.08;5.65;95.43;76.0;62.5;44.14;80.43;92.71
47237;2021;Luis Javier Suárez;3.23;4.03;1.73;0.0;6.57;6.21;95.44;86.6;59.99;43.97;88.2;91.35
47237;2022;Luis Javier Suárez;2.86;4.05;1.81;0.0;7.37;4.71;94.19;85.57;61.55;43.77;91.6;85.99
47237;2023;Luis Javier Suárez;6.64;1.96;0.68;0.0;5.66;5.24;98.2;63.62;43.22;43.85;68.05;89.21
47238;2015;Ikechukwu Uche;0.21;0.66;0.0;0.0;0.64;0.1;41.19;12.15;7.61;46.1;7.33;12.34
47246;2017;Leandro Chichizola;0.0;1.34;0.22;4.74;5.47;3.39;14.99;23.25;24.24;96.05;47.04;48.83
47246;2018;Leandro Chichizola;0.0;0.03;0.0;0.3;0.16;0.05;13.09;1.32;4.99;92.28;2.26;9.32
47247;2016;David Soria;0.0;0.1;0.0;0.8;0.0;0.0;14.7;4.34;9.98;93.35;1.39;3.6
47247;2017;David Soria;0.0;0.75;0.34;5.26;4.12;0.03;14.99;16.25;28.46;96.41;28.37;9.34
47247;2018;David Soria;0.0;0.56;0.05;9.6;4.76;1.07;13.09;9.89;10.73;99.62;36.16;25.99
47247;2019;David Soria;0.0;0.39;0.2;7.97;3.33;0.0;15.48;10.94;17.7;98.22;37.19;4.63
47247;2020;David Soria;0.0;0.24;0.09;7.9;4.43;0.04;22.64;31.21;28.43;98.57;50.71;28.36
47247;2021;David Soria;0.0;0.32;0.0;8.16;5.66;0.05;21.72;33.85;14.28;97.59;73.86;29.89
47247;2022;David Soria;0.0;0.7;0.0;10.0;4.26;0.04;21.22;42.51;14.57;99.72;43.28;30.04
47247;2023;David Soria;0.0;0.36;0.0;7.77;2.5;0.03;21.85;33.68;13.69;97.65;31.33;27.25
47247;2024;David Soria;0.0;0.23;0.23;8.32;5.98;0.03;22.46;32.84;35.62;98.51;65.06;29.58
47247;2025;David Soria;0.0;0.48;0.0;6.07;3.07;0.02;24.41;40.44;15.81;97.06;39.56;30.66
47248;2020;Rubén Yáñez;0.0;0.07;0.05;6.56;2.12;0.03;22.64;27.57;27.21;96.86;29.0;27.36
47248;2021;Rubén Yáñez;0.0;0.0;0.0;5.0;0.0;0.0;21.72;10.86;14.28;93.83;10.99;13.4
47249;2017;Leandro Cabrera;0.21;1.2;9.62;0.0;5.83;2.58;41.83;21.36;99.82;45.6;54.49;38.24
47249;2018;Leandro Cabrera;0.74;1.48;5.97;0.0;7.94;1.51;66.85;23.54;88.04;46.05;95.95;30.98
47249;2019;Leandro Cabrera;0.53;2.37;5.91;0.0;5.02;2.85;52.85;37.63;86.39;46.17;54.45;44.13
47249;2021;Leandro Cabrera;0.8;2.51;6.4;0.0;6.52;1.08;74.2;74.33;94.77;43.97;87.53;37.6
47249;2022;Leandro Cabrera;0.51;2.77;6.73;0.0;7.28;3.54;65.41;74.79;96.64;43.77;90.2;70.03
47249;2024;Leandro Cabrera;0.98;2.57;6.22;0.0;7.59;1.02;83.18;73.13;93.83;43.69;90.91;42.74
47249;2025;Leandro Cabrera;1.32;2.18;4.58;0.0;7.31;3.12;86.18;67.5;84.41;44.26;93.75;76.18
47250;2017;Djené;0.23;1.35;7.87;0.0;7.46;6.35;44.34;23.61;97.49;45.6;92.37;92.46
47250;2018;Djené;0.06;1.74;7.21;0.0;7.05;5.15;26.37;27.4;96.42;46.05;85.88;78.44
47250;2019;Djené;0.08;1.77;4.97;0.0;9.1;4.78;31.14;29.98;77.14;46.17;98.22;76.69
47250;2020;Djené;0.0;1.4;6.84;0.0;7.43;5.0;22.64;57.5;98.14;44.14;96.29;86.43
47250;2021;Djené;0.08;2.17;6.7;0.0;6.81;6.9;45.17;69.84;95.04;43.97;90.42;95.04
47250;2022;Djené;0.08;1.73;5.66;0.0;7.45;5.63;43.63;60.92;93.35;43.77;92.58;93.98
47250;2023;Djené;0.11;1.43;4.38;0.0;6.53;6.34;44.54;54.91;83.82;43.85;86.58;95.71
47250;2024;Djené;0.0;1.52;3.06;0.0;6.54;2.69;22.46;59.5;74.83;43.69;75.71;65.4
47250;2025;Djené;0.0;0.63;4.24;0.0;6.6;3.27;24.41;44.78;82.65;44.26;84.34;78.6
47251;2015;Dimitri Foulquier;0.31;3.46;4.04;0.0;6.2;4.02;47.59;52.6;76.72;46.1;54.27;69.94
47251;2016;Dimitri Foulquier;0.0;3.67;2.73;0.0;5.81;4.67;14.7;53.42;68.39;45.75;59.15;77.17
47251;2018;Dimitri Foulquier;0.86;3.44;2.52;0.0;6.16;4.62;70.06;53.3;53.67;46.05;64.31;71.19
47251;2019;Dimitri Foulquier;0.64;2.07;4.53;0.0;7.18;5.29;57.21;33.99;72.06;46.17;81.85;84.25
47251;2020;Dimitri Foulquier;0.28;2.28;3.95;0.0;5.66;4.59;61.93;72.21;84.07;44.14;72.86;81.29
47251;2021;Dimitri Foulquier;0.26;1.25;2.65;0.0;3.65;3.26;56.43;55.23;68.97;43.97;40.28;60.46
47251;2022;Dimitri Foulquier;0.0;1.9;2.53;0.0;5.58;3.75;21.22;64.29;69.4;43.77;61.83;73.88
47251;2023;Dimitri Foulquier;0.11;2.16;3.67;0.0;6.02;5.02;44.54;66.74;77.73;43.85;75.86;87.69
47251;2024;Dimitri Foulquier;0.14;2.11;4.37;0.0;6.7;2.43;51.9;67.64;85.07;43.69;79.51;60.65
47251;2025;Dimitri Foulquier;0.14;2.15;2.89;0.0;5.33;3.45;54.78;67.21;72.65;44.26;66.47;82.5
47252;2015;Bruno González;0.26;1.66;5.85;0.0;7.33;4.43;46.29;24.68;92.21;46.1;82.37;76.62
47252;2016;Bruno González;0.43;2.4;6.24;0.0;6.06;3.38;46.86;34.01;95.93;45.75;67.01;54.25
47252;2017;Bruno González;0.0;1.32;5.84;0.0;6.04;1.32;14.99;22.98;87.25;45.6;61.13;28.46
47252;2018;Bruno González;0.1;1.78;3.12;0.0;6.05;2.73;27.97;28.44;60.92;46.05;61.39;42.37
47252;2019;Bruno González;0.0;0.74;2.02;0.0;0.0;0.1;15.48;17.62;49.02;46.17;11.57;15.12
47252;2020;Bruno González;0.26;0.52;3.74;0.0;5.76;2.35;59.14;40.21;82.14;44.14;74.21;50.29
47253;2017;Ignasi Miquel;0.1;1.78;5.98;0.0;6.27;4.63;33.57;28.64;87.97;45.6;67.15;68.76
47253;2018;Ignasi Miquel;0.0;0.31;1.9;0.0;2.65;1.55;13.09;5.74;48.21;46.05;17.14;31.36
47253;2021;Ignasi Miquel;0.0;0.0;0.0;0.0;0.0;0.0;21.72;10.86;14.28;43.97;10.99;13.4
47253;2023;Ignasi Miquel;1.09;2.82;6.82;0.0;6.64;3.57;74.83;75.24;96.68;43.85;88.45;69.43
47254;2017;Mathías Olivera;0.63;0.46;0.13;0.0;1.63;0.75;64.72;11.13;21.81;45.6;17.06;22.08
47254;2018;Mathías Olivera;0.46;3.04;3.61;0.0;7.94;3.96;53.67;45.39;65.91;46.05;95.95;60.64
47254;2019;Mathías Olivera;0.12;2.52;7.67;0.0;9.27;5.2;33.01;40.12;96.8;46.17;98.75;82.74
47254;2020;Mathías Olivera;0.28;2.94;5.82;0.0;7.56;5.31;61.93;81.29;95.36;44.14;96.86;89.71
47254;2021;Mathías Olivera;0.83;5.01;9.39;0.0;9.13;5.46;75.54;91.62;99.46;43.97;99.73;85.19
47255;2017;Vitorino Antunes;0.19;4.5;4.97;0.0;5.94;3.78;39.05;66.07;81.78;45.6;58.35;53.68
47255;2018;Vitorino Antunes;0.61;6.12;5.63;0.0;5.81;4.92;60.55;81.36;84.37;46.05;54.9;76.55
47255;2019;Vitorino Antunes;0.0;0.0;0.0;0.0;0.0;0.0;15.48;0.71;6.58;46.17;11.57;4.63
47256;2017;Miguel Rubio;0.0;0.02;0.0;0.0;0.45;0.05;14.99;0.63;9.25;45.6;7.63;11.4
47256;2020;Miguel Rubio;0.0;0.1;0.62;0.0;3.62;0.05;22.64;28.71;43.0;44.14;39.93;29.79
47256;2023;Miguel Rubio;0.51;0.98;4.93;0.0;6.49;3.62;60.03;47.86;89.14;43.85;85.41;69.99
47256;2025;Miguel Rubio;0.32;0.06;0.52;0.0;4.85;1.09;62.65;29.85;42.65;44.26;58.82;47.65
47257;2015;Damián Suárez;0.07;6.54;3.27;0.0;6.5;3.43;29.96;84.6;69.94;46.1;61.87;58.72
47257;2017;Damián Suárez;0.44;6.62;3.93;0.0;7.1;4.48;55.12;84.47;73.16;45.6;86.09;66.25
47257;2018;Damián Suárez;0.06;8.44;5.62;0.0;7.15;4.54;26.37;93.69;84.09;46.05;88.61;69.21
47257;2019;Damián Suárez;0.64;6.2;4.49;0.0;6.71;5.27;57.21;87.28;71.71;46.17;74.38;83.99
47257;2020;Damián Suárez;0.27;2.64;4.59;0.0;6.64;4.53;60.57;77.57;88.71;44.14;90.0;80.43
47257;2021;Damián Suárez;0.32;6.29;6.01;0.0;6.38;3.46;59.32;95.04;92.49;43.97;86.19;62.94
47257;2022;Damián Suárez;0.25;3.6;3.7;0.0;5.92;3.03;54.69;82.21;79.76;43.77;68.07;63.94
47257;2023;Damián Suárez;0.21;4.89;5.26;0.0;6.25;3.82;48.76;89.35;91.63;43.85;81.47;73.51
47258;2017;Mauro Arambarri;0.38;2.5;1.17;0.0;6.56;4.19;50.72;38.24;45.96;45.6;72.17;61.94
47258;2018;Mauro Arambarri;0.71;3.44;3.66;0.0;7.42;6.12;66.2;53.3;66.67;46.05;91.81;90.21
47258;2019;Mauro Arambarri;0.7;3.0;6.31;0.0;7.52;5.75;59.7;49.56;90.04;46.17;86.3;88.7
47258;2020;Mauro Arambarri;0.97;2.72;5.41;0.0;7.82;6.05;84.07;78.71;92.57;44.14;98.0;94.64
47258;2021;Mauro Arambarri;0.75;7.44;6.11;0.0;7.31;6.7;72.25;96.51;93.5;43.97;94.5;94.24
47258;2022;Mauro Arambarri;0.0;5.94;4.78;0.0;6.3;3.77;21.22;93.07;87.96;43.77;75.49;74.44
47258;2023;Mauro Arambarri;0.77;1.09;1.3;0.0;3.33;1.39;67.7;49.65;53.39;43.85;35.55;43.36
47258;2024;Mauro Arambarri;2.58;2.35;3.72;0.0;8.1;4.47;96.2;69.67;80.6;43.69;95.66;91.45
47258;2025;Mauro Arambarri;1.86;2.48;5.22;0.0;8.39;4.62;90.59;72.13;87.79;44.26;98.97;92.43
47259;2015;Markel Bergara;0.64;2.87;5.07;0.0;7.05;3.18;62.24;42.67;86.18;46.1;76.35;54.08
47259;2016;Markel Bergara;0.0;1.25;0.92;0.0;3.23;1.11;14.7;18.48;46.03;45.75;21.07;23.94
47259;2017;Markel Bergara;1.98;1.75;3.01;0.0;6.45;2.38;89.5;28.1;66.07;45.6;70.38;36.36
47259;2018;Markel Bergara;0.0;0.21;0.62;0.0;0.75;0.0;13.09;4.61;25.52;46.05;8.19;3.58
47259;2019;Markel Bergara;0.0;0.1;0.0;0.0;0.0;0.0;15.48;4.54;6.58;46.17;11.57;4.63
47260;2015;Sebastián Cristóforo;0.11;4.19;2.67;0.0;7.51;4.29;32.56;61.87;64.75;46.1;85.16;73.84
47260;2018;Sebastián Cristóforo;0.14;4.11;1.82;0.0;5.03;2.07;30.98;62.43;46.8;46.05;40.02;36.06
47260;2019;Sebastián Cristóforo;0.45;3.11;5.12;0.0;7.61;4.12;49.56;51.16;79.0;46.17;87.37;65.75
47261;2017;Mathieu Flamini;0.21;1.08;3.1;0.0;4.26;1.0;41.83;20.65;66.61;45.6;30.16;23.79
47261;2018;Mathieu Flamini;0.0;1.27;1.53;0.0;5.37;0.3;13.09;20.62;42.94;46.05;46.05;17.61
47262;2015;Francisco Portillo;0.0;6.44;0.37;0.0;4.85;4.98;14.66;83.86;30.24;46.1;31.17;84.42
47262;2017;Francisco Portillo;0.76;5.07;1.42;0.0;5.63;4.74;67.77;73.43;50.27;45.6;50.09;71.9
47262;2018;Francisco Portillo;0.46;5.26;1.76;0.0;5.39;5.39;53.67;74.76;46.33;46.05;46.52;82.2
47262;2019;Francisco Portillo;0.17;4.22;1.28;0.0;2.8;4.11;34.88;69.13;37.81;46.17;34.79;65.48
47262;2020;Francisco Portillo;0.0;0.96;0.38;0.0;2.38;2.03;22.64;50.0;37.14;44.14;31.29;47.5
47262;2022;Francisco Portillo;0.44;1.89;1.0;0.0;4.15;3.15;63.24;64.08;50.77;43.77;41.74;65.48
47263;2018;Samu Sáiz;1.28;2.51;0.25;0.0;4.78;5.5;82.96;37.01;17.7;46.05;36.82;83.43
47263;2022;Samu Sáiz;1.67;1.42;0.23;0.0;3.62;1.94;86.83;55.53;34.8;43.77;37.25;48.74
47264;2017;Hugo Duro;0.21;0.47;0.0;0.0;0.22;0.0;41.83;11.4;9.25;45.6;4.67;4.67
47264;2018;Hugo Duro;0.19;1.07;1.5;0.0;5.53;3.33;33.43;18.36;42.28;46.05;49.44;50.56
47264;2019;Hugo Duro;1.14;1.89;1.13;0.0;6.84;0.67;74.47;32.12;36.92;46.17;75.44;21.71
47264;2020;Hugo Duro;0.0;0.4;0.0;0.0;1.1;0.7;22.64;36.07;13.07;44.14;25.36;34.57
47264;2021;Hugo Duro;1.51;1.05;0.84;0.0;3.51;2.3;87.13;52.95;48.26;43.97;38.4;49.87
47264;2022;Hugo Duro;0.98;1.49;0.83;0.0;5.5;1.48;78.36;57.56;48.18;43.77;60.29;43.77
47264;2023;Hugo Duro;5.7;1.97;1.17;0.0;7.24;4.25;97.65;63.9;50.69;43.85;94.61;77.52
47264;2024;Hugo Duro;2.8;2.05;1.34;0.0;7.13;2.76;96.47;66.76;54.88;43.69;85.48;66.42
47264;2025;Hugo Duro;2.76;2.48;1.25;0.0;5.69;1.83;95.37;72.13;54.34;44.26;71.84;58.53
47265;2015;Jorge Molina;0.75;2.82;0.08;0.0;5.03;2.2;66.33;42.12;16.79;46.1;33.67;38.78
47265;2017;Jorge Molina;2.33;5.05;0.0;0.0;7.39;3.85;91.92;72.62;9.25;45.6;90.93;54.85
47265;2018;Jorge Molina;2.92;6.23;0.66;0.0;6.66;4.73;95.1;83.24;26.27;46.05;75.42;73.26
47265;2019;Jorge Molina;1.68;4.24;0.59;0.0;6.79;4.73;83.45;69.57;24.82;46.17;75.09;75.62
47265;2020;Jorge Molina;1.71;2.65;0.5;0.0;5.73;2.43;92.86;77.93;40.64;44.14;73.79;51.5
47265;2021;Jorge Molina;3.31;4.3;0.4;0.0;6.12;3.14;96.05;88.27;39.21;43.97;82.84;58.85
47266;2015;Ángel Rodríguez;0.0;0.44;2.26;0.0;1.55;0.46;14.66;8.53;60.2;46.1;12.99;19.29
47266;2017;Ángel Rodríguez;3.62;3.04;0.31;0.0;5.74;4.08;97.13;44.88;27.2;45.6;52.6;60.23
47266;2018;Ángel Rodríguez;2.14;3.13;0.49;0.0;4.61;3.05;91.62;47.36;23.16;46.05;34.09;45.86
47266;2019;Ángel Rodríguez;3.67;3.36;0.57;0.0;4.7;4.59;97.15;55.52;24.56;46.17;50.89;73.22
47266;2020;Ángel Rodríguez;1.51;0.71;0.15;0.0;4.06;2.87;90.21;44.07;30.86;44.14;45.14;58.07
47266;2021;Ángel Rodríguez;1.69;1.99;0.87;0.0;4.62;4.3;88.81;67.69;48.53;43.97;53.28;73.59
47266;2022;Ángel Rodríguez;0.73;0.36;0.09;0.0;3.58;1.34;72.62;36.06;31.3;43.77;36.97;42.72
47267;2015;Iago Herrerín;0.0;0.15;0.0;0.03;0.29;0.0;14.66;3.43;7.61;92.21;3.9;2.97
47267;2016;Iago Herrerín;0.0;0.36;0.0;5.02;4.84;2.98;14.7;8.32;9.98;96.12;37.99;47.32
47267;2017;Iago Herrerín;0.0;0.66;0.0;7.09;3.05;0.1;14.99;15.44;9.25;98.03;20.65;14.72
47267;2018;Iago Herrerín;0.0;1.07;0.0;7.58;5.33;0.06;13.09;18.36;4.99;98.31;45.2;11.77
47267;2019;Iago Herrerín;0.0;0.33;0.0;2.04;0.0;0.0;15.48;9.52;6.58;95.2;11.57;4.63
47267;2020;Iago Herrerín;0.0;0.0;0.0;2.5;0.0;0.0;22.64;10.43;13.07;90.5;10.07;12.93
47267;2022;Iago Herrerín;0.0;0.0;0.0;5.0;0.0;0.0;21.22;10.43;14.57;92.65;10.71;13.59
47269;2019;Álex Remiro;0.0;1.51;0.0;5.47;0.0;0.1;15.48;26.69;6.58;96.62;11.57;15.12
47269;2020;Álex Remiro;0.0;0.43;0.17;7.62;5.17;1.13;22.64;37.36;31.71;97.86;63.93;39.93
47269;2021;Álex Remiro;0.0;0.55;0.03;8.95;4.5;0.05;21.72;40.88;29.22;98.39;51.47;29.89
47269;2022;Álex Remiro;0.0;0.61;0.0;9.32;5.16;0.05;21.22;41.39;14.57;98.74;54.55;31.37
47269;2023;Álex Remiro;0.0;0.67;0.0;8.99;5.52;0.06;21.85;43.22;13.69;99.38;64.66;30.01
47269;2024;Álex Remiro;0.0;0.67;0.05;7.74;5.98;0.08;22.46;44.1;30.87;97.83;65.06;34.67
47269;2025;Álex Remiro;0.0;1.18;0.18;4.69;4.98;1.12;24.41;54.12;35.37;92.65;61.4;48.53
47270;2018;Unai Simón;0.0;0.44;0.0;2.49;0.73;0.0;13.09;7.72;4.99;93.79;7.91;3.58
47270;2019;Unai Simón;0.0;0.67;0.0;7.39;0.04;0.03;15.48;16.46;6.58;97.86;23.49;9.88
47270;2020;Unai Simón;0.0;0.36;0.02;7.46;4.49;1.09;22.64;35.07;26.36;97.71;51.43;38.29
47270;2021;Unai Simón;0.0;0.36;0.0;7.07;4.44;0.01;21.72;35.19;14.28;96.25;50.47;27.28
47270;2022;Unai Simón;0.0;0.31;0.06;5.65;3.16;0.01;21.22;34.73;30.11;94.82;33.75;27.52
47270;2023;Unai Simón;0.0;0.48;0.05;10.0;6.13;0.13;21.85;36.79;28.56;99.79;78.08;33.2
47270;2024;Unai Simón;0.0;0.3;0.09;10.0;5.41;0.06;22.46;34.87;32.23;99.53;56.45;33.72
47270;2025;Unai Simón;0.0;0.4;0.11;7.14;5.52;0.12;24.41;36.99;32.72;98.24;69.41;37.65
47271;2016;Yeray Álvarez;0.18;3.5;10.0;0.0;7.09;5.33;33.46;50.37;100.0;45.75;89.83;86.88
47271;2017;Yeray Álvarez;0.0;3.35;5.44;0.0;5.27;3.02;14.99;49.19;84.92;45.6;43.27;43.45
47271;2018;Yeray Álvarez;0.21;2.43;7.7;0.0;7.33;3.38;37.85;35.78;98.21;46.05;90.77;51.13
47271;2019;Yeray Álvarez;0.17;2.77;7.87;0.0;7.18;4.66;34.88;45.91;97.15;46.17;81.85;74.11
47271;2020;Yeray Álvarez;0.27;2.26;5.82;0.0;6.41;4.81;60.57;72.0;95.36;44.14;86.71;83.71
47271;2021;Yeray Álvarez;0.0;1.69;7.0;0.0;6.22;2.12;21.72;62.33;96.25;43.97;84.38;47.65
47271;2022;Yeray Álvarez;0.29;3.57;6.61;0.0;7.28;3.55;57.42;81.93;96.22;43.77;90.2;70.31
47271;2023;Yeray Álvarez;0.34;1.63;3.3;0.0;6.94;2.24;54.08;58.09;72.89;43.85;92.6;51.04
47271;2024;Yeray Álvarez;0.31;2.04;4.62;0.0;6.87;3.12;61.94;66.42;86.77;43.69;81.48;71.91
47272;2015;Mikel Balenziaga;0.0;4.86;4.15;0.0;7.06;3.86;14.66;70.22;78.29;46.1;76.72;66.6
47272;2016;Mikel Balenziaga;0.2;3.91;2.28;0.0;6.46;4.15;35.03;55.82;64.33;45.75;79.02;68.02
47272;2017;Mikel Balenziaga;0.0;3.77;4.11;0.0;6.34;4.51;14.99;55.03;74.87;45.6;68.04;66.7
47272;2018;Mikel Balenziaga;0.0;2.25;1.91;0.0;4.2;2.03;13.09;32.67;48.59;46.05;29.76;35.5
47272;2019;Mikel Balenziaga;0.0;1.81;3.6;0.0;4.74;2.62;15.48;30.69;64.23;46.17;51.16;41.19
47272;2020;Mikel Balenziaga;0.06;1.49;2.11;0.0;4.96;3.61;46.93;59.57;66.07;44.14;59.79;68.14
47272;2021;Mikel Balenziaga;0.16;1.26;3.44;0.0;5.36;2.91;50.74;55.43;76.41;43.97;66.96;56.57
47272;2022;Mikel Balenziaga;0.0;0.04;0.38;0.0;2.66;0.0;21.22;27.8;38.73;43.77;31.79;13.59
47273;2015;Yuri Berchiche;0.2;6.04;8.12;0.0;8.44;5.02;38.22;82.28;98.89;46.1;96.75;84.97
47273;2016;Yuri Berchiche;0.9;5.45;3.84;0.0;7.22;4.78;66.08;75.69;79.85;45.75;92.61;78.84
47273;2018;Yuri Berchiche;0.61;4.62;4.61;0.0;7.78;5.77;60.55;68.55;74.76;46.05;95.29;86.91
47273;2019;Yuri Berchiche;1.08;5.81;4.79;0.0;6.9;6.26;71.71;85.23;75.09;46.17;76.07;92.53
47273;2020;Yuri Berchiche;0.71;4.26;2.57;0.0;6.25;4.11;78.21;89.43;70.71;44.14;83.14;75.64
47273;2021;Yuri Berchiche;0.86;3.15;5.62;0.0;7.09;4.91;76.34;80.56;90.75;43.97;93.16;80.56
47273;2022;Yuri Berchiche;0.95;4.21;7.3;0.0;7.91;3.43;77.73;86.97;97.9;43.77;95.8;68.91
47273;2023;Yuri Berchiche;1.7;3.5;5.02;0.0;6.87;4.92;82.57;81.6;89.7;43.85;91.77;86.51
47273;2024;Yuri Berchiche;0.27;3.45;3.85;0.0;6.53;2.53;60.38;81.0;81.55;43.69;75.31;62.28
47273;2025;Yuri Berchiche;0.36;4.27;5.3;0.0;7.43;3.12;65.74;86.47;88.24;44.26;94.56;76.18
47274;2015;Ander Capa;0.55;4.41;5.18;0.0;7.69;4.83;57.88;64.47;87.01;46.1;87.76;82.19
47274;2016;Ander Capa;0.15;5.54;4.86;0.0;6.61;4.91;32.62;76.71;88.91;45.75;82.16;80.59
47274;2017;Ander Capa;0.06;3.46;5.53;0.0;6.15;4.77;30.07;50.63;85.73;45.6;64.36;72.44
47274;2018;Ander Capa;0.17;3.46;4.66;0.0;6.17;3.83;32.2;53.77;75.42;46.05;64.69;59.13
47274;2019;Ander Capa;1.02;4.85;5.06;0.0;8.25;6.46;69.84;75.89;78.2;46.17;93.33;93.77
47274;2020;Ander Capa;0.77;2.9;4.62;0.0;5.69;4.5;81.07;80.71;88.93;44.14;73.14;79.86
47274;2021;Ander Capa;0.0;0.0;0.0;0.0;0.0;0.0;21.72;10.86;14.28;43.97;10.99;13.4
47274;2022;Ander Capa;0.0;0.18;0.02;0.0;2.98;1.69;21.22;30.88;29.13;43.77;32.63;45.66
47275;2015;Óscar de Marcos;0.38;4.86;5.29;0.0;7.29;3.39;50.65;70.22;87.85;46.1;81.45;58.26
47275;2016;Óscar de Marcos;0.41;6.58;2.26;0.0;5.83;3.13;46.21;86.32;64.05;45.75;59.61;49.72
47275;2017;Óscar de Marcos;1.0;6.27;4.29;0.0;5.68;3.98;73.97;82.05;76.3;45.6;51.26;57.0
47275;2018;Óscar de Marcos;0.29;5.79;3.73;0.0;5.94;2.62;43.88;79.85;67.33;46.05;58.66;40.87
47275;2019;Óscar de Marcos;0.0;3.94;2.19;0.0;4.02;1.55;15.48;64.77;50.44;46.17;44.13;31.05
47275;2020;Óscar de Marcos;0.53;2.33;2.61;0.0;4.72;2.89;72.36;73.36;71.5;44.14;56.21;58.43
47275;2021;Óscar de Marcos;0.42;3.12;4.64;0.0;5.52;1.88;64.01;80.29;84.99;43.97;70.17;45.04
47275;2022;Óscar de Marcos;0.3;6.17;5.37;0.0;6.28;2.65;58.54;94.19;91.74;43.77;74.79;59.24
47275;2023;Óscar de Marcos;0.47;4.68;4.87;0.0;5.72;2.37;59.06;88.8;88.45;43.85;69.36;52.14
47275;2024;Óscar de Marcos;0.13;3.26;2.83;0.0;4.97;1.43;50.61;79.1;73.27;43.69;50.14;47.49
47276;2015;Íñigo Lekue;0.64;3.88;2.04;0.0;6.9;3.01;62.24;58.44;58.26;46.1;72.08;51.21
47276;2016;Íñigo Lekue;0.81;4.18;1.29;0.0;6.47;5.6;63.49;61.0;52.77;45.75;79.3;89.93
47276;2017;Íñigo Lekue;0.33;4.24;1.55;0.0;6.69;5.35;48.56;61.04;51.89;45.6;76.93;80.07
47276;2018;Íñigo Lekue;0.0;1.36;0.93;0.0;2.19;1.4;13.09;21.75;31.64;46.05;14.78;30.7
47276;2019;Íñigo Lekue;0.0;3.96;4.06;0.0;5.04;3.24;15.48;65.3;68.33;46.17;54.8;49.38
47276;2020;Íñigo Lekue;0.06;0.9;0.71;0.0;3.36;3.49;46.93;48.64;45.64;44.14;37.64;66.14
47276;2021;Íñigo Lekue;0.08;2.54;4.25;0.0;4.96;3.48;45.17;75.0;82.57;43.97;59.58;63.27
47276;2022;Íñigo Lekue;0.1;2.42;2.65;0.0;5.76;3.47;45.38;70.38;70.38;43.77;65.34;69.26
47276;2023;Íñigo Lekue;0.0;3.02;3.36;0.0;5.2;3.5;21.85;77.46;73.58;43.85;59.47;67.84
47276;2024;Íñigo Lekue;0.0;1.05;1.46;0.0;4.81;2.16;22.46;51.83;56.72;43.69;47.35;56.78
47276;2025;Íñigo Lekue;0.14;0.25;1.57;0.0;3.57;1.57;54.78;33.68;60.44;44.26;44.41;54.78
47277;2017;Unai Núñez;0.26;2.69;8.09;0.0;7.29;5.22;45.6;39.86;97.85;45.6;89.77;77.74
47277;2018;Unai Núñez;0.53;3.59;9.23;0.0;6.79;2.05;56.78;56.4;99.72;46.05;78.63;35.78
47277;2019;Unai Núñez;0.41;2.62;5.45;0.0;8.89;3.15;48.22;42.88;82.65;46.17;97.06;47.69
47277;2020;Unai Núñez;0.44;1.85;3.6;0.0;5.73;3.16;68.64;65.86;80.86;44.14;73.79;61.43
47277;2021;Unai Núñez;0.08;0.57;1.41;0.0;4.02;2.58;45.17;41.42;56.3;43.97;44.84;52.35
47277;2022;Unai Núñez;0.38;2.63;7.53;0.0;7.46;4.42;61.41;72.9;98.46;43.77;92.86;82.63
47277;2023;Unai Núñez;0.7;2.42;7.2;0.0;7.13;4.86;65.35;71.65;97.23;43.85;94.19;85.27
47277;2024;Unai Núñez;0.0;0.42;1.89;0.0;5.1;1.88;22.46;38.47;62.21;43.69;52.31;52.65
47278;2021;Daniel Vivian;1.25;1.44;6.04;0.0;5.7;3.43;84.32;58.58;92.9;43.97;75.07;62.33
47278;2022;Daniel Vivian;0.35;2.18;6.02;0.0;6.72;1.85;60.36;67.58;94.82;43.77;83.12;47.55
47278;2023;Daniel Vivian;0.11;2.36;6.11;0.0;5.92;3.13;44.54;70.54;94.74;43.85;73.86;62.38
47278;2024;Daniel Vivian;0.86;3.14;6.14;0.0;6.94;3.59;80.94;78.22;93.35;43.69;82.43;79.38
47278;2025;Daniel Vivian;0.49;2.05;6.72;0.0;6.07;1.92;71.47;66.4;94.63;44.26;76.03;59.85
47279;2017;Iñigo Cordoba;0.42;3.38;1.93;0.0;6.55;5.9;53.23;49.64;57.63;45.6;71.9;89.05
47279;2018;Iñigo Cordoba;0.65;5.51;2.82;0.0;6.54;5.35;64.12;77.21;56.78;46.05;72.79;81.26
47279;2019;Iñigo Cordoba;1.03;4.1;3.82;0.0;7.16;3.54;70.46;67.17;66.37;46.17;81.14;54.63
47279;2020;Iñigo Cordoba;0.0;0.64;0.85;0.0;3.73;2.52;22.64;42.79;48.86;44.14;41.57;52.86
47280;2015;Beñat Etxebarria;0.65;10.0;2.97;0.0;6.84;3.88;63.45;98.24;66.98;46.1;70.5;67.16
47280;2016;Beñat Etxebarria;0.91;10.0;1.8;0.0;5.63;4.62;66.82;98.61;58.5;45.75;54.44;76.25
47280;2017;Beñat Etxebarria;0.26;7.97;3.46;0.0;4.76;2.81;45.6;91.2;68.85;45.6;36.54;40.93
47280;2018;Beñat Etxebarria;0.39;7.95;2.82;0.0;5.57;3.51;48.96;91.24;56.78;46.05;50.66;53.3
47280;2019;Beñat Etxebarria;0.5;5.79;1.12;0.0;0.0;0.09;51.96;84.88;36.57;46.17;11.57;14.06
47281;2015;Dani García;0.25;3.76;4.87;0.0;7.81;4.84;45.45;56.31;83.95;46.1;90.35;82.75
47281;2016;Dani García;0.31;5.14;4.66;0.0;6.61;3.38;41.77;73.66;87.34;45.75;82.16;54.25
47281;2017;Dani García;0.07;5.01;6.25;0.0;6.71;3.17;30.79;71.81;89.59;45.6;77.38;45.78
47281;2018;Dani García;0.0;3.18;5.73;0.0;6.62;2.6;13.09;48.49;85.12;46.05;74.29;40.3
47281;2019;Dani García;0.0;3.94;5.42;0.0;4.77;3.79;15.48;64.77;82.12;46.17;51.78;60.05
47281;2020;Dani García;0.06;2.0;3.95;0.0;5.67;3.84;46.93;68.14;84.07;44.14;73.0;70.79
47281;2021;Dani García;0.18;1.8;4.05;0.0;5.35;3.09;52.14;63.81;81.1;43.97;66.62;58.24
47281;2022;Dani García;0.0;2.28;4.52;0.0;6.1;2.17;21.22;68.84;86.9;43.77;71.78;51.54
47281;2023;Dani García;0.68;0.59;1.9;0.0;4.62;2.91;64.8;41.08;59.96;43.85;50.14;59.06
47282;2015;Raúl García;1.21;2.94;0.75;0.0;5.03;1.98;80.52;44.06;39.24;46.1;33.67;36.09
47282;2016;Raúl García;3.75;5.13;1.19;0.0;8.84;3.64;97.04;73.38;51.29;45.75;99.08;58.96
47282;2017;Raúl García;3.33;3.59;2.02;0.0;8.88;4.21;96.23;53.05;58.71;45.6;99.46;62.39
47282;2018;Raúl García;3.43;4.46;2.93;0.0;9.57;3.78;97.18;65.73;58.47;46.05;99.81;58.19
47282;2019;Raúl García;4.98;3.32;3.76;0.0;7.2;2.92;98.75;54.45;66.01;46.17;82.47;45.11
47282;2020;Raúl García;1.63;2.14;2.67;0.0;7.68;3.38;92.21;69.93;72.0;44.14;97.29;64.43
47282;2021;Raúl García;2.11;2.54;2.02;0.0;5.87;4.61;92.02;75.0;63.14;43.97;78.62;77.88
47282;2022;Raúl García;1.35;1.44;0.87;0.0;5.49;2.6;84.24;56.3;48.74;43.77;60.08;58.19
47282;2023;Raúl García;0.32;0.05;0.63;0.0;4.57;1.63;52.97;26.97;41.84;43.85;48.96;44.67
47283;2015;Ibai Gómez;0.0;1.08;0.0;0.0;1.3;1.35;14.66;18.65;7.61;46.1;11.5;28.29
47283;2016;Ibai Gómez;2.4;6.8;0.63;0.0;4.54;4.74;89.46;87.8;39.83;45.75;33.64;78.56
47283;2017;Ibai Gómez;2.34;7.03;1.21;0.0;4.75;4.64;92.1;87.25;46.59;45.6;36.27;69.39
47283;2018;Ibai Gómez;1.24;6.96;1.16;0.0;4.12;3.25;81.54;86.63;35.4;46.05;28.44;49.53
47283;2019;Ibai Gómez;0.64;4.85;0.86;0.0;1.48;4.2;57.21;75.89;31.58;46.17;29.45;66.9
47283;2020;Ibai Gómez;0.0;1.5;0.67;0.0;3.68;2.67;22.64;59.71;44.64;44.14;41.07;55.0
47284;2015;Ander Iturraspe;0.13;4.27;4.32;0.0;6.27;1.71;33.86;62.99;79.78;46.1;56.59;32.28
47284;2016;Ander Iturraspe;0.1;5.05;3.15;0.0;4.85;1.58;30.59;72.09;71.53;45.75;38.35;30.87
47284;2017;Ander Iturraspe;0.07;5.85;3.91;0.0;6.01;3.34;30.79;80.25;72.71;45.6;59.43;48.29
47284;2018;Ander Iturraspe;0.0;1.39;1.73;0.0;1.37;0.05;13.09;22.03;45.86;46.05;12.62;9.32
47284;2019;Ander Iturraspe;0.0;0.75;0.36;0.0;0.0;1.0;15.48;17.79;21.26;46.17;11.57;24.47
47285;2016;Unai López;0.98;3.83;0.1;0.0;4.06;2.92;68.48;54.99;23.29;45.75;27.17;46.49
47285;2018;Unai López;0.43;3.56;1.28;0.0;3.28;2.7;51.6;55.93;38.61;46.05;20.72;41.81
47285;2019;Unai López;1.15;9.34;3.17;0.0;5.36;4.33;74.82;96.35;59.88;46.17;58.99;68.68
47285;2020;Unai López;1.06;3.16;2.4;0.0;4.82;4.26;85.57;83.07;69.43;44.14;57.64;77.5
47285;2021;Unai López;0.76;4.61;1.84;0.0;4.62;4.09;72.92;89.95;61.6;43.97;53.28;70.51
47285;2022;Unai López;0.9;3.52;2.32;0.0;4.87;3.21;76.82;81.79;67.51;43.77;50.7;66.04
47285;2023;Unai López;0.72;5.02;3.46;0.0;5.62;4.89;66.04;89.9;75.03;43.85;66.87;85.75
47285;2024;Unai López;1.2;3.92;3.22;0.0;5.99;4.89;87.11;85.82;76.53;43.69;65.54;94.57
47285;2025;Unai López;0.41;7.94;3.65;0.0;5.3;3.85;67.87;97.35;78.68;44.26;66.1;87.21
47286;2018;Peru Nolaskoain Esnal;1.5;2.79;4.86;0.0;4.49;1.55;85.12;40.58;76.84;46.05;33.24;31.36
47286;2020;Peru Nolaskoain Esnal;0.0;0.0;0.0;0.0;0.0;0.0;22.64;10.43;13.07;44.14;10.07;12.93
47286;2021;Peru Nolaskoain Esnal;0.0;0.01;0.0;0.0;0.03;0.0;21.72;22.72;14.28;43.97;22.65;13.4
47286;2022;Peru Nolaskoain Esnal;0.0;0.0;0.0;0.0;0.0;0.0;21.22;10.43;14.57;43.77;10.71;13.59
47286;2023;Peru Nolaskoain Esnal;0.0;0.02;0.17;0.0;3.03;0.0;21.85;24.48;31.05;43.85;34.16;12.86
47287;2015;Mikel Rico;0.88;3.66;2.5;0.0;5.32;2.3;72.08;55.29;62.71;46.1;37.38;40.26
47287;2016;Mikel Rico;0.5;3.24;0.67;0.0;4.18;3.32;51.02;46.86;40.94;45.75;29.39;52.77
47287;2017;Mikel Rico;0.13;4.53;3.46;0.0;5.79;4.17;34.83;66.7;68.85;45.6;53.77;61.76
47287;2018;Mikel Rico;0.21;0.97;1.05;0.0;2.21;0.15;37.85;16.2;33.9;46.05;15.44;15.73
47287;2020;Mikel Rico;0.63;3.72;2.71;0.0;4.85;4.32;75.79;86.29;72.43;44.14;57.93;78.21
47288;2015;Mikel San José;0.63;4.65;4.96;0.0;7.92;3.61;61.32;67.53;85.25;46.1;92.76;61.41
47288;2016;Mikel San José;1.16;3.71;3.59;0.0;6.71;2.96;73.48;53.97;77.73;45.75;84.57;46.95
47288;2017;Mikel San José;0.56;4.06;4.07;0.0;7.21;4.55;61.04;58.98;74.42;45.6;88.69;67.41
47288;2018;Mikel San José;0.19;3.53;2.7;0.0;5.77;2.11;33.43;54.9;55.27;46.05;53.77;36.63
47288;2019;Mikel San José;0.27;1.47;3.53;0.0;0.0;0.8;41.64;26.33;63.7;46.17;11.57;22.6
47289;2015;Markel Susaeta;1.23;9.11;1.45;0.0;6.57;3.21;80.98;95.18;50.56;46.1;63.82;54.82
47289;2016;Markel Susaeta;0.53;6.22;1.02;0.0;6.0;5.51;52.22;83.64;48.61;45.75;65.06;88.82
47289;2017;Markel Susaeta;1.1;8.3;0.63;0.0;6.09;5.29;76.03;92.1;34.38;45.6;62.3;78.73
47289;2018;Markel Susaeta;0.77;8.69;1.5;0.0;4.49;3.73;67.8;94.92;42.28;46.05;33.24;57.06
47290;2015;Aritz Aduriz;5.61;5.6;0.36;0.0;9.0;3.38;98.7;79.41;29.68;46.1;99.07;58.07
47290;2016;Aritz Aduriz;5.42;3.64;0.0;0.0;7.61;4.86;99.45;52.77;9.98;45.75;96.3;79.76
47290;2017;Aritz Aduriz;2.92;2.23;0.0;0.0;6.82;5.39;95.87;34.92;9.25;45.6;80.43;80.88
47290;2018;Aritz Aduriz;1.6;2.21;0.0;0.0;5.38;1.27;87.01;31.83;4.99;46.05;46.33;29.47
47290;2019;Aritz Aduriz;0.97;0.62;0.08;0.0;0.0;1.0;68.95;15.48;15.39;46.17;11.57;24.47
47291;2018;Gorka Guruzeta;0.0;1.15;0.56;0.0;1.32;0.0;13.09;19.68;24.67;46.05;12.15;3.58
47291;2022;Gorka Guruzeta;2.33;1.75;1.43;0.0;5.0;3.27;92.23;61.69;56.23;43.77;52.31;66.88
47291;2023;Gorka Guruzeta;6.85;4.41;3.29;0.0;6.81;4.92;98.48;87.83;72.61;43.85;91.22;86.51
47291;2024;Gorka Guruzeta;2.07;2.05;1.29;0.0;5.44;3.48;94.23;66.76;54.21;43.69;56.99;77.88
47291;2025;Gorka Guruzeta;1.84;3.21;0.98;0.0;6.27;1.88;90.15;79.41;50.44;44.26;79.63;59.04
47292;2016;Kenan Kodro;2.33;3.11;0.0;0.0;5.88;2.04;88.63;44.55;9.98;45.75;61.09;36.32
47292;2018;Kenan Kodro;0.58;2.08;0.08;0.0;3.41;1.08;59.32;30.7;11.96;46.05;21.66;26.46
47292;2019;Kenan Kodro;0.91;0.96;0.08;0.0;1.54;2.0;67.88;21.26;15.39;46.17;29.72;34.96
47292;2020;Kenan Kodro;0.44;0.57;0.15;0.0;3.11;1.68;68.64;41.64;30.86;44.14;36.29;44.07
47293;2020;Iñigo Vicente;0.0;0.67;0.09;0.0;3.09;2.17;22.64;43.29;28.43;44.14;36.0;49.21
47294;2015;Iñaki Williams;2.65;3.76;0.54;0.0;6.12;5.08;94.06;56.31;35.44;46.1;52.04;85.53
47294;2016;Iñaki Williams;2.37;5.91;0.5;0.0;6.11;4.97;89.28;79.94;35.21;45.75;68.21;82.07
47294;2017;Iñaki Williams;2.2;5.37;0.85;0.0;6.36;5.85;91.2;76.84;40.66;45.6;68.4;88.33
47294;2018;Iñaki Williams;3.31;4.62;1.19;0.0;7.04;6.06;96.7;68.55;36.63;46.05;85.59;89.27
47294;2019;Iñaki Williams;2.52;3.67;0.85;0.0;5.51;5.5;90.57;60.85;31.14;46.17;60.59;86.39
47294;2020;Iñaki Williams;1.76;4.25;0.71;0.0;5.54;4.87;93.0;89.29;45.64;44.14;70.57;84.57
47294;2021;Iñaki Williams;4.07;4.41;0.92;0.0;5.88;5.11;97.59;88.87;48.99;43.97;78.95;82.24
47294;2022;Iñaki Williams;4.37;4.9;1.66;0.0;6.54;5.34;97.97;90.76;59.17;43.77;81.09;92.37
47294;2023;Iñaki Williams;7.55;6.01;2.62;0.0;6.78;6.06;99.03;93.91;66.6;43.85;90.59;93.57
47294;2024;Iñaki Williams;2.38;6.53;1.98;0.0;6.63;3.91;95.66;95.79;63.43;43.69;77.68;83.99
47294;2025;Iñaki Williams;2.3;2.86;0.64;0.0;4.59;1.56;93.68;75.59;44.12;44.26;56.03;54.56
47295;2016;Miguel Ángel Moyà;0.0;0.44;0.0;6.65;2.68;0.15;14.7;8.96;9.98;97.78;17.74;13.12
47295;2017;Miguel Ángel Moyà;0.0;1.48;0.58;6.65;1.59;0.0;14.99;25.31;33.39;97.67;16.88;4.67
47295;2018;Miguel Ángel Moyà;0.0;1.43;0.25;5.79;4.14;1.18;13.09;22.5;17.7;97.18;28.81;28.44
47295;2019;Miguel Ángel Moyà;0.0;1.43;0.12;5.71;1.97;1.95;15.48;25.89;15.93;96.98;31.23;34.07
47295;2020;Miguel Ángel Moyà;0.0;0.0;0.0;5.0;0.0;0.0;22.64;10.43;13.07;93.36;10.07;12.93
47296;2015;Gerónimo Rulli;0.0;0.92;0.06;7.83;5.04;1.88;14.66;16.14;16.14;98.14;34.14;34.04
47296;2016;Gerónimo Rulli;0.0;1.71;0.29;5.29;4.22;0.11;14.7;25.69;30.31;96.67;30.04;12.01
47296;2017;Gerónimo Rulli;0.0;1.79;0.0;5.56;2.42;0.04;14.99;28.9;9.25;96.77;19.03;9.69
47296;2018;Gerónimo Rulli;0.0;1.48;0.0;7.67;4.82;0.06;13.09;23.54;4.99;98.49;37.29;11.77
47296;2020;Gerónimo Rulli;0.0;0.05;0.0;5.97;0.0;0.0;22.64;26.14;13.07;95.86;10.07;12.93
47296;2021;Gerónimo Rulli;0.0;0.64;0.0;9.41;4.6;1.23;21.72;43.77;14.28;98.66;52.82;39.01
47296;2022;Gerónimo Rulli;0.0;0.69;0.08;9.94;3.81;0.03;21.22;42.3;30.74;99.3;38.94;28.71
47297;2020;Andoni Zubiaurre;0.0;0.0;0.0;1.0;0.0;0.0;22.64;10.43;13.07;89.29;10.07;12.93
47297;2022;Andoni Zubiaurre;0.0;0.0;0.0;5.0;0.0;0.0;21.22;10.43;14.57;92.65;10.71;13.59
47298;2015;Aritz Elustondo;0.49;3.04;5.26;0.0;7.4;3.18;55.66;45.73;87.57;46.1;83.95;54.08
47298;2016;Aritz Elustondo;0.0;2.08;2.61;0.0;3.88;0.97;14.7;29.85;67.65;45.75;26.16;21.81
47298;2017;Aritz Elustondo;1.21;5.06;9.03;0.0;6.51;2.03;77.92;73.07;99.28;45.6;71.45;33.84
47298;2018;Aritz Elustondo;0.56;3.39;5.83;0.0;7.38;5.39;58.47;52.17;87.01;46.05;91.34;82.2
47298;2019;Aritz Elustondo;0.12;3.88;4.41;0.0;6.67;1.67;33.01;63.17;71.35;46.17;74.02;32.03
47298;2020;Aritz Elustondo;0.28;2.47;4.5;0.0;7.35;2.66;61.93;75.71;88.29;44.14;96.0;54.86
47298;2021;Aritz Elustondo;1.22;1.28;3.99;0.0;6.29;4.11;83.71;56.17;80.76;43.97;85.32;70.84
47298;2022;Aritz Elustondo;0.0;1.41;3.51;0.0;5.29;2.89;21.22;55.18;78.36;43.77;56.3;62.46
47298;2023;Aritz Elustondo;0.3;1.91;2.24;0.0;5.72;2.09;51.8;62.79;62.59;43.85;69.36;48.41
47298;2024;Aritz Elustondo;0.0;1.58;3.08;0.0;6.1;1.95;22.46;60.24;75.1;43.69;66.82;53.87
47298;2025;Aritz Elustondo;0.13;0.28;1.42;0.0;3.39;0.08;53.6;34.41;57.87;44.26;42.5;36.18
47299;2017;Andoni Gorosabel;0.0;0.55;1.06;0.0;0.81;0.05;14.99;13.11;44.34;45.6;11.94;11.4
47299;2018;Andoni Gorosabel;0.0;3.0;2.9;0.0;4.08;0.75;13.09;44.73;58.0;46.05;28.15;21.19
47299;2019;Andoni Gorosabel;0.2;3.45;4.21;0.0;4.14;2.9;36.03;57.12;69.57;46.17;45.02;44.66
47299;2020;Andoni Gorosabel;0.13;3.47;5.73;0.0;6.23;2.78;51.14;85.5;94.5;44.14;82.64;56.21
47299;2021;Andoni Gorosabel;0.08;3.93;3.96;0.0;5.58;4.34;45.17;86.19;80.56;43.97;71.72;73.99
47299;2022;Andoni Gorosabel;0.1;2.33;3.77;0.0;5.99;3.75;45.38;69.68;80.53;43.77;69.96;73.88
47299;2023;Andoni Gorosabel;0.83;2.08;5.24;0.0;6.6;5.46;69.36;65.49;91.42;43.85;87.62;90.46
47299;2024;Andoni Gorosabel;0.06;2.4;3.74;0.0;5.73;2.55;46.27;70.76;80.73;43.69;61.06;63.03
47299;2025;Andoni Gorosabel;0.11;1.7;1.3;0.0;4.99;1.38;51.18;60.81;55.66;44.26;61.62;52.79
47300;2016;Theo Hernández;0.7;4.84;2.34;0.0;7.4;7.42;59.8;69.04;64.7;45.75;94.27;98.15
47300;2017;Theo Hernández;0.33;5.36;4.56;0.0;6.79;6.05;48.56;76.66;78.37;45.6;79.71;90.48
47300;2018;Theo Hernández;0.62;5.65;6.06;0.0;8.35;6.95;61.3;78.44;89.27;46.05;98.31;96.52
47301;2018;Robin Le Normand;0.0;3.12;1.14;0.0;2.38;0.65;13.09;46.99;34.65;46.05;16.2;19.77
47301;2019;Robin Le Normand;0.35;4.34;5.2;0.0;9.66;1.95;46.26;71.35;79.18;46.17;99.29;34.07
47301;2020;Robin Le Normand;0.06;2.46;4.67;0.0;7.01;3.08;46.93;75.29;89.71;44.14;93.71;60.57
47301;2021;Robin Le Normand;0.55;3.01;7.33;0.0;7.15;1.26;67.29;79.42;97.05;43.97;93.7;39.41
47301;2022;Robin Le Normand;0.17;2.3;5.04;0.0;8.09;2.37;49.79;69.19;89.92;43.77;96.78;54.06
47301;2023;Robin Le Normand;0.98;2.56;4.23;0.0;7.25;1.57;72.61;73.31;82.09;43.85;94.81;44.12
47301;2024;Robin Le Normand;0.39;2.15;3.2;0.0;7.09;1.83;65.6;67.84;76.39;43.69;84.74;51.97
47301;2025;Robin Le Normand;0.41;1.53;3.13;0.0;6.04;0.29;67.87;58.53;74.41;44.26;75.37;39.56
47302;2015;Diego Llorente;0.65;2.34;6.42;0.0;8.05;5.5;63.45;35.25;94.62;46.1;93.78;89.89
47302;2016;Diego Llorente;0.81;2.14;8.31;0.0;6.05;1.24;63.49;30.5;99.82;45.75;66.64;26.06
47302;2017;Diego Llorente;1.01;3.58;5.87;0.0;6.84;5.56;74.15;52.33;87.61;45.6;80.88;83.48
47302;2018;Diego Llorente;0.11;3.46;5.49;0.0;6.55;1.79;29.19;53.77;83.05;46.05;73.07;33.33
47302;2019;Diego Llorente;0.56;4.38;3.96;0.0;7.59;4.14;54.8;71.8;67.44;46.17;87.1;66.01
47302;2020;Diego Llorente;0.0;0.22;0.62;0.0;0.73;0.0;22.64;30.71;43.0;44.14;23.0;12.93
47302;2024;Diego Llorente;0.67;2.71;6.95;0.0;8.08;3.11;75.24;74.22;97.01;43.69;95.52;71.71
47302;2025;Diego Llorente;0.46;0.18;1.68;0.0;3.27;0.0;70.51;31.84;61.84;44.26;40.74;15.22
47303;2018;Aihen Muñoz;0.0;3.99;4.48;0.0;6.54;6.33;13.09;60.64;74.39;46.05;72.79;93.31
47303;2019;Aihen Muñoz;0.0;2.56;3.85;0.0;8.01;3.02;15.48;41.1;66.81;46.17;91.46;46.44
47303;2020;Aihen Muñoz;0.09;1.52;2.49;0.0;4.92;3.45;49.07;59.93;69.79;44.14;59.07;65.79
47303;2021;Aihen Muñoz;0.0;1.22;3.12;0.0;5.35;3.98;21.72;54.69;73.66;43.97;66.62;69.37
47303;2022;Aihen Muñoz;0.17;2.45;2.99;0.0;5.98;4.06;49.79;70.87;73.18;43.77;69.61;78.01
47303;2023;Aihen Muñoz;0.36;3.44;5.28;0.0;6.39;4.0;54.84;81.33;91.91;43.85;83.54;74.76
47303;2024;Aihen Muñoz;0.0;0.63;2.46;0.0;5.88;3.1;22.46;42.94;69.61;43.69;62.82;71.37
47303;2025;Aihen Muñoz;0.0;0.75;2.53;0.0;4.89;1.14;24.41;46.25;70.37;44.26;59.85;49.41
47304;2016;Kévin Rodrigues;0.23;0.9;0.25;0.0;0.8;0.67;37.62;15.34;29.21;45.75;9.61;19.22
47304;2017;Kévin Rodrigues;0.52;5.71;5.64;0.0;6.5;4.14;59.07;78.82;86.18;45.6;71.27;61.22
47304;2018;Kévin Rodrigues;0.21;3.23;4.41;0.0;5.0;3.75;37.85;49.25;73.92;46.05;39.55;57.63
47304;2019;Kévin Rodrigues;0.48;3.25;2.75;0.0;3.42;3.18;51.07;53.11;56.23;46.17;37.9;48.49
47304;2020;Kévin Rodrigues;0.46;1.92;2.33;0.0;4.37;3.36;69.64;66.71;68.57;44.14;49.64;63.93
47304;2021;Kévin Rodrigues;0.0;0.41;1.42;0.0;4.68;1.74;21.72;36.8;56.43;43.97;54.49;43.57
47305;2016;Raúl Navas;0.43;4.23;6.26;0.0;6.23;4.39;46.86;61.55;96.12;45.75;72.18;72.18
47305;2017;Raúl Navas;0.21;4.81;6.65;0.0;6.13;3.87;41.83;69.93;91.65;45.6;63.64;55.39
47305;2018;Raúl Navas;0.0;4.62;5.59;0.0;6.62;3.45;13.09;68.55;83.8;46.05;74.29;52.73
47305;2019;Raúl Navas;0.0;2.17;7.01;0.0;5.26;1.12;15.48;35.59;93.77;46.17;58.01;26.6
47305;2020;Raúl Navas;0.0;0.25;1.0;0.0;2.87;0.0;22.64;31.57;50.93;44.14;34.14;12.93
47306;2018;Álex Sola;0.21;0.65;0.86;0.0;0.87;0.9;37.85;11.86;30.23;46.05;9.23;24.01
47306;2021;Álex Sola;0.0;0.43;0.58;0.0;1.65;1.33;21.72;37.94;42.56;43.97;28.55;41.02
47306;2022;Álex Sola;0.11;0.42;2.23;0.0;5.97;3.22;46.22;37.11;65.83;43.77;69.12;66.25
47306;2023;Álex Sola;0.38;1.84;1.31;0.0;3.66;3.3;56.02;61.41;53.8;43.85;38.93;64.32
47306;2024;Álex Sola;0.13;1.25;1.4;0.0;5.78;3.37;50.61;55.83;56.17;43.69;61.47;75.1
47306;2025;Álex Sola;0.0;0.0;0.0;0.0;0.65;0.1;24.41;12.5;15.81;44.26;28.16;36.99
47307;2015;Joseba Zaldúa;0.0;2.12;3.03;0.0;7.77;3.65;14.66;31.35;67.53;46.1;89.89;62.34
47307;2016;Joseba Zaldúa;0.33;4.97;3.49;0.0;6.68;3.36;42.33;71.16;75.51;45.75;83.55;53.6
47307;2017;Joseba Zaldúa;0.35;3.18;6.94;0.0;8.01;5.68;49.73;46.95;92.37;45.6;96.5;85.73
47307;2018;Joseba Zaldúa;0.33;4.32;5.29;0.0;7.61;5.24;46.14;64.97;81.17;46.05;93.88;80.04
47307;2019;Joseba Zaldúa;0.18;4.68;6.75;0.0;5.81;4.66;35.5;74.73;92.7;46.17;63.52;74.11
47307;2020;Joseba Zaldúa;0.12;1.8;1.91;0.0;4.57;0.78;50.29;65.21;64.0;44.14;53.43;35.07
47307;2021;Joseba Zaldúa;0.26;0.75;3.09;0.0;5.28;2.09;56.43;46.31;72.92;43.97;65.82;47.25
47307;2022;Joseba Zaldúa;0.0;1.78;5.67;0.0;6.95;2.06;21.22;62.11;93.63;43.77;85.85;49.79
47307;2023;Joseba Zaldúa;0.0;0.62;1.5;0.0;4.54;1.7;21.85;42.05;55.53;43.85;48.48;45.16
47308;2019;Näis Djouahra;0.0;1.84;0.0;0.0;0.49;0.35;15.48;30.96;6.58;46.17;26.33;18.51
47308;2021;Näis Djouahra;0.24;0.72;0.79;0.0;3.32;2.0;55.36;45.84;47.39;43.97;36.6;46.31
47309;2018;Ander Guevara;0.0;0.7;0.19;0.0;0.76;0.73;13.09;12.52;15.25;46.05;8.47;20.72
47309;2019;Ander Guevara;0.0;4.87;4.95;0.0;0.0;5.02;15.48;76.42;76.78;46.17;11.57;79.89
47309;2020;Ander Guevara;0.24;3.16;3.42;0.0;5.18;4.56;58.29;83.07;78.86;44.14;64.36;80.79
47309;2021;Ander Guevara;0.0;1.28;2.04;0.0;4.0;2.51;21.72;56.17;63.34;43.97;44.44;51.74
47309;2022;Ander Guevara;0.0;0.79;0.45;0.0;4.07;2.32;21.22;44.12;40.97;43.77;41.18;53.36
47309;2023;Ander Guevara;0.51;3.24;4.52;0.0;6.67;5.19;60.03;79.39;85.75;43.85;89.49;88.93
47309;2024;Ander Guevara;0.18;2.1;3.51;0.0;6.08;2.98;53.87;67.44;79.1;43.69;66.55;69.2
47309;2025;Ander Guevara;0.32;0.78;0.93;0.0;4.12;2.72;62.65;46.84;49.04;44.26;49.78;71.18
47310;2015;Asier Illarramendi;0.58;6.45;6.75;0.0;8.79;5.97;59.93;84.04;95.92;46.1;98.33;94.06
47310;2016;Asier Illarramendi;0.46;7.76;8.21;0.0;7.65;6.26;49.54;91.22;99.63;45.75;96.86;94.27
47310;2017;Asier Illarramendi;1.45;8.82;6.49;0.0;7.36;6.29;83.12;93.36;90.66;45.6;90.66;91.74
47310;2018;Asier Illarramendi;0.56;5.53;5.14;0.0;6.47;4.02;58.47;77.5;79.28;46.05;71.37;61.3
47310;2019;Asier Illarramendi;0.0;1.77;1.54;0.0;0.0;0.15;15.48;29.98;41.81;46.17;11.57;16.64
47310;2020;Asier Illarramendi;0.0;1.48;1.49;0.0;5.15;0.42;22.64;59.36;58.07;44.14;63.36;33.79
47310;2021;Asier Illarramendi;0.0;1.3;1.2;0.0;3.99;2.65;21.72;56.9;54.16;43.97;44.03;53.22
47310;2022;Asier Illarramendi;0.38;1.64;3.12;0.0;5.35;4.2;61.41;59.8;74.37;43.77;57.28;79.83
47311;2018;Mikel Merino;1.18;4.75;3.33;0.0;7.87;5.84;80.51;70.15;62.9;46.05;95.48;88.32
47311;2019;Mikel Merino;1.82;6.09;7.39;0.0;8.36;6.41;84.61;86.48;96.0;46.17;94.4;93.24
47311;2020;Mikel Merino;1.2;6.57;7.4;0.0;9.1;6.37;87.57;95.36;98.86;44.14;99.57;96.14
47311;2021;Mikel Merino;1.8;5.69;6.11;0.0;9.0;6.29;89.61;94.03;93.5;43.97;99.6;91.82
47311;2022;Mikel Merino;1.83;8.38;6.3;0.0;9.64;4.97;88.38;97.62;95.52;43.77;99.72;89.08
47311;2023;Mikel Merino;2.3;3.97;6.24;0.0;10.0;6.11;87.48;84.23;95.09;43.85;100.0;94.4
47312;2015;Rubén Pardo;0.54;10.0;2.35;0.0;4.86;2.36;57.24;98.24;60.85;46.1;31.35;40.82
47312;2016;Rubén Pardo;0.64;3.31;1.77;0.0;3.12;2.22;56.1;48.24;57.86;45.75;20.52;38.91
47312;2017;Rubén Pardo;0.0;3.82;1.33;0.0;2.3;1.58;14.99;56.28;48.47;45.6;18.85;30.34
47312;2018;Rubén Pardo;0.53;9.43;2.76;0.0;3.97;3.38;56.78;96.42;56.12;46.05;27.5;51.13
47313;2018;Luca Sangalli;0.83;4.84;1.79;0.0;5.51;5.23;69.21;71.37;46.52;46.05;48.96;79.57
47313;2019;Luca Sangalli;1.24;5.48;0.0;0.0;0.0;3.71;75.98;81.85;6.58;46.17;11.57;58.1
47314;2015;Igor Zubeldia;0.0;0.37;0.0;0.0;0.07;0.0;14.66;6.96;7.61;46.1;2.23;2.97
47314;2016;Igor Zubeldia;0.0;1.57;0.0;0.0;2.2;1.3;14.7;23.29;9.98;45.75;15.9;27.17
47314;2017;Igor Zubeldia;0.42;4.45;3.35;0.0;6.24;4.44;53.23;65.26;68.13;45.6;66.07;66.07
47314;2018;Igor Zubeldia;0.26;3.54;5.11;0.0;6.83;6.58;42.75;55.37;78.34;46.05;79.38;94.35
47314;2019;Igor Zubeldia;0.08;4.09;5.41;0.0;7.11;5.75;31.14;66.9;81.76;46.17;79.8;88.7
47314;2020;Igor Zubeldia;0.51;2.46;3.18;0.0;6.03;3.59;71.86;75.29;76.29;44.14;79.0;67.79
47314;2021;Igor Zubeldia;0.18;1.64;3.51;0.0;4.96;2.11;52.14;61.26;77.08;43.97;59.58;47.45
47314;2022;Igor Zubeldia;0.24;2.1;4.21;0.0;6.44;4.44;53.01;67.09;84.8;43.77;78.71;83.26
47314;2023;Igor Zubeldia;0.0;3.98;5.72;0.0;6.66;2.5;21.85;84.44;93.71;43.85;88.93;53.53
47314;2024;Igor Zubeldia;0.32;2.54;6.02;0.0;7.28;3.77;62.69;72.52;93.22;43.69;87.65;81.48
47314;2025;Igor Zubeldia;0.14;2.89;5.45;0.0;5.8;0.84;54.78;75.88;89.12;44.26;73.53;43.24
47315;2018;Martín Zubimendi;0.0;0.41;0.0;0.0;0.17;0.0;13.09;7.06;4.99;46.05;3.2;3.58
47315;2019;Martín Zubimendi;0.0;5.23;4.62;0.0;10.0;2.22;15.48;79.8;72.69;46.17;99.91;36.74
47315;2020;Martín Zubimendi;0.06;1.99;5.21;0.0;6.29;4.72;46.93;67.93;91.5;44.14;84.14;82.57
47315;2021;Martín Zubimendi;1.06;3.16;7.03;0.0;6.83;5.21;81.03;80.83;96.45;43.97;90.75;83.11
47315;2022;Martín Zubimendi;0.32;4.44;6.35;0.0;7.32;3.25;59.17;88.31;95.94;43.77;90.9;66.46
47315;2023;Martín Zubimendi;2.34;4.06;6.79;0.0;6.77;4.81;88.04;85.2;96.54;43.85;90.25;84.72
47315;2024;Martín Zubimendi;0.77;3.94;8.08;0.0;7.97;4.41;78.7;86.02;99.05;43.69;94.84;90.43
47316;2015;David Zurutuza;1.2;6.76;3.9;0.0;8.47;4.22;79.96;86.55;75.42;46.1;97.03;73.28
47316;2016;David Zurutuza;1.31;4.84;6.49;0.0;6.81;3.3;76.89;69.04;97.04;45.75;86.6;52.03
47316;2017;David Zurutuza;0.2;4.37;5.37;0.0;6.43;4.55;40.04;63.29;84.74;45.6;69.57;67.41
47316;2018;David Zurutuza;0.61;3.95;4.27;0.0;6.58;3.09;60.55;60.08;72.13;46.05;73.63;46.52
47316;2019;David Zurutuza;0.0;0.95;1.75;0.0;0.0;0.15;15.48;20.91;45.73;46.17;11.57;16.64
47317;2018;Ander Barrenetxea;0.64;3.71;0.97;0.0;5.1;5.92;62.81;57.82;32.49;46.05;41.24;88.7
47317;2019;Ander Barrenetxea;1.12;3.43;1.65;0.0;7.84;4.93;73.93;56.67;43.77;46.17;89.32;78.65
47317;2020;Ander Barrenetxea;0.84;1.78;1.79;0.0;5.01;5.15;81.93;64.93;62.86;44.14;60.5;88.29
47317;2021;Ander Barrenetxea;1.22;2.73;2.83;0.0;6.3;5.4;83.71;76.74;71.05;43.97;85.52;84.72
47317;2022;Ander Barrenetxea;1.84;1.74;1.66;0.0;5.97;5.58;88.66;61.34;59.17;43.77;69.12;93.84
47317;2023;Ander Barrenetxea;2.55;2.33;2.69;0.0;6.1;6.14;89.42;69.5;67.22;43.85;77.73;94.74
47317;2024;Ander Barrenetxea;0.71;2.76;2.05;0.0;5.36;3.58;77.0;74.83;64.18;43.69;55.7;78.97
47317;2025;Ander Barrenetxea;1.57;7.47;2.29;0.0;6.15;5.95;88.53;97.06;68.09;44.26;77.5;97.94
47318;2015;Jon Bautista;0.86;0.99;0.0;0.0;1.96;0.6;70.59;17.25;7.61;46.1;14.47;19.85
47318;2016;Jon Bautista;1.88;0.45;0.0;0.0;4.55;0.12;84.75;9.24;9.98;45.75;33.83;12.29
47318;2017;Jon Bautista;0.95;1.01;0.0;0.0;2.88;1.18;72.44;20.02;9.25;45.6;20.2;26.39
47318;2018;Jon Bautista;0.83;1.48;0.97;0.0;5.89;2.97;69.21;23.54;32.49;46.05;57.06;44.63
47318;2020;Jon Bautista;0.18;0.81;0.27;0.0;4.06;2.42;53.21;46.79;34.86;44.14;45.14;51.21
47318;2021;Jon Bautista;0.0;0.01;0.9;0.0;1.03;0.52;21.72;22.72;48.79;43.97;26.01;35.12
47319;2015;Willian José;2.93;4.23;0.0;0.0;5.74;3.43;94.62;62.43;7.61;46.1;43.69;58.72
47319;2016;Willian José;4.27;4.92;0.33;0.0;5.18;4.14;97.78;70.33;31.7;45.75;44.73;67.47
47319;2017;Willian José;3.63;6.53;0.38;0.0;5.91;4.85;97.31;83.57;29.89;45.6;56.91;73.25
47319;2018;Willian José;3.31;6.92;0.31;0.0;5.28;4.68;96.7;86.06;19.02;46.05;43.97;72.22
47319;2019;Willian José;3.02;3.19;0.32;0.0;5.34;2.83;94.31;51.96;20.64;46.17;58.72;43.77
47319;2020;Willian José;2.05;2.46;0.46;0.0;4.23;1.67;94.21;75.29;39.07;44.14;47.64;43.71
47319;2021;Willian José;2.4;3.57;1.2;0.0;4.55;2.68;92.9;83.98;54.16;43.97;51.81;53.82
47319;2022;Willian José;0.9;1.22;0.51;0.0;4.06;1.34;76.82;52.52;42.58;43.77;40.97;42.72
47319;2023;Willian José;4.81;4.16;0.63;0.0;4.76;2.91;96.4;86.31;41.84;43.85;51.8;59.06
47320;2016;Juanmi;2.7;1.87;0.0;0.0;3.74;1.65;92.42;27.91;9.98;45.75;24.49;31.61
47320;2017;Juanmi;2.02;2.65;0.81;0.0;4.71;3.0;89.95;39.23;39.32;45.6;35.28;43.09
47320;2018;Juanmi;2.21;2.79;1.57;0.0;5.06;5.25;92.09;40.58;43.6;46.05;40.58;80.41
47320;2019;Juanmi;1.36;0.95;0.06;0.0;4.42;1.55;78.38;20.91;14.86;46.17;47.6;31.05
47320;2020;Juanmi;0.75;0.31;0.76;0.0;3.61;2.17;80.43;33.36;46.64;44.14;39.71;49.21
47320;2021;Juanmi;5.03;2.94;2.58;0.0;5.66;5.81;98.53;78.82;68.16;43.97;73.86;88.94
47320;2022;Juanmi;1.83;0.77;0.84;0.0;5.31;3.62;88.38;43.63;48.53;43.77;56.65;71.5
47320;2023;Juanmi;3.11;3.28;1.69;0.0;4.88;3.66;91.98;80.01;57.54;43.85;53.46;70.68
47320;2024;Juanmi;0.63;1.02;1.37;0.0;5.56;2.43;73.07;50.81;55.36;43.69;58.21;60.65
47320;2025;Juanmi;0.5;0.86;0.18;0.0;2.97;1.0;71.99;48.82;35.37;44.26;38.9;46.03
47321;2018;Roberto López;0.0;0.01;0.15;0.0;0.21;0.0;13.09;1.04;14.6;46.05;3.77;3.58
47321;2019;Roberto López;0.0;1.81;0.91;0.0;1.77;0.9;15.48;30.69;33.01;46.17;30.43;23.75
47321;2020;Roberto López;0.71;0.89;0.64;0.0;3.71;2.78;78.21;48.29;43.79;44.14;41.29;56.21
47321;2024;Roberto López;0.06;1.31;0.31;0.0;3.08;1.45;46.27;56.99;37.45;43.69;34.46;47.63
47322;2018;Martín Merquelanz;0.0;0.0;0.0;0.0;0.03;0.0;13.09;0.47;4.99;46.05;1.32;3.58
47322;2020;Martín Merquelanz;0.32;1.58;0.82;0.0;4.44;2.93;64.21;61.79;48.14;44.14;50.86;59.0
47322;2021;Martín Merquelanz;0.0;2.83;0.19;0.0;1.85;1.19;21.72;77.75;33.11;43.97;29.09;38.34
47323;2015;Mikel Oyarzabal;2.14;4.96;1.45;0.0;6.37;3.33;91.09;71.24;50.56;46.1;59.09;57.05
47323;2016;Mikel Oyarzabal;1.36;6.21;1.19;0.0;5.84;4.25;77.82;83.36;51.29;45.75;60.26;69.32
47323;2017;Mikel Oyarzabal;3.35;7.21;1.35;0.0;6.29;5.13;96.41;88.33;48.92;45.6;67.5;77.02
47323;2018;Mikel Oyarzabal;3.12;6.4;1.56;0.0;6.34;5.24;95.67;84.09;43.31;46.05;68.55;80.04
47323;2019;Mikel Oyarzabal;3.09;8.92;2.3;0.0;6.65;7.23;94.84;95.37;52.4;46.17;73.58;97.51
47323;2020;Mikel Oyarzabal;3.44;8.17;2.84;0.0;5.7;4.16;98.29;97.57;73.36;44.14;73.29;76.0
47323;2021;Mikel Oyarzabal;4.79;8.17;2.78;0.0;6.24;5.58;98.32;98.26;70.51;43.97;84.72;86.8
47323;2022;Mikel Oyarzabal;2.25;2.78;1.31;0.0;4.98;2.47;91.32;74.93;54.48;43.77;51.82;55.67
47323;2023;Mikel Oyarzabal;4.17;3.16;1.77;0.0;4.97;2.86;95.57;78.98;59.06;43.85;54.77;57.54
47323;2024;Mikel Oyarzabal;2.25;2.26;1.45;0.0;5.66;3.01;95.05;69.13;56.51;43.69;60.24;69.95
47323;2025;Mikel Oyarzabal;4.98;7.42;2.0;0.0;7.21;5.33;99.34;96.91;65.29;44.26;92.72;96.25
47324;2015;Sandro Ramírez;0.43;4.29;0.0;0.0;3.16;1.9;52.69;63.27;7.61;46.1;18.74;34.42
47324;2016;Sandro Ramírez;4.88;5.98;0.88;0.0;5.43;4.86;98.71;80.87;44.82;45.75;49.72;79.76
47324;2017;Sandro Ramírez;1.6;4.74;2.38;0.0;5.57;4.65;85.28;69.39;61.04;45.6;48.83;69.84
47324;2018;Sandro Ramírez;1.07;4.38;1.53;0.0;5.08;3.2;76.37;65.44;42.94;46.05;40.87;48.78
47324;2019;Sandro Ramírez;2.73;3.05;0.91;0.0;4.64;4.4;91.55;50.53;33.01;46.17;49.91;69.93
47324;2020;Sandro Ramírez;2.82;2.15;2.07;0.0;6.31;4.86;97.36;70.14;65.07;44.14;84.86;84.36
47324;2021;Sandro Ramírez;1.95;1.84;0.5;0.0;5.16;3.45;90.68;64.95;41.35;43.97;63.2;62.67
47324;2023;Sandro Ramírez;2.68;5.18;1.01;0.0;5.45;4.86;90.46;90.87;48.69;43.85;63.76;85.27
47324;2024;Sandro Ramírez;2.81;4.26;2.49;0.0;6.48;3.42;96.61;88.2;69.95;43.69;73.88;76.73
47326;2016;Roberto Jiménez;0.0;0.12;0.0;0.43;0.86;0.0;14.7;5.27;9.98;92.98;9.89;3.6
47326;2017;Roberto Jiménez;0.0;0.71;0.2;8.88;5.5;0.04;14.99;15.62;23.25;98.92;47.31;9.69
47326;2019;Roberto Jiménez;0.0;0.45;0.12;3.13;4.61;0.1;15.48;12.54;15.93;95.55;49.64;15.12
47326;2020;Roberto Jiménez;0.0;0.1;0.0;6.47;1.1;0.0;22.64;28.71;13.07;96.43;25.36;12.93
47327;2016;Diego López;0.0;0.59;0.0;8.84;4.82;1.11;14.7;11.0;9.98;99.08;37.52;23.94
47327;2017;Diego López;0.0;0.42;0.0;6.64;1.93;0.05;14.99;9.96;9.25;97.49;17.41;11.4
47327;2018;Diego López;0.0;1.06;0.06;10.0;4.79;1.09;13.09;17.98;11.3;100.0;37.1;27.02
47327;2019;Diego López;0.0;0.76;0.03;6.5;2.2;2.44;15.48;17.97;13.79;97.51;32.21;39.5
47327;2021;Diego López;0.0;0.49;0.0;5.73;5.46;0.09;21.72;39.81;14.28;95.44;68.7;31.9
47327;2022;Diego López;0.0;0.01;0.0;5.05;0.0;0.0;21.22;22.9;14.57;94.26;10.71;13.59
47328;2015;Óscar Duarte;0.76;1.56;6.17;0.0;6.61;2.04;67.35;23.1;93.69;46.1;65.49;37.01
47328;2016;Óscar Duarte;0.0;2.29;3.61;0.0;5.01;1.17;14.7;32.81;78.28;45.75;41.04;25.23
47328;2017;Óscar Duarte;0.0;2.08;3.48;0.0;6.67;1.41;14.99;32.5;69.12;45.6;76.03;29.08
47328;2018;Óscar Duarte;0.19;3.36;5.08;0.0;5.87;0.09;33.43;51.41;78.15;46.05;56.5;12.99
47328;2019;Óscar Duarte;0.27;1.56;4.92;0.0;5.23;1.1;41.64;27.31;76.33;46.17;57.38;25.8
47328;2020;Óscar Duarte;0.32;1.62;4.15;0.0;5.63;2.46;64.21;62.79;85.07;44.14;72.14;51.86
47328;2021;Óscar Duarte;0.8;1.28;3.15;0.0;5.66;1.11;74.2;56.17;74.13;43.97;73.86;37.87
47329;2018;Adrià Pedrosa;0.53;3.89;3.55;0.0;5.24;4.61;56.78;59.13;65.35;46.05;42.94;70.9
47329;2019;Adrià Pedrosa;0.95;1.9;2.87;0.0;4.66;4.56;68.51;32.47;56.85;46.17;50.36;72.86
47329;2021;Adrià Pedrosa;0.84;3.66;5.99;0.0;7.37;7.38;75.87;84.58;92.36;43.97;95.44;96.38
47329;2022;Adrià Pedrosa;0.0;2.05;2.29;0.0;3.6;0.82;21.22;66.32;66.95;43.77;37.11;37.25
47329;2023;Adrià Pedrosa;0.66;4.14;4.28;0.0;6.01;3.47;64.45;85.96;82.78;43.85;75.52;66.87
47329;2024;Adrià Pedrosa;0.68;3.04;5.49;0.0;6.39;3.58;75.64;77.88;91.59;43.69;71.91;78.97
47329;2025;Adrià Pedrosa;0.28;2.44;2.2;0.0;2.79;0.69;61.99;71.4;67.35;44.26;37.87;42.21
47330;2017;Naldo;0.0;2.14;6.58;0.0;5.88;1.99;14.99;33.39;91.2;45.6;55.83;33.21
47330;2018;Naldo;0.4;2.9;6.7;0.0;6.09;2.03;49.91;43.22;93.13;46.05;62.62;35.5
47330;2019;Naldo;0.0;3.3;5.51;0.0;0.04;2.36;15.48;54.27;83.45;46.17;23.49;38.35
47332;2018;Lluis López;0.21;1.24;2.58;0.0;3.36;0.85;37.85;20.34;54.05;46.05;21.09;23.07
47332;2019;Lluis López;0.0;1.63;0.79;0.0;0.0;0.6;15.48;28.56;30.07;46.17;11.57;21.0
47333;2015;Javi López;0.07;2.56;4.43;0.0;7.84;4.82;29.96;37.85;80.52;46.1;90.54;81.63
47333;2016;Javi López;0.0;2.73;3.53;0.0;6.61;2.56;14.7;38.82;76.34;45.75;82.16;42.88
47333;2017;Javi López;0.0;3.54;7.44;0.0;7.58;3.67;14.99;51.44;95.87;45.6;93.99;52.42
47333;2018;Javi López;0.1;4.73;7.25;0.0;7.57;5.68;27.97;69.49;96.61;46.05;93.41;86.16
47333;2019;Javi López;0.0;3.9;8.81;0.0;3.65;5.58;15.48;63.61;99.11;46.17;40.21;87.37
47334;2016;David López;0.94;4.03;4.76;0.0;7.25;4.2;67.38;57.95;88.17;45.75;92.79;68.95
47334;2017;David López;0.45;3.36;6.97;0.0;6.43;3.09;55.92;49.37;92.82;45.6;69.57;45.15
47334;2018;David López;0.2;4.54;5.77;0.0;6.68;3.4;34.18;67.33;85.88;46.05;76.08;51.88
47334;2019;David López;1.62;4.58;5.21;0.0;8.2;2.98;82.3;73.84;79.54;46.17;92.88;45.55
47334;2021;David López;0.45;1.0;3.12;0.0;5.15;2.25;64.75;51.54;73.66;43.97;62.94;49.6
47334;2022;David López;1.48;3.42;4.95;0.0;6.62;4.14;85.29;80.67;89.22;43.77;82.21;79.06
47334;2023;David López;1.7;3.61;6.1;0.0;6.25;3.51;82.57;82.09;94.61;43.85;81.47;68.12
47334;2024;David López;0.31;3.46;3.31;0.0;6.29;3.2;61.94;81.14;77.68;43.69;69.88;72.93
47334;2025;David López;0.23;0.91;0.69;0.0;2.72;0.85;59.26;49.56;45.0;44.26;37.21;43.53
47335;2017;Dídac Vila;0.45;3.84;7.71;0.0;6.57;3.68;55.92;56.55;96.77;45.6;72.35;52.6
47335;2018;Dídac Vila;0.63;5.1;7.01;0.0;7.1;3.61;61.68;73.26;95.67;46.05;87.19;54.9
47335;2019;Dídac Vila;0.27;3.48;7.25;0.0;6.94;3.69;41.64;57.83;95.2;46.17;76.87;57.56
47335;2021;Dídac Vila;0.0;0.41;0.61;0.0;3.21;1.22;21.72;36.8;43.36;43.97;36.06;38.81
47336;2015;Sergi Darder;0.21;0.58;0.0;0.0;0.64;0.3;41.19;11.22;7.61;46.1;7.33;17.44
47336;2017;Sergi Darder;0.59;5.92;4.38;0.0;6.24;5.75;63.29;81.33;77.11;45.6;66.07;86.71
47336;2018;Sergi Darder;1.51;6.62;2.84;0.0;6.12;5.2;85.5;84.75;57.16;46.05;63.37;79.1
47336;2019;Sergi Darder;0.98;5.14;3.28;0.0;4.83;3.86;69.48;78.74;61.39;46.17;52.49;61.83
47336;2021;Sergi Darder;1.87;7.08;4.05;0.0;6.49;7.62;90.08;95.98;81.1;43.97;87.33;97.45
47336;2022;Sergi Darder;1.87;8.99;4.81;0.0;8.42;7.18;89.22;98.53;88.38;43.77;98.53;99.02
47336;2023;Sergi Darder;1.7;7.03;3.38;0.0;6.19;6.08;82.57;96.27;74.0;43.85;80.15;93.78
47336;2024;Sergi Darder;0.8;7.34;2.82;0.0;6.78;4.83;79.44;97.56;73.07;43.69;80.33;94.1
47336;2025;Sergi Darder;0.65;6.68;3.07;0.0;6.21;5.5;76.03;94.85;74.19;44.26;78.46;96.62
47337;2015;Esteban Granero;0.43;5.92;3.47;0.0;6.97;4.8;52.69;81.63;71.99;46.1;74.3;81.17
47337;2016;Esteban Granero;0.35;6.35;1.67;0.0;5.08;5.08;42.98;84.47;56.38;45.75;42.7;83.92
47337;2017;Esteban Granero;0.34;5.76;1.91;0.0;5.32;3.41;49.19;79.53;57.09;45.6;44.61;49.1
47337;2018;Esteban Granero;1.0;7.24;4.26;0.0;6.87;7.1;74.01;87.57;71.85;46.05;81.26;97.18
47337;2019;Esteban Granero;2.23;5.66;1.37;0.0;0.0;4.09;88.61;83.72;39.68;46.17;11.57;64.95
47338;2018;Alejandro López;0.0;1.46;0.74;0.0;1.74;0.69;13.09;22.98;27.87;46.05;13.56;20.34
47339;2016;Óscar Melendo;0.0;1.51;0.1;0.0;4.7;2.89;14.7;22.37;23.29;45.75;35.58;45.93
47339;2017;Óscar Melendo;0.23;4.1;0.38;0.0;4.64;3.65;44.34;59.78;29.89;45.6;34.65;51.97
47339;2018;Óscar Melendo;0.33;7.35;1.14;0.0;5.87;6.27;46.14;88.7;34.65;46.05;56.5;92.28
47339;2019;Óscar Melendo;0.0;3.6;0.91;0.0;7.16;4.24;15.48;60.05;33.01;46.17;81.14;67.44
47339;2021;Óscar Melendo;0.0;2.15;0.63;0.0;5.26;5.76;21.72;69.5;44.17;43.97;65.35;88.34
47339;2023;Óscar Melendo;0.21;1.41;1.03;0.0;5.39;4.27;48.76;54.63;48.82;43.85;63.21;77.87
47340;2015;Pablo Piatti;0.4;3.05;0.23;0.0;6.28;3.68;51.39;46.1;23.01;46.1;56.96;62.99
47340;2016;Pablo Piatti;2.85;8.86;0.98;0.0;6.72;4.03;93.53;94.92;46.95;45.75;85.03;64.79
47340;2017;Pablo Piatti;0.7;7.48;2.13;0.0;6.61;4.73;66.97;90.13;59.61;45.6;74.15;71.63
47340;2018;Pablo Piatti;0.86;3.82;1.7;0.0;5.62;4.12;70.06;58.76;45.1;46.05;52.07;63.94
47340;2019;Pablo Piatti;0.0;0.73;0.39;0.0;0.0;0.55;15.48;17.44;21.89;46.17;11.57;20.28
47340;2020;Pablo Piatti;0.69;1.35;1.55;0.0;4.41;2.54;77.5;56.5;59.0;44.14;50.36;53.0
47340;2021;Pablo Piatti;0.19;0.55;0.82;0.0;4.03;1.65;53.15;40.88;47.86;43.97;45.04;43.16
47341;2016;Marc Roca;0.28;3.99;1.11;0.0;5.12;4.59;40.57;56.93;50.28;45.75;43.53;75.42
47341;2017;Marc Roca;0.0;3.76;1.93;0.0;2.82;1.5;14.99;54.67;57.63;45.6;19.75;29.62
47341;2018;Marc Roca;0.68;6.22;5.68;0.0;6.65;5.5;64.88;82.86;84.56;46.05;75.05;83.43
47341;2019;Marc Roca;0.7;5.77;6.28;0.0;5.15;3.83;59.7;84.52;89.68;46.17;56.76;61.12
47341;2023;Marc Roca;1.32;3.99;4.87;0.0;5.71;4.04;77.87;84.65;88.45;43.85;68.95;75.38
47341;2024;Marc Roca;1.23;5.23;5.32;0.0;5.55;2.97;87.92;91.59;90.64;43.69;58.07;69.0
47341;2025;Marc Roca;0.51;3.32;4.37;0.0;5.43;3.69;72.65;80.15;83.53;44.26;68.09;85.51
47342;2015;Víctor Sánchez;0.74;6.59;4.09;0.0;7.76;4.69;66.05;85.06;77.46;46.1;89.52;79.59
47342;2016;Víctor Sánchez;0.35;4.83;5.7;0.0;7.37;2.82;42.98;68.48;93.62;45.75;94.09;45.29
47342;2017;Víctor Sánchez;0.07;3.0;7.33;0.0;8.12;4.13;30.79;44.17;95.06;45.6;97.13;60.95
47342;2018;Víctor Sánchez;0.18;3.76;3.53;0.0;6.32;3.38;32.77;58.19;65.07;46.05;68.08;51.13
47342;2019;Víctor Sánchez;0.11;5.99;6.6;0.0;2.22;4.77;32.21;86.12;91.81;46.17;33.01;76.51
47343;2018;Alfa Semedo;0.0;1.1;0.37;0.0;1.02;0.81;13.09;19.21;20.53;46.05;10.26;22.03
47344;2019;Víctor Campuzano;0.82;0.89;1.12;0.0;4.51;3.02;64.41;19.75;36.57;46.17;48.58;46.44
47346;2018;Facundo Ferreyra;0.64;0.71;0.09;0.0;3.61;0.2;62.81;12.9;12.81;46.05;22.79;16.48
47346;2019;Facundo Ferreyra;1.2;1.39;0.69;0.0;0.0;2.78;75.44;24.73;26.87;46.17;11.57;43.24
47346;2020;Facundo Ferreyra;0.62;0.02;0.32;0.0;3.57;0.2;75.36;23.29;36.14;44.14;39.43;33.0
47347;2017;Sergio García;1.34;5.26;0.45;0.0;4.96;4.07;81.06;75.22;31.42;45.6;38.69;59.69
47347;2018;Sergio García;1.18;4.76;1.17;0.0;5.25;3.81;80.51;70.62;36.16;46.05;43.13;58.57
47348;2018;Borja Iglesias;4.22;5.71;1.17;0.0;6.16;4.04;98.49;79.19;36.16;46.05;64.31;61.68
47348;2019;Borja Iglesias;1.41;2.82;0.59;0.0;5.71;3.43;79.18;46.62;24.82;46.17;62.54;53.29
47348;2020;Borja Iglesias;2.51;0.74;0.18;0.0;4.36;3.04;96.5;45.14;32.29;44.14;49.29;60.0
47348;2021;Borja Iglesias;3.08;1.68;0.44;0.0;4.49;3.52;95.17;61.86;39.81;43.97;51.27;63.81
47348;2022;Borja Iglesias;4.81;3.18;0.32;0.0;5.72;3.57;98.81;78.85;37.32;43.77;64.5;70.66
47348;2023;Borja Iglesias;0.0;2.54;0.02;0.0;3.05;1.22;21.85;72.75;27.59;43.85;34.3;40.32
47348;2024;Borja Iglesias;3.05;2.62;0.89;0.0;4.86;2.71;97.01;73.47;49.32;43.69;48.3;66.08
47348;2025;Borja Iglesias;3.45;3.54;0.61;0.0;4.8;3.62;96.99;81.91;43.53;44.26;58.24;84.04
47349;2018;Javi Puado;0.29;1.95;0.91;0.0;3.48;3.24;43.88;29.38;31.26;46.05;22.22;49.34
47349;2021;Javi Puado;1.95;3.27;2.21;0.0;5.52;5.79;90.68;81.9;64.61;43.97;70.17;88.61
47349;2022;Javi Puado;2.86;3.18;1.55;0.0;5.44;3.86;94.19;78.85;58.26;43.77;58.96;75.77
47349;2024;Javi Puado;3.17;3.41;1.48;0.0;5.49;3.39;97.63;80.66;56.99;43.69;57.33;75.78
47349;2025;Javi Puado;2.99;4.24;1.25;0.0;4.17;2.63;95.96;86.32;54.34;44.26;50.37;70.81
47350;2019;Wu Lei;1.95;2.5;0.94;0.0;5.55;3.8;86.03;39.86;34.07;46.17;60.94;60.32
47350;2021;Wu Lei;0.55;0.76;0.36;0.0;2.67;0.75;67.29;46.72;38.47;43.97;33.24;36.13
47352;2016;Fernando Pacheco;0.0;0.8;0.12;10.0;4.93;1.1;14.7;14.23;24.31;99.72;39.37;23.38
47352;2017;Fernando Pacheco;0.0;0.5;0.18;10.0;4.59;1.08;14.99;12.21;22.53;99.73;34.11;24.96
47352;2018;Fernando Pacheco;0.0;0.91;0.0;5.99;4.71;0.06;13.09;15.35;4.99;97.36;35.4;11.77
47352;2019;Fernando Pacheco;0.0;0.9;0.0;10.0;0.0;0.02;15.48;20.02;6.58;99.82;11.57;9.34
47352;2020;Fernando Pacheco;0.0;0.34;0.17;4.29;4.67;0.04;22.64;34.43;31.71;91.57;54.93;28.36
47352;2021;Fernando Pacheco;0.0;0.57;0.1;9.76;4.77;0.01;21.72;41.42;31.03;98.93;55.97;27.28
47352;2022;Fernando Pacheco;0.0;0.54;0.05;6.07;2.33;0.05;21.22;39.92;29.62;95.66;30.11;31.37
47352;2024;Fernando Pacheco;0.0;0.0;0.0;5.0;0.0;0.0;22.46;11.53;15.2;93.28;11.06;13.7
47353;2017;Antonio Sivera;0.0;0.02;0.0;0.58;0.0;0.0;14.99;0.63;9.25;92.28;0.99;4.67
47353;2018;Antonio Sivera;0.0;0.51;0.0;1.52;0.68;0.0;13.09;8.66;4.99;93.41;7.72;3.58
47353;2019;Antonio Sivera;0.0;0.17;0.0;1.12;0.0;0.0;15.48;5.78;6.58;93.59;11.57;4.63
47353;2020;Antonio Sivera;0.0;0.0;0.0;6.5;1.26;0.0;22.64;10.43;13.07;96.71;25.86;12.93
47353;2021;Antonio Sivera;0.0;0.04;0.0;8.38;0.01;0.0;21.72;26.47;14.28;97.86;22.12;13.4
47353;2023;Antonio Sivera;0.0;0.73;0.0;6.35;4.53;0.03;21.85;44.4;13.69;96.54;48.27;27.25
47353;2024;Antonio Sivera;0.0;0.44;0.0;5.41;5.39;0.08;22.46;39.15;15.2;94.84;55.97;34.67
47353;2025;Antonio Sivera;0.0;0.28;0.21;5.6;4.73;0.0;24.41;34.41;35.88;96.62;57.43;15.22
47354;2017;Martín Aguirregabiria;0.1;5.04;7.64;0.0;6.72;4.03;33.57;72.35;96.59;45.6;77.83;58.44
47354;2018;Martín Aguirregabiria;0.0;2.25;4.98;0.0;6.41;5.51;13.09;32.67;77.97;46.05;70.06;83.9
47354;2019;Martín Aguirregabiria;0.26;2.58;4.71;0.0;7.31;4.08;39.32;41.37;74.02;46.17;84.25;64.59
47354;2020;Martín Aguirregabiria;0.0;1.66;3.21;0.0;5.03;1.47;22.64;63.21;76.71;44.14;60.86;42.36
47354;2021;Martín Aguirregabiria;0.0;1.91;3.62;0.0;5.75;5.03;21.72;66.69;77.75;43.97;75.74;81.7
47355;2015;Rubén Duarte;0.19;3.46;5.75;0.0;6.87;1.47;37.38;52.6;91.65;46.1;71.24;29.5
47355;2016;Rubén Duarte;0.0;0.09;2.15;0.0;0.88;0.0;14.7;3.97;62.57;45.75;10.17;3.6
47355;2017;Rubén Duarte;0.0;4.66;5.06;0.0;7.46;4.35;14.99;67.59;82.23;45.6;92.37;64.63
47355;2018;Rubén Duarte;0.52;4.09;6.25;0.0;7.26;3.15;55.56;61.96;91.05;46.05;90.4;47.93
47355;2019;Rubén Duarte;0.7;3.1;6.92;0.0;7.46;2.64;59.7;50.89;93.42;46.17;85.77;41.64
47355;2020;Rubén Duarte;0.28;4.34;7.63;0.0;6.73;2.51;61.93;89.86;99.0;44.14;91.07;52.64
47355;2021;Rubén Duarte;0.26;3.85;8.59;0.0;7.24;3.4;56.43;85.39;98.53;43.97;94.17;61.86
47355;2023;Rubén Duarte;1.02;2.46;4.17;0.0;6.15;3.21;73.93;71.92;81.19;43.85;78.56;63.07
47356;2016;Rodrigo Ely;0.68;2.56;2.23;0.0;6.17;1.45;57.86;36.6;63.12;45.75;70.15;29.21
47356;2017;Rodrigo Ely;0.41;1.63;5.84;0.0;7.2;2.7;51.44;27.11;87.25;45.6;88.15;39.32
47356;2018;Rodrigo Ely;0.21;1.44;4.14;0.0;3.92;0.1;37.85;22.79;70.06;46.05;26.93;14.12
47356;2019;Rodrigo Ely;0.65;1.92;5.79;0.0;4.4;2.67;57.92;32.74;84.7;46.17;47.33;42.08
47356;2020;Rodrigo Ely;0.71;1.13;2.14;0.0;4.96;1.19;78.21;52.71;66.36;44.14;59.79;41.0
47356;2022;Rodrigo Ely;0.16;1.91;5.41;0.0;7.18;3.32;48.39;64.57;92.09;43.77;89.08;67.86
47357;2016;Víctor Laguardia;0.6;3.02;5.2;0.0;5.85;2.08;54.25;42.51;90.3;45.75;60.72;36.69
47357;2017;Víctor Laguardia;0.74;1.39;7.35;0.0;6.59;1.24;67.5;24.42;95.33;45.6;73.16;27.38
47357;2018;Víctor Laguardia;0.36;2.43;6.25;0.0;6.14;0.19;47.46;35.78;91.05;46.05;63.94;16.01
47357;2019;Víctor Laguardia;0.35;2.98;4.79;0.0;7.69;2.06;46.26;49.02;75.09;46.17;87.9;35.59
47357;2020;Víctor Laguardia;0.19;1.23;3.39;0.0;5.19;0.15;54.5;54.29;78.36;44.14;64.64;32.71
47357;2021;Víctor Laguardia;0.89;1.63;4.86;0.0;5.64;0.09;77.75;61.06;85.72;43.97;73.19;31.9
47358;2015;Adrián Marín;0.19;3.79;5.07;0.0;7.58;4.11;37.38;57.05;86.18;46.1;85.9;71.61
47358;2016;Adrián Marín;0.53;2.75;2.61;0.0;5.56;2.08;52.22;39.0;67.65;45.75;52.77;36.69
47358;2017;Adrián Marín;0.0;0.97;0.25;0.0;1.55;0.66;14.99;19.21;25.22;45.6;16.52;21.54
47358;2018;Adrián Marín;0.0;0.52;3.02;0.0;3.29;0.66;13.09;8.95;59.98;46.05;20.9;19.96
47358;2019;Adrián Marín;0.0;2.91;6.59;0.0;8.78;3.37;15.48;48.22;91.64;46.17;96.44;52.4
47358;2020;Adrián Marín;0.0;0.49;0.64;0.0;3.35;1.29;22.64;39.36;43.79;44.14;37.43;41.57
47359;2015;Carlos Vigaray;0.76;3.14;3.11;0.0;6.79;2.88;67.35;46.94;68.37;46.1;69.57;48.52
47359;2016;Carlos Vigaray;0.0;3.62;3.07;0.0;4.22;2.22;14.7;52.31;70.79;45.75;30.04;38.91
47359;2017;Carlos Vigaray;0.17;1.7;2.67;0.0;6.14;2.12;37.79;27.65;63.11;45.6;64.09;35.01
47359;2018;Carlos Vigaray;0.0;2.62;2.93;0.0;4.92;1.96;13.09;38.89;58.47;46.05;38.7;34.37
47360;2017;Ximo Navarro;0.07;3.29;7.33;0.0;7.47;7.16;30.79;48.65;95.06;45.6;93.09;95.69
47360;2018;Ximo Navarro;0.49;3.17;6.39;0.0;6.93;4.78;54.61;48.21;91.9;46.05;83.15;74.67
47360;2019;Ximo Navarro;0.12;1.87;8.64;0.0;3.74;3.49;33.01;31.58;98.93;46.17;40.93;53.91
47360;2020;Ximo Navarro;0.33;1.47;6.14;0.0;6.05;3.99;64.93;58.93;97.0;44.14;79.71;74.0
47360;2021;Ximo Navarro;0.37;0.99;4.96;0.0;5.61;3.03;61.6;51.21;86.46;43.97;72.18;57.51
47361;2016;Darko Brašanac;0.45;4.06;0.61;0.0;5.8;3.43;48.52;58.41;39.0;45.75;58.96;55.08
47361;2017;Darko Brašanac;0.81;4.41;1.98;0.0;5.72;3.31;69.75;63.91;58.08;45.6;52.06;47.4
47361;2018;Darko Brašanac;0.1;3.34;2.48;0.0;5.82;4.49;27.97;51.13;53.48;46.05;55.18;68.55
47361;2019;Darko Brašanac;0.7;4.32;4.31;0.0;6.17;2.92;59.7;70.91;70.28;46.17;68.42;45.11
47361;2020;Darko Brašanac;0.89;1.16;1.38;0.0;4.75;2.63;83.0;53.0;56.21;44.14;56.64;54.36
47361;2021;Darko Brašanac;0.57;4.08;3.68;0.0;5.4;4.35;67.76;86.73;78.02;43.97;67.76;74.4
47361;2022;Darko Brašanac;0.63;1.52;3.12;0.0;5.8;2.47;70.17;57.91;74.37;43.77;66.18;55.67
47361;2023;Darko Brašanac;0.0;0.34;0.19;0.0;1.87;0.0;21.85;33.2;32.02;43.85;28.49;12.86
47361;2024;Darko Brašanac;0.33;1.6;3.34;0.0;5.04;1.36;63.36;60.52;77.95;43.69;50.81;47.01
47362;2015;Burgui;1.07;4.73;0.62;0.0;5.89;4.91;77.64;68.55;37.29;46.1;47.12;83.67
47362;2016;Burgui;1.9;5.83;0.56;0.0;6.33;6.44;85.21;79.02;36.97;45.75;75.32;95.01
47362;2017;Burgui;0.55;4.39;0.92;0.0;4.96;4.86;60.23;63.64;41.47;45.6;38.69;73.43
47362;2018;Burgui;0.53;4.55;0.71;0.0;5.19;3.19;56.78;67.7;27.5;46.05;42.37;48.4
47362;2019;Burgui;0.0;0.08;0.0;0.0;0.0;0.05;15.48;3.65;6.58;46.17;11.57;11.74
47362;2020;Burgui;0.0;0.01;0.36;0.0;3.42;0.03;22.64;21.64;36.86;44.14;37.86;27.36
47363;2016;Manu García;1.18;3.47;2.21;0.0;7.68;3.65;74.03;49.91;62.85;45.75;97.23;59.52
47363;2017;Manu García;0.98;3.58;2.47;0.0;8.87;5.48;73.61;52.33;61.76;45.6;99.28;82.5
47363;2018;Manu García;0.5;3.05;4.03;0.0;8.13;4.6;55.08;45.57;69.3;46.05;97.74;70.43
47363;2019;Manu García;0.55;1.61;4.62;0.0;4.85;3.5;53.91;27.94;72.69;46.17;52.94;54.09
47363;2020;Manu García;0.08;0.97;1.73;0.0;5.78;2.81;48.57;50.21;61.5;44.14;74.71;56.86
47365;2015;Tomás Pina;0.15;3.16;3.62;0.0;7.14;4.34;35.9;47.12;73.56;46.1;79.22;74.4
47365;2017;Tomás Pina;0.35;3.19;5.51;0.0;7.06;5.66;49.73;47.31;85.28;45.6;84.65;85.1
47365;2018;Tomás Pina;0.53;5.34;5.88;0.0;7.61;4.3;56.78;75.99;87.38;46.05;93.88;66.2
47365;2019;Tomás Pina;0.41;2.59;4.65;0.0;7.52;4.97;48.22;41.73;73.4;46.17;86.3;79.54
47365;2020;Tomás Pina;0.21;1.58;4.64;0.0;6.16;4.89;55.93;61.79;89.29;44.14;81.21;84.93
47365;2021;Tomás Pina;0.08;0.61;3.44;0.0;5.61;3.02;45.17;42.9;76.41;43.97;72.18;57.37
47366;2015;Jony;1.79;7.41;1.79;0.0;6.55;5.09;86.92;89.8;55.01;46.1;62.89;85.9
47366;2016;Jony;1.23;4.67;1.09;0.0;4.84;4.08;75.14;66.17;50.0;45.75;37.99;65.99
47366;2017;Jony;0.42;2.42;0.11;0.0;2.01;1.56;53.23;37.52;21.18;45.6;18.31;30.16
47366;2018;Jony;1.96;10.0;1.57;0.0;5.43;5.62;90.58;98.59;43.6;46.05;47.46;85.12
47366;2020;Jony;0.36;3.51;1.44;0.0;3.76;3.35;66.14;85.71;57.14;44.14;41.86;63.71
47367;2018;Álex Blanco;0.0;0.21;0.09;0.0;0.45;0.35;13.09;4.61;12.81;46.05;5.74;18.08
47367;2020;Álex Blanco;0.26;0.91;0.7;0.0;2.78;1.69;59.14;48.86;45.36;44.14;33.29;44.29
47367;2021;Álex Blanco;0.0;0.0;0.0;0.0;0.0;0.0;21.72;10.86;14.28;43.97;10.99;13.4
47368;2017;Jonathan Calleri;2.6;4.05;0.2;0.0;7.8;4.97;94.43;58.53;23.25;45.6;95.15;74.69
47368;2018;Jonathan Calleri;2.39;4.52;1.16;0.0;10.0;6.25;92.84;66.67;35.4;46.05;100.0;91.62
47368;2019;Jonathan Calleri;1.52;3.55;1.0;0.0;4.23;5.22;81.14;59.07;35.05;46.17;45.91;83.19
47368;2020;Jonathan Calleri;2.23;2.05;0.91;0.0;7.55;3.93;95.0;69.29;49.93;44.14;96.71;73.0
47369;2019;Paulino De la Fuente;0.0;0.31;0.15;0.0;0.17;0.66;15.48;8.63;16.73;46.17;25.09;21.53
47370;2015;Borja Bastón;4.77;3.21;0.0;0.0;5.95;2.46;97.77;47.87;7.61;46.1;48.7;41.93
47370;2017;Borja Bastón;1.47;1.62;0.0;0.0;4.5;1.6;83.66;26.84;9.25;45.6;32.59;30.7
47370;2018;Borja Bastón;1.58;1.97;0.6;0.0;5.26;2.66;86.72;29.76;25.24;46.05;43.31;41.24
47371;2015;John Guidetti;1.96;2.68;0.0;0.0;4.33;2.65;89.61;39.8;7.61;46.1;26.72;44.53
47371;2016;John Guidetti;1.66;3.63;0.0;0.0;3.84;1.5;81.79;52.5;9.98;45.75;25.42;30.13
47371;2017;John Guidetti;1.36;3.41;0.2;0.0;3.36;2.33;81.87;50.18;23.25;45.6;22.89;35.73
47371;2018;John Guidetti;0.88;2.66;0.0;0.0;3.39;0.83;71.56;39.45;4.99;46.05;21.47;22.41
47371;2019;John Guidetti;0.0;0.72;0.45;0.0;0.0;1.5;15.48;17.17;23.49;46.17;11.57;30.52
47371;2020;John Guidetti;0.21;0.15;0.14;0.0;2.31;0.03;55.93;29.57;29.86;44.14;30.57;27.36
47371;2021;John Guidetti;0.24;0.69;0.06;0.0;2.51;2.36;55.36;45.38;30.29;43.97;32.57;50.54
47373;2017;Diego Rolán;2.17;4.35;1.48;0.0;6.98;5.97;90.84;63.02;51.17;45.6;83.57;89.77
47373;2018;Diego Rolán;0.21;1.97;1.02;0.0;4.24;3.62;37.85;29.76;33.33;46.05;29.94;55.18
47374;2018;Patrick Twumasi;0.39;1.8;0.39;0.0;2.84;0.93;48.96;28.63;20.9;46.05;18.64;24.48
47375;2016;Markel Areitio;0.0;0.05;0.0;0.45;0.0;0.0;14.7;2.5;9.98;93.16;1.39;3.6
47376;2015;Asier Riesgo;0.0;0.37;0.28;5.83;6.14;0.12;14.66;6.96;25.97;96.85;52.6;14.01
47376;2016;Asier Riesgo;0.0;0.36;0.0;4.56;3.4;0.09;14.7;8.32;9.98;95.75;22.37;11.09
47376;2017;Asier Riesgo;0.0;0.03;0.0;0.6;0.27;0.0;14.99;1.17;9.25;92.46;5.21;4.67
47376;2018;Asier Riesgo;0.0;0.52;0.06;4.1;2.12;0.0;13.09;8.95;11.3;94.92;14.41;3.58
47377;2015;Anaitz Arbilla;0.43;3.86;2.66;0.0;5.42;2.85;52.69;58.26;64.56;46.1;38.78;48.05
47377;2016;Anaitz Arbilla;0.2;3.99;5.34;0.0;6.82;4.79;35.03;56.93;91.13;45.75;86.88;79.11
47377;2017;Anaitz Arbilla;0.58;4.05;8.29;0.0;6.26;5.84;62.84;58.53;98.03;45.6;66.61;88.06
47377;2018;Anaitz Arbilla;0.26;3.42;6.31;0.0;6.2;2.54;42.75;52.73;91.71;46.05;66.01;39.64
47377;2019;Anaitz Arbilla;0.45;2.89;5.27;0.0;2.22;3.81;49.56;47.6;80.43;46.17;33.01;60.5
47377;2020;Anaitz Arbilla;0.14;2.93;7.23;0.0;6.67;5.58;52.07;81.07;98.57;44.14;90.43;92.21
47378;2015;Pedro Bigas;0.87;3.4;10.0;0.0;7.11;5.41;71.71;51.48;100.0;46.1;78.57;89.33
47378;2016;Pedro Bigas;1.05;4.51;6.87;0.0;6.4;4.42;70.79;64.51;98.15;45.75;77.45;72.74
47378;2017;Pedro Bigas;0.17;4.85;3.57;0.0;5.86;5.03;37.79;70.29;70.2;45.6;55.03;75.31
47378;2018;Pedro Bigas;0.0;3.34;2.62;0.0;4.87;0.2;13.09;51.13;54.43;46.05;37.85;16.48
47378;2019;Pedro Bigas;1.3;1.53;6.01;0.0;10.0;0.41;76.96;27.05;87.81;46.17;99.91;19.13
47378;2020;Pedro Bigas;0.0;0.62;2.99;0.0;5.29;1.02;22.64;42.43;75.14;44.14;66.07;37.29
47378;2021;Pedro Bigas;0.62;2.2;5.12;0.0;6.12;1.67;69.17;70.44;87.27;43.97;82.84;43.36
47378;2022;Pedro Bigas;0.71;0.92;5.54;0.0;7.06;2.96;71.92;47.83;92.79;43.77;87.18;63.17
47378;2025;Pedro Bigas;0.11;4.99;5.86;0.0;6.65;2.35;51.18;89.12;91.84;44.26;85.15;67.28
47379;2018;Jordi Calavera;0.0;0.0;0.0;0.0;0.0;0.0;13.09;0.47;4.99;46.05;0.56;3.58
47380;2018;Marc Cucurella;0.29;6.17;3.95;0.0;5.96;3.43;43.88;82.11;68.55;46.05;59.13;52.35
47380;2019;Marc Cucurella;0.59;7.55;5.5;0.0;6.41;4.28;55.52;92.35;83.19;46.17;71.0;67.97
47380;2020;Marc Cucurella;0.88;4.98;5.59;0.0;7.61;4.03;82.57;92.71;93.71;44.14;97.07;74.29
47380;2021;Marc Cucurella;0.0;0.48;0.0;0.0;0.28;0.35;21.72;39.48;14.28;43.97;24.2;34.05
47382;2015;Iván Ramis;0.1;2.61;4.91;0.0;7.03;3.73;31.82;38.78;84.51;46.1;75.7;63.91
47382;2016;Iván Ramis;1.23;2.17;5.74;0.0;6.89;1.57;75.14;31.24;94.09;45.75;87.43;30.68
47382;2017;Iván Ramis;1.7;2.8;4.56;0.0;7.06;3.29;86.0;41.74;78.37;45.6;84.65;46.86
47382;2018;Iván Ramis;0.32;2.28;3.73;0.0;7.01;3.19;45.39;33.15;67.33;46.05;85.12;48.4
47382;2019;Iván Ramis;1.09;1.89;0.82;0.0;0.0;2.28;72.69;32.12;30.6;46.17;11.57;37.19
47383;2017;Paulo Oliveira;0.24;2.25;8.9;0.0;6.82;2.06;44.88;35.64;98.74;45.6;80.43;34.29
47383;2018;Paulo Oliveira;0.15;1.52;6.47;0.0;6.89;1.12;31.73;24.2;92.28;46.05;81.73;27.68
47383;2019;Paulo Oliveira;0.64;1.42;6.89;0.0;7.97;2.46;57.21;25.53;93.24;46.17;90.93;39.86
47383;2020;Paulo Oliveira;0.21;1.21;6.84;0.0;6.78;3.07;55.93;54.14;98.14;44.14;91.57;60.43
47384;2016;José Ángel;0.0;5.99;3.51;0.0;4.95;4.65;14.7;81.15;75.88;45.75;39.65;76.89
47384;2017;José Ángel;0.0;9.06;4.61;0.0;6.79;5.4;14.99;94.43;79.08;45.6;79.71;81.15
47384;2018;José Ángel;0.38;8.07;5.45;0.0;6.91;5.95;48.4;91.71;82.67;46.05;82.49;88.89
47384;2019;José Ángel;0.88;5.44;7.04;0.0;8.16;5.83;66.99;81.32;94.04;46.17;92.44;89.86
47384;2020;José Ángel;0.0;2.69;3.04;0.0;5.51;4.43;22.64;78.36;75.43;44.14;70.29;79.36
47384;2021;José Ángel;0.42;1.6;1.89;0.0;4.77;5.26;64.01;60.72;61.93;43.97;55.97;83.45
47385;2015;Sergio Álvarez;0.56;4.51;3.3;0.0;8.96;4.77;58.44;65.49;70.5;46.1;98.7;80.61
47385;2016;Sergio Álvarez;0.56;4.36;3.4;0.0;8.0;4.34;53.33;63.03;74.31;45.75;98.06;71.26
47385;2018;Sergio Álvarez;0.0;2.31;5.19;0.0;6.19;1.09;13.09;33.9;80.41;46.05;65.25;27.02
47385;2019;Sergio Álvarez;0.0;2.27;5.82;0.0;6.94;4.29;15.48;36.57;85.23;46.17;76.87;68.15
47385;2020;Sergio Álvarez;0.12;1.04;3.56;0.0;5.59;3.73;50.29;51.36;80.43;44.14;71.5;69.29
47386;2018;Pablo De Blasis;1.12;5.23;2.39;0.0;5.52;2.94;78.53;74.11;52.35;46.05;49.15;44.26
47386;2019;Pablo De Blasis;0.91;4.51;4.05;0.0;6.94;3.57;67.88;73.4;68.06;46.17;76.87;55.43
47387;2015;Papakouli Diop;1.0;2.35;5.33;0.0;8.52;4.6;75.97;35.71;88.68;46.1;97.22;78.2
47387;2016;Papakouli Diop;0.0;1.64;2.82;0.0;5.54;3.33;14.7;24.4;69.69;45.75;52.5;53.14
47387;2017;Papakouli Diop;0.07;2.23;2.16;0.0;4.74;2.38;30.79;34.92;59.87;45.6;36.0;36.36
47387;2018;Papakouli Diop;0.56;3.43;5.42;0.0;8.53;5.63;58.47;52.92;82.39;46.05;99.06;85.31
47387;2019;Papakouli Diop;0.73;3.22;4.92;0.0;8.27;1.84;61.03;52.49;76.33;46.17;93.59;32.92
47387;2020;Papakouli Diop;0.75;2.03;4.64;0.0;6.7;3.6;80.43;68.79;89.29;44.14;90.64;68.0
47388;2015;Gonzalo Escalante;0.71;3.33;4.74;0.0;8.39;5.14;65.49;49.72;82.65;46.1;95.92;87.2
47388;2016;Gonzalo Escalante;0.75;2.81;2.57;0.0;6.42;4.15;61.55;39.83;67.19;45.75;78.1;68.02
47388;2017;Gonzalo Escalante;0.52;2.81;4.81;0.0;6.79;4.55;59.07;42.1;81.06;45.6;79.71;67.41
47388;2018;Gonzalo Escalante;1.25;3.09;2.98;0.0;6.23;5.33;82.02;46.61;59.42;46.05;66.76;80.98
47388;2019;Gonzalo Escalante;0.59;3.04;6.16;0.0;0.0;5.09;55.52;50.36;88.61;46.17;11.57;80.96
47388;2021;Gonzalo Escalante;3.26;1.93;5.83;0.0;7.33;4.95;95.58;67.02;91.82;43.97;94.64;81.23
47388;2022;Gonzalo Escalante;2.86;3.6;7.47;0.0;8.2;4.53;94.19;82.21;98.32;43.77;97.48;84.17
47388;2023;Gonzalo Escalante;0.64;2.38;4.58;0.0;5.61;2.03;64.04;70.89;86.1;43.85;66.53;47.72
47389;2015;Joan Jordán;1.29;6.33;2.24;0.0;5.86;3.3;82.37;83.67;59.93;46.1;46.1;56.77
47389;2017;Joan Jordán;1.73;7.41;1.66;0.0;5.73;5.7;86.36;89.5;54.31;45.6;52.42;86.0
47389;2018;Joan Jordán;1.53;10.0;3.64;0.0;7.07;6.75;85.78;98.59;66.38;46.05;86.72;95.67
47389;2019;Joan Jordán;0.88;8.45;4.97;0.0;7.39;6.37;66.99;94.84;77.14;46.17;84.61;92.88
47389;2020;Joan Jordán;0.4;8.18;3.74;0.0;6.3;5.89;67.71;97.71;82.14;44.14;84.5;93.86
47389;2021;Joan Jordán;0.08;4.84;5.19;0.0;5.68;5.06;45.17;91.02;87.94;43.97;74.66;81.9
47389;2022;Joan Jordán;0.32;3.08;3.77;0.0;5.37;2.8;59.17;77.8;80.53;43.77;57.84;61.62
47389;2023;Joan Jordán;0.13;0.55;0.85;0.0;3.68;1.26;46.06;39.56;46.54;43.85;39.28;41.49
47389;2024;Joan Jordán;1.44;5.66;2.88;0.0;5.96;3.5;89.69;93.22;73.68;43.69;64.59;78.22
47389;2025;Joan Jordán;0.0;0.18;0.0;0.0;0.24;0.0;24.41;31.84;15.81;44.26;26.62;15.22
47390;2015;Fabián Orellana;2.46;10.0;1.28;0.0;8.31;7.35;93.14;98.24;48.7;46.1;95.18;99.26
47390;2016;Fabián Orellana;1.69;6.5;1.31;0.0;4.85;4.42;82.16;85.49;53.05;45.75;38.35;72.74
47390;2017;Fabián Orellana;1.35;8.91;0.49;0.0;6.85;5.52;81.42;93.54;32.14;45.6;81.42;83.12
47390;2018;Fabián Orellana;1.88;8.49;1.93;0.0;7.72;7.23;89.55;94.07;48.78;46.05;94.73;97.36
47390;2019;Fabián Orellana;3.38;9.53;2.52;0.0;0.0;7.42;96.35;96.62;53.91;46.17;11.57;97.86
47390;2020;Fabián Orellana;2.1;4.82;2.33;0.0;6.31;4.64;94.43;91.64;68.57;44.14;84.86;81.64
47391;2016;Rubén Peña;0.64;1.56;1.0;0.0;4.34;3.29;56.1;23.11;47.87;45.75;30.87;51.57
47391;2017;Rubén Peña;0.3;3.82;4.67;0.0;5.66;4.06;47.49;56.28;79.71;45.6;50.72;59.25
47391;2018;Rubén Peña;0.43;7.76;6.17;0.0;7.28;7.36;51.6;90.4;89.92;46.05;90.58;97.74
47391;2019;Rubén Peña;0.73;5.55;5.8;0.0;7.42;4.35;61.03;82.56;84.96;46.17;85.14;69.04
47391;2020;Rubén Peña;0.36;1.57;2.92;0.0;5.97;5.54;66.14;61.21;74.14;44.14;77.29;91.64
47391;2021;Rubén Peña;0.23;0.34;0.52;0.0;2.33;1.61;54.22;34.32;41.76;43.97;31.57;42.76
47391;2022;Rubén Peña;0.25;2.44;5.29;0.0;6.56;5.22;54.69;70.73;90.83;43.77;81.65;91.32
47391;2023;Rubén Peña;0.62;4.31;5.56;0.0;6.34;5.68;63.35;87.55;92.81;43.85;82.92;91.49
47391;2024;Rubén Peña;0.19;1.49;0.82;0.0;3.97;2.68;54.61;58.89;47.63;43.69;40.98;64.86
47392;2015;Pedro León;1.04;6.14;1.12;0.0;6.84;5.59;76.72;82.75;47.03;46.1;70.5;91.09
47392;2016;Pedro León;3.53;10.0;2.09;0.0;5.94;4.91;95.93;98.61;61.37;45.75;63.68;80.59
47392;2017;Pedro León;1.4;10.0;2.9;0.0;5.89;5.59;82.5;98.03;65.08;45.6;56.28;83.66
47392;2018;Pedro León;0.86;2.45;1.64;0.0;4.47;0.94;70.06;36.53;44.26;46.05;32.77;24.76
47392;2019;Pedro León;1.41;6.2;3.01;0.0;5.56;4.47;79.18;87.28;58.01;46.17;61.21;71.0
47392;2020;Pedro León;0.44;2.44;0.67;0.0;4.38;4.06;68.64;74.93;44.64;44.14;50.0;74.71
47393;2018;Marc Cardona;1.88;2.66;0.69;0.0;4.71;2.22;89.55;39.45;27.12;46.05;35.4;37.66
47393;2019;Marc Cardona;0.86;3.67;0.0;0.0;3.46;3.3;66.19;60.85;6.58;46.17;38.26;50.98
47393;2020;Marc Cardona;0.23;0.05;0.23;0.0;0.8;0.05;57.5;26.14;33.64;44.14;23.5;29.79
47393;2023;Marc Cardona;1.96;1.11;0.36;0.0;4.29;3.47;85.13;50.14;37.41;43.85;44.88;66.87
47393;2024;Marc Cardona;0.0;0.03;0.2;0.0;2.51;0.59;22.46;27.54;34.46;43.69;31.41;37.86
47394;2015;Charles Días;4.15;5.57;0.31;0.0;7.6;2.77;97.4;78.94;26.81;46.1;86.46;46.57
47394;2016;Charles Días;2.25;2.77;0.0;0.0;5.91;1.31;87.52;39.19;9.98;45.75;62.66;27.54
47394;2017;Charles Días;2.23;3.28;0.18;0.0;5.93;2.28;91.47;48.47;22.53;45.6;57.81;35.37
47394;2018;Charles Días;3.69;3.07;0.32;0.0;5.9;1.03;98.12;45.95;19.59;46.05;57.34;25.24
47394;2019;Charles Días;2.09;2.12;0.69;0.0;3.82;1.02;87.19;34.61;26.87;46.17;42.79;24.73
47395;2015;Sergi Enrich;2.37;5.45;0.62;0.0;7.59;3.66;92.67;77.46;37.29;46.1;86.09;62.71
47395;2016;Sergi Enrich;2.84;5.98;0.02;0.0;6.71;3.27;93.35;80.87;20.06;45.75;84.57;51.11
47395;2017;Sergi Enrich;1.87;4.45;0.56;0.0;7.2;3.05;88.33;65.26;32.85;45.6;88.15;44.25
47395;2018;Sergi Enrich;1.83;4.82;1.05;0.0;8.04;3.38;89.08;71.19;33.9;46.05;96.61;51.13
47395;2019;Sergi Enrich;0.73;3.28;1.3;0.0;4.85;3.83;61.03;53.83;38.26;46.17;52.94;61.12
47395;2020;Sergi Enrich;1.52;2.18;1.61;0.0;6.36;2.72;90.64;70.43;60.07;44.14;86.14;55.29
47396;2016;Kike García;3.0;3.06;0.02;0.0;5.67;2.94;94.09;43.16;20.06;45.75;55.36;46.77
47396;2017;Kike García;2.57;2.73;0.74;0.0;7.22;3.87;94.08;40.48;37.7;45.6;88.96;55.39
47396;2018;Kike García;1.57;2.9;0.52;0.0;5.79;2.61;86.44;43.22;24.01;46.05;54.61;40.58
47396;2019;Kike García;2.83;2.74;0.89;0.0;6.32;2.37;92.35;45.46;32.3;46.17;69.75;38.61
47396;2020;Kike García;3.63;3.38;1.44;0.0;9.72;6.36;98.71;85.0;57.14;44.14;99.86;96.0
47396;2021;Kike García;2.58;2.78;0.61;0.0;6.22;3.52;93.57;77.48;43.36;43.97;84.38;63.81
47396;2022;Kike García;1.24;1.44;0.29;0.0;5.55;4.21;82.21;56.3;36.69;43.77;61.06;80.04
47396;2023;Kike García;3.32;2.32;0.71;0.0;5.72;4.05;93.08;69.29;43.91;43.85;69.36;75.52
47396;2024;Kike García;3.32;1.53;1.09;0.0;8.37;3.38;97.96;59.77;51.7;43.69;98.1;75.51
47396;2025;Kike García;2.2;3.04;0.73;0.0;6.41;2.59;93.24;77.65;45.81;44.26;81.62;70.22
47397;2018;Miguel Marí;0.0;0.68;0.09;0.0;0.48;0.05;13.09;12.24;12.81;46.05;6.4;9.32
47397;2019;Miguel Marí;0.0;0.06;0.0;0.0;0.28;0.05;15.48;2.85;6.58;46.17;25.71;11.74
47398;2018;Pere Milla;0.0;1.54;1.73;0.0;3.09;1.6;13.09;24.48;45.86;46.05;19.77;32.02
47398;2020;Pere Milla;1.18;2.24;1.87;0.0;6.1;4.76;87.29;71.57;63.71;44.14;80.71;83.07
47398;2021;Pere Milla;2.37;1.99;0.82;0.0;5.68;4.44;92.63;67.69;47.86;43.97;74.66;75.8
47398;2022;Pere Milla;2.05;2.17;2.29;0.0;6.67;3.55;90.13;67.37;66.95;43.77;82.77;70.31
47398;2024;Pere Milla;0.69;0.58;0.29;0.0;4.34;1.33;76.26;41.72;37.11;43.69;43.15;46.47
47398;2025;Pere Milla;3.33;5.11;3.31;0.0;6.22;3.14;96.76;89.56;76.1;44.26;78.75;76.69
47399;2015;Iván Cuéllar;0.0;1.14;0.0;7.39;4.92;0.12;14.66;19.48;7.61;97.77;31.91;14.01
47399;2016;Iván Cuéllar;0.0;0.63;0.06;5.89;4.83;0.12;14.7;11.55;21.81;97.41;37.71;12.29
47399;2017;Iván Cuéllar;0.0;0.6;0.07;7.85;5.37;0.1;14.99;14.18;20.38;98.56;45.78;14.72
47399;2018;Iván Cuéllar;0.0;0.6;0.0;7.81;5.53;0.1;13.09;11.11;4.99;98.87;49.44;14.12
47399;2019;Iván Cuéllar;0.0;0.39;0.0;7.47;3.8;0.11;15.48;10.94;6.58;98.04;42.08;16.19
47399;2023;Iván Cuéllar;0.0;0.01;0.0;8.69;0.0;0.0;21.85;22.06;13.69;99.03;9.68;12.86
47399;2024;Iván Cuéllar;0.0;0.0;0.0;5.0;0.0;0.0;22.46;11.53;15.2;93.28;11.06;13.7
47399;2025;Iván Cuéllar;0.0;0.0;0.0;5.0;0.0;0.0;24.41;12.5;15.81;94.34;12.28;15.22
47400;2018;Andriy Lunin;0.0;0.41;0.0;3.27;1.0;0.05;13.09;7.06;4.99;93.97;9.89;9.32
47400;2020;Andriy Lunin;0.0;0.0;0.0;5.0;0.0;0.0;22.64;10.43;13.07;93.36;10.07;12.93
47400;2021;Andriy Lunin;0.0;0.04;0.0;10.0;0.01;0.0;21.72;26.47;14.28;99.6;22.12;13.4
47400;2022;Andriy Lunin;0.0;0.1;0.0;6.87;0.0;0.0;21.22;29.48;14.57;96.78;10.71;13.59
47400;2023;Andriy Lunin;0.0;0.37;0.0;8.11;5.2;0.05;21.85;34.23;13.69;97.99;59.47;28.35
47400;2024;Andriy Lunin;0.0;0.37;0.06;7.05;3.93;0.01;22.46;36.57;31.34;97.29;40.5;27.75
47400;2025;Andriy Lunin;0.0;0.0;0.0;5.0;0.0;0.0;24.41;12.5;15.81;94.34;12.28;15.22
47401;2017;Andrés Prieto;0.0;0.14;0.0;0.55;0.9;0.55;14.99;3.77;9.25;92.1;12.39;20.47
47403;2016;Unai Bustinza;0.31;3.26;6.05;0.0;6.77;1.75;41.77;47.5;95.38;45.75;86.04;32.62
47403;2017;Unai Bustinza;1.36;2.44;8.31;0.0;6.59;2.34;81.87;37.7;98.2;45.6;73.16;35.91
47403;2018;Unai Bustinza;0.08;3.31;7.95;0.0;6.83;2.78;27.31;50.75;98.78;46.05;79.38;42.75
47403;2019;Unai Bustinza;0.24;3.47;8.56;0.0;9.79;3.17;38.26;57.56;98.58;46.17;99.47;48.22
47404;2018;Vasyl Kravets;0.43;3.15;2.98;0.0;4.08;2.88;51.6;47.65;59.42;46.05;28.15;43.22
47405;2015;Juanfran;0.25;4.13;6.31;0.0;6.58;2.85;45.45;61.13;94.43;46.1;64.29;48.05
47405;2016;Juanfran;0.4;8.38;4.4;0.0;6.46;5.07;45.56;93.35;84.84;45.75;79.02;83.64
47405;2017;Juanfran;0.42;5.6;6.79;0.0;7.02;6.13;53.23;78.46;91.92;45.6;84.11;91.38
47405;2018;Juanfran;0.46;5.26;3.32;0.0;5.55;3.76;53.67;74.76;62.52;46.05;49.91;57.91
47406;2017;Ezequiel Muñoz;0.22;2.85;5.01;0.0;6.55;2.64;43.72;43.0;82.05;45.6;71.9;38.96
47406;2018;Ezequiel Muñoz;0.0;0.72;0.93;0.0;1.23;0.0;13.09;13.28;31.64;46.05;11.86;3.58
47407;2018;Allan Nyom;0.46;5.95;4.0;0.0;5.86;3.1;53.67;80.6;68.83;46.05;56.03;46.8
47407;2019;Allan Nyom;0.64;1.6;3.04;0.0;6.95;3.31;57.21;27.67;58.63;46.17;77.22;51.6
47407;2020;Allan Nyom;0.14;2.57;3.4;0.0;5.93;3.06;52.07;76.79;78.57;44.14;77.0;60.29
47407;2021;Allan Nyom;0.0;0.45;0.69;0.0;4.07;0.09;21.72;38.87;45.51;43.97;45.58;31.9
47407;2024;Allan Nyom;0.6;1.61;2.25;0.0;5.18;2.17;71.57;60.65;67.16;43.69;53.19;57.12
47407;2025;Allan Nyom;0.15;0.89;0.44;0.0;4.49;0.95;55.59;49.26;40.74;44.26;54.63;45.29
47408;2018;Jonathan Silva;1.0;8.54;4.31;0.0;5.47;3.33;74.01;94.44;72.5;46.05;48.12;50.56
47408;2019;Jonathan Silva;0.5;5.21;5.45;0.0;5.96;3.98;51.96;79.36;82.65;46.17;66.01;63.17
47408;2021;Jonathan Silva;0.13;0.41;1.05;0.0;3.58;1.36;48.66;36.8;51.27;43.97;38.87;41.42
47409;2016;Dimitrios Siovas;0.7;2.47;5.93;0.0;6.56;3.88;59.8;35.12;94.82;45.75;80.59;62.85
47409;2017;Dimitrios Siovas;0.35;1.95;9.15;0.0;7.27;3.81;49.73;30.79;99.46;45.6;89.32;54.04
47409;2018;Dimitrios Siovas;0.31;2.75;7.05;0.0;7.14;3.68;44.73;40.11;95.86;46.05;88.14;56.03
47409;2019;Dimitrios Siovas;0.45;1.77;7.49;0.0;8.31;3.86;49.56;29.98;96.26;46.17;93.95;61.83
47409;2020;Dimitrios Siovas;0.75;2.35;6.87;0.0;7.22;4.09;80.43;73.64;98.43;44.14;95.29;75.0
47410;2018;Rodrigo Tarín;0.0;1.56;6.13;0.0;5.49;1.28;13.09;24.67;89.64;46.05;48.49;29.76
47410;2019;Rodrigo Tarín;0.0;1.04;3.08;0.0;8.44;0.25;15.48;22.42;59.25;46.17;94.75;17.53
47411;2015;Nabil El Zhar;1.21;5.1;1.26;0.0;5.48;2.71;80.52;72.91;48.42;46.1;40.17;45.83
47411;2016;Nabil El Zhar;2.28;4.88;0.71;0.0;4.9;3.71;88.17;69.69;41.5;45.75;39.19;61.0
47411;2017;Nabil El Zhar;1.26;4.88;1.39;0.0;5.72;6.06;79.08;70.74;49.64;45.6;52.06;90.66
47411;2018;Nabil El Zhar;1.34;3.48;0.56;0.0;4.25;4.83;83.71;54.33;24.67;46.05;30.13;75.61
47412;2015;Javier Eraso;1.2;4.04;0.28;0.0;4.64;1.88;79.96;60.02;25.97;46.1;28.76;34.04
47412;2016;Javier Eraso;0.0;4.94;0.83;0.0;2.39;0.68;14.7;70.98;43.72;45.75;17.01;19.41
47412;2017;Javier Eraso;1.29;5.56;1.71;0.0;4.6;3.03;79.98;78.01;54.94;45.6;34.29;43.63
47412;2018;Javier Eraso;0.33;3.54;1.47;0.0;4.3;2.27;46.14;55.37;41.53;46.05;30.51;38.14
47412;2019;Javier Eraso;0.41;2.91;1.42;0.0;2.95;0.95;48.22;48.22;40.3;46.17;35.23;24.2
47413;2015;Recio;0.87;7.67;2.16;0.0;7.4;4.83;71.71;90.72;58.91;46.1;83.95;82.19
47413;2016;Recio;1.75;6.57;0.88;0.0;6.57;4.01;83.18;86.14;44.82;45.75;80.96;64.05
47413;2017;Recio;0.57;7.31;1.57;0.0;7.51;5.25;62.03;89.05;52.78;45.6;93.63;77.92
47413;2018;Recio;0.48;3.94;3.49;0.0;6.76;4.61;54.43;59.7;64.12;46.05;77.68;70.9
47413;2019;Recio;0.88;4.26;3.58;0.0;4.29;5.22;66.99;70.02;64.06;46.17;46.62;83.19
47413;2020;Recio;0.39;2.23;1.17;0.0;4.85;3.77;67.36;71.43;53.14;44.14;57.93;69.64
47414;2015;Gerard Gumbau;0.0;0.67;0.33;0.0;0.65;0.0;14.66;12.52;27.83;46.1;7.61;2.97
47414;2017;Gerard Gumbau;0.67;2.28;1.42;0.0;4.99;3.48;66.52;36.09;50.27;45.6;39.41;50.09
47414;2018;Gerard Gumbau;1.07;3.39;3.12;0.0;5.41;3.81;76.37;52.17;60.92;46.05;47.18;58.57
47414;2021;Gerard Gumbau;0.26;5.09;4.36;0.0;5.31;3.6;56.43;92.09;83.51;43.97;66.09;64.75
47414;2022;Gerard Gumbau;1.63;10.0;4.33;0.0;5.78;2.76;86.48;99.65;85.85;43.77;65.76;59.8
47414;2023;Gerard Gumbau;0.98;6.27;4.47;0.0;5.88;4.36;72.61;94.61;85.27;43.85;73.37;78.77
47414;2024;Gerard Gumbau;0.31;2.22;1.37;0.0;4.84;0.94;61.94;68.32;55.36;43.69;47.69;41.25
47414;2025;Gerard Gumbau;0.33;1.82;1.13;0.0;3.86;2.76;63.53;62.21;52.79;44.26;47.79;71.84
47415;2015;Rubén Pérez;0.14;5.58;3.23;0.0;8.0;5.35;34.69;79.22;69.76;46.1;93.51;89.05
47415;2016;Rubén Pérez;0.3;4.54;3.47;0.0;7.13;4.14;41.22;64.7;74.95;45.75;90.67;67.47
47415;2017;Rubén Pérez;0.07;4.26;7.12;0.0;7.9;6.11;30.79;61.58;94.17;45.6;95.33;91.02
47415;2018;Rubén Pérez;0.2;4.17;5.4;0.0;7.07;4.11;34.18;63.18;82.11;46.05;86.72;63.65
47415;2019;Rubén Pérez;0.53;3.37;6.27;0.0;8.48;4.65;52.85;55.78;89.5;46.17;95.02;73.75
47416;2018;Óscar Rodríguez;2.07;8.12;2.08;0.0;6.14;4.75;91.15;92.09;50.0;46.05;63.94;73.82
47416;2019;Óscar Rodríguez;4.18;5.83;1.77;0.0;1.22;5.56;97.86;85.41;46.09;46.17;28.65;86.83
47416;2020;Óscar Rodríguez;0.14;1.55;1.5;0.0;4.47;3.36;52.07;60.57;58.43;44.14;51.14;63.93
47416;2021;Óscar Rodríguez;0.73;2.26;2.18;0.0;4.74;4.39;71.65;71.25;64.41;43.97;55.16;75.0
47416;2022;Óscar Rodríguez;1.67;3.47;3.26;0.0;5.63;2.91;86.83;81.23;75.91;43.77;62.75;62.75
47416;2023;Óscar Rodríguez;1.62;2.98;1.71;0.0;4.83;3.74;81.81;76.83;57.81;43.85;52.56;72.06
47416;2024;Óscar Rodríguez;0.54;3.23;3.02;0.0;6.19;3.72;70.08;78.97;74.49;43.69;68.45;80.87
47417;2016;Alexander Szymanowski;2.65;5.56;1.77;0.0;5.37;4.26;91.87;76.89;57.86;45.75;48.06;69.5
47417;2017;Alexander Szymanowski;1.6;7.99;4.79;0.0;5.29;3.41;85.28;91.38;80.7;45.6;43.63;49.1
47417;2018;Alexander Szymanowski;0.0;0.25;0.0;0.0;0.17;0.0;13.09;5.37;4.99;46.05;3.2;3.58
47418;2016;Mikel Vesga;0.26;2.53;4.11;0.0;5.24;2.57;40.02;35.86;82.99;45.75;46.4;43.16
47418;2017;Mikel Vesga;1.05;4.92;0.0;0.0;6.47;4.13;74.87;71.1;9.25;45.6;71.01;60.95
47418;2018;Mikel Vesga;0.42;4.19;4.89;0.0;6.85;4.64;50.47;63.56;77.02;46.05;80.13;71.37
47418;2019;Mikel Vesga;0.27;3.52;5.74;0.0;6.5;3.15;41.64;58.19;84.16;46.17;72.24;47.69
47418;2020;Mikel Vesga;0.31;2.14;2.84;0.0;5.14;3.92;63.36;69.93;73.36;44.14;63.0;72.64
47418;2021;Mikel Vesga;0.63;1.79;2.68;0.0;5.39;3.82;69.57;63.54;69.37;43.97;67.56;67.43
47418;2022;Mikel Vesga;0.95;4.11;5.43;0.0;7.14;3.31;77.73;86.2;92.3;43.77;88.17;67.58
47418;2023;Mikel Vesga;1.51;1.73;4.87;0.0;5.15;1.02;80.64;59.89;88.45;43.85;58.37;37.62
47418;2024;Mikel Vesga;0.19;1.79;2.09;0.0;5.4;3.07;54.61;62.89;64.99;43.69;56.17;70.96
47418;2025;Mikel Vesga;0.0;0.46;1.69;0.0;4.36;1.79;24.41;39.71;62.13;44.26;53.09;57.65
47419;2017;José Manuel Arnáiz;0.0;0.32;0.0;0.0;0.16;0.0;14.99;7.54;9.25;45.6;3.41;4.67
47419;2018;José Manuel Arnáiz;0.0;1.05;0.48;0.0;2.55;1.73;13.09;17.7;22.79;46.05;16.85;33.15
47419;2019;José Manuel Arnáiz;1.42;3.49;0.44;0.0;3.91;3.28;79.63;58.01;22.95;46.17;43.24;50.53
47419;2023;José Manuel Arnáiz;1.47;1.93;0.9;0.0;4.46;3.05;79.94;63.21;47.1;43.85;47.51;61.34
47419;2024;José Manuel Arnáiz;0.21;0.39;0.77;0.0;4.15;0.87;55.77;37.38;46.54;43.69;42.2;40.3
47420;2019;Javier Avilés;1.09;3.55;2.02;0.0;3.29;1.9;72.69;59.07;49.02;46.17;36.92;33.63
47421;2018;Guido Carrillo;2.14;3.65;1.2;0.0;8.78;4.26;91.62;57.25;36.91;46.05;99.44;65.35
47421;2019;Guido Carrillo;1.82;3.13;1.07;0.0;0.0;2.62;84.61;51.42;35.68;46.17;11.57;41.19
47421;2020;Guido Carrillo;1.48;2.21;1.11;0.0;7.06;3.53;90.0;70.93;52.43;44.14;94.29;67.0
47421;2021;Guido Carrillo;1.17;0.77;0.39;0.0;5.96;3.73;83.24;47.05;38.81;43.97;80.83;66.02
47422;2016;Youssef En-Nesyri;1.56;1.86;0.0;0.0;3.14;1.13;80.41;27.73;9.98;45.75;20.89;24.58
47422;2017;Youssef En-Nesyri;1.84;2.01;1.57;0.0;7.93;3.6;87.7;31.51;52.78;45.6;95.87;51.44
47422;2018;Youssef En-Nesyri;2.9;3.01;0.56;0.0;8.14;4.33;94.92;45.01;24.67;46.05;97.93;66.48
47422;2019;Youssef En-Nesyri;3.11;2.09;1.31;0.0;3.2;3.42;95.02;34.16;38.61;46.17;36.39;52.94
47422;2020;Youssef En-Nesyri;3.96;1.62;1.14;0.0;6.5;3.25;99.14;62.79;52.93;44.14;87.71;62.07
47422;2021;Youssef En-Nesyri;2.81;1.24;1.23;0.0;5.23;1.96;94.17;55.09;54.56;43.97;64.75;45.71
47422;2022;Youssef En-Nesyri;3.02;1.27;1.06;0.0;5.47;1.35;95.17;53.43;51.33;43.77;59.52;43.07
47422;2023;Youssef En-Nesyri;7.19;1.51;0.93;0.0;5.91;2.8;98.62;56.02;47.72;43.85;73.72;56.78
47423;2015;Sabin Merino;2.44;2.53;0.44;0.0;5.37;1.96;92.95;37.29;32.84;46.1;38.22;35.62
47423;2016;Sabin Merino;1.04;2.0;0.0;0.0;4.95;1.66;70.43;28.84;9.98;45.75;39.65;31.79
47423;2017;Sabin Merino;0.49;1.45;0.0;0.0;4.5;1.96;57.63;24.96;9.25;45.6;32.59;32.85
47423;2018;Sabin Merino;0.71;1.65;0.19;0.0;4.15;1.51;66.2;26.74;15.25;46.05;29.0;30.98
47423;2019;Sabin Merino;0.0;0.55;0.0;0.0;0.0;0.05;15.48;14.23;6.58;46.17;11.57;11.74
47424;2016;Michael Santos;2.25;3.06;0.0;0.0;4.53;1.75;87.52;43.16;9.98;45.75;33.27;32.62
47424;2018;Michael Santos;1.07;3.3;0.51;0.0;4.66;1.83;76.37;50.38;23.63;46.05;34.65;33.52
47425;2015;Sergio Álvarez;0.0;0.62;0.06;6.3;4.24;0.02;14.66;11.6;16.14;97.22;25.79;5.94
47425;2016;Sergio Álvarez;0.0;1.11;0.19;3.64;4.39;1.12;14.7;17.01;26.8;95.38;31.42;24.31
47425;2017;Sergio Álvarez;0.0;1.38;0.0;3.99;4.73;1.24;14.99;24.15;9.25;95.15;35.73;27.38
47425;2018;Sergio Álvarez;0.0;0.97;0.0;4.12;3.44;0.0;13.09;16.2;4.99;95.1;22.03;3.58
47425;2019;Sergio Álvarez;0.0;0.17;0.0;1.1;0.0;0.0;15.48;5.78;6.58;93.42;11.57;4.63
47426;2015;Rubén Blanco;0.0;0.42;0.0;3.26;2.21;0.1;14.66;7.88;7.61;94.99;15.03;12.34
47426;2016;Rubén Blanco;0.0;0.48;0.0;5.09;2.72;1.18;14.7;9.61;9.98;96.3;17.93;25.51
47426;2017;Rubén Blanco;0.0;0.92;0.02;4.47;3.27;0.0;14.99;18.76;18.85;95.69;22.44;4.67
47426;2018;Rubén Blanco;0.0;1.09;0.06;4.35;2.72;0.0;13.09;18.83;11.3;95.48;17.51;3.58
47426;2019;Rubén Blanco;0.0;0.7;0.0;5.56;0.0;0.06;15.48;16.81;6.58;96.8;11.57;13.61
47426;2020;Rubén Blanco;0.0;0.49;0.0;4.12;2.58;0.05;22.64;39.36;13.07;91.43;32.57;29.79
47426;2021;Rubén Blanco;0.0;0.0;0.0;5.0;0.0;0.0;21.72;10.86;14.28;93.83;10.99;13.4
47427;2016;Iván Villar;0.0;0.02;0.0;0.08;0.0;0.0;14.7;1.48;9.98;91.68;1.39;3.6
47427;2019;Iván Villar;0.0;0.32;0.0;1.31;0.0;0.0;15.48;9.07;6.58;93.95;11.57;4.63
47427;2020;Iván Villar;0.0;0.21;0.0;7.87;3.55;0.01;22.64;30.36;13.07;98.14;39.07;26.0
47427;2022;Iván Villar;0.0;0.27;0.0;6.02;3.09;0.03;21.22;33.12;14.57;95.38;33.26;28.71
47427;2023;Iván Villar;0.0;0.2;0.0;8.18;2.21;0.03;21.85;30.36;13.69;98.2;29.74;27.25
47427;2024;Iván Villar;0.0;0.04;0.0;8.18;1.28;0.0;22.46;28.36;15.2;98.3;27.27;13.7
47427;2025;Iván Villar;0.0;0.0;0.0;5.0;0.0;0.0;24.41;12.5;15.81;94.34;12.28;15.22
47428;2015;Gustavo Cabral;0.14;4.05;6.72;0.0;7.87;1.21;34.69;60.39;95.64;46.1;91.74;26.35
47428;2016;Gustavo Cabral;1.08;3.16;4.43;0.0;7.2;3.31;71.63;45.29;85.21;45.75;92.05;52.5
47428;2017;Gustavo Cabral;0.33;4.2;5.1;0.0;5.89;1.13;48.56;60.32;82.94;45.6;56.28;25.85
47428;2018;Gustavo Cabral;0.18;3.18;6.02;0.0;6.67;1.04;32.77;48.49;88.61;46.05;75.8;25.42
47429;2016;David Costas;0.0;1.0;0.15;0.0;0.16;0.0;14.7;16.54;25.14;45.75;4.16;3.6
47429;2018;David Costas;0.14;2.96;5.17;0.0;6.32;1.08;30.98;44.44;79.94;46.05;68.08;26.46
47429;2019;David Costas;0.0;1.98;2.93;0.0;0.0;0.1;15.48;33.45;57.47;46.17;11.57;15.12
47429;2020;David Costas;0.0;0.0;0.0;0.0;0.0;0.0;22.64;10.43;13.07;44.14;10.07;12.93
47429;2025;David Costas;0.0;1.94;6.08;0.0;6.45;3.75;24.41;64.56;92.5;44.26;82.87;86.4
47430;2018;Wesley Hoedt;0.21;4.64;6.76;0.0;7.37;3.08;37.85;68.93;93.6;46.05;91.15;46.33
47431;2015;David Juncà;0.0;4.77;3.67;0.0;7.24;3.95;14.66;69.2;73.93;46.1;80.71;68.74
47431;2016;David Juncà;0.0;4.7;4.01;0.0;5.78;1.85;14.7;66.73;81.7;45.75;58.23;33.73
47431;2017;David Juncà;0.0;6.6;2.0;0.0;5.02;4.57;14.99;84.11;58.44;45.6;39.86;67.95
47431;2018;David Juncà;0.11;6.16;6.9;0.0;7.06;4.12;29.19;81.92;94.44;46.05;86.16;63.94
47431;2019;David Juncà;0.0;0.58;1.86;0.0;0.0;1.05;15.48;14.95;47.42;46.17;11.57;25.18
47431;2020;David Juncà;0.0;0.0;0.0;0.0;0.0;0.0;22.64;10.43;13.07;44.14;10.07;12.93
47432;2015;Hugo Mallo;0.38;4.76;7.14;0.0;6.96;3.17;50.65;68.83;98.14;46.1;73.84;53.62
47432;2016;Hugo Mallo;0.88;3.95;6.83;0.0;6.07;2.17;65.06;56.28;97.97;45.75;67.38;38.08
47432;2017;Hugo Mallo;0.49;6.52;7.51;0.0;7.27;4.16;57.63;83.3;96.23;45.6;89.32;61.49
47432;2018;Hugo Mallo;0.61;6.14;6.02;0.0;6.85;4.55;60.55;81.73;88.61;46.05;80.13;69.68
47432;2019;Hugo Mallo;0.3;3.89;7.18;0.0;7.84;3.09;44.22;63.35;95.02;46.17;89.32;46.98
47432;2020;Hugo Mallo;1.24;3.44;6.38;0.0;7.11;4.23;87.79;85.21;97.43;44.14;94.5;77.07
47432;2021;Hugo Mallo;0.54;5.05;7.21;0.0;6.63;3.37;66.96;91.82;96.78;43.97;88.87;61.33
47432;2022;Hugo Mallo;0.6;3.6;5.13;0.0;7.08;2.57;68.77;82.21;90.34;43.77;87.46;57.84
47433;2018;Lucas Olaza;0.0;5.83;6.9;0.0;6.48;3.73;13.09;80.04;94.44;46.05;71.75;57.06
47433;2019;Lucas Olaza;0.55;6.73;5.8;0.0;7.95;3.99;53.91;90.12;84.96;46.17;90.66;63.52
47433;2020;Lucas Olaza;0.49;4.73;4.92;0.0;6.22;3.03;71.14;91.29;90.43;44.14;82.21;59.86
47433;2021;Lucas Olaza;0.58;1.88;1.53;0.0;4.09;2.36;68.43;66.09;57.71;43.97;45.71;50.54
47433;2022;Lucas Olaza;0.17;2.46;2.87;0.0;5.86;2.1;49.79;71.01;72.13;43.77;67.02;50.49
47434;2018;Kevin Vázquez;0.0;0.91;2.1;0.0;2.12;0.84;13.09;15.35;50.28;46.05;14.41;22.6
47434;2019;Kevin Vázquez;0.0;3.28;6.01;0.0;5.55;5.51;15.48;53.83;87.81;46.17;60.94;86.65
47434;2020;Kevin Vázquez;0.0;0.29;1.66;0.0;4.58;1.82;22.64;32.79;60.5;44.14;53.86;45.71
47434;2021;Kevin Vázquez;0.08;1.81;4.94;0.0;5.32;4.49;45.17;64.08;86.33;43.97;66.22;76.74
47434;2022;Kevin Vázquez;0.0;0.31;0.81;0.0;4.16;1.97;21.22;34.73;47.76;43.77;42.09;49.02
47434;2023;Kevin Vázquez;0.11;0.52;1.26;0.0;4.65;2.02;44.54;38.52;52.7;43.85;50.35;47.44
47435;2018;Fran Beltrán;0.36;4.54;2.41;0.0;4.32;4.43;47.46;67.33;52.54;46.05;30.79;67.51
47435;2019;Fran Beltrán;0.59;4.38;3.26;0.0;6.11;4.6;55.52;71.8;61.12;46.17;67.97;73.49
47435;2020;Fran Beltrán;0.8;1.1;2.39;0.0;4.21;3.86;81.43;52.21;69.29;44.14;47.36;71.43
47435;2021;Fran Beltrán;0.47;3.48;5.17;0.0;5.71;5.39;65.15;83.38;87.73;43.97;75.34;84.45
47435;2022;Fran Beltrán;0.16;4.85;4.86;0.0;5.24;4.44;48.39;90.34;88.66;43.77;55.95;83.26
47435;2023;Fran Beltrán;0.3;3.03;4.01;0.0;5.34;3.64;51.8;77.66;80.29;43.85;62.1;70.12
47435;2024;Fran Beltrán;0.49;3.38;4.31;0.0;5.81;3.16;68.66;80.19;84.8;43.69;62.14;72.46
47435;2025;Fran Beltrán;0.06;0.87;1.19;0.0;1.94;0.87;48.97;49.12;53.24;44.26;34.12;43.97
47436;2017;Ryad Boudebouz;1.24;7.45;0.63;0.0;5.63;5.73;78.46;89.77;34.38;45.6;50.09;86.18
47436;2018;Ryad Boudebouz;1.0;8.11;1.39;0.0;5.18;4.77;74.01;91.9;40.77;46.05;42.18;74.2
47437;2016;Andrew Hjulsager;0.9;3.04;0.04;0.0;1.76;0.79;66.08;42.7;20.89;45.75;13.77;20.33
47437;2017;Andrew Hjulsager;0.0;0.35;0.0;0.0;0.06;0.0;14.99;8.53;9.25;45.6;2.51;4.67
47437;2018;Andrew Hjulsager;0.0;4.07;1.03;0.0;3.92;2.59;13.09;61.39;33.52;46.05;26.93;40.02
47438;2018;Mathias Jensen;0.21;1.32;0.9;0.0;2.52;0.2;37.85;21.28;30.98;46.05;16.57;16.48
47439;2017;Stanislav Lobotka;0.16;4.93;3.35;0.0;6.69;7.34;36.89;71.36;68.13;45.6;76.93;96.59
47439;2018;Stanislav Lobotka;0.14;5.55;2.89;0.0;6.06;6.15;30.98;77.97;57.72;46.05;61.68;90.58
47439;2019;Stanislav Lobotka;0.48;5.1;2.63;0.0;0.0;4.89;51.07;78.29;55.43;46.17;11.57;77.58
47440;2017;Brais Méndez;1.15;4.34;1.35;0.0;4.7;3.24;77.02;62.66;48.92;45.6;35.01;46.41
47440;2018;Brais Méndez;2.62;9.26;3.27;0.0;7.07;4.06;94.16;96.05;61.86;46.05;86.72;62.9
47440;2019;Brais Méndez;0.79;4.39;1.83;0.0;5.81;4.51;62.9;72.15;47.15;46.17;63.52;71.62
47440;2020;Brais Méndez;2.51;2.63;4.45;0.0;6.62;2.89;96.5;77.21;87.71;44.14;89.64;58.43
47440;2021;Brais Méndez;1.98;5.64;5.82;0.0;7.37;5.57;91.09;93.83;91.69;43.97;95.44;86.46
47440;2022;Brais Méndez;3.1;7.14;3.77;0.0;7.16;3.27;95.66;96.08;80.53;43.77;88.52;66.88
47440;2023;Brais Méndez;3.13;6.93;3.24;0.0;6.79;4.85;92.25;95.85;71.51;43.85;90.94;84.99
47440;2024;Brais Méndez;1.08;3.86;1.85;0.0;6.39;2.9;85.01;85.35;61.67;43.69;71.91;68.39
47440;2025;Brais Méndez;2.64;5.04;2.58;0.0;6.48;4.02;94.85;89.26;70.59;44.26;83.09;88.53
47441;2015;Nemanja Radoja;0.07;3.27;2.63;0.0;6.29;3.8;29.96;49.07;64.1;46.1;57.24;64.75
47441;2016;Nemanja Radoja;0.44;3.94;2.25;0.0;6.74;5.6;47.41;56.01;63.59;45.75;85.4;89.93
47441;2017;Nemanja Radoja;0.16;3.97;1.42;0.0;5.31;4.07;36.89;57.81;50.27;45.6;44.17;59.69
47441;2019;Nemanja Radoja;0.32;3.23;4.79;0.0;6.05;5.73;44.75;52.76;75.09;46.17;67.35;88.43
47441;2020;Nemanja Radoja;0.0;1.98;3.5;0.0;5.37;4.29;22.64;67.5;80.0;44.14;67.21;77.79
47441;2021;Nemanja Radoja;0.1;1.28;3.86;0.0;5.06;4.45;47.59;56.17;79.36;43.97;61.66;76.07
47442;2015;Jozabed Sánchez;3.25;7.3;1.09;0.0;5.11;2.13;95.64;89.05;46.38;46.1;34.69;37.94
47442;2016;Jozabed Sánchez;1.54;6.53;0.61;0.0;4.11;0.92;80.04;85.77;39.0;45.75;28.37;21.35
47442;2017;Jozabed Sánchez;0.44;7.46;1.69;0.0;4.09;2.98;55.12;89.95;54.76;45.6;27.92;42.73
47442;2018;Jozabed Sánchez;0.32;4.19;1.82;0.0;4.65;2.98;45.39;63.56;46.8;46.05;34.37;45.1
47443;2018;Okay Yokuşlu;0.71;4.58;5.93;0.0;7.73;5.7;66.2;68.08;87.57;46.05;94.92;86.44
47443;2019;Okay Yokuşlu;0.21;4.46;5.62;0.0;8.36;5.23;36.39;72.95;83.63;46.17;94.4;83.45
47443;2020;Okay Yokuşlu;0.0;1.54;2.64;0.0;5.43;3.71;22.64;60.29;71.71;44.14;68.21;69.0
47443;2021;Okay Yokuşlu;0.1;0.22;1.81;0.0;4.83;3.22;47.59;31.37;61.26;43.97;57.51;59.65
47444;2018;Emmanuel Apeh;0.0;0.46;0.0;0.0;0.12;0.0;13.09;8.1;4.99;46.05;1.69;3.58
47445;2015;Iago Aspas;3.8;7.89;0.34;0.0;5.45;4.37;96.85;92.39;29.13;46.1;39.42;75.14
47445;2016;Iago Aspas;5.28;8.41;0.04;0.0;6.12;5.8;99.26;93.81;20.89;45.75;68.67;90.76
47445;2017;Iago Aspas;5.42;10.0;1.37;0.0;6.59;7.06;99.46;98.03;49.37;45.6;73.16;95.15
47445;2018;Iago Aspas;5.78;10.0;1.68;0.0;5.84;4.83;99.62;98.59;44.73;46.05;55.65;75.61
47445;2019;Iago Aspas;5.02;8.13;2.43;0.0;5.41;6.18;98.93;93.95;53.2;46.17;59.52;91.55
47445;2020;Iago Aspas;3.75;10.0;1.08;0.0;6.38;7.43;99.0;99.64;52.21;44.14;86.29;99.0
47445;2021;Iago Aspas;6.09;7.87;1.11;0.0;6.17;7.17;99.33;97.72;52.82;43.97;83.65;95.84
47445;2022;Iago Aspas;4.4;9.88;0.5;0.0;6.24;4.43;98.18;99.16;42.3;43.77;74.02;82.91
47445;2023;Iago Aspas;4.89;10.0;0.92;0.0;5.78;6.56;96.54;99.59;47.3;43.85;70.95;96.89
47445;2024;Iago Aspas;3.08;6.14;1.05;0.0;5.9;4.38;97.29;94.17;51.15;43.69;63.3;89.82
47445;2025;Iago Aspas;1.32;5.68;1.47;0.0;4.19;2.98;86.18;91.76;58.46;44.26;50.81;74.19
47446;2017;Emre Mor;0.64;4.43;0.07;0.0;6.02;6.96;65.8;64.36;20.38;45.6;59.87;94.88
47446;2018;Emre Mor;0.86;1.63;1.16;0.0;4.94;4.71;70.06;25.71;35.4;46.05;38.98;73.07
47446;2020;Emre Mor;0.27;0.76;1.49;0.0;5.17;4.99;60.57;45.64;58.07;44.14;63.93;86.14
47447;2016;Pione Sisto;1.43;4.02;0.71;0.0;6.02;6.99;78.37;57.58;41.5;45.75;65.99;96.86
47447;2017;Pione Sisto;1.79;8.33;0.58;0.0;6.72;7.71;86.98;92.28;33.39;45.6;77.83;97.85
47447;2018;Pione Sisto;1.12;4.93;0.31;0.0;4.71;5.37;78.53;72.6;19.02;46.05;35.4;81.83
47447;2019;Pione Sisto;2.59;3.87;1.68;0.0;5.88;6.23;91.1;62.9;44.75;46.17;65.21;91.9
47448;2018;Aitor Fernández;0.0;0.75;0.14;5.64;4.37;0.12;13.09;13.84;14.12;96.8;31.45;15.44
47448;2019;Aitor Fernández;0.0;0.85;0.12;10.0;0.02;0.06;15.48;19.22;15.93;99.82;23.13;13.61
47448;2020;Aitor Fernández;0.0;0.32;0.12;5.16;3.22;0.03;22.64;33.64;29.21;95.0;36.57;27.36
47448;2021;Aitor Fernández;0.0;0.11;0.05;7.94;3.43;0.01;21.72;29.36;29.83;97.18;37.94;27.28
47448;2022;Aitor Fernández;0.0;0.29;0.14;8.43;3.09;0.0;21.22;34.1;32.21;97.9;33.26;13.59
47448;2023;Aitor Fernández;0.0;0.06;0.0;6.18;0.02;0.0;21.85;27.46;13.69;95.99;19.64;12.86
47448;2024;Aitor Fernández;0.0;0.02;0.0;10.0;0.0;0.0;22.46;25.85;15.2;99.53;11.06;13.7
47448;2025;Aitor Fernández;0.0;0.0;0.0;5.0;0.0;0.0;24.41;12.5;15.81;94.34;12.28;15.22
47449;2015;Oier Olazábal;0.0;0.15;0.0;0.8;0.4;0.05;14.66;3.43;7.61;93.32;4.73;8.44
47449;2017;Oier Olazábal;0.0;0.44;0.0;5.22;3.85;1.91;14.99;10.5;9.25;96.23;26.21;32.5
47449;2018;Oier Olazábal;0.0;0.71;0.14;4.73;3.77;0.05;13.09;12.9;14.12;96.05;25.52;9.32
47449;2019;Oier Olazábal;0.0;0.23;0.0;1.9;0.0;0.0;15.48;7.3;6.58;94.57;11.57;4.63
47449;2021;Oier Olazábal;0.0;0.02;0.0;10.0;1.28;0.0;21.72;24.46;14.28;99.6;27.55;13.4
47450;2017;Koke;0.0;0.05;0.0;0.12;0.0;0.0;14.99;1.89;9.25;91.38;0.99;4.67
47450;2018;Koke;0.0;0.09;0.0;0.4;0.0;0.0;13.09;2.35;4.99;92.84;0.56;3.58
47450;2019;Koke;0.0;0.16;0.0;1.4;0.83;0.1;15.48;5.43;6.58;94.13;27.31;15.12
47450;2020;Koke;0.0;0.02;0.0;5.8;0.0;0.0;22.64;23.29;13.07;95.71;10.07;12.93
47450;2021;Koke;0.0;0.0;0.0;0.5;0.0;0.0;21.72;10.86;14.28;88.87;10.99;13.4
47451;2015;Coke;1.12;3.4;3.14;0.0;7.52;4.38;78.48;51.48;68.83;46.1;85.34;75.42
47451;2017;Coke;1.35;4.29;7.37;0.0;6.87;5.48;81.42;61.94;95.6;45.6;82.14;82.5
47451;2018;Coke;1.1;3.48;5.42;0.0;6.07;3.3;77.68;54.33;82.39;46.05;62.05;50.0
47451;2019;Coke;0.8;3.55;4.37;0.0;7.54;4.83;63.26;59.07;70.73;46.17;86.65;76.87
47451;2020;Coke;0.13;0.8;2.19;0.0;4.67;2.28;51.14;46.43;67.14;44.14;54.93;49.86
47451;2021;Coke;0.23;0.24;0.27;0.0;3.34;1.83;54.22;31.97;35.66;43.97;36.73;44.44
47452;2017;Erick Cabaco;0.3;1.23;4.74;0.0;6.44;1.98;47.49;22.08;80.07;45.6;70.11;33.03
47452;2018;Erick Cabaco;0.71;2.07;4.83;0.0;5.62;1.13;66.2;30.51;76.46;46.05;52.07;27.87
47452;2019;Erick Cabaco;0.0;1.3;3.41;0.0;1.2;1.66;15.48;24.38;62.28;46.17;28.47;31.85
47452;2020;Erick Cabaco;0.0;0.3;3.13;0.0;6.25;0.42;22.64;33.07;75.71;44.14;83.14;33.79
47452;2021;Erick Cabaco;0.0;0.76;0.45;0.0;3.55;0.1;21.72;46.72;40.15;43.97;38.67;32.37
47453;2015;Toño;0.24;4.34;4.74;0.0;7.87;6.67;44.71;63.91;82.65;46.1;91.74;97.4
47453;2017;Toño;0.17;4.46;0.99;0.0;6.12;7.33;37.79;65.71;42.37;45.6;63.11;96.41
47453;2018;Toño;0.61;4.75;2.95;0.0;5.72;5.77;60.55;70.15;58.76;46.05;53.11;86.91
47453;2019;Toño;0.0;6.04;4.12;0.0;4.38;4.96;15.48;86.3;68.86;46.17;46.98;79.36
47453;2020;Toño;0.0;1.24;0.59;0.0;4.05;3.14;22.64;54.5;41.86;44.14;44.79;61.21
47454;2015;Pedro López;0.5;2.49;2.36;0.0;6.71;4.88;56.22;37.01;61.13;46.1;68.46;83.3
47454;2017;Pedro López;0.0;2.71;4.58;0.0;5.87;2.75;14.99;40.22;78.73;45.6;55.48;39.95
47454;2018;Pedro López;0.21;4.08;2.96;0.0;4.43;3.19;37.85;61.77;59.04;46.05;32.39;48.4
47454;2020;Pedro López;0.0;1.43;2.69;0.0;5.19;2.77;22.64;58.0;72.14;44.14;64.64;55.93
47455;2015;Antonio Luna;0.15;3.26;4.68;0.0;6.02;2.89;35.9;48.7;82.0;46.1;50.09;48.79
47455;2016;Antonio Luna;0.26;6.46;6.68;0.0;6.29;5.35;40.02;84.94;97.6;45.75;74.31;87.34
47455;2017;Antonio Luna;0.0;4.15;5.33;0.0;5.68;3.98;14.99;60.14;84.38;45.6;51.26;57.0
47455;2018;Antonio Luna;0.13;4.66;3.6;0.0;5.28;4.22;30.13;69.11;65.63;46.05;43.97;64.78
47457;2015;Rúben Vezo;0.14;2.16;6.97;0.0;7.09;2.27;34.69;31.73;96.75;46.1;77.64;39.89
47457;2016;Rúben Vezo;0.19;1.97;3.65;0.0;3.26;0.49;34.1;28.65;78.93;45.75;21.44;17.38
47457;2017;Rúben Vezo;0.1;2.51;4.25;0.0;7.22;4.21;33.57;38.42;75.76;45.6;88.96;62.39
47457;2018;Rúben Vezo;0.5;2.25;4.26;0.0;4.16;2.01;55.08;32.67;71.85;46.05;29.28;35.03
47457;2019;Rúben Vezo;0.18;2.46;7.93;0.0;7.95;3.43;35.5;39.68;97.51;46.17;90.66;53.29
47457;2020;Rúben Vezo;0.28;1.73;5.27;0.0;6.19;3.9;61.93;64.36;91.71;44.14;81.71;72.21
47457;2021;Rúben Vezo;0.34;1.79;6.8;0.0;6.37;3.4;59.85;63.54;95.58;43.97;85.92;61.86
47458;2017;Sergio Postigo;0.28;2.39;4.47;0.0;5.53;4.08;46.68;37.34;77.83;45.6;47.76;60.23
47458;2018;Sergio Postigo;0.4;2.32;4.74;0.0;4.91;0.1;49.91;34.27;76.27;46.05;38.42;14.12
47458;2019;Sergio Postigo;0.48;3.55;5.98;0.0;7.31;3.48;51.07;59.07;87.19;46.17;84.25;53.74
47458;2020;Sergio Postigo;0.0;1.32;4.15;0.0;5.06;2.61;22.64;55.93;85.07;44.14;61.79;54.0
47458;2021;Sergio Postigo;0.0;1.04;2.46;0.0;4.47;0.09;21.72;52.68;66.49;43.97;50.94;31.9
47459;2017;Chema;0.42;2.37;3.84;0.0;5.25;1.32;53.23;37.07;71.81;45.6;42.82;28.46
47459;2018;Chema;0.68;1.67;5.32;0.0;5.96;2.0;64.88;26.93;81.64;46.05;59.13;34.75
47459;2019;Chema;0.0;0.35;1.53;0.0;2.39;0.6;15.48;10.41;41.64;46.17;33.63;21.0
47459;2020;Chema;0.06;0.3;1.25;0.0;3.56;0.05;46.93;33.07;54.14;44.14;39.29;29.79
47459;2021;Chema;0.0;0.35;0.0;0.0;0.11;0.0;21.72;34.72;14.28;43.97;23.46;13.4
47460;2015;Róber Pier;0.21;0.64;0.0;0.0;0.31;0.0;41.19;11.87;7.61;46.1;4.27;2.97
47460;2017;Róber Pier;0.08;1.95;7.08;0.0;5.18;4.31;31.87;30.79;93.81;45.6;42.01;64.09
47460;2018;Róber Pier;0.19;2.7;7.42;0.0;5.91;4.65;33.43;39.74;97.55;46.05;57.82;71.66
47460;2019;Róber Pier;0.0;0.9;1.59;0.0;3.16;0.55;15.48;20.02;42.79;46.17;35.94;20.28
47460;2020;Róber Pier;0.0;1.67;3.68;0.0;3.87;3.65;22.64;63.43;81.5;44.14;43.0;68.64
47460;2021;Róber Pier;0.32;1.27;4.93;0.0;5.05;3.54;59.32;55.7;86.13;43.97;61.39;64.21
47461;2017;Enis Bardhi;2.5;5.66;1.06;0.0;5.63;4.93;93.36;78.64;44.34;45.6;50.09;74.33
47461;2018;Enis Bardhi;1.43;5.43;3.63;0.0;6.5;5.8;84.09;76.74;66.1;46.05;71.94;87.48
47461;2019;Enis Bardhi;3.0;6.26;2.39;0.0;5.66;6.18;94.04;87.72;53.02;46.17;62.01;91.55
47461;2020;Enis Bardhi;1.24;4.14;3.19;0.0;5.63;5.64;87.79;88.29;76.57;44.14;72.14;92.57
47461;2021;Enis Bardhi;1.46;6.13;2.47;0.0;6.05;6.17;86.66;94.91;66.69;43.97;82.04;91.15
47462;2017;Cheick Doukouré;0.33;2.29;1.28;0.0;5.34;1.2;48.56;36.36;47.85;45.6;45.15;26.66
47462;2018;Cheick Doukouré;0.21;1.64;1.9;0.0;4.36;1.95;37.85;26.27;48.21;46.05;31.26;34.09
47462;2020;Cheick Doukouré;0.0;0.27;0.91;0.0;2.92;1.17;22.64;32.07;49.93;44.14;34.57;40.36
47463;2021;Pepelu;0.18;4.18;5.49;0.0;5.91;4.6;52.14;87.27;89.81;43.97;79.76;77.68
47463;2023;Pepelu;2.68;7.91;8.18;0.0;7.44;4.23;90.46;97.37;99.17;43.85;96.27;77.11
47463;2024;Pepelu;0.66;5.15;3.98;0.0;6.55;3.61;74.63;91.04;82.5;43.69;76.12;79.92
47463;2025;Pepelu;0.65;5.07;6.43;0.0;7.01;3.69;76.03;89.41;93.82;44.26;90.07;85.51
47464;2017;José Campaña;0.59;8.95;4.38;0.0;6.37;5.15;63.29;93.9;77.11;45.6;68.58;77.29
47464;2018;José Campaña;1.01;10.0;4.91;0.0;6.85;5.87;74.67;98.59;77.21;46.05;80.13;88.51
47464;2019;José Campaña;0.88;10.0;4.26;0.0;8.52;7.48;66.99;98.58;69.84;46.17;95.2;98.4
47464;2020;José Campaña;1.62;8.41;5.43;0.0;6.75;6.86;91.93;98.0;92.71;44.14;91.29;97.57
47464;2021;José Campaña;1.46;6.73;4.86;0.0;6.59;6.09;86.66;95.71;85.72;43.97;88.4;90.48
47464;2023;José Campaña;0.0;0.71;1.07;0.0;4.2;1.24;21.85;44.12;49.38;43.85;43.57;41.01
47464;2024;José Campaña;0.22;3.41;2.66;0.0;6.32;3.0;56.72;80.66;71.44;43.69;70.35;69.54
47465;2018;Francisco De La Manzanara;0.0;0.7;1.85;0.0;2.2;0.05;13.09;12.52;47.36;46.05;15.16;9.32
47467;2015;José Luis Morales;2.32;8.07;0.92;0.0;7.11;5.96;91.84;93.32;42.49;46.1;78.57;93.88
47467;2017;José Luis Morales;2.69;7.59;0.83;0.0;7.0;7.4;95.15;90.31;39.95;45.6;83.84;96.95
47467;2018;José Luis Morales;3.29;6.39;0.76;0.0;6.23;6.26;96.23;83.71;28.15;46.05;66.76;92.0
47467;2019;José Luis Morales;1.65;4.63;0.71;0.0;3.38;4.15;82.92;74.2;27.49;46.17;37.54;66.19
47467;2020;José Luis Morales;3.23;4.22;1.14;0.0;4.55;3.85;98.0;89.0;52.93;44.14;52.86;71.07
47467;2021;José Luis Morales;5.18;5.52;1.36;0.0;6.45;6.57;98.79;93.36;55.97;43.97;87.0;93.23
47467;2022;José Luis Morales;3.33;1.25;0.41;0.0;4.37;3.43;96.36;53.15;39.5;43.77;45.59;68.91
47467;2023;José Luis Morales;2.62;0.57;0.62;0.0;2.57;2.19;89.97;40.32;41.08;43.85;31.88;50.14
47467;2025;José Luis Morales;0.69;1.59;1.16;0.0;4.54;3.57;77.21;59.26;53.09;44.26;55.07;83.31
47468;2015;Ruben Rochina;2.14;7.96;2.77;0.0;8.2;7.1;91.09;92.95;65.68;46.1;94.81;98.24
47468;2017;Ruben Rochina;0.63;1.34;2.16;0.0;2.71;2.1;64.72;23.25;59.87;45.6;19.3;34.83
47468;2018;Ruben Rochina;1.58;7.45;2.44;0.0;8.08;8.61;86.72;88.89;52.92;46.05;97.18;99.25
47468;2019;Ruben Rochina;2.33;5.96;2.79;0.0;5.98;7.22;89.32;85.85;56.41;46.17;66.19;97.33
47468;2020;Ruben Rochina;0.5;2.87;3.6;0.0;6.02;5.98;71.43;80.29;80.86;44.14;78.57;94.43
47468;2021;Ruben Rochina;1.07;4.11;2.62;0.0;5.51;5.58;81.43;86.86;68.5;43.97;69.77;86.8
47469;2018;Nikola Vukčević;0.0;2.35;3.64;0.0;5.77;3.81;13.09;34.65;66.38;46.05;53.77;58.57
47469;2019;Nikola Vukčević;0.09;3.33;3.02;0.0;5.15;4.53;31.58;54.89;58.19;46.17;56.76;72.15
47469;2020;Nikola Vukčević;0.0;1.44;2.61;0.0;5.37;2.5;22.64;58.21;71.5;44.14;67.21;52.29
47469;2021;Nikola Vukčević;0.0;0.32;0.32;0.0;3.98;1.22;21.72;33.85;37.06;43.97;43.83;38.81
47470;2018;Raphael Dwamena;0.36;2.09;0.19;0.0;3.38;1.59;47.46;30.89;15.25;46.05;21.28;31.73
47471;2015;Roger Martí;1.07;1.75;0.0;0.0;4.71;3.09;77.64;25.88;7.61;46.1;29.41;52.6
47471;2017;Roger Martí;1.72;4.02;0.0;0.0;4.84;4.95;86.18;57.99;9.25;45.6;37.52;74.51
47471;2018;Roger Martí;3.86;2.62;0.26;0.0;4.53;3.11;98.31;38.89;18.17;46.05;33.71;47.08
47471;2019;Roger Martí;3.48;3.43;0.73;0.0;5.88;3.77;96.8;56.67;28.29;46.17;65.21;59.61
47471;2020;Roger Martí;3.02;2.83;0.62;0.0;4.37;4.43;97.71;79.57;43.0;44.14;49.64;79.36
47471;2021;Roger Martí;3.43;3.92;1.2;0.0;5.6;4.23;96.25;85.92;54.16;43.97;71.85;72.52
47471;2022;Roger Martí;0.63;1.88;0.65;0.0;4.67;2.85;70.17;63.8;44.19;43.77;48.74;62.04
47471;2023;Roger Martí;2.45;2.65;1.61;0.0;5.09;2.75;88.93;74.27;56.29;43.85;56.98;56.02
47472;2015;Borja Mayoral;0.0;1.27;0.0;0.0;2.45;1.48;14.66;20.04;7.61;46.1;15.77;29.68
47472;2017;Borja Mayoral;2.69;2.75;0.43;0.0;4.44;3.93;95.15;40.93;30.97;45.6;31.96;56.01
47472;2018;Borja Mayoral;1.54;4.2;0.49;0.0;5.13;4.69;86.16;63.84;23.16;46.05;41.62;72.5
47472;2019;Borja Mayoral;2.8;4.29;0.71;0.0;4.76;4.91;91.99;70.46;27.49;46.17;51.51;78.11
47472;2020;Borja Mayoral;0.0;0.0;0.0;0.0;0.1;0.0;22.64;10.43;13.07;44.14;21.21;12.93
47472;2021;Borja Mayoral;3.08;3.35;1.78;0.0;5.82;4.83;95.17;82.77;61.06;43.97;77.41;79.76
47472;2022;Borja Mayoral;2.78;2.88;0.17;0.0;5.74;3.82;93.56;75.84;32.84;43.77;64.78;75.35
47472;2023;Borja Mayoral;8.09;3.39;0.6;0.0;6.42;4.58;99.31;80.77;40.66;43.85;84.09;81.67
47472;2024;Borja Mayoral;1.76;1.63;0.48;0.0;4.76;2.37;92.67;60.92;40.3;43.69;46.47;59.7
47472;2025;Borja Mayoral;2.16;1.6;1.54;0.0;4.7;3.35;92.5;59.41;59.78;44.26;56.99;80.07
47473;2017;Jason;0.93;5.18;1.87;0.0;5.87;3.9;71.72;74.69;56.46;45.6;55.48;55.75
47473;2018;Jason;0.93;5.89;4.23;0.0;6.84;4.4;72.88;80.23;71.19;46.05;79.66;66.85
47473;2019;Jason;1.36;6.8;4.77;0.0;8.25;5.1;78.38;90.66;74.64;46.17;93.33;81.23
47473;2020;Jason;0.0;0.87;0.87;0.0;4.05;2.51;22.64;47.86;49.36;44.14;44.79;52.64
47473;2021;Jason;0.15;2.38;1.2;0.0;4.1;2.75;49.46;72.92;54.16;43.97;45.91;54.36
47474;2018;Jordi Masip;0.0;0.57;0.11;7.76;3.42;0.01;13.09;10.36;13.56;98.68;21.85;7.16
47474;2019;Jordi Masip;0.0;0.57;0.03;8.03;2.22;0.03;15.48;14.68;13.79;98.4;33.01;9.88
47474;2020;Jordi Masip;0.0;0.21;0.0;5.43;3.87;0.03;22.64;30.36;13.07;95.36;43.0;27.36
47474;2022;Jordi Masip;0.0;0.38;0.0;10.0;4.74;0.07;21.22;36.27;14.57;99.72;49.3;32.49
47475;2019;Samuel Pérez;0.0;0.0;0.0;0.3;0.0;0.0;15.48;0.71;6.58;92.88;11.57;4.63
47475;2020;Samuel Pérez;0.0;0.0;0.0;3.0;0.0;0.0;22.64;10.43;13.07;90.86;10.07;12.93
47476;2015;Yoel Rodríguez;0.0;1.09;0.59;1.51;1.84;0.1;14.66;18.92;36.27;94.06;13.91;12.34
47476;2016;Yoel Rodríguez;0.0;0.77;0.19;5.62;3.87;0.02;14.7;13.77;26.8;97.04;25.88;7.39
47476;2017;Yoel Rodríguez;0.0;0.03;0.0;1.0;0.0;0.0;14.99;1.17;9.25;93.27;0.99;4.67
47476;2018;Yoel Rodríguez;0.0;0.15;0.0;0.69;0.0;0.0;13.09;3.48;4.99;93.03;0.56;3.58
47476;2019;Yoel Rodríguez;0.0;0.14;0.23;2.07;0.06;0.0;15.48;5.16;18.95;95.37;24.02;4.63
47476;2020;Yoel Rodríguez;0.0;0.03;0.0;5.69;0.0;0.0;22.64;24.64;13.07;95.57;10.07;12.93
47478;2018;Fernando Calero;0.25;2.76;7.15;0.0;6.01;4.92;41.53;40.3;96.23;46.05;60.36;76.55
47478;2019;Fernando Calero;0.0;2.68;3.04;0.0;5.04;1.3;15.48;43.95;58.63;46.17;54.8;28.38
47478;2021;Fernando Calero;0.0;0.91;2.41;0.0;4.84;3.1;21.72;49.66;66.09;43.97;57.71;58.58
47478;2022;Fernando Calero;0.16;1.12;4.31;0.0;6.19;0.13;48.39;51.05;85.71;43.77;72.55;33.75
47478;2024;Fernando Calero;0.22;0.74;3.08;0.0;5.68;0.13;56.72;45.73;75.1;43.69;60.65;36.36
47478;2025;Fernando Calero;0.1;2.0;6.72;0.0;5.48;1.43;49.12;65.51;94.63;44.26;69.04;53.09
47479;2018;Moises Delgado;0.0;1.43;2.13;0.0;1.87;0.96;13.09;22.5;50.47;46.05;13.84;25.05
47480;2019;Mohammed Salisu;0.26;2.27;6.74;0.0;4.45;4.69;39.32;36.57;92.53;46.17;47.86;75.09
47481;2015;Nacho Martinez;0.1;3.63;4.87;0.0;6.4;1.17;31.82;54.55;83.95;46.1;59.74;24.77
47481;2018;Nacho Martinez;0.5;7.03;7.08;0.0;7.14;3.87;55.08;87.19;96.05;46.05;88.14;59.79
47481;2019;Nacho Martinez;0.24;6.31;6.07;0.0;5.43;3.61;38.26;88.08;88.35;46.17;59.79;56.14
47481;2020;Nacho Martinez;0.06;2.96;3.84;0.0;5.56;3.5;46.93;81.57;83.21;44.14;71.07;66.5
47482;2018;Javi Moyano;0.17;2.58;3.77;0.0;5.36;4.04;32.2;38.42;67.8;46.05;45.67;61.68
47482;2019;Javi Moyano;0.0;3.21;3.87;0.0;7.05;5.5;15.48;52.22;67.08;46.17;78.91;86.39
47482;2020;Javi Moyano;0.0;0.03;0.0;0.0;0.77;0.05;22.64;24.64;13.07;44.14;23.14;29.79
47483;2018;Kiko Olivas;0.06;2.82;6.2;0.0;6.86;6.1;26.37;41.34;90.49;46.05;80.79;90.02
47483;2019;Kiko Olivas;0.62;2.58;6.62;0.0;5.83;4.18;56.49;41.37;92.17;46.17;64.06;66.37
47483;2020;Kiko Olivas;0.0;0.37;2.49;0.0;2.37;0.05;22.64;35.36;69.79;44.14;31.14;29.79
47484;2018;Antoñito;0.44;4.75;2.92;0.0;5.02;4.28;52.82;70.15;58.19;46.05;39.74;65.63
47484;2019;Antoñito;0.0;3.53;5.91;0.0;6.8;2.31;15.48;58.36;86.39;46.17;75.27;37.72
47485;2018;Rubén Alcaraz;1.1;5.67;5.12;0.0;8.5;6.44;77.68;78.81;78.72;46.05;98.68;93.79
47485;2019;Rubén Alcaraz;1.21;5.02;5.41;0.0;8.29;6.75;75.62;77.58;81.76;46.17;93.77;95.73
47485;2020;Rubén Alcaraz;0.37;2.19;5.15;0.0;7.17;4.89;66.79;70.64;91.14;44.14;95.0;84.93
47485;2021;Rubén Alcaraz;2.09;5.49;7.9;0.0;8.72;6.26;91.82;93.16;97.86;43.97;99.06;91.69
47485;2022;Rubén Alcaraz;1.19;3.41;3.92;0.0;6.67;3.63;81.72;80.53;81.79;43.77;82.77;72.13
47485;2023;Rubén Alcaraz;1.91;3.75;7.68;0.0;8.14;4.25;84.72;82.85;98.06;43.85;98.41;77.52
47486;2018;Borja;0.11;1.76;2.87;0.0;5.6;1.24;29.19;27.87;57.44;46.05;51.51;29.0
47487;2018;Joaquín Fernández;0.65;1.74;5.28;0.0;6.65;0.31;64.12;27.4;80.79;46.05;75.05;17.89
47487;2019;Joaquín Fernández;1.09;2.72;7.04;0.0;5.49;3.75;72.69;44.75;94.04;46.17;60.14;58.99
47487;2020;Joaquín Fernández;0.4;0.82;5.91;0.0;5.62;0.22;67.71;47.14;96.0;44.14;71.86;33.29
47487;2022;Joaquín Fernández;0.25;1.02;5.32;0.0;6.84;1.14;54.69;49.3;91.46;43.77;84.87;40.2
47488;2015;Keko;1.45;7.77;1.03;0.0;8.05;5.51;83.86;91.65;44.62;46.1;93.78;90.17
47488;2016;Keko;0.41;5.72;0.61;0.0;6.02;3.71;46.21;77.82;39.0;45.75;65.99;61.0
47488;2017;Keko;0.5;4.29;0.63;0.0;6.22;3.99;58.08;61.94;34.38;45.6;65.53;57.72
47488;2018;Keko;1.28;3.25;1.88;0.0;5.84;5.15;82.96;49.62;47.83;46.05;55.65;78.44
47489;2018;Míchel Herrero;0.44;9.75;4.24;0.0;5.71;4.96;52.82;96.99;71.47;46.05;52.82;77.02
47489;2019;Míchel Herrero;0.47;7.24;4.62;0.0;3.18;4.56;50.18;91.81;72.69;46.17;36.12;72.86
47489;2020;Míchel Herrero;0.58;1.9;1.35;0.0;3.94;2.57;74.07;66.43;55.5;44.14;43.57;53.57
47490;2018;Pablo Hervias;0.21;2.14;0.14;0.0;1.51;1.21;37.85;31.07;14.12;46.05;12.99;28.81
47490;2019;Pablo Hervias;1.09;3.42;2.22;0.0;8.65;5.35;72.69;56.32;51.25;46.17;95.91;85.05
47490;2020;Pablo Hervias;0.53;5.26;1.79;0.0;5.03;4.52;72.36;93.29;62.86;44.14;60.86;80.07
47491;2020;Luismi;0.0;0.06;0.24;0.0;1.51;0.53;22.64;26.93;34.14;44.14;26.71;34.07
47492;2018;Toni Villa;1.48;5.34;3.06;0.0;7.15;7.46;84.65;75.99;60.26;46.05;88.61;98.31
47492;2019;Toni Villa;0.59;3.35;2.61;0.0;3.95;5.89;55.52;55.34;54.98;46.17;43.51;90.04
47492;2020;Toni Villa;0.58;1.58;1.76;0.0;5.24;4.04;74.07;61.79;62.21;44.14;65.36;74.43
47492;2022;Toni Villa;0.27;1.82;1.83;0.0;3.57;2.1;56.16;62.54;61.9;43.77;36.83;50.49
47492;2023;Toni Villa;0.38;0.02;0.0;0.0;0.97;0.06;56.02;24.48;13.69;43.85;24.41;30.01
47492;2024;Toni Villa;0.0;0.0;0.0;0.0;0.0;0.0;22.46;11.53;15.2;43.69;11.06;13.7
47493;2015;Duje Čop;2.86;4.25;0.9;0.0;5.47;2.04;94.25;62.71;42.12;46.1;39.89;37.01
47493;2016;Duje Čop;3.27;4.14;0.31;0.0;5.16;2.11;94.82;59.8;31.33;45.75;44.55;37.06
47493;2018;Duje Čop;0.59;2.83;0.85;0.0;3.72;0.81;59.79;41.71;29.66;46.05;24.67;22.03
47494;2018;Miguel de la Fuente;0.21;0.38;0.15;0.0;0.45;0.05;37.85;6.5;14.6;46.05;5.74;9.32
47494;2019;Miguel de la Fuente;0.27;0.56;0.5;0.0;3.8;2.11;41.64;14.41;24.2;46.17;42.08;35.77
47494;2021;Miguel de la Fuente;0.5;0.78;0.21;0.0;4.05;3.97;66.02;47.32;33.45;43.97;45.24;69.03
47494;2023;Miguel de la Fuente;0.38;0.01;0.0;0.0;0.96;0.17;56.02;22.06;13.69;43.85;24.2;34.16
47494;2024;Miguel de la Fuente;1.13;1.3;1.15;0.0;5.39;1.99;85.89;56.65;52.58;43.69;55.97;54.27
47495;2018;Sergi Guardiola;1.27;1.5;0.99;0.0;4.41;2.63;82.49;23.92;32.96;46.05;32.02;41.05
47495;2019;Sergi Guardiola;2.8;3.21;0.71;0.0;6.43;5.99;91.99;52.22;27.49;46.17;71.53;90.39
47495;2020;Sergi Guardiola;0.91;2.01;0.55;0.0;6.27;4.68;83.36;68.29;41.36;44.14;83.79;82.21
47495;2021;Sergi Guardiola;2.84;2.16;0.61;0.0;4.59;4.72;94.37;69.71;43.36;43.97;52.35;78.95
47495;2022;Sergi Guardiola;1.86;1.35;1.43;0.0;5.42;2.46;88.87;54.62;56.23;43.77;58.68;55.32
47495;2023;Sergi Guardiola;0.81;0.78;0.57;0.0;4.49;3.42;68.74;45.44;40.18;43.85;47.99;65.98
47495;2024;Sergi Guardiola;0.21;0.6;0.35;0.0;3.56;0.1;55.77;42.47;38.33;43.69;37.45;35.82
47496;2018;Óscar Plano;1.33;5.54;3.86;0.0;7.22;5.45;83.43;77.78;67.98;46.05;89.45;82.67
47496;2019;Óscar Plano;1.59;3.96;4.34;0.0;7.18;4.85;81.85;65.3;70.46;46.17;81.85;77.31
47496;2020;Óscar Plano;1.29;3.97;4.18;0.0;6.72;4.13;88.29;87.0;85.57;44.14;90.86;75.86
47496;2022;Óscar Plano;0.98;2.07;3.7;0.0;6.6;3.3;78.36;66.53;79.76;43.77;81.93;67.37
47497;2018;Stiven Plaza;0.0;0.12;0.0;0.0;0.58;0.15;13.09;3.01;4.99;46.05;7.16;15.73
47498;2018;Waldo Rubio Marin;1.92;3.02;0.23;0.0;3.14;3.13;90.4;45.2;16.57;46.05;20.15;47.36
47498;2019;Waldo Rubio Marin;0.52;4.41;1.1;0.0;4.0;3.82;52.4;72.51;36.21;46.17;43.86;60.77
47498;2020;Waldo Rubio Marin;0.31;0.18;0.35;0.0;2.2;2.16;63.36;29.71;36.64;44.14;29.86;48.93
47499;2017;Enes Ünal;1.94;3.13;0.29;0.0;5.14;1.82;89.05;45.87;26.48;45.6;41.38;31.78
47499;2018;Enes Ünal;1.81;3.75;0.42;0.0;6.95;3.82;88.61;58.0;21.56;46.05;83.8;58.95
47499;2019;Enes Ünal;2.95;4.22;1.69;0.0;6.26;5.43;93.51;69.13;45.02;46.17;69.22;85.77
47499;2020;Enes Ünal;1.31;2.37;0.59;0.0;7.31;3.92;88.43;74.0;41.86;44.14;95.71;72.64
47499;2021;Enes Ünal;4.74;3.4;2.08;0.0;8.82;5.54;98.12;83.11;63.74;43.97;99.46;86.13
47499;2022;Enes Ünal;5.3;4.0;1.67;0.0;9.89;4.97;99.44;85.29;59.38;43.77;99.86;89.08
47499;2023;Enes Ünal;0.0;1.86;0.0;0.0;1.9;1.32;21.85;62.03;13.69;43.85;28.63;42.88
47500;2018;Daniele Verde;1.02;3.59;0.88;0.0;3.77;2.98;75.05;56.4;30.7;46.05;25.52;45.1
47501;2015;Gorka Iraizoz;0.0;1.03;0.0;7.85;4.02;0.03;14.66;18.09;7.61;98.33;23.56;6.12
47501;2016;Gorka Iraizoz;0.0;0.9;0.0;5.17;4.19;1.22;14.7;15.34;9.98;96.49;29.67;25.88
47501;2017;Gorka Iraizoz;0.0;0.4;0.07;4.04;0.92;0.0;14.99;9.43;20.38;95.51;12.84;4.67
47501;2018;Gorka Iraizoz;0.0;0.57;0.23;4.49;2.5;0.85;13.09;10.36;16.57;95.67;16.38;23.07
47504;2017;Pedro Alcalá;1.05;1.55;4.18;0.0;5.14;3.3;74.87;25.85;75.22;45.6;41.38;47.13
47504;2018;Pedro Alcalá;0.43;2.93;6.5;0.0;7.07;2.9;51.6;43.88;92.56;46.05;86.72;43.88
47504;2020;Pedro Alcalá;0.0;0.13;1.75;0.0;3.78;1.11;22.64;29.29;61.93;44.14;42.14;39.29
47505;2015;Bernardo Espinosa;1.07;2.54;4.96;0.0;7.75;1.23;77.64;37.57;85.25;46.1;89.15;26.72
47505;2017;Bernardo Espinosa;0.24;3.24;6.54;0.0;6.68;1.66;44.88;48.03;90.84;45.6;76.39;31.06
47505;2018;Bernardo Espinosa;0.55;3.95;5.8;0.0;6.92;2.49;58.0;60.08;86.35;46.05;82.77;38.98
47505;2019;Bernardo Espinosa;1.47;2.39;4.8;0.0;9.62;1.96;80.78;38.08;75.44;46.17;99.11;34.43
47505;2022;Bernardo Espinosa;0.56;1.45;1.51;0.0;5.95;2.4;67.09;56.79;57.35;43.77;68.7;54.41
47505;2023;Bernardo Espinosa;0.0;0.03;0.19;0.0;2.74;0.05;21.85;25.45;32.02;43.85;32.92;28.35
47506;2016;Raúl García;0.0;3.32;1.88;0.0;5.37;2.33;14.7;48.43;59.33;45.75;48.06;40.2
47506;2017;Raúl García;0.1;7.09;4.07;0.0;6.26;4.07;33.57;87.7;74.42;45.6;66.61;59.69
47506;2018;Raúl García;0.11;2.4;4.38;0.0;5.06;3.1;29.19;35.4;73.35;46.05;40.58;46.8
47506;2019;Raúl García;0.33;2.86;3.52;0.0;3.5;2.29;45.55;46.98;63.52;46.17;38.61;37.46
47506;2020;Raúl García;0.77;1.54;2.1;0.0;5.4;3.44;81.07;60.29;65.71;44.14;67.71;65.57
47508;2017;Marc Muniesa;0.16;3.2;8.4;0.0;7.09;3.42;36.89;47.58;98.38;45.6;85.46;49.46
47508;2018;Marc Muniesa;0.11;3.64;8.53;0.0;7.23;5.28;29.19;57.06;99.25;46.05;89.74;80.7
47509;2015;Carles Planas;0.08;3.85;4.95;0.0;6.55;1.81;30.98;58.07;84.88;46.1;62.89;33.21
47509;2016;Carles Planas;0.0;6.64;4.68;0.0;6.99;2.75;14.7;86.88;87.71;45.75;88.72;44.36
47509;2017;Carles Planas;0.0;2.96;1.39;0.0;1.94;0.0;14.99;43.99;49.64;45.6;17.59;4.67
47509;2018;Carles Planas;0.0;2.54;1.48;0.0;3.56;0.78;13.09;37.66;41.9;46.05;22.6;21.47
47510;2017;Jonas Ramalho;0.08;2.23;4.76;0.0;5.97;4.7;31.87;34.92;80.34;45.6;58.89;71.1
47510;2018;Jonas Ramalho;0.39;2.38;3.07;0.0;4.85;2.02;48.96;35.22;60.45;46.05;37.57;35.22
47510;2020;Jonas Ramalho;0.0;0.33;0.85;0.0;4.9;2.32;22.64;33.93;48.86;44.14;58.71;50.14
47510;2021;Jonas Ramalho;0.0;0.1;0.71;0.0;3.38;0.0;21.72;28.95;45.91;43.97;37.06;13.4
47511;2017;Juanpe;1.26;2.69;5.55;0.0;5.91;2.94;79.08;39.86;86.0;45.6;56.91;42.19
47511;2018;Juanpe;0.39;3.16;6.08;0.0;7.01;4.14;48.96;47.93;89.45;46.05;85.12;64.22
47511;2022;Juanpe;0.29;1.46;2.68;0.0;5.45;1.15;57.42;57.14;70.8;43.77;59.24;40.48
47511;2023;Juanpe;0.0;0.71;1.75;0.0;5.05;1.03;21.85;44.12;58.85;43.85;55.95;37.83
47511;2024;Juanpe;0.0;1.03;1.48;0.0;5.99;0.03;22.46;51.22;56.99;43.69;65.54;29.58
47513;2017;Aday Benítez;1.22;4.23;1.93;0.0;5.5;5.0;78.28;60.77;57.63;45.6;47.31;74.96
47513;2018;Aday Benítez;0.64;7.95;3.18;0.0;5.22;3.87;62.81;91.24;61.21;46.05;42.56;59.79
47514;2018;Valery Fernández;0.13;2.53;2.84;0.0;6.0;5.8;30.13;37.38;57.16;46.05;59.79;87.48
47514;2022;Valery Fernández;0.0;2.62;1.42;0.0;5.72;3.81;21.22;72.62;55.74;43.77;64.5;75.0
47514;2023;Valery Fernández;0.62;0.76;0.76;0.0;4.72;3.2;63.35;44.88;45.23;43.85;50.97;62.86
47514;2024;Valery Fernández;0.54;0.19;0.6;0.0;3.27;0.61;70.08;32.23;42.81;43.69;35.69;38.2
47515;2017;Borja García;0.79;9.16;2.56;0.0;7.08;5.9;68.67;94.79;62.12;45.6;85.1;89.05
47515;2018;Borja García;1.03;7.28;4.18;0.0;7.39;6.61;75.42;87.95;70.53;46.05;91.53;94.63
47515;2020;Borja García;0.27;2.68;1.38;0.0;5.4;5.44;60.57;78.14;56.21;44.14;67.71;90.57
47515;2022;Borja García;0.84;1.49;1.78;0.0;5.97;3.58;74.72;57.56;61.2;43.77;69.12;70.87
47515;2023;Borja García;0.0;0.0;0.0;0.0;0.0;0.0;21.85;10.1;13.69;43.85;9.68;12.86
47516;2017;Aleix García;0.52;5.56;2.45;0.0;5.42;3.34;59.07;78.01;61.58;45.6;46.41;48.29
47516;2018;Aleix García;0.62;6.93;2.89;0.0;5.17;3.72;61.3;86.25;57.72;46.05;42.0;56.69
47516;2020;Aleix García;0.12;3.11;1.12;0.0;3.36;0.96;50.29;82.71;52.64;44.14;37.64;36.43
47516;2022;Aleix García;1.52;10.0;5.28;0.0;6.77;4.27;85.57;99.65;90.62;43.77;84.31;81.23
47516;2023;Aleix García;1.87;10.0;5.83;0.0;6.19;5.23;84.37;99.59;94.33;43.85;80.15;89.07
47517;2017;Alex Granell;0.62;10.0;3.93;0.0;7.14;7.41;63.64;98.03;73.16;45.6;87.07;97.13
47517;2018;Alex Granell;0.46;9.23;3.67;0.0;6.76;5.23;53.67;95.86;66.85;46.05;77.68;79.57
47518;2017;Pere Pons;0.27;3.59;2.04;0.0;7.31;6.52;46.23;53.05;58.89;45.6;90.13;93.18
47518;2018;Pere Pons;0.57;4.15;5.14;0.0;7.44;4.7;58.95;62.9;79.28;46.05;92.56;72.79
47518;2019;Pere Pons;0.27;2.23;2.57;0.0;3.44;1.24;41.64;35.94;54.54;46.17;38.08;27.67
47518;2020;Pere Pons;0.71;1.4;2.04;0.0;4.88;2.5;78.21;57.5;64.86;44.14;58.36;52.29
47518;2021;Pere Pons;0.58;1.72;2.25;0.0;4.78;2.69;68.43;63.2;64.95;43.97;56.37;54.02
47519;2018;Pedro Porro;0.4;5.26;4.03;0.0;6.12;4.81;49.91;74.76;69.3;46.05;63.37;75.05
47519;2019;Pedro Porro;0.0;2.24;3.5;0.0;0.0;4.85;15.48;36.12;63.26;46.17;11.57;77.31
47520;2017;Portu;2.66;5.88;0.72;0.0;6.27;5.21;94.79;80.97;36.89;45.6;67.15;77.56
47520;2018;Portu;2.33;5.13;1.51;0.0;5.92;4.59;92.66;73.82;42.56;46.05;58.29;70.06
47520;2019;Portu;2.41;6.1;2.24;0.0;5.11;2.84;89.77;86.65;51.69;46.17;56.05;43.95
47520;2020;Portu;1.65;3.34;0.97;0.0;4.38;3.43;92.43;84.79;50.43;44.14;50.0;65.36
47520;2021;Portu;0.93;2.36;1.2;0.0;4.3;3.49;78.42;72.39;54.16;43.97;48.53;63.4
47520;2022;Portu;0.41;3.79;2.4;0.0;5.58;3.04;62.54;83.75;68.07;43.77;61.83;64.36
47520;2023;Portu;1.55;1.81;1.11;0.0;2.61;0.83;81.54;61.13;49.79;43.85;32.09;36.93
47520;2024;Portu;0.46;2.35;0.77;0.0;5.08;2.08;67.84;69.67;46.54;43.69;51.7;55.36
47520;2025;Portu;0.96;1.03;1.13;0.0;3.35;0.17;82.35;51.47;52.79;44.26;42.06;38.53
47521;2018;Patrick Roberts;0.56;2.91;0.66;0.0;4.69;5.37;58.47;43.6;26.27;46.05;34.84;81.83
47522;2017;Douglas Luiz;0.7;2.58;0.0;0.0;4.19;3.33;66.97;38.96;9.25;45.6;29.17;47.85
47522;2018;Douglas Luiz;0.0;4.07;3.5;0.0;6.62;6.75;13.09;61.39;64.5;46.05;74.29;95.67
47523;2017;Kévin Soni;0.0;0.16;0.34;0.0;0.6;0.32;14.99;4.31;28.46;45.6;9.69;18.58
47523;2018;Kévin Soni;0.21;1.6;0.43;0.0;2.27;2.2;37.85;25.14;21.94;46.05;15.63;37.29
47523;2019;Kévin Soni;0.0;0.04;0.0;0.0;0.0;0.0;15.48;2.22;6.58;46.17;11.57;4.63
47524;2018;Seydou Doumbia;1.64;0.62;0.32;0.0;3.7;4.48;87.29;11.58;19.59;46.05;23.92;68.17
47525;2017;Anthony Lozano;1.5;1.94;1.64;0.0;5.79;4.29;84.29;30.25;53.86;45.6;53.77;63.64
47525;2018;Anthony Lozano;1.18;1.52;0.17;0.0;4.44;2.2;80.51;24.2;14.88;46.05;32.58;37.29
47525;2020;Anthony Lozano;1.44;1.6;0.73;0.0;6.29;5.24;89.5;62.43;46.0;44.14;84.14;89.5
47525;2021;Anthony Lozano;3.0;1.63;0.31;0.0;6.07;6.4;94.57;61.06;36.66;43.97;82.24;92.36
47525;2022;Anthony Lozano;0.87;1.58;0.36;0.0;6.49;3.84;76.4;58.82;38.31;43.77;80.39;75.56
47525;2023;Anthony Lozano;1.91;1.05;0.68;0.0;4.18;1.32;84.72;49.1;43.22;43.85;43.43;42.88
47527;2018;Stole Dimitrievski;0.0;0.66;0.0;4.2;5.03;0.1;13.09;12.05;4.99;95.29;40.02;14.12
47527;2021;Stole Dimitrievski;0.0;0.21;0.06;10.0;5.56;0.09;21.72;31.17;30.29;99.6;71.38;31.9
47527;2022;Stole Dimitrievski;0.0;0.35;0.0;5.27;5.57;0.04;21.22;35.71;14.57;94.54;61.41;30.04
47527;2023;Stole Dimitrievski;0.0;0.53;0.0;7.87;5.2;1.24;21.85;38.93;13.69;97.79;59.47;41.01
47527;2024;Stole Dimitrievski;0.0;0.02;0.0;5.97;0.0;0.0;22.46;25.85;15.2;95.93;11.06;13.7
47527;2025;Stole Dimitrievski;0.0;0.06;0.0;7.67;1.35;0.03;24.41;29.85;15.81;98.97;31.69;31.47
47528;2015;Alberto Garcia;0.0;0.26;0.16;2.2;1.27;0.05;14.66;5.75;19.39;94.62;11.32;8.44
47528;2018;Alberto Garcia;0.0;0.92;0.26;5.17;2.75;0.06;13.09;15.73;18.17;96.33;17.89;11.77
47529;2021;Miguel Ángel Morro;0.0;0.0;0.0;1.0;0.0;0.0;21.72;10.86;14.28;90.28;10.99;13.4
47529;2022;Miguel Ángel Morro;0.0;0.0;0.0;5.0;0.0;0.0;21.22;10.43;14.57;92.65;10.71;13.59
47529;2023;Miguel Ángel Morro;0.0;0.0;0.0;0.5;0.0;0.0;21.85;10.1;13.69;88.38;9.68;12.86
47529;2024;Miguel Ángel Morro;0.0;0.0;0.0;0.5;0.0;0.0;22.46;11.53;15.2;88.2;11.06;13.7
47530;2018;Sergio Akieme;0.0;1.4;0.93;0.0;1.08;0.74;13.09;22.22;31.64;46.05;10.55;20.9
47530;2022;Sergio Akieme;0.78;2.93;2.87;0.0;5.95;5.03;73.67;76.54;72.13;43.77;68.7;89.5
47530;2023;Sergio Akieme;1.72;3.9;4.63;0.0;6.37;5.57;83.06;83.82;86.45;43.85;83.26;91.01
47531;2017;Jordi Amat;0.08;5.08;4.65;0.0;5.83;5.28;31.87;73.61;79.53;45.6;54.49;78.37
47531;2018;Jordi Amat;0.07;2.83;5.49;0.0;6.32;5.67;26.93;41.71;83.05;46.05;68.08;85.78
47532;2018;Abdoulaye Ba;0.5;2.63;6.53;0.0;7.06;2.88;55.08;39.17;92.84;46.05;86.16;43.22
47533;2018;Alejandro Catena;0.21;0.57;3.09;0.0;1.32;0.1;37.85;10.36;60.64;46.05;12.15;14.12
47533;2021;Alejandro Catena;0.81;2.55;5.38;0.0;7.39;3.92;74.93;75.34;88.87;43.97;95.71;68.7
47533;2022;Alejandro Catena;0.57;2.72;4.52;0.0;6.97;2.13;67.79;74.16;86.9;43.77;85.99;51.12
47533;2023;Alejandro Catena;0.74;2.3;3.87;0.0;6.1;2.09;66.74;68.88;79.18;43.85;77.73;48.41
47533;2024;Alejandro Catena;0.45;2.83;6.18;0.0;7.49;3.73;67.23;75.44;93.55;43.69;90.09;81.0
47533;2025;Alejandro Catena;0.73;3.31;6.44;0.0;6.95;1.73;78.46;80.0;93.97;44.26;89.04;56.91
47534;2016;Alejandro Gálvez;0.24;2.19;5.49;0.0;5.83;1.37;39.09;31.61;92.14;45.75;59.61;28.28
47534;2017;Alejandro Gálvez;0.55;2.1;7.01;0.0;5.32;2.8;60.23;32.85;93.36;45.6;44.61;40.75
47534;2018;Alejandro Gálvez;0.63;3.12;9.23;0.0;6.78;1.33;61.68;46.99;99.72;46.05;78.34;29.94
47536;2023;Martín Pascual;0.0;0.0;0.0;0.0;0.0;0.0;21.85;10.1;13.69;43.85;9.68;12.86
47537;2015;Tito;0.23;4.27;4.34;0.0;6.91;3.93;44.16;62.99;79.96;46.1;72.54;68.27
47537;2016;Tito;0.0;3.67;5.37;0.0;5.71;1.89;14.7;53.42;91.5;45.75;56.01;34.47
47537;2017;Tito;0.0;1.62;3.51;0.0;4.02;1.12;14.99;26.84;69.48;45.6;27.56;25.4
47537;2018;Tito;0.14;3.27;3.47;0.0;5.44;1.67;30.98;50.0;63.84;46.05;47.74;32.67
47538;2015;Emiliano Velazquez;1.95;2.81;4.14;0.0;7.39;2.96;89.42;41.74;78.01;46.1;83.67;50.37
47538;2018;Emiliano Velazquez;0.36;3.56;10.0;0.0;7.43;5.51;47.46;55.93;100.0;46.05;92.18;83.9
47539;2015;Uche Agbo;0.0;1.76;1.87;0.0;3.33;0.85;14.66;26.16;56.59;46.1;20.04;20.69
47539;2016;Uche Agbo;0.15;5.91;3.24;0.0;7.01;6.21;32.62;79.94;72.55;45.75;88.91;93.53
47539;2018;Uche Agbo;0.0;2.18;1.96;0.0;3.23;2.0;13.09;31.26;48.96;46.05;20.34;34.75
47540;2021;Ángel Algobia;0.0;0.0;0.0;0.0;0.0;0.0;21.72;10.86;14.28;43.97;10.99;13.4
47540;2022;Ángel Algobia;0.08;0.9;1.69;0.0;4.27;2.64;43.63;47.06;59.8;43.77;43.56;58.89
47541;2018;Santi Comesaña;0.26;4.89;5.12;0.0;7.21;5.83;42.75;72.13;78.72;46.05;89.27;88.04
47541;2021;Santi Comesaña;0.58;4.7;7.06;0.0;8.36;8.03;68.43;90.21;96.65;43.97;98.79;98.26
47541;2022;Santi Comesaña;1.06;5.94;5.87;0.0;7.48;5.86;79.41;93.07;94.4;43.77;93.0;95.31
47541;2023;Santi Comesaña;1.28;2.24;4.6;0.0;6.34;5.38;77.46;67.84;86.31;43.85;82.92;89.83
47541;2024;Santi Comesaña;1.0;4.44;6.91;0.0;7.56;4.01;83.72;88.81;96.74;43.69;90.64;85.48
47541;2025;Santi Comesaña;0.97;4.16;5.4;0.0;6.89;3.17;82.65;85.44;88.97;44.26;88.75;77.35
47542;2015;Gorka Elustondo;0.77;3.03;4.12;0.0;4.22;2.03;68.27;45.36;77.74;46.1;25.6;36.73
47542;2016;Gorka Elustondo;0.23;1.76;1.07;0.0;1.08;0.0;37.62;26.8;49.54;45.75;10.72;3.6
47542;2018;Gorka Elustondo;0.0;2.2;2.45;0.0;2.98;0.68;13.09;31.54;53.3;46.05;19.02;20.15
47543;2018;Álvaro García;1.1;3.39;1.99;0.0;3.83;2.89;77.68;52.17;49.25;46.05;26.18;43.5
47543;2021;Álvaro García;3.08;5.8;5.04;0.0;5.29;4.35;95.17;94.24;86.8;43.97;65.95;74.4
47543;2022;Álvaro García;2.52;6.61;4.98;0.0;6.48;4.07;92.86;95.24;89.57;43.77;79.9;78.22
47543;2023;Álvaro García;3.47;5.24;4.23;0.0;5.3;3.33;93.91;91.56;82.09;43.85;61.55;64.73
47543;2024;Álvaro García;2.19;6.49;3.78;0.0;5.58;2.68;94.84;95.52;81.14;43.69;58.41;64.86
47543;2025;Álvaro García;1.97;5.85;2.76;0.0;4.37;1.14;91.62;92.21;71.47;44.26;53.38;49.41
47544;2018;Giannelli Imbula;0.58;6.55;1.31;0.0;6.94;9.21;59.32;84.56;39.17;46.05;83.52;99.44
47545;2015;Gaël Kakuta;0.0;0.16;0.0;0.0;0.62;0.35;14.66;3.71;7.61;46.1;6.86;18.18
47545;2016;Gaël Kakuta;1.58;3.52;0.61;0.0;5.68;5.81;80.68;50.83;39.0;45.75;55.64;91.04
47545;2018;Gaël Kakuta;0.53;2.91;2.72;0.0;5.23;4.95;56.78;43.6;55.74;46.05;42.75;76.84
47546;2015;Álvaro Medrán;1.82;3.98;1.37;0.0;6.47;3.84;87.57;59.55;49.63;46.1;60.95;65.68
47546;2016;Álvaro Medrán;1.13;4.91;0.65;0.0;4.74;3.56;72.83;70.06;40.48;45.75;36.41;57.86
47546;2017;Álvaro Medrán;0.62;2.57;1.26;0.0;2.95;2.55;63.64;38.78;47.31;45.6;20.47;37.97
47546;2018;Álvaro Medrán;1.53;8.34;1.84;0.0;5.27;5.19;85.78;92.84;47.08;46.05;43.6;78.91
47547;2018;Álex Moreno;0.53;5.28;5.14;0.0;6.9;6.07;56.78;75.24;79.28;46.05;82.11;89.45
47547;2019;Álex Moreno;0.7;5.79;4.2;0.0;5.3;6.07;59.7;84.88;69.31;46.17;58.27;90.93
47547;2020;Álex Moreno;0.19;3.08;4.44;0.0;5.9;4.64;54.5;82.43;87.43;44.14;76.14;81.64
47547;2021;Álex Moreno;1.64;3.93;7.88;0.0;7.03;4.34;88.4;86.19;97.72;43.97;92.56;73.99
47547;2022;Álex Moreno;0.71;4.11;6.14;0.0;7.14;4.26;71.92;86.2;94.96;43.77;88.17;81.02
47547;2025;Álex Moreno;0.46;3.79;4.96;0.0;6.43;4.77;70.51;83.68;86.25;44.26;82.28;93.24
47548;2021;Manuel Navarro;0.0;0.0;0.0;0.0;0.0;0.0;21.72;10.86;14.28;43.97;10.99;13.4
47549;2018;José Pozo;1.18;6.09;0.54;0.0;5.74;7.81;80.51;81.07;24.29;46.05;53.3;98.87
47549;2021;José Pozo;0.0;0.87;0.26;0.0;1.96;0.07;21.72;48.59;35.12;43.97;29.89;31.1
47549;2022;José Pozo;0.0;0.28;0.23;0.0;3.35;1.33;21.22;33.54;34.8;43.77;34.87;42.37
47549;2023;José Pozo;0.0;0.02;0.08;0.0;1.79;0.02;21.85;24.48;29.11;43.85;28.15;26.28
47550;2016;Mario Suárez;1.08;3.17;3.34;0.0;6.23;5.19;71.63;45.47;73.48;45.75;72.18;85.03
47550;2018;Mario Suárez;1.22;5.28;5.56;0.0;8.12;6.0;81.26;75.24;83.43;46.05;97.55;89.08
47550;2021;Mario Suárez;0.24;0.32;1.13;0.0;4.72;2.78;55.36;33.85;53.49;43.97;54.89;54.56
47550;2022;Mario Suárez;0.0;0.0;0.0;0.0;0.01;0.0;21.22;10.43;14.57;43.77;21.5;13.59
47551;2018;Raúl de Tomás;4.86;3.08;0.69;0.0;6.11;6.09;99.06;46.23;27.12;46.05;63.09;89.83
47551;2019;Raúl de Tomás;4.29;2.71;2.28;0.0;7.73;8.05;98.04;44.48;52.14;46.17;88.17;99.11
47551;2021;Raúl de Tomás;6.79;3.75;1.11;0.0;6.69;7.97;99.73;85.05;52.82;43.97;89.21;98.12
47551;2022;Raúl de Tomás;3.27;1.74;0.09;0.0;5.69;5.48;95.94;61.34;31.3;43.77;64.01;92.86
47551;2023;Raúl de Tomás;1.49;1.31;0.46;0.0;4.95;4.5;80.22;52.84;38.17;43.85;54.5;79.94
47551;2024;Raúl de Tomás;0.0;0.0;0.23;0.0;3.06;0.05;22.46;11.53;35.62;43.69;34.26;32.63
47552;2018;Franco di Santo;0.0;0.31;0.09;0.0;2.8;0.75;13.09;5.74;12.81;46.05;18.27;21.19
47553;2015;Bebé;1.7;5.81;1.07;0.0;6.46;5.12;86.18;80.52;45.92;46.1;60.67;86.92
47553;2016;Bebé;1.69;3.18;1.13;0.0;3.26;2.25;82.16;45.75;50.55;45.75;21.44;39.28
47553;2017;Bebé;0.21;4.61;0.49;0.0;4.26;3.36;41.83;67.32;32.14;45.6;30.16;48.65
47553;2018;Bebé;0.77;2.51;0.68;0.0;2.87;2.7;67.8;37.01;26.65;46.05;18.83;41.81
47553;2021;Bebé;0.76;1.97;0.27;0.0;4.39;5.35;72.92;67.36;35.66;43.97;49.8;83.91
47553;2022;Bebé;0.0;0.48;0.0;0.0;2.26;1.93;21.22;39.08;14.57;43.77;29.83;48.46
47553;2023;Bebé;1.02;0.37;0.02;0.0;3.56;3.82;73.93;34.23;27.59;43.85;37.14;73.51
47554;2015;Adrián Embarba;1.45;6.86;1.56;0.0;6.64;3.48;83.86;87.2;52.32;46.1;66.05;59.74
47554;2018;Adrián Embarba;1.66;7.94;2.7;0.0;6.28;5.24;87.57;90.96;55.27;46.05;67.04;80.04
47554;2019;Adrián Embarba;2.88;7.59;6.53;0.0;7.74;5.63;92.88;92.53;91.46;46.17;88.52;87.9
47554;2021;Adrián Embarba;1.23;4.47;3.2;0.0;6.12;5.85;84.05;89.34;74.6;43.97;82.84;89.48
47554;2022;Adrián Embarba;1.17;2.21;1.69;0.0;3.63;2.82;81.16;68.14;59.8;43.77;37.39;61.76
47554;2023;Adrián Embarba;3.13;6.08;3.79;0.0;6.78;5.44;92.25;94.12;78.49;43.85;90.59;90.32
47554;2024;Adrián Embarba;0.85;2.41;2.78;0.0;5.91;3.46;80.53;71.03;72.46;43.69;63.64;77.48
47555;2015;Javi Guerra;3.86;3.6;0.25;0.0;7.62;2.42;97.03;53.99;24.68;46.1;86.83;41.28
47555;2018;Javi Guerra;0.21;2.81;0.73;0.0;3.86;2.5;37.85;40.96;27.68;46.05;26.37;39.17
47556;2018;Sergio Moreno;0.21;0.11;0.0;0.0;0.16;0.05;37.85;2.73;4.99;46.05;2.26;9.32
47556;2021;Sergio Moreno;0.0;0.0;0.0;0.0;0.0;0.0;21.72;10.86;14.28;43.97;10.99;13.4
47557;2018;Óscar Trejo;0.65;7.33;4.38;0.0;7.49;5.79;64.12;88.51;73.35;46.05;92.84;87.19
47557;2021;Óscar Trejo;1.33;9.59;2.86;0.0;8.06;9.71;85.05;98.79;71.31;43.97;98.12;99.87
47557;2022;Óscar Trejo;1.17;6.43;3.06;0.0;8.01;7.03;81.16;94.82;73.81;43.77;96.36;98.6
47557;2023;Óscar Trejo;0.34;3.44;1.99;0.0;6.05;5.36;54.08;81.33;60.65;43.85;76.35;89.63
47557;2024;Óscar Trejo;0.24;1.19;0.57;0.0;3.66;2.11;58.68;54.55;42.13;43.69;38.47;55.77
47557;2025;Óscar Trejo;0.13;0.85;0.0;0.0;1.89;0.06;53.6;48.38;15.81;44.26;33.97;35.0
47558;2018;Aleksandar Jovanović;0.0;0.38;0.09;3.96;3.03;0.08;13.09;6.5;12.81;94.54;19.59;12.52
47559;2018;Roberto Santamaria;0.0;0.72;0.06;5.38;2.77;0.08;13.09;13.28;11.3;96.61;18.08;12.52
47560;2015;Javi Varas;0.0;0.87;0.4;7.5;6.03;3.68;14.66;15.21;31.35;97.96;50.46;62.99
47560;2016;Javi Varas;0.0;1.49;0.54;3.36;5.11;1.95;14.7;22.18;36.41;95.19;43.07;35.4
47561;2018;Carlos Akapo;0.17;2.3;6.02;0.0;6.82;3.95;32.2;33.43;88.61;46.05;79.1;60.45
47561;2020;Carlos Akapo;0.26;0.4;2.81;0.0;5.12;2.81;59.14;36.07;73.0;44.14;62.57;56.86
47561;2021;Carlos Akapo;0.1;1.31;7.77;0.0;6.53;4.38;47.59;57.1;97.59;43.97;87.73;74.8
47563;2015;Luisinho;0.11;2.49;1.49;0.0;7.23;5.75;32.56;37.01;51.58;46.1;80.52;92.49
47563;2016;Luisinho;0.0;3.79;3.9;0.0;6.37;4.62;14.7;54.44;80.41;45.75;76.8;76.25
47563;2017;Luisinho;0.42;4.66;7.26;0.0;8.27;6.88;53.23;67.59;94.7;45.6;97.67;94.34
47563;2018;Luisinho;0.21;2.34;5.29;0.0;4.02;2.9;37.85;34.46;81.17;46.05;27.68;43.88
47563;2020;Luisinho;0.0;0.39;0.74;0.0;4.02;0.11;22.64;35.64;46.36;44.14;44.21;32.43
47564;2017;Adrián Diéguez;0.0;0.83;2.83;0.0;3.42;3.71;14.99;17.68;64.36;45.6;23.88;52.78
47564;2018;Adrián Diéguez;0.21;1.32;5.19;0.0;6.19;4.05;37.85;21.28;80.41;46.05;65.25;62.34
47565;2015;Xabier Etxeita;0.07;3.06;5.44;0.0;6.14;2.93;29.96;46.47;89.61;46.1;52.6;49.72
47565;2016;Xabier Etxeita;0.0;2.03;3.95;0.0;5.56;0.2;14.7;29.02;81.05;45.75;52.77;13.86
47565;2017;Xabier Etxeita;0.63;1.06;2.07;0.0;2.0;0.1;64.72;20.29;59.16;45.6;18.13;14.72
47565;2018;Xabier Etxeita;1.1;1.64;5.62;0.0;6.44;1.1;77.68;26.27;84.09;46.05;70.72;27.5
47565;2019;Xabier Etxeita;0.32;1.07;4.43;0.0;7.56;0.35;44.75;22.95;71.53;46.17;86.83;18.51
47565;2020;Xabier Etxeita;0.0;0.25;1.29;0.0;3.66;0.93;22.64;31.57;54.43;44.14;40.71;36.0
47566;2018;Javi Galán;0.0;5.75;6.94;0.0;8.44;6.51;13.09;79.47;94.73;46.05;98.49;94.16
47566;2020;Javi Galán;0.19;5.74;7.25;0.0;9.18;10.0;54.5;93.86;98.71;44.14;99.71;99.93
47566;2021;Javi Galán;0.39;4.19;9.21;0.0;8.81;9.54;62.27;87.47;99.33;43.97;99.33;99.73
47566;2022;Javi Galán;0.08;7.13;8.17;0.0;9.5;7.27;43.63;95.94;99.44;43.77;99.3;99.3
47566;2023;Javi Galán;0.13;2.33;4.06;0.0;6.14;3.99;46.06;69.5;80.71;43.85;78.28;74.48
47566;2024;Javi Galán;0.0;2.76;3.45;0.0;7.24;4.02;22.46;74.83;78.49;43.69;87.38;85.62
47566;2025;Javi Galán;0.11;2.25;2.23;0.0;3.74;2.31;51.18;68.31;67.94;44.26;46.54;66.03
47567;2016;Martín Mantovani;0.36;1.8;5.32;0.0;6.95;3.68;43.9;27.17;90.94;45.75;88.26;60.17
47567;2017;Martín Mantovani;0.45;2.01;4.72;0.0;6.62;2.46;55.92;31.51;79.89;45.6;74.33;36.98
47567;2018;Martín Mantovani;1.5;1.27;7.3;0.0;6.96;0.8;85.12;20.62;96.8;46.05;84.09;21.66
47568;2018;Jorge Miramón;0.43;5.01;7.78;0.0;6.85;5.5;51.6;72.88;98.49;46.05;80.13;83.43
47568;2019;Jorge Miramón;0.26;5.23;6.78;0.0;7.18;4.32;39.32;79.8;92.88;46.17;81.85;68.33
47568;2020;Jorge Miramón;0.0;3.18;3.94;0.0;5.55;4.35;22.64;83.36;83.86;44.14;70.79;78.5
47568;2021;Jorge Miramón;0.36;2.38;4.64;0.0;5.54;5.54;60.79;72.92;84.99;43.97;70.78;86.13
47569;2018;Jorge Pulido;0.87;3.37;6.96;0.0;6.93;2.61;71.0;51.6;95.1;46.05;83.15;40.58
47569;2020;Jorge Pulido;0.39;1.98;5.87;0.0;6.23;3.01;67.36;67.5;95.71;44.14;82.64;59.5
47571;2018;Juan Aguilera;0.21;1.76;1.64;0.0;2.67;1.05;37.85;27.87;44.26;46.05;17.33;25.61
47572;2018;Camacho;0.43;1.18;0.23;0.0;0.89;0.81;51.6;20.06;16.57;46.05;9.42;22.03
47573;2018;David Ferreiro;0.91;7.5;1.9;0.0;5.15;4.99;72.69;89.45;48.21;46.05;41.81;77.59
47573;2020;David Ferreiro;0.98;8.55;2.17;0.0;5.46;6.06;84.36;98.14;66.71;44.14;69.07;94.86
47574;2015;Moi Gómez;1.26;4.32;0.86;0.0;4.1;3.85;81.82;63.45;40.82;46.1;23.93;66.23
47574;2016;Moi Gómez;0.86;8.41;0.17;0.0;5.28;5.54;64.51;93.81;25.79;45.75;46.77;89.09
47574;2018;Moi Gómez;0.71;8.99;3.02;0.0;5.49;4.97;66.2;95.67;59.98;46.05;48.49;77.31
47574;2019;Moi Gómez;1.77;5.96;2.64;0.0;4.21;3.55;84.34;85.85;55.69;46.17;45.55;55.07
47574;2020;Moi Gómez;1.26;4.71;1.7;0.0;5.21;5.0;88.14;91.14;61.0;44.14;64.86;86.43
47574;2021;Moi Gómez;0.71;2.94;1.07;0.0;4.05;4.11;71.31;78.82;51.68;43.97;45.24;70.84
47574;2022;Moi Gómez;1.25;7.87;2.13;0.0;5.84;5.56;82.56;97.34;65.13;43.77;66.46;93.49
47574;2023;Moi Gómez;1.62;3.93;2.59;0.0;5.72;4.95;81.81;83.96;66.39;43.85;69.36;87.28
47574;2024;Moi Gómez;0.06;1.62;1.31;0.0;4.72;3.47;46.27;60.79;54.55;43.69;45.86;77.75
47574;2025;Moi Gómez;0.24;2.87;2.21;0.0;5.61;2.23;60.96;75.74;67.65;44.26;70.22;64.85
47576;2018;Gonzalo Melero;1.07;6.95;1.73;0.0;5.66;3.57;76.37;86.44;45.86;46.05;52.54;54.14
47576;2019;Gonzalo Melero;1.3;4.11;2.21;0.0;5.58;4.71;76.96;67.44;50.8;46.17;61.39;75.44
47576;2020;Gonzalo Melero;1.78;4.13;2.52;0.0;5.98;4.25;93.14;88.14;70.14;44.14;77.57;77.29
47576;2021;Gonzalo Melero;2.44;3.2;2.86;0.0;5.63;3.89;93.3;81.43;71.31;43.97;72.79;68.3
47576;2022;Gonzalo Melero;1.87;3.86;2.43;0.0;6.26;4.12;89.22;84.24;68.42;43.77;74.51;78.71
47576;2023;Gonzalo Melero;0.74;1.94;1.3;0.0;4.72;2.89;66.74;63.35;53.39;43.85;50.97;58.44
47577;2018;Damian Musto;0.18;3.25;6.5;0.0;6.61;1.27;32.77;49.62;92.56;46.05;73.82;29.47
47578;2016;Cristian Rivera;0.14;2.44;2.05;0.0;4.33;2.81;31.98;34.47;61.0;45.75;30.68;45.1
47578;2017;Cristian Rivera;0.0;2.66;0.81;0.0;3.77;1.55;14.99;39.5;39.32;45.6;25.85;29.98
47578;2018;Cristian Rivera;1.07;3.81;5.77;0.0;6.08;5.08;76.37;58.57;85.88;46.05;62.34;77.97
47578;2019;Cristian Rivera;0.0;1.12;2.24;0.0;0.0;1.3;15.48;23.31;51.69;46.17;11.57;28.38
47579;2018;Chimy Ávila;2.77;3.54;0.79;0.0;6.36;4.24;94.73;55.37;28.81;46.05;68.83;65.07
47579;2019;Chimy Ávila;6.27;5.37;0.92;0.0;0.0;5.37;99.47;80.78;33.72;46.17;11.57;85.5
47579;2020;Chimy Ávila;0.46;0.06;1.46;0.0;3.81;0.25;69.64;26.93;57.57;44.14;42.29;33.5
47579;2021;Chimy Ávila;2.27;2.37;1.58;0.0;5.91;4.87;92.36;72.59;58.04;43.97;79.76;80.23
47579;2022;Chimy Ávila;3.46;2.66;0.54;0.0;5.87;4.25;96.92;73.39;43.0;43.77;67.3;80.74
47579;2023;Chimy Ávila;1.85;3.56;0.17;0.0;4.29;2.48;84.23;81.88;31.05;43.85;44.88;53.11
47579;2024;Chimy Ávila;1.35;2.73;0.48;0.0;5.16;2.69;88.74;74.63;40.3;43.69;52.92;65.4
47579;2025;Chimy Ávila;0.0;0.61;0.0;0.0;2.63;0.12;24.41;44.19;15.81;44.26;36.62;37.65
47580;2018;Álex Gallar;1.54;6.31;1.36;0.0;4.56;3.7;86.16;83.43;40.21;46.05;33.9;56.31
47581;2018;Enric Gallego;2.59;3.95;2.22;0.0;9.14;3.74;93.69;60.08;50.94;46.05;99.62;57.44
47581;2019;Enric Gallego;1.41;1.62;1.24;0.0;3.4;1.54;79.18;28.2;37.37;46.17;37.72;30.78
47581;2020;Enric Gallego;0.24;1.17;0.15;0.0;5.14;2.39;58.29;53.36;30.86;44.14;63.0;50.71
47582;2018;Cucho Hernández;2.01;5.09;1.19;0.0;6.46;5.0;90.77;73.07;36.63;46.05;71.0;77.78
47582;2019;Cucho Hernández;2.97;4.41;2.08;0.0;8.05;5.81;93.77;72.51;49.82;46.17;91.64;89.5
47582;2020;Cucho Hernández;1.51;4.55;1.7;0.0;7.4;6.4;90.21;90.36;61.0;44.14;96.14;96.29
47582;2024;Cucho Hernández;3.03;4.06;3.11;0.0;7.46;4.78;96.88;86.84;75.98;43.69;89.76;93.76
47582;2025;Cucho Hernández;3.75;6.87;3.31;0.0;6.95;4.33;98.09;95.29;76.1;44.26;89.04;90.59
47988;2023;Carl Starfelt;0.79;1.1;6.51;0.0;6.81;0.17;68.33;49.93;95.71;43.85;91.22;34.16
47988;2024;Carl Starfelt;0.23;3.37;6.52;0.0;7.41;1.23;57.46;80.05;95.12;43.69;89.01;45.73
47988;2025;Carl Starfelt;0.17;2.37;6.27;0.0;6.43;1.14;55.96;70.51;93.09;44.26;82.28;49.41
48014;2023;Aiham Ousou;0.0;0.37;3.24;0.0;5.8;1.62;21.85;34.23;71.51;43.85;71.78;44.54
48153;2015;Henok Goitom;0.0;0.91;0.23;0.0;1.09;0.1;14.66;15.77;23.01;46.1;10.2;12.34
48372;2021;Eray Cömert;0.18;0.6;1.08;0.0;2.61;0.0;52.14;42.49;52.08;43.97;32.84;13.4
48372;2022;Eray Cömert;0.65;1.25;4.15;0.0;6.28;2.08;70.8;53.15;83.61;43.77;74.79;50.21
48372;2024;Eray Cömert;0.08;0.91;4.18;0.0;6.22;3.1;48.24;48.91;83.85;43.69;69.27;71.37
48372;2025;Eray Cömert;0.38;0.2;1.66;0.0;4.19;0.06;66.84;32.21;61.62;44.26;50.81;35.0
48385;2016;Zdravko Kuzmanović;0.0;1.63;0.46;0.0;1.6;0.7;14.7;24.21;34.57;45.75;11.83;19.69
48385;2017;Zdravko Kuzmanović;0.0;6.53;0.0;0.0;3.08;1.77;14.99;83.57;9.25;45.6;20.83;31.6
48390;2015;Ricky van Wolfswinkel;0.81;3.34;1.06;0.0;4.93;1.9;68.55;50.09;45.45;46.1;32.28;34.42
48418;2017;Armando Sadiku;0.42;1.01;1.42;0.0;2.71;1.15;53.23;20.02;50.27;45.6;19.3;26.21
48465;2025;Filip Ugrinić;0.0;3.6;1.65;0.0;5.11;3.33;24.41;82.35;61.4;44.26;62.94;79.78
48471;2024;Ruben Vargas;1.74;5.02;1.57;0.0;6.12;4.06;92.54;90.71;58.14;43.69;67.03;86.02
48471;2025;Ruben Vargas;1.94;5.75;2.17;0.0;5.86;3.38;91.4;92.06;66.99;44.26;74.19;80.81
48555;2025;Charles Pickel;0.26;0.37;1.44;0.0;4.1;2.76;61.32;36.03;58.09;44.26;49.41;71.84
48573;2020;Jean-Pierre Rhyner;0.0;0.0;0.0;0.0;0.0;0.0;22.64;10.43;13.07;44.14;10.07;12.93
48589;2016;Aly Mallé;0.61;1.6;1.88;0.0;5.14;4.02;54.9;23.66;59.33;45.75;44.36;64.33
48690;2020;Eris Abedini;0.0;0.0;0.0;0.0;0.0;0.0;22.64;10.43;13.07;44.14;10.07;12.93
49859;2015;Arda Turan;0.95;7.32;0.59;0.0;5.45;3.03;74.4;89.24;36.27;46.1;39.42;51.58
49859;2016;Arda Turan;1.38;10.0;1.17;0.0;6.21;5.51;78.0;98.61;50.92;45.75;71.44;88.82
49905;2015;Thievy Bifouma;0.21;1.75;0.0;0.0;3.25;1.11;41.19;25.88;7.61;46.1;19.48;24.12
50009;2020;Jens Jønsson;0.13;1.57;6.2;0.0;6.26;4.29;51.14;61.21;97.29;44.14;83.5;77.79
50009;2021;Jens Jønsson;0.0;1.28;5.51;0.0;5.87;4.24;21.72;56.17;90.08;43.97;78.62;72.92
50026;2019;Chidozie Awaziem;0.0;2.12;5.95;0.0;6.77;3.67;15.48;34.61;86.83;46.17;74.82;57.03
50048;2021;Vedat Muriqi;5.11;4.96;1.1;0.0;9.83;4.49;98.66;91.35;52.35;43.97;99.87;76.74
50048;2022;Vedat Muriqi;4.9;3.16;1.57;0.0;9.52;3.52;99.16;78.57;58.75;43.77;99.44;69.82
50048;2023;Vedat Muriqi;5.15;5.29;1.22;0.0;8.8;4.42;96.82;91.7;51.45;43.85;99.59;79.39
50048;2024;Vedat Muriqi;2.63;4.11;0.94;0.0;9.29;3.1;96.34;87.58;50.07;43.69;99.32;71.37
50048;2025;Vedat Muriqi;6.67;1.75;0.32;0.0;8.66;4.78;99.85;61.62;38.31;44.26;99.41;93.38
50085;2015;Douglas;0.0;0.03;0.23;0.0;0.17;0.05;14.66;0.56;23.01;46.1;2.69;8.44
50085;2016;Douglas;1.18;5.51;2.53;0.0;7.99;7.21;74.03;76.52;66.64;45.75;97.78;97.5
50131;2016;Artem Kravets;1.99;3.08;0.0;0.0;4.37;2.49;85.95;43.99;9.98;45.75;31.24;41.96
50158;2016;Alessio Cerci;0.0;0.05;0.0;0.0;0.26;0.25;14.7;2.5;9.98;45.75;4.9;15.06
50180;2018;Serdar Gürler;0.33;3.31;0.46;0.0;4.32;3.44;46.14;50.75;22.5;46.05;30.79;52.54
50187;2015;Nabil Ghilas;0.54;2.83;0.61;0.0;5.66;3.28;57.24;42.3;36.83;46.1;42.49;56.59
50228;2015;Santiago Vergini;0.25;2.31;5.29;0.0;6.12;5.16;45.45;34.6;87.85;46.1;52.04;87.66
50502;2015;Álvaro Negredo;1.88;3.36;0.33;0.0;6.26;3.82;88.68;50.83;27.83;46.1;56.12;65.12
50502;2020;Álvaro Negredo;2.45;3.13;0.58;0.0;7.49;5.73;95.71;82.86;41.57;44.14;96.43;92.86
50502;2021;Álvaro Negredo;3.31;2.74;0.61;0.0;6.79;5.2;96.05;77.01;43.36;43.97;89.88;82.84
50502;2022;Álvaro Negredo;0.76;1.58;0.39;0.0;5.12;1.73;73.18;58.82;39.15;43.77;54.13;45.94
50502;2023;Álvaro Negredo;0.17;0.18;0.11;0.0;4.37;2.18;47.3;29.94;29.53;43.85;45.78;49.65
50856;2022;Valentin Castellanos;4.81;1.85;0.69;0.0;6.42;3.26;98.81;63.24;45.8;43.77;78.01;66.67
50907;2016;Nicolás Gaitán;1.18;6.49;1.21;0.0;5.42;4.82;74.03;85.21;51.76;45.75;49.35;79.3
50907;2017;Nicolás Gaitán;0.63;3.1;0.0;0.0;3.15;1.3;64.72;45.42;9.25;45.6;21.72;27.92
50910;2016;Aleksandar Katai;1.46;5.06;0.12;0.0;5.12;4.67;79.39;72.55;24.31;45.75;43.53;77.17
50910;2017;Aleksandar Katai;0.0;0.3;0.0;0.0;1.13;1.3;14.99;7.36;9.25;45.6;14.18;27.92
50940;2016;Nani;2.53;9.46;1.73;0.0;6.75;5.34;90.67;96.12;57.3;45.75;85.67;87.06
50974;2016;Przemysław Tytoń;0.0;0.77;0.63;2.72;3.44;0.04;14.7;13.77;39.83;94.73;22.55;7.76
50974;2017;Przemysław Tytoń;0.0;0.06;0.0;0.04;0.0;0.0;14.99;2.33;9.25;91.2;0.99;4.67
51012;2016;Carles Gil;0.79;7.28;0.52;0.0;5.45;5.05;62.85;90.02;35.77;45.75;50.55;83.36
51012;2017;Carles Gil;0.42;7.65;0.94;0.0;4.84;1.9;53.23;90.48;41.83;45.6;37.52;32.23
51014;2015;Wilfried Zahibo;0.0;0.72;0.53;0.0;1.32;0.05;14.66;12.8;35.16;46.1;11.69;8.44
51016;2024;Tajon Buchanan;0.66;2.46;1.51;0.0;6.77;4.51;74.63;71.71;57.39;43.69;80.12;91.79
51016;2025;Tajon Buchanan;2.18;2.94;4.38;0.0;6.41;4.15;93.01;76.62;83.68;44.26;81.62;89.71
51046;2015;Carlos Vela;1.83;7.98;0.23;0.0;7.2;5.56;87.76;93.14;23.01;46.1;80.24;90.91
51046;2016;Carlos Vela;2.89;9.82;0.06;0.0;6.63;7.0;93.72;96.86;21.81;45.75;82.9;97.04
51046;2017;Carlos Vela;0.97;4.89;0.0;0.0;6.66;6.43;72.98;70.92;9.25;45.6;75.58;92.82
51051;2023;Julian Araujo;0.6;3.13;5.61;0.0;6.66;4.59;62.45;78.63;93.08;43.85;88.93;82.02
51112;2015;Víctor Rodríguez;1.04;5.55;0.9;0.0;5.68;3.92;76.72;78.57;42.12;46.1;43.04;68.09
51112;2016;Víctor Rodríguez;1.44;5.28;0.08;0.0;5.44;3.42;78.74;74.68;22.37;45.75;50.18;54.9
51112;2020;Víctor Rodríguez;0.0;0.9;0.44;0.0;3.08;1.01;22.64;48.64;38.36;44.14;35.79;37.14
51177;2016;Cristian Espinoza;0.23;1.84;0.0;0.0;1.87;0.71;37.62;27.45;9.98;45.75;14.79;19.96
51241;2024;Tomás Conechny;0.9;1.02;0.94;0.0;5.09;2.47;81.75;50.81;50.07;43.69;51.9;60.92
51251;2015;Andreu Fontàs;0.64;4.17;3.09;0.0;4.98;1.33;62.24;61.6;68.09;46.1;32.75;28.01
51251;2016;Andreu Fontàs;0.4;3.95;4.82;0.0;6.22;2.68;45.56;56.28;88.54;45.75;71.72;44.18
51251;2017;Andreu Fontàs;0.0;6.11;2.81;0.0;4.24;0.0;14.99;81.87;64.0;45.6;29.62;4.67
51260;2016;Felipe Gutiérrez;0.64;6.12;1.96;0.0;6.08;3.65;56.1;82.62;60.26;45.75;67.65;59.52
51294;2015;Lass Bangoura;0.67;4.56;0.96;0.0;6.14;5.03;64.19;65.96;43.69;46.1;52.6;85.25
51449;2021;Gastón Álvarez;0.0;0.0;0.0;0.0;0.0;0.0;21.72;10.86;14.28;43.97;10.99;13.4
51449;2022;Gastón Álvarez;0.48;0.57;3.0;0.0;5.87;2.85;64.15;40.34;73.39;43.77;67.3;62.04
51449;2023;Gastón Álvarez;0.74;1.33;6.9;0.0;6.61;3.06;66.74;53.25;96.82;43.85;87.9;61.69
51530;2025;Federico Viñas;2.16;3.59;3.88;0.0;8.37;6.52;92.5;82.21;80.51;44.26;98.68;98.68
51564;2015;Marcos Angeleri;0.0;2.0;5.54;0.0;5.83;1.38;14.66;29.59;90.54;46.1;45.55;28.94
51570;2015;Álvaro Pereira;0.0;1.6;1.84;0.0;3.62;0.05;14.66;24.12;55.84;46.1;21.15;8.44
51576;2015;Chori Castro;0.67;7.02;0.93;0.0;5.46;4.82;64.19;88.13;42.95;46.1;39.7;81.63
51576;2016;Chori Castro;1.16;7.48;0.98;0.0;5.45;4.56;73.48;90.57;46.95;45.75;50.55;75.05
51576;2017;Chori Castro;1.37;6.79;2.31;0.0;6.35;5.15;82.23;85.46;60.23;45.6;68.22;77.29
51588;2022;Brian Ocampo;0.6;4.1;2.02;0.0;6.49;4.88;68.77;85.99;64.15;43.77;80.39;87.82
51588;2023;Brian Ocampo;0.7;0.46;0.55;0.0;4.23;4.01;65.35;36.31;39.76;43.85;43.91;75.03
51616;2019;Gabriel Fernández;0.68;1.42;0.02;0.0;2.14;3.2;58.72;25.53;13.26;46.17;31.76;48.93
51756;2021;Matías Arezo;0.55;1.48;0.61;0.0;3.62;1.64;67.29;59.18;43.36;43.97;39.54;42.96
51756;2023;Matías Arezo;0.77;0.43;0.87;0.0;3.67;1.26;67.7;35.68;46.89;43.85;39.14;41.49
53490;2015;Víctor Álvarez;0.48;3.8;1.37;0.0;7.08;3.24;55.19;57.33;49.63;46.1;77.18;55.84
53490;2016;Víctor Álvarez;0.0;0.36;1.09;0.0;2.4;1.08;14.7;8.32;50.0;45.75;17.19;22.92
53495;2016;Bakary Koné;0.0;1.65;2.53;0.0;3.55;1.45;14.7;24.58;66.64;45.75;23.75;29.21
53517;2022;Dennis Hadžikadunić;0.17;0.17;2.19;0.0;5.45;0.06;49.79;30.67;65.34;43.77;59.24;32.14
53625;2021;Varazdat Haroyan;0.47;0.75;4.93;0.0;5.76;2.65;65.15;46.31;86.13;43.97;75.94;53.22
53659;2015;Miguel Cardoso;0.0;1.41;0.0;0.0;0.8;0.35;14.66;20.96;7.61;46.1;8.35;18.18
53702;2015;Bojan Jokić;0.0;0.28;0.51;0.0;1.12;0.4;14.66;5.94;34.88;46.1;10.39;18.74
55393;2016;Elderson Echiejile;0.68;0.25;0.81;0.0;1.32;0.55;57.86;6.56;43.25;45.75;11.46;18.11
56131;2015;Aras Özbiliz;0.0;1.79;0.0;0.0;1.21;0.48;14.66;26.35;7.61;46.1;10.95;19.48
56283;2022;Lucas Rosa;0.1;1.58;3.63;0.0;6.0;2.79;45.38;58.82;79.34;43.77;70.24;61.41
56283;2024;Lucas Rosa;0.33;3.31;9.25;0.0;8.16;3.85;63.36;79.78;99.73;43.69;96.61;83.18
56473;2023;Matteo Gabbia;0.0;1.03;2.7;0.0;5.61;0.11;21.85;48.96;67.43;43.85;66.53;32.78
57446;2024;Akor Adams;0.46;0.03;0.0;0.0;1.74;0.55;67.84;27.54;15.2;43.69;29.17;37.58
57446;2025;Akor Adams;4.6;1.86;0.6;0.0;5.37;3.28;99.04;63.01;43.31;44.26;67.21;78.82
59927;2015;Alex Barrera;0.21;0.88;0.0;0.0;2.0;0.0;41.19;15.49;7.61;46.1;14.66;2.97
59937;2015;Miku Fedor;3.7;6.93;0.33;0.0;6.27;2.45;96.47;87.38;27.83;46.1;56.59;41.74
61142;2021;Dominik Greif;0.0;0.02;0.0;5.7;0.0;0.0;21.72;24.46;14.28;95.31;10.99;13.4
61142;2022;Dominik Greif;0.0;0.02;0.0;6.64;0.0;0.0;21.22;25.63;14.57;96.36;10.71;13.59
61142;2023;Dominik Greif;0.0;0.01;0.0;10.0;0.0;0.0;21.85;22.06;13.69;99.79;9.68;12.86
61142;2024;Dominik Greif;0.0;0.37;0.0;6.85;5.68;1.83;22.46;36.57;15.2;96.88;60.65;51.97
61160;2015;Dejan Dražić;0.0;0.92;0.0;0.0;1.5;1.07;14.66;16.14;7.61;46.1;12.43;23.1
61774;2024;Orri Steinn Óskarsson;1.21;0.84;0.62;0.0;4.89;1.24;87.31;47.83;43.28;43.69;48.71;45.93
61774;2025;Orri Steinn Óskarsson;1.15;0.41;0.69;0.0;2.4;0.75;84.19;37.65;45.0;44.26;35.74;42.72
62032;2015;Lévy Madinda;0.0;1.0;0.0;0.0;0.03;0.0;14.66;17.44;7.61;46.1;1.95;2.97
63542;2016;Martin Hongla;0.45;3.29;2.51;0.0;4.99;4.0;48.52;48.06;66.08;45.75;40.76;63.68
63542;2022;Martin Hongla;0.0;1.56;4.37;0.0;5.31;4.58;21.22;58.33;86.13;43.77;56.65;84.73
63542;2023;Martin Hongla;0.23;0.5;2.1;0.0;2.79;0.03;49.72;37.62;61.41;43.85;33.2;27.25
63550;2015;Karim Yoda;0.12;3.56;2.3;0.0;7.09;8.13;33.3;53.62;60.48;46.1;77.64;99.44
64256;2024;Andy Pelmard;0.0;0.68;1.66;0.0;4.69;1.2;22.46;44.44;59.29;43.69;45.59;45.59
64268;2017;Johan Mojica;0.14;5.32;3.28;0.0;7.02;5.46;35.64;76.12;66.97;45.6;84.11;82.05
64268;2018;Johan Mojica;0.0;0.15;0.23;0.0;0.27;0.05;13.09;3.48;16.57;46.05;4.33;9.32
64268;2020;Johan Mojica;0.27;3.05;4.36;0.0;5.71;3.86;60.57;82.21;86.64;44.14;73.5;71.43
64268;2021;Johan Mojica;0.6;5.35;4.98;0.0;6.87;5.21;68.9;92.63;86.6;43.97;91.22;83.11
64268;2022;Johan Mojica;0.05;1.38;1.83;0.0;3.89;1.85;42.44;54.9;61.9;43.77;39.57;47.55
64268;2023;Johan Mojica;0.11;4.2;3.51;0.0;5.47;3.69;44.54;86.58;75.66;43.85;64.11;71.37
64268;2024;Johan Mojica;0.31;5.32;3.88;0.0;6.17;3.99;61.94;92.13;81.82;43.69;67.77;85.28
64268;2025;Johan Mojica;0.22;5.65;5.28;0.0;6.65;3.21;57.43;91.47;87.94;44.26;85.15;77.79
64309;2019;Manuel Sánchez;0.0;1.45;3.84;0.0;3.82;0.54;15.48;26.16;66.55;46.17;42.79;19.93
64309;2020;Manuel Sánchez;0.06;2.9;1.73;0.0;2.47;1.43;46.93;80.71;61.5;44.14;31.86;41.86
64309;2021;Manuel Sánchez;0.24;3.07;5.46;0.0;5.83;4.73;55.36;79.83;89.14;43.97;77.68;79.22
64309;2022;Manuel Sánchez;0.22;3.77;3.6;0.0;5.57;3.12;52.03;83.33;79.13;43.77;61.41;65.27
64309;2023;Manuel Sánchez;0.21;3.32;4.19;0.0;5.12;3.03;48.76;80.36;81.4;43.85;57.68;60.72
64309;2024;Manuel Sánchez;0.27;2.11;7.58;0.0;6.74;1.77;60.38;67.64;98.24;43.69;79.72;51.15
64309;2025;Manuel Sánchez;0.49;2.81;7.08;0.0;6.76;2.89;71.47;75.0;96.03;44.26;86.54;72.87
64310;2017;Shaquell Kwame Moore;0.42;2.07;3.98;0.0;2.74;1.1;53.23;32.32;73.61;45.6;19.57;25.13
66407;2024;Ladislav Krejčí;0.62;4.43;4.63;0.0;6.95;3.18;72.12;88.6;87.04;43.69;82.77;72.66
66407;2025;Ladislav Krejčí;0.0;0.37;0.73;0.0;0.88;0.0;24.41;36.03;45.81;44.26;29.56;15.22
66491;2024;Jiří Letáček;0.0;0.0;0.0;5.0;0.0;0.0;22.46;11.53;15.2;93.28;11.06;13.7
66491;2025;Jiří Letáček;0.0;0.0;0.0;5.0;0.0;0.0;24.41;12.5;15.81;94.34;12.28;15.22
66761;2021;Milutin Osmajić;0.0;0.02;0.31;0.0;3.97;1.86;21.72;24.46;36.66;43.97;43.63;44.77
66761;2023;Milutin Osmajić;0.0;0.39;0.0;0.0;0.43;0.0;21.85;34.92;13.69;43.85;22.68;12.86
67939;2019;Aimar Oroz;0.0;0.22;0.0;0.0;0.11;0.0;15.48;7.12;6.58;46.17;24.56;4.63
67939;2020;Aimar Oroz;0.0;0.0;0.0;0.0;0.0;0.0;22.64;10.43;13.07;44.14;10.07;12.93
67939;2022;Aimar Oroz;1.21;5.51;2.94;0.0;6.77;5.25;82.0;91.88;72.97;43.77;84.31;92.02
67939;2023;Aimar Oroz;1.17;4.02;3.76;0.0;6.46;5.76;76.42;84.92;78.28;43.85;85.06;92.25
67939;2024;Aimar Oroz;1.62;5.65;2.85;0.0;7.69;5.98;91.79;93.08;73.41;43.69;92.06;98.51
67939;2025;Aimar Oroz;0.31;6.96;3.6;0.0;7.85;5.1;62.28;95.44;78.38;44.26;97.21;94.93
67940;2022;José Gragera;0.71;0.46;5.19;0.0;6.35;0.27;71.92;38.73;90.48;43.77;76.33;35.57
67940;2024;José Gragera;0.0;0.69;5.12;0.0;6.88;0.31;22.46;44.64;89.42;43.69;81.68;36.91
67955;2018;Carles Pérez;0.0;0.21;0.0;0.0;0.17;0.25;13.09;4.61;4.99;46.05;3.2;16.95
67955;2019;Carles Pérez;2.18;6.8;0.77;0.0;0.0;3.58;88.26;90.66;29.36;46.17;11.57;55.78
67955;2022;Carles Pérez;2.06;3.72;2.08;0.0;6.47;5.42;90.41;83.12;64.5;43.77;79.48;92.72
67955;2023;Carles Pérez;1.06;1.71;1.15;0.0;4.16;3.67;74.55;59.54;50.35;43.85;42.95;70.95
67955;2024;Carles Pérez;0.91;1.83;1.95;0.0;5.23;3.4;82.16;63.98;62.89;43.69;54.14;76.12
67972;2024;Conor Gallagher;0.63;2.56;3.86;0.0;6.5;3.77;73.07;72.93;81.68;43.69;74.76;81.48
67972;2025;Conor Gallagher;1.09;1.46;3.25;0.0;4.87;1.33;83.75;57.57;75.59;44.26;59.49;52.21
68193;2016;Mateo García;0.83;3.4;1.4;0.0;5.51;5.81;63.77;49.35;53.7;45.75;51.66;91.04
68202;2016;Bruno Gama;0.71;4.84;0.58;0.0;6.62;4.57;60.35;69.04;37.62;45.75;82.62;75.23
68202;2017;Bruno Gama;0.0;1.41;0.0;0.0;1.85;1.3;14.99;24.6;9.25;45.6;17.24;27.92
68483;2024;Bertuğ Yıldırım;0.62;1.07;0.54;0.0;6.59;2.91;72.12;52.58;41.66;43.69;76.93;68.52
70078;2020;Facundo Pellistri;0.33;0.63;1.46;0.0;5.24;5.14;64.93;42.57;57.57;44.14;65.36;88.07
70078;2021;Facundo Pellistri;0.16;0.71;0.99;0.0;4.19;3.33;50.74;45.71;50.4;43.97;47.32;60.72
70078;2023;Facundo Pellistri;2.55;5.31;4.22;0.0;7.05;5.09;89.42;91.84;81.74;43.85;93.64;88.24
70132;2016;Gaizka Toquero;0.69;3.56;0.17;0.0;5.83;3.08;59.06;51.76;25.79;45.75;59.61;48.8
70315;2023;Kirian Rodríguez;2.68;9.03;4.2;0.0;6.25;6.25;90.46;98.62;81.6;43.85;81.47;95.44
70315;2024;Kirian Rodríguez;0.99;6.18;4.32;0.0;7.04;4.36;83.45;94.3;84.94;43.69;83.99;89.42
70339;2020;Shon Weissman;1.92;2.38;0.87;0.0;4.11;2.75;93.43;74.14;49.36;44.14;45.71;55.57
70339;2022;Shon Weissman;1.6;0.77;0.26;0.0;3.44;1.88;86.27;43.63;35.85;43.77;35.57;48.04
70339;2023;Shon Weissman;0.0;0.01;0.02;0.0;2.09;1.19;21.85;22.06;27.59;43.85;29.39;39.63
70476;2024;Moussa Diarra;0.0;0.82;3.89;0.0;6.62;3.13;22.46;47.35;82.02;43.69;77.34;72.05
70476;2025;Moussa Diarra;0.0;0.34;0.87;0.0;3.93;0.89;24.41;35.29;48.38;44.26;47.94;44.41
70495;2015;Fran Rico;0.69;7.86;1.7;0.0;5.77;2.68;64.94;92.21;53.9;46.1;44.06;45.45
70495;2016;Fran Rico;1.19;4.47;4.32;0.0;5.89;1.53;74.49;64.14;84.47;45.75;61.65;30.5
70500;2023;Sergi Cardona;0.77;6.47;8.52;0.0;8.14;4.9;67.7;95.02;99.59;43.85;98.41;86.1
70500;2024;Sergi Cardona;0.51;6.9;6.65;0.0;7.58;2.68;69.47;96.88;95.66;43.69;90.77;64.86
70500;2025;Sergi Cardona;0.34;3.75;4.6;0.0;4.75;1.39;64.71;83.31;84.56;44.26;57.79;52.94
70546;2016;Fernando Amorebieta;0.16;2.18;6.28;0.0;6.44;3.72;32.99;31.42;96.3;45.75;78.65;61.37
70752;2015;Antolín Alcaraz;0.64;1.69;3.31;0.0;4.82;1.43;62.24;24.86;70.78;46.1;30.8;29.31
70775;2015;Roque Santa Cruz;0.76;3.51;0.23;0.0;4.59;0.24;67.35;53.43;23.01;46.1;28.2;16.14
72048;2022;Cenk Özkaçar;0.16;1.13;2.44;0.0;6.73;4.84;48.39;51.4;68.63;43.77;83.54;87.32
72048;2023;Cenk Özkaçar;0.32;0.79;3.1;0.0;5.27;2.0;52.97;45.64;70.12;43.85;60.86;47.1
72048;2024;Cenk Özkaçar;0.0;0.28;1.22;0.0;2.07;0.01;22.46;34.12;53.39;43.69;29.85;27.75
75414;2022;Nicolás Fernández;0.19;2.03;1.86;0.0;4.58;1.59;50.84;65.76;62.32;43.77;47.62;44.61
75908;2020;Diego Rodríguez;0.0;0.0;0.0;5.0;0.0;0.0;22.64;10.43;13.07;93.36;10.07;12.93
77168;2015;Álvaro Cejudo;0.93;5.22;1.43;0.0;7.43;5.41;73.38;75.32;50.19;46.1;84.32;89.33
77168;2016;Álvaro Cejudo;0.66;4.8;2.15;0.0;5.62;3.47;56.84;68.02;62.57;45.75;54.07;56.19
77184;2016;Asdrubal Padron;0.0;0.75;0.0;0.0;0.56;0.5;14.7;13.31;9.98;45.75;7.39;17.56
77623;2022;Youba Diarra;0.0;0.46;0.42;0.0;1.48;0.0;21.22;38.73;39.78;43.77;27.73;13.59
78370;2015;Heiko Westermann;0.64;1.82;5.75;0.0;7.87;4.12;62.24;27.18;91.65;46.1;91.74;71.99
78739;2015;Joan Verdu;0.65;9.53;1.15;0.0;5.28;3.18;63.45;95.92;47.59;46.1;36.55;54.08
80166;2021;Thiago Galhardo;1.69;1.89;1.07;0.0;4.98;2.86;88.81;66.35;51.68;43.97;60.46;55.63
80848;2015;Chengdong Zhang;0.0;0.09;0.23;0.0;0.0;0.0;14.66;2.32;23.01;46.1;0.93;2.97
80891;2018;Wu Lei;1.88;3.56;1.33;0.0;5.09;3.57;89.55;55.93;39.74;46.05;41.05;54.14
80891;2019;Wu Lei;0.0;0.42;0.0;0.0;0.0;0.0;15.48;11.65;6.58;46.17;11.57;4.63
80957;2017;Brown Ideye;0.8;1.89;0.13;0.0;5.45;2.88;69.21;29.62;21.81;45.6;46.68;41.65
82030;2015;Juan Rafael Fuentes;0.21;2.17;4.14;0.0;6.36;2.15;41.19;32.1;78.01;46.1;58.63;38.5
82030;2016;Juan Rafael Fuentes;0.14;2.81;3.53;0.0;5.38;0.92;31.98;39.83;76.34;45.75;48.43;21.35
83132;2015;Jesús Gámez;0.0;3.29;2.47;0.0;6.44;2.35;14.66;49.35;62.43;46.1;60.3;40.63
84086;2020;Robert Navarro;0.0;0.44;0.32;0.0;0.98;0.05;22.64;37.79;36.14;44.14;24.86;29.79
84086;2021;Robert Navarro;0.49;0.35;0.86;0.0;3.6;4.2;65.55;34.72;48.39;43.97;39.28;72.05
84086;2022;Robert Navarro;0.38;1.29;0.33;0.0;3.51;2.51;61.41;53.85;37.61;43.77;35.85;56.23
84086;2023;Robert Navarro;0.66;2.78;2.13;0.0;3.39;3.33;64.45;74.9;61.83;43.85;36.17;64.73
84086;2024;Robert Navarro;0.75;2.36;4.23;0.0;7.03;5.91;77.88;69.88;84.12;43.69;83.65;98.3
84086;2025;Robert Navarro;1.79;3.38;1.25;0.0;4.63;3.42;89.93;80.88;54.34;44.26;56.47;81.99
85703;2021;Thomas Carrique;0.0;0.0;0.0;0.0;0.0;0.0;21.72;10.86;14.28;43.97;10.99;13.4
86511;2019;Florent Poulolo;0.0;0.0;0.0;0.0;0.06;0.0;15.48;0.71;6.58;46.17;24.02;4.63
87220;2015;Michael Ciani;0.0;0.52;1.34;0.0;1.2;0.05;14.66;9.55;49.35;46.1;10.76;8.44
87220;2016;Michael Ciani;0.0;0.07;0.0;0.0;0.06;0.0;14.7;3.05;9.98;45.75;3.05;3.6
88774;2015;Nikos Karabelas;0.0;0.06;0.28;0.0;0.41;0.0;14.66;1.3;25.97;46.1;5.01;2.97
89886;2019;André Zambo Anguissa;0.55;2.43;1.68;0.0;0.0;3.71;53.91;39.23;44.75;46.17;11.57;58.1
89980;2015;Manu;0.0;0.32;0.0;1.35;2.65;0.1;14.66;6.31;7.61;93.69;16.51;12.34
90498;2016;Eliaquim Mangala;0.75;2.44;5.57;0.0;6.16;4.05;61.55;34.47;92.98;45.75;69.69;65.34
90498;2019;Eliaquim Mangala;0.0;1.78;3.26;0.0;5.06;0.89;15.48;30.43;61.12;46.17;55.25;23.49
90498;2020;Eliaquim Mangala;0.0;0.07;0.47;0.0;4.36;1.1;22.64;27.57;39.79;44.14;49.29;38.64
90521;2015;Álvaro Arbeloa;0.0;2.03;1.77;0.0;4.01;0.05;14.66;30.15;54.73;46.1;23.38;8.44
90646;2016;Pablo Insúa;0.39;1.47;5.2;0.0;5.51;2.63;44.92;22.0;90.3;45.75;51.66;43.81
90646;2018;Pablo Insúa;0.21;1.7;4.15;0.0;6.77;1.35;37.85;27.12;70.24;46.05;78.06;30.32
90646;2020;Pablo Insúa;0.0;0.86;4.36;0.0;5.65;1.9;22.64;47.71;86.64;44.14;72.71;46.43
90710;2015;Jordi Figueras;0.0;0.53;1.6;0.0;1.7;0.45;14.66;9.83;52.88;46.1;13.36;19.11
91225;2016;Panagiotis Kone;0.0;0.21;0.29;0.0;0.58;0.0;14.7;6.1;30.31;45.75;7.76;3.6
91429;2015;Giuseppe Rossi;3.79;6.51;0.76;0.0;5.43;4.79;96.66;84.32;39.52;46.1;39.05;80.89
91429;2016;Giuseppe Rossi;2.25;4.08;0.0;0.0;4.07;3.48;87.52;58.96;9.98;45.75;27.36;56.56
91451;2017;Alberto Aquilani;0.4;5.88;3.37;0.0;5.46;3.83;51.08;80.97;68.58;45.6;46.86;54.4
91701;2015;David Barral;0.76;1.96;0.0;0.0;3.83;1.1;67.35;29.31;7.61;46.1;22.26;23.75
91701;2016;David Barral;0.23;3.01;1.71;0.0;4.13;0.98;37.62;42.24;56.84;45.75;28.84;22.0
91745;2025;Alemão;1.32;1.17;0.76;0.0;4.95;2.62;86.18;53.75;46.47;44.26;60.66;70.51
95590;2015;Manuel Iturra;0.0;1.91;1.94;0.0;3.71;0.7;14.66;29.13;57.42;46.1;21.43;20.22
95590;2017;Manuel Iturra;0.1;3.01;5.08;0.0;7.75;5.63;33.57;44.34;82.5;45.6;94.97;84.2
95590;2018;Manuel Iturra;0.0;1.02;0.34;0.0;1.02;0.05;13.09;17.42;20.06;46.05;10.26;9.32
96476;2020;João Costa;0.0;0.0;0.0;5.0;0.0;0.0;22.64;10.43;13.07;93.36;10.07;12.93
101283;2015;Juan Manuel Vargas;0.86;7.25;4.67;0.0;5.82;4.52;70.59;88.87;81.82;46.1;44.99;77.37
101814;2019;Ronald Araújo;0.0;2.6;1.4;0.0;4.25;0.8;15.48;42.26;40.04;46.17;46.35;22.6
101814;2020;Ronald Araújo;0.62;2.21;3.68;0.0;6.8;4.38;75.36;70.93;81.5;44.14;91.93;79.0
101814;2021;Ronald Araújo;1.7;3.31;6.16;0.0;6.82;4.07;89.01;82.51;93.7;43.97;90.62;70.24
101814;2022;Ronald Araújo;0.13;3.78;3.71;0.0;7.45;4.34;46.78;83.54;80.04;43.77;92.58;81.58
101814;2023;Ronald Araújo;1.32;3.86;3.32;0.0;6.66;4.27;77.87;83.33;73.17;43.85;88.93;77.87
101814;2024;Ronald Araújo;0.46;3.27;2.68;0.0;6.42;0.1;67.84;79.31;71.71;43.69;72.32;35.82
101814;2025;Ronald Araújo;1.23;1.74;3.21;0.0;5.43;0.03;85.37;61.4;75.07;44.26;68.09;31.47
104131;2015;Foued Kadir;0.21;4.99;0.79;0.0;4.3;2.15;41.19;71.61;39.98;46.1;26.25;38.5
104624;2015;Samu García;0.94;5.39;0.0;0.0;5.92;3.65;73.84;76.62;7.61;46.1;47.77;62.34
104624;2016;Samu García;0.2;4.1;1.5;0.0;5.37;2.29;35.03;59.52;55.08;45.75;48.06;39.56
104624;2017;Samu García;0.09;1.82;0.94;0.0;3.17;0.82;32.59;29.26;41.83;45.6;21.9;22.44
104792;2018;Chris Ramos;0.0;0.01;0.23;0.0;0.99;0.1;13.09;1.04;16.57;46.05;9.6;14.12
104792;2022;Chris Ramos;1.35;0.98;1.72;0.0;8.11;3.25;84.24;48.53;60.36;43.77;96.92;66.46
104792;2023;Chris Ramos;3.83;1.74;2.29;0.0;8.93;3.39;94.74;60.03;63.42;43.85;99.86;65.77
104793;2017;Amath Ndiaye;1.07;3.59;2.0;0.0;7.2;5.09;75.58;53.05;58.44;45.6;88.15;76.21
104793;2018;Amath Ndiaye;1.14;4.17;2.27;0.0;6.67;5.1;79.47;63.18;51.51;46.05;75.8;78.15
104793;2019;Amath Ndiaye;0.0;0.29;0.12;0.0;3.29;2.35;15.48;8.27;15.93;46.17;36.92;38.08
104793;2021;Amath Ndiaye;0.5;1.4;2.37;0.0;5.07;4.46;66.02;57.77;65.82;43.97;61.93;76.34
104793;2022;Amath Ndiaye;1.02;0.35;2.25;0.0;5.51;3.67;78.78;35.71;66.11;43.77;60.57;72.97
104793;2023;Amath Ndiaye;0.53;0.59;0.93;0.0;4.09;2.78;60.86;41.08;47.72;43.85;42.39;56.5
104793;2024;Amath Ndiaye;0.08;1.01;0.22;0.0;3.22;1.93;48.24;50.41;34.67;43.69;35.41;53.66
104794;2015;Xabi Prieto;0.89;6.71;1.85;0.0;6.88;3.63;72.45;86.09;56.22;46.1;71.71;61.78
104794;2016;Xabi Prieto;1.71;8.42;1.0;0.0;6.59;5.36;82.44;94.09;47.87;45.75;81.61;87.62
104794;2017;Xabi Prieto;1.29;10.0;0.54;0.0;6.18;5.5;79.98;98.03;32.68;45.6;65.35;82.94
104795;2017;Mujaid Sadick;0.0;0.49;1.57;0.0;0.71;0.0;14.99;11.85;52.78;45.6;11.04;4.67
104796;2015;Fernando Navarro;0.0;3.48;5.37;0.0;7.72;2.91;14.66;52.88;88.87;46.1;88.68;49.44
104796;2016;Fernando Navarro;0.0;3.55;4.49;0.0;6.55;2.3;14.7;51.57;85.86;45.75;80.22;39.74
104796;2017;Fernando Navarro;0.0;2.69;7.26;0.0;6.69;4.89;14.99;39.86;94.7;45.6;76.93;73.61
104797;2016;Erik Expósito;0.23;0.52;0.0;0.0;0.66;0.0;37.62;10.17;9.98;45.75;8.5;3.6
104797;2017;Erik Expósito;0.84;2.15;0.0;0.0;5.03;3.21;70.29;33.84;9.25;45.6;40.04;45.96
104798;2017;Alberto Redondo;0.0;0.03;1.15;0.0;0.67;0.0;14.99;1.17;45.51;45.6;10.23;4.67
104799;2017;Sergio Mora;0.0;2.82;1.87;0.0;4.12;0.12;14.99;42.46;56.46;45.6;28.37;15.62
104800;2017;David Alba;0.0;0.06;0.34;0.0;0.35;0.0;14.99;2.33;28.46;45.6;6.82;4.67
104800;2020;David Alba;0.0;0.0;0.0;0.0;0.0;0.0;22.64;10.43;13.07;44.14;10.07;12.93
104801;2017;Merveil Ndockyt;0.0;0.59;0.4;0.0;2.24;1.48;14.99;13.82;30.52;45.6;18.58;29.44
104802;2017;Pedro López;0.0;0.8;0.0;1.57;0.0;0.0;14.99;17.15;9.25;93.9;0.99;4.67
104803;2017;Jaime Sierra;0.0;0.06;0.22;0.0;0.27;0.0;14.99;2.33;24.24;45.6;5.21;4.67
104804;2020;Daniel Rebollo;0.0;0.0;0.0;5.0;0.0;0.0;22.64;10.43;13.07;93.36;10.07;12.93
104804;2021;Daniel Rebollo;0.0;0.0;0.0;0.5;0.0;0.0;21.72;10.86;14.28;88.87;10.99;13.4
104805;2017;Julio Gracia;0.0;0.92;0.34;0.0;0.09;0.0;14.99;18.76;28.46;45.6;2.69;4.67
104806;2017;Dani Molina;0.0;0.23;0.0;0.0;0.0;0.0;14.99;6.28;9.25;45.6;0.99;4.67
104807;2017;Alberto Lopez;0.0;0.15;1.01;0.0;0.29;0.05;14.99;3.95;43.18;45.6;5.83;11.4
104808;2016;Enric Saborit;0.45;1.35;3.26;0.0;4.61;2.12;48.52;20.06;72.92;45.75;34.38;37.43
104808;2017;Enric Saborit;0.22;3.04;3.28;0.0;6.82;2.08;43.72;44.88;66.97;45.6;80.43;34.47
104809;2015;Raúl Albentosa;0.85;2.74;7.59;0.0;6.5;2.83;69.57;40.91;98.52;46.1;61.87;47.59
104809;2016;Raúl Albentosa;0.5;2.85;3.47;0.0;5.66;2.55;51.02;40.57;74.95;45.75;55.08;42.61
104809;2017;Raúl Albentosa;0.42;2.45;5.66;0.0;5.97;2.0;53.23;37.88;86.45;45.6;58.89;33.48
104810;2017;Eloi Amagat;0.0;0.8;0.0;0.0;0.03;0.0;14.99;17.15;9.25;45.6;2.15;4.67
104811;2017;Carlos Calderón;0.0;0.47;0.0;0.0;0.19;0.0;14.99;11.4;9.25;45.6;4.4;4.67
104812;2017;Víctor López;0.0;1.0;0.58;0.0;0.33;0.0;14.99;19.66;33.39;45.6;6.55;4.67
104814;2015;Imanol Agirretxe;6.43;1.59;0.23;0.0;6.2;3.12;98.89;23.65;23.01;46.1;54.27;53.06
104814;2017;Imanol Agirretxe;0.38;0.75;0.0;0.0;3.95;2.84;50.72;16.25;9.25;45.6;26.75;41.29
104816;2017;Sergio Arribas;0.0;0.26;1.01;0.0;0.3;0.0;14.99;6.55;43.18;45.6;6.19;4.67
104820;2017;Imanol Sarriegui;0.0;0.84;0.07;0.0;0.6;0.0;14.99;17.95;20.38;45.6;9.69;4.67
104821;2016;Jon Guridi;0.0;0.25;0.58;0.0;0.44;0.3;14.7;6.56;37.62;45.75;6.38;15.8
104821;2017;Jon Guridi;0.0;0.88;0.0;0.0;0.75;0.05;14.99;18.49;9.25;45.6;11.4;11.4
104821;2020;Jon Guridi;0.18;1.18;2.17;0.0;5.03;3.84;53.21;53.57;66.71;44.14;60.86;70.79
104821;2021;Jon Guridi;0.36;0.23;0.82;0.0;3.05;2.91;60.79;31.57;47.86;43.97;34.79;56.57
104821;2023;Jon Guridi;1.45;4.43;3.59;0.0;6.2;3.52;79.46;88.04;76.83;43.85;80.5;68.53
104821;2024;Jon Guridi;1.16;2.38;2.77;0.0;6.3;2.43;86.5;70.08;72.25;43.69;70.15;60.65
104821;2025;Jon Guridi;0.22;0.46;1.01;0.0;3.8;1.83;57.43;39.71;51.32;44.26;47.21;58.53
104823;2017;Álex Mozo;0.0;0.17;0.0;0.0;0.64;0.3;14.99;4.85;9.25;45.6;10.05;17.95
104825;2015;Kike Sola;0.0;0.2;0.0;0.0;1.91;0.3;14.66;5.19;7.61;46.1;14.29;17.44
104826;2017;Chuca;0.0;1.28;0.0;0.0;1.23;1.0;14.99;22.53;9.25;45.6;14.63;23.79
104827;2016;Mario González;0.0;0.02;0.0;0.0;0.43;0.05;14.7;1.48;9.98;45.75;5.91;9.33
104827;2017;Mario González;0.0;0.57;0.0;0.0;0.48;0.0;14.99;13.46;9.25;45.6;8.17;4.67
104828;2015;Diego Alende;0.0;0.09;0.47;0.0;0.18;0.0;14.66;2.32;33.77;46.1;3.34;2.97
104832;2020;Diego Pampín;0.0;0.0;0.0;0.0;0.0;0.0;22.64;10.43;13.07;44.14;10.07;12.93
104832;2025;Diego Pampín;0.0;0.42;1.11;0.0;4.32;2.87;24.41;38.16;52.5;44.26;52.35;72.28
104835;2017;Darío Poveda;0.0;0.35;0.0;0.0;0.17;0.0;14.99;8.53;9.25;45.6;3.95;4.67
104835;2019;Darío Poveda;0.0;0.5;0.23;0.0;0.0;0.0;15.48;13.35;18.95;46.17;11.57;4.63
104835;2020;Darío Poveda;0.0;0.01;0.0;0.0;0.8;0.0;22.64;21.64;13.07;44.14;23.5;12.93
104835;2021;Darío Poveda;0.97;0.69;0.34;0.0;3.83;3.43;79.56;45.38;37.8;43.97;41.82;62.33
104836;2023;Adri López;0.0;0.0;0.0;5.0;0.0;0.0;21.85;10.1;13.69;93.15;9.68;12.86
104837;2016;Martín Demichelis;0.11;1.28;1.8;0.0;3.57;1.85;31.15;19.13;58.5;45.75;24.21;33.73
104838;2015;Duda;0.86;8.33;1.01;0.0;5.74;3.62;70.59;94.06;44.25;46.1;43.69;61.6
104838;2016;Duda;0.43;5.8;0.83;0.0;4.19;2.2;46.86;78.74;43.72;45.75;29.67;38.35
104839;2015;Tiago;0.61;6.82;4.62;0.0;6.88;1.54;60.58;86.83;81.63;46.1;71.71;30.61
104839;2016;Tiago;0.75;4.43;3.24;0.0;4.67;0.58;61.55;63.68;72.55;45.75;35.12;18.48
104841;2015;Josep Señé;0.21;2.1;0.23;0.0;4.82;3.21;41.19;30.98;23.01;46.1;30.8;54.82
104841;2016;Josep Señé;0.53;4.08;0.19;0.0;5.75;3.06;52.22;58.96;26.8;45.75;57.67;48.43
104841;2019;Josep Señé;0.27;2.87;0.47;0.0;2.14;1.63;41.64;47.33;24.02;46.17;31.76;31.32
104842;2016;Mario Fernández;0.0;0.26;0.0;4.9;1.63;0.0;14.7;6.84;9.98;95.93;12.01;3.6
104843;2016;Aitor Buñuel;0.0;3.83;3.55;0.0;5.49;3.83;14.7;54.99;76.99;45.75;51.11;62.29
104845;2016;Jean Carlos;0.0;0.11;0.0;0.0;0.16;0.0;14.7;4.71;9.98;45.75;4.16;3.6
104846;2016;Diego Barrios;0.0;0.03;0.0;0.38;0.15;0.0;14.7;1.94;9.98;92.79;3.7;3.6
104848;2016;Javier Flaño;0.0;0.68;0.9;0.0;1.76;0.05;14.7;12.38;45.47;45.75;13.77;9.33
104849;2016;Omer Atzili;0.0;2.65;0.0;0.0;3.39;1.63;14.7;37.62;9.98;45.75;22.18;31.24
104851;2015;Guilherme Siqueira;0.0;1.59;2.86;0.0;3.78;2.6;14.66;23.65;66.05;46.1;21.89;43.69
104851;2016;Guilherme Siqueira;0.0;3.67;0.56;0.0;4.31;1.74;14.7;53.42;36.97;45.75;30.41;32.35
104853;2016;Asier Villalibre;0.0;1.7;0.19;0.0;1.65;0.6;14.7;25.23;26.8;45.75;12.2;18.76
104853;2019;Asier Villalibre;1.73;0.79;0.02;0.0;5.11;2.56;83.9;18.33;13.26;46.17;56.05;40.39
104853;2020;Asier Villalibre;1.42;1.83;0.17;0.0;5.24;1.86;89.29;65.57;31.71;44.14;65.36;45.86
104853;2021;Asier Villalibre;1.33;0.58;0.63;0.0;4.78;3.43;85.05;41.69;44.17;43.97;56.37;62.33
104853;2022;Asier Villalibre;0.16;0.44;0.0;0.0;1.97;0.03;48.39;37.75;14.57;43.77;28.85;28.71
104853;2023;Asier Villalibre;1.0;1.13;0.19;0.0;4.11;2.18;73.24;50.41;32.02;43.85;42.6;49.65
104853;2024;Asier Villalibre;0.24;0.29;0.11;0.0;4.55;0.92;58.68;34.6;32.63;43.69;44.71;41.04
104854;2016;Tano Bonnin;0.0;2.69;4.68;0.0;5.39;1.2;14.7;38.63;87.71;45.75;48.71;25.69
104855;2016;Óscar Pinchi;0.0;0.0;0.0;0.0;0.0;0.0;14.7;0.65;9.98;45.75;1.39;3.6
104856;2016;Rubén Sánchez Pérez-Cejuela;0.0;0.08;0.0;0.0;0.77;0.05;14.7;3.51;9.98;45.75;9.24;9.33
104858;2016;Antonio Otegui;0.0;0.08;0.19;0.0;0.57;0.05;14.7;3.51;26.8;45.75;7.58;9.33
104861;2015;Didier Digard;0.21;1.51;0.96;0.0;3.82;0.95;41.19;22.36;43.69;46.1;22.08;21.71
104861;2016;Didier Digard;0.0;0.8;0.38;0.0;2.11;0.55;14.7;14.23;32.53;45.75;15.53;18.11
104863;2015;Weligton;0.0;2.6;6.22;0.0;7.88;2.53;14.66;38.59;94.25;46.1;92.3;42.39
104863;2016;Weligton;0.0;0.12;0.54;0.0;0.64;0.3;14.7;5.27;36.41;45.75;8.13;15.8
104865;2022;Sekou Gassama;0.0;0.4;0.0;0.0;0.68;0.0;21.22;36.55;14.57;43.77;24.3;13.59
104867;2015;Francisco Villalba;0.0;0.52;0.0;0.0;0.18;0.25;14.66;9.55;7.61;46.1;3.34;16.51
104904;2015;Antonio Amaya;0.5;1.8;4.45;0.0;6.65;3.23;56.22;26.62;80.8;46.1;66.42;55.57
104905;2015;Manucho;1.45;2.39;0.0;0.0;6.37;0.85;83.86;36.55;7.61;46.1;59.09;20.69
104925;2015;Tropi;0.0;0.18;0.0;0.0;0.03;0.0;14.66;4.55;7.61;46.1;1.95;2.97
104932;2015;Curro;0.21;2.72;0.34;0.0;2.93;1.65;41.19;40.63;29.13;46.1;18.0;32.1
104932;2022;Curro;0.29;0.87;0.27;0.0;0.67;0.0;57.42;46.5;36.27;43.77;24.09;13.59
104941;2021;Monchu;0.15;1.0;2.1;0.0;4.66;3.56;49.46;51.54;64.01;43.97;54.02;64.48
104941;2022;Monchu;1.27;3.82;4.15;0.0;6.09;3.62;82.91;84.03;83.61;43.77;71.57;71.5
104949;2019;Pablo Martínez;0.0;0.99;0.39;0.0;0.0;0.05;15.48;21.71;21.89;46.17;11.57;11.74
104949;2020;Pablo Martínez;0.0;0.0;0.0;0.0;0.0;0.0;22.64;10.43;13.07;44.14;10.07;12.93
104949;2021;Pablo Martínez;0.16;1.9;3.94;0.0;4.95;3.26;50.74;66.49;80.29;43.97;59.25;60.46
104949;2025;Pablo Martínez;0.92;5.15;4.41;0.0;4.81;3.22;81.99;89.85;83.97;44.26;58.53;78.01
104972;2015;Nauzet Aleman;0.0;4.57;0.86;0.0;2.57;1.25;14.66;66.23;40.82;46.1;16.23;26.9
104975;2015;David Navarro;0.21;1.89;3.93;0.0;5.95;1.18;41.19;28.57;76.07;46.1;48.7;25.05
104980;2015;Roberto Trashorras;1.07;10.0;1.94;0.0;7.37;5.12;77.64;98.24;57.42;46.1;83.12;86.92
104986;2021;Kike Hermoso;0.88;0.23;0.73;0.0;1.6;0.52;77.21;31.57;46.25;43.97;28.28;35.12
104994;2015;Eneko Capilla;0.21;0.12;0.0;0.0;0.17;0.25;41.19;3.06;7.61;46.1;2.69;16.51
105032;2015;Juan Rodriguez;0.33;2.89;5.49;0.0;6.96;3.18;49.07;42.86;90.26;46.1;73.84;54.08
105035;2015;Ion Ansotegi;0.21;1.51;3.13;0.0;4.58;0.15;41.19;22.36;68.65;46.1;28.01;14.56
105045;2015;Cani;0.6;3.23;1.43;0.0;5.01;3.54;60.11;48.24;50.19;46.1;33.21;60.48
105049;2015;Jordi Xumetra;0.5;1.43;0.0;0.0;3.86;1.56;56.22;21.43;7.61;46.1;22.63;30.98
105057;2015;Razvan Rat;0.64;6.15;6.07;0.0;6.09;1.73;62.24;83.02;93.14;46.1;51.58;32.56
105084;2015;Xabier Irureta;0.0;0.11;0.0;1.58;0.51;0.0;14.66;2.78;7.61;94.25;6.12;2.97
105108;2015;Alberto Lopo;0.0;2.02;4.39;0.0;5.73;0.2;14.66;29.87;80.15;46.1;43.41;15.68
105111;2015;Toño;0.0;1.02;0.0;4.01;3.47;0.05;14.66;17.81;7.61;96.1;20.5;8.44
105235;2015;Arthur Boka;0.33;3.68;2.75;0.0;6.33;4.05;49.07;55.66;65.49;46.1;57.88;70.13
105583;2015;Roberto Lago;0.0;4.83;4.84;0.0;7.0;4.6;14.66;69.94;83.58;46.1;75.32;78.2
106727;2020;Oriol Rey;0.0;0.05;0.18;0.0;0.0;0.0;22.64;26.14;32.29;44.14;10.07;12.93
106727;2025;Oriol Rey;0.14;0.93;2.76;0.0;4.87;1.26;54.78;49.78;71.47;44.26;59.49;51.47
106746;2020;Kingsley Fobi;0.0;0.0;0.23;0.0;0.17;0.05;22.64;10.43;33.64;44.14;21.86;29.79
107138;2020;Unai Etxebarria;0.0;0.0;0.0;3.5;0.0;0.0;22.64;10.43;13.07;91.21;10.07;12.93
107140;2025;Oier Luengo;0.0;0.78;1.36;0.0;3.79;0.03;24.41;46.84;56.62;44.26;47.06;31.47
107147;2019;Anssumane Fati;1.09;0.25;0.23;0.0;0.0;0.0;72.69;7.74;18.95;46.17;11.57;4.63
107148;2020;Ignasi Vilarrasa;0.0;0.0;0.0;0.0;0.0;0.0;22.64;10.43;13.07;44.14;10.07;12.93
107153;2019;Kike Pérez;0.0;2.73;3.23;0.0;4.92;2.64;15.48;45.11;60.5;46.17;53.56;41.64
107153;2020;Kike Pérez;0.27;1.71;2.37;0.0;5.25;4.73;60.57;63.93;69.07;44.14;65.71;82.71
107153;2021;Kike Pérez;1.64;1.81;1.29;0.0;4.79;4.46;88.4;64.08;55.09;43.97;56.64;76.34
107153;2022;Kike Pérez;0.92;4.55;4.83;0.0;7.76;5.14;77.17;89.08;88.52;43.77;94.54;90.34
107153;2023;Kike Pérez;0.83;1.09;2.16;0.0;5.29;2.97;69.36;49.65;62.31;43.85;61.27;59.68
107153;2024;Kike Pérez;1.04;3.97;4.85;0.0;7.16;3.04;84.46;86.36;88.53;43.69;85.82;70.56
107158;2019;Sergio Bermejo Lillo;0.0;0.26;0.0;0.0;0.0;0.25;15.48;8.01;6.58;46.17;11.57;17.53
107160;2019;Gonzalo Pereira;0.0;0.32;0.23;0.0;0.0;0.0;15.48;9.07;18.95;46.17;11.57;4.63
107170;2020;Claudio Medina;0.0;0.0;0.0;0.0;0.0;0.0;22.64;10.43;13.07;44.14;10.07;12.93
107187;2020;Juan Peñaloza Ragga;0.0;0.0;0.0;0.0;0.0;0.0;22.64;10.43;13.07;44.14;10.07;12.93
107194;2021;Antonio Sánchez;0.5;1.41;5.23;0.0;5.66;4.15;66.02;57.91;88.07;43.97;73.86;71.51
107194;2022;Antonio Sánchez;0.38;0.82;1.93;0.0;4.25;3.03;61.41;44.96;63.31;43.77;43.0;63.94
107194;2023;Antonio Sánchez;1.51;1.62;2.26;0.0;4.26;3.93;80.64;57.81;62.86;43.85;44.47;74.14
107194;2024;Antonio Sánchez;0.13;0.78;2.58;0.0;5.18;3.85;50.61;46.81;70.96;43.69;53.19;83.18
107194;2025;Antonio Sánchez;0.11;1.21;1.05;0.0;3.74;2.42;51.18;54.63;52.06;44.26;46.54;68.01
107205;2020;Sergio Benito;0.0;0.0;0.0;0.0;0.0;0.0;22.64;10.43;13.07;44.14;10.07;12.93
107207;2021;Mario Hernández;0.24;0.4;0.78;0.0;3.55;1.42;55.36;36.13;47.05;43.97;38.67;42.09
107207;2022;Mario Hernández;0.0;0.01;0.2;0.0;1.98;0.01;21.22;22.9;33.54;43.77;29.13;27.52
107217;2023;Xeber Alkain;0.0;0.65;0.33;0.0;2.29;1.86;21.85;42.81;36.72;43.85;30.57;46.2
108519;2024;Mateu Morey;0.06;0.68;2.48;0.0;5.31;3.24;46.27;44.44;69.74;43.69;54.68;73.74
108519;2025;Mateu Morey;0.43;0.71;1.89;0.0;4.2;2.63;69.34;45.74;63.97;44.26;51.1;70.81
108561;2015;David Goldar;0.0;0.03;0.44;0.0;0.58;0.1;14.66;0.56;32.84;46.1;6.59;12.34
109564;2024;Bojan Miovski;0.62;0.76;0.58;0.0;4.39;1.62;72.12;46.47;42.4;43.69;43.62;49.25
109564;2025;Bojan Miovski;0.0;0.0;0.0;0.0;0.03;0.0;24.41;12.5;15.81;44.26;25.22;15.22
113586;2020;Bobby Adekanye;0.0;0.01;0.0;0.0;0.95;1.05;22.64;21.64;13.07;44.14;24.64;37.71
113711;2015;Benoît Trémoulinas;0.45;5.61;3.9;0.0;6.24;2.22;54.17;79.59;75.42;46.1;55.19;39.15
114785;2015;Javier Garrido;0.12;4.23;4.29;0.0;5.55;1.19;33.3;62.43;79.31;46.1;41.0;25.51
114799;2015;Rafael van der Vaart;0.21;2.35;0.25;0.0;3.21;0.5;41.19;35.71;24.68;46.1;19.02;19.67
115979;2015;Stipe Pletikosa;0.0;0.12;0.0;0.21;0.0;0.0;14.66;3.06;7.61;92.58;0.93;2.97
116438;2020;Carlos Marin;0.0;0.0;0.0;4.5;0.0;0.0;22.64;10.43;13.07;91.79;10.07;12.93
116817;2015;Mikel Arruabarrena;0.64;1.71;0.0;0.0;1.56;0.1;62.24;25.23;7.61;46.1;13.17;12.34
116818;2015;Angel Lafita;2.61;4.19;1.17;0.0;7.07;3.25;93.69;61.87;47.96;46.1;76.99;56.03
116819;2015;Juanfran;0.0;2.58;3.31;0.0;6.65;3.94;14.66;38.31;70.78;46.1;66.42;68.46
116820;2015;Hugo Fraile Martin;0.0;0.95;0.0;0.0;0.71;0.05;14.66;16.88;7.61;46.1;7.98;8.44
116821;2015;Juan Carlos Valerón;0.0;7.45;1.07;0.0;4.66;3.84;14.66;89.98;45.92;46.1;29.04;65.68
116822;2015;Manuel Pablo;0.0;1.13;0.95;0.0;0.82;0.0;14.66;19.2;43.41;46.1;9.0;2.97
116823;2015;Carlos Gurpegi;0.0;2.18;6.13;0.0;6.49;2.21;14.66;32.28;93.32;46.1;61.5;38.96
116827;2015;Nestor Díaz;0.0;0.35;0.0;0.3;0.0;0.0;14.66;6.68;7.61;92.86;0.93;2.97
116828;2015;Diego Mainz;0.21;0.57;3.62;0.0;2.57;0.9;41.19;10.76;73.56;46.1;16.23;21.06
116832;2015;Íñigo Barrenetxea;0.0;1.58;0.0;0.0;0.48;0.0;14.66;23.38;7.61;46.1;5.66;2.97
116836;2015;Angel;0.0;2.0;0.23;0.0;0.4;0.05;14.66;29.59;23.01;46.1;4.73;8.44
116837;2015;Imanol Corral Matellan;0.0;0.0;0.0;0.0;0.0;0.0;14.66;0.19;7.61;46.1;0.93;2.97
116840;2015;Ander Gayoso Reina;0.0;0.03;0.0;0.0;0.17;0.05;14.66;0.56;7.61;46.1;2.69;8.44
116909;2023;Marc Martínez;0.0;0.09;0.0;5.21;0.02;0.0;21.85;28.35;13.69;94.81;19.64;12.86
119213;2020;Alfon González;0.23;0.45;0.0;0.0;1.72;0.78;57.5;38.14;13.07;44.14;27.71;35.07
119213;2021;Alfon González;0.0;0.0;0.0;0.0;0.0;0.0;21.72;10.86;14.28;43.97;10.99;13.4
119213;2024;Alfon González;2.04;3.17;0.52;0.0;5.33;3.91;94.03;78.49;41.18;43.69;55.09;83.99
119213;2025;Alfon González;1.88;2.21;0.35;0.0;3.57;2.02;91.03;67.72;39.34;44.26;44.41;61.76
119218;2021;Joan Rojas Castilla;0.0;0.0;0.0;0.0;0.0;0.0;21.72;10.86;14.28;43.97;10.99;13.4
119220;2020;Álex Martín;0.0;0.05;0.46;0.0;2.54;0.0;22.64;26.14;39.07;44.14;32.29;12.93
119223;2020;Mourad El Ghezouani;0.0;0.0;0.0;0.0;0.0;0.0;22.64;10.43;13.07;44.14;10.07;12.93
119223;2025;Mourad El Ghezouani;0.0;0.41;0.92;0.0;1.52;0.05;24.41;37.65;48.75;44.26;32.94;33.53
119225;2019;Eliseo;0.0;0.16;0.0;0.0;0.0;0.47;15.48;5.43;6.58;46.17;11.57;19.75
119232;2020;Dani Gómez;0.73;1.56;0.08;0.0;4.74;4.9;79.57;60.79;27.86;44.14;56.43;85.29
119232;2021;Dani Gómez;1.95;1.99;0.52;0.0;3.86;3.74;90.68;67.69;41.76;43.97;42.16;66.29
119232;2022;Dani Gómez;0.0;0.15;0.2;0.0;2.49;0.04;21.22;30.25;33.54;43.77;30.95;30.04
119232;2024;Dani Gómez;1.11;0.22;0.66;0.0;3.83;1.53;85.35;32.5;44.37;43.69;39.89;48.44
119235;2021;Pedro Ortiz;0.29;0.5;0.0;0.0;0.03;0.0;58.11;40.08;14.28;43.97;22.65;13.4
119235;2022;Pedro Ortiz;0.0;0.01;0.0;0.0;0.0;0.0;21.22;22.9;14.57;43.77;10.71;13.59
119235;2024;Pedro Ortiz;0.0;0.0;0.0;0.0;0.0;0.0;22.46;11.53;15.2;43.69;11.06;13.7
119740;2017;Aldo One Esteve;0.0;0.11;0.0;0.0;0.27;0.0;14.99;3.32;9.25;45.6;5.21;4.67
119742;2020;Juan Iglesias;0.14;1.01;5.44;0.0;6.06;2.91;52.07;51.0;92.86;44.14;79.93;58.79
119742;2021;Juan Iglesias;0.0;1.04;1.76;0.0;4.46;2.95;21.72;52.68;60.86;43.97;50.8;56.9
119742;2022;Juan Iglesias;0.81;1.66;4.75;0.0;6.22;3.05;74.3;59.94;87.82;43.77;73.25;64.78
119742;2023;Juan Iglesias;0.74;2.02;4.47;0.0;5.68;2.69;66.74;64.94;85.27;43.85;68.53;54.98
119742;2024;Juan Iglesias;0.18;2.46;7.43;0.0;7.73;3.35;53.87;71.71;97.96;43.69;92.54;74.76
119742;2025;Juan Iglesias;0.55;1.96;7.27;0.0;8.19;4.81;73.68;64.85;96.84;44.26;98.38;93.68
119762;2023;Kamil Piątkowski;0.45;0.82;3.97;0.0;5.66;1.35;58.3;45.99;79.74;43.85;68.05;43.15
119795;2019;Giorgi Kochorashvili;0.0;0.0;0.0;0.0;0.49;0.1;15.48;0.71;6.58;46.17;26.33;15.12
119795;2020;Giorgi Kochorashvili;0.0;0.42;0.23;0.0;2.2;0.1;22.64;36.93;33.64;44.14;29.86;32.07
119795;2021;Giorgi Kochorashvili;0.0;0.0;0.0;0.0;0.0;0.0;21.72;10.86;14.28;43.97;10.99;13.4
122128;2017;Francesc Regis;0.0;0.0;0.34;0.0;0.16;0.0;14.99;0.18;28.46;45.6;3.41;4.67
122230;2024;Manuel Fuster;0.67;3.49;1.28;0.0;5.53;2.26;75.24;81.68;53.87;43.69;57.8;58.07
122231;2019;Juan Hernández García;0.0;0.94;0.0;0.0;0.94;1.8;15.48;20.55;6.58;46.17;27.76;32.38
122233;2020;Marcos André;2.02;1.35;0.7;0.0;6.04;3.83;93.86;56.5;45.36;44.14;79.43;70.5
122233;2021;Marcos André;1.01;2.24;1.31;0.0;5.38;3.7;80.23;70.91;55.43;43.97;67.29;65.68
122233;2022;Marcos André;0.52;0.73;0.3;0.0;5.11;4.13;66.25;43.14;37.04;43.77;53.92;78.85
122233;2024;Marcos André;0.27;1.53;0.66;0.0;6.47;3.81;60.38;59.77;44.37;43.69;73.41;82.43
122468;2023;Saul Coco;0.7;1.76;4.39;0.0;6.66;2.45;65.35;60.65;84.09;43.85;88.93;52.63
122469;2020;Josete Miranda;0.0;0.03;0.0;0.0;2.02;0.1;22.64;24.64;13.07;44.14;28.29;32.07
122471;2021;Jesús Owono;0.0;0.02;0.0;1.98;0.0;0.0;21.72;24.46;14.28;91.02;10.99;13.4
122471;2023;Jesús Owono;0.0;0.04;0.0;7.21;2.27;0.0;21.85;26.28;13.69;97.16;30.29;12.86
122471;2024;Jesús Owono;0.0;0.06;0.08;5.88;3.57;1.08;22.46;29.78;31.75;95.52;37.58;44.17
122567;2020;Jose Luis Zalazar;0.0;0.88;0.14;0.0;1.64;0.0;22.64;48.0;29.86;44.14;27.5;12.93
122657;2021;Randy Nteka;1.17;1.7;1.95;0.0;5.94;4.35;83.24;62.67;62.6;43.97;80.5;74.4
122657;2022;Randy Nteka;0.38;1.05;1.84;0.0;5.48;2.77;61.41;49.93;62.18;43.77;59.8;60.29
122657;2023;Randy Nteka;1.09;1.58;0.95;0.0;4.98;3.12;74.83;57.47;48.13;43.85;55.05;62.24
122657;2024;Randy Nteka;0.98;1.12;1.2;0.0;5.59;2.5;83.18;53.6;53.12;43.69;58.68;61.33
122657;2025;Randy Nteka;0.0;0.4;0.63;0.0;4.55;1.23;24.41;36.99;43.82;44.26;55.29;51.03
122734;2021;Ferran Jutglà;1.75;1.02;0.53;0.0;3.59;1.8;89.28;51.94;41.96;43.97;39.08;44.1
122734;2025;Ferran Jutglà;1.92;2.44;0.75;0.0;4.36;2.08;91.18;71.4;46.18;44.26;53.09;63.01
122737;2019;Soufiane Chakla;0.0;0.46;0.73;0.0;0.62;0.05;15.48;12.81;28.29;46.17;26.87;11.74
122737;2020;Soufiane Chakla;0.06;0.2;1.52;0.0;4.16;0.21;46.93;30.14;58.71;44.14;46.43;33.14
122756;2023;Sergio Ruiz Alonso;0.11;2.98;6.24;0.0;7.69;5.61;44.54;76.83;95.09;43.85;97.1;91.15
122804;2019;Adriá Guerrero;0.0;0.35;0.73;0.0;1.28;0.35;15.48;10.41;28.29;46.17;28.83;18.51
122850;2020;Juanjo Garrancho;0.0;0.0;0.0;2.5;0.0;0.0;22.64;10.43;13.07;90.5;10.07;12.93
122888;2020;Lluis Andreu;0.0;0.0;0.0;5.0;0.0;0.0;22.64;10.43;13.07;93.36;10.07;12.93
122888;2021;Lluis Andreu;0.0;0.0;0.0;5.0;0.0;0.0;21.72;10.86;14.28;93.83;10.99;13.4
122918;2020;Daniel Plomer;0.0;0.0;0.0;0.0;0.13;0.0;22.64;10.43;13.07;44.14;21.5;12.93
122956;2021;Diego Conde;0.0;0.0;0.0;5.0;0.0;0.0;21.72;10.86;14.28;93.83;10.99;13.4
122956;2022;Diego Conde;0.0;0.0;0.0;5.0;0.0;0.0;21.22;10.43;14.57;92.65;10.71;13.59
122956;2024;Diego Conde;0.0;0.67;0.09;5.78;3.26;0.02;22.46;44.1;32.23;95.39;35.55;28.36
122956;2025;Diego Conde;0.0;0.0;0.0;5.0;0.0;0.0;24.41;12.5;15.81;94.34;12.28;15.22
123047;2024;Sergio González;0.57;1.75;6.29;0.0;6.89;2.99;70.69;62.01;94.3;43.69;81.82;69.34
125026;2020;Sergi García;0.0;0.0;0.15;0.0;0.82;0.0;22.64;10.43;30.86;44.14;23.71;12.93
125239;2025;Kervin Arriaga;0.68;1.85;5.16;0.0;6.64;2.18;76.54;62.72;87.5;44.26;84.78;64.19
125331;2023;Federico Gattoni;0.0;0.01;0.14;0.0;2.26;0.0;21.85;22.06;30.08;43.85;29.94;12.86
125331;2025;Federico Gattoni;0.0;0.0;0.0;0.0;0.0;0.0;24.41;12.5;15.81;44.26;12.28;15.22
125386;2020;Juan Flere;0.0;0.0;0.0;5.0;0.0;0.0;22.64;10.43;13.07;93.36;10.07;12.93
125386;2021;Juan Flere;0.0;0.0;0.0;4.0;0.0;0.0;21.72;10.86;14.28;92.23;10.99;13.4
125408;2021;Alexandru Tirlea;0.0;0.02;0.0;0.0;0.81;1.04;21.72;24.46;14.28;43.97;25.6;37.33
125675;2023;Bryan Fiabema;0.0;0.0;0.0;0.0;0.0;0.0;21.85;10.1;13.69;43.85;9.68;12.86
126640;2025;David Affengruber;0.11;3.39;9.19;0.0;7.6;3.88;51.18;81.03;99.12;44.26;95.88;87.35
126901;2023;Bruno Langa;1.02;2.26;3.36;0.0;6.24;5.84;73.93;68.26;73.58;43.85;81.19;92.95
126936;2022;Samuel Lino;3.38;3.51;4.19;0.0;7.8;6.08;96.71;81.65;84.31;43.77;95.03;96.43
126936;2023;Samuel Lino;3.09;5.36;4.39;0.0;7.12;6.57;91.84;92.12;84.09;43.85;94.05;97.1
126936;2024;Samuel Lino;1.54;3.69;2.22;0.0;6.49;4.33;91.18;84.06;66.49;43.69;74.36;89.15
127374;2020;Alfredo Pedraza;0.0;0.0;0.0;0.0;0.0;0.0;22.64;10.43;13.07;44.14;10.07;12.93
127377;2022;Benjamín Garay;0.0;0.0;0.0;0.0;0.0;0.0;21.22;10.43;14.57;43.77;10.71;13.59
127426;2019;Pol Lozano;0.0;1.69;0.91;0.0;2.22;0.0;15.48;29.0;33.01;46.17;33.01;4.63
127426;2022;Pol Lozano;0.0;0.01;0.0;0.0;1.15;0.0;21.22;22.9;14.57;43.77;26.68;13.59
127426;2024;Pol Lozano;0.14;2.71;4.38;0.0;5.65;1.79;51.9;74.22;85.41;43.69;59.84;51.29
127426;2025;Pol Lozano;0.55;3.12;3.24;0.0;5.02;1.0;73.68;78.68;75.44;44.26;61.99;46.03
128365;2019;Gaizka Larrazabal;0.27;0.87;0.45;0.0;0.0;0.8;41.64;19.4;23.49;46.17;11.57;22.6
128398;2019;Oihan Sancet;1.12;3.87;1.39;0.0;5.6;4.76;73.93;62.9;39.86;46.17;61.57;76.25
128398;2020;Oihan Sancet;0.6;1.73;0.62;0.0;4.54;4.53;74.93;64.36;43.0;44.14;52.43;80.43
128398;2021;Oihan Sancet;2.81;5.13;1.03;0.0;5.35;5.84;94.17;92.23;51.01;43.97;66.62;89.21
128398;2022;Oihan Sancet;3.33;5.8;1.28;0.0;7.08;6.74;96.36;92.3;53.85;43.77;87.46;98.32
128398;2023;Oihan Sancet;2.47;6.88;1.61;0.0;6.0;5.4;89.07;95.71;56.29;43.85;75.17;90.04
128398;2024;Oihan Sancet;3.86;3.3;1.08;0.0;5.74;4.42;98.71;79.65;51.49;43.69;61.19;90.71
128398;2025;Oihan Sancet;1.29;4.35;1.8;0.0;5.49;3.16;85.88;86.76;63.09;44.26;69.26;76.99
128478;2024;Walid Cheddira;0.41;0.9;0.29;0.0;4.87;1.57;66.28;48.64;37.11;43.69;48.51;48.85
128581;2019;Nicolás Melamed;0.82;2.39;0.45;0.0;5.15;3.15;64.41;38.08;23.49;46.17;56.76;47.69
128581;2021;Nicolás Melamed;0.67;1.72;0.95;0.0;4.97;5.47;70.24;63.2;49.53;43.97;60.05;85.46
128581;2022;Nicolás Melamed;0.98;3.1;0.95;0.0;5.17;3.73;78.36;78.01;50.0;43.77;54.83;73.53
128582;2019;Jorge de Frutos;0.0;0.83;0.39;0.0;0.0;0.41;15.48;18.77;21.89;46.17;11.57;19.13
128582;2020;Jorge de Frutos;1.18;6.12;3.36;0.0;6.0;5.13;87.29;94.43;77.57;44.14;78.14;87.86
128582;2021;Jorge de Frutos;3.28;5.44;2.97;0.0;6.16;6.06;95.78;92.9;72.32;43.97;83.51;90.35
128582;2023;Jorge de Frutos;1.55;1.95;1.34;0.0;4.93;3.38;81.54;63.49;54.01;43.85;54.36;65.49
128582;2024;Jorge de Frutos;1.99;4.2;2.82;0.0;6.49;3.63;93.76;87.92;73.07;43.69;74.36;80.26
128582;2025;Jorge de Frutos;2.99;3.75;2.12;0.0;6.07;3.9;95.96;83.31;66.62;44.26;76.03;87.5
128951;2023;Victor Parada;0.0;0.0;0.24;0.0;1.35;0.0;21.85;10.1;34.51;43.85;26.49;12.86
128951;2025;Victor Parada;0.11;2.34;1.95;0.0;5.46;2.88;51.18;70.15;64.56;44.26;68.75;72.57
128985;2019;Iker Losada;0.82;0.52;0.0;0.0;0.0;0.0;64.41;13.79;6.58;46.17;11.57;4.63
128985;2024;Iker Losada;0.32;1.26;0.89;0.0;3.51;1.33;62.69;56.04;49.32;43.69;37.04;46.47
128985;2025;Iker Losada;0.42;0.43;0.43;0.0;1.3;1.06;68.53;38.46;40.44;44.26;30.96;46.76
129055;2021;Cristo Romero;0.0;0.41;0.0;0.0;0.13;0.0;21.72;36.8;14.28;43.97;23.59;13.4
129656;2020;César Moreno;0.0;0.0;0.0;0.0;0.0;0.0;22.64;10.43;13.07;44.14;10.07;12.93
129656;2021;César Moreno;0.0;0.0;0.0;0.0;0.0;0.0;21.72;10.86;14.28;43.97;10.99;13.4
129657;2021;Enric Franquesa;0.0;0.45;0.74;0.0;3.95;3.53;21.72;38.87;46.58;43.97;43.3;64.08
129657;2024;Enric Franquesa;0.54;0.77;3.78;0.0;6.68;3.84;70.08;46.68;81.14;43.69;78.63;82.77
129678;2025;Azzedine Ounahi;2.99;6.7;3.76;0.0;8.98;9.15;95.96;95.15;79.63;44.26;99.71;99.85
129718;2023;Jude Bellingham;8.74;8.97;4.33;0.0;7.89;7.8;99.45;98.48;83.61;43.85;98.06;99.17
129718;2024;Jude Bellingham;3.06;8.77;6.29;0.0;9.1;6.26;97.15;98.78;94.3;43.69;99.19;98.78
129718;2025;Jude Bellingham;3.65;9.96;6.81;0.0;8.63;5.9;97.5;98.53;94.93;44.26;99.26;97.79
129728;2020;Jordan Holsgrove;0.0;0.76;1.47;0.0;3.62;1.13;22.64;45.64;57.86;44.14;39.93;39.93
129791;2024;Fábio Silva;4.24;3.62;1.02;0.0;8.33;4.54;98.91;83.04;50.81;43.69;97.9;92.13
129880;2020;Santiago Ramos Mingo;0.0;0.0;0.0;0.0;0.0;0.0;22.64;10.43;13.07;44.14;10.07;12.93
129967;2021;Lucas de Vega;0.0;0.0;0.0;0.0;0.0;0.0;21.72;10.86;14.28;43.97;10.99;13.4
131294;2021;Yusuf Demir;0.0;0.11;0.61;0.0;3.65;3.16;21.72;29.36;43.36;43.97;40.28;59.12
131492;2020;Aritz Arambarri;0.0;0.05;0.17;0.0;1.52;0.0;22.64;26.14;31.71;44.14;26.86;12.93
131492;2024;Aritz Arambarri;0.0;0.13;1.38;0.0;1.48;0.0;22.46;31.28;55.77;43.69;28.02;13.7
131532;2020;Juan Ignacio Brunet Bordin;0.0;0.02;0.0;0.0;0.46;0.0;22.64;23.29;13.07;44.14;22.36;12.93
131535;2023;Alex Suárez;0.94;2.02;5.1;0.0;6.77;4.94;71.16;64.94;90.04;43.85;90.25;87.07
131535;2024;Alex Suárez;0.19;1.55;4.54;0.0;6.17;0.3;54.61;59.97;86.23;43.69;67.77;36.77
131538;2020;Son;0.31;2.22;1.55;0.0;4.55;3.78;63.36;71.21;59.0;44.14;52.86;69.93
131538;2021;Son;0.75;2.28;3.02;0.0;4.92;4.16;72.25;71.72;72.79;43.97;58.85;71.72
131546;2021;Isi Palazón;1.41;4.96;2.92;0.0;7.4;5.81;86.06;91.35;71.92;43.97;95.84;88.94
131546;2022;Isi Palazón;3.24;8.51;3.21;0.0;8.51;6.19;95.8;97.76;75.63;43.77;98.74;96.92
131546;2023;Isi Palazón;4.23;4.43;3.18;0.0;7.51;5.64;95.92;88.04;70.82;43.85;96.4;91.29
131546;2024;Isi Palazón;1.72;6.69;1.49;0.0;6.59;3.97;92.4;96.34;57.26;43.69;76.93;84.94
131546;2025;Isi Palazón;1.72;6.3;1.54;0.0;6.7;5.18;89.26;93.68;59.78;44.26;85.88;95.74
131548;2025;Lucas Ahijado;0.26;1.82;6.23;0.0;6.89;3.64;61.32;62.21;92.94;44.26;88.75;84.41
131551;2020;Miguel San Roman;0.0;0.0;0.0;5.0;0.0;0.0;22.64;10.43;13.07;93.36;10.07;12.93
133110;2022;Tanguy Nianzou;0.32;1.14;3.17;0.0;7.02;4.61;59.17;51.68;75.14;43.77;86.55;85.22
133110;2023;Tanguy Nianzou;0.0;0.19;1.3;0.0;4.59;2.21;21.85;30.15;53.39;43.85;49.52;50.48
133110;2024;Tanguy Nianzou;0.0;1.2;2.63;0.0;7.31;2.95;22.46;54.68;71.1;43.69;87.92;68.79
133110;2025;Tanguy Nianzou;0.0;0.59;1.98;0.0;4.41;0.2;24.41;43.68;64.93;44.26;53.75;38.82
133185;2023;Johnny Cardoso;1.0;3.27;10.0;0.0;8.04;4.72;73.24;79.81;100.0;43.85;98.2;83.82
133185;2024;Johnny Cardoso;0.96;2.44;7.82;0.0;7.67;5.08;82.84;71.3;98.64;43.69;91.66;95.79
133185;2025;Johnny Cardoso;0.0;1.17;3.47;0.0;5.25;1.44;24.41;53.75;77.65;44.26;65.22;53.24
133453;2019;Borja Sainz;0.86;1.88;1.33;0.0;3.61;3.02;66.19;31.85;38.97;46.17;39.77;46.44
133453;2020;Borja Sainz;0.37;0.34;0.55;0.0;2.93;2.44;66.79;34.43;41.36;44.14;34.79;51.71
133609;2020;Pedri;0.94;6.6;3.68;0.0;5.76;5.53;83.64;95.57;81.5;44.14;74.21;91.36
133609;2021;Pedri;2.68;7.32;4.26;0.0;6.8;7.05;93.83;96.38;82.77;43.97;90.15;95.58
133609;2022;Pedri;2.3;8.89;3.63;0.0;7.32;5.89;91.88;98.32;79.34;43.77;90.9;95.52
133609;2023;Pedri;2.38;8.9;4.23;0.0;5.95;4.36;88.45;98.34;82.09;43.85;74.2;78.77
133609;2024;Pedri;1.18;10.0;4.54;0.0;7.68;5.85;86.97;99.53;86.23;43.69;91.86;97.83
133609;2025;Pedri;1.86;10.0;5.08;0.0;7.73;7.3;90.59;99.41;87.06;44.26;96.62;99.41
134838;2020;Gorka Zabarte;0.0;0.0;0.0;0.0;0.0;0.0;22.64;10.43;13.07;44.14;10.07;12.93
135148;2020;Patrick Sequeira;0.0;0.0;0.0;5.0;0.0;0.0;22.64;10.43;13.07;93.36;10.07;12.93
135151;2017;Álex Robles;0.0;0.09;1.35;0.0;0.54;0.05;14.99;2.96;48.92;45.6;8.98;11.4
135334;2022;Santiago Bueno;0.25;3.14;7.19;0.0;8.16;2.44;54.69;78.43;97.76;43.77;97.2;54.97
135334;2023;Santiago Bueno;0.0;0.0;0.0;0.0;0.0;0.0;21.85;10.1;13.69;43.85;9.68;12.86
135775;2019;Ansu Fati;2.61;5.58;1.89;0.0;3.95;4.46;91.28;82.83;48.04;46.17;43.51;70.82
135775;2020;Ansu Fati;3.47;4.04;2.14;0.0;4.6;3.85;98.57;87.43;66.36;44.14;54.21;71.07
135775;2021;Ansu Fati;4.68;1.21;0.73;0.0;4.55;2.84;97.99;54.56;46.25;43.97;51.81;55.36
135775;2022;Ansu Fati;2.48;2.72;0.94;0.0;4.56;3.99;92.72;74.16;49.79;43.77;47.34;77.03
135775;2023;Ansu Fati;0.38;0.09;0.0;0.0;1.28;0.7;56.02;28.35;13.69;43.85;25.59;36.58
135775;2024;Ansu Fati;0.5;0.84;0.42;0.0;3.31;2.02;69.13;47.83;38.53;43.69;35.82;54.55
135831;2020;Luis Castillo;0.0;0.0;0.0;2.0;0.0;0.0;22.64;10.43;13.07;90.21;10.07;12.93
136117;2019;Rodrigo Riquelme;0.0;0.03;0.0;0.0;0.0;0.05;15.48;1.69;6.58;46.17;11.57;11.74
136117;2022;Rodrigo Riquelme;2.44;4.8;1.51;0.0;6.41;5.77;92.51;90.13;57.35;43.77;77.66;94.68
136117;2023;Rodrigo Riquelme;2.21;4.15;1.88;0.0;5.14;3.76;87.14;86.17;59.75;43.85;57.95;72.34
136117;2024;Rodrigo Riquelme;0.27;2.03;0.75;0.0;4.21;1.7;60.38;66.15;46.13;43.69;42.33;50.07
136117;2025;Rodrigo Riquelme;0.46;3.13;0.76;0.0;3.96;2.12;70.51;78.82;46.47;44.26;48.38;63.6
138776;2022;Largie Ramazani;1.86;1.61;1.3;0.0;4.71;4.54;88.87;59.59;54.27;43.77;49.16;84.38
138776;2023;Largie Ramazani;2.34;4.28;2.67;0.0;4.92;5.05;88.04;87.28;66.94;43.85;54.22;87.97
138776;2025;Largie Ramazani;1.06;1.17;0.43;0.0;4.21;3.72;83.53;53.75;40.44;44.26;51.32;86.03
138809;2022;Arnau Puigmal;0.6;0.91;1.78;0.0;4.98;2.56;68.77;47.41;61.2;43.77;51.82;57.49
138809;2023;Arnau Puigmal;0.0;0.67;0.36;0.0;2.7;1.55;21.85;43.22;37.41;43.85;32.71;43.98
139001;2022;Pablo Ibáñez;0.44;1.48;1.89;0.0;5.2;3.47;63.24;57.28;62.61;43.77;55.32;69.26
139001;2023;Pablo Ibáñez;0.94;1.85;1.45;0.0;4.88;2.03;71.16;61.76;55.05;43.85;53.46;47.72
139001;2024;Pablo Ibáñez;0.42;1.05;2.2;0.0;5.61;3.68;66.69;51.83;66.01;43.69;59.23;80.73
139001;2025;Pablo Ibáñez;1.15;3.02;4.34;0.0;7.43;5.33;84.19;77.28;83.24;44.26;94.56;96.25
140834;2019;Abdallahi Mahmoud;0.0;0.44;1.59;0.0;1.64;1.25;15.48;12.28;42.79;46.17;30.07;27.94
140834;2020;Abdallahi Mahmoud;0.0;0.41;0.61;0.0;2.35;0.05;22.64;36.57;42.36;44.14;31.0;29.79
144261;2022;Carlos García;0.0;1.18;0.0;0.0;2.22;1.11;21.22;51.82;14.57;43.77;29.69;39.78
144734;2022;Nabil Touaizi;0.0;0.0;0.0;0.0;0.04;0.0;21.22;10.43;14.57;43.77;22.2;13.59
146750;2019;Ismael Gutiérrez;0.0;0.33;0.95;0.0;0.0;0.05;15.48;9.52;34.43;46.17;11.57;11.74
146751;2019;Raúl García de Haro;0.0;0.2;0.0;0.0;0.0;0.0;15.48;6.58;6.58;46.17;11.57;4.63
146751;2021;Raúl García de Haro;0.0;0.0;0.0;0.0;0.0;0.0;21.72;10.86;14.28;43.97;10.99;13.4
146751;2023;Raúl García de Haro;2.49;1.31;0.74;0.0;4.84;2.19;89.21;52.84;44.74;43.85;52.9;50.14
146751;2024;Raúl García de Haro;1.36;0.39;0.82;0.0;5.36;3.41;88.87;37.38;47.63;43.69;55.7;76.46
146751;2025;Raúl García de Haro;1.86;1.01;1.88;0.0;5.75;3.02;90.59;51.18;63.75;44.26;72.72;74.63
147797;2019;Antoñin;1.09;1.06;0.45;0.0;4.25;2.12;72.69;22.69;23.49;46.17;46.35;35.94
147797;2020;Antoñin;0.0;0.0;0.0;0.0;0.0;0.0;22.64;10.43;13.07;44.14;10.07;12.93
152843;2020;Aritz Castro;0.0;0.0;0.0;1.5;0.0;0.0;22.64;10.43;13.07;89.71;10.07;12.93
152955;2025;Lucas Bergström;0.0;0.08;0.0;7.15;3.75;0.0;24.41;30.29;15.81;98.38;46.76;15.22
153290;2019;Victor Gómez;0.0;2.13;2.52;0.0;4.79;0.75;15.48;34.96;53.91;46.17;51.96;22.24
153290;2021;Victor Gómez;0.0;0.0;0.0;0.0;0.0;0.0;21.72;10.86;14.28;43.97;10.99;13.4
153308;2020;Diego Altube;0.0;0.0;0.0;5.0;0.0;0.0;22.64;10.43;13.07;93.36;10.07;12.93
156480;2019;Victor Gómez;0.0;3.82;3.4;0.0;0.0;3.18;15.48;62.46;61.92;46.17;11.57;48.49
156488;2020;Dani Cárdenas;0.0;0.09;0.14;7.89;2.56;0.0;22.64;28.29;29.86;98.43;32.43;12.93
156488;2021;Dani Cárdenas;0.0;0.34;0.0;4.81;3.13;0.05;21.72;34.32;14.28;92.63;35.39;29.89
156488;2023;Dani Cárdenas;0.0;0.02;0.0;4.95;0.0;0.0;21.85;24.48;13.69;91.7;9.68;12.86
156488;2024;Dani Cárdenas;0.0;0.04;0.0;7.68;1.47;0.01;22.46;28.36;15.2;97.69;27.68;27.75
156488;2025;Dani Cárdenas;0.0;0.0;0.0;5.0;0.0;0.0;24.41;12.5;15.81;94.34;12.28;15.22
156514;2020;Ignacio Pastor;0.0;0.0;0.0;0.0;0.0;0.0;22.64;10.43;13.07;44.14;10.07;12.93
157146;2025;Léo Pétrot;0.0;1.14;3.01;0.0;5.36;1.5;24.41;53.16;73.82;44.26;67.06;54.12
157194;2023;Pejiño;1.45;1.23;0.73;0.0;3.96;3.59;79.46;51.66;44.26;43.85;41.15;69.78
157194;2024;Pejiño;0.0;0.02;0.23;0.0;1.08;0.0;22.46;25.85;35.62;43.69;26.8;13.7
157910;2019;Kevin Rodrigues;0.82;4.26;7.16;0.0;0.0;3.15;64.41;70.02;94.66;46.17;11.57;47.69
157988;2020;Sergio Carreira;0.46;0.37;0.61;0.0;2.89;0.07;69.64;35.36;42.36;44.14;34.43;31.07
157988;2022;Sergio Carreira;0.0;0.0;0.0;0.0;0.0;0.0;21.22;10.43;14.57;43.77;10.71;13.59
157988;2024;Sergio Carreira;0.22;3.29;3.23;0.0;5.11;3.39;56.72;79.51;76.73;43.69;52.65;75.78
157988;2025;Sergio Carreira;0.8;2.99;4.02;0.0;6.34;4.32;80.59;76.99;81.32;44.26;80.88;90.44
158378;2024;Enzo Barrenechea;0.36;3.79;6.18;0.0;8.12;3.3;64.18;84.87;93.55;43.69;96.2;74.22
161670;2025;Vladyslav Vanat;3.45;1.82;0.4;0.0;4.57;3.25;96.99;62.21;40.0;44.26;55.59;78.38
161842;2024;Alejandro Jay;0.0;0.0;0.0;0.0;0.0;0.0;22.46;11.53;15.2;43.69;11.06;13.7
161873;2021;Pedro Alemañ Serna;0.0;0.0;0.0;0.0;0.0;0.0;21.72;10.86;14.28;43.97;10.99;13.4
161873;2024;Pedro Alemañ Serna;0.0;0.0;0.0;0.0;0.0;0.0;22.46;11.53;15.2;43.69;11.06;13.7
161875;2021;Hugo González;0.0;0.0;0.0;0.0;0.0;0.0;21.72;10.86;14.28;43.97;10.99;13.4
161875;2023;Hugo González;0.0;0.9;0.19;0.0;2.26;0.05;21.85;47.44;32.02;43.85;29.94;28.35
161875;2025;Hugo González;0.0;0.0;0.0;0.0;0.0;0.0;24.41;12.5;15.81;44.26;12.28;15.22
161877;2023;Pablo Gozálbez;0.0;0.01;0.03;0.0;1.41;0.03;21.85;22.06;28.15;43.85;26.69;27.25
161879;2020;Koba Koindredi;0.0;0.02;0.09;0.0;1.61;0.0;22.64;23.29;28.43;44.14;27.29;12.93
161879;2021;Koba Koindredi;0.0;0.34;0.63;0.0;3.42;2.02;21.72;34.32;44.17;43.97;37.8;46.72
161879;2022;Koba Koindredi;0.0;0.0;0.0;0.0;0.0;0.0;21.22;10.43;14.57;43.77;10.71;13.59
161894;2024;Naci Ünüvar;0.0;0.36;0.32;0.0;2.78;0.04;22.46;36.36;37.72;43.69;33.24;31.14
161928;2021;Alejandro Balde;0.0;0.6;0.68;0.0;2.49;0.91;21.72;42.49;45.17;43.97;32.31;36.86
161928;2022;Alejandro Balde;0.46;4.75;3.17;0.0;6.87;5.84;63.66;89.64;75.14;43.77;85.15;95.1
161928;2023;Alejandro Balde;0.19;3.87;2.76;0.0;6.23;5.3;47.79;83.54;68.19;43.85;80.84;89.42
161928;2024;Alejandro Balde;0.19;5.0;1.86;0.0;7.11;5.51;54.61;90.5;61.94;43.69;85.07;96.61
161928;2025;Alejandro Balde;0.14;6.28;4.96;0.0;7.07;4.94;54.78;93.53;86.25;44.26;90.74;93.82
161929;2020;Konrad de la Fuente;0.0;0.0;0.0;0.0;0.0;0.0;22.64;10.43;13.07;44.14;10.07;12.93
161931;2024;Arnau Solà;0.0;0.0;0.08;0.0;0.1;0.0;22.46;11.53;31.75;43.69;23.88;13.7
161933;2021;Nicolás González;0.75;2.65;2.28;0.0;5.54;6.96;72.25;76.07;65.21;43.97;70.78;95.17
161933;2022;Nicolás González;0.56;3.05;4.12;0.0;6.73;6.44;67.09;77.52;83.12;43.77;83.54;98.18
161962;2021;Nacho Quintana;0.0;0.0;0.0;0.0;0.0;0.0;21.72;10.86;14.28;43.97;10.99;13.4
161962;2022;Nacho Quintana;0.0;0.0;0.0;0.0;0.0;0.0;21.22;10.43;14.57;43.77;10.71;13.59
161963;2019;Germán Valera;0.0;0.43;0.0;0.0;0.0;0.0;15.48;12.01;6.58;46.17;11.57;4.63
161963;2020;Germán Valera;0.0;0.0;0.0;0.0;0.0;0.0;22.64;10.43;13.07;44.14;10.07;12.93
161963;2021;Germán Valera;0.0;0.03;0.73;0.0;1.61;0.92;21.72;25.47;46.25;43.97;28.42;37.0
161963;2024;Germán Valera;0.28;0.28;0.54;0.0;3.86;2.04;60.99;34.12;41.66;43.69;40.23;54.68
161963;2025;Germán Valera;1.72;6.04;5.3;0.0;7.49;4.97;89.26;92.79;88.24;44.26;95.15;94.12
161964;2021;Marc Tenas;0.0;0.43;0.0;0.0;0.97;0.58;21.72;37.94;14.28;43.97;25.87;35.46
161965;2020;Mario Soriano;0.0;0.0;0.0;0.0;0.0;0.0;22.64;10.43;13.07;44.14;10.07;12.93
162012;2025;Matteo Ruggeri;0.22;2.68;3.19;0.0;4.86;0.87;57.43;73.82;74.85;44.26;59.04;43.97
162026;2020;Marvin Park;0.0;1.65;1.06;0.0;2.19;0.99;22.64;63.0;51.93;44.14;29.57;36.79
162026;2023;Marvin Park;0.36;2.37;3.49;0.0;5.73;4.39;54.84;70.68;75.38;43.85;69.85;79.25
162026;2024;Marvin Park;0.0;1.3;3.8;0.0;5.58;1.05;22.46;56.65;81.41;43.69;58.41;43.35
162028;2021;Juanmi Latasa;0.0;0.02;0.0;0.0;0.0;0.0;21.72;24.46;14.28;43.97;10.99;13.4
162028;2022;Juanmi Latasa;0.49;0.72;0.45;0.0;5.85;1.41;64.71;42.79;40.97;43.77;66.74;43.49
162028;2023;Juanmi Latasa;2.02;2.14;0.38;0.0;7.58;3.49;86.1;66.46;37.69;43.85;96.61;67.43
162028;2024;Juanmi Latasa;1.41;1.7;0.0;0.0;7.64;3.37;89.48;61.6;15.2;43.69;91.25;75.1
162030;2023;Jordi Martín;0.47;1.29;2.27;0.0;4.34;2.83;59.06;52.28;63.14;43.85;45.23;57.26
162032;2020;Miguel Gutiérrez;0.0;3.24;1.64;0.0;4.98;3.5;22.64;83.79;60.29;44.14;60.0;66.5
162032;2021;Miguel Gutiérrez;0.0;2.18;1.74;0.0;5.42;4.33;21.72;70.04;60.46;43.97;68.3;73.73
162032;2022;Miguel Gutiérrez;0.62;3.62;3.48;0.0;6.16;4.9;69.47;82.56;78.08;43.77;72.41;88.17
162032;2023;Miguel Gutiérrez;0.96;7.11;3.59;0.0;5.61;4.53;71.85;96.54;76.83;43.85;66.53;80.5
162032;2024;Miguel Gutiérrez;0.85;7.51;4.08;0.0;6.87;5.12;80.53;98.1;83.31;43.69;81.48;96.07
162033;2020;Sergio Arribas;0.19;0.59;1.12;0.0;4.35;4.11;54.5;41.93;52.64;44.14;49.0;75.64
162033;2022;Sergio Arribas;0.0;0.43;0.0;0.0;0.0;0.0;21.22;37.32;14.57;43.77;10.71;13.59
162033;2023;Sergio Arribas;4.02;5.34;2.7;0.0;5.9;3.47;95.16;91.98;67.43;43.85;73.58;66.87
162034;2022;Carlos Dotor;0.0;0.0;0.0;0.0;0.0;0.0;21.22;10.43;14.57;43.77;10.71;13.59
162034;2023;Carlos Dotor;0.0;0.55;1.61;0.0;4.35;3.04;21.85;39.56;56.29;43.85;45.44;61.0
162053;2021;Nikita Iosifov;0.0;0.03;0.0;0.0;0.79;0.87;21.72;25.47;14.28;43.97;25.4;36.46
162058;2020;Víctor Chust;0.0;0.34;0.29;0.0;2.31;0.0;22.64;34.43;35.29;44.14;30.57;12.93
162058;2021;Víctor Chust;0.16;0.55;2.63;0.0;4.8;3.08;50.74;40.88;68.7;43.97;56.9;57.98
162058;2022;Víctor Chust;0.63;0.85;2.59;0.0;4.9;1.0;70.17;45.59;69.96;43.77;51.05;38.94
162058;2023;Víctor Chust;0.0;2.21;4.57;0.0;5.3;1.12;21.85;67.36;85.89;43.85;61.55;39.07
162058;2025;Víctor Chust;0.0;2.37;6.02;0.0;6.64;2.27;24.41;70.51;92.28;44.26;84.78;65.29
162106;2020;Yunus Musah;0.24;1.0;1.85;0.0;5.6;5.2;58.29;50.71;63.43;44.14;71.71;89.07
162106;2021;Yunus Musah;0.34;1.29;2.23;0.0;5.38;5.71;59.85;56.64;64.75;43.97;67.29;87.87
162106;2022;Yunus Musah;0.25;2.62;3.41;0.0;7.17;4.49;54.69;72.62;77.59;43.77;88.73;83.82
162108;2020;Guillem Molina;0.0;0.08;0.46;0.0;3.24;2.37;22.64;28.0;39.07;44.14;36.71;50.43
162122;2023;Adrià Altimira;0.0;1.09;2.67;0.0;4.61;4.7;21.85;49.65;66.94;43.85;49.93;83.47
162122;2024;Adrià Altimira;0.13;1.42;3.48;0.0;6.34;3.03;50.61;58.07;78.83;43.69;71.03;70.35
162122;2025;Adrià Altimira;0.0;0.03;0.14;0.0;1.37;0.0;24.41;27.87;34.04;44.26;32.13;15.22
162123;2020;Ilaix Moriba;0.68;3.33;2.42;0.0;6.35;6.31;77.14;84.57;69.57;44.14;85.93;95.86
162123;2021;Ilaix Moriba;1.04;0.92;4.57;0.0;7.04;4.59;80.7;49.93;84.32;43.97;92.76;77.41
162123;2022;Ilaix Moriba;0.49;2.53;2.53;0.0;6.77;4.01;64.71;72.13;69.4;43.77;84.31;77.31
162123;2023;Ilaix Moriba;0.28;2.56;3.41;0.0;6.58;3.05;51.04;73.31;74.62;43.85;87.28;61.34
162123;2024;Ilaix Moriba;0.9;3.19;4.57;0.0;7.91;3.63;81.75;78.77;86.43;43.69;94.3;80.26
162123;2025;Ilaix Moriba;0.33;3.02;6.69;0.0;7.5;3.06;63.53;77.28;94.41;44.26;95.44;75.37
162126;2024;Peque Fernández;0.37;1.59;1.4;0.0;4.94;3.15;64.72;60.38;56.17;43.69;49.19;72.25
162126;2025;Peque Fernández;1.03;3.03;0.58;0.0;6.49;3.97;83.31;77.5;43.09;44.26;83.31;88.09
162127;2021;Diego López;0.0;0.0;0.0;0.0;0.0;0.0;21.72;10.86;14.28;43.97;10.99;13.4
162127;2022;Diego López;4.0;4.75;0.47;0.0;5.31;4.41;97.34;89.64;41.81;43.77;56.65;82.35
162127;2023;Diego López;2.23;5.56;2.99;0.0;6.32;4.44;87.28;92.81;69.64;43.85;82.71;79.67
162127;2024;Diego López;1.83;5.11;2.08;0.0;5.88;3.05;92.81;90.91;64.72;43.69;62.82;70.69
162127;2025;Diego López;1.2;1.89;2.06;0.0;5.74;2.45;84.78;63.82;66.1;44.26;72.5;68.38
162135;2021;Iker Recio;0.0;0.0;0.0;0.0;0.0;0.0;21.72;10.86;14.28;43.97;10.99;13.4
162138;2021;Marco Moreno;0.0;0.0;0.0;0.0;0.0;0.0;21.72;10.86;14.28;43.97;10.99;13.4
162138;2022;Marco Moreno;0.0;0.0;0.0;0.0;0.0;0.0;21.22;10.43;14.57;43.77;10.71;13.59
162138;2023;Marco Moreno;0.0;0.0;0.0;0.0;0.0;0.0;21.85;10.1;13.69;43.85;9.68;12.86
162167;2021;Álvaro Sanz Catalán;0.0;0.41;0.0;0.0;0.76;0.06;21.72;36.8;14.28;43.97;25.07;30.7
162170;2024;Hugo Novoa Ramos;0.0;0.34;0.83;0.0;3.71;1.49;22.46;35.82;48.1;43.69;38.87;48.03
162175;2020;Jesús Vázquez;0.0;0.0;0.0;0.0;0.0;0.0;22.64;10.43;13.07;44.14;10.07;12.93
162175;2021;Jesús Vázquez;0.08;0.77;2.25;0.0;5.05;5.8;45.17;47.05;64.95;43.97;61.39;88.74
162175;2022;Jesús Vázquez;0.08;0.4;0.74;0.0;4.31;2.24;43.63;36.55;47.06;43.77;44.33;52.45
162175;2023;Jesús Vázquez;0.57;0.51;2.43;0.0;4.73;2.33;61.83;38.04;64.38;43.85;51.24;51.59
162175;2024;Jesús Vázquez;0.06;0.5;2.26;0.0;5.44;2.88;46.27;40.57;67.44;43.69;56.99;68.25
162175;2025;Jesús Vázquez;0.22;1.56;1.65;0.0;5.1;4.49;57.43;59.04;61.4;44.26;62.65;91.69
162212;2020;Miguel Baeza;0.31;1.03;0.46;0.0;3.53;1.11;63.36;51.14;39.07;44.14;38.71;39.29
162212;2021;Miguel Baeza;0.0;0.01;0.0;0.0;0.0;0.0;21.72;22.72;14.28;43.97;10.99;13.4
162212;2022;Miguel Baeza;0.0;0.0;0.0;0.0;0.0;0.0;21.22;10.43;14.57;43.77;10.71;13.59
162434;2024;Alejandro Francés;0.0;1.1;3.62;0.0;5.8;2.82;22.46;53.39;79.58;43.69;61.87;67.64
162434;2025;Alejandro Francés;0.43;1.55;2.31;0.0;5.95;2.56;69.34;58.82;68.24;44.26;74.56;70.0
162449;2021;Carlos Perez;0.0;0.0;0.0;1.0;0.0;0.0;21.72;10.86;14.28;90.28;10.99;13.4
162449;2022;Carlos Perez;0.0;0.0;0.0;1.0;0.0;0.0;21.22;10.43;14.57;89.08;10.71;13.59
162473;2020;Arnau Tenas;0.0;0.0;0.0;5.0;0.0;0.0;22.64;10.43;13.07;93.36;10.07;12.93
162473;2021;Arnau Tenas;0.0;0.0;0.0;5.0;0.0;0.0;21.72;10.86;14.28;93.83;10.99;13.4
162473;2022;Arnau Tenas;0.0;0.0;0.0;5.0;0.0;0.0;21.22;10.43;14.57;92.65;10.71;13.59
162473;2025;Arnau Tenas;0.0;0.05;0.12;5.62;1.35;0.0;24.41;29.34;33.31;96.76;31.69;15.22
162474;2021;Jandro Orellana;0.0;0.0;0.0;0.0;0.0;0.0;21.72;10.86;14.28;43.97;10.99;13.4
162475;2021;Mika Mármol;0.0;0.14;0.0;0.0;0.0;0.0;21.72;30.23;14.28;43.97;10.99;13.4
162475;2023;Mika Mármol;0.0;4.11;7.93;0.0;6.94;4.56;21.85;85.62;98.48;43.85;92.6;81.26
162475;2024;Mika Mármol;0.0;3.17;7.28;0.0;6.9;2.54;22.46;78.49;97.76;43.69;81.95;62.75
162495;2021;Fernando Medrano;0.0;0.0;0.0;0.0;0.0;0.0;21.72;10.86;14.28;43.97;10.99;13.4
162495;2022;Fernando Medrano;0.0;0.01;0.68;0.0;1.98;0.0;21.22;22.9;45.38;43.77;29.13;13.59
162529;2020;Luis López;0.0;0.0;0.0;0.5;0.0;0.0;22.64;10.43;13.07;88.57;10.07;12.93
162529;2021;Luis López;0.0;0.0;0.0;4.0;0.0;0.0;21.72;10.86;14.28;92.23;10.99;13.4
162529;2022;Luis López;0.0;0.0;0.0;5.0;0.0;0.0;21.22;10.43;14.57;92.65;10.71;13.59
162530;2020;Sergio Santos Fernandez;0.0;0.0;0.0;0.0;0.0;0.0;22.64;10.43;13.07;44.14;10.07;12.93
162530;2021;Sergio Santos Fernandez;0.0;0.42;0.0;0.0;0.0;0.0;21.72;37.53;14.28;43.97;10.99;13.4
162531;2022;Xavi Sintes;0.0;0.0;0.0;0.0;0.0;0.0;21.22;10.43;14.57;43.77;10.71;13.59
162531;2023;Xavi Sintes;0.0;0.0;0.0;0.0;0.0;0.0;21.85;10.1;13.69;43.85;9.68;12.86
162533;2021;Toni Fuidias;0.0;0.0;0.0;5.0;0.0;0.0;21.72;10.86;14.28;93.83;10.99;13.4
162533;2022;Toni Fuidias;0.0;0.0;0.0;5.0;0.0;0.0;21.22;10.43;14.57;92.65;10.71;13.59
162533;2023;Toni Fuidias;0.0;0.0;0.0;5.0;0.0;0.0;21.85;10.1;13.69;93.15;9.68;12.86
162545;2021;Manuel Lama Maroto;0.0;0.0;0.0;0.0;0.0;0.0;21.72;10.86;14.28;43.97;10.99;13.4
162546;2020;Óscar Castro;0.0;0.0;0.0;0.0;0.0;0.0;22.64;10.43;13.07;44.14;10.07;12.93
162547;2023;Théo Zidane;0.0;0.0;0.0;0.0;0.0;0.0;21.85;10.1;13.69;43.85;9.68;12.86
162559;2021;Joseda;0.0;0.0;0.0;0.0;0.0;0.0;21.72;10.86;14.28;43.97;10.99;13.4
162585;2023;Pol Tristan Jimenez;0.0;0.0;0.0;0.5;0.0;0.0;21.85;10.1;13.69;88.38;9.68;12.86
162585;2024;Pol Tristan Jimenez;0.0;0.0;0.0;2.5;0.0;0.0;22.46;11.53;15.2;90.43;11.06;13.7
162585;2025;Pol Tristan Jimenez;0.0;0.0;0.0;4.0;0.0;0.0;24.41;12.5;15.81;92.13;12.28;15.22
162587;2023;Adria Miquel Bosch Sanchis;0.0;0.03;0.19;0.0;1.18;0.0;21.85;25.45;32.02;43.85;25.31;12.86
162603;2022;Carlos Rojas;0.0;0.0;0.0;0.0;0.0;0.0;21.22;10.43;14.57;43.77;10.71;13.59
162605;2022;Javi Domínguez;0.0;0.0;0.0;0.0;0.0;0.0;21.22;10.43;14.57;43.77;10.71;13.59
162605;2023;Javi Domínguez;0.0;0.0;0.0;0.0;0.0;0.0;21.85;10.1;13.69;43.85;9.68;12.86
162686;2020;Antonio Blanco;0.0;1.33;1.87;0.0;2.73;0.08;22.64;56.14;63.71;44.14;33.0;31.43
162686;2021;Antonio Blanco;0.0;0.06;0.65;0.0;2.21;1.27;21.72;27.75;44.71;43.97;31.03;39.81
162686;2022;Antonio Blanco;0.0;0.45;1.21;0.0;4.16;0.04;21.22;38.24;52.52;43.77;42.09;30.04
162686;2023;Antonio Blanco;0.32;3.08;5.26;0.0;6.61;5.68;52.97;78.01;91.63;43.85;87.9;91.49
162686;2024;Antonio Blanco;0.19;2.68;5.94;0.0;7.02;4.46;54.61;73.95;92.81;43.69;83.38;91.18
162686;2025;Antonio Blanco;1.2;4.53;9.22;0.0;7.67;5.15;84.78;87.06;99.26;44.26;96.03;95.51
162695;2021;Arnau Comas;0.0;0.0;0.0;0.0;0.0;0.0;21.72;10.86;14.28;43.97;10.99;13.4
162712;2020;Óscar Mingueza;0.72;4.1;4.64;0.0;5.71;3.82;79.0;87.79;89.29;44.14;73.5;70.29
162712;2021;Óscar Mingueza;0.08;2.03;2.16;0.0;4.97;3.82;45.17;68.9;64.21;43.97;60.05;67.43
162712;2022;Óscar Mingueza;0.0;2.52;4.21;0.0;6.07;4.04;21.22;71.92;84.8;43.77;71.43;77.87
162712;2023;Óscar Mingueza;1.72;6.7;4.44;0.0;6.78;5.69;83.06;95.44;84.79;43.85;90.59;91.7
162712;2024;Óscar Mingueza;1.22;7.08;3.34;0.0;6.5;4.18;87.58;97.29;77.95;43.69;74.76;87.45
162712;2025;Óscar Mingueza;0.65;5.66;3.4;0.0;6.25;3.42;76.03;91.62;77.06;44.26;79.12;81.99
162719;2020;Mohamed Aiman Moukhliss;0.0;0.0;0.0;0.0;0.0;0.0;22.64;10.43;13.07;44.14;10.07;12.93
162722;2020;Sergio López;0.0;0.0;0.0;0.0;0.0;0.0;22.64;10.43;13.07;44.14;10.07;12.93
162889;2020;Ricard Sánchez;0.0;0.02;0.18;0.0;0.95;0.0;22.64;23.29;32.29;44.14;24.64;12.93
162889;2023;Ricard Sánchez;1.15;2.69;2.46;0.0;5.42;4.37;75.93;74.41;64.8;43.85;63.42;78.98
162891;2020;Juan Manuel Sanabria;0.0;0.0;0.0;0.0;0.0;0.0;22.64;10.43;13.07;44.14;10.07;12.93
162928;2021;Sergio Bono;0.0;0.0;0.0;0.0;0.0;0.0;21.72;10.86;14.28;43.97;10.99;13.4
162931;2022;Fran Pérez;0.0;0.06;0.0;0.0;2.57;2.78;21.22;28.57;14.57;43.77;31.23;60.92
162931;2023;Fran Pérez;0.47;3.37;2.46;0.0;5.66;5.55;59.06;80.57;64.8;43.85;68.05;90.8
162931;2024;Fran Pérez;0.08;1.0;1.38;0.0;5.0;2.36;48.24;50.2;55.77;43.69;50.54;59.5
162931;2025;Fran Pérez;0.8;2.3;0.98;0.0;3.95;3.3;80.59;69.34;50.44;44.26;48.24;79.26
162944;2024;Duk;0.14;1.24;1.14;0.0;6.0;3.95;51.9;55.56;52.17;43.69;65.81;84.8
162952;2021;Mario Gila Fuentes;0.0;0.13;0.42;0.0;0.66;0.52;21.72;29.89;39.48;43.97;24.87;35.12
162992;2019;Vicente Esquerdo;0.0;0.59;0.23;0.0;0.0;0.0;15.48;15.21;18.95;46.17;11.57;4.63
162992;2020;Vicente Esquerdo;0.0;0.56;1.76;0.0;3.08;1.5;22.64;41.43;62.21;44.14;35.79;42.57
163013;2024;Iker Bachiller;0.0;0.0;0.0;0.0;0.0;0.0;22.46;11.53;15.2;43.69;11.06;13.7
163060;2021;Adrián Rodríguez;0.0;0.0;0.0;0.5;0.0;0.0;21.72;10.86;14.28;88.87;10.99;13.4
163060;2023;Adrián Rodríguez;0.0;0.0;0.0;5.0;0.0;0.0;21.85;10.1;13.69;93.15;9.68;12.86
163060;2024;Adrián Rodríguez;0.0;0.02;0.0;6.84;2.98;0.06;22.46;25.85;15.2;96.74;33.92;33.72
163198;2022;Emilio Bernad;0.0;0.0;0.0;1.0;0.0;0.0;21.22;10.43;14.57;89.08;10.71;13.59
163208;2021;Carles Marco;0.0;0.0;0.0;0.0;0.0;0.0;21.72;10.86;14.28;43.97;10.99;13.4
163208;2022;Carles Marco;0.0;0.0;0.0;0.0;0.0;0.0;21.22;10.43;14.57;43.77;10.71;13.59
163241;2019;Oscar Clemente;0.0;0.47;0.0;0.0;0.0;0.0;15.48;12.99;6.58;46.17;11.57;4.63
163245;2021;Martín Calderón;0.0;0.37;0.47;0.0;3.66;1.33;21.72;35.66;40.42;43.97;40.48;41.02
163436;2020;Kike Saverio;0.0;0.0;0.0;0.0;0.0;0.0;22.64;10.43;13.07;44.14;10.07;12.93
163447;2017;José Lara;0.0;0.18;0.0;0.0;0.17;0.25;14.99;5.48;9.25;45.6;3.95;17.15
163447;2022;José Lara;0.0;0.0;0.0;0.0;0.0;0.0;21.22;10.43;14.57;43.77;10.71;13.59
163453;2021;Valentino Fattore Scotta;0.0;0.0;0.0;0.0;0.03;0.0;21.72;10.86;14.28;43.97;22.65;13.4
163466;2021;Lazar Carević;0.0;0.0;0.0;3.5;0.0;0.0;21.72;10.86;14.28;91.82;10.99;13.4
163630;2020;Alfonso Pastor;0.0;0.0;0.0;5.0;0.0;0.0;22.64;10.43;13.07;93.36;10.07;12.93
163630;2021;Alfonso Pastor;0.0;0.0;0.0;3.5;0.0;0.0;21.72;10.86;14.28;91.82;10.99;13.4
169256;2020;Iker Álvarez;0.0;0.0;0.0;1.5;0.0;0.0;22.64;10.43;13.07;89.71;10.07;12.93
169256;2021;Iker Álvarez;0.0;0.0;0.0;5.0;0.0;0.0;21.72;10.86;14.28;93.83;10.99;13.4
169256;2022;Iker Álvarez;0.0;0.0;0.0;5.0;0.0;0.0;21.22;10.43;14.57;92.65;10.71;13.59
169256;2023;Iker Álvarez;0.0;0.0;0.0;3.5;0.0;0.0;21.85;10.1;13.69;90.66;9.68;12.86
169256;2024;Iker Álvarez;0.0;0.0;0.0;0.5;0.0;0.0;22.46;11.53;15.2;88.2;11.06;13.7
169295;2024;Karl Hein;0.0;0.56;0.03;2.97;5.06;0.03;22.46;41.32;30.46;90.64;51.29;29.58
170541;2022;Miguel Llabrés;0.0;0.0;0.0;0.0;0.0;0.0;21.22;10.43;14.57;43.77;10.71;13.59
174918;2022;Loïc Badé;0.57;1.87;6.35;0.0;6.67;3.52;67.79;63.59;95.94;43.77;82.77;69.82
174918;2023;Loïc Badé;0.38;2.9;8.61;0.0;7.77;3.74;56.02;75.86;99.72;43.85;97.44;72.06
174918;2024;Loïc Badé;0.42;2.88;5.69;0.0;8.01;4.92;66.69;76.19;92.33;43.69;95.05;94.84
177587;2022;Marius Herzig;0.0;0.0;0.0;0.5;0.0;0.0;21.22;10.43;14.57;88.1;10.71;13.59
178932;2020;Jon Mikel Magunagoitia;0.0;0.0;0.0;1.0;0.0;0.0;22.64;10.43;13.07;89.29;10.07;12.93
179070;2020;Marc Baró;0.19;0.65;0.64;0.0;3.48;1.25;54.5;43.07;43.79;44.14;38.36;41.29
179139;2021;Leo Román;0.0;0.06;0.0;6.83;1.29;1.27;21.72;27.75;14.28;95.84;27.95;39.81
179139;2022;Leo Román;0.0;0.03;0.0;10.0;0.0;0.0;21.22;26.82;14.57;99.72;10.71;13.59
179139;2024;Leo Román;0.0;0.08;0.0;9.93;2.53;1.05;22.46;30.39;15.2;98.91;31.61;43.35
179139;2025;Leo Román;0.0;0.47;0.14;6.86;2.77;0.03;24.41;40.07;34.04;97.94;37.35;31.47
179153;2023;Javier Martón Ansó;0.0;0.0;0.0;0.0;0.0;0.0;21.85;10.1;13.69;43.85;9.68;12.86
179153;2024;Javier Martón Ansó;0.0;0.0;0.0;0.0;2.06;0.0;22.46;11.53;15.2;43.69;29.72;13.7
179955;2023;Javier Rueda;0.0;0.05;0.0;0.0;0.18;0.06;21.85;26.97;13.69;43.85;21.09;30.01
179955;2025;Javier Rueda;0.89;2.28;2.84;0.0;4.64;3.38;81.54;68.97;72.13;44.26;56.62;80.81
179996;2022;Francisco Vieites;0.0;0.0;0.0;0.5;0.0;0.0;21.22;10.43;14.57;88.1;10.71;13.59
179996;2023;Francisco Vieites;0.0;0.04;0.08;8.95;2.27;0.0;21.85;26.28;29.11;99.17;30.29;12.86
179996;2024;Francisco Vieites;0.06;0.04;0.0;6.46;3.32;0.03;46.27;28.36;15.2;96.34;36.02;29.58
180239;2020;Iñaki Álvarez;0.0;0.0;0.0;5.0;0.0;0.0;22.64;10.43;13.07;93.36;10.07;12.93
180241;2020;Manuel Nieto;0.0;0.39;0.23;0.0;0.93;0.0;22.64;35.64;33.64;44.14;24.36;12.93
180496;2025;Georges Mikautadze;3.59;3.74;0.63;0.0;5.2;3.93;97.21;83.09;43.82;44.26;64.71;87.79
180560;2023;Hannibal Mejbri;0.0;0.99;0.24;0.0;3.28;2.73;21.85;48.13;34.51;43.85;34.99;55.74
180927;2025;Zaid Romero;0.0;0.04;1.37;0.0;0.49;0.0;24.41;28.82;56.99;44.26;27.5;15.22
181210;2025;Nil Torreguitart;0.0;0.0;0.0;2.0;0.0;0.0;24.41;12.5;15.81;91.25;12.28;15.22
181218;2022;Alex Sala;0.0;0.0;0.0;0.0;0.0;0.0;21.22;10.43;14.57;43.77;10.71;13.59
181259;2024;Abel Bretones;0.49;2.05;4.51;0.0;7.16;4.13;68.66;66.76;85.89;43.69;85.82;86.7
181259;2025;Abel Bretones;0.64;2.3;5.37;0.0;6.76;4.16;75.51;69.34;88.75;44.26;86.54;89.85
181421;2021;Abdessamad Ezzalzouli;1.35;2.0;4.31;0.0;7.16;8.87;85.25;67.96;83.24;43.97;93.83;99.06
181421;2022;Abdessamad Ezzalzouli;2.44;2.38;2.29;0.0;7.18;7.0;92.51;70.03;66.95;43.77;89.08;98.46
181421;2023;Abdessamad Ezzalzouli;0.89;0.77;0.81;0.0;3.34;2.72;70.68;45.16;45.85;43.85;35.75;55.39
181421;2024;Abdessamad Ezzalzouli;2.11;4.09;2.97;0.0;7.63;5.84;94.57;87.11;74.22;43.69;91.04;97.69
181421;2025;Abdessamad Ezzalzouli;3.64;6.38;4.61;0.0;9.04;6.08;97.35;94.12;84.78;44.26;99.85;98.24
181463;2024;Víctor Meseguer;0.0;0.47;1.29;0.0;4.95;0.82;22.46;39.76;54.21;43.69;49.59;39.55
181474;2022;Alberto del Moral;0.0;0.0;0.0;0.0;0.0;0.0;21.22;10.43;14.57;43.77;10.71;13.59
181582;2022;José Copete;0.25;0.87;7.13;0.0;7.4;5.92;54.69;46.5;97.55;43.77;91.88;95.8
181582;2023;José Copete;0.32;1.01;5.12;0.0;5.55;2.52;52.97;48.82;90.25;43.85;65.21;53.73
181582;2024;José Copete;0.14;0.64;4.05;0.0;6.52;3.03;51.9;43.42;82.77;43.69;75.03;70.35
181582;2025;José Copete;0.0;2.33;5.83;0.0;6.45;3.41;24.41;69.93;91.62;44.26;82.87;81.69
181701;2024;Gerard Martín;0.24;2.39;2.22;0.0;5.68;1.69;58.68;70.42;66.49;43.69;60.65;49.86
181701;2025;Gerard Martín;0.0;4.68;4.61;0.0;6.7;2.5;24.41;88.01;84.78;44.26;85.88;69.12
181724;2021;Cheikh Kané Sarr;0.0;0.0;0.0;3.0;0.0;0.0;21.72;10.86;14.28;91.49;10.99;13.4
181734;2022;Josep Chavarría;0.0;1.73;0.44;0.0;4.01;2.36;21.22;60.92;40.13;43.77;40.2;53.71
181734;2023;Josep Chavarría;0.43;2.14;1.83;0.0;5.77;3.78;57.88;66.46;59.34;43.85;70.47;72.82
181734;2024;Josep Chavarría;0.19;3.69;5.12;0.0;6.54;2.53;54.61;84.06;89.42;43.69;75.71;62.28
181734;2025;Josep Chavarría;0.43;4.64;7.27;0.0;7.13;3.67;69.34;87.79;96.84;44.26;92.06;85.0
181852;2019;Mario Rodriguez;0.0;0.0;0.0;0.0;0.49;0.1;15.48;0.71;6.58;46.17;26.33;15.12
181866;2020;Sergio Cubero;0.0;0.0;0.0;0.0;0.0;0.0;22.64;10.43;13.07;44.14;10.07;12.93
181867;2019;Miguel Atienza;0.0;0.18;0.83;0.0;1.11;0.05;15.48;6.14;30.87;46.17;28.29;11.74
181867;2020;Miguel Atienza;0.0;1.37;3.36;0.0;5.44;0.9;22.64;56.79;77.57;44.14;68.57;35.64
181868;2019;Manuel Sánchez;0.0;0.88;0.0;0.0;0.0;0.25;15.48;19.57;6.58;46.17;11.57;17.53
182150;2020;Sergio Lozano;0.0;0.0;0.0;0.0;0.0;0.0;22.64;10.43;13.07;44.14;10.07;12.93
182150;2025;Sergio Lozano;0.0;0.03;0.46;0.0;0.65;0.0;24.41;27.87;41.25;44.26;28.16;15.22
182164;2020;Pepe Sánchez;0.0;0.4;0.84;0.0;2.79;0.02;22.64;36.07;48.5;44.14;33.5;26.5
182164;2021;Pepe Sánchez;0.0;0.0;0.0;0.0;0.0;0.0;21.72;10.86;14.28;43.97;10.99;13.4
182165;2020;Antonio Aranda;0.0;0.0;0.0;0.0;0.0;0.0;22.64;10.43;13.07;44.14;10.07;12.93
182166;2020;Isma Ruiz;0.0;0.03;0.15;0.0;0.78;0.0;22.64;24.64;30.86;44.14;23.29;12.93
182166;2021;Isma Ruiz;0.1;0.35;0.4;0.0;2.83;2.15;47.59;34.72;39.21;43.97;33.65;48.32
182167;2021;Adrián Butzke;0.0;0.0;0.0;0.0;0.0;0.0;21.72;10.86;14.28;43.97;10.99;13.4
182181;2021;Jesús Areso;0.0;0.24;0.26;0.0;2.99;0.13;21.72;31.97;35.12;43.97;34.18;32.77
182181;2023;Jesús Areso;0.4;5.21;4.77;0.0;6.43;5.94;57.26;91.15;87.34;43.85;84.44;93.22
182181;2024;Jesús Areso;0.0;4.23;3.52;0.0;6.83;3.6;22.46;88.06;79.24;43.69;80.8;79.72
182181;2025;Jesús Areso;0.0;3.76;3.33;0.0;5.76;3.83;24.41;83.53;76.4;44.26;73.09;86.99
182219;2019;Alejandro Baena;0.0;0.2;0.0;0.0;0.0;0.0;15.48;6.58;6.58;46.17;11.57;4.63
182219;2020;Alejandro Baena;0.06;0.23;0.32;0.0;3.2;1.46;46.93;31.0;36.14;44.14;36.43;42.07
182219;2022;Alejandro Baena;2.86;4.4;1.57;0.0;6.15;4.94;94.19;87.89;58.75;43.77;72.27;88.45
182219;2023;Alejandro Baena;3.38;10.0;2.34;0.0;6.26;5.47;93.64;99.59;63.69;43.85;81.88;90.59
182219;2024;Alejandro Baena;2.31;10.0;2.8;0.0;6.77;4.1;95.39;99.53;72.73;43.69;80.12;86.23
182219;2025;Alejandro Baena;1.48;6.6;2.79;0.0;5.26;2.97;87.57;94.71;71.76;44.26;65.44;73.82
182480;2020;Lautaro De León;0.0;0.0;0.0;0.0;0.1;0.0;22.64;10.43;13.07;44.14;21.21;12.93
182486;2025;Alberto Reina;1.03;2.7;2.99;0.0;6.04;4.35;83.31;74.12;73.53;44.26;75.37;90.74
182490;2019;Jacobo;0.0;0.11;0.79;0.0;0.83;0.4;15.48;4.98;30.07;46.17;27.31;18.86
182492;2020;Álvaro García;0.0;0.0;0.0;0.0;0.0;0.0;22.64;10.43;13.07;44.14;10.07;12.93
182492;2021;Álvaro García;0.0;0.0;0.0;0.0;0.0;0.0;21.72;10.86;14.28;43.97;10.99;13.4
182495;2020;Álvaro Bravo;0.0;0.04;0.4;0.0;0.3;0.0;22.64;25.43;37.64;44.14;22.14;12.93
182501;2020;Jose Fontán;0.22;0.28;1.57;0.0;3.63;3.01;56.71;32.43;59.43;44.14;40.29;59.5
182501;2021;Jose Fontán;0.0;0.45;0.95;0.0;2.64;1.2;21.72;38.87;49.53;43.97;33.11;38.47
182504;2020;Gabri Veiga;0.0;0.27;0.65;0.0;2.21;0.09;22.64;32.07;44.29;44.14;30.14;31.71
182504;2021;Gabri Veiga;0.0;0.52;1.39;0.0;3.82;4.56;21.72;40.35;56.17;43.97;41.69;77.08
182504;2022;Gabri Veiga;4.05;4.07;3.38;0.0;6.91;5.34;97.48;85.78;77.38;43.77;85.43;92.37
182504;2023;Gabri Veiga;0.0;0.0;0.0;0.0;0.1;0.0;21.85;10.1;13.69;43.85;20.54;12.86
182519;2023;Alberto Moleiro;2.19;5.0;1.22;0.0;5.83;7.22;87.0;89.76;51.45;43.85;72.34;98.06
182519;2024;Alberto Moleiro;2.31;5.21;2.17;0.0;7.01;5.82;95.39;91.38;65.74;43.69;83.18;97.56
182519;2025;Alberto Moleiro;3.68;5.33;1.51;0.0;5.14;4.58;97.65;90.44;59.12;44.26;63.6;92.21
182528;2020;Álvaro Fernández;0.0;0.0;0.0;3.0;0.0;0.0;22.64;10.43;13.07;90.86;10.07;12.93
182538;2020;Iago Domínguez;0.0;0.0;0.0;3.0;0.0;0.0;22.64;10.43;13.07;90.86;10.07;12.93
182546;2019;Jon Pacheco;0.0;0.18;0.0;0.0;0.0;0.25;15.48;6.14;6.58;46.17;11.57;17.53
182546;2020;Jon Pacheco;0.0;0.52;0.23;0.0;0.93;0.95;22.64;40.21;33.64;44.14;24.36;36.14
182546;2021;Jon Pacheco;0.0;0.21;1.07;0.0;4.21;0.01;21.72;31.17;51.68;43.97;47.45;27.28
182546;2022;Jon Pacheco;0.0;1.6;2.19;0.0;5.58;1.87;21.22;59.31;65.34;43.77;61.83;47.83
182546;2023;Jon Pacheco;0.53;2.01;2.34;0.0;5.73;3.27;60.86;64.66;63.69;43.85;69.85;63.62
182546;2024;Jon Pacheco;0.0;0.71;2.22;0.0;5.18;1.0;22.46;44.84;66.49;43.69;53.19;42.4
182546;2025;Jon Pacheco;0.0;0.86;3.44;0.0;3.49;0.88;24.41;48.82;77.28;44.26;43.82;44.26
182547;2020;Jérémy Blasco;0.0;0.0;0.0;0.0;0.0;0.0;22.64;10.43;13.07;44.14;10.07;12.93
182556;2021;Alan Godoy;0.0;0.0;0.0;0.0;0.0;0.0;21.72;10.86;14.28;43.97;10.99;13.4
182560;2020;Oier Zarraga;0.0;0.49;0.09;0.0;2.86;1.56;22.64;39.36;28.43;44.14;34.0;43.14
182560;2021;Oier Zarraga;0.54;0.91;2.28;0.0;3.72;2.55;66.96;49.66;65.21;43.97;41.09;51.88
182560;2022;Oier Zarraga;0.38;1.49;1.07;0.0;4.43;3.04;61.41;57.56;51.54;43.77;46.22;64.36
182563;2020;Jon Morcillo;0.73;3.05;1.35;0.0;4.03;3.32;79.57;82.21;55.5;44.14;44.43;63.43
182563;2021;Jon Morcillo;0.0;0.04;0.21;0.0;2.33;0.03;21.72;26.47;33.45;43.97;31.57;29.09
182563;2022;Jon Morcillo;0.0;1.21;0.2;0.0;3.34;2.4;21.22;52.17;33.54;43.77;34.66;54.41
182588;2021;Juan Artola;0.0;0.0;0.0;0.0;0.0;0.0;21.72;10.86;14.28;43.97;10.99;13.4
182589;2020;Julen Bernaola;0.0;0.0;0.0;0.0;0.0;0.0;22.64;10.43;13.07;44.14;10.07;12.93
182592;2022;Jorge Herrando;0.0;0.0;0.0;0.0;2.65;0.0;21.22;10.43;14.57;43.77;31.65;13.59
182592;2023;Jorge Herrando;0.0;0.69;3.11;0.0;5.17;2.87;21.85;43.78;70.33;43.85;58.78;57.81
182592;2024;Jorge Herrando;0.31;0.59;2.42;0.0;5.33;1.07;61.94;42.13;69.06;43.69;55.09;43.89
182592;2025;Jorge Herrando;0.0;1.1;4.17;0.0;5.73;2.0;24.41;52.5;82.13;44.26;72.35;61.1
182602;2020;Julen Lobete;0.0;0.0;0.0;0.0;0.0;0.0;22.64;10.43;13.07;44.14;10.07;12.93
182602;2021;Julen Lobete;0.8;0.2;0.63;0.0;3.93;2.45;74.2;30.9;44.17;43.97;42.9;51.34
182603;2020;Jon Ander Olasagasti;0.0;0.0;0.0;0.0;0.0;0.0;22.64;10.43;13.07;44.14;10.07;12.93
182603;2021;Jon Ander Olasagasti;0.0;0.0;0.0;0.0;0.0;0.0;21.72;10.86;14.28;43.97;10.99;13.4
182603;2022;Jon Ander Olasagasti;0.29;0.21;0.83;0.0;2.89;0.21;57.42;31.51;48.18;43.77;32.35;35.08
182603;2023;Jon Ander Olasagasti;0.0;0.74;1.12;0.0;4.58;3.65;21.85;44.54;49.93;43.85;49.1;70.33
182603;2024;Jon Ander Olasagasti;0.24;1.05;2.06;0.0;4.56;1.34;58.68;51.83;64.45;43.69;44.91;46.68
182603;2025;Jon Ander Olasagasti;0.0;2.36;1.98;0.0;5.11;1.72;24.41;70.29;64.93;44.26;62.94;56.76
182617;2020;Beñat Prados;0.0;0.0;0.0;0.0;0.0;0.0;22.64;10.43;13.07;44.14;10.07;12.93
182617;2023;Beñat Prados;0.4;1.67;4.19;0.0;5.82;4.48;57.26;58.78;81.4;43.85;72.2;79.81
182617;2024;Beñat Prados;0.46;1.8;4.85;0.0;6.64;3.52;67.84;63.09;88.53;43.69;78.09;78.56
182617;2025;Beñat Prados;0.0;0.93;0.96;0.0;0.99;0.32;24.41;49.78;49.85;44.26;30.15;40.15
182618;2020;Asier Cordoba Querejeta;0.0;0.0;0.0;0.0;0.0;0.0;22.64;10.43;13.07;44.14;10.07;12.93
182621;2022;Iker Muñoz;0.22;0.21;0.71;0.0;4.12;1.35;52.03;31.51;46.36;43.77;41.6;43.07
182621;2023;Iker Muñoz;1.4;1.23;2.58;0.0;6.79;2.53;78.77;51.66;66.11;43.85;90.94;54.01
182621;2024;Iker Muñoz;0.0;1.35;0.75;0.0;4.59;1.69;22.46;57.33;46.13;43.69;45.05;49.86
182621;2025;Iker Muñoz;0.11;0.2;0.95;0.0;3.59;1.46;51.18;32.21;49.41;44.26;44.85;53.75
182627;2021;Álex Petxa;0.08;0.26;1.0;0.0;4.22;1.82;45.17;32.71;50.67;43.97;47.59;44.24
182636;2019;Javi López;0.0;0.08;1.51;0.0;0.0;0.45;15.48;3.65;41.46;46.17;11.57;19.48
182636;2020;Javi López;0.08;0.46;0.49;0.0;3.27;2.1;48.57;38.43;40.29;44.14;37.07;48.21
182636;2021;Javi López;0.0;0.75;0.92;0.0;3.79;1.6;21.72;46.31;48.99;43.97;41.35;42.56
182636;2023;Javi López;0.51;2.35;2.4;0.0;6.17;6.11;60.03;70.26;64.18;43.85;79.32;94.4
182636;2024;Javi López;0.06;1.01;3.26;0.0;6.07;3.37;46.27;50.41;76.93;43.69;66.35;75.1
182636;2025;Javi López;0.0;1.91;2.4;0.0;5.04;1.89;24.41;64.04;68.97;44.26;62.28;59.26
182637;2021;Alex Balboa;0.0;0.0;0.0;0.0;0.0;0.0;21.72;10.86;14.28;43.97;10.99;13.4
182638;2025;Manu Fernández;0.0;1.74;2.66;0.0;5.22;1.12;24.41;61.4;71.03;44.26;65.0;48.53
182639;2019;Unai Vencedor;0.0;0.64;0.0;0.0;0.0;0.05;15.48;15.93;6.58;46.17;11.57;11.74
182639;2020;Unai Vencedor;0.0;1.47;2.52;0.0;4.71;4.31;22.64;58.93;70.14;44.14;55.86;78.0
182639;2021;Unai Vencedor;0.18;2.8;3.28;0.0;5.72;6.67;52.14;77.61;75.2;43.97;75.54;94.1
182639;2022;Unai Vencedor;0.16;0.34;0.09;0.0;2.0;0.98;48.39;35.22;31.3;43.77;29.41;38.73
182639;2025;Unai Vencedor;0.0;1.66;1.86;0.0;2.78;1.1;24.41;60.59;63.46;44.26;37.57;47.87
182640;2021;Ander Iru;0.0;0.0;0.0;0.5;0.0;0.0;21.72;10.86;14.28;88.87;10.99;13.4
182640;2022;Ander Iru;0.0;0.0;0.0;5.0;0.0;0.0;21.22;10.43;14.57;92.65;10.71;13.59
182641;2023;Imanol García de Albéniz;0.0;0.44;0.68;0.0;3.83;2.98;21.85;35.96;43.22;43.85;40.11;59.96
182657;2022;Pablo Valencia;0.0;0.0;0.0;1.5;0.0;0.0;21.22;10.43;14.57;89.64;10.71;13.59
182657;2023;Pablo Valencia;0.0;0.0;0.0;5.0;0.0;0.0;21.85;10.1;13.69;93.15;9.68;12.86
182657;2024;Pablo Valencia;0.0;0.0;0.0;5.0;0.0;0.0;22.46;11.53;15.2;93.28;11.06;13.7
182661;2025;Alvaro Núñez;0.0;6.99;5.02;0.0;6.25;4.66;24.41;95.59;86.62;44.26;79.12;92.72
182664;2020;Gaizka Ayesa;0.0;0.0;0.0;5.0;0.0;0.0;22.64;10.43;13.07;93.36;10.07;12.93
182664;2021;Gaizka Ayesa;0.0;0.0;0.0;2.5;0.0;0.0;21.72;10.86;14.28;91.29;10.99;13.4
182664;2023;Gaizka Ayesa;0.0;0.0;0.0;4.0;0.0;0.0;21.85;10.1;13.69;90.94;9.68;12.86
182665;2020;Fran Álvarez;0.0;0.0;0.0;0.0;0.0;0.0;22.64;10.43;13.07;44.14;10.07;12.93
182668;2020;Alex Millan;0.0;0.0;0.0;0.0;0.03;0.0;22.64;10.43;13.07;44.14;20.71;12.93
182669;2019;Alex Blesa;0.0;0.1;0.0;0.0;0.17;0.0;15.48;4.54;6.58;46.17;25.09;4.63
182669;2020;Alex Blesa;0.0;0.1;0.0;0.0;0.06;0.0;22.64;28.71;13.07;44.14;21.0;12.93
182669;2021;Alex Blesa;0.0;0.0;0.0;0.0;0.0;0.0;21.72;10.86;14.28;43.97;10.99;13.4
182670;2019;Joan Monterde;0.0;0.7;0.0;0.0;0.58;0.1;15.48;16.81;6.58;46.17;26.69;15.12
182671;2020;Álejandro Cantero;0.0;1.2;0.27;0.0;2.05;1.74;22.64;53.93;34.86;44.14;28.57;44.71
182671;2021;Álejandro Cantero;0.41;0.64;0.29;0.0;2.79;3.22;63.2;43.77;36.13;43.97;33.38;59.65
182674;2021;Jofre Carreras;0.0;1.44;0.24;0.0;3.28;0.23;21.72;58.58;34.25;43.97;36.46;33.51
182674;2024;Jofre Carreras;1.07;3.19;1.98;0.0;6.63;4.4;84.8;78.77;63.43;43.69;77.68;90.23
182674;2025;Jofre Carreras;0.32;1.85;0.79;0.0;5.17;4.03;62.65;62.72;47.28;44.26;63.97;88.68
182685;2022;Diego Collado;0.0;0.01;0.0;0.0;0.0;0.0;21.22;22.9;14.57;43.77;10.71;13.59
182694;2024;Iván Gil;0.0;0.0;0.0;0.0;0.0;0.0;22.46;11.53;15.2;43.69;11.06;13.7
182695;2021;Pau Martínez;0.0;0.0;0.0;0.0;0.0;0.0;21.72;10.86;14.28;43.97;10.99;13.4
182713;2022;Diego Fuoli;0.0;0.0;0.0;5.0;0.0;0.0;21.22;10.43;14.57;92.65;10.71;13.59
182718;2021;Joan García;0.0;0.01;0.08;4.88;0.0;0.0;21.72;22.72;30.63;92.76;10.99;13.4
182718;2022;Joan García;0.0;0.01;0.0;5.21;0.0;0.0;21.22;22.9;14.57;94.4;10.71;13.59
182718;2024;Joan García;0.06;0.4;0.0;10.0;7.07;0.09;46.27;37.79;15.2;99.53;84.4;35.28
182718;2025;Joan García;0.0;0.53;0.38;8.41;5.82;1.23;24.41;42.21;39.71;99.41;73.82;51.03
182719;2021;Daniel Villahermosa;0.0;0.01;0.0;0.0;0.66;0.58;21.72;22.72;14.28;43.97;24.87;35.46
182719;2022;Daniel Villahermosa;0.0;0.0;0.0;0.0;0.0;0.0;21.22;10.43;14.57;43.77;10.71;13.59
182730;2024;Marc Vidal;0.0;0.0;0.0;3.5;0.0;0.0;22.46;11.53;15.2;91.11;11.06;13.7
182731;2021;Pablo Picón;0.0;0.0;0.0;0.5;0.0;0.0;21.72;10.86;14.28;88.87;10.99;13.4
182735;2022;Angel Fortuno;0.0;0.0;0.0;2.5;0.0;0.0;21.22;10.43;14.57;90.06;10.71;13.59
182735;2024;Angel Fortuno;0.0;0.0;0.0;5.0;0.0;0.0;22.46;11.53;15.2;93.28;11.06;13.7
182735;2025;Angel Fortuno;0.0;0.0;0.0;5.0;0.0;0.0;24.41;12.5;15.81;94.34;12.28;15.22
182736;2021;Lluís Recasens;0.0;0.01;0.97;0.0;0.38;0.0;21.72;22.72;50.07;43.97;24.4;13.4
182742;2021;Alejandro Pérez;0.0;0.0;0.0;0.0;0.0;0.0;21.72;10.86;14.28;43.97;10.99;13.4
182757;2021;Ivan Chapela;0.0;0.62;1.02;0.0;4.23;2.6;21.72;43.3;50.8;43.97;47.79;52.55
182759;2020;Mamady Diarra;0.0;0.0;0.0;0.0;0.0;0.0;22.64;10.43;13.07;44.14;10.07;12.93
182759;2022;Mamady Diarra;0.0;0.01;0.39;0.0;1.28;0.53;21.22;22.9;39.15;43.77;27.31;36.27
182770;2022;Carlos Álvarez;0.0;0.01;0.12;0.0;1.03;0.0;21.22;22.9;31.93;43.77;25.49;13.59
182770;2025;Carlos Álvarez;1.72;7.25;2.44;0.0;6.2;3.74;89.26;96.47;69.49;44.26;78.16;86.18
182772;2021;Juanlu Sánchez;0.0;0.01;0.05;0.0;1.04;0.0;21.72;22.72;29.83;43.97;26.27;13.4
182772;2023;Juanlu Sánchez;0.21;2.54;4.28;0.0;6.44;4.7;48.76;72.75;82.78;43.85;84.65;83.47
182772;2024;Juanlu Sánchez;0.9;3.77;3.66;0.0;6.18;2.52;81.75;84.67;79.92;43.69;68.18;61.8
182772;2025;Juanlu Sánchez;0.11;4.09;4.15;0.0;7.1;4.3;51.18;85.15;81.84;44.26;91.25;90.29
182795;2020;Arnau Fàbrega;0.0;0.0;0.0;5.0;0.0;0.0;22.64;10.43;13.07;93.36;10.07;12.93
182857;2020;Sergio Barcia;0.0;0.02;0.79;0.0;1.57;0.05;22.64;23.29;47.5;44.14;27.07;29.79
182857;2021;Sergio Barcia;0.0;0.02;0.48;0.0;0.58;0.0;21.72;24.46;40.82;43.97;24.66;13.4
182857;2022;Sergio Barcia;0.0;0.0;0.0;0.0;0.0;0.0;21.22;10.43;14.57;43.77;10.71;13.59
183699;2020;Urko González;0.0;0.47;0.0;0.0;0.83;0.05;22.64;38.64;13.07;44.14;23.93;29.79
183699;2021;Urko González;0.0;0.0;0.0;0.0;0.0;0.0;21.72;10.86;14.28;43.97;10.99;13.4
183699;2022;Urko González;0.0;0.0;0.0;0.0;0.0;0.0;21.22;10.43;14.57;43.77;10.71;13.59
183699;2023;Urko González;0.0;0.08;0.28;0.0;3.83;1.06;21.85;27.94;35.89;43.85;40.11;38.11
183699;2024;Urko González;0.14;1.75;4.14;0.0;4.1;1.24;51.9;62.01;83.58;43.69;41.52;45.93
183699;2025;Urko González;0.05;1.01;2.49;0.0;3.05;1.34;48.82;51.18;69.93;44.26;39.41;52.35
183706;2021;Ander Martín;0.45;0.68;0.74;0.0;1.96;0.9;64.75;44.84;46.58;43.97;29.89;36.66
183706;2022;Ander Martín;0.0;0.82;0.26;0.0;2.4;1.22;21.22;44.96;35.85;43.77;30.25;41.46
183716;2020;Eñaut Mendia;0.0;0.0;0.27;0.0;0.84;0.0;22.64;10.43;34.86;44.14;24.14;12.93
183744;2020;Beñat Turrientes;0.0;0.0;0.0;0.0;0.0;0.0;22.64;10.43;13.07;44.14;10.07;12.93
183744;2021;Beñat Turrientes;0.28;0.86;0.03;0.0;3.04;3.69;57.31;48.39;29.22;43.97;34.45;65.55
183744;2022;Beñat Turrientes;0.0;0.28;0.23;0.0;2.67;0.98;21.22;33.54;34.8;43.77;31.93;38.73
183744;2023;Beñat Turrientes;1.04;1.58;2.5;0.0;5.73;5.01;74.41;57.47;65.21;43.85;69.85;87.48
183744;2024;Beñat Turrientes;0.14;0.72;1.2;0.0;5.6;4.03;51.9;45.12;53.12;43.69;58.96;85.82
183744;2025;Beñat Turrientes;0.33;1.16;2.5;0.0;5.69;3.79;63.53;53.38;70.15;44.26;71.84;86.69
183748;2021;Jon Karrikaburu;0.0;0.0;0.0;0.0;0.0;0.0;21.72;10.86;14.28;43.97;10.99;13.4
183748;2022;Jon Karrikaburu;0.17;0.24;0.06;0.0;3.53;0.13;49.79;32.56;30.11;43.77;36.06;33.75
183748;2023;Jon Karrikaburu;0.0;0.0;0.0;0.0;0.01;0.0;21.85;10.1;13.69;43.85;19.36;12.86
183748;2025;Jon Karrikaburu;0.33;0.28;0.12;0.0;2.68;0.14;63.53;34.41;33.31;44.26;36.76;38.16
183751;2023;Abderrahman Rebbach;0.6;1.88;0.6;0.0;3.59;2.82;62.45;62.52;40.66;43.85;37.69;57.05
183751;2024;Abderrahman Rebbach;0.13;1.37;0.12;0.0;3.13;1.48;50.61;57.73;33.04;43.69;35.01;47.83
183751;2025;Abderrahman Rebbach;0.83;3.05;2.34;0.0;5.18;2.33;81.03;77.79;68.53;44.26;64.26;66.76
183776;2025;Urko Izeta;0.24;0.44;0.14;0.0;2.42;0.86;60.96;38.97;34.04;44.26;35.96;43.68
183777;2020;Unai Dufur;0.0;0.07;0.5;0.0;2.1;0.0;22.64;27.57;40.64;44.14;28.86;12.93
183777;2021;Unai Dufur;0.0;0.13;0.97;0.0;1.08;0.0;21.72;29.89;50.07;43.97;26.61;13.4
183799;2020;Nico Williams;0.0;0.02;0.32;0.0;1.64;1.58;22.64;23.29;36.14;44.14;27.5;43.29
183799;2021;Nico Williams;0.86;2.02;1.32;0.0;5.36;5.84;76.34;68.63;55.76;43.97;66.96;89.21
183799;2022;Nico Williams;2.54;6.04;2.08;0.0;7.42;7.08;93.0;93.7;64.5;43.77;92.16;98.74
183799;2023;Nico Williams;3.57;8.56;1.93;0.0;7.36;8.54;94.33;97.93;60.24;43.85;95.57;99.72
183799;2024;Nico Williams;2.31;6.82;2.32;0.0;8.06;6.56;95.39;96.74;68.05;43.69;95.25;99.05
183799;2025;Nico Williams;2.71;6.69;1.62;0.0;7.07;6.86;95.0;95.0;60.96;44.26;90.74;99.12
183848;2021;Julen Agirrezabala;0.0;0.05;0.0;8.04;0.0;0.0;21.72;27.35;14.28;97.32;10.99;13.4
183848;2022;Julen Agirrezabala;0.0;0.09;0.0;7.43;1.41;0.0;21.22;29.2;14.57;97.2;27.59;13.59
183848;2023;Julen Agirrezabala;0.0;0.03;0.0;7.19;1.32;0.0;21.85;25.45;13.69;96.96;25.8;12.86
183848;2024;Julen Agirrezabala;0.0;0.13;0.0;10.0;3.61;0.01;22.46;31.28;15.2;99.53;37.92;27.75
183848;2025;Julen Agirrezabala;0.0;0.62;0.11;6.28;4.96;0.03;24.41;44.49;32.72;97.21;61.03;31.47
183849;2020;Aitor Paredes;0.0;0.0;0.0;0.0;0.0;0.0;22.64;10.43;13.07;44.14;10.07;12.93
183849;2021;Aitor Paredes;0.0;0.0;0.0;0.0;0.0;0.0;21.72;10.86;14.28;43.97;10.99;13.4
183849;2022;Aitor Paredes;0.22;0.8;1.49;0.0;4.68;0.03;52.03;44.54;57.07;43.77;48.88;28.71
183849;2023;Aitor Paredes;0.53;1.91;3.52;0.0;5.65;2.0;60.86;62.79;76.0;43.85;67.7;47.1
183849;2024;Aitor Paredes;0.62;1.08;3.06;0.0;5.06;0.09;72.12;52.92;74.83;43.69;51.29;35.28
183849;2025;Aitor Paredes;0.43;1.38;4.7;0.0;6.07;2.02;69.34;56.91;85.44;44.26;76.03;61.76
183859;2020;Pepe Blanco;0.0;0.0;0.0;0.0;0.0;0.0;22.64;10.43;13.07;44.14;10.07;12.93
183891;2020;Unai Arieta;0.0;0.0;0.06;0.0;1.31;0.03;22.64;10.43;27.57;44.14;26.0;27.36
184193;2021;Juan Carlos Arana;0.0;0.0;0.0;0.0;0.0;0.0;21.72;10.86;14.28;43.97;10.99;13.4
184194;2025;Álex Forés;0.23;0.54;0.12;0.0;3.11;2.12;59.26;42.5;33.31;44.26;40.0;63.6
184196;2020;Carlo Adriano García;0.0;0.0;0.0;0.0;0.0;0.0;22.64;10.43;13.07;44.14;10.07;12.93
184196;2021;Carlo Adriano García;0.0;0.01;0.0;0.0;0.0;0.0;21.72;22.72;14.28;43.97;10.99;13.4
184196;2022;Carlo Adriano García;0.0;0.0;0.0;0.0;0.0;0.0;21.22;10.43;14.57;43.77;10.71;13.59
184226;2020;Yéremy Pino;0.88;1.78;1.66;0.0;5.04;5.05;82.57;64.93;60.5;44.14;61.21;86.71
184226;2021;Yéremy Pino;2.39;4.24;2.7;0.0;5.77;4.69;92.76;87.8;69.64;43.97;76.34;78.42
184226;2022;Yéremy Pino;2.08;5.91;4.19;0.0;7.73;6.34;90.62;92.86;84.31;43.77;94.26;97.69
184226;2023;Yéremy Pino;1.53;2.25;6.3;0.0;6.46;4.54;81.19;68.05;95.57;43.85;85.06;80.77
184226;2024;Yéremy Pino;1.12;5.87;3.65;0.0;6.95;4.23;85.55;93.62;79.78;43.69;82.77;88.13
184226;2025;Yéremy Pino;0.23;2.0;1.01;0.0;0.56;0.0;59.26;65.51;51.32;44.26;27.79;15.22
184277;2019;Fernando Niño;0.82;0.31;0.05;0.0;0.94;0.0;64.41;8.63;14.32;46.17;27.76;4.63
184277;2020;Fernando Niño;0.84;0.36;0.47;0.0;4.41;3.53;81.93;35.07;39.79;44.14;50.36;67.0
184277;2021;Fernando Niño;1.41;1.07;0.76;0.0;5.11;3.73;86.06;53.22;46.78;43.97;62.6;66.02
184277;2022;Fernando Niño;0.0;0.01;0.0;0.0;0.11;0.0;21.22;22.9;14.57;43.77;23.04;13.59
184345;2020;Jonathan Carmona;0.0;0.01;0.38;0.0;4.01;3.1;22.64;21.64;37.14;44.14;44.0;60.86
184345;2021;Jonathan Carmona;0.0;0.0;0.0;0.0;0.0;0.0;21.72;10.86;14.28;43.97;10.99;13.4
184348;2020;Gerard Barri;0.0;0.0;0.0;0.0;0.0;0.0;22.64;10.43;13.07;44.14;10.07;12.93
184361;2021;Antonio Leal;0.0;0.0;0.0;0.0;0.0;0.0;21.72;10.86;14.28;43.97;10.99;13.4
184364;2020;Lanchi;0.0;0.0;0.0;0.0;0.0;0.0;22.64;10.43;13.07;44.14;10.07;12.93
184364;2021;Lanchi;0.0;0.0;0.0;0.0;0.0;0.0;21.72;10.86;14.28;43.97;10.99;13.4
184407;2020;Jose Salinas;0.0;0.0;0.0;0.0;0.0;0.0;22.64;10.43;13.07;44.14;10.07;12.93
184407;2025;Jose Salinas;0.0;0.6;0.26;0.0;3.31;1.92;24.41;43.97;37.06;44.26;41.47;59.85
184420;2022;Carlos Romero;0.0;0.0;0.0;0.0;0.0;0.0;21.22;10.43;14.57;43.77;10.71;13.59
184420;2023;Carlos Romero;0.28;0.2;1.86;0.0;5.18;2.49;51.04;30.36;59.54;43.85;58.92;53.39
184420;2024;Carlos Romero;0.64;3.76;6.46;0.0;7.03;3.85;73.95;84.53;94.98;43.69;83.65;83.18
184420;2025;Carlos Romero;1.53;3.87;10.0;0.0;7.59;4.96;88.16;83.97;100.0;44.26;95.74;93.97
184481;2024;Diego Garcia;1.02;0.73;0.15;0.0;5.21;1.76;83.99;45.32;33.85;43.69;53.93;50.88
184605;2021;Álvaro Aguirre;0.0;0.0;0.0;0.0;0.0;0.0;21.72;10.86;14.28;43.97;10.99;13.4
184608;2019;Manu Garrido;0.27;0.34;0.0;0.0;2.44;0.55;41.64;9.96;6.58;46.17;33.9;20.28
184609;2021;Jorge Moreno;0.0;0.0;0.0;0.0;0.0;0.0;21.72;10.86;14.28;43.97;10.99;13.4
184609;2023;Jorge Moreno;0.0;0.0;0.0;0.0;0.15;0.0;21.85;10.1;13.69;43.85;20.75;12.86
184617;2021;Diego López;0.0;0.0;0.0;0.0;0.0;0.0;21.72;10.86;14.28;43.97;10.99;13.4
184617;2023;Diego López;0.0;0.0;0.0;0.0;0.0;0.0;21.85;10.1;13.69;43.85;9.68;12.86
184693;2021;Javier Castro;0.0;0.0;0.0;0.0;0.0;0.0;21.72;10.86;14.28;43.97;10.99;13.4
184743;2022;Santi García;0.0;0.0;0.0;0.0;0.0;0.0;21.22;10.43;14.57;43.77;10.71;13.59
184743;2023;Santi García;0.0;0.01;0.24;0.0;0.48;0.06;21.85;22.06;34.51;43.85;22.82;30.01
185075;2022;Raúl García;0.0;0.0;0.0;1.0;0.0;0.0;21.22;10.43;14.57;89.08;10.71;13.59
185075;2023;Raúl García;0.0;0.0;0.0;2.0;0.0;0.0;21.85;10.1;13.69;89.9;9.68;12.86
185202;2017;Juan Cruz;0.0;0.35;0.67;0.0;0.37;0.25;14.99;8.53;35.37;45.6;7.0;17.15
185202;2022;Juan Cruz;0.63;0.45;0.0;0.0;2.47;1.51;70.17;38.24;14.57;43.77;30.81;44.05
185202;2023;Juan Cruz;0.0;0.22;0.0;0.0;3.3;2.72;21.85;30.71;13.69;43.85;35.41;55.39
185202;2024;Juan Cruz;1.47;3.44;2.43;0.0;6.47;5.0;90.03;80.87;69.27;43.69;73.41;95.39
185398;2023;Isaac Romero;6.83;5.05;0.65;0.0;6.17;4.92;98.34;90.18;42.53;43.85;79.32;86.51
185398;2024;Isaac Romero;2.03;2.97;0.82;0.0;6.37;3.42;93.89;76.93;47.63;43.69;71.3;76.73
185398;2025;Isaac Romero;2.3;1.73;0.96;0.0;5.44;2.32;93.68;61.18;49.85;44.26;68.46;66.32
185477;2020;Rodri Sánchez;0.0;1.39;0.29;0.0;4.34;3.37;22.64;57.14;35.29;44.14;48.71;64.14
185477;2021;Rodri Sánchez;0.8;2.72;0.58;0.0;4.29;4.69;74.2;76.54;42.56;43.97;48.32;78.42
185477;2022;Rodri Sánchez;0.78;3.62;1.55;0.0;5.76;4.41;73.67;82.56;58.26;43.77;65.34;82.35
185477;2023;Rodri Sánchez;0.51;1.97;1.36;0.0;5.08;4.68;60.03;63.9;54.36;43.85;56.78;82.99
185477;2024;Rodri Sánchez;0.46;0.96;0.85;0.0;1.35;0.73;67.84;49.25;48.3;43.69;27.41;38.94
185599;2021;Jose Calderon;0.0;0.54;0.34;0.0;0.78;0.06;21.72;40.48;37.8;43.97;25.2;30.7
185602;2022;Álex Revuelta;0.0;0.0;0.0;0.0;0.0;0.0;21.22;10.43;14.57;43.77;10.71;13.59
185715;2021;Josep Gayá;0.0;0.04;0.13;0.0;0.0;0.0;21.72;26.47;31.84;43.97;10.99;13.4
185715;2022;Josep Gayá;0.0;0.0;0.32;0.0;1.1;0.0;21.22;10.43;37.32;43.77;26.05;13.59
185810;2021;Raúl Parra;0.0;0.03;0.34;0.0;2.27;0.06;21.72;25.47;37.8;43.97;31.37;30.7
185810;2022;Raúl Parra;0.0;0.21;0.59;0.0;3.34;0.07;21.22;31.51;43.7;43.77;34.66;32.49
185890;2021;Tomás Giaquinto;0.0;0.0;0.0;0.0;0.0;0.0;21.72;10.86;14.28;43.97;10.99;13.4
186265;2020;Kike Carrasco;0.0;0.0;0.0;0.0;0.0;0.0;22.64;10.43;13.07;44.14;10.07;12.93
186458;2020;Sabit Abdulai;0.0;0.01;0.11;0.0;2.32;0.96;22.64;21.64;29.0;44.14;30.86;36.43
187214;2023;Carlos Vicente;2.43;8.49;1.86;0.0;6.5;4.56;88.8;97.79;59.54;43.85;85.82;81.26
187214;2024;Carlos Vicente;1.47;7.61;3.03;0.0;7.77;4.1;90.03;98.24;74.63;43.69;92.88;86.23
187214;2025;Carlos Vicente;1.75;5.49;3.33;0.0;7.03;3.36;89.56;91.03;76.4;44.26;90.29;80.29
187318;2025;Marc Aguado;0.0;2.01;8.58;0.0;6.2;0.38;24.41;65.88;98.82;44.26;78.16;40.59
187413;2020;Javi Martín;0.0;0.0;0.0;0.0;0.0;0.0;22.64;10.43;13.07;44.14;10.07;12.93
187987;2022;Ramón Terrats;0.63;1.81;2.08;0.0;4.53;3.28;70.17;62.32;64.5;43.77;46.99;67.09
187987;2023;Ramón Terrats;0.15;2.19;1.52;0.0;5.12;4.11;46.89;67.08;55.81;43.85;57.68;75.73
187987;2024;Ramón Terrats;1.31;2.62;2.23;0.0;5.85;3.31;88.47;73.47;66.89;43.69;62.55;74.36
187987;2025;Ramón Terrats;0.36;1.1;2.9;0.0;4.87;1.83;65.74;52.5;72.87;44.26;59.49;58.53
188319;2020;Kevin Omoruyi;0.0;0.0;0.0;0.0;0.0;0.0;22.64;10.43;13.07;44.14;10.07;12.93
188408;2020;Geovanni Barba;0.0;0.0;0.0;0.0;0.0;0.0;22.64;10.43;13.07;44.14;10.07;12.93
188409;2020;Fran Delgado;0.0;0.0;0.0;0.0;0.0;0.0;22.64;10.43;13.07;44.14;10.07;12.93
188409;2021;Fran Delgado;0.0;0.0;0.0;0.0;0.0;0.0;21.72;10.86;14.28;43.97;10.99;13.4
188409;2022;Fran Delgado;0.0;0.02;0.0;0.0;0.0;0.0;21.22;25.63;14.57;43.77;10.71;13.59
188413;2022;Ricardo Visus;0.0;0.0;0.0;0.0;0.0;0.0;21.22;10.43;14.57;43.77;10.71;13.59
188413;2023;Ricardo Visus;0.0;0.11;1.18;0.0;2.47;0.05;21.85;29.05;51.04;43.85;31.05;28.35
188445;2021;Luismi Cruz;0.0;0.0;0.0;0.0;1.29;1.27;21.72;10.86;14.28;43.97;27.95;39.81
188571;2023;Abraham Rando;0.0;0.0;0.0;0.0;0.0;0.0;21.85;10.1;13.69;43.85;9.68;12.86
188617;2021;Pablo Gálvez;0.0;0.0;0.0;0.0;0.0;0.0;21.72;10.86;14.28;43.97;10.99;13.4
189051;2022;Juanpe Navarro;0.0;0.0;0.0;0.5;0.0;0.0;21.22;10.43;14.57;88.1;10.71;13.59
189831;2022;Egoitz Arana;0.0;0.0;0.0;2.5;0.0;0.0;21.22;10.43;14.57;90.06;10.71;13.59
189831;2024;Egoitz Arana;0.0;0.0;0.0;3.0;0.0;0.0;22.46;11.53;15.2;90.84;11.06;13.7
189832;2020;Unai Marrero;0.0;0.0;0.0;5.0;0.0;0.0;22.64;10.43;13.07;93.36;10.07;12.93
189832;2021;Unai Marrero;0.0;0.0;0.0;0.5;0.0;0.0;21.72;10.86;14.28;88.87;10.99;13.4
189832;2022;Unai Marrero;0.0;0.0;0.0;5.0;0.0;0.0;21.22;10.43;14.57;92.65;10.71;13.59
189832;2023;Unai Marrero;0.0;0.01;0.0;5.97;0.0;0.0;21.85;22.06;13.69;95.71;9.68;12.86
189832;2024;Unai Marrero;0.0;0.02;0.0;10.0;0.0;0.0;22.46;25.85;15.2;99.53;11.06;13.7
189832;2025;Unai Marrero;0.0;0.0;0.0;5.0;0.0;0.0;24.41;12.5;15.81;94.34;12.28;15.22
189864;2021;José Manuel;0.0;0.0;0.0;0.0;0.0;0.0;21.72;10.86;14.28;43.97;10.99;13.4
189866;2020;John Donald;0.0;0.03;0.0;0.0;0.02;0.0;22.64;24.64;13.07;44.14;20.29;12.93
189866;2021;John Donald;0.24;0.85;2.44;0.0;3.69;1.29;55.36;48.26;66.35;43.97;40.68;40.35
189866;2022;John Donald;0.0;0.72;3.35;0.0;6.0;3.16;21.22;42.79;77.03;43.77;70.24;65.69
189866;2025;John Donald;0.49;0.21;1.27;0.0;4.11;1.46;71.47;32.57;55.0;44.26;49.56;53.75
189997;2022;Mario de Luis;0.0;0.0;0.0;0.5;0.0;0.0;21.22;10.43;14.57;88.1;10.71;13.59
189997;2023;Mario de Luis;0.0;0.0;0.0;1.5;0.0;0.0;21.85;10.1;13.69;89.56;9.68;12.86
189997;2025;Mario de Luis;0.0;0.0;0.0;1.0;0.0;0.0;24.41;12.5;15.81;89.71;12.28;15.22
190485;2022;Samú Costa;0.68;2.52;5.54;0.0;7.34;3.21;71.29;71.92;92.79;43.77;91.18;66.04
190485;2023;Samú Costa;0.51;2.26;8.06;0.0;7.83;4.62;60.03;68.26;98.69;43.85;97.65;82.5
190485;2024;Samú Costa;0.58;3.58;8.48;0.0;9.75;3.5;71.1;82.16;99.32;43.69;99.8;78.22
190485;2025;Samú Costa;1.79;2.65;4.99;0.0;8.44;3.22;89.93;73.53;86.47;44.26;99.12;78.01
190489;2024;Álvaro Djaló;0.4;0.57;0.58;0.0;4.87;3.18;66.08;41.52;42.4;43.69;48.51;72.66
190530;2023;Pablo Sáenz;0.0;0.01;0.57;0.0;0.78;0.06;21.85;22.06;40.18;43.85;23.51;30.01
191184;2025;Brandon Domingues;0.0;0.0;0.0;0.0;0.0;0.0;24.41;12.5;15.81;44.26;12.28;15.22
192011;2021;Joseda Álvarez;0.0;0.0;0.0;0.0;0.0;0.0;21.72;10.86;14.28;43.97;10.99;13.4
192011;2023;Joseda Álvarez;0.0;0.0;0.0;0.0;0.0;0.0;21.85;10.1;13.69;43.85;9.68;12.86
192013;2020;Eusebio Monzó;0.0;0.0;0.0;0.0;0.0;0.0;22.64;10.43;13.07;44.14;10.07;12.93
192015;2020;Edgar Sevikyan;0.0;0.01;0.0;0.0;2.01;1.1;22.64;21.64;13.07;44.14;28.14;38.64
192024;2022;Lautaro Spatz;0.0;0.0;0.0;0.0;0.0;0.0;21.22;10.43;14.57;43.77;10.71;13.59
192032;2020;Iván Romero;0.0;0.0;0.0;0.0;0.0;0.0;22.64;10.43;13.07;44.14;10.07;12.93
192032;2021;Iván Romero;0.11;0.01;0.39;0.0;2.62;1.83;48.32;22.72;38.81;43.97;32.98;44.44
192032;2022;Iván Romero;0.0;0.0;0.0;0.0;0.33;0.05;21.22;10.43;14.57;43.77;23.67;31.37
192032;2025;Iván Romero;2.06;2.99;2.84;0.0;7.74;5.55;92.06;76.99;72.13;44.26;96.76;96.76
192434;2020;Miguel Rodríguez;0.0;0.02;0.0;0.0;2.17;1.12;22.64;23.29;13.07;44.14;29.29;39.71
192434;2022;Miguel Rodríguez;0.57;0.58;0.66;0.0;3.82;1.82;67.79;40.55;44.75;43.77;39.08;46.85
192434;2023;Miguel Rodríguez;0.0;0.26;0.49;0.0;2.97;1.41;21.85;31.81;39.0;43.85;33.75;43.57
192439;2024;David Arguelles;0.0;0.0;0.0;0.0;0.0;0.0;22.46;11.53;15.2;43.69;11.06;13.7
194750;2022;El Bilal Touré;3.33;2.92;0.48;0.0;5.51;2.46;96.36;76.26;42.09;43.77;60.57;55.32
194782;2023;Facundo Esnaider;0.0;0.0;0.0;0.0;0.0;0.0;21.85;10.1;13.69;43.85;9.68;12.86
195100;2024;Natan;0.39;1.95;4.58;0.0;7.43;1.98;65.6;65.13;86.57;43.69;89.48;54.14
195100;2025;Natan;0.11;2.27;5.36;0.0;6.74;1.88;51.18;68.82;88.53;44.26;86.32;59.04
195164;2019;Javi Sánchez;0.0;2.27;2.48;0.0;5.85;1.65;15.48;36.57;53.56;46.17;64.5;31.67
195263;2022;Diego Moreno;0.0;0.0;0.0;0.0;0.0;0.0;21.22;10.43;14.57;43.77;10.71;13.59
195512;2025;Martín Satriano;0.23;0.83;0.79;0.0;1.77;0.67;59.26;47.94;47.28;44.26;33.53;42.06
195717;2023;Yerson Mosquera;1.81;2.91;6.15;0.0;7.73;3.28;83.82;76.07;94.88;43.85;97.23;63.97
195918;2022;Diego Moreno;0.16;0.87;1.39;0.0;3.68;1.66;48.39;46.5;55.39;43.77;37.68;45.31
195923;2021;José Ángel Carmona;0.0;0.01;0.16;0.0;1.97;1.3;21.72;22.72;32.51;43.97;30.16;40.48
195923;2022;José Ángel Carmona;1.29;1.67;3.85;0.0;5.48;2.92;83.12;60.08;81.23;43.77;59.8;62.96
195923;2023;José Ángel Carmona;0.62;1.75;3.27;0.0;5.32;2.76;63.35;60.3;72.27;43.85;61.89;56.22
195923;2024;José Ángel Carmona;0.27;3.27;9.43;0.0;8.18;3.64;60.38;79.31;99.86;43.69;96.81;80.53
195923;2025;José Ángel Carmona;0.46;3.99;7.56;0.0;8.03;3.83;70.51;84.71;97.35;44.26;97.79;86.99
195962;2024;Chiquinho;0.15;0.38;0.0;0.0;2.97;2.14;53.12;36.91;15.2;43.69;33.72;56.17
196290;2023;Marco Camús;0.0;0.0;0.0;0.0;0.0;0.0;21.85;10.1;13.69;43.85;9.68;12.86
197196;2024;Ramón Martínez;0.64;0.42;1.08;0.0;5.65;1.11;73.95;38.47;51.49;43.69;59.84;44.91
197196;2025;Ramón Martínez;0.0;0.23;0.15;0.0;1.65;0.05;24.41;33.09;34.85;44.26;33.38;33.53
197448;2022;Yan Couto;0.3;3.36;2.28;0.0;5.76;4.79;58.54;80.25;66.67;43.77;65.34;86.55
197448;2023;Yan Couto;1.43;5.49;3.13;0.0;6.49;6.28;79.05;92.53;70.54;43.85;85.41;95.57
197513;2025;Thiago Borbas;0.0;0.02;0.0;0.0;0.86;0.0;24.41;26.62;15.81;44.26;29.26;15.22
197799;2023;Xabi Huarte;0.0;0.0;0.0;0.0;0.03;0.0;21.85;10.1;13.69;43.85;20.12;12.86
197800;2021;Unai Ropero;0.0;0.0;0.24;0.0;0.17;0.06;21.72;10.86;34.25;43.97;23.73;30.7
197800;2023;Unai Ropero;0.0;0.01;0.0;0.0;0.1;0.0;21.85;22.06;13.69;43.85;20.54;12.86
198558;2023;Sergio Gimeno;0.0;0.0;0.0;0.0;0.0;0.0;21.85;10.1;13.69;43.85;9.68;12.86
198656;2021;Omar Faraj;0.0;0.0;0.24;0.0;0.28;0.0;21.72;10.86;34.25;43.97;24.2;13.4
199042;2022;Mario Maroto;0.0;0.0;0.0;0.0;0.0;0.0;21.22;10.43;14.57;43.77;10.71;13.59
199042;2024;Mario Maroto;0.0;1.17;0.32;0.0;1.58;1.05;22.46;54.34;37.72;43.69;28.63;43.35
199044;2023;Jon Aramburu;0.0;0.39;3.89;0.0;5.12;1.61;21.85;34.92;79.46;43.85;57.68;44.4
199044;2024;Jon Aramburu;0.31;2.64;7.66;0.0;8.27;2.12;61.94;73.81;98.51;43.69;97.29;55.9
199044;2025;Jon Aramburu;0.84;2.43;9.3;0.0;8.38;2.47;81.18;71.18;99.41;44.26;98.82;68.6
199824;2021;Rubén Sánchez;0.0;1.11;1.71;0.0;3.86;2.65;21.72;53.75;59.65;43.97;42.16;53.22
199824;2022;Rubén Sánchez;0.0;1.91;4.8;0.0;6.22;3.62;21.22;64.57;88.17;43.77;73.25;71.5
199824;2025;Rubén Sánchez;0.0;0.59;1.56;0.0;4.94;4.25;24.41;43.68;60.15;44.26;60.44;90.15
200999;2024;Abdoulaye Keita;0.0;0.02;0.28;0.0;2.64;0.88;22.46;25.85;36.7;43.69;32.77;40.43
201007;2021;Adrian Quintela Moya;0.0;0.0;0.0;0.5;0.0;0.0;21.72;10.86;14.28;88.87;10.99;13.4
203014;2021;Matthew Hoppe;0.0;0.75;0.02;0.0;1.28;0.02;21.72;46.31;28.69;43.97;27.55;28.28
203426;2021;Jonathan Gómez;0.0;0.0;0.0;0.0;0.0;0.0;21.72;10.86;14.28;43.97;10.99;13.4
203426;2022;Jonathan Gómez;0.0;0.0;0.0;0.0;0.0;0.0;21.22;10.43;14.57;43.77;10.71;13.59
203468;2023;Dion Lopy;0.87;2.11;4.83;0.0;7.31;6.16;70.26;66.04;87.76;43.85;95.3;95.02
206260;2020;Lucas Cañizares;0.0;0.0;0.0;0.5;0.0;0.0;22.64;10.43;13.07;88.57;10.07;12.93
206260;2022;Lucas Cañizares;0.0;0.0;0.0;3.0;0.0;0.0;21.22;10.43;14.57;90.48;10.71;13.59
206260;2023;Lucas Cañizares;0.0;0.0;0.0;2.0;0.0;0.0;21.85;10.1;13.69;89.9;9.68;12.86
208055;2021;Miguelito;0.0;0.0;0.0;0.0;0.0;0.0;21.72;10.86;14.28;43.97;10.99;13.4
208055;2022;Miguelito;0.0;0.0;0.0;0.0;0.0;0.0;21.22;10.43;14.57;43.77;10.71;13.59
208055;2023;Miguelito;0.0;0.0;0.0;0.0;0.0;0.0;21.85;10.1;13.69;43.85;9.68;12.86
208198;2023;Alex González;0.0;0.0;0.0;5.0;0.0;0.0;21.85;10.1;13.69;93.15;9.68;12.86
208670;2020;Diego Bri;0.0;0.0;0.0;0.0;0.0;0.0;22.64;10.43;13.07;44.14;10.07;12.93
208670;2021;Diego Bri;0.0;0.0;0.0;0.0;0.0;0.0;21.72;10.86;14.28;43.97;10.99;13.4
208670;2022;Diego Bri;0.0;0.0;0.0;0.0;0.0;0.0;21.22;10.43;14.57;43.77;10.71;13.59
215810;2021;Giorgi Gagua;0.0;0.0;0.0;0.0;0.0;0.0;21.72;10.86;14.28;43.97;10.99;13.4
215810;2023;Giorgi Gagua;0.0;0.0;0.0;0.0;0.0;0.0;21.85;10.1;13.69;43.85;9.68;12.86
237065;2020;Óscar Aranda;0.0;0.0;0.0;0.0;0.0;0.0;22.64;10.43;13.07;44.14;10.07;12.93
237066;2021;Rafa Marín;0.0;0.0;0.0;0.0;0.0;0.0;21.72;10.86;14.28;43.97;10.99;13.4
237066;2023;Rafa Marín;0.32;1.22;5.13;0.0;6.05;2.69;52.97;51.45;90.53;43.85;76.35;54.98
237066;2025;Rafa Marín;0.34;1.94;5.51;0.0;6.17;1.12;64.71;64.56;90.0;44.26;77.79;48.53
237103;2022;Lázaro;1.95;1.43;0.21;0.0;4.19;3.76;89.71;55.95;33.96;43.77;42.58;74.16
237103;2023;Lázaro;0.66;1.08;0.33;0.0;3.47;2.27;64.45;49.31;36.72;43.85;36.45;51.31
237174;2023;Álvaro Carrillo;0.0;0.0;0.0;0.0;0.0;0.0;21.85;10.1;13.69;43.85;9.68;12.86
237249;2023;Mikayil Faye;0.0;0.0;0.0;0.0;0.0;0.0;21.85;10.1;13.69;43.85;9.68;12.86
237252;2021;Pere García;0.0;0.0;0.0;1.5;0.0;0.0;21.72;10.86;14.28;90.75;10.99;13.4
237252;2022;Pere García;0.0;0.0;0.0;3.0;0.0;0.0;21.22;10.43;14.57;90.48;10.71;13.59
237252;2023;Pere García;0.0;0.0;0.0;1.5;0.0;0.0;21.85;10.1;13.69;89.56;9.68;12.86
237252;2024;Pere García;0.0;0.0;0.0;1.5;0.0;0.0;22.46;11.53;15.2;89.55;11.06;13.7
253699;2020;Antonio Zarzana;0.0;0.0;0.0;0.0;0.0;0.0;22.64;10.43;13.07;44.14;10.07;12.93
253699;2021;Antonio Zarzana;0.0;0.0;0.0;0.0;0.0;0.0;21.72;10.86;14.28;43.97;10.99;13.4
263529;2023;Ibrahima Kébé;0.0;0.01;0.21;0.0;3.18;0.07;21.85;22.06;32.71;43.85;34.65;31.4
263530;2022;Pau Víctor;0.0;0.0;0.0;0.0;0.0;0.0;21.22;10.43;14.57;43.77;10.71;13.59
263530;2023;Pau Víctor;0.0;0.0;0.0;0.0;0.0;0.0;21.85;10.1;13.69;43.85;9.68;12.86
263530;2024;Pau Víctor;0.73;1.06;0.23;0.0;3.35;2.65;77.54;52.31;35.62;43.69;36.5;64.25
263812;2019;Luka Romero;0.0;0.06;0.0;0.0;0.0;0.05;15.48;2.85;6.58;46.17;11.57;11.74
263812;2023;Luka Romero;2.02;0.64;0.76;0.0;4.28;3.49;86.1;42.46;45.23;43.85;44.67;67.43
263812;2024;Luka Romero;0.0;0.89;0.6;0.0;3.52;1.02;22.46;48.44;42.81;43.69;37.18;42.74
264469;2020;Pablo Pérez;0.0;0.0;0.0;0.0;0.0;0.0;22.64;10.43;13.07;44.14;10.07;12.93
264469;2021;Pablo Pérez;0.0;0.0;0.0;0.0;0.0;0.0;21.72;10.86;14.28;43.97;10.99;13.4
264470;2024;Raúl Moro;1.68;6.43;1.78;0.0;6.45;5.35;91.99;95.12;60.38;43.69;72.93;96.2
264470;2025;Raúl Moro;0.0;0.0;0.0;0.0;0.0;0.0;24.41;12.5;15.81;44.26;12.28;15.22
264859;2021;Antonio Pacheco;0.0;0.0;0.0;0.0;0.0;0.0;21.72;10.86;14.28;43.97;10.99;13.4
265722;2019;Rafael Obrador;0.0;0.06;0.0;0.0;0.11;0.0;15.48;2.85;6.58;46.17;24.56;4.63
265785;2022;Luiz Henrique;1.56;2.68;3.36;0.0;7.61;6.36;85.92;73.67;77.17;43.77;93.84;97.9
265785;2023;Luiz Henrique;0.96;4.08;2.67;0.0;6.94;7.4;71.85;85.34;66.94;43.85;92.6;98.34
266202;2025;Ilyas Chaira;1.94;2.3;3.28;0.0;6.02;3.43;91.4;69.34;75.88;44.26;75.15;82.28
266657;2023;Sávio;3.94;7.9;3.52;0.0;7.85;9.44;94.95;97.23;76.0;43.85;97.86;99.86
266658;2025;Calebe Gonçalves;0.11;1.98;2.92;0.0;5.61;3.38;51.18;65.15;73.09;44.26;70.22;80.81
268960;2023;Arsen Zakharyan;1.36;3.98;1.66;0.0;4.59;3.05;78.42;84.44;57.26;43.85;49.52;61.34
268960;2024;Arsen Zakharyan;0.93;0.48;0.69;0.0;1.65;0.85;82.36;40.09;44.98;43.69;29.04;39.96
268960;2025;Arsen Zakharyan;0.13;1.94;0.79;0.0;2.79;0.03;53.6;64.56;47.28;44.26;37.87;31.47
269163;2022;Williot Swedberg;0.0;0.01;0.15;0.0;3.54;0.97;21.22;22.9;32.49;43.77;36.34;38.38
269163;2023;Williot Swedberg;1.98;0.42;0.73;0.0;4.44;3.27;85.48;35.55;44.26;43.85;46.82;63.62
269163;2024;Williot Swedberg;1.61;3.02;1.71;0.0;5.66;2.15;91.59;77.61;59.63;43.69;60.24;56.38
269163;2025;Williot Swedberg;1.99;0.59;1.85;0.0;5.04;2.53;91.76;43.68;63.24;44.26;62.28;69.49
270498;2024;Warren Madrigal;0.0;0.0;0.0;0.0;0.0;0.0;22.46;11.53;15.2;43.69;11.06;13.7
270516;2021;Peter González;0.29;0.82;0.24;0.0;1.08;0.75;58.11;48.06;34.25;43.97;26.61;36.13
270516;2023;Peter González;1.45;1.79;1.3;0.0;5.15;4.59;79.46;61.0;53.39;43.85;58.37;82.02
270516;2024;Peter González;0.24;0.44;0.71;0.0;4.24;1.25;58.68;39.15;45.39;43.69;42.54;46.13
270516;2025;Peter González;0.0;0.0;0.0;0.0;0.0;0.0;24.41;12.5;15.81;44.26;12.28;15.22
270973;2024;Lucas Alcazar;0.0;0.0;0.0;0.0;0.0;0.0;22.46;11.53;15.2;43.69;11.06;13.7
271580;2025;Martim Neto;0.97;5.53;1.47;0.0;4.91;4.76;82.65;91.18;58.46;44.26;60.29;93.09
273732;2025;Tyrhys Dolan;0.65;4.88;4.21;0.0;7.08;4.1;76.03;88.53;82.5;44.26;91.03;89.26
274298;2022;Tiago Ribeiro;0.0;0.0;0.0;0.0;0.0;0.0;21.22;10.43;14.57;43.77;10.71;13.59
274312;2022;Mohamed-Ali Cho;1.67;1.75;1.19;0.0;5.06;3.94;86.83;61.69;52.31;43.77;53.36;76.4
274312;2023;Mohamed-Ali Cho;0.0;0.26;0.54;0.0;4.04;3.2;21.85;31.81;39.56;43.85;42.19;62.86
276995;2022;Francisco Mwepu;0.0;0.01;0.23;0.0;0.18;0.0;21.22;22.9;34.8;43.77;23.39;13.59
278281;2022;Vicente Bellmunt;0.0;0.0;0.0;0.5;0.0;0.0;21.22;10.43;14.57;88.1;10.71;13.59
278619;2024;Luiz Júnior;0.0;0.14;0.0;8.05;5.98;0.08;22.46;31.61;15.2;98.1;65.06;34.67
278619;2025;Luiz Júnior;0.0;0.22;0.0;9.62;3.47;0.02;24.41;32.79;15.81;99.56;43.53;30.66
278896;2020;Raúl Garcia Gonzalez;0.0;0.0;0.0;2.0;0.0;0.0;22.64;10.43;13.07;90.21;10.07;12.93
278898;2022;Chadi Riad;0.0;0.01;0.0;0.0;0.0;0.0;21.22;22.9;14.57;43.77;10.71;13.59
278898;2023;Chadi Riad;0.57;1.49;4.91;0.0;5.99;0.13;61.83;55.6;88.87;43.85;74.9;33.2
279792;2023;Vinícius Tobias;0.0;0.0;0.0;0.0;0.0;0.0;21.85;10.1;13.69;43.85;9.68;12.86
279822;2024;Flavien Boyomo;0.24;1.22;5.38;0.0;4.39;1.9;58.68;55.02;90.77;43.69;43.62;53.19
279822;2025;Flavien Boyomo;0.38;2.84;7.57;0.0;6.79;1.97;66.84;75.29;97.5;44.26;86.76;60.81
280688;2023;Theo Corbeanu;0.96;0.04;0.81;0.0;3.58;1.31;71.85;26.28;45.85;43.85;37.48;42.53
281795;2024;Yáser Asprilla;1.31;3.99;1.82;0.0;6.17;4.47;88.47;86.57;61.26;43.69;67.77;91.45
281795;2025;Yáser Asprilla;0.57;2.45;1.53;0.0;4.58;4.06;74.71;71.69;59.49;44.26;55.88;88.82
282054;2025;Clemens Riedel;0.11;1.21;2.34;0.0;5.28;1.13;51.18;54.63;68.53;44.26;65.81;48.97
282131;2022;Martin Svidersky;0.0;0.0;0.0;0.0;0.0;0.0;21.22;10.43;14.57;43.77;10.71;13.59
282131;2023;Martin Svidersky;0.0;0.0;0.0;0.0;0.0;0.0;21.85;10.1;13.69;43.85;9.68;12.86
283058;2021;Nicolas Jackson;0.26;1.14;0.55;0.0;5.24;3.4;56.43;54.09;42.23;43.97;65.08;61.86
283058;2022;Nicolas Jackson;4.63;3.97;0.97;0.0;5.56;5.5;98.46;85.08;50.35;43.77;61.2;93.0
283668;2022;Arnau Martínez;0.71;5.98;5.31;0.0;8.0;4.81;71.92;93.28;91.18;43.77;96.22;86.83
283668;2023;Arnau Martínez;0.0;2.34;1.97;0.0;4.91;2.21;21.85;69.85;60.44;43.85;54.01;50.48
283668;2024;Arnau Martínez;0.63;3.92;4.82;0.0;7.32;4.15;73.07;85.82;88.33;43.69;88.06;87.18
283668;2025;Arnau Martínez;0.34;2.26;6.9;0.0;6.83;3.16;64.71;68.6;95.59;44.26;87.72;76.99
284241;2024;Mateo Mejia;0.0;0.0;0.0;0.0;1.08;0.05;22.46;11.53;15.2;43.69;26.8;32.63
284300;2023;Álvaro Carreras;0.26;2.09;2.84;0.0;5.78;4.23;50.35;65.77;68.88;43.85;70.95;77.11
284300;2025;Álvaro Carreras;0.36;7.14;6.38;0.0;6.85;3.79;65.74;96.03;93.6;44.26;88.31;86.69
284415;2025;Yago Santiago;0.0;0.84;0.31;0.0;3.19;2.18;24.41;48.09;37.65;44.26;40.29;64.19
284441;2025;Abu Kamara;0.18;0.67;1.04;0.0;3.36;1.31;56.32;45.07;51.84;44.26;42.21;51.99
285290;2023;Miguel Capitas;0.0;0.0;0.0;0.0;0.0;0.0;21.85;10.1;13.69;43.85;9.68;12.86
285356;2021;Pedro Alberto Benito;0.0;0.0;0.0;0.0;0.26;0.0;21.72;10.86;14.28;43.97;23.99;13.4
285418;2020;Javier Rafael Gasca Biarge;0.0;0.0;0.0;1.5;0.0;0.0;22.64;10.43;13.07;89.71;10.07;12.93
285505;2024;Juanpe;0.0;0.0;0.0;3.5;0.0;0.0;22.46;11.53;15.2;91.11;11.06;13.7
285505;2025;Juanpe;0.0;0.0;0.0;2.0;0.0;0.0;24.41;12.5;15.81;91.25;12.28;15.22
285506;2022;Ivan Bikoue;0.0;0.0;0.0;0.0;0.0;0.0;21.22;10.43;14.57;43.77;10.71;13.59
285909;2022;Pablo Torre;0.0;0.61;0.24;0.0;3.04;2.11;21.22;41.39;35.57;43.77;33.05;50.77
285909;2023;Pablo Torre;0.11;2.07;0.57;0.0;3.83;2.59;44.54;65.28;40.18;43.85;40.11;54.36
285909;2024;Pablo Torre;0.64;1.27;0.48;0.0;3.8;1.39;73.95;56.24;40.3;43.69;39.48;47.35
285909;2025;Pablo Torre;0.33;4.61;0.93;0.0;4.24;2.26;63.53;87.35;49.04;44.26;51.62;65.15
286074;2022;Eric Monjonell;0.0;0.0;0.0;0.0;0.0;0.0;21.22;10.43;14.57;43.77;10.71;13.59
286074;2023;Eric Monjonell;0.0;0.0;0.0;0.0;0.0;0.0;21.85;10.1;13.69;43.85;9.68;12.86
286084;2023;Sergi Altimira;0.45;0.76;1.42;0.0;3.96;3.0;58.3;44.88;54.91;43.85;41.15;60.3
286084;2024;Sergi Altimira;0.24;3.73;4.65;0.0;6.85;4.38;58.68;84.33;87.31;43.69;81.21;89.82
286084;2025;Sergi Altimira;0.34;2.85;5.3;0.0;6.33;1.92;64.71;75.44;88.24;44.26;80.74;59.85
286271;2024;Isra Dominguez;0.0;0.0;0.0;0.0;0.45;0.05;22.46;11.53;15.2;43.69;24.69;32.63
286558;2020;Gael Alonso;0.0;0.0;0.0;0.0;0.0;0.0;22.64;10.43;13.07;44.14;10.07;12.93
286559;2020;Carlos Domínguez;0.23;1.16;2.31;0.0;2.51;0.1;57.5;53.0;68.14;44.14;32.07;32.07
286559;2021;Carlos Domínguez;0.0;0.14;0.6;0.0;4.33;1.28;21.72;30.23;42.76;43.97;48.79;40.15
286559;2022;Carlos Domínguez;0.08;0.02;0.11;0.0;2.55;1.1;43.63;25.63;31.65;43.77;31.09;39.57
286559;2023;Carlos Domínguez;0.0;1.0;3.97;0.0;5.52;2.18;21.85;48.55;79.74;43.85;64.66;49.65
286559;2024;Carlos Domínguez;0.06;1.52;2.8;0.0;6.68;1.72;46.27;59.5;72.73;43.69;78.63;50.41
286559;2025;Carlos Domínguez;0.0;1.26;2.63;0.0;5.42;0.03;24.41;55.59;70.74;44.26;67.72;31.47
286561;2024;Sergio Arribas;0.0;0.09;2.71;0.0;1.84;0.0;22.46;30.73;71.91;43.69;29.31;13.7
286564;2025;Álex Cardero;0.0;0.0;0.0;0.0;0.0;0.0;24.41;12.5;15.81;44.26;12.28;15.22
286580;2020;Stephane Keller;0.0;0.07;0.23;0.0;0.46;0.0;22.64;27.57;33.64;44.14;22.36;12.93
286593;2021;Nico Serrano;0.57;0.43;0.78;0.0;3.38;2.64;67.76;37.94;47.05;43.97;37.06;52.88
286593;2024;Nico Serrano;0.13;0.24;0.18;0.0;2.47;1.59;50.61;33.24;34.26;43.69;31.14;48.98
286593;2025;Nico Serrano;0.0;0.69;0.14;0.0;2.93;1.63;24.41;45.44;34.04;44.26;38.6;55.51
286601;2022;Omar El Hilali;0.0;0.22;0.38;0.0;4.08;0.05;21.22;31.93;38.73;43.77;41.39;31.37
286601;2024;Omar El Hilali;0.0;1.97;10.0;0.0;8.55;4.64;22.46;65.4;100.0;43.69;98.78;92.88
286601;2025;Omar El Hilali;0.0;3.15;6.87;0.0;6.37;1.95;24.41;79.04;95.44;44.26;81.32;60.44
286604;2021;Gori;0.0;0.42;0.0;0.0;0.07;0.0;21.72;37.53;14.28;43.97;23.06;13.4
286605;2021;Roger Martínez;0.0;0.0;0.0;0.0;0.0;0.0;21.72;10.86;14.28;43.97;10.99;13.4
286605;2022;Roger Martínez;0.0;0.01;0.0;0.0;0.0;0.0;21.22;22.9;14.57;43.77;10.71;13.59
286606;2023;Max Svensson;0.0;0.0;0.24;0.0;0.69;0.0;21.85;10.1;34.51;43.85;23.31;12.86
286611;2020;Pablo Cuñat;0.0;0.0;0.0;0.5;0.0;0.0;22.64;10.43;13.07;88.57;10.07;12.93
286611;2021;Pablo Cuñat;0.0;0.0;0.0;3.0;0.0;0.0;21.72;10.86;14.28;91.49;10.99;13.4
286611;2025;Pablo Cuñat;0.0;0.03;0.0;7.25;2.33;0.0;24.41;27.87;15.81;98.68;35.15;15.22
286616;2020;Filip Jörgensen;0.0;0.0;0.0;1.0;0.0;0.0;22.64;10.43;13.07;89.29;10.07;12.93
286616;2021;Filip Jörgensen;0.0;0.0;0.0;5.0;0.0;0.0;21.72;10.86;14.28;93.83;10.99;13.4
286616;2022;Filip Jörgensen;0.0;0.03;0.0;5.89;0.01;0.0;21.22;26.82;14.57;95.17;21.5;13.59
286616;2023;Filip Jörgensen;0.0;0.56;0.17;5.04;5.65;1.27;21.85;39.97;31.05;94.61;67.7;41.84
286620;2022;Joan Puig;0.0;0.0;0.0;0.0;0.0;0.0;21.22;10.43;14.57;43.77;10.71;13.59
286623;2021;Coke Carrillo;0.0;0.0;0.0;5.0;0.0;0.0;21.72;10.86;14.28;93.83;10.99;13.4
286623;2022;Coke Carrillo;0.0;0.0;0.0;5.0;0.0;0.0;21.22;10.43;14.57;92.65;10.71;13.59
286623;2023;Coke Carrillo;0.0;0.0;0.0;5.0;0.0;0.0;21.85;10.1;13.69;93.15;9.68;12.86
286639;2021;Bryan Zaragoza;0.0;0.0;0.0;0.0;0.0;0.0;21.72;10.86;14.28;43.97;10.99;13.4
286639;2023;Bryan Zaragoza;5.66;5.23;1.47;0.0;7.22;7.98;97.51;91.36;55.26;43.85;94.4;99.31
286639;2024;Bryan Zaragoza;1.23;6.59;0.89;0.0;7.21;6.36;87.92;96.07;49.32;43.69;87.18;98.91
286639;2025;Bryan Zaragoza;1.53;3.91;0.85;0.0;5.42;4.49;88.16;84.26;48.16;44.26;67.72;91.69
286643;2020;Amankwaa Akurugu;0.0;0.01;0.4;0.0;0.03;0.0;22.64;21.64;37.64;44.14;20.71;12.93
286643;2021;Amankwaa Akurugu;0.0;0.98;0.0;0.0;3.05;2.83;21.72;50.87;14.28;43.97;34.79;55.09
286643;2022;Amankwaa Akurugu;0.0;0.0;0.0;0.0;0.0;0.0;21.22;10.43;14.57;43.77;10.71;13.59
286795;2021;César Fernández;0.0;0.0;0.0;1.0;0.0;0.0;21.72;10.86;14.28;90.28;10.99;13.4
286795;2023;César Fernández;0.0;0.0;0.0;0.5;0.0;0.0;21.85;10.1;13.69;88.38;9.68;12.86
286795;2024;César Fernández;0.0;0.0;0.0;2.5;0.0;0.0;22.46;11.53;15.2;90.43;11.06;13.7
286796;2021;Damián Rodríguez;0.0;0.0;0.0;0.0;0.0;0.0;21.72;10.86;14.28;43.97;10.99;13.4
286796;2023;Damián Rodríguez;0.0;4.7;1.63;0.0;2.57;0.06;21.85;88.93;56.71;43.85;31.88;30.01
286796;2024;Damián Rodríguez;0.0;3.0;1.14;0.0;3.85;0.12;22.46;77.07;52.17;43.69;40.03;36.23
286796;2025;Damián Rodríguez;0.0;0.96;0.03;0.0;0.13;0.0;24.41;50.29;31.91;44.26;26.03;15.22
286798;2022;Francisco Lopez Fernandez;0.0;0.0;0.0;0.0;0.0;0.0;21.22;10.43;14.57;43.77;10.71;13.59
286961;2022;Manuel Pozo;0.0;0.4;0.45;0.0;0.42;0.4;21.22;36.55;40.97;43.77;23.81;35.99
286962;2020;Lucas Freitas;0.0;0.0;0.0;0.0;0.0;0.0;22.64;10.43;13.07;44.14;10.07;12.93
287175;2022;Alejandro Rodriguez;0.0;0.0;0.0;0.0;0.0;0.0;21.22;10.43;14.57;43.77;10.71;13.59
287177;2022;Adrián Corral;0.0;0.0;0.0;0.0;0.0;0.0;21.22;10.43;14.57;43.77;10.71;13.59
287461;2020;Cheikh Diamanka;0.0;0.0;0.0;0.0;0.0;0.0;22.64;10.43;13.07;44.14;10.07;12.93
287652;2022;Jon Magunazelaia;0.29;0.79;0.15;0.0;1.09;0.64;57.42;44.12;32.49;43.77;25.84;36.97
287652;2023;Jon Magunazelaia;0.0;0.24;0.63;0.0;3.59;1.65;21.85;31.12;41.84;43.85;37.69;44.88
287652;2024;Jon Magunazelaia;0.0;0.28;0.14;0.0;4.12;0.03;22.46;34.12;33.51;43.69;41.79;29.58
287653;2023;Alberto Dadie;0.0;0.0;0.24;0.0;0.27;0.0;21.85;10.1;34.51;43.85;21.44;12.86
287654;2025;Jon Gorrotxategi;0.36;4.18;7.21;0.0;6.7;3.62;65.74;85.66;96.4;44.26;85.88;84.04
287680;2024;Maroan Sannadi;1.22;2.09;0.43;0.0;6.69;4.34;87.58;67.23;38.67;43.69;79.1;89.28
287680;2025;Maroan Sannadi;1.38;0.86;0.0;0.0;4.18;1.07;86.62;48.82;15.81;44.26;50.59;47.13
288074;2022;Alberto Mari;0.78;0.01;0.0;0.0;2.45;0.94;73.67;22.9;14.57;43.77;30.67;37.96
288074;2023;Alberto Mari;0.87;1.38;0.43;0.0;3.55;2.45;70.26;54.08;37.9;43.85;36.93;52.63
288074;2024;Alberto Mari;0.0;0.0;0.0;0.0;0.04;0.0;22.46;11.53;15.2;43.69;22.66;13.7
288112;2024;Willy Kambwala;0.08;0.74;2.55;0.0;5.41;3.25;48.24;45.73;70.49;43.69;56.45;73.95
288220;2021;Marc Carmona;0.0;0.0;0.0;0.0;0.0;0.0;21.72;10.86;14.28;43.97;10.99;13.4
288334;2020;Hugo Pérez;0.0;0.0;0.0;0.0;0.0;0.0;22.64;10.43;13.07;44.14;10.07;12.93
288384;2024;Mikel Goti;0.0;0.0;0.0;0.0;0.0;0.0;22.46;11.53;15.2;43.69;11.06;13.7
288384;2025;Mikel Goti;0.0;0.02;0.14;0.0;1.97;1.68;24.41;26.62;34.04;44.26;34.26;56.25
288525;2022;Malcom Ares;0.0;0.86;0.9;0.0;5.74;3.03;21.22;46.01;49.44;43.77;64.78;63.94
288525;2023;Malcom Ares;0.0;0.16;0.51;0.0;5.05;4.6;21.85;29.74;39.35;43.85;55.95;82.3
288525;2024;Malcom Ares;0.0;0.02;0.0;0.0;0.15;0.0;22.46;25.85;15.2;43.69;24.15;13.7
288699;2023;Máximo Perrone;0.34;3.06;4.31;0.0;5.05;3.66;54.08;77.87;83.26;43.85;55.95;70.68
288800;2021;Iker Benito;0.29;0.41;0.29;0.0;3.16;1.78;58.11;36.8;36.13;43.97;35.66;43.83
288800;2022;Iker Benito;0.0;1.21;1.22;0.0;3.4;1.91;21.22;52.17;52.66;43.77;35.36;48.18
288800;2024;Iker Benito;0.0;0.26;0.11;0.0;0.99;0.03;22.46;33.58;32.63;43.69;26.46;29.58
288800;2025;Iker Benito;0.69;0.98;0.6;0.0;2.34;0.9;77.21;50.59;43.31;44.26;35.37;44.63
289444;2022;Lautaro Blanco;0.13;2.74;1.27;0.0;3.99;2.79;46.78;74.51;53.43;43.77;40.06;61.41
289788;2021;Yoel Ramírez;0.0;0.0;0.0;0.5;0.0;0.0;21.72;10.86;14.28;88.87;10.99;13.4
289788;2022;Yoel Ramírez;0.0;0.0;0.0;2.5;0.0;0.0;21.22;10.43;14.57;90.06;10.71;13.59
289826;2023;Alejandro Quevedo;0.0;0.0;0.0;0.5;0.0;0.0;21.85;10.1;13.69;88.38;9.68;12.86
290106;2022;Pablo Marín;0.76;1.83;1.81;0.0;4.32;3.05;73.18;62.75;61.55;43.77;44.75;64.78
290106;2023;Pablo Marín;0.0;0.0;0.0;0.0;0.0;0.0;21.85;10.1;13.69;43.85;9.68;12.86
290106;2024;Pablo Marín;0.62;2.26;1.95;0.0;5.95;4.45;72.12;69.13;62.89;43.69;64.25;90.98
290106;2025;Pablo Marín;0.33;1.31;1.28;0.0;4.34;2.91;63.53;56.4;55.37;44.26;52.72;73.31
290215;2020;Raúl Torrente;0.0;0.0;0.0;0.0;0.0;0.0;22.64;10.43;13.07;44.14;10.07;12.93
290215;2021;Raúl Torrente;0.0;1.02;3.81;0.0;5.16;1.43;21.72;51.94;78.75;43.97;63.2;42.23
290215;2023;Raúl Torrente;0.0;1.24;3.68;0.0;5.59;0.15;21.85;51.87;77.87;43.85;65.98;33.82
290482;2022;Jorge Pascual;0.86;0.02;0.0;0.0;0.11;0.0;75.49;25.63;14.57;43.77;23.04;13.59
290482;2023;Jorge Pascual;0.0;0.01;0.0;0.0;0.41;0.52;21.85;22.06;13.69;43.85;22.48;35.62
290495;2021;Alejandro Asensio;0.29;0.42;0.0;0.0;0.54;0.0;58.11;37.53;14.28;43.97;24.53;13.4
290685;2020;Ángel Jiménez;0.0;0.03;0.0;0.65;0.16;0.0;22.64;24.64;13.07;89.0;21.71;12.93
290685;2021;Ángel Jiménez;0.0;0.0;0.0;0.5;0.0;0.0;21.72;10.86;14.28;88.87;10.99;13.4
290686;2020;Rafael Romero;0.0;0.0;0.0;0.5;0.0;0.0;22.64;10.43;13.07;88.57;10.07;12.93
290686;2023;Rafael Romero;0.0;0.0;0.0;2.0;0.0;0.0;21.85;10.1;13.69;89.9;9.68;12.86
290686;2024;Rafael Romero;0.0;0.0;0.0;0.5;0.0;0.0;22.46;11.53;15.2;88.2;11.06;13.7
290686;2025;Rafael Romero;0.0;0.0;0.0;1.0;0.0;0.0;24.41;12.5;15.81;89.71;12.28;15.22
290687;2020;Carlos León;0.0;0.0;0.0;0.0;0.0;0.0;22.64;10.43;13.07;44.14;10.07;12.93
290740;2021;Ilias Akhomach;0.58;1.68;0.48;0.0;1.94;0.78;68.43;61.86;40.82;43.97;29.49;36.33
290740;2023;Ilias Akhomach;1.15;2.76;2.94;0.0;6.17;6.46;75.93;74.69;69.43;43.85;79.32;96.13
290740;2024;Ilias Akhomach;1.54;3.14;2.25;0.0;7.83;5.89;91.18;78.22;67.16;43.69;93.62;98.1
290740;2025;Ilias Akhomach;0.17;0.75;1.24;0.0;2.31;0.31;55.96;46.25;53.68;44.26;34.85;40.0
291146;2023;Mario González;0.0;0.0;0.0;0.0;0.0;0.0;21.85;10.1;13.69;43.85;9.68;12.86
291147;2021;Miguel Ángel Brau;0.0;0.0;0.0;0.0;0.0;0.0;21.72;10.86;14.28;43.97;10.99;13.4
291147;2023;Miguel Ángel Brau;0.0;0.01;0.24;0.0;0.29;0.29;21.85;22.06;34.51;43.85;21.72;34.92
291964;2023;Arda Güler;3.28;0.68;0.74;0.0;4.25;4.15;92.81;43.5;44.74;43.85;44.19;76.21
291964;2024;Arda Güler;1.4;5.55;2.0;0.0;6.34;3.75;89.28;92.81;63.77;43.69;71.03;81.14
291964;2025;Arda Güler;2.18;10.0;3.22;0.0;6.06;4.62;93.01;99.41;75.29;44.26;75.66;92.43
292140;2021;Antonio Marchena;0.0;0.0;0.0;0.0;0.0;0.0;21.72;10.86;14.28;43.97;10.99;13.4
292219;2024;Stipe Biuk;0.0;0.0;0.0;0.0;0.0;0.0;22.46;11.53;15.2;43.69;11.06;13.7
293297;2020;John Patrick;0.0;0.01;0.32;0.0;1.57;0.0;22.64;21.64;36.14;44.14;27.07;12.93
293297;2021;John Patrick;0.0;0.0;0.0;0.0;0.0;0.0;21.72;10.86;14.28;43.97;10.99;13.4
293297;2022;John Patrick;0.0;0.0;0.0;0.0;0.0;0.0;21.22;10.43;14.57;43.77;10.71;13.59
293297;2023;John Patrick;0.0;0.0;0.0;0.0;0.0;0.0;21.85;10.1;13.69;43.85;9.68;12.86
293297;2024;John Patrick;0.0;0.04;0.12;0.0;3.12;1.48;22.46;28.36;33.04;43.69;34.87;47.83
293604;2021;Javi Llabrés;0.28;0.62;0.31;0.0;3.59;2.85;57.31;43.3;36.66;43.97;39.08;55.5
293604;2022;Javi Llabrés;0.0;0.01;0.0;0.0;0.04;0.0;21.22;22.9;14.57;43.77;22.2;13.59
293604;2023;Javi Llabrés;0.6;0.54;0.33;0.0;2.75;2.89;62.45;39.14;36.72;43.85;33.06;58.44
293604;2024;Javi Llabrés;0.0;0.44;0.0;0.0;1.9;0.05;22.46;39.15;15.2;43.69;29.44;32.63
293604;2025;Javi Llabrés;0.11;0.23;0.32;0.0;2.69;0.73;51.18;33.09;38.31;44.26;36.99;42.5
294791;2020;Mamor Niang;0.0;0.0;0.21;0.0;2.43;1.18;22.64;10.43;33.07;44.14;31.57;40.71
294797;2022;Ángel Alarcón;0.21;0.01;0.0;0.0;0.91;0.04;51.4;22.9;14.57;43.77;25.35;30.04
295223;2025;Abdel Rahim;0.0;3.43;6.35;0.0;6.28;2.68;24.41;81.18;93.38;44.26;80.15;71.03
295383;2024;Adrián Pica;0.06;0.23;1.45;0.0;5.1;1.09;46.27;32.84;56.51;43.69;52.31;44.57
295793;2021;Marc Pubill;0.15;1.71;2.1;0.0;4.62;2.42;49.46;62.94;64.01;43.97;53.28;50.94
295793;2023;Marc Pubill;1.11;4.81;6.27;0.0;7.85;6.9;75.24;89.07;95.44;43.85;97.86;97.72
295793;2025;Marc Pubill;0.11;1.48;3.8;0.0;6.84;1.07;51.18;57.79;80.0;44.26;88.01;47.13
295879;2021;John Nwankwo Donald;0.0;0.0;0.0;0.0;0.0;0.0;21.72;10.86;14.28;43.97;10.99;13.4
296667;2021;Pablo Gavi;0.97;4.25;3.33;0.0;7.24;7.76;79.56;87.94;75.6;43.97;94.17;97.86
296667;2022;Pablo Gavi;0.95;5.74;3.54;0.0;7.79;4.96;77.73;92.16;78.71;43.77;94.75;88.73
296667;2023;Pablo Gavi;1.91;5.69;8.31;0.0;8.75;6.12;84.72;93.08;99.45;43.85;99.31;94.61
296667;2024;Pablo Gavi;0.24;3.51;2.86;0.0;6.5;3.41;58.68;81.82;73.54;43.69;74.76;76.46
296667;2025;Pablo Gavi;0.0;2.0;0.32;0.0;0.77;0.05;24.41;65.51;38.31;44.26;28.9;33.53
296757;2024;Jon Balda;0.0;0.0;0.0;0.0;0.0;0.0;22.46;11.53;15.2;43.69;11.06;13.7
297235;2025;Marc Vilaplana;0.0;0.0;0.0;0.0;0.0;0.0;24.41;12.5;15.81;44.26;12.28;15.22
297243;2025;Miguel Narvaez;0.0;0.0;0.0;2.0;0.0;0.0;24.41;12.5;15.81;91.25;12.28;15.22
297304;2022;Dawda Camara;0.0;0.0;0.0;0.0;0.0;0.0;21.22;10.43;14.57;43.77;10.71;13.59
297304;2024;Dawda Camara;0.0;0.0;0.0;0.0;0.0;0.0;22.46;11.53;15.2;43.69;11.06;13.7
297304;2025;Dawda Camara;0.23;0.79;0.46;0.0;0.53;0.0;59.26;47.06;41.25;44.26;27.65;15.22
297311;2021;Kike Salas;0.0;0.0;0.0;0.0;0.0;0.0;21.72;10.86;14.28;43.97;10.99;13.4
297311;2022;Kike Salas;0.54;1.08;1.09;0.0;3.89;0.03;66.67;50.77;51.68;43.77;39.57;28.71
297311;2023;Kike Salas;1.4;1.72;5.67;0.0;6.59;0.19;78.77;59.75;93.36;43.85;87.41;34.51
297311;2024;Kike Salas;0.84;2.23;5.43;0.0;7.81;2.13;80.12;68.66;90.91;43.69;93.42;56.04
297311;2025;Kike Salas;0.51;1.88;5.79;0.0;7.07;1.03;72.65;63.6;91.47;44.26;90.74;46.47
297646;2023;Daniel Luna;0.0;0.0;0.0;0.0;0.0;0.0;21.85;10.1;13.69;43.85;9.68;12.86
297646;2024;Daniel Luna;0.0;0.01;0.0;0.0;2.24;0.95;22.46;23.81;15.2;43.69;30.66;41.59
297646;2025;Daniel Luna;0.0;0.0;0.0;0.0;0.0;0.0;24.41;12.5;15.81;44.26;12.28;15.22
297740;2021;Carlos Benítez;0.0;0.0;0.0;0.0;0.0;0.0;21.72;10.86;14.28;43.97;10.99;13.4
297742;2024;Antoniu Roca;0.27;1.02;1.8;0.0;6.02;4.98;60.38;50.81;60.85;43.69;65.94;95.18
297742;2025;Antoniu Roca;0.0;0.37;0.37;0.0;3.7;2.52;24.41;36.03;39.56;44.26;45.96;69.26
297743;2025;Javier Navarro;0.0;0.0;0.0;0.0;0.0;0.0;24.41;12.5;15.81;44.26;12.28;15.22
297744;2021;Carlos Gimenez;0.0;0.0;0.0;0.0;0.0;0.0;21.72;10.86;14.28;43.97;10.99;13.4
297869;2023;Iñaki González;0.0;0.01;0.24;0.0;1.08;0.0;21.85;22.06;34.51;43.85;24.9;12.86
297973;2023;Selu Diallo;0.0;0.0;0.0;0.0;0.0;0.0;21.85;10.1;13.69;43.85;9.68;12.86
298064;2022;David Torres;0.0;0.41;0.36;0.0;3.94;1.16;21.22;36.9;38.31;43.77;39.92;40.62
298064;2024;David Torres;0.06;0.74;2.68;0.0;4.94;1.64;46.27;45.73;71.71;43.69;49.19;49.39
299877;2020;Chinchu;0.0;0.0;0.0;0.0;0.0;0.0;22.64;10.43;13.07;44.14;10.07;12.93
299877;2021;Chinchu;0.0;0.0;0.0;0.0;0.0;0.0;21.72;10.86;14.28;43.97;10.99;13.4
300885;2025;Nelson Deossa;0.0;1.09;1.5;0.0;6.56;5.6;24.41;52.13;58.75;44.26;83.97;96.91
302051;2024;Seydouba Cisse;0.71;2.88;4.02;0.0;7.19;5.51;77.0;76.19;82.63;43.69;86.84;96.61
302277;2024;Rubén Gómez;0.0;0.0;0.0;4.0;0.0;0.0;22.46;11.53;15.2;91.45;11.06;13.7
302277;2025;Rubén Gómez;0.0;0.0;0.0;1.0;0.0;0.0;24.41;12.5;15.81;89.71;12.28;15.22
303115;2024;Etienne Eto'o Pineda;0.0;0.0;0.0;0.0;3.71;0.0;22.46;11.53;15.2;43.69;38.87;13.7
303378;2021;Javier Serrano;0.0;0.05;0.5;0.0;3.17;0.02;21.72;27.35;41.35;43.97;35.79;28.28
303378;2024;Javier Serrano;0.0;0.0;0.0;0.0;0.0;0.0;22.46;11.53;15.2;43.69;11.06;13.7
304383;2023;Tadeo Allende;1.02;0.59;1.25;0.0;4.02;2.18;73.93;41.08;52.21;43.85;41.98;49.65
304383;2024;Tadeo Allende;0.0;0.02;0.0;0.0;0.04;0.0;22.46;25.85;15.2;43.69;22.66;13.7
305797;2023;Enrique Fernández López;0.0;0.0;0.0;0.0;0.0;0.0;21.85;10.1;13.69;43.85;9.68;12.86
305803;2022;Kaiky;0.0;0.18;1.76;0.0;3.69;1.77;21.22;30.88;60.78;43.77;37.82;46.5
305803;2023;Kaiky;0.53;0.52;1.63;0.0;4.17;2.52;60.86;38.52;56.71;43.85;43.22;53.73
306183;2021;Lassina Sangare;0.0;0.0;0.0;0.0;0.0;0.0;21.72;10.86;14.28;43.97;10.99;13.4
306183;2023;Lassina Sangare;0.0;0.0;0.0;0.0;0.0;0.0;21.85;10.1;13.69;43.85;9.68;12.86
306727;2023;Jhon Solís;0.4;0.65;1.52;0.0;3.56;2.88;57.26;42.81;55.81;43.85;37.14;58.02
306727;2024;Jhon Solís;0.22;0.56;1.02;0.0;4.14;1.88;56.72;41.32;50.81;43.69;41.99;52.65
306727;2025;Jhon Solís;0.27;0.48;0.79;0.0;3.46;1.6;61.69;40.44;47.28;44.26;43.24;55.0
307005;2021;Aleix Gorjón;0.0;0.0;0.0;0.0;0.0;0.0;21.72;10.86;14.28;43.97;10.99;13.4
307224;2025;Piri;0.0;0.0;0.0;0.0;0.0;0.0;24.41;12.5;15.81;44.26;12.28;15.22
307565;2024;Thiago Ojeda;0.0;0.03;0.0;0.0;0.04;0.0;22.46;27.54;15.2;43.69;22.66;13.7
308346;2021;Alberto Flores;0.0;0.0;0.0;1.5;0.0;0.0;21.72;10.86;14.28;90.75;10.99;13.4
308346;2022;Alberto Flores;0.0;0.0;0.0;5.0;0.0;0.0;21.22;10.43;14.57;92.65;10.71;13.59
308346;2023;Alberto Flores;0.0;0.0;0.0;5.0;0.0;0.0;21.85;10.1;13.69;93.15;9.68;12.86
308346;2024;Alberto Flores;0.0;0.0;0.0;5.0;0.0;0.0;22.46;11.53;15.2;93.28;11.06;13.7
308346;2025;Alberto Flores;0.0;0.0;0.0;5.0;0.0;0.0;24.41;12.5;15.81;94.34;12.28;15.22
308678;2024;Dário Essugo;0.5;2.8;8.28;0.0;7.89;4.45;69.13;75.17;99.19;43.69;94.1;90.98
308998;2025;Alvaro Leiva;0.0;0.0;0.0;0.0;0.0;0.0;24.41;12.5;15.81;44.26;12.28;15.22
309364;2024;Coba da Costa;0.77;1.5;2.4;0.0;5.91;3.0;78.7;59.16;68.93;43.69;63.64;69.54
309364;2025;Coba da Costa;0.11;0.9;0.99;0.0;5.44;3.3;51.18;49.41;50.96;44.26;68.46;79.26
309917;2022;Alvaro Aceves Catalina;0.0;0.01;0.0;9.5;1.24;0.0;21.22;22.9;14.57;98.88;27.17;13.59
309917;2024;Alvaro Aceves Catalina;0.0;0.0;0.0;0.5;0.0;0.0;22.46;11.53;15.2;88.2;11.06;13.7
310187;2024;Stefan Bajčetić;0.62;2.41;6.34;0.0;7.77;4.21;72.12;71.03;94.57;43.69;92.88;87.72
310609;2022;Gui;0.0;0.0;0.0;0.0;0.0;0.0;21.22;10.43;14.57;43.77;10.71;13.59
310609;2023;Gui;0.0;0.0;0.0;0.0;0.0;0.0;21.85;10.1;13.69;43.85;9.68;12.86
310683;2020;Álvaro Bastida;0.0;0.01;0.0;0.0;0.28;0.0;22.64;21.64;13.07;44.14;22.0;12.93
310683;2021;Álvaro Bastida;0.0;0.04;1.11;0.0;3.05;0.0;21.72;26.47;52.82;43.97;34.79;13.4
310683;2022;Álvaro Bastida;0.0;0.0;0.0;0.0;0.0;0.0;21.22;10.43;14.57;43.77;10.71;13.59
310683;2023;Álvaro Bastida;0.0;0.0;0.0;0.0;0.0;0.0;21.85;10.1;13.69;43.85;9.68;12.86
311344;2023;Alejo Véliz;0.64;0.0;0.14;0.0;2.91;0.05;64.04;10.1;30.08;43.85;33.47;28.35
311344;2024;Alejo Véliz;0.49;0.24;0.23;0.0;5.94;1.14;68.66;33.24;35.62;43.69;63.98;45.18
311345;2025;Federico Redondo;0.0;0.03;0.49;0.0;3.31;0.05;24.41;27.87;41.99;44.26;41.47;33.53
311740;2021;Tomás Mendes;0.0;0.02;0.0;0.0;0.03;0.0;21.72;24.46;14.28;43.97;22.65;13.4
311740;2023;Tomás Mendes;0.0;0.01;0.0;0.0;0.03;0.0;21.85;22.06;13.69;43.85;20.12;12.86
311745;2021;José Luis Friaza;0.0;0.0;0.0;0.0;0.0;0.0;21.72;10.86;14.28;43.97;10.99;13.4
311746;2022;Javi Pamies;0.0;0.0;0.0;0.0;0.0;0.0;21.22;10.43;14.57;43.77;10.71;13.59
311773;2024;Santiago Mouriño;0.28;1.46;5.26;0.0;6.95;2.26;60.99;58.21;90.23;43.69;82.77;58.07
311773;2025;Santiago Mouriño;0.0;2.42;9.5;0.0;8.05;4.36;24.41;70.96;99.85;44.26;97.94;90.88
311972;2025;Mikel Serrano;0.0;0.0;0.0;0.0;0.0;0.0;24.41;12.5;15.81;44.26;12.28;15.22
312468;2023;Alex Padilla;0.0;0.0;0.0;1.0;0.0;0.0;21.85;10.1;13.69;89.21;9.68;12.86
312468;2024;Alex Padilla;0.0;0.09;0.0;6.65;2.57;0.04;22.46;30.73;15.2;96.61;31.95;31.14
312468;2025;Alex Padilla;0.0;0.0;0.0;5.0;0.0;0.0;24.41;12.5;15.81;94.34;12.28;15.22
312650;2022;Marko Milovanović;0.0;0.01;0.0;0.0;1.62;0.0;21.22;22.9;14.57;43.77;28.15;13.59
312650;2023;Marko Milovanović;0.47;0.34;0.32;0.0;3.51;1.07;59.06;33.2;36.1;43.85;36.79;38.45
312990;2024;Roberto Fernández;2.56;1.76;0.72;0.0;7.09;3.59;96.07;62.28;45.66;43.69;84.74;79.38
312990;2025;Roberto Fernández;2.72;3.5;0.98;0.0;6.29;2.55;95.15;81.76;50.44;44.26;80.59;69.85
313025;2023;Hugo Rincón;0.0;0.0;0.0;0.0;0.0;0.0;21.85;10.1;13.69;43.85;9.68;12.86
313025;2025;Hugo Rincón;0.0;1.81;3.15;0.0;6.12;2.9;24.41;61.91;74.56;44.26;76.84;73.09
313026;2021;Luis Bilbao;0.0;0.0;0.0;0.0;0.0;0.0;21.72;10.86;14.28;43.97;10.99;13.4
313039;2020;Robert Vallribera;0.0;0.0;0.0;0.0;0.0;0.0;22.64;10.43;13.07;44.14;10.07;12.93
313058;2021;Alessandro Burlamaqui;0.0;0.0;0.0;0.0;0.0;0.0;21.72;10.86;14.28;43.97;10.99;13.4
313059;2025;Mateo Joseph;1.53;2.08;2.95;0.0;5.46;3.54;88.16;66.62;73.24;44.26;68.75;83.09
313168;2024;Ferrán Ruiz;0.0;0.01;0.46;0.0;0.04;0.0;22.46;23.81;39.62;43.69;22.66;13.7
313196;2024;Joao Urbáez;0.0;0.0;0.0;0.0;0.0;0.0;22.46;11.53;15.2;43.69;11.06;13.7
313548;2021;Alberto Moreno;0.0;0.0;0.0;0.0;0.0;0.0;21.72;10.86;14.28;43.97;10.99;13.4
313548;2022;Alberto Moreno;0.0;0.0;0.0;0.0;0.0;0.0;21.22;10.43;14.57;43.77;10.71;13.59
313562;2020;Eneko Ortiz;0.0;0.0;0.0;0.0;0.0;0.0;22.64;10.43;13.07;44.14;10.07;12.93
313562;2023;Eneko Ortiz;0.0;0.0;0.0;0.0;0.0;0.0;21.85;10.1;13.69;43.85;9.68;12.86
313562;2024;Eneko Ortiz;0.0;0.0;0.0;0.0;0.0;0.0;22.46;11.53;15.2;43.69;11.06;13.7
313651;2020;Hugo Sotelo;0.0;0.0;0.0;0.0;0.0;0.0;22.64;10.43;13.07;44.14;10.07;12.93
313651;2021;Hugo Sotelo;0.0;0.01;0.0;0.0;0.0;0.0;21.72;22.72;14.28;43.97;10.99;13.4
313651;2022;Hugo Sotelo;0.0;0.2;0.0;0.0;0.04;0.0;21.22;31.23;14.57;43.77;22.2;13.59
313651;2023;Hugo Sotelo;0.11;2.49;1.23;0.0;3.73;3.57;44.54;72.27;51.8;43.85;39.7;69.43
313651;2024;Hugo Sotelo;0.0;3.33;1.69;0.0;4.71;2.64;22.46;79.92;59.43;43.69;45.73;64.04
313651;2025;Hugo Sotelo;0.11;6.16;4.69;0.0;4.9;0.24;51.18;93.24;85.29;44.26;60.07;38.97
314006;2025;Jozhua Vertrouwd;0.0;0.61;1.08;0.0;3.03;0.05;24.41;44.19;52.35;44.26;39.26;33.53
315586;2024;Lander Pinillos;0.0;0.0;0.0;0.0;0.0;0.0;22.46;11.53;15.2;43.69;11.06;13.7
315586;2025;Lander Pinillos;0.0;0.0;0.0;0.0;0.03;0.0;24.41;12.5;15.81;44.26;25.22;15.22
315604;2022;Alejandro Iturbe;0.0;0.0;0.0;4.0;0.0;0.0;21.22;10.43;14.57;90.9;10.71;13.59
315604;2024;Alejandro Iturbe;0.0;0.0;0.0;0.5;0.0;0.0;22.46;11.53;15.2;88.2;11.06;13.7
315604;2025;Alejandro Iturbe;0.0;0.0;0.0;5.0;0.0;0.0;24.41;12.5;15.81;94.34;12.28;15.22
315699;2021;Javier Guerra;0.0;0.0;0.0;0.0;0.0;0.0;21.72;10.86;14.28;43.97;10.99;13.4
315699;2022;Javier Guerra;1.35;1.43;3.29;0.0;5.45;4.41;84.24;55.95;76.05;43.77;59.24;82.35
315699;2023;Javier Guerra;2.34;1.99;4.42;0.0;6.55;5.55;88.04;64.32;84.58;43.85;87.0;90.8
315699;2024;Javier Guerra;1.0;3.88;3.77;0.0;6.67;3.9;83.72;85.48;80.87;43.69;78.36;83.72
315699;2025;Javier Guerra;0.43;3.33;2.75;0.0;4.67;3.39;69.34;80.37;71.18;44.26;56.76;81.4
315701;2021;Rubén Iranzo;0.0;0.08;0.55;0.0;1.75;0.0;21.72;28.62;42.23;43.97;28.82;13.4
315701;2022;Rubén Iranzo;0.0;0.0;0.0;0.0;0.0;0.0;21.22;10.43;14.57;43.77;10.71;13.59
315701;2023;Rubén Iranzo;0.0;0.01;0.13;0.0;1.33;0.0;21.85;22.06;29.81;43.85;26.07;12.86
315701;2024;Rubén Iranzo;0.0;0.0;0.0;0.0;0.0;0.0;22.46;11.53;15.2;43.69;11.06;13.7
315701;2025;Rubén Iranzo;0.0;0.0;0.14;0.0;1.07;0.0;24.41;12.5;34.04;44.26;30.44;15.22
316516;2025;Sebastián Boselli;0.23;0.0;0.0;0.0;0.03;0.0;59.26;12.5;15.81;44.26;25.22;15.22
316517;2025;Alan Matturro;0.54;0.44;3.34;0.0;5.11;0.15;73.24;38.97;76.69;44.26;62.94;38.38
317418;2022;Mamadou Fall;0.0;0.02;0.0;0.0;0.07;0.0;21.22;25.63;14.57;43.77;22.62;13.59
319572;2024;Valentín Barco;0.0;1.91;2.65;0.0;5.24;1.56;22.46;64.65;71.23;43.69;54.34;48.64
320517;2022;Pablo Durán;0.0;0.04;0.45;0.0;1.73;0.96;21.22;27.8;40.97;43.77;28.57;38.1
320517;2024;Pablo Durán;1.13;2.63;1.48;0.0;4.67;2.33;85.89;73.68;56.99;43.69;45.45;58.89
320517;2025;Pablo Durán;1.46;1.5;1.4;0.0;4.41;1.94;87.35;58.01;57.5;44.26;53.75;60.15
323815;2022;Oscar Ureña;0.29;0.02;1.06;0.0;3.0;2.68;57.42;25.63;51.33;43.77;32.77;59.52
323935;2021;Giuliano Simeone;0.0;0.01;0.0;0.0;2.93;0.08;21.72;22.72;14.28;43.97;33.78;31.37
323935;2023;Giuliano Simeone;0.96;2.89;0.93;0.0;3.6;3.33;71.85;75.66;47.72;43.85;37.9;64.73
323935;2024;Giuliano Simeone;0.67;3.97;2.28;0.0;6.45;4.42;75.24;86.36;67.64;43.69;72.93;90.71
323935;2025;Giuliano Simeone;1.49;6.52;4.15;0.0;7.68;5.0;87.79;94.34;81.84;44.26;96.18;94.34
324750;2021;Carlos Martín;0.0;0.0;0.0;0.0;1.83;1.33;21.72;10.86;14.28;43.97;28.95;41.02
324750;2022;Carlos Martín;0.24;0.01;0.42;0.0;1.81;0.0;53.01;22.9;39.78;43.77;28.71;13.59
324750;2024;Carlos Martín;1.03;1.91;2.35;0.0;5.94;2.15;84.19;64.65;68.59;43.69;63.98;56.38
324750;2025;Carlos Martín;0.0;0.24;0.52;0.0;0.95;0.28;24.41;33.46;42.65;44.26;30.0;39.26
325140;2024;Justin Smith;0.0;0.47;3.09;0.0;4.45;0.85;22.46;39.76;75.51;43.69;44.03;39.96
325415;2023;Nabil Aberdin;0.0;0.18;0.0;0.0;1.51;0.06;21.85;29.94;13.69;43.85;27.25;30.01
325415;2024;Nabil Aberdin;0.0;0.32;0.91;0.0;6.1;1.93;22.46;35.41;49.73;43.69;66.82;53.66
325664;2022;Babatunde Akinsola;0.0;0.0;0.23;0.0;1.15;0.05;21.22;10.43;34.8;43.77;26.68;31.37
325785;2024;Rudy Kohon;0.0;0.0;0.0;0.0;0.0;0.0;22.46;11.53;15.2;43.69;11.06;13.7
327495;2024;Alvin Abajas;0.0;0.0;0.0;5.0;0.0;0.0;22.46;11.53;15.2;93.28;11.06;13.7
327496;2024;Rodrigo Abajas;0.0;0.02;0.8;0.0;2.59;1.05;22.46;25.85;47.08;43.69;32.29;43.35
327552;2022;Nando Almodóvar;0.0;0.0;0.0;0.5;0.0;0.0;21.22;10.43;14.57;88.1;10.71;13.59
327552;2023;Nando Almodóvar;0.0;0.0;0.0;0.5;0.0;0.0;21.85;10.1;13.69;88.38;9.68;12.86
327622;2024;Naim García;0.0;0.0;0.0;0.0;0.0;0.0;22.46;11.53;15.2;43.69;11.06;13.7
327628;2022;Ricard Artero;0.22;0.03;0.35;0.0;3.79;2.59;52.03;26.82;37.89;43.77;38.8;57.98
327628;2023;Ricard Artero;0.0;0.0;0.0;0.0;0.0;0.0;21.85;10.1;13.69;43.85;9.68;12.86
327628;2024;Ricard Artero;0.0;0.0;0.0;0.0;0.0;0.0;22.46;11.53;15.2;43.69;11.06;13.7
329663;2023;Guilherme Fernandes;0.0;0.0;0.0;4.0;0.0;0.0;21.85;10.1;13.69;90.94;9.68;12.86
329663;2024;Guilherme Fernandes;0.0;0.0;0.0;5.0;0.0;0.0;22.46;11.53;15.2;93.28;11.06;13.7
329720;2021;Hugo Álvarez;0.0;0.0;0.24;0.0;0.79;0.0;21.72;10.86;34.25;43.97;25.4;13.4
329720;2022;Hugo Álvarez;0.0;0.0;0.0;0.0;0.0;0.0;21.22;10.43;14.57;43.77;10.71;13.59
329720;2023;Hugo Álvarez;1.53;6.08;2.56;0.0;5.63;5.73;81.19;94.12;65.7;43.85;67.22;91.98
329720;2024;Hugo Álvarez;1.16;3.39;1.98;0.0;5.79;4.21;86.5;80.33;63.43;43.69;61.6;87.72
329720;2025;Hugo Álvarez;0.77;2.52;1.25;0.0;4.01;1.64;79.56;72.65;54.34;44.26;48.75;55.81
329722;2023;Yoel Lago;0.0;0.55;0.24;0.0;0.39;0.11;21.85;39.56;34.51;43.85;22.13;32.78
329722;2024;Yoel Lago;0.0;1.89;2.8;0.0;5.33;2.56;22.46;64.45;72.73;43.69;55.09;63.23
329722;2025;Yoel Lago;0.0;0.73;1.77;0.0;4.29;1.19;24.41;45.88;62.94;44.26;52.06;50.44
329725;2024;Arnau Rafús;0.0;0.08;0.0;4.6;0.0;0.0;22.46;30.39;15.2;91.72;11.06;13.7
329728;2022;Marc Casadó;0.0;0.0;0.0;0.0;0.0;0.0;21.22;10.43;14.57;43.77;10.71;13.59
329728;2023;Marc Casadó;0.0;0.01;0.22;0.0;3.01;0.06;21.85;22.06;33.06;43.85;33.89;30.01
329728;2024;Marc Casadó;0.23;4.19;5.05;0.0;6.75;2.51;57.46;87.79;89.15;43.69;79.92;61.6
329728;2025;Marc Casadó;0.0;3.67;1.4;0.0;4.25;1.71;24.41;82.79;57.5;44.26;51.76;56.62
329729;2022;Lulo Dasilva;0.0;0.0;0.0;0.0;0.0;0.0;21.22;10.43;14.57;43.77;10.71;13.59
329729;2023;Lulo Dasilva;0.0;0.0;0.0;0.0;0.0;0.0;21.85;10.1;13.69;43.85;9.68;12.86
329729;2024;Lulo Dasilva;0.0;0.0;0.0;0.0;0.0;0.0;22.46;11.53;15.2;43.69;11.06;13.7
330238;2023;Lucas Pires;0.62;2.64;3.73;0.0;5.15;3.83;63.35;74.07;78.15;43.85;58.37;73.72
330436;2024;David Jiménez;0.0;0.0;0.0;0.0;0.0;0.0;22.46;11.53;15.2;43.69;11.06;13.7
330436;2025;David Jiménez;0.0;0.0;0.0;0.0;0.0;0.0;24.41;12.5;15.81;44.26;12.28;15.22
330438;2023;Edgar Puyol;0.0;0.0;0.0;0.0;0.0;0.0;21.85;10.1;13.69;43.85;9.68;12.86
330440;2025;Aitor Mañas;0.0;0.8;0.15;0.0;0.77;0.0;24.41;47.28;34.85;44.26;28.9;15.22
330443;2024;Ismael Sierra Arnal;0.0;0.0;0.0;0.0;0.0;0.0;22.46;11.53;15.2;43.69;11.06;13.7
330443;2025;Ismael Sierra Arnal;0.0;0.0;0.0;0.0;0.0;0.0;24.41;12.5;15.81;44.26;12.28;15.22
331003;2022;Roberto Arroyo;0.0;0.0;0.23;0.0;0.88;0.58;21.22;10.43;34.8;43.77;25.21;36.69
331004;2024;Chuky;0.82;1.05;0.48;0.0;4.27;2.07;79.78;51.83;40.3;43.69;42.94;55.22
331330;2022;Matías Árbol;0.0;0.0;0.0;5.0;0.0;0.0;21.22;10.43;14.57;92.65;10.71;13.59
331330;2023;Matías Árbol;0.0;0.0;0.0;5.0;0.0;0.0;21.85;10.1;13.69;93.15;9.68;12.86
331330;2024;Matías Árbol;0.0;0.0;0.0;5.0;0.0;0.0;22.46;11.53;15.2;93.28;11.06;13.7
331607;2022;Manu Bueno;0.25;0.85;1.25;0.0;4.33;1.04;54.69;45.59;53.15;43.77;44.96;39.22
331607;2023;Manu Bueno;0.0;0.65;0.6;0.0;3.72;1.19;21.85;42.81;40.66;43.85;39.56;39.63
331607;2024;Manu Bueno;0.39;0.13;0.48;0.0;3.82;1.02;65.6;31.28;40.3;43.69;39.76;42.74
331607;2025;Manu Bueno;0.0;0.5;0.2;0.0;3.31;0.03;24.41;41.47;35.66;44.26;41.47;31.47
332217;2022;Lluc Matas;0.0;0.0;0.0;1.5;0.0;0.0;21.22;10.43;14.57;89.64;10.71;13.59
332219;2022;Biel Farrés;0.0;0.0;0.0;0.0;0.0;0.0;21.22;10.43;14.57;43.77;10.71;13.59
332302;2024;Oier Gastesi;0.0;0.0;0.0;1.5;0.0;0.0;22.46;11.53;15.2;89.55;11.06;13.7
332304;2024;Raúl Chasco;0.0;0.19;0.54;0.0;2.64;0.0;22.46;32.23;41.66;43.69;32.77;13.7
332304;2025;Raúl Chasco;0.0;0.0;0.0;0.0;0.0;0.0;24.41;12.5;15.81;44.26;12.28;15.22
332305;2023;Unai Eguíluz;0.0;0.0;0.0;0.0;0.0;0.0;21.85;10.1;13.69;43.85;9.68;12.86
332305;2024;Unai Eguíluz;0.0;0.0;0.0;0.0;0.0;0.0;22.46;11.53;15.2;43.69;11.06;13.7
332308;2022;Unai Gómez;0.0;0.0;0.0;0.0;0.0;0.0;21.22;10.43;14.57;43.77;10.71;13.59
332308;2023;Unai Gómez;1.23;1.36;0.9;0.0;4.59;3.35;77.18;53.73;47.1;43.85;49.52;65.21
332308;2024;Unai Gómez;0.39;1.72;0.88;0.0;5.51;2.97;65.6;61.74;48.85;43.69;57.53;69.0
332308;2025;Unai Gómez;0.57;1.19;0.78;0.0;3.59;1.25;74.71;54.26;46.84;44.26;44.85;51.32
332309;2024;Alejandro Rego;0.0;0.0;0.0;0.0;0.0;0.0;22.46;11.53;15.2;43.69;11.06;13.7
332309;2025;Alejandro Rego;0.46;1.24;2.99;0.0;4.57;0.77;70.51;55.07;73.53;44.26;55.59;42.94
332315;2022;Alejandro Alfaro;0.0;0.0;0.0;0.0;0.11;0.0;21.22;10.43;14.57;43.77;23.04;13.59
333292;2024;Pelayo Fernández;0.0;0.02;0.14;0.0;2.02;0.0;22.46;25.85;33.51;43.69;29.58;13.7
333292;2025;Pelayo Fernández;0.0;0.16;0.15;0.0;1.02;0.0;24.41;31.47;34.85;44.26;30.29;15.22
333369;2025;José Luis Pérez;0.0;0.0;0.0;0.0;2.69;0.08;24.41;12.5;15.81;44.26;36.99;36.18
333373;2022;Gorka Rivera;0.0;0.0;0.0;0.0;0.0;0.0;21.22;10.43;14.57;43.77;10.71;13.59
333373;2023;Gorka Rivera;0.0;0.01;0.0;0.0;0.0;0.0;21.85;22.06;13.69;43.85;9.68;12.86
333373;2024;Gorka Rivera;0.0;0.0;0.46;0.0;0.7;0.05;22.46;11.53;39.62;43.69;25.17;32.63
333376;2024;Adrián Verde;0.0;0.0;0.0;0.0;0.0;0.0;22.46;11.53;15.2;43.69;11.06;13.7
333378;2022;Diego Mendez;0.0;0.01;0.23;0.0;0.87;0.0;21.22;22.9;34.8;43.77;25.07;13.59
333378;2023;Diego Mendez;0.0;0.0;0.33;0.0;2.04;0.0;21.85;10.1;36.72;43.85;29.05;12.86
333378;2024;Diego Mendez;0.0;0.0;0.0;0.0;0.0;0.0;22.46;11.53;15.2;43.69;11.06;13.7
333379;2021;Antonio Gomis;0.0;0.0;0.0;0.5;0.0;0.0;21.72;10.86;14.28;88.87;10.99;13.4
333379;2022;Antonio Gomis;0.0;0.0;0.0;4.91;0.0;0.0;21.22;10.43;14.57;91.04;10.71;13.59
333379;2023;Antonio Gomis;0.0;0.0;0.0;5.0;0.0;0.0;21.85;10.1;13.69;93.15;9.68;12.86
333379;2024;Antonio Gomis;0.0;0.0;0.0;5.0;0.0;0.0;22.46;11.53;15.2;93.28;11.06;13.7
333439;2022;Ruben Quintanilla;0.0;0.01;0.0;0.0;0.0;0.0;21.22;22.9;14.57;43.77;10.71;13.59
333439;2023;Ruben Quintanilla;0.0;0.0;0.0;0.0;0.0;0.0;21.85;10.1;13.69;43.85;9.68;12.86
333447;2024;Raúl Martínez;0.0;0.0;0.0;0.0;0.0;0.0;22.46;11.53;15.2;43.69;11.06;13.7
333502;2024;Miguel Román;0.0;0.0;0.0;0.0;0.0;0.0;22.46;11.53;15.2;43.69;11.06;13.7
333502;2025;Miguel Román;0.34;2.61;3.27;0.0;4.73;1.23;64.71;73.16;75.74;44.26;57.43;51.03
333672;2021;César Tárrega;0.0;0.0;0.0;0.0;0.0;0.0;21.72;10.86;14.28;43.97;10.99;13.4
333672;2023;César Tárrega;0.0;0.02;0.0;0.0;0.0;0.0;21.85;24.48;13.69;43.85;9.68;12.86
333672;2024;César Tárrega;0.69;1.82;5.29;0.0;7.73;4.32;76.26;63.57;90.5;43.69;92.54;89.01
333672;2025;César Tárrega;0.11;2.04;7.02;0.0;6.65;3.91;51.18;66.18;95.74;44.26;85.15;87.65
333682;2021;Cristhian Mosquera;0.0;0.07;0.61;0.0;2.21;0.0;21.72;28.22;43.36;43.97;31.03;13.4
333682;2022;Cristhian Mosquera;0.0;0.03;0.35;0.0;4.31;0.02;21.22;26.82;37.89;43.77;44.33;28.01
333682;2023;Cristhian Mosquera;0.21;1.54;7.09;0.0;6.67;4.14;48.76;56.64;96.96;43.85;89.49;76.0
333682;2024;Cristhian Mosquera;0.24;2.08;6.77;0.0;7.19;2.35;58.68;67.03;96.07;43.69;86.84;59.23
334573;2022;Tincho Conde;0.0;0.0;0.0;0.0;0.0;0.0;21.22;10.43;14.57;43.77;10.71;13.59
334573;2024;Tincho Conde;0.0;0.0;0.0;0.0;0.0;0.0;22.46;11.53;15.2;43.69;11.06;13.7
334574;2024;Angel Ortiz;0.0;2.28;3.29;0.0;4.84;2.19;22.46;69.4;77.27;43.69;47.69;57.46
334574;2025;Angel Ortiz;0.0;0.85;2.43;0.0;4.54;1.76;24.41;48.38;69.26;44.26;55.07;57.5
334575;2021;Diego Piñeiro;0.0;0.0;0.0;4.5;0.0;0.0;21.72;10.86;14.28;92.49;10.99;13.4
334575;2022;Diego Piñeiro;0.0;0.0;0.0;0.5;0.0;0.0;21.22;10.43;14.57;88.1;10.71;13.59
334575;2023;Diego Piñeiro;0.0;0.0;0.0;5.0;0.0;0.0;21.85;10.1;13.69;93.15;9.68;12.86
334878;2025;Ugo Raghouber;0.0;0.09;1.37;0.0;1.32;0.45;24.41;30.51;56.99;44.26;31.18;41.1
335034;2024;Pablo Rivera;0.0;0.0;0.0;0.0;0.0;0.0;22.46;11.53;15.2;43.69;11.06;13.7
335037;2022;Diego Hormigo;0.0;0.01;0.0;0.0;0.86;0.05;21.22;22.9;14.57;43.77;24.93;31.37
335037;2023;Diego Hormigo;0.0;0.01;0.24;0.0;0.52;0.63;21.85;22.06;34.51;43.85;22.96;36.1
335037;2024;Diego Hormigo;0.0;0.01;0.23;0.0;0.74;0.05;22.46;23.81;35.62;43.69;25.71;32.63
335057;2023;Darío Benavides;0.0;0.0;0.0;0.0;0.0;0.0;21.85;10.1;13.69;43.85;9.68;12.86
335057;2024;Darío Benavides;0.0;0.0;0.0;0.0;0.0;0.0;22.46;11.53;15.2;43.69;11.06;13.7
335239;2022;Moi Parra;0.0;0.01;0.23;0.0;0.45;0.0;21.22;22.9;34.8;43.77;23.95;13.59
335426;2023;Pau Mascaró;0.0;0.0;0.0;0.0;0.0;0.0;21.85;10.1;13.69;43.85;9.68;12.86
335490;2025;Jon de Luis;0.0;0.0;0.0;0.0;0.0;0.0;24.41;12.5;15.81;44.26;12.28;15.22
335697;2023;David López;0.0;0.0;0.0;0.0;0.0;0.0;21.85;10.1;13.69;43.85;9.68;12.86
335697;2024;David López;0.0;0.05;0.82;0.0;3.15;0.0;22.46;29.1;47.63;43.69;35.14;13.7
335697;2025;David López;0.0;0.06;0.35;0.0;3.2;0.07;24.41;29.85;39.34;44.26;40.44;35.51
336555;2021;Estanis Pedrola;0.0;0.0;0.24;0.0;0.2;0.0;21.72;10.86;34.25;43.97;23.86;13.4
336555;2022;Estanis Pedrola;0.0;0.0;0.0;0.0;0.0;0.0;21.22;10.43;14.57;43.77;10.71;13.59
336557;2022;Aleix Garrido;0.0;0.0;0.45;0.0;0.73;0.0;21.22;10.43;40.97;43.77;24.58;13.59
336557;2023;Aleix Garrido;0.0;0.0;0.0;0.0;0.0;0.0;21.85;10.1;13.69;43.85;9.68;12.86
336560;2024;Alex Valle;0.0;0.0;0.0;0.0;0.0;0.0;22.46;11.53;15.2;43.69;11.06;13.7
336587;2022;Salim El Jebari;0.0;0.0;0.0;0.0;0.0;0.0;21.22;10.43;14.57;43.77;10.71;13.59
336587;2023;Salim El Jebari;0.0;0.01;0.24;0.0;0.8;0.0;21.85;22.06;34.51;43.85;23.65;12.86
336590;2022;Aitor Gismera;0.0;0.0;0.0;0.0;0.0;0.0;21.22;10.43;14.57;43.77;10.71;13.59
336590;2023;Aitor Gismera;0.0;0.0;0.0;0.0;0.0;0.0;21.85;10.1;13.69;43.85;9.68;12.86
336590;2024;Aitor Gismera;0.0;0.0;0.0;0.0;0.0;0.0;22.46;11.53;15.2;43.69;11.06;13.7
336592;2021;Ibrahima Camara;0.0;0.0;0.0;0.0;0.0;0.0;21.72;10.86;14.28;43.97;10.99;13.4
336594;2021;Pablo Barrios;0.0;0.0;0.0;0.0;0.0;0.0;21.72;10.86;14.28;43.97;10.99;13.4
336594;2022;Pablo Barrios;0.33;1.45;2.25;0.0;5.62;4.15;59.87;56.79;66.11;43.77;62.54;79.27
336594;2023;Pablo Barrios;1.11;4.01;6.64;0.0;7.3;8.11;75.24;84.79;96.06;43.85;95.09;99.45
336594;2024;Pablo Barrios;0.75;6.07;5.58;0.0;7.67;4.98;77.88;94.03;92.13;43.69;91.66;95.18
336594;2025;Pablo Barrios;0.92;6.14;5.65;0.0;7.36;6.35;81.99;93.09;91.18;44.26;94.19;98.53
336637;2024;Antonio Espigares;0.0;0.0;0.0;0.0;0.0;0.0;22.46;11.53;15.2;43.69;11.06;13.7
336645;2024;Nacho Nicolau;0.0;0.0;0.0;0.5;0.0;0.0;22.46;11.53;15.2;88.2;11.06;13.7
336653;2022;Ander Astralaga;0.0;0.0;0.0;1.0;0.0;0.0;21.22;10.43;14.57;89.08;10.71;13.59
336653;2023;Ander Astralaga;0.0;0.0;0.0;5.0;0.0;0.0;21.85;10.1;13.69;93.15;9.68;12.86
336653;2024;Ander Astralaga;0.0;0.0;0.0;5.0;0.0;0.0;22.46;11.53;15.2;93.28;11.06;13.7
336671;2025;Renato Veiga;0.38;1.87;4.4;0.0;5.66;0.11;66.84;63.31;83.82;44.26;70.88;37.35
336674;2024;Gabriel Misehouy;0.33;0.64;0.06;0.0;3.75;3.09;63.36;43.42;31.34;43.69;39.21;71.1
336681;2021;Sergio Diez Roldán;0.0;0.0;0.0;0.0;0.0;0.0;21.72;10.86;14.28;43.97;10.99;13.4
336681;2022;Sergio Diez Roldán;0.0;0.0;0.0;0.0;0.0;0.0;21.22;10.43;14.57;43.77;10.71;13.59
336685;2025;Javier Boñar;0.0;0.0;0.0;0.0;0.0;0.0;24.41;12.5;15.81;44.26;12.28;15.22
336711;2023;Gonzalo García;0.38;0.01;0.16;0.0;0.69;0.06;56.02;22.06;30.43;43.85;23.31;30.01
336711;2024;Gonzalo García;0.0;1.09;0.0;0.0;0.74;0.0;22.46;53.19;15.2;43.69;25.71;13.7
336711;2025;Gonzalo García;1.2;0.62;0.67;0.0;4.39;0.66;84.78;44.49;44.41;44.26;53.53;41.91
336955;2022;Víctor Rofino;0.0;0.0;0.0;0.0;0.0;0.0;21.22;10.43;14.57;43.77;10.71;13.59
336988;2024;Lorenzo Aguado;0.0;0.0;0.0;0.0;0.04;0.0;22.46;11.53;15.2;43.69;22.66;13.7
336998;2024;Adama Boiro;0.0;0.75;1.92;0.0;5.06;2.1;22.46;46.2;62.55;43.69;51.29;55.56
336998;2025;Adama Boiro;0.0;0.63;1.24;0.0;3.44;1.28;24.41;44.78;53.68;44.26;43.09;51.69
337843;2023;Aitor Fraga;0.0;0.0;0.0;5.0;0.0;0.0;21.85;10.1;13.69;93.15;9.68;12.86
337843;2024;Aitor Fraga;0.0;0.0;0.0;5.0;0.0;0.0;22.46;11.53;15.2;93.28;11.06;13.7
337843;2025;Aitor Fraga;0.0;0.0;0.0;1.0;0.0;0.0;24.41;12.5;15.81;89.71;12.28;15.22
337955;2024;Lalo Aguilar;0.0;0.0;0.0;0.0;0.0;0.0;22.46;11.53;15.2;43.69;11.06;13.7
337963;2022;Victor Wehbi Aznar;0.0;0.0;0.0;5.0;0.0;0.0;21.22;10.43;14.57;92.65;10.71;13.59
337963;2023;Victor Wehbi Aznar;0.0;0.0;0.0;2.5;0.0;0.0;21.85;10.1;13.69;90.32;9.68;12.86
338295;2021;Alejandro Primo;0.0;0.04;0.0;0.95;0.0;0.0;21.72;26.47;14.28;89.95;10.99;13.4
338295;2025;Alejandro Primo;0.0;0.0;0.0;5.0;0.0;0.0;24.41;12.5;15.81;94.34;12.28;15.22
338508;2022;Ilias Kostis;0.0;0.0;0.0;0.0;0.0;0.0;21.22;10.43;14.57;43.77;10.71;13.59
338508;2023;Ilias Kostis;0.0;0.0;0.0;0.0;0.0;0.0;21.85;10.1;13.69;43.85;9.68;12.86
338508;2024;Ilias Kostis;0.0;0.0;0.0;0.0;0.0;0.0;22.46;11.53;15.2;43.69;11.06;13.7
338508;2025;Ilias Kostis;0.0;0.0;0.0;0.0;0.0;0.0;24.41;12.5;15.81;44.26;12.28;15.22
338750;2023;Pau;0.0;0.0;0.0;0.0;0.0;0.0;21.85;10.1;13.69;43.85;9.68;12.86
338751;2024;Victor Muñoz;0.0;0.41;0.0;0.0;0.19;0.0;22.46;38.13;15.2;43.69;24.36;13.7
338751;2025;Victor Muñoz;2.52;2.91;1.51;0.0;7.22;6.63;94.56;76.4;59.12;44.26;92.94;98.97
338871;2025;Joan Ruiz;0.0;0.0;0.0;0.0;0.0;0.0;24.41;12.5;15.81;44.26;12.28;15.22
338872;2024;Jon Garcia;0.0;0.0;0.0;0.0;0.0;0.0;22.46;11.53;15.2;43.69;11.06;13.7
338900;2024;Leandro Antonetti;0.23;0.39;0.0;0.0;0.08;0.0;57.46;37.38;15.2;43.69;23.54;13.7
338902;2024;Andres Castrin;0.0;0.0;0.0;0.0;0.0;0.0;22.46;11.53;15.2;43.69;11.06;13.7
338902;2025;Andres Castrin;0.11;1.2;3.57;0.0;5.59;1.68;51.18;54.41;77.94;44.26;69.78;56.25
338958;2025;Roony Bardghji;1.4;2.31;0.26;0.0;4.23;3.99;86.99;69.71;37.06;44.26;51.47;88.31
339105;2022;Joel Roca;0.29;0.23;0.21;0.0;3.7;2.3;57.42;32.28;33.96;43.77;37.96;53.15
339105;2024;Joel Roca;0.0;0.0;0.0;0.0;0.0;0.0;22.46;11.53;15.2;43.69;11.06;13.7
339105;2025;Joel Roca;1.15;2.12;1.33;0.0;6.28;5.13;84.19;66.84;55.96;44.26;80.15;95.29
339804;2022;Manuel Cocca;0.0;0.0;0.0;0.0;0.0;0.0;21.22;10.43;14.57;43.77;10.71;13.59
340152;2023;Stanis Idumbo Muzambo;0.0;0.0;0.0;0.0;0.0;0.0;21.85;10.1;13.69;43.85;9.68;12.86
340152;2024;Stanis Idumbo Muzambo;0.26;0.86;0.86;0.0;4.74;2.82;59.7;48.1;48.51;43.69;46.07;67.64
340152;2025;Stanis Idumbo Muzambo;0.0;0.4;0.15;0.0;0.23;0.0;24.41;36.99;34.85;44.26;26.47;15.22
340154;2023;Arthur Vermeeren;0.0;0.6;0.76;0.0;1.34;0.03;21.85;41.63;45.23;43.85;26.28;27.25
340154;2024;Arthur Vermeeren;0.0;0.0;0.0;0.0;0.0;0.0;22.46;11.53;15.2;43.69;11.06;13.7
340279;2023;Vitor Roque;2.02;0.24;0.0;0.0;3.64;2.22;86.1;31.12;13.69;43.85;38.24;50.83
340279;2024;Vitor Roque;2.84;2.19;1.55;0.0;6.22;2.86;96.74;68.11;57.67;43.69;69.27;68.11
340626;2023;Fermín López;4.23;2.3;2.39;0.0;5.08;5.05;95.92;68.88;64.04;43.85;56.78;87.97
340626;2024;Fermín López;2.1;5.29;1.02;0.0;5.66;4.23;94.44;91.86;50.81;43.69;60.24;88.13
340626;2025;Fermín López;3.01;6.52;2.4;0.0;5.99;5.06;96.32;94.34;68.97;44.26;74.78;94.71
340726;2023;Stefan Leković;0.0;0.04;0.24;0.0;0.0;0.0;21.85;26.28;34.51;43.85;9.68;12.86
341371;2022;Rodrigo Mendoza;0.0;0.0;0.0;0.0;0.0;0.0;21.22;10.43;14.57;43.77;10.71;13.59
341371;2025;Rodrigo Mendoza;0.51;2.57;1.27;0.0;4.7;3.63;72.65;72.79;55.0;44.26;56.99;84.26
341453;2024;Oso;0.0;0.0;0.0;0.0;0.0;0.0;22.46;11.53;15.2;43.69;11.06;13.7
341453;2025;Oso;0.26;2.73;1.02;0.0;4.34;2.96;61.32;74.26;51.62;44.26;52.72;73.68
341640;2024;Raúl Asencio;0.09;2.6;3.69;0.0;7.39;3.98;49.19;73.27;80.12;43.69;88.87;85.07
341640;2025;Raúl Asencio;0.8;2.12;2.76;0.0;5.77;1.31;80.59;66.84;71.47;44.26;73.38;51.99
341700;2022;Iván Fresneda;0.0;2.51;4.28;0.0;6.23;3.55;21.22;71.71;85.57;43.77;73.6;70.31
343001;2024;Sebas Wade;0.0;0.0;0.0;0.0;0.0;0.0;22.46;11.53;15.2;43.69;11.06;13.7
343202;2022;Álvaro Rodriguez;0.86;1.05;0.45;0.0;2.09;0.0;75.49;49.93;40.97;43.77;29.55;13.59
343202;2023;Álvaro Rodriguez;0.0;0.0;0.0;0.0;0.29;0.54;21.85;10.1;13.69;43.85;21.72;35.96
343202;2024;Álvaro Rodriguez;1.08;0.72;0.65;0.0;8.07;3.78;85.01;45.12;44.1;43.69;95.39;81.89
343202;2025;Álvaro Rodriguez;2.53;5.16;0.89;0.0;7.92;5.41;94.71;90.0;48.53;44.26;97.5;96.47
343205;2022;Mario Martín;0.0;0.0;0.0;0.0;0.0;0.0;21.22;10.43;14.57;43.77;10.71;13.59
343205;2023;Mario Martín;0.0;0.08;1.36;0.0;2.09;0.06;21.85;27.94;54.36;43.85;29.39;30.01
343205;2024;Mario Martín;0.91;2.25;5.18;0.0;7.87;4.38;82.16;68.93;89.82;43.69;93.76;89.82
343205;2025;Mario Martín;0.92;1.64;3.59;0.0;7.89;3.02;81.99;60.29;78.16;44.26;97.35;74.63
343684;2024;Thierno Barry;3.11;3.48;0.69;0.0;8.25;3.8;97.42;81.48;44.98;43.69;97.15;82.23
344745;2023;Rachad Dhimi;0.0;0.4;0.24;0.0;1.49;0.0;21.85;35.34;34.51;43.85;27.04;12.86
347877;2022;Curro Muñoz;0.0;0.0;0.0;0.0;0.0;0.0;21.22;10.43;14.57;43.77;10.71;13.59
347885;2024;Marcos Fernández;0.0;0.0;0.0;0.0;0.0;0.0;22.46;11.53;15.2;43.69;11.06;13.7
347886;2022;Félix Garreta;0.0;0.1;0.68;0.0;1.12;0.05;21.22;29.48;45.38;43.77;26.33;31.37
348029;2023;Dimitrios Stamatakis;0.0;0.0;0.0;4.5;0.0;0.0;21.85;10.1;13.69;91.29;9.68;12.86
348029;2024;Dimitrios Stamatakis;0.0;0.0;0.0;4.0;0.0;0.0;22.46;11.53;15.2;91.45;11.06;13.7
348029;2025;Dimitrios Stamatakis;0.0;0.0;0.0;4.0;0.0;0.0;24.41;12.5;15.81;92.13;12.28;15.22
348326;2023;Martín Tejón;0.0;0.0;0.0;0.0;0.0;0.0;21.85;10.1;13.69;43.85;9.68;12.86
348326;2024;Martín Tejón;0.21;0.43;0.35;0.0;2.71;1.65;55.77;38.74;38.33;43.69;32.97;49.53
348328;2022;Jesus Lopez;0.0;0.0;0.0;3.5;0.0;0.0;21.22;10.43;14.57;90.76;10.71;13.59
348329;2022;Pablo Ramirez;0.0;0.0;0.0;0.0;0.0;0.0;21.22;10.43;14.57;43.77;10.71;13.59
348539;2022;Unai Hernández;0.0;0.0;0.0;0.0;0.0;0.0;21.22;10.43;14.57;43.77;10.71;13.59
348539;2023;Unai Hernández;0.0;0.0;0.0;0.0;0.0;0.0;21.85;10.1;13.69;43.85;9.68;12.86
348885;2023;Jeremy Jorge;0.0;0.0;0.0;0.0;0.0;0.0;21.85;10.1;13.69;43.85;9.68;12.86
349046;2023;Carles Garrido;0.0;0.0;0.0;0.0;0.0;0.0;21.85;10.1;13.69;43.85;9.68;12.86
349063;2024;Luken Beitia;0.0;0.01;0.23;0.0;1.58;0.0;22.46;23.81;35.62;43.69;28.63;13.7
349063;2025;Luken Beitia;0.0;0.0;0.0;0.0;0.0;0.0;24.41;12.5;15.81;44.26;12.28;15.22
349397;2022;Wassim Keddari;0.0;0.07;0.69;0.0;2.42;0.0;21.22;28.78;45.8;43.77;30.53;13.59
349561;2021;Ferrán Quetglas;0.0;0.0;0.0;1.5;0.0;0.0;21.72;10.86;14.28;90.75;10.99;13.4
350037;2022;Nico Paz;0.0;0.0;0.0;0.0;0.0;0.0;21.22;10.43;14.57;43.77;10.71;13.59
350037;2023;Nico Paz;0.0;0.09;0.19;0.0;0.99;0.0;21.85;28.35;32.02;43.85;24.62;12.86
350073;2021;Marcos Fernández;0.0;0.0;0.0;0.0;0.0;0.0;21.72;10.86;14.28;43.97;10.99;13.4
350073;2022;Marcos Fernández;0.0;0.0;0.0;0.0;0.0;0.0;21.22;10.43;14.57;43.77;10.71;13.59
350073;2023;Marcos Fernández;0.0;0.0;0.0;0.0;0.0;0.0;21.85;10.1;13.69;43.85;9.68;12.86
350363;2021;Oscar Medina;0.0;0.0;0.0;0.5;0.0;0.0;21.72;10.86;14.28;88.87;10.99;13.4
350364;2021;Iván Sanz;0.0;0.0;0.0;0.5;0.0;0.0;21.72;10.86;14.28;88.87;10.99;13.4
351127;2023;Xavier Pleguezuelo;0.0;0.0;0.0;0.0;0.0;0.0;21.85;10.1;13.69;43.85;9.68;12.86
351127;2024;Xavier Pleguezuelo;0.0;0.0;0.0;0.0;0.0;0.0;22.46;11.53;15.2;43.69;11.06;13.7
351131;2023;Dani Pérez;0.0;0.0;0.0;0.0;0.0;0.0;21.85;10.1;13.69;43.85;9.68;12.86
351131;2025;Dani Pérez;0.0;0.01;0.0;0.0;1.1;0.63;24.41;25.44;15.81;44.26;30.59;41.76
351235;2022;Kikín;0.0;0.0;0.0;0.0;0.0;0.0;21.22;10.43;14.57;43.77;10.71;13.59
351587;2025;Tani Oluwaseyi;1.4;1.25;0.52;0.0;4.12;3.35;86.99;55.29;42.65;44.26;49.78;80.07
351874;2024;Luca Lohr;0.0;0.0;0.0;0.0;0.0;0.0;22.46;11.53;15.2;43.69;11.06;13.7
351913;2024;Jones El-Abdellaoui;0.0;0.0;0.0;0.0;0.0;0.0;22.46;11.53;15.2;43.69;11.06;13.7
351913;2025;Jones El-Abdellaoui;0.77;1.17;0.23;0.0;3.47;3.17;79.56;53.75;36.4;44.26;43.53;77.35
352854;2024;Guillermo Ruiz;0.0;0.0;0.0;0.5;0.0;0.0;22.46;11.53;15.2;88.2;11.06;13.7
352859;2024;Guillem Trilla;0.0;0.0;0.0;0.0;0.0;0.0;22.46;11.53;15.2;43.69;11.06;13.7
352905;2022;Marciano Sanca;0.0;0.0;0.0;0.0;0.0;0.0;21.22;10.43;14.57;43.77;10.71;13.59
352905;2023;Marciano Sanca;0.0;0.36;0.0;0.0;2.5;0.0;21.85;33.68;13.69;43.85;31.33;12.86
353444;2024;Daouda Doumbia;0.0;0.0;0.0;0.0;0.0;0.0;22.46;11.53;15.2;43.69;11.06;13.7
353463;2023;Moussa Diakité;0.0;0.0;0.0;0.0;0.03;0.0;21.85;10.1;13.69;43.85;20.12;12.86
353634;2025;Alex Lebarbier;0.0;0.0;0.0;0.0;0.0;0.0;24.41;12.5;15.81;44.26;12.28;15.22
353865;2021;Victor Wehbi Aznar;0.0;0.0;0.0;0.5;0.0;0.0;21.72;10.86;14.28;88.87;10.99;13.4
353865;2022;Victor Wehbi Aznar;0.0;0.0;0.0;1.5;0.0;0.0;21.22;10.43;14.57;89.64;10.71;13.59
354550;2023;Bruno Alemán;0.0;0.0;0.0;0.5;0.0;0.0;21.85;10.1;13.69;88.38;9.68;12.86
354762;2024;Iker Varela;0.0;0.0;0.0;0.0;0.0;0.0;22.46;11.53;15.2;43.69;11.06;13.7
355004;2025;Valentín Gómez;0.55;1.79;5.54;0.0;6.53;4.14;73.68;61.76;90.22;44.26;83.6;89.56
355327;2024;Jose Luis Catala;0.0;0.0;0.0;0.0;0.0;0.0;22.46;11.53;15.2;43.69;11.06;13.7
358431;2023;Nobel Mendy;0.0;0.0;0.0;0.0;0.0;0.0;21.85;10.1;13.69;43.85;9.68;12.86
358431;2024;Nobel Mendy;0.0;0.12;0.62;0.0;2.57;0.04;22.46;30.94;43.28;43.69;31.95;31.14
358431;2025;Nobel Mendy;0.57;1.31;3.94;0.0;4.96;2.47;74.71;56.4;81.18;44.26;61.03;68.6
358628;2023;Samuel Omorodion;3.0;1.42;0.28;0.0;3.29;2.08;91.56;54.77;35.89;43.85;35.2;48.06
359603;2021;Luca Koleosho;0.0;0.01;0.0;0.0;0.1;0.0;21.72;22.72;14.28;43.97;23.26;13.4
359603;2022;Luca Koleosho;0.86;0.05;0.39;0.0;3.38;2.6;75.49;28.36;39.15;43.77;35.08;58.19
359603;2025;Luca Koleosho;0.0;0.3;0.31;0.0;2.53;2.4;24.41;34.85;37.65;44.26;36.32;67.79
360411;2024;Alberto Collado;0.0;0.0;0.0;0.0;0.0;0.0;22.46;11.53;15.2;43.69;11.06;13.7
361384;2024;Youssef Enriquez Lekhedim;0.0;0.0;0.0;0.0;0.0;0.0;22.46;11.53;15.2;43.69;11.06;13.7
361384;2025;Youssef Enriquez Lekhedim;0.2;1.63;1.86;0.0;4.49;2.07;56.76;59.93;63.46;44.26;54.63;62.79
361385;2023;Yarek Gasiorowski;0.0;0.13;3.27;0.0;5.26;0.95;21.85;29.46;72.27;43.85;60.44;37.21
361385;2024;Yarek Gasiorowski;0.0;0.64;3.11;0.0;6.2;0.03;22.46;43.42;75.98;43.69;68.79;29.58
361386;2024;Koke Iglesias;0.0;0.0;0.0;0.0;0.0;0.0;22.46;11.53;15.2;43.69;11.06;13.7
361497;2025;Dean Huijsen;0.77;5.23;5.47;0.0;7.12;1.37;79.56;90.15;89.26;44.26;91.84;52.65
364414;2021;Mario Dominguez;0.0;0.0;0.0;0.0;0.1;0.0;21.72;10.86;14.28;43.97;23.26;13.4
364414;2022;Mario Dominguez;0.0;0.0;0.0;0.0;0.0;0.0;21.22;10.43;14.57;43.77;10.71;13.59
364414;2023;Mario Dominguez;0.38;0.0;0.0;0.0;0.03;0.0;56.02;10.1;13.69;43.85;20.12;12.86
364415;2021;Yellu Santiago;0.0;0.08;0.34;0.0;1.14;0.06;21.72;28.62;37.8;43.97;26.94;30.7
364415;2022;Yellu Santiago;0.0;0.0;0.0;0.0;0.0;0.0;21.22;10.43;14.57;43.77;10.71;13.59
364415;2023;Yellu Santiago;0.81;1.38;1.75;0.0;5.11;2.22;68.74;54.08;58.85;43.85;57.26;50.83
364415;2024;Yellu Santiago;0.0;0.06;0.83;0.0;3.98;0.62;22.46;29.78;48.1;43.69;41.11;38.4
364416;2021;Jesus Lopez;0.0;0.0;0.0;0.5;0.0;0.0;21.72;10.86;14.28;88.87;10.99;13.4
364416;2022;Jesus Lopez;0.0;0.0;0.0;5.0;0.0;0.0;21.22;10.43;14.57;92.65;10.71;13.59
371912;2022;Dani Rodríguez;0.0;0.0;0.0;0.0;0.0;0.0;21.22;10.43;14.57;43.77;10.71;13.59
371912;2024;Dani Rodríguez;0.0;0.05;0.0;0.0;0.04;0.0;22.46;29.1;15.2;43.69;22.66;13.7
376416;2024;Hamza Bellari;0.0;0.0;0.0;0.0;0.0;0.0;22.46;11.53;15.2;43.69;11.06;13.7
377122;2024;Endrick;0.57;0.55;0.25;0.0;3.96;1.88;70.69;41.11;36.5;43.69;40.77;52.65
377122;2025;Endrick;0.0;0.0;0.0;0.0;2.35;1.17;24.41;12.5;15.81;44.26;35.59;49.93
377197;2022;Pablo Muñoz;0.0;0.0;0.0;0.0;0.82;0.05;21.22;10.43;14.57;43.77;24.79;31.37
377197;2023;Pablo Muñoz;0.0;0.0;0.0;0.0;0.0;0.0;21.85;10.1;13.69;43.85;9.68;12.86
377215;2024;Grégoire Swiderski;0.0;0.0;0.0;2.0;0.0;0.0;22.46;11.53;15.2;90.09;11.06;13.7
377215;2025;Grégoire Swiderski;0.0;0.0;0.0;2.5;0.0;0.0;24.41;12.5;15.81;91.69;12.28;15.22
377257;2024;Endika Buján;0.0;0.01;0.0;0.0;0.44;0.41;22.46;23.81;15.2;43.69;24.56;37.31
377257;2025;Endika Buján;0.0;0.0;0.0;0.0;0.0;0.0;24.41;12.5;15.81;44.26;12.28;15.22
378284;2022;Etta Eyong;0.0;0.0;0.0;0.0;0.0;0.0;21.22;10.43;14.57;43.77;10.71;13.59
378284;2023;Etta Eyong;0.0;0.0;0.24;0.0;0.2;0.0;21.85;10.1;34.51;43.85;21.3;12.86
378284;2024;Etta Eyong;0.77;0.0;0.0;0.0;2.28;0.04;78.7;11.53;15.2;43.69;30.8;31.14
378284;2025;Etta Eyong;2.34;2.68;2.08;0.0;4.44;1.74;94.12;73.82;66.32;44.26;54.12;57.13
381197;2023;Asier Osambela;0.0;0.01;0.47;0.0;1.0;0.0;21.85;22.06;38.59;43.85;24.76;12.86
381197;2024;Asier Osambela;0.0;0.0;0.0;0.0;0.0;0.0;22.46;11.53;15.2;43.69;11.06;13.7
381197;2025;Asier Osambela;0.33;0.51;0.84;0.0;3.71;0.0;63.53;41.76;47.94;44.26;46.18;15.22
381599;2023;Iñaki Rupérez;0.0;0.0;0.0;0.0;0.0;0.0;21.85;10.1;13.69;43.85;9.68;12.86
381599;2024;Iñaki Rupérez;0.0;0.0;0.0;0.0;0.0;0.0;22.46;11.53;15.2;43.69;11.06;13.7
383647;2023;Diego Kochen;0.0;0.0;0.0;5.0;0.0;0.0;21.85;10.1;13.69;93.15;9.68;12.86
383647;2024;Diego Kochen;0.0;0.0;0.0;5.0;0.0;0.0;22.46;11.53;15.2;93.28;11.06;13.7
383647;2025;Diego Kochen;0.0;0.0;0.0;5.0;0.0;0.0;24.41;12.5;15.81;94.34;12.28;15.22
383780;2023;Mikel Jauregizar;0.0;0.63;0.0;0.0;1.35;1.01;21.85;42.25;13.69;43.85;26.49;37.48
383780;2024;Mikel Jauregizar;0.77;3.52;6.58;0.0;8.12;4.27;78.7;81.95;95.39;43.69;96.2;88.67
383780;2025;Mikel Jauregizar;0.77;4.72;7.62;0.0;7.19;2.48;79.56;88.24;97.65;44.26;92.5;68.82
384135;2023;Javi Rodríguez;0.0;0.0;0.0;0.0;0.0;0.0;21.85;10.1;13.69;43.85;9.68;12.86
384135;2024;Javi Rodríguez;0.69;3.47;5.45;0.0;7.08;3.2;76.26;81.28;91.11;43.69;84.53;72.93
384135;2025;Javi Rodríguez;0.23;3.1;4.18;0.0;5.67;1.62;59.26;78.46;82.35;44.26;71.18;55.22
384266;2022;Wibuala Junior Bita;0.0;0.0;0.0;0.0;0.0;0.0;21.22;10.43;14.57;43.77;10.71;13.59
384267;2025;Ibon Sánchez;0.0;0.0;0.0;0.0;0.0;0.0;24.41;12.5;15.81;44.26;12.28;15.22
384273;2024;Julen Lartitegi;0.0;0.0;0.0;0.0;0.0;0.0;22.46;11.53;15.2;43.69;11.06;13.7
385389;2024;Alex Gil;0.0;0.0;0.0;0.0;0.0;0.0;22.46;11.53;15.2;43.69;11.06;13.7
385405;2025;Omar Falah;0.0;0.02;0.0;0.0;0.03;0.0;24.41;26.62;15.81;44.26;25.22;15.22
386187;2024;Hugo Solozábal;0.0;0.0;0.0;0.0;0.0;0.0;22.46;11.53;15.2;43.69;11.06;13.7
386187;2025;Hugo Solozábal;0.0;0.02;0.0;0.0;0.07;0.0;24.41;26.62;15.81;44.26;25.81;15.22
386270;2023;Ibrahima Sow;0.0;0.0;0.0;0.0;0.0;0.0;21.85;10.1;13.69;43.85;9.68;12.86
386305;2023;Jacobo Ramón;0.0;0.0;0.0;0.0;0.0;0.0;21.85;10.1;13.69;43.85;9.68;12.86
386305;2024;Jacobo Ramón;0.44;0.41;1.37;0.0;5.14;0.03;67.03;38.13;55.36;43.69;52.78;29.58
386306;2025;César Palacios;0.0;0.0;0.0;0.0;0.0;0.0;24.41;12.5;15.81;44.26;12.28;15.22
386490;2023;Aristide Njalla;0.0;0.0;0.0;0.0;0.0;0.0;21.85;10.1;13.69;43.85;9.68;12.86
386491;2022;Jose Antonio de la Rosa;0.0;1.05;0.45;0.0;2.83;0.91;21.22;49.93;40.97;43.77;32.21;37.68
386491;2023;Jose Antonio de la Rosa;0.0;0.0;0.0;0.0;0.0;0.0;21.85;10.1;13.69;43.85;9.68;12.86
386828;2022;Lamine Yamal;0.29;0.04;0.0;0.0;0.11;0.0;57.42;27.8;14.57;43.77;23.04;13.59
386828;2023;Lamine Yamal;3.13;5.5;4.39;0.0;7.3;7.55;92.25;92.67;84.09;43.85;95.09;98.62
386828;2024;Lamine Yamal;4.29;10.0;3.29;0.0;9.75;10.0;99.05;99.53;77.27;43.69;99.8;100.0
386828;2025;Lamine Yamal;5.42;10.0;3.76;0.0;10.0;10.0;99.56;99.41;79.63;44.26;100.0;100.0
386849;2022;Abde Raihani;0.0;0.0;0.0;0.0;0.0;0.0;21.22;10.43;14.57;43.77;10.71;13.59
386849;2023;Abde Raihani;0.0;0.0;0.0;0.0;0.18;0.06;21.85;10.1;13.69;43.85;21.09;30.01
386850;2023;Adrián Niño;0.0;0.0;0.0;0.0;0.0;0.0;21.85;10.1;13.69;43.85;9.68;12.86
386850;2024;Adrián Niño;0.0;0.0;0.0;0.0;0.04;0.0;22.46;11.53;15.2;43.69;22.66;13.7
386859;2023;Hector Fort;0.0;1.35;0.62;0.0;2.53;1.96;21.85;53.46;41.08;43.85;31.67;46.82
386859;2024;Hector Fort;0.0;1.65;1.17;0.0;3.47;0.9;22.46;61.19;52.85;43.69;36.91;40.77
386859;2025;Hector Fort;1.38;3.1;2.99;0.0;4.96;3.49;86.62;78.46;73.53;44.26;61.03;82.72
386869;2025;Dani Martinez;0.0;0.0;0.0;0.0;0.0;0.0;24.41;12.5;15.81;44.26;12.28;15.22
386870;2025;Julio Díaz;0.0;0.0;0.0;0.0;0.0;0.0;24.41;12.5;15.81;44.26;12.28;15.22
386872;2022;Sergio Mestre;0.0;0.0;0.0;1.0;0.0;0.0;21.22;10.43;14.57;89.08;10.71;13.59
386872;2023;Sergio Mestre;0.0;0.0;0.0;0.5;0.0;0.0;21.85;10.1;13.69;88.38;9.68;12.86
386872;2024;Sergio Mestre;0.0;0.0;0.0;5.0;0.0;0.0;22.46;11.53;15.2;93.28;11.06;13.7
386872;2025;Sergio Mestre;0.0;0.0;0.0;5.0;0.0;0.0;24.41;12.5;15.81;94.34;12.28;15.22
387139;2025;Job Ochieng;0.0;0.0;0.0;0.0;0.0;0.0;24.41;12.5;15.81;44.26;12.28;15.22
387519;2024;Xavi Moreno;0.0;0.0;0.0;0.0;0.54;0.05;22.46;11.53;15.2;43.69;24.9;32.63
387530;2025;Carlos Ballestero;0.0;0.0;0.0;0.0;0.0;0.0;24.41;12.5;15.81;44.26;12.28;15.22
388032;2024;Carlos Guirao;0.0;0.05;0.97;0.0;0.8;0.22;22.46;29.1;50.34;43.69;26.05;36.64
388057;2024;Alex Almansa;0.0;0.0;0.0;0.0;0.0;0.0;22.46;11.53;15.2;43.69;11.06;13.7
388495;2025;Javier Hernandez;0.0;0.0;0.0;0.0;0.0;0.0;24.41;12.5;15.81;44.26;12.28;15.22
388871;2024;Chema Andrés;0.0;0.0;0.0;0.0;0.88;0.0;22.46;11.53;15.2;43.69;26.26;13.7
389600;2023;Jastin García;0.0;0.01;0.19;0.0;3.29;1.2;21.85;22.06;32.02;43.85;35.2;39.9
389600;2024;Jastin García;0.0;0.0;0.0;0.0;0.0;0.0;22.46;11.53;15.2;43.69;11.06;13.7
389602;2023;Iker Almena;0.0;0.0;0.0;0.0;0.0;0.0;21.85;10.1;13.69;43.85;9.68;12.86
389602;2024;Iker Almena;0.0;1.51;0.0;0.0;0.71;0.65;22.46;59.29;15.2;43.69;25.44;38.53
390742;2023;Joaquin Panichelli;0.47;0.51;0.55;0.0;4.85;0.14;59.06;38.04;39.76;43.85;53.11;33.54
390742;2024;Joaquin Panichelli;0.0;0.0;0.0;0.0;0.0;0.0;22.46;11.53;15.2;43.69;11.06;13.7
391131;2024;Dani Requena;0.0;0.02;0.0;0.0;0.0;0.0;22.46;25.85;15.2;43.69;11.06;13.7
391311;2023;Áron Yaakobishvili;0.0;0.0;0.0;0.5;0.0;0.0;21.85;10.1;13.69;88.38;9.68;12.86
391311;2024;Áron Yaakobishvili;0.0;0.0;0.0;1.5;0.0;0.0;22.46;11.53;15.2;89.55;11.06;13.7
391819;2025;Martin Pedroarena;0.0;0.0;0.0;0.0;0.0;0.0;24.41;12.5;15.81;44.26;12.28;15.22
391822;2024;Fer López;1.16;3.01;0.77;0.0;4.94;4.55;86.5;77.34;46.54;43.69;49.19;92.47
392270;2022;Marc Guiu;0.0;0.0;0.0;0.0;0.0;0.0;21.22;10.43;14.57;43.77;10.71;13.59
392270;2023;Marc Guiu;0.72;0.25;0.08;0.0;2.84;0.07;66.04;31.47;29.11;43.85;33.33;31.4
392455;2024;Germán García;0.0;0.0;0.0;3.0;0.0;0.0;22.46;11.53;15.2;90.84;11.06;13.7
392455;2025;Germán García;0.0;0.0;0.0;1.0;0.0;0.0;24.41;12.5;15.81;89.71;12.28;15.22
393198;2025;Salvi Esquivel;0.0;0.0;0.0;5.0;0.0;0.0;24.41;12.5;15.81;94.34;12.28;15.22
394573;2025;Adrian Liso;1.66;0.74;2.03;0.0;7.15;3.6;88.82;46.03;65.74;44.26;92.35;83.75
396475;2022;Fran González;0.0;0.0;0.0;0.5;0.0;0.0;21.22;10.43;14.57;88.1;10.71;13.59
396475;2023;Fran González;0.0;0.0;0.0;5.0;0.0;0.0;21.85;10.1;13.69;93.15;9.68;12.86
396475;2024;Fran González;0.0;0.01;0.0;4.84;0.0;0.0;22.46;23.81;15.2;91.86;11.06;13.7
396475;2025;Fran González;0.0;0.0;0.0;1.5;0.0;0.0;24.41;12.5;15.81;90.74;12.28;15.22
396623;2023;Pau Cubarsí;0.0;4.21;4.33;0.0;5.28;2.53;21.85;86.72;83.61;43.85;61.13;54.01
396623;2024;Pau Cubarsí;0.0;5.85;3.29;0.0;6.69;2.82;22.46;93.42;77.27;43.69;79.1;67.64
396623;2025;Pau Cubarsí;0.0;5.13;5.13;0.0;6.8;1.17;24.41;89.71;87.35;44.26;86.91;49.93
396624;2024;Sergi Domínguez;0.0;0.64;0.55;0.0;1.6;0.0;22.46;43.42;41.93;43.69;28.9;13.7
396630;2022;Pau Prim Coma;0.0;0.0;0.0;0.0;0.0;0.0;21.22;10.43;14.57;43.77;10.71;13.59
396630;2023;Pau Prim Coma;0.0;0.0;0.0;0.0;0.0;0.0;21.85;10.1;13.69;43.85;9.68;12.86
397941;2024;Min-su Kim;0.0;0.03;0.23;0.0;1.03;0.05;22.46;27.54;35.62;43.69;26.59;32.63
400901;2024;Rafael Fernández;0.0;0.0;0.0;0.5;0.0;0.0;22.46;11.53;15.2;88.2;11.06;13.7
400948;2023;Assane Diao;0.91;1.46;2.1;0.0;5.2;3.78;70.82;55.19;61.41;43.85;59.47;72.82
400948;2024;Assane Diao;0.39;2.49;0.45;0.0;4.27;1.03;65.6;72.12;39.01;43.69;42.94;43.01
401419;2023;Ander Sánchez;0.0;0.0;0.0;0.0;0.0;0.0;21.85;10.1;13.69;43.85;9.68;12.86
401983;2023;Vicent Abril;0.0;0.0;0.0;2.5;0.0;0.0;21.85;10.1;13.69;90.32;9.68;12.86
401983;2024;Vicent Abril;0.0;0.0;0.0;0.5;0.0;0.0;22.46;11.53;15.2;88.2;11.06;13.7
401983;2025;Vicent Abril;0.0;0.0;0.0;2.5;0.0;0.0;24.41;12.5;15.81;91.69;12.28;15.22
402168;2024;Arkaitz Mariezkurrena;1.49;0.61;0.22;0.0;2.89;2.16;90.43;42.67;34.67;43.69;33.38;56.78
402168;2025;Arkaitz Mariezkurrena;0.0;0.0;0.0;0.0;0.07;0.0;24.41;12.5;15.81;44.26;25.81;15.22
402280;2023;Antal Yaakobishvili;0.0;0.57;1.18;0.0;2.07;0.0;21.85;40.32;51.04;43.85;29.18;12.86
402280;2024;Antal Yaakobishvili;0.0;0.0;0.0;0.0;0.0;0.0;22.46;11.53;15.2;43.69;11.06;13.7
402281;2023;Silvi Clúa;0.0;0.02;0.47;0.0;0.89;0.0;21.85;24.48;38.59;43.85;24.0;12.86
402281;2024;Silvi Clúa;0.21;0.63;1.97;0.0;5.21;1.61;55.77;42.94;63.09;43.69;53.93;49.12
402580;2025;Marco Esteban;0.0;0.02;0.0;0.0;0.0;0.0;24.41;26.62;15.81;44.26;12.28;15.22
403241;2023;Gaizka García;0.0;0.0;0.0;1.0;0.0;0.0;21.85;10.1;13.69;89.21;9.68;12.86
403498;2023;Sergio Rodelas;0.0;1.47;0.49;0.0;1.1;0.46;21.85;55.33;39.0;43.85;25.03;35.41
403554;2024;Christantus Uche;1.54;4.79;2.66;0.0;9.69;4.54;91.18;90.09;71.44;43.69;99.59;92.13
403554;2025;Christantus Uche;0.69;2.24;0.34;0.0;2.97;2.05;77.21;68.01;38.97;44.26;38.9;62.43
403561;2025;Gorka  Carrera Zarranz;0.0;0.0;0.0;0.0;0.21;0.05;24.41;12.5;15.81;44.26;26.32;33.53
404415;2024;José Ángel López;0.0;0.0;0.0;0.0;0.0;0.0;22.46;11.53;15.2;43.69;11.06;13.7
404471;2024;Diego Martín;0.0;0.02;0.23;0.0;0.71;0.05;22.46;25.85;35.62;43.69;25.44;32.63
405073;2023;Jon Martin;0.0;0.01;0.0;0.0;1.22;0.0;21.85;22.06;13.69;43.85;25.45;12.86
405073;2024;Jon Martin;0.13;1.13;1.57;0.0;6.53;0.0;50.61;53.73;58.14;43.69;75.31;13.7
405073;2025;Jon Martin;0.13;1.5;5.37;0.0;7.26;3.27;53.6;58.01;88.75;44.26;93.09;78.6
405074;2025;Justin-Noel Kalumba;0.0;0.0;0.0;0.0;0.0;0.0;24.41;12.5;15.81;44.26;12.28;15.22
405719;2024;Sixtus Ogbuehi;0.0;0.0;0.0;0.0;0.0;0.0;22.46;11.53;15.2;43.69;11.06;13.7
406043;2024;Lucas Núñez;0.0;0.0;0.0;0.0;0.0;0.0;22.46;11.53;15.2;43.69;11.06;13.7
406043;2025;Lucas Núñez;0.0;0.0;0.0;0.0;0.0;0.0;24.41;12.5;15.81;44.26;12.28;15.22
406045;2025;Aimar Blázquez;0.0;0.0;0.0;0.0;0.0;0.0;24.41;12.5;15.81;44.26;12.28;15.22
406046;2025;Pablo López Gómez;0.0;0.0;0.0;0.0;0.0;0.0;24.41;12.5;15.81;44.26;12.28;15.22
406123;2024;Sergio Ruiz;0.0;0.0;0.0;0.0;0.0;0.0;22.46;11.53;15.2;43.69;11.06;13.7
406266;2024;Ali Fadal;0.0;0.0;0.0;0.0;0.0;0.0;22.46;11.53;15.2;43.69;11.06;13.7
407597;2025;Martín Krug;0.0;0.0;0.0;0.0;0.0;0.0;24.41;12.5;15.81;44.26;12.28;15.22
407677;2025;Iker Monreal Agundez;0.0;0.0;0.0;0.0;0.0;0.0;24.41;12.5;15.81;44.26;12.28;15.22
408320;2025;Jorge Cabello;0.0;0.17;1.56;0.0;4.82;2.01;24.41;31.62;60.15;44.26;58.68;61.4
410841;2025;Kazunari Kita;0.0;0.0;0.0;0.0;0.0;0.0;24.41;12.5;15.81;44.26;12.28;15.22
411424;2024;Jan Salas;0.0;0.05;0.46;0.0;5.29;0.1;22.46;29.1;39.62;43.69;54.55;35.82
411424;2025;Jan Salas;0.0;0.02;0.0;0.0;0.68;0.4;24.41;26.62;15.81;44.26;28.38;40.88
411702;2024;Pau Cabanes;0.37;0.74;0.88;0.0;4.51;2.3;64.72;45.73;48.85;43.69;44.5;58.48
411702;2025;Pau Cabanes;0.0;0.0;0.0;0.0;0.0;0.0;24.41;12.5;15.81;44.26;12.28;15.22
412699;2024;Alexis Olmedo;0.0;0.0;0.0;0.0;0.0;0.0;22.46;11.53;15.2;43.69;11.06;13.7
412704;2024;Noah Darvich;0.0;0.0;0.0;0.0;0.0;0.0;22.46;11.53;15.2;43.69;11.06;13.7
412737;2024;Raúl Jiménez Latorre;0.0;0.0;0.0;2.0;0.0;0.0;22.46;11.53;15.2;90.09;11.06;13.7
412738;2024;Dani Díaz;0.0;0.0;0.23;0.0;0.54;0.0;22.46;11.53;35.62;43.69;24.9;13.7
412738;2025;Dani Díaz;0.0;0.0;0.0;0.0;0.0;0.0;24.41;12.5;15.81;44.26;12.28;15.22
412739;2023;Fran Árbol;0.0;0.0;0.0;1.0;0.0;0.0;21.85;10.1;13.69;89.21;9.68;12.86
413502;2024;Mateo Flores;0.0;0.08;0.6;0.0;2.56;0.02;22.46;30.39;42.81;43.69;31.75;28.36
414359;2025;Vitor Reis;0.46;3.29;6.84;0.0;7.31;2.98;70.51;79.85;95.29;44.26;93.75;74.19
414385;2025;Claudio Echeverri;0.0;0.05;0.0;0.0;0.18;0.05;24.41;29.34;15.81;44.26;26.18;33.53
414409;2025;Juan Arango;0.0;0.0;0.0;0.0;1.39;1.5;24.41;12.5;15.81;44.26;32.57;54.12
417560;2025;Marcos Navarro;0.0;0.0;0.0;0.0;0.0;0.0;24.41;12.5;15.81;44.26;12.28;15.22
418188;2025;Mahamoud Barry;0.0;0.0;0.0;0.0;0.0;0.0;24.41;12.5;15.81;44.26;12.28;15.22
418944;2022;Marcos Pena;0.0;0.0;0.0;0.0;0.0;0.0;21.22;10.43;14.57;43.77;10.71;13.59
418944;2023;Marcos Pena;0.32;0.87;6.26;0.0;5.21;0.19;52.97;46.54;95.3;43.85;59.89;34.51
419912;2024;Omar Sadik;0.0;0.0;0.0;0.0;0.0;0.0;22.46;11.53;15.2;43.69;11.06;13.7
421044;2023;Iñigo Arguibide;0.0;0.0;0.24;0.0;0.89;0.0;21.85;10.1;34.51;43.85;24.0;12.86
421044;2024;Iñigo Arguibide;0.0;0.0;0.0;0.0;0.0;0.0;22.46;11.53;15.2;43.69;11.06;13.7
421044;2025;Iñigo Arguibide;0.0;0.42;1.13;0.0;1.84;0.0;24.41;38.16;52.79;44.26;33.68;15.22
421807;2025;Matias Moreno;0.0;1.14;6.18;0.0;6.06;1.55;24.41;53.16;92.79;44.26;75.66;54.41
428799;2025;Aleksa Puric;0.0;0.0;0.0;0.0;0.0;0.0;24.41;12.5;15.81;44.26;12.28;15.22
429553;2025;Mauro Echegoyen;0.0;0.0;0.0;0.0;0.0;0.0;24.41;12.5;15.81;44.26;12.28;15.22
429554;2024;Carlos Lumbreras;0.0;0.0;0.0;0.0;0.0;0.0;22.46;11.53;15.2;43.69;11.06;13.7
429757;2025;Pol Arnau;0.0;0.0;0.0;0.0;0.0;0.0;24.41;12.5;15.81;44.26;12.28;15.22
431160;2025;Theo Folgado;0.0;0.0;0.0;1.5;0.0;0.0;24.41;12.5;15.81;90.74;12.28;15.22
431890;2023;Juanma Herzog;1.28;0.49;0.85;0.0;4.25;1.26;77.46;37.21;46.54;43.85;44.19;41.49
431890;2024;Juanma Herzog;0.12;0.49;2.34;0.0;6.18;0.09;49.8;40.37;68.39;43.69;68.18;35.28
431921;2024;Adam Aznou;0.15;1.82;6.0;0.0;8.11;5.49;53.12;63.57;93.08;43.69;95.86;96.34
432080;2023;Jorge Benito;0.0;0.0;0.0;5.0;0.0;0.0;21.85;10.1;13.69;93.15;9.68;12.86
432080;2024;Jorge Benito;0.0;0.0;0.0;1.5;0.0;0.0;22.46;11.53;15.2;89.55;11.06;13.7
432080;2025;Jorge Benito;0.0;0.0;0.0;0.5;0.0;0.0;24.41;12.5;15.81;88.75;12.28;15.22
432476;2024;Vladyslav Krapyvtsov;0.0;0.06;0.0;6.32;0.0;0.0;22.46;29.78;15.2;96.2;11.06;13.7
432476;2025;Vladyslav Krapyvtsov;0.0;0.04;0.0;5.17;1.37;0.04;24.41;28.82;15.81;96.03;32.13;32.21
433395;2024;Álvaro Cortés;0.0;0.0;0.0;0.0;0.0;0.0;22.46;11.53;15.2;43.69;11.06;13.7
433396;2024;Marc Bernal;0.23;1.08;2.02;0.0;2.17;0.9;57.46;52.92;63.98;43.69;30.12;40.77
433396;2025;Marc Bernal;0.0;1.11;0.34;0.0;3.18;1.11;24.41;52.79;38.97;44.26;40.15;48.09
435552;2024;Pau Navarro;0.0;0.58;1.62;0.0;4.77;1.72;22.46;41.72;58.89;43.69;46.88;50.41
435552;2025;Pau Navarro;0.14;1.1;5.5;0.0;6.11;2.3;54.78;52.5;89.71;44.26;76.62;65.74
436202;2023;Eghosa Bello;0.0;0.0;0.0;0.0;0.0;0.0;21.85;10.1;13.69;43.85;9.68;12.86
437594;2025;Alex Costa;0.0;0.0;0.0;0.0;0.0;0.0;24.41;12.5;15.81;44.26;12.28;15.22
437600;2023;Paco Sanz;0.0;0.02;0.0;0.0;0.97;0.0;21.85;24.48;13.69;43.85;24.41;12.86
437637;2025;Mikel Santos;0.0;0.0;0.0;1.5;0.0;0.0;24.41;12.5;15.81;90.74;12.28;15.22
437643;2024;Peio Canales;0.0;1.22;0.45;0.0;3.32;2.05;22.46;55.02;39.01;43.69;36.02;54.88
438123;2025;Lamine Gueye;0.0;0.0;0.0;0.0;0.0;0.0;24.41;12.5;15.81;44.26;12.28;15.22
438131;2023;Egoitz Muñoz;0.0;0.0;0.0;0.0;0.0;0.0;21.85;10.1;13.69;43.85;9.68;12.86
438131;2024;Egoitz Muñoz;0.0;0.0;0.0;0.0;0.0;0.0;22.46;11.53;15.2;43.69;11.06;13.7
438131;2025;Egoitz Muñoz;0.0;0.0;0.0;0.0;0.0;0.0;24.41;12.5;15.81;44.26;12.28;15.22
438263;2025;Miguel Sierra;0.0;0.0;0.0;0.0;0.0;0.0;24.41;12.5;15.81;44.26;12.28;15.22
438284;2024;Rafael Bauza;0.0;0.06;0.63;0.0;3.33;0.95;22.46;29.78;43.76;43.69;36.23;41.59
438284;2025;Rafael Bauza;0.0;0.0;0.0;0.0;0.0;0.0;24.41;12.5;15.81;44.26;12.28;15.22
438293;2023;Alejandro Morata;0.0;0.0;0.0;0.0;0.0;0.0;21.85;10.1;13.69;43.85;9.68;12.86
439032;2023;Ruben Montero;0.0;0.0;0.0;2.5;0.0;0.0;21.85;10.1;13.69;90.32;9.68;12.86
439032;2025;Ruben Montero;0.0;0.0;0.0;0.5;0.0;0.0;24.41;12.5;15.81;88.75;12.28;15.22
439293;2025;Adam Boayar;0.38;0.26;0.31;0.0;2.93;0.97;66.84;33.97;37.65;44.26;38.6;45.66
439414;2023;Alejandro Herranz;0.0;0.0;0.0;0.0;0.0;0.0;21.85;10.1;13.69;43.85;9.68;12.86
439578;2023;David Otorbi;0.0;0.0;0.0;0.0;0.0;0.0;21.85;10.1;13.69;43.85;9.68;12.86
439578;2024;David Otorbi;0.0;0.0;0.0;0.0;0.0;0.0;22.46;11.53;15.2;43.69;11.06;13.7
439578;2025;David Otorbi;0.0;0.0;0.0;0.0;0.0;0.0;24.41;12.5;15.81;44.26;12.28;15.22
439614;2024;Iago Parente;0.0;0.48;0.0;0.0;0.76;0.05;22.46;40.09;15.2;43.69;25.92;32.63
439616;2023;Yassin Tallal;0.0;0.0;0.0;0.0;0.39;0.0;21.85;10.1;13.69;43.85;22.13;12.86
439616;2025;Yassin Tallal;0.0;0.0;0.0;0.0;0.0;0.0;24.41;12.5;15.81;44.26;12.28;15.22
439617;2024;Ismael Bekhoucha;0.0;0.02;0.57;0.0;3.86;1.91;22.46;25.85;42.13;43.69;40.23;53.46
439617;2025;Ismael Bekhoucha;0.0;0.96;1.27;0.0;3.61;1.91;24.41;50.29;55.0;44.26;45.22;59.49
439633;2025;Samu Becerra;0.0;0.26;0.0;0.0;0.02;0.0;24.41;33.97;15.81;44.26;24.63;15.22
439640;2025;Bema Sina;0.0;0.0;0.0;0.0;0.0;0.0;24.41;12.5;15.81;44.26;12.28;15.22
439700;2024;Enric Garcia;0.0;0.0;0.0;0.0;0.0;0.0;22.46;11.53;15.2;43.69;11.06;13.7
439709;2025;Antonio Salguero;0.0;0.0;0.0;0.0;0.0;0.0;24.41;12.5;15.81;44.26;12.28;15.22
439994;2023;Pablo Busto;0.0;0.44;0.47;0.0;1.97;1.03;21.85;35.96;38.59;43.85;28.91;37.83
439994;2024;Pablo Busto;0.0;0.0;0.0;0.0;0.0;0.0;22.46;11.53;15.2;43.69;11.06;13.7
440133;2024;Elías Romero;0.0;0.0;0.0;0.0;0.0;0.0;22.46;11.53;15.2;43.69;11.06;13.7
440339;2024;Adrián Arnu;0.0;0.01;0.17;0.0;3.35;0.07;22.46;23.81;34.06;43.69;36.5;34.12
440413;2023;Aingeru Olabarrieta;0.0;0.01;0.0;0.0;0.0;0.0;21.85;22.06;13.69;43.85;9.68;12.86
440413;2024;Aingeru Olabarrieta;0.0;0.02;0.23;0.0;0.7;0.35;22.46;25.85;35.62;43.69;25.17;37.11
440428;2024;Ander Izagirre;0.0;0.0;0.0;0.0;0.0;0.0;22.46;11.53;15.2;43.69;11.06;13.7
440735;2023;Yuzún Ley;0.0;0.0;0.0;0.0;0.0;0.0;21.85;10.1;13.69;43.85;9.68;12.86
440748;2023;Alvaro Killane;0.0;0.0;0.0;0.5;0.0;0.0;21.85;10.1;13.69;88.38;9.68;12.86
440748;2024;Alvaro Killane;0.0;0.0;0.0;5.0;0.0;0.0;22.46;11.53;15.2;93.28;11.06;13.7
441232;2024;Guillermo Fernández;0.0;0.0;0.0;0.0;0.0;0.0;22.46;11.53;15.2;43.69;11.06;13.7
441232;2025;Guillermo Fernández;0.0;0.0;0.0;0.0;0.0;0.0;24.41;12.5;15.81;44.26;12.28;15.22
441244;2024;Andrés Cuenca;0.0;0.0;0.0;0.0;0.0;0.0;22.46;11.53;15.2;43.69;11.06;13.7
441280;2024;Gerónimo Spina;0.0;0.0;0.0;0.0;0.0;0.0;22.46;11.53;15.2;43.69;11.06;13.7
441497;2024;Daniel Yañez;0.0;0.0;0.0;0.0;0.19;0.05;22.46;11.53;15.2;43.69;24.36;32.63
442058;2023;Álvaro García;0.0;0.0;0.0;0.0;0.0;0.0;21.85;10.1;13.69;43.85;9.68;12.86
442188;2024;Iker Cordoba;0.0;0.35;0.0;0.0;1.49;0.0;22.46;36.16;15.2;43.69;28.22;13.7
442861;2024;Aleksandar Andreev;0.0;0.0;0.0;0.5;0.0;0.0;22.46;11.53;15.2;88.2;11.06;13.7
442861;2025;Aleksandar Andreev;0.0;0.0;0.0;4.5;0.0;0.0;24.41;12.5;15.81;92.43;12.28;15.22
443152;2025;Cheli;0.0;0.0;0.0;0.0;0.0;0.0;24.41;12.5;15.81;44.26;12.28;15.22
443162;2024;Jesús Rodriguez;1.16;1.49;1.82;0.0;6.92;4.86;86.5;58.89;61.26;43.69;82.16;94.3
443163;2024;Pablo García;0.0;0.02;0.0;0.0;0.88;0.75;22.46;25.85;15.2;43.69;26.26;39.15
443163;2025;Pablo García;0.51;0.5;1.5;0.0;4.14;2.03;72.65;41.47;58.75;44.26;50.0;62.13
443593;2025;Edu Altozano;0.0;0.0;0.0;0.0;0.0;0.0;24.41;12.5;15.81;44.26;12.28;15.22
443668;2024;Rayane Belaid;0.0;0.0;0.0;0.0;0.0;0.0;22.46;11.53;15.2;43.69;11.06;13.7
443668;2025;Rayane Belaid;0.0;0.0;0.0;0.0;0.0;0.0;24.41;12.5;15.81;44.26;12.28;15.22
445881;2025;Lander Astiazaran;0.0;0.0;0.0;0.0;0.03;0.0;24.41;12.5;15.81;44.26;25.22;15.22
445973;2024;Toni Fernández;0.0;0.0;0.0;0.0;0.0;0.0;22.46;11.53;15.2;43.69;11.06;13.7
445973;2025;Toni Fernández;0.0;0.36;0.0;0.0;0.0;0.0;24.41;35.59;15.81;44.26;12.28;15.22
446061;2024;Landry Farré;0.0;0.0;0.0;0.0;0.0;0.0;22.46;11.53;15.2;43.69;11.06;13.7
448243;2025;Ali Houary;0.0;0.14;1.01;0.0;2.84;1.0;24.41;31.32;51.32;44.26;38.16;46.03
449058;2024;Omar Janneh;0.0;0.0;0.0;0.0;0.0;0.0;22.46;11.53;15.2;43.69;11.06;13.7
449063;2024;Alex Marchal;0.0;0.0;0.0;0.0;0.0;0.0;22.46;11.53;15.2;43.69;11.06;13.7
449063;2025;Alex Marchal;0.0;0.0;0.0;0.0;0.0;0.0;24.41;12.5;15.81;44.26;12.28;15.22
449249;2025;Franco Mastantuono;0.73;2.42;1.69;0.0;5.59;3.7;78.46;70.96;62.13;44.26;69.78;85.81
449509;2024;Abdulay Juma Bah;0.15;0.97;4.45;0.0;7.18;2.5;53.12;49.46;85.75;43.69;86.43;61.33
450497;2025;Carlos Espí;0.57;0.02;0.34;0.0;4.44;1.74;74.71;26.62;38.97;44.26;54.12;57.13
450562;2025;Cayetano;0.0;0.0;0.0;1.0;0.0;0.0;24.41;12.5;15.81;89.71;12.28;15.22
450714;2025;Ivan Corralejo;0.0;0.02;0.0;0.0;0.33;0.05;24.41;26.62;15.81;44.26;27.35;33.53
450716;2024;Roger Hinojo;0.0;0.02;0.0;0.0;0.06;0.0;22.46;25.85;15.2;43.69;23.2;13.7
450716;2025;Roger Hinojo;0.0;0.0;0.0;0.0;0.0;0.0;24.41;12.5;15.81;44.26;12.28;15.22
451311;2023;Rayane Belaid Khellil;0.0;0.0;0.0;0.0;0.0;0.0;21.85;10.1;13.69;43.85;9.68;12.86
451355;2024;Diego Aguado;0.0;0.0;0.0;0.0;0.0;0.0;22.46;11.53;15.2;43.69;11.06;13.7
451355;2025;Diego Aguado;0.0;0.0;0.0;0.0;0.0;0.0;24.41;12.5;15.81;44.26;12.28;15.22
451594;2025;Jano Monserrate;0.0;0.0;0.0;0.0;0.0;0.0;24.41;12.5;15.81;44.26;12.28;15.22
453885;2024;Aboubacar Bassinga;0.0;0.01;0.0;0.0;0.08;0.0;22.46;23.81;15.2;43.69;23.54;13.7
454491;2023;Djordjije Medenica;0.0;0.0;0.0;3.5;0.0;0.0;21.85;10.1;13.69;90.66;9.68;12.86
454491;2024;Djordjije Medenica;0.0;0.0;0.0;1.5;0.0;0.0;22.46;11.53;15.2;89.55;11.06;13.7
455356;2023;Daniel Budesca;0.0;0.0;0.0;0.0;0.0;0.0;21.85;10.1;13.69;43.85;9.68;12.86
455366;2024;Papa Ba;0.0;0.01;0.23;0.0;1.47;0.61;22.46;23.81;35.62;43.69;27.68;38.2
455366;2025;Papa Ba;0.0;0.0;0.0;0.0;0.0;0.0;24.41;12.5;15.81;44.26;12.28;15.22
456014;2024;Mario Rivas;0.0;0.0;0.0;0.0;0.0;0.0;22.46;11.53;15.2;43.69;11.06;13.7
456612;2023;Borja Vázquez;0.0;0.39;0.24;0.0;0.17;0.0;21.85;34.92;34.51;43.85;20.89;12.86
456619;2024;Manu González;0.0;0.0;0.0;4.0;0.0;0.0;22.46;11.53;15.2;91.45;11.06;13.7
456619;2025;Manu González;0.0;0.0;0.0;1.0;0.0;0.0;24.41;12.5;15.81;89.71;12.28;15.22
461502;2024;Llorenç Serred;0.0;0.0;0.0;0.5;0.0;0.0;22.46;11.53;15.2;88.2;11.06;13.7
461502;2025;Llorenç Serred;0.0;0.0;0.0;0.5;0.0;0.0;24.41;12.5;15.81;88.75;12.28;15.22
462277;2025;Iliesse Salhi;0.0;0.0;0.0;0.0;0.0;0.0;24.41;12.5;15.81;44.26;12.28;15.22
463279;2025;Paco Cortés;0.0;0.01;0.23;0.0;1.39;1.02;24.41;25.44;36.4;44.26;32.57;46.32
463280;2024;Alassane Diatta;0.0;0.0;0.0;0.0;0.0;0.0;22.46;11.53;15.2;43.69;11.06;13.7
463280;2025;Alassane Diatta;0.0;0.0;0.0;0.0;0.0;0.0;24.41;12.5;15.81;44.26;12.28;15.22
465838;2023;Alberto Risco;0.38;1.64;0.19;0.0;2.13;1.78;56.02;58.37;32.02;43.85;29.6;45.44
465838;2024;Alberto Risco;0.21;1.48;0.52;0.0;3.16;0.77;55.77;58.62;41.18;43.69;35.28;39.35
465838;2025;Alberto Risco;0.0;0.0;0.0;0.0;0.0;0.0;24.41;12.5;15.81;44.26;12.28;15.22
469405;2024;Sergio Lozano;0.0;0.0;0.0;0.0;0.0;0.0;22.46;11.53;15.2;43.69;11.06;13.7
469672;2025;Ibai Aguirre;0.0;0.0;0.0;0.0;0.0;0.0;24.41;12.5;15.81;44.26;12.28;15.22
471478;2025;Davinchi;0.23;0.99;3.88;0.0;4.95;3.38;59.26;50.74;80.51;44.26;60.66;80.81
477231;2025;Mawuli Mensah;0.0;0.0;0.0;0.0;0.0;0.0;24.41;12.5;15.81;44.26;12.28;15.22
478243;2024;Marco de las Sias;0.0;0.0;0.0;0.0;0.0;0.0;22.46;11.53;15.2;43.69;11.06;13.7
478243;2025;Marco de las Sias;0.0;0.0;0.0;0.0;0.0;0.0;24.41;12.5;15.81;44.26;12.28;15.22
478244;2025;Adrián Molina;0.0;0.0;0.0;5.0;0.0;0.0;24.41;12.5;15.81;94.34;12.28;15.22
481993;2024;Valentin Pezzolesi;0.0;0.0;0.0;0.0;0.0;0.0;22.46;11.53;15.2;43.69;11.06;13.7
482071;2024;Diego Ferrer;0.0;0.0;0.0;1.0;0.0;0.0;22.46;11.53;15.2;89.15;11.06;13.7
482071;2025;Diego Ferrer;0.0;0.0;0.0;1.0;0.0;0.0;24.41;12.5;15.81;89.71;12.28;15.22
482473;2024;Marc Domenech;0.21;0.9;0.29;0.0;3.96;0.95;55.77;48.64;37.11;43.69;40.77;41.59
482473;2025;Marc Domenech;0.0;0.85;0.4;0.0;3.3;0.84;24.41;48.38;40.0;44.26;41.1;43.24
484474;2025;Jean Ives Valou;0.0;0.0;0.0;0.0;0.0;0.0;24.41;12.5;15.81;44.26;12.28;15.22
486068;2024;Víctor Puig;0.0;0.0;0.0;0.5;0.0;0.0;22.46;11.53;15.2;88.2;11.06;13.7
486472;2024;Alvaro Garcia-Pascual;1.39;0.83;1.15;0.0;5.1;1.26;89.08;47.63;52.58;43.69;52.31;46.27
490779;2024;Víctor Valdepeñas;0.0;0.0;0.0;0.0;0.0;0.0;22.46;11.53;15.2;43.69;11.06;13.7
490779;2025;Víctor Valdepeñas;0.0;0.49;1.07;0.0;0.75;0.3;24.41;40.96;52.21;44.26;28.53;39.78
490848;2024;Sergio Vieira;0.0;0.17;0.28;0.0;2.59;0.97;22.46;32.02;36.7;43.69;32.29;42.2
491086;2025;Tomás Marqués;0.0;0.0;0.0;0.0;0.0;0.0;24.41;12.5;15.81;44.26;12.28;15.22
491087;2025;Dro Fernández;0.0;0.54;0.09;0.0;3.83;3.05;24.41;42.5;32.28;44.26;47.65;75.07
491091;2025;Sergio Esteban;0.0;0.0;0.0;0.0;0.0;0.0;24.41;12.5;15.81;44.26;12.28;15.22
491106;2025;Gilbert Jordana;0.0;0.0;0.0;0.0;0.0;0.0;24.41;12.5;15.81;44.26;12.28;15.22
491248;2025;Jan Virgili;1.01;7.2;1.39;0.0;6.42;5.79;83.09;96.32;57.21;44.26;81.99;97.43
491250;2025;Jofre Torrents;0.0;0.11;0.32;0.0;2.06;0.0;24.41;30.81;38.31;44.26;34.41;15.22
496425;2024;Lucas García;0.0;0.0;0.0;2.0;0.0;0.0;22.46;11.53;15.2;90.09;11.06;13.7
497515;2025;Albert Niculaesei;0.0;0.0;0.0;0.0;0.0;0.0;24.41;12.5;15.81;44.26;12.28;15.22
504605;2025;Nacho Pérez;0.0;0.0;0.0;0.0;0.0;0.0;24.41;12.5;15.81;44.26;12.28;15.22
504998;2024;Martin Cuellar;0.0;0.0;0.0;0.0;0.0;0.0;22.46;11.53;15.2;43.69;11.06;13.7
505100;2024;Israel Mora;0.0;0.0;0.0;5.0;0.0;0.0;22.46;11.53;15.2;93.28;11.06;13.7
506254;2024;Ibrahim Alani;0.0;0.26;3.09;0.0;2.73;0.7;22.46;33.58;75.51;43.69;33.11;38.74
508284;2025;Antonio Martínez;0.0;0.0;0.0;0.0;0.0;0.0;24.41;12.5;15.81;44.26;12.28;15.22
509470;2025;Thiago Pitarch;0.0;0.0;0.0;0.0;0.0;0.0;24.41;12.5;15.81;44.26;12.28;15.22
513776;2024;Yan Diomande;1.62;6.46;4.28;0.0;8.41;7.54;91.79;95.39;84.4;43.69;98.3;99.73
514913;2025;Hugo Lopez;0.0;0.0;0.0;0.0;0.0;0.0;24.41;12.5;15.81;44.26;12.28;15.22
522648;2024;José Carlos González;0.0;0.05;0.0;0.0;0.0;0.0;22.46;29.1;15.2;43.69;11.06;13.7
522649;2024;Arturo Rodríguez;0.0;0.01;0.0;0.0;0.08;0.0;22.46;23.81;15.2;43.69;23.54;13.7
543468;2025;Eder Aller;0.0;0.0;0.0;4.5;0.0;0.0;24.41;12.5;15.81;92.43;12.28;15.22
546798;2025;Miguel Sierra;0.23;0.04;0.92;0.0;3.66;1.82;59.26;28.82;48.75;44.26;45.66;58.01
546852;2025;Álex Sancris;0.57;2.24;0.85;0.0;4.09;2.43;74.71;68.01;48.16;44.26;49.26;68.24
546857;2025;Iker Muñoz;0.0;0.0;0.0;0.0;0.0;0.0;24.41;12.5;15.81;44.26;12.28;15.22
546872;2025;Alex Costa;0.0;0.0;0.0;0.0;0.0;0.0;24.41;12.5;15.81;44.26;12.28;15.22
546881;2025;Edu Altozano;0.0;0.0;0.0;0.0;0.0;0.0;24.41;12.5;15.81;44.26;12.28;15.22
548706;2025;Iker Luque;0.0;0.0;0.0;0.0;0.0;0.0;24.41;12.5;15.81;44.26;12.28;15.22
548734;2025;Carlos Maciá;0.0;0.11;1.42;0.0;2.5;0.75;24.41;30.81;57.87;44.26;36.18;42.72
548807;2025;Joselillo;0.0;0.0;0.0;0.0;0.0;0.0;24.41;12.5;15.81;44.26;12.28;15.22
548843;2025;Lorenzo Luchino;0.0;0.0;0.0;0.5;0.0;0.0;24.41;12.5;15.81;88.75;12.28;15.22
548853;2025;Darling Bladi;0.0;0.0;0.0;0.0;0.0;0.0;24.41;12.5;15.81;44.26;12.28;15.22
548867;2025;Taufik Seidu;0.0;0.0;0.0;0.0;0.0;0.0;24.41;12.5;15.81;44.26;12.28;15.22
551365;2025;Pablo López Gómez;0.0;0.0;0.0;0.0;0.0;0.0;24.41;12.5;15.81;44.26;12.28;15.22
551366;2025;Ángel Pérez;0.0;0.0;0.0;0.0;0.0;0.0;24.41;12.5;15.81;44.26;12.28;15.22
551459;2025;Lancinet Kourouma;0.0;0.01;0.0;0.0;0.88;0.05;24.41;25.44;15.81;44.26;29.56;33.53
551460;2025;Alberto Risco;0.0;0.0;0.0;0.0;0.0;0.0;24.41;12.5;15.81;44.26;12.28;15.22
551461;2025;Ruben Montero;0.0;0.0;0.0;2.0;0.0;0.0;24.41;12.5;15.81;91.25;12.28;15.22
551462;2025;Mykyta Aleksandrov;0.0;0.0;0.0;0.0;0.0;0.0;24.41;12.5;15.81;44.26;12.28;15.22
551463;2025;Javier Olaizola;0.0;0.0;0.0;0.0;0.0;0.0;24.41;12.5;15.81;44.26;12.28;15.22
553313;2025;Javier Sarasa;0.0;0.0;0.0;0.0;0.0;0.0;24.41;12.5;15.81;44.26;12.28;15.22
554287;2025;Angel Arcos;0.0;0.0;0.0;0.0;0.0;0.0;24.41;12.5;15.81;44.26;12.28;15.22
560905;2025;Jorge Cestero;0.0;0.0;0.0;0.0;0.0;0.0;24.41;12.5;15.81;44.26;12.28;15.22
560930;2025;Hugo Burcio;0.0;0.01;0.23;0.0;0.3;0.0;24.41;25.44;36.4;44.26;26.99;15.22
560954;2025;Asier Hierro;0.0;0.4;0.0;0.0;0.3;0.0;24.41;36.99;15.81;44.26;26.99;15.22
560978;2025;Eder Garcia;0.0;0.0;0.0;0.0;0.0;0.0;24.41;12.5;15.81;44.26;12.28;15.22
561033;2025;Joan Martínez;0.0;0.0;0.0;0.0;0.0;0.0;24.41;12.5;15.81;44.26;12.28;15.22
562472;2025;Diego Menendez;0.0;0.0;0.0;0.0;0.0;0.0;24.41;12.5;15.81;44.26;12.28;15.22
565586;2025;Diego Morcillo;0.0;0.01;0.0;0.0;0.76;0.05;24.41;25.44;15.81;44.26;28.68;33.53
568001;2025;Xavi Espart;0.0;0.0;0.0;0.0;0.0;0.0;24.41;12.5;15.81;44.26;12.28;15.22
568156;2025;Selton Sanchez;0.2;1.13;0.5;0.0;3.09;1.07;56.76;52.94;42.28;44.26;39.85;47.13
579244;2025;Juan Hernández;0.0;0.0;0.0;0.0;0.0;0.0;24.41;12.5;15.81;44.26;12.28;15.22
579287;2025;Kareem Tunde;0.23;0.81;1.24;0.0;2.32;0.95;59.26;47.57;53.68;44.26;35.0;45.29
579838;2025;Alejandro Mestanza;0.0;0.03;0.46;0.0;1.34;0.91;24.41;27.87;41.25;44.26;31.32;44.85
580677;2025;David Delgado;0.0;0.0;0.0;0.0;0.0;0.0;24.41;12.5;15.81;44.26;12.28;15.22
584165;2025;Alejandro Panach Olmo;0.0;0.0;0.0;0.0;0.0;0.0;24.41;12.5;15.81;44.26;12.28;15.22
600938;2025;Pablo Agudín;0.0;0.01;0.0;0.0;1.56;1.18;24.41;25.44;15.81;44.26;33.09;50.22
601891;2025;Ferran Gomez;0.0;0.0;0.0;0.0;0.0;0.0;24.41;12.5;15.81;44.26;12.28;15.22
609740;2025;Lucas Laso;0.0;0.0;0.0;0.0;0.0;0.0;24.41;12.5;15.81;44.26;12.28;15.22
609795;2025;Huseini Nakoha;0.0;0.0;0.0;0.0;0.0;0.0;24.41;12.5;15.81;44.26;12.28;15.22
623732;2025;Joel Fontanet Paredes;0.0;0.0;0.0;0.0;0.0;0.0;24.41;12.5;15.81;44.26;12.28;15.22
625636;2025;Jorge Montes;0.0;0.41;0.69;0.0;2.61;1.67;24.41;37.65;45.0;44.26;36.47;56.03
625744;2025;Izei Hernandez;0.0;0.0;0.0;0.0;0.0;0.0;24.41;12.5;15.81;44.26;12.28;15.22
626494;2025;Xanet Olaiz;0.0;0.0;0.0;0.0;0.0;0.0;24.41;12.5;15.81;44.26;12.28;15.22
631889;2025;Adrián Riquelme;0.0;0.0;0.0;0.0;0.0;0.0;24.41;12.5;15.81;44.26;12.28;15.22
635179;2025;Alex Sanchez;0.0;1.05;0.23;0.0;0.3;0.0;24.41;51.76;36.4;44.26;26.99;15.22
